,Unnamed: 0.1,Unnamed: 0,labeling_function,sub_task,model,head,replicate,k,score,value
0,0.0,0.0,lab_anemia,lab_anemia,count,gbm,0,-1,auroc,0.8136921147005429
1,1.0,1.0,lab_anemia,lab_anemia,count,gbm,0,-1,auprc,0.899468184839245
2,2.0,2.0,lab_anemia,lab_anemia,count,gbm,0,-1,brier,0.1559046592846442
3,3.0,3.0,lab_anemia,lab_anemia,count,gbm,0,1,auroc,0.4589618045263395
4,4.0,4.0,lab_anemia,lab_anemia,count,gbm,0,1,auprc,0.67032304409741
5,5.0,5.0,lab_anemia,lab_anemia,count,gbm,0,1,brier,0.4080550980452555
6,6.0,6.0,lab_anemia,lab_anemia,count,gbm,1,1,auroc,0.4589618045263395
7,7.0,7.0,lab_anemia,lab_anemia,count,gbm,1,1,auprc,0.67032304409741
8,8.0,8.0,lab_anemia,lab_anemia,count,gbm,1,1,brier,0.4080550980452555
9,9.0,9.0,lab_anemia,lab_anemia,count,gbm,2,1,auroc,0.4835351011471416
10,10.0,10.0,lab_anemia,lab_anemia,count,gbm,2,1,auprc,0.6805390116282419
11,11.0,11.0,lab_anemia,lab_anemia,count,gbm,2,1,brier,0.5366428316145792
12,12.0,12.0,lab_anemia,lab_anemia,count,gbm,3,1,auroc,0.5163432754659478
13,13.0,13.0,lab_anemia,lab_anemia,count,gbm,3,1,auprc,0.6952382286604637
14,14.0,14.0,lab_anemia,lab_anemia,count,gbm,3,1,brier,0.5617055333889704
15,15.0,15.0,lab_anemia,lab_anemia,count,gbm,4,1,auroc,0.5121289379187264
16,16.0,16.0,lab_anemia,lab_anemia,count,gbm,4,1,auprc,0.692589276256008
17,17.0,17.0,lab_anemia,lab_anemia,count,gbm,4,1,brier,0.4185772655954304
18,18.0,18.0,lab_anemia,lab_anemia,count,gbm,0,2,auroc,0.4854885974764273
19,19.0,19.0,lab_anemia,lab_anemia,count,gbm,0,2,auprc,0.6811373438113082
20,20.0,20.0,lab_anemia,lab_anemia,count,gbm,0,2,brier,0.3611443878357065
21,21.0,21.0,lab_anemia,lab_anemia,count,gbm,1,2,auroc,0.5117400533215419
22,22.0,22.0,lab_anemia,lab_anemia,count,gbm,1,2,auprc,0.6923949222505852
23,23.0,23.0,lab_anemia,lab_anemia,count,gbm,1,2,brier,0.3374360244588624
24,24.0,24.0,lab_anemia,lab_anemia,count,gbm,2,2,auroc,0.4998890940270091
25,25.0,25.0,lab_anemia,lab_anemia,count,gbm,2,2,auprc,0.6872535411190808
26,26.0,26.0,lab_anemia,lab_anemia,count,gbm,2,2,brier,0.5685516395743753
27,27.0,27.0,lab_anemia,lab_anemia,count,gbm,3,2,auroc,0.6127316548725814
28,28.0,28.0,lab_anemia,lab_anemia,count,gbm,3,2,auprc,0.7416359510310764
29,29.0,29.0,lab_anemia,lab_anemia,count,gbm,3,2,brier,0.3270924509830891
30,30.0,30.0,lab_anemia,lab_anemia,count,gbm,4,2,auroc,0.5121289379187264
31,31.0,31.0,lab_anemia,lab_anemia,count,gbm,4,2,auprc,0.692589276256008
32,32.0,32.0,lab_anemia,lab_anemia,count,gbm,4,2,brier,0.418577265595431
33,33.0,33.0,lab_anemia,lab_anemia,count,gbm,0,4,auroc,0.5461523679190518
34,34.0,34.0,lab_anemia,lab_anemia,count,gbm,0,4,auprc,0.7123864724748336
35,35.0,35.0,lab_anemia,lab_anemia,count,gbm,0,4,brier,0.5331969136215176
36,36.0,36.0,lab_anemia,lab_anemia,count,gbm,1,4,auroc,0.5391294935320269
37,37.0,37.0,lab_anemia,lab_anemia,count,gbm,1,4,auprc,0.7106631004476557
38,38.0,38.0,lab_anemia,lab_anemia,count,gbm,1,4,brier,0.4122409922237637
39,39.0,39.0,lab_anemia,lab_anemia,count,gbm,2,4,auroc,0.5639557163060638
40,40.0,40.0,lab_anemia,lab_anemia,count,gbm,2,4,auprc,0.7174746618490628
41,41.0,41.0,lab_anemia,lab_anemia,count,gbm,2,4,brier,0.3387159486587422
42,42.0,42.0,lab_anemia,lab_anemia,count,gbm,3,4,auroc,0.5525082339387205
43,43.0,43.0,lab_anemia,lab_anemia,count,gbm,3,4,auprc,0.7237315766616594
44,44.0,44.0,lab_anemia,lab_anemia,count,gbm,3,4,brier,0.4675864561792026
45,45.0,45.0,lab_anemia,lab_anemia,count,gbm,4,4,auroc,0.5579758203310168
46,46.0,46.0,lab_anemia,lab_anemia,count,gbm,4,4,auprc,0.7169147219100129
47,47.0,47.0,lab_anemia,lab_anemia,count,gbm,4,4,brier,0.3868619345495713
48,48.0,48.0,lab_anemia,lab_anemia,count,gbm,0,8,auroc,0.6309198058841079
49,49.0,49.0,lab_anemia,lab_anemia,count,gbm,0,8,auprc,0.7710785625673751
50,50.0,50.0,lab_anemia,lab_anemia,count,gbm,0,8,brier,0.3813350137870078
51,51.0,51.0,lab_anemia,lab_anemia,count,gbm,1,8,auroc,0.6178151884466003
52,52.0,52.0,lab_anemia,lab_anemia,count,gbm,1,8,auprc,0.7582074168825652
53,53.0,53.0,lab_anemia,lab_anemia,count,gbm,1,8,brier,0.4296954019965156
54,54.0,54.0,lab_anemia,lab_anemia,count,gbm,2,8,auroc,0.6269737827153704
55,55.0,55.0,lab_anemia,lab_anemia,count,gbm,2,8,auprc,0.7635036041789556
56,56.0,56.0,lab_anemia,lab_anemia,count,gbm,2,8,brier,0.4367337442654492
57,57.0,57.0,lab_anemia,lab_anemia,count,gbm,3,8,auroc,0.6453206264335315
58,58.0,58.0,lab_anemia,lab_anemia,count,gbm,3,8,auprc,0.7744833626118119
59,59.0,59.0,lab_anemia,lab_anemia,count,gbm,3,8,brier,0.4465741334046613
60,60.0,60.0,lab_anemia,lab_anemia,count,gbm,4,8,auroc,0.542131591820068
61,61.0,61.0,lab_anemia,lab_anemia,count,gbm,4,8,auprc,0.7197088111717541
62,62.0,62.0,lab_anemia,lab_anemia,count,gbm,4,8,brier,0.4308258425314907
63,63.0,63.0,lab_anemia,lab_anemia,count,gbm,0,12,auroc,0.6116620418296951
64,64.0,64.0,lab_anemia,lab_anemia,count,gbm,0,12,auprc,0.7559115496431879
65,65.0,65.0,lab_anemia,lab_anemia,count,gbm,0,12,brier,0.5058538692722212
66,66.0,66.0,lab_anemia,lab_anemia,count,gbm,1,12,auroc,0.614687051169598
67,67.0,67.0,lab_anemia,lab_anemia,count,gbm,1,12,auprc,0.7595526306491727
68,68.0,68.0,lab_anemia,lab_anemia,count,gbm,1,12,brier,0.4434980771326196
69,69.0,69.0,lab_anemia,lab_anemia,count,gbm,2,12,auroc,0.6365569661161186
70,70.0,70.0,lab_anemia,lab_anemia,count,gbm,2,12,auprc,0.7724997364626726
71,71.0,71.0,lab_anemia,lab_anemia,count,gbm,2,12,brier,0.4626034228854915
72,72.0,72.0,lab_anemia,lab_anemia,count,gbm,3,12,auroc,0.5953501405955484
73,73.0,73.0,lab_anemia,lab_anemia,count,gbm,3,12,auprc,0.7371347927727345
74,74.0,74.0,lab_anemia,lab_anemia,count,gbm,3,12,brier,0.3209756039348263
75,75.0,75.0,lab_anemia,lab_anemia,count,gbm,4,12,auroc,0.6869664834548375
76,76.0,76.0,lab_anemia,lab_anemia,count,gbm,4,12,auprc,0.7978680867809194
77,77.0,77.0,lab_anemia,lab_anemia,count,gbm,4,12,brier,0.3117771130561466
78,78.0,78.0,lab_anemia,lab_anemia,count,gbm,0,16,auroc,0.5008454553728053
79,79.0,79.0,lab_anemia,lab_anemia,count,gbm,0,16,auprc,0.70844908831734
80,80.0,80.0,lab_anemia,lab_anemia,count,gbm,0,16,brier,0.5676397467601693
81,81.0,81.0,lab_anemia,lab_anemia,count,gbm,1,16,auroc,0.6412005326513445
82,82.0,82.0,lab_anemia,lab_anemia,count,gbm,1,16,auprc,0.7778275713917104
83,83.0,83.0,lab_anemia,lab_anemia,count,gbm,1,16,brier,0.4138520036617056
84,84.0,84.0,lab_anemia,lab_anemia,count,gbm,2,16,auroc,0.6266627651519503
85,85.0,85.0,lab_anemia,lab_anemia,count,gbm,2,16,auprc,0.7711840828077443
86,86.0,86.0,lab_anemia,lab_anemia,count,gbm,2,16,brier,0.3219185803266405
87,87.0,87.0,lab_anemia,lab_anemia,count,gbm,3,16,auroc,0.652567337243378
88,88.0,88.0,lab_anemia,lab_anemia,count,gbm,3,16,auprc,0.7782777419206705
89,89.0,89.0,lab_anemia,lab_anemia,count,gbm,3,16,brier,0.3698158611742359
90,90.0,90.0,lab_anemia,lab_anemia,count,gbm,4,16,auroc,0.7017786587122086
91,91.0,91.0,lab_anemia,lab_anemia,count,gbm,4,16,auprc,0.8173341017607215
92,92.0,92.0,lab_anemia,lab_anemia,count,gbm,4,16,brier,0.409410654966973
93,93.0,93.0,lab_anemia,lab_anemia,count,gbm,0,24,auroc,0.5877176764894264
94,94.0,94.0,lab_anemia,lab_anemia,count,gbm,0,24,auprc,0.7545148782041653
95,95.0,95.0,lab_anemia,lab_anemia,count,gbm,0,24,brier,0.4263097288055179
96,96.0,96.0,lab_anemia,lab_anemia,count,gbm,1,24,auroc,0.6670708585467146
97,97.0,97.0,lab_anemia,lab_anemia,count,gbm,1,24,auprc,0.7839926089433206
98,98.0,98.0,lab_anemia,lab_anemia,count,gbm,1,24,brier,0.2865095012109659
99,99.0,99.0,lab_anemia,lab_anemia,count,gbm,2,24,auroc,0.601006304632241
100,100.0,100.0,lab_anemia,lab_anemia,count,gbm,2,24,auprc,0.7607887625110437
101,101.0,101.0,lab_anemia,lab_anemia,count,gbm,2,24,brier,0.3830741277270448
102,102.0,102.0,lab_anemia,lab_anemia,count,gbm,3,24,auroc,0.6699898473483928
103,103.0,103.0,lab_anemia,lab_anemia,count,gbm,3,24,auprc,0.8057956675713519
104,104.0,104.0,lab_anemia,lab_anemia,count,gbm,3,24,brier,0.3046749865082917
105,105.0,105.0,lab_anemia,lab_anemia,count,gbm,4,24,auroc,0.6919590524622914
106,106.0,106.0,lab_anemia,lab_anemia,count,gbm,4,24,auprc,0.8171506222967169
107,107.0,107.0,lab_anemia,lab_anemia,count,gbm,4,24,brier,0.3731874755122039
108,108.0,108.0,lab_anemia,lab_anemia,count,gbm,0,32,auroc,0.631238778960492
109,109.0,109.0,lab_anemia,lab_anemia,count,gbm,0,32,auprc,0.783976363706378
110,110.0,110.0,lab_anemia,lab_anemia,count,gbm,0,32,brier,0.3603494310297793
111,111.0,111.0,lab_anemia,lab_anemia,count,gbm,1,32,auroc,0.6683143784838904
112,112.0,112.0,lab_anemia,lab_anemia,count,gbm,1,32,auprc,0.79828228811535
113,113.0,113.0,lab_anemia,lab_anemia,count,gbm,1,32,brier,0.2592355354104919
114,114.0,114.0,lab_anemia,lab_anemia,count,gbm,2,32,auroc,0.6537623674175759
115,115.0,115.0,lab_anemia,lab_anemia,count,gbm,2,32,auprc,0.7889862783723292
116,116.0,116.0,lab_anemia,lab_anemia,count,gbm,2,32,brier,0.4153828970220952
117,117.0,117.0,lab_anemia,lab_anemia,count,gbm,3,32,auroc,0.7051536088139791
118,118.0,118.0,lab_anemia,lab_anemia,count,gbm,3,32,auprc,0.8249675285706601
119,119.0,119.0,lab_anemia,lab_anemia,count,gbm,3,32,brier,0.2806180345539083
120,120.0,120.0,lab_anemia,lab_anemia,count,gbm,4,32,auroc,0.6715665330245967
121,121.0,121.0,lab_anemia,lab_anemia,count,gbm,4,32,auprc,0.7897164468526128
122,122.0,122.0,lab_anemia,lab_anemia,count,gbm,4,32,brier,0.3470463013802308
123,123.0,123.0,lab_anemia,lab_anemia,count,gbm,0,48,auroc,0.712713764770925
124,124.0,124.0,lab_anemia,lab_anemia,count,gbm,0,48,auprc,0.8351206387275352
125,125.0,125.0,lab_anemia,lab_anemia,count,gbm,0,48,brier,0.2944809588979643
126,126.0,126.0,lab_anemia,lab_anemia,count,gbm,1,48,auroc,0.6763516058820305
127,127.0,127.0,lab_anemia,lab_anemia,count,gbm,1,48,auprc,0.7919292446270603
128,128.0,128.0,lab_anemia,lab_anemia,count,gbm,1,48,brier,0.2777432050699197
129,129.0,129.0,lab_anemia,lab_anemia,count,gbm,2,48,auroc,0.703506860967832
130,130.0,130.0,lab_anemia,lab_anemia,count,gbm,2,48,auprc,0.823044633034731
131,131.0,131.0,lab_anemia,lab_anemia,count,gbm,2,48,brier,0.2982714490807678
132,132.0,132.0,lab_anemia,lab_anemia,count,gbm,3,48,auroc,0.7113640316847478
133,133.0,133.0,lab_anemia,lab_anemia,count,gbm,3,48,auprc,0.828702128893225
134,134.0,134.0,lab_anemia,lab_anemia,count,gbm,3,48,brier,0.2974046792702051
135,135.0,135.0,lab_anemia,lab_anemia,count,gbm,4,48,auroc,0.7127475225610849
136,136.0,136.0,lab_anemia,lab_anemia,count,gbm,4,48,auprc,0.834070358413595
137,137.0,137.0,lab_anemia,lab_anemia,count,gbm,4,48,brier,0.2449329333577665
138,138.0,138.0,lab_anemia,lab_anemia,count,gbm,0,64,auroc,0.7112675742715753
139,139.0,139.0,lab_anemia,lab_anemia,count,gbm,0,64,auprc,0.8280136253818353
140,140.0,140.0,lab_anemia,lab_anemia,count,gbm,0,64,brier,0.2794159263001021
141,141.0,141.0,lab_anemia,lab_anemia,count,gbm,1,64,auroc,0.6978523657659383
142,142.0,142.0,lab_anemia,lab_anemia,count,gbm,1,64,auprc,0.8155927296796732
143,143.0,143.0,lab_anemia,lab_anemia,count,gbm,1,64,brier,0.3027025189510601
144,144.0,144.0,lab_anemia,lab_anemia,count,gbm,2,64,auroc,0.7082942210782366
145,145.0,145.0,lab_anemia,lab_anemia,count,gbm,2,64,auprc,0.8262532363639555
146,146.0,146.0,lab_anemia,lab_anemia,count,gbm,2,64,brier,0.2934502716420555
147,147.0,147.0,lab_anemia,lab_anemia,count,gbm,3,64,auroc,0.7114722871958752
148,148.0,148.0,lab_anemia,lab_anemia,count,gbm,3,64,auprc,0.8277413216331978
149,149.0,149.0,lab_anemia,lab_anemia,count,gbm,3,64,brier,0.2498232763944682
150,150.0,150.0,lab_anemia,lab_anemia,count,gbm,4,64,auroc,0.7142235622276234
151,151.0,151.0,lab_anemia,lab_anemia,count,gbm,4,64,auprc,0.8337861132490242
152,152.0,152.0,lab_anemia,lab_anemia,count,gbm,4,64,brier,0.3926390911743223
153,153.0,153.0,lab_anemia,lab_anemia,count,gbm,0,128,auroc,0.7323550505881886
154,154.0,154.0,lab_anemia,lab_anemia,count,gbm,0,128,auprc,0.842316113047761
155,155.0,155.0,lab_anemia,lab_anemia,count,gbm,0,128,brier,0.2640337457723368
156,156.0,156.0,lab_anemia,lab_anemia,count,gbm,1,128,auroc,0.7237407317242125
157,157.0,157.0,lab_anemia,lab_anemia,count,gbm,1,128,auprc,0.8353490358664857
158,158.0,158.0,lab_anemia,lab_anemia,count,gbm,1,128,brier,0.2867221034992363
159,159.0,159.0,lab_anemia,lab_anemia,count,gbm,2,128,auroc,0.730048978856771
160,160.0,160.0,lab_anemia,lab_anemia,count,gbm,2,128,auprc,0.8493454076595888
161,161.0,161.0,lab_anemia,lab_anemia,count,gbm,2,128,brier,0.2838525618291118
162,162.0,162.0,lab_anemia,lab_anemia,count,gbm,3,128,auroc,0.7291223201563944
163,163.0,163.0,lab_anemia,lab_anemia,count,gbm,3,128,auprc,0.8490413585438688
164,164.0,164.0,lab_anemia,lab_anemia,count,gbm,3,128,brier,0.2439102782256353
165,165.0,165.0,lab_anemia,lab_anemia,count,gbm,4,128,auroc,0.7395140897878523
166,166.0,166.0,lab_anemia,lab_anemia,count,gbm,4,128,auprc,0.8526123666312855
167,167.0,167.0,lab_anemia,lab_anemia,count,gbm,4,128,brier,0.2922383161920394
168,168.0,168.0,lab_anemia,lab_anemia,count,lr_lbfgs,0,-1,auroc,0.7393925695852863
169,169.0,169.0,lab_anemia,lab_anemia,count,lr_lbfgs,0,-1,auprc,0.8384030277834891
170,170.0,170.0,lab_anemia,lab_anemia,count,lr_lbfgs,0,-1,brier,0.1875182859359461
171,171.0,171.0,lab_anemia,lab_anemia,count,lr_lbfgs,0,1,auroc,0.3865266711925613
172,172.0,172.0,lab_anemia,lab_anemia,count,lr_lbfgs,0,1,auprc,0.617862755643823
173,173.0,173.0,lab_anemia,lab_anemia,count,lr_lbfgs,0,1,brier,0.2500531992703102
174,174.0,174.0,lab_anemia,lab_anemia,count,lr_lbfgs,1,1,auroc,0.4350794804929653
175,175.0,175.0,lab_anemia,lab_anemia,count,lr_lbfgs,1,1,auprc,0.6637087214036487
176,176.0,176.0,lab_anemia,lab_anemia,count,lr_lbfgs,1,1,brier,0.2500193344737942
177,177.0,177.0,lab_anemia,lab_anemia,count,lr_lbfgs,2,1,auroc,0.3343040583984867
178,178.0,178.0,lab_anemia,lab_anemia,count,lr_lbfgs,2,1,auprc,0.5998079676796038
179,179.0,179.0,lab_anemia,lab_anemia,count,lr_lbfgs,2,1,brier,0.2500834796302403
180,180.0,180.0,lab_anemia,lab_anemia,count,lr_lbfgs,3,1,auroc,0.6237160465895201
181,181.0,181.0,lab_anemia,lab_anemia,count,lr_lbfgs,3,1,auprc,0.7571665802604615
182,182.0,182.0,lab_anemia,lab_anemia,count,lr_lbfgs,3,1,brier,0.2499384339322076
183,183.0,183.0,lab_anemia,lab_anemia,count,lr_lbfgs,4,1,auroc,0.6180398654778821
184,184.0,184.0,lab_anemia,lab_anemia,count,lr_lbfgs,4,1,auprc,0.7536084016213611
185,185.0,185.0,lab_anemia,lab_anemia,count,lr_lbfgs,4,1,brier,0.2498742718323743
186,186.0,186.0,lab_anemia,lab_anemia,count,lr_lbfgs,0,2,auroc,0.4194801558964109
187,187.0,187.0,lab_anemia,lab_anemia,count,lr_lbfgs,0,2,auprc,0.6543188020078009
188,188.0,188.0,lab_anemia,lab_anemia,count,lr_lbfgs,0,2,brier,0.2500276283412467
189,189.0,189.0,lab_anemia,lab_anemia,count,lr_lbfgs,1,2,auroc,0.3964707776089147
190,190.0,190.0,lab_anemia,lab_anemia,count,lr_lbfgs,1,2,auprc,0.6182229101761578
191,191.0,191.0,lab_anemia,lab_anemia,count,lr_lbfgs,1,2,brier,0.250050678626527
192,192.0,192.0,lab_anemia,lab_anemia,count,lr_lbfgs,2,2,auroc,0.5018891196167266
193,193.0,193.0,lab_anemia,lab_anemia,count,lr_lbfgs,2,2,auprc,0.6925002830607538
194,194.0,194.0,lab_anemia,lab_anemia,count,lr_lbfgs,2,2,brier,0.2499810258191381
195,195.0,195.0,lab_anemia,lab_anemia,count,lr_lbfgs,3,2,auroc,0.6493766571835669
196,196.0,196.0,lab_anemia,lab_anemia,count,lr_lbfgs,3,2,auprc,0.7778581972154752
197,197.0,197.0,lab_anemia,lab_anemia,count,lr_lbfgs,3,2,brier,0.2637290410220489
198,198.0,198.0,lab_anemia,lab_anemia,count,lr_lbfgs,4,2,auroc,0.6062667436376017
199,199.0,199.0,lab_anemia,lab_anemia,count,lr_lbfgs,4,2,auprc,0.7452437190415026
200,200.0,200.0,lab_anemia,lab_anemia,count,lr_lbfgs,4,2,brier,0.2499032831443964
201,201.0,201.0,lab_anemia,lab_anemia,count,lr_lbfgs,0,4,auroc,0.5980710491625936
202,202.0,202.0,lab_anemia,lab_anemia,count,lr_lbfgs,0,4,auprc,0.7507704867195546
203,203.0,203.0,lab_anemia,lab_anemia,count,lr_lbfgs,0,4,brier,0.2499763672250101
204,204.0,204.0,lab_anemia,lab_anemia,count,lr_lbfgs,1,4,auroc,0.5828875836145737
205,205.0,205.0,lab_anemia,lab_anemia,count,lr_lbfgs,1,4,auprc,0.7450281893885512
206,206.0,206.0,lab_anemia,lab_anemia,count,lr_lbfgs,1,4,brier,0.2425399403612252
207,207.0,207.0,lab_anemia,lab_anemia,count,lr_lbfgs,2,4,auroc,0.5454413782566785
208,208.0,208.0,lab_anemia,lab_anemia,count,lr_lbfgs,2,4,auprc,0.7140080112851401
209,209.0,209.0,lab_anemia,lab_anemia,count,lr_lbfgs,2,4,brier,0.2499540231163514
210,210.0,210.0,lab_anemia,lab_anemia,count,lr_lbfgs,3,4,auroc,0.599431033269453
211,211.0,211.0,lab_anemia,lab_anemia,count,lr_lbfgs,3,4,auprc,0.7539944878718633
212,212.0,212.0,lab_anemia,lab_anemia,count,lr_lbfgs,3,4,brier,0.3160256612814895
213,213.0,213.0,lab_anemia,lab_anemia,count,lr_lbfgs,4,4,auroc,0.6144553204565233
214,214.0,214.0,lab_anemia,lab_anemia,count,lr_lbfgs,4,4,auprc,0.7492563375853185
215,215.0,215.0,lab_anemia,lab_anemia,count,lr_lbfgs,4,4,brier,0.2499208735095395
216,216.0,216.0,lab_anemia,lab_anemia,count,lr_lbfgs,0,8,auroc,0.6047270901347581
217,217.0,217.0,lab_anemia,lab_anemia,count,lr_lbfgs,0,8,auprc,0.7429572029451245
218,218.0,218.0,lab_anemia,lab_anemia,count,lr_lbfgs,0,8,brier,0.2499447132460665
219,219.0,219.0,lab_anemia,lab_anemia,count,lr_lbfgs,1,8,auroc,0.6013736347077465
220,220.0,220.0,lab_anemia,lab_anemia,count,lr_lbfgs,1,8,auprc,0.7507913464363019
221,221.0,221.0,lab_anemia,lab_anemia,count,lr_lbfgs,1,8,brier,0.3041466622658881
222,222.0,222.0,lab_anemia,lab_anemia,count,lr_lbfgs,2,8,auroc,0.6278676349852437
223,223.0,223.0,lab_anemia,lab_anemia,count,lr_lbfgs,2,8,auprc,0.7583599019209617
224,224.0,224.0,lab_anemia,lab_anemia,count,lr_lbfgs,2,8,brier,0.2499431197332826
225,225.0,225.0,lab_anemia,lab_anemia,count,lr_lbfgs,3,8,auroc,0.6398023779038569
226,226.0,226.0,lab_anemia,lab_anemia,count,lr_lbfgs,3,8,auprc,0.7672524058228074
227,227.0,227.0,lab_anemia,lab_anemia,count,lr_lbfgs,3,8,brier,0.2499303442559763
228,228.0,228.0,lab_anemia,lab_anemia,count,lr_lbfgs,4,8,auroc,0.620549540557948
229,229.0,229.0,lab_anemia,lab_anemia,count,lr_lbfgs,4,8,auprc,0.7587565038202102
230,230.0,230.0,lab_anemia,lab_anemia,count,lr_lbfgs,4,8,brier,0.2499302474084017
231,231.0,231.0,lab_anemia,lab_anemia,count,lr_lbfgs,0,12,auroc,0.6129645316197762
232,232.0,232.0,lab_anemia,lab_anemia,count,lr_lbfgs,0,12,auprc,0.7512524850236203
233,233.0,233.0,lab_anemia,lab_anemia,count,lr_lbfgs,0,12,brier,0.2527896486636246
234,234.0,234.0,lab_anemia,lab_anemia,count,lr_lbfgs,1,12,auroc,0.5835578195882272
235,235.0,235.0,lab_anemia,lab_anemia,count,lr_lbfgs,1,12,auprc,0.7394533224309785
236,236.0,236.0,lab_anemia,lab_anemia,count,lr_lbfgs,1,12,brier,0.4344304426548688
237,237.0,237.0,lab_anemia,lab_anemia,count,lr_lbfgs,2,12,auroc,0.5889825555859223
238,238.0,238.0,lab_anemia,lab_anemia,count,lr_lbfgs,2,12,auprc,0.7518332627084758
239,239.0,239.0,lab_anemia,lab_anemia,count,lr_lbfgs,2,12,brier,0.438191346462735
240,240.0,240.0,lab_anemia,lab_anemia,count,lr_lbfgs,3,12,auroc,0.6671220317905463
241,241.0,241.0,lab_anemia,lab_anemia,count,lr_lbfgs,3,12,auprc,0.7887176503914601
242,242.0,242.0,lab_anemia,lab_anemia,count,lr_lbfgs,3,12,brier,0.3310194586543336
243,243.0,243.0,lab_anemia,lab_anemia,count,lr_lbfgs,4,12,auroc,0.6427969801932147
244,244.0,244.0,lab_anemia,lab_anemia,count,lr_lbfgs,4,12,auprc,0.7734741686172595
245,245.0,245.0,lab_anemia,lab_anemia,count,lr_lbfgs,4,12,brier,0.438394712644463
246,246.0,246.0,lab_anemia,lab_anemia,count,lr_lbfgs,0,16,auroc,0.6163853567932343
247,247.0,247.0,lab_anemia,lab_anemia,count,lr_lbfgs,0,16,auprc,0.7542085187045918
248,248.0,248.0,lab_anemia,lab_anemia,count,lr_lbfgs,0,16,brier,0.2499526789308522
249,249.0,249.0,lab_anemia,lab_anemia,count,lr_lbfgs,1,16,auroc,0.6090614145651856
250,250.0,250.0,lab_anemia,lab_anemia,count,lr_lbfgs,1,16,auprc,0.7566900926578494
251,251.0,251.0,lab_anemia,lab_anemia,count,lr_lbfgs,1,16,brier,0.2747896329598175
252,252.0,252.0,lab_anemia,lab_anemia,count,lr_lbfgs,2,16,auroc,0.6176976050707264
253,253.0,253.0,lab_anemia,lab_anemia,count,lr_lbfgs,2,16,auprc,0.7627424361511194
254,254.0,254.0,lab_anemia,lab_anemia,count,lr_lbfgs,2,16,brier,0.4062714286123253
255,255.0,255.0,lab_anemia,lab_anemia,count,lr_lbfgs,3,16,auroc,0.6605770419373508
256,256.0,256.0,lab_anemia,lab_anemia,count,lr_lbfgs,3,16,auprc,0.795210796458744
257,257.0,257.0,lab_anemia,lab_anemia,count,lr_lbfgs,3,16,brier,0.2675157548752505
258,258.0,258.0,lab_anemia,lab_anemia,count,lr_lbfgs,4,16,auroc,0.659214260158963
259,259.0,259.0,lab_anemia,lab_anemia,count,lr_lbfgs,4,16,auprc,0.7772673940231383
260,260.0,260.0,lab_anemia,lab_anemia,count,lr_lbfgs,4,16,brier,0.4693466407577573
261,261.0,261.0,lab_anemia,lab_anemia,count,lr_lbfgs,0,24,auroc,0.6175364648314391
262,262.0,262.0,lab_anemia,lab_anemia,count,lr_lbfgs,0,24,auprc,0.7576776713763679
263,263.0,263.0,lab_anemia,lab_anemia,count,lr_lbfgs,0,24,brier,0.2487027742872068
264,264.0,264.0,lab_anemia,lab_anemia,count,lr_lbfgs,1,24,auroc,0.608759085123576
265,265.0,265.0,lab_anemia,lab_anemia,count,lr_lbfgs,1,24,auprc,0.7519507610872074
266,266.0,266.0,lab_anemia,lab_anemia,count,lr_lbfgs,1,24,brier,0.2677180247378704
267,267.0,267.0,lab_anemia,lab_anemia,count,lr_lbfgs,2,24,auroc,0.6423667413744251
268,268.0,268.0,lab_anemia,lab_anemia,count,lr_lbfgs,2,24,auprc,0.7862679259831873
269,269.0,269.0,lab_anemia,lab_anemia,count,lr_lbfgs,2,24,brier,0.3872309562079506
270,270.0,270.0,lab_anemia,lab_anemia,count,lr_lbfgs,3,24,auroc,0.6162493309355126
271,271.0,271.0,lab_anemia,lab_anemia,count,lr_lbfgs,3,24,auprc,0.7630121063069822
272,272.0,272.0,lab_anemia,lab_anemia,count,lr_lbfgs,3,24,brier,0.3669946176340501
273,273.0,273.0,lab_anemia,lab_anemia,count,lr_lbfgs,4,24,auroc,0.6545262108528055
274,274.0,274.0,lab_anemia,lab_anemia,count,lr_lbfgs,4,24,auprc,0.7785101242126424
275,275.0,275.0,lab_anemia,lab_anemia,count,lr_lbfgs,4,24,brier,0.3761873255741873
276,276.0,276.0,lab_anemia,lab_anemia,count,lr_lbfgs,0,32,auroc,0.6051656387327614
277,277.0,277.0,lab_anemia,lab_anemia,count,lr_lbfgs,0,32,auprc,0.7510292492916643
278,278.0,278.0,lab_anemia,lab_anemia,count,lr_lbfgs,0,32,brier,0.2479424174889985
279,279.0,279.0,lab_anemia,lab_anemia,count,lr_lbfgs,1,32,auroc,0.6043013632234074
280,280.0,280.0,lab_anemia,lab_anemia,count,lr_lbfgs,1,32,auprc,0.7456746861418843
281,281.0,281.0,lab_anemia,lab_anemia,count,lr_lbfgs,1,32,brier,0.4378557647294804
282,282.0,282.0,lab_anemia,lab_anemia,count,lr_lbfgs,2,32,auroc,0.6449883178124589
283,283.0,283.0,lab_anemia,lab_anemia,count,lr_lbfgs,2,32,auprc,0.7799399898788095
284,284.0,284.0,lab_anemia,lab_anemia,count,lr_lbfgs,2,32,brier,0.3581552558377319
285,285.0,285.0,lab_anemia,lab_anemia,count,lr_lbfgs,3,32,auroc,0.6860080494795072
286,286.0,286.0,lab_anemia,lab_anemia,count,lr_lbfgs,3,32,auprc,0.7979654135966785
287,287.0,287.0,lab_anemia,lab_anemia,count,lr_lbfgs,3,32,brier,0.2378370057521595
288,288.0,288.0,lab_anemia,lab_anemia,count,lr_lbfgs,4,32,auroc,0.6488784921107658
289,289.0,289.0,lab_anemia,lab_anemia,count,lr_lbfgs,4,32,auprc,0.7758083392748049
290,290.0,290.0,lab_anemia,lab_anemia,count,lr_lbfgs,4,32,brier,0.2788360817171538
291,291.0,291.0,lab_anemia,lab_anemia,count,lr_lbfgs,0,48,auroc,0.6228635134585748
292,292.0,292.0,lab_anemia,lab_anemia,count,lr_lbfgs,0,48,auprc,0.7674909315888824
293,293.0,293.0,lab_anemia,lab_anemia,count,lr_lbfgs,0,48,brier,0.2499782250255612
294,294.0,294.0,lab_anemia,lab_anemia,count,lr_lbfgs,1,48,auroc,0.6253245488144153
295,295.0,295.0,lab_anemia,lab_anemia,count,lr_lbfgs,1,48,auprc,0.7619935147247701
296,296.0,296.0,lab_anemia,lab_anemia,count,lr_lbfgs,1,48,brier,0.3179138140313348
297,297.0,297.0,lab_anemia,lab_anemia,count,lr_lbfgs,2,48,auroc,0.6355712075505625
298,298.0,298.0,lab_anemia,lab_anemia,count,lr_lbfgs,2,48,auprc,0.7721056940064486
299,299.0,299.0,lab_anemia,lab_anemia,count,lr_lbfgs,2,48,brier,0.2603758584078217
300,300.0,300.0,lab_anemia,lab_anemia,count,lr_lbfgs,3,48,auroc,0.6758432743997096
301,301.0,301.0,lab_anemia,lab_anemia,count,lr_lbfgs,3,48,auprc,0.7915820555617515
302,302.0,302.0,lab_anemia,lab_anemia,count,lr_lbfgs,3,48,brier,0.2389976149283675
303,303.0,303.0,lab_anemia,lab_anemia,count,lr_lbfgs,4,48,auroc,0.656581258462406
304,304.0,304.0,lab_anemia,lab_anemia,count,lr_lbfgs,4,48,auprc,0.7781701280514446
305,305.0,305.0,lab_anemia,lab_anemia,count,lr_lbfgs,4,48,brier,0.2733375687032244
306,306.0,306.0,lab_anemia,lab_anemia,count,lr_lbfgs,0,64,auroc,0.6443031373062379
307,307.0,307.0,lab_anemia,lab_anemia,count,lr_lbfgs,0,64,auprc,0.7729987695256532
308,308.0,308.0,lab_anemia,lab_anemia,count,lr_lbfgs,0,64,brier,0.2447937358755358
309,309.0,309.0,lab_anemia,lab_anemia,count,lr_lbfgs,1,64,auroc,0.6366122715490014
310,310.0,310.0,lab_anemia,lab_anemia,count,lr_lbfgs,1,64,auprc,0.7679286586544742
311,311.0,311.0,lab_anemia,lab_anemia,count,lr_lbfgs,1,64,brier,0.3120747095046584
312,312.0,312.0,lab_anemia,lab_anemia,count,lr_lbfgs,2,64,auroc,0.6458857746554348
313,313.0,313.0,lab_anemia,lab_anemia,count,lr_lbfgs,2,64,auprc,0.7789072435569974
314,314.0,314.0,lab_anemia,lab_anemia,count,lr_lbfgs,2,64,brier,0.2573873385202455
315,315.0,315.0,lab_anemia,lab_anemia,count,lr_lbfgs,3,64,auroc,0.6714957836469186
316,316.0,316.0,lab_anemia,lab_anemia,count,lr_lbfgs,3,64,auprc,0.7990683134332521
317,317.0,317.0,lab_anemia,lab_anemia,count,lr_lbfgs,3,64,brier,0.2388397935231315
318,318.0,318.0,lab_anemia,lab_anemia,count,lr_lbfgs,4,64,auroc,0.6626753808826513
319,319.0,319.0,lab_anemia,lab_anemia,count,lr_lbfgs,4,64,auprc,0.7824384787858096
320,320.0,320.0,lab_anemia,lab_anemia,count,lr_lbfgs,4,64,brier,0.2591365523453599
321,321.0,321.0,lab_anemia,lab_anemia,count,lr_lbfgs,0,128,auroc,0.6501472055375048
322,322.0,322.0,lab_anemia,lab_anemia,count,lr_lbfgs,0,128,auprc,0.7755141462827457
323,323.0,323.0,lab_anemia,lab_anemia,count,lr_lbfgs,0,128,brier,0.2438271099162801
324,324.0,324.0,lab_anemia,lab_anemia,count,lr_lbfgs,1,128,auroc,0.657890815004297
325,325.0,325.0,lab_anemia,lab_anemia,count,lr_lbfgs,1,128,auprc,0.7810926639224273
326,326.0,326.0,lab_anemia,lab_anemia,count,lr_lbfgs,1,128,brier,0.3594154335007556
327,327.0,327.0,lab_anemia,lab_anemia,count,lr_lbfgs,2,128,auroc,0.6678736912183725
328,328.0,328.0,lab_anemia,lab_anemia,count,lr_lbfgs,2,128,auprc,0.8035915122913844
329,329.0,329.0,lab_anemia,lab_anemia,count,lr_lbfgs,2,128,brier,0.2288861547899321
330,330.0,330.0,lab_anemia,lab_anemia,count,lr_lbfgs,3,128,auroc,0.6824504568968381
331,331.0,331.0,lab_anemia,lab_anemia,count,lr_lbfgs,3,128,auprc,0.806792524031462
332,332.0,332.0,lab_anemia,lab_anemia,count,lr_lbfgs,3,128,brier,0.2262136568558984
333,333.0,333.0,lab_anemia,lab_anemia,count,lr_lbfgs,4,128,auroc,0.6746746291503065
334,334.0,334.0,lab_anemia,lab_anemia,count,lr_lbfgs,4,128,auprc,0.7976551451730146
335,335.0,335.0,lab_anemia,lab_anemia,count,lr_lbfgs,4,128,brier,0.2540950094057338
336,336.0,336.0,lab_anemia,lab_anemia,count,rf,0,-1,auroc,0.7986060324732138
337,337.0,337.0,lab_anemia,lab_anemia,count,rf,0,-1,auprc,0.8906789157657335
338,338.0,338.0,lab_anemia,lab_anemia,count,rf,0,-1,brier,0.1641846695025684
339,339.0,339.0,lab_anemia,lab_anemia,count,rf,0,1,auroc,0.4495925800550577
340,340.0,340.0,lab_anemia,lab_anemia,count,rf,0,1,auprc,0.6646105791773549
341,341.0,341.0,lab_anemia,lab_anemia,count,rf,0,1,brier,0.2248775255781962
342,342.0,342.0,lab_anemia,lab_anemia,count,rf,1,1,auroc,0.4154955087638247
343,343.0,343.0,lab_anemia,lab_anemia,count,rf,1,1,auprc,0.6489250057114752
344,344.0,344.0,lab_anemia,lab_anemia,count,rf,1,1,brier,0.2333632533746023
345,345.0,345.0,lab_anemia,lab_anemia,count,rf,2,1,auroc,0.4376919464412717
346,346.0,346.0,lab_anemia,lab_anemia,count,rf,2,1,auprc,0.6568853850256864
347,347.0,347.0,lab_anemia,lab_anemia,count,rf,2,1,brier,0.2534824176768979
348,348.0,348.0,lab_anemia,lab_anemia,count,rf,3,1,auroc,0.6114867784052226
349,349.0,349.0,lab_anemia,lab_anemia,count,rf,3,1,auprc,0.750178128964945
350,350.0,350.0,lab_anemia,lab_anemia,count,rf,3,1,brier,0.3528210405143343
351,351.0,351.0,lab_anemia,lab_anemia,count,rf,4,1,auroc,0.5486053514565399
352,352.0,352.0,lab_anemia,lab_anemia,count,rf,4,1,auprc,0.7111240210994633
353,353.0,353.0,lab_anemia,lab_anemia,count,rf,4,1,brier,0.2749405898031123
354,354.0,354.0,lab_anemia,lab_anemia,count,rf,0,2,auroc,0.4983903049640818
355,355.0,355.0,lab_anemia,lab_anemia,count,rf,0,2,auprc,0.6980215230913348
356,356.0,356.0,lab_anemia,lab_anemia,count,rf,0,2,brier,0.234937150717909
357,357.0,357.0,lab_anemia,lab_anemia,count,rf,1,2,auroc,0.4013533287166364
358,358.0,358.0,lab_anemia,lab_anemia,count,rf,1,2,auprc,0.6245661135541345
359,359.0,359.0,lab_anemia,lab_anemia,count,rf,1,2,brier,0.2477710532198435
360,360.0,360.0,lab_anemia,lab_anemia,count,rf,2,2,auroc,0.3851877573288572
361,361.0,361.0,lab_anemia,lab_anemia,count,rf,2,2,auprc,0.6279648628199357
362,362.0,362.0,lab_anemia,lab_anemia,count,rf,2,2,brier,0.2867020892442611
363,363.0,363.0,lab_anemia,lab_anemia,count,rf,3,2,auroc,0.6016059088583691
364,364.0,364.0,lab_anemia,lab_anemia,count,rf,3,2,auprc,0.7337969909569029
365,365.0,365.0,lab_anemia,lab_anemia,count,rf,3,2,brier,0.2335599690482331
366,366.0,366.0,lab_anemia,lab_anemia,count,rf,4,2,auroc,0.6294081229054868
367,367.0,367.0,lab_anemia,lab_anemia,count,rf,4,2,auprc,0.7567154966775925
368,368.0,368.0,lab_anemia,lab_anemia,count,rf,4,2,brier,0.3586821356719112
369,369.0,369.0,lab_anemia,lab_anemia,count,rf,0,4,auroc,0.6162346966438742
370,370.0,370.0,lab_anemia,lab_anemia,count,rf,0,4,auprc,0.7497643404895047
371,371.0,371.0,lab_anemia,lab_anemia,count,rf,0,4,brier,0.2687966640873527
372,372.0,372.0,lab_anemia,lab_anemia,count,rf,1,4,auroc,0.5953624167809662
373,373.0,373.0,lab_anemia,lab_anemia,count,rf,1,4,auprc,0.7395012260058671
374,374.0,374.0,lab_anemia,lab_anemia,count,rf,1,4,brier,0.2291324477688935
375,375.0,375.0,lab_anemia,lab_anemia,count,rf,2,4,auroc,0.6121865808209608
376,376.0,376.0,lab_anemia,lab_anemia,count,rf,2,4,auprc,0.7602013211659774
377,377.0,377.0,lab_anemia,lab_anemia,count,rf,2,4,brier,0.2757993043017224
378,378.0,378.0,lab_anemia,lab_anemia,count,rf,3,4,auroc,0.6222832480423007
379,379.0,379.0,lab_anemia,lab_anemia,count,rf,3,4,auprc,0.7464792817184465
380,380.0,380.0,lab_anemia,lab_anemia,count,rf,3,4,brier,0.2278696586707936
381,381.0,381.0,lab_anemia,lab_anemia,count,rf,4,4,auroc,0.6148270344908805
382,382.0,382.0,lab_anemia,lab_anemia,count,rf,4,4,auprc,0.7498855720802268
383,383.0,383.0,lab_anemia,lab_anemia,count,rf,4,4,brier,0.2981012810592383
384,384.0,384.0,lab_anemia,lab_anemia,count,rf,0,8,auroc,0.6276429565781705
385,385.0,385.0,lab_anemia,lab_anemia,count,rf,0,8,auprc,0.7670241169119931
386,386.0,386.0,lab_anemia,lab_anemia,count,rf,0,8,brier,0.3137231775236676
387,387.0,387.0,lab_anemia,lab_anemia,count,rf,1,8,auroc,0.6498527868956432
388,388.0,388.0,lab_anemia,lab_anemia,count,rf,1,8,auprc,0.7830345820178474
389,389.0,389.0,lab_anemia,lab_anemia,count,rf,1,8,brier,0.2771241002254511
390,390.0,390.0,lab_anemia,lab_anemia,count,rf,2,8,auroc,0.6156907129068274
391,391.0,391.0,lab_anemia,lab_anemia,count,rf,2,8,auprc,0.7457361593807592
392,392.0,392.0,lab_anemia,lab_anemia,count,rf,2,8,brier,0.3341140916516207
393,393.0,393.0,lab_anemia,lab_anemia,count,rf,3,8,auroc,0.6621973085533148
394,394.0,394.0,lab_anemia,lab_anemia,count,rf,3,8,auprc,0.7823903888501309
395,395.0,395.0,lab_anemia,lab_anemia,count,rf,3,8,brier,0.2460717049264895
396,396.0,396.0,lab_anemia,lab_anemia,count,rf,4,8,auroc,0.6300658054717833
397,397.0,397.0,lab_anemia,lab_anemia,count,rf,4,8,auprc,0.7625626300176526
398,398.0,398.0,lab_anemia,lab_anemia,count,rf,4,8,brier,0.3378385349497034
399,399.0,399.0,lab_anemia,lab_anemia,count,rf,0,12,auroc,0.5909199159474088
400,400.0,400.0,lab_anemia,lab_anemia,count,rf,0,12,auprc,0.7372500810425192
401,401.0,401.0,lab_anemia,lab_anemia,count,rf,0,12,brier,0.3338201358438655
402,402.0,402.0,lab_anemia,lab_anemia,count,rf,1,12,auroc,0.6432103311742812
403,403.0,403.0,lab_anemia,lab_anemia,count,rf,1,12,auprc,0.7695217380072938
404,404.0,404.0,lab_anemia,lab_anemia,count,rf,1,12,brier,0.2594433947280227
405,405.0,405.0,lab_anemia,lab_anemia,count,rf,2,12,auroc,0.6766825187628692
406,406.0,406.0,lab_anemia,lab_anemia,count,rf,2,12,auprc,0.788376794340274
407,407.0,407.0,lab_anemia,lab_anemia,count,rf,2,12,brier,0.2618278957040094
408,408.0,408.0,lab_anemia,lab_anemia,count,rf,3,12,auroc,0.6941957932568206
409,409.0,409.0,lab_anemia,lab_anemia,count,rf,3,12,auprc,0.8122907831739016
410,410.0,410.0,lab_anemia,lab_anemia,count,rf,3,12,brier,0.2187303843177715
411,411.0,411.0,lab_anemia,lab_anemia,count,rf,4,12,auroc,0.6486659660678972
412,412.0,412.0,lab_anemia,lab_anemia,count,rf,4,12,auprc,0.7660630431346072
413,413.0,413.0,lab_anemia,lab_anemia,count,rf,4,12,brier,0.3273699595907489
414,414.0,414.0,lab_anemia,lab_anemia,count,rf,0,16,auroc,0.62482867649775
415,415.0,415.0,lab_anemia,lab_anemia,count,rf,0,16,auprc,0.7708886764385661
416,416.0,416.0,lab_anemia,lab_anemia,count,rf,0,16,brier,0.2488921289940153
417,417.0,417.0,lab_anemia,lab_anemia,count,rf,1,16,auroc,0.6712625808371951
418,418.0,418.0,lab_anemia,lab_anemia,count,rf,1,16,auprc,0.7934859864196474
419,419.0,419.0,lab_anemia,lab_anemia,count,rf,1,16,brier,0.2290087481729859
420,420.0,420.0,lab_anemia,lab_anemia,count,rf,2,16,auroc,0.6561693334889812
421,421.0,421.0,lab_anemia,lab_anemia,count,rf,2,16,auprc,0.774213352988775
422,422.0,422.0,lab_anemia,lab_anemia,count,rf,2,16,brier,0.2667225988129708
423,423.0,423.0,lab_anemia,lab_anemia,count,rf,3,16,auroc,0.7100831287474405
424,424.0,424.0,lab_anemia,lab_anemia,count,rf,3,16,auprc,0.8250128848008567
425,425.0,425.0,lab_anemia,lab_anemia,count,rf,3,16,brier,0.2110701087196063
426,426.0,426.0,lab_anemia,lab_anemia,count,rf,4,16,auroc,0.643321440076483
427,427.0,427.0,lab_anemia,lab_anemia,count,rf,4,16,auprc,0.7647184207538404
428,428.0,428.0,lab_anemia,lab_anemia,count,rf,4,16,brier,0.2677173609319921
429,429.0,429.0,lab_anemia,lab_anemia,count,rf,0,24,auroc,0.6426183790991443
430,430.0,430.0,lab_anemia,lab_anemia,count,rf,0,24,auprc,0.7817881432391766
431,431.0,431.0,lab_anemia,lab_anemia,count,rf,0,24,brier,0.2404494977980301
432,432.0,432.0,lab_anemia,lab_anemia,count,rf,1,24,auroc,0.683979471405864
433,433.0,433.0,lab_anemia,lab_anemia,count,rf,1,24,auprc,0.80525270560275
434,434.0,434.0,lab_anemia,lab_anemia,count,rf,1,24,brier,0.234255709836739
435,435.0,435.0,lab_anemia,lab_anemia,count,rf,2,24,auroc,0.6549416262086585
436,436.0,436.0,lab_anemia,lab_anemia,count,rf,2,24,auprc,0.7777995466734527
437,437.0,437.0,lab_anemia,lab_anemia,count,rf,2,24,brier,0.2687667440460837
438,438.0,438.0,lab_anemia,lab_anemia,count,rf,3,24,auroc,0.6634159383629007
439,439.0,439.0,lab_anemia,lab_anemia,count,rf,3,24,auprc,0.7908135487689397
440,440.0,440.0,lab_anemia,lab_anemia,count,rf,3,24,brier,0.2264671997248732
441,441.0,441.0,lab_anemia,lab_anemia,count,rf,4,24,auroc,0.642371878578992
442,442.0,442.0,lab_anemia,lab_anemia,count,rf,4,24,auprc,0.7731426466995643
443,443.0,443.0,lab_anemia,lab_anemia,count,rf,4,24,brier,0.2658988908950219
444,444.0,444.0,lab_anemia,lab_anemia,count,rf,0,32,auroc,0.6535073624437466
445,445.0,445.0,lab_anemia,lab_anemia,count,rf,0,32,auprc,0.7931700205014207
446,446.0,446.0,lab_anemia,lab_anemia,count,rf,0,32,brier,0.2305477421728304
447,447.0,447.0,lab_anemia,lab_anemia,count,rf,1,32,auroc,0.6704419151592179
448,448.0,448.0,lab_anemia,lab_anemia,count,rf,1,32,auprc,0.787345231752295
449,449.0,449.0,lab_anemia,lab_anemia,count,rf,1,32,brier,0.2649830625053735
450,450.0,450.0,lab_anemia,lab_anemia,count,rf,2,32,auroc,0.6633879038643844
451,451.0,451.0,lab_anemia,lab_anemia,count,rf,2,32,auprc,0.7886996173648485
452,452.0,452.0,lab_anemia,lab_anemia,count,rf,2,32,brier,0.2573229600871696
453,453.0,453.0,lab_anemia,lab_anemia,count,rf,3,32,auroc,0.7250592948835906
454,454.0,454.0,lab_anemia,lab_anemia,count,rf,3,32,auprc,0.8300367126885455
455,455.0,455.0,lab_anemia,lab_anemia,count,rf,3,32,brier,0.2096583808724189
456,456.0,456.0,lab_anemia,lab_anemia,count,rf,4,32,auroc,0.6593860160036166
457,457.0,457.0,lab_anemia,lab_anemia,count,rf,4,32,auprc,0.784082431618687
458,458.0,458.0,lab_anemia,lab_anemia,count,rf,4,32,brier,0.2579448979319127
459,459.0,459.0,lab_anemia,lab_anemia,count,rf,0,48,auroc,0.71590659931985
460,460.0,460.0,lab_anemia,lab_anemia,count,rf,0,48,auprc,0.8320938497087598
461,461.0,461.0,lab_anemia,lab_anemia,count,rf,0,48,brier,0.2113702341443842
462,462.0,462.0,lab_anemia,lab_anemia,count,rf,1,48,auroc,0.6712659797295042
463,463.0,463.0,lab_anemia,lab_anemia,count,rf,1,48,auprc,0.7889159949393934
464,464.0,464.0,lab_anemia,lab_anemia,count,rf,1,48,brier,0.2290032181717441
465,465.0,465.0,lab_anemia,lab_anemia,count,rf,2,48,auroc,0.6654004773582936
466,466.0,466.0,lab_anemia,lab_anemia,count,rf,2,48,auprc,0.7815584647883802
467,467.0,467.0,lab_anemia,lab_anemia,count,rf,2,48,brier,0.2262403920557132
468,468.0,468.0,lab_anemia,lab_anemia,count,rf,3,48,auroc,0.6956559356553434
469,469.0,469.0,lab_anemia,lab_anemia,count,rf,3,48,auprc,0.8103532301117262
470,470.0,470.0,lab_anemia,lab_anemia,count,rf,3,48,brier,0.2260857191986931
471,471.0,471.0,lab_anemia,lab_anemia,count,rf,4,48,auroc,0.70102850302423
472,472.0,472.0,lab_anemia,lab_anemia,count,rf,4,48,auprc,0.8206421550718752
473,473.0,473.0,lab_anemia,lab_anemia,count,rf,4,48,brier,0.2482372146097092
474,474.0,474.0,lab_anemia,lab_anemia,count,rf,0,64,auroc,0.7169556841813378
475,475.0,475.0,lab_anemia,lab_anemia,count,rf,0,64,auprc,0.8270127874959727
476,476.0,476.0,lab_anemia,lab_anemia,count,rf,0,64,brier,0.2251011559722058
477,477.0,477.0,lab_anemia,lab_anemia,count,rf,1,64,auroc,0.7000637920012734
478,478.0,478.0,lab_anemia,lab_anemia,count,rf,1,64,auprc,0.8246614749576551
479,479.0,479.0,lab_anemia,lab_anemia,count,rf,1,64,brier,0.2292882641217436
480,480.0,480.0,lab_anemia,lab_anemia,count,rf,2,64,auroc,0.7010952481614442
481,481.0,481.0,lab_anemia,lab_anemia,count,rf,2,64,auprc,0.8161376009499721
482,482.0,482.0,lab_anemia,lab_anemia,count,rf,2,64,brier,0.2216728777872246
483,483.0,483.0,lab_anemia,lab_anemia,count,rf,3,64,auroc,0.71402551982725
484,484.0,484.0,lab_anemia,lab_anemia,count,rf,3,64,auprc,0.8342297670518773
485,485.0,485.0,lab_anemia,lab_anemia,count,rf,3,64,brier,0.2195115387524661
486,486.0,486.0,lab_anemia,lab_anemia,count,rf,4,64,auroc,0.7005067410676237
487,487.0,487.0,lab_anemia,lab_anemia,count,rf,4,64,auprc,0.8209680132501933
488,488.0,488.0,lab_anemia,lab_anemia,count,rf,4,64,brier,0.2309486716533402
489,489.0,489.0,lab_anemia,lab_anemia,count,rf,0,128,auroc,0.7606826579929449
490,490.0,490.0,lab_anemia,lab_anemia,count,rf,0,128,auprc,0.8573184725506875
491,491.0,491.0,lab_anemia,lab_anemia,count,rf,0,128,brier,0.2019759903497951
492,492.0,492.0,lab_anemia,lab_anemia,count,rf,1,128,auroc,0.7291543981054254
493,493.0,493.0,lab_anemia,lab_anemia,count,rf,1,128,auprc,0.844882263096477
494,494.0,494.0,lab_anemia,lab_anemia,count,rf,1,128,brier,0.2123274870795479
495,495.0,495.0,lab_anemia,lab_anemia,count,rf,2,128,auroc,0.7343054947245629
496,496.0,496.0,lab_anemia,lab_anemia,count,rf,2,128,auprc,0.8467635531280294
497,497.0,497.0,lab_anemia,lab_anemia,count,rf,2,128,brier,0.2086753461805783
498,498.0,498.0,lab_anemia,lab_anemia,count,rf,3,128,auroc,0.7371493962787186
499,499.0,499.0,lab_anemia,lab_anemia,count,rf,3,128,auprc,0.8503861465962635
500,500.0,500.0,lab_anemia,lab_anemia,count,rf,3,128,brier,0.2036506852377267
501,501.0,501.0,lab_anemia,lab_anemia,count,rf,4,128,auroc,0.7219872568710283
502,502.0,502.0,lab_anemia,lab_anemia,count,rf,4,128,auprc,0.8380450470371957
503,503.0,503.0,lab_anemia,lab_anemia,count,rf,4,128,brier,0.2214843258690635
504,504.0,504.0,lab_anemia,lab_anemia,clmbr,lr_lbfgs,0,-1,auroc,0.9623305608158552
505,505.0,505.0,lab_anemia,lab_anemia,clmbr,lr_lbfgs,0,-1,auprc,0.9821985008702052
506,506.0,506.0,lab_anemia,lab_anemia,clmbr,lr_lbfgs,0,-1,brier,0.0697850341693531
507,507.0,507.0,lab_anemia,lab_anemia,clmbr,lr_lbfgs,0,1,auroc,0.6943372534900213
508,508.0,508.0,lab_anemia,lab_anemia,clmbr,lr_lbfgs,0,1,auprc,0.808291595582821
509,509.0,509.0,lab_anemia,lab_anemia,clmbr,lr_lbfgs,0,1,brier,0.2499953937012592
510,510.0,510.0,lab_anemia,lab_anemia,clmbr,lr_lbfgs,1,1,auroc,0.5262459279158296
511,511.0,511.0,lab_anemia,lab_anemia,clmbr,lr_lbfgs,1,1,auprc,0.695637243020273
512,512.0,512.0,lab_anemia,lab_anemia,clmbr,lr_lbfgs,1,1,brier,0.2499989139461775
513,513.0,513.0,lab_anemia,lab_anemia,clmbr,lr_lbfgs,2,1,auroc,0.5693754636846482
514,514.0,514.0,lab_anemia,lab_anemia,clmbr,lr_lbfgs,2,1,auprc,0.7150551866501637
515,515.0,515.0,lab_anemia,lab_anemia,clmbr,lr_lbfgs,2,1,brier,0.2499984053808799
516,516.0,516.0,lab_anemia,lab_anemia,clmbr,lr_lbfgs,3,1,auroc,0.7139671986599243
517,517.0,517.0,lab_anemia,lab_anemia,clmbr,lr_lbfgs,3,1,auprc,0.8267664537968964
518,518.0,518.0,lab_anemia,lab_anemia,clmbr,lr_lbfgs,3,1,brier,0.2499957551752653
519,519.0,519.0,lab_anemia,lab_anemia,clmbr,lr_lbfgs,4,1,auroc,0.7229305516393276
520,520.0,520.0,lab_anemia,lab_anemia,clmbr,lr_lbfgs,4,1,auprc,0.837415718891561
521,521.0,521.0,lab_anemia,lab_anemia,clmbr,lr_lbfgs,4,1,brier,0.2499921532350104
522,522.0,522.0,lab_anemia,lab_anemia,clmbr,lr_lbfgs,0,2,auroc,0.7777797762674494
523,523.0,523.0,lab_anemia,lab_anemia,clmbr,lr_lbfgs,0,2,auprc,0.873032443251971
524,524.0,524.0,lab_anemia,lab_anemia,clmbr,lr_lbfgs,0,2,brier,0.2499955526418091
525,525.0,525.0,lab_anemia,lab_anemia,clmbr,lr_lbfgs,1,2,auroc,0.6821969453444221
526,526.0,526.0,lab_anemia,lab_anemia,clmbr,lr_lbfgs,1,2,auprc,0.8037379144770961
527,527.0,527.0,lab_anemia,lab_anemia,clmbr,lr_lbfgs,1,2,brier,0.2499962874630782
528,528.0,528.0,lab_anemia,lab_anemia,clmbr,lr_lbfgs,2,2,auroc,0.5518949694811663
529,529.0,529.0,lab_anemia,lab_anemia,clmbr,lr_lbfgs,2,2,auprc,0.6982898977077951
530,530.0,530.0,lab_anemia,lab_anemia,clmbr,lr_lbfgs,2,2,brier,0.2500002739999247
531,531.0,531.0,lab_anemia,lab_anemia,clmbr,lr_lbfgs,3,2,auroc,0.7571316602656832
532,532.0,532.0,lab_anemia,lab_anemia,clmbr,lr_lbfgs,3,2,auprc,0.8624695531865942
533,533.0,533.0,lab_anemia,lab_anemia,clmbr,lr_lbfgs,3,2,brier,0.2547167992563853
534,534.0,534.0,lab_anemia,lab_anemia,clmbr,lr_lbfgs,4,2,auroc,0.7870279097830384
535,535.0,535.0,lab_anemia,lab_anemia,clmbr,lr_lbfgs,4,2,auprc,0.8907601138535199
536,536.0,536.0,lab_anemia,lab_anemia,clmbr,lr_lbfgs,4,2,brier,0.2499914126830803
537,537.0,537.0,lab_anemia,lab_anemia,clmbr,lr_lbfgs,0,4,auroc,0.8249651653092307
538,538.0,538.0,lab_anemia,lab_anemia,clmbr,lr_lbfgs,0,4,auprc,0.9020510571845598
539,539.0,539.0,lab_anemia,lab_anemia,clmbr,lr_lbfgs,0,4,brier,0.249993627835271
540,540.0,540.0,lab_anemia,lab_anemia,clmbr,lr_lbfgs,1,4,auroc,0.7803558435942712
541,541.0,541.0,lab_anemia,lab_anemia,clmbr,lr_lbfgs,1,4,auprc,0.8737600118931513
542,542.0,542.0,lab_anemia,lab_anemia,clmbr,lr_lbfgs,1,4,brier,0.24999497757557
543,543.0,543.0,lab_anemia,lab_anemia,clmbr,lr_lbfgs,2,4,auroc,0.5797495970479372
544,544.0,544.0,lab_anemia,lab_anemia,clmbr,lr_lbfgs,2,4,auprc,0.7269544219525496
545,545.0,545.0,lab_anemia,lab_anemia,clmbr,lr_lbfgs,2,4,brier,0.2499994741288461
546,546.0,546.0,lab_anemia,lab_anemia,clmbr,lr_lbfgs,3,4,auroc,0.8144125684309974
547,547.0,547.0,lab_anemia,lab_anemia,clmbr,lr_lbfgs,3,4,auprc,0.903611319118707
548,548.0,548.0,lab_anemia,lab_anemia,clmbr,lr_lbfgs,3,4,brier,0.246378788710017
549,549.0,549.0,lab_anemia,lab_anemia,clmbr,lr_lbfgs,4,4,auroc,0.817737071706722
550,550.0,550.0,lab_anemia,lab_anemia,clmbr,lr_lbfgs,4,4,auprc,0.9053815490741444
551,551.0,551.0,lab_anemia,lab_anemia,clmbr,lr_lbfgs,4,4,brier,0.2499917350765661
552,552.0,552.0,lab_anemia,lab_anemia,clmbr,lr_lbfgs,0,8,auroc,0.807064680556059
553,553.0,553.0,lab_anemia,lab_anemia,clmbr,lr_lbfgs,0,8,auprc,0.8992887849323865
554,554.0,554.0,lab_anemia,lab_anemia,clmbr,lr_lbfgs,0,8,brier,0.2122074457521476
555,555.0,555.0,lab_anemia,lab_anemia,clmbr,lr_lbfgs,1,8,auroc,0.8700775602323133
556,556.0,556.0,lab_anemia,lab_anemia,clmbr,lr_lbfgs,1,8,auprc,0.9344408324722124
557,557.0,557.0,lab_anemia,lab_anemia,clmbr,lr_lbfgs,1,8,brier,0.1494545661799499
558,558.0,558.0,lab_anemia,lab_anemia,clmbr,lr_lbfgs,2,8,auroc,0.8240674835243836
559,559.0,559.0,lab_anemia,lab_anemia,clmbr,lr_lbfgs,2,8,auprc,0.9115277697320866
560,560.0,560.0,lab_anemia,lab_anemia,clmbr,lr_lbfgs,2,8,brier,0.2499954937629954
561,561.0,561.0,lab_anemia,lab_anemia,clmbr,lr_lbfgs,3,8,auroc,0.8682021957766097
562,562.0,562.0,lab_anemia,lab_anemia,clmbr,lr_lbfgs,3,8,auprc,0.9367998913569956
563,563.0,563.0,lab_anemia,lab_anemia,clmbr,lr_lbfgs,3,8,brier,0.18391862851661
564,564.0,564.0,lab_anemia,lab_anemia,clmbr,lr_lbfgs,4,8,auroc,0.8227002111633217
565,565.0,565.0,lab_anemia,lab_anemia,clmbr,lr_lbfgs,4,8,auprc,0.9075558280318584
566,566.0,566.0,lab_anemia,lab_anemia,clmbr,lr_lbfgs,4,8,brier,0.1909549550690741
567,567.0,567.0,lab_anemia,lab_anemia,clmbr,lr_lbfgs,0,12,auroc,0.8349848466911086
568,568.0,568.0,lab_anemia,lab_anemia,clmbr,lr_lbfgs,0,12,auprc,0.9133149589024692
569,569.0,569.0,lab_anemia,lab_anemia,clmbr,lr_lbfgs,0,12,brier,0.1792635607354205
570,570.0,570.0,lab_anemia,lab_anemia,clmbr,lr_lbfgs,1,12,auroc,0.8960357283359826
571,571.0,571.0,lab_anemia,lab_anemia,clmbr,lr_lbfgs,1,12,auprc,0.9503361418624215
572,572.0,572.0,lab_anemia,lab_anemia,clmbr,lr_lbfgs,1,12,brier,0.1970551494741845
573,573.0,573.0,lab_anemia,lab_anemia,clmbr,lr_lbfgs,2,12,auroc,0.8022137410041309
574,574.0,574.0,lab_anemia,lab_anemia,clmbr,lr_lbfgs,2,12,auprc,0.8908401590378298
575,575.0,575.0,lab_anemia,lab_anemia,clmbr,lr_lbfgs,2,12,brier,0.2317877972747853
576,576.0,576.0,lab_anemia,lab_anemia,clmbr,lr_lbfgs,3,12,auroc,0.8747619354879096
577,577.0,577.0,lab_anemia,lab_anemia,clmbr,lr_lbfgs,3,12,auprc,0.939867768502726
578,578.0,578.0,lab_anemia,lab_anemia,clmbr,lr_lbfgs,3,12,brier,0.1613624844981016
579,579.0,579.0,lab_anemia,lab_anemia,clmbr,lr_lbfgs,4,12,auroc,0.8561086769159905
580,580.0,580.0,lab_anemia,lab_anemia,clmbr,lr_lbfgs,4,12,auprc,0.932197640153842
581,581.0,581.0,lab_anemia,lab_anemia,clmbr,lr_lbfgs,4,12,brier,0.1858949724576243
582,582.0,582.0,lab_anemia,lab_anemia,clmbr,lr_lbfgs,0,16,auroc,0.9003323230668809
583,583.0,583.0,lab_anemia,lab_anemia,clmbr,lr_lbfgs,0,16,auprc,0.946954892089764
584,584.0,584.0,lab_anemia,lab_anemia,clmbr,lr_lbfgs,0,16,brier,0.1465102539086603
585,585.0,585.0,lab_anemia,lab_anemia,clmbr,lr_lbfgs,1,16,auroc,0.8783630195839071
586,586.0,586.0,lab_anemia,lab_anemia,clmbr,lr_lbfgs,1,16,auprc,0.9433054346081872
587,587.0,587.0,lab_anemia,lab_anemia,clmbr,lr_lbfgs,1,16,brier,0.2402964821392245
588,588.0,588.0,lab_anemia,lab_anemia,clmbr,lr_lbfgs,2,16,auroc,0.8293743891916738
589,589.0,589.0,lab_anemia,lab_anemia,clmbr,lr_lbfgs,2,16,auprc,0.9088267917467184
590,590.0,590.0,lab_anemia,lab_anemia,clmbr,lr_lbfgs,2,16,brier,0.2008373743381052
591,591.0,591.0,lab_anemia,lab_anemia,clmbr,lr_lbfgs,3,16,auroc,0.8827832346627307
592,592.0,592.0,lab_anemia,lab_anemia,clmbr,lr_lbfgs,3,16,auprc,0.9432994816398236
593,593.0,593.0,lab_anemia,lab_anemia,clmbr,lr_lbfgs,3,16,brier,0.1613423494553845
594,594.0,594.0,lab_anemia,lab_anemia,clmbr,lr_lbfgs,4,16,auroc,0.891658343014891
595,595.0,595.0,lab_anemia,lab_anemia,clmbr,lr_lbfgs,4,16,auprc,0.9477647387115846
596,596.0,596.0,lab_anemia,lab_anemia,clmbr,lr_lbfgs,4,16,brier,0.1519212982774411
597,597.0,597.0,lab_anemia,lab_anemia,clmbr,lr_lbfgs,0,24,auroc,0.8967579485824158
598,598.0,598.0,lab_anemia,lab_anemia,clmbr,lr_lbfgs,0,24,auprc,0.9475937755245804
599,599.0,599.0,lab_anemia,lab_anemia,clmbr,lr_lbfgs,0,24,brier,0.1396442971300865
600,600.0,600.0,lab_anemia,lab_anemia,clmbr,lr_lbfgs,1,24,auroc,0.8731134335079052
601,601.0,601.0,lab_anemia,lab_anemia,clmbr,lr_lbfgs,1,24,auprc,0.9369832950166648
602,602.0,602.0,lab_anemia,lab_anemia,clmbr,lr_lbfgs,1,24,brier,0.1460508740176741
603,603.0,603.0,lab_anemia,lab_anemia,clmbr,lr_lbfgs,2,24,auroc,0.8875245043901154
604,604.0,604.0,lab_anemia,lab_anemia,clmbr,lr_lbfgs,2,24,auprc,0.9402217898504596
605,605.0,605.0,lab_anemia,lab_anemia,clmbr,lr_lbfgs,2,24,brier,0.1422461053494842
606,606.0,606.0,lab_anemia,lab_anemia,clmbr,lr_lbfgs,3,24,auroc,0.9180333070809432
607,607.0,607.0,lab_anemia,lab_anemia,clmbr,lr_lbfgs,3,24,auprc,0.959783350349063
608,608.0,608.0,lab_anemia,lab_anemia,clmbr,lr_lbfgs,3,24,brier,0.1254777129740677
609,609.0,609.0,lab_anemia,lab_anemia,clmbr,lr_lbfgs,4,24,auroc,0.9014812188327388
610,610.0,610.0,lab_anemia,lab_anemia,clmbr,lr_lbfgs,4,24,auprc,0.9535701479071976
611,611.0,611.0,lab_anemia,lab_anemia,clmbr,lr_lbfgs,4,24,brier,0.1581790289141442
612,612.0,612.0,lab_anemia,lab_anemia,clmbr,lr_lbfgs,0,32,auroc,0.8878209089866617
613,613.0,613.0,lab_anemia,lab_anemia,clmbr,lr_lbfgs,0,32,auprc,0.9450279624961097
614,614.0,614.0,lab_anemia,lab_anemia,clmbr,lr_lbfgs,0,32,brier,0.137679687120399
615,615.0,615.0,lab_anemia,lab_anemia,clmbr,lr_lbfgs,1,32,auroc,0.8956366897113996
616,616.0,616.0,lab_anemia,lab_anemia,clmbr,lr_lbfgs,1,32,auprc,0.9481808937025942
617,617.0,617.0,lab_anemia,lab_anemia,clmbr,lr_lbfgs,1,32,brier,0.1308243399174716
618,618.0,618.0,lab_anemia,lab_anemia,clmbr,lr_lbfgs,2,32,auroc,0.9073892599818298
619,619.0,619.0,lab_anemia,lab_anemia,clmbr,lr_lbfgs,2,32,auprc,0.955981339614804
620,620.0,620.0,lab_anemia,lab_anemia,clmbr,lr_lbfgs,2,32,brier,0.1241163745600505
621,621.0,621.0,lab_anemia,lab_anemia,clmbr,lr_lbfgs,3,32,auroc,0.9189491575651768
622,622.0,622.0,lab_anemia,lab_anemia,clmbr,lr_lbfgs,3,32,auprc,0.9611990654513805
623,623.0,623.0,lab_anemia,lab_anemia,clmbr,lr_lbfgs,3,32,brier,0.1175394992964229
624,624.0,624.0,lab_anemia,lab_anemia,clmbr,lr_lbfgs,4,32,auroc,0.9137926987996016
625,625.0,625.0,lab_anemia,lab_anemia,clmbr,lr_lbfgs,4,32,auprc,0.9588031598808904
626,626.0,626.0,lab_anemia,lab_anemia,clmbr,lr_lbfgs,4,32,brier,0.1385600990476989
627,627.0,627.0,lab_anemia,lab_anemia,clmbr,lr_lbfgs,0,48,auroc,0.8953678429016979
628,628.0,628.0,lab_anemia,lab_anemia,clmbr,lr_lbfgs,0,48,auprc,0.9478084574757334
629,629.0,629.0,lab_anemia,lab_anemia,clmbr,lr_lbfgs,0,48,brier,0.1613850200688544
630,630.0,630.0,lab_anemia,lab_anemia,clmbr,lr_lbfgs,1,48,auroc,0.9244565325286236
631,631.0,631.0,lab_anemia,lab_anemia,clmbr,lr_lbfgs,1,48,auprc,0.9633425854680278
632,632.0,632.0,lab_anemia,lab_anemia,clmbr,lr_lbfgs,1,48,brier,0.1118005871078924
633,633.0,633.0,lab_anemia,lab_anemia,clmbr,lr_lbfgs,2,48,auroc,0.9260545512241136
634,634.0,634.0,lab_anemia,lab_anemia,clmbr,lr_lbfgs,2,48,auprc,0.9637879734751766
635,635.0,635.0,lab_anemia,lab_anemia,clmbr,lr_lbfgs,2,48,brier,0.1100857537708145
636,636.0,636.0,lab_anemia,lab_anemia,clmbr,lr_lbfgs,3,48,auroc,0.917066568829564
637,637.0,637.0,lab_anemia,lab_anemia,clmbr,lr_lbfgs,3,48,auprc,0.9609477027412064
638,638.0,638.0,lab_anemia,lab_anemia,clmbr,lr_lbfgs,3,48,brier,0.1131021866443198
639,639.0,639.0,lab_anemia,lab_anemia,clmbr,lr_lbfgs,4,48,auroc,0.9058409183571758
640,640.0,640.0,lab_anemia,lab_anemia,clmbr,lr_lbfgs,4,48,auprc,0.9567954983435408
641,641.0,641.0,lab_anemia,lab_anemia,clmbr,lr_lbfgs,4,48,brier,0.1624661281862342
642,642.0,642.0,lab_anemia,lab_anemia,clmbr,lr_lbfgs,0,64,auroc,0.9153669548284392
643,643.0,643.0,lab_anemia,lab_anemia,clmbr,lr_lbfgs,0,64,auprc,0.9600839961529232
644,644.0,644.0,lab_anemia,lab_anemia,clmbr,lr_lbfgs,0,64,brier,0.1151055077470668
645,645.0,645.0,lab_anemia,lab_anemia,clmbr,lr_lbfgs,1,64,auroc,0.9276815894846624
646,646.0,646.0,lab_anemia,lab_anemia,clmbr,lr_lbfgs,1,64,auprc,0.9657199137033836
647,647.0,647.0,lab_anemia,lab_anemia,clmbr,lr_lbfgs,1,64,brier,0.1102993912685222
648,648.0,648.0,lab_anemia,lab_anemia,clmbr,lr_lbfgs,2,64,auroc,0.9253316224451814
649,649.0,649.0,lab_anemia,lab_anemia,clmbr,lr_lbfgs,2,64,auprc,0.9637491228383738
650,650.0,650.0,lab_anemia,lab_anemia,clmbr,lr_lbfgs,2,64,brier,0.1119517236587436
651,651.0,651.0,lab_anemia,lab_anemia,clmbr,lr_lbfgs,3,64,auroc,0.9287461630041612
652,652.0,652.0,lab_anemia,lab_anemia,clmbr,lr_lbfgs,3,64,auprc,0.9664739842258778
653,653.0,653.0,lab_anemia,lab_anemia,clmbr,lr_lbfgs,3,64,brier,0.1058036990582725
654,654.0,654.0,lab_anemia,lab_anemia,clmbr,lr_lbfgs,4,64,auroc,0.9263142194424206
655,655.0,655.0,lab_anemia,lab_anemia,clmbr,lr_lbfgs,4,64,auprc,0.9648178196823974
656,656.0,656.0,lab_anemia,lab_anemia,clmbr,lr_lbfgs,4,64,brier,0.130604598032267
657,657.0,657.0,lab_anemia,lab_anemia,clmbr,lr_lbfgs,0,128,auroc,0.9367399009526598
658,658.0,658.0,lab_anemia,lab_anemia,clmbr,lr_lbfgs,0,128,auprc,0.9704778085420656
659,659.0,659.0,lab_anemia,lab_anemia,clmbr,lr_lbfgs,0,128,brier,0.1018711639644992
660,660.0,660.0,lab_anemia,lab_anemia,clmbr,lr_lbfgs,1,128,auroc,0.938578712010362
661,661.0,661.0,lab_anemia,lab_anemia,clmbr,lr_lbfgs,1,128,auprc,0.9711956608737974
662,662.0,662.0,lab_anemia,lab_anemia,clmbr,lr_lbfgs,1,128,brier,0.0970901876474002
663,663.0,663.0,lab_anemia,lab_anemia,clmbr,lr_lbfgs,2,128,auroc,0.9417391205350674
664,664.0,664.0,lab_anemia,lab_anemia,clmbr,lr_lbfgs,2,128,auprc,0.9727139142911564
665,665.0,665.0,lab_anemia,lab_anemia,clmbr,lr_lbfgs,2,128,brier,0.095867372531421
666,666.0,666.0,lab_anemia,lab_anemia,clmbr,lr_lbfgs,3,128,auroc,0.942932898739218
667,667.0,667.0,lab_anemia,lab_anemia,clmbr,lr_lbfgs,3,128,auprc,0.9725095711917976
668,668.0,668.0,lab_anemia,lab_anemia,clmbr,lr_lbfgs,3,128,brier,0.0899087600667836
669,669.0,669.0,lab_anemia,lab_anemia,clmbr,lr_lbfgs,4,128,auroc,0.9377163908124936
670,670.0,670.0,lab_anemia,lab_anemia,clmbr,lr_lbfgs,4,128,auprc,0.9717934455656656
671,671.0,671.0,lab_anemia,lab_anemia,clmbr,lr_lbfgs,4,128,brier,0.0983651757569193
672,672.0,,lab_anemia,lab_anemia,clmbr,knn,0,-1,auroc,0.8778777408599481
673,673.0,,lab_anemia,lab_anemia,clmbr,knn,0,-1,auprc,0.9234635117649066
674,674.0,,lab_anemia,lab_anemia,clmbr,knn,0,-1,brier,0.1239580198071975
675,675.0,,lab_anemia,lab_anemia,clmbr,knn,0,1,auroc,0.6457220149095874
676,676.0,,lab_anemia,lab_anemia,clmbr,knn,0,1,auprc,0.7599813472960516
677,677.0,,lab_anemia,lab_anemia,clmbr,knn,0,1,brier,0.3491187344166451
678,678.0,,lab_anemia,lab_anemia,clmbr,knn,1,1,auroc,0.5105932384399655
679,679.0,,lab_anemia,lab_anemia,clmbr,knn,1,1,auprc,0.6919153233052255
680,680.0,,lab_anemia,lab_anemia,clmbr,knn,1,1,brier,0.4922878514315192
681,681.0,,lab_anemia,lab_anemia,clmbr,knn,2,1,auroc,0.5537367660059039
682,682.0,,lab_anemia,lab_anemia,clmbr,knn,2,1,auprc,0.7117900565657258
683,683.0,,lab_anemia,lab_anemia,clmbr,knn,2,1,brier,0.432035078669074
684,684.0,,lab_anemia,lab_anemia,clmbr,knn,3,1,auroc,0.6580920361703777
685,685.0,,lab_anemia,lab_anemia,clmbr,knn,3,1,auprc,0.7694453985893683
686,686.0,,lab_anemia,lab_anemia,clmbr,knn,3,1,brier,0.3740349067148139
687,687.0,,lab_anemia,lab_anemia,clmbr,knn,4,1,auroc,0.6419194654445605
688,688.0,,lab_anemia,lab_anemia,clmbr,knn,4,1,auprc,0.7555458906956611
689,689.0,,lab_anemia,lab_anemia,clmbr,knn,4,1,brier,0.2852549221906972
690,690.0,,lab_anemia,lab_anemia,clmbr,knn,0,2,auroc,0.6779677313663003
691,691.0,,lab_anemia,lab_anemia,clmbr,knn,0,2,auprc,0.7807423392872308
692,692.0,,lab_anemia,lab_anemia,clmbr,knn,0,2,brier,0.3460751440116928
693,693.0,,lab_anemia,lab_anemia,clmbr,knn,1,2,auroc,0.624303644973213
694,694.0,,lab_anemia,lab_anemia,clmbr,knn,1,2,auprc,0.7478611213151853
695,695.0,,lab_anemia,lab_anemia,clmbr,knn,1,2,brier,0.3622044536153383
696,696.0,,lab_anemia,lab_anemia,clmbr,knn,2,2,auroc,0.5632871374729838
697,697.0,,lab_anemia,lab_anemia,clmbr,knn,2,2,auprc,0.7180635832794843
698,698.0,,lab_anemia,lab_anemia,clmbr,knn,2,2,brier,0.2843034419511077
699,699.0,,lab_anemia,lab_anemia,clmbr,knn,3,2,auroc,0.6746301787104694
700,700.0,,lab_anemia,lab_anemia,clmbr,knn,3,2,auprc,0.7825603468181703
701,701.0,,lab_anemia,lab_anemia,clmbr,knn,3,2,brier,0.3851259564955722
702,702.0,,lab_anemia,lab_anemia,clmbr,knn,4,2,auroc,0.6709296166515869
703,703.0,,lab_anemia,lab_anemia,clmbr,knn,4,2,auprc,0.7726793603439869
704,704.0,,lab_anemia,lab_anemia,clmbr,knn,4,2,brier,0.2932507952884532
705,705.0,,lab_anemia,lab_anemia,clmbr,knn,0,4,auroc,0.7529502619128217
706,706.0,,lab_anemia,lab_anemia,clmbr,knn,0,4,auprc,0.8313137362677974
707,707.0,,lab_anemia,lab_anemia,clmbr,knn,0,4,brier,0.1831064492400576
708,708.0,,lab_anemia,lab_anemia,clmbr,knn,1,4,auroc,0.7139637880733894
709,709.0,,lab_anemia,lab_anemia,clmbr,knn,1,4,auprc,0.8039527454099048
710,710.0,,lab_anemia,lab_anemia,clmbr,knn,1,4,brier,0.2024570353174944
711,711.0,,lab_anemia,lab_anemia,clmbr,knn,2,4,auroc,0.5687105341378869
712,712.0,,lab_anemia,lab_anemia,clmbr,knn,2,4,auprc,0.7238721866413202
713,713.0,,lab_anemia,lab_anemia,clmbr,knn,2,4,brier,0.2778639597322008
714,714.0,,lab_anemia,lab_anemia,clmbr,knn,3,4,auroc,0.8213099390118614
715,715.0,,lab_anemia,lab_anemia,clmbr,knn,3,4,auprc,0.8993244544132011
716,716.0,,lab_anemia,lab_anemia,clmbr,knn,3,4,brier,0.2032998349833088
717,717.0,,lab_anemia,lab_anemia,clmbr,knn,4,4,auroc,0.7854026476690072
718,718.0,,lab_anemia,lab_anemia,clmbr,knn,4,4,auprc,0.8533764890283064
719,719.0,,lab_anemia,lab_anemia,clmbr,knn,4,4,brier,0.1740527899578712
720,720.0,,lab_anemia,lab_anemia,clmbr,knn,0,8,auroc,0.7160509418357417
721,721.0,,lab_anemia,lab_anemia,clmbr,knn,0,8,auprc,0.842613564167136
722,722.0,,lab_anemia,lab_anemia,clmbr,knn,0,8,brier,0.2232211076159915
723,723.0,,lab_anemia,lab_anemia,clmbr,knn,1,8,auroc,0.6906390027604564
724,724.0,,lab_anemia,lab_anemia,clmbr,knn,1,8,auprc,0.7869836900337455
725,725.0,,lab_anemia,lab_anemia,clmbr,knn,1,8,brier,0.3171008511735878
726,726.0,,lab_anemia,lab_anemia,clmbr,knn,2,8,auroc,0.7154034215515913
727,727.0,,lab_anemia,lab_anemia,clmbr,knn,2,8,auprc,0.8143975309527367
728,728.0,,lab_anemia,lab_anemia,clmbr,knn,2,8,brier,0.2453462490088747
729,729.0,,lab_anemia,lab_anemia,clmbr,knn,3,8,auroc,0.8421746024943508
730,730.0,,lab_anemia,lab_anemia,clmbr,knn,3,8,auprc,0.9194016671361248
731,731.0,,lab_anemia,lab_anemia,clmbr,knn,3,8,brier,0.1807989561950268
732,732.0,,lab_anemia,lab_anemia,clmbr,knn,4,8,auroc,0.7126205817409524
733,733.0,,lab_anemia,lab_anemia,clmbr,knn,4,8,auprc,0.8257941368772308
734,734.0,,lab_anemia,lab_anemia,clmbr,knn,4,8,brier,0.2212213901527048
735,735.0,,lab_anemia,lab_anemia,clmbr,knn,0,12,auroc,0.7404204466244928
736,736.0,,lab_anemia,lab_anemia,clmbr,knn,0,12,auprc,0.8584310706297988
737,737.0,,lab_anemia,lab_anemia,clmbr,knn,0,12,brier,0.2059908697464547
738,738.0,,lab_anemia,lab_anemia,clmbr,knn,1,12,auroc,0.8354746613988536
739,739.0,,lab_anemia,lab_anemia,clmbr,knn,1,12,auprc,0.9146181869394948
740,740.0,,lab_anemia,lab_anemia,clmbr,knn,1,12,brier,0.1656875711715693
741,741.0,,lab_anemia,lab_anemia,clmbr,knn,2,12,auroc,0.6097714267278682
742,742.0,,lab_anemia,lab_anemia,clmbr,knn,2,12,auprc,0.7396263507469651
743,743.0,,lab_anemia,lab_anemia,clmbr,knn,2,12,brier,0.3569254578282177
744,744.0,,lab_anemia,lab_anemia,clmbr,knn,3,12,auroc,0.7931186243683312
745,745.0,,lab_anemia,lab_anemia,clmbr,knn,3,12,auprc,0.8824181065892087
746,746.0,,lab_anemia,lab_anemia,clmbr,knn,3,12,brier,0.1918547205517573
747,747.0,,lab_anemia,lab_anemia,clmbr,knn,4,12,auroc,0.6641404272891223
748,748.0,,lab_anemia,lab_anemia,clmbr,knn,4,12,auprc,0.7694382875744177
749,749.0,,lab_anemia,lab_anemia,clmbr,knn,4,12,brier,0.3119766142206173
750,750.0,,lab_anemia,lab_anemia,clmbr,knn,0,16,auroc,0.8022829047823811
751,751.0,,lab_anemia,lab_anemia,clmbr,knn,0,16,auprc,0.896112969076532
752,752.0,,lab_anemia,lab_anemia,clmbr,knn,0,16,brier,0.1709752853284361
753,753.0,,lab_anemia,lab_anemia,clmbr,knn,1,16,auroc,0.8128724870570718
754,754.0,,lab_anemia,lab_anemia,clmbr,knn,1,16,auprc,0.9034333177572612
755,755.0,,lab_anemia,lab_anemia,clmbr,knn,1,16,brier,0.1771301851871769
756,756.0,,lab_anemia,lab_anemia,clmbr,knn,2,16,auroc,0.7609454946585248
757,757.0,,lab_anemia,lab_anemia,clmbr,knn,2,16,auprc,0.8670158267586463
758,758.0,,lab_anemia,lab_anemia,clmbr,knn,2,16,brier,0.188085450024116
759,759.0,,lab_anemia,lab_anemia,clmbr,knn,3,16,auroc,0.8170839629584713
760,760.0,,lab_anemia,lab_anemia,clmbr,knn,3,16,auprc,0.8837206301054098
761,761.0,,lab_anemia,lab_anemia,clmbr,knn,3,16,brier,0.1724343564611813
762,762.0,,lab_anemia,lab_anemia,clmbr,knn,4,16,auroc,0.8016012910150031
763,763.0,,lab_anemia,lab_anemia,clmbr,knn,4,16,auprc,0.899651180147228
764,764.0,,lab_anemia,lab_anemia,clmbr,knn,4,16,brier,0.1755642848828484
765,765.0,,lab_anemia,lab_anemia,clmbr,knn,0,24,auroc,0.7716150324181135
766,766.0,,lab_anemia,lab_anemia,clmbr,knn,0,24,auprc,0.8658585313299193
767,767.0,,lab_anemia,lab_anemia,clmbr,knn,0,24,brier,0.2016496798782421
768,768.0,,lab_anemia,lab_anemia,clmbr,knn,1,24,auroc,0.7934830267600342
769,769.0,,lab_anemia,lab_anemia,clmbr,knn,1,24,auprc,0.8854288858978865
770,770.0,,lab_anemia,lab_anemia,clmbr,knn,1,24,brier,0.1864809013637344
771,771.0,,lab_anemia,lab_anemia,clmbr,knn,2,24,auroc,0.764640100229145
772,772.0,,lab_anemia,lab_anemia,clmbr,knn,2,24,auprc,0.8702347576718
773,773.0,,lab_anemia,lab_anemia,clmbr,knn,2,24,brier,0.1963343261530966
774,774.0,,lab_anemia,lab_anemia,clmbr,knn,3,24,auroc,0.8294502516975717
775,775.0,,lab_anemia,lab_anemia,clmbr,knn,3,24,auprc,0.9089090939711606
776,776.0,,lab_anemia,lab_anemia,clmbr,knn,3,24,brier,0.17800677819013
777,777.0,,lab_anemia,lab_anemia,clmbr,knn,4,24,auroc,0.7882202365274092
778,778.0,,lab_anemia,lab_anemia,clmbr,knn,4,24,auprc,0.8933544028501573
779,779.0,,lab_anemia,lab_anemia,clmbr,knn,4,24,brier,0.1919533709534082
780,780.0,,lab_anemia,lab_anemia,clmbr,knn,0,32,auroc,0.7880524587831855
781,781.0,,lab_anemia,lab_anemia,clmbr,knn,0,32,auprc,0.885930406854956
782,782.0,,lab_anemia,lab_anemia,clmbr,knn,0,32,brier,0.1883855736333621
783,783.0,,lab_anemia,lab_anemia,clmbr,knn,1,32,auroc,0.7870713703410634
784,784.0,,lab_anemia,lab_anemia,clmbr,knn,1,32,auprc,0.8688281930129139
785,785.0,,lab_anemia,lab_anemia,clmbr,knn,1,32,brier,0.1879343134726163
786,786.0,,lab_anemia,lab_anemia,clmbr,knn,2,32,auroc,0.7680832703163611
787,787.0,,lab_anemia,lab_anemia,clmbr,knn,2,32,auprc,0.8691114788963932
788,788.0,,lab_anemia,lab_anemia,clmbr,knn,2,32,brier,0.1991441409414963
789,789.0,,lab_anemia,lab_anemia,clmbr,knn,3,32,auroc,0.8214428418234214
790,790.0,,lab_anemia,lab_anemia,clmbr,knn,3,32,auprc,0.9076531635693256
791,791.0,,lab_anemia,lab_anemia,clmbr,knn,3,32,brier,0.1737847749882548
792,792.0,,lab_anemia,lab_anemia,clmbr,knn,4,32,auroc,0.8119167482568208
793,793.0,,lab_anemia,lab_anemia,clmbr,knn,4,32,auprc,0.903151293024388
794,794.0,,lab_anemia,lab_anemia,clmbr,knn,4,32,brier,0.1805177610184412
795,795.0,,lab_anemia,lab_anemia,clmbr,knn,0,48,auroc,0.7904182274731895
796,796.0,,lab_anemia,lab_anemia,clmbr,knn,0,48,auprc,0.8888721266109025
797,797.0,,lab_anemia,lab_anemia,clmbr,knn,0,48,brier,0.1884961562825504
798,798.0,,lab_anemia,lab_anemia,clmbr,knn,1,48,auroc,0.8009880272453447
799,799.0,,lab_anemia,lab_anemia,clmbr,knn,1,48,auprc,0.8770054653058557
800,800.0,,lab_anemia,lab_anemia,clmbr,knn,1,48,brier,0.1754655661594016
801,801.0,,lab_anemia,lab_anemia,clmbr,knn,2,48,auroc,0.8065432240251126
802,802.0,,lab_anemia,lab_anemia,clmbr,knn,2,48,auprc,0.8985105236368134
803,803.0,,lab_anemia,lab_anemia,clmbr,knn,2,48,brier,0.1799259932823051
804,804.0,,lab_anemia,lab_anemia,clmbr,knn,3,48,auroc,0.7920118271271505
805,805.0,,lab_anemia,lab_anemia,clmbr,knn,3,48,auprc,0.8716377921128076
806,806.0,,lab_anemia,lab_anemia,clmbr,knn,3,48,brier,0.1842868197059582
807,807.0,,lab_anemia,lab_anemia,clmbr,knn,4,48,auroc,0.7915422620030735
808,808.0,,lab_anemia,lab_anemia,clmbr,knn,4,48,auprc,0.892514895364648
809,809.0,,lab_anemia,lab_anemia,clmbr,knn,4,48,brier,0.1939971129177955
810,810.0,,lab_anemia,lab_anemia,clmbr,knn,0,64,auroc,0.7923958070284911
811,811.0,,lab_anemia,lab_anemia,clmbr,knn,0,64,auprc,0.8918738313385884
812,812.0,,lab_anemia,lab_anemia,clmbr,knn,0,64,brier,0.1884999521597977
813,813.0,,lab_anemia,lab_anemia,clmbr,knn,1,64,auroc,0.8135684097414551
814,814.0,,lab_anemia,lab_anemia,clmbr,knn,1,64,auprc,0.9019285407492728
815,815.0,,lab_anemia,lab_anemia,clmbr,knn,1,64,brier,0.1774747019369774
816,816.0,,lab_anemia,lab_anemia,clmbr,knn,2,64,auroc,0.8008881248508556
817,817.0,,lab_anemia,lab_anemia,clmbr,knn,2,64,auprc,0.8931442947231023
818,818.0,,lab_anemia,lab_anemia,clmbr,knn,2,64,brier,0.1952015603622602
819,819.0,,lab_anemia,lab_anemia,clmbr,knn,3,64,auroc,0.8051951976079943
820,820.0,,lab_anemia,lab_anemia,clmbr,knn,3,64,auprc,0.8762092982075079
821,821.0,,lab_anemia,lab_anemia,clmbr,knn,3,64,brier,0.1816084601496002
822,822.0,,lab_anemia,lab_anemia,clmbr,knn,4,64,auroc,0.7898997020655236
823,823.0,,lab_anemia,lab_anemia,clmbr,knn,4,64,auprc,0.8765662175458153
824,824.0,,lab_anemia,lab_anemia,clmbr,knn,4,64,brier,0.1919408244877423
825,825.0,,lab_anemia,lab_anemia,clmbr,knn,0,128,auroc,0.8256745624932199
826,826.0,,lab_anemia,lab_anemia,clmbr,knn,0,128,auprc,0.893464258100044
827,827.0,,lab_anemia,lab_anemia,clmbr,knn,0,128,brier,0.1802823488951939
828,828.0,,lab_anemia,lab_anemia,clmbr,knn,1,128,auroc,0.8314165937898571
829,829.0,,lab_anemia,lab_anemia,clmbr,knn,1,128,auprc,0.9127323625519866
830,830.0,,lab_anemia,lab_anemia,clmbr,knn,1,128,brier,0.1684253241932133
831,831.0,,lab_anemia,lab_anemia,clmbr,knn,2,128,auroc,0.8171023621028942
832,832.0,,lab_anemia,lab_anemia,clmbr,knn,2,128,auprc,0.9044810774917332
833,833.0,,lab_anemia,lab_anemia,clmbr,knn,2,128,brier,0.184885509000437
834,834.0,,lab_anemia,lab_anemia,clmbr,knn,3,128,auroc,0.8295174934954309
835,835.0,,lab_anemia,lab_anemia,clmbr,knn,3,128,auprc,0.91119039976256
836,836.0,,lab_anemia,lab_anemia,clmbr,knn,3,128,brier,0.1680223807792966
837,837.0,,lab_anemia,lab_anemia,clmbr,knn,4,128,auroc,0.8403897754220258
838,838.0,,lab_anemia,lab_anemia,clmbr,knn,4,128,auprc,0.9185529198099716
839,839.0,,lab_anemia,lab_anemia,clmbr,knn,4,128,brier,0.1653513749130966
840,,,lab_anemia,lab_anemia,clinicalbert_type1_max_pool,lr_lbfgs,0,-1,auroc,0.7704605461244682
841,,,lab_anemia,lab_anemia,clinicalbert_type1_max_pool,lr_lbfgs,0,-1,auprc,0.8759967163593265
842,,,lab_anemia,lab_anemia,clinicalbert_type1_max_pool,lr_lbfgs,0,-1,brier,0.17272353423656864
843,,,lab_anemia,lab_anemia,clinicalbert_type1_max_pool,lr_lbfgs,0,1,auroc,0.4397275747572296
844,,,lab_anemia,lab_anemia,clinicalbert_type1_max_pool,lr_lbfgs,0,1,auprc,0.6280356072400994
845,,,lab_anemia,lab_anemia,clinicalbert_type1_max_pool,lr_lbfgs,0,1,brier,0.2499998448922912
846,,,lab_anemia,lab_anemia,clinicalbert_type1_max_pool,lr_lbfgs,1,1,auroc,0.4389400085532943
847,,,lab_anemia,lab_anemia,clinicalbert_type1_max_pool,lr_lbfgs,1,1,auprc,0.6326607663183041
848,,,lab_anemia,lab_anemia,clinicalbert_type1_max_pool,lr_lbfgs,1,1,brier,0.2500005269605215
849,,,lab_anemia,lab_anemia,clinicalbert_type1_max_pool,lr_lbfgs,2,1,auroc,0.39878032321326506
850,,,lab_anemia,lab_anemia,clinicalbert_type1_max_pool,lr_lbfgs,2,1,auprc,0.6058844270765699
851,,,lab_anemia,lab_anemia,clinicalbert_type1_max_pool,lr_lbfgs,2,1,brier,0.25000192126546616
852,,,lab_anemia,lab_anemia,clinicalbert_type1_max_pool,lr_lbfgs,3,1,auroc,0.5903381433518086
853,,,lab_anemia,lab_anemia,clinicalbert_type1_max_pool,lr_lbfgs,3,1,auprc,0.7323702376514419
854,,,lab_anemia,lab_anemia,clinicalbert_type1_max_pool,lr_lbfgs,3,1,brier,0.24999919704163806
855,,,lab_anemia,lab_anemia,clinicalbert_type1_max_pool,lr_lbfgs,4,1,auroc,0.5833358679994323
856,,,lab_anemia,lab_anemia,clinicalbert_type1_max_pool,lr_lbfgs,4,1,auprc,0.7272494624863833
857,,,lab_anemia,lab_anemia,clinicalbert_type1_max_pool,lr_lbfgs,4,1,brier,0.24999093474671275
858,,,lab_anemia,lab_anemia,clinicalbert_type1_max_pool,lr_lbfgs,0,2,auroc,0.5848500556060432
859,,,lab_anemia,lab_anemia,clinicalbert_type1_max_pool,lr_lbfgs,0,2,auprc,0.7488792245108798
860,,,lab_anemia,lab_anemia,clinicalbert_type1_max_pool,lr_lbfgs,0,2,brier,0.24999877176010768
861,,,lab_anemia,lab_anemia,clinicalbert_type1_max_pool,lr_lbfgs,1,2,auroc,0.4250451345520413
862,,,lab_anemia,lab_anemia,clinicalbert_type1_max_pool,lr_lbfgs,1,2,auprc,0.6169659158482236
863,,,lab_anemia,lab_anemia,clinicalbert_type1_max_pool,lr_lbfgs,1,2,brier,0.25000069496689187
864,,,lab_anemia,lab_anemia,clinicalbert_type1_max_pool,lr_lbfgs,2,2,auroc,0.4410782000440391
865,,,lab_anemia,lab_anemia,clinicalbert_type1_max_pool,lr_lbfgs,2,2,auprc,0.6354758274044595
866,,,lab_anemia,lab_anemia,clinicalbert_type1_max_pool,lr_lbfgs,2,2,brier,0.32937758350853513
867,,,lab_anemia,lab_anemia,clinicalbert_type1_max_pool,lr_lbfgs,3,2,auroc,0.5979194975004968
868,,,lab_anemia,lab_anemia,clinicalbert_type1_max_pool,lr_lbfgs,3,2,auprc,0.7317381322508503
869,,,lab_anemia,lab_anemia,clinicalbert_type1_max_pool,lr_lbfgs,3,2,brier,0.24425570568309934
870,,,lab_anemia,lab_anemia,clinicalbert_type1_max_pool,lr_lbfgs,4,2,auroc,0.5875916182393875
871,,,lab_anemia,lab_anemia,clinicalbert_type1_max_pool,lr_lbfgs,4,2,auprc,0.7309415544059422
872,,,lab_anemia,lab_anemia,clinicalbert_type1_max_pool,lr_lbfgs,4,2,brier,0.24998729306787196
873,,,lab_anemia,lab_anemia,clinicalbert_type1_max_pool,lr_lbfgs,0,4,auroc,0.5866207443594793
874,,,lab_anemia,lab_anemia,clinicalbert_type1_max_pool,lr_lbfgs,0,4,auprc,0.7361262333722648
875,,,lab_anemia,lab_anemia,clinicalbert_type1_max_pool,lr_lbfgs,0,4,brier,0.24999865467352775
876,,,lab_anemia,lab_anemia,clinicalbert_type1_max_pool,lr_lbfgs,1,4,auroc,0.4158338763696088
877,,,lab_anemia,lab_anemia,clinicalbert_type1_max_pool,lr_lbfgs,1,4,auprc,0.612568151729943
878,,,lab_anemia,lab_anemia,clinicalbert_type1_max_pool,lr_lbfgs,1,4,brier,0.2500008115986209
879,,,lab_anemia,lab_anemia,clinicalbert_type1_max_pool,lr_lbfgs,2,4,auroc,0.5934649701876352
880,,,lab_anemia,lab_anemia,clinicalbert_type1_max_pool,lr_lbfgs,2,4,auprc,0.7344947653771238
881,,,lab_anemia,lab_anemia,clinicalbert_type1_max_pool,lr_lbfgs,2,4,brier,0.24999478939801525
882,,,lab_anemia,lab_anemia,clinicalbert_type1_max_pool,lr_lbfgs,3,4,auroc,0.594621046208082
883,,,lab_anemia,lab_anemia,clinicalbert_type1_max_pool,lr_lbfgs,3,4,auprc,0.7304339116586528
884,,,lab_anemia,lab_anemia,clinicalbert_type1_max_pool,lr_lbfgs,3,4,brier,0.24999817805233887
885,,,lab_anemia,lab_anemia,clinicalbert_type1_max_pool,lr_lbfgs,4,4,auroc,0.5972646648857967
886,,,lab_anemia,lab_anemia,clinicalbert_type1_max_pool,lr_lbfgs,4,4,auprc,0.7396063927783976
887,,,lab_anemia,lab_anemia,clinicalbert_type1_max_pool,lr_lbfgs,4,4,brier,0.2383303882678561
888,,,lab_anemia,lab_anemia,clinicalbert_type1_max_pool,lr_lbfgs,0,8,auroc,0.5844707884776658
889,,,lab_anemia,lab_anemia,clinicalbert_type1_max_pool,lr_lbfgs,0,8,auprc,0.7304386340952597
890,,,lab_anemia,lab_anemia,clinicalbert_type1_max_pool,lr_lbfgs,0,8,brier,0.24999455357247385
891,,,lab_anemia,lab_anemia,clinicalbert_type1_max_pool,lr_lbfgs,1,8,auroc,0.5743229782799019
892,,,lab_anemia,lab_anemia,clinicalbert_type1_max_pool,lr_lbfgs,1,8,auprc,0.7481864148097491
893,,,lab_anemia,lab_anemia,clinicalbert_type1_max_pool,lr_lbfgs,1,8,brier,0.3670231188963944
894,,,lab_anemia,lab_anemia,clinicalbert_type1_max_pool,lr_lbfgs,2,8,auroc,0.5944918841729593
895,,,lab_anemia,lab_anemia,clinicalbert_type1_max_pool,lr_lbfgs,2,8,auprc,0.7343567410222298
896,,,lab_anemia,lab_anemia,clinicalbert_type1_max_pool,lr_lbfgs,2,8,brier,0.249990209356673
897,,,lab_anemia,lab_anemia,clinicalbert_type1_max_pool,lr_lbfgs,3,8,auroc,0.6254683664659411
898,,,lab_anemia,lab_anemia,clinicalbert_type1_max_pool,lr_lbfgs,3,8,auprc,0.7679020651047728
899,,,lab_anemia,lab_anemia,clinicalbert_type1_max_pool,lr_lbfgs,3,8,brier,0.3335350155471215
900,,,lab_anemia,lab_anemia,clinicalbert_type1_max_pool,lr_lbfgs,4,8,auroc,0.6063956545908193
901,,,lab_anemia,lab_anemia,clinicalbert_type1_max_pool,lr_lbfgs,4,8,auprc,0.7430647042636804
902,,,lab_anemia,lab_anemia,clinicalbert_type1_max_pool,lr_lbfgs,4,8,brier,0.4614446646269628
903,,,lab_anemia,lab_anemia,clinicalbert_type1_max_pool,lr_lbfgs,0,12,auroc,0.6194922153947051
904,,,lab_anemia,lab_anemia,clinicalbert_type1_max_pool,lr_lbfgs,0,12,auprc,0.7751849408240923
905,,,lab_anemia,lab_anemia,clinicalbert_type1_max_pool,lr_lbfgs,0,12,brier,0.4134328296810959
906,,,lab_anemia,lab_anemia,clinicalbert_type1_max_pool,lr_lbfgs,1,12,auroc,0.6230871951048796
907,,,lab_anemia,lab_anemia,clinicalbert_type1_max_pool,lr_lbfgs,1,12,auprc,0.7703270921262471
908,,,lab_anemia,lab_anemia,clinicalbert_type1_max_pool,lr_lbfgs,1,12,brier,0.2972955877114561
909,,,lab_anemia,lab_anemia,clinicalbert_type1_max_pool,lr_lbfgs,2,12,auroc,0.6237035275769447
910,,,lab_anemia,lab_anemia,clinicalbert_type1_max_pool,lr_lbfgs,2,12,auprc,0.757761276297334
911,,,lab_anemia,lab_anemia,clinicalbert_type1_max_pool,lr_lbfgs,2,12,brier,0.23168145059976203
912,,,lab_anemia,lab_anemia,clinicalbert_type1_max_pool,lr_lbfgs,3,12,auroc,0.6360263399364205
913,,,lab_anemia,lab_anemia,clinicalbert_type1_max_pool,lr_lbfgs,3,12,auprc,0.7882191541157015
914,,,lab_anemia,lab_anemia,clinicalbert_type1_max_pool,lr_lbfgs,3,12,brier,0.34362739417770777
915,,,lab_anemia,lab_anemia,clinicalbert_type1_max_pool,lr_lbfgs,4,12,auroc,0.641423991419465
916,,,lab_anemia,lab_anemia,clinicalbert_type1_max_pool,lr_lbfgs,4,12,auprc,0.7688063708918251
917,,,lab_anemia,lab_anemia,clinicalbert_type1_max_pool,lr_lbfgs,4,12,brier,0.2678776016340391
918,,,lab_anemia,lab_anemia,clinicalbert_type1_max_pool,lr_lbfgs,0,16,auroc,0.600697541990697
919,,,lab_anemia,lab_anemia,clinicalbert_type1_max_pool,lr_lbfgs,0,16,auprc,0.7432754676999305
920,,,lab_anemia,lab_anemia,clinicalbert_type1_max_pool,lr_lbfgs,0,16,brier,0.24898339386430435
921,,,lab_anemia,lab_anemia,clinicalbert_type1_max_pool,lr_lbfgs,1,16,auroc,0.5936307557861137
922,,,lab_anemia,lab_anemia,clinicalbert_type1_max_pool,lr_lbfgs,1,16,auprc,0.7381246400569081
923,,,lab_anemia,lab_anemia,clinicalbert_type1_max_pool,lr_lbfgs,1,16,brier,0.24998557346267083
924,,,lab_anemia,lab_anemia,clinicalbert_type1_max_pool,lr_lbfgs,2,16,auroc,0.6450759550278601
925,,,lab_anemia,lab_anemia,clinicalbert_type1_max_pool,lr_lbfgs,2,16,auprc,0.7782896959577323
926,,,lab_anemia,lab_anemia,clinicalbert_type1_max_pool,lr_lbfgs,2,16,brier,0.2869581275342435
927,,,lab_anemia,lab_anemia,clinicalbert_type1_max_pool,lr_lbfgs,3,16,auroc,0.6610579043713635
928,,,lab_anemia,lab_anemia,clinicalbert_type1_max_pool,lr_lbfgs,3,16,auprc,0.8030680337113689
929,,,lab_anemia,lab_anemia,clinicalbert_type1_max_pool,lr_lbfgs,3,16,brier,0.29504541289022385
930,,,lab_anemia,lab_anemia,clinicalbert_type1_max_pool,lr_lbfgs,4,16,auroc,0.6459367064479002
931,,,lab_anemia,lab_anemia,clinicalbert_type1_max_pool,lr_lbfgs,4,16,auprc,0.7809049254817958
932,,,lab_anemia,lab_anemia,clinicalbert_type1_max_pool,lr_lbfgs,4,16,brier,0.26785861659255167
933,,,lab_anemia,lab_anemia,clinicalbert_type1_max_pool,lr_lbfgs,0,24,auroc,0.6006599278576337
934,,,lab_anemia,lab_anemia,clinicalbert_type1_max_pool,lr_lbfgs,0,24,auprc,0.7440996591399954
935,,,lab_anemia,lab_anemia,clinicalbert_type1_max_pool,lr_lbfgs,0,24,brier,0.24845446749831995
936,,,lab_anemia,lab_anemia,clinicalbert_type1_max_pool,lr_lbfgs,1,24,auroc,0.5935713284826145
937,,,lab_anemia,lab_anemia,clinicalbert_type1_max_pool,lr_lbfgs,1,24,auprc,0.7368840578930624
938,,,lab_anemia,lab_anemia,clinicalbert_type1_max_pool,lr_lbfgs,1,24,brier,0.24998164384444047
939,,,lab_anemia,lab_anemia,clinicalbert_type1_max_pool,lr_lbfgs,2,24,auroc,0.6438697885113036
940,,,lab_anemia,lab_anemia,clinicalbert_type1_max_pool,lr_lbfgs,2,24,auprc,0.7944449115645438
941,,,lab_anemia,lab_anemia,clinicalbert_type1_max_pool,lr_lbfgs,2,24,brier,0.37178119829663486
942,,,lab_anemia,lab_anemia,clinicalbert_type1_max_pool,lr_lbfgs,3,24,auroc,0.6677775866956583
943,,,lab_anemia,lab_anemia,clinicalbert_type1_max_pool,lr_lbfgs,3,24,auprc,0.8080726103321064
944,,,lab_anemia,lab_anemia,clinicalbert_type1_max_pool,lr_lbfgs,3,24,brier,0.3539273682939986
945,,,lab_anemia,lab_anemia,clinicalbert_type1_max_pool,lr_lbfgs,4,24,auroc,0.6594588098071079
946,,,lab_anemia,lab_anemia,clinicalbert_type1_max_pool,lr_lbfgs,4,24,auprc,0.7915450579514481
947,,,lab_anemia,lab_anemia,clinicalbert_type1_max_pool,lr_lbfgs,4,24,brier,0.32776907244195036
948,,,lab_anemia,lab_anemia,clinicalbert_type1_max_pool,lr_lbfgs,0,32,auroc,0.6068045885940438
949,,,lab_anemia,lab_anemia,clinicalbert_type1_max_pool,lr_lbfgs,0,32,auprc,0.7506225820939314
950,,,lab_anemia,lab_anemia,clinicalbert_type1_max_pool,lr_lbfgs,0,32,brier,0.2499904803883117
951,,,lab_anemia,lab_anemia,clinicalbert_type1_max_pool,lr_lbfgs,1,32,auroc,0.5939512449844669
952,,,lab_anemia,lab_anemia,clinicalbert_type1_max_pool,lr_lbfgs,1,32,auprc,0.7374062564180858
953,,,lab_anemia,lab_anemia,clinicalbert_type1_max_pool,lr_lbfgs,1,32,brier,0.24469535401197304
954,,,lab_anemia,lab_anemia,clinicalbert_type1_max_pool,lr_lbfgs,2,32,auroc,0.6765301024159651
955,,,lab_anemia,lab_anemia,clinicalbert_type1_max_pool,lr_lbfgs,2,32,auprc,0.8179341113179697
956,,,lab_anemia,lab_anemia,clinicalbert_type1_max_pool,lr_lbfgs,2,32,brier,0.2842211982830564
957,,,lab_anemia,lab_anemia,clinicalbert_type1_max_pool,lr_lbfgs,3,32,auroc,0.6812383125672548
958,,,lab_anemia,lab_anemia,clinicalbert_type1_max_pool,lr_lbfgs,3,32,auprc,0.8155751972648179
959,,,lab_anemia,lab_anemia,clinicalbert_type1_max_pool,lr_lbfgs,3,32,brier,0.3193582921038986
960,,,lab_anemia,lab_anemia,clinicalbert_type1_max_pool,lr_lbfgs,4,32,auroc,0.6673821099946489
961,,,lab_anemia,lab_anemia,clinicalbert_type1_max_pool,lr_lbfgs,4,32,auprc,0.7977097737024862
962,,,lab_anemia,lab_anemia,clinicalbert_type1_max_pool,lr_lbfgs,4,32,brier,0.3065877254146161
963,,,lab_anemia,lab_anemia,clinicalbert_type1_max_pool,lr_lbfgs,0,48,auroc,0.6379468743707905
964,,,lab_anemia,lab_anemia,clinicalbert_type1_max_pool,lr_lbfgs,0,48,auprc,0.7814723469831458
965,,,lab_anemia,lab_anemia,clinicalbert_type1_max_pool,lr_lbfgs,0,48,brier,0.23664150817943685
966,,,lab_anemia,lab_anemia,clinicalbert_type1_max_pool,lr_lbfgs,1,48,auroc,0.6155942066530651
967,,,lab_anemia,lab_anemia,clinicalbert_type1_max_pool,lr_lbfgs,1,48,auprc,0.7655099552423612
968,,,lab_anemia,lab_anemia,clinicalbert_type1_max_pool,lr_lbfgs,1,48,brier,0.261060352099046
969,,,lab_anemia,lab_anemia,clinicalbert_type1_max_pool,lr_lbfgs,2,48,auroc,0.7044690804328156
970,,,lab_anemia,lab_anemia,clinicalbert_type1_max_pool,lr_lbfgs,2,48,auprc,0.8318327231340136
971,,,lab_anemia,lab_anemia,clinicalbert_type1_max_pool,lr_lbfgs,2,48,brier,0.33090085499641686
972,,,lab_anemia,lab_anemia,clinicalbert_type1_max_pool,lr_lbfgs,3,48,auroc,0.677153304213794
973,,,lab_anemia,lab_anemia,clinicalbert_type1_max_pool,lr_lbfgs,3,48,auprc,0.8067420713521055
974,,,lab_anemia,lab_anemia,clinicalbert_type1_max_pool,lr_lbfgs,3,48,brier,0.22396487040362653
975,,,lab_anemia,lab_anemia,clinicalbert_type1_max_pool,lr_lbfgs,4,48,auroc,0.679475612345773
976,,,lab_anemia,lab_anemia,clinicalbert_type1_max_pool,lr_lbfgs,4,48,auprc,0.8071261326524706
977,,,lab_anemia,lab_anemia,clinicalbert_type1_max_pool,lr_lbfgs,4,48,brier,0.3101220462624628
978,,,lab_anemia,lab_anemia,clinicalbert_type1_max_pool,lr_lbfgs,0,64,auroc,0.6655371945511237
979,,,lab_anemia,lab_anemia,clinicalbert_type1_max_pool,lr_lbfgs,0,64,auprc,0.8019936858349238
980,,,lab_anemia,lab_anemia,clinicalbert_type1_max_pool,lr_lbfgs,0,64,brier,0.22987640939880316
981,,,lab_anemia,lab_anemia,clinicalbert_type1_max_pool,lr_lbfgs,1,64,auroc,0.6605533219202276
982,,,lab_anemia,lab_anemia,clinicalbert_type1_max_pool,lr_lbfgs,1,64,auprc,0.7997407762875892
983,,,lab_anemia,lab_anemia,clinicalbert_type1_max_pool,lr_lbfgs,1,64,brier,0.2361853027834185
984,,,lab_anemia,lab_anemia,clinicalbert_type1_max_pool,lr_lbfgs,2,64,auroc,0.6977892644118777
985,,,lab_anemia,lab_anemia,clinicalbert_type1_max_pool,lr_lbfgs,2,64,auprc,0.8262553639342491
986,,,lab_anemia,lab_anemia,clinicalbert_type1_max_pool,lr_lbfgs,2,64,brier,0.349914001708671
987,,,lab_anemia,lab_anemia,clinicalbert_type1_max_pool,lr_lbfgs,3,64,auroc,0.6765198830384818
988,,,lab_anemia,lab_anemia,clinicalbert_type1_max_pool,lr_lbfgs,3,64,auprc,0.8094579744010783
989,,,lab_anemia,lab_anemia,clinicalbert_type1_max_pool,lr_lbfgs,3,64,brier,0.2260474951115143
990,,,lab_anemia,lab_anemia,clinicalbert_type1_max_pool,lr_lbfgs,4,64,auroc,0.683438517161173
991,,,lab_anemia,lab_anemia,clinicalbert_type1_max_pool,lr_lbfgs,4,64,auprc,0.8065088956249188
992,,,lab_anemia,lab_anemia,clinicalbert_type1_max_pool,lr_lbfgs,4,64,brier,0.3537213198692457
993,,,lab_anemia,lab_anemia,clinicalbert_type1_max_pool,lr_lbfgs,0,128,auroc,0.7106184085410772
994,,,lab_anemia,lab_anemia,clinicalbert_type1_max_pool,lr_lbfgs,0,128,auprc,0.8285535495162983
995,,,lab_anemia,lab_anemia,clinicalbert_type1_max_pool,lr_lbfgs,0,128,brier,0.2239944259974984
996,,,lab_anemia,lab_anemia,clinicalbert_type1_max_pool,lr_lbfgs,1,128,auroc,0.6923496024547968
997,,,lab_anemia,lab_anemia,clinicalbert_type1_max_pool,lr_lbfgs,1,128,auprc,0.8192596950166617
998,,,lab_anemia,lab_anemia,clinicalbert_type1_max_pool,lr_lbfgs,1,128,brier,0.22512545801050635
999,,,lab_anemia,lab_anemia,clinicalbert_type1_max_pool,lr_lbfgs,2,128,auroc,0.7175664612082928
1000,,,lab_anemia,lab_anemia,clinicalbert_type1_max_pool,lr_lbfgs,2,128,auprc,0.840828448345931
1001,,,lab_anemia,lab_anemia,clinicalbert_type1_max_pool,lr_lbfgs,2,128,brier,0.21469766825445
1002,,,lab_anemia,lab_anemia,clinicalbert_type1_max_pool,lr_lbfgs,3,128,auroc,0.6925268153754853
1003,,,lab_anemia,lab_anemia,clinicalbert_type1_max_pool,lr_lbfgs,3,128,auprc,0.8206494866751779
1004,,,lab_anemia,lab_anemia,clinicalbert_type1_max_pool,lr_lbfgs,3,128,brier,0.22001909155321606
1005,,,lab_anemia,lab_anemia,clinicalbert_type1_max_pool,lr_lbfgs,4,128,auroc,0.7080070934421603
1006,,,lab_anemia,lab_anemia,clinicalbert_type1_max_pool,lr_lbfgs,4,128,auprc,0.8313845330617096
1007,,,lab_anemia,lab_anemia,clinicalbert_type1_max_pool,lr_lbfgs,4,128,brier,0.23476161713446345
1008,,,lab_anemia,lab_anemia,clinicalbert_type1_max_pool,knn,0,-1,auroc,0.6302443914321498
1009,,,lab_anemia,lab_anemia,clinicalbert_type1_max_pool,knn,0,-1,auprc,0.7674312091025737
1010,,,lab_anemia,lab_anemia,clinicalbert_type1_max_pool,knn,0,-1,brier,0.2864248048515153
1011,,,lab_anemia,lab_anemia,clinicalbert_type1_max_pool,knn,0,1,auroc,0.4818066980259941
1012,,,lab_anemia,lab_anemia,clinicalbert_type1_max_pool,knn,0,1,auprc,0.6795998743253922
1013,,,lab_anemia,lab_anemia,clinicalbert_type1_max_pool,knn,0,1,brier,0.4224744218038002
1014,,,lab_anemia,lab_anemia,clinicalbert_type1_max_pool,knn,1,1,auroc,0.47051974091924453
1015,,,lab_anemia,lab_anemia,clinicalbert_type1_max_pool,knn,1,1,auprc,0.6750694216400198
1016,,,lab_anemia,lab_anemia,clinicalbert_type1_max_pool,knn,1,1,brier,0.513713352248302
1017,,,lab_anemia,lab_anemia,clinicalbert_type1_max_pool,knn,2,1,auroc,0.4277829110078365
1018,,,lab_anemia,lab_anemia,clinicalbert_type1_max_pool,knn,2,1,auprc,0.6598889118027507
1019,,,lab_anemia,lab_anemia,clinicalbert_type1_max_pool,knn,2,1,brier,0.6046771558765368
1020,,,lab_anemia,lab_anemia,clinicalbert_type1_max_pool,knn,3,1,auroc,0.5234122766944606
1021,,,lab_anemia,lab_anemia,clinicalbert_type1_max_pool,knn,3,1,auprc,0.6980488421213982
1022,,,lab_anemia,lab_anemia,clinicalbert_type1_max_pool,knn,3,1,brier,0.5865015905769065
1023,,,lab_anemia,lab_anemia,clinicalbert_type1_max_pool,knn,4,1,auroc,0.5391273452339735
1024,,,lab_anemia,lab_anemia,clinicalbert_type1_max_pool,knn,4,1,auprc,0.7045517649456429
1025,,,lab_anemia,lab_anemia,clinicalbert_type1_max_pool,knn,4,1,brier,0.2969822027340727
1026,,,lab_anemia,lab_anemia,clinicalbert_type1_max_pool,knn,0,2,auroc,0.5599807409860392
1027,,,lab_anemia,lab_anemia,clinicalbert_type1_max_pool,knn,0,2,auprc,0.736094198234212
1028,,,lab_anemia,lab_anemia,clinicalbert_type1_max_pool,knn,0,2,brier,0.26775953201061453
1029,,,lab_anemia,lab_anemia,clinicalbert_type1_max_pool,knn,1,2,auroc,0.4613815977875626
1030,,,lab_anemia,lab_anemia,clinicalbert_type1_max_pool,knn,1,2,auprc,0.6714872289623184
1031,,,lab_anemia,lab_anemia,clinicalbert_type1_max_pool,knn,1,2,brier,0.28755910927693235
1032,,,lab_anemia,lab_anemia,clinicalbert_type1_max_pool,knn,2,2,auroc,0.4679288233015564
1033,,,lab_anemia,lab_anemia,clinicalbert_type1_max_pool,knn,2,2,auprc,0.6739938913942347
1034,,,lab_anemia,lab_anemia,clinicalbert_type1_max_pool,knn,2,2,brier,0.49822027340727365
1035,,,lab_anemia,lab_anemia,clinicalbert_type1_max_pool,knn,3,2,auroc,0.5067605508915849
1036,,,lab_anemia,lab_anemia,clinicalbert_type1_max_pool,knn,3,2,auprc,0.6975850948364903
1037,,,lab_anemia,lab_anemia,clinicalbert_type1_max_pool,knn,3,2,brier,0.3253482520072782
1038,,,lab_anemia,lab_anemia,clinicalbert_type1_max_pool,knn,4,2,auroc,0.5677716013157792
1039,,,lab_anemia,lab_anemia,clinicalbert_type1_max_pool,knn,4,2,auprc,0.7178817494792866
1040,,,lab_anemia,lab_anemia,clinicalbert_type1_max_pool,knn,4,2,brier,0.3100335310807325
1041,,,lab_anemia,lab_anemia,clinicalbert_type1_max_pool,knn,0,4,auroc,0.5524527881751291
1042,,,lab_anemia,lab_anemia,clinicalbert_type1_max_pool,knn,0,4,auprc,0.7114251244792833
1043,,,lab_anemia,lab_anemia,clinicalbert_type1_max_pool,knn,0,4,brier,0.46661508038861665
1044,,,lab_anemia,lab_anemia,clinicalbert_type1_max_pool,knn,1,4,auroc,0.4596745655199607
1045,,,lab_anemia,lab_anemia,clinicalbert_type1_max_pool,knn,1,4,auprc,0.6709262392629669
1046,,,lab_anemia,lab_anemia,clinicalbert_type1_max_pool,knn,1,4,brier,0.25658945920385184
1047,,,lab_anemia,lab_anemia,clinicalbert_type1_max_pool,knn,2,4,auroc,0.5235710189295807
1048,,,lab_anemia,lab_anemia,clinicalbert_type1_max_pool,knn,2,4,auprc,0.6993623547836662
1049,,,lab_anemia,lab_anemia,clinicalbert_type1_max_pool,knn,2,4,brier,0.21989648353537966
1050,,,lab_anemia,lab_anemia,clinicalbert_type1_max_pool,knn,3,4,auroc,0.5563115710442441
1051,,,lab_anemia,lab_anemia,clinicalbert_type1_max_pool,knn,3,4,auprc,0.7143390486763778
1052,,,lab_anemia,lab_anemia,clinicalbert_type1_max_pool,knn,3,4,brier,0.28629811136904254
1053,,,lab_anemia,lab_anemia,clinicalbert_type1_max_pool,knn,4,4,auroc,0.6038631771464011
1054,,,lab_anemia,lab_anemia,clinicalbert_type1_max_pool,knn,4,4,auprc,0.7454541766964139
1055,,,lab_anemia,lab_anemia,clinicalbert_type1_max_pool,knn,4,4,brier,0.2938908890873405
1056,,,lab_anemia,lab_anemia,clinicalbert_type1_max_pool,knn,0,8,auroc,0.5072088572891037
1057,,,lab_anemia,lab_anemia,clinicalbert_type1_max_pool,knn,0,8,auprc,0.70054112237841
1058,,,lab_anemia,lab_anemia,clinicalbert_type1_max_pool,knn,0,8,brier,0.34278614367618576
1059,,,lab_anemia,lab_anemia,clinicalbert_type1_max_pool,knn,1,8,auroc,0.5570433496004599
1060,,,lab_anemia,lab_anemia,clinicalbert_type1_max_pool,knn,1,8,auprc,0.7131178517459519
1061,,,lab_anemia,lab_anemia,clinicalbert_type1_max_pool,knn,1,8,brier,0.3856934055541226
1062,,,lab_anemia,lab_anemia,clinicalbert_type1_max_pool,knn,2,8,auroc,0.5534409708848863
1063,,,lab_anemia,lab_anemia,clinicalbert_type1_max_pool,knn,2,8,auprc,0.7118870243686612
1064,,,lab_anemia,lab_anemia,clinicalbert_type1_max_pool,knn,2,8,brier,0.4632791677413808
1065,,,lab_anemia,lab_anemia,clinicalbert_type1_max_pool,knn,3,8,auroc,0.5872981186260882
1066,,,lab_anemia,lab_anemia,clinicalbert_type1_max_pool,knn,3,8,auprc,0.731650018012024
1067,,,lab_anemia,lab_anemia,clinicalbert_type1_max_pool,knn,3,8,brier,0.24495228269280378
1068,,,lab_anemia,lab_anemia,clinicalbert_type1_max_pool,knn,4,8,auroc,0.5732700301965545
1069,,,lab_anemia,lab_anemia,clinicalbert_type1_max_pool,knn,4,8,auprc,0.72232386348087
1070,,,lab_anemia,lab_anemia,clinicalbert_type1_max_pool,knn,4,8,brier,0.47110308657897
1071,,,lab_anemia,lab_anemia,clinicalbert_type1_max_pool,knn,0,12,auroc,0.5363154377055819
1072,,,lab_anemia,lab_anemia,clinicalbert_type1_max_pool,knn,0,12,auprc,0.7203018790263316
1073,,,lab_anemia,lab_anemia,clinicalbert_type1_max_pool,knn,0,12,brier,0.3640907499447167
1074,,,lab_anemia,lab_anemia,clinicalbert_type1_max_pool,knn,1,12,auroc,0.613180369192209
1075,,,lab_anemia,lab_anemia,clinicalbert_type1_max_pool,knn,1,12,auprc,0.7611920479216687
1076,,,lab_anemia,lab_anemia,clinicalbert_type1_max_pool,knn,1,12,brier,0.24232005423561684
1077,,,lab_anemia,lab_anemia,clinicalbert_type1_max_pool,knn,2,12,auroc,0.5547995771367982
1078,,,lab_anemia,lab_anemia,clinicalbert_type1_max_pool,knn,2,12,auprc,0.7206463966627789
1079,,,lab_anemia,lab_anemia,clinicalbert_type1_max_pool,knn,2,12,brier,0.32658008520552995
1080,,,lab_anemia,lab_anemia,clinicalbert_type1_max_pool,knn,3,12,auroc,0.5470907483609684
1081,,,lab_anemia,lab_anemia,clinicalbert_type1_max_pool,knn,3,12,auprc,0.7087264481540678
1082,,,lab_anemia,lab_anemia,clinicalbert_type1_max_pool,knn,3,12,brier,0.4582065170664603
1083,,,lab_anemia,lab_anemia,clinicalbert_type1_max_pool,knn,4,12,auroc,0.583757631944057
1084,,,lab_anemia,lab_anemia,clinicalbert_type1_max_pool,knn,4,12,auprc,0.7273494558449982
1085,,,lab_anemia,lab_anemia,clinicalbert_type1_max_pool,knn,4,12,brier,0.4407015733814805
1086,,,lab_anemia,lab_anemia,clinicalbert_type1_max_pool,knn,0,16,auroc,0.5288811707763501
1087,,,lab_anemia,lab_anemia,clinicalbert_type1_max_pool,knn,0,16,auprc,0.7162603262064007
1088,,,lab_anemia,lab_anemia,clinicalbert_type1_max_pool,knn,0,16,brier,0.33684012766293053
1089,,,lab_anemia,lab_anemia,clinicalbert_type1_max_pool,knn,1,16,auroc,0.5730001219638953
1090,,,lab_anemia,lab_anemia,clinicalbert_type1_max_pool,knn,1,16,auprc,0.7206543411735212
1091,,,lab_anemia,lab_anemia,clinicalbert_type1_max_pool,knn,1,16,brier,0.26297347127886206
1092,,,lab_anemia,lab_anemia,clinicalbert_type1_max_pool,knn,2,16,auroc,0.5330470495158969
1093,,,lab_anemia,lab_anemia,clinicalbert_type1_max_pool,knn,2,16,auprc,0.702088070685561
1094,,,lab_anemia,lab_anemia,clinicalbert_type1_max_pool,knn,2,16,brier,0.46995099303585247
1095,,,lab_anemia,lab_anemia,clinicalbert_type1_max_pool,knn,3,16,auroc,0.5517571117573814
1096,,,lab_anemia,lab_anemia,clinicalbert_type1_max_pool,knn,3,16,auprc,0.7171454290804841
1097,,,lab_anemia,lab_anemia,clinicalbert_type1_max_pool,knn,3,16,brier,0.2885667612415099
1098,,,lab_anemia,lab_anemia,clinicalbert_type1_max_pool,knn,4,16,auroc,0.5791515653512199
1099,,,lab_anemia,lab_anemia,clinicalbert_type1_max_pool,knn,4,16,auprc,0.7250768138770216
1100,,,lab_anemia,lab_anemia,clinicalbert_type1_max_pool,knn,4,16,brier,0.4511735878256384
1101,,,lab_anemia,lab_anemia,clinicalbert_type1_max_pool,knn,0,24,auroc,0.5639890496646199
1102,,,lab_anemia,lab_anemia,clinicalbert_type1_max_pool,knn,0,24,auprc,0.7288435217546709
1103,,,lab_anemia,lab_anemia,clinicalbert_type1_max_pool,knn,0,24,brier,0.31246525443648643
1104,,,lab_anemia,lab_anemia,clinicalbert_type1_max_pool,knn,1,24,auroc,0.5838884208523454
1105,,,lab_anemia,lab_anemia,clinicalbert_type1_max_pool,knn,1,24,auprc,0.7265487681862477
1106,,,lab_anemia,lab_anemia,clinicalbert_type1_max_pool,knn,1,24,brier,0.26689227065600557
1107,,,lab_anemia,lab_anemia,clinicalbert_type1_max_pool,knn,2,24,auroc,0.6103405159038373
1108,,,lab_anemia,lab_anemia,clinicalbert_type1_max_pool,knn,2,24,auprc,0.7489551386310477
1109,,,lab_anemia,lab_anemia,clinicalbert_type1_max_pool,knn,2,24,brier,0.2577835095864501
1110,,,lab_anemia,lab_anemia,clinicalbert_type1_max_pool,knn,3,24,auroc,0.5484492658743438
1111,,,lab_anemia,lab_anemia,clinicalbert_type1_max_pool,knn,3,24,auprc,0.7145496885575833
1112,,,lab_anemia,lab_anemia,clinicalbert_type1_max_pool,knn,3,24,brier,0.2700355945318546
1113,,,lab_anemia,lab_anemia,clinicalbert_type1_max_pool,knn,4,24,auroc,0.6127411113738108
1114,,,lab_anemia,lab_anemia,clinicalbert_type1_max_pool,knn,4,24,auprc,0.7580534801390427
1115,,,lab_anemia,lab_anemia,clinicalbert_type1_max_pool,knn,4,24,brier,0.3068950310925475
1116,,,lab_anemia,lab_anemia,clinicalbert_type1_max_pool,knn,0,32,auroc,0.6037511987441228
1117,,,lab_anemia,lab_anemia,clinicalbert_type1_max_pool,knn,0,32,auprc,0.7593742347348702
1118,,,lab_anemia,lab_anemia,clinicalbert_type1_max_pool,knn,0,32,brier,0.2473832861373422
1119,,,lab_anemia,lab_anemia,clinicalbert_type1_max_pool,knn,1,32,auroc,0.5704237547145787
1120,,,lab_anemia,lab_anemia,clinicalbert_type1_max_pool,knn,1,32,auprc,0.7253226401170454
1121,,,lab_anemia,lab_anemia,clinicalbert_type1_max_pool,knn,1,32,brier,0.3057219420219882
1122,,,lab_anemia,lab_anemia,clinicalbert_type1_max_pool,knn,2,32,auroc,0.6065019324020098
1123,,,lab_anemia,lab_anemia,clinicalbert_type1_max_pool,knn,2,32,auprc,0.7508264647476064
1124,,,lab_anemia,lab_anemia,clinicalbert_type1_max_pool,knn,2,32,brier,0.2810025142648111
1125,,,lab_anemia,lab_anemia,clinicalbert_type1_max_pool,knn,3,32,auroc,0.6098339227337742
1126,,,lab_anemia,lab_anemia,clinicalbert_type1_max_pool,knn,3,32,auprc,0.7556207982200747
1127,,,lab_anemia,lab_anemia,clinicalbert_type1_max_pool,knn,3,32,brier,0.2629893770465135
1128,,,lab_anemia,lab_anemia,clinicalbert_type1_max_pool,knn,4,32,auroc,0.6099741461306318
1129,,,lab_anemia,lab_anemia,clinicalbert_type1_max_pool,knn,4,32,auprc,0.7496431006000758
1130,,,lab_anemia,lab_anemia,clinicalbert_type1_max_pool,knn,4,32,brier,0.2864510360244175
1131,,,lab_anemia,lab_anemia,clinicalbert_type1_max_pool,knn,0,48,auroc,0.6029799611187632
1132,,,lab_anemia,lab_anemia,clinicalbert_type1_max_pool,knn,0,48,auprc,0.7550862567466976
1133,,,lab_anemia,lab_anemia,clinicalbert_type1_max_pool,knn,0,48,brier,0.26518863003386145
1134,,,lab_anemia,lab_anemia,clinicalbert_type1_max_pool,knn,1,48,auroc,0.5941178601850756
1135,,,lab_anemia,lab_anemia,clinicalbert_type1_max_pool,knn,1,48,auprc,0.7404563158686497
1136,,,lab_anemia,lab_anemia,clinicalbert_type1_max_pool,knn,1,48,brier,0.2900976001856581
1137,,,lab_anemia,lab_anemia,clinicalbert_type1_max_pool,knn,2,48,auroc,0.6049337105936409
1138,,,lab_anemia,lab_anemia,clinicalbert_type1_max_pool,knn,2,48,auprc,0.7426411755702502
1139,,,lab_anemia,lab_anemia,clinicalbert_type1_max_pool,knn,2,48,brier,0.27291624872228437
1140,,,lab_anemia,lab_anemia,clinicalbert_type1_max_pool,knn,3,48,auroc,0.5839629653502156
1141,,,lab_anemia,lab_anemia,clinicalbert_type1_max_pool,knn,3,48,auprc,0.7266881778748171
1142,,,lab_anemia,lab_anemia,clinicalbert_type1_max_pool,knn,3,48,brier,0.39977645946178314
1143,,,lab_anemia,lab_anemia,clinicalbert_type1_max_pool,knn,4,48,auroc,0.6325469844753651
1144,,,lab_anemia,lab_anemia,clinicalbert_type1_max_pool,knn,4,48,auprc,0.7657464353882035
1145,,,lab_anemia,lab_anemia,clinicalbert_type1_max_pool,knn,4,48,brier,0.25990655181163314
1146,,,lab_anemia,lab_anemia,clinicalbert_type1_max_pool,knn,0,64,auroc,0.5850499594519921
1147,,,lab_anemia,lab_anemia,clinicalbert_type1_max_pool,knn,0,64,auprc,0.744883709301414
1148,,,lab_anemia,lab_anemia,clinicalbert_type1_max_pool,knn,0,64,brier,0.28452703208054786
1149,,,lab_anemia,lab_anemia,clinicalbert_type1_max_pool,knn,1,64,auroc,0.6084320368403882
1150,,,lab_anemia,lab_anemia,clinicalbert_type1_max_pool,knn,1,64,auprc,0.7532981443336062
1151,,,lab_anemia,lab_anemia,clinicalbert_type1_max_pool,knn,1,64,brier,0.283703541630505
1152,,,lab_anemia,lab_anemia,clinicalbert_type1_max_pool,knn,2,64,auroc,0.6168174673760338
1153,,,lab_anemia,lab_anemia,clinicalbert_type1_max_pool,knn,2,64,auprc,0.7486275982868508
1154,,,lab_anemia,lab_anemia,clinicalbert_type1_max_pool,knn,2,64,brier,0.26033943770956935
1155,,,lab_anemia,lab_anemia,clinicalbert_type1_max_pool,knn,3,64,auroc,0.6333766058665528
1156,,,lab_anemia,lab_anemia,clinicalbert_type1_max_pool,knn,3,64,auprc,0.7587947244388715
1157,,,lab_anemia,lab_anemia,clinicalbert_type1_max_pool,knn,3,64,brier,0.2737091489219423
1158,,,lab_anemia,lab_anemia,clinicalbert_type1_max_pool,knn,4,64,auroc,0.6275399593412408
1159,,,lab_anemia,lab_anemia,clinicalbert_type1_max_pool,knn,4,64,auprc,0.7608210852914901
1160,,,lab_anemia,lab_anemia,clinicalbert_type1_max_pool,knn,4,64,brier,0.2566674496324466
1161,,,lab_anemia,lab_anemia,clinicalbert_type1_max_pool,knn,0,128,auroc,0.6052802786032334
1162,,,lab_anemia,lab_anemia,clinicalbert_type1_max_pool,knn,0,128,auprc,0.7460372125469705
1163,,,lab_anemia,lab_anemia,clinicalbert_type1_max_pool,knn,0,128,brier,0.2554194824176769
1164,,,lab_anemia,lab_anemia,clinicalbert_type1_max_pool,knn,1,128,auroc,0.6144314415355097
1165,,,lab_anemia,lab_anemia,clinicalbert_type1_max_pool,knn,1,128,auprc,0.7475829246892423
1166,,,lab_anemia,lab_anemia,clinicalbert_type1_max_pool,knn,1,128,brier,0.2540741122861319
1167,,,lab_anemia,lab_anemia,clinicalbert_type1_max_pool,knn,2,128,auroc,0.6346314492536986
1168,,,lab_anemia,lab_anemia,clinicalbert_type1_max_pool,knn,2,128,auprc,0.7646876406464194
1169,,,lab_anemia,lab_anemia,clinicalbert_type1_max_pool,knn,2,128,brier,0.2531799501332646
1170,,,lab_anemia,lab_anemia,clinicalbert_type1_max_pool,knn,3,128,auroc,0.643278626828246
1171,,,lab_anemia,lab_anemia,clinicalbert_type1_max_pool,knn,3,128,auprc,0.785257451332255
1172,,,lab_anemia,lab_anemia,clinicalbert_type1_max_pool,knn,3,128,brier,0.2515680231400144
1173,,,lab_anemia,lab_anemia,clinicalbert_type1_max_pool,knn,4,128,auroc,0.6459718874941194
1174,,,lab_anemia,lab_anemia,clinicalbert_type1_max_pool,knn,4,128,auprc,0.7808673008822566
1175,,,lab_anemia,lab_anemia,clinicalbert_type1_max_pool,knn,4,128,brier,0.25934314734585145
1176,,,lab_anemia,lab_anemia,clinicalbert_type1_max_pool,rf,0,-1,auroc,0.7478064851910861
1177,,,lab_anemia,lab_anemia,clinicalbert_type1_max_pool,rf,0,-1,auprc,0.8531924972629366
1178,,,lab_anemia,lab_anemia,clinicalbert_type1_max_pool,rf,0,-1,brier,0.18342727138389334
1179,,,lab_anemia,lab_anemia,clinicalbert_type1_max_pool,rf,0,1,auroc,0.4519450427798853
1180,,,lab_anemia,lab_anemia,clinicalbert_type1_max_pool,rf,0,1,auprc,0.6627214184515026
1181,,,lab_anemia,lab_anemia,clinicalbert_type1_max_pool,rf,0,1,brier,0.2409665548963975
1182,,,lab_anemia,lab_anemia,clinicalbert_type1_max_pool,rf,1,1,auroc,0.493124148858138
1183,,,lab_anemia,lab_anemia,clinicalbert_type1_max_pool,rf,1,1,auprc,0.6897616860460611
1184,,,lab_anemia,lab_anemia,clinicalbert_type1_max_pool,rf,1,1,brier,0.24963545696844638
1185,,,lab_anemia,lab_anemia,clinicalbert_type1_max_pool,rf,2,1,auroc,0.41276418752062405
1186,,,lab_anemia,lab_anemia,clinicalbert_type1_max_pool,rf,2,1,auprc,0.6245496054855679
1187,,,lab_anemia,lab_anemia,clinicalbert_type1_max_pool,rf,2,1,brier,0.260024709827186
1188,,,lab_anemia,lab_anemia,clinicalbert_type1_max_pool,rf,3,1,auroc,0.5815598191632451
1189,,,lab_anemia,lab_anemia,clinicalbert_type1_max_pool,rf,3,1,auprc,0.7298755815126869
1190,,,lab_anemia,lab_anemia,clinicalbert_type1_max_pool,rf,3,1,brier,0.23667216920299203
1191,,,lab_anemia,lab_anemia,clinicalbert_type1_max_pool,rf,4,1,auroc,0.5981623404795829
1192,,,lab_anemia,lab_anemia,clinicalbert_type1_max_pool,rf,4,1,auprc,0.7388775913168574
1193,,,lab_anemia,lab_anemia,clinicalbert_type1_max_pool,rf,4,1,brier,0.21451276760381738
1194,,,lab_anemia,lab_anemia,clinicalbert_type1_max_pool,rf,0,2,auroc,0.4899663784131748
1195,,,lab_anemia,lab_anemia,clinicalbert_type1_max_pool,rf,0,2,auprc,0.6864016344436993
1196,,,lab_anemia,lab_anemia,clinicalbert_type1_max_pool,rf,0,2,brier,0.26447115467285703
1197,,,lab_anemia,lab_anemia,clinicalbert_type1_max_pool,rf,1,2,auroc,0.46512689576296884
1198,,,lab_anemia,lab_anemia,clinicalbert_type1_max_pool,rf,1,2,auprc,0.670284657816079
1199,,,lab_anemia,lab_anemia,clinicalbert_type1_max_pool,rf,1,2,brier,0.23370974120883845
1200,,,lab_anemia,lab_anemia,clinicalbert_type1_max_pool,rf,2,2,auroc,0.436493020026224
1201,,,lab_anemia,lab_anemia,clinicalbert_type1_max_pool,rf,2,2,auprc,0.6558017408412121
1202,,,lab_anemia,lab_anemia,clinicalbert_type1_max_pool,rf,2,2,brier,0.2593429627719027
1203,,,lab_anemia,lab_anemia,clinicalbert_type1_max_pool,rf,3,2,auroc,0.586118479428722
1204,,,lab_anemia,lab_anemia,clinicalbert_type1_max_pool,rf,3,2,auprc,0.7371540853310645
1205,,,lab_anemia,lab_anemia,clinicalbert_type1_max_pool,rf,3,2,brier,0.2324580861490844
1206,,,lab_anemia,lab_anemia,clinicalbert_type1_max_pool,rf,4,2,auroc,0.5934558665768642
1207,,,lab_anemia,lab_anemia,clinicalbert_type1_max_pool,rf,4,2,auprc,0.7332591915497141
1208,,,lab_anemia,lab_anemia,clinicalbert_type1_max_pool,rf,4,2,brier,0.22809775599690482
1209,,,lab_anemia,lab_anemia,clinicalbert_type1_max_pool,rf,0,4,auroc,0.5750253142152464
1210,,,lab_anemia,lab_anemia,clinicalbert_type1_max_pool,rf,0,4,auprc,0.7339122002186007
1211,,,lab_anemia,lab_anemia,clinicalbert_type1_max_pool,rf,0,4,brier,0.2736732869056831
1212,,,lab_anemia,lab_anemia,clinicalbert_type1_max_pool,rf,1,4,auroc,0.5163019074864299
1213,,,lab_anemia,lab_anemia,clinicalbert_type1_max_pool,rf,1,4,auprc,0.6977284777275221
1214,,,lab_anemia,lab_anemia,clinicalbert_type1_max_pool,rf,1,4,brier,0.22447167053563755
1215,,,lab_anemia,lab_anemia,clinicalbert_type1_max_pool,rf,2,4,auroc,0.5580861821785641
1216,,,lab_anemia,lab_anemia,clinicalbert_type1_max_pool,rf,2,4,auprc,0.7118345726273246
1217,,,lab_anemia,lab_anemia,clinicalbert_type1_max_pool,rf,2,4,brier,0.23336909294127767
1218,,,lab_anemia,lab_anemia,clinicalbert_type1_max_pool,rf,3,4,auroc,0.5562530820303844
1219,,,lab_anemia,lab_anemia,clinicalbert_type1_max_pool,rf,3,4,auprc,0.71281717691479
1220,,,lab_anemia,lab_anemia,clinicalbert_type1_max_pool,rf,3,4,brier,0.2459435990026653
1221,,,lab_anemia,lab_anemia,clinicalbert_type1_max_pool,rf,4,4,auroc,0.5708909170192189
1222,,,lab_anemia,lab_anemia,clinicalbert_type1_max_pool,rf,4,4,auprc,0.7190579910358953
1223,,,lab_anemia,lab_anemia,clinicalbert_type1_max_pool,rf,4,4,brier,0.28302742670449665
1224,,,lab_anemia,lab_anemia,clinicalbert_type1_max_pool,rf,0,8,auroc,0.5602999011700349
1225,,,lab_anemia,lab_anemia,clinicalbert_type1_max_pool,rf,0,8,auprc,0.7222670825528298
1226,,,lab_anemia,lab_anemia,clinicalbert_type1_max_pool,rf,0,8,brier,0.2959265548963976
1227,,,lab_anemia,lab_anemia,clinicalbert_type1_max_pool,rf,1,8,auroc,0.5633210349059568
1228,,,lab_anemia,lab_anemia,clinicalbert_type1_max_pool,rf,1,8,auprc,0.7208669818255939
1229,,,lab_anemia,lab_anemia,clinicalbert_type1_max_pool,rf,1,8,brier,0.25726214426962424
1230,,,lab_anemia,lab_anemia,clinicalbert_type1_max_pool,rf,2,8,auroc,0.587503200262446
1231,,,lab_anemia,lab_anemia,clinicalbert_type1_max_pool,rf,2,8,auprc,0.7351368647139835
1232,,,lab_anemia,lab_anemia,clinicalbert_type1_max_pool,rf,2,8,brier,0.25674555240306074
1233,,,lab_anemia,lab_anemia,clinicalbert_type1_max_pool,rf,3,8,auroc,0.6088412054160225
1234,,,lab_anemia,lab_anemia,clinicalbert_type1_max_pool,rf,3,8,auprc,0.7439466584762918
1235,,,lab_anemia,lab_anemia,clinicalbert_type1_max_pool,rf,3,8,brier,0.22956886768119683
1236,,,lab_anemia,lab_anemia,clinicalbert_type1_max_pool,rf,4,8,auroc,0.5998302534984824
1237,,,lab_anemia,lab_anemia,clinicalbert_type1_max_pool,rf,4,8,auprc,0.7480771821619321
1238,,,lab_anemia,lab_anemia,clinicalbert_type1_max_pool,rf,4,8,brier,0.2814203421889777
1239,,,lab_anemia,lab_anemia,clinicalbert_type1_max_pool,rf,0,12,auroc,0.5423993531304652
1240,,,lab_anemia,lab_anemia,clinicalbert_type1_max_pool,rf,0,12,auprc,0.7152706761454533
1241,,,lab_anemia,lab_anemia,clinicalbert_type1_max_pool,rf,0,12,brier,0.28589722637778353
1242,,,lab_anemia,lab_anemia,clinicalbert_type1_max_pool,rf,1,12,auroc,0.617779650382549
1243,,,lab_anemia,lab_anemia,clinicalbert_type1_max_pool,rf,1,12,auprc,0.7557296044489371
1244,,,lab_anemia,lab_anemia,clinicalbert_type1_max_pool,rf,1,12,brier,0.2653703034992692
1245,,,lab_anemia,lab_anemia,clinicalbert_type1_max_pool,rf,2,12,auroc,0.5985516660178665
1246,,,lab_anemia,lab_anemia,clinicalbert_type1_max_pool,rf,2,12,auprc,0.7320263388512782
1247,,,lab_anemia,lab_anemia,clinicalbert_type1_max_pool,rf,2,12,brier,0.24414245851603475
1248,,,lab_anemia,lab_anemia,clinicalbert_type1_max_pool,rf,3,12,auroc,0.5880202212423684
1249,,,lab_anemia,lab_anemia,clinicalbert_type1_max_pool,rf,3,12,auprc,0.7301456042801405
1250,,,lab_anemia,lab_anemia,clinicalbert_type1_max_pool,rf,3,12,brier,0.2540746281489124
1251,,,lab_anemia,lab_anemia,clinicalbert_type1_max_pool,rf,4,12,auroc,0.5973118882329193
1252,,,lab_anemia,lab_anemia,clinicalbert_type1_max_pool,rf,4,12,auprc,0.7303802693570781
1253,,,lab_anemia,lab_anemia,clinicalbert_type1_max_pool,rf,4,12,brier,0.26887675350356804
1254,,,lab_anemia,lab_anemia,clinicalbert_type1_max_pool,rf,0,16,auroc,0.5505161700530278
1255,,,lab_anemia,lab_anemia,clinicalbert_type1_max_pool,rf,0,16,auprc,0.7113292962841063
1256,,,lab_anemia,lab_anemia,clinicalbert_type1_max_pool,rf,0,16,brier,0.2543342225565257
1257,,,lab_anemia,lab_anemia,clinicalbert_type1_max_pool,rf,1,16,auroc,0.5930115596045398
1258,,,lab_anemia,lab_anemia,clinicalbert_type1_max_pool,rf,1,16,auprc,0.7405058791904634
1259,,,lab_anemia,lab_anemia,clinicalbert_type1_max_pool,rf,1,16,brier,0.26320862350614743
1260,,,lab_anemia,lab_anemia,clinicalbert_type1_max_pool,rf,2,16,auroc,0.5672538078290639
1261,,,lab_anemia,lab_anemia,clinicalbert_type1_max_pool,rf,2,16,auprc,0.7196491151833658
1262,,,lab_anemia,lab_anemia,clinicalbert_type1_max_pool,rf,2,16,brier,0.27052613704754536
1263,,,lab_anemia,lab_anemia,clinicalbert_type1_max_pool,rf,3,16,auroc,0.6189515101682325
1264,,,lab_anemia,lab_anemia,clinicalbert_type1_max_pool,rf,3,16,auprc,0.7565606549390893
1265,,,lab_anemia,lab_anemia,clinicalbert_type1_max_pool,rf,3,16,brier,0.23422904307454218
1266,,,lab_anemia,lab_anemia,clinicalbert_type1_max_pool,rf,4,16,auroc,0.5931569883076316
1267,,,lab_anemia,lab_anemia,clinicalbert_type1_max_pool,rf,4,16,auprc,0.7367869351995913
1268,,,lab_anemia,lab_anemia,clinicalbert_type1_max_pool,rf,4,16,brier,0.30318373312698826
1269,,,lab_anemia,lab_anemia,clinicalbert_type1_max_pool,rf,0,24,auroc,0.5657552698480418
1270,,,lab_anemia,lab_anemia,clinicalbert_type1_max_pool,rf,0,24,auprc,0.7302258298372267
1271,,,lab_anemia,lab_anemia,clinicalbert_type1_max_pool,rf,0,24,brier,0.2546151904393431
1272,,,lab_anemia,lab_anemia,clinicalbert_type1_max_pool,rf,1,24,auroc,0.5844808063017294
1273,,,lab_anemia,lab_anemia,clinicalbert_type1_max_pool,rf,1,24,auprc,0.7268286165072059
1274,,,lab_anemia,lab_anemia,clinicalbert_type1_max_pool,rf,1,24,brier,0.2672806052789958
1275,,,lab_anemia,lab_anemia,clinicalbert_type1_max_pool,rf,2,24,auroc,0.5953144092328251
1276,,,lab_anemia,lab_anemia,clinicalbert_type1_max_pool,rf,2,24,auprc,0.7369336849752007
1277,,,lab_anemia,lab_anemia,clinicalbert_type1_max_pool,rf,2,24,brier,0.26061886338234036
1278,,,lab_anemia,lab_anemia,clinicalbert_type1_max_pool,rf,3,24,auroc,0.6024912133371406
1279,,,lab_anemia,lab_anemia,clinicalbert_type1_max_pool,rf,3,24,auprc,0.7461691123121966
1280,,,lab_anemia,lab_anemia,clinicalbert_type1_max_pool,rf,3,24,brier,0.24494815579055976
1281,,,lab_anemia,lab_anemia,clinicalbert_type1_max_pool,rf,4,24,auroc,0.5962347062744129
1282,,,lab_anemia,lab_anemia,clinicalbert_type1_max_pool,rf,4,24,auprc,0.7311496642346325
1283,,,lab_anemia,lab_anemia,clinicalbert_type1_max_pool,rf,4,24,brier,0.2648001083311839
1284,,,lab_anemia,lab_anemia,clinicalbert_type1_max_pool,rf,0,32,auroc,0.5485363637795709
1285,,,lab_anemia,lab_anemia,clinicalbert_type1_max_pool,rf,0,32,auprc,0.7272799162921684
1286,,,lab_anemia,lab_anemia,clinicalbert_type1_max_pool,rf,0,32,brier,0.2710049677248163
1287,,,lab_anemia,lab_anemia,clinicalbert_type1_max_pool,rf,1,32,auroc,0.6135508257533541
1288,,,lab_anemia,lab_anemia,clinicalbert_type1_max_pool,rf,1,32,auprc,0.7466068173988458
1289,,,lab_anemia,lab_anemia,clinicalbert_type1_max_pool,rf,1,32,brier,0.2737594519336256
1290,,,lab_anemia,lab_anemia,clinicalbert_type1_max_pool,rf,2,32,auroc,0.6070404239803443
1291,,,lab_anemia,lab_anemia,clinicalbert_type1_max_pool,rf,2,32,auprc,0.7433599595213144
1292,,,lab_anemia,lab_anemia,clinicalbert_type1_max_pool,rf,2,32,brier,0.25609321469771484
1293,,,lab_anemia,lab_anemia,clinicalbert_type1_max_pool,rf,3,32,auroc,0.6735798652673861
1294,,,lab_anemia,lab_anemia,clinicalbert_type1_max_pool,rf,3,32,auprc,0.8003446211919469
1295,,,lab_anemia,lab_anemia,clinicalbert_type1_max_pool,rf,3,32,brier,0.2213051064683461
1296,,,lab_anemia,lab_anemia,clinicalbert_type1_max_pool,rf,4,32,auroc,0.581641194464724
1297,,,lab_anemia,lab_anemia,clinicalbert_type1_max_pool,rf,4,32,auprc,0.7283681701826197
1298,,,lab_anemia,lab_anemia,clinicalbert_type1_max_pool,rf,4,32,brier,0.29881454733041013
1299,,,lab_anemia,lab_anemia,clinicalbert_type1_max_pool,rf,0,48,auroc,0.5979757260893155
1300,,,lab_anemia,lab_anemia,clinicalbert_type1_max_pool,rf,0,48,auprc,0.7476117680191984
1301,,,lab_anemia,lab_anemia,clinicalbert_type1_max_pool,rf,0,48,brier,0.2372820496947812
1302,,,lab_anemia,lab_anemia,clinicalbert_type1_max_pool,rf,1,48,auroc,0.6047757360500443
1303,,,lab_anemia,lab_anemia,clinicalbert_type1_max_pool,rf,1,48,auprc,0.7442382817076038
1304,,,lab_anemia,lab_anemia,clinicalbert_type1_max_pool,rf,1,48,brier,0.2503640890723068
1305,,,lab_anemia,lab_anemia,clinicalbert_type1_max_pool,rf,2,48,auroc,0.626071299419024
1306,,,lab_anemia,lab_anemia,clinicalbert_type1_max_pool,rf,2,48,auprc,0.7610342606675075
1307,,,lab_anemia,lab_anemia,clinicalbert_type1_max_pool,rf,2,48,brier,0.23487468833290343
1308,,,lab_anemia,lab_anemia,clinicalbert_type1_max_pool,rf,3,48,auroc,0.6697094769110927
1309,,,lab_anemia,lab_anemia,clinicalbert_type1_max_pool,rf,3,48,auprc,0.7998574346273098
1310,,,lab_anemia,lab_anemia,clinicalbert_type1_max_pool,rf,3,48,brier,0.2234596986979241
1311,,,lab_anemia,lab_anemia,clinicalbert_type1_max_pool,rf,4,48,auroc,0.623629036047038
1312,,,lab_anemia,lab_anemia,clinicalbert_type1_max_pool,rf,4,48,auprc,0.7590461153971869
1313,,,lab_anemia,lab_anemia,clinicalbert_type1_max_pool,rf,4,48,brier,0.25291619890444217
1314,,,lab_anemia,lab_anemia,clinicalbert_type1_max_pool,rf,0,64,auroc,0.5932208147036866
1315,,,lab_anemia,lab_anemia,clinicalbert_type1_max_pool,rf,0,64,auprc,0.7482045162313035
1316,,,lab_anemia,lab_anemia,clinicalbert_type1_max_pool,rf,0,64,brier,0.2496376063966985
1317,,,lab_anemia,lab_anemia,clinicalbert_type1_max_pool,rf,1,64,auroc,0.6266568114152702
1318,,,lab_anemia,lab_anemia,clinicalbert_type1_max_pool,rf,1,64,auprc,0.7575715167277992
1319,,,lab_anemia,lab_anemia,clinicalbert_type1_max_pool,rf,1,64,brier,0.2498238019086923
1320,,,lab_anemia,lab_anemia,clinicalbert_type1_max_pool,rf,2,64,auroc,0.6371844658858454
1321,,,lab_anemia,lab_anemia,clinicalbert_type1_max_pool,rf,2,64,auprc,0.7737334370669507
1322,,,lab_anemia,lab_anemia,clinicalbert_type1_max_pool,rf,2,64,brier,0.2361958454618697
1323,,,lab_anemia,lab_anemia,clinicalbert_type1_max_pool,rf,3,64,auroc,0.6665744462319795
1324,,,lab_anemia,lab_anemia,clinicalbert_type1_max_pool,rf,3,64,auprc,0.7980001486279303
1325,,,lab_anemia,lab_anemia,clinicalbert_type1_max_pool,rf,3,64,brier,0.2293095130828533
1326,,,lab_anemia,lab_anemia,clinicalbert_type1_max_pool,rf,4,64,auroc,0.6096965788680251
1327,,,lab_anemia,lab_anemia,clinicalbert_type1_max_pool,rf,4,64,auprc,0.7440167162644944
1328,,,lab_anemia,lab_anemia,clinicalbert_type1_max_pool,rf,4,64,brier,0.26578196199810855
1329,,,lab_anemia,lab_anemia,clinicalbert_type1_max_pool,rf,0,128,auroc,0.6849140223328068
1330,,,lab_anemia,lab_anemia,clinicalbert_type1_max_pool,rf,0,128,auprc,0.7903629647729593
1331,,,lab_anemia,lab_anemia,clinicalbert_type1_max_pool,rf,0,128,brier,0.23198208370351264
1332,,,lab_anemia,lab_anemia,clinicalbert_type1_max_pool,rf,1,128,auroc,0.5919079266832582
1333,,,lab_anemia,lab_anemia,clinicalbert_type1_max_pool,rf,1,128,auprc,0.7368634014117704
1334,,,lab_anemia,lab_anemia,clinicalbert_type1_max_pool,rf,1,128,brier,0.26908554724443295
1335,,,lab_anemia,lab_anemia,clinicalbert_type1_max_pool,rf,2,128,auroc,0.6864725262396069
1336,,,lab_anemia,lab_anemia,clinicalbert_type1_max_pool,rf,2,128,auprc,0.817389265677892
1337,,,lab_anemia,lab_anemia,clinicalbert_type1_max_pool,rf,2,128,brier,0.21888510971637104
1338,,,lab_anemia,lab_anemia,clinicalbert_type1_max_pool,rf,3,128,auroc,0.694948243076726
1339,,,lab_anemia,lab_anemia,clinicalbert_type1_max_pool,rf,3,128,auprc,0.8230800988006461
1340,,,lab_anemia,lab_anemia,clinicalbert_type1_max_pool,rf,3,128,brier,0.22008705834841044
1341,,,lab_anemia,lab_anemia,clinicalbert_type1_max_pool,rf,4,128,auroc,0.63182989180296
1342,,,lab_anemia,lab_anemia,clinicalbert_type1_max_pool,rf,4,128,auprc,0.7600060262090997
1343,,,lab_anemia,lab_anemia,clinicalbert_type1_max_pool,rf,4,128,brier,0.24581583698736137
1344,,,lab_anemia,lab_anemia,clinicalbert_type1_mean_pool,lr_lbfgs,0,-1,auroc,0.7390789710374615
1345,,,lab_anemia,lab_anemia,clinicalbert_type1_mean_pool,lr_lbfgs,0,-1,auprc,0.8472568185147606
1346,,,lab_anemia,lab_anemia,clinicalbert_type1_mean_pool,lr_lbfgs,0,-1,brier,0.17995767101286594
1347,,,lab_anemia,lab_anemia,clinicalbert_type1_mean_pool,lr_lbfgs,0,1,auroc,0.5138532989651504
1348,,,lab_anemia,lab_anemia,clinicalbert_type1_mean_pool,lr_lbfgs,0,1,auprc,0.6899055478324655
1349,,,lab_anemia,lab_anemia,clinicalbert_type1_mean_pool,lr_lbfgs,0,1,brier,0.2500005094484647
1350,,,lab_anemia,lab_anemia,clinicalbert_type1_mean_pool,lr_lbfgs,1,1,auroc,0.5472411815047703
1351,,,lab_anemia,lab_anemia,clinicalbert_type1_mean_pool,lr_lbfgs,1,1,auprc,0.7275728310650313
1352,,,lab_anemia,lab_anemia,clinicalbert_type1_mean_pool,lr_lbfgs,1,1,brier,0.25000110542582726
1353,,,lab_anemia,lab_anemia,clinicalbert_type1_mean_pool,lr_lbfgs,2,1,auroc,0.4002294833580506
1354,,,lab_anemia,lab_anemia,clinicalbert_type1_mean_pool,lr_lbfgs,2,1,auprc,0.6108872184949666
1355,,,lab_anemia,lab_anemia,clinicalbert_type1_mean_pool,lr_lbfgs,2,1,brier,0.24999985438855396
1356,,,lab_anemia,lab_anemia,clinicalbert_type1_mean_pool,lr_lbfgs,3,1,auroc,0.5113540599496914
1357,,,lab_anemia,lab_anemia,clinicalbert_type1_mean_pool,lr_lbfgs,3,1,auprc,0.6744313974263858
1358,,,lab_anemia,lab_anemia,clinicalbert_type1_mean_pool,lr_lbfgs,3,1,brier,0.24999948812495434
1359,,,lab_anemia,lab_anemia,clinicalbert_type1_mean_pool,lr_lbfgs,4,1,auroc,0.6263282353158874
1360,,,lab_anemia,lab_anemia,clinicalbert_type1_mean_pool,lr_lbfgs,4,1,auprc,0.7661353694598285
1361,,,lab_anemia,lab_anemia,clinicalbert_type1_mean_pool,lr_lbfgs,4,1,brier,0.24999860389502968
1362,,,lab_anemia,lab_anemia,clinicalbert_type1_mean_pool,lr_lbfgs,0,2,auroc,0.5647275063116144
1363,,,lab_anemia,lab_anemia,clinicalbert_type1_mean_pool,lr_lbfgs,0,2,auprc,0.7413422487842527
1364,,,lab_anemia,lab_anemia,clinicalbert_type1_mean_pool,lr_lbfgs,0,2,brier,0.24999953448258733
1365,,,lab_anemia,lab_anemia,clinicalbert_type1_mean_pool,lr_lbfgs,1,2,auroc,0.465783449492536
1366,,,lab_anemia,lab_anemia,clinicalbert_type1_mean_pool,lr_lbfgs,1,2,auprc,0.6508917815449639
1367,,,lab_anemia,lab_anemia,clinicalbert_type1_mean_pool,lr_lbfgs,1,2,brier,0.25000041499825637
1368,,,lab_anemia,lab_anemia,clinicalbert_type1_mean_pool,lr_lbfgs,2,2,auroc,0.4395398280907546
1369,,,lab_anemia,lab_anemia,clinicalbert_type1_mean_pool,lr_lbfgs,2,2,auprc,0.6419484453044129
1370,,,lab_anemia,lab_anemia,clinicalbert_type1_mean_pool,lr_lbfgs,2,2,brier,0.2500000803004402
1371,,,lab_anemia,lab_anemia,clinicalbert_type1_mean_pool,lr_lbfgs,3,2,auroc,0.5682323992100482
1372,,,lab_anemia,lab_anemia,clinicalbert_type1_mean_pool,lr_lbfgs,3,2,auprc,0.730027886072922
1373,,,lab_anemia,lab_anemia,clinicalbert_type1_mean_pool,lr_lbfgs,3,2,brier,0.24999976622012512
1374,,,lab_anemia,lab_anemia,clinicalbert_type1_mean_pool,lr_lbfgs,4,2,auroc,0.6027055691823858
1375,,,lab_anemia,lab_anemia,clinicalbert_type1_mean_pool,lr_lbfgs,4,2,auprc,0.7538446856528654
1376,,,lab_anemia,lab_anemia,clinicalbert_type1_mean_pool,lr_lbfgs,4,2,brier,0.24999821327505306
1377,,,lab_anemia,lab_anemia,clinicalbert_type1_mean_pool,lr_lbfgs,0,4,auroc,0.5907369480918774
1378,,,lab_anemia,lab_anemia,clinicalbert_type1_mean_pool,lr_lbfgs,0,4,auprc,0.7566970627181909
1379,,,lab_anemia,lab_anemia,clinicalbert_type1_mean_pool,lr_lbfgs,0,4,brier,0.4342766362393925
1380,,,lab_anemia,lab_anemia,clinicalbert_type1_mean_pool,lr_lbfgs,1,4,auroc,0.5514956536346445
1381,,,lab_anemia,lab_anemia,clinicalbert_type1_mean_pool,lr_lbfgs,1,4,auprc,0.7206210098789135
1382,,,lab_anemia,lab_anemia,clinicalbert_type1_mean_pool,lr_lbfgs,1,4,brier,0.3788852005205471
1383,,,lab_anemia,lab_anemia,clinicalbert_type1_mean_pool,lr_lbfgs,2,4,auroc,0.5147670279792605
1384,,,lab_anemia,lab_anemia,clinicalbert_type1_mean_pool,lr_lbfgs,2,4,auprc,0.6737399233874671
1385,,,lab_anemia,lab_anemia,clinicalbert_type1_mean_pool,lr_lbfgs,2,4,brier,0.2771281583336973
1386,,,lab_anemia,lab_anemia,clinicalbert_type1_mean_pool,lr_lbfgs,3,4,auroc,0.6070302176728779
1387,,,lab_anemia,lab_anemia,clinicalbert_type1_mean_pool,lr_lbfgs,3,4,auprc,0.7669778177585803
1388,,,lab_anemia,lab_anemia,clinicalbert_type1_mean_pool,lr_lbfgs,3,4,brier,0.38889842651450174
1389,,,lab_anemia,lab_anemia,clinicalbert_type1_mean_pool,lr_lbfgs,4,4,auroc,0.6132375470769973
1390,,,lab_anemia,lab_anemia,clinicalbert_type1_mean_pool,lr_lbfgs,4,4,auprc,0.7585733993322922
1391,,,lab_anemia,lab_anemia,clinicalbert_type1_mean_pool,lr_lbfgs,4,4,brier,0.29405075446450507
1392,,,lab_anemia,lab_anemia,clinicalbert_type1_mean_pool,lr_lbfgs,0,8,auroc,0.5950943810002126
1393,,,lab_anemia,lab_anemia,clinicalbert_type1_mean_pool,lr_lbfgs,0,8,auprc,0.7518473129561923
1394,,,lab_anemia,lab_anemia,clinicalbert_type1_mean_pool,lr_lbfgs,0,8,brier,0.24788177582062954
1395,,,lab_anemia,lab_anemia,clinicalbert_type1_mean_pool,lr_lbfgs,1,8,auroc,0.5957679587708378
1396,,,lab_anemia,lab_anemia,clinicalbert_type1_mean_pool,lr_lbfgs,1,8,auprc,0.7544504933517123
1397,,,lab_anemia,lab_anemia,clinicalbert_type1_mean_pool,lr_lbfgs,1,8,brier,0.24999824343015495
1398,,,lab_anemia,lab_anemia,clinicalbert_type1_mean_pool,lr_lbfgs,2,8,auroc,0.6080202577008368
1399,,,lab_anemia,lab_anemia,clinicalbert_type1_mean_pool,lr_lbfgs,2,8,auprc,0.7549468434639539
1400,,,lab_anemia,lab_anemia,clinicalbert_type1_mean_pool,lr_lbfgs,2,8,brier,0.24468984599483465
1401,,,lab_anemia,lab_anemia,clinicalbert_type1_mean_pool,lr_lbfgs,3,8,auroc,0.6065249143071216
1402,,,lab_anemia,lab_anemia,clinicalbert_type1_mean_pool,lr_lbfgs,3,8,auprc,0.7513955876852209
1403,,,lab_anemia,lab_anemia,clinicalbert_type1_mean_pool,lr_lbfgs,3,8,brier,0.4046369172734393
1404,,,lab_anemia,lab_anemia,clinicalbert_type1_mean_pool,lr_lbfgs,4,8,auroc,0.6313091438045128
1405,,,lab_anemia,lab_anemia,clinicalbert_type1_mean_pool,lr_lbfgs,4,8,auprc,0.7712095375642404
1406,,,lab_anemia,lab_anemia,clinicalbert_type1_mean_pool,lr_lbfgs,4,8,brier,0.33617136897028627
1407,,,lab_anemia,lab_anemia,clinicalbert_type1_mean_pool,lr_lbfgs,0,12,auroc,0.6101413336604048
1408,,,lab_anemia,lab_anemia,clinicalbert_type1_mean_pool,lr_lbfgs,0,12,auprc,0.761779991417283
1409,,,lab_anemia,lab_anemia,clinicalbert_type1_mean_pool,lr_lbfgs,0,12,brier,0.38131860736833556
1410,,,lab_anemia,lab_anemia,clinicalbert_type1_mean_pool,lr_lbfgs,1,12,auroc,0.6321114688091956
1411,,,lab_anemia,lab_anemia,clinicalbert_type1_mean_pool,lr_lbfgs,1,12,auprc,0.7728573289693322
1412,,,lab_anemia,lab_anemia,clinicalbert_type1_mean_pool,lr_lbfgs,1,12,brier,0.22315229773090697
1413,,,lab_anemia,lab_anemia,clinicalbert_type1_mean_pool,lr_lbfgs,2,12,auroc,0.6522228514938582
1414,,,lab_anemia,lab_anemia,clinicalbert_type1_mean_pool,lr_lbfgs,2,12,auprc,0.7828432307082844
1415,,,lab_anemia,lab_anemia,clinicalbert_type1_mean_pool,lr_lbfgs,2,12,brier,0.2499995648101955
1416,,,lab_anemia,lab_anemia,clinicalbert_type1_mean_pool,lr_lbfgs,3,12,auroc,0.6412683646636546
1417,,,lab_anemia,lab_anemia,clinicalbert_type1_mean_pool,lr_lbfgs,3,12,auprc,0.7633864258637179
1418,,,lab_anemia,lab_anemia,clinicalbert_type1_mean_pool,lr_lbfgs,3,12,brier,0.33314165170870536
1419,,,lab_anemia,lab_anemia,clinicalbert_type1_mean_pool,lr_lbfgs,4,12,auroc,0.6570963829140758
1420,,,lab_anemia,lab_anemia,clinicalbert_type1_mean_pool,lr_lbfgs,4,12,auprc,0.7915493979983829
1421,,,lab_anemia,lab_anemia,clinicalbert_type1_mean_pool,lr_lbfgs,4,12,brier,0.22180853162973374
1422,,,lab_anemia,lab_anemia,clinicalbert_type1_mean_pool,lr_lbfgs,0,16,auroc,0.6117832249634022
1423,,,lab_anemia,lab_anemia,clinicalbert_type1_mean_pool,lr_lbfgs,0,16,auprc,0.7551335958886278
1424,,,lab_anemia,lab_anemia,clinicalbert_type1_mean_pool,lr_lbfgs,0,16,brier,0.3792529741020512
1425,,,lab_anemia,lab_anemia,clinicalbert_type1_mean_pool,lr_lbfgs,1,16,auroc,0.6215039462164674
1426,,,lab_anemia,lab_anemia,clinicalbert_type1_mean_pool,lr_lbfgs,1,16,auprc,0.7707219803343881
1427,,,lab_anemia,lab_anemia,clinicalbert_type1_mean_pool,lr_lbfgs,1,16,brier,0.22709321518112052
1428,,,lab_anemia,lab_anemia,clinicalbert_type1_mean_pool,lr_lbfgs,2,16,auroc,0.6722553077854858
1429,,,lab_anemia,lab_anemia,clinicalbert_type1_mean_pool,lr_lbfgs,2,16,auprc,0.8012741310530873
1430,,,lab_anemia,lab_anemia,clinicalbert_type1_mean_pool,lr_lbfgs,2,16,brier,0.21192808444656128
1431,,,lab_anemia,lab_anemia,clinicalbert_type1_mean_pool,lr_lbfgs,3,16,auroc,0.651913482816264
1432,,,lab_anemia,lab_anemia,clinicalbert_type1_mean_pool,lr_lbfgs,3,16,auprc,0.7810395366028371
1433,,,lab_anemia,lab_anemia,clinicalbert_type1_mean_pool,lr_lbfgs,3,16,brier,0.31201209964325416
1434,,,lab_anemia,lab_anemia,clinicalbert_type1_mean_pool,lr_lbfgs,4,16,auroc,0.6651026955946957
1435,,,lab_anemia,lab_anemia,clinicalbert_type1_mean_pool,lr_lbfgs,4,16,auprc,0.795911842114315
1436,,,lab_anemia,lab_anemia,clinicalbert_type1_mean_pool,lr_lbfgs,4,16,brier,0.2227523959144
1437,,,lab_anemia,lab_anemia,clinicalbert_type1_mean_pool,lr_lbfgs,0,24,auroc,0.6236324053598351
1438,,,lab_anemia,lab_anemia,clinicalbert_type1_mean_pool,lr_lbfgs,0,24,auprc,0.77072874266594
1439,,,lab_anemia,lab_anemia,clinicalbert_type1_mean_pool,lr_lbfgs,0,24,brier,0.23725341521547702
1440,,,lab_anemia,lab_anemia,clinicalbert_type1_mean_pool,lr_lbfgs,1,24,auroc,0.6597328323435317
1441,,,lab_anemia,lab_anemia,clinicalbert_type1_mean_pool,lr_lbfgs,1,24,auprc,0.8006388676697626
1442,,,lab_anemia,lab_anemia,clinicalbert_type1_mean_pool,lr_lbfgs,1,24,brier,0.22238929798318502
1443,,,lab_anemia,lab_anemia,clinicalbert_type1_mean_pool,lr_lbfgs,2,24,auroc,0.6380371393474993
1444,,,lab_anemia,lab_anemia,clinicalbert_type1_mean_pool,lr_lbfgs,2,24,auprc,0.7709486780998539
1445,,,lab_anemia,lab_anemia,clinicalbert_type1_mean_pool,lr_lbfgs,2,24,brier,0.24823353287568928
1446,,,lab_anemia,lab_anemia,clinicalbert_type1_mean_pool,lr_lbfgs,3,24,auroc,0.6577503377739519
1447,,,lab_anemia,lab_anemia,clinicalbert_type1_mean_pool,lr_lbfgs,3,24,auprc,0.7852995587469127
1448,,,lab_anemia,lab_anemia,clinicalbert_type1_mean_pool,lr_lbfgs,3,24,brier,0.35647123603086467
1449,,,lab_anemia,lab_anemia,clinicalbert_type1_mean_pool,lr_lbfgs,4,24,auroc,0.6427719057095957
1450,,,lab_anemia,lab_anemia,clinicalbert_type1_mean_pool,lr_lbfgs,4,24,auprc,0.7768412597900639
1451,,,lab_anemia,lab_anemia,clinicalbert_type1_mean_pool,lr_lbfgs,4,24,brier,0.23412135860599242
1452,,,lab_anemia,lab_anemia,clinicalbert_type1_mean_pool,lr_lbfgs,0,32,auroc,0.621002175882668
1453,,,lab_anemia,lab_anemia,clinicalbert_type1_mean_pool,lr_lbfgs,0,32,auprc,0.774190771328401
1454,,,lab_anemia,lab_anemia,clinicalbert_type1_mean_pool,lr_lbfgs,0,32,brier,0.26605121848698704
1455,,,lab_anemia,lab_anemia,clinicalbert_type1_mean_pool,lr_lbfgs,1,32,auroc,0.6775359041965003
1456,,,lab_anemia,lab_anemia,clinicalbert_type1_mean_pool,lr_lbfgs,1,32,auprc,0.8092401400957303
1457,,,lab_anemia,lab_anemia,clinicalbert_type1_mean_pool,lr_lbfgs,1,32,brier,0.21963768301749645
1458,,,lab_anemia,lab_anemia,clinicalbert_type1_mean_pool,lr_lbfgs,2,32,auroc,0.6239991527877418
1459,,,lab_anemia,lab_anemia,clinicalbert_type1_mean_pool,lr_lbfgs,2,32,auprc,0.7613385889774923
1460,,,lab_anemia,lab_anemia,clinicalbert_type1_mean_pool,lr_lbfgs,2,32,brier,0.38893918199485905
1461,,,lab_anemia,lab_anemia,clinicalbert_type1_mean_pool,lr_lbfgs,3,32,auroc,0.651300990177607
1462,,,lab_anemia,lab_anemia,clinicalbert_type1_mean_pool,lr_lbfgs,3,32,auprc,0.7794227408405002
1463,,,lab_anemia,lab_anemia,clinicalbert_type1_mean_pool,lr_lbfgs,3,32,brier,0.3262157562691441
1464,,,lab_anemia,lab_anemia,clinicalbert_type1_mean_pool,lr_lbfgs,4,32,auroc,0.6486299616106086
1465,,,lab_anemia,lab_anemia,clinicalbert_type1_mean_pool,lr_lbfgs,4,32,auprc,0.7784387050121311
1466,,,lab_anemia,lab_anemia,clinicalbert_type1_mean_pool,lr_lbfgs,4,32,brier,0.23334078825600044
1467,,,lab_anemia,lab_anemia,clinicalbert_type1_mean_pool,lr_lbfgs,0,48,auroc,0.5994525871032365
1468,,,lab_anemia,lab_anemia,clinicalbert_type1_mean_pool,lr_lbfgs,0,48,auprc,0.7480152576640766
1469,,,lab_anemia,lab_anemia,clinicalbert_type1_mean_pool,lr_lbfgs,0,48,brier,0.44085992157989845
1470,,,lab_anemia,lab_anemia,clinicalbert_type1_mean_pool,lr_lbfgs,1,48,auroc,0.6444081920389977
1471,,,lab_anemia,lab_anemia,clinicalbert_type1_mean_pool,lr_lbfgs,1,48,auprc,0.787971714666854
1472,,,lab_anemia,lab_anemia,clinicalbert_type1_mean_pool,lr_lbfgs,1,48,brier,0.22635277258225162
1473,,,lab_anemia,lab_anemia,clinicalbert_type1_mean_pool,lr_lbfgs,2,48,auroc,0.6829563401586108
1474,,,lab_anemia,lab_anemia,clinicalbert_type1_mean_pool,lr_lbfgs,2,48,auprc,0.8116698479550047
1475,,,lab_anemia,lab_anemia,clinicalbert_type1_mean_pool,lr_lbfgs,2,48,brier,0.21893066890140728
1476,,,lab_anemia,lab_anemia,clinicalbert_type1_mean_pool,lr_lbfgs,3,48,auroc,0.6681593763373121
1477,,,lab_anemia,lab_anemia,clinicalbert_type1_mean_pool,lr_lbfgs,3,48,auprc,0.7925498398414064
1478,,,lab_anemia,lab_anemia,clinicalbert_type1_mean_pool,lr_lbfgs,3,48,brier,0.2240187838350848
1479,,,lab_anemia,lab_anemia,clinicalbert_type1_mean_pool,lr_lbfgs,4,48,auroc,0.6564837210530939
1480,,,lab_anemia,lab_anemia,clinicalbert_type1_mean_pool,lr_lbfgs,4,48,auprc,0.7833464046211548
1481,,,lab_anemia,lab_anemia,clinicalbert_type1_mean_pool,lr_lbfgs,4,48,brier,0.24999796297845278
1482,,,lab_anemia,lab_anemia,clinicalbert_type1_mean_pool,lr_lbfgs,0,64,auroc,0.6494950921742311
1483,,,lab_anemia,lab_anemia,clinicalbert_type1_mean_pool,lr_lbfgs,0,64,auprc,0.7877961909819594
1484,,,lab_anemia,lab_anemia,clinicalbert_type1_mean_pool,lr_lbfgs,0,64,brier,0.23147081077888843
1485,,,lab_anemia,lab_anemia,clinicalbert_type1_mean_pool,lr_lbfgs,1,64,auroc,0.6835068850441791
1486,,,lab_anemia,lab_anemia,clinicalbert_type1_mean_pool,lr_lbfgs,1,64,auprc,0.8137134627603747
1487,,,lab_anemia,lab_anemia,clinicalbert_type1_mean_pool,lr_lbfgs,1,64,brier,0.21899020625875654
1488,,,lab_anemia,lab_anemia,clinicalbert_type1_mean_pool,lr_lbfgs,2,64,auroc,0.6903687471405038
1489,,,lab_anemia,lab_anemia,clinicalbert_type1_mean_pool,lr_lbfgs,2,64,auprc,0.8154595385225869
1490,,,lab_anemia,lab_anemia,clinicalbert_type1_mean_pool,lr_lbfgs,2,64,brier,0.2174297528579094
1491,,,lab_anemia,lab_anemia,clinicalbert_type1_mean_pool,lr_lbfgs,3,64,auroc,0.6582862910174108
1492,,,lab_anemia,lab_anemia,clinicalbert_type1_mean_pool,lr_lbfgs,3,64,auprc,0.7797519078232477
1493,,,lab_anemia,lab_anemia,clinicalbert_type1_mean_pool,lr_lbfgs,3,64,brier,0.3247538334982909
1494,,,lab_anemia,lab_anemia,clinicalbert_type1_mean_pool,lr_lbfgs,4,64,auroc,0.654799542054121
1495,,,lab_anemia,lab_anemia,clinicalbert_type1_mean_pool,lr_lbfgs,4,64,auprc,0.7877724517478905
1496,,,lab_anemia,lab_anemia,clinicalbert_type1_mean_pool,lr_lbfgs,4,64,brier,0.24999566419014715
1497,,,lab_anemia,lab_anemia,clinicalbert_type1_mean_pool,lr_lbfgs,0,128,auroc,0.6961122601643287
1498,,,lab_anemia,lab_anemia,clinicalbert_type1_mean_pool,lr_lbfgs,0,128,auprc,0.8217246070391234
1499,,,lab_anemia,lab_anemia,clinicalbert_type1_mean_pool,lr_lbfgs,0,128,brier,0.22315965969213636
1500,,,lab_anemia,lab_anemia,clinicalbert_type1_mean_pool,lr_lbfgs,1,128,auroc,0.6361224575291518
1501,,,lab_anemia,lab_anemia,clinicalbert_type1_mean_pool,lr_lbfgs,1,128,auprc,0.7809608522925037
1502,,,lab_anemia,lab_anemia,clinicalbert_type1_mean_pool,lr_lbfgs,1,128,brier,0.2499924400171247
1503,,,lab_anemia,lab_anemia,clinicalbert_type1_mean_pool,lr_lbfgs,2,128,auroc,0.6905388169529677
1504,,,lab_anemia,lab_anemia,clinicalbert_type1_mean_pool,lr_lbfgs,2,128,auprc,0.8217237814132059
1505,,,lab_anemia,lab_anemia,clinicalbert_type1_mean_pool,lr_lbfgs,2,128,brier,0.21943689888337145
1506,,,lab_anemia,lab_anemia,clinicalbert_type1_mean_pool,lr_lbfgs,3,128,auroc,0.6364866803800955
1507,,,lab_anemia,lab_anemia,clinicalbert_type1_mean_pool,lr_lbfgs,3,128,auprc,0.7645480536064665
1508,,,lab_anemia,lab_anemia,clinicalbert_type1_mean_pool,lr_lbfgs,3,128,brier,0.26076806655331775
1509,,,lab_anemia,lab_anemia,clinicalbert_type1_mean_pool,lr_lbfgs,4,128,auroc,0.697696055929767
1510,,,lab_anemia,lab_anemia,clinicalbert_type1_mean_pool,lr_lbfgs,4,128,auprc,0.8212223315929064
1511,,,lab_anemia,lab_anemia,clinicalbert_type1_mean_pool,lr_lbfgs,4,128,brier,0.22571665450386433
1512,,,lab_anemia,lab_anemia,clinicalbert_type1_mean_pool,knn,0,-1,auroc,0.6057962491665285
1513,,,lab_anemia,lab_anemia,clinicalbert_type1_mean_pool,knn,0,-1,auprc,0.7493741701761752
1514,,,lab_anemia,lab_anemia,clinicalbert_type1_mean_pool,knn,0,-1,brier,0.29684068117503953
1515,,,lab_anemia,lab_anemia,clinicalbert_type1_mean_pool,knn,0,1,auroc,0.49640820111921996
1516,,,lab_anemia,lab_anemia,clinicalbert_type1_mean_pool,knn,0,1,auprc,0.6857770663360061
1517,,,lab_anemia,lab_anemia,clinicalbert_type1_mean_pool,knn,0,1,brier,0.6246926317599518
1518,,,lab_anemia,lab_anemia,clinicalbert_type1_mean_pool,knn,1,1,auroc,0.5157435783739096
1519,,,lab_anemia,lab_anemia,clinicalbert_type1_mean_pool,knn,1,1,auprc,0.6950380222400268
1520,,,lab_anemia,lab_anemia,clinicalbert_type1_mean_pool,knn,1,1,brier,0.6480268248645861
1521,,,lab_anemia,lab_anemia,clinicalbert_type1_mean_pool,knn,2,1,auroc,0.452704368804511
1522,,,lab_anemia,lab_anemia,clinicalbert_type1_mean_pool,knn,2,1,auprc,0.6677290132399811
1523,,,lab_anemia,lab_anemia,clinicalbert_type1_mean_pool,knn,2,1,brier,0.4304874903275729
1524,,,lab_anemia,lab_anemia,clinicalbert_type1_mean_pool,knn,3,1,auroc,0.5169828051544569
1525,,,lab_anemia,lab_anemia,clinicalbert_type1_mean_pool,knn,3,1,auprc,0.694701069010212
1526,,,lab_anemia,lab_anemia,clinicalbert_type1_mean_pool,knn,3,1,brier,0.38244347003697016
1527,,,lab_anemia,lab_anemia,clinicalbert_type1_mean_pool,knn,4,1,auroc,0.5622135009285558
1528,,,lab_anemia,lab_anemia,clinicalbert_type1_mean_pool,knn,4,1,auprc,0.7152723100731107
1529,,,lab_anemia,lab_anemia,clinicalbert_type1_mean_pool,knn,4,1,brier,0.3168085289313043
1530,,,lab_anemia,lab_anemia,clinicalbert_type1_mean_pool,knn,0,2,auroc,0.536802202971998
1531,,,lab_anemia,lab_anemia,clinicalbert_type1_mean_pool,knn,0,2,auprc,0.7043403478862889
1532,,,lab_anemia,lab_anemia,clinicalbert_type1_mean_pool,knn,0,2,brier,0.5438913249075746
1533,,,lab_anemia,lab_anemia,clinicalbert_type1_mean_pool,knn,1,2,auroc,0.44421575736380237
1534,,,lab_anemia,lab_anemia,clinicalbert_type1_mean_pool,knn,1,2,auprc,0.6652371628731034
1535,,,lab_anemia,lab_anemia,clinicalbert_type1_mean_pool,knn,1,2,brier,0.5715415699423954
1536,,,lab_anemia,lab_anemia,clinicalbert_type1_mean_pool,knn,2,2,auroc,0.4571665785357715
1537,,,lab_anemia,lab_anemia,clinicalbert_type1_mean_pool,knn,2,2,auprc,0.664844220315645
1538,,,lab_anemia,lab_anemia,clinicalbert_type1_mean_pool,knn,2,2,brier,0.2632479160736026
1539,,,lab_anemia,lab_anemia,clinicalbert_type1_mean_pool,knn,3,2,auroc,0.536675227757084
1540,,,lab_anemia,lab_anemia,clinicalbert_type1_mean_pool,knn,3,2,auprc,0.703487791212022
1541,,,lab_anemia,lab_anemia,clinicalbert_type1_mean_pool,knn,3,2,brier,0.33500128965695125
1542,,,lab_anemia,lab_anemia,clinicalbert_type1_mean_pool,knn,4,2,auroc,0.5365941730149688
1543,,,lab_anemia,lab_anemia,clinicalbert_type1_mean_pool,knn,4,2,auprc,0.703434316733308
1544,,,lab_anemia,lab_anemia,clinicalbert_type1_mean_pool,knn,4,2,brier,0.32174361619809133
1545,,,lab_anemia,lab_anemia,clinicalbert_type1_mean_pool,knn,0,4,auroc,0.5747859065869377
1546,,,lab_anemia,lab_anemia,clinicalbert_type1_mean_pool,knn,0,4,auprc,0.7235415941245207
1547,,,lab_anemia,lab_anemia,clinicalbert_type1_mean_pool,knn,0,4,brier,0.26361757372538913
1548,,,lab_anemia,lab_anemia,clinicalbert_type1_mean_pool,knn,1,4,auroc,0.4809224350212068
1549,,,lab_anemia,lab_anemia,clinicalbert_type1_mean_pool,knn,1,4,auprc,0.6792400322251149
1550,,,lab_anemia,lab_anemia,clinicalbert_type1_mean_pool,knn,1,4,brier,0.2526228183303242
1551,,,lab_anemia,lab_anemia,clinicalbert_type1_mean_pool,knn,2,4,auroc,0.4964344402101411
1552,,,lab_anemia,lab_anemia,clinicalbert_type1_mean_pool,knn,2,4,auprc,0.6734366336733818
1553,,,lab_anemia,lab_anemia,clinicalbert_type1_mean_pool,knn,2,4,brier,0.24246392384048668
1554,,,lab_anemia,lab_anemia,clinicalbert_type1_mean_pool,knn,3,4,auroc,0.5800730868470297
1555,,,lab_anemia,lab_anemia,clinicalbert_type1_mean_pool,knn,3,4,auprc,0.7302022431337724
1556,,,lab_anemia,lab_anemia,clinicalbert_type1_mean_pool,knn,3,4,brier,0.2995945318545267
1557,,,lab_anemia,lab_anemia,clinicalbert_type1_mean_pool,knn,4,4,auroc,0.6043074435328833
1558,,,lab_anemia,lab_anemia,clinicalbert_type1_mean_pool,knn,4,4,auprc,0.7463507931477156
1559,,,lab_anemia,lab_anemia,clinicalbert_type1_mean_pool,knn,4,4,brier,0.23637222136375816
1560,,,lab_anemia,lab_anemia,clinicalbert_type1_mean_pool,knn,0,8,auroc,0.547932331569271
1561,,,lab_anemia,lab_anemia,clinicalbert_type1_mean_pool,knn,0,8,auprc,0.7210984329077981
1562,,,lab_anemia,lab_anemia,clinicalbert_type1_mean_pool,knn,0,8,brier,0.3595146164577588
1563,,,lab_anemia,lab_anemia,clinicalbert_type1_mean_pool,knn,1,8,auroc,0.5570749673473141
1564,,,lab_anemia,lab_anemia,clinicalbert_type1_mean_pool,knn,1,8,auprc,0.7145987340175456
1565,,,lab_anemia,lab_anemia,clinicalbert_type1_mean_pool,knn,1,8,brier,0.23334537013154505
1566,,,lab_anemia,lab_anemia,clinicalbert_type1_mean_pool,knn,2,8,auroc,0.5944537513665906
1567,,,lab_anemia,lab_anemia,clinicalbert_type1_mean_pool,knn,2,8,auprc,0.7576787833457768
1568,,,lab_anemia,lab_anemia,clinicalbert_type1_mean_pool,knn,2,8,brier,0.226985951328302
1569,,,lab_anemia,lab_anemia,clinicalbert_type1_mean_pool,knn,3,8,auroc,0.5655832904373084
1570,,,lab_anemia,lab_anemia,clinicalbert_type1_mean_pool,knn,3,8,auprc,0.7221469528131442
1571,,,lab_anemia,lab_anemia,clinicalbert_type1_mean_pool,knn,3,8,brier,0.2995233045787598
1572,,,lab_anemia,lab_anemia,clinicalbert_type1_mean_pool,knn,4,8,auroc,0.539470810146378
1573,,,lab_anemia,lab_anemia,clinicalbert_type1_mean_pool,knn,4,8,auprc,0.7092823775759509
1574,,,lab_anemia,lab_anemia,clinicalbert_type1_mean_pool,knn,4,8,brier,0.243490671481386
1575,,,lab_anemia,lab_anemia,clinicalbert_type1_mean_pool,knn,0,12,auroc,0.5745404895024031
1576,,,lab_anemia,lab_anemia,clinicalbert_type1_mean_pool,knn,0,12,auprc,0.7327987616823962
1577,,,lab_anemia,lab_anemia,clinicalbert_type1_mean_pool,knn,0,12,brier,0.3440269777128173
1578,,,lab_anemia,lab_anemia,clinicalbert_type1_mean_pool,knn,1,12,auroc,0.5838581046040235
1579,,,lab_anemia,lab_anemia,clinicalbert_type1_mean_pool,knn,1,12,auprc,0.7354846550058541
1580,,,lab_anemia,lab_anemia,clinicalbert_type1_mean_pool,knn,1,12,brier,0.24526121737766443
1581,,,lab_anemia,lab_anemia,clinicalbert_type1_mean_pool,knn,2,12,auroc,0.6192356984262806
1582,,,lab_anemia,lab_anemia,clinicalbert_type1_mean_pool,knn,2,12,auprc,0.748320821523617
1583,,,lab_anemia,lab_anemia,clinicalbert_type1_mean_pool,knn,2,12,brier,0.2500291366940839
1584,,,lab_anemia,lab_anemia,clinicalbert_type1_mean_pool,knn,3,12,auroc,0.6356672150799929
1585,,,lab_anemia,lab_anemia,clinicalbert_type1_mean_pool,knn,3,12,auprc,0.7672860841885091
1586,,,lab_anemia,lab_anemia,clinicalbert_type1_mean_pool,knn,3,12,brier,0.2647573096770607
1587,,,lab_anemia,lab_anemia,clinicalbert_type1_mean_pool,knn,4,12,auroc,0.6098257037567838
1588,,,lab_anemia,lab_anemia,clinicalbert_type1_mean_pool,knn,4,12,auprc,0.7434939101685096
1589,,,lab_anemia,lab_anemia,clinicalbert_type1_mean_pool,knn,4,12,brier,0.23740005158627805
1590,,,lab_anemia,lab_anemia,clinicalbert_type1_mean_pool,knn,0,16,auroc,0.5630567110100241
1591,,,lab_anemia,lab_anemia,clinicalbert_type1_mean_pool,knn,0,16,auprc,0.7222689141766456
1592,,,lab_anemia,lab_anemia,clinicalbert_type1_mean_pool,knn,0,16,brier,0.2947104958969804
1593,,,lab_anemia,lab_anemia,clinicalbert_type1_mean_pool,knn,1,16,auroc,0.5452483003990689
1594,,,lab_anemia,lab_anemia,clinicalbert_type1_mean_pool,knn,1,16,auprc,0.7104580818866355
1595,,,lab_anemia,lab_anemia,clinicalbert_type1_mean_pool,knn,1,16,brier,0.25050434184506926
1596,,,lab_anemia,lab_anemia,clinicalbert_type1_mean_pool,knn,2,16,auroc,0.637234547439312
1597,,,lab_anemia,lab_anemia,clinicalbert_type1_mean_pool,knn,2,16,auprc,0.7806675887810799
1598,,,lab_anemia,lab_anemia,clinicalbert_type1_mean_pool,knn,2,16,brier,0.22356109551065623
1599,,,lab_anemia,lab_anemia,clinicalbert_type1_mean_pool,knn,3,16,auroc,0.5574460265050314
1600,,,lab_anemia,lab_anemia,clinicalbert_type1_mean_pool,knn,3,16,auprc,0.7144753211921689
1601,,,lab_anemia,lab_anemia,clinicalbert_type1_mean_pool,knn,3,16,brier,0.2671920824616208
1602,,,lab_anemia,lab_anemia,clinicalbert_type1_mean_pool,knn,4,16,auroc,0.6015302754217161
1603,,,lab_anemia,lab_anemia,clinicalbert_type1_mean_pool,knn,4,16,auprc,0.7400170847773991
1604,,,lab_anemia,lab_anemia,clinicalbert_type1_mean_pool,knn,4,16,brier,0.24102637587290673
1605,,,lab_anemia,lab_anemia,clinicalbert_type1_mean_pool,knn,0,24,auroc,0.5907874471979913
1606,,,lab_anemia,lab_anemia,clinicalbert_type1_mean_pool,knn,0,24,auprc,0.7442958549724319
1607,,,lab_anemia,lab_anemia,clinicalbert_type1_mean_pool,knn,0,24,brier,0.2832485598830712
1608,,,lab_anemia,lab_anemia,clinicalbert_type1_mean_pool,knn,1,24,auroc,0.5553367486434182
1609,,,lab_anemia,lab_anemia,clinicalbert_type1_mean_pool,knn,1,24,auprc,0.712340671266384
1610,,,lab_anemia,lab_anemia,clinicalbert_type1_mean_pool,knn,1,24,brier,0.26787989950228797
1611,,,lab_anemia,lab_anemia,clinicalbert_type1_mean_pool,knn,2,24,auroc,0.623046809440322
1612,,,lab_anemia,lab_anemia,clinicalbert_type1_mean_pool,knn,2,24,auprc,0.7578465877134475
1613,,,lab_anemia,lab_anemia,clinicalbert_type1_mean_pool,knn,2,24,brier,0.26513364063830264
1614,,,lab_anemia,lab_anemia,clinicalbert_type1_mean_pool,knn,3,24,auroc,0.5691930248208565
1615,,,lab_anemia,lab_anemia,clinicalbert_type1_mean_pool,knn,3,24,auprc,0.7211676160237375
1616,,,lab_anemia,lab_anemia,clinicalbert_type1_mean_pool,knn,3,24,brier,0.2659559223913106
1617,,,lab_anemia,lab_anemia,clinicalbert_type1_mean_pool,knn,4,24,auroc,0.5824494642634437
1618,,,lab_anemia,lab_anemia,clinicalbert_type1_mean_pool,knn,4,24,auprc,0.7319922782575912
1619,,,lab_anemia,lab_anemia,clinicalbert_type1_mean_pool,knn,4,24,brier,0.24161980913077125
1620,,,lab_anemia,lab_anemia,clinicalbert_type1_mean_pool,knn,0,32,auroc,0.554467392336939
1621,,,lab_anemia,lab_anemia,clinicalbert_type1_mean_pool,knn,0,32,auprc,0.7306158604508424
1622,,,lab_anemia,lab_anemia,clinicalbert_type1_mean_pool,knn,0,32,brier,0.29001808061765083
1623,,,lab_anemia,lab_anemia,clinicalbert_type1_mean_pool,knn,1,32,auroc,0.5753699437349526
1624,,,lab_anemia,lab_anemia,clinicalbert_type1_mean_pool,knn,1,32,auprc,0.7281259706823913
1625,,,lab_anemia,lab_anemia,clinicalbert_type1_mean_pool,knn,1,32,brier,0.27867063763128375
1626,,,lab_anemia,lab_anemia,clinicalbert_type1_mean_pool,knn,2,32,auroc,0.6161231839469374
1627,,,lab_anemia,lab_anemia,clinicalbert_type1_mean_pool,knn,2,32,auprc,0.7616608247950148
1628,,,lab_anemia,lab_anemia,clinicalbert_type1_mean_pool,knn,2,32,brier,0.2555352355217229
1629,,,lab_anemia,lab_anemia,clinicalbert_type1_mean_pool,knn,3,32,auroc,0.605982565697988
1630,,,lab_anemia,lab_anemia,clinicalbert_type1_mean_pool,knn,3,32,auprc,0.7424024629787098
1631,,,lab_anemia,lab_anemia,clinicalbert_type1_mean_pool,knn,3,32,brier,0.25025191299114435
1632,,,lab_anemia,lab_anemia,clinicalbert_type1_mean_pool,knn,4,32,auroc,0.5807152133415432
1633,,,lab_anemia,lab_anemia,clinicalbert_type1_mean_pool,knn,4,32,auprc,0.7288596936837787
1634,,,lab_anemia,lab_anemia,clinicalbert_type1_mean_pool,knn,4,32,brier,0.2815101405248426
1635,,,lab_anemia,lab_anemia,clinicalbert_type1_mean_pool,knn,0,48,auroc,0.5971884137188677
1636,,,lab_anemia,lab_anemia,clinicalbert_type1_mean_pool,knn,0,48,auprc,0.7533659758429628
1637,,,lab_anemia,lab_anemia,clinicalbert_type1_mean_pool,knn,0,48,brier,0.24868429638064052
1638,,,lab_anemia,lab_anemia,clinicalbert_type1_mean_pool,knn,1,48,auroc,0.5836024523204061
1639,,,lab_anemia,lab_anemia,clinicalbert_type1_mean_pool,knn,1,48,auprc,0.7284992179439254
1640,,,lab_anemia,lab_anemia,clinicalbert_type1_mean_pool,knn,1,48,brier,0.24718562462385005
1641,,,lab_anemia,lab_anemia,clinicalbert_type1_mean_pool,knn,2,48,auroc,0.6281777176985022
1642,,,lab_anemia,lab_anemia,clinicalbert_type1_mean_pool,knn,2,48,auprc,0.7536448309157207
1643,,,lab_anemia,lab_anemia,clinicalbert_type1_mean_pool,knn,2,48,brier,0.24050692115897174
1644,,,lab_anemia,lab_anemia,clinicalbert_type1_mean_pool,knn,3,48,auroc,0.6054242097575382
1645,,,lab_anemia,lab_anemia,clinicalbert_type1_mean_pool,knn,3,48,auprc,0.7414360933864772
1646,,,lab_anemia,lab_anemia,clinicalbert_type1_mean_pool,knn,3,48,brier,0.257769065428596
1647,,,lab_anemia,lab_anemia,clinicalbert_type1_mean_pool,knn,4,48,auroc,0.5938810734391184
1648,,,lab_anemia,lab_anemia,clinicalbert_type1_mean_pool,knn,4,48,auprc,0.7353866546196652
1649,,,lab_anemia,lab_anemia,clinicalbert_type1_mean_pool,knn,4,48,brier,0.2473527641647322
1650,,,lab_anemia,lab_anemia,clinicalbert_type1_mean_pool,knn,0,64,auroc,0.6048646658213346
1651,,,lab_anemia,lab_anemia,clinicalbert_type1_mean_pool,knn,0,64,auprc,0.7463997940216626
1652,,,lab_anemia,lab_anemia,clinicalbert_type1_mean_pool,knn,0,64,brier,0.25504806121571666
1653,,,lab_anemia,lab_anemia,clinicalbert_type1_mean_pool,knn,1,64,auroc,0.590973813945832
1654,,,lab_anemia,lab_anemia,clinicalbert_type1_mean_pool,knn,1,64,auprc,0.7378822077787074
1655,,,lab_anemia,lab_anemia,clinicalbert_type1_mean_pool,knn,1,64,brier,0.2654589352857931
1656,,,lab_anemia,lab_anemia,clinicalbert_type1_mean_pool,knn,2,64,auroc,0.6301493889182352
1657,,,lab_anemia,lab_anemia,clinicalbert_type1_mean_pool,knn,2,64,auprc,0.7681535012574271
1658,,,lab_anemia,lab_anemia,clinicalbert_type1_mean_pool,knn,2,64,brier,0.25127021752174805
1659,,,lab_anemia,lab_anemia,clinicalbert_type1_mean_pool,knn,3,64,auroc,0.6065420979399658
1660,,,lab_anemia,lab_anemia,clinicalbert_type1_mean_pool,knn,3,64,auprc,0.7518132899448127
1661,,,lab_anemia,lab_anemia,clinicalbert_type1_mean_pool,knn,3,64,brier,0.28652798650632993
1662,,,lab_anemia,lab_anemia,clinicalbert_type1_mean_pool,knn,4,64,auroc,0.5826750919664866
1663,,,lab_anemia,lab_anemia,clinicalbert_type1_mean_pool,knn,4,64,auprc,0.7281994027569849
1664,,,lab_anemia,lab_anemia,clinicalbert_type1_mean_pool,knn,4,64,brier,0.2654954670946417
1665,,,lab_anemia,lab_anemia,clinicalbert_type1_mean_pool,knn,0,128,auroc,0.6090945876440599
1666,,,lab_anemia,lab_anemia,clinicalbert_type1_mean_pool,knn,0,128,auprc,0.748790002624478
1667,,,lab_anemia,lab_anemia,clinicalbert_type1_mean_pool,knn,0,128,brier,0.26329154844811287
1668,,,lab_anemia,lab_anemia,clinicalbert_type1_mean_pool,knn,1,128,auroc,0.5930337270412254
1669,,,lab_anemia,lab_anemia,clinicalbert_type1_mean_pool,knn,1,128,auprc,0.7350883581520913
1670,,,lab_anemia,lab_anemia,clinicalbert_type1_mean_pool,knn,1,128,brier,0.2964357703073205
1671,,,lab_anemia,lab_anemia,clinicalbert_type1_mean_pool,knn,2,128,auroc,0.6250440318553461
1672,,,lab_anemia,lab_anemia,clinicalbert_type1_mean_pool,knn,2,128,auprc,0.7578700305975068
1673,,,lab_anemia,lab_anemia,clinicalbert_type1_mean_pool,knn,2,128,brier,0.25262763304960884
1674,,,lab_anemia,lab_anemia,clinicalbert_type1_mean_pool,knn,3,128,auroc,0.6193926583238226
1675,,,lab_anemia,lab_anemia,clinicalbert_type1_mean_pool,knn,3,128,auprc,0.7638707381262126
1676,,,lab_anemia,lab_anemia,clinicalbert_type1_mean_pool,knn,3,128,brier,0.2660991328125683
1677,,,lab_anemia,lab_anemia,clinicalbert_type1_mean_pool,knn,4,128,auroc,0.6171637189536365
1678,,,lab_anemia,lab_anemia,clinicalbert_type1_mean_pool,knn,4,128,auprc,0.7594921112995814
1679,,,lab_anemia,lab_anemia,clinicalbert_type1_mean_pool,knn,4,128,brier,0.25014230128565024
1680,,,lab_anemia,lab_anemia,clinicalbert_type1_mean_pool,rf,0,-1,auroc,0.7226743228991719
1681,,,lab_anemia,lab_anemia,clinicalbert_type1_mean_pool,rf,0,-1,auprc,0.8357890422200057
1682,,,lab_anemia,lab_anemia,clinicalbert_type1_mean_pool,rf,0,-1,brier,0.18461168788333013
1683,,,lab_anemia,lab_anemia,clinicalbert_type1_mean_pool,rf,0,1,auroc,0.5408664520111283
1684,,,lab_anemia,lab_anemia,clinicalbert_type1_mean_pool,rf,0,1,auprc,0.7102300416005405
1685,,,lab_anemia,lab_anemia,clinicalbert_type1_mean_pool,rf,0,1,brier,0.22732284412346315
1686,,,lab_anemia,lab_anemia,clinicalbert_type1_mean_pool,rf,1,1,auroc,0.4277741864275578
1687,,,lab_anemia,lab_anemia,clinicalbert_type1_mean_pool,rf,1,1,auprc,0.653358486387502
1688,,,lab_anemia,lab_anemia,clinicalbert_type1_mean_pool,rf,1,1,brier,0.2361808958816955
1689,,,lab_anemia,lab_anemia,clinicalbert_type1_mean_pool,rf,2,1,auroc,0.4508646916862104
1690,,,lab_anemia,lab_anemia,clinicalbert_type1_mean_pool,rf,2,1,auprc,0.6607766354829847
1691,,,lab_anemia,lab_anemia,clinicalbert_type1_mean_pool,rf,2,1,brier,0.23737202304187088
1692,,,lab_anemia,lab_anemia,clinicalbert_type1_mean_pool,rf,3,1,auroc,0.5311752779390702
1693,,,lab_anemia,lab_anemia,clinicalbert_type1_mean_pool,rf,3,1,auprc,0.7061872808030485
1694,,,lab_anemia,lab_anemia,clinicalbert_type1_mean_pool,rf,3,1,brier,0.2209146247098272
1695,,,lab_anemia,lab_anemia,clinicalbert_type1_mean_pool,rf,4,1,auroc,0.537052112702894
1696,,,lab_anemia,lab_anemia,clinicalbert_type1_mean_pool,rf,4,1,auprc,0.7155057681504619
1697,,,lab_anemia,lab_anemia,clinicalbert_type1_mean_pool,rf,4,1,brier,0.2270557974378815
1698,,,lab_anemia,lab_anemia,clinicalbert_type1_mean_pool,rf,0,2,auroc,0.45954440053300905
1699,,,lab_anemia,lab_anemia,clinicalbert_type1_mean_pool,rf,0,2,auprc,0.6697775613512685
1700,,,lab_anemia,lab_anemia,clinicalbert_type1_mean_pool,rf,0,2,brier,0.2601836471498582
1701,,,lab_anemia,lab_anemia,clinicalbert_type1_mean_pool,rf,1,2,auroc,0.4597704843108548
1702,,,lab_anemia,lab_anemia,clinicalbert_type1_mean_pool,rf,1,2,auprc,0.647374922288088
1703,,,lab_anemia,lab_anemia,clinicalbert_type1_mean_pool,rf,1,2,brier,0.2808806362307626
1704,,,lab_anemia,lab_anemia,clinicalbert_type1_mean_pool,rf,2,2,auroc,0.44387051492908935
1705,,,lab_anemia,lab_anemia,clinicalbert_type1_mean_pool,rf,2,2,auprc,0.659616216106741
1706,,,lab_anemia,lab_anemia,clinicalbert_type1_mean_pool,rf,2,2,brier,0.2545280577766314
1707,,,lab_anemia,lab_anemia,clinicalbert_type1_mean_pool,rf,3,2,auroc,0.4991743078686524
1708,,,lab_anemia,lab_anemia,clinicalbert_type1_mean_pool,rf,3,2,auprc,0.6895488424868026
1709,,,lab_anemia,lab_anemia,clinicalbert_type1_mean_pool,rf,3,2,brier,0.24047528157510104
1710,,,lab_anemia,lab_anemia,clinicalbert_type1_mean_pool,rf,4,2,auroc,0.5257202284446356
1711,,,lab_anemia,lab_anemia,clinicalbert_type1_mean_pool,rf,4,2,auprc,0.7009054978685034
1712,,,lab_anemia,lab_anemia,clinicalbert_type1_mean_pool,rf,4,2,brier,0.22694635027082796
1713,,,lab_anemia,lab_anemia,clinicalbert_type1_mean_pool,rf,0,4,auroc,0.5635042504039152
1714,,,lab_anemia,lab_anemia,clinicalbert_type1_mean_pool,rf,0,4,auprc,0.7269783782506454
1715,,,lab_anemia,lab_anemia,clinicalbert_type1_mean_pool,rf,0,4,brier,0.27729193534519814
1716,,,lab_anemia,lab_anemia,clinicalbert_type1_mean_pool,rf,1,4,auroc,0.5004605309907644
1717,,,lab_anemia,lab_anemia,clinicalbert_type1_mean_pool,rf,1,4,auprc,0.6967303957807102
1718,,,lab_anemia,lab_anemia,clinicalbert_type1_mean_pool,rf,1,4,brier,0.2746447115467286
1719,,,lab_anemia,lab_anemia,clinicalbert_type1_mean_pool,rf,2,4,auroc,0.5247077416943653
1720,,,lab_anemia,lab_anemia,clinicalbert_type1_mean_pool,rf,2,4,auprc,0.6909975928437322
1721,,,lab_anemia,lab_anemia,clinicalbert_type1_mean_pool,rf,2,4,brier,0.2324193964405468
1722,,,lab_anemia,lab_anemia,clinicalbert_type1_mean_pool,rf,3,4,auroc,0.572329865353373
1723,,,lab_anemia,lab_anemia,clinicalbert_type1_mean_pool,rf,3,4,auprc,0.7245173520448864
1724,,,lab_anemia,lab_anemia,clinicalbert_type1_mean_pool,rf,3,4,brier,0.2606840770355086
1725,,,lab_anemia,lab_anemia,clinicalbert_type1_mean_pool,rf,4,4,auroc,0.5909749943747336
1726,,,lab_anemia,lab_anemia,clinicalbert_type1_mean_pool,rf,4,4,auprc,0.7582744979154729
1727,,,lab_anemia,lab_anemia,clinicalbert_type1_mean_pool,rf,4,4,brier,0.2199840288883157
1728,,,lab_anemia,lab_anemia,clinicalbert_type1_mean_pool,rf,0,8,auroc,0.5612221201920137
1729,,,lab_anemia,lab_anemia,clinicalbert_type1_mean_pool,rf,0,8,auprc,0.731205108985278
1730,,,lab_anemia,lab_anemia,clinicalbert_type1_mean_pool,rf,0,8,brier,0.2702715364113146
1731,,,lab_anemia,lab_anemia,clinicalbert_type1_mean_pool,rf,1,8,auroc,0.5447350972398944
1732,,,lab_anemia,lab_anemia,clinicalbert_type1_mean_pool,rf,1,8,auprc,0.7036016707924784
1733,,,lab_anemia,lab_anemia,clinicalbert_type1_mean_pool,rf,1,8,brier,0.24091062677327832
1734,,,lab_anemia,lab_anemia,clinicalbert_type1_mean_pool,rf,2,8,auroc,0.6400847397990065
1735,,,lab_anemia,lab_anemia,clinicalbert_type1_mean_pool,rf,2,8,auprc,0.7671961596914001
1736,,,lab_anemia,lab_anemia,clinicalbert_type1_mean_pool,rf,2,8,brier,0.2137780070501247
1737,,,lab_anemia,lab_anemia,clinicalbert_type1_mean_pool,rf,3,8,auroc,0.6001085437393965
1738,,,lab_anemia,lab_anemia,clinicalbert_type1_mean_pool,rf,3,8,auprc,0.7477699178701045
1739,,,lab_anemia,lab_anemia,clinicalbert_type1_mean_pool,rf,3,8,brier,0.246381217436162
1740,,,lab_anemia,lab_anemia,clinicalbert_type1_mean_pool,rf,4,8,auroc,0.5417290751951783
1741,,,lab_anemia,lab_anemia,clinicalbert_type1_mean_pool,rf,4,8,auprc,0.7109701085746906
1742,,,lab_anemia,lab_anemia,clinicalbert_type1_mean_pool,rf,4,8,brier,0.23924034906714817
1743,,,lab_anemia,lab_anemia,clinicalbert_type1_mean_pool,rf,0,12,auroc,0.5984369635488923
1744,,,lab_anemia,lab_anemia,clinicalbert_type1_mean_pool,rf,0,12,auprc,0.7489016645510836
1745,,,lab_anemia,lab_anemia,clinicalbert_type1_mean_pool,rf,0,12,brier,0.2767320952626601
1746,,,lab_anemia,lab_anemia,clinicalbert_type1_mean_pool,rf,1,12,auroc,0.6333334899442385
1747,,,lab_anemia,lab_anemia,clinicalbert_type1_mean_pool,rf,1,12,auprc,0.77045387274162
1748,,,lab_anemia,lab_anemia,clinicalbert_type1_mean_pool,rf,1,12,brier,0.22276601324047804
1749,,,lab_anemia,lab_anemia,clinicalbert_type1_mean_pool,rf,2,12,auroc,0.6128843725177717
1750,,,lab_anemia,lab_anemia,clinicalbert_type1_mean_pool,rf,2,12,auprc,0.7494210623768648
1751,,,lab_anemia,lab_anemia,clinicalbert_type1_mean_pool,rf,2,12,brier,0.23415269538302816
1752,,,lab_anemia,lab_anemia,clinicalbert_type1_mean_pool,rf,3,12,auroc,0.5712953171023443
1753,,,lab_anemia,lab_anemia,clinicalbert_type1_mean_pool,rf,3,12,auprc,0.7300039798427366
1754,,,lab_anemia,lab_anemia,clinicalbert_type1_mean_pool,rf,3,12,brier,0.2567786088900353
1755,,,lab_anemia,lab_anemia,clinicalbert_type1_mean_pool,rf,4,12,auroc,0.6318222919320368
1756,,,lab_anemia,lab_anemia,clinicalbert_type1_mean_pool,rf,4,12,auprc,0.7626366808917172
1757,,,lab_anemia,lab_anemia,clinicalbert_type1_mean_pool,rf,4,12,brier,0.24381119422233685
1758,,,lab_anemia,lab_anemia,clinicalbert_type1_mean_pool,rf,0,16,auroc,0.581454390903158
1759,,,lab_anemia,lab_anemia,clinicalbert_type1_mean_pool,rf,0,16,auprc,0.7318926902922933
1760,,,lab_anemia,lab_anemia,clinicalbert_type1_mean_pool,rf,0,16,brier,0.252850485770785
1761,,,lab_anemia,lab_anemia,clinicalbert_type1_mean_pool,rf,1,16,auroc,0.6183832959955049
1762,,,lab_anemia,lab_anemia,clinicalbert_type1_mean_pool,rf,1,16,auprc,0.7604259938888387
1763,,,lab_anemia,lab_anemia,clinicalbert_type1_mean_pool,rf,1,16,brier,0.2230255973022287
1764,,,lab_anemia,lab_anemia,clinicalbert_type1_mean_pool,rf,2,16,auroc,0.6436031622286965
1765,,,lab_anemia,lab_anemia,clinicalbert_type1_mean_pool,rf,2,16,auprc,0.7648234787004208
1766,,,lab_anemia,lab_anemia,clinicalbert_type1_mean_pool,rf,2,16,brier,0.2271192502794257
1767,,,lab_anemia,lab_anemia,clinicalbert_type1_mean_pool,rf,3,16,auroc,0.6252022258376487
1768,,,lab_anemia,lab_anemia,clinicalbert_type1_mean_pool,rf,3,16,auprc,0.7574989170568966
1769,,,lab_anemia,lab_anemia,clinicalbert_type1_mean_pool,rf,3,16,brier,0.2339598916688161
1770,,,lab_anemia,lab_anemia,clinicalbert_type1_mean_pool,rf,4,16,auroc,0.6119323366596986
1771,,,lab_anemia,lab_anemia,clinicalbert_type1_mean_pool,rf,4,16,auprc,0.748842759726747
1772,,,lab_anemia,lab_anemia,clinicalbert_type1_mean_pool,rf,4,16,brier,0.2540846779201177
1773,,,lab_anemia,lab_anemia,clinicalbert_type1_mean_pool,rf,0,24,auroc,0.6029841407726128
1774,,,lab_anemia,lab_anemia,clinicalbert_type1_mean_pool,rf,0,24,auprc,0.764342959912742
1775,,,lab_anemia,lab_anemia,clinicalbert_type1_mean_pool,rf,0,24,brier,0.2503076387412512
1776,,,lab_anemia,lab_anemia,clinicalbert_type1_mean_pool,rf,1,24,auroc,0.6369322867872653
1777,,,lab_anemia,lab_anemia,clinicalbert_type1_mean_pool,rf,1,24,auprc,0.7720061735904937
1778,,,lab_anemia,lab_anemia,clinicalbert_type1_mean_pool,rf,1,24,brier,0.2243310746185959
1779,,,lab_anemia,lab_anemia,clinicalbert_type1_mean_pool,rf,2,24,auroc,0.6382142580264866
1780,,,lab_anemia,lab_anemia,clinicalbert_type1_mean_pool,rf,2,24,auprc,0.756756463822069
1781,,,lab_anemia,lab_anemia,clinicalbert_type1_mean_pool,rf,2,24,brier,0.21874709139368925
1782,,,lab_anemia,lab_anemia,clinicalbert_type1_mean_pool,rf,3,24,auroc,0.6329170592544354
1783,,,lab_anemia,lab_anemia,clinicalbert_type1_mean_pool,rf,3,24,auprc,0.7683392562697494
1784,,,lab_anemia,lab_anemia,clinicalbert_type1_mean_pool,rf,3,24,brier,0.2266513358696587
1785,,,lab_anemia,lab_anemia,clinicalbert_type1_mean_pool,rf,4,24,auroc,0.5965861858588056
1786,,,lab_anemia,lab_anemia,clinicalbert_type1_mean_pool,rf,4,24,auprc,0.7376249820347057
1787,,,lab_anemia,lab_anemia,clinicalbert_type1_mean_pool,rf,4,24,brier,0.2624702949015562
1788,,,lab_anemia,lab_anemia,clinicalbert_type1_mean_pool,rf,0,32,auroc,0.5892632782257852
1789,,,lab_anemia,lab_anemia,clinicalbert_type1_mean_pool,rf,0,32,auprc,0.7557259649112613
1790,,,lab_anemia,lab_anemia,clinicalbert_type1_mean_pool,rf,0,32,brier,0.2526295967672599
1791,,,lab_anemia,lab_anemia,clinicalbert_type1_mean_pool,rf,1,32,auroc,0.6405876781795861
1792,,,lab_anemia,lab_anemia,clinicalbert_type1_mean_pool,rf,1,32,auprc,0.7622529800853124
1793,,,lab_anemia,lab_anemia,clinicalbert_type1_mean_pool,rf,1,32,brier,0.2313683294983056
1794,,,lab_anemia,lab_anemia,clinicalbert_type1_mean_pool,rf,2,32,auroc,0.6285150479576758
1795,,,lab_anemia,lab_anemia,clinicalbert_type1_mean_pool,rf,2,32,auprc,0.7516926459593481
1796,,,lab_anemia,lab_anemia,clinicalbert_type1_mean_pool,rf,2,32,brier,0.23222624881781448
1797,,,lab_anemia,lab_anemia,clinicalbert_type1_mean_pool,rf,3,32,auroc,0.6380894675680943
1798,,,lab_anemia,lab_anemia,clinicalbert_type1_mean_pool,rf,3,32,auprc,0.7695792224715989
1799,,,lab_anemia,lab_anemia,clinicalbert_type1_mean_pool,rf,3,32,brier,0.2283767212603991
1800,,,lab_anemia,lab_anemia,clinicalbert_type1_mean_pool,rf,4,32,auroc,0.6063203451530084
1801,,,lab_anemia,lab_anemia,clinicalbert_type1_mean_pool,rf,4,32,auprc,0.741838084038581
1802,,,lab_anemia,lab_anemia,clinicalbert_type1_mean_pool,rf,4,32,brier,0.24623467113747746
1803,,,lab_anemia,lab_anemia,clinicalbert_type1_mean_pool,rf,0,48,auroc,0.5972691307042284
1804,,,lab_anemia,lab_anemia,clinicalbert_type1_mean_pool,rf,0,48,auprc,0.7525995384081448
1805,,,lab_anemia,lab_anemia,clinicalbert_type1_mean_pool,rf,0,48,brier,0.24230832136141667
1806,,,lab_anemia,lab_anemia,clinicalbert_type1_mean_pool,rf,1,48,auroc,0.5960397504617327
1807,,,lab_anemia,lab_anemia,clinicalbert_type1_mean_pool,rf,1,48,auprc,0.7555768653058719
1808,,,lab_anemia,lab_anemia,clinicalbert_type1_mean_pool,rf,1,48,brier,0.24788215706344513
1809,,,lab_anemia,lab_anemia,clinicalbert_type1_mean_pool,rf,2,48,auroc,0.6601812990207324
1810,,,lab_anemia,lab_anemia,clinicalbert_type1_mean_pool,rf,2,48,auprc,0.7769663769299477
1811,,,lab_anemia,lab_anemia,clinicalbert_type1_mean_pool,rf,2,48,brier,0.2159620746360503
1812,,,lab_anemia,lab_anemia,clinicalbert_type1_mean_pool,rf,3,48,auroc,0.6572466901729774
1813,,,lab_anemia,lab_anemia,clinicalbert_type1_mean_pool,rf,3,48,auprc,0.7821350340191304
1814,,,lab_anemia,lab_anemia,clinicalbert_type1_mean_pool,rf,3,48,brier,0.22275107281782927
1815,,,lab_anemia,lab_anemia,clinicalbert_type1_mean_pool,rf,4,48,auroc,0.6425494368232869
1816,,,lab_anemia,lab_anemia,clinicalbert_type1_mean_pool,rf,4,48,auprc,0.7622309805116799
1817,,,lab_anemia,lab_anemia,clinicalbert_type1_mean_pool,rf,4,48,brier,0.23682567224761417
1818,,,lab_anemia,lab_anemia,clinicalbert_type1_mean_pool,rf,0,64,auroc,0.6346126050408029
1819,,,lab_anemia,lab_anemia,clinicalbert_type1_mean_pool,rf,0,64,auprc,0.7791837002926253
1820,,,lab_anemia,lab_anemia,clinicalbert_type1_mean_pool,rf,0,64,brier,0.23597208049913393
1821,,,lab_anemia,lab_anemia,clinicalbert_type1_mean_pool,rf,1,64,auroc,0.6622065332337169
1822,,,lab_anemia,lab_anemia,clinicalbert_type1_mean_pool,rf,1,64,auprc,0.7845991275367352
1823,,,lab_anemia,lab_anemia,clinicalbert_type1_mean_pool,rf,1,64,brier,0.2328270191729
1824,,,lab_anemia,lab_anemia,clinicalbert_type1_mean_pool,rf,2,64,auroc,0.642547140627673
1825,,,lab_anemia,lab_anemia,clinicalbert_type1_mean_pool,rf,2,64,auprc,0.767461429555313
1826,,,lab_anemia,lab_anemia,clinicalbert_type1_mean_pool,rf,2,64,brier,0.22777073733932166
1827,,,lab_anemia,lab_anemia,clinicalbert_type1_mean_pool,rf,3,64,auroc,0.6603158768581523
1828,,,lab_anemia,lab_anemia,clinicalbert_type1_mean_pool,rf,3,64,auprc,0.7935088179239429
1829,,,lab_anemia,lab_anemia,clinicalbert_type1_mean_pool,rf,3,64,brier,0.2273541464001654
1830,,,lab_anemia,lab_anemia,clinicalbert_type1_mean_pool,rf,4,64,auroc,0.6515818558997609
1831,,,lab_anemia,lab_anemia,clinicalbert_type1_mean_pool,rf,4,64,auprc,0.765867806327861
1832,,,lab_anemia,lab_anemia,clinicalbert_type1_mean_pool,rf,4,64,brier,0.22068404349444407
1833,,,lab_anemia,lab_anemia,clinicalbert_type1_mean_pool,rf,0,128,auroc,0.6803557727410212
1834,,,lab_anemia,lab_anemia,clinicalbert_type1_mean_pool,rf,0,128,auprc,0.8098539586070856
1835,,,lab_anemia,lab_anemia,clinicalbert_type1_mean_pool,rf,0,128,brier,0.2257237470394769
1836,,,lab_anemia,lab_anemia,clinicalbert_type1_mean_pool,rf,1,128,auroc,0.6709033204653283
1837,,,lab_anemia,lab_anemia,clinicalbert_type1_mean_pool,rf,1,128,auprc,0.7930835468638895
1838,,,lab_anemia,lab_anemia,clinicalbert_type1_mean_pool,rf,1,128,brier,0.22117225427847512
1839,,,lab_anemia,lab_anemia,clinicalbert_type1_mean_pool,rf,2,128,auroc,0.684027356508583
1840,,,lab_anemia,lab_anemia,clinicalbert_type1_mean_pool,rf,2,128,auprc,0.8063079104561945
1841,,,lab_anemia,lab_anemia,clinicalbert_type1_mean_pool,rf,2,128,brier,0.21976761619116947
1842,,,lab_anemia,lab_anemia,clinicalbert_type1_mean_pool,rf,3,128,auroc,0.6696584329916395
1843,,,lab_anemia,lab_anemia,clinicalbert_type1_mean_pool,rf,3,128,auprc,0.7950806611079603
1844,,,lab_anemia,lab_anemia,clinicalbert_type1_mean_pool,rf,3,128,brier,0.2289309711072619
1845,,,lab_anemia,lab_anemia,clinicalbert_type1_mean_pool,rf,4,128,auroc,0.6696802138309809
1846,,,lab_anemia,lab_anemia,clinicalbert_type1_mean_pool,rf,4,128,auprc,0.7934363772907762
1847,,,lab_anemia,lab_anemia,clinicalbert_type1_mean_pool,rf,4,128,brier,0.2269527535531415
1848,,,lab_anemia,lab_anemia,clinicalbert_type1_clinicalbert_pool,lr_lbfgs,0,-1,auroc,0.7417391432356231
1849,,,lab_anemia,lab_anemia,clinicalbert_type1_clinicalbert_pool,lr_lbfgs,0,-1,auprc,0.8474251270249739
1850,,,lab_anemia,lab_anemia,clinicalbert_type1_clinicalbert_pool,lr_lbfgs,0,-1,brier,0.17922090275238514
1851,,,lab_anemia,lab_anemia,clinicalbert_type1_clinicalbert_pool,lr_lbfgs,0,1,auroc,0.5142471013281957
1852,,,lab_anemia,lab_anemia,clinicalbert_type1_clinicalbert_pool,lr_lbfgs,0,1,auprc,0.6904389682564169
1853,,,lab_anemia,lab_anemia,clinicalbert_type1_clinicalbert_pool,lr_lbfgs,0,1,brier,0.2500004793661166
1854,,,lab_anemia,lab_anemia,clinicalbert_type1_clinicalbert_pool,lr_lbfgs,1,1,auroc,0.5401230438913871
1855,,,lab_anemia,lab_anemia,clinicalbert_type1_clinicalbert_pool,lr_lbfgs,1,1,auprc,0.7225889637891235
1856,,,lab_anemia,lab_anemia,clinicalbert_type1_clinicalbert_pool,lr_lbfgs,1,1,brier,0.25000112996848844
1857,,,lab_anemia,lab_anemia,clinicalbert_type1_clinicalbert_pool,lr_lbfgs,2,1,auroc,0.40016667711121534
1858,,,lab_anemia,lab_anemia,clinicalbert_type1_clinicalbert_pool,lr_lbfgs,2,1,auprc,0.6108211535858655
1859,,,lab_anemia,lab_anemia,clinicalbert_type1_clinicalbert_pool,lr_lbfgs,2,1,brier,0.24999984957716578
1860,,,lab_anemia,lab_anemia,clinicalbert_type1_clinicalbert_pool,lr_lbfgs,3,1,auroc,0.5040446570836844
1861,,,lab_anemia,lab_anemia,clinicalbert_type1_clinicalbert_pool,lr_lbfgs,3,1,auprc,0.6703351471147591
1862,,,lab_anemia,lab_anemia,clinicalbert_type1_clinicalbert_pool,lr_lbfgs,3,1,brier,0.24999950714888375
1863,,,lab_anemia,lab_anemia,clinicalbert_type1_clinicalbert_pool,lr_lbfgs,4,1,auroc,0.5479038575054469
1864,,,lab_anemia,lab_anemia,clinicalbert_type1_clinicalbert_pool,lr_lbfgs,4,1,auprc,0.7152876974406545
1865,,,lab_anemia,lab_anemia,clinicalbert_type1_clinicalbert_pool,lr_lbfgs,4,1,brier,0.24999903783806723
1866,,,lab_anemia,lab_anemia,clinicalbert_type1_clinicalbert_pool,lr_lbfgs,0,2,auroc,0.5646248832899077
1867,,,lab_anemia,lab_anemia,clinicalbert_type1_clinicalbert_pool,lr_lbfgs,0,2,auprc,0.7413234240548866
1868,,,lab_anemia,lab_anemia,clinicalbert_type1_clinicalbert_pool,lr_lbfgs,0,2,brier,0.24999953550711826
1869,,,lab_anemia,lab_anemia,clinicalbert_type1_clinicalbert_pool,lr_lbfgs,1,2,auroc,0.4636171395800081
1870,,,lab_anemia,lab_anemia,clinicalbert_type1_clinicalbert_pool,lr_lbfgs,1,2,auprc,0.6487050998640088
1871,,,lab_anemia,lab_anemia,clinicalbert_type1_clinicalbert_pool,lr_lbfgs,1,2,brier,0.2500004186514324
1872,,,lab_anemia,lab_anemia,clinicalbert_type1_clinicalbert_pool,lr_lbfgs,2,2,auroc,0.43686785710674264
1873,,,lab_anemia,lab_anemia,clinicalbert_type1_clinicalbert_pool,lr_lbfgs,2,2,auprc,0.6395915154973008
1874,,,lab_anemia,lab_anemia,clinicalbert_type1_clinicalbert_pool,lr_lbfgs,2,2,brier,0.25000008241445404
1875,,,lab_anemia,lab_anemia,clinicalbert_type1_clinicalbert_pool,lr_lbfgs,3,2,auroc,0.5680830226739342
1876,,,lab_anemia,lab_anemia,clinicalbert_type1_clinicalbert_pool,lr_lbfgs,3,2,auprc,0.7291713291287043
1877,,,lab_anemia,lab_anemia,clinicalbert_type1_clinicalbert_pool,lr_lbfgs,3,2,brier,0.24999977222080244
1878,,,lab_anemia,lab_anemia,clinicalbert_type1_clinicalbert_pool,lr_lbfgs,4,2,auroc,0.6016274097241889
1879,,,lab_anemia,lab_anemia,clinicalbert_type1_clinicalbert_pool,lr_lbfgs,4,2,auprc,0.7555026815568826
1880,,,lab_anemia,lab_anemia,clinicalbert_type1_clinicalbert_pool,lr_lbfgs,4,2,brier,0.24999835574509102
1881,,,lab_anemia,lab_anemia,clinicalbert_type1_clinicalbert_pool,lr_lbfgs,0,4,auroc,0.5937463305067472
1882,,,lab_anemia,lab_anemia,clinicalbert_type1_clinicalbert_pool,lr_lbfgs,0,4,auprc,0.7582983504028677
1883,,,lab_anemia,lab_anemia,clinicalbert_type1_clinicalbert_pool,lr_lbfgs,0,4,brier,0.4350714065792679
1884,,,lab_anemia,lab_anemia,clinicalbert_type1_clinicalbert_pool,lr_lbfgs,1,4,auroc,0.5471320936399302
1885,,,lab_anemia,lab_anemia,clinicalbert_type1_clinicalbert_pool,lr_lbfgs,1,4,auprc,0.7146473275938843
1886,,,lab_anemia,lab_anemia,clinicalbert_type1_clinicalbert_pool,lr_lbfgs,1,4,brier,0.3800614077940133
1887,,,lab_anemia,lab_anemia,clinicalbert_type1_clinicalbert_pool,lr_lbfgs,2,4,auroc,0.5164895434017085
1888,,,lab_anemia,lab_anemia,clinicalbert_type1_clinicalbert_pool,lr_lbfgs,2,4,auprc,0.6753589603629714
1889,,,lab_anemia,lab_anemia,clinicalbert_type1_clinicalbert_pool,lr_lbfgs,2,4,brier,0.2791958549878329
1890,,,lab_anemia,lab_anemia,clinicalbert_type1_clinicalbert_pool,lr_lbfgs,3,4,auroc,0.6079178011498726
1891,,,lab_anemia,lab_anemia,clinicalbert_type1_clinicalbert_pool,lr_lbfgs,3,4,auprc,0.767411656062454
1892,,,lab_anemia,lab_anemia,clinicalbert_type1_clinicalbert_pool,lr_lbfgs,3,4,brier,0.3884771794069268
1893,,,lab_anemia,lab_anemia,clinicalbert_type1_clinicalbert_pool,lr_lbfgs,4,4,auroc,0.6031608666631951
1894,,,lab_anemia,lab_anemia,clinicalbert_type1_clinicalbert_pool,lr_lbfgs,4,4,auprc,0.7500717706695631
1895,,,lab_anemia,lab_anemia,clinicalbert_type1_clinicalbert_pool,lr_lbfgs,4,4,brier,0.27287713546107145
1896,,,lab_anemia,lab_anemia,clinicalbert_type1_clinicalbert_pool,lr_lbfgs,0,8,auroc,0.5966194717525634
1897,,,lab_anemia,lab_anemia,clinicalbert_type1_clinicalbert_pool,lr_lbfgs,0,8,auprc,0.7525525269503989
1898,,,lab_anemia,lab_anemia,clinicalbert_type1_clinicalbert_pool,lr_lbfgs,0,8,brier,0.2475492922608328
1899,,,lab_anemia,lab_anemia,clinicalbert_type1_clinicalbert_pool,lr_lbfgs,1,8,auroc,0.6048704276351338
1900,,,lab_anemia,lab_anemia,clinicalbert_type1_clinicalbert_pool,lr_lbfgs,1,8,auprc,0.7591234403298066
1901,,,lab_anemia,lab_anemia,clinicalbert_type1_clinicalbert_pool,lr_lbfgs,1,8,brier,0.24999820132944545
1902,,,lab_anemia,lab_anemia,clinicalbert_type1_clinicalbert_pool,lr_lbfgs,2,8,auroc,0.6083239870100541
1903,,,lab_anemia,lab_anemia,clinicalbert_type1_clinicalbert_pool,lr_lbfgs,2,8,auprc,0.7556639155338286
1904,,,lab_anemia,lab_anemia,clinicalbert_type1_clinicalbert_pool,lr_lbfgs,2,8,brier,0.24474855834095843
1905,,,lab_anemia,lab_anemia,clinicalbert_type1_clinicalbert_pool,lr_lbfgs,3,8,auroc,0.6087443276986196
1906,,,lab_anemia,lab_anemia,clinicalbert_type1_clinicalbert_pool,lr_lbfgs,3,8,auprc,0.751876349765085
1907,,,lab_anemia,lab_anemia,clinicalbert_type1_clinicalbert_pool,lr_lbfgs,3,8,brier,0.4049211520370213
1908,,,lab_anemia,lab_anemia,clinicalbert_type1_clinicalbert_pool,lr_lbfgs,4,8,auroc,0.6406709802767253
1909,,,lab_anemia,lab_anemia,clinicalbert_type1_clinicalbert_pool,lr_lbfgs,4,8,auprc,0.781558495360629
1910,,,lab_anemia,lab_anemia,clinicalbert_type1_clinicalbert_pool,lr_lbfgs,4,8,brier,0.24999928587397963
1911,,,lab_anemia,lab_anemia,clinicalbert_type1_clinicalbert_pool,lr_lbfgs,0,12,auroc,0.612463810326813
1912,,,lab_anemia,lab_anemia,clinicalbert_type1_clinicalbert_pool,lr_lbfgs,0,12,auprc,0.7631485128568413
1913,,,lab_anemia,lab_anemia,clinicalbert_type1_clinicalbert_pool,lr_lbfgs,0,12,brier,0.3795981791284411
1914,,,lab_anemia,lab_anemia,clinicalbert_type1_clinicalbert_pool,lr_lbfgs,1,12,auroc,0.6338746196023151
1915,,,lab_anemia,lab_anemia,clinicalbert_type1_clinicalbert_pool,lr_lbfgs,1,12,auprc,0.7713320193194726
1916,,,lab_anemia,lab_anemia,clinicalbert_type1_clinicalbert_pool,lr_lbfgs,1,12,brier,0.22269037204316688
1917,,,lab_anemia,lab_anemia,clinicalbert_type1_clinicalbert_pool,lr_lbfgs,2,12,auroc,0.6516999792737047
1918,,,lab_anemia,lab_anemia,clinicalbert_type1_clinicalbert_pool,lr_lbfgs,2,12,auprc,0.7822934166686654
1919,,,lab_anemia,lab_anemia,clinicalbert_type1_clinicalbert_pool,lr_lbfgs,2,12,brier,0.24999959084308293
1920,,,lab_anemia,lab_anemia,clinicalbert_type1_clinicalbert_pool,lr_lbfgs,3,12,auroc,0.6437871454181783
1921,,,lab_anemia,lab_anemia,clinicalbert_type1_clinicalbert_pool,lr_lbfgs,3,12,auprc,0.7648726932308705
1922,,,lab_anemia,lab_anemia,clinicalbert_type1_clinicalbert_pool,lr_lbfgs,3,12,brier,0.3319661001244427
1923,,,lab_anemia,lab_anemia,clinicalbert_type1_clinicalbert_pool,lr_lbfgs,4,12,auroc,0.6446793618722428
1924,,,lab_anemia,lab_anemia,clinicalbert_type1_clinicalbert_pool,lr_lbfgs,4,12,auprc,0.7805733959266123
1925,,,lab_anemia,lab_anemia,clinicalbert_type1_clinicalbert_pool,lr_lbfgs,4,12,brier,0.24153853781186777
1926,,,lab_anemia,lab_anemia,clinicalbert_type1_clinicalbert_pool,lr_lbfgs,0,16,auroc,0.6047548412202746
1927,,,lab_anemia,lab_anemia,clinicalbert_type1_clinicalbert_pool,lr_lbfgs,0,16,auprc,0.7506223028382711
1928,,,lab_anemia,lab_anemia,clinicalbert_type1_clinicalbert_pool,lr_lbfgs,0,16,brier,0.3851919953274679
1929,,,lab_anemia,lab_anemia,clinicalbert_type1_clinicalbert_pool,lr_lbfgs,1,16,auroc,0.6230428801804817
1930,,,lab_anemia,lab_anemia,clinicalbert_type1_clinicalbert_pool,lr_lbfgs,1,16,auprc,0.7685749041960287
1931,,,lab_anemia,lab_anemia,clinicalbert_type1_clinicalbert_pool,lr_lbfgs,1,16,brier,0.22635932911059214
1932,,,lab_anemia,lab_anemia,clinicalbert_type1_clinicalbert_pool,lr_lbfgs,2,16,auroc,0.6721566773100172
1933,,,lab_anemia,lab_anemia,clinicalbert_type1_clinicalbert_pool,lr_lbfgs,2,16,auprc,0.8011151892337418
1934,,,lab_anemia,lab_anemia,clinicalbert_type1_clinicalbert_pool,lr_lbfgs,2,16,brier,0.2119409753633237
1935,,,lab_anemia,lab_anemia,clinicalbert_type1_clinicalbert_pool,lr_lbfgs,3,16,auroc,0.6533418458124594
1936,,,lab_anemia,lab_anemia,clinicalbert_type1_clinicalbert_pool,lr_lbfgs,3,16,auprc,0.7822051566243047
1937,,,lab_anemia,lab_anemia,clinicalbert_type1_clinicalbert_pool,lr_lbfgs,3,16,brier,0.3111049463590789
1938,,,lab_anemia,lab_anemia,clinicalbert_type1_clinicalbert_pool,lr_lbfgs,4,16,auroc,0.6683971171945084
1939,,,lab_anemia,lab_anemia,clinicalbert_type1_clinicalbert_pool,lr_lbfgs,4,16,auprc,0.7972927441565166
1940,,,lab_anemia,lab_anemia,clinicalbert_type1_clinicalbert_pool,lr_lbfgs,4,16,brier,0.22123203349596043
1941,,,lab_anemia,lab_anemia,clinicalbert_type1_clinicalbert_pool,lr_lbfgs,0,24,auroc,0.6248179260648401
1942,,,lab_anemia,lab_anemia,clinicalbert_type1_clinicalbert_pool,lr_lbfgs,0,24,auprc,0.7713395120607598
1943,,,lab_anemia,lab_anemia,clinicalbert_type1_clinicalbert_pool,lr_lbfgs,0,24,brier,0.2368197109288238
1944,,,lab_anemia,lab_anemia,clinicalbert_type1_clinicalbert_pool,lr_lbfgs,1,24,auroc,0.6619183689389259
1945,,,lab_anemia,lab_anemia,clinicalbert_type1_clinicalbert_pool,lr_lbfgs,1,24,auprc,0.8006923501441948
1946,,,lab_anemia,lab_anemia,clinicalbert_type1_clinicalbert_pool,lr_lbfgs,1,24,brier,0.22172669498053152
1947,,,lab_anemia,lab_anemia,clinicalbert_type1_clinicalbert_pool,lr_lbfgs,2,24,auroc,0.6581804637778581
1948,,,lab_anemia,lab_anemia,clinicalbert_type1_clinicalbert_pool,lr_lbfgs,2,24,auprc,0.7882580684306127
1949,,,lab_anemia,lab_anemia,clinicalbert_type1_clinicalbert_pool,lr_lbfgs,2,24,brier,0.22099677317753438
1950,,,lab_anemia,lab_anemia,clinicalbert_type1_clinicalbert_pool,lr_lbfgs,3,24,auroc,0.6605365159420844
1951,,,lab_anemia,lab_anemia,clinicalbert_type1_clinicalbert_pool,lr_lbfgs,3,24,auprc,0.7834082154826923
1952,,,lab_anemia,lab_anemia,clinicalbert_type1_clinicalbert_pool,lr_lbfgs,3,24,brier,0.34615341928049087
1953,,,lab_anemia,lab_anemia,clinicalbert_type1_clinicalbert_pool,lr_lbfgs,4,24,auroc,0.6459766628655847
1954,,,lab_anemia,lab_anemia,clinicalbert_type1_clinicalbert_pool,lr_lbfgs,4,24,auprc,0.7779169555626367
1955,,,lab_anemia,lab_anemia,clinicalbert_type1_clinicalbert_pool,lr_lbfgs,4,24,brier,0.23251626722078894
1956,,,lab_anemia,lab_anemia,clinicalbert_type1_clinicalbert_pool,lr_lbfgs,0,32,auroc,0.6203342237225073
1957,,,lab_anemia,lab_anemia,clinicalbert_type1_clinicalbert_pool,lr_lbfgs,0,32,auprc,0.7739212146888038
1958,,,lab_anemia,lab_anemia,clinicalbert_type1_clinicalbert_pool,lr_lbfgs,0,32,brier,0.26603566587980937
1959,,,lab_anemia,lab_anemia,clinicalbert_type1_clinicalbert_pool,lr_lbfgs,1,32,auroc,0.6793964183613377
1960,,,lab_anemia,lab_anemia,clinicalbert_type1_clinicalbert_pool,lr_lbfgs,1,32,auprc,0.8102200106381515
1961,,,lab_anemia,lab_anemia,clinicalbert_type1_clinicalbert_pool,lr_lbfgs,1,32,brier,0.21902410025887528
1962,,,lab_anemia,lab_anemia,clinicalbert_type1_clinicalbert_pool,lr_lbfgs,2,32,auroc,0.6245627828239891
1963,,,lab_anemia,lab_anemia,clinicalbert_type1_clinicalbert_pool,lr_lbfgs,2,32,auprc,0.7626649029117916
1964,,,lab_anemia,lab_anemia,clinicalbert_type1_clinicalbert_pool,lr_lbfgs,2,32,brier,0.37939712450241986
1965,,,lab_anemia,lab_anemia,clinicalbert_type1_clinicalbert_pool,lr_lbfgs,3,32,auroc,0.6497203628594417
1966,,,lab_anemia,lab_anemia,clinicalbert_type1_clinicalbert_pool,lr_lbfgs,3,32,auprc,0.778590985613275
1967,,,lab_anemia,lab_anemia,clinicalbert_type1_clinicalbert_pool,lr_lbfgs,3,32,brier,0.3353936804261567
1968,,,lab_anemia,lab_anemia,clinicalbert_type1_clinicalbert_pool,lr_lbfgs,4,32,auroc,0.6516433695907069
1969,,,lab_anemia,lab_anemia,clinicalbert_type1_clinicalbert_pool,lr_lbfgs,4,32,auprc,0.7799136808277309
1970,,,lab_anemia,lab_anemia,clinicalbert_type1_clinicalbert_pool,lr_lbfgs,4,32,brier,0.23158999959877583
1971,,,lab_anemia,lab_anemia,clinicalbert_type1_clinicalbert_pool,lr_lbfgs,0,48,auroc,0.5912918487325763
1972,,,lab_anemia,lab_anemia,clinicalbert_type1_clinicalbert_pool,lr_lbfgs,0,48,auprc,0.7398864909540039
1973,,,lab_anemia,lab_anemia,clinicalbert_type1_clinicalbert_pool,lr_lbfgs,0,48,brier,0.44402357054729785
1974,,,lab_anemia,lab_anemia,clinicalbert_type1_clinicalbert_pool,lr_lbfgs,1,48,auroc,0.6454396750270979
1975,,,lab_anemia,lab_anemia,clinicalbert_type1_clinicalbert_pool,lr_lbfgs,1,48,auprc,0.7881123385332379
1976,,,lab_anemia,lab_anemia,clinicalbert_type1_clinicalbert_pool,lr_lbfgs,1,48,brier,0.22606019557751642
1977,,,lab_anemia,lab_anemia,clinicalbert_type1_clinicalbert_pool,lr_lbfgs,2,48,auroc,0.6835330209507556
1978,,,lab_anemia,lab_anemia,clinicalbert_type1_clinicalbert_pool,lr_lbfgs,2,48,auprc,0.8116322072383355
1979,,,lab_anemia,lab_anemia,clinicalbert_type1_clinicalbert_pool,lr_lbfgs,2,48,brier,0.21822706004939543
1980,,,lab_anemia,lab_anemia,clinicalbert_type1_clinicalbert_pool,lr_lbfgs,3,48,auroc,0.6690870655053429
1981,,,lab_anemia,lab_anemia,clinicalbert_type1_clinicalbert_pool,lr_lbfgs,3,48,auprc,0.7929298110972347
1982,,,lab_anemia,lab_anemia,clinicalbert_type1_clinicalbert_pool,lr_lbfgs,3,48,brier,0.22388930574149335
1983,,,lab_anemia,lab_anemia,clinicalbert_type1_clinicalbert_pool,lr_lbfgs,4,48,auroc,0.6652533887630461
1984,,,lab_anemia,lab_anemia,clinicalbert_type1_clinicalbert_pool,lr_lbfgs,4,48,auprc,0.7892066482707476
1985,,,lab_anemia,lab_anemia,clinicalbert_type1_clinicalbert_pool,lr_lbfgs,4,48,brier,0.23751732202928935
1986,,,lab_anemia,lab_anemia,clinicalbert_type1_clinicalbert_pool,lr_lbfgs,0,64,auroc,0.6486849519872926
1987,,,lab_anemia,lab_anemia,clinicalbert_type1_clinicalbert_pool,lr_lbfgs,0,64,auprc,0.7873364242848507
1988,,,lab_anemia,lab_anemia,clinicalbert_type1_clinicalbert_pool,lr_lbfgs,0,64,brier,0.23165392936083568
1989,,,lab_anemia,lab_anemia,clinicalbert_type1_clinicalbert_pool,lr_lbfgs,1,64,auroc,0.6845118496557323
1990,,,lab_anemia,lab_anemia,clinicalbert_type1_clinicalbert_pool,lr_lbfgs,1,64,auprc,0.8139677932515359
1991,,,lab_anemia,lab_anemia,clinicalbert_type1_clinicalbert_pool,lr_lbfgs,1,64,brier,0.21890303420983687
1992,,,lab_anemia,lab_anemia,clinicalbert_type1_clinicalbert_pool,lr_lbfgs,2,64,auroc,0.6917215475532963
1993,,,lab_anemia,lab_anemia,clinicalbert_type1_clinicalbert_pool,lr_lbfgs,2,64,auprc,0.8160909679521406
1994,,,lab_anemia,lab_anemia,clinicalbert_type1_clinicalbert_pool,lr_lbfgs,2,64,brier,0.21663375650221586
1995,,,lab_anemia,lab_anemia,clinicalbert_type1_clinicalbert_pool,lr_lbfgs,3,64,auroc,0.6532062897874533
1996,,,lab_anemia,lab_anemia,clinicalbert_type1_clinicalbert_pool,lr_lbfgs,3,64,auprc,0.7762150771769402
1997,,,lab_anemia,lab_anemia,clinicalbert_type1_clinicalbert_pool,lr_lbfgs,3,64,brier,0.3320930191764965
1998,,,lab_anemia,lab_anemia,clinicalbert_type1_clinicalbert_pool,lr_lbfgs,4,64,auroc,0.6686920097964593
1999,,,lab_anemia,lab_anemia,clinicalbert_type1_clinicalbert_pool,lr_lbfgs,4,64,auprc,0.7972694212837741
2000,,,lab_anemia,lab_anemia,clinicalbert_type1_clinicalbert_pool,lr_lbfgs,4,64,brier,0.23696038923820867
2001,,,lab_anemia,lab_anemia,clinicalbert_type1_clinicalbert_pool,lr_lbfgs,0,128,auroc,0.6980709934430476
2002,,,lab_anemia,lab_anemia,clinicalbert_type1_clinicalbert_pool,lr_lbfgs,0,128,auprc,0.823370949823676
2003,,,lab_anemia,lab_anemia,clinicalbert_type1_clinicalbert_pool,lr_lbfgs,0,128,brier,0.2226589964104969
2004,,,lab_anemia,lab_anemia,clinicalbert_type1_clinicalbert_pool,lr_lbfgs,1,128,auroc,0.6430953446044115
2005,,,lab_anemia,lab_anemia,clinicalbert_type1_clinicalbert_pool,lr_lbfgs,1,128,auprc,0.785029906683656
2006,,,lab_anemia,lab_anemia,clinicalbert_type1_clinicalbert_pool,lr_lbfgs,1,128,brier,0.24696514578088688
2007,,,lab_anemia,lab_anemia,clinicalbert_type1_clinicalbert_pool,lr_lbfgs,2,128,auroc,0.6917278844478423
2008,,,lab_anemia,lab_anemia,clinicalbert_type1_clinicalbert_pool,lr_lbfgs,2,128,auprc,0.8224975501871145
2009,,,lab_anemia,lab_anemia,clinicalbert_type1_clinicalbert_pool,lr_lbfgs,2,128,brier,0.21924762581987678
2010,,,lab_anemia,lab_anemia,clinicalbert_type1_clinicalbert_pool,lr_lbfgs,3,128,auroc,0.6899558804379611
2011,,,lab_anemia,lab_anemia,clinicalbert_type1_clinicalbert_pool,lr_lbfgs,3,128,auprc,0.808765169147876
2012,,,lab_anemia,lab_anemia,clinicalbert_type1_clinicalbert_pool,lr_lbfgs,3,128,brier,0.21415264462665082
2013,,,lab_anemia,lab_anemia,clinicalbert_type1_clinicalbert_pool,lr_lbfgs,4,128,auroc,0.7006909856574449
2014,,,lab_anemia,lab_anemia,clinicalbert_type1_clinicalbert_pool,lr_lbfgs,4,128,auprc,0.8229841287171807
2015,,,lab_anemia,lab_anemia,clinicalbert_type1_clinicalbert_pool,lr_lbfgs,4,128,brier,0.2243677403661345
2016,,,lab_anemia,lab_anemia,clinicalbert_type1_clinicalbert_pool,knn,0,-1,auroc,0.6038660229706236
2017,,,lab_anemia,lab_anemia,clinicalbert_type1_clinicalbert_pool,knn,0,-1,auprc,0.7459866486515423
2018,,,lab_anemia,lab_anemia,clinicalbert_type1_clinicalbert_pool,knn,0,-1,brier,0.2978502278393948
2019,,,lab_anemia,lab_anemia,clinicalbert_type1_clinicalbert_pool,knn,0,1,auroc,0.4970132225234364
2020,,,lab_anemia,lab_anemia,clinicalbert_type1_clinicalbert_pool,knn,0,1,auprc,0.6860310338215919
2021,,,lab_anemia,lab_anemia,clinicalbert_type1_clinicalbert_pool,knn,0,1,brier,0.6242111598314848
2022,,,lab_anemia,lab_anemia,clinicalbert_type1_clinicalbert_pool,knn,1,1,auroc,0.5143356073557781
2023,,,lab_anemia,lab_anemia,clinicalbert_type1_clinicalbert_pool,knn,1,1,auprc,0.6942750648469944
2024,,,lab_anemia,lab_anemia,clinicalbert_type1_clinicalbert_pool,knn,1,1,brier,0.6494884360760038
2025,,,lab_anemia,lab_anemia,clinicalbert_type1_clinicalbert_pool,knn,2,1,auroc,0.4522932135862964
2026,,,lab_anemia,lab_anemia,clinicalbert_type1_clinicalbert_pool,knn,2,1,auprc,0.667562597970176
2027,,,lab_anemia,lab_anemia,clinicalbert_type1_clinicalbert_pool,knn,2,1,brier,0.4297136961568223
2028,,,lab_anemia,lab_anemia,clinicalbert_type1_clinicalbert_pool,knn,3,1,auroc,0.513973272090444
2029,,,lab_anemia,lab_anemia,clinicalbert_type1_clinicalbert_pool,knn,3,1,auprc,0.6933736049607082
2030,,,lab_anemia,lab_anemia,clinicalbert_type1_clinicalbert_pool,knn,3,1,brier,0.3782993723669504
2031,,,lab_anemia,lab_anemia,clinicalbert_type1_clinicalbert_pool,knn,4,1,auroc,0.5435431123796518
2032,,,lab_anemia,lab_anemia,clinicalbert_type1_clinicalbert_pool,knn,4,1,auprc,0.7066210412624239
2033,,,lab_anemia,lab_anemia,clinicalbert_type1_clinicalbert_pool,knn,4,1,brier,0.3334708967414668
2034,,,lab_anemia,lab_anemia,clinicalbert_type1_clinicalbert_pool,knn,0,2,auroc,0.536839603857416
2035,,,lab_anemia,lab_anemia,clinicalbert_type1_clinicalbert_pool,knn,0,2,auprc,0.704359822331524
2036,,,lab_anemia,lab_anemia,clinicalbert_type1_clinicalbert_pool,knn,0,2,brier,0.5439429111856247
2037,,,lab_anemia,lab_anemia,clinicalbert_type1_clinicalbert_pool,knn,1,2,auroc,0.48385768292400216
2038,,,lab_anemia,lab_anemia,clinicalbert_type1_clinicalbert_pool,knn,1,2,auprc,0.6822652824954802
2039,,,lab_anemia,lab_anemia,clinicalbert_type1_clinicalbert_pool,knn,1,2,brier,0.3402401627833664
2040,,,lab_anemia,lab_anemia,clinicalbert_type1_clinicalbert_pool,knn,2,2,auroc,0.4561187827906949
2041,,,lab_anemia,lab_anemia,clinicalbert_type1_clinicalbert_pool,knn,2,2,auprc,0.6645512144787407
2042,,,lab_anemia,lab_anemia,clinicalbert_type1_clinicalbert_pool,knn,2,2,brier,0.2634125652094925
2043,,,lab_anemia,lab_anemia,clinicalbert_type1_clinicalbert_pool,knn,3,2,auroc,0.5379906802524219
2044,,,lab_anemia,lab_anemia,clinicalbert_type1_clinicalbert_pool,knn,3,2,auprc,0.7040837094418927
2045,,,lab_anemia,lab_anemia,clinicalbert_type1_clinicalbert_pool,knn,3,2,brier,0.3336256555756169
2046,,,lab_anemia,lab_anemia,clinicalbert_type1_clinicalbert_pool,knn,4,2,auroc,0.5408191041548964
2047,,,lab_anemia,lab_anemia,clinicalbert_type1_clinicalbert_pool,knn,4,2,auprc,0.7053465658283389
2048,,,lab_anemia,lab_anemia,clinicalbert_type1_clinicalbert_pool,knn,4,2,brier,0.3165334021150374
2049,,,lab_anemia,lab_anemia,clinicalbert_type1_clinicalbert_pool,knn,0,4,auroc,0.5776346956395465
2050,,,lab_anemia,lab_anemia,clinicalbert_type1_clinicalbert_pool,knn,0,4,auprc,0.7249099073295631
2051,,,lab_anemia,lab_anemia,clinicalbert_type1_clinicalbert_pool,knn,0,4,brier,0.26359762703120976
2052,,,lab_anemia,lab_anemia,clinicalbert_type1_clinicalbert_pool,knn,1,4,auroc,0.4803733409075228
2053,,,lab_anemia,lab_anemia,clinicalbert_type1_clinicalbert_pool,knn,1,4,auprc,0.6790049101830942
2054,,,lab_anemia,lab_anemia,clinicalbert_type1_clinicalbert_pool,knn,1,4,brier,0.2526427650245035
2055,,,lab_anemia,lab_anemia,clinicalbert_type1_clinicalbert_pool,knn,2,4,auroc,0.4987957423938177
2056,,,lab_anemia,lab_anemia,clinicalbert_type1_clinicalbert_pool,knn,2,4,auprc,0.6755875718480608
2057,,,lab_anemia,lab_anemia,clinicalbert_type1_clinicalbert_pool,knn,2,4,brier,0.2418013107462119
2058,,,lab_anemia,lab_anemia,clinicalbert_type1_clinicalbert_pool,knn,3,4,auroc,0.5815428480901506
2059,,,lab_anemia,lab_anemia,clinicalbert_type1_clinicalbert_pool,knn,3,4,auprc,0.7309825416086716
2060,,,lab_anemia,lab_anemia,clinicalbert_type1_clinicalbert_pool,knn,3,4,brier,0.2996014100249335
2061,,,lab_anemia,lab_anemia,clinicalbert_type1_clinicalbert_pool,knn,4,4,auroc,0.605572509049095
2062,,,lab_anemia,lab_anemia,clinicalbert_type1_clinicalbert_pool,knn,4,4,auprc,0.7535770762215834
2063,,,lab_anemia,lab_anemia,clinicalbert_type1_clinicalbert_pool,knn,4,4,brier,0.20997314130893416
2064,,,lab_anemia,lab_anemia,clinicalbert_type1_clinicalbert_pool,knn,0,8,auroc,0.5483036273630849
2065,,,lab_anemia,lab_anemia,clinicalbert_type1_clinicalbert_pool,knn,0,8,auprc,0.7214925606980844
2066,,,lab_anemia,lab_anemia,clinicalbert_type1_clinicalbert_pool,knn,0,8,brier,0.35339005373611626
2067,,,lab_anemia,lab_anemia,clinicalbert_type1_clinicalbert_pool,knn,1,8,auroc,0.5578176545524349
2068,,,lab_anemia,lab_anemia,clinicalbert_type1_clinicalbert_pool,knn,1,8,auprc,0.7160799971745446
2069,,,lab_anemia,lab_anemia,clinicalbert_type1_clinicalbert_pool,knn,1,8,brier,0.23231226893646295
2070,,,lab_anemia,lab_anemia,clinicalbert_type1_clinicalbert_pool,knn,2,8,auroc,0.592040112019676
2071,,,lab_anemia,lab_anemia,clinicalbert_type1_clinicalbert_pool,knn,2,8,auprc,0.7564960581484074
2072,,,lab_anemia,lab_anemia,clinicalbert_type1_clinicalbert_pool,knn,2,8,brier,0.22771509078192778
2073,,,lab_anemia,lab_anemia,clinicalbert_type1_clinicalbert_pool,knn,3,8,auroc,0.5666633980159301
2074,,,lab_anemia,lab_anemia,clinicalbert_type1_clinicalbert_pool,knn,3,8,auprc,0.7226765951116253
2075,,,lab_anemia,lab_anemia,clinicalbert_type1_clinicalbert_pool,knn,3,8,brier,0.3001499823269233
2076,,,lab_anemia,lab_anemia,clinicalbert_type1_clinicalbert_pool,knn,4,8,auroc,0.5387727295334025
2077,,,lab_anemia,lab_anemia,clinicalbert_type1_clinicalbert_pool,knn,4,8,auprc,0.7091152118337861
2078,,,lab_anemia,lab_anemia,clinicalbert_type1_clinicalbert_pool,knn,4,8,brier,0.24338199638896058
2079,,,lab_anemia,lab_anemia,clinicalbert_type1_clinicalbert_pool,knn,0,12,auroc,0.5744753120793303
2080,,,lab_anemia,lab_anemia,clinicalbert_type1_clinicalbert_pool,knn,0,12,auprc,0.7328509925528967
2081,,,lab_anemia,lab_anemia,clinicalbert_type1_clinicalbert_pool,knn,0,12,brier,0.34380534777749117
2082,,,lab_anemia,lab_anemia,clinicalbert_type1_clinicalbert_pool,knn,1,12,auroc,0.5823421064561137
2083,,,lab_anemia,lab_anemia,clinicalbert_type1_clinicalbert_pool,knn,1,12,auprc,0.73402203250085
2084,,,lab_anemia,lab_anemia,clinicalbert_type1_clinicalbert_pool,knn,1,12,brier,0.24637682671620487
2085,,,lab_anemia,lab_anemia,clinicalbert_type1_clinicalbert_pool,knn,2,12,auroc,0.625316280996835
2086,,,lab_anemia,lab_anemia,clinicalbert_type1_clinicalbert_pool,knn,2,12,auprc,0.7618940811538071
2087,,,lab_anemia,lab_anemia,clinicalbert_type1_clinicalbert_pool,knn,2,12,brier,0.2513885695992691
2088,,,lab_anemia,lab_anemia,clinicalbert_type1_clinicalbert_pool,knn,3,12,auroc,0.5763712803849519
2089,,,lab_anemia,lab_anemia,clinicalbert_type1_clinicalbert_pool,knn,3,12,auprc,0.7226722585906113
2090,,,lab_anemia,lab_anemia,clinicalbert_type1_clinicalbert_pool,knn,3,12,brier,0.3907660562290431
2091,,,lab_anemia,lab_anemia,clinicalbert_type1_clinicalbert_pool,knn,4,12,auroc,0.6081240467056367
2092,,,lab_anemia,lab_anemia,clinicalbert_type1_clinicalbert_pool,knn,4,12,auprc,0.7419875161675927
2093,,,lab_anemia,lab_anemia,clinicalbert_type1_clinicalbert_pool,knn,4,12,brier,0.21377491187344175
2094,,,lab_anemia,lab_anemia,clinicalbert_type1_clinicalbert_pool,knn,0,16,auroc,0.5636955823824151
2095,,,lab_anemia,lab_anemia,clinicalbert_type1_clinicalbert_pool,knn,0,16,auprc,0.7226141422041557
2096,,,lab_anemia,lab_anemia,clinicalbert_type1_clinicalbert_pool,knn,0,16,brier,0.29468756866229145
2097,,,lab_anemia,lab_anemia,clinicalbert_type1_clinicalbert_pool,knn,1,16,auroc,0.5522944669321348
2098,,,lab_anemia,lab_anemia,clinicalbert_type1_clinicalbert_pool,knn,1,16,auprc,0.7173394086519087
2099,,,lab_anemia,lab_anemia,clinicalbert_type1_clinicalbert_pool,knn,1,16,brier,0.24948574289641717
2100,,,lab_anemia,lab_anemia,clinicalbert_type1_clinicalbert_pool,knn,2,16,auroc,0.638929630959816
2101,,,lab_anemia,lab_anemia,clinicalbert_type1_clinicalbert_pool,knn,2,16,auprc,0.7814672146117048
2102,,,lab_anemia,lab_anemia,clinicalbert_type1_clinicalbert_pool,knn,2,16,brier,0.2227665888476232
2103,,,lab_anemia,lab_anemia,clinicalbert_type1_clinicalbert_pool,knn,3,16,auroc,0.5570256534853711
2104,,,lab_anemia,lab_anemia,clinicalbert_type1_clinicalbert_pool,knn,3,16,auprc,0.7142941774222417
2105,,,lab_anemia,lab_anemia,clinicalbert_type1_clinicalbert_pool,knn,3,16,brier,0.26687683298464837
2106,,,lab_anemia,lab_anemia,clinicalbert_type1_clinicalbert_pool,knn,4,16,auroc,0.5993291057102285
2107,,,lab_anemia,lab_anemia,clinicalbert_type1_clinicalbert_pool,knn,4,16,auprc,0.7412841228053959
2108,,,lab_anemia,lab_anemia,clinicalbert_type1_clinicalbert_pool,knn,4,16,brier,0.22832774481987794
2109,,,lab_anemia,lab_anemia,clinicalbert_type1_clinicalbert_pool,knn,0,24,auroc,0.5903570391568765
2110,,,lab_anemia,lab_anemia,clinicalbert_type1_clinicalbert_pool,knn,0,24,auprc,0.7443160077825284
2111,,,lab_anemia,lab_anemia,clinicalbert_type1_clinicalbert_pool,knn,0,24,brier,0.28366193792451216
2112,,,lab_anemia,lab_anemia,clinicalbert_type1_clinicalbert_pool,knn,1,24,auroc,0.5831733560962583
2113,,,lab_anemia,lab_anemia,clinicalbert_type1_clinicalbert_pool,knn,1,24,auprc,0.7292611469599006
2114,,,lab_anemia,lab_anemia,clinicalbert_type1_clinicalbert_pool,knn,1,24,brier,0.2334045223970424
2115,,,lab_anemia,lab_anemia,clinicalbert_type1_clinicalbert_pool,knn,2,24,auroc,0.6237319851312736
2116,,,lab_anemia,lab_anemia,clinicalbert_type1_clinicalbert_pool,knn,2,24,auprc,0.7582038302144974
2117,,,lab_anemia,lab_anemia,clinicalbert_type1_clinicalbert_pool,knn,2,24,brier,0.2632318929842558
2118,,,lab_anemia,lab_anemia,clinicalbert_type1_clinicalbert_pool,knn,3,24,auroc,0.5677027292052763
2119,,,lab_anemia,lab_anemia,clinicalbert_type1_clinicalbert_pool,knn,3,24,auprc,0.7204007284082625
2120,,,lab_anemia,lab_anemia,clinicalbert_type1_clinicalbert_pool,knn,3,24,brier,0.2665367456700962
2121,,,lab_anemia,lab_anemia,clinicalbert_type1_clinicalbert_pool,knn,4,24,auroc,0.5840534373835092
2122,,,lab_anemia,lab_anemia,clinicalbert_type1_clinicalbert_pool,knn,4,24,auprc,0.7328776857855914
2123,,,lab_anemia,lab_anemia,clinicalbert_type1_clinicalbert_pool,knn,4,24,brier,0.24081024847390597
2124,,,lab_anemia,lab_anemia,clinicalbert_type1_clinicalbert_pool,knn,0,32,auroc,0.5554124508696342
2125,,,lab_anemia,lab_anemia,clinicalbert_type1_clinicalbert_pool,knn,0,32,auprc,0.7306873517090299
2126,,,lab_anemia,lab_anemia,clinicalbert_type1_clinicalbert_pool,knn,0,32,brier,0.28992672436027583
2127,,,lab_anemia,lab_anemia,clinicalbert_type1_clinicalbert_pool,knn,1,32,auroc,0.5815418809088945
2128,,,lab_anemia,lab_anemia,clinicalbert_type1_clinicalbert_pool,knn,1,32,auprc,0.7271590499654135
2129,,,lab_anemia,lab_anemia,clinicalbert_type1_clinicalbert_pool,knn,1,32,brier,0.24011899234803546
2130,,,lab_anemia,lab_anemia,clinicalbert_type1_clinicalbert_pool,knn,2,32,auroc,0.6160649178112619
2131,,,lab_anemia,lab_anemia,clinicalbert_type1_clinicalbert_pool,knn,2,32,auprc,0.7614069835343495
2132,,,lab_anemia,lab_anemia,clinicalbert_type1_clinicalbert_pool,knn,2,32,brier,0.2554593588965074
2133,,,lab_anemia,lab_anemia,clinicalbert_type1_clinicalbert_pool,knn,3,32,auroc,0.6061516538833875
2134,,,lab_anemia,lab_anemia,clinicalbert_type1_clinicalbert_pool,knn,3,32,auprc,0.7426538218923344
2135,,,lab_anemia,lab_anemia,clinicalbert_type1_clinicalbert_pool,knn,3,32,brier,0.2502828647579744
2136,,,lab_anemia,lab_anemia,clinicalbert_type1_clinicalbert_pool,knn,4,32,auroc,0.5834538297179029
2137,,,lab_anemia,lab_anemia,clinicalbert_type1_clinicalbert_pool,knn,4,32,auprc,0.7302303341004067
2138,,,lab_anemia,lab_anemia,clinicalbert_type1_clinicalbert_pool,knn,4,32,brier,0.28000840665271926
2139,,,lab_anemia,lab_anemia,clinicalbert_type1_clinicalbert_pool,knn,0,48,auroc,0.5981426308939843
2140,,,lab_anemia,lab_anemia,clinicalbert_type1_clinicalbert_pool,knn,0,48,auprc,0.754001172301226
2141,,,lab_anemia,lab_anemia,clinicalbert_type1_clinicalbert_pool,knn,0,48,brier,0.2482157278212981
2142,,,lab_anemia,lab_anemia,clinicalbert_type1_clinicalbert_pool,knn,1,48,auroc,0.584834498158469
2143,,,lab_anemia,lab_anemia,clinicalbert_type1_clinicalbert_pool,knn,1,48,auprc,0.7297613185881783
2144,,,lab_anemia,lab_anemia,clinicalbert_type1_clinicalbert_pool,knn,1,48,brier,0.247090705872238
2145,,,lab_anemia,lab_anemia,clinicalbert_type1_clinicalbert_pool,knn,2,48,auroc,0.6282847370611819
2146,,,lab_anemia,lab_anemia,clinicalbert_type1_clinicalbert_pool,knn,2,48,auprc,0.753570675545359
2147,,,lab_anemia,lab_anemia,clinicalbert_type1_clinicalbert_pool,knn,2,48,brier,0.24031570802166635
2148,,,lab_anemia,lab_anemia,clinicalbert_type1_clinicalbert_pool,knn,3,48,auroc,0.5798210460154712
2149,,,lab_anemia,lab_anemia,clinicalbert_type1_clinicalbert_pool,knn,3,48,auprc,0.7256233174462317
2150,,,lab_anemia,lab_anemia,clinicalbert_type1_clinicalbert_pool,knn,3,48,brier,0.29443536908071344
2151,,,lab_anemia,lab_anemia,clinicalbert_type1_clinicalbert_pool,knn,4,48,auroc,0.5883436931561745
2152,,,lab_anemia,lab_anemia,clinicalbert_type1_clinicalbert_pool,knn,4,48,auprc,0.7302957994443698
2153,,,lab_anemia,lab_anemia,clinicalbert_type1_clinicalbert_pool,knn,4,48,brier,0.2679162009572121
2154,,,lab_anemia,lab_anemia,clinicalbert_type1_clinicalbert_pool,knn,0,64,auroc,0.6061796099618018
2155,,,lab_anemia,lab_anemia,clinicalbert_type1_clinicalbert_pool,knn,0,64,auprc,0.7475715049088835
2156,,,lab_anemia,lab_anemia,clinicalbert_type1_clinicalbert_pool,knn,0,64,brier,0.25461679993121833
2157,,,lab_anemia,lab_anemia,clinicalbert_type1_clinicalbert_pool,knn,1,64,auroc,0.5903762541455171
2158,,,lab_anemia,lab_anemia,clinicalbert_type1_clinicalbert_pool,knn,1,64,auprc,0.7378727034949744
2159,,,lab_anemia,lab_anemia,clinicalbert_type1_clinicalbert_pool,knn,1,64,brier,0.26639214694271085
2160,,,lab_anemia,lab_anemia,clinicalbert_type1_clinicalbert_pool,knn,2,64,auroc,0.6306682355731605
2161,,,lab_anemia,lab_anemia,clinicalbert_type1_clinicalbert_pool,knn,2,64,auprc,0.7692721657266739
2162,,,lab_anemia,lab_anemia,clinicalbert_type1_clinicalbert_pool,knn,2,64,brier,0.25056033983375403
2163,,,lab_anemia,lab_anemia,clinicalbert_type1_clinicalbert_pool,knn,3,64,auroc,0.6180784619259055
2164,,,lab_anemia,lab_anemia,clinicalbert_type1_clinicalbert_pool,knn,3,64,auprc,0.7544737695391883
2165,,,lab_anemia,lab_anemia,clinicalbert_type1_clinicalbert_pool,knn,3,64,brier,0.2608138955770151
2166,,,lab_anemia,lab_anemia,clinicalbert_type1_clinicalbert_pool,knn,4,64,auroc,0.5839789492930806
2167,,,lab_anemia,lab_anemia,clinicalbert_type1_clinicalbert_pool,knn,4,64,auprc,0.7286870029113399
2168,,,lab_anemia,lab_anemia,clinicalbert_type1_clinicalbert_pool,knn,4,64,brier,0.26509806169336736
2169,,,lab_anemia,lab_anemia,clinicalbert_type1_clinicalbert_pool,knn,0,128,auroc,0.6096451001985336
2170,,,lab_anemia,lab_anemia,clinicalbert_type1_clinicalbert_pool,knn,0,128,auprc,0.7499595135872452
2171,,,lab_anemia,lab_anemia,clinicalbert_type1_clinicalbert_pool,knn,0,128,brier,0.26372762445189585
2172,,,lab_anemia,lab_anemia,clinicalbert_type1_clinicalbert_pool,knn,1,128,auroc,0.594679400394398
2173,,,lab_anemia,lab_anemia,clinicalbert_type1_clinicalbert_pool,knn,1,128,auprc,0.735777176093432
2174,,,lab_anemia,lab_anemia,clinicalbert_type1_clinicalbert_pool,knn,1,128,brier,0.29466846263338403
2175,,,lab_anemia,lab_anemia,clinicalbert_type1_clinicalbert_pool,knn,2,128,auroc,0.6248359427392927
2176,,,lab_anemia,lab_anemia,clinicalbert_type1_clinicalbert_pool,knn,2,128,auprc,0.7577614112497396
2177,,,lab_anemia,lab_anemia,clinicalbert_type1_clinicalbert_pool,knn,2,128,brier,0.2529151405726078
2178,,,lab_anemia,lab_anemia,clinicalbert_type1_clinicalbert_pool,knn,3,128,auroc,0.6207319979949217
2179,,,lab_anemia,lab_anemia,clinicalbert_type1_clinicalbert_pool,knn,3,128,auprc,0.7638257169703351
2180,,,lab_anemia,lab_anemia,clinicalbert_type1_clinicalbert_pool,knn,3,128,brier,0.2648354496236682
2181,,,lab_anemia,lab_anemia,clinicalbert_type1_clinicalbert_pool,knn,4,128,auroc,0.618190548327798
2182,,,lab_anemia,lab_anemia,clinicalbert_type1_clinicalbert_pool,knn,4,128,auprc,0.7602572447556223
2183,,,lab_anemia,lab_anemia,clinicalbert_type1_clinicalbert_pool,knn,4,128,brier,0.2501971634211602
2184,,,lab_anemia,lab_anemia,clinicalbert_type1_clinicalbert_pool,rf,0,-1,auroc,0.7227459073821451
2185,,,lab_anemia,lab_anemia,clinicalbert_type1_clinicalbert_pool,rf,0,-1,auprc,0.8348440649853437
2186,,,lab_anemia,lab_anemia,clinicalbert_type1_clinicalbert_pool,rf,0,-1,brier,0.18430366769834575
2187,,,lab_anemia,lab_anemia,clinicalbert_type1_clinicalbert_pool,rf,0,1,auroc,0.5350915695707718
2188,,,lab_anemia,lab_anemia,clinicalbert_type1_clinicalbert_pool,rf,0,1,auprc,0.7077094859796704
2189,,,lab_anemia,lab_anemia,clinicalbert_type1_clinicalbert_pool,rf,0,1,brier,0.22813395236866996
2190,,,lab_anemia,lab_anemia,clinicalbert_type1_clinicalbert_pool,rf,1,1,auroc,0.47027669501094754
2191,,,lab_anemia,lab_anemia,clinicalbert_type1_clinicalbert_pool,rf,1,1,auprc,0.6735931272636942
2192,,,lab_anemia,lab_anemia,clinicalbert_type1_clinicalbert_pool,rf,1,1,brier,0.22853280027512687
2193,,,lab_anemia,lab_anemia,clinicalbert_type1_clinicalbert_pool,rf,2,1,auroc,0.45775231960126267
2194,,,lab_anemia,lab_anemia,clinicalbert_type1_clinicalbert_pool,rf,2,1,auprc,0.6645628263511787
2195,,,lab_anemia,lab_anemia,clinicalbert_type1_clinicalbert_pool,rf,2,1,brier,0.2288035422577595
2196,,,lab_anemia,lab_anemia,clinicalbert_type1_clinicalbert_pool,rf,3,1,auroc,0.5288682108226757
2197,,,lab_anemia,lab_anemia,clinicalbert_type1_clinicalbert_pool,rf,3,1,auprc,0.7048177854392228
2198,,,lab_anemia,lab_anemia,clinicalbert_type1_clinicalbert_pool,rf,3,1,brier,0.22125027942567277
2199,,,lab_anemia,lab_anemia,clinicalbert_type1_clinicalbert_pool,rf,4,1,auroc,0.5530649698849611
2200,,,lab_anemia,lab_anemia,clinicalbert_type1_clinicalbert_pool,rf,4,1,auprc,0.7215863795265912
2201,,,lab_anemia,lab_anemia,clinicalbert_type1_clinicalbert_pool,rf,4,1,brier,0.2204684859427392
2202,,,lab_anemia,lab_anemia,clinicalbert_type1_clinicalbert_pool,rf,0,2,auroc,0.4971823134604184
2203,,,lab_anemia,lab_anemia,clinicalbert_type1_clinicalbert_pool,rf,0,2,auprc,0.6959419561726841
2204,,,lab_anemia,lab_anemia,clinicalbert_type1_clinicalbert_pool,rf,0,2,brier,0.258168042300748
2205,,,lab_anemia,lab_anemia,clinicalbert_type1_clinicalbert_pool,rf,1,2,auroc,0.4576430852146534
2206,,,lab_anemia,lab_anemia,clinicalbert_type1_clinicalbert_pool,rf,1,2,auprc,0.6599985432472664
2207,,,lab_anemia,lab_anemia,clinicalbert_type1_clinicalbert_pool,rf,1,2,brier,0.26985315106181756
2208,,,lab_anemia,lab_anemia,clinicalbert_type1_clinicalbert_pool,rf,2,2,auroc,0.44639010396097867
2209,,,lab_anemia,lab_anemia,clinicalbert_type1_clinicalbert_pool,rf,2,2,auprc,0.6620522701732823
2210,,,lab_anemia,lab_anemia,clinicalbert_type1_clinicalbert_pool,rf,2,2,brier,0.2537611538130858
2211,,,lab_anemia,lab_anemia,clinicalbert_type1_clinicalbert_pool,rf,3,2,auroc,0.5332315713276572
2212,,,lab_anemia,lab_anemia,clinicalbert_type1_clinicalbert_pool,rf,3,2,auprc,0.7090151737243087
2213,,,lab_anemia,lab_anemia,clinicalbert_type1_clinicalbert_pool,rf,3,2,brier,0.23013150202046256
2214,,,lab_anemia,lab_anemia,clinicalbert_type1_clinicalbert_pool,rf,4,2,auroc,0.4884852751469018
2215,,,lab_anemia,lab_anemia,clinicalbert_type1_clinicalbert_pool,rf,4,2,auprc,0.6794991050541934
2216,,,lab_anemia,lab_anemia,clinicalbert_type1_clinicalbert_pool,rf,4,2,brier,0.23897670019774744
2217,,,lab_anemia,lab_anemia,clinicalbert_type1_clinicalbert_pool,rf,0,4,auroc,0.5646095893063597
2218,,,lab_anemia,lab_anemia,clinicalbert_type1_clinicalbert_pool,rf,0,4,auprc,0.7275514436264081
2219,,,lab_anemia,lab_anemia,clinicalbert_type1_clinicalbert_pool,rf,0,4,brier,0.27717440460837417
2220,,,lab_anemia,lab_anemia,clinicalbert_type1_clinicalbert_pool,rf,1,4,auroc,0.5100844034180433
2221,,,lab_anemia,lab_anemia,clinicalbert_type1_clinicalbert_pool,rf,1,4,auprc,0.6916623786033947
2222,,,lab_anemia,lab_anemia,clinicalbert_type1_clinicalbert_pool,rf,1,4,brier,0.25666202390164217
2223,,,lab_anemia,lab_anemia,clinicalbert_type1_clinicalbert_pool,rf,2,4,auroc,0.525993062985306
2224,,,lab_anemia,lab_anemia,clinicalbert_type1_clinicalbert_pool,rf,2,4,auprc,0.6912258474530789
2225,,,lab_anemia,lab_anemia,clinicalbert_type1_clinicalbert_pool,rf,2,4,brier,0.23533642851001638
2226,,,lab_anemia,lab_anemia,clinicalbert_type1_clinicalbert_pool,rf,3,4,auroc,0.5716066070724338
2227,,,lab_anemia,lab_anemia,clinicalbert_type1_clinicalbert_pool,rf,3,4,auprc,0.7281628191018451
2228,,,lab_anemia,lab_anemia,clinicalbert_type1_clinicalbert_pool,rf,3,4,brier,0.2620324133780415
2229,,,lab_anemia,lab_anemia,clinicalbert_type1_clinicalbert_pool,rf,4,4,auroc,0.5395100401462769
2230,,,lab_anemia,lab_anemia,clinicalbert_type1_clinicalbert_pool,rf,4,4,auprc,0.7124329066030247
2231,,,lab_anemia,lab_anemia,clinicalbert_type1_clinicalbert_pool,rf,4,4,brier,0.24352566417332994
2232,,,lab_anemia,lab_anemia,clinicalbert_type1_clinicalbert_pool,rf,0,8,auroc,0.5563998638241809
2233,,,lab_anemia,lab_anemia,clinicalbert_type1_clinicalbert_pool,rf,0,8,auprc,0.7277716769516388
2234,,,lab_anemia,lab_anemia,clinicalbert_type1_clinicalbert_pool,rf,0,8,brier,0.28288616971885483
2235,,,lab_anemia,lab_anemia,clinicalbert_type1_clinicalbert_pool,rf,1,8,auroc,0.589659823916604
2236,,,lab_anemia,lab_anemia,clinicalbert_type1_clinicalbert_pool,rf,1,8,auprc,0.7460606365186174
2237,,,lab_anemia,lab_anemia,clinicalbert_type1_clinicalbert_pool,rf,1,8,brier,0.22596981686871292
2238,,,lab_anemia,lab_anemia,clinicalbert_type1_clinicalbert_pool,rf,2,8,auroc,0.6466134925637451
2239,,,lab_anemia,lab_anemia,clinicalbert_type1_clinicalbert_pool,rf,2,8,auprc,0.7802430320279304
2240,,,lab_anemia,lab_anemia,clinicalbert_type1_clinicalbert_pool,rf,2,8,brier,0.21618535293611896
2241,,,lab_anemia,lab_anemia,clinicalbert_type1_clinicalbert_pool,rf,3,8,auroc,0.5576753860418685
2242,,,lab_anemia,lab_anemia,clinicalbert_type1_clinicalbert_pool,rf,3,8,auprc,0.7262613258830252
2243,,,lab_anemia,lab_anemia,clinicalbert_type1_clinicalbert_pool,rf,3,8,brier,0.2826013240478033
2244,,,lab_anemia,lab_anemia,clinicalbert_type1_clinicalbert_pool,rf,4,8,auroc,0.5363879831787506
2245,,,lab_anemia,lab_anemia,clinicalbert_type1_clinicalbert_pool,rf,4,8,auprc,0.7113200782350719
2246,,,lab_anemia,lab_anemia,clinicalbert_type1_clinicalbert_pool,rf,4,8,brier,0.2324652222508813
2247,,,lab_anemia,lab_anemia,clinicalbert_type1_clinicalbert_pool,rf,0,12,auroc,0.5940359827197866
2248,,,lab_anemia,lab_anemia,clinicalbert_type1_clinicalbert_pool,rf,0,12,auprc,0.7443566834836042
2249,,,lab_anemia,lab_anemia,clinicalbert_type1_clinicalbert_pool,rf,0,12,brier,0.28122087524718425
2250,,,lab_anemia,lab_anemia,clinicalbert_type1_clinicalbert_pool,rf,1,12,auroc,0.6188516868817409
2251,,,lab_anemia,lab_anemia,clinicalbert_type1_clinicalbert_pool,rf,1,12,auprc,0.7558015991875721
2252,,,lab_anemia,lab_anemia,clinicalbert_type1_clinicalbert_pool,rf,1,12,brier,0.2166538536252562
2253,,,lab_anemia,lab_anemia,clinicalbert_type1_clinicalbert_pool,rf,2,12,auroc,0.6298734932420101
2254,,,lab_anemia,lab_anemia,clinicalbert_type1_clinicalbert_pool,rf,2,12,auprc,0.7625907408950864
2255,,,lab_anemia,lab_anemia,clinicalbert_type1_clinicalbert_pool,rf,2,12,brier,0.2212313300662024
2256,,,lab_anemia,lab_anemia,clinicalbert_type1_clinicalbert_pool,rf,3,12,auroc,0.6206942008816209
2257,,,lab_anemia,lab_anemia,clinicalbert_type1_clinicalbert_pool,rf,3,12,auprc,0.754617705640357
2258,,,lab_anemia,lab_anemia,clinicalbert_type1_clinicalbert_pool,rf,3,12,brier,0.24087851431519214
2259,,,lab_anemia,lab_anemia,clinicalbert_type1_clinicalbert_pool,rf,4,12,auroc,0.644451244674914
2260,,,lab_anemia,lab_anemia,clinicalbert_type1_clinicalbert_pool,rf,4,12,auprc,0.7725097148145611
2261,,,lab_anemia,lab_anemia,clinicalbert_type1_clinicalbert_pool,rf,4,12,brier,0.24564921330925973
2262,,,lab_anemia,lab_anemia,clinicalbert_type1_clinicalbert_pool,rf,0,16,auroc,0.5596320962195388
2263,,,lab_anemia,lab_anemia,clinicalbert_type1_clinicalbert_pool,rf,0,16,auprc,0.7191337731753619
2264,,,lab_anemia,lab_anemia,clinicalbert_type1_clinicalbert_pool,rf,0,16,brier,0.25876588427478286
2265,,,lab_anemia,lab_anemia,clinicalbert_type1_clinicalbert_pool,rf,1,16,auroc,0.6171910765628524
2266,,,lab_anemia,lab_anemia,clinicalbert_type1_clinicalbert_pool,rf,1,16,auprc,0.7593252690136163
2267,,,lab_anemia,lab_anemia,clinicalbert_type1_clinicalbert_pool,rf,1,16,brier,0.22629322844123462
2268,,,lab_anemia,lab_anemia,clinicalbert_type1_clinicalbert_pool,rf,2,16,auroc,0.6591213598540947
2269,,,lab_anemia,lab_anemia,clinicalbert_type1_clinicalbert_pool,rf,2,16,auprc,0.7729110011536768
2270,,,lab_anemia,lab_anemia,clinicalbert_type1_clinicalbert_pool,rf,2,16,brier,0.22596161121141775
2271,,,lab_anemia,lab_anemia,clinicalbert_type1_clinicalbert_pool,rf,3,16,auroc,0.6355838682696378
2272,,,lab_anemia,lab_anemia,clinicalbert_type1_clinicalbert_pool,rf,3,16,auprc,0.768685212836135
2273,,,lab_anemia,lab_anemia,clinicalbert_type1_clinicalbert_pool,rf,3,16,brier,0.2354679629346108
2274,,,lab_anemia,lab_anemia,clinicalbert_type1_clinicalbert_pool,rf,4,16,auroc,0.6071277784706416
2275,,,lab_anemia,lab_anemia,clinicalbert_type1_clinicalbert_pool,rf,4,16,auprc,0.7381741074745459
2276,,,lab_anemia,lab_anemia,clinicalbert_type1_clinicalbert_pool,rf,4,16,brier,0.243062849282091
2277,,,lab_anemia,lab_anemia,clinicalbert_type1_clinicalbert_pool,rf,0,24,auroc,0.5725364878759427
2278,,,lab_anemia,lab_anemia,clinicalbert_type1_clinicalbert_pool,rf,0,24,auprc,0.737673947122194
2279,,,lab_anemia,lab_anemia,clinicalbert_type1_clinicalbert_pool,rf,0,24,brier,0.2665081248387929
2280,,,lab_anemia,lab_anemia,clinicalbert_type1_clinicalbert_pool,rf,1,24,auroc,0.6347902988005371
2281,,,lab_anemia,lab_anemia,clinicalbert_type1_clinicalbert_pool,rf,1,24,auprc,0.7762035828681981
2282,,,lab_anemia,lab_anemia,clinicalbert_type1_clinicalbert_pool,rf,1,24,brier,0.2253557213204731
2283,,,lab_anemia,lab_anemia,clinicalbert_type1_clinicalbert_pool,rf,2,24,auroc,0.6224757398128332
2284,,,lab_anemia,lab_anemia,clinicalbert_type1_clinicalbert_pool,rf,2,24,auprc,0.7451846353049345
2285,,,lab_anemia,lab_anemia,clinicalbert_type1_clinicalbert_pool,rf,2,24,brier,0.2283341071275041
2286,,,lab_anemia,lab_anemia,clinicalbert_type1_clinicalbert_pool,rf,3,24,auroc,0.6243117201800168
2287,,,lab_anemia,lab_anemia,clinicalbert_type1_clinicalbert_pool,rf,3,24,auprc,0.7628517851456255
2288,,,lab_anemia,lab_anemia,clinicalbert_type1_clinicalbert_pool,rf,3,24,brier,0.24792984266185195
2289,,,lab_anemia,lab_anemia,clinicalbert_type1_clinicalbert_pool,rf,4,24,auroc,0.5943334769430111
2290,,,lab_anemia,lab_anemia,clinicalbert_type1_clinicalbert_pool,rf,4,24,auprc,0.7349187303149527
2291,,,lab_anemia,lab_anemia,clinicalbert_type1_clinicalbert_pool,rf,4,24,brier,0.2553958279597627
2292,,,lab_anemia,lab_anemia,clinicalbert_type1_clinicalbert_pool,rf,0,32,auroc,0.58573970414572
2293,,,lab_anemia,lab_anemia,clinicalbert_type1_clinicalbert_pool,rf,0,32,auprc,0.7519690734152003
2294,,,lab_anemia,lab_anemia,clinicalbert_type1_clinicalbert_pool,rf,0,32,brier,0.26016565372681855
2295,,,lab_anemia,lab_anemia,clinicalbert_type1_clinicalbert_pool,rf,1,32,auroc,0.6494163356914165
2296,,,lab_anemia,lab_anemia,clinicalbert_type1_clinicalbert_pool,rf,1,32,auprc,0.7687306571724495
2297,,,lab_anemia,lab_anemia,clinicalbert_type1_clinicalbert_pool,rf,1,32,brier,0.2243582444624111
2298,,,lab_anemia,lab_anemia,clinicalbert_type1_clinicalbert_pool,rf,2,32,auroc,0.6382847466917208
2299,,,lab_anemia,lab_anemia,clinicalbert_type1_clinicalbert_pool,rf,2,32,auprc,0.7629187584038362
2300,,,lab_anemia,lab_anemia,clinicalbert_type1_clinicalbert_pool,rf,2,32,brier,0.22688500386897087
2301,,,lab_anemia,lab_anemia,clinicalbert_type1_clinicalbert_pool,rf,3,32,auroc,0.5925420694610868
2302,,,lab_anemia,lab_anemia,clinicalbert_type1_clinicalbert_pool,rf,3,32,auprc,0.7315477454752661
2303,,,lab_anemia,lab_anemia,clinicalbert_type1_clinicalbert_pool,rf,3,32,brier,0.25200404092511397
2304,,,lab_anemia,lab_anemia,clinicalbert_type1_clinicalbert_pool,rf,4,32,auroc,0.6020450607408402
2305,,,lab_anemia,lab_anemia,clinicalbert_type1_clinicalbert_pool,rf,4,32,auprc,0.7432970196114224
2306,,,lab_anemia,lab_anemia,clinicalbert_type1_clinicalbert_pool,rf,4,32,brier,0.2428563597283123
2307,,,lab_anemia,lab_anemia,clinicalbert_type1_clinicalbert_pool,rf,0,48,auroc,0.59911358388189
2308,,,lab_anemia,lab_anemia,clinicalbert_type1_clinicalbert_pool,rf,0,48,auprc,0.7520890212070699
2309,,,lab_anemia,lab_anemia,clinicalbert_type1_clinicalbert_pool,rf,0,48,brier,0.24554463760639667
2310,,,lab_anemia,lab_anemia,clinicalbert_type1_clinicalbert_pool,rf,1,48,auroc,0.5851645883161339
2311,,,lab_anemia,lab_anemia,clinicalbert_type1_clinicalbert_pool,rf,1,48,auprc,0.7333517616548975
2312,,,lab_anemia,lab_anemia,clinicalbert_type1_clinicalbert_pool,rf,1,48,brier,0.2620875247184249
2313,,,lab_anemia,lab_anemia,clinicalbert_type1_clinicalbert_pool,rf,2,48,auroc,0.6592916277804999
2314,,,lab_anemia,lab_anemia,clinicalbert_type1_clinicalbert_pool,rf,2,48,auprc,0.7722838070269578
2315,,,lab_anemia,lab_anemia,clinicalbert_type1_clinicalbert_pool,rf,2,48,brier,0.21710967103726891
2316,,,lab_anemia,lab_anemia,clinicalbert_type1_clinicalbert_pool,rf,3,48,auroc,0.6294856246666717
2317,,,lab_anemia,lab_anemia,clinicalbert_type1_clinicalbert_pool,rf,3,48,auprc,0.7550929986834548
2318,,,lab_anemia,lab_anemia,clinicalbert_type1_clinicalbert_pool,rf,3,48,brier,0.24272620582924945
2319,,,lab_anemia,lab_anemia,clinicalbert_type1_clinicalbert_pool,rf,4,48,auroc,0.6464566337868607
2320,,,lab_anemia,lab_anemia,clinicalbert_type1_clinicalbert_pool,rf,4,48,auprc,0.7613014788257838
2321,,,lab_anemia,lab_anemia,clinicalbert_type1_clinicalbert_pool,rf,4,48,brier,0.22933506781032673
2322,,,lab_anemia,lab_anemia,clinicalbert_type1_clinicalbert_pool,rf,0,64,auroc,0.6200033184085205
2323,,,lab_anemia,lab_anemia,clinicalbert_type1_clinicalbert_pool,rf,0,64,auprc,0.7558793813334994
2324,,,lab_anemia,lab_anemia,clinicalbert_type1_clinicalbert_pool,rf,0,64,brier,0.26699578712062594
2325,,,lab_anemia,lab_anemia,clinicalbert_type1_clinicalbert_pool,rf,1,64,auroc,0.6572359534979801
2326,,,lab_anemia,lab_anemia,clinicalbert_type1_clinicalbert_pool,rf,1,64,auprc,0.7797326711392631
2327,,,lab_anemia,lab_anemia,clinicalbert_type1_clinicalbert_pool,rf,1,64,brier,0.22987951329371487
2328,,,lab_anemia,lab_anemia,clinicalbert_type1_clinicalbert_pool,rf,2,64,auroc,0.6595676768574507
2329,,,lab_anemia,lab_anemia,clinicalbert_type1_clinicalbert_pool,rf,2,64,auprc,0.7823249247833355
2330,,,lab_anemia,lab_anemia,clinicalbert_type1_clinicalbert_pool,rf,2,64,brier,0.22439808786862694
2331,,,lab_anemia,lab_anemia,clinicalbert_type1_clinicalbert_pool,rf,3,64,auroc,0.6509927757888804
2332,,,lab_anemia,lab_anemia,clinicalbert_type1_clinicalbert_pool,rf,3,64,auprc,0.7759339562203585
2333,,,lab_anemia,lab_anemia,clinicalbert_type1_clinicalbert_pool,rf,3,64,brier,0.22636518786002924
2334,,,lab_anemia,lab_anemia,clinicalbert_type1_clinicalbert_pool,rf,4,64,auroc,0.6387751062128051
2335,,,lab_anemia,lab_anemia,clinicalbert_type1_clinicalbert_pool,rf,4,64,auprc,0.755264217872813
2336,,,lab_anemia,lab_anemia,clinicalbert_type1_clinicalbert_pool,rf,4,64,brier,0.22986167869134722
2337,,,lab_anemia,lab_anemia,clinicalbert_type1_clinicalbert_pool,rf,0,128,auroc,0.6693483158835994
2338,,,lab_anemia,lab_anemia,clinicalbert_type1_clinicalbert_pool,rf,0,128,auprc,0.7941250110588163
2339,,,lab_anemia,lab_anemia,clinicalbert_type1_clinicalbert_pool,rf,0,128,brier,0.23210978186963208
2340,,,lab_anemia,lab_anemia,clinicalbert_type1_clinicalbert_pool,rf,1,128,auroc,0.6736039003407078
2341,,,lab_anemia,lab_anemia,clinicalbert_type1_clinicalbert_pool,rf,1,128,auprc,0.7969687982318634
2342,,,lab_anemia,lab_anemia,clinicalbert_type1_clinicalbert_pool,rf,1,128,brier,0.2220234877991742
2343,,,lab_anemia,lab_anemia,clinicalbert_type1_clinicalbert_pool,rf,2,128,auroc,0.6700506428763008
2344,,,lab_anemia,lab_anemia,clinicalbert_type1_clinicalbert_pool,rf,2,128,auprc,0.7953000393744795
2345,,,lab_anemia,lab_anemia,clinicalbert_type1_clinicalbert_pool,rf,2,128,brier,0.2234854859139332
2346,,,lab_anemia,lab_anemia,clinicalbert_type1_clinicalbert_pool,rf,3,128,auroc,0.6881113694770666
2347,,,lab_anemia,lab_anemia,clinicalbert_type1_clinicalbert_pool,rf,3,128,auprc,0.8059385933149341
2348,,,lab_anemia,lab_anemia,clinicalbert_type1_clinicalbert_pool,rf,3,128,brier,0.2234646649323223
2349,,,lab_anemia,lab_anemia,clinicalbert_type1_clinicalbert_pool,rf,4,128,auroc,0.6761180371118317
2350,,,lab_anemia,lab_anemia,clinicalbert_type1_clinicalbert_pool,rf,4,128,auprc,0.7991283696115122
2351,,,lab_anemia,lab_anemia,clinicalbert_type1_clinicalbert_pool,rf,4,128,brier,0.2276070679230654
2352,,,lab_anemia,lab_anemia,clinicalbert_type2_max_pool,lr_lbfgs,0,-1,auroc,0.7762941349537036
2353,,,lab_anemia,lab_anemia,clinicalbert_type2_max_pool,lr_lbfgs,0,-1,auprc,0.8801578221725082
2354,,,lab_anemia,lab_anemia,clinicalbert_type2_max_pool,lr_lbfgs,0,-1,brier,0.16982203834472723
2355,,,lab_anemia,lab_anemia,clinicalbert_type2_max_pool,lr_lbfgs,0,1,auroc,0.38449954801817615
2356,,,lab_anemia,lab_anemia,clinicalbert_type2_max_pool,lr_lbfgs,0,1,auprc,0.6022906320402344
2357,,,lab_anemia,lab_anemia,clinicalbert_type2_max_pool,lr_lbfgs,0,1,brier,0.2500015972612062
2358,,,lab_anemia,lab_anemia,clinicalbert_type2_max_pool,lr_lbfgs,1,1,auroc,0.4670756813829784
2359,,,lab_anemia,lab_anemia,clinicalbert_type2_max_pool,lr_lbfgs,1,1,auprc,0.6436447506879966
2360,,,lab_anemia,lab_anemia,clinicalbert_type2_max_pool,lr_lbfgs,1,1,brier,0.2500004119313514
2361,,,lab_anemia,lab_anemia,clinicalbert_type2_max_pool,lr_lbfgs,2,1,auroc,0.4234725129632212
2362,,,lab_anemia,lab_anemia,clinicalbert_type2_max_pool,lr_lbfgs,2,1,auprc,0.6170381786099853
2363,,,lab_anemia,lab_anemia,clinicalbert_type2_max_pool,lr_lbfgs,2,1,brier,0.2500026438956105
2364,,,lab_anemia,lab_anemia,clinicalbert_type2_max_pool,lr_lbfgs,3,1,auroc,0.5935228717386266
2365,,,lab_anemia,lab_anemia,clinicalbert_type2_max_pool,lr_lbfgs,3,1,auprc,0.7324510977432271
2366,,,lab_anemia,lab_anemia,clinicalbert_type2_max_pool,lr_lbfgs,3,1,brier,0.24999813015820596
2367,,,lab_anemia,lab_anemia,clinicalbert_type2_max_pool,lr_lbfgs,4,1,auroc,0.5958437655571897
2368,,,lab_anemia,lab_anemia,clinicalbert_type2_max_pool,lr_lbfgs,4,1,auprc,0.7334004233340301
2369,,,lab_anemia,lab_anemia,clinicalbert_type2_max_pool,lr_lbfgs,4,1,brier,0.24998845393849972
2370,,,lab_anemia,lab_anemia,clinicalbert_type2_max_pool,lr_lbfgs,0,2,auroc,0.5682523571259693
2371,,,lab_anemia,lab_anemia,clinicalbert_type2_max_pool,lr_lbfgs,0,2,auprc,0.7203674989267247
2372,,,lab_anemia,lab_anemia,clinicalbert_type2_max_pool,lr_lbfgs,0,2,brier,0.24999999273155557
2373,,,lab_anemia,lab_anemia,clinicalbert_type2_max_pool,lr_lbfgs,1,2,auroc,0.42765366917682074
2374,,,lab_anemia,lab_anemia,clinicalbert_type2_max_pool,lr_lbfgs,1,2,auprc,0.6199303225002952
2375,,,lab_anemia,lab_anemia,clinicalbert_type2_max_pool,lr_lbfgs,1,2,brier,0.250001152782866
2376,,,lab_anemia,lab_anemia,clinicalbert_type2_max_pool,lr_lbfgs,2,2,auroc,0.42433479013576925
2377,,,lab_anemia,lab_anemia,clinicalbert_type2_max_pool,lr_lbfgs,2,2,auprc,0.6189606114838303
2378,,,lab_anemia,lab_anemia,clinicalbert_type2_max_pool,lr_lbfgs,2,2,brier,0.25000134191466017
2379,,,lab_anemia,lab_anemia,clinicalbert_type2_max_pool,lr_lbfgs,3,2,auroc,0.6440737984062697
2380,,,lab_anemia,lab_anemia,clinicalbert_type2_max_pool,lr_lbfgs,3,2,auprc,0.7662833925481956
2381,,,lab_anemia,lab_anemia,clinicalbert_type2_max_pool,lr_lbfgs,3,2,brier,0.22440580476980088
2382,,,lab_anemia,lab_anemia,clinicalbert_type2_max_pool,lr_lbfgs,4,2,auroc,0.596486443056103
2383,,,lab_anemia,lab_anemia,clinicalbert_type2_max_pool,lr_lbfgs,4,2,auprc,0.732108440639265
2384,,,lab_anemia,lab_anemia,clinicalbert_type2_max_pool,lr_lbfgs,4,2,brier,0.24998194875899338
2385,,,lab_anemia,lab_anemia,clinicalbert_type2_max_pool,lr_lbfgs,0,4,auroc,0.5880779246794183
2386,,,lab_anemia,lab_anemia,clinicalbert_type2_max_pool,lr_lbfgs,0,4,auprc,0.7290063960384829
2387,,,lab_anemia,lab_anemia,clinicalbert_type2_max_pool,lr_lbfgs,0,4,brier,0.24999864564965
2388,,,lab_anemia,lab_anemia,clinicalbert_type2_max_pool,lr_lbfgs,1,4,auroc,0.47613953178659085
2389,,,lab_anemia,lab_anemia,clinicalbert_type2_max_pool,lr_lbfgs,1,4,auprc,0.6476823671915275
2390,,,lab_anemia,lab_anemia,clinicalbert_type2_max_pool,lr_lbfgs,1,4,brier,0.24999954381303197
2391,,,lab_anemia,lab_anemia,clinicalbert_type2_max_pool,lr_lbfgs,2,4,auroc,0.6109713361457717
2392,,,lab_anemia,lab_anemia,clinicalbert_type2_max_pool,lr_lbfgs,2,4,auprc,0.7401856896219119
2393,,,lab_anemia,lab_anemia,clinicalbert_type2_max_pool,lr_lbfgs,2,4,brier,0.24999418587543154
2394,,,lab_anemia,lab_anemia,clinicalbert_type2_max_pool,lr_lbfgs,3,4,auroc,0.6361212984250149
2395,,,lab_anemia,lab_anemia,clinicalbert_type2_max_pool,lr_lbfgs,3,4,auprc,0.7660625090598235
2396,,,lab_anemia,lab_anemia,clinicalbert_type2_max_pool,lr_lbfgs,3,4,brier,0.2999697892403216
2397,,,lab_anemia,lab_anemia,clinicalbert_type2_max_pool,lr_lbfgs,4,4,auroc,0.5947654877809443
2398,,,lab_anemia,lab_anemia,clinicalbert_type2_max_pool,lr_lbfgs,4,4,auprc,0.731594245859797
2399,,,lab_anemia,lab_anemia,clinicalbert_type2_max_pool,lr_lbfgs,4,4,brier,0.24998068952679534
2400,,,lab_anemia,lab_anemia,clinicalbert_type2_max_pool,lr_lbfgs,0,8,auroc,0.5808281320971482
2401,,,lab_anemia,lab_anemia,clinicalbert_type2_max_pool,lr_lbfgs,0,8,auprc,0.7265968685180191
2402,,,lab_anemia,lab_anemia,clinicalbert_type2_max_pool,lr_lbfgs,0,8,brier,0.3596084155981645
2403,,,lab_anemia,lab_anemia,clinicalbert_type2_max_pool,lr_lbfgs,1,8,auroc,0.6407340582423344
2404,,,lab_anemia,lab_anemia,clinicalbert_type2_max_pool,lr_lbfgs,1,8,auprc,0.7805058753019376
2405,,,lab_anemia,lab_anemia,clinicalbert_type2_max_pool,lr_lbfgs,1,8,brier,0.2975008222056891
2406,,,lab_anemia,lab_anemia,clinicalbert_type2_max_pool,lr_lbfgs,2,8,auroc,0.6008078006538998
2407,,,lab_anemia,lab_anemia,clinicalbert_type2_max_pool,lr_lbfgs,2,8,auprc,0.7362156419164475
2408,,,lab_anemia,lab_anemia,clinicalbert_type2_max_pool,lr_lbfgs,2,8,brier,0.24998618199871644
2409,,,lab_anemia,lab_anemia,clinicalbert_type2_max_pool,lr_lbfgs,3,8,auroc,0.6834513477904689
2410,,,lab_anemia,lab_anemia,clinicalbert_type2_max_pool,lr_lbfgs,3,8,auprc,0.8117718490560999
2411,,,lab_anemia,lab_anemia,clinicalbert_type2_max_pool,lr_lbfgs,3,8,brier,0.34469216925440405
2412,,,lab_anemia,lab_anemia,clinicalbert_type2_max_pool,lr_lbfgs,4,8,auroc,0.6076154042944911
2413,,,lab_anemia,lab_anemia,clinicalbert_type2_max_pool,lr_lbfgs,4,8,auprc,0.7412604659914772
2414,,,lab_anemia,lab_anemia,clinicalbert_type2_max_pool,lr_lbfgs,4,8,brier,0.33286982736646065
2415,,,lab_anemia,lab_anemia,clinicalbert_type2_max_pool,lr_lbfgs,0,12,auroc,0.5963084927112986
2416,,,lab_anemia,lab_anemia,clinicalbert_type2_max_pool,lr_lbfgs,0,12,auprc,0.7352990223790934
2417,,,lab_anemia,lab_anemia,clinicalbert_type2_max_pool,lr_lbfgs,0,12,brier,0.2499872126992242
2418,,,lab_anemia,lab_anemia,clinicalbert_type2_max_pool,lr_lbfgs,1,12,auroc,0.6399214636437873
2419,,,lab_anemia,lab_anemia,clinicalbert_type2_max_pool,lr_lbfgs,1,12,auprc,0.7693751578737943
2420,,,lab_anemia,lab_anemia,clinicalbert_type2_max_pool,lr_lbfgs,1,12,brier,0.30735406766160234
2421,,,lab_anemia,lab_anemia,clinicalbert_type2_max_pool,lr_lbfgs,2,12,auroc,0.6039620470095491
2422,,,lab_anemia,lab_anemia,clinicalbert_type2_max_pool,lr_lbfgs,2,12,auprc,0.7385838374801478
2423,,,lab_anemia,lab_anemia,clinicalbert_type2_max_pool,lr_lbfgs,2,12,brier,0.24984974998768023
2424,,,lab_anemia,lab_anemia,clinicalbert_type2_max_pool,lr_lbfgs,3,12,auroc,0.6754778312219181
2425,,,lab_anemia,lab_anemia,clinicalbert_type2_max_pool,lr_lbfgs,3,12,auprc,0.8105466355509757
2426,,,lab_anemia,lab_anemia,clinicalbert_type2_max_pool,lr_lbfgs,3,12,brier,0.3198382643403246
2427,,,lab_anemia,lab_anemia,clinicalbert_type2_max_pool,lr_lbfgs,4,12,auroc,0.642400778450211
2428,,,lab_anemia,lab_anemia,clinicalbert_type2_max_pool,lr_lbfgs,4,12,auprc,0.771311108778979
2429,,,lab_anemia,lab_anemia,clinicalbert_type2_max_pool,lr_lbfgs,4,12,brier,0.3170739232515237
2430,,,lab_anemia,lab_anemia,clinicalbert_type2_max_pool,lr_lbfgs,0,16,auroc,0.6041188239268536
2431,,,lab_anemia,lab_anemia,clinicalbert_type2_max_pool,lr_lbfgs,0,16,auprc,0.7412647418439042
2432,,,lab_anemia,lab_anemia,clinicalbert_type2_max_pool,lr_lbfgs,0,16,brier,0.24999176297456266
2433,,,lab_anemia,lab_anemia,clinicalbert_type2_max_pool,lr_lbfgs,1,16,auroc,0.6475099815375692
2434,,,lab_anemia,lab_anemia,clinicalbert_type2_max_pool,lr_lbfgs,1,16,auprc,0.7761097073838457
2435,,,lab_anemia,lab_anemia,clinicalbert_type2_max_pool,lr_lbfgs,1,16,brier,0.26450025215997053
2436,,,lab_anemia,lab_anemia,clinicalbert_type2_max_pool,lr_lbfgs,2,16,auroc,0.6434441468990112
2437,,,lab_anemia,lab_anemia,clinicalbert_type2_max_pool,lr_lbfgs,2,16,auprc,0.7613839615941741
2438,,,lab_anemia,lab_anemia,clinicalbert_type2_max_pool,lr_lbfgs,2,16,brier,0.22682776089058534
2439,,,lab_anemia,lab_anemia,clinicalbert_type2_max_pool,lr_lbfgs,3,16,auroc,0.6964442255254817
2440,,,lab_anemia,lab_anemia,clinicalbert_type2_max_pool,lr_lbfgs,3,16,auprc,0.821531171549492
2441,,,lab_anemia,lab_anemia,clinicalbert_type2_max_pool,lr_lbfgs,3,16,brier,0.29773614426295114
2442,,,lab_anemia,lab_anemia,clinicalbert_type2_max_pool,lr_lbfgs,4,16,auroc,0.666843637677392
2443,,,lab_anemia,lab_anemia,clinicalbert_type2_max_pool,lr_lbfgs,4,16,auprc,0.7936409887878245
2444,,,lab_anemia,lab_anemia,clinicalbert_type2_max_pool,lr_lbfgs,4,16,brier,0.42181846629194625
2445,,,lab_anemia,lab_anemia,clinicalbert_type2_max_pool,lr_lbfgs,0,24,auroc,0.6005629400769301
2446,,,lab_anemia,lab_anemia,clinicalbert_type2_max_pool,lr_lbfgs,0,24,auprc,0.7383485369796685
2447,,,lab_anemia,lab_anemia,clinicalbert_type2_max_pool,lr_lbfgs,0,24,brier,0.24998426134585877
2448,,,lab_anemia,lab_anemia,clinicalbert_type2_max_pool,lr_lbfgs,1,24,auroc,0.6510163657937295
2449,,,lab_anemia,lab_anemia,clinicalbert_type2_max_pool,lr_lbfgs,1,24,auprc,0.776520928922851
2450,,,lab_anemia,lab_anemia,clinicalbert_type2_max_pool,lr_lbfgs,1,24,brier,0.31106224904483265
2451,,,lab_anemia,lab_anemia,clinicalbert_type2_max_pool,lr_lbfgs,2,24,auroc,0.682014066227427
2452,,,lab_anemia,lab_anemia,clinicalbert_type2_max_pool,lr_lbfgs,2,24,auprc,0.8145141669790015
2453,,,lab_anemia,lab_anemia,clinicalbert_type2_max_pool,lr_lbfgs,2,24,brier,0.32048712157352227
2454,,,lab_anemia,lab_anemia,clinicalbert_type2_max_pool,lr_lbfgs,3,24,auroc,0.6780963527154578
2455,,,lab_anemia,lab_anemia,clinicalbert_type2_max_pool,lr_lbfgs,3,24,auprc,0.8070981016709687
2456,,,lab_anemia,lab_anemia,clinicalbert_type2_max_pool,lr_lbfgs,3,24,brier,0.3054571533851971
2457,,,lab_anemia,lab_anemia,clinicalbert_type2_max_pool,lr_lbfgs,4,24,auroc,0.6612742791902835
2458,,,lab_anemia,lab_anemia,clinicalbert_type2_max_pool,lr_lbfgs,4,24,auprc,0.7822536288017342
2459,,,lab_anemia,lab_anemia,clinicalbert_type2_max_pool,lr_lbfgs,4,24,brier,0.4039927839073438
2460,,,lab_anemia,lab_anemia,clinicalbert_type2_max_pool,lr_lbfgs,0,32,auroc,0.6151237479525646
2461,,,lab_anemia,lab_anemia,clinicalbert_type2_max_pool,lr_lbfgs,0,32,auprc,0.7542784759574802
2462,,,lab_anemia,lab_anemia,clinicalbert_type2_max_pool,lr_lbfgs,0,32,brier,0.24418959206671126
2463,,,lab_anemia,lab_anemia,clinicalbert_type2_max_pool,lr_lbfgs,1,32,auroc,0.6523452907249863
2464,,,lab_anemia,lab_anemia,clinicalbert_type2_max_pool,lr_lbfgs,1,32,auprc,0.7798300550190702
2465,,,lab_anemia,lab_anemia,clinicalbert_type2_max_pool,lr_lbfgs,1,32,brier,0.35888289999979717
2466,,,lab_anemia,lab_anemia,clinicalbert_type2_max_pool,lr_lbfgs,2,32,auroc,0.662571728081186
2467,,,lab_anemia,lab_anemia,clinicalbert_type2_max_pool,lr_lbfgs,2,32,auprc,0.8035022247530533
2468,,,lab_anemia,lab_anemia,clinicalbert_type2_max_pool,lr_lbfgs,2,32,brier,0.33137211658988863
2469,,,lab_anemia,lab_anemia,clinicalbert_type2_max_pool,lr_lbfgs,3,32,auroc,0.7110983739591882
2470,,,lab_anemia,lab_anemia,clinicalbert_type2_max_pool,lr_lbfgs,3,32,auprc,0.83102122144593
2471,,,lab_anemia,lab_anemia,clinicalbert_type2_max_pool,lr_lbfgs,3,32,brier,0.3080531232171397
2472,,,lab_anemia,lab_anemia,clinicalbert_type2_max_pool,lr_lbfgs,4,32,auroc,0.6208944878854357
2473,,,lab_anemia,lab_anemia,clinicalbert_type2_max_pool,lr_lbfgs,4,32,auprc,0.7535328676088531
2474,,,lab_anemia,lab_anemia,clinicalbert_type2_max_pool,lr_lbfgs,4,32,brier,0.24558922749949857
2475,,,lab_anemia,lab_anemia,clinicalbert_type2_max_pool,lr_lbfgs,0,48,auroc,0.6608857763751739
2476,,,lab_anemia,lab_anemia,clinicalbert_type2_max_pool,lr_lbfgs,0,48,auprc,0.8023398588770364
2477,,,lab_anemia,lab_anemia,clinicalbert_type2_max_pool,lr_lbfgs,0,48,brier,0.3715753292785284
2478,,,lab_anemia,lab_anemia,clinicalbert_type2_max_pool,lr_lbfgs,1,48,auroc,0.6633038519610082
2479,,,lab_anemia,lab_anemia,clinicalbert_type2_max_pool,lr_lbfgs,1,48,auprc,0.7915169251418044
2480,,,lab_anemia,lab_anemia,clinicalbert_type2_max_pool,lr_lbfgs,1,48,brier,0.23919369516200914
2481,,,lab_anemia,lab_anemia,clinicalbert_type2_max_pool,lr_lbfgs,2,48,auroc,0.6782192899830221
2482,,,lab_anemia,lab_anemia,clinicalbert_type2_max_pool,lr_lbfgs,2,48,auprc,0.8104767147493002
2483,,,lab_anemia,lab_anemia,clinicalbert_type2_max_pool,lr_lbfgs,2,48,brier,0.33166081833958233
2484,,,lab_anemia,lab_anemia,clinicalbert_type2_max_pool,lr_lbfgs,3,48,auroc,0.6918089343746882
2485,,,lab_anemia,lab_anemia,clinicalbert_type2_max_pool,lr_lbfgs,3,48,auprc,0.8189573444147092
2486,,,lab_anemia,lab_anemia,clinicalbert_type2_max_pool,lr_lbfgs,3,48,brier,0.21229432257807188
2487,,,lab_anemia,lab_anemia,clinicalbert_type2_max_pool,lr_lbfgs,4,48,auroc,0.6854343844218055
2488,,,lab_anemia,lab_anemia,clinicalbert_type2_max_pool,lr_lbfgs,4,48,auprc,0.8108970240666706
2489,,,lab_anemia,lab_anemia,clinicalbert_type2_max_pool,lr_lbfgs,4,48,brier,0.32379367959291894
2490,,,lab_anemia,lab_anemia,clinicalbert_type2_max_pool,lr_lbfgs,0,64,auroc,0.6599769878274805
2491,,,lab_anemia,lab_anemia,clinicalbert_type2_max_pool,lr_lbfgs,0,64,auprc,0.7943140154104207
2492,,,lab_anemia,lab_anemia,clinicalbert_type2_max_pool,lr_lbfgs,0,64,brier,0.39009250236761855
2493,,,lab_anemia,lab_anemia,clinicalbert_type2_max_pool,lr_lbfgs,1,64,auroc,0.6748589700455159
2494,,,lab_anemia,lab_anemia,clinicalbert_type2_max_pool,lr_lbfgs,1,64,auprc,0.803914094220988
2495,,,lab_anemia,lab_anemia,clinicalbert_type2_max_pool,lr_lbfgs,1,64,brier,0.23955126931961032
2496,,,lab_anemia,lab_anemia,clinicalbert_type2_max_pool,lr_lbfgs,2,64,auroc,0.6938804123714177
2497,,,lab_anemia,lab_anemia,clinicalbert_type2_max_pool,lr_lbfgs,2,64,auprc,0.8218571941857238
2498,,,lab_anemia,lab_anemia,clinicalbert_type2_max_pool,lr_lbfgs,2,64,brier,0.34400552734745243
2499,,,lab_anemia,lab_anemia,clinicalbert_type2_max_pool,lr_lbfgs,3,64,auroc,0.6886662529203749
2500,,,lab_anemia,lab_anemia,clinicalbert_type2_max_pool,lr_lbfgs,3,64,auprc,0.8204121465653438
2501,,,lab_anemia,lab_anemia,clinicalbert_type2_max_pool,lr_lbfgs,3,64,brier,0.2194744131333738
2502,,,lab_anemia,lab_anemia,clinicalbert_type2_max_pool,lr_lbfgs,4,64,auroc,0.6901922406886276
2503,,,lab_anemia,lab_anemia,clinicalbert_type2_max_pool,lr_lbfgs,4,64,auprc,0.8109993609588193
2504,,,lab_anemia,lab_anemia,clinicalbert_type2_max_pool,lr_lbfgs,4,64,brier,0.29846014970140505
2505,,,lab_anemia,lab_anemia,clinicalbert_type2_max_pool,lr_lbfgs,0,128,auroc,0.7159014098352152
2506,,,lab_anemia,lab_anemia,clinicalbert_type2_max_pool,lr_lbfgs,0,128,auprc,0.8295274871363195
2507,,,lab_anemia,lab_anemia,clinicalbert_type2_max_pool,lr_lbfgs,0,128,brier,0.21721152646145533
2508,,,lab_anemia,lab_anemia,clinicalbert_type2_max_pool,lr_lbfgs,1,128,auroc,0.7215856248799193
2509,,,lab_anemia,lab_anemia,clinicalbert_type2_max_pool,lr_lbfgs,1,128,auprc,0.8423633671101559
2510,,,lab_anemia,lab_anemia,clinicalbert_type2_max_pool,lr_lbfgs,1,128,brier,0.2180525702337705
2511,,,lab_anemia,lab_anemia,clinicalbert_type2_max_pool,lr_lbfgs,2,128,auroc,0.720024308167887
2512,,,lab_anemia,lab_anemia,clinicalbert_type2_max_pool,lr_lbfgs,2,128,auprc,0.8405045078641589
2513,,,lab_anemia,lab_anemia,clinicalbert_type2_max_pool,lr_lbfgs,2,128,brier,0.2126598471347811
2514,,,lab_anemia,lab_anemia,clinicalbert_type2_max_pool,lr_lbfgs,3,128,auroc,0.7262775559811183
2515,,,lab_anemia,lab_anemia,clinicalbert_type2_max_pool,lr_lbfgs,3,128,auprc,0.8478964546479917
2516,,,lab_anemia,lab_anemia,clinicalbert_type2_max_pool,lr_lbfgs,3,128,brier,0.2088115873513246
2517,,,lab_anemia,lab_anemia,clinicalbert_type2_max_pool,lr_lbfgs,4,128,auroc,0.7176548585483655
2518,,,lab_anemia,lab_anemia,clinicalbert_type2_max_pool,lr_lbfgs,4,128,auprc,0.8331392589007925
2519,,,lab_anemia,lab_anemia,clinicalbert_type2_max_pool,lr_lbfgs,4,128,brier,0.231324367478614
2520,,,lab_anemia,lab_anemia,clinicalbert_type2_max_pool,knn,0,-1,auroc,0.6472668269417625
2521,,,lab_anemia,lab_anemia,clinicalbert_type2_max_pool,knn,0,-1,auprc,0.7754315761764681
2522,,,lab_anemia,lab_anemia,clinicalbert_type2_max_pool,knn,0,-1,brier,0.27294903052330144
2523,,,lab_anemia,lab_anemia,clinicalbert_type2_max_pool,knn,0,1,auroc,0.42048760243539823
2524,,,lab_anemia,lab_anemia,clinicalbert_type2_max_pool,knn,0,1,auprc,0.6575105232802338
2525,,,lab_anemia,lab_anemia,clinicalbert_type2_max_pool,knn,0,1,brier,0.6105236007222079
2526,,,lab_anemia,lab_anemia,clinicalbert_type2_max_pool,knn,1,1,auroc,0.46507129797444313
2527,,,lab_anemia,lab_anemia,clinicalbert_type2_max_pool,knn,1,1,auprc,0.6733138960469416
2528,,,lab_anemia,lab_anemia,clinicalbert_type2_max_pool,knn,1,1,brier,0.5976270312096982
2529,,,lab_anemia,lab_anemia,clinicalbert_type2_max_pool,knn,2,1,auroc,0.4414315754687888
2530,,,lab_anemia,lab_anemia,clinicalbert_type2_max_pool,knn,2,1,auprc,0.6645527256811281
2531,,,lab_anemia,lab_anemia,clinicalbert_type2_max_pool,knn,2,1,brier,0.5952884532714298
2532,,,lab_anemia,lab_anemia,clinicalbert_type2_max_pool,knn,3,1,auroc,0.5392924608221082
2533,,,lab_anemia,lab_anemia,clinicalbert_type2_max_pool,knn,3,1,auprc,0.7055569848254315
2534,,,lab_anemia,lab_anemia,clinicalbert_type2_max_pool,knn,3,1,brier,0.5397472272375549
2535,,,lab_anemia,lab_anemia,clinicalbert_type2_max_pool,knn,4,1,auroc,0.5580312984257028
2536,,,lab_anemia,lab_anemia,clinicalbert_type2_max_pool,knn,4,1,auprc,0.7132488049511899
2537,,,lab_anemia,lab_anemia,clinicalbert_type2_max_pool,knn,4,1,brier,0.2995271257845413
2538,,,lab_anemia,lab_anemia,clinicalbert_type2_max_pool,knn,0,2,auroc,0.5250992547407531
2539,,,lab_anemia,lab_anemia,clinicalbert_type2_max_pool,knn,0,2,auprc,0.6987094663831906
2540,,,lab_anemia,lab_anemia,clinicalbert_type2_max_pool,knn,0,2,brier,0.2988966268305964
2541,,,lab_anemia,lab_anemia,clinicalbert_type2_max_pool,knn,1,2,auroc,0.482207891139691
2542,,,lab_anemia,lab_anemia,clinicalbert_type2_max_pool,knn,1,2,auprc,0.7018487979118635
2543,,,lab_anemia,lab_anemia,clinicalbert_type2_max_pool,knn,1,2,brier,0.2910445781555261
2544,,,lab_anemia,lab_anemia,clinicalbert_type2_max_pool,knn,2,2,auroc,0.5012416137783844
2545,,,lab_anemia,lab_anemia,clinicalbert_type2_max_pool,knn,2,2,auprc,0.6878401240102945
2546,,,lab_anemia,lab_anemia,clinicalbert_type2_max_pool,knn,2,2,brier,0.33000888430344205
2547,,,lab_anemia,lab_anemia,clinicalbert_type2_max_pool,knn,3,2,auroc,0.5575990144932043
2548,,,lab_anemia,lab_anemia,clinicalbert_type2_max_pool,knn,3,2,auprc,0.7135733883823052
2549,,,lab_anemia,lab_anemia,clinicalbert_type2_max_pool,knn,3,2,brier,0.41712664431261287
2550,,,lab_anemia,lab_anemia,clinicalbert_type2_max_pool,knn,4,2,auroc,0.567425803061397
2551,,,lab_anemia,lab_anemia,clinicalbert_type2_max_pool,knn,4,2,auprc,0.7176854545321217
2552,,,lab_anemia,lab_anemia,clinicalbert_type2_max_pool,knn,4,2,brier,0.30284584300576045
2553,,,lab_anemia,lab_anemia,clinicalbert_type2_max_pool,knn,0,4,auroc,0.4975517539997175
2554,,,lab_anemia,lab_anemia,clinicalbert_type2_max_pool,knn,0,4,auprc,0.7033904284066973
2555,,,lab_anemia,lab_anemia,clinicalbert_type2_max_pool,knn,0,4,brier,0.33588260396890723
2556,,,lab_anemia,lab_anemia,clinicalbert_type2_max_pool,knn,1,4,auroc,0.45884567054655856
2557,,,lab_anemia,lab_anemia,clinicalbert_type2_max_pool,knn,1,4,auprc,0.6704281214670862
2558,,,lab_anemia,lab_anemia,clinicalbert_type2_max_pool,knn,1,4,brier,0.2627633049608804
2559,,,lab_anemia,lab_anemia,clinicalbert_type2_max_pool,knn,2,4,auroc,0.5266750172610211
2560,,,lab_anemia,lab_anemia,clinicalbert_type2_max_pool,knn,2,4,auprc,0.699039725589932
2561,,,lab_anemia,lab_anemia,clinicalbert_type2_max_pool,knn,2,4,brier,0.40156478376751786
2562,,,lab_anemia,lab_anemia,clinicalbert_type2_max_pool,knn,3,4,auroc,0.5852909774439711
2563,,,lab_anemia,lab_anemia,clinicalbert_type2_max_pool,knn,3,4,auprc,0.7282641215863466
2564,,,lab_anemia,lab_anemia,clinicalbert_type2_max_pool,knn,3,4,brier,0.24185366692459812
2565,,,lab_anemia,lab_anemia,clinicalbert_type2_max_pool,knn,4,4,auroc,0.606374876703307
2566,,,lab_anemia,lab_anemia,clinicalbert_type2_max_pool,knn,4,4,auprc,0.7448765998542559
2567,,,lab_anemia,lab_anemia,clinicalbert_type2_max_pool,knn,4,4,brier,0.2231966929409486
2568,,,lab_anemia,lab_anemia,clinicalbert_type2_max_pool,knn,0,8,auroc,0.5007878613111607
2569,,,lab_anemia,lab_anemia,clinicalbert_type2_max_pool,knn,0,8,auprc,0.7077187270729142
2570,,,lab_anemia,lab_anemia,clinicalbert_type2_max_pool,knn,0,8,brier,0.3520811449493491
2571,,,lab_anemia,lab_anemia,clinicalbert_type2_max_pool,knn,1,8,auroc,0.6184273921690925
2572,,,lab_anemia,lab_anemia,clinicalbert_type2_max_pool,knn,1,8,auprc,0.7571887484228245
2573,,,lab_anemia,lab_anemia,clinicalbert_type2_max_pool,knn,1,8,brier,0.24024769032128432
2574,,,lab_anemia,lab_anemia,clinicalbert_type2_max_pool,knn,2,8,auroc,0.5654500945822096
2575,,,lab_anemia,lab_anemia,clinicalbert_type2_max_pool,knn,2,8,auprc,0.7219826070598152
2576,,,lab_anemia,lab_anemia,clinicalbert_type2_max_pool,knn,2,8,brier,0.2793964016644609
2577,,,lab_anemia,lab_anemia,clinicalbert_type2_max_pool,knn,3,8,auroc,0.653085860587357
2578,,,lab_anemia,lab_anemia,clinicalbert_type2_max_pool,knn,3,8,auprc,0.7847361487311717
2579,,,lab_anemia,lab_anemia,clinicalbert_type2_max_pool,knn,3,8,brier,0.23261098781181874
2580,,,lab_anemia,lab_anemia,clinicalbert_type2_max_pool,knn,4,8,auroc,0.595201566833635
2581,,,lab_anemia,lab_anemia,clinicalbert_type2_max_pool,knn,4,8,auprc,0.7325866381692725
2582,,,lab_anemia,lab_anemia,clinicalbert_type2_max_pool,knn,4,8,brier,0.39633737425844723
2583,,,lab_anemia,lab_anemia,clinicalbert_type2_max_pool,knn,0,12,auroc,0.5423636781751835
2584,,,lab_anemia,lab_anemia,clinicalbert_type2_max_pool,knn,0,12,auprc,0.7238292718663097
2585,,,lab_anemia,lab_anemia,clinicalbert_type2_max_pool,knn,0,12,brier,0.35979685976889897
2586,,,lab_anemia,lab_anemia,clinicalbert_type2_max_pool,knn,1,12,auroc,0.5595910364172634
2587,,,lab_anemia,lab_anemia,clinicalbert_type2_max_pool,knn,1,12,auprc,0.7142668657885465
2588,,,lab_anemia,lab_anemia,clinicalbert_type2_max_pool,knn,1,12,brier,0.37143839738629525
2589,,,lab_anemia,lab_anemia,clinicalbert_type2_max_pool,knn,2,12,auroc,0.5835651422372113
2590,,,lab_anemia,lab_anemia,clinicalbert_type2_max_pool,knn,2,12,auprc,0.7305270174980697
2591,,,lab_anemia,lab_anemia,clinicalbert_type2_max_pool,knn,2,12,brier,0.284842231966297
2592,,,lab_anemia,lab_anemia,clinicalbert_type2_max_pool,knn,3,12,auroc,0.6499885341556346
2593,,,lab_anemia,lab_anemia,clinicalbert_type2_max_pool,knn,3,12,auprc,0.7927307889584794
2594,,,lab_anemia,lab_anemia,clinicalbert_type2_max_pool,knn,3,12,brier,0.22544653359802633
2595,,,lab_anemia,lab_anemia,clinicalbert_type2_max_pool,knn,4,12,auroc,0.6258432578902146
2596,,,lab_anemia,lab_anemia,clinicalbert_type2_max_pool,knn,4,12,auprc,0.7614699696652143
2597,,,lab_anemia,lab_anemia,clinicalbert_type2_max_pool,knn,4,12,brier,0.2811405539616837
2598,,,lab_anemia,lab_anemia,clinicalbert_type2_max_pool,knn,0,16,auroc,0.5206633233104647
2599,,,lab_anemia,lab_anemia,clinicalbert_type2_max_pool,knn,0,16,auprc,0.7184842216806571
2600,,,lab_anemia,lab_anemia,clinicalbert_type2_max_pool,knn,0,16,brier,0.3500806788541309
2601,,,lab_anemia,lab_anemia,clinicalbert_type2_max_pool,knn,1,16,auroc,0.631225126295918
2602,,,lab_anemia,lab_anemia,clinicalbert_type2_max_pool,knn,1,16,auprc,0.7558368693122306
2603,,,lab_anemia,lab_anemia,clinicalbert_type2_max_pool,knn,1,16,brier,0.22130513283466605
2604,,,lab_anemia,lab_anemia,clinicalbert_type2_max_pool,knn,2,16,auroc,0.598994046882426
2605,,,lab_anemia,lab_anemia,clinicalbert_type2_max_pool,knn,2,16,auprc,0.7375984728669798
2606,,,lab_anemia,lab_anemia,clinicalbert_type2_max_pool,knn,2,16,brier,0.25788553578081563
2607,,,lab_anemia,lab_anemia,clinicalbert_type2_max_pool,knn,3,16,auroc,0.5705665625353191
2608,,,lab_anemia,lab_anemia,clinicalbert_type2_max_pool,knn,3,16,auprc,0.7200282770788801
2609,,,lab_anemia,lab_anemia,clinicalbert_type2_max_pool,knn,3,16,brier,0.4172642077207463
2610,,,lab_anemia,lab_anemia,clinicalbert_type2_max_pool,knn,4,16,auroc,0.627117587296879
2611,,,lab_anemia,lab_anemia,clinicalbert_type2_max_pool,knn,4,16,auprc,0.7512229252827203
2612,,,lab_anemia,lab_anemia,clinicalbert_type2_max_pool,knn,4,16,brier,0.2603483029069823
2613,,,lab_anemia,lab_anemia,clinicalbert_type2_max_pool,knn,0,24,auroc,0.5343060560473971
2614,,,lab_anemia,lab_anemia,clinicalbert_type2_max_pool,knn,0,24,auprc,0.7251014203961905
2615,,,lab_anemia,lab_anemia,clinicalbert_type2_max_pool,knn,0,24,brier,0.3025209160997517
2616,,,lab_anemia,lab_anemia,clinicalbert_type2_max_pool,knn,1,24,auroc,0.5395984058431507
2617,,,lab_anemia,lab_anemia,clinicalbert_type2_max_pool,knn,1,24,auprc,0.7050538695049386
2618,,,lab_anemia,lab_anemia,clinicalbert_type2_max_pool,knn,1,24,brier,0.43750322414237813
2619,,,lab_anemia,lab_anemia,clinicalbert_type2_max_pool,knn,2,24,auroc,0.6055068225832558
2620,,,lab_anemia,lab_anemia,clinicalbert_type2_max_pool,knn,2,24,auprc,0.7417790273188404
2621,,,lab_anemia,lab_anemia,clinicalbert_type2_max_pool,knn,2,24,brier,0.2630212363511306
2622,,,lab_anemia,lab_anemia,clinicalbert_type2_max_pool,knn,3,24,auroc,0.598900805381325
2623,,,lab_anemia,lab_anemia,clinicalbert_type2_max_pool,knn,3,24,auprc,0.7395035609760316
2624,,,lab_anemia,lab_anemia,clinicalbert_type2_max_pool,knn,3,24,brier,0.24741054079614833
2625,,,lab_anemia,lab_anemia,clinicalbert_type2_max_pool,knn,4,24,auroc,0.620813076813384
2626,,,lab_anemia,lab_anemia,clinicalbert_type2_max_pool,knn,4,24,auprc,0.7621534583344349
2627,,,lab_anemia,lab_anemia,clinicalbert_type2_max_pool,knn,4,24,brier,0.25391530596070666
2628,,,lab_anemia,lab_anemia,clinicalbert_type2_max_pool,knn,0,32,auroc,0.5471568049146565
2629,,,lab_anemia,lab_anemia,clinicalbert_type2_max_pool,knn,0,32,auprc,0.7278518307270209
2630,,,lab_anemia,lab_anemia,clinicalbert_type2_max_pool,knn,0,32,brier,0.31539398858046835
2631,,,lab_anemia,lab_anemia,clinicalbert_type2_max_pool,knn,1,32,auroc,0.5412219048806813
2632,,,lab_anemia,lab_anemia,clinicalbert_type2_max_pool,knn,1,32,auprc,0.7057960104236516
2633,,,lab_anemia,lab_anemia,clinicalbert_type2_max_pool,knn,1,32,brier,0.4313988479064569
2634,,,lab_anemia,lab_anemia,clinicalbert_type2_max_pool,knn,2,32,auroc,0.624807538840823
2635,,,lab_anemia,lab_anemia,clinicalbert_type2_max_pool,knn,2,32,auprc,0.7575103985504275
2636,,,lab_anemia,lab_anemia,clinicalbert_type2_max_pool,knn,2,32,brier,0.24178419740349072
2637,,,lab_anemia,lab_anemia,clinicalbert_type2_max_pool,knn,3,32,auroc,0.5495077522054106
2638,,,lab_anemia,lab_anemia,clinicalbert_type2_max_pool,knn,3,32,auprc,0.7098146705777721
2639,,,lab_anemia,lab_anemia,clinicalbert_type2_max_pool,knn,3,32,brier,0.4446049350872668
2640,,,lab_anemia,lab_anemia,clinicalbert_type2_max_pool,knn,4,32,auroc,0.6200525325255971
2641,,,lab_anemia,lab_anemia,clinicalbert_type2_max_pool,knn,4,32,auprc,0.7558690443565756
2642,,,lab_anemia,lab_anemia,clinicalbert_type2_max_pool,knn,4,32,brier,0.2568213070940082
2643,,,lab_anemia,lab_anemia,clinicalbert_type2_max_pool,knn,0,48,auroc,0.5756063005461409
2644,,,lab_anemia,lab_anemia,clinicalbert_type2_max_pool,knn,0,48,auprc,0.7377057317525206
2645,,,lab_anemia,lab_anemia,clinicalbert_type2_max_pool,knn,0,48,brier,0.2835438825758408
2646,,,lab_anemia,lab_anemia,clinicalbert_type2_max_pool,knn,1,48,auroc,0.6218665607674274
2647,,,lab_anemia,lab_anemia,clinicalbert_type2_max_pool,knn,1,48,auprc,0.7576928781486134
2648,,,lab_anemia,lab_anemia,clinicalbert_type2_max_pool,knn,1,48,brier,0.24098718647204942
2649,,,lab_anemia,lab_anemia,clinicalbert_type2_max_pool,knn,2,48,auroc,0.6309833062176342
2650,,,lab_anemia,lab_anemia,clinicalbert_type2_max_pool,knn,2,48,auprc,0.7711712092618858
2651,,,lab_anemia,lab_anemia,clinicalbert_type2_max_pool,knn,2,48,brier,0.26022371984867915
2652,,,lab_anemia,lab_anemia,clinicalbert_type2_max_pool,knn,3,48,auroc,0.5967425369687149
2653,,,lab_anemia,lab_anemia,clinicalbert_type2_max_pool,knn,3,48,auprc,0.7386107831795822
2654,,,lab_anemia,lab_anemia,clinicalbert_type2_max_pool,knn,3,48,brier,0.2730230475848825
2655,,,lab_anemia,lab_anemia,clinicalbert_type2_max_pool,knn,4,48,auroc,0.6559259333144345
2656,,,lab_anemia,lab_anemia,clinicalbert_type2_max_pool,knn,4,48,auprc,0.7846701900603246
2657,,,lab_anemia,lab_anemia,clinicalbert_type2_max_pool,knn,4,48,brier,0.24380242201008784
2658,,,lab_anemia,lab_anemia,clinicalbert_type2_max_pool,knn,0,64,auroc,0.5681500821794514
2659,,,lab_anemia,lab_anemia,clinicalbert_type2_max_pool,knn,0,64,auprc,0.729346603618912
2660,,,lab_anemia,lab_anemia,clinicalbert_type2_max_pool,knn,0,64,brier,0.29504966547487527
2661,,,lab_anemia,lab_anemia,clinicalbert_type2_max_pool,knn,1,64,auroc,0.5594364937849662
2662,,,lab_anemia,lab_anemia,clinicalbert_type2_max_pool,knn,1,64,auprc,0.7144627110122019
2663,,,lab_anemia,lab_anemia,clinicalbert_type2_max_pool,knn,1,64,brier,0.4157338148052618
2664,,,lab_anemia,lab_anemia,clinicalbert_type2_max_pool,knn,2,64,auroc,0.638269039282899
2665,,,lab_anemia,lab_anemia,clinicalbert_type2_max_pool,knn,2,64,auprc,0.7717899715346543
2666,,,lab_anemia,lab_anemia,clinicalbert_type2_max_pool,knn,2,64,brier,0.25904121444758943
2667,,,lab_anemia,lab_anemia,clinicalbert_type2_max_pool,knn,3,64,auroc,0.6314316972263154
2668,,,lab_anemia,lab_anemia,clinicalbert_type2_max_pool,knn,3,64,auprc,0.7665819336238682
2669,,,lab_anemia,lab_anemia,clinicalbert_type2_max_pool,knn,3,64,brier,0.2554192452406963
2670,,,lab_anemia,lab_anemia,clinicalbert_type2_max_pool,knn,4,64,auroc,0.6368531774139925
2671,,,lab_anemia,lab_anemia,clinicalbert_type2_max_pool,knn,4,64,auprc,0.7673496732864629
2672,,,lab_anemia,lab_anemia,clinicalbert_type2_max_pool,knn,4,64,brier,0.2593866274465381
2673,,,lab_anemia,lab_anemia,clinicalbert_type2_max_pool,knn,0,128,auroc,0.6057968159925278
2674,,,lab_anemia,lab_anemia,clinicalbert_type2_max_pool,knn,0,128,auprc,0.7533608511442418
2675,,,lab_anemia,lab_anemia,clinicalbert_type2_max_pool,knn,0,128,brier,0.2814688776490783
2676,,,lab_anemia,lab_anemia,clinicalbert_type2_max_pool,knn,1,128,auroc,0.6301326365959512
2677,,,lab_anemia,lab_anemia,clinicalbert_type2_max_pool,knn,1,128,auprc,0.7574758721264585
2678,,,lab_anemia,lab_anemia,clinicalbert_type2_max_pool,knn,1,128,brier,0.24297755996904827
2679,,,lab_anemia,lab_anemia,clinicalbert_type2_max_pool,knn,2,128,auroc,0.6456662960514309
2680,,,lab_anemia,lab_anemia,clinicalbert_type2_max_pool,knn,2,128,auprc,0.7778838410084977
2681,,,lab_anemia,lab_anemia,clinicalbert_type2_max_pool,knn,2,128,brier,0.2510336985399198
2682,,,lab_anemia,lab_anemia,clinicalbert_type2_max_pool,knn,3,128,auroc,0.6266303982867547
2683,,,lab_anemia,lab_anemia,clinicalbert_type2_max_pool,knn,3,128,auprc,0.7549594154815465
2684,,,lab_anemia,lab_anemia,clinicalbert_type2_max_pool,knn,3,128,brier,0.27100373522865145
2685,,,lab_anemia,lab_anemia,clinicalbert_type2_max_pool,knn,4,128,auroc,0.6507802125996477
2686,,,lab_anemia,lab_anemia,clinicalbert_type2_max_pool,knn,4,128,auprc,0.7756787060721262
2687,,,lab_anemia,lab_anemia,clinicalbert_type2_max_pool,knn,4,128,brier,0.261367487949303
2688,,,lab_anemia,lab_anemia,clinicalbert_type2_max_pool,rf,0,-1,auroc,0.7646613850957368
2689,,,lab_anemia,lab_anemia,clinicalbert_type2_max_pool,rf,0,-1,auprc,0.8659442676762474
2690,,,lab_anemia,lab_anemia,clinicalbert_type2_max_pool,rf,0,-1,brier,0.18155955435823015
2691,,,lab_anemia,lab_anemia,clinicalbert_type2_max_pool,rf,0,1,auroc,0.40051082785556313
2692,,,lab_anemia,lab_anemia,clinicalbert_type2_max_pool,rf,0,1,auprc,0.6227016734674843
2693,,,lab_anemia,lab_anemia,clinicalbert_type2_max_pool,rf,0,1,brier,0.26256774997850574
2694,,,lab_anemia,lab_anemia,clinicalbert_type2_max_pool,rf,1,1,auroc,0.4356487258212426
2695,,,lab_anemia,lab_anemia,clinicalbert_type2_max_pool,rf,1,1,auprc,0.6560164683549987
2696,,,lab_anemia,lab_anemia,clinicalbert_type2_max_pool,rf,1,1,brier,0.25375105150030086
2697,,,lab_anemia,lab_anemia,clinicalbert_type2_max_pool,rf,2,1,auroc,0.38454586953412756
2698,,,lab_anemia,lab_anemia,clinicalbert_type2_max_pool,rf,2,1,auprc,0.6352872668016567
2699,,,lab_anemia,lab_anemia,clinicalbert_type2_max_pool,rf,2,1,brier,0.24301538990628496
2700,,,lab_anemia,lab_anemia,clinicalbert_type2_max_pool,rf,3,1,auroc,0.5831904220989498
2701,,,lab_anemia,lab_anemia,clinicalbert_type2_max_pool,rf,3,1,auprc,0.7227450262219937
2702,,,lab_anemia,lab_anemia,clinicalbert_type2_max_pool,rf,3,1,brier,0.23100696414753677
2703,,,lab_anemia,lab_anemia,clinicalbert_type2_max_pool,rf,4,1,auroc,0.6116065162702108
2704,,,lab_anemia,lab_anemia,clinicalbert_type2_max_pool,rf,4,1,auprc,0.747269235560394
2705,,,lab_anemia,lab_anemia,clinicalbert_type2_max_pool,rf,4,1,brier,0.21130100593242196
2706,,,lab_anemia,lab_anemia,clinicalbert_type2_max_pool,rf,0,2,auroc,0.42292882295760864
2707,,,lab_anemia,lab_anemia,clinicalbert_type2_max_pool,rf,0,2,auprc,0.6413796024741671
2708,,,lab_anemia,lab_anemia,clinicalbert_type2_max_pool,rf,0,2,brier,0.27329080732525146
2709,,,lab_anemia,lab_anemia,clinicalbert_type2_max_pool,rf,1,2,auroc,0.3943328330727011
2710,,,lab_anemia,lab_anemia,clinicalbert_type2_max_pool,rf,1,2,auprc,0.635233692579906
2711,,,lab_anemia,lab_anemia,clinicalbert_type2_max_pool,rf,1,2,brier,0.2945877396612501
2712,,,lab_anemia,lab_anemia,clinicalbert_type2_max_pool,rf,2,2,auroc,0.43390268711982155
2713,,,lab_anemia,lab_anemia,clinicalbert_type2_max_pool,rf,2,2,auprc,0.6394443396807861
2714,,,lab_anemia,lab_anemia,clinicalbert_type2_max_pool,rf,2,2,brier,0.3016354569684464
2715,,,lab_anemia,lab_anemia,clinicalbert_type2_max_pool,rf,3,2,auroc,0.6055973468966174
2716,,,lab_anemia,lab_anemia,clinicalbert_type2_max_pool,rf,3,2,auprc,0.7421723535781437
2717,,,lab_anemia,lab_anemia,clinicalbert_type2_max_pool,rf,3,2,brier,0.2136445705442353
2718,,,lab_anemia,lab_anemia,clinicalbert_type2_max_pool,rf,4,2,auroc,0.6063542989934229
2719,,,lab_anemia,lab_anemia,clinicalbert_type2_max_pool,rf,4,2,auprc,0.7413065591577419
2720,,,lab_anemia,lab_anemia,clinicalbert_type2_max_pool,rf,4,2,brier,0.23464203421889773
2721,,,lab_anemia,lab_anemia,clinicalbert_type2_max_pool,rf,0,4,auroc,0.5654333615210032
2722,,,lab_anemia,lab_anemia,clinicalbert_type2_max_pool,rf,0,4,auprc,0.7256077909779077
2723,,,lab_anemia,lab_anemia,clinicalbert_type2_max_pool,rf,0,4,brier,0.28433595563580094
2724,,,lab_anemia,lab_anemia,clinicalbert_type2_max_pool,rf,1,4,auroc,0.4617625007317489
2725,,,lab_anemia,lab_anemia,clinicalbert_type2_max_pool,rf,1,4,auprc,0.6731752170594945
2726,,,lab_anemia,lab_anemia,clinicalbert_type2_max_pool,rf,1,4,brier,0.23966567792967072
2727,,,lab_anemia,lab_anemia,clinicalbert_type2_max_pool,rf,2,4,auroc,0.5764430898097962
2728,,,lab_anemia,lab_anemia,clinicalbert_type2_max_pool,rf,2,4,auprc,0.7270211662029668
2729,,,lab_anemia,lab_anemia,clinicalbert_type2_max_pool,rf,2,4,brier,0.21664289399019862
2730,,,lab_anemia,lab_anemia,clinicalbert_type2_max_pool,rf,3,4,auroc,0.6088963313081457
2731,,,lab_anemia,lab_anemia,clinicalbert_type2_max_pool,rf,3,4,auprc,0.7382051674665636
2732,,,lab_anemia,lab_anemia,clinicalbert_type2_max_pool,rf,3,4,brier,0.24346599604505204
2733,,,lab_anemia,lab_anemia,clinicalbert_type2_max_pool,rf,4,4,auroc,0.5960410650302822
2734,,,lab_anemia,lab_anemia,clinicalbert_type2_max_pool,rf,4,4,auprc,0.7366364585104986
2735,,,lab_anemia,lab_anemia,clinicalbert_type2_max_pool,rf,4,4,brier,0.27538853065084684
2736,,,lab_anemia,lab_anemia,clinicalbert_type2_max_pool,rf,0,8,auroc,0.528817673882302
2737,,,lab_anemia,lab_anemia,clinicalbert_type2_max_pool,rf,0,8,auprc,0.7035995075200616
2738,,,lab_anemia,lab_anemia,clinicalbert_type2_max_pool,rf,0,8,brier,0.31233341931046343
2739,,,lab_anemia,lab_anemia,clinicalbert_type2_max_pool,rf,1,8,auroc,0.5651467890167007
2740,,,lab_anemia,lab_anemia,clinicalbert_type2_max_pool,rf,1,8,auprc,0.7182678990556928
2741,,,lab_anemia,lab_anemia,clinicalbert_type2_max_pool,rf,1,8,brier,0.28773656607342446
2742,,,lab_anemia,lab_anemia,clinicalbert_type2_max_pool,rf,2,8,auroc,0.6038093410585847
2743,,,lab_anemia,lab_anemia,clinicalbert_type2_max_pool,rf,2,8,auprc,0.7419423612309525
2744,,,lab_anemia,lab_anemia,clinicalbert_type2_max_pool,rf,2,8,brier,0.24499150889863294
2745,,,lab_anemia,lab_anemia,clinicalbert_type2_max_pool,rf,3,8,auroc,0.6138892545818492
2746,,,lab_anemia,lab_anemia,clinicalbert_type2_max_pool,rf,3,8,auprc,0.7433231362266908
2747,,,lab_anemia,lab_anemia,clinicalbert_type2_max_pool,rf,3,8,brier,0.2498732697102571
2748,,,lab_anemia,lab_anemia,clinicalbert_type2_max_pool,rf,4,8,auroc,0.5840071963513466
2749,,,lab_anemia,lab_anemia,clinicalbert_type2_max_pool,rf,4,8,auprc,0.7274372525588921
2750,,,lab_anemia,lab_anemia,clinicalbert_type2_max_pool,rf,4,8,brier,0.33945800017195427
2751,,,lab_anemia,lab_anemia,clinicalbert_type2_max_pool,rf,0,12,auroc,0.5668596071744487
2752,,,lab_anemia,lab_anemia,clinicalbert_type2_max_pool,rf,0,12,auprc,0.7291622482233858
2753,,,lab_anemia,lab_anemia,clinicalbert_type2_max_pool,rf,0,12,brier,0.30257492906886774
2754,,,lab_anemia,lab_anemia,clinicalbert_type2_max_pool,rf,1,12,auroc,0.6041023405717609
2755,,,lab_anemia,lab_anemia,clinicalbert_type2_max_pool,rf,1,12,auprc,0.7402697450656943
2756,,,lab_anemia,lab_anemia,clinicalbert_type2_max_pool,rf,1,12,brier,0.2543272289570975
2757,,,lab_anemia,lab_anemia,clinicalbert_type2_max_pool,rf,2,12,auroc,0.6245366551721598
2758,,,lab_anemia,lab_anemia,clinicalbert_type2_max_pool,rf,2,12,auprc,0.7456512780304597
2759,,,lab_anemia,lab_anemia,clinicalbert_type2_max_pool,rf,2,12,brier,0.26572030607858305
2760,,,lab_anemia,lab_anemia,clinicalbert_type2_max_pool,rf,3,12,auroc,0.5951634546641352
2761,,,lab_anemia,lab_anemia,clinicalbert_type2_max_pool,rf,3,12,auprc,0.7367312643185957
2762,,,lab_anemia,lab_anemia,clinicalbert_type2_max_pool,rf,3,12,brier,0.26026807669160007
2763,,,lab_anemia,lab_anemia,clinicalbert_type2_max_pool,rf,4,12,auroc,0.6151838005531919
2764,,,lab_anemia,lab_anemia,clinicalbert_type2_max_pool,rf,4,12,auprc,0.7529741935586148
2765,,,lab_anemia,lab_anemia,clinicalbert_type2_max_pool,rf,4,12,brier,0.2664651362737512
2766,,,lab_anemia,lab_anemia,clinicalbert_type2_max_pool,rf,0,16,auroc,0.5187111745687187
2767,,,lab_anemia,lab_anemia,clinicalbert_type2_max_pool,rf,0,16,auprc,0.7239377653335989
2768,,,lab_anemia,lab_anemia,clinicalbert_type2_max_pool,rf,0,16,brier,0.26524921158971715
2769,,,lab_anemia,lab_anemia,clinicalbert_type2_max_pool,rf,1,16,auroc,0.5940351854487511
2770,,,lab_anemia,lab_anemia,clinicalbert_type2_max_pool,rf,1,16,auprc,0.7358224818024091
2771,,,lab_anemia,lab_anemia,clinicalbert_type2_max_pool,rf,1,16,brier,0.26684309173759785
2772,,,lab_anemia,lab_anemia,clinicalbert_type2_max_pool,rf,2,16,auroc,0.5811956355223524
2773,,,lab_anemia,lab_anemia,clinicalbert_type2_max_pool,rf,2,16,auprc,0.7281684992479366
2774,,,lab_anemia,lab_anemia,clinicalbert_type2_max_pool,rf,2,16,brier,0.2793821683432207
2775,,,lab_anemia,lab_anemia,clinicalbert_type2_max_pool,rf,3,16,auroc,0.591633802338281
2776,,,lab_anemia,lab_anemia,clinicalbert_type2_max_pool,rf,3,16,auprc,0.7404834691366924
2777,,,lab_anemia,lab_anemia,clinicalbert_type2_max_pool,rf,3,16,brier,0.25127074198263266
2778,,,lab_anemia,lab_anemia,clinicalbert_type2_max_pool,rf,4,16,auroc,0.6286367958536954
2779,,,lab_anemia,lab_anemia,clinicalbert_type2_max_pool,rf,4,16,auprc,0.7683542868786073
2780,,,lab_anemia,lab_anemia,clinicalbert_type2_max_pool,rf,4,16,brier,0.25351913092951067
2781,,,lab_anemia,lab_anemia,clinicalbert_type2_max_pool,rf,0,24,auroc,0.596063650707511
2782,,,lab_anemia,lab_anemia,clinicalbert_type2_max_pool,rf,0,24,auprc,0.7517441681239704
2783,,,lab_anemia,lab_anemia,clinicalbert_type2_max_pool,rf,0,24,brier,0.24677217780070507
2784,,,lab_anemia,lab_anemia,clinicalbert_type2_max_pool,rf,1,24,auroc,0.6137107773089922
2785,,,lab_anemia,lab_anemia,clinicalbert_type2_max_pool,rf,1,24,auprc,0.751069380286967
2786,,,lab_anemia,lab_anemia,clinicalbert_type2_max_pool,rf,1,24,brier,0.2519455455248904
2787,,,lab_anemia,lab_anemia,clinicalbert_type2_max_pool,rf,2,24,auroc,0.6174382808002346
2788,,,lab_anemia,lab_anemia,clinicalbert_type2_max_pool,rf,2,24,auprc,0.7522522934489055
2789,,,lab_anemia,lab_anemia,clinicalbert_type2_max_pool,rf,2,24,brier,0.2456038173845757
2790,,,lab_anemia,lab_anemia,clinicalbert_type2_max_pool,rf,3,24,auroc,0.6036201979639804
2791,,,lab_anemia,lab_anemia,clinicalbert_type2_max_pool,rf,3,24,auprc,0.7531016057710747
2792,,,lab_anemia,lab_anemia,clinicalbert_type2_max_pool,rf,3,24,brier,0.23598373312698825
2793,,,lab_anemia,lab_anemia,clinicalbert_type2_max_pool,rf,4,24,auroc,0.5990462636639289
2794,,,lab_anemia,lab_anemia,clinicalbert_type2_max_pool,rf,4,24,auprc,0.7358375821513109
2795,,,lab_anemia,lab_anemia,clinicalbert_type2_max_pool,rf,4,24,brier,0.27914607514401174
2796,,,lab_anemia,lab_anemia,clinicalbert_type2_max_pool,rf,0,32,auroc,0.608157852648491
2797,,,lab_anemia,lab_anemia,clinicalbert_type2_max_pool,rf,0,32,auprc,0.76538305502034
2798,,,lab_anemia,lab_anemia,clinicalbert_type2_max_pool,rf,0,32,brier,0.244051535821264
2799,,,lab_anemia,lab_anemia,clinicalbert_type2_max_pool,rf,1,32,auroc,0.6065018491666384
2800,,,lab_anemia,lab_anemia,clinicalbert_type2_max_pool,rf,1,32,auprc,0.7413150025000694
2801,,,lab_anemia,lab_anemia,clinicalbert_type2_max_pool,rf,1,32,brier,0.28731648181583697
2802,,,lab_anemia,lab_anemia,clinicalbert_type2_max_pool,rf,2,32,auroc,0.6232212116194652
2803,,,lab_anemia,lab_anemia,clinicalbert_type2_max_pool,rf,2,32,auprc,0.7566678382358082
2804,,,lab_anemia,lab_anemia,clinicalbert_type2_max_pool,rf,2,32,brier,0.2512643796750065
2805,,,lab_anemia,lab_anemia,clinicalbert_type2_max_pool,rf,3,32,auroc,0.6646634914321567
2806,,,lab_anemia,lab_anemia,clinicalbert_type2_max_pool,rf,3,32,auprc,0.7978238629501508
2807,,,lab_anemia,lab_anemia,clinicalbert_type2_max_pool,rf,3,32,brier,0.22679737150852275
2808,,,lab_anemia,lab_anemia,clinicalbert_type2_max_pool,rf,4,32,auroc,0.630207561500105
2809,,,lab_anemia,lab_anemia,clinicalbert_type2_max_pool,rf,4,32,auprc,0.7664550713705116
2810,,,lab_anemia,lab_anemia,clinicalbert_type2_max_pool,rf,4,32,brier,0.24941413203221582
2811,,,lab_anemia,lab_anemia,clinicalbert_type2_max_pool,rf,0,48,auroc,0.6299076940369562
2812,,,lab_anemia,lab_anemia,clinicalbert_type2_max_pool,rf,0,48,auprc,0.7693186366440086
2813,,,lab_anemia,lab_anemia,clinicalbert_type2_max_pool,rf,0,48,brier,0.2346667654448361
2814,,,lab_anemia,lab_anemia,clinicalbert_type2_max_pool,rf,1,48,auroc,0.6250417205260281
2815,,,lab_anemia,lab_anemia,clinicalbert_type2_max_pool,rf,1,48,auprc,0.7583376493365377
2816,,,lab_anemia,lab_anemia,clinicalbert_type2_max_pool,rf,1,48,brier,0.23739691342103003
2817,,,lab_anemia,lab_anemia,clinicalbert_type2_max_pool,rf,2,48,auroc,0.6701098177221039
2818,,,lab_anemia,lab_anemia,clinicalbert_type2_max_pool,rf,2,48,auprc,0.7984070911216002
2819,,,lab_anemia,lab_anemia,clinicalbert_type2_max_pool,rf,2,48,brier,0.22232901900094573
2820,,,lab_anemia,lab_anemia,clinicalbert_type2_max_pool,rf,3,48,auroc,0.6329700877527816
2821,,,lab_anemia,lab_anemia,clinicalbert_type2_max_pool,rf,3,48,auprc,0.7609229849247597
2822,,,lab_anemia,lab_anemia,clinicalbert_type2_max_pool,rf,3,48,brier,0.23258185022783945
2823,,,lab_anemia,lab_anemia,clinicalbert_type2_max_pool,rf,4,48,auroc,0.6578783049343648
2824,,,lab_anemia,lab_anemia,clinicalbert_type2_max_pool,rf,4,48,auprc,0.7877867591720027
2825,,,lab_anemia,lab_anemia,clinicalbert_type2_max_pool,rf,4,48,brier,0.24281442791772945
2826,,,lab_anemia,lab_anemia,clinicalbert_type2_max_pool,rf,0,64,auroc,0.5908468765651775
2827,,,lab_anemia,lab_anemia,clinicalbert_type2_max_pool,rf,0,64,auprc,0.7436754563678734
2828,,,lab_anemia,lab_anemia,clinicalbert_type2_max_pool,rf,0,64,brier,0.25394397042386724
2829,,,lab_anemia,lab_anemia,clinicalbert_type2_max_pool,rf,1,64,auroc,0.6444682013022002
2830,,,lab_anemia,lab_anemia,clinicalbert_type2_max_pool,rf,1,64,auprc,0.775495989642001
2831,,,lab_anemia,lab_anemia,clinicalbert_type2_max_pool,rf,1,64,brier,0.24595944630728225
2832,,,lab_anemia,lab_anemia,clinicalbert_type2_max_pool,rf,2,64,auroc,0.6591226730468529
2833,,,lab_anemia,lab_anemia,clinicalbert_type2_max_pool,rf,2,64,auprc,0.7917159324249348
2834,,,lab_anemia,lab_anemia,clinicalbert_type2_max_pool,rf,2,64,brier,0.23055509589705106
2835,,,lab_anemia,lab_anemia,clinicalbert_type2_max_pool,rf,3,64,auroc,0.6916758485828904
2836,,,lab_anemia,lab_anemia,clinicalbert_type2_max_pool,rf,3,64,auprc,0.8179808652834135
2837,,,lab_anemia,lab_anemia,clinicalbert_type2_max_pool,rf,3,64,brier,0.2230285554886845
2838,,,lab_anemia,lab_anemia,clinicalbert_type2_max_pool,rf,4,64,auroc,0.6547702941077129
2839,,,lab_anemia,lab_anemia,clinicalbert_type2_max_pool,rf,4,64,auprc,0.7953555001010197
2840,,,lab_anemia,lab_anemia,clinicalbert_type2_max_pool,rf,4,64,brier,0.24086236350303156
2841,,,lab_anemia,lab_anemia,clinicalbert_type2_max_pool,rf,0,128,auroc,0.6851947332784438
2842,,,lab_anemia,lab_anemia,clinicalbert_type2_max_pool,rf,0,128,auprc,0.7921633991757132
2843,,,lab_anemia,lab_anemia,clinicalbert_type2_max_pool,rf,0,128,brier,0.22682744733900786
2844,,,lab_anemia,lab_anemia,clinicalbert_type2_max_pool,rf,1,128,auroc,0.6734222319200219
2845,,,lab_anemia,lab_anemia,clinicalbert_type2_max_pool,rf,1,128,auprc,0.8005399820649916
2846,,,lab_anemia,lab_anemia,clinicalbert_type2_max_pool,rf,1,128,brier,0.23134545610867507
2847,,,lab_anemia,lab_anemia,clinicalbert_type2_max_pool,rf,2,128,auroc,0.6989839038613577
2848,,,lab_anemia,lab_anemia,clinicalbert_type2_max_pool,rf,2,128,auprc,0.824884623289957
2849,,,lab_anemia,lab_anemia,clinicalbert_type2_max_pool,rf,2,128,brier,0.21745178735589488
2850,,,lab_anemia,lab_anemia,clinicalbert_type2_max_pool,rf,3,128,auroc,0.7153966258306597
2851,,,lab_anemia,lab_anemia,clinicalbert_type2_max_pool,rf,3,128,auprc,0.8377974934659028
2852,,,lab_anemia,lab_anemia,clinicalbert_type2_max_pool,rf,3,128,brier,0.21552974219972798
2853,,,lab_anemia,lab_anemia,clinicalbert_type2_max_pool,rf,4,128,auroc,0.6799030816967551
2854,,,lab_anemia,lab_anemia,clinicalbert_type2_max_pool,rf,4,128,auprc,0.8038514626283305
2855,,,lab_anemia,lab_anemia,clinicalbert_type2_max_pool,rf,4,128,brier,0.234431221330515
2856,,,lab_anemia,lab_anemia,clinicalbert_type2_mean_pool,lr_lbfgs,0,-1,auroc,0.7519243804588388
2857,,,lab_anemia,lab_anemia,clinicalbert_type2_mean_pool,lr_lbfgs,0,-1,auprc,0.8560020788738186
2858,,,lab_anemia,lab_anemia,clinicalbert_type2_mean_pool,lr_lbfgs,0,-1,brier,0.17536282517130644
2859,,,lab_anemia,lab_anemia,clinicalbert_type2_mean_pool,lr_lbfgs,0,1,auroc,0.5688913151732098
2860,,,lab_anemia,lab_anemia,clinicalbert_type2_mean_pool,lr_lbfgs,0,1,auprc,0.7335292750161245
2861,,,lab_anemia,lab_anemia,clinicalbert_type2_mean_pool,lr_lbfgs,0,1,brier,0.24999996138223698
2862,,,lab_anemia,lab_anemia,clinicalbert_type2_mean_pool,lr_lbfgs,1,1,auroc,0.5857247541099873
2863,,,lab_anemia,lab_anemia,clinicalbert_type2_mean_pool,lr_lbfgs,1,1,auprc,0.7533078755519389
2864,,,lab_anemia,lab_anemia,clinicalbert_type2_mean_pool,lr_lbfgs,1,1,brier,0.24999953450105886
2865,,,lab_anemia,lab_anemia,clinicalbert_type2_mean_pool,lr_lbfgs,2,1,auroc,0.41164155492203425
2866,,,lab_anemia,lab_anemia,clinicalbert_type2_mean_pool,lr_lbfgs,2,1,auprc,0.6234061956060777
2867,,,lab_anemia,lab_anemia,clinicalbert_type2_mean_pool,lr_lbfgs,2,1,brier,0.2500004186888514
2868,,,lab_anemia,lab_anemia,clinicalbert_type2_mean_pool,lr_lbfgs,3,1,auroc,0.6153066889801665
2869,,,lab_anemia,lab_anemia,clinicalbert_type2_mean_pool,lr_lbfgs,3,1,auprc,0.7563484800149116
2870,,,lab_anemia,lab_anemia,clinicalbert_type2_mean_pool,lr_lbfgs,3,1,brier,0.24999856876237783
2871,,,lab_anemia,lab_anemia,clinicalbert_type2_mean_pool,lr_lbfgs,4,1,auroc,0.586321969962487
2872,,,lab_anemia,lab_anemia,clinicalbert_type2_mean_pool,lr_lbfgs,4,1,auprc,0.7395462759521486
2873,,,lab_anemia,lab_anemia,clinicalbert_type2_mean_pool,lr_lbfgs,4,1,brier,0.24999887888411684
2874,,,lab_anemia,lab_anemia,clinicalbert_type2_mean_pool,lr_lbfgs,0,2,auroc,0.5247577489551037
2875,,,lab_anemia,lab_anemia,clinicalbert_type2_mean_pool,lr_lbfgs,0,2,auprc,0.7101084184218023
2876,,,lab_anemia,lab_anemia,clinicalbert_type2_mean_pool,lr_lbfgs,0,2,brier,0.24999971785833405
2877,,,lab_anemia,lab_anemia,clinicalbert_type2_mean_pool,lr_lbfgs,1,2,auroc,0.5031157585951356
2878,,,lab_anemia,lab_anemia,clinicalbert_type2_mean_pool,lr_lbfgs,1,2,auprc,0.6940785017911772
2879,,,lab_anemia,lab_anemia,clinicalbert_type2_mean_pool,lr_lbfgs,1,2,brier,0.24999995023969945
2880,,,lab_anemia,lab_anemia,clinicalbert_type2_mean_pool,lr_lbfgs,2,2,auroc,0.41556313234375875
2881,,,lab_anemia,lab_anemia,clinicalbert_type2_mean_pool,lr_lbfgs,2,2,auprc,0.6227621861357907
2882,,,lab_anemia,lab_anemia,clinicalbert_type2_mean_pool,lr_lbfgs,2,2,brier,0.25000039939261204
2883,,,lab_anemia,lab_anemia,clinicalbert_type2_mean_pool,lr_lbfgs,3,2,auroc,0.6195465350731498
2884,,,lab_anemia,lab_anemia,clinicalbert_type2_mean_pool,lr_lbfgs,3,2,auprc,0.7700695229962289
2885,,,lab_anemia,lab_anemia,clinicalbert_type2_mean_pool,lr_lbfgs,3,2,brier,0.2736850715626966
2886,,,lab_anemia,lab_anemia,clinicalbert_type2_mean_pool,lr_lbfgs,4,2,auroc,0.5463720831591524
2887,,,lab_anemia,lab_anemia,clinicalbert_type2_mean_pool,lr_lbfgs,4,2,auprc,0.712119327196221
2888,,,lab_anemia,lab_anemia,clinicalbert_type2_mean_pool,lr_lbfgs,4,2,brier,0.24999770172221428
2889,,,lab_anemia,lab_anemia,clinicalbert_type2_mean_pool,lr_lbfgs,0,4,auroc,0.6220695546405475
2890,,,lab_anemia,lab_anemia,clinicalbert_type2_mean_pool,lr_lbfgs,0,4,auprc,0.7604024251271506
2891,,,lab_anemia,lab_anemia,clinicalbert_type2_mean_pool,lr_lbfgs,0,4,brier,0.24999961924063477
2892,,,lab_anemia,lab_anemia,clinicalbert_type2_mean_pool,lr_lbfgs,1,4,auroc,0.5664098259286987
2893,,,lab_anemia,lab_anemia,clinicalbert_type2_mean_pool,lr_lbfgs,1,4,auprc,0.7220784127137385
2894,,,lab_anemia,lab_anemia,clinicalbert_type2_mean_pool,lr_lbfgs,1,4,brier,0.4122498206429747
2895,,,lab_anemia,lab_anemia,clinicalbert_type2_mean_pool,lr_lbfgs,2,4,auroc,0.4974561715897866
2896,,,lab_anemia,lab_anemia,clinicalbert_type2_mean_pool,lr_lbfgs,2,4,auprc,0.664763167885753
2897,,,lab_anemia,lab_anemia,clinicalbert_type2_mean_pool,lr_lbfgs,2,4,brier,0.340667191591063
2898,,,lab_anemia,lab_anemia,clinicalbert_type2_mean_pool,lr_lbfgs,3,4,auroc,0.6245229564185787
2899,,,lab_anemia,lab_anemia,clinicalbert_type2_mean_pool,lr_lbfgs,3,4,auprc,0.7630687511857498
2900,,,lab_anemia,lab_anemia,clinicalbert_type2_mean_pool,lr_lbfgs,3,4,brier,0.2499994587241621
2901,,,lab_anemia,lab_anemia,clinicalbert_type2_mean_pool,lr_lbfgs,4,4,auroc,0.6110695215527675
2902,,,lab_anemia,lab_anemia,clinicalbert_type2_mean_pool,lr_lbfgs,4,4,auprc,0.762331172682218
2903,,,lab_anemia,lab_anemia,clinicalbert_type2_mean_pool,lr_lbfgs,4,4,brier,0.2716240369987854
2904,,,lab_anemia,lab_anemia,clinicalbert_type2_mean_pool,lr_lbfgs,0,8,auroc,0.5770495881259309
2905,,,lab_anemia,lab_anemia,clinicalbert_type2_mean_pool,lr_lbfgs,0,8,auprc,0.7329776022403071
2906,,,lab_anemia,lab_anemia,clinicalbert_type2_mean_pool,lr_lbfgs,0,8,brier,0.24999916161404975
2907,,,lab_anemia,lab_anemia,clinicalbert_type2_mean_pool,lr_lbfgs,1,8,auroc,0.6357219344257987
2908,,,lab_anemia,lab_anemia,clinicalbert_type2_mean_pool,lr_lbfgs,1,8,auprc,0.7738549065534354
2909,,,lab_anemia,lab_anemia,clinicalbert_type2_mean_pool,lr_lbfgs,1,8,brier,0.2499980221044456
2910,,,lab_anemia,lab_anemia,clinicalbert_type2_mean_pool,lr_lbfgs,2,8,auroc,0.6234301117644667
2911,,,lab_anemia,lab_anemia,clinicalbert_type2_mean_pool,lr_lbfgs,2,8,auprc,0.7627964929963968
2912,,,lab_anemia,lab_anemia,clinicalbert_type2_mean_pool,lr_lbfgs,2,8,brier,0.23419572831354224
2913,,,lab_anemia,lab_anemia,clinicalbert_type2_mean_pool,lr_lbfgs,3,8,auroc,0.6527262260002673
2914,,,lab_anemia,lab_anemia,clinicalbert_type2_mean_pool,lr_lbfgs,3,8,auprc,0.7817338498403051
2915,,,lab_anemia,lab_anemia,clinicalbert_type2_mean_pool,lr_lbfgs,3,8,brier,0.2393794763393267
2916,,,lab_anemia,lab_anemia,clinicalbert_type2_mean_pool,lr_lbfgs,4,8,auroc,0.5773941522955524
2917,,,lab_anemia,lab_anemia,clinicalbert_type2_mean_pool,lr_lbfgs,4,8,auprc,0.7352767876531587
2918,,,lab_anemia,lab_anemia,clinicalbert_type2_mean_pool,lr_lbfgs,4,8,brier,0.24999875225703921
2919,,,lab_anemia,lab_anemia,clinicalbert_type2_mean_pool,lr_lbfgs,0,12,auroc,0.635427638917255
2920,,,lab_anemia,lab_anemia,clinicalbert_type2_mean_pool,lr_lbfgs,0,12,auprc,0.7830068464738779
2921,,,lab_anemia,lab_anemia,clinicalbert_type2_mean_pool,lr_lbfgs,0,12,brier,0.3584318656245715
2922,,,lab_anemia,lab_anemia,clinicalbert_type2_mean_pool,lr_lbfgs,1,12,auroc,0.652247900525339
2923,,,lab_anemia,lab_anemia,clinicalbert_type2_mean_pool,lr_lbfgs,1,12,auprc,0.7884846411060868
2924,,,lab_anemia,lab_anemia,clinicalbert_type2_mean_pool,lr_lbfgs,1,12,brier,0.21886873932949263
2925,,,lab_anemia,lab_anemia,clinicalbert_type2_mean_pool,lr_lbfgs,2,12,auroc,0.6605675565445048
2926,,,lab_anemia,lab_anemia,clinicalbert_type2_mean_pool,lr_lbfgs,2,12,auprc,0.7981310792196372
2927,,,lab_anemia,lab_anemia,clinicalbert_type2_mean_pool,lr_lbfgs,2,12,brier,0.3059304687217682
2928,,,lab_anemia,lab_anemia,clinicalbert_type2_mean_pool,lr_lbfgs,3,12,auroc,0.6592850274219274
2929,,,lab_anemia,lab_anemia,clinicalbert_type2_mean_pool,lr_lbfgs,3,12,auprc,0.7860559480750123
2930,,,lab_anemia,lab_anemia,clinicalbert_type2_mean_pool,lr_lbfgs,3,12,brier,0.25624461381380564
2931,,,lab_anemia,lab_anemia,clinicalbert_type2_mean_pool,lr_lbfgs,4,12,auroc,0.6015653257677654
2932,,,lab_anemia,lab_anemia,clinicalbert_type2_mean_pool,lr_lbfgs,4,12,auprc,0.7532594360342809
2933,,,lab_anemia,lab_anemia,clinicalbert_type2_mean_pool,lr_lbfgs,4,12,brier,0.24844140590829344
2934,,,lab_anemia,lab_anemia,clinicalbert_type2_mean_pool,lr_lbfgs,0,16,auroc,0.6163349505530302
2935,,,lab_anemia,lab_anemia,clinicalbert_type2_mean_pool,lr_lbfgs,0,16,auprc,0.7665434146912844
2936,,,lab_anemia,lab_anemia,clinicalbert_type2_mean_pool,lr_lbfgs,0,16,brier,0.3860429228040559
2937,,,lab_anemia,lab_anemia,clinicalbert_type2_mean_pool,lr_lbfgs,1,16,auroc,0.6554618809859388
2938,,,lab_anemia,lab_anemia,clinicalbert_type2_mean_pool,lr_lbfgs,1,16,auprc,0.7987568512244043
2939,,,lab_anemia,lab_anemia,clinicalbert_type2_mean_pool,lr_lbfgs,1,16,brier,0.22205194731927427
2940,,,lab_anemia,lab_anemia,clinicalbert_type2_mean_pool,lr_lbfgs,2,16,auroc,0.6728389143108362
2941,,,lab_anemia,lab_anemia,clinicalbert_type2_mean_pool,lr_lbfgs,2,16,auprc,0.8039682818221195
2942,,,lab_anemia,lab_anemia,clinicalbert_type2_mean_pool,lr_lbfgs,2,16,brier,0.2499969762392626
2943,,,lab_anemia,lab_anemia,clinicalbert_type2_mean_pool,lr_lbfgs,3,16,auroc,0.6768879532896854
2944,,,lab_anemia,lab_anemia,clinicalbert_type2_mean_pool,lr_lbfgs,3,16,auprc,0.8009993455959444
2945,,,lab_anemia,lab_anemia,clinicalbert_type2_mean_pool,lr_lbfgs,3,16,brier,0.3119721209237358
2946,,,lab_anemia,lab_anemia,clinicalbert_type2_mean_pool,lr_lbfgs,4,16,auroc,0.6240597054884922
2947,,,lab_anemia,lab_anemia,clinicalbert_type2_mean_pool,lr_lbfgs,4,16,auprc,0.7695998640048906
2948,,,lab_anemia,lab_anemia,clinicalbert_type2_mean_pool,lr_lbfgs,4,16,brier,0.24999730227212477
2949,,,lab_anemia,lab_anemia,clinicalbert_type2_mean_pool,lr_lbfgs,0,24,auroc,0.6430568816081405
2950,,,lab_anemia,lab_anemia,clinicalbert_type2_mean_pool,lr_lbfgs,0,24,auprc,0.7763683454273115
2951,,,lab_anemia,lab_anemia,clinicalbert_type2_mean_pool,lr_lbfgs,0,24,brier,0.24999805885553927
2952,,,lab_anemia,lab_anemia,clinicalbert_type2_mean_pool,lr_lbfgs,1,24,auroc,0.6849648014124423
2953,,,lab_anemia,lab_anemia,clinicalbert_type2_mean_pool,lr_lbfgs,1,24,auprc,0.8175425297985002
2954,,,lab_anemia,lab_anemia,clinicalbert_type2_mean_pool,lr_lbfgs,1,24,brier,0.21875610275150034
2955,,,lab_anemia,lab_anemia,clinicalbert_type2_mean_pool,lr_lbfgs,2,24,auroc,0.6723822424145578
2956,,,lab_anemia,lab_anemia,clinicalbert_type2_mean_pool,lr_lbfgs,2,24,auprc,0.8033013620852608
2957,,,lab_anemia,lab_anemia,clinicalbert_type2_mean_pool,lr_lbfgs,2,24,brier,0.21746097592999858
2958,,,lab_anemia,lab_anemia,clinicalbert_type2_mean_pool,lr_lbfgs,3,24,auroc,0.6770524594022916
2959,,,lab_anemia,lab_anemia,clinicalbert_type2_mean_pool,lr_lbfgs,3,24,auprc,0.794550438285665
2960,,,lab_anemia,lab_anemia,clinicalbert_type2_mean_pool,lr_lbfgs,3,24,brier,0.3446635821877874
2961,,,lab_anemia,lab_anemia,clinicalbert_type2_mean_pool,lr_lbfgs,4,24,auroc,0.6306783675878987
2962,,,lab_anemia,lab_anemia,clinicalbert_type2_mean_pool,lr_lbfgs,4,24,auprc,0.7742572911972656
2963,,,lab_anemia,lab_anemia,clinicalbert_type2_mean_pool,lr_lbfgs,4,24,brier,0.2629105327905324
2964,,,lab_anemia,lab_anemia,clinicalbert_type2_mean_pool,lr_lbfgs,0,32,auroc,0.603446104649975
2965,,,lab_anemia,lab_anemia,clinicalbert_type2_mean_pool,lr_lbfgs,0,32,auprc,0.7652132997400068
2966,,,lab_anemia,lab_anemia,clinicalbert_type2_mean_pool,lr_lbfgs,0,32,brier,0.3804216800070938
2967,,,lab_anemia,lab_anemia,clinicalbert_type2_mean_pool,lr_lbfgs,1,32,auroc,0.6998073754656108
2968,,,lab_anemia,lab_anemia,clinicalbert_type2_mean_pool,lr_lbfgs,1,32,auprc,0.824220880032199
2969,,,lab_anemia,lab_anemia,clinicalbert_type2_mean_pool,lr_lbfgs,1,32,brier,0.21781624746857747
2970,,,lab_anemia,lab_anemia,clinicalbert_type2_mean_pool,lr_lbfgs,2,32,auroc,0.6688440292275847
2971,,,lab_anemia,lab_anemia,clinicalbert_type2_mean_pool,lr_lbfgs,2,32,auprc,0.8033189767389641
2972,,,lab_anemia,lab_anemia,clinicalbert_type2_mean_pool,lr_lbfgs,2,32,brier,0.23707836705876842
2973,,,lab_anemia,lab_anemia,clinicalbert_type2_mean_pool,lr_lbfgs,3,32,auroc,0.6737294392295459
2974,,,lab_anemia,lab_anemia,clinicalbert_type2_mean_pool,lr_lbfgs,3,32,auprc,0.8021059013203905
2975,,,lab_anemia,lab_anemia,clinicalbert_type2_mean_pool,lr_lbfgs,3,32,brier,0.21679812296416417
2976,,,lab_anemia,lab_anemia,clinicalbert_type2_mean_pool,lr_lbfgs,4,32,auroc,0.6341702895263281
2977,,,lab_anemia,lab_anemia,clinicalbert_type2_mean_pool,lr_lbfgs,4,32,auprc,0.7773356214354703
2978,,,lab_anemia,lab_anemia,clinicalbert_type2_mean_pool,lr_lbfgs,4,32,brier,0.26419279437787535
2979,,,lab_anemia,lab_anemia,clinicalbert_type2_mean_pool,lr_lbfgs,0,48,auroc,0.6157113422088838
2980,,,lab_anemia,lab_anemia,clinicalbert_type2_mean_pool,lr_lbfgs,0,48,auprc,0.7649846831165991
2981,,,lab_anemia,lab_anemia,clinicalbert_type2_mean_pool,lr_lbfgs,0,48,brier,0.3584583371904376
2982,,,lab_anemia,lab_anemia,clinicalbert_type2_mean_pool,lr_lbfgs,1,48,auroc,0.6702013780062845
2983,,,lab_anemia,lab_anemia,clinicalbert_type2_mean_pool,lr_lbfgs,1,48,auprc,0.8089063638221332
2984,,,lab_anemia,lab_anemia,clinicalbert_type2_mean_pool,lr_lbfgs,1,48,brier,0.22020886102772974
2985,,,lab_anemia,lab_anemia,clinicalbert_type2_mean_pool,lr_lbfgs,2,48,auroc,0.6933001455793523
2986,,,lab_anemia,lab_anemia,clinicalbert_type2_mean_pool,lr_lbfgs,2,48,auprc,0.819741074750011
2987,,,lab_anemia,lab_anemia,clinicalbert_type2_mean_pool,lr_lbfgs,2,48,brier,0.2168230364966779
2988,,,lab_anemia,lab_anemia,clinicalbert_type2_mean_pool,lr_lbfgs,3,48,auroc,0.6622792389865674
2989,,,lab_anemia,lab_anemia,clinicalbert_type2_mean_pool,lr_lbfgs,3,48,auprc,0.7882077551750512
2990,,,lab_anemia,lab_anemia,clinicalbert_type2_mean_pool,lr_lbfgs,3,48,brier,0.22870380556389455
2991,,,lab_anemia,lab_anemia,clinicalbert_type2_mean_pool,lr_lbfgs,4,48,auroc,0.6826567175863063
2992,,,lab_anemia,lab_anemia,clinicalbert_type2_mean_pool,lr_lbfgs,4,48,auprc,0.8117394676153541
2993,,,lab_anemia,lab_anemia,clinicalbert_type2_mean_pool,lr_lbfgs,4,48,brier,0.22644438549727425
2994,,,lab_anemia,lab_anemia,clinicalbert_type2_mean_pool,lr_lbfgs,0,64,auroc,0.6619623983866372
2995,,,lab_anemia,lab_anemia,clinicalbert_type2_mean_pool,lr_lbfgs,0,64,auprc,0.793771210939275
2996,,,lab_anemia,lab_anemia,clinicalbert_type2_mean_pool,lr_lbfgs,0,64,brier,0.2499963235402355
2997,,,lab_anemia,lab_anemia,clinicalbert_type2_mean_pool,lr_lbfgs,1,64,auroc,0.7022910281418789
2998,,,lab_anemia,lab_anemia,clinicalbert_type2_mean_pool,lr_lbfgs,1,64,auprc,0.8255241346746743
2999,,,lab_anemia,lab_anemia,clinicalbert_type2_mean_pool,lr_lbfgs,1,64,brier,0.21432252006129307
3000,,,lab_anemia,lab_anemia,clinicalbert_type2_mean_pool,lr_lbfgs,2,64,auroc,0.6937578603254062
3001,,,lab_anemia,lab_anemia,clinicalbert_type2_mean_pool,lr_lbfgs,2,64,auprc,0.8200101540343465
3002,,,lab_anemia,lab_anemia,clinicalbert_type2_mean_pool,lr_lbfgs,2,64,brier,0.2209864984236207
3003,,,lab_anemia,lab_anemia,clinicalbert_type2_mean_pool,lr_lbfgs,3,64,auroc,0.681249772908455
3004,,,lab_anemia,lab_anemia,clinicalbert_type2_mean_pool,lr_lbfgs,3,64,auprc,0.8090182341837078
3005,,,lab_anemia,lab_anemia,clinicalbert_type2_mean_pool,lr_lbfgs,3,64,brier,0.2220079449575551
3006,,,lab_anemia,lab_anemia,clinicalbert_type2_mean_pool,lr_lbfgs,4,64,auroc,0.673840380285214
3007,,,lab_anemia,lab_anemia,clinicalbert_type2_mean_pool,lr_lbfgs,4,64,auprc,0.8038187423015284
3008,,,lab_anemia,lab_anemia,clinicalbert_type2_mean_pool,lr_lbfgs,4,64,brier,0.23479908147122505
3009,,,lab_anemia,lab_anemia,clinicalbert_type2_mean_pool,lr_lbfgs,0,128,auroc,0.7098822453381141
3010,,,lab_anemia,lab_anemia,clinicalbert_type2_mean_pool,lr_lbfgs,0,128,auprc,0.8326958228235198
3011,,,lab_anemia,lab_anemia,clinicalbert_type2_mean_pool,lr_lbfgs,0,128,brier,0.2178883397860375
3012,,,lab_anemia,lab_anemia,clinicalbert_type2_mean_pool,lr_lbfgs,1,128,auroc,0.7085049324524326
3013,,,lab_anemia,lab_anemia,clinicalbert_type2_mean_pool,lr_lbfgs,1,128,auprc,0.8300233156031567
3014,,,lab_anemia,lab_anemia,clinicalbert_type2_mean_pool,lr_lbfgs,1,128,brier,0.21525884883445082
3015,,,lab_anemia,lab_anemia,clinicalbert_type2_mean_pool,lr_lbfgs,2,128,auroc,0.697756427026071
3016,,,lab_anemia,lab_anemia,clinicalbert_type2_mean_pool,lr_lbfgs,2,128,auprc,0.8243785542950053
3017,,,lab_anemia,lab_anemia,clinicalbert_type2_mean_pool,lr_lbfgs,2,128,brier,0.21705824929860118
3018,,,lab_anemia,lab_anemia,clinicalbert_type2_mean_pool,lr_lbfgs,3,128,auroc,0.7060023736526618
3019,,,lab_anemia,lab_anemia,clinicalbert_type2_mean_pool,lr_lbfgs,3,128,auprc,0.8256637877871957
3020,,,lab_anemia,lab_anemia,clinicalbert_type2_mean_pool,lr_lbfgs,3,128,brier,0.2151360080489001
3021,,,lab_anemia,lab_anemia,clinicalbert_type2_mean_pool,lr_lbfgs,4,128,auroc,0.7050106950573116
3022,,,lab_anemia,lab_anemia,clinicalbert_type2_mean_pool,lr_lbfgs,4,128,auprc,0.8260314006824989
3023,,,lab_anemia,lab_anemia,clinicalbert_type2_mean_pool,lr_lbfgs,4,128,brier,0.22392153265608322
3024,,,lab_anemia,lab_anemia,clinicalbert_type2_mean_pool,knn,0,-1,auroc,0.6276610069595088
3025,,,lab_anemia,lab_anemia,clinicalbert_type2_mean_pool,knn,0,-1,auprc,0.7618866157580363
3026,,,lab_anemia,lab_anemia,clinicalbert_type2_mean_pool,knn,0,-1,brier,0.28331377845207795
3027,,,lab_anemia,lab_anemia,clinicalbert_type2_mean_pool,knn,0,1,auroc,0.5333552783504317
3028,,,lab_anemia,lab_anemia,clinicalbert_type2_mean_pool,knn,0,1,auprc,0.7028794378016139
3029,,,lab_anemia,lab_anemia,clinicalbert_type2_mean_pool,knn,0,1,brier,0.5683432207032929
3030,,,lab_anemia,lab_anemia,clinicalbert_type2_mean_pool,knn,1,1,auroc,0.5534433028510728
3031,,,lab_anemia,lab_anemia,clinicalbert_type2_mean_pool,knn,1,1,auprc,0.7126452242674597
3032,,,lab_anemia,lab_anemia,clinicalbert_type2_mean_pool,knn,1,1,brier,0.5201100507265067
3033,,,lab_anemia,lab_anemia,clinicalbert_type2_mean_pool,knn,2,1,auroc,0.44622212879070905
3034,,,lab_anemia,lab_anemia,clinicalbert_type2_mean_pool,knn,2,1,auprc,0.6655912863929382
3035,,,lab_anemia,lab_anemia,clinicalbert_type2_mean_pool,knn,2,1,brier,0.5263691857965781
3036,,,lab_anemia,lab_anemia,clinicalbert_type2_mean_pool,knn,3,1,auroc,0.5868908452029151
3037,,,lab_anemia,lab_anemia,clinicalbert_type2_mean_pool,knn,3,1,auprc,0.7273060521526921
3038,,,lab_anemia,lab_anemia,clinicalbert_type2_mean_pool,knn,3,1,brier,0.32635199037056145
3039,,,lab_anemia,lab_anemia,clinicalbert_type2_mean_pool,knn,4,1,auroc,0.5660358583482566
3040,,,lab_anemia,lab_anemia,clinicalbert_type2_mean_pool,knn,4,1,auprc,0.7171578193292679
3041,,,lab_anemia,lab_anemia,clinicalbert_type2_mean_pool,knn,4,1,brier,0.3322156306422492
3042,,,lab_anemia,lab_anemia,clinicalbert_type2_mean_pool,knn,0,2,auroc,0.542707040591139
3043,,,lab_anemia,lab_anemia,clinicalbert_type2_mean_pool,knn,0,2,auprc,0.7074772466969684
3044,,,lab_anemia,lab_anemia,clinicalbert_type2_mean_pool,knn,0,2,brier,0.2943169117014875
3045,,,lab_anemia,lab_anemia,clinicalbert_type2_mean_pool,knn,1,2,auroc,0.4663125437286653
3046,,,lab_anemia,lab_anemia,clinicalbert_type2_mean_pool,knn,1,2,auprc,0.6734583799668263
3047,,,lab_anemia,lab_anemia,clinicalbert_type2_mean_pool,knn,1,2,brier,0.536944372796836
3048,,,lab_anemia,lab_anemia,clinicalbert_type2_mean_pool,knn,2,2,auroc,0.43961074187548826
3049,,,lab_anemia,lab_anemia,clinicalbert_type2_mean_pool,knn,2,2,auprc,0.6455236951210356
3050,,,lab_anemia,lab_anemia,clinicalbert_type2_mean_pool,knn,2,2,brier,0.2859606323744974
3051,,,lab_anemia,lab_anemia,clinicalbert_type2_mean_pool,knn,3,2,auroc,0.5638227330107148
3052,,,lab_anemia,lab_anemia,clinicalbert_type2_mean_pool,knn,3,2,auprc,0.7162005664714778
3053,,,lab_anemia,lab_anemia,clinicalbert_type2_mean_pool,knn,3,2,brier,0.35264379675006446
3054,,,lab_anemia,lab_anemia,clinicalbert_type2_mean_pool,knn,4,2,auroc,0.528767420354928
3055,,,lab_anemia,lab_anemia,clinicalbert_type2_mean_pool,knn,4,2,auprc,0.6999210601448177
3056,,,lab_anemia,lab_anemia,clinicalbert_type2_mean_pool,knn,4,2,brier,0.33524202562118477
3057,,,lab_anemia,lab_anemia,clinicalbert_type2_mean_pool,knn,0,4,auroc,0.6010278742876239
3058,,,lab_anemia,lab_anemia,clinicalbert_type2_mean_pool,knn,0,4,auprc,0.7380045836400753
3059,,,lab_anemia,lab_anemia,clinicalbert_type2_mean_pool,knn,0,4,brier,0.2819981085031382
3060,,,lab_anemia,lab_anemia,clinicalbert_type2_mean_pool,knn,1,4,auroc,0.5182337880713257
3061,,,lab_anemia,lab_anemia,clinicalbert_type2_mean_pool,knn,1,4,auprc,0.6955837195777093
3062,,,lab_anemia,lab_anemia,clinicalbert_type2_mean_pool,knn,1,4,brier,0.29421947095405954
3063,,,lab_anemia,lab_anemia,clinicalbert_type2_mean_pool,knn,2,4,auroc,0.4894742475608425
3064,,,lab_anemia,lab_anemia,clinicalbert_type2_mean_pool,knn,2,4,auprc,0.6787091022694954
3065,,,lab_anemia,lab_anemia,clinicalbert_type2_mean_pool,knn,2,4,brier,0.29326073253749874
3066,,,lab_anemia,lab_anemia,clinicalbert_type2_mean_pool,knn,3,4,auroc,0.5815063497237994
3067,,,lab_anemia,lab_anemia,clinicalbert_type2_mean_pool,knn,3,4,auprc,0.7308681382012043
3068,,,lab_anemia,lab_anemia,clinicalbert_type2_mean_pool,knn,3,4,brier,0.27626362498686463
3069,,,lab_anemia,lab_anemia,clinicalbert_type2_mean_pool,knn,4,4,auroc,0.6127644014561651
3070,,,lab_anemia,lab_anemia,clinicalbert_type2_mean_pool,knn,4,4,auprc,0.7536552942773842
3071,,,lab_anemia,lab_anemia,clinicalbert_type2_mean_pool,knn,4,4,brier,0.21334198859146886
3072,,,lab_anemia,lab_anemia,clinicalbert_type2_mean_pool,knn,0,8,auroc,0.5536129282829596
3073,,,lab_anemia,lab_anemia,clinicalbert_type2_mean_pool,knn,0,8,auprc,0.7178812764104752
3074,,,lab_anemia,lab_anemia,clinicalbert_type2_mean_pool,knn,0,8,brier,0.3296477803570917
3075,,,lab_anemia,lab_anemia,clinicalbert_type2_mean_pool,knn,1,8,auroc,0.6037398622241358
3076,,,lab_anemia,lab_anemia,clinicalbert_type2_mean_pool,knn,1,8,auprc,0.7608375582305977
3077,,,lab_anemia,lab_anemia,clinicalbert_type2_mean_pool,knn,1,8,brier,0.231411408665216
3078,,,lab_anemia,lab_anemia,clinicalbert_type2_mean_pool,knn,2,8,auroc,0.6086959335531343
3079,,,lab_anemia,lab_anemia,clinicalbert_type2_mean_pool,knn,2,8,auprc,0.7647965357016724
3080,,,lab_anemia,lab_anemia,clinicalbert_type2_mean_pool,knn,2,8,brier,0.2170128014546378
3081,,,lab_anemia,lab_anemia,clinicalbert_type2_mean_pool,knn,3,8,auroc,0.6066406004668472
3082,,,lab_anemia,lab_anemia,clinicalbert_type2_mean_pool,knn,3,8,auprc,0.7445483615204259
3083,,,lab_anemia,lab_anemia,clinicalbert_type2_mean_pool,knn,3,8,brier,0.263444243831141
3084,,,lab_anemia,lab_anemia,clinicalbert_type2_mean_pool,knn,4,8,auroc,0.5561231633100685
3085,,,lab_anemia,lab_anemia,clinicalbert_type2_mean_pool,knn,4,8,auprc,0.7145224517200899
3086,,,lab_anemia,lab_anemia,clinicalbert_type2_mean_pool,knn,4,8,brier,0.2549986148129042
3087,,,lab_anemia,lab_anemia,clinicalbert_type2_mean_pool,knn,0,12,auroc,0.5751307252779425
3088,,,lab_anemia,lab_anemia,clinicalbert_type2_mean_pool,knn,0,12,auprc,0.732353355404332
3089,,,lab_anemia,lab_anemia,clinicalbert_type2_mean_pool,knn,0,12,brier,0.3342141212659655
3090,,,lab_anemia,lab_anemia,clinicalbert_type2_mean_pool,knn,1,12,auroc,0.5995088996153219
3091,,,lab_anemia,lab_anemia,clinicalbert_type2_mean_pool,knn,1,12,auprc,0.7372420131305712
3092,,,lab_anemia,lab_anemia,clinicalbert_type2_mean_pool,knn,1,12,brier,0.21321640443641995
3093,,,lab_anemia,lab_anemia,clinicalbert_type2_mean_pool,knn,2,12,auroc,0.6414363095665163
3094,,,lab_anemia,lab_anemia,clinicalbert_type2_mean_pool,knn,2,12,auprc,0.7743721385995659
3095,,,lab_anemia,lab_anemia,clinicalbert_type2_mean_pool,knn,2,12,brier,0.25777020393458405
3096,,,lab_anemia,lab_anemia,clinicalbert_type2_mean_pool,knn,3,12,auroc,0.6028501373280442
3097,,,lab_anemia,lab_anemia,clinicalbert_type2_mean_pool,knn,3,12,auprc,0.735954753959358
3098,,,lab_anemia,lab_anemia,clinicalbert_type2_mean_pool,knn,3,12,brier,0.35922964491445275
3099,,,lab_anemia,lab_anemia,clinicalbert_type2_mean_pool,knn,4,12,auroc,0.6140806120124875
3100,,,lab_anemia,lab_anemia,clinicalbert_type2_mean_pool,knn,4,12,auprc,0.7471311110961358
3101,,,lab_anemia,lab_anemia,clinicalbert_type2_mean_pool,knn,4,12,brier,0.22212776201530396
3102,,,lab_anemia,lab_anemia,clinicalbert_type2_mean_pool,knn,0,16,auroc,0.5843614942441365
3103,,,lab_anemia,lab_anemia,clinicalbert_type2_mean_pool,knn,0,16,auprc,0.7369105774950907
3104,,,lab_anemia,lab_anemia,clinicalbert_type2_mean_pool,knn,0,16,brier,0.24867062161465053
3105,,,lab_anemia,lab_anemia,clinicalbert_type2_mean_pool,knn,1,16,auroc,0.5740308475789067
3106,,,lab_anemia,lab_anemia,clinicalbert_type2_mean_pool,knn,1,16,auprc,0.7284182182121983
3107,,,lab_anemia,lab_anemia,clinicalbert_type2_mean_pool,knn,1,16,brier,0.2528797562070711
3108,,,lab_anemia,lab_anemia,clinicalbert_type2_mean_pool,knn,2,16,auroc,0.6387982140028172
3109,,,lab_anemia,lab_anemia,clinicalbert_type2_mean_pool,knn,2,16,auprc,0.7731236110119499
3110,,,lab_anemia,lab_anemia,clinicalbert_type2_mean_pool,knn,2,16,brier,0.24630381702912463
3111,,,lab_anemia,lab_anemia,clinicalbert_type2_mean_pool,knn,3,16,auroc,0.578105716350777
3112,,,lab_anemia,lab_anemia,clinicalbert_type2_mean_pool,knn,3,16,auprc,0.7292904261015595
3113,,,lab_anemia,lab_anemia,clinicalbert_type2_mean_pool,knn,3,16,brier,0.25407388301378503
3114,,,lab_anemia,lab_anemia,clinicalbert_type2_mean_pool,knn,4,16,auroc,0.6144265100117361
3115,,,lab_anemia,lab_anemia,clinicalbert_type2_mean_pool,knn,4,16,auprc,0.7475955082419264
3116,,,lab_anemia,lab_anemia,clinicalbert_type2_mean_pool,knn,4,16,brier,0.22540796148224582
3117,,,lab_anemia,lab_anemia,clinicalbert_type2_mean_pool,knn,0,24,auroc,0.5681686457309301
3118,,,lab_anemia,lab_anemia,clinicalbert_type2_mean_pool,knn,0,24,auprc,0.7340250589962818
3119,,,lab_anemia,lab_anemia,clinicalbert_type2_mean_pool,knn,0,24,brier,0.28580999054251577
3120,,,lab_anemia,lab_anemia,clinicalbert_type2_mean_pool,knn,1,24,auroc,0.5505995732708246
3121,,,lab_anemia,lab_anemia,clinicalbert_type2_mean_pool,knn,1,24,auprc,0.7103049796318852
3122,,,lab_anemia,lab_anemia,clinicalbert_type2_mean_pool,knn,1,24,brier,0.4382426274610953
3123,,,lab_anemia,lab_anemia,clinicalbert_type2_mean_pool,knn,2,24,auroc,0.6074651541309268
3124,,,lab_anemia,lab_anemia,clinicalbert_type2_mean_pool,knn,2,24,auprc,0.7449747232818527
3125,,,lab_anemia,lab_anemia,clinicalbert_type2_mean_pool,knn,2,24,brier,0.261745335740693
3126,,,lab_anemia,lab_anemia,clinicalbert_type2_mean_pool,knn,3,24,auroc,0.5851626058009276
3127,,,lab_anemia,lab_anemia,clinicalbert_type2_mean_pool,knn,3,24,auprc,0.7318173865655606
3128,,,lab_anemia,lab_anemia,clinicalbert_type2_mean_pool,knn,3,24,brier,0.24540968102484748
3129,,,lab_anemia,lab_anemia,clinicalbert_type2_mean_pool,knn,4,24,auroc,0.6024794365639503
3130,,,lab_anemia,lab_anemia,clinicalbert_type2_mean_pool,knn,4,24,auprc,0.7411285146231894
3131,,,lab_anemia,lab_anemia,clinicalbert_type2_mean_pool,knn,4,24,brier,0.2284742498495401
3132,,,lab_anemia,lab_anemia,clinicalbert_type2_mean_pool,knn,0,32,auroc,0.5650942523637298
3133,,,lab_anemia,lab_anemia,clinicalbert_type2_mean_pool,knn,0,32,auprc,0.723930652205492
3134,,,lab_anemia,lab_anemia,clinicalbert_type2_mean_pool,knn,0,32,brier,0.2821578349048043
3135,,,lab_anemia,lab_anemia,clinicalbert_type2_mean_pool,knn,1,32,auroc,0.5864292376554894
3136,,,lab_anemia,lab_anemia,clinicalbert_type2_mean_pool,knn,1,32,auprc,0.7347853837237106
3137,,,lab_anemia,lab_anemia,clinicalbert_type2_mean_pool,knn,1,32,brier,0.2737721326512668
3138,,,lab_anemia,lab_anemia,clinicalbert_type2_mean_pool,knn,2,32,auroc,0.5951126157375799
3139,,,lab_anemia,lab_anemia,clinicalbert_type2_mean_pool,knn,2,32,auprc,0.745285507853423
3140,,,lab_anemia,lab_anemia,clinicalbert_type2_mean_pool,knn,2,32,brier,0.29422990835092866
3141,,,lab_anemia,lab_anemia,clinicalbert_type2_mean_pool,knn,3,32,auroc,0.646987063916304
3142,,,lab_anemia,lab_anemia,clinicalbert_type2_mean_pool,knn,3,32,auprc,0.7736302449340235
3143,,,lab_anemia,lab_anemia,clinicalbert_type2_mean_pool,knn,3,32,brier,0.23238080600111258
3144,,,lab_anemia,lab_anemia,clinicalbert_type2_mean_pool,knn,4,32,auroc,0.6083417003225337
3145,,,lab_anemia,lab_anemia,clinicalbert_type2_mean_pool,knn,4,32,auprc,0.7437832474827722
3146,,,lab_anemia,lab_anemia,clinicalbert_type2_mean_pool,knn,4,32,brier,0.23582426274610957
3147,,,lab_anemia,lab_anemia,clinicalbert_type2_mean_pool,knn,0,48,auroc,0.5846619704949183
3148,,,lab_anemia,lab_anemia,clinicalbert_type2_mean_pool,knn,0,48,auprc,0.7321850766074062
3149,,,lab_anemia,lab_anemia,clinicalbert_type2_mean_pool,knn,0,48,brier,0.2630460741887103
3150,,,lab_anemia,lab_anemia,clinicalbert_type2_mean_pool,knn,1,48,auroc,0.5934755438313682
3151,,,lab_anemia,lab_anemia,clinicalbert_type2_mean_pool,knn,1,48,auprc,0.7347360600935052
3152,,,lab_anemia,lab_anemia,clinicalbert_type2_mean_pool,knn,1,48,brier,0.24359521967156741
3153,,,lab_anemia,lab_anemia,clinicalbert_type2_mean_pool,knn,2,48,auroc,0.6282903330921342
3154,,,lab_anemia,lab_anemia,clinicalbert_type2_mean_pool,knn,2,48,auprc,0.756922795745367
3155,,,lab_anemia,lab_anemia,clinicalbert_type2_mean_pool,knn,2,48,brier,0.24693457140400657
3156,,,lab_anemia,lab_anemia,clinicalbert_type2_mean_pool,knn,3,48,auroc,0.6109884853838344
3157,,,lab_anemia,lab_anemia,clinicalbert_type2_mean_pool,knn,3,48,auprc,0.7413048954267107
3158,,,lab_anemia,lab_anemia,clinicalbert_type2_mean_pool,knn,3,48,brier,0.25899888229730894
3159,,,lab_anemia,lab_anemia,clinicalbert_type2_mean_pool,knn,4,48,auroc,0.6128888974952276
3160,,,lab_anemia,lab_anemia,clinicalbert_type2_mean_pool,knn,4,48,auprc,0.7453373599107781
3161,,,lab_anemia,lab_anemia,clinicalbert_type2_mean_pool,knn,4,48,brier,0.24055850743702178
3162,,,lab_anemia,lab_anemia,clinicalbert_type2_mean_pool,knn,0,64,auroc,0.6189158654803586
3163,,,lab_anemia,lab_anemia,clinicalbert_type2_mean_pool,knn,0,64,auprc,0.7637540507567956
3164,,,lab_anemia,lab_anemia,clinicalbert_type2_mean_pool,knn,0,64,brier,0.24452814719283655
3165,,,lab_anemia,lab_anemia,clinicalbert_type2_mean_pool,knn,1,64,auroc,0.5983841641197905
3166,,,lab_anemia,lab_anemia,clinicalbert_type2_mean_pool,knn,1,64,auprc,0.7388304751293897
3167,,,lab_anemia,lab_anemia,clinicalbert_type2_mean_pool,knn,1,64,brier,0.25969770441062684
3168,,,lab_anemia,lab_anemia,clinicalbert_type2_mean_pool,knn,2,64,auroc,0.6256989050558885
3169,,,lab_anemia,lab_anemia,clinicalbert_type2_mean_pool,knn,2,64,auprc,0.7556623384097401
3170,,,lab_anemia,lab_anemia,clinicalbert_type2_mean_pool,knn,2,64,brier,0.2580682658412863
3171,,,lab_anemia,lab_anemia,clinicalbert_type2_mean_pool,knn,3,64,auroc,0.6030591606063634
3172,,,lab_anemia,lab_anemia,clinicalbert_type2_mean_pool,knn,3,64,auprc,0.7398933931770567
3173,,,lab_anemia,lab_anemia,clinicalbert_type2_mean_pool,knn,3,64,brier,0.2639202132232827
3174,,,lab_anemia,lab_anemia,clinicalbert_type2_mean_pool,knn,4,64,auroc,0.6077165201368719
3175,,,lab_anemia,lab_anemia,clinicalbert_type2_mean_pool,knn,4,64,auprc,0.7425286934725567
3176,,,lab_anemia,lab_anemia,clinicalbert_type2_mean_pool,knn,4,64,brier,0.23083621356719117
3177,,,lab_anemia,lab_anemia,clinicalbert_type2_mean_pool,knn,0,128,auroc,0.6154409304366232
3178,,,lab_anemia,lab_anemia,clinicalbert_type2_mean_pool,knn,0,128,auprc,0.7592014002291398
3179,,,lab_anemia,lab_anemia,clinicalbert_type2_mean_pool,knn,0,128,brier,0.2555792122829221
3180,,,lab_anemia,lab_anemia,clinicalbert_type2_mean_pool,knn,1,128,auroc,0.6307821166947523
3181,,,lab_anemia,lab_anemia,clinicalbert_type2_mean_pool,knn,1,128,auprc,0.7650357285405852
3182,,,lab_anemia,lab_anemia,clinicalbert_type2_mean_pool,knn,1,128,brier,0.25289926286508635
3183,,,lab_anemia,lab_anemia,clinicalbert_type2_mean_pool,knn,2,128,auroc,0.638992441334025
3184,,,lab_anemia,lab_anemia,clinicalbert_type2_mean_pool,knn,2,128,auprc,0.7823819845718005
3185,,,lab_anemia,lab_anemia,clinicalbert_type2_mean_pool,knn,2,128,brier,0.25237818614704377
3186,,,lab_anemia,lab_anemia,clinicalbert_type2_mean_pool,knn,3,128,auroc,0.6223259663609407
3187,,,lab_anemia,lab_anemia,clinicalbert_type2_mean_pool,knn,3,128,auprc,0.7628967045758198
3188,,,lab_anemia,lab_anemia,clinicalbert_type2_mean_pool,knn,3,128,brier,0.26591251909902947
3189,,,lab_anemia,lab_anemia,clinicalbert_type2_mean_pool,knn,4,128,auroc,0.6194581652489023
3190,,,lab_anemia,lab_anemia,clinicalbert_type2_mean_pool,knn,4,128,auprc,0.7536942784323921
3191,,,lab_anemia,lab_anemia,clinicalbert_type2_mean_pool,knn,4,128,brier,0.2474187946006363
3192,,,lab_anemia,lab_anemia,clinicalbert_type2_mean_pool,rf,0,-1,auroc,0.7353920754010654
3193,,,lab_anemia,lab_anemia,clinicalbert_type2_mean_pool,rf,0,-1,auprc,0.844510784239175
3194,,,lab_anemia,lab_anemia,clinicalbert_type2_mean_pool,rf,0,-1,brier,0.1809610809860669
3195,,,lab_anemia,lab_anemia,clinicalbert_type2_mean_pool,rf,0,1,auroc,0.44197772332548835
3196,,,lab_anemia,lab_anemia,clinicalbert_type2_mean_pool,rf,0,1,auprc,0.6585519850735889
3197,,,lab_anemia,lab_anemia,clinicalbert_type2_mean_pool,rf,0,1,brier,0.25432046427650246
3198,,,lab_anemia,lab_anemia,clinicalbert_type2_mean_pool,rf,1,1,auroc,0.4947562541578991
3199,,,lab_anemia,lab_anemia,clinicalbert_type2_mean_pool,rf,1,1,auprc,0.6802367703025543
3200,,,lab_anemia,lab_anemia,clinicalbert_type2_mean_pool,rf,1,1,brier,0.22898405124236954
3201,,,lab_anemia,lab_anemia,clinicalbert_type2_mean_pool,rf,2,1,auroc,0.476372493144948
3202,,,lab_anemia,lab_anemia,clinicalbert_type2_mean_pool,rf,2,1,auprc,0.6730672898949719
3203,,,lab_anemia,lab_anemia,clinicalbert_type2_mean_pool,rf,2,1,brier,0.23682159745507697
3204,,,lab_anemia,lab_anemia,clinicalbert_type2_mean_pool,rf,3,1,auroc,0.5186788028882536
3205,,,lab_anemia,lab_anemia,clinicalbert_type2_mean_pool,rf,3,1,auprc,0.6989634853753627
3206,,,lab_anemia,lab_anemia,clinicalbert_type2_mean_pool,rf,3,1,brier,0.2289342274954862
3207,,,lab_anemia,lab_anemia,clinicalbert_type2_mean_pool,rf,4,1,auroc,0.4919506787087843
3208,,,lab_anemia,lab_anemia,clinicalbert_type2_mean_pool,rf,4,1,auprc,0.6828482843564806
3209,,,lab_anemia,lab_anemia,clinicalbert_type2_mean_pool,rf,4,1,brier,0.22154913592984268
3210,,,lab_anemia,lab_anemia,clinicalbert_type2_mean_pool,rf,0,2,auroc,0.4214292751458012
3211,,,lab_anemia,lab_anemia,clinicalbert_type2_mean_pool,rf,0,2,auprc,0.6475548974498643
3212,,,lab_anemia,lab_anemia,clinicalbert_type2_mean_pool,rf,0,2,brier,0.267182529447167
3213,,,lab_anemia,lab_anemia,clinicalbert_type2_mean_pool,rf,1,2,auroc,0.46991828762966226
3214,,,lab_anemia,lab_anemia,clinicalbert_type2_mean_pool,rf,1,2,auprc,0.6717327355232872
3215,,,lab_anemia,lab_anemia,clinicalbert_type2_mean_pool,rf,1,2,brier,0.25645602269796236
3216,,,lab_anemia,lab_anemia,clinicalbert_type2_mean_pool,rf,2,2,auroc,0.47181118310550346
3217,,,lab_anemia,lab_anemia,clinicalbert_type2_mean_pool,rf,2,2,auprc,0.6646107084122184
3218,,,lab_anemia,lab_anemia,clinicalbert_type2_mean_pool,rf,2,2,brier,0.2612856160261371
3219,,,lab_anemia,lab_anemia,clinicalbert_type2_mean_pool,rf,3,2,auroc,0.6024955580859415
3220,,,lab_anemia,lab_anemia,clinicalbert_type2_mean_pool,rf,3,2,auprc,0.7468974897837347
3221,,,lab_anemia,lab_anemia,clinicalbert_type2_mean_pool,rf,3,2,brier,0.21827310635370992
3222,,,lab_anemia,lab_anemia,clinicalbert_type2_mean_pool,rf,4,2,auroc,0.5793211171782742
3223,,,lab_anemia,lab_anemia,clinicalbert_type2_mean_pool,rf,4,2,auprc,0.7328939460520851
3224,,,lab_anemia,lab_anemia,clinicalbert_type2_mean_pool,rf,4,2,brier,0.21429967481538797
3225,,,lab_anemia,lab_anemia,clinicalbert_type2_mean_pool,rf,0,4,auroc,0.5279203814463818
3226,,,lab_anemia,lab_anemia,clinicalbert_type2_mean_pool,rf,0,4,auprc,0.712217725169024
3227,,,lab_anemia,lab_anemia,clinicalbert_type2_mean_pool,rf,0,4,brier,0.2823454561086751
3228,,,lab_anemia,lab_anemia,clinicalbert_type2_mean_pool,rf,1,4,auroc,0.5285531890187919
3229,,,lab_anemia,lab_anemia,clinicalbert_type2_mean_pool,rf,1,4,auprc,0.699534721128093
3230,,,lab_anemia,lab_anemia,clinicalbert_type2_mean_pool,rf,1,4,brier,0.2683543977302038
3231,,,lab_anemia,lab_anemia,clinicalbert_type2_mean_pool,rf,2,4,auroc,0.48083495395811365
3232,,,lab_anemia,lab_anemia,clinicalbert_type2_mean_pool,rf,2,4,auprc,0.6656066945926687
3233,,,lab_anemia,lab_anemia,clinicalbert_type2_mean_pool,rf,2,4,brier,0.2559496174017711
3234,,,lab_anemia,lab_anemia,clinicalbert_type2_mean_pool,rf,3,4,auroc,0.593910675651776
3235,,,lab_anemia,lab_anemia,clinicalbert_type2_mean_pool,rf,3,4,auprc,0.7383140836102414
3236,,,lab_anemia,lab_anemia,clinicalbert_type2_mean_pool,rf,3,4,brier,0.2673653168257244
3237,,,lab_anemia,lab_anemia,clinicalbert_type2_mean_pool,rf,4,4,auroc,0.6268895313222613
3238,,,lab_anemia,lab_anemia,clinicalbert_type2_mean_pool,rf,4,4,auprc,0.7688684342114669
3239,,,lab_anemia,lab_anemia,clinicalbert_type2_mean_pool,rf,4,4,brier,0.2174970358906753
3240,,,lab_anemia,lab_anemia,clinicalbert_type2_mean_pool,rf,0,8,auroc,0.555312574615179
3241,,,lab_anemia,lab_anemia,clinicalbert_type2_mean_pool,rf,0,8,auprc,0.7257873807489442
3242,,,lab_anemia,lab_anemia,clinicalbert_type2_mean_pool,rf,0,8,brier,0.2698585848164388
3243,,,lab_anemia,lab_anemia,clinicalbert_type2_mean_pool,rf,1,8,auroc,0.5944170899689754
3244,,,lab_anemia,lab_anemia,clinicalbert_type2_mean_pool,rf,1,8,auprc,0.7439816178950084
3245,,,lab_anemia,lab_anemia,clinicalbert_type2_mean_pool,rf,1,8,brier,0.22835449402458946
3246,,,lab_anemia,lab_anemia,clinicalbert_type2_mean_pool,rf,2,8,auroc,0.6389501618927971
3247,,,lab_anemia,lab_anemia,clinicalbert_type2_mean_pool,rf,2,8,auprc,0.7728360026772026
3248,,,lab_anemia,lab_anemia,clinicalbert_type2_mean_pool,rf,2,8,brier,0.24707905597111168
3249,,,lab_anemia,lab_anemia,clinicalbert_type2_mean_pool,rf,3,8,auroc,0.6123593320505913
3250,,,lab_anemia,lab_anemia,clinicalbert_type2_mean_pool,rf,3,8,auprc,0.7570255119157873
3251,,,lab_anemia,lab_anemia,clinicalbert_type2_mean_pool,rf,3,8,brier,0.22934120024073595
3252,,,lab_anemia,lab_anemia,clinicalbert_type2_mean_pool,rf,4,8,auroc,0.5213088232451489
3253,,,lab_anemia,lab_anemia,clinicalbert_type2_mean_pool,rf,4,8,auprc,0.6984454184038528
3254,,,lab_anemia,lab_anemia,clinicalbert_type2_mean_pool,rf,4,8,brier,0.23320316395838708
3255,,,lab_anemia,lab_anemia,clinicalbert_type2_mean_pool,rf,0,12,auroc,0.5981665565919009
3256,,,lab_anemia,lab_anemia,clinicalbert_type2_mean_pool,rf,0,12,auprc,0.7450059399348716
3257,,,lab_anemia,lab_anemia,clinicalbert_type2_mean_pool,rf,0,12,brier,0.26656413893904224
3258,,,lab_anemia,lab_anemia,clinicalbert_type2_mean_pool,rf,1,12,auroc,0.6022917641902036
3259,,,lab_anemia,lab_anemia,clinicalbert_type2_mean_pool,rf,1,12,auprc,0.7446413297684874
3260,,,lab_anemia,lab_anemia,clinicalbert_type2_mean_pool,rf,1,12,brier,0.2400280285444072
3261,,,lab_anemia,lab_anemia,clinicalbert_type2_mean_pool,rf,2,12,auroc,0.674697591106445
3262,,,lab_anemia,lab_anemia,clinicalbert_type2_mean_pool,rf,2,12,auprc,0.7948491700330135
3263,,,lab_anemia,lab_anemia,clinicalbert_type2_mean_pool,rf,2,12,brier,0.22479725561000774
3264,,,lab_anemia,lab_anemia,clinicalbert_type2_mean_pool,rf,3,12,auroc,0.6092362384243503
3265,,,lab_anemia,lab_anemia,clinicalbert_type2_mean_pool,rf,3,12,auprc,0.7552395560602991
3266,,,lab_anemia,lab_anemia,clinicalbert_type2_mean_pool,rf,3,12,brier,0.24907544493164815
3267,,,lab_anemia,lab_anemia,clinicalbert_type2_mean_pool,rf,4,12,auroc,0.599818077057931
3268,,,lab_anemia,lab_anemia,clinicalbert_type2_mean_pool,rf,4,12,auprc,0.7301213597944735
3269,,,lab_anemia,lab_anemia,clinicalbert_type2_mean_pool,rf,4,12,brier,0.23578243659186657
3270,,,lab_anemia,lab_anemia,clinicalbert_type2_mean_pool,rf,0,16,auroc,0.6054389885072587
3271,,,lab_anemia,lab_anemia,clinicalbert_type2_mean_pool,rf,0,16,auprc,0.7550493237362782
3272,,,lab_anemia,lab_anemia,clinicalbert_type2_mean_pool,rf,0,16,brier,0.2422551371335225
3273,,,lab_anemia,lab_anemia,clinicalbert_type2_mean_pool,rf,1,16,auroc,0.6375719437364661
3274,,,lab_anemia,lab_anemia,clinicalbert_type2_mean_pool,rf,1,16,auprc,0.767701575108146
3275,,,lab_anemia,lab_anemia,clinicalbert_type2_mean_pool,rf,1,16,brier,0.21732042671336546
3276,,,lab_anemia,lab_anemia,clinicalbert_type2_mean_pool,rf,2,16,auroc,0.6504218416768308
3277,,,lab_anemia,lab_anemia,clinicalbert_type2_mean_pool,rf,2,16,auprc,0.7741361295324006
3278,,,lab_anemia,lab_anemia,clinicalbert_type2_mean_pool,rf,2,16,brier,0.24741862264637607
3279,,,lab_anemia,lab_anemia,clinicalbert_type2_mean_pool,rf,3,16,auroc,0.6359240044550873
3280,,,lab_anemia,lab_anemia,clinicalbert_type2_mean_pool,rf,3,16,auprc,0.7703878341052414
3281,,,lab_anemia,lab_anemia,clinicalbert_type2_mean_pool,rf,3,16,brier,0.24218923566331357
3282,,,lab_anemia,lab_anemia,clinicalbert_type2_mean_pool,rf,4,16,auroc,0.6504508371655426
3283,,,lab_anemia,lab_anemia,clinicalbert_type2_mean_pool,rf,4,16,auprc,0.7736375481721994
3284,,,lab_anemia,lab_anemia,clinicalbert_type2_mean_pool,rf,4,16,brier,0.23621631845928978
3285,,,lab_anemia,lab_anemia,clinicalbert_type2_mean_pool,rf,0,24,auroc,0.6150115274110244
3286,,,lab_anemia,lab_anemia,clinicalbert_type2_mean_pool,rf,0,24,auprc,0.7692008705592694
3287,,,lab_anemia,lab_anemia,clinicalbert_type2_mean_pool,rf,0,24,brier,0.2511381075735118
3288,,,lab_anemia,lab_anemia,clinicalbert_type2_mean_pool,rf,1,24,auroc,0.6498666307952026
3289,,,lab_anemia,lab_anemia,clinicalbert_type2_mean_pool,rf,1,24,auprc,0.7816034808717081
3290,,,lab_anemia,lab_anemia,clinicalbert_type2_mean_pool,rf,1,24,brier,0.23827631974894678
3291,,,lab_anemia,lab_anemia,clinicalbert_type2_mean_pool,rf,2,24,auroc,0.6513131301596901
3292,,,lab_anemia,lab_anemia,clinicalbert_type2_mean_pool,rf,2,24,auprc,0.7747214135079595
3293,,,lab_anemia,lab_anemia,clinicalbert_type2_mean_pool,rf,2,24,brier,0.22084777749118734
3294,,,lab_anemia,lab_anemia,clinicalbert_type2_mean_pool,rf,3,24,auroc,0.6391779991166043
3295,,,lab_anemia,lab_anemia,clinicalbert_type2_mean_pool,rf,3,24,auprc,0.7655265734731069
3296,,,lab_anemia,lab_anemia,clinicalbert_type2_mean_pool,rf,3,24,brier,0.23431252686785314
3297,,,lab_anemia,lab_anemia,clinicalbert_type2_mean_pool,rf,4,24,auroc,0.6217872918023684
3298,,,lab_anemia,lab_anemia,clinicalbert_type2_mean_pool,rf,4,24,auprc,0.742121359792297
3299,,,lab_anemia,lab_anemia,clinicalbert_type2_mean_pool,rf,4,24,brier,0.2432591412215021
3300,,,lab_anemia,lab_anemia,clinicalbert_type2_mean_pool,rf,0,32,auroc,0.5684387486380527
3301,,,lab_anemia,lab_anemia,clinicalbert_type2_mean_pool,rf,0,32,auprc,0.7375112165563572
3302,,,lab_anemia,lab_anemia,clinicalbert_type2_mean_pool,rf,0,32,brier,0.2835959074886081
3303,,,lab_anemia,lab_anemia,clinicalbert_type2_mean_pool,rf,1,32,auroc,0.6686303750358824
3304,,,lab_anemia,lab_anemia,clinicalbert_type2_mean_pool,rf,1,32,auprc,0.7795376637015344
3305,,,lab_anemia,lab_anemia,clinicalbert_type2_mean_pool,rf,1,32,brier,0.2317840592830444
3306,,,lab_anemia,lab_anemia,clinicalbert_type2_mean_pool,rf,2,32,auroc,0.6430459220549588
3307,,,lab_anemia,lab_anemia,clinicalbert_type2_mean_pool,rf,2,32,auprc,0.7713856295509964
3308,,,lab_anemia,lab_anemia,clinicalbert_type2_mean_pool,rf,2,32,brier,0.24739936376923738
3309,,,lab_anemia,lab_anemia,clinicalbert_type2_mean_pool,rf,3,32,auroc,0.6352658286676238
3310,,,lab_anemia,lab_anemia,clinicalbert_type2_mean_pool,rf,3,32,auprc,0.76699353931672
3311,,,lab_anemia,lab_anemia,clinicalbert_type2_mean_pool,rf,3,32,brier,0.23208408563322158
3312,,,lab_anemia,lab_anemia,clinicalbert_type2_mean_pool,rf,4,32,auroc,0.6275348565314555
3313,,,lab_anemia,lab_anemia,clinicalbert_type2_mean_pool,rf,4,32,auprc,0.7446166993825142
3314,,,lab_anemia,lab_anemia,clinicalbert_type2_mean_pool,rf,4,32,brier,0.245958316567793
3315,,,lab_anemia,lab_anemia,clinicalbert_type2_mean_pool,rf,0,48,auroc,0.6005666258217172
3316,,,lab_anemia,lab_anemia,clinicalbert_type2_mean_pool,rf,0,48,auprc,0.7674828102273326
3317,,,lab_anemia,lab_anemia,clinicalbert_type2_mean_pool,rf,0,48,brier,0.25452550409425206
3318,,,lab_anemia,lab_anemia,clinicalbert_type2_mean_pool,rf,1,48,auroc,0.6195997850738894
3319,,,lab_anemia,lab_anemia,clinicalbert_type2_mean_pool,rf,1,48,auprc,0.7589347066795052
3320,,,lab_anemia,lab_anemia,clinicalbert_type2_mean_pool,rf,1,48,brier,0.2520292322242284
3321,,,lab_anemia,lab_anemia,clinicalbert_type2_mean_pool,rf,2,48,auroc,0.6510415365827368
3322,,,lab_anemia,lab_anemia,clinicalbert_type2_mean_pool,rf,2,48,auprc,0.7721899123141012
3323,,,lab_anemia,lab_anemia,clinicalbert_type2_mean_pool,rf,2,48,brier,0.23266008941621533
3324,,,lab_anemia,lab_anemia,clinicalbert_type2_mean_pool,rf,3,48,auroc,0.6409321935086179
3325,,,lab_anemia,lab_anemia,clinicalbert_type2_mean_pool,rf,3,48,auprc,0.7716022964907371
3326,,,lab_anemia,lab_anemia,clinicalbert_type2_mean_pool,rf,3,48,brier,0.23187578737602277
3327,,,lab_anemia,lab_anemia,clinicalbert_type2_mean_pool,rf,4,48,auroc,0.6610355752792049
3328,,,lab_anemia,lab_anemia,clinicalbert_type2_mean_pool,rf,4,48,auprc,0.7687375144654045
3329,,,lab_anemia,lab_anemia,clinicalbert_type2_mean_pool,rf,4,48,brier,0.23364753067329957
3330,,,lab_anemia,lab_anemia,clinicalbert_type2_mean_pool,rf,0,64,auroc,0.6130502434153083
3331,,,lab_anemia,lab_anemia,clinicalbert_type2_mean_pool,rf,0,64,auprc,0.7700596947668628
3332,,,lab_anemia,lab_anemia,clinicalbert_type2_mean_pool,rf,0,64,brier,0.2424375836896782
3333,,,lab_anemia,lab_anemia,clinicalbert_type2_mean_pool,rf,1,64,auroc,0.6333239605260722
3334,,,lab_anemia,lab_anemia,clinicalbert_type2_mean_pool,rf,1,64,auprc,0.764240732776045
3335,,,lab_anemia,lab_anemia,clinicalbert_type2_mean_pool,rf,1,64,brier,0.25841389390422154
3336,,,lab_anemia,lab_anemia,clinicalbert_type2_mean_pool,rf,2,64,auroc,0.670516080626596
3337,,,lab_anemia,lab_anemia,clinicalbert_type2_mean_pool,rf,2,64,auprc,0.7964260433929404
3338,,,lab_anemia,lab_anemia,clinicalbert_type2_mean_pool,rf,2,64,brier,0.2230977239592405
3339,,,lab_anemia,lab_anemia,clinicalbert_type2_mean_pool,rf,3,64,auroc,0.6461104159161438
3340,,,lab_anemia,lab_anemia,clinicalbert_type2_mean_pool,rf,3,64,auprc,0.7790173265816482
3341,,,lab_anemia,lab_anemia,clinicalbert_type2_mean_pool,rf,3,64,brier,0.23587221435373038
3342,,,lab_anemia,lab_anemia,clinicalbert_type2_mean_pool,rf,4,64,auroc,0.6548867644684571
3343,,,lab_anemia,lab_anemia,clinicalbert_type2_mean_pool,rf,4,64,auprc,0.7829316050618986
3344,,,lab_anemia,lab_anemia,clinicalbert_type2_mean_pool,rf,4,64,brier,0.2236478459538954
3345,,,lab_anemia,lab_anemia,clinicalbert_type2_mean_pool,rf,0,128,auroc,0.6923784273453922
3346,,,lab_anemia,lab_anemia,clinicalbert_type2_mean_pool,rf,0,128,auprc,0.8160596468239164
3347,,,lab_anemia,lab_anemia,clinicalbert_type2_mean_pool,rf,0,128,brier,0.2211342877015986
3348,,,lab_anemia,lab_anemia,clinicalbert_type2_mean_pool,rf,1,128,auroc,0.6809906446882179
3349,,,lab_anemia,lab_anemia,clinicalbert_type2_mean_pool,rf,1,128,auprc,0.7918114794619042
3350,,,lab_anemia,lab_anemia,clinicalbert_type2_mean_pool,rf,1,128,brier,0.22209827363068296
3351,,,lab_anemia,lab_anemia,clinicalbert_type2_mean_pool,rf,2,128,auroc,0.6872286762501074
3352,,,lab_anemia,lab_anemia,clinicalbert_type2_mean_pool,rf,2,128,auprc,0.8093153271645939
3353,,,lab_anemia,lab_anemia,clinicalbert_type2_mean_pool,rf,2,128,brier,0.22464985272448443
3354,,,lab_anemia,lab_anemia,clinicalbert_type2_mean_pool,rf,3,128,auroc,0.6902309066141097
3355,,,lab_anemia,lab_anemia,clinicalbert_type2_mean_pool,rf,3,128,auprc,0.8069025023612377
3356,,,lab_anemia,lab_anemia,clinicalbert_type2_mean_pool,rf,3,128,brier,0.21570008685363953
3357,,,lab_anemia,lab_anemia,clinicalbert_type2_mean_pool,rf,4,128,auroc,0.6602314142810848
3358,,,lab_anemia,lab_anemia,clinicalbert_type2_mean_pool,rf,4,128,auprc,0.7780105779437685
3359,,,lab_anemia,lab_anemia,clinicalbert_type2_mean_pool,rf,4,128,brier,0.23460309456326542
3360,,,lab_anemia,lab_anemia,clinicalbert_type2_clinicalbert_pool,lr_lbfgs,0,-1,auroc,0.7603394008250207
3361,,,lab_anemia,lab_anemia,clinicalbert_type2_clinicalbert_pool,lr_lbfgs,0,-1,auprc,0.8605961470560959
3362,,,lab_anemia,lab_anemia,clinicalbert_type2_clinicalbert_pool,lr_lbfgs,0,-1,brier,0.17331877166440351
3363,,,lab_anemia,lab_anemia,clinicalbert_type2_clinicalbert_pool,lr_lbfgs,0,1,auroc,0.5691235377316601
3364,,,lab_anemia,lab_anemia,clinicalbert_type2_clinicalbert_pool,lr_lbfgs,0,1,auprc,0.7339649063180427
3365,,,lab_anemia,lab_anemia,clinicalbert_type2_clinicalbert_pool,lr_lbfgs,0,1,brier,0.2499999290134212
3366,,,lab_anemia,lab_anemia,clinicalbert_type2_clinicalbert_pool,lr_lbfgs,1,1,auroc,0.5799573284582629
3367,,,lab_anemia,lab_anemia,clinicalbert_type2_clinicalbert_pool,lr_lbfgs,1,1,auprc,0.7494227354722279
3368,,,lab_anemia,lab_anemia,clinicalbert_type2_clinicalbert_pool,lr_lbfgs,1,1,brier,0.24999955339714341
3369,,,lab_anemia,lab_anemia,clinicalbert_type2_clinicalbert_pool,lr_lbfgs,2,1,auroc,0.4181802863007855
3370,,,lab_anemia,lab_anemia,clinicalbert_type2_clinicalbert_pool,lr_lbfgs,2,1,auprc,0.6279278485557482
3371,,,lab_anemia,lab_anemia,clinicalbert_type2_clinicalbert_pool,lr_lbfgs,2,1,brier,0.25000040263448015
3372,,,lab_anemia,lab_anemia,clinicalbert_type2_clinicalbert_pool,lr_lbfgs,3,1,auroc,0.6167126348335626
3373,,,lab_anemia,lab_anemia,clinicalbert_type2_clinicalbert_pool,lr_lbfgs,3,1,auprc,0.7574813552113879
3374,,,lab_anemia,lab_anemia,clinicalbert_type2_clinicalbert_pool,lr_lbfgs,3,1,brier,0.249998576286277
3375,,,lab_anemia,lab_anemia,clinicalbert_type2_clinicalbert_pool,lr_lbfgs,4,1,auroc,0.5744736129771235
3376,,,lab_anemia,lab_anemia,clinicalbert_type2_clinicalbert_pool,lr_lbfgs,4,1,auprc,0.7266803376817617
3377,,,lab_anemia,lab_anemia,clinicalbert_type2_clinicalbert_pool,lr_lbfgs,4,1,brier,0.2499983073380543
3378,,,lab_anemia,lab_anemia,clinicalbert_type2_clinicalbert_pool,lr_lbfgs,0,2,auroc,0.5278927177236103
3379,,,lab_anemia,lab_anemia,clinicalbert_type2_clinicalbert_pool,lr_lbfgs,0,2,auprc,0.7119197218982198
3380,,,lab_anemia,lab_anemia,clinicalbert_type2_clinicalbert_pool,lr_lbfgs,0,2,brier,0.24999971287473413
3381,,,lab_anemia,lab_anemia,clinicalbert_type2_clinicalbert_pool,lr_lbfgs,1,2,auroc,0.48181046563036106
3382,,,lab_anemia,lab_anemia,clinicalbert_type2_clinicalbert_pool,lr_lbfgs,1,2,auprc,0.6721160311654552
3383,,,lab_anemia,lab_anemia,clinicalbert_type2_clinicalbert_pool,lr_lbfgs,1,2,brier,0.27565102730434815
3384,,,lab_anemia,lab_anemia,clinicalbert_type2_clinicalbert_pool,lr_lbfgs,2,2,auroc,0.41523970307948177
3385,,,lab_anemia,lab_anemia,clinicalbert_type2_clinicalbert_pool,lr_lbfgs,2,2,auprc,0.6226487950941034
3386,,,lab_anemia,lab_anemia,clinicalbert_type2_clinicalbert_pool,lr_lbfgs,2,2,brier,0.250000401993393
3387,,,lab_anemia,lab_anemia,clinicalbert_type2_clinicalbert_pool,lr_lbfgs,3,2,auroc,0.6221705638591055
3388,,,lab_anemia,lab_anemia,clinicalbert_type2_clinicalbert_pool,lr_lbfgs,3,2,auprc,0.7721413480267358
3389,,,lab_anemia,lab_anemia,clinicalbert_type2_clinicalbert_pool,lr_lbfgs,3,2,brier,0.2721025621004632
3390,,,lab_anemia,lab_anemia,clinicalbert_type2_clinicalbert_pool,lr_lbfgs,4,2,auroc,0.5580598674191235
3391,,,lab_anemia,lab_anemia,clinicalbert_type2_clinicalbert_pool,lr_lbfgs,4,2,auprc,0.7194249725859373
3392,,,lab_anemia,lab_anemia,clinicalbert_type2_clinicalbert_pool,lr_lbfgs,4,2,brier,0.2190641772331254
3393,,,lab_anemia,lab_anemia,clinicalbert_type2_clinicalbert_pool,lr_lbfgs,0,4,auroc,0.6231668155846057
3394,,,lab_anemia,lab_anemia,clinicalbert_type2_clinicalbert_pool,lr_lbfgs,0,4,auprc,0.7609383830703108
3395,,,lab_anemia,lab_anemia,clinicalbert_type2_clinicalbert_pool,lr_lbfgs,0,4,brier,0.24999961088500633
3396,,,lab_anemia,lab_anemia,clinicalbert_type2_clinicalbert_pool,lr_lbfgs,1,4,auroc,0.5654709164950424
3397,,,lab_anemia,lab_anemia,clinicalbert_type2_clinicalbert_pool,lr_lbfgs,1,4,auprc,0.7202051900635565
3398,,,lab_anemia,lab_anemia,clinicalbert_type2_clinicalbert_pool,lr_lbfgs,1,4,brier,0.2919203447245027
3399,,,lab_anemia,lab_anemia,clinicalbert_type2_clinicalbert_pool,lr_lbfgs,2,4,auroc,0.4830172051639775
3400,,,lab_anemia,lab_anemia,clinicalbert_type2_clinicalbert_pool,lr_lbfgs,2,4,auprc,0.6560642068436268
3401,,,lab_anemia,lab_anemia,clinicalbert_type2_clinicalbert_pool,lr_lbfgs,2,4,brier,0.25000001457947174
3402,,,lab_anemia,lab_anemia,clinicalbert_type2_clinicalbert_pool,lr_lbfgs,3,4,auroc,0.6249932472725455
3403,,,lab_anemia,lab_anemia,clinicalbert_type2_clinicalbert_pool,lr_lbfgs,3,4,auprc,0.7633576438436243
3404,,,lab_anemia,lab_anemia,clinicalbert_type2_clinicalbert_pool,lr_lbfgs,3,4,brier,0.24999945946738789
3405,,,lab_anemia,lab_anemia,clinicalbert_type2_clinicalbert_pool,lr_lbfgs,4,4,auroc,0.6224568082371925
3406,,,lab_anemia,lab_anemia,clinicalbert_type2_clinicalbert_pool,lr_lbfgs,4,4,auprc,0.767526461732431
3407,,,lab_anemia,lab_anemia,clinicalbert_type2_clinicalbert_pool,lr_lbfgs,4,4,brier,0.22276008419305127
3408,,,lab_anemia,lab_anemia,clinicalbert_type2_clinicalbert_pool,lr_lbfgs,0,8,auroc,0.5779729256662045
3409,,,lab_anemia,lab_anemia,clinicalbert_type2_clinicalbert_pool,lr_lbfgs,0,8,auprc,0.7333984737709517
3410,,,lab_anemia,lab_anemia,clinicalbert_type2_clinicalbert_pool,lr_lbfgs,0,8,brier,0.24999915587306726
3411,,,lab_anemia,lab_anemia,clinicalbert_type2_clinicalbert_pool,lr_lbfgs,1,8,auroc,0.6275799508416025
3412,,,lab_anemia,lab_anemia,clinicalbert_type2_clinicalbert_pool,lr_lbfgs,1,8,auprc,0.7667785900760005
3413,,,lab_anemia,lab_anemia,clinicalbert_type2_clinicalbert_pool,lr_lbfgs,1,8,brier,0.3306310277400461
3414,,,lab_anemia,lab_anemia,clinicalbert_type2_clinicalbert_pool,lr_lbfgs,2,8,auroc,0.6271736218991298
3415,,,lab_anemia,lab_anemia,clinicalbert_type2_clinicalbert_pool,lr_lbfgs,2,8,auprc,0.7664484673342266
3416,,,lab_anemia,lab_anemia,clinicalbert_type2_clinicalbert_pool,lr_lbfgs,2,8,brier,0.23271272712057492
3417,,,lab_anemia,lab_anemia,clinicalbert_type2_clinicalbert_pool,lr_lbfgs,3,8,auroc,0.6544671274971214
3418,,,lab_anemia,lab_anemia,clinicalbert_type2_clinicalbert_pool,lr_lbfgs,3,8,auprc,0.7826034213750116
3419,,,lab_anemia,lab_anemia,clinicalbert_type2_clinicalbert_pool,lr_lbfgs,3,8,brier,0.23923796083114182
3420,,,lab_anemia,lab_anemia,clinicalbert_type2_clinicalbert_pool,lr_lbfgs,4,8,auroc,0.5753657613295207
3421,,,lab_anemia,lab_anemia,clinicalbert_type2_clinicalbert_pool,lr_lbfgs,4,8,auprc,0.7322196391661062
3422,,,lab_anemia,lab_anemia,clinicalbert_type2_clinicalbert_pool,lr_lbfgs,4,8,brier,0.24999867627027145
3423,,,lab_anemia,lab_anemia,clinicalbert_type2_clinicalbert_pool,lr_lbfgs,0,12,auroc,0.6369009270012724
3424,,,lab_anemia,lab_anemia,clinicalbert_type2_clinicalbert_pool,lr_lbfgs,0,12,auprc,0.7839921785056885
3425,,,lab_anemia,lab_anemia,clinicalbert_type2_clinicalbert_pool,lr_lbfgs,0,12,brier,0.35763255072901334
3426,,,lab_anemia,lab_anemia,clinicalbert_type2_clinicalbert_pool,lr_lbfgs,1,12,auroc,0.6486301225781861
3427,,,lab_anemia,lab_anemia,clinicalbert_type2_clinicalbert_pool,lr_lbfgs,1,12,auprc,0.7870172281785895
3428,,,lab_anemia,lab_anemia,clinicalbert_type2_clinicalbert_pool,lr_lbfgs,1,12,brier,0.21907217230643258
3429,,,lab_anemia,lab_anemia,clinicalbert_type2_clinicalbert_pool,lr_lbfgs,2,12,auroc,0.6616641901277485
3430,,,lab_anemia,lab_anemia,clinicalbert_type2_clinicalbert_pool,lr_lbfgs,2,12,auprc,0.7987329182806334
3431,,,lab_anemia,lab_anemia,clinicalbert_type2_clinicalbert_pool,lr_lbfgs,2,12,brier,0.3056086380900126
3432,,,lab_anemia,lab_anemia,clinicalbert_type2_clinicalbert_pool,lr_lbfgs,3,12,auroc,0.6594762059997019
3433,,,lab_anemia,lab_anemia,clinicalbert_type2_clinicalbert_pool,lr_lbfgs,3,12,auprc,0.785948910915409
3434,,,lab_anemia,lab_anemia,clinicalbert_type2_clinicalbert_pool,lr_lbfgs,3,12,brier,0.25651412681255603
3435,,,lab_anemia,lab_anemia,clinicalbert_type2_clinicalbert_pool,lr_lbfgs,4,12,auroc,0.6067105567008635
3436,,,lab_anemia,lab_anemia,clinicalbert_type2_clinicalbert_pool,lr_lbfgs,4,12,auprc,0.7555070193211383
3437,,,lab_anemia,lab_anemia,clinicalbert_type2_clinicalbert_pool,lr_lbfgs,4,12,brier,0.23954187692198692
3438,,,lab_anemia,lab_anemia,clinicalbert_type2_clinicalbert_pool,lr_lbfgs,0,16,auroc,0.6203057764866129
3439,,,lab_anemia,lab_anemia,clinicalbert_type2_clinicalbert_pool,lr_lbfgs,0,16,auprc,0.7699386628956661
3440,,,lab_anemia,lab_anemia,clinicalbert_type2_clinicalbert_pool,lr_lbfgs,0,16,brier,0.38551416280518735
3441,,,lab_anemia,lab_anemia,clinicalbert_type2_clinicalbert_pool,lr_lbfgs,1,16,auroc,0.6613784905630007
3442,,,lab_anemia,lab_anemia,clinicalbert_type2_clinicalbert_pool,lr_lbfgs,1,16,auprc,0.8053301668171694
3443,,,lab_anemia,lab_anemia,clinicalbert_type2_clinicalbert_pool,lr_lbfgs,1,16,brier,0.22227153754171391
3444,,,lab_anemia,lab_anemia,clinicalbert_type2_clinicalbert_pool,lr_lbfgs,2,16,auroc,0.6750198585150025
3445,,,lab_anemia,lab_anemia,clinicalbert_type2_clinicalbert_pool,lr_lbfgs,2,16,auprc,0.8057624777373764
3446,,,lab_anemia,lab_anemia,clinicalbert_type2_clinicalbert_pool,lr_lbfgs,2,16,brier,0.24999699771269504
3447,,,lab_anemia,lab_anemia,clinicalbert_type2_clinicalbert_pool,lr_lbfgs,3,16,auroc,0.6778290577982977
3448,,,lab_anemia,lab_anemia,clinicalbert_type2_clinicalbert_pool,lr_lbfgs,3,16,auprc,0.8017260033790543
3449,,,lab_anemia,lab_anemia,clinicalbert_type2_clinicalbert_pool,lr_lbfgs,3,16,brier,0.312072482830101
3450,,,lab_anemia,lab_anemia,clinicalbert_type2_clinicalbert_pool,lr_lbfgs,4,16,auroc,0.6256730188554256
3451,,,lab_anemia,lab_anemia,clinicalbert_type2_clinicalbert_pool,lr_lbfgs,4,16,auprc,0.7697810663118181
3452,,,lab_anemia,lab_anemia,clinicalbert_type2_clinicalbert_pool,lr_lbfgs,4,16,brier,0.24837660722768204
3453,,,lab_anemia,lab_anemia,clinicalbert_type2_clinicalbert_pool,lr_lbfgs,0,24,auroc,0.6433230600706923
3454,,,lab_anemia,lab_anemia,clinicalbert_type2_clinicalbert_pool,lr_lbfgs,0,24,auprc,0.7768375385534165
3455,,,lab_anemia,lab_anemia,clinicalbert_type2_clinicalbert_pool,lr_lbfgs,0,24,brier,0.24840449783863527
3456,,,lab_anemia,lab_anemia,clinicalbert_type2_clinicalbert_pool,lr_lbfgs,1,24,auroc,0.6845184878485645
3457,,,lab_anemia,lab_anemia,clinicalbert_type2_clinicalbert_pool,lr_lbfgs,1,24,auprc,0.8175659894459049
3458,,,lab_anemia,lab_anemia,clinicalbert_type2_clinicalbert_pool,lr_lbfgs,1,24,brier,0.219016011664617
3459,,,lab_anemia,lab_anemia,clinicalbert_type2_clinicalbert_pool,lr_lbfgs,2,24,auroc,0.6736814364966741
3460,,,lab_anemia,lab_anemia,clinicalbert_type2_clinicalbert_pool,lr_lbfgs,2,24,auprc,0.8042850510405309
3461,,,lab_anemia,lab_anemia,clinicalbert_type2_clinicalbert_pool,lr_lbfgs,2,24,brier,0.21697085271209499
3462,,,lab_anemia,lab_anemia,clinicalbert_type2_clinicalbert_pool,lr_lbfgs,3,24,auroc,0.6731323368798251
3463,,,lab_anemia,lab_anemia,clinicalbert_type2_clinicalbert_pool,lr_lbfgs,3,24,auprc,0.7927144349136644
3464,,,lab_anemia,lab_anemia,clinicalbert_type2_clinicalbert_pool,lr_lbfgs,3,24,brier,0.3425449064072193
3465,,,lab_anemia,lab_anemia,clinicalbert_type2_clinicalbert_pool,lr_lbfgs,4,24,auroc,0.6352513684135799
3466,,,lab_anemia,lab_anemia,clinicalbert_type2_clinicalbert_pool,lr_lbfgs,4,24,auprc,0.7760998851342574
3467,,,lab_anemia,lab_anemia,clinicalbert_type2_clinicalbert_pool,lr_lbfgs,4,24,brier,0.25895720407992695
3468,,,lab_anemia,lab_anemia,clinicalbert_type2_clinicalbert_pool,lr_lbfgs,0,32,auroc,0.605051706706893
3469,,,lab_anemia,lab_anemia,clinicalbert_type2_clinicalbert_pool,lr_lbfgs,0,32,auprc,0.7655771363378207
3470,,,lab_anemia,lab_anemia,clinicalbert_type2_clinicalbert_pool,lr_lbfgs,0,32,brier,0.3812768223114609
3471,,,lab_anemia,lab_anemia,clinicalbert_type2_clinicalbert_pool,lr_lbfgs,1,32,auroc,0.7008134696017889
3472,,,lab_anemia,lab_anemia,clinicalbert_type2_clinicalbert_pool,lr_lbfgs,1,32,auprc,0.8253548657808916
3473,,,lab_anemia,lab_anemia,clinicalbert_type2_clinicalbert_pool,lr_lbfgs,1,32,brier,0.218186209327627
3474,,,lab_anemia,lab_anemia,clinicalbert_type2_clinicalbert_pool,lr_lbfgs,2,32,auroc,0.6702267696097891
3475,,,lab_anemia,lab_anemia,clinicalbert_type2_clinicalbert_pool,lr_lbfgs,2,32,auprc,0.8043016200578258
3476,,,lab_anemia,lab_anemia,clinicalbert_type2_clinicalbert_pool,lr_lbfgs,2,32,brier,0.2361547735657021
3477,,,lab_anemia,lab_anemia,clinicalbert_type2_clinicalbert_pool,lr_lbfgs,3,32,auroc,0.6727425745278164
3478,,,lab_anemia,lab_anemia,clinicalbert_type2_clinicalbert_pool,lr_lbfgs,3,32,auprc,0.8015891587739641
3479,,,lab_anemia,lab_anemia,clinicalbert_type2_clinicalbert_pool,lr_lbfgs,3,32,brier,0.21712224513662773
3480,,,lab_anemia,lab_anemia,clinicalbert_type2_clinicalbert_pool,lr_lbfgs,4,32,auroc,0.6486744890947562
3481,,,lab_anemia,lab_anemia,clinicalbert_type2_clinicalbert_pool,lr_lbfgs,4,32,auprc,0.7787407639131458
3482,,,lab_anemia,lab_anemia,clinicalbert_type2_clinicalbert_pool,lr_lbfgs,4,32,brier,0.23746297178617115
3483,,,lab_anemia,lab_anemia,clinicalbert_type2_clinicalbert_pool,lr_lbfgs,0,48,auroc,0.5871950856185857
3484,,,lab_anemia,lab_anemia,clinicalbert_type2_clinicalbert_pool,lr_lbfgs,0,48,auprc,0.7460611024471889
3485,,,lab_anemia,lab_anemia,clinicalbert_type2_clinicalbert_pool,lr_lbfgs,0,48,brier,0.4318011222913608
3486,,,lab_anemia,lab_anemia,clinicalbert_type2_clinicalbert_pool,lr_lbfgs,1,48,auroc,0.6448929851086418
3487,,,lab_anemia,lab_anemia,clinicalbert_type2_clinicalbert_pool,lr_lbfgs,1,48,auprc,0.7922806597179093
3488,,,lab_anemia,lab_anemia,clinicalbert_type2_clinicalbert_pool,lr_lbfgs,1,48,brier,0.23638689435646298
3489,,,lab_anemia,lab_anemia,clinicalbert_type2_clinicalbert_pool,lr_lbfgs,2,48,auroc,0.6931738603237554
3490,,,lab_anemia,lab_anemia,clinicalbert_type2_clinicalbert_pool,lr_lbfgs,2,48,auprc,0.8194434155350608
3491,,,lab_anemia,lab_anemia,clinicalbert_type2_clinicalbert_pool,lr_lbfgs,2,48,brier,0.21640922821182246
3492,,,lab_anemia,lab_anemia,clinicalbert_type2_clinicalbert_pool,lr_lbfgs,3,48,auroc,0.6619537680480596
3493,,,lab_anemia,lab_anemia,clinicalbert_type2_clinicalbert_pool,lr_lbfgs,3,48,auprc,0.7879345338551041
3494,,,lab_anemia,lab_anemia,clinicalbert_type2_clinicalbert_pool,lr_lbfgs,3,48,brier,0.22889836534474162
3495,,,lab_anemia,lab_anemia,clinicalbert_type2_clinicalbert_pool,lr_lbfgs,4,48,auroc,0.6853238898104015
3496,,,lab_anemia,lab_anemia,clinicalbert_type2_clinicalbert_pool,lr_lbfgs,4,48,auprc,0.8132354127139823
3497,,,lab_anemia,lab_anemia,clinicalbert_type2_clinicalbert_pool,lr_lbfgs,4,48,brier,0.22490350124994438
3498,,,lab_anemia,lab_anemia,clinicalbert_type2_clinicalbert_pool,lr_lbfgs,0,64,auroc,0.661990394362998
3499,,,lab_anemia,lab_anemia,clinicalbert_type2_clinicalbert_pool,lr_lbfgs,0,64,auprc,0.7931419983243245
3500,,,lab_anemia,lab_anemia,clinicalbert_type2_clinicalbert_pool,lr_lbfgs,0,64,brier,0.24973634698325747
3501,,,lab_anemia,lab_anemia,clinicalbert_type2_clinicalbert_pool,lr_lbfgs,1,64,auroc,0.7019681863404702
3502,,,lab_anemia,lab_anemia,clinicalbert_type2_clinicalbert_pool,lr_lbfgs,1,64,auprc,0.8253018138155065
3503,,,lab_anemia,lab_anemia,clinicalbert_type2_clinicalbert_pool,lr_lbfgs,1,64,brier,0.21461158470892727
3504,,,lab_anemia,lab_anemia,clinicalbert_type2_clinicalbert_pool,lr_lbfgs,2,64,auroc,0.6934379021824796
3505,,,lab_anemia,lab_anemia,clinicalbert_type2_clinicalbert_pool,lr_lbfgs,2,64,auprc,0.8195662209987038
3506,,,lab_anemia,lab_anemia,clinicalbert_type2_clinicalbert_pool,lr_lbfgs,2,64,brier,0.22072344627081222
3507,,,lab_anemia,lab_anemia,clinicalbert_type2_clinicalbert_pool,lr_lbfgs,3,64,auroc,0.6815914204006043
3508,,,lab_anemia,lab_anemia,clinicalbert_type2_clinicalbert_pool,lr_lbfgs,3,64,auprc,0.8090337037125649
3509,,,lab_anemia,lab_anemia,clinicalbert_type2_clinicalbert_pool,lr_lbfgs,3,64,brier,0.22204555233101989
3510,,,lab_anemia,lab_anemia,clinicalbert_type2_clinicalbert_pool,lr_lbfgs,4,64,auroc,0.673753112469766
3511,,,lab_anemia,lab_anemia,clinicalbert_type2_clinicalbert_pool,lr_lbfgs,4,64,auprc,0.8027688761784744
3512,,,lab_anemia,lab_anemia,clinicalbert_type2_clinicalbert_pool,lr_lbfgs,4,64,brier,0.23503193238728037
3513,,,lab_anemia,lab_anemia,clinicalbert_type2_clinicalbert_pool,lr_lbfgs,0,128,auroc,0.7098221961769651
3514,,,lab_anemia,lab_anemia,clinicalbert_type2_clinicalbert_pool,lr_lbfgs,0,128,auprc,0.8326148866448746
3515,,,lab_anemia,lab_anemia,clinicalbert_type2_clinicalbert_pool,lr_lbfgs,0,128,brier,0.21818111193749332
3516,,,lab_anemia,lab_anemia,clinicalbert_type2_clinicalbert_pool,lr_lbfgs,1,128,auroc,0.7081888320282004
3517,,,lab_anemia,lab_anemia,clinicalbert_type2_clinicalbert_pool,lr_lbfgs,1,128,auprc,0.8301526181658919
3518,,,lab_anemia,lab_anemia,clinicalbert_type2_clinicalbert_pool,lr_lbfgs,1,128,brier,0.21552585007814742
3519,,,lab_anemia,lab_anemia,clinicalbert_type2_clinicalbert_pool,lr_lbfgs,2,128,auroc,0.6976530349370497
3520,,,lab_anemia,lab_anemia,clinicalbert_type2_clinicalbert_pool,lr_lbfgs,2,128,auprc,0.8240139507298477
3521,,,lab_anemia,lab_anemia,clinicalbert_type2_clinicalbert_pool,lr_lbfgs,2,128,brier,0.2169412425820826
3522,,,lab_anemia,lab_anemia,clinicalbert_type2_clinicalbert_pool,lr_lbfgs,3,128,auroc,0.7062996738893186
3523,,,lab_anemia,lab_anemia,clinicalbert_type2_clinicalbert_pool,lr_lbfgs,3,128,auprc,0.8255472395970086
3524,,,lab_anemia,lab_anemia,clinicalbert_type2_clinicalbert_pool,lr_lbfgs,3,128,brier,0.215094545886328
3525,,,lab_anemia,lab_anemia,clinicalbert_type2_clinicalbert_pool,lr_lbfgs,4,128,auroc,0.7067141089938983
3526,,,lab_anemia,lab_anemia,clinicalbert_type2_clinicalbert_pool,lr_lbfgs,4,128,auprc,0.8266587387956086
3527,,,lab_anemia,lab_anemia,clinicalbert_type2_clinicalbert_pool,lr_lbfgs,4,128,brier,0.2228115782004055
3528,,,lab_anemia,lab_anemia,clinicalbert_type2_clinicalbert_pool,knn,0,-1,auroc,0.6287073464295362
3529,,,lab_anemia,lab_anemia,clinicalbert_type2_clinicalbert_pool,knn,0,-1,auprc,0.7625273835043047
3530,,,lab_anemia,lab_anemia,clinicalbert_type2_clinicalbert_pool,knn,0,-1,brier,0.2831671624999825
3531,,,lab_anemia,lab_anemia,clinicalbert_type2_clinicalbert_pool,knn,0,1,auroc,0.5337892992193966
3532,,,lab_anemia,lab_anemia,clinicalbert_type2_clinicalbert_pool,knn,0,1,auprc,0.7030819108589083
3533,,,lab_anemia,lab_anemia,clinicalbert_type2_clinicalbert_pool,knn,0,1,brier,0.5667784369357751
3534,,,lab_anemia,lab_anemia,clinicalbert_type2_clinicalbert_pool,knn,1,1,auroc,0.5513837674103804
3535,,,lab_anemia,lab_anemia,clinicalbert_type2_clinicalbert_pool,knn,1,1,auprc,0.7115704481642211
3536,,,lab_anemia,lab_anemia,clinicalbert_type2_clinicalbert_pool,knn,1,1,brier,0.5213137305476743
3537,,,lab_anemia,lab_anemia,clinicalbert_type2_clinicalbert_pool,knn,2,1,auroc,0.4503274864727044
3538,,,lab_anemia,lab_anemia,clinicalbert_type2_clinicalbert_pool,knn,2,1,auprc,0.6671499984274503
3539,,,lab_anemia,lab_anemia,clinicalbert_type2_clinicalbert_pool,knn,2,1,brier,0.5229301005932422
3540,,,lab_anemia,lab_anemia,clinicalbert_type2_clinicalbert_pool,knn,3,1,auroc,0.5884434669141807
3541,,,lab_anemia,lab_anemia,clinicalbert_type2_clinicalbert_pool,knn,3,1,auprc,0.7280696260080214
3542,,,lab_anemia,lab_anemia,clinicalbert_type2_clinicalbert_pool,knn,3,1,brier,0.32506233341931046
3543,,,lab_anemia,lab_anemia,clinicalbert_type2_clinicalbert_pool,knn,4,1,auroc,0.5533695535605512
3544,,,lab_anemia,lab_anemia,clinicalbert_type2_clinicalbert_pool,knn,4,1,auprc,0.7111648741018154
3545,,,lab_anemia,lab_anemia,clinicalbert_type2_clinicalbert_pool,knn,4,1,brier,0.3308399965609148
3546,,,lab_anemia,lab_anemia,clinicalbert_type2_clinicalbert_pool,knn,0,2,auroc,0.543230907508374
3547,,,lab_anemia,lab_anemia,clinicalbert_type2_clinicalbert_pool,knn,0,2,auprc,0.7077653326139951
3548,,,lab_anemia,lab_anemia,clinicalbert_type2_clinicalbert_pool,knn,0,2,brier,0.29448886596165424
3549,,,lab_anemia,lab_anemia,clinicalbert_type2_clinicalbert_pool,knn,1,2,auroc,0.4648351055703105
3550,,,lab_anemia,lab_anemia,clinicalbert_type2_clinicalbert_pool,knn,1,2,auprc,0.6728797267800068
3551,,,lab_anemia,lab_anemia,clinicalbert_type2_clinicalbert_pool,knn,1,2,brier,0.5380276846358869
3552,,,lab_anemia,lab_anemia,clinicalbert_type2_clinicalbert_pool,knn,2,2,auroc,0.44015958215568474
3553,,,lab_anemia,lab_anemia,clinicalbert_type2_clinicalbert_pool,knn,2,2,auprc,0.645755434546256
3554,,,lab_anemia,lab_anemia,clinicalbert_type2_clinicalbert_pool,knn,2,2,brier,0.2855897581534398
3555,,,lab_anemia,lab_anemia,clinicalbert_type2_clinicalbert_pool,knn,3,2,auroc,0.56515329857305
3556,,,lab_anemia,lab_anemia,clinicalbert_type2_clinicalbert_pool,knn,3,2,auprc,0.7168324302631334
3557,,,lab_anemia,lab_anemia,clinicalbert_type2_clinicalbert_pool,knn,3,2,brier,0.35116499011263
3558,,,lab_anemia,lab_anemia,clinicalbert_type2_clinicalbert_pool,knn,4,2,auroc,0.5288639045960302
3559,,,lab_anemia,lab_anemia,clinicalbert_type2_clinicalbert_pool,knn,4,2,auprc,0.6999556774984225
3560,,,lab_anemia,lab_anemia,clinicalbert_type2_clinicalbert_pool,knn,4,2,brier,0.32384145817212623
3561,,,lab_anemia,lab_anemia,clinicalbert_type2_clinicalbert_pool,knn,0,4,auroc,0.6014043313623518
3562,,,lab_anemia,lab_anemia,clinicalbert_type2_clinicalbert_pool,knn,0,4,auprc,0.7383473581435984
3563,,,lab_anemia,lab_anemia,clinicalbert_type2_clinicalbert_pool,knn,0,4,brier,0.28209509070587235
3564,,,lab_anemia,lab_anemia,clinicalbert_type2_clinicalbert_pool,knn,1,4,auroc,0.5178847670259156
3565,,,lab_anemia,lab_anemia,clinicalbert_type2_clinicalbert_pool,knn,1,4,auprc,0.6955994830367445
3566,,,lab_anemia,lab_anemia,clinicalbert_type2_clinicalbert_pool,knn,1,4,brier,0.2940112152389687
3567,,,lab_anemia,lab_anemia,clinicalbert_type2_clinicalbert_pool,knn,2,4,auroc,0.49965520263375973
3568,,,lab_anemia,lab_anemia,clinicalbert_type2_clinicalbert_pool,knn,2,4,auprc,0.6871530190235705
3569,,,lab_anemia,lab_anemia,clinicalbert_type2_clinicalbert_pool,knn,2,4,brier,0.43631673974722723
3570,,,lab_anemia,lab_anemia,clinicalbert_type2_clinicalbert_pool,knn,3,4,auroc,0.582059915846976
3571,,,lab_anemia,lab_anemia,clinicalbert_type2_clinicalbert_pool,knn,3,4,auprc,0.731161737534693
3572,,,lab_anemia,lab_anemia,clinicalbert_type2_clinicalbert_pool,knn,3,4,brier,0.2763133006620239
3573,,,lab_anemia,lab_anemia,clinicalbert_type2_clinicalbert_pool,knn,4,4,auroc,0.611164950561973
3574,,,lab_anemia,lab_anemia,clinicalbert_type2_clinicalbert_pool,knn,4,4,auprc,0.7501917152448297
3575,,,lab_anemia,lab_anemia,clinicalbert_type2_clinicalbert_pool,knn,4,4,brier,0.21281126200878414
3576,,,lab_anemia,lab_anemia,clinicalbert_type2_clinicalbert_pool,knn,0,8,auroc,0.5530681431475035
3577,,,lab_anemia,lab_anemia,clinicalbert_type2_clinicalbert_pool,knn,0,8,auprc,0.7174857337881078
3578,,,lab_anemia,lab_anemia,clinicalbert_type2_clinicalbert_pool,knn,0,8,brier,0.3297356680900658
3579,,,lab_anemia,lab_anemia,clinicalbert_type2_clinicalbert_pool,knn,1,8,auroc,0.5982542729152996
3580,,,lab_anemia,lab_anemia,clinicalbert_type2_clinicalbert_pool,knn,1,8,auprc,0.7370737279779755
3581,,,lab_anemia,lab_anemia,clinicalbert_type2_clinicalbert_pool,knn,1,8,brier,0.2464429350681608
3582,,,lab_anemia,lab_anemia,clinicalbert_type2_clinicalbert_pool,knn,2,8,auroc,0.6091647591894085
3583,,,lab_anemia,lab_anemia,clinicalbert_type2_clinicalbert_pool,knn,2,8,auprc,0.7647964195653929
3584,,,lab_anemia,lab_anemia,clinicalbert_type2_clinicalbert_pool,knn,2,8,brier,0.21698301561687472
3585,,,lab_anemia,lab_anemia,clinicalbert_type2_clinicalbert_pool,knn,3,8,auroc,0.609671422524826
3586,,,lab_anemia,lab_anemia,clinicalbert_type2_clinicalbert_pool,knn,3,8,auprc,0.7463721301599253
3587,,,lab_anemia,lab_anemia,clinicalbert_type2_clinicalbert_pool,knn,3,8,brier,0.26218622646376066
3588,,,lab_anemia,lab_anemia,clinicalbert_type2_clinicalbert_pool,knn,4,8,auroc,0.5528507323577644
3589,,,lab_anemia,lab_anemia,clinicalbert_type2_clinicalbert_pool,knn,4,8,auprc,0.711048248893748
3590,,,lab_anemia,lab_anemia,clinicalbert_type2_clinicalbert_pool,knn,4,8,brier,0.3687559109276932
3591,,,lab_anemia,lab_anemia,clinicalbert_type2_clinicalbert_pool,knn,0,12,auroc,0.5757094284832404
3592,,,lab_anemia,lab_anemia,clinicalbert_type2_clinicalbert_pool,knn,0,12,auprc,0.7327805583889466
3593,,,lab_anemia,lab_anemia,clinicalbert_type2_clinicalbert_pool,knn,0,12,brier,0.3339389944496986
3594,,,lab_anemia,lab_anemia,clinicalbert_type2_clinicalbert_pool,knn,1,12,auroc,0.5996043575161437
3595,,,lab_anemia,lab_anemia,clinicalbert_type2_clinicalbert_pool,knn,1,12,auprc,0.7370300528448883
3596,,,lab_anemia,lab_anemia,clinicalbert_type2_clinicalbert_pool,knn,1,12,brier,0.21301212277534184
3597,,,lab_anemia,lab_anemia,clinicalbert_type2_clinicalbert_pool,knn,2,12,auroc,0.6416643015668406
3598,,,lab_anemia,lab_anemia,clinicalbert_type2_clinicalbert_pool,knn,2,12,auprc,0.774092312696832
3599,,,lab_anemia,lab_anemia,clinicalbert_type2_clinicalbert_pool,knn,2,12,brier,0.25776117128594905
3600,,,lab_anemia,lab_anemia,clinicalbert_type2_clinicalbert_pool,knn,3,12,auroc,0.6036798185661517
3601,,,lab_anemia,lab_anemia,clinicalbert_type2_clinicalbert_pool,knn,3,12,auprc,0.736389704290942
3602,,,lab_anemia,lab_anemia,clinicalbert_type2_clinicalbert_pool,knn,3,12,brier,0.3588513455420858
3603,,,lab_anemia,lab_anemia,clinicalbert_type2_clinicalbert_pool,knn,4,12,auroc,0.6131281558501843
3604,,,lab_anemia,lab_anemia,clinicalbert_type2_clinicalbert_pool,knn,4,12,auprc,0.7461721047163762
3605,,,lab_anemia,lab_anemia,clinicalbert_type2_clinicalbert_pool,knn,4,12,brier,0.22105201616370054
3606,,,lab_anemia,lab_anemia,clinicalbert_type2_clinicalbert_pool,knn,0,16,auroc,0.5841211992304648
3607,,,lab_anemia,lab_anemia,clinicalbert_type2_clinicalbert_pool,knn,0,16,auprc,0.7368981089482405
3608,,,lab_anemia,lab_anemia,clinicalbert_type2_clinicalbert_pool,knn,0,16,brier,0.24857707849711982
3609,,,lab_anemia,lab_anemia,clinicalbert_type2_clinicalbert_pool,knn,1,16,auroc,0.5710828061931794
3610,,,lab_anemia,lab_anemia,clinicalbert_type2_clinicalbert_pool,knn,1,16,auprc,0.7269545138865675
3611,,,lab_anemia,lab_anemia,clinicalbert_type2_clinicalbert_pool,knn,1,16,brier,0.25254922190697277
3612,,,lab_anemia,lab_anemia,clinicalbert_type2_clinicalbert_pool,knn,2,16,auroc,0.6227972450330325
3613,,,lab_anemia,lab_anemia,clinicalbert_type2_clinicalbert_pool,knn,2,16,auprc,0.7500559112803284
3614,,,lab_anemia,lab_anemia,clinicalbert_type2_clinicalbert_pool,knn,2,16,brier,0.24438712635772225
3615,,,lab_anemia,lab_anemia,clinicalbert_type2_clinicalbert_pool,knn,3,16,auroc,0.5772565146983691
3616,,,lab_anemia,lab_anemia,clinicalbert_type2_clinicalbert_pool,knn,3,16,auprc,0.7290119008362226
3617,,,lab_anemia,lab_anemia,clinicalbert_type2_clinicalbert_pool,knn,3,16,brier,0.2542573008912963
3618,,,lab_anemia,lab_anemia,clinicalbert_type2_clinicalbert_pool,knn,4,16,auroc,0.6161546180256584
3619,,,lab_anemia,lab_anemia,clinicalbert_type2_clinicalbert_pool,knn,4,16,auprc,0.7486670354076456
3620,,,lab_anemia,lab_anemia,clinicalbert_type2_clinicalbert_pool,knn,4,16,brier,0.22428819534003963
3621,,,lab_anemia,lab_anemia,clinicalbert_type2_clinicalbert_pool,knn,0,24,auroc,0.5673016000658728
3622,,,lab_anemia,lab_anemia,clinicalbert_type2_clinicalbert_pool,knn,0,24,auprc,0.7335988462191331
3623,,,lab_anemia,lab_anemia,clinicalbert_type2_clinicalbert_pool,knn,0,24,brier,0.2855995185280716
3624,,,lab_anemia,lab_anemia,clinicalbert_type2_clinicalbert_pool,knn,1,24,auroc,0.6186921817703669
3625,,,lab_anemia,lab_anemia,clinicalbert_type2_clinicalbert_pool,knn,1,24,auprc,0.753301872506009
3626,,,lab_anemia,lab_anemia,clinicalbert_type2_clinicalbert_pool,knn,1,24,brier,0.22538457570286308
3627,,,lab_anemia,lab_anemia,clinicalbert_type2_clinicalbert_pool,knn,2,24,auroc,0.606095267078574
3628,,,lab_anemia,lab_anemia,clinicalbert_type2_clinicalbert_pool,knn,2,24,auprc,0.7441453196037977
3629,,,lab_anemia,lab_anemia,clinicalbert_type2_clinicalbert_pool,knn,2,24,brier,0.26246479236523085
3630,,,lab_anemia,lab_anemia,clinicalbert_type2_clinicalbert_pool,knn,3,24,auroc,0.5841285060578496
3631,,,lab_anemia,lab_anemia,clinicalbert_type2_clinicalbert_pool,knn,3,24,auprc,0.7314509982851337
3632,,,lab_anemia,lab_anemia,clinicalbert_type2_clinicalbert_pool,knn,3,24,brier,0.24566898804917894
3633,,,lab_anemia,lab_anemia,clinicalbert_type2_clinicalbert_pool,knn,4,24,auroc,0.6033895190433243
3634,,,lab_anemia,lab_anemia,clinicalbert_type2_clinicalbert_pool,knn,4,24,auprc,0.7414483523955929
3635,,,lab_anemia,lab_anemia,clinicalbert_type2_clinicalbert_pool,knn,4,24,brier,0.22829954432121063
3636,,,lab_anemia,lab_anemia,clinicalbert_type2_clinicalbert_pool,knn,0,32,auroc,0.565519615378292
3637,,,lab_anemia,lab_anemia,clinicalbert_type2_clinicalbert_pool,knn,0,32,auprc,0.7241847645846371
3638,,,lab_anemia,lab_anemia,clinicalbert_type2_clinicalbert_pool,knn,0,32,brier,0.2812904211924073
3639,,,lab_anemia,lab_anemia,clinicalbert_type2_clinicalbert_pool,knn,1,32,auroc,0.6028536490352367
3640,,,lab_anemia,lab_anemia,clinicalbert_type2_clinicalbert_pool,knn,1,32,auprc,0.7495357207377562
3641,,,lab_anemia,lab_anemia,clinicalbert_type2_clinicalbert_pool,knn,1,32,brier,0.2440528312021699
3642,,,lab_anemia,lab_anemia,clinicalbert_type2_clinicalbert_pool,knn,2,32,auroc,0.5950632757356029
3643,,,lab_anemia,lab_anemia,clinicalbert_type2_clinicalbert_pool,knn,2,32,auprc,0.7449739307203529
3644,,,lab_anemia,lab_anemia,clinicalbert_type2_clinicalbert_pool,knn,2,32,brier,0.2961515590239164
3645,,,lab_anemia,lab_anemia,clinicalbert_type2_clinicalbert_pool,knn,3,32,auroc,0.6475162441393871
3646,,,lab_anemia,lab_anemia,clinicalbert_type2_clinicalbert_pool,knn,3,32,auprc,0.773596414645993
3647,,,lab_anemia,lab_anemia,clinicalbert_type2_clinicalbert_pool,knn,3,32,brier,0.23268680228334607
3648,,,lab_anemia,lab_anemia,clinicalbert_type2_clinicalbert_pool,knn,4,32,auroc,0.6067564592883761
3649,,,lab_anemia,lab_anemia,clinicalbert_type2_clinicalbert_pool,knn,4,32,auprc,0.7424748970383217
3650,,,lab_anemia,lab_anemia,clinicalbert_type2_clinicalbert_pool,knn,4,32,brier,0.23593981600894165
3651,,,lab_anemia,lab_anemia,clinicalbert_type2_clinicalbert_pool,knn,0,48,auroc,0.5987414447280333
3652,,,lab_anemia,lab_anemia,clinicalbert_type2_clinicalbert_pool,knn,0,48,auprc,0.7551149321107228
3653,,,lab_anemia,lab_anemia,clinicalbert_type2_clinicalbert_pool,knn,0,48,brier,0.239701130535507
3654,,,lab_anemia,lab_anemia,clinicalbert_type2_clinicalbert_pool,knn,1,48,auroc,0.5927786154435735
3655,,,lab_anemia,lab_anemia,clinicalbert_type2_clinicalbert_pool,knn,1,48,auprc,0.73439401685758
3656,,,lab_anemia,lab_anemia,clinicalbert_type2_clinicalbert_pool,knn,1,48,brier,0.24381463330754022
3657,,,lab_anemia,lab_anemia,clinicalbert_type2_clinicalbert_pool,knn,2,48,auroc,0.62665391331098
3658,,,lab_anemia,lab_anemia,clinicalbert_type2_clinicalbert_pool,knn,2,48,auprc,0.7560852414836684
3659,,,lab_anemia,lab_anemia,clinicalbert_type2_clinicalbert_pool,knn,2,48,brier,0.2477186828303672
3660,,,lab_anemia,lab_anemia,clinicalbert_type2_clinicalbert_pool,knn,3,48,auroc,0.6117194969364225
3661,,,lab_anemia,lab_anemia,clinicalbert_type2_clinicalbert_pool,knn,3,48,auprc,0.7417237088003054
3662,,,lab_anemia,lab_anemia,clinicalbert_type2_clinicalbert_pool,knn,3,48,brier,0.2589576132748689
3663,,,lab_anemia,lab_anemia,clinicalbert_type2_clinicalbert_pool,knn,4,48,auroc,0.6133223508502975
3664,,,lab_anemia,lab_anemia,clinicalbert_type2_clinicalbert_pool,knn,4,48,auprc,0.7454070611848211
3665,,,lab_anemia,lab_anemia,clinicalbert_type2_clinicalbert_pool,knn,4,48,brier,0.24037898718940764
3666,,,lab_anemia,lab_anemia,clinicalbert_type2_clinicalbert_pool,knn,0,64,auroc,0.6080707079663611
3667,,,lab_anemia,lab_anemia,clinicalbert_type2_clinicalbert_pool,knn,0,64,auprc,0.7464091975428117
3668,,,lab_anemia,lab_anemia,clinicalbert_type2_clinicalbert_pool,knn,0,64,brier,0.24484567105150032
3669,,,lab_anemia,lab_anemia,clinicalbert_type2_clinicalbert_pool,knn,1,64,auroc,0.5985131122193722
3670,,,lab_anemia,lab_anemia,clinicalbert_type2_clinicalbert_pool,knn,1,64,auprc,0.7390378553786929
3671,,,lab_anemia,lab_anemia,clinicalbert_type2_clinicalbert_pool,knn,1,64,brier,0.26009526266013244
3672,,,lab_anemia,lab_anemia,clinicalbert_type2_clinicalbert_pool,knn,2,64,auroc,0.6259995746053423
3673,,,lab_anemia,lab_anemia,clinicalbert_type2_clinicalbert_pool,knn,2,64,auprc,0.7558970489172039
3674,,,lab_anemia,lab_anemia,clinicalbert_type2_clinicalbert_pool,knn,2,64,brier,0.2581342962771903
3675,,,lab_anemia,lab_anemia,clinicalbert_type2_clinicalbert_pool,knn,3,64,auroc,0.6038048181448156
3676,,,lab_anemia,lab_anemia,clinicalbert_type2_clinicalbert_pool,knn,3,64,auprc,0.7403487495668891
3677,,,lab_anemia,lab_anemia,clinicalbert_type2_clinicalbert_pool,knn,3,64,brier,0.26417332989424824
3678,,,lab_anemia,lab_anemia,clinicalbert_type2_clinicalbert_pool,knn,4,64,auroc,0.6097039868160674
3679,,,lab_anemia,lab_anemia,clinicalbert_type2_clinicalbert_pool,knn,4,64,auprc,0.7433807534930618
3680,,,lab_anemia,lab_anemia,clinicalbert_type2_clinicalbert_pool,knn,4,64,brier,0.22942618863382344
3681,,,lab_anemia,lab_anemia,clinicalbert_type2_clinicalbert_pool,knn,0,128,auroc,0.6150588793946299
3682,,,lab_anemia,lab_anemia,clinicalbert_type2_clinicalbert_pool,knn,0,128,auprc,0.7592871467549991
3683,,,lab_anemia,lab_anemia,clinicalbert_type2_clinicalbert_pool,knn,0,128,brier,0.2568301784913641
3684,,,lab_anemia,lab_anemia,clinicalbert_type2_clinicalbert_pool,knn,1,128,auroc,0.585439051793657
3685,,,lab_anemia,lab_anemia,clinicalbert_type2_clinicalbert_pool,knn,1,128,auprc,0.7275603159957638
3686,,,lab_anemia,lab_anemia,clinicalbert_type2_clinicalbert_pool,knn,1,128,brier,0.40586364027168775
3687,,,lab_anemia,lab_anemia,clinicalbert_type2_clinicalbert_pool,knn,2,128,auroc,0.6359284317513637
3688,,,lab_anemia,lab_anemia,clinicalbert_type2_clinicalbert_pool,knn,2,128,auprc,0.766618290188907
3689,,,lab_anemia,lab_anemia,clinicalbert_type2_clinicalbert_pool,knn,2,128,brier,0.2520450520161638
3690,,,lab_anemia,lab_anemia,clinicalbert_type2_clinicalbert_pool,knn,3,128,auroc,0.611261976176936
3691,,,lab_anemia,lab_anemia,clinicalbert_type2_clinicalbert_pool,knn,3,128,auprc,0.7573060649561899
3692,,,lab_anemia,lab_anemia,clinicalbert_type2_clinicalbert_pool,knn,3,128,brier,0.28964918846627397
3693,,,lab_anemia,lab_anemia,clinicalbert_type2_clinicalbert_pool,knn,4,128,auroc,0.6184662218137346
3694,,,lab_anemia,lab_anemia,clinicalbert_type2_clinicalbert_pool,knn,4,128,auprc,0.7531079176989952
3695,,,lab_anemia,lab_anemia,clinicalbert_type2_clinicalbert_pool,knn,4,128,brier,0.24784661679993122
3696,,,lab_anemia,lab_anemia,clinicalbert_type2_clinicalbert_pool,rf,0,-1,auroc,0.7314446282883733
3697,,,lab_anemia,lab_anemia,clinicalbert_type2_clinicalbert_pool,rf,0,-1,auprc,0.8408866298457202
3698,,,lab_anemia,lab_anemia,clinicalbert_type2_clinicalbert_pool,rf,0,-1,brier,0.18167209609971685
3699,,,lab_anemia,lab_anemia,clinicalbert_type2_clinicalbert_pool,rf,0,1,auroc,0.47208042614308815
3700,,,lab_anemia,lab_anemia,clinicalbert_type2_clinicalbert_pool,rf,0,1,auprc,0.6707957229790104
3701,,,lab_anemia,lab_anemia,clinicalbert_type2_clinicalbert_pool,rf,0,1,brier,0.22764461353280027
3702,,,lab_anemia,lab_anemia,clinicalbert_type2_clinicalbert_pool,rf,1,1,auroc,0.4833829599584897
3703,,,lab_anemia,lab_anemia,clinicalbert_type2_clinicalbert_pool,rf,1,1,auprc,0.6784466574168415
3704,,,lab_anemia,lab_anemia,clinicalbert_type2_clinicalbert_pool,rf,1,1,brier,0.23303997936548876
3705,,,lab_anemia,lab_anemia,clinicalbert_type2_clinicalbert_pool,rf,2,1,auroc,0.48691788087697613
3706,,,lab_anemia,lab_anemia,clinicalbert_type2_clinicalbert_pool,rf,2,1,auprc,0.6786881578927135
3707,,,lab_anemia,lab_anemia,clinicalbert_type2_clinicalbert_pool,rf,2,1,brier,0.23466993379760986
3708,,,lab_anemia,lab_anemia,clinicalbert_type2_clinicalbert_pool,rf,3,1,auroc,0.5438020858233723
3709,,,lab_anemia,lab_anemia,clinicalbert_type2_clinicalbert_pool,rf,3,1,auprc,0.7115026872532626
3710,,,lab_anemia,lab_anemia,clinicalbert_type2_clinicalbert_pool,rf,3,1,brier,0.22239054939386121
3711,,,lab_anemia,lab_anemia,clinicalbert_type2_clinicalbert_pool,rf,4,1,auroc,0.5060102596881672
3712,,,lab_anemia,lab_anemia,clinicalbert_type2_clinicalbert_pool,rf,4,1,auprc,0.6924282306867343
3713,,,lab_anemia,lab_anemia,clinicalbert_type2_clinicalbert_pool,rf,4,1,brier,0.22900558851345548
3714,,,lab_anemia,lab_anemia,clinicalbert_type2_clinicalbert_pool,rf,0,2,auroc,0.42382560153549315
3715,,,lab_anemia,lab_anemia,clinicalbert_type2_clinicalbert_pool,rf,0,2,auprc,0.6496072699653419
3716,,,lab_anemia,lab_anemia,clinicalbert_type2_clinicalbert_pool,rf,0,2,brier,0.2966181755652997
3717,,,lab_anemia,lab_anemia,clinicalbert_type2_clinicalbert_pool,rf,1,2,auroc,0.5138781705195586
3718,,,lab_anemia,lab_anemia,clinicalbert_type2_clinicalbert_pool,rf,1,2,auprc,0.6980337005647251
3719,,,lab_anemia,lab_anemia,clinicalbert_type2_clinicalbert_pool,rf,1,2,brier,0.23753675522311063
3720,,,lab_anemia,lab_anemia,clinicalbert_type2_clinicalbert_pool,rf,2,2,auroc,0.447475243496136
3721,,,lab_anemia,lab_anemia,clinicalbert_type2_clinicalbert_pool,rf,2,2,auprc,0.6586032500383915
3722,,,lab_anemia,lab_anemia,clinicalbert_type2_clinicalbert_pool,rf,2,2,brier,0.26176639669847823
3723,,,lab_anemia,lab_anemia,clinicalbert_type2_clinicalbert_pool,rf,3,2,auroc,0.5764298987231901
3724,,,lab_anemia,lab_anemia,clinicalbert_type2_clinicalbert_pool,rf,3,2,auprc,0.7277654198175553
3725,,,lab_anemia,lab_anemia,clinicalbert_type2_clinicalbert_pool,rf,3,2,brier,0.21751870002579315
3726,,,lab_anemia,lab_anemia,clinicalbert_type2_clinicalbert_pool,rf,4,2,auroc,0.5189041740062263
3727,,,lab_anemia,lab_anemia,clinicalbert_type2_clinicalbert_pool,rf,4,2,auprc,0.6971779153932769
3728,,,lab_anemia,lab_anemia,clinicalbert_type2_clinicalbert_pool,rf,4,2,brier,0.25117719886510187
3729,,,lab_anemia,lab_anemia,clinicalbert_type2_clinicalbert_pool,rf,0,4,auroc,0.5274349685827746
3730,,,lab_anemia,lab_anemia,clinicalbert_type2_clinicalbert_pool,rf,0,4,auprc,0.7119015027396913
3731,,,lab_anemia,lab_anemia,clinicalbert_type2_clinicalbert_pool,rf,0,4,brier,0.2826099217608116
3732,,,lab_anemia,lab_anemia,clinicalbert_type2_clinicalbert_pool,rf,1,4,auroc,0.5624167651446587
3733,,,lab_anemia,lab_anemia,clinicalbert_type2_clinicalbert_pool,rf,1,4,auprc,0.7269230841228451
3734,,,lab_anemia,lab_anemia,clinicalbert_type2_clinicalbert_pool,rf,1,4,brier,0.25706766400137565
3735,,,lab_anemia,lab_anemia,clinicalbert_type2_clinicalbert_pool,rf,2,4,auroc,0.5075190562567238
3736,,,lab_anemia,lab_anemia,clinicalbert_type2_clinicalbert_pool,rf,2,4,auprc,0.6797448233822942
3737,,,lab_anemia,lab_anemia,clinicalbert_type2_clinicalbert_pool,rf,2,4,brier,0.24460459117874647
3738,,,lab_anemia,lab_anemia,clinicalbert_type2_clinicalbert_pool,rf,3,4,auroc,0.5915083336147973
3739,,,lab_anemia,lab_anemia,clinicalbert_type2_clinicalbert_pool,rf,3,4,auprc,0.7386926256428945
3740,,,lab_anemia,lab_anemia,clinicalbert_type2_clinicalbert_pool,rf,3,4,brier,0.27133178574499184
3741,,,lab_anemia,lab_anemia,clinicalbert_type2_clinicalbert_pool,rf,4,4,auroc,0.6388632497193902
3742,,,lab_anemia,lab_anemia,clinicalbert_type2_clinicalbert_pool,rf,4,4,auprc,0.7754797074822285
3743,,,lab_anemia,lab_anemia,clinicalbert_type2_clinicalbert_pool,rf,4,4,brier,0.20827226549737768
3744,,,lab_anemia,lab_anemia,clinicalbert_type2_clinicalbert_pool,rf,0,8,auroc,0.5519259344150675
3745,,,lab_anemia,lab_anemia,clinicalbert_type2_clinicalbert_pool,rf,0,8,auprc,0.7252150485757054
3746,,,lab_anemia,lab_anemia,clinicalbert_type2_clinicalbert_pool,rf,0,8,brier,0.27489868111082455
3747,,,lab_anemia,lab_anemia,clinicalbert_type2_clinicalbert_pool,rf,1,8,auroc,0.4750771492146743
3748,,,lab_anemia,lab_anemia,clinicalbert_type2_clinicalbert_pool,rf,1,8,auprc,0.674136756483819
3749,,,lab_anemia,lab_anemia,clinicalbert_type2_clinicalbert_pool,rf,1,8,brier,0.24418708623506152
3750,,,lab_anemia,lab_anemia,clinicalbert_type2_clinicalbert_pool,rf,2,8,auroc,0.6623479384352672
3751,,,lab_anemia,lab_anemia,clinicalbert_type2_clinicalbert_pool,rf,2,8,auprc,0.793553955924069
3752,,,lab_anemia,lab_anemia,clinicalbert_type2_clinicalbert_pool,rf,2,8,brier,0.2161247390594102
3753,,,lab_anemia,lab_anemia,clinicalbert_type2_clinicalbert_pool,rf,3,8,auroc,0.6128730270551415
3754,,,lab_anemia,lab_anemia,clinicalbert_type2_clinicalbert_pool,rf,3,8,auprc,0.7536117499833954
3755,,,lab_anemia,lab_anemia,clinicalbert_type2_clinicalbert_pool,rf,3,8,brier,0.233840168515175
3756,,,lab_anemia,lab_anemia,clinicalbert_type2_clinicalbert_pool,rf,4,8,auroc,0.5998884811120027
3757,,,lab_anemia,lab_anemia,clinicalbert_type2_clinicalbert_pool,rf,4,8,auprc,0.7455167832476086
3758,,,lab_anemia,lab_anemia,clinicalbert_type2_clinicalbert_pool,rf,4,8,brier,0.2192659427392314
3759,,,lab_anemia,lab_anemia,clinicalbert_type2_clinicalbert_pool,rf,0,12,auroc,0.5977817415852651
3760,,,lab_anemia,lab_anemia,clinicalbert_type2_clinicalbert_pool,rf,0,12,auprc,0.7448787364528884
3761,,,lab_anemia,lab_anemia,clinicalbert_type2_clinicalbert_pool,rf,0,12,brier,0.25911387670879543
3762,,,lab_anemia,lab_anemia,clinicalbert_type2_clinicalbert_pool,rf,1,12,auroc,0.6324313203282995
3763,,,lab_anemia,lab_anemia,clinicalbert_type2_clinicalbert_pool,rf,1,12,auprc,0.7683316389126219
3764,,,lab_anemia,lab_anemia,clinicalbert_type2_clinicalbert_pool,rf,1,12,brier,0.21632810132667976
3765,,,lab_anemia,lab_anemia,clinicalbert_type2_clinicalbert_pool,rf,2,12,auroc,0.6687276283442991
3766,,,lab_anemia,lab_anemia,clinicalbert_type2_clinicalbert_pool,rf,2,12,auprc,0.7886556133494559
3767,,,lab_anemia,lab_anemia,clinicalbert_type2_clinicalbert_pool,rf,2,12,brier,0.2240347536755223
3768,,,lab_anemia,lab_anemia,clinicalbert_type2_clinicalbert_pool,rf,3,12,auroc,0.631949748673892
3769,,,lab_anemia,lab_anemia,clinicalbert_type2_clinicalbert_pool,rf,3,12,auprc,0.7683462219686796
3770,,,lab_anemia,lab_anemia,clinicalbert_type2_clinicalbert_pool,rf,3,12,brier,0.23668027971226316
3771,,,lab_anemia,lab_anemia,clinicalbert_type2_clinicalbert_pool,rf,4,12,auroc,0.6185094533025146
3772,,,lab_anemia,lab_anemia,clinicalbert_type2_clinicalbert_pool,rf,4,12,auprc,0.7563674249946972
3773,,,lab_anemia,lab_anemia,clinicalbert_type2_clinicalbert_pool,rf,4,12,brier,0.22920247614134637
3774,,,lab_anemia,lab_anemia,clinicalbert_type2_clinicalbert_pool,rf,0,16,auroc,0.6003100834011541
3775,,,lab_anemia,lab_anemia,clinicalbert_type2_clinicalbert_pool,rf,0,16,auprc,0.7506521541920186
3776,,,lab_anemia,lab_anemia,clinicalbert_type2_clinicalbert_pool,rf,0,16,brier,0.23939719045844918
3777,,,lab_anemia,lab_anemia,clinicalbert_type2_clinicalbert_pool,rf,1,16,auroc,0.6384295033207817
3778,,,lab_anemia,lab_anemia,clinicalbert_type2_clinicalbert_pool,rf,1,16,auprc,0.7710441926575092
3779,,,lab_anemia,lab_anemia,clinicalbert_type2_clinicalbert_pool,rf,1,16,brier,0.21968012953887597
3780,,,lab_anemia,lab_anemia,clinicalbert_type2_clinicalbert_pool,rf,2,16,auroc,0.641708247091285
3781,,,lab_anemia,lab_anemia,clinicalbert_type2_clinicalbert_pool,rf,2,16,auprc,0.7725627994346382
3782,,,lab_anemia,lab_anemia,clinicalbert_type2_clinicalbert_pool,rf,2,16,brier,0.2473565471584559
3783,,,lab_anemia,lab_anemia,clinicalbert_type2_clinicalbert_pool,rf,3,16,auroc,0.6316730529750488
3784,,,lab_anemia,lab_anemia,clinicalbert_type2_clinicalbert_pool,rf,3,16,auprc,0.7685721270125816
3785,,,lab_anemia,lab_anemia,clinicalbert_type2_clinicalbert_pool,rf,3,16,brier,0.24552106439687044
3786,,,lab_anemia,lab_anemia,clinicalbert_type2_clinicalbert_pool,rf,4,16,auroc,0.6440864942080219
3787,,,lab_anemia,lab_anemia,clinicalbert_type2_clinicalbert_pool,rf,4,16,auprc,0.7679685243105162
3788,,,lab_anemia,lab_anemia,clinicalbert_type2_clinicalbert_pool,rf,4,16,brier,0.23862655833548274
3789,,,lab_anemia,lab_anemia,clinicalbert_type2_clinicalbert_pool,rf,0,24,auroc,0.6309919007856386
3790,,,lab_anemia,lab_anemia,clinicalbert_type2_clinicalbert_pool,rf,0,24,auprc,0.7662598554041877
3791,,,lab_anemia,lab_anemia,clinicalbert_type2_clinicalbert_pool,rf,0,24,brier,0.23877345026223024
3792,,,lab_anemia,lab_anemia,clinicalbert_type2_clinicalbert_pool,rf,1,24,auroc,0.6500475377154257
3793,,,lab_anemia,lab_anemia,clinicalbert_type2_clinicalbert_pool,rf,1,24,auprc,0.7779819954682077
3794,,,lab_anemia,lab_anemia,clinicalbert_type2_clinicalbert_pool,rf,1,24,brier,0.23274159573553438
3795,,,lab_anemia,lab_anemia,clinicalbert_type2_clinicalbert_pool,rf,2,24,auroc,0.629540627425477
3796,,,lab_anemia,lab_anemia,clinicalbert_type2_clinicalbert_pool,rf,2,24,auprc,0.7598302585293654
3797,,,lab_anemia,lab_anemia,clinicalbert_type2_clinicalbert_pool,rf,2,24,brier,0.24100761375251964
3798,,,lab_anemia,lab_anemia,clinicalbert_type2_clinicalbert_pool,rf,3,24,auroc,0.6359148251757968
3799,,,lab_anemia,lab_anemia,clinicalbert_type2_clinicalbert_pool,rf,3,24,auprc,0.766874901369364
3800,,,lab_anemia,lab_anemia,clinicalbert_type2_clinicalbert_pool,rf,3,24,brier,0.24204677155876533
3801,,,lab_anemia,lab_anemia,clinicalbert_type2_clinicalbert_pool,rf,4,24,auroc,0.6287281036801797
3802,,,lab_anemia,lab_anemia,clinicalbert_type2_clinicalbert_pool,rf,4,24,auprc,0.7465950818314653
3803,,,lab_anemia,lab_anemia,clinicalbert_type2_clinicalbert_pool,rf,4,24,brier,0.23777781502957884
3804,,,lab_anemia,lab_anemia,clinicalbert_type2_clinicalbert_pool,rf,0,32,auroc,0.5784833325296419
3805,,,lab_anemia,lab_anemia,clinicalbert_type2_clinicalbert_pool,rf,0,32,auprc,0.7429746327115581
3806,,,lab_anemia,lab_anemia,clinicalbert_type2_clinicalbert_pool,rf,0,32,brier,0.26127422405640105
3807,,,lab_anemia,lab_anemia,clinicalbert_type2_clinicalbert_pool,rf,1,32,auroc,0.6430553703014407
3808,,,lab_anemia,lab_anemia,clinicalbert_type2_clinicalbert_pool,rf,1,32,auprc,0.7814871316180839
3809,,,lab_anemia,lab_anemia,clinicalbert_type2_clinicalbert_pool,rf,1,32,brier,0.23615104751120627
3810,,,lab_anemia,lab_anemia,clinicalbert_type2_clinicalbert_pool,rf,2,32,auroc,0.640315194465687
3811,,,lab_anemia,lab_anemia,clinicalbert_type2_clinicalbert_pool,rf,2,32,auprc,0.7683850994740391
3812,,,lab_anemia,lab_anemia,clinicalbert_type2_clinicalbert_pool,rf,2,32,brier,0.24224022010145302
3813,,,lab_anemia,lab_anemia,clinicalbert_type2_clinicalbert_pool,rf,3,32,auroc,0.6692467136990081
3814,,,lab_anemia,lab_anemia,clinicalbert_type2_clinicalbert_pool,rf,3,32,auprc,0.7910062719532164
3815,,,lab_anemia,lab_anemia,clinicalbert_type2_clinicalbert_pool,rf,3,32,brier,0.21714573047125021
3816,,,lab_anemia,lab_anemia,clinicalbert_type2_clinicalbert_pool,rf,4,32,auroc,0.6330320348179749
3817,,,lab_anemia,lab_anemia,clinicalbert_type2_clinicalbert_pool,rf,4,32,auprc,0.7514693116816682
3818,,,lab_anemia,lab_anemia,clinicalbert_type2_clinicalbert_pool,rf,4,32,brier,0.23187992416775133
3819,,,lab_anemia,lab_anemia,clinicalbert_type2_clinicalbert_pool,rf,0,48,auroc,0.6139324592426999
3820,,,lab_anemia,lab_anemia,clinicalbert_type2_clinicalbert_pool,rf,0,48,auprc,0.7546051331509028
3821,,,lab_anemia,lab_anemia,clinicalbert_type2_clinicalbert_pool,rf,0,48,brier,0.23776549737769756
3822,,,lab_anemia,lab_anemia,clinicalbert_type2_clinicalbert_pool,rf,1,48,auroc,0.6235298359939875
3823,,,lab_anemia,lab_anemia,clinicalbert_type2_clinicalbert_pool,rf,1,48,auprc,0.7622380140248923
3824,,,lab_anemia,lab_anemia,clinicalbert_type2_clinicalbert_pool,rf,1,48,brier,0.24522603387498923
3825,,,lab_anemia,lab_anemia,clinicalbert_type2_clinicalbert_pool,rf,2,48,auroc,0.6567596524998919
3826,,,lab_anemia,lab_anemia,clinicalbert_type2_clinicalbert_pool,rf,2,48,auprc,0.7829874165809743
3827,,,lab_anemia,lab_anemia,clinicalbert_type2_clinicalbert_pool,rf,2,48,brier,0.22938176806404345
3828,,,lab_anemia,lab_anemia,clinicalbert_type2_clinicalbert_pool,rf,3,48,auroc,0.6453300911895085
3829,,,lab_anemia,lab_anemia,clinicalbert_type2_clinicalbert_pool,rf,3,48,auprc,0.7761154174708021
3830,,,lab_anemia,lab_anemia,clinicalbert_type2_clinicalbert_pool,rf,3,48,brier,0.22991989854698647
3831,,,lab_anemia,lab_anemia,clinicalbert_type2_clinicalbert_pool,rf,4,48,auroc,0.6591757792774056
3832,,,lab_anemia,lab_anemia,clinicalbert_type2_clinicalbert_pool,rf,4,48,auprc,0.777254240147828
3833,,,lab_anemia,lab_anemia,clinicalbert_type2_clinicalbert_pool,rf,4,48,brier,0.22852676923716922
3834,,,lab_anemia,lab_anemia,clinicalbert_type2_clinicalbert_pool,rf,0,64,auroc,0.654794419983258
3835,,,lab_anemia,lab_anemia,clinicalbert_type2_clinicalbert_pool,rf,0,64,auprc,0.7935093816101721
3836,,,lab_anemia,lab_anemia,clinicalbert_type2_clinicalbert_pool,rf,0,64,brier,0.23101085166103266
3837,,,lab_anemia,lab_anemia,clinicalbert_type2_clinicalbert_pool,rf,1,64,auroc,0.6904707077187187
3838,,,lab_anemia,lab_anemia,clinicalbert_type2_clinicalbert_pool,rf,1,64,auprc,0.8054139274692013
3839,,,lab_anemia,lab_anemia,clinicalbert_type2_clinicalbert_pool,rf,1,64,brier,0.2191009987724306
3840,,,lab_anemia,lab_anemia,clinicalbert_type2_clinicalbert_pool,rf,2,64,auroc,0.6446326778352941
3841,,,lab_anemia,lab_anemia,clinicalbert_type2_clinicalbert_pool,rf,2,64,auprc,0.7666159168698322
3842,,,lab_anemia,lab_anemia,clinicalbert_type2_clinicalbert_pool,rf,2,64,brier,0.24018725818932166
3843,,,lab_anemia,lab_anemia,clinicalbert_type2_clinicalbert_pool,rf,3,64,auroc,0.6654033293735768
3844,,,lab_anemia,lab_anemia,clinicalbert_type2_clinicalbert_pool,rf,3,64,auprc,0.7888974459991882
3845,,,lab_anemia,lab_anemia,clinicalbert_type2_clinicalbert_pool,rf,3,64,brier,0.22554838587327955
3846,,,lab_anemia,lab_anemia,clinicalbert_type2_clinicalbert_pool,rf,4,64,auroc,0.6613304238558352
3847,,,lab_anemia,lab_anemia,clinicalbert_type2_clinicalbert_pool,rf,4,64,auprc,0.7841282655288805
3848,,,lab_anemia,lab_anemia,clinicalbert_type2_clinicalbert_pool,rf,4,64,brier,0.22318431105913475
3849,,,lab_anemia,lab_anemia,clinicalbert_type2_clinicalbert_pool,rf,0,128,auroc,0.6763324995808996
3850,,,lab_anemia,lab_anemia,clinicalbert_type2_clinicalbert_pool,rf,0,128,auprc,0.8038630127310344
3851,,,lab_anemia,lab_anemia,clinicalbert_type2_clinicalbert_pool,rf,0,128,brier,0.22806915809373982
3852,,,lab_anemia,lab_anemia,clinicalbert_type2_clinicalbert_pool,rf,1,128,auroc,0.6926709033699937
3853,,,lab_anemia,lab_anemia,clinicalbert_type2_clinicalbert_pool,rf,1,128,auprc,0.8095346157560813
3854,,,lab_anemia,lab_anemia,clinicalbert_type2_clinicalbert_pool,rf,1,128,brier,0.21878250075260017
3855,,,lab_anemia,lab_anemia,clinicalbert_type2_clinicalbert_pool,rf,2,128,auroc,0.6690330230488374
3856,,,lab_anemia,lab_anemia,clinicalbert_type2_clinicalbert_pool,rf,2,128,auprc,0.7994840507123616
3857,,,lab_anemia,lab_anemia,clinicalbert_type2_clinicalbert_pool,rf,2,128,brier,0.2355958527194451
3858,,,lab_anemia,lab_anemia,clinicalbert_type2_clinicalbert_pool,rf,3,128,auroc,0.6825573538140959
3859,,,lab_anemia,lab_anemia,clinicalbert_type2_clinicalbert_pool,rf,3,128,auprc,0.8060596152133166
3860,,,lab_anemia,lab_anemia,clinicalbert_type2_clinicalbert_pool,rf,3,128,brier,0.21827358266701055
3861,,,lab_anemia,lab_anemia,clinicalbert_type2_clinicalbert_pool,rf,4,128,auroc,0.6710024991936143
3862,,,lab_anemia,lab_anemia,clinicalbert_type2_clinicalbert_pool,rf,4,128,auprc,0.7867729710269827
3863,,,lab_anemia,lab_anemia,clinicalbert_type2_clinicalbert_pool,rf,4,128,brier,0.22670324069216785
3864,840.0,,lab_anemia,lab_anemia,clinicalbert_type3_max_pool,lr_lbfgs,0,-1,auroc,0.7539865278392394
3865,841.0,,lab_anemia,lab_anemia,clinicalbert_type3_max_pool,lr_lbfgs,0,-1,auprc,0.8621490442498413
3866,842.0,,lab_anemia,lab_anemia,clinicalbert_type3_max_pool,lr_lbfgs,0,-1,brier,0.1764106230932685
3867,843.0,,lab_anemia,lab_anemia,clinicalbert_type3_max_pool,lr_lbfgs,0,1,auroc,0.5203024800907528
3868,844.0,,lab_anemia,lab_anemia,clinicalbert_type3_max_pool,lr_lbfgs,0,1,auprc,0.6967378269734656
3869,845.0,,lab_anemia,lab_anemia,clinicalbert_type3_max_pool,lr_lbfgs,0,1,brier,0.2500007156716615
3870,846.0,,lab_anemia,lab_anemia,clinicalbert_type3_max_pool,lr_lbfgs,1,1,auroc,0.5506204151326307
3871,847.0,,lab_anemia,lab_anemia,clinicalbert_type3_max_pool,lr_lbfgs,1,1,auprc,0.7035152071026707
3872,848.0,,lab_anemia,lab_anemia,clinicalbert_type3_max_pool,lr_lbfgs,1,1,brier,0.2500002087257251
3873,849.0,,lab_anemia,lab_anemia,clinicalbert_type3_max_pool,lr_lbfgs,2,1,auroc,0.4155094572235198
3874,850.0,,lab_anemia,lab_anemia,clinicalbert_type3_max_pool,lr_lbfgs,2,1,auprc,0.6242896854363672
3875,851.0,,lab_anemia,lab_anemia,clinicalbert_type3_max_pool,lr_lbfgs,2,1,brier,0.2500014689106981
3876,852.0,,lab_anemia,lab_anemia,clinicalbert_type3_max_pool,lr_lbfgs,3,1,auroc,0.4826020161257869
3877,853.0,,lab_anemia,lab_anemia,clinicalbert_type3_max_pool,lr_lbfgs,3,1,auprc,0.6689579835464989
3878,854.0,,lab_anemia,lab_anemia,clinicalbert_type3_max_pool,lr_lbfgs,3,1,brier,0.2500010266973436
3879,855.0,,lab_anemia,lab_anemia,clinicalbert_type3_max_pool,lr_lbfgs,4,1,auroc,0.4992898468187131
3880,856.0,,lab_anemia,lab_anemia,clinicalbert_type3_max_pool,lr_lbfgs,4,1,auprc,0.6730357960513439
3881,857.0,,lab_anemia,lab_anemia,clinicalbert_type3_max_pool,lr_lbfgs,4,1,brier,0.2499954026837665
3882,858.0,,lab_anemia,lab_anemia,clinicalbert_type3_max_pool,lr_lbfgs,0,2,auroc,0.5747606484351853
3883,859.0,,lab_anemia,lab_anemia,clinicalbert_type3_max_pool,lr_lbfgs,0,2,auprc,0.7223902449272135
3884,860.0,,lab_anemia,lab_anemia,clinicalbert_type3_max_pool,lr_lbfgs,0,2,brier,0.2499995828812085
3885,861.0,,lab_anemia,lab_anemia,clinicalbert_type3_max_pool,lr_lbfgs,1,2,auroc,0.5307746757277196
3886,862.0,,lab_anemia,lab_anemia,clinicalbert_type3_max_pool,lr_lbfgs,1,2,auprc,0.6895669276867857
3887,863.0,,lab_anemia,lab_anemia,clinicalbert_type3_max_pool,lr_lbfgs,1,2,brier,0.2499998757828714
3888,864.0,,lab_anemia,lab_anemia,clinicalbert_type3_max_pool,lr_lbfgs,2,2,auroc,0.510560938300646
3889,865.0,,lab_anemia,lab_anemia,clinicalbert_type3_max_pool,lr_lbfgs,2,2,auprc,0.6771669590325431
3890,866.0,,lab_anemia,lab_anemia,clinicalbert_type3_max_pool,lr_lbfgs,2,2,brier,0.2499995735722289
3891,867.0,,lab_anemia,lab_anemia,clinicalbert_type3_max_pool,lr_lbfgs,3,2,auroc,0.5174764617592973
3892,868.0,,lab_anemia,lab_anemia,clinicalbert_type3_max_pool,lr_lbfgs,3,2,auprc,0.705421714100918
3893,869.0,,lab_anemia,lab_anemia,clinicalbert_type3_max_pool,lr_lbfgs,3,2,brier,0.2375562880725111
3894,870.0,,lab_anemia,lab_anemia,clinicalbert_type3_max_pool,lr_lbfgs,4,2,auroc,0.5011783941062753
3895,871.0,,lab_anemia,lab_anemia,clinicalbert_type3_max_pool,lr_lbfgs,4,2,auprc,0.6707334324750677
3896,872.0,,lab_anemia,lab_anemia,clinicalbert_type3_max_pool,lr_lbfgs,4,2,brier,0.2499924404944564
3897,873.0,,lab_anemia,lab_anemia,clinicalbert_type3_max_pool,lr_lbfgs,0,4,auroc,0.6018682763791292
3898,874.0,,lab_anemia,lab_anemia,clinicalbert_type3_max_pool,lr_lbfgs,0,4,auprc,0.736635751351291
3899,875.0,,lab_anemia,lab_anemia,clinicalbert_type3_max_pool,lr_lbfgs,0,4,brier,0.3861811933780135
3900,876.0,,lab_anemia,lab_anemia,clinicalbert_type3_max_pool,lr_lbfgs,1,4,auroc,0.556083668470352
3901,877.0,,lab_anemia,lab_anemia,clinicalbert_type3_max_pool,lr_lbfgs,1,4,auprc,0.7076556463229191
3902,878.0,,lab_anemia,lab_anemia,clinicalbert_type3_max_pool,lr_lbfgs,1,4,brier,0.2499995254037847
3903,879.0,,lab_anemia,lab_anemia,clinicalbert_type3_max_pool,lr_lbfgs,2,4,auroc,0.4755290484910699
3904,880.0,,lab_anemia,lab_anemia,clinicalbert_type3_max_pool,lr_lbfgs,2,4,auprc,0.662833799092395
3905,881.0,,lab_anemia,lab_anemia,clinicalbert_type3_max_pool,lr_lbfgs,2,4,brier,0.2499955505158922
3906,882.0,,lab_anemia,lab_anemia,clinicalbert_type3_max_pool,lr_lbfgs,3,4,auroc,0.563004070484813
3907,883.0,,lab_anemia,lab_anemia,clinicalbert_type3_max_pool,lr_lbfgs,3,4,auprc,0.7384979842712407
3908,884.0,,lab_anemia,lab_anemia,clinicalbert_type3_max_pool,lr_lbfgs,3,4,brier,0.2434612125338354
3909,885.0,,lab_anemia,lab_anemia,clinicalbert_type3_max_pool,lr_lbfgs,4,4,auroc,0.5152348754279484
3910,886.0,,lab_anemia,lab_anemia,clinicalbert_type3_max_pool,lr_lbfgs,4,4,auprc,0.6862480989075735
3911,887.0,,lab_anemia,lab_anemia,clinicalbert_type3_max_pool,lr_lbfgs,4,4,brier,0.3383764067845654
3912,888.0,,lab_anemia,lab_anemia,clinicalbert_type3_max_pool,lr_lbfgs,0,8,auroc,0.531612262950306
3913,889.0,,lab_anemia,lab_anemia,clinicalbert_type3_max_pool,lr_lbfgs,0,8,auprc,0.6836245854823024
3914,890.0,,lab_anemia,lab_anemia,clinicalbert_type3_max_pool,lr_lbfgs,0,8,brier,0.2752854235872888
3915,891.0,,lab_anemia,lab_anemia,clinicalbert_type3_max_pool,lr_lbfgs,1,8,auroc,0.6168641011966014
3916,892.0,,lab_anemia,lab_anemia,clinicalbert_type3_max_pool,lr_lbfgs,1,8,auprc,0.7619736789538162
3917,893.0,,lab_anemia,lab_anemia,clinicalbert_type3_max_pool,lr_lbfgs,1,8,brier,0.2782400296967254
3918,894.0,,lab_anemia,lab_anemia,clinicalbert_type3_max_pool,lr_lbfgs,2,8,auroc,0.5031733010646079
3919,895.0,,lab_anemia,lab_anemia,clinicalbert_type3_max_pool,lr_lbfgs,2,8,auprc,0.6782768318230331
3920,896.0,,lab_anemia,lab_anemia,clinicalbert_type3_max_pool,lr_lbfgs,2,8,brier,0.2499935095213088
3921,897.0,,lab_anemia,lab_anemia,clinicalbert_type3_max_pool,lr_lbfgs,3,8,auroc,0.6570963127487215
3922,898.0,,lab_anemia,lab_anemia,clinicalbert_type3_max_pool,lr_lbfgs,3,8,auprc,0.7916339357052244
3923,899.0,,lab_anemia,lab_anemia,clinicalbert_type3_max_pool,lr_lbfgs,3,8,brier,0.2485047528133741
3924,900.0,,lab_anemia,lab_anemia,clinicalbert_type3_max_pool,lr_lbfgs,4,8,auroc,0.5415370931553077
3925,901.0,,lab_anemia,lab_anemia,clinicalbert_type3_max_pool,lr_lbfgs,4,8,auprc,0.7014674650049979
3926,902.0,,lab_anemia,lab_anemia,clinicalbert_type3_max_pool,lr_lbfgs,4,8,brier,0.4756589231884236
3927,903.0,,lab_anemia,lab_anemia,clinicalbert_type3_max_pool,lr_lbfgs,0,12,auroc,0.6154041940583841
3928,904.0,,lab_anemia,lab_anemia,clinicalbert_type3_max_pool,lr_lbfgs,0,12,auprc,0.7522282176607328
3929,905.0,,lab_anemia,lab_anemia,clinicalbert_type3_max_pool,lr_lbfgs,0,12,brier,0.4072118124529053
3930,906.0,,lab_anemia,lab_anemia,clinicalbert_type3_max_pool,lr_lbfgs,1,12,auroc,0.6453367170002192
3931,907.0,,lab_anemia,lab_anemia,clinicalbert_type3_max_pool,lr_lbfgs,1,12,auprc,0.773698824969947
3932,908.0,,lab_anemia,lab_anemia,clinicalbert_type3_max_pool,lr_lbfgs,1,12,brier,0.3288383524903963
3933,909.0,,lab_anemia,lab_anemia,clinicalbert_type3_max_pool,lr_lbfgs,2,12,auroc,0.5222963318171885
3934,910.0,,lab_anemia,lab_anemia,clinicalbert_type3_max_pool,lr_lbfgs,2,12,auprc,0.6907325491396339
3935,911.0,,lab_anemia,lab_anemia,clinicalbert_type3_max_pool,lr_lbfgs,2,12,brier,0.2499217373717117
3936,912.0,,lab_anemia,lab_anemia,clinicalbert_type3_max_pool,lr_lbfgs,3,12,auroc,0.6868758208744543
3937,913.0,,lab_anemia,lab_anemia,clinicalbert_type3_max_pool,lr_lbfgs,3,12,auprc,0.8105064958038746
3938,914.0,,lab_anemia,lab_anemia,clinicalbert_type3_max_pool,lr_lbfgs,3,12,brier,0.2315913064527828
3939,915.0,,lab_anemia,lab_anemia,clinicalbert_type3_max_pool,lr_lbfgs,4,12,auroc,0.6384481391013015
3940,916.0,,lab_anemia,lab_anemia,clinicalbert_type3_max_pool,lr_lbfgs,4,12,auprc,0.7754023631994664
3941,917.0,,lab_anemia,lab_anemia,clinicalbert_type3_max_pool,lr_lbfgs,4,12,brier,0.360044645259282
3942,918.0,,lab_anemia,lab_anemia,clinicalbert_type3_max_pool,lr_lbfgs,0,16,auroc,0.5953044808351933
3943,919.0,,lab_anemia,lab_anemia,clinicalbert_type3_max_pool,lr_lbfgs,0,16,auprc,0.7340129758526936
3944,920.0,,lab_anemia,lab_anemia,clinicalbert_type3_max_pool,lr_lbfgs,0,16,brier,0.2498638568363524
3945,921.0,,lab_anemia,lab_anemia,clinicalbert_type3_max_pool,lr_lbfgs,1,16,auroc,0.620780892928426
3946,922.0,,lab_anemia,lab_anemia,clinicalbert_type3_max_pool,lr_lbfgs,1,16,auprc,0.7582692253936529
3947,923.0,,lab_anemia,lab_anemia,clinicalbert_type3_max_pool,lr_lbfgs,1,16,brier,0.3642574393826502
3948,924.0,,lab_anemia,lab_anemia,clinicalbert_type3_max_pool,lr_lbfgs,2,16,auroc,0.6361521333466418
3949,925.0,,lab_anemia,lab_anemia,clinicalbert_type3_max_pool,lr_lbfgs,2,16,auprc,0.7732297161981982
3950,926.0,,lab_anemia,lab_anemia,clinicalbert_type3_max_pool,lr_lbfgs,2,16,brier,0.2240262476736209
3951,927.0,,lab_anemia,lab_anemia,clinicalbert_type3_max_pool,lr_lbfgs,3,16,auroc,0.6862469920903697
3952,928.0,,lab_anemia,lab_anemia,clinicalbert_type3_max_pool,lr_lbfgs,3,16,auprc,0.8093390214366454
3953,929.0,,lab_anemia,lab_anemia,clinicalbert_type3_max_pool,lr_lbfgs,3,16,brier,0.369883001382322
3954,930.0,,lab_anemia,lab_anemia,clinicalbert_type3_max_pool,lr_lbfgs,4,16,auroc,0.6499399817941542
3955,931.0,,lab_anemia,lab_anemia,clinicalbert_type3_max_pool,lr_lbfgs,4,16,auprc,0.7772710215633448
3956,932.0,,lab_anemia,lab_anemia,clinicalbert_type3_max_pool,lr_lbfgs,4,16,brier,0.3695885710930173
3957,933.0,,lab_anemia,lab_anemia,clinicalbert_type3_max_pool,lr_lbfgs,0,24,auroc,0.6002660188707657
3958,934.0,,lab_anemia,lab_anemia,clinicalbert_type3_max_pool,lr_lbfgs,0,24,auprc,0.7343908714846844
3959,935.0,,lab_anemia,lab_anemia,clinicalbert_type3_max_pool,lr_lbfgs,0,24,brier,0.2493888691787289
3960,936.0,,lab_anemia,lab_anemia,clinicalbert_type3_max_pool,lr_lbfgs,1,24,auroc,0.6057067615118817
3961,937.0,,lab_anemia,lab_anemia,clinicalbert_type3_max_pool,lr_lbfgs,1,24,auprc,0.7515268553845081
3962,938.0,,lab_anemia,lab_anemia,clinicalbert_type3_max_pool,lr_lbfgs,1,24,brier,0.4101518931461181
3963,939.0,,lab_anemia,lab_anemia,clinicalbert_type3_max_pool,lr_lbfgs,2,24,auroc,0.7243703667219756
3964,940.0,,lab_anemia,lab_anemia,clinicalbert_type3_max_pool,lr_lbfgs,2,24,auprc,0.8371019387142581
3965,941.0,,lab_anemia,lab_anemia,clinicalbert_type3_max_pool,lr_lbfgs,2,24,brier,0.2825849906648517
3966,942.0,,lab_anemia,lab_anemia,clinicalbert_type3_max_pool,lr_lbfgs,3,24,auroc,0.6783748169939663
3967,943.0,,lab_anemia,lab_anemia,clinicalbert_type3_max_pool,lr_lbfgs,3,24,auprc,0.8069120131088593
3968,944.0,,lab_anemia,lab_anemia,clinicalbert_type3_max_pool,lr_lbfgs,3,24,brier,0.3355853900837728
3969,945.0,,lab_anemia,lab_anemia,clinicalbert_type3_max_pool,lr_lbfgs,4,24,auroc,0.6294723874910582
3970,946.0,,lab_anemia,lab_anemia,clinicalbert_type3_max_pool,lr_lbfgs,4,24,auprc,0.7586415983683484
3971,947.0,,lab_anemia,lab_anemia,clinicalbert_type3_max_pool,lr_lbfgs,4,24,brier,0.4041130867483233
3972,948.0,,lab_anemia,lab_anemia,clinicalbert_type3_max_pool,lr_lbfgs,0,32,auroc,0.6548421998379454
3973,949.0,,lab_anemia,lab_anemia,clinicalbert_type3_max_pool,lr_lbfgs,0,32,auprc,0.7944452575217766
3974,950.0,,lab_anemia,lab_anemia,clinicalbert_type3_max_pool,lr_lbfgs,0,32,brier,0.2499971105364532
3975,951.0,,lab_anemia,lab_anemia,clinicalbert_type3_max_pool,lr_lbfgs,1,32,auroc,0.576738763861183
3976,952.0,,lab_anemia,lab_anemia,clinicalbert_type3_max_pool,lr_lbfgs,1,32,auprc,0.7232799529944548
3977,953.0,,lab_anemia,lab_anemia,clinicalbert_type3_max_pool,lr_lbfgs,1,32,brier,0.2620515034970874
3978,954.0,,lab_anemia,lab_anemia,clinicalbert_type3_max_pool,lr_lbfgs,2,32,auroc,0.6693769832460956
3979,955.0,,lab_anemia,lab_anemia,clinicalbert_type3_max_pool,lr_lbfgs,2,32,auprc,0.8104062749553242
3980,956.0,,lab_anemia,lab_anemia,clinicalbert_type3_max_pool,lr_lbfgs,2,32,brier,0.2827864717037291
3981,957.0,,lab_anemia,lab_anemia,clinicalbert_type3_max_pool,lr_lbfgs,3,32,auroc,0.6903383105104468
3982,958.0,,lab_anemia,lab_anemia,clinicalbert_type3_max_pool,lr_lbfgs,3,32,auprc,0.8151971775531159
3983,959.0,,lab_anemia,lab_anemia,clinicalbert_type3_max_pool,lr_lbfgs,3,32,brier,0.2126580036135827
3984,960.0,,lab_anemia,lab_anemia,clinicalbert_type3_max_pool,lr_lbfgs,4,32,auroc,0.6590982940257158
3985,961.0,,lab_anemia,lab_anemia,clinicalbert_type3_max_pool,lr_lbfgs,4,32,auprc,0.7901659589572526
3986,962.0,,lab_anemia,lab_anemia,clinicalbert_type3_max_pool,lr_lbfgs,4,32,brier,0.4304854532282149
3987,963.0,,lab_anemia,lab_anemia,clinicalbert_type3_max_pool,lr_lbfgs,0,48,auroc,0.6919030336816401
3988,964.0,,lab_anemia,lab_anemia,clinicalbert_type3_max_pool,lr_lbfgs,0,48,auprc,0.8191636384208436
3989,965.0,,lab_anemia,lab_anemia,clinicalbert_type3_max_pool,lr_lbfgs,0,48,brier,0.2263199292032554
3990,966.0,,lab_anemia,lab_anemia,clinicalbert_type3_max_pool,lr_lbfgs,1,48,auroc,0.6643519634501791
3991,967.0,,lab_anemia,lab_anemia,clinicalbert_type3_max_pool,lr_lbfgs,1,48,auprc,0.790631333499076
3992,968.0,,lab_anemia,lab_anemia,clinicalbert_type3_max_pool,lr_lbfgs,1,48,brier,0.2452108120078044
3993,969.0,,lab_anemia,lab_anemia,clinicalbert_type3_max_pool,lr_lbfgs,2,48,auroc,0.6977469072384437
3994,970.0,,lab_anemia,lab_anemia,clinicalbert_type3_max_pool,lr_lbfgs,2,48,auprc,0.8169139333458796
3995,971.0,,lab_anemia,lab_anemia,clinicalbert_type3_max_pool,lr_lbfgs,2,48,brier,0.3064698628581125
3996,972.0,,lab_anemia,lab_anemia,clinicalbert_type3_max_pool,lr_lbfgs,3,48,auroc,0.7052860321622851
3997,973.0,,lab_anemia,lab_anemia,clinicalbert_type3_max_pool,lr_lbfgs,3,48,auprc,0.8297750709192478
3998,974.0,,lab_anemia,lab_anemia,clinicalbert_type3_max_pool,lr_lbfgs,3,48,brier,0.2079553999855782
3999,975.0,,lab_anemia,lab_anemia,clinicalbert_type3_max_pool,lr_lbfgs,4,48,auroc,0.6879102040305318
4000,976.0,,lab_anemia,lab_anemia,clinicalbert_type3_max_pool,lr_lbfgs,4,48,auprc,0.8116241941104104
4001,977.0,,lab_anemia,lab_anemia,clinicalbert_type3_max_pool,lr_lbfgs,4,48,brier,0.3954892767750136
4002,978.0,,lab_anemia,lab_anemia,clinicalbert_type3_max_pool,lr_lbfgs,0,64,auroc,0.6846296627887467
4003,979.0,,lab_anemia,lab_anemia,clinicalbert_type3_max_pool,lr_lbfgs,0,64,auprc,0.8128518806975439
4004,980.0,,lab_anemia,lab_anemia,clinicalbert_type3_max_pool,lr_lbfgs,0,64,brier,0.230390726074202
4005,981.0,,lab_anemia,lab_anemia,clinicalbert_type3_max_pool,lr_lbfgs,1,64,auroc,0.6959806505965533
4006,982.0,,lab_anemia,lab_anemia,clinicalbert_type3_max_pool,lr_lbfgs,1,64,auprc,0.8166752801612627
4007,983.0,,lab_anemia,lab_anemia,clinicalbert_type3_max_pool,lr_lbfgs,1,64,brier,0.2181155343781509
4008,984.0,,lab_anemia,lab_anemia,clinicalbert_type3_max_pool,lr_lbfgs,2,64,auroc,0.6650566918865256
4009,985.0,,lab_anemia,lab_anemia,clinicalbert_type3_max_pool,lr_lbfgs,2,64,auprc,0.8036951984347148
4010,986.0,,lab_anemia,lab_anemia,clinicalbert_type3_max_pool,lr_lbfgs,2,64,brier,0.3039752459558547
4011,987.0,,lab_anemia,lab_anemia,clinicalbert_type3_max_pool,lr_lbfgs,3,64,auroc,0.7096509775787986
4012,988.0,,lab_anemia,lab_anemia,clinicalbert_type3_max_pool,lr_lbfgs,3,64,auprc,0.8336414340129459
4013,989.0,,lab_anemia,lab_anemia,clinicalbert_type3_max_pool,lr_lbfgs,3,64,brier,0.2071743472252429
4014,990.0,,lab_anemia,lab_anemia,clinicalbert_type3_max_pool,lr_lbfgs,4,64,auroc,0.6922801174292872
4015,991.0,,lab_anemia,lab_anemia,clinicalbert_type3_max_pool,lr_lbfgs,4,64,auprc,0.8083895156770222
4016,992.0,,lab_anemia,lab_anemia,clinicalbert_type3_max_pool,lr_lbfgs,4,64,brier,0.3502126003841555
4017,993.0,,lab_anemia,lab_anemia,clinicalbert_type3_max_pool,lr_lbfgs,0,128,auroc,0.7085791550151478
4018,994.0,,lab_anemia,lab_anemia,clinicalbert_type3_max_pool,lr_lbfgs,0,128,auprc,0.829100205691943
4019,995.0,,lab_anemia,lab_anemia,clinicalbert_type3_max_pool,lr_lbfgs,0,128,brier,0.2307551509399349
4020,996.0,,lab_anemia,lab_anemia,clinicalbert_type3_max_pool,lr_lbfgs,1,128,auroc,0.6683905959439335
4021,997.0,,lab_anemia,lab_anemia,clinicalbert_type3_max_pool,lr_lbfgs,1,128,auprc,0.7910193767490699
4022,998.0,,lab_anemia,lab_anemia,clinicalbert_type3_max_pool,lr_lbfgs,1,128,brier,0.3587467161766638
4023,999.0,,lab_anemia,lab_anemia,clinicalbert_type3_max_pool,lr_lbfgs,2,128,auroc,0.7287382680260126
4024,1000.0,,lab_anemia,lab_anemia,clinicalbert_type3_max_pool,lr_lbfgs,2,128,auprc,0.847508505258372
4025,1001.0,,lab_anemia,lab_anemia,clinicalbert_type3_max_pool,lr_lbfgs,2,128,brier,0.2290583172969501
4026,1002.0,,lab_anemia,lab_anemia,clinicalbert_type3_max_pool,lr_lbfgs,3,128,auroc,0.7043355791520571
4027,1003.0,,lab_anemia,lab_anemia,clinicalbert_type3_max_pool,lr_lbfgs,3,128,auprc,0.8282186251986599
4028,1004.0,,lab_anemia,lab_anemia,clinicalbert_type3_max_pool,lr_lbfgs,3,128,brier,0.2102221306248872
4029,1005.0,,lab_anemia,lab_anemia,clinicalbert_type3_max_pool,lr_lbfgs,4,128,auroc,0.7080001628936852
4030,1006.0,,lab_anemia,lab_anemia,clinicalbert_type3_max_pool,lr_lbfgs,4,128,auprc,0.8228507130844471
4031,1007.0,,lab_anemia,lab_anemia,clinicalbert_type3_max_pool,lr_lbfgs,4,128,brier,0.2193188337648743
4032,1008.0,,lab_anemia,lab_anemia,clinicalbert_type3_max_pool,knn,0,-1,auroc,0.624585012859177
4033,1009.0,,lab_anemia,lab_anemia,clinicalbert_type3_max_pool,knn,0,-1,auprc,0.7655473661175369
4034,1010.0,,lab_anemia,lab_anemia,clinicalbert_type3_max_pool,knn,0,-1,brier,0.2850051428127238
4035,1011.0,,lab_anemia,lab_anemia,clinicalbert_type3_max_pool,knn,0,1,auroc,0.5104124113156355
4036,1012.0,,lab_anemia,lab_anemia,clinicalbert_type3_max_pool,knn,0,1,auprc,0.6918689980843569
4037,1013.0,,lab_anemia,lab_anemia,clinicalbert_type3_max_pool,knn,0,1,brier,0.5599174619551199
4038,1014.0,,lab_anemia,lab_anemia,clinicalbert_type3_max_pool,knn,1,1,auroc,0.5416321761530112
4039,1015.0,,lab_anemia,lab_anemia,clinicalbert_type3_max_pool,knn,1,1,auprc,0.7060851257115841
4040,1016.0,,lab_anemia,lab_anemia,clinicalbert_type3_max_pool,knn,1,1,brier,0.455162926661508
4041,1017.0,,lab_anemia,lab_anemia,clinicalbert_type3_max_pool,knn,2,1,auroc,0.446790963445295
4042,1018.0,,lab_anemia,lab_anemia,clinicalbert_type3_max_pool,knn,2,1,auprc,0.6665372366890329
4043,1019.0,,lab_anemia,lab_anemia,clinicalbert_type3_max_pool,knn,2,1,brier,0.597747399191815
4044,1020.0,,lab_anemia,lab_anemia,clinicalbert_type3_max_pool,knn,3,1,auroc,0.4765060976100511
4045,1021.0,,lab_anemia,lab_anemia,clinicalbert_type3_max_pool,knn,3,1,auprc,0.6781653681216241
4046,1022.0,,lab_anemia,lab_anemia,clinicalbert_type3_max_pool,knn,3,1,brier,0.6497635628922707
4047,1023.0,,lab_anemia,lab_anemia,clinicalbert_type3_max_pool,knn,4,1,auroc,0.5229872087871237
4048,1024.0,,lab_anemia,lab_anemia,clinicalbert_type3_max_pool,knn,4,1,auprc,0.6973725761152472
4049,1025.0,,lab_anemia,lab_anemia,clinicalbert_type3_max_pool,knn,4,1,brier,0.3884446737167913
4050,1026.0,,lab_anemia,lab_anemia,clinicalbert_type3_max_pool,knn,0,2,auroc,0.5597147097331523
4051,1027.0,,lab_anemia,lab_anemia,clinicalbert_type3_max_pool,knn,0,2,auprc,0.7149578032397247
4052,1028.0,,lab_anemia,lab_anemia,clinicalbert_type3_max_pool,knn,0,2,brier,0.2629237956037028
4053,1029.0,,lab_anemia,lab_anemia,clinicalbert_type3_max_pool,knn,1,2,auroc,0.5279236028616183
4054,1030.0,,lab_anemia,lab_anemia,clinicalbert_type3_max_pool,knn,1,2,auprc,0.6996347230500705
4055,1031.0,,lab_anemia,lab_anemia,clinicalbert_type3_max_pool,knn,1,2,brier,0.4260510704152695
4056,1032.0,,lab_anemia,lab_anemia,clinicalbert_type3_max_pool,knn,2,2,auroc,0.5248066136212003
4057,1033.0,,lab_anemia,lab_anemia,clinicalbert_type3_max_pool,knn,2,2,auprc,0.6982243930111514
4058,1034.0,,lab_anemia,lab_anemia,clinicalbert_type3_max_pool,knn,2,2,brier,0.4280285444071877
4059,1035.0,,lab_anemia,lab_anemia,clinicalbert_type3_max_pool,knn,3,2,auroc,0.4518404833319793
4060,1036.0,,lab_anemia,lab_anemia,clinicalbert_type3_max_pool,knn,3,2,auprc,0.6611350434928644
4061,1037.0,,lab_anemia,lab_anemia,clinicalbert_type3_max_pool,knn,3,2,brier,0.3368334778875684
4062,1038.0,,lab_anemia,lab_anemia,clinicalbert_type3_max_pool,knn,4,2,auroc,0.5275794246014454
4063,1039.0,,lab_anemia,lab_anemia,clinicalbert_type3_max_pool,knn,4,2,auprc,0.6994269649647443
4064,1040.0,,lab_anemia,lab_anemia,clinicalbert_type3_max_pool,knn,4,2,brier,0.3811022268076691
4065,1041.0,,lab_anemia,lab_anemia,clinicalbert_type3_max_pool,knn,0,4,auroc,0.5021507091275289
4066,1042.0,,lab_anemia,lab_anemia,clinicalbert_type3_max_pool,knn,0,4,auprc,0.688228022835341
4067,1043.0,,lab_anemia,lab_anemia,clinicalbert_type3_max_pool,knn,0,4,brier,0.490688676811968
4068,1044.0,,lab_anemia,lab_anemia,clinicalbert_type3_max_pool,knn,1,4,auroc,0.5285960827508176
4069,1045.0,,lab_anemia,lab_anemia,clinicalbert_type3_max_pool,knn,1,4,auprc,0.6996302789231122
4070,1046.0,,lab_anemia,lab_anemia,clinicalbert_type3_max_pool,knn,1,4,brier,0.2364829621987218
4071,1047.0,,lab_anemia,lab_anemia,clinicalbert_type3_max_pool,knn,2,4,auroc,0.5192293794170209
4072,1048.0,,lab_anemia,lab_anemia,clinicalbert_type3_max_pool,knn,2,4,auprc,0.6957139306203779
4073,1049.0,,lab_anemia,lab_anemia,clinicalbert_type3_max_pool,knn,2,4,brier,0.4179176339093801
4074,1050.0,,lab_anemia,lab_anemia,clinicalbert_type3_max_pool,knn,3,4,auroc,0.4760305759977118
4075,1051.0,,lab_anemia,lab_anemia,clinicalbert_type3_max_pool,knn,3,4,auprc,0.6755492596391819
4076,1052.0,,lab_anemia,lab_anemia,clinicalbert_type3_max_pool,knn,3,4,brier,0.3532819381155724
4077,1053.0,,lab_anemia,lab_anemia,clinicalbert_type3_max_pool,knn,4,4,auroc,0.5381190993602639
4078,1054.0,,lab_anemia,lab_anemia,clinicalbert_type3_max_pool,knn,4,4,auprc,0.7142008570349982
4079,1055.0,,lab_anemia,lab_anemia,clinicalbert_type3_max_pool,knn,4,4,brier,0.2378628470220172
4080,1056.0,,lab_anemia,lab_anemia,clinicalbert_type3_max_pool,knn,0,8,auroc,0.4875557719980939
4081,1057.0,,lab_anemia,lab_anemia,clinicalbert_type3_max_pool,knn,0,8,auprc,0.6668203418117794
4082,1058.0,,lab_anemia,lab_anemia,clinicalbert_type3_max_pool,knn,0,8,brier,0.3480474282912389
4083,1059.0,,lab_anemia,lab_anemia,clinicalbert_type3_max_pool,knn,1,8,auroc,0.5599710024476015
4084,1060.0,,lab_anemia,lab_anemia,clinicalbert_type3_max_pool,knn,1,8,auprc,0.7146253323536804
4085,1061.0,,lab_anemia,lab_anemia,clinicalbert_type3_max_pool,knn,1,8,brier,0.4015475883415011
4086,1062.0,,lab_anemia,lab_anemia,clinicalbert_type3_max_pool,knn,2,8,auroc,0.541552531596938
4087,1063.0,,lab_anemia,lab_anemia,clinicalbert_type3_max_pool,knn,2,8,auprc,0.7081941014781442
4088,1064.0,,lab_anemia,lab_anemia,clinicalbert_type3_max_pool,knn,2,8,brier,0.2576906542859599
4089,1065.0,,lab_anemia,lab_anemia,clinicalbert_type3_max_pool,knn,3,8,auroc,0.5724712437269938
4090,1066.0,,lab_anemia,lab_anemia,clinicalbert_type3_max_pool,knn,3,8,auprc,0.7307535607690495
4091,1067.0,,lab_anemia,lab_anemia,clinicalbert_type3_max_pool,knn,3,8,brier,0.2783431516968516
4092,1068.0,,lab_anemia,lab_anemia,clinicalbert_type3_max_pool,knn,4,8,auroc,0.5225596775255348
4093,1069.0,,lab_anemia,lab_anemia,clinicalbert_type3_max_pool,knn,4,8,auprc,0.6982981890639701
4094,1070.0,,lab_anemia,lab_anemia,clinicalbert_type3_max_pool,knn,4,8,brier,0.3447319901795012
4095,1071.0,,lab_anemia,lab_anemia,clinicalbert_type3_max_pool,knn,0,12,auroc,0.4855680411669764
4096,1072.0,,lab_anemia,lab_anemia,clinicalbert_type3_max_pool,knn,0,12,auprc,0.6756780515599953
4097,1073.0,,lab_anemia,lab_anemia,clinicalbert_type3_max_pool,knn,0,12,brier,0.3549225346057949
4098,1074.0,,lab_anemia,lab_anemia,clinicalbert_type3_max_pool,knn,1,12,auroc,0.5425552357834502
4099,1075.0,,lab_anemia,lab_anemia,clinicalbert_type3_max_pool,knn,1,12,auprc,0.7062957541437066
4100,1076.0,,lab_anemia,lab_anemia,clinicalbert_type3_max_pool,knn,1,12,brier,0.3912303327314934
4101,1077.0,,lab_anemia,lab_anemia,clinicalbert_type3_max_pool,knn,2,12,auroc,0.5760967467420747
4102,1078.0,,lab_anemia,lab_anemia,clinicalbert_type3_max_pool,knn,2,12,auprc,0.7438470801124168
4103,1079.0,,lab_anemia,lab_anemia,clinicalbert_type3_max_pool,knn,2,12,brier,0.2730929426803503
4104,1080.0,,lab_anemia,lab_anemia,clinicalbert_type3_max_pool,knn,3,12,auroc,0.588637298705401
4105,1081.0,,lab_anemia,lab_anemia,clinicalbert_type3_max_pool,knn,3,12,auprc,0.7292999697461856
4106,1082.0,,lab_anemia,lab_anemia,clinicalbert_type3_max_pool,knn,3,12,brier,0.2456799931218296
4107,1083.0,,lab_anemia,lab_anemia,clinicalbert_type3_max_pool,knn,4,12,auroc,0.5480921269726009
4108,1084.0,,lab_anemia,lab_anemia,clinicalbert_type3_max_pool,knn,4,12,auprc,0.7112254378541628
4109,1085.0,,lab_anemia,lab_anemia,clinicalbert_type3_max_pool,knn,4,12,brier,0.2973910717526916
4110,1086.0,,lab_anemia,lab_anemia,clinicalbert_type3_max_pool,knn,0,16,auroc,0.4926615177220143
4111,1087.0,,lab_anemia,lab_anemia,clinicalbert_type3_max_pool,knn,0,16,auprc,0.6808901288237429
4112,1088.0,,lab_anemia,lab_anemia,clinicalbert_type3_max_pool,knn,0,16,brier,0.307062849282091
4113,1089.0,,lab_anemia,lab_anemia,clinicalbert_type3_max_pool,knn,1,16,auroc,0.576235820665334
4114,1090.0,,lab_anemia,lab_anemia,clinicalbert_type3_max_pool,knn,1,16,auprc,0.7231380343359937
4115,1091.0,,lab_anemia,lab_anemia,clinicalbert_type3_max_pool,knn,1,16,brier,0.230600980139283
4116,1092.0,,lab_anemia,lab_anemia,clinicalbert_type3_max_pool,knn,2,16,auroc,0.5699763797277433
4117,1093.0,,lab_anemia,lab_anemia,clinicalbert_type3_max_pool,knn,2,16,auprc,0.7246534438774812
4118,1094.0,,lab_anemia,lab_anemia,clinicalbert_type3_max_pool,knn,2,16,brier,0.2641847935115926
4119,1095.0,,lab_anemia,lab_anemia,clinicalbert_type3_max_pool,knn,3,16,auroc,0.564985707248542
4120,1096.0,,lab_anemia,lab_anemia,clinicalbert_type3_max_pool,knn,3,16,auprc,0.7170253959591293
4121,1097.0,,lab_anemia,lab_anemia,clinicalbert_type3_max_pool,knn,3,16,brier,0.2615905769065428
4122,1098.0,,lab_anemia,lab_anemia,clinicalbert_type3_max_pool,knn,4,16,auroc,0.5713567592521447
4123,1099.0,,lab_anemia,lab_anemia,clinicalbert_type3_max_pool,knn,4,16,auprc,0.7250329865677128
4124,1100.0,,lab_anemia,lab_anemia,clinicalbert_type3_max_pool,knn,4,16,brier,0.2503672330859082
4125,1101.0,,lab_anemia,lab_anemia,clinicalbert_type3_max_pool,knn,0,24,auroc,0.5415085929514499
4126,1102.0,,lab_anemia,lab_anemia,clinicalbert_type3_max_pool,knn,0,24,auprc,0.709419904001111
4127,1103.0,,lab_anemia,lab_anemia,clinicalbert_type3_max_pool,knn,0,24,brier,0.2943705614306595
4128,1104.0,,lab_anemia,lab_anemia,clinicalbert_type3_max_pool,knn,1,24,auroc,0.5115009751952403
4129,1105.0,,lab_anemia,lab_anemia,clinicalbert_type3_max_pool,knn,1,24,auprc,0.6923062727867746
4130,1106.0,,lab_anemia,lab_anemia,clinicalbert_type3_max_pool,knn,1,24,brier,0.4610265669331957
4131,1107.0,,lab_anemia,lab_anemia,clinicalbert_type3_max_pool,knn,2,24,auroc,0.6009471222195859
4132,1108.0,,lab_anemia,lab_anemia,clinicalbert_type3_max_pool,knn,2,24,auprc,0.739730410993855
4133,1109.0,,lab_anemia,lab_anemia,clinicalbert_type3_max_pool,knn,2,24,brier,0.2366881609491875
4134,1110.0,,lab_anemia,lab_anemia,clinicalbert_type3_max_pool,knn,3,24,auroc,0.5100842403867789
4135,1111.0,,lab_anemia,lab_anemia,clinicalbert_type3_max_pool,knn,3,24,auprc,0.6900916631887652
4136,1112.0,,lab_anemia,lab_anemia,clinicalbert_type3_max_pool,knn,3,24,brier,0.298944391902865
4137,1113.0,,lab_anemia,lab_anemia,clinicalbert_type3_max_pool,knn,4,24,auroc,0.5178624620101039
4138,1114.0,,lab_anemia,lab_anemia,clinicalbert_type3_max_pool,knn,4,24,auprc,0.6951476199318078
4139,1115.0,,lab_anemia,lab_anemia,clinicalbert_type3_max_pool,knn,4,24,brier,0.4812655833548276
4140,1116.0,,lab_anemia,lab_anemia,clinicalbert_type3_max_pool,knn,0,32,auroc,0.5253179264431826
4141,1117.0,,lab_anemia,lab_anemia,clinicalbert_type3_max_pool,knn,0,32,auprc,0.6985157605689306
4142,1118.0,,lab_anemia,lab_anemia,clinicalbert_type3_max_pool,knn,0,32,brier,0.4711202820049867
4143,1119.0,,lab_anemia,lab_anemia,clinicalbert_type3_max_pool,knn,1,32,auroc,0.5189142509893142
4144,1120.0,,lab_anemia,lab_anemia,clinicalbert_type3_max_pool,knn,1,32,auprc,0.6956025551100707
4145,1121.0,,lab_anemia,lab_anemia,clinicalbert_type3_max_pool,knn,1,32,brier,0.4607858309689622
4146,1122.0,,lab_anemia,lab_anemia,clinicalbert_type3_max_pool,knn,2,32,auroc,0.6112129704922353
4147,1123.0,,lab_anemia,lab_anemia,clinicalbert_type3_max_pool,knn,2,32,auprc,0.7570964914152776
4148,1124.0,,lab_anemia,lab_anemia,clinicalbert_type3_max_pool,knn,2,32,brier,0.237701708631497
4149,1125.0,,lab_anemia,lab_anemia,clinicalbert_type3_max_pool,knn,3,32,auroc,0.5833077248134066
4150,1126.0,,lab_anemia,lab_anemia,clinicalbert_type3_max_pool,knn,3,32,auprc,0.7274739387710126
4151,1127.0,,lab_anemia,lab_anemia,clinicalbert_type3_max_pool,knn,3,32,brier,0.2416665806895366
4152,1128.0,,lab_anemia,lab_anemia,clinicalbert_type3_max_pool,knn,4,32,auroc,0.5276549135800159
4153,1129.0,,lab_anemia,lab_anemia,clinicalbert_type3_max_pool,knn,4,32,auprc,0.6942946059178712
4154,1130.0,,lab_anemia,lab_anemia,clinicalbert_type3_max_pool,knn,4,32,brier,0.3013312698822113
4155,1131.0,,lab_anemia,lab_anemia,clinicalbert_type3_max_pool,knn,0,48,auroc,0.550567744340012
4156,1132.0,,lab_anemia,lab_anemia,clinicalbert_type3_max_pool,knn,0,48,auprc,0.7101849053959934
4157,1133.0,,lab_anemia,lab_anemia,clinicalbert_type3_max_pool,knn,0,48,brier,0.4194996131029146
4158,1134.0,,lab_anemia,lab_anemia,clinicalbert_type3_max_pool,knn,1,48,auroc,0.540565759073223
4159,1135.0,,lab_anemia,lab_anemia,clinicalbert_type3_max_pool,knn,1,48,auprc,0.7054994545856964
4160,1136.0,,lab_anemia,lab_anemia,clinicalbert_type3_max_pool,knn,1,48,brier,0.4348551285358095
4161,1137.0,,lab_anemia,lab_anemia,clinicalbert_type3_max_pool,knn,2,48,auroc,0.5677049339107711
4162,1138.0,,lab_anemia,lab_anemia,clinicalbert_type3_max_pool,knn,2,48,auprc,0.718273660736449
4163,1139.0,,lab_anemia,lab_anemia,clinicalbert_type3_max_pool,knn,2,48,brier,0.3823059066288367
4164,1140.0,,lab_anemia,lab_anemia,clinicalbert_type3_max_pool,knn,3,48,auroc,0.5371253041100594
4165,1141.0,,lab_anemia,lab_anemia,clinicalbert_type3_max_pool,knn,3,48,auprc,0.7039772949893237
4166,1142.0,,lab_anemia,lab_anemia,clinicalbert_type3_max_pool,knn,3,48,brier,0.4621614650502966
4167,1143.0,,lab_anemia,lab_anemia,clinicalbert_type3_max_pool,knn,4,48,auroc,0.5738595182295438
4168,1144.0,,lab_anemia,lab_anemia,clinicalbert_type3_max_pool,knn,4,48,auprc,0.7228491688634481
4169,1145.0,,lab_anemia,lab_anemia,clinicalbert_type3_max_pool,knn,4,48,brier,0.313394281565548
4170,1146.0,,lab_anemia,lab_anemia,clinicalbert_type3_max_pool,knn,0,64,auroc,0.5486064816690605
4171,1147.0,,lab_anemia,lab_anemia,clinicalbert_type3_max_pool,knn,0,64,auprc,0.7092985933962228
4172,1148.0,,lab_anemia,lab_anemia,clinicalbert_type3_max_pool,knn,0,64,brier,0.4301263863812226
4173,1149.0,,lab_anemia,lab_anemia,clinicalbert_type3_max_pool,knn,1,64,auroc,0.5645982493468946
4174,1150.0,,lab_anemia,lab_anemia,clinicalbert_type3_max_pool,knn,1,64,auprc,0.7168987467087374
4175,1151.0,,lab_anemia,lab_anemia,clinicalbert_type3_max_pool,knn,1,64,brier,0.402252600808185
4176,1152.0,,lab_anemia,lab_anemia,clinicalbert_type3_max_pool,knn,2,64,auroc,0.6195735301613686
4177,1153.0,,lab_anemia,lab_anemia,clinicalbert_type3_max_pool,knn,2,64,auprc,0.7645037653442892
4178,1154.0,,lab_anemia,lab_anemia,clinicalbert_type3_max_pool,knn,2,64,brier,0.2378657291099394
4179,1155.0,,lab_anemia,lab_anemia,clinicalbert_type3_max_pool,knn,3,64,auroc,0.6174549388808173
4180,1156.0,,lab_anemia,lab_anemia,clinicalbert_type3_max_pool,knn,3,64,auprc,0.7590960302052779
4181,1157.0,,lab_anemia,lab_anemia,clinicalbert_type3_max_pool,knn,3,64,brier,0.2538199022306384
4182,1158.0,,lab_anemia,lab_anemia,clinicalbert_type3_max_pool,knn,4,64,auroc,0.5781635511758922
4183,1159.0,,lab_anemia,lab_anemia,clinicalbert_type3_max_pool,knn,4,64,auprc,0.7259391131151632
4184,1160.0,,lab_anemia,lab_anemia,clinicalbert_type3_max_pool,knn,4,64,brier,0.2756350366358104
4185,1161.0,,lab_anemia,lab_anemia,clinicalbert_type3_max_pool,knn,0,128,auroc,0.5993474037339938
4186,1162.0,,lab_anemia,lab_anemia,clinicalbert_type3_max_pool,knn,0,128,auprc,0.7398673731894027
4187,1163.0,,lab_anemia,lab_anemia,clinicalbert_type3_max_pool,knn,0,128,brier,0.2659922238462347
4188,1164.0,,lab_anemia,lab_anemia,clinicalbert_type3_max_pool,knn,1,128,auroc,0.600041704360481
4189,1165.0,,lab_anemia,lab_anemia,clinicalbert_type3_max_pool,knn,1,128,auprc,0.7519936622579658
4190,1166.0,,lab_anemia,lab_anemia,clinicalbert_type3_max_pool,knn,1,128,brier,0.2493460212176002
4191,1167.0,,lab_anemia,lab_anemia,clinicalbert_type3_max_pool,knn,2,128,auroc,0.6456932959549191
4192,1168.0,,lab_anemia,lab_anemia,clinicalbert_type3_max_pool,knn,2,128,auprc,0.7787344327725415
4193,1169.0,,lab_anemia,lab_anemia,clinicalbert_type3_max_pool,knn,2,128,brier,0.2357374406005684
4194,1170.0,,lab_anemia,lab_anemia,clinicalbert_type3_max_pool,knn,3,128,auroc,0.6120108964043627
4195,1171.0,,lab_anemia,lab_anemia,clinicalbert_type3_max_pool,knn,3,128,auprc,0.7542177909518067
4196,1172.0,,lab_anemia,lab_anemia,clinicalbert_type3_max_pool,knn,3,128,brier,0.2511505856096805
4197,1173.0,,lab_anemia,lab_anemia,clinicalbert_type3_max_pool,knn,4,128,auroc,0.584475234347124
4198,1174.0,,lab_anemia,lab_anemia,clinicalbert_type3_max_pool,knn,4,128,auprc,0.7268311363986512
4199,1175.0,,lab_anemia,lab_anemia,clinicalbert_type3_max_pool,knn,4,128,brier,0.3914710686957269
4200,1176.0,,lab_anemia,lab_anemia,clinicalbert_type3_max_pool,rf,0,-1,auroc,0.7593188822053714
4201,1177.0,,lab_anemia,lab_anemia,clinicalbert_type3_max_pool,rf,0,-1,auprc,0.8647750249720056
4202,1178.0,,lab_anemia,lab_anemia,clinicalbert_type3_max_pool,rf,0,-1,brier,0.1864629169111332
4203,1179.0,,lab_anemia,lab_anemia,clinicalbert_type3_max_pool,rf,0,1,auroc,0.4958612546156937
4204,1180.0,,lab_anemia,lab_anemia,clinicalbert_type3_max_pool,rf,0,1,auprc,0.6853999109690164
4205,1181.0,,lab_anemia,lab_anemia,clinicalbert_type3_max_pool,rf,0,1,brier,0.2488144665119078
4206,1182.0,,lab_anemia,lab_anemia,clinicalbert_type3_max_pool,rf,1,1,auroc,0.4866053960321768
4207,1183.0,,lab_anemia,lab_anemia,clinicalbert_type3_max_pool,rf,1,1,auprc,0.6729779609941615
4208,1184.0,,lab_anemia,lab_anemia,clinicalbert_type3_max_pool,rf,1,1,brier,0.243931434958301
4209,1185.0,,lab_anemia,lab_anemia,clinicalbert_type3_max_pool,rf,2,1,auroc,0.5218277366259504
4210,1186.0,,lab_anemia,lab_anemia,clinicalbert_type3_max_pool,rf,2,1,auprc,0.7015426419383045
4211,1187.0,,lab_anemia,lab_anemia,clinicalbert_type3_max_pool,rf,2,1,brier,0.2209746367466254
4212,1188.0,,lab_anemia,lab_anemia,clinicalbert_type3_max_pool,rf,3,1,auroc,0.4931691709392437
4213,1189.0,,lab_anemia,lab_anemia,clinicalbert_type3_max_pool,rf,3,1,auprc,0.6833926274487351
4214,1190.0,,lab_anemia,lab_anemia,clinicalbert_type3_max_pool,rf,3,1,brier,0.2363657467113747
4215,1191.0,,lab_anemia,lab_anemia,clinicalbert_type3_max_pool,rf,4,1,auroc,0.5051211490828734
4216,1192.0,,lab_anemia,lab_anemia,clinicalbert_type3_max_pool,rf,4,1,auprc,0.6858530963621313
4217,1193.0,,lab_anemia,lab_anemia,clinicalbert_type3_max_pool,rf,4,1,brier,0.223532972229387
4218,1194.0,,lab_anemia,lab_anemia,clinicalbert_type3_max_pool,rf,0,2,auroc,0.5039735555034436
4219,1195.0,,lab_anemia,lab_anemia,clinicalbert_type3_max_pool,rf,0,2,auprc,0.6961526374886264
4220,1196.0,,lab_anemia,lab_anemia,clinicalbert_type3_max_pool,rf,0,2,brier,0.2521280923585437
4221,1197.0,,lab_anemia,lab_anemia,clinicalbert_type3_max_pool,rf,1,2,auroc,0.4965413261210687
4222,1198.0,,lab_anemia,lab_anemia,clinicalbert_type3_max_pool,rf,1,2,auprc,0.6871764505471262
4223,1199.0,,lab_anemia,lab_anemia,clinicalbert_type3_max_pool,rf,1,2,brier,0.2413610179692202
4224,1200.0,,lab_anemia,lab_anemia,clinicalbert_type3_max_pool,rf,2,2,auroc,0.4914576625347757
4225,1201.0,,lab_anemia,lab_anemia,clinicalbert_type3_max_pool,rf,2,2,auprc,0.6717319016176863
4226,1202.0,,lab_anemia,lab_anemia,clinicalbert_type3_max_pool,rf,2,2,brier,0.2479101538990628
4227,1203.0,,lab_anemia,lab_anemia,clinicalbert_type3_max_pool,rf,3,2,auroc,0.5443179587054877
4228,1204.0,,lab_anemia,lab_anemia,clinicalbert_type3_max_pool,rf,3,2,auprc,0.7085124815661523
4229,1205.0,,lab_anemia,lab_anemia,clinicalbert_type3_max_pool,rf,3,2,brier,0.2480431605193018
4230,1206.0,,lab_anemia,lab_anemia,clinicalbert_type3_max_pool,rf,4,2,auroc,0.5515503853625715
4231,1207.0,,lab_anemia,lab_anemia,clinicalbert_type3_max_pool,rf,4,2,auprc,0.7109078889803159
4232,1208.0,,lab_anemia,lab_anemia,clinicalbert_type3_max_pool,rf,4,2,brier,0.2323441234631588
4233,1209.0,,lab_anemia,lab_anemia,clinicalbert_type3_max_pool,rf,0,4,auroc,0.4322571485941923
4234,1210.0,,lab_anemia,lab_anemia,clinicalbert_type3_max_pool,rf,0,4,auprc,0.6494933057352887
4235,1211.0,,lab_anemia,lab_anemia,clinicalbert_type3_max_pool,rf,0,4,brier,0.2608117530736824
4236,1212.0,,lab_anemia,lab_anemia,clinicalbert_type3_max_pool,rf,1,4,auroc,0.5296404218203521
4237,1213.0,,lab_anemia,lab_anemia,clinicalbert_type3_max_pool,rf,1,4,auprc,0.6995414665801989
4238,1214.0,,lab_anemia,lab_anemia,clinicalbert_type3_max_pool,rf,1,4,brier,0.236198951079013
4239,1215.0,,lab_anemia,lab_anemia,clinicalbert_type3_max_pool,rf,2,4,auroc,0.4296309563764794
4240,1216.0,,lab_anemia,lab_anemia,clinicalbert_type3_max_pool,rf,2,4,auprc,0.6474499140206095
4241,1217.0,,lab_anemia,lab_anemia,clinicalbert_type3_max_pool,rf,2,4,brier,0.2811357578884017
4242,1218.0,,lab_anemia,lab_anemia,clinicalbert_type3_max_pool,rf,3,4,auroc,0.5620789244669273
4243,1219.0,,lab_anemia,lab_anemia,clinicalbert_type3_max_pool,rf,3,4,auprc,0.7277253654145659
4244,1220.0,,lab_anemia,lab_anemia,clinicalbert_type3_max_pool,rf,3,4,brier,0.2464589889089502
4245,1221.0,,lab_anemia,lab_anemia,clinicalbert_type3_max_pool,rf,4,4,auroc,0.5329946937794767
4246,1222.0,,lab_anemia,lab_anemia,clinicalbert_type3_max_pool,rf,4,4,auprc,0.6909887498391986
4247,1223.0,,lab_anemia,lab_anemia,clinicalbert_type3_max_pool,rf,4,4,brier,0.2747473063365144
4248,1224.0,,lab_anemia,lab_anemia,clinicalbert_type3_max_pool,rf,0,8,auroc,0.5439128005613779
4249,1225.0,,lab_anemia,lab_anemia,clinicalbert_type3_max_pool,rf,0,8,auprc,0.695435533489332
4250,1226.0,,lab_anemia,lab_anemia,clinicalbert_type3_max_pool,rf,0,8,brier,0.3235107901298255
4251,1227.0,,lab_anemia,lab_anemia,clinicalbert_type3_max_pool,rf,1,8,auroc,0.5450304204645098
4252,1228.0,,lab_anemia,lab_anemia,clinicalbert_type3_max_pool,rf,1,8,auprc,0.7082898018817798
4253,1229.0,,lab_anemia,lab_anemia,clinicalbert_type3_max_pool,rf,1,8,brier,0.258415484481128
4254,1230.0,,lab_anemia,lab_anemia,clinicalbert_type3_max_pool,rf,2,8,auroc,0.5750428548659227
4255,1231.0,,lab_anemia,lab_anemia,clinicalbert_type3_max_pool,rf,2,8,auprc,0.7174741036358838
4256,1232.0,,lab_anemia,lab_anemia,clinicalbert_type3_max_pool,rf,2,8,brier,0.2628977302037658
4257,1233.0,,lab_anemia,lab_anemia,clinicalbert_type3_max_pool,rf,3,8,auroc,0.6029550235263745
4258,1234.0,,lab_anemia,lab_anemia,clinicalbert_type3_max_pool,rf,3,8,auprc,0.7544002657414866
4259,1235.0,,lab_anemia,lab_anemia,clinicalbert_type3_max_pool,rf,3,8,brier,0.2387682056572952
4260,1236.0,,lab_anemia,lab_anemia,clinicalbert_type3_max_pool,rf,4,8,auroc,0.4900028747158388
4261,1237.0,,lab_anemia,lab_anemia,clinicalbert_type3_max_pool,rf,4,8,auprc,0.6781623956404281
4262,1238.0,,lab_anemia,lab_anemia,clinicalbert_type3_max_pool,rf,4,8,brier,0.3425100163356547
4263,1239.0,,lab_anemia,lab_anemia,clinicalbert_type3_max_pool,rf,0,12,auroc,0.557265004706238
4264,1240.0,,lab_anemia,lab_anemia,clinicalbert_type3_max_pool,rf,0,12,auprc,0.7134036248083989
4265,1241.0,,lab_anemia,lab_anemia,clinicalbert_type3_max_pool,rf,0,12,brier,0.2785193878428338
4266,1242.0,,lab_anemia,lab_anemia,clinicalbert_type3_max_pool,rf,1,12,auroc,0.6010370439363755
4267,1243.0,,lab_anemia,lab_anemia,clinicalbert_type3_max_pool,rf,1,12,auprc,0.7390073351640577
4268,1244.0,,lab_anemia,lab_anemia,clinicalbert_type3_max_pool,rf,1,12,brier,0.2356444845671051
4269,1245.0,,lab_anemia,lab_anemia,clinicalbert_type3_max_pool,rf,2,12,auroc,0.6082949743239516
4270,1246.0,,lab_anemia,lab_anemia,clinicalbert_type3_max_pool,rf,2,12,auprc,0.7607296312199844
4271,1247.0,,lab_anemia,lab_anemia,clinicalbert_type3_max_pool,rf,2,12,brier,0.2542972624881781
4272,1248.0,,lab_anemia,lab_anemia,clinicalbert_type3_max_pool,rf,3,12,auroc,0.6276770197939905
4273,1249.0,,lab_anemia,lab_anemia,clinicalbert_type3_max_pool,rf,3,12,auprc,0.77014724827379
4274,1250.0,,lab_anemia,lab_anemia,clinicalbert_type3_max_pool,rf,3,12,brier,0.220670148740435
4275,1251.0,,lab_anemia,lab_anemia,clinicalbert_type3_max_pool,rf,4,12,auroc,0.600572375253395
4276,1252.0,,lab_anemia,lab_anemia,clinicalbert_type3_max_pool,rf,4,12,auprc,0.7459894452892478
4277,1253.0,,lab_anemia,lab_anemia,clinicalbert_type3_max_pool,rf,4,12,brier,0.2844437279683604
4278,1254.0,,lab_anemia,lab_anemia,clinicalbert_type3_max_pool,rf,0,16,auroc,0.564184411335722
4279,1255.0,,lab_anemia,lab_anemia,clinicalbert_type3_max_pool,rf,0,16,auprc,0.7189731926929022
4280,1256.0,,lab_anemia,lab_anemia,clinicalbert_type3_max_pool,rf,0,16,brier,0.2413241716103516
4281,1257.0,,lab_anemia,lab_anemia,clinicalbert_type3_max_pool,rf,1,16,auroc,0.6264004182680591
4282,1258.0,,lab_anemia,lab_anemia,clinicalbert_type3_max_pool,rf,1,16,auprc,0.756907292943235
4283,1259.0,,lab_anemia,lab_anemia,clinicalbert_type3_max_pool,rf,1,16,brier,0.2325183801908692
4284,1260.0,,lab_anemia,lab_anemia,clinicalbert_type3_max_pool,rf,2,16,auroc,0.5776668554481574
4285,1261.0,,lab_anemia,lab_anemia,clinicalbert_type3_max_pool,rf,2,16,auprc,0.7312868400130502
4286,1262.0,,lab_anemia,lab_anemia,clinicalbert_type3_max_pool,rf,2,16,brier,0.2556368970853753
4287,1263.0,,lab_anemia,lab_anemia,clinicalbert_type3_max_pool,rf,3,16,auroc,0.5972498393591729
4288,1264.0,,lab_anemia,lab_anemia,clinicalbert_type3_max_pool,rf,3,16,auprc,0.7413544490634434
4289,1265.0,,lab_anemia,lab_anemia,clinicalbert_type3_max_pool,rf,3,16,brier,0.2570251912991144
4290,1266.0,,lab_anemia,lab_anemia,clinicalbert_type3_max_pool,rf,4,16,auroc,0.6462058896385652
4291,1267.0,,lab_anemia,lab_anemia,clinicalbert_type3_max_pool,rf,4,16,auprc,0.7718339849321858
4292,1268.0,,lab_anemia,lab_anemia,clinicalbert_type3_max_pool,rf,4,16,brier,0.2410098013928295
4293,1269.0,,lab_anemia,lab_anemia,clinicalbert_type3_max_pool,rf,0,24,auroc,0.6309810856905396
4294,1270.0,,lab_anemia,lab_anemia,clinicalbert_type3_max_pool,rf,0,24,auprc,0.766199715380562
4295,1271.0,,lab_anemia,lab_anemia,clinicalbert_type3_max_pool,rf,0,24,brier,0.2395334512852499
4296,1272.0,,lab_anemia,lab_anemia,clinicalbert_type3_max_pool,rf,1,24,auroc,0.5884200653927344
4297,1273.0,,lab_anemia,lab_anemia,clinicalbert_type3_max_pool,rf,1,24,auprc,0.7331562812504643
4298,1274.0,,lab_anemia,lab_anemia,clinicalbert_type3_max_pool,rf,1,24,brier,0.2624819877912475
4299,1275.0,,lab_anemia,lab_anemia,clinicalbert_type3_max_pool,rf,2,24,auroc,0.6078120647125431
4300,1276.0,,lab_anemia,lab_anemia,clinicalbert_type3_max_pool,rf,2,24,auprc,0.7646809638100178
4301,1277.0,,lab_anemia,lab_anemia,clinicalbert_type3_max_pool,rf,2,24,brier,0.2415857696670977
4302,1278.0,,lab_anemia,lab_anemia,clinicalbert_type3_max_pool,rf,3,24,auroc,0.6200344346794602
4303,1279.0,,lab_anemia,lab_anemia,clinicalbert_type3_max_pool,rf,3,24,auprc,0.7787916969298921
4304,1280.0,,lab_anemia,lab_anemia,clinicalbert_type3_max_pool,rf,3,24,brier,0.2332823252680845
4305,1281.0,,lab_anemia,lab_anemia,clinicalbert_type3_max_pool,rf,4,24,auroc,0.5542968857107499
4306,1282.0,,lab_anemia,lab_anemia,clinicalbert_type3_max_pool,rf,4,24,auprc,0.7104226735222029
4307,1283.0,,lab_anemia,lab_anemia,clinicalbert_type3_max_pool,rf,4,24,brier,0.278039656951251
4308,1284.0,,lab_anemia,lab_anemia,clinicalbert_type3_max_pool,rf,0,32,auroc,0.6517384856074006
4309,1285.0,,lab_anemia,lab_anemia,clinicalbert_type3_max_pool,rf,0,32,auprc,0.8021830305225696
4310,1286.0,,lab_anemia,lab_anemia,clinicalbert_type3_max_pool,rf,0,32,brier,0.2354621063471987
4311,1287.0,,lab_anemia,lab_anemia,clinicalbert_type3_max_pool,rf,1,32,auroc,0.5881413837392065
4312,1288.0,,lab_anemia,lab_anemia,clinicalbert_type3_max_pool,rf,1,32,auprc,0.7436314203313902
4313,1289.0,,lab_anemia,lab_anemia,clinicalbert_type3_max_pool,rf,1,32,brier,0.2700471154672857
4314,1290.0,,lab_anemia,lab_anemia,clinicalbert_type3_max_pool,rf,2,32,auroc,0.6195919148599833
4315,1291.0,,lab_anemia,lab_anemia,clinicalbert_type3_max_pool,rf,2,32,auprc,0.7642779640070456
4316,1292.0,,lab_anemia,lab_anemia,clinicalbert_type3_max_pool,rf,2,32,brier,0.2365567410210346
4317,1293.0,,lab_anemia,lab_anemia,clinicalbert_type3_max_pool,rf,3,32,auroc,0.706203536347614
4318,1294.0,,lab_anemia,lab_anemia,clinicalbert_type3_max_pool,rf,3,32,auprc,0.8368795185271773
4319,1295.0,,lab_anemia,lab_anemia,clinicalbert_type3_max_pool,rf,3,32,brier,0.2111442397498078
4320,1296.0,,lab_anemia,lab_anemia,clinicalbert_type3_max_pool,rf,4,32,auroc,0.5892111728833743
4321,1297.0,,lab_anemia,lab_anemia,clinicalbert_type3_max_pool,rf,4,32,auprc,0.7333478601226872
4322,1298.0,,lab_anemia,lab_anemia,clinicalbert_type3_max_pool,rf,4,32,brier,0.2655305675565299
4323,1299.0,,lab_anemia,lab_anemia,clinicalbert_type3_max_pool,rf,0,48,auroc,0.6639817050029755
4324,1300.0,,lab_anemia,lab_anemia,clinicalbert_type3_max_pool,rf,0,48,auprc,0.7988048754267583
4325,1301.0,,lab_anemia,lab_anemia,clinicalbert_type3_max_pool,rf,0,48,brier,0.2334033572653248
4326,1302.0,,lab_anemia,lab_anemia,clinicalbert_type3_max_pool,rf,1,48,auroc,0.6471928073082582
4327,1303.0,,lab_anemia,lab_anemia,clinicalbert_type3_max_pool,rf,1,48,auprc,0.7747061589709819
4328,1304.0,,lab_anemia,lab_anemia,clinicalbert_type3_max_pool,rf,1,48,brier,0.2329165454389132
4329,1305.0,,lab_anemia,lab_anemia,clinicalbert_type3_max_pool,rf,2,48,auroc,0.6739284522506535
4330,1306.0,,lab_anemia,lab_anemia,clinicalbert_type3_max_pool,rf,2,48,auprc,0.7976014414120899
4331,1307.0,,lab_anemia,lab_anemia,clinicalbert_type3_max_pool,rf,2,48,brier,0.2169297241252223
4332,1308.0,,lab_anemia,lab_anemia,clinicalbert_type3_max_pool,rf,3,48,auroc,0.7065863358200531
4333,1309.0,,lab_anemia,lab_anemia,clinicalbert_type3_max_pool,rf,3,48,auprc,0.8319032927050116
4334,1310.0,,lab_anemia,lab_anemia,clinicalbert_type3_max_pool,rf,3,48,brier,0.2150343739134581
4335,1311.0,,lab_anemia,lab_anemia,clinicalbert_type3_max_pool,rf,4,48,auroc,0.631671391019206
4336,1312.0,,lab_anemia,lab_anemia,clinicalbert_type3_max_pool,rf,4,48,auprc,0.7693596660728008
4337,1313.0,,lab_anemia,lab_anemia,clinicalbert_type3_max_pool,rf,4,48,brier,0.2524635749290688
4338,1314.0,,lab_anemia,lab_anemia,clinicalbert_type3_max_pool,rf,0,64,auroc,0.6507350611941634
4339,1315.0,,lab_anemia,lab_anemia,clinicalbert_type3_max_pool,rf,0,64,auprc,0.7950194010004737
4340,1316.0,,lab_anemia,lab_anemia,clinicalbert_type3_max_pool,rf,0,64,brier,0.2369259949959987
4341,1317.0,,lab_anemia,lab_anemia,clinicalbert_type3_max_pool,rf,1,64,auroc,0.6817926181782338
4342,1318.0,,lab_anemia,lab_anemia,clinicalbert_type3_max_pool,rf,1,64,auprc,0.7959331993919985
4343,1319.0,,lab_anemia,lab_anemia,clinicalbert_type3_max_pool,rf,1,64,brier,0.2183675952196715
4344,1320.0,,lab_anemia,lab_anemia,clinicalbert_type3_max_pool,rf,2,64,auroc,0.682247660449764
4345,1321.0,,lab_anemia,lab_anemia,clinicalbert_type3_max_pool,rf,2,64,auprc,0.7998790627687735
4346,1322.0,,lab_anemia,lab_anemia,clinicalbert_type3_max_pool,rf,2,64,brier,0.2208719456624537
4347,1323.0,,lab_anemia,lab_anemia,clinicalbert_type3_max_pool,rf,3,64,auroc,0.7029437220890647
4348,1324.0,,lab_anemia,lab_anemia,clinicalbert_type3_max_pool,rf,3,64,auprc,0.8321989483462667
4349,1325.0,,lab_anemia,lab_anemia,clinicalbert_type3_max_pool,rf,3,64,brier,0.2181104076758114
4350,1326.0,,lab_anemia,lab_anemia,clinicalbert_type3_max_pool,rf,4,64,auroc,0.6626571640305703
4351,1327.0,,lab_anemia,lab_anemia,clinicalbert_type3_max_pool,rf,4,64,auprc,0.7886642616230584
4352,1328.0,,lab_anemia,lab_anemia,clinicalbert_type3_max_pool,rf,4,64,brier,0.2483175995185281
4353,1329.0,,lab_anemia,lab_anemia,clinicalbert_type3_max_pool,rf,0,128,auroc,0.7301217609660366
4354,1330.0,,lab_anemia,lab_anemia,clinicalbert_type3_max_pool,rf,0,128,auprc,0.8486274004272242
4355,1331.0,,lab_anemia,lab_anemia,clinicalbert_type3_max_pool,rf,0,128,brier,0.2221221659759357
4356,1332.0,,lab_anemia,lab_anemia,clinicalbert_type3_max_pool,rf,1,128,auroc,0.6935216073864583
4357,1333.0,,lab_anemia,lab_anemia,clinicalbert_type3_max_pool,rf,1,128,auprc,0.816302533649892
4358,1334.0,,lab_anemia,lab_anemia,clinicalbert_type3_max_pool,rf,1,128,brier,0.2197519662969649
4359,1335.0,,lab_anemia,lab_anemia,clinicalbert_type3_max_pool,rf,2,128,auroc,0.7221489274778464
4360,1336.0,,lab_anemia,lab_anemia,clinicalbert_type3_max_pool,rf,2,128,auprc,0.8384517711393831
4361,1337.0,,lab_anemia,lab_anemia,clinicalbert_type3_max_pool,rf,2,128,brier,0.2078160158197919
4362,1338.0,,lab_anemia,lab_anemia,clinicalbert_type3_max_pool,rf,3,128,auroc,0.6546206004517137
4363,1339.0,,lab_anemia,lab_anemia,clinicalbert_type3_max_pool,rf,3,128,auprc,0.7928729360935507
4364,1340.0,,lab_anemia,lab_anemia,clinicalbert_type3_max_pool,rf,3,128,brier,0.230577293439945
4365,1341.0,,lab_anemia,lab_anemia,clinicalbert_type3_max_pool,rf,4,128,auroc,0.6982597575071599
4366,1342.0,,lab_anemia,lab_anemia,clinicalbert_type3_max_pool,rf,4,128,auprc,0.8142041946078657
4367,1343.0,,lab_anemia,lab_anemia,clinicalbert_type3_max_pool,rf,4,128,brier,0.2263084515518871
4368,1344.0,,lab_anemia,lab_anemia,clinicalbert_type3_mean_pool,lr_lbfgs,0,-1,auroc,0.7558260907668654
4369,1345.0,,lab_anemia,lab_anemia,clinicalbert_type3_mean_pool,lr_lbfgs,0,-1,auprc,0.8657423950891924
4370,1346.0,,lab_anemia,lab_anemia,clinicalbert_type3_mean_pool,lr_lbfgs,0,-1,brier,0.1771782504017043
4371,1347.0,,lab_anemia,lab_anemia,clinicalbert_type3_mean_pool,lr_lbfgs,0,1,auroc,0.4588443814301474
4372,1348.0,,lab_anemia,lab_anemia,clinicalbert_type3_mean_pool,lr_lbfgs,0,1,auprc,0.6414768047591147
4373,1349.0,,lab_anemia,lab_anemia,clinicalbert_type3_mean_pool,lr_lbfgs,0,1,brier,0.2499996967342695
4374,1350.0,,lab_anemia,lab_anemia,clinicalbert_type3_mean_pool,lr_lbfgs,1,1,auroc,0.4375114171757495
4375,1351.0,,lab_anemia,lab_anemia,clinicalbert_type3_mean_pool,lr_lbfgs,1,1,auprc,0.6260022986118521
4376,1352.0,,lab_anemia,lab_anemia,clinicalbert_type3_mean_pool,lr_lbfgs,1,1,brier,0.2500006262342505
4377,1353.0,,lab_anemia,lab_anemia,clinicalbert_type3_mean_pool,lr_lbfgs,2,1,auroc,0.2926371854777803
4378,1354.0,,lab_anemia,lab_anemia,clinicalbert_type3_mean_pool,lr_lbfgs,2,1,auprc,0.563114598458909
4379,1355.0,,lab_anemia,lab_anemia,clinicalbert_type3_mean_pool,lr_lbfgs,2,1,brier,0.2500031416686362
4380,1356.0,,lab_anemia,lab_anemia,clinicalbert_type3_mean_pool,lr_lbfgs,3,1,auroc,0.6775972060155921
4381,1357.0,,lab_anemia,lab_anemia,clinicalbert_type3_mean_pool,lr_lbfgs,3,1,auprc,0.8060942834896546
4382,1358.0,,lab_anemia,lab_anemia,clinicalbert_type3_mean_pool,lr_lbfgs,3,1,brier,0.2499982473456458
4383,1359.0,,lab_anemia,lab_anemia,clinicalbert_type3_mean_pool,lr_lbfgs,4,1,auroc,0.6900747893887147
4384,1360.0,,lab_anemia,lab_anemia,clinicalbert_type3_mean_pool,lr_lbfgs,4,1,auprc,0.8253043369459897
4385,1361.0,,lab_anemia,lab_anemia,clinicalbert_type3_mean_pool,lr_lbfgs,4,1,brier,0.2499932221914903
4386,1362.0,,lab_anemia,lab_anemia,clinicalbert_type3_mean_pool,lr_lbfgs,0,2,auroc,0.6626449525073417
4387,1363.0,,lab_anemia,lab_anemia,clinicalbert_type3_mean_pool,lr_lbfgs,0,2,auprc,0.7847251080487312
4388,1364.0,,lab_anemia,lab_anemia,clinicalbert_type3_mean_pool,lr_lbfgs,0,2,brier,0.2499971208192702
4389,1365.0,,lab_anemia,lab_anemia,clinicalbert_type3_mean_pool,lr_lbfgs,1,2,auroc,0.4049231183767259
4390,1366.0,,lab_anemia,lab_anemia,clinicalbert_type3_mean_pool,lr_lbfgs,1,2,auprc,0.6128678937952424
4391,1367.0,,lab_anemia,lab_anemia,clinicalbert_type3_mean_pool,lr_lbfgs,1,2,brier,0.2500013082253848
4392,1368.0,,lab_anemia,lab_anemia,clinicalbert_type3_mean_pool,lr_lbfgs,2,2,auroc,0.6172151212667131
4393,1369.0,,lab_anemia,lab_anemia,clinicalbert_type3_mean_pool,lr_lbfgs,2,2,auprc,0.7573662762229193
4394,1370.0,,lab_anemia,lab_anemia,clinicalbert_type3_mean_pool,lr_lbfgs,2,2,brier,0.3268487398562667
4395,1371.0,,lab_anemia,lab_anemia,clinicalbert_type3_mean_pool,lr_lbfgs,3,2,auroc,0.6749054222616371
4396,1372.0,,lab_anemia,lab_anemia,clinicalbert_type3_mean_pool,lr_lbfgs,3,2,auprc,0.8099973905861986
4397,1373.0,,lab_anemia,lab_anemia,clinicalbert_type3_mean_pool,lr_lbfgs,3,2,brier,0.2499984678567555
4398,1374.0,,lab_anemia,lab_anemia,clinicalbert_type3_mean_pool,lr_lbfgs,4,2,auroc,0.6867220191057508
4399,1375.0,,lab_anemia,lab_anemia,clinicalbert_type3_mean_pool,lr_lbfgs,4,2,auprc,0.8253901021443483
4400,1376.0,,lab_anemia,lab_anemia,clinicalbert_type3_mean_pool,lr_lbfgs,4,2,brier,0.2499932544116217
4401,1377.0,,lab_anemia,lab_anemia,clinicalbert_type3_mean_pool,lr_lbfgs,0,4,auroc,0.6517719558571871
4402,1378.0,,lab_anemia,lab_anemia,clinicalbert_type3_mean_pool,lr_lbfgs,0,4,auprc,0.7773080498701166
4403,1379.0,,lab_anemia,lab_anemia,clinicalbert_type3_mean_pool,lr_lbfgs,0,4,brier,0.2302949357732211
4404,1380.0,,lab_anemia,lab_anemia,clinicalbert_type3_mean_pool,lr_lbfgs,1,4,auroc,0.5926710395733286
4405,1381.0,,lab_anemia,lab_anemia,clinicalbert_type3_mean_pool,lr_lbfgs,1,4,auprc,0.7632946985330393
4406,1382.0,,lab_anemia,lab_anemia,clinicalbert_type3_mean_pool,lr_lbfgs,1,4,brier,0.315536957283534
4407,1383.0,,lab_anemia,lab_anemia,clinicalbert_type3_mean_pool,lr_lbfgs,2,4,auroc,0.6786527736054997
4408,1384.0,,lab_anemia,lab_anemia,clinicalbert_type3_mean_pool,lr_lbfgs,2,4,auprc,0.7961105875871315
4409,1385.0,,lab_anemia,lab_anemia,clinicalbert_type3_mean_pool,lr_lbfgs,2,4,brier,0.24999533772952
4410,1386.0,,lab_anemia,lab_anemia,clinicalbert_type3_mean_pool,lr_lbfgs,3,4,auroc,0.696763267391429
4411,1387.0,,lab_anemia,lab_anemia,clinicalbert_type3_mean_pool,lr_lbfgs,3,4,auprc,0.8243839374080864
4412,1388.0,,lab_anemia,lab_anemia,clinicalbert_type3_mean_pool,lr_lbfgs,3,4,brier,0.2499978152675004
4413,1389.0,,lab_anemia,lab_anemia,clinicalbert_type3_mean_pool,lr_lbfgs,4,4,auroc,0.6970743681902202
4414,1390.0,,lab_anemia,lab_anemia,clinicalbert_type3_mean_pool,lr_lbfgs,4,4,auprc,0.8311285432965597
4415,1391.0,,lab_anemia,lab_anemia,clinicalbert_type3_mean_pool,lr_lbfgs,4,4,brier,0.2499934259150544
4416,1392.0,,lab_anemia,lab_anemia,clinicalbert_type3_mean_pool,lr_lbfgs,0,8,auroc,0.5693426290504241
4417,1393.0,,lab_anemia,lab_anemia,clinicalbert_type3_mean_pool,lr_lbfgs,0,8,auprc,0.7097379267542651
4418,1394.0,,lab_anemia,lab_anemia,clinicalbert_type3_mean_pool,lr_lbfgs,0,8,brier,0.3874270679969988
4419,1395.0,,lab_anemia,lab_anemia,clinicalbert_type3_mean_pool,lr_lbfgs,1,8,auroc,0.5593338329289999
4420,1396.0,,lab_anemia,lab_anemia,clinicalbert_type3_mean_pool,lr_lbfgs,1,8,auprc,0.7197145462979564
4421,1397.0,,lab_anemia,lab_anemia,clinicalbert_type3_mean_pool,lr_lbfgs,1,8,brier,0.2518496275409146
4422,1398.0,,lab_anemia,lab_anemia,clinicalbert_type3_mean_pool,lr_lbfgs,2,8,auroc,0.6690575809228381
4423,1399.0,,lab_anemia,lab_anemia,clinicalbert_type3_mean_pool,lr_lbfgs,2,8,auprc,0.8066571889173756
4424,1400.0,,lab_anemia,lab_anemia,clinicalbert_type3_mean_pool,lr_lbfgs,2,8,brier,0.3323603953576515
4425,1401.0,,lab_anemia,lab_anemia,clinicalbert_type3_mean_pool,lr_lbfgs,3,8,auroc,0.7053282820240008
4426,1402.0,,lab_anemia,lab_anemia,clinicalbert_type3_mean_pool,lr_lbfgs,3,8,auprc,0.8312043510069723
4427,1403.0,,lab_anemia,lab_anemia,clinicalbert_type3_mean_pool,lr_lbfgs,3,8,brier,0.2499953895966529
4428,1404.0,,lab_anemia,lab_anemia,clinicalbert_type3_mean_pool,lr_lbfgs,4,8,auroc,0.6889880917699547
4429,1405.0,,lab_anemia,lab_anemia,clinicalbert_type3_mean_pool,lr_lbfgs,4,8,auprc,0.8266192462507205
4430,1406.0,,lab_anemia,lab_anemia,clinicalbert_type3_mean_pool,lr_lbfgs,4,8,brier,0.2192785068656542
4431,1407.0,,lab_anemia,lab_anemia,clinicalbert_type3_mean_pool,lr_lbfgs,0,12,auroc,0.5933652982381823
4432,1408.0,,lab_anemia,lab_anemia,clinicalbert_type3_mean_pool,lr_lbfgs,0,12,auprc,0.7408796352917124
4433,1409.0,,lab_anemia,lab_anemia,clinicalbert_type3_mean_pool,lr_lbfgs,0,12,brier,0.3668547502062089
4434,1410.0,,lab_anemia,lab_anemia,clinicalbert_type3_mean_pool,lr_lbfgs,1,12,auroc,0.6441932280940152
4435,1411.0,,lab_anemia,lab_anemia,clinicalbert_type3_mean_pool,lr_lbfgs,1,12,auprc,0.7926218447716363
4436,1412.0,,lab_anemia,lab_anemia,clinicalbert_type3_mean_pool,lr_lbfgs,1,12,brier,0.2347240999712737
4437,1413.0,,lab_anemia,lab_anemia,clinicalbert_type3_mean_pool,lr_lbfgs,2,12,auroc,0.6584006041374584
4438,1414.0,,lab_anemia,lab_anemia,clinicalbert_type3_mean_pool,lr_lbfgs,2,12,auprc,0.8013465053384845
4439,1415.0,,lab_anemia,lab_anemia,clinicalbert_type3_mean_pool,lr_lbfgs,2,12,brier,0.3708829257868264
4440,1416.0,,lab_anemia,lab_anemia,clinicalbert_type3_mean_pool,lr_lbfgs,3,12,auroc,0.7219073687999021
4441,1417.0,,lab_anemia,lab_anemia,clinicalbert_type3_mean_pool,lr_lbfgs,3,12,auprc,0.844208795528384
4442,1418.0,,lab_anemia,lab_anemia,clinicalbert_type3_mean_pool,lr_lbfgs,3,12,brier,0.203029205155218
4443,1419.0,,lab_anemia,lab_anemia,clinicalbert_type3_mean_pool,lr_lbfgs,4,12,auroc,0.7034211436691349
4444,1420.0,,lab_anemia,lab_anemia,clinicalbert_type3_mean_pool,lr_lbfgs,4,12,auprc,0.835792781145807
4445,1421.0,,lab_anemia,lab_anemia,clinicalbert_type3_mean_pool,lr_lbfgs,4,12,brier,0.2499894645411992
4446,1422.0,,lab_anemia,lab_anemia,clinicalbert_type3_mean_pool,lr_lbfgs,0,16,auroc,0.6968549432420754
4447,1423.0,,lab_anemia,lab_anemia,clinicalbert_type3_mean_pool,lr_lbfgs,0,16,auprc,0.8217080712384646
4448,1424.0,,lab_anemia,lab_anemia,clinicalbert_type3_mean_pool,lr_lbfgs,0,16,brier,0.2449804946582236
4449,1425.0,,lab_anemia,lab_anemia,clinicalbert_type3_mean_pool,lr_lbfgs,1,16,auroc,0.5801902850013507
4450,1426.0,,lab_anemia,lab_anemia,clinicalbert_type3_mean_pool,lr_lbfgs,1,16,auprc,0.7351131538440028
4451,1427.0,,lab_anemia,lab_anemia,clinicalbert_type3_mean_pool,lr_lbfgs,1,16,brier,0.3559440704644042
4452,1428.0,,lab_anemia,lab_anemia,clinicalbert_type3_mean_pool,lr_lbfgs,2,16,auroc,0.678421111681988
4453,1429.0,,lab_anemia,lab_anemia,clinicalbert_type3_mean_pool,lr_lbfgs,2,16,auprc,0.8029340618417597
4454,1430.0,,lab_anemia,lab_anemia,clinicalbert_type3_mean_pool,lr_lbfgs,2,16,brier,0.3303558105237921
4455,1431.0,,lab_anemia,lab_anemia,clinicalbert_type3_mean_pool,lr_lbfgs,3,16,auroc,0.709447856444987
4456,1432.0,,lab_anemia,lab_anemia,clinicalbert_type3_mean_pool,lr_lbfgs,3,16,auprc,0.8383570372581397
4457,1433.0,,lab_anemia,lab_anemia,clinicalbert_type3_mean_pool,lr_lbfgs,3,16,brier,0.2214342422050312
4458,1434.0,,lab_anemia,lab_anemia,clinicalbert_type3_mean_pool,lr_lbfgs,4,16,auroc,0.7119852392731447
4459,1435.0,,lab_anemia,lab_anemia,clinicalbert_type3_mean_pool,lr_lbfgs,4,16,auprc,0.8408105895812978
4460,1436.0,,lab_anemia,lab_anemia,clinicalbert_type3_mean_pool,lr_lbfgs,4,16,brier,0.2347391318969814
4461,1437.0,,lab_anemia,lab_anemia,clinicalbert_type3_mean_pool,lr_lbfgs,0,24,auroc,0.7121937707060884
4462,1438.0,,lab_anemia,lab_anemia,clinicalbert_type3_mean_pool,lr_lbfgs,0,24,auprc,0.8422629991987569
4463,1439.0,,lab_anemia,lab_anemia,clinicalbert_type3_mean_pool,lr_lbfgs,0,24,brier,0.215287439454779
4464,1440.0,,lab_anemia,lab_anemia,clinicalbert_type3_mean_pool,lr_lbfgs,1,24,auroc,0.6553787948880274
4465,1441.0,,lab_anemia,lab_anemia,clinicalbert_type3_mean_pool,lr_lbfgs,1,24,auprc,0.7945269543084565
4466,1442.0,,lab_anemia,lab_anemia,clinicalbert_type3_mean_pool,lr_lbfgs,1,24,brier,0.2328231182725736
4467,1443.0,,lab_anemia,lab_anemia,clinicalbert_type3_mean_pool,lr_lbfgs,2,24,auroc,0.6655064456164504
4468,1444.0,,lab_anemia,lab_anemia,clinicalbert_type3_mean_pool,lr_lbfgs,2,24,auprc,0.8005186228335945
4469,1445.0,,lab_anemia,lab_anemia,clinicalbert_type3_mean_pool,lr_lbfgs,2,24,brier,0.3486620864065611
4470,1446.0,,lab_anemia,lab_anemia,clinicalbert_type3_mean_pool,lr_lbfgs,3,24,auroc,0.7032698231399698
4471,1447.0,,lab_anemia,lab_anemia,clinicalbert_type3_mean_pool,lr_lbfgs,3,24,auprc,0.8328896486282279
4472,1448.0,,lab_anemia,lab_anemia,clinicalbert_type3_mean_pool,lr_lbfgs,3,24,brier,0.2230674558214796
4473,1449.0,,lab_anemia,lab_anemia,clinicalbert_type3_mean_pool,lr_lbfgs,4,24,auroc,0.7071437569103415
4474,1450.0,,lab_anemia,lab_anemia,clinicalbert_type3_mean_pool,lr_lbfgs,4,24,auprc,0.8389224712478038
4475,1451.0,,lab_anemia,lab_anemia,clinicalbert_type3_mean_pool,lr_lbfgs,4,24,brier,0.249990493647161
4476,1452.0,,lab_anemia,lab_anemia,clinicalbert_type3_mean_pool,lr_lbfgs,0,32,auroc,0.7093782964388538
4477,1453.0,,lab_anemia,lab_anemia,clinicalbert_type3_mean_pool,lr_lbfgs,0,32,auprc,0.8422085241478693
4478,1454.0,,lab_anemia,lab_anemia,clinicalbert_type3_mean_pool,lr_lbfgs,0,32,brier,0.2215374108719319
4479,1455.0,,lab_anemia,lab_anemia,clinicalbert_type3_mean_pool,lr_lbfgs,1,32,auroc,0.6968452893148003
4480,1456.0,,lab_anemia,lab_anemia,clinicalbert_type3_mean_pool,lr_lbfgs,1,32,auprc,0.8232991867337055
4481,1457.0,,lab_anemia,lab_anemia,clinicalbert_type3_mean_pool,lr_lbfgs,1,32,brier,0.2499825644268232
4482,1458.0,,lab_anemia,lab_anemia,clinicalbert_type3_mean_pool,lr_lbfgs,2,32,auroc,0.6966412828593125
4483,1459.0,,lab_anemia,lab_anemia,clinicalbert_type3_mean_pool,lr_lbfgs,2,32,auprc,0.8320535277719526
4484,1460.0,,lab_anemia,lab_anemia,clinicalbert_type3_mean_pool,lr_lbfgs,2,32,brier,0.2148083133112467
4485,1461.0,,lab_anemia,lab_anemia,clinicalbert_type3_mean_pool,lr_lbfgs,3,32,auroc,0.7296619268135457
4486,1462.0,,lab_anemia,lab_anemia,clinicalbert_type3_mean_pool,lr_lbfgs,3,32,auprc,0.8491298763192237
4487,1463.0,,lab_anemia,lab_anemia,clinicalbert_type3_mean_pool,lr_lbfgs,3,32,brier,0.1980876194248481
4488,1464.0,,lab_anemia,lab_anemia,clinicalbert_type3_mean_pool,lr_lbfgs,4,32,auroc,0.7088390922006462
4489,1465.0,,lab_anemia,lab_anemia,clinicalbert_type3_mean_pool,lr_lbfgs,4,32,auprc,0.8385627404232334
4490,1466.0,,lab_anemia,lab_anemia,clinicalbert_type3_mean_pool,lr_lbfgs,4,32,brier,0.2443060335191386
4491,1467.0,,lab_anemia,lab_anemia,clinicalbert_type3_mean_pool,lr_lbfgs,0,48,auroc,0.7129939763043344
4492,1468.0,,lab_anemia,lab_anemia,clinicalbert_type3_mean_pool,lr_lbfgs,0,48,auprc,0.8427821562888326
4493,1469.0,,lab_anemia,lab_anemia,clinicalbert_type3_mean_pool,lr_lbfgs,0,48,brier,0.2185750846215036
4494,1470.0,,lab_anemia,lab_anemia,clinicalbert_type3_mean_pool,lr_lbfgs,1,48,auroc,0.6967133027802196
4495,1471.0,,lab_anemia,lab_anemia,clinicalbert_type3_mean_pool,lr_lbfgs,1,48,auprc,0.8188071890997073
4496,1472.0,,lab_anemia,lab_anemia,clinicalbert_type3_mean_pool,lr_lbfgs,1,48,brier,0.2391256452270191
4497,1473.0,,lab_anemia,lab_anemia,clinicalbert_type3_mean_pool,lr_lbfgs,2,48,auroc,0.7095419192934707
4498,1474.0,,lab_anemia,lab_anemia,clinicalbert_type3_mean_pool,lr_lbfgs,2,48,auprc,0.8404717843837652
4499,1475.0,,lab_anemia,lab_anemia,clinicalbert_type3_mean_pool,lr_lbfgs,2,48,brier,0.2087006867921323
4500,1476.0,,lab_anemia,lab_anemia,clinicalbert_type3_mean_pool,lr_lbfgs,3,48,auroc,0.7225674569372176
4501,1477.0,,lab_anemia,lab_anemia,clinicalbert_type3_mean_pool,lr_lbfgs,3,48,auprc,0.8458324719582969
4502,1478.0,,lab_anemia,lab_anemia,clinicalbert_type3_mean_pool,lr_lbfgs,3,48,brier,0.2063833400900115
4503,1479.0,,lab_anemia,lab_anemia,clinicalbert_type3_mean_pool,lr_lbfgs,4,48,auroc,0.709610867072493
4504,1480.0,,lab_anemia,lab_anemia,clinicalbert_type3_mean_pool,lr_lbfgs,4,48,auprc,0.8380203522003566
4505,1481.0,,lab_anemia,lab_anemia,clinicalbert_type3_mean_pool,lr_lbfgs,4,48,brier,0.2254026807250528
4506,1482.0,,lab_anemia,lab_anemia,clinicalbert_type3_mean_pool,lr_lbfgs,0,64,auroc,0.7236719517917238
4507,1483.0,,lab_anemia,lab_anemia,clinicalbert_type3_mean_pool,lr_lbfgs,0,64,auprc,0.8493390484516602
4508,1484.0,,lab_anemia,lab_anemia,clinicalbert_type3_mean_pool,lr_lbfgs,0,64,brier,0.2183362769443111
4509,1485.0,,lab_anemia,lab_anemia,clinicalbert_type3_mean_pool,lr_lbfgs,1,64,auroc,0.7011120279995534
4510,1486.0,,lab_anemia,lab_anemia,clinicalbert_type3_mean_pool,lr_lbfgs,1,64,auprc,0.8262863449050315
4511,1487.0,,lab_anemia,lab_anemia,clinicalbert_type3_mean_pool,lr_lbfgs,1,64,brier,0.2499635909629499
4512,1488.0,,lab_anemia,lab_anemia,clinicalbert_type3_mean_pool,lr_lbfgs,2,64,auroc,0.7099167563739894
4513,1489.0,,lab_anemia,lab_anemia,clinicalbert_type3_mean_pool,lr_lbfgs,2,64,auprc,0.8394141151211959
4514,1490.0,,lab_anemia,lab_anemia,clinicalbert_type3_mean_pool,lr_lbfgs,2,64,brier,0.216737833157718
4515,1491.0,,lab_anemia,lab_anemia,clinicalbert_type3_mean_pool,lr_lbfgs,3,64,auroc,0.7110162405967247
4516,1492.0,,lab_anemia,lab_anemia,clinicalbert_type3_mean_pool,lr_lbfgs,3,64,auprc,0.8380168672779094
4517,1493.0,,lab_anemia,lab_anemia,clinicalbert_type3_mean_pool,lr_lbfgs,3,64,brier,0.2406115713011686
4518,1494.0,,lab_anemia,lab_anemia,clinicalbert_type3_mean_pool,lr_lbfgs,4,64,auroc,0.7064852660666796
4519,1495.0,,lab_anemia,lab_anemia,clinicalbert_type3_mean_pool,lr_lbfgs,4,64,auprc,0.8357444135056891
4520,1496.0,,lab_anemia,lab_anemia,clinicalbert_type3_mean_pool,lr_lbfgs,4,64,brier,0.2199262910984288
4521,1497.0,,lab_anemia,lab_anemia,clinicalbert_type3_mean_pool,lr_lbfgs,0,128,auroc,0.7152089809727381
4522,1498.0,,lab_anemia,lab_anemia,clinicalbert_type3_mean_pool,lr_lbfgs,0,128,auprc,0.8407026985396123
4523,1499.0,,lab_anemia,lab_anemia,clinicalbert_type3_mean_pool,lr_lbfgs,0,128,brier,0.2219930545335959
4524,1500.0,,lab_anemia,lab_anemia,clinicalbert_type3_mean_pool,lr_lbfgs,1,128,auroc,0.6987457825978778
4525,1501.0,,lab_anemia,lab_anemia,clinicalbert_type3_mean_pool,lr_lbfgs,1,128,auprc,0.8216535775176192
4526,1502.0,,lab_anemia,lab_anemia,clinicalbert_type3_mean_pool,lr_lbfgs,1,128,brier,0.2499509345615002
4527,1503.0,,lab_anemia,lab_anemia,clinicalbert_type3_mean_pool,lr_lbfgs,2,128,auroc,0.7301927703682629
4528,1504.0,,lab_anemia,lab_anemia,clinicalbert_type3_mean_pool,lr_lbfgs,2,128,auprc,0.8478411080352495
4529,1505.0,,lab_anemia,lab_anemia,clinicalbert_type3_mean_pool,lr_lbfgs,2,128,brier,0.2045527145904255
4530,1506.0,,lab_anemia,lab_anemia,clinicalbert_type3_mean_pool,lr_lbfgs,3,128,auroc,0.7206409171739955
4531,1507.0,,lab_anemia,lab_anemia,clinicalbert_type3_mean_pool,lr_lbfgs,3,128,auprc,0.8429693566379962
4532,1508.0,,lab_anemia,lab_anemia,clinicalbert_type3_mean_pool,lr_lbfgs,3,128,brier,0.2162420657444341
4533,1509.0,,lab_anemia,lab_anemia,clinicalbert_type3_mean_pool,lr_lbfgs,4,128,auroc,0.7206480341421863
4534,1510.0,,lab_anemia,lab_anemia,clinicalbert_type3_mean_pool,lr_lbfgs,4,128,auprc,0.842788484888069
4535,1511.0,,lab_anemia,lab_anemia,clinicalbert_type3_mean_pool,lr_lbfgs,4,128,brier,0.221650485020631
4536,1512.0,,lab_anemia,lab_anemia,clinicalbert_type3_mean_pool,knn,0,-1,auroc,0.6333523410360906
4537,1513.0,,lab_anemia,lab_anemia,clinicalbert_type3_mean_pool,knn,0,-1,auprc,0.769959125769406
4538,1514.0,,lab_anemia,lab_anemia,clinicalbert_type3_mean_pool,knn,0,-1,brier,0.2849686070524167
4539,1515.0,,lab_anemia,lab_anemia,clinicalbert_type3_mean_pool,knn,0,1,auroc,0.504964670024377
4540,1516.0,,lab_anemia,lab_anemia,clinicalbert_type3_mean_pool,knn,0,1,auprc,0.6894430501332833
4541,1517.0,,lab_anemia,lab_anemia,clinicalbert_type3_mean_pool,knn,0,1,brier,0.3678789442008425
4542,1518.0,,lab_anemia,lab_anemia,clinicalbert_type3_mean_pool,knn,1,1,auroc,0.4362617302542483
4543,1519.0,,lab_anemia,lab_anemia,clinicalbert_type3_mean_pool,knn,1,1,auprc,0.6640608747614752
4544,1520.0,,lab_anemia,lab_anemia,clinicalbert_type3_mean_pool,knn,1,1,brier,0.6436763820823661
4545,1521.0,,lab_anemia,lab_anemia,clinicalbert_type3_mean_pool,knn,2,1,auroc,0.4259951424937964
4546,1522.0,,lab_anemia,lab_anemia,clinicalbert_type3_mean_pool,knn,2,1,auprc,0.6688170064534859
4547,1523.0,,lab_anemia,lab_anemia,clinicalbert_type3_mean_pool,knn,2,1,brier,0.7095348637262489
4548,1524.0,,lab_anemia,lab_anemia,clinicalbert_type3_mean_pool,knn,3,1,auroc,0.6264464811352535
4549,1525.0,,lab_anemia,lab_anemia,clinicalbert_type3_mean_pool,knn,3,1,auprc,0.7484016252651503
4550,1526.0,,lab_anemia,lab_anemia,clinicalbert_type3_mean_pool,knn,3,1,brier,0.3400395494798384
4551,1527.0,,lab_anemia,lab_anemia,clinicalbert_type3_mean_pool,knn,4,1,auroc,0.5232786357708892
4552,1528.0,,lab_anemia,lab_anemia,clinicalbert_type3_mean_pool,knn,4,1,auprc,0.6974565799166865
4553,1529.0,,lab_anemia,lab_anemia,clinicalbert_type3_mean_pool,knn,4,1,brier,0.3020204625569598
4554,1530.0,,lab_anemia,lab_anemia,clinicalbert_type3_mean_pool,knn,0,2,auroc,0.6104340112384261
4555,1531.0,,lab_anemia,lab_anemia,clinicalbert_type3_mean_pool,knn,0,2,auprc,0.7388800626616361
4556,1532.0,,lab_anemia,lab_anemia,clinicalbert_type3_mean_pool,knn,0,2,brier,0.2089702805720345
4557,1533.0,,lab_anemia,lab_anemia,clinicalbert_type3_mean_pool,knn,1,2,auroc,0.4255657649203359
4558,1534.0,,lab_anemia,lab_anemia,clinicalbert_type3_mean_pool,knn,1,2,auprc,0.6634809158683231
4559,1535.0,,lab_anemia,lab_anemia,clinicalbert_type3_mean_pool,knn,1,2,brier,0.338790015189293
4560,1536.0,,lab_anemia,lab_anemia,clinicalbert_type3_mean_pool,knn,2,2,auroc,0.577467029334415
4561,1537.0,,lab_anemia,lab_anemia,clinicalbert_type3_mean_pool,knn,2,2,auprc,0.7239054220857513
4562,1538.0,,lab_anemia,lab_anemia,clinicalbert_type3_mean_pool,knn,2,2,brier,0.4379159143667784
4563,1539.0,,lab_anemia,lab_anemia,clinicalbert_type3_mean_pool,knn,3,2,auroc,0.6140120487671223
4564,1540.0,,lab_anemia,lab_anemia,clinicalbert_type3_mean_pool,knn,3,2,auprc,0.7417579415316494
4565,1541.0,,lab_anemia,lab_anemia,clinicalbert_type3_mean_pool,knn,3,2,brier,0.3491187344166451
4566,1542.0,,lab_anemia,lab_anemia,clinicalbert_type3_mean_pool,knn,4,2,auroc,0.5362960940804586
4567,1543.0,,lab_anemia,lab_anemia,clinicalbert_type3_mean_pool,knn,4,2,auprc,0.7032774191193614
4568,1544.0,,lab_anemia,lab_anemia,clinicalbert_type3_mean_pool,knn,4,2,brier,0.3021924168171266
4569,1545.0,,lab_anemia,lab_anemia,clinicalbert_type3_mean_pool,knn,0,4,auroc,0.5463701212808149
4570,1546.0,,lab_anemia,lab_anemia,clinicalbert_type3_mean_pool,knn,0,4,auprc,0.7091598097770739
4571,1547.0,,lab_anemia,lab_anemia,clinicalbert_type3_mean_pool,knn,0,4,brier,0.2198473428290297
4572,1548.0,,lab_anemia,lab_anemia,clinicalbert_type3_mean_pool,knn,1,4,auroc,0.4681729643396969
4573,1549.0,,lab_anemia,lab_anemia,clinicalbert_type3_mean_pool,knn,1,4,auprc,0.6754840049330809
4574,1550.0,,lab_anemia,lab_anemia,clinicalbert_type3_mean_pool,knn,1,4,brier,0.3392141690310377
4575,1551.0,,lab_anemia,lab_anemia,clinicalbert_type3_mean_pool,knn,2,4,auroc,0.6255423338193775
4576,1552.0,,lab_anemia,lab_anemia,clinicalbert_type3_mean_pool,knn,2,4,auprc,0.7567379112751664
4577,1553.0,,lab_anemia,lab_anemia,clinicalbert_type3_mean_pool,knn,2,4,brier,0.2362460474402698
4578,1554.0,,lab_anemia,lab_anemia,clinicalbert_type3_mean_pool,knn,3,4,auroc,0.6654445797229418
4579,1555.0,,lab_anemia,lab_anemia,clinicalbert_type3_mean_pool,knn,3,4,auprc,0.8010977172236851
4580,1556.0,,lab_anemia,lab_anemia,clinicalbert_type3_mean_pool,knn,3,4,brier,0.2226383601135417
4581,1557.0,,lab_anemia,lab_anemia,clinicalbert_type3_mean_pool,knn,4,4,auroc,0.6585979545148275
4582,1558.0,,lab_anemia,lab_anemia,clinicalbert_type3_mean_pool,knn,4,4,auprc,0.7705803209959803
4583,1559.0,,lab_anemia,lab_anemia,clinicalbert_type3_mean_pool,knn,4,4,brier,0.1983740005158628
4584,1560.0,,lab_anemia,lab_anemia,clinicalbert_type3_mean_pool,knn,0,8,auroc,0.5476105498150283
4585,1561.0,,lab_anemia,lab_anemia,clinicalbert_type3_mean_pool,knn,0,8,auprc,0.7096486857668937
4586,1562.0,,lab_anemia,lab_anemia,clinicalbert_type3_mean_pool,knn,0,8,brier,0.2326121571661938
4587,1563.0,,lab_anemia,lab_anemia,clinicalbert_type3_mean_pool,knn,1,8,auroc,0.5372347606869573
4588,1564.0,,lab_anemia,lab_anemia,clinicalbert_type3_mean_pool,knn,1,8,auprc,0.7032797072998831
4589,1565.0,,lab_anemia,lab_anemia,clinicalbert_type3_mean_pool,knn,1,8,brier,0.2345139712836386
4590,1566.0,,lab_anemia,lab_anemia,clinicalbert_type3_mean_pool,knn,2,8,auroc,0.6259377032086685
4591,1567.0,,lab_anemia,lab_anemia,clinicalbert_type3_mean_pool,knn,2,8,auprc,0.749218138151865
4592,1568.0,,lab_anemia,lab_anemia,clinicalbert_type3_mean_pool,knn,2,8,brier,0.373862952454647
4593,1569.0,,lab_anemia,lab_anemia,clinicalbert_type3_mean_pool,knn,3,8,auroc,0.696299578271826
4594,1570.0,,lab_anemia,lab_anemia,clinicalbert_type3_mean_pool,knn,3,8,auprc,0.8006821910606815
4595,1571.0,,lab_anemia,lab_anemia,clinicalbert_type3_mean_pool,knn,3,8,brier,0.2134255008167827
4596,1572.0,,lab_anemia,lab_anemia,clinicalbert_type3_mean_pool,knn,4,8,auroc,0.6005813405971444
4597,1573.0,,lab_anemia,lab_anemia,clinicalbert_type3_mean_pool,knn,4,8,auprc,0.7345615614338424
4598,1574.0,,lab_anemia,lab_anemia,clinicalbert_type3_mean_pool,knn,4,8,brier,0.3478462728914109
4599,1575.0,,lab_anemia,lab_anemia,clinicalbert_type3_mean_pool,knn,0,12,auroc,0.5633147895015296
4600,1576.0,,lab_anemia,lab_anemia,clinicalbert_type3_mean_pool,knn,0,12,auprc,0.7250386454414212
4601,1577.0,,lab_anemia,lab_anemia,clinicalbert_type3_mean_pool,knn,0,12,brier,0.2536912451214707
4602,1578.0,,lab_anemia,lab_anemia,clinicalbert_type3_mean_pool,knn,1,12,auroc,0.6559893806799972
4603,1579.0,,lab_anemia,lab_anemia,clinicalbert_type3_mean_pool,knn,1,12,auprc,0.8030198248002567
4604,1580.0,,lab_anemia,lab_anemia,clinicalbert_type3_mean_pool,knn,1,12,brier,0.2156273198866048
4605,1581.0,,lab_anemia,lab_anemia,clinicalbert_type3_mean_pool,knn,2,12,auroc,0.6819776827396462
4606,1582.0,,lab_anemia,lab_anemia,clinicalbert_type3_mean_pool,knn,2,12,auprc,0.7998357751212657
4607,1583.0,,lab_anemia,lab_anemia,clinicalbert_type3_mean_pool,knn,2,12,brier,0.2546108769964137
4608,1584.0,,lab_anemia,lab_anemia,clinicalbert_type3_mean_pool,knn,3,12,auroc,0.6905794076104232
4609,1585.0,,lab_anemia,lab_anemia,clinicalbert_type3_mean_pool,knn,3,12,auprc,0.8093409722570872
4610,1586.0,,lab_anemia,lab_anemia,clinicalbert_type3_mean_pool,knn,3,12,brier,0.2102367942102541
4611,1587.0,,lab_anemia,lab_anemia,clinicalbert_type3_mean_pool,knn,4,12,auroc,0.6754577756248173
4612,1588.0,,lab_anemia,lab_anemia,clinicalbert_type3_mean_pool,knn,4,12,auprc,0.8159983726345864
4613,1589.0,,lab_anemia,lab_anemia,clinicalbert_type3_mean_pool,knn,4,12,brier,0.2027999023144438
4614,1590.0,,lab_anemia,lab_anemia,clinicalbert_type3_mean_pool,knn,0,16,auroc,0.5418020024504219
4615,1591.0,,lab_anemia,lab_anemia,clinicalbert_type3_mean_pool,knn,0,16,auprc,0.719124417852245
4616,1592.0,,lab_anemia,lab_anemia,clinicalbert_type3_mean_pool,knn,0,16,brier,0.2760132405440805
4617,1593.0,,lab_anemia,lab_anemia,clinicalbert_type3_mean_pool,knn,1,16,auroc,0.6154289975111248
4618,1594.0,,lab_anemia,lab_anemia,clinicalbert_type3_mean_pool,knn,1,16,auprc,0.750899159789441
4619,1595.0,,lab_anemia,lab_anemia,clinicalbert_type3_mean_pool,knn,1,16,brier,0.2442514735524794
4620,1596.0,,lab_anemia,lab_anemia,clinicalbert_type3_mean_pool,knn,2,16,auroc,0.6688649976621868
4621,1597.0,,lab_anemia,lab_anemia,clinicalbert_type3_mean_pool,knn,2,16,auprc,0.7784119615846791
4622,1598.0,,lab_anemia,lab_anemia,clinicalbert_type3_mean_pool,knn,2,16,brier,0.248204510933425
4623,1599.0,,lab_anemia,lab_anemia,clinicalbert_type3_mean_pool,knn,3,16,auroc,0.6714734249752479
4624,1600.0,,lab_anemia,lab_anemia,clinicalbert_type3_mean_pool,knn,3,16,auprc,0.7908346713494232
4625,1601.0,,lab_anemia,lab_anemia,clinicalbert_type3_mean_pool,knn,3,16,brier,0.2185483621356719
4626,1602.0,,lab_anemia,lab_anemia,clinicalbert_type3_mean_pool,knn,4,16,auroc,0.6570871953800379
4627,1603.0,,lab_anemia,lab_anemia,clinicalbert_type3_mean_pool,knn,4,16,auprc,0.7932443787711339
4628,1604.0,,lab_anemia,lab_anemia,clinicalbert_type3_mean_pool,knn,4,16,brier,0.2266884588379345
4629,1605.0,,lab_anemia,lab_anemia,clinicalbert_type3_mean_pool,knn,0,24,auroc,0.549698787700894
4630,1606.0,,lab_anemia,lab_anemia,clinicalbert_type3_mean_pool,knn,0,24,auprc,0.7209083204793774
4631,1607.0,,lab_anemia,lab_anemia,clinicalbert_type3_mean_pool,knn,0,24,brier,0.2645867586503165
4632,1608.0,,lab_anemia,lab_anemia,clinicalbert_type3_mean_pool,knn,1,24,auroc,0.661328794231087
4633,1609.0,,lab_anemia,lab_anemia,clinicalbert_type3_mean_pool,knn,1,24,auprc,0.7847116203063615
4634,1610.0,,lab_anemia,lab_anemia,clinicalbert_type3_mean_pool,knn,1,24,brier,0.2154695025092881
4635,1611.0,,lab_anemia,lab_anemia,clinicalbert_type3_mean_pool,knn,2,24,auroc,0.6857707984039996
4636,1612.0,,lab_anemia,lab_anemia,clinicalbert_type3_mean_pool,knn,2,24,auprc,0.817111588767214
4637,1613.0,,lab_anemia,lab_anemia,clinicalbert_type3_mean_pool,knn,2,24,brier,0.2159095488476944
4638,1614.0,,lab_anemia,lab_anemia,clinicalbert_type3_mean_pool,knn,3,24,auroc,0.6805131591338542
4639,1615.0,,lab_anemia,lab_anemia,clinicalbert_type3_mean_pool,knn,3,24,auprc,0.7960661798755824
4640,1616.0,,lab_anemia,lab_anemia,clinicalbert_type3_mean_pool,knn,3,24,brier,0.2181336084601496
4641,1617.0,,lab_anemia,lab_anemia,clinicalbert_type3_mean_pool,knn,4,24,auroc,0.6228395822574933
4642,1618.0,,lab_anemia,lab_anemia,clinicalbert_type3_mean_pool,knn,4,24,auprc,0.7659836115727254
4643,1619.0,,lab_anemia,lab_anemia,clinicalbert_type3_mean_pool,knn,4,24,brier,0.2509362059912295
4644,1620.0,,lab_anemia,lab_anemia,clinicalbert_type3_mean_pool,knn,0,32,auroc,0.5372375102057916
4645,1621.0,,lab_anemia,lab_anemia,clinicalbert_type3_mean_pool,knn,0,32,auprc,0.713476767257647
4646,1622.0,,lab_anemia,lab_anemia,clinicalbert_type3_mean_pool,knn,0,32,brier,0.2915208098242048
4647,1623.0,,lab_anemia,lab_anemia,clinicalbert_type3_mean_pool,knn,1,32,auroc,0.6459697887245515
4648,1624.0,,lab_anemia,lab_anemia,clinicalbert_type3_mean_pool,knn,1,32,auprc,0.7674779320571984
4649,1625.0,,lab_anemia,lab_anemia,clinicalbert_type3_mean_pool,knn,1,32,brier,0.2221566503310119
4650,1626.0,,lab_anemia,lab_anemia,clinicalbert_type3_mean_pool,knn,2,32,auroc,0.6377597832688511
4651,1627.0,,lab_anemia,lab_anemia,clinicalbert_type3_mean_pool,knn,2,32,auprc,0.791981944754834
4652,1628.0,,lab_anemia,lab_anemia,clinicalbert_type3_mean_pool,knn,2,32,brier,0.2384198125449181
4653,1629.0,,lab_anemia,lab_anemia,clinicalbert_type3_mean_pool,knn,3,32,auroc,0.6921584039280491
4654,1630.0,,lab_anemia,lab_anemia,clinicalbert_type3_mean_pool,knn,3,32,auprc,0.8017229726900668
4655,1631.0,,lab_anemia,lab_anemia,clinicalbert_type3_mean_pool,knn,3,32,brier,0.2194397730203766
4656,1632.0,,lab_anemia,lab_anemia,clinicalbert_type3_mean_pool,knn,4,32,auroc,0.6220245456294586
4657,1633.0,,lab_anemia,lab_anemia,clinicalbert_type3_mean_pool,knn,4,32,auprc,0.7599029201626518
4658,1634.0,,lab_anemia,lab_anemia,clinicalbert_type3_mean_pool,knn,4,32,brier,0.26191763941475
4659,1635.0,,lab_anemia,lab_anemia,clinicalbert_type3_mean_pool,knn,0,48,auroc,0.5968404850517184
4660,1636.0,,lab_anemia,lab_anemia,clinicalbert_type3_mean_pool,knn,0,48,auprc,0.7528204196781687
4661,1637.0,,lab_anemia,lab_anemia,clinicalbert_type3_mean_pool,knn,0,48,brier,0.2413165798452569
4662,1638.0,,lab_anemia,lab_anemia,clinicalbert_type3_mean_pool,knn,1,48,auroc,0.6336022349453869
4663,1639.0,,lab_anemia,lab_anemia,clinicalbert_type3_mean_pool,knn,1,48,auprc,0.7701408094636211
4664,1640.0,,lab_anemia,lab_anemia,clinicalbert_type3_mean_pool,knn,1,48,brier,0.2507678581901503
4665,1641.0,,lab_anemia,lab_anemia,clinicalbert_type3_mean_pool,knn,2,48,auroc,0.6411100984523105
4666,1642.0,,lab_anemia,lab_anemia,clinicalbert_type3_mean_pool,knn,2,48,auprc,0.7855525121130231
4667,1643.0,,lab_anemia,lab_anemia,clinicalbert_type3_mean_pool,knn,2,48,brier,0.2557175795795749
4668,1644.0,,lab_anemia,lab_anemia,clinicalbert_type3_mean_pool,knn,3,48,auroc,0.6540691007670105
4669,1645.0,,lab_anemia,lab_anemia,clinicalbert_type3_mean_pool,knn,3,48,auprc,0.7884942748851406
4670,1646.0,,lab_anemia,lab_anemia,clinicalbert_type3_mean_pool,knn,3,48,brier,0.2624520366062383
4671,1647.0,,lab_anemia,lab_anemia,clinicalbert_type3_mean_pool,knn,4,48,auroc,0.6381922206020751
4672,1648.0,,lab_anemia,lab_anemia,clinicalbert_type3_mean_pool,knn,4,48,auprc,0.7766367286598875
4673,1649.0,,lab_anemia,lab_anemia,clinicalbert_type3_mean_pool,knn,4,48,brier,0.2447970632440209
4674,1650.0,,lab_anemia,lab_anemia,clinicalbert_type3_mean_pool,knn,0,64,auroc,0.6147318022198255
4675,1651.0,,lab_anemia,lab_anemia,clinicalbert_type3_mean_pool,knn,0,64,auprc,0.7730573870434786
4676,1652.0,,lab_anemia,lab_anemia,clinicalbert_type3_mean_pool,knn,0,64,brier,0.247987843208013
4677,1653.0,,lab_anemia,lab_anemia,clinicalbert_type3_mean_pool,knn,1,64,auroc,0.6741419654237516
4678,1654.0,,lab_anemia,lab_anemia,clinicalbert_type3_mean_pool,knn,1,64,auprc,0.8011960062997296
4679,1655.0,,lab_anemia,lab_anemia,clinicalbert_type3_mean_pool,knn,1,64,brier,0.2235443078483912
4680,1656.0,,lab_anemia,lab_anemia,clinicalbert_type3_mean_pool,knn,2,64,auroc,0.651363458667688
4681,1657.0,,lab_anemia,lab_anemia,clinicalbert_type3_mean_pool,knn,2,64,auprc,0.8008331649417599
4682,1658.0,,lab_anemia,lab_anemia,clinicalbert_type3_mean_pool,knn,2,64,brier,0.2424350942755347
4683,1659.0,,lab_anemia,lab_anemia,clinicalbert_type3_mean_pool,knn,3,64,auroc,0.6503285747235915
4684,1660.0,,lab_anemia,lab_anemia,clinicalbert_type3_mean_pool,knn,3,64,auprc,0.7810308127776047
4685,1661.0,,lab_anemia,lab_anemia,clinicalbert_type3_mean_pool,knn,3,64,brier,0.2454461353280028
4686,1662.0,,lab_anemia,lab_anemia,clinicalbert_type3_mean_pool,knn,4,64,auroc,0.6482321715165946
4687,1663.0,,lab_anemia,lab_anemia,clinicalbert_type3_mean_pool,knn,4,64,auprc,0.7822670928420938
4688,1664.0,,lab_anemia,lab_anemia,clinicalbert_type3_mean_pool,knn,4,64,brier,0.2329306740106338
4689,1665.0,,lab_anemia,lab_anemia,clinicalbert_type3_mean_pool,knn,0,128,auroc,0.6221472325030135
4690,1666.0,,lab_anemia,lab_anemia,clinicalbert_type3_mean_pool,knn,0,128,auprc,0.7636751300933344
4691,1667.0,,lab_anemia,lab_anemia,clinicalbert_type3_mean_pool,knn,0,128,brier,0.2511969736050211
4692,1668.0,,lab_anemia,lab_anemia,clinicalbert_type3_mean_pool,knn,1,128,auroc,0.6532726407604714
4693,1669.0,,lab_anemia,lab_anemia,clinicalbert_type3_mean_pool,knn,1,128,auprc,0.7784631560712495
4694,1670.0,,lab_anemia,lab_anemia,clinicalbert_type3_mean_pool,knn,1,128,brier,0.2405014186226464
4695,1671.0,,lab_anemia,lab_anemia,clinicalbert_type3_mean_pool,knn,2,128,auroc,0.6425726113391752
4696,1672.0,,lab_anemia,lab_anemia,clinicalbert_type3_mean_pool,knn,2,128,auprc,0.795338491287736
4697,1673.0,,lab_anemia,lab_anemia,clinicalbert_type3_mean_pool,knn,2,128,brier,0.2472690131951067
4698,1674.0,,lab_anemia,lab_anemia,clinicalbert_type3_mean_pool,knn,3,128,auroc,0.6633029177987422
4699,1675.0,,lab_anemia,lab_anemia,clinicalbert_type3_mean_pool,knn,3,128,auprc,0.7991365156773198
4700,1676.0,,lab_anemia,lab_anemia,clinicalbert_type3_mean_pool,knn,3,128,brier,0.2358864419143434
4701,1677.0,,lab_anemia,lab_anemia,clinicalbert_type3_mean_pool,knn,4,128,auroc,0.6594264883430239
4702,1678.0,,lab_anemia,lab_anemia,clinicalbert_type3_mean_pool,knn,4,128,auprc,0.7948926373575185
4703,1679.0,,lab_anemia,lab_anemia,clinicalbert_type3_mean_pool,knn,4,128,brier,0.2413246778231988
4704,1680.0,,lab_anemia,lab_anemia,clinicalbert_type3_mean_pool,rf,0,-1,auroc,0.7493754272261799
4705,1681.0,,lab_anemia,lab_anemia,clinicalbert_type3_mean_pool,rf,0,-1,auprc,0.8556024141443744
4706,1682.0,,lab_anemia,lab_anemia,clinicalbert_type3_mean_pool,rf,0,-1,brier,0.178758005211244
4707,1683.0,,lab_anemia,lab_anemia,clinicalbert_type3_mean_pool,rf,0,1,auroc,0.5619404435097013
4708,1684.0,,lab_anemia,lab_anemia,clinicalbert_type3_mean_pool,rf,0,1,auprc,0.7204900868151812
4709,1685.0,,lab_anemia,lab_anemia,clinicalbert_type3_mean_pool,rf,0,1,brier,0.2226240220101452
4710,1686.0,,lab_anemia,lab_anemia,clinicalbert_type3_mean_pool,rf,1,1,auroc,0.5601368554598518
4711,1687.0,,lab_anemia,lab_anemia,clinicalbert_type3_mean_pool,rf,1,1,auprc,0.71534757841973
4712,1688.0,,lab_anemia,lab_anemia,clinicalbert_type3_mean_pool,rf,1,1,brier,0.2223605450950047
4713,1689.0,,lab_anemia,lab_anemia,clinicalbert_type3_mean_pool,rf,2,1,auroc,0.3716308602086703
4714,1690.0,,lab_anemia,lab_anemia,clinicalbert_type3_mean_pool,rf,2,1,auprc,0.6261270281852047
4715,1691.0,,lab_anemia,lab_anemia,clinicalbert_type3_mean_pool,rf,2,1,brier,0.2582864757974379
4716,1692.0,,lab_anemia,lab_anemia,clinicalbert_type3_mean_pool,rf,3,1,auroc,0.5959837248021252
4717,1693.0,,lab_anemia,lab_anemia,clinicalbert_type3_mean_pool,rf,3,1,auprc,0.7313445282810127
4718,1694.0,,lab_anemia,lab_anemia,clinicalbert_type3_mean_pool,rf,3,1,brier,0.2129169890809045
4719,1695.0,,lab_anemia,lab_anemia,clinicalbert_type3_mean_pool,rf,4,1,auroc,0.4956854106073093
4720,1696.0,,lab_anemia,lab_anemia,clinicalbert_type3_mean_pool,rf,4,1,auprc,0.6768077786682982
4721,1697.0,,lab_anemia,lab_anemia,clinicalbert_type3_mean_pool,rf,4,1,brier,0.2218366434528415
4722,1698.0,,lab_anemia,lab_anemia,clinicalbert_type3_mean_pool,rf,0,2,auroc,0.6055314299857419
4723,1699.0,,lab_anemia,lab_anemia,clinicalbert_type3_mean_pool,rf,0,2,auprc,0.7392953398439706
4724,1700.0,,lab_anemia,lab_anemia,clinicalbert_type3_mean_pool,rf,0,2,brier,0.2139994411486545
4725,1701.0,,lab_anemia,lab_anemia,clinicalbert_type3_mean_pool,rf,1,2,auroc,0.3929876387218927
4726,1702.0,,lab_anemia,lab_anemia,clinicalbert_type3_mean_pool,rf,1,2,auprc,0.6272075286948068
4727,1703.0,,lab_anemia,lab_anemia,clinicalbert_type3_mean_pool,rf,1,2,brier,0.2848210815922964
4728,1704.0,,lab_anemia,lab_anemia,clinicalbert_type3_mean_pool,rf,2,2,auroc,0.6238507964008475
4729,1705.0,,lab_anemia,lab_anemia,clinicalbert_type3_mean_pool,rf,2,2,auprc,0.7617202363539279
4730,1706.0,,lab_anemia,lab_anemia,clinicalbert_type3_mean_pool,rf,2,2,brier,0.2218803628234889
4731,1707.0,,lab_anemia,lab_anemia,clinicalbert_type3_mean_pool,rf,3,2,auroc,0.6390402590229722
4732,1708.0,,lab_anemia,lab_anemia,clinicalbert_type3_mean_pool,rf,3,2,auprc,0.7522013256290921
4733,1709.0,,lab_anemia,lab_anemia,clinicalbert_type3_mean_pool,rf,3,2,brier,0.2186250537357063
4734,1710.0,,lab_anemia,lab_anemia,clinicalbert_type3_mean_pool,rf,4,2,auroc,0.6413762659085323
4735,1711.0,,lab_anemia,lab_anemia,clinicalbert_type3_mean_pool,rf,4,2,auprc,0.7675200252349884
4736,1712.0,,lab_anemia,lab_anemia,clinicalbert_type3_mean_pool,rf,4,2,brier,0.2122520849454045
4737,1713.0,,lab_anemia,lab_anemia,clinicalbert_type3_mean_pool,rf,0,4,auroc,0.697513492556866
4738,1714.0,,lab_anemia,lab_anemia,clinicalbert_type3_mean_pool,rf,0,4,auprc,0.8256441950523956
4739,1715.0,,lab_anemia,lab_anemia,clinicalbert_type3_mean_pool,rf,0,4,brier,0.2012289622560398
4740,1716.0,,lab_anemia,lab_anemia,clinicalbert_type3_mean_pool,rf,1,4,auroc,0.5105171902022475
4741,1717.0,,lab_anemia,lab_anemia,clinicalbert_type3_mean_pool,rf,1,4,auprc,0.6914790561384969
4742,1718.0,,lab_anemia,lab_anemia,clinicalbert_type3_mean_pool,rf,1,4,brier,0.2314689622560399
4743,1719.0,,lab_anemia,lab_anemia,clinicalbert_type3_mean_pool,rf,2,4,auroc,0.6588172687117757
4744,1720.0,,lab_anemia,lab_anemia,clinicalbert_type3_mean_pool,rf,2,4,auprc,0.7736870327307819
4745,1721.0,,lab_anemia,lab_anemia,clinicalbert_type3_mean_pool,rf,2,4,brier,0.2185704582581033
4746,1722.0,,lab_anemia,lab_anemia,clinicalbert_type3_mean_pool,rf,3,4,auroc,0.6915006938459275
4747,1723.0,,lab_anemia,lab_anemia,clinicalbert_type3_mean_pool,rf,3,4,auprc,0.8114417176778638
4748,1724.0,,lab_anemia,lab_anemia,clinicalbert_type3_mean_pool,rf,3,4,brier,0.2078721520075659
4749,1725.0,,lab_anemia,lab_anemia,clinicalbert_type3_mean_pool,rf,4,4,auroc,0.7073784600204347
4750,1726.0,,lab_anemia,lab_anemia,clinicalbert_type3_mean_pool,rf,4,4,auprc,0.8292556397990153
4751,1727.0,,lab_anemia,lab_anemia,clinicalbert_type3_mean_pool,rf,4,4,brier,0.1998425982288711
4752,1728.0,,lab_anemia,lab_anemia,clinicalbert_type3_mean_pool,rf,0,8,auroc,0.6039018093649973
4753,1729.0,,lab_anemia,lab_anemia,clinicalbert_type3_mean_pool,rf,0,8,auprc,0.75168397964399
4754,1730.0,,lab_anemia,lab_anemia,clinicalbert_type3_mean_pool,rf,0,8,brier,0.2433771816696758
4755,1731.0,,lab_anemia,lab_anemia,clinicalbert_type3_mean_pool,rf,1,8,auroc,0.5943641859797378
4756,1732.0,,lab_anemia,lab_anemia,clinicalbert_type3_mean_pool,rf,1,8,auprc,0.7373668170897442
4757,1733.0,,lab_anemia,lab_anemia,clinicalbert_type3_mean_pool,rf,1,8,brier,0.2181337804144097
4758,1734.0,,lab_anemia,lab_anemia,clinicalbert_type3_mean_pool,rf,2,8,auroc,0.6997035362444297
4759,1735.0,,lab_anemia,lab_anemia,clinicalbert_type3_mean_pool,rf,2,8,auprc,0.8114691821195805
4760,1736.0,,lab_anemia,lab_anemia,clinicalbert_type3_mean_pool,rf,2,8,brier,0.2175885134554208
4761,1737.0,,lab_anemia,lab_anemia,clinicalbert_type3_mean_pool,rf,3,8,auroc,0.6961765742783853
4762,1738.0,,lab_anemia,lab_anemia,clinicalbert_type3_mean_pool,rf,3,8,auprc,0.8112579009990057
4763,1739.0,,lab_anemia,lab_anemia,clinicalbert_type3_mean_pool,rf,3,8,brier,0.2209264895537787
4764,1740.0,,lab_anemia,lab_anemia,clinicalbert_type3_mean_pool,rf,4,8,auroc,0.6537463126214609
4765,1741.0,,lab_anemia,lab_anemia,clinicalbert_type3_mean_pool,rf,4,8,auprc,0.7858220942140344
4766,1742.0,,lab_anemia,lab_anemia,clinicalbert_type3_mean_pool,rf,4,8,brier,0.2387809302725475
4767,1743.0,,lab_anemia,lab_anemia,clinicalbert_type3_mean_pool,rf,0,12,auroc,0.6622757795594427
4768,1744.0,,lab_anemia,lab_anemia,clinicalbert_type3_mean_pool,rf,0,12,auprc,0.7947107621023258
4769,1745.0,,lab_anemia,lab_anemia,clinicalbert_type3_mean_pool,rf,0,12,brier,0.2543350958645001
4770,1746.0,,lab_anemia,lab_anemia,clinicalbert_type3_mean_pool,rf,1,12,auroc,0.675376696806355
4771,1747.0,,lab_anemia,lab_anemia,clinicalbert_type3_mean_pool,rf,1,12,auprc,0.797409747981101
4772,1748.0,,lab_anemia,lab_anemia,clinicalbert_type3_mean_pool,rf,1,12,brier,0.2160117358782564
4773,1749.0,,lab_anemia,lab_anemia,clinicalbert_type3_mean_pool,rf,2,12,auroc,0.7013414102369464
4774,1750.0,,lab_anemia,lab_anemia,clinicalbert_type3_mean_pool,rf,2,12,auprc,0.8131005238697165
4775,1751.0,,lab_anemia,lab_anemia,clinicalbert_type3_mean_pool,rf,2,12,brier,0.2277706474077895
4776,1752.0,,lab_anemia,lab_anemia,clinicalbert_type3_mean_pool,rf,3,12,auroc,0.7037940257502723
4777,1753.0,,lab_anemia,lab_anemia,clinicalbert_type3_mean_pool,rf,3,12,auprc,0.82049747912785
4778,1754.0,,lab_anemia,lab_anemia,clinicalbert_type3_mean_pool,rf,3,12,brier,0.2066396904823317
4779,1755.0,,lab_anemia,lab_anemia,clinicalbert_type3_mean_pool,rf,4,12,auroc,0.6791079789082944
4780,1756.0,,lab_anemia,lab_anemia,clinicalbert_type3_mean_pool,rf,4,12,auprc,0.7940312063059939
4781,1757.0,,lab_anemia,lab_anemia,clinicalbert_type3_mean_pool,rf,4,12,brier,0.2315541226033874
4782,1758.0,,lab_anemia,lab_anemia,clinicalbert_type3_mean_pool,rf,0,16,auroc,0.6475589005474205
4783,1759.0,,lab_anemia,lab_anemia,clinicalbert_type3_mean_pool,rf,0,16,auprc,0.7839128044200455
4784,1760.0,,lab_anemia,lab_anemia,clinicalbert_type3_mean_pool,rf,0,16,brier,0.2338834150116069
4785,1761.0,,lab_anemia,lab_anemia,clinicalbert_type3_mean_pool,rf,1,16,auroc,0.640310412903161
4786,1762.0,,lab_anemia,lab_anemia,clinicalbert_type3_mean_pool,rf,1,16,auprc,0.7727740535784524
4787,1763.0,,lab_anemia,lab_anemia,clinicalbert_type3_mean_pool,rf,1,16,brier,0.2249842707060394
4788,1764.0,,lab_anemia,lab_anemia,clinicalbert_type3_mean_pool,rf,2,16,auroc,0.6940444321418132
4789,1765.0,,lab_anemia,lab_anemia,clinicalbert_type3_mean_pool,rf,2,16,auprc,0.8057738649171569
4790,1766.0,,lab_anemia,lab_anemia,clinicalbert_type3_mean_pool,rf,2,16,brier,0.2357339007823918
4791,1767.0,,lab_anemia,lab_anemia,clinicalbert_type3_mean_pool,rf,3,16,auroc,0.7119762326556576
4792,1768.0,,lab_anemia,lab_anemia,clinicalbert_type3_mean_pool,rf,3,16,auprc,0.8287608500534253
4793,1769.0,,lab_anemia,lab_anemia,clinicalbert_type3_mean_pool,rf,3,16,brier,0.2035082511296439
4794,1770.0,,lab_anemia,lab_anemia,clinicalbert_type3_mean_pool,rf,4,16,auroc,0.695970946452897
4795,1771.0,,lab_anemia,lab_anemia,clinicalbert_type3_mean_pool,rf,4,16,auprc,0.8187738658647694
4796,1772.0,,lab_anemia,lab_anemia,clinicalbert_type3_mean_pool,rf,4,16,brier,0.2223524632447768
4797,1773.0,,lab_anemia,lab_anemia,clinicalbert_type3_mean_pool,rf,0,24,auroc,0.6903890827111261
4798,1774.0,,lab_anemia,lab_anemia,clinicalbert_type3_mean_pool,rf,0,24,auprc,0.8159385168960684
4799,1775.0,,lab_anemia,lab_anemia,clinicalbert_type3_mean_pool,rf,0,24,brier,0.2318054493680681
4800,1776.0,,lab_anemia,lab_anemia,clinicalbert_type3_mean_pool,rf,1,24,auroc,0.6486713302780219
4801,1777.0,,lab_anemia,lab_anemia,clinicalbert_type3_mean_pool,rf,1,24,auprc,0.7683124689158224
4802,1778.0,,lab_anemia,lab_anemia,clinicalbert_type3_mean_pool,rf,1,24,brier,0.2430297480870089
4803,1779.0,,lab_anemia,lab_anemia,clinicalbert_type3_mean_pool,rf,2,24,auroc,0.6682577344061111
4804,1780.0,,lab_anemia,lab_anemia,clinicalbert_type3_mean_pool,rf,2,24,auprc,0.7846129739065861
4805,1781.0,,lab_anemia,lab_anemia,clinicalbert_type3_mean_pool,rf,2,24,brier,0.2271584558507437
4806,1782.0,,lab_anemia,lab_anemia,clinicalbert_type3_mean_pool,rf,3,24,auroc,0.6849907213197909
4807,1783.0,,lab_anemia,lab_anemia,clinicalbert_type3_mean_pool,rf,3,24,auprc,0.8011525667771745
4808,1784.0,,lab_anemia,lab_anemia,clinicalbert_type3_mean_pool,rf,3,24,brier,0.2186919869314762
4809,1785.0,,lab_anemia,lab_anemia,clinicalbert_type3_mean_pool,rf,4,24,auroc,0.6868178450307348
4810,1786.0,,lab_anemia,lab_anemia,clinicalbert_type3_mean_pool,rf,4,24,auprc,0.8101482005270922
4811,1787.0,,lab_anemia,lab_anemia,clinicalbert_type3_mean_pool,rf,4,24,brier,0.2292854939386123
4812,1788.0,,lab_anemia,lab_anemia,clinicalbert_type3_mean_pool,rf,0,32,auroc,0.6987383423187408
4813,1789.0,,lab_anemia,lab_anemia,clinicalbert_type3_mean_pool,rf,0,32,auprc,0.8284228054857395
4814,1790.0,,lab_anemia,lab_anemia,clinicalbert_type3_mean_pool,rf,0,32,brier,0.2239404376775959
4815,1791.0,,lab_anemia,lab_anemia,clinicalbert_type3_mean_pool,rf,1,32,auroc,0.6354913580015916
4816,1792.0,,lab_anemia,lab_anemia,clinicalbert_type3_mean_pool,rf,1,32,auprc,0.7653668558827328
4817,1793.0,,lab_anemia,lab_anemia,clinicalbert_type3_mean_pool,rf,1,32,brier,0.2368148836935889
4818,1794.0,,lab_anemia,lab_anemia,clinicalbert_type3_mean_pool,rf,2,32,auroc,0.677006020944083
4819,1795.0,,lab_anemia,lab_anemia,clinicalbert_type3_mean_pool,rf,2,32,auprc,0.7940729885974813
4820,1796.0,,lab_anemia,lab_anemia,clinicalbert_type3_mean_pool,rf,2,32,brier,0.222675264379675
4821,1797.0,,lab_anemia,lab_anemia,clinicalbert_type3_mean_pool,rf,3,32,auroc,0.7115312040808169
4822,1798.0,,lab_anemia,lab_anemia,clinicalbert_type3_mean_pool,rf,3,32,auprc,0.8286746947782252
4823,1799.0,,lab_anemia,lab_anemia,clinicalbert_type3_mean_pool,rf,3,32,brier,0.2026641423781274
4824,1800.0,,lab_anemia,lab_anemia,clinicalbert_type3_mean_pool,rf,4,32,auroc,0.6894441321780447
4825,1801.0,,lab_anemia,lab_anemia,clinicalbert_type3_mean_pool,rf,4,32,auprc,0.8077476298058809
4826,1802.0,,lab_anemia,lab_anemia,clinicalbert_type3_mean_pool,rf,4,32,brier,0.2388078755051156
4827,1803.0,,lab_anemia,lab_anemia,clinicalbert_type3_mean_pool,rf,0,48,auroc,0.6998550308111892
4828,1804.0,,lab_anemia,lab_anemia,clinicalbert_type3_mean_pool,rf,0,48,auprc,0.8204221230291767
4829,1805.0,,lab_anemia,lab_anemia,clinicalbert_type3_mean_pool,rf,0,48,brier,0.2182800412690224
4830,1806.0,,lab_anemia,lab_anemia,clinicalbert_type3_mean_pool,rf,1,48,auroc,0.6641077426161456
4831,1807.0,,lab_anemia,lab_anemia,clinicalbert_type3_mean_pool,rf,1,48,auprc,0.7741118251609297
4832,1808.0,,lab_anemia,lab_anemia,clinicalbert_type3_mean_pool,rf,1,48,brier,0.2258444222814509
4833,1809.0,,lab_anemia,lab_anemia,clinicalbert_type3_mean_pool,rf,2,48,auroc,0.7078567717374503
4834,1810.0,,lab_anemia,lab_anemia,clinicalbert_type3_mean_pool,rf,2,48,auprc,0.8189748279848504
4835,1811.0,,lab_anemia,lab_anemia,clinicalbert_type3_mean_pool,rf,2,48,brier,0.2027899647493766
4836,1812.0,,lab_anemia,lab_anemia,clinicalbert_type3_mean_pool,rf,3,48,auroc,0.6957461194603679
4837,1813.0,,lab_anemia,lab_anemia,clinicalbert_type3_mean_pool,rf,3,48,auprc,0.8206302887554718
4838,1814.0,,lab_anemia,lab_anemia,clinicalbert_type3_mean_pool,rf,3,48,brier,0.2145869916602183
4839,1815.0,,lab_anemia,lab_anemia,clinicalbert_type3_mean_pool,rf,4,48,auroc,0.6768477354716615
4840,1816.0,,lab_anemia,lab_anemia,clinicalbert_type3_mean_pool,rf,4,48,auprc,0.7959252016457029
4841,1817.0,,lab_anemia,lab_anemia,clinicalbert_type3_mean_pool,rf,4,48,brier,0.2440032671309432
4842,1818.0,,lab_anemia,lab_anemia,clinicalbert_type3_mean_pool,rf,0,64,auroc,0.7168338840052503
4843,1819.0,,lab_anemia,lab_anemia,clinicalbert_type3_mean_pool,rf,0,64,auprc,0.8386999215881616
4844,1820.0,,lab_anemia,lab_anemia,clinicalbert_type3_mean_pool,rf,0,64,brier,0.2206730627963758
4845,1821.0,,lab_anemia,lab_anemia,clinicalbert_type3_mean_pool,rf,1,64,auroc,0.6810652923704327
4846,1822.0,,lab_anemia,lab_anemia,clinicalbert_type3_mean_pool,rf,1,64,auprc,0.7892852726154185
4847,1823.0,,lab_anemia,lab_anemia,clinicalbert_type3_mean_pool,rf,1,64,brier,0.2232205678789442
4848,1824.0,,lab_anemia,lab_anemia,clinicalbert_type3_mean_pool,rf,2,64,auroc,0.7041937790984152
4849,1825.0,,lab_anemia,lab_anemia,clinicalbert_type3_mean_pool,rf,2,64,auprc,0.8224749376549257
4850,1826.0,,lab_anemia,lab_anemia,clinicalbert_type3_mean_pool,rf,2,64,brier,0.2169358610609578
4851,1827.0,,lab_anemia,lab_anemia,clinicalbert_type3_mean_pool,rf,3,64,auroc,0.7042664676538749
4852,1828.0,,lab_anemia,lab_anemia,clinicalbert_type3_mean_pool,rf,3,64,auprc,0.8286801240792605
4853,1829.0,,lab_anemia,lab_anemia,clinicalbert_type3_mean_pool,rf,3,64,brier,0.2137971680273988
4854,1830.0,,lab_anemia,lab_anemia,clinicalbert_type3_mean_pool,rf,4,64,auroc,0.713797894475297
4855,1831.0,,lab_anemia,lab_anemia,clinicalbert_type3_mean_pool,rf,4,64,auprc,0.826924986383673
4856,1832.0,,lab_anemia,lab_anemia,clinicalbert_type3_mean_pool,rf,4,64,brier,0.2164674345262772
4857,1833.0,,lab_anemia,lab_anemia,clinicalbert_type3_mean_pool,rf,0,128,auroc,0.7238084247816052
4858,1834.0,,lab_anemia,lab_anemia,clinicalbert_type3_mean_pool,rf,0,128,auprc,0.841736184008758
4859,1835.0,,lab_anemia,lab_anemia,clinicalbert_type3_mean_pool,rf,0,128,brier,0.214119640464744
4860,1836.0,,lab_anemia,lab_anemia,clinicalbert_type3_mean_pool,rf,1,128,auroc,0.6979640139783144
4861,1837.0,,lab_anemia,lab_anemia,clinicalbert_type3_mean_pool,rf,1,128,auprc,0.8148456636176814
4862,1838.0,,lab_anemia,lab_anemia,clinicalbert_type3_mean_pool,rf,1,128,brier,0.2157781239790216
4863,1839.0,,lab_anemia,lab_anemia,clinicalbert_type3_mean_pool,rf,2,128,auroc,0.7293406651083997
4864,1840.0,,lab_anemia,lab_anemia,clinicalbert_type3_mean_pool,rf,2,128,auprc,0.8423877453989518
4865,1841.0,,lab_anemia,lab_anemia,clinicalbert_type3_mean_pool,rf,2,128,brier,0.2079498352984738
4866,1842.0,,lab_anemia,lab_anemia,clinicalbert_type3_mean_pool,rf,3,128,auroc,0.70401604612863
4867,1843.0,,lab_anemia,lab_anemia,clinicalbert_type3_mean_pool,rf,3,128,auprc,0.8252667554511982
4868,1844.0,,lab_anemia,lab_anemia,clinicalbert_type3_mean_pool,rf,3,128,brier,0.2174918774082819
4869,1845.0,,lab_anemia,lab_anemia,clinicalbert_type3_mean_pool,rf,4,128,auroc,0.7235187092821679
4870,1846.0,,lab_anemia,lab_anemia,clinicalbert_type3_mean_pool,rf,4,128,auprc,0.8421162770329989
4871,1847.0,,lab_anemia,lab_anemia,clinicalbert_type3_mean_pool,rf,4,128,brier,0.2201408701031131
4872,1848.0,,lab_anemia,lab_anemia,clinicalbert_type3_clinicalbert_pool,lr_lbfgs,0,-1,auroc,0.7585683536779612
4873,1849.0,,lab_anemia,lab_anemia,clinicalbert_type3_clinicalbert_pool,lr_lbfgs,0,-1,auprc,0.8666468667513932
4874,1850.0,,lab_anemia,lab_anemia,clinicalbert_type3_clinicalbert_pool,lr_lbfgs,0,-1,brier,0.1759435758038157
4875,1851.0,,lab_anemia,lab_anemia,clinicalbert_type3_clinicalbert_pool,lr_lbfgs,0,1,auroc,0.4799473656658495
4876,1852.0,,lab_anemia,lab_anemia,clinicalbert_type3_clinicalbert_pool,lr_lbfgs,0,1,auprc,0.6462210139748216
4877,1853.0,,lab_anemia,lab_anemia,clinicalbert_type3_clinicalbert_pool,lr_lbfgs,0,1,brier,0.2499992807414405
4878,1854.0,,lab_anemia,lab_anemia,clinicalbert_type3_clinicalbert_pool,lr_lbfgs,1,1,auroc,0.614751022711631
4879,1855.0,,lab_anemia,lab_anemia,clinicalbert_type3_clinicalbert_pool,lr_lbfgs,1,1,auprc,0.767124353467285
4880,1856.0,,lab_anemia,lab_anemia,clinicalbert_type3_clinicalbert_pool,lr_lbfgs,1,1,brier,0.2500012303026468
4881,1857.0,,lab_anemia,lab_anemia,clinicalbert_type3_clinicalbert_pool,lr_lbfgs,2,1,auroc,0.3221298872146961
4882,1858.0,,lab_anemia,lab_anemia,clinicalbert_type3_clinicalbert_pool,lr_lbfgs,2,1,auprc,0.5777911870999948
4883,1859.0,,lab_anemia,lab_anemia,clinicalbert_type3_clinicalbert_pool,lr_lbfgs,2,1,brier,0.2500020884481786
4884,1860.0,,lab_anemia,lab_anemia,clinicalbert_type3_clinicalbert_pool,lr_lbfgs,3,1,auroc,0.6959449852718106
4885,1861.0,,lab_anemia,lab_anemia,clinicalbert_type3_clinicalbert_pool,lr_lbfgs,3,1,auprc,0.8285445231586925
4886,1862.0,,lab_anemia,lab_anemia,clinicalbert_type3_clinicalbert_pool,lr_lbfgs,3,1,brier,0.2499977927277016
4887,1863.0,,lab_anemia,lab_anemia,clinicalbert_type3_clinicalbert_pool,lr_lbfgs,4,1,auroc,0.6629916574081647
4888,1864.0,,lab_anemia,lab_anemia,clinicalbert_type3_clinicalbert_pool,lr_lbfgs,4,1,auprc,0.8096226383020076
4889,1865.0,,lab_anemia,lab_anemia,clinicalbert_type3_clinicalbert_pool,lr_lbfgs,4,1,brier,0.2499941365994378
4890,1866.0,,lab_anemia,lab_anemia,clinicalbert_type3_clinicalbert_pool,lr_lbfgs,0,2,auroc,0.6609806330552148
4891,1867.0,,lab_anemia,lab_anemia,clinicalbert_type3_clinicalbert_pool,lr_lbfgs,0,2,auprc,0.7851867388297409
4892,1868.0,,lab_anemia,lab_anemia,clinicalbert_type3_clinicalbert_pool,lr_lbfgs,0,2,brier,0.2499970881373611
4893,1869.0,,lab_anemia,lab_anemia,clinicalbert_type3_clinicalbert_pool,lr_lbfgs,1,2,auroc,0.4119446919531138
4894,1870.0,,lab_anemia,lab_anemia,clinicalbert_type3_clinicalbert_pool,lr_lbfgs,1,2,auprc,0.615055650866065
4895,1871.0,,lab_anemia,lab_anemia,clinicalbert_type3_clinicalbert_pool,lr_lbfgs,1,2,brier,0.3624966666461819
4896,1872.0,,lab_anemia,lab_anemia,clinicalbert_type3_clinicalbert_pool,lr_lbfgs,2,2,auroc,0.6464047506347386
4897,1873.0,,lab_anemia,lab_anemia,clinicalbert_type3_clinicalbert_pool,lr_lbfgs,2,2,auprc,0.779245011056123
4898,1874.0,,lab_anemia,lab_anemia,clinicalbert_type3_clinicalbert_pool,lr_lbfgs,2,2,brier,0.2499986996703956
4899,1875.0,,lab_anemia,lab_anemia,clinicalbert_type3_clinicalbert_pool,lr_lbfgs,3,2,auroc,0.6365595168331156
4900,1876.0,,lab_anemia,lab_anemia,clinicalbert_type3_clinicalbert_pool,lr_lbfgs,3,2,auprc,0.7630996579868311
4901,1877.0,,lab_anemia,lab_anemia,clinicalbert_type3_clinicalbert_pool,lr_lbfgs,3,2,brier,0.2499993265779211
4902,1878.0,,lab_anemia,lab_anemia,clinicalbert_type3_clinicalbert_pool,lr_lbfgs,4,2,auroc,0.6754399405548113
4903,1879.0,,lab_anemia,lab_anemia,clinicalbert_type3_clinicalbert_pool,lr_lbfgs,4,2,auprc,0.8200506801411875
4904,1880.0,,lab_anemia,lab_anemia,clinicalbert_type3_clinicalbert_pool,lr_lbfgs,4,2,brier,0.2499930270234357
4905,1881.0,,lab_anemia,lab_anemia,clinicalbert_type3_clinicalbert_pool,lr_lbfgs,0,4,auroc,0.6591153448947036
4906,1882.0,,lab_anemia,lab_anemia,clinicalbert_type3_clinicalbert_pool,lr_lbfgs,0,4,auprc,0.7855495925024424
4907,1883.0,,lab_anemia,lab_anemia,clinicalbert_type3_clinicalbert_pool,lr_lbfgs,0,4,brier,0.2282180191429948
4908,1884.0,,lab_anemia,lab_anemia,clinicalbert_type3_clinicalbert_pool,lr_lbfgs,1,4,auroc,0.5937823542251134
4909,1885.0,,lab_anemia,lab_anemia,clinicalbert_type3_clinicalbert_pool,lr_lbfgs,1,4,auprc,0.7631276799836668
4910,1886.0,,lab_anemia,lab_anemia,clinicalbert_type3_clinicalbert_pool,lr_lbfgs,1,4,brier,0.3292536333032417
4911,1887.0,,lab_anemia,lab_anemia,clinicalbert_type3_clinicalbert_pool,lr_lbfgs,2,4,auroc,0.6563144712122213
4912,1888.0,,lab_anemia,lab_anemia,clinicalbert_type3_clinicalbert_pool,lr_lbfgs,2,4,auprc,0.7776391052768312
4913,1889.0,,lab_anemia,lab_anemia,clinicalbert_type3_clinicalbert_pool,lr_lbfgs,2,4,brier,0.3266596747124092
4914,1890.0,,lab_anemia,lab_anemia,clinicalbert_type3_clinicalbert_pool,lr_lbfgs,3,4,auroc,0.6939330749092889
4915,1891.0,,lab_anemia,lab_anemia,clinicalbert_type3_clinicalbert_pool,lr_lbfgs,3,4,auprc,0.8217069649969329
4916,1892.0,,lab_anemia,lab_anemia,clinicalbert_type3_clinicalbert_pool,lr_lbfgs,3,4,brier,0.2499979121509718
4917,1893.0,,lab_anemia,lab_anemia,clinicalbert_type3_clinicalbert_pool,lr_lbfgs,4,4,auroc,0.6858715173306018
4918,1894.0,,lab_anemia,lab_anemia,clinicalbert_type3_clinicalbert_pool,lr_lbfgs,4,4,auprc,0.8227025409419344
4919,1895.0,,lab_anemia,lab_anemia,clinicalbert_type3_clinicalbert_pool,lr_lbfgs,4,4,brier,0.2071040275368205
4920,1896.0,,lab_anemia,lab_anemia,clinicalbert_type3_clinicalbert_pool,lr_lbfgs,0,8,auroc,0.5694008676702742
4921,1897.0,,lab_anemia,lab_anemia,clinicalbert_type3_clinicalbert_pool,lr_lbfgs,0,8,auprc,0.7087354423468585
4922,1898.0,,lab_anemia,lab_anemia,clinicalbert_type3_clinicalbert_pool,lr_lbfgs,0,8,brier,0.3953352231711054
4923,1899.0,,lab_anemia,lab_anemia,clinicalbert_type3_clinicalbert_pool,lr_lbfgs,1,8,auroc,0.5598197747843465
4924,1900.0,,lab_anemia,lab_anemia,clinicalbert_type3_clinicalbert_pool,lr_lbfgs,1,8,auprc,0.7194287164685575
4925,1901.0,,lab_anemia,lab_anemia,clinicalbert_type3_clinicalbert_pool,lr_lbfgs,1,8,brier,0.3142435213795545
4926,1902.0,,lab_anemia,lab_anemia,clinicalbert_type3_clinicalbert_pool,lr_lbfgs,2,8,auroc,0.6871181314223226
4927,1903.0,,lab_anemia,lab_anemia,clinicalbert_type3_clinicalbert_pool,lr_lbfgs,2,8,auprc,0.8195230986671672
4928,1904.0,,lab_anemia,lab_anemia,clinicalbert_type3_clinicalbert_pool,lr_lbfgs,2,8,brier,0.2545942599399326
4929,1905.0,,lab_anemia,lab_anemia,clinicalbert_type3_clinicalbert_pool,lr_lbfgs,3,8,auroc,0.704234640786749
4930,1906.0,,lab_anemia,lab_anemia,clinicalbert_type3_clinicalbert_pool,lr_lbfgs,3,8,auprc,0.8302458506182097
4931,1907.0,,lab_anemia,lab_anemia,clinicalbert_type3_clinicalbert_pool,lr_lbfgs,3,8,brier,0.249995696153039
4932,1908.0,,lab_anemia,lab_anemia,clinicalbert_type3_clinicalbert_pool,lr_lbfgs,4,8,auroc,0.6841621434662745
4933,1909.0,,lab_anemia,lab_anemia,clinicalbert_type3_clinicalbert_pool,lr_lbfgs,4,8,auprc,0.8239888633529242
4934,1910.0,,lab_anemia,lab_anemia,clinicalbert_type3_clinicalbert_pool,lr_lbfgs,4,8,brier,0.2232781209412601
4935,1911.0,,lab_anemia,lab_anemia,clinicalbert_type3_clinicalbert_pool,lr_lbfgs,0,12,auroc,0.6402851348024354
4936,1912.0,,lab_anemia,lab_anemia,clinicalbert_type3_clinicalbert_pool,lr_lbfgs,0,12,auprc,0.7789829593575301
4937,1913.0,,lab_anemia,lab_anemia,clinicalbert_type3_clinicalbert_pool,lr_lbfgs,0,12,brier,0.2781495324143608
4938,1914.0,,lab_anemia,lab_anemia,clinicalbert_type3_clinicalbert_pool,lr_lbfgs,1,12,auroc,0.6903985034417826
4939,1915.0,,lab_anemia,lab_anemia,clinicalbert_type3_clinicalbert_pool,lr_lbfgs,1,12,auprc,0.81483172139917
4940,1916.0,,lab_anemia,lab_anemia,clinicalbert_type3_clinicalbert_pool,lr_lbfgs,1,12,brier,0.2499891080633877
4941,1917.0,,lab_anemia,lab_anemia,clinicalbert_type3_clinicalbert_pool,lr_lbfgs,2,12,auroc,0.6586412362199887
4942,1918.0,,lab_anemia,lab_anemia,clinicalbert_type3_clinicalbert_pool,lr_lbfgs,2,12,auprc,0.8016476477727532
4943,1919.0,,lab_anemia,lab_anemia,clinicalbert_type3_clinicalbert_pool,lr_lbfgs,2,12,brier,0.3699800404132826
4944,1920.0,,lab_anemia,lab_anemia,clinicalbert_type3_clinicalbert_pool,lr_lbfgs,3,12,auroc,0.7141319799307826
4945,1921.0,,lab_anemia,lab_anemia,clinicalbert_type3_clinicalbert_pool,lr_lbfgs,3,12,auprc,0.8388414053074716
4946,1922.0,,lab_anemia,lab_anemia,clinicalbert_type3_clinicalbert_pool,lr_lbfgs,3,12,brier,0.2238188878325189
4947,1923.0,,lab_anemia,lab_anemia,clinicalbert_type3_clinicalbert_pool,lr_lbfgs,4,12,auroc,0.6990993540728822
4948,1924.0,,lab_anemia,lab_anemia,clinicalbert_type3_clinicalbert_pool,lr_lbfgs,4,12,auprc,0.8323357224962861
4949,1925.0,,lab_anemia,lab_anemia,clinicalbert_type3_clinicalbert_pool,lr_lbfgs,4,12,brier,0.2499889668150005
4950,1926.0,,lab_anemia,lab_anemia,clinicalbert_type3_clinicalbert_pool,lr_lbfgs,0,16,auroc,0.5911921217514731
4951,1927.0,,lab_anemia,lab_anemia,clinicalbert_type3_clinicalbert_pool,lr_lbfgs,0,16,auprc,0.7417768316452358
4952,1928.0,,lab_anemia,lab_anemia,clinicalbert_type3_clinicalbert_pool,lr_lbfgs,0,16,brier,0.3910639870234837
4953,1929.0,,lab_anemia,lab_anemia,clinicalbert_type3_clinicalbert_pool,lr_lbfgs,1,16,auroc,0.5817340865148449
4954,1930.0,,lab_anemia,lab_anemia,clinicalbert_type3_clinicalbert_pool,lr_lbfgs,1,16,auprc,0.7371872307591736
4955,1931.0,,lab_anemia,lab_anemia,clinicalbert_type3_clinicalbert_pool,lr_lbfgs,1,16,brier,0.3543363757535325
4956,1932.0,,lab_anemia,lab_anemia,clinicalbert_type3_clinicalbert_pool,lr_lbfgs,2,16,auroc,0.6719047754333759
4957,1933.0,,lab_anemia,lab_anemia,clinicalbert_type3_clinicalbert_pool,lr_lbfgs,2,16,auprc,0.7980829244119467
4958,1934.0,,lab_anemia,lab_anemia,clinicalbert_type3_clinicalbert_pool,lr_lbfgs,2,16,brier,0.3627083938400993
4959,1935.0,,lab_anemia,lab_anemia,clinicalbert_type3_clinicalbert_pool,lr_lbfgs,3,16,auroc,0.6686446158512203
4960,1936.0,,lab_anemia,lab_anemia,clinicalbert_type3_clinicalbert_pool,lr_lbfgs,3,16,auprc,0.8113831804880933
4961,1937.0,,lab_anemia,lab_anemia,clinicalbert_type3_clinicalbert_pool,lr_lbfgs,3,16,brier,0.3142287790223788
4962,1938.0,,lab_anemia,lab_anemia,clinicalbert_type3_clinicalbert_pool,lr_lbfgs,4,16,auroc,0.7107179195229526
4963,1939.0,,lab_anemia,lab_anemia,clinicalbert_type3_clinicalbert_pool,lr_lbfgs,4,16,auprc,0.8403688331726834
4964,1940.0,,lab_anemia,lab_anemia,clinicalbert_type3_clinicalbert_pool,lr_lbfgs,4,16,brier,0.2389358576323892
4965,1941.0,,lab_anemia,lab_anemia,clinicalbert_type3_clinicalbert_pool,lr_lbfgs,0,24,auroc,0.7088609796638103
4966,1942.0,,lab_anemia,lab_anemia,clinicalbert_type3_clinicalbert_pool,lr_lbfgs,0,24,auprc,0.8369893895538693
4967,1943.0,,lab_anemia,lab_anemia,clinicalbert_type3_clinicalbert_pool,lr_lbfgs,0,24,brier,0.2256443060954619
4968,1944.0,,lab_anemia,lab_anemia,clinicalbert_type3_clinicalbert_pool,lr_lbfgs,1,24,auroc,0.6619499096414695
4969,1945.0,,lab_anemia,lab_anemia,clinicalbert_type3_clinicalbert_pool,lr_lbfgs,1,24,auprc,0.7989408882810435
4970,1946.0,,lab_anemia,lab_anemia,clinicalbert_type3_clinicalbert_pool,lr_lbfgs,1,24,brier,0.2327287414915165
4971,1947.0,,lab_anemia,lab_anemia,clinicalbert_type3_clinicalbert_pool,lr_lbfgs,2,24,auroc,0.6594789926649001
4972,1948.0,,lab_anemia,lab_anemia,clinicalbert_type3_clinicalbert_pool,lr_lbfgs,2,24,auprc,0.7948436065979954
4973,1949.0,,lab_anemia,lab_anemia,clinicalbert_type3_clinicalbert_pool,lr_lbfgs,2,24,brier,0.3608705127715247
4974,1950.0,,lab_anemia,lab_anemia,clinicalbert_type3_clinicalbert_pool,lr_lbfgs,3,24,auroc,0.7046433388417723
4975,1951.0,,lab_anemia,lab_anemia,clinicalbert_type3_clinicalbert_pool,lr_lbfgs,3,24,auprc,0.8343234891786981
4976,1952.0,,lab_anemia,lab_anemia,clinicalbert_type3_clinicalbert_pool,lr_lbfgs,3,24,brier,0.2218715874659083
4977,1953.0,,lab_anemia,lab_anemia,clinicalbert_type3_clinicalbert_pool,lr_lbfgs,4,24,auroc,0.6984400184933861
4978,1954.0,,lab_anemia,lab_anemia,clinicalbert_type3_clinicalbert_pool,lr_lbfgs,4,24,auprc,0.8334684338782931
4979,1955.0,,lab_anemia,lab_anemia,clinicalbert_type3_clinicalbert_pool,lr_lbfgs,4,24,brier,0.2499898816769234
4980,1956.0,,lab_anemia,lab_anemia,clinicalbert_type3_clinicalbert_pool,lr_lbfgs,0,32,auroc,0.7122976195578083
4981,1957.0,,lab_anemia,lab_anemia,clinicalbert_type3_clinicalbert_pool,lr_lbfgs,0,32,auprc,0.8408202135378957
4982,1958.0,,lab_anemia,lab_anemia,clinicalbert_type3_clinicalbert_pool,lr_lbfgs,0,32,brier,0.22993979108725
4983,1959.0,,lab_anemia,lab_anemia,clinicalbert_type3_clinicalbert_pool,lr_lbfgs,1,32,auroc,0.693127942602539
4984,1960.0,,lab_anemia,lab_anemia,clinicalbert_type3_clinicalbert_pool,lr_lbfgs,1,32,auprc,0.8214662668355616
4985,1961.0,,lab_anemia,lab_anemia,clinicalbert_type3_clinicalbert_pool,lr_lbfgs,1,32,brier,0.249982547856533
4986,1962.0,,lab_anemia,lab_anemia,clinicalbert_type3_clinicalbert_pool,lr_lbfgs,2,32,auroc,0.6884222687224382
4987,1963.0,,lab_anemia,lab_anemia,clinicalbert_type3_clinicalbert_pool,lr_lbfgs,2,32,auprc,0.8267633993495336
4988,1964.0,,lab_anemia,lab_anemia,clinicalbert_type3_clinicalbert_pool,lr_lbfgs,2,32,brier,0.2223093642069834
4989,1965.0,,lab_anemia,lab_anemia,clinicalbert_type3_clinicalbert_pool,lr_lbfgs,3,32,auroc,0.7290407226646269
4990,1966.0,,lab_anemia,lab_anemia,clinicalbert_type3_clinicalbert_pool,lr_lbfgs,3,32,auprc,0.8487766499494176
4991,1967.0,,lab_anemia,lab_anemia,clinicalbert_type3_clinicalbert_pool,lr_lbfgs,3,32,brier,0.1978684173680675
4992,1968.0,,lab_anemia,lab_anemia,clinicalbert_type3_clinicalbert_pool,lr_lbfgs,4,32,auroc,0.7054220600836936
4993,1969.0,,lab_anemia,lab_anemia,clinicalbert_type3_clinicalbert_pool,lr_lbfgs,4,32,auprc,0.8363385555681967
4994,1970.0,,lab_anemia,lab_anemia,clinicalbert_type3_clinicalbert_pool,lr_lbfgs,4,32,brier,0.2191738663611745
4995,1971.0,,lab_anemia,lab_anemia,clinicalbert_type3_clinicalbert_pool,lr_lbfgs,0,48,auroc,0.713727509682303
4996,1972.0,,lab_anemia,lab_anemia,clinicalbert_type3_clinicalbert_pool,lr_lbfgs,0,48,auprc,0.8429399280914107
4997,1973.0,,lab_anemia,lab_anemia,clinicalbert_type3_clinicalbert_pool,lr_lbfgs,0,48,brier,0.2183965121941382
4998,1974.0,,lab_anemia,lab_anemia,clinicalbert_type3_clinicalbert_pool,lr_lbfgs,1,48,auroc,0.6964561962852398
4999,1975.0,,lab_anemia,lab_anemia,clinicalbert_type3_clinicalbert_pool,lr_lbfgs,1,48,auprc,0.8188653341985491
5000,1976.0,,lab_anemia,lab_anemia,clinicalbert_type3_clinicalbert_pool,lr_lbfgs,1,48,brier,0.2499765070257048
5001,1977.0,,lab_anemia,lab_anemia,clinicalbert_type3_clinicalbert_pool,lr_lbfgs,2,48,auroc,0.7058404574671036
5002,1978.0,,lab_anemia,lab_anemia,clinicalbert_type3_clinicalbert_pool,lr_lbfgs,2,48,auprc,0.8385021636845602
5003,1979.0,,lab_anemia,lab_anemia,clinicalbert_type3_clinicalbert_pool,lr_lbfgs,2,48,brier,0.2094699996313371
5004,1980.0,,lab_anemia,lab_anemia,clinicalbert_type3_clinicalbert_pool,lr_lbfgs,3,48,auroc,0.720672560372988
5005,1981.0,,lab_anemia,lab_anemia,clinicalbert_type3_clinicalbert_pool,lr_lbfgs,3,48,auprc,0.8448389475632649
5006,1982.0,,lab_anemia,lab_anemia,clinicalbert_type3_clinicalbert_pool,lr_lbfgs,3,48,brier,0.2067296835936249
5007,1983.0,,lab_anemia,lab_anemia,clinicalbert_type3_clinicalbert_pool,lr_lbfgs,4,48,auroc,0.7030635535078584
5008,1984.0,,lab_anemia,lab_anemia,clinicalbert_type3_clinicalbert_pool,lr_lbfgs,4,48,auprc,0.8339058376802698
5009,1985.0,,lab_anemia,lab_anemia,clinicalbert_type3_clinicalbert_pool,lr_lbfgs,4,48,brier,0.2263858980423473
5010,1986.0,,lab_anemia,lab_anemia,clinicalbert_type3_clinicalbert_pool,lr_lbfgs,0,64,auroc,0.7219803352651964
5011,1987.0,,lab_anemia,lab_anemia,clinicalbert_type3_clinicalbert_pool,lr_lbfgs,0,64,auprc,0.8483766684848304
5012,1988.0,,lab_anemia,lab_anemia,clinicalbert_type3_clinicalbert_pool,lr_lbfgs,0,64,brier,0.2189014309307988
5013,1989.0,,lab_anemia,lab_anemia,clinicalbert_type3_clinicalbert_pool,lr_lbfgs,1,64,auroc,0.7007057114392021
5014,1990.0,,lab_anemia,lab_anemia,clinicalbert_type3_clinicalbert_pool,lr_lbfgs,1,64,auprc,0.8267631795728853
5015,1991.0,,lab_anemia,lab_anemia,clinicalbert_type3_clinicalbert_pool,lr_lbfgs,1,64,brier,0.2499637585784124
5016,1992.0,,lab_anemia,lab_anemia,clinicalbert_type3_clinicalbert_pool,lr_lbfgs,2,64,auroc,0.70697252180268
5017,1993.0,,lab_anemia,lab_anemia,clinicalbert_type3_clinicalbert_pool,lr_lbfgs,2,64,auprc,0.8380764350438401
5018,1994.0,,lab_anemia,lab_anemia,clinicalbert_type3_clinicalbert_pool,lr_lbfgs,2,64,brier,0.2176799008707023
5019,1995.0,,lab_anemia,lab_anemia,clinicalbert_type3_clinicalbert_pool,lr_lbfgs,3,64,auroc,0.710991181934705
5020,1996.0,,lab_anemia,lab_anemia,clinicalbert_type3_clinicalbert_pool,lr_lbfgs,3,64,auprc,0.8382712995875449
5021,1997.0,,lab_anemia,lab_anemia,clinicalbert_type3_clinicalbert_pool,lr_lbfgs,3,64,brier,0.2410372246696722
5022,1998.0,,lab_anemia,lab_anemia,clinicalbert_type3_clinicalbert_pool,lr_lbfgs,4,64,auroc,0.6988303249708383
5023,1999.0,,lab_anemia,lab_anemia,clinicalbert_type3_clinicalbert_pool,lr_lbfgs,4,64,auprc,0.8251539462676889
5024,2000.0,,lab_anemia,lab_anemia,clinicalbert_type3_clinicalbert_pool,lr_lbfgs,4,64,brier,0.2486530247269591
5025,2001.0,,lab_anemia,lab_anemia,clinicalbert_type3_clinicalbert_pool,lr_lbfgs,0,128,auroc,0.7168768458389434
5026,2002.0,,lab_anemia,lab_anemia,clinicalbert_type3_clinicalbert_pool,lr_lbfgs,0,128,auprc,0.8419427224415391
5027,2003.0,,lab_anemia,lab_anemia,clinicalbert_type3_clinicalbert_pool,lr_lbfgs,0,128,brier,0.2218438334493063
5028,2004.0,,lab_anemia,lab_anemia,clinicalbert_type3_clinicalbert_pool,lr_lbfgs,1,128,auroc,0.7004237650330132
5029,2005.0,,lab_anemia,lab_anemia,clinicalbert_type3_clinicalbert_pool,lr_lbfgs,1,128,auprc,0.8238516520352134
5030,2006.0,,lab_anemia,lab_anemia,clinicalbert_type3_clinicalbert_pool,lr_lbfgs,1,128,brier,0.2477447653752329
5031,2007.0,,lab_anemia,lab_anemia,clinicalbert_type3_clinicalbert_pool,lr_lbfgs,2,128,auroc,0.7317563929064478
5032,2008.0,,lab_anemia,lab_anemia,clinicalbert_type3_clinicalbert_pool,lr_lbfgs,2,128,auprc,0.8488556570216708
5033,2009.0,,lab_anemia,lab_anemia,clinicalbert_type3_clinicalbert_pool,lr_lbfgs,2,128,brier,0.2045418663627568
5034,2010.0,,lab_anemia,lab_anemia,clinicalbert_type3_clinicalbert_pool,lr_lbfgs,3,128,auroc,0.7212966426772238
5035,2011.0,,lab_anemia,lab_anemia,clinicalbert_type3_clinicalbert_pool,lr_lbfgs,3,128,auprc,0.8435885064162185
5036,2012.0,,lab_anemia,lab_anemia,clinicalbert_type3_clinicalbert_pool,lr_lbfgs,3,128,brier,0.2163919785362221
5037,2013.0,,lab_anemia,lab_anemia,clinicalbert_type3_clinicalbert_pool,lr_lbfgs,4,128,auroc,0.7178279881205928
5038,2014.0,,lab_anemia,lab_anemia,clinicalbert_type3_clinicalbert_pool,lr_lbfgs,4,128,auprc,0.8411407992683789
5039,2015.0,,lab_anemia,lab_anemia,clinicalbert_type3_clinicalbert_pool,lr_lbfgs,4,128,brier,0.2247340820903583
5040,2016.0,,lab_anemia,lab_anemia,clinicalbert_type3_clinicalbert_pool,knn,0,-1,auroc,0.6358148601828055
5041,2017.0,,lab_anemia,lab_anemia,clinicalbert_type3_clinicalbert_pool,knn,0,-1,auprc,0.7720889938333673
5042,2018.0,,lab_anemia,lab_anemia,clinicalbert_type3_clinicalbert_pool,knn,0,-1,brier,0.2834004187789217
5043,2019.0,,lab_anemia,lab_anemia,clinicalbert_type3_clinicalbert_pool,knn,0,1,auroc,0.5064401408012291
5044,2020.0,,lab_anemia,lab_anemia,clinicalbert_type3_clinicalbert_pool,knn,0,1,auprc,0.6900826279197041
5045,2021.0,,lab_anemia,lab_anemia,clinicalbert_type3_clinicalbert_pool,knn,0,1,brier,0.3663657467113748
5046,2022.0,,lab_anemia,lab_anemia,clinicalbert_type3_clinicalbert_pool,knn,1,1,auroc,0.5500557401829211
5047,2023.0,,lab_anemia,lab_anemia,clinicalbert_type3_clinicalbert_pool,knn,1,1,auprc,0.7123762619980448
5048,2024.0,,lab_anemia,lab_anemia,clinicalbert_type3_clinicalbert_pool,knn,1,1,brier,0.57338148052618
5049,2025.0,,lab_anemia,lab_anemia,clinicalbert_type3_clinicalbert_pool,knn,2,1,auroc,0.4641461093070284
5050,2026.0,,lab_anemia,lab_anemia,clinicalbert_type3_clinicalbert_pool,knn,2,1,auprc,0.678928900221203
5051,2027.0,,lab_anemia,lab_anemia,clinicalbert_type3_clinicalbert_pool,knn,2,1,brier,0.6997334708967414
5052,2028.0,,lab_anemia,lab_anemia,clinicalbert_type3_clinicalbert_pool,knn,3,1,auroc,0.6429500225251423
5053,2029.0,,lab_anemia,lab_anemia,clinicalbert_type3_clinicalbert_pool,knn,3,1,auprc,0.7582906715259506
5054,2030.0,,lab_anemia,lab_anemia,clinicalbert_type3_clinicalbert_pool,knn,3,1,brier,0.3488092167483449
5055,2031.0,,lab_anemia,lab_anemia,clinicalbert_type3_clinicalbert_pool,knn,4,1,auroc,0.5276350616000219
5056,2032.0,,lab_anemia,lab_anemia,clinicalbert_type3_clinicalbert_pool,knn,4,1,auprc,0.6993921972649799
5057,2033.0,,lab_anemia,lab_anemia,clinicalbert_type3_clinicalbert_pool,knn,4,1,brier,0.3015733814805262
5058,2034.0,,lab_anemia,lab_anemia,clinicalbert_type3_clinicalbert_pool,knn,0,2,auroc,0.5124131867115899
5059,2035.0,,lab_anemia,lab_anemia,clinicalbert_type3_clinicalbert_pool,knn,0,2,auprc,0.6926833439033746
5060,2036.0,,lab_anemia,lab_anemia,clinicalbert_type3_clinicalbert_pool,knn,0,2,brier,0.343117530736824
5061,2037.0,,lab_anemia,lab_anemia,clinicalbert_type3_clinicalbert_pool,knn,1,2,auroc,0.4189520233383726
5062,2038.0,,lab_anemia,lab_anemia,clinicalbert_type3_clinicalbert_pool,knn,1,2,auprc,0.6607313004027218
5063,2039.0,,lab_anemia,lab_anemia,clinicalbert_type3_clinicalbert_pool,knn,1,2,brier,0.3367666867279971
5064,2040.0,,lab_anemia,lab_anemia,clinicalbert_type3_clinicalbert_pool,knn,2,2,auroc,0.5728597692426592
5065,2041.0,,lab_anemia,lab_anemia,clinicalbert_type3_clinicalbert_pool,knn,2,2,auprc,0.7215661374490221
5066,2042.0,,lab_anemia,lab_anemia,clinicalbert_type3_clinicalbert_pool,knn,2,2,brier,0.4432808872839824
5067,2043.0,,lab_anemia,lab_anemia,clinicalbert_type3_clinicalbert_pool,knn,3,2,auroc,0.6055323730906511
5068,2044.0,,lab_anemia,lab_anemia,clinicalbert_type3_clinicalbert_pool,knn,3,2,auprc,0.7371611741533293
5069,2045.0,,lab_anemia,lab_anemia,clinicalbert_type3_clinicalbert_pool,knn,3,2,brier,0.3472616284068437
5070,2046.0,,lab_anemia,lab_anemia,clinicalbert_type3_clinicalbert_pool,knn,4,2,auroc,0.533721070291308
5071,2047.0,,lab_anemia,lab_anemia,clinicalbert_type3_clinicalbert_pool,knn,4,2,auprc,0.702119078460238
5072,2048.0,,lab_anemia,lab_anemia,clinicalbert_type3_clinicalbert_pool,knn,4,2,brier,0.3041870862350614
5073,2049.0,,lab_anemia,lab_anemia,clinicalbert_type3_clinicalbert_pool,knn,0,4,auroc,0.5568950489331117
5074,2050.0,,lab_anemia,lab_anemia,clinicalbert_type3_clinicalbert_pool,knn,0,4,auprc,0.7142726775498915
5075,2051.0,,lab_anemia,lab_anemia,clinicalbert_type3_clinicalbert_pool,knn,0,4,brier,0.2211217149571547
5076,2052.0,,lab_anemia,lab_anemia,clinicalbert_type3_clinicalbert_pool,knn,1,4,auroc,0.4714266308749984
5077,2053.0,,lab_anemia,lab_anemia,clinicalbert_type3_clinicalbert_pool,knn,1,4,auprc,0.6764750180221296
5078,2054.0,,lab_anemia,lab_anemia,clinicalbert_type3_clinicalbert_pool,knn,1,4,brier,0.3356451628311314
5079,2055.0,,lab_anemia,lab_anemia,clinicalbert_type3_clinicalbert_pool,knn,2,4,auroc,0.6228424432154196
5080,2056.0,,lab_anemia,lab_anemia,clinicalbert_type3_clinicalbert_pool,knn,2,4,auprc,0.7551755062986338
5081,2057.0,,lab_anemia,lab_anemia,clinicalbert_type3_clinicalbert_pool,knn,2,4,brier,0.2372796836041613
5082,2058.0,,lab_anemia,lab_anemia,clinicalbert_type3_clinicalbert_pool,knn,3,4,auroc,0.6686162917486438
5083,2059.0,,lab_anemia,lab_anemia,clinicalbert_type3_clinicalbert_pool,knn,3,4,auprc,0.7985181704161257
5084,2060.0,,lab_anemia,lab_anemia,clinicalbert_type3_clinicalbert_pool,knn,3,4,brier,0.2164930001995934
5085,2061.0,,lab_anemia,lab_anemia,clinicalbert_type3_clinicalbert_pool,knn,4,4,auroc,0.6584117817535546
5086,2062.0,,lab_anemia,lab_anemia,clinicalbert_type3_clinicalbert_pool,knn,4,4,auprc,0.7893113201990256
5087,2063.0,,lab_anemia,lab_anemia,clinicalbert_type3_clinicalbert_pool,knn,4,4,brier,0.2003882717751187
5088,2064.0,,lab_anemia,lab_anemia,clinicalbert_type3_clinicalbert_pool,knn,0,8,auroc,0.5524442740909132
5089,2065.0,,lab_anemia,lab_anemia,clinicalbert_type3_clinicalbert_pool,knn,0,8,auprc,0.7123786615563481
5090,2066.0,,lab_anemia,lab_anemia,clinicalbert_type3_clinicalbert_pool,knn,0,8,brier,0.2351557045825811
5091,2067.0,,lab_anemia,lab_anemia,clinicalbert_type3_clinicalbert_pool,knn,1,8,auroc,0.5359530563512406
5092,2068.0,,lab_anemia,lab_anemia,clinicalbert_type3_clinicalbert_pool,knn,1,8,auprc,0.703143264168233
5093,2069.0,,lab_anemia,lab_anemia,clinicalbert_type3_clinicalbert_pool,knn,1,8,brier,0.235106181755653
5094,2070.0,,lab_anemia,lab_anemia,clinicalbert_type3_clinicalbert_pool,knn,2,8,auroc,0.6255976110485394
5095,2071.0,,lab_anemia,lab_anemia,clinicalbert_type3_clinicalbert_pool,knn,2,8,auprc,0.7488816727545299
5096,2072.0,,lab_anemia,lab_anemia,clinicalbert_type3_clinicalbert_pool,knn,2,8,brier,0.3701487404350442
5097,2073.0,,lab_anemia,lab_anemia,clinicalbert_type3_clinicalbert_pool,knn,3,8,auroc,0.694572290229495
5098,2074.0,,lab_anemia,lab_anemia,clinicalbert_type3_clinicalbert_pool,knn,3,8,auprc,0.7976068287632667
5099,2075.0,,lab_anemia,lab_anemia,clinicalbert_type3_clinicalbert_pool,knn,3,8,brier,0.2100153039291548
5100,2076.0,,lab_anemia,lab_anemia,clinicalbert_type3_clinicalbert_pool,knn,4,8,auroc,0.6751015536879494
5101,2077.0,,lab_anemia,lab_anemia,clinicalbert_type3_clinicalbert_pool,knn,4,8,auprc,0.8054884151666128
5102,2078.0,,lab_anemia,lab_anemia,clinicalbert_type3_clinicalbert_pool,knn,4,8,brier,0.2031511195469725
5103,2079.0,,lab_anemia,lab_anemia,clinicalbert_type3_clinicalbert_pool,knn,0,12,auroc,0.5557075787318906
5104,2080.0,,lab_anemia,lab_anemia,clinicalbert_type3_clinicalbert_pool,knn,0,12,auprc,0.72313658360089
5105,2081.0,,lab_anemia,lab_anemia,clinicalbert_type3_clinicalbert_pool,knn,0,12,brier,0.2591542290031721
5106,2082.0,,lab_anemia,lab_anemia,clinicalbert_type3_clinicalbert_pool,knn,1,12,auroc,0.6583000310447299
5107,2083.0,,lab_anemia,lab_anemia,clinicalbert_type3_clinicalbert_pool,knn,1,12,auprc,0.8057800254462565
5108,2084.0,,lab_anemia,lab_anemia,clinicalbert_type3_clinicalbert_pool,knn,1,12,brier,0.2146863184634781
5109,2085.0,,lab_anemia,lab_anemia,clinicalbert_type3_clinicalbert_pool,knn,2,12,auroc,0.6772078715346656
5110,2086.0,,lab_anemia,lab_anemia,clinicalbert_type3_clinicalbert_pool,knn,2,12,auprc,0.7972653706879298
5111,2087.0,,lab_anemia,lab_anemia,clinicalbert_type3_clinicalbert_pool,knn,2,12,brier,0.2525100026401313
5112,2088.0,,lab_anemia,lab_anemia,clinicalbert_type3_clinicalbert_pool,knn,3,12,auroc,0.6768941677388093
5113,2089.0,,lab_anemia,lab_anemia,clinicalbert_type3_clinicalbert_pool,knn,3,12,auprc,0.7854502063073305
5114,2090.0,,lab_anemia,lab_anemia,clinicalbert_type3_clinicalbert_pool,knn,3,12,brier,0.2089650073080561
5115,2091.0,,lab_anemia,lab_anemia,clinicalbert_type3_clinicalbert_pool,knn,4,12,auroc,0.6723139199326633
5116,2092.0,,lab_anemia,lab_anemia,clinicalbert_type3_clinicalbert_pool,knn,4,12,auprc,0.8141133955507027
5117,2093.0,,lab_anemia,lab_anemia,clinicalbert_type3_clinicalbert_pool,knn,4,12,brier,0.2050995522160508
5118,2094.0,,lab_anemia,lab_anemia,clinicalbert_type3_clinicalbert_pool,knn,0,16,auroc,0.522764261813352
5119,2095.0,,lab_anemia,lab_anemia,clinicalbert_type3_clinicalbert_pool,knn,0,16,auprc,0.6973421025874094
5120,2096.0,,lab_anemia,lab_anemia,clinicalbert_type3_clinicalbert_pool,knn,0,16,brier,0.4638982030779812
5121,2097.0,,lab_anemia,lab_anemia,clinicalbert_type3_clinicalbert_pool,knn,1,16,auroc,0.6134400394742028
5122,2098.0,,lab_anemia,lab_anemia,clinicalbert_type3_clinicalbert_pool,knn,1,16,auprc,0.7502922159390535
5123,2099.0,,lab_anemia,lab_anemia,clinicalbert_type3_clinicalbert_pool,knn,1,16,brier,0.2462155733241625
5124,2100.0,,lab_anemia,lab_anemia,clinicalbert_type3_clinicalbert_pool,knn,2,16,auroc,0.668645673146804
5125,2101.0,,lab_anemia,lab_anemia,clinicalbert_type3_clinicalbert_pool,knn,2,16,auprc,0.7781703074420447
5126,2102.0,,lab_anemia,lab_anemia,clinicalbert_type3_clinicalbert_pool,knn,2,16,brier,0.2476580785066728
5127,2103.0,,lab_anemia,lab_anemia,clinicalbert_type3_clinicalbert_pool,knn,3,16,auroc,0.6676888433440836
5128,2104.0,,lab_anemia,lab_anemia,clinicalbert_type3_clinicalbert_pool,knn,3,16,auprc,0.7890702308229869
5129,2105.0,,lab_anemia,lab_anemia,clinicalbert_type3_clinicalbert_pool,knn,3,16,brier,0.2189342274954862
5130,2106.0,,lab_anemia,lab_anemia,clinicalbert_type3_clinicalbert_pool,knn,4,16,auroc,0.6736776957202366
5131,2107.0,,lab_anemia,lab_anemia,clinicalbert_type3_clinicalbert_pool,knn,4,16,auprc,0.8152839110091514
5132,2108.0,,lab_anemia,lab_anemia,clinicalbert_type3_clinicalbert_pool,knn,4,16,brier,0.2075343317359156
5133,2109.0,,lab_anemia,lab_anemia,clinicalbert_type3_clinicalbert_pool,knn,0,24,auroc,0.5379715429959877
5134,2110.0,,lab_anemia,lab_anemia,clinicalbert_type3_clinicalbert_pool,knn,0,24,auprc,0.7070357512381673
5135,2111.0,,lab_anemia,lab_anemia,clinicalbert_type3_clinicalbert_pool,knn,0,24,brier,0.2698760209784197
5136,2112.0,,lab_anemia,lab_anemia,clinicalbert_type3_clinicalbert_pool,knn,1,24,auroc,0.6601114783021552
5137,2113.0,,lab_anemia,lab_anemia,clinicalbert_type3_clinicalbert_pool,knn,1,24,auprc,0.7846255382899048
5138,2114.0,,lab_anemia,lab_anemia,clinicalbert_type3_clinicalbert_pool,knn,1,24,brier,0.2145502659999886
5139,2115.0,,lab_anemia,lab_anemia,clinicalbert_type3_clinicalbert_pool,knn,2,24,auroc,0.605538233961421
5140,2116.0,,lab_anemia,lab_anemia,clinicalbert_type3_clinicalbert_pool,knn,2,24,auprc,0.7375043804890804
5141,2117.0,,lab_anemia,lab_anemia,clinicalbert_type3_clinicalbert_pool,knn,2,24,brier,0.3647837675178402
5142,2118.0,,lab_anemia,lab_anemia,clinicalbert_type3_clinicalbert_pool,knn,3,24,auroc,0.6741362469473771
5143,2119.0,,lab_anemia,lab_anemia,clinicalbert_type3_clinicalbert_pool,knn,3,24,auprc,0.7916923180107405
5144,2120.0,,lab_anemia,lab_anemia,clinicalbert_type3_clinicalbert_pool,knn,3,24,brier,0.2211407445619465
5145,2121.0,,lab_anemia,lab_anemia,clinicalbert_type3_clinicalbert_pool,knn,4,24,auroc,0.6177207727076583
5146,2122.0,,lab_anemia,lab_anemia,clinicalbert_type3_clinicalbert_pool,knn,4,24,auprc,0.7650586922653596
5147,2123.0,,lab_anemia,lab_anemia,clinicalbert_type3_clinicalbert_pool,knn,4,24,brier,0.2581272780471438
5148,2124.0,,lab_anemia,lab_anemia,clinicalbert_type3_clinicalbert_pool,knn,0,32,auroc,0.5375684918761934
5149,2125.0,,lab_anemia,lab_anemia,clinicalbert_type3_clinicalbert_pool,knn,0,32,auprc,0.7136526929974167
5150,2126.0,,lab_anemia,lab_anemia,clinicalbert_type3_clinicalbert_pool,knn,0,32,brier,0.290615868264867
5151,2127.0,,lab_anemia,lab_anemia,clinicalbert_type3_clinicalbert_pool,knn,1,32,auroc,0.644198266929507
5152,2128.0,,lab_anemia,lab_anemia,clinicalbert_type3_clinicalbert_pool,knn,1,32,auprc,0.7666881392888739
5153,2129.0,,lab_anemia,lab_anemia,clinicalbert_type3_clinicalbert_pool,knn,1,32,brier,0.2261817556529963
5154,2130.0,,lab_anemia,lab_anemia,clinicalbert_type3_clinicalbert_pool,knn,2,32,auroc,0.6409002166802447
5155,2131.0,,lab_anemia,lab_anemia,clinicalbert_type3_clinicalbert_pool,knn,2,32,auprc,0.7936355913132551
5156,2132.0,,lab_anemia,lab_anemia,clinicalbert_type3_clinicalbert_pool,knn,2,32,brier,0.2374729862820692
5157,2133.0,,lab_anemia,lab_anemia,clinicalbert_type3_clinicalbert_pool,knn,3,32,auroc,0.6849784974144412
5158,2134.0,,lab_anemia,lab_anemia,clinicalbert_type3_clinicalbert_pool,knn,3,32,auprc,0.7979908786323564
5159,2135.0,,lab_anemia,lab_anemia,clinicalbert_type3_clinicalbert_pool,knn,3,32,brier,0.2237592640357665
5160,2136.0,,lab_anemia,lab_anemia,clinicalbert_type3_clinicalbert_pool,knn,4,32,auroc,0.6197352998251576
5161,2137.0,,lab_anemia,lab_anemia,clinicalbert_type3_clinicalbert_pool,knn,4,32,auprc,0.7602175964867659
5162,2138.0,,lab_anemia,lab_anemia,clinicalbert_type3_clinicalbert_pool,knn,4,32,brier,0.2674385390577912
5163,2139.0,,lab_anemia,lab_anemia,clinicalbert_type3_clinicalbert_pool,knn,0,48,auroc,0.5950063420537632
5164,2140.0,,lab_anemia,lab_anemia,clinicalbert_type3_clinicalbert_pool,knn,0,48,auprc,0.7518707555990265
5165,2141.0,,lab_anemia,lab_anemia,clinicalbert_type3_clinicalbert_pool,knn,0,48,brier,0.2420368093365284
5166,2142.0,,lab_anemia,lab_anemia,clinicalbert_type3_clinicalbert_pool,knn,1,48,auroc,0.665145497148707
5167,2143.0,,lab_anemia,lab_anemia,clinicalbert_type3_clinicalbert_pool,knn,1,48,auprc,0.7904983817198261
5168,2144.0,,lab_anemia,lab_anemia,clinicalbert_type3_clinicalbert_pool,knn,1,48,brier,0.2234650138255324
5169,2145.0,,lab_anemia,lab_anemia,clinicalbert_type3_clinicalbert_pool,knn,2,48,auroc,0.6599627552668901
5170,2146.0,,lab_anemia,lab_anemia,clinicalbert_type3_clinicalbert_pool,knn,2,48,auprc,0.8068815042740718
5171,2147.0,,lab_anemia,lab_anemia,clinicalbert_type3_clinicalbert_pool,knn,2,48,brier,0.2284874782461075
5172,2148.0,,lab_anemia,lab_anemia,clinicalbert_type3_clinicalbert_pool,knn,3,48,auroc,0.6633324498460456
5173,2149.0,,lab_anemia,lab_anemia,clinicalbert_type3_clinicalbert_pool,knn,3,48,auprc,0.7894380649155619
5174,2150.0,,lab_anemia,lab_anemia,clinicalbert_type3_clinicalbert_pool,knn,3,48,brier,0.2401272461525234
5175,2151.0,,lab_anemia,lab_anemia,clinicalbert_type3_clinicalbert_pool,knn,4,48,auroc,0.6361310238934356
5176,2152.0,,lab_anemia,lab_anemia,clinicalbert_type3_clinicalbert_pool,knn,4,48,auprc,0.7772974901304288
5177,2153.0,,lab_anemia,lab_anemia,clinicalbert_type3_clinicalbert_pool,knn,4,48,brier,0.2494981463952921
5178,2154.0,,lab_anemia,lab_anemia,clinicalbert_type3_clinicalbert_pool,knn,0,64,auroc,0.584734804196356
5179,2155.0,,lab_anemia,lab_anemia,clinicalbert_type3_clinicalbert_pool,knn,0,64,auprc,0.7515263011755386
5180,2156.0,,lab_anemia,lab_anemia,clinicalbert_type3_clinicalbert_pool,knn,0,64,brier,0.2793946437938361
5181,2157.0,,lab_anemia,lab_anemia,clinicalbert_type3_clinicalbert_pool,knn,1,64,auroc,0.6735898087987217
5182,2158.0,,lab_anemia,lab_anemia,clinicalbert_type3_clinicalbert_pool,knn,1,64,auprc,0.7990450646818019
5183,2159.0,,lab_anemia,lab_anemia,clinicalbert_type3_clinicalbert_pool,knn,1,64,brier,0.2253407647380918
5184,2160.0,,lab_anemia,lab_anemia,clinicalbert_type3_clinicalbert_pool,knn,2,64,auroc,0.6527564679558611
5185,2161.0,,lab_anemia,lab_anemia,clinicalbert_type3_clinicalbert_pool,knn,2,64,auprc,0.8021687451664685
5186,2162.0,,lab_anemia,lab_anemia,clinicalbert_type3_clinicalbert_pool,knn,2,64,brier,0.2385246568379526
5187,2163.0,,lab_anemia,lab_anemia,clinicalbert_type3_clinicalbert_pool,knn,3,64,auroc,0.635577934481931
5188,2164.0,,lab_anemia,lab_anemia,clinicalbert_type3_clinicalbert_pool,knn,3,64,auprc,0.7632486390844067
5189,2165.0,,lab_anemia,lab_anemia,clinicalbert_type3_clinicalbert_pool,knn,3,64,brier,0.2716208599623611
5190,2166.0,,lab_anemia,lab_anemia,clinicalbert_type3_clinicalbert_pool,knn,4,64,auroc,0.648120747558194
5191,2167.0,,lab_anemia,lab_anemia,clinicalbert_type3_clinicalbert_pool,knn,4,64,auprc,0.7834655021009367
5192,2168.0,,lab_anemia,lab_anemia,clinicalbert_type3_clinicalbert_pool,knn,4,64,brier,0.2376658284959819
5193,2169.0,,lab_anemia,lab_anemia,clinicalbert_type3_clinicalbert_pool,knn,0,128,auroc,0.6209584951980415
5194,2170.0,,lab_anemia,lab_anemia,clinicalbert_type3_clinicalbert_pool,knn,0,128,auprc,0.7627295553734128
5195,2171.0,,lab_anemia,lab_anemia,clinicalbert_type3_clinicalbert_pool,knn,0,128,brier,0.2512540624193965
5196,2172.0,,lab_anemia,lab_anemia,clinicalbert_type3_clinicalbert_pool,knn,1,128,auroc,0.6514011856156345
5197,2173.0,,lab_anemia,lab_anemia,clinicalbert_type3_clinicalbert_pool,knn,1,128,auprc,0.7770586406930275
5198,2174.0,,lab_anemia,lab_anemia,clinicalbert_type3_clinicalbert_pool,knn,1,128,brier,0.2429170320694695
5199,2175.0,,lab_anemia,lab_anemia,clinicalbert_type3_clinicalbert_pool,knn,2,128,auroc,0.6441344281513307
5200,2176.0,,lab_anemia,lab_anemia,clinicalbert_type3_clinicalbert_pool,knn,2,128,auprc,0.7971703669245855
5201,2177.0,,lab_anemia,lab_anemia,clinicalbert_type3_clinicalbert_pool,knn,2,128,brier,0.2472856895489129
5202,2178.0,,lab_anemia,lab_anemia,clinicalbert_type3_clinicalbert_pool,knn,3,128,auroc,0.6614239198783195
5203,2179.0,,lab_anemia,lab_anemia,clinicalbert_type3_clinicalbert_pool,knn,3,128,auprc,0.7985705848520808
5204,2180.0,,lab_anemia,lab_anemia,clinicalbert_type3_clinicalbert_pool,knn,3,128,brier,0.236383037494463
5205,2181.0,,lab_anemia,lab_anemia,clinicalbert_type3_clinicalbert_pool,knn,4,128,auroc,0.6611673210503148
5206,2182.0,,lab_anemia,lab_anemia,clinicalbert_type3_clinicalbert_pool,knn,4,128,auprc,0.7971368774979519
5207,2183.0,,lab_anemia,lab_anemia,clinicalbert_type3_clinicalbert_pool,knn,4,128,brier,0.2447109018386189
5208,2184.0,,lab_anemia,lab_anemia,clinicalbert_type3_clinicalbert_pool,rf,0,-1,auroc,0.7456904109206459
5209,2185.0,,lab_anemia,lab_anemia,clinicalbert_type3_clinicalbert_pool,rf,0,-1,auprc,0.8534189358024922
5210,2186.0,,lab_anemia,lab_anemia,clinicalbert_type3_clinicalbert_pool,rf,0,-1,brier,0.1796333168519986
5211,2187.0,,lab_anemia,lab_anemia,clinicalbert_type3_clinicalbert_pool,rf,0,1,auroc,0.5541095545332356
5212,2188.0,,lab_anemia,lab_anemia,clinicalbert_type3_clinicalbert_pool,rf,0,1,auprc,0.7161613245589963
5213,2189.0,,lab_anemia,lab_anemia,clinicalbert_type3_clinicalbert_pool,rf,0,1,brier,0.2225232998022526
5214,2190.0,,lab_anemia,lab_anemia,clinicalbert_type3_clinicalbert_pool,rf,1,1,auroc,0.3543386643639589
5215,2191.0,,lab_anemia,lab_anemia,clinicalbert_type3_clinicalbert_pool,rf,1,1,auprc,0.591458095994407
5216,2192.0,,lab_anemia,lab_anemia,clinicalbert_type3_clinicalbert_pool,rf,1,1,brier,0.2877463951699958
5217,2193.0,,lab_anemia,lab_anemia,clinicalbert_type3_clinicalbert_pool,rf,2,1,auroc,0.3717137289315626
5218,2194.0,,lab_anemia,lab_anemia,clinicalbert_type3_clinicalbert_pool,rf,2,1,auprc,0.6259525275707768
5219,2195.0,,lab_anemia,lab_anemia,clinicalbert_type3_clinicalbert_pool,rf,2,1,brier,0.2581356719112716
5220,2196.0,,lab_anemia,lab_anemia,clinicalbert_type3_clinicalbert_pool,rf,3,1,auroc,0.5261479805207218
5221,2197.0,,lab_anemia,lab_anemia,clinicalbert_type3_clinicalbert_pool,rf,3,1,auprc,0.6956329427768887
5222,2198.0,,lab_anemia,lab_anemia,clinicalbert_type3_clinicalbert_pool,rf,3,1,brier,0.2246418622646376
5223,2199.0,,lab_anemia,lab_anemia,clinicalbert_type3_clinicalbert_pool,rf,4,1,auroc,0.6014065993542448
5224,2200.0,,lab_anemia,lab_anemia,clinicalbert_type3_clinicalbert_pool,rf,4,1,auprc,0.7419899354224441
5225,2201.0,,lab_anemia,lab_anemia,clinicalbert_type3_clinicalbert_pool,rf,4,1,brier,0.2084968721520075
5226,2202.0,,lab_anemia,lab_anemia,clinicalbert_type3_clinicalbert_pool,rf,0,2,auroc,0.5822277830176317
5227,2203.0,,lab_anemia,lab_anemia,clinicalbert_type3_clinicalbert_pool,rf,0,2,auprc,0.7270116289534135
5228,2204.0,,lab_anemia,lab_anemia,clinicalbert_type3_clinicalbert_pool,rf,0,2,brier,0.2225502536325337
5229,2205.0,,lab_anemia,lab_anemia,clinicalbert_type3_clinicalbert_pool,rf,1,2,auroc,0.3904224882987233
5230,2206.0,,lab_anemia,lab_anemia,clinicalbert_type3_clinicalbert_pool,rf,1,2,auprc,0.6176657764855343
5231,2207.0,,lab_anemia,lab_anemia,clinicalbert_type3_clinicalbert_pool,rf,1,2,brier,0.3107092253460579
5232,2208.0,,lab_anemia,lab_anemia,clinicalbert_type3_clinicalbert_pool,rf,2,2,auroc,0.6403023335689834
5233,2209.0,,lab_anemia,lab_anemia,clinicalbert_type3_clinicalbert_pool,rf,2,2,auprc,0.7692949141153023
5234,2210.0,,lab_anemia,lab_anemia,clinicalbert_type3_clinicalbert_pool,rf,2,2,brier,0.2231442782219929
5235,2211.0,,lab_anemia,lab_anemia,clinicalbert_type3_clinicalbert_pool,rf,3,2,auroc,0.5548559549989684
5236,2212.0,,lab_anemia,lab_anemia,clinicalbert_type3_clinicalbert_pool,rf,3,2,auprc,0.7074077904925031
5237,2213.0,,lab_anemia,lab_anemia,clinicalbert_type3_clinicalbert_pool,rf,3,2,brier,0.2437792107299458
5238,2214.0,,lab_anemia,lab_anemia,clinicalbert_type3_clinicalbert_pool,rf,4,2,auroc,0.6638550537869032
5239,2215.0,,lab_anemia,lab_anemia,clinicalbert_type3_clinicalbert_pool,rf,4,2,auprc,0.7808111735869557
5240,2216.0,,lab_anemia,lab_anemia,clinicalbert_type3_clinicalbert_pool,rf,4,2,brier,0.2075561860545095
5241,2217.0,,lab_anemia,lab_anemia,clinicalbert_type3_clinicalbert_pool,rf,0,4,auroc,0.7011286950227793
5242,2218.0,,lab_anemia,lab_anemia,clinicalbert_type3_clinicalbert_pool,rf,0,4,auprc,0.8309662795650132
5243,2219.0,,lab_anemia,lab_anemia,clinicalbert_type3_clinicalbert_pool,rf,0,4,brier,0.1990206925935478
5244,2220.0,,lab_anemia,lab_anemia,clinicalbert_type3_clinicalbert_pool,rf,1,4,auroc,0.5225772119851506
5245,2221.0,,lab_anemia,lab_anemia,clinicalbert_type3_clinicalbert_pool,rf,1,4,auprc,0.6980146033815028
5246,2222.0,,lab_anemia,lab_anemia,clinicalbert_type3_clinicalbert_pool,rf,1,4,brier,0.2373852635199037
5247,2223.0,,lab_anemia,lab_anemia,clinicalbert_type3_clinicalbert_pool,rf,2,4,auroc,0.6702997952341077
5248,2224.0,,lab_anemia,lab_anemia,clinicalbert_type3_clinicalbert_pool,rf,2,4,auprc,0.7882121833258194
5249,2225.0,,lab_anemia,lab_anemia,clinicalbert_type3_clinicalbert_pool,rf,2,4,brier,0.2256884188805777
5250,2226.0,,lab_anemia,lab_anemia,clinicalbert_type3_clinicalbert_pool,rf,3,4,auroc,0.6650093921829879
5251,2227.0,,lab_anemia,lab_anemia,clinicalbert_type3_clinicalbert_pool,rf,3,4,auprc,0.7850962065436696
5252,2228.0,,lab_anemia,lab_anemia,clinicalbert_type3_clinicalbert_pool,rf,3,4,brier,0.2098708623506147
5253,2229.0,,lab_anemia,lab_anemia,clinicalbert_type3_clinicalbert_pool,rf,4,4,auroc,0.6320503011297516
5254,2230.0,,lab_anemia,lab_anemia,clinicalbert_type3_clinicalbert_pool,rf,4,4,auprc,0.7729349236119193
5255,2231.0,,lab_anemia,lab_anemia,clinicalbert_type3_clinicalbert_pool,rf,4,4,brier,0.2223096896225604
5256,2232.0,,lab_anemia,lab_anemia,clinicalbert_type3_clinicalbert_pool,rf,0,8,auroc,0.5996567820421269
5257,2233.0,,lab_anemia,lab_anemia,clinicalbert_type3_clinicalbert_pool,rf,0,8,auprc,0.7496338266400232
5258,2234.0,,lab_anemia,lab_anemia,clinicalbert_type3_clinicalbert_pool,rf,0,8,brier,0.2577200584644484
5259,2235.0,,lab_anemia,lab_anemia,clinicalbert_type3_clinicalbert_pool,rf,1,8,auroc,0.5457804385733623
5260,2236.0,,lab_anemia,lab_anemia,clinicalbert_type3_clinicalbert_pool,rf,1,8,auprc,0.7078425728168737
5261,2237.0,,lab_anemia,lab_anemia,clinicalbert_type3_clinicalbert_pool,rf,1,8,brier,0.2309579571833892
5262,2238.0,,lab_anemia,lab_anemia,clinicalbert_type3_clinicalbert_pool,rf,2,8,auroc,0.6970330910129257
5263,2239.0,,lab_anemia,lab_anemia,clinicalbert_type3_clinicalbert_pool,rf,2,8,auprc,0.8212936466839025
5264,2240.0,,lab_anemia,lab_anemia,clinicalbert_type3_clinicalbert_pool,rf,2,8,brier,0.2164138971522464
5265,2241.0,,lab_anemia,lab_anemia,clinicalbert_type3_clinicalbert_pool,rf,3,8,auroc,0.6769232863608388
5266,2242.0,,lab_anemia,lab_anemia,clinicalbert_type3_clinicalbert_pool,rf,3,8,auprc,0.8123109525784262
5267,2243.0,,lab_anemia,lab_anemia,clinicalbert_type3_clinicalbert_pool,rf,3,8,brier,0.2291174447596939
5268,2244.0,,lab_anemia,lab_anemia,clinicalbert_type3_clinicalbert_pool,rf,4,8,auroc,0.6316985450113156
5269,2245.0,,lab_anemia,lab_anemia,clinicalbert_type3_clinicalbert_pool,rf,4,8,auprc,0.7744616389891189
5270,2246.0,,lab_anemia,lab_anemia,clinicalbert_type3_clinicalbert_pool,rf,4,8,brier,0.2588565901470209
5271,2247.0,,lab_anemia,lab_anemia,clinicalbert_type3_clinicalbert_pool,rf,0,12,auroc,0.6520799336098169
5272,2248.0,,lab_anemia,lab_anemia,clinicalbert_type3_clinicalbert_pool,rf,0,12,auprc,0.7901076656839532
5273,2249.0,,lab_anemia,lab_anemia,clinicalbert_type3_clinicalbert_pool,rf,0,12,brier,0.2507761585418279
5274,2250.0,,lab_anemia,lab_anemia,clinicalbert_type3_clinicalbert_pool,rf,1,12,auroc,0.658052297815608
5275,2251.0,,lab_anemia,lab_anemia,clinicalbert_type3_clinicalbert_pool,rf,1,12,auprc,0.7902142355606429
5276,2252.0,,lab_anemia,lab_anemia,clinicalbert_type3_clinicalbert_pool,rf,1,12,brier,0.2149407124638179
5277,2253.0,,lab_anemia,lab_anemia,clinicalbert_type3_clinicalbert_pool,rf,2,12,auroc,0.6940189435450247
5278,2254.0,,lab_anemia,lab_anemia,clinicalbert_type3_clinicalbert_pool,rf,2,12,auprc,0.8146996462760194
5279,2255.0,,lab_anemia,lab_anemia,clinicalbert_type3_clinicalbert_pool,rf,2,12,brier,0.2354368497979537
5280,2256.0,,lab_anemia,lab_anemia,clinicalbert_type3_clinicalbert_pool,rf,3,12,auroc,0.7106829744249348
5281,2257.0,,lab_anemia,lab_anemia,clinicalbert_type3_clinicalbert_pool,rf,3,12,auprc,0.8239903524415457
5282,2258.0,,lab_anemia,lab_anemia,clinicalbert_type3_clinicalbert_pool,rf,3,12,brier,0.2066950666322757
5283,2259.0,,lab_anemia,lab_anemia,clinicalbert_type3_clinicalbert_pool,rf,4,12,auroc,0.6631838643899064
5284,2260.0,,lab_anemia,lab_anemia,clinicalbert_type3_clinicalbert_pool,rf,4,12,auprc,0.789775707741999
5285,2261.0,,lab_anemia,lab_anemia,clinicalbert_type3_clinicalbert_pool,rf,4,12,brier,0.2288289484996991
5286,2262.0,,lab_anemia,lab_anemia,clinicalbert_type3_clinicalbert_pool,rf,0,16,auroc,0.6957622877592619
5287,2263.0,,lab_anemia,lab_anemia,clinicalbert_type3_clinicalbert_pool,rf,0,16,auprc,0.8188767819136918
5288,2264.0,,lab_anemia,lab_anemia,clinicalbert_type3_clinicalbert_pool,rf,0,16,brier,0.2147772848422319
5289,2265.0,,lab_anemia,lab_anemia,clinicalbert_type3_clinicalbert_pool,rf,1,16,auroc,0.6537256392940844
5290,2266.0,,lab_anemia,lab_anemia,clinicalbert_type3_clinicalbert_pool,rf,1,16,auprc,0.7791790320400658
5291,2267.0,,lab_anemia,lab_anemia,clinicalbert_type3_clinicalbert_pool,rf,1,16,brier,0.2221765144871464
5292,2268.0,,lab_anemia,lab_anemia,clinicalbert_type3_clinicalbert_pool,rf,2,16,auroc,0.6902685633967021
5293,2269.0,,lab_anemia,lab_anemia,clinicalbert_type3_clinicalbert_pool,rf,2,16,auprc,0.7966248267334757
5294,2270.0,,lab_anemia,lab_anemia,clinicalbert_type3_clinicalbert_pool,rf,2,16,brier,0.2382075487920213
5295,2271.0,,lab_anemia,lab_anemia,clinicalbert_type3_clinicalbert_pool,rf,3,16,auroc,0.7122369464753225
5296,2272.0,,lab_anemia,lab_anemia,clinicalbert_type3_clinicalbert_pool,rf,3,16,auprc,0.8266487725302388
5297,2273.0,,lab_anemia,lab_anemia,clinicalbert_type3_clinicalbert_pool,rf,3,16,brier,0.2011826341482054
5298,2274.0,,lab_anemia,lab_anemia,clinicalbert_type3_clinicalbert_pool,rf,4,16,auroc,0.7097595536492898
5299,2275.0,,lab_anemia,lab_anemia,clinicalbert_type3_clinicalbert_pool,rf,4,16,auprc,0.8286515731848966
5300,2276.0,,lab_anemia,lab_anemia,clinicalbert_type3_clinicalbert_pool,rf,4,16,brier,0.2133736187774052
5301,2277.0,,lab_anemia,lab_anemia,clinicalbert_type3_clinicalbert_pool,rf,0,24,auroc,0.6822101666984359
5302,2278.0,,lab_anemia,lab_anemia,clinicalbert_type3_clinicalbert_pool,rf,0,24,auprc,0.7992523091480652
5303,2279.0,,lab_anemia,lab_anemia,clinicalbert_type3_clinicalbert_pool,rf,0,24,brier,0.2222160175393345
5304,2280.0,,lab_anemia,lab_anemia,clinicalbert_type3_clinicalbert_pool,rf,1,24,auroc,0.6290448073888795
5305,2281.0,,lab_anemia,lab_anemia,clinicalbert_type3_clinicalbert_pool,rf,1,24,auprc,0.7588854651641767
5306,2282.0,,lab_anemia,lab_anemia,clinicalbert_type3_clinicalbert_pool,rf,1,24,brier,0.2470496947811882
5307,2283.0,,lab_anemia,lab_anemia,clinicalbert_type3_clinicalbert_pool,rf,2,24,auroc,0.6919899265939694
5308,2284.0,,lab_anemia,lab_anemia,clinicalbert_type3_clinicalbert_pool,rf,2,24,auprc,0.8021373957667346
5309,2285.0,,lab_anemia,lab_anemia,clinicalbert_type3_clinicalbert_pool,rf,2,24,brier,0.2169550339609663
5310,2286.0,,lab_anemia,lab_anemia,clinicalbert_type3_clinicalbert_pool,rf,3,24,auroc,0.704138524569809
5311,2287.0,,lab_anemia,lab_anemia,clinicalbert_type3_clinicalbert_pool,rf,3,24,auprc,0.8275537415504917
5312,2288.0,,lab_anemia,lab_anemia,clinicalbert_type3_clinicalbert_pool,rf,3,24,brier,0.2039511602768775
5313,2289.0,,lab_anemia,lab_anemia,clinicalbert_type3_clinicalbert_pool,rf,4,24,auroc,0.6918668957725992
5314,2290.0,,lab_anemia,lab_anemia,clinicalbert_type3_clinicalbert_pool,rf,4,24,auprc,0.8216019118183852
5315,2291.0,,lab_anemia,lab_anemia,clinicalbert_type3_clinicalbert_pool,rf,4,24,brier,0.22726765368412
5316,2292.0,,lab_anemia,lab_anemia,clinicalbert_type3_clinicalbert_pool,rf,0,32,auroc,0.689074752173561
5317,2293.0,,lab_anemia,lab_anemia,clinicalbert_type3_clinicalbert_pool,rf,0,32,auprc,0.8242599456767317
5318,2294.0,,lab_anemia,lab_anemia,clinicalbert_type3_clinicalbert_pool,rf,0,32,brier,0.2222885197811414
5319,2295.0,,lab_anemia,lab_anemia,clinicalbert_type3_clinicalbert_pool,rf,1,32,auroc,0.6339453215151947
5320,2296.0,,lab_anemia,lab_anemia,clinicalbert_type3_clinicalbert_pool,rf,1,32,auprc,0.7640330553177759
5321,2297.0,,lab_anemia,lab_anemia,clinicalbert_type3_clinicalbert_pool,rf,1,32,brier,0.2499845447510962
5322,2298.0,,lab_anemia,lab_anemia,clinicalbert_type3_clinicalbert_pool,rf,2,32,auroc,0.6995305002260082
5323,2299.0,,lab_anemia,lab_anemia,clinicalbert_type3_clinicalbert_pool,rf,2,32,auprc,0.8222963794729916
5324,2300.0,,lab_anemia,lab_anemia,clinicalbert_type3_clinicalbert_pool,rf,2,32,brier,0.2090682044091042
5325,2301.0,,lab_anemia,lab_anemia,clinicalbert_type3_clinicalbert_pool,rf,3,32,auroc,0.7110317168726146
5326,2302.0,,lab_anemia,lab_anemia,clinicalbert_type3_clinicalbert_pool,rf,3,32,auprc,0.830433229115256
5327,2303.0,,lab_anemia,lab_anemia,clinicalbert_type3_clinicalbert_pool,rf,3,32,brier,0.203520820221821
5328,2304.0,,lab_anemia,lab_anemia,clinicalbert_type3_clinicalbert_pool,rf,4,32,auroc,0.6941487116161977
5329,2305.0,,lab_anemia,lab_anemia,clinicalbert_type3_clinicalbert_pool,rf,4,32,auprc,0.814501951664669
5330,2306.0,,lab_anemia,lab_anemia,clinicalbert_type3_clinicalbert_pool,rf,4,32,brier,0.2321275866219585
5331,2307.0,,lab_anemia,lab_anemia,clinicalbert_type3_clinicalbert_pool,rf,0,48,auroc,0.701630773533821
5332,2308.0,,lab_anemia,lab_anemia,clinicalbert_type3_clinicalbert_pool,rf,0,48,auprc,0.8241945371822116
5333,2309.0,,lab_anemia,lab_anemia,clinicalbert_type3_clinicalbert_pool,rf,0,48,brier,0.2203093405554122
5334,2310.0,,lab_anemia,lab_anemia,clinicalbert_type3_clinicalbert_pool,rf,1,48,auroc,0.6397288225999028
5335,2311.0,,lab_anemia,lab_anemia,clinicalbert_type3_clinicalbert_pool,rf,1,48,auprc,0.7624032943638945
5336,2312.0,,lab_anemia,lab_anemia,clinicalbert_type3_clinicalbert_pool,rf,1,48,brier,0.2442586192072909
5337,2313.0,,lab_anemia,lab_anemia,clinicalbert_type3_clinicalbert_pool,rf,2,48,auroc,0.6946358359641328
5338,2314.0,,lab_anemia,lab_anemia,clinicalbert_type3_clinicalbert_pool,rf,2,48,auprc,0.8096402358912627
5339,2315.0,,lab_anemia,lab_anemia,clinicalbert_type3_clinicalbert_pool,rf,2,48,brier,0.2166503310119508
5340,2316.0,,lab_anemia,lab_anemia,clinicalbert_type3_clinicalbert_pool,rf,3,48,auroc,0.6963039931859809
5341,2317.0,,lab_anemia,lab_anemia,clinicalbert_type3_clinicalbert_pool,rf,3,48,auprc,0.8207442832925369
5342,2318.0,,lab_anemia,lab_anemia,clinicalbert_type3_clinicalbert_pool,rf,3,48,brier,0.212570820890532
5343,2319.0,,lab_anemia,lab_anemia,clinicalbert_type3_clinicalbert_pool,rf,4,48,auroc,0.7020575598044423
5344,2320.0,,lab_anemia,lab_anemia,clinicalbert_type3_clinicalbert_pool,rf,4,48,auprc,0.8198530913968715
5345,2321.0,,lab_anemia,lab_anemia,clinicalbert_type3_clinicalbert_pool,rf,4,48,brier,0.2294525182576567
5346,2322.0,,lab_anemia,lab_anemia,clinicalbert_type3_clinicalbert_pool,rf,0,64,auroc,0.7192958941091989
5347,2323.0,,lab_anemia,lab_anemia,clinicalbert_type3_clinicalbert_pool,rf,0,64,auprc,0.8442302291392234
5348,2324.0,,lab_anemia,lab_anemia,clinicalbert_type3_clinicalbert_pool,rf,0,64,brier,0.2204195707518368
5349,2325.0,,lab_anemia,lab_anemia,clinicalbert_type3_clinicalbert_pool,rf,1,64,auroc,0.6791528111302063
5350,2326.0,,lab_anemia,lab_anemia,clinicalbert_type3_clinicalbert_pool,rf,1,64,auprc,0.7884170389294367
5351,2327.0,,lab_anemia,lab_anemia,clinicalbert_type3_clinicalbert_pool,rf,1,64,brier,0.2255865910067922
5352,2328.0,,lab_anemia,lab_anemia,clinicalbert_type3_clinicalbert_pool,rf,2,64,auroc,0.6908243885691282
5353,2329.0,,lab_anemia,lab_anemia,clinicalbert_type3_clinicalbert_pool,rf,2,64,auprc,0.8107933059983068
5354,2330.0,,lab_anemia,lab_anemia,clinicalbert_type3_clinicalbert_pool,rf,2,64,brier,0.2250764336686441
5355,2331.0,,lab_anemia,lab_anemia,clinicalbert_type3_clinicalbert_pool,rf,3,64,auroc,0.7097969256430912
5356,2332.0,,lab_anemia,lab_anemia,clinicalbert_type3_clinicalbert_pool,rf,3,64,auprc,0.8340544819858816
5357,2333.0,,lab_anemia,lab_anemia,clinicalbert_type3_clinicalbert_pool,rf,3,64,brier,0.2108587051795772
5358,2334.0,,lab_anemia,lab_anemia,clinicalbert_type3_clinicalbert_pool,rf,4,64,auroc,0.6982428180772644
5359,2335.0,,lab_anemia,lab_anemia,clinicalbert_type3_clinicalbert_pool,rf,4,64,auprc,0.8179760134348016
5360,2336.0,,lab_anemia,lab_anemia,clinicalbert_type3_clinicalbert_pool,rf,4,64,brier,0.2244173099828824
5361,2337.0,,lab_anemia,lab_anemia,clinicalbert_type3_clinicalbert_pool,rf,0,128,auroc,0.7223253830254461
5362,2338.0,,lab_anemia,lab_anemia,clinicalbert_type3_clinicalbert_pool,rf,0,128,auprc,0.8421255243465151
5363,2339.0,,lab_anemia,lab_anemia,clinicalbert_type3_clinicalbert_pool,rf,0,128,brier,0.2148186140576173
5364,2340.0,,lab_anemia,lab_anemia,clinicalbert_type3_clinicalbert_pool,rf,1,128,auroc,0.7155539062875655
5365,2341.0,,lab_anemia,lab_anemia,clinicalbert_type3_clinicalbert_pool,rf,1,128,auprc,0.8348366840236459
5366,2342.0,,lab_anemia,lab_anemia,clinicalbert_type3_clinicalbert_pool,rf,1,128,brier,0.2119713430705282
5367,2343.0,,lab_anemia,lab_anemia,clinicalbert_type3_clinicalbert_pool,rf,2,128,auroc,0.7179634898018441
5368,2344.0,,lab_anemia,lab_anemia,clinicalbert_type3_clinicalbert_pool,rf,2,128,auprc,0.833203122523408
5369,2345.0,,lab_anemia,lab_anemia,clinicalbert_type3_clinicalbert_pool,rf,2,128,brier,0.2120208089054618
5370,2346.0,,lab_anemia,lab_anemia,clinicalbert_type3_clinicalbert_pool,rf,3,128,auroc,0.6977883034216823
5371,2347.0,,lab_anemia,lab_anemia,clinicalbert_type3_clinicalbert_pool,rf,3,128,auprc,0.8187041333848687
5372,2348.0,,lab_anemia,lab_anemia,clinicalbert_type3_clinicalbert_pool,rf,3,128,brier,0.2183269536482088
5373,2349.0,,lab_anemia,lab_anemia,clinicalbert_type3_clinicalbert_pool,rf,4,128,auroc,0.7117019184514863
5374,2350.0,,lab_anemia,lab_anemia,clinicalbert_type3_clinicalbert_pool,rf,4,128,auprc,0.8342161711361749
5375,2351.0,,lab_anemia,lab_anemia,clinicalbert_type3_clinicalbert_pool,rf,4,128,brier,0.2269393043884791
