,Unnamed: 0,labeling_function,sub_task,model,head,replicate,k,score,value
0,0.0,lab_thrombocytopenia,lab_thrombocytopenia,count,gbm,0,-1,auroc,0.8150257177207807
1,1.0,lab_thrombocytopenia,lab_thrombocytopenia,count,gbm,0,-1,auprc,0.7357177834041244
2,2.0,lab_thrombocytopenia,lab_thrombocytopenia,count,gbm,0,-1,brier,0.1560997269291348
3,3.0,lab_thrombocytopenia,lab_thrombocytopenia,count,gbm,0,1,auroc,0.5131301840094551
4,4.0,lab_thrombocytopenia,lab_thrombocytopenia,count,gbm,0,1,auprc,0.3459036844223718
5,5.0,lab_thrombocytopenia,lab_thrombocytopenia,count,gbm,0,1,brier,0.3737983093596879
6,6.0,lab_thrombocytopenia,lab_thrombocytopenia,count,gbm,1,1,auroc,0.5041755009485065
7,7.0,lab_thrombocytopenia,lab_thrombocytopenia,count,gbm,1,1,auprc,0.3415770492497721
8,8.0,lab_thrombocytopenia,lab_thrombocytopenia,count,gbm,1,1,brier,0.4254788943511178
9,9.0,lab_thrombocytopenia,lab_thrombocytopenia,count,gbm,2,1,auroc,0.5041755009485065
10,10.0,lab_thrombocytopenia,lab_thrombocytopenia,count,gbm,2,1,auprc,0.3415770492497721
11,11.0,lab_thrombocytopenia,lab_thrombocytopenia,count,gbm,2,1,brier,0.4254788943511178
12,12.0,lab_thrombocytopenia,lab_thrombocytopenia,count,gbm,3,1,auroc,0.5295860954078321
13,13.0,lab_thrombocytopenia,lab_thrombocytopenia,count,gbm,3,1,auprc,0.3593638823767466
14,14.0,lab_thrombocytopenia,lab_thrombocytopenia,count,gbm,3,1,brier,0.2979980696606049
15,15.0,lab_thrombocytopenia,lab_thrombocytopenia,count,gbm,4,1,auroc,0.5041755009485065
16,16.0,lab_thrombocytopenia,lab_thrombocytopenia,count,gbm,4,1,auprc,0.3415770492497721
17,17.0,lab_thrombocytopenia,lab_thrombocytopenia,count,gbm,4,1,brier,0.4254788943511178
18,18.0,lab_thrombocytopenia,lab_thrombocytopenia,count,gbm,0,2,auroc,0.4852501540502269
19,19.0,lab_thrombocytopenia,lab_thrombocytopenia,count,gbm,0,2,auprc,0.333635917993469
20,20.0,lab_thrombocytopenia,lab_thrombocytopenia,count,gbm,0,2,brier,0.3726460965551826
21,21.0,lab_thrombocytopenia,lab_thrombocytopenia,count,gbm,1,2,auroc,0.5041755009485065
22,22.0,lab_thrombocytopenia,lab_thrombocytopenia,count,gbm,1,2,auprc,0.3415770492497721
23,23.0,lab_thrombocytopenia,lab_thrombocytopenia,count,gbm,1,2,brier,0.4254788943511183
24,24.0,lab_thrombocytopenia,lab_thrombocytopenia,count,gbm,2,2,auroc,0.5041755009485065
25,25.0,lab_thrombocytopenia,lab_thrombocytopenia,count,gbm,2,2,auprc,0.3415770492497721
26,26.0,lab_thrombocytopenia,lab_thrombocytopenia,count,gbm,2,2,brier,0.4254788943511183
27,27.0,lab_thrombocytopenia,lab_thrombocytopenia,count,gbm,3,2,auroc,0.4703256525499878
28,28.0,lab_thrombocytopenia,lab_thrombocytopenia,count,gbm,3,2,auprc,0.3279931702878093
29,29.0,lab_thrombocytopenia,lab_thrombocytopenia,count,gbm,3,2,brier,0.4107612961282319
30,30.0,lab_thrombocytopenia,lab_thrombocytopenia,count,gbm,4,2,auroc,0.5452950108883492
31,31.0,lab_thrombocytopenia,lab_thrombocytopenia,count,gbm,4,2,auprc,0.3615634089977954
32,32.0,lab_thrombocytopenia,lab_thrombocytopenia,count,gbm,4,2,brier,0.479248825228052
33,33.0,lab_thrombocytopenia,lab_thrombocytopenia,count,gbm,0,4,auroc,0.4661539357582527
34,34.0,lab_thrombocytopenia,lab_thrombocytopenia,count,gbm,0,4,auprc,0.3222947272771211
35,35.0,lab_thrombocytopenia,lab_thrombocytopenia,count,gbm,0,4,brier,0.3638585535661525
36,36.0,lab_thrombocytopenia,lab_thrombocytopenia,count,gbm,1,4,auroc,0.5154300832459568
37,37.0,lab_thrombocytopenia,lab_thrombocytopenia,count,gbm,1,4,auprc,0.3511170568488538
38,38.0,lab_thrombocytopenia,lab_thrombocytopenia,count,gbm,1,4,brier,0.4732067303933621
39,39.0,lab_thrombocytopenia,lab_thrombocytopenia,count,gbm,2,4,auroc,0.5585728205563801
40,40.0,lab_thrombocytopenia,lab_thrombocytopenia,count,gbm,2,4,auprc,0.3770476872464868
41,41.0,lab_thrombocytopenia,lab_thrombocytopenia,count,gbm,2,4,brier,0.3390322083384025
42,42.0,lab_thrombocytopenia,lab_thrombocytopenia,count,gbm,3,4,auroc,0.516905258945065
43,43.0,lab_thrombocytopenia,lab_thrombocytopenia,count,gbm,3,4,auprc,0.3462189573084993
44,44.0,lab_thrombocytopenia,lab_thrombocytopenia,count,gbm,3,4,brier,0.4415198475869601
45,45.0,lab_thrombocytopenia,lab_thrombocytopenia,count,gbm,4,4,auroc,0.5066933122713966
46,46.0,lab_thrombocytopenia,lab_thrombocytopenia,count,gbm,4,4,auprc,0.3511806862428425
47,47.0,lab_thrombocytopenia,lab_thrombocytopenia,count,gbm,4,4,brier,0.3317194977391395
48,48.0,lab_thrombocytopenia,lab_thrombocytopenia,count,gbm,0,8,auroc,0.582529194751933
49,49.0,lab_thrombocytopenia,lab_thrombocytopenia,count,gbm,0,8,auprc,0.3962361812534891
50,50.0,lab_thrombocytopenia,lab_thrombocytopenia,count,gbm,0,8,brier,0.4594350669519216
51,51.0,lab_thrombocytopenia,lab_thrombocytopenia,count,gbm,1,8,auroc,0.5685337669488171
52,52.0,lab_thrombocytopenia,lab_thrombocytopenia,count,gbm,1,8,auprc,0.4447847465575179
53,53.0,lab_thrombocytopenia,lab_thrombocytopenia,count,gbm,1,8,brier,0.453888010825101
54,54.0,lab_thrombocytopenia,lab_thrombocytopenia,count,gbm,2,8,auroc,0.6472136623701752
55,55.0,lab_thrombocytopenia,lab_thrombocytopenia,count,gbm,2,8,auprc,0.5108384998170711
56,56.0,lab_thrombocytopenia,lab_thrombocytopenia,count,gbm,2,8,brier,0.3889006594118331
57,57.0,lab_thrombocytopenia,lab_thrombocytopenia,count,gbm,3,8,auroc,0.6033208494226191
58,58.0,lab_thrombocytopenia,lab_thrombocytopenia,count,gbm,3,8,auprc,0.4412555198417032
59,59.0,lab_thrombocytopenia,lab_thrombocytopenia,count,gbm,3,8,brier,0.304632561210615
60,60.0,lab_thrombocytopenia,lab_thrombocytopenia,count,gbm,4,8,auroc,0.5874435417750966
61,61.0,lab_thrombocytopenia,lab_thrombocytopenia,count,gbm,4,8,auprc,0.4067570551183128
62,62.0,lab_thrombocytopenia,lab_thrombocytopenia,count,gbm,4,8,brier,0.3846361156884528
63,63.0,lab_thrombocytopenia,lab_thrombocytopenia,count,gbm,0,12,auroc,0.5965700970507124
64,64.0,lab_thrombocytopenia,lab_thrombocytopenia,count,gbm,0,12,auprc,0.4377682496563002
65,65.0,lab_thrombocytopenia,lab_thrombocytopenia,count,gbm,0,12,brier,0.4537306550668161
66,66.0,lab_thrombocytopenia,lab_thrombocytopenia,count,gbm,1,12,auroc,0.5730660075480274
67,67.0,lab_thrombocytopenia,lab_thrombocytopenia,count,gbm,1,12,auprc,0.4250581109977999
68,68.0,lab_thrombocytopenia,lab_thrombocytopenia,count,gbm,1,12,brier,0.4881269095285704
69,69.0,lab_thrombocytopenia,lab_thrombocytopenia,count,gbm,2,12,auroc,0.6486054384285759
70,70.0,lab_thrombocytopenia,lab_thrombocytopenia,count,gbm,2,12,auprc,0.4788861466931092
71,71.0,lab_thrombocytopenia,lab_thrombocytopenia,count,gbm,2,12,brier,0.3806796257676059
72,72.0,lab_thrombocytopenia,lab_thrombocytopenia,count,gbm,3,12,auroc,0.5618304584073153
73,73.0,lab_thrombocytopenia,lab_thrombocytopenia,count,gbm,3,12,auprc,0.4113913732701017
74,74.0,lab_thrombocytopenia,lab_thrombocytopenia,count,gbm,3,12,brier,0.4866235191120801
75,75.0,lab_thrombocytopenia,lab_thrombocytopenia,count,gbm,4,12,auroc,0.5679420858039231
76,76.0,lab_thrombocytopenia,lab_thrombocytopenia,count,gbm,4,12,auprc,0.466476362978096
77,77.0,lab_thrombocytopenia,lab_thrombocytopenia,count,gbm,4,12,brier,0.5231042798113822
78,78.0,lab_thrombocytopenia,lab_thrombocytopenia,count,gbm,0,16,auroc,0.5559271162528372
79,79.0,lab_thrombocytopenia,lab_thrombocytopenia,count,gbm,0,16,auprc,0.3945147214105463
80,80.0,lab_thrombocytopenia,lab_thrombocytopenia,count,gbm,0,16,brier,0.4270511914647801
81,81.0,lab_thrombocytopenia,lab_thrombocytopenia,count,gbm,1,16,auroc,0.6043336008833307
82,82.0,lab_thrombocytopenia,lab_thrombocytopenia,count,gbm,1,16,auprc,0.4773194207411171
83,83.0,lab_thrombocytopenia,lab_thrombocytopenia,count,gbm,1,16,brier,0.467209712470864
84,84.0,lab_thrombocytopenia,lab_thrombocytopenia,count,gbm,2,16,auroc,0.6335089382941786
85,85.0,lab_thrombocytopenia,lab_thrombocytopenia,count,gbm,2,16,auprc,0.4766457592602424
86,86.0,lab_thrombocytopenia,lab_thrombocytopenia,count,gbm,2,16,brier,0.3815966131127309
87,87.0,lab_thrombocytopenia,lab_thrombocytopenia,count,gbm,3,16,auroc,0.5667520218764378
88,88.0,lab_thrombocytopenia,lab_thrombocytopenia,count,gbm,3,16,auprc,0.3897792432736586
89,89.0,lab_thrombocytopenia,lab_thrombocytopenia,count,gbm,3,16,brier,0.4026147753586911
90,90.0,lab_thrombocytopenia,lab_thrombocytopenia,count,gbm,4,16,auroc,0.7050953988380225
91,91.0,lab_thrombocytopenia,lab_thrombocytopenia,count,gbm,4,16,auprc,0.5704000918182668
92,92.0,lab_thrombocytopenia,lab_thrombocytopenia,count,gbm,4,16,brier,0.2945729596222833
93,93.0,lab_thrombocytopenia,lab_thrombocytopenia,count,gbm,0,24,auroc,0.6335155977920455
94,94.0,lab_thrombocytopenia,lab_thrombocytopenia,count,gbm,0,24,auprc,0.4770040508242098
95,95.0,lab_thrombocytopenia,lab_thrombocytopenia,count,gbm,0,24,brier,0.4503584778373952
96,96.0,lab_thrombocytopenia,lab_thrombocytopenia,count,gbm,1,24,auroc,0.6174322221598036
97,97.0,lab_thrombocytopenia,lab_thrombocytopenia,count,gbm,1,24,auprc,0.4445530915789996
98,98.0,lab_thrombocytopenia,lab_thrombocytopenia,count,gbm,1,24,brier,0.3093252450499189
99,99.0,lab_thrombocytopenia,lab_thrombocytopenia,count,gbm,2,24,auroc,0.6270128895922664
100,100.0,lab_thrombocytopenia,lab_thrombocytopenia,count,gbm,2,24,auprc,0.469454931608093
101,101.0,lab_thrombocytopenia,lab_thrombocytopenia,count,gbm,2,24,brier,0.3859439642823244
102,102.0,lab_thrombocytopenia,lab_thrombocytopenia,count,gbm,3,24,auroc,0.5595276529271759
103,103.0,lab_thrombocytopenia,lab_thrombocytopenia,count,gbm,3,24,auprc,0.3959797105742038
104,104.0,lab_thrombocytopenia,lab_thrombocytopenia,count,gbm,3,24,brier,0.4161274279084676
105,105.0,lab_thrombocytopenia,lab_thrombocytopenia,count,gbm,4,24,auroc,0.6601262159277752
106,106.0,lab_thrombocytopenia,lab_thrombocytopenia,count,gbm,4,24,auprc,0.5333155986929322
107,107.0,lab_thrombocytopenia,lab_thrombocytopenia,count,gbm,4,24,brier,0.3369495065768088
108,108.0,lab_thrombocytopenia,lab_thrombocytopenia,count,gbm,0,32,auroc,0.6046066796263783
109,109.0,lab_thrombocytopenia,lab_thrombocytopenia,count,gbm,0,32,auprc,0.455026536176719
110,110.0,lab_thrombocytopenia,lab_thrombocytopenia,count,gbm,0,32,brier,0.4363200261398443
111,111.0,lab_thrombocytopenia,lab_thrombocytopenia,count,gbm,1,32,auroc,0.6432382406341555
112,112.0,lab_thrombocytopenia,lab_thrombocytopenia,count,gbm,1,32,auprc,0.4647772162033977
113,113.0,lab_thrombocytopenia,lab_thrombocytopenia,count,gbm,1,32,brier,0.3800649470432768
114,114.0,lab_thrombocytopenia,lab_thrombocytopenia,count,gbm,2,32,auroc,0.6252302385135331
115,115.0,lab_thrombocytopenia,lab_thrombocytopenia,count,gbm,2,32,auprc,0.4466040461340661
116,116.0,lab_thrombocytopenia,lab_thrombocytopenia,count,gbm,2,32,brier,0.3405508811235439
117,117.0,lab_thrombocytopenia,lab_thrombocytopenia,count,gbm,3,32,auroc,0.6531395900690955
118,118.0,lab_thrombocytopenia,lab_thrombocytopenia,count,gbm,3,32,auprc,0.4767931834955184
119,119.0,lab_thrombocytopenia,lab_thrombocytopenia,count,gbm,3,32,brier,0.3538206629205835
120,120.0,lab_thrombocytopenia,lab_thrombocytopenia,count,gbm,4,32,auroc,0.6823164803326943
121,121.0,lab_thrombocytopenia,lab_thrombocytopenia,count,gbm,4,32,auprc,0.5197479483151751
122,122.0,lab_thrombocytopenia,lab_thrombocytopenia,count,gbm,4,32,brier,0.3405294019214877
123,123.0,lab_thrombocytopenia,lab_thrombocytopenia,count,gbm,0,48,auroc,0.6859619324476127
124,124.0,lab_thrombocytopenia,lab_thrombocytopenia,count,gbm,0,48,auprc,0.5362941677852622
125,125.0,lab_thrombocytopenia,lab_thrombocytopenia,count,gbm,0,48,brier,0.276448990478694
126,126.0,lab_thrombocytopenia,lab_thrombocytopenia,count,gbm,1,48,auroc,0.6664358134383573
127,127.0,lab_thrombocytopenia,lab_thrombocytopenia,count,gbm,1,48,auprc,0.5322236768803197
128,128.0,lab_thrombocytopenia,lab_thrombocytopenia,count,gbm,1,48,brier,0.281536866444248
129,129.0,lab_thrombocytopenia,lab_thrombocytopenia,count,gbm,2,48,auroc,0.6806774832335201
130,130.0,lab_thrombocytopenia,lab_thrombocytopenia,count,gbm,2,48,auprc,0.5466364610605192
131,131.0,lab_thrombocytopenia,lab_thrombocytopenia,count,gbm,2,48,brier,0.2849403468394055
132,132.0,lab_thrombocytopenia,lab_thrombocytopenia,count,gbm,3,48,auroc,0.6914630801209779
133,133.0,lab_thrombocytopenia,lab_thrombocytopenia,count,gbm,3,48,auprc,0.547161270031388
134,134.0,lab_thrombocytopenia,lab_thrombocytopenia,count,gbm,3,48,brier,0.3019067183068826
135,135.0,lab_thrombocytopenia,lab_thrombocytopenia,count,gbm,4,48,auroc,0.6512279714440338
136,136.0,lab_thrombocytopenia,lab_thrombocytopenia,count,gbm,4,48,auprc,0.4820181378215896
137,137.0,lab_thrombocytopenia,lab_thrombocytopenia,count,gbm,4,48,brier,0.3557500964747044
138,138.0,lab_thrombocytopenia,lab_thrombocytopenia,count,gbm,0,64,auroc,0.7144767146724036
139,139.0,lab_thrombocytopenia,lab_thrombocytopenia,count,gbm,0,64,auprc,0.5811310859655188
140,140.0,lab_thrombocytopenia,lab_thrombocytopenia,count,gbm,0,64,brier,0.2225229292540717
141,141.0,lab_thrombocytopenia,lab_thrombocytopenia,count,gbm,1,64,auroc,0.6934911282881582
142,142.0,lab_thrombocytopenia,lab_thrombocytopenia,count,gbm,1,64,auprc,0.5525507873912234
143,143.0,lab_thrombocytopenia,lab_thrombocytopenia,count,gbm,1,64,brier,0.3324927019780159
144,144.0,lab_thrombocytopenia,lab_thrombocytopenia,count,gbm,2,64,auroc,0.708947987884692
145,145.0,lab_thrombocytopenia,lab_thrombocytopenia,count,gbm,2,64,auprc,0.5853372054717922
146,146.0,lab_thrombocytopenia,lab_thrombocytopenia,count,gbm,2,64,brier,0.2128749368230605
147,147.0,lab_thrombocytopenia,lab_thrombocytopenia,count,gbm,3,64,auroc,0.7220551832119939
148,148.0,lab_thrombocytopenia,lab_thrombocytopenia,count,gbm,3,64,auprc,0.5891353213480635
149,149.0,lab_thrombocytopenia,lab_thrombocytopenia,count,gbm,3,64,brier,0.2086371239910993
150,150.0,lab_thrombocytopenia,lab_thrombocytopenia,count,gbm,4,64,auroc,0.6935000893230961
151,151.0,lab_thrombocytopenia,lab_thrombocytopenia,count,gbm,4,64,auprc,0.5455697227516028
152,152.0,lab_thrombocytopenia,lab_thrombocytopenia,count,gbm,4,64,brier,0.3607939136230622
153,153.0,lab_thrombocytopenia,lab_thrombocytopenia,count,gbm,0,128,auroc,0.7370416983890042
154,154.0,lab_thrombocytopenia,lab_thrombocytopenia,count,gbm,0,128,auprc,0.6085767699898307
155,155.0,lab_thrombocytopenia,lab_thrombocytopenia,count,gbm,0,128,brier,0.2019360408298375
156,156.0,lab_thrombocytopenia,lab_thrombocytopenia,count,gbm,1,128,auroc,0.7215060843657356
157,157.0,lab_thrombocytopenia,lab_thrombocytopenia,count,gbm,1,128,auprc,0.5958703062926264
158,158.0,lab_thrombocytopenia,lab_thrombocytopenia,count,gbm,1,128,brier,0.2150697396068873
159,159.0,lab_thrombocytopenia,lab_thrombocytopenia,count,gbm,2,128,auroc,0.7252937296127588
160,160.0,lab_thrombocytopenia,lab_thrombocytopenia,count,gbm,2,128,auprc,0.6065970227391281
161,161.0,lab_thrombocytopenia,lab_thrombocytopenia,count,gbm,2,128,brier,0.2793779712339603
162,162.0,lab_thrombocytopenia,lab_thrombocytopenia,count,gbm,3,128,auroc,0.7171053319770432
163,163.0,lab_thrombocytopenia,lab_thrombocytopenia,count,gbm,3,128,auprc,0.5753320922565045
164,164.0,lab_thrombocytopenia,lab_thrombocytopenia,count,gbm,3,128,brier,0.2730882556400789
165,165.0,lab_thrombocytopenia,lab_thrombocytopenia,count,gbm,4,128,auroc,0.7204538619305341
166,166.0,lab_thrombocytopenia,lab_thrombocytopenia,count,gbm,4,128,auprc,0.5783727281362263
167,167.0,lab_thrombocytopenia,lab_thrombocytopenia,count,gbm,4,128,brier,0.2198149861363615
168,168.0,lab_thrombocytopenia,lab_thrombocytopenia,count,lr_lbfgs,0,-1,auroc,0.7531405835858307
169,169.0,lab_thrombocytopenia,lab_thrombocytopenia,count,lr_lbfgs,0,-1,auprc,0.6302626043807109
170,170.0,lab_thrombocytopenia,lab_thrombocytopenia,count,lr_lbfgs,0,-1,brier,0.1834510603564051
171,171.0,lab_thrombocytopenia,lab_thrombocytopenia,count,lr_lbfgs,0,1,auroc,0.5855445208523381
172,172.0,lab_thrombocytopenia,lab_thrombocytopenia,count,lr_lbfgs,0,1,auprc,0.3856647763446033
173,173.0,lab_thrombocytopenia,lab_thrombocytopenia,count,lr_lbfgs,0,1,brier,0.2500438119222741
174,174.0,lab_thrombocytopenia,lab_thrombocytopenia,count,lr_lbfgs,1,1,auroc,0.437288979268337
175,175.0,lab_thrombocytopenia,lab_thrombocytopenia,count,lr_lbfgs,1,1,auprc,0.2910098778665377
176,176.0,lab_thrombocytopenia,lab_thrombocytopenia,count,lr_lbfgs,1,1,brier,0.2499350277309961
177,177.0,lab_thrombocytopenia,lab_thrombocytopenia,count,lr_lbfgs,2,1,auroc,0.483962072877193
178,178.0,lab_thrombocytopenia,lab_thrombocytopenia,count,lr_lbfgs,2,1,auprc,0.3263755375000672
179,179.0,lab_thrombocytopenia,lab_thrombocytopenia,count,lr_lbfgs,2,1,brier,0.2499937322606891
180,180.0,lab_thrombocytopenia,lab_thrombocytopenia,count,lr_lbfgs,3,1,auroc,0.5703632908632531
181,181.0,lab_thrombocytopenia,lab_thrombocytopenia,count,lr_lbfgs,3,1,auprc,0.3816351731840098
182,182.0,lab_thrombocytopenia,lab_thrombocytopenia,count,lr_lbfgs,3,1,brier,0.4374160042384362
183,183.0,lab_thrombocytopenia,lab_thrombocytopenia,count,lr_lbfgs,4,1,auroc,0.574008985984527
184,184.0,lab_thrombocytopenia,lab_thrombocytopenia,count,lr_lbfgs,4,1,auprc,0.3781164536198317
185,185.0,lab_thrombocytopenia,lab_thrombocytopenia,count,lr_lbfgs,4,1,brier,0.250029845238929
186,186.0,lab_thrombocytopenia,lab_thrombocytopenia,count,lr_lbfgs,0,2,auroc,0.4970198255414673
187,187.0,lab_thrombocytopenia,lab_thrombocytopenia,count,lr_lbfgs,0,2,auprc,0.3290176069294122
188,188.0,lab_thrombocytopenia,lab_thrombocytopenia,count,lr_lbfgs,0,2,brier,0.2535012804392714
189,189.0,lab_thrombocytopenia,lab_thrombocytopenia,count,lr_lbfgs,1,2,auroc,0.6387816908960087
190,190.0,lab_thrombocytopenia,lab_thrombocytopenia,count,lr_lbfgs,1,2,auprc,0.5323527549111291
191,191.0,lab_thrombocytopenia,lab_thrombocytopenia,count,lr_lbfgs,1,2,brier,0.2499534534498614
192,192.0,lab_thrombocytopenia,lab_thrombocytopenia,count,lr_lbfgs,2,2,auroc,0.602301670233108
193,193.0,lab_thrombocytopenia,lab_thrombocytopenia,count,lr_lbfgs,2,2,auprc,0.4022069483576705
194,194.0,lab_thrombocytopenia,lab_thrombocytopenia,count,lr_lbfgs,2,2,brier,0.2499981474178616
195,195.0,lab_thrombocytopenia,lab_thrombocytopenia,count,lr_lbfgs,3,2,auroc,0.5405491599771055
196,196.0,lab_thrombocytopenia,lab_thrombocytopenia,count,lr_lbfgs,3,2,auprc,0.3539357193332914
197,197.0,lab_thrombocytopenia,lab_thrombocytopenia,count,lr_lbfgs,3,2,brier,0.402256989050458
198,198.0,lab_thrombocytopenia,lab_thrombocytopenia,count,lr_lbfgs,4,2,auroc,0.6470755455643329
199,199.0,lab_thrombocytopenia,lab_thrombocytopenia,count,lr_lbfgs,4,2,auprc,0.4633229056588785
200,200.0,lab_thrombocytopenia,lab_thrombocytopenia,count,lr_lbfgs,4,2,brier,0.2499918718510003
201,201.0,lab_thrombocytopenia,lab_thrombocytopenia,count,lr_lbfgs,0,4,auroc,0.5581064288529498
202,202.0,lab_thrombocytopenia,lab_thrombocytopenia,count,lr_lbfgs,0,4,auprc,0.3713138575534324
203,203.0,lab_thrombocytopenia,lab_thrombocytopenia,count,lr_lbfgs,0,4,brier,0.2578044357804647
204,204.0,lab_thrombocytopenia,lab_thrombocytopenia,count,lr_lbfgs,1,4,auroc,0.6329319815083625
205,205.0,lab_thrombocytopenia,lab_thrombocytopenia,count,lr_lbfgs,1,4,auprc,0.4749008050965854
206,206.0,lab_thrombocytopenia,lab_thrombocytopenia,count,lr_lbfgs,1,4,brier,0.2455839065241165
207,207.0,lab_thrombocytopenia,lab_thrombocytopenia,count,lr_lbfgs,2,4,auroc,0.5896215571707631
208,208.0,lab_thrombocytopenia,lab_thrombocytopenia,count,lr_lbfgs,2,4,auprc,0.3978080512816639
209,209.0,lab_thrombocytopenia,lab_thrombocytopenia,count,lr_lbfgs,2,4,brier,0.3445374413046345
210,210.0,lab_thrombocytopenia,lab_thrombocytopenia,count,lr_lbfgs,3,4,auroc,0.6206381432015299
211,211.0,lab_thrombocytopenia,lab_thrombocytopenia,count,lr_lbfgs,3,4,auprc,0.4361449903158329
212,212.0,lab_thrombocytopenia,lab_thrombocytopenia,count,lr_lbfgs,3,4,brier,0.2500018960347793
213,213.0,lab_thrombocytopenia,lab_thrombocytopenia,count,lr_lbfgs,4,4,auroc,0.5973595123265303
214,214.0,lab_thrombocytopenia,lab_thrombocytopenia,count,lr_lbfgs,4,4,auprc,0.4169518595799101
215,215.0,lab_thrombocytopenia,lab_thrombocytopenia,count,lr_lbfgs,4,4,brier,0.2500001779558732
216,216.0,lab_thrombocytopenia,lab_thrombocytopenia,count,lr_lbfgs,0,8,auroc,0.5934289947938023
217,217.0,lab_thrombocytopenia,lab_thrombocytopenia,count,lr_lbfgs,0,8,auprc,0.4310917915401847
218,218.0,lab_thrombocytopenia,lab_thrombocytopenia,count,lr_lbfgs,0,8,brier,0.3101432723311295
219,219.0,lab_thrombocytopenia,lab_thrombocytopenia,count,lr_lbfgs,1,8,auroc,0.6515704165619298
220,220.0,lab_thrombocytopenia,lab_thrombocytopenia,count,lr_lbfgs,1,8,auprc,0.4662076963987432
221,221.0,lab_thrombocytopenia,lab_thrombocytopenia,count,lr_lbfgs,1,8,brier,0.2829348180128159
222,222.0,lab_thrombocytopenia,lab_thrombocytopenia,count,lr_lbfgs,2,8,auroc,0.6379616097632661
223,223.0,lab_thrombocytopenia,lab_thrombocytopenia,count,lr_lbfgs,2,8,auprc,0.4590070641868037
224,224.0,lab_thrombocytopenia,lab_thrombocytopenia,count,lr_lbfgs,2,8,brier,0.2499888673725515
225,225.0,lab_thrombocytopenia,lab_thrombocytopenia,count,lr_lbfgs,3,8,auroc,0.6479190199216005
226,226.0,lab_thrombocytopenia,lab_thrombocytopenia,count,lr_lbfgs,3,8,auprc,0.4833573182549703
227,227.0,lab_thrombocytopenia,lab_thrombocytopenia,count,lr_lbfgs,3,8,brier,0.2496976951691848
228,228.0,lab_thrombocytopenia,lab_thrombocytopenia,count,lr_lbfgs,4,8,auroc,0.6240792950976151
229,229.0,lab_thrombocytopenia,lab_thrombocytopenia,count,lr_lbfgs,4,8,auprc,0.4649924329090407
230,230.0,lab_thrombocytopenia,lab_thrombocytopenia,count,lr_lbfgs,4,8,brier,0.3217683326895566
231,231.0,lab_thrombocytopenia,lab_thrombocytopenia,count,lr_lbfgs,0,12,auroc,0.6232330022880228
232,232.0,lab_thrombocytopenia,lab_thrombocytopenia,count,lr_lbfgs,0,12,auprc,0.4676914200496853
233,233.0,lab_thrombocytopenia,lab_thrombocytopenia,count,lr_lbfgs,0,12,brier,0.3239392359469202
234,234.0,lab_thrombocytopenia,lab_thrombocytopenia,count,lr_lbfgs,1,12,auroc,0.6622858155152189
235,235.0,lab_thrombocytopenia,lab_thrombocytopenia,count,lr_lbfgs,1,12,auprc,0.4909183055247615
236,236.0,lab_thrombocytopenia,lab_thrombocytopenia,count,lr_lbfgs,1,12,brier,0.2563874523950285
237,237.0,lab_thrombocytopenia,lab_thrombocytopenia,count,lr_lbfgs,2,12,auroc,0.6091287062330262
238,238.0,lab_thrombocytopenia,lab_thrombocytopenia,count,lr_lbfgs,2,12,auprc,0.4547269676453362
239,239.0,lab_thrombocytopenia,lab_thrombocytopenia,count,lr_lbfgs,2,12,brier,0.2499834196525838
240,240.0,lab_thrombocytopenia,lab_thrombocytopenia,count,lr_lbfgs,3,12,auroc,0.6382448680846813
241,241.0,lab_thrombocytopenia,lab_thrombocytopenia,count,lr_lbfgs,3,12,auprc,0.4501983918978253
242,242.0,lab_thrombocytopenia,lab_thrombocytopenia,count,lr_lbfgs,3,12,brier,0.2494689723087457
243,243.0,lab_thrombocytopenia,lab_thrombocytopenia,count,lr_lbfgs,4,12,auroc,0.6417466219732187
244,244.0,lab_thrombocytopenia,lab_thrombocytopenia,count,lr_lbfgs,4,12,auprc,0.4454606164539514
245,245.0,lab_thrombocytopenia,lab_thrombocytopenia,count,lr_lbfgs,4,12,brier,0.3720962269667454
246,246.0,lab_thrombocytopenia,lab_thrombocytopenia,count,lr_lbfgs,0,16,auroc,0.5812412273564413
247,247.0,lab_thrombocytopenia,lab_thrombocytopenia,count,lr_lbfgs,0,16,auprc,0.4084631238958852
248,248.0,lab_thrombocytopenia,lab_thrombocytopenia,count,lr_lbfgs,0,16,brier,0.3512600502684941
249,249.0,lab_thrombocytopenia,lab_thrombocytopenia,count,lr_lbfgs,1,16,auroc,0.6636150673025696
250,250.0,lab_thrombocytopenia,lab_thrombocytopenia,count,lr_lbfgs,1,16,auprc,0.5040703642922064
251,251.0,lab_thrombocytopenia,lab_thrombocytopenia,count,lr_lbfgs,1,16,brier,0.2499935195014727
252,252.0,lab_thrombocytopenia,lab_thrombocytopenia,count,lr_lbfgs,2,16,auroc,0.6475392009881082
253,253.0,lab_thrombocytopenia,lab_thrombocytopenia,count,lr_lbfgs,2,16,auprc,0.4953116786120324
254,254.0,lab_thrombocytopenia,lab_thrombocytopenia,count,lr_lbfgs,2,16,brier,0.245341892308648
255,255.0,lab_thrombocytopenia,lab_thrombocytopenia,count,lr_lbfgs,3,16,auroc,0.6497683952078153
256,256.0,lab_thrombocytopenia,lab_thrombocytopenia,count,lr_lbfgs,3,16,auprc,0.4820172429173647
257,257.0,lab_thrombocytopenia,lab_thrombocytopenia,count,lr_lbfgs,3,16,brier,0.2561746909925349
258,258.0,lab_thrombocytopenia,lab_thrombocytopenia,count,lr_lbfgs,4,16,auroc,0.6645800034000382
259,259.0,lab_thrombocytopenia,lab_thrombocytopenia,count,lr_lbfgs,4,16,auprc,0.4901763331118552
260,260.0,lab_thrombocytopenia,lab_thrombocytopenia,count,lr_lbfgs,4,16,brier,0.247971184004897
261,261.0,lab_thrombocytopenia,lab_thrombocytopenia,count,lr_lbfgs,0,24,auroc,0.6323881824481097
262,262.0,lab_thrombocytopenia,lab_thrombocytopenia,count,lr_lbfgs,0,24,auprc,0.4388472125844076
263,263.0,lab_thrombocytopenia,lab_thrombocytopenia,count,lr_lbfgs,0,24,brier,0.3298682984383301
264,264.0,lab_thrombocytopenia,lab_thrombocytopenia,count,lr_lbfgs,1,24,auroc,0.548045481131282
265,265.0,lab_thrombocytopenia,lab_thrombocytopenia,count,lr_lbfgs,1,24,auprc,0.4052987181830412
266,266.0,lab_thrombocytopenia,lab_thrombocytopenia,count,lr_lbfgs,1,24,brier,0.2498929658602031
267,267.0,lab_thrombocytopenia,lab_thrombocytopenia,count,lr_lbfgs,2,24,auroc,0.6463513339504486
268,268.0,lab_thrombocytopenia,lab_thrombocytopenia,count,lr_lbfgs,2,24,auprc,0.4802185234432208
269,269.0,lab_thrombocytopenia,lab_thrombocytopenia,count,lr_lbfgs,2,24,brier,0.2499380364337158
270,270.0,lab_thrombocytopenia,lab_thrombocytopenia,count,lr_lbfgs,3,24,auroc,0.5876043677355507
271,271.0,lab_thrombocytopenia,lab_thrombocytopenia,count,lr_lbfgs,3,24,auprc,0.4258971289217119
272,272.0,lab_thrombocytopenia,lab_thrombocytopenia,count,lr_lbfgs,3,24,brier,0.247230644117995
273,273.0,lab_thrombocytopenia,lab_thrombocytopenia,count,lr_lbfgs,4,24,auroc,0.6374499872728582
274,274.0,lab_thrombocytopenia,lab_thrombocytopenia,count,lr_lbfgs,4,24,auprc,0.4447971707143189
275,275.0,lab_thrombocytopenia,lab_thrombocytopenia,count,lr_lbfgs,4,24,brier,0.3500917561497358
276,276.0,lab_thrombocytopenia,lab_thrombocytopenia,count,lr_lbfgs,0,32,auroc,0.6600644831832065
277,277.0,lab_thrombocytopenia,lab_thrombocytopenia,count,lr_lbfgs,0,32,auprc,0.486195876510917
278,278.0,lab_thrombocytopenia,lab_thrombocytopenia,count,lr_lbfgs,0,32,brier,0.246389305509687
279,279.0,lab_thrombocytopenia,lab_thrombocytopenia,count,lr_lbfgs,1,32,auroc,0.6205913778223946
280,280.0,lab_thrombocytopenia,lab_thrombocytopenia,count,lr_lbfgs,1,32,auprc,0.4694132225531691
281,281.0,lab_thrombocytopenia,lab_thrombocytopenia,count,lr_lbfgs,1,32,brier,0.2499917246548734
282,282.0,lab_thrombocytopenia,lab_thrombocytopenia,count,lr_lbfgs,2,32,auroc,0.6013563677849609
283,283.0,lab_thrombocytopenia,lab_thrombocytopenia,count,lr_lbfgs,2,32,auprc,0.4022187911107754
284,284.0,lab_thrombocytopenia,lab_thrombocytopenia,count,lr_lbfgs,2,32,brier,0.378934182243368
285,285.0,lab_thrombocytopenia,lab_thrombocytopenia,count,lr_lbfgs,3,32,auroc,0.603096253256796
286,286.0,lab_thrombocytopenia,lab_thrombocytopenia,count,lr_lbfgs,3,32,auprc,0.4457943480521196
287,287.0,lab_thrombocytopenia,lab_thrombocytopenia,count,lr_lbfgs,3,32,brier,0.2497287533374921
288,288.0,lab_thrombocytopenia,lab_thrombocytopenia,count,lr_lbfgs,4,32,auroc,0.6020080455134105
289,289.0,lab_thrombocytopenia,lab_thrombocytopenia,count,lr_lbfgs,4,32,auprc,0.3951481481022672
290,290.0,lab_thrombocytopenia,lab_thrombocytopenia,count,lr_lbfgs,4,32,brier,0.2864222691713005
291,291.0,lab_thrombocytopenia,lab_thrombocytopenia,count,lr_lbfgs,0,48,auroc,0.6810412532125985
292,292.0,lab_thrombocytopenia,lab_thrombocytopenia,count,lr_lbfgs,0,48,auprc,0.5183336782163506
293,293.0,lab_thrombocytopenia,lab_thrombocytopenia,count,lr_lbfgs,0,48,brier,0.2658752656951766
294,294.0,lab_thrombocytopenia,lab_thrombocytopenia,count,lr_lbfgs,1,48,auroc,0.6681118999092726
295,295.0,lab_thrombocytopenia,lab_thrombocytopenia,count,lr_lbfgs,1,48,auprc,0.4843771693502933
296,296.0,lab_thrombocytopenia,lab_thrombocytopenia,count,lr_lbfgs,1,48,brier,0.412743310763516
297,297.0,lab_thrombocytopenia,lab_thrombocytopenia,count,lr_lbfgs,2,48,auroc,0.666405719980796
298,298.0,lab_thrombocytopenia,lab_thrombocytopenia,count,lr_lbfgs,2,48,auprc,0.4929732564317121
299,299.0,lab_thrombocytopenia,lab_thrombocytopenia,count,lr_lbfgs,2,48,brier,0.2631405946847977
300,300.0,lab_thrombocytopenia,lab_thrombocytopenia,count,lr_lbfgs,3,48,auroc,0.6230465728689385
301,301.0,lab_thrombocytopenia,lab_thrombocytopenia,count,lr_lbfgs,3,48,auprc,0.4468285747357553
302,302.0,lab_thrombocytopenia,lab_thrombocytopenia,count,lr_lbfgs,3,48,brier,0.3894178335959006
303,303.0,lab_thrombocytopenia,lab_thrombocytopenia,count,lr_lbfgs,4,48,auroc,0.6465056387721455
304,304.0,lab_thrombocytopenia,lab_thrombocytopenia,count,lr_lbfgs,4,48,auprc,0.4586475635330073
305,305.0,lab_thrombocytopenia,lab_thrombocytopenia,count,lr_lbfgs,4,48,brier,0.2720719070513054
306,306.0,lab_thrombocytopenia,lab_thrombocytopenia,count,lr_lbfgs,0,64,auroc,0.6761511527455257
307,307.0,lab_thrombocytopenia,lab_thrombocytopenia,count,lr_lbfgs,0,64,auprc,0.5113743331392395
308,308.0,lab_thrombocytopenia,lab_thrombocytopenia,count,lr_lbfgs,0,64,brier,0.2405126317237599
309,309.0,lab_thrombocytopenia,lab_thrombocytopenia,count,lr_lbfgs,1,64,auroc,0.6344710074785178
310,310.0,lab_thrombocytopenia,lab_thrombocytopenia,count,lr_lbfgs,1,64,auprc,0.4517383506591621
311,311.0,lab_thrombocytopenia,lab_thrombocytopenia,count,lr_lbfgs,1,64,brier,0.4231514975861454
312,312.0,lab_thrombocytopenia,lab_thrombocytopenia,count,lr_lbfgs,2,64,auroc,0.681860526665258
313,313.0,lab_thrombocytopenia,lab_thrombocytopenia,count,lr_lbfgs,2,64,auprc,0.5260789490840655
314,314.0,lab_thrombocytopenia,lab_thrombocytopenia,count,lr_lbfgs,2,64,brier,0.240765209510074
315,315.0,lab_thrombocytopenia,lab_thrombocytopenia,count,lr_lbfgs,3,64,auroc,0.6579000508595446
316,316.0,lab_thrombocytopenia,lab_thrombocytopenia,count,lr_lbfgs,3,64,auprc,0.4890474492153611
317,317.0,lab_thrombocytopenia,lab_thrombocytopenia,count,lr_lbfgs,3,64,brier,0.2499912791376795
318,318.0,lab_thrombocytopenia,lab_thrombocytopenia,count,lr_lbfgs,4,64,auroc,0.6565852108941963
319,319.0,lab_thrombocytopenia,lab_thrombocytopenia,count,lr_lbfgs,4,64,auprc,0.4693747930802673
320,320.0,lab_thrombocytopenia,lab_thrombocytopenia,count,lr_lbfgs,4,64,brier,0.2472831329942167
321,321.0,lab_thrombocytopenia,lab_thrombocytopenia,count,lr_lbfgs,0,128,auroc,0.683138801899754
322,322.0,lab_thrombocytopenia,lab_thrombocytopenia,count,lr_lbfgs,0,128,auprc,0.5069188429716287
323,323.0,lab_thrombocytopenia,lab_thrombocytopenia,count,lr_lbfgs,0,128,brier,0.2370325708996244
324,324.0,lab_thrombocytopenia,lab_thrombocytopenia,count,lr_lbfgs,1,128,auroc,0.6844501835896861
325,325.0,lab_thrombocytopenia,lab_thrombocytopenia,count,lr_lbfgs,1,128,auprc,0.5080565273151901
326,326.0,lab_thrombocytopenia,lab_thrombocytopenia,count,lr_lbfgs,1,128,brier,0.2348192051000048
327,327.0,lab_thrombocytopenia,lab_thrombocytopenia,count,lr_lbfgs,2,128,auroc,0.6872612319458341
328,328.0,lab_thrombocytopenia,lab_thrombocytopenia,count,lr_lbfgs,2,128,auprc,0.5339355479774349
329,329.0,lab_thrombocytopenia,lab_thrombocytopenia,count,lr_lbfgs,2,128,brier,0.2387875775405678
330,330.0,lab_thrombocytopenia,lab_thrombocytopenia,count,lr_lbfgs,3,128,auroc,0.6873498281299626
331,331.0,lab_thrombocytopenia,lab_thrombocytopenia,count,lr_lbfgs,3,128,auprc,0.510531409026782
332,332.0,lab_thrombocytopenia,lab_thrombocytopenia,count,lr_lbfgs,3,128,brier,0.2316120537526627
333,333.0,lab_thrombocytopenia,lab_thrombocytopenia,count,lr_lbfgs,4,128,auroc,0.6717422561322749
334,334.0,lab_thrombocytopenia,lab_thrombocytopenia,count,lr_lbfgs,4,128,auprc,0.5044995399999557
335,335.0,lab_thrombocytopenia,lab_thrombocytopenia,count,lr_lbfgs,4,128,brier,0.2365164161245258
336,336.0,lab_thrombocytopenia,lab_thrombocytopenia,count,rf,0,-1,auroc,0.8109070999246922
337,337.0,lab_thrombocytopenia,lab_thrombocytopenia,count,rf,0,-1,auprc,0.7228930611296078
338,338.0,lab_thrombocytopenia,lab_thrombocytopenia,count,rf,0,-1,brier,0.1623000415602391
339,339.0,lab_thrombocytopenia,lab_thrombocytopenia,count,rf,0,1,auroc,0.4807864630154854
340,340.0,lab_thrombocytopenia,lab_thrombocytopenia,count,rf,0,1,auprc,0.324982137184773
341,341.0,lab_thrombocytopenia,lab_thrombocytopenia,count,rf,0,1,brier,0.2333493822996911
342,342.0,lab_thrombocytopenia,lab_thrombocytopenia,count,rf,1,1,auroc,0.5241705913211443
343,343.0,lab_thrombocytopenia,lab_thrombocytopenia,count,rf,1,1,auprc,0.35087856757944
344,344.0,lab_thrombocytopenia,lab_thrombocytopenia,count,rf,1,1,brier,0.458853393801697
345,345.0,lab_thrombocytopenia,lab_thrombocytopenia,count,rf,2,1,auroc,0.4846168176829662
346,346.0,lab_thrombocytopenia,lab_thrombocytopenia,count,rf,2,1,auprc,0.3276902604285411
347,347.0,lab_thrombocytopenia,lab_thrombocytopenia,count,rf,2,1,brier,0.2498964286982144
348,348.0,lab_thrombocytopenia,lab_thrombocytopenia,count,rf,3,1,auroc,0.5425835810913058
349,349.0,lab_thrombocytopenia,lab_thrombocytopenia,count,rf,3,1,auprc,0.353751569570137
350,350.0,lab_thrombocytopenia,lab_thrombocytopenia,count,rf,3,1,brier,0.2299092899602005
351,351.0,lab_thrombocytopenia,lab_thrombocytopenia,count,rf,4,1,auroc,0.5279449393446796
352,352.0,lab_thrombocytopenia,lab_thrombocytopenia,count,rf,4,1,auprc,0.368816160889922
353,353.0,lab_thrombocytopenia,lab_thrombocytopenia,count,rf,4,1,brier,0.2665041357520679
354,354.0,lab_thrombocytopenia,lab_thrombocytopenia,count,rf,0,2,auroc,0.4812497153015499
355,355.0,lab_thrombocytopenia,lab_thrombocytopenia,count,rf,0,2,auprc,0.3269280530601153
356,356.0,lab_thrombocytopenia,lab_thrombocytopenia,count,rf,0,2,brier,0.2418231034115517
357,357.0,lab_thrombocytopenia,lab_thrombocytopenia,count,rf,1,2,auroc,0.496475829126342
358,358.0,lab_thrombocytopenia,lab_thrombocytopenia,count,rf,1,2,auprc,0.3272292018825571
359,359.0,lab_thrombocytopenia,lab_thrombocytopenia,count,rf,1,2,brier,0.2978060545280273
360,360.0,lab_thrombocytopenia,lab_thrombocytopenia,count,rf,2,2,auroc,0.5297527401765358
361,361.0,lab_thrombocytopenia,lab_thrombocytopenia,count,rf,2,2,auprc,0.3616263507464785
362,362.0,lab_thrombocytopenia,lab_thrombocytopenia,count,rf,2,2,brier,0.2368852284426142
363,363.0,lab_thrombocytopenia,lab_thrombocytopenia,count,rf,3,2,auroc,0.5937883618629327
364,364.0,lab_thrombocytopenia,lab_thrombocytopenia,count,rf,3,2,auprc,0.3830177991347588
365,365.0,lab_thrombocytopenia,lab_thrombocytopenia,count,rf,3,2,brier,0.2301892150946075
366,366.0,lab_thrombocytopenia,lab_thrombocytopenia,count,rf,4,2,auroc,0.5992433214728393
367,367.0,lab_thrombocytopenia,lab_thrombocytopenia,count,rf,4,2,auprc,0.4525825219226428
368,368.0,lab_thrombocytopenia,lab_thrombocytopenia,count,rf,4,2,brier,0.2493395576697788
369,369.0,lab_thrombocytopenia,lab_thrombocytopenia,count,rf,0,4,auroc,0.4952833189817011
370,370.0,lab_thrombocytopenia,lab_thrombocytopenia,count,rf,0,4,auprc,0.330520583755422
371,371.0,lab_thrombocytopenia,lab_thrombocytopenia,count,rf,0,4,brier,0.2667002733501367
372,372.0,lab_thrombocytopenia,lab_thrombocytopenia,count,rf,1,4,auroc,0.5732105759619066
373,373.0,lab_thrombocytopenia,lab_thrombocytopenia,count,rf,1,4,auprc,0.386361661830941
374,374.0,lab_thrombocytopenia,lab_thrombocytopenia,count,rf,1,4,brier,0.2668326884163442
375,375.0,lab_thrombocytopenia,lab_thrombocytopenia,count,rf,2,4,auroc,0.6057169756642072
376,376.0,lab_thrombocytopenia,lab_thrombocytopenia,count,rf,2,4,auprc,0.4244695998448853
377,377.0,lab_thrombocytopenia,lab_thrombocytopenia,count,rf,2,4,brier,0.2331490290745145
378,378.0,lab_thrombocytopenia,lab_thrombocytopenia,count,rf,3,4,auroc,0.5524487633144605
379,379.0,lab_thrombocytopenia,lab_thrombocytopenia,count,rf,3,4,auprc,0.3528689828761339
380,380.0,lab_thrombocytopenia,lab_thrombocytopenia,count,rf,3,4,brier,0.2332776971138485
381,381.0,lab_thrombocytopenia,lab_thrombocytopenia,count,rf,4,4,auroc,0.5853533394650438
382,382.0,lab_thrombocytopenia,lab_thrombocytopenia,count,rf,4,4,auprc,0.4131026421111939
383,383.0,lab_thrombocytopenia,lab_thrombocytopenia,count,rf,4,4,brier,0.2358478895239447
384,384.0,lab_thrombocytopenia,lab_thrombocytopenia,count,rf,0,8,auroc,0.6016592302578164
385,385.0,lab_thrombocytopenia,lab_thrombocytopenia,count,rf,0,8,auprc,0.4053808894609911
386,386.0,lab_thrombocytopenia,lab_thrombocytopenia,count,rf,0,8,brier,0.2358670279779584
387,387.0,lab_thrombocytopenia,lab_thrombocytopenia,count,rf,1,8,auroc,0.6221683408772127
388,388.0,lab_thrombocytopenia,lab_thrombocytopenia,count,rf,1,8,auprc,0.4565065231691604
389,389.0,lab_thrombocytopenia,lab_thrombocytopenia,count,rf,1,8,brier,0.2515574571238674
390,390.0,lab_thrombocytopenia,lab_thrombocytopenia,count,rf,2,8,auroc,0.6085968720752895
391,391.0,lab_thrombocytopenia,lab_thrombocytopenia,count,rf,2,8,auprc,0.4196225181280236
392,392.0,lab_thrombocytopenia,lab_thrombocytopenia,count,rf,2,8,brier,0.2800195250097625
393,393.0,lab_thrombocytopenia,lab_thrombocytopenia,count,rf,3,8,auroc,0.6433191919507159
394,394.0,lab_thrombocytopenia,lab_thrombocytopenia,count,rf,3,8,auprc,0.4940506081819575
395,395.0,lab_thrombocytopenia,lab_thrombocytopenia,count,rf,3,8,brier,0.2347016898008448
396,396.0,lab_thrombocytopenia,lab_thrombocytopenia,count,rf,4,8,auroc,0.6674213924340859
397,397.0,lab_thrombocytopenia,lab_thrombocytopenia,count,rf,4,8,auprc,0.5030452323187203
398,398.0,lab_thrombocytopenia,lab_thrombocytopenia,count,rf,4,8,brier,0.2567122297561149
399,399.0,lab_thrombocytopenia,lab_thrombocytopenia,count,rf,0,12,auroc,0.6214204206924058
400,400.0,lab_thrombocytopenia,lab_thrombocytopenia,count,rf,0,12,auprc,0.4171340138773023
401,401.0,lab_thrombocytopenia,lab_thrombocytopenia,count,rf,0,12,brier,0.2262691824345912
402,402.0,lab_thrombocytopenia,lab_thrombocytopenia,count,rf,1,12,auroc,0.5850665435048653
403,403.0,lab_thrombocytopenia,lab_thrombocytopenia,count,rf,1,12,auprc,0.4141122165913348
404,404.0,lab_thrombocytopenia,lab_thrombocytopenia,count,rf,1,12,brier,0.2572895292697646
405,405.0,lab_thrombocytopenia,lab_thrombocytopenia,count,rf,2,12,auroc,0.643968809041458
406,406.0,lab_thrombocytopenia,lab_thrombocytopenia,count,rf,2,12,auprc,0.4983221779953414
407,407.0,lab_thrombocytopenia,lab_thrombocytopenia,count,rf,2,12,brier,0.229232426543163
408,408.0,lab_thrombocytopenia,lab_thrombocytopenia,count,rf,3,12,auroc,0.6046320836231447
409,409.0,lab_thrombocytopenia,lab_thrombocytopenia,count,rf,3,12,auprc,0.4481621106165457
410,410.0,lab_thrombocytopenia,lab_thrombocytopenia,count,rf,3,12,brier,0.2293774443881167
411,411.0,lab_thrombocytopenia,lab_thrombocytopenia,count,rf,4,12,auroc,0.5357199459463404
412,412.0,lab_thrombocytopenia,lab_thrombocytopenia,count,rf,4,12,auprc,0.3678162009775938
413,413.0,lab_thrombocytopenia,lab_thrombocytopenia,count,rf,4,12,brier,0.2733714366857183
414,414.0,lab_thrombocytopenia,lab_thrombocytopenia,count,rf,0,16,auroc,0.6197819110106035
415,415.0,lab_thrombocytopenia,lab_thrombocytopenia,count,rf,0,16,auprc,0.4312642993514194
416,416.0,lab_thrombocytopenia,lab_thrombocytopenia,count,rf,0,16,brier,0.2358441119368552
417,417.0,lab_thrombocytopenia,lab_thrombocytopenia,count,rf,1,16,auroc,0.5850477793407113
418,418.0,lab_thrombocytopenia,lab_thrombocytopenia,count,rf,1,16,auprc,0.426924957512983
419,419.0,lab_thrombocytopenia,lab_thrombocytopenia,count,rf,1,16,brier,0.244990950930575
420,420.0,lab_thrombocytopenia,lab_thrombocytopenia,count,rf,2,16,auroc,0.654645602993772
421,421.0,lab_thrombocytopenia,lab_thrombocytopenia,count,rf,2,16,auprc,0.5270187412948676
422,422.0,lab_thrombocytopenia,lab_thrombocytopenia,count,rf,2,16,brier,0.21696831612255
423,423.0,lab_thrombocytopenia,lab_thrombocytopenia,count,rf,3,16,auroc,0.5990597273620114
424,424.0,lab_thrombocytopenia,lab_thrombocytopenia,count,rf,3,16,auprc,0.4059716260003584
425,425.0,lab_thrombocytopenia,lab_thrombocytopenia,count,rf,3,16,brier,0.2391877169938585
426,426.0,lab_thrombocytopenia,lab_thrombocytopenia,count,rf,4,16,auroc,0.662729613246241
427,427.0,lab_thrombocytopenia,lab_thrombocytopenia,count,rf,4,16,auprc,0.4978027335570936
428,428.0,lab_thrombocytopenia,lab_thrombocytopenia,count,rf,4,16,brier,0.2368396109198055
429,429.0,lab_thrombocytopenia,lab_thrombocytopenia,count,rf,0,24,auroc,0.6245512274864147
430,430.0,lab_thrombocytopenia,lab_thrombocytopenia,count,rf,0,24,auprc,0.4304809269583522
431,431.0,lab_thrombocytopenia,lab_thrombocytopenia,count,rf,0,24,brier,0.2568025134012567
432,432.0,lab_thrombocytopenia,lab_thrombocytopenia,count,rf,1,24,auroc,0.6433234192780372
433,433.0,lab_thrombocytopenia,lab_thrombocytopenia,count,rf,1,24,auprc,0.4823986150848718
434,434.0,lab_thrombocytopenia,lab_thrombocytopenia,count,rf,1,24,brier,0.2419779070356626
435,435.0,lab_thrombocytopenia,lab_thrombocytopenia,count,rf,2,24,auroc,0.6398959410545917
436,436.0,lab_thrombocytopenia,lab_thrombocytopenia,count,rf,2,24,auprc,0.4426398397116656
437,437.0,lab_thrombocytopenia,lab_thrombocytopenia,count,rf,2,24,brier,0.2323073236536618
438,438.0,lab_thrombocytopenia,lab_thrombocytopenia,count,rf,3,24,auroc,0.6280831675401405
439,439.0,lab_thrombocytopenia,lab_thrombocytopenia,count,rf,3,24,auprc,0.4773585666179381
440,440.0,lab_thrombocytopenia,lab_thrombocytopenia,count,rf,3,24,brier,0.23493041996521
441,441.0,lab_thrombocytopenia,lab_thrombocytopenia,count,rf,4,24,auroc,0.6695103312515568
442,442.0,lab_thrombocytopenia,lab_thrombocytopenia,count,rf,4,24,auprc,0.5220991291947608
443,443.0,lab_thrombocytopenia,lab_thrombocytopenia,count,rf,4,24,brier,0.2435772924136462
444,444.0,lab_thrombocytopenia,lab_thrombocytopenia,count,rf,0,32,auroc,0.6435061158104771
445,445.0,lab_thrombocytopenia,lab_thrombocytopenia,count,rf,0,32,auprc,0.4868168810769658
446,446.0,lab_thrombocytopenia,lab_thrombocytopenia,count,rf,0,32,brier,0.2325086087543044
447,447.0,lab_thrombocytopenia,lab_thrombocytopenia,count,rf,1,32,auroc,0.6593567629919559
448,448.0,lab_thrombocytopenia,lab_thrombocytopenia,count,rf,1,32,auprc,0.5125337192627715
449,449.0,lab_thrombocytopenia,lab_thrombocytopenia,count,rf,1,32,brier,0.2308965966313005
450,450.0,lab_thrombocytopenia,lab_thrombocytopenia,count,rf,2,32,auroc,0.6625764834234823
451,451.0,lab_thrombocytopenia,lab_thrombocytopenia,count,rf,2,32,auprc,0.4910579319311984
452,452.0,lab_thrombocytopenia,lab_thrombocytopenia,count,rf,2,32,brier,0.230413396365587
453,453.0,lab_thrombocytopenia,lab_thrombocytopenia,count,rf,3,32,auroc,0.6574627194854998
454,454.0,lab_thrombocytopenia,lab_thrombocytopenia,count,rf,3,32,auprc,0.5099435597589425
455,455.0,lab_thrombocytopenia,lab_thrombocytopenia,count,rf,3,32,brier,0.2397499875749937
456,456.0,lab_thrombocytopenia,lab_thrombocytopenia,count,rf,4,32,auroc,0.6299925864660544
457,457.0,lab_thrombocytopenia,lab_thrombocytopenia,count,rf,4,32,auprc,0.4535815917967493
458,458.0,lab_thrombocytopenia,lab_thrombocytopenia,count,rf,4,32,brier,0.2314808969364361
459,459.0,lab_thrombocytopenia,lab_thrombocytopenia,count,rf,0,48,auroc,0.6997113057809271
460,460.0,lab_thrombocytopenia,lab_thrombocytopenia,count,rf,0,48,auprc,0.5818369630602069
461,461.0,lab_thrombocytopenia,lab_thrombocytopenia,count,rf,0,48,brier,0.2139169385088994
462,462.0,lab_thrombocytopenia,lab_thrombocytopenia,count,rf,1,48,auroc,0.6853552389881329
463,463.0,lab_thrombocytopenia,lab_thrombocytopenia,count,rf,1,48,auprc,0.5255759374882849
464,464.0,lab_thrombocytopenia,lab_thrombocytopenia,count,rf,1,48,brier,0.2217927508963754
465,465.0,lab_thrombocytopenia,lab_thrombocytopenia,count,rf,2,48,auroc,0.6881194264481968
466,466.0,lab_thrombocytopenia,lab_thrombocytopenia,count,rf,2,48,auprc,0.5452274830959316
467,467.0,lab_thrombocytopenia,lab_thrombocytopenia,count,rf,2,48,brier,0.2212610493805246
468,468.0,lab_thrombocytopenia,lab_thrombocytopenia,count,rf,3,48,auroc,0.7140824235164851
469,469.0,lab_thrombocytopenia,lab_thrombocytopenia,count,rf,3,48,auprc,0.6050791047348839
470,470.0,lab_thrombocytopenia,lab_thrombocytopenia,count,rf,3,48,brier,0.2149306158855509
471,471.0,lab_thrombocytopenia,lab_thrombocytopenia,count,rf,4,48,auroc,0.6942409707515625
472,472.0,lab_thrombocytopenia,lab_thrombocytopenia,count,rf,4,48,auprc,0.5504933332486476
473,473.0,lab_thrombocytopenia,lab_thrombocytopenia,count,rf,4,48,brier,0.2135797866045812
474,474.0,lab_thrombocytopenia,lab_thrombocytopenia,count,rf,0,64,auroc,0.6921727429584109
475,475.0,lab_thrombocytopenia,lab_thrombocytopenia,count,rf,0,64,auprc,0.5364210227474956
476,476.0,lab_thrombocytopenia,lab_thrombocytopenia,count,rf,0,64,brier,0.229131492065746
477,477.0,lab_thrombocytopenia,lab_thrombocytopenia,count,rf,1,64,auroc,0.699351534169425
478,478.0,lab_thrombocytopenia,lab_thrombocytopenia,count,rf,1,64,auprc,0.5776185868031867
479,479.0,lab_thrombocytopenia,lab_thrombocytopenia,count,rf,1,64,brier,0.2203468567491349
480,480.0,lab_thrombocytopenia,lab_thrombocytopenia,count,rf,2,64,auroc,0.7055060135595832
481,481.0,lab_thrombocytopenia,lab_thrombocytopenia,count,rf,2,64,auprc,0.5922044123668259
482,482.0,lab_thrombocytopenia,lab_thrombocytopenia,count,rf,2,64,brier,0.2107899712449856
483,483.0,lab_thrombocytopenia,lab_thrombocytopenia,count,rf,3,64,auroc,0.7228250722950579
484,484.0,lab_thrombocytopenia,lab_thrombocytopenia,count,rf,3,64,auprc,0.5904465533935634
485,485.0,lab_thrombocytopenia,lab_thrombocytopenia,count,rf,3,64,brier,0.2114994302247151
486,486.0,lab_thrombocytopenia,lab_thrombocytopenia,count,rf,4,64,auroc,0.7055569149630737
487,487.0,lab_thrombocytopenia,lab_thrombocytopenia,count,rf,4,64,auprc,0.5844903800263254
488,488.0,lab_thrombocytopenia,lab_thrombocytopenia,count,rf,4,64,brier,0.2188759242235335
489,489.0,lab_thrombocytopenia,lab_thrombocytopenia,count,rf,0,128,auroc,0.7130060015813364
490,490.0,lab_thrombocytopenia,lab_thrombocytopenia,count,rf,0,128,auprc,0.5984080602978384
491,491.0,lab_thrombocytopenia,lab_thrombocytopenia,count,rf,0,128,brier,0.210784403866965
492,492.0,lab_thrombocytopenia,lab_thrombocytopenia,count,rf,1,128,auroc,0.7218599409497085
493,493.0,lab_thrombocytopenia,lab_thrombocytopenia,count,rf,1,128,auprc,0.6108143961278167
494,494.0,lab_thrombocytopenia,lab_thrombocytopenia,count,rf,1,128,brier,0.211017243854913
495,495.0,lab_thrombocytopenia,lab_thrombocytopenia,count,rf,2,128,auroc,0.7225120372671401
496,496.0,lab_thrombocytopenia,lab_thrombocytopenia,count,rf,2,128,auprc,0.5963266599153174
497,497.0,lab_thrombocytopenia,lab_thrombocytopenia,count,rf,2,128,brier,0.2110644315461046
498,498.0,lab_thrombocytopenia,lab_thrombocytopenia,count,rf,3,128,auroc,0.7053320533163192
499,499.0,lab_thrombocytopenia,lab_thrombocytopenia,count,rf,3,128,auprc,0.5867363884770045
500,500.0,lab_thrombocytopenia,lab_thrombocytopenia,count,rf,3,128,brier,0.2100491670432704
501,501.0,lab_thrombocytopenia,lab_thrombocytopenia,count,rf,4,128,auroc,0.7301729137567622
502,502.0,lab_thrombocytopenia,lab_thrombocytopenia,count,rf,4,128,auprc,0.5996860561438294
503,503.0,lab_thrombocytopenia,lab_thrombocytopenia,count,rf,4,128,brier,0.2178702190351095
504,504.0,lab_thrombocytopenia,lab_thrombocytopenia,clmbr,lr_lbfgs,0,-1,auroc,0.8516662054532462
505,505.0,lab_thrombocytopenia,lab_thrombocytopenia,clmbr,lr_lbfgs,0,-1,auprc,0.7836396039274915
506,506.0,lab_thrombocytopenia,lab_thrombocytopenia,clmbr,lr_lbfgs,0,-1,brier,0.1400265531406942
507,507.0,lab_thrombocytopenia,lab_thrombocytopenia,clmbr,lr_lbfgs,0,1,auroc,0.6305947611310525
508,508.0,lab_thrombocytopenia,lab_thrombocytopenia,clmbr,lr_lbfgs,0,1,auprc,0.453168878362971
509,509.0,lab_thrombocytopenia,lab_thrombocytopenia,clmbr,lr_lbfgs,0,1,brier,0.2499971404760519
510,510.0,lab_thrombocytopenia,lab_thrombocytopenia,clmbr,lr_lbfgs,1,1,auroc,0.3875910731809186
511,511.0,lab_thrombocytopenia,lab_thrombocytopenia,clmbr,lr_lbfgs,1,1,auprc,0.2789878026230491
512,512.0,lab_thrombocytopenia,lab_thrombocytopenia,clmbr,lr_lbfgs,1,1,brier,0.2499939319182196
513,513.0,lab_thrombocytopenia,lab_thrombocytopenia,clmbr,lr_lbfgs,2,1,auroc,0.6044702210228627
514,514.0,lab_thrombocytopenia,lab_thrombocytopenia,clmbr,lr_lbfgs,2,1,auprc,0.4034900705871769
515,515.0,lab_thrombocytopenia,lab_thrombocytopenia,clmbr,lr_lbfgs,2,1,brier,0.2499980920375791
516,516.0,lab_thrombocytopenia,lab_thrombocytopenia,clmbr,lr_lbfgs,3,1,auroc,0.4980719503527284
517,517.0,lab_thrombocytopenia,lab_thrombocytopenia,clmbr,lr_lbfgs,3,1,auprc,0.3312832483773685
518,518.0,lab_thrombocytopenia,lab_thrombocytopenia,clmbr,lr_lbfgs,3,1,brier,0.2499991168886267
519,519.0,lab_thrombocytopenia,lab_thrombocytopenia,clmbr,lr_lbfgs,4,1,auroc,0.5272221302848178
520,520.0,lab_thrombocytopenia,lab_thrombocytopenia,clmbr,lr_lbfgs,4,1,auprc,0.385473184580475
521,521.0,lab_thrombocytopenia,lab_thrombocytopenia,clmbr,lr_lbfgs,4,1,brier,0.2499996528522611
522,522.0,lab_thrombocytopenia,lab_thrombocytopenia,clmbr,lr_lbfgs,0,2,auroc,0.4989232676347672
523,523.0,lab_thrombocytopenia,lab_thrombocytopenia,clmbr,lr_lbfgs,0,2,auprc,0.3257909782912878
524,524.0,lab_thrombocytopenia,lab_thrombocytopenia,clmbr,lr_lbfgs,0,2,brier,0.2499988689141854
525,525.0,lab_thrombocytopenia,lab_thrombocytopenia,clmbr,lr_lbfgs,1,2,auroc,0.6454159856325765
526,526.0,lab_thrombocytopenia,lab_thrombocytopenia,clmbr,lr_lbfgs,1,2,auprc,0.4782511918554211
527,527.0,lab_thrombocytopenia,lab_thrombocytopenia,clmbr,lr_lbfgs,1,2,brier,0.2499956243632339
528,528.0,lab_thrombocytopenia,lab_thrombocytopenia,clmbr,lr_lbfgs,2,2,auroc,0.6466176492507144
529,529.0,lab_thrombocytopenia,lab_thrombocytopenia,clmbr,lr_lbfgs,2,2,auprc,0.4592638951936558
530,530.0,lab_thrombocytopenia,lab_thrombocytopenia,clmbr,lr_lbfgs,2,2,brier,0.2499980357406983
531,531.0,lab_thrombocytopenia,lab_thrombocytopenia,clmbr,lr_lbfgs,3,2,auroc,0.5892749661958846
532,532.0,lab_thrombocytopenia,lab_thrombocytopenia,clmbr,lr_lbfgs,3,2,auprc,0.3941228289696749
533,533.0,lab_thrombocytopenia,lab_thrombocytopenia,clmbr,lr_lbfgs,3,2,brier,0.2499995702457452
534,534.0,lab_thrombocytopenia,lab_thrombocytopenia,clmbr,lr_lbfgs,4,2,auroc,0.5702346386633222
535,535.0,lab_thrombocytopenia,lab_thrombocytopenia,clmbr,lr_lbfgs,4,2,auprc,0.3851531007285553
536,536.0,lab_thrombocytopenia,lab_thrombocytopenia,clmbr,lr_lbfgs,4,2,brier,0.2499983912561285
537,537.0,lab_thrombocytopenia,lab_thrombocytopenia,clmbr,lr_lbfgs,0,4,auroc,0.5829461002478443
538,538.0,lab_thrombocytopenia,lab_thrombocytopenia,clmbr,lr_lbfgs,0,4,auprc,0.4175228745028906
539,539.0,lab_thrombocytopenia,lab_thrombocytopenia,clmbr,lr_lbfgs,0,4,brier,0.2449815163651117
540,540.0,lab_thrombocytopenia,lab_thrombocytopenia,clmbr,lr_lbfgs,1,4,auroc,0.6809613315125611
541,541.0,lab_thrombocytopenia,lab_thrombocytopenia,clmbr,lr_lbfgs,1,4,auprc,0.5607949274210757
542,542.0,lab_thrombocytopenia,lab_thrombocytopenia,clmbr,lr_lbfgs,1,4,brier,0.5517461717119383
543,543.0,lab_thrombocytopenia,lab_thrombocytopenia,clmbr,lr_lbfgs,2,4,auroc,0.6455465629204269
544,544.0,lab_thrombocytopenia,lab_thrombocytopenia,clmbr,lr_lbfgs,2,4,auprc,0.4663272199899513
545,545.0,lab_thrombocytopenia,lab_thrombocytopenia,clmbr,lr_lbfgs,2,4,brier,0.3088423897560879
546,546.0,lab_thrombocytopenia,lab_thrombocytopenia,clmbr,lr_lbfgs,3,4,auroc,0.6317120818786119
547,547.0,lab_thrombocytopenia,lab_thrombocytopenia,clmbr,lr_lbfgs,3,4,auprc,0.4455688220213517
548,548.0,lab_thrombocytopenia,lab_thrombocytopenia,clmbr,lr_lbfgs,3,4,brier,0.2499983402424486
549,549.0,lab_thrombocytopenia,lab_thrombocytopenia,clmbr,lr_lbfgs,4,4,auroc,0.600038470574916
550,550.0,lab_thrombocytopenia,lab_thrombocytopenia,clmbr,lr_lbfgs,4,4,auprc,0.3913593493244313
551,551.0,lab_thrombocytopenia,lab_thrombocytopenia,clmbr,lr_lbfgs,4,4,brier,0.2499986883125096
552,552.0,lab_thrombocytopenia,lab_thrombocytopenia,clmbr,lr_lbfgs,0,8,auroc,0.6247318310739438
553,553.0,lab_thrombocytopenia,lab_thrombocytopenia,clmbr,lr_lbfgs,0,8,auprc,0.4503810413800986
554,554.0,lab_thrombocytopenia,lab_thrombocytopenia,clmbr,lr_lbfgs,0,8,brier,0.2678154042312633
555,555.0,lab_thrombocytopenia,lab_thrombocytopenia,clmbr,lr_lbfgs,1,8,auroc,0.6653600116610463
556,556.0,lab_thrombocytopenia,lab_thrombocytopenia,clmbr,lr_lbfgs,1,8,auprc,0.5190201821114792
557,557.0,lab_thrombocytopenia,lab_thrombocytopenia,clmbr,lr_lbfgs,1,8,brier,0.2397047932619809
558,558.0,lab_thrombocytopenia,lab_thrombocytopenia,clmbr,lr_lbfgs,2,8,auroc,0.6781441672623588
559,559.0,lab_thrombocytopenia,lab_thrombocytopenia,clmbr,lr_lbfgs,2,8,auprc,0.4986380383879932
560,560.0,lab_thrombocytopenia,lab_thrombocytopenia,clmbr,lr_lbfgs,2,8,brier,0.2579754509139399
561,561.0,lab_thrombocytopenia,lab_thrombocytopenia,clmbr,lr_lbfgs,3,8,auroc,0.6759628818158523
562,562.0,lab_thrombocytopenia,lab_thrombocytopenia,clmbr,lr_lbfgs,3,8,auprc,0.4963592066490302
563,563.0,lab_thrombocytopenia,lab_thrombocytopenia,clmbr,lr_lbfgs,3,8,brier,0.3584975238030602
564,564.0,lab_thrombocytopenia,lab_thrombocytopenia,clmbr,lr_lbfgs,4,8,auroc,0.5889500709126959
565,565.0,lab_thrombocytopenia,lab_thrombocytopenia,clmbr,lr_lbfgs,4,8,auprc,0.4014591979380797
566,566.0,lab_thrombocytopenia,lab_thrombocytopenia,clmbr,lr_lbfgs,4,8,brier,0.2927587695545982
567,567.0,lab_thrombocytopenia,lab_thrombocytopenia,clmbr,lr_lbfgs,0,12,auroc,0.6408373287124931
568,568.0,lab_thrombocytopenia,lab_thrombocytopenia,clmbr,lr_lbfgs,0,12,auprc,0.4441587180334004
569,569.0,lab_thrombocytopenia,lab_thrombocytopenia,clmbr,lr_lbfgs,0,12,brier,0.2499979646433177
570,570.0,lab_thrombocytopenia,lab_thrombocytopenia,clmbr,lr_lbfgs,1,12,auroc,0.6563216346829075
571,571.0,lab_thrombocytopenia,lab_thrombocytopenia,clmbr,lr_lbfgs,1,12,auprc,0.4848624633619689
572,572.0,lab_thrombocytopenia,lab_thrombocytopenia,clmbr,lr_lbfgs,1,12,brier,0.2499971506889215
573,573.0,lab_thrombocytopenia,lab_thrombocytopenia,clmbr,lr_lbfgs,2,12,auroc,0.6928848035521944
574,574.0,lab_thrombocytopenia,lab_thrombocytopenia,clmbr,lr_lbfgs,2,12,auprc,0.5070853527150871
575,575.0,lab_thrombocytopenia,lab_thrombocytopenia,clmbr,lr_lbfgs,2,12,brier,0.3065775061757244
576,576.0,lab_thrombocytopenia,lab_thrombocytopenia,clmbr,lr_lbfgs,3,12,auroc,0.667415237209523
577,577.0,lab_thrombocytopenia,lab_thrombocytopenia,clmbr,lr_lbfgs,3,12,auprc,0.4858596737259792
578,578.0,lab_thrombocytopenia,lab_thrombocytopenia,clmbr,lr_lbfgs,3,12,brier,0.249997347805632
579,579.0,lab_thrombocytopenia,lab_thrombocytopenia,clmbr,lr_lbfgs,4,12,auroc,0.596128850886422
580,580.0,lab_thrombocytopenia,lab_thrombocytopenia,clmbr,lr_lbfgs,4,12,auprc,0.4167864551336184
581,581.0,lab_thrombocytopenia,lab_thrombocytopenia,clmbr,lr_lbfgs,4,12,brier,0.3570508602810495
582,582.0,lab_thrombocytopenia,lab_thrombocytopenia,clmbr,lr_lbfgs,0,16,auroc,0.6454320942850837
583,583.0,lab_thrombocytopenia,lab_thrombocytopenia,clmbr,lr_lbfgs,0,16,auprc,0.4432740178971412
584,584.0,lab_thrombocytopenia,lab_thrombocytopenia,clmbr,lr_lbfgs,0,16,brier,0.2499975550348679
585,585.0,lab_thrombocytopenia,lab_thrombocytopenia,clmbr,lr_lbfgs,1,16,auroc,0.6814370466534713
586,586.0,lab_thrombocytopenia,lab_thrombocytopenia,clmbr,lr_lbfgs,1,16,auprc,0.5116491602038302
587,587.0,lab_thrombocytopenia,lab_thrombocytopenia,clmbr,lr_lbfgs,1,16,brier,0.2499963681752243
588,588.0,lab_thrombocytopenia,lab_thrombocytopenia,clmbr,lr_lbfgs,2,16,auroc,0.7127694629875734
589,589.0,lab_thrombocytopenia,lab_thrombocytopenia,clmbr,lr_lbfgs,2,16,auprc,0.552241651749346
590,590.0,lab_thrombocytopenia,lab_thrombocytopenia,clmbr,lr_lbfgs,2,16,brier,0.2207042903984787
591,591.0,lab_thrombocytopenia,lab_thrombocytopenia,clmbr,lr_lbfgs,3,16,auroc,0.6725380991368924
592,592.0,lab_thrombocytopenia,lab_thrombocytopenia,clmbr,lr_lbfgs,3,16,auprc,0.4979957111454033
593,593.0,lab_thrombocytopenia,lab_thrombocytopenia,clmbr,lr_lbfgs,3,16,brier,0.2373768227823613
594,594.0,lab_thrombocytopenia,lab_thrombocytopenia,clmbr,lr_lbfgs,4,16,auroc,0.6502637994821567
595,595.0,lab_thrombocytopenia,lab_thrombocytopenia,clmbr,lr_lbfgs,4,16,auprc,0.4954865369808026
596,596.0,lab_thrombocytopenia,lab_thrombocytopenia,clmbr,lr_lbfgs,4,16,brier,0.2472831697128132
597,597.0,lab_thrombocytopenia,lab_thrombocytopenia,clmbr,lr_lbfgs,0,24,auroc,0.6933133473669364
598,598.0,lab_thrombocytopenia,lab_thrombocytopenia,clmbr,lr_lbfgs,0,24,auprc,0.5126988917710146
599,599.0,lab_thrombocytopenia,lab_thrombocytopenia,clmbr,lr_lbfgs,0,24,brier,0.2499969092652326
600,600.0,lab_thrombocytopenia,lab_thrombocytopenia,clmbr,lr_lbfgs,1,24,auroc,0.694512156713894
601,601.0,lab_thrombocytopenia,lab_thrombocytopenia,clmbr,lr_lbfgs,1,24,auprc,0.542414095155683
602,602.0,lab_thrombocytopenia,lab_thrombocytopenia,clmbr,lr_lbfgs,1,24,brier,0.2499963928201294
603,603.0,lab_thrombocytopenia,lab_thrombocytopenia,clmbr,lr_lbfgs,2,24,auroc,0.7070375779704328
604,604.0,lab_thrombocytopenia,lab_thrombocytopenia,clmbr,lr_lbfgs,2,24,auprc,0.5460308207727351
605,605.0,lab_thrombocytopenia,lab_thrombocytopenia,clmbr,lr_lbfgs,2,24,brier,0.2210245887552387
606,606.0,lab_thrombocytopenia,lab_thrombocytopenia,clmbr,lr_lbfgs,3,24,auroc,0.6699570457611743
607,607.0,lab_thrombocytopenia,lab_thrombocytopenia,clmbr,lr_lbfgs,3,24,auprc,0.5387902692802687
608,608.0,lab_thrombocytopenia,lab_thrombocytopenia,clmbr,lr_lbfgs,3,24,brier,0.24999740371594
609,609.0,lab_thrombocytopenia,lab_thrombocytopenia,clmbr,lr_lbfgs,4,24,auroc,0.6428469870576796
610,610.0,lab_thrombocytopenia,lab_thrombocytopenia,clmbr,lr_lbfgs,4,24,auprc,0.4927630590911824
611,611.0,lab_thrombocytopenia,lab_thrombocytopenia,clmbr,lr_lbfgs,4,24,brier,0.2499969760956134
612,612.0,lab_thrombocytopenia,lab_thrombocytopenia,clmbr,lr_lbfgs,0,32,auroc,0.7482536681876071
613,613.0,lab_thrombocytopenia,lab_thrombocytopenia,clmbr,lr_lbfgs,0,32,auprc,0.6215006329380962
614,614.0,lab_thrombocytopenia,lab_thrombocytopenia,clmbr,lr_lbfgs,0,32,brier,0.2208386894705651
615,615.0,lab_thrombocytopenia,lab_thrombocytopenia,clmbr,lr_lbfgs,1,32,auroc,0.6988335513739461
616,616.0,lab_thrombocytopenia,lab_thrombocytopenia,clmbr,lr_lbfgs,1,32,auprc,0.5661489132105955
617,617.0,lab_thrombocytopenia,lab_thrombocytopenia,clmbr,lr_lbfgs,1,32,brier,0.2351701694970732
618,618.0,lab_thrombocytopenia,lab_thrombocytopenia,clmbr,lr_lbfgs,2,32,auroc,0.722502124574365
619,619.0,lab_thrombocytopenia,lab_thrombocytopenia,clmbr,lr_lbfgs,2,32,auprc,0.5692768581596642
620,620.0,lab_thrombocytopenia,lab_thrombocytopenia,clmbr,lr_lbfgs,2,32,brier,0.2167545928759046
621,621.0,lab_thrombocytopenia,lab_thrombocytopenia,clmbr,lr_lbfgs,3,32,auroc,0.6872527042488188
622,622.0,lab_thrombocytopenia,lab_thrombocytopenia,clmbr,lr_lbfgs,3,32,auprc,0.5363139426648237
623,623.0,lab_thrombocytopenia,lab_thrombocytopenia,clmbr,lr_lbfgs,3,32,brier,0.2495592064091166
624,624.0,lab_thrombocytopenia,lab_thrombocytopenia,clmbr,lr_lbfgs,4,32,auroc,0.6747603599498349
625,625.0,lab_thrombocytopenia,lab_thrombocytopenia,clmbr,lr_lbfgs,4,32,auprc,0.5253698425953667
626,626.0,lab_thrombocytopenia,lab_thrombocytopenia,clmbr,lr_lbfgs,4,32,brier,0.2499950437698015
627,627.0,lab_thrombocytopenia,lab_thrombocytopenia,clmbr,lr_lbfgs,0,48,auroc,0.7708687891721064
628,628.0,lab_thrombocytopenia,lab_thrombocytopenia,clmbr,lr_lbfgs,0,48,auprc,0.6495121907589023
629,629.0,lab_thrombocytopenia,lab_thrombocytopenia,clmbr,lr_lbfgs,0,48,brier,0.1973957706305597
630,630.0,lab_thrombocytopenia,lab_thrombocytopenia,clmbr,lr_lbfgs,1,48,auroc,0.739984128201433
631,631.0,lab_thrombocytopenia,lab_thrombocytopenia,clmbr,lr_lbfgs,1,48,auprc,0.6067453443759246
632,632.0,lab_thrombocytopenia,lab_thrombocytopenia,clmbr,lr_lbfgs,1,48,brier,0.3411395852306284
633,633.0,lab_thrombocytopenia,lab_thrombocytopenia,clmbr,lr_lbfgs,2,48,auroc,0.7551817849987449
634,634.0,lab_thrombocytopenia,lab_thrombocytopenia,clmbr,lr_lbfgs,2,48,auprc,0.6373879585121249
635,635.0,lab_thrombocytopenia,lab_thrombocytopenia,clmbr,lr_lbfgs,2,48,brier,0.2081838315039818
636,636.0,lab_thrombocytopenia,lab_thrombocytopenia,clmbr,lr_lbfgs,3,48,auroc,0.7078482893118823
637,637.0,lab_thrombocytopenia,lab_thrombocytopenia,clmbr,lr_lbfgs,3,48,auprc,0.5395959408623283
638,638.0,lab_thrombocytopenia,lab_thrombocytopenia,clmbr,lr_lbfgs,3,48,brier,0.2499808278610436
639,639.0,lab_thrombocytopenia,lab_thrombocytopenia,clmbr,lr_lbfgs,4,48,auroc,0.7129192138982634
640,640.0,lab_thrombocytopenia,lab_thrombocytopenia,clmbr,lr_lbfgs,4,48,auprc,0.5670553777717338
641,641.0,lab_thrombocytopenia,lab_thrombocytopenia,clmbr,lr_lbfgs,4,48,brier,0.2155332150438837
642,642.0,lab_thrombocytopenia,lab_thrombocytopenia,clmbr,lr_lbfgs,0,64,auroc,0.7807638913771874
643,643.0,lab_thrombocytopenia,lab_thrombocytopenia,clmbr,lr_lbfgs,0,64,auprc,0.672197503381926
644,644.0,lab_thrombocytopenia,lab_thrombocytopenia,clmbr,lr_lbfgs,0,64,brier,0.2093578477288653
645,645.0,lab_thrombocytopenia,lab_thrombocytopenia,clmbr,lr_lbfgs,1,64,auroc,0.7718757274432121
646,646.0,lab_thrombocytopenia,lab_thrombocytopenia,clmbr,lr_lbfgs,1,64,auprc,0.6682480770271569
647,647.0,lab_thrombocytopenia,lab_thrombocytopenia,clmbr,lr_lbfgs,1,64,brier,0.215565048421254
648,648.0,lab_thrombocytopenia,lab_thrombocytopenia,clmbr,lr_lbfgs,2,64,auroc,0.7647672914884003
649,649.0,lab_thrombocytopenia,lab_thrombocytopenia,clmbr,lr_lbfgs,2,64,auprc,0.652720112452206
650,650.0,lab_thrombocytopenia,lab_thrombocytopenia,clmbr,lr_lbfgs,2,64,brier,0.1974541564467819
651,651.0,lab_thrombocytopenia,lab_thrombocytopenia,clmbr,lr_lbfgs,3,64,auroc,0.7410853922689427
652,652.0,lab_thrombocytopenia,lab_thrombocytopenia,clmbr,lr_lbfgs,3,64,auprc,0.5985833791963445
653,653.0,lab_thrombocytopenia,lab_thrombocytopenia,clmbr,lr_lbfgs,3,64,brier,0.2417759868285918
654,654.0,lab_thrombocytopenia,lab_thrombocytopenia,clmbr,lr_lbfgs,4,64,auroc,0.7273182956252857
655,655.0,lab_thrombocytopenia,lab_thrombocytopenia,clmbr,lr_lbfgs,4,64,auprc,0.583766501460877
656,656.0,lab_thrombocytopenia,lab_thrombocytopenia,clmbr,lr_lbfgs,4,64,brier,0.2143624393648245
657,657.0,lab_thrombocytopenia,lab_thrombocytopenia,clmbr,lr_lbfgs,0,128,auroc,0.7880371769439273
658,658.0,lab_thrombocytopenia,lab_thrombocytopenia,clmbr,lr_lbfgs,0,128,auprc,0.6892492517087787
659,659.0,lab_thrombocytopenia,lab_thrombocytopenia,clmbr,lr_lbfgs,0,128,brier,0.1985185337238784
660,660.0,lab_thrombocytopenia,lab_thrombocytopenia,clmbr,lr_lbfgs,1,128,auroc,0.7902399846064885
661,661.0,lab_thrombocytopenia,lab_thrombocytopenia,clmbr,lr_lbfgs,1,128,auprc,0.691647141909032
662,662.0,lab_thrombocytopenia,lab_thrombocytopenia,clmbr,lr_lbfgs,1,128,brier,0.236085711625424
663,663.0,lab_thrombocytopenia,lab_thrombocytopenia,clmbr,lr_lbfgs,2,128,auroc,0.7684968013277115
664,664.0,lab_thrombocytopenia,lab_thrombocytopenia,clmbr,lr_lbfgs,2,128,auprc,0.6644510006573336
665,665.0,lab_thrombocytopenia,lab_thrombocytopenia,clmbr,lr_lbfgs,2,128,brier,0.2022681810320181
666,666.0,lab_thrombocytopenia,lab_thrombocytopenia,clmbr,lr_lbfgs,3,128,auroc,0.7662152301081189
667,667.0,lab_thrombocytopenia,lab_thrombocytopenia,clmbr,lr_lbfgs,3,128,auprc,0.666415973232687
668,668.0,lab_thrombocytopenia,lab_thrombocytopenia,clmbr,lr_lbfgs,3,128,brier,0.2368129106497927
669,669.0,lab_thrombocytopenia,lab_thrombocytopenia,clmbr,lr_lbfgs,4,128,auroc,0.7695383715161143
670,670.0,lab_thrombocytopenia,lab_thrombocytopenia,clmbr,lr_lbfgs,4,128,auprc,0.6431266397300959
671,671.0,lab_thrombocytopenia,lab_thrombocytopenia,clmbr,lr_lbfgs,4,128,brier,0.2097926190087835
672,,lab_thrombocytopenia,lab_thrombocytopenia,clmbr,knn,0,-1,auroc,0.7446589861403741
673,,lab_thrombocytopenia,lab_thrombocytopenia,clmbr,knn,0,-1,auprc,0.6185761697897937
674,,lab_thrombocytopenia,lab_thrombocytopenia,clmbr,knn,0,-1,brier,0.19741734128222058
675,,lab_thrombocytopenia,lab_thrombocytopenia,clmbr,knn,0,1,auroc,0.594839240037544
676,,lab_thrombocytopenia,lab_thrombocytopenia,clmbr,knn,0,1,auprc,0.3936302026110701
677,,lab_thrombocytopenia,lab_thrombocytopenia,clmbr,knn,0,1,brier,0.4044162022081011
678,,lab_thrombocytopenia,lab_thrombocytopenia,clmbr,knn,1,1,auroc,0.4154395404071649
679,,lab_thrombocytopenia,lab_thrombocytopenia,clmbr,knn,1,1,auprc,0.3092331246255904
680,,lab_thrombocytopenia,lab_thrombocytopenia,clmbr,knn,1,1,brier,0.5970215485107743
681,,lab_thrombocytopenia,lab_thrombocytopenia,clmbr,knn,2,1,auroc,0.5836227233512393
682,,lab_thrombocytopenia,lab_thrombocytopenia,clmbr,knn,2,1,auprc,0.38425274590224356
683,,lab_thrombocytopenia,lab_thrombocytopenia,clmbr,knn,2,1,brier,0.4528559764279882
684,,lab_thrombocytopenia,lab_thrombocytopenia,clmbr,knn,3,1,auroc,0.4933124707179975
685,,lab_thrombocytopenia,lab_thrombocytopenia,clmbr,knn,3,1,auprc,0.3367455142292796
686,,lab_thrombocytopenia,lab_thrombocytopenia,clmbr,knn,3,1,brier,0.4792679896339948
687,,lab_thrombocytopenia,lab_thrombocytopenia,clmbr,knn,4,1,auroc,0.5199966537603462
688,,lab_thrombocytopenia,lab_thrombocytopenia,clmbr,knn,4,1,auprc,0.34913940998938586
689,,lab_thrombocytopenia,lab_thrombocytopenia,clmbr,knn,4,1,brier,0.47768823884411943
690,,lab_thrombocytopenia,lab_thrombocytopenia,clmbr,knn,0,2,auroc,0.4821747428726225
691,,lab_thrombocytopenia,lab_thrombocytopenia,clmbr,knn,0,2,auprc,0.3326543379103103
692,,lab_thrombocytopenia,lab_thrombocytopenia,clmbr,knn,0,2,brier,0.250436847440646
693,,lab_thrombocytopenia,lab_thrombocytopenia,clmbr,knn,1,2,auroc,0.5123495113437874
694,,lab_thrombocytopenia,lab_thrombocytopenia,clmbr,knn,1,2,auprc,0.345316941499791
695,,lab_thrombocytopenia,lab_thrombocytopenia,clmbr,knn,1,2,brier,0.6333025666512834
696,,lab_thrombocytopenia,lab_thrombocytopenia,clmbr,knn,2,2,auroc,0.5671224822559253
697,,lab_thrombocytopenia,lab_thrombocytopenia,clmbr,knn,2,2,auprc,0.3734419872153792
698,,lab_thrombocytopenia,lab_thrombocytopenia,clmbr,knn,2,2,brier,0.282440113442279
699,,lab_thrombocytopenia,lab_thrombocytopenia,clmbr,knn,3,2,auroc,0.5604376450067559
700,,lab_thrombocytopenia,lab_thrombocytopenia,clmbr,knn,3,2,auprc,0.3701656413396678
701,,lab_thrombocytopenia,lab_thrombocytopenia,clmbr,knn,3,2,brier,0.4912492456246228
702,,lab_thrombocytopenia,lab_thrombocytopenia,clmbr,knn,4,2,auroc,0.5597364326099825
703,,lab_thrombocytopenia,lab_thrombocytopenia,clmbr,knn,4,2,auprc,0.3705531294019475
704,,lab_thrombocytopenia,lab_thrombocytopenia,clmbr,knn,4,2,brier,0.26193885319164883
705,,lab_thrombocytopenia,lab_thrombocytopenia,clmbr,knn,0,4,auroc,0.5563501193822098
706,,lab_thrombocytopenia,lab_thrombocytopenia,clmbr,knn,0,4,auprc,0.37639998080434633
707,,lab_thrombocytopenia,lab_thrombocytopenia,clmbr,knn,0,4,brier,0.24562549892602645
708,,lab_thrombocytopenia,lab_thrombocytopenia,clmbr,knn,1,4,auroc,0.6366335449144721
709,,lab_thrombocytopenia,lab_thrombocytopenia,clmbr,knn,1,4,auprc,0.42498936324924363
710,,lab_thrombocytopenia,lab_thrombocytopenia,clmbr,knn,1,4,brier,0.22548901274450642
711,,lab_thrombocytopenia,lab_thrombocytopenia,clmbr,knn,2,4,auroc,0.5777551136659629
712,,lab_thrombocytopenia,lab_thrombocytopenia,clmbr,knn,2,4,auprc,0.3798732345727759
713,,lab_thrombocytopenia,lab_thrombocytopenia,clmbr,knn,2,4,brier,0.48617274308637154
714,,lab_thrombocytopenia,lab_thrombocytopenia,clmbr,knn,3,4,auroc,0.616957847065501
715,,lab_thrombocytopenia,lab_thrombocytopenia,clmbr,knn,3,4,auprc,0.4398148013714642
716,,lab_thrombocytopenia,lab_thrombocytopenia,clmbr,knn,3,4,brier,0.2559231753336834
717,,lab_thrombocytopenia,lab_thrombocytopenia,clmbr,knn,4,4,auroc,0.6093938486413453
718,,lab_thrombocytopenia,lab_thrombocytopenia,clmbr,knn,4,4,auprc,0.4133634703561276
719,,lab_thrombocytopenia,lab_thrombocytopenia,clmbr,knn,4,4,brier,0.25203006289381824
720,,lab_thrombocytopenia,lab_thrombocytopenia,clmbr,knn,0,8,auroc,0.5867346845107554
721,,lab_thrombocytopenia,lab_thrombocytopenia,clmbr,knn,0,8,auprc,0.3974042702331513
722,,lab_thrombocytopenia,lab_thrombocytopenia,clmbr,knn,0,8,brier,0.297257426406491
723,,lab_thrombocytopenia,lab_thrombocytopenia,clmbr,knn,1,8,auroc,0.6461813840143792
724,,lab_thrombocytopenia,lab_thrombocytopenia,clmbr,knn,1,8,auprc,0.45036989343800676
725,,lab_thrombocytopenia,lab_thrombocytopenia,clmbr,knn,1,8,brier,0.2991636195818098
726,,lab_thrombocytopenia,lab_thrombocytopenia,clmbr,knn,2,8,auroc,0.5990621187973877
727,,lab_thrombocytopenia,lab_thrombocytopenia,clmbr,knn,2,8,auprc,0.3953271868316623
728,,lab_thrombocytopenia,lab_thrombocytopenia,clmbr,knn,2,8,brier,0.24404289979922766
729,,lab_thrombocytopenia,lab_thrombocytopenia,clmbr,knn,3,8,auroc,0.6376244286125194
730,,lab_thrombocytopenia,lab_thrombocytopenia,clmbr,knn,3,8,auprc,0.43231376315601444
731,,lab_thrombocytopenia,lab_thrombocytopenia,clmbr,knn,3,8,brier,0.2605268202634102
732,,lab_thrombocytopenia,lab_thrombocytopenia,clmbr,knn,4,8,auroc,0.5340511194658756
733,,lab_thrombocytopenia,lab_thrombocytopenia,clmbr,knn,4,8,auprc,0.356485410857435
734,,lab_thrombocytopenia,lab_thrombocytopenia,clmbr,knn,4,8,brier,0.4532464766232383
735,,lab_thrombocytopenia,lab_thrombocytopenia,clmbr,knn,0,12,auroc,0.5927702108852838
736,,lab_thrombocytopenia,lab_thrombocytopenia,clmbr,knn,0,12,auprc,0.3913135647145201
737,,lab_thrombocytopenia,lab_thrombocytopenia,clmbr,knn,0,12,brier,0.4196812098406049
738,,lab_thrombocytopenia,lab_thrombocytopenia,clmbr,knn,1,12,auroc,0.5858517504162857
739,,lab_thrombocytopenia,lab_thrombocytopenia,clmbr,knn,1,12,auprc,0.3876249235802252
740,,lab_thrombocytopenia,lab_thrombocytopenia,clmbr,knn,1,12,brier,0.2925102851440315
741,,lab_thrombocytopenia,lab_thrombocytopenia,clmbr,knn,2,12,auroc,0.6318533704090237
742,,lab_thrombocytopenia,lab_thrombocytopenia,clmbr,knn,2,12,auprc,0.42742360170543925
743,,lab_thrombocytopenia,lab_thrombocytopenia,clmbr,knn,2,12,brier,0.22840214420107213
744,,lab_thrombocytopenia,lab_thrombocytopenia,clmbr,knn,3,12,auroc,0.6513497590655898
745,,lab_thrombocytopenia,lab_thrombocytopenia,clmbr,knn,3,12,auprc,0.4725770493174448
746,,lab_thrombocytopenia,lab_thrombocytopenia,clmbr,knn,3,12,brier,0.24465079451355282
747,,lab_thrombocytopenia,lab_thrombocytopenia,clmbr,knn,4,12,auroc,0.5285799662214705
748,,lab_thrombocytopenia,lab_thrombocytopenia,clmbr,knn,4,12,auprc,0.35354732018364576
749,,lab_thrombocytopenia,lab_thrombocytopenia,clmbr,knn,4,12,brier,0.46258298129149067
750,,lab_thrombocytopenia,lab_thrombocytopenia,clmbr,knn,0,16,auroc,0.6102848426807126
751,,lab_thrombocytopenia,lab_thrombocytopenia,clmbr,knn,0,16,auprc,0.41063698289726946
752,,lab_thrombocytopenia,lab_thrombocytopenia,clmbr,knn,0,16,brier,0.31284587864516156
753,,lab_thrombocytopenia,lab_thrombocytopenia,clmbr,knn,1,16,auroc,0.6155926071606441
754,,lab_thrombocytopenia,lab_thrombocytopenia,clmbr,knn,1,16,auprc,0.40806097999304614
755,,lab_thrombocytopenia,lab_thrombocytopenia,clmbr,knn,1,16,brier,0.26450211225105613
756,,lab_thrombocytopenia,lab_thrombocytopenia,clmbr,knn,2,16,auroc,0.6563194504350311
757,,lab_thrombocytopenia,lab_thrombocytopenia,clmbr,knn,2,16,auprc,0.4524531438963057
758,,lab_thrombocytopenia,lab_thrombocytopenia,clmbr,knn,2,16,brier,0.22359828179914093
759,,lab_thrombocytopenia,lab_thrombocytopenia,clmbr,knn,3,16,auroc,0.6382860113081082
760,,lab_thrombocytopenia,lab_thrombocytopenia,clmbr,knn,3,16,auprc,0.45974722738010837
761,,lab_thrombocytopenia,lab_thrombocytopenia,clmbr,knn,3,16,brier,0.2509274195055295
762,,lab_thrombocytopenia,lab_thrombocytopenia,clmbr,knn,4,16,auroc,0.5535243045271535
763,,lab_thrombocytopenia,lab_thrombocytopenia,clmbr,knn,4,16,auprc,0.36745663916736904
764,,lab_thrombocytopenia,lab_thrombocytopenia,clmbr,knn,4,16,brier,0.43624196812098404
765,,lab_thrombocytopenia,lab_thrombocytopenia,clmbr,knn,0,24,auroc,0.6238364221850099
766,,lab_thrombocytopenia,lab_thrombocytopenia,clmbr,knn,0,24,auprc,0.4195647919834182
767,,lab_thrombocytopenia,lab_thrombocytopenia,clmbr,knn,0,24,brier,0.31865210377049635
768,,lab_thrombocytopenia,lab_thrombocytopenia,clmbr,knn,1,24,auroc,0.6136285132094259
769,,lab_thrombocytopenia,lab_thrombocytopenia,clmbr,knn,1,24,auprc,0.40898811495977083
770,,lab_thrombocytopenia,lab_thrombocytopenia,clmbr,knn,1,24,brier,0.2629763214881608
771,,lab_thrombocytopenia,lab_thrombocytopenia,clmbr,knn,2,24,auroc,0.6574771896009345
772,,lab_thrombocytopenia,lab_thrombocytopenia,clmbr,knn,2,24,auprc,0.4708645100758355
773,,lab_thrombocytopenia,lab_thrombocytopenia,clmbr,knn,2,24,brier,0.25272462636231324
774,,lab_thrombocytopenia,lab_thrombocytopenia,clmbr,knn,3,24,auroc,0.6313710751335941
775,,lab_thrombocytopenia,lab_thrombocytopenia,clmbr,knn,3,24,auprc,0.47448145094032507
776,,lab_thrombocytopenia,lab_thrombocytopenia,clmbr,knn,3,24,brier,0.26055568590034217
777,,lab_thrombocytopenia,lab_thrombocytopenia,clmbr,knn,4,24,auroc,0.5871254633118086
778,,lab_thrombocytopenia,lab_thrombocytopenia,clmbr,knn,4,24,auprc,0.44065067718967726
779,,lab_thrombocytopenia,lab_thrombocytopenia,clmbr,knn,4,24,brier,0.26712880989083804
780,,lab_thrombocytopenia,lab_thrombocytopenia,clmbr,knn,0,32,auroc,0.6716008446940244
781,,lab_thrombocytopenia,lab_thrombocytopenia,clmbr,knn,0,32,auprc,0.5013325799955671
782,,lab_thrombocytopenia,lab_thrombocytopenia,clmbr,knn,0,32,brier,0.25909058961358955
783,,lab_thrombocytopenia,lab_thrombocytopenia,clmbr,knn,1,32,auroc,0.6360485281837585
784,,lab_thrombocytopenia,lab_thrombocytopenia,clmbr,knn,1,32,auprc,0.4361863664888752
785,,lab_thrombocytopenia,lab_thrombocytopenia,clmbr,knn,1,32,brier,0.26391778195889104
786,,lab_thrombocytopenia,lab_thrombocytopenia,clmbr,knn,2,32,auroc,0.6573160173915407
787,,lab_thrombocytopenia,lab_thrombocytopenia,clmbr,knn,2,32,auprc,0.4785950710065257
788,,lab_thrombocytopenia,lab_thrombocytopenia,clmbr,knn,2,32,brier,0.2823642243737437
789,,lab_thrombocytopenia,lab_thrombocytopenia,clmbr,knn,3,32,auroc,0.6260748562648663
790,,lab_thrombocytopenia,lab_thrombocytopenia,clmbr,knn,3,32,auprc,0.4552377097173522
791,,lab_thrombocytopenia,lab_thrombocytopenia,clmbr,knn,3,32,brier,0.2792001412119898
792,,lab_thrombocytopenia,lab_thrombocytopenia,clmbr,knn,4,32,auroc,0.6302057866170717
793,,lab_thrombocytopenia,lab_thrombocytopenia,clmbr,knn,4,32,auprc,0.4668858002151211
794,,lab_thrombocytopenia,lab_thrombocytopenia,clmbr,knn,4,32,brier,0.2625387981238967
795,,lab_thrombocytopenia,lab_thrombocytopenia,clmbr,knn,0,48,auroc,0.6722013639660178
796,,lab_thrombocytopenia,lab_thrombocytopenia,clmbr,knn,0,48,auprc,0.4733655753220142
797,,lab_thrombocytopenia,lab_thrombocytopenia,clmbr,knn,0,48,brier,0.2608186304093152
798,,lab_thrombocytopenia,lab_thrombocytopenia,clmbr,knn,1,48,auroc,0.6845537745301378
799,,lab_thrombocytopenia,lab_thrombocytopenia,clmbr,knn,1,48,auprc,0.5293874246554044
800,,lab_thrombocytopenia,lab_thrombocytopenia,clmbr,knn,1,48,brier,0.24299593760271435
801,,lab_thrombocytopenia,lab_thrombocytopenia,clmbr,knn,2,48,auroc,0.683812348093198
802,,lab_thrombocytopenia,lab_thrombocytopenia,clmbr,knn,2,48,auprc,0.5289075327465858
803,,lab_thrombocytopenia,lab_thrombocytopenia,clmbr,knn,2,48,brier,0.24551119741472044
804,,lab_thrombocytopenia,lab_thrombocytopenia,clmbr,knn,3,48,auroc,0.628309742873332
805,,lab_thrombocytopenia,lab_thrombocytopenia,clmbr,knn,3,48,auprc,0.4720225369217848
806,,lab_thrombocytopenia,lab_thrombocytopenia,clmbr,knn,3,48,brier,0.2760750142538419
807,,lab_thrombocytopenia,lab_thrombocytopenia,clmbr,knn,4,48,auroc,0.6413824235725312
808,,lab_thrombocytopenia,lab_thrombocytopenia,clmbr,knn,4,48,auprc,0.4720124242945366
809,,lab_thrombocytopenia,lab_thrombocytopenia,clmbr,knn,4,48,brier,0.2509919227077853
810,,lab_thrombocytopenia,lab_thrombocytopenia,clmbr,knn,0,64,auroc,0.6825447644360092
811,,lab_thrombocytopenia,lab_thrombocytopenia,clmbr,knn,0,64,auprc,0.4888118178612101
812,,lab_thrombocytopenia,lab_thrombocytopenia,clmbr,knn,0,64,brier,0.2342852071426036
813,,lab_thrombocytopenia,lab_thrombocytopenia,clmbr,knn,1,64,auroc,0.6895915315583288
814,,lab_thrombocytopenia,lab_thrombocytopenia,clmbr,knn,1,64,auprc,0.5320197942351007
815,,lab_thrombocytopenia,lab_thrombocytopenia,clmbr,knn,1,64,brier,0.24183011233239124
816,,lab_thrombocytopenia,lab_thrombocytopenia,clmbr,knn,2,64,auroc,0.6985051907920363
817,,lab_thrombocytopenia,lab_thrombocytopenia,clmbr,knn,2,64,auprc,0.5487363610235743
818,,lab_thrombocytopenia,lab_thrombocytopenia,clmbr,knn,2,64,brier,0.23315923662265345
819,,lab_thrombocytopenia,lab_thrombocytopenia,clmbr,knn,3,64,auroc,0.6501587792991235
820,,lab_thrombocytopenia,lab_thrombocytopenia,clmbr,knn,3,64,auprc,0.5010200769145838
821,,lab_thrombocytopenia,lab_thrombocytopenia,clmbr,knn,3,64,brier,0.2653790810422266
822,,lab_thrombocytopenia,lab_thrombocytopenia,clmbr,knn,4,64,auroc,0.6431119826789227
823,,lab_thrombocytopenia,lab_thrombocytopenia,clmbr,knn,4,64,auprc,0.4683731095291642
824,,lab_thrombocytopenia,lab_thrombocytopenia,clmbr,knn,4,64,brier,0.2549925063688942
825,,lab_thrombocytopenia,lab_thrombocytopenia,clmbr,knn,0,128,auroc,0.7042410271206091
826,,lab_thrombocytopenia,lab_thrombocytopenia,clmbr,knn,0,128,auprc,0.5636882828539969
827,,lab_thrombocytopenia,lab_thrombocytopenia,clmbr,knn,0,128,brier,0.23934378378545276
828,,lab_thrombocytopenia,lab_thrombocytopenia,clmbr,knn,1,128,auroc,0.7106383576511268
829,,lab_thrombocytopenia,lab_thrombocytopenia,clmbr,knn,1,128,auprc,0.5657353922283862
830,,lab_thrombocytopenia,lab_thrombocytopenia,clmbr,knn,1,128,brier,0.23667931912912868
831,,lab_thrombocytopenia,lab_thrombocytopenia,clmbr,knn,2,128,auroc,0.6962724764918286
832,,lab_thrombocytopenia,lab_thrombocytopenia,clmbr,knn,2,128,auprc,0.5163712237546443
833,,lab_thrombocytopenia,lab_thrombocytopenia,clmbr,knn,2,128,brier,0.24160602080301044
834,,lab_thrombocytopenia,lab_thrombocytopenia,clmbr,knn,3,128,auroc,0.634643259653989
835,,lab_thrombocytopenia,lab_thrombocytopenia,clmbr,knn,3,128,auprc,0.45037201450415926
836,,lab_thrombocytopenia,lab_thrombocytopenia,clmbr,knn,3,128,brier,0.2967090111148176
837,,lab_thrombocytopenia,lab_thrombocytopenia,clmbr,knn,4,128,auroc,0.6575330536717869
838,,lab_thrombocytopenia,lab_thrombocytopenia,clmbr,knn,4,128,auprc,0.4892852116999463
839,,lab_thrombocytopenia,lab_thrombocytopenia,clmbr,knn,4,128,brier,0.25391827947184037
840,,lab_thrombocytopenia,lab_thrombocytopenia,clinicalbert_type3_max_pool,lr_lbfgs,0,-1,auroc,0.7302942975382766
841,,lab_thrombocytopenia,lab_thrombocytopenia,clinicalbert_type3_max_pool,lr_lbfgs,0,-1,auprc,0.6076955153991763
842,,lab_thrombocytopenia,lab_thrombocytopenia,clinicalbert_type3_max_pool,lr_lbfgs,0,-1,brier,0.18892665889061552
843,,lab_thrombocytopenia,lab_thrombocytopenia,clinicalbert_type3_max_pool,lr_lbfgs,0,1,auroc,0.4755448482366807
844,,lab_thrombocytopenia,lab_thrombocytopenia,clinicalbert_type3_max_pool,lr_lbfgs,0,1,auprc,0.3073518499088037
845,,lab_thrombocytopenia,lab_thrombocytopenia,clinicalbert_type3_max_pool,lr_lbfgs,0,1,brier,0.24999929434446697
846,,lab_thrombocytopenia,lab_thrombocytopenia,clinicalbert_type3_max_pool,lr_lbfgs,1,1,auroc,0.507380811665022
847,,lab_thrombocytopenia,lab_thrombocytopenia,clinicalbert_type3_max_pool,lr_lbfgs,1,1,auprc,0.3228808266999565
848,,lab_thrombocytopenia,lab_thrombocytopenia,clinicalbert_type3_max_pool,lr_lbfgs,1,1,brier,0.24999373248441642
849,,lab_thrombocytopenia,lab_thrombocytopenia,clinicalbert_type3_max_pool,lr_lbfgs,2,1,auroc,0.5468791503562873
850,,lab_thrombocytopenia,lab_thrombocytopenia,clinicalbert_type3_max_pool,lr_lbfgs,2,1,auprc,0.36653283199855696
851,,lab_thrombocytopenia,lab_thrombocytopenia,clinicalbert_type3_max_pool,lr_lbfgs,2,1,brier,0.24999897322763395
852,,lab_thrombocytopenia,lab_thrombocytopenia,clinicalbert_type3_max_pool,lr_lbfgs,3,1,auroc,0.4950014976285031
853,,lab_thrombocytopenia,lab_thrombocytopenia,clinicalbert_type3_max_pool,lr_lbfgs,3,1,auprc,0.3199055604592729
854,,lab_thrombocytopenia,lab_thrombocytopenia,clinicalbert_type3_max_pool,lr_lbfgs,3,1,brier,0.2500019972134057
855,,lab_thrombocytopenia,lab_thrombocytopenia,clinicalbert_type3_max_pool,lr_lbfgs,4,1,auroc,0.5239455267008732
856,,lab_thrombocytopenia,lab_thrombocytopenia,clinicalbert_type3_max_pool,lr_lbfgs,4,1,auprc,0.34276283653058054
857,,lab_thrombocytopenia,lab_thrombocytopenia,clinicalbert_type3_max_pool,lr_lbfgs,4,1,brier,0.2500006533123677
858,,lab_thrombocytopenia,lab_thrombocytopenia,clinicalbert_type3_max_pool,lr_lbfgs,0,2,auroc,0.47259130825796264
859,,lab_thrombocytopenia,lab_thrombocytopenia,clinicalbert_type3_max_pool,lr_lbfgs,0,2,auprc,0.30602651160756567
860,,lab_thrombocytopenia,lab_thrombocytopenia,clinicalbert_type3_max_pool,lr_lbfgs,0,2,brier,0.24999999577342147
861,,lab_thrombocytopenia,lab_thrombocytopenia,clinicalbert_type3_max_pool,lr_lbfgs,1,2,auroc,0.5126549766535015
862,,lab_thrombocytopenia,lab_thrombocytopenia,clinicalbert_type3_max_pool,lr_lbfgs,1,2,auprc,0.32650828356261474
863,,lab_thrombocytopenia,lab_thrombocytopenia,clinicalbert_type3_max_pool,lr_lbfgs,1,2,brier,0.249994692382342
864,,lab_thrombocytopenia,lab_thrombocytopenia,clinicalbert_type3_max_pool,lr_lbfgs,2,2,auroc,0.4450679968795231
865,,lab_thrombocytopenia,lab_thrombocytopenia,clinicalbert_type3_max_pool,lr_lbfgs,2,2,auprc,0.29021795842118714
866,,lab_thrombocytopenia,lab_thrombocytopenia,clinicalbert_type3_max_pool,lr_lbfgs,2,2,brier,0.25000100942464737
867,,lab_thrombocytopenia,lab_thrombocytopenia,clinicalbert_type3_max_pool,lr_lbfgs,3,2,auroc,0.49930152458521215
868,,lab_thrombocytopenia,lab_thrombocytopenia,clinicalbert_type3_max_pool,lr_lbfgs,3,2,auprc,0.3204315895089424
869,,lab_thrombocytopenia,lab_thrombocytopenia,clinicalbert_type3_max_pool,lr_lbfgs,3,2,brier,0.2906652055709964
870,,lab_thrombocytopenia,lab_thrombocytopenia,clinicalbert_type3_max_pool,lr_lbfgs,4,2,auroc,0.5630799345793742
871,,lab_thrombocytopenia,lab_thrombocytopenia,clinicalbert_type3_max_pool,lr_lbfgs,4,2,auprc,0.36074595249401353
872,,lab_thrombocytopenia,lab_thrombocytopenia,clinicalbert_type3_max_pool,lr_lbfgs,4,2,brier,0.2774289803126899
873,,lab_thrombocytopenia,lab_thrombocytopenia,clinicalbert_type3_max_pool,lr_lbfgs,0,4,auroc,0.4882536114673952
874,,lab_thrombocytopenia,lab_thrombocytopenia,clinicalbert_type3_max_pool,lr_lbfgs,0,4,auprc,0.31194168594350646
875,,lab_thrombocytopenia,lab_thrombocytopenia,clinicalbert_type3_max_pool,lr_lbfgs,0,4,brier,0.2541666481209527
876,,lab_thrombocytopenia,lab_thrombocytopenia,clinicalbert_type3_max_pool,lr_lbfgs,1,4,auroc,0.517500679297578
877,,lab_thrombocytopenia,lab_thrombocytopenia,clinicalbert_type3_max_pool,lr_lbfgs,1,4,auprc,0.33590472781776853
878,,lab_thrombocytopenia,lab_thrombocytopenia,clinicalbert_type3_max_pool,lr_lbfgs,1,4,brier,0.24909340387077647
879,,lab_thrombocytopenia,lab_thrombocytopenia,clinicalbert_type3_max_pool,lr_lbfgs,2,4,auroc,0.4541158300356072
880,,lab_thrombocytopenia,lab_thrombocytopenia,clinicalbert_type3_max_pool,lr_lbfgs,2,4,auprc,0.2993521041411252
881,,lab_thrombocytopenia,lab_thrombocytopenia,clinicalbert_type3_max_pool,lr_lbfgs,2,4,brier,0.341953056949571
882,,lab_thrombocytopenia,lab_thrombocytopenia,clinicalbert_type3_max_pool,lr_lbfgs,3,4,auroc,0.5106525705731297
883,,lab_thrombocytopenia,lab_thrombocytopenia,clinicalbert_type3_max_pool,lr_lbfgs,3,4,auprc,0.3362665101842074
884,,lab_thrombocytopenia,lab_thrombocytopenia,clinicalbert_type3_max_pool,lr_lbfgs,3,4,brier,0.29784735094634923
885,,lab_thrombocytopenia,lab_thrombocytopenia,clinicalbert_type3_max_pool,lr_lbfgs,4,4,auroc,0.6119088225489873
886,,lab_thrombocytopenia,lab_thrombocytopenia,clinicalbert_type3_max_pool,lr_lbfgs,4,4,auprc,0.4057287975534437
887,,lab_thrombocytopenia,lab_thrombocytopenia,clinicalbert_type3_max_pool,lr_lbfgs,4,4,brier,0.3033615726583742
888,,lab_thrombocytopenia,lab_thrombocytopenia,clinicalbert_type3_max_pool,lr_lbfgs,0,8,auroc,0.523227240649476
889,,lab_thrombocytopenia,lab_thrombocytopenia,clinicalbert_type3_max_pool,lr_lbfgs,0,8,auprc,0.35008165002451935
890,,lab_thrombocytopenia,lab_thrombocytopenia,clinicalbert_type3_max_pool,lr_lbfgs,0,8,brier,0.31678343066359127
891,,lab_thrombocytopenia,lab_thrombocytopenia,clinicalbert_type3_max_pool,lr_lbfgs,1,8,auroc,0.6182535091940268
892,,lab_thrombocytopenia,lab_thrombocytopenia,clinicalbert_type3_max_pool,lr_lbfgs,1,8,auprc,0.4193245888731575
893,,lab_thrombocytopenia,lab_thrombocytopenia,clinicalbert_type3_max_pool,lr_lbfgs,1,8,brier,0.2666553340389642
894,,lab_thrombocytopenia,lab_thrombocytopenia,clinicalbert_type3_max_pool,lr_lbfgs,2,8,auroc,0.5635410103431975
895,,lab_thrombocytopenia,lab_thrombocytopenia,clinicalbert_type3_max_pool,lr_lbfgs,2,8,auprc,0.36846002312477383
896,,lab_thrombocytopenia,lab_thrombocytopenia,clinicalbert_type3_max_pool,lr_lbfgs,2,8,brier,0.2500022045875693
897,,lab_thrombocytopenia,lab_thrombocytopenia,clinicalbert_type3_max_pool,lr_lbfgs,3,8,auroc,0.4691827971721876
898,,lab_thrombocytopenia,lab_thrombocytopenia,clinicalbert_type3_max_pool,lr_lbfgs,3,8,auprc,0.30378533626438786
899,,lab_thrombocytopenia,lab_thrombocytopenia,clinicalbert_type3_max_pool,lr_lbfgs,3,8,brier,0.249842047722222
900,,lab_thrombocytopenia,lab_thrombocytopenia,clinicalbert_type3_max_pool,lr_lbfgs,4,8,auroc,0.6194557304625872
901,,lab_thrombocytopenia,lab_thrombocytopenia,clinicalbert_type3_max_pool,lr_lbfgs,4,8,auprc,0.4165866355749591
902,,lab_thrombocytopenia,lab_thrombocytopenia,clinicalbert_type3_max_pool,lr_lbfgs,4,8,brier,0.2834893963652006
903,,lab_thrombocytopenia,lab_thrombocytopenia,clinicalbert_type3_max_pool,lr_lbfgs,0,12,auroc,0.5427714032317853
904,,lab_thrombocytopenia,lab_thrombocytopenia,clinicalbert_type3_max_pool,lr_lbfgs,0,12,auprc,0.364347384112927
905,,lab_thrombocytopenia,lab_thrombocytopenia,clinicalbert_type3_max_pool,lr_lbfgs,0,12,brier,0.4111273536551679
906,,lab_thrombocytopenia,lab_thrombocytopenia,clinicalbert_type3_max_pool,lr_lbfgs,1,12,auroc,0.6267982742452776
907,,lab_thrombocytopenia,lab_thrombocytopenia,clinicalbert_type3_max_pool,lr_lbfgs,1,12,auprc,0.4239311806162359
908,,lab_thrombocytopenia,lab_thrombocytopenia,clinicalbert_type3_max_pool,lr_lbfgs,1,12,brier,0.24724199240460068
909,,lab_thrombocytopenia,lab_thrombocytopenia,clinicalbert_type3_max_pool,lr_lbfgs,2,12,auroc,0.5929245761074041
910,,lab_thrombocytopenia,lab_thrombocytopenia,clinicalbert_type3_max_pool,lr_lbfgs,2,12,auprc,0.3882689729005342
911,,lab_thrombocytopenia,lab_thrombocytopenia,clinicalbert_type3_max_pool,lr_lbfgs,2,12,brier,0.24799264256743203
912,,lab_thrombocytopenia,lab_thrombocytopenia,clinicalbert_type3_max_pool,lr_lbfgs,3,12,auroc,0.4400531435514941
913,,lab_thrombocytopenia,lab_thrombocytopenia,clinicalbert_type3_max_pool,lr_lbfgs,3,12,auprc,0.2970684697442078
914,,lab_thrombocytopenia,lab_thrombocytopenia,clinicalbert_type3_max_pool,lr_lbfgs,3,12,brier,0.5015320325733739
915,,lab_thrombocytopenia,lab_thrombocytopenia,clinicalbert_type3_max_pool,lr_lbfgs,4,12,auroc,0.5351478162780987
916,,lab_thrombocytopenia,lab_thrombocytopenia,clinicalbert_type3_max_pool,lr_lbfgs,4,12,auprc,0.34282454415653923
917,,lab_thrombocytopenia,lab_thrombocytopenia,clinicalbert_type3_max_pool,lr_lbfgs,4,12,brier,0.2498407091747008
918,,lab_thrombocytopenia,lab_thrombocytopenia,clinicalbert_type3_max_pool,lr_lbfgs,0,16,auroc,0.5474394562904448
919,,lab_thrombocytopenia,lab_thrombocytopenia,clinicalbert_type3_max_pool,lr_lbfgs,0,16,auprc,0.36218623527843696
920,,lab_thrombocytopenia,lab_thrombocytopenia,clinicalbert_type3_max_pool,lr_lbfgs,0,16,brier,0.4408943603351911
921,,lab_thrombocytopenia,lab_thrombocytopenia,clinicalbert_type3_max_pool,lr_lbfgs,1,16,auroc,0.6237728085993437
922,,lab_thrombocytopenia,lab_thrombocytopenia,clinicalbert_type3_max_pool,lr_lbfgs,1,16,auprc,0.42946785890874245
923,,lab_thrombocytopenia,lab_thrombocytopenia,clinicalbert_type3_max_pool,lr_lbfgs,1,16,brier,0.2549044600259152
924,,lab_thrombocytopenia,lab_thrombocytopenia,clinicalbert_type3_max_pool,lr_lbfgs,2,16,auroc,0.6063989203258533
925,,lab_thrombocytopenia,lab_thrombocytopenia,clinicalbert_type3_max_pool,lr_lbfgs,2,16,auprc,0.4131968457737748
926,,lab_thrombocytopenia,lab_thrombocytopenia,clinicalbert_type3_max_pool,lr_lbfgs,2,16,brier,0.3654391940988937
927,,lab_thrombocytopenia,lab_thrombocytopenia,clinicalbert_type3_max_pool,lr_lbfgs,3,16,auroc,0.43758184476875656
928,,lab_thrombocytopenia,lab_thrombocytopenia,clinicalbert_type3_max_pool,lr_lbfgs,3,16,auprc,0.29435035650191704
929,,lab_thrombocytopenia,lab_thrombocytopenia,clinicalbert_type3_max_pool,lr_lbfgs,3,16,brier,0.49767906701961356
930,,lab_thrombocytopenia,lab_thrombocytopenia,clinicalbert_type3_max_pool,lr_lbfgs,4,16,auroc,0.5726085986517808
931,,lab_thrombocytopenia,lab_thrombocytopenia,clinicalbert_type3_max_pool,lr_lbfgs,4,16,auprc,0.37312937271111263
932,,lab_thrombocytopenia,lab_thrombocytopenia,clinicalbert_type3_max_pool,lr_lbfgs,4,16,brier,0.24767519757263243
933,,lab_thrombocytopenia,lab_thrombocytopenia,clinicalbert_type3_max_pool,lr_lbfgs,0,24,auroc,0.588197502704594
934,,lab_thrombocytopenia,lab_thrombocytopenia,clinicalbert_type3_max_pool,lr_lbfgs,0,24,auprc,0.4183720731382073
935,,lab_thrombocytopenia,lab_thrombocytopenia,clinicalbert_type3_max_pool,lr_lbfgs,0,24,brier,0.37430345972661244
936,,lab_thrombocytopenia,lab_thrombocytopenia,clinicalbert_type3_max_pool,lr_lbfgs,1,24,auroc,0.5686475557282297
937,,lab_thrombocytopenia,lab_thrombocytopenia,clinicalbert_type3_max_pool,lr_lbfgs,1,24,auprc,0.38950842573922595
938,,lab_thrombocytopenia,lab_thrombocytopenia,clinicalbert_type3_max_pool,lr_lbfgs,1,24,brier,0.26244405904156043
939,,lab_thrombocytopenia,lab_thrombocytopenia,clinicalbert_type3_max_pool,lr_lbfgs,2,24,auroc,0.6289686215964689
940,,lab_thrombocytopenia,lab_thrombocytopenia,clinicalbert_type3_max_pool,lr_lbfgs,2,24,auprc,0.44110520449322466
941,,lab_thrombocytopenia,lab_thrombocytopenia,clinicalbert_type3_max_pool,lr_lbfgs,2,24,brier,0.3730199054862542
942,,lab_thrombocytopenia,lab_thrombocytopenia,clinicalbert_type3_max_pool,lr_lbfgs,3,24,auroc,0.5106029916579837
943,,lab_thrombocytopenia,lab_thrombocytopenia,clinicalbert_type3_max_pool,lr_lbfgs,3,24,auprc,0.33211599423598825
944,,lab_thrombocytopenia,lab_thrombocytopenia,clinicalbert_type3_max_pool,lr_lbfgs,3,24,brier,0.41416107527982804
945,,lab_thrombocytopenia,lab_thrombocytopenia,clinicalbert_type3_max_pool,lr_lbfgs,4,24,auroc,0.5964933000191004
946,,lab_thrombocytopenia,lab_thrombocytopenia,clinicalbert_type3_max_pool,lr_lbfgs,4,24,auprc,0.3961090862919876
947,,lab_thrombocytopenia,lab_thrombocytopenia,clinicalbert_type3_max_pool,lr_lbfgs,4,24,brier,0.2535522775655117
948,,lab_thrombocytopenia,lab_thrombocytopenia,clinicalbert_type3_max_pool,lr_lbfgs,0,32,auroc,0.604182547851881
949,,lab_thrombocytopenia,lab_thrombocytopenia,clinicalbert_type3_max_pool,lr_lbfgs,0,32,auprc,0.4495741618983622
950,,lab_thrombocytopenia,lab_thrombocytopenia,clinicalbert_type3_max_pool,lr_lbfgs,0,32,brier,0.2747651805751351
951,,lab_thrombocytopenia,lab_thrombocytopenia,clinicalbert_type3_max_pool,lr_lbfgs,1,32,auroc,0.5523808591917274
952,,lab_thrombocytopenia,lab_thrombocytopenia,clinicalbert_type3_max_pool,lr_lbfgs,1,32,auprc,0.35802491863509595
953,,lab_thrombocytopenia,lab_thrombocytopenia,clinicalbert_type3_max_pool,lr_lbfgs,1,32,brier,0.24955706675267256
954,,lab_thrombocytopenia,lab_thrombocytopenia,clinicalbert_type3_max_pool,lr_lbfgs,2,32,auroc,0.605607966946225
955,,lab_thrombocytopenia,lab_thrombocytopenia,clinicalbert_type3_max_pool,lr_lbfgs,2,32,auprc,0.41665732739635647
956,,lab_thrombocytopenia,lab_thrombocytopenia,clinicalbert_type3_max_pool,lr_lbfgs,2,32,brier,0.36241204813877015
957,,lab_thrombocytopenia,lab_thrombocytopenia,clinicalbert_type3_max_pool,lr_lbfgs,3,32,auroc,0.5393822034256291
958,,lab_thrombocytopenia,lab_thrombocytopenia,clinicalbert_type3_max_pool,lr_lbfgs,3,32,auprc,0.35652249462442553
959,,lab_thrombocytopenia,lab_thrombocytopenia,clinicalbert_type3_max_pool,lr_lbfgs,3,32,brier,0.30477662229601327
960,,lab_thrombocytopenia,lab_thrombocytopenia,clinicalbert_type3_max_pool,lr_lbfgs,4,32,auroc,0.6240955744164353
961,,lab_thrombocytopenia,lab_thrombocytopenia,clinicalbert_type3_max_pool,lr_lbfgs,4,32,auprc,0.4277357027671315
962,,lab_thrombocytopenia,lab_thrombocytopenia,clinicalbert_type3_max_pool,lr_lbfgs,4,32,brier,0.23448438955903977
963,,lab_thrombocytopenia,lab_thrombocytopenia,clinicalbert_type3_max_pool,lr_lbfgs,0,48,auroc,0.5969203471675321
964,,lab_thrombocytopenia,lab_thrombocytopenia,clinicalbert_type3_max_pool,lr_lbfgs,0,48,auprc,0.432835808816207
965,,lab_thrombocytopenia,lab_thrombocytopenia,clinicalbert_type3_max_pool,lr_lbfgs,0,48,brier,0.4350345267641935
966,,lab_thrombocytopenia,lab_thrombocytopenia,clinicalbert_type3_max_pool,lr_lbfgs,1,48,auroc,0.6041152027842315
967,,lab_thrombocytopenia,lab_thrombocytopenia,clinicalbert_type3_max_pool,lr_lbfgs,1,48,auprc,0.41413482130998125
968,,lab_thrombocytopenia,lab_thrombocytopenia,clinicalbert_type3_max_pool,lr_lbfgs,1,48,brier,0.38753872817124946
969,,lab_thrombocytopenia,lab_thrombocytopenia,clinicalbert_type3_max_pool,lr_lbfgs,2,48,auroc,0.6279032789250673
970,,lab_thrombocytopenia,lab_thrombocytopenia,clinicalbert_type3_max_pool,lr_lbfgs,2,48,auprc,0.47090687288019034
971,,lab_thrombocytopenia,lab_thrombocytopenia,clinicalbert_type3_max_pool,lr_lbfgs,2,48,brier,0.26423468612029977
972,,lab_thrombocytopenia,lab_thrombocytopenia,clinicalbert_type3_max_pool,lr_lbfgs,3,48,auroc,0.5969064375118421
973,,lab_thrombocytopenia,lab_thrombocytopenia,clinicalbert_type3_max_pool,lr_lbfgs,3,48,auprc,0.4002121877335615
974,,lab_thrombocytopenia,lab_thrombocytopenia,clinicalbert_type3_max_pool,lr_lbfgs,3,48,brier,0.29410431440098195
975,,lab_thrombocytopenia,lab_thrombocytopenia,clinicalbert_type3_max_pool,lr_lbfgs,4,48,auroc,0.5996796260396828
976,,lab_thrombocytopenia,lab_thrombocytopenia,clinicalbert_type3_max_pool,lr_lbfgs,4,48,auprc,0.39702549684250155
977,,lab_thrombocytopenia,lab_thrombocytopenia,clinicalbert_type3_max_pool,lr_lbfgs,4,48,brier,0.24420393161581205
978,,lab_thrombocytopenia,lab_thrombocytopenia,clinicalbert_type3_max_pool,lr_lbfgs,0,64,auroc,0.6348407058294051
979,,lab_thrombocytopenia,lab_thrombocytopenia,clinicalbert_type3_max_pool,lr_lbfgs,0,64,auprc,0.4833996941093559
980,,lab_thrombocytopenia,lab_thrombocytopenia,clinicalbert_type3_max_pool,lr_lbfgs,0,64,brier,0.2350794487911453
981,,lab_thrombocytopenia,lab_thrombocytopenia,clinicalbert_type3_max_pool,lr_lbfgs,1,64,auroc,0.6423789891243797
982,,lab_thrombocytopenia,lab_thrombocytopenia,clinicalbert_type3_max_pool,lr_lbfgs,1,64,auprc,0.4672341837922583
983,,lab_thrombocytopenia,lab_thrombocytopenia,clinicalbert_type3_max_pool,lr_lbfgs,1,64,brier,0.26690627370958075
984,,lab_thrombocytopenia,lab_thrombocytopenia,clinicalbert_type3_max_pool,lr_lbfgs,2,64,auroc,0.6316489634359532
985,,lab_thrombocytopenia,lab_thrombocytopenia,clinicalbert_type3_max_pool,lr_lbfgs,2,64,auprc,0.47816857646129307
986,,lab_thrombocytopenia,lab_thrombocytopenia,clinicalbert_type3_max_pool,lr_lbfgs,2,64,brier,0.2607202267838745
987,,lab_thrombocytopenia,lab_thrombocytopenia,clinicalbert_type3_max_pool,lr_lbfgs,3,64,auroc,0.6372985240803923
988,,lab_thrombocytopenia,lab_thrombocytopenia,clinicalbert_type3_max_pool,lr_lbfgs,3,64,auprc,0.4497153918224503
989,,lab_thrombocytopenia,lab_thrombocytopenia,clinicalbert_type3_max_pool,lr_lbfgs,3,64,brier,0.24054336522386258
990,,lab_thrombocytopenia,lab_thrombocytopenia,clinicalbert_type3_max_pool,lr_lbfgs,4,64,auroc,0.5978728246241379
991,,lab_thrombocytopenia,lab_thrombocytopenia,clinicalbert_type3_max_pool,lr_lbfgs,4,64,auprc,0.4218736328514388
992,,lab_thrombocytopenia,lab_thrombocytopenia,clinicalbert_type3_max_pool,lr_lbfgs,4,64,brier,0.3868989027190306
993,,lab_thrombocytopenia,lab_thrombocytopenia,clinicalbert_type3_max_pool,lr_lbfgs,0,128,auroc,0.6355321993766235
994,,lab_thrombocytopenia,lab_thrombocytopenia,clinicalbert_type3_max_pool,lr_lbfgs,0,128,auprc,0.48670869083748286
995,,lab_thrombocytopenia,lab_thrombocytopenia,clinicalbert_type3_max_pool,lr_lbfgs,0,128,brier,0.2551842894310017
996,,lab_thrombocytopenia,lab_thrombocytopenia,clinicalbert_type3_max_pool,lr_lbfgs,1,128,auroc,0.684317802717094
997,,lab_thrombocytopenia,lab_thrombocytopenia,clinicalbert_type3_max_pool,lr_lbfgs,1,128,auprc,0.5392728734022939
998,,lab_thrombocytopenia,lab_thrombocytopenia,clinicalbert_type3_max_pool,lr_lbfgs,1,128,brier,0.2372733660774946
999,,lab_thrombocytopenia,lab_thrombocytopenia,clinicalbert_type3_max_pool,lr_lbfgs,2,128,auroc,0.656891910198611
1000,,lab_thrombocytopenia,lab_thrombocytopenia,clinicalbert_type3_max_pool,lr_lbfgs,2,128,auprc,0.49961928150201385
1001,,lab_thrombocytopenia,lab_thrombocytopenia,clinicalbert_type3_max_pool,lr_lbfgs,2,128,brier,0.24834945669852113
1002,,lab_thrombocytopenia,lab_thrombocytopenia,clinicalbert_type3_max_pool,lr_lbfgs,3,128,auroc,0.6403726317325757
1003,,lab_thrombocytopenia,lab_thrombocytopenia,clinicalbert_type3_max_pool,lr_lbfgs,3,128,auprc,0.4801204602249718
1004,,lab_thrombocytopenia,lab_thrombocytopenia,clinicalbert_type3_max_pool,lr_lbfgs,3,128,brier,0.23108896235862705
1005,,lab_thrombocytopenia,lab_thrombocytopenia,clinicalbert_type3_max_pool,lr_lbfgs,4,128,auroc,0.6535557995554746
1006,,lab_thrombocytopenia,lab_thrombocytopenia,clinicalbert_type3_max_pool,lr_lbfgs,4,128,auprc,0.4636747268150709
1007,,lab_thrombocytopenia,lab_thrombocytopenia,clinicalbert_type3_max_pool,lr_lbfgs,4,128,brier,0.24164849449470957
1008,,lab_thrombocytopenia,lab_thrombocytopenia,clinicalbert_type3_max_pool,knn,0,-1,auroc,0.6035420786159919
1009,,lab_thrombocytopenia,lab_thrombocytopenia,clinicalbert_type3_max_pool,knn,0,-1,auprc,0.41671864796260094
1010,,lab_thrombocytopenia,lab_thrombocytopenia,clinicalbert_type3_max_pool,knn,0,-1,brier,0.2892065746032873
1011,,lab_thrombocytopenia,lab_thrombocytopenia,clinicalbert_type3_max_pool,knn,0,1,auroc,0.4586505449451934
1012,,lab_thrombocytopenia,lab_thrombocytopenia,clinicalbert_type3_max_pool,knn,0,1,auprc,0.3266758198137204
1013,,lab_thrombocytopenia,lab_thrombocytopenia,clinicalbert_type3_max_pool,knn,0,1,brier,0.43537221768610884
1014,,lab_thrombocytopenia,lab_thrombocytopenia,clinicalbert_type3_max_pool,knn,1,1,auroc,0.4848469327619127
1015,,lab_thrombocytopenia,lab_thrombocytopenia,clinicalbert_type3_max_pool,knn,1,1,auprc,0.33628739718548856
1016,,lab_thrombocytopenia,lab_thrombocytopenia,clinicalbert_type3_max_pool,knn,1,1,brier,0.3660939330469665
1017,,lab_thrombocytopenia,lab_thrombocytopenia,clinicalbert_type3_max_pool,knn,2,1,auroc,0.5252313168717934
1018,,lab_thrombocytopenia,lab_thrombocytopenia,clinicalbert_type3_max_pool,knn,2,1,auprc,0.35192245974863656
1019,,lab_thrombocytopenia,lab_thrombocytopenia,clinicalbert_type3_max_pool,knn,2,1,brier,0.44822322411161203
1020,,lab_thrombocytopenia,lab_thrombocytopenia,clinicalbert_type3_max_pool,knn,3,1,auroc,0.5178293531188939
1021,,lab_thrombocytopenia,lab_thrombocytopenia,clinicalbert_type3_max_pool,knn,3,1,auprc,0.3480002446803154
1022,,lab_thrombocytopenia,lab_thrombocytopenia,clinicalbert_type3_max_pool,knn,3,1,brier,0.5123007561503781
1023,,lab_thrombocytopenia,lab_thrombocytopenia,clinicalbert_type3_max_pool,knn,4,1,auroc,0.5223618297011545
1024,,lab_thrombocytopenia,lab_thrombocytopenia,clinicalbert_type3_max_pool,knn,4,1,auprc,0.35009607893055056
1025,,lab_thrombocytopenia,lab_thrombocytopenia,clinicalbert_type3_max_pool,knn,4,1,brier,0.5678050339025169
1026,,lab_thrombocytopenia,lab_thrombocytopenia,clinicalbert_type3_max_pool,knn,0,2,auroc,0.45114913821581615
1027,,lab_thrombocytopenia,lab_thrombocytopenia,clinicalbert_type3_max_pool,knn,0,2,auprc,0.3244851414656577
1028,,lab_thrombocytopenia,lab_thrombocytopenia,clinicalbert_type3_max_pool,knn,0,2,brier,0.26144185294314876
1029,,lab_thrombocytopenia,lab_thrombocytopenia,clinicalbert_type3_max_pool,knn,1,2,auroc,0.5010864252285592
1030,,lab_thrombocytopenia,lab_thrombocytopenia,clinicalbert_type3_max_pool,knn,1,2,auprc,0.34017182410228447
1031,,lab_thrombocytopenia,lab_thrombocytopenia,clinicalbert_type3_max_pool,knn,1,2,brier,0.42704746352373174
1032,,lab_thrombocytopenia,lab_thrombocytopenia,clinicalbert_type3_max_pool,knn,2,2,auroc,0.5004641323061896
1033,,lab_thrombocytopenia,lab_thrombocytopenia,clinicalbert_type3_max_pool,knn,2,2,auprc,0.339890255963432
1034,,lab_thrombocytopenia,lab_thrombocytopenia,clinicalbert_type3_max_pool,knn,2,2,brier,0.3306609708860411
1035,,lab_thrombocytopenia,lab_thrombocytopenia,clinicalbert_type3_max_pool,knn,3,2,auroc,0.5133916581455364
1036,,lab_thrombocytopenia,lab_thrombocytopenia,clinicalbert_type3_max_pool,knn,3,2,auprc,0.3458846883159268
1037,,lab_thrombocytopenia,lab_thrombocytopenia,clinicalbert_type3_max_pool,knn,3,2,brier,0.5020767510383756
1038,,lab_thrombocytopenia,lab_thrombocytopenia,clinicalbert_type3_max_pool,knn,4,2,auroc,0.5442704441215195
1039,,lab_thrombocytopenia,lab_thrombocytopenia,clinicalbert_type3_max_pool,knn,4,2,auprc,0.3627486513932617
1040,,lab_thrombocytopenia,lab_thrombocytopenia,clinicalbert_type3_max_pool,knn,4,2,brier,0.416042458021229
1041,,lab_thrombocytopenia,lab_thrombocytopenia,clinicalbert_type3_max_pool,knn,0,4,auroc,0.48775229497484623
1042,,lab_thrombocytopenia,lab_thrombocytopenia,clinicalbert_type3_max_pool,knn,0,4,auprc,0.33507553423920966
1043,,lab_thrombocytopenia,lab_thrombocytopenia,clinicalbert_type3_max_pool,knn,0,4,brier,0.2722930250354015
1044,,lab_thrombocytopenia,lab_thrombocytopenia,clinicalbert_type3_max_pool,knn,1,4,auroc,0.4628012901479913
1045,,lab_thrombocytopenia,lab_thrombocytopenia,clinicalbert_type3_max_pool,knn,1,4,auprc,0.32236749457154945
1046,,lab_thrombocytopenia,lab_thrombocytopenia,clinicalbert_type3_max_pool,knn,1,4,brier,0.2640245894583415
1047,,lab_thrombocytopenia,lab_thrombocytopenia,clinicalbert_type3_max_pool,knn,2,4,auroc,0.5451960412826332
1048,,lab_thrombocytopenia,lab_thrombocytopenia,clinicalbert_type3_max_pool,knn,2,4,auprc,0.36360941725384444
1049,,lab_thrombocytopenia,lab_thrombocytopenia,clinicalbert_type3_max_pool,knn,2,4,brier,0.3704012685339676
1050,,lab_thrombocytopenia,lab_thrombocytopenia,clinicalbert_type3_max_pool,knn,3,4,auroc,0.5239004384869886
1051,,lab_thrombocytopenia,lab_thrombocytopenia,clinicalbert_type3_max_pool,knn,3,4,auprc,0.35104712933647764
1052,,lab_thrombocytopenia,lab_thrombocytopenia,clinicalbert_type3_max_pool,knn,3,4,brier,0.2945949250752403
1053,,lab_thrombocytopenia,lab_thrombocytopenia,clinicalbert_type3_max_pool,knn,4,4,auroc,0.5998056016580517
1054,,lab_thrombocytopenia,lab_thrombocytopenia,clinicalbert_type3_max_pool,knn,4,4,auprc,0.39630571022371475
1055,,lab_thrombocytopenia,lab_thrombocytopenia,clinicalbert_type3_max_pool,knn,4,4,brier,0.25602636026416137
1056,,lab_thrombocytopenia,lab_thrombocytopenia,clinicalbert_type3_max_pool,knn,0,8,auroc,0.47206085769132466
1057,,lab_thrombocytopenia,lab_thrombocytopenia,clinicalbert_type3_max_pool,knn,0,8,auprc,0.3279307964878566
1058,,lab_thrombocytopenia,lab_thrombocytopenia,clinicalbert_type3_max_pool,knn,0,8,brier,0.5542972771486385
1059,,lab_thrombocytopenia,lab_thrombocytopenia,clinicalbert_type3_max_pool,knn,1,8,auroc,0.4905135902378824
1060,,lab_thrombocytopenia,lab_thrombocytopenia,clinicalbert_type3_max_pool,knn,1,8,auprc,0.3385972729148451
1061,,lab_thrombocytopenia,lab_thrombocytopenia,clinicalbert_type3_max_pool,knn,1,8,brier,0.30987965493982744
1062,,lab_thrombocytopenia,lab_thrombocytopenia,clinicalbert_type3_max_pool,knn,2,8,auroc,0.5737716284733929
1063,,lab_thrombocytopenia,lab_thrombocytopenia,clinicalbert_type3_max_pool,knn,2,8,auprc,0.3847904528698934
1064,,lab_thrombocytopenia,lab_thrombocytopenia,clinicalbert_type3_max_pool,knn,2,8,brier,0.2591554445610116
1065,,lab_thrombocytopenia,lab_thrombocytopenia,clinicalbert_type3_max_pool,knn,3,8,auroc,0.5384254263016597
1066,,lab_thrombocytopenia,lab_thrombocytopenia,clinicalbert_type3_max_pool,knn,3,8,auprc,0.36241105745946633
1067,,lab_thrombocytopenia,lab_thrombocytopenia,clinicalbert_type3_max_pool,knn,3,8,brier,0.29072384536192275
1068,,lab_thrombocytopenia,lab_thrombocytopenia,clinicalbert_type3_max_pool,knn,4,8,auroc,0.5566680819609644
1069,,lab_thrombocytopenia,lab_thrombocytopenia,clinicalbert_type3_max_pool,knn,4,8,auprc,0.36804665776654
1070,,lab_thrombocytopenia,lab_thrombocytopenia,clinicalbert_type3_max_pool,knn,4,8,brier,0.27936541746048654
1071,,lab_thrombocytopenia,lab_thrombocytopenia,clinicalbert_type3_max_pool,knn,0,12,auroc,0.5106638268241643
1072,,lab_thrombocytopenia,lab_thrombocytopenia,clinicalbert_type3_max_pool,knn,0,12,auprc,0.34457595465976176
1073,,lab_thrombocytopenia,lab_thrombocytopenia,clinicalbert_type3_max_pool,knn,0,12,brier,0.5259860129930065
1074,,lab_thrombocytopenia,lab_thrombocytopenia,clinicalbert_type3_max_pool,knn,1,12,auroc,0.5202397458000695
1075,,lab_thrombocytopenia,lab_thrombocytopenia,clinicalbert_type3_max_pool,knn,1,12,auprc,0.3765187677518397
1076,,lab_thrombocytopenia,lab_thrombocytopenia,clinicalbert_type3_max_pool,knn,1,12,brier,0.28379514244785325
1077,,lab_thrombocytopenia,lab_thrombocytopenia,clinicalbert_type3_max_pool,knn,2,12,auroc,0.593917423521549
1078,,lab_thrombocytopenia,lab_thrombocytopenia,clinicalbert_type3_max_pool,knn,2,12,auprc,0.39215278000494475
1079,,lab_thrombocytopenia,lab_thrombocytopenia,clinicalbert_type3_max_pool,knn,2,12,brier,0.4174624587312294
1080,,lab_thrombocytopenia,lab_thrombocytopenia,clinicalbert_type3_max_pool,knn,3,12,auroc,0.5271929898897543
1081,,lab_thrombocytopenia,lab_thrombocytopenia,clinicalbert_type3_max_pool,knn,3,12,auprc,0.3549977865715148
1082,,lab_thrombocytopenia,lab_thrombocytopenia,clinicalbert_type3_max_pool,knn,3,12,brier,0.27733394866697436
1083,,lab_thrombocytopenia,lab_thrombocytopenia,clinicalbert_type3_max_pool,knn,4,12,auroc,0.5757942019742717
1084,,lab_thrombocytopenia,lab_thrombocytopenia,clinicalbert_type3_max_pool,knn,4,12,auprc,0.38382885993975413
1085,,lab_thrombocytopenia,lab_thrombocytopenia,clinicalbert_type3_max_pool,knn,4,12,brier,0.2662735631367816
1086,,lab_thrombocytopenia,lab_thrombocytopenia,clinicalbert_type3_max_pool,knn,0,16,auroc,0.5096528677109066
1087,,lab_thrombocytopenia,lab_thrombocytopenia,clinicalbert_type3_max_pool,knn,0,16,auprc,0.3405157292905865
1088,,lab_thrombocytopenia,lab_thrombocytopenia,clinicalbert_type3_max_pool,knn,0,16,brier,0.39848420630150844
1089,,lab_thrombocytopenia,lab_thrombocytopenia,clinicalbert_type3_max_pool,knn,1,16,auroc,0.5360854879052879
1090,,lab_thrombocytopenia,lab_thrombocytopenia,clinicalbert_type3_max_pool,knn,1,16,auprc,0.3745461421005152
1091,,lab_thrombocytopenia,lab_thrombocytopenia,clinicalbert_type3_max_pool,knn,1,16,brier,0.2978235210931254
1092,,lab_thrombocytopenia,lab_thrombocytopenia,clinicalbert_type3_max_pool,knn,2,16,auroc,0.6312312242737301
1093,,lab_thrombocytopenia,lab_thrombocytopenia,clinicalbert_type3_max_pool,knn,2,16,auprc,0.4387943403477124
1094,,lab_thrombocytopenia,lab_thrombocytopenia,clinicalbert_type3_max_pool,knn,2,16,brier,0.2802215225582109
1095,,lab_thrombocytopenia,lab_thrombocytopenia,clinicalbert_type3_max_pool,knn,3,16,auroc,0.5137778324677862
1096,,lab_thrombocytopenia,lab_thrombocytopenia,clinicalbert_type3_max_pool,knn,3,16,auprc,0.3472935972048562
1097,,lab_thrombocytopenia,lab_thrombocytopenia,clinicalbert_type3_max_pool,knn,3,16,brier,0.2772544286272144
1098,,lab_thrombocytopenia,lab_thrombocytopenia,clinicalbert_type3_max_pool,knn,4,16,auroc,0.5625175476399246
1099,,lab_thrombocytopenia,lab_thrombocytopenia,clinicalbert_type3_max_pool,knn,4,16,auprc,0.37881857624354925
1100,,lab_thrombocytopenia,lab_thrombocytopenia,clinicalbert_type3_max_pool,knn,4,16,brier,0.2868204211879884
1101,,lab_thrombocytopenia,lab_thrombocytopenia,clinicalbert_type3_max_pool,knn,0,24,auroc,0.5538989079543015
1102,,lab_thrombocytopenia,lab_thrombocytopenia,clinicalbert_type3_max_pool,knn,0,24,auprc,0.37089643874183603
1103,,lab_thrombocytopenia,lab_thrombocytopenia,clinicalbert_type3_max_pool,knn,0,24,brier,0.33762788881394445
1104,,lab_thrombocytopenia,lab_thrombocytopenia,clinicalbert_type3_max_pool,knn,1,24,auroc,0.5637333182686248
1105,,lab_thrombocytopenia,lab_thrombocytopenia,clinicalbert_type3_max_pool,knn,1,24,auprc,0.3745924660058098
1106,,lab_thrombocytopenia,lab_thrombocytopenia,clinicalbert_type3_max_pool,knn,1,24,brier,0.2851913648179046
1107,,lab_thrombocytopenia,lab_thrombocytopenia,clinicalbert_type3_max_pool,knn,2,24,auroc,0.6418393106372111
1108,,lab_thrombocytopenia,lab_thrombocytopenia,clinicalbert_type3_max_pool,knn,2,24,auprc,0.4719681931487797
1109,,lab_thrombocytopenia,lab_thrombocytopenia,clinicalbert_type3_max_pool,knn,2,24,brier,0.26766123177674256
1110,,lab_thrombocytopenia,lab_thrombocytopenia,clinicalbert_type3_max_pool,knn,3,24,auroc,0.4869887970993953
1111,,lab_thrombocytopenia,lab_thrombocytopenia,clinicalbert_type3_max_pool,knn,3,24,auprc,0.3323008878663715
1112,,lab_thrombocytopenia,lab_thrombocytopenia,clinicalbert_type3_max_pool,knn,3,24,brier,0.28842699421349716
1113,,lab_thrombocytopenia,lab_thrombocytopenia,clinicalbert_type3_max_pool,knn,4,24,auroc,0.5899350845323663
1114,,lab_thrombocytopenia,lab_thrombocytopenia,clinicalbert_type3_max_pool,knn,4,24,auprc,0.3966192251165853
1115,,lab_thrombocytopenia,lab_thrombocytopenia,clinicalbert_type3_max_pool,knn,4,24,brier,0.2707313830005749
1116,,lab_thrombocytopenia,lab_thrombocytopenia,clinicalbert_type3_max_pool,knn,0,32,auroc,0.5843324746823161
1117,,lab_thrombocytopenia,lab_thrombocytopenia,clinicalbert_type3_max_pool,knn,0,32,auprc,0.40042554752383436
1118,,lab_thrombocytopenia,lab_thrombocytopenia,clinicalbert_type3_max_pool,knn,0,32,brier,0.3475334705399448
1119,,lab_thrombocytopenia,lab_thrombocytopenia,clinicalbert_type3_max_pool,knn,1,32,auroc,0.5817717874866384
1120,,lab_thrombocytopenia,lab_thrombocytopenia,clinicalbert_type3_max_pool,knn,1,32,auprc,0.3876813573780384
1121,,lab_thrombocytopenia,lab_thrombocytopenia,clinicalbert_type3_max_pool,knn,1,32,brier,0.26416912208456106
1122,,lab_thrombocytopenia,lab_thrombocytopenia,clinicalbert_type3_max_pool,knn,2,32,auroc,0.6180140243237872
1123,,lab_thrombocytopenia,lab_thrombocytopenia,clinicalbert_type3_max_pool,knn,2,32,auprc,0.452567821447034
1124,,lab_thrombocytopenia,lab_thrombocytopenia,clinicalbert_type3_max_pool,knn,2,32,brier,0.27656710008112634
1125,,lab_thrombocytopenia,lab_thrombocytopenia,clinicalbert_type3_max_pool,knn,3,32,auroc,0.49374986740877935
1126,,lab_thrombocytopenia,lab_thrombocytopenia,clinicalbert_type3_max_pool,knn,3,32,auprc,0.33547895161129293
1127,,lab_thrombocytopenia,lab_thrombocytopenia,clinicalbert_type3_max_pool,knn,3,32,brier,0.28947140473570243
1128,,lab_thrombocytopenia,lab_thrombocytopenia,clinicalbert_type3_max_pool,knn,4,32,auroc,0.6021458764707364
1129,,lab_thrombocytopenia,lab_thrombocytopenia,clinicalbert_type3_max_pool,knn,4,32,auprc,0.4244938532650927
1130,,lab_thrombocytopenia,lab_thrombocytopenia,clinicalbert_type3_max_pool,knn,4,32,brier,0.27355563233803076
1131,,lab_thrombocytopenia,lab_thrombocytopenia,clinicalbert_type3_max_pool,knn,0,48,auroc,0.5963130398711891
1132,,lab_thrombocytopenia,lab_thrombocytopenia,clinicalbert_type3_max_pool,knn,0,48,auprc,0.39667257661584143
1133,,lab_thrombocytopenia,lab_thrombocytopenia,clinicalbert_type3_max_pool,knn,0,48,brier,0.334441722776417
1134,,lab_thrombocytopenia,lab_thrombocytopenia,clinicalbert_type3_max_pool,knn,1,48,auroc,0.6166810902175884
1135,,lab_thrombocytopenia,lab_thrombocytopenia,clinicalbert_type3_max_pool,knn,1,48,auprc,0.41977696193059355
1136,,lab_thrombocytopenia,lab_thrombocytopenia,clinicalbert_type3_max_pool,knn,1,48,brier,0.2623316411658206
1137,,lab_thrombocytopenia,lab_thrombocytopenia,clinicalbert_type3_max_pool,knn,2,48,auroc,0.5895227441847501
1138,,lab_thrombocytopenia,lab_thrombocytopenia,clinicalbert_type3_max_pool,knn,2,48,auprc,0.42150770501720863
1139,,lab_thrombocytopenia,lab_thrombocytopenia,clinicalbert_type3_max_pool,knn,2,48,brier,0.31263130263074146
1140,,lab_thrombocytopenia,lab_thrombocytopenia,clinicalbert_type3_max_pool,knn,3,48,auroc,0.5180819778905879
1141,,lab_thrombocytopenia,lab_thrombocytopenia,clinicalbert_type3_max_pool,knn,3,48,auprc,0.34563047523918755
1142,,lab_thrombocytopenia,lab_thrombocytopenia,clinicalbert_type3_max_pool,knn,3,48,brier,0.2983712591856296
1143,,lab_thrombocytopenia,lab_thrombocytopenia,clinicalbert_type3_max_pool,knn,4,48,auroc,0.5913435872941202
1144,,lab_thrombocytopenia,lab_thrombocytopenia,clinicalbert_type3_max_pool,knn,4,48,auprc,0.40390879447036715
1145,,lab_thrombocytopenia,lab_thrombocytopenia,clinicalbert_type3_max_pool,knn,4,48,brier,0.267660903830452
1146,,lab_thrombocytopenia,lab_thrombocytopenia,clinicalbert_type3_max_pool,knn,0,64,auroc,0.6021788705532914
1147,,lab_thrombocytopenia,lab_thrombocytopenia,clinicalbert_type3_max_pool,knn,0,64,auprc,0.4040299739308857
1148,,lab_thrombocytopenia,lab_thrombocytopenia,clinicalbert_type3_max_pool,knn,0,64,brier,0.30226561113280564
1149,,lab_thrombocytopenia,lab_thrombocytopenia,clinicalbert_type3_max_pool,knn,1,64,auroc,0.6198795328440767
1150,,lab_thrombocytopenia,lab_thrombocytopenia,clinicalbert_type3_max_pool,knn,1,64,auprc,0.4385892494597894
1151,,lab_thrombocytopenia,lab_thrombocytopenia,clinicalbert_type3_max_pool,knn,1,64,brier,0.2688977067353673
1152,,lab_thrombocytopenia,lab_thrombocytopenia,clinicalbert_type3_max_pool,knn,2,64,auroc,0.5849133251884626
1153,,lab_thrombocytopenia,lab_thrombocytopenia,clinicalbert_type3_max_pool,knn,2,64,auprc,0.4073900915585935
1154,,lab_thrombocytopenia,lab_thrombocytopenia,clinicalbert_type3_max_pool,knn,2,64,brier,0.2907266853633428
1155,,lab_thrombocytopenia,lab_thrombocytopenia,clinicalbert_type3_max_pool,knn,3,64,auroc,0.540111295534206
1156,,lab_thrombocytopenia,lab_thrombocytopenia,clinicalbert_type3_max_pool,knn,3,64,auprc,0.36148821305702145
1157,,lab_thrombocytopenia,lab_thrombocytopenia,clinicalbert_type3_max_pool,knn,3,64,brier,0.32869964733416157
1158,,lab_thrombocytopenia,lab_thrombocytopenia,clinicalbert_type3_max_pool,knn,4,64,auroc,0.6091744061767822
1159,,lab_thrombocytopenia,lab_thrombocytopenia,clinicalbert_type3_max_pool,knn,4,64,auprc,0.416688239193697
1160,,lab_thrombocytopenia,lab_thrombocytopenia,clinicalbert_type3_max_pool,knn,4,64,brier,0.26411445205722606
1161,,lab_thrombocytopenia,lab_thrombocytopenia,clinicalbert_type3_max_pool,knn,0,128,auroc,0.6052037961070654
1162,,lab_thrombocytopenia,lab_thrombocytopenia,clinicalbert_type3_max_pool,knn,0,128,auprc,0.42682523715283965
1163,,lab_thrombocytopenia,lab_thrombocytopenia,clinicalbert_type3_max_pool,knn,0,128,brier,0.31526663005209027
1164,,lab_thrombocytopenia,lab_thrombocytopenia,clinicalbert_type3_max_pool,knn,1,128,auroc,0.5998121902205373
1165,,lab_thrombocytopenia,lab_thrombocytopenia,clinicalbert_type3_max_pool,knn,1,128,auprc,0.42942756633774737
1166,,lab_thrombocytopenia,lab_thrombocytopenia,clinicalbert_type3_max_pool,knn,1,128,brier,0.29653351601607514
1167,,lab_thrombocytopenia,lab_thrombocytopenia,clinicalbert_type3_max_pool,knn,2,128,auroc,0.5785020477787381
1168,,lab_thrombocytopenia,lab_thrombocytopenia,clinicalbert_type3_max_pool,knn,2,128,auprc,0.3867705855722108
1169,,lab_thrombocytopenia,lab_thrombocytopenia,clinicalbert_type3_max_pool,knn,2,128,brier,0.3178632144871628
1170,,lab_thrombocytopenia,lab_thrombocytopenia,clinicalbert_type3_max_pool,knn,3,128,auroc,0.5871435974854977
1171,,lab_thrombocytopenia,lab_thrombocytopenia,clinicalbert_type3_max_pool,knn,3,128,auprc,0.40357723823452174
1172,,lab_thrombocytopenia,lab_thrombocytopenia,clinicalbert_type3_max_pool,knn,3,128,brier,0.2789327478560372
1173,,lab_thrombocytopenia,lab_thrombocytopenia,clinicalbert_type3_max_pool,knn,4,128,auroc,0.5834979023642238
1174,,lab_thrombocytopenia,lab_thrombocytopenia,clinicalbert_type3_max_pool,knn,4,128,auprc,0.3970390698696206
1175,,lab_thrombocytopenia,lab_thrombocytopenia,clinicalbert_type3_max_pool,knn,4,128,brier,0.27427526713763356
1176,,lab_thrombocytopenia,lab_thrombocytopenia,clinicalbert_type3_max_pool,rf,0,-1,auroc,0.7266717203279692
1177,,lab_thrombocytopenia,lab_thrombocytopenia,clinicalbert_type3_max_pool,rf,0,-1,auprc,0.6142339297250086
1178,,lab_thrombocytopenia,lab_thrombocytopenia,clinicalbert_type3_max_pool,rf,0,-1,brier,0.20292699196249897
1179,,lab_thrombocytopenia,lab_thrombocytopenia,clinicalbert_type3_max_pool,rf,0,1,auroc,0.48851433410983414
1180,,lab_thrombocytopenia,lab_thrombocytopenia,clinicalbert_type3_max_pool,rf,0,1,auprc,0.3295297175396457
1181,,lab_thrombocytopenia,lab_thrombocytopenia,clinicalbert_type3_max_pool,rf,0,1,brier,0.30336912918456466
1182,,lab_thrombocytopenia,lab_thrombocytopenia,clinicalbert_type3_max_pool,rf,1,1,auroc,0.4645288314588364
1183,,lab_thrombocytopenia,lab_thrombocytopenia,clinicalbert_type3_max_pool,rf,1,1,auprc,0.31586246704622606
1184,,lab_thrombocytopenia,lab_thrombocytopenia,clinicalbert_type3_max_pool,rf,1,1,brier,0.25802158401079206
1185,,lab_thrombocytopenia,lab_thrombocytopenia,clinicalbert_type3_max_pool,rf,2,1,auroc,0.5066584422640575
1186,,lab_thrombocytopenia,lab_thrombocytopenia,clinicalbert_type3_max_pool,rf,2,1,auprc,0.3417020246912076
1187,,lab_thrombocytopenia,lab_thrombocytopenia,clinicalbert_type3_max_pool,rf,2,1,brier,0.27324878412439213
1188,,lab_thrombocytopenia,lab_thrombocytopenia,clinicalbert_type3_max_pool,rf,3,1,auroc,0.4977206256702331
1189,,lab_thrombocytopenia,lab_thrombocytopenia,clinicalbert_type3_max_pool,rf,3,1,auprc,0.327201451273454
1190,,lab_thrombocytopenia,lab_thrombocytopenia,clinicalbert_type3_max_pool,rf,3,1,brier,0.2792288544144272
1191,,lab_thrombocytopenia,lab_thrombocytopenia,clinicalbert_type3_max_pool,rf,4,1,auroc,0.47730756858028783
1192,,lab_thrombocytopenia,lab_thrombocytopenia,clinicalbert_type3_max_pool,rf,4,1,auprc,0.32373597652216374
1193,,lab_thrombocytopenia,lab_thrombocytopenia,clinicalbert_type3_max_pool,rf,4,1,brier,0.26177559018779506
1194,,lab_thrombocytopenia,lab_thrombocytopenia,clinicalbert_type3_max_pool,rf,0,2,auroc,0.42536878781450166
1195,,lab_thrombocytopenia,lab_thrombocytopenia,clinicalbert_type3_max_pool,rf,0,2,auprc,0.2999003243721138
1196,,lab_thrombocytopenia,lab_thrombocytopenia,clinicalbert_type3_max_pool,rf,0,2,brier,0.2862023856011928
1197,,lab_thrombocytopenia,lab_thrombocytopenia,clinicalbert_type3_max_pool,rf,1,2,auroc,0.4993825025903319
1198,,lab_thrombocytopenia,lab_thrombocytopenia,clinicalbert_type3_max_pool,rf,1,2,auprc,0.3321971680520562
1199,,lab_thrombocytopenia,lab_thrombocytopenia,clinicalbert_type3_max_pool,rf,1,2,brier,0.26141875820937915
1200,,lab_thrombocytopenia,lab_thrombocytopenia,clinicalbert_type3_max_pool,rf,2,2,auroc,0.47097204594370307
1201,,lab_thrombocytopenia,lab_thrombocytopenia,clinicalbert_type3_max_pool,rf,2,2,auprc,0.31822928851603416
1202,,lab_thrombocytopenia,lab_thrombocytopenia,clinicalbert_type3_max_pool,rf,2,2,brier,0.2636965529482765
1203,,lab_thrombocytopenia,lab_thrombocytopenia,clinicalbert_type3_max_pool,rf,3,2,auroc,0.5063566922827251
1204,,lab_thrombocytopenia,lab_thrombocytopenia,clinicalbert_type3_max_pool,rf,3,2,auprc,0.33637045338465626
1205,,lab_thrombocytopenia,lab_thrombocytopenia,clinicalbert_type3_max_pool,rf,3,2,brier,0.3089889594944798
1206,,lab_thrombocytopenia,lab_thrombocytopenia,clinicalbert_type3_max_pool,rf,4,2,auroc,0.5150445873749768
1207,,lab_thrombocytopenia,lab_thrombocytopenia,clinicalbert_type3_max_pool,rf,4,2,auprc,0.3508002677969442
1208,,lab_thrombocytopenia,lab_thrombocytopenia,clinicalbert_type3_max_pool,rf,4,2,brier,0.2581908747204374
1209,,lab_thrombocytopenia,lab_thrombocytopenia,clinicalbert_type3_max_pool,rf,0,4,auroc,0.4947054098357177
1210,,lab_thrombocytopenia,lab_thrombocytopenia,clinicalbert_type3_max_pool,rf,0,4,auprc,0.3217371712354941
1211,,lab_thrombocytopenia,lab_thrombocytopenia,clinicalbert_type3_max_pool,rf,0,4,brier,0.24838563669281832
1212,,lab_thrombocytopenia,lab_thrombocytopenia,clinicalbert_type3_max_pool,rf,1,4,auroc,0.49259061120898107
1213,,lab_thrombocytopenia,lab_thrombocytopenia,clinicalbert_type3_max_pool,rf,1,4,auprc,0.33883888773747023
1214,,lab_thrombocytopenia,lab_thrombocytopenia,clinicalbert_type3_max_pool,rf,1,4,brier,0.269860129930065
1215,,lab_thrombocytopenia,lab_thrombocytopenia,clinicalbert_type3_max_pool,rf,2,4,auroc,0.5205558970684467
1216,,lab_thrombocytopenia,lab_thrombocytopenia,clinicalbert_type3_max_pool,rf,2,4,auprc,0.34575595012057303
1217,,lab_thrombocytopenia,lab_thrombocytopenia,clinicalbert_type3_max_pool,rf,2,4,brier,0.32978060989030494
1218,,lab_thrombocytopenia,lab_thrombocytopenia,clinicalbert_type3_max_pool,rf,3,4,auroc,0.46421087660571736
1219,,lab_thrombocytopenia,lab_thrombocytopenia,clinicalbert_type3_max_pool,rf,3,4,auprc,0.30299740457606433
1220,,lab_thrombocytopenia,lab_thrombocytopenia,clinicalbert_type3_max_pool,rf,3,4,brier,0.26346192623096315
1221,,lab_thrombocytopenia,lab_thrombocytopenia,clinicalbert_type3_max_pool,rf,4,4,auroc,0.5742569346397057
1222,,lab_thrombocytopenia,lab_thrombocytopenia,clinicalbert_type3_max_pool,rf,4,4,auprc,0.3783887111205066
1223,,lab_thrombocytopenia,lab_thrombocytopenia,clinicalbert_type3_max_pool,rf,4,4,brier,0.24471702048351024
1224,,lab_thrombocytopenia,lab_thrombocytopenia,clinicalbert_type3_max_pool,rf,0,8,auroc,0.5463160772399325
1225,,lab_thrombocytopenia,lab_thrombocytopenia,clinicalbert_type3_max_pool,rf,0,8,auprc,0.36586328213691033
1226,,lab_thrombocytopenia,lab_thrombocytopenia,clinicalbert_type3_max_pool,rf,0,8,brier,0.250795156022578
1227,,lab_thrombocytopenia,lab_thrombocytopenia,clinicalbert_type3_max_pool,rf,1,8,auroc,0.5369337753335196
1228,,lab_thrombocytopenia,lab_thrombocytopenia,clinicalbert_type3_max_pool,rf,1,8,auprc,0.35789983337281966
1229,,lab_thrombocytopenia,lab_thrombocytopenia,clinicalbert_type3_max_pool,rf,1,8,brier,0.25800902055451025
1230,,lab_thrombocytopenia,lab_thrombocytopenia,clinicalbert_type3_max_pool,rf,2,8,auroc,0.5308564792567521
1231,,lab_thrombocytopenia,lab_thrombocytopenia,clinicalbert_type3_max_pool,rf,2,8,auprc,0.3551521113978442
1232,,lab_thrombocytopenia,lab_thrombocytopenia,clinicalbert_type3_max_pool,rf,2,8,brier,0.2655629237814619
1233,,lab_thrombocytopenia,lab_thrombocytopenia,clinicalbert_type3_max_pool,rf,3,8,auroc,0.4947876316681652
1234,,lab_thrombocytopenia,lab_thrombocytopenia,clinicalbert_type3_max_pool,rf,3,8,auprc,0.3327824057051926
1235,,lab_thrombocytopenia,lab_thrombocytopenia,clinicalbert_type3_max_pool,rf,3,8,brier,0.2928183464091732
1236,,lab_thrombocytopenia,lab_thrombocytopenia,clinicalbert_type3_max_pool,rf,4,8,auroc,0.5721694896792231
1237,,lab_thrombocytopenia,lab_thrombocytopenia,clinicalbert_type3_max_pool,rf,4,8,auprc,0.3783729446934602
1238,,lab_thrombocytopenia,lab_thrombocytopenia,clinicalbert_type3_max_pool,rf,4,8,brier,0.27416961020980507
1239,,lab_thrombocytopenia,lab_thrombocytopenia,clinicalbert_type3_max_pool,rf,0,12,auroc,0.5297419671288899
1240,,lab_thrombocytopenia,lab_thrombocytopenia,clinicalbert_type3_max_pool,rf,0,12,auprc,0.3654355198227573
1241,,lab_thrombocytopenia,lab_thrombocytopenia,clinicalbert_type3_max_pool,rf,0,12,brier,0.2543343902816483
1242,,lab_thrombocytopenia,lab_thrombocytopenia,clinicalbert_type3_max_pool,rf,1,12,auroc,0.5393172757795844
1243,,lab_thrombocytopenia,lab_thrombocytopenia,clinicalbert_type3_max_pool,rf,1,12,auprc,0.37591051748908694
1244,,lab_thrombocytopenia,lab_thrombocytopenia,clinicalbert_type3_max_pool,rf,1,12,brier,0.2525156430828216
1245,,lab_thrombocytopenia,lab_thrombocytopenia,clinicalbert_type3_max_pool,rf,2,12,auroc,0.5999214384332224
1246,,lab_thrombocytopenia,lab_thrombocytopenia,clinicalbert_type3_max_pool,rf,2,12,auprc,0.4161311092843871
1247,,lab_thrombocytopenia,lab_thrombocytopenia,clinicalbert_type3_max_pool,rf,2,12,brier,0.236398437999219
1248,,lab_thrombocytopenia,lab_thrombocytopenia,clinicalbert_type3_max_pool,rf,3,12,auroc,0.503991073171367
1249,,lab_thrombocytopenia,lab_thrombocytopenia,clinicalbert_type3_max_pool,rf,3,12,auprc,0.3325081122488746
1250,,lab_thrombocytopenia,lab_thrombocytopenia,clinicalbert_type3_max_pool,rf,3,12,brier,0.25045365218898685
1251,,lab_thrombocytopenia,lab_thrombocytopenia,clinicalbert_type3_max_pool,rf,4,12,auroc,0.5612412993312718
1252,,lab_thrombocytopenia,lab_thrombocytopenia,clinicalbert_type3_max_pool,rf,4,12,auprc,0.3760407612195045
1253,,lab_thrombocytopenia,lab_thrombocytopenia,clinicalbert_type3_max_pool,rf,4,12,brier,0.2683854485427243
1254,,lab_thrombocytopenia,lab_thrombocytopenia,clinicalbert_type3_max_pool,rf,0,16,auroc,0.5413113936576439
1255,,lab_thrombocytopenia,lab_thrombocytopenia,clinicalbert_type3_max_pool,rf,0,16,auprc,0.36671782959403165
1256,,lab_thrombocytopenia,lab_thrombocytopenia,clinicalbert_type3_max_pool,rf,0,16,brier,0.2674528737264369
1257,,lab_thrombocytopenia,lab_thrombocytopenia,clinicalbert_type3_max_pool,rf,1,16,auroc,0.6127881831858378
1258,,lab_thrombocytopenia,lab_thrombocytopenia,clinicalbert_type3_max_pool,rf,1,16,auprc,0.43025797685538364
1259,,lab_thrombocytopenia,lab_thrombocytopenia,clinicalbert_type3_max_pool,rf,1,16,brier,0.244607636053818
1260,,lab_thrombocytopenia,lab_thrombocytopenia,clinicalbert_type3_max_pool,rf,2,16,auroc,0.6151976143765493
1261,,lab_thrombocytopenia,lab_thrombocytopenia,clinicalbert_type3_max_pool,rf,2,16,auprc,0.4241198135378379
1262,,lab_thrombocytopenia,lab_thrombocytopenia,clinicalbert_type3_max_pool,rf,2,16,brier,0.23691510151032855
1263,,lab_thrombocytopenia,lab_thrombocytopenia,clinicalbert_type3_max_pool,rf,3,16,auroc,0.5350863560377669
1264,,lab_thrombocytopenia,lab_thrombocytopenia,clinicalbert_type3_max_pool,rf,3,16,auprc,0.3545920735074919
1265,,lab_thrombocytopenia,lab_thrombocytopenia,clinicalbert_type3_max_pool,rf,3,16,brier,0.26878430189215097
1266,,lab_thrombocytopenia,lab_thrombocytopenia,clinicalbert_type3_max_pool,rf,4,16,auroc,0.5749345101032681
1267,,lab_thrombocytopenia,lab_thrombocytopenia,clinicalbert_type3_max_pool,rf,4,16,auprc,0.39502103018471246
1268,,lab_thrombocytopenia,lab_thrombocytopenia,clinicalbert_type3_max_pool,rf,4,16,brier,0.268443767971884
1269,,lab_thrombocytopenia,lab_thrombocytopenia,clinicalbert_type3_max_pool,rf,0,24,auroc,0.5855788788607377
1270,,lab_thrombocytopenia,lab_thrombocytopenia,clinicalbert_type3_max_pool,rf,0,24,auprc,0.40352319977926804
1271,,lab_thrombocytopenia,lab_thrombocytopenia,clinicalbert_type3_max_pool,rf,0,24,brier,0.24626699701405402
1272,,lab_thrombocytopenia,lab_thrombocytopenia,clinicalbert_type3_max_pool,rf,1,24,auroc,0.5579448338405908
1273,,lab_thrombocytopenia,lab_thrombocytopenia,clinicalbert_type3_max_pool,rf,1,24,auprc,0.37845012695261904
1274,,lab_thrombocytopenia,lab_thrombocytopenia,clinicalbert_type3_max_pool,rf,1,24,brier,0.24957155028577516
1275,,lab_thrombocytopenia,lab_thrombocytopenia,clinicalbert_type3_max_pool,rf,2,24,auroc,0.6365607097292498
1276,,lab_thrombocytopenia,lab_thrombocytopenia,clinicalbert_type3_max_pool,rf,2,24,auprc,0.44964975726635925
1277,,lab_thrombocytopenia,lab_thrombocytopenia,clinicalbert_type3_max_pool,rf,2,24,brier,0.23586695934459076
1278,,lab_thrombocytopenia,lab_thrombocytopenia,clinicalbert_type3_max_pool,rf,3,24,auroc,0.5247792098685438
1279,,lab_thrombocytopenia,lab_thrombocytopenia,clinicalbert_type3_max_pool,rf,3,24,auprc,0.3515600377422988
1280,,lab_thrombocytopenia,lab_thrombocytopenia,clinicalbert_type3_max_pool,rf,3,24,brier,0.2595928147964074
1281,,lab_thrombocytopenia,lab_thrombocytopenia,clinicalbert_type3_max_pool,rf,4,24,auroc,0.5828212897957865
1282,,lab_thrombocytopenia,lab_thrombocytopenia,clinicalbert_type3_max_pool,rf,4,24,auprc,0.408848216333118
1283,,lab_thrombocytopenia,lab_thrombocytopenia,clinicalbert_type3_max_pool,rf,4,24,brier,0.2517388050694025
1284,,lab_thrombocytopenia,lab_thrombocytopenia,clinicalbert_type3_max_pool,rf,0,32,auroc,0.5706152758118551
1285,,lab_thrombocytopenia,lab_thrombocytopenia,clinicalbert_type3_max_pool,rf,0,32,auprc,0.37806505957134684
1286,,lab_thrombocytopenia,lab_thrombocytopenia,clinicalbert_type3_max_pool,rf,0,32,brier,0.25096777485888744
1287,,lab_thrombocytopenia,lab_thrombocytopenia,clinicalbert_type3_max_pool,rf,1,32,auroc,0.5691963883912257
1288,,lab_thrombocytopenia,lab_thrombocytopenia,clinicalbert_type3_max_pool,rf,1,32,auprc,0.38759360031241413
1289,,lab_thrombocytopenia,lab_thrombocytopenia,clinicalbert_type3_max_pool,rf,1,32,brier,0.25317455358727675
1290,,lab_thrombocytopenia,lab_thrombocytopenia,clinicalbert_type3_max_pool,rf,2,32,auroc,0.6186331420099349
1291,,lab_thrombocytopenia,lab_thrombocytopenia,clinicalbert_type3_max_pool,rf,2,32,auprc,0.47111799525474785
1292,,lab_thrombocytopenia,lab_thrombocytopenia,clinicalbert_type3_max_pool,rf,2,32,brier,0.2402570962563259
1293,,lab_thrombocytopenia,lab_thrombocytopenia,clinicalbert_type3_max_pool,rf,3,32,auroc,0.4752040339302217
1294,,lab_thrombocytopenia,lab_thrombocytopenia,clinicalbert_type3_max_pool,rf,3,32,auprc,0.3252864703847855
1295,,lab_thrombocytopenia,lab_thrombocytopenia,clinicalbert_type3_max_pool,rf,3,32,brier,0.284096213923107
1296,,lab_thrombocytopenia,lab_thrombocytopenia,clinicalbert_type3_max_pool,rf,4,32,auroc,0.597703342440186
1297,,lab_thrombocytopenia,lab_thrombocytopenia,clinicalbert_type3_max_pool,rf,4,32,auprc,0.4187267833487015
1298,,lab_thrombocytopenia,lab_thrombocytopenia,clinicalbert_type3_max_pool,rf,4,32,brier,0.23703685789342896
1299,,lab_thrombocytopenia,lab_thrombocytopenia,clinicalbert_type3_max_pool,rf,0,48,auroc,0.6423028213809021
1300,,lab_thrombocytopenia,lab_thrombocytopenia,clinicalbert_type3_max_pool,rf,0,48,auprc,0.48060767260293846
1301,,lab_thrombocytopenia,lab_thrombocytopenia,clinicalbert_type3_max_pool,rf,0,48,brier,0.2332308940249291
1302,,lab_thrombocytopenia,lab_thrombocytopenia,clinicalbert_type3_max_pool,rf,1,48,auroc,0.6414406186783363
1303,,lab_thrombocytopenia,lab_thrombocytopenia,clinicalbert_type3_max_pool,rf,1,48,auprc,0.47748163122107895
1304,,lab_thrombocytopenia,lab_thrombocytopenia,clinicalbert_type3_max_pool,rf,1,48,brier,0.2439206170620796
1305,,lab_thrombocytopenia,lab_thrombocytopenia,clinicalbert_type3_max_pool,rf,2,48,auroc,0.6493726958792303
1306,,lab_thrombocytopenia,lab_thrombocytopenia,clinicalbert_type3_max_pool,rf,2,48,auprc,0.5142758785437501
1307,,lab_thrombocytopenia,lab_thrombocytopenia,clinicalbert_type3_max_pool,rf,2,48,brier,0.24158113595854283
1308,,lab_thrombocytopenia,lab_thrombocytopenia,clinicalbert_type3_max_pool,rf,3,48,auroc,0.559802716456236
1309,,lab_thrombocytopenia,lab_thrombocytopenia,clinicalbert_type3_max_pool,rf,3,48,auprc,0.39924347012754935
1310,,lab_thrombocytopenia,lab_thrombocytopenia,clinicalbert_type3_max_pool,rf,3,48,brier,0.25191433490716747
1311,,lab_thrombocytopenia,lab_thrombocytopenia,clinicalbert_type3_max_pool,rf,4,48,auroc,0.6125609041174783
1312,,lab_thrombocytopenia,lab_thrombocytopenia,clinicalbert_type3_max_pool,rf,4,48,auprc,0.4135979367621242
1313,,lab_thrombocytopenia,lab_thrombocytopenia,clinicalbert_type3_max_pool,rf,4,48,brier,0.24025225864966712
1314,,lab_thrombocytopenia,lab_thrombocytopenia,clinicalbert_type3_max_pool,rf,0,64,auroc,0.6239231712399051
1315,,lab_thrombocytopenia,lab_thrombocytopenia,clinicalbert_type3_max_pool,rf,0,64,auprc,0.4399661689266566
1316,,lab_thrombocytopenia,lab_thrombocytopenia,clinicalbert_type3_max_pool,rf,0,64,brier,0.23306423131711085
1317,,lab_thrombocytopenia,lab_thrombocytopenia,clinicalbert_type3_max_pool,rf,1,64,auroc,0.6257028893864413
1318,,lab_thrombocytopenia,lab_thrombocytopenia,clinicalbert_type3_max_pool,rf,1,64,auprc,0.44799493219523134
1319,,lab_thrombocytopenia,lab_thrombocytopenia,clinicalbert_type3_max_pool,rf,1,64,brier,0.25738506869253436
1320,,lab_thrombocytopenia,lab_thrombocytopenia,clinicalbert_type3_max_pool,rf,2,64,auroc,0.6440415037605789
1321,,lab_thrombocytopenia,lab_thrombocytopenia,clinicalbert_type3_max_pool,rf,2,64,auprc,0.5259446022981884
1322,,lab_thrombocytopenia,lab_thrombocytopenia,clinicalbert_type3_max_pool,rf,2,64,brier,0.2355199630509265
1323,,lab_thrombocytopenia,lab_thrombocytopenia,clinicalbert_type3_max_pool,rf,3,64,auroc,0.6331231418257417
1324,,lab_thrombocytopenia,lab_thrombocytopenia,clinicalbert_type3_max_pool,rf,3,64,auprc,0.4584529704551511
1325,,lab_thrombocytopenia,lab_thrombocytopenia,clinicalbert_type3_max_pool,rf,3,64,brier,0.2384621790573996
1326,,lab_thrombocytopenia,lab_thrombocytopenia,clinicalbert_type3_max_pool,rf,4,64,auroc,0.6168376214269924
1327,,lab_thrombocytopenia,lab_thrombocytopenia,clinicalbert_type3_max_pool,rf,4,64,auprc,0.4314823875564386
1328,,lab_thrombocytopenia,lab_thrombocytopenia,clinicalbert_type3_max_pool,rf,4,64,brier,0.2392665948777419
1329,,lab_thrombocytopenia,lab_thrombocytopenia,clinicalbert_type3_max_pool,rf,0,128,auroc,0.6147303756625275
1330,,lab_thrombocytopenia,lab_thrombocytopenia,clinicalbert_type3_max_pool,rf,0,128,auprc,0.43654709187113333
1331,,lab_thrombocytopenia,lab_thrombocytopenia,clinicalbert_type3_max_pool,rf,0,128,brier,0.2385441263519259
1332,,lab_thrombocytopenia,lab_thrombocytopenia,clinicalbert_type3_max_pool,rf,1,128,auroc,0.6624899197838409
1333,,lab_thrombocytopenia,lab_thrombocytopenia,clinicalbert_type3_max_pool,rf,1,128,auprc,0.5349710433517009
1334,,lab_thrombocytopenia,lab_thrombocytopenia,clinicalbert_type3_max_pool,rf,1,128,brier,0.22555899787023562
1335,,lab_thrombocytopenia,lab_thrombocytopenia,clinicalbert_type3_max_pool,rf,2,128,auroc,0.5413554290780985
1336,,lab_thrombocytopenia,lab_thrombocytopenia,clinicalbert_type3_max_pool,rf,2,128,auprc,0.36091706831129533
1337,,lab_thrombocytopenia,lab_thrombocytopenia,clinicalbert_type3_max_pool,rf,2,128,brier,0.2703159501579751
1338,,lab_thrombocytopenia,lab_thrombocytopenia,clinicalbert_type3_max_pool,rf,3,128,auroc,0.5618807164760614
1339,,lab_thrombocytopenia,lab_thrombocytopenia,clinicalbert_type3_max_pool,rf,3,128,auprc,0.39302537896127754
1340,,lab_thrombocytopenia,lab_thrombocytopenia,clinicalbert_type3_max_pool,rf,3,128,brier,0.2437212709239391
1341,,lab_thrombocytopenia,lab_thrombocytopenia,clinicalbert_type3_max_pool,rf,4,128,auroc,0.6158757151833307
1342,,lab_thrombocytopenia,lab_thrombocytopenia,clinicalbert_type3_max_pool,rf,4,128,auprc,0.43189514558416486
1343,,lab_thrombocytopenia,lab_thrombocytopenia,clinicalbert_type3_max_pool,rf,4,128,brier,0.23805448841647803
1344,,lab_thrombocytopenia,lab_thrombocytopenia,clinicalbert_type3_mean_pool,lr_lbfgs,0,-1,auroc,0.7515726040405268
1345,,lab_thrombocytopenia,lab_thrombocytopenia,clinicalbert_type3_mean_pool,lr_lbfgs,0,-1,auprc,0.6271909029963059
1346,,lab_thrombocytopenia,lab_thrombocytopenia,clinicalbert_type3_mean_pool,lr_lbfgs,0,-1,brier,0.18285270105963566
1347,,lab_thrombocytopenia,lab_thrombocytopenia,clinicalbert_type3_mean_pool,lr_lbfgs,0,1,auroc,0.5092936677964369
1348,,lab_thrombocytopenia,lab_thrombocytopenia,clinicalbert_type3_mean_pool,lr_lbfgs,0,1,auprc,0.32540323834579815
1349,,lab_thrombocytopenia,lab_thrombocytopenia,clinicalbert_type3_mean_pool,lr_lbfgs,0,1,brier,0.24999957235817988
1350,,lab_thrombocytopenia,lab_thrombocytopenia,clinicalbert_type3_mean_pool,lr_lbfgs,1,1,auroc,0.3869730420000652
1351,,lab_thrombocytopenia,lab_thrombocytopenia,clinicalbert_type3_mean_pool,lr_lbfgs,1,1,auprc,0.2773717774713542
1352,,lab_thrombocytopenia,lab_thrombocytopenia,clinicalbert_type3_mean_pool,lr_lbfgs,1,1,brier,0.2499953272451882
1353,,lab_thrombocytopenia,lab_thrombocytopenia,clinicalbert_type3_mean_pool,lr_lbfgs,2,1,auroc,0.5464406278297028
1354,,lab_thrombocytopenia,lab_thrombocytopenia,clinicalbert_type3_mean_pool,lr_lbfgs,2,1,auprc,0.3593207554994451
1355,,lab_thrombocytopenia,lab_thrombocytopenia,clinicalbert_type3_mean_pool,lr_lbfgs,2,1,brier,0.25000015467349007
1356,,lab_thrombocytopenia,lab_thrombocytopenia,clinicalbert_type3_mean_pool,lr_lbfgs,3,1,auroc,0.46321812611318247
1357,,lab_thrombocytopenia,lab_thrombocytopenia,clinicalbert_type3_mean_pool,lr_lbfgs,3,1,auprc,0.2976018980957145
1358,,lab_thrombocytopenia,lab_thrombocytopenia,clinicalbert_type3_mean_pool,lr_lbfgs,3,1,brier,0.2500019171013942
1359,,lab_thrombocytopenia,lab_thrombocytopenia,clinicalbert_type3_mean_pool,lr_lbfgs,4,1,auroc,0.6350535751827537
1360,,lab_thrombocytopenia,lab_thrombocytopenia,clinicalbert_type3_mean_pool,lr_lbfgs,4,1,auprc,0.4414472086750837
1361,,lab_thrombocytopenia,lab_thrombocytopenia,clinicalbert_type3_mean_pool,lr_lbfgs,4,1,brier,0.24999869805355798
1362,,lab_thrombocytopenia,lab_thrombocytopenia,clinicalbert_type3_mean_pool,lr_lbfgs,0,2,auroc,0.39113964442104876
1363,,lab_thrombocytopenia,lab_thrombocytopenia,clinicalbert_type3_mean_pool,lr_lbfgs,0,2,auprc,0.27093744364679084
1364,,lab_thrombocytopenia,lab_thrombocytopenia,clinicalbert_type3_mean_pool,lr_lbfgs,0,2,brier,0.25000011661841653
1365,,lab_thrombocytopenia,lab_thrombocytopenia,clinicalbert_type3_mean_pool,lr_lbfgs,1,2,auroc,0.5799968957553459
1366,,lab_thrombocytopenia,lab_thrombocytopenia,clinicalbert_type3_mean_pool,lr_lbfgs,1,2,auprc,0.3648442478254368
1367,,lab_thrombocytopenia,lab_thrombocytopenia,clinicalbert_type3_mean_pool,lr_lbfgs,1,2,brier,0.4852466038807676
1368,,lab_thrombocytopenia,lab_thrombocytopenia,clinicalbert_type3_mean_pool,lr_lbfgs,2,2,auroc,0.5282491664457101
1369,,lab_thrombocytopenia,lab_thrombocytopenia,clinicalbert_type3_mean_pool,lr_lbfgs,2,2,auprc,0.3499397774882479
1370,,lab_thrombocytopenia,lab_thrombocytopenia,clinicalbert_type3_mean_pool,lr_lbfgs,2,2,brier,0.25482785506675937
1371,,lab_thrombocytopenia,lab_thrombocytopenia,clinicalbert_type3_mean_pool,lr_lbfgs,3,2,auroc,0.38631511844641764
1372,,lab_thrombocytopenia,lab_thrombocytopenia,clinicalbert_type3_mean_pool,lr_lbfgs,3,2,auprc,0.26859896654359394
1373,,lab_thrombocytopenia,lab_thrombocytopenia,clinicalbert_type3_mean_pool,lr_lbfgs,3,2,brier,0.2500022253038418
1374,,lab_thrombocytopenia,lab_thrombocytopenia,clinicalbert_type3_mean_pool,lr_lbfgs,4,2,auroc,0.6336535579781847
1375,,lab_thrombocytopenia,lab_thrombocytopenia,clinicalbert_type3_mean_pool,lr_lbfgs,4,2,auprc,0.4314956923004388
1376,,lab_thrombocytopenia,lab_thrombocytopenia,clinicalbert_type3_mean_pool,lr_lbfgs,4,2,brier,0.2499975624417419
1377,,lab_thrombocytopenia,lab_thrombocytopenia,clinicalbert_type3_mean_pool,lr_lbfgs,0,4,auroc,0.5039110671916689
1378,,lab_thrombocytopenia,lab_thrombocytopenia,clinicalbert_type3_mean_pool,lr_lbfgs,0,4,auprc,0.3274136651566498
1379,,lab_thrombocytopenia,lab_thrombocytopenia,clinicalbert_type3_mean_pool,lr_lbfgs,0,4,brier,0.46858808957930753
1380,,lab_thrombocytopenia,lab_thrombocytopenia,clinicalbert_type3_mean_pool,lr_lbfgs,1,4,auroc,0.6703762598174621
1381,,lab_thrombocytopenia,lab_thrombocytopenia,clinicalbert_type3_mean_pool,lr_lbfgs,1,4,auprc,0.49664310673658796
1382,,lab_thrombocytopenia,lab_thrombocytopenia,clinicalbert_type3_mean_pool,lr_lbfgs,1,4,brier,0.24130681104635418
1383,,lab_thrombocytopenia,lab_thrombocytopenia,clinicalbert_type3_mean_pool,lr_lbfgs,2,4,auroc,0.3937890598389904
1384,,lab_thrombocytopenia,lab_thrombocytopenia,clinicalbert_type3_mean_pool,lr_lbfgs,2,4,auprc,0.28468630900452835
1385,,lab_thrombocytopenia,lab_thrombocytopenia,clinicalbert_type3_mean_pool,lr_lbfgs,2,4,brier,0.3212308004210413
1386,,lab_thrombocytopenia,lab_thrombocytopenia,clinicalbert_type3_mean_pool,lr_lbfgs,3,4,auroc,0.3825685363571437
1387,,lab_thrombocytopenia,lab_thrombocytopenia,clinicalbert_type3_mean_pool,lr_lbfgs,3,4,auprc,0.26783531841415814
1388,,lab_thrombocytopenia,lab_thrombocytopenia,clinicalbert_type3_mean_pool,lr_lbfgs,3,4,brier,0.25000200613920287
1389,,lab_thrombocytopenia,lab_thrombocytopenia,clinicalbert_type3_mean_pool,lr_lbfgs,4,4,auroc,0.6379168544540418
1390,,lab_thrombocytopenia,lab_thrombocytopenia,clinicalbert_type3_mean_pool,lr_lbfgs,4,4,auprc,0.4385342226793557
1391,,lab_thrombocytopenia,lab_thrombocytopenia,clinicalbert_type3_mean_pool,lr_lbfgs,4,4,brier,0.2499958449765977
1392,,lab_thrombocytopenia,lab_thrombocytopenia,clinicalbert_type3_mean_pool,lr_lbfgs,0,8,auroc,0.5676322035376509
1393,,lab_thrombocytopenia,lab_thrombocytopenia,clinicalbert_type3_mean_pool,lr_lbfgs,0,8,auprc,0.3873713728129952
1394,,lab_thrombocytopenia,lab_thrombocytopenia,clinicalbert_type3_mean_pool,lr_lbfgs,0,8,brier,0.43883940667955224
1395,,lab_thrombocytopenia,lab_thrombocytopenia,clinicalbert_type3_mean_pool,lr_lbfgs,1,8,auroc,0.6465454131534145
1396,,lab_thrombocytopenia,lab_thrombocytopenia,clinicalbert_type3_mean_pool,lr_lbfgs,1,8,auprc,0.4526561117630076
1397,,lab_thrombocytopenia,lab_thrombocytopenia,clinicalbert_type3_mean_pool,lr_lbfgs,1,8,brier,0.24249907375636487
1398,,lab_thrombocytopenia,lab_thrombocytopenia,clinicalbert_type3_mean_pool,lr_lbfgs,2,8,auroc,0.5870267556753717
1399,,lab_thrombocytopenia,lab_thrombocytopenia,clinicalbert_type3_mean_pool,lr_lbfgs,2,8,auprc,0.4065444730532922
1400,,lab_thrombocytopenia,lab_thrombocytopenia,clinicalbert_type3_mean_pool,lr_lbfgs,2,8,brier,0.41460122922747467
1401,,lab_thrombocytopenia,lab_thrombocytopenia,clinicalbert_type3_mean_pool,lr_lbfgs,3,8,auroc,0.49084941729541154
1402,,lab_thrombocytopenia,lab_thrombocytopenia,clinicalbert_type3_mean_pool,lr_lbfgs,3,8,auprc,0.31865042688726486
1403,,lab_thrombocytopenia,lab_thrombocytopenia,clinicalbert_type3_mean_pool,lr_lbfgs,3,8,brier,0.5453813781929399
1404,,lab_thrombocytopenia,lab_thrombocytopenia,clinicalbert_type3_mean_pool,lr_lbfgs,4,8,auroc,0.6145489959997882
1405,,lab_thrombocytopenia,lab_thrombocytopenia,clinicalbert_type3_mean_pool,lr_lbfgs,4,8,auprc,0.4171668303190879
1406,,lab_thrombocytopenia,lab_thrombocytopenia,clinicalbert_type3_mean_pool,lr_lbfgs,4,8,brier,0.4134619578197909
1407,,lab_thrombocytopenia,lab_thrombocytopenia,clinicalbert_type3_mean_pool,lr_lbfgs,0,12,auroc,0.5921259013061826
1408,,lab_thrombocytopenia,lab_thrombocytopenia,clinicalbert_type3_mean_pool,lr_lbfgs,0,12,auprc,0.40669841620935526
1409,,lab_thrombocytopenia,lab_thrombocytopenia,clinicalbert_type3_mean_pool,lr_lbfgs,0,12,brier,0.24923233418471732
1410,,lab_thrombocytopenia,lab_thrombocytopenia,clinicalbert_type3_mean_pool,lr_lbfgs,1,12,auroc,0.6538646114700543
1411,,lab_thrombocytopenia,lab_thrombocytopenia,clinicalbert_type3_mean_pool,lr_lbfgs,1,12,auprc,0.47193028163820133
1412,,lab_thrombocytopenia,lab_thrombocytopenia,clinicalbert_type3_mean_pool,lr_lbfgs,1,12,brier,0.22723398801081693
1413,,lab_thrombocytopenia,lab_thrombocytopenia,clinicalbert_type3_mean_pool,lr_lbfgs,2,12,auroc,0.5743547798142801
1414,,lab_thrombocytopenia,lab_thrombocytopenia,clinicalbert_type3_mean_pool,lr_lbfgs,2,12,auprc,0.3965677435507191
1415,,lab_thrombocytopenia,lab_thrombocytopenia,clinicalbert_type3_mean_pool,lr_lbfgs,2,12,brier,0.4466629629835011
1416,,lab_thrombocytopenia,lab_thrombocytopenia,clinicalbert_type3_mean_pool,lr_lbfgs,3,12,auroc,0.4328322981943854
1417,,lab_thrombocytopenia,lab_thrombocytopenia,clinicalbert_type3_mean_pool,lr_lbfgs,3,12,auprc,0.29630412129013783
1418,,lab_thrombocytopenia,lab_thrombocytopenia,clinicalbert_type3_mean_pool,lr_lbfgs,3,12,brier,0.550246986957106
1419,,lab_thrombocytopenia,lab_thrombocytopenia,clinicalbert_type3_mean_pool,lr_lbfgs,4,12,auroc,0.6416617523547601
1420,,lab_thrombocytopenia,lab_thrombocytopenia,clinicalbert_type3_mean_pool,lr_lbfgs,4,12,auprc,0.44040265581356686
1421,,lab_thrombocytopenia,lab_thrombocytopenia,clinicalbert_type3_mean_pool,lr_lbfgs,4,12,brier,0.24999688656019384
1422,,lab_thrombocytopenia,lab_thrombocytopenia,clinicalbert_type3_mean_pool,lr_lbfgs,0,16,auroc,0.49185619473283104
1423,,lab_thrombocytopenia,lab_thrombocytopenia,clinicalbert_type3_mean_pool,lr_lbfgs,0,16,auprc,0.3160825588524097
1424,,lab_thrombocytopenia,lab_thrombocytopenia,clinicalbert_type3_mean_pool,lr_lbfgs,0,16,brier,0.24900750211013326
1425,,lab_thrombocytopenia,lab_thrombocytopenia,clinicalbert_type3_mean_pool,lr_lbfgs,1,16,auroc,0.6519285798365713
1426,,lab_thrombocytopenia,lab_thrombocytopenia,clinicalbert_type3_mean_pool,lr_lbfgs,1,16,auprc,0.475052977874562
1427,,lab_thrombocytopenia,lab_thrombocytopenia,clinicalbert_type3_mean_pool,lr_lbfgs,1,16,brier,0.24559271724150844
1428,,lab_thrombocytopenia,lab_thrombocytopenia,clinicalbert_type3_mean_pool,lr_lbfgs,2,16,auroc,0.6112441306362443
1429,,lab_thrombocytopenia,lab_thrombocytopenia,clinicalbert_type3_mean_pool,lr_lbfgs,2,16,auprc,0.4235853019079346
1430,,lab_thrombocytopenia,lab_thrombocytopenia,clinicalbert_type3_mean_pool,lr_lbfgs,2,16,brier,0.408131765325746
1431,,lab_thrombocytopenia,lab_thrombocytopenia,clinicalbert_type3_mean_pool,lr_lbfgs,3,16,auroc,0.5025153363101836
1432,,lab_thrombocytopenia,lab_thrombocytopenia,clinicalbert_type3_mean_pool,lr_lbfgs,3,16,auprc,0.32909804951830074
1433,,lab_thrombocytopenia,lab_thrombocytopenia,clinicalbert_type3_mean_pool,lr_lbfgs,3,16,brier,0.4934234744043999
1434,,lab_thrombocytopenia,lab_thrombocytopenia,clinicalbert_type3_mean_pool,lr_lbfgs,4,16,auroc,0.6603514160978341
1435,,lab_thrombocytopenia,lab_thrombocytopenia,clinicalbert_type3_mean_pool,lr_lbfgs,4,16,auprc,0.4787637893938627
1436,,lab_thrombocytopenia,lab_thrombocytopenia,clinicalbert_type3_mean_pool,lr_lbfgs,4,16,brier,0.4299422310447264
1437,,lab_thrombocytopenia,lab_thrombocytopenia,clinicalbert_type3_mean_pool,lr_lbfgs,0,24,auroc,0.5981637271107907
1438,,lab_thrombocytopenia,lab_thrombocytopenia,clinicalbert_type3_mean_pool,lr_lbfgs,0,24,auprc,0.4197525759668884
1439,,lab_thrombocytopenia,lab_thrombocytopenia,clinicalbert_type3_mean_pool,lr_lbfgs,0,24,brier,0.3851676960882407
1440,,lab_thrombocytopenia,lab_thrombocytopenia,clinicalbert_type3_mean_pool,lr_lbfgs,1,24,auroc,0.6394032245991002
1441,,lab_thrombocytopenia,lab_thrombocytopenia,clinicalbert_type3_mean_pool,lr_lbfgs,1,24,auprc,0.44588249332579244
1442,,lab_thrombocytopenia,lab_thrombocytopenia,clinicalbert_type3_mean_pool,lr_lbfgs,1,24,brier,0.24309606582754695
1443,,lab_thrombocytopenia,lab_thrombocytopenia,clinicalbert_type3_mean_pool,lr_lbfgs,2,24,auroc,0.5936013951610104
1444,,lab_thrombocytopenia,lab_thrombocytopenia,clinicalbert_type3_mean_pool,lr_lbfgs,2,24,auprc,0.40990093962408897
1445,,lab_thrombocytopenia,lab_thrombocytopenia,clinicalbert_type3_mean_pool,lr_lbfgs,2,24,brier,0.30411091994319883
1446,,lab_thrombocytopenia,lab_thrombocytopenia,clinicalbert_type3_mean_pool,lr_lbfgs,3,24,auroc,0.530354407758908
1447,,lab_thrombocytopenia,lab_thrombocytopenia,clinicalbert_type3_mean_pool,lr_lbfgs,3,24,auprc,0.3508855611584338
1448,,lab_thrombocytopenia,lab_thrombocytopenia,clinicalbert_type3_mean_pool,lr_lbfgs,3,24,brier,0.4522471147233128
1449,,lab_thrombocytopenia,lab_thrombocytopenia,clinicalbert_type3_mean_pool,lr_lbfgs,4,24,auroc,0.6608238583785818
1450,,lab_thrombocytopenia,lab_thrombocytopenia,clinicalbert_type3_mean_pool,lr_lbfgs,4,24,auprc,0.47161241614335025
1451,,lab_thrombocytopenia,lab_thrombocytopenia,clinicalbert_type3_mean_pool,lr_lbfgs,4,24,brier,0.24043528677226814
1452,,lab_thrombocytopenia,lab_thrombocytopenia,clinicalbert_type3_mean_pool,lr_lbfgs,0,32,auroc,0.6239152931986087
1453,,lab_thrombocytopenia,lab_thrombocytopenia,clinicalbert_type3_mean_pool,lr_lbfgs,0,32,auprc,0.443661878780253
1454,,lab_thrombocytopenia,lab_thrombocytopenia,clinicalbert_type3_mean_pool,lr_lbfgs,0,32,brier,0.26240776040781116
1455,,lab_thrombocytopenia,lab_thrombocytopenia,clinicalbert_type3_mean_pool,lr_lbfgs,1,32,auroc,0.6620041739586306
1456,,lab_thrombocytopenia,lab_thrombocytopenia,clinicalbert_type3_mean_pool,lr_lbfgs,1,32,auprc,0.48784679102522566
1457,,lab_thrombocytopenia,lab_thrombocytopenia,clinicalbert_type3_mean_pool,lr_lbfgs,1,32,brier,0.24117139365984078
1458,,lab_thrombocytopenia,lab_thrombocytopenia,clinicalbert_type3_mean_pool,lr_lbfgs,2,32,auroc,0.6365663543595341
1459,,lab_thrombocytopenia,lab_thrombocytopenia,clinicalbert_type3_mean_pool,lr_lbfgs,2,32,auprc,0.5110229213829387
1460,,lab_thrombocytopenia,lab_thrombocytopenia,clinicalbert_type3_mean_pool,lr_lbfgs,2,32,brier,0.25000305880236867
1461,,lab_thrombocytopenia,lab_thrombocytopenia,clinicalbert_type3_mean_pool,lr_lbfgs,3,32,auroc,0.5812314698787084
1462,,lab_thrombocytopenia,lab_thrombocytopenia,clinicalbert_type3_mean_pool,lr_lbfgs,3,32,auprc,0.37655977874171653
1463,,lab_thrombocytopenia,lab_thrombocytopenia,clinicalbert_type3_mean_pool,lr_lbfgs,3,32,brier,0.3923518911717263
1464,,lab_thrombocytopenia,lab_thrombocytopenia,clinicalbert_type3_mean_pool,lr_lbfgs,4,32,auroc,0.6709585128776309
1465,,lab_thrombocytopenia,lab_thrombocytopenia,clinicalbert_type3_mean_pool,lr_lbfgs,4,32,auprc,0.5119462139923996
1466,,lab_thrombocytopenia,lab_thrombocytopenia,clinicalbert_type3_mean_pool,lr_lbfgs,4,32,brier,0.2185877499362356
1467,,lab_thrombocytopenia,lab_thrombocytopenia,clinicalbert_type3_mean_pool,lr_lbfgs,0,48,auroc,0.6481958743934535
1468,,lab_thrombocytopenia,lab_thrombocytopenia,clinicalbert_type3_mean_pool,lr_lbfgs,0,48,auprc,0.48492967953186716
1469,,lab_thrombocytopenia,lab_thrombocytopenia,clinicalbert_type3_mean_pool,lr_lbfgs,0,48,brier,0.266768421697842
1470,,lab_thrombocytopenia,lab_thrombocytopenia,clinicalbert_type3_mean_pool,lr_lbfgs,1,48,auroc,0.684762033786039
1471,,lab_thrombocytopenia,lab_thrombocytopenia,clinicalbert_type3_mean_pool,lr_lbfgs,1,48,auprc,0.552500129210679
1472,,lab_thrombocytopenia,lab_thrombocytopenia,clinicalbert_type3_mean_pool,lr_lbfgs,1,48,brier,0.22756008191778088
1473,,lab_thrombocytopenia,lab_thrombocytopenia,clinicalbert_type3_mean_pool,lr_lbfgs,2,48,auroc,0.6435390354459984
1474,,lab_thrombocytopenia,lab_thrombocytopenia,clinicalbert_type3_mean_pool,lr_lbfgs,2,48,auprc,0.5265304403927353
1475,,lab_thrombocytopenia,lab_thrombocytopenia,clinicalbert_type3_mean_pool,lr_lbfgs,2,48,brier,0.2478923219796209
1476,,lab_thrombocytopenia,lab_thrombocytopenia,clinicalbert_type3_mean_pool,lr_lbfgs,3,48,auroc,0.6384486956350834
1477,,lab_thrombocytopenia,lab_thrombocytopenia,clinicalbert_type3_mean_pool,lr_lbfgs,3,48,auprc,0.42698660809562944
1478,,lab_thrombocytopenia,lab_thrombocytopenia,clinicalbert_type3_mean_pool,lr_lbfgs,3,48,brier,0.25948336722207876
1479,,lab_thrombocytopenia,lab_thrombocytopenia,clinicalbert_type3_mean_pool,lr_lbfgs,4,48,auroc,0.6549499958448021
1480,,lab_thrombocytopenia,lab_thrombocytopenia,clinicalbert_type3_mean_pool,lr_lbfgs,4,48,auprc,0.4669947320452423
1481,,lab_thrombocytopenia,lab_thrombocytopenia,clinicalbert_type3_mean_pool,lr_lbfgs,4,48,brier,0.22891826279717278
1482,,lab_thrombocytopenia,lab_thrombocytopenia,clinicalbert_type3_mean_pool,lr_lbfgs,0,64,auroc,0.6597740175461292
1483,,lab_thrombocytopenia,lab_thrombocytopenia,clinicalbert_type3_mean_pool,lr_lbfgs,0,64,auprc,0.5032497504751231
1484,,lab_thrombocytopenia,lab_thrombocytopenia,clinicalbert_type3_mean_pool,lr_lbfgs,0,64,brier,0.23289935695278213
1485,,lab_thrombocytopenia,lab_thrombocytopenia,clinicalbert_type3_mean_pool,lr_lbfgs,1,64,auroc,0.6794759727234327
1486,,lab_thrombocytopenia,lab_thrombocytopenia,clinicalbert_type3_mean_pool,lr_lbfgs,1,64,auprc,0.5245670342908306
1487,,lab_thrombocytopenia,lab_thrombocytopenia,clinicalbert_type3_mean_pool,lr_lbfgs,1,64,brier,0.24629622878671784
1488,,lab_thrombocytopenia,lab_thrombocytopenia,clinicalbert_type3_mean_pool,lr_lbfgs,2,64,auroc,0.677243262637208
1489,,lab_thrombocytopenia,lab_thrombocytopenia,clinicalbert_type3_mean_pool,lr_lbfgs,2,64,auprc,0.5539370314227773
1490,,lab_thrombocytopenia,lab_thrombocytopenia,clinicalbert_type3_mean_pool,lr_lbfgs,2,64,brier,0.23126891655259244
1491,,lab_thrombocytopenia,lab_thrombocytopenia,clinicalbert_type3_mean_pool,lr_lbfgs,3,64,auroc,0.6660819891615879
1492,,lab_thrombocytopenia,lab_thrombocytopenia,clinicalbert_type3_mean_pool,lr_lbfgs,3,64,auprc,0.47155420258516345
1493,,lab_thrombocytopenia,lab_thrombocytopenia,clinicalbert_type3_mean_pool,lr_lbfgs,3,64,brier,0.2471847038807297
1494,,lab_thrombocytopenia,lab_thrombocytopenia,clinicalbert_type3_mean_pool,lr_lbfgs,4,64,auroc,0.6683042640211405
1495,,lab_thrombocytopenia,lab_thrombocytopenia,clinicalbert_type3_mean_pool,lr_lbfgs,4,64,auprc,0.48933146695861157
1496,,lab_thrombocytopenia,lab_thrombocytopenia,clinicalbert_type3_mean_pool,lr_lbfgs,4,64,brier,0.22813374915264975
1497,,lab_thrombocytopenia,lab_thrombocytopenia,clinicalbert_type3_mean_pool,lr_lbfgs,0,128,auroc,0.6757728143247421
1498,,lab_thrombocytopenia,lab_thrombocytopenia,clinicalbert_type3_mean_pool,lr_lbfgs,0,128,auprc,0.5106093526822152
1499,,lab_thrombocytopenia,lab_thrombocytopenia,clinicalbert_type3_mean_pool,lr_lbfgs,0,128,brier,0.23707834771602604
1500,,lab_thrombocytopenia,lab_thrombocytopenia,clinicalbert_type3_mean_pool,lr_lbfgs,1,128,auroc,0.6735244815987209
1501,,lab_thrombocytopenia,lab_thrombocytopenia,clinicalbert_type3_mean_pool,lr_lbfgs,1,128,auprc,0.5471483564942823
1502,,lab_thrombocytopenia,lab_thrombocytopenia,clinicalbert_type3_mean_pool,lr_lbfgs,1,128,brier,0.23093036243786386
1503,,lab_thrombocytopenia,lab_thrombocytopenia,clinicalbert_type3_mean_pool,lr_lbfgs,2,128,auroc,0.6889986936750897
1504,,lab_thrombocytopenia,lab_thrombocytopenia,clinicalbert_type3_mean_pool,lr_lbfgs,2,128,auprc,0.5264776664116857
1505,,lab_thrombocytopenia,lab_thrombocytopenia,clinicalbert_type3_mean_pool,lr_lbfgs,2,128,brier,0.23313973388990986
1506,,lab_thrombocytopenia,lab_thrombocytopenia,clinicalbert_type3_mean_pool,lr_lbfgs,3,128,auroc,0.6644484007096477
1507,,lab_thrombocytopenia,lab_thrombocytopenia,clinicalbert_type3_mean_pool,lr_lbfgs,3,128,auprc,0.49336320238407266
1508,,lab_thrombocytopenia,lab_thrombocytopenia,clinicalbert_type3_mean_pool,lr_lbfgs,3,128,brier,0.23098642624487314
1509,,lab_thrombocytopenia,lab_thrombocytopenia,clinicalbert_type3_mean_pool,lr_lbfgs,4,128,auroc,0.6867946611481244
1510,,lab_thrombocytopenia,lab_thrombocytopenia,clinicalbert_type3_mean_pool,lr_lbfgs,4,128,auprc,0.540074948028082
1511,,lab_thrombocytopenia,lab_thrombocytopenia,clinicalbert_type3_mean_pool,lr_lbfgs,4,128,brier,0.2378135763193906
1512,,lab_thrombocytopenia,lab_thrombocytopenia,clinicalbert_type3_mean_pool,knn,0,-1,auroc,0.6048230606322615
1513,,lab_thrombocytopenia,lab_thrombocytopenia,clinicalbert_type3_mean_pool,knn,0,-1,auprc,0.4368424560309879
1514,,lab_thrombocytopenia,lab_thrombocytopenia,clinicalbert_type3_mean_pool,knn,0,-1,brier,0.30197025098512553
1515,,lab_thrombocytopenia,lab_thrombocytopenia,clinicalbert_type3_mean_pool,knn,0,1,auroc,0.5155916578907309
1516,,lab_thrombocytopenia,lab_thrombocytopenia,clinicalbert_type3_mean_pool,knn,0,1,auprc,0.3469326149333847
1517,,lab_thrombocytopenia,lab_thrombocytopenia,clinicalbert_type3_mean_pool,knn,0,1,brier,0.5058397529198765
1518,,lab_thrombocytopenia,lab_thrombocytopenia,clinicalbert_type3_mean_pool,knn,1,1,auroc,0.49452708320369193
1519,,lab_thrombocytopenia,lab_thrombocytopenia,clinicalbert_type3_mean_pool,knn,1,1,auprc,0.3389654316427927
1520,,lab_thrombocytopenia,lab_thrombocytopenia,clinicalbert_type3_mean_pool,knn,1,1,brier,0.34786467393233694
1521,,lab_thrombocytopenia,lab_thrombocytopenia,clinicalbert_type3_mean_pool,knn,2,1,auroc,0.539392871123699
1522,,lab_thrombocytopenia,lab_thrombocytopenia,clinicalbert_type3_mean_pool,knn,2,1,auprc,0.3595393475097879
1523,,lab_thrombocytopenia,lab_thrombocytopenia,clinicalbert_type3_mean_pool,knn,2,1,brier,0.4391884695942348
1524,,lab_thrombocytopenia,lab_thrombocytopenia,clinicalbert_type3_mean_pool,knn,3,1,auroc,0.532764829937965
1525,,lab_thrombocytopenia,lab_thrombocytopenia,clinicalbert_type3_mean_pool,knn,3,1,auprc,0.3551756486200787
1526,,lab_thrombocytopenia,lab_thrombocytopenia,clinicalbert_type3_mean_pool,knn,3,1,brier,0.5666157833078916
1527,,lab_thrombocytopenia,lab_thrombocytopenia,clinicalbert_type3_mean_pool,knn,4,1,auroc,0.6063392341723819
1528,,lab_thrombocytopenia,lab_thrombocytopenia,clinicalbert_type3_mean_pool,knn,4,1,auprc,0.40344991386533746
1529,,lab_thrombocytopenia,lab_thrombocytopenia,clinicalbert_type3_mean_pool,knn,4,1,brier,0.3779864389932195
1530,,lab_thrombocytopenia,lab_thrombocytopenia,clinicalbert_type3_mean_pool,knn,0,2,auroc,0.4761880298729876
1531,,lab_thrombocytopenia,lab_thrombocytopenia,clinicalbert_type3_mean_pool,knn,0,2,auprc,0.32946660475116135
1532,,lab_thrombocytopenia,lab_thrombocytopenia,clinicalbert_type3_mean_pool,knn,0,2,brier,0.30839654308716047
1533,,lab_thrombocytopenia,lab_thrombocytopenia,clinicalbert_type3_mean_pool,knn,1,2,auroc,0.6552847083038167
1534,,lab_thrombocytopenia,lab_thrombocytopenia,clinicalbert_type3_mean_pool,knn,1,2,auprc,0.5085242340017297
1535,,lab_thrombocytopenia,lab_thrombocytopenia,clinicalbert_type3_mean_pool,knn,1,2,brier,0.2117072401603276
1536,,lab_thrombocytopenia,lab_thrombocytopenia,clinicalbert_type3_mean_pool,knn,2,2,auroc,0.5298525483648772
1537,,lab_thrombocytopenia,lab_thrombocytopenia,clinicalbert_type3_mean_pool,knn,2,2,auprc,0.3542075522597168
1538,,lab_thrombocytopenia,lab_thrombocytopenia,clinicalbert_type3_mean_pool,knn,2,2,brier,0.46219248109624056
1539,,lab_thrombocytopenia,lab_thrombocytopenia,clinicalbert_type3_mean_pool,knn,3,2,auroc,0.40996775857695605
1540,,lab_thrombocytopenia,lab_thrombocytopenia,clinicalbert_type3_mean_pool,knn,3,2,auprc,0.3091242176070872
1541,,lab_thrombocytopenia,lab_thrombocytopenia,clinicalbert_type3_mean_pool,knn,3,2,brier,0.3034738739591593
1542,,lab_thrombocytopenia,lab_thrombocytopenia,clinicalbert_type3_mean_pool,knn,4,2,auroc,0.6019589912391531
1543,,lab_thrombocytopenia,lab_thrombocytopenia,clinicalbert_type3_mean_pool,knn,4,2,auprc,0.40055730254071964
1544,,lab_thrombocytopenia,lab_thrombocytopenia,clinicalbert_type3_mean_pool,knn,4,2,brier,0.3786609393304697
1545,,lab_thrombocytopenia,lab_thrombocytopenia,clinicalbert_type3_mean_pool,knn,0,4,auroc,0.4539507725338491
1546,,lab_thrombocytopenia,lab_thrombocytopenia,clinicalbert_type3_mean_pool,knn,0,4,auprc,0.3212807886037571
1547,,lab_thrombocytopenia,lab_thrombocytopenia,clinicalbert_type3_mean_pool,knn,0,4,brier,0.5595157797578899
1548,,lab_thrombocytopenia,lab_thrombocytopenia,clinicalbert_type3_mean_pool,knn,1,4,auroc,0.6525086121276771
1549,,lab_thrombocytopenia,lab_thrombocytopenia,clinicalbert_type3_mean_pool,knn,1,4,auprc,0.4973640806709455
1550,,lab_thrombocytopenia,lab_thrombocytopenia,clinicalbert_type3_mean_pool,knn,1,4,brier,0.24264313064258136
1551,,lab_thrombocytopenia,lab_thrombocytopenia,clinicalbert_type3_mean_pool,knn,2,4,auroc,0.5349022288580844
1552,,lab_thrombocytopenia,lab_thrombocytopenia,clinicalbert_type3_mean_pool,knn,2,4,auprc,0.35675007787928203
1553,,lab_thrombocytopenia,lab_thrombocytopenia,clinicalbert_type3_mean_pool,knn,2,4,brier,0.4723454861727431
1554,,lab_thrombocytopenia,lab_thrombocytopenia,clinicalbert_type3_mean_pool,knn,3,4,auroc,0.47129114980953146
1555,,lab_thrombocytopenia,lab_thrombocytopenia,clinicalbert_type3_mean_pool,knn,3,4,auprc,0.33803953402338627
1556,,lab_thrombocytopenia,lab_thrombocytopenia,clinicalbert_type3_mean_pool,knn,3,4,brier,0.33314448571420546
1557,,lab_thrombocytopenia,lab_thrombocytopenia,clinicalbert_type3_mean_pool,knn,4,4,auroc,0.6369683430578086
1558,,lab_thrombocytopenia,lab_thrombocytopenia,clinicalbert_type3_mean_pool,knn,4,4,auprc,0.440915706845548
1559,,lab_thrombocytopenia,lab_thrombocytopenia,clinicalbert_type3_mean_pool,knn,4,4,brier,0.2571835158214381
1560,,lab_thrombocytopenia,lab_thrombocytopenia,clinicalbert_type3_mean_pool,knn,0,8,auroc,0.46105882290921263
1561,,lab_thrombocytopenia,lab_thrombocytopenia,clinicalbert_type3_mean_pool,knn,0,8,auprc,0.3237792315123209
1562,,lab_thrombocytopenia,lab_thrombocytopenia,clinicalbert_type3_mean_pool,knn,0,8,brier,0.5585395292697647
1563,,lab_thrombocytopenia,lab_thrombocytopenia,clinicalbert_type3_mean_pool,knn,1,8,auroc,0.6325945313650319
1564,,lab_thrombocytopenia,lab_thrombocytopenia,clinicalbert_type3_mean_pool,knn,1,8,auprc,0.4371143822299234
1565,,lab_thrombocytopenia,lab_thrombocytopenia,clinicalbert_type3_mean_pool,knn,1,8,brier,0.30004023335345004
1566,,lab_thrombocytopenia,lab_thrombocytopenia,clinicalbert_type3_mean_pool,knn,2,8,auroc,0.5613394029634726
1567,,lab_thrombocytopenia,lab_thrombocytopenia,clinicalbert_type3_mean_pool,knn,2,8,auprc,0.372147301767656
1568,,lab_thrombocytopenia,lab_thrombocytopenia,clinicalbert_type3_mean_pool,knn,2,8,brier,0.42907096453548227
1569,,lab_thrombocytopenia,lab_thrombocytopenia,clinicalbert_type3_mean_pool,knn,3,8,auroc,0.49912744283877036
1570,,lab_thrombocytopenia,lab_thrombocytopenia,clinicalbert_type3_mean_pool,knn,3,8,auprc,0.3392912488439797
1571,,lab_thrombocytopenia,lab_thrombocytopenia,clinicalbert_type3_mean_pool,knn,3,8,brier,0.532056516028258
1572,,lab_thrombocytopenia,lab_thrombocytopenia,clinicalbert_type3_mean_pool,knn,4,8,auroc,0.6137692272334829
1573,,lab_thrombocytopenia,lab_thrombocytopenia,clinicalbert_type3_mean_pool,knn,4,8,auprc,0.42778137380692427
1574,,lab_thrombocytopenia,lab_thrombocytopenia,clinicalbert_type3_mean_pool,knn,4,8,brier,0.2781032642342059
1575,,lab_thrombocytopenia,lab_thrombocytopenia,clinicalbert_type3_mean_pool,knn,0,12,auroc,0.5075371946826889
1576,,lab_thrombocytopenia,lab_thrombocytopenia,clinicalbert_type3_mean_pool,knn,0,12,auprc,0.3431291521088283
1577,,lab_thrombocytopenia,lab_thrombocytopenia,clinicalbert_type3_mean_pool,knn,0,12,brier,0.4962369981184991
1578,,lab_thrombocytopenia,lab_thrombocytopenia,clinicalbert_type3_mean_pool,knn,1,12,auroc,0.6122368649751776
1579,,lab_thrombocytopenia,lab_thrombocytopenia,clinicalbert_type3_mean_pool,knn,1,12,auprc,0.4185508104936512
1580,,lab_thrombocytopenia,lab_thrombocytopenia,clinicalbert_type3_mean_pool,knn,1,12,brier,0.24573254286627147
1581,,lab_thrombocytopenia,lab_thrombocytopenia,clinicalbert_type3_mean_pool,knn,2,12,auroc,0.5936627978102408
1582,,lab_thrombocytopenia,lab_thrombocytopenia,clinicalbert_type3_mean_pool,knn,2,12,auprc,0.44373497730566247
1583,,lab_thrombocytopenia,lab_thrombocytopenia,clinicalbert_type3_mean_pool,knn,2,12,brier,0.2703236021171577
1584,,lab_thrombocytopenia,lab_thrombocytopenia,clinicalbert_type3_mean_pool,knn,3,12,auroc,0.4838206502016545
1585,,lab_thrombocytopenia,lab_thrombocytopenia,clinicalbert_type3_mean_pool,knn,3,12,auprc,0.332751680902908
1586,,lab_thrombocytopenia,lab_thrombocytopenia,clinicalbert_type3_mean_pool,knn,3,12,brier,0.5059107529553765
1587,,lab_thrombocytopenia,lab_thrombocytopenia,clinicalbert_type3_mean_pool,knn,4,12,auroc,0.5870017899328415
1588,,lab_thrombocytopenia,lab_thrombocytopenia,clinicalbert_type3_mean_pool,knn,4,12,auprc,0.38818968776245955
1589,,lab_thrombocytopenia,lab_thrombocytopenia,clinicalbert_type3_mean_pool,knn,4,12,brier,0.4133089566544783
1590,,lab_thrombocytopenia,lab_thrombocytopenia,clinicalbert_type3_mean_pool,knn,0,16,auroc,0.5203631838983168
1591,,lab_thrombocytopenia,lab_thrombocytopenia,clinicalbert_type3_mean_pool,knn,0,16,auprc,0.3472305040697179
1592,,lab_thrombocytopenia,lab_thrombocytopenia,clinicalbert_type3_mean_pool,knn,0,16,brier,0.3687485454853838
1593,,lab_thrombocytopenia,lab_thrombocytopenia,clinicalbert_type3_mean_pool,knn,1,16,auroc,0.622968601540719
1594,,lab_thrombocytopenia,lab_thrombocytopenia,clinicalbert_type3_mean_pool,knn,1,16,auprc,0.45160823940360867
1595,,lab_thrombocytopenia,lab_thrombocytopenia,clinicalbert_type3_mean_pool,knn,1,16,brier,0.2753735168963357
1596,,lab_thrombocytopenia,lab_thrombocytopenia,clinicalbert_type3_mean_pool,knn,2,16,auroc,0.6028895686258915
1597,,lab_thrombocytopenia,lab_thrombocytopenia,clinicalbert_type3_mean_pool,knn,2,16,auprc,0.44333136010242913
1598,,lab_thrombocytopenia,lab_thrombocytopenia,clinicalbert_type3_mean_pool,knn,2,16,brier,0.27743505479438685
1599,,lab_thrombocytopenia,lab_thrombocytopenia,clinicalbert_type3_mean_pool,knn,3,16,auroc,0.4996446853778948
1600,,lab_thrombocytopenia,lab_thrombocytopenia,clinicalbert_type3_mean_pool,knn,3,16,auprc,0.3395226810978493
1601,,lab_thrombocytopenia,lab_thrombocytopenia,clinicalbert_type3_mean_pool,knn,3,16,brier,0.4956689978344989
1602,,lab_thrombocytopenia,lab_thrombocytopenia,clinicalbert_type3_mean_pool,knn,4,16,auroc,0.657692587344108
1603,,lab_thrombocytopenia,lab_thrombocytopenia,clinicalbert_type3_mean_pool,knn,4,16,auprc,0.4699528672163574
1604,,lab_thrombocytopenia,lab_thrombocytopenia,clinicalbert_type3_mean_pool,knn,4,16,brier,0.2539557167714869
1605,,lab_thrombocytopenia,lab_thrombocytopenia,clinicalbert_type3_mean_pool,knn,0,24,auroc,0.5722655621715979
1606,,lab_thrombocytopenia,lab_thrombocytopenia,clinicalbert_type3_mean_pool,knn,0,24,auprc,0.38747496811167254
1607,,lab_thrombocytopenia,lab_thrombocytopenia,clinicalbert_type3_mean_pool,knn,0,24,brier,0.304022862011431
1608,,lab_thrombocytopenia,lab_thrombocytopenia,clinicalbert_type3_mean_pool,knn,1,24,auroc,0.6168128214344619
1609,,lab_thrombocytopenia,lab_thrombocytopenia,clinicalbert_type3_mean_pool,knn,1,24,auprc,0.4223895528048343
1610,,lab_thrombocytopenia,lab_thrombocytopenia,clinicalbert_type3_mean_pool,knn,1,24,brier,0.25520749760374883
1611,,lab_thrombocytopenia,lab_thrombocytopenia,clinicalbert_type3_mean_pool,knn,2,24,auroc,0.62776149806097
1612,,lab_thrombocytopenia,lab_thrombocytopenia,clinicalbert_type3_mean_pool,knn,2,24,auprc,0.4939498345578327
1613,,lab_thrombocytopenia,lab_thrombocytopenia,clinicalbert_type3_mean_pool,knn,2,24,brier,0.25637944786038913
1614,,lab_thrombocytopenia,lab_thrombocytopenia,clinicalbert_type3_mean_pool,knn,3,24,auroc,0.564817780483417
1615,,lab_thrombocytopenia,lab_thrombocytopenia,clinicalbert_type3_mean_pool,knn,3,24,auprc,0.37390899757278645
1616,,lab_thrombocytopenia,lab_thrombocytopenia,clinicalbert_type3_mean_pool,knn,3,24,brier,0.43649046824523413
1617,,lab_thrombocytopenia,lab_thrombocytopenia,clinicalbert_type3_mean_pool,knn,4,24,auroc,0.615003242301762
1618,,lab_thrombocytopenia,lab_thrombocytopenia,clinicalbert_type3_mean_pool,knn,4,24,auprc,0.4387323441228487
1619,,lab_thrombocytopenia,lab_thrombocytopenia,clinicalbert_type3_mean_pool,knn,4,24,brier,0.2647236250897845
1620,,lab_thrombocytopenia,lab_thrombocytopenia,clinicalbert_type3_mean_pool,knn,0,32,auroc,0.5850270142369431
1621,,lab_thrombocytopenia,lab_thrombocytopenia,clinicalbert_type3_mean_pool,knn,0,32,auprc,0.4325028027856209
1622,,lab_thrombocytopenia,lab_thrombocytopenia,clinicalbert_type3_mean_pool,knn,0,32,brier,0.29100101366476316
1623,,lab_thrombocytopenia,lab_thrombocytopenia,clinicalbert_type3_mean_pool,knn,1,32,auroc,0.6197836183760659
1624,,lab_thrombocytopenia,lab_thrombocytopenia,clinicalbert_type3_mean_pool,knn,1,32,auprc,0.42200640031350134
1625,,lab_thrombocytopenia,lab_thrombocytopenia,clinicalbert_type3_mean_pool,knn,1,32,brier,0.2838956141700293
1626,,lab_thrombocytopenia,lab_thrombocytopenia,clinicalbert_type3_mean_pool,knn,2,32,auroc,0.6146039856691596
1627,,lab_thrombocytopenia,lab_thrombocytopenia,clinicalbert_type3_mean_pool,knn,2,32,auprc,0.43291544288600087
1628,,lab_thrombocytopenia,lab_thrombocytopenia,clinicalbert_type3_mean_pool,knn,2,32,brier,0.2562064681032341
1629,,lab_thrombocytopenia,lab_thrombocytopenia,clinicalbert_type3_mean_pool,knn,3,32,auroc,0.5627120981066607
1630,,lab_thrombocytopenia,lab_thrombocytopenia,clinicalbert_type3_mean_pool,knn,3,32,auprc,0.38830682973000286
1631,,lab_thrombocytopenia,lab_thrombocytopenia,clinicalbert_type3_mean_pool,knn,3,32,brier,0.2819086826219012
1632,,lab_thrombocytopenia,lab_thrombocytopenia,clinicalbert_type3_mean_pool,knn,4,32,auroc,0.6070194082588198
1633,,lab_thrombocytopenia,lab_thrombocytopenia,clinicalbert_type3_mean_pool,knn,4,32,auprc,0.4440503571118115
1634,,lab_thrombocytopenia,lab_thrombocytopenia,clinicalbert_type3_mean_pool,knn,4,32,brier,0.27812283611661825
1635,,lab_thrombocytopenia,lab_thrombocytopenia,clinicalbert_type3_mean_pool,knn,0,48,auroc,0.6128671040649025
1636,,lab_thrombocytopenia,lab_thrombocytopenia,clinicalbert_type3_mean_pool,knn,0,48,auprc,0.42924199702864907
1637,,lab_thrombocytopenia,lab_thrombocytopenia,clinicalbert_type3_mean_pool,knn,0,48,brier,0.28641414320707165
1638,,lab_thrombocytopenia,lab_thrombocytopenia,clinicalbert_type3_mean_pool,knn,1,48,auroc,0.6498942022668625
1639,,lab_thrombocytopenia,lab_thrombocytopenia,clinicalbert_type3_mean_pool,knn,1,48,auprc,0.5026379895759958
1640,,lab_thrombocytopenia,lab_thrombocytopenia,clinicalbert_type3_mean_pool,knn,1,48,brier,0.25708194628452596
1641,,lab_thrombocytopenia,lab_thrombocytopenia,clinicalbert_type3_mean_pool,knn,2,48,auroc,0.6019330043080658
1642,,lab_thrombocytopenia,lab_thrombocytopenia,clinicalbert_type3_mean_pool,knn,2,48,auprc,0.43265087113995443
1643,,lab_thrombocytopenia,lab_thrombocytopenia,clinicalbert_type3_mean_pool,knn,2,48,brier,0.2691838545919274
1644,,lab_thrombocytopenia,lab_thrombocytopenia,clinicalbert_type3_mean_pool,knn,3,48,auroc,0.597181625353402
1645,,lab_thrombocytopenia,lab_thrombocytopenia,clinicalbert_type3_mean_pool,knn,3,48,auprc,0.4183196164288604
1646,,lab_thrombocytopenia,lab_thrombocytopenia,clinicalbert_type3_mean_pool,knn,3,48,brier,0.29839604307289574
1647,,lab_thrombocytopenia,lab_thrombocytopenia,clinicalbert_type3_mean_pool,knn,4,48,auroc,0.6111352953938973
1648,,lab_thrombocytopenia,lab_thrombocytopenia,clinicalbert_type3_mean_pool,knn,4,48,auprc,0.47444937718403596
1649,,lab_thrombocytopenia,lab_thrombocytopenia,clinicalbert_type3_mean_pool,knn,4,48,brier,0.24542362759332595
1650,,lab_thrombocytopenia,lab_thrombocytopenia,clinicalbert_type3_mean_pool,knn,0,64,auroc,0.6145334751979152
1651,,lab_thrombocytopenia,lab_thrombocytopenia,clinicalbert_type3_mean_pool,knn,0,64,auprc,0.4762105639984481
1652,,lab_thrombocytopenia,lab_thrombocytopenia,clinicalbert_type3_mean_pool,knn,0,64,brier,0.2619054217575638
1653,,lab_thrombocytopenia,lab_thrombocytopenia,clinicalbert_type3_mean_pool,knn,1,64,auroc,0.634751431194007
1654,,lab_thrombocytopenia,lab_thrombocytopenia,clinicalbert_type3_mean_pool,knn,1,64,auprc,0.4437272615902208
1655,,lab_thrombocytopenia,lab_thrombocytopenia,clinicalbert_type3_mean_pool,knn,1,64,brier,0.26617984308992154
1656,,lab_thrombocytopenia,lab_thrombocytopenia,clinicalbert_type3_mean_pool,knn,2,64,auroc,0.6161035511997822
1657,,lab_thrombocytopenia,lab_thrombocytopenia,clinicalbert_type3_mean_pool,knn,2,64,auprc,0.45163234862905144
1658,,lab_thrombocytopenia,lab_thrombocytopenia,clinicalbert_type3_mean_pool,knn,2,64,brier,0.2582434591217296
1659,,lab_thrombocytopenia,lab_thrombocytopenia,clinicalbert_type3_mean_pool,knn,3,64,auroc,0.6255856170477144
1660,,lab_thrombocytopenia,lab_thrombocytopenia,clinicalbert_type3_mean_pool,knn,3,64,auprc,0.45504016100525424
1661,,lab_thrombocytopenia,lab_thrombocytopenia,clinicalbert_type3_mean_pool,knn,3,64,brier,0.25578094283079644
1662,,lab_thrombocytopenia,lab_thrombocytopenia,clinicalbert_type3_mean_pool,knn,4,64,auroc,0.6206340233307761
1663,,lab_thrombocytopenia,lab_thrombocytopenia,clinicalbert_type3_mean_pool,knn,4,64,auprc,0.488363056641461
1664,,lab_thrombocytopenia,lab_thrombocytopenia,clinicalbert_type3_mean_pool,knn,4,64,brier,0.25332349125217973
1665,,lab_thrombocytopenia,lab_thrombocytopenia,clinicalbert_type3_mean_pool,knn,0,128,auroc,0.637691621274449
1666,,lab_thrombocytopenia,lab_thrombocytopenia,clinicalbert_type3_mean_pool,knn,0,128,auprc,0.4533271851722384
1667,,lab_thrombocytopenia,lab_thrombocytopenia,clinicalbert_type3_mean_pool,knn,0,128,brier,0.26558628279314145
1668,,lab_thrombocytopenia,lab_thrombocytopenia,clinicalbert_type3_mean_pool,knn,1,128,auroc,0.6574629533615587
1669,,lab_thrombocytopenia,lab_thrombocytopenia,clinicalbert_type3_mean_pool,knn,1,128,auprc,0.4676842156980569
1670,,lab_thrombocytopenia,lab_thrombocytopenia,clinicalbert_type3_mean_pool,knn,1,128,brier,0.26324470162235086
1671,,lab_thrombocytopenia,lab_thrombocytopenia,clinicalbert_type3_mean_pool,knn,2,128,auroc,0.6196436888551851
1672,,lab_thrombocytopenia,lab_thrombocytopenia,clinicalbert_type3_mean_pool,knn,2,128,auprc,0.43821898521700925
1673,,lab_thrombocytopenia,lab_thrombocytopenia,clinicalbert_type3_mean_pool,knn,2,128,brier,0.26840105560274763
1674,,lab_thrombocytopenia,lab_thrombocytopenia,clinicalbert_type3_mean_pool,knn,3,128,auroc,0.6236003843528983
1675,,lab_thrombocytopenia,lab_thrombocytopenia,clinicalbert_type3_mean_pool,knn,3,128,auprc,0.4643178613360663
1676,,lab_thrombocytopenia,lab_thrombocytopenia,clinicalbert_type3_mean_pool,knn,3,128,brier,0.2615042609180496
1677,,lab_thrombocytopenia,lab_thrombocytopenia,clinicalbert_type3_mean_pool,knn,4,128,auroc,0.617179658490864
1678,,lab_thrombocytopenia,lab_thrombocytopenia,clinicalbert_type3_mean_pool,knn,4,128,auprc,0.45996598801127503
1679,,lab_thrombocytopenia,lab_thrombocytopenia,clinicalbert_type3_mean_pool,knn,4,128,brier,0.27255954578088926
1680,,lab_thrombocytopenia,lab_thrombocytopenia,clinicalbert_type3_mean_pool,rf,0,-1,auroc,0.7463037570986457
1681,,lab_thrombocytopenia,lab_thrombocytopenia,clinicalbert_type3_mean_pool,rf,0,-1,auprc,0.6377143411188675
1682,,lab_thrombocytopenia,lab_thrombocytopenia,clinicalbert_type3_mean_pool,rf,0,-1,brier,0.1864261943342827
1683,,lab_thrombocytopenia,lab_thrombocytopenia,clinicalbert_type3_mean_pool,rf,0,1,auroc,0.45691493877313705
1684,,lab_thrombocytopenia,lab_thrombocytopenia,clinicalbert_type3_mean_pool,rf,0,1,auprc,0.29864927008805653
1685,,lab_thrombocytopenia,lab_thrombocytopenia,clinicalbert_type3_mean_pool,rf,0,1,brier,0.2496285485226076
1686,,lab_thrombocytopenia,lab_thrombocytopenia,clinicalbert_type3_mean_pool,rf,1,1,auroc,0.5901975040053101
1687,,lab_thrombocytopenia,lab_thrombocytopenia,clinicalbert_type3_mean_pool,rf,1,1,auprc,0.3888841154581345
1688,,lab_thrombocytopenia,lab_thrombocytopenia,clinicalbert_type3_mean_pool,rf,1,1,brier,0.2514271007135504
1689,,lab_thrombocytopenia,lab_thrombocytopenia,clinicalbert_type3_mean_pool,rf,2,1,auroc,0.4568817030888877
1690,,lab_thrombocytopenia,lab_thrombocytopenia,clinicalbert_type3_mean_pool,rf,2,1,auprc,0.3124871176567465
1691,,lab_thrombocytopenia,lab_thrombocytopenia,clinicalbert_type3_mean_pool,rf,2,1,brier,0.2695800986900494
1692,,lab_thrombocytopenia,lab_thrombocytopenia,clinicalbert_type3_mean_pool,rf,3,1,auroc,0.49848457795352213
1693,,lab_thrombocytopenia,lab_thrombocytopenia,clinicalbert_type3_mean_pool,rf,3,1,auprc,0.34124202460543657
1694,,lab_thrombocytopenia,lab_thrombocytopenia,clinicalbert_type3_mean_pool,rf,3,1,brier,0.37817938158969083
1695,,lab_thrombocytopenia,lab_thrombocytopenia,clinicalbert_type3_mean_pool,rf,4,1,auroc,0.580521521192759
1696,,lab_thrombocytopenia,lab_thrombocytopenia,clinicalbert_type3_mean_pool,rf,4,1,auprc,0.39220529906074236
1697,,lab_thrombocytopenia,lab_thrombocytopenia,clinicalbert_type3_mean_pool,rf,4,1,brier,0.27244160247080124
1698,,lab_thrombocytopenia,lab_thrombocytopenia,clinicalbert_type3_mean_pool,rf,0,2,auroc,0.47785714290429937
1699,,lab_thrombocytopenia,lab_thrombocytopenia,clinicalbert_type3_mean_pool,rf,0,2,auprc,0.32138581191289395
1700,,lab_thrombocytopenia,lab_thrombocytopenia,clinicalbert_type3_mean_pool,rf,0,2,brier,0.3003482551741276
1701,,lab_thrombocytopenia,lab_thrombocytopenia,clinicalbert_type3_mean_pool,rf,1,2,auroc,0.6345647812431433
1702,,lab_thrombocytopenia,lab_thrombocytopenia,clinicalbert_type3_mean_pool,rf,1,2,auprc,0.44005482666307094
1703,,lab_thrombocytopenia,lab_thrombocytopenia,clinicalbert_type3_mean_pool,rf,1,2,brier,0.2250750488125244
1704,,lab_thrombocytopenia,lab_thrombocytopenia,clinicalbert_type3_mean_pool,rf,2,2,auroc,0.5227735583188993
1705,,lab_thrombocytopenia,lab_thrombocytopenia,clinicalbert_type3_mean_pool,rf,2,2,auprc,0.3397004441721471
1706,,lab_thrombocytopenia,lab_thrombocytopenia,clinicalbert_type3_mean_pool,rf,2,2,brier,0.26384574532287264
1707,,lab_thrombocytopenia,lab_thrombocytopenia,clinicalbert_type3_mean_pool,rf,3,2,auroc,0.40598654050726246
1708,,lab_thrombocytopenia,lab_thrombocytopenia,clinicalbert_type3_mean_pool,rf,3,2,auprc,0.28579910797016905
1709,,lab_thrombocytopenia,lab_thrombocytopenia,clinicalbert_type3_mean_pool,rf,3,2,brier,0.3925575987787995
1710,,lab_thrombocytopenia,lab_thrombocytopenia,clinicalbert_type3_mean_pool,rf,4,2,auroc,0.6448283878372498
1711,,lab_thrombocytopenia,lab_thrombocytopenia,clinicalbert_type3_mean_pool,rf,4,2,auprc,0.4390491516532805
1712,,lab_thrombocytopenia,lab_thrombocytopenia,clinicalbert_type3_mean_pool,rf,4,2,brier,0.22738903049451523
1713,,lab_thrombocytopenia,lab_thrombocytopenia,clinicalbert_type3_mean_pool,rf,0,4,auroc,0.4886531897673698
1714,,lab_thrombocytopenia,lab_thrombocytopenia,clinicalbert_type3_mean_pool,rf,0,4,auprc,0.3330856872531592
1715,,lab_thrombocytopenia,lab_thrombocytopenia,clinicalbert_type3_mean_pool,rf,0,4,brier,0.29413592956796475
1716,,lab_thrombocytopenia,lab_thrombocytopenia,clinicalbert_type3_mean_pool,rf,1,4,auroc,0.6549495112367522
1717,,lab_thrombocytopenia,lab_thrombocytopenia,clinicalbert_type3_mean_pool,rf,1,4,auprc,0.5054919732789818
1718,,lab_thrombocytopenia,lab_thrombocytopenia,clinicalbert_type3_mean_pool,rf,1,4,brier,0.24066066243033124
1719,,lab_thrombocytopenia,lab_thrombocytopenia,clinicalbert_type3_mean_pool,rf,2,4,auroc,0.46576565655147373
1720,,lab_thrombocytopenia,lab_thrombocytopenia,clinicalbert_type3_mean_pool,rf,2,4,auprc,0.3194174220295875
1721,,lab_thrombocytopenia,lab_thrombocytopenia,clinicalbert_type3_mean_pool,rf,2,4,brier,0.31322996911498463
1722,,lab_thrombocytopenia,lab_thrombocytopenia,clinicalbert_type3_mean_pool,rf,3,4,auroc,0.38151244267618784
1723,,lab_thrombocytopenia,lab_thrombocytopenia,clinicalbert_type3_mean_pool,rf,3,4,auprc,0.28029981959166744
1724,,lab_thrombocytopenia,lab_thrombocytopenia,clinicalbert_type3_mean_pool,rf,3,4,brier,0.42144520572260286
1725,,lab_thrombocytopenia,lab_thrombocytopenia,clinicalbert_type3_mean_pool,rf,4,4,auroc,0.6155991500716467
1726,,lab_thrombocytopenia,lab_thrombocytopenia,clinicalbert_type3_mean_pool,rf,4,4,auprc,0.429857668390166
1727,,lab_thrombocytopenia,lab_thrombocytopenia,clinicalbert_type3_mean_pool,rf,4,4,brier,0.27067467783733895
1728,,lab_thrombocytopenia,lab_thrombocytopenia,clinicalbert_type3_mean_pool,rf,0,8,auroc,0.4191748971479463
1729,,lab_thrombocytopenia,lab_thrombocytopenia,clinicalbert_type3_mean_pool,rf,0,8,auprc,0.29528513495713526
1730,,lab_thrombocytopenia,lab_thrombocytopenia,clinicalbert_type3_mean_pool,rf,0,8,brier,0.29424726472363233
1731,,lab_thrombocytopenia,lab_thrombocytopenia,clinicalbert_type3_mean_pool,rf,1,8,auroc,0.6550955580563486
1732,,lab_thrombocytopenia,lab_thrombocytopenia,clinicalbert_type3_mean_pool,rf,1,8,auprc,0.4867138368120162
1733,,lab_thrombocytopenia,lab_thrombocytopenia,clinicalbert_type3_mean_pool,rf,1,8,brier,0.2972908161454081
1734,,lab_thrombocytopenia,lab_thrombocytopenia,clinicalbert_type3_mean_pool,rf,2,8,auroc,0.5828838878115397
1735,,lab_thrombocytopenia,lab_thrombocytopenia,clinicalbert_type3_mean_pool,rf,2,8,auprc,0.3880210233708523
1736,,lab_thrombocytopenia,lab_thrombocytopenia,clinicalbert_type3_mean_pool,rf,2,8,brier,0.266148248074124
1737,,lab_thrombocytopenia,lab_thrombocytopenia,clinicalbert_type3_mean_pool,rf,3,8,auroc,0.4175373826684724
1738,,lab_thrombocytopenia,lab_thrombocytopenia,clinicalbert_type3_mean_pool,rf,3,8,auprc,0.29236463163427356
1739,,lab_thrombocytopenia,lab_thrombocytopenia,clinicalbert_type3_mean_pool,rf,3,8,brier,0.2910249520749761
1740,,lab_thrombocytopenia,lab_thrombocytopenia,clinicalbert_type3_mean_pool,rf,4,8,auroc,0.6410134942735488
1741,,lab_thrombocytopenia,lab_thrombocytopenia,clinicalbert_type3_mean_pool,rf,4,8,auprc,0.45434576866047116
1742,,lab_thrombocytopenia,lab_thrombocytopenia,clinicalbert_type3_mean_pool,rf,4,8,brier,0.2858238666619334
1743,,lab_thrombocytopenia,lab_thrombocytopenia,clinicalbert_type3_mean_pool,rf,0,12,auroc,0.5165901674934228
1744,,lab_thrombocytopenia,lab_thrombocytopenia,clinicalbert_type3_mean_pool,rf,0,12,auprc,0.345245785875165
1745,,lab_thrombocytopenia,lab_thrombocytopenia,clinicalbert_type3_mean_pool,rf,0,12,brier,0.25904507792253895
1746,,lab_thrombocytopenia,lab_thrombocytopenia,clinicalbert_type3_mean_pool,rf,1,12,auroc,0.6411843923558027
1747,,lab_thrombocytopenia,lab_thrombocytopenia,clinicalbert_type3_mean_pool,rf,1,12,auprc,0.48379762626949374
1748,,lab_thrombocytopenia,lab_thrombocytopenia,clinicalbert_type3_mean_pool,rf,1,12,brier,0.2283845876672938
1749,,lab_thrombocytopenia,lab_thrombocytopenia,clinicalbert_type3_mean_pool,rf,2,12,auroc,0.556059714145556
1750,,lab_thrombocytopenia,lab_thrombocytopenia,clinicalbert_type3_mean_pool,rf,2,12,auprc,0.37943727052611376
1751,,lab_thrombocytopenia,lab_thrombocytopenia,clinicalbert_type3_mean_pool,rf,2,12,brier,0.26597589548794776
1752,,lab_thrombocytopenia,lab_thrombocytopenia,clinicalbert_type3_mean_pool,rf,3,12,auroc,0.39468266795250456
1753,,lab_thrombocytopenia,lab_thrombocytopenia,clinicalbert_type3_mean_pool,rf,3,12,auprc,0.28965992784748323
1754,,lab_thrombocytopenia,lab_thrombocytopenia,clinicalbert_type3_mean_pool,rf,3,12,brier,0.30885050942525477
1755,,lab_thrombocytopenia,lab_thrombocytopenia,clinicalbert_type3_mean_pool,rf,4,12,auroc,0.6271262422244339
1756,,lab_thrombocytopenia,lab_thrombocytopenia,clinicalbert_type3_mean_pool,rf,4,12,auprc,0.44076344712923327
1757,,lab_thrombocytopenia,lab_thrombocytopenia,clinicalbert_type3_mean_pool,rf,4,12,brier,0.25843515921757965
1758,,lab_thrombocytopenia,lab_thrombocytopenia,clinicalbert_type3_mean_pool,rf,0,16,auroc,0.5382625895689646
1759,,lab_thrombocytopenia,lab_thrombocytopenia,clinicalbert_type3_mean_pool,rf,0,16,auprc,0.36435547107453414
1760,,lab_thrombocytopenia,lab_thrombocytopenia,clinicalbert_type3_mean_pool,rf,0,16,brier,0.2694007168045251
1761,,lab_thrombocytopenia,lab_thrombocytopenia,clinicalbert_type3_mean_pool,rf,1,16,auroc,0.6284549834175062
1762,,lab_thrombocytopenia,lab_thrombocytopenia,clinicalbert_type3_mean_pool,rf,1,16,auprc,0.4253441131159512
1763,,lab_thrombocytopenia,lab_thrombocytopenia,clinicalbert_type3_mean_pool,rf,1,16,brier,0.2470826085413043
1764,,lab_thrombocytopenia,lab_thrombocytopenia,clinicalbert_type3_mean_pool,rf,2,16,auroc,0.5755662233847271
1765,,lab_thrombocytopenia,lab_thrombocytopenia,clinicalbert_type3_mean_pool,rf,2,16,auprc,0.3925574294180099
1766,,lab_thrombocytopenia,lab_thrombocytopenia,clinicalbert_type3_mean_pool,rf,2,16,brier,0.2502079413539707
1767,,lab_thrombocytopenia,lab_thrombocytopenia,clinicalbert_type3_mean_pool,rf,3,16,auroc,0.4190890231968627
1768,,lab_thrombocytopenia,lab_thrombocytopenia,clinicalbert_type3_mean_pool,rf,3,16,auprc,0.30055331883390507
1769,,lab_thrombocytopenia,lab_thrombocytopenia,clinicalbert_type3_mean_pool,rf,3,16,brier,0.27914831019915515
1770,,lab_thrombocytopenia,lab_thrombocytopenia,clinicalbert_type3_mean_pool,rf,4,16,auroc,0.6661526330756286
1771,,lab_thrombocytopenia,lab_thrombocytopenia,clinicalbert_type3_mean_pool,rf,4,16,auprc,0.49619895996595226
1772,,lab_thrombocytopenia,lab_thrombocytopenia,clinicalbert_type3_mean_pool,rf,4,16,brier,0.24400282935141468
1773,,lab_thrombocytopenia,lab_thrombocytopenia,clinicalbert_type3_mean_pool,rf,0,24,auroc,0.6371688991527095
1774,,lab_thrombocytopenia,lab_thrombocytopenia,clinicalbert_type3_mean_pool,rf,0,24,auprc,0.48466067876681634
1775,,lab_thrombocytopenia,lab_thrombocytopenia,clinicalbert_type3_mean_pool,rf,0,24,brier,0.23707767991201875
1776,,lab_thrombocytopenia,lab_thrombocytopenia,clinicalbert_type3_mean_pool,rf,1,24,auroc,0.5543579174617732
1777,,lab_thrombocytopenia,lab_thrombocytopenia,clinicalbert_type3_mean_pool,rf,1,24,auprc,0.3686335962684884
1778,,lab_thrombocytopenia,lab_thrombocytopenia,clinicalbert_type3_mean_pool,rf,1,24,brier,0.29464890482445244
1779,,lab_thrombocytopenia,lab_thrombocytopenia,clinicalbert_type3_mean_pool,rf,2,24,auroc,0.6041553817078724
1780,,lab_thrombocytopenia,lab_thrombocytopenia,clinicalbert_type3_mean_pool,rf,2,24,auprc,0.44693177062397027
1781,,lab_thrombocytopenia,lab_thrombocytopenia,clinicalbert_type3_mean_pool,rf,2,24,brier,0.25547673284511246
1782,,lab_thrombocytopenia,lab_thrombocytopenia,clinicalbert_type3_mean_pool,rf,3,24,auroc,0.49746057445575875
1783,,lab_thrombocytopenia,lab_thrombocytopenia,clinicalbert_type3_mean_pool,rf,3,24,auprc,0.3428802668232616
1784,,lab_thrombocytopenia,lab_thrombocytopenia,clinicalbert_type3_mean_pool,rf,3,24,brier,0.2765500443750222
1785,,lab_thrombocytopenia,lab_thrombocytopenia,clinicalbert_type3_mean_pool,rf,4,24,auroc,0.6311847328034927
1786,,lab_thrombocytopenia,lab_thrombocytopenia,clinicalbert_type3_mean_pool,rf,4,24,auprc,0.4395403423450746
1787,,lab_thrombocytopenia,lab_thrombocytopenia,clinicalbert_type3_mean_pool,rf,4,24,brier,0.23896765948382978
1788,,lab_thrombocytopenia,lab_thrombocytopenia,clinicalbert_type3_mean_pool,rf,0,32,auroc,0.6221663111420477
1789,,lab_thrombocytopenia,lab_thrombocytopenia,clinicalbert_type3_mean_pool,rf,0,32,auprc,0.46532554572007634
1790,,lab_thrombocytopenia,lab_thrombocytopenia,clinicalbert_type3_mean_pool,rf,0,32,brier,0.2491281195640598
1791,,lab_thrombocytopenia,lab_thrombocytopenia,clinicalbert_type3_mean_pool,rf,1,32,auroc,0.612182409779322
1792,,lab_thrombocytopenia,lab_thrombocytopenia,clinicalbert_type3_mean_pool,rf,1,32,auprc,0.44408814467698016
1793,,lab_thrombocytopenia,lab_thrombocytopenia,clinicalbert_type3_mean_pool,rf,1,32,brier,0.2500205456352728
1794,,lab_thrombocytopenia,lab_thrombocytopenia,clinicalbert_type3_mean_pool,rf,2,32,auroc,0.6031510420596425
1795,,lab_thrombocytopenia,lab_thrombocytopenia,clinicalbert_type3_mean_pool,rf,2,32,auprc,0.43972843285242413
1796,,lab_thrombocytopenia,lab_thrombocytopenia,clinicalbert_type3_mean_pool,rf,2,32,brier,0.25378434449217224
1797,,lab_thrombocytopenia,lab_thrombocytopenia,clinicalbert_type3_mean_pool,rf,3,32,auroc,0.5516686054570543
1798,,lab_thrombocytopenia,lab_thrombocytopenia,clinicalbert_type3_mean_pool,rf,3,32,auprc,0.37018640668599506
1799,,lab_thrombocytopenia,lab_thrombocytopenia,clinicalbert_type3_mean_pool,rf,3,32,brier,0.27605435052717525
1800,,lab_thrombocytopenia,lab_thrombocytopenia,clinicalbert_type3_mean_pool,rf,4,32,auroc,0.6474238439046738
1801,,lab_thrombocytopenia,lab_thrombocytopenia,clinicalbert_type3_mean_pool,rf,4,32,auprc,0.49069334595005304
1802,,lab_thrombocytopenia,lab_thrombocytopenia,clinicalbert_type3_mean_pool,rf,4,32,brier,0.22648701054350526
1803,,lab_thrombocytopenia,lab_thrombocytopenia,clinicalbert_type3_mean_pool,rf,0,48,auroc,0.6406493436313359
1804,,lab_thrombocytopenia,lab_thrombocytopenia,clinicalbert_type3_mean_pool,rf,0,48,auprc,0.49471256603859587
1805,,lab_thrombocytopenia,lab_thrombocytopenia,clinicalbert_type3_mean_pool,rf,0,48,brier,0.24027769533884766
1806,,lab_thrombocytopenia,lab_thrombocytopenia,clinicalbert_type3_mean_pool,rf,1,48,auroc,0.6705436771497235
1807,,lab_thrombocytopenia,lab_thrombocytopenia,clinicalbert_type3_mean_pool,rf,1,48,auprc,0.5223836408479459
1808,,lab_thrombocytopenia,lab_thrombocytopenia,clinicalbert_type3_mean_pool,rf,1,48,brier,0.24243696971848488
1809,,lab_thrombocytopenia,lab_thrombocytopenia,clinicalbert_type3_mean_pool,rf,2,48,auroc,0.6246511199544167
1810,,lab_thrombocytopenia,lab_thrombocytopenia,clinicalbert_type3_mean_pool,rf,2,48,auprc,0.48044931679516667
1811,,lab_thrombocytopenia,lab_thrombocytopenia,clinicalbert_type3_mean_pool,rf,2,48,brier,0.254049421474678
1812,,lab_thrombocytopenia,lab_thrombocytopenia,clinicalbert_type3_mean_pool,rf,3,48,auroc,0.574641196515985
1813,,lab_thrombocytopenia,lab_thrombocytopenia,clinicalbert_type3_mean_pool,rf,3,48,auprc,0.4115933806626494
1814,,lab_thrombocytopenia,lab_thrombocytopenia,clinicalbert_type3_mean_pool,rf,3,48,brier,0.26145670950335476
1815,,lab_thrombocytopenia,lab_thrombocytopenia,clinicalbert_type3_mean_pool,rf,4,48,auroc,0.6303527626199286
1816,,lab_thrombocytopenia,lab_thrombocytopenia,clinicalbert_type3_mean_pool,rf,4,48,auprc,0.48942413832115483
1817,,lab_thrombocytopenia,lab_thrombocytopenia,clinicalbert_type3_mean_pool,rf,4,48,brier,0.2358546359078735
1818,,lab_thrombocytopenia,lab_thrombocytopenia,clinicalbert_type3_mean_pool,rf,0,64,auroc,0.6431333468706134
1819,,lab_thrombocytopenia,lab_thrombocytopenia,clinicalbert_type3_mean_pool,rf,0,64,auprc,0.48139158121534065
1820,,lab_thrombocytopenia,lab_thrombocytopenia,clinicalbert_type3_mean_pool,rf,0,64,brier,0.23237693684200555
1821,,lab_thrombocytopenia,lab_thrombocytopenia,clinicalbert_type3_mean_pool,rf,1,64,auroc,0.6560965096622131
1822,,lab_thrombocytopenia,lab_thrombocytopenia,clinicalbert_type3_mean_pool,rf,1,64,auprc,0.5055511186325246
1823,,lab_thrombocytopenia,lab_thrombocytopenia,clinicalbert_type3_mean_pool,rf,1,64,brier,0.23249156874578436
1824,,lab_thrombocytopenia,lab_thrombocytopenia,clinicalbert_type3_mean_pool,rf,2,64,auroc,0.6173963955783142
1825,,lab_thrombocytopenia,lab_thrombocytopenia,clinicalbert_type3_mean_pool,rf,2,64,auprc,0.4656672900059592
1826,,lab_thrombocytopenia,lab_thrombocytopenia,clinicalbert_type3_mean_pool,rf,2,64,brier,0.24123349343022893
1827,,lab_thrombocytopenia,lab_thrombocytopenia,clinicalbert_type3_mean_pool,rf,3,64,auroc,0.6772001142601837
1828,,lab_thrombocytopenia,lab_thrombocytopenia,clinicalbert_type3_mean_pool,rf,3,64,auprc,0.5213131926027156
1829,,lab_thrombocytopenia,lab_thrombocytopenia,clinicalbert_type3_mean_pool,rf,3,64,brier,0.23289671755365277
1830,,lab_thrombocytopenia,lab_thrombocytopenia,clinicalbert_type3_mean_pool,rf,4,64,auroc,0.6285135542701324
1831,,lab_thrombocytopenia,lab_thrombocytopenia,clinicalbert_type3_mean_pool,rf,4,64,auprc,0.4690555782404276
1832,,lab_thrombocytopenia,lab_thrombocytopenia,clinicalbert_type3_mean_pool,rf,4,64,brier,0.23722430331215166
1833,,lab_thrombocytopenia,lab_thrombocytopenia,clinicalbert_type3_mean_pool,rf,0,128,auroc,0.6737175396131296
1834,,lab_thrombocytopenia,lab_thrombocytopenia,clinicalbert_type3_mean_pool,rf,0,128,auprc,0.5235691092162409
1835,,lab_thrombocytopenia,lab_thrombocytopenia,clinicalbert_type3_mean_pool,rf,0,128,brier,0.2285751762727801
1836,,lab_thrombocytopenia,lab_thrombocytopenia,clinicalbert_type3_mean_pool,rf,1,128,auroc,0.6571780656333674
1837,,lab_thrombocytopenia,lab_thrombocytopenia,clinicalbert_type3_mean_pool,rf,1,128,auprc,0.5012125120110031
1838,,lab_thrombocytopenia,lab_thrombocytopenia,clinicalbert_type3_mean_pool,rf,1,128,brier,0.2306820120622151
1839,,lab_thrombocytopenia,lab_thrombocytopenia,clinicalbert_type3_mean_pool,rf,2,128,auroc,0.6535792911062707
1840,,lab_thrombocytopenia,lab_thrombocytopenia,clinicalbert_type3_mean_pool,rf,2,128,auprc,0.5166338118854735
1841,,lab_thrombocytopenia,lab_thrombocytopenia,clinicalbert_type3_mean_pool,rf,2,128,brier,0.23064299179363879
1842,,lab_thrombocytopenia,lab_thrombocytopenia,clinicalbert_type3_mean_pool,rf,3,128,auroc,0.6385248802344935
1843,,lab_thrombocytopenia,lab_thrombocytopenia,clinicalbert_type3_mean_pool,rf,3,128,auprc,0.49751286711262493
1844,,lab_thrombocytopenia,lab_thrombocytopenia,clinicalbert_type3_mean_pool,rf,3,128,brier,0.2336687848343924
1845,,lab_thrombocytopenia,lab_thrombocytopenia,clinicalbert_type3_mean_pool,rf,4,128,auroc,0.6463389841708146
1846,,lab_thrombocytopenia,lab_thrombocytopenia,clinicalbert_type3_mean_pool,rf,4,128,auprc,0.47542865732879297
1847,,lab_thrombocytopenia,lab_thrombocytopenia,clinicalbert_type3_mean_pool,rf,4,128,brier,0.23477527933395517
1848,,lab_thrombocytopenia,lab_thrombocytopenia,clinicalbert_type3_clinicalbert_pool,lr_lbfgs,0,-1,auroc,0.7559582394673877
1849,,lab_thrombocytopenia,lab_thrombocytopenia,clinicalbert_type3_clinicalbert_pool,lr_lbfgs,0,-1,auprc,0.6400926261063684
1850,,lab_thrombocytopenia,lab_thrombocytopenia,clinicalbert_type3_clinicalbert_pool,lr_lbfgs,0,-1,brier,0.18050236483491278
1851,,lab_thrombocytopenia,lab_thrombocytopenia,clinicalbert_type3_clinicalbert_pool,lr_lbfgs,0,1,auroc,0.5333916121569349
1852,,lab_thrombocytopenia,lab_thrombocytopenia,clinicalbert_type3_clinicalbert_pool,lr_lbfgs,0,1,auprc,0.34320074302736286
1853,,lab_thrombocytopenia,lab_thrombocytopenia,clinicalbert_type3_clinicalbert_pool,lr_lbfgs,0,1,brier,0.2499999320940998
1854,,lab_thrombocytopenia,lab_thrombocytopenia,clinicalbert_type3_clinicalbert_pool,lr_lbfgs,1,1,auroc,0.39511006626618966
1855,,lab_thrombocytopenia,lab_thrombocytopenia,clinicalbert_type3_clinicalbert_pool,lr_lbfgs,1,1,auprc,0.2796475106471679
1856,,lab_thrombocytopenia,lab_thrombocytopenia,clinicalbert_type3_clinicalbert_pool,lr_lbfgs,1,1,brier,0.24999504634405853
1857,,lab_thrombocytopenia,lab_thrombocytopenia,clinicalbert_type3_clinicalbert_pool,lr_lbfgs,2,1,auroc,0.5282468080198677
1858,,lab_thrombocytopenia,lab_thrombocytopenia,clinicalbert_type3_clinicalbert_pool,lr_lbfgs,2,1,auprc,0.3498469569726511
1859,,lab_thrombocytopenia,lab_thrombocytopenia,clinicalbert_type3_clinicalbert_pool,lr_lbfgs,2,1,brier,0.2500001930771775
1860,,lab_thrombocytopenia,lab_thrombocytopenia,clinicalbert_type3_clinicalbert_pool,lr_lbfgs,3,1,auroc,0.5192845664780034
1861,,lab_thrombocytopenia,lab_thrombocytopenia,clinicalbert_type3_clinicalbert_pool,lr_lbfgs,3,1,auprc,0.33355319085197344
1862,,lab_thrombocytopenia,lab_thrombocytopenia,clinicalbert_type3_clinicalbert_pool,lr_lbfgs,3,1,brier,0.2500012496775805
1863,,lab_thrombocytopenia,lab_thrombocytopenia,clinicalbert_type3_clinicalbert_pool,lr_lbfgs,4,1,auroc,0.6292226994899817
1864,,lab_thrombocytopenia,lab_thrombocytopenia,clinicalbert_type3_clinicalbert_pool,lr_lbfgs,4,1,auprc,0.4403371299848242
1865,,lab_thrombocytopenia,lab_thrombocytopenia,clinicalbert_type3_clinicalbert_pool,lr_lbfgs,4,1,brier,0.2499981598922897
1866,,lab_thrombocytopenia,lab_thrombocytopenia,clinicalbert_type3_clinicalbert_pool,lr_lbfgs,0,2,auroc,0.3945750041974431
1867,,lab_thrombocytopenia,lab_thrombocytopenia,clinicalbert_type3_clinicalbert_pool,lr_lbfgs,0,2,auprc,0.2716185978673514
1868,,lab_thrombocytopenia,lab_thrombocytopenia,clinicalbert_type3_clinicalbert_pool,lr_lbfgs,0,2,brier,0.2500001342100893
1869,,lab_thrombocytopenia,lab_thrombocytopenia,clinicalbert_type3_clinicalbert_pool,lr_lbfgs,1,2,auroc,0.5380093902909159
1870,,lab_thrombocytopenia,lab_thrombocytopenia,clinicalbert_type3_clinicalbert_pool,lr_lbfgs,1,2,auprc,0.33410738891691444
1871,,lab_thrombocytopenia,lab_thrombocytopenia,clinicalbert_type3_clinicalbert_pool,lr_lbfgs,1,2,brier,0.2499969662827707
1872,,lab_thrombocytopenia,lab_thrombocytopenia,clinicalbert_type3_clinicalbert_pool,lr_lbfgs,2,2,auroc,0.5604391999664983
1873,,lab_thrombocytopenia,lab_thrombocytopenia,clinicalbert_type3_clinicalbert_pool,lr_lbfgs,2,2,auprc,0.367514932924085
1874,,lab_thrombocytopenia,lab_thrombocytopenia,clinicalbert_type3_clinicalbert_pool,lr_lbfgs,2,2,brier,0.3477673642293557
1875,,lab_thrombocytopenia,lab_thrombocytopenia,clinicalbert_type3_clinicalbert_pool,lr_lbfgs,3,2,auroc,0.3936957706824145
1876,,lab_thrombocytopenia,lab_thrombocytopenia,clinicalbert_type3_clinicalbert_pool,lr_lbfgs,3,2,auprc,0.27134741809760565
1877,,lab_thrombocytopenia,lab_thrombocytopenia,clinicalbert_type3_clinicalbert_pool,lr_lbfgs,3,2,brier,0.25000224494610185
1878,,lab_thrombocytopenia,lab_thrombocytopenia,clinicalbert_type3_clinicalbert_pool,lr_lbfgs,4,2,auroc,0.6357120606008069
1879,,lab_thrombocytopenia,lab_thrombocytopenia,clinicalbert_type3_clinicalbert_pool,lr_lbfgs,4,2,auprc,0.4401662133834847
1880,,lab_thrombocytopenia,lab_thrombocytopenia,clinicalbert_type3_clinicalbert_pool,lr_lbfgs,4,2,brier,0.24999761288650732
1881,,lab_thrombocytopenia,lab_thrombocytopenia,clinicalbert_type3_clinicalbert_pool,lr_lbfgs,0,4,auroc,0.5044021942732232
1882,,lab_thrombocytopenia,lab_thrombocytopenia,clinicalbert_type3_clinicalbert_pool,lr_lbfgs,0,4,auprc,0.3236933830078348
1883,,lab_thrombocytopenia,lab_thrombocytopenia,clinicalbert_type3_clinicalbert_pool,lr_lbfgs,0,4,brier,0.4621195777338736
1884,,lab_thrombocytopenia,lab_thrombocytopenia,clinicalbert_type3_clinicalbert_pool,lr_lbfgs,1,4,auroc,0.6666959552534671
1885,,lab_thrombocytopenia,lab_thrombocytopenia,clinicalbert_type3_clinicalbert_pool,lr_lbfgs,1,4,auprc,0.4854162681107407
1886,,lab_thrombocytopenia,lab_thrombocytopenia,clinicalbert_type3_clinicalbert_pool,lr_lbfgs,1,4,brier,0.2430641063340375
1887,,lab_thrombocytopenia,lab_thrombocytopenia,clinicalbert_type3_clinicalbert_pool,lr_lbfgs,2,4,auroc,0.44523431155288856
1888,,lab_thrombocytopenia,lab_thrombocytopenia,clinicalbert_type3_clinicalbert_pool,lr_lbfgs,2,4,auprc,0.3082200852249282
1889,,lab_thrombocytopenia,lab_thrombocytopenia,clinicalbert_type3_clinicalbert_pool,lr_lbfgs,2,4,brier,0.36573314119794836
1890,,lab_thrombocytopenia,lab_thrombocytopenia,clinicalbert_type3_clinicalbert_pool,lr_lbfgs,3,4,auroc,0.387577039212729
1891,,lab_thrombocytopenia,lab_thrombocytopenia,clinicalbert_type3_clinicalbert_pool,lr_lbfgs,3,4,auprc,0.26942773044420026
1892,,lab_thrombocytopenia,lab_thrombocytopenia,clinicalbert_type3_clinicalbert_pool,lr_lbfgs,3,4,brier,0.25000199319221006
1893,,lab_thrombocytopenia,lab_thrombocytopenia,clinicalbert_type3_clinicalbert_pool,lr_lbfgs,4,4,auroc,0.6396468237214494
1894,,lab_thrombocytopenia,lab_thrombocytopenia,clinicalbert_type3_clinicalbert_pool,lr_lbfgs,4,4,auprc,0.44519769359736827
1895,,lab_thrombocytopenia,lab_thrombocytopenia,clinicalbert_type3_clinicalbert_pool,lr_lbfgs,4,4,brier,0.2499958873167073
1896,,lab_thrombocytopenia,lab_thrombocytopenia,clinicalbert_type3_clinicalbert_pool,lr_lbfgs,0,8,auroc,0.5750037985194303
1897,,lab_thrombocytopenia,lab_thrombocytopenia,clinicalbert_type3_clinicalbert_pool,lr_lbfgs,0,8,auprc,0.3976404130309502
1898,,lab_thrombocytopenia,lab_thrombocytopenia,clinicalbert_type3_clinicalbert_pool,lr_lbfgs,0,8,brier,0.4276553449279779
1899,,lab_thrombocytopenia,lab_thrombocytopenia,clinicalbert_type3_clinicalbert_pool,lr_lbfgs,1,8,auroc,0.6683188682817017
1900,,lab_thrombocytopenia,lab_thrombocytopenia,clinicalbert_type3_clinicalbert_pool,lr_lbfgs,1,8,auprc,0.5279347287938044
1901,,lab_thrombocytopenia,lab_thrombocytopenia,clinicalbert_type3_clinicalbert_pool,lr_lbfgs,1,8,brier,0.27873258889723374
1902,,lab_thrombocytopenia,lab_thrombocytopenia,clinicalbert_type3_clinicalbert_pool,lr_lbfgs,2,8,auroc,0.5890139872028105
1903,,lab_thrombocytopenia,lab_thrombocytopenia,clinicalbert_type3_clinicalbert_pool,lr_lbfgs,2,8,auprc,0.39583239356313926
1904,,lab_thrombocytopenia,lab_thrombocytopenia,clinicalbert_type3_clinicalbert_pool,lr_lbfgs,2,8,brier,0.40956841140627415
1905,,lab_thrombocytopenia,lab_thrombocytopenia,clinicalbert_type3_clinicalbert_pool,lr_lbfgs,3,8,auroc,0.5124415110215526
1906,,lab_thrombocytopenia,lab_thrombocytopenia,clinicalbert_type3_clinicalbert_pool,lr_lbfgs,3,8,auprc,0.3294415637294389
1907,,lab_thrombocytopenia,lab_thrombocytopenia,clinicalbert_type3_clinicalbert_pool,lr_lbfgs,3,8,brier,0.5344859744649912
1908,,lab_thrombocytopenia,lab_thrombocytopenia,clinicalbert_type3_clinicalbert_pool,lr_lbfgs,4,8,auroc,0.639745643028437
1909,,lab_thrombocytopenia,lab_thrombocytopenia,clinicalbert_type3_clinicalbert_pool,lr_lbfgs,4,8,auprc,0.4447449349356185
1910,,lab_thrombocytopenia,lab_thrombocytopenia,clinicalbert_type3_clinicalbert_pool,lr_lbfgs,4,8,brier,0.24899311885503117
1911,,lab_thrombocytopenia,lab_thrombocytopenia,clinicalbert_type3_clinicalbert_pool,lr_lbfgs,0,12,auroc,0.590277538780559
1912,,lab_thrombocytopenia,lab_thrombocytopenia,clinicalbert_type3_clinicalbert_pool,lr_lbfgs,0,12,auprc,0.40914461999053037
1913,,lab_thrombocytopenia,lab_thrombocytopenia,clinicalbert_type3_clinicalbert_pool,lr_lbfgs,0,12,brier,0.25000016512544654
1914,,lab_thrombocytopenia,lab_thrombocytopenia,clinicalbert_type3_clinicalbert_pool,lr_lbfgs,1,12,auroc,0.6341934071316665
1915,,lab_thrombocytopenia,lab_thrombocytopenia,clinicalbert_type3_clinicalbert_pool,lr_lbfgs,1,12,auprc,0.4276113604833778
1916,,lab_thrombocytopenia,lab_thrombocytopenia,clinicalbert_type3_clinicalbert_pool,lr_lbfgs,1,12,brier,0.24031060474081178
1917,,lab_thrombocytopenia,lab_thrombocytopenia,clinicalbert_type3_clinicalbert_pool,lr_lbfgs,2,12,auroc,0.5861408380809086
1918,,lab_thrombocytopenia,lab_thrombocytopenia,clinicalbert_type3_clinicalbert_pool,lr_lbfgs,2,12,auprc,0.405736302296174
1919,,lab_thrombocytopenia,lab_thrombocytopenia,clinicalbert_type3_clinicalbert_pool,lr_lbfgs,2,12,brier,0.4361463744318092
1920,,lab_thrombocytopenia,lab_thrombocytopenia,clinicalbert_type3_clinicalbert_pool,lr_lbfgs,3,12,auroc,0.4379333309872685
1921,,lab_thrombocytopenia,lab_thrombocytopenia,clinicalbert_type3_clinicalbert_pool,lr_lbfgs,3,12,auprc,0.29867785180706913
1922,,lab_thrombocytopenia,lab_thrombocytopenia,clinicalbert_type3_clinicalbert_pool,lr_lbfgs,3,12,brier,0.5620727909701969
1923,,lab_thrombocytopenia,lab_thrombocytopenia,clinicalbert_type3_clinicalbert_pool,lr_lbfgs,4,12,auroc,0.6406335868464126
1924,,lab_thrombocytopenia,lab_thrombocytopenia,clinicalbert_type3_clinicalbert_pool,lr_lbfgs,4,12,auprc,0.43885148860183365
1925,,lab_thrombocytopenia,lab_thrombocytopenia,clinicalbert_type3_clinicalbert_pool,lr_lbfgs,4,12,brier,0.24999728556755613
1926,,lab_thrombocytopenia,lab_thrombocytopenia,clinicalbert_type3_clinicalbert_pool,lr_lbfgs,0,16,auroc,0.5163368993869845
1927,,lab_thrombocytopenia,lab_thrombocytopenia,clinicalbert_type3_clinicalbert_pool,lr_lbfgs,0,16,auprc,0.3372263645110281
1928,,lab_thrombocytopenia,lab_thrombocytopenia,clinicalbert_type3_clinicalbert_pool,lr_lbfgs,0,16,brier,0.2645412868448541
1929,,lab_thrombocytopenia,lab_thrombocytopenia,clinicalbert_type3_clinicalbert_pool,lr_lbfgs,1,16,auroc,0.6594774303963533
1930,,lab_thrombocytopenia,lab_thrombocytopenia,clinicalbert_type3_clinicalbert_pool,lr_lbfgs,1,16,auprc,0.49971029538588585
1931,,lab_thrombocytopenia,lab_thrombocytopenia,clinicalbert_type3_clinicalbert_pool,lr_lbfgs,1,16,brier,0.24102267976429162
1932,,lab_thrombocytopenia,lab_thrombocytopenia,clinicalbert_type3_clinicalbert_pool,lr_lbfgs,2,16,auroc,0.6217079948347861
1933,,lab_thrombocytopenia,lab_thrombocytopenia,clinicalbert_type3_clinicalbert_pool,lr_lbfgs,2,16,auprc,0.4302885850806505
1934,,lab_thrombocytopenia,lab_thrombocytopenia,clinicalbert_type3_clinicalbert_pool,lr_lbfgs,2,16,brier,0.3998585965839979
1935,,lab_thrombocytopenia,lab_thrombocytopenia,clinicalbert_type3_clinicalbert_pool,lr_lbfgs,3,16,auroc,0.5042002264940033
1936,,lab_thrombocytopenia,lab_thrombocytopenia,clinicalbert_type3_clinicalbert_pool,lr_lbfgs,3,16,auprc,0.332093715911048
1937,,lab_thrombocytopenia,lab_thrombocytopenia,clinicalbert_type3_clinicalbert_pool,lr_lbfgs,3,16,brier,0.48482265134688085
1938,,lab_thrombocytopenia,lab_thrombocytopenia,clinicalbert_type3_clinicalbert_pool,lr_lbfgs,4,16,auroc,0.6802792421708308
1939,,lab_thrombocytopenia,lab_thrombocytopenia,clinicalbert_type3_clinicalbert_pool,lr_lbfgs,4,16,auprc,0.5108062508883963
1940,,lab_thrombocytopenia,lab_thrombocytopenia,clinicalbert_type3_clinicalbert_pool,lr_lbfgs,4,16,brier,0.2799021341825672
1941,,lab_thrombocytopenia,lab_thrombocytopenia,clinicalbert_type3_clinicalbert_pool,lr_lbfgs,0,24,auroc,0.591735336715934
1942,,lab_thrombocytopenia,lab_thrombocytopenia,clinicalbert_type3_clinicalbert_pool,lr_lbfgs,0,24,auprc,0.40631821929442374
1943,,lab_thrombocytopenia,lab_thrombocytopenia,clinicalbert_type3_clinicalbert_pool,lr_lbfgs,0,24,brier,0.38829611708448547
1944,,lab_thrombocytopenia,lab_thrombocytopenia,clinicalbert_type3_clinicalbert_pool,lr_lbfgs,1,24,auroc,0.6394760366074158
1945,,lab_thrombocytopenia,lab_thrombocytopenia,clinicalbert_type3_clinicalbert_pool,lr_lbfgs,1,24,auprc,0.44592033876916715
1946,,lab_thrombocytopenia,lab_thrombocytopenia,clinicalbert_type3_clinicalbert_pool,lr_lbfgs,1,24,brier,0.24301303844693037
1947,,lab_thrombocytopenia,lab_thrombocytopenia,clinicalbert_type3_clinicalbert_pool,lr_lbfgs,2,24,auroc,0.5987187873383918
1948,,lab_thrombocytopenia,lab_thrombocytopenia,clinicalbert_type3_clinicalbert_pool,lr_lbfgs,2,24,auprc,0.4164432655672118
1949,,lab_thrombocytopenia,lab_thrombocytopenia,clinicalbert_type3_clinicalbert_pool,lr_lbfgs,2,24,brier,0.30035160856419724
1950,,lab_thrombocytopenia,lab_thrombocytopenia,clinicalbert_type3_clinicalbert_pool,lr_lbfgs,3,24,auroc,0.5090708316708643
1951,,lab_thrombocytopenia,lab_thrombocytopenia,clinicalbert_type3_clinicalbert_pool,lr_lbfgs,3,24,auprc,0.33822843345415915
1952,,lab_thrombocytopenia,lab_thrombocytopenia,clinicalbert_type3_clinicalbert_pool,lr_lbfgs,3,24,brier,0.46532888614984613
1953,,lab_thrombocytopenia,lab_thrombocytopenia,clinicalbert_type3_clinicalbert_pool,lr_lbfgs,4,24,auroc,0.6672579067480024
1954,,lab_thrombocytopenia,lab_thrombocytopenia,clinicalbert_type3_clinicalbert_pool,lr_lbfgs,4,24,auprc,0.4813156860157091
1955,,lab_thrombocytopenia,lab_thrombocytopenia,clinicalbert_type3_clinicalbert_pool,lr_lbfgs,4,24,brier,0.2297654508541018
1956,,lab_thrombocytopenia,lab_thrombocytopenia,clinicalbert_type3_clinicalbert_pool,lr_lbfgs,0,32,auroc,0.6251688562318876
1957,,lab_thrombocytopenia,lab_thrombocytopenia,clinicalbert_type3_clinicalbert_pool,lr_lbfgs,0,32,auprc,0.4429447991171116
1958,,lab_thrombocytopenia,lab_thrombocytopenia,clinicalbert_type3_clinicalbert_pool,lr_lbfgs,0,32,brier,0.2623478888135094
1959,,lab_thrombocytopenia,lab_thrombocytopenia,clinicalbert_type3_clinicalbert_pool,lr_lbfgs,1,32,auroc,0.6629062065265756
1960,,lab_thrombocytopenia,lab_thrombocytopenia,clinicalbert_type3_clinicalbert_pool,lr_lbfgs,1,32,auprc,0.4907064550590082
1961,,lab_thrombocytopenia,lab_thrombocytopenia,clinicalbert_type3_clinicalbert_pool,lr_lbfgs,1,32,brier,0.24098337625583588
1962,,lab_thrombocytopenia,lab_thrombocytopenia,clinicalbert_type3_clinicalbert_pool,lr_lbfgs,2,32,auroc,0.630861445857165
1963,,lab_thrombocytopenia,lab_thrombocytopenia,clinicalbert_type3_clinicalbert_pool,lr_lbfgs,2,32,auprc,0.5097466840348448
1964,,lab_thrombocytopenia,lab_thrombocytopenia,clinicalbert_type3_clinicalbert_pool,lr_lbfgs,2,32,brier,0.25000343781913825
1965,,lab_thrombocytopenia,lab_thrombocytopenia,clinicalbert_type3_clinicalbert_pool,lr_lbfgs,3,32,auroc,0.5840048016819726
1966,,lab_thrombocytopenia,lab_thrombocytopenia,clinicalbert_type3_clinicalbert_pool,lr_lbfgs,3,32,auprc,0.3771992351115536
1967,,lab_thrombocytopenia,lab_thrombocytopenia,clinicalbert_type3_clinicalbert_pool,lr_lbfgs,3,32,brier,0.38237508742444515
1968,,lab_thrombocytopenia,lab_thrombocytopenia,clinicalbert_type3_clinicalbert_pool,lr_lbfgs,4,32,auroc,0.6690857303202808
1969,,lab_thrombocytopenia,lab_thrombocytopenia,clinicalbert_type3_clinicalbert_pool,lr_lbfgs,4,32,auprc,0.5072608452993641
1970,,lab_thrombocytopenia,lab_thrombocytopenia,clinicalbert_type3_clinicalbert_pool,lr_lbfgs,4,32,brier,0.2194925632380333
1971,,lab_thrombocytopenia,lab_thrombocytopenia,clinicalbert_type3_clinicalbert_pool,lr_lbfgs,0,48,auroc,0.6472212068044808
1972,,lab_thrombocytopenia,lab_thrombocytopenia,clinicalbert_type3_clinicalbert_pool,lr_lbfgs,0,48,auprc,0.4777437102812409
1973,,lab_thrombocytopenia,lab_thrombocytopenia,clinicalbert_type3_clinicalbert_pool,lr_lbfgs,0,48,brier,0.27091688699703875
1974,,lab_thrombocytopenia,lab_thrombocytopenia,clinicalbert_type3_clinicalbert_pool,lr_lbfgs,1,48,auroc,0.6874692636466508
1975,,lab_thrombocytopenia,lab_thrombocytopenia,clinicalbert_type3_clinicalbert_pool,lr_lbfgs,1,48,auprc,0.5614401950545904
1976,,lab_thrombocytopenia,lab_thrombocytopenia,clinicalbert_type3_clinicalbert_pool,lr_lbfgs,1,48,brier,0.2262824625726505
1977,,lab_thrombocytopenia,lab_thrombocytopenia,clinicalbert_type3_clinicalbert_pool,lr_lbfgs,2,48,auroc,0.653120818179306
1978,,lab_thrombocytopenia,lab_thrombocytopenia,clinicalbert_type3_clinicalbert_pool,lr_lbfgs,2,48,auprc,0.5020121673754088
1979,,lab_thrombocytopenia,lab_thrombocytopenia,clinicalbert_type3_clinicalbert_pool,lr_lbfgs,2,48,brier,0.2546154378461817
1980,,lab_thrombocytopenia,lab_thrombocytopenia,clinicalbert_type3_clinicalbert_pool,lr_lbfgs,3,48,auroc,0.6313204371040437
1981,,lab_thrombocytopenia,lab_thrombocytopenia,clinicalbert_type3_clinicalbert_pool,lr_lbfgs,3,48,auprc,0.4227432360986299
1982,,lab_thrombocytopenia,lab_thrombocytopenia,clinicalbert_type3_clinicalbert_pool,lr_lbfgs,3,48,brier,0.26272086725116056
1983,,lab_thrombocytopenia,lab_thrombocytopenia,clinicalbert_type3_clinicalbert_pool,lr_lbfgs,4,48,auroc,0.6520181466414603
1984,,lab_thrombocytopenia,lab_thrombocytopenia,clinicalbert_type3_clinicalbert_pool,lr_lbfgs,4,48,auprc,0.4615160828340019
1985,,lab_thrombocytopenia,lab_thrombocytopenia,clinicalbert_type3_clinicalbert_pool,lr_lbfgs,4,48,brier,0.2291826012890061
1986,,lab_thrombocytopenia,lab_thrombocytopenia,clinicalbert_type3_clinicalbert_pool,lr_lbfgs,0,64,auroc,0.6588628771561702
1987,,lab_thrombocytopenia,lab_thrombocytopenia,clinicalbert_type3_clinicalbert_pool,lr_lbfgs,0,64,auprc,0.5050988828714293
1988,,lab_thrombocytopenia,lab_thrombocytopenia,clinicalbert_type3_clinicalbert_pool,lr_lbfgs,0,64,brier,0.23276513891282535
1989,,lab_thrombocytopenia,lab_thrombocytopenia,clinicalbert_type3_clinicalbert_pool,lr_lbfgs,1,64,auroc,0.6769414684090538
1990,,lab_thrombocytopenia,lab_thrombocytopenia,clinicalbert_type3_clinicalbert_pool,lr_lbfgs,1,64,auprc,0.5305541830582059
1991,,lab_thrombocytopenia,lab_thrombocytopenia,clinicalbert_type3_clinicalbert_pool,lr_lbfgs,1,64,brier,0.24881650078286963
1992,,lab_thrombocytopenia,lab_thrombocytopenia,clinicalbert_type3_clinicalbert_pool,lr_lbfgs,2,64,auroc,0.6770175336122772
1993,,lab_thrombocytopenia,lab_thrombocytopenia,clinicalbert_type3_clinicalbert_pool,lr_lbfgs,2,64,auprc,0.5543157839265284
1994,,lab_thrombocytopenia,lab_thrombocytopenia,clinicalbert_type3_clinicalbert_pool,lr_lbfgs,2,64,brier,0.23070005432291418
1995,,lab_thrombocytopenia,lab_thrombocytopenia,clinicalbert_type3_clinicalbert_pool,lr_lbfgs,3,64,auroc,0.6606533648387
1996,,lab_thrombocytopenia,lab_thrombocytopenia,clinicalbert_type3_clinicalbert_pool,lr_lbfgs,3,64,auprc,0.4638630615613295
1997,,lab_thrombocytopenia,lab_thrombocytopenia,clinicalbert_type3_clinicalbert_pool,lr_lbfgs,3,64,brier,0.2501932836855774
1998,,lab_thrombocytopenia,lab_thrombocytopenia,clinicalbert_type3_clinicalbert_pool,lr_lbfgs,4,64,auroc,0.6601267770898501
1999,,lab_thrombocytopenia,lab_thrombocytopenia,clinicalbert_type3_clinicalbert_pool,lr_lbfgs,4,64,auprc,0.47223403438043354
2000,,lab_thrombocytopenia,lab_thrombocytopenia,clinicalbert_type3_clinicalbert_pool,lr_lbfgs,4,64,brier,0.23005300189688496
2001,,lab_thrombocytopenia,lab_thrombocytopenia,clinicalbert_type3_clinicalbert_pool,lr_lbfgs,0,128,auroc,0.6734590075395419
2002,,lab_thrombocytopenia,lab_thrombocytopenia,clinicalbert_type3_clinicalbert_pool,lr_lbfgs,0,128,auprc,0.5066441273236384
2003,,lab_thrombocytopenia,lab_thrombocytopenia,clinicalbert_type3_clinicalbert_pool,lr_lbfgs,0,128,brier,0.2391119548434279
2004,,lab_thrombocytopenia,lab_thrombocytopenia,clinicalbert_type3_clinicalbert_pool,lr_lbfgs,1,128,auroc,0.6735561904164482
2005,,lab_thrombocytopenia,lab_thrombocytopenia,clinicalbert_type3_clinicalbert_pool,lr_lbfgs,1,128,auprc,0.5507269210054836
2006,,lab_thrombocytopenia,lab_thrombocytopenia,clinicalbert_type3_clinicalbert_pool,lr_lbfgs,1,128,brier,0.23063127048661747
2007,,lab_thrombocytopenia,lab_thrombocytopenia,clinicalbert_type3_clinicalbert_pool,lr_lbfgs,2,128,auroc,0.6861817611939547
2008,,lab_thrombocytopenia,lab_thrombocytopenia,clinicalbert_type3_clinicalbert_pool,lr_lbfgs,2,128,auprc,0.5250108101017199
2009,,lab_thrombocytopenia,lab_thrombocytopenia,clinicalbert_type3_clinicalbert_pool,lr_lbfgs,2,128,brier,0.23321215770419226
2010,,lab_thrombocytopenia,lab_thrombocytopenia,clinicalbert_type3_clinicalbert_pool,lr_lbfgs,3,128,auroc,0.6601922441257242
2011,,lab_thrombocytopenia,lab_thrombocytopenia,clinicalbert_type3_clinicalbert_pool,lr_lbfgs,3,128,auprc,0.49143195876964585
2012,,lab_thrombocytopenia,lab_thrombocytopenia,clinicalbert_type3_clinicalbert_pool,lr_lbfgs,3,128,brier,0.23067886262361248
2013,,lab_thrombocytopenia,lab_thrombocytopenia,clinicalbert_type3_clinicalbert_pool,lr_lbfgs,4,128,auroc,0.6820333575610669
2014,,lab_thrombocytopenia,lab_thrombocytopenia,clinicalbert_type3_clinicalbert_pool,lr_lbfgs,4,128,auprc,0.5311900768286596
2015,,lab_thrombocytopenia,lab_thrombocytopenia,clinicalbert_type3_clinicalbert_pool,lr_lbfgs,4,128,brier,0.2379986298210131
2016,,lab_thrombocytopenia,lab_thrombocytopenia,clinicalbert_type3_clinicalbert_pool,knn,0,-1,auroc,0.5936248059437983
2017,,lab_thrombocytopenia,lab_thrombocytopenia,clinicalbert_type3_clinicalbert_pool,knn,0,-1,auprc,0.4299279453099933
2018,,lab_thrombocytopenia,lab_thrombocytopenia,clinicalbert_type3_clinicalbert_pool,knn,0,-1,brier,0.30606553303276657
2019,,lab_thrombocytopenia,lab_thrombocytopenia,clinicalbert_type3_clinicalbert_pool,knn,0,1,auroc,0.5339279932023734
2020,,lab_thrombocytopenia,lab_thrombocytopenia,clinicalbert_type3_clinicalbert_pool,knn,0,1,auprc,0.3558715755875809
2021,,lab_thrombocytopenia,lab_thrombocytopenia,clinicalbert_type3_clinicalbert_pool,knn,0,1,brier,0.5347367673683837
2022,,lab_thrombocytopenia,lab_thrombocytopenia,clinicalbert_type3_clinicalbert_pool,knn,1,1,auroc,0.4938916117516901
2023,,lab_thrombocytopenia,lab_thrombocytopenia,clinicalbert_type3_clinicalbert_pool,knn,1,1,auprc,0.33889675277514714
2024,,lab_thrombocytopenia,lab_thrombocytopenia,clinicalbert_type3_clinicalbert_pool,knn,1,1,brier,0.3487876743938372
2025,,lab_thrombocytopenia,lab_thrombocytopenia,clinicalbert_type3_clinicalbert_pool,knn,2,1,auroc,0.5190652434096265
2026,,lab_thrombocytopenia,lab_thrombocytopenia,clinicalbert_type3_clinicalbert_pool,knn,2,1,auprc,0.3487737547506319
2027,,lab_thrombocytopenia,lab_thrombocytopenia,clinicalbert_type3_clinicalbert_pool,knn,2,1,brier,0.45061947530973767
2028,,lab_thrombocytopenia,lab_thrombocytopenia,clinicalbert_type3_clinicalbert_pool,knn,3,1,auroc,0.5379714693598547
2029,,lab_thrombocytopenia,lab_thrombocytopenia,clinicalbert_type3_clinicalbert_pool,knn,3,1,auprc,0.35777777309530745
2030,,lab_thrombocytopenia,lab_thrombocytopenia,clinicalbert_type3_clinicalbert_pool,knn,3,1,brier,0.5635095317547659
2031,,lab_thrombocytopenia,lab_thrombocytopenia,clinicalbert_type3_clinicalbert_pool,knn,4,1,auroc,0.5989540378580052
2032,,lab_thrombocytopenia,lab_thrombocytopenia,clinicalbert_type3_clinicalbert_pool,knn,4,1,auprc,0.3998545847804249
2033,,lab_thrombocytopenia,lab_thrombocytopenia,clinicalbert_type3_clinicalbert_pool,knn,4,1,brier,0.3687564343782172
2034,,lab_thrombocytopenia,lab_thrombocytopenia,clinicalbert_type3_clinicalbert_pool,knn,0,2,auroc,0.48384324066241025
2035,,lab_thrombocytopenia,lab_thrombocytopenia,clinicalbert_type3_clinicalbert_pool,knn,0,2,auprc,0.33264544782145145
2036,,lab_thrombocytopenia,lab_thrombocytopenia,clinicalbert_type3_clinicalbert_pool,knn,0,2,brier,0.30736112590278525
2037,,lab_thrombocytopenia,lab_thrombocytopenia,clinicalbert_type3_clinicalbert_pool,knn,1,2,auroc,0.6563527900641954
2038,,lab_thrombocytopenia,lab_thrombocytopenia,clinicalbert_type3_clinicalbert_pool,knn,1,2,auprc,0.5045439340824449
2039,,lab_thrombocytopenia,lab_thrombocytopenia,clinicalbert_type3_clinicalbert_pool,knn,1,2,brier,0.21175302042172017
2040,,lab_thrombocytopenia,lab_thrombocytopenia,clinicalbert_type3_clinicalbert_pool,knn,2,2,auroc,0.5548759683833112
2041,,lab_thrombocytopenia,lab_thrombocytopenia,clinicalbert_type3_clinicalbert_pool,knn,2,2,auprc,0.3686070282515401
2042,,lab_thrombocytopenia,lab_thrombocytopenia,clinicalbert_type3_clinicalbert_pool,knn,2,2,brier,0.4232312116156058
2043,,lab_thrombocytopenia,lab_thrombocytopenia,clinicalbert_type3_clinicalbert_pool,knn,3,2,auroc,0.4246215727695236
2044,,lab_thrombocytopenia,lab_thrombocytopenia,clinicalbert_type3_clinicalbert_pool,knn,3,2,auprc,0.2851830671193364
2045,,lab_thrombocytopenia,lab_thrombocytopenia,clinicalbert_type3_clinicalbert_pool,knn,3,2,brier,0.33715369472831
2046,,lab_thrombocytopenia,lab_thrombocytopenia,clinicalbert_type3_clinicalbert_pool,knn,4,2,auroc,0.6321461165132571
2047,,lab_thrombocytopenia,lab_thrombocytopenia,clinicalbert_type3_clinicalbert_pool,knn,4,2,auprc,0.4417720638091096
2048,,lab_thrombocytopenia,lab_thrombocytopenia,clinicalbert_type3_clinicalbert_pool,knn,4,2,brier,0.25948808366299425
2049,,lab_thrombocytopenia,lab_thrombocytopenia,clinicalbert_type3_clinicalbert_pool,knn,0,4,auroc,0.4586583190415747
2050,,lab_thrombocytopenia,lab_thrombocytopenia,clinicalbert_type3_clinicalbert_pool,knn,0,4,auprc,0.32302410007540816
2051,,lab_thrombocytopenia,lab_thrombocytopenia,clinicalbert_type3_clinicalbert_pool,knn,0,4,brier,0.5487415243707622
2052,,lab_thrombocytopenia,lab_thrombocytopenia,clinicalbert_type3_clinicalbert_pool,knn,1,4,auroc,0.6604667345530907
2053,,lab_thrombocytopenia,lab_thrombocytopenia,clinicalbert_type3_clinicalbert_pool,knn,1,4,auprc,0.5127735522224715
2054,,lab_thrombocytopenia,lab_thrombocytopenia,clinicalbert_type3_clinicalbert_pool,knn,1,4,brier,0.24067046982345097
2055,,lab_thrombocytopenia,lab_thrombocytopenia,clinicalbert_type3_clinicalbert_pool,knn,2,4,auroc,0.5380375010694562
2056,,lab_thrombocytopenia,lab_thrombocytopenia,clinicalbert_type3_clinicalbert_pool,knn,2,4,auprc,0.35845166652800964
2057,,lab_thrombocytopenia,lab_thrombocytopenia,clinicalbert_type3_clinicalbert_pool,knn,2,4,brier,0.46662998331499167
2058,,lab_thrombocytopenia,lab_thrombocytopenia,clinicalbert_type3_clinicalbert_pool,knn,3,4,auroc,0.44184352026580365
2059,,lab_thrombocytopenia,lab_thrombocytopenia,clinicalbert_type3_clinicalbert_pool,knn,3,4,auprc,0.3052692370515076
2060,,lab_thrombocytopenia,lab_thrombocytopenia,clinicalbert_type3_clinicalbert_pool,knn,3,4,brier,0.32846239995283943
2061,,lab_thrombocytopenia,lab_thrombocytopenia,clinicalbert_type3_clinicalbert_pool,knn,4,4,auroc,0.6250746940784915
2062,,lab_thrombocytopenia,lab_thrombocytopenia,clinicalbert_type3_clinicalbert_pool,knn,4,4,auprc,0.4306528433545902
2063,,lab_thrombocytopenia,lab_thrombocytopenia,clinicalbert_type3_clinicalbert_pool,knn,4,4,brier,0.3109108480397837
2064,,lab_thrombocytopenia,lab_thrombocytopenia,clinicalbert_type3_clinicalbert_pool,knn,0,8,auroc,0.46175910401573383
2065,,lab_thrombocytopenia,lab_thrombocytopenia,clinicalbert_type3_clinicalbert_pool,knn,0,8,auprc,0.32405265762024654
2066,,lab_thrombocytopenia,lab_thrombocytopenia,clinicalbert_type3_clinicalbert_pool,knn,0,8,brier,0.5560900280450141
2067,,lab_thrombocytopenia,lab_thrombocytopenia,clinicalbert_type3_clinicalbert_pool,knn,1,8,auroc,0.6351373660215537
2068,,lab_thrombocytopenia,lab_thrombocytopenia,clinicalbert_type3_clinicalbert_pool,knn,1,8,auprc,0.44191557799062897
2069,,lab_thrombocytopenia,lab_thrombocytopenia,clinicalbert_type3_clinicalbert_pool,knn,1,8,brier,0.29674859281874094
2070,,lab_thrombocytopenia,lab_thrombocytopenia,clinicalbert_type3_clinicalbert_pool,knn,2,8,auroc,0.5584968227768852
2071,,lab_thrombocytopenia,lab_thrombocytopenia,clinicalbert_type3_clinicalbert_pool,knn,2,8,auprc,0.37023221598487266
2072,,lab_thrombocytopenia,lab_thrombocytopenia,clinicalbert_type3_clinicalbert_pool,knn,2,8,brier,0.4380524690262345
2073,,lab_thrombocytopenia,lab_thrombocytopenia,clinicalbert_type3_clinicalbert_pool,knn,3,8,auroc,0.5081890817056294
2074,,lab_thrombocytopenia,lab_thrombocytopenia,clinicalbert_type3_clinicalbert_pool,knn,3,8,auprc,0.34342515412027474
2075,,lab_thrombocytopenia,lab_thrombocytopenia,clinicalbert_type3_clinicalbert_pool,knn,3,8,brier,0.5152472576236288
2076,,lab_thrombocytopenia,lab_thrombocytopenia,clinicalbert_type3_clinicalbert_pool,knn,4,8,auroc,0.6096984830940697
2077,,lab_thrombocytopenia,lab_thrombocytopenia,clinicalbert_type3_clinicalbert_pool,knn,4,8,auprc,0.4250961737171499
2078,,lab_thrombocytopenia,lab_thrombocytopenia,clinicalbert_type3_clinicalbert_pool,knn,4,8,brier,0.2768354566955591
2079,,lab_thrombocytopenia,lab_thrombocytopenia,clinicalbert_type3_clinicalbert_pool,knn,0,12,auroc,0.5100520751803735
2080,,lab_thrombocytopenia,lab_thrombocytopenia,clinicalbert_type3_clinicalbert_pool,knn,0,12,auprc,0.34430956363706305
2081,,lab_thrombocytopenia,lab_thrombocytopenia,clinicalbert_type3_clinicalbert_pool,knn,0,12,brier,0.4928822464411232
2082,,lab_thrombocytopenia,lab_thrombocytopenia,clinicalbert_type3_clinicalbert_pool,knn,1,12,auroc,0.6183547051874498
2083,,lab_thrombocytopenia,lab_thrombocytopenia,clinicalbert_type3_clinicalbert_pool,knn,1,12,auprc,0.42254493897063644
2084,,lab_thrombocytopenia,lab_thrombocytopenia,clinicalbert_type3_clinicalbert_pool,knn,1,12,brier,0.24949270474635243
2085,,lab_thrombocytopenia,lab_thrombocytopenia,clinicalbert_type3_clinicalbert_pool,knn,2,12,auroc,0.5915453535044846
2086,,lab_thrombocytopenia,lab_thrombocytopenia,clinicalbert_type3_clinicalbert_pool,knn,2,12,auprc,0.43987640939624406
2087,,lab_thrombocytopenia,lab_thrombocytopenia,clinicalbert_type3_clinicalbert_pool,knn,2,12,brier,0.2798593273673152
2088,,lab_thrombocytopenia,lab_thrombocytopenia,clinicalbert_type3_clinicalbert_pool,knn,3,12,auroc,0.487362027470402
2089,,lab_thrombocytopenia,lab_thrombocytopenia,clinicalbert_type3_clinicalbert_pool,knn,3,12,auprc,0.33421636663829035
2090,,lab_thrombocytopenia,lab_thrombocytopenia,clinicalbert_type3_clinicalbert_pool,knn,3,12,brier,0.49989349994675
2091,,lab_thrombocytopenia,lab_thrombocytopenia,clinicalbert_type3_clinicalbert_pool,knn,4,12,auroc,0.5800183863665277
2092,,lab_thrombocytopenia,lab_thrombocytopenia,clinicalbert_type3_clinicalbert_pool,knn,4,12,auprc,0.38340397359252787
2093,,lab_thrombocytopenia,lab_thrombocytopenia,clinicalbert_type3_clinicalbert_pool,knn,4,12,brier,0.4233022116511058
2094,,lab_thrombocytopenia,lab_thrombocytopenia,clinicalbert_type3_clinicalbert_pool,knn,0,16,auroc,0.5106684214703407
2095,,lab_thrombocytopenia,lab_thrombocytopenia,clinicalbert_type3_clinicalbert_pool,knn,0,16,auprc,0.3406244616475249
2096,,lab_thrombocytopenia,lab_thrombocytopenia,clinicalbert_type3_clinicalbert_pool,knn,0,16,brier,0.3242358621179311
2097,,lab_thrombocytopenia,lab_thrombocytopenia,clinicalbert_type3_clinicalbert_pool,knn,1,16,auroc,0.6223225614192488
2098,,lab_thrombocytopenia,lab_thrombocytopenia,clinicalbert_type3_clinicalbert_pool,knn,1,16,auprc,0.44964387645641024
2099,,lab_thrombocytopenia,lab_thrombocytopenia,clinicalbert_type3_clinicalbert_pool,knn,1,16,brier,0.27707539189757857
2100,,lab_thrombocytopenia,lab_thrombocytopenia,clinicalbert_type3_clinicalbert_pool,knn,2,16,auroc,0.6024420302825895
2101,,lab_thrombocytopenia,lab_thrombocytopenia,clinicalbert_type3_clinicalbert_pool,knn,2,16,auprc,0.44300747725815787
2102,,lab_thrombocytopenia,lab_thrombocytopenia,clinicalbert_type3_clinicalbert_pool,knn,2,16,brier,0.2873203717753954
2103,,lab_thrombocytopenia,lab_thrombocytopenia,clinicalbert_type3_clinicalbert_pool,knn,3,16,auroc,0.502067486834467
2104,,lab_thrombocytopenia,lab_thrombocytopenia,clinicalbert_type3_clinicalbert_pool,knn,3,16,auprc,0.3406146808188941
2105,,lab_thrombocytopenia,lab_thrombocytopenia,clinicalbert_type3_clinicalbert_pool,knn,3,16,brier,0.4911959955979978
2106,,lab_thrombocytopenia,lab_thrombocytopenia,clinicalbert_type3_clinicalbert_pool,knn,4,16,auroc,0.6539916595471073
2107,,lab_thrombocytopenia,lab_thrombocytopenia,clinicalbert_type3_clinicalbert_pool,knn,4,16,auprc,0.47322679272848855
2108,,lab_thrombocytopenia,lab_thrombocytopenia,clinicalbert_type3_clinicalbert_pool,knn,4,16,brier,0.2787025679275581
2109,,lab_thrombocytopenia,lab_thrombocytopenia,clinicalbert_type3_clinicalbert_pool,knn,0,24,auroc,0.5753541694370972
2110,,lab_thrombocytopenia,lab_thrombocytopenia,clinicalbert_type3_clinicalbert_pool,knn,0,24,auprc,0.39016457442618785
2111,,lab_thrombocytopenia,lab_thrombocytopenia,clinicalbert_type3_clinicalbert_pool,knn,0,24,brier,0.3014498207249104
2112,,lab_thrombocytopenia,lab_thrombocytopenia,clinicalbert_type3_clinicalbert_pool,knn,1,24,auroc,0.5510788796002918
2113,,lab_thrombocytopenia,lab_thrombocytopenia,clinicalbert_type3_clinicalbert_pool,knn,1,24,auprc,0.3660420045624564
2114,,lab_thrombocytopenia,lab_thrombocytopenia,clinicalbert_type3_clinicalbert_pool,knn,1,24,brier,0.4376619688309844
2115,,lab_thrombocytopenia,lab_thrombocytopenia,clinicalbert_type3_clinicalbert_pool,knn,2,24,auroc,0.6259227722122322
2116,,lab_thrombocytopenia,lab_thrombocytopenia,clinicalbert_type3_clinicalbert_pool,knn,2,24,auprc,0.45989529641932203
2117,,lab_thrombocytopenia,lab_thrombocytopenia,clinicalbert_type3_clinicalbert_pool,knn,2,24,brier,0.25671269835634924
2118,,lab_thrombocytopenia,lab_thrombocytopenia,clinicalbert_type3_clinicalbert_pool,knn,3,24,auroc,0.5695885360344369
2119,,lab_thrombocytopenia,lab_thrombocytopenia,clinicalbert_type3_clinicalbert_pool,knn,3,24,auprc,0.376854842723476
2120,,lab_thrombocytopenia,lab_thrombocytopenia,clinicalbert_type3_clinicalbert_pool,knn,3,24,brier,0.4316979658489829
2121,,lab_thrombocytopenia,lab_thrombocytopenia,clinicalbert_type3_clinicalbert_pool,knn,4,24,auroc,0.6169502169468736
2122,,lab_thrombocytopenia,lab_thrombocytopenia,clinicalbert_type3_clinicalbert_pool,knn,4,24,auprc,0.43966654734142474
2123,,lab_thrombocytopenia,lab_thrombocytopenia,clinicalbert_type3_clinicalbert_pool,knn,4,24,brier,0.26592848907587907
2124,,lab_thrombocytopenia,lab_thrombocytopenia,clinicalbert_type3_clinicalbert_pool,knn,0,32,auroc,0.5769192757482972
2125,,lab_thrombocytopenia,lab_thrombocytopenia,clinicalbert_type3_clinicalbert_pool,knn,0,32,auprc,0.3976831584928474
2126,,lab_thrombocytopenia,lab_thrombocytopenia,clinicalbert_type3_clinicalbert_pool,knn,0,32,brier,0.30979287711866077
2127,,lab_thrombocytopenia,lab_thrombocytopenia,clinicalbert_type3_clinicalbert_pool,knn,1,32,auroc,0.6231972866747534
2128,,lab_thrombocytopenia,lab_thrombocytopenia,clinicalbert_type3_clinicalbert_pool,knn,1,32,auprc,0.4253148547426222
2129,,lab_thrombocytopenia,lab_thrombocytopenia,clinicalbert_type3_clinicalbert_pool,knn,1,32,brier,0.28116014058007033
2130,,lab_thrombocytopenia,lab_thrombocytopenia,clinicalbert_type3_clinicalbert_pool,knn,2,32,auroc,0.618566573719826
2131,,lab_thrombocytopenia,lab_thrombocytopenia,clinicalbert_type3_clinicalbert_pool,knn,2,32,auprc,0.4416104513242195
2132,,lab_thrombocytopenia,lab_thrombocytopenia,clinicalbert_type3_clinicalbert_pool,knn,2,32,brier,0.25391245695622855
2133,,lab_thrombocytopenia,lab_thrombocytopenia,clinicalbert_type3_clinicalbert_pool,knn,3,32,auroc,0.5888439284055126
2134,,lab_thrombocytopenia,lab_thrombocytopenia,clinicalbert_type3_clinicalbert_pool,knn,3,32,auprc,0.40636855116601395
2135,,lab_thrombocytopenia,lab_thrombocytopenia,clinicalbert_type3_clinicalbert_pool,knn,3,32,brier,0.2985459710026211
2136,,lab_thrombocytopenia,lab_thrombocytopenia,clinicalbert_type3_clinicalbert_pool,knn,4,32,auroc,0.6370226992250627
2137,,lab_thrombocytopenia,lab_thrombocytopenia,clinicalbert_type3_clinicalbert_pool,knn,4,32,auprc,0.4811062590551228
2138,,lab_thrombocytopenia,lab_thrombocytopenia,clinicalbert_type3_clinicalbert_pool,knn,4,32,brier,0.24586894677336096
2139,,lab_thrombocytopenia,lab_thrombocytopenia,clinicalbert_type3_clinicalbert_pool,knn,0,48,auroc,0.617632710830976
2140,,lab_thrombocytopenia,lab_thrombocytopenia,clinicalbert_type3_clinicalbert_pool,knn,0,48,auprc,0.45460756717817946
2141,,lab_thrombocytopenia,lab_thrombocytopenia,clinicalbert_type3_clinicalbert_pool,knn,0,48,brier,0.2616273208136604
2142,,lab_thrombocytopenia,lab_thrombocytopenia,clinicalbert_type3_clinicalbert_pool,knn,1,48,auroc,0.6345932867314287
2143,,lab_thrombocytopenia,lab_thrombocytopenia,clinicalbert_type3_clinicalbert_pool,knn,1,48,auprc,0.44358165214341605
2144,,lab_thrombocytopenia,lab_thrombocytopenia,clinicalbert_type3_clinicalbert_pool,knn,1,48,brier,0.28163939081969547
2145,,lab_thrombocytopenia,lab_thrombocytopenia,clinicalbert_type3_clinicalbert_pool,knn,2,48,auroc,0.6056246564260613
2146,,lab_thrombocytopenia,lab_thrombocytopenia,clinicalbert_type3_clinicalbert_pool,knn,2,48,auprc,0.440695118824134
2147,,lab_thrombocytopenia,lab_thrombocytopenia,clinicalbert_type3_clinicalbert_pool,knn,2,48,brier,0.26667258333629174
2148,,lab_thrombocytopenia,lab_thrombocytopenia,clinicalbert_type3_clinicalbert_pool,knn,3,48,auroc,0.5991577432028992
2149,,lab_thrombocytopenia,lab_thrombocytopenia,clinicalbert_type3_clinicalbert_pool,knn,3,48,auprc,0.42305489711522204
2150,,lab_thrombocytopenia,lab_thrombocytopenia,clinicalbert_type3_clinicalbert_pool,knn,3,48,brier,0.29466593737297264
2151,,lab_thrombocytopenia,lab_thrombocytopenia,clinicalbert_type3_clinicalbert_pool,knn,4,48,auroc,0.5863135551991753
2152,,lab_thrombocytopenia,lab_thrombocytopenia,clinicalbert_type3_clinicalbert_pool,knn,4,48,auprc,0.44099633768634067
2153,,lab_thrombocytopenia,lab_thrombocytopenia,clinicalbert_type3_clinicalbert_pool,knn,4,48,brier,0.27863201449086666
2154,,lab_thrombocytopenia,lab_thrombocytopenia,clinicalbert_type3_clinicalbert_pool,knn,0,64,auroc,0.6206009337312721
2155,,lab_thrombocytopenia,lab_thrombocytopenia,clinicalbert_type3_clinicalbert_pool,knn,0,64,auprc,0.48563483915230565
2156,,lab_thrombocytopenia,lab_thrombocytopenia,clinicalbert_type3_clinicalbert_pool,knn,0,64,brier,0.25916250220004894
2157,,lab_thrombocytopenia,lab_thrombocytopenia,clinicalbert_type3_clinicalbert_pool,knn,1,64,auroc,0.6423742729750257
2158,,lab_thrombocytopenia,lab_thrombocytopenia,clinicalbert_type3_clinicalbert_pool,knn,1,64,auprc,0.45393423663123655
2159,,lab_thrombocytopenia,lab_thrombocytopenia,clinicalbert_type3_clinicalbert_pool,knn,1,64,brier,0.26103234051617036
2160,,lab_thrombocytopenia,lab_thrombocytopenia,clinicalbert_type3_clinicalbert_pool,knn,2,64,auroc,0.6173440796811828
2161,,lab_thrombocytopenia,lab_thrombocytopenia,clinicalbert_type3_clinicalbert_pool,knn,2,64,auprc,0.4584828921877211
2162,,lab_thrombocytopenia,lab_thrombocytopenia,clinicalbert_type3_clinicalbert_pool,knn,2,64,brier,0.25752706876353443
2163,,lab_thrombocytopenia,lab_thrombocytopenia,clinicalbert_type3_clinicalbert_pool,knn,3,64,auroc,0.6270061549450353
2164,,lab_thrombocytopenia,lab_thrombocytopenia,clinicalbert_type3_clinicalbert_pool,knn,3,64,auprc,0.463653331001647
2165,,lab_thrombocytopenia,lab_thrombocytopenia,clinicalbert_type3_clinicalbert_pool,knn,3,64,brier,0.2546564703219808
2166,,lab_thrombocytopenia,lab_thrombocytopenia,clinicalbert_type3_clinicalbert_pool,knn,4,64,auroc,0.6190158903639716
2167,,lab_thrombocytopenia,lab_thrombocytopenia,clinicalbert_type3_clinicalbert_pool,knn,4,64,auprc,0.4878338366672845
2168,,lab_thrombocytopenia,lab_thrombocytopenia,clinicalbert_type3_clinicalbert_pool,knn,4,64,brier,0.25618464372660854
2169,,lab_thrombocytopenia,lab_thrombocytopenia,clinicalbert_type3_clinicalbert_pool,knn,0,128,auroc,0.6446008383716452
2170,,lab_thrombocytopenia,lab_thrombocytopenia,clinicalbert_type3_clinicalbert_pool,knn,0,128,auprc,0.4845965918847225
2171,,lab_thrombocytopenia,lab_thrombocytopenia,clinicalbert_type3_clinicalbert_pool,knn,0,128,brier,0.26570665416099915
2172,,lab_thrombocytopenia,lab_thrombocytopenia,clinicalbert_type3_clinicalbert_pool,knn,1,128,auroc,0.6589669744769174
2173,,lab_thrombocytopenia,lab_thrombocytopenia,clinicalbert_type3_clinicalbert_pool,knn,1,128,auprc,0.4768007779725798
2174,,lab_thrombocytopenia,lab_thrombocytopenia,clinicalbert_type3_clinicalbert_pool,knn,1,128,brier,0.26140154070077043
2175,,lab_thrombocytopenia,lab_thrombocytopenia,clinicalbert_type3_clinicalbert_pool,knn,2,128,auroc,0.6196767651104094
2176,,lab_thrombocytopenia,lab_thrombocytopenia,clinicalbert_type3_clinicalbert_pool,knn,2,128,auprc,0.444985584227471
2177,,lab_thrombocytopenia,lab_thrombocytopenia,clinicalbert_type3_clinicalbert_pool,knn,2,128,brier,0.26617914245586427
2178,,lab_thrombocytopenia,lab_thrombocytopenia,clinicalbert_type3_clinicalbert_pool,knn,3,128,auroc,0.6206571117438613
2179,,lab_thrombocytopenia,lab_thrombocytopenia,clinicalbert_type3_clinicalbert_pool,knn,3,128,auprc,0.46760460749622634
2180,,lab_thrombocytopenia,lab_thrombocytopenia,clinicalbert_type3_clinicalbert_pool,knn,3,128,brier,0.25951782255467976
2181,,lab_thrombocytopenia,lab_thrombocytopenia,clinicalbert_type3_clinicalbert_pool,knn,4,128,auroc,0.6154180190339068
2182,,lab_thrombocytopenia,lab_thrombocytopenia,clinicalbert_type3_clinicalbert_pool,knn,4,128,auprc,0.4609756573772399
2183,,lab_thrombocytopenia,lab_thrombocytopenia,clinicalbert_type3_clinicalbert_pool,knn,4,128,brier,0.27220287465287624
2184,,lab_thrombocytopenia,lab_thrombocytopenia,clinicalbert_type3_clinicalbert_pool,rf,0,-1,auroc,0.7427059300154029
2185,,lab_thrombocytopenia,lab_thrombocytopenia,clinicalbert_type3_clinicalbert_pool,rf,0,-1,auprc,0.6338331123573121
2186,,lab_thrombocytopenia,lab_thrombocytopenia,clinicalbert_type3_clinicalbert_pool,rf,0,-1,brier,0.18682305994491163
2187,,lab_thrombocytopenia,lab_thrombocytopenia,clinicalbert_type3_clinicalbert_pool,rf,0,1,auroc,0.46968496348464994
2188,,lab_thrombocytopenia,lab_thrombocytopenia,clinicalbert_type3_clinicalbert_pool,rf,0,1,auprc,0.3043702305302096
2189,,lab_thrombocytopenia,lab_thrombocytopenia,clinicalbert_type3_clinicalbert_pool,rf,0,1,brier,0.24973338046946797
2190,,lab_thrombocytopenia,lab_thrombocytopenia,clinicalbert_type3_clinicalbert_pool,rf,1,1,auroc,0.5967856521159196
2191,,lab_thrombocytopenia,lab_thrombocytopenia,clinicalbert_type3_clinicalbert_pool,rf,1,1,auprc,0.39367546902409334
2192,,lab_thrombocytopenia,lab_thrombocytopenia,clinicalbert_type3_clinicalbert_pool,rf,1,1,brier,0.2509796229898115
2193,,lab_thrombocytopenia,lab_thrombocytopenia,clinicalbert_type3_clinicalbert_pool,rf,2,1,auroc,0.441881959516779
2194,,lab_thrombocytopenia,lab_thrombocytopenia,clinicalbert_type3_clinicalbert_pool,rf,2,1,auprc,0.31170661320842424
2195,,lab_thrombocytopenia,lab_thrombocytopenia,clinicalbert_type3_clinicalbert_pool,rf,2,1,brier,0.31369093684546845
2196,,lab_thrombocytopenia,lab_thrombocytopenia,clinicalbert_type3_clinicalbert_pool,rf,3,1,auroc,0.44893446116768765
2197,,lab_thrombocytopenia,lab_thrombocytopenia,clinicalbert_type3_clinicalbert_pool,rf,3,1,auprc,0.31026310112241456
2198,,lab_thrombocytopenia,lab_thrombocytopenia,clinicalbert_type3_clinicalbert_pool,rf,3,1,brier,0.38004961127480563
2199,,lab_thrombocytopenia,lab_thrombocytopenia,clinicalbert_type3_clinicalbert_pool,rf,4,1,auroc,0.6220976653582994
2200,,lab_thrombocytopenia,lab_thrombocytopenia,clinicalbert_type3_clinicalbert_pool,rf,4,1,auprc,0.43967727018685715
2201,,lab_thrombocytopenia,lab_thrombocytopenia,clinicalbert_type3_clinicalbert_pool,rf,4,1,brier,0.24042267031133516
2202,,lab_thrombocytopenia,lab_thrombocytopenia,clinicalbert_type3_clinicalbert_pool,rf,0,2,auroc,0.48352068835379275
2203,,lab_thrombocytopenia,lab_thrombocytopenia,clinicalbert_type3_clinicalbert_pool,rf,0,2,auprc,0.3232951474959319
2204,,lab_thrombocytopenia,lab_thrombocytopenia,clinicalbert_type3_clinicalbert_pool,rf,0,2,brier,0.29897262948631476
2205,,lab_thrombocytopenia,lab_thrombocytopenia,clinicalbert_type3_clinicalbert_pool,rf,1,2,auroc,0.565055128161924
2206,,lab_thrombocytopenia,lab_thrombocytopenia,clinicalbert_type3_clinicalbert_pool,rf,1,2,auprc,0.37207848896498763
2207,,lab_thrombocytopenia,lab_thrombocytopenia,clinicalbert_type3_clinicalbert_pool,rf,1,2,brier,0.2312634012567007
2208,,lab_thrombocytopenia,lab_thrombocytopenia,clinicalbert_type3_clinicalbert_pool,rf,2,2,auroc,0.5415706027778405
2209,,lab_thrombocytopenia,lab_thrombocytopenia,clinicalbert_type3_clinicalbert_pool,rf,2,2,auprc,0.3662261620364767
2210,,lab_thrombocytopenia,lab_thrombocytopenia,clinicalbert_type3_clinicalbert_pool,rf,2,2,brier,0.2696790798395399
2211,,lab_thrombocytopenia,lab_thrombocytopenia,clinicalbert_type3_clinicalbert_pool,rf,3,2,auroc,0.3874247725541633
2212,,lab_thrombocytopenia,lab_thrombocytopenia,clinicalbert_type3_clinicalbert_pool,rf,3,2,auprc,0.2837850419258192
2213,,lab_thrombocytopenia,lab_thrombocytopenia,clinicalbert_type3_clinicalbert_pool,rf,3,2,brier,0.4326614363307182
2214,,lab_thrombocytopenia,lab_thrombocytopenia,clinicalbert_type3_clinicalbert_pool,rf,4,2,auroc,0.6381412757395686
2215,,lab_thrombocytopenia,lab_thrombocytopenia,clinicalbert_type3_clinicalbert_pool,rf,4,2,auprc,0.43313286636063547
2216,,lab_thrombocytopenia,lab_thrombocytopenia,clinicalbert_type3_clinicalbert_pool,rf,4,2,brier,0.22854463239731626
2217,,lab_thrombocytopenia,lab_thrombocytopenia,clinicalbert_type3_clinicalbert_pool,rf,0,4,auroc,0.42325028579900204
2218,,lab_thrombocytopenia,lab_thrombocytopenia,clinicalbert_type3_clinicalbert_pool,rf,0,4,auprc,0.29710042200989994
2219,,lab_thrombocytopenia,lab_thrombocytopenia,clinicalbert_type3_clinicalbert_pool,rf,0,4,brier,0.29147054386027194
2220,,lab_thrombocytopenia,lab_thrombocytopenia,clinicalbert_type3_clinicalbert_pool,rf,1,4,auroc,0.6138926393455015
2221,,lab_thrombocytopenia,lab_thrombocytopenia,clinicalbert_type3_clinicalbert_pool,rf,1,4,auprc,0.4253823333760699
2222,,lab_thrombocytopenia,lab_thrombocytopenia,clinicalbert_type3_clinicalbert_pool,rf,1,4,brier,0.25717060421030213
2223,,lab_thrombocytopenia,lab_thrombocytopenia,clinicalbert_type3_clinicalbert_pool,rf,2,4,auroc,0.42881710629107955
2224,,lab_thrombocytopenia,lab_thrombocytopenia,clinicalbert_type3_clinicalbert_pool,rf,2,4,auprc,0.3019079748825238
2225,,lab_thrombocytopenia,lab_thrombocytopenia,clinicalbert_type3_clinicalbert_pool,rf,2,4,brier,0.3300502325251163
2226,,lab_thrombocytopenia,lab_thrombocytopenia,clinicalbert_type3_clinicalbert_pool,rf,3,4,auroc,0.39802003927890117
2227,,lab_thrombocytopenia,lab_thrombocytopenia,clinicalbert_type3_clinicalbert_pool,rf,3,4,auprc,0.2842789555783713
2228,,lab_thrombocytopenia,lab_thrombocytopenia,clinicalbert_type3_clinicalbert_pool,rf,3,4,brier,0.3381549309524655
2229,,lab_thrombocytopenia,lab_thrombocytopenia,clinicalbert_type3_clinicalbert_pool,rf,4,4,auroc,0.618960786917058
2230,,lab_thrombocytopenia,lab_thrombocytopenia,clinicalbert_type3_clinicalbert_pool,rf,4,4,auprc,0.4261056801452283
2231,,lab_thrombocytopenia,lab_thrombocytopenia,clinicalbert_type3_clinicalbert_pool,rf,4,4,brier,0.24806429053214527
2232,,lab_thrombocytopenia,lab_thrombocytopenia,clinicalbert_type3_clinicalbert_pool,rf,0,8,auroc,0.4229055265020856
2233,,lab_thrombocytopenia,lab_thrombocytopenia,clinicalbert_type3_clinicalbert_pool,rf,0,8,auprc,0.30604000328960634
2234,,lab_thrombocytopenia,lab_thrombocytopenia,clinicalbert_type3_clinicalbert_pool,rf,0,8,brier,0.2910016330008165
2235,,lab_thrombocytopenia,lab_thrombocytopenia,clinicalbert_type3_clinicalbert_pool,rf,1,8,auroc,0.6563291243354336
2236,,lab_thrombocytopenia,lab_thrombocytopenia,clinicalbert_type3_clinicalbert_pool,rf,1,8,auprc,0.49990729511503246
2237,,lab_thrombocytopenia,lab_thrombocytopenia,clinicalbert_type3_clinicalbert_pool,rf,1,8,brier,0.2833412172956086
2238,,lab_thrombocytopenia,lab_thrombocytopenia,clinicalbert_type3_clinicalbert_pool,rf,2,8,auroc,0.5641246933482785
2239,,lab_thrombocytopenia,lab_thrombocytopenia,clinicalbert_type3_clinicalbert_pool,rf,2,8,auprc,0.376973845305748
2240,,lab_thrombocytopenia,lab_thrombocytopenia,clinicalbert_type3_clinicalbert_pool,rf,2,8,brier,0.2619556391778196
2241,,lab_thrombocytopenia,lab_thrombocytopenia,clinicalbert_type3_clinicalbert_pool,rf,3,8,auroc,0.44708610777236063
2242,,lab_thrombocytopenia,lab_thrombocytopenia,clinicalbert_type3_clinicalbert_pool,rf,3,8,auprc,0.30578456069071386
2243,,lab_thrombocytopenia,lab_thrombocytopenia,clinicalbert_type3_clinicalbert_pool,rf,3,8,brier,0.30885885192942597
2244,,lab_thrombocytopenia,lab_thrombocytopenia,clinicalbert_type3_clinicalbert_pool,rf,4,8,auroc,0.628622351586632
2245,,lab_thrombocytopenia,lab_thrombocytopenia,clinicalbert_type3_clinicalbert_pool,rf,4,8,auprc,0.4453309066735617
2246,,lab_thrombocytopenia,lab_thrombocytopenia,clinicalbert_type3_clinicalbert_pool,rf,4,8,brier,0.2581149632574816
2247,,lab_thrombocytopenia,lab_thrombocytopenia,clinicalbert_type3_clinicalbert_pool,rf,0,12,auroc,0.5681558997918035
2248,,lab_thrombocytopenia,lab_thrombocytopenia,clinicalbert_type3_clinicalbert_pool,rf,0,12,auprc,0.3833271273561172
2249,,lab_thrombocytopenia,lab_thrombocytopenia,clinicalbert_type3_clinicalbert_pool,rf,0,12,brier,0.28603766551883275
2250,,lab_thrombocytopenia,lab_thrombocytopenia,clinicalbert_type3_clinicalbert_pool,rf,1,12,auroc,0.5607498576056502
2251,,lab_thrombocytopenia,lab_thrombocytopenia,clinicalbert_type3_clinicalbert_pool,rf,1,12,auprc,0.37951164621720657
2252,,lab_thrombocytopenia,lab_thrombocytopenia,clinicalbert_type3_clinicalbert_pool,rf,1,12,brier,0.24528559764279884
2253,,lab_thrombocytopenia,lab_thrombocytopenia,clinicalbert_type3_clinicalbert_pool,rf,2,12,auroc,0.5583356674234234
2254,,lab_thrombocytopenia,lab_thrombocytopenia,clinicalbert_type3_clinicalbert_pool,rf,2,12,auprc,0.37964530975422917
2255,,lab_thrombocytopenia,lab_thrombocytopenia,clinicalbert_type3_clinicalbert_pool,rf,2,12,brier,0.26607653803826903
2256,,lab_thrombocytopenia,lab_thrombocytopenia,clinicalbert_type3_clinicalbert_pool,rf,3,12,auroc,0.38142653712023145
2257,,lab_thrombocytopenia,lab_thrombocytopenia,clinicalbert_type3_clinicalbert_pool,rf,3,12,auprc,0.2805070337359121
2258,,lab_thrombocytopenia,lab_thrombocytopenia,clinicalbert_type3_clinicalbert_pool,rf,3,12,brier,0.32089073982037
2259,,lab_thrombocytopenia,lab_thrombocytopenia,clinicalbert_type3_clinicalbert_pool,rf,4,12,auroc,0.5979426791186886
2260,,lab_thrombocytopenia,lab_thrombocytopenia,clinicalbert_type3_clinicalbert_pool,rf,4,12,auprc,0.419997311258962
2261,,lab_thrombocytopenia,lab_thrombocytopenia,clinicalbert_type3_clinicalbert_pool,rf,4,12,brier,0.2590712751606376
2262,,lab_thrombocytopenia,lab_thrombocytopenia,clinicalbert_type3_clinicalbert_pool,rf,0,16,auroc,0.5342666829590489
2263,,lab_thrombocytopenia,lab_thrombocytopenia,clinicalbert_type3_clinicalbert_pool,rf,0,16,auprc,0.3584239141800075
2264,,lab_thrombocytopenia,lab_thrombocytopenia,clinicalbert_type3_clinicalbert_pool,rf,0,16,brier,0.26293749689374846
2265,,lab_thrombocytopenia,lab_thrombocytopenia,clinicalbert_type3_clinicalbert_pool,rf,1,16,auroc,0.6487613691453963
2266,,lab_thrombocytopenia,lab_thrombocytopenia,clinicalbert_type3_clinicalbert_pool,rf,1,16,auprc,0.48511149008060633
2267,,lab_thrombocytopenia,lab_thrombocytopenia,clinicalbert_type3_clinicalbert_pool,rf,1,16,brier,0.2446200788100394
2268,,lab_thrombocytopenia,lab_thrombocytopenia,clinicalbert_type3_clinicalbert_pool,rf,2,16,auroc,0.5424744902006542
2269,,lab_thrombocytopenia,lab_thrombocytopenia,clinicalbert_type3_clinicalbert_pool,rf,2,16,auprc,0.3620541827570396
2270,,lab_thrombocytopenia,lab_thrombocytopenia,clinicalbert_type3_clinicalbert_pool,rf,2,16,brier,0.26797857870274094
2271,,lab_thrombocytopenia,lab_thrombocytopenia,clinicalbert_type3_clinicalbert_pool,rf,3,16,auroc,0.39545017402815863
2272,,lab_thrombocytopenia,lab_thrombocytopenia,clinicalbert_type3_clinicalbert_pool,rf,3,16,auprc,0.29440671253583106
2273,,lab_thrombocytopenia,lab_thrombocytopenia,clinicalbert_type3_clinicalbert_pool,rf,3,16,brier,0.2973276474138237
2274,,lab_thrombocytopenia,lab_thrombocytopenia,clinicalbert_type3_clinicalbert_pool,rf,4,16,auroc,0.6667466909069579
2275,,lab_thrombocytopenia,lab_thrombocytopenia,clinicalbert_type3_clinicalbert_pool,rf,4,16,auprc,0.5025381237281354
2276,,lab_thrombocytopenia,lab_thrombocytopenia,clinicalbert_type3_clinicalbert_pool,rf,4,16,brier,0.23924394902197452
2277,,lab_thrombocytopenia,lab_thrombocytopenia,clinicalbert_type3_clinicalbert_pool,rf,0,24,auroc,0.6341895393975647
2278,,lab_thrombocytopenia,lab_thrombocytopenia,clinicalbert_type3_clinicalbert_pool,rf,0,24,auprc,0.4680679063903256
2279,,lab_thrombocytopenia,lab_thrombocytopenia,clinicalbert_type3_clinicalbert_pool,rf,0,24,brier,0.23911369768184887
2280,,lab_thrombocytopenia,lab_thrombocytopenia,clinicalbert_type3_clinicalbert_pool,rf,1,24,auroc,0.6451027778313538
2281,,lab_thrombocytopenia,lab_thrombocytopenia,clinicalbert_type3_clinicalbert_pool,rf,1,24,auprc,0.44927398926343265
2282,,lab_thrombocytopenia,lab_thrombocytopenia,clinicalbert_type3_clinicalbert_pool,rf,1,24,brier,0.2362979972791878
2283,,lab_thrombocytopenia,lab_thrombocytopenia,clinicalbert_type3_clinicalbert_pool,rf,2,24,auroc,0.6059837502886245
2284,,lab_thrombocytopenia,lab_thrombocytopenia,clinicalbert_type3_clinicalbert_pool,rf,2,24,auprc,0.4424120815489543
2285,,lab_thrombocytopenia,lab_thrombocytopenia,clinicalbert_type3_clinicalbert_pool,rf,2,24,brier,0.2558615365414274
2286,,lab_thrombocytopenia,lab_thrombocytopenia,clinicalbert_type3_clinicalbert_pool,rf,3,24,auroc,0.5559586459762852
2287,,lab_thrombocytopenia,lab_thrombocytopenia,clinicalbert_type3_clinicalbert_pool,rf,3,24,auprc,0.3976282361929225
2288,,lab_thrombocytopenia,lab_thrombocytopenia,clinicalbert_type3_clinicalbert_pool,rf,3,24,brier,0.2647154673577337
2289,,lab_thrombocytopenia,lab_thrombocytopenia,clinicalbert_type3_clinicalbert_pool,rf,4,24,auroc,0.6639910824140366
2290,,lab_thrombocytopenia,lab_thrombocytopenia,clinicalbert_type3_clinicalbert_pool,rf,4,24,auprc,0.4757814749548843
2291,,lab_thrombocytopenia,lab_thrombocytopenia,clinicalbert_type3_clinicalbert_pool,rf,4,24,brier,0.23630129752564874
2292,,lab_thrombocytopenia,lab_thrombocytopenia,clinicalbert_type3_clinicalbert_pool,rf,0,32,auroc,0.638370674441398
2293,,lab_thrombocytopenia,lab_thrombocytopenia,clinicalbert_type3_clinicalbert_pool,rf,0,32,auprc,0.5039918921637792
2294,,lab_thrombocytopenia,lab_thrombocytopenia,clinicalbert_type3_clinicalbert_pool,rf,0,32,brier,0.2353901733978645
2295,,lab_thrombocytopenia,lab_thrombocytopenia,clinicalbert_type3_clinicalbert_pool,rf,1,32,auroc,0.5982146566075015
2296,,lab_thrombocytopenia,lab_thrombocytopenia,clinicalbert_type3_clinicalbert_pool,rf,1,32,auprc,0.4134531665689809
2297,,lab_thrombocytopenia,lab_thrombocytopenia,clinicalbert_type3_clinicalbert_pool,rf,1,32,brier,0.24417452081939112
2298,,lab_thrombocytopenia,lab_thrombocytopenia,clinicalbert_type3_clinicalbert_pool,rf,2,32,auroc,0.5835703316024131
2299,,lab_thrombocytopenia,lab_thrombocytopenia,clinicalbert_type3_clinicalbert_pool,rf,2,32,auprc,0.4079276251374055
2300,,lab_thrombocytopenia,lab_thrombocytopenia,clinicalbert_type3_clinicalbert_pool,rf,2,32,brier,0.2594533602129096
2301,,lab_thrombocytopenia,lab_thrombocytopenia,clinicalbert_type3_clinicalbert_pool,rf,3,32,auroc,0.5293913700607998
2302,,lab_thrombocytopenia,lab_thrombocytopenia,clinicalbert_type3_clinicalbert_pool,rf,3,32,auprc,0.35851945883541464
2303,,lab_thrombocytopenia,lab_thrombocytopenia,clinicalbert_type3_clinicalbert_pool,rf,3,32,brier,0.2939788419894211
2304,,lab_thrombocytopenia,lab_thrombocytopenia,clinicalbert_type3_clinicalbert_pool,rf,4,32,auroc,0.6263666549252457
2305,,lab_thrombocytopenia,lab_thrombocytopenia,clinicalbert_type3_clinicalbert_pool,rf,4,32,auprc,0.45629417518961285
2306,,lab_thrombocytopenia,lab_thrombocytopenia,clinicalbert_type3_clinicalbert_pool,rf,4,32,brier,0.240432552509637
2307,,lab_thrombocytopenia,lab_thrombocytopenia,clinicalbert_type3_clinicalbert_pool,rf,0,48,auroc,0.6219943441127624
2308,,lab_thrombocytopenia,lab_thrombocytopenia,clinicalbert_type3_clinicalbert_pool,rf,0,48,auprc,0.47057328711370294
2309,,lab_thrombocytopenia,lab_thrombocytopenia,clinicalbert_type3_clinicalbert_pool,rf,0,48,brier,0.2582069817961607
2310,,lab_thrombocytopenia,lab_thrombocytopenia,clinicalbert_type3_clinicalbert_pool,rf,1,48,auroc,0.6742562460748768
2311,,lab_thrombocytopenia,lab_thrombocytopenia,clinicalbert_type3_clinicalbert_pool,rf,1,48,auprc,0.533369009228803
2312,,lab_thrombocytopenia,lab_thrombocytopenia,clinicalbert_type3_clinicalbert_pool,rf,1,48,brier,0.23214115635391153
2313,,lab_thrombocytopenia,lab_thrombocytopenia,clinicalbert_type3_clinicalbert_pool,rf,2,48,auroc,0.6236427117055602
2314,,lab_thrombocytopenia,lab_thrombocytopenia,clinicalbert_type3_clinicalbert_pool,rf,2,48,auprc,0.4569709376446858
2315,,lab_thrombocytopenia,lab_thrombocytopenia,clinicalbert_type3_clinicalbert_pool,rf,2,48,brier,0.25420224360112187
2316,,lab_thrombocytopenia,lab_thrombocytopenia,clinicalbert_type3_clinicalbert_pool,rf,3,48,auroc,0.6010669605599576
2317,,lab_thrombocytopenia,lab_thrombocytopenia,clinicalbert_type3_clinicalbert_pool,rf,3,48,auprc,0.44167800158219683
2318,,lab_thrombocytopenia,lab_thrombocytopenia,clinicalbert_type3_clinicalbert_pool,rf,3,48,brier,0.2474579348456341
2319,,lab_thrombocytopenia,lab_thrombocytopenia,clinicalbert_type3_clinicalbert_pool,rf,4,48,auroc,0.6285633073632442
2320,,lab_thrombocytopenia,lab_thrombocytopenia,clinicalbert_type3_clinicalbert_pool,rf,4,48,auprc,0.47926879672029604
2321,,lab_thrombocytopenia,lab_thrombocytopenia,clinicalbert_type3_clinicalbert_pool,rf,4,48,brier,0.23767918456459228
2322,,lab_thrombocytopenia,lab_thrombocytopenia,clinicalbert_type3_clinicalbert_pool,rf,0,64,auroc,0.6386153087989144
2323,,lab_thrombocytopenia,lab_thrombocytopenia,clinicalbert_type3_clinicalbert_pool,rf,0,64,auprc,0.489195047705278
2324,,lab_thrombocytopenia,lab_thrombocytopenia,clinicalbert_type3_clinicalbert_pool,rf,0,64,brier,0.23483427987447925
2325,,lab_thrombocytopenia,lab_thrombocytopenia,clinicalbert_type3_clinicalbert_pool,rf,1,64,auroc,0.6558798610684066
2326,,lab_thrombocytopenia,lab_thrombocytopenia,clinicalbert_type3_clinicalbert_pool,rf,1,64,auprc,0.5033542901234738
2327,,lab_thrombocytopenia,lab_thrombocytopenia,clinicalbert_type3_clinicalbert_pool,rf,1,64,brier,0.23181730145598864
2328,,lab_thrombocytopenia,lab_thrombocytopenia,clinicalbert_type3_clinicalbert_pool,rf,2,64,auroc,0.6552571769479447
2329,,lab_thrombocytopenia,lab_thrombocytopenia,clinicalbert_type3_clinicalbert_pool,rf,2,64,auprc,0.5200890377217633
2330,,lab_thrombocytopenia,lab_thrombocytopenia,clinicalbert_type3_clinicalbert_pool,rf,2,64,brier,0.23063943761316008
2331,,lab_thrombocytopenia,lab_thrombocytopenia,clinicalbert_type3_clinicalbert_pool,rf,3,64,auroc,0.6460481975686955
2332,,lab_thrombocytopenia,lab_thrombocytopenia,clinicalbert_type3_clinicalbert_pool,rf,3,64,auprc,0.47780107318632803
2333,,lab_thrombocytopenia,lab_thrombocytopenia,clinicalbert_type3_clinicalbert_pool,rf,3,64,brier,0.23899721324860665
2334,,lab_thrombocytopenia,lab_thrombocytopenia,clinicalbert_type3_clinicalbert_pool,rf,4,64,auroc,0.6571535599173193
2335,,lab_thrombocytopenia,lab_thrombocytopenia,clinicalbert_type3_clinicalbert_pool,rf,4,64,auprc,0.5020208784260443
2336,,lab_thrombocytopenia,lab_thrombocytopenia,clinicalbert_type3_clinicalbert_pool,rf,4,64,brier,0.2303527223093008
2337,,lab_thrombocytopenia,lab_thrombocytopenia,clinicalbert_type3_clinicalbert_pool,rf,0,128,auroc,0.6664874635261684
2338,,lab_thrombocytopenia,lab_thrombocytopenia,clinicalbert_type3_clinicalbert_pool,rf,0,128,auprc,0.5227409570161121
2339,,lab_thrombocytopenia,lab_thrombocytopenia,clinicalbert_type3_clinicalbert_pool,rf,0,128,brier,0.23197562619989412
2340,,lab_thrombocytopenia,lab_thrombocytopenia,clinicalbert_type3_clinicalbert_pool,rf,1,128,auroc,0.6652842660182032
2341,,lab_thrombocytopenia,lab_thrombocytopenia,clinicalbert_type3_clinicalbert_pool,rf,1,128,auprc,0.5113447141452764
2342,,lab_thrombocytopenia,lab_thrombocytopenia,clinicalbert_type3_clinicalbert_pool,rf,1,128,brier,0.22821748808365683
2343,,lab_thrombocytopenia,lab_thrombocytopenia,clinicalbert_type3_clinicalbert_pool,rf,2,128,auroc,0.6620500270104374
2344,,lab_thrombocytopenia,lab_thrombocytopenia,clinicalbert_type3_clinicalbert_pool,rf,2,128,auprc,0.5219895335838743
2345,,lab_thrombocytopenia,lab_thrombocytopenia,clinicalbert_type3_clinicalbert_pool,rf,2,128,brier,0.23074659821591068
2346,,lab_thrombocytopenia,lab_thrombocytopenia,clinicalbert_type3_clinicalbert_pool,rf,3,128,auroc,0.6540215282589062
2347,,lab_thrombocytopenia,lab_thrombocytopenia,clinicalbert_type3_clinicalbert_pool,rf,3,128,auprc,0.5056282024839434
2348,,lab_thrombocytopenia,lab_thrombocytopenia,clinicalbert_type3_clinicalbert_pool,rf,3,128,brier,0.23263905711952856
2349,,lab_thrombocytopenia,lab_thrombocytopenia,clinicalbert_type3_clinicalbert_pool,rf,4,128,auroc,0.6453786722174037
2350,,lab_thrombocytopenia,lab_thrombocytopenia,clinicalbert_type3_clinicalbert_pool,rf,4,128,auprc,0.4773568814773038
2351,,lab_thrombocytopenia,lab_thrombocytopenia,clinicalbert_type3_clinicalbert_pool,rf,4,128,brier,0.23396907188897242
