,Unnamed: 0.2,Unnamed: 0.1,Unnamed: 0,labeling_function,sub_task,model,head,replicate,k,score,value
0,0.0,0.0,0.0,guo_icu,guo_icu,count,gbm,0,-1,auroc,0.7994575699132112
1,1.0,1.0,1.0,guo_icu,guo_icu,count,gbm,0,-1,auprc,0.2184827610629509
2,2.0,2.0,2.0,guo_icu,guo_icu,count,gbm,0,-1,brier,0.0386289955585173
3,3.0,3.0,3.0,guo_icu,guo_icu,count,gbm,0,1,auroc,0.5574282786885245
4,4.0,4.0,4.0,guo_icu,guo_icu,count,gbm,0,1,auprc,0.0473525352127918
5,5.0,5.0,5.0,guo_icu,guo_icu,count,gbm,0,1,brier,0.4213439832728294
6,6.0,6.0,6.0,guo_icu,guo_icu,count,gbm,1,1,auroc,0.4425717213114754
7,7.0,7.0,7.0,guo_icu,guo_icu,count,gbm,1,1,auprc,0.0381263279946589
8,8.0,8.0,8.0,guo_icu,guo_icu,count,gbm,1,1,brier,0.4532111236656833
9,9.0,9.0,9.0,guo_icu,guo_icu,count,gbm,2,1,auroc,0.5574282786885245
10,10.0,10.0,10.0,guo_icu,guo_icu,count,gbm,2,1,auprc,0.0473525352127918
11,11.0,11.0,11.0,guo_icu,guo_icu,count,gbm,2,1,brier,0.4213439832728294
12,12.0,12.0,12.0,guo_icu,guo_icu,count,gbm,3,1,auroc,0.5574282786885245
13,13.0,13.0,13.0,guo_icu,guo_icu,count,gbm,3,1,auprc,0.0473525352127918
14,14.0,14.0,14.0,guo_icu,guo_icu,count,gbm,3,1,brier,0.4213439832728294
15,15.0,15.0,15.0,guo_icu,guo_icu,count,gbm,4,1,auroc,0.5574282786885245
16,16.0,16.0,16.0,guo_icu,guo_icu,count,gbm,4,1,auprc,0.0473525352127918
17,17.0,17.0,17.0,guo_icu,guo_icu,count,gbm,4,1,brier,0.4213439832728294
18,18.0,18.0,18.0,guo_icu,guo_icu,count,gbm,0,2,auroc,0.5769226133076182
19,19.0,19.0,19.0,guo_icu,guo_icu,count,gbm,0,2,auprc,0.0500532399739762
20,20.0,20.0,20.0,guo_icu,guo_icu,count,gbm,0,2,brier,0.3610088641290266
21,21.0,21.0,21.0,guo_icu,guo_icu,count,gbm,1,2,auroc,0.4170413452266152
22,22.0,22.0,22.0,guo_icu,guo_icu,count,gbm,1,2,auprc,0.0364415338889051
23,23.0,23.0,23.0,guo_icu,guo_icu,count,gbm,1,2,brier,0.6728819447737566
24,24.0,24.0,24.0,guo_icu,guo_icu,count,gbm,2,2,auroc,0.5755484570877532
25,25.0,25.0,25.0,guo_icu,guo_icu,count,gbm,2,2,auprc,0.0519727439701809
26,26.0,26.0,26.0,guo_icu,guo_icu,count,gbm,2,2,brier,0.1952997340861865
27,27.0,27.0,27.0,guo_icu,guo_icu,count,gbm,3,2,auroc,0.567207087753134
28,28.0,28.0,28.0,guo_icu,guo_icu,count,gbm,3,2,auprc,0.0487816569926939
29,29.0,29.0,29.0,guo_icu,guo_icu,count,gbm,3,2,brier,0.3584594928975984
30,30.0,30.0,30.0,guo_icu,guo_icu,count,gbm,4,2,auroc,0.4765640067502411
31,31.0,31.0,31.0,guo_icu,guo_icu,count,gbm,4,2,auprc,0.0402553720491069
32,32.0,32.0,32.0,guo_icu,guo_icu,count,gbm,4,2,brier,0.2101710662695183
33,33.0,33.0,33.0,guo_icu,guo_icu,count,gbm,0,4,auroc,0.523439006750241
34,34.0,34.0,34.0,guo_icu,guo_icu,count,gbm,0,4,auprc,0.0430449023986669
35,35.0,35.0,35.0,guo_icu,guo_icu,count,gbm,0,4,brier,0.4367208033032705
36,36.0,36.0,36.0,guo_icu,guo_icu,count,gbm,1,4,auroc,0.5594533510125362
37,37.0,37.0,37.0,guo_icu,guo_icu,count,gbm,1,4,auprc,0.053311345844304
38,38.0,38.0,38.0,guo_icu,guo_icu,count,gbm,1,4,brier,0.6686859750693118
39,39.0,39.0,39.0,guo_icu,guo_icu,count,gbm,2,4,auroc,0.6378676470588235
40,40.0,40.0,40.0,guo_icu,guo_icu,count,gbm,2,4,auprc,0.0620325287224246
41,41.0,41.0,41.0,guo_icu,guo_icu,count,gbm,2,4,brier,0.2331154073523732
42,42.0,42.0,42.0,guo_icu,guo_icu,count,gbm,3,4,auroc,0.4949101976856316
43,43.0,43.0,43.0,guo_icu,guo_icu,count,gbm,3,4,auprc,0.0414823503803006
44,44.0,44.0,44.0,guo_icu,guo_icu,count,gbm,3,4,brier,0.5445635927918653
45,45.0,45.0,45.0,guo_icu,guo_icu,count,gbm,4,4,auroc,0.5112222757955641
46,46.0,46.0,46.0,guo_icu,guo_icu,count,gbm,4,4,auprc,0.0432772360150806
47,47.0,47.0,47.0,guo_icu,guo_icu,count,gbm,4,4,brier,0.2501112155618953
48,48.0,48.0,48.0,guo_icu,guo_icu,count,gbm,0,8,auroc,0.5777694069431052
49,49.0,49.0,49.0,guo_icu,guo_icu,count,gbm,0,8,auprc,0.0622915959619016
50,50.0,50.0,50.0,guo_icu,guo_icu,count,gbm,0,8,brier,0.2247373387852259
51,51.0,51.0,51.0,guo_icu,guo_icu,count,gbm,1,8,auroc,0.5567140790742526
52,52.0,52.0,52.0,guo_icu,guo_icu,count,gbm,1,8,auprc,0.0617280137848259
53,53.0,53.0,53.0,guo_icu,guo_icu,count,gbm,1,8,brier,0.2913479045890826
54,54.0,54.0,54.0,guo_icu,guo_icu,count,gbm,2,8,auroc,0.6033269045323046
55,55.0,55.0,55.0,guo_icu,guo_icu,count,gbm,2,8,auprc,0.0588062671691293
56,56.0,56.0,56.0,guo_icu,guo_icu,count,gbm,2,8,brier,0.2926647279987133
57,57.0,57.0,57.0,guo_icu,guo_icu,count,gbm,3,8,auroc,0.6568677675988428
58,58.0,58.0,58.0,guo_icu,guo_icu,count,gbm,3,8,auprc,0.0950629594232083
59,59.0,59.0,59.0,guo_icu,guo_icu,count,gbm,3,8,brier,0.2576090245750911
60,60.0,60.0,60.0,guo_icu,guo_icu,count,gbm,4,8,auroc,0.5348541465766634
61,61.0,61.0,61.0,guo_icu,guo_icu,count,gbm,4,8,auprc,0.043868601967842
62,62.0,62.0,62.0,guo_icu,guo_icu,count,gbm,4,8,brier,0.4051979654737841
63,63.0,63.0,63.0,guo_icu,guo_icu,count,gbm,0,12,auroc,0.5394256268081004
64,64.0,64.0,64.0,guo_icu,guo_icu,count,gbm,0,12,auprc,0.0748296773077755
65,65.0,65.0,65.0,guo_icu,guo_icu,count,gbm,0,12,brier,0.2528292073892711
66,66.0,66.0,66.0,guo_icu,guo_icu,count,gbm,1,12,auroc,0.581005906460945
67,67.0,67.0,67.0,guo_icu,guo_icu,count,gbm,1,12,auprc,0.0566439673540328
68,68.0,68.0,68.0,guo_icu,guo_icu,count,gbm,1,12,brier,0.3864566081704468
69,69.0,69.0,69.0,guo_icu,guo_icu,count,gbm,2,12,auroc,0.5603182256509162
70,70.0,70.0,70.0,guo_icu,guo_icu,count,gbm,2,12,auprc,0.0554546394692796
71,71.0,71.0,71.0,guo_icu,guo_icu,count,gbm,2,12,brier,0.3155591567785918
72,72.0,72.0,72.0,guo_icu,guo_icu,count,gbm,3,12,auroc,0.6085794358727098
73,73.0,73.0,73.0,guo_icu,guo_icu,count,gbm,3,12,auprc,0.0925051064465925
74,74.0,74.0,74.0,guo_icu,guo_icu,count,gbm,3,12,brier,0.3032456398746756
75,75.0,75.0,75.0,guo_icu,guo_icu,count,gbm,4,12,auroc,0.533883799421408
76,76.0,76.0,76.0,guo_icu,guo_icu,count,gbm,4,12,auprc,0.0439132891904801
77,77.0,77.0,77.0,guo_icu,guo_icu,count,gbm,4,12,brier,0.4051979654737841
78,78.0,78.0,78.0,guo_icu,guo_icu,count,gbm,0,16,auroc,0.4846522420443586
79,79.0,79.0,79.0,guo_icu,guo_icu,count,gbm,0,16,auprc,0.0530212257018066
80,80.0,80.0,80.0,guo_icu,guo_icu,count,gbm,0,16,brier,0.2230751895171369
81,81.0,81.0,81.0,guo_icu,guo_icu,count,gbm,1,16,auroc,0.6121745419479266
82,82.0,82.0,82.0,guo_icu,guo_icu,count,gbm,1,16,auprc,0.0920458837156435
83,83.0,83.0,83.0,guo_icu,guo_icu,count,gbm,1,16,brier,0.3911004117147366
84,84.0,84.0,84.0,guo_icu,guo_icu,count,gbm,2,16,auroc,0.5873071359691417
85,85.0,85.0,85.0,guo_icu,guo_icu,count,gbm,2,16,auprc,0.0626642006556094
86,86.0,86.0,86.0,guo_icu,guo_icu,count,gbm,2,16,brier,0.4994883612244619
87,87.0,87.0,87.0,guo_icu,guo_icu,count,gbm,3,16,auroc,0.6247559064609451
88,88.0,88.0,88.0,guo_icu,guo_icu,count,gbm,3,16,auprc,0.0786600471166284
89,89.0,89.0,89.0,guo_icu,guo_icu,count,gbm,3,16,brier,0.3220882741141422
90,90.0,90.0,90.0,guo_icu,guo_icu,count,gbm,4,16,auroc,0.6169027242044358
91,91.0,91.0,91.0,guo_icu,guo_icu,count,gbm,4,16,auprc,0.0777035378726417
92,92.0,92.0,92.0,guo_icu,guo_icu,count,gbm,4,16,brier,0.3872483150335344
93,93.0,93.0,93.0,guo_icu,guo_icu,count,gbm,0,24,auroc,0.5238247348119576
94,94.0,94.0,94.0,guo_icu,guo_icu,count,gbm,0,24,auprc,0.0595997252575742
95,95.0,95.0,95.0,guo_icu,guo_icu,count,gbm,0,24,brier,0.4259677821898462
96,96.0,96.0,96.0,guo_icu,guo_icu,count,gbm,1,24,auroc,0.6165772661523626
97,97.0,97.0,97.0,guo_icu,guo_icu,count,gbm,1,24,auprc,0.0781610102729488
98,98.0,98.0,98.0,guo_icu,guo_icu,count,gbm,1,24,brier,0.2966306315802163
99,99.0,99.0,99.0,guo_icu,guo_icu,count,gbm,2,24,auroc,0.6593719864995178
100,100.0,100.0,100.0,guo_icu,guo_icu,count,gbm,2,24,auprc,0.0746910318478026
101,101.0,101.0,101.0,guo_icu,guo_icu,count,gbm,2,24,brier,0.3857714193328505
102,102.0,102.0,102.0,guo_icu,guo_icu,count,gbm,3,24,auroc,0.664986137897782
103,103.0,103.0,103.0,guo_icu,guo_icu,count,gbm,3,24,auprc,0.0882544535780086
104,104.0,104.0,104.0,guo_icu,guo_icu,count,gbm,3,24,brier,0.3188061293028151
105,105.0,105.0,105.0,guo_icu,guo_icu,count,gbm,4,24,auroc,0.6673939247830278
106,106.0,106.0,106.0,guo_icu,guo_icu,count,gbm,4,24,auprc,0.0949814243211136
107,107.0,107.0,107.0,guo_icu,guo_icu,count,gbm,4,24,brier,0.3503406714992137
108,108.0,108.0,108.0,guo_icu,guo_icu,count,gbm,0,32,auroc,0.6182075699132112
109,109.0,109.0,109.0,guo_icu,guo_icu,count,gbm,0,32,auprc,0.0733728788479128
110,110.0,110.0,110.0,guo_icu,guo_icu,count,gbm,0,32,brier,0.2250504505989042
111,111.0,111.0,111.0,guo_icu,guo_icu,count,gbm,1,32,auroc,0.6259884281581485
112,112.0,112.0,112.0,guo_icu,guo_icu,count,gbm,1,32,auprc,0.0954297429344885
113,113.0,113.0,113.0,guo_icu,guo_icu,count,gbm,1,32,brier,0.4398601578860396
114,114.0,114.0,114.0,guo_icu,guo_icu,count,gbm,2,32,auroc,0.7346612825458052
115,115.0,115.0,115.0,guo_icu,guo_icu,count,gbm,2,32,auprc,0.1244892573720287
116,116.0,116.0,116.0,guo_icu,guo_icu,count,gbm,2,32,brier,0.2771429069104427
117,117.0,117.0,117.0,guo_icu,guo_icu,count,gbm,3,32,auroc,0.7130454435872708
118,118.0,118.0,118.0,guo_icu,guo_icu,count,gbm,3,32,auprc,0.1058934188328695
119,119.0,119.0,119.0,guo_icu,guo_icu,count,gbm,3,32,brier,0.2269011108965573
120,120.0,120.0,120.0,guo_icu,guo_icu,count,gbm,4,32,auroc,0.6890519527483124
121,121.0,121.0,121.0,guo_icu,guo_icu,count,gbm,4,32,auprc,0.1444371561455616
122,122.0,122.0,122.0,guo_icu,guo_icu,count,gbm,4,32,brier,0.2928485712284619
123,123.0,123.0,123.0,guo_icu,guo_icu,count,gbm,0,48,auroc,0.6857642237222757
124,124.0,124.0,124.0,guo_icu,guo_icu,count,gbm,0,48,auprc,0.0744412710313633
125,125.0,125.0,125.0,guo_icu,guo_icu,count,gbm,0,48,brier,0.2775906364984798
126,126.0,126.0,126.0,guo_icu,guo_icu,count,gbm,1,48,auroc,0.6753194310511089
127,127.0,127.0,127.0,guo_icu,guo_icu,count,gbm,1,48,auprc,0.0882520394315118
128,128.0,128.0,128.0,guo_icu,guo_icu,count,gbm,1,48,brier,0.3234723210542702
129,129.0,129.0,129.0,guo_icu,guo_icu,count,gbm,2,48,auroc,0.7466761089681775
130,130.0,130.0,130.0,guo_icu,guo_icu,count,gbm,2,48,auprc,0.1682144839059903
131,131.0,131.0,131.0,guo_icu,guo_icu,count,gbm,2,48,brier,0.2209476315919251
132,132.0,132.0,132.0,guo_icu,guo_icu,count,gbm,3,48,auroc,0.6853483606557377
133,133.0,133.0,133.0,guo_icu,guo_icu,count,gbm,3,48,auprc,0.090567382343468
134,134.0,134.0,134.0,guo_icu,guo_icu,count,gbm,3,48,brier,0.2772801374359062
135,135.0,135.0,135.0,guo_icu,guo_icu,count,gbm,4,48,auroc,0.7345467695274832
136,136.0,136.0,136.0,guo_icu,guo_icu,count,gbm,4,48,auprc,0.1436667151076963
137,137.0,137.0,137.0,guo_icu,guo_icu,count,gbm,4,48,brier,0.2918607997543566
138,138.0,138.0,138.0,guo_icu,guo_icu,count,gbm,0,64,auroc,0.7375723240115717
139,139.0,139.0,139.0,guo_icu,guo_icu,count,gbm,0,64,auprc,0.1063842346235954
140,140.0,140.0,140.0,guo_icu,guo_icu,count,gbm,0,64,brier,0.3075375655682096
141,141.0,141.0,141.0,guo_icu,guo_icu,count,gbm,1,64,auroc,0.6159896335583414
142,142.0,142.0,142.0,guo_icu,guo_icu,count,gbm,1,64,auprc,0.0669914411562072
143,143.0,143.0,143.0,guo_icu,guo_icu,count,gbm,1,64,brier,0.3244310375341119
144,144.0,144.0,144.0,guo_icu,guo_icu,count,gbm,2,64,auroc,0.7620479749276761
145,145.0,145.0,145.0,guo_icu,guo_icu,count,gbm,2,64,auprc,0.1684670652336614
146,146.0,146.0,146.0,guo_icu,guo_icu,count,gbm,2,64,brier,0.239127733566452
147,147.0,147.0,147.0,guo_icu,guo_icu,count,gbm,3,64,auroc,0.7234209257473481
148,148.0,148.0,148.0,guo_icu,guo_icu,count,gbm,3,64,auprc,0.1263140557685741
149,149.0,149.0,149.0,guo_icu,guo_icu,count,gbm,3,64,brier,0.2805715137692068
150,150.0,150.0,150.0,guo_icu,guo_icu,count,gbm,4,64,auroc,0.7065603905496625
151,151.0,151.0,151.0,guo_icu,guo_icu,count,gbm,4,64,auprc,0.1762645344853472
152,152.0,152.0,152.0,guo_icu,guo_icu,count,gbm,4,64,brier,0.2837891115233324
153,153.0,153.0,153.0,guo_icu,guo_icu,count,gbm,0,128,auroc,0.7983907907425266
154,154.0,154.0,154.0,guo_icu,guo_icu,count,gbm,0,128,auprc,0.145680541699228
155,155.0,155.0,155.0,guo_icu,guo_icu,count,gbm,0,128,brier,0.213609522142305
156,156.0,156.0,156.0,guo_icu,guo_icu,count,gbm,1,128,auroc,0.7625361620057859
157,157.0,157.0,157.0,guo_icu,guo_icu,count,gbm,1,128,auprc,0.1800965124384752
158,158.0,158.0,158.0,guo_icu,guo_icu,count,gbm,1,128,brier,0.1932491479339863
159,159.0,159.0,159.0,guo_icu,guo_icu,count,gbm,2,128,auroc,0.7773686113789778
160,160.0,160.0,160.0,guo_icu,guo_icu,count,gbm,2,128,auprc,0.1303379613740795
161,161.0,161.0,161.0,guo_icu,guo_icu,count,gbm,2,128,brier,0.2173157412614225
162,162.0,162.0,162.0,guo_icu,guo_icu,count,gbm,3,128,auroc,0.7680629218900674
163,163.0,163.0,163.0,guo_icu,guo_icu,count,gbm,3,128,auprc,0.1652383054467449
164,164.0,164.0,164.0,guo_icu,guo_icu,count,gbm,3,128,brier,0.2273970306362898
165,165.0,165.0,165.0,guo_icu,guo_icu,count,gbm,4,128,auroc,0.7649168273866923
166,166.0,166.0,166.0,guo_icu,guo_icu,count,gbm,4,128,auprc,0.2019587190928328
167,167.0,167.0,167.0,guo_icu,guo_icu,count,gbm,4,128,brier,0.2058916686764604
168,168.0,168.0,168.0,guo_icu,guo_icu,count,lr_lbfgs,0,-1,auroc,0.7012174541947926
169,169.0,169.0,169.0,guo_icu,guo_icu,count,lr_lbfgs,0,-1,auprc,0.093910727542785
170,170.0,170.0,170.0,guo_icu,guo_icu,count,lr_lbfgs,0,-1,brier,0.0394127407657786
171,171.0,171.0,171.0,guo_icu,guo_icu,count,lr_lbfgs,0,1,auroc,0.6111318707810993
172,172.0,172.0,172.0,guo_icu,guo_icu,count,lr_lbfgs,0,1,auprc,0.0710375238658191
173,173.0,173.0,173.0,guo_icu,guo_icu,count,lr_lbfgs,0,1,brier,0.2499626468684177
174,174.0,174.0,174.0,guo_icu,guo_icu,count,lr_lbfgs,1,1,auroc,0.4965947444551591
175,175.0,175.0,175.0,guo_icu,guo_icu,count,lr_lbfgs,1,1,auprc,0.0515713930726227
176,176.0,176.0,176.0,guo_icu,guo_icu,count,lr_lbfgs,1,1,brier,0.2499694363092294
177,177.0,177.0,177.0,guo_icu,guo_icu,count,lr_lbfgs,2,1,auroc,0.5719985535197685
178,178.0,178.0,178.0,guo_icu,guo_icu,count,lr_lbfgs,2,1,auprc,0.0726731189139368
179,179.0,179.0,179.0,guo_icu,guo_icu,count,lr_lbfgs,2,1,brier,0.2498851883152354
180,180.0,180.0,180.0,guo_icu,guo_icu,count,lr_lbfgs,3,1,auroc,0.5514886692381871
181,181.0,181.0,181.0,guo_icu,guo_icu,count,lr_lbfgs,3,1,auprc,0.045996836668873
182,182.0,182.0,182.0,guo_icu,guo_icu,count,lr_lbfgs,3,1,brier,0.2500673754549334
183,183.0,183.0,183.0,guo_icu,guo_icu,count,lr_lbfgs,4,1,auroc,0.4847094985535197
184,184.0,184.0,184.0,guo_icu,guo_icu,count,lr_lbfgs,4,1,auprc,0.0386931847879387
185,185.0,185.0,185.0,guo_icu,guo_icu,count,lr_lbfgs,4,1,brier,0.2500168715396937
186,186.0,186.0,186.0,guo_icu,guo_icu,count,lr_lbfgs,0,2,auroc,0.5291164416586307
187,187.0,187.0,187.0,guo_icu,guo_icu,count,lr_lbfgs,0,2,auprc,0.0471673598707209
188,188.0,188.0,188.0,guo_icu,guo_icu,count,lr_lbfgs,0,2,brier,0.2500692685311697
189,189.0,189.0,189.0,guo_icu,guo_icu,count,lr_lbfgs,1,2,auroc,0.603314850530376
190,190.0,190.0,190.0,guo_icu,guo_icu,count,lr_lbfgs,1,2,auprc,0.0707190284658943
191,191.0,191.0,191.0,guo_icu,guo_icu,count,lr_lbfgs,1,2,brier,0.2499705323064212
192,192.0,192.0,192.0,guo_icu,guo_icu,count,lr_lbfgs,2,2,auroc,0.5247107039537127
193,193.0,193.0,193.0,guo_icu,guo_icu,count,lr_lbfgs,2,2,auprc,0.0428358521222191
194,194.0,194.0,194.0,guo_icu,guo_icu,count,lr_lbfgs,2,2,brier,0.2500625687956057
195,195.0,195.0,195.0,guo_icu,guo_icu,count,lr_lbfgs,3,2,auroc,0.6484992767598843
196,196.0,196.0,196.0,guo_icu,guo_icu,count,lr_lbfgs,3,2,auprc,0.0674059571776216
197,197.0,197.0,197.0,guo_icu,guo_icu,count,lr_lbfgs,3,2,brier,0.5082429181224106
198,198.0,198.0,198.0,guo_icu,guo_icu,count,lr_lbfgs,4,2,auroc,0.4717635004821601
199,199.0,199.0,199.0,guo_icu,guo_icu,count,lr_lbfgs,4,2,auprc,0.0387743102803055
200,200.0,200.0,200.0,guo_icu,guo_icu,count,lr_lbfgs,4,2,brier,0.2500500823290648
201,201.0,201.0,201.0,guo_icu,guo_icu,count,lr_lbfgs,0,4,auroc,0.5618490838958534
202,202.0,202.0,202.0,guo_icu,guo_icu,count,lr_lbfgs,0,4,auprc,0.0484207271192459
203,203.0,203.0,203.0,guo_icu,guo_icu,count,lr_lbfgs,0,4,brier,0.2500449293599068
204,204.0,204.0,204.0,guo_icu,guo_icu,count,lr_lbfgs,1,4,auroc,0.5267659112825458
205,205.0,205.0,205.0,guo_icu,guo_icu,count,lr_lbfgs,1,4,auprc,0.0484149076527474
206,206.0,206.0,206.0,guo_icu,guo_icu,count,lr_lbfgs,1,4,brier,0.2392617930450891
207,207.0,207.0,207.0,guo_icu,guo_icu,count,lr_lbfgs,2,4,auroc,0.5788512536162006
208,208.0,208.0,208.0,guo_icu,guo_icu,count,lr_lbfgs,2,4,auprc,0.0515720064507327
209,209.0,209.0,209.0,guo_icu,guo_icu,count,lr_lbfgs,2,4,brier,0.2500359910716274
210,210.0,210.0,210.0,guo_icu,guo_icu,count,lr_lbfgs,3,4,auroc,0.6900132594021214
211,211.0,211.0,211.0,guo_icu,guo_icu,count,lr_lbfgs,3,4,auprc,0.0797113177344365
212,212.0,212.0,212.0,guo_icu,guo_icu,count,lr_lbfgs,3,4,brier,0.341172852252279
213,213.0,213.0,213.0,guo_icu,guo_icu,count,lr_lbfgs,4,4,auroc,0.5272058823529412
214,214.0,214.0,214.0,guo_icu,guo_icu,count,lr_lbfgs,4,4,auprc,0.0442710668628061
215,215.0,215.0,215.0,guo_icu,guo_icu,count,lr_lbfgs,4,4,brier,0.2454262465211499
216,216.0,216.0,216.0,guo_icu,guo_icu,count,lr_lbfgs,0,8,auroc,0.5549120057859209
217,217.0,217.0,217.0,guo_icu,guo_icu,count,lr_lbfgs,0,8,auprc,0.0484131146141491
218,218.0,218.0,218.0,guo_icu,guo_icu,count,lr_lbfgs,0,8,brier,0.2036213444710394
219,219.0,219.0,219.0,guo_icu,guo_icu,count,lr_lbfgs,1,8,auroc,0.6291706846673095
220,220.0,220.0,220.0,guo_icu,guo_icu,count,lr_lbfgs,1,8,auprc,0.0697077870263065
221,221.0,221.0,221.0,guo_icu,guo_icu,count,lr_lbfgs,1,8,brier,0.2499984928581052
222,222.0,222.0,222.0,guo_icu,guo_icu,count,lr_lbfgs,2,8,auroc,0.5552013018322083
223,223.0,223.0,223.0,guo_icu,guo_icu,count,lr_lbfgs,2,8,auprc,0.0532801247282707
224,224.0,224.0,224.0,guo_icu,guo_icu,count,lr_lbfgs,2,8,brier,0.2597210525025807
225,225.0,225.0,225.0,guo_icu,guo_icu,count,lr_lbfgs,3,8,auroc,0.6830520732883317
226,226.0,226.0,226.0,guo_icu,guo_icu,count,lr_lbfgs,3,8,auprc,0.1113677120694281
227,227.0,227.0,227.0,guo_icu,guo_icu,count,lr_lbfgs,3,8,brier,0.2304535904291747
228,228.0,228.0,228.0,guo_icu,guo_icu,count,lr_lbfgs,4,8,auroc,0.5917821841851494
229,229.0,229.0,229.0,guo_icu,guo_icu,count,lr_lbfgs,4,8,auprc,0.0539293051183803
230,230.0,230.0,230.0,guo_icu,guo_icu,count,lr_lbfgs,4,8,brier,0.3016670212709336
231,231.0,231.0,231.0,guo_icu,guo_icu,count,lr_lbfgs,0,12,auroc,0.5912487945998071
232,232.0,232.0,232.0,guo_icu,guo_icu,count,lr_lbfgs,0,12,auprc,0.0702870503428233
233,233.0,233.0,233.0,guo_icu,guo_icu,count,lr_lbfgs,0,12,brier,0.2416586434581881
234,234.0,234.0,234.0,guo_icu,guo_icu,count,lr_lbfgs,1,12,auroc,0.6221642960462874
235,235.0,235.0,235.0,guo_icu,guo_icu,count,lr_lbfgs,1,12,auprc,0.0632870762638812
236,236.0,236.0,236.0,guo_icu,guo_icu,count,lr_lbfgs,1,12,brier,0.2509099033774458
237,237.0,237.0,237.0,guo_icu,guo_icu,count,lr_lbfgs,2,12,auroc,0.6252049180327869
238,238.0,238.0,238.0,guo_icu,guo_icu,count,lr_lbfgs,2,12,auprc,0.0745807648315431
239,239.0,239.0,239.0,guo_icu,guo_icu,count,lr_lbfgs,2,12,brier,0.2474621249045976
240,240.0,240.0,240.0,guo_icu,guo_icu,count,lr_lbfgs,3,12,auroc,0.7193165380906459
241,241.0,241.0,241.0,guo_icu,guo_icu,count,lr_lbfgs,3,12,auprc,0.1149550400790389
242,242.0,242.0,242.0,guo_icu,guo_icu,count,lr_lbfgs,3,12,brier,0.324773027228309
243,243.0,243.0,243.0,guo_icu,guo_icu,count,lr_lbfgs,4,12,auroc,0.6321480231436838
244,244.0,244.0,244.0,guo_icu,guo_icu,count,lr_lbfgs,4,12,auprc,0.0576623620674737
245,245.0,245.0,245.0,guo_icu,guo_icu,count,lr_lbfgs,4,12,brier,0.3209487200897882
246,246.0,246.0,246.0,guo_icu,guo_icu,count,lr_lbfgs,0,16,auroc,0.5943466730954677
247,247.0,247.0,247.0,guo_icu,guo_icu,count,lr_lbfgs,0,16,auprc,0.0647560126951272
248,248.0,248.0,248.0,guo_icu,guo_icu,count,lr_lbfgs,0,16,brier,0.2526524679960212
249,249.0,249.0,249.0,guo_icu,guo_icu,count,lr_lbfgs,1,16,auroc,0.6630122950819671
250,250.0,250.0,250.0,guo_icu,guo_icu,count,lr_lbfgs,1,16,auprc,0.0788012913511574
251,251.0,251.0,251.0,guo_icu,guo_icu,count,lr_lbfgs,1,16,brier,0.2500012774583551
252,252.0,252.0,252.0,guo_icu,guo_icu,count,lr_lbfgs,2,16,auroc,0.6468117164898746
253,253.0,253.0,253.0,guo_icu,guo_icu,count,lr_lbfgs,2,16,auprc,0.0647051733246534
254,254.0,254.0,254.0,guo_icu,guo_icu,count,lr_lbfgs,2,16,brier,0.2990214030781317
255,255.0,255.0,255.0,guo_icu,guo_icu,count,lr_lbfgs,3,16,auroc,0.7469925265188043
256,256.0,256.0,256.0,guo_icu,guo_icu,count,lr_lbfgs,3,16,auprc,0.1344947946476306
257,257.0,257.0,257.0,guo_icu,guo_icu,count,lr_lbfgs,3,16,brier,0.5509177832177545
258,258.0,258.0,258.0,guo_icu,guo_icu,count,lr_lbfgs,4,16,auroc,0.5926741803278689
259,259.0,259.0,259.0,guo_icu,guo_icu,count,lr_lbfgs,4,16,auprc,0.0524848234454729
260,260.0,260.0,260.0,guo_icu,guo_icu,count,lr_lbfgs,4,16,brier,0.3652400195188651
261,261.0,261.0,261.0,guo_icu,guo_icu,count,lr_lbfgs,0,24,auroc,0.5915260366441658
262,262.0,262.0,262.0,guo_icu,guo_icu,count,lr_lbfgs,0,24,auprc,0.0674751247954061
263,263.0,263.0,263.0,guo_icu,guo_icu,count,lr_lbfgs,0,24,brier,0.2513219322041472
264,264.0,264.0,264.0,guo_icu,guo_icu,count,lr_lbfgs,1,24,auroc,0.655478543876567
265,265.0,265.0,265.0,guo_icu,guo_icu,count,lr_lbfgs,1,24,auprc,0.0751728681901632
266,266.0,266.0,266.0,guo_icu,guo_icu,count,lr_lbfgs,1,24,brier,0.2500020970547966
267,267.0,267.0,267.0,guo_icu,guo_icu,count,lr_lbfgs,2,24,auroc,0.7004098360655738
268,268.0,268.0,268.0,guo_icu,guo_icu,count,lr_lbfgs,2,24,auprc,0.1240428196635088
269,269.0,269.0,269.0,guo_icu,guo_icu,count,lr_lbfgs,2,24,brier,0.2810678478706476
270,270.0,270.0,270.0,guo_icu,guo_icu,count,lr_lbfgs,3,24,auroc,0.7338325699132112
271,271.0,271.0,271.0,guo_icu,guo_icu,count,lr_lbfgs,3,24,auprc,0.1097338778193882
272,272.0,272.0,272.0,guo_icu,guo_icu,count,lr_lbfgs,3,24,brier,0.4524785995737539
273,273.0,273.0,273.0,guo_icu,guo_icu,count,lr_lbfgs,4,24,auroc,0.6551139103182256
274,274.0,274.0,274.0,guo_icu,guo_icu,count,lr_lbfgs,4,24,auprc,0.0674579151285665
275,275.0,275.0,275.0,guo_icu,guo_icu,count,lr_lbfgs,4,24,brier,0.296759346085524
276,276.0,276.0,276.0,guo_icu,guo_icu,count,lr_lbfgs,0,32,auroc,0.6378073770491803
277,277.0,277.0,277.0,guo_icu,guo_icu,count,lr_lbfgs,0,32,auprc,0.0740441267102647
278,278.0,278.0,278.0,guo_icu,guo_icu,count,lr_lbfgs,0,32,brier,0.2453606660817847
279,279.0,279.0,279.0,guo_icu,guo_icu,count,lr_lbfgs,1,32,auroc,0.6466610414657665
280,280.0,280.0,280.0,guo_icu,guo_icu,count,lr_lbfgs,1,32,auprc,0.0714342168978896
281,281.0,281.0,281.0,guo_icu,guo_icu,count,lr_lbfgs,1,32,brier,0.250007506170622
282,282.0,282.0,282.0,guo_icu,guo_icu,count,lr_lbfgs,2,32,auroc,0.7227941176470588
283,283.0,283.0,283.0,guo_icu,guo_icu,count,lr_lbfgs,2,32,auprc,0.1258434365354188
284,284.0,284.0,284.0,guo_icu,guo_icu,count,lr_lbfgs,2,32,brier,0.3930621920212415
285,285.0,285.0,285.0,guo_icu,guo_icu,count,lr_lbfgs,3,32,auroc,0.7120238669238187
286,286.0,286.0,286.0,guo_icu,guo_icu,count,lr_lbfgs,3,32,auprc,0.1147835733989841
287,287.0,287.0,287.0,guo_icu,guo_icu,count,lr_lbfgs,3,32,brier,0.2749882103004749
288,288.0,288.0,288.0,guo_icu,guo_icu,count,lr_lbfgs,4,32,auroc,0.7081997348119575
289,289.0,289.0,289.0,guo_icu,guo_icu,count,lr_lbfgs,4,32,auprc,0.0812038914502492
290,290.0,290.0,290.0,guo_icu,guo_icu,count,lr_lbfgs,4,32,brier,0.2505241637899447
291,291.0,291.0,291.0,guo_icu,guo_icu,count,lr_lbfgs,0,48,auroc,0.6341972034715525
292,292.0,292.0,292.0,guo_icu,guo_icu,count,lr_lbfgs,0,48,auprc,0.0626394226695177
293,293.0,293.0,293.0,guo_icu,guo_icu,count,lr_lbfgs,0,48,brier,0.2451984679370683
294,294.0,294.0,294.0,guo_icu,guo_icu,count,lr_lbfgs,1,48,auroc,0.6318948891031823
295,295.0,295.0,295.0,guo_icu,guo_icu,count,lr_lbfgs,1,48,auprc,0.0665423146686898
296,296.0,296.0,296.0,guo_icu,guo_icu,count,lr_lbfgs,1,48,brier,0.2502507747486737
297,297.0,297.0,297.0,guo_icu,guo_icu,count,lr_lbfgs,2,48,auroc,0.7309546769527483
298,298.0,298.0,298.0,guo_icu,guo_icu,count,lr_lbfgs,2,48,auprc,0.1028903328977081
299,299.0,299.0,299.0,guo_icu,guo_icu,count,lr_lbfgs,2,48,brier,0.3607194014288109
300,300.0,300.0,300.0,guo_icu,guo_icu,count,lr_lbfgs,3,48,auroc,0.6515007232401158
301,301.0,301.0,301.0,guo_icu,guo_icu,count,lr_lbfgs,3,48,auprc,0.0822040319439393
302,302.0,302.0,302.0,guo_icu,guo_icu,count,lr_lbfgs,3,48,brier,0.3161984533639053
303,303.0,303.0,303.0,guo_icu,guo_icu,count,lr_lbfgs,4,48,auroc,0.6854809546769527
304,304.0,304.0,304.0,guo_icu,guo_icu,count,lr_lbfgs,4,48,auprc,0.0901586181471105
305,305.0,305.0,305.0,guo_icu,guo_icu,count,lr_lbfgs,4,48,brier,0.2594757177187729
306,306.0,306.0,306.0,guo_icu,guo_icu,count,lr_lbfgs,0,64,auroc,0.6596793635486982
307,307.0,307.0,307.0,guo_icu,guo_icu,count,lr_lbfgs,0,64,auprc,0.0710464647715809
308,308.0,308.0,308.0,guo_icu,guo_icu,count,lr_lbfgs,0,64,brier,0.2469211017725322
309,309.0,309.0,309.0,guo_icu,guo_icu,count,lr_lbfgs,1,64,auroc,0.6699614271938283
310,310.0,310.0,310.0,guo_icu,guo_icu,count,lr_lbfgs,1,64,auprc,0.0818761411386861
311,311.0,311.0,311.0,guo_icu,guo_icu,count,lr_lbfgs,1,64,brier,0.2499911982250369
312,312.0,312.0,312.0,guo_icu,guo_icu,count,lr_lbfgs,2,64,auroc,0.7234269527483125
313,313.0,313.0,313.0,guo_icu,guo_icu,count,lr_lbfgs,2,64,auprc,0.0870901546290556
314,314.0,314.0,314.0,guo_icu,guo_icu,count,lr_lbfgs,2,64,brier,0.3839768264347288
315,315.0,315.0,315.0,guo_icu,guo_icu,count,lr_lbfgs,3,64,auroc,0.671480231436837
316,316.0,316.0,316.0,guo_icu,guo_icu,count,lr_lbfgs,3,64,auprc,0.0856248841071596
317,317.0,317.0,317.0,guo_icu,guo_icu,count,lr_lbfgs,3,64,brier,0.2473328290452374
318,318.0,318.0,318.0,guo_icu,guo_icu,count,lr_lbfgs,4,64,auroc,0.6848872950819671
319,319.0,319.0,319.0,guo_icu,guo_icu,count,lr_lbfgs,4,64,auprc,0.0654695898256495
320,320.0,320.0,320.0,guo_icu,guo_icu,count,lr_lbfgs,4,64,brier,0.3323260622659507
321,321.0,321.0,321.0,guo_icu,guo_icu,count,lr_lbfgs,0,128,auroc,0.7027121504339441
322,322.0,322.0,322.0,guo_icu,guo_icu,count,lr_lbfgs,0,128,auprc,0.0858016112004575
323,323.0,323.0,323.0,guo_icu,guo_icu,count,lr_lbfgs,0,128,brier,0.2240078421557571
324,324.0,324.0,324.0,guo_icu,guo_icu,count,lr_lbfgs,1,128,auroc,0.6890670202507233
325,325.0,325.0,325.0,guo_icu,guo_icu,count,lr_lbfgs,1,128,auprc,0.1010829489118764
326,326.0,326.0,326.0,guo_icu,guo_icu,count,lr_lbfgs,1,128,brier,0.2279885890394968
327,327.0,327.0,327.0,guo_icu,guo_icu,count,lr_lbfgs,2,128,auroc,0.6732220347155256
328,328.0,328.0,328.0,guo_icu,guo_icu,count,lr_lbfgs,2,128,auprc,0.1087699413331399
329,329.0,329.0,329.0,guo_icu,guo_icu,count,lr_lbfgs,2,128,brier,0.2461984531478058
330,330.0,330.0,330.0,guo_icu,guo_icu,count,lr_lbfgs,3,128,auroc,0.7156219864995178
331,331.0,331.0,331.0,guo_icu,guo_icu,count,lr_lbfgs,3,128,auprc,0.0921920962636276
332,332.0,332.0,332.0,guo_icu,guo_icu,count,lr_lbfgs,3,128,brier,0.2351188379831419
333,333.0,333.0,333.0,guo_icu,guo_icu,count,lr_lbfgs,4,128,auroc,0.705816055930569
334,334.0,334.0,334.0,guo_icu,guo_icu,count,lr_lbfgs,4,128,auprc,0.0968396636749513
335,335.0,335.0,335.0,guo_icu,guo_icu,count,lr_lbfgs,4,128,brier,0.2410270930010047
336,336.0,336.0,336.0,guo_icu,guo_icu,count,rf,0,-1,auroc,0.7205912487945998
337,337.0,337.0,337.0,guo_icu,guo_icu,count,rf,0,-1,auprc,0.0892920721091821
338,338.0,338.0,338.0,guo_icu,guo_icu,count,rf,0,-1,brier,0.0411743723380107
339,339.0,339.0,339.0,guo_icu,guo_icu,count,rf,0,1,auroc,0.5285077145612342
340,340.0,340.0,340.0,guo_icu,guo_icu,count,rf,0,1,auprc,0.0459556296270235
341,341.0,341.0,341.0,guo_icu,guo_icu,count,rf,0,1,brier,0.546584437898871
342,342.0,342.0,342.0,guo_icu,guo_icu,count,rf,1,1,auroc,0.5381900916104146
343,343.0,343.0,343.0,guo_icu,guo_icu,count,rf,1,1,auprc,0.0504918404891143
344,344.0,344.0,344.0,guo_icu,guo_icu,count,rf,1,1,brier,0.5862788414334809
345,345.0,345.0,345.0,guo_icu,guo_icu,count,rf,2,1,auroc,0.5636360896817744
346,346.0,346.0,346.0,guo_icu,guo_icu,count,rf,2,1,auprc,0.0923601488632722
347,347.0,347.0,347.0,guo_icu,guo_icu,count,rf,2,1,brier,0.2775840942562592
348,348.0,348.0,348.0,guo_icu,guo_icu,count,rf,3,1,auroc,0.5212391513982642
349,349.0,349.0,349.0,guo_icu,guo_icu,count,rf,3,1,auprc,0.0437553924755451
350,350.0,350.0,350.0,guo_icu,guo_icu,count,rf,3,1,brier,0.290305940108002
351,351.0,351.0,351.0,guo_icu,guo_icu,count,rf,4,1,auroc,0.4689971070395371
352,352.0,352.0,352.0,guo_icu,guo_icu,count,rf,4,1,auprc,0.0403501357086733
353,353.0,353.0,353.0,guo_icu,guo_icu,count,rf,4,1,brier,0.2221673212240222
354,354.0,354.0,354.0,guo_icu,guo_icu,count,rf,0,2,auroc,0.5331002892960464
355,355.0,355.0,355.0,guo_icu,guo_icu,count,rf,0,2,auprc,0.0582108761948422
356,356.0,356.0,356.0,guo_icu,guo_icu,count,rf,0,2,brier,0.2094894452626411
357,357.0,357.0,357.0,guo_icu,guo_icu,count,rf,1,2,auroc,0.5063313645130183
358,358.0,358.0,358.0,guo_icu,guo_icu,count,rf,1,2,auprc,0.0429444916784723
359,359.0,359.0,359.0,guo_icu,guo_icu,count,rf,1,2,brier,0.2763929744177167
360,360.0,360.0,360.0,guo_icu,guo_icu,count,rf,2,2,auroc,0.5444250241080039
361,361.0,361.0,361.0,guo_icu,guo_icu,count,rf,2,2,auprc,0.0462124556340301
362,362.0,362.0,362.0,guo_icu,guo_icu,count,rf,2,2,brier,0.2111438389788905
363,363.0,363.0,363.0,guo_icu,guo_icu,count,rf,3,2,auroc,0.5674602217936355
364,364.0,364.0,364.0,guo_icu,guo_icu,count,rf,3,2,auprc,0.0515741959385581
365,365.0,365.0,365.0,guo_icu,guo_icu,count,rf,3,2,brier,0.3760812469317624
366,366.0,366.0,366.0,guo_icu,guo_icu,count,rf,4,2,auroc,0.454574493731919
367,367.0,367.0,367.0,guo_icu,guo_icu,count,rf,4,2,auprc,0.0394113192310616
368,368.0,368.0,368.0,guo_icu,guo_icu,count,rf,4,2,brier,0.112360088365243
369,369.0,369.0,369.0,guo_icu,guo_icu,count,rf,0,4,auroc,0.5279381629701061
370,370.0,370.0,370.0,guo_icu,guo_icu,count,rf,0,4,auprc,0.0444670420672245
371,371.0,371.0,371.0,guo_icu,guo_icu,count,rf,0,4,brier,0.3875748649975454
372,372.0,372.0,372.0,guo_icu,guo_icu,count,rf,1,4,auroc,0.5567803760848602
373,373.0,373.0,373.0,guo_icu,guo_icu,count,rf,1,4,auprc,0.0504855361325028
374,374.0,374.0,374.0,guo_icu,guo_icu,count,rf,1,4,brier,0.3593163966617574
375,375.0,375.0,375.0,guo_icu,guo_icu,count,rf,2,4,auroc,0.5423487222757956
376,376.0,376.0,376.0,guo_icu,guo_icu,count,rf,2,4,auprc,0.0614655162085205
377,377.0,377.0,377.0,guo_icu,guo_icu,count,rf,2,4,brier,0.2276620029455081
378,378.0,378.0,378.0,guo_icu,guo_icu,count,rf,3,4,auroc,0.6641815332690454
379,379.0,379.0,379.0,guo_icu,guo_icu,count,rf,3,4,auprc,0.081551893807484
380,380.0,380.0,380.0,guo_icu,guo_icu,count,rf,3,4,brier,0.2552896416298478
381,381.0,381.0,381.0,guo_icu,guo_icu,count,rf,4,4,auroc,0.5339139344262295
382,382.0,382.0,382.0,guo_icu,guo_icu,count,rf,4,4,auprc,0.0442308854596305
383,383.0,383.0,383.0,guo_icu,guo_icu,count,rf,4,4,brier,0.2210112911143839
384,384.0,384.0,384.0,guo_icu,guo_icu,count,rf,0,8,auroc,0.5116290983606557
385,385.0,385.0,385.0,guo_icu,guo_icu,count,rf,0,8,auprc,0.0447660868558066
386,386.0,386.0,386.0,guo_icu,guo_icu,count,rf,0,8,brier,0.2813040746195385
387,387.0,387.0,387.0,guo_icu,guo_icu,count,rf,1,8,auroc,0.54649831243973
388,388.0,388.0,388.0,guo_icu,guo_icu,count,rf,1,8,auprc,0.0594914462750369
389,389.0,389.0,389.0,guo_icu,guo_icu,count,rf,1,8,brier,0.240547852233677
390,390.0,390.0,390.0,guo_icu,guo_icu,count,rf,2,8,auroc,0.6311535679845709
391,391.0,391.0,391.0,guo_icu,guo_icu,count,rf,2,8,auprc,0.0914172568774831
392,392.0,392.0,392.0,guo_icu,guo_icu,count,rf,2,8,brier,0.2570143538458931
393,393.0,393.0,393.0,guo_icu,guo_icu,count,rf,3,8,auroc,0.6598541465766634
394,394.0,394.0,394.0,guo_icu,guo_icu,count,rf,3,8,auprc,0.0960137959040542
395,395.0,395.0,395.0,guo_icu,guo_icu,count,rf,3,8,brier,0.2457970054000981
396,396.0,396.0,396.0,guo_icu,guo_icu,count,rf,4,8,auroc,0.5375723240115718
397,397.0,397.0,397.0,guo_icu,guo_icu,count,rf,4,8,auprc,0.0543513739366413
398,398.0,398.0,398.0,guo_icu,guo_icu,count,rf,4,8,brier,0.22071737806748
399,399.0,399.0,399.0,guo_icu,guo_icu,count,rf,0,12,auroc,0.5498191899710704
400,400.0,400.0,400.0,guo_icu,guo_icu,count,rf,0,12,auprc,0.0510845491620181
401,401.0,401.0,401.0,guo_icu,guo_icu,count,rf,0,12,brier,0.1777663230240549
402,402.0,402.0,402.0,guo_icu,guo_icu,count,rf,1,12,auroc,0.4833624638379942
403,403.0,403.0,403.0,guo_icu,guo_icu,count,rf,1,12,auprc,0.0454225160161374
404,404.0,404.0,404.0,guo_icu,guo_icu,count,rf,1,12,brier,0.1799901816396661
405,405.0,405.0,405.0,guo_icu,guo_icu,count,rf,2,12,auroc,0.6125331485053037
406,406.0,406.0,406.0,guo_icu,guo_icu,count,rf,2,12,auprc,0.082255206214715
407,407.0,407.0,407.0,guo_icu,guo_icu,count,rf,2,12,brier,0.2507039764359352
408,408.0,408.0,408.0,guo_icu,guo_icu,count,rf,3,12,auroc,0.7041254821600771
409,409.0,409.0,409.0,guo_icu,guo_icu,count,rf,3,12,auprc,0.126385432128361
410,410.0,410.0,410.0,guo_icu,guo_icu,count,rf,3,12,brier,0.2460547864506627
411,411.0,411.0,411.0,guo_icu,guo_icu,count,rf,4,12,auroc,0.5126988910318225
412,412.0,412.0,412.0,guo_icu,guo_icu,count,rf,4,12,auprc,0.0472761015428397
413,413.0,413.0,413.0,guo_icu,guo_icu,count,rf,4,12,brier,0.2692047128129602
414,414.0,414.0,414.0,guo_icu,guo_icu,count,rf,0,16,auroc,0.5334317743490838
415,415.0,415.0,415.0,guo_icu,guo_icu,count,rf,0,16,auprc,0.0878191303425725
416,416.0,416.0,416.0,guo_icu,guo_icu,count,rf,0,16,brier,0.1977353812651185
417,417.0,417.0,417.0,guo_icu,guo_icu,count,rf,1,16,auroc,0.4919147782063645
418,418.0,418.0,418.0,guo_icu,guo_icu,count,rf,1,16,auprc,0.0550794917582286
419,419.0,419.0,419.0,guo_icu,guo_icu,count,rf,1,16,brier,0.2863996871070377
420,420.0,420.0,420.0,guo_icu,guo_icu,count,rf,2,16,auroc,0.6128043635486982
421,421.0,421.0,421.0,guo_icu,guo_icu,count,rf,2,16,auprc,0.0753331456134445
422,422.0,422.0,422.0,guo_icu,guo_icu,count,rf,2,16,brier,0.227300427280496
423,423.0,423.0,423.0,guo_icu,guo_icu,count,rf,3,16,auroc,0.661764705882353
424,424.0,424.0,424.0,guo_icu,guo_icu,count,rf,3,16,auprc,0.1251718680905505
425,425.0,425.0,425.0,guo_icu,guo_icu,count,rf,3,16,brier,0.2433424807723776
426,426.0,426.0,426.0,guo_icu,guo_icu,count,rf,4,16,auroc,0.5172281822565091
427,427.0,427.0,427.0,guo_icu,guo_icu,count,rf,4,16,auprc,0.0867212757206814
428,428.0,428.0,428.0,guo_icu,guo_icu,count,rf,4,16,brier,0.2561156602847324
429,429.0,429.0,429.0,guo_icu,guo_icu,count,rf,0,24,auroc,0.6563253375120541
430,430.0,430.0,430.0,guo_icu,guo_icu,count,rf,0,24,auprc,0.1096442403896149
431,431.0,431.0,431.0,guo_icu,guo_icu,count,rf,0,24,brier,0.261464243640892
432,432.0,432.0,432.0,guo_icu,guo_icu,count,rf,1,24,auroc,0.5088175024108004
433,433.0,433.0,433.0,guo_icu,guo_icu,count,rf,1,24,auprc,0.0468026052870382
434,434.0,434.0,434.0,guo_icu,guo_icu,count,rf,1,24,brier,0.233907707412862
435,435.0,435.0,435.0,guo_icu,guo_icu,count,rf,2,24,auroc,0.635863669238187
436,436.0,436.0,436.0,guo_icu,guo_icu,count,rf,2,24,auprc,0.072587952736284
437,437.0,437.0,437.0,guo_icu,guo_icu,count,rf,2,24,brier,0.2362346588119784
438,438.0,438.0,438.0,guo_icu,guo_icu,count,rf,3,24,auroc,0.7274740838958534
439,439.0,439.0,439.0,guo_icu,guo_icu,count,rf,3,24,auprc,0.1372688056213597
440,440.0,440.0,440.0,guo_icu,guo_icu,count,rf,3,24,brier,0.1978995895379916
441,441.0,441.0,441.0,guo_icu,guo_icu,count,rf,4,24,auroc,0.6129038090646094
442,442.0,442.0,442.0,guo_icu,guo_icu,count,rf,4,24,auprc,0.1085537027406729
443,443.0,443.0,443.0,guo_icu,guo_icu,count,rf,4,24,brier,0.1983807767954909
444,444.0,444.0,444.0,guo_icu,guo_icu,count,rf,0,32,auroc,0.7129128495660559
445,445.0,445.0,445.0,guo_icu,guo_icu,count,rf,0,32,auprc,0.1065420761041576
446,446.0,446.0,446.0,guo_icu,guo_icu,count,rf,0,32,brier,0.2292724177476627
447,447.0,447.0,447.0,guo_icu,guo_icu,count,rf,1,32,auroc,0.5747679604628737
448,448.0,448.0,448.0,guo_icu,guo_icu,count,rf,1,32,auprc,0.1001018274156951
449,449.0,449.0,449.0,guo_icu,guo_icu,count,rf,1,32,brier,0.2412419734904271
450,450.0,450.0,450.0,guo_icu,guo_icu,count,rf,2,32,auroc,0.756005906460945
451,451.0,451.0,451.0,guo_icu,guo_icu,count,rf,2,32,auprc,0.2007680650755751
452,452.0,452.0,452.0,guo_icu,guo_icu,count,rf,2,32,brier,0.2025078055964654
453,453.0,453.0,453.0,guo_icu,guo_icu,count,rf,3,32,auroc,0.7106346432015429
454,454.0,454.0,454.0,guo_icu,guo_icu,count,rf,3,32,auprc,0.1474512598511225
455,455.0,455.0,455.0,guo_icu,guo_icu,count,rf,3,32,brier,0.2166806859939197
456,456.0,456.0,456.0,guo_icu,guo_icu,count,rf,4,32,auroc,0.629122468659595
457,457.0,457.0,457.0,guo_icu,guo_icu,count,rf,4,32,auprc,0.0812848508749658
458,458.0,458.0,458.0,guo_icu,guo_icu,count,rf,4,32,brier,0.2173637702503681
459,459.0,459.0,459.0,guo_icu,guo_icu,count,rf,0,48,auroc,0.7166224686595949
460,460.0,460.0,460.0,guo_icu,guo_icu,count,rf,0,48,auprc,0.094445185075166
461,461.0,461.0,461.0,guo_icu,guo_icu,count,rf,0,48,brier,0.2342501219771776
462,462.0,462.0,462.0,guo_icu,guo_icu,count,rf,1,48,auroc,0.5838144889103182
463,463.0,463.0,463.0,guo_icu,guo_icu,count,rf,1,48,auprc,0.0660910659026465
464,464.0,464.0,464.0,guo_icu,guo_icu,count,rf,1,48,brier,0.2457872743140784
465,465.0,465.0,465.0,guo_icu,guo_icu,count,rf,2,48,auroc,0.7047673577627772
466,466.0,466.0,466.0,guo_icu,guo_icu,count,rf,2,48,auprc,0.1478084943922326
467,467.0,467.0,467.0,guo_icu,guo_icu,count,rf,2,48,brier,0.2189958762886598
468,468.0,468.0,468.0,guo_icu,guo_icu,count,rf,3,48,auroc,0.724810149469624
469,469.0,469.0,469.0,guo_icu,guo_icu,count,rf,3,48,auprc,0.135641582725607
470,470.0,470.0,470.0,guo_icu,guo_icu,count,rf,3,48,brier,0.2112835269732177
471,471.0,471.0,471.0,guo_icu,guo_icu,count,rf,4,48,auroc,0.6487162487945999
472,472.0,472.0,472.0,guo_icu,guo_icu,count,rf,4,48,auprc,0.1324711256833094
473,473.0,473.0,473.0,guo_icu,guo_icu,count,rf,4,48,brier,0.219013641321184
474,474.0,474.0,474.0,guo_icu,guo_icu,count,rf,0,64,auroc,0.7419479267116683
475,475.0,475.0,475.0,guo_icu,guo_icu,count,rf,0,64,auprc,0.1592453311071287
476,476.0,476.0,476.0,guo_icu,guo_icu,count,rf,0,64,brier,0.2171261700080526
477,477.0,477.0,477.0,guo_icu,guo_icu,count,rf,1,64,auroc,0.5618490838958533
478,478.0,478.0,478.0,guo_icu,guo_icu,count,rf,1,64,auprc,0.0502462789255693
479,479.0,479.0,479.0,guo_icu,guo_icu,count,rf,1,64,brier,0.2176347569955817
480,480.0,480.0,480.0,guo_icu,guo_icu,count,rf,2,64,auroc,0.7198740356798458
481,481.0,481.0,481.0,guo_icu,guo_icu,count,rf,2,64,auprc,0.1574187867532805
482,482.0,482.0,482.0,guo_icu,guo_icu,count,rf,2,64,brier,0.2050172796945068
483,483.0,483.0,483.0,guo_icu,guo_icu,count,rf,3,64,auroc,0.6996926229508197
484,484.0,484.0,484.0,guo_icu,guo_icu,count,rf,3,64,auprc,0.0934871028576676
485,485.0,485.0,485.0,guo_icu,guo_icu,count,rf,3,64,brier,0.1807942244808353
486,486.0,486.0,486.0,guo_icu,guo_icu,count,rf,4,64,auroc,0.6467514464802314
487,487.0,487.0,487.0,guo_icu,guo_icu,count,rf,4,64,auprc,0.1185091767343575
488,488.0,488.0,488.0,guo_icu,guo_icu,count,rf,4,64,brier,0.2126385319110293
489,489.0,489.0,489.0,guo_icu,guo_icu,count,rf,0,128,auroc,0.7875000000000001
490,490.0,490.0,490.0,guo_icu,guo_icu,count,rf,0,128,auprc,0.2114537697060928
491,491.0,491.0,491.0,guo_icu,guo_icu,count,rf,0,128,brier,0.1781151973397815
492,492.0,492.0,492.0,guo_icu,guo_icu,count,rf,1,128,auroc,0.7350259161041466
493,493.0,493.0,493.0,guo_icu,guo_icu,count,rf,1,128,auprc,0.1583205284281122
494,494.0,494.0,494.0,guo_icu,guo_icu,count,rf,1,128,brier,0.1834612174766813
495,495.0,495.0,495.0,guo_icu,guo_icu,count,rf,2,128,auroc,0.7713898264223722
496,496.0,496.0,496.0,guo_icu,guo_icu,count,rf,2,128,auprc,0.1999830834446047
497,497.0,497.0,497.0,guo_icu,guo_icu,count,rf,2,128,brier,0.1964071801840877
498,498.0,498.0,498.0,guo_icu,guo_icu,count,rf,3,128,auroc,0.7698167791706847
499,499.0,499.0,499.0,guo_icu,guo_icu,count,rf,3,128,auprc,0.190151746577304
500,500.0,500.0,500.0,guo_icu,guo_icu,count,rf,3,128,brier,0.1893654492365568
501,501.0,501.0,501.0,guo_icu,guo_icu,count,rf,4,128,auroc,0.7571239151398265
502,502.0,502.0,502.0,guo_icu,guo_icu,count,rf,4,128,auprc,0.1904820576334124
503,503.0,503.0,503.0,guo_icu,guo_icu,count,rf,4,128,brier,0.1785841875264687
504,504.0,504.0,504.0,guo_icu,guo_icu,clmbr,lr_lbfgs,0,-1,auroc,0.8475289296046287
505,505.0,505.0,505.0,guo_icu,guo_icu,clmbr,lr_lbfgs,0,-1,auprc,0.324102358362129
506,506.0,506.0,506.0,guo_icu,guo_icu,clmbr,lr_lbfgs,0,-1,brier,0.0337704575679725
507,507.0,507.0,507.0,guo_icu,guo_icu,clmbr,lr_lbfgs,0,1,auroc,0.6540019286403086
508,508.0,508.0,508.0,guo_icu,guo_icu,clmbr,lr_lbfgs,0,1,auprc,0.1132239937382184
509,509.0,509.0,509.0,guo_icu,guo_icu,clmbr,lr_lbfgs,0,1,brier,0.2499917822618559
510,510.0,510.0,510.0,guo_icu,guo_icu,clmbr,lr_lbfgs,1,1,auroc,0.4253375120540019
511,511.0,511.0,511.0,guo_icu,guo_icu,clmbr,lr_lbfgs,1,1,auprc,0.0453434830047505
512,512.0,512.0,512.0,guo_icu,guo_icu,clmbr,lr_lbfgs,1,1,brier,0.2500063576037816
513,513.0,513.0,513.0,guo_icu,guo_icu,clmbr,lr_lbfgs,2,1,auroc,0.6853363066538091
514,514.0,514.0,514.0,guo_icu,guo_icu,clmbr,lr_lbfgs,2,1,auprc,0.141287443138379
515,515.0,515.0,515.0,guo_icu,guo_icu,clmbr,lr_lbfgs,2,1,brier,0.2499911775726828
516,516.0,516.0,516.0,guo_icu,guo_icu,clmbr,lr_lbfgs,3,1,auroc,0.6676048698167792
517,517.0,517.0,517.0,guo_icu,guo_icu,clmbr,lr_lbfgs,3,1,auprc,0.1123647574956385
518,518.0,518.0,518.0,guo_icu,guo_icu,clmbr,lr_lbfgs,3,1,brier,0.2500041754828331
519,519.0,519.0,519.0,guo_icu,guo_icu,clmbr,lr_lbfgs,4,1,auroc,0.5505364030858244
520,520.0,520.0,520.0,guo_icu,guo_icu,clmbr,lr_lbfgs,4,1,auprc,0.0536006455571994
521,521.0,521.0,521.0,guo_icu,guo_icu,clmbr,lr_lbfgs,4,1,brier,0.2500153953427768
522,522.0,522.0,522.0,guo_icu,guo_icu,clmbr,lr_lbfgs,0,2,auroc,0.5963416104146576
523,523.0,523.0,523.0,guo_icu,guo_icu,clmbr,lr_lbfgs,0,2,auprc,0.0551798461811547
524,524.0,524.0,524.0,guo_icu,guo_icu,clmbr,lr_lbfgs,0,2,brier,0.2499844606238615
525,525.0,525.0,525.0,guo_icu,guo_icu,clmbr,lr_lbfgs,1,2,auroc,0.4830701542912247
526,526.0,526.0,526.0,guo_icu,guo_icu,clmbr,lr_lbfgs,1,2,auprc,0.0812345484039751
527,527.0,527.0,527.0,guo_icu,guo_icu,clmbr,lr_lbfgs,1,2,brier,0.2500024836374064
528,528.0,528.0,528.0,guo_icu,guo_icu,clmbr,lr_lbfgs,2,2,auroc,0.6151639344262296
529,529.0,529.0,529.0,guo_icu,guo_icu,clmbr,lr_lbfgs,2,2,auprc,0.1027304969806332
530,530.0,530.0,530.0,guo_icu,guo_icu,clmbr,lr_lbfgs,2,2,brier,0.2499968841052691
531,531.0,531.0,531.0,guo_icu,guo_icu,clmbr,lr_lbfgs,3,2,auroc,0.6297673577627771
532,532.0,532.0,532.0,guo_icu,guo_icu,clmbr,lr_lbfgs,3,2,auprc,0.1520651160757887
533,533.0,533.0,533.0,guo_icu,guo_icu,clmbr,lr_lbfgs,3,2,brier,0.2500007720336146
534,534.0,534.0,534.0,guo_icu,guo_icu,clmbr,lr_lbfgs,4,2,auroc,0.6641694792671167
535,535.0,535.0,535.0,guo_icu,guo_icu,clmbr,lr_lbfgs,4,2,auprc,0.0830865290014353
536,536.0,536.0,536.0,guo_icu,guo_icu,clmbr,lr_lbfgs,4,2,brier,0.6556148039182158
537,537.0,537.0,537.0,guo_icu,guo_icu,clmbr,lr_lbfgs,0,4,auroc,0.5629098360655738
538,538.0,538.0,538.0,guo_icu,guo_icu,clmbr,lr_lbfgs,0,4,auprc,0.0886714827931939
539,539.0,539.0,539.0,guo_icu,guo_icu,clmbr,lr_lbfgs,0,4,brier,0.2499938607656804
540,540.0,540.0,540.0,guo_icu,guo_icu,clmbr,lr_lbfgs,1,4,auroc,0.4892056412729026
541,541.0,541.0,541.0,guo_icu,guo_icu,clmbr,lr_lbfgs,1,4,auprc,0.0469441781230294
542,542.0,542.0,542.0,guo_icu,guo_icu,clmbr,lr_lbfgs,1,4,brier,0.2500005381052363
543,543.0,543.0,543.0,guo_icu,guo_icu,clmbr,lr_lbfgs,2,4,auroc,0.6489633558341369
544,544.0,544.0,544.0,guo_icu,guo_icu,clmbr,lr_lbfgs,2,4,auprc,0.1300914567159218
545,545.0,545.0,545.0,guo_icu,guo_icu,clmbr,lr_lbfgs,2,4,brier,0.2287416150476095
546,546.0,546.0,546.0,guo_icu,guo_icu,clmbr,lr_lbfgs,3,4,auroc,0.7026699614271938
547,547.0,547.0,547.0,guo_icu,guo_icu,clmbr,lr_lbfgs,3,4,auprc,0.1625568672692453
548,548.0,548.0,548.0,guo_icu,guo_icu,clmbr,lr_lbfgs,3,4,brier,0.249994326495621
549,549.0,549.0,549.0,guo_icu,guo_icu,clmbr,lr_lbfgs,4,4,auroc,0.6004580520732883
550,550.0,550.0,550.0,guo_icu,guo_icu,clmbr,lr_lbfgs,4,4,auprc,0.1110595633479086
551,551.0,551.0,551.0,guo_icu,guo_icu,clmbr,lr_lbfgs,4,4,brier,0.2424291727874305
552,552.0,552.0,552.0,guo_icu,guo_icu,clmbr,lr_lbfgs,0,8,auroc,0.5974746865959498
553,553.0,553.0,553.0,guo_icu,guo_icu,clmbr,lr_lbfgs,0,8,auprc,0.0577028523583332
554,554.0,554.0,554.0,guo_icu,guo_icu,clmbr,lr_lbfgs,0,8,brier,0.2338373704683543
555,555.0,555.0,555.0,guo_icu,guo_icu,clmbr,lr_lbfgs,1,8,auroc,0.7006147540983606
556,556.0,556.0,556.0,guo_icu,guo_icu,clmbr,lr_lbfgs,1,8,auprc,0.099794140672548
557,557.0,557.0,557.0,guo_icu,guo_icu,clmbr,lr_lbfgs,1,8,brier,0.3217381074476227
558,558.0,558.0,558.0,guo_icu,guo_icu,clmbr,lr_lbfgs,2,8,auroc,0.6745540019286402
559,559.0,559.0,559.0,guo_icu,guo_icu,clmbr,lr_lbfgs,2,8,auprc,0.1701044876859537
560,560.0,560.0,560.0,guo_icu,guo_icu,clmbr,lr_lbfgs,2,8,brier,0.250000458303602
561,561.0,561.0,561.0,guo_icu,guo_icu,clmbr,lr_lbfgs,3,8,auroc,0.7829556412729027
562,562.0,562.0,562.0,guo_icu,guo_icu,clmbr,lr_lbfgs,3,8,auprc,0.2358496377583862
563,563.0,563.0,563.0,guo_icu,guo_icu,clmbr,lr_lbfgs,3,8,brier,0.1865984813650446
564,564.0,564.0,564.0,guo_icu,guo_icu,clmbr,lr_lbfgs,4,8,auroc,0.7497890549662489
565,565.0,565.0,565.0,guo_icu,guo_icu,clmbr,lr_lbfgs,4,8,auprc,0.1442626526028522
566,566.0,566.0,566.0,guo_icu,guo_icu,clmbr,lr_lbfgs,4,8,brier,0.2500058378790756
567,567.0,567.0,567.0,guo_icu,guo_icu,clmbr,lr_lbfgs,0,12,auroc,0.6925445998071359
568,568.0,568.0,568.0,guo_icu,guo_icu,clmbr,lr_lbfgs,0,12,auprc,0.1460067832821026
569,569.0,569.0,569.0,guo_icu,guo_icu,clmbr,lr_lbfgs,0,12,brier,0.2499932992608258
570,570.0,570.0,570.0,guo_icu,guo_icu,clmbr,lr_lbfgs,1,12,auroc,0.7349264705882352
571,571.0,571.0,571.0,guo_icu,guo_icu,clmbr,lr_lbfgs,1,12,auprc,0.1199054613953959
572,572.0,572.0,572.0,guo_icu,guo_icu,clmbr,lr_lbfgs,1,12,brier,0.3415379160545942
573,573.0,573.0,573.0,guo_icu,guo_icu,clmbr,lr_lbfgs,2,12,auroc,0.721046287367406
574,574.0,574.0,574.0,guo_icu,guo_icu,clmbr,lr_lbfgs,2,12,auprc,0.1623501316145303
575,575.0,575.0,575.0,guo_icu,guo_icu,clmbr,lr_lbfgs,2,12,brier,0.1777907575413077
576,576.0,576.0,576.0,guo_icu,guo_icu,clmbr,lr_lbfgs,3,12,auroc,0.7876988910318224
577,577.0,577.0,577.0,guo_icu,guo_icu,clmbr,lr_lbfgs,3,12,auprc,0.1551034770121204
578,578.0,578.0,578.0,guo_icu,guo_icu,clmbr,lr_lbfgs,3,12,brier,0.2289572458167603
579,579.0,579.0,579.0,guo_icu,guo_icu,clmbr,lr_lbfgs,4,12,auroc,0.7723782545805208
580,580.0,580.0,580.0,guo_icu,guo_icu,clmbr,lr_lbfgs,4,12,auprc,0.178525808075272
581,581.0,581.0,581.0,guo_icu,guo_icu,clmbr,lr_lbfgs,4,12,brier,0.2442879431167336
582,582.0,582.0,582.0,guo_icu,guo_icu,clmbr,lr_lbfgs,0,16,auroc,0.6989513018322082
583,583.0,583.0,583.0,guo_icu,guo_icu,clmbr,lr_lbfgs,0,16,auprc,0.1211352361937958
584,584.0,584.0,584.0,guo_icu,guo_icu,clmbr,lr_lbfgs,0,16,brier,0.2399597289483763
585,585.0,585.0,585.0,guo_icu,guo_icu,clmbr,lr_lbfgs,1,16,auroc,0.7867526518804243
586,586.0,586.0,586.0,guo_icu,guo_icu,clmbr,lr_lbfgs,1,16,auprc,0.188629897230877
587,587.0,587.0,587.0,guo_icu,guo_icu,clmbr,lr_lbfgs,1,16,brier,0.2219821973393342
588,588.0,588.0,588.0,guo_icu,guo_icu,clmbr,lr_lbfgs,2,16,auroc,0.7993972999035679
589,589.0,589.0,589.0,guo_icu,guo_icu,clmbr,lr_lbfgs,2,16,auprc,0.2300241524414631
590,590.0,590.0,590.0,guo_icu,guo_icu,clmbr,lr_lbfgs,2,16,brier,0.1549775433619947
591,591.0,591.0,591.0,guo_icu,guo_icu,clmbr,lr_lbfgs,3,16,auroc,0.7821239151398264
592,592.0,592.0,592.0,guo_icu,guo_icu,clmbr,lr_lbfgs,3,16,auprc,0.1837715815660372
593,593.0,593.0,593.0,guo_icu,guo_icu,clmbr,lr_lbfgs,3,16,brier,0.203732432825993
594,594.0,594.0,594.0,guo_icu,guo_icu,clmbr,lr_lbfgs,4,16,auroc,0.7482160077145612
595,595.0,595.0,595.0,guo_icu,guo_icu,clmbr,lr_lbfgs,4,16,auprc,0.1821518876303933
596,596.0,596.0,596.0,guo_icu,guo_icu,clmbr,lr_lbfgs,4,16,brier,0.2500026720513618
597,597.0,597.0,597.0,guo_icu,guo_icu,clmbr,lr_lbfgs,0,24,auroc,0.7031400675024109
598,598.0,598.0,598.0,guo_icu,guo_icu,clmbr,lr_lbfgs,0,24,auprc,0.1341451177663017
599,599.0,599.0,599.0,guo_icu,guo_icu,clmbr,lr_lbfgs,0,24,brier,0.2400217772318032
600,600.0,600.0,600.0,guo_icu,guo_icu,clmbr,lr_lbfgs,1,24,auroc,0.7525313404050145
601,601.0,601.0,601.0,guo_icu,guo_icu,clmbr,lr_lbfgs,1,24,auprc,0.1329969810753516
602,602.0,602.0,602.0,guo_icu,guo_icu,clmbr,lr_lbfgs,1,24,brier,0.2391436491129754
603,603.0,603.0,603.0,guo_icu,guo_icu,clmbr,lr_lbfgs,2,24,auroc,0.8108847637415622
604,604.0,604.0,604.0,guo_icu,guo_icu,clmbr,lr_lbfgs,2,24,auprc,0.2675667095255007
605,605.0,605.0,605.0,guo_icu,guo_icu,clmbr,lr_lbfgs,2,24,brier,0.1520609673865779
606,606.0,606.0,606.0,guo_icu,guo_icu,clmbr,lr_lbfgs,3,24,auroc,0.7784956605593055
607,607.0,607.0,607.0,guo_icu,guo_icu,clmbr,lr_lbfgs,3,24,auprc,0.219620711838905
608,608.0,608.0,608.0,guo_icu,guo_icu,clmbr,lr_lbfgs,3,24,brier,0.197847385591846
609,609.0,609.0,609.0,guo_icu,guo_icu,clmbr,lr_lbfgs,4,24,auroc,0.7693888621022179
610,610.0,610.0,610.0,guo_icu,guo_icu,clmbr,lr_lbfgs,4,24,auprc,0.2216861808134645
611,611.0,611.0,611.0,guo_icu,guo_icu,clmbr,lr_lbfgs,4,24,brier,0.1863701883569276
612,612.0,612.0,612.0,guo_icu,guo_icu,clmbr,lr_lbfgs,0,32,auroc,0.7699433461909353
613,613.0,613.0,613.0,guo_icu,guo_icu,clmbr,lr_lbfgs,0,32,auprc,0.2246033559874787
614,614.0,614.0,614.0,guo_icu,guo_icu,clmbr,lr_lbfgs,0,32,brier,0.1963999121744418
615,615.0,615.0,615.0,guo_icu,guo_icu,clmbr,lr_lbfgs,1,32,auroc,0.7252591610414658
616,616.0,616.0,616.0,guo_icu,guo_icu,clmbr,lr_lbfgs,1,32,auprc,0.122675185292984
617,617.0,617.0,617.0,guo_icu,guo_icu,clmbr,lr_lbfgs,1,32,brier,0.2741233471518152
618,618.0,618.0,618.0,guo_icu,guo_icu,clmbr,lr_lbfgs,2,32,auroc,0.8315995660559306
619,619.0,619.0,619.0,guo_icu,guo_icu,clmbr,lr_lbfgs,2,32,auprc,0.2620725967491236
620,620.0,620.0,620.0,guo_icu,guo_icu,clmbr,lr_lbfgs,2,32,brier,0.2094894350712058
621,621.0,621.0,621.0,guo_icu,guo_icu,clmbr,lr_lbfgs,3,32,auroc,0.8070274831243973
622,622.0,622.0,622.0,guo_icu,guo_icu,clmbr,lr_lbfgs,3,32,auprc,0.2146805530439003
623,623.0,623.0,623.0,guo_icu,guo_icu,clmbr,lr_lbfgs,3,32,brier,0.1821641688999777
624,624.0,624.0,624.0,guo_icu,guo_icu,clmbr,lr_lbfgs,4,32,auroc,0.7983064127290259
625,625.0,625.0,625.0,guo_icu,guo_icu,clmbr,lr_lbfgs,4,32,auprc,0.2527544391208713
626,626.0,626.0,626.0,guo_icu,guo_icu,clmbr,lr_lbfgs,4,32,brier,0.1376049954774091
627,627.0,627.0,627.0,guo_icu,guo_icu,clmbr,lr_lbfgs,0,48,auroc,0.7876446480231435
628,628.0,628.0,628.0,guo_icu,guo_icu,clmbr,lr_lbfgs,0,48,auprc,0.2363469783843765
629,629.0,629.0,629.0,guo_icu,guo_icu,clmbr,lr_lbfgs,0,48,brier,0.180309806936479
630,630.0,630.0,630.0,guo_icu,guo_icu,clmbr,lr_lbfgs,1,48,auroc,0.7703411282545806
631,631.0,631.0,631.0,guo_icu,guo_icu,clmbr,lr_lbfgs,1,48,auprc,0.1458284267218293
632,632.0,632.0,632.0,guo_icu,guo_icu,clmbr,lr_lbfgs,1,48,brier,0.166359880665365
633,633.0,633.0,633.0,guo_icu,guo_icu,clmbr,lr_lbfgs,2,48,auroc,0.7893683702989391
634,634.0,634.0,634.0,guo_icu,guo_icu,clmbr,lr_lbfgs,2,48,auprc,0.1957790856917339
635,635.0,635.0,635.0,guo_icu,guo_icu,clmbr,lr_lbfgs,2,48,brier,0.2375544809446095
636,636.0,636.0,636.0,guo_icu,guo_icu,clmbr,lr_lbfgs,3,48,auroc,0.8044599807135969
637,637.0,637.0,637.0,guo_icu,guo_icu,clmbr,lr_lbfgs,3,48,auprc,0.2234681272525431
638,638.0,638.0,638.0,guo_icu,guo_icu,clmbr,lr_lbfgs,3,48,brier,0.17608039403869
639,639.0,639.0,639.0,guo_icu,guo_icu,clmbr,lr_lbfgs,4,48,auroc,0.8078351012536162
640,640.0,640.0,640.0,guo_icu,guo_icu,clmbr,lr_lbfgs,4,48,auprc,0.2541140277063678
641,641.0,641.0,641.0,guo_icu,guo_icu,clmbr,lr_lbfgs,4,48,brier,0.1931690849065787
642,642.0,642.0,642.0,guo_icu,guo_icu,clmbr,lr_lbfgs,0,64,auroc,0.8116080038572806
643,643.0,643.0,643.0,guo_icu,guo_icu,clmbr,lr_lbfgs,0,64,auprc,0.297982730039608
644,644.0,644.0,644.0,guo_icu,guo_icu,clmbr,lr_lbfgs,0,64,brier,0.1761558823390248
645,645.0,645.0,645.0,guo_icu,guo_icu,clmbr,lr_lbfgs,1,64,auroc,0.7878194310511089
646,646.0,646.0,646.0,guo_icu,guo_icu,clmbr,lr_lbfgs,1,64,auprc,0.1392068097349506
647,647.0,647.0,647.0,guo_icu,guo_icu,clmbr,lr_lbfgs,1,64,brier,0.1734702360668182
648,648.0,648.0,648.0,guo_icu,guo_icu,clmbr,lr_lbfgs,2,64,auroc,0.7860716007714562
649,649.0,649.0,649.0,guo_icu,guo_icu,clmbr,lr_lbfgs,2,64,auprc,0.1941039556815959
650,650.0,650.0,650.0,guo_icu,guo_icu,clmbr,lr_lbfgs,2,64,brier,0.2284410685962796
651,651.0,651.0,651.0,guo_icu,guo_icu,clmbr,lr_lbfgs,3,64,auroc,0.8119635969141754
652,652.0,652.0,652.0,guo_icu,guo_icu,clmbr,lr_lbfgs,3,64,auprc,0.196428932233618
653,653.0,653.0,653.0,guo_icu,guo_icu,clmbr,lr_lbfgs,3,64,brier,0.1766990041955012
654,654.0,654.0,654.0,guo_icu,guo_icu,clmbr,lr_lbfgs,4,64,auroc,0.7830882352941176
655,655.0,655.0,655.0,guo_icu,guo_icu,clmbr,lr_lbfgs,4,64,auprc,0.2150100368375287
656,656.0,656.0,656.0,guo_icu,guo_icu,clmbr,lr_lbfgs,4,64,brier,0.1937805778942826
657,657.0,657.0,657.0,guo_icu,guo_icu,clmbr,lr_lbfgs,0,128,auroc,0.8351374156219865
658,658.0,658.0,658.0,guo_icu,guo_icu,clmbr,lr_lbfgs,0,128,auprc,0.2919249257401146
659,659.0,659.0,659.0,guo_icu,guo_icu,clmbr,lr_lbfgs,0,128,brier,0.1456562394144669
660,660.0,660.0,660.0,guo_icu,guo_icu,clmbr,lr_lbfgs,1,128,auroc,0.8319491321118613
661,661.0,661.0,661.0,guo_icu,guo_icu,clmbr,lr_lbfgs,1,128,auprc,0.2436506124925896
662,662.0,662.0,662.0,guo_icu,guo_icu,clmbr,lr_lbfgs,1,128,brier,0.1422231972131811
663,663.0,663.0,663.0,guo_icu,guo_icu,clmbr,lr_lbfgs,2,128,auroc,0.8197203471552555
664,664.0,664.0,664.0,guo_icu,guo_icu,clmbr,lr_lbfgs,2,128,auprc,0.2266236306145733
665,665.0,665.0,665.0,guo_icu,guo_icu,clmbr,lr_lbfgs,2,128,brier,0.155953909086801
666,666.0,666.0,666.0,guo_icu,guo_icu,clmbr,lr_lbfgs,3,128,auroc,0.8252591610414658
667,667.0,667.0,667.0,guo_icu,guo_icu,clmbr,lr_lbfgs,3,128,auprc,0.2559933048262711
668,668.0,668.0,668.0,guo_icu,guo_icu,clmbr,lr_lbfgs,3,128,brier,0.1460321981809034
669,669.0,669.0,669.0,guo_icu,guo_icu,clmbr,lr_lbfgs,4,128,auroc,0.8206364513018323
670,670.0,670.0,670.0,guo_icu,guo_icu,clmbr,lr_lbfgs,4,128,auprc,0.2603353590577314
671,671.0,671.0,671.0,guo_icu,guo_icu,clmbr,lr_lbfgs,4,128,brier,0.1498132400351628
672,672.0,672.0,,guo_icu,guo_icu,clmbr,knn,0,-1,auroc,0.688497468659595
673,673.0,673.0,,guo_icu,guo_icu,clmbr,knn,0,-1,auprc,0.1833986619096091
674,674.0,674.0,,guo_icu,guo_icu,clmbr,knn,0,-1,brier,0.041549150227094
675,675.0,675.0,,guo_icu,guo_icu,clmbr,knn,0,1,auroc,0.6151518804243009
676,676.0,676.0,,guo_icu,guo_icu,clmbr,knn,0,1,auprc,0.0587044651326034
677,677.0,677.0,,guo_icu,guo_icu,clmbr,knn,0,1,brier,0.2631320569464899
678,678.0,678.0,,guo_icu,guo_icu,clmbr,knn,1,1,auroc,0.4193285920925746
679,679.0,679.0,,guo_icu,guo_icu,clmbr,knn,1,1,auprc,0.0365207035712309
680,680.0,680.0,,guo_icu,guo_icu,clmbr,knn,1,1,brier,0.7893961708394698
681,681.0,681.0,,guo_icu,guo_icu,clmbr,knn,2,1,auroc,0.6576904532304725
682,682.0,682.0,,guo_icu,guo_icu,clmbr,knn,2,1,auprc,0.0786766414545005
683,683.0,683.0,,guo_icu,guo_icu,clmbr,knn,2,1,brier,0.1600392734413352
684,684.0,684.0,,guo_icu,guo_icu,clmbr,knn,3,1,auroc,0.5964561234329797
685,685.0,685.0,,guo_icu,guo_icu,clmbr,knn,3,1,auprc,0.0517166809889719
686,686.0,686.0,,guo_icu,guo_icu,clmbr,knn,3,1,brier,0.6008836524300442
687,687.0,687.0,,guo_icu,guo_icu,clmbr,knn,4,1,auroc,0.4923607762777242
688,688.0,688.0,,guo_icu,guo_icu,clmbr,knn,4,1,auprc,0.0411264532817399
689,689.0,689.0,,guo_icu,guo_icu,clmbr,knn,4,1,brier,0.91899852724595
690,690.0,690.0,,guo_icu,guo_icu,clmbr,knn,0,2,auroc,0.5132292671166827
691,691.0,691.0,,guo_icu,guo_icu,clmbr,knn,0,2,auprc,0.0430766735296882
692,692.0,692.0,,guo_icu,guo_icu,clmbr,knn,0,2,brier,0.1242022582228767
693,693.0,693.0,,guo_icu,guo_icu,clmbr,knn,1,2,auroc,0.5014886692381871
694,694.0,694.0,,guo_icu,guo_icu,clmbr,knn,1,2,auprc,0.0418475531756308
695,695.0,695.0,,guo_icu,guo_icu,clmbr,knn,1,2,brier,0.7074128620520374
696,696.0,696.0,,guo_icu,guo_icu,clmbr,knn,2,2,auroc,0.5395431533269045
697,697.0,697.0,,guo_icu,guo_icu,clmbr,knn,2,2,auprc,0.0454054204221163
698,698.0,698.0,,guo_icu,guo_icu,clmbr,knn,2,2,brier,0.461953853706431
699,699.0,699.0,,guo_icu,guo_icu,clmbr,knn,3,2,auroc,0.5769135728061716
700,700.0,700.0,,guo_icu,guo_icu,clmbr,knn,3,2,auprc,0.0499923378726564
701,701.0,701.0,,guo_icu,guo_icu,clmbr,knn,3,2,brier,0.422680412371134
702,702.0,702.0,,guo_icu,guo_icu,clmbr,knn,4,2,auroc,0.5438645130183221
703,703.0,703.0,,guo_icu,guo_icu,clmbr,knn,4,2,auprc,0.0455898245786967
704,704.0,704.0,,guo_icu,guo_icu,clmbr,knn,4,2,brier,0.7987236131566029
705,705.0,705.0,,guo_icu,guo_icu,clmbr,knn,0,4,auroc,0.5641815332690453
706,706.0,706.0,,guo_icu,guo_icu,clmbr,knn,0,4,auprc,0.0485799429531383
707,707.0,707.0,,guo_icu,guo_icu,clmbr,knn,0,4,brier,0.2216767577592319
708,708.0,708.0,,guo_icu,guo_icu,clmbr,knn,1,4,auroc,0.4705490597878495
709,709.0,709.0,,guo_icu,guo_icu,clmbr,knn,1,4,auprc,0.039557435630782
710,710.0,710.0,,guo_icu,guo_icu,clmbr,knn,1,4,brier,0.275699558173785
711,711.0,711.0,,guo_icu,guo_icu,clmbr,knn,2,4,auroc,0.6669780617164899
712,712.0,712.0,,guo_icu,guo_icu,clmbr,knn,2,4,auprc,0.1429827506093879
713,713.0,713.0,,guo_icu,guo_icu,clmbr,knn,2,4,brier,0.3454906595537572
714,714.0,714.0,,guo_icu,guo_icu,clmbr,knn,3,4,auroc,0.6289476856316297
715,715.0,715.0,,guo_icu,guo_icu,clmbr,knn,3,4,auprc,0.0695363333570807
716,716.0,716.0,,guo_icu,guo_icu,clmbr,knn,3,4,brier,0.2616985763377515
717,717.0,717.0,,guo_icu,guo_icu,clmbr,knn,4,4,auroc,0.6072986981677917
718,718.0,718.0,,guo_icu,guo_icu,clmbr,knn,4,4,auprc,0.0536366700763231
719,719.0,719.0,,guo_icu,guo_icu,clmbr,knn,4,4,brier,0.4470081274204986
720,720.0,720.0,,guo_icu,guo_icu,clmbr,knn,0,8,auroc,0.5629249035679845
721,721.0,721.0,,guo_icu,guo_icu,clmbr,knn,0,8,auprc,0.0486193652718819
722,722.0,722.0,,guo_icu,guo_icu,clmbr,knn,0,8,brier,0.3308787432498772
723,723.0,723.0,,guo_icu,guo_icu,clmbr,knn,1,8,auroc,0.6905285679845709
724,724.0,724.0,,guo_icu,guo_icu,clmbr,knn,1,8,auprc,0.0986039993937245
725,725.0,725.0,,guo_icu,guo_icu,clmbr,knn,1,8,brier,0.3071503261534387
726,726.0,726.0,,guo_icu,guo_icu,clmbr,knn,2,8,auroc,0.6415501446480232
727,727.0,727.0,,guo_icu,guo_icu,clmbr,knn,2,8,auprc,0.0684770151663468
728,728.0,728.0,,guo_icu,guo_icu,clmbr,knn,2,8,brier,0.3161941145077666
729,729.0,729.0,,guo_icu,guo_icu,clmbr,knn,3,8,auroc,0.7509914416586307
730,730.0,730.0,,guo_icu,guo_icu,clmbr,knn,3,8,auprc,0.1218591074057157
731,731.0,731.0,,guo_icu,guo_icu,clmbr,knn,3,8,brier,0.2824804736094779
732,732.0,732.0,,guo_icu,guo_icu,clmbr,knn,4,8,auroc,0.6364151398264224
733,733.0,733.0,,guo_icu,guo_icu,clmbr,knn,4,8,auprc,0.0578205800653487
734,734.0,734.0,,guo_icu,guo_icu,clmbr,knn,4,8,brier,0.524300441826215
735,735.0,735.0,,guo_icu,guo_icu,clmbr,knn,0,12,auroc,0.6527814609450338
736,736.0,736.0,,guo_icu,guo_icu,clmbr,knn,0,12,auprc,0.1066106187017534
737,737.0,737.0,,guo_icu,guo_icu,clmbr,knn,0,12,brier,0.2103121177270864
738,738.0,738.0,,guo_icu,guo_icu,clmbr,knn,1,12,auroc,0.7176741803278689
739,739.0,739.0,,guo_icu,guo_icu,clmbr,knn,1,12,auprc,0.1189925935240966
740,740.0,740.0,,guo_icu,guo_icu,clmbr,knn,1,12,brier,0.3035901202092039
741,741.0,741.0,,guo_icu,guo_icu,clmbr,knn,2,12,auroc,0.5597607280617165
742,742.0,742.0,,guo_icu,guo_icu,clmbr,knn,2,12,auprc,0.0477232712554605
743,743.0,743.0,,guo_icu,guo_icu,clmbr,knn,2,12,brier,0.4447717231222385
744,744.0,744.0,,guo_icu,guo_icu,clmbr,knn,3,12,auroc,0.7368068948891032
745,745.0,745.0,,guo_icu,guo_icu,clmbr,knn,3,12,auprc,0.0885927663413957
746,746.0,746.0,,guo_icu,guo_icu,clmbr,knn,3,12,brier,0.3241738908112108
747,747.0,747.0,,guo_icu,guo_icu,clmbr,knn,4,12,auroc,0.732190212150434
748,748.0,748.0,,guo_icu,guo_icu,clmbr,knn,4,12,auprc,0.0895644969246269
749,749.0,749.0,,guo_icu,guo_icu,clmbr,knn,4,12,brier,0.3085173713634579
750,750.0,750.0,,guo_icu,guo_icu,clmbr,knn,0,16,auroc,0.649059787849566
751,751.0,751.0,,guo_icu,guo_icu,clmbr,knn,0,16,auprc,0.06965877421894
752,752.0,752.0,,guo_icu,guo_icu,clmbr,knn,0,16,brier,0.2445949926362297
753,753.0,753.0,,guo_icu,guo_icu,clmbr,knn,1,16,auroc,0.7501657425265188
754,754.0,754.0,,guo_icu,guo_icu,clmbr,knn,1,16,auprc,0.1570478668224749
755,755.0,755.0,,guo_icu,guo_icu,clmbr,knn,1,16,brier,0.3066007715486633
756,756.0,756.0,,guo_icu,guo_icu,clmbr,knn,2,16,auroc,0.7465887174541948
757,757.0,757.0,,guo_icu,guo_icu,clmbr,knn,2,16,auprc,0.1242415689610159
758,758.0,758.0,,guo_icu,guo_icu,clmbr,knn,2,16,brier,0.2978505432677992
759,759.0,759.0,,guo_icu,guo_icu,clmbr,knn,3,16,auroc,0.7266453712632595
760,760.0,760.0,,guo_icu,guo_icu,clmbr,knn,3,16,auprc,0.0828283667517966
761,761.0,761.0,,guo_icu,guo_icu,clmbr,knn,3,16,brier,0.3009327442317133
762,762.0,762.0,,guo_icu,guo_icu,clmbr,knn,4,16,auroc,0.7125150675024109
763,763.0,763.0,,guo_icu,guo_icu,clmbr,knn,4,16,auprc,0.1010579228111979
764,764.0,764.0,,guo_icu,guo_icu,clmbr,knn,4,16,brier,0.2916348844902429
765,765.0,765.0,,guo_icu,guo_icu,clmbr,knn,0,24,auroc,0.7019467213114754
766,766.0,766.0,,guo_icu,guo_icu,clmbr,knn,0,24,auprc,0.1056172943460549
767,767.0,767.0,,guo_icu,guo_icu,clmbr,knn,0,24,brier,0.2232706442684374
768,768.0,768.0,,guo_icu,guo_icu,clmbr,knn,1,24,auroc,0.7133980231436838
769,769.0,769.0,,guo_icu,guo_icu,clmbr,knn,1,24,auprc,0.0989447904020618
770,770.0,770.0,,guo_icu,guo_icu,clmbr,knn,1,24,brier,0.2795876288659794
771,771.0,771.0,,guo_icu,guo_icu,clmbr,knn,2,24,auroc,0.7517448167791706
772,772.0,772.0,,guo_icu,guo_icu,clmbr,knn,2,24,auprc,0.1490578762922766
773,773.0,773.0,,guo_icu,guo_icu,clmbr,knn,2,24,brier,0.2409913562936064
774,774.0,774.0,,guo_icu,guo_icu,clmbr,knn,3,24,auroc,0.7549210462873674
775,775.0,775.0,,guo_icu,guo_icu,clmbr,knn,3,24,auprc,0.1093546956587291
776,776.0,776.0,,guo_icu,guo_icu,clmbr,knn,3,24,brier,0.2304372780546851
777,777.0,777.0,,guo_icu,guo_icu,clmbr,knn,4,24,auroc,0.7218900675024108
778,778.0,778.0,,guo_icu,guo_icu,clmbr,knn,4,24,auprc,0.0868343714291365
779,779.0,779.0,,guo_icu,guo_icu,clmbr,knn,4,24,brier,0.2527245949926363
780,780.0,780.0,,guo_icu,guo_icu,clmbr,knn,0,32,auroc,0.7422131147540983
781,781.0,781.0,,guo_icu,guo_icu,clmbr,knn,0,32,auprc,0.123831062180249
782,782.0,782.0,,guo_icu,guo_icu,clmbr,knn,0,32,brier,0.2042139352362958
783,783.0,783.0,,guo_icu,guo_icu,clmbr,knn,1,32,auroc,0.6693285920925747
784,784.0,784.0,,guo_icu,guo_icu,clmbr,knn,1,32,auprc,0.0688953263365318
785,785.0,785.0,,guo_icu,guo_icu,clmbr,knn,1,32,brier,0.3102601865488463
786,786.0,786.0,,guo_icu,guo_icu,clmbr,knn,2,32,auroc,0.74089018804243
787,787.0,787.0,,guo_icu,guo_icu,clmbr,knn,2,32,auprc,0.1031517131708145
788,788.0,788.0,,guo_icu,guo_icu,clmbr,knn,2,32,brier,0.277093765341188
789,789.0,789.0,,guo_icu,guo_icu,clmbr,knn,3,32,auroc,0.7849927675988427
790,790.0,790.0,,guo_icu,guo_icu,clmbr,knn,3,32,auprc,0.1302749693093866
791,791.0,791.0,,guo_icu,guo_icu,clmbr,knn,3,32,brier,0.2511235749809195
792,792.0,792.0,,guo_icu,guo_icu,clmbr,knn,4,32,auroc,0.7696269286403086
793,793.0,793.0,,guo_icu,guo_icu,clmbr,knn,4,32,auprc,0.1312841905789926
794,794.0,794.0,,guo_icu,guo_icu,clmbr,knn,4,32,brier,0.2225323531202483
795,795.0,795.0,,guo_icu,guo_icu,clmbr,knn,0,48,auroc,0.7878375120540018
796,796.0,796.0,,guo_icu,guo_icu,clmbr,knn,0,48,auprc,0.158472946983933
797,797.0,797.0,,guo_icu,guo_icu,clmbr,knn,0,48,brier,0.2021561181391803
798,798.0,798.0,,guo_icu,guo_icu,clmbr,knn,1,48,auroc,0.7269798698167791
799,799.0,799.0,,guo_icu,guo_icu,clmbr,knn,1,48,auprc,0.1189913197410815
800,800.0,800.0,,guo_icu,guo_icu,clmbr,knn,1,48,brier,0.2176466330367291
801,801.0,801.0,,guo_icu,guo_icu,clmbr,knn,2,48,auroc,0.7810601494696239
802,802.0,802.0,,guo_icu,guo_icu,clmbr,knn,2,48,auprc,0.1217531386893446
803,803.0,803.0,,guo_icu,guo_icu,clmbr,knn,2,48,brier,0.2507571143475791
804,804.0,804.0,,guo_icu,guo_icu,clmbr,knn,3,48,auroc,0.7542008196721312
805,805.0,805.0,,guo_icu,guo_icu,clmbr,knn,3,48,auprc,0.1080980239720074
806,806.0,806.0,,guo_icu,guo_icu,clmbr,knn,3,48,brier,0.2566197771990726
807,807.0,807.0,,guo_icu,guo_icu,clmbr,knn,4,48,auroc,0.7592785679845708
808,808.0,808.0,,guo_icu,guo_icu,clmbr,knn,4,48,auprc,0.122707593592492
809,809.0,809.0,,guo_icu,guo_icu,clmbr,knn,4,48,brier,0.237393728778132
810,810.0,810.0,,guo_icu,guo_icu,clmbr,knn,0,64,auroc,0.7961517598842816
811,811.0,811.0,,guo_icu,guo_icu,clmbr,knn,0,64,auprc,0.1599627687126545
812,812.0,812.0,,guo_icu,guo_icu,clmbr,knn,0,64,brier,0.1796631800004879
813,813.0,813.0,,guo_icu,guo_icu,clmbr,knn,1,64,auroc,0.6869093539054966
814,814.0,814.0,,guo_icu,guo_icu,clmbr,knn,1,64,auprc,0.0886636402185526
815,815.0,815.0,,guo_icu,guo_icu,clmbr,knn,1,64,brier,0.2208816422034967
816,816.0,816.0,,guo_icu,guo_icu,clmbr,knn,2,64,auroc,0.7802434908389586
817,817.0,817.0,,guo_icu,guo_icu,clmbr,knn,2,64,auprc,0.1279835201680457
818,818.0,818.0,,guo_icu,guo_icu,clmbr,knn,2,64,brier,0.2528364177132703
819,819.0,819.0,,guo_icu,guo_icu,clmbr,knn,3,64,auroc,0.7695817261330762
820,820.0,820.0,,guo_icu,guo_icu,clmbr,knn,3,64,auprc,0.1346574592216571
821,821.0,821.0,,guo_icu,guo_icu,clmbr,knn,3,64,brier,0.2121404596123266
822,822.0,822.0,,guo_icu,guo_icu,clmbr,knn,4,64,auroc,0.7432286644165862
823,823.0,823.0,,guo_icu,guo_icu,clmbr,knn,4,64,auprc,0.1037446319250296
824,824.0,824.0,,guo_icu,guo_icu,clmbr,knn,4,64,brier,0.2334988932963244
825,825.0,825.0,,guo_icu,guo_icu,clmbr,knn,0,128,auroc,0.764663693346191
826,826.0,826.0,,guo_icu,guo_icu,clmbr,knn,0,128,auprc,0.1161465915414685
827,827.0,827.0,,guo_icu,guo_icu,clmbr,knn,0,128,brier,0.2035553759071669
828,828.0,828.0,,guo_icu,guo_icu,clmbr,knn,1,128,auroc,0.7614633558341369
829,829.0,829.0,,guo_icu,guo_icu,clmbr,knn,1,128,auprc,0.1185905961291016
830,830.0,830.0,,guo_icu,guo_icu,clmbr,knn,1,128,brier,0.2005467896385831
831,831.0,831.0,,guo_icu,guo_icu,clmbr,knn,2,128,auroc,0.7553128013500482
832,832.0,832.0,,guo_icu,guo_icu,clmbr,knn,2,128,auprc,0.106066339658581
833,833.0,833.0,,guo_icu,guo_icu,clmbr,knn,2,128,brier,0.2256718394995436
834,834.0,834.0,,guo_icu,guo_icu,clmbr,knn,3,128,auroc,0.7830882352941178
835,835.0,835.0,,guo_icu,guo_icu,clmbr,knn,3,128,auprc,0.1223632750084775
836,836.0,836.0,,guo_icu,guo_icu,clmbr,knn,3,128,brier,0.2128725314008316
837,837.0,837.0,,guo_icu,guo_icu,clmbr,knn,4,128,auroc,0.7776820154291226
838,838.0,838.0,,guo_icu,guo_icu,clmbr,knn,4,128,auprc,0.1506890477243106
839,839.0,839.0,,guo_icu,guo_icu,clmbr,knn,4,128,brier,0.198596010544553
840,,,,guo_icu,guo_icu,clinicalbert_type1_max_pool,lr_lbfgs,0,-1,auroc,0.7259763741562199
841,,,,guo_icu,guo_icu,clinicalbert_type1_max_pool,lr_lbfgs,0,-1,auprc,0.11512364885183463
842,,,,guo_icu,guo_icu,clinicalbert_type1_max_pool,lr_lbfgs,0,-1,brier,0.039813612473628246
843,,,,guo_icu,guo_icu,clinicalbert_type1_max_pool,lr_lbfgs,0,1,auroc,0.5567743490838958
844,,,,guo_icu,guo_icu,clinicalbert_type1_max_pool,lr_lbfgs,0,1,auprc,0.047492833588281824
845,,,,guo_icu,guo_icu,clinicalbert_type1_max_pool,lr_lbfgs,0,1,brier,0.24999764252874948
846,,,,guo_icu,guo_icu,clinicalbert_type1_max_pool,lr_lbfgs,1,1,auroc,0.5688645130183221
847,,,,guo_icu,guo_icu,clinicalbert_type1_max_pool,lr_lbfgs,1,1,auprc,0.06524117194896029
848,,,,guo_icu,guo_icu,clinicalbert_type1_max_pool,lr_lbfgs,1,1,brier,0.24999828412205743
849,,,,guo_icu,guo_icu,clinicalbert_type1_max_pool,lr_lbfgs,2,1,auroc,0.5677736258437801
850,,,,guo_icu,guo_icu,clinicalbert_type1_max_pool,lr_lbfgs,2,1,auprc,0.05152709387844361
851,,,,guo_icu,guo_icu,clinicalbert_type1_max_pool,lr_lbfgs,2,1,brier,0.2500000631334751
852,,,,guo_icu,guo_icu,clinicalbert_type1_max_pool,lr_lbfgs,3,1,auroc,0.4855773866923819
853,,,,guo_icu,guo_icu,clinicalbert_type1_max_pool,lr_lbfgs,3,1,auprc,0.04079171225673873
854,,,,guo_icu,guo_icu,clinicalbert_type1_max_pool,lr_lbfgs,3,1,brier,0.2500009316057122
855,,,,guo_icu,guo_icu,clinicalbert_type1_max_pool,lr_lbfgs,4,1,auroc,0.5166465766634523
856,,,,guo_icu,guo_icu,clinicalbert_type1_max_pool,lr_lbfgs,4,1,auprc,0.04377666254150217
857,,,,guo_icu,guo_icu,clinicalbert_type1_max_pool,lr_lbfgs,4,1,brier,0.25000148766367913
858,,,,guo_icu,guo_icu,clinicalbert_type1_max_pool,lr_lbfgs,0,2,auroc,0.47602459016393445
859,,,,guo_icu,guo_icu,clinicalbert_type1_max_pool,lr_lbfgs,0,2,auprc,0.038592372485066945
860,,,,guo_icu,guo_icu,clinicalbert_type1_max_pool,lr_lbfgs,0,2,brier,0.25000160166344715
861,,,,guo_icu,guo_icu,clinicalbert_type1_max_pool,lr_lbfgs,1,2,auroc,0.5737704918032787
862,,,,guo_icu,guo_icu,clinicalbert_type1_max_pool,lr_lbfgs,1,2,auprc,0.0596253515411235
863,,,,guo_icu,guo_icu,clinicalbert_type1_max_pool,lr_lbfgs,1,2,brier,0.24999935246802493
864,,,,guo_icu,guo_icu,clinicalbert_type1_max_pool,lr_lbfgs,2,2,auroc,0.459450337512054
865,,,,guo_icu,guo_icu,clinicalbert_type1_max_pool,lr_lbfgs,2,2,auprc,0.037415008291028354
866,,,,guo_icu,guo_icu,clinicalbert_type1_max_pool,lr_lbfgs,2,2,brier,0.2500045506287717
867,,,,guo_icu,guo_icu,clinicalbert_type1_max_pool,lr_lbfgs,3,2,auroc,0.5793213596914175
868,,,,guo_icu,guo_icu,clinicalbert_type1_max_pool,lr_lbfgs,3,2,auprc,0.05782021170989726
869,,,,guo_icu,guo_icu,clinicalbert_type1_max_pool,lr_lbfgs,3,2,brier,0.1298449777252956
870,,,,guo_icu,guo_icu,clinicalbert_type1_max_pool,lr_lbfgs,4,2,auroc,0.461577868852459
871,,,,guo_icu,guo_icu,clinicalbert_type1_max_pool,lr_lbfgs,4,2,auprc,0.039075894100056754
872,,,,guo_icu,guo_icu,clinicalbert_type1_max_pool,lr_lbfgs,4,2,brier,0.17554823949501827
873,,,,guo_icu,guo_icu,clinicalbert_type1_max_pool,lr_lbfgs,0,4,auroc,0.5168514946962391
874,,,,guo_icu,guo_icu,clinicalbert_type1_max_pool,lr_lbfgs,0,4,auprc,0.0484748578033798
875,,,,guo_icu,guo_icu,clinicalbert_type1_max_pool,lr_lbfgs,0,4,brier,0.4580135213120858
876,,,,guo_icu,guo_icu,clinicalbert_type1_max_pool,lr_lbfgs,1,4,auroc,0.5543334136933462
877,,,,guo_icu,guo_icu,clinicalbert_type1_max_pool,lr_lbfgs,1,4,auprc,0.04645924922998837
878,,,,guo_icu,guo_icu,clinicalbert_type1_max_pool,lr_lbfgs,1,4,brier,0.6950357527210586
879,,,,guo_icu,guo_icu,clinicalbert_type1_max_pool,lr_lbfgs,2,4,auroc,0.5988608968177435
880,,,,guo_icu,guo_icu,clinicalbert_type1_max_pool,lr_lbfgs,2,4,auprc,0.07044017890889381
881,,,,guo_icu,guo_icu,clinicalbert_type1_max_pool,lr_lbfgs,2,4,brier,0.21946626800708846
882,,,,guo_icu,guo_icu,clinicalbert_type1_max_pool,lr_lbfgs,3,4,auroc,0.6017478302796528
883,,,,guo_icu,guo_icu,clinicalbert_type1_max_pool,lr_lbfgs,3,4,auprc,0.061775681823502154
884,,,,guo_icu,guo_icu,clinicalbert_type1_max_pool,lr_lbfgs,3,4,brier,0.2499944239693328
885,,,,guo_icu,guo_icu,clinicalbert_type1_max_pool,lr_lbfgs,4,4,auroc,0.47155255544840885
886,,,,guo_icu,guo_icu,clinicalbert_type1_max_pool,lr_lbfgs,4,4,auprc,0.041232163137921635
887,,,,guo_icu,guo_icu,clinicalbert_type1_max_pool,lr_lbfgs,4,4,brier,0.4846853818353333
888,,,,guo_icu,guo_icu,clinicalbert_type1_max_pool,lr_lbfgs,0,8,auroc,0.5966972034715525
889,,,,guo_icu,guo_icu,clinicalbert_type1_max_pool,lr_lbfgs,0,8,auprc,0.057630153252137904
890,,,,guo_icu,guo_icu,clinicalbert_type1_max_pool,lr_lbfgs,0,8,brier,0.4169781897544141
891,,,,guo_icu,guo_icu,clinicalbert_type1_max_pool,lr_lbfgs,1,8,auroc,0.5627892960462872
892,,,,guo_icu,guo_icu,clinicalbert_type1_max_pool,lr_lbfgs,1,8,auprc,0.051766361038816995
893,,,,guo_icu,guo_icu,clinicalbert_type1_max_pool,lr_lbfgs,1,8,brier,0.36307619165788896
894,,,,guo_icu,guo_icu,clinicalbert_type1_max_pool,lr_lbfgs,2,8,auroc,0.6573348601735777
895,,,,guo_icu,guo_icu,clinicalbert_type1_max_pool,lr_lbfgs,2,8,auprc,0.06795368019378228
896,,,,guo_icu,guo_icu,clinicalbert_type1_max_pool,lr_lbfgs,2,8,brier,0.41596357690222263
897,,,,guo_icu,guo_icu,clinicalbert_type1_max_pool,lr_lbfgs,3,8,auroc,0.6389042912246867
898,,,,guo_icu,guo_icu,clinicalbert_type1_max_pool,lr_lbfgs,3,8,auprc,0.07185108438542989
899,,,,guo_icu,guo_icu,clinicalbert_type1_max_pool,lr_lbfgs,3,8,brier,0.357095241282257
900,,,,guo_icu,guo_icu,clinicalbert_type1_max_pool,lr_lbfgs,4,8,auroc,0.5308220829315333
901,,,,guo_icu,guo_icu,clinicalbert_type1_max_pool,lr_lbfgs,4,8,auprc,0.04745164441814714
902,,,,guo_icu,guo_icu,clinicalbert_type1_max_pool,lr_lbfgs,4,8,brier,0.3937317122724796
903,,,,guo_icu,guo_icu,clinicalbert_type1_max_pool,lr_lbfgs,0,12,auroc,0.5929484088717454
904,,,,guo_icu,guo_icu,clinicalbert_type1_max_pool,lr_lbfgs,0,12,auprc,0.05758539721763796
905,,,,guo_icu,guo_icu,clinicalbert_type1_max_pool,lr_lbfgs,0,12,brier,0.4437590448276028
906,,,,guo_icu,guo_icu,clinicalbert_type1_max_pool,lr_lbfgs,1,12,auroc,0.5263138862102218
907,,,,guo_icu,guo_icu,clinicalbert_type1_max_pool,lr_lbfgs,1,12,auprc,0.042999063307812266
908,,,,guo_icu,guo_icu,clinicalbert_type1_max_pool,lr_lbfgs,1,12,brier,0.2500038250617086
909,,,,guo_icu,guo_icu,clinicalbert_type1_max_pool,lr_lbfgs,2,12,auroc,0.6345527965284474
910,,,,guo_icu,guo_icu,clinicalbert_type1_max_pool,lr_lbfgs,2,12,auprc,0.0636592319467519
911,,,,guo_icu,guo_icu,clinicalbert_type1_max_pool,lr_lbfgs,2,12,brier,0.3755754836167991
912,,,,guo_icu,guo_icu,clinicalbert_type1_max_pool,lr_lbfgs,3,12,auroc,0.6341911764705882
913,,,,guo_icu,guo_icu,clinicalbert_type1_max_pool,lr_lbfgs,3,12,auprc,0.08437602187822707
914,,,,guo_icu,guo_icu,clinicalbert_type1_max_pool,lr_lbfgs,3,12,brier,0.24999570089391585
915,,,,guo_icu,guo_icu,clinicalbert_type1_max_pool,lr_lbfgs,4,12,auroc,0.5730050626808101
916,,,,guo_icu,guo_icu,clinicalbert_type1_max_pool,lr_lbfgs,4,12,auprc,0.05572556859150517
917,,,,guo_icu,guo_icu,clinicalbert_type1_max_pool,lr_lbfgs,4,12,brier,0.5003606296122773
918,,,,guo_icu,guo_icu,clinicalbert_type1_max_pool,lr_lbfgs,0,16,auroc,0.599433461909354
919,,,,guo_icu,guo_icu,clinicalbert_type1_max_pool,lr_lbfgs,0,16,auprc,0.05963902867679719
920,,,,guo_icu,guo_icu,clinicalbert_type1_max_pool,lr_lbfgs,0,16,brier,0.501399428577443
921,,,,guo_icu,guo_icu,clinicalbert_type1_max_pool,lr_lbfgs,1,16,auroc,0.4650192864030859
922,,,,guo_icu,guo_icu,clinicalbert_type1_max_pool,lr_lbfgs,1,16,auprc,0.03777995482748287
923,,,,guo_icu,guo_icu,clinicalbert_type1_max_pool,lr_lbfgs,1,16,brier,0.24871190981996358
924,,,,guo_icu,guo_icu,clinicalbert_type1_max_pool,lr_lbfgs,2,16,auroc,0.63302193828351
925,,,,guo_icu,guo_icu,clinicalbert_type1_max_pool,lr_lbfgs,2,16,auprc,0.06636019861765727
926,,,,guo_icu,guo_icu,clinicalbert_type1_max_pool,lr_lbfgs,2,16,brier,0.22628063989137767
927,,,,guo_icu,guo_icu,clinicalbert_type1_max_pool,lr_lbfgs,3,16,auroc,0.6123854869816779
928,,,,guo_icu,guo_icu,clinicalbert_type1_max_pool,lr_lbfgs,3,16,auprc,0.06888497058615069
929,,,,guo_icu,guo_icu,clinicalbert_type1_max_pool,lr_lbfgs,3,16,brier,0.40135661173433385
930,,,,guo_icu,guo_icu,clinicalbert_type1_max_pool,lr_lbfgs,4,16,auroc,0.44999397299903565
931,,,,guo_icu,guo_icu,clinicalbert_type1_max_pool,lr_lbfgs,4,16,auprc,0.03653807260756632
932,,,,guo_icu,guo_icu,clinicalbert_type1_max_pool,lr_lbfgs,4,16,brier,0.25001563126434
933,,,,guo_icu,guo_icu,clinicalbert_type1_max_pool,lr_lbfgs,0,24,auroc,0.5711306653809064
934,,,,guo_icu,guo_icu,clinicalbert_type1_max_pool,lr_lbfgs,0,24,auprc,0.06235488903408791
935,,,,guo_icu,guo_icu,clinicalbert_type1_max_pool,lr_lbfgs,0,24,brier,0.2962864186937288
936,,,,guo_icu,guo_icu,clinicalbert_type1_max_pool,lr_lbfgs,1,24,auroc,0.5605954676952749
937,,,,guo_icu,guo_icu,clinicalbert_type1_max_pool,lr_lbfgs,1,24,auprc,0.04906259479679617
938,,,,guo_icu,guo_icu,clinicalbert_type1_max_pool,lr_lbfgs,1,24,brier,0.38108505049135927
939,,,,guo_icu,guo_icu,clinicalbert_type1_max_pool,lr_lbfgs,2,24,auroc,0.6632383076181293
940,,,,guo_icu,guo_icu,clinicalbert_type1_max_pool,lr_lbfgs,2,24,auprc,0.08590343684082367
941,,,,guo_icu,guo_icu,clinicalbert_type1_max_pool,lr_lbfgs,2,24,brier,0.30222094524697657
942,,,,guo_icu,guo_icu,clinicalbert_type1_max_pool,lr_lbfgs,3,24,auroc,0.6082298698167792
943,,,,guo_icu,guo_icu,clinicalbert_type1_max_pool,lr_lbfgs,3,24,auprc,0.0774758874350219
944,,,,guo_icu,guo_icu,clinicalbert_type1_max_pool,lr_lbfgs,3,24,brier,0.3926642095147234
945,,,,guo_icu,guo_icu,clinicalbert_type1_max_pool,lr_lbfgs,4,24,auroc,0.5631087270973963
946,,,,guo_icu,guo_icu,clinicalbert_type1_max_pool,lr_lbfgs,4,24,auprc,0.06256215493010232
947,,,,guo_icu,guo_icu,clinicalbert_type1_max_pool,lr_lbfgs,4,24,brier,0.24779343475017257
948,,,,guo_icu,guo_icu,clinicalbert_type1_max_pool,lr_lbfgs,0,32,auroc,0.6039115236258438
949,,,,guo_icu,guo_icu,clinicalbert_type1_max_pool,lr_lbfgs,0,32,auprc,0.059616707746758646
950,,,,guo_icu,guo_icu,clinicalbert_type1_max_pool,lr_lbfgs,0,32,brier,0.300512431653161
951,,,,guo_icu,guo_icu,clinicalbert_type1_max_pool,lr_lbfgs,1,32,auroc,0.4778206364513019
952,,,,guo_icu,guo_icu,clinicalbert_type1_max_pool,lr_lbfgs,1,32,auprc,0.03881594907875298
953,,,,guo_icu,guo_icu,clinicalbert_type1_max_pool,lr_lbfgs,1,32,brier,0.2501002845587245
954,,,,guo_icu,guo_icu,clinicalbert_type1_max_pool,lr_lbfgs,2,32,auroc,0.6426078833172614
955,,,,guo_icu,guo_icu,clinicalbert_type1_max_pool,lr_lbfgs,2,32,auprc,0.0715640216830071
956,,,,guo_icu,guo_icu,clinicalbert_type1_max_pool,lr_lbfgs,2,32,brier,0.2798993736418976
957,,,,guo_icu,guo_icu,clinicalbert_type1_max_pool,lr_lbfgs,3,32,auroc,0.5918816297010607
958,,,,guo_icu,guo_icu,clinicalbert_type1_max_pool,lr_lbfgs,3,32,auprc,0.060743704466362694
959,,,,guo_icu,guo_icu,clinicalbert_type1_max_pool,lr_lbfgs,3,32,brier,0.4854653703816112
960,,,,guo_icu,guo_icu,clinicalbert_type1_max_pool,lr_lbfgs,4,32,auroc,0.626169238187078
961,,,,guo_icu,guo_icu,clinicalbert_type1_max_pool,lr_lbfgs,4,32,auprc,0.07510877746371888
962,,,,guo_icu,guo_icu,clinicalbert_type1_max_pool,lr_lbfgs,4,32,brier,0.24212809872999733
963,,,,guo_icu,guo_icu,clinicalbert_type1_max_pool,lr_lbfgs,0,48,auroc,0.664513018322083
964,,,,guo_icu,guo_icu,clinicalbert_type1_max_pool,lr_lbfgs,0,48,auprc,0.07453200374663516
965,,,,guo_icu,guo_icu,clinicalbert_type1_max_pool,lr_lbfgs,0,48,brier,0.26659709832303086
966,,,,guo_icu,guo_icu,clinicalbert_type1_max_pool,lr_lbfgs,1,48,auroc,0.5278206364513018
967,,,,guo_icu,guo_icu,clinicalbert_type1_max_pool,lr_lbfgs,1,48,auprc,0.04459728038114173
968,,,,guo_icu,guo_icu,clinicalbert_type1_max_pool,lr_lbfgs,1,48,brier,0.23638894703467905
969,,,,guo_icu,guo_icu,clinicalbert_type1_max_pool,lr_lbfgs,2,48,auroc,0.6685390549662488
970,,,,guo_icu,guo_icu,clinicalbert_type1_max_pool,lr_lbfgs,2,48,auprc,0.07297395757038411
971,,,,guo_icu,guo_icu,clinicalbert_type1_max_pool,lr_lbfgs,2,48,brier,0.22015840896386654
972,,,,guo_icu,guo_icu,clinicalbert_type1_max_pool,lr_lbfgs,3,48,auroc,0.5953772902603665
973,,,,guo_icu,guo_icu,clinicalbert_type1_max_pool,lr_lbfgs,3,48,auprc,0.0797975492882598
974,,,,guo_icu,guo_icu,clinicalbert_type1_max_pool,lr_lbfgs,3,48,brier,0.2632397472689933
975,,,,guo_icu,guo_icu,clinicalbert_type1_max_pool,lr_lbfgs,4,48,auroc,0.560053037608486
976,,,,guo_icu,guo_icu,clinicalbert_type1_max_pool,lr_lbfgs,4,48,auprc,0.04911083343016088
977,,,,guo_icu,guo_icu,clinicalbert_type1_max_pool,lr_lbfgs,4,48,brier,0.2500326992731371
978,,,,guo_icu,guo_icu,clinicalbert_type1_max_pool,lr_lbfgs,0,64,auroc,0.6769165863066537
979,,,,guo_icu,guo_icu,clinicalbert_type1_max_pool,lr_lbfgs,0,64,auprc,0.09779752179412932
980,,,,guo_icu,guo_icu,clinicalbert_type1_max_pool,lr_lbfgs,0,64,brier,0.24780451567886513
981,,,,guo_icu,guo_icu,clinicalbert_type1_max_pool,lr_lbfgs,1,64,auroc,0.5553097878495661
982,,,,guo_icu,guo_icu,clinicalbert_type1_max_pool,lr_lbfgs,1,64,auprc,0.04811487758770348
983,,,,guo_icu,guo_icu,clinicalbert_type1_max_pool,lr_lbfgs,1,64,brier,0.23039587982936605
984,,,,guo_icu,guo_icu,clinicalbert_type1_max_pool,lr_lbfgs,2,64,auroc,0.7021034233365477
985,,,,guo_icu,guo_icu,clinicalbert_type1_max_pool,lr_lbfgs,2,64,auprc,0.08640807931004346
986,,,,guo_icu,guo_icu,clinicalbert_type1_max_pool,lr_lbfgs,2,64,brier,0.22467483285886952
987,,,,guo_icu,guo_icu,clinicalbert_type1_max_pool,lr_lbfgs,3,64,auroc,0.6233666827386692
988,,,,guo_icu,guo_icu,clinicalbert_type1_max_pool,lr_lbfgs,3,64,auprc,0.07330837487340543
989,,,,guo_icu,guo_icu,clinicalbert_type1_max_pool,lr_lbfgs,3,64,brier,0.23767635780544233
990,,,,guo_icu,guo_icu,clinicalbert_type1_max_pool,lr_lbfgs,4,64,auroc,0.5564669720347155
991,,,,guo_icu,guo_icu,clinicalbert_type1_max_pool,lr_lbfgs,4,64,auprc,0.046638166657657465
992,,,,guo_icu,guo_icu,clinicalbert_type1_max_pool,lr_lbfgs,4,64,brier,0.24368173519816524
993,,,,guo_icu,guo_icu,clinicalbert_type1_max_pool,lr_lbfgs,0,128,auroc,0.7037186595949856
994,,,,guo_icu,guo_icu,clinicalbert_type1_max_pool,lr_lbfgs,0,128,auprc,0.08005649483982835
995,,,,guo_icu,guo_icu,clinicalbert_type1_max_pool,lr_lbfgs,0,128,brier,0.2436243900380771
996,,,,guo_icu,guo_icu,clinicalbert_type1_max_pool,lr_lbfgs,1,128,auroc,0.6683341369334619
997,,,,guo_icu,guo_icu,clinicalbert_type1_max_pool,lr_lbfgs,1,128,auprc,0.07396539534225541
998,,,,guo_icu,guo_icu,clinicalbert_type1_max_pool,lr_lbfgs,1,128,brier,0.22428964443490157
999,,,,guo_icu,guo_icu,clinicalbert_type1_max_pool,lr_lbfgs,2,128,auroc,0.6965706364513018
1000,,,,guo_icu,guo_icu,clinicalbert_type1_max_pool,lr_lbfgs,2,128,auprc,0.0790988633468451
1001,,,,guo_icu,guo_icu,clinicalbert_type1_max_pool,lr_lbfgs,2,128,brier,0.22787061132108152
1002,,,,guo_icu,guo_icu,clinicalbert_type1_max_pool,lr_lbfgs,3,128,auroc,0.6711366923818708
1003,,,,guo_icu,guo_icu,clinicalbert_type1_max_pool,lr_lbfgs,3,128,auprc,0.10343808663009216
1004,,,,guo_icu,guo_icu,clinicalbert_type1_max_pool,lr_lbfgs,3,128,brier,0.24028528241376323
1005,,,,guo_icu,guo_icu,clinicalbert_type1_max_pool,lr_lbfgs,4,128,auroc,0.6958052073288332
1006,,,,guo_icu,guo_icu,clinicalbert_type1_max_pool,lr_lbfgs,4,128,auprc,0.07792906253029053
1007,,,,guo_icu,guo_icu,clinicalbert_type1_max_pool,lr_lbfgs,4,128,brier,0.2179169170727863
1008,,,,guo_icu,guo_icu,clinicalbert_type1_max_pool,knn,0,-1,auroc,0.5568436595949855
1009,,,,guo_icu,guo_icu,clinicalbert_type1_max_pool,knn,0,-1,auprc,0.05653729134041355
1010,,,,guo_icu,guo_icu,clinicalbert_type1_max_pool,knn,0,-1,brier,0.04651939126165931
1011,,,,guo_icu,guo_icu,clinicalbert_type1_max_pool,knn,0,1,auroc,0.5200578592092574
1012,,,,guo_icu,guo_icu,clinicalbert_type1_max_pool,knn,0,1,auprc,0.0434493046333782
1013,,,,guo_icu,guo_icu,clinicalbert_type1_max_pool,knn,0,1,brier,0.5208640157093766
1014,,,,guo_icu,guo_icu,clinicalbert_type1_max_pool,knn,1,1,auroc,0.5313735535197686
1015,,,,guo_icu,guo_icu,clinicalbert_type1_max_pool,knn,1,1,auprc,0.044575540375558005
1016,,,,guo_icu,guo_icu,clinicalbert_type1_max_pool,knn,1,1,brier,0.44526264113892977
1017,,,,guo_icu,guo_icu,clinicalbert_type1_max_pool,knn,2,1,auroc,0.5582178158148505
1018,,,,guo_icu,guo_icu,clinicalbert_type1_max_pool,knn,2,1,auprc,0.04703793818573649
1019,,,,guo_icu,guo_icu,clinicalbert_type1_max_pool,knn,2,1,brier,0.7604320078546882
1020,,,,guo_icu,guo_icu,clinicalbert_type1_max_pool,knn,3,1,auroc,0.478369093539055
1021,,,,guo_icu,guo_icu,clinicalbert_type1_max_pool,knn,3,1,auprc,0.04013504183304062
1022,,,,guo_icu,guo_icu,clinicalbert_type1_max_pool,knn,3,1,brier,0.5252822778595975
1023,,,,guo_icu,guo_icu,clinicalbert_type1_max_pool,knn,4,1,auroc,0.5196389826422372
1024,,,,guo_icu,guo_icu,clinicalbert_type1_max_pool,knn,4,1,auprc,0.04337864419323231
1025,,,,guo_icu,guo_icu,clinicalbert_type1_max_pool,knn,4,1,brier,0.7157584683357879
1026,,,,guo_icu,guo_icu,clinicalbert_type1_max_pool,knn,0,2,auroc,0.4991562198649952
1027,,,,guo_icu,guo_icu,clinicalbert_type1_max_pool,knn,0,2,auprc,0.040939775946696996
1028,,,,guo_icu,guo_icu,clinicalbert_type1_max_pool,knn,0,2,brier,0.4088948810247017
1029,,,,guo_icu,guo_icu,clinicalbert_type1_max_pool,knn,1,2,auroc,0.569672131147541
1030,,,,guo_icu,guo_icu,clinicalbert_type1_max_pool,knn,1,2,auprc,0.06339770815037744
1031,,,,guo_icu,guo_icu,clinicalbert_type1_max_pool,knn,1,2,brier,0.3485144615117694
1032,,,,guo_icu,guo_icu,clinicalbert_type1_max_pool,knn,2,2,auroc,0.49418394406943106
1033,,,,guo_icu,guo_icu,clinicalbert_type1_max_pool,knn,2,2,auprc,0.0412839387202698
1034,,,,guo_icu,guo_icu,clinicalbert_type1_max_pool,knn,2,2,brier,0.2006218294878089
1035,,,,guo_icu,guo_icu,clinicalbert_type1_max_pool,knn,3,2,auroc,0.558377531340405
1036,,,,guo_icu,guo_icu,clinicalbert_type1_max_pool,knn,3,2,auprc,0.053459663176755955
1037,,,,guo_icu,guo_icu,clinicalbert_type1_max_pool,knn,3,2,brier,0.13066886722618726
1038,,,,guo_icu,guo_icu,clinicalbert_type1_max_pool,knn,4,2,auroc,0.4902603664416587
1039,,,,guo_icu,guo_icu,clinicalbert_type1_max_pool,knn,4,2,auprc,0.04098952305074995
1040,,,,guo_icu,guo_icu,clinicalbert_type1_max_pool,knn,4,2,brier,0.37309769268532156
1041,,,,guo_icu,guo_icu,clinicalbert_type1_max_pool,knn,0,4,auroc,0.5364874638379942
1042,,,,guo_icu,guo_icu,clinicalbert_type1_max_pool,knn,0,4,auprc,0.04945820601206161
1043,,,,guo_icu,guo_icu,clinicalbert_type1_max_pool,knn,0,4,brier,0.38516339093466195
1044,,,,guo_icu,guo_icu,clinicalbert_type1_max_pool,knn,1,4,auroc,0.5312771215043395
1045,,,,guo_icu,guo_icu,clinicalbert_type1_max_pool,knn,1,4,auprc,0.04508900486087164
1046,,,,guo_icu,guo_icu,clinicalbert_type1_max_pool,knn,1,4,brier,0.35777014127529594
1047,,,,guo_icu,guo_icu,clinicalbert_type1_max_pool,knn,2,4,auroc,0.5267478302796529
1048,,,,guo_icu,guo_icu,clinicalbert_type1_max_pool,knn,2,4,auprc,0.04535874091699779
1049,,,,guo_icu,guo_icu,clinicalbert_type1_max_pool,knn,2,4,brier,0.2277588057758927
1050,,,,guo_icu,guo_icu,clinicalbert_type1_max_pool,knn,3,4,auroc,0.6375452025072323
1051,,,,guo_icu,guo_icu,clinicalbert_type1_max_pool,knn,3,4,auprc,0.07016881486797669
1052,,,,guo_icu,guo_icu,clinicalbert_type1_max_pool,knn,3,4,brier,0.19091137014049445
1053,,,,guo_icu,guo_icu,clinicalbert_type1_max_pool,knn,4,4,auroc,0.4476374156219865
1054,,,,guo_icu,guo_icu,clinicalbert_type1_max_pool,knn,4,4,auprc,0.03829656068998345
1055,,,,guo_icu,guo_icu,clinicalbert_type1_max_pool,knn,4,4,brier,0.27196858124693174
1056,,,,guo_icu,guo_icu,clinicalbert_type1_max_pool,knn,0,8,auroc,0.5311776759884281
1057,,,,guo_icu,guo_icu,clinicalbert_type1_max_pool,knn,0,8,auprc,0.04505549254630156
1058,,,,guo_icu,guo_icu,clinicalbert_type1_max_pool,knn,0,8,brier,0.35803632793323525
1059,,,,guo_icu,guo_icu,clinicalbert_type1_max_pool,knn,1,8,auroc,0.514513018322083
1060,,,,guo_icu,guo_icu,clinicalbert_type1_max_pool,knn,1,8,auprc,0.04300907379974279
1061,,,,guo_icu,guo_icu,clinicalbert_type1_max_pool,knn,1,8,brier,0.2658048328151421
1062,,,,guo_icu,guo_icu,clinicalbert_type1_max_pool,knn,2,8,auroc,0.544729387656702
1063,,,,guo_icu,guo_icu,clinicalbert_type1_max_pool,knn,2,8,auprc,0.046258917636928666
1064,,,,guo_icu,guo_icu,clinicalbert_type1_max_pool,knn,2,8,brier,0.25908689248895433
1065,,,,guo_icu,guo_icu,clinicalbert_type1_max_pool,knn,3,8,auroc,0.5509673336547734
1066,,,,guo_icu,guo_icu,clinicalbert_type1_max_pool,knn,3,8,auprc,0.048274275414355576
1067,,,,guo_icu,guo_icu,clinicalbert_type1_max_pool,knn,3,8,brier,0.305645557191949
1068,,,,guo_icu,guo_icu,clinicalbert_type1_max_pool,knn,4,8,auroc,0.5356195756991322
1069,,,,guo_icu,guo_icu,clinicalbert_type1_max_pool,knn,4,8,auprc,0.04491264253137051
1070,,,,guo_icu,guo_icu,clinicalbert_type1_max_pool,knn,4,8,brier,0.5665193912616593
1071,,,,guo_icu,guo_icu,clinicalbert_type1_max_pool,knn,0,12,auroc,0.5688584860173578
1072,,,,guo_icu,guo_icu,clinicalbert_type1_max_pool,knn,0,12,auprc,0.051550299589552706
1073,,,,guo_icu,guo_icu,clinicalbert_type1_max_pool,knn,0,12,brier,0.3257731958762887
1074,,,,guo_icu,guo_icu,clinicalbert_type1_max_pool,knn,1,12,auroc,0.5007594021215043
1075,,,,guo_icu,guo_icu,clinicalbert_type1_max_pool,knn,1,12,auprc,0.04305074351093643
1076,,,,guo_icu,guo_icu,clinicalbert_type1_max_pool,knn,1,12,brier,0.35378825069546715
1077,,,,guo_icu,guo_icu,clinicalbert_type1_max_pool,knn,2,12,auroc,0.5770732883317261
1078,,,,guo_icu,guo_icu,clinicalbert_type1_max_pool,knn,2,12,auprc,0.05730374957786531
1079,,,,guo_icu,guo_icu,clinicalbert_type1_max_pool,knn,2,12,brier,0.25388599683077584
1080,,,,guo_icu,guo_icu,clinicalbert_type1_max_pool,knn,3,12,auroc,0.5874397299903568
1081,,,,guo_icu,guo_icu,clinicalbert_type1_max_pool,knn,3,12,auprc,0.0526622777736126
1082,,,,guo_icu,guo_icu,clinicalbert_type1_max_pool,knn,3,12,brier,0.31123606695998207
1083,,,,guo_icu,guo_icu,clinicalbert_type1_max_pool,knn,4,12,auroc,0.5444611861137898
1084,,,,guo_icu,guo_icu,clinicalbert_type1_max_pool,knn,4,12,auprc,0.048656714100548365
1085,,,,guo_icu,guo_icu,clinicalbert_type1_max_pool,knn,4,12,brier,0.3876520969356362
1086,,,,guo_icu,guo_icu,clinicalbert_type1_max_pool,knn,0,16,auroc,0.5567743490838959
1087,,,,guo_icu,guo_icu,clinicalbert_type1_max_pool,knn,0,16,auprc,0.04980743430995939
1088,,,,guo_icu,guo_icu,clinicalbert_type1_max_pool,knn,0,16,brier,0.31698787213158175
1089,,,,guo_icu,guo_icu,clinicalbert_type1_max_pool,knn,1,16,auroc,0.5136752651880424
1090,,,,guo_icu,guo_icu,clinicalbert_type1_max_pool,knn,1,16,auprc,0.04306510027584105
1091,,,,guo_icu,guo_icu,clinicalbert_type1_max_pool,knn,1,16,brier,0.378825069546719
1092,,,,guo_icu,guo_icu,clinicalbert_type1_max_pool,knn,2,16,auroc,0.5440483365477339
1093,,,,guo_icu,guo_icu,clinicalbert_type1_max_pool,knn,2,16,auprc,0.05821413230787402
1094,,,,guo_icu,guo_icu,clinicalbert_type1_max_pool,knn,2,16,brier,0.21915246951442224
1095,,,,guo_icu,guo_icu,clinicalbert_type1_max_pool,knn,3,16,auroc,0.5352157666345226
1096,,,,guo_icu,guo_icu,clinicalbert_type1_max_pool,knn,3,16,auprc,0.04497795331521971
1097,,,,guo_icu,guo_icu,clinicalbert_type1_max_pool,knn,3,16,brier,0.4378988708885616
1098,,,,guo_icu,guo_icu,clinicalbert_type1_max_pool,knn,4,16,auroc,0.5755183220829316
1099,,,,guo_icu,guo_icu,clinicalbert_type1_max_pool,knn,4,16,auprc,0.0512424906984454
1100,,,,guo_icu,guo_icu,clinicalbert_type1_max_pool,knn,4,16,brier,0.3975712806346473
1101,,,,guo_icu,guo_icu,clinicalbert_type1_max_pool,knn,0,24,auroc,0.5578079797492768
1102,,,,guo_icu,guo_icu,clinicalbert_type1_max_pool,knn,0,24,auprc,0.045691168923122596
1103,,,,guo_icu,guo_icu,clinicalbert_type1_max_pool,knn,0,24,brier,0.3015434814392104
1104,,,,guo_icu,guo_icu,clinicalbert_type1_max_pool,knn,1,24,auroc,0.5621383799421408
1105,,,,guo_icu,guo_icu,clinicalbert_type1_max_pool,knn,1,24,auprc,0.04870843794218198
1106,,,,guo_icu,guo_icu,clinicalbert_type1_max_pool,knn,1,24,brier,0.3478426880488736
1107,,,,guo_icu,guo_icu,clinicalbert_type1_max_pool,knn,2,24,auroc,0.5545353182256509
1108,,,,guo_icu,guo_icu,clinicalbert_type1_max_pool,knn,2,24,auprc,0.049795873390920134
1109,,,,guo_icu,guo_icu,clinicalbert_type1_max_pool,knn,2,24,brier,0.23542246222658597
1110,,,,guo_icu,guo_icu,clinicalbert_type1_max_pool,knn,3,24,auroc,0.5677163693346191
1111,,,,guo_icu,guo_icu,clinicalbert_type1_max_pool,knn,3,24,auprc,0.049701927870735955
1112,,,,guo_icu,guo_icu,clinicalbert_type1_max_pool,knn,3,24,brier,0.3011527059117183
1113,,,,guo_icu,guo_icu,clinicalbert_type1_max_pool,knn,4,24,auroc,0.558489030858245
1114,,,,guo_icu,guo_icu,clinicalbert_type1_max_pool,knn,4,24,auprc,0.047595013024152096
1115,,,,guo_icu,guo_icu,clinicalbert_type1_max_pool,knn,4,24,brier,0.436426116838488
1116,,,,guo_icu,guo_icu,clinicalbert_type1_max_pool,knn,0,32,auroc,0.56347637415622
1117,,,,guo_icu,guo_icu,clinicalbert_type1_max_pool,knn,0,32,auprc,0.04778903760360004
1118,,,,guo_icu,guo_icu,clinicalbert_type1_max_pool,knn,0,32,brier,0.286479309316734
1119,,,,guo_icu,guo_icu,clinicalbert_type1_max_pool,knn,1,32,auroc,0.5751295805207328
1120,,,,guo_icu,guo_icu,clinicalbert_type1_max_pool,knn,1,32,auprc,0.0511419209635907
1121,,,,guo_icu,guo_icu,clinicalbert_type1_max_pool,knn,1,32,brier,0.34542093369038585
1122,,,,guo_icu,guo_icu,clinicalbert_type1_max_pool,knn,2,32,auroc,0.5180448408871745
1123,,,,guo_icu,guo_icu,clinicalbert_type1_max_pool,knn,2,32,auprc,0.044959783604752675
1124,,,,guo_icu,guo_icu,clinicalbert_type1_max_pool,knn,2,32,brier,0.23307696503572795
1125,,,,guo_icu,guo_icu,clinicalbert_type1_max_pool,knn,3,32,auroc,0.5392146817743491
1126,,,,guo_icu,guo_icu,clinicalbert_type1_max_pool,knn,3,32,auprc,0.04926687167648851
1127,,,,guo_icu,guo_icu,clinicalbert_type1_max_pool,knn,3,32,brier,0.32235433970230537
1128,,,,guo_icu,guo_icu,clinicalbert_type1_max_pool,knn,4,32,auroc,0.5700096432015429
1129,,,,guo_icu,guo_icu,clinicalbert_type1_max_pool,knn,4,32,auprc,0.05181044858931369
1130,,,,guo_icu,guo_icu,clinicalbert_type1_max_pool,knn,4,32,brier,0.3018600338187967
1131,,,,guo_icu,guo_icu,clinicalbert_type1_max_pool,knn,0,48,auroc,0.6097818225650915
1132,,,,guo_icu,guo_icu,clinicalbert_type1_max_pool,knn,0,48,auprc,0.057068817742298925
1133,,,,guo_icu,guo_icu,clinicalbert_type1_max_pool,knn,0,48,brier,0.2553166421207659
1134,,,,guo_icu,guo_icu,clinicalbert_type1_max_pool,knn,1,48,auroc,0.5583684908389586
1135,,,,guo_icu,guo_icu,clinicalbert_type1_max_pool,knn,1,48,auprc,0.04854972192703803
1136,,,,guo_icu,guo_icu,clinicalbert_type1_max_pool,knn,1,48,brier,0.29914580265095736
1137,,,,guo_icu,guo_icu,clinicalbert_type1_max_pool,knn,2,48,auroc,0.5751536885245901
1138,,,,guo_icu,guo_icu,clinicalbert_type1_max_pool,knn,2,48,auprc,0.05000251106320755
1139,,,,guo_icu,guo_icu,clinicalbert_type1_max_pool,knn,2,48,brier,0.24213167512136585
1140,,,,guo_icu,guo_icu,clinicalbert_type1_max_pool,knn,3,48,auroc,0.5885456846673096
1141,,,,guo_icu,guo_icu,clinicalbert_type1_max_pool,knn,3,48,auprc,0.05774526517766636
1142,,,,guo_icu,guo_icu,clinicalbert_type1_max_pool,knn,3,48,brier,0.2953944126846749
1143,,,,guo_icu,guo_icu,clinicalbert_type1_max_pool,knn,4,48,auroc,0.5746172854387657
1144,,,,guo_icu,guo_icu,clinicalbert_type1_max_pool,knn,4,48,auprc,0.048830532461315225
1145,,,,guo_icu,guo_icu,clinicalbert_type1_max_pool,knn,4,48,brier,0.2875405007363771
1146,,,,guo_icu,guo_icu,clinicalbert_type1_max_pool,knn,0,64,auroc,0.5944159836065573
1147,,,,guo_icu,guo_icu,clinicalbert_type1_max_pool,knn,0,64,auprc,0.05703403311954381
1148,,,,guo_icu,guo_icu,clinicalbert_type1_max_pool,knn,0,64,brier,0.26252331860579287
1149,,,,guo_icu,guo_icu,clinicalbert_type1_max_pool,knn,1,64,auroc,0.5893864513018322
1150,,,,guo_icu,guo_icu,clinicalbert_type1_max_pool,knn,1,64,auprc,0.04940629396620523
1151,,,,guo_icu,guo_icu,clinicalbert_type1_max_pool,knn,1,64,brier,0.2952316501811174
1152,,,,guo_icu,guo_icu,clinicalbert_type1_max_pool,knn,2,64,auroc,0.6192683220829316
1153,,,,guo_icu,guo_icu,clinicalbert_type1_max_pool,knn,2,64,auprc,0.05970064136939494
1154,,,,guo_icu,guo_icu,clinicalbert_type1_max_pool,knn,2,64,brier,0.2360726558664703
1155,,,,guo_icu,guo_icu,clinicalbert_type1_max_pool,knn,3,64,auroc,0.5868430568948891
1156,,,,guo_icu,guo_icu,clinicalbert_type1_max_pool,knn,3,64,auprc,0.05214261915806314
1157,,,,guo_icu,guo_icu,clinicalbert_type1_max_pool,knn,3,64,brier,0.2708689248895435
1158,,,,guo_icu,guo_icu,clinicalbert_type1_max_pool,knn,4,64,auroc,0.599963837994214
1159,,,,guo_icu,guo_icu,clinicalbert_type1_max_pool,knn,4,64,auprc,0.053037991654885736
1160,,,,guo_icu,guo_icu,clinicalbert_type1_max_pool,knn,4,64,brier,0.2862052037309769
1161,,,,guo_icu,guo_icu,clinicalbert_type1_max_pool,knn,0,128,auroc,0.6591248794599807
1162,,,,guo_icu,guo_icu,clinicalbert_type1_max_pool,knn,0,128,auprc,0.06847418482061296
1163,,,,guo_icu,guo_icu,clinicalbert_type1_max_pool,knn,0,128,brier,0.26688840101878514
1164,,,,guo_icu,guo_icu,clinicalbert_type1_max_pool,knn,1,128,auroc,0.6724927675988428
1165,,,,guo_icu,guo_icu,clinicalbert_type1_max_pool,knn,1,128,auprc,0.06984798875205449
1166,,,,guo_icu,guo_icu,clinicalbert_type1_max_pool,knn,1,128,brier,0.2637211585665194
1167,,,,guo_icu,guo_icu,clinicalbert_type1_max_pool,knn,2,128,auroc,0.661821962391514
1168,,,,guo_icu,guo_icu,clinicalbert_type1_max_pool,knn,2,128,auprc,0.07201074378270947
1169,,,,guo_icu,guo_icu,clinicalbert_type1_max_pool,knn,2,128,brier,0.2682720453458912
1170,,,,guo_icu,guo_icu,clinicalbert_type1_max_pool,knn,3,128,auroc,0.6386029411764705
1171,,,,guo_icu,guo_icu,clinicalbert_type1_max_pool,knn,3,128,auprc,0.062121690046862715
1172,,,,guo_icu,guo_icu,clinicalbert_type1_max_pool,knn,3,128,brier,0.24540009818360337
1173,,,,guo_icu,guo_icu,clinicalbert_type1_max_pool,knn,4,128,auroc,0.675433944069431
1174,,,,guo_icu,guo_icu,clinicalbert_type1_max_pool,knn,4,128,auprc,0.07105888401779228
1175,,,,guo_icu,guo_icu,clinicalbert_type1_max_pool,knn,4,128,brier,0.22881979259502927
1176,,,,guo_icu,guo_icu,clinicalbert_type1_max_pool,rf,0,-1,auroc,0.639365356798457
1177,,,,guo_icu,guo_icu,clinicalbert_type1_max_pool,rf,0,-1,auprc,0.06733808253220748
1178,,,,guo_icu,guo_icu,clinicalbert_type1_max_pool,rf,0,-1,brier,0.03979706137007469
1179,,,,guo_icu,guo_icu,clinicalbert_type1_max_pool,rf,0,1,auroc,0.4743731918997107
1180,,,,guo_icu,guo_icu,clinicalbert_type1_max_pool,rf,0,1,auprc,0.041726506526538816
1181,,,,guo_icu,guo_icu,clinicalbert_type1_max_pool,rf,0,1,brier,0.40080510554737364
1182,,,,guo_icu,guo_icu,clinicalbert_type1_max_pool,rf,1,1,auroc,0.5641272902603665
1183,,,,guo_icu,guo_icu,clinicalbert_type1_max_pool,rf,1,1,auprc,0.058578105275215224
1184,,,,guo_icu,guo_icu,clinicalbert_type1_max_pool,rf,1,1,brier,0.2960533136966127
1185,,,,guo_icu,guo_icu,clinicalbert_type1_max_pool,rf,2,1,auroc,0.4670865477338477
1186,,,,guo_icu,guo_icu,clinicalbert_type1_max_pool,rf,2,1,auprc,0.0397934766258592
1187,,,,guo_icu,guo_icu,clinicalbert_type1_max_pool,rf,2,1,brier,0.30419675994108986
1188,,,,guo_icu,guo_icu,clinicalbert_type1_max_pool,rf,3,1,auroc,0.5715314609450338
1189,,,,guo_icu,guo_icu,clinicalbert_type1_max_pool,rf,3,1,auprc,0.05357762664026288
1190,,,,guo_icu,guo_icu,clinicalbert_type1_max_pool,rf,3,1,brier,0.34053632793323524
1191,,,,guo_icu,guo_icu,clinicalbert_type1_max_pool,rf,4,1,auroc,0.44253857280617165
1192,,,,guo_icu,guo_icu,clinicalbert_type1_max_pool,rf,4,1,auprc,0.03708198457974698
1193,,,,guo_icu,guo_icu,clinicalbert_type1_max_pool,rf,4,1,brier,0.29036975945017185
1194,,,,guo_icu,guo_icu,clinicalbert_type1_max_pool,rf,0,2,auroc,0.5416917791706846
1195,,,,guo_icu,guo_icu,clinicalbert_type1_max_pool,rf,0,2,auprc,0.046361340686039434
1196,,,,guo_icu,guo_icu,clinicalbert_type1_max_pool,rf,0,2,brier,0.2726813942071674
1197,,,,guo_icu,guo_icu,clinicalbert_type1_max_pool,rf,1,2,auroc,0.5506931051108969
1198,,,,guo_icu,guo_icu,clinicalbert_type1_max_pool,rf,1,2,auprc,0.051701872844673986
1199,,,,guo_icu,guo_icu,clinicalbert_type1_max_pool,rf,1,2,brier,0.3750601374570447
1200,,,,guo_icu,guo_icu,clinicalbert_type1_max_pool,rf,2,2,auroc,0.4936204194792671
1201,,,,guo_icu,guo_icu,clinicalbert_type1_max_pool,rf,2,2,auprc,0.04153995144640495
1202,,,,guo_icu,guo_icu,clinicalbert_type1_max_pool,rf,2,2,brier,0.3407952871870398
1203,,,,guo_icu,guo_icu,clinicalbert_type1_max_pool,rf,3,2,auroc,0.49049541947926706
1204,,,,guo_icu,guo_icu,clinicalbert_type1_max_pool,rf,3,2,auprc,0.04083985856021687
1205,,,,guo_icu,guo_icu,clinicalbert_type1_max_pool,rf,3,2,brier,0.30409916543937165
1206,,,,guo_icu,guo_icu,clinicalbert_type1_max_pool,rf,4,2,auroc,0.4267056412729025
1207,,,,guo_icu,guo_icu,clinicalbert_type1_max_pool,rf,4,2,auprc,0.035696044998978826
1208,,,,guo_icu,guo_icu,clinicalbert_type1_max_pool,rf,4,2,brier,0.3111340206185567
1209,,,,guo_icu,guo_icu,clinicalbert_type1_max_pool,rf,0,4,auroc,0.5173999517839922
1210,,,,guo_icu,guo_icu,clinicalbert_type1_max_pool,rf,0,4,auprc,0.045235950218501644
1211,,,,guo_icu,guo_icu,clinicalbert_type1_max_pool,rf,0,4,brier,0.30393716249386354
1212,,,,guo_icu,guo_icu,clinicalbert_type1_max_pool,rf,1,4,auroc,0.5721070395371264
1213,,,,guo_icu,guo_icu,clinicalbert_type1_max_pool,rf,1,4,auprc,0.05016734179188982
1214,,,,guo_icu,guo_icu,clinicalbert_type1_max_pool,rf,1,4,brier,0.4225331369661267
1215,,,,guo_icu,guo_icu,clinicalbert_type1_max_pool,rf,2,4,auroc,0.5027061234329797
1216,,,,guo_icu,guo_icu,clinicalbert_type1_max_pool,rf,2,4,auprc,0.04202965200334938
1217,,,,guo_icu,guo_icu,clinicalbert_type1_max_pool,rf,2,4,brier,0.24422557682866963
1218,,,,guo_icu,guo_icu,clinicalbert_type1_max_pool,rf,3,4,auroc,0.5820998071359691
1219,,,,guo_icu,guo_icu,clinicalbert_type1_max_pool,rf,3,4,auprc,0.07857734367238899
1220,,,,guo_icu,guo_icu,clinicalbert_type1_max_pool,rf,3,4,brier,0.16835419734904272
1221,,,,guo_icu,guo_icu,clinicalbert_type1_max_pool,rf,4,4,auroc,0.4581605593056895
1222,,,,guo_icu,guo_icu,clinicalbert_type1_max_pool,rf,4,4,auprc,0.0376051833470735
1223,,,,guo_icu,guo_icu,clinicalbert_type1_max_pool,rf,4,4,brier,0.24666804123711342
1224,,,,guo_icu,guo_icu,clinicalbert_type1_max_pool,rf,0,8,auroc,0.5747468659594985
1225,,,,guo_icu,guo_icu,clinicalbert_type1_max_pool,rf,0,8,auprc,0.05090062293843085
1226,,,,guo_icu,guo_icu,clinicalbert_type1_max_pool,rf,0,8,brier,0.27188276877761414
1227,,,,guo_icu,guo_icu,clinicalbert_type1_max_pool,rf,1,8,auroc,0.4305960703953713
1228,,,,guo_icu,guo_icu,clinicalbert_type1_max_pool,rf,1,8,auprc,0.03661943836424755
1229,,,,guo_icu,guo_icu,clinicalbert_type1_max_pool,rf,1,8,brier,0.2268912616593029
1230,,,,guo_icu,guo_icu,clinicalbert_type1_max_pool,rf,2,8,auroc,0.5212512054001929
1231,,,,guo_icu,guo_icu,clinicalbert_type1_max_pool,rf,2,8,auprc,0.04476626619860542
1232,,,,guo_icu,guo_icu,clinicalbert_type1_max_pool,rf,2,8,brier,0.2701080019636721
1233,,,,guo_icu,guo_icu,clinicalbert_type1_max_pool,rf,3,8,auroc,0.628143081002893
1234,,,,guo_icu,guo_icu,clinicalbert_type1_max_pool,rf,3,8,auprc,0.09659678619519733
1235,,,,guo_icu,guo_icu,clinicalbert_type1_max_pool,rf,3,8,brier,0.3036899361806578
1236,,,,guo_icu,guo_icu,clinicalbert_type1_max_pool,rf,4,8,auroc,0.4914838476374156
1237,,,,guo_icu,guo_icu,clinicalbert_type1_max_pool,rf,4,8,auprc,0.042798580765960076
1238,,,,guo_icu,guo_icu,clinicalbert_type1_max_pool,rf,4,8,brier,0.35519882179676
1239,,,,guo_icu,guo_icu,clinicalbert_type1_max_pool,rf,0,12,auroc,0.5343147299903568
1240,,,,guo_icu,guo_icu,clinicalbert_type1_max_pool,rf,0,12,auprc,0.04489116407160208
1241,,,,guo_icu,guo_icu,clinicalbert_type1_max_pool,rf,0,12,brier,0.3458861070201276
1242,,,,guo_icu,guo_icu,clinicalbert_type1_max_pool,rf,1,12,auroc,0.5149921648987462
1243,,,,guo_icu,guo_icu,clinicalbert_type1_max_pool,rf,1,12,auprc,0.04459932939039847
1244,,,,guo_icu,guo_icu,clinicalbert_type1_max_pool,rf,1,12,brier,0.2773343151693667
1245,,,,guo_icu,guo_icu,clinicalbert_type1_max_pool,rf,2,12,auroc,0.6008528206364513
1246,,,,guo_icu,guo_icu,clinicalbert_type1_max_pool,rf,2,12,auprc,0.06605152345808939
1247,,,,guo_icu,guo_icu,clinicalbert_type1_max_pool,rf,2,12,brier,0.2638014400261823
1248,,,,guo_icu,guo_icu,clinicalbert_type1_max_pool,rf,3,12,auroc,0.6487283027965285
1249,,,,guo_icu,guo_icu,clinicalbert_type1_max_pool,rf,3,12,auprc,0.07226494810041416
1250,,,,guo_icu,guo_icu,clinicalbert_type1_max_pool,rf,3,12,brier,0.26410071547443953
1251,,,,guo_icu,guo_icu,clinicalbert_type1_max_pool,rf,4,12,auroc,0.4731708052073289
1252,,,,guo_icu,guo_icu,clinicalbert_type1_max_pool,rf,4,12,auprc,0.03884076044086985
1253,,,,guo_icu,guo_icu,clinicalbert_type1_max_pool,rf,4,12,brier,0.3225711831124202
1254,,,,guo_icu,guo_icu,clinicalbert_type1_max_pool,rf,0,16,auroc,0.5020732883317262
1255,,,,guo_icu,guo_icu,clinicalbert_type1_max_pool,rf,0,16,auprc,0.04159321113255982
1256,,,,guo_icu,guo_icu,clinicalbert_type1_max_pool,rf,0,16,brier,0.27313942071674036
1257,,,,guo_icu,guo_icu,clinicalbert_type1_max_pool,rf,1,16,auroc,0.5152633799421408
1258,,,,guo_icu,guo_icu,clinicalbert_type1_max_pool,rf,1,16,auprc,0.049146135250867924
1259,,,,guo_icu,guo_icu,clinicalbert_type1_max_pool,rf,1,16,brier,0.2603293568973981
1260,,,,guo_icu,guo_icu,clinicalbert_type1_max_pool,rf,2,16,auroc,0.6036403085824493
1261,,,,guo_icu,guo_icu,clinicalbert_type1_max_pool,rf,2,16,auprc,0.07264508753473942
1262,,,,guo_icu,guo_icu,clinicalbert_type1_max_pool,rf,2,16,brier,0.22943445102521962
1263,,,,guo_icu,guo_icu,clinicalbert_type1_max_pool,rf,3,16,auroc,0.585935993249759
1264,,,,guo_icu,guo_icu,clinicalbert_type1_max_pool,rf,3,16,auprc,0.052418728506336415
1265,,,,guo_icu,guo_icu,clinicalbert_type1_max_pool,rf,3,16,brier,0.2753896907216495
1266,,,,guo_icu,guo_icu,clinicalbert_type1_max_pool,rf,4,16,auroc,0.48366682738669237
1267,,,,guo_icu,guo_icu,clinicalbert_type1_max_pool,rf,4,16,auprc,0.04050201303222066
1268,,,,guo_icu,guo_icu,clinicalbert_type1_max_pool,rf,4,16,brier,0.30534118802160043
1269,,,,guo_icu,guo_icu,clinicalbert_type1_max_pool,rf,0,24,auroc,0.5793876567020251
1270,,,,guo_icu,guo_icu,clinicalbert_type1_max_pool,rf,0,24,auprc,0.07174309046013655
1271,,,,guo_icu,guo_icu,clinicalbert_type1_max_pool,rf,0,24,brier,0.26251458985106885
1272,,,,guo_icu,guo_icu,clinicalbert_type1_max_pool,rf,1,24,auroc,0.56863850048216
1273,,,,guo_icu,guo_icu,clinicalbert_type1_max_pool,rf,1,24,auprc,0.06975597383330308
1274,,,,guo_icu,guo_icu,clinicalbert_type1_max_pool,rf,1,24,brier,0.26102231941035287
1275,,,,guo_icu,guo_icu,clinicalbert_type1_max_pool,rf,2,24,auroc,0.6257051591128254
1276,,,,guo_icu,guo_icu,clinicalbert_type1_max_pool,rf,2,24,auprc,0.09197799280063045
1277,,,,guo_icu,guo_icu,clinicalbert_type1_max_pool,rf,2,24,brier,0.2493321551300933
1278,,,,guo_icu,guo_icu,clinicalbert_type1_max_pool,rf,3,24,auroc,0.6293243731918997
1279,,,,guo_icu,guo_icu,clinicalbert_type1_max_pool,rf,3,24,auprc,0.06427807513602936
1280,,,,guo_icu,guo_icu,clinicalbert_type1_max_pool,rf,3,24,brier,0.24656966126656846
1281,,,,guo_icu,guo_icu,clinicalbert_type1_max_pool,rf,4,24,auroc,0.5543093056894889
1282,,,,guo_icu,guo_icu,clinicalbert_type1_max_pool,rf,4,24,auprc,0.051093948050668844
1283,,,,guo_icu,guo_icu,clinicalbert_type1_max_pool,rf,4,24,brier,0.24697069219440354
1284,,,,guo_icu,guo_icu,clinicalbert_type1_max_pool,rf,0,32,auroc,0.660056051108968
1285,,,,guo_icu,guo_icu,clinicalbert_type1_max_pool,rf,0,32,auprc,0.07697349253140928
1286,,,,guo_icu,guo_icu,clinicalbert_type1_max_pool,rf,0,32,brier,0.2509990672557683
1287,,,,guo_icu,guo_icu,clinicalbert_type1_max_pool,rf,1,32,auroc,0.5683582449373192
1288,,,,guo_icu,guo_icu,clinicalbert_type1_max_pool,rf,1,32,auprc,0.06416739323501097
1289,,,,guo_icu,guo_icu,clinicalbert_type1_max_pool,rf,1,32,brier,0.25547381225113186
1290,,,,guo_icu,guo_icu,clinicalbert_type1_max_pool,rf,2,32,auroc,0.6651579074252653
1291,,,,guo_icu,guo_icu,clinicalbert_type1_max_pool,rf,2,32,auprc,0.08517851890569443
1292,,,,guo_icu,guo_icu,clinicalbert_type1_max_pool,rf,2,32,brier,0.2494544745207734
1293,,,,guo_icu,guo_icu,clinicalbert_type1_max_pool,rf,3,32,auroc,0.5983486017357762
1294,,,,guo_icu,guo_icu,clinicalbert_type1_max_pool,rf,3,32,auprc,0.06120085609521593
1295,,,,guo_icu,guo_icu,clinicalbert_type1_max_pool,rf,3,32,brier,0.2869906725576829
1296,,,,guo_icu,guo_icu,clinicalbert_type1_max_pool,rf,4,32,auroc,0.5264585342333654
1297,,,,guo_icu,guo_icu,clinicalbert_type1_max_pool,rf,4,32,auprc,0.05051781575614814
1298,,,,guo_icu,guo_icu,clinicalbert_type1_max_pool,rf,4,32,brier,0.2649901816396662
1299,,,,guo_icu,guo_icu,clinicalbert_type1_max_pool,rf,0,48,auroc,0.6553821118611378
1300,,,,guo_icu,guo_icu,clinicalbert_type1_max_pool,rf,0,48,auprc,0.06631501903071825
1301,,,,guo_icu,guo_icu,clinicalbert_type1_max_pool,rf,0,48,brier,0.2635088017909016
1302,,,,guo_icu,guo_icu,clinicalbert_type1_max_pool,rf,1,48,auroc,0.5415441176470588
1303,,,,guo_icu,guo_icu,clinicalbert_type1_max_pool,rf,1,48,auprc,0.056971781774701157
1304,,,,guo_icu,guo_icu,clinicalbert_type1_max_pool,rf,1,48,brier,0.25831737574248936
1305,,,,guo_icu,guo_icu,clinicalbert_type1_max_pool,rf,2,48,auroc,0.6526759884281581
1306,,,,guo_icu,guo_icu,clinicalbert_type1_max_pool,rf,2,48,auprc,0.07853939011476443
1307,,,,guo_icu,guo_icu,clinicalbert_type1_max_pool,rf,2,48,brier,0.2456261495363741
1308,,,,guo_icu,guo_icu,clinicalbert_type1_max_pool,rf,3,48,auroc,0.5772028688524591
1309,,,,guo_icu,guo_icu,clinicalbert_type1_max_pool,rf,3,48,auprc,0.0563716206323069
1310,,,,guo_icu,guo_icu,clinicalbert_type1_max_pool,rf,3,48,brier,0.23396170839469807
1311,,,,guo_icu,guo_icu,clinicalbert_type1_max_pool,rf,4,48,auroc,0.5757563886210221
1312,,,,guo_icu,guo_icu,clinicalbert_type1_max_pool,rf,4,48,auprc,0.061774183789455865
1313,,,,guo_icu,guo_icu,clinicalbert_type1_max_pool,rf,4,48,brier,0.2520130093274423
1314,,,,guo_icu,guo_icu,clinicalbert_type1_max_pool,rf,0,64,auroc,0.7133347396335583
1315,,,,guo_icu,guo_icu,clinicalbert_type1_max_pool,rf,0,64,auprc,0.089969290542427
1316,,,,guo_icu,guo_icu,clinicalbert_type1_max_pool,rf,0,64,brier,0.26226686303387337
1317,,,,guo_icu,guo_icu,clinicalbert_type1_max_pool,rf,1,64,auroc,0.5654140549662489
1318,,,,guo_icu,guo_icu,clinicalbert_type1_max_pool,rf,1,64,auprc,0.048654789366700084
1319,,,,guo_icu,guo_icu,clinicalbert_type1_max_pool,rf,1,64,brier,0.2394440408007418
1320,,,,guo_icu,guo_icu,clinicalbert_type1_max_pool,rf,2,64,auroc,0.6716339199614272
1321,,,,guo_icu,guo_icu,clinicalbert_type1_max_pool,rf,2,64,auprc,0.0802155286777018
1322,,,,guo_icu,guo_icu,clinicalbert_type1_max_pool,rf,2,64,brier,0.22973131597870425
1323,,,,guo_icu,guo_icu,clinicalbert_type1_max_pool,rf,3,64,auroc,0.6166887656702025
1324,,,,guo_icu,guo_icu,clinicalbert_type1_max_pool,rf,3,64,auprc,0.06160313611563999
1325,,,,guo_icu,guo_icu,clinicalbert_type1_max_pool,rf,3,64,brier,0.21396676485026997
1326,,,,guo_icu,guo_icu,clinicalbert_type1_max_pool,rf,4,64,auroc,0.5552495178399228
1327,,,,guo_icu,guo_icu,clinicalbert_type1_max_pool,rf,4,64,auprc,0.04744880682310325
1328,,,,guo_icu,guo_icu,clinicalbert_type1_max_pool,rf,4,64,brier,0.23409081983308785
1329,,,,guo_icu,guo_icu,clinicalbert_type1_max_pool,rf,0,128,auroc,0.6564277965284475
1330,,,,guo_icu,guo_icu,clinicalbert_type1_max_pool,rf,0,128,auprc,0.07046751578938118
1331,,,,guo_icu,guo_icu,clinicalbert_type1_max_pool,rf,0,128,brier,0.21546840533845657
1332,,,,guo_icu,guo_icu,clinicalbert_type1_max_pool,rf,1,128,auroc,0.6461638138862102
1333,,,,guo_icu,guo_icu,clinicalbert_type1_max_pool,rf,1,128,auprc,0.06599775360033859
1334,,,,guo_icu,guo_icu,clinicalbert_type1_max_pool,rf,1,128,brier,0.2135837997054492
1335,,,,guo_icu,guo_icu,clinicalbert_type1_max_pool,rf,2,128,auroc,0.6480773866923819
1336,,,,guo_icu,guo_icu,clinicalbert_type1_max_pool,rf,2,128,auprc,0.0644774189116235
1337,,,,guo_icu,guo_icu,clinicalbert_type1_max_pool,rf,2,128,brier,0.235089924097614
1338,,,,guo_icu,guo_icu,clinicalbert_type1_max_pool,rf,3,128,auroc,0.6726976856316297
1339,,,,guo_icu,guo_icu,clinicalbert_type1_max_pool,rf,3,128,auprc,0.07464965430409556
1340,,,,guo_icu,guo_icu,clinicalbert_type1_max_pool,rf,3,128,brier,0.21877565046637212
1341,,,,guo_icu,guo_icu,clinicalbert_type1_max_pool,rf,4,128,auroc,0.7122830279652845
1342,,,,guo_icu,guo_icu,clinicalbert_type1_max_pool,rf,4,128,auprc,0.07977184251844725
1343,,,,guo_icu,guo_icu,clinicalbert_type1_max_pool,rf,4,128,brier,0.20924768155491247
1344,,,,guo_icu,guo_icu,clinicalbert_type1_mean_pool,lr_lbfgs,0,-1,auroc,0.6861981677917068
1345,,,,guo_icu,guo_icu,clinicalbert_type1_mean_pool,lr_lbfgs,0,-1,auprc,0.08596313880848902
1346,,,,guo_icu,guo_icu,clinicalbert_type1_mean_pool,lr_lbfgs,0,-1,brier,0.041263584274925096
1347,,,,guo_icu,guo_icu,clinicalbert_type1_mean_pool,lr_lbfgs,0,1,auroc,0.5399951783992285
1348,,,,guo_icu,guo_icu,clinicalbert_type1_mean_pool,lr_lbfgs,0,1,auprc,0.0463969562308761
1349,,,,guo_icu,guo_icu,clinicalbert_type1_mean_pool,lr_lbfgs,0,1,brier,0.2500011204378157
1350,,,,guo_icu,guo_icu,clinicalbert_type1_mean_pool,lr_lbfgs,1,1,auroc,0.479725168756027
1351,,,,guo_icu,guo_icu,clinicalbert_type1_mean_pool,lr_lbfgs,1,1,auprc,0.03955704113693625
1352,,,,guo_icu,guo_icu,clinicalbert_type1_mean_pool,lr_lbfgs,1,1,brier,0.2500000541495385
1353,,,,guo_icu,guo_icu,clinicalbert_type1_mean_pool,lr_lbfgs,2,1,auroc,0.5287668756027001
1354,,,,guo_icu,guo_icu,clinicalbert_type1_mean_pool,lr_lbfgs,2,1,auprc,0.0482725796637746
1355,,,,guo_icu,guo_icu,clinicalbert_type1_mean_pool,lr_lbfgs,2,1,brier,0.2499982049402235
1356,,,,guo_icu,guo_icu,clinicalbert_type1_mean_pool,lr_lbfgs,3,1,auroc,0.5794901157184185
1357,,,,guo_icu,guo_icu,clinicalbert_type1_mean_pool,lr_lbfgs,3,1,auprc,0.05206863989582508
1358,,,,guo_icu,guo_icu,clinicalbert_type1_mean_pool,lr_lbfgs,3,1,brier,0.24999735985427587
1359,,,,guo_icu,guo_icu,clinicalbert_type1_mean_pool,lr_lbfgs,4,1,auroc,0.581569431051109
1360,,,,guo_icu,guo_icu,clinicalbert_type1_mean_pool,lr_lbfgs,4,1,auprc,0.05942500597736143
1361,,,,guo_icu,guo_icu,clinicalbert_type1_mean_pool,lr_lbfgs,4,1,brier,0.24999789271471903
1362,,,,guo_icu,guo_icu,clinicalbert_type1_mean_pool,lr_lbfgs,0,2,auroc,0.5393864513018322
1363,,,,guo_icu,guo_icu,clinicalbert_type1_mean_pool,lr_lbfgs,0,2,auprc,0.04615779540497596
1364,,,,guo_icu,guo_icu,clinicalbert_type1_mean_pool,lr_lbfgs,0,2,brier,0.250000579008657
1365,,,,guo_icu,guo_icu,clinicalbert_type1_mean_pool,lr_lbfgs,1,2,auroc,0.4677254098360656
1366,,,,guo_icu,guo_icu,clinicalbert_type1_mean_pool,lr_lbfgs,1,2,auprc,0.03938369672671954
1367,,,,guo_icu,guo_icu,clinicalbert_type1_mean_pool,lr_lbfgs,1,2,brier,0.24999941388652366
1368,,,,guo_icu,guo_icu,clinicalbert_type1_mean_pool,lr_lbfgs,2,2,auroc,0.5191417550626809
1369,,,,guo_icu,guo_icu,clinicalbert_type1_mean_pool,lr_lbfgs,2,2,auprc,0.045342462660921776
1370,,,,guo_icu,guo_icu,clinicalbert_type1_mean_pool,lr_lbfgs,2,2,brier,0.2500005818506896
1371,,,,guo_icu,guo_icu,clinicalbert_type1_mean_pool,lr_lbfgs,3,2,auroc,0.5595889585342333
1372,,,,guo_icu,guo_icu,clinicalbert_type1_mean_pool,lr_lbfgs,3,2,auprc,0.04723486329533775
1373,,,,guo_icu,guo_icu,clinicalbert_type1_mean_pool,lr_lbfgs,3,2,brier,0.24999807610972313
1374,,,,guo_icu,guo_icu,clinicalbert_type1_mean_pool,lr_lbfgs,4,2,auroc,0.5782545805207329
1375,,,,guo_icu,guo_icu,clinicalbert_type1_mean_pool,lr_lbfgs,4,2,auprc,0.05374839779490867
1376,,,,guo_icu,guo_icu,clinicalbert_type1_mean_pool,lr_lbfgs,4,2,brier,0.2500006284847257
1377,,,,guo_icu,guo_icu,clinicalbert_type1_mean_pool,lr_lbfgs,0,4,auroc,0.5763621022179363
1378,,,,guo_icu,guo_icu,clinicalbert_type1_mean_pool,lr_lbfgs,0,4,auprc,0.05624931427773679
1379,,,,guo_icu,guo_icu,clinicalbert_type1_mean_pool,lr_lbfgs,0,4,brier,0.4911063633938657
1380,,,,guo_icu,guo_icu,clinicalbert_type1_mean_pool,lr_lbfgs,1,4,auroc,0.47872167309546765
1381,,,,guo_icu,guo_icu,clinicalbert_type1_mean_pool,lr_lbfgs,1,4,auprc,0.039832226884818994
1382,,,,guo_icu,guo_icu,clinicalbert_type1_mean_pool,lr_lbfgs,1,4,brier,0.6352408530137311
1383,,,,guo_icu,guo_icu,clinicalbert_type1_mean_pool,lr_lbfgs,2,4,auroc,0.5874638379942141
1384,,,,guo_icu,guo_icu,clinicalbert_type1_mean_pool,lr_lbfgs,2,4,auprc,0.06275749951063708
1385,,,,guo_icu,guo_icu,clinicalbert_type1_mean_pool,lr_lbfgs,2,4,brier,0.24999879503170128
1386,,,,guo_icu,guo_icu,clinicalbert_type1_mean_pool,lr_lbfgs,3,4,auroc,0.5747589199614273
1387,,,,guo_icu,guo_icu,clinicalbert_type1_mean_pool,lr_lbfgs,3,4,auprc,0.05608709888426557
1388,,,,guo_icu,guo_icu,clinicalbert_type1_mean_pool,lr_lbfgs,3,4,brier,0.4817039335869425
1389,,,,guo_icu,guo_icu,clinicalbert_type1_mean_pool,lr_lbfgs,4,4,auroc,0.5981497107039537
1390,,,,guo_icu,guo_icu,clinicalbert_type1_mean_pool,lr_lbfgs,4,4,auprc,0.057836234116350534
1391,,,,guo_icu,guo_icu,clinicalbert_type1_mean_pool,lr_lbfgs,4,4,brier,0.2500007974095542
1392,,,,guo_icu,guo_icu,clinicalbert_type1_mean_pool,lr_lbfgs,0,8,auroc,0.5345588235294118
1393,,,,guo_icu,guo_icu,clinicalbert_type1_mean_pool,lr_lbfgs,0,8,auprc,0.046489727284585766
1394,,,,guo_icu,guo_icu,clinicalbert_type1_mean_pool,lr_lbfgs,0,8,brier,0.3338777651218105
1395,,,,guo_icu,guo_icu,clinicalbert_type1_mean_pool,lr_lbfgs,1,8,auroc,0.494654050144648
1396,,,,guo_icu,guo_icu,clinicalbert_type1_mean_pool,lr_lbfgs,1,8,auprc,0.04743385450278904
1397,,,,guo_icu,guo_icu,clinicalbert_type1_mean_pool,lr_lbfgs,1,8,brier,0.3459134407655385
1398,,,,guo_icu,guo_icu,clinicalbert_type1_mean_pool,lr_lbfgs,2,8,auroc,0.523023143683703
1399,,,,guo_icu,guo_icu,clinicalbert_type1_mean_pool,lr_lbfgs,2,8,auprc,0.04926065781619811
1400,,,,guo_icu,guo_icu,clinicalbert_type1_mean_pool,lr_lbfgs,2,8,brier,0.29946356964339604
1401,,,,guo_icu,guo_icu,clinicalbert_type1_mean_pool,lr_lbfgs,3,8,auroc,0.5821239151398264
1402,,,,guo_icu,guo_icu,clinicalbert_type1_mean_pool,lr_lbfgs,3,8,auprc,0.05309104327668682
1403,,,,guo_icu,guo_icu,clinicalbert_type1_mean_pool,lr_lbfgs,3,8,brier,0.25817369913389393
1404,,,,guo_icu,guo_icu,clinicalbert_type1_mean_pool,lr_lbfgs,4,8,auroc,0.6114151398264224
1405,,,,guo_icu,guo_icu,clinicalbert_type1_mean_pool,lr_lbfgs,4,8,auprc,0.05910644271060393
1406,,,,guo_icu,guo_icu,clinicalbert_type1_mean_pool,lr_lbfgs,4,8,brier,0.24999893123234546
1407,,,,guo_icu,guo_icu,clinicalbert_type1_mean_pool,lr_lbfgs,0,12,auroc,0.5793213596914176
1408,,,,guo_icu,guo_icu,clinicalbert_type1_mean_pool,lr_lbfgs,0,12,auprc,0.07175031808907226
1409,,,,guo_icu,guo_icu,clinicalbert_type1_mean_pool,lr_lbfgs,0,12,brier,0.25127137394720944
1410,,,,guo_icu,guo_icu,clinicalbert_type1_mean_pool,lr_lbfgs,1,12,auroc,0.541077025072324
1411,,,,guo_icu,guo_icu,clinicalbert_type1_mean_pool,lr_lbfgs,1,12,auprc,0.04775783917366594
1412,,,,guo_icu,guo_icu,clinicalbert_type1_mean_pool,lr_lbfgs,1,12,brier,0.5015939611379164
1413,,,,guo_icu,guo_icu,clinicalbert_type1_mean_pool,lr_lbfgs,2,12,auroc,0.5675928158148505
1414,,,,guo_icu,guo_icu,clinicalbert_type1_mean_pool,lr_lbfgs,2,12,auprc,0.051746630575721
1415,,,,guo_icu,guo_icu,clinicalbert_type1_mean_pool,lr_lbfgs,2,12,brier,0.24999965006689487
1416,,,,guo_icu,guo_icu,clinicalbert_type1_mean_pool,lr_lbfgs,3,12,auroc,0.5864693828351012
1417,,,,guo_icu,guo_icu,clinicalbert_type1_mean_pool,lr_lbfgs,3,12,auprc,0.05104132700721725
1418,,,,guo_icu,guo_icu,clinicalbert_type1_mean_pool,lr_lbfgs,3,12,brier,0.25000108747578187
1419,,,,guo_icu,guo_icu,clinicalbert_type1_mean_pool,lr_lbfgs,4,12,auroc,0.6054303278688525
1420,,,,guo_icu,guo_icu,clinicalbert_type1_mean_pool,lr_lbfgs,4,12,auprc,0.05589696895301885
1421,,,,guo_icu,guo_icu,clinicalbert_type1_mean_pool,lr_lbfgs,4,12,brier,0.25221975237372213
1422,,,,guo_icu,guo_icu,clinicalbert_type1_mean_pool,lr_lbfgs,0,16,auroc,0.5685691899710703
1423,,,,guo_icu,guo_icu,clinicalbert_type1_mean_pool,lr_lbfgs,0,16,auprc,0.05374495397186652
1424,,,,guo_icu,guo_icu,clinicalbert_type1_mean_pool,lr_lbfgs,0,16,brier,0.47108847174038726
1425,,,,guo_icu,guo_icu,clinicalbert_type1_mean_pool,lr_lbfgs,1,16,auroc,0.5678519768563164
1426,,,,guo_icu,guo_icu,clinicalbert_type1_mean_pool,lr_lbfgs,1,16,auprc,0.04634797932864131
1427,,,,guo_icu,guo_icu,clinicalbert_type1_mean_pool,lr_lbfgs,1,16,brier,0.25014231219042465
1428,,,,guo_icu,guo_icu,clinicalbert_type1_mean_pool,lr_lbfgs,2,16,auroc,0.5617164898746383
1429,,,,guo_icu,guo_icu,clinicalbert_type1_mean_pool,lr_lbfgs,2,16,auprc,0.050464388090372715
1430,,,,guo_icu,guo_icu,clinicalbert_type1_mean_pool,lr_lbfgs,2,16,brier,0.26348433458446263
1431,,,,guo_icu,guo_icu,clinicalbert_type1_mean_pool,lr_lbfgs,3,16,auroc,0.5601856316297011
1432,,,,guo_icu,guo_icu,clinicalbert_type1_mean_pool,lr_lbfgs,3,16,auprc,0.05231220273783595
1433,,,,guo_icu,guo_icu,clinicalbert_type1_mean_pool,lr_lbfgs,3,16,brier,0.5086153787155945
1434,,,,guo_icu,guo_icu,clinicalbert_type1_mean_pool,lr_lbfgs,4,16,auroc,0.5878134040501446
1435,,,,guo_icu,guo_icu,clinicalbert_type1_mean_pool,lr_lbfgs,4,16,auprc,0.053945510534011046
1436,,,,guo_icu,guo_icu,clinicalbert_type1_mean_pool,lr_lbfgs,4,16,brier,0.2499984011918355
1437,,,,guo_icu,guo_icu,clinicalbert_type1_mean_pool,lr_lbfgs,0,24,auroc,0.5537970106075217
1438,,,,guo_icu,guo_icu,clinicalbert_type1_mean_pool,lr_lbfgs,0,24,auprc,0.05435482054158174
1439,,,,guo_icu,guo_icu,clinicalbert_type1_mean_pool,lr_lbfgs,0,24,brier,0.2490830881463988
1440,,,,guo_icu,guo_icu,clinicalbert_type1_mean_pool,lr_lbfgs,1,24,auroc,0.5753375120540019
1441,,,,guo_icu,guo_icu,clinicalbert_type1_mean_pool,lr_lbfgs,1,24,auprc,0.04765097186638237
1442,,,,guo_icu,guo_icu,clinicalbert_type1_mean_pool,lr_lbfgs,1,24,brier,0.2500018523596299
1443,,,,guo_icu,guo_icu,clinicalbert_type1_mean_pool,lr_lbfgs,2,24,auroc,0.6030436354869817
1444,,,,guo_icu,guo_icu,clinicalbert_type1_mean_pool,lr_lbfgs,2,24,auprc,0.056110400001340544
1445,,,,guo_icu,guo_icu,clinicalbert_type1_mean_pool,lr_lbfgs,2,24,brier,0.385581745655924
1446,,,,guo_icu,guo_icu,clinicalbert_type1_mean_pool,lr_lbfgs,3,24,auroc,0.5541164416586307
1447,,,,guo_icu,guo_icu,clinicalbert_type1_mean_pool,lr_lbfgs,3,24,auprc,0.055270197434741104
1448,,,,guo_icu,guo_icu,clinicalbert_type1_mean_pool,lr_lbfgs,3,24,brier,0.2893351964358703
1449,,,,guo_icu,guo_icu,clinicalbert_type1_mean_pool,lr_lbfgs,4,24,auroc,0.6027242044358727
1450,,,,guo_icu,guo_icu,clinicalbert_type1_mean_pool,lr_lbfgs,4,24,auprc,0.05814114043204006
1451,,,,guo_icu,guo_icu,clinicalbert_type1_mean_pool,lr_lbfgs,4,24,brier,0.24999850510346835
1452,,,,guo_icu,guo_icu,clinicalbert_type1_mean_pool,lr_lbfgs,0,32,auroc,0.5924541947926711
1453,,,,guo_icu,guo_icu,clinicalbert_type1_mean_pool,lr_lbfgs,0,32,auprc,0.07055383088812134
1454,,,,guo_icu,guo_icu,clinicalbert_type1_mean_pool,lr_lbfgs,0,32,brier,0.28921545517573527
1455,,,,guo_icu,guo_icu,clinicalbert_type1_mean_pool,lr_lbfgs,1,32,auroc,0.6126747830279653
1456,,,,guo_icu,guo_icu,clinicalbert_type1_mean_pool,lr_lbfgs,1,32,auprc,0.057598936966546485
1457,,,,guo_icu,guo_icu,clinicalbert_type1_mean_pool,lr_lbfgs,1,32,brier,0.3587460809813527
1458,,,,guo_icu,guo_icu,clinicalbert_type1_mean_pool,lr_lbfgs,2,32,auroc,0.5922010607521697
1459,,,,guo_icu,guo_icu,clinicalbert_type1_mean_pool,lr_lbfgs,2,32,auprc,0.05786799040340524
1460,,,,guo_icu,guo_icu,clinicalbert_type1_mean_pool,lr_lbfgs,2,32,brier,0.24134488150495312
1461,,,,guo_icu,guo_icu,clinicalbert_type1_mean_pool,lr_lbfgs,3,32,auroc,0.49294238187078115
1462,,,,guo_icu,guo_icu,clinicalbert_type1_mean_pool,lr_lbfgs,3,32,auprc,0.04199973969851721
1463,,,,guo_icu,guo_icu,clinicalbert_type1_mean_pool,lr_lbfgs,3,32,brier,0.40717192800240076
1464,,,,guo_icu,guo_icu,clinicalbert_type1_mean_pool,lr_lbfgs,4,32,auroc,0.6026579074252651
1465,,,,guo_icu,guo_icu,clinicalbert_type1_mean_pool,lr_lbfgs,4,32,auprc,0.057097729079946466
1466,,,,guo_icu,guo_icu,clinicalbert_type1_mean_pool,lr_lbfgs,4,32,brier,0.2499728504204785
1467,,,,guo_icu,guo_icu,clinicalbert_type1_mean_pool,lr_lbfgs,0,48,auroc,0.5808341369334619
1468,,,,guo_icu,guo_icu,clinicalbert_type1_mean_pool,lr_lbfgs,0,48,auprc,0.04994603511211196
1469,,,,guo_icu,guo_icu,clinicalbert_type1_mean_pool,lr_lbfgs,0,48,brier,0.24986618574640637
1470,,,,guo_icu,guo_icu,clinicalbert_type1_mean_pool,lr_lbfgs,1,48,auroc,0.5645431533269046
1471,,,,guo_icu,guo_icu,clinicalbert_type1_mean_pool,lr_lbfgs,1,48,auprc,0.047933244173719816
1472,,,,guo_icu,guo_icu,clinicalbert_type1_mean_pool,lr_lbfgs,1,48,brier,0.21702707958112047
1473,,,,guo_icu,guo_icu,clinicalbert_type1_mean_pool,lr_lbfgs,2,48,auroc,0.6044660077145613
1474,,,,guo_icu,guo_icu,clinicalbert_type1_mean_pool,lr_lbfgs,2,48,auprc,0.05438382360919711
1475,,,,guo_icu,guo_icu,clinicalbert_type1_mean_pool,lr_lbfgs,2,48,brier,0.27028435816169555
1476,,,,guo_icu,guo_icu,clinicalbert_type1_mean_pool,lr_lbfgs,3,48,auroc,0.5432618129218901
1477,,,,guo_icu,guo_icu,clinicalbert_type1_mean_pool,lr_lbfgs,3,48,auprc,0.051779173730072826
1478,,,,guo_icu,guo_icu,clinicalbert_type1_mean_pool,lr_lbfgs,3,48,brier,0.2602377987467557
1479,,,,guo_icu,guo_icu,clinicalbert_type1_mean_pool,lr_lbfgs,4,48,auroc,0.5988066538090646
1480,,,,guo_icu,guo_icu,clinicalbert_type1_mean_pool,lr_lbfgs,4,48,auprc,0.0554616727750261
1481,,,,guo_icu,guo_icu,clinicalbert_type1_mean_pool,lr_lbfgs,4,48,brier,0.2485096485230174
1482,,,,guo_icu,guo_icu,clinicalbert_type1_mean_pool,lr_lbfgs,0,64,auroc,0.6598511330761812
1483,,,,guo_icu,guo_icu,clinicalbert_type1_mean_pool,lr_lbfgs,0,64,auprc,0.08047030164520838
1484,,,,guo_icu,guo_icu,clinicalbert_type1_mean_pool,lr_lbfgs,0,64,brier,0.47348543844631535
1485,,,,guo_icu,guo_icu,clinicalbert_type1_mean_pool,lr_lbfgs,1,64,auroc,0.5897119093539055
1486,,,,guo_icu,guo_icu,clinicalbert_type1_mean_pool,lr_lbfgs,1,64,auprc,0.05695046098589695
1487,,,,guo_icu,guo_icu,clinicalbert_type1_mean_pool,lr_lbfgs,1,64,brier,0.23038558347623025
1488,,,,guo_icu,guo_icu,clinicalbert_type1_mean_pool,lr_lbfgs,2,64,auroc,0.6201542912246865
1489,,,,guo_icu,guo_icu,clinicalbert_type1_mean_pool,lr_lbfgs,2,64,auprc,0.06124830526876797
1490,,,,guo_icu,guo_icu,clinicalbert_type1_mean_pool,lr_lbfgs,2,64,brier,0.28194769755761107
1491,,,,guo_icu,guo_icu,clinicalbert_type1_mean_pool,lr_lbfgs,3,64,auroc,0.6014223722275795
1492,,,,guo_icu,guo_icu,clinicalbert_type1_mean_pool,lr_lbfgs,3,64,auprc,0.05579102153612068
1493,,,,guo_icu,guo_icu,clinicalbert_type1_mean_pool,lr_lbfgs,3,64,brier,0.3150339517883938
1494,,,,guo_icu,guo_icu,clinicalbert_type1_mean_pool,lr_lbfgs,4,64,auroc,0.595425506268081
1495,,,,guo_icu,guo_icu,clinicalbert_type1_mean_pool,lr_lbfgs,4,64,auprc,0.05310921703975703
1496,,,,guo_icu,guo_icu,clinicalbert_type1_mean_pool,lr_lbfgs,4,64,brier,0.23895567957059535
1497,,,,guo_icu,guo_icu,clinicalbert_type1_mean_pool,lr_lbfgs,0,128,auroc,0.7254218900675024
1498,,,,guo_icu,guo_icu,clinicalbert_type1_mean_pool,lr_lbfgs,0,128,auprc,0.09028166112457321
1499,,,,guo_icu,guo_icu,clinicalbert_type1_mean_pool,lr_lbfgs,0,128,brier,0.30094431039710096
1500,,,,guo_icu,guo_icu,clinicalbert_type1_mean_pool,lr_lbfgs,1,128,auroc,0.64073649951784
1501,,,,guo_icu,guo_icu,clinicalbert_type1_mean_pool,lr_lbfgs,1,128,auprc,0.06740168739051533
1502,,,,guo_icu,guo_icu,clinicalbert_type1_mean_pool,lr_lbfgs,1,128,brier,0.2678713506944049
1503,,,,guo_icu,guo_icu,clinicalbert_type1_mean_pool,lr_lbfgs,2,128,auroc,0.5888078592092576
1504,,,,guo_icu,guo_icu,clinicalbert_type1_mean_pool,lr_lbfgs,2,128,auprc,0.05288147454623243
1505,,,,guo_icu,guo_icu,clinicalbert_type1_mean_pool,lr_lbfgs,2,128,brier,0.37844293113087357
1506,,,,guo_icu,guo_icu,clinicalbert_type1_mean_pool,lr_lbfgs,3,128,auroc,0.6399349083895853
1507,,,,guo_icu,guo_icu,clinicalbert_type1_mean_pool,lr_lbfgs,3,128,auprc,0.07018861851856503
1508,,,,guo_icu,guo_icu,clinicalbert_type1_mean_pool,lr_lbfgs,3,128,brier,0.2446987748357045
1509,,,,guo_icu,guo_icu,clinicalbert_type1_mean_pool,lr_lbfgs,4,128,auroc,0.6627350530376084
1510,,,,guo_icu,guo_icu,clinicalbert_type1_mean_pool,lr_lbfgs,4,128,auprc,0.06698427618780867
1511,,,,guo_icu,guo_icu,clinicalbert_type1_mean_pool,lr_lbfgs,4,128,brier,0.22808550789153764
1512,,,,guo_icu,guo_icu,clinicalbert_type1_mean_pool,knn,0,-1,auroc,0.5276157184185148
1513,,,,guo_icu,guo_icu,clinicalbert_type1_mean_pool,knn,0,-1,auprc,0.05190546970998065
1514,,,,guo_icu,guo_icu,clinicalbert_type1_mean_pool,knn,0,-1,brier,0.050477487146166206
1515,,,,guo_icu,guo_icu,clinicalbert_type1_mean_pool,knn,0,1,auroc,0.5298848842815815
1516,,,,guo_icu,guo_icu,clinicalbert_type1_mean_pool,knn,0,1,auprc,0.044308369841726494
1517,,,,guo_icu,guo_icu,clinicalbert_type1_mean_pool,knn,0,1,brier,0.6961217476681394
1518,,,,guo_icu,guo_icu,clinicalbert_type1_mean_pool,knn,1,1,auroc,0.49168876567020253
1519,,,,guo_icu,guo_icu,clinicalbert_type1_mean_pool,knn,1,1,auprc,0.041084600210507236
1520,,,,guo_icu,guo_icu,clinicalbert_type1_mean_pool,knn,1,1,brier,0.4997545409916544
1521,,,,guo_icu,guo_icu,clinicalbert_type1_mean_pool,knn,2,1,auroc,0.5328983847637415
1522,,,,guo_icu,guo_icu,clinicalbert_type1_mean_pool,knn,2,1,auprc,0.04568418513554603
1523,,,,guo_icu,guo_icu,clinicalbert_type1_mean_pool,knn,2,1,brier,0.15120274914089346
1524,,,,guo_icu,guo_icu,clinicalbert_type1_mean_pool,knn,3,1,auroc,0.5425506268081002
1525,,,,guo_icu,guo_icu,clinicalbert_type1_mean_pool,knn,3,1,auprc,0.0464364693997882
1526,,,,guo_icu,guo_icu,clinicalbert_type1_mean_pool,knn,3,1,brier,0.22974963181148747
1527,,,,guo_icu,guo_icu,clinicalbert_type1_mean_pool,knn,4,1,auroc,0.5618822324011572
1528,,,,guo_icu,guo_icu,clinicalbert_type1_mean_pool,knn,4,1,auprc,0.04834448984701071
1529,,,,guo_icu,guo_icu,clinicalbert_type1_mean_pool,knn,4,1,brier,0.3544428080510555
1530,,,,guo_icu,guo_icu,clinicalbert_type1_mean_pool,knn,0,2,auroc,0.5368822324011572
1531,,,,guo_icu,guo_icu,clinicalbert_type1_mean_pool,knn,0,2,auprc,0.0450251884377015
1532,,,,guo_icu,guo_icu,clinicalbert_type1_mean_pool,knn,0,2,brier,0.5856651939126166
1533,,,,guo_icu,guo_icu,clinicalbert_type1_mean_pool,knn,1,2,auroc,0.47844141755062675
1534,,,,guo_icu,guo_icu,clinicalbert_type1_mean_pool,knn,1,2,auprc,0.04016975367466574
1535,,,,guo_icu,guo_icu,clinicalbert_type1_mean_pool,knn,1,2,brier,0.43888070692194403
1536,,,,guo_icu,guo_icu,clinicalbert_type1_mean_pool,knn,2,2,auroc,0.5154652844744455
1537,,,,guo_icu,guo_icu,clinicalbert_type1_mean_pool,knn,2,2,auprc,0.04303651056560107
1538,,,,guo_icu,guo_icu,clinicalbert_type1_mean_pool,knn,2,2,brier,0.2804778268695794
1539,,,,guo_icu,guo_icu,clinicalbert_type1_mean_pool,knn,3,2,auroc,0.5362674783027965
1540,,,,guo_icu,guo_icu,clinicalbert_type1_mean_pool,knn,3,2,auprc,0.04513112643257911
1541,,,,guo_icu,guo_icu,clinicalbert_type1_mean_pool,knn,3,2,brier,0.40353460972017674
1542,,,,guo_icu,guo_icu,clinicalbert_type1_mean_pool,knn,4,2,auroc,0.5572022661523626
1543,,,,guo_icu,guo_icu,clinicalbert_type1_mean_pool,knn,4,2,auprc,0.04694200506415745
1544,,,,guo_icu,guo_icu,clinicalbert_type1_mean_pool,knn,4,2,brier,0.36164293896252664
1545,,,,guo_icu,guo_icu,clinicalbert_type1_mean_pool,knn,0,4,auroc,0.5742978543876567
1546,,,,guo_icu,guo_icu,clinicalbert_type1_mean_pool,knn,0,4,auprc,0.05036405697332809
1547,,,,guo_icu,guo_icu,clinicalbert_type1_mean_pool,knn,0,4,brier,0.5097910871106747
1548,,,,guo_icu,guo_icu,clinicalbert_type1_mean_pool,knn,1,4,auroc,0.521612825458052
1549,,,,guo_icu,guo_icu,clinicalbert_type1_mean_pool,knn,1,4,auprc,0.043599749259070085
1550,,,,guo_icu,guo_icu,clinicalbert_type1_mean_pool,knn,1,4,brier,0.4963181148748159
1551,,,,guo_icu,guo_icu,clinicalbert_type1_mean_pool,knn,2,4,auroc,0.5771365718418514
1552,,,,guo_icu,guo_icu,clinicalbert_type1_mean_pool,knn,2,4,auprc,0.06021224347401273
1553,,,,guo_icu,guo_icu,clinicalbert_type1_mean_pool,knn,2,4,brier,0.27846376989750943
1554,,,,guo_icu,guo_icu,clinicalbert_type1_mean_pool,knn,3,4,auroc,0.5815754580520733
1555,,,,guo_icu,guo_icu,clinicalbert_type1_mean_pool,knn,3,4,auprc,0.05485615105560641
1556,,,,guo_icu,guo_icu,clinicalbert_type1_mean_pool,knn,3,4,brier,0.2636602338439378
1557,,,,guo_icu,guo_icu,clinicalbert_type1_mean_pool,knn,4,4,auroc,0.5465796769527483
1558,,,,guo_icu,guo_icu,clinicalbert_type1_mean_pool,knn,4,4,auprc,0.04598240004764792
1559,,,,guo_icu,guo_icu,clinicalbert_type1_mean_pool,knn,4,4,brier,0.6102110947471773
1560,,,,guo_icu,guo_icu,clinicalbert_type1_mean_pool,knn,0,8,auroc,0.5553881388621023
1561,,,,guo_icu,guo_icu,clinicalbert_type1_mean_pool,knn,0,8,auprc,0.04713301114008078
1562,,,,guo_icu,guo_icu,clinicalbert_type1_mean_pool,knn,0,8,brier,0.47471772214040253
1563,,,,guo_icu,guo_icu,clinicalbert_type1_mean_pool,knn,1,8,auroc,0.4719202025072324
1564,,,,guo_icu,guo_icu,clinicalbert_type1_mean_pool,knn,1,8,auprc,0.040820830230578586
1565,,,,guo_icu,guo_icu,clinicalbert_type1_mean_pool,knn,1,8,brier,0.37473408607429226
1566,,,,guo_icu,guo_icu,clinicalbert_type1_mean_pool,knn,2,8,auroc,0.5380876325940213
1567,,,,guo_icu,guo_icu,clinicalbert_type1_mean_pool,knn,2,8,auprc,0.04538775362630175
1568,,,,guo_icu,guo_icu,clinicalbert_type1_mean_pool,knn,2,8,brier,0.36769759450171824
1569,,,,guo_icu,guo_icu,clinicalbert_type1_mean_pool,knn,3,8,auroc,0.5601012536162004
1570,,,,guo_icu,guo_icu,clinicalbert_type1_mean_pool,knn,3,8,auprc,0.0473571404243531
1571,,,,guo_icu,guo_icu,clinicalbert_type1_mean_pool,knn,3,8,brier,0.648993618065783
1572,,,,guo_icu,guo_icu,clinicalbert_type1_mean_pool,knn,4,8,auroc,0.5776187319189972
1573,,,,guo_icu,guo_icu,clinicalbert_type1_mean_pool,knn,4,8,auprc,0.052752940486230304
1574,,,,guo_icu,guo_icu,clinicalbert_type1_mean_pool,knn,4,8,brier,0.4350711831124203
1575,,,,guo_icu,guo_icu,clinicalbert_type1_mean_pool,knn,0,12,auroc,0.5958684908389585
1576,,,,guo_icu,guo_icu,clinicalbert_type1_mean_pool,knn,0,12,auprc,0.05918156533125234
1577,,,,guo_icu,guo_icu,clinicalbert_type1_mean_pool,knn,0,12,brier,0.2457497896415648
1578,,,,guo_icu,guo_icu,clinicalbert_type1_mean_pool,knn,1,12,auroc,0.5813976615236258
1579,,,,guo_icu,guo_icu,clinicalbert_type1_mean_pool,knn,1,12,auprc,0.049973113856349984
1580,,,,guo_icu,guo_icu,clinicalbert_type1_mean_pool,knn,1,12,brier,0.5650466372115857
1581,,,,guo_icu,guo_icu,clinicalbert_type1_mean_pool,knn,2,12,auroc,0.558058100289296
1582,,,,guo_icu,guo_icu,clinicalbert_type1_mean_pool,knn,2,12,auprc,0.04790974809167653
1583,,,,guo_icu,guo_icu,clinicalbert_type1_mean_pool,knn,2,12,brier,0.3402061855670103
1584,,,,guo_icu,guo_icu,clinicalbert_type1_mean_pool,knn,3,12,auroc,0.6015700337512054
1585,,,,guo_icu,guo_icu,clinicalbert_type1_mean_pool,knn,3,12,auprc,0.05314363766619519
1586,,,,guo_icu,guo_icu,clinicalbert_type1_mean_pool,knn,3,12,brier,0.4277532318769432
1587,,,,guo_icu,guo_icu,clinicalbert_type1_mean_pool,knn,4,12,auroc,0.5596673095467696
1588,,,,guo_icu,guo_icu,clinicalbert_type1_mean_pool,knn,4,12,auprc,0.047280896643892775
1589,,,,guo_icu,guo_icu,clinicalbert_type1_mean_pool,knn,4,12,brier,0.48191785305187373
1590,,,,guo_icu,guo_icu,clinicalbert_type1_mean_pool,knn,0,16,auroc,0.601865356798457
1591,,,,guo_icu,guo_icu,clinicalbert_type1_mean_pool,knn,0,16,auprc,0.0547538676657467
1592,,,,guo_icu,guo_icu,clinicalbert_type1_mean_pool,knn,0,16,brier,0.2969686599630418
1593,,,,guo_icu,guo_icu,clinicalbert_type1_mean_pool,knn,1,16,auroc,0.6033721070395371
1594,,,,guo_icu,guo_icu,clinicalbert_type1_mean_pool,knn,1,16,auprc,0.05266410003176528
1595,,,,guo_icu,guo_icu,clinicalbert_type1_mean_pool,knn,1,16,brier,0.5876288659793815
1596,,,,guo_icu,guo_icu,clinicalbert_type1_mean_pool,knn,2,16,auroc,0.5945666586306653
1597,,,,guo_icu,guo_icu,clinicalbert_type1_mean_pool,knn,2,16,auprc,0.05891630467212376
1598,,,,guo_icu,guo_icu,clinicalbert_type1_mean_pool,knn,2,16,brier,0.24233843574313982
1599,,,,guo_icu,guo_icu,clinicalbert_type1_mean_pool,knn,3,16,auroc,0.5683401639344262
1600,,,,guo_icu,guo_icu,clinicalbert_type1_mean_pool,knn,3,16,auprc,0.04834255666083596
1601,,,,guo_icu,guo_icu,clinicalbert_type1_mean_pool,knn,3,16,brier,0.3732363433024421
1602,,,,guo_icu,guo_icu,clinicalbert_type1_mean_pool,knn,4,16,auroc,0.5477609691417551
1603,,,,guo_icu,guo_icu,clinicalbert_type1_mean_pool,knn,4,16,auprc,0.04653602736868722
1604,,,,guo_icu,guo_icu,clinicalbert_type1_mean_pool,knn,4,16,brier,0.43683848797250874
1605,,,,guo_icu,guo_icu,clinicalbert_type1_mean_pool,knn,0,24,auroc,0.5760637656702025
1606,,,,guo_icu,guo_icu,clinicalbert_type1_mean_pool,knn,0,24,auprc,0.04879172501140917
1607,,,,guo_icu,guo_icu,clinicalbert_type1_mean_pool,knn,0,24,brier,0.3174594169179169
1608,,,,guo_icu,guo_icu,clinicalbert_type1_mean_pool,knn,1,24,auroc,0.5794208052073289
1609,,,,guo_icu,guo_icu,clinicalbert_type1_mean_pool,knn,1,24,auprc,0.05003332948299594
1610,,,,guo_icu,guo_icu,clinicalbert_type1_mean_pool,knn,1,24,brier,0.48257241040746196
1611,,,,guo_icu,guo_icu,clinicalbert_type1_mean_pool,knn,2,24,auroc,0.5825518322082932
1612,,,,guo_icu,guo_icu,clinicalbert_type1_mean_pool,knn,2,24,auprc,0.05494428011788599
1613,,,,guo_icu,guo_icu,clinicalbert_type1_mean_pool,knn,2,24,brier,0.22544046255386466
1614,,,,guo_icu,guo_icu,clinicalbert_type1_mean_pool,knn,3,24,auroc,0.5419027242044359
1615,,,,guo_icu,guo_icu,clinicalbert_type1_mean_pool,knn,3,24,auprc,0.0456940710151585
1616,,,,guo_icu,guo_icu,clinicalbert_type1_mean_pool,knn,3,24,brier,0.2547267052890601
1617,,,,guo_icu,guo_icu,clinicalbert_type1_mean_pool,knn,4,24,auroc,0.553311837029894
1618,,,,guo_icu,guo_icu,clinicalbert_type1_mean_pool,knn,4,24,auprc,0.04885674309094566
1619,,,,guo_icu,guo_icu,clinicalbert_type1_mean_pool,knn,4,24,brier,0.28380952380952384
1620,,,,guo_icu,guo_icu,clinicalbert_type1_mean_pool,knn,0,32,auroc,0.5727760366441658
1621,,,,guo_icu,guo_icu,clinicalbert_type1_mean_pool,knn,0,32,auprc,0.053934493676072975
1622,,,,guo_icu,guo_icu,clinicalbert_type1_mean_pool,knn,0,32,brier,0.32783757445323547
1623,,,,guo_icu,guo_icu,clinicalbert_type1_mean_pool,knn,1,32,auroc,0.5957871263259402
1624,,,,guo_icu,guo_icu,clinicalbert_type1_mean_pool,knn,1,32,auprc,0.054709723095801285
1625,,,,guo_icu,guo_icu,clinicalbert_type1_mean_pool,knn,1,32,brier,0.30176412950568776
1626,,,,guo_icu,guo_icu,clinicalbert_type1_mean_pool,knn,2,32,auroc,0.6195696721311476
1627,,,,guo_icu,guo_icu,clinicalbert_type1_mean_pool,knn,2,32,auprc,0.06185467320187955
1628,,,,guo_icu,guo_icu,clinicalbert_type1_mean_pool,knn,2,32,brier,0.2094782649316688
1629,,,,guo_icu,guo_icu,clinicalbert_type1_mean_pool,knn,3,32,auroc,0.5327748312439728
1630,,,,guo_icu,guo_icu,clinicalbert_type1_mean_pool,knn,3,32,auprc,0.0477428396311631
1631,,,,guo_icu,guo_icu,clinicalbert_type1_mean_pool,knn,3,32,brier,0.2446937325207748
1632,,,,guo_icu,guo_icu,clinicalbert_type1_mean_pool,knn,4,32,auroc,0.5987704918032787
1633,,,,guo_icu,guo_icu,clinicalbert_type1_mean_pool,knn,4,32,auprc,0.05396908429727024
1634,,,,guo_icu,guo_icu,clinicalbert_type1_mean_pool,knn,4,32,brier,0.31544209894725356
1635,,,,guo_icu,guo_icu,clinicalbert_type1_mean_pool,knn,0,48,auroc,0.6107521697203471
1636,,,,guo_icu,guo_icu,clinicalbert_type1_mean_pool,knn,0,48,auprc,0.05651088591325354
1637,,,,guo_icu,guo_icu,clinicalbert_type1_mean_pool,knn,0,48,brier,0.34125187332164125
1638,,,,guo_icu,guo_icu,clinicalbert_type1_mean_pool,knn,1,48,auroc,0.6440935390549662
1639,,,,guo_icu,guo_icu,clinicalbert_type1_mean_pool,knn,1,48,auprc,0.061171140072672124
1640,,,,guo_icu,guo_icu,clinicalbert_type1_mean_pool,knn,1,48,brier,0.2928544464056762
1641,,,,guo_icu,guo_icu,clinicalbert_type1_mean_pool,knn,2,48,auroc,0.6315573770491804
1642,,,,guo_icu,guo_icu,clinicalbert_type1_mean_pool,knn,2,48,auprc,0.06342857699057164
1643,,,,guo_icu,guo_icu,clinicalbert_type1_mean_pool,knn,2,48,brier,0.21488463426607757
1644,,,,guo_icu,guo_icu,clinicalbert_type1_mean_pool,knn,3,48,auroc,0.5463175024108005
1645,,,,guo_icu,guo_icu,clinicalbert_type1_mean_pool,knn,3,48,auprc,0.049080429550394315
1646,,,,guo_icu,guo_icu,clinicalbert_type1_mean_pool,knn,3,48,brier,0.27144889325333005
1647,,,,guo_icu,guo_icu,clinicalbert_type1_mean_pool,knn,4,48,auroc,0.5722818225650916
1648,,,,guo_icu,guo_icu,clinicalbert_type1_mean_pool,knn,4,48,auprc,0.048859652036953784
1649,,,,guo_icu,guo_icu,clinicalbert_type1_mean_pool,knn,4,48,brier,0.3251055473735886
1650,,,,guo_icu,guo_icu,clinicalbert_type1_mean_pool,knn,0,64,auroc,0.6113850048216007
1651,,,,guo_icu,guo_icu,clinicalbert_type1_mean_pool,knn,0,64,auprc,0.05900608232081573
1652,,,,guo_icu,guo_icu,clinicalbert_type1_mean_pool,knn,0,64,brier,0.3012109373205108
1653,,,,guo_icu,guo_icu,clinicalbert_type1_mean_pool,knn,1,64,auroc,0.6406460945033751
1654,,,,guo_icu,guo_icu,clinicalbert_type1_mean_pool,knn,1,64,auprc,0.06243309406595743
1655,,,,guo_icu,guo_icu,clinicalbert_type1_mean_pool,knn,1,64,brier,0.26317793253333877
1656,,,,guo_icu,guo_icu,clinicalbert_type1_mean_pool,knn,2,64,auroc,0.6447504821600771
1657,,,,guo_icu,guo_icu,clinicalbert_type1_mean_pool,knn,2,64,auprc,0.06456516998057424
1658,,,,guo_icu,guo_icu,clinicalbert_type1_mean_pool,knn,2,64,brier,0.22850954778773044
1659,,,,guo_icu,guo_icu,clinicalbert_type1_mean_pool,knn,3,64,auroc,0.5750994455159113
1660,,,,guo_icu,guo_icu,clinicalbert_type1_mean_pool,knn,3,64,auprc,0.050751521044020004
1661,,,,guo_icu,guo_icu,clinicalbert_type1_mean_pool,knn,3,64,brier,0.2634743982246176
1662,,,,guo_icu,guo_icu,clinicalbert_type1_mean_pool,knn,4,64,auroc,0.6008196721311476
1663,,,,guo_icu,guo_icu,clinicalbert_type1_mean_pool,knn,4,64,auprc,0.05251060899480927
1664,,,,guo_icu,guo_icu,clinicalbert_type1_mean_pool,knn,4,64,brier,0.3224545900834561
1665,,,,guo_icu,guo_icu,clinicalbert_type1_mean_pool,knn,0,128,auroc,0.657624156219865
1666,,,,guo_icu,guo_icu,clinicalbert_type1_mean_pool,knn,0,128,auprc,0.06259307075127797
1667,,,,guo_icu,guo_icu,clinicalbert_type1_mean_pool,knn,0,128,brier,0.3060472733725208
1668,,,,guo_icu,guo_icu,clinicalbert_type1_mean_pool,knn,1,128,auroc,0.6308401639344262
1669,,,,guo_icu,guo_icu,clinicalbert_type1_mean_pool,knn,1,128,auprc,0.06377085491651799
1670,,,,guo_icu,guo_icu,clinicalbert_type1_mean_pool,knn,1,128,brier,0.3013498825931135
1671,,,,guo_icu,guo_icu,clinicalbert_type1_mean_pool,knn,2,128,auroc,0.646064368370299
1672,,,,guo_icu,guo_icu,clinicalbert_type1_mean_pool,knn,2,128,auprc,0.06494310466740906
1673,,,,guo_icu,guo_icu,clinicalbert_type1_mean_pool,knn,2,128,brier,0.2905526604372442
1674,,,,guo_icu,guo_icu,clinicalbert_type1_mean_pool,knn,3,128,auroc,0.6511089681774349
1675,,,,guo_icu,guo_icu,clinicalbert_type1_mean_pool,knn,3,128,auprc,0.06714511052087936
1676,,,,guo_icu,guo_icu,clinicalbert_type1_mean_pool,knn,3,128,brier,0.25204866705749124
1677,,,,guo_icu,guo_icu,clinicalbert_type1_mean_pool,knn,4,128,auroc,0.577956243972999
1678,,,,guo_icu,guo_icu,clinicalbert_type1_mean_pool,knn,4,128,auprc,0.05027074265630701
1679,,,,guo_icu,guo_icu,clinicalbert_type1_mean_pool,knn,4,128,brier,0.39911634756995584
1680,,,,guo_icu,guo_icu,clinicalbert_type1_mean_pool,rf,0,-1,auroc,0.6168454676952748
1681,,,,guo_icu,guo_icu,clinicalbert_type1_mean_pool,rf,0,-1,auprc,0.06000188158052721
1682,,,,guo_icu,guo_icu,clinicalbert_type1_mean_pool,rf,0,-1,brier,0.0411360580335695
1683,,,,guo_icu,guo_icu,clinicalbert_type1_mean_pool,rf,0,1,auroc,0.5151368129218901
1684,,,,guo_icu,guo_icu,clinicalbert_type1_mean_pool,rf,0,1,auprc,0.04305509713985387
1685,,,,guo_icu,guo_icu,clinicalbert_type1_mean_pool,rf,0,1,brier,0.3004341678939617
1686,,,,guo_icu,guo_icu,clinicalbert_type1_mean_pool,rf,1,1,auroc,0.541360294117647
1687,,,,guo_icu,guo_icu,clinicalbert_type1_mean_pool,rf,1,1,auprc,0.049399644775762454
1688,,,,guo_icu,guo_icu,clinicalbert_type1_mean_pool,rf,1,1,brier,0.3191998036327933
1689,,,,guo_icu,guo_icu,clinicalbert_type1_mean_pool,rf,2,1,auroc,0.4966610414657666
1690,,,,guo_icu,guo_icu,clinicalbert_type1_mean_pool,rf,2,1,auprc,0.04198950950795752
1691,,,,guo_icu,guo_icu,clinicalbert_type1_mean_pool,rf,2,1,brier,0.3771183112420226
1692,,,,guo_icu,guo_icu,clinicalbert_type1_mean_pool,rf,3,1,auroc,0.5771968418514948
1693,,,,guo_icu,guo_icu,clinicalbert_type1_mean_pool,rf,3,1,auprc,0.05295732249071014
1694,,,,guo_icu,guo_icu,clinicalbert_type1_mean_pool,rf,3,1,brier,0.3415783014236623
1695,,,,guo_icu,guo_icu,clinicalbert_type1_mean_pool,rf,4,1,auroc,0.48272058823529407
1696,,,,guo_icu,guo_icu,clinicalbert_type1_mean_pool,rf,4,1,auprc,0.04352989008888907
1697,,,,guo_icu,guo_icu,clinicalbert_type1_mean_pool,rf,4,1,brier,0.45704958271968593
1698,,,,guo_icu,guo_icu,clinicalbert_type1_mean_pool,rf,0,2,auroc,0.5501808100289296
1699,,,,guo_icu,guo_icu,clinicalbert_type1_mean_pool,rf,0,2,auprc,0.046096215646396606
1700,,,,guo_icu,guo_icu,clinicalbert_type1_mean_pool,rf,0,2,brier,0.47399116347569964
1701,,,,guo_icu,guo_icu,clinicalbert_type1_mean_pool,rf,1,2,auroc,0.5204013982642237
1702,,,,guo_icu,guo_icu,clinicalbert_type1_mean_pool,rf,1,2,auprc,0.04656368748187193
1703,,,,guo_icu,guo_icu,clinicalbert_type1_mean_pool,rf,1,2,brier,0.24500510554737356
1704,,,,guo_icu,guo_icu,clinicalbert_type1_mean_pool,rf,2,2,auroc,0.5524108003857281
1705,,,,guo_icu,guo_icu,clinicalbert_type1_mean_pool,rf,2,2,auprc,0.04942063785527379
1706,,,,guo_icu,guo_icu,clinicalbert_type1_mean_pool,rf,2,2,brier,0.37607633775159555
1707,,,,guo_icu,guo_icu,clinicalbert_type1_mean_pool,rf,3,2,auroc,0.5924120057859209
1708,,,,guo_icu,guo_icu,clinicalbert_type1_mean_pool,rf,3,2,auprc,0.05496116164457521
1709,,,,guo_icu,guo_icu,clinicalbert_type1_mean_pool,rf,3,2,brier,0.3890279823269514
1710,,,,guo_icu,guo_icu,clinicalbert_type1_mean_pool,rf,4,2,auroc,0.5478815091610414
1711,,,,guo_icu,guo_icu,clinicalbert_type1_mean_pool,rf,4,2,auprc,0.046213368422506534
1712,,,,guo_icu,guo_icu,clinicalbert_type1_mean_pool,rf,4,2,brier,0.40737358861070205
1713,,,,guo_icu,guo_icu,clinicalbert_type1_mean_pool,rf,0,4,auroc,0.5875994455159113
1714,,,,guo_icu,guo_icu,clinicalbert_type1_mean_pool,rf,0,4,auprc,0.062124289438839346
1715,,,,guo_icu,guo_icu,clinicalbert_type1_mean_pool,rf,0,4,brier,0.3144137457044674
1716,,,,guo_icu,guo_icu,clinicalbert_type1_mean_pool,rf,1,4,auroc,0.5240296528447445
1717,,,,guo_icu,guo_icu,clinicalbert_type1_mean_pool,rf,1,4,auprc,0.05144324385143386
1718,,,,guo_icu,guo_icu,clinicalbert_type1_mean_pool,rf,1,4,brier,0.25057314678448694
1719,,,,guo_icu,guo_icu,clinicalbert_type1_mean_pool,rf,2,4,auroc,0.5672643442622952
1720,,,,guo_icu,guo_icu,clinicalbert_type1_mean_pool,rf,2,4,auprc,0.06072118557527626
1721,,,,guo_icu,guo_icu,clinicalbert_type1_mean_pool,rf,2,4,brier,0.2310238586156112
1722,,,,guo_icu,guo_icu,clinicalbert_type1_mean_pool,rf,3,4,auroc,0.5894075458052073
1723,,,,guo_icu,guo_icu,clinicalbert_type1_mean_pool,rf,3,4,auprc,0.05102381658089023
1724,,,,guo_icu,guo_icu,clinicalbert_type1_mean_pool,rf,3,4,brier,0.26297373588610706
1725,,,,guo_icu,guo_icu,clinicalbert_type1_mean_pool,rf,4,4,auroc,0.5929664898746384
1726,,,,guo_icu,guo_icu,clinicalbert_type1_mean_pool,rf,4,4,auprc,0.059801196286934186
1727,,,,guo_icu,guo_icu,clinicalbert_type1_mean_pool,rf,4,4,brier,0.2863971035837015
1728,,,,guo_icu,guo_icu,clinicalbert_type1_mean_pool,rf,0,8,auroc,0.5148686113789779
1729,,,,guo_icu,guo_icu,clinicalbert_type1_mean_pool,rf,0,8,auprc,0.041507729475156685
1730,,,,guo_icu,guo_icu,clinicalbert_type1_mean_pool,rf,0,8,brier,0.317938144329897
1731,,,,guo_icu,guo_icu,clinicalbert_type1_mean_pool,rf,1,8,auroc,0.5177886933461909
1732,,,,guo_icu,guo_icu,clinicalbert_type1_mean_pool,rf,1,8,auprc,0.04352856825238567
1733,,,,guo_icu,guo_icu,clinicalbert_type1_mean_pool,rf,1,8,brier,0.30543691703485515
1734,,,,guo_icu,guo_icu,clinicalbert_type1_mean_pool,rf,2,8,auroc,0.5624547974927676
1735,,,,guo_icu,guo_icu,clinicalbert_type1_mean_pool,rf,2,8,auprc,0.04936314580669646
1736,,,,guo_icu,guo_icu,clinicalbert_type1_mean_pool,rf,2,8,brier,0.20839224349533628
1737,,,,guo_icu,guo_icu,clinicalbert_type1_mean_pool,rf,3,8,auroc,0.5834016393442624
1738,,,,guo_icu,guo_icu,clinicalbert_type1_mean_pool,rf,3,8,auprc,0.05339053773075863
1739,,,,guo_icu,guo_icu,clinicalbert_type1_mean_pool,rf,3,8,brier,0.40099656357388325
1740,,,,guo_icu,guo_icu,clinicalbert_type1_mean_pool,rf,4,8,auroc,0.6098963355834137
1741,,,,guo_icu,guo_icu,clinicalbert_type1_mean_pool,rf,4,8,auprc,0.05435523468082882
1742,,,,guo_icu,guo_icu,clinicalbert_type1_mean_pool,rf,4,8,brier,0.35468335787923416
1743,,,,guo_icu,guo_icu,clinicalbert_type1_mean_pool,rf,0,12,auroc,0.5906129459980713
1744,,,,guo_icu,guo_icu,clinicalbert_type1_mean_pool,rf,0,12,auprc,0.0576073660113913
1745,,,,guo_icu,guo_icu,clinicalbert_type1_mean_pool,rf,0,12,brier,0.28924889543446247
1746,,,,guo_icu,guo_icu,clinicalbert_type1_mean_pool,rf,1,12,auroc,0.5511722516875603
1747,,,,guo_icu,guo_icu,clinicalbert_type1_mean_pool,rf,1,12,auprc,0.048558172323532156
1748,,,,guo_icu,guo_icu,clinicalbert_type1_mean_pool,rf,1,12,brier,0.2671710849288169
1749,,,,guo_icu,guo_icu,clinicalbert_type1_mean_pool,rf,2,12,auroc,0.5681985294117646
1750,,,,guo_icu,guo_icu,clinicalbert_type1_mean_pool,rf,2,12,auprc,0.04979762224910264
1751,,,,guo_icu,guo_icu,clinicalbert_type1_mean_pool,rf,2,12,brier,0.2280751793012697
1752,,,,guo_icu,guo_icu,clinicalbert_type1_mean_pool,rf,3,12,auroc,0.5955822082931533
1753,,,,guo_icu,guo_icu,clinicalbert_type1_mean_pool,rf,3,12,auprc,0.05337100985331601
1754,,,,guo_icu,guo_icu,clinicalbert_type1_mean_pool,rf,3,12,brier,0.3195041728031419
1755,,,,guo_icu,guo_icu,clinicalbert_type1_mean_pool,rf,4,12,auroc,0.5781460945033751
1756,,,,guo_icu,guo_icu,clinicalbert_type1_mean_pool,rf,4,12,auprc,0.05019492256692239
1757,,,,guo_icu,guo_icu,clinicalbert_type1_mean_pool,rf,4,12,brier,0.28728723613156604
1758,,,,guo_icu,guo_icu,clinicalbert_type1_mean_pool,rf,0,16,auroc,0.5751145130183221
1759,,,,guo_icu,guo_icu,clinicalbert_type1_mean_pool,rf,0,16,auprc,0.062480726072777104
1760,,,,guo_icu,guo_icu,clinicalbert_type1_mean_pool,rf,0,16,brier,0.2825871379479627
1761,,,,guo_icu,guo_icu,clinicalbert_type1_mean_pool,rf,1,16,auroc,0.57262837512054
1762,,,,guo_icu,guo_icu,clinicalbert_type1_mean_pool,rf,1,16,auprc,0.05676740401194692
1763,,,,guo_icu,guo_icu,clinicalbert_type1_mean_pool,rf,1,16,brier,0.27221404025527735
1764,,,,guo_icu,guo_icu,clinicalbert_type1_mean_pool,rf,2,16,auroc,0.546236137897782
1765,,,,guo_icu,guo_icu,clinicalbert_type1_mean_pool,rf,2,16,auprc,0.04583038406474774
1766,,,,guo_icu,guo_icu,clinicalbert_type1_mean_pool,rf,2,16,brier,0.22082498772704956
1767,,,,guo_icu,guo_icu,clinicalbert_type1_mean_pool,rf,3,16,auroc,0.5478001446480231
1768,,,,guo_icu,guo_icu,clinicalbert_type1_mean_pool,rf,3,16,auprc,0.045486261987667434
1769,,,,guo_icu,guo_icu,clinicalbert_type1_mean_pool,rf,3,16,brier,0.30079623018407015
1770,,,,guo_icu,guo_icu,clinicalbert_type1_mean_pool,rf,4,16,auroc,0.5360836547733847
1771,,,,guo_icu,guo_icu,clinicalbert_type1_mean_pool,rf,4,16,auprc,0.04928565950742693
1772,,,,guo_icu,guo_icu,clinicalbert_type1_mean_pool,rf,4,16,brier,0.27220422189494353
1773,,,,guo_icu,guo_icu,clinicalbert_type1_mean_pool,rf,0,24,auroc,0.5253736740597879
1774,,,,guo_icu,guo_icu,clinicalbert_type1_mean_pool,rf,0,24,auprc,0.049194780724678165
1775,,,,guo_icu,guo_icu,clinicalbert_type1_mean_pool,rf,0,24,brier,0.2420147586767581
1776,,,,guo_icu,guo_icu,clinicalbert_type1_mean_pool,rf,1,24,auroc,0.6086155978784957
1777,,,,guo_icu,guo_icu,clinicalbert_type1_mean_pool,rf,1,24,auprc,0.06536832207610914
1778,,,,guo_icu,guo_icu,clinicalbert_type1_mean_pool,rf,1,24,brier,0.2736962212866737
1779,,,,guo_icu,guo_icu,clinicalbert_type1_mean_pool,rf,2,24,auroc,0.5891393442622951
1780,,,,guo_icu,guo_icu,clinicalbert_type1_mean_pool,rf,2,24,auprc,0.0572277956063297
1781,,,,guo_icu,guo_icu,clinicalbert_type1_mean_pool,rf,2,24,brier,0.2713892979872361
1782,,,,guo_icu,guo_icu,clinicalbert_type1_mean_pool,rf,3,24,auroc,0.554667912246866
1783,,,,guo_icu,guo_icu,clinicalbert_type1_mean_pool,rf,3,24,auprc,0.046398626202758565
1784,,,,guo_icu,guo_icu,clinicalbert_type1_mean_pool,rf,3,24,brier,0.24611276932307857
1785,,,,guo_icu,guo_icu,clinicalbert_type1_mean_pool,rf,4,24,auroc,0.5434185149469625
1786,,,,guo_icu,guo_icu,clinicalbert_type1_mean_pool,rf,4,24,auprc,0.04622896139256736
1787,,,,guo_icu,guo_icu,clinicalbert_type1_mean_pool,rf,4,24,brier,0.3025969563082965
1788,,,,guo_icu,guo_icu,clinicalbert_type1_mean_pool,rf,0,32,auroc,0.5782696480231437
1789,,,,guo_icu,guo_icu,clinicalbert_type1_mean_pool,rf,0,32,auprc,0.07111827052747886
1790,,,,guo_icu,guo_icu,clinicalbert_type1_mean_pool,rf,0,32,brier,0.24542233041488856
1791,,,,guo_icu,guo_icu,clinicalbert_type1_mean_pool,rf,1,32,auroc,0.6026609209257473
1792,,,,guo_icu,guo_icu,clinicalbert_type1_mean_pool,rf,1,32,auprc,0.05504205482234721
1793,,,,guo_icu,guo_icu,clinicalbert_type1_mean_pool,rf,1,32,brier,0.24551232204221896
1794,,,,guo_icu,guo_icu,clinicalbert_type1_mean_pool,rf,2,32,auroc,0.5891604387656703
1795,,,,guo_icu,guo_icu,clinicalbert_type1_mean_pool,rf,2,32,auprc,0.05813402007349305
1796,,,,guo_icu,guo_icu,clinicalbert_type1_mean_pool,rf,2,32,brier,0.23882935372809208
1797,,,,guo_icu,guo_icu,clinicalbert_type1_mean_pool,rf,3,32,auroc,0.5492405978784957
1798,,,,guo_icu,guo_icu,clinicalbert_type1_mean_pool,rf,3,32,auprc,0.04875060701547219
1799,,,,guo_icu,guo_icu,clinicalbert_type1_mean_pool,rf,3,32,brier,0.2457879234167894
1800,,,,guo_icu,guo_icu,clinicalbert_type1_mean_pool,rf,4,32,auroc,0.5933341369334619
1801,,,,guo_icu,guo_icu,clinicalbert_type1_mean_pool,rf,4,32,auprc,0.06817200085195209
1802,,,,guo_icu,guo_icu,clinicalbert_type1_mean_pool,rf,4,32,brier,0.25060990796138943
1803,,,,guo_icu,guo_icu,clinicalbert_type1_mean_pool,rf,0,48,auroc,0.5793605351976856
1804,,,,guo_icu,guo_icu,clinicalbert_type1_mean_pool,rf,0,48,auprc,0.05928498380198042
1805,,,,guo_icu,guo_icu,clinicalbert_type1_mean_pool,rf,0,48,brier,0.2640496809032891
1806,,,,guo_icu,guo_icu,clinicalbert_type1_mean_pool,rf,1,48,auroc,0.604387656702025
1807,,,,guo_icu,guo_icu,clinicalbert_type1_mean_pool,rf,1,48,auprc,0.0536060182823381
1808,,,,guo_icu,guo_icu,clinicalbert_type1_mean_pool,rf,1,48,brier,0.23402106302276038
1809,,,,guo_icu,guo_icu,clinicalbert_type1_mean_pool,rf,2,48,auroc,0.6012716972034715
1810,,,,guo_icu,guo_icu,clinicalbert_type1_mean_pool,rf,2,48,auprc,0.05748265118051357
1811,,,,guo_icu,guo_icu,clinicalbert_type1_mean_pool,rf,2,48,brier,0.24868944526264114
1812,,,,guo_icu,guo_icu,clinicalbert_type1_mean_pool,rf,3,48,auroc,0.5529893924783027
1813,,,,guo_icu,guo_icu,clinicalbert_type1_mean_pool,rf,3,48,auprc,0.04755791052055467
1814,,,,guo_icu,guo_icu,clinicalbert_type1_mean_pool,rf,3,48,brier,0.24477211585665196
1815,,,,guo_icu,guo_icu,clinicalbert_type1_mean_pool,rf,4,48,auroc,0.5832117888138862
1816,,,,guo_icu,guo_icu,clinicalbert_type1_mean_pool,rf,4,48,auprc,0.05418420523326983
1817,,,,guo_icu,guo_icu,clinicalbert_type1_mean_pool,rf,4,48,brier,0.2587094227309439
1818,,,,guo_icu,guo_icu,clinicalbert_type1_mean_pool,rf,0,64,auroc,0.5908088235294118
1819,,,,guo_icu,guo_icu,clinicalbert_type1_mean_pool,rf,0,64,auprc,0.061916315842804395
1820,,,,guo_icu,guo_icu,clinicalbert_type1_mean_pool,rf,0,64,brier,0.2671578646884489
1821,,,,guo_icu,guo_icu,clinicalbert_type1_mean_pool,rf,1,64,auroc,0.51400675024108
1822,,,,guo_icu,guo_icu,clinicalbert_type1_mean_pool,rf,1,64,auprc,0.039778313115963304
1823,,,,guo_icu,guo_icu,clinicalbert_type1_mean_pool,rf,1,64,brier,0.25874283517060603
1824,,,,guo_icu,guo_icu,clinicalbert_type1_mean_pool,rf,2,64,auroc,0.6355954676952749
1825,,,,guo_icu,guo_icu,clinicalbert_type1_mean_pool,rf,2,64,auprc,0.0583560591342427
1826,,,,guo_icu,guo_icu,clinicalbert_type1_mean_pool,rf,2,64,brier,0.24493365515736648
1827,,,,guo_icu,guo_icu,clinicalbert_type1_mean_pool,rf,3,64,auroc,0.5800596673095468
1828,,,,guo_icu,guo_icu,clinicalbert_type1_mean_pool,rf,3,64,auprc,0.050488178004366065
1829,,,,guo_icu,guo_icu,clinicalbert_type1_mean_pool,rf,3,64,brier,0.23440160912016586
1830,,,,guo_icu,guo_icu,clinicalbert_type1_mean_pool,rf,4,64,auroc,0.5707479508196721
1831,,,,guo_icu,guo_icu,clinicalbert_type1_mean_pool,rf,4,64,auprc,0.05348864111189984
1832,,,,guo_icu,guo_icu,clinicalbert_type1_mean_pool,rf,4,64,brier,0.24013399895569912
1833,,,,guo_icu,guo_icu,clinicalbert_type1_mean_pool,rf,0,128,auroc,0.6054273143683704
1834,,,,guo_icu,guo_icu,clinicalbert_type1_mean_pool,rf,0,128,auprc,0.05245424591197994
1835,,,,guo_icu,guo_icu,clinicalbert_type1_mean_pool,rf,0,128,brier,0.24568247422680412
1836,,,,guo_icu,guo_icu,clinicalbert_type1_mean_pool,rf,1,128,auroc,0.6171498312439729
1837,,,,guo_icu,guo_icu,clinicalbert_type1_mean_pool,rf,1,128,auprc,0.05227292591445962
1838,,,,guo_icu,guo_icu,clinicalbert_type1_mean_pool,rf,1,128,brier,0.22694064801178204
1839,,,,guo_icu,guo_icu,clinicalbert_type1_mean_pool,rf,2,128,auroc,0.6091128254580521
1840,,,,guo_icu,guo_icu,clinicalbert_type1_mean_pool,rf,2,128,auprc,0.05349582293381882
1841,,,,guo_icu,guo_icu,clinicalbert_type1_mean_pool,rf,2,128,brier,0.2356042709867452
1842,,,,guo_icu,guo_icu,clinicalbert_type1_mean_pool,rf,3,128,auroc,0.5786403085824493
1843,,,,guo_icu,guo_icu,clinicalbert_type1_mean_pool,rf,3,128,auprc,0.05215409983123781
1844,,,,guo_icu,guo_icu,clinicalbert_type1_mean_pool,rf,3,128,brier,0.23300094985952222
1845,,,,guo_icu,guo_icu,clinicalbert_type1_mean_pool,rf,4,128,auroc,0.6291375361620057
1846,,,,guo_icu,guo_icu,clinicalbert_type1_mean_pool,rf,4,128,auprc,0.057476029654807685
1847,,,,guo_icu,guo_icu,clinicalbert_type1_mean_pool,rf,4,128,brier,0.21102321496754484
1848,,,,guo_icu,guo_icu,clinicalbert_type1_clinicalbert_pool,lr_lbfgs,0,-1,auroc,0.6862343297974928
1849,,,,guo_icu,guo_icu,clinicalbert_type1_clinicalbert_pool,lr_lbfgs,0,-1,auprc,0.0887503503202451
1850,,,,guo_icu,guo_icu,clinicalbert_type1_clinicalbert_pool,lr_lbfgs,0,-1,brier,0.041284246668050216
1851,,,,guo_icu,guo_icu,clinicalbert_type1_clinicalbert_pool,lr_lbfgs,0,1,auroc,0.5420142237222758
1852,,,,guo_icu,guo_icu,clinicalbert_type1_clinicalbert_pool,lr_lbfgs,0,1,auprc,0.0467089972707786
1853,,,,guo_icu,guo_icu,clinicalbert_type1_clinicalbert_pool,lr_lbfgs,0,1,brier,0.2500011185020923
1854,,,,guo_icu,guo_icu,clinicalbert_type1_clinicalbert_pool,lr_lbfgs,1,1,auroc,0.4792671166827387
1855,,,,guo_icu,guo_icu,clinicalbert_type1_clinicalbert_pool,lr_lbfgs,1,1,auprc,0.039531040293446944
1856,,,,guo_icu,guo_icu,clinicalbert_type1_clinicalbert_pool,lr_lbfgs,1,1,brier,0.25000004131332654
1857,,,,guo_icu,guo_icu,clinicalbert_type1_clinicalbert_pool,lr_lbfgs,2,1,auroc,0.5478423336547733
1858,,,,guo_icu,guo_icu,clinicalbert_type1_clinicalbert_pool,lr_lbfgs,2,1,auprc,0.04978510587860678
1859,,,,guo_icu,guo_icu,clinicalbert_type1_clinicalbert_pool,lr_lbfgs,2,1,brier,0.24999763590510327
1860,,,,guo_icu,guo_icu,clinicalbert_type1_clinicalbert_pool,lr_lbfgs,3,1,auroc,0.5801771938283511
1861,,,,guo_icu,guo_icu,clinicalbert_type1_clinicalbert_pool,lr_lbfgs,3,1,auprc,0.052260579962706694
1862,,,,guo_icu,guo_icu,clinicalbert_type1_clinicalbert_pool,lr_lbfgs,3,1,brier,0.24999724212283006
1863,,,,guo_icu,guo_icu,clinicalbert_type1_clinicalbert_pool,lr_lbfgs,4,1,auroc,0.5805629218900675
1864,,,,guo_icu,guo_icu,clinicalbert_type1_clinicalbert_pool,lr_lbfgs,4,1,auprc,0.059231270422550865
1865,,,,guo_icu,guo_icu,clinicalbert_type1_clinicalbert_pool,lr_lbfgs,4,1,brier,0.2499977786641987
1866,,,,guo_icu,guo_icu,clinicalbert_type1_clinicalbert_pool,lr_lbfgs,0,2,auroc,0.5388500482160077
1867,,,,guo_icu,guo_icu,clinicalbert_type1_clinicalbert_pool,lr_lbfgs,0,2,auprc,0.04604122785598088
1868,,,,guo_icu,guo_icu,clinicalbert_type1_clinicalbert_pool,lr_lbfgs,0,2,brier,0.2500005085573671
1869,,,,guo_icu,guo_icu,clinicalbert_type1_clinicalbert_pool,lr_lbfgs,1,2,auroc,0.4665380906460945
1870,,,,guo_icu,guo_icu,clinicalbert_type1_clinicalbert_pool,lr_lbfgs,1,2,auprc,0.03931161898458858
1871,,,,guo_icu,guo_icu,clinicalbert_type1_clinicalbert_pool,lr_lbfgs,1,2,brier,0.24999939153156917
1872,,,,guo_icu,guo_icu,clinicalbert_type1_clinicalbert_pool,lr_lbfgs,2,2,auroc,0.5223782545805207
1873,,,,guo_icu,guo_icu,clinicalbert_type1_clinicalbert_pool,lr_lbfgs,2,2,auprc,0.045811826984732976
1874,,,,guo_icu,guo_icu,clinicalbert_type1_clinicalbert_pool,lr_lbfgs,2,2,brier,0.25000057863740227
1875,,,,guo_icu,guo_icu,clinicalbert_type1_clinicalbert_pool,lr_lbfgs,3,2,auroc,0.5580460462873674
1876,,,,guo_icu,guo_icu,clinicalbert_type1_clinicalbert_pool,lr_lbfgs,3,2,auprc,0.04705835903994207
1877,,,,guo_icu,guo_icu,clinicalbert_type1_clinicalbert_pool,lr_lbfgs,3,2,brier,0.24999804664018566
1878,,,,guo_icu,guo_icu,clinicalbert_type1_clinicalbert_pool,lr_lbfgs,4,2,auroc,0.5796046287367406
1879,,,,guo_icu,guo_icu,clinicalbert_type1_clinicalbert_pool,lr_lbfgs,4,2,auprc,0.054091586951696774
1880,,,,guo_icu,guo_icu,clinicalbert_type1_clinicalbert_pool,lr_lbfgs,4,2,brier,0.25000063360046243
1881,,,,guo_icu,guo_icu,clinicalbert_type1_clinicalbert_pool,lr_lbfgs,0,4,auroc,0.5803760848601736
1882,,,,guo_icu,guo_icu,clinicalbert_type1_clinicalbert_pool,lr_lbfgs,0,4,auprc,0.05612831432901877
1883,,,,guo_icu,guo_icu,clinicalbert_type1_clinicalbert_pool,lr_lbfgs,0,4,brier,0.3012506172047127
1884,,,,guo_icu,guo_icu,clinicalbert_type1_clinicalbert_pool,lr_lbfgs,1,4,auroc,0.4850470106075217
1885,,,,guo_icu,guo_icu,clinicalbert_type1_clinicalbert_pool,lr_lbfgs,1,4,auprc,0.04091406649406078
1886,,,,guo_icu,guo_icu,clinicalbert_type1_clinicalbert_pool,lr_lbfgs,1,4,brier,0.6301240286575974
1887,,,,guo_icu,guo_icu,clinicalbert_type1_clinicalbert_pool,lr_lbfgs,2,4,auroc,0.5886752651880425
1888,,,,guo_icu,guo_icu,clinicalbert_type1_clinicalbert_pool,lr_lbfgs,2,4,auprc,0.0626016019946398
1889,,,,guo_icu,guo_icu,clinicalbert_type1_clinicalbert_pool,lr_lbfgs,2,4,brier,0.24999879550741252
1890,,,,guo_icu,guo_icu,clinicalbert_type1_clinicalbert_pool,lr_lbfgs,3,4,auroc,0.5739754098360655
1891,,,,guo_icu,guo_icu,clinicalbert_type1_clinicalbert_pool,lr_lbfgs,3,4,auprc,0.05535100801037303
1892,,,,guo_icu,guo_icu,clinicalbert_type1_clinicalbert_pool,lr_lbfgs,3,4,brier,0.4850323997637044
1893,,,,guo_icu,guo_icu,clinicalbert_type1_clinicalbert_pool,lr_lbfgs,4,4,auroc,0.5983184667309547
1894,,,,guo_icu,guo_icu,clinicalbert_type1_clinicalbert_pool,lr_lbfgs,4,4,auprc,0.05769753409420529
1895,,,,guo_icu,guo_icu,clinicalbert_type1_clinicalbert_pool,lr_lbfgs,4,4,brier,0.2500007871293018
1896,,,,guo_icu,guo_icu,clinicalbert_type1_clinicalbert_pool,lr_lbfgs,0,8,auroc,0.535203712632594
1897,,,,guo_icu,guo_icu,clinicalbert_type1_clinicalbert_pool,lr_lbfgs,0,8,auprc,0.04668445416157233
1898,,,,guo_icu,guo_icu,clinicalbert_type1_clinicalbert_pool,lr_lbfgs,0,8,brier,0.332484720075621
1899,,,,guo_icu,guo_icu,clinicalbert_type1_clinicalbert_pool,lr_lbfgs,1,8,auroc,0.4938162970106075
1900,,,,guo_icu,guo_icu,clinicalbert_type1_clinicalbert_pool,lr_lbfgs,1,8,auprc,0.047108731919206635
1901,,,,guo_icu,guo_icu,clinicalbert_type1_clinicalbert_pool,lr_lbfgs,1,8,brier,0.34586143483457465
1902,,,,guo_icu,guo_icu,clinicalbert_type1_clinicalbert_pool,lr_lbfgs,2,8,auroc,0.522137174541948
1903,,,,guo_icu,guo_icu,clinicalbert_type1_clinicalbert_pool,lr_lbfgs,2,8,auprc,0.04941604843018742
1904,,,,guo_icu,guo_icu,clinicalbert_type1_clinicalbert_pool,lr_lbfgs,2,8,brier,0.29980838225606743
1905,,,,guo_icu,guo_icu,clinicalbert_type1_clinicalbert_pool,lr_lbfgs,3,8,auroc,0.5819792671166828
1906,,,,guo_icu,guo_icu,clinicalbert_type1_clinicalbert_pool,lr_lbfgs,3,8,auprc,0.0529709345319677
1907,,,,guo_icu,guo_icu,clinicalbert_type1_clinicalbert_pool,lr_lbfgs,3,8,brier,0.2580261565915293
1908,,,,guo_icu,guo_icu,clinicalbert_type1_clinicalbert_pool,lr_lbfgs,4,8,auroc,0.6099987945998071
1909,,,,guo_icu,guo_icu,clinicalbert_type1_clinicalbert_pool,lr_lbfgs,4,8,auprc,0.05859448626935516
1910,,,,guo_icu,guo_icu,clinicalbert_type1_clinicalbert_pool,lr_lbfgs,4,8,brier,0.24999890788469492
1911,,,,guo_icu,guo_icu,clinicalbert_type1_clinicalbert_pool,lr_lbfgs,0,12,auroc,0.5798336547733848
1912,,,,guo_icu,guo_icu,clinicalbert_type1_clinicalbert_pool,lr_lbfgs,0,12,auprc,0.07206118000692477
1913,,,,guo_icu,guo_icu,clinicalbert_type1_clinicalbert_pool,lr_lbfgs,0,12,brier,0.25122669301363587
1914,,,,guo_icu,guo_icu,clinicalbert_type1_clinicalbert_pool,lr_lbfgs,1,12,auroc,0.5423878977820636
1915,,,,guo_icu,guo_icu,clinicalbert_type1_clinicalbert_pool,lr_lbfgs,1,12,auprc,0.04821834133601238
1916,,,,guo_icu,guo_icu,clinicalbert_type1_clinicalbert_pool,lr_lbfgs,1,12,brier,0.49080628515778124
1917,,,,guo_icu,guo_icu,clinicalbert_type1_clinicalbert_pool,lr_lbfgs,2,12,auroc,0.5685450819672131
1918,,,,guo_icu,guo_icu,clinicalbert_type1_clinicalbert_pool,lr_lbfgs,2,12,auprc,0.052060928316821596
1919,,,,guo_icu,guo_icu,clinicalbert_type1_clinicalbert_pool,lr_lbfgs,2,12,brier,0.24999968491136496
1920,,,,guo_icu,guo_icu,clinicalbert_type1_clinicalbert_pool,lr_lbfgs,3,12,auroc,0.5864513018322084
1921,,,,guo_icu,guo_icu,clinicalbert_type1_clinicalbert_pool,lr_lbfgs,3,12,auprc,0.050995739660472536
1922,,,,guo_icu,guo_icu,clinicalbert_type1_clinicalbert_pool,lr_lbfgs,3,12,brier,0.25000110450341373
1923,,,,guo_icu,guo_icu,clinicalbert_type1_clinicalbert_pool,lr_lbfgs,4,12,auroc,0.6025253134040501
1924,,,,guo_icu,guo_icu,clinicalbert_type1_clinicalbert_pool,lr_lbfgs,4,12,auprc,0.055394956447518136
1925,,,,guo_icu,guo_icu,clinicalbert_type1_clinicalbert_pool,lr_lbfgs,4,12,brier,0.2499981957959058
1926,,,,guo_icu,guo_icu,clinicalbert_type1_clinicalbert_pool,lr_lbfgs,0,16,auroc,0.5687379459980714
1927,,,,guo_icu,guo_icu,clinicalbert_type1_clinicalbert_pool,lr_lbfgs,0,16,auprc,0.05254513677303811
1928,,,,guo_icu,guo_icu,clinicalbert_type1_clinicalbert_pool,lr_lbfgs,0,16,brier,0.4722958112717954
1929,,,,guo_icu,guo_icu,clinicalbert_type1_clinicalbert_pool,lr_lbfgs,1,16,auroc,0.5674602217936354
1930,,,,guo_icu,guo_icu,clinicalbert_type1_clinicalbert_pool,lr_lbfgs,1,16,auprc,0.046298325999900074
1931,,,,guo_icu,guo_icu,clinicalbert_type1_clinicalbert_pool,lr_lbfgs,1,16,brier,0.2500030040020812
1932,,,,guo_icu,guo_icu,clinicalbert_type1_clinicalbert_pool,lr_lbfgs,2,16,auroc,0.5618731918997106
1933,,,,guo_icu,guo_icu,clinicalbert_type1_clinicalbert_pool,lr_lbfgs,2,16,auprc,0.05055266744743256
1934,,,,guo_icu,guo_icu,clinicalbert_type1_clinicalbert_pool,lr_lbfgs,2,16,brier,0.26306456046742305
1935,,,,guo_icu,guo_icu,clinicalbert_type1_clinicalbert_pool,lr_lbfgs,3,16,auroc,0.5576151157184185
1936,,,,guo_icu,guo_icu,clinicalbert_type1_clinicalbert_pool,lr_lbfgs,3,16,auprc,0.05158206401124704
1937,,,,guo_icu,guo_icu,clinicalbert_type1_clinicalbert_pool,lr_lbfgs,3,16,brier,0.5262746253020597
1938,,,,guo_icu,guo_icu,clinicalbert_type1_clinicalbert_pool,lr_lbfgs,4,16,auroc,0.5858847637415623
1939,,,,guo_icu,guo_icu,clinicalbert_type1_clinicalbert_pool,lr_lbfgs,4,16,auprc,0.0535152208671968
1940,,,,guo_icu,guo_icu,clinicalbert_type1_clinicalbert_pool,lr_lbfgs,4,16,brier,0.24999836726842428
1941,,,,guo_icu,guo_icu,clinicalbert_type1_clinicalbert_pool,lr_lbfgs,0,24,auroc,0.5548276277724205
1942,,,,guo_icu,guo_icu,clinicalbert_type1_clinicalbert_pool,lr_lbfgs,0,24,auprc,0.054640029302454096
1943,,,,guo_icu,guo_icu,clinicalbert_type1_clinicalbert_pool,lr_lbfgs,0,24,brier,0.24902077380009593
1944,,,,guo_icu,guo_icu,clinicalbert_type1_clinicalbert_pool,lr_lbfgs,1,24,auroc,0.574885486981678
1945,,,,guo_icu,guo_icu,clinicalbert_type1_clinicalbert_pool,lr_lbfgs,1,24,auprc,0.04754346165377499
1946,,,,guo_icu,guo_icu,clinicalbert_type1_clinicalbert_pool,lr_lbfgs,1,24,brier,0.2493619337509365
1947,,,,guo_icu,guo_icu,clinicalbert_type1_clinicalbert_pool,lr_lbfgs,2,24,auroc,0.6015790742526519
1948,,,,guo_icu,guo_icu,clinicalbert_type1_clinicalbert_pool,lr_lbfgs,2,24,auprc,0.056201677493340034
1949,,,,guo_icu,guo_icu,clinicalbert_type1_clinicalbert_pool,lr_lbfgs,2,24,brier,0.37970993299886885
1950,,,,guo_icu,guo_icu,clinicalbert_type1_clinicalbert_pool,lr_lbfgs,3,24,auroc,0.5538512536162006
1951,,,,guo_icu,guo_icu,clinicalbert_type1_clinicalbert_pool,lr_lbfgs,3,24,auprc,0.05472395836498742
1952,,,,guo_icu,guo_icu,clinicalbert_type1_clinicalbert_pool,lr_lbfgs,3,24,brier,0.2892637993318865
1953,,,,guo_icu,guo_icu,clinicalbert_type1_clinicalbert_pool,lr_lbfgs,4,24,auroc,0.60177193828351
1954,,,,guo_icu,guo_icu,clinicalbert_type1_clinicalbert_pool,lr_lbfgs,4,24,auprc,0.05798103652133934
1955,,,,guo_icu,guo_icu,clinicalbert_type1_clinicalbert_pool,lr_lbfgs,4,24,brier,0.24999847551658622
1956,,,,guo_icu,guo_icu,clinicalbert_type1_clinicalbert_pool,lr_lbfgs,0,32,auroc,0.5918876567020251
1957,,,,guo_icu,guo_icu,clinicalbert_type1_clinicalbert_pool,lr_lbfgs,0,32,auprc,0.07021284330424923
1958,,,,guo_icu,guo_icu,clinicalbert_type1_clinicalbert_pool,lr_lbfgs,0,32,brier,0.28851294873349403
1959,,,,guo_icu,guo_icu,clinicalbert_type1_clinicalbert_pool,lr_lbfgs,1,32,auroc,0.6094443105110896
1960,,,,guo_icu,guo_icu,clinicalbert_type1_clinicalbert_pool,lr_lbfgs,1,32,auprc,0.05979822334160989
1961,,,,guo_icu,guo_icu,clinicalbert_type1_clinicalbert_pool,lr_lbfgs,1,32,brier,0.4075982906790628
1962,,,,guo_icu,guo_icu,clinicalbert_type1_clinicalbert_pool,lr_lbfgs,2,32,auroc,0.5925144648023144
1963,,,,guo_icu,guo_icu,clinicalbert_type1_clinicalbert_pool,lr_lbfgs,2,32,auprc,0.057894378036339775
1964,,,,guo_icu,guo_icu,clinicalbert_type1_clinicalbert_pool,lr_lbfgs,2,32,brier,0.2413245050683793
1965,,,,guo_icu,guo_icu,clinicalbert_type1_clinicalbert_pool,lr_lbfgs,3,32,auroc,0.5036523625843781
1966,,,,guo_icu,guo_icu,clinicalbert_type1_clinicalbert_pool,lr_lbfgs,3,32,auprc,0.04244125760516908
1967,,,,guo_icu,guo_icu,clinicalbert_type1_clinicalbert_pool,lr_lbfgs,3,32,brier,0.4049081590317684
1968,,,,guo_icu,guo_icu,clinicalbert_type1_clinicalbert_pool,lr_lbfgs,4,32,auroc,0.6028025554484089
1969,,,,guo_icu,guo_icu,clinicalbert_type1_clinicalbert_pool,lr_lbfgs,4,32,auprc,0.05716053013637993
1970,,,,guo_icu,guo_icu,clinicalbert_type1_clinicalbert_pool,lr_lbfgs,4,32,brier,0.24979543246811084
1971,,,,guo_icu,guo_icu,clinicalbert_type1_clinicalbert_pool,lr_lbfgs,0,48,auroc,0.5810330279652844
1972,,,,guo_icu,guo_icu,clinicalbert_type1_clinicalbert_pool,lr_lbfgs,0,48,auprc,0.0500787555252151
1973,,,,guo_icu,guo_icu,clinicalbert_type1_clinicalbert_pool,lr_lbfgs,0,48,brier,0.24986640698094387
1974,,,,guo_icu,guo_icu,clinicalbert_type1_clinicalbert_pool,lr_lbfgs,1,48,auroc,0.5633739151398264
1975,,,,guo_icu,guo_icu,clinicalbert_type1_clinicalbert_pool,lr_lbfgs,1,48,auprc,0.04780313908603609
1976,,,,guo_icu,guo_icu,clinicalbert_type1_clinicalbert_pool,lr_lbfgs,1,48,brier,0.217021585904954
1977,,,,guo_icu,guo_icu,clinicalbert_type1_clinicalbert_pool,lr_lbfgs,2,48,auroc,0.6036644165863067
1978,,,,guo_icu,guo_icu,clinicalbert_type1_clinicalbert_pool,lr_lbfgs,2,48,auprc,0.05418358897244496
1979,,,,guo_icu,guo_icu,clinicalbert_type1_clinicalbert_pool,lr_lbfgs,2,48,brier,0.270028662886475
1980,,,,guo_icu,guo_icu,clinicalbert_type1_clinicalbert_pool,lr_lbfgs,3,48,auroc,0.5438223240115718
1981,,,,guo_icu,guo_icu,clinicalbert_type1_clinicalbert_pool,lr_lbfgs,3,48,auprc,0.051918336590490444
1982,,,,guo_icu,guo_icu,clinicalbert_type1_clinicalbert_pool,lr_lbfgs,3,48,brier,0.260168427600387
1983,,,,guo_icu,guo_icu,clinicalbert_type1_clinicalbert_pool,lr_lbfgs,4,48,auroc,0.5983184667309547
1984,,,,guo_icu,guo_icu,clinicalbert_type1_clinicalbert_pool,lr_lbfgs,4,48,auprc,0.05531340759165575
1985,,,,guo_icu,guo_icu,clinicalbert_type1_clinicalbert_pool,lr_lbfgs,4,48,brier,0.24999588413679663
1986,,,,guo_icu,guo_icu,clinicalbert_type1_clinicalbert_pool,lr_lbfgs,0,64,auroc,0.6690182015429122
1987,,,,guo_icu,guo_icu,clinicalbert_type1_clinicalbert_pool,lr_lbfgs,0,64,auprc,0.08396896162987608
1988,,,,guo_icu,guo_icu,clinicalbert_type1_clinicalbert_pool,lr_lbfgs,0,64,brier,0.4681671174327609
1989,,,,guo_icu,guo_icu,clinicalbert_type1_clinicalbert_pool,lr_lbfgs,1,64,auroc,0.5877471070395371
1990,,,,guo_icu,guo_icu,clinicalbert_type1_clinicalbert_pool,lr_lbfgs,1,64,auprc,0.05776240802216669
1991,,,,guo_icu,guo_icu,clinicalbert_type1_clinicalbert_pool,lr_lbfgs,1,64,brier,0.22966948416260635
1992,,,,guo_icu,guo_icu,clinicalbert_type1_clinicalbert_pool,lr_lbfgs,2,64,auroc,0.6188886210221793
1993,,,,guo_icu,guo_icu,clinicalbert_type1_clinicalbert_pool,lr_lbfgs,2,64,auprc,0.060858390133925126
1994,,,,guo_icu,guo_icu,clinicalbert_type1_clinicalbert_pool,lr_lbfgs,2,64,brier,0.28142561939583327
1995,,,,guo_icu,guo_icu,clinicalbert_type1_clinicalbert_pool,lr_lbfgs,3,64,auroc,0.5964199614271939
1996,,,,guo_icu,guo_icu,clinicalbert_type1_clinicalbert_pool,lr_lbfgs,3,64,auprc,0.056606284606867605
1997,,,,guo_icu,guo_icu,clinicalbert_type1_clinicalbert_pool,lr_lbfgs,3,64,brier,0.31902792380278866
1998,,,,guo_icu,guo_icu,clinicalbert_type1_clinicalbert_pool,lr_lbfgs,4,64,auroc,0.5890609932497589
1999,,,,guo_icu,guo_icu,clinicalbert_type1_clinicalbert_pool,lr_lbfgs,4,64,auprc,0.05198921465805986
2000,,,,guo_icu,guo_icu,clinicalbert_type1_clinicalbert_pool,lr_lbfgs,4,64,brier,0.24999754482796605
2001,,,,guo_icu,guo_icu,clinicalbert_type1_clinicalbert_pool,lr_lbfgs,0,128,auroc,0.7154954194792671
2002,,,,guo_icu,guo_icu,clinicalbert_type1_clinicalbert_pool,lr_lbfgs,0,128,auprc,0.08882357488494248
2003,,,,guo_icu,guo_icu,clinicalbert_type1_clinicalbert_pool,lr_lbfgs,0,128,brier,0.33640733553595586
2004,,,,guo_icu,guo_icu,clinicalbert_type1_clinicalbert_pool,lr_lbfgs,1,128,auroc,0.6323288331726133
2005,,,,guo_icu,guo_icu,clinicalbert_type1_clinicalbert_pool,lr_lbfgs,1,128,auprc,0.06173962653108956
2006,,,,guo_icu,guo_icu,clinicalbert_type1_clinicalbert_pool,lr_lbfgs,1,128,brier,0.3068447407386554
2007,,,,guo_icu,guo_icu,clinicalbert_type1_clinicalbert_pool,lr_lbfgs,2,128,auroc,0.5851193346190935
2008,,,,guo_icu,guo_icu,clinicalbert_type1_clinicalbert_pool,lr_lbfgs,2,128,auprc,0.05241062283060359
2009,,,,guo_icu,guo_icu,clinicalbert_type1_clinicalbert_pool,lr_lbfgs,2,128,brier,0.38128960855673055
2010,,,,guo_icu,guo_icu,clinicalbert_type1_clinicalbert_pool,lr_lbfgs,3,128,auroc,0.6411583895853423
2011,,,,guo_icu,guo_icu,clinicalbert_type1_clinicalbert_pool,lr_lbfgs,3,128,auprc,0.07050483396953768
2012,,,,guo_icu,guo_icu,clinicalbert_type1_clinicalbert_pool,lr_lbfgs,3,128,brier,0.24482224370840527
2013,,,,guo_icu,guo_icu,clinicalbert_type1_clinicalbert_pool,lr_lbfgs,4,128,auroc,0.661029411764706
2014,,,,guo_icu,guo_icu,clinicalbert_type1_clinicalbert_pool,lr_lbfgs,4,128,auprc,0.06649072492199484
2015,,,,guo_icu,guo_icu,clinicalbert_type1_clinicalbert_pool,lr_lbfgs,4,128,brier,0.2279890459460168
2016,,,,guo_icu,guo_icu,clinicalbert_type1_clinicalbert_pool,knn,0,-1,auroc,0.5004761330761812
2017,,,,guo_icu,guo_icu,clinicalbert_type1_clinicalbert_pool,knn,0,-1,auprc,0.0462461066907292
2018,,,,guo_icu,guo_icu,clinicalbert_type1_clinicalbert_pool,knn,0,-1,brier,0.05823646261654872
2019,,,,guo_icu,guo_icu,clinicalbert_type1_clinicalbert_pool,knn,0,1,auroc,0.5301410318225651
2020,,,,guo_icu,guo_icu,clinicalbert_type1_clinicalbert_pool,knn,0,1,auprc,0.0443322639179045
2021,,,,guo_icu,guo_icu,clinicalbert_type1_clinicalbert_pool,knn,0,1,brier,0.6956308296514482
2022,,,,guo_icu,guo_icu,clinicalbert_type1_clinicalbert_pool,knn,1,1,auroc,0.48734329797492765
2023,,,,guo_icu,guo_icu,clinicalbert_type1_clinicalbert_pool,knn,1,1,auprc,0.040765447072299704
2024,,,,guo_icu,guo_icu,clinicalbert_type1_clinicalbert_pool,knn,1,1,brier,0.49729995090819834
2025,,,,guo_icu,guo_icu,clinicalbert_type1_clinicalbert_pool,knn,2,1,auroc,0.5316266875602701
2026,,,,guo_icu,guo_icu,clinicalbert_type1_clinicalbert_pool,knn,2,1,auprc,0.0455806121155434
2027,,,,guo_icu,guo_icu,clinicalbert_type1_clinicalbert_pool,knn,2,1,brier,0.14285714285714285
2028,,,,guo_icu,guo_icu,clinicalbert_type1_clinicalbert_pool,knn,3,1,auroc,0.5379580520732883
2029,,,,guo_icu,guo_icu,clinicalbert_type1_clinicalbert_pool,knn,3,1,auprc,0.04587991805660383
2030,,,,guo_icu,guo_icu,clinicalbert_type1_clinicalbert_pool,knn,3,1,brier,0.21698576337751596
2031,,,,guo_icu,guo_icu,clinicalbert_type1_clinicalbert_pool,knn,4,1,auroc,0.563931412729026
2032,,,,guo_icu,guo_icu,clinicalbert_type1_clinicalbert_pool,knn,4,1,auprc,0.048640717537796675
2033,,,,guo_icu,guo_icu,clinicalbert_type1_clinicalbert_pool,knn,4,1,brier,0.35051546391752575
2034,,,,guo_icu,guo_icu,clinicalbert_type1_clinicalbert_pool,knn,0,2,auroc,0.5287035920925747
2035,,,,guo_icu,guo_icu,clinicalbert_type1_clinicalbert_pool,knn,0,2,auprc,0.044236856665013036
2036,,,,guo_icu,guo_icu,clinicalbert_type1_clinicalbert_pool,knn,0,2,brier,0.5797741777123221
2037,,,,guo_icu,guo_icu,clinicalbert_type1_clinicalbert_pool,knn,1,2,auroc,0.4684697444551591
2038,,,,guo_icu,guo_icu,clinicalbert_type1_clinicalbert_pool,knn,1,2,auprc,0.039564864301950387
2039,,,,guo_icu,guo_icu,clinicalbert_type1_clinicalbert_pool,knn,1,2,brier,0.436426116838488
2040,,,,guo_icu,guo_icu,clinicalbert_type1_clinicalbert_pool,knn,2,2,auroc,0.5202205882352942
2041,,,,guo_icu,guo_icu,clinicalbert_type1_clinicalbert_pool,knn,2,2,auprc,0.045187082842713444
2042,,,,guo_icu,guo_icu,clinicalbert_type1_clinicalbert_pool,knn,2,2,brier,0.3077319084048974
2043,,,,guo_icu,guo_icu,clinicalbert_type1_clinicalbert_pool,knn,3,2,auroc,0.5319400916104147
2044,,,,guo_icu,guo_icu,clinicalbert_type1_clinicalbert_pool,knn,3,2,auprc,0.0447003933483451
2045,,,,guo_icu,guo_icu,clinicalbert_type1_clinicalbert_pool,knn,3,2,brier,0.3794796269023073
2046,,,,guo_icu,guo_icu,clinicalbert_type1_clinicalbert_pool,knn,4,2,auroc,0.5564338235294117
2047,,,,guo_icu,guo_icu,clinicalbert_type1_clinicalbert_pool,knn,4,2,auprc,0.046862322847579185
2048,,,,guo_icu,guo_icu,clinicalbert_type1_clinicalbert_pool,knn,4,2,brier,0.36213385697921785
2049,,,,guo_icu,guo_icu,clinicalbert_type1_clinicalbert_pool,knn,0,4,auroc,0.5738458293153328
2050,,,,guo_icu,guo_icu,clinicalbert_type1_clinicalbert_pool,knn,0,4,auprc,0.050362812062197254
2051,,,,guo_icu,guo_icu,clinicalbert_type1_clinicalbert_pool,knn,0,4,brier,0.5102274586810669
2052,,,,guo_icu,guo_icu,clinicalbert_type1_clinicalbert_pool,knn,1,4,auroc,0.5228935631629701
2053,,,,guo_icu,guo_icu,clinicalbert_type1_clinicalbert_pool,knn,1,4,auprc,0.043720449883986726
2054,,,,guo_icu,guo_icu,clinicalbert_type1_clinicalbert_pool,knn,1,4,brier,0.49386352479135986
2055,,,,guo_icu,guo_icu,clinicalbert_type1_clinicalbert_pool,knn,2,4,auroc,0.5789024831243972
2056,,,,guo_icu,guo_icu,clinicalbert_type1_clinicalbert_pool,knn,2,4,auprc,0.05903435897016484
2057,,,,guo_icu,guo_icu,clinicalbert_type1_clinicalbert_pool,knn,2,4,brier,0.2788979670519198
2058,,,,guo_icu,guo_icu,clinicalbert_type1_clinicalbert_pool,knn,3,4,auroc,0.5776880424300868
2059,,,,guo_icu,guo_icu,clinicalbert_type1_clinicalbert_pool,knn,3,4,auprc,0.055612041401145514
2060,,,,guo_icu,guo_icu,clinicalbert_type1_clinicalbert_pool,knn,3,4,brier,0.26417139949748075
2061,,,,guo_icu,guo_icu,clinicalbert_type1_clinicalbert_pool,knn,4,4,auroc,0.5522058823529412
2062,,,,guo_icu,guo_icu,clinicalbert_type1_clinicalbert_pool,knn,4,4,auprc,0.04656687835563323
2063,,,,guo_icu,guo_icu,clinicalbert_type1_clinicalbert_pool,knn,4,4,brier,0.6102110947471773
2064,,,,guo_icu,guo_icu,clinicalbert_type1_clinicalbert_pool,knn,0,8,auroc,0.5556442864030858
2065,,,,guo_icu,guo_icu,clinicalbert_type1_clinicalbert_pool,knn,0,8,auprc,0.047163542109047024
2066,,,,guo_icu,guo_icu,clinicalbert_type1_clinicalbert_pool,knn,0,8,brier,0.4742268041237113
2067,,,,guo_icu,guo_icu,clinicalbert_type1_clinicalbert_pool,knn,1,8,auroc,0.4748915139826422
2068,,,,guo_icu,guo_icu,clinicalbert_type1_clinicalbert_pool,knn,1,8,auprc,0.0410208734439663
2069,,,,guo_icu,guo_icu,clinicalbert_type1_clinicalbert_pool,knn,1,8,brier,0.3723885888834343
2070,,,,guo_icu,guo_icu,clinicalbert_type1_clinicalbert_pool,knn,2,8,auroc,0.5444822806171649
2071,,,,guo_icu,guo_icu,clinicalbert_type1_clinicalbert_pool,knn,2,8,auprc,0.04612366957162084
2072,,,,guo_icu,guo_icu,clinicalbert_type1_clinicalbert_pool,knn,2,8,brier,0.36622484045164455
2073,,,,guo_icu,guo_icu,clinicalbert_type1_clinicalbert_pool,knn,3,8,auroc,0.5595889585342333
2074,,,,guo_icu,guo_icu,clinicalbert_type1_clinicalbert_pool,knn,3,8,auprc,0.04730102882038527
2075,,,,guo_icu,guo_icu,clinicalbert_type1_clinicalbert_pool,knn,3,8,brier,0.6499754540991655
2076,,,,guo_icu,guo_icu,clinicalbert_type1_clinicalbert_pool,knn,4,8,auroc,0.5713807859209258
2077,,,,guo_icu,guo_icu,clinicalbert_type1_clinicalbert_pool,knn,4,8,auprc,0.049856292825779504
2078,,,,guo_icu,guo_icu,clinicalbert_type1_clinicalbert_pool,knn,4,8,brier,0.43923416789396186
2079,,,,guo_icu,guo_icu,clinicalbert_type1_clinicalbert_pool,knn,0,12,auroc,0.5913241321118612
2080,,,,guo_icu,guo_icu,clinicalbert_type1_clinicalbert_pool,knn,0,12,auprc,0.057600636267045216
2081,,,,guo_icu,guo_icu,clinicalbert_type1_clinicalbert_pool,knn,0,12,brier,0.24404946908051442
2082,,,,guo_icu,guo_icu,clinicalbert_type1_clinicalbert_pool,knn,1,12,auroc,0.5704013982642238
2083,,,,guo_icu,guo_icu,clinicalbert_type1_clinicalbert_pool,knn,1,12,auprc,0.04866195707475532
2084,,,,guo_icu,guo_icu,clinicalbert_type1_clinicalbert_pool,knn,1,12,brier,0.5645557191948944
2085,,,,guo_icu,guo_icu,clinicalbert_type1_clinicalbert_pool,knn,2,12,auroc,0.5588265429122469
2086,,,,guo_icu,guo_icu,clinicalbert_type1_clinicalbert_pool,knn,2,12,auprc,0.04801916043223685
2087,,,,guo_icu,guo_icu,clinicalbert_type1_clinicalbert_pool,knn,2,12,brier,0.3387334315169367
2088,,,,guo_icu,guo_icu,clinicalbert_type1_clinicalbert_pool,knn,3,12,auroc,0.6053158148505304
2089,,,,guo_icu,guo_icu,clinicalbert_type1_clinicalbert_pool,knn,3,12,auprc,0.05394811211922734
2090,,,,guo_icu,guo_icu,clinicalbert_type1_clinicalbert_pool,knn,3,12,brier,0.42753504609174714
2091,,,,guo_icu,guo_icu,clinicalbert_type1_clinicalbert_pool,knn,4,12,auroc,0.5622438524590164
2092,,,,guo_icu,guo_icu,clinicalbert_type1_clinicalbert_pool,knn,4,12,auprc,0.047598809723968113
2093,,,,guo_icu,guo_icu,clinicalbert_type1_clinicalbert_pool,knn,4,12,brier,0.4837178857797415
2094,,,,guo_icu,guo_icu,clinicalbert_type1_clinicalbert_pool,knn,0,16,auroc,0.6000843780135005
2095,,,,guo_icu,guo_icu,clinicalbert_type1_clinicalbert_pool,knn,0,16,auprc,0.055692892281739875
2096,,,,guo_icu,guo_icu,clinicalbert_type1_clinicalbert_pool,knn,0,16,brier,0.29667578758501933
2097,,,,guo_icu,guo_icu,clinicalbert_type1_clinicalbert_pool,knn,1,16,auroc,0.598002049180328
2098,,,,guo_icu,guo_icu,clinicalbert_type1_clinicalbert_pool,knn,1,16,auprc,0.051970305562018454
2099,,,,guo_icu,guo_icu,clinicalbert_type1_clinicalbert_pool,knn,1,16,brier,0.5871379479626903
2100,,,,guo_icu,guo_icu,clinicalbert_type1_clinicalbert_pool,knn,2,16,auroc,0.5957539778206365
2101,,,,guo_icu,guo_icu,clinicalbert_type1_clinicalbert_pool,knn,2,16,auprc,0.05937109289290791
2102,,,,guo_icu,guo_icu,clinicalbert_type1_clinicalbert_pool,knn,2,16,brier,0.24074410518087602
2103,,,,guo_icu,guo_icu,clinicalbert_type1_clinicalbert_pool,knn,3,16,auroc,0.5714199614271938
2104,,,,guo_icu,guo_icu,clinicalbert_type1_clinicalbert_pool,knn,3,16,auprc,0.04911712607743664
2105,,,,guo_icu,guo_icu,clinicalbert_type1_clinicalbert_pool,knn,3,16,brier,0.37359190186727076
2106,,,,guo_icu,guo_icu,clinicalbert_type1_clinicalbert_pool,knn,4,16,auroc,0.5471492285438766
2107,,,,guo_icu,guo_icu,clinicalbert_type1_clinicalbert_pool,knn,4,16,auprc,0.046179184880296355
2108,,,,guo_icu,guo_icu,clinicalbert_type1_clinicalbert_pool,knn,4,16,brier,0.43674030436917044
2109,,,,guo_icu,guo_icu,clinicalbert_type1_clinicalbert_pool,knn,0,24,auroc,0.5709980713596915
2110,,,,guo_icu,guo_icu,clinicalbert_type1_clinicalbert_pool,knn,0,24,auprc,0.04848771650296467
2111,,,,guo_icu,guo_icu,clinicalbert_type1_clinicalbert_pool,knn,0,24,brier,0.3163767232274208
2112,,,,guo_icu,guo_icu,clinicalbert_type1_clinicalbert_pool,knn,1,24,auroc,0.5842785679845708
2113,,,,guo_icu,guo_icu,clinicalbert_type1_clinicalbert_pool,knn,1,24,auprc,0.05065727169140827
2114,,,,guo_icu,guo_icu,clinicalbert_type1_clinicalbert_pool,knn,1,24,brier,0.4840451644575356
2115,,,,guo_icu,guo_icu,clinicalbert_type1_clinicalbert_pool,knn,2,24,auroc,0.5920714802314369
2116,,,,guo_icu,guo_icu,clinicalbert_type1_clinicalbert_pool,knn,2,24,auprc,0.062326692793188386
2117,,,,guo_icu,guo_icu,clinicalbert_type1_clinicalbert_pool,knn,2,24,brier,0.22465112651882208
2118,,,,guo_icu,guo_icu,clinicalbert_type1_clinicalbert_pool,knn,3,24,auroc,0.5400825699132111
2119,,,,guo_icu,guo_icu,clinicalbert_type1_clinicalbert_pool,knn,3,24,auprc,0.0454247763480746
2120,,,,guo_icu,guo_icu,clinicalbert_type1_clinicalbert_pool,knn,3,24,brier,0.255988136062855
2121,,,,guo_icu,guo_icu,clinicalbert_type1_clinicalbert_pool,knn,4,24,auroc,0.5559998794599808
2122,,,,guo_icu,guo_icu,clinicalbert_type1_clinicalbert_pool,knn,4,24,auprc,0.049145143171089936
2123,,,,guo_icu,guo_icu,clinicalbert_type1_clinicalbert_pool,knn,4,24,brier,0.2845557191948945
2124,,,,guo_icu,guo_icu,clinicalbert_type1_clinicalbert_pool,knn,0,32,auroc,0.5722305930568949
2125,,,,guo_icu,guo_icu,clinicalbert_type1_clinicalbert_pool,knn,0,32,auprc,0.054441514576067655
2126,,,,guo_icu,guo_icu,clinicalbert_type1_clinicalbert_pool,knn,0,32,brier,0.325457404877627
2127,,,,guo_icu,guo_icu,clinicalbert_type1_clinicalbert_pool,knn,1,32,auroc,0.5983666827386691
2128,,,,guo_icu,guo_icu,clinicalbert_type1_clinicalbert_pool,knn,1,32,auprc,0.05494171568050556
2129,,,,guo_icu,guo_icu,clinicalbert_type1_clinicalbert_pool,knn,1,32,brier,0.3018810999228982
2130,,,,guo_icu,guo_icu,clinicalbert_type1_clinicalbert_pool,knn,2,32,auroc,0.6082660318225651
2131,,,,guo_icu,guo_icu,clinicalbert_type1_clinicalbert_pool,knn,2,32,auprc,0.06218241073893188
2132,,,,guo_icu,guo_icu,clinicalbert_type1_clinicalbert_pool,knn,2,32,brier,0.225833560413001
2133,,,,guo_icu,guo_icu,clinicalbert_type1_clinicalbert_pool,knn,3,32,auroc,0.5279803519768563
2134,,,,guo_icu,guo_icu,clinicalbert_type1_clinicalbert_pool,knn,3,32,auprc,0.046884408698863206
2135,,,,guo_icu,guo_icu,clinicalbert_type1_clinicalbert_pool,knn,3,32,brier,0.2448129496255839
2136,,,,guo_icu,guo_icu,clinicalbert_type1_clinicalbert_pool,knn,4,32,auroc,0.5995359209257473
2137,,,,guo_icu,guo_icu,clinicalbert_type1_clinicalbert_pool,knn,4,32,auprc,0.05427360937997196
2138,,,,guo_icu,guo_icu,clinicalbert_type1_clinicalbert_pool,knn,4,32,brier,0.314023891343479
2139,,,,guo_icu,guo_icu,clinicalbert_type1_clinicalbert_pool,knn,0,48,auroc,0.6152332449373192
2140,,,,guo_icu,guo_icu,clinicalbert_type1_clinicalbert_pool,knn,0,48,auprc,0.057557073918827376
2141,,,,guo_icu,guo_icu,clinicalbert_type1_clinicalbert_pool,knn,0,48,brier,0.34169000211369693
2142,,,,guo_icu,guo_icu,clinicalbert_type1_clinicalbert_pool,knn,1,48,auroc,0.6437801350048216
2143,,,,guo_icu,guo_icu,clinicalbert_type1_clinicalbert_pool,knn,1,48,auprc,0.06068856659379566
2144,,,,guo_icu,guo_icu,clinicalbert_type1_clinicalbert_pool,knn,1,48,brier,0.2902210900026436
2145,,,,guo_icu,guo_icu,clinicalbert_type1_clinicalbert_pool,knn,2,48,auroc,0.6319250241080038
2146,,,,guo_icu,guo_icu,clinicalbert_type1_clinicalbert_pool,knn,2,48,auprc,0.06258991289171202
2147,,,,guo_icu,guo_icu,clinicalbert_type1_clinicalbert_pool,knn,2,48,brier,0.2181078936756155
2148,,,,guo_icu,guo_icu,clinicalbert_type1_clinicalbert_pool,knn,3,48,auroc,0.5499939729990356
2149,,,,guo_icu,guo_icu,clinicalbert_type1_clinicalbert_pool,knn,3,48,auprc,0.04946906524615908
2150,,,,guo_icu,guo_icu,clinicalbert_type1_clinicalbert_pool,knn,3,48,brier,0.2714183400153944
2151,,,,guo_icu,guo_icu,clinicalbert_type1_clinicalbert_pool,knn,4,48,auroc,0.5693828351012536
2152,,,,guo_icu,guo_icu,clinicalbert_type1_clinicalbert_pool,knn,4,48,auprc,0.048048215049619106
2153,,,,guo_icu,guo_icu,clinicalbert_type1_clinicalbert_pool,knn,4,48,brier,0.32524300441826226
2154,,,,guo_icu,guo_icu,clinicalbert_type1_clinicalbert_pool,knn,0,64,auroc,0.6086366923818708
2155,,,,guo_icu,guo_icu,clinicalbert_type1_clinicalbert_pool,knn,0,64,auprc,0.057677554674883606
2156,,,,guo_icu,guo_icu,clinicalbert_type1_clinicalbert_pool,knn,0,64,brier,0.3005964082115773
2157,,,,guo_icu,guo_icu,clinicalbert_type1_clinicalbert_pool,knn,1,64,auroc,0.6388651157184184
2158,,,,guo_icu,guo_icu,clinicalbert_type1_clinicalbert_pool,knn,1,64,auprc,0.06234615138039239
2159,,,,guo_icu,guo_icu,clinicalbert_type1_clinicalbert_pool,knn,1,64,brier,0.26274770303236383
2160,,,,guo_icu,guo_icu,clinicalbert_type1_clinicalbert_pool,knn,2,64,auroc,0.644108606557377
2161,,,,guo_icu,guo_icu,clinicalbert_type1_clinicalbert_pool,knn,2,64,auprc,0.06504245440522244
2162,,,,guo_icu,guo_icu,clinicalbert_type1_clinicalbert_pool,knn,2,64,brier,0.22828638440851146
2163,,,,guo_icu,guo_icu,clinicalbert_type1_clinicalbert_pool,knn,3,64,auroc,0.5769226133076181
2164,,,,guo_icu,guo_icu,clinicalbert_type1_clinicalbert_pool,knn,3,64,auprc,0.051185528228866746
2165,,,,guo_icu,guo_icu,clinicalbert_type1_clinicalbert_pool,knn,3,64,brier,0.2619205223504309
2166,,,,guo_icu,guo_icu,clinicalbert_type1_clinicalbert_pool,knn,4,64,auroc,0.5950397782063644
2167,,,,guo_icu,guo_icu,clinicalbert_type1_clinicalbert_pool,knn,4,64,auprc,0.051950618382383955
2168,,,,guo_icu,guo_icu,clinicalbert_type1_clinicalbert_pool,knn,4,64,brier,0.322906234658812
2169,,,,guo_icu,guo_icu,clinicalbert_type1_clinicalbert_pool,knn,0,128,auroc,0.655611137897782
2170,,,,guo_icu,guo_icu,clinicalbert_type1_clinicalbert_pool,knn,0,128,auprc,0.0623452588980792
2171,,,,guo_icu,guo_icu,clinicalbert_type1_clinicalbert_pool,knn,0,128,brier,0.30625740603694357
2172,,,,guo_icu,guo_icu,clinicalbert_type1_clinicalbert_pool,knn,1,128,auroc,0.6291586306653809
2173,,,,guo_icu,guo_icu,clinicalbert_type1_clinicalbert_pool,knn,1,128,auprc,0.06022031587295475
2174,,,,guo_icu,guo_icu,clinicalbert_type1_clinicalbert_pool,knn,1,128,brier,0.30196912671139475
2175,,,,guo_icu,guo_icu,clinicalbert_type1_clinicalbert_pool,knn,2,128,auroc,0.640435149469624
2176,,,,guo_icu,guo_icu,clinicalbert_type1_clinicalbert_pool,knn,2,128,auprc,0.06389852351351191
2177,,,,guo_icu,guo_icu,clinicalbert_type1_clinicalbert_pool,knn,2,128,brier,0.2914699698043069
2178,,,,guo_icu,guo_icu,clinicalbert_type1_clinicalbert_pool,knn,3,128,auroc,0.6529803519768563
2179,,,,guo_icu,guo_icu,clinicalbert_type1_clinicalbert_pool,knn,3,128,auprc,0.06706144608200669
2180,,,,guo_icu,guo_icu,clinicalbert_type1_clinicalbert_pool,knn,3,128,brier,0.250934639461628
2181,,,,guo_icu,guo_icu,clinicalbert_type1_clinicalbert_pool,knn,4,128,auroc,0.5710493008678881
2182,,,,guo_icu,guo_icu,clinicalbert_type1_clinicalbert_pool,knn,4,128,auprc,0.04932049070799829
2183,,,,guo_icu,guo_icu,clinicalbert_type1_clinicalbert_pool,knn,4,128,brier,0.4015709376534119
2184,,,,guo_icu,guo_icu,clinicalbert_type1_clinicalbert_pool,rf,0,-1,auroc,0.623098481195757
2185,,,,guo_icu,guo_icu,clinicalbert_type1_clinicalbert_pool,rf,0,-1,auprc,0.06152270708451559
2186,,,,guo_icu,guo_icu,clinicalbert_type1_clinicalbert_pool,rf,0,-1,brier,0.04269610324417752
2187,,,,guo_icu,guo_icu,clinicalbert_type1_clinicalbert_pool,rf,0,1,auroc,0.48863608968177435
2188,,,,guo_icu,guo_icu,clinicalbert_type1_clinicalbert_pool,rf,0,1,auprc,0.04166515849383937
2189,,,,guo_icu,guo_icu,clinicalbert_type1_clinicalbert_pool,rf,0,1,brier,0.3014850270004909
2190,,,,guo_icu,guo_icu,clinicalbert_type1_clinicalbert_pool,rf,1,1,auroc,0.5395100048216008
2191,,,,guo_icu,guo_icu,clinicalbert_type1_clinicalbert_pool,rf,1,1,auprc,0.04903849850672887
2192,,,,guo_icu,guo_icu,clinicalbert_type1_clinicalbert_pool,rf,1,1,brier,0.3194882179675994
2193,,,,guo_icu,guo_icu,clinicalbert_type1_clinicalbert_pool,rf,2,1,auroc,0.49975590646094503
2194,,,,guo_icu,guo_icu,clinicalbert_type1_clinicalbert_pool,rf,2,1,auprc,0.04185448552545379
2195,,,,guo_icu,guo_icu,clinicalbert_type1_clinicalbert_pool,rf,2,1,brier,0.1970569519445808
2196,,,,guo_icu,guo_icu,clinicalbert_type1_clinicalbert_pool,rf,3,1,auroc,0.5344623915139826
2197,,,,guo_icu,guo_icu,clinicalbert_type1_clinicalbert_pool,rf,3,1,auprc,0.04518224443821417
2198,,,,guo_icu,guo_icu,clinicalbert_type1_clinicalbert_pool,rf,3,1,brier,0.3965537555228277
2199,,,,guo_icu,guo_icu,clinicalbert_type1_clinicalbert_pool,rf,4,1,auroc,0.4845678640308582
2200,,,,guo_icu,guo_icu,clinicalbert_type1_clinicalbert_pool,rf,4,1,auprc,0.041312369322452844
2201,,,,guo_icu,guo_icu,clinicalbert_type1_clinicalbert_pool,rf,4,1,brier,0.5151546391752578
2202,,,,guo_icu,guo_icu,clinicalbert_type1_clinicalbert_pool,rf,0,2,auroc,0.5636571841851495
2203,,,,guo_icu,guo_icu,clinicalbert_type1_clinicalbert_pool,rf,0,2,auprc,0.047485720221866694
2204,,,,guo_icu,guo_icu,clinicalbert_type1_clinicalbert_pool,rf,0,2,brier,0.4712960235640649
2205,,,,guo_icu,guo_icu,clinicalbert_type1_clinicalbert_pool,rf,1,2,auroc,0.5567924300867888
2206,,,,guo_icu,guo_icu,clinicalbert_type1_clinicalbert_pool,rf,1,2,auprc,0.049201859417497884
2207,,,,guo_icu,guo_icu,clinicalbert_type1_clinicalbert_pool,rf,1,2,brier,0.28030436917034857
2208,,,,guo_icu,guo_icu,clinicalbert_type1_clinicalbert_pool,rf,2,2,auroc,0.4836939488910318
2209,,,,guo_icu,guo_icu,clinicalbert_type1_clinicalbert_pool,rf,2,2,auprc,0.045917278392878166
2210,,,,guo_icu,guo_icu,clinicalbert_type1_clinicalbert_pool,rf,2,2,brier,0.31822965144820814
2211,,,,guo_icu,guo_icu,clinicalbert_type1_clinicalbert_pool,rf,3,2,auroc,0.5692562680810028
2212,,,,guo_icu,guo_icu,clinicalbert_type1_clinicalbert_pool,rf,3,2,auprc,0.055215925180481684
2213,,,,guo_icu,guo_icu,clinicalbert_type1_clinicalbert_pool,rf,3,2,brier,0.2991850760922926
2214,,,,guo_icu,guo_icu,clinicalbert_type1_clinicalbert_pool,rf,4,2,auroc,0.5615145853423337
2215,,,,guo_icu,guo_icu,clinicalbert_type1_clinicalbert_pool,rf,4,2,auprc,0.047873281026495296
2216,,,,guo_icu,guo_icu,clinicalbert_type1_clinicalbert_pool,rf,4,2,brier,0.31071045655375557
2217,,,,guo_icu,guo_icu,clinicalbert_type1_clinicalbert_pool,rf,0,4,auroc,0.514850530376085
2218,,,,guo_icu,guo_icu,clinicalbert_type1_clinicalbert_pool,rf,0,4,auprc,0.042176729516207566
2219,,,,guo_icu,guo_icu,clinicalbert_type1_clinicalbert_pool,rf,0,4,brier,0.39561610211094755
2220,,,,guo_icu,guo_icu,clinicalbert_type1_clinicalbert_pool,rf,1,4,auroc,0.5125783510125361
2221,,,,guo_icu,guo_icu,clinicalbert_type1_clinicalbert_pool,rf,1,4,auprc,0.05046588518753849
2222,,,,guo_icu,guo_icu,clinicalbert_type1_clinicalbert_pool,rf,1,4,brier,0.26563328424153165
2223,,,,guo_icu,guo_icu,clinicalbert_type1_clinicalbert_pool,rf,2,4,auroc,0.5914175506268081
2224,,,,guo_icu,guo_icu,clinicalbert_type1_clinicalbert_pool,rf,2,4,auprc,0.054056723265954336
2225,,,,guo_icu,guo_icu,clinicalbert_type1_clinicalbert_pool,rf,2,4,brier,0.25903780068728527
2226,,,,guo_icu,guo_icu,clinicalbert_type1_clinicalbert_pool,rf,3,4,auroc,0.5909052555448409
2227,,,,guo_icu,guo_icu,clinicalbert_type1_clinicalbert_pool,rf,3,4,auprc,0.051892489453270296
2228,,,,guo_icu,guo_icu,clinicalbert_type1_clinicalbert_pool,rf,3,4,brier,0.2613622974963181
2229,,,,guo_icu,guo_icu,clinicalbert_type1_clinicalbert_pool,rf,4,4,auroc,0.530948649951784
2230,,,,guo_icu,guo_icu,clinicalbert_type1_clinicalbert_pool,rf,4,4,auprc,0.048272957472906206
2231,,,,guo_icu,guo_icu,clinicalbert_type1_clinicalbert_pool,rf,4,4,brier,0.33534609720176733
2232,,,,guo_icu,guo_icu,clinicalbert_type1_clinicalbert_pool,rf,0,8,auroc,0.48710523143683704
2233,,,,guo_icu,guo_icu,clinicalbert_type1_clinicalbert_pool,rf,0,8,auprc,0.04001859988556385
2234,,,,guo_icu,guo_icu,clinicalbert_type1_clinicalbert_pool,rf,0,8,brier,0.3884634266077565
2235,,,,guo_icu,guo_icu,clinicalbert_type1_clinicalbert_pool,rf,1,8,auroc,0.5097637415621986
2236,,,,guo_icu,guo_icu,clinicalbert_type1_clinicalbert_pool,rf,1,8,auprc,0.047704393084427886
2237,,,,guo_icu,guo_icu,clinicalbert_type1_clinicalbert_pool,rf,1,8,brier,0.29842611683848796
2238,,,,guo_icu,guo_icu,clinicalbert_type1_clinicalbert_pool,rf,2,8,auroc,0.5611228302796528
2239,,,,guo_icu,guo_icu,clinicalbert_type1_clinicalbert_pool,rf,2,8,auprc,0.04793557354452705
2240,,,,guo_icu,guo_icu,clinicalbert_type1_clinicalbert_pool,rf,2,8,brier,0.2634020618556701
2241,,,,guo_icu,guo_icu,clinicalbert_type1_clinicalbert_pool,rf,3,8,auroc,0.5870208534233367
2242,,,,guo_icu,guo_icu,clinicalbert_type1_clinicalbert_pool,rf,3,8,auprc,0.05205335587441247
2243,,,,guo_icu,guo_icu,clinicalbert_type1_clinicalbert_pool,rf,3,8,brier,0.4035544428080511
2244,,,,guo_icu,guo_icu,clinicalbert_type1_clinicalbert_pool,rf,4,8,auroc,0.6181714079074253
2245,,,,guo_icu,guo_icu,clinicalbert_type1_clinicalbert_pool,rf,4,8,auprc,0.05851395519718769
2246,,,,guo_icu,guo_icu,clinicalbert_type1_clinicalbert_pool,rf,4,8,brier,0.30688286696121747
2247,,,,guo_icu,guo_icu,clinicalbert_type1_clinicalbert_pool,rf,0,12,auroc,0.5631750241080039
2248,,,,guo_icu,guo_icu,clinicalbert_type1_clinicalbert_pool,rf,0,12,auprc,0.061398198907558627
2249,,,,guo_icu,guo_icu,clinicalbert_type1_clinicalbert_pool,rf,0,12,brier,0.23764729176894125
2250,,,,guo_icu,guo_icu,clinicalbert_type1_clinicalbert_pool,rf,1,12,auroc,0.5253073770491804
2251,,,,guo_icu,guo_icu,clinicalbert_type1_clinicalbert_pool,rf,1,12,auprc,0.046666231446441414
2252,,,,guo_icu,guo_icu,clinicalbert_type1_clinicalbert_pool,rf,1,12,brier,0.30077565046637217
2253,,,,guo_icu,guo_icu,clinicalbert_type1_clinicalbert_pool,rf,2,12,auroc,0.5865296528447445
2254,,,,guo_icu,guo_icu,clinicalbert_type1_clinicalbert_pool,rf,2,12,auprc,0.052486156707259014
2255,,,,guo_icu,guo_icu,clinicalbert_type1_clinicalbert_pool,rf,2,12,brier,0.2416968581246932
2256,,,,guo_icu,guo_icu,clinicalbert_type1_clinicalbert_pool,rf,3,12,auroc,0.6091791224686596
2257,,,,guo_icu,guo_icu,clinicalbert_type1_clinicalbert_pool,rf,3,12,auprc,0.0573836413745731
2258,,,,guo_icu,guo_icu,clinicalbert_type1_clinicalbert_pool,rf,3,12,brier,0.32515954835542465
2259,,,,guo_icu,guo_icu,clinicalbert_type1_clinicalbert_pool,rf,4,12,auroc,0.5300536403085825
2260,,,,guo_icu,guo_icu,clinicalbert_type1_clinicalbert_pool,rf,4,12,auprc,0.04487914356140203
2261,,,,guo_icu,guo_icu,clinicalbert_type1_clinicalbert_pool,rf,4,12,brier,0.2737015218458517
2262,,,,guo_icu,guo_icu,clinicalbert_type1_clinicalbert_pool,rf,0,16,auroc,0.5734269527483125
2263,,,,guo_icu,guo_icu,clinicalbert_type1_clinicalbert_pool,rf,0,16,auprc,0.05134966980108929
2264,,,,guo_icu,guo_icu,clinicalbert_type1_clinicalbert_pool,rf,0,16,brier,0.29805056455571916
2265,,,,guo_icu,guo_icu,clinicalbert_type1_clinicalbert_pool,rf,1,16,auroc,0.5617044358727097
2266,,,,guo_icu,guo_icu,clinicalbert_type1_clinicalbert_pool,rf,1,16,auprc,0.047853061307115446
2267,,,,guo_icu,guo_icu,clinicalbert_type1_clinicalbert_pool,rf,1,16,brier,0.2841098674521355
2268,,,,guo_icu,guo_icu,clinicalbert_type1_clinicalbert_pool,rf,2,16,auroc,0.5650524349083896
2269,,,,guo_icu,guo_icu,clinicalbert_type1_clinicalbert_pool,rf,2,16,auprc,0.04871267462644863
2270,,,,guo_icu,guo_icu,clinicalbert_type1_clinicalbert_pool,rf,2,16,brier,0.21959204712812957
2271,,,,guo_icu,guo_icu,clinicalbert_type1_clinicalbert_pool,rf,3,16,auroc,0.5523866923818707
2272,,,,guo_icu,guo_icu,clinicalbert_type1_clinicalbert_pool,rf,3,16,auprc,0.04885385578613472
2273,,,,guo_icu,guo_icu,clinicalbert_type1_clinicalbert_pool,rf,3,16,brier,0.3216703485517919
2274,,,,guo_icu,guo_icu,clinicalbert_type1_clinicalbert_pool,rf,4,16,auroc,0.5168575216972034
2275,,,,guo_icu,guo_icu,clinicalbert_type1_clinicalbert_pool,rf,4,16,auprc,0.044018613640062904
2276,,,,guo_icu,guo_icu,clinicalbert_type1_clinicalbert_pool,rf,4,16,brier,0.2623416789396171
2277,,,,guo_icu,guo_icu,clinicalbert_type1_clinicalbert_pool,rf,0,24,auroc,0.5555327868852459
2278,,,,guo_icu,guo_icu,clinicalbert_type1_clinicalbert_pool,rf,0,24,auprc,0.05004854082355393
2279,,,,guo_icu,guo_icu,clinicalbert_type1_clinicalbert_pool,rf,0,24,brier,0.2438438880706922
2280,,,,guo_icu,guo_icu,clinicalbert_type1_clinicalbert_pool,rf,1,24,auroc,0.5994635969141755
2281,,,,guo_icu,guo_icu,clinicalbert_type1_clinicalbert_pool,rf,1,24,auprc,0.05843997953083101
2282,,,,guo_icu,guo_icu,clinicalbert_type1_clinicalbert_pool,rf,1,24,brier,0.2631876288659794
2283,,,,guo_icu,guo_icu,clinicalbert_type1_clinicalbert_pool,rf,2,24,auroc,0.6026518804243008
2284,,,,guo_icu,guo_icu,clinicalbert_type1_clinicalbert_pool,rf,2,24,auprc,0.062248368716699996
2285,,,,guo_icu,guo_icu,clinicalbert_type1_clinicalbert_pool,rf,2,24,brier,0.270746762107837
2286,,,,guo_icu,guo_icu,clinicalbert_type1_clinicalbert_pool,rf,3,24,auroc,0.536484450337512
2287,,,,guo_icu,guo_icu,clinicalbert_type1_clinicalbert_pool,rf,3,24,auprc,0.045286054720333195
2288,,,,guo_icu,guo_icu,clinicalbert_type1_clinicalbert_pool,rf,3,24,brier,0.2622484045164457
2289,,,,guo_icu,guo_icu,clinicalbert_type1_clinicalbert_pool,rf,4,24,auroc,0.5088747589199615
2290,,,,guo_icu,guo_icu,clinicalbert_type1_clinicalbert_pool,rf,4,24,auprc,0.04297925942343925
2291,,,,guo_icu,guo_icu,clinicalbert_type1_clinicalbert_pool,rf,4,24,brier,0.26371467844869906
2292,,,,guo_icu,guo_icu,clinicalbert_type1_clinicalbert_pool,rf,0,32,auroc,0.5695546046287367
2293,,,,guo_icu,guo_icu,clinicalbert_type1_clinicalbert_pool,rf,0,32,auprc,0.07018644067324767
2294,,,,guo_icu,guo_icu,clinicalbert_type1_clinicalbert_pool,rf,0,32,brier,0.2443966617574865
2295,,,,guo_icu,guo_icu,clinicalbert_type1_clinicalbert_pool,rf,1,32,auroc,0.6010758196721312
2296,,,,guo_icu,guo_icu,clinicalbert_type1_clinicalbert_pool,rf,1,32,auprc,0.05247997974854865
2297,,,,guo_icu,guo_icu,clinicalbert_type1_clinicalbert_pool,rf,1,32,brier,0.2510444280805106
2298,,,,guo_icu,guo_icu,clinicalbert_type1_clinicalbert_pool,rf,2,32,auroc,0.5912307135969141
2299,,,,guo_icu,guo_icu,clinicalbert_type1_clinicalbert_pool,rf,2,32,auprc,0.05295209773255657
2300,,,,guo_icu,guo_icu,clinicalbert_type1_clinicalbert_pool,rf,2,32,brier,0.24595118093056237
2301,,,,guo_icu,guo_icu,clinicalbert_type1_clinicalbert_pool,rf,3,32,auroc,0.5567170925747348
2302,,,,guo_icu,guo_icu,clinicalbert_type1_clinicalbert_pool,rf,3,32,auprc,0.04919069612407344
2303,,,,guo_icu,guo_icu,clinicalbert_type1_clinicalbert_pool,rf,3,32,brier,0.2589073474063165
2304,,,,guo_icu,guo_icu,clinicalbert_type1_clinicalbert_pool,rf,4,32,auroc,0.5936294599807136
2305,,,,guo_icu,guo_icu,clinicalbert_type1_clinicalbert_pool,rf,4,32,auprc,0.05790006740034229
2306,,,,guo_icu,guo_icu,clinicalbert_type1_clinicalbert_pool,rf,4,32,brier,0.2546018354108414
2307,,,,guo_icu,guo_icu,clinicalbert_type1_clinicalbert_pool,rf,0,48,auroc,0.5666767116682738
2308,,,,guo_icu,guo_icu,clinicalbert_type1_clinicalbert_pool,rf,0,48,auprc,0.0501145463391124
2309,,,,guo_icu,guo_icu,clinicalbert_type1_clinicalbert_pool,rf,0,48,brier,0.26898811001855755
2310,,,,guo_icu,guo_icu,clinicalbert_type1_clinicalbert_pool,rf,1,48,auroc,0.6072534956605593
2311,,,,guo_icu,guo_icu,clinicalbert_type1_clinicalbert_pool,rf,1,48,auprc,0.05335910026951861
2312,,,,guo_icu,guo_icu,clinicalbert_type1_clinicalbert_pool,rf,1,48,brier,0.24511615120274916
2313,,,,guo_icu,guo_icu,clinicalbert_type1_clinicalbert_pool,rf,2,48,auroc,0.607361981677917
2314,,,,guo_icu,guo_icu,clinicalbert_type1_clinicalbert_pool,rf,2,48,auprc,0.05550000268836748
2315,,,,guo_icu,guo_icu,clinicalbert_type1_clinicalbert_pool,rf,2,48,brier,0.25270044182621504
2316,,,,guo_icu,guo_icu,clinicalbert_type1_clinicalbert_pool,rf,3,48,auroc,0.5526247589199614
2317,,,,guo_icu,guo_icu,clinicalbert_type1_clinicalbert_pool,rf,3,48,auprc,0.046593993044300244
2318,,,,guo_icu,guo_icu,clinicalbert_type1_clinicalbert_pool,rf,3,48,brier,0.24362022182818643
2319,,,,guo_icu,guo_icu,clinicalbert_type1_clinicalbert_pool,rf,4,48,auroc,0.5930538813886211
2320,,,,guo_icu,guo_icu,clinicalbert_type1_clinicalbert_pool,rf,4,48,auprc,0.06247561159849404
2321,,,,guo_icu,guo_icu,clinicalbert_type1_clinicalbert_pool,rf,4,48,brier,0.27505154639175255
2322,,,,guo_icu,guo_icu,clinicalbert_type1_clinicalbert_pool,rf,0,64,auroc,0.5739754098360657
2323,,,,guo_icu,guo_icu,clinicalbert_type1_clinicalbert_pool,rf,0,64,auprc,0.04897750481442738
2324,,,,guo_icu,guo_icu,clinicalbert_type1_clinicalbert_pool,rf,0,64,brier,0.2709015218458517
2325,,,,guo_icu,guo_icu,clinicalbert_type1_clinicalbert_pool,rf,1,64,auroc,0.6061505544840886
2326,,,,guo_icu,guo_icu,clinicalbert_type1_clinicalbert_pool,rf,1,64,auprc,0.051635721664396075
2327,,,,guo_icu,guo_icu,clinicalbert_type1_clinicalbert_pool,rf,1,64,brier,0.21751286205203732
2328,,,,guo_icu,guo_icu,clinicalbert_type1_clinicalbert_pool,rf,2,64,auroc,0.628372107039537
2329,,,,guo_icu,guo_icu,clinicalbert_type1_clinicalbert_pool,rf,2,64,auprc,0.05783188778654867
2330,,,,guo_icu,guo_icu,clinicalbert_type1_clinicalbert_pool,rf,2,64,brier,0.24428955435553373
2331,,,,guo_icu,guo_icu,clinicalbert_type1_clinicalbert_pool,rf,3,64,auroc,0.604405737704918
2332,,,,guo_icu,guo_icu,clinicalbert_type1_clinicalbert_pool,rf,3,64,auprc,0.05467149875453415
2333,,,,guo_icu,guo_icu,clinicalbert_type1_clinicalbert_pool,rf,3,64,brier,0.22902572410407462
2334,,,,guo_icu,guo_icu,clinicalbert_type1_clinicalbert_pool,rf,4,64,auroc,0.5745419479267118
2335,,,,guo_icu,guo_icu,clinicalbert_type1_clinicalbert_pool,rf,4,64,auprc,0.04827325994456487
2336,,,,guo_icu,guo_icu,clinicalbert_type1_clinicalbert_pool,rf,4,64,brier,0.2455722411385122
2337,,,,guo_icu,guo_icu,clinicalbert_type1_clinicalbert_pool,rf,0,128,auroc,0.5993520973963355
2338,,,,guo_icu,guo_icu,clinicalbert_type1_clinicalbert_pool,rf,0,128,auprc,0.05129292462967877
2339,,,,guo_icu,guo_icu,clinicalbert_type1_clinicalbert_pool,rf,0,128,brier,0.24576161021109474
2340,,,,guo_icu,guo_icu,clinicalbert_type1_clinicalbert_pool,rf,1,128,auroc,0.624056774349084
2341,,,,guo_icu,guo_icu,clinicalbert_type1_clinicalbert_pool,rf,1,128,auprc,0.05355887086934994
2342,,,,guo_icu,guo_icu,clinicalbert_type1_clinicalbert_pool,rf,1,128,brier,0.2328406971035837
2343,,,,guo_icu,guo_icu,clinicalbert_type1_clinicalbert_pool,rf,2,128,auroc,0.6114332208293154
2344,,,,guo_icu,guo_icu,clinicalbert_type1_clinicalbert_pool,rf,2,128,auprc,0.055496054195050694
2345,,,,guo_icu,guo_icu,clinicalbert_type1_clinicalbert_pool,rf,2,128,brier,0.23581281495796863
2346,,,,guo_icu,guo_icu,clinicalbert_type1_clinicalbert_pool,rf,3,128,auroc,0.6054755303760849
2347,,,,guo_icu,guo_icu,clinicalbert_type1_clinicalbert_pool,rf,3,128,auprc,0.05388599566902312
2348,,,,guo_icu,guo_icu,clinicalbert_type1_clinicalbert_pool,rf,3,128,brier,0.22764871825589578
2349,,,,guo_icu,guo_icu,clinicalbert_type1_clinicalbert_pool,rf,4,128,auroc,0.6106165621986499
2350,,,,guo_icu,guo_icu,clinicalbert_type1_clinicalbert_pool,rf,4,128,auprc,0.05517564803600958
2351,,,,guo_icu,guo_icu,clinicalbert_type1_clinicalbert_pool,rf,4,128,brier,0.20906823760432006
2352,,,,guo_icu,guo_icu,clinicalbert_type2_max_pool,lr_lbfgs,0,-1,auroc,0.7716188524590164
2353,,,,guo_icu,guo_icu,clinicalbert_type2_max_pool,lr_lbfgs,0,-1,auprc,0.12834669331816342
2354,,,,guo_icu,guo_icu,clinicalbert_type2_max_pool,lr_lbfgs,0,-1,brier,0.038210217369315944
2355,,,,guo_icu,guo_icu,clinicalbert_type2_max_pool,lr_lbfgs,0,1,auroc,0.5597396335583414
2356,,,,guo_icu,guo_icu,clinicalbert_type2_max_pool,lr_lbfgs,0,1,auprc,0.05047277677686072
2357,,,,guo_icu,guo_icu,clinicalbert_type2_max_pool,lr_lbfgs,0,1,brier,0.24999635637473913
2358,,,,guo_icu,guo_icu,clinicalbert_type2_max_pool,lr_lbfgs,1,1,auroc,0.5089380424300868
2359,,,,guo_icu,guo_icu,clinicalbert_type2_max_pool,lr_lbfgs,1,1,auprc,0.04692623944932247
2360,,,,guo_icu,guo_icu,clinicalbert_type2_max_pool,lr_lbfgs,1,1,brier,0.24999793671439371
2361,,,,guo_icu,guo_icu,clinicalbert_type2_max_pool,lr_lbfgs,2,1,auroc,0.620708775313404
2362,,,,guo_icu,guo_icu,clinicalbert_type2_max_pool,lr_lbfgs,2,1,auprc,0.07210700136880929
2363,,,,guo_icu,guo_icu,clinicalbert_type2_max_pool,lr_lbfgs,2,1,brier,0.2499958367388218
2364,,,,guo_icu,guo_icu,clinicalbert_type2_max_pool,lr_lbfgs,3,1,auroc,0.5122770009643203
2365,,,,guo_icu,guo_icu,clinicalbert_type2_max_pool,lr_lbfgs,3,1,auprc,0.04194139445035878
2366,,,,guo_icu,guo_icu,clinicalbert_type2_max_pool,lr_lbfgs,3,1,brier,0.2500036459753026
2367,,,,guo_icu,guo_icu,clinicalbert_type2_max_pool,lr_lbfgs,4,1,auroc,0.549077868852459
2368,,,,guo_icu,guo_icu,clinicalbert_type2_max_pool,lr_lbfgs,4,1,auprc,0.043844487814163315
2369,,,,guo_icu,guo_icu,clinicalbert_type2_max_pool,lr_lbfgs,4,1,brier,0.25000481770973043
2370,,,,guo_icu,guo_icu,clinicalbert_type2_max_pool,lr_lbfgs,0,2,auroc,0.48470347155255544
2371,,,,guo_icu,guo_icu,clinicalbert_type2_max_pool,lr_lbfgs,0,2,auprc,0.0449412740215367
2372,,,,guo_icu,guo_icu,clinicalbert_type2_max_pool,lr_lbfgs,0,2,brier,0.25000263277942597
2373,,,,guo_icu,guo_icu,clinicalbert_type2_max_pool,lr_lbfgs,1,2,auroc,0.5404592574734811
2374,,,,guo_icu,guo_icu,clinicalbert_type2_max_pool,lr_lbfgs,1,2,auprc,0.056277057858660266
2375,,,,guo_icu,guo_icu,clinicalbert_type2_max_pool,lr_lbfgs,1,2,brier,0.24999737914727366
2376,,,,guo_icu,guo_icu,clinicalbert_type2_max_pool,lr_lbfgs,2,2,auroc,0.5255544840887174
2377,,,,guo_icu,guo_icu,clinicalbert_type2_max_pool,lr_lbfgs,2,2,auprc,0.048735522348973485
2378,,,,guo_icu,guo_icu,clinicalbert_type2_max_pool,lr_lbfgs,2,2,brier,0.6237195763669541
2379,,,,guo_icu,guo_icu,clinicalbert_type2_max_pool,lr_lbfgs,3,2,auroc,0.5894828833172614
2380,,,,guo_icu,guo_icu,clinicalbert_type2_max_pool,lr_lbfgs,3,2,auprc,0.06230097669839281
2381,,,,guo_icu,guo_icu,clinicalbert_type2_max_pool,lr_lbfgs,3,2,brier,0.24999590455963813
2382,,,,guo_icu,guo_icu,clinicalbert_type2_max_pool,lr_lbfgs,4,2,auroc,0.45154291224686594
2383,,,,guo_icu,guo_icu,clinicalbert_type2_max_pool,lr_lbfgs,4,2,auprc,0.03847481441008114
2384,,,,guo_icu,guo_icu,clinicalbert_type2_max_pool,lr_lbfgs,4,2,brier,0.2500055225438736
2385,,,,guo_icu,guo_icu,clinicalbert_type2_max_pool,lr_lbfgs,0,4,auroc,0.5014826422372227
2386,,,,guo_icu,guo_icu,clinicalbert_type2_max_pool,lr_lbfgs,0,4,auprc,0.042499791623328384
2387,,,,guo_icu,guo_icu,clinicalbert_type2_max_pool,lr_lbfgs,0,4,brier,0.46141062998423865
2388,,,,guo_icu,guo_icu,clinicalbert_type2_max_pool,lr_lbfgs,1,4,auroc,0.5331063162970106
2389,,,,guo_icu,guo_icu,clinicalbert_type2_max_pool,lr_lbfgs,1,4,auprc,0.04480205648010115
2390,,,,guo_icu,guo_icu,clinicalbert_type2_max_pool,lr_lbfgs,1,4,brier,0.2982280690264407
2391,,,,guo_icu,guo_icu,clinicalbert_type2_max_pool,lr_lbfgs,2,4,auroc,0.6133196721311476
2392,,,,guo_icu,guo_icu,clinicalbert_type2_max_pool,lr_lbfgs,2,4,auprc,0.1124904603178496
2393,,,,guo_icu,guo_icu,clinicalbert_type2_max_pool,lr_lbfgs,2,4,brier,0.323056451616414
2394,,,,guo_icu,guo_icu,clinicalbert_type2_max_pool,lr_lbfgs,3,4,auroc,0.5833654773384764
2395,,,,guo_icu,guo_icu,clinicalbert_type2_max_pool,lr_lbfgs,3,4,auprc,0.06625922103342508
2396,,,,guo_icu,guo_icu,clinicalbert_type2_max_pool,lr_lbfgs,3,4,brier,0.24999447527778704
2397,,,,guo_icu,guo_icu,clinicalbert_type2_max_pool,lr_lbfgs,4,4,auroc,0.4594623915139826
2398,,,,guo_icu,guo_icu,clinicalbert_type2_max_pool,lr_lbfgs,4,4,auprc,0.048792602028609286
2399,,,,guo_icu,guo_icu,clinicalbert_type2_max_pool,lr_lbfgs,4,4,brier,0.2574073990002968
2400,,,,guo_icu,guo_icu,clinicalbert_type2_max_pool,lr_lbfgs,0,8,auroc,0.5451603182256509
2401,,,,guo_icu,guo_icu,clinicalbert_type2_max_pool,lr_lbfgs,0,8,auprc,0.04839348157672935
2402,,,,guo_icu,guo_icu,clinicalbert_type2_max_pool,lr_lbfgs,0,8,brier,0.36832767091564644
2403,,,,guo_icu,guo_icu,clinicalbert_type2_max_pool,lr_lbfgs,1,8,auroc,0.49626325940212146
2404,,,,guo_icu,guo_icu,clinicalbert_type2_max_pool,lr_lbfgs,1,8,auprc,0.04196934914216112
2405,,,,guo_icu,guo_icu,clinicalbert_type2_max_pool,lr_lbfgs,1,8,brier,0.24475846540314164
2406,,,,guo_icu,guo_icu,clinicalbert_type2_max_pool,lr_lbfgs,2,8,auroc,0.6679664898746385
2407,,,,guo_icu,guo_icu,clinicalbert_type2_max_pool,lr_lbfgs,2,8,auprc,0.09107573947197947
2408,,,,guo_icu,guo_icu,clinicalbert_type2_max_pool,lr_lbfgs,2,8,brier,0.2499992042478213
2409,,,,guo_icu,guo_icu,clinicalbert_type2_max_pool,lr_lbfgs,3,8,auroc,0.6151518804243009
2410,,,,guo_icu,guo_icu,clinicalbert_type2_max_pool,lr_lbfgs,3,8,auprc,0.08462968084783196
2411,,,,guo_icu,guo_icu,clinicalbert_type2_max_pool,lr_lbfgs,3,8,brier,0.24656721625805472
2412,,,,guo_icu,guo_icu,clinicalbert_type2_max_pool,lr_lbfgs,4,8,auroc,0.5569611861137898
2413,,,,guo_icu,guo_icu,clinicalbert_type2_max_pool,lr_lbfgs,4,8,auprc,0.0509785847543152
2414,,,,guo_icu,guo_icu,clinicalbert_type2_max_pool,lr_lbfgs,4,8,brier,0.5243795144434557
2415,,,,guo_icu,guo_icu,clinicalbert_type2_max_pool,lr_lbfgs,0,12,auroc,0.6224686595949855
2416,,,,guo_icu,guo_icu,clinicalbert_type2_max_pool,lr_lbfgs,0,12,auprc,0.07956573531359844
2417,,,,guo_icu,guo_icu,clinicalbert_type2_max_pool,lr_lbfgs,0,12,brier,0.24723857473703634
2418,,,,guo_icu,guo_icu,clinicalbert_type2_max_pool,lr_lbfgs,1,12,auroc,0.477278206364513
2419,,,,guo_icu,guo_icu,clinicalbert_type2_max_pool,lr_lbfgs,1,12,auprc,0.03919388067821413
2420,,,,guo_icu,guo_icu,clinicalbert_type2_max_pool,lr_lbfgs,1,12,brier,0.250010495808072
2421,,,,guo_icu,guo_icu,clinicalbert_type2_max_pool,lr_lbfgs,2,12,auroc,0.6686595949855352
2422,,,,guo_icu,guo_icu,clinicalbert_type2_max_pool,lr_lbfgs,2,12,auprc,0.08564640306183491
2423,,,,guo_icu,guo_icu,clinicalbert_type2_max_pool,lr_lbfgs,2,12,brier,0.24838454921993275
2424,,,,guo_icu,guo_icu,clinicalbert_type2_max_pool,lr_lbfgs,3,12,auroc,0.656117405978785
2425,,,,guo_icu,guo_icu,clinicalbert_type2_max_pool,lr_lbfgs,3,12,auprc,0.06586105478925552
2426,,,,guo_icu,guo_icu,clinicalbert_type2_max_pool,lr_lbfgs,3,12,brier,0.2500027347916754
2427,,,,guo_icu,guo_icu,clinicalbert_type2_max_pool,lr_lbfgs,4,12,auroc,0.6143382352941177
2428,,,,guo_icu,guo_icu,clinicalbert_type2_max_pool,lr_lbfgs,4,12,auprc,0.06720585072138717
2429,,,,guo_icu,guo_icu,clinicalbert_type2_max_pool,lr_lbfgs,4,12,brier,0.5148164312027156
2430,,,,guo_icu,guo_icu,clinicalbert_type2_max_pool,lr_lbfgs,0,16,auroc,0.6158449855351976
2431,,,,guo_icu,guo_icu,clinicalbert_type2_max_pool,lr_lbfgs,0,16,auprc,0.07316894784510954
2432,,,,guo_icu,guo_icu,clinicalbert_type2_max_pool,lr_lbfgs,0,16,brier,0.3150486005722231
2433,,,,guo_icu,guo_icu,clinicalbert_type2_max_pool,lr_lbfgs,1,16,auroc,0.46504339440694314
2434,,,,guo_icu,guo_icu,clinicalbert_type2_max_pool,lr_lbfgs,1,16,auprc,0.03883954101182774
2435,,,,guo_icu,guo_icu,clinicalbert_type2_max_pool,lr_lbfgs,1,16,brier,0.25002401792272666
2436,,,,guo_icu,guo_icu,clinicalbert_type2_max_pool,lr_lbfgs,2,16,auroc,0.6753254580520733
2437,,,,guo_icu,guo_icu,clinicalbert_type2_max_pool,lr_lbfgs,2,16,auprc,0.09370689304523441
2438,,,,guo_icu,guo_icu,clinicalbert_type2_max_pool,lr_lbfgs,2,16,brier,0.3626556616874122
2439,,,,guo_icu,guo_icu,clinicalbert_type2_max_pool,lr_lbfgs,3,16,auroc,0.667225168756027
2440,,,,guo_icu,guo_icu,clinicalbert_type2_max_pool,lr_lbfgs,3,16,auprc,0.10081066763376192
2441,,,,guo_icu,guo_icu,clinicalbert_type2_max_pool,lr_lbfgs,3,16,brier,0.25124550649590127
2442,,,,guo_icu,guo_icu,clinicalbert_type2_max_pool,lr_lbfgs,4,16,auroc,0.6094322565091611
2443,,,,guo_icu,guo_icu,clinicalbert_type2_max_pool,lr_lbfgs,4,16,auprc,0.06305182063096658
2444,,,,guo_icu,guo_icu,clinicalbert_type2_max_pool,lr_lbfgs,4,16,brier,0.4840607749656816
2445,,,,guo_icu,guo_icu,clinicalbert_type2_max_pool,lr_lbfgs,0,24,auroc,0.6198891031822565
2446,,,,guo_icu,guo_icu,clinicalbert_type2_max_pool,lr_lbfgs,0,24,auprc,0.0945257137909672
2447,,,,guo_icu,guo_icu,clinicalbert_type2_max_pool,lr_lbfgs,0,24,brier,0.36852320918144155
2448,,,,guo_icu,guo_icu,clinicalbert_type2_max_pool,lr_lbfgs,1,24,auroc,0.5505002410800385
2449,,,,guo_icu,guo_icu,clinicalbert_type2_max_pool,lr_lbfgs,1,24,auprc,0.051087414212081954
2450,,,,guo_icu,guo_icu,clinicalbert_type2_max_pool,lr_lbfgs,1,24,brier,0.3161053118560265
2451,,,,guo_icu,guo_icu,clinicalbert_type2_max_pool,lr_lbfgs,2,24,auroc,0.7287066055930569
2452,,,,guo_icu,guo_icu,clinicalbert_type2_max_pool,lr_lbfgs,2,24,auprc,0.11291133352339736
2453,,,,guo_icu,guo_icu,clinicalbert_type2_max_pool,lr_lbfgs,2,24,brier,0.33066901946726057
2454,,,,guo_icu,guo_icu,clinicalbert_type2_max_pool,lr_lbfgs,3,24,auroc,0.6605412246865959
2455,,,,guo_icu,guo_icu,clinicalbert_type2_max_pool,lr_lbfgs,3,24,auprc,0.07022940252845995
2456,,,,guo_icu,guo_icu,clinicalbert_type2_max_pool,lr_lbfgs,3,24,brier,0.22698129427821415
2457,,,,guo_icu,guo_icu,clinicalbert_type2_max_pool,lr_lbfgs,4,24,auroc,0.6210583413693346
2458,,,,guo_icu,guo_icu,clinicalbert_type2_max_pool,lr_lbfgs,4,24,auprc,0.060754060184160893
2459,,,,guo_icu,guo_icu,clinicalbert_type2_max_pool,lr_lbfgs,4,24,brier,0.29282256474915414
2460,,,,guo_icu,guo_icu,clinicalbert_type2_max_pool,lr_lbfgs,0,32,auroc,0.6704797492767598
2461,,,,guo_icu,guo_icu,clinicalbert_type2_max_pool,lr_lbfgs,0,32,auprc,0.09737944415887842
2462,,,,guo_icu,guo_icu,clinicalbert_type2_max_pool,lr_lbfgs,0,32,brier,0.23186588036824665
2463,,,,guo_icu,guo_icu,clinicalbert_type2_max_pool,lr_lbfgs,1,32,auroc,0.5720889585342334
2464,,,,guo_icu,guo_icu,clinicalbert_type2_max_pool,lr_lbfgs,1,32,auprc,0.04981687700706959
2465,,,,guo_icu,guo_icu,clinicalbert_type2_max_pool,lr_lbfgs,1,32,brier,0.3828332583534485
2466,,,,guo_icu,guo_icu,clinicalbert_type2_max_pool,lr_lbfgs,2,32,auroc,0.7589440694310512
2467,,,,guo_icu,guo_icu,clinicalbert_type2_max_pool,lr_lbfgs,2,32,auprc,0.11805733038689213
2468,,,,guo_icu,guo_icu,clinicalbert_type2_max_pool,lr_lbfgs,2,32,brier,0.30065318643515077
2469,,,,guo_icu,guo_icu,clinicalbert_type2_max_pool,lr_lbfgs,3,32,auroc,0.6400554484088717
2470,,,,guo_icu,guo_icu,clinicalbert_type2_max_pool,lr_lbfgs,3,32,auprc,0.062482583190674956
2471,,,,guo_icu,guo_icu,clinicalbert_type2_max_pool,lr_lbfgs,3,32,brier,0.3903626689337135
2472,,,,guo_icu,guo_icu,clinicalbert_type2_max_pool,lr_lbfgs,4,32,auroc,0.6828953712632593
2473,,,,guo_icu,guo_icu,clinicalbert_type2_max_pool,lr_lbfgs,4,32,auprc,0.08312232806894881
2474,,,,guo_icu,guo_icu,clinicalbert_type2_max_pool,lr_lbfgs,4,32,brier,0.25045788107337136
2475,,,,guo_icu,guo_icu,clinicalbert_type2_max_pool,lr_lbfgs,0,48,auroc,0.6992647058823529
2476,,,,guo_icu,guo_icu,clinicalbert_type2_max_pool,lr_lbfgs,0,48,auprc,0.10845982081892569
2477,,,,guo_icu,guo_icu,clinicalbert_type2_max_pool,lr_lbfgs,0,48,brier,0.29243339133474217
2478,,,,guo_icu,guo_icu,clinicalbert_type2_max_pool,lr_lbfgs,1,48,auroc,0.5770612343297975
2479,,,,guo_icu,guo_icu,clinicalbert_type2_max_pool,lr_lbfgs,1,48,auprc,0.05013180976583618
2480,,,,guo_icu,guo_icu,clinicalbert_type2_max_pool,lr_lbfgs,1,48,brier,0.3565291617104131
2481,,,,guo_icu,guo_icu,clinicalbert_type2_max_pool,lr_lbfgs,2,48,auroc,0.7791947926711668
2482,,,,guo_icu,guo_icu,clinicalbert_type2_max_pool,lr_lbfgs,2,48,auprc,0.10363145292792039
2483,,,,guo_icu,guo_icu,clinicalbert_type2_max_pool,lr_lbfgs,2,48,brier,0.24331399429049072
2484,,,,guo_icu,guo_icu,clinicalbert_type2_max_pool,lr_lbfgs,3,48,auroc,0.6750421890067502
2485,,,,guo_icu,guo_icu,clinicalbert_type2_max_pool,lr_lbfgs,3,48,auprc,0.07429136792442931
2486,,,,guo_icu,guo_icu,clinicalbert_type2_max_pool,lr_lbfgs,3,48,brier,0.23048623738599466
2487,,,,guo_icu,guo_icu,clinicalbert_type2_max_pool,lr_lbfgs,4,48,auroc,0.7182316779170685
2488,,,,guo_icu,guo_icu,clinicalbert_type2_max_pool,lr_lbfgs,4,48,auprc,0.10210305903640463
2489,,,,guo_icu,guo_icu,clinicalbert_type2_max_pool,lr_lbfgs,4,48,brier,0.3113703176597892
2490,,,,guo_icu,guo_icu,clinicalbert_type2_max_pool,lr_lbfgs,0,64,auroc,0.7654291224686596
2491,,,,guo_icu,guo_icu,clinicalbert_type2_max_pool,lr_lbfgs,0,64,auprc,0.15154433275567555
2492,,,,guo_icu,guo_icu,clinicalbert_type2_max_pool,lr_lbfgs,0,64,brier,0.21628464123776145
2493,,,,guo_icu,guo_icu,clinicalbert_type2_max_pool,lr_lbfgs,1,64,auroc,0.5976464561234329
2494,,,,guo_icu,guo_icu,clinicalbert_type2_max_pool,lr_lbfgs,1,64,auprc,0.05182680624376408
2495,,,,guo_icu,guo_icu,clinicalbert_type2_max_pool,lr_lbfgs,1,64,brier,0.3824824216536246
2496,,,,guo_icu,guo_icu,clinicalbert_type2_max_pool,lr_lbfgs,2,64,auroc,0.8011391031822566
2497,,,,guo_icu,guo_icu,clinicalbert_type2_max_pool,lr_lbfgs,2,64,auprc,0.1607781160198324
2498,,,,guo_icu,guo_icu,clinicalbert_type2_max_pool,lr_lbfgs,2,64,brier,0.18021098978344469
2499,,,,guo_icu,guo_icu,clinicalbert_type2_max_pool,lr_lbfgs,3,64,auroc,0.6761843056894888
2500,,,,guo_icu,guo_icu,clinicalbert_type2_max_pool,lr_lbfgs,3,64,auprc,0.06760834344085637
2501,,,,guo_icu,guo_icu,clinicalbert_type2_max_pool,lr_lbfgs,3,64,brier,0.3363258907223712
2502,,,,guo_icu,guo_icu,clinicalbert_type2_max_pool,lr_lbfgs,4,64,auroc,0.6882352941176471
2503,,,,guo_icu,guo_icu,clinicalbert_type2_max_pool,lr_lbfgs,4,64,auprc,0.07238206350213146
2504,,,,guo_icu,guo_icu,clinicalbert_type2_max_pool,lr_lbfgs,4,64,brier,0.2167185182793598
2505,,,,guo_icu,guo_icu,clinicalbert_type2_max_pool,lr_lbfgs,0,128,auroc,0.7596190935390549
2506,,,,guo_icu,guo_icu,clinicalbert_type2_max_pool,lr_lbfgs,0,128,auprc,0.1285928305153276
2507,,,,guo_icu,guo_icu,clinicalbert_type2_max_pool,lr_lbfgs,0,128,brier,0.19881812306379437
2508,,,,guo_icu,guo_icu,clinicalbert_type2_max_pool,lr_lbfgs,1,128,auroc,0.7304544358727098
2509,,,,guo_icu,guo_icu,clinicalbert_type2_max_pool,lr_lbfgs,1,128,auprc,0.08567421304805106
2510,,,,guo_icu,guo_icu,clinicalbert_type2_max_pool,lr_lbfgs,1,128,brier,0.1989337926661116
2511,,,,guo_icu,guo_icu,clinicalbert_type2_max_pool,lr_lbfgs,2,128,auroc,0.7601434426229509
2512,,,,guo_icu,guo_icu,clinicalbert_type2_max_pool,lr_lbfgs,2,128,auprc,0.09949878439700567
2513,,,,guo_icu,guo_icu,clinicalbert_type2_max_pool,lr_lbfgs,2,128,brier,0.20544678861558066
2514,,,,guo_icu,guo_icu,clinicalbert_type2_max_pool,lr_lbfgs,3,128,auroc,0.7243671648987463
2515,,,,guo_icu,guo_icu,clinicalbert_type2_max_pool,lr_lbfgs,3,128,auprc,0.09918401602565494
2516,,,,guo_icu,guo_icu,clinicalbert_type2_max_pool,lr_lbfgs,3,128,brier,0.2188074604265929
2517,,,,guo_icu,guo_icu,clinicalbert_type2_max_pool,lr_lbfgs,4,128,auroc,0.769370781099325
2518,,,,guo_icu,guo_icu,clinicalbert_type2_max_pool,lr_lbfgs,4,128,auprc,0.10094590347354622
2519,,,,guo_icu,guo_icu,clinicalbert_type2_max_pool,lr_lbfgs,4,128,brier,0.19671977140670877
2520,,,,guo_icu,guo_icu,clinicalbert_type2_max_pool,knn,0,-1,auroc,0.6523987463837996
2521,,,,guo_icu,guo_icu,clinicalbert_type2_max_pool,knn,0,-1,auprc,0.10928263636336157
2522,,,,guo_icu,guo_icu,clinicalbert_type2_max_pool,knn,0,-1,brier,0.04415912310737919
2523,,,,guo_icu,guo_icu,clinicalbert_type2_max_pool,knn,0,1,auroc,0.5389766152362585
2524,,,,guo_icu,guo_icu,clinicalbert_type2_max_pool,knn,0,1,auprc,0.045278690077210706
2525,,,,guo_icu,guo_icu,clinicalbert_type2_max_pool,knn,0,1,brier,0.5277368679430535
2526,,,,guo_icu,guo_icu,clinicalbert_type2_max_pool,knn,1,1,auroc,0.5247679604628737
2527,,,,guo_icu,guo_icu,clinicalbert_type2_max_pool,knn,1,1,auprc,0.04395125765300248
2528,,,,guo_icu,guo_icu,clinicalbert_type2_max_pool,knn,1,1,brier,0.39322533136966126
2529,,,,guo_icu,guo_icu,clinicalbert_type2_max_pool,knn,2,1,auroc,0.5701964802314368
2530,,,,guo_icu,guo_icu,clinicalbert_type2_max_pool,knn,2,1,auprc,0.0514664637033056
2531,,,,guo_icu,guo_icu,clinicalbert_type2_max_pool,knn,2,1,brier,0.19833087874324987
2532,,,,guo_icu,guo_icu,clinicalbert_type2_max_pool,knn,3,1,auroc,0.5130876325940212
2533,,,,guo_icu,guo_icu,clinicalbert_type2_max_pool,knn,3,1,auprc,0.042817720265570125
2534,,,,guo_icu,guo_icu,clinicalbert_type2_max_pool,knn,3,1,brier,0.5989199803632793
2535,,,,guo_icu,guo_icu,clinicalbert_type2_max_pool,knn,4,1,auroc,0.5413482401157185
2536,,,,guo_icu,guo_icu,clinicalbert_type2_max_pool,knn,4,1,auprc,0.045370939151842926
2537,,,,guo_icu,guo_icu,clinicalbert_type2_max_pool,knn,4,1,brier,0.7496318114874816
2538,,,,guo_icu,guo_icu,clinicalbert_type2_max_pool,knn,0,2,auroc,0.5324795081967213
2539,,,,guo_icu,guo_icu,clinicalbert_type2_max_pool,knn,0,2,auprc,0.057272264594759335
2540,,,,guo_icu,guo_icu,clinicalbert_type2_max_pool,knn,0,2,brier,0.4018118365748824
2541,,,,guo_icu,guo_icu,clinicalbert_type2_max_pool,knn,1,2,auroc,0.5204978302796528
2542,,,,guo_icu,guo_icu,clinicalbert_type2_max_pool,knn,1,2,auprc,0.04347126404272886
2543,,,,guo_icu,guo_icu,clinicalbert_type2_max_pool,knn,1,2,brier,0.6062837506136475
2544,,,,guo_icu,guo_icu,clinicalbert_type2_max_pool,knn,2,2,auroc,0.5385758196721312
2545,,,,guo_icu,guo_icu,clinicalbert_type2_max_pool,knn,2,2,auprc,0.04512721547915291
2546,,,,guo_icu,guo_icu,clinicalbert_type2_max_pool,knn,2,2,brier,0.7010309278350515
2547,,,,guo_icu,guo_icu,clinicalbert_type2_max_pool,knn,3,2,auroc,0.6179664898746383
2548,,,,guo_icu,guo_icu,clinicalbert_type2_max_pool,knn,3,2,auprc,0.08045838888692913
2549,,,,guo_icu,guo_icu,clinicalbert_type2_max_pool,knn,3,2,brier,0.15744475208572645
2550,,,,guo_icu,guo_icu,clinicalbert_type2_max_pool,knn,4,2,auroc,0.5032696480231436
2551,,,,guo_icu,guo_icu,clinicalbert_type2_max_pool,knn,4,2,auprc,0.04199355786347389
2552,,,,guo_icu,guo_icu,clinicalbert_type2_max_pool,knn,4,2,brier,0.41286205203730975
2553,,,,guo_icu,guo_icu,clinicalbert_type2_max_pool,knn,0,4,auroc,0.5499005544840887
2554,,,,guo_icu,guo_icu,clinicalbert_type2_max_pool,knn,0,4,auprc,0.05785769817176585
2555,,,,guo_icu,guo_icu,clinicalbert_type2_max_pool,knn,0,4,brier,0.42504220678106536
2556,,,,guo_icu,guo_icu,clinicalbert_type2_max_pool,knn,1,4,auroc,0.4800687078109932
2557,,,,guo_icu,guo_icu,clinicalbert_type2_max_pool,knn,1,4,auprc,0.04050225843331488
2558,,,,guo_icu,guo_icu,clinicalbert_type2_max_pool,knn,1,4,brier,0.30775161522977906
2559,,,,guo_icu,guo_icu,clinicalbert_type2_max_pool,knn,2,4,auroc,0.5519286403085824
2560,,,,guo_icu,guo_icu,clinicalbert_type2_max_pool,knn,2,4,auprc,0.047028342005154836
2561,,,,guo_icu,guo_icu,clinicalbert_type2_max_pool,knn,2,4,brier,0.23690273538759693
2562,,,,guo_icu,guo_icu,clinicalbert_type2_max_pool,knn,3,4,auroc,0.5430327868852459
2563,,,,guo_icu,guo_icu,clinicalbert_type2_max_pool,knn,3,4,auprc,0.047123134570072105
2564,,,,guo_icu,guo_icu,clinicalbert_type2_max_pool,knn,3,4,brier,0.21771232204221902
2565,,,,guo_icu,guo_icu,clinicalbert_type2_max_pool,knn,4,4,auroc,0.48429363548698173
2566,,,,guo_icu,guo_icu,clinicalbert_type2_max_pool,knn,4,4,auprc,0.04105537670378122
2567,,,,guo_icu,guo_icu,clinicalbert_type2_max_pool,knn,4,4,brier,0.32064801178203245
2568,,,,guo_icu,guo_icu,clinicalbert_type2_max_pool,knn,0,8,auroc,0.5065965525554483
2569,,,,guo_icu,guo_icu,clinicalbert_type2_max_pool,knn,0,8,auprc,0.04430854561674484
2570,,,,guo_icu,guo_icu,clinicalbert_type2_max_pool,knn,0,8,brier,0.36379148842426334
2571,,,,guo_icu,guo_icu,clinicalbert_type2_max_pool,knn,1,8,auroc,0.488045443587271
2572,,,,guo_icu,guo_icu,clinicalbert_type2_max_pool,knn,1,8,auprc,0.04100367270640393
2573,,,,guo_icu,guo_icu,clinicalbert_type2_max_pool,knn,1,8,brier,0.24465390279823274
2574,,,,guo_icu,guo_icu,clinicalbert_type2_max_pool,knn,2,8,auroc,0.5674722757955641
2575,,,,guo_icu,guo_icu,clinicalbert_type2_max_pool,knn,2,8,auprc,0.08436931362376472
2576,,,,guo_icu,guo_icu,clinicalbert_type2_max_pool,knn,2,8,brier,0.27703019479181984
2577,,,,guo_icu,guo_icu,clinicalbert_type2_max_pool,knn,3,8,auroc,0.6178248553519767
2578,,,,guo_icu,guo_icu,clinicalbert_type2_max_pool,knn,3,8,auprc,0.055935030528904396
2579,,,,guo_icu,guo_icu,clinicalbert_type2_max_pool,knn,3,8,brier,0.43053510063819345
2580,,,,guo_icu,guo_icu,clinicalbert_type2_max_pool,knn,4,8,auroc,0.5685089199614272
2581,,,,guo_icu,guo_icu,clinicalbert_type2_max_pool,knn,4,8,auprc,0.04821199957646288
2582,,,,guo_icu,guo_icu,clinicalbert_type2_max_pool,knn,4,8,brier,0.6867943053510064
2583,,,,guo_icu,guo_icu,clinicalbert_type2_max_pool,knn,0,12,auroc,0.5231376567020251
2584,,,,guo_icu,guo_icu,clinicalbert_type2_max_pool,knn,0,12,auprc,0.04507953687521429
2585,,,,guo_icu,guo_icu,clinicalbert_type2_max_pool,knn,0,12,brier,0.364025527736868
2586,,,,guo_icu,guo_icu,clinicalbert_type2_max_pool,knn,1,12,auroc,0.6141845467695275
2587,,,,guo_icu,guo_icu,clinicalbert_type2_max_pool,knn,1,12,auprc,0.05468564528361534
2588,,,,guo_icu,guo_icu,clinicalbert_type2_max_pool,knn,1,12,brier,0.5022091310751104
2589,,,,guo_icu,guo_icu,clinicalbert_type2_max_pool,knn,2,12,auroc,0.6177013018322083
2590,,,,guo_icu,guo_icu,clinicalbert_type2_max_pool,knn,2,12,auprc,0.06065892981641079
2591,,,,guo_icu,guo_icu,clinicalbert_type2_max_pool,knn,2,12,brier,0.3751173739255505
2592,,,,guo_icu,guo_icu,clinicalbert_type2_max_pool,knn,3,12,auroc,0.6623854869816779
2593,,,,guo_icu,guo_icu,clinicalbert_type2_max_pool,knn,3,12,auprc,0.07015101614296237
2594,,,,guo_icu,guo_icu,clinicalbert_type2_max_pool,knn,3,12,brier,0.32166039382534223
2595,,,,guo_icu,guo_icu,clinicalbert_type2_max_pool,knn,4,12,auroc,0.5706906943105111
2596,,,,guo_icu,guo_icu,clinicalbert_type2_max_pool,knn,4,12,auprc,0.05198617036918195
2597,,,,guo_icu,guo_icu,clinicalbert_type2_max_pool,knn,4,12,brier,0.4883063328424154
2598,,,,guo_icu,guo_icu,clinicalbert_type2_max_pool,knn,0,16,auroc,0.5320817261330761
2599,,,,guo_icu,guo_icu,clinicalbert_type2_max_pool,knn,0,16,auprc,0.04510494618395906
2600,,,,guo_icu,guo_icu,clinicalbert_type2_max_pool,knn,0,16,brier,0.35035182457862873
2601,,,,guo_icu,guo_icu,clinicalbert_type2_max_pool,knn,1,16,auroc,0.534655255544841
2602,,,,guo_icu,guo_icu,clinicalbert_type2_max_pool,knn,1,16,auprc,0.04803938911803915
2603,,,,guo_icu,guo_icu,clinicalbert_type2_max_pool,knn,1,16,brier,0.35355915562101137
2604,,,,guo_icu,guo_icu,clinicalbert_type2_max_pool,knn,2,16,auroc,0.6397209498553519
2605,,,,guo_icu,guo_icu,clinicalbert_type2_max_pool,knn,2,16,auprc,0.06352578587368775
2606,,,,guo_icu,guo_icu,clinicalbert_type2_max_pool,knn,2,16,brier,0.33608927666137717
2607,,,,guo_icu,guo_icu,clinicalbert_type2_max_pool,knn,3,16,auroc,0.593297974927676
2608,,,,guo_icu,guo_icu,clinicalbert_type2_max_pool,knn,3,16,auprc,0.052448035507312765
2609,,,,guo_icu,guo_icu,clinicalbert_type2_max_pool,knn,3,16,brier,0.4020618556701031
2610,,,,guo_icu,guo_icu,clinicalbert_type2_max_pool,knn,4,16,auroc,0.4685541224686597
2611,,,,guo_icu,guo_icu,clinicalbert_type2_max_pool,knn,4,16,auprc,0.039446903260863406
2612,,,,guo_icu,guo_icu,clinicalbert_type2_max_pool,knn,4,16,brier,0.6411389297987237
2613,,,,guo_icu,guo_icu,clinicalbert_type2_max_pool,knn,0,24,auroc,0.6184185149469623
2614,,,,guo_icu,guo_icu,clinicalbert_type2_max_pool,knn,0,24,auprc,0.05391277715254834
2615,,,,guo_icu,guo_icu,clinicalbert_type2_max_pool,knn,0,24,brier,0.3076957732884455
2616,,,,guo_icu,guo_icu,clinicalbert_type2_max_pool,knn,1,24,auroc,0.6275072324011572
2617,,,,guo_icu,guo_icu,clinicalbert_type2_max_pool,knn,1,24,auprc,0.06498277176310202
2618,,,,guo_icu,guo_icu,clinicalbert_type2_max_pool,knn,1,24,brier,0.3336172643915027
2619,,,,guo_icu,guo_icu,clinicalbert_type2_max_pool,knn,2,24,auroc,0.677561475409836
2620,,,,guo_icu,guo_icu,clinicalbert_type2_max_pool,knn,2,24,auprc,0.0838114151510295
2621,,,,guo_icu,guo_icu,clinicalbert_type2_max_pool,knn,2,24,brier,0.2862360735690164
2622,,,,guo_icu,guo_icu,clinicalbert_type2_max_pool,knn,3,24,auroc,0.6333925988428157
2623,,,,guo_icu,guo_icu,clinicalbert_type2_max_pool,knn,3,24,auprc,0.07203990720925718
2624,,,,guo_icu,guo_icu,clinicalbert_type2_max_pool,knn,3,24,brier,0.2687383325486124
2625,,,,guo_icu,guo_icu,clinicalbert_type2_max_pool,knn,4,24,auroc,0.536915380906461
2626,,,,guo_icu,guo_icu,clinicalbert_type2_max_pool,knn,4,24,auprc,0.044728777545029824
2627,,,,guo_icu,guo_icu,clinicalbert_type2_max_pool,knn,4,24,brier,0.3644793541700758
2628,,,,guo_icu,guo_icu,clinicalbert_type2_max_pool,knn,0,32,auroc,0.587047974927676
2629,,,,guo_icu,guo_icu,clinicalbert_type2_max_pool,knn,0,32,auprc,0.05292272036152456
2630,,,,guo_icu,guo_icu,clinicalbert_type2_max_pool,knn,0,32,brier,0.3165388205763815
2631,,,,guo_icu,guo_icu,clinicalbert_type2_max_pool,knn,1,32,auroc,0.6359872227579557
2632,,,,guo_icu,guo_icu,clinicalbert_type2_max_pool,knn,1,32,auprc,0.06271841167487852
2633,,,,guo_icu,guo_icu,clinicalbert_type2_max_pool,knn,1,32,brier,0.3109405818856555
2634,,,,guo_icu,guo_icu,clinicalbert_type2_max_pool,knn,2,32,auroc,0.7145250723240115
2635,,,,guo_icu,guo_icu,clinicalbert_type2_max_pool,knn,2,32,auprc,0.09506701558830659
2636,,,,guo_icu,guo_icu,clinicalbert_type2_max_pool,knn,2,32,brier,0.28066193685706575
2637,,,,guo_icu,guo_icu,clinicalbert_type2_max_pool,knn,3,32,auroc,0.6334378013500482
2638,,,,guo_icu,guo_icu,clinicalbert_type2_max_pool,knn,3,32,auprc,0.08131161483584676
2639,,,,guo_icu,guo_icu,clinicalbert_type2_max_pool,knn,3,32,brier,0.23304563086850513
2640,,,,guo_icu,guo_icu,clinicalbert_type2_max_pool,knn,4,32,auroc,0.5779140549662488
2641,,,,guo_icu,guo_icu,clinicalbert_type2_max_pool,knn,4,32,auprc,0.04989032482912324
2642,,,,guo_icu,guo_icu,clinicalbert_type2_max_pool,knn,4,32,brier,0.3160966563028419
2643,,,,guo_icu,guo_icu,clinicalbert_type2_max_pool,knn,0,48,auroc,0.6417821841851493
2644,,,,guo_icu,guo_icu,clinicalbert_type2_max_pool,knn,0,48,auprc,0.06092920156494933
2645,,,,guo_icu,guo_icu,clinicalbert_type2_max_pool,knn,0,48,brier,0.28267059401080025
2646,,,,guo_icu,guo_icu,clinicalbert_type2_max_pool,knn,1,48,auroc,0.6673969382835101
2647,,,,guo_icu,guo_icu,clinicalbert_type2_max_pool,knn,1,48,auprc,0.06696636700865224
2648,,,,guo_icu,guo_icu,clinicalbert_type2_max_pool,knn,1,48,brier,0.30506097665058607
2649,,,,guo_icu,guo_icu,clinicalbert_type2_max_pool,knn,2,48,auroc,0.7346793635486981
2650,,,,guo_icu,guo_icu,clinicalbert_type2_max_pool,knn,2,48,auprc,0.09312140840771875
2651,,,,guo_icu,guo_icu,clinicalbert_type2_max_pool,knn,2,48,brier,0.23769287323141924
2652,,,,guo_icu,guo_icu,clinicalbert_type2_max_pool,knn,3,48,auroc,0.6315242285438766
2653,,,,guo_icu,guo_icu,clinicalbert_type2_max_pool,knn,3,48,auprc,0.06394924226411784
2654,,,,guo_icu,guo_icu,clinicalbert_type2_max_pool,knn,3,48,brier,0.22707402653525216
2655,,,,guo_icu,guo_icu,clinicalbert_type2_max_pool,knn,4,48,auroc,0.6103664416586306
2656,,,,guo_icu,guo_icu,clinicalbert_type2_max_pool,knn,4,48,auprc,0.05883825444820616
2657,,,,guo_icu,guo_icu,clinicalbert_type2_max_pool,knn,4,48,brier,0.3197839960726559
2658,,,,guo_icu,guo_icu,clinicalbert_type2_max_pool,knn,0,64,auroc,0.6994635969141755
2659,,,,guo_icu,guo_icu,clinicalbert_type2_max_pool,knn,0,64,auprc,0.09619777721284596
2660,,,,guo_icu,guo_icu,clinicalbert_type2_max_pool,knn,0,64,brier,0.2556579929905268
2661,,,,guo_icu,guo_icu,clinicalbert_type2_max_pool,knn,1,64,auroc,0.7025855834136934
2662,,,,guo_icu,guo_icu,clinicalbert_type2_max_pool,knn,1,64,auprc,0.07184612867274981
2663,,,,guo_icu,guo_icu,clinicalbert_type2_max_pool,knn,1,64,brier,0.28752924382617456
2664,,,,guo_icu,guo_icu,clinicalbert_type2_max_pool,knn,2,64,auroc,0.7411403085824494
2665,,,,guo_icu,guo_icu,clinicalbert_type2_max_pool,knn,2,64,auprc,0.10581723176568186
2666,,,,guo_icu,guo_icu,clinicalbert_type2_max_pool,knn,2,64,brier,0.24009973469124346
2667,,,,guo_icu,guo_icu,clinicalbert_type2_max_pool,knn,3,64,auroc,0.6818647540983607
2668,,,,guo_icu,guo_icu,clinicalbert_type2_max_pool,knn,3,64,auprc,0.08397819949368249
2669,,,,guo_icu,guo_icu,clinicalbert_type2_max_pool,knn,3,64,brier,0.22190218957636307
2670,,,,guo_icu,guo_icu,clinicalbert_type2_max_pool,knn,4,64,auroc,0.6496986499517841
2671,,,,guo_icu,guo_icu,clinicalbert_type2_max_pool,knn,4,64,auprc,0.06399533252651524
2672,,,,guo_icu,guo_icu,clinicalbert_type2_max_pool,knn,4,64,brier,0.3040873346052927
2673,,,,guo_icu,guo_icu,clinicalbert_type2_max_pool,knn,0,128,auroc,0.7679363548698168
2674,,,,guo_icu,guo_icu,clinicalbert_type2_max_pool,knn,0,128,auprc,0.09909039466278292
2675,,,,guo_icu,guo_icu,clinicalbert_type2_max_pool,knn,0,128,brier,0.2410948516471718
2676,,,,guo_icu,guo_icu,clinicalbert_type2_max_pool,knn,1,128,auroc,0.7770973963355834
2677,,,,guo_icu,guo_icu,clinicalbert_type2_max_pool,knn,1,128,auprc,0.11199270115231504
2678,,,,guo_icu,guo_icu,clinicalbert_type2_max_pool,knn,1,128,brier,0.24374697532984804
2679,,,,guo_icu,guo_icu,clinicalbert_type2_max_pool,knn,2,128,auroc,0.7813554725168756
2680,,,,guo_icu,guo_icu,clinicalbert_type2_max_pool,knn,2,128,auprc,0.12628384945656537
2681,,,,guo_icu,guo_icu,clinicalbert_type2_max_pool,knn,2,128,brier,0.2506705574171617
2682,,,,guo_icu,guo_icu,clinicalbert_type2_max_pool,knn,3,128,auroc,0.7317803760848602
2683,,,,guo_icu,guo_icu,clinicalbert_type2_max_pool,knn,3,128,auprc,0.0934802119427032
2684,,,,guo_icu,guo_icu,clinicalbert_type2_max_pool,knn,3,128,brier,0.2216351865629958
2685,,,,guo_icu,guo_icu,clinicalbert_type2_max_pool,knn,4,128,auroc,0.7512656702025072
2686,,,,guo_icu,guo_icu,clinicalbert_type2_max_pool,knn,4,128,auprc,0.09121413221494938
2687,,,,guo_icu,guo_icu,clinicalbert_type2_max_pool,knn,4,128,brier,0.25889545267648667
2688,,,,guo_icu,guo_icu,clinicalbert_type2_max_pool,rf,0,-1,auroc,0.6938102700096432
2689,,,,guo_icu,guo_icu,clinicalbert_type2_max_pool,rf,0,-1,auprc,0.09842241573596072
2690,,,,guo_icu,guo_icu,clinicalbert_type2_max_pool,rf,0,-1,brier,0.03917271775003324
2691,,,,guo_icu,guo_icu,clinicalbert_type2_max_pool,rf,0,1,auroc,0.5506177675988428
2692,,,,guo_icu,guo_icu,clinicalbert_type2_max_pool,rf,0,1,auprc,0.047184486095455384
2693,,,,guo_icu,guo_icu,clinicalbert_type2_max_pool,rf,0,1,brier,0.40612174766813947
2694,,,,guo_icu,guo_icu,clinicalbert_type2_max_pool,rf,1,1,auroc,0.5225168756027002
2695,,,,guo_icu,guo_icu,clinicalbert_type2_max_pool,rf,1,1,auprc,0.04546503666624858
2696,,,,guo_icu,guo_icu,clinicalbert_type2_max_pool,rf,1,1,brier,0.47242022582228776
2697,,,,guo_icu,guo_icu,clinicalbert_type2_max_pool,rf,2,1,auroc,0.5841248794599807
2698,,,,guo_icu,guo_icu,clinicalbert_type2_max_pool,rf,2,1,auprc,0.059669928021766155
2699,,,,guo_icu,guo_icu,clinicalbert_type2_max_pool,rf,2,1,brier,0.33731222385861565
2700,,,,guo_icu,guo_icu,clinicalbert_type2_max_pool,rf,3,1,auroc,0.5011029411764705
2701,,,,guo_icu,guo_icu,clinicalbert_type2_max_pool,rf,3,1,auprc,0.04132192050262061
2702,,,,guo_icu,guo_icu,clinicalbert_type2_max_pool,rf,3,1,brier,0.3490193912616593
2703,,,,guo_icu,guo_icu,clinicalbert_type2_max_pool,rf,4,1,auroc,0.544672131147541
2704,,,,guo_icu,guo_icu,clinicalbert_type2_max_pool,rf,4,1,auprc,0.04677253212277494
2705,,,,guo_icu,guo_icu,clinicalbert_type2_max_pool,rf,4,1,brier,0.31018532155130096
2706,,,,guo_icu,guo_icu,clinicalbert_type2_max_pool,rf,0,2,auroc,0.5008076181292189
2707,,,,guo_icu,guo_icu,clinicalbert_type2_max_pool,rf,0,2,auprc,0.0409291603181123
2708,,,,guo_icu,guo_icu,clinicalbert_type2_max_pool,rf,0,2,brier,0.26168139420716746
2709,,,,guo_icu,guo_icu,clinicalbert_type2_max_pool,rf,1,2,auroc,0.501732762777242
2710,,,,guo_icu,guo_icu,clinicalbert_type2_max_pool,rf,1,2,auprc,0.05421510601612588
2711,,,,guo_icu,guo_icu,clinicalbert_type2_max_pool,rf,1,2,brier,0.3564506627393226
2712,,,,guo_icu,guo_icu,clinicalbert_type2_max_pool,rf,2,2,auroc,0.49619997589199616
2713,,,,guo_icu,guo_icu,clinicalbert_type2_max_pool,rf,2,2,auprc,0.04177529454838506
2714,,,,guo_icu,guo_icu,clinicalbert_type2_max_pool,rf,2,2,brier,0.39543568973981347
2715,,,,guo_icu,guo_icu,clinicalbert_type2_max_pool,rf,3,2,auroc,0.6126627290260367
2716,,,,guo_icu,guo_icu,clinicalbert_type2_max_pool,rf,3,2,auprc,0.08425262236424269
2717,,,,guo_icu,guo_icu,clinicalbert_type2_max_pool,rf,3,2,brier,0.2392799541809851
2718,,,,guo_icu,guo_icu,clinicalbert_type2_max_pool,rf,4,2,auroc,0.47475590646094507
2719,,,,guo_icu,guo_icu,clinicalbert_type2_max_pool,rf,4,2,auprc,0.04497575150143209
2720,,,,guo_icu,guo_icu,clinicalbert_type2_max_pool,rf,4,2,brier,0.34712322042218957
2721,,,,guo_icu,guo_icu,clinicalbert_type2_max_pool,rf,0,4,auroc,0.55150675024108
2722,,,,guo_icu,guo_icu,clinicalbert_type2_max_pool,rf,0,4,auprc,0.05030937480304027
2723,,,,guo_icu,guo_icu,clinicalbert_type2_max_pool,rf,0,4,brier,0.352179675994109
2724,,,,guo_icu,guo_icu,clinicalbert_type2_max_pool,rf,1,4,auroc,0.5330400192864031
2725,,,,guo_icu,guo_icu,clinicalbert_type2_max_pool,rf,1,4,auprc,0.04970391082405677
2726,,,,guo_icu,guo_icu,clinicalbert_type2_max_pool,rf,1,4,brier,0.29966912125675016
2727,,,,guo_icu,guo_icu,clinicalbert_type2_max_pool,rf,2,4,auroc,0.5203140067502411
2728,,,,guo_icu,guo_icu,clinicalbert_type2_max_pool,rf,2,4,auprc,0.043142251318888325
2729,,,,guo_icu,guo_icu,clinicalbert_type2_max_pool,rf,2,4,brier,0.2801570937653412
2730,,,,guo_icu,guo_icu,clinicalbert_type2_max_pool,rf,3,4,auroc,0.5872107039537128
2731,,,,guo_icu,guo_icu,clinicalbert_type2_max_pool,rf,3,4,auprc,0.06691544109924377
2732,,,,guo_icu,guo_icu,clinicalbert_type2_max_pool,rf,3,4,brier,0.22978753068237603
2733,,,,guo_icu,guo_icu,clinicalbert_type2_max_pool,rf,4,4,auroc,0.5046046287367406
2734,,,,guo_icu,guo_icu,clinicalbert_type2_max_pool,rf,4,4,auprc,0.047034602523236234
2735,,,,guo_icu,guo_icu,clinicalbert_type2_max_pool,rf,4,4,brier,0.31287677957781046
2736,,,,guo_icu,guo_icu,clinicalbert_type2_max_pool,rf,0,8,auroc,0.520350168756027
2737,,,,guo_icu,guo_icu,clinicalbert_type2_max_pool,rf,0,8,auprc,0.04495178439936346
2738,,,,guo_icu,guo_icu,clinicalbert_type2_max_pool,rf,0,8,brier,0.31686794305351007
2739,,,,guo_icu,guo_icu,clinicalbert_type2_max_pool,rf,1,8,auroc,0.5086336788813888
2740,,,,guo_icu,guo_icu,clinicalbert_type2_max_pool,rf,1,8,auprc,0.045177748511731564
2741,,,,guo_icu,guo_icu,clinicalbert_type2_max_pool,rf,1,8,brier,0.2403247913598429
2742,,,,guo_icu,guo_icu,clinicalbert_type2_max_pool,rf,2,8,auroc,0.6179152603664417
2743,,,,guo_icu,guo_icu,clinicalbert_type2_max_pool,rf,2,8,auprc,0.061051265151804195
2744,,,,guo_icu,guo_icu,clinicalbert_type2_max_pool,rf,2,8,brier,0.2616263132056947
2745,,,,guo_icu,guo_icu,clinicalbert_type2_max_pool,rf,3,8,auroc,0.64649831243973
2746,,,,guo_icu,guo_icu,clinicalbert_type2_max_pool,rf,3,8,auprc,0.07490294246499883
2747,,,,guo_icu,guo_icu,clinicalbert_type2_max_pool,rf,3,8,brier,0.2013524791359843
2748,,,,guo_icu,guo_icu,clinicalbert_type2_max_pool,rf,4,8,auroc,0.5038271456123433
2749,,,,guo_icu,guo_icu,clinicalbert_type2_max_pool,rf,4,8,auprc,0.043665157202218516
2750,,,,guo_icu,guo_icu,clinicalbert_type2_max_pool,rf,4,8,brier,0.35448208149239074
2751,,,,guo_icu,guo_icu,clinicalbert_type2_max_pool,rf,0,12,auroc,0.5979116441658631
2752,,,,guo_icu,guo_icu,clinicalbert_type2_max_pool,rf,0,12,auprc,0.05317324081301071
2753,,,,guo_icu,guo_icu,clinicalbert_type2_max_pool,rf,0,12,brier,0.246226558664703
2754,,,,guo_icu,guo_icu,clinicalbert_type2_max_pool,rf,1,12,auroc,0.5062680810028931
2755,,,,guo_icu,guo_icu,clinicalbert_type2_max_pool,rf,1,12,auprc,0.054587120807734264
2756,,,,guo_icu,guo_icu,clinicalbert_type2_max_pool,rf,1,12,brier,0.23056593028964165
2757,,,,guo_icu,guo_icu,clinicalbert_type2_max_pool,rf,2,12,auroc,0.5911192140790742
2758,,,,guo_icu,guo_icu,clinicalbert_type2_max_pool,rf,2,12,auprc,0.07715754113623689
2759,,,,guo_icu,guo_icu,clinicalbert_type2_max_pool,rf,2,12,brier,0.2536610211094747
2760,,,,guo_icu,guo_icu,clinicalbert_type2_max_pool,rf,3,12,auroc,0.6560480954676953
2761,,,,guo_icu,guo_icu,clinicalbert_type2_max_pool,rf,3,12,auprc,0.06469229209794723
2762,,,,guo_icu,guo_icu,clinicalbert_type2_max_pool,rf,3,12,brier,0.24259194894452626
2763,,,,guo_icu,guo_icu,clinicalbert_type2_max_pool,rf,4,12,auroc,0.5361469382835101
2764,,,,guo_icu,guo_icu,clinicalbert_type2_max_pool,rf,4,12,auprc,0.04904856700222975
2765,,,,guo_icu,guo_icu,clinicalbert_type2_max_pool,rf,4,12,brier,0.289833087874325
2766,,,,guo_icu,guo_icu,clinicalbert_type2_max_pool,rf,0,16,auroc,0.5698348601735777
2767,,,,guo_icu,guo_icu,clinicalbert_type2_max_pool,rf,0,16,auprc,0.04993557252724368
2768,,,,guo_icu,guo_icu,clinicalbert_type2_max_pool,rf,0,16,brier,0.2476088365243005
2769,,,,guo_icu,guo_icu,clinicalbert_type2_max_pool,rf,1,16,auroc,0.5080339922854388
2770,,,,guo_icu,guo_icu,clinicalbert_type2_max_pool,rf,1,16,auprc,0.04771519010566937
2771,,,,guo_icu,guo_icu,clinicalbert_type2_max_pool,rf,1,16,brier,0.23199091150783568
2772,,,,guo_icu,guo_icu,clinicalbert_type2_max_pool,rf,2,16,auroc,0.6349566055930569
2773,,,,guo_icu,guo_icu,clinicalbert_type2_max_pool,rf,2,16,auprc,0.06403471382289333
2774,,,,guo_icu,guo_icu,clinicalbert_type2_max_pool,rf,2,16,brier,0.21313395723169792
2775,,,,guo_icu,guo_icu,clinicalbert_type2_max_pool,rf,3,16,auroc,0.6265971552555448
2776,,,,guo_icu,guo_icu,clinicalbert_type2_max_pool,rf,3,16,auprc,0.07266200303880628
2777,,,,guo_icu,guo_icu,clinicalbert_type2_max_pool,rf,3,16,brier,0.23309769268532154
2778,,,,guo_icu,guo_icu,clinicalbert_type2_max_pool,rf,4,16,auroc,0.5130303760848602
2779,,,,guo_icu,guo_icu,clinicalbert_type2_max_pool,rf,4,16,auprc,0.044949860519733424
2780,,,,guo_icu,guo_icu,clinicalbert_type2_max_pool,rf,4,16,brier,0.29033873343151695
2781,,,,guo_icu,guo_icu,clinicalbert_type2_max_pool,rf,0,24,auroc,0.5903929604628737
2782,,,,guo_icu,guo_icu,clinicalbert_type2_max_pool,rf,0,24,auprc,0.08476396640981239
2783,,,,guo_icu,guo_icu,clinicalbert_type2_max_pool,rf,0,24,brier,0.2706283750613647
2784,,,,guo_icu,guo_icu,clinicalbert_type2_max_pool,rf,1,24,auroc,0.5503254580520733
2785,,,,guo_icu,guo_icu,clinicalbert_type2_max_pool,rf,1,24,auprc,0.057496607707708904
2786,,,,guo_icu,guo_icu,clinicalbert_type2_max_pool,rf,1,24,brier,0.2671577810505646
2787,,,,guo_icu,guo_icu,clinicalbert_type2_max_pool,rf,2,24,auroc,0.6920021697203471
2788,,,,guo_icu,guo_icu,clinicalbert_type2_max_pool,rf,2,24,auprc,0.0991831116501892
2789,,,,guo_icu,guo_icu,clinicalbert_type2_max_pool,rf,2,24,brier,0.23494273573511817
2790,,,,guo_icu,guo_icu,clinicalbert_type2_max_pool,rf,3,24,auroc,0.6199312921890067
2791,,,,guo_icu,guo_icu,clinicalbert_type2_max_pool,rf,3,24,auprc,0.07014575895862118
2792,,,,guo_icu,guo_icu,clinicalbert_type2_max_pool,rf,3,24,brier,0.24165878636911567
2793,,,,guo_icu,guo_icu,clinicalbert_type2_max_pool,rf,4,24,auroc,0.49740838958534234
2794,,,,guo_icu,guo_icu,clinicalbert_type2_max_pool,rf,4,24,auprc,0.04640746617926625
2795,,,,guo_icu,guo_icu,clinicalbert_type2_max_pool,rf,4,24,brier,0.25290979828876936
2796,,,,guo_icu,guo_icu,clinicalbert_type2_max_pool,rf,0,32,auroc,0.6305086788813887
2797,,,,guo_icu,guo_icu,clinicalbert_type2_max_pool,rf,0,32,auprc,0.08278584892584737
2798,,,,guo_icu,guo_icu,clinicalbert_type2_max_pool,rf,0,32,brier,0.24863613860439845
2799,,,,guo_icu,guo_icu,clinicalbert_type2_max_pool,rf,1,32,auroc,0.519521456123433
2800,,,,guo_icu,guo_icu,clinicalbert_type2_max_pool,rf,1,32,auprc,0.051163037030398796
2801,,,,guo_icu,guo_icu,clinicalbert_type2_max_pool,rf,1,32,brier,0.24800810014727542
2802,,,,guo_icu,guo_icu,clinicalbert_type2_max_pool,rf,2,32,auroc,0.6942562680810029
2803,,,,guo_icu,guo_icu,clinicalbert_type2_max_pool,rf,2,32,auprc,0.10828976711887378
2804,,,,guo_icu,guo_icu,clinicalbert_type2_max_pool,rf,2,32,brier,0.2361845851742759
2805,,,,guo_icu,guo_icu,clinicalbert_type2_max_pool,rf,3,32,auroc,0.6672372227579557
2806,,,,guo_icu,guo_icu,clinicalbert_type2_max_pool,rf,3,32,auprc,0.09083952642757442
2807,,,,guo_icu,guo_icu,clinicalbert_type2_max_pool,rf,3,32,brier,0.21652430044182622
2808,,,,guo_icu,guo_icu,clinicalbert_type2_max_pool,rf,4,32,auroc,0.5429695033751205
2809,,,,guo_icu,guo_icu,clinicalbert_type2_max_pool,rf,4,32,auprc,0.04936403593620092
2810,,,,guo_icu,guo_icu,clinicalbert_type2_max_pool,rf,4,32,brier,0.25078546882670594
2811,,,,guo_icu,guo_icu,clinicalbert_type2_max_pool,rf,0,48,auroc,0.7467695274831244
2812,,,,guo_icu,guo_icu,clinicalbert_type2_max_pool,rf,0,48,auprc,0.1273960728192888
2813,,,,guo_icu,guo_icu,clinicalbert_type2_max_pool,rf,0,48,brier,0.22545771811436224
2814,,,,guo_icu,guo_icu,clinicalbert_type2_max_pool,rf,1,48,auroc,0.5893713837994214
2815,,,,guo_icu,guo_icu,clinicalbert_type2_max_pool,rf,1,48,auprc,0.06341551282231607
2816,,,,guo_icu,guo_icu,clinicalbert_type2_max_pool,rf,1,48,brier,0.2368660121093111
2817,,,,guo_icu,guo_icu,clinicalbert_type2_max_pool,rf,2,48,auroc,0.7636421166827385
2818,,,,guo_icu,guo_icu,clinicalbert_type2_max_pool,rf,2,48,auprc,0.10831911071115496
2819,,,,guo_icu,guo_icu,clinicalbert_type2_max_pool,rf,2,48,brier,0.21504806632847873
2820,,,,guo_icu,guo_icu,clinicalbert_type2_max_pool,rf,3,48,auroc,0.6567291465766634
2821,,,,guo_icu,guo_icu,clinicalbert_type2_max_pool,rf,3,48,auprc,0.07864727119541345
2822,,,,guo_icu,guo_icu,clinicalbert_type2_max_pool,rf,3,48,brier,0.23289433323293068
2823,,,,guo_icu,guo_icu,clinicalbert_type2_max_pool,rf,4,48,auroc,0.5533841610414657
2824,,,,guo_icu,guo_icu,clinicalbert_type2_max_pool,rf,4,48,auprc,0.06712434310334658
2825,,,,guo_icu,guo_icu,clinicalbert_type2_max_pool,rf,4,48,brier,0.25092172003100194
2826,,,,guo_icu,guo_icu,clinicalbert_type2_max_pool,rf,0,64,auroc,0.7513048457087754
2827,,,,guo_icu,guo_icu,clinicalbert_type2_max_pool,rf,0,64,auprc,0.11687187749060796
2828,,,,guo_icu,guo_icu,clinicalbert_type2_max_pool,rf,0,64,brier,0.22803792963752137
2829,,,,guo_icu,guo_icu,clinicalbert_type2_max_pool,rf,1,64,auroc,0.5906702025072323
2830,,,,guo_icu,guo_icu,clinicalbert_type2_max_pool,rf,1,64,auprc,0.05484882438182164
2831,,,,guo_icu,guo_icu,clinicalbert_type2_max_pool,rf,1,64,brier,0.23687167403043694
2832,,,,guo_icu,guo_icu,clinicalbert_type2_max_pool,rf,2,64,auroc,0.7523957328833172
2833,,,,guo_icu,guo_icu,clinicalbert_type2_max_pool,rf,2,64,auprc,0.11345099332615653
2834,,,,guo_icu,guo_icu,clinicalbert_type2_max_pool,rf,2,64,brier,0.208393111503292
2835,,,,guo_icu,guo_icu,clinicalbert_type2_max_pool,rf,3,64,auroc,0.6269045323047251
2836,,,,guo_icu,guo_icu,clinicalbert_type2_max_pool,rf,3,64,auprc,0.06055671328491531
2837,,,,guo_icu,guo_icu,clinicalbert_type2_max_pool,rf,3,64,brier,0.24762278499370757
2838,,,,guo_icu,guo_icu,clinicalbert_type2_max_pool,rf,4,64,auroc,0.5931141513982642
2839,,,,guo_icu,guo_icu,clinicalbert_type2_max_pool,rf,4,64,auprc,0.05291218804039688
2840,,,,guo_icu,guo_icu,clinicalbert_type2_max_pool,rf,4,64,brier,0.2345311732940599
2841,,,,guo_icu,guo_icu,clinicalbert_type2_max_pool,rf,0,128,auroc,0.7720497830279653
2842,,,,guo_icu,guo_icu,clinicalbert_type2_max_pool,rf,0,128,auprc,0.1283770006835251
2843,,,,guo_icu,guo_icu,clinicalbert_type2_max_pool,rf,0,128,brier,0.1957901652757323
2844,,,,guo_icu,guo_icu,clinicalbert_type2_max_pool,rf,1,128,auroc,0.6390519527483125
2845,,,,guo_icu,guo_icu,clinicalbert_type2_max_pool,rf,1,128,auprc,0.06265976181373599
2846,,,,guo_icu,guo_icu,clinicalbert_type2_max_pool,rf,1,128,brier,0.21533750613647523
2847,,,,guo_icu,guo_icu,clinicalbert_type2_max_pool,rf,2,128,auroc,0.7502892960462875
2848,,,,guo_icu,guo_icu,clinicalbert_type2_max_pool,rf,2,128,auprc,0.09628147731190798
2849,,,,guo_icu,guo_icu,clinicalbert_type2_max_pool,rf,2,128,brier,0.1926899852724595
2850,,,,guo_icu,guo_icu,clinicalbert_type2_max_pool,rf,3,128,auroc,0.724285800385728
2851,,,,guo_icu,guo_icu,clinicalbert_type2_max_pool,rf,3,128,auprc,0.07835954209995738
2852,,,,guo_icu,guo_icu,clinicalbert_type2_max_pool,rf,3,128,brier,0.2043854746927851
2853,,,,guo_icu,guo_icu,clinicalbert_type2_max_pool,rf,4,128,auroc,0.6976374156219864
2854,,,,guo_icu,guo_icu,clinicalbert_type2_max_pool,rf,4,128,auprc,0.07293071250730426
2855,,,,guo_icu,guo_icu,clinicalbert_type2_max_pool,rf,4,128,brier,0.2031308787432499
2856,,,,guo_icu,guo_icu,clinicalbert_type2_mean_pool,lr_lbfgs,0,-1,auroc,0.7297974927675988
2857,,,,guo_icu,guo_icu,clinicalbert_type2_mean_pool,lr_lbfgs,0,-1,auprc,0.10743418889733913
2858,,,,guo_icu,guo_icu,clinicalbert_type2_mean_pool,lr_lbfgs,0,-1,brier,0.03935194388902526
2859,,,,guo_icu,guo_icu,clinicalbert_type2_mean_pool,lr_lbfgs,0,1,auroc,0.5069672131147541
2860,,,,guo_icu,guo_icu,clinicalbert_type2_mean_pool,lr_lbfgs,0,1,auprc,0.04323627701116603
2861,,,,guo_icu,guo_icu,clinicalbert_type2_mean_pool,lr_lbfgs,0,1,brier,0.2500000512723634
2862,,,,guo_icu,guo_icu,clinicalbert_type2_mean_pool,lr_lbfgs,1,1,auroc,0.49041104146576664
2863,,,,guo_icu,guo_icu,clinicalbert_type2_mean_pool,lr_lbfgs,1,1,auprc,0.03924462797649207
2864,,,,guo_icu,guo_icu,clinicalbert_type2_mean_pool,lr_lbfgs,1,1,brier,0.24999913370971533
2865,,,,guo_icu,guo_icu,clinicalbert_type2_mean_pool,lr_lbfgs,2,1,auroc,0.5337692864030859
2866,,,,guo_icu,guo_icu,clinicalbert_type2_mean_pool,lr_lbfgs,2,1,auprc,0.04712505439569692
2867,,,,guo_icu,guo_icu,clinicalbert_type2_mean_pool,lr_lbfgs,2,1,brier,0.24999956911062207
2868,,,,guo_icu,guo_icu,clinicalbert_type2_mean_pool,lr_lbfgs,3,1,auroc,0.5096432015429122
2869,,,,guo_icu,guo_icu,clinicalbert_type2_mean_pool,lr_lbfgs,3,1,auprc,0.043011087883790905
2870,,,,guo_icu,guo_icu,clinicalbert_type2_mean_pool,lr_lbfgs,3,1,brier,0.25000155600878254
2871,,,,guo_icu,guo_icu,clinicalbert_type2_mean_pool,lr_lbfgs,4,1,auroc,0.48376928640308575
2872,,,,guo_icu,guo_icu,clinicalbert_type2_mean_pool,lr_lbfgs,4,1,auprc,0.038339393806895515
2873,,,,guo_icu,guo_icu,clinicalbert_type2_mean_pool,lr_lbfgs,4,1,brier,0.25000039318334355
2874,,,,guo_icu,guo_icu,clinicalbert_type2_mean_pool,lr_lbfgs,0,2,auroc,0.5109329797492768
2875,,,,guo_icu,guo_icu,clinicalbert_type2_mean_pool,lr_lbfgs,0,2,auprc,0.04137752805871657
2876,,,,guo_icu,guo_icu,clinicalbert_type2_mean_pool,lr_lbfgs,0,2,brier,0.2500000427224248
2877,,,,guo_icu,guo_icu,clinicalbert_type2_mean_pool,lr_lbfgs,1,2,auroc,0.5028688524590164
2878,,,,guo_icu,guo_icu,clinicalbert_type2_mean_pool,lr_lbfgs,1,2,auprc,0.04269364569466683
2879,,,,guo_icu,guo_icu,clinicalbert_type2_mean_pool,lr_lbfgs,1,2,brier,0.29751591608541933
2880,,,,guo_icu,guo_icu,clinicalbert_type2_mean_pool,lr_lbfgs,2,2,auroc,0.4984269527483124
2881,,,,guo_icu,guo_icu,clinicalbert_type2_mean_pool,lr_lbfgs,2,2,auprc,0.039326651130424356
2882,,,,guo_icu,guo_icu,clinicalbert_type2_mean_pool,lr_lbfgs,2,2,brier,0.25000082747082525
2883,,,,guo_icu,guo_icu,clinicalbert_type2_mean_pool,lr_lbfgs,3,2,auroc,0.5395913693346192
2884,,,,guo_icu,guo_icu,clinicalbert_type2_mean_pool,lr_lbfgs,3,2,auprc,0.04966542785813763
2885,,,,guo_icu,guo_icu,clinicalbert_type2_mean_pool,lr_lbfgs,3,2,brier,0.1985204558152409
2886,,,,guo_icu,guo_icu,clinicalbert_type2_mean_pool,lr_lbfgs,4,2,auroc,0.49848119575699135
2887,,,,guo_icu,guo_icu,clinicalbert_type2_mean_pool,lr_lbfgs,4,2,auprc,0.040625204760354486
2888,,,,guo_icu,guo_icu,clinicalbert_type2_mean_pool,lr_lbfgs,4,2,brier,0.2500018271440097
2889,,,,guo_icu,guo_icu,clinicalbert_type2_mean_pool,lr_lbfgs,0,4,auroc,0.585806412729026
2890,,,,guo_icu,guo_icu,clinicalbert_type2_mean_pool,lr_lbfgs,0,4,auprc,0.050534995589848544
2891,,,,guo_icu,guo_icu,clinicalbert_type2_mean_pool,lr_lbfgs,0,4,brier,0.24999992424252845
2892,,,,guo_icu,guo_icu,clinicalbert_type2_mean_pool,lr_lbfgs,1,4,auroc,0.5052495178399229
2893,,,,guo_icu,guo_icu,clinicalbert_type2_mean_pool,lr_lbfgs,1,4,auprc,0.04586887727568365
2894,,,,guo_icu,guo_icu,clinicalbert_type2_mean_pool,lr_lbfgs,1,4,brier,0.4898944832115368
2895,,,,guo_icu,guo_icu,clinicalbert_type2_mean_pool,lr_lbfgs,2,4,auroc,0.570877531340405
2896,,,,guo_icu,guo_icu,clinicalbert_type2_mean_pool,lr_lbfgs,2,4,auprc,0.06382656354708505
2897,,,,guo_icu,guo_icu,clinicalbert_type2_mean_pool,lr_lbfgs,2,4,brier,0.24999935332392603
2898,,,,guo_icu,guo_icu,clinicalbert_type2_mean_pool,lr_lbfgs,3,4,auroc,0.6009824011571842
2899,,,,guo_icu,guo_icu,clinicalbert_type2_mean_pool,lr_lbfgs,3,4,auprc,0.06498694844318159
2900,,,,guo_icu,guo_icu,clinicalbert_type2_mean_pool,lr_lbfgs,3,4,brier,0.43267857292279266
2901,,,,guo_icu,guo_icu,clinicalbert_type2_mean_pool,lr_lbfgs,4,4,auroc,0.5402181774349084
2902,,,,guo_icu,guo_icu,clinicalbert_type2_mean_pool,lr_lbfgs,4,4,auprc,0.04730154292786232
2903,,,,guo_icu,guo_icu,clinicalbert_type2_mean_pool,lr_lbfgs,4,4,brier,0.558949476708511
2904,,,,guo_icu,guo_icu,clinicalbert_type2_mean_pool,lr_lbfgs,0,8,auroc,0.551711668273867
2905,,,,guo_icu,guo_icu,clinicalbert_type2_mean_pool,lr_lbfgs,0,8,auprc,0.04701761013871171
2906,,,,guo_icu,guo_icu,clinicalbert_type2_mean_pool,lr_lbfgs,0,8,brier,0.24999849808974148
2907,,,,guo_icu,guo_icu,clinicalbert_type2_mean_pool,lr_lbfgs,1,8,auroc,0.5057437319189971
2908,,,,guo_icu,guo_icu,clinicalbert_type2_mean_pool,lr_lbfgs,1,8,auprc,0.047503318344928144
2909,,,,guo_icu,guo_icu,clinicalbert_type2_mean_pool,lr_lbfgs,1,8,brier,0.3766144318601487
2910,,,,guo_icu,guo_icu,clinicalbert_type2_mean_pool,lr_lbfgs,2,8,auroc,0.5277663934426229
2911,,,,guo_icu,guo_icu,clinicalbert_type2_mean_pool,lr_lbfgs,2,8,auprc,0.04975892504328542
2912,,,,guo_icu,guo_icu,clinicalbert_type2_mean_pool,lr_lbfgs,2,8,brier,0.41060572142960483
2913,,,,guo_icu,guo_icu,clinicalbert_type2_mean_pool,lr_lbfgs,3,8,auroc,0.589193587270974
2914,,,,guo_icu,guo_icu,clinicalbert_type2_mean_pool,lr_lbfgs,3,8,auprc,0.06157688547592275
2915,,,,guo_icu,guo_icu,clinicalbert_type2_mean_pool,lr_lbfgs,3,8,brier,0.2500000005388894
2916,,,,guo_icu,guo_icu,clinicalbert_type2_mean_pool,lr_lbfgs,4,8,auroc,0.5927796528447444
2917,,,,guo_icu,guo_icu,clinicalbert_type2_mean_pool,lr_lbfgs,4,8,auprc,0.06172777020405375
2918,,,,guo_icu,guo_icu,clinicalbert_type2_mean_pool,lr_lbfgs,4,8,brier,0.37112240536105606
2919,,,,guo_icu,guo_icu,clinicalbert_type2_mean_pool,lr_lbfgs,0,12,auroc,0.573378736740598
2920,,,,guo_icu,guo_icu,clinicalbert_type2_mean_pool,lr_lbfgs,0,12,auprc,0.07123228212551647
2921,,,,guo_icu,guo_icu,clinicalbert_type2_mean_pool,lr_lbfgs,0,12,brier,0.2500828760791853
2922,,,,guo_icu,guo_icu,clinicalbert_type2_mean_pool,lr_lbfgs,1,12,auroc,0.5433160559305689
2923,,,,guo_icu,guo_icu,clinicalbert_type2_mean_pool,lr_lbfgs,1,12,auprc,0.049882142668469534
2924,,,,guo_icu,guo_icu,clinicalbert_type2_mean_pool,lr_lbfgs,1,12,brier,0.44271298544718957
2925,,,,guo_icu,guo_icu,clinicalbert_type2_mean_pool,lr_lbfgs,2,12,auroc,0.5813283510125361
2926,,,,guo_icu,guo_icu,clinicalbert_type2_mean_pool,lr_lbfgs,2,12,auprc,0.05573215170823965
2927,,,,guo_icu,guo_icu,clinicalbert_type2_mean_pool,lr_lbfgs,2,12,brier,0.27862882889800905
2928,,,,guo_icu,guo_icu,clinicalbert_type2_mean_pool,lr_lbfgs,3,12,auroc,0.5871624879459981
2929,,,,guo_icu,guo_icu,clinicalbert_type2_mean_pool,lr_lbfgs,3,12,auprc,0.05459951832919019
2930,,,,guo_icu,guo_icu,clinicalbert_type2_mean_pool,lr_lbfgs,3,12,brier,0.25000158499299524
2931,,,,guo_icu,guo_icu,clinicalbert_type2_mean_pool,lr_lbfgs,4,12,auroc,0.5934908389585343
2932,,,,guo_icu,guo_icu,clinicalbert_type2_mean_pool,lr_lbfgs,4,12,auprc,0.07169506677859312
2933,,,,guo_icu,guo_icu,clinicalbert_type2_mean_pool,lr_lbfgs,4,12,brier,0.4831110937530553
2934,,,,guo_icu,guo_icu,clinicalbert_type2_mean_pool,lr_lbfgs,0,16,auroc,0.5707509643201544
2935,,,,guo_icu,guo_icu,clinicalbert_type2_mean_pool,lr_lbfgs,0,16,auprc,0.05329390145906397
2936,,,,guo_icu,guo_icu,clinicalbert_type2_mean_pool,lr_lbfgs,0,16,brier,0.4721656477423705
2937,,,,guo_icu,guo_icu,clinicalbert_type2_mean_pool,lr_lbfgs,1,16,auroc,0.5368129218900675
2938,,,,guo_icu,guo_icu,clinicalbert_type2_mean_pool,lr_lbfgs,1,16,auprc,0.04343079854212837
2939,,,,guo_icu,guo_icu,clinicalbert_type2_mean_pool,lr_lbfgs,1,16,brier,0.25033926680766266
2940,,,,guo_icu,guo_icu,clinicalbert_type2_mean_pool,lr_lbfgs,2,16,auroc,0.589946962391514
2941,,,,guo_icu,guo_icu,clinicalbert_type2_mean_pool,lr_lbfgs,2,16,auprc,0.05424035933302393
2942,,,,guo_icu,guo_icu,clinicalbert_type2_mean_pool,lr_lbfgs,2,16,brier,0.2594292378232884
2943,,,,guo_icu,guo_icu,clinicalbert_type2_mean_pool,lr_lbfgs,3,16,auroc,0.5457931533269045
2944,,,,guo_icu,guo_icu,clinicalbert_type2_mean_pool,lr_lbfgs,3,16,auprc,0.051261854719733324
2945,,,,guo_icu,guo_icu,clinicalbert_type2_mean_pool,lr_lbfgs,3,16,brier,0.25156567945746566
2946,,,,guo_icu,guo_icu,clinicalbert_type2_mean_pool,lr_lbfgs,4,16,auroc,0.5522330038572807
2947,,,,guo_icu,guo_icu,clinicalbert_type2_mean_pool,lr_lbfgs,4,16,auprc,0.05178150369063347
2948,,,,guo_icu,guo_icu,clinicalbert_type2_mean_pool,lr_lbfgs,4,16,brier,0.5224476665629159
2949,,,,guo_icu,guo_icu,clinicalbert_type2_mean_pool,lr_lbfgs,0,24,auroc,0.55474324975892
2950,,,,guo_icu,guo_icu,clinicalbert_type2_mean_pool,lr_lbfgs,0,24,auprc,0.05853242164043149
2951,,,,guo_icu,guo_icu,clinicalbert_type2_mean_pool,lr_lbfgs,0,24,brier,0.24845988353285178
2952,,,,guo_icu,guo_icu,clinicalbert_type2_mean_pool,lr_lbfgs,1,24,auroc,0.5349566055930568
2953,,,,guo_icu,guo_icu,clinicalbert_type2_mean_pool,lr_lbfgs,1,24,auprc,0.04661887095958174
2954,,,,guo_icu,guo_icu,clinicalbert_type2_mean_pool,lr_lbfgs,1,24,brier,0.25000209549458907
2955,,,,guo_icu,guo_icu,clinicalbert_type2_mean_pool,lr_lbfgs,2,24,auroc,0.6331123432979749
2956,,,,guo_icu,guo_icu,clinicalbert_type2_mean_pool,lr_lbfgs,2,24,auprc,0.06495877750449255
2957,,,,guo_icu,guo_icu,clinicalbert_type2_mean_pool,lr_lbfgs,2,24,brier,0.27998778517324124
2958,,,,guo_icu,guo_icu,clinicalbert_type2_mean_pool,lr_lbfgs,3,24,auroc,0.6094623915139826
2959,,,,guo_icu,guo_icu,clinicalbert_type2_mean_pool,lr_lbfgs,3,24,auprc,0.06994627201070577
2960,,,,guo_icu,guo_icu,clinicalbert_type2_mean_pool,lr_lbfgs,3,24,brier,0.2951662968367328
2961,,,,guo_icu,guo_icu,clinicalbert_type2_mean_pool,lr_lbfgs,4,24,auroc,0.5933883799421408
2962,,,,guo_icu,guo_icu,clinicalbert_type2_mean_pool,lr_lbfgs,4,24,auprc,0.05925892626846587
2963,,,,guo_icu,guo_icu,clinicalbert_type2_mean_pool,lr_lbfgs,4,24,brier,0.24999842990187557
2964,,,,guo_icu,guo_icu,clinicalbert_type2_mean_pool,lr_lbfgs,0,32,auroc,0.5921890067502411
2965,,,,guo_icu,guo_icu,clinicalbert_type2_mean_pool,lr_lbfgs,0,32,auprc,0.06673939188757921
2966,,,,guo_icu,guo_icu,clinicalbert_type2_mean_pool,lr_lbfgs,0,32,brier,0.25034065215567003
2967,,,,guo_icu,guo_icu,clinicalbert_type2_mean_pool,lr_lbfgs,1,32,auroc,0.6047974927675989
2968,,,,guo_icu,guo_icu,clinicalbert_type2_mean_pool,lr_lbfgs,1,32,auprc,0.06113549164043694
2969,,,,guo_icu,guo_icu,clinicalbert_type2_mean_pool,lr_lbfgs,1,32,brier,0.37515145388552296
2970,,,,guo_icu,guo_icu,clinicalbert_type2_mean_pool,lr_lbfgs,2,32,auroc,0.6215103664416587
2971,,,,guo_icu,guo_icu,clinicalbert_type2_mean_pool,lr_lbfgs,2,32,auprc,0.06853343601359378
2972,,,,guo_icu,guo_icu,clinicalbert_type2_mean_pool,lr_lbfgs,2,32,brier,0.2272507202415225
2973,,,,guo_icu,guo_icu,clinicalbert_type2_mean_pool,lr_lbfgs,3,32,auroc,0.5908269045323047
2974,,,,guo_icu,guo_icu,clinicalbert_type2_mean_pool,lr_lbfgs,3,32,auprc,0.06382201667734193
2975,,,,guo_icu,guo_icu,clinicalbert_type2_mean_pool,lr_lbfgs,3,32,brier,0.3026187953691038
2976,,,,guo_icu,guo_icu,clinicalbert_type2_mean_pool,lr_lbfgs,4,32,auroc,0.6207690453230472
2977,,,,guo_icu,guo_icu,clinicalbert_type2_mean_pool,lr_lbfgs,4,32,auprc,0.0673829696183162
2978,,,,guo_icu,guo_icu,clinicalbert_type2_mean_pool,lr_lbfgs,4,32,brier,0.249511879329064
2979,,,,guo_icu,guo_icu,clinicalbert_type2_mean_pool,lr_lbfgs,0,48,auroc,0.6620901639344262
2980,,,,guo_icu,guo_icu,clinicalbert_type2_mean_pool,lr_lbfgs,0,48,auprc,0.08210684748971356
2981,,,,guo_icu,guo_icu,clinicalbert_type2_mean_pool,lr_lbfgs,0,48,brier,0.26677737282426617
2982,,,,guo_icu,guo_icu,clinicalbert_type2_mean_pool,lr_lbfgs,1,48,auroc,0.5943165380906461
2983,,,,guo_icu,guo_icu,clinicalbert_type2_mean_pool,lr_lbfgs,1,48,auprc,0.05482895773894189
2984,,,,guo_icu,guo_icu,clinicalbert_type2_mean_pool,lr_lbfgs,1,48,brier,0.4187060669194232
2985,,,,guo_icu,guo_icu,clinicalbert_type2_mean_pool,lr_lbfgs,2,48,auroc,0.6346552555448409
2986,,,,guo_icu,guo_icu,clinicalbert_type2_mean_pool,lr_lbfgs,2,48,auprc,0.05984459657695853
2987,,,,guo_icu,guo_icu,clinicalbert_type2_mean_pool,lr_lbfgs,2,48,brier,0.26413414201509394
2988,,,,guo_icu,guo_icu,clinicalbert_type2_mean_pool,lr_lbfgs,3,48,auroc,0.6156702025072323
2989,,,,guo_icu,guo_icu,clinicalbert_type2_mean_pool,lr_lbfgs,3,48,auprc,0.07160214220021303
2990,,,,guo_icu,guo_icu,clinicalbert_type2_mean_pool,lr_lbfgs,3,48,brier,0.2587006046073882
2991,,,,guo_icu,guo_icu,clinicalbert_type2_mean_pool,lr_lbfgs,4,48,auroc,0.5778266634522662
2992,,,,guo_icu,guo_icu,clinicalbert_type2_mean_pool,lr_lbfgs,4,48,auprc,0.05440668270395056
2993,,,,guo_icu,guo_icu,clinicalbert_type2_mean_pool,lr_lbfgs,4,48,brier,0.4452686061146248
2994,,,,guo_icu,guo_icu,clinicalbert_type2_mean_pool,lr_lbfgs,0,64,auroc,0.6548276277724205
2995,,,,guo_icu,guo_icu,clinicalbert_type2_mean_pool,lr_lbfgs,0,64,auprc,0.07789481783163883
2996,,,,guo_icu,guo_icu,clinicalbert_type2_mean_pool,lr_lbfgs,0,64,brier,0.2778966055377371
2997,,,,guo_icu,guo_icu,clinicalbert_type2_mean_pool,lr_lbfgs,1,64,auroc,0.5829918032786885
2998,,,,guo_icu,guo_icu,clinicalbert_type2_mean_pool,lr_lbfgs,1,64,auprc,0.057136269666193486
2999,,,,guo_icu,guo_icu,clinicalbert_type2_mean_pool,lr_lbfgs,1,64,brier,0.22221196294609927
3000,,,,guo_icu,guo_icu,clinicalbert_type2_mean_pool,lr_lbfgs,2,64,auroc,0.6414959016393443
3001,,,,guo_icu,guo_icu,clinicalbert_type2_mean_pool,lr_lbfgs,2,64,auprc,0.06303548480956277
3002,,,,guo_icu,guo_icu,clinicalbert_type2_mean_pool,lr_lbfgs,2,64,brier,0.2752501908180428
3003,,,,guo_icu,guo_icu,clinicalbert_type2_mean_pool,lr_lbfgs,3,64,auroc,0.653049662487946
3004,,,,guo_icu,guo_icu,clinicalbert_type2_mean_pool,lr_lbfgs,3,64,auprc,0.09306681171363487
3005,,,,guo_icu,guo_icu,clinicalbert_type2_mean_pool,lr_lbfgs,3,64,brier,0.25508931370470767
3006,,,,guo_icu,guo_icu,clinicalbert_type2_mean_pool,lr_lbfgs,4,64,auroc,0.6618189488910319
3007,,,,guo_icu,guo_icu,clinicalbert_type2_mean_pool,lr_lbfgs,4,64,auprc,0.08296024176298758
3008,,,,guo_icu,guo_icu,clinicalbert_type2_mean_pool,lr_lbfgs,4,64,brier,0.228853415510087
3009,,,,guo_icu,guo_icu,clinicalbert_type2_mean_pool,lr_lbfgs,0,128,auroc,0.7096492285438766
3010,,,,guo_icu,guo_icu,clinicalbert_type2_mean_pool,lr_lbfgs,0,128,auprc,0.11393011162477372
3011,,,,guo_icu,guo_icu,clinicalbert_type2_mean_pool,lr_lbfgs,0,128,brier,0.23348062044498008
3012,,,,guo_icu,guo_icu,clinicalbert_type2_mean_pool,lr_lbfgs,1,128,auroc,0.6687982160077146
3013,,,,guo_icu,guo_icu,clinicalbert_type2_mean_pool,lr_lbfgs,1,128,auprc,0.07801370563176582
3014,,,,guo_icu,guo_icu,clinicalbert_type2_mean_pool,lr_lbfgs,1,128,brier,0.22260512457620718
3015,,,,guo_icu,guo_icu,clinicalbert_type2_mean_pool,lr_lbfgs,2,128,auroc,0.6606858727097398
3016,,,,guo_icu,guo_icu,clinicalbert_type2_mean_pool,lr_lbfgs,2,128,auprc,0.07883234990187757
3017,,,,guo_icu,guo_icu,clinicalbert_type2_mean_pool,lr_lbfgs,2,128,brier,0.2742012438834066
3018,,,,guo_icu,guo_icu,clinicalbert_type2_mean_pool,lr_lbfgs,3,128,auroc,0.6952808582449373
3019,,,,guo_icu,guo_icu,clinicalbert_type2_mean_pool,lr_lbfgs,3,128,auprc,0.1006449057382017
3020,,,,guo_icu,guo_icu,clinicalbert_type2_mean_pool,lr_lbfgs,3,128,brier,0.23180186317141444
3021,,,,guo_icu,guo_icu,clinicalbert_type2_mean_pool,lr_lbfgs,4,128,auroc,0.7052555448408871
3022,,,,guo_icu,guo_icu,clinicalbert_type2_mean_pool,lr_lbfgs,4,128,auprc,0.09423061803794211
3023,,,,guo_icu,guo_icu,clinicalbert_type2_mean_pool,lr_lbfgs,4,128,brier,0.2101574879365205
3024,,,,guo_icu,guo_icu,clinicalbert_type2_mean_pool,knn,0,-1,auroc,0.5699433461909355
3025,,,,guo_icu,guo_icu,clinicalbert_type2_mean_pool,knn,0,-1,auprc,0.06130767419125625
3026,,,,guo_icu,guo_icu,clinicalbert_type2_mean_pool,knn,0,-1,brier,0.04812807289174128
3027,,,,guo_icu,guo_icu,clinicalbert_type2_mean_pool,knn,0,1,auroc,0.5271305448408872
3028,,,,guo_icu,guo_icu,clinicalbert_type2_mean_pool,knn,0,1,auprc,0.044073456489377175
3029,,,,guo_icu,guo_icu,clinicalbert_type2_mean_pool,knn,0,1,brier,0.625920471281296
3030,,,,guo_icu,guo_icu,clinicalbert_type2_mean_pool,knn,1,1,auroc,0.4864362343297975
3031,,,,guo_icu,guo_icu,clinicalbert_type2_mean_pool,knn,1,1,auprc,0.04072534580842646
3032,,,,guo_icu,guo_icu,clinicalbert_type2_mean_pool,knn,1,1,brier,0.3588610702012764
3033,,,,guo_icu,guo_icu,clinicalbert_type2_mean_pool,knn,2,1,auroc,0.5363428158148505
3034,,,,guo_icu,guo_icu,clinicalbert_type2_mean_pool,knn,2,1,auprc,0.04495268897937182
3035,,,,guo_icu,guo_icu,clinicalbert_type2_mean_pool,knn,2,1,brier,0.6190476190476191
3036,,,,guo_icu,guo_icu,clinicalbert_type2_mean_pool,knn,3,1,auroc,0.5170865477338475
3037,,,,guo_icu,guo_icu,clinicalbert_type2_mean_pool,knn,3,1,auprc,0.04315563890722544
3038,,,,guo_icu,guo_icu,clinicalbert_type2_mean_pool,knn,3,1,brier,0.7098674521354934
3039,,,,guo_icu,guo_icu,clinicalbert_type2_mean_pool,knn,4,1,auroc,0.4990628013500482
3040,,,,guo_icu,guo_icu,clinicalbert_type2_mean_pool,knn,4,1,auprc,0.041653322947644525
3041,,,,guo_icu,guo_icu,clinicalbert_type2_mean_pool,knn,4,1,brier,0.5503190967108493
3042,,,,guo_icu,guo_icu,clinicalbert_type2_mean_pool,knn,0,2,auroc,0.5050837753134041
3043,,,,guo_icu,guo_icu,clinicalbert_type2_mean_pool,knn,0,2,auprc,0.04214019508313785
3044,,,,guo_icu,guo_icu,clinicalbert_type2_mean_pool,knn,0,2,brier,0.6897398134511536
3045,,,,guo_icu,guo_icu,clinicalbert_type2_mean_pool,knn,1,2,auroc,0.4957961668273867
3046,,,,guo_icu,guo_icu,clinicalbert_type2_mean_pool,knn,1,2,auprc,0.04139749476317093
3047,,,,guo_icu,guo_icu,clinicalbert_type2_mean_pool,knn,1,2,brier,0.48109965635738833
3048,,,,guo_icu,guo_icu,clinicalbert_type2_mean_pool,knn,2,2,auroc,0.5281551350048216
3049,,,,guo_icu,guo_icu,clinicalbert_type2_mean_pool,knn,2,2,auprc,0.04416949817052873
3050,,,,guo_icu,guo_icu,clinicalbert_type2_mean_pool,knn,2,2,brier,0.6239567992145312
3051,,,,guo_icu,guo_icu,clinicalbert_type2_mean_pool,knn,3,2,auroc,0.4388500482160077
3052,,,,guo_icu,guo_icu,clinicalbert_type2_mean_pool,knn,3,2,auprc,0.03766388994803822
3053,,,,guo_icu,guo_icu,clinicalbert_type2_mean_pool,knn,3,2,brier,0.3402061855670103
3054,,,,guo_icu,guo_icu,clinicalbert_type2_mean_pool,knn,4,2,auroc,0.5368189488910318
3055,,,,guo_icu,guo_icu,clinicalbert_type2_mean_pool,knn,4,2,auprc,0.044977073526139666
3056,,,,guo_icu,guo_icu,clinicalbert_type2_mean_pool,knn,4,2,brier,0.6612665684830633
3057,,,,guo_icu,guo_icu,clinicalbert_type2_mean_pool,knn,0,4,auroc,0.5396697203471553
3058,,,,guo_icu,guo_icu,clinicalbert_type2_mean_pool,knn,0,4,auprc,0.04561713760521666
3059,,,,guo_icu,guo_icu,clinicalbert_type2_mean_pool,knn,0,4,brier,0.34900343642611686
3060,,,,guo_icu,guo_icu,clinicalbert_type2_mean_pool,knn,1,4,auroc,0.46518502892960467
3061,,,,guo_icu,guo_icu,clinicalbert_type2_mean_pool,knn,1,4,auprc,0.041250324234946074
3062,,,,guo_icu,guo_icu,clinicalbert_type2_mean_pool,knn,1,4,brier,0.27016273103035593
3063,,,,guo_icu,guo_icu,clinicalbert_type2_mean_pool,knn,2,4,auroc,0.5632051591128255
3064,,,,guo_icu,guo_icu,clinicalbert_type2_mean_pool,knn,2,4,auprc,0.05812868275247833
3065,,,,guo_icu,guo_icu,clinicalbert_type2_mean_pool,knn,2,4,brier,0.28934178638105384
3066,,,,guo_icu,guo_icu,clinicalbert_type2_mean_pool,knn,3,4,auroc,0.5986137897782063
3067,,,,guo_icu,guo_icu,clinicalbert_type2_mean_pool,knn,3,4,auprc,0.061644509958304956
3068,,,,guo_icu,guo_icu,clinicalbert_type2_mean_pool,knn,3,4,brier,0.4084927363449602
3069,,,,guo_icu,guo_icu,clinicalbert_type2_mean_pool,knn,4,4,auroc,0.5457720588235295
3070,,,,guo_icu,guo_icu,clinicalbert_type2_mean_pool,knn,4,4,auprc,0.046101279195585244
3071,,,,guo_icu,guo_icu,clinicalbert_type2_mean_pool,knn,4,4,brier,0.31334315169366717
3072,,,,guo_icu,guo_icu,clinicalbert_type2_mean_pool,knn,0,8,auroc,0.5508136451301833
3073,,,,guo_icu,guo_icu,clinicalbert_type2_mean_pool,knn,0,8,auprc,0.049635210602425775
3074,,,,guo_icu,guo_icu,clinicalbert_type2_mean_pool,knn,0,8,brier,0.2999262811301185
3075,,,,guo_icu,guo_icu,clinicalbert_type2_mean_pool,knn,1,8,auroc,0.5313102700096431
3076,,,,guo_icu,guo_icu,clinicalbert_type2_mean_pool,knn,1,8,auprc,0.0455594355055524
3077,,,,guo_icu,guo_icu,clinicalbert_type2_mean_pool,knn,1,8,brier,0.33684227624877955
3078,,,,guo_icu,guo_icu,clinicalbert_type2_mean_pool,knn,2,8,auroc,0.5994485294117647
3079,,,,guo_icu,guo_icu,clinicalbert_type2_mean_pool,knn,2,8,auprc,0.058589405477900626
3080,,,,guo_icu,guo_icu,clinicalbert_type2_mean_pool,knn,2,8,brier,0.2537445382873716
3081,,,,guo_icu,guo_icu,clinicalbert_type2_mean_pool,knn,3,8,auroc,0.5865115718418514
3082,,,,guo_icu,guo_icu,clinicalbert_type2_mean_pool,knn,3,8,auprc,0.05060044498439309
3083,,,,guo_icu,guo_icu,clinicalbert_type2_mean_pool,knn,3,8,brier,0.5660284732449681
3084,,,,guo_icu,guo_icu,clinicalbert_type2_mean_pool,knn,4,8,auroc,0.5978694551591128
3085,,,,guo_icu,guo_icu,clinicalbert_type2_mean_pool,knn,4,8,auprc,0.06333333194710176
3086,,,,guo_icu,guo_icu,clinicalbert_type2_mean_pool,knn,4,8,brier,0.4258377915900339
3087,,,,guo_icu,guo_icu,clinicalbert_type2_mean_pool,knn,0,12,auroc,0.5859179122468658
3088,,,,guo_icu,guo_icu,clinicalbert_type2_mean_pool,knn,0,12,auprc,0.06122775461322093
3089,,,,guo_icu,guo_icu,clinicalbert_type2_mean_pool,knn,0,12,brier,0.23878290817791806
3090,,,,guo_icu,guo_icu,clinicalbert_type2_mean_pool,knn,1,12,auroc,0.5652965284474445
3091,,,,guo_icu,guo_icu,clinicalbert_type2_mean_pool,knn,1,12,auprc,0.04809858903489524
3092,,,,guo_icu,guo_icu,clinicalbert_type2_mean_pool,knn,1,12,brier,0.5527736867943054
3093,,,,guo_icu,guo_icu,clinicalbert_type2_mean_pool,knn,2,12,auroc,0.5819159836065574
3094,,,,guo_icu,guo_icu,clinicalbert_type2_mean_pool,knn,2,12,auprc,0.057025097886026985
3095,,,,guo_icu,guo_icu,clinicalbert_type2_mean_pool,knn,2,12,brier,0.2646821956045055
3096,,,,guo_icu,guo_icu,clinicalbert_type2_mean_pool,knn,3,12,auroc,0.5770973963355833
3097,,,,guo_icu,guo_icu,clinicalbert_type2_mean_pool,knn,3,12,auprc,0.049636342412672924
3098,,,,guo_icu,guo_icu,clinicalbert_type2_mean_pool,knn,3,12,brier,0.5085910652920962
3099,,,,guo_icu,guo_icu,clinicalbert_type2_mean_pool,knn,4,12,auroc,0.5723209980713597
3100,,,,guo_icu,guo_icu,clinicalbert_type2_mean_pool,knn,4,12,auprc,0.049174523551407195
3101,,,,guo_icu,guo_icu,clinicalbert_type2_mean_pool,knn,4,12,brier,0.48546337206131024
3102,,,,guo_icu,guo_icu,clinicalbert_type2_mean_pool,knn,0,16,auroc,0.544635969141755
3103,,,,guo_icu,guo_icu,clinicalbert_type2_mean_pool,knn,0,16,auprc,0.05281986705273769
3104,,,,guo_icu,guo_icu,clinicalbert_type2_mean_pool,knn,0,16,brier,0.273578792341679
3105,,,,guo_icu,guo_icu,clinicalbert_type2_mean_pool,knn,1,16,auroc,0.5573378736740598
3106,,,,guo_icu,guo_icu,clinicalbert_type2_mean_pool,knn,1,16,auprc,0.047142671001748467
3107,,,,guo_icu,guo_icu,clinicalbert_type2_mean_pool,knn,1,16,brier,0.5895925380461463
3108,,,,guo_icu,guo_icu,clinicalbert_type2_mean_pool,knn,2,16,auroc,0.5588355834136933
3109,,,,guo_icu,guo_icu,clinicalbert_type2_mean_pool,knn,2,16,auprc,0.05959779270986349
3110,,,,guo_icu,guo_icu,clinicalbert_type2_mean_pool,knn,2,16,brier,0.2645945231406984
3111,,,,guo_icu,guo_icu,clinicalbert_type2_mean_pool,knn,3,16,auroc,0.5083112343297975
3112,,,,guo_icu,guo_icu,clinicalbert_type2_mean_pool,knn,3,16,auprc,0.042413813428209865
3113,,,,guo_icu,guo_icu,clinicalbert_type2_mean_pool,knn,3,16,brier,0.5002454590083456
3114,,,,guo_icu,guo_icu,clinicalbert_type2_mean_pool,knn,4,16,auroc,0.5602398746383799
3115,,,,guo_icu,guo_icu,clinicalbert_type2_mean_pool,knn,4,16,auprc,0.04805687650805017
3116,,,,guo_icu,guo_icu,clinicalbert_type2_mean_pool,knn,4,16,brier,0.4671357661048383
3117,,,,guo_icu,guo_icu,clinicalbert_type2_mean_pool,knn,0,24,auroc,0.5662759161041466
3118,,,,guo_icu,guo_icu,clinicalbert_type2_mean_pool,knn,0,24,auprc,0.052678366434514935
3119,,,,guo_icu,guo_icu,clinicalbert_type2_mean_pool,knn,0,24,brier,0.2785782149923518
3120,,,,guo_icu,guo_icu,clinicalbert_type2_mean_pool,knn,1,24,auroc,0.5486921407907426
3121,,,,guo_icu,guo_icu,clinicalbert_type2_mean_pool,knn,1,24,auprc,0.04629262731538156
3122,,,,guo_icu,guo_icu,clinicalbert_type2_mean_pool,knn,1,24,brier,0.5306823760432008
3123,,,,guo_icu,guo_icu,clinicalbert_type2_mean_pool,knn,2,24,auroc,0.5668123191899711
3124,,,,guo_icu,guo_icu,clinicalbert_type2_mean_pool,knn,2,24,auprc,0.05369030994987747
3125,,,,guo_icu,guo_icu,clinicalbert_type2_mean_pool,knn,2,24,brier,0.23454971908580158
3126,,,,guo_icu,guo_icu,clinicalbert_type2_mean_pool,knn,3,24,auroc,0.5680689488910318
3127,,,,guo_icu,guo_icu,clinicalbert_type2_mean_pool,knn,3,24,auprc,0.051857020928883606
3128,,,,guo_icu,guo_icu,clinicalbert_type2_mean_pool,knn,3,24,brier,0.25985176460356924
3129,,,,guo_icu,guo_icu,clinicalbert_type2_mean_pool,knn,4,24,auroc,0.5351042671166828
3130,,,,guo_icu,guo_icu,clinicalbert_type2_mean_pool,knn,4,24,auprc,0.044985300373428426
3131,,,,guo_icu,guo_icu,clinicalbert_type2_mean_pool,knn,4,24,brier,0.3102405498281788
3132,,,,guo_icu,guo_icu,clinicalbert_type2_mean_pool,knn,0,32,auroc,0.592903206364513
3133,,,,guo_icu,guo_icu,clinicalbert_type2_mean_pool,knn,0,32,auprc,0.05931754325782328
3134,,,,guo_icu,guo_icu,clinicalbert_type2_mean_pool,knn,0,32,brier,0.2771119333840527
3135,,,,guo_icu,guo_icu,clinicalbert_type2_mean_pool,knn,1,32,auroc,0.602995419479267
3136,,,,guo_icu,guo_icu,clinicalbert_type2_mean_pool,knn,1,32,auprc,0.06122598105871509
3137,,,,guo_icu,guo_icu,clinicalbert_type2_mean_pool,knn,1,32,brier,0.34850270512373294
3138,,,,guo_icu,guo_icu,clinicalbert_type2_mean_pool,knn,2,32,auroc,0.605797974927676
3139,,,,guo_icu,guo_icu,clinicalbert_type2_mean_pool,knn,2,32,auprc,0.058800503467207374
3140,,,,guo_icu,guo_icu,clinicalbert_type2_mean_pool,knn,2,32,brier,0.21001960000318906
3141,,,,guo_icu,guo_icu,clinicalbert_type2_mean_pool,knn,3,32,auroc,0.5580309787849567
3142,,,,guo_icu,guo_icu,clinicalbert_type2_mean_pool,knn,3,32,auprc,0.05336332737211704
3143,,,,guo_icu,guo_icu,clinicalbert_type2_mean_pool,knn,3,32,brier,0.24685971492356532
3144,,,,guo_icu,guo_icu,clinicalbert_type2_mean_pool,knn,4,32,auroc,0.5943768081002894
3145,,,,guo_icu,guo_icu,clinicalbert_type2_mean_pool,knn,4,32,auprc,0.052259046928800006
3146,,,,guo_icu,guo_icu,clinicalbert_type2_mean_pool,knn,4,32,brier,0.33386352479135994
3147,,,,guo_icu,guo_icu,clinicalbert_type2_mean_pool,knn,0,48,auroc,0.6048788572806171
3148,,,,guo_icu,guo_icu,clinicalbert_type2_mean_pool,knn,0,48,auprc,0.05717204890210535
3149,,,,guo_icu,guo_icu,clinicalbert_type2_mean_pool,knn,0,48,brier,0.3255990354513308
3150,,,,guo_icu,guo_icu,clinicalbert_type2_mean_pool,knn,1,48,auroc,0.633302193828351
3151,,,,guo_icu,guo_icu,clinicalbert_type2_mean_pool,knn,1,48,auprc,0.06012765415582956
3152,,,,guo_icu,guo_icu,clinicalbert_type2_mean_pool,knn,1,48,brier,0.26931793110043395
3153,,,,guo_icu,guo_icu,clinicalbert_type2_mean_pool,knn,2,48,auroc,0.6168273866923819
3154,,,,guo_icu,guo_icu,clinicalbert_type2_mean_pool,knn,2,48,auprc,0.07174680769205034
3155,,,,guo_icu,guo_icu,clinicalbert_type2_mean_pool,knn,2,48,brier,0.21535591556210115
3156,,,,guo_icu,guo_icu,clinicalbert_type2_mean_pool,knn,3,48,auroc,0.5556051108968179
3157,,,,guo_icu,guo_icu,clinicalbert_type2_mean_pool,knn,3,48,auprc,0.05073408130904534
3158,,,,guo_icu,guo_icu,clinicalbert_type2_mean_pool,knn,3,48,brier,0.28774341495518113
3159,,,,guo_icu,guo_icu,clinicalbert_type2_mean_pool,knn,4,48,auroc,0.5987072082931533
3160,,,,guo_icu,guo_icu,clinicalbert_type2_mean_pool,knn,4,48,auprc,0.05325802409185684
3161,,,,guo_icu,guo_icu,clinicalbert_type2_mean_pool,knn,4,48,brier,0.3360668171691569
3162,,,,guo_icu,guo_icu,clinicalbert_type2_mean_pool,knn,0,64,auroc,0.6372528929604628
3163,,,,guo_icu,guo_icu,clinicalbert_type2_mean_pool,knn,0,64,auprc,0.06633858750636701
3164,,,,guo_icu,guo_icu,clinicalbert_type2_mean_pool,knn,0,64,brier,0.2729497667733518
3165,,,,guo_icu,guo_icu,clinicalbert_type2_mean_pool,knn,1,64,auroc,0.6500090405014465
3166,,,,guo_icu,guo_icu,clinicalbert_type2_mean_pool,knn,1,64,auprc,0.06476986135816373
3167,,,,guo_icu,guo_icu,clinicalbert_type2_mean_pool,knn,1,64,brier,0.2634157665698388
3168,,,,guo_icu,guo_icu,clinicalbert_type2_mean_pool,knn,2,64,auroc,0.659827025072324
3169,,,,guo_icu,guo_icu,clinicalbert_type2_mean_pool,knn,2,64,auprc,0.07053084412177169
3170,,,,guo_icu,guo_icu,clinicalbert_type2_mean_pool,knn,2,64,brier,0.21470558542371995
3171,,,,guo_icu,guo_icu,clinicalbert_type2_mean_pool,knn,3,64,auroc,0.6179333413693345
3172,,,,guo_icu,guo_icu,clinicalbert_type2_mean_pool,knn,3,64,auprc,0.059370893131545935
3173,,,,guo_icu,guo_icu,clinicalbert_type2_mean_pool,knn,3,64,brier,0.27451286007625936
3174,,,,guo_icu,guo_icu,clinicalbert_type2_mean_pool,knn,4,64,auroc,0.6058040019286403
3175,,,,guo_icu,guo_icu,clinicalbert_type2_mean_pool,knn,4,64,auprc,0.05261935888894314
3176,,,,guo_icu,guo_icu,clinicalbert_type2_mean_pool,knn,4,64,brier,0.316092292587138
3177,,,,guo_icu,guo_icu,clinicalbert_type2_mean_pool,knn,0,128,auroc,0.6921227097396335
3178,,,,guo_icu,guo_icu,clinicalbert_type2_mean_pool,knn,0,128,auprc,0.07708010708333946
3179,,,,guo_icu,guo_icu,clinicalbert_type2_mean_pool,knn,0,128,brier,0.26256617872556387
3180,,,,guo_icu,guo_icu,clinicalbert_type2_mean_pool,knn,1,128,auroc,0.6547974927675988
3181,,,,guo_icu,guo_icu,clinicalbert_type2_mean_pool,knn,1,128,auprc,0.07808851555080201
3182,,,,guo_icu,guo_icu,clinicalbert_type2_mean_pool,knn,1,128,brier,0.2746574837819493
3183,,,,guo_icu,guo_icu,clinicalbert_type2_mean_pool,knn,2,128,auroc,0.6385637656702026
3184,,,,guo_icu,guo_icu,clinicalbert_type2_mean_pool,knn,2,128,auprc,0.05954170734089304
3185,,,,guo_icu,guo_icu,clinicalbert_type2_mean_pool,knn,2,128,brier,0.3061071591968553
3186,,,,guo_icu,guo_icu,clinicalbert_type2_mean_pool,knn,3,128,auroc,0.6584860173577627
3187,,,,guo_icu,guo_icu,clinicalbert_type2_mean_pool,knn,3,128,auprc,0.06582503801533755
3188,,,,guo_icu,guo_icu,clinicalbert_type2_mean_pool,knn,3,128,brier,0.24649235960509197
3189,,,,guo_icu,guo_icu,clinicalbert_type2_mean_pool,knn,4,128,auroc,0.6524590163934426
3190,,,,guo_icu,guo_icu,clinicalbert_type2_mean_pool,knn,4,128,auprc,0.0681361242861849
3191,,,,guo_icu,guo_icu,clinicalbert_type2_mean_pool,knn,4,128,brier,0.24071429933319335
3192,,,,guo_icu,guo_icu,clinicalbert_type2_mean_pool,rf,0,-1,auroc,0.6442442140790743
3193,,,,guo_icu,guo_icu,clinicalbert_type2_mean_pool,rf,0,-1,auprc,0.0765871451341294
3194,,,,guo_icu,guo_icu,clinicalbert_type2_mean_pool,rf,0,-1,brier,0.041343035704948655
3195,,,,guo_icu,guo_icu,clinicalbert_type2_mean_pool,rf,0,1,auroc,0.5148234088717454
3196,,,,guo_icu,guo_icu,clinicalbert_type2_mean_pool,rf,0,1,auprc,0.043564810517770614
3197,,,,guo_icu,guo_icu,clinicalbert_type2_mean_pool,rf,0,1,brier,0.39336769759450174
3198,,,,guo_icu,guo_icu,clinicalbert_type2_mean_pool,rf,1,1,auroc,0.4868852459016394
3199,,,,guo_icu,guo_icu,clinicalbert_type2_mean_pool,rf,1,1,auprc,0.04558201248462164
3200,,,,guo_icu,guo_icu,clinicalbert_type2_mean_pool,rf,1,1,brier,0.3320876288659794
3201,,,,guo_icu,guo_icu,clinicalbert_type2_mean_pool,rf,2,1,auroc,0.5283269045323047
3202,,,,guo_icu,guo_icu,clinicalbert_type2_mean_pool,rf,2,1,auprc,0.04682124141776565
3203,,,,guo_icu,guo_icu,clinicalbert_type2_mean_pool,rf,2,1,brier,0.2810812469317624
3204,,,,guo_icu,guo_icu,clinicalbert_type2_mean_pool,rf,3,1,auroc,0.48683401639344265
3205,,,,guo_icu,guo_icu,clinicalbert_type2_mean_pool,rf,3,1,auprc,0.04110346734765632
3206,,,,guo_icu,guo_icu,clinicalbert_type2_mean_pool,rf,3,1,brier,0.3436184585174276
3207,,,,guo_icu,guo_icu,clinicalbert_type2_mean_pool,rf,4,1,auroc,0.4661101735776278
3208,,,,guo_icu,guo_icu,clinicalbert_type2_mean_pool,rf,4,1,auprc,0.03880671484161962
3209,,,,guo_icu,guo_icu,clinicalbert_type2_mean_pool,rf,4,1,brier,0.496990672557683
3210,,,,guo_icu,guo_icu,clinicalbert_type2_mean_pool,rf,0,2,auroc,0.5556955159112825
3211,,,,guo_icu,guo_icu,clinicalbert_type2_mean_pool,rf,0,2,auprc,0.04685011254195799
3212,,,,guo_icu,guo_icu,clinicalbert_type2_mean_pool,rf,0,2,brier,0.4442611683848798
3213,,,,guo_icu,guo_icu,clinicalbert_type2_mean_pool,rf,1,2,auroc,0.492433100289296
3214,,,,guo_icu,guo_icu,clinicalbert_type2_mean_pool,rf,1,2,auprc,0.04151400419348586
3215,,,,guo_icu,guo_icu,clinicalbert_type2_mean_pool,rf,1,2,brier,0.26251227295041724
3216,,,,guo_icu,guo_icu,clinicalbert_type2_mean_pool,rf,2,2,auroc,0.5237915863066539
3217,,,,guo_icu,guo_icu,clinicalbert_type2_mean_pool,rf,2,2,auprc,0.049108015621374575
3218,,,,guo_icu,guo_icu,clinicalbert_type2_mean_pool,rf,2,2,brier,0.39128129602356404
3219,,,,guo_icu,guo_icu,clinicalbert_type2_mean_pool,rf,3,2,auroc,0.5341278929604628
3220,,,,guo_icu,guo_icu,clinicalbert_type2_mean_pool,rf,3,2,auprc,0.04568991836169571
3221,,,,guo_icu,guo_icu,clinicalbert_type2_mean_pool,rf,3,2,brier,0.33592047128129604
3222,,,,guo_icu,guo_icu,clinicalbert_type2_mean_pool,rf,4,2,auroc,0.5145491803278689
3223,,,,guo_icu,guo_icu,clinicalbert_type2_mean_pool,rf,4,2,auprc,0.043492923112334714
3224,,,,guo_icu,guo_icu,clinicalbert_type2_mean_pool,rf,4,2,brier,0.35045655375552287
3225,,,,guo_icu,guo_icu,clinicalbert_type2_mean_pool,rf,0,4,auroc,0.5954315332690453
3226,,,,guo_icu,guo_icu,clinicalbert_type2_mean_pool,rf,0,4,auprc,0.06241805742111621
3227,,,,guo_icu,guo_icu,clinicalbert_type2_mean_pool,rf,0,4,brier,0.3473613156602848
3228,,,,guo_icu,guo_icu,clinicalbert_type2_mean_pool,rf,1,4,auroc,0.5362373432979749
3229,,,,guo_icu,guo_icu,clinicalbert_type2_mean_pool,rf,1,4,auprc,0.05435717682118723
3230,,,,guo_icu,guo_icu,clinicalbert_type2_mean_pool,rf,1,4,brier,0.2946505154639176
3231,,,,guo_icu,guo_icu,clinicalbert_type2_mean_pool,rf,2,4,auroc,0.5756448891031822
3232,,,,guo_icu,guo_icu,clinicalbert_type2_mean_pool,rf,2,4,auprc,0.0617811205358732
3233,,,,guo_icu,guo_icu,clinicalbert_type2_mean_pool,rf,2,4,brier,0.20593873343151695
3234,,,,guo_icu,guo_icu,clinicalbert_type2_mean_pool,rf,3,4,auroc,0.5649349083895854
3235,,,,guo_icu,guo_icu,clinicalbert_type2_mean_pool,rf,3,4,auprc,0.05085772033901658
3236,,,,guo_icu,guo_icu,clinicalbert_type2_mean_pool,rf,3,4,brier,0.30562101129111435
3237,,,,guo_icu,guo_icu,clinicalbert_type2_mean_pool,rf,4,4,auroc,0.47687741080038576
3238,,,,guo_icu,guo_icu,clinicalbert_type2_mean_pool,rf,4,4,auprc,0.03922344625938523
3239,,,,guo_icu,guo_icu,clinicalbert_type2_mean_pool,rf,4,4,brier,0.46148748159057446
3240,,,,guo_icu,guo_icu,clinicalbert_type2_mean_pool,rf,0,8,auroc,0.5642056412729026
3241,,,,guo_icu,guo_icu,clinicalbert_type2_mean_pool,rf,0,8,auprc,0.04650444492268371
3242,,,,guo_icu,guo_icu,clinicalbert_type2_mean_pool,rf,0,8,brier,0.26914496263568427
3243,,,,guo_icu,guo_icu,clinicalbert_type2_mean_pool,rf,1,8,auroc,0.5880725650916104
3244,,,,guo_icu,guo_icu,clinicalbert_type2_mean_pool,rf,1,8,auprc,0.05945542167272057
3245,,,,guo_icu,guo_icu,clinicalbert_type2_mean_pool,rf,1,8,brier,0.2608198330878744
3246,,,,guo_icu,guo_icu,clinicalbert_type2_mean_pool,rf,2,8,auroc,0.6240658148505304
3247,,,,guo_icu,guo_icu,clinicalbert_type2_mean_pool,rf,2,8,auprc,0.059609927588738745
3248,,,,guo_icu,guo_icu,clinicalbert_type2_mean_pool,rf,2,8,brier,0.269106529209622
3249,,,,guo_icu,guo_icu,clinicalbert_type2_mean_pool,rf,3,8,auroc,0.5522812198649951
3250,,,,guo_icu,guo_icu,clinicalbert_type2_mean_pool,rf,3,8,auprc,0.05271024093515936
3251,,,,guo_icu,guo_icu,clinicalbert_type2_mean_pool,rf,3,8,brier,0.375027000490918
3252,,,,guo_icu,guo_icu,clinicalbert_type2_mean_pool,rf,4,8,auroc,0.6210523143683703
3253,,,,guo_icu,guo_icu,clinicalbert_type2_mean_pool,rf,4,8,auprc,0.057073858355108295
3254,,,,guo_icu,guo_icu,clinicalbert_type2_mean_pool,rf,4,8,brier,0.313953117329406
3255,,,,guo_icu,guo_icu,clinicalbert_type2_mean_pool,rf,0,12,auroc,0.643035800385728
3256,,,,guo_icu,guo_icu,clinicalbert_type2_mean_pool,rf,0,12,auprc,0.09276067312150138
3257,,,,guo_icu,guo_icu,clinicalbert_type2_mean_pool,rf,0,12,brier,0.23905989199803634
3258,,,,guo_icu,guo_icu,clinicalbert_type2_mean_pool,rf,1,12,auroc,0.57036824975892
3259,,,,guo_icu,guo_icu,clinicalbert_type2_mean_pool,rf,1,12,auprc,0.05114307728884022
3260,,,,guo_icu,guo_icu,clinicalbert_type2_mean_pool,rf,1,12,brier,0.26380093274423166
3261,,,,guo_icu,guo_icu,clinicalbert_type2_mean_pool,rf,2,12,auroc,0.5846552555448409
3262,,,,guo_icu,guo_icu,clinicalbert_type2_mean_pool,rf,2,12,auprc,0.062143165887561115
3263,,,,guo_icu,guo_icu,clinicalbert_type2_mean_pool,rf,2,12,brier,0.27378988708885615
3264,,,,guo_icu,guo_icu,clinicalbert_type2_mean_pool,rf,3,12,auroc,0.6106406702025072
3265,,,,guo_icu,guo_icu,clinicalbert_type2_mean_pool,rf,3,12,auprc,0.052163210977585514
3266,,,,guo_icu,guo_icu,clinicalbert_type2_mean_pool,rf,3,12,brier,0.27395925380461467
3267,,,,guo_icu,guo_icu,clinicalbert_type2_mean_pool,rf,4,12,auroc,0.5965013259402122
3268,,,,guo_icu,guo_icu,clinicalbert_type2_mean_pool,rf,4,12,auprc,0.0592380610161577
3269,,,,guo_icu,guo_icu,clinicalbert_type2_mean_pool,rf,4,12,brier,0.2712853760977472
3270,,,,guo_icu,guo_icu,clinicalbert_type2_mean_pool,rf,0,16,auroc,0.5604056171648987
3271,,,,guo_icu,guo_icu,clinicalbert_type2_mean_pool,rf,0,16,auprc,0.04871476284221164
3272,,,,guo_icu,guo_icu,clinicalbert_type2_mean_pool,rf,0,16,brier,0.3078301423662248
3273,,,,guo_icu,guo_icu,clinicalbert_type2_mean_pool,rf,1,16,auroc,0.5502410800385729
3274,,,,guo_icu,guo_icu,clinicalbert_type2_mean_pool,rf,1,16,auprc,0.05823795189910917
3275,,,,guo_icu,guo_icu,clinicalbert_type2_mean_pool,rf,1,16,brier,0.2772043691703486
3276,,,,guo_icu,guo_icu,clinicalbert_type2_mean_pool,rf,2,16,auroc,0.5538753616200579
3277,,,,guo_icu,guo_icu,clinicalbert_type2_mean_pool,rf,2,16,auprc,0.048987773208548954
3278,,,,guo_icu,guo_icu,clinicalbert_type2_mean_pool,rf,2,16,brier,0.2487076583210604
3279,,,,guo_icu,guo_icu,clinicalbert_type2_mean_pool,rf,3,16,auroc,0.5545292912246867
3280,,,,guo_icu,guo_icu,clinicalbert_type2_mean_pool,rf,3,16,auprc,0.049932773047494515
3281,,,,guo_icu,guo_icu,clinicalbert_type2_mean_pool,rf,3,16,brier,0.324706676485027
3282,,,,guo_icu,guo_icu,clinicalbert_type2_mean_pool,rf,4,16,auroc,0.6060571359691416
3283,,,,guo_icu,guo_icu,clinicalbert_type2_mean_pool,rf,4,16,auprc,0.05719700253686411
3284,,,,guo_icu,guo_icu,clinicalbert_type2_mean_pool,rf,4,16,brier,0.2830562592047128
3285,,,,guo_icu,guo_icu,clinicalbert_type2_mean_pool,rf,0,24,auroc,0.554122468659595
3286,,,,guo_icu,guo_icu,clinicalbert_type2_mean_pool,rf,0,24,auprc,0.05877630542018188
3287,,,,guo_icu,guo_icu,clinicalbert_type2_mean_pool,rf,0,24,brier,0.2324243495336279
3288,,,,guo_icu,guo_icu,clinicalbert_type2_mean_pool,rf,1,24,auroc,0.5671076422372228
3289,,,,guo_icu,guo_icu,clinicalbert_type2_mean_pool,rf,1,24,auprc,0.061691622542368936
3290,,,,guo_icu,guo_icu,clinicalbert_type2_mean_pool,rf,1,24,brier,0.29601865488463425
3291,,,,guo_icu,guo_icu,clinicalbert_type2_mean_pool,rf,2,24,auroc,0.5953622227579556
3292,,,,guo_icu,guo_icu,clinicalbert_type2_mean_pool,rf,2,24,auprc,0.07387213871141257
3293,,,,guo_icu,guo_icu,clinicalbert_type2_mean_pool,rf,2,24,brier,0.2760996563573883
3294,,,,guo_icu,guo_icu,clinicalbert_type2_mean_pool,rf,3,24,auroc,0.5367014223722275
3295,,,,guo_icu,guo_icu,clinicalbert_type2_mean_pool,rf,3,24,auprc,0.04601711127806208
3296,,,,guo_icu,guo_icu,clinicalbert_type2_mean_pool,rf,3,24,brier,0.25241361479570973
3297,,,,guo_icu,guo_icu,clinicalbert_type2_mean_pool,rf,4,24,auroc,0.586143924783028
3298,,,,guo_icu,guo_icu,clinicalbert_type2_mean_pool,rf,4,24,auprc,0.057689964378421006
3299,,,,guo_icu,guo_icu,clinicalbert_type2_mean_pool,rf,4,24,brier,0.21124538198932
3300,,,,guo_icu,guo_icu,clinicalbert_type2_mean_pool,rf,0,32,auroc,0.610975168756027
3301,,,,guo_icu,guo_icu,clinicalbert_type2_mean_pool,rf,0,32,auprc,0.07681218812307498
3302,,,,guo_icu,guo_icu,clinicalbert_type2_mean_pool,rf,0,32,brier,0.24609818360333827
3303,,,,guo_icu,guo_icu,clinicalbert_type2_mean_pool,rf,1,32,auroc,0.6256870781099325
3304,,,,guo_icu,guo_icu,clinicalbert_type2_mean_pool,rf,1,32,auprc,0.062131020880542044
3305,,,,guo_icu,guo_icu,clinicalbert_type2_mean_pool,rf,1,32,brier,0.24268091330382507
3306,,,,guo_icu,guo_icu,clinicalbert_type2_mean_pool,rf,2,32,auroc,0.5553610173577628
3307,,,,guo_icu,guo_icu,clinicalbert_type2_mean_pool,rf,2,32,auprc,0.05698683234213264
3308,,,,guo_icu,guo_icu,clinicalbert_type2_mean_pool,rf,2,32,brier,0.22961827169584903
3309,,,,guo_icu,guo_icu,clinicalbert_type2_mean_pool,rf,3,32,auroc,0.6096793635486982
3310,,,,guo_icu,guo_icu,clinicalbert_type2_mean_pool,rf,3,32,auprc,0.06038794694694205
3311,,,,guo_icu,guo_icu,clinicalbert_type2_mean_pool,rf,3,32,brier,0.24259793814432992
3312,,,,guo_icu,guo_icu,clinicalbert_type2_mean_pool,rf,4,32,auroc,0.6422492767598843
3313,,,,guo_icu,guo_icu,clinicalbert_type2_mean_pool,rf,4,32,auprc,0.07294838308373378
3314,,,,guo_icu,guo_icu,clinicalbert_type2_mean_pool,rf,4,32,brier,0.24396986020788453
3315,,,,guo_icu,guo_icu,clinicalbert_type2_mean_pool,rf,0,48,auroc,0.5904863789778205
3316,,,,guo_icu,guo_icu,clinicalbert_type2_mean_pool,rf,0,48,auprc,0.06107603448338525
3317,,,,guo_icu,guo_icu,clinicalbert_type2_mean_pool,rf,0,48,brier,0.2427368916351902
3318,,,,guo_icu,guo_icu,clinicalbert_type2_mean_pool,rf,1,48,auroc,0.5982220347155256
3319,,,,guo_icu,guo_icu,clinicalbert_type2_mean_pool,rf,1,48,auprc,0.057476116068917865
3320,,,,guo_icu,guo_icu,clinicalbert_type2_mean_pool,rf,1,48,brier,0.23801032456529006
3321,,,,guo_icu,guo_icu,clinicalbert_type2_mean_pool,rf,2,48,auroc,0.6097215525554486
3322,,,,guo_icu,guo_icu,clinicalbert_type2_mean_pool,rf,2,48,auprc,0.05722289604085123
3323,,,,guo_icu,guo_icu,clinicalbert_type2_mean_pool,rf,2,48,brier,0.23965267550319097
3324,,,,guo_icu,guo_icu,clinicalbert_type2_mean_pool,rf,3,48,auroc,0.5710040983606558
3325,,,,guo_icu,guo_icu,clinicalbert_type2_mean_pool,rf,3,48,auprc,0.052721525020122256
3326,,,,guo_icu,guo_icu,clinicalbert_type2_mean_pool,rf,3,48,brier,0.242106835454374
3327,,,,guo_icu,guo_icu,clinicalbert_type2_mean_pool,rf,4,48,auroc,0.6320335101253617
3328,,,,guo_icu,guo_icu,clinicalbert_type2_mean_pool,rf,4,48,auprc,0.07164729056578563
3329,,,,guo_icu,guo_icu,clinicalbert_type2_mean_pool,rf,4,48,brier,0.2521715758468336
3330,,,,guo_icu,guo_icu,clinicalbert_type2_mean_pool,rf,0,64,auroc,0.6368520973963355
3331,,,,guo_icu,guo_icu,clinicalbert_type2_mean_pool,rf,0,64,auprc,0.0617252502135454
3332,,,,guo_icu,guo_icu,clinicalbert_type2_mean_pool,rf,0,64,brier,0.24986966126656845
3333,,,,guo_icu,guo_icu,clinicalbert_type2_mean_pool,rf,1,64,auroc,0.6482973722275795
3334,,,,guo_icu,guo_icu,clinicalbert_type2_mean_pool,rf,1,64,auprc,0.06132521648797898
3335,,,,guo_icu,guo_icu,clinicalbert_type2_mean_pool,rf,1,64,brier,0.23669612174766813
3336,,,,guo_icu,guo_icu,clinicalbert_type2_mean_pool,rf,2,64,auroc,0.6751386210221794
3337,,,,guo_icu,guo_icu,clinicalbert_type2_mean_pool,rf,2,64,auprc,0.07079664491334921
3338,,,,guo_icu,guo_icu,clinicalbert_type2_mean_pool,rf,2,64,brier,0.23316554726602567
3339,,,,guo_icu,guo_icu,clinicalbert_type2_mean_pool,rf,3,64,auroc,0.5870419479267117
3340,,,,guo_icu,guo_icu,clinicalbert_type2_mean_pool,rf,3,64,auprc,0.05420373985143751
3341,,,,guo_icu,guo_icu,clinicalbert_type2_mean_pool,rf,3,64,brier,0.2270354442808051
3342,,,,guo_icu,guo_icu,clinicalbert_type2_mean_pool,rf,4,64,auroc,0.6346130665380907
3343,,,,guo_icu,guo_icu,clinicalbert_type2_mean_pool,rf,4,64,auprc,0.05934875219759141
3344,,,,guo_icu,guo_icu,clinicalbert_type2_mean_pool,rf,4,64,brier,0.23212723636908986
3345,,,,guo_icu,guo_icu,clinicalbert_type2_mean_pool,rf,0,128,auroc,0.6766333172613307
3346,,,,guo_icu,guo_icu,clinicalbert_type2_mean_pool,rf,0,128,auprc,0.06759932415421287
3347,,,,guo_icu,guo_icu,clinicalbert_type2_mean_pool,rf,0,128,brier,0.21490761468390335
3348,,,,guo_icu,guo_icu,clinicalbert_type2_mean_pool,rf,1,128,auroc,0.6648897058823529
3349,,,,guo_icu,guo_icu,clinicalbert_type2_mean_pool,rf,1,128,auprc,0.06708996725429163
3350,,,,guo_icu,guo_icu,clinicalbert_type2_mean_pool,rf,1,128,brier,0.2139701820479035
3351,,,,guo_icu,guo_icu,clinicalbert_type2_mean_pool,rf,2,128,auroc,0.6764344262295082
3352,,,,guo_icu,guo_icu,clinicalbert_type2_mean_pool,rf,2,128,auprc,0.07085179912445382
3353,,,,guo_icu,guo_icu,clinicalbert_type2_mean_pool,rf,2,128,brier,0.21801703813841564
3354,,,,guo_icu,guo_icu,clinicalbert_type2_mean_pool,rf,3,128,auroc,0.65474324975892
3355,,,,guo_icu,guo_icu,clinicalbert_type2_mean_pool,rf,3,128,auprc,0.06873908085644617
3356,,,,guo_icu,guo_icu,clinicalbert_type2_mean_pool,rf,3,128,brier,0.2257144820814924
3357,,,,guo_icu,guo_icu,clinicalbert_type2_mean_pool,rf,4,128,auroc,0.671290380906461
3358,,,,guo_icu,guo_icu,clinicalbert_type2_mean_pool,rf,4,128,auprc,0.07057182427943712
3359,,,,guo_icu,guo_icu,clinicalbert_type2_mean_pool,rf,4,128,brier,0.211341667408971
3360,,,,guo_icu,guo_icu,clinicalbert_type2_clinicalbert_pool,lr_lbfgs,0,-1,auroc,0.7279472034715525
3361,,,,guo_icu,guo_icu,clinicalbert_type2_clinicalbert_pool,lr_lbfgs,0,-1,auprc,0.10429867623480271
3362,,,,guo_icu,guo_icu,clinicalbert_type2_clinicalbert_pool,lr_lbfgs,0,-1,brier,0.03936764553750488
3363,,,,guo_icu,guo_icu,clinicalbert_type2_clinicalbert_pool,lr_lbfgs,0,1,auroc,0.504707087753134
3364,,,,guo_icu,guo_icu,clinicalbert_type2_clinicalbert_pool,lr_lbfgs,0,1,auprc,0.042617048542735986
3365,,,,guo_icu,guo_icu,clinicalbert_type2_clinicalbert_pool,lr_lbfgs,0,1,brier,0.25000006389973434
3366,,,,guo_icu,guo_icu,clinicalbert_type2_clinicalbert_pool,lr_lbfgs,1,1,auroc,0.4901337994214079
3367,,,,guo_icu,guo_icu,clinicalbert_type2_clinicalbert_pool,lr_lbfgs,1,1,auprc,0.03921921747235112
3368,,,,guo_icu,guo_icu,clinicalbert_type2_clinicalbert_pool,lr_lbfgs,1,1,brier,0.24999913854244238
3369,,,,guo_icu,guo_icu,clinicalbert_type2_clinicalbert_pool,lr_lbfgs,2,1,auroc,0.5112463837994214
3370,,,,guo_icu,guo_icu,clinicalbert_type2_clinicalbert_pool,lr_lbfgs,2,1,auprc,0.04332465051377174
3371,,,,guo_icu,guo_icu,clinicalbert_type2_clinicalbert_pool,lr_lbfgs,2,1,brier,0.24999897831581808
3372,,,,guo_icu,guo_icu,clinicalbert_type2_clinicalbert_pool,lr_lbfgs,3,1,auroc,0.5100650916104147
3373,,,,guo_icu,guo_icu,clinicalbert_type2_clinicalbert_pool,lr_lbfgs,3,1,auprc,0.04306669063333951
3374,,,,guo_icu,guo_icu,clinicalbert_type2_clinicalbert_pool,lr_lbfgs,3,1,brier,0.25000164103305456
3375,,,,guo_icu,guo_icu,clinicalbert_type2_clinicalbert_pool,lr_lbfgs,4,1,auroc,0.48258196721311475
3376,,,,guo_icu,guo_icu,clinicalbert_type2_clinicalbert_pool,lr_lbfgs,4,1,auprc,0.03820711319974961
3377,,,,guo_icu,guo_icu,clinicalbert_type2_clinicalbert_pool,lr_lbfgs,4,1,brier,0.25000038387763585
3378,,,,guo_icu,guo_icu,clinicalbert_type2_clinicalbert_pool,lr_lbfgs,0,2,auroc,0.5082389103182257
3379,,,,guo_icu,guo_icu,clinicalbert_type2_clinicalbert_pool,lr_lbfgs,0,2,auprc,0.040783653894207794
3380,,,,guo_icu,guo_icu,clinicalbert_type2_clinicalbert_pool,lr_lbfgs,0,2,brier,0.25000000801147115
3381,,,,guo_icu,guo_icu,clinicalbert_type2_clinicalbert_pool,lr_lbfgs,1,2,auroc,0.5030376084860173
3382,,,,guo_icu,guo_icu,clinicalbert_type2_clinicalbert_pool,lr_lbfgs,1,2,auprc,0.04269733469300256
3383,,,,guo_icu,guo_icu,clinicalbert_type2_clinicalbert_pool,lr_lbfgs,1,2,brier,0.2975747511055772
3384,,,,guo_icu,guo_icu,clinicalbert_type2_clinicalbert_pool,lr_lbfgs,2,2,auroc,0.4985716007714561
3385,,,,guo_icu,guo_icu,clinicalbert_type2_clinicalbert_pool,lr_lbfgs,2,2,auprc,0.039327288458041024
3386,,,,guo_icu,guo_icu,clinicalbert_type2_clinicalbert_pool,lr_lbfgs,2,2,brier,0.2500007557562282
3387,,,,guo_icu,guo_icu,clinicalbert_type2_clinicalbert_pool,lr_lbfgs,3,2,auroc,0.5434727579556413
3388,,,,guo_icu,guo_icu,clinicalbert_type2_clinicalbert_pool,lr_lbfgs,3,2,auprc,0.049888078813832476
3389,,,,guo_icu,guo_icu,clinicalbert_type2_clinicalbert_pool,lr_lbfgs,3,2,brier,0.1992492543207243
3390,,,,guo_icu,guo_icu,clinicalbert_type2_clinicalbert_pool,lr_lbfgs,4,2,auroc,0.5011632111861138
3391,,,,guo_icu,guo_icu,clinicalbert_type2_clinicalbert_pool,lr_lbfgs,4,2,auprc,0.04092384706083471
3392,,,,guo_icu,guo_icu,clinicalbert_type2_clinicalbert_pool,lr_lbfgs,4,2,brier,0.2500018731148452
3393,,,,guo_icu,guo_icu,clinicalbert_type2_clinicalbert_pool,lr_lbfgs,0,4,auroc,0.5843719864995178
3394,,,,guo_icu,guo_icu,clinicalbert_type2_clinicalbert_pool,lr_lbfgs,0,4,auprc,0.05080315920176319
3395,,,,guo_icu,guo_icu,clinicalbert_type2_clinicalbert_pool,lr_lbfgs,0,4,brier,0.24999993379348462
3396,,,,guo_icu,guo_icu,clinicalbert_type2_clinicalbert_pool,lr_lbfgs,1,4,auroc,0.5060450819672131
3397,,,,guo_icu,guo_icu,clinicalbert_type2_clinicalbert_pool,lr_lbfgs,1,4,auprc,0.04586837666899719
3398,,,,guo_icu,guo_icu,clinicalbert_type2_clinicalbert_pool,lr_lbfgs,1,4,brier,0.49103469842922826
3399,,,,guo_icu,guo_icu,clinicalbert_type2_clinicalbert_pool,lr_lbfgs,2,4,auroc,0.5700819672131148
3400,,,,guo_icu,guo_icu,clinicalbert_type2_clinicalbert_pool,lr_lbfgs,2,4,auprc,0.06467926197753093
3401,,,,guo_icu,guo_icu,clinicalbert_type2_clinicalbert_pool,lr_lbfgs,2,4,brier,0.2689885375749604
3402,,,,guo_icu,guo_icu,clinicalbert_type2_clinicalbert_pool,lr_lbfgs,3,4,auroc,0.6018623432979748
3403,,,,guo_icu,guo_icu,clinicalbert_type2_clinicalbert_pool,lr_lbfgs,3,4,auprc,0.05849583048225496
3404,,,,guo_icu,guo_icu,clinicalbert_type2_clinicalbert_pool,lr_lbfgs,3,4,brier,0.254265951820196
3405,,,,guo_icu,guo_icu,clinicalbert_type2_clinicalbert_pool,lr_lbfgs,4,4,auroc,0.5404110414657667
3406,,,,guo_icu,guo_icu,clinicalbert_type2_clinicalbert_pool,lr_lbfgs,4,4,auprc,0.04737408804975518
3407,,,,guo_icu,guo_icu,clinicalbert_type2_clinicalbert_pool,lr_lbfgs,4,4,brier,0.5606109183511759
3408,,,,guo_icu,guo_icu,clinicalbert_type2_clinicalbert_pool,lr_lbfgs,0,8,auroc,0.5394527483124397
3409,,,,guo_icu,guo_icu,clinicalbert_type2_clinicalbert_pool,lr_lbfgs,0,8,auprc,0.04630730226074992
3410,,,,guo_icu,guo_icu,clinicalbert_type2_clinicalbert_pool,lr_lbfgs,0,8,brier,0.26511001627772296
3411,,,,guo_icu,guo_icu,clinicalbert_type2_clinicalbert_pool,lr_lbfgs,1,8,auroc,0.5394497348119576
3412,,,,guo_icu,guo_icu,clinicalbert_type2_clinicalbert_pool,lr_lbfgs,1,8,auprc,0.051112870029383944
3413,,,,guo_icu,guo_icu,clinicalbert_type2_clinicalbert_pool,lr_lbfgs,1,8,brier,0.46201603622871634
3414,,,,guo_icu,guo_icu,clinicalbert_type2_clinicalbert_pool,lr_lbfgs,2,8,auroc,0.5301530858244937
3415,,,,guo_icu,guo_icu,clinicalbert_type2_clinicalbert_pool,lr_lbfgs,2,8,auprc,0.04932453740804001
3416,,,,guo_icu,guo_icu,clinicalbert_type2_clinicalbert_pool,lr_lbfgs,2,8,brier,0.387524356180953
3417,,,,guo_icu,guo_icu,clinicalbert_type2_clinicalbert_pool,lr_lbfgs,3,8,auroc,0.588235294117647
3418,,,,guo_icu,guo_icu,clinicalbert_type2_clinicalbert_pool,lr_lbfgs,3,8,auprc,0.061045804079360305
3419,,,,guo_icu,guo_icu,clinicalbert_type2_clinicalbert_pool,lr_lbfgs,3,8,brier,0.24999998265722234
3420,,,,guo_icu,guo_icu,clinicalbert_type2_clinicalbert_pool,lr_lbfgs,4,8,auroc,0.6037638621022179
3421,,,,guo_icu,guo_icu,clinicalbert_type2_clinicalbert_pool,lr_lbfgs,4,8,auprc,0.058082694534889616
3422,,,,guo_icu,guo_icu,clinicalbert_type2_clinicalbert_pool,lr_lbfgs,4,8,brier,0.5616547668480071
3423,,,,guo_icu,guo_icu,clinicalbert_type2_clinicalbert_pool,lr_lbfgs,0,12,auroc,0.5721130665380907
3424,,,,guo_icu,guo_icu,clinicalbert_type2_clinicalbert_pool,lr_lbfgs,0,12,auprc,0.06572795747943258
3425,,,,guo_icu,guo_icu,clinicalbert_type2_clinicalbert_pool,lr_lbfgs,0,12,brier,0.2500754175235953
3426,,,,guo_icu,guo_icu,clinicalbert_type2_clinicalbert_pool,lr_lbfgs,1,12,auroc,0.5481195756991322
3427,,,,guo_icu,guo_icu,clinicalbert_type2_clinicalbert_pool,lr_lbfgs,1,12,auprc,0.051198060521825156
3428,,,,guo_icu,guo_icu,clinicalbert_type2_clinicalbert_pool,lr_lbfgs,1,12,brier,0.4383646241367023
3429,,,,guo_icu,guo_icu,clinicalbert_type2_clinicalbert_pool,lr_lbfgs,2,12,auroc,0.580629218900675
3430,,,,guo_icu,guo_icu,clinicalbert_type2_clinicalbert_pool,lr_lbfgs,2,12,auprc,0.05641683024177948
3431,,,,guo_icu,guo_icu,clinicalbert_type2_clinicalbert_pool,lr_lbfgs,2,12,brier,0.2774277029218898
3432,,,,guo_icu,guo_icu,clinicalbert_type2_clinicalbert_pool,lr_lbfgs,3,12,auroc,0.5858727097396337
3433,,,,guo_icu,guo_icu,clinicalbert_type2_clinicalbert_pool,lr_lbfgs,3,12,auprc,0.05417267610247464
3434,,,,guo_icu,guo_icu,clinicalbert_type2_clinicalbert_pool,lr_lbfgs,3,12,brier,0.25000158233561265
3435,,,,guo_icu,guo_icu,clinicalbert_type2_clinicalbert_pool,lr_lbfgs,4,12,auroc,0.6054062198649952
3436,,,,guo_icu,guo_icu,clinicalbert_type2_clinicalbert_pool,lr_lbfgs,4,12,auprc,0.0639186913321336
3437,,,,guo_icu,guo_icu,clinicalbert_type2_clinicalbert_pool,lr_lbfgs,4,12,brier,0.3395988406077311
3438,,,,guo_icu,guo_icu,clinicalbert_type2_clinicalbert_pool,lr_lbfgs,0,16,auroc,0.5682286644165864
3439,,,,guo_icu,guo_icu,clinicalbert_type2_clinicalbert_pool,lr_lbfgs,0,16,auprc,0.05258844289266705
3440,,,,guo_icu,guo_icu,clinicalbert_type2_clinicalbert_pool,lr_lbfgs,0,16,brier,0.4666129148871775
3441,,,,guo_icu,guo_icu,clinicalbert_type2_clinicalbert_pool,lr_lbfgs,1,16,auroc,0.5340706364513018
3442,,,,guo_icu,guo_icu,clinicalbert_type2_clinicalbert_pool,lr_lbfgs,1,16,auprc,0.04311376104068003
3443,,,,guo_icu,guo_icu,clinicalbert_type2_clinicalbert_pool,lr_lbfgs,1,16,brier,0.25000356732391876
3444,,,,guo_icu,guo_icu,clinicalbert_type2_clinicalbert_pool,lr_lbfgs,2,16,auroc,0.5885667791706846
3445,,,,guo_icu,guo_icu,clinicalbert_type2_clinicalbert_pool,lr_lbfgs,2,16,auprc,0.053997798497599725
3446,,,,guo_icu,guo_icu,clinicalbert_type2_clinicalbert_pool,lr_lbfgs,2,16,brier,0.2602491507912407
3447,,,,guo_icu,guo_icu,clinicalbert_type2_clinicalbert_pool,lr_lbfgs,3,16,auroc,0.5454616682738669
3448,,,,guo_icu,guo_icu,clinicalbert_type2_clinicalbert_pool,lr_lbfgs,3,16,auprc,0.05103707938890658
3449,,,,guo_icu,guo_icu,clinicalbert_type2_clinicalbert_pool,lr_lbfgs,3,16,brier,0.2515345944161497
3450,,,,guo_icu,guo_icu,clinicalbert_type2_clinicalbert_pool,lr_lbfgs,4,16,auroc,0.5429243008678881
3451,,,,guo_icu,guo_icu,clinicalbert_type2_clinicalbert_pool,lr_lbfgs,4,16,auprc,0.04915077034816559
3452,,,,guo_icu,guo_icu,clinicalbert_type2_clinicalbert_pool,lr_lbfgs,4,16,brier,0.5595328323354101
3453,,,,guo_icu,guo_icu,clinicalbert_type2_clinicalbert_pool,lr_lbfgs,0,24,auroc,0.5555990838958534
3454,,,,guo_icu,guo_icu,clinicalbert_type2_clinicalbert_pool,lr_lbfgs,0,24,auprc,0.0585057968714939
3455,,,,guo_icu,guo_icu,clinicalbert_type2_clinicalbert_pool,lr_lbfgs,0,24,brier,0.24831438922495705
3456,,,,guo_icu,guo_icu,clinicalbert_type2_clinicalbert_pool,lr_lbfgs,1,24,auroc,0.533431774349084
3457,,,,guo_icu,guo_icu,clinicalbert_type2_clinicalbert_pool,lr_lbfgs,1,24,auprc,0.04641552770301276
3458,,,,guo_icu,guo_icu,clinicalbert_type2_clinicalbert_pool,lr_lbfgs,1,24,brier,0.24953229491147041
3459,,,,guo_icu,guo_icu,clinicalbert_type2_clinicalbert_pool,lr_lbfgs,2,24,auroc,0.630611137897782
3460,,,,guo_icu,guo_icu,clinicalbert_type2_clinicalbert_pool,lr_lbfgs,2,24,auprc,0.06447548557354671
3461,,,,guo_icu,guo_icu,clinicalbert_type2_clinicalbert_pool,lr_lbfgs,2,24,brier,0.2806332857557655
3462,,,,guo_icu,guo_icu,clinicalbert_type2_clinicalbert_pool,lr_lbfgs,3,24,auroc,0.6086668273866923
3463,,,,guo_icu,guo_icu,clinicalbert_type2_clinicalbert_pool,lr_lbfgs,3,24,auprc,0.06928909420305415
3464,,,,guo_icu,guo_icu,clinicalbert_type2_clinicalbert_pool,lr_lbfgs,3,24,brier,0.2947662306292508
3465,,,,guo_icu,guo_icu,clinicalbert_type2_clinicalbert_pool,lr_lbfgs,4,24,auroc,0.5926350048216008
3466,,,,guo_icu,guo_icu,clinicalbert_type2_clinicalbert_pool,lr_lbfgs,4,24,auprc,0.05894766330034587
3467,,,,guo_icu,guo_icu,clinicalbert_type2_clinicalbert_pool,lr_lbfgs,4,24,brier,0.2499243596526379
3468,,,,guo_icu,guo_icu,clinicalbert_type2_clinicalbert_pool,lr_lbfgs,0,32,auroc,0.5921046287367406
3469,,,,guo_icu,guo_icu,clinicalbert_type2_clinicalbert_pool,lr_lbfgs,0,32,auprc,0.06632143698856774
3470,,,,guo_icu,guo_icu,clinicalbert_type2_clinicalbert_pool,lr_lbfgs,0,32,brier,0.25003725595639403
3471,,,,guo_icu,guo_icu,clinicalbert_type2_clinicalbert_pool,lr_lbfgs,1,32,auroc,0.6096853905496624
3472,,,,guo_icu,guo_icu,clinicalbert_type2_clinicalbert_pool,lr_lbfgs,1,32,auprc,0.061817732743071924
3473,,,,guo_icu,guo_icu,clinicalbert_type2_clinicalbert_pool,lr_lbfgs,1,32,brier,0.38363449259257154
3474,,,,guo_icu,guo_icu,clinicalbert_type2_clinicalbert_pool,lr_lbfgs,2,32,auroc,0.6211125843780135
3475,,,,guo_icu,guo_icu,clinicalbert_type2_clinicalbert_pool,lr_lbfgs,2,32,auprc,0.06856713333160151
3476,,,,guo_icu,guo_icu,clinicalbert_type2_clinicalbert_pool,lr_lbfgs,2,32,brier,0.22739500292723858
3477,,,,guo_icu,guo_icu,clinicalbert_type2_clinicalbert_pool,lr_lbfgs,3,32,auroc,0.592074493731919
3478,,,,guo_icu,guo_icu,clinicalbert_type2_clinicalbert_pool,lr_lbfgs,3,32,auprc,0.06336350096467616
3479,,,,guo_icu,guo_icu,clinicalbert_type2_clinicalbert_pool,lr_lbfgs,3,32,brier,0.30209203333587664
3480,,,,guo_icu,guo_icu,clinicalbert_type2_clinicalbert_pool,lr_lbfgs,4,32,auroc,0.6271636933461909
3481,,,,guo_icu,guo_icu,clinicalbert_type2_clinicalbert_pool,lr_lbfgs,4,32,auprc,0.0694738403171367
3482,,,,guo_icu,guo_icu,clinicalbert_type2_clinicalbert_pool,lr_lbfgs,4,32,brier,0.24596894654981338
3483,,,,guo_icu,guo_icu,clinicalbert_type2_clinicalbert_pool,lr_lbfgs,0,48,auroc,0.6624698649951783
3484,,,,guo_icu,guo_icu,clinicalbert_type2_clinicalbert_pool,lr_lbfgs,0,48,auprc,0.08212122188268209
3485,,,,guo_icu,guo_icu,clinicalbert_type2_clinicalbert_pool,lr_lbfgs,0,48,brier,0.2666464588301264
3486,,,,guo_icu,guo_icu,clinicalbert_type2_clinicalbert_pool,lr_lbfgs,1,48,auroc,0.5702868852459017
3487,,,,guo_icu,guo_icu,clinicalbert_type2_clinicalbert_pool,lr_lbfgs,1,48,auprc,0.058253985989216904
3488,,,,guo_icu,guo_icu,clinicalbert_type2_clinicalbert_pool,lr_lbfgs,1,48,brier,0.23717835768844336
3489,,,,guo_icu,guo_icu,clinicalbert_type2_clinicalbert_pool,lr_lbfgs,2,48,auroc,0.6324071841851494
3490,,,,guo_icu,guo_icu,clinicalbert_type2_clinicalbert_pool,lr_lbfgs,2,48,auprc,0.05961060627783004
3491,,,,guo_icu,guo_icu,clinicalbert_type2_clinicalbert_pool,lr_lbfgs,2,48,brier,0.2637485480752908
3492,,,,guo_icu,guo_icu,clinicalbert_type2_clinicalbert_pool,lr_lbfgs,3,48,auroc,0.6173276277724205
3493,,,,guo_icu,guo_icu,clinicalbert_type2_clinicalbert_pool,lr_lbfgs,3,48,auprc,0.07285872876596639
3494,,,,guo_icu,guo_icu,clinicalbert_type2_clinicalbert_pool,lr_lbfgs,3,48,brier,0.25903405262544993
3495,,,,guo_icu,guo_icu,clinicalbert_type2_clinicalbert_pool,lr_lbfgs,4,48,auroc,0.6465887174541949
3496,,,,guo_icu,guo_icu,clinicalbert_type2_clinicalbert_pool,lr_lbfgs,4,48,auprc,0.07900522042458556
3497,,,,guo_icu,guo_icu,clinicalbert_type2_clinicalbert_pool,lr_lbfgs,4,48,brier,0.24056341207454304
3498,,,,guo_icu,guo_icu,clinicalbert_type2_clinicalbert_pool,lr_lbfgs,0,64,auroc,0.6558883799421408
3499,,,,guo_icu,guo_icu,clinicalbert_type2_clinicalbert_pool,lr_lbfgs,0,64,auprc,0.0784216464170655
3500,,,,guo_icu,guo_icu,clinicalbert_type2_clinicalbert_pool,lr_lbfgs,0,64,brier,0.27829172706332816
3501,,,,guo_icu,guo_icu,clinicalbert_type2_clinicalbert_pool,lr_lbfgs,1,64,auroc,0.580159112825458
3502,,,,guo_icu,guo_icu,clinicalbert_type2_clinicalbert_pool,lr_lbfgs,1,64,auprc,0.055442190848174124
3503,,,,guo_icu,guo_icu,clinicalbert_type2_clinicalbert_pool,lr_lbfgs,1,64,brier,0.22236515709402913
3504,,,,guo_icu,guo_icu,clinicalbert_type2_clinicalbert_pool,lr_lbfgs,2,64,auroc,0.6393502892960463
3505,,,,guo_icu,guo_icu,clinicalbert_type2_clinicalbert_pool,lr_lbfgs,2,64,auprc,0.06235160811133414
3506,,,,guo_icu,guo_icu,clinicalbert_type2_clinicalbert_pool,lr_lbfgs,2,64,brier,0.27550703553206823
3507,,,,guo_icu,guo_icu,clinicalbert_type2_clinicalbert_pool,lr_lbfgs,3,64,auroc,0.6531400675024108
3508,,,,guo_icu,guo_icu,clinicalbert_type2_clinicalbert_pool,lr_lbfgs,3,64,auprc,0.09300256665573176
3509,,,,guo_icu,guo_icu,clinicalbert_type2_clinicalbert_pool,lr_lbfgs,3,64,brier,0.25483733790983376
3510,,,,guo_icu,guo_icu,clinicalbert_type2_clinicalbert_pool,lr_lbfgs,4,64,auroc,0.6583473963355835
3511,,,,guo_icu,guo_icu,clinicalbert_type2_clinicalbert_pool,lr_lbfgs,4,64,auprc,0.07978321532663016
3512,,,,guo_icu,guo_icu,clinicalbert_type2_clinicalbert_pool,lr_lbfgs,4,64,brier,0.22873278207693906
3513,,,,guo_icu,guo_icu,clinicalbert_type2_clinicalbert_pool,lr_lbfgs,0,128,auroc,0.7106195756991321
3514,,,,guo_icu,guo_icu,clinicalbert_type2_clinicalbert_pool,lr_lbfgs,0,128,auprc,0.11497641782371801
3515,,,,guo_icu,guo_icu,clinicalbert_type2_clinicalbert_pool,lr_lbfgs,0,128,brier,0.23359022461770193
3516,,,,guo_icu,guo_icu,clinicalbert_type2_clinicalbert_pool,lr_lbfgs,1,128,auroc,0.6685872709739633
3517,,,,guo_icu,guo_icu,clinicalbert_type2_clinicalbert_pool,lr_lbfgs,1,128,auprc,0.07758136434686835
3518,,,,guo_icu,guo_icu,clinicalbert_type2_clinicalbert_pool,lr_lbfgs,1,128,brier,0.22231778080587122
3519,,,,guo_icu,guo_icu,clinicalbert_type2_clinicalbert_pool,lr_lbfgs,2,128,auroc,0.6750120540019287
3520,,,,guo_icu,guo_icu,clinicalbert_type2_clinicalbert_pool,lr_lbfgs,2,128,auprc,0.08772671895793391
3521,,,,guo_icu,guo_icu,clinicalbert_type2_clinicalbert_pool,lr_lbfgs,2,128,brier,0.26337617092845444
3522,,,,guo_icu,guo_icu,clinicalbert_type2_clinicalbert_pool,lr_lbfgs,3,128,auroc,0.6958172613307618
3523,,,,guo_icu,guo_icu,clinicalbert_type2_clinicalbert_pool,lr_lbfgs,3,128,auprc,0.10054773635041225
3524,,,,guo_icu,guo_icu,clinicalbert_type2_clinicalbert_pool,lr_lbfgs,3,128,brier,0.23173619729681644
3525,,,,guo_icu,guo_icu,clinicalbert_type2_clinicalbert_pool,lr_lbfgs,4,128,auroc,0.7058461909353905
3526,,,,guo_icu,guo_icu,clinicalbert_type2_clinicalbert_pool,lr_lbfgs,4,128,auprc,0.09490832901012683
3527,,,,guo_icu,guo_icu,clinicalbert_type2_clinicalbert_pool,lr_lbfgs,4,128,brier,0.21038754489000844
3528,,,,guo_icu,guo_icu,clinicalbert_type2_clinicalbert_pool,knn,0,-1,auroc,0.5551892478302797
3529,,,,guo_icu,guo_icu,clinicalbert_type2_clinicalbert_pool,knn,0,-1,auprc,0.05950798761649588
3530,,,,guo_icu,guo_icu,clinicalbert_type2_clinicalbert_pool,knn,0,-1,brier,0.04885838866054715
3531,,,,guo_icu,guo_icu,clinicalbert_type2_clinicalbert_pool,knn,0,1,auroc,0.5319883076181293
3532,,,,guo_icu,guo_icu,clinicalbert_type2_clinicalbert_pool,knn,0,1,auprc,0.044529569744371396
3533,,,,guo_icu,guo_icu,clinicalbert_type2_clinicalbert_pool,knn,0,1,brier,0.6273932253313697
3534,,,,guo_icu,guo_icu,clinicalbert_type2_clinicalbert_pool,knn,1,1,auroc,0.4864362343297975
3535,,,,guo_icu,guo_icu,clinicalbert_type2_clinicalbert_pool,knn,1,1,auprc,0.04072534580842646
3536,,,,guo_icu,guo_icu,clinicalbert_type2_clinicalbert_pool,knn,1,1,brier,0.3588610702012764
3537,,,,guo_icu,guo_icu,clinicalbert_type2_clinicalbert_pool,knn,2,1,auroc,0.5161975650916104
3538,,,,guo_icu,guo_icu,clinicalbert_type2_clinicalbert_pool,knn,2,1,auprc,0.043095579664265
3539,,,,guo_icu,guo_icu,clinicalbert_type2_clinicalbert_pool,knn,2,1,brier,0.5498281786941581
3540,,,,guo_icu,guo_icu,clinicalbert_type2_clinicalbert_pool,knn,3,1,auroc,0.5160619575699131
3541,,,,guo_icu,guo_icu,clinicalbert_type2_clinicalbert_pool,knn,3,1,auprc,0.04306644217525647
3542,,,,guo_icu,guo_icu,clinicalbert_type2_clinicalbert_pool,knn,3,1,brier,0.7118311242022582
3543,,,,guo_icu,guo_icu,clinicalbert_type2_clinicalbert_pool,knn,4,1,auroc,0.4990628013500482
3544,,,,guo_icu,guo_icu,clinicalbert_type2_clinicalbert_pool,knn,4,1,auprc,0.041653322947644525
3545,,,,guo_icu,guo_icu,clinicalbert_type2_clinicalbert_pool,knn,4,1,brier,0.5503190967108493
3546,,,,guo_icu,guo_icu,clinicalbert_type2_clinicalbert_pool,knn,0,2,auroc,0.5035468900675024
3547,,,,guo_icu,guo_icu,clinicalbert_type2_clinicalbert_pool,knn,0,2,auprc,0.042014401591359336
3548,,,,guo_icu,guo_icu,clinicalbert_type2_clinicalbert_pool,knn,0,2,brier,0.6926853215513009
3549,,,,guo_icu,guo_icu,clinicalbert_type2_clinicalbert_pool,knn,1,2,auroc,0.49528387174541955
3550,,,,guo_icu,guo_icu,clinicalbert_type2_clinicalbert_pool,knn,1,2,auprc,0.04135797340388318
3551,,,,guo_icu,guo_icu,clinicalbert_type2_clinicalbert_pool,knn,1,2,brier,0.48208149239077075
3552,,,,guo_icu,guo_icu,clinicalbert_type2_clinicalbert_pool,knn,2,2,auroc,0.5281551350048216
3553,,,,guo_icu,guo_icu,clinicalbert_type2_clinicalbert_pool,knn,2,2,auprc,0.04416949817052873
3554,,,,guo_icu,guo_icu,clinicalbert_type2_clinicalbert_pool,knn,2,2,brier,0.6239567992145312
3555,,,,guo_icu,guo_icu,clinicalbert_type2_clinicalbert_pool,knn,3,2,auroc,0.4467544599807136
3556,,,,guo_icu,guo_icu,clinicalbert_type2_clinicalbert_pool,knn,3,2,auprc,0.03806868561634438
3557,,,,guo_icu,guo_icu,clinicalbert_type2_clinicalbert_pool,knn,3,2,brier,0.3495336278841434
3558,,,,guo_icu,guo_icu,clinicalbert_type2_clinicalbert_pool,knn,4,2,auroc,0.5304243008678882
3559,,,,guo_icu,guo_icu,clinicalbert_type2_clinicalbert_pool,knn,4,2,auprc,0.04436893658795349
3560,,,,guo_icu,guo_icu,clinicalbert_type2_clinicalbert_pool,knn,4,2,brier,0.6627393225331369
3561,,,,guo_icu,guo_icu,clinicalbert_type2_clinicalbert_pool,knn,0,4,auroc,0.5436475409836066
3562,,,,guo_icu,guo_icu,clinicalbert_type2_clinicalbert_pool,knn,0,4,auprc,0.04589226064490627
3563,,,,guo_icu,guo_icu,clinicalbert_type2_clinicalbert_pool,knn,0,4,brier,0.35243986254295534
3564,,,,guo_icu,guo_icu,clinicalbert_type2_clinicalbert_pool,knn,1,4,auroc,0.46605291706846674
3565,,,,guo_icu,guo_icu,clinicalbert_type2_clinicalbert_pool,knn,1,4,auprc,0.04109441213483307
3566,,,,guo_icu,guo_icu,clinicalbert_type2_clinicalbert_pool,knn,1,4,brier,0.27068804691443776
3567,,,,guo_icu,guo_icu,clinicalbert_type2_clinicalbert_pool,knn,2,4,auroc,0.5689850530376085
3568,,,,guo_icu,guo_icu,clinicalbert_type2_clinicalbert_pool,knn,2,4,auprc,0.05946462729712917
3569,,,,guo_icu,guo_icu,clinicalbert_type2_clinicalbert_pool,knn,2,4,brier,0.286744237879501
3570,,,,guo_icu,guo_icu,clinicalbert_type2_clinicalbert_pool,knn,3,4,auroc,0.6038904291224686
3571,,,,guo_icu,guo_icu,clinicalbert_type2_clinicalbert_pool,knn,3,4,auprc,0.06134273244024111
3572,,,,guo_icu,guo_icu,clinicalbert_type2_clinicalbert_pool,knn,3,4,brier,0.40679213435675154
3573,,,,guo_icu,guo_icu,clinicalbert_type2_clinicalbert_pool,knn,4,4,auroc,0.5359872227579556
3574,,,,guo_icu,guo_icu,clinicalbert_type2_clinicalbert_pool,knn,4,4,auprc,0.04506890455904682
3575,,,,guo_icu,guo_icu,clinicalbert_type2_clinicalbert_pool,knn,4,4,brier,0.3130093274423172
3576,,,,guo_icu,guo_icu,clinicalbert_type2_clinicalbert_pool,knn,0,8,auroc,0.5535137415621987
3577,,,,guo_icu,guo_icu,clinicalbert_type2_clinicalbert_pool,knn,0,8,auprc,0.05066565342704196
3578,,,,guo_icu,guo_icu,clinicalbert_type2_clinicalbert_pool,knn,0,8,brier,0.2989598283058066
3579,,,,guo_icu,guo_icu,clinicalbert_type2_clinicalbert_pool,knn,1,8,auroc,0.5305448408871746
3580,,,,guo_icu,guo_icu,clinicalbert_type2_clinicalbert_pool,knn,1,8,auprc,0.045423264095330894
3581,,,,guo_icu,guo_icu,clinicalbert_type2_clinicalbert_pool,knn,1,8,brier,0.3367659350052
3582,,,,guo_icu,guo_icu,clinicalbert_type2_clinicalbert_pool,knn,2,8,auroc,0.5930840163934425
3583,,,,guo_icu,guo_icu,clinicalbert_type2_clinicalbert_pool,knn,2,8,auprc,0.05829794655970387
3584,,,,guo_icu,guo_icu,clinicalbert_type2_clinicalbert_pool,knn,2,8,brier,0.25884172846646053
3585,,,,guo_icu,guo_icu,clinicalbert_type2_clinicalbert_pool,knn,3,8,auroc,0.5857431292189006
3586,,,,guo_icu,guo_icu,clinicalbert_type2_clinicalbert_pool,knn,3,8,auprc,0.05049963305786963
3587,,,,guo_icu,guo_icu,clinicalbert_type2_clinicalbert_pool,knn,3,8,brier,0.5675012272950417
3588,,,,guo_icu,guo_icu,clinicalbert_type2_clinicalbert_pool,knn,4,8,auroc,0.5910257955641273
3589,,,,guo_icu,guo_icu,clinicalbert_type2_clinicalbert_pool,knn,4,8,auprc,0.06203819855823522
3590,,,,guo_icu,guo_icu,clinicalbert_type2_clinicalbert_pool,knn,4,8,brier,0.4261820318882116
3591,,,,guo_icu,guo_icu,clinicalbert_type2_clinicalbert_pool,knn,0,12,auroc,0.5839410559305689
3592,,,,guo_icu,guo_icu,clinicalbert_type2_clinicalbert_pool,knn,0,12,auprc,0.061505163841638184
3593,,,,guo_icu,guo_icu,clinicalbert_type2_clinicalbert_pool,knn,0,12,brier,0.2373803154959599
3594,,,,guo_icu,guo_icu,clinicalbert_type2_clinicalbert_pool,knn,1,12,auroc,0.571178881388621
3595,,,,guo_icu,guo_icu,clinicalbert_type2_clinicalbert_pool,knn,1,12,auprc,0.04878410660389289
3596,,,,guo_icu,guo_icu,clinicalbert_type2_clinicalbert_pool,knn,1,12,brier,0.5522827687776142
3597,,,,guo_icu,guo_icu,clinicalbert_type2_clinicalbert_pool,knn,2,12,auroc,0.5888952507232401
3598,,,,guo_icu,guo_icu,clinicalbert_type2_clinicalbert_pool,knn,2,12,auprc,0.05638917633238339
3599,,,,guo_icu,guo_icu,clinicalbert_type2_clinicalbert_pool,knn,2,12,brier,0.2640826845198226
3600,,,,guo_icu,guo_icu,clinicalbert_type2_clinicalbert_pool,knn,3,12,auroc,0.5819551591128255
3601,,,,guo_icu,guo_icu,clinicalbert_type2_clinicalbert_pool,knn,3,12,auprc,0.05024214214060227
3602,,,,guo_icu,guo_icu,clinicalbert_type2_clinicalbert_pool,knn,3,12,brier,0.5100638193421698
3603,,,,guo_icu,guo_icu,clinicalbert_type2_clinicalbert_pool,knn,4,12,auroc,0.5716580279652845
3604,,,,guo_icu,guo_icu,clinicalbert_type2_clinicalbert_pool,knn,4,12,auprc,0.049104589352980885
3605,,,,guo_icu,guo_icu,clinicalbert_type2_clinicalbert_pool,knn,4,12,brier,0.4861179294168985
3606,,,,guo_icu,guo_icu,clinicalbert_type2_clinicalbert_pool,knn,0,16,auroc,0.5550476133076181
3607,,,,guo_icu,guo_icu,clinicalbert_type2_clinicalbert_pool,knn,0,16,auprc,0.05359189000945279
3608,,,,guo_icu,guo_icu,clinicalbert_type2_clinicalbert_pool,knn,0,16,brier,0.2727147766323024
3609,,,,guo_icu,guo_icu,clinicalbert_type2_clinicalbert_pool,knn,1,16,auroc,0.5680779893924783
3610,,,,guo_icu,guo_icu,clinicalbert_type2_clinicalbert_pool,knn,1,16,auprc,0.048335660713716984
3611,,,,guo_icu,guo_icu,clinicalbert_type2_clinicalbert_pool,knn,1,16,brier,0.5905743740795287
3612,,,,guo_icu,guo_icu,clinicalbert_type2_clinicalbert_pool,knn,2,16,auroc,0.5590224204435872
3613,,,,guo_icu,guo_icu,clinicalbert_type2_clinicalbert_pool,knn,2,16,auprc,0.060033287870551885
3614,,,,guo_icu,guo_icu,clinicalbert_type2_clinicalbert_pool,knn,2,16,brier,0.26357501808409783
3615,,,,guo_icu,guo_icu,clinicalbert_type2_clinicalbert_pool,knn,3,16,auroc,0.508567381870781
3616,,,,guo_icu,guo_icu,clinicalbert_type2_clinicalbert_pool,knn,3,16,auprc,0.04243564121934
3617,,,,guo_icu,guo_icu,clinicalbert_type2_clinicalbert_pool,knn,3,16,brier,0.4997545409916544
3618,,,,guo_icu,guo_icu,clinicalbert_type2_clinicalbert_pool,knn,4,16,auroc,0.5574493731918997
3619,,,,guo_icu,guo_icu,clinicalbert_type2_clinicalbert_pool,knn,4,16,auprc,0.047724282825142905
3620,,,,guo_icu,guo_icu,clinicalbert_type2_clinicalbert_pool,knn,4,16,brier,0.4701903670975836
3621,,,,guo_icu,guo_icu,clinicalbert_type2_clinicalbert_pool,knn,0,24,auroc,0.5668906702025073
3622,,,,guo_icu,guo_icu,clinicalbert_type2_clinicalbert_pool,knn,0,24,auprc,0.053622557864402884
3623,,,,guo_icu,guo_icu,clinicalbert_type2_clinicalbert_pool,knn,0,24,brier,0.27870532179902113
3624,,,,guo_icu,guo_icu,clinicalbert_type2_clinicalbert_pool,knn,1,24,auroc,0.6189790260366442
3625,,,,guo_icu,guo_icu,clinicalbert_type2_clinicalbert_pool,knn,1,24,auprc,0.0644526164220688
3626,,,,guo_icu,guo_icu,clinicalbert_type2_clinicalbert_pool,knn,1,24,brier,0.33233052025994303
3627,,,,guo_icu,guo_icu,clinicalbert_type2_clinicalbert_pool,knn,2,24,auroc,0.5781400675024109
3628,,,,guo_icu,guo_icu,clinicalbert_type2_clinicalbert_pool,knn,2,24,auprc,0.05662015244692455
3629,,,,guo_icu,guo_icu,clinicalbert_type2_clinicalbert_pool,knn,2,24,brier,0.23345879015982107
3630,,,,guo_icu,guo_icu,clinicalbert_type2_clinicalbert_pool,knn,3,24,auroc,0.5657817020250722
3631,,,,guo_icu,guo_icu,clinicalbert_type2_clinicalbert_pool,knn,3,24,auprc,0.051153139818736475
3632,,,,guo_icu,guo_icu,clinicalbert_type2_clinicalbert_pool,knn,3,24,brier,0.25958195013518537
3633,,,,guo_icu,guo_icu,clinicalbert_type2_clinicalbert_pool,knn,4,24,auroc,0.5348872950819673
3634,,,,guo_icu,guo_icu,clinicalbert_type2_clinicalbert_pool,knn,4,24,auprc,0.04490773916279857
3635,,,,guo_icu,guo_icu,clinicalbert_type2_clinicalbert_pool,knn,4,24,brier,0.31173294059892004
3636,,,,guo_icu,guo_icu,clinicalbert_type2_clinicalbert_pool,knn,0,32,auroc,0.5916586306653809
3637,,,,guo_icu,guo_icu,clinicalbert_type2_clinicalbert_pool,knn,0,32,auprc,0.059846608090114814
3638,,,,guo_icu,guo_icu,clinicalbert_type2_clinicalbert_pool,knn,0,32,brier,0.2774408395527884
3639,,,,guo_icu,guo_icu,clinicalbert_type2_clinicalbert_pool,knn,1,32,auroc,0.6185932979749277
3640,,,,guo_icu,guo_icu,clinicalbert_type2_clinicalbert_pool,knn,1,32,auprc,0.06390782034998951
3641,,,,guo_icu,guo_icu,clinicalbert_type2_clinicalbert_pool,knn,1,32,brier,0.31556246067893023
3642,,,,guo_icu,guo_icu,clinicalbert_type2_clinicalbert_pool,knn,2,32,auroc,0.608302193828351
3643,,,,guo_icu,guo_icu,clinicalbert_type2_clinicalbert_pool,knn,2,32,auprc,0.0607569129932075
3644,,,,guo_icu,guo_icu,clinicalbert_type2_clinicalbert_pool,knn,2,32,brier,0.20949986504989979
3645,,,,guo_icu,guo_icu,clinicalbert_type2_clinicalbert_pool,knn,3,32,auroc,0.5583413693346191
3646,,,,guo_icu,guo_icu,clinicalbert_type2_clinicalbert_pool,knn,3,32,auprc,0.05417655771200876
3647,,,,guo_icu,guo_icu,clinicalbert_type2_clinicalbert_pool,knn,3,32,brier,0.24667803233293153
3648,,,,guo_icu,guo_icu,clinicalbert_type2_clinicalbert_pool,knn,4,32,auroc,0.6010939006750242
3649,,,,guo_icu,guo_icu,clinicalbert_type2_clinicalbert_pool,knn,4,32,auprc,0.053178263057981734
3650,,,,guo_icu,guo_icu,clinicalbert_type2_clinicalbert_pool,knn,4,32,brier,0.33402061855670107
3651,,,,guo_icu,guo_icu,clinicalbert_type2_clinicalbert_pool,knn,0,48,auroc,0.6132714561234329
3652,,,,guo_icu,guo_icu,clinicalbert_type2_clinicalbert_pool,knn,0,48,auprc,0.059195146509243846
3653,,,,guo_icu,guo_icu,clinicalbert_type2_clinicalbert_pool,knn,0,48,brier,0.32281140420014837
3654,,,,guo_icu,guo_icu,clinicalbert_type2_clinicalbert_pool,knn,1,48,auroc,0.6322896576663453
3655,,,,guo_icu,guo_icu,clinicalbert_type2_clinicalbert_pool,knn,1,48,auprc,0.0638353072201152
3656,,,,guo_icu,guo_icu,clinicalbert_type2_clinicalbert_pool,knn,1,48,brier,0.2671595780910434
3657,,,,guo_icu,guo_icu,clinicalbert_type2_clinicalbert_pool,knn,2,48,auroc,0.6188675265188043
3658,,,,guo_icu,guo_icu,clinicalbert_type2_clinicalbert_pool,knn,2,48,auprc,0.07137881152338857
3659,,,,guo_icu,guo_icu,clinicalbert_type2_clinicalbert_pool,knn,2,48,brier,0.21521845851742763
3660,,,,guo_icu,guo_icu,clinicalbert_type2_clinicalbert_pool,knn,3,48,auroc,0.5594985535197685
3661,,,,guo_icu,guo_icu,clinicalbert_type2_clinicalbert_pool,knn,3,48,auprc,0.05126149439893056
3662,,,,guo_icu,guo_icu,clinicalbert_type2_clinicalbert_pool,knn,3,48,brier,0.28768139764325884
3663,,,,guo_icu,guo_icu,clinicalbert_type2_clinicalbert_pool,knn,4,48,auroc,0.5984811957569914
3664,,,,guo_icu,guo_icu,clinicalbert_type2_clinicalbert_pool,knn,4,48,auprc,0.05250008295705558
3665,,,,guo_icu,guo_icu,clinicalbert_type2_clinicalbert_pool,knn,4,48,brier,0.33690907492606637
3666,,,,guo_icu,guo_icu,clinicalbert_type2_clinicalbert_pool,knn,0,64,auroc,0.6419901157184185
3667,,,,guo_icu,guo_icu,clinicalbert_type2_clinicalbert_pool,knn,0,64,auprc,0.064798633024206
3668,,,,guo_icu,guo_icu,clinicalbert_type2_clinicalbert_pool,knn,0,64,brier,0.29422251472674843
3669,,,,guo_icu,guo_icu,clinicalbert_type2_clinicalbert_pool,knn,1,64,auroc,0.6589380424300868
3670,,,,guo_icu,guo_icu,clinicalbert_type2_clinicalbert_pool,knn,1,64,auprc,0.06579925808408404
3671,,,,guo_icu,guo_icu,clinicalbert_type2_clinicalbert_pool,knn,1,64,brier,0.2618691484312417
3672,,,,guo_icu,guo_icu,clinicalbert_type2_clinicalbert_pool,knn,2,64,auroc,0.6622528929604629
3673,,,,guo_icu,guo_icu,clinicalbert_type2_clinicalbert_pool,knn,2,64,auprc,0.06610254444195365
3674,,,,guo_icu,guo_icu,clinicalbert_type2_clinicalbert_pool,knn,2,64,brier,0.232291360254287
3675,,,,guo_icu,guo_icu,clinicalbert_type2_clinicalbert_pool,knn,3,64,auroc,0.6254791465766635
3676,,,,guo_icu,guo_icu,clinicalbert_type2_clinicalbert_pool,knn,3,64,auprc,0.060423724891455505
3677,,,,guo_icu,guo_icu,clinicalbert_type2_clinicalbert_pool,knn,3,64,brier,0.2750667200076729
3678,,,,guo_icu,guo_icu,clinicalbert_type2_clinicalbert_pool,knn,4,64,auroc,0.5995750964320155
3679,,,,guo_icu,guo_icu,clinicalbert_type2_clinicalbert_pool,knn,4,64,auprc,0.05171159381091813
3680,,,,guo_icu,guo_icu,clinicalbert_type2_clinicalbert_pool,knn,4,64,brier,0.3169955817378498
3681,,,,guo_icu,guo_icu,clinicalbert_type2_clinicalbert_pool,knn,0,128,auroc,0.6897962873674061
3682,,,,guo_icu,guo_icu,clinicalbert_type2_clinicalbert_pool,knn,0,128,auprc,0.07526032762295179
3683,,,,guo_icu,guo_icu,clinicalbert_type2_clinicalbert_pool,knn,0,128,brier,0.26257628297675006
3684,,,,guo_icu,guo_icu,clinicalbert_type2_clinicalbert_pool,knn,1,128,auroc,0.6555749758919962
3685,,,,guo_icu,guo_icu,clinicalbert_type2_clinicalbert_pool,knn,1,128,auprc,0.0781337670235884
3686,,,,guo_icu,guo_icu,clinicalbert_type2_clinicalbert_pool,knn,1,128,brier,0.2742253535081479
3687,,,,guo_icu,guo_icu,clinicalbert_type2_clinicalbert_pool,knn,2,128,auroc,0.6378043635486981
3688,,,,guo_icu,guo_icu,clinicalbert_type2_clinicalbert_pool,knn,2,128,auprc,0.06124077218168062
3689,,,,guo_icu,guo_icu,clinicalbert_type2_clinicalbert_pool,knn,2,128,brier,0.3033512832869029
3690,,,,guo_icu,guo_icu,clinicalbert_type2_clinicalbert_pool,knn,3,128,auroc,0.6582148023143684
3691,,,,guo_icu,guo_icu,clinicalbert_type2_clinicalbert_pool,knn,3,128,auprc,0.06576907748161104
3692,,,,guo_icu,guo_icu,clinicalbert_type2_clinicalbert_pool,knn,3,128,brier,0.24593707308330184
3693,,,,guo_icu,guo_icu,clinicalbert_type2_clinicalbert_pool,knn,4,128,auroc,0.6558130424300868
3694,,,,guo_icu,guo_icu,clinicalbert_type2_clinicalbert_pool,knn,4,128,auprc,0.06893328096748869
3695,,,,guo_icu,guo_icu,clinicalbert_type2_clinicalbert_pool,knn,4,128,brier,0.24116736559636293
3696,,,,guo_icu,guo_icu,clinicalbert_type2_clinicalbert_pool,rf,0,-1,auroc,0.6619274349083896
3697,,,,guo_icu,guo_icu,clinicalbert_type2_clinicalbert_pool,rf,0,-1,auprc,0.07583939627150985
3698,,,,guo_icu,guo_icu,clinicalbert_type2_clinicalbert_pool,rf,0,-1,brier,0.03984204887164702
3699,,,,guo_icu,guo_icu,clinicalbert_type2_clinicalbert_pool,rf,0,1,auroc,0.5150494214079073
3700,,,,guo_icu,guo_icu,clinicalbert_type2_clinicalbert_pool,rf,0,1,auprc,0.04683030460114577
3701,,,,guo_icu,guo_icu,clinicalbert_type2_clinicalbert_pool,rf,0,1,brier,0.30889484536082473
3702,,,,guo_icu,guo_icu,clinicalbert_type2_clinicalbert_pool,rf,1,1,auroc,0.5152031099324976
3703,,,,guo_icu,guo_icu,clinicalbert_type2_clinicalbert_pool,rf,1,1,auprc,0.045507594251253884
3704,,,,guo_icu,guo_icu,clinicalbert_type2_clinicalbert_pool,rf,1,1,brier,0.2762140402552774
3705,,,,guo_icu,guo_icu,clinicalbert_type2_clinicalbert_pool,rf,2,1,auroc,0.5187439729990356
3706,,,,guo_icu,guo_icu,clinicalbert_type2_clinicalbert_pool,rf,2,1,auprc,0.06052590786456494
3707,,,,guo_icu,guo_icu,clinicalbert_type2_clinicalbert_pool,rf,2,1,brier,0.20799575628647793
3708,,,,guo_icu,guo_icu,clinicalbert_type2_clinicalbert_pool,rf,3,1,auroc,0.4879821600771456
3709,,,,guo_icu,guo_icu,clinicalbert_type2_clinicalbert_pool,rf,3,1,auprc,0.041202105747719375
3710,,,,guo_icu,guo_icu,clinicalbert_type2_clinicalbert_pool,rf,3,1,brier,0.34409818360333827
3711,,,,guo_icu,guo_icu,clinicalbert_type2_clinicalbert_pool,rf,4,1,auroc,0.4578351012536162
3712,,,,guo_icu,guo_icu,clinicalbert_type2_clinicalbert_pool,rf,4,1,auprc,0.038065564402966004
3713,,,,guo_icu,guo_icu,clinicalbert_type2_clinicalbert_pool,rf,4,1,brier,0.49318114874815916
3714,,,,guo_icu,guo_icu,clinicalbert_type2_clinicalbert_pool,rf,0,2,auroc,0.5362433702989392
3715,,,,guo_icu,guo_icu,clinicalbert_type2_clinicalbert_pool,rf,0,2,auprc,0.045380353228267334
3716,,,,guo_icu,guo_icu,clinicalbert_type2_clinicalbert_pool,rf,0,2,brier,0.4153902798232696
3717,,,,guo_icu,guo_icu,clinicalbert_type2_clinicalbert_pool,rf,1,2,auroc,0.5257081726133077
3718,,,,guo_icu,guo_icu,clinicalbert_type2_clinicalbert_pool,rf,1,2,auprc,0.04496233965124528
3719,,,,guo_icu,guo_icu,clinicalbert_type2_clinicalbert_pool,rf,1,2,brier,0.2888365243004418
3720,,,,guo_icu,guo_icu,clinicalbert_type2_clinicalbert_pool,rf,2,2,auroc,0.5110595467695275
3721,,,,guo_icu,guo_icu,clinicalbert_type2_clinicalbert_pool,rf,2,2,auprc,0.05196011780989154
3722,,,,guo_icu,guo_icu,clinicalbert_type2_clinicalbert_pool,rf,2,2,brier,0.39174766813942075
3723,,,,guo_icu,guo_icu,clinicalbert_type2_clinicalbert_pool,rf,3,2,auroc,0.532419238187078
3724,,,,guo_icu,guo_icu,clinicalbert_type2_clinicalbert_pool,rf,3,2,auprc,0.04588120410029396
3725,,,,guo_icu,guo_icu,clinicalbert_type2_clinicalbert_pool,rf,3,2,brier,0.3362984781541483
3726,,,,guo_icu,guo_icu,clinicalbert_type2_clinicalbert_pool,rf,4,2,auroc,0.5159323770491803
3727,,,,guo_icu,guo_icu,clinicalbert_type2_clinicalbert_pool,rf,4,2,auprc,0.0440358657669114
3728,,,,guo_icu,guo_icu,clinicalbert_type2_clinicalbert_pool,rf,4,2,brier,0.34919980363279335
3729,,,,guo_icu,guo_icu,clinicalbert_type2_clinicalbert_pool,rf,0,4,auroc,0.6144346673095469
3730,,,,guo_icu,guo_icu,clinicalbert_type2_clinicalbert_pool,rf,0,4,auprc,0.08207215170288434
3731,,,,guo_icu,guo_icu,clinicalbert_type2_clinicalbert_pool,rf,0,4,brier,0.30167952871870396
3732,,,,guo_icu,guo_icu,clinicalbert_type2_clinicalbert_pool,rf,1,4,auroc,0.5421227097396336
3733,,,,guo_icu,guo_icu,clinicalbert_type2_clinicalbert_pool,rf,1,4,auprc,0.04851469497907927
3734,,,,guo_icu,guo_icu,clinicalbert_type2_clinicalbert_pool,rf,1,4,brier,0.28228399607265586
3735,,,,guo_icu,guo_icu,clinicalbert_type2_clinicalbert_pool,rf,2,4,auroc,0.520030737704918
3736,,,,guo_icu,guo_icu,clinicalbert_type2_clinicalbert_pool,rf,2,4,auprc,0.04558578195853086
3737,,,,guo_icu,guo_icu,clinicalbert_type2_clinicalbert_pool,rf,2,4,brier,0.3234364261168385
3738,,,,guo_icu,guo_icu,clinicalbert_type2_clinicalbert_pool,rf,3,4,auroc,0.6171859932497589
3739,,,,guo_icu,guo_icu,clinicalbert_type2_clinicalbert_pool,rf,3,4,auprc,0.0638340175458453
3740,,,,guo_icu,guo_icu,clinicalbert_type2_clinicalbert_pool,rf,3,4,brier,0.24089504172803144
3741,,,,guo_icu,guo_icu,clinicalbert_type2_clinicalbert_pool,rf,4,4,auroc,0.5112795323047252
3742,,,,guo_icu,guo_icu,clinicalbert_type2_clinicalbert_pool,rf,4,4,auprc,0.04287396902785578
3743,,,,guo_icu,guo_icu,clinicalbert_type2_clinicalbert_pool,rf,4,4,brier,0.35346710849288177
3744,,,,guo_icu,guo_icu,clinicalbert_type2_clinicalbert_pool,rf,0,8,auroc,0.5430147058823529
3745,,,,guo_icu,guo_icu,clinicalbert_type2_clinicalbert_pool,rf,0,8,auprc,0.04429722804484126
3746,,,,guo_icu,guo_icu,clinicalbert_type2_clinicalbert_pool,rf,0,8,brier,0.2843061364752086
3747,,,,guo_icu,guo_icu,clinicalbert_type2_clinicalbert_pool,rf,1,8,auroc,0.5669208052073288
3748,,,,guo_icu,guo_icu,clinicalbert_type2_clinicalbert_pool,rf,1,8,auprc,0.0562158904855484
3749,,,,guo_icu,guo_icu,clinicalbert_type2_clinicalbert_pool,rf,1,8,brier,0.273245999018164
3750,,,,guo_icu,guo_icu,clinicalbert_type2_clinicalbert_pool,rf,2,8,auroc,0.5932316779170685
3751,,,,guo_icu,guo_icu,clinicalbert_type2_clinicalbert_pool,rf,2,8,auprc,0.06568392592126909
3752,,,,guo_icu,guo_icu,clinicalbert_type2_clinicalbert_pool,rf,2,8,brier,0.22594914089347076
3753,,,,guo_icu,guo_icu,clinicalbert_type2_clinicalbert_pool,rf,3,8,auroc,0.5501386210221794
3754,,,,guo_icu,guo_icu,clinicalbert_type2_clinicalbert_pool,rf,3,8,auprc,0.051152530261008675
3755,,,,guo_icu,guo_icu,clinicalbert_type2_clinicalbert_pool,rf,3,8,brier,0.3361168384879725
3756,,,,guo_icu,guo_icu,clinicalbert_type2_clinicalbert_pool,rf,4,8,auroc,0.5837301108968178
3757,,,,guo_icu,guo_icu,clinicalbert_type2_clinicalbert_pool,rf,4,8,auprc,0.05148253711432947
3758,,,,guo_icu,guo_icu,clinicalbert_type2_clinicalbert_pool,rf,4,8,brier,0.3414187530682376
3759,,,,guo_icu,guo_icu,clinicalbert_type2_clinicalbert_pool,rf,0,12,auroc,0.6470738910318227
3760,,,,guo_icu,guo_icu,clinicalbert_type2_clinicalbert_pool,rf,0,12,auprc,0.09305414863938502
3761,,,,guo_icu,guo_icu,clinicalbert_type2_clinicalbert_pool,rf,0,12,brier,0.23893716249386354
3762,,,,guo_icu,guo_icu,clinicalbert_type2_clinicalbert_pool,rf,1,12,auroc,0.5084468418514947
3763,,,,guo_icu,guo_icu,clinicalbert_type2_clinicalbert_pool,rf,1,12,auprc,0.057256198763210364
3764,,,,guo_icu,guo_icu,clinicalbert_type2_clinicalbert_pool,rf,1,12,brier,0.2849779086892489
3765,,,,guo_icu,guo_icu,clinicalbert_type2_clinicalbert_pool,rf,2,12,auroc,0.5755665380906462
3766,,,,guo_icu,guo_icu,clinicalbert_type2_clinicalbert_pool,rf,2,12,auprc,0.05812280763634869
3767,,,,guo_icu,guo_icu,clinicalbert_type2_clinicalbert_pool,rf,2,12,brier,0.2753442562592047
3768,,,,guo_icu,guo_icu,clinicalbert_type2_clinicalbert_pool,rf,3,12,auroc,0.6023384763741562
3769,,,,guo_icu,guo_icu,clinicalbert_type2_clinicalbert_pool,rf,3,12,auprc,0.052460760392910616
3770,,,,guo_icu,guo_icu,clinicalbert_type2_clinicalbert_pool,rf,3,12,brier,0.268632793323515
3771,,,,guo_icu,guo_icu,clinicalbert_type2_clinicalbert_pool,rf,4,12,auroc,0.502202868852459
3772,,,,guo_icu,guo_icu,clinicalbert_type2_clinicalbert_pool,rf,4,12,auprc,0.043764646317643534
3773,,,,guo_icu,guo_icu,clinicalbert_type2_clinicalbert_pool,rf,4,12,brier,0.29587628865979376
3774,,,,guo_icu,guo_icu,clinicalbert_type2_clinicalbert_pool,rf,0,16,auroc,0.6062379459980713
3775,,,,guo_icu,guo_icu,clinicalbert_type2_clinicalbert_pool,rf,0,16,auprc,0.07590197787179212
3776,,,,guo_icu,guo_icu,clinicalbert_type2_clinicalbert_pool,rf,0,16,brier,0.2801669640500073
3777,,,,guo_icu,guo_icu,clinicalbert_type2_clinicalbert_pool,rf,1,16,auroc,0.5200186837029893
3778,,,,guo_icu,guo_icu,clinicalbert_type2_clinicalbert_pool,rf,1,16,auprc,0.06554703781983806
3779,,,,guo_icu,guo_icu,clinicalbert_type2_clinicalbert_pool,rf,1,16,brier,0.2792098183603339
3780,,,,guo_icu,guo_icu,clinicalbert_type2_clinicalbert_pool,rf,2,16,auroc,0.6019527483124397
3781,,,,guo_icu,guo_icu,clinicalbert_type2_clinicalbert_pool,rf,2,16,auprc,0.06810278235719541
3782,,,,guo_icu,guo_icu,clinicalbert_type2_clinicalbert_pool,rf,2,16,brier,0.2413130967491561
3783,,,,guo_icu,guo_icu,clinicalbert_type2_clinicalbert_pool,rf,3,16,auroc,0.5622498794599807
3784,,,,guo_icu,guo_icu,clinicalbert_type2_clinicalbert_pool,rf,3,16,auprc,0.04960465016507013
3785,,,,guo_icu,guo_icu,clinicalbert_type2_clinicalbert_pool,rf,3,16,brier,0.32046882670594007
3786,,,,guo_icu,guo_icu,clinicalbert_type2_clinicalbert_pool,rf,4,16,auroc,0.5554544358727097
3787,,,,guo_icu,guo_icu,clinicalbert_type2_clinicalbert_pool,rf,4,16,auprc,0.049412400907934924
3788,,,,guo_icu,guo_icu,clinicalbert_type2_clinicalbert_pool,rf,4,16,brier,0.2754209621993127
3789,,,,guo_icu,guo_icu,clinicalbert_type2_clinicalbert_pool,rf,0,24,auroc,0.5266815332690453
3790,,,,guo_icu,guo_icu,clinicalbert_type2_clinicalbert_pool,rf,0,24,auprc,0.04681216069902163
3791,,,,guo_icu,guo_icu,clinicalbert_type2_clinicalbert_pool,rf,0,24,brier,0.2312693902877071
3792,,,,guo_icu,guo_icu,clinicalbert_type2_clinicalbert_pool,rf,1,24,auroc,0.6223420925747348
3793,,,,guo_icu,guo_icu,clinicalbert_type2_clinicalbert_pool,rf,1,24,auprc,0.06756843016057089
3794,,,,guo_icu,guo_icu,clinicalbert_type2_clinicalbert_pool,rf,1,24,brier,0.26281718576669366
3795,,,,guo_icu,guo_icu,clinicalbert_type2_clinicalbert_pool,rf,2,24,auroc,0.6218629459980713
3796,,,,guo_icu,guo_icu,clinicalbert_type2_clinicalbert_pool,rf,2,24,auprc,0.08403519957268842
3797,,,,guo_icu,guo_icu,clinicalbert_type2_clinicalbert_pool,rf,2,24,brier,0.2477521518573065
3798,,,,guo_icu,guo_icu,clinicalbert_type2_clinicalbert_pool,rf,3,24,auroc,0.5821028206364512
3799,,,,guo_icu,guo_icu,clinicalbert_type2_clinicalbert_pool,rf,3,24,auprc,0.053188237200475504
3800,,,,guo_icu,guo_icu,clinicalbert_type2_clinicalbert_pool,rf,3,24,brier,0.24068383297058737
3801,,,,guo_icu,guo_icu,clinicalbert_type2_clinicalbert_pool,rf,4,24,auroc,0.6133648746383799
3802,,,,guo_icu,guo_icu,clinicalbert_type2_clinicalbert_pool,rf,4,24,auprc,0.07306447980039125
3803,,,,guo_icu,guo_icu,clinicalbert_type2_clinicalbert_pool,rf,4,24,brier,0.23859586537937055
3804,,,,guo_icu,guo_icu,clinicalbert_type2_clinicalbert_pool,rf,0,32,auroc,0.5641423577627772
3805,,,,guo_icu,guo_icu,clinicalbert_type2_clinicalbert_pool,rf,0,32,auprc,0.0590812764537043
3806,,,,guo_icu,guo_icu,clinicalbert_type2_clinicalbert_pool,rf,0,32,brier,0.30520864015709376
3807,,,,guo_icu,guo_icu,clinicalbert_type2_clinicalbert_pool,rf,1,32,auroc,0.6286312680810028
3808,,,,guo_icu,guo_icu,clinicalbert_type2_clinicalbert_pool,rf,1,32,auprc,0.05968939347781178
3809,,,,guo_icu,guo_icu,clinicalbert_type2_clinicalbert_pool,rf,1,32,brier,0.24143358970163095
3810,,,,guo_icu,guo_icu,clinicalbert_type2_clinicalbert_pool,rf,2,32,auroc,0.6219503375120541
3811,,,,guo_icu,guo_icu,clinicalbert_type2_clinicalbert_pool,rf,2,32,auprc,0.06674812665212976
3812,,,,guo_icu,guo_icu,clinicalbert_type2_clinicalbert_pool,rf,2,32,brier,0.23038423454251086
3813,,,,guo_icu,guo_icu,clinicalbert_type2_clinicalbert_pool,rf,3,32,auroc,0.5972547010607521
3814,,,,guo_icu,guo_icu,clinicalbert_type2_clinicalbert_pool,rf,3,32,auprc,0.05886866915523724
3815,,,,guo_icu,guo_icu,clinicalbert_type2_clinicalbert_pool,rf,3,32,brier,0.26717967599410897
3816,,,,guo_icu,guo_icu,clinicalbert_type2_clinicalbert_pool,rf,4,32,auroc,0.628935631629701
3817,,,,guo_icu,guo_icu,clinicalbert_type2_clinicalbert_pool,rf,4,32,auprc,0.0784740231660364
3818,,,,guo_icu,guo_icu,clinicalbert_type2_clinicalbert_pool,rf,4,32,brier,0.23297072335417446
3819,,,,guo_icu,guo_icu,clinicalbert_type2_clinicalbert_pool,rf,0,48,auroc,0.6424813162970107
3820,,,,guo_icu,guo_icu,clinicalbert_type2_clinicalbert_pool,rf,0,48,auprc,0.06252033715858014
3821,,,,guo_icu,guo_icu,clinicalbert_type2_clinicalbert_pool,rf,0,48,brier,0.25055454099165436
3822,,,,guo_icu,guo_icu,clinicalbert_type2_clinicalbert_pool,rf,1,48,auroc,0.5933250964320155
3823,,,,guo_icu,guo_icu,clinicalbert_type2_clinicalbert_pool,rf,1,48,auprc,0.054262593863195374
3824,,,,guo_icu,guo_icu,clinicalbert_type2_clinicalbert_pool,rf,1,48,brier,0.25132665684830635
3825,,,,guo_icu,guo_icu,clinicalbert_type2_clinicalbert_pool,rf,2,48,auroc,0.5934697444551591
3826,,,,guo_icu,guo_icu,clinicalbert_type2_clinicalbert_pool,rf,2,48,auprc,0.059277798365935344
3827,,,,guo_icu,guo_icu,clinicalbert_type2_clinicalbert_pool,rf,2,48,brier,0.2551914580265096
3828,,,,guo_icu,guo_icu,clinicalbert_type2_clinicalbert_pool,rf,3,48,auroc,0.5464561234329797
3829,,,,guo_icu,guo_icu,clinicalbert_type2_clinicalbert_pool,rf,3,48,auprc,0.053408387604377036
3830,,,,guo_icu,guo_icu,clinicalbert_type2_clinicalbert_pool,rf,3,48,brier,0.22177055337517435
3831,,,,guo_icu,guo_icu,clinicalbert_type2_clinicalbert_pool,rf,4,48,auroc,0.6289175506268081
3832,,,,guo_icu,guo_icu,clinicalbert_type2_clinicalbert_pool,rf,4,48,auprc,0.07291430862329983
3833,,,,guo_icu,guo_icu,clinicalbert_type2_clinicalbert_pool,rf,4,48,brier,0.2512983130350223
3834,,,,guo_icu,guo_icu,clinicalbert_type2_clinicalbert_pool,rf,0,64,auroc,0.618147299903568
3835,,,,guo_icu,guo_icu,clinicalbert_type2_clinicalbert_pool,rf,0,64,auprc,0.06543726145616337
3836,,,,guo_icu,guo_icu,clinicalbert_type2_clinicalbert_pool,rf,0,64,brier,0.2680792832596956
3837,,,,guo_icu,guo_icu,clinicalbert_type2_clinicalbert_pool,rf,1,64,auroc,0.6054936113789778
3838,,,,guo_icu,guo_icu,clinicalbert_type2_clinicalbert_pool,rf,1,64,auprc,0.05186631973373384
3839,,,,guo_icu,guo_icu,clinicalbert_type2_clinicalbert_pool,rf,1,64,brier,0.22902705471986448
3840,,,,guo_icu,guo_icu,clinicalbert_type2_clinicalbert_pool,rf,2,64,auroc,0.663554725168756
3841,,,,guo_icu,guo_icu,clinicalbert_type2_clinicalbert_pool,rf,2,64,auprc,0.07176601464834749
3842,,,,guo_icu,guo_icu,clinicalbert_type2_clinicalbert_pool,rf,2,64,brier,0.23327592839415262
3843,,,,guo_icu,guo_icu,clinicalbert_type2_clinicalbert_pool,rf,3,64,auroc,0.6324403326904532
3844,,,,guo_icu,guo_icu,clinicalbert_type2_clinicalbert_pool,rf,3,64,auprc,0.06302216988381594
3845,,,,guo_icu,guo_icu,clinicalbert_type2_clinicalbert_pool,rf,3,64,brier,0.22570202736969372
3846,,,,guo_icu,guo_icu,clinicalbert_type2_clinicalbert_pool,rf,4,64,auroc,0.6567381870781097
3847,,,,guo_icu,guo_icu,clinicalbert_type2_clinicalbert_pool,rf,4,64,auprc,0.06840651843988038
3848,,,,guo_icu,guo_icu,clinicalbert_type2_clinicalbert_pool,rf,4,64,brier,0.2325856387660692
3849,,,,guo_icu,guo_icu,clinicalbert_type2_clinicalbert_pool,rf,0,128,auroc,0.682792912246866
3850,,,,guo_icu,guo_icu,clinicalbert_type2_clinicalbert_pool,rf,0,128,auprc,0.07229970598608797
3851,,,,guo_icu,guo_icu,clinicalbert_type2_clinicalbert_pool,rf,0,128,brier,0.2121661266568483
3852,,,,guo_icu,guo_icu,clinicalbert_type2_clinicalbert_pool,rf,1,128,auroc,0.669069431051109
3853,,,,guo_icu,guo_icu,clinicalbert_type2_clinicalbert_pool,rf,1,128,auprc,0.06465119557824006
3854,,,,guo_icu,guo_icu,clinicalbert_type2_clinicalbert_pool,rf,1,128,brier,0.20698753068237605
3855,,,,guo_icu,guo_icu,clinicalbert_type2_clinicalbert_pool,rf,2,128,auroc,0.6741773143683704
3856,,,,guo_icu,guo_icu,clinicalbert_type2_clinicalbert_pool,rf,2,128,auprc,0.06747192489942608
3857,,,,guo_icu,guo_icu,clinicalbert_type2_clinicalbert_pool,rf,2,128,brier,0.21917728140511647
3858,,,,guo_icu,guo_icu,clinicalbert_type2_clinicalbert_pool,rf,3,128,auroc,0.6402603664416587
3859,,,,guo_icu,guo_icu,clinicalbert_type2_clinicalbert_pool,rf,3,128,auprc,0.060565034219983514
3860,,,,guo_icu,guo_icu,clinicalbert_type2_clinicalbert_pool,rf,3,128,brier,0.226172083329323
3861,,,,guo_icu,guo_icu,clinicalbert_type2_clinicalbert_pool,rf,4,128,auroc,0.6999095949855352
3862,,,,guo_icu,guo_icu,clinicalbert_type2_clinicalbert_pool,rf,4,128,auprc,0.07626385322831203
3863,,,,guo_icu,guo_icu,clinicalbert_type2_clinicalbert_pool,rf,4,128,brier,0.21056929932644208
3864,840.0,840.0,,guo_icu,guo_icu,clinicalbert_type3_max_pool,lr_lbfgs,0,-1,auroc,0.7479568466730955
3865,841.0,841.0,,guo_icu,guo_icu,clinicalbert_type3_max_pool,lr_lbfgs,0,-1,auprc,0.1427291971929866
3866,842.0,842.0,,guo_icu,guo_icu,clinicalbert_type3_max_pool,lr_lbfgs,0,-1,brier,0.0383086175822805
3867,843.0,843.0,,guo_icu,guo_icu,clinicalbert_type3_max_pool,lr_lbfgs,0,1,auroc,0.5805870298939247
3868,844.0,844.0,,guo_icu,guo_icu,clinicalbert_type3_max_pool,lr_lbfgs,0,1,auprc,0.0641742334230403
3869,845.0,845.0,,guo_icu,guo_icu,clinicalbert_type3_max_pool,lr_lbfgs,0,1,brier,0.2499942585013196
3870,846.0,846.0,,guo_icu,guo_icu,clinicalbert_type3_max_pool,lr_lbfgs,1,1,auroc,0.487614513018322
3871,847.0,847.0,,guo_icu,guo_icu,clinicalbert_type3_max_pool,lr_lbfgs,1,1,auprc,0.0392828956147461
3872,848.0,848.0,,guo_icu,guo_icu,clinicalbert_type3_max_pool,lr_lbfgs,1,1,brier,0.2499965361088104
3873,849.0,849.0,,guo_icu,guo_icu,clinicalbert_type3_max_pool,lr_lbfgs,2,1,auroc,0.5667128736740599
3874,850.0,850.0,,guo_icu,guo_icu,clinicalbert_type3_max_pool,lr_lbfgs,2,1,auprc,0.0563081203787736
3875,851.0,851.0,,guo_icu,guo_icu,clinicalbert_type3_max_pool,lr_lbfgs,2,1,brier,0.2499990466766923
3876,852.0,852.0,,guo_icu,guo_icu,clinicalbert_type3_max_pool,lr_lbfgs,3,1,auroc,0.6238850048216008
3877,853.0,853.0,,guo_icu,guo_icu,clinicalbert_type3_max_pool,lr_lbfgs,3,1,auprc,0.0655539191623251
3878,854.0,854.0,,guo_icu,guo_icu,clinicalbert_type3_max_pool,lr_lbfgs,3,1,brier,0.2499956502969132
3879,855.0,855.0,,guo_icu,guo_icu,clinicalbert_type3_max_pool,lr_lbfgs,4,1,auroc,0.5878375120540018
3880,856.0,856.0,,guo_icu,guo_icu,clinicalbert_type3_max_pool,lr_lbfgs,4,1,auprc,0.0514987456060824
3881,857.0,857.0,,guo_icu,guo_icu,clinicalbert_type3_max_pool,lr_lbfgs,4,1,brier,0.2500001852767956
3882,858.0,858.0,,guo_icu,guo_icu,clinicalbert_type3_max_pool,lr_lbfgs,0,2,auroc,0.4059004339440694
3883,859.0,859.0,,guo_icu,guo_icu,clinicalbert_type3_max_pool,lr_lbfgs,0,2,auprc,0.0331598922399273
3884,860.0,860.0,,guo_icu,guo_icu,clinicalbert_type3_max_pool,lr_lbfgs,0,2,brier,0.2500039288718659
3885,861.0,861.0,,guo_icu,guo_icu,clinicalbert_type3_max_pool,lr_lbfgs,1,2,auroc,0.515851012536162
3886,862.0,862.0,,guo_icu,guo_icu,clinicalbert_type3_max_pool,lr_lbfgs,1,2,auprc,0.0422337356880818
3887,863.0,863.0,,guo_icu,guo_icu,clinicalbert_type3_max_pool,lr_lbfgs,1,2,brier,0.2499994965076809
3888,864.0,864.0,,guo_icu,guo_icu,clinicalbert_type3_max_pool,lr_lbfgs,2,2,auroc,0.4286463355834137
3889,865.0,865.0,,guo_icu,guo_icu,clinicalbert_type3_max_pool,lr_lbfgs,2,2,auprc,0.034422948311378
3890,866.0,866.0,,guo_icu,guo_icu,clinicalbert_type3_max_pool,lr_lbfgs,2,2,brier,0.250003581956513
3891,867.0,867.0,,guo_icu,guo_icu,clinicalbert_type3_max_pool,lr_lbfgs,3,2,auroc,0.5972034715525555
3892,868.0,868.0,,guo_icu,guo_icu,clinicalbert_type3_max_pool,lr_lbfgs,3,2,auprc,0.0653260125366695
3893,869.0,869.0,,guo_icu,guo_icu,clinicalbert_type3_max_pool,lr_lbfgs,3,2,brier,0.2499911943953428
3894,870.0,870.0,,guo_icu,guo_icu,clinicalbert_type3_max_pool,lr_lbfgs,4,2,auroc,0.447836306653809
3895,871.0,871.0,,guo_icu,guo_icu,clinicalbert_type3_max_pool,lr_lbfgs,4,2,auprc,0.0358797235273507
3896,872.0,872.0,,guo_icu,guo_icu,clinicalbert_type3_max_pool,lr_lbfgs,4,2,brier,0.1938023549098262
3897,873.0,873.0,,guo_icu,guo_icu,clinicalbert_type3_max_pool,lr_lbfgs,0,4,auroc,0.5073891031822566
3898,874.0,874.0,,guo_icu,guo_icu,clinicalbert_type3_max_pool,lr_lbfgs,0,4,auprc,0.0448989021834074
3899,875.0,875.0,,guo_icu,guo_icu,clinicalbert_type3_max_pool,lr_lbfgs,0,4,brier,0.3368210172124381
3900,876.0,876.0,,guo_icu,guo_icu,clinicalbert_type3_max_pool,lr_lbfgs,1,4,auroc,0.5266453712632594
3901,877.0,877.0,,guo_icu,guo_icu,clinicalbert_type3_max_pool,lr_lbfgs,1,4,auprc,0.0484467086510116
3902,878.0,878.0,,guo_icu,guo_icu,clinicalbert_type3_max_pool,lr_lbfgs,1,4,brier,0.2499997350478011
3903,879.0,879.0,,guo_icu,guo_icu,clinicalbert_type3_max_pool,lr_lbfgs,2,4,auroc,0.4764645612343298
3904,880.0,880.0,,guo_icu,guo_icu,clinicalbert_type3_max_pool,lr_lbfgs,2,4,auprc,0.0387872002049958
3905,881.0,881.0,,guo_icu,guo_icu,clinicalbert_type3_max_pool,lr_lbfgs,2,4,brier,0.2500030280109032
3906,882.0,882.0,,guo_icu,guo_icu,clinicalbert_type3_max_pool,lr_lbfgs,3,4,auroc,0.6135667791706847
3907,883.0,883.0,,guo_icu,guo_icu,clinicalbert_type3_max_pool,lr_lbfgs,3,4,auprc,0.0733152444619745
3908,884.0,884.0,,guo_icu,guo_icu,clinicalbert_type3_max_pool,lr_lbfgs,3,4,brier,0.1524966936818696
3909,885.0,885.0,,guo_icu,guo_icu,clinicalbert_type3_max_pool,lr_lbfgs,4,4,auroc,0.4505785920925748
3910,886.0,886.0,,guo_icu,guo_icu,clinicalbert_type3_max_pool,lr_lbfgs,4,4,auprc,0.0356979555956489
3911,887.0,887.0,,guo_icu,guo_icu,clinicalbert_type3_max_pool,lr_lbfgs,4,4,brier,0.2470075012519946
3912,888.0,888.0,,guo_icu,guo_icu,clinicalbert_type3_max_pool,lr_lbfgs,0,8,auroc,0.6092755544840887
3913,889.0,889.0,,guo_icu,guo_icu,clinicalbert_type3_max_pool,lr_lbfgs,0,8,auprc,0.0661173641599391
3914,890.0,890.0,,guo_icu,guo_icu,clinicalbert_type3_max_pool,lr_lbfgs,0,8,brier,0.3479014708039592
3915,891.0,891.0,,guo_icu,guo_icu,clinicalbert_type3_max_pool,lr_lbfgs,1,8,auroc,0.6055689488910319
3916,892.0,892.0,,guo_icu,guo_icu,clinicalbert_type3_max_pool,lr_lbfgs,1,8,auprc,0.0627848571808031
3917,893.0,893.0,,guo_icu,guo_icu,clinicalbert_type3_max_pool,lr_lbfgs,1,8,brier,0.2905239155820747
3918,894.0,894.0,,guo_icu,guo_icu,clinicalbert_type3_max_pool,lr_lbfgs,2,8,auroc,0.5309365959498553
3919,895.0,895.0,,guo_icu,guo_icu,clinicalbert_type3_max_pool,lr_lbfgs,2,8,auprc,0.0588362438160518
3920,896.0,896.0,,guo_icu,guo_icu,clinicalbert_type3_max_pool,lr_lbfgs,2,8,brier,0.3386510088468146
3921,897.0,897.0,,guo_icu,guo_icu,clinicalbert_type3_max_pool,lr_lbfgs,3,8,auroc,0.6683522179363548
3922,898.0,898.0,,guo_icu,guo_icu,clinicalbert_type3_max_pool,lr_lbfgs,3,8,auprc,0.0936659589547219
3923,899.0,899.0,,guo_icu,guo_icu,clinicalbert_type3_max_pool,lr_lbfgs,3,8,brier,0.2112543667687499
3924,900.0,900.0,,guo_icu,guo_icu,clinicalbert_type3_max_pool,lr_lbfgs,4,8,auroc,0.5469262295081967
3925,901.0,901.0,,guo_icu,guo_icu,clinicalbert_type3_max_pool,lr_lbfgs,4,8,auprc,0.0456062895672864
3926,902.0,902.0,,guo_icu,guo_icu,clinicalbert_type3_max_pool,lr_lbfgs,4,8,brier,0.3437208523058436
3927,903.0,903.0,,guo_icu,guo_icu,clinicalbert_type3_max_pool,lr_lbfgs,0,12,auroc,0.6327386692381871
3928,904.0,904.0,,guo_icu,guo_icu,clinicalbert_type3_max_pool,lr_lbfgs,0,12,auprc,0.0770900651648757
3929,905.0,905.0,,guo_icu,guo_icu,clinicalbert_type3_max_pool,lr_lbfgs,0,12,brier,0.3849000060890164
3930,906.0,906.0,,guo_icu,guo_icu,clinicalbert_type3_max_pool,lr_lbfgs,1,12,auroc,0.6100952266152363
3931,907.0,907.0,,guo_icu,guo_icu,clinicalbert_type3_max_pool,lr_lbfgs,1,12,auprc,0.0601712830443063
3932,908.0,908.0,,guo_icu,guo_icu,clinicalbert_type3_max_pool,lr_lbfgs,1,12,brier,0.2449752692817955
3933,909.0,909.0,,guo_icu,guo_icu,clinicalbert_type3_max_pool,lr_lbfgs,2,12,auroc,0.5126205400192864
3934,910.0,910.0,,guo_icu,guo_icu,clinicalbert_type3_max_pool,lr_lbfgs,2,12,auprc,0.0461552884690919
3935,911.0,911.0,,guo_icu,guo_icu,clinicalbert_type3_max_pool,lr_lbfgs,2,12,brier,0.3508207569260521
3936,912.0,912.0,,guo_icu,guo_icu,clinicalbert_type3_max_pool,lr_lbfgs,3,12,auroc,0.6899529893924783
3937,913.0,913.0,,guo_icu,guo_icu,clinicalbert_type3_max_pool,lr_lbfgs,3,12,auprc,0.1003899611439918
3938,914.0,914.0,,guo_icu,guo_icu,clinicalbert_type3_max_pool,lr_lbfgs,3,12,brier,0.2460297534851661
3939,915.0,915.0,,guo_icu,guo_icu,clinicalbert_type3_max_pool,lr_lbfgs,4,12,auroc,0.6028688524590163
3940,916.0,916.0,,guo_icu,guo_icu,clinicalbert_type3_max_pool,lr_lbfgs,4,12,auprc,0.0548310177895978
3941,917.0,917.0,,guo_icu,guo_icu,clinicalbert_type3_max_pool,lr_lbfgs,4,12,brier,0.3240327514151059
3942,918.0,918.0,,guo_icu,guo_icu,clinicalbert_type3_max_pool,lr_lbfgs,0,16,auroc,0.5675204918032787
3943,919.0,919.0,,guo_icu,guo_icu,clinicalbert_type3_max_pool,lr_lbfgs,0,16,auprc,0.0618648602920886
3944,920.0,920.0,,guo_icu,guo_icu,clinicalbert_type3_max_pool,lr_lbfgs,0,16,brier,0.2575039932335141
3945,921.0,921.0,,guo_icu,guo_icu,clinicalbert_type3_max_pool,lr_lbfgs,1,16,auroc,0.5408721070395371
3946,922.0,922.0,,guo_icu,guo_icu,clinicalbert_type3_max_pool,lr_lbfgs,1,16,auprc,0.051961711893418
3947,923.0,923.0,,guo_icu,guo_icu,clinicalbert_type3_max_pool,lr_lbfgs,1,16,brier,0.5024399468487947
3948,924.0,924.0,,guo_icu,guo_icu,clinicalbert_type3_max_pool,lr_lbfgs,2,16,auroc,0.5088235294117647
3949,925.0,925.0,,guo_icu,guo_icu,clinicalbert_type3_max_pool,lr_lbfgs,2,16,auprc,0.0509346956590001
3950,926.0,926.0,,guo_icu,guo_icu,clinicalbert_type3_max_pool,lr_lbfgs,2,16,brier,0.3598524093677675
3951,927.0,927.0,,guo_icu,guo_icu,clinicalbert_type3_max_pool,lr_lbfgs,3,16,auroc,0.6981798457087752
3952,928.0,928.0,,guo_icu,guo_icu,clinicalbert_type3_max_pool,lr_lbfgs,3,16,auprc,0.1051531880567806
3953,929.0,929.0,,guo_icu,guo_icu,clinicalbert_type3_max_pool,lr_lbfgs,3,16,brier,0.4209678842723389
3954,930.0,930.0,,guo_icu,guo_icu,clinicalbert_type3_max_pool,lr_lbfgs,4,16,auroc,0.5828049662487945
3955,931.0,931.0,,guo_icu,guo_icu,clinicalbert_type3_max_pool,lr_lbfgs,4,16,auprc,0.0604525896642273
3956,932.0,932.0,,guo_icu,guo_icu,clinicalbert_type3_max_pool,lr_lbfgs,4,16,brier,0.4288302276840977
3957,933.0,933.0,,guo_icu,guo_icu,clinicalbert_type3_max_pool,lr_lbfgs,0,24,auroc,0.6236740597878496
3958,934.0,934.0,,guo_icu,guo_icu,clinicalbert_type3_max_pool,lr_lbfgs,0,24,auprc,0.092111832144174
3959,935.0,935.0,,guo_icu,guo_icu,clinicalbert_type3_max_pool,lr_lbfgs,0,24,brier,0.3375773210355902
3960,936.0,936.0,,guo_icu,guo_icu,clinicalbert_type3_max_pool,lr_lbfgs,1,24,auroc,0.5401398264223722
3961,937.0,937.0,,guo_icu,guo_icu,clinicalbert_type3_max_pool,lr_lbfgs,1,24,auprc,0.0431088640261491
3962,938.0,938.0,,guo_icu,guo_icu,clinicalbert_type3_max_pool,lr_lbfgs,1,24,brier,0.5395423152179428
3963,939.0,939.0,,guo_icu,guo_icu,clinicalbert_type3_max_pool,lr_lbfgs,2,24,auroc,0.6292671166827387
3964,940.0,940.0,,guo_icu,guo_icu,clinicalbert_type3_max_pool,lr_lbfgs,2,24,auprc,0.0733262727037781
3965,941.0,941.0,,guo_icu,guo_icu,clinicalbert_type3_max_pool,lr_lbfgs,2,24,brier,0.3755220057296045
3966,942.0,942.0,,guo_icu,guo_icu,clinicalbert_type3_max_pool,lr_lbfgs,3,24,auroc,0.7042309546769527
3967,943.0,943.0,,guo_icu,guo_icu,clinicalbert_type3_max_pool,lr_lbfgs,3,24,auprc,0.0979423999934755
3968,944.0,944.0,,guo_icu,guo_icu,clinicalbert_type3_max_pool,lr_lbfgs,3,24,brier,0.3175794235984448
3969,945.0,945.0,,guo_icu,guo_icu,clinicalbert_type3_max_pool,lr_lbfgs,4,24,auroc,0.6088235294117648
3970,946.0,946.0,,guo_icu,guo_icu,clinicalbert_type3_max_pool,lr_lbfgs,4,24,auprc,0.0764551790068706
3971,947.0,947.0,,guo_icu,guo_icu,clinicalbert_type3_max_pool,lr_lbfgs,4,24,brier,0.268958816563231
3972,948.0,948.0,,guo_icu,guo_icu,clinicalbert_type3_max_pool,lr_lbfgs,0,32,auroc,0.6818527000964321
3973,949.0,949.0,,guo_icu,guo_icu,clinicalbert_type3_max_pool,lr_lbfgs,0,32,auprc,0.096382709204236
3974,950.0,950.0,,guo_icu,guo_icu,clinicalbert_type3_max_pool,lr_lbfgs,0,32,brier,0.2118986640800411
3975,951.0,951.0,,guo_icu,guo_icu,clinicalbert_type3_max_pool,lr_lbfgs,1,32,auroc,0.5687801350048216
3976,952.0,952.0,,guo_icu,guo_icu,clinicalbert_type3_max_pool,lr_lbfgs,1,32,auprc,0.0482632155805744
3977,953.0,953.0,,guo_icu,guo_icu,clinicalbert_type3_max_pool,lr_lbfgs,1,32,brier,0.443961586555075
3978,954.0,954.0,,guo_icu,guo_icu,clinicalbert_type3_max_pool,lr_lbfgs,2,32,auroc,0.6938765670202507
3979,955.0,955.0,,guo_icu,guo_icu,clinicalbert_type3_max_pool,lr_lbfgs,2,32,auprc,0.1003630993377006
3980,956.0,956.0,,guo_icu,guo_icu,clinicalbert_type3_max_pool,lr_lbfgs,2,32,brier,0.2568203962836705
3981,957.0,957.0,,guo_icu,guo_icu,clinicalbert_type3_max_pool,lr_lbfgs,3,32,auroc,0.6237102217936354
3982,958.0,958.0,,guo_icu,guo_icu,clinicalbert_type3_max_pool,lr_lbfgs,3,32,auprc,0.0568877623278283
3983,959.0,959.0,,guo_icu,guo_icu,clinicalbert_type3_max_pool,lr_lbfgs,3,32,brier,0.34461637663506
3984,960.0,960.0,,guo_icu,guo_icu,clinicalbert_type3_max_pool,lr_lbfgs,4,32,auroc,0.6512355351976856
3985,961.0,961.0,,guo_icu,guo_icu,clinicalbert_type3_max_pool,lr_lbfgs,4,32,auprc,0.079751264130431
3986,962.0,962.0,,guo_icu,guo_icu,clinicalbert_type3_max_pool,lr_lbfgs,4,32,brier,0.2755817287824543
3987,963.0,963.0,,guo_icu,guo_icu,clinicalbert_type3_max_pool,lr_lbfgs,0,48,auroc,0.7191839440694311
3988,964.0,964.0,,guo_icu,guo_icu,clinicalbert_type3_max_pool,lr_lbfgs,0,48,auprc,0.1262055704304932
3989,965.0,965.0,,guo_icu,guo_icu,clinicalbert_type3_max_pool,lr_lbfgs,0,48,brier,0.2270511126308152
3990,966.0,966.0,,guo_icu,guo_icu,clinicalbert_type3_max_pool,lr_lbfgs,1,48,auroc,0.5409715525554484
3991,967.0,967.0,,guo_icu,guo_icu,clinicalbert_type3_max_pool,lr_lbfgs,1,48,auprc,0.0448614104523424
3992,968.0,968.0,,guo_icu,guo_icu,clinicalbert_type3_max_pool,lr_lbfgs,1,48,brier,0.2507158517900369
3993,969.0,969.0,,guo_icu,guo_icu,clinicalbert_type3_max_pool,lr_lbfgs,2,48,auroc,0.6985414657666345
3994,970.0,970.0,,guo_icu,guo_icu,clinicalbert_type3_max_pool,lr_lbfgs,2,48,auprc,0.1045658882187837
3995,971.0,971.0,,guo_icu,guo_icu,clinicalbert_type3_max_pool,lr_lbfgs,2,48,brier,0.2335811041166267
3996,972.0,972.0,,guo_icu,guo_icu,clinicalbert_type3_max_pool,lr_lbfgs,3,48,auroc,0.6268412487945998
3997,973.0,973.0,,guo_icu,guo_icu,clinicalbert_type3_max_pool,lr_lbfgs,3,48,auprc,0.0595307653226005
3998,974.0,974.0,,guo_icu,guo_icu,clinicalbert_type3_max_pool,lr_lbfgs,3,48,brier,0.43623907670354
3999,975.0,975.0,,guo_icu,guo_icu,clinicalbert_type3_max_pool,lr_lbfgs,4,48,auroc,0.6056171648987464
4000,976.0,976.0,,guo_icu,guo_icu,clinicalbert_type3_max_pool,lr_lbfgs,4,48,auprc,0.0693708226087213
4001,977.0,977.0,,guo_icu,guo_icu,clinicalbert_type3_max_pool,lr_lbfgs,4,48,brier,0.2800703630489706
4002,978.0,978.0,,guo_icu,guo_icu,clinicalbert_type3_max_pool,lr_lbfgs,0,64,auroc,0.7557859209257474
4003,979.0,979.0,,guo_icu,guo_icu,clinicalbert_type3_max_pool,lr_lbfgs,0,64,auprc,0.1585472007739439
4004,980.0,980.0,,guo_icu,guo_icu,clinicalbert_type3_max_pool,lr_lbfgs,0,64,brier,0.2228046306907115
4005,981.0,981.0,,guo_icu,guo_icu,clinicalbert_type3_max_pool,lr_lbfgs,1,64,auroc,0.6152061234329796
4006,982.0,982.0,,guo_icu,guo_icu,clinicalbert_type3_max_pool,lr_lbfgs,1,64,auprc,0.0585169238004718
4007,983.0,983.0,,guo_icu,guo_icu,clinicalbert_type3_max_pool,lr_lbfgs,1,64,brier,0.2311879193288124
4008,984.0,984.0,,guo_icu,guo_icu,clinicalbert_type3_max_pool,lr_lbfgs,2,64,auroc,0.7079857762777242
4009,985.0,985.0,,guo_icu,guo_icu,clinicalbert_type3_max_pool,lr_lbfgs,2,64,auprc,0.1092850083029889
4010,986.0,986.0,,guo_icu,guo_icu,clinicalbert_type3_max_pool,lr_lbfgs,2,64,brier,0.2523113764309546
4011,987.0,987.0,,guo_icu,guo_icu,clinicalbert_type3_max_pool,lr_lbfgs,3,64,auroc,0.6471492285438766
4012,988.0,988.0,,guo_icu,guo_icu,clinicalbert_type3_max_pool,lr_lbfgs,3,64,auprc,0.0795311257439255
4013,989.0,989.0,,guo_icu,guo_icu,clinicalbert_type3_max_pool,lr_lbfgs,3,64,brier,0.2364902437120728
4014,990.0,990.0,,guo_icu,guo_icu,clinicalbert_type3_max_pool,lr_lbfgs,4,64,auroc,0.5998252169720346
4015,991.0,991.0,,guo_icu,guo_icu,clinicalbert_type3_max_pool,lr_lbfgs,4,64,auprc,0.0633229001667713
4016,992.0,992.0,,guo_icu,guo_icu,clinicalbert_type3_max_pool,lr_lbfgs,4,64,brier,0.240374153730395
4017,993.0,993.0,,guo_icu,guo_icu,clinicalbert_type3_max_pool,lr_lbfgs,0,128,auroc,0.7592876084860174
4018,994.0,994.0,,guo_icu,guo_icu,clinicalbert_type3_max_pool,lr_lbfgs,0,128,auprc,0.1382667508686881
4019,995.0,995.0,,guo_icu,guo_icu,clinicalbert_type3_max_pool,lr_lbfgs,0,128,brier,0.2145288010927575
4020,996.0,996.0,,guo_icu,guo_icu,clinicalbert_type3_max_pool,lr_lbfgs,1,128,auroc,0.7443828351012536
4021,997.0,997.0,,guo_icu,guo_icu,clinicalbert_type3_max_pool,lr_lbfgs,1,128,auprc,0.1429825035652166
4022,998.0,998.0,,guo_icu,guo_icu,clinicalbert_type3_max_pool,lr_lbfgs,1,128,brier,0.236569084163725
4023,999.0,999.0,,guo_icu,guo_icu,clinicalbert_type3_max_pool,lr_lbfgs,2,128,auroc,0.7166887656702025
4024,1000.0,1000.0,,guo_icu,guo_icu,clinicalbert_type3_max_pool,lr_lbfgs,2,128,auprc,0.1295813208515989
4025,1001.0,1001.0,,guo_icu,guo_icu,clinicalbert_type3_max_pool,lr_lbfgs,2,128,brier,0.242195196724233
4026,1002.0,1002.0,,guo_icu,guo_icu,clinicalbert_type3_max_pool,lr_lbfgs,3,128,auroc,0.748625843780135
4027,1003.0,1003.0,,guo_icu,guo_icu,clinicalbert_type3_max_pool,lr_lbfgs,3,128,auprc,0.123540558737547
4028,1004.0,1004.0,,guo_icu,guo_icu,clinicalbert_type3_max_pool,lr_lbfgs,3,128,brier,0.2161242919045837
4029,1005.0,1005.0,,guo_icu,guo_icu,clinicalbert_type3_max_pool,lr_lbfgs,4,128,auroc,0.7227519286403086
4030,1006.0,1006.0,,guo_icu,guo_icu,clinicalbert_type3_max_pool,lr_lbfgs,4,128,auprc,0.1456384379391737
4031,1007.0,1007.0,,guo_icu,guo_icu,clinicalbert_type3_max_pool,lr_lbfgs,4,128,brier,0.2381350826980006
4032,1008.0,1008.0,,guo_icu,guo_icu,clinicalbert_type3_max_pool,knn,0,-1,auroc,0.5760245901639344
4033,1009.0,1009.0,,guo_icu,guo_icu,clinicalbert_type3_max_pool,knn,0,-1,auprc,0.0669186651823648
4034,1010.0,1010.0,,guo_icu,guo_icu,clinicalbert_type3_max_pool,knn,0,-1,brier,0.0462620760055149
4035,1011.0,1011.0,,guo_icu,guo_icu,clinicalbert_type3_max_pool,knn,0,1,auroc,0.5560360414657666
4036,1012.0,1012.0,,guo_icu,guo_icu,clinicalbert_type3_max_pool,knn,0,1,auprc,0.0477906826182418
4037,1013.0,1013.0,,guo_icu,guo_icu,clinicalbert_type3_max_pool,knn,0,1,brier,0.31173294059892
4038,1014.0,1014.0,,guo_icu,guo_icu,clinicalbert_type3_max_pool,knn,1,1,auroc,0.4651187319189971
4039,1015.0,1015.0,,guo_icu,guo_icu,clinicalbert_type3_max_pool,knn,1,1,auprc,0.0404223383941205
4040,1016.0,1016.0,,guo_icu,guo_icu,clinicalbert_type3_max_pool,knn,1,1,brier,0.1624938635247913
4041,1017.0,1017.0,,guo_icu,guo_icu,clinicalbert_type3_max_pool,knn,2,1,auroc,0.5454978302796528
4042,1018.0,1018.0,,guo_icu,guo_icu,clinicalbert_type3_max_pool,knn,2,1,auprc,0.0462204290941614
4043,1019.0,1019.0,,guo_icu,guo_icu,clinicalbert_type3_max_pool,knn,2,1,brier,0.3750613647520864
4044,1020.0,1020.0,,guo_icu,guo_icu,clinicalbert_type3_max_pool,knn,3,1,auroc,0.5747438524590164
4045,1021.0,1021.0,,guo_icu,guo_icu,clinicalbert_type3_max_pool,knn,3,1,auprc,0.05104064294303
4046,1022.0,1022.0,,guo_icu,guo_icu,clinicalbert_type3_max_pool,knn,3,1,brier,0.2650957290132548
4047,1023.0,1023.0,,guo_icu,guo_icu,clinicalbert_type3_max_pool,knn,4,1,auroc,0.5622770009643202
4048,1024.0,1024.0,,guo_icu,guo_icu,clinicalbert_type3_max_pool,knn,4,1,auprc,0.0478876227108757
4049,1025.0,1025.0,,guo_icu,guo_icu,clinicalbert_type3_max_pool,knn,4,1,brier,0.4938635247913598
4050,1026.0,1026.0,,guo_icu,guo_icu,clinicalbert_type3_max_pool,knn,0,2,auroc,0.4422673577627772
4051,1027.0,1027.0,,guo_icu,guo_icu,clinicalbert_type3_max_pool,knn,0,2,auprc,0.040472664858763
4052,1028.0,1028.0,,guo_icu,guo_icu,clinicalbert_type3_max_pool,knn,0,2,brier,0.3529784802036868
4053,1029.0,1029.0,,guo_icu,guo_icu,clinicalbert_type3_max_pool,knn,1,2,auroc,0.5094081485053038
4054,1030.0,1030.0,,guo_icu,guo_icu,clinicalbert_type3_max_pool,knn,1,2,auprc,0.0425138918051931
4055,1031.0,1031.0,,guo_icu,guo_icu,clinicalbert_type3_max_pool,knn,1,2,brier,0.4118802160039273
4056,1032.0,1032.0,,guo_icu,guo_icu,clinicalbert_type3_max_pool,knn,2,2,auroc,0.5009884281581486
4057,1033.0,1033.0,,guo_icu,guo_icu,clinicalbert_type3_max_pool,knn,2,2,auprc,0.0418103951576148
4058,1034.0,1034.0,,guo_icu,guo_icu,clinicalbert_type3_max_pool,knn,2,2,brier,0.1387661593847161
4059,1035.0,1035.0,,guo_icu,guo_icu,clinicalbert_type3_max_pool,knn,3,2,auroc,0.5530617164898746
4060,1036.0,1036.0,,guo_icu,guo_icu,clinicalbert_type3_max_pool,knn,3,2,auprc,0.0483603212688033
4061,1037.0,1037.0,,guo_icu,guo_icu,clinicalbert_type3_max_pool,knn,3,2,brier,0.198821796759941
4062,1038.0,1038.0,,guo_icu,guo_icu,clinicalbert_type3_max_pool,knn,4,2,auroc,0.4515730472516875
4063,1039.0,1039.0,,guo_icu,guo_icu,clinicalbert_type3_max_pool,knn,4,2,auprc,0.0386615430040493
4064,1040.0,1040.0,,guo_icu,guo_icu,clinicalbert_type3_max_pool,knn,4,2,brier,0.4580265095729013
4065,1041.0,1041.0,,guo_icu,guo_icu,clinicalbert_type3_max_pool,knn,0,4,auroc,0.5479749276759883
4066,1042.0,1042.0,,guo_icu,guo_icu,clinicalbert_type3_max_pool,knn,0,4,auprc,0.0532892742714531
4067,1043.0,1043.0,,guo_icu,guo_icu,clinicalbert_type3_max_pool,knn,0,4,brier,0.3606948613719084
4068,1044.0,1044.0,,guo_icu,guo_icu,clinicalbert_type3_max_pool,knn,1,4,auroc,0.5201151157184185
4069,1045.0,1045.0,,guo_icu,guo_icu,clinicalbert_type3_max_pool,knn,1,4,auprc,0.0434999090727125
4070,1046.0,1046.0,,guo_icu,guo_icu,clinicalbert_type3_max_pool,knn,1,4,brier,0.2926416843942617
4071,1047.0,1047.0,,guo_icu,guo_icu,clinicalbert_type3_max_pool,knn,2,4,auroc,0.5395250723240116
4072,1048.0,1048.0,,guo_icu,guo_icu,clinicalbert_type3_max_pool,knn,2,4,auprc,0.0430505443306959
4073,1049.0,1049.0,,guo_icu,guo_icu,clinicalbert_type3_max_pool,knn,2,4,brier,0.2333502485182292
4074,1050.0,1050.0,,guo_icu,guo_icu,clinicalbert_type3_max_pool,knn,3,4,auroc,0.5958534233365478
4075,1051.0,1051.0,,guo_icu,guo_icu,clinicalbert_type3_max_pool,knn,3,4,auprc,0.0600891253725755
4076,1052.0,1052.0,,guo_icu,guo_icu,clinicalbert_type3_max_pool,knn,3,4,brier,0.2071476888802859
4077,1053.0,1053.0,,guo_icu,guo_icu,clinicalbert_type3_max_pool,knn,4,4,auroc,0.4498915139826422
4078,1054.0,1054.0,,guo_icu,guo_icu,clinicalbert_type3_max_pool,knn,4,4,auprc,0.0398687364601983
4079,1055.0,1055.0,,guo_icu,guo_icu,clinicalbert_type3_max_pool,knn,4,4,brier,0.3389862457190564
4080,1056.0,1056.0,,guo_icu,guo_icu,clinicalbert_type3_max_pool,knn,0,8,auroc,0.5687258919961427
4081,1057.0,1057.0,,guo_icu,guo_icu,clinicalbert_type3_max_pool,knn,0,8,auprc,0.0483063980140575
4082,1058.0,1058.0,,guo_icu,guo_icu,clinicalbert_type3_max_pool,knn,0,8,brier,0.4028023610254183
4083,1059.0,1059.0,,guo_icu,guo_icu,clinicalbert_type3_max_pool,knn,1,8,auroc,0.4545594262295082
4084,1060.0,1060.0,,guo_icu,guo_icu,clinicalbert_type3_max_pool,knn,1,8,auprc,0.0387512762419404
4085,1061.0,1061.0,,guo_icu,guo_icu,clinicalbert_type3_max_pool,knn,1,8,brier,0.2731664212076583
4086,1062.0,1062.0,,guo_icu,guo_icu,clinicalbert_type3_max_pool,knn,2,8,auroc,0.55263681292189
4087,1063.0,1063.0,,guo_icu,guo_icu,clinicalbert_type3_max_pool,knn,2,8,auprc,0.0575992097961223
4088,1064.0,1064.0,,guo_icu,guo_icu,clinicalbert_type3_max_pool,knn,2,8,brier,0.3185628732035571
4089,1065.0,1065.0,,guo_icu,guo_icu,clinicalbert_type3_max_pool,knn,3,8,auroc,0.5662005785920926
4090,1066.0,1066.0,,guo_icu,guo_icu,clinicalbert_type3_max_pool,knn,3,8,auprc,0.0487412952022232
4091,1067.0,1067.0,,guo_icu,guo_icu,clinicalbert_type3_max_pool,knn,3,8,brier,0.3892979872361315
4092,1068.0,1068.0,,guo_icu,guo_icu,clinicalbert_type3_max_pool,knn,4,8,auroc,0.5335613548698167
4093,1069.0,1069.0,,guo_icu,guo_icu,clinicalbert_type3_max_pool,knn,4,8,auprc,0.0447024504337221
4094,1070.0,1070.0,,guo_icu,guo_icu,clinicalbert_type3_max_pool,knn,4,8,brier,0.5812469317623957
4095,1071.0,1071.0,,guo_icu,guo_icu,clinicalbert_type3_max_pool,knn,0,12,auroc,0.6145973963355834
4096,1072.0,1072.0,,guo_icu,guo_icu,clinicalbert_type3_max_pool,knn,0,12,auprc,0.0573351173730903
4097,1073.0,1073.0,,guo_icu,guo_icu,clinicalbert_type3_max_pool,knn,0,12,brier,0.3537348458916974
4098,1074.0,1074.0,,guo_icu,guo_icu,clinicalbert_type3_max_pool,knn,1,12,auroc,0.5028115959498554
4099,1075.0,1075.0,,guo_icu,guo_icu,clinicalbert_type3_max_pool,knn,1,12,auprc,0.0423770192450005
4100,1076.0,1076.0,,guo_icu,guo_icu,clinicalbert_type3_max_pool,knn,1,12,brier,0.3126951399116348
4101,1077.0,1077.0,,guo_icu,guo_icu,clinicalbert_type3_max_pool,knn,2,12,auroc,0.6002410800385729
4102,1078.0,1078.0,,guo_icu,guo_icu,clinicalbert_type3_max_pool,knn,2,12,auprc,0.0675184832063622
4103,1079.0,1079.0,,guo_icu,guo_icu,clinicalbert_type3_max_pool,knn,2,12,brier,0.289389671370622
4104,1080.0,1080.0,,guo_icu,guo_icu,clinicalbert_type3_max_pool,knn,3,12,auroc,0.5492767598842815
4105,1081.0,1081.0,,guo_icu,guo_icu,clinicalbert_type3_max_pool,knn,3,12,auprc,0.0465019758894834
4106,1082.0,1082.0,,guo_icu,guo_icu,clinicalbert_type3_max_pool,knn,3,12,brier,0.4432989690721649
4107,1083.0,1083.0,,guo_icu,guo_icu,clinicalbert_type3_max_pool,knn,4,12,auroc,0.5537156460945034
4108,1084.0,1084.0,,guo_icu,guo_icu,clinicalbert_type3_max_pool,knn,4,12,auprc,0.0466921602989141
4109,1085.0,1085.0,,guo_icu,guo_icu,clinicalbert_type3_max_pool,knn,4,12,brier,0.6396661757486499
4110,1086.0,1086.0,,guo_icu,guo_icu,clinicalbert_type3_max_pool,knn,0,16,auroc,0.5269919238187077
4111,1087.0,1087.0,,guo_icu,guo_icu,clinicalbert_type3_max_pool,knn,0,16,auprc,0.0441148273721797
4112,1088.0,1088.0,,guo_icu,guo_icu,clinicalbert_type3_max_pool,knn,0,16,brier,0.4860088365243004
4113,1089.0,1089.0,,guo_icu,guo_icu,clinicalbert_type3_max_pool,knn,1,16,auroc,0.5174059787849566
4114,1090.0,1090.0,,guo_icu,guo_icu,clinicalbert_type3_max_pool,knn,1,16,auprc,0.0446871668502341
4115,1091.0,1091.0,,guo_icu,guo_icu,clinicalbert_type3_max_pool,knn,1,16,brier,0.3711881822058778
4116,1092.0,1092.0,,guo_icu,guo_icu,clinicalbert_type3_max_pool,knn,2,16,auroc,0.5779592574734812
4117,1093.0,1093.0,,guo_icu,guo_icu,clinicalbert_type3_max_pool,knn,2,16,auprc,0.0561493983413127
4118,1094.0,1094.0,,guo_icu,guo_icu,clinicalbert_type3_max_pool,knn,2,16,brier,0.2726055595772639
4119,1095.0,1095.0,,guo_icu,guo_icu,clinicalbert_type3_max_pool,knn,3,16,auroc,0.5951301832208293
4120,1096.0,1096.0,,guo_icu,guo_icu,clinicalbert_type3_max_pool,knn,3,16,auprc,0.0545434715035542
4121,1097.0,1097.0,,guo_icu,guo_icu,clinicalbert_type3_max_pool,knn,3,16,brier,0.2616535366469594
4122,1098.0,1098.0,,guo_icu,guo_icu,clinicalbert_type3_max_pool,knn,4,16,auroc,0.5245961909353906
4123,1099.0,1099.0,,guo_icu,guo_icu,clinicalbert_type3_max_pool,knn,4,16,auprc,0.0438466687497424
4124,1100.0,1100.0,,guo_icu,guo_icu,clinicalbert_type3_max_pool,knn,4,16,brier,0.5984290623465881
4125,1101.0,1101.0,,guo_icu,guo_icu,clinicalbert_type3_max_pool,knn,0,24,auroc,0.6240236258437801
4126,1102.0,1102.0,,guo_icu,guo_icu,clinicalbert_type3_max_pool,knn,0,24,auprc,0.0551980161024093
4127,1103.0,1103.0,,guo_icu,guo_icu,clinicalbert_type3_max_pool,knn,0,24,brier,0.2868597610865652
4128,1104.0,1104.0,,guo_icu,guo_icu,clinicalbert_type3_max_pool,knn,1,24,auroc,0.5429875843780135
4129,1105.0,1105.0,,guo_icu,guo_icu,clinicalbert_type3_max_pool,knn,1,24,auprc,0.0462809135576547
4130,1106.0,1106.0,,guo_icu,guo_icu,clinicalbert_type3_max_pool,knn,1,24,brier,0.3163868433971527
4131,1107.0,1107.0,,guo_icu,guo_icu,clinicalbert_type3_max_pool,knn,2,24,auroc,0.6564699855351976
4132,1108.0,1108.0,,guo_icu,guo_icu,clinicalbert_type3_max_pool,knn,2,24,auprc,0.0762078811688467
4133,1109.0,1109.0,,guo_icu,guo_icu,clinicalbert_type3_max_pool,knn,2,24,brier,0.225078790183778
4134,1110.0,1110.0,,guo_icu,guo_icu,clinicalbert_type3_max_pool,knn,3,24,auroc,0.6415441176470589
4135,1111.0,1111.0,,guo_icu,guo_icu,clinicalbert_type3_max_pool,knn,3,24,auprc,0.0622705633192081
4136,1112.0,1112.0,,guo_icu,guo_icu,clinicalbert_type3_max_pool,knn,3,24,brier,0.2771977613492269
4137,1113.0,1113.0,,guo_icu,guo_icu,clinicalbert_type3_max_pool,knn,4,24,auroc,0.5352911041465767
4138,1114.0,1114.0,,guo_icu,guo_icu,clinicalbert_type3_max_pool,knn,4,24,auprc,0.045777578858683
4139,1115.0,1115.0,,guo_icu,guo_icu,clinicalbert_type3_max_pool,knn,4,24,brier,0.3531664212076583
4140,1116.0,1116.0,,guo_icu,guo_icu,clinicalbert_type3_max_pool,knn,0,32,auroc,0.6051832208293153
4141,1117.0,1117.0,,guo_icu,guo_icu,clinicalbert_type3_max_pool,knn,0,32,auprc,0.0595908503395539
4142,1118.0,1118.0,,guo_icu,guo_icu,clinicalbert_type3_max_pool,knn,0,32,brier,0.2338156856200058
4143,1119.0,1119.0,,guo_icu,guo_icu,clinicalbert_type3_max_pool,knn,1,32,auroc,0.5581695998071359
4144,1120.0,1120.0,,guo_icu,guo_icu,clinicalbert_type3_max_pool,knn,1,32,auprc,0.0472544844793888
4145,1121.0,1121.0,,guo_icu,guo_icu,clinicalbert_type3_max_pool,knn,1,32,brier,0.3162297496318115
4146,1122.0,1122.0,,guo_icu,guo_icu,clinicalbert_type3_max_pool,knn,2,32,auroc,0.628745781099325
4147,1123.0,1123.0,,guo_icu,guo_icu,clinicalbert_type3_max_pool,knn,2,32,auprc,0.0632087853873262
4148,1124.0,1124.0,,guo_icu,guo_icu,clinicalbert_type3_max_pool,knn,2,32,brier,0.2690776195930835
4149,1125.0,1125.0,,guo_icu,guo_icu,clinicalbert_type3_max_pool,knn,3,32,auroc,0.5981738187078111
4150,1126.0,1126.0,,guo_icu,guo_icu,clinicalbert_type3_max_pool,knn,3,32,auprc,0.0574016599019512
4151,1127.0,1127.0,,guo_icu,guo_icu,clinicalbert_type3_max_pool,knn,3,32,brier,0.2941939550896804
4152,1128.0,1128.0,,guo_icu,guo_icu,clinicalbert_type3_max_pool,knn,4,32,auroc,0.5658721070395372
4153,1129.0,1129.0,,guo_icu,guo_icu,clinicalbert_type3_max_pool,knn,4,32,auprc,0.0483658807043816
4154,1130.0,1130.0,,guo_icu,guo_icu,clinicalbert_type3_max_pool,knn,4,32,brier,0.4761904761904761
4155,1131.0,1131.0,,guo_icu,guo_icu,clinicalbert_type3_max_pool,knn,0,48,auroc,0.5930508678881389
4156,1132.0,1132.0,,guo_icu,guo_icu,clinicalbert_type3_max_pool,knn,0,48,auprc,0.0525029608370481
4157,1133.0,1133.0,,guo_icu,guo_icu,clinicalbert_type3_max_pool,knn,0,48,brier,0.3917525773195876
4158,1134.0,1134.0,,guo_icu,guo_icu,clinicalbert_type3_max_pool,knn,1,48,auroc,0.5168062921890068
4159,1135.0,1135.0,,guo_icu,guo_icu,clinicalbert_type3_max_pool,knn,1,48,auprc,0.0443386423633871
4160,1136.0,1136.0,,guo_icu,guo_icu,clinicalbert_type3_max_pool,knn,1,48,brier,0.3203512791141657
4161,1137.0,1137.0,,guo_icu,guo_icu,clinicalbert_type3_max_pool,knn,2,48,auroc,0.6434245419479268
4162,1138.0,1138.0,,guo_icu,guo_icu,clinicalbert_type3_max_pool,knn,2,48,auprc,0.0638825394636139
4163,1139.0,1139.0,,guo_icu,guo_icu,clinicalbert_type3_max_pool,knn,2,48,brier,0.2715528691307783
4164,1140.0,1140.0,,guo_icu,guo_icu,clinicalbert_type3_max_pool,knn,3,48,auroc,0.5870841369334618
4165,1141.0,1141.0,,guo_icu,guo_icu,clinicalbert_type3_max_pool,knn,3,48,auprc,0.0596305939117159
4166,1142.0,1142.0,,guo_icu,guo_icu,clinicalbert_type3_max_pool,knn,3,48,brier,0.2796071168777305
4167,1143.0,1143.0,,guo_icu,guo_icu,clinicalbert_type3_max_pool,knn,4,48,auroc,0.5106256027000964
4168,1144.0,1144.0,,guo_icu,guo_icu,clinicalbert_type3_max_pool,knn,4,48,auprc,0.0426134416115168
4169,1145.0,1145.0,,guo_icu,guo_icu,clinicalbert_type3_max_pool,knn,4,48,brier,0.485027000490918
4170,1146.0,1146.0,,guo_icu,guo_icu,clinicalbert_type3_max_pool,knn,0,64,auroc,0.6444310511089681
4171,1147.0,1147.0,,guo_icu,guo_icu,clinicalbert_type3_max_pool,knn,0,64,auprc,0.0722990956581519
4172,1148.0,1148.0,,guo_icu,guo_icu,clinicalbert_type3_max_pool,knn,0,64,brier,0.2626261758124971
4173,1149.0,1149.0,,guo_icu,guo_icu,clinicalbert_type3_max_pool,knn,1,64,auroc,0.5656310270009643
4174,1150.0,1150.0,,guo_icu,guo_icu,clinicalbert_type3_max_pool,knn,1,64,auprc,0.055350700103073
4175,1151.0,1151.0,,guo_icu,guo_icu,clinicalbert_type3_max_pool,knn,1,64,brier,0.2978952873837682
4176,1152.0,1152.0,,guo_icu,guo_icu,clinicalbert_type3_max_pool,knn,2,64,auroc,0.643279893924783
4177,1153.0,1153.0,,guo_icu,guo_icu,clinicalbert_type3_max_pool,knn,2,64,auprc,0.0715729378433029
4178,1154.0,1154.0,,guo_icu,guo_icu,clinicalbert_type3_max_pool,knn,2,64,brier,0.2766462319067149
4179,1155.0,1155.0,,guo_icu,guo_icu,clinicalbert_type3_max_pool,knn,3,64,auroc,0.6156581485053036
4180,1156.0,1156.0,,guo_icu,guo_icu,clinicalbert_type3_max_pool,knn,3,64,auprc,0.0618077898911586
4181,1157.0,1157.0,,guo_icu,guo_icu,clinicalbert_type3_max_pool,knn,3,64,brier,0.2820957008153661
4182,1158.0,1158.0,,guo_icu,guo_icu,clinicalbert_type3_max_pool,knn,4,64,auroc,0.5029773384763742
4183,1159.0,1159.0,,guo_icu,guo_icu,clinicalbert_type3_max_pool,knn,4,64,auprc,0.0419691384612506
4184,1160.0,1160.0,,guo_icu,guo_icu,clinicalbert_type3_max_pool,knn,4,64,brier,0.4565537555228277
4185,1161.0,1161.0,,guo_icu,guo_icu,clinicalbert_type3_max_pool,knn,0,128,auroc,0.6516513982642238
4186,1162.0,1162.0,,guo_icu,guo_icu,clinicalbert_type3_max_pool,knn,0,128,auprc,0.077804553277822
4187,1163.0,1163.0,,guo_icu,guo_icu,clinicalbert_type3_max_pool,knn,0,128,brier,0.2531160303688575
4188,1164.0,1164.0,,guo_icu,guo_icu,clinicalbert_type3_max_pool,knn,1,128,auroc,0.5961758678881388
4189,1165.0,1165.0,,guo_icu,guo_icu,clinicalbert_type3_max_pool,knn,1,128,auprc,0.0569181862798425
4190,1166.0,1166.0,,guo_icu,guo_icu,clinicalbert_type3_max_pool,knn,1,128,brier,0.2843830805483727
4191,1167.0,1167.0,,guo_icu,guo_icu,clinicalbert_type3_max_pool,knn,2,128,auroc,0.609658269045323
4192,1168.0,1168.0,,guo_icu,guo_icu,clinicalbert_type3_max_pool,knn,2,128,auprc,0.0549999328858682
4193,1169.0,1169.0,,guo_icu,guo_icu,clinicalbert_type3_max_pool,knn,2,128,brier,0.3488110602565996
4194,1170.0,1170.0,,guo_icu,guo_icu,clinicalbert_type3_max_pool,knn,3,128,auroc,0.6468087029893924
4195,1171.0,1171.0,,guo_icu,guo_icu,clinicalbert_type3_max_pool,knn,3,128,auprc,0.066893949153628
4196,1172.0,1172.0,,guo_icu,guo_icu,clinicalbert_type3_max_pool,knn,3,128,brier,0.2694233426138605
4197,1173.0,1173.0,,guo_icu,guo_icu,clinicalbert_type3_max_pool,knn,4,128,auroc,0.5945274831243973
4198,1174.0,1174.0,,guo_icu,guo_icu,clinicalbert_type3_max_pool,knn,4,128,auprc,0.0527361060573185
4199,1175.0,1175.0,,guo_icu,guo_icu,clinicalbert_type3_max_pool,knn,4,128,brier,0.2817722775881954
4200,1176.0,1176.0,,guo_icu,guo_icu,clinicalbert_type3_max_pool,rf,0,-1,auroc,0.6198830761812921
4201,1177.0,1177.0,,guo_icu,guo_icu,clinicalbert_type3_max_pool,rf,0,-1,auprc,0.0806003971550283
4202,1178.0,1178.0,,guo_icu,guo_icu,clinicalbert_type3_max_pool,rf,0,-1,brier,0.0405379269785378
4203,1179.0,1179.0,,guo_icu,guo_icu,clinicalbert_type3_max_pool,rf,0,1,auroc,0.5856979267116683
4204,1180.0,1180.0,,guo_icu,guo_icu,clinicalbert_type3_max_pool,rf,0,1,auprc,0.0833408240273952
4205,1181.0,1181.0,,guo_icu,guo_icu,clinicalbert_type3_max_pool,rf,0,1,brier,0.2401311242022582
4206,1182.0,1182.0,,guo_icu,guo_icu,clinicalbert_type3_max_pool,rf,1,1,auroc,0.4808250964320154
4207,1183.0,1183.0,,guo_icu,guo_icu,clinicalbert_type3_max_pool,rf,1,1,auprc,0.040079620021399
4208,1184.0,1184.0,,guo_icu,guo_icu,clinicalbert_type3_max_pool,rf,1,1,brier,0.3455265095729014
4209,1185.0,1185.0,,guo_icu,guo_icu,clinicalbert_type3_max_pool,rf,2,1,auroc,0.5918756027000964
4210,1186.0,1186.0,,guo_icu,guo_icu,clinicalbert_type3_max_pool,rf,2,1,auprc,0.0673655695945849
4211,1187.0,1187.0,,guo_icu,guo_icu,clinicalbert_type3_max_pool,rf,2,1,brier,0.2817859597447226
4212,1188.0,1188.0,,guo_icu,guo_icu,clinicalbert_type3_max_pool,rf,3,1,auroc,0.6098360655737705
4213,1189.0,1189.0,,guo_icu,guo_icu,clinicalbert_type3_max_pool,rf,3,1,auprc,0.0548888739067449
4214,1190.0,1190.0,,guo_icu,guo_icu,clinicalbert_type3_max_pool,rf,3,1,brier,0.4156946489936181
4215,1191.0,1191.0,,guo_icu,guo_icu,clinicalbert_type3_max_pool,rf,4,1,auroc,0.5049752892960462
4216,1192.0,1192.0,,guo_icu,guo_icu,clinicalbert_type3_max_pool,rf,4,1,auprc,0.0463884438545109
4217,1193.0,1193.0,,guo_icu,guo_icu,clinicalbert_type3_max_pool,rf,4,1,brier,0.2869798723613156
4218,1194.0,1194.0,,guo_icu,guo_icu,clinicalbert_type3_max_pool,rf,0,2,auroc,0.4488006268081003
4219,1195.0,1195.0,,guo_icu,guo_icu,clinicalbert_type3_max_pool,rf,0,2,auprc,0.0369376745505192
4220,1196.0,1196.0,,guo_icu,guo_icu,clinicalbert_type3_max_pool,rf,0,2,brier,0.3620900834560628
4221,1197.0,1197.0,,guo_icu,guo_icu,clinicalbert_type3_max_pool,rf,1,2,auroc,0.4987945998071359
4222,1198.0,1198.0,,guo_icu,guo_icu,clinicalbert_type3_max_pool,rf,1,2,auprc,0.0420224749291551
4223,1199.0,1199.0,,guo_icu,guo_icu,clinicalbert_type3_max_pool,rf,1,2,brier,0.4635346097201768
4224,1200.0,1200.0,,guo_icu,guo_icu,clinicalbert_type3_max_pool,rf,2,2,auroc,0.4474415380906461
4225,1201.0,1201.0,,guo_icu,guo_icu,clinicalbert_type3_max_pool,rf,2,2,auprc,0.0365056630018179
4226,1202.0,1202.0,,guo_icu,guo_icu,clinicalbert_type3_max_pool,rf,2,2,brier,0.3654185076092293
4227,1203.0,1203.0,,guo_icu,guo_icu,clinicalbert_type3_max_pool,rf,3,2,auroc,0.5937530135004822
4228,1204.0,1204.0,,guo_icu,guo_icu,clinicalbert_type3_max_pool,rf,3,2,auprc,0.0635820137812901
4229,1205.0,1205.0,,guo_icu,guo_icu,clinicalbert_type3_max_pool,rf,3,2,brier,0.184714383897889
4230,1206.0,1206.0,,guo_icu,guo_icu,clinicalbert_type3_max_pool,rf,4,2,auroc,0.4560028929604628
4231,1207.0,1207.0,,guo_icu,guo_icu,clinicalbert_type3_max_pool,rf,4,2,auprc,0.0370563485961915
4232,1208.0,1208.0,,guo_icu,guo_icu,clinicalbert_type3_max_pool,rf,4,2,brier,0.2455621011291114
4233,1209.0,1209.0,,guo_icu,guo_icu,clinicalbert_type3_max_pool,rf,0,4,auroc,0.448457087753134
4234,1210.0,1210.0,,guo_icu,guo_icu,clinicalbert_type3_max_pool,rf,0,4,auprc,0.038832747513869
4235,1211.0,1211.0,,guo_icu,guo_icu,clinicalbert_type3_max_pool,rf,0,4,brier,0.3969869906725577
4236,1212.0,1212.0,,guo_icu,guo_icu,clinicalbert_type3_max_pool,rf,1,4,auroc,0.5292580761812922
4237,1213.0,1213.0,,guo_icu,guo_icu,clinicalbert_type3_max_pool,rf,1,4,auprc,0.0485722671351799
4238,1214.0,1214.0,,guo_icu,guo_icu,clinicalbert_type3_max_pool,rf,1,4,brier,0.3549680903289151
4239,1215.0,1215.0,,guo_icu,guo_icu,clinicalbert_type3_max_pool,rf,2,4,auroc,0.4397812198649951
4240,1216.0,1216.0,,guo_icu,guo_icu,clinicalbert_type3_max_pool,rf,2,4,auprc,0.0358956223792917
4241,1217.0,1217.0,,guo_icu,guo_icu,clinicalbert_type3_max_pool,rf,2,4,brier,0.2291332842415316
4242,1218.0,1218.0,,guo_icu,guo_icu,clinicalbert_type3_max_pool,rf,3,4,auroc,0.5443436595949855
4243,1219.0,1219.0,,guo_icu,guo_icu,clinicalbert_type3_max_pool,rf,3,4,auprc,0.0531904037029703
4244,1220.0,1220.0,,guo_icu,guo_icu,clinicalbert_type3_max_pool,rf,3,4,brier,0.2191507118311242
4245,1221.0,1221.0,,guo_icu,guo_icu,clinicalbert_type3_max_pool,rf,4,4,auroc,0.4929936113789779
4246,1222.0,1222.0,,guo_icu,guo_icu,clinicalbert_type3_max_pool,rf,4,4,auprc,0.0434272575769747
4247,1223.0,1223.0,,guo_icu,guo_icu,clinicalbert_type3_max_pool,rf,4,4,brier,0.3004516445753559
4248,1224.0,1224.0,,guo_icu,guo_icu,clinicalbert_type3_max_pool,rf,0,8,auroc,0.6022179363548698
4249,1225.0,1225.0,,guo_icu,guo_icu,clinicalbert_type3_max_pool,rf,0,8,auprc,0.0578743862651861
4250,1226.0,1226.0,,guo_icu,guo_icu,clinicalbert_type3_max_pool,rf,0,8,brier,0.2340547864506627
4251,1227.0,1227.0,,guo_icu,guo_icu,clinicalbert_type3_max_pool,rf,1,8,auroc,0.4333172613307618
4252,1228.0,1228.0,,guo_icu,guo_icu,clinicalbert_type3_max_pool,rf,1,8,auprc,0.0392991735043102
4253,1229.0,1229.0,,guo_icu,guo_icu,clinicalbert_type3_max_pool,rf,1,8,brier,0.25120029455081
4254,1230.0,1230.0,,guo_icu,guo_icu,clinicalbert_type3_max_pool,rf,2,8,auroc,0.5024921648987464
4255,1231.0,1231.0,,guo_icu,guo_icu,clinicalbert_type3_max_pool,rf,2,8,auprc,0.0459092098870299
4256,1232.0,1232.0,,guo_icu,guo_icu,clinicalbert_type3_max_pool,rf,2,8,brier,0.2670171821305842
4257,1233.0,1233.0,,guo_icu,guo_icu,clinicalbert_type3_max_pool,rf,3,8,auroc,0.6288904291224687
4258,1234.0,1234.0,,guo_icu,guo_icu,clinicalbert_type3_max_pool,rf,3,8,auprc,0.0802641463611698
4259,1235.0,1235.0,,guo_icu,guo_icu,clinicalbert_type3_max_pool,rf,3,8,brier,0.2664626738667976
4260,1236.0,1236.0,,guo_icu,guo_icu,clinicalbert_type3_max_pool,rf,4,8,auroc,0.4743671648987462
4261,1237.0,1237.0,,guo_icu,guo_icu,clinicalbert_type3_max_pool,rf,4,8,auprc,0.0389704417563827
4262,1238.0,1238.0,,guo_icu,guo_icu,clinicalbert_type3_max_pool,rf,4,8,brier,0.3567452135493373
4263,1239.0,1239.0,,guo_icu,guo_icu,clinicalbert_type3_max_pool,rf,0,12,auroc,0.5889253857280617
4264,1240.0,1240.0,,guo_icu,guo_icu,clinicalbert_type3_max_pool,rf,0,12,auprc,0.0790262874423424
4265,1241.0,1241.0,,guo_icu,guo_icu,clinicalbert_type3_max_pool,rf,0,12,brier,0.2398230402007309
4266,1242.0,1242.0,,guo_icu,guo_icu,clinicalbert_type3_max_pool,rf,1,12,auroc,0.5365567743490839
4267,1243.0,1243.0,,guo_icu,guo_icu,clinicalbert_type3_max_pool,rf,1,12,auprc,0.0452805844020692
4268,1244.0,1244.0,,guo_icu,guo_icu,clinicalbert_type3_max_pool,rf,1,12,brier,0.2445201276386844
4269,1245.0,1245.0,,guo_icu,guo_icu,clinicalbert_type3_max_pool,rf,2,12,auroc,0.51012837512054
4270,1246.0,1246.0,,guo_icu,guo_icu,clinicalbert_type3_max_pool,rf,2,12,auprc,0.0545937194480548
4271,1247.0,1247.0,,guo_icu,guo_icu,clinicalbert_type3_max_pool,rf,2,12,brier,0.2521232204221895
4272,1248.0,1248.0,,guo_icu,guo_icu,clinicalbert_type3_max_pool,rf,3,12,auroc,0.6332630183220829
4273,1249.0,1249.0,,guo_icu,guo_icu,clinicalbert_type3_max_pool,rf,3,12,auprc,0.0848936994583572
4274,1250.0,1250.0,,guo_icu,guo_icu,clinicalbert_type3_max_pool,rf,3,12,brier,0.2749909180166912
4275,1251.0,1251.0,,guo_icu,guo_icu,clinicalbert_type3_max_pool,rf,4,12,auroc,0.5610866682738669
4276,1252.0,1252.0,,guo_icu,guo_icu,clinicalbert_type3_max_pool,rf,4,12,auprc,0.0523253551156245
4277,1253.0,1253.0,,guo_icu,guo_icu,clinicalbert_type3_max_pool,rf,4,12,brier,0.3231553755522828
4278,1254.0,1254.0,,guo_icu,guo_icu,clinicalbert_type3_max_pool,rf,0,16,auroc,0.5478875361620058
4279,1255.0,1255.0,,guo_icu,guo_icu,clinicalbert_type3_max_pool,rf,0,16,auprc,0.0560693584100317
4280,1256.0,1256.0,,guo_icu,guo_icu,clinicalbert_type3_max_pool,rf,0,16,brier,0.24596735395189
4281,1257.0,1257.0,,guo_icu,guo_icu,clinicalbert_type3_max_pool,rf,1,16,auroc,0.5276066779170685
4282,1258.0,1258.0,,guo_icu,guo_icu,clinicalbert_type3_max_pool,rf,1,16,auprc,0.0604837479725329
4283,1259.0,1259.0,,guo_icu,guo_icu,clinicalbert_type3_max_pool,rf,1,16,brier,0.2687584683357879
4284,1260.0,1260.0,,guo_icu,guo_icu,clinicalbert_type3_max_pool,rf,2,16,auroc,0.5048607762777242
4285,1261.0,1261.0,,guo_icu,guo_icu,clinicalbert_type3_max_pool,rf,2,16,auprc,0.053229813030074
4286,1262.0,1262.0,,guo_icu,guo_icu,clinicalbert_type3_max_pool,rf,2,16,brier,0.2377859597447226
4287,1263.0,1263.0,,guo_icu,guo_icu,clinicalbert_type3_max_pool,rf,3,16,auroc,0.5931744214079074
4288,1264.0,1264.0,,guo_icu,guo_icu,clinicalbert_type3_max_pool,rf,3,16,auprc,0.0592858274269388
4289,1265.0,1265.0,,guo_icu,guo_icu,clinicalbert_type3_max_pool,rf,3,16,brier,0.2450515463917525
4290,1266.0,1266.0,,guo_icu,guo_icu,clinicalbert_type3_max_pool,rf,4,16,auroc,0.4856195756991321
4291,1267.0,1267.0,,guo_icu,guo_icu,clinicalbert_type3_max_pool,rf,4,16,auprc,0.0427679206726611
4292,1268.0,1268.0,,guo_icu,guo_icu,clinicalbert_type3_max_pool,rf,4,16,brier,0.2933001963672067
4293,1269.0,1269.0,,guo_icu,guo_icu,clinicalbert_type3_max_pool,rf,0,24,auroc,0.6108877772420443
4294,1270.0,1270.0,,guo_icu,guo_icu,clinicalbert_type3_max_pool,rf,0,24,auprc,0.0592909343438412
4295,1271.0,1271.0,,guo_icu,guo_icu,clinicalbert_type3_max_pool,rf,0,24,brier,0.2780805105547373
4296,1272.0,1272.0,,guo_icu,guo_icu,clinicalbert_type3_max_pool,rf,1,24,auroc,0.5572504821600771
4297,1273.0,1273.0,,guo_icu,guo_icu,clinicalbert_type3_max_pool,rf,1,24,auprc,0.0500585506820367
4298,1274.0,1274.0,,guo_icu,guo_icu,clinicalbert_type3_max_pool,rf,1,24,brier,0.2775576828669612
4299,1275.0,1275.0,,guo_icu,guo_icu,clinicalbert_type3_max_pool,rf,2,24,auroc,0.6365055448408872
4300,1276.0,1276.0,,guo_icu,guo_icu,clinicalbert_type3_max_pool,rf,2,24,auprc,0.0812849042010966
4301,1277.0,1277.0,,guo_icu,guo_icu,clinicalbert_type3_max_pool,rf,2,24,brier,0.2751414825724104
4302,1278.0,1278.0,,guo_icu,guo_icu,clinicalbert_type3_max_pool,rf,3,24,auroc,0.6561475409836066
4303,1279.0,1279.0,,guo_icu,guo_icu,clinicalbert_type3_max_pool,rf,3,24,auprc,0.0958961333047837
4304,1280.0,1280.0,,guo_icu,guo_icu,clinicalbert_type3_max_pool,rf,3,24,brier,0.2410813287514318
4305,1281.0,1281.0,,guo_icu,guo_icu,clinicalbert_type3_max_pool,rf,4,24,auroc,0.5474777000964319
4306,1282.0,1282.0,,guo_icu,guo_icu,clinicalbert_type3_max_pool,rf,4,24,auprc,0.0464920419766717
4307,1283.0,1283.0,,guo_icu,guo_icu,clinicalbert_type3_max_pool,rf,4,24,brier,0.2359548355424644
4308,1284.0,1284.0,,guo_icu,guo_icu,clinicalbert_type3_max_pool,rf,0,32,auroc,0.6819370781099325
4309,1285.0,1285.0,,guo_icu,guo_icu,clinicalbert_type3_max_pool,rf,0,32,auprc,0.0779466413202958
4310,1286.0,1286.0,,guo_icu,guo_icu,clinicalbert_type3_max_pool,rf,0,32,brier,0.2305470790378006
4311,1287.0,1287.0,,guo_icu,guo_icu,clinicalbert_type3_max_pool,rf,1,32,auroc,0.5433070154291224
4312,1288.0,1288.0,,guo_icu,guo_icu,clinicalbert_type3_max_pool,rf,1,32,auprc,0.0532590758193469
4313,1289.0,1289.0,,guo_icu,guo_icu,clinicalbert_type3_max_pool,rf,1,32,brier,0.2434947344536182
4314,1290.0,1290.0,,guo_icu,guo_icu,clinicalbert_type3_max_pool,rf,2,32,auroc,0.6646697203471553
4315,1291.0,1291.0,,guo_icu,guo_icu,clinicalbert_type3_max_pool,rf,2,32,auprc,0.1125052195102509
4316,1292.0,1292.0,,guo_icu,guo_icu,clinicalbert_type3_max_pool,rf,2,32,brier,0.2487406971035837
4317,1293.0,1293.0,,guo_icu,guo_icu,clinicalbert_type3_max_pool,rf,3,32,auroc,0.6116803278688524
4318,1294.0,1294.0,,guo_icu,guo_icu,clinicalbert_type3_max_pool,rf,3,32,auprc,0.079117785053609
4319,1295.0,1295.0,,guo_icu,guo_icu,clinicalbert_type3_max_pool,rf,3,32,brier,0.2301129223091289
4320,1296.0,1296.0,,guo_icu,guo_icu,clinicalbert_type3_max_pool,rf,4,32,auroc,0.5726886451301832
4321,1297.0,1297.0,,guo_icu,guo_icu,clinicalbert_type3_max_pool,rf,4,32,auprc,0.0475838549936647
4322,1298.0,1298.0,,guo_icu,guo_icu,clinicalbert_type3_max_pool,rf,4,32,brier,0.2653191350638193
4323,1299.0,1299.0,,guo_icu,guo_icu,clinicalbert_type3_max_pool,rf,0,48,auroc,0.7094804725168755
4324,1300.0,1300.0,,guo_icu,guo_icu,clinicalbert_type3_max_pool,rf,0,48,auprc,0.0958258261605188
4325,1301.0,1301.0,,guo_icu,guo_icu,clinicalbert_type3_max_pool,rf,0,48,brier,0.2408505004636448
4326,1302.0,1302.0,,guo_icu,guo_icu,clinicalbert_type3_max_pool,rf,1,48,auroc,0.554179725168756
4327,1303.0,1303.0,,guo_icu,guo_icu,clinicalbert_type3_max_pool,rf,1,48,auprc,0.0523995980583737
4328,1304.0,1304.0,,guo_icu,guo_icu,clinicalbert_type3_max_pool,rf,1,48,brier,0.2446108492881688
4329,1305.0,1305.0,,guo_icu,guo_icu,clinicalbert_type3_max_pool,rf,2,48,auroc,0.6340977579556412
4330,1306.0,1306.0,,guo_icu,guo_icu,clinicalbert_type3_max_pool,rf,2,48,auprc,0.0944528321081465
4331,1307.0,1307.0,,guo_icu,guo_icu,clinicalbert_type3_max_pool,rf,2,48,brier,0.2460831124202258
4332,1308.0,1308.0,,guo_icu,guo_icu,clinicalbert_type3_max_pool,rf,3,48,auroc,0.6573770491803278
4333,1309.0,1309.0,,guo_icu,guo_icu,clinicalbert_type3_max_pool,rf,3,48,auprc,0.0856945256887791
4334,1310.0,1310.0,,guo_icu,guo_icu,clinicalbert_type3_max_pool,rf,3,48,brier,0.2504833955046451
4335,1311.0,1311.0,,guo_icu,guo_icu,clinicalbert_type3_max_pool,rf,4,48,auroc,0.5300114513018321
4336,1312.0,1312.0,,guo_icu,guo_icu,clinicalbert_type3_max_pool,rf,4,48,auprc,0.0669988455721976
4337,1313.0,1313.0,,guo_icu,guo_icu,clinicalbert_type3_max_pool,rf,4,48,brier,0.2541090139626879
4338,1314.0,1314.0,,guo_icu,guo_icu,clinicalbert_type3_max_pool,rf,0,64,auroc,0.7064699855351978
4339,1315.0,1315.0,,guo_icu,guo_icu,clinicalbert_type3_max_pool,rf,0,64,auprc,0.0971245743411462
4340,1316.0,1316.0,,guo_icu,guo_icu,clinicalbert_type3_max_pool,rf,0,64,brier,0.2355275405007363
4341,1317.0,1317.0,,guo_icu,guo_icu,clinicalbert_type3_max_pool,rf,1,64,auroc,0.595874517839923
4342,1318.0,1318.0,,guo_icu,guo_icu,clinicalbert_type3_max_pool,rf,1,64,auprc,0.0566654403481319
4343,1319.0,1319.0,,guo_icu,guo_icu,clinicalbert_type3_max_pool,rf,1,64,brier,0.2148901325478645
4344,1320.0,1320.0,,guo_icu,guo_icu,clinicalbert_type3_max_pool,rf,2,64,auroc,0.6759703471552555
4345,1321.0,1321.0,,guo_icu,guo_icu,clinicalbert_type3_max_pool,rf,2,64,auprc,0.0927887005960587
4346,1322.0,1322.0,,guo_icu,guo_icu,clinicalbert_type3_max_pool,rf,2,64,brier,0.2330351246572485
4347,1323.0,1323.0,,guo_icu,guo_icu,clinicalbert_type3_max_pool,rf,3,64,auroc,0.6487945998071358
4348,1324.0,1324.0,,guo_icu,guo_icu,clinicalbert_type3_max_pool,rf,3,64,auprc,0.0779987669743386
4349,1325.0,1325.0,,guo_icu,guo_icu,clinicalbert_type3_max_pool,rf,3,64,brier,0.2400218146522232
4350,1326.0,1326.0,,guo_icu,guo_icu,clinicalbert_type3_max_pool,rf,4,64,auroc,0.5627410800385728
4351,1327.0,1327.0,,guo_icu,guo_icu,clinicalbert_type3_max_pool,rf,4,64,auprc,0.0672221452817357
4352,1328.0,1328.0,,guo_icu,guo_icu,clinicalbert_type3_max_pool,rf,4,64,brier,0.2478631320569465
4353,1329.0,1329.0,,guo_icu,guo_icu,clinicalbert_type3_max_pool,rf,0,128,auroc,0.743165380906461
4354,1330.0,1330.0,,guo_icu,guo_icu,clinicalbert_type3_max_pool,rf,0,128,auprc,0.1253440549384747
4355,1331.0,1331.0,,guo_icu,guo_icu,clinicalbert_type3_max_pool,rf,0,128,brier,0.2061421698576337
4356,1332.0,1332.0,,guo_icu,guo_icu,clinicalbert_type3_max_pool,rf,1,128,auroc,0.6781249999999999
4357,1333.0,1333.0,,guo_icu,guo_icu,clinicalbert_type3_max_pool,rf,1,128,auprc,0.0819053967589054
4358,1334.0,1334.0,,guo_icu,guo_icu,clinicalbert_type3_max_pool,rf,1,128,brier,0.2120540555282823
4359,1335.0,1335.0,,guo_icu,guo_icu,clinicalbert_type3_max_pool,rf,2,128,auroc,0.6531159594985535
4360,1336.0,1336.0,,guo_icu,guo_icu,clinicalbert_type3_max_pool,rf,2,128,auprc,0.0875131954699786
4361,1337.0,1337.0,,guo_icu,guo_icu,clinicalbert_type3_max_pool,rf,2,128,brier,0.2377101367389315
4362,1338.0,1338.0,,guo_icu,guo_icu,clinicalbert_type3_max_pool,rf,3,128,auroc,0.7190634040501447
4363,1339.0,1339.0,,guo_icu,guo_icu,clinicalbert_type3_max_pool,rf,3,128,auprc,0.113857470281375
4364,1340.0,1340.0,,guo_icu,guo_icu,clinicalbert_type3_max_pool,rf,3,128,brier,0.2100075437735231
4365,1341.0,1341.0,,guo_icu,guo_icu,clinicalbert_type3_max_pool,rf,4,128,auroc,0.710447806171649
4366,1342.0,1342.0,,guo_icu,guo_icu,clinicalbert_type3_max_pool,rf,4,128,auprc,0.0958253320628981
4367,1343.0,1343.0,,guo_icu,guo_icu,clinicalbert_type3_max_pool,rf,4,128,brier,0.2025570446735395
4368,1344.0,1344.0,,guo_icu,guo_icu,clinicalbert_type3_mean_pool,lr_lbfgs,0,-1,auroc,0.7370781099324976
4369,1345.0,1345.0,,guo_icu,guo_icu,clinicalbert_type3_mean_pool,lr_lbfgs,0,-1,auprc,0.1164010410996358
4370,1346.0,1346.0,,guo_icu,guo_icu,clinicalbert_type3_mean_pool,lr_lbfgs,0,-1,brier,0.0393872237611633
4371,1347.0,1347.0,,guo_icu,guo_icu,clinicalbert_type3_mean_pool,lr_lbfgs,0,1,auroc,0.5052495178399229
4372,1348.0,1348.0,,guo_icu,guo_icu,clinicalbert_type3_mean_pool,lr_lbfgs,0,1,auprc,0.0470509659869887
4373,1349.0,1349.0,,guo_icu,guo_icu,clinicalbert_type3_mean_pool,lr_lbfgs,0,1,brier,0.2499975684411803
4374,1350.0,1350.0,,guo_icu,guo_icu,clinicalbert_type3_mean_pool,lr_lbfgs,1,1,auroc,0.5105954676952749
4375,1351.0,1351.0,,guo_icu,guo_icu,clinicalbert_type3_mean_pool,lr_lbfgs,1,1,auprc,0.0452659655257704
4376,1352.0,1352.0,,guo_icu,guo_icu,clinicalbert_type3_mean_pool,lr_lbfgs,1,1,brier,0.250000243597192
4377,1353.0,1353.0,,guo_icu,guo_icu,clinicalbert_type3_mean_pool,lr_lbfgs,2,1,auroc,0.598662005785921
4378,1354.0,1354.0,,guo_icu,guo_icu,clinicalbert_type3_mean_pool,lr_lbfgs,2,1,auprc,0.0644191692135815
4379,1355.0,1355.0,,guo_icu,guo_icu,clinicalbert_type3_mean_pool,lr_lbfgs,2,1,brier,0.2499974075281358
4380,1356.0,1356.0,,guo_icu,guo_icu,clinicalbert_type3_mean_pool,lr_lbfgs,3,1,auroc,0.5987102217936355
4381,1357.0,1357.0,,guo_icu,guo_icu,clinicalbert_type3_mean_pool,lr_lbfgs,3,1,auprc,0.0729750196782734
4382,1358.0,1358.0,,guo_icu,guo_icu,clinicalbert_type3_mean_pool,lr_lbfgs,3,1,brier,0.2499989702521818
4383,1359.0,1359.0,,guo_icu,guo_icu,clinicalbert_type3_mean_pool,lr_lbfgs,4,1,auroc,0.5101735776277725
4384,1360.0,1360.0,,guo_icu,guo_icu,clinicalbert_type3_mean_pool,lr_lbfgs,4,1,auprc,0.0478914681905903
4385,1361.0,1361.0,,guo_icu,guo_icu,clinicalbert_type3_mean_pool,lr_lbfgs,4,1,brier,0.2500062770323192
4386,1362.0,1362.0,,guo_icu,guo_icu,clinicalbert_type3_mean_pool,lr_lbfgs,0,2,auroc,0.5032847155255544
4387,1363.0,1363.0,,guo_icu,guo_icu,clinicalbert_type3_mean_pool,lr_lbfgs,0,2,auprc,0.0419820959346072
4388,1364.0,1364.0,,guo_icu,guo_icu,clinicalbert_type3_mean_pool,lr_lbfgs,0,2,brier,0.2500024667753833
4389,1365.0,1365.0,,guo_icu,guo_icu,clinicalbert_type3_mean_pool,lr_lbfgs,1,2,auroc,0.5388862102217936
4390,1366.0,1366.0,,guo_icu,guo_icu,clinicalbert_type3_mean_pool,lr_lbfgs,1,2,auprc,0.045582020554793
4391,1367.0,1367.0,,guo_icu,guo_icu,clinicalbert_type3_mean_pool,lr_lbfgs,1,2,brier,0.2500007567253074
4392,1368.0,1368.0,,guo_icu,guo_icu,clinicalbert_type3_mean_pool,lr_lbfgs,2,2,auroc,0.5968297974927677
4393,1369.0,1369.0,,guo_icu,guo_icu,clinicalbert_type3_mean_pool,lr_lbfgs,2,2,auprc,0.0550824843825129
4394,1370.0,1370.0,,guo_icu,guo_icu,clinicalbert_type3_mean_pool,lr_lbfgs,2,2,brier,0.2500011222567985
4395,1371.0,1371.0,,guo_icu,guo_icu,clinicalbert_type3_mean_pool,lr_lbfgs,3,2,auroc,0.6193466730954678
4396,1372.0,1372.0,,guo_icu,guo_icu,clinicalbert_type3_mean_pool,lr_lbfgs,3,2,auprc,0.0631938356169827
4397,1373.0,1373.0,,guo_icu,guo_icu,clinicalbert_type3_mean_pool,lr_lbfgs,3,2,brier,0.2500001296277409
4398,1374.0,1374.0,,guo_icu,guo_icu,clinicalbert_type3_mean_pool,lr_lbfgs,4,2,auroc,0.5002169720347155
4399,1375.0,1375.0,,guo_icu,guo_icu,clinicalbert_type3_mean_pool,lr_lbfgs,4,2,auprc,0.043477689086204
4400,1376.0,1376.0,,guo_icu,guo_icu,clinicalbert_type3_mean_pool,lr_lbfgs,4,2,brier,0.2500093223430227
4401,1377.0,1377.0,,guo_icu,guo_icu,clinicalbert_type3_mean_pool,lr_lbfgs,0,4,auroc,0.5351796046287368
4402,1378.0,1378.0,,guo_icu,guo_icu,clinicalbert_type3_mean_pool,lr_lbfgs,0,4,auprc,0.0477835468252463
4403,1379.0,1379.0,,guo_icu,guo_icu,clinicalbert_type3_mean_pool,lr_lbfgs,0,4,brier,0.2500021651310481
4404,1380.0,1380.0,,guo_icu,guo_icu,clinicalbert_type3_mean_pool,lr_lbfgs,1,4,auroc,0.4633076181292189
4405,1381.0,1381.0,,guo_icu,guo_icu,clinicalbert_type3_mean_pool,lr_lbfgs,1,4,auprc,0.0363041821400362
4406,1382.0,1382.0,,guo_icu,guo_icu,clinicalbert_type3_mean_pool,lr_lbfgs,1,4,brier,0.545869386588881
4407,1383.0,1383.0,,guo_icu,guo_icu,clinicalbert_type3_mean_pool,lr_lbfgs,2,4,auroc,0.5488729508196721
4408,1384.0,1384.0,,guo_icu,guo_icu,clinicalbert_type3_mean_pool,lr_lbfgs,2,4,auprc,0.0636614168208739
4409,1385.0,1385.0,,guo_icu,guo_icu,clinicalbert_type3_mean_pool,lr_lbfgs,2,4,brier,0.2500004267069617
4410,1386.0,1386.0,,guo_icu,guo_icu,clinicalbert_type3_mean_pool,lr_lbfgs,3,4,auroc,0.6490597878495661
4411,1387.0,1387.0,,guo_icu,guo_icu,clinicalbert_type3_mean_pool,lr_lbfgs,3,4,auprc,0.0829166270570536
4412,1388.0,1388.0,,guo_icu,guo_icu,clinicalbert_type3_mean_pool,lr_lbfgs,3,4,brier,0.2500004310582058
4413,1389.0,1389.0,,guo_icu,guo_icu,clinicalbert_type3_mean_pool,lr_lbfgs,4,4,auroc,0.4643322082931533
4414,1390.0,1390.0,,guo_icu,guo_icu,clinicalbert_type3_mean_pool,lr_lbfgs,4,4,auprc,0.039318915323398
4415,1391.0,1391.0,,guo_icu,guo_icu,clinicalbert_type3_mean_pool,lr_lbfgs,4,4,brier,0.250001843043113
4416,1392.0,1392.0,,guo_icu,guo_icu,clinicalbert_type3_mean_pool,lr_lbfgs,0,8,auroc,0.4545925747348119
4417,1393.0,1393.0,,guo_icu,guo_icu,clinicalbert_type3_mean_pool,lr_lbfgs,0,8,auprc,0.0366140750438875
4418,1394.0,1394.0,,guo_icu,guo_icu,clinicalbert_type3_mean_pool,lr_lbfgs,0,8,brier,0.2903177700866909
4419,1395.0,1395.0,,guo_icu,guo_icu,clinicalbert_type3_mean_pool,lr_lbfgs,1,8,auroc,0.6014494937319191
4420,1396.0,1396.0,,guo_icu,guo_icu,clinicalbert_type3_mean_pool,lr_lbfgs,1,8,auprc,0.0547476554626495
4421,1397.0,1397.0,,guo_icu,guo_icu,clinicalbert_type3_mean_pool,lr_lbfgs,1,8,brier,0.5666899571000809
4422,1398.0,1398.0,,guo_icu,guo_icu,clinicalbert_type3_mean_pool,lr_lbfgs,2,8,auroc,0.5486800867888139
4423,1399.0,1399.0,,guo_icu,guo_icu,clinicalbert_type3_mean_pool,lr_lbfgs,2,8,auprc,0.0546219138294188
4424,1400.0,1400.0,,guo_icu,guo_icu,clinicalbert_type3_mean_pool,lr_lbfgs,2,8,brier,0.263048578836441
4425,1401.0,1401.0,,guo_icu,guo_icu,clinicalbert_type3_mean_pool,lr_lbfgs,3,8,auroc,0.563271456123433
4426,1402.0,1402.0,,guo_icu,guo_icu,clinicalbert_type3_mean_pool,lr_lbfgs,3,8,auprc,0.0551285323192904
4427,1403.0,1403.0,,guo_icu,guo_icu,clinicalbert_type3_mean_pool,lr_lbfgs,3,8,brier,0.2499986767522021
4428,1404.0,1404.0,,guo_icu,guo_icu,clinicalbert_type3_mean_pool,lr_lbfgs,4,8,auroc,0.5323710221793635
4429,1405.0,1405.0,,guo_icu,guo_icu,clinicalbert_type3_mean_pool,lr_lbfgs,4,8,auprc,0.0504217375037894
4430,1406.0,1406.0,,guo_icu,guo_icu,clinicalbert_type3_mean_pool,lr_lbfgs,4,8,brier,0.2500005822562984
4431,1407.0,1407.0,,guo_icu,guo_icu,clinicalbert_type3_mean_pool,lr_lbfgs,0,12,auroc,0.5943587270973963
4432,1408.0,1408.0,,guo_icu,guo_icu,clinicalbert_type3_mean_pool,lr_lbfgs,0,12,auprc,0.0616437089190814
4433,1409.0,1409.0,,guo_icu,guo_icu,clinicalbert_type3_mean_pool,lr_lbfgs,0,12,brier,0.2751532204055962
4434,1410.0,1410.0,,guo_icu,guo_icu,clinicalbert_type3_mean_pool,lr_lbfgs,1,12,auroc,0.5558431774349084
4435,1411.0,1411.0,,guo_icu,guo_icu,clinicalbert_type3_mean_pool,lr_lbfgs,1,12,auprc,0.0501378745461316
4436,1412.0,1412.0,,guo_icu,guo_icu,clinicalbert_type3_mean_pool,lr_lbfgs,1,12,brier,0.4038058620430683
4437,1413.0,1413.0,,guo_icu,guo_icu,clinicalbert_type3_mean_pool,lr_lbfgs,2,12,auroc,0.5996383799421408
4438,1414.0,1414.0,,guo_icu,guo_icu,clinicalbert_type3_mean_pool,lr_lbfgs,2,12,auprc,0.0626728973196863
4439,1415.0,1415.0,,guo_icu,guo_icu,clinicalbert_type3_mean_pool,lr_lbfgs,2,12,brier,0.278070906433837
4440,1416.0,1416.0,,guo_icu,guo_icu,clinicalbert_type3_mean_pool,lr_lbfgs,3,12,auroc,0.6691055930568949
4441,1417.0,1417.0,,guo_icu,guo_icu,clinicalbert_type3_mean_pool,lr_lbfgs,3,12,auprc,0.1090260517988106
4442,1418.0,1418.0,,guo_icu,guo_icu,clinicalbert_type3_mean_pool,lr_lbfgs,3,12,brier,0.2303313558424871
4443,1419.0,1419.0,,guo_icu,guo_icu,clinicalbert_type3_mean_pool,lr_lbfgs,4,12,auroc,0.6174300867888138
4444,1420.0,1420.0,,guo_icu,guo_icu,clinicalbert_type3_mean_pool,lr_lbfgs,4,12,auprc,0.075299848994637
4445,1421.0,1421.0,,guo_icu,guo_icu,clinicalbert_type3_mean_pool,lr_lbfgs,4,12,brier,0.2379018235126783
4446,1422.0,1422.0,,guo_icu,guo_icu,clinicalbert_type3_mean_pool,lr_lbfgs,0,16,auroc,0.5900042189006751
4447,1423.0,1423.0,,guo_icu,guo_icu,clinicalbert_type3_mean_pool,lr_lbfgs,0,16,auprc,0.0568283243346244
4448,1424.0,1424.0,,guo_icu,guo_icu,clinicalbert_type3_mean_pool,lr_lbfgs,0,16,brier,0.4040852962051885
4449,1425.0,1425.0,,guo_icu,guo_icu,clinicalbert_type3_mean_pool,lr_lbfgs,1,16,auroc,0.5424541947926712
4450,1426.0,1426.0,,guo_icu,guo_icu,clinicalbert_type3_mean_pool,lr_lbfgs,1,16,auprc,0.0474494402203582
4451,1427.0,1427.0,,guo_icu,guo_icu,clinicalbert_type3_mean_pool,lr_lbfgs,1,16,brier,0.5042130706504513
4452,1428.0,1428.0,,guo_icu,guo_icu,clinicalbert_type3_mean_pool,lr_lbfgs,2,16,auroc,0.6057768804243009
4453,1429.0,1429.0,,guo_icu,guo_icu,clinicalbert_type3_mean_pool,lr_lbfgs,2,16,auprc,0.0774941786519564
4454,1430.0,1430.0,,guo_icu,guo_icu,clinicalbert_type3_mean_pool,lr_lbfgs,2,16,brier,0.4414553290433627
4455,1431.0,1431.0,,guo_icu,guo_icu,clinicalbert_type3_mean_pool,lr_lbfgs,3,16,auroc,0.712481918997107
4456,1432.0,1432.0,,guo_icu,guo_icu,clinicalbert_type3_mean_pool,lr_lbfgs,3,16,auprc,0.1184185911660305
4457,1433.0,1433.0,,guo_icu,guo_icu,clinicalbert_type3_mean_pool,lr_lbfgs,3,16,brier,0.2377277691008145
4458,1434.0,1434.0,,guo_icu,guo_icu,clinicalbert_type3_mean_pool,lr_lbfgs,4,16,auroc,0.5481768322082932
4459,1435.0,1435.0,,guo_icu,guo_icu,clinicalbert_type3_mean_pool,lr_lbfgs,4,16,auprc,0.0675695357174879
4460,1436.0,1436.0,,guo_icu,guo_icu,clinicalbert_type3_mean_pool,lr_lbfgs,4,16,brier,0.3556083296210087
4461,1437.0,1437.0,,guo_icu,guo_icu,clinicalbert_type3_mean_pool,lr_lbfgs,0,24,auroc,0.5768563162970106
4462,1438.0,1438.0,,guo_icu,guo_icu,clinicalbert_type3_mean_pool,lr_lbfgs,0,24,auprc,0.0602667601818401
4463,1439.0,1439.0,,guo_icu,guo_icu,clinicalbert_type3_mean_pool,lr_lbfgs,0,24,brier,0.4391434215243732
4464,1440.0,1440.0,,guo_icu,guo_icu,clinicalbert_type3_mean_pool,lr_lbfgs,1,24,auroc,0.5423668032786885
4465,1441.0,1441.0,,guo_icu,guo_icu,clinicalbert_type3_mean_pool,lr_lbfgs,1,24,auprc,0.0454866650042842
4466,1442.0,1442.0,,guo_icu,guo_icu,clinicalbert_type3_mean_pool,lr_lbfgs,1,24,brier,0.4650753938870081
4467,1443.0,1443.0,,guo_icu,guo_icu,clinicalbert_type3_mean_pool,lr_lbfgs,2,24,auroc,0.6766092092574735
4468,1444.0,1444.0,,guo_icu,guo_icu,clinicalbert_type3_mean_pool,lr_lbfgs,2,24,auprc,0.0876836126451161
4469,1445.0,1445.0,,guo_icu,guo_icu,clinicalbert_type3_mean_pool,lr_lbfgs,2,24,brier,0.3040967256345476
4470,1446.0,1446.0,,guo_icu,guo_icu,clinicalbert_type3_mean_pool,lr_lbfgs,3,24,auroc,0.7107099807135969
4471,1447.0,1447.0,,guo_icu,guo_icu,clinicalbert_type3_mean_pool,lr_lbfgs,3,24,auprc,0.1200053467642919
4472,1448.0,1448.0,,guo_icu,guo_icu,clinicalbert_type3_mean_pool,lr_lbfgs,3,24,brier,0.2471008425017083
4473,1449.0,1449.0,,guo_icu,guo_icu,clinicalbert_type3_mean_pool,lr_lbfgs,4,24,auroc,0.6195515911282545
4474,1450.0,1450.0,,guo_icu,guo_icu,clinicalbert_type3_mean_pool,lr_lbfgs,4,24,auprc,0.1015718347591583
4475,1451.0,1451.0,,guo_icu,guo_icu,clinicalbert_type3_mean_pool,lr_lbfgs,4,24,brier,0.2194736038320044
4476,1452.0,1452.0,,guo_icu,guo_icu,clinicalbert_type3_mean_pool,lr_lbfgs,0,32,auroc,0.5817442140790743
4477,1453.0,1453.0,,guo_icu,guo_icu,clinicalbert_type3_mean_pool,lr_lbfgs,0,32,auprc,0.0559882104253837
4478,1454.0,1454.0,,guo_icu,guo_icu,clinicalbert_type3_mean_pool,lr_lbfgs,0,32,brier,0.4132891708246919
4479,1455.0,1455.0,,guo_icu,guo_icu,clinicalbert_type3_mean_pool,lr_lbfgs,1,32,auroc,0.5959679363548698
4480,1456.0,1456.0,,guo_icu,guo_icu,clinicalbert_type3_mean_pool,lr_lbfgs,1,32,auprc,0.0586308453151683
4481,1457.0,1457.0,,guo_icu,guo_icu,clinicalbert_type3_mean_pool,lr_lbfgs,1,32,brier,0.3023987064695443
4482,1458.0,1458.0,,guo_icu,guo_icu,clinicalbert_type3_mean_pool,lr_lbfgs,2,32,auroc,0.720238669238187
4483,1459.0,1459.0,,guo_icu,guo_icu,clinicalbert_type3_mean_pool,lr_lbfgs,2,32,auprc,0.1012416268056328
4484,1460.0,1460.0,,guo_icu,guo_icu,clinicalbert_type3_mean_pool,lr_lbfgs,2,32,brier,0.2385950082869276
4485,1461.0,1461.0,,guo_icu,guo_icu,clinicalbert_type3_mean_pool,lr_lbfgs,3,32,auroc,0.6475409836065573
4486,1462.0,1462.0,,guo_icu,guo_icu,clinicalbert_type3_mean_pool,lr_lbfgs,3,32,auprc,0.0781585123673283
4487,1463.0,1463.0,,guo_icu,guo_icu,clinicalbert_type3_mean_pool,lr_lbfgs,3,32,brier,0.264396690707785
4488,1464.0,1464.0,,guo_icu,guo_icu,clinicalbert_type3_mean_pool,lr_lbfgs,4,32,auroc,0.651000482160077
4489,1465.0,1465.0,,guo_icu,guo_icu,clinicalbert_type3_mean_pool,lr_lbfgs,4,32,auprc,0.1040902982596004
4490,1466.0,1466.0,,guo_icu,guo_icu,clinicalbert_type3_mean_pool,lr_lbfgs,4,32,brier,0.2367016526322951
4491,1467.0,1467.0,,guo_icu,guo_icu,clinicalbert_type3_mean_pool,lr_lbfgs,0,48,auroc,0.6900192864030859
4492,1468.0,1468.0,,guo_icu,guo_icu,clinicalbert_type3_mean_pool,lr_lbfgs,0,48,auprc,0.1324423474343375
4493,1469.0,1469.0,,guo_icu,guo_icu,clinicalbert_type3_mean_pool,lr_lbfgs,0,48,brier,0.2409533827467654
4494,1470.0,1470.0,,guo_icu,guo_icu,clinicalbert_type3_mean_pool,lr_lbfgs,1,48,auroc,0.5953652362584377
4495,1471.0,1471.0,,guo_icu,guo_icu,clinicalbert_type3_mean_pool,lr_lbfgs,1,48,auprc,0.0521234900027252
4496,1472.0,1472.0,,guo_icu,guo_icu,clinicalbert_type3_mean_pool,lr_lbfgs,1,48,brier,0.2758454783881638
4497,1473.0,1473.0,,guo_icu,guo_icu,clinicalbert_type3_mean_pool,lr_lbfgs,2,48,auroc,0.6447926711668274
4498,1474.0,1474.0,,guo_icu,guo_icu,clinicalbert_type3_mean_pool,lr_lbfgs,2,48,auprc,0.0710303909358225
4499,1475.0,1475.0,,guo_icu,guo_icu,clinicalbert_type3_mean_pool,lr_lbfgs,2,48,brier,0.3935395121522332
4500,1476.0,1476.0,,guo_icu,guo_icu,clinicalbert_type3_mean_pool,lr_lbfgs,3,48,auroc,0.6351916586306654
4501,1477.0,1477.0,,guo_icu,guo_icu,clinicalbert_type3_mean_pool,lr_lbfgs,3,48,auprc,0.0846840817811974
4502,1478.0,1478.0,,guo_icu,guo_icu,clinicalbert_type3_mean_pool,lr_lbfgs,3,48,brier,0.2644601003645793
4503,1479.0,1479.0,,guo_icu,guo_icu,clinicalbert_type3_mean_pool,lr_lbfgs,4,48,auroc,0.6349023625843779
4504,1480.0,1480.0,,guo_icu,guo_icu,clinicalbert_type3_mean_pool,lr_lbfgs,4,48,auprc,0.0915328935292166
4505,1481.0,1481.0,,guo_icu,guo_icu,clinicalbert_type3_mean_pool,lr_lbfgs,4,48,brier,0.2179425936148864
4506,1482.0,1482.0,,guo_icu,guo_icu,clinicalbert_type3_mean_pool,lr_lbfgs,0,64,auroc,0.7234691417550627
4507,1483.0,1483.0,,guo_icu,guo_icu,clinicalbert_type3_mean_pool,lr_lbfgs,0,64,auprc,0.1473552226093064
4508,1484.0,1484.0,,guo_icu,guo_icu,clinicalbert_type3_mean_pool,lr_lbfgs,0,64,brier,0.2309483090147605
4509,1485.0,1485.0,,guo_icu,guo_icu,clinicalbert_type3_mean_pool,lr_lbfgs,1,64,auroc,0.6346853905496624
4510,1486.0,1486.0,,guo_icu,guo_icu,clinicalbert_type3_mean_pool,lr_lbfgs,1,64,auprc,0.0606848940920479
4511,1487.0,1487.0,,guo_icu,guo_icu,clinicalbert_type3_mean_pool,lr_lbfgs,1,64,brier,0.2395188473673232
4512,1488.0,1488.0,,guo_icu,guo_icu,clinicalbert_type3_mean_pool,lr_lbfgs,2,64,auroc,0.7556834619093539
4513,1489.0,1489.0,,guo_icu,guo_icu,clinicalbert_type3_mean_pool,lr_lbfgs,2,64,auprc,0.1094364336356989
4514,1490.0,1490.0,,guo_icu,guo_icu,clinicalbert_type3_mean_pool,lr_lbfgs,2,64,brier,0.2359028141561904
4515,1491.0,1491.0,,guo_icu,guo_icu,clinicalbert_type3_mean_pool,lr_lbfgs,3,64,auroc,0.6911282545805207
4516,1492.0,1492.0,,guo_icu,guo_icu,clinicalbert_type3_mean_pool,lr_lbfgs,3,64,auprc,0.0939035671348001
4517,1493.0,1493.0,,guo_icu,guo_icu,clinicalbert_type3_mean_pool,lr_lbfgs,3,64,brier,0.2586544493981447
4518,1494.0,1494.0,,guo_icu,guo_icu,clinicalbert_type3_mean_pool,lr_lbfgs,4,64,auroc,0.616604387656702
4519,1495.0,1495.0,,guo_icu,guo_icu,clinicalbert_type3_mean_pool,lr_lbfgs,4,64,auprc,0.1056864710276732
4520,1496.0,1496.0,,guo_icu,guo_icu,clinicalbert_type3_mean_pool,lr_lbfgs,4,64,brier,0.3364732662408385
4521,1497.0,1497.0,,guo_icu,guo_icu,clinicalbert_type3_mean_pool,lr_lbfgs,0,128,auroc,0.7433944069431052
4522,1498.0,1498.0,,guo_icu,guo_icu,clinicalbert_type3_mean_pool,lr_lbfgs,0,128,auprc,0.1135518749864809
4523,1499.0,1499.0,,guo_icu,guo_icu,clinicalbert_type3_mean_pool,lr_lbfgs,0,128,brier,0.2190135349016234
4524,1500.0,1500.0,,guo_icu,guo_icu,clinicalbert_type3_mean_pool,lr_lbfgs,1,128,auroc,0.7335884763741563
4525,1501.0,1501.0,,guo_icu,guo_icu,clinicalbert_type3_mean_pool,lr_lbfgs,1,128,auprc,0.0923795272856639
4526,1502.0,1502.0,,guo_icu,guo_icu,clinicalbert_type3_mean_pool,lr_lbfgs,1,128,brier,0.2224757263392665
4527,1503.0,1503.0,,guo_icu,guo_icu,clinicalbert_type3_mean_pool,lr_lbfgs,2,128,auroc,0.7362885728061717
4528,1504.0,1504.0,,guo_icu,guo_icu,clinicalbert_type3_mean_pool,lr_lbfgs,2,128,auprc,0.1042317704876476
4529,1505.0,1505.0,,guo_icu,guo_icu,clinicalbert_type3_mean_pool,lr_lbfgs,2,128,brier,0.2370573034245366
4530,1506.0,1506.0,,guo_icu,guo_icu,clinicalbert_type3_mean_pool,lr_lbfgs,3,128,auroc,0.7469985535197685
4531,1507.0,1507.0,,guo_icu,guo_icu,clinicalbert_type3_mean_pool,lr_lbfgs,3,128,auprc,0.1278974517662433
4532,1508.0,1508.0,,guo_icu,guo_icu,clinicalbert_type3_mean_pool,lr_lbfgs,3,128,brier,0.2359076088945937
4533,1509.0,1509.0,,guo_icu,guo_icu,clinicalbert_type3_mean_pool,lr_lbfgs,4,128,auroc,0.7566297010607521
4534,1510.0,1510.0,,guo_icu,guo_icu,clinicalbert_type3_mean_pool,lr_lbfgs,4,128,auprc,0.1251315867517773
4535,1511.0,1511.0,,guo_icu,guo_icu,clinicalbert_type3_mean_pool,lr_lbfgs,4,128,brier,0.2347206844762892
4536,1512.0,1512.0,,guo_icu,guo_icu,clinicalbert_type3_mean_pool,knn,0,-1,auroc,0.5865808823529413
4537,1513.0,1513.0,,guo_icu,guo_icu,clinicalbert_type3_mean_pool,knn,0,-1,auprc,0.0607951171583288
4538,1514.0,1514.0,,guo_icu,guo_icu,clinicalbert_type3_mean_pool,knn,0,-1,brier,0.0450466372115856
4539,1515.0,1515.0,,guo_icu,guo_icu,clinicalbert_type3_mean_pool,knn,0,1,auroc,0.51411824975892
4540,1516.0,1516.0,,guo_icu,guo_icu,clinicalbert_type3_mean_pool,knn,0,1,auprc,0.0429715169876319
4541,1517.0,1517.0,,guo_icu,guo_icu,clinicalbert_type3_mean_pool,knn,0,1,brier,0.284241531664212
4542,1518.0,1518.0,,guo_icu,guo_icu,clinicalbert_type3_mean_pool,knn,1,1,auroc,0.4997860414657666
4543,1519.0,1519.0,,guo_icu,guo_icu,clinicalbert_type3_mean_pool,knn,1,1,auprc,0.041710931845022
4544,1520.0,1520.0,,guo_icu,guo_icu,clinicalbert_type3_mean_pool,knn,1,1,brier,0.602847324496809
4545,1521.0,1521.0,,guo_icu,guo_icu,clinicalbert_type3_mean_pool,knn,2,1,auroc,0.544635969141755
4546,1522.0,1522.0,,guo_icu,guo_icu,clinicalbert_type3_mean_pool,knn,2,1,auprc,0.0471884652084128
4547,1523.0,1523.0,,guo_icu,guo_icu,clinicalbert_type3_mean_pool,knn,2,1,brier,0.182621502209131
4548,1524.0,1524.0,,guo_icu,guo_icu,clinicalbert_type3_mean_pool,knn,3,1,auroc,0.5561445274831244
4549,1525.0,1525.0,,guo_icu,guo_icu,clinicalbert_type3_mean_pool,knn,3,1,auprc,0.0491824875522187
4550,1526.0,1526.0,,guo_icu,guo_icu,clinicalbert_type3_mean_pool,knn,3,1,brier,0.1821305841924398
4551,1527.0,1527.0,,guo_icu,guo_icu,clinicalbert_type3_mean_pool,knn,4,1,auroc,0.4911614030858245
4552,1528.0,1528.0,,guo_icu,guo_icu,clinicalbert_type3_mean_pool,knn,4,1,auprc,0.0410352268609472
4553,1529.0,1529.0,,guo_icu,guo_icu,clinicalbert_type3_mean_pool,knn,4,1,brier,0.8242513500245459
4554,1530.0,1530.0,,guo_icu,guo_icu,clinicalbert_type3_mean_pool,knn,0,2,auroc,0.4896516393442623
4555,1531.0,1531.0,,guo_icu,guo_icu,clinicalbert_type3_mean_pool,knn,0,2,auprc,0.0409204565831518
4556,1532.0,1532.0,,guo_icu,guo_icu,clinicalbert_type3_mean_pool,knn,0,2,brier,0.3760432007854689
4557,1533.0,1533.0,,guo_icu,guo_icu,clinicalbert_type3_mean_pool,knn,1,2,auroc,0.5133588476374156
4558,1534.0,1534.0,,guo_icu,guo_icu,clinicalbert_type3_mean_pool,knn,1,2,auprc,0.0429029217490153
4559,1535.0,1535.0,,guo_icu,guo_icu,clinicalbert_type3_mean_pool,knn,1,2,brier,0.274914089347079
4560,1536.0,1536.0,,guo_icu,guo_icu,clinicalbert_type3_mean_pool,knn,2,2,auroc,0.6048336547733848
4561,1537.0,1537.0,,guo_icu,guo_icu,clinicalbert_type3_mean_pool,knn,2,2,auprc,0.0828530091390677
4562,1538.0,1538.0,,guo_icu,guo_icu,clinicalbert_type3_mean_pool,knn,2,2,brier,0.1800914368246285
4563,1539.0,1539.0,,guo_icu,guo_icu,clinicalbert_type3_mean_pool,knn,3,2,auroc,0.4969171890067502
4564,1540.0,1540.0,,guo_icu,guo_icu,clinicalbert_type3_mean_pool,knn,3,2,auprc,0.0415639107876827
4565,1541.0,1541.0,,guo_icu,guo_icu,clinicalbert_type3_mean_pool,knn,3,2,brier,0.1305841924398625
4566,1542.0,1542.0,,guo_icu,guo_icu,clinicalbert_type3_mean_pool,knn,4,2,auroc,0.5276036644165862
4567,1543.0,1543.0,,guo_icu,guo_icu,clinicalbert_type3_mean_pool,knn,4,2,auprc,0.0492627191280086
4568,1544.0,1544.0,,guo_icu,guo_icu,clinicalbert_type3_mean_pool,knn,4,2,brier,0.4548578459268398
4569,1545.0,1545.0,,guo_icu,guo_icu,clinicalbert_type3_mean_pool,knn,0,4,auroc,0.5278658389585342
4570,1546.0,1546.0,,guo_icu,guo_icu,clinicalbert_type3_mean_pool,knn,0,4,auprc,0.0446115469077752
4571,1547.0,1547.0,,guo_icu,guo_icu,clinicalbert_type3_mean_pool,knn,0,4,brier,0.337378497790869
4572,1548.0,1548.0,,guo_icu,guo_icu,clinicalbert_type3_mean_pool,knn,1,4,auroc,0.4881388621022179
4573,1549.0,1549.0,,guo_icu,guo_icu,clinicalbert_type3_mean_pool,knn,1,4,auprc,0.040826532489218
4574,1550.0,1550.0,,guo_icu,guo_icu,clinicalbert_type3_mean_pool,knn,1,4,brier,0.4634266077565047
4575,1551.0,1551.0,,guo_icu,guo_icu,clinicalbert_type3_mean_pool,knn,2,4,auroc,0.4891272902603665
4576,1552.0,1552.0,,guo_icu,guo_icu,clinicalbert_type3_mean_pool,knn,2,4,auprc,0.0408945103814721
4577,1553.0,1553.0,,guo_icu,guo_icu,clinicalbert_type3_mean_pool,knn,2,4,brier,0.5046637211585665
4578,1554.0,1554.0,,guo_icu,guo_icu,clinicalbert_type3_mean_pool,knn,3,4,auroc,0.5213988669238186
4579,1555.0,1555.0,,guo_icu,guo_icu,clinicalbert_type3_mean_pool,knn,3,4,auprc,0.0435487057274681
4580,1556.0,1556.0,,guo_icu,guo_icu,clinicalbert_type3_mean_pool,knn,3,4,brier,0.3043146239022528
4581,1557.0,1557.0,,guo_icu,guo_icu,clinicalbert_type3_mean_pool,knn,4,4,auroc,0.5013621022179363
4582,1558.0,1558.0,,guo_icu,guo_icu,clinicalbert_type3_mean_pool,knn,4,4,auprc,0.0420118916423005
4583,1559.0,1559.0,,guo_icu,guo_icu,clinicalbert_type3_mean_pool,knn,4,4,brier,0.3358861070201276
4584,1560.0,1560.0,,guo_icu,guo_icu,clinicalbert_type3_mean_pool,knn,0,8,auroc,0.5219684185149469
4585,1561.0,1561.0,,guo_icu,guo_icu,clinicalbert_type3_mean_pool,knn,0,8,auprc,0.0436963008027936
4586,1562.0,1562.0,,guo_icu,guo_icu,clinicalbert_type3_mean_pool,knn,0,8,brier,0.2504772814051165
4587,1563.0,1563.0,,guo_icu,guo_icu,clinicalbert_type3_mean_pool,knn,1,8,auroc,0.5788904291224686
4588,1564.0,1564.0,,guo_icu,guo_icu,clinicalbert_type3_mean_pool,knn,1,8,auprc,0.0498738041004018
4589,1565.0,1565.0,,guo_icu,guo_icu,clinicalbert_type3_mean_pool,knn,1,8,brier,0.5051546391752577
4590,1566.0,1566.0,,guo_icu,guo_icu,clinicalbert_type3_mean_pool,knn,2,8,auroc,0.5315091610414657
4591,1567.0,1567.0,,guo_icu,guo_icu,clinicalbert_type3_mean_pool,knn,2,8,auprc,0.0502551973430422
4592,1568.0,1568.0,,guo_icu,guo_icu,clinicalbert_type3_mean_pool,knn,2,8,brier,0.2882317061383393
4593,1569.0,1569.0,,guo_icu,guo_icu,clinicalbert_type3_mean_pool,knn,3,8,auroc,0.6554875843780136
4594,1570.0,1570.0,,guo_icu,guo_icu,clinicalbert_type3_mean_pool,knn,3,8,auprc,0.0653890381669064
4595,1571.0,1571.0,,guo_icu,guo_icu,clinicalbert_type3_mean_pool,knn,3,8,brier,0.321114929362352
4596,1572.0,1572.0,,guo_icu,guo_icu,clinicalbert_type3_mean_pool,knn,4,8,auroc,0.5636270491803279
4597,1573.0,1573.0,,guo_icu,guo_icu,clinicalbert_type3_mean_pool,knn,4,8,auprc,0.0495768061501611
4598,1574.0,1574.0,,guo_icu,guo_icu,clinicalbert_type3_mean_pool,knn,4,8,brier,0.3991359842906236
4599,1575.0,1575.0,,guo_icu,guo_icu,clinicalbert_type3_mean_pool,knn,0,12,auroc,0.5575006027000964
4600,1576.0,1576.0,,guo_icu,guo_icu,clinicalbert_type3_mean_pool,knn,0,12,auprc,0.0476073174658827
4601,1577.0,1577.0,,guo_icu,guo_icu,clinicalbert_type3_mean_pool,knn,0,12,brier,0.3951890034364261
4602,1578.0,1578.0,,guo_icu,guo_icu,clinicalbert_type3_mean_pool,knn,1,12,auroc,0.52699493731919
4603,1579.0,1579.0,,guo_icu,guo_icu,clinicalbert_type3_mean_pool,knn,1,12,auprc,0.0517440545400493
4604,1580.0,1580.0,,guo_icu,guo_icu,clinicalbert_type3_mean_pool,knn,1,12,brier,0.2426579298379323
4605,1581.0,1581.0,,guo_icu,guo_icu,clinicalbert_type3_mean_pool,knn,2,12,auroc,0.5889916827386693
4606,1582.0,1582.0,,guo_icu,guo_icu,clinicalbert_type3_mean_pool,knn,2,12,auprc,0.0599701350064696
4607,1583.0,1583.0,,guo_icu,guo_icu,clinicalbert_type3_mean_pool,knn,2,12,brier,0.2692601124440137
4608,1584.0,1584.0,,guo_icu,guo_icu,clinicalbert_type3_mean_pool,knn,3,12,auroc,0.6861228302796528
4609,1585.0,1585.0,,guo_icu,guo_icu,clinicalbert_type3_mean_pool,knn,3,12,auprc,0.0787522027937238
4610,1586.0,1586.0,,guo_icu,guo_icu,clinicalbert_type3_mean_pool,knn,3,12,brier,0.2948780886925217
4611,1587.0,1587.0,,guo_icu,guo_icu,clinicalbert_type3_mean_pool,knn,4,12,auroc,0.5002802555448409
4612,1588.0,1588.0,,guo_icu,guo_icu,clinicalbert_type3_mean_pool,knn,4,12,auprc,0.0412368627883917
4613,1589.0,1589.0,,guo_icu,guo_icu,clinicalbert_type3_mean_pool,knn,4,12,brier,0.4880510554737359
4614,1590.0,1590.0,,guo_icu,guo_icu,clinicalbert_type3_mean_pool,knn,0,16,auroc,0.5852157666345226
4615,1591.0,1591.0,,guo_icu,guo_icu,clinicalbert_type3_mean_pool,knn,0,16,auprc,0.0541642044516081
4616,1592.0,1592.0,,guo_icu,guo_icu,clinicalbert_type3_mean_pool,knn,0,16,brier,0.3116556884107885
4617,1593.0,1593.0,,guo_icu,guo_icu,clinicalbert_type3_mean_pool,knn,1,16,auroc,0.5752892960462874
4618,1594.0,1594.0,,guo_icu,guo_icu,clinicalbert_type3_mean_pool,knn,1,16,auprc,0.065549550846552
4619,1595.0,1595.0,,guo_icu,guo_icu,clinicalbert_type3_mean_pool,knn,1,16,brier,0.290878282392608
4620,1596.0,1596.0,,guo_icu,guo_icu,clinicalbert_type3_mean_pool,knn,2,16,auroc,0.547721793635487
4621,1597.0,1597.0,,guo_icu,guo_icu,clinicalbert_type3_mean_pool,knn,2,16,auprc,0.0462821018384682
4622,1598.0,1598.0,,guo_icu,guo_icu,clinicalbert_type3_mean_pool,knn,2,16,brier,0.4678448699067256
4623,1599.0,1599.0,,guo_icu,guo_icu,clinicalbert_type3_mean_pool,knn,3,16,auroc,0.6926530858244937
4624,1600.0,1600.0,,guo_icu,guo_icu,clinicalbert_type3_mean_pool,knn,3,16,auprc,0.0983637880762226
4625,1601.0,1601.0,,guo_icu,guo_icu,clinicalbert_type3_mean_pool,knn,3,16,brier,0.2211286006147798
4626,1602.0,1602.0,,guo_icu,guo_icu,clinicalbert_type3_mean_pool,knn,4,16,auroc,0.4846492285438766
4627,1603.0,1603.0,,guo_icu,guo_icu,clinicalbert_type3_mean_pool,knn,4,16,auprc,0.0400363453102031
4628,1604.0,1604.0,,guo_icu,guo_icu,clinicalbert_type3_mean_pool,knn,4,16,brier,0.5012272950417281
4629,1605.0,1605.0,,guo_icu,guo_icu,clinicalbert_type3_mean_pool,knn,0,24,auroc,0.6472818225650916
4630,1606.0,1606.0,,guo_icu,guo_icu,clinicalbert_type3_mean_pool,knn,0,24,auprc,0.0603399048012401
4631,1607.0,1607.0,,guo_icu,guo_icu,clinicalbert_type3_mean_pool,knn,0,24,brier,0.297680207375702
4632,1608.0,1608.0,,guo_icu,guo_icu,clinicalbert_type3_mean_pool,knn,1,24,auroc,0.5648595708775314
4633,1609.0,1609.0,,guo_icu,guo_icu,clinicalbert_type3_mean_pool,knn,1,24,auprc,0.0553456811768489
4634,1610.0,1610.0,,guo_icu,guo_icu,clinicalbert_type3_mean_pool,knn,1,24,brier,0.3193564739818857
4635,1611.0,1611.0,,guo_icu,guo_icu,clinicalbert_type3_mean_pool,knn,2,24,auroc,0.6200216972034716
4636,1612.0,1612.0,,guo_icu,guo_icu,clinicalbert_type3_mean_pool,knn,2,24,auprc,0.0635384127314445
4637,1613.0,1613.0,,guo_icu,guo_icu,clinicalbert_type3_mean_pool,knn,2,24,brier,0.2641746729883717
4638,1614.0,1614.0,,guo_icu,guo_icu,clinicalbert_type3_mean_pool,knn,3,24,auroc,0.6334679363548699
4639,1615.0,1615.0,,guo_icu,guo_icu,clinicalbert_type3_mean_pool,knn,3,24,auprc,0.0714523166566047
4640,1616.0,1616.0,,guo_icu,guo_icu,clinicalbert_type3_mean_pool,knn,3,24,brier,0.2557222380249006
4641,1617.0,1617.0,,guo_icu,guo_icu,clinicalbert_type3_mean_pool,knn,4,24,auroc,0.5840525554484088
4642,1618.0,1618.0,,guo_icu,guo_icu,clinicalbert_type3_mean_pool,knn,4,24,auprc,0.054649896025943
4643,1619.0,1619.0,,guo_icu,guo_icu,clinicalbert_type3_mean_pool,knn,4,24,brier,0.3277150493645338
4644,1620.0,1620.0,,guo_icu,guo_icu,clinicalbert_type3_mean_pool,knn,0,32,auroc,0.6376054725168756
4645,1621.0,1621.0,,guo_icu,guo_icu,clinicalbert_type3_mean_pool,knn,0,32,auprc,0.0595106888765917
4646,1622.0,1622.0,,guo_icu,guo_icu,clinicalbert_type3_mean_pool,knn,0,32,brier,0.3109834515726417
4647,1623.0,1623.0,,guo_icu,guo_icu,clinicalbert_type3_mean_pool,knn,1,32,auroc,0.5830550867888138
4648,1624.0,1624.0,,guo_icu,guo_icu,clinicalbert_type3_mean_pool,knn,1,32,auprc,0.0578630079407359
4649,1625.0,1625.0,,guo_icu,guo_icu,clinicalbert_type3_mean_pool,knn,1,32,brier,0.3348566098667471
4650,1626.0,1626.0,,guo_icu,guo_icu,clinicalbert_type3_mean_pool,knn,2,32,auroc,0.6203381147540983
4651,1627.0,1627.0,,guo_icu,guo_icu,clinicalbert_type3_mean_pool,knn,2,32,auprc,0.0616708522798283
4652,1628.0,1628.0,,guo_icu,guo_icu,clinicalbert_type3_mean_pool,knn,2,32,brier,0.2670939931010034
4653,1629.0,1629.0,,guo_icu,guo_icu,clinicalbert_type3_mean_pool,knn,3,32,auroc,0.6293213596914176
4654,1630.0,1630.0,,guo_icu,guo_icu,clinicalbert_type3_mean_pool,knn,3,32,auprc,0.0683051642242869
4655,1631.0,1631.0,,guo_icu,guo_icu,clinicalbert_type3_mean_pool,knn,3,32,brier,0.2646667253949861
4656,1632.0,1632.0,,guo_icu,guo_icu,clinicalbert_type3_mean_pool,knn,4,32,auroc,0.5703561957569913
4657,1633.0,1633.0,,guo_icu,guo_icu,clinicalbert_type3_mean_pool,knn,4,32,auprc,0.055402841462633
4658,1634.0,1634.0,,guo_icu,guo_icu,clinicalbert_type3_mean_pool,knn,4,32,brier,0.3014236622484045
4659,1635.0,1635.0,,guo_icu,guo_icu,clinicalbert_type3_mean_pool,knn,0,48,auroc,0.700885969141755
4660,1636.0,1636.0,,guo_icu,guo_icu,clinicalbert_type3_mean_pool,knn,0,48,auprc,0.0776107734169572
4661,1637.0,1637.0,,guo_icu,guo_icu,clinicalbert_type3_mean_pool,knn,0,48,brier,0.266622724994673
4662,1638.0,1638.0,,guo_icu,guo_icu,clinicalbert_type3_mean_pool,knn,1,48,auroc,0.5795805207328834
4663,1639.0,1639.0,,guo_icu,guo_icu,clinicalbert_type3_mean_pool,knn,1,48,auprc,0.0496942796788134
4664,1640.0,1640.0,,guo_icu,guo_icu,clinicalbert_type3_mean_pool,knn,1,48,brier,0.2630338733431517
4665,1641.0,1641.0,,guo_icu,guo_icu,clinicalbert_type3_mean_pool,knn,2,48,auroc,0.6482672372227579
4666,1642.0,1642.0,,guo_icu,guo_icu,clinicalbert_type3_mean_pool,knn,2,48,auprc,0.0669377460896566
4667,1643.0,1643.0,,guo_icu,guo_icu,clinicalbert_type3_mean_pool,knn,2,48,brier,0.2424227737136747
4668,1644.0,1644.0,,guo_icu,guo_icu,clinicalbert_type3_mean_pool,knn,3,48,auroc,0.6027181774349084
4669,1645.0,1645.0,,guo_icu,guo_icu,clinicalbert_type3_mean_pool,knn,3,48,auprc,0.0673867708310712
4670,1646.0,1646.0,,guo_icu,guo_icu,clinicalbert_type3_mean_pool,knn,3,48,brier,0.3155259609887265
4671,1647.0,1647.0,,guo_icu,guo_icu,clinicalbert_type3_mean_pool,knn,4,48,auroc,0.5959980713596915
4672,1648.0,1648.0,,guo_icu,guo_icu,clinicalbert_type3_mean_pool,knn,4,48,auprc,0.0559951804076702
4673,1649.0,1649.0,,guo_icu,guo_icu,clinicalbert_type3_mean_pool,knn,4,48,brier,0.2781148748159057
4674,1650.0,1650.0,,guo_icu,guo_icu,clinicalbert_type3_mean_pool,knn,0,64,auroc,0.7109661282545805
4675,1651.0,1651.0,,guo_icu,guo_icu,clinicalbert_type3_mean_pool,knn,0,64,auprc,0.0843526793193396
4676,1652.0,1652.0,,guo_icu,guo_icu,clinicalbert_type3_mean_pool,knn,0,64,brier,0.2515866944042039
4677,1653.0,1653.0,,guo_icu,guo_icu,clinicalbert_type3_mean_pool,knn,1,64,auroc,0.5851374156219865
4678,1654.0,1654.0,,guo_icu,guo_icu,clinicalbert_type3_mean_pool,knn,1,64,auprc,0.0513938167164603
4679,1655.0,1655.0,,guo_icu,guo_icu,clinicalbert_type3_mean_pool,knn,1,64,brier,0.2618123246874754
4680,1656.0,1656.0,,guo_icu,guo_icu,clinicalbert_type3_mean_pool,knn,2,64,auroc,0.6927133558341368
4681,1657.0,1657.0,,guo_icu,guo_icu,clinicalbert_type3_mean_pool,knn,2,64,auprc,0.0762365341754043
4682,1658.0,1658.0,,guo_icu,guo_icu,clinicalbert_type3_mean_pool,knn,2,64,brier,0.2492212271027324
4683,1659.0,1659.0,,guo_icu,guo_icu,clinicalbert_type3_mean_pool,knn,3,64,auroc,0.6484088717454195
4684,1660.0,1660.0,,guo_icu,guo_icu,clinicalbert_type3_mean_pool,knn,3,64,auprc,0.0781933969300442
4685,1661.0,1661.0,,guo_icu,guo_icu,clinicalbert_type3_mean_pool,knn,3,64,brier,0.283009426419275
4686,1662.0,1662.0,,guo_icu,guo_icu,clinicalbert_type3_mean_pool,knn,4,64,auroc,0.5931774349083896
4687,1663.0,1663.0,,guo_icu,guo_icu,clinicalbert_type3_mean_pool,knn,4,64,auprc,0.0669376811726056
4688,1664.0,1664.0,,guo_icu,guo_icu,clinicalbert_type3_mean_pool,knn,4,64,brier,0.2783007656164323
4689,1665.0,1665.0,,guo_icu,guo_icu,clinicalbert_type3_mean_pool,knn,0,128,auroc,0.7089199614271938
4690,1666.0,1666.0,,guo_icu,guo_icu,clinicalbert_type3_mean_pool,knn,0,128,auprc,0.0837086129885694
4691,1667.0,1667.0,,guo_icu,guo_icu,clinicalbert_type3_mean_pool,knn,0,128,brier,0.2567618697211578
4692,1668.0,1668.0,,guo_icu,guo_icu,clinicalbert_type3_mean_pool,knn,1,128,auroc,0.6290621986499517
4693,1669.0,1669.0,,guo_icu,guo_icu,clinicalbert_type3_mean_pool,knn,1,128,auprc,0.0747471386808909
4694,1670.0,1670.0,,guo_icu,guo_icu,clinicalbert_type3_mean_pool,knn,1,128,brier,0.2545678727794788
4695,1671.0,1671.0,,guo_icu,guo_icu,clinicalbert_type3_mean_pool,knn,2,128,auroc,0.6483938042430087
4696,1672.0,1672.0,,guo_icu,guo_icu,clinicalbert_type3_mean_pool,knn,2,128,auprc,0.0673175834729338
4697,1673.0,1673.0,,guo_icu,guo_icu,clinicalbert_type3_mean_pool,knn,2,128,brier,0.2393819096601419
4698,1674.0,1674.0,,guo_icu,guo_icu,clinicalbert_type3_mean_pool,knn,3,128,auroc,0.6503525795564127
4699,1675.0,1675.0,,guo_icu,guo_icu,clinicalbert_type3_mean_pool,knn,3,128,auprc,0.0671605791184611
4700,1676.0,1676.0,,guo_icu,guo_icu,clinicalbert_type3_mean_pool,knn,3,128,brier,0.2396469322354632
4701,1677.0,1677.0,,guo_icu,guo_icu,clinicalbert_type3_mean_pool,knn,4,128,auroc,0.6802736258437801
4702,1678.0,1678.0,,guo_icu,guo_icu,clinicalbert_type3_mean_pool,knn,4,128,auprc,0.0811339260885913
4703,1679.0,1679.0,,guo_icu,guo_icu,clinicalbert_type3_mean_pool,knn,4,128,brier,0.2441671179118279
4704,1680.0,1680.0,,guo_icu,guo_icu,clinicalbert_type3_mean_pool,rf,0,-1,auroc,0.6429484088717454
4705,1681.0,1681.0,,guo_icu,guo_icu,clinicalbert_type3_mean_pool,rf,0,-1,auprc,0.0753730653367811
4706,1682.0,1682.0,,guo_icu,guo_icu,clinicalbert_type3_mean_pool,rf,0,-1,brier,0.0426520790950195
4707,1683.0,1683.0,,guo_icu,guo_icu,clinicalbert_type3_mean_pool,rf,0,1,auroc,0.5593629459980712
4708,1684.0,1684.0,,guo_icu,guo_icu,clinicalbert_type3_mean_pool,rf,0,1,auprc,0.0676342990982127
4709,1685.0,1685.0,,guo_icu,guo_icu,clinicalbert_type3_mean_pool,rf,0,1,brier,0.2603822287677957
4710,1686.0,1686.0,,guo_icu,guo_icu,clinicalbert_type3_mean_pool,rf,1,1,auroc,0.4258196721311474
4711,1687.0,1687.0,,guo_icu,guo_icu,clinicalbert_type3_mean_pool,rf,1,1,auprc,0.0358300596230198
4712,1688.0,1688.0,,guo_icu,guo_icu,clinicalbert_type3_mean_pool,rf,1,1,brier,0.3151043200785469
4713,1689.0,1689.0,,guo_icu,guo_icu,clinicalbert_type3_mean_pool,rf,2,1,auroc,0.6009462391513983
4714,1690.0,1690.0,,guo_icu,guo_icu,clinicalbert_type3_mean_pool,rf,2,1,auprc,0.0589185473283767
4715,1691.0,1691.0,,guo_icu,guo_icu,clinicalbert_type3_mean_pool,rf,2,1,brier,0.2790101129111438
4716,1692.0,1692.0,,guo_icu,guo_icu,clinicalbert_type3_mean_pool,rf,3,1,auroc,0.5438614995178399
4717,1693.0,1693.0,,guo_icu,guo_icu,clinicalbert_type3_mean_pool,rf,3,1,auprc,0.0476623978530546
4718,1694.0,1694.0,,guo_icu,guo_icu,clinicalbert_type3_mean_pool,rf,3,1,brier,0.279987825233186
4719,1695.0,1695.0,,guo_icu,guo_icu,clinicalbert_type3_mean_pool,rf,4,1,auroc,0.4529230954676953
4720,1696.0,1696.0,,guo_icu,guo_icu,clinicalbert_type3_mean_pool,rf,4,1,auprc,0.0367608935803951
4721,1697.0,1697.0,,guo_icu,guo_icu,clinicalbert_type3_mean_pool,rf,4,1,brier,0.348514089347079
4722,1698.0,1698.0,,guo_icu,guo_icu,clinicalbert_type3_mean_pool,rf,0,2,auroc,0.4628043635486982
4723,1699.0,1699.0,,guo_icu,guo_icu,clinicalbert_type3_mean_pool,rf,0,2,auprc,0.0392152773298251
4724,1700.0,1700.0,,guo_icu,guo_icu,clinicalbert_type3_mean_pool,rf,0,2,brier,0.2885051546391752
4725,1701.0,1701.0,,guo_icu,guo_icu,clinicalbert_type3_mean_pool,rf,1,2,auroc,0.4829707087753134
4726,1702.0,1702.0,,guo_icu,guo_icu,clinicalbert_type3_mean_pool,rf,1,2,auprc,0.0397939658543435
4727,1703.0,1703.0,,guo_icu,guo_icu,clinicalbert_type3_mean_pool,rf,1,2,brier,0.237313145693558
4728,1704.0,1704.0,,guo_icu,guo_icu,clinicalbert_type3_mean_pool,rf,2,2,auroc,0.5824764946962391
4729,1705.0,1705.0,,guo_icu,guo_icu,clinicalbert_type3_mean_pool,rf,2,2,auprc,0.0500990554427895
4730,1706.0,1706.0,,guo_icu,guo_icu,clinicalbert_type3_mean_pool,rf,2,2,brier,0.3167236131566028
4731,1707.0,1707.0,,guo_icu,guo_icu,clinicalbert_type3_mean_pool,rf,3,2,auroc,0.4107612102217936
4732,1708.0,1708.0,,guo_icu,guo_icu,clinicalbert_type3_mean_pool,rf,3,2,auprc,0.0350564942949509
4733,1709.0,1709.0,,guo_icu,guo_icu,clinicalbert_type3_mean_pool,rf,3,2,brier,0.2221219931271478
4734,1710.0,1710.0,,guo_icu,guo_icu,clinicalbert_type3_mean_pool,rf,4,2,auroc,0.4858968177434908
4735,1711.0,1711.0,,guo_icu,guo_icu,clinicalbert_type3_mean_pool,rf,4,2,auprc,0.0418560787079355
4736,1712.0,1712.0,,guo_icu,guo_icu,clinicalbert_type3_mean_pool,rf,4,2,brier,0.4566574374079528
4737,1713.0,1713.0,,guo_icu,guo_icu,clinicalbert_type3_mean_pool,rf,0,4,auroc,0.6049391272902603
4738,1714.0,1714.0,,guo_icu,guo_icu,clinicalbert_type3_mean_pool,rf,0,4,auprc,0.0756581122845427
4739,1715.0,1715.0,,guo_icu,guo_icu,clinicalbert_type3_mean_pool,rf,0,4,brier,0.2818286696121748
4740,1716.0,1716.0,,guo_icu,guo_icu,clinicalbert_type3_mean_pool,rf,1,4,auroc,0.5874337029893925
4741,1717.0,1717.0,,guo_icu,guo_icu,clinicalbert_type3_mean_pool,rf,1,4,auprc,0.0528469587604468
4742,1718.0,1718.0,,guo_icu,guo_icu,clinicalbert_type3_mean_pool,rf,1,4,brier,0.260221354933726
4743,1719.0,1719.0,,guo_icu,guo_icu,clinicalbert_type3_mean_pool,rf,2,4,auroc,0.5468629459980714
4744,1720.0,1720.0,,guo_icu,guo_icu,clinicalbert_type3_mean_pool,rf,2,4,auprc,0.0552001289522748
4745,1721.0,1721.0,,guo_icu,guo_icu,clinicalbert_type3_mean_pool,rf,2,4,brier,0.2620324005891016
4746,1722.0,1722.0,,guo_icu,guo_icu,clinicalbert_type3_mean_pool,rf,3,4,auroc,0.4749276759884281
4747,1723.0,1723.0,,guo_icu,guo_icu,clinicalbert_type3_mean_pool,rf,3,4,auprc,0.0393479822569158
4748,1724.0,1724.0,,guo_icu,guo_icu,clinicalbert_type3_mean_pool,rf,3,4,brier,0.3527442317133039
4749,1725.0,1725.0,,guo_icu,guo_icu,clinicalbert_type3_mean_pool,rf,4,4,auroc,0.4526337994214079
4750,1726.0,1726.0,,guo_icu,guo_icu,clinicalbert_type3_mean_pool,rf,4,4,auprc,0.0381580488546789
4751,1727.0,1727.0,,guo_icu,guo_icu,clinicalbert_type3_mean_pool,rf,4,4,brier,0.3911672066764851
4752,1728.0,1728.0,,guo_icu,guo_icu,clinicalbert_type3_mean_pool,rf,0,8,auroc,0.4388410077145612
4753,1729.0,1729.0,,guo_icu,guo_icu,clinicalbert_type3_mean_pool,rf,0,8,auprc,0.0368536351971613
4754,1730.0,1730.0,,guo_icu,guo_icu,clinicalbert_type3_mean_pool,rf,0,8,brier,0.3267108492881688
4755,1731.0,1731.0,,guo_icu,guo_icu,clinicalbert_type3_mean_pool,rf,1,8,auroc,0.5657063645130184
4756,1732.0,1732.0,,guo_icu,guo_icu,clinicalbert_type3_mean_pool,rf,1,8,auprc,0.0563717030103847
4757,1733.0,1733.0,,guo_icu,guo_icu,clinicalbert_type3_mean_pool,rf,1,8,brier,0.2262113402061855
4758,1734.0,1734.0,,guo_icu,guo_icu,clinicalbert_type3_mean_pool,rf,2,8,auroc,0.5665712391513982
4759,1735.0,1735.0,,guo_icu,guo_icu,clinicalbert_type3_mean_pool,rf,2,8,auprc,0.0616607581663413
4760,1736.0,1736.0,,guo_icu,guo_icu,clinicalbert_type3_mean_pool,rf,2,8,brier,0.2580298478154148
4761,1737.0,1737.0,,guo_icu,guo_icu,clinicalbert_type3_mean_pool,rf,3,8,auroc,0.4474656460945033
4762,1738.0,1738.0,,guo_icu,guo_icu,clinicalbert_type3_mean_pool,rf,3,8,auprc,0.0369760767595078
4763,1739.0,1739.0,,guo_icu,guo_icu,clinicalbert_type3_mean_pool,rf,3,8,brier,0.3459351988217968
4764,1740.0,1740.0,,guo_icu,guo_icu,clinicalbert_type3_mean_pool,rf,4,8,auroc,0.5766092092574735
4765,1741.0,1741.0,,guo_icu,guo_icu,clinicalbert_type3_mean_pool,rf,4,8,auprc,0.0546725073101641
4766,1742.0,1742.0,,guo_icu,guo_icu,clinicalbert_type3_mean_pool,rf,4,8,brier,0.2522790868924889
4767,1743.0,1743.0,,guo_icu,guo_icu,clinicalbert_type3_mean_pool,rf,0,12,auroc,0.605948649951784
4768,1744.0,1744.0,,guo_icu,guo_icu,clinicalbert_type3_mean_pool,rf,0,12,auprc,0.0556865742581038
4769,1745.0,1745.0,,guo_icu,guo_icu,clinicalbert_type3_mean_pool,rf,0,12,brier,0.2433688921616756
4770,1746.0,1746.0,,guo_icu,guo_icu,clinicalbert_type3_mean_pool,rf,1,12,auroc,0.5137174541947926
4771,1747.0,1747.0,,guo_icu,guo_icu,clinicalbert_type3_mean_pool,rf,1,12,auprc,0.0482053663536694
4772,1748.0,1748.0,,guo_icu,guo_icu,clinicalbert_type3_mean_pool,rf,1,12,brier,0.2625073637702503
4773,1749.0,1749.0,,guo_icu,guo_icu,clinicalbert_type3_mean_pool,rf,2,12,auroc,0.5529381629701061
4774,1750.0,1750.0,,guo_icu,guo_icu,clinicalbert_type3_mean_pool,rf,2,12,auprc,0.0643252486493096
4775,1751.0,1751.0,,guo_icu,guo_icu,clinicalbert_type3_mean_pool,rf,2,12,brier,0.3085861561119292
4776,1752.0,1752.0,,guo_icu,guo_icu,clinicalbert_type3_mean_pool,rf,3,12,auroc,0.639968056894889
4777,1753.0,1753.0,,guo_icu,guo_icu,clinicalbert_type3_mean_pool,rf,3,12,auprc,0.0784422642587647
4778,1754.0,1754.0,,guo_icu,guo_icu,clinicalbert_type3_mean_pool,rf,3,12,brier,0.2585419734904271
4779,1755.0,1755.0,,guo_icu,guo_icu,clinicalbert_type3_mean_pool,rf,4,12,auroc,0.5791495901639345
4780,1756.0,1756.0,,guo_icu,guo_icu,clinicalbert_type3_mean_pool,rf,4,12,auprc,0.057587176416765
4781,1757.0,1757.0,,guo_icu,guo_icu,clinicalbert_type3_mean_pool,rf,4,12,brier,0.2451648502700049
4782,1758.0,1758.0,,guo_icu,guo_icu,clinicalbert_type3_mean_pool,rf,0,16,auroc,0.5910077145612344
4783,1759.0,1759.0,,guo_icu,guo_icu,clinicalbert_type3_mean_pool,rf,0,16,auprc,0.0521163604176879
4784,1760.0,1760.0,,guo_icu,guo_icu,clinicalbert_type3_mean_pool,rf,0,16,brier,0.2693084928816888
4785,1761.0,1761.0,,guo_icu,guo_icu,clinicalbert_type3_mean_pool,rf,1,16,auroc,0.6041827386692382
4786,1762.0,1762.0,,guo_icu,guo_icu,clinicalbert_type3_mean_pool,rf,1,16,auprc,0.0564257935778654
4787,1763.0,1763.0,,guo_icu,guo_icu,clinicalbert_type3_mean_pool,rf,1,16,brier,0.2580326460481099
4788,1764.0,1764.0,,guo_icu,guo_icu,clinicalbert_type3_mean_pool,rf,2,16,auroc,0.5399680568948891
4789,1765.0,1765.0,,guo_icu,guo_icu,clinicalbert_type3_mean_pool,rf,2,16,auprc,0.0614215590783575
4790,1766.0,1766.0,,guo_icu,guo_icu,clinicalbert_type3_mean_pool,rf,2,16,brier,0.2333321060382916
4791,1767.0,1767.0,,guo_icu,guo_icu,clinicalbert_type3_mean_pool,rf,3,16,auroc,0.5411945515911283
4792,1768.0,1768.0,,guo_icu,guo_icu,clinicalbert_type3_mean_pool,rf,3,16,auprc,0.0570353038353331
4793,1769.0,1769.0,,guo_icu,guo_icu,clinicalbert_type3_mean_pool,rf,3,16,brier,0.3036917034855179
4794,1770.0,1770.0,,guo_icu,guo_icu,clinicalbert_type3_mean_pool,rf,4,16,auroc,0.4847818225650916
4795,1771.0,1771.0,,guo_icu,guo_icu,clinicalbert_type3_mean_pool,rf,4,16,auprc,0.0459078196958112
4796,1772.0,1772.0,,guo_icu,guo_icu,clinicalbert_type3_mean_pool,rf,4,16,brier,0.2942709867452135
4797,1773.0,1773.0,,guo_icu,guo_icu,clinicalbert_type3_mean_pool,rf,0,24,auroc,0.6224716730954677
4798,1774.0,1774.0,,guo_icu,guo_icu,clinicalbert_type3_mean_pool,rf,0,24,auprc,0.0578585530299522
4799,1775.0,1775.0,,guo_icu,guo_icu,clinicalbert_type3_mean_pool,rf,0,24,brier,0.246186580178933
4800,1776.0,1776.0,,guo_icu,guo_icu,clinicalbert_type3_mean_pool,rf,1,24,auroc,0.5435963114754098
4801,1777.0,1777.0,,guo_icu,guo_icu,clinicalbert_type3_mean_pool,rf,1,24,auprc,0.0483664069102196
4802,1778.0,1778.0,,guo_icu,guo_icu,clinicalbert_type3_mean_pool,rf,1,24,brier,0.2898998527245949
4803,1779.0,1779.0,,guo_icu,guo_icu,clinicalbert_type3_mean_pool,rf,2,24,auroc,0.707229387656702
4804,1780.0,1780.0,,guo_icu,guo_icu,clinicalbert_type3_mean_pool,rf,2,24,auprc,0.1041971785014065
4805,1781.0,1781.0,,guo_icu,guo_icu,clinicalbert_type3_mean_pool,rf,2,24,brier,0.2365779401544674
4806,1782.0,1782.0,,guo_icu,guo_icu,clinicalbert_type3_mean_pool,rf,3,24,auroc,0.7026337994214079
4807,1783.0,1783.0,,guo_icu,guo_icu,clinicalbert_type3_mean_pool,rf,3,24,auprc,0.0993409307873162
4808,1784.0,1784.0,,guo_icu,guo_icu,clinicalbert_type3_mean_pool,rf,3,24,brier,0.2219165930289641
4809,1785.0,1785.0,,guo_icu,guo_icu,clinicalbert_type3_mean_pool,rf,4,24,auroc,0.5328893442622951
4810,1786.0,1786.0,,guo_icu,guo_icu,clinicalbert_type3_mean_pool,rf,4,24,auprc,0.0641536756038009
4811,1787.0,1787.0,,guo_icu,guo_icu,clinicalbert_type3_mean_pool,rf,4,24,brier,0.2430694648993618
4812,1788.0,1788.0,,guo_icu,guo_icu,clinicalbert_type3_mean_pool,rf,0,32,auroc,0.6743038813886211
4813,1789.0,1789.0,,guo_icu,guo_icu,clinicalbert_type3_mean_pool,rf,0,32,auprc,0.0832819969999889
4814,1790.0,1790.0,,guo_icu,guo_icu,clinicalbert_type3_mean_pool,rf,0,32,brier,0.2542975800125305
4815,1791.0,1791.0,,guo_icu,guo_icu,clinicalbert_type3_mean_pool,rf,1,32,auroc,0.5151880424300868
4816,1792.0,1792.0,,guo_icu,guo_icu,clinicalbert_type3_mean_pool,rf,1,32,auprc,0.0440039580046856
4817,1793.0,1793.0,,guo_icu,guo_icu,clinicalbert_type3_mean_pool,rf,1,32,brier,0.3037015218458518
4818,1794.0,1794.0,,guo_icu,guo_icu,clinicalbert_type3_mean_pool,rf,2,32,auroc,0.6777663934426229
4819,1795.0,1795.0,,guo_icu,guo_icu,clinicalbert_type3_mean_pool,rf,2,32,auprc,0.1034585687891614
4820,1796.0,1796.0,,guo_icu,guo_icu,clinicalbert_type3_mean_pool,rf,2,32,brier,0.2259697258929753
4821,1797.0,1797.0,,guo_icu,guo_icu,clinicalbert_type3_mean_pool,rf,3,32,auroc,0.5865748553519768
4822,1798.0,1798.0,,guo_icu,guo_icu,clinicalbert_type3_mean_pool,rf,3,32,auprc,0.0523198898121202
4823,1799.0,1799.0,,guo_icu,guo_icu,clinicalbert_type3_mean_pool,rf,3,32,brier,0.2464919562809273
4824,1800.0,1800.0,,guo_icu,guo_icu,clinicalbert_type3_mean_pool,rf,4,32,auroc,0.6535167550626808
4825,1801.0,1801.0,,guo_icu,guo_icu,clinicalbert_type3_mean_pool,rf,4,32,auprc,0.1079943042718308
4826,1802.0,1802.0,,guo_icu,guo_icu,clinicalbert_type3_mean_pool,rf,4,32,brier,0.223380854197349
4827,1803.0,1803.0,,guo_icu,guo_icu,clinicalbert_type3_mean_pool,rf,0,48,auroc,0.6639645612343298
4828,1804.0,1804.0,,guo_icu,guo_icu,clinicalbert_type3_mean_pool,rf,0,48,auprc,0.0700930978244524
4829,1805.0,1805.0,,guo_icu,guo_icu,clinicalbert_type3_mean_pool,rf,0,48,brier,0.252137804312023
4830,1806.0,1806.0,,guo_icu,guo_icu,clinicalbert_type3_mean_pool,rf,1,48,auroc,0.480083775313404
4831,1807.0,1807.0,,guo_icu,guo_icu,clinicalbert_type3_mean_pool,rf,1,48,auprc,0.0397276051691129
4832,1808.0,1808.0,,guo_icu,guo_icu,clinicalbert_type3_mean_pool,rf,1,48,brier,0.2817683957890143
4833,1809.0,1809.0,,guo_icu,guo_icu,clinicalbert_type3_mean_pool,rf,2,48,auroc,0.6811023384763741
4834,1810.0,1810.0,,guo_icu,guo_icu,clinicalbert_type3_mean_pool,rf,2,48,auprc,0.0945494161097979
4835,1811.0,1811.0,,guo_icu,guo_icu,clinicalbert_type3_mean_pool,rf,2,48,brier,0.2364026073201331
4836,1812.0,1812.0,,guo_icu,guo_icu,clinicalbert_type3_mean_pool,rf,3,48,auroc,0.6193768081002893
4837,1813.0,1813.0,,guo_icu,guo_icu,clinicalbert_type3_mean_pool,rf,3,48,auprc,0.0690367313252425
4838,1814.0,1814.0,,guo_icu,guo_icu,clinicalbert_type3_mean_pool,rf,3,48,brier,0.2549499121488147
4839,1815.0,1815.0,,guo_icu,guo_icu,clinicalbert_type3_mean_pool,rf,4,48,auroc,0.611011330761813
4840,1816.0,1816.0,,guo_icu,guo_icu,clinicalbert_type3_mean_pool,rf,4,48,auprc,0.0722802529343765
4841,1817.0,1817.0,,guo_icu,guo_icu,clinicalbert_type3_mean_pool,rf,4,48,brier,0.247609762974591
4842,1818.0,1818.0,,guo_icu,guo_icu,clinicalbert_type3_mean_pool,rf,0,64,auroc,0.723625843780135
4843,1819.0,1819.0,,guo_icu,guo_icu,clinicalbert_type3_mean_pool,rf,0,64,auprc,0.0876235661609073
4844,1820.0,1820.0,,guo_icu,guo_icu,clinicalbert_type3_mean_pool,rf,0,64,brier,0.2346949965975404
4845,1821.0,1821.0,,guo_icu,guo_icu,clinicalbert_type3_mean_pool,rf,1,64,auroc,0.6080882352941176
4846,1822.0,1822.0,,guo_icu,guo_icu,clinicalbert_type3_mean_pool,rf,1,64,auprc,0.053591290966204
4847,1823.0,1823.0,,guo_icu,guo_icu,clinicalbert_type3_mean_pool,rf,1,64,brier,0.2286722488535658
4848,1824.0,1824.0,,guo_icu,guo_icu,clinicalbert_type3_mean_pool,rf,2,64,auroc,0.6888138862102218
4849,1825.0,1825.0,,guo_icu,guo_icu,clinicalbert_type3_mean_pool,rf,2,64,auprc,0.0815464651975405
4850,1826.0,1826.0,,guo_icu,guo_icu,clinicalbert_type3_mean_pool,rf,2,64,brier,0.2274632639911634
4851,1827.0,1827.0,,guo_icu,guo_icu,clinicalbert_type3_mean_pool,rf,3,64,auroc,0.6466881629701061
4852,1828.0,1828.0,,guo_icu,guo_icu,clinicalbert_type3_mean_pool,rf,3,64,auprc,0.0647604568833943
4853,1829.0,1829.0,,guo_icu,guo_icu,clinicalbert_type3_mean_pool,rf,3,64,brier,0.222300441826215
4854,1830.0,1830.0,,guo_icu,guo_icu,clinicalbert_type3_mean_pool,rf,4,64,auroc,0.5927736258437801
4855,1831.0,1831.0,,guo_icu,guo_icu,clinicalbert_type3_mean_pool,rf,4,64,auprc,0.0765035114192452
4856,1832.0,1832.0,,guo_icu,guo_icu,clinicalbert_type3_mean_pool,rf,4,64,brier,0.2165437407952871
4857,1833.0,1833.0,,guo_icu,guo_icu,clinicalbert_type3_mean_pool,rf,0,128,auroc,0.7225229026036645
4858,1834.0,1834.0,,guo_icu,guo_icu,clinicalbert_type3_mean_pool,rf,0,128,auprc,0.0871799398999893
4859,1835.0,1835.0,,guo_icu,guo_icu,clinicalbert_type3_mean_pool,rf,0,128,brier,0.220243153184558
4860,1836.0,1836.0,,guo_icu,guo_icu,clinicalbert_type3_mean_pool,rf,1,128,auroc,0.6872649469623915
4861,1837.0,1837.0,,guo_icu,guo_icu,clinicalbert_type3_mean_pool,rf,1,128,auprc,0.0952752492479188
4862,1838.0,1838.0,,guo_icu,guo_icu,clinicalbert_type3_mean_pool,rf,1,128,brier,0.2137415836346062
4863,1839.0,1839.0,,guo_icu,guo_icu,clinicalbert_type3_mean_pool,rf,2,128,auroc,0.6927223963355835
4864,1840.0,1840.0,,guo_icu,guo_icu,clinicalbert_type3_mean_pool,rf,2,128,auprc,0.1000063339799533
4865,1841.0,1841.0,,guo_icu,guo_icu,clinicalbert_type3_mean_pool,rf,2,128,brier,0.2130676999153545
4866,1842.0,1842.0,,guo_icu,guo_icu,clinicalbert_type3_mean_pool,rf,3,128,auroc,0.7099505785920925
4867,1843.0,1843.0,,guo_icu,guo_icu,clinicalbert_type3_mean_pool,rf,3,128,auprc,0.0931354803576529
4868,1844.0,1844.0,,guo_icu,guo_icu,clinicalbert_type3_mean_pool,rf,3,128,brier,0.2116097832145361
4869,1845.0,1845.0,,guo_icu,guo_icu,clinicalbert_type3_mean_pool,rf,4,128,auroc,0.6966369334619094
4870,1846.0,1846.0,,guo_icu,guo_icu,clinicalbert_type3_mean_pool,rf,4,128,auprc,0.0806826002512499
4871,1847.0,1847.0,,guo_icu,guo_icu,clinicalbert_type3_mean_pool,rf,4,128,brier,0.214103735892863
4872,1848.0,1848.0,,guo_icu,guo_icu,clinicalbert_type3_clinicalbert_pool,lr_lbfgs,0,-1,auroc,0.7507473481195758
4873,1849.0,1849.0,,guo_icu,guo_icu,clinicalbert_type3_clinicalbert_pool,lr_lbfgs,0,-1,auprc,0.1230222200686569
4874,1850.0,1850.0,,guo_icu,guo_icu,clinicalbert_type3_clinicalbert_pool,lr_lbfgs,0,-1,brier,0.0391831236871643
4875,1851.0,1851.0,,guo_icu,guo_icu,clinicalbert_type3_clinicalbert_pool,lr_lbfgs,0,1,auroc,0.5251145130183221
4876,1852.0,1852.0,,guo_icu,guo_icu,clinicalbert_type3_clinicalbert_pool,lr_lbfgs,0,1,auprc,0.0461471058035936
4877,1853.0,1853.0,,guo_icu,guo_icu,clinicalbert_type3_clinicalbert_pool,lr_lbfgs,0,1,brier,0.250001764289201
4878,1854.0,1854.0,,guo_icu,guo_icu,clinicalbert_type3_clinicalbert_pool,lr_lbfgs,1,1,auroc,0.5340043394406944
4879,1855.0,1855.0,,guo_icu,guo_icu,clinicalbert_type3_clinicalbert_pool,lr_lbfgs,1,1,auprc,0.0487854566843186
4880,1856.0,1856.0,,guo_icu,guo_icu,clinicalbert_type3_clinicalbert_pool,lr_lbfgs,1,1,brier,0.2500021119831244
4881,1857.0,1857.0,,guo_icu,guo_icu,clinicalbert_type3_clinicalbert_pool,lr_lbfgs,2,1,auroc,0.5796166827386693
4882,1858.0,1858.0,,guo_icu,guo_icu,clinicalbert_type3_clinicalbert_pool,lr_lbfgs,2,1,auprc,0.0694482296835425
4883,1859.0,1859.0,,guo_icu,guo_icu,clinicalbert_type3_clinicalbert_pool,lr_lbfgs,2,1,brier,0.2499977835094095
4884,1860.0,1860.0,,guo_icu,guo_icu,clinicalbert_type3_clinicalbert_pool,lr_lbfgs,3,1,auroc,0.6414416586306654
4885,1861.0,1861.0,,guo_icu,guo_icu,clinicalbert_type3_clinicalbert_pool,lr_lbfgs,3,1,auprc,0.0697162577989566
4886,1862.0,1862.0,,guo_icu,guo_icu,clinicalbert_type3_clinicalbert_pool,lr_lbfgs,3,1,brier,0.2499994043752435
4887,1863.0,1863.0,,guo_icu,guo_icu,clinicalbert_type3_clinicalbert_pool,lr_lbfgs,4,1,auroc,0.5497890549662489
4888,1864.0,1864.0,,guo_icu,guo_icu,clinicalbert_type3_clinicalbert_pool,lr_lbfgs,4,1,auprc,0.0593967608014646
4889,1865.0,1865.0,,guo_icu,guo_icu,clinicalbert_type3_clinicalbert_pool,lr_lbfgs,4,1,brier,0.2500075619980074
4890,1866.0,1866.0,,guo_icu,guo_icu,clinicalbert_type3_clinicalbert_pool,lr_lbfgs,0,2,auroc,0.461276518804243
4891,1867.0,1867.0,,guo_icu,guo_icu,clinicalbert_type3_clinicalbert_pool,lr_lbfgs,0,2,auprc,0.0384999929045996
4892,1868.0,1868.0,,guo_icu,guo_icu,clinicalbert_type3_clinicalbert_pool,lr_lbfgs,0,2,brier,0.2500020806026251
4893,1869.0,1869.0,,guo_icu,guo_icu,clinicalbert_type3_clinicalbert_pool,lr_lbfgs,1,2,auroc,0.6178097878495661
4894,1870.0,1870.0,,guo_icu,guo_icu,clinicalbert_type3_clinicalbert_pool,lr_lbfgs,1,2,auprc,0.0796195771551445
4895,1871.0,1871.0,,guo_icu,guo_icu,clinicalbert_type3_clinicalbert_pool,lr_lbfgs,1,2,brier,0.2500016802962816
4896,1872.0,1872.0,,guo_icu,guo_icu,clinicalbert_type3_clinicalbert_pool,lr_lbfgs,2,2,auroc,0.5323891031822565
4897,1873.0,1873.0,,guo_icu,guo_icu,clinicalbert_type3_clinicalbert_pool,lr_lbfgs,2,2,auprc,0.0541195820348641
4898,1874.0,1874.0,,guo_icu,guo_icu,clinicalbert_type3_clinicalbert_pool,lr_lbfgs,2,2,brier,0.2500011570119171
4899,1875.0,1875.0,,guo_icu,guo_icu,clinicalbert_type3_clinicalbert_pool,lr_lbfgs,3,2,auroc,0.6316538090646094
4900,1876.0,1876.0,,guo_icu,guo_icu,clinicalbert_type3_clinicalbert_pool,lr_lbfgs,3,2,auprc,0.0835014173946206
4901,1877.0,1877.0,,guo_icu,guo_icu,clinicalbert_type3_clinicalbert_pool,lr_lbfgs,3,2,brier,0.2500002599846598
4902,1878.0,1878.0,,guo_icu,guo_icu,clinicalbert_type3_clinicalbert_pool,lr_lbfgs,4,2,auroc,0.5068466730954677
4903,1879.0,1879.0,,guo_icu,guo_icu,clinicalbert_type3_clinicalbert_pool,lr_lbfgs,4,2,auprc,0.0456201536924053
4904,1880.0,1880.0,,guo_icu,guo_icu,clinicalbert_type3_clinicalbert_pool,lr_lbfgs,4,2,brier,0.2500093521921449
4905,1881.0,1881.0,,guo_icu,guo_icu,clinicalbert_type3_clinicalbert_pool,lr_lbfgs,0,4,auroc,0.544750482160077
4906,1882.0,1882.0,,guo_icu,guo_icu,clinicalbert_type3_clinicalbert_pool,lr_lbfgs,0,4,auprc,0.0490482132669584
4907,1883.0,1883.0,,guo_icu,guo_icu,clinicalbert_type3_clinicalbert_pool,lr_lbfgs,0,4,brier,0.2500020741838736
4908,1884.0,1884.0,,guo_icu,guo_icu,clinicalbert_type3_clinicalbert_pool,lr_lbfgs,1,4,auroc,0.4149349083895853
4909,1885.0,1885.0,,guo_icu,guo_icu,clinicalbert_type3_clinicalbert_pool,lr_lbfgs,1,4,auprc,0.0335265753701744
4910,1886.0,1886.0,,guo_icu,guo_icu,clinicalbert_type3_clinicalbert_pool,lr_lbfgs,1,4,brier,0.5065978711874992
4911,1887.0,1887.0,,guo_icu,guo_icu,clinicalbert_type3_clinicalbert_pool,lr_lbfgs,2,4,auroc,0.5287005785920925
4912,1888.0,1888.0,,guo_icu,guo_icu,clinicalbert_type3_clinicalbert_pool,lr_lbfgs,2,4,auprc,0.0531397864298156
4913,1889.0,1889.0,,guo_icu,guo_icu,clinicalbert_type3_clinicalbert_pool,lr_lbfgs,2,4,brier,0.2500007937961399
4914,1890.0,1890.0,,guo_icu,guo_icu,clinicalbert_type3_clinicalbert_pool,lr_lbfgs,3,4,auroc,0.6599083895853424
4915,1891.0,1891.0,,guo_icu,guo_icu,clinicalbert_type3_clinicalbert_pool,lr_lbfgs,3,4,auprc,0.0793290301201301
4916,1892.0,1892.0,,guo_icu,guo_icu,clinicalbert_type3_clinicalbert_pool,lr_lbfgs,3,4,brier,0.2499999461232449
4917,1893.0,1893.0,,guo_icu,guo_icu,clinicalbert_type3_clinicalbert_pool,lr_lbfgs,4,4,auroc,0.4404411764705882
4918,1894.0,1894.0,,guo_icu,guo_icu,clinicalbert_type3_clinicalbert_pool,lr_lbfgs,4,4,auprc,0.0357963995021065
4919,1895.0,1895.0,,guo_icu,guo_icu,clinicalbert_type3_clinicalbert_pool,lr_lbfgs,4,4,brier,0.2500014367105201
4920,1896.0,1896.0,,guo_icu,guo_icu,clinicalbert_type3_clinicalbert_pool,lr_lbfgs,0,8,auroc,0.4822866441658631
4921,1897.0,1897.0,,guo_icu,guo_icu,clinicalbert_type3_clinicalbert_pool,lr_lbfgs,0,8,auprc,0.0389298428171225
4922,1898.0,1898.0,,guo_icu,guo_icu,clinicalbert_type3_clinicalbert_pool,lr_lbfgs,0,8,brier,0.2787279008268967
4923,1899.0,1899.0,,guo_icu,guo_icu,clinicalbert_type3_clinicalbert_pool,lr_lbfgs,1,8,auroc,0.5651880424300868
4924,1900.0,1900.0,,guo_icu,guo_icu,clinicalbert_type3_clinicalbert_pool,lr_lbfgs,1,8,auprc,0.0499565962848566
4925,1901.0,1901.0,,guo_icu,guo_icu,clinicalbert_type3_clinicalbert_pool,lr_lbfgs,1,8,brier,0.3549205526915766
4926,1902.0,1902.0,,guo_icu,guo_icu,clinicalbert_type3_clinicalbert_pool,lr_lbfgs,2,8,auroc,0.4837150433944069
4927,1903.0,1903.0,,guo_icu,guo_icu,clinicalbert_type3_clinicalbert_pool,lr_lbfgs,2,8,auprc,0.0411840667307738
4928,1904.0,1904.0,,guo_icu,guo_icu,clinicalbert_type3_clinicalbert_pool,lr_lbfgs,2,8,brier,0.3482054113782495
4929,1905.0,1905.0,,guo_icu,guo_icu,clinicalbert_type3_clinicalbert_pool,lr_lbfgs,3,8,auroc,0.5855532786885247
4930,1906.0,1906.0,,guo_icu,guo_icu,clinicalbert_type3_clinicalbert_pool,lr_lbfgs,3,8,auprc,0.0659725049410511
4931,1907.0,1907.0,,guo_icu,guo_icu,clinicalbert_type3_clinicalbert_pool,lr_lbfgs,3,8,brier,0.2499987100773215
4932,1908.0,1908.0,,guo_icu,guo_icu,clinicalbert_type3_clinicalbert_pool,lr_lbfgs,4,8,auroc,0.4668394406943105
4933,1909.0,1909.0,,guo_icu,guo_icu,clinicalbert_type3_clinicalbert_pool,lr_lbfgs,4,8,auprc,0.0415198253120173
4934,1910.0,1910.0,,guo_icu,guo_icu,clinicalbert_type3_clinicalbert_pool,lr_lbfgs,4,8,brier,0.2500009808309427
4935,1911.0,1911.0,,guo_icu,guo_icu,clinicalbert_type3_clinicalbert_pool,lr_lbfgs,0,12,auroc,0.6055207328833173
4936,1912.0,1912.0,,guo_icu,guo_icu,clinicalbert_type3_clinicalbert_pool,lr_lbfgs,0,12,auprc,0.0763735412737471
4937,1913.0,1913.0,,guo_icu,guo_icu,clinicalbert_type3_clinicalbert_pool,lr_lbfgs,0,12,brier,0.2832605228747876
4938,1914.0,1914.0,,guo_icu,guo_icu,clinicalbert_type3_clinicalbert_pool,lr_lbfgs,1,12,auroc,0.5381629701060751
4939,1915.0,1915.0,,guo_icu,guo_icu,clinicalbert_type3_clinicalbert_pool,lr_lbfgs,1,12,auprc,0.0460499289565194
4940,1916.0,1916.0,,guo_icu,guo_icu,clinicalbert_type3_clinicalbert_pool,lr_lbfgs,1,12,brier,0.3074799402937772
4941,1917.0,1917.0,,guo_icu,guo_icu,clinicalbert_type3_clinicalbert_pool,lr_lbfgs,2,12,auroc,0.5777362584378013
4942,1918.0,1918.0,,guo_icu,guo_icu,clinicalbert_type3_clinicalbert_pool,lr_lbfgs,2,12,auprc,0.0605467484504846
4943,1919.0,1919.0,,guo_icu,guo_icu,clinicalbert_type3_clinicalbert_pool,lr_lbfgs,2,12,brier,0.2372469970019493
4944,1920.0,1920.0,,guo_icu,guo_icu,clinicalbert_type3_clinicalbert_pool,lr_lbfgs,3,12,auroc,0.6937017839922854
4945,1921.0,1921.0,,guo_icu,guo_icu,clinicalbert_type3_clinicalbert_pool,lr_lbfgs,3,12,auprc,0.1220205243552947
4946,1922.0,1922.0,,guo_icu,guo_icu,clinicalbert_type3_clinicalbert_pool,lr_lbfgs,3,12,brier,0.250001521456329
4947,1923.0,1923.0,,guo_icu,guo_icu,clinicalbert_type3_clinicalbert_pool,lr_lbfgs,4,12,auroc,0.62726012536162
4948,1924.0,1924.0,,guo_icu,guo_icu,clinicalbert_type3_clinicalbert_pool,lr_lbfgs,4,12,auprc,0.0908021186508844
4949,1925.0,1925.0,,guo_icu,guo_icu,clinicalbert_type3_clinicalbert_pool,lr_lbfgs,4,12,brier,0.4076577389812882
4950,1926.0,1926.0,,guo_icu,guo_icu,clinicalbert_type3_clinicalbert_pool,lr_lbfgs,0,16,auroc,0.6067894165863067
4951,1927.0,1927.0,,guo_icu,guo_icu,clinicalbert_type3_clinicalbert_pool,lr_lbfgs,0,16,auprc,0.0617026638656501
4952,1928.0,1928.0,,guo_icu,guo_icu,clinicalbert_type3_clinicalbert_pool,lr_lbfgs,0,16,brier,0.4106488456698628
4953,1929.0,1929.0,,guo_icu,guo_icu,clinicalbert_type3_clinicalbert_pool,lr_lbfgs,1,16,auroc,0.5339681774349083
4954,1930.0,1930.0,,guo_icu,guo_icu,clinicalbert_type3_clinicalbert_pool,lr_lbfgs,1,16,auprc,0.0467167716174178
4955,1931.0,1931.0,,guo_icu,guo_icu,clinicalbert_type3_clinicalbert_pool,lr_lbfgs,1,16,brier,0.3277362098896736
4956,1932.0,1932.0,,guo_icu,guo_icu,clinicalbert_type3_clinicalbert_pool,lr_lbfgs,2,16,auroc,0.5692502410800386
4957,1933.0,1933.0,,guo_icu,guo_icu,clinicalbert_type3_clinicalbert_pool,lr_lbfgs,2,16,auprc,0.0567587199294154
4958,1934.0,1934.0,,guo_icu,guo_icu,clinicalbert_type3_clinicalbert_pool,lr_lbfgs,2,16,brier,0.3897906582712211
4959,1935.0,1935.0,,guo_icu,guo_icu,clinicalbert_type3_clinicalbert_pool,lr_lbfgs,3,16,auroc,0.6566779170684668
4960,1936.0,1936.0,,guo_icu,guo_icu,clinicalbert_type3_clinicalbert_pool,lr_lbfgs,3,16,auprc,0.107187079189793
4961,1937.0,1937.0,,guo_icu,guo_icu,clinicalbert_type3_clinicalbert_pool,lr_lbfgs,3,16,brier,0.2454937695529106
4962,1938.0,1938.0,,guo_icu,guo_icu,clinicalbert_type3_clinicalbert_pool,lr_lbfgs,4,16,auroc,0.4978694551591128
4963,1939.0,1939.0,,guo_icu,guo_icu,clinicalbert_type3_clinicalbert_pool,lr_lbfgs,4,16,auprc,0.0516622848370729
4964,1940.0,1940.0,,guo_icu,guo_icu,clinicalbert_type3_clinicalbert_pool,lr_lbfgs,4,16,brier,0.3446735486562735
4965,1941.0,1941.0,,guo_icu,guo_icu,clinicalbert_type3_clinicalbert_pool,lr_lbfgs,0,24,auroc,0.5655526759884282
4966,1942.0,1942.0,,guo_icu,guo_icu,clinicalbert_type3_clinicalbert_pool,lr_lbfgs,0,24,auprc,0.0692062702379173
4967,1943.0,1943.0,,guo_icu,guo_icu,clinicalbert_type3_clinicalbert_pool,lr_lbfgs,0,24,brier,0.4584546664387431
4968,1944.0,1944.0,,guo_icu,guo_icu,clinicalbert_type3_clinicalbert_pool,lr_lbfgs,1,24,auroc,0.5383377531340405
4969,1945.0,1945.0,,guo_icu,guo_icu,clinicalbert_type3_clinicalbert_pool,lr_lbfgs,1,24,auprc,0.0437212477405028
4970,1946.0,1946.0,,guo_icu,guo_icu,clinicalbert_type3_clinicalbert_pool,lr_lbfgs,1,24,brier,0.4265837522384011
4971,1947.0,1947.0,,guo_icu,guo_icu,clinicalbert_type3_clinicalbert_pool,lr_lbfgs,2,24,auroc,0.6733124397299903
4972,1948.0,1948.0,,guo_icu,guo_icu,clinicalbert_type3_clinicalbert_pool,lr_lbfgs,2,24,auprc,0.0926524540705593
4973,1949.0,1949.0,,guo_icu,guo_icu,clinicalbert_type3_clinicalbert_pool,lr_lbfgs,2,24,brier,0.2923709373496529
4974,1950.0,1950.0,,guo_icu,guo_icu,clinicalbert_type3_clinicalbert_pool,lr_lbfgs,3,24,auroc,0.715983606557377
4975,1951.0,1951.0,,guo_icu,guo_icu,clinicalbert_type3_clinicalbert_pool,lr_lbfgs,3,24,auprc,0.1264907801610243
4976,1952.0,1952.0,,guo_icu,guo_icu,clinicalbert_type3_clinicalbert_pool,lr_lbfgs,3,24,brier,0.2443147675237195
4977,1953.0,1953.0,,guo_icu,guo_icu,clinicalbert_type3_clinicalbert_pool,lr_lbfgs,4,24,auroc,0.597631388621022
4978,1954.0,1954.0,,guo_icu,guo_icu,clinicalbert_type3_clinicalbert_pool,lr_lbfgs,4,24,auprc,0.0990486457100043
4979,1955.0,1955.0,,guo_icu,guo_icu,clinicalbert_type3_clinicalbert_pool,lr_lbfgs,4,24,brier,0.22421227023464
4980,1956.0,1956.0,,guo_icu,guo_icu,clinicalbert_type3_clinicalbert_pool,lr_lbfgs,0,32,auroc,0.594542550626808
4981,1957.0,1957.0,,guo_icu,guo_icu,clinicalbert_type3_clinicalbert_pool,lr_lbfgs,0,32,auprc,0.058667548860982
4982,1958.0,1958.0,,guo_icu,guo_icu,clinicalbert_type3_clinicalbert_pool,lr_lbfgs,0,32,brier,0.4183413940195624
4983,1959.0,1959.0,,guo_icu,guo_icu,clinicalbert_type3_clinicalbert_pool,lr_lbfgs,1,32,auroc,0.5933341369334619
4984,1960.0,1960.0,,guo_icu,guo_icu,clinicalbert_type3_clinicalbert_pool,lr_lbfgs,1,32,auprc,0.0557701674499013
4985,1961.0,1961.0,,guo_icu,guo_icu,clinicalbert_type3_clinicalbert_pool,lr_lbfgs,1,32,brier,0.2533407068676996
4986,1962.0,1962.0,,guo_icu,guo_icu,clinicalbert_type3_clinicalbert_pool,lr_lbfgs,2,32,auroc,0.7232762777242044
4987,1963.0,1963.0,,guo_icu,guo_icu,clinicalbert_type3_clinicalbert_pool,lr_lbfgs,2,32,auprc,0.107974416160996
4988,1964.0,1964.0,,guo_icu,guo_icu,clinicalbert_type3_clinicalbert_pool,lr_lbfgs,2,32,brier,0.2310402648271174
4989,1965.0,1965.0,,guo_icu,guo_icu,clinicalbert_type3_clinicalbert_pool,lr_lbfgs,3,32,auroc,0.6629580520732883
4990,1966.0,1966.0,,guo_icu,guo_icu,clinicalbert_type3_clinicalbert_pool,lr_lbfgs,3,32,auprc,0.081263588699485
4991,1967.0,1967.0,,guo_icu,guo_icu,clinicalbert_type3_clinicalbert_pool,lr_lbfgs,3,32,brier,0.264747083171509
4992,1968.0,1968.0,,guo_icu,guo_icu,clinicalbert_type3_clinicalbert_pool,lr_lbfgs,4,32,auroc,0.6358907907425264
4993,1969.0,1969.0,,guo_icu,guo_icu,clinicalbert_type3_clinicalbert_pool,lr_lbfgs,4,32,auprc,0.1051136342419432
4994,1970.0,1970.0,,guo_icu,guo_icu,clinicalbert_type3_clinicalbert_pool,lr_lbfgs,4,32,brier,0.2429954693780559
4995,1971.0,1971.0,,guo_icu,guo_icu,clinicalbert_type3_clinicalbert_pool,lr_lbfgs,0,48,auroc,0.662349324975892
4996,1972.0,1972.0,,guo_icu,guo_icu,clinicalbert_type3_clinicalbert_pool,lr_lbfgs,0,48,auprc,0.1147568922276466
4997,1973.0,1973.0,,guo_icu,guo_icu,clinicalbert_type3_clinicalbert_pool,lr_lbfgs,0,48,brier,0.2658212991619346
4998,1974.0,1974.0,,guo_icu,guo_icu,clinicalbert_type3_clinicalbert_pool,lr_lbfgs,1,48,auroc,0.5866140308582449
4999,1975.0,1975.0,,guo_icu,guo_icu,clinicalbert_type3_clinicalbert_pool,lr_lbfgs,1,48,auprc,0.0512885767101628
5000,1976.0,1976.0,,guo_icu,guo_icu,clinicalbert_type3_clinicalbert_pool,lr_lbfgs,1,48,brier,0.2705315629408976
5001,1977.0,1977.0,,guo_icu,guo_icu,clinicalbert_type3_clinicalbert_pool,lr_lbfgs,2,48,auroc,0.6711728543876567
5002,1978.0,1978.0,,guo_icu,guo_icu,clinicalbert_type3_clinicalbert_pool,lr_lbfgs,2,48,auprc,0.0736786725202195
5003,1979.0,1979.0,,guo_icu,guo_icu,clinicalbert_type3_clinicalbert_pool,lr_lbfgs,2,48,brier,0.3915974415646941
5004,1980.0,1980.0,,guo_icu,guo_icu,clinicalbert_type3_clinicalbert_pool,lr_lbfgs,3,48,auroc,0.6343478784956607
5005,1981.0,1981.0,,guo_icu,guo_icu,clinicalbert_type3_clinicalbert_pool,lr_lbfgs,3,48,auprc,0.0830496015313605
5006,1982.0,1982.0,,guo_icu,guo_icu,clinicalbert_type3_clinicalbert_pool,lr_lbfgs,3,48,brier,0.2546443903108678
5007,1983.0,1983.0,,guo_icu,guo_icu,clinicalbert_type3_clinicalbert_pool,lr_lbfgs,4,48,auroc,0.5816658630665381
5008,1984.0,1984.0,,guo_icu,guo_icu,clinicalbert_type3_clinicalbert_pool,lr_lbfgs,4,48,auprc,0.0554084253099598
5009,1985.0,1985.0,,guo_icu,guo_icu,clinicalbert_type3_clinicalbert_pool,lr_lbfgs,4,48,brier,0.3992295156426295
5010,1986.0,1986.0,,guo_icu,guo_icu,clinicalbert_type3_clinicalbert_pool,lr_lbfgs,0,64,auroc,0.7406280135004821
5011,1987.0,1987.0,,guo_icu,guo_icu,clinicalbert_type3_clinicalbert_pool,lr_lbfgs,0,64,auprc,0.137534507612593
5012,1988.0,1988.0,,guo_icu,guo_icu,clinicalbert_type3_clinicalbert_pool,lr_lbfgs,0,64,brier,0.2276392145443307
5013,1989.0,1989.0,,guo_icu,guo_icu,clinicalbert_type3_clinicalbert_pool,lr_lbfgs,1,64,auroc,0.5599566055930568
5014,1990.0,1990.0,,guo_icu,guo_icu,clinicalbert_type3_clinicalbert_pool,lr_lbfgs,1,64,auprc,0.0507630648784124
5015,1991.0,1991.0,,guo_icu,guo_icu,clinicalbert_type3_clinicalbert_pool,lr_lbfgs,1,64,brier,0.3564530819804025
5016,1992.0,1992.0,,guo_icu,guo_icu,clinicalbert_type3_clinicalbert_pool,lr_lbfgs,2,64,auroc,0.7574795081967214
5017,1993.0,1993.0,,guo_icu,guo_icu,clinicalbert_type3_clinicalbert_pool,lr_lbfgs,2,64,auprc,0.1185935432831823
5018,1994.0,1994.0,,guo_icu,guo_icu,clinicalbert_type3_clinicalbert_pool,lr_lbfgs,2,64,brier,0.2276820035773921
5019,1995.0,1995.0,,guo_icu,guo_icu,clinicalbert_type3_clinicalbert_pool,lr_lbfgs,3,64,auroc,0.6706243972999035
5020,1996.0,1996.0,,guo_icu,guo_icu,clinicalbert_type3_clinicalbert_pool,lr_lbfgs,3,64,auprc,0.0827433246252699
5021,1997.0,1997.0,,guo_icu,guo_icu,clinicalbert_type3_clinicalbert_pool,lr_lbfgs,3,64,brier,0.3658550837157036
5022,1998.0,1998.0,,guo_icu,guo_icu,clinicalbert_type3_clinicalbert_pool,lr_lbfgs,4,64,auroc,0.6020431533269046
5023,1999.0,1999.0,,guo_icu,guo_icu,clinicalbert_type3_clinicalbert_pool,lr_lbfgs,4,64,auprc,0.088336440969039
5024,2000.0,2000.0,,guo_icu,guo_icu,clinicalbert_type3_clinicalbert_pool,lr_lbfgs,4,64,brier,0.3053133211111986
5025,2001.0,2001.0,,guo_icu,guo_icu,clinicalbert_type3_clinicalbert_pool,lr_lbfgs,0,128,auroc,0.7433160559305689
5026,2002.0,2002.0,,guo_icu,guo_icu,clinicalbert_type3_clinicalbert_pool,lr_lbfgs,0,128,auprc,0.1183907689053048
5027,2003.0,2003.0,,guo_icu,guo_icu,clinicalbert_type3_clinicalbert_pool,lr_lbfgs,0,128,brier,0.2164506209368146
5028,2004.0,2004.0,,guo_icu,guo_icu,clinicalbert_type3_clinicalbert_pool,lr_lbfgs,1,128,auroc,0.728634281581485
5029,2005.0,2005.0,,guo_icu,guo_icu,clinicalbert_type3_clinicalbert_pool,lr_lbfgs,1,128,auprc,0.0928761675005327
5030,2006.0,2006.0,,guo_icu,guo_icu,clinicalbert_type3_clinicalbert_pool,lr_lbfgs,1,128,brier,0.2138509220883903
5031,2007.0,2007.0,,guo_icu,guo_icu,clinicalbert_type3_clinicalbert_pool,lr_lbfgs,2,128,auroc,0.7415441176470587
5032,2008.0,2008.0,,guo_icu,guo_icu,clinicalbert_type3_clinicalbert_pool,lr_lbfgs,2,128,auprc,0.1096442861814819
5033,2009.0,2009.0,,guo_icu,guo_icu,clinicalbert_type3_clinicalbert_pool,lr_lbfgs,2,128,brier,0.2295612357893411
5034,2010.0,2010.0,,guo_icu,guo_icu,clinicalbert_type3_clinicalbert_pool,lr_lbfgs,3,128,auroc,0.7487524108003857
5035,2011.0,2011.0,,guo_icu,guo_icu,clinicalbert_type3_clinicalbert_pool,lr_lbfgs,3,128,auprc,0.1115963594150764
5036,2012.0,2012.0,,guo_icu,guo_icu,clinicalbert_type3_clinicalbert_pool,lr_lbfgs,3,128,brier,0.2190203911604302
5037,2013.0,2013.0,,guo_icu,guo_icu,clinicalbert_type3_clinicalbert_pool,lr_lbfgs,4,128,auroc,0.7595347155255544
5038,2014.0,2014.0,,guo_icu,guo_icu,clinicalbert_type3_clinicalbert_pool,lr_lbfgs,4,128,auprc,0.1199937886769338
5039,2015.0,2015.0,,guo_icu,guo_icu,clinicalbert_type3_clinicalbert_pool,lr_lbfgs,4,128,brier,0.2125084819090788
5040,2016.0,2016.0,,guo_icu,guo_icu,clinicalbert_type3_clinicalbert_pool,knn,0,-1,auroc,0.6016453712632593
5041,2017.0,2017.0,,guo_icu,guo_icu,clinicalbert_type3_clinicalbert_pool,knn,0,-1,auprc,0.0662187421340709
5042,2018.0,2018.0,,guo_icu,guo_icu,clinicalbert_type3_clinicalbert_pool,knn,0,-1,brier,0.044382302273121
5043,2019.0,2019.0,,guo_icu,guo_icu,clinicalbert_type3_clinicalbert_pool,knn,0,1,auroc,0.5292701301832208
5044,2020.0,2020.0,,guo_icu,guo_icu,clinicalbert_type3_clinicalbert_pool,knn,0,1,auprc,0.0443212173023264
5045,2021.0,2021.0,,guo_icu,guo_icu,clinicalbert_type3_clinicalbert_pool,knn,0,1,brier,0.5139911634756995
5046,2022.0,2022.0,,guo_icu,guo_icu,clinicalbert_type3_clinicalbert_pool,knn,1,1,auroc,0.5086517598842816
5047,2023.0,2023.0,,guo_icu,guo_icu,clinicalbert_type3_clinicalbert_pool,knn,1,1,auprc,0.0424357774288996
5048,2024.0,2024.0,,guo_icu,guo_icu,clinicalbert_type3_clinicalbert_pool,knn,1,1,brier,0.7044673539518901
5049,2025.0,2025.0,,guo_icu,guo_icu,clinicalbert_type3_clinicalbert_pool,knn,2,1,auroc,0.5885577386692382
5050,2026.0,2026.0,,guo_icu,guo_icu,clinicalbert_type3_clinicalbert_pool,knn,2,1,auprc,0.0535463925345607
5051,2027.0,2027.0,,guo_icu,guo_icu,clinicalbert_type3_clinicalbert_pool,knn,2,1,brier,0.2601865488463427
5052,2028.0,2028.0,,guo_icu,guo_icu,clinicalbert_type3_clinicalbert_pool,knn,3,1,auroc,0.5786403085824494
5053,2029.0,2029.0,,guo_icu,guo_icu,clinicalbert_type3_clinicalbert_pool,knn,3,1,auprc,0.0533216934672362
5054,2030.0,2030.0,,guo_icu,guo_icu,clinicalbert_type3_clinicalbert_pool,knn,3,1,brier,0.1929307805596465
5055,2031.0,2031.0,,guo_icu,guo_icu,clinicalbert_type3_clinicalbert_pool,knn,4,1,auroc,0.506494093539055
5056,2032.0,2032.0,,guo_icu,guo_icu,clinicalbert_type3_clinicalbert_pool,knn,4,1,auprc,0.0422548181963902
5057,2033.0,2033.0,,guo_icu,guo_icu,clinicalbert_type3_clinicalbert_pool,knn,4,1,brier,0.8379970544918999
5058,2034.0,2034.0,,guo_icu,guo_icu,clinicalbert_type3_clinicalbert_pool,knn,0,2,auroc,0.4571299421407907
5059,2035.0,2035.0,,guo_icu,guo_icu,clinicalbert_type3_clinicalbert_pool,knn,0,2,auprc,0.0386231936213004
5060,2036.0,2036.0,,guo_icu,guo_icu,clinicalbert_type3_clinicalbert_pool,knn,0,2,brier,0.3932253313696613
5061,2037.0,2037.0,,guo_icu,guo_icu,clinicalbert_type3_clinicalbert_pool,knn,1,2,auroc,0.4392990597878495
5062,2038.0,2038.0,,guo_icu,guo_icu,clinicalbert_type3_clinicalbert_pool,knn,1,2,auprc,0.0376021181439937
5063,2039.0,2039.0,,guo_icu,guo_icu,clinicalbert_type3_clinicalbert_pool,knn,1,2,brier,0.3650793650793651
5064,2040.0,2040.0,,guo_icu,guo_icu,clinicalbert_type3_clinicalbert_pool,knn,2,2,auroc,0.5109390067502411
5065,2041.0,2041.0,,guo_icu,guo_icu,clinicalbert_type3_clinicalbert_pool,knn,2,2,auprc,0.0516571073704237
5066,2042.0,2042.0,,guo_icu,guo_icu,clinicalbert_type3_clinicalbert_pool,knn,2,2,brier,0.1656398740896668
5067,2043.0,2043.0,,guo_icu,guo_icu,clinicalbert_type3_clinicalbert_pool,knn,3,2,auroc,0.6036342815814851
5068,2044.0,2044.0,,guo_icu,guo_icu,clinicalbert_type3_clinicalbert_pool,knn,3,2,auprc,0.0560688006640372
5069,2045.0,2045.0,,guo_icu,guo_icu,clinicalbert_type3_clinicalbert_pool,knn,3,2,brier,0.2744231713303878
5070,2046.0,2046.0,,guo_icu,guo_icu,clinicalbert_type3_clinicalbert_pool,knn,4,2,auroc,0.5058220829315333
5071,2047.0,2047.0,,guo_icu,guo_icu,clinicalbert_type3_clinicalbert_pool,knn,4,2,auprc,0.0448293438416677
5072,2048.0,2048.0,,guo_icu,guo_icu,clinicalbert_type3_clinicalbert_pool,knn,4,2,brier,0.456021531395221
5073,2049.0,2049.0,,guo_icu,guo_icu,clinicalbert_type3_clinicalbert_pool,knn,0,4,auroc,0.5370178399228543
5074,2050.0,2050.0,,guo_icu,guo_icu,clinicalbert_type3_clinicalbert_pool,knn,0,4,auprc,0.0451242841113809
5075,2051.0,2051.0,,guo_icu,guo_icu,clinicalbert_type3_clinicalbert_pool,knn,0,4,brier,0.3035640648011782
5076,2052.0,2052.0,,guo_icu,guo_icu,clinicalbert_type3_clinicalbert_pool,knn,1,4,auroc,0.5101615236258437
5077,2053.0,2053.0,,guo_icu,guo_icu,clinicalbert_type3_clinicalbert_pool,knn,1,4,auprc,0.0426100898091195
5078,2054.0,2054.0,,guo_icu,guo_icu,clinicalbert_type3_clinicalbert_pool,knn,1,4,brier,0.2359155621011291
5079,2055.0,2055.0,,guo_icu,guo_icu,clinicalbert_type3_clinicalbert_pool,knn,2,4,auroc,0.503103905496625
5080,2056.0,2056.0,,guo_icu,guo_icu,clinicalbert_type3_clinicalbert_pool,knn,2,4,auprc,0.0424771370353248
5081,2057.0,2057.0,,guo_icu,guo_icu,clinicalbert_type3_clinicalbert_pool,knn,2,4,brier,0.344406261932035
5082,2058.0,2058.0,,guo_icu,guo_icu,clinicalbert_type3_clinicalbert_pool,knn,3,4,auroc,0.5817984570877531
5083,2059.0,2059.0,,guo_icu,guo_icu,clinicalbert_type3_clinicalbert_pool,knn,3,4,auprc,0.0508583980098765
5084,2060.0,2060.0,,guo_icu,guo_icu,clinicalbert_type3_clinicalbert_pool,knn,3,4,brier,0.2383505154639175
5085,2061.0,2061.0,,guo_icu,guo_icu,clinicalbert_type3_clinicalbert_pool,knn,4,4,auroc,0.4850650916104146
5086,2062.0,2062.0,,guo_icu,guo_icu,clinicalbert_type3_clinicalbert_pool,knn,4,4,auprc,0.040915435414914
5087,2063.0,2063.0,,guo_icu,guo_icu,clinicalbert_type3_clinicalbert_pool,knn,4,4,brier,0.3345900834560629
5088,2064.0,2064.0,,guo_icu,guo_icu,clinicalbert_type3_clinicalbert_pool,knn,0,8,auroc,0.5592665139826422
5089,2065.0,2065.0,,guo_icu,guo_icu,clinicalbert_type3_clinicalbert_pool,knn,0,8,auprc,0.0477268791688204
5090,2066.0,2066.0,,guo_icu,guo_icu,clinicalbert_type3_clinicalbert_pool,knn,0,8,brier,0.4241531664212076
5091,2067.0,2067.0,,guo_icu,guo_icu,clinicalbert_type3_clinicalbert_pool,knn,1,8,auroc,0.5402965284474446
5092,2068.0,2068.0,,guo_icu,guo_icu,clinicalbert_type3_clinicalbert_pool,knn,1,8,auprc,0.0532883533434866
5093,2069.0,2069.0,,guo_icu,guo_icu,clinicalbert_type3_clinicalbert_pool,knn,1,8,brier,0.2752745561954982
5094,2070.0,2070.0,,guo_icu,guo_icu,clinicalbert_type3_clinicalbert_pool,knn,2,8,auroc,0.5145310993249759
5095,2071.0,2071.0,,guo_icu,guo_icu,clinicalbert_type3_clinicalbert_pool,knn,2,8,auprc,0.0429719292490473
5096,2072.0,2072.0,,guo_icu,guo_icu,clinicalbert_type3_clinicalbert_pool,knn,2,8,brier,0.4020618556701031
5097,2073.0,2073.0,,guo_icu,guo_icu,clinicalbert_type3_clinicalbert_pool,knn,3,8,auroc,0.6356376567020251
5098,2074.0,2074.0,,guo_icu,guo_icu,clinicalbert_type3_clinicalbert_pool,knn,3,8,auprc,0.0577670772816014
5099,2075.0,2075.0,,guo_icu,guo_icu,clinicalbert_type3_clinicalbert_pool,knn,3,8,brier,0.3063328424153166
5100,2076.0,2076.0,,guo_icu,guo_icu,clinicalbert_type3_clinicalbert_pool,knn,4,8,auroc,0.5044539537126326
5101,2077.0,2077.0,,guo_icu,guo_icu,clinicalbert_type3_clinicalbert_pool,knn,4,8,auprc,0.0422917333151794
5102,2078.0,2078.0,,guo_icu,guo_icu,clinicalbert_type3_clinicalbert_pool,knn,4,8,brier,0.3968581246931763
5103,2079.0,2079.0,,guo_icu,guo_icu,clinicalbert_type3_clinicalbert_pool,knn,0,12,auroc,0.5914115236258438
5104,2080.0,2080.0,,guo_icu,guo_icu,clinicalbert_type3_clinicalbert_pool,knn,0,12,auprc,0.0517559063948323
5105,2081.0,2081.0,,guo_icu,guo_icu,clinicalbert_type3_clinicalbert_pool,knn,0,12,brier,0.2615407318911252
5106,2082.0,2082.0,,guo_icu,guo_icu,clinicalbert_type3_clinicalbert_pool,knn,1,12,auroc,0.5222336065573769
5107,2083.0,2083.0,,guo_icu,guo_icu,clinicalbert_type3_clinicalbert_pool,knn,1,12,auprc,0.0481775262892602
5108,2084.0,2084.0,,guo_icu,guo_icu,clinicalbert_type3_clinicalbert_pool,knn,1,12,brier,0.2517130678660772
5109,2085.0,2085.0,,guo_icu,guo_icu,clinicalbert_type3_clinicalbert_pool,knn,2,12,auroc,0.5516604387656702
5110,2086.0,2086.0,,guo_icu,guo_icu,clinicalbert_type3_clinicalbert_pool,knn,2,12,auprc,0.0486663448684952
5111,2087.0,2087.0,,guo_icu,guo_icu,clinicalbert_type3_clinicalbert_pool,knn,2,12,brier,0.2976381409132711
5112,2088.0,2088.0,,guo_icu,guo_icu,clinicalbert_type3_clinicalbert_pool,knn,3,12,auroc,0.7109148987463838
5113,2089.0,2089.0,,guo_icu,guo_icu,clinicalbert_type3_clinicalbert_pool,knn,3,12,auprc,0.1103979895024075
5114,2090.0,2090.0,,guo_icu,guo_icu,clinicalbert_type3_clinicalbert_pool,knn,3,12,brier,0.2898991021712426
5115,2091.0,2091.0,,guo_icu,guo_icu,clinicalbert_type3_clinicalbert_pool,knn,4,12,auroc,0.4885697926711668
5116,2092.0,2092.0,,guo_icu,guo_icu,clinicalbert_type3_clinicalbert_pool,knn,4,12,auprc,0.0400781348507084
5117,2093.0,2093.0,,guo_icu,guo_icu,clinicalbert_type3_clinicalbert_pool,knn,4,12,brier,0.4845164457535592
5118,2094.0,2094.0,,guo_icu,guo_icu,clinicalbert_type3_clinicalbert_pool,knn,0,16,auroc,0.5739784233365477
5119,2095.0,2095.0,,guo_icu,guo_icu,clinicalbert_type3_clinicalbert_pool,knn,0,16,auprc,0.04953702397342
5120,2096.0,2096.0,,guo_icu,guo_icu,clinicalbert_type3_clinicalbert_pool,knn,0,16,brier,0.3158278518352695
5121,2097.0,2097.0,,guo_icu,guo_icu,clinicalbert_type3_clinicalbert_pool,knn,1,16,auroc,0.5619033269045323
5122,2098.0,2098.0,,guo_icu,guo_icu,clinicalbert_type3_clinicalbert_pool,knn,1,16,auprc,0.0570525281722762
5123,2099.0,2099.0,,guo_icu,guo_icu,clinicalbert_type3_clinicalbert_pool,knn,1,16,brier,0.3105494130630186
5124,2100.0,2100.0,,guo_icu,guo_icu,clinicalbert_type3_clinicalbert_pool,knn,2,16,auroc,0.5203772902603665
5125,2101.0,2101.0,,guo_icu,guo_icu,clinicalbert_type3_clinicalbert_pool,knn,2,16,auprc,0.043501246099015
5126,2102.0,2102.0,,guo_icu,guo_icu,clinicalbert_type3_clinicalbert_pool,knn,2,16,brier,0.4447717231222385
5127,2103.0,2103.0,,guo_icu,guo_icu,clinicalbert_type3_clinicalbert_pool,knn,3,16,auroc,0.6970106075216972
5128,2104.0,2104.0,,guo_icu,guo_icu,clinicalbert_type3_clinicalbert_pool,knn,3,16,auprc,0.0939201372644752
5129,2105.0,2105.0,,guo_icu,guo_icu,clinicalbert_type3_clinicalbert_pool,knn,3,16,brier,0.2171425250977149
5130,2106.0,2106.0,,guo_icu,guo_icu,clinicalbert_type3_clinicalbert_pool,knn,4,16,auroc,0.4826573047251686
5131,2107.0,2107.0,,guo_icu,guo_icu,clinicalbert_type3_clinicalbert_pool,knn,4,16,auprc,0.039496375689228
5132,2108.0,2108.0,,guo_icu,guo_icu,clinicalbert_type3_clinicalbert_pool,knn,4,16,brier,0.4825527736867944
5133,2109.0,2109.0,,guo_icu,guo_icu,clinicalbert_type3_clinicalbert_pool,knn,0,24,auroc,0.6254942140790742
5134,2110.0,2110.0,,guo_icu,guo_icu,clinicalbert_type3_clinicalbert_pool,knn,0,24,auprc,0.0562652741910602
5135,2111.0,2111.0,,guo_icu,guo_icu,clinicalbert_type3_clinicalbert_pool,knn,0,24,brier,0.3240604374624993
5136,2112.0,2112.0,,guo_icu,guo_icu,clinicalbert_type3_clinicalbert_pool,knn,1,24,auroc,0.5491743008678882
5137,2113.0,2113.0,,guo_icu,guo_icu,clinicalbert_type3_clinicalbert_pool,knn,1,24,auprc,0.0571707254321746
5138,2114.0,2114.0,,guo_icu,guo_icu,clinicalbert_type3_clinicalbert_pool,knn,1,24,brier,0.3121808251738186
5139,2115.0,2115.0,,guo_icu,guo_icu,clinicalbert_type3_clinicalbert_pool,knn,2,24,auroc,0.5779863789778207
5140,2116.0,2116.0,,guo_icu,guo_icu,clinicalbert_type3_clinicalbert_pool,knn,2,24,auprc,0.0573041001337815
5141,2117.0,2117.0,,guo_icu,guo_icu,clinicalbert_type3_clinicalbert_pool,knn,2,24,brier,0.2598208964557307
5142,2118.0,2118.0,,guo_icu,guo_icu,clinicalbert_type3_clinicalbert_pool,knn,3,24,auroc,0.6303399228543878
5143,2119.0,2119.0,,guo_icu,guo_icu,clinicalbert_type3_clinicalbert_pool,knn,3,24,auprc,0.0745672120548993
5144,2120.0,2120.0,,guo_icu,guo_icu,clinicalbert_type3_clinicalbert_pool,knn,3,24,brier,0.2413293589848513
5145,2121.0,2121.0,,guo_icu,guo_icu,clinicalbert_type3_clinicalbert_pool,knn,4,24,auroc,0.5653809064609451
5146,2122.0,2122.0,,guo_icu,guo_icu,clinicalbert_type3_clinicalbert_pool,knn,4,24,auprc,0.0535027592018679
5147,2123.0,2123.0,,guo_icu,guo_icu,clinicalbert_type3_clinicalbert_pool,knn,4,24,brier,0.3196967217585774
5148,2124.0,2124.0,,guo_icu,guo_icu,clinicalbert_type3_clinicalbert_pool,knn,0,32,auroc,0.6153748794599807
5149,2125.0,2125.0,,guo_icu,guo_icu,clinicalbert_type3_clinicalbert_pool,knn,0,32,auprc,0.0591456129218328
5150,2126.0,2126.0,,guo_icu,guo_icu,clinicalbert_type3_clinicalbert_pool,knn,0,32,brier,0.2685078454645127
5151,2127.0,2127.0,,guo_icu,guo_icu,clinicalbert_type3_clinicalbert_pool,knn,1,32,auroc,0.5722818225650915
5152,2128.0,2128.0,,guo_icu,guo_icu,clinicalbert_type3_clinicalbert_pool,knn,1,32,auprc,0.059948291276996
5153,2129.0,2129.0,,guo_icu,guo_icu,clinicalbert_type3_clinicalbert_pool,knn,1,32,brier,0.2897494136607186
5154,2130.0,2130.0,,guo_icu,guo_icu,clinicalbert_type3_clinicalbert_pool,knn,2,32,auroc,0.5816327145612343
5155,2131.0,2131.0,,guo_icu,guo_icu,clinicalbert_type3_clinicalbert_pool,knn,2,32,auprc,0.0500462577513453
5156,2132.0,2132.0,,guo_icu,guo_icu,clinicalbert_type3_clinicalbert_pool,knn,2,32,brier,0.261004745540828
5157,2133.0,2133.0,,guo_icu,guo_icu,clinicalbert_type3_clinicalbert_pool,knn,3,32,auroc,0.6252139585342333
5158,2134.0,2134.0,,guo_icu,guo_icu,clinicalbert_type3_clinicalbert_pool,knn,3,32,auprc,0.0763239535460768
5159,2135.0,2135.0,,guo_icu,guo_icu,clinicalbert_type3_clinicalbert_pool,knn,3,32,brier,0.2615462046441809
5160,2136.0,2136.0,,guo_icu,guo_icu,clinicalbert_type3_clinicalbert_pool,knn,4,32,auroc,0.5696239151398265
5161,2137.0,2137.0,,guo_icu,guo_icu,clinicalbert_type3_clinicalbert_pool,knn,4,32,auprc,0.0642970690287433
5162,2138.0,2138.0,,guo_icu,guo_icu,clinicalbert_type3_clinicalbert_pool,knn,4,32,brier,0.2908531582155838
5163,2139.0,2139.0,,guo_icu,guo_icu,clinicalbert_type3_clinicalbert_pool,knn,0,48,auroc,0.6760426711668273
5164,2140.0,2140.0,,guo_icu,guo_icu,clinicalbert_type3_clinicalbert_pool,knn,0,48,auprc,0.0731938365879442
5165,2141.0,2141.0,,guo_icu,guo_icu,clinicalbert_type3_clinicalbert_pool,knn,0,48,brier,0.2711234803782532
5166,2142.0,2142.0,,guo_icu,guo_icu,clinicalbert_type3_clinicalbert_pool,knn,1,48,auroc,0.5472215525554484
5167,2143.0,2143.0,,guo_icu,guo_icu,clinicalbert_type3_clinicalbert_pool,knn,1,48,auprc,0.0471798459586216
5168,2144.0,2144.0,,guo_icu,guo_icu,clinicalbert_type3_clinicalbert_pool,knn,1,48,brier,0.2588708885616102
5169,2145.0,2145.0,,guo_icu,guo_icu,clinicalbert_type3_clinicalbert_pool,knn,2,48,auroc,0.6420624397299904
5170,2146.0,2146.0,,guo_icu,guo_icu,clinicalbert_type3_clinicalbert_pool,knn,2,48,auprc,0.0623528734949559
5171,2147.0,2147.0,,guo_icu,guo_icu,clinicalbert_type3_clinicalbert_pool,knn,2,48,brier,0.2456038753103792
5172,2148.0,2148.0,,guo_icu,guo_icu,clinicalbert_type3_clinicalbert_pool,knn,3,48,auroc,0.6158932015429123
5173,2149.0,2149.0,,guo_icu,guo_icu,clinicalbert_type3_clinicalbert_pool,knn,3,48,auprc,0.0825640701804757
5174,2150.0,2150.0,,guo_icu,guo_icu,clinicalbert_type3_clinicalbert_pool,knn,3,48,brier,0.2923945362575784
5175,2151.0,2151.0,,guo_icu,guo_icu,clinicalbert_type3_clinicalbert_pool,knn,4,48,auroc,0.5511903326904533
5176,2152.0,2152.0,,guo_icu,guo_icu,clinicalbert_type3_clinicalbert_pool,knn,4,48,auprc,0.0534227633771689
5177,2153.0,2153.0,,guo_icu,guo_icu,clinicalbert_type3_clinicalbert_pool,knn,4,48,brier,0.2809621993127149
5178,2154.0,2154.0,,guo_icu,guo_icu,clinicalbert_type3_clinicalbert_pool,knn,0,64,auroc,0.6971793635486981
5179,2155.0,2155.0,,guo_icu,guo_icu,clinicalbert_type3_clinicalbert_pool,knn,0,64,auprc,0.0829855608636005
5180,2156.0,2156.0,,guo_icu,guo_icu,clinicalbert_type3_clinicalbert_pool,knn,0,64,brier,0.247557653509877
5181,2157.0,2157.0,,guo_icu,guo_icu,clinicalbert_type3_clinicalbert_pool,knn,1,64,auroc,0.5916405496624879
5182,2158.0,2158.0,,guo_icu,guo_icu,clinicalbert_type3_clinicalbert_pool,knn,1,64,auprc,0.0534526759725128
5183,2159.0,2159.0,,guo_icu,guo_icu,clinicalbert_type3_clinicalbert_pool,knn,1,64,brier,0.2636478163515338
5184,2160.0,2160.0,,guo_icu,guo_icu,clinicalbert_type3_clinicalbert_pool,knn,2,64,auroc,0.6938042430086788
5185,2161.0,2161.0,,guo_icu,guo_icu,clinicalbert_type3_clinicalbert_pool,knn,2,64,auprc,0.0743443522316694
5186,2162.0,2162.0,,guo_icu,guo_icu,clinicalbert_type3_clinicalbert_pool,knn,2,64,brier,0.2357388316151203
5187,2163.0,2163.0,,guo_icu,guo_icu,clinicalbert_type3_clinicalbert_pool,knn,3,64,auroc,0.652166706846673
5188,2164.0,2164.0,,guo_icu,guo_icu,clinicalbert_type3_clinicalbert_pool,knn,3,64,auprc,0.0782170963083593
5189,2165.0,2165.0,,guo_icu,guo_icu,clinicalbert_type3_clinicalbert_pool,knn,3,64,brier,0.2634066780541415
5190,2166.0,2166.0,,guo_icu,guo_icu,clinicalbert_type3_clinicalbert_pool,knn,4,64,auroc,0.5525072324011573
5191,2167.0,2167.0,,guo_icu,guo_icu,clinicalbert_type3_clinicalbert_pool,knn,4,64,auprc,0.0611699529172138
5192,2168.0,2168.0,,guo_icu,guo_icu,clinicalbert_type3_clinicalbert_pool,knn,4,64,brier,0.2695091286189025
5193,2169.0,2169.0,,guo_icu,guo_icu,clinicalbert_type3_clinicalbert_pool,knn,0,128,auroc,0.7273234088717453
5194,2170.0,2170.0,,guo_icu,guo_icu,clinicalbert_type3_clinicalbert_pool,knn,0,128,auprc,0.0912547126480924
5195,2171.0,2171.0,,guo_icu,guo_icu,clinicalbert_type3_clinicalbert_pool,knn,0,128,brier,0.2621196845598602
5196,2172.0,2172.0,,guo_icu,guo_icu,clinicalbert_type3_clinicalbert_pool,knn,1,128,auroc,0.6147721793635487
5197,2173.0,2173.0,,guo_icu,guo_icu,clinicalbert_type3_clinicalbert_pool,knn,1,128,auprc,0.0653237406727727
5198,2174.0,2174.0,,guo_icu,guo_icu,clinicalbert_type3_clinicalbert_pool,knn,1,128,brier,0.2586727959417118
5199,2175.0,2175.0,,guo_icu,guo_icu,clinicalbert_type3_clinicalbert_pool,knn,2,128,auroc,0.6538753616200579
5200,2176.0,2176.0,,guo_icu,guo_icu,clinicalbert_type3_clinicalbert_pool,knn,2,128,auprc,0.0631421462631269
5201,2177.0,2177.0,,guo_icu,guo_icu,clinicalbert_type3_clinicalbert_pool,knn,2,128,brier,0.2512587504633384
5202,2178.0,2178.0,,guo_icu,guo_icu,clinicalbert_type3_clinicalbert_pool,knn,3,128,auroc,0.6642960462873674
5203,2179.0,2179.0,,guo_icu,guo_icu,clinicalbert_type3_clinicalbert_pool,knn,3,128,auprc,0.0733514873307302
5204,2180.0,2180.0,,guo_icu,guo_icu,clinicalbert_type3_clinicalbert_pool,knn,3,128,brier,0.2457701975917998
5205,2181.0,2181.0,,guo_icu,guo_icu,clinicalbert_type3_clinicalbert_pool,knn,4,128,auroc,0.6702356557377048
5206,2182.0,2182.0,,guo_icu,guo_icu,clinicalbert_type3_clinicalbert_pool,knn,4,128,auprc,0.0741729590448121
5207,2183.0,2183.0,,guo_icu,guo_icu,clinicalbert_type3_clinicalbert_pool,knn,4,128,brier,0.2477663260323188
5208,2184.0,2184.0,,guo_icu,guo_icu,clinicalbert_type3_clinicalbert_pool,rf,0,-1,auroc,0.6501446480231436
5209,2185.0,2185.0,,guo_icu,guo_icu,clinicalbert_type3_clinicalbert_pool,rf,0,-1,auprc,0.0779811257841219
5210,2186.0,2186.0,,guo_icu,guo_icu,clinicalbert_type3_clinicalbert_pool,rf,0,-1,brier,0.0421154857361043
5211,2187.0,2187.0,,guo_icu,guo_icu,clinicalbert_type3_clinicalbert_pool,rf,0,1,auroc,0.6186686354869817
5212,2188.0,2188.0,,guo_icu,guo_icu,clinicalbert_type3_clinicalbert_pool,rf,0,1,auprc,0.0578002891329658
5213,2189.0,2189.0,,guo_icu,guo_icu,clinicalbert_type3_clinicalbert_pool,rf,0,1,brier,0.3532621502209131
5214,2190.0,2190.0,,guo_icu,guo_icu,clinicalbert_type3_clinicalbert_pool,rf,1,1,auroc,0.5292882111861138
5215,2191.0,2191.0,,guo_icu,guo_icu,clinicalbert_type3_clinicalbert_pool,rf,1,1,auprc,0.0508201107763963
5216,2192.0,2192.0,,guo_icu,guo_icu,clinicalbert_type3_clinicalbert_pool,rf,1,1,brier,0.440785468826706
5217,2193.0,2193.0,,guo_icu,guo_icu,clinicalbert_type3_clinicalbert_pool,rf,2,1,auroc,0.5274499758919962
5218,2194.0,2194.0,,guo_icu,guo_icu,clinicalbert_type3_clinicalbert_pool,rf,2,1,auprc,0.0532662573360516
5219,2195.0,2195.0,,guo_icu,guo_icu,clinicalbert_type3_clinicalbert_pool,rf,2,1,brier,0.4220741286205204
5220,2196.0,2196.0,,guo_icu,guo_icu,clinicalbert_type3_clinicalbert_pool,rf,3,1,auroc,0.575283269045323
5221,2197.0,2197.0,,guo_icu,guo_icu,clinicalbert_type3_clinicalbert_pool,rf,3,1,auprc,0.0505923047213953
5222,2198.0,2198.0,,guo_icu,guo_icu,clinicalbert_type3_clinicalbert_pool,rf,3,1,brier,0.313121060382916
5223,2199.0,2199.0,,guo_icu,guo_icu,clinicalbert_type3_clinicalbert_pool,rf,4,1,auroc,0.4828953712632594
5224,2200.0,2200.0,,guo_icu,guo_icu,clinicalbert_type3_clinicalbert_pool,rf,4,1,auprc,0.0527377883875685
5225,2201.0,2201.0,,guo_icu,guo_icu,clinicalbert_type3_clinicalbert_pool,rf,4,1,brier,0.450893470790378
5226,2202.0,2202.0,,guo_icu,guo_icu,clinicalbert_type3_clinicalbert_pool,rf,0,2,auroc,0.4959649228543876
5227,2203.0,2203.0,,guo_icu,guo_icu,clinicalbert_type3_clinicalbert_pool,rf,0,2,auprc,0.0416218338945191
5228,2204.0,2204.0,,guo_icu,guo_icu,clinicalbert_type3_clinicalbert_pool,rf,0,2,brier,0.3078141875306824
5229,2205.0,2205.0,,guo_icu,guo_icu,clinicalbert_type3_clinicalbert_pool,rf,1,2,auroc,0.5003555930568948
5230,2206.0,2206.0,,guo_icu,guo_icu,clinicalbert_type3_clinicalbert_pool,rf,1,2,auprc,0.0417999890756491
5231,2207.0,2207.0,,guo_icu,guo_icu,clinicalbert_type3_clinicalbert_pool,rf,1,2,brier,0.3474226804123712
5232,2208.0,2208.0,,guo_icu,guo_icu,clinicalbert_type3_clinicalbert_pool,rf,2,2,auroc,0.5189850530376084
5233,2209.0,2209.0,,guo_icu,guo_icu,clinicalbert_type3_clinicalbert_pool,rf,2,2,auprc,0.0494523677350516
5234,2210.0,2210.0,,guo_icu,guo_icu,clinicalbert_type3_clinicalbert_pool,rf,2,2,brier,0.345112911143839
5235,2211.0,2211.0,,guo_icu,guo_icu,clinicalbert_type3_clinicalbert_pool,rf,3,2,auroc,0.5050596673095468
5236,2212.0,2212.0,,guo_icu,guo_icu,clinicalbert_type3_clinicalbert_pool,rf,3,2,auprc,0.0419225300699952
5237,2213.0,2213.0,,guo_icu,guo_icu,clinicalbert_type3_clinicalbert_pool,rf,3,2,brier,0.2475124202258223
5238,2214.0,2214.0,,guo_icu,guo_icu,clinicalbert_type3_clinicalbert_pool,rf,4,2,auroc,0.4505333895853423
5239,2215.0,2215.0,,guo_icu,guo_icu,clinicalbert_type3_clinicalbert_pool,rf,4,2,auprc,0.0376988125259203
5240,2216.0,2216.0,,guo_icu,guo_icu,clinicalbert_type3_clinicalbert_pool,rf,4,2,brier,0.4584007309223804
5241,2217.0,2217.0,,guo_icu,guo_icu,clinicalbert_type3_clinicalbert_pool,rf,0,4,auroc,0.5501747830279653
5242,2218.0,2218.0,,guo_icu,guo_icu,clinicalbert_type3_clinicalbert_pool,rf,0,4,auprc,0.0577853436965906
5243,2219.0,2219.0,,guo_icu,guo_icu,clinicalbert_type3_clinicalbert_pool,rf,0,4,brier,0.3207093765341188
5244,2220.0,2220.0,,guo_icu,guo_icu,clinicalbert_type3_clinicalbert_pool,rf,1,4,auroc,0.5361288572806172
5245,2221.0,2221.0,,guo_icu,guo_icu,clinicalbert_type3_clinicalbert_pool,rf,1,4,auprc,0.0529414365862468
5246,2222.0,2222.0,,guo_icu,guo_icu,clinicalbert_type3_clinicalbert_pool,rf,1,4,brier,0.2646391752577319
5247,2223.0,2223.0,,guo_icu,guo_icu,clinicalbert_type3_clinicalbert_pool,rf,2,4,auroc,0.4938976615236258
5248,2224.0,2224.0,,guo_icu,guo_icu,clinicalbert_type3_clinicalbert_pool,rf,2,4,auprc,0.0401865633821922
5249,2225.0,2225.0,,guo_icu,guo_icu,clinicalbert_type3_clinicalbert_pool,rf,2,4,brier,0.2484094256259204
5250,2226.0,2226.0,,guo_icu,guo_icu,clinicalbert_type3_clinicalbert_pool,rf,3,4,auroc,0.528781943105111
5251,2227.0,2227.0,,guo_icu,guo_icu,clinicalbert_type3_clinicalbert_pool,rf,3,4,auprc,0.0448509915206431
5252,2228.0,2228.0,,guo_icu,guo_icu,clinicalbert_type3_clinicalbert_pool,rf,3,4,brier,0.3230584192439862
5253,2229.0,2229.0,,guo_icu,guo_icu,clinicalbert_type3_clinicalbert_pool,rf,4,4,auroc,0.40161824975892
5254,2230.0,2230.0,,guo_icu,guo_icu,clinicalbert_type3_clinicalbert_pool,rf,4,4,auprc,0.033559109054576
5255,2231.0,2231.0,,guo_icu,guo_icu,clinicalbert_type3_clinicalbert_pool,rf,4,4,brier,0.4023956799214531
5256,2232.0,2232.0,,guo_icu,guo_icu,clinicalbert_type3_clinicalbert_pool,rf,0,8,auroc,0.3752802555448409
5257,2233.0,2233.0,,guo_icu,guo_icu,clinicalbert_type3_clinicalbert_pool,rf,0,8,auprc,0.031888129324788
5258,2234.0,2234.0,,guo_icu,guo_icu,clinicalbert_type3_clinicalbert_pool,rf,0,8,brier,0.2639971526755032
5259,2235.0,2235.0,,guo_icu,guo_icu,clinicalbert_type3_clinicalbert_pool,rf,1,8,auroc,0.5602911041465767
5260,2236.0,2236.0,,guo_icu,guo_icu,clinicalbert_type3_clinicalbert_pool,rf,1,8,auprc,0.0636634232449148
5261,2237.0,2237.0,,guo_icu,guo_icu,clinicalbert_type3_clinicalbert_pool,rf,1,8,brier,0.2694354442808051
5262,2238.0,2238.0,,guo_icu,guo_icu,clinicalbert_type3_clinicalbert_pool,rf,2,8,auroc,0.4717182979749276
5263,2239.0,2239.0,,guo_icu,guo_icu,clinicalbert_type3_clinicalbert_pool,rf,2,8,auprc,0.043442113173613
5264,2240.0,2240.0,,guo_icu,guo_icu,clinicalbert_type3_clinicalbert_pool,rf,2,8,brier,0.3337113402061856
5265,2241.0,2241.0,,guo_icu,guo_icu,clinicalbert_type3_clinicalbert_pool,rf,3,8,auroc,0.5706726133076182
5266,2242.0,2242.0,,guo_icu,guo_icu,clinicalbert_type3_clinicalbert_pool,rf,3,8,auprc,0.0546858444884447
5267,2243.0,2243.0,,guo_icu,guo_icu,clinicalbert_type3_clinicalbert_pool,rf,3,8,brier,0.2735247913598429
5268,2244.0,2244.0,,guo_icu,guo_icu,clinicalbert_type3_clinicalbert_pool,rf,4,8,auroc,0.6048698167791707
5269,2245.0,2245.0,,guo_icu,guo_icu,clinicalbert_type3_clinicalbert_pool,rf,4,8,auprc,0.0576159467013707
5270,2246.0,2246.0,,guo_icu,guo_icu,clinicalbert_type3_clinicalbert_pool,rf,4,8,brier,0.3054982817869416
5271,2247.0,2247.0,,guo_icu,guo_icu,clinicalbert_type3_clinicalbert_pool,rf,0,12,auroc,0.6127591610414658
5272,2248.0,2248.0,,guo_icu,guo_icu,clinicalbert_type3_clinicalbert_pool,rf,0,12,auprc,0.0567225958196924
5273,2249.0,2249.0,,guo_icu,guo_icu,clinicalbert_type3_clinicalbert_pool,rf,0,12,brier,0.2418545409916543
5274,2250.0,2250.0,,guo_icu,guo_icu,clinicalbert_type3_clinicalbert_pool,rf,1,12,auroc,0.5479779411764706
5275,2251.0,2251.0,,guo_icu,guo_icu,clinicalbert_type3_clinicalbert_pool,rf,1,12,auprc,0.0519003914138136
5276,2252.0,2252.0,,guo_icu,guo_icu,clinicalbert_type3_clinicalbert_pool,rf,1,12,brier,0.2252970054000982
5277,2253.0,2253.0,,guo_icu,guo_icu,clinicalbert_type3_clinicalbert_pool,rf,2,12,auroc,0.5793756027000965
5278,2254.0,2254.0,,guo_icu,guo_icu,clinicalbert_type3_clinicalbert_pool,rf,2,12,auprc,0.0569872674610739
5279,2255.0,2255.0,,guo_icu,guo_icu,clinicalbert_type3_clinicalbert_pool,rf,2,12,brier,0.2690893470790378
5280,2256.0,2256.0,,guo_icu,guo_icu,clinicalbert_type3_clinicalbert_pool,rf,3,12,auroc,0.5757352941176471
5281,2257.0,2257.0,,guo_icu,guo_icu,clinicalbert_type3_clinicalbert_pool,rf,3,12,auprc,0.0521050678580754
5282,2258.0,2258.0,,guo_icu,guo_icu,clinicalbert_type3_clinicalbert_pool,rf,3,12,brier,0.2628593247149948
5283,2259.0,2259.0,,guo_icu,guo_icu,clinicalbert_type3_clinicalbert_pool,rf,4,12,auroc,0.5042008196721312
5284,2260.0,2260.0,,guo_icu,guo_icu,clinicalbert_type3_clinicalbert_pool,rf,4,12,auprc,0.0423721657704453
5285,2261.0,2261.0,,guo_icu,guo_icu,clinicalbert_type3_clinicalbert_pool,rf,4,12,brier,0.2919587628865979
5286,2262.0,2262.0,,guo_icu,guo_icu,clinicalbert_type3_clinicalbert_pool,rf,0,16,auroc,0.507024469623915
5287,2263.0,2263.0,,guo_icu,guo_icu,clinicalbert_type3_clinicalbert_pool,rf,0,16,auprc,0.0428252684909168
5288,2264.0,2264.0,,guo_icu,guo_icu,clinicalbert_type3_clinicalbert_pool,rf,0,16,brier,0.2504454220922665
5289,2265.0,2265.0,,guo_icu,guo_icu,clinicalbert_type3_clinicalbert_pool,rf,1,16,auroc,0.5805177193828351
5290,2266.0,2266.0,,guo_icu,guo_icu,clinicalbert_type3_clinicalbert_pool,rf,1,16,auprc,0.0509069836360457
5291,2267.0,2267.0,,guo_icu,guo_icu,clinicalbert_type3_clinicalbert_pool,rf,1,16,brier,0.261006381934217
5292,2268.0,2268.0,,guo_icu,guo_icu,clinicalbert_type3_clinicalbert_pool,rf,2,16,auroc,0.5734329797492768
5293,2269.0,2269.0,,guo_icu,guo_icu,clinicalbert_type3_clinicalbert_pool,rf,2,16,auprc,0.0572344081538183
5294,2270.0,2270.0,,guo_icu,guo_icu,clinicalbert_type3_clinicalbert_pool,rf,2,16,brier,0.252179675994109
5295,2271.0,2271.0,,guo_icu,guo_icu,clinicalbert_type3_clinicalbert_pool,rf,3,16,auroc,0.5874126084860173
5296,2272.0,2272.0,,guo_icu,guo_icu,clinicalbert_type3_clinicalbert_pool,rf,3,16,auprc,0.0586577815766847
5297,2273.0,2273.0,,guo_icu,guo_icu,clinicalbert_type3_clinicalbert_pool,rf,3,16,brier,0.2551988217967599
5298,2274.0,2274.0,,guo_icu,guo_icu,clinicalbert_type3_clinicalbert_pool,rf,4,16,auroc,0.5051410318225651
5299,2275.0,2275.0,,guo_icu,guo_icu,clinicalbert_type3_clinicalbert_pool,rf,4,16,auprc,0.0498294542236539
5300,2276.0,2276.0,,guo_icu,guo_icu,clinicalbert_type3_clinicalbert_pool,rf,4,16,brier,0.2867108492881689
5301,2277.0,2277.0,,guo_icu,guo_icu,clinicalbert_type3_clinicalbert_pool,rf,0,24,auroc,0.6471401880424301
5302,2278.0,2278.0,,guo_icu,guo_icu,clinicalbert_type3_clinicalbert_pool,rf,0,24,auprc,0.0790255351589683
5303,2279.0,2279.0,,guo_icu,guo_icu,clinicalbert_type3_clinicalbert_pool,rf,0,24,brier,0.2794299468704703
5304,2280.0,2280.0,,guo_icu,guo_icu,clinicalbert_type3_clinicalbert_pool,rf,1,24,auroc,0.5562590405014465
5305,2281.0,2281.0,,guo_icu,guo_icu,clinicalbert_type3_clinicalbert_pool,rf,1,24,auprc,0.0510307497853512
5306,2282.0,2282.0,,guo_icu,guo_icu,clinicalbert_type3_clinicalbert_pool,rf,1,24,brier,0.2760783014236622
5307,2283.0,2283.0,,guo_icu,guo_icu,clinicalbert_type3_clinicalbert_pool,rf,2,24,auroc,0.6964772179363549
5308,2284.0,2284.0,,guo_icu,guo_icu,clinicalbert_type3_clinicalbert_pool,rf,2,24,auprc,0.1028733351375474
5309,2285.0,2285.0,,guo_icu,guo_icu,clinicalbert_type3_clinicalbert_pool,rf,2,24,brier,0.2312295206153159
5310,2286.0,2286.0,,guo_icu,guo_icu,clinicalbert_type3_clinicalbert_pool,rf,3,24,auroc,0.679291224686596
5311,2287.0,2287.0,,guo_icu,guo_icu,clinicalbert_type3_clinicalbert_pool,rf,3,24,auprc,0.0814970999410355
5312,2288.0,2288.0,,guo_icu,guo_icu,clinicalbert_type3_clinicalbert_pool,rf,3,24,brier,0.2328382215318298
5313,2289.0,2289.0,,guo_icu,guo_icu,clinicalbert_type3_clinicalbert_pool,rf,4,24,auroc,0.5460040983606558
5314,2290.0,2290.0,,guo_icu,guo_icu,clinicalbert_type3_clinicalbert_pool,rf,4,24,auprc,0.0627755339452156
5315,2291.0,2291.0,,guo_icu,guo_icu,clinicalbert_type3_clinicalbert_pool,rf,4,24,brier,0.2404168875797741
5316,2292.0,2292.0,,guo_icu,guo_icu,clinicalbert_type3_clinicalbert_pool,rf,0,32,auroc,0.5935752169720347
5317,2293.0,2293.0,,guo_icu,guo_icu,clinicalbert_type3_clinicalbert_pool,rf,0,32,auprc,0.0605177990708866
5318,2294.0,2294.0,,guo_icu,guo_icu,clinicalbert_type3_clinicalbert_pool,rf,0,32,brier,0.2923024054982818
5319,2295.0,2295.0,,guo_icu,guo_icu,clinicalbert_type3_clinicalbert_pool,rf,1,32,auroc,0.5807045564127291
5320,2296.0,2296.0,,guo_icu,guo_icu,clinicalbert_type3_clinicalbert_pool,rf,1,32,auprc,0.0543884439826737
5321,2297.0,2297.0,,guo_icu,guo_icu,clinicalbert_type3_clinicalbert_pool,rf,1,32,brier,0.2810116838487972
5322,2298.0,2298.0,,guo_icu,guo_icu,clinicalbert_type3_clinicalbert_pool,rf,2,32,auroc,0.6585703953712633
5323,2299.0,2299.0,,guo_icu,guo_icu,clinicalbert_type3_clinicalbert_pool,rf,2,32,auprc,0.08797521638205
5324,2300.0,2300.0,,guo_icu,guo_icu,clinicalbert_type3_clinicalbert_pool,rf,2,32,brier,0.2484646539027982
5325,2301.0,2301.0,,guo_icu,guo_icu,clinicalbert_type3_clinicalbert_pool,rf,3,32,auroc,0.6021938283510125
5326,2302.0,2302.0,,guo_icu,guo_icu,clinicalbert_type3_clinicalbert_pool,rf,3,32,auprc,0.0600263988625507
5327,2303.0,2303.0,,guo_icu,guo_icu,clinicalbert_type3_clinicalbert_pool,rf,3,32,brier,0.2209890052565193
5328,2304.0,2304.0,,guo_icu,guo_icu,clinicalbert_type3_clinicalbert_pool,rf,4,32,auroc,0.5370057859209257
5329,2305.0,2305.0,,guo_icu,guo_icu,clinicalbert_type3_clinicalbert_pool,rf,4,32,auprc,0.0498607568213341
5330,2306.0,2306.0,,guo_icu,guo_icu,clinicalbert_type3_clinicalbert_pool,rf,4,32,brier,0.2783136966126656
5331,2307.0,2307.0,,guo_icu,guo_icu,clinicalbert_type3_clinicalbert_pool,rf,0,48,auroc,0.6930990838958534
5332,2308.0,2308.0,,guo_icu,guo_icu,clinicalbert_type3_clinicalbert_pool,rf,0,48,auprc,0.0769389169652436
5333,2309.0,2309.0,,guo_icu,guo_icu,clinicalbert_type3_clinicalbert_pool,rf,0,48,brier,0.2468554467774018
5334,2310.0,2310.0,,guo_icu,guo_icu,clinicalbert_type3_clinicalbert_pool,rf,1,48,auroc,0.5418756027000965
5335,2311.0,2311.0,,guo_icu,guo_icu,clinicalbert_type3_clinicalbert_pool,rf,1,48,auprc,0.0470161468999544
5336,2312.0,2312.0,,guo_icu,guo_icu,clinicalbert_type3_clinicalbert_pool,rf,1,48,brier,0.2594637399598528
5337,2313.0,2313.0,,guo_icu,guo_icu,clinicalbert_type3_clinicalbert_pool,rf,2,48,auroc,0.6292219141755062
5338,2314.0,2314.0,,guo_icu,guo_icu,clinicalbert_type3_clinicalbert_pool,rf,2,48,auprc,0.062578042039193
5339,2315.0,2315.0,,guo_icu,guo_icu,clinicalbert_type3_clinicalbert_pool,rf,2,48,brier,0.244088702279143
5340,2316.0,2316.0,,guo_icu,guo_icu,clinicalbert_type3_clinicalbert_pool,rf,3,48,auroc,0.5948529411764706
5341,2317.0,2317.0,,guo_icu,guo_icu,clinicalbert_type3_clinicalbert_pool,rf,3,48,auprc,0.0684687161412893
5342,2318.0,2318.0,,guo_icu,guo_icu,clinicalbert_type3_clinicalbert_pool,rf,3,48,brier,0.2466122927928929
5343,2319.0,2319.0,,guo_icu,guo_icu,clinicalbert_type3_clinicalbert_pool,rf,4,48,auroc,0.5394617888138862
5344,2320.0,2320.0,,guo_icu,guo_icu,clinicalbert_type3_clinicalbert_pool,rf,4,48,auprc,0.0487378731256751
5345,2321.0,2321.0,,guo_icu,guo_icu,clinicalbert_type3_clinicalbert_pool,rf,4,48,brier,0.2610211094747177
5346,2322.0,2322.0,,guo_icu,guo_icu,clinicalbert_type3_clinicalbert_pool,rf,0,64,auroc,0.6862403567984571
5347,2323.0,2323.0,,guo_icu,guo_icu,clinicalbert_type3_clinicalbert_pool,rf,0,64,auprc,0.0739360449989915
5348,2324.0,2324.0,,guo_icu,guo_icu,clinicalbert_type3_clinicalbert_pool,rf,0,64,brier,0.238040648011782
5349,2325.0,2325.0,,guo_icu,guo_icu,clinicalbert_type3_clinicalbert_pool,rf,1,64,auroc,0.6212451783992285
5350,2326.0,2326.0,,guo_icu,guo_icu,clinicalbert_type3_clinicalbert_pool,rf,1,64,auprc,0.0567479185334198
5351,2327.0,2327.0,,guo_icu,guo_icu,clinicalbert_type3_clinicalbert_pool,rf,1,64,brier,0.2387069877851937
5352,2328.0,2328.0,,guo_icu,guo_icu,clinicalbert_type3_clinicalbert_pool,rf,2,64,auroc,0.7280104869816779
5353,2329.0,2329.0,,guo_icu,guo_icu,clinicalbert_type3_clinicalbert_pool,rf,2,64,auprc,0.0925328932952633
5354,2330.0,2330.0,,guo_icu,guo_icu,clinicalbert_type3_clinicalbert_pool,rf,2,64,brier,0.2236360561347465
5355,2331.0,2331.0,,guo_icu,guo_icu,clinicalbert_type3_clinicalbert_pool,rf,3,64,auroc,0.6549722757955642
5356,2332.0,2332.0,,guo_icu,guo_icu,clinicalbert_type3_clinicalbert_pool,rf,3,64,auprc,0.0727677583681107
5357,2333.0,2333.0,,guo_icu,guo_icu,clinicalbert_type3_clinicalbert_pool,rf,3,64,brier,0.2313794796269023
5358,2334.0,2334.0,,guo_icu,guo_icu,clinicalbert_type3_clinicalbert_pool,rf,4,64,auroc,0.5951934667309546
5359,2335.0,2335.0,,guo_icu,guo_icu,clinicalbert_type3_clinicalbert_pool,rf,4,64,auprc,0.0729624354325232
5360,2336.0,2336.0,,guo_icu,guo_icu,clinicalbert_type3_clinicalbert_pool,rf,4,64,brier,0.2109893083120036
5361,2337.0,2337.0,,guo_icu,guo_icu,clinicalbert_type3_clinicalbert_pool,rf,0,128,auroc,0.6793786162005786
5362,2338.0,2338.0,,guo_icu,guo_icu,clinicalbert_type3_clinicalbert_pool,rf,0,128,auprc,0.0782116719328222
5363,2339.0,2339.0,,guo_icu,guo_icu,clinicalbert_type3_clinicalbert_pool,rf,0,128,brier,0.224138483162736
5364,2340.0,2340.0,,guo_icu,guo_icu,clinicalbert_type3_clinicalbert_pool,rf,1,128,auroc,0.7142839922854388
5365,2341.0,2341.0,,guo_icu,guo_icu,clinicalbert_type3_clinicalbert_pool,rf,1,128,auprc,0.0881031208611523
5366,2342.0,2342.0,,guo_icu,guo_icu,clinicalbert_type3_clinicalbert_pool,rf,1,128,brier,0.2124455765117789
5367,2343.0,2343.0,,guo_icu,guo_icu,clinicalbert_type3_clinicalbert_pool,rf,2,128,auroc,0.7083052073288332
5368,2344.0,2344.0,,guo_icu,guo_icu,clinicalbert_type3_clinicalbert_pool,rf,2,128,auprc,0.0969153911565042
5369,2345.0,2345.0,,guo_icu,guo_icu,clinicalbert_type3_clinicalbert_pool,rf,2,128,brier,0.2142954344624447
5370,2346.0,2346.0,,guo_icu,guo_icu,clinicalbert_type3_clinicalbert_pool,rf,3,128,auroc,0.7301048698167791
5371,2347.0,2347.0,,guo_icu,guo_icu,clinicalbert_type3_clinicalbert_pool,rf,3,128,auprc,0.0925538056899996
5372,2348.0,2348.0,,guo_icu,guo_icu,clinicalbert_type3_clinicalbert_pool,rf,3,128,brier,0.2221851681855577
5373,2349.0,2349.0,,guo_icu,guo_icu,clinicalbert_type3_clinicalbert_pool,rf,4,128,auroc,0.7292309546769526
5374,2350.0,2350.0,,guo_icu,guo_icu,clinicalbert_type3_clinicalbert_pool,rf,4,128,auprc,0.0916392521388695
5375,2351.0,2351.0,,guo_icu,guo_icu,clinicalbert_type3_clinicalbert_pool,rf,4,128,brier,0.2153056477171421
