,Unnamed: 0.2,Unnamed: 0.1,Unnamed: 0,labeling_function,sub_task,model,head,replicate,k,score,value
0,0.0,0.0,0.0,guo_los,guo_los,count,gbm,0,-1,auroc,0.7829653911632132
1,1.0,1.0,1.0,guo_los,guo_los,count,gbm,0,-1,auprc,0.5316853112190217
2,2.0,2.0,2.0,guo_los,guo_los,count,gbm,0,-1,brier,0.1770712115487087
3,3.0,3.0,3.0,guo_los,guo_los,count,gbm,0,1,auroc,0.4677033440066334
4,4.0,4.0,4.0,guo_los,guo_los,count,gbm,0,1,auprc,0.2400322797644057
5,5.0,5.0,5.0,guo_los,guo_los,count,gbm,0,1,brier,0.5991420110205994
6,6.0,6.0,6.0,guo_los,guo_los,count,gbm,1,1,auroc,0.5560348249490592
7,7.0,7.0,7.0,guo_los,guo_los,count,gbm,1,1,auprc,0.2747106909135234
8,8.0,8.0,8.0,guo_los,guo_los,count,gbm,1,1,brier,0.542361299967266
9,9.0,9.0,9.0,guo_los,guo_los,count,gbm,2,1,auroc,0.5416148438258047
10,10.0,10.0,10.0,guo_los,guo_los,count,gbm,2,1,auprc,0.2691167610453114
11,11.0,11.0,11.0,guo_los,guo_los,count,gbm,2,1,brier,0.4082957322024508
12,12.0,12.0,12.0,guo_los,guo_los,count,gbm,3,1,auroc,0.4583851561741953
13,13.0,13.0,13.0,guo_los,guo_los,count,gbm,3,1,auprc,0.2377489630320907
14,14.0,14.0,14.0,guo_los,guo_los,count,gbm,3,1,brier,0.466259374736062
15,15.0,15.0,15.0,guo_los,guo_los,count,gbm,4,1,auroc,0.5053884728360104
16,16.0,16.0,16.0,guo_los,guo_los,count,gbm,4,1,auprc,0.253526723724479
17,17.0,17.0,17.0,guo_los,guo_los,count,gbm,4,1,brier,0.6220120196393033
18,18.0,18.0,18.0,guo_los,guo_los,count,gbm,0,2,auroc,0.4913670865419389
19,19.0,19.0,19.0,guo_los,guo_los,count,gbm,0,2,auprc,0.2483849858494325
20,20.0,20.0,20.0,guo_los,guo_los,count,gbm,0,2,brier,0.3448117427608769
21,21.0,21.0,21.0,guo_los,guo_los,count,gbm,1,2,auroc,0.5085028050490884
22,22.0,22.0,22.0,guo_los,guo_los,count,gbm,1,2,auprc,0.2552740568800515
23,23.0,23.0,23.0,guo_los,guo_los,count,gbm,1,2,brier,0.2462341194043951
24,24.0,24.0,24.0,guo_los,guo_los,count,gbm,2,2,auroc,0.5726186853317103
25,25.0,25.0,25.0,guo_los,guo_los,count,gbm,2,2,auprc,0.282698456658875
26,26.0,26.0,26.0,guo_los,guo_los,count,gbm,2,2,brier,0.5045074925983776
27,27.0,27.0,27.0,guo_los,guo_los,count,gbm,3,2,auroc,0.4583851561741953
28,28.0,28.0,28.0,guo_los,guo_los,count,gbm,3,2,auprc,0.2377489630320907
29,29.0,29.0,29.0,guo_los,guo_los,count,gbm,3,2,brier,0.4662593747360626
30,30.0,30.0,30.0,guo_los,guo_los,count,gbm,4,2,auroc,0.4615540677622235
31,31.0,31.0,31.0,guo_los,guo_los,count,gbm,4,2,auprc,0.2391378300262127
32,32.0,32.0,32.0,guo_los,guo_los,count,gbm,4,2,brier,0.415393321084118
33,33.0,33.0,33.0,guo_los,guo_los,count,gbm,0,4,auroc,0.5108078188538111
34,34.0,34.0,34.0,guo_los,guo_los,count,gbm,0,4,auprc,0.2547535846181201
35,35.0,35.0,35.0,guo_los,guo_los,count,gbm,0,4,brier,0.5064790450655074
36,36.0,36.0,36.0,guo_los,guo_los,count,gbm,1,4,auroc,0.5040427328940521
37,37.0,37.0,37.0,guo_los,guo_los,count,gbm,1,4,auprc,0.259067468012411
38,38.0,38.0,38.0,guo_los,guo_los,count,gbm,1,4,brier,0.3278563915435622
39,39.0,39.0,39.0,guo_los,guo_los,count,gbm,2,4,auroc,0.5932050332107227
40,40.0,40.0,40.0,guo_los,guo_los,count,gbm,2,4,auprc,0.3171317480485856
41,41.0,41.0,41.0,guo_los,guo_los,count,gbm,2,4,brier,0.3961474285536181
42,42.0,42.0,42.0,guo_los,guo_los,count,gbm,3,4,auroc,0.442162401757125
43,43.0,43.0,43.0,guo_los,guo_los,count,gbm,3,4,auprc,0.229531355993881
44,44.0,44.0,44.0,guo_los,guo_los,count,gbm,3,4,brier,0.3345596699318029
45,45.0,45.0,45.0,guo_los,guo_los,count,gbm,4,4,auroc,0.530744175994778
46,46.0,46.0,46.0,guo_los,guo_los,count,gbm,4,4,auprc,0.263757702855289
47,47.0,47.0,47.0,guo_los,guo_los,count,gbm,4,4,brier,0.4595560963478221
48,48.0,48.0,48.0,guo_los,guo_los,count,gbm,0,8,auroc,0.5218659310028492
49,49.0,49.0,49.0,guo_los,guo_los,count,gbm,0,8,auprc,0.2639624610805912
50,50.0,50.0,50.0,guo_los,guo_los,count,gbm,0,8,brier,0.4955811899094703
51,51.0,51.0,51.0,guo_los,guo_los,count,gbm,1,8,auroc,0.5924690386091191
52,52.0,52.0,52.0,guo_los,guo_los,count,gbm,1,8,auprc,0.3095689029018025
53,53.0,53.0,53.0,guo_los,guo_los,count,gbm,1,8,brier,0.4752568088095919
54,54.0,54.0,54.0,guo_los,guo_los,count,gbm,2,8,auroc,0.5455280196177018
55,55.0,55.0,55.0,guo_los,guo_los,count,gbm,2,8,auprc,0.2753206522301406
56,56.0,56.0,56.0,guo_los,guo_los,count,gbm,2,8,brier,0.5891893522593954
57,57.0,57.0,57.0,guo_los,guo_los,count,gbm,3,8,auroc,0.5534436829059604
58,58.0,58.0,58.0,guo_los,guo_los,count,gbm,3,8,auprc,0.2850352662364978
59,59.0,59.0,59.0,guo_los,guo_los,count,gbm,3,8,brier,0.3808816202596077
60,60.0,60.0,60.0,guo_los,guo_los,count,gbm,4,8,auroc,0.5983354944560586
61,61.0,61.0,61.0,guo_los,guo_los,count,gbm,4,8,auprc,0.3398910521345875
62,62.0,62.0,62.0,guo_los,guo_los,count,gbm,4,8,brier,0.508384304218943
63,63.0,63.0,63.0,guo_los,guo_los,count,gbm,0,12,auroc,0.5096704728889359
64,64.0,64.0,64.0,guo_los,guo_los,count,gbm,0,12,auprc,0.2593362829085193
65,65.0,65.0,65.0,guo_los,guo_los,count,gbm,0,12,brier,0.5496754748829452
66,66.0,66.0,66.0,guo_los,guo_los,count,gbm,1,12,auroc,0.5476053437067223
67,67.0,67.0,67.0,guo_los,guo_los,count,gbm,1,12,auprc,0.2929429386071459
68,68.0,68.0,68.0,guo_los,guo_los,count,gbm,1,12,brier,0.2778223548966737
69,69.0,69.0,69.0,guo_los,guo_los,count,gbm,2,12,auroc,0.613884551941923
70,70.0,70.0,70.0,guo_los,guo_los,count,gbm,2,12,auprc,0.3273060663650874
71,71.0,71.0,71.0,guo_los,guo_los,count,gbm,2,12,brier,0.399745532038509
72,72.0,72.0,72.0,guo_los,guo_los,count,gbm,3,12,auroc,0.5386201451921635
73,73.0,73.0,73.0,guo_los,guo_los,count,gbm,3,12,auprc,0.2821588720395678
74,74.0,74.0,74.0,guo_los,guo_los,count,gbm,3,12,brier,0.3925851289668242
75,75.0,75.0,75.0,guo_los,guo_los,count,gbm,4,12,auroc,0.5886462771353216
76,76.0,76.0,76.0,guo_los,guo_los,count,gbm,4,12,auprc,0.2972356461875611
77,77.0,77.0,77.0,guo_los,guo_los,count,gbm,4,12,brier,0.5017473191443962
78,78.0,78.0,78.0,guo_los,guo_los,count,gbm,0,16,auroc,0.5599380772182381
79,79.0,79.0,79.0,guo_los,guo_los,count,gbm,0,16,auprc,0.3279798590145226
80,80.0,80.0,80.0,guo_los,guo_los,count,gbm,0,16,brier,0.5775912938298822
81,81.0,81.0,81.0,guo_los,guo_los,count,gbm,1,16,auroc,0.5755334444767878
82,82.0,82.0,82.0,guo_los,guo_los,count,gbm,1,16,auprc,0.3189213762593307
83,83.0,83.0,83.0,guo_los,guo_los,count,gbm,1,16,brier,0.4095614036548147
84,84.0,84.0,84.0,guo_los,guo_los,count,gbm,2,16,auroc,0.5679105251087176
85,85.0,85.0,85.0,guo_los,guo_los,count,gbm,2,16,auprc,0.2874775771055463
86,86.0,86.0,86.0,guo_los,guo_los,count,gbm,2,16,brier,0.4375945695612148
87,87.0,87.0,87.0,guo_los,guo_los,count,gbm,3,16,auroc,0.5452457505270493
88,88.0,88.0,88.0,guo_los,guo_los,count,gbm,3,16,auprc,0.2829697982568441
89,89.0,89.0,89.0,guo_los,guo_los,count,gbm,3,16,brier,0.5103406925120773
90,90.0,90.0,90.0,guo_los,guo_los,count,gbm,4,16,auroc,0.5373714352501169
91,91.0,91.0,91.0,guo_los,guo_los,count,gbm,4,16,auprc,0.2611477215474087
92,92.0,92.0,92.0,guo_los,guo_los,count,gbm,4,16,brier,0.4999960607992476
93,93.0,93.0,93.0,guo_los,guo_los,count,gbm,0,24,auroc,0.5585030255718155
94,94.0,94.0,94.0,guo_los,guo_los,count,gbm,0,24,auprc,0.3079507490280251
95,95.0,95.0,95.0,guo_los,guo_los,count,gbm,0,24,brier,0.4490141157204739
96,96.0,96.0,96.0,guo_los,guo_los,count,gbm,1,24,auroc,0.6110811567740171
97,97.0,97.0,97.0,guo_los,guo_los,count,gbm,1,24,auprc,0.3373993899304728
98,98.0,98.0,98.0,guo_los,guo_los,count,gbm,1,24,brier,0.34797109661815
99,99.0,99.0,99.0,guo_los,guo_los,count,gbm,2,24,auroc,0.6109488431377739
100,100.0,100.0,100.0,guo_los,guo_los,count,gbm,2,24,auprc,0.3272650776583619
101,101.0,101.0,101.0,guo_los,guo_los,count,gbm,2,24,brier,0.3619211407089112
102,102.0,102.0,102.0,guo_los,guo_los,count,gbm,3,24,auroc,0.5378604443973996
103,103.0,103.0,103.0,guo_los,guo_los,count,gbm,3,24,auprc,0.2882897439290901
104,104.0,104.0,104.0,guo_los,guo_los,count,gbm,3,24,brier,0.4762059560049955
105,105.0,105.0,105.0,guo_los,guo_los,count,gbm,4,24,auroc,0.5213383303783288
106,106.0,106.0,106.0,guo_los,guo_los,count,gbm,4,24,auprc,0.2620541262384725
107,107.0,107.0,107.0,guo_los,guo_los,count,gbm,4,24,brier,0.4956883833775484
108,108.0,108.0,108.0,guo_los,guo_los,count,gbm,0,32,auroc,0.6049974860409113
109,109.0,109.0,109.0,guo_los,guo_los,count,gbm,0,32,auprc,0.3269024034720348
110,110.0,110.0,110.0,guo_los,guo_los,count,gbm,0,32,brier,0.3504369962457151
111,111.0,111.0,111.0,guo_los,guo_los,count,gbm,1,32,auroc,0.6194637769368511
112,112.0,112.0,112.0,guo_los,guo_los,count,gbm,1,32,auprc,0.3333038145256834
113,113.0,113.0,113.0,guo_los,guo_los,count,gbm,1,32,brier,0.4213125147515624
114,114.0,114.0,114.0,guo_los,guo_los,count,gbm,2,32,auroc,0.5985791720694734
115,115.0,115.0,115.0,guo_los,guo_los,count,gbm,2,32,auprc,0.3163070383840436
116,116.0,116.0,116.0,guo_los,guo_los,count,gbm,2,32,brier,0.3854024838578141
117,117.0,117.0,117.0,guo_los,guo_los,count,gbm,3,32,auroc,0.5774999558954546
118,118.0,118.0,118.0,guo_los,guo_los,count,gbm,3,32,auprc,0.3053753210287701
119,119.0,119.0,119.0,guo_los,guo_los,count,gbm,3,32,brier,0.4262391261211762
120,120.0,120.0,120.0,guo_los,guo_los,count,gbm,4,32,auroc,0.6121655772843949
121,121.0,121.0,121.0,guo_los,guo_los,count,gbm,4,32,auprc,0.3326182655972215
122,122.0,122.0,122.0,guo_los,guo_los,count,gbm,4,32,brier,0.3960522697876162
123,123.0,123.0,123.0,guo_los,guo_los,count,gbm,0,48,auroc,0.613984889782741
124,124.0,124.0,124.0,guo_los,guo_los,count,gbm,0,48,auprc,0.322240887426073
125,125.0,125.0,125.0,guo_los,guo_los,count,gbm,0,48,brier,0.3703232532482086
126,126.0,126.0,126.0,guo_los,guo_los,count,gbm,1,48,auroc,0.6615483341713198
127,127.0,127.0,127.0,guo_los,guo_los,count,gbm,1,48,auprc,0.3729483365729513
128,128.0,128.0,128.0,guo_los,guo_los,count,gbm,1,48,brier,0.3503115114133421
129,129.0,129.0,129.0,guo_los,guo_los,count,gbm,2,48,auroc,0.6974130478887155
130,130.0,130.0,130.0,guo_los,guo_los,count,gbm,2,48,auprc,0.3981216811743275
131,131.0,131.0,131.0,guo_los,guo_los,count,gbm,2,48,brier,0.2887674057372804
132,132.0,132.0,132.0,guo_los,guo_los,count,gbm,3,48,auroc,0.6295030740868154
133,133.0,133.0,133.0,guo_los,guo_los,count,gbm,3,48,auprc,0.3547749844854147
134,134.0,134.0,134.0,guo_los,guo_los,count,gbm,3,48,brier,0.3442641219386607
135,135.0,135.0,135.0,guo_los,guo_los,count,gbm,4,48,auroc,0.5611002319899088
136,136.0,136.0,136.0,guo_los,guo_los,count,gbm,4,48,auprc,0.2951294031598628
137,137.0,137.0,137.0,guo_los,guo_los,count,gbm,4,48,brier,0.4182009573257863
138,138.0,138.0,138.0,guo_los,guo_los,count,gbm,0,64,auroc,0.6069391886527826
139,139.0,139.0,139.0,guo_los,guo_los,count,gbm,0,64,auprc,0.3233946002730068
140,140.0,140.0,140.0,guo_los,guo_los,count,gbm,0,64,brier,0.2678121982612601
141,141.0,141.0,141.0,guo_los,guo_los,count,gbm,1,64,auroc,0.6953710074360263
142,142.0,142.0,142.0,guo_los,guo_los,count,gbm,1,64,auprc,0.397122853623384
143,143.0,143.0,143.0,guo_los,guo_los,count,gbm,1,64,brier,0.2537886318346369
144,144.0,144.0,144.0,guo_los,guo_los,count,gbm,2,64,auroc,0.7052537334497693
145,145.0,145.0,145.0,guo_los,guo_los,count,gbm,2,64,auprc,0.4109683948679781
146,146.0,146.0,146.0,guo_los,guo_los,count,gbm,2,64,brier,0.2112202759414872
147,147.0,147.0,147.0,guo_los,guo_los,count,gbm,3,64,auroc,0.6667405417802359
148,148.0,148.0,148.0,guo_los,guo_los,count,gbm,3,64,auprc,0.4037366252961247
149,149.0,149.0,149.0,guo_los,guo_los,count,gbm,3,64,brier,0.2525080758227633
150,150.0,150.0,150.0,guo_los,guo_los,count,gbm,4,64,auroc,0.6446287279367011
151,151.0,151.0,151.0,guo_los,guo_los,count,gbm,4,64,auprc,0.3643537203669845
152,152.0,152.0,152.0,guo_los,guo_los,count,gbm,4,64,brier,0.3316221637966219
153,153.0,153.0,153.0,guo_los,guo_los,count,gbm,0,128,auroc,0.7070063378231761
154,154.0,154.0,154.0,guo_los,guo_los,count,gbm,0,128,auprc,0.4236326449426109
155,155.0,155.0,155.0,guo_los,guo_los,count,gbm,0,128,brier,0.3151616365688674
156,156.0,156.0,156.0,guo_los,guo_los,count,gbm,1,128,auroc,0.6920675769844841
157,157.0,157.0,157.0,guo_los,guo_los,count,gbm,1,128,auprc,0.3851702665954604
158,158.0,158.0,158.0,guo_los,guo_los,count,gbm,1,128,brier,0.2208219935607533
159,159.0,159.0,159.0,guo_los,guo_los,count,gbm,2,128,auroc,0.7298563514955851
160,160.0,160.0,160.0,guo_los,guo_los,count,gbm,2,128,auprc,0.4437864740065618
161,161.0,161.0,161.0,guo_los,guo_los,count,gbm,2,128,brier,0.2843634344030252
162,162.0,162.0,162.0,guo_los,guo_los,count,gbm,3,128,auroc,0.6526805640089267
163,163.0,163.0,163.0,guo_los,guo_los,count,gbm,3,128,auprc,0.3604646946069292
164,164.0,164.0,164.0,guo_los,guo_los,count,gbm,3,128,brier,0.3145197080031562
165,165.0,165.0,165.0,guo_los,guo_los,count,gbm,4,128,auroc,0.6788191228488009
166,166.0,166.0,166.0,guo_los,guo_los,count,gbm,4,128,auprc,0.3887512550527969
167,167.0,167.0,167.0,guo_los,guo_los,count,gbm,4,128,brier,0.2972787828720585
168,168.0,168.0,168.0,guo_los,guo_los,count,lr_lbfgs,0,-1,auroc,0.7043253327687954
169,169.0,169.0,169.0,guo_los,guo_los,count,lr_lbfgs,0,-1,auprc,0.3843282991385577
170,170.0,170.0,170.0,guo_los,guo_los,count,lr_lbfgs,0,-1,brier,0.1768200652727217
171,171.0,171.0,171.0,guo_los,guo_los,count,lr_lbfgs,0,1,auroc,0.4817374103575114
172,172.0,172.0,172.0,guo_los,guo_los,count,lr_lbfgs,0,1,auprc,0.2341543574665887
173,173.0,173.0,173.0,guo_los,guo_los,count,lr_lbfgs,0,1,brier,0.2499418875762531
174,174.0,174.0,174.0,guo_los,guo_los,count,lr_lbfgs,1,1,auroc,0.4906796069402912
175,175.0,175.0,175.0,guo_los,guo_los,count,lr_lbfgs,1,1,auprc,0.2650316697818022
176,176.0,176.0,176.0,guo_los,guo_los,count,lr_lbfgs,1,1,brier,0.2499204383438489
177,177.0,177.0,177.0,guo_los,guo_los,count,lr_lbfgs,2,1,auroc,0.5176793070293825
178,178.0,178.0,178.0,guo_los,guo_los,count,lr_lbfgs,2,1,auprc,0.2497637532960299
179,179.0,179.0,179.0,guo_los,guo_los,count,lr_lbfgs,2,1,brier,0.250072361343766
180,180.0,180.0,180.0,guo_los,guo_los,count,lr_lbfgs,3,1,auroc,0.4080662803108488
181,181.0,181.0,181.0,guo_los,guo_los,count,lr_lbfgs,3,1,auprc,0.2044740540162359
182,182.0,182.0,182.0,guo_los,guo_los,count,lr_lbfgs,3,1,brier,0.249980682867945
183,183.0,183.0,183.0,guo_los,guo_los,count,lr_lbfgs,4,1,auroc,0.4718690183210282
184,184.0,184.0,184.0,guo_los,guo_los,count,lr_lbfgs,4,1,auprc,0.2338314878551447
185,185.0,185.0,185.0,guo_los,guo_los,count,lr_lbfgs,4,1,brier,0.6341058940600202
186,186.0,186.0,186.0,guo_los,guo_los,count,lr_lbfgs,0,2,auroc,0.5165270757804299
187,187.0,187.0,187.0,guo_los,guo_los,count,lr_lbfgs,0,2,auprc,0.2596603655274307
188,188.0,188.0,188.0,guo_los,guo_los,count,lr_lbfgs,0,2,brier,0.2514805789180575
189,189.0,189.0,189.0,guo_los,guo_los,count,lr_lbfgs,1,2,auroc,0.4488210855010718
190,190.0,190.0,190.0,guo_los,guo_los,count,lr_lbfgs,1,2,auprc,0.2235910792953663
191,191.0,191.0,191.0,guo_los,guo_los,count,lr_lbfgs,1,2,brier,0.2499948239402394
192,192.0,192.0,192.0,guo_los,guo_los,count,lr_lbfgs,2,2,auroc,0.5406004392812723
193,193.0,193.0,193.0,guo_los,guo_los,count,lr_lbfgs,2,2,auprc,0.2589303739383732
194,194.0,194.0,194.0,guo_los,guo_los,count,lr_lbfgs,2,2,brier,0.2500603740301393
195,195.0,195.0,195.0,guo_los,guo_los,count,lr_lbfgs,3,2,auroc,0.5108596416946731
196,196.0,196.0,196.0,guo_los,guo_los,count,lr_lbfgs,3,2,auprc,0.2474633421474739
197,197.0,197.0,197.0,guo_los,guo_los,count,lr_lbfgs,3,2,brier,0.250050797184195
198,198.0,198.0,198.0,guo_los,guo_los,count,lr_lbfgs,4,2,auroc,0.5197693111752097
199,199.0,199.0,199.0,guo_los,guo_los,count,lr_lbfgs,4,2,auprc,0.2641025287984649
200,200.0,200.0,200.0,guo_los,guo_los,count,lr_lbfgs,4,2,brier,0.3572890566066694
201,201.0,201.0,201.0,guo_los,guo_los,count,lr_lbfgs,0,4,auroc,0.5599568216500392
202,202.0,202.0,202.0,guo_los,guo_los,count,lr_lbfgs,0,4,auprc,0.2936193021798419
203,203.0,203.0,203.0,guo_los,guo_los,count,lr_lbfgs,0,4,brier,0.4120016573039856
204,204.0,204.0,204.0,guo_los,guo_los,count,lr_lbfgs,1,4,auroc,0.5432235571197968
205,205.0,205.0,205.0,guo_los,guo_los,count,lr_lbfgs,1,4,auprc,0.3125526288587862
206,206.0,206.0,206.0,guo_los,guo_los,count,lr_lbfgs,1,4,brier,0.2761214419840503
207,207.0,207.0,207.0,guo_los,guo_los,count,lr_lbfgs,2,4,auroc,0.5571098732435364
208,208.0,208.0,208.0,guo_los,guo_los,count,lr_lbfgs,2,4,auprc,0.2886728697890916
209,209.0,209.0,209.0,guo_los,guo_los,count,lr_lbfgs,2,4,brier,0.2499933098426392
210,210.0,210.0,210.0,guo_los,guo_los,count,lr_lbfgs,3,4,auroc,0.4649379890091473
211,211.0,211.0,211.0,guo_los,guo_los,count,lr_lbfgs,3,4,auprc,0.2293038863853799
212,212.0,212.0,212.0,guo_los,guo_los,count,lr_lbfgs,3,4,brier,0.2500326828285436
213,213.0,213.0,213.0,guo_los,guo_los,count,lr_lbfgs,4,4,auroc,0.5662792082352007
214,214.0,214.0,214.0,guo_los,guo_los,count,lr_lbfgs,4,4,auprc,0.2920698567588193
215,215.0,215.0,215.0,guo_los,guo_los,count,lr_lbfgs,4,4,brier,0.2499889574720835
216,216.0,216.0,216.0,guo_los,guo_los,count,lr_lbfgs,0,8,auroc,0.5276160611112581
217,217.0,217.0,217.0,guo_los,guo_los,count,lr_lbfgs,0,8,auprc,0.2709746691891865
218,218.0,218.0,218.0,guo_los,guo_los,count,lr_lbfgs,0,8,brier,0.325146341632482
219,219.0,219.0,219.0,guo_los,guo_los,count,lr_lbfgs,1,8,auroc,0.5559168452900757
220,220.0,220.0,220.0,guo_los,guo_los,count,lr_lbfgs,1,8,auprc,0.2836406230459645
221,221.0,221.0,221.0,guo_los,guo_los,count,lr_lbfgs,1,8,brier,0.2898809637396756
222,222.0,222.0,222.0,guo_los,guo_los,count,lr_lbfgs,2,8,auroc,0.5562586555170376
223,223.0,223.0,223.0,guo_los,guo_los,count,lr_lbfgs,2,8,auprc,0.2940455667135942
224,224.0,224.0,224.0,guo_los,guo_los,count,lr_lbfgs,2,8,brier,0.2659304869865599
225,225.0,225.0,225.0,guo_los,guo_los,count,lr_lbfgs,3,8,auroc,0.5284545987809504
226,226.0,226.0,226.0,guo_los,guo_los,count,lr_lbfgs,3,8,auprc,0.257295985113978
227,227.0,227.0,227.0,guo_los,guo_los,count,lr_lbfgs,3,8,brier,0.3324499195014086
228,228.0,228.0,228.0,guo_los,guo_los,count,lr_lbfgs,4,8,auroc,0.6175827180749247
229,229.0,229.0,229.0,guo_los,guo_los,count,lr_lbfgs,4,8,auprc,0.3102550312618631
230,230.0,230.0,230.0,guo_los,guo_los,count,lr_lbfgs,4,8,brier,0.2499986514978028
231,231.0,231.0,231.0,guo_los,guo_los,count,lr_lbfgs,0,12,auroc,0.5546775075639295
232,232.0,232.0,232.0,guo_los,guo_los,count,lr_lbfgs,0,12,auprc,0.2712816756940212
233,233.0,233.0,233.0,guo_los,guo_los,count,lr_lbfgs,0,12,brier,0.2499945105888933
234,234.0,234.0,234.0,guo_los,guo_los,count,lr_lbfgs,1,12,auroc,0.5634140667037144
235,235.0,235.0,235.0,guo_los,guo_los,count,lr_lbfgs,1,12,auprc,0.2911375617478435
236,236.0,236.0,236.0,guo_los,guo_los,count,lr_lbfgs,1,12,brier,0.3360531510781098
237,237.0,237.0,237.0,guo_los,guo_los,count,lr_lbfgs,2,12,auroc,0.5376377164430566
238,238.0,238.0,238.0,guo_los,guo_los,count,lr_lbfgs,2,12,auprc,0.2839517558354391
239,239.0,239.0,239.0,guo_los,guo_los,count,lr_lbfgs,2,12,brier,0.260609364038992
240,240.0,240.0,240.0,guo_los,guo_los,count,lr_lbfgs,3,12,auroc,0.5516629618848519
241,241.0,241.0,241.0,guo_los,guo_los,count,lr_lbfgs,3,12,auprc,0.2709261548362326
242,242.0,242.0,242.0,guo_los,guo_los,count,lr_lbfgs,3,12,brier,0.2919416318824086
243,243.0,243.0,243.0,guo_los,guo_los,count,lr_lbfgs,4,12,auroc,0.5913647710533048
244,244.0,244.0,244.0,guo_los,guo_los,count,lr_lbfgs,4,12,auprc,0.2991067998998172
245,245.0,245.0,245.0,guo_los,guo_los,count,lr_lbfgs,4,12,brier,0.2500020177801646
246,246.0,246.0,246.0,guo_los,guo_los,count,lr_lbfgs,0,16,auroc,0.5821259714026127
247,247.0,247.0,247.0,guo_los,guo_los,count,lr_lbfgs,0,16,auprc,0.2926976944774258
248,248.0,248.0,248.0,guo_los,guo_los,count,lr_lbfgs,0,16,brier,0.2499951106492351
249,249.0,249.0,249.0,guo_los,guo_los,count,lr_lbfgs,1,16,auroc,0.593584332301287
250,250.0,250.0,250.0,guo_los,guo_los,count,lr_lbfgs,1,16,auprc,0.3134574227775168
251,251.0,251.0,251.0,guo_los,guo_los,count,lr_lbfgs,1,16,brier,0.3290101633134356
252,252.0,252.0,252.0,guo_los,guo_los,count,lr_lbfgs,2,16,auroc,0.5720524932299522
253,253.0,253.0,253.0,guo_los,guo_los,count,lr_lbfgs,2,16,auprc,0.2858712640887074
254,254.0,254.0,254.0,guo_los,guo_los,count,lr_lbfgs,2,16,brier,0.250003108500279
255,255.0,255.0,255.0,guo_los,guo_los,count,lr_lbfgs,3,16,auroc,0.5546642762003052
256,256.0,256.0,256.0,guo_los,guo_los,count,lr_lbfgs,3,16,auprc,0.280674571102508
257,257.0,257.0,257.0,guo_los,guo_los,count,lr_lbfgs,3,16,brier,0.3123662871815701
258,258.0,258.0,258.0,guo_los,guo_los,count,lr_lbfgs,4,16,auroc,0.5904661409404853
259,259.0,259.0,259.0,guo_los,guo_los,count,lr_lbfgs,4,16,auprc,0.2950424754309899
260,260.0,260.0,260.0,guo_los,guo_los,count,lr_lbfgs,4,16,brier,0.2500097650443606
261,261.0,261.0,261.0,guo_los,guo_los,count,lr_lbfgs,0,24,auroc,0.6057803417220178
262,262.0,262.0,262.0,guo_los,guo_los,count,lr_lbfgs,0,24,auprc,0.3114400097307485
263,263.0,263.0,263.0,guo_los,guo_los,count,lr_lbfgs,0,24,brier,0.2499875300171289
264,264.0,264.0,264.0,guo_los,guo_los,count,lr_lbfgs,1,24,auroc,0.6160963948944578
265,265.0,265.0,265.0,guo_los,guo_los,count,lr_lbfgs,1,24,auprc,0.3245910075287379
266,266.0,266.0,266.0,guo_los,guo_los,count,lr_lbfgs,1,24,brier,0.2857247672653709
267,267.0,267.0,267.0,guo_los,guo_los,count,lr_lbfgs,2,24,auroc,0.6209897942081911
268,268.0,268.0,268.0,guo_los,guo_los,count,lr_lbfgs,2,24,auprc,0.32694840364727
269,269.0,269.0,269.0,guo_los,guo_los,count,lr_lbfgs,2,24,brier,0.246140433008347
270,270.0,270.0,270.0,guo_los,guo_los,count,lr_lbfgs,3,24,auroc,0.5683488140287738
271,271.0,271.0,271.0,guo_los,guo_los,count,lr_lbfgs,3,24,auprc,0.3188431784080575
272,272.0,272.0,272.0,guo_los,guo_los,count,lr_lbfgs,3,24,brier,0.2499844296947198
273,273.0,273.0,273.0,guo_los,guo_los,count,lr_lbfgs,4,24,auroc,0.5413943210987324
274,274.0,274.0,274.0,guo_los,guo_los,count,lr_lbfgs,4,24,auprc,0.2604398211863009
275,275.0,275.0,275.0,guo_los,guo_los,count,lr_lbfgs,4,24,brier,0.2500138525728349
276,276.0,276.0,276.0,guo_los,guo_los,count,lr_lbfgs,0,32,auroc,0.6187073839829933
277,277.0,277.0,277.0,guo_los,guo_los,count,lr_lbfgs,0,32,auprc,0.3180111356020438
278,278.0,278.0,278.0,guo_los,guo_los,count,lr_lbfgs,0,32,brier,0.2495506117660959
279,279.0,279.0,279.0,guo_los,guo_los,count,lr_lbfgs,1,32,auroc,0.6039290534282462
280,280.0,280.0,280.0,guo_los,guo_los,count,lr_lbfgs,1,32,auprc,0.3103587214312613
281,281.0,281.0,281.0,guo_los,guo_los,count,lr_lbfgs,1,32,brier,0.2821880318785855
282,282.0,282.0,282.0,guo_los,guo_los,count,lr_lbfgs,2,32,auroc,0.6067914384256441
283,283.0,283.0,283.0,guo_los,guo_los,count,lr_lbfgs,2,32,auprc,0.3107462929122572
284,284.0,284.0,284.0,guo_los,guo_los,count,lr_lbfgs,2,32,brier,0.2472707712227556
285,285.0,285.0,285.0,guo_los,guo_los,count,lr_lbfgs,3,32,auroc,0.570913493344624
286,286.0,286.0,286.0,guo_los,guo_los,count,lr_lbfgs,3,32,auprc,0.3263483970518401
287,287.0,287.0,287.0,guo_los,guo_los,count,lr_lbfgs,3,32,brier,0.2499871399557451
288,288.0,288.0,288.0,guo_los,guo_los,count,lr_lbfgs,4,32,auroc,0.5859553485582224
289,289.0,289.0,289.0,guo_los,guo_los,count,lr_lbfgs,4,32,auprc,0.290835319930971
290,290.0,290.0,290.0,guo_los,guo_los,count,lr_lbfgs,4,32,brier,0.2514370523307742
291,291.0,291.0,291.0,guo_los,guo_los,count,lr_lbfgs,0,48,auroc,0.6430122963472615
292,292.0,292.0,292.0,guo_los,guo_los,count,lr_lbfgs,0,48,auprc,0.3298094964926481
293,293.0,293.0,293.0,guo_los,guo_los,count,lr_lbfgs,0,48,brier,0.2436558566131712
294,294.0,294.0,294.0,guo_los,guo_los,count,lr_lbfgs,1,48,auroc,0.6381133839653516
295,295.0,295.0,295.0,guo_los,guo_los,count,lr_lbfgs,1,48,auprc,0.3541995584258135
296,296.0,296.0,296.0,guo_los,guo_los,count,lr_lbfgs,1,48,brier,0.2462888138604544
297,297.0,297.0,297.0,guo_los,guo_los,count,lr_lbfgs,2,48,auroc,0.6272239717025236
298,298.0,298.0,298.0,guo_los,guo_los,count,lr_lbfgs,2,48,auprc,0.3341382559796387
299,299.0,299.0,299.0,guo_los,guo_los,count,lr_lbfgs,2,48,brier,0.24999016332646
300,300.0,300.0,300.0,guo_los,guo_los,count,lr_lbfgs,3,48,auroc,0.6392038688507238
301,301.0,301.0,301.0,guo_los,guo_los,count,lr_lbfgs,3,48,auprc,0.3717657865594288
302,302.0,302.0,302.0,guo_los,guo_los,count,lr_lbfgs,3,48,brier,0.2346558267812924
303,303.0,303.0,303.0,guo_los,guo_los,count,lr_lbfgs,4,48,auroc,0.636634779080332
304,304.0,304.0,304.0,guo_los,guo_los,count,lr_lbfgs,4,48,auprc,0.3407598138195107
305,305.0,305.0,305.0,guo_los,guo_los,count,lr_lbfgs,4,48,brier,0.2499324425128211
306,306.0,306.0,306.0,guo_los,guo_los,count,lr_lbfgs,0,64,auroc,0.6274466996568667
307,307.0,307.0,307.0,guo_los,guo_los,count,lr_lbfgs,0,64,auprc,0.3188821216935108
308,308.0,308.0,308.0,guo_los,guo_los,count,lr_lbfgs,0,64,brier,0.2471755212554005
309,309.0,309.0,309.0,guo_los,guo_los,count,lr_lbfgs,1,64,auroc,0.6329459851632309
310,310.0,310.0,310.0,guo_los,guo_los,count,lr_lbfgs,1,64,auprc,0.3426974481593418
311,311.0,311.0,311.0,guo_los,guo_los,count,lr_lbfgs,1,64,brier,0.3684347234422041
312,312.0,312.0,312.0,guo_los,guo_los,count,lr_lbfgs,2,64,auroc,0.6275955524976404
313,313.0,313.0,313.0,guo_los,guo_los,count,lr_lbfgs,2,64,auprc,0.3353798285530203
314,314.0,314.0,314.0,guo_los,guo_los,count,lr_lbfgs,2,64,brier,0.2548152626522952
315,315.0,315.0,315.0,guo_los,guo_los,count,lr_lbfgs,3,64,auroc,0.6616674164439387
316,316.0,316.0,316.0,guo_los,guo_los,count,lr_lbfgs,3,64,auprc,0.3506013220055154
317,317.0,317.0,317.0,guo_los,guo_los,count,lr_lbfgs,3,64,brier,0.2439641174474598
318,318.0,318.0,318.0,guo_los,guo_los,count,lr_lbfgs,4,64,auroc,0.6759914701809168
319,319.0,319.0,319.0,guo_los,guo_los,count,lr_lbfgs,4,64,auprc,0.3537350897791346
320,320.0,320.0,320.0,guo_los,guo_los,count,lr_lbfgs,4,64,brier,0.2465143275424931
321,321.0,321.0,321.0,guo_los,guo_los,count,lr_lbfgs,0,128,auroc,0.6689821553009253
322,322.0,322.0,322.0,guo_los,guo_los,count,lr_lbfgs,0,128,auprc,0.3452170870794027
323,323.0,323.0,323.0,guo_los,guo_los,count,lr_lbfgs,0,128,brier,0.2457996487221043
324,324.0,324.0,324.0,guo_los,guo_los,count,lr_lbfgs,1,128,auroc,0.677026824384521
325,325.0,325.0,325.0,guo_los,guo_los,count,lr_lbfgs,1,128,auprc,0.3747470501402224
326,326.0,326.0,326.0,guo_los,guo_los,count,lr_lbfgs,1,128,brier,0.2249902957155746
327,327.0,327.0,327.0,guo_los,guo_los,count,lr_lbfgs,2,128,auroc,0.6768735610892058
328,328.0,328.0,328.0,guo_los,guo_los,count,lr_lbfgs,2,128,auprc,0.381617307735639
329,329.0,329.0,329.0,guo_los,guo_los,count,lr_lbfgs,2,128,brier,0.2303663588089863
330,330.0,330.0,330.0,guo_los,guo_los,count,lr_lbfgs,3,128,auroc,0.6737002390466361
331,331.0,331.0,331.0,guo_los,guo_los,count,lr_lbfgs,3,128,auprc,0.3548491753526565
332,332.0,332.0,332.0,guo_los,guo_los,count,lr_lbfgs,3,128,brier,0.243818619156528
333,333.0,333.0,333.0,guo_los,guo_los,count,lr_lbfgs,4,128,auroc,0.6892669383506664
334,334.0,334.0,334.0,guo_los,guo_los,count,lr_lbfgs,4,128,auprc,0.3688954348544989
335,335.0,335.0,335.0,guo_los,guo_los,count,lr_lbfgs,4,128,brier,0.2348641875039818
336,336.0,336.0,336.0,guo_los,guo_los,count,rf,0,-1,auroc,0.7581951758448227
337,337.0,337.0,337.0,guo_los,guo_los,count,rf,0,-1,auprc,0.482910928475883
338,338.0,338.0,338.0,guo_los,guo_los,count,rf,0,-1,brier,0.1598215089410817
339,339.0,339.0,339.0,guo_los,guo_los,count,rf,0,1,auroc,0.5133030335106337
340,340.0,340.0,340.0,guo_los,guo_los,count,rf,0,1,auprc,0.2598053065890688
341,341.0,341.0,341.0,guo_los,guo_los,count,rf,0,1,brier,0.5372129840546698
342,342.0,342.0,342.0,guo_los,guo_los,count,rf,1,1,auroc,0.5106992114107279
343,343.0,343.0,343.0,guo_los,guo_los,count,rf,1,1,auprc,0.2571363477709362
344,344.0,344.0,344.0,guo_los,guo_los,count,rf,1,1,brier,0.4413166287015945
345,345.0,345.0,345.0,guo_los,guo_los,count,rf,2,1,auroc,0.4984602000582179
346,346.0,346.0,346.0,guo_los,guo_los,count,rf,2,1,auprc,0.251531779249742
347,347.0,347.0,347.0,guo_los,guo_los,count,rf,2,1,brier,0.22975854214123
348,348.0,348.0,348.0,guo_los,guo_los,count,rf,3,1,auroc,0.4346866813093757
349,349.0,349.0,349.0,guo_los,guo_los,count,rf,3,1,auprc,0.2237699151211692
350,350.0,350.0,350.0,guo_los,guo_los,count,rf,3,1,brier,0.2523359908883827
351,351.0,351.0,351.0,guo_los,guo_los,count,rf,4,1,auroc,0.5028452944860498
352,352.0,352.0,352.0,guo_los,guo_los,count,rf,4,1,auprc,0.2522302318422851
353,353.0,353.0,353.0,guo_los,guo_los,count,rf,4,1,brier,0.5433940774487471
354,354.0,354.0,354.0,guo_los,guo_los,count,rf,0,2,auroc,0.4577958091860947
355,355.0,355.0,355.0,guo_los,guo_los,count,rf,0,2,auprc,0.2363239135161771
356,356.0,356.0,356.0,guo_los,guo_los,count,rf,0,2,brier,0.2545107972665148
357,357.0,357.0,357.0,guo_los,guo_los,count,rf,1,2,auroc,0.5862690421374828
358,358.0,358.0,358.0,guo_los,guo_los,count,rf,1,2,auprc,0.3067486202306245
359,359.0,359.0,359.0,guo_los,guo_los,count,rf,1,2,brier,0.2501583143507973
360,360.0,360.0,360.0,guo_los,guo_los,count,rf,2,2,auroc,0.4972236188661604
361,361.0,361.0,361.0,guo_los,guo_los,count,rf,2,2,auprc,0.2436218384608773
362,362.0,362.0,362.0,guo_los,guo_los,count,rf,2,2,brier,0.2449510250569476
363,363.0,363.0,363.0,guo_los,guo_los,count,rf,3,2,auroc,0.404520274859527
364,364.0,364.0,364.0,guo_los,guo_los,count,rf,3,2,auprc,0.2131055991511624
365,365.0,365.0,365.0,guo_los,guo_los,count,rf,3,2,brier,0.2463940774487471
366,366.0,366.0,366.0,guo_los,guo_los,count,rf,4,2,auroc,0.501774656646114
367,367.0,367.0,367.0,guo_los,guo_los,count,rf,4,2,auprc,0.2489673453460466
368,368.0,368.0,368.0,guo_los,guo_los,count,rf,4,2,brier,0.4972710706150341
369,369.0,369.0,369.0,guo_los,guo_los,count,rf,0,4,auroc,0.550845925181049
370,370.0,370.0,370.0,guo_los,guo_los,count,rf,0,4,auprc,0.2764888079699211
371,371.0,371.0,371.0,guo_los,guo_los,count,rf,0,4,brier,0.2788952164009111
372,372.0,372.0,372.0,guo_los,guo_los,count,rf,1,4,auroc,0.5296823590639251
373,373.0,373.0,373.0,guo_los,guo_los,count,rf,1,4,auprc,0.2711885955845903
374,374.0,374.0,374.0,guo_los,guo_los,count,rf,1,4,brier,0.3470205011389521
375,375.0,375.0,375.0,guo_los,guo_los,count,rf,2,4,auroc,0.6575254483227042
376,376.0,376.0,376.0,guo_los,guo_los,count,rf,2,4,auprc,0.3768196909955898
377,377.0,377.0,377.0,guo_los,guo_los,count,rf,2,4,brier,0.2327343963553531
378,378.0,378.0,378.0,guo_los,guo_los,count,rf,3,4,auroc,0.4745009570686355
379,379.0,379.0,379.0,guo_los,guo_los,count,rf,3,4,auprc,0.2328322481549327
380,380.0,380.0,380.0,guo_los,guo_los,count,rf,3,4,brier,0.2141984915211339
381,381.0,381.0,381.0,guo_los,guo_los,count,rf,4,4,auroc,0.4713287376397012
382,382.0,382.0,382.0,guo_los,guo_los,count,rf,4,4,auprc,0.237220347021853
383,383.0,383.0,383.0,guo_los,guo_los,count,rf,4,4,brier,0.3320478359908884
384,384.0,384.0,384.0,guo_los,guo_los,count,rf,0,8,auroc,0.5366745834325687
385,385.0,385.0,385.0,guo_los,guo_los,count,rf,0,8,auprc,0.269416611730655
386,386.0,386.0,386.0,guo_los,guo_los,count,rf,0,8,brier,0.3884373576309795
387,387.0,387.0,387.0,guo_los,guo_los,count,rf,1,8,auroc,0.546725458025704
388,388.0,388.0,388.0,guo_los,guo_los,count,rf,1,8,auprc,0.2994658047590018
389,389.0,389.0,389.0,guo_los,guo_los,count,rf,1,8,brier,0.2641924843330802
390,390.0,390.0,390.0,guo_los,guo_los,count,rf,2,8,auroc,0.5637079132375383
391,391.0,391.0,391.0,guo_los,guo_los,count,rf,2,8,auprc,0.2884257827785818
392,392.0,392.0,392.0,guo_los,guo_los,count,rf,2,8,brier,0.2978314350797266
393,393.0,393.0,393.0,guo_los,guo_los,count,rf,3,8,auroc,0.4870702012049361
394,394.0,394.0,394.0,guo_los,guo_los,count,rf,3,8,auprc,0.2463683865344399
395,395.0,395.0,395.0,guo_los,guo_los,count,rf,3,8,brier,0.2389293849658314
396,396.0,396.0,396.0,guo_los,guo_los,count,rf,4,8,auroc,0.6026748304180228
397,397.0,397.0,397.0,guo_los,guo_los,count,rf,4,8,auprc,0.3161378817358232
398,398.0,398.0,398.0,guo_los,guo_los,count,rf,4,8,brier,0.2710706150341685
399,399.0,399.0,399.0,guo_los,guo_los,count,rf,0,12,auroc,0.6027878483156472
400,400.0,400.0,400.0,guo_los,guo_los,count,rf,0,12,auprc,0.3292468846565477
401,401.0,401.0,401.0,guo_los,guo_los,count,rf,0,12,brier,0.2540393166287015
402,402.0,402.0,402.0,guo_los,guo_los,count,rf,1,12,auroc,0.5511320534194254
403,403.0,403.0,403.0,guo_los,guo_los,count,rf,1,12,auprc,0.3016158228722071
404,404.0,404.0,404.0,guo_los,guo_los,count,rf,1,12,brier,0.2419203644646925
405,405.0,405.0,405.0,guo_los,guo_los,count,rf,2,12,auroc,0.5850710524226627
406,406.0,406.0,406.0,guo_los,guo_los,count,rf,2,12,auprc,0.3203720309750417
407,407.0,407.0,407.0,guo_los,guo_los,count,rf,2,12,brier,0.2532666970387243
408,408.0,408.0,408.0,guo_los,guo_los,count,rf,3,12,auroc,0.5396825134298341
409,409.0,409.0,409.0,guo_los,guo_los,count,rf,3,12,auprc,0.2747493169048778
410,410.0,410.0,410.0,guo_los,guo_los,count,rf,3,12,brier,0.2400227790432802
411,411.0,411.0,411.0,guo_los,guo_los,count,rf,4,12,auroc,0.592467384688666
412,412.0,412.0,412.0,guo_los,guo_los,count,rf,4,12,auprc,0.33235200223718
413,413.0,413.0,413.0,guo_los,guo_los,count,rf,4,12,brier,0.2334533029612756
414,414.0,414.0,414.0,guo_los,guo_los,count,rf,0,16,auroc,0.5446078885389929
415,415.0,415.0,415.0,guo_los,guo_los,count,rf,0,16,auprc,0.2780230818479567
416,416.0,416.0,416.0,guo_los,guo_los,count,rf,0,16,brier,0.2606573326892655
417,417.0,417.0,417.0,guo_los,guo_los,count,rf,1,16,auroc,0.6198480377887746
418,418.0,418.0,418.0,guo_los,guo_los,count,rf,1,16,auprc,0.3376811669780303
419,419.0,419.0,419.0,guo_los,guo_los,count,rf,1,16,brier,0.2341230068337129
420,420.0,420.0,420.0,guo_los,guo_los,count,rf,2,16,auroc,0.5969423421277796
421,421.0,421.0,421.0,guo_los,guo_los,count,rf,2,16,auprc,0.3353315478026923
422,422.0,422.0,422.0,guo_los,guo_los,count,rf,2,16,brier,0.2634518432783463
423,423.0,423.0,423.0,guo_los,guo_los,count,rf,3,16,auroc,0.5957834951970151
424,424.0,424.0,424.0,guo_los,guo_los,count,rf,3,16,auprc,0.3531502916413972
425,425.0,425.0,425.0,guo_los,guo_los,count,rf,3,16,brier,0.2562986990635282
426,426.0,426.0,426.0,guo_los,guo_los,count,rf,4,16,auroc,0.6121661285912126
427,427.0,427.0,427.0,guo_los,guo_los,count,rf,4,16,auprc,0.313759050375309
428,428.0,428.0,428.0,guo_los,guo_los,count,rf,4,16,brier,0.2401627334851936
429,429.0,429.0,429.0,guo_los,guo_los,count,rf,0,24,auroc,0.5990086400804466
430,430.0,430.0,430.0,guo_los,guo_los,count,rf,0,24,auprc,0.3335201918860478
431,431.0,431.0,431.0,guo_los,guo_los,count,rf,0,24,brier,0.24512666573615
432,432.0,432.0,432.0,guo_los,guo_los,count,rf,1,24,auroc,0.5923516102569529
433,433.0,433.0,433.0,guo_los,guo_los,count,rf,1,24,auprc,0.3160667474762935
434,434.0,434.0,434.0,guo_los,guo_los,count,rf,1,24,brier,0.2615113895216401
435,435.0,435.0,435.0,guo_los,guo_los,count,rf,2,24,auroc,0.6370228990799791
436,436.0,436.0,436.0,guo_los,guo_los,count,rf,2,24,auprc,0.3613770075088493
437,437.0,437.0,437.0,guo_los,guo_los,count,rf,2,24,brier,0.2266010022779043
438,438.0,438.0,438.0,guo_los,guo_los,count,rf,3,24,auroc,0.5285075242354477
439,439.0,439.0,439.0,guo_los,guo_los,count,rf,3,24,auprc,0.2831841138726993
440,440.0,440.0,440.0,guo_los,guo_los,count,rf,3,24,brier,0.2606108428246013
441,441.0,441.0,441.0,guo_los,guo_los,count,rf,4,24,auroc,0.5141250319757955
442,442.0,442.0,442.0,guo_los,guo_los,count,rf,4,24,auprc,0.2615366243403847
443,443.0,443.0,443.0,guo_los,guo_los,count,rf,4,24,brier,0.2683621867881549
444,444.0,444.0,444.0,guo_los,guo_los,count,rf,0,32,auroc,0.5905824666790159
445,445.0,445.0,445.0,guo_los,guo_los,count,rf,0,32,auprc,0.3119985455376915
446,446.0,446.0,446.0,guo_los,guo_los,count,rf,0,32,brier,0.2559688129587446
447,447.0,447.0,447.0,guo_los,guo_los,count,rf,1,32,auroc,0.630605136415359
448,448.0,448.0,448.0,guo_los,guo_los,count,rf,1,32,auprc,0.3540026504492942
449,449.0,449.0,449.0,guo_los,guo_los,count,rf,1,32,brier,0.2342737129840547
450,450.0,450.0,450.0,guo_los,guo_los,count,rf,2,32,auroc,0.648228210149338
451,451.0,451.0,451.0,guo_los,guo_los,count,rf,2,32,auprc,0.3665946398961506
452,452.0,452.0,452.0,guo_los,guo_los,count,rf,2,32,brier,0.2340120152192474
453,453.0,453.0,453.0,guo_los,guo_los,count,rf,3,32,auroc,0.5907280116788837
454,454.0,454.0,454.0,guo_los,guo_los,count,rf,3,32,auprc,0.3186815845476375
455,455.0,455.0,455.0,guo_los,guo_los,count,rf,3,32,brier,0.2283575398633257
456,456.0,456.0,456.0,guo_los,guo_los,count,rf,4,32,auroc,0.6134175950673477
457,457.0,457.0,457.0,guo_los,guo_los,count,rf,4,32,auprc,0.3179001427977838
458,458.0,458.0,458.0,guo_los,guo_los,count,rf,4,32,brier,0.240667670632746
459,459.0,459.0,459.0,guo_los,guo_los,count,rf,0,48,auroc,0.6373823511251069
460,460.0,460.0,460.0,guo_los,guo_los,count,rf,0,48,auprc,0.3265848666129357
461,461.0,461.0,461.0,guo_los,guo_los,count,rf,0,48,brier,0.2305634476013076
462,462.0,462.0,462.0,guo_los,guo_los,count,rf,1,48,auroc,0.6592493847415914
463,463.0,463.0,463.0,guo_los,guo_los,count,rf,1,48,auprc,0.3788230607405926
464,464.0,464.0,464.0,guo_los,guo_los,count,rf,1,48,brier,0.2597138952164009
465,465.0,465.0,465.0,guo_los,guo_los,count,rf,2,48,auroc,0.6728991902405462
466,466.0,466.0,466.0,guo_los,guo_los,count,rf,2,48,auprc,0.3804415231117143
467,467.0,467.0,467.0,guo_los,guo_los,count,rf,2,48,brier,0.2332994250085634
468,468.0,468.0,468.0,guo_los,guo_los,count,rf,3,48,auroc,0.6291403142007815
469,469.0,469.0,469.0,guo_los,guo_los,count,rf,3,48,auprc,0.3581677427405495
470,470.0,470.0,470.0,guo_los,guo_los,count,rf,3,48,brier,0.2359326206264353
471,471.0,471.0,471.0,guo_los,guo_los,count,rf,4,48,auroc,0.5649555205659494
472,472.0,472.0,472.0,guo_los,guo_los,count,rf,4,48,auprc,0.2920048238262854
473,473.0,473.0,473.0,guo_los,guo_los,count,rf,4,48,brier,0.2479726651480638
474,474.0,474.0,474.0,guo_los,guo_los,count,rf,0,64,auroc,0.6717579851279473
475,475.0,475.0,475.0,guo_los,guo_los,count,rf,0,64,auprc,0.3485288480460005
476,476.0,476.0,476.0,guo_los,guo_los,count,rf,0,64,brier,0.2290617564384377
477,477.0,477.0,477.0,guo_los,guo_los,count,rf,1,64,auroc,0.6678872599610116
478,478.0,478.0,478.0,guo_los,guo_los,count,rf,1,64,auprc,0.3647472322356668
479,479.0,479.0,479.0,guo_los,guo_los,count,rf,1,64,brier,0.2175546697038724
480,480.0,480.0,480.0,guo_los,guo_los,count,rf,2,64,auroc,0.720350168038318
481,481.0,481.0,481.0,guo_los,guo_los,count,rf,2,64,auprc,0.4432187253344514
482,482.0,482.0,482.0,guo_los,guo_los,count,rf,2,64,brier,0.2054789572260187
483,483.0,483.0,483.0,guo_los,guo_los,count,rf,3,64,auroc,0.6700809097885628
484,484.0,484.0,484.0,guo_los,guo_los,count,rf,3,64,auprc,0.3662145878630511
485,485.0,485.0,485.0,guo_los,guo_los,count,rf,3,64,brier,0.2282357669567689
486,486.0,486.0,486.0,guo_los,guo_los,count,rf,4,64,auroc,0.6760730635899335
487,487.0,487.0,487.0,guo_los,guo_los,count,rf,4,64,auprc,0.3930295640827706
488,488.0,488.0,488.0,guo_los,guo_los,count,rf,4,64,brier,0.2316928369850214
489,489.0,489.0,489.0,guo_los,guo_los,count,rf,0,128,auroc,0.725482283204107
490,490.0,490.0,490.0,guo_los,guo_los,count,rf,0,128,auprc,0.4279304939081794
491,491.0,491.0,491.0,guo_los,guo_los,count,rf,0,128,brier,0.2147238010846038
492,492.0,492.0,492.0,guo_los,guo_los,count,rf,1,128,auroc,0.7137306270784267
493,493.0,493.0,493.0,guo_los,guo_los,count,rf,1,128,auprc,0.3972715498685646
494,494.0,494.0,494.0,guo_los,guo_los,count,rf,1,128,brier,0.2099292938496583
495,495.0,495.0,495.0,guo_los,guo_los,count,rf,2,128,auroc,0.7440100514258999
496,496.0,496.0,496.0,guo_los,guo_los,count,rf,2,128,auprc,0.4565679665254272
497,497.0,497.0,497.0,guo_los,guo_los,count,rf,2,128,brier,0.2045018223234624
498,498.0,498.0,498.0,guo_los,guo_los,count,rf,3,128,auroc,0.7071099835049001
499,499.0,499.0,499.0,guo_los,guo_los,count,rf,3,128,auprc,0.4234535600782954
500,500.0,500.0,500.0,guo_los,guo_los,count,rf,3,128,brier,0.2106496127562642
501,501.0,501.0,501.0,guo_los,guo_los,count,rf,4,128,auroc,0.7074925904363704
502,502.0,502.0,502.0,guo_los,guo_los,count,rf,4,128,auprc,0.4142020022257932
503,503.0,503.0,503.0,guo_los,guo_los,count,rf,4,128,brier,0.2149057631181905
504,504.0,504.0,504.0,guo_los,guo_los,clmbr,lr_lbfgs,0,-1,auroc,0.8137398890329637
505,505.0,505.0,505.0,guo_los,guo_los,clmbr,lr_lbfgs,0,-1,auprc,0.5763297737722624
506,506.0,506.0,506.0,guo_los,guo_los,clmbr,lr_lbfgs,0,-1,brier,0.1453075561418501
507,507.0,507.0,507.0,guo_los,guo_los,clmbr,lr_lbfgs,0,1,auroc,0.4342434306279605
508,508.0,508.0,508.0,guo_los,guo_los,clmbr,lr_lbfgs,0,1,auprc,0.2171884385314771
509,509.0,509.0,509.0,guo_los,guo_los,clmbr,lr_lbfgs,0,1,brier,0.2499982046213606
510,510.0,510.0,510.0,guo_los,guo_los,clmbr,lr_lbfgs,1,1,auroc,0.6276076812476293
511,511.0,511.0,511.0,guo_los,guo_los,clmbr,lr_lbfgs,1,1,auprc,0.3449820123510579
512,512.0,512.0,512.0,guo_los,guo_los,clmbr,lr_lbfgs,1,1,brier,0.2499990685109366
513,513.0,513.0,513.0,guo_los,guo_los,clmbr,lr_lbfgs,2,1,auroc,0.5928356576428767
514,514.0,514.0,514.0,guo_los,guo_los,clmbr,lr_lbfgs,2,1,auprc,0.3184950330660983
515,515.0,515.0,515.0,guo_los,guo_los,clmbr,lr_lbfgs,2,1,brier,0.2499923616858802
516,516.0,516.0,516.0,guo_los,guo_los,clmbr,lr_lbfgs,3,1,auroc,0.4931373327335115
517,517.0,517.0,517.0,guo_los,guo_los,clmbr,lr_lbfgs,3,1,auprc,0.2514171571243918
518,518.0,518.0,518.0,guo_los,guo_los,clmbr,lr_lbfgs,3,1,brier,0.24999699307649
519,519.0,519.0,519.0,guo_los,guo_los,clmbr,lr_lbfgs,4,1,auroc,0.5386741732602962
520,520.0,520.0,520.0,guo_los,guo_los,clmbr,lr_lbfgs,4,1,auprc,0.2783145135021227
521,521.0,521.0,521.0,guo_los,guo_los,clmbr,lr_lbfgs,4,1,brier,0.2499962755121403
522,522.0,522.0,522.0,guo_los,guo_los,clmbr,lr_lbfgs,0,2,auroc,0.5525648998385774
523,523.0,523.0,523.0,guo_los,guo_los,clmbr,lr_lbfgs,0,2,auprc,0.2877763784693642
524,524.0,524.0,524.0,guo_los,guo_los,clmbr,lr_lbfgs,0,2,brier,0.2499984971549905
525,525.0,525.0,525.0,guo_los,guo_los,clmbr,lr_lbfgs,1,2,auroc,0.6114290313759736
526,526.0,526.0,526.0,guo_los,guo_los,clmbr,lr_lbfgs,1,2,auprc,0.3350040638601717
527,527.0,527.0,527.0,guo_los,guo_los,clmbr,lr_lbfgs,1,2,brier,0.2499984201373095
528,528.0,528.0,528.0,guo_los,guo_los,clmbr,lr_lbfgs,2,2,auroc,0.6236504009103178
529,529.0,529.0,529.0,guo_los,guo_los,clmbr,lr_lbfgs,2,2,auprc,0.3527882140082661
530,530.0,530.0,530.0,guo_los,guo_los,clmbr,lr_lbfgs,2,2,brier,0.2499909517789524
531,531.0,531.0,531.0,guo_los,guo_los,clmbr,lr_lbfgs,3,2,auroc,0.5434749530286591
532,532.0,532.0,532.0,guo_los,guo_los,clmbr,lr_lbfgs,3,2,auprc,0.2811623728968689
533,533.0,533.0,533.0,guo_los,guo_los,clmbr,lr_lbfgs,3,2,brier,0.2499989697489064
534,534.0,534.0,534.0,guo_los,guo_los,clmbr,lr_lbfgs,4,2,auroc,0.4693682905960288
535,535.0,535.0,535.0,guo_los,guo_los,clmbr,lr_lbfgs,4,2,auprc,0.2440044006853548
536,536.0,536.0,536.0,guo_los,guo_los,clmbr,lr_lbfgs,4,2,brier,0.3117607996829763
537,537.0,537.0,537.0,guo_los,guo_los,clmbr,lr_lbfgs,0,4,auroc,0.5301112757680807
538,538.0,538.0,538.0,guo_los,guo_los,clmbr,lr_lbfgs,0,4,auprc,0.2663226663215583
539,539.0,539.0,539.0,guo_los,guo_los,clmbr,lr_lbfgs,0,4,brier,0.2499977531795856
540,540.0,540.0,540.0,guo_los,guo_los,clmbr,lr_lbfgs,1,4,auroc,0.6039114116100806
541,541.0,541.0,541.0,guo_los,guo_los,clmbr,lr_lbfgs,1,4,auprc,0.3668336261716965
542,542.0,542.0,542.0,guo_los,guo_los,clmbr,lr_lbfgs,1,4,brier,0.2478522431398775
543,543.0,543.0,543.0,guo_los,guo_los,clmbr,lr_lbfgs,2,4,auroc,0.6025816595658349
544,544.0,544.0,544.0,guo_los,guo_los,clmbr,lr_lbfgs,2,4,auprc,0.3351509831836361
545,545.0,545.0,545.0,guo_los,guo_los,clmbr,lr_lbfgs,2,4,brier,0.3252526757183488
546,546.0,546.0,546.0,guo_los,guo_los,clmbr,lr_lbfgs,3,4,auroc,0.5076675752203023
547,547.0,547.0,547.0,guo_los,guo_los,clmbr,lr_lbfgs,3,4,auprc,0.2613249689354813
548,548.0,548.0,548.0,guo_los,guo_los,clmbr,lr_lbfgs,3,4,brier,0.2499996680110254
549,549.0,549.0,549.0,guo_los,guo_los,clmbr,lr_lbfgs,4,4,auroc,0.5703004401633632
550,550.0,550.0,550.0,guo_los,guo_los,clmbr,lr_lbfgs,4,4,auprc,0.317595262631525
551,551.0,551.0,551.0,guo_los,guo_los,clmbr,lr_lbfgs,4,4,brier,0.2499966071171342
552,552.0,552.0,552.0,guo_los,guo_los,clmbr,lr_lbfgs,0,8,auroc,0.5439336403009694
553,553.0,553.0,553.0,guo_los,guo_los,clmbr,lr_lbfgs,0,8,auprc,0.2830460990339005
554,554.0,554.0,554.0,guo_los,guo_los,clmbr,lr_lbfgs,0,8,brier,0.2499972206223925
555,555.0,555.0,555.0,guo_los,guo_los,clmbr,lr_lbfgs,1,8,auroc,0.575476108567749
556,556.0,556.0,556.0,guo_los,guo_los,clmbr,lr_lbfgs,1,8,auprc,0.3533938537672998
557,557.0,557.0,557.0,guo_los,guo_los,clmbr,lr_lbfgs,1,8,brier,0.3006452055570274
558,558.0,558.0,558.0,guo_los,guo_los,clmbr,lr_lbfgs,2,8,auroc,0.5781477414062294
559,559.0,559.0,559.0,guo_los,guo_los,clmbr,lr_lbfgs,2,8,auprc,0.3135597378553168
560,560.0,560.0,560.0,guo_los,guo_los,clmbr,lr_lbfgs,2,8,brier,0.2342792873990758
561,561.0,561.0,561.0,guo_los,guo_los,clmbr,lr_lbfgs,3,8,auroc,0.527804608042905
562,562.0,562.0,562.0,guo_los,guo_los,clmbr,lr_lbfgs,3,8,auprc,0.282681866414747
563,563.0,563.0,563.0,guo_los,guo_los,clmbr,lr_lbfgs,3,8,brier,0.3257545502586637
564,564.0,564.0,564.0,guo_los,guo_los,clmbr,lr_lbfgs,4,8,auroc,0.6289043548828143
565,565.0,565.0,565.0,guo_los,guo_los,clmbr,lr_lbfgs,4,8,auprc,0.3398730261416851
566,566.0,566.0,566.0,guo_los,guo_los,clmbr,lr_lbfgs,4,8,brier,0.2499981397139533
567,567.0,567.0,567.0,guo_los,guo_los,clmbr,lr_lbfgs,0,12,auroc,0.6151889438725555
568,568.0,568.0,568.0,guo_los,guo_los,clmbr,lr_lbfgs,0,12,auprc,0.3269154880477561
569,569.0,569.0,569.0,guo_los,guo_los,clmbr,lr_lbfgs,0,12,brier,0.3270948365473401
570,570.0,570.0,570.0,guo_los,guo_los,clmbr,lr_lbfgs,1,12,auroc,0.6427741318020236
571,571.0,571.0,571.0,guo_los,guo_los,clmbr,lr_lbfgs,1,12,auprc,0.3778599865566804
572,572.0,572.0,572.0,guo_los,guo_los,clmbr,lr_lbfgs,1,12,brier,0.3134002729389323
573,573.0,573.0,573.0,guo_los,guo_los,clmbr,lr_lbfgs,2,12,auroc,0.5840610583326717
574,574.0,574.0,574.0,guo_los,guo_los,clmbr,lr_lbfgs,2,12,auprc,0.328383604613209
575,575.0,575.0,575.0,guo_los,guo_los,clmbr,lr_lbfgs,2,12,brier,0.249993210310059
576,576.0,576.0,576.0,guo_los,guo_los,clmbr,lr_lbfgs,3,12,auroc,0.5761167270898939
577,577.0,577.0,577.0,guo_los,guo_los,clmbr,lr_lbfgs,3,12,auprc,0.3096656152031964
578,578.0,578.0,578.0,guo_los,guo_los,clmbr,lr_lbfgs,3,12,brier,0.4919525257841323
579,579.0,579.0,579.0,guo_los,guo_los,clmbr,lr_lbfgs,4,12,auroc,0.615443647622324
580,580.0,580.0,580.0,guo_los,guo_los,clmbr,lr_lbfgs,4,12,auprc,0.3307275500116103
581,581.0,581.0,581.0,guo_los,guo_los,clmbr,lr_lbfgs,4,12,brier,0.2499981001678788
582,582.0,582.0,582.0,guo_los,guo_los,clmbr,lr_lbfgs,0,16,auroc,0.6427068723702666
583,583.0,583.0,583.0,guo_los,guo_los,clmbr,lr_lbfgs,0,16,auprc,0.3387980940158018
584,584.0,584.0,584.0,guo_los,guo_los,clmbr,lr_lbfgs,0,16,brier,0.3163285440491438
585,585.0,585.0,585.0,guo_los,guo_los,clmbr,lr_lbfgs,1,16,auroc,0.6485352880467861
586,586.0,586.0,586.0,guo_los,guo_los,clmbr,lr_lbfgs,1,16,auprc,0.375706405286708
587,587.0,587.0,587.0,guo_los,guo_los,clmbr,lr_lbfgs,1,16,brier,0.3315150244495838
588,588.0,588.0,588.0,guo_los,guo_los,clmbr,lr_lbfgs,2,16,auroc,0.5730514611835896
589,589.0,589.0,589.0,guo_los,guo_los,clmbr,lr_lbfgs,2,16,auprc,0.310671562240525
590,590.0,590.0,590.0,guo_los,guo_los,clmbr,lr_lbfgs,2,16,brier,0.309964918158238
591,591.0,591.0,591.0,guo_los,guo_los,clmbr,lr_lbfgs,3,16,auroc,0.568025748233613
592,592.0,592.0,592.0,guo_los,guo_los,clmbr,lr_lbfgs,3,16,auprc,0.3036887312189217
593,593.0,593.0,593.0,guo_los,guo_los,clmbr,lr_lbfgs,3,16,brier,0.4055033507023665
594,594.0,594.0,594.0,guo_los,guo_los,clmbr,lr_lbfgs,4,16,auroc,0.6559680065627564
595,595.0,595.0,595.0,guo_los,guo_los,clmbr,lr_lbfgs,4,16,auprc,0.3545364488390022
596,596.0,596.0,596.0,guo_los,guo_los,clmbr,lr_lbfgs,4,16,brier,0.249996914931339
597,597.0,597.0,597.0,guo_los,guo_los,clmbr,lr_lbfgs,0,24,auroc,0.690852496758316
598,598.0,598.0,598.0,guo_los,guo_los,clmbr,lr_lbfgs,0,24,auprc,0.4009720791110205
599,599.0,599.0,599.0,guo_los,guo_los,clmbr,lr_lbfgs,0,24,brier,0.2601208547934174
600,600.0,600.0,600.0,guo_los,guo_los,clmbr,lr_lbfgs,1,24,auroc,0.6297280072684291
601,601.0,601.0,601.0,guo_los,guo_los,clmbr,lr_lbfgs,1,24,auprc,0.3574068532205418
602,602.0,602.0,602.0,guo_los,guo_los,clmbr,lr_lbfgs,1,24,brier,0.2494349915342725
603,603.0,603.0,603.0,guo_los,guo_los,clmbr,lr_lbfgs,2,24,auroc,0.6119384388755106
604,604.0,604.0,604.0,guo_los,guo_los,clmbr,lr_lbfgs,2,24,auprc,0.3419835287563901
605,605.0,605.0,605.0,guo_los,guo_los,clmbr,lr_lbfgs,2,24,brier,0.2346644291377147
606,606.0,606.0,606.0,guo_los,guo_los,clmbr,lr_lbfgs,3,24,auroc,0.6366248555576137
607,607.0,607.0,607.0,guo_los,guo_los,clmbr,lr_lbfgs,3,24,auprc,0.3766297470408155
608,608.0,608.0,608.0,guo_los,guo_los,clmbr,lr_lbfgs,3,24,brier,0.3330073242685881
609,609.0,609.0,609.0,guo_los,guo_los,clmbr,lr_lbfgs,4,24,auroc,0.5925147970749866
610,610.0,610.0,610.0,guo_los,guo_los,clmbr,lr_lbfgs,4,24,auprc,0.3151882306520993
611,611.0,611.0,611.0,guo_los,guo_los,clmbr,lr_lbfgs,4,24,brier,0.2473307490198769
612,612.0,612.0,612.0,guo_los,guo_los,clmbr,lr_lbfgs,0,32,auroc,0.689293401077915
613,613.0,613.0,613.0,guo_los,guo_los,clmbr,lr_lbfgs,0,32,auprc,0.3747360625338908
614,614.0,614.0,614.0,guo_los,guo_los,clmbr,lr_lbfgs,0,32,brier,0.3218240668766557
615,615.0,615.0,615.0,guo_los,guo_los,clmbr,lr_lbfgs,1,32,auroc,0.6678486684837739
616,616.0,616.0,616.0,guo_los,guo_los,clmbr,lr_lbfgs,1,32,auprc,0.3772063735124853
617,617.0,617.0,617.0,guo_los,guo_los,clmbr,lr_lbfgs,1,32,brier,0.2428905662837073
618,618.0,618.0,618.0,guo_los,guo_los,clmbr,lr_lbfgs,2,32,auroc,0.6477226617975248
619,619.0,619.0,619.0,guo_los,guo_los,clmbr,lr_lbfgs,2,32,auprc,0.3724502673633916
620,620.0,620.0,620.0,guo_los,guo_los,clmbr,lr_lbfgs,2,32,brier,0.2257086608757004
621,621.0,621.0,621.0,guo_los,guo_los,clmbr,lr_lbfgs,3,32,auroc,0.6217627263665794
622,622.0,622.0,622.0,guo_los,guo_los,clmbr,lr_lbfgs,3,32,auprc,0.3481850882644991
623,623.0,623.0,623.0,guo_los,guo_los,clmbr,lr_lbfgs,3,32,brier,0.2499975753023562
624,624.0,624.0,624.0,guo_los,guo_los,clmbr,lr_lbfgs,4,32,auroc,0.64729595032064
625,625.0,625.0,625.0,guo_los,guo_los,clmbr,lr_lbfgs,4,32,auprc,0.3467332273549089
626,626.0,626.0,626.0,guo_los,guo_los,clmbr,lr_lbfgs,4,32,brier,0.2461486285574778
627,627.0,627.0,627.0,guo_los,guo_los,clmbr,lr_lbfgs,0,48,auroc,0.6749985666022741
628,628.0,628.0,628.0,guo_los,guo_los,clmbr,lr_lbfgs,0,48,auprc,0.3728235409067036
629,629.0,629.0,629.0,guo_los,guo_los,clmbr,lr_lbfgs,0,48,brier,0.3267596866268205
630,630.0,630.0,630.0,guo_los,guo_los,clmbr,lr_lbfgs,1,48,auroc,0.7325853202431042
631,631.0,631.0,631.0,guo_los,guo_los,clmbr,lr_lbfgs,1,48,auprc,0.4499628905402679
632,632.0,632.0,632.0,guo_los,guo_los,clmbr,lr_lbfgs,1,48,brier,0.2490778990050193
633,633.0,633.0,633.0,guo_los,guo_los,clmbr,lr_lbfgs,2,48,auroc,0.7094701279913909
634,634.0,634.0,634.0,guo_los,guo_los,clmbr,lr_lbfgs,2,48,auprc,0.4485925511215174
635,635.0,635.0,635.0,guo_los,guo_los,clmbr,lr_lbfgs,2,48,brier,0.2184617939319525
636,636.0,636.0,636.0,guo_los,guo_los,clmbr,lr_lbfgs,3,48,auroc,0.6846525002866797
637,637.0,637.0,637.0,guo_los,guo_los,clmbr,lr_lbfgs,3,48,auprc,0.4228811248489968
638,638.0,638.0,638.0,guo_los,guo_los,clmbr,lr_lbfgs,3,48,brier,0.2197543351138492
639,639.0,639.0,639.0,guo_los,guo_los,clmbr,lr_lbfgs,4,48,auroc,0.6685620595058528
640,640.0,640.0,640.0,guo_los,guo_los,clmbr,lr_lbfgs,4,48,auprc,0.3556740493688971
641,641.0,641.0,641.0,guo_los,guo_los,clmbr,lr_lbfgs,4,48,brier,0.2499937880566383
642,642.0,642.0,642.0,guo_los,guo_los,clmbr,lr_lbfgs,0,64,auroc,0.7314165497896213
643,643.0,643.0,643.0,guo_los,guo_los,clmbr,lr_lbfgs,0,64,auprc,0.4340965014002316
644,644.0,644.0,644.0,guo_los,guo_los,clmbr,lr_lbfgs,0,64,brier,0.1959724149296055
645,645.0,645.0,645.0,guo_los,guo_los,clmbr,lr_lbfgs,1,64,auroc,0.7267150052484409
646,646.0,646.0,646.0,guo_los,guo_los,clmbr,lr_lbfgs,1,64,auprc,0.4692752313945756
647,647.0,647.0,647.0,guo_los,guo_los,clmbr,lr_lbfgs,1,64,brier,0.2116749860293089
648,648.0,648.0,648.0,guo_los,guo_los,clmbr,lr_lbfgs,2,64,auroc,0.7163603605987633
649,649.0,649.0,649.0,guo_los,guo_los,clmbr,lr_lbfgs,2,64,auprc,0.4659545771616803
650,650.0,650.0,650.0,guo_los,guo_los,clmbr,lr_lbfgs,2,64,brier,0.2145272699883142
651,651.0,651.0,651.0,guo_los,guo_los,clmbr,lr_lbfgs,3,64,auroc,0.7117867192392848
652,652.0,652.0,652.0,guo_los,guo_los,clmbr,lr_lbfgs,3,64,auprc,0.4455045033565868
653,653.0,653.0,653.0,guo_los,guo_los,clmbr,lr_lbfgs,3,64,brier,0.2499862844029917
654,654.0,654.0,654.0,guo_los,guo_los,clmbr,lr_lbfgs,4,64,auroc,0.6955452203904134
655,655.0,655.0,655.0,guo_los,guo_los,clmbr,lr_lbfgs,4,64,auprc,0.3815231641139854
656,656.0,656.0,656.0,guo_los,guo_los,clmbr,lr_lbfgs,4,64,brier,0.2474079818752012
657,657.0,657.0,657.0,guo_los,guo_los,clmbr,lr_lbfgs,0,128,auroc,0.7565848086303775
658,658.0,658.0,658.0,guo_los,guo_los,clmbr,lr_lbfgs,0,128,auprc,0.471286799431533
659,659.0,659.0,659.0,guo_los,guo_los,clmbr,lr_lbfgs,0,128,brier,0.1967005446894048
660,660.0,660.0,660.0,guo_los,guo_los,clmbr,lr_lbfgs,1,128,auroc,0.7516869988621028
661,661.0,661.0,661.0,guo_los,guo_los,clmbr,lr_lbfgs,1,128,auprc,0.4887310263139202
662,662.0,662.0,662.0,guo_los,guo_los,clmbr,lr_lbfgs,1,128,brier,0.19315182675955
663,663.0,663.0,663.0,guo_los,guo_los,clmbr,lr_lbfgs,2,128,auroc,0.7670298675981546
664,664.0,664.0,664.0,guo_los,guo_los,clmbr,lr_lbfgs,2,128,auprc,0.5014441018795643
665,665.0,665.0,665.0,guo_los,guo_los,clmbr,lr_lbfgs,2,128,brier,0.1935655161264064
666,666.0,666.0,666.0,guo_los,guo_los,clmbr,lr_lbfgs,3,128,auroc,0.748696710683003
667,667.0,667.0,667.0,guo_los,guo_los,clmbr,lr_lbfgs,3,128,auprc,0.4927885678742746
668,668.0,668.0,668.0,guo_los,guo_los,clmbr,lr_lbfgs,3,128,brier,0.2024894098721649
669,669.0,669.0,669.0,guo_los,guo_los,clmbr,lr_lbfgs,4,128,auroc,0.7303723746769343
670,670.0,670.0,670.0,guo_los,guo_los,clmbr,lr_lbfgs,4,128,auprc,0.4118711954663759
671,671.0,671.0,671.0,guo_los,guo_los,clmbr,lr_lbfgs,4,128,brier,0.2179008577359772
672,672.0,672.0,,guo_los,guo_los,clmbr,knn,0,-1,auroc,0.7474259484682492
673,673.0,673.0,,guo_los,guo_los,clmbr,knn,0,-1,auprc,0.5136557361175533
674,674.0,674.0,,guo_los,guo_los,clmbr,knn,0,-1,brier,0.1676124165160741
675,675.0,675.0,,guo_los,guo_los,clmbr,knn,0,1,auroc,0.4680776813358385
676,676.0,676.0,,guo_los,guo_los,clmbr,knn,0,1,auprc,0.2415849467238493
677,677.0,677.0,,guo_los,guo_los,clmbr,knn,0,1,brier,0.4100227790432801
678,678.0,678.0,,guo_los,guo_los,clmbr,knn,1,1,auroc,0.6000120184886254
679,679.0,679.0,,guo_los,guo_los,clmbr,knn,1,1,auprc,0.3005584419923297
680,680.0,680.0,,guo_los,guo_los,clmbr,knn,1,1,brier,0.4214123006833713
681,681.0,681.0,,guo_los,guo_los,clmbr,knn,2,1,auroc,0.5507455873402313
682,682.0,682.0,,guo_los,guo_los,clmbr,knn,2,1,auprc,0.2789246144855633
683,683.0,683.0,,guo_los,guo_los,clmbr,knn,2,1,brier,0.2997722095671982
684,684.0,684.0,,guo_los,guo_los,clmbr,knn,3,1,auroc,0.515658767542583
685,685.0,685.0,,guo_los,guo_los,clmbr,knn,3,1,auprc,0.2577994420139544
686,686.0,686.0,,guo_los,guo_los,clmbr,knn,3,1,brier,0.4018223234624146
687,687.0,687.0,,guo_los,guo_los,clmbr,knn,4,1,auroc,0.5216018550371802
688,688.0,688.0,,guo_los,guo_los,clmbr,knn,4,1,auprc,0.2603571420366772
689,689.0,689.0,,guo_los,guo_los,clmbr,knn,4,1,brier,0.4109339407744874
690,690.0,690.0,,guo_los,guo_los,clmbr,knn,0,2,auroc,0.5419423200755069
691,691.0,691.0,,guo_los,guo_los,clmbr,knn,0,2,auprc,0.2793751307906044
692,692.0,692.0,,guo_los,guo_los,clmbr,knn,0,2,brier,0.2437594016180889
693,693.0,693.0,,guo_los,guo_los,clmbr,knn,1,2,auroc,0.5815741132781145
694,694.0,694.0,,guo_los,guo_los,clmbr,knn,1,2,auprc,0.2912875813631713
695,695.0,695.0,,guo_los,guo_los,clmbr,knn,1,2,brier,0.3949886104783599
696,696.0,696.0,,guo_los,guo_los,clmbr,knn,2,2,auroc,0.5533808339287447
697,697.0,697.0,,guo_los,guo_los,clmbr,knn,2,2,auprc,0.2850319710512859
698,698.0,698.0,,guo_los,guo_los,clmbr,knn,2,2,brier,0.2013161225006328
699,699.0,699.0,,guo_los,guo_los,clmbr,knn,3,2,auroc,0.5284650736104863
700,700.0,700.0,,guo_los,guo_los,clmbr,knn,3,2,auprc,0.2634061983162201
701,701.0,701.0,,guo_los,guo_los,clmbr,knn,3,2,brier,0.4177676537585421
702,702.0,702.0,,guo_los,guo_los,clmbr,knn,4,2,auroc,0.4920959141549127
703,703.0,703.0,,guo_los,guo_los,clmbr,knn,4,2,auprc,0.2485550912154694
704,704.0,704.0,,guo_los,guo_los,clmbr,knn,4,2,brier,0.606378132118451
705,705.0,705.0,,guo_los,guo_los,clmbr,knn,0,4,auroc,0.5280245794631594
706,706.0,706.0,,guo_los,guo_los,clmbr,knn,0,4,auprc,0.2631036224195575
707,707.0,707.0,,guo_los,guo_los,clmbr,knn,0,4,brier,0.4355353075170843
708,708.0,708.0,,guo_los,guo_los,clmbr,knn,1,4,auroc,0.5701174062998933
709,709.0,709.0,,guo_los,guo_los,clmbr,knn,1,4,auprc,0.2847662236517184
710,710.0,710.0,,guo_los,guo_los,clmbr,knn,1,4,brier,0.398633257403189
711,711.0,711.0,,guo_los,guo_los,clmbr,knn,2,4,auroc,0.552037299214057
712,712.0,712.0,,guo_los,guo_los,clmbr,knn,2,4,auprc,0.275045254976902
713,713.0,713.0,,guo_los,guo_los,clmbr,knn,2,4,brier,0.4031890660592255
714,714.0,714.0,,guo_los,guo_los,clmbr,knn,3,4,auroc,0.5116744731712051
715,715.0,715.0,,guo_los,guo_los,clmbr,knn,3,4,auprc,0.2602199628932806
716,716.0,716.0,,guo_los,guo_los,clmbr,knn,3,4,brier,0.2549143879656664
717,717.0,717.0,,guo_los,guo_los,clmbr,knn,4,4,auroc,0.517333086347879
718,718.0,718.0,,guo_los,guo_los,clmbr,knn,4,4,auprc,0.2582589696272686
719,719.0,719.0,,guo_los,guo_los,clmbr,knn,4,4,brier,0.5712984054669704
720,720.0,720.0,,guo_los,guo_los,clmbr,knn,0,8,auroc,0.5417438496211419
721,721.0,721.0,,guo_los,guo_los,clmbr,knn,0,8,auprc,0.2693179667721786
722,722.0,722.0,,guo_los,guo_los,clmbr,knn,0,8,brier,0.4501138952164009
723,723.0,723.0,,guo_los,guo_los,clmbr,knn,1,8,auroc,0.5764657043054856
724,724.0,724.0,,guo_los,guo_los,clmbr,knn,1,8,auprc,0.3044460165443647
725,725.0,725.0,,guo_los,guo_los,clmbr,knn,1,8,brier,0.2674624145785877
726,726.0,726.0,,guo_los,guo_los,clmbr,knn,2,8,auroc,0.5610318699445165
727,727.0,727.0,,guo_los,guo_los,clmbr,knn,2,8,auprc,0.2927175368053754
728,728.0,728.0,,guo_los,guo_los,clmbr,knn,2,8,brier,0.2537528371862617
729,729.0,729.0,,guo_los,guo_los,clmbr,knn,3,8,auroc,0.5158395961787822
730,730.0,730.0,,guo_los,guo_los,clmbr,knn,3,8,auprc,0.258723009385618
731,731.0,731.0,,guo_los,guo_los,clmbr,knn,3,8,brier,0.3192609465957985
732,732.0,732.0,,guo_los,guo_los,clmbr,knn,4,8,auroc,0.5845539266276782
733,733.0,733.0,,guo_los,guo_los,clmbr,knn,4,8,auprc,0.2945451340909644
734,734.0,734.0,,guo_los,guo_los,clmbr,knn,4,8,brier,0.3719058466211085
735,735.0,735.0,,guo_los,guo_los,clmbr,knn,0,12,auroc,0.5610952702285498
736,736.0,736.0,,guo_los,guo_los,clmbr,knn,0,12,auprc,0.2798949709118928
737,737.0,737.0,,guo_los,guo_los,clmbr,knn,0,12,brier,0.398633257403189
738,738.0,738.0,,guo_los,guo_los,clmbr,knn,1,12,auroc,0.5335988426967283
739,739.0,739.0,,guo_los,guo_los,clmbr,knn,1,12,auprc,0.2655221684324729
740,740.0,740.0,,guo_los,guo_los,clmbr,knn,1,12,brier,0.4533029612756264
741,741.0,741.0,,guo_los,guo_los,clmbr,knn,2,12,auroc,0.5370004057618177
742,742.0,742.0,,guo_los,guo_los,clmbr,knn,2,12,auprc,0.2689534676212874
743,743.0,743.0,,guo_los,guo_los,clmbr,knn,2,12,brier,0.2337312072892939
744,744.0,744.0,,guo_los,guo_los,clmbr,knn,3,12,auroc,0.5441288029144283
745,745.0,745.0,,guo_los,guo_los,clmbr,knn,3,12,auprc,0.2725010575129592
746,746.0,746.0,,guo_los,guo_los,clmbr,knn,3,12,brier,0.2908610478359909
747,747.0,747.0,,guo_los,guo_los,clmbr,knn,4,12,auroc,0.5826133266294423
748,748.0,748.0,,guo_los,guo_los,clmbr,knn,4,12,auprc,0.2952396043529937
749,749.0,749.0,,guo_los,guo_los,clmbr,knn,4,12,brier,0.2965466970387244
750,750.0,750.0,,guo_los,guo_los,clmbr,knn,0,16,auroc,0.5686277752785203
751,751.0,751.0,,guo_los,guo_los,clmbr,knn,0,16,auprc,0.2829251257985223
752,752.0,752.0,,guo_los,guo_los,clmbr,knn,0,16,brier,0.4350797266514806
753,753.0,753.0,,guo_los,guo_los,clmbr,knn,1,16,auroc,0.5544680109732109
754,754.0,754.0,,guo_los,guo_los,clmbr,knn,1,16,auprc,0.2756348476110423
755,755.0,755.0,,guo_los,guo_los,clmbr,knn,1,16,brier,0.4382687927107061
756,756.0,756.0,,guo_los,guo_los,clmbr,knn,2,16,auroc,0.5751260287385217
757,757.0,757.0,,guo_los,guo_los,clmbr,knn,2,16,auprc,0.2943711671041598
758,758.0,758.0,,guo_los,guo_los,clmbr,knn,2,16,brier,0.2340830523737223
759,759.0,759.0,,guo_los,guo_los,clmbr,knn,3,16,auroc,0.5137997609533639
760,760.0,760.0,,guo_los,guo_los,clmbr,knn,3,16,auprc,0.2600465784174268
761,761.0,761.0,,guo_los,guo_los,clmbr,knn,3,16,brier,0.381726145279676
762,762.0,762.0,,guo_los,guo_los,clmbr,knn,4,16,auroc,0.5695021478913617
763,763.0,763.0,,guo_los,guo_los,clmbr,knn,4,16,auprc,0.2880095843234151
764,764.0,764.0,,guo_los,guo_los,clmbr,knn,4,16,brier,0.3046013667425968
765,765.0,765.0,,guo_los,guo_los,clmbr,knn,0,24,auroc,0.6242640053983964
766,766.0,766.0,,guo_los,guo_los,clmbr,knn,0,24,auprc,0.3239601551852408
767,767.0,767.0,,guo_los,guo_los,clmbr,knn,0,24,brier,0.2879949081847821
768,768.0,768.0,,guo_los,guo_los,clmbr,knn,1,24,auroc,0.5722024486843613
769,769.0,769.0,,guo_los,guo_los,clmbr,knn,1,24,auprc,0.2876638165912537
770,770.0,770.0,,guo_los,guo_los,clmbr,knn,1,24,brier,0.2733302961275626
771,771.0,771.0,,guo_los,guo_los,clmbr,knn,2,24,auroc,0.5970636296276695
772,772.0,772.0,,guo_los,guo_los,clmbr,knn,2,24,auprc,0.3038710945634553
773,773.0,773.0,,guo_los,guo_los,clmbr,knn,2,24,brier,0.2536278754779454
774,774.0,774.0,,guo_los,guo_los,clmbr,knn,3,24,auroc,0.568631634426244
775,775.0,775.0,,guo_los,guo_los,clmbr,knn,3,24,auprc,0.2956165586877355
776,776.0,776.0,,guo_los,guo_los,clmbr,knn,3,24,brier,0.2683553530751709
777,777.0,777.0,,guo_los,guo_los,clmbr,knn,4,24,auroc,0.5647239717025236
778,778.0,778.0,,guo_los,guo_los,clmbr,knn,4,24,auprc,0.2855184111406668
779,779.0,779.0,,guo_los,guo_los,clmbr,knn,4,24,brier,0.307243735763098
780,780.0,780.0,,guo_los,guo_los,clmbr,knn,0,32,auroc,0.6345828151049246
781,781.0,781.0,,guo_los,guo_los,clmbr,knn,0,32,auprc,0.3319539052402457
782,782.0,782.0,,guo_los,guo_los,clmbr,knn,0,32,brier,0.2671714272110009
783,783.0,783.0,,guo_los,guo_los,clmbr,knn,1,32,auroc,0.595258651106583
784,784.0,784.0,,guo_los,guo_los,clmbr,knn,1,32,auprc,0.3013715764920314
785,785.0,785.0,,guo_los,guo_los,clmbr,knn,1,32,brier,0.272127562642369
786,786.0,786.0,,guo_los,guo_los,clmbr,knn,2,32,auroc,0.5749865481136486
787,787.0,787.0,,guo_los,guo_los,clmbr,knn,2,32,auprc,0.2877345877247523
788,788.0,788.0,,guo_los,guo_los,clmbr,knn,2,32,brier,0.3913439635535307
789,789.0,789.0,,guo_los,guo_los,clmbr,knn,3,32,auroc,0.6059319510968799
790,790.0,790.0,,guo_los,guo_los,clmbr,knn,3,32,auprc,0.3176742247384694
791,791.0,791.0,,guo_los,guo_los,clmbr,knn,3,32,brier,0.2683877499367249
792,792.0,792.0,,guo_los,guo_los,clmbr,knn,4,32,auroc,0.5911938659398237
793,793.0,793.0,,guo_los,guo_los,clmbr,knn,4,32,auprc,0.2950982777527299
794,794.0,794.0,,guo_los,guo_los,clmbr,knn,4,32,brier,0.4337129840546697
795,795.0,795.0,,guo_los,guo_los,clmbr,knn,0,48,auroc,0.6284335388605149
796,796.0,796.0,,guo_los,guo_los,clmbr,knn,0,48,auprc,0.3516663914524296
797,797.0,797.0,,guo_los,guo_los,clmbr,knn,0,48,brier,0.2678054166666029
798,798.0,798.0,,guo_los,guo_los,clmbr,knn,1,48,auroc,0.621271511992026
799,799.0,799.0,,guo_los,guo_los,clmbr,knn,1,48,auprc,0.3146811026262865
800,800.0,800.0,,guo_los,guo_los,clmbr,knn,1,48,brier,0.3949886104783599
801,801.0,801.0,,guo_los,guo_los,clmbr,knn,2,48,auroc,0.6432796801538366
802,802.0,802.0,,guo_los,guo_los,clmbr,knn,2,48,auprc,0.365600003720315
803,803.0,803.0,,guo_los,guo_los,clmbr,knn,2,48,brier,0.2339233641663631
804,804.0,804.0,,guo_los,guo_los,clmbr,knn,3,48,auroc,0.6202846727883776
805,805.0,805.0,,guo_los,guo_los,clmbr,knn,3,48,auprc,0.3332635292533477
806,806.0,806.0,,guo_los,guo_los,clmbr,knn,3,48,brier,0.2504054669703873
807,807.0,807.0,,guo_los,guo_los,clmbr,knn,4,48,auroc,0.6231966753993667
808,808.0,808.0,,guo_los,guo_los,clmbr,knn,4,48,auprc,0.3208406368162717
809,809.0,809.0,,guo_los,guo_los,clmbr,knn,4,48,brier,0.2841838445750721
810,810.0,810.0,,guo_los,guo_los,clmbr,knn,0,64,auroc,0.6531618548607618
811,811.0,811.0,,guo_los,guo_los,clmbr,knn,0,64,auprc,0.3730872394018387
812,812.0,812.0,,guo_los,guo_los,clmbr,knn,0,64,brier,0.2416427827380145
813,813.0,813.0,,guo_los,guo_los,clmbr,knn,1,64,auroc,0.6119808895004719
814,814.0,814.0,,guo_los,guo_los,clmbr,knn,1,64,auprc,0.3093400985808775
815,815.0,815.0,,guo_los,guo_los,clmbr,knn,1,64,brier,0.3908883826879271
816,816.0,816.0,,guo_los,guo_los,clmbr,knn,2,64,auroc,0.6305913537449169
817,817.0,817.0,,guo_los,guo_los,clmbr,knn,2,64,auprc,0.3511801051161335
818,818.0,818.0,,guo_los,guo_los,clmbr,knn,2,64,brier,0.2563222620751347
819,819.0,819.0,,guo_los,guo_los,clmbr,knn,3,64,auroc,0.6391299937371546
820,820.0,820.0,,guo_los,guo_los,clmbr,knn,3,64,auprc,0.3419233932570619
821,821.0,821.0,,guo_los,guo_los,clmbr,knn,3,64,brier,0.2544874715261959
822,822.0,822.0,,guo_los,guo_los,clmbr,knn,4,64,auroc,0.5840941367417325
823,823.0,823.0,,guo_los,guo_los,clmbr,knn,4,64,auprc,0.2905103951374003
824,824.0,824.0,,guo_los,guo_los,clmbr,knn,4,64,brier,0.4569476082004556
825,825.0,825.0,,guo_los,guo_los,clmbr,knn,0,128,auroc,0.688306010567449
826,826.0,826.0,,guo_los,guo_los,clmbr,knn,0,128,auprc,0.3918311680881908
827,827.0,827.0,,guo_los,guo_los,clmbr,knn,0,128,brier,0.2392505261728487
828,828.0,828.0,,guo_los,guo_los,clmbr,knn,1,128,auroc,0.6908690359628463
829,829.0,829.0,,guo_los,guo_los,clmbr,knn,1,128,auprc,0.4018119075310432
830,830.0,830.0,,guo_los,guo_los,clmbr,knn,1,128,brier,0.2470469441001188
831,831.0,831.0,,guo_los,guo_los,clmbr,knn,2,128,auroc,0.6688310972328808
832,832.0,832.0,,guo_los,guo_los,clmbr,knn,2,128,auprc,0.3531951490580611
833,833.0,833.0,,guo_los,guo_los,clmbr,knn,2,128,brier,0.273954667832131
834,834.0,834.0,,guo_los,guo_los,clmbr,knn,3,128,auroc,0.6657900888265544
835,835.0,835.0,,guo_los,guo_los,clmbr,knn,3,128,auprc,0.3614317448520866
836,836.0,836.0,,guo_los,guo_los,clmbr,knn,3,128,brier,0.2770715306271667
837,837.0,837.0,,guo_los,guo_los,clmbr,knn,4,128,auroc,0.639498817998183
838,838.0,838.0,,guo_los,guo_los,clmbr,knn,4,128,auprc,0.3454543302834084
839,839.0,839.0,,guo_los,guo_los,clmbr,knn,4,128,brier,0.2733556204249761
840,,,,guo_los,guo_los,clinicalbert_type1_max_pool,lr_lbfgs,0,-1,auroc,0.7086475782194113
841,,,,guo_los,guo_los,clinicalbert_type1_max_pool,lr_lbfgs,0,-1,auprc,0.42805171999187863
842,,,,guo_los,guo_los,clinicalbert_type1_max_pool,lr_lbfgs,0,-1,brier,0.1700821860166891
843,,,,guo_los,guo_los,clinicalbert_type1_max_pool,lr_lbfgs,0,1,auroc,0.47646581456684933
844,,,,guo_los,guo_los,clinicalbert_type1_max_pool,lr_lbfgs,0,1,auprc,0.25044419372721816
845,,,,guo_los,guo_los,clinicalbert_type1_max_pool,lr_lbfgs,0,1,brier,0.24999841950425605
846,,,,guo_los,guo_los,clinicalbert_type1_max_pool,lr_lbfgs,1,1,auroc,0.4972666207979395
847,,,,guo_los,guo_los,clinicalbert_type1_max_pool,lr_lbfgs,1,1,auprc,0.2572007890595623
848,,,,guo_los,guo_los,clinicalbert_type1_max_pool,lr_lbfgs,1,1,brier,0.24999805832917327
849,,,,guo_los,guo_los,clinicalbert_type1_max_pool,lr_lbfgs,2,1,auroc,0.5003329893178792
850,,,,guo_los,guo_los,clinicalbert_type1_max_pool,lr_lbfgs,2,1,auprc,0.24088199773204602
851,,,,guo_los,guo_los,clinicalbert_type1_max_pool,lr_lbfgs,2,1,brier,0.2500015659890287
852,,,,guo_los,guo_los,clinicalbert_type1_max_pool,lr_lbfgs,3,1,auroc,0.4556881632221017
853,,,,guo_los,guo_los,clinicalbert_type1_max_pool,lr_lbfgs,3,1,auprc,0.23417266563520636
854,,,,guo_los,guo_los,clinicalbert_type1_max_pool,lr_lbfgs,3,1,brier,0.2500008485613609
855,,,,guo_los,guo_los,clinicalbert_type1_max_pool,lr_lbfgs,4,1,auroc,0.492461430575035
856,,,,guo_los,guo_los,clinicalbert_type1_max_pool,lr_lbfgs,4,1,auprc,0.2503841294174206
857,,,,guo_los,guo_los,clinicalbert_type1_max_pool,lr_lbfgs,4,1,brier,0.24999776754415576
858,,,,guo_los,guo_los,clinicalbert_type1_max_pool,lr_lbfgs,0,2,auroc,0.4835699542194819
859,,,,guo_los,guo_los,clinicalbert_type1_max_pool,lr_lbfgs,0,2,auprc,0.25563054977235944
860,,,,guo_los,guo_los,clinicalbert_type1_max_pool,lr_lbfgs,0,2,brier,0.25000036607042175
861,,,,guo_los,guo_los,clinicalbert_type1_max_pool,lr_lbfgs,1,2,auroc,0.47189878888918296
862,,,,guo_los,guo_los,clinicalbert_type1_max_pool,lr_lbfgs,1,2,auprc,0.24791460140655602
863,,,,guo_los,guo_los,clinicalbert_type1_max_pool,lr_lbfgs,1,2,brier,0.41276237241246855
864,,,,guo_los,guo_los,clinicalbert_type1_max_pool,lr_lbfgs,2,2,auroc,0.5051326664726067
865,,,,guo_los,guo_los,clinicalbert_type1_max_pool,lr_lbfgs,2,2,auprc,0.24234588103135246
866,,,,guo_los,guo_los,clinicalbert_type1_max_pool,lr_lbfgs,2,2,brier,0.2500011007394146
867,,,,guo_los,guo_los,clinicalbert_type1_max_pool,lr_lbfgs,3,2,auroc,0.48142206285779815
868,,,,guo_los,guo_los,clinicalbert_type1_max_pool,lr_lbfgs,3,2,auprc,0.232911011562316
869,,,,guo_los,guo_los,clinicalbert_type1_max_pool,lr_lbfgs,3,2,brier,0.2500020170630029
870,,,,guo_los,guo_los,clinicalbert_type1_max_pool,lr_lbfgs,4,2,auroc,0.4986470930694118
871,,,,guo_los,guo_los,clinicalbert_type1_max_pool,lr_lbfgs,4,2,auprc,0.2540709479412953
872,,,,guo_los,guo_los,clinicalbert_type1_max_pool,lr_lbfgs,4,2,brier,0.24999683013685578
873,,,,guo_los,guo_los,clinicalbert_type1_max_pool,lr_lbfgs,0,4,auroc,0.4950602909135815
874,,,,guo_los,guo_los,clinicalbert_type1_max_pool,lr_lbfgs,0,4,auprc,0.2594768987457027
875,,,,guo_los,guo_los,clinicalbert_type1_max_pool,lr_lbfgs,0,4,brier,0.2499982251234261
876,,,,guo_los,guo_los,clinicalbert_type1_max_pool,lr_lbfgs,1,4,auroc,0.5194093078232642
877,,,,guo_los,guo_los,clinicalbert_type1_max_pool,lr_lbfgs,1,4,auprc,0.26960087733651983
878,,,,guo_los,guo_los,clinicalbert_type1_max_pool,lr_lbfgs,1,4,brier,0.2499987403202019
879,,,,guo_los,guo_los,clinicalbert_type1_max_pool,lr_lbfgs,2,4,auroc,0.509449398855046
880,,,,guo_los,guo_los,clinicalbert_type1_max_pool,lr_lbfgs,2,4,auprc,0.2732313618572738
881,,,,guo_los,guo_los,clinicalbert_type1_max_pool,lr_lbfgs,2,4,brier,0.3469454506278719
882,,,,guo_los,guo_los,clinicalbert_type1_max_pool,lr_lbfgs,3,4,auroc,0.4654021893496344
883,,,,guo_los,guo_los,clinicalbert_type1_max_pool,lr_lbfgs,3,4,auprc,0.22940665765671012
884,,,,guo_los,guo_los,clinicalbert_type1_max_pool,lr_lbfgs,3,4,brier,0.2500009288444605
885,,,,guo_los,guo_los,clinicalbert_type1_max_pool,lr_lbfgs,4,4,auroc,0.4936698951193911
886,,,,guo_los,guo_los,clinicalbert_type1_max_pool,lr_lbfgs,4,4,auprc,0.2534452868340299
887,,,,guo_los,guo_los,clinicalbert_type1_max_pool,lr_lbfgs,4,4,brier,0.2499971234310734
888,,,,guo_los,guo_los,clinicalbert_type1_max_pool,lr_lbfgs,0,8,auroc,0.50431893760971
889,,,,guo_los,guo_los,clinicalbert_type1_max_pool,lr_lbfgs,0,8,auprc,0.2586516263515135
890,,,,guo_los,guo_los,clinicalbert_type1_max_pool,lr_lbfgs,0,8,brier,0.32256110899670387
891,,,,guo_los,guo_los,clinicalbert_type1_max_pool,lr_lbfgs,1,8,auroc,0.5210709465717538
892,,,,guo_los,guo_los,clinicalbert_type1_max_pool,lr_lbfgs,1,8,auprc,0.27453025110729423
893,,,,guo_los,guo_los,clinicalbert_type1_max_pool,lr_lbfgs,1,8,brier,0.48605153502913534
894,,,,guo_los,guo_los,clinicalbert_type1_max_pool,lr_lbfgs,2,8,auroc,0.5169295297573367
895,,,,guo_los,guo_los,clinicalbert_type1_max_pool,lr_lbfgs,2,8,auprc,0.27596796282266184
896,,,,guo_los,guo_los,clinicalbert_type1_max_pool,lr_lbfgs,2,8,brier,0.42996399415870107
897,,,,guo_los,guo_los,clinicalbert_type1_max_pool,lr_lbfgs,3,8,auroc,0.4411336632353331
898,,,,guo_los,guo_los,clinicalbert_type1_max_pool,lr_lbfgs,3,8,auprc,0.22863567944063057
899,,,,guo_los,guo_los,clinicalbert_type1_max_pool,lr_lbfgs,3,8,brier,0.42537557848619806
900,,,,guo_los,guo_los,clinicalbert_type1_max_pool,lr_lbfgs,4,8,auroc,0.5781400231107818
901,,,,guo_los,guo_los,clinicalbert_type1_max_pool,lr_lbfgs,4,8,auprc,0.3158574182237254
902,,,,guo_los,guo_los,clinicalbert_type1_max_pool,lr_lbfgs,4,8,brier,0.46202468988521017
903,,,,guo_los,guo_los,clinicalbert_type1_max_pool,lr_lbfgs,0,12,auroc,0.5009614790900351
904,,,,guo_los,guo_los,clinicalbert_type1_max_pool,lr_lbfgs,0,12,auprc,0.2537867237834389
905,,,,guo_los,guo_los,clinicalbert_type1_max_pool,lr_lbfgs,0,12,brier,0.2944829247395414
906,,,,guo_los,guo_los,clinicalbert_type1_max_pool,lr_lbfgs,1,12,auroc,0.5267957165665493
907,,,,guo_los,guo_los,clinicalbert_type1_max_pool,lr_lbfgs,1,12,auprc,0.28673074142078675
908,,,,guo_los,guo_los,clinicalbert_type1_max_pool,lr_lbfgs,1,12,brier,0.5394202330538623
909,,,,guo_los,guo_los,clinicalbert_type1_max_pool,lr_lbfgs,2,12,auroc,0.5752302257270634
910,,,,guo_los,guo_los,clinicalbert_type1_max_pool,lr_lbfgs,2,12,auprc,0.303317050852636
911,,,,guo_los,guo_los,clinicalbert_type1_max_pool,lr_lbfgs,2,12,brier,0.34554556285866345
912,,,,guo_los,guo_los,clinicalbert_type1_max_pool,lr_lbfgs,3,12,auroc,0.4623997724205457
913,,,,guo_los,guo_los,clinicalbert_type1_max_pool,lr_lbfgs,3,12,auprc,0.24391569438214245
914,,,,guo_los,guo_los,clinicalbert_type1_max_pool,lr_lbfgs,3,12,brier,0.4154430413560722
915,,,,guo_los,guo_los,clinicalbert_type1_max_pool,lr_lbfgs,4,12,auroc,0.5667853078938315
916,,,,guo_los,guo_los,clinicalbert_type1_max_pool,lr_lbfgs,4,12,auprc,0.309457067501029
917,,,,guo_los,guo_los,clinicalbert_type1_max_pool,lr_lbfgs,4,12,brier,0.3768556172806068
918,,,,guo_los,guo_los,clinicalbert_type1_max_pool,lr_lbfgs,0,16,auroc,0.4948849753455591
919,,,,guo_los,guo_los,clinicalbert_type1_max_pool,lr_lbfgs,0,16,auprc,0.251723768357869
920,,,,guo_los,guo_los,clinicalbert_type1_max_pool,lr_lbfgs,0,16,brier,0.4385881796217297
921,,,,guo_los,guo_los,clinicalbert_type1_max_pool,lr_lbfgs,1,16,auroc,0.5213091111169917
922,,,,guo_los,guo_los,clinicalbert_type1_max_pool,lr_lbfgs,1,16,auprc,0.2514811007516383
923,,,,guo_los,guo_los,clinicalbert_type1_max_pool,lr_lbfgs,1,16,brier,0.2500025528184077
924,,,,guo_los,guo_los,clinicalbert_type1_max_pool,lr_lbfgs,2,16,auroc,0.5115686222622103
925,,,,guo_los,guo_los,clinicalbert_type1_max_pool,lr_lbfgs,2,16,auprc,0.24861987290776408
926,,,,guo_los,guo_los,clinicalbert_type1_max_pool,lr_lbfgs,2,16,brier,0.2500037658891295
927,,,,guo_los,guo_los,clinicalbert_type1_max_pool,lr_lbfgs,3,16,auroc,0.4728900385473727
928,,,,guo_los,guo_los,clinicalbert_type1_max_pool,lr_lbfgs,3,16,auprc,0.2511545764195624
929,,,,guo_los,guo_los,clinicalbert_type1_max_pool,lr_lbfgs,3,16,brier,0.4242694818398217
930,,,,guo_los,guo_los,clinicalbert_type1_max_pool,lr_lbfgs,4,16,auroc,0.5408110384856263
931,,,,guo_los,guo_los,clinicalbert_type1_max_pool,lr_lbfgs,4,16,auprc,0.29238672757849155
932,,,,guo_los,guo_los,clinicalbert_type1_max_pool,lr_lbfgs,4,16,brier,0.41878807345962343
933,,,,guo_los,guo_los,clinicalbert_type1_max_pool,lr_lbfgs,0,24,auroc,0.5089818906736528
934,,,,guo_los,guo_los,clinicalbert_type1_max_pool,lr_lbfgs,0,24,auprc,0.2643471106773301
935,,,,guo_los,guo_los,clinicalbert_type1_max_pool,lr_lbfgs,0,24,brier,0.3135222253596105
936,,,,guo_los,guo_los,clinicalbert_type1_max_pool,lr_lbfgs,1,24,auroc,0.570963662265033
937,,,,guo_los,guo_los,clinicalbert_type1_max_pool,lr_lbfgs,1,24,auprc,0.30125973596262223
938,,,,guo_los,guo_los,clinicalbert_type1_max_pool,lr_lbfgs,1,24,brier,0.4338062996754137
939,,,,guo_los,guo_los,clinicalbert_type1_max_pool,lr_lbfgs,2,24,auroc,0.524417378955075
940,,,,guo_los,guo_los,clinicalbert_type1_max_pool,lr_lbfgs,2,24,auprc,0.25982714740619617
941,,,,guo_los,guo_los,clinicalbert_type1_max_pool,lr_lbfgs,2,24,brier,0.24951365438768855
942,,,,guo_los,guo_los,clinicalbert_type1_max_pool,lr_lbfgs,3,24,auroc,0.4739121613873526
943,,,,guo_los,guo_los,clinicalbert_type1_max_pool,lr_lbfgs,3,24,auprc,0.24755106071103453
944,,,,guo_los,guo_los,clinicalbert_type1_max_pool,lr_lbfgs,3,24,brier,0.3725256548964348
945,,,,guo_los,guo_los,clinicalbert_type1_max_pool,lr_lbfgs,4,24,auroc,0.515624035213069
946,,,,guo_los,guo_los,clinicalbert_type1_max_pool,lr_lbfgs,4,24,auprc,0.27503072002844675
947,,,,guo_los,guo_los,clinicalbert_type1_max_pool,lr_lbfgs,4,24,brier,0.4096933579636788
948,,,,guo_los,guo_los,clinicalbert_type1_max_pool,lr_lbfgs,0,32,auroc,0.5372198258752547
949,,,,guo_los,guo_los,clinicalbert_type1_max_pool,lr_lbfgs,0,32,auprc,0.2865162936192841
950,,,,guo_los,guo_los,clinicalbert_type1_max_pool,lr_lbfgs,0,32,brier,0.3974678156492388
951,,,,guo_los,guo_los,clinicalbert_type1_max_pool,lr_lbfgs,1,32,auroc,0.5849916642409166
952,,,,guo_los,guo_los,clinicalbert_type1_max_pool,lr_lbfgs,1,32,auprc,0.31446905626574023
953,,,,guo_los,guo_los,clinicalbert_type1_max_pool,lr_lbfgs,1,32,brier,0.2632179431806226
954,,,,guo_los,guo_los,clinicalbert_type1_max_pool,lr_lbfgs,2,32,auroc,0.5623980082387291
955,,,,guo_los,guo_los,clinicalbert_type1_max_pool,lr_lbfgs,2,32,auprc,0.2871056470474127
956,,,,guo_los,guo_los,clinicalbert_type1_max_pool,lr_lbfgs,2,32,brier,0.24942447532390788
957,,,,guo_los,guo_los,clinicalbert_type1_max_pool,lr_lbfgs,3,32,auroc,0.47969867774572844
958,,,,guo_los,guo_los,clinicalbert_type1_max_pool,lr_lbfgs,3,32,auprc,0.2396243714282582
959,,,,guo_los,guo_los,clinicalbert_type1_max_pool,lr_lbfgs,3,32,brier,0.37220225002077956
960,,,,guo_los,guo_los,clinicalbert_type1_max_pool,lr_lbfgs,4,32,auroc,0.5480033872290878
961,,,,guo_los,guo_los,clinicalbert_type1_max_pool,lr_lbfgs,4,32,auprc,0.2875818343345445
962,,,,guo_los,guo_los,clinicalbert_type1_max_pool,lr_lbfgs,4,32,brier,0.27257629309150294
963,,,,guo_los,guo_los,clinicalbert_type1_max_pool,lr_lbfgs,0,48,auroc,0.5379740136018418
964,,,,guo_los,guo_los,clinicalbert_type1_max_pool,lr_lbfgs,0,48,auprc,0.2767474007232845
965,,,,guo_los,guo_los,clinicalbert_type1_max_pool,lr_lbfgs,0,48,brier,0.37714327303353606
966,,,,guo_los,guo_los,clinicalbert_type1_max_pool,lr_lbfgs,1,48,auroc,0.6099493238773188
967,,,,guo_los,guo_los,clinicalbert_type1_max_pool,lr_lbfgs,1,48,auprc,0.3366303280515101
968,,,,guo_los,guo_los,clinicalbert_type1_max_pool,lr_lbfgs,1,48,brier,0.3294442489923931
969,,,,guo_los,guo_los,clinicalbert_type1_max_pool,lr_lbfgs,2,48,auroc,0.5888276570783384
970,,,,guo_los,guo_los,clinicalbert_type1_max_pool,lr_lbfgs,2,48,auprc,0.3145571616485532
971,,,,guo_los,guo_los,clinicalbert_type1_max_pool,lr_lbfgs,2,48,brier,0.2447734942887682
972,,,,guo_los,guo_los,clinicalbert_type1_max_pool,lr_lbfgs,3,48,auroc,0.5556533206312242
973,,,,guo_los,guo_los,clinicalbert_type1_max_pool,lr_lbfgs,3,48,auprc,0.3231692457787866
974,,,,guo_los,guo_los,clinicalbert_type1_max_pool,lr_lbfgs,3,48,brier,0.25000183947742566
975,,,,guo_los,guo_los,clinicalbert_type1_max_pool,lr_lbfgs,4,48,auroc,0.5831282471971562
976,,,,guo_los,guo_los,clinicalbert_type1_max_pool,lr_lbfgs,4,48,auprc,0.3217266379784506
977,,,,guo_los,guo_los,clinicalbert_type1_max_pool,lr_lbfgs,4,48,brier,0.2735460485612769
978,,,,guo_los,guo_los,clinicalbert_type1_max_pool,lr_lbfgs,0,64,auroc,0.5779415526564168
979,,,,guo_los,guo_los,clinicalbert_type1_max_pool,lr_lbfgs,0,64,auprc,0.31241364017484585
980,,,,guo_los,guo_los,clinicalbert_type1_max_pool,lr_lbfgs,0,64,brier,0.373334824591615
981,,,,guo_los,guo_los,clinicalbert_type1_max_pool,lr_lbfgs,1,64,auroc,0.6258931170446427
982,,,,guo_los,guo_los,clinicalbert_type1_max_pool,lr_lbfgs,1,64,auprc,0.3317915401746532
983,,,,guo_los,guo_los,clinicalbert_type1_max_pool,lr_lbfgs,1,64,brier,0.36555330105337946
984,,,,guo_los,guo_los,clinicalbert_type1_max_pool,lr_lbfgs,2,64,auroc,0.6276209126112537
985,,,,guo_los,guo_los,clinicalbert_type1_max_pool,lr_lbfgs,2,64,auprc,0.3589071508390066
986,,,,guo_los,guo_los,clinicalbert_type1_max_pool,lr_lbfgs,2,64,brier,0.24601419290713952
987,,,,guo_los,guo_los,clinicalbert_type1_max_pool,lr_lbfgs,3,64,auroc,0.5377821588292889
988,,,,guo_los,guo_los,clinicalbert_type1_max_pool,lr_lbfgs,3,64,auprc,0.2841401482958958
989,,,,guo_los,guo_los,clinicalbert_type1_max_pool,lr_lbfgs,3,64,brier,0.2674632665368007
990,,,,guo_los,guo_los,clinicalbert_type1_max_pool,lr_lbfgs,4,64,auroc,0.6187713355738442
991,,,,guo_los,guo_los,clinicalbert_type1_max_pool,lr_lbfgs,4,64,auprc,0.3464199663722603
992,,,,guo_los,guo_los,clinicalbert_type1_max_pool,lr_lbfgs,4,64,brier,0.2586828860307296
993,,,,guo_los,guo_los,clinicalbert_type1_max_pool,lr_lbfgs,0,128,auroc,0.5894682756004834
994,,,,guo_los,guo_los,clinicalbert_type1_max_pool,lr_lbfgs,0,128,auprc,0.3075420128995245
995,,,,guo_los,guo_los,clinicalbert_type1_max_pool,lr_lbfgs,0,128,brier,0.24997923796566657
996,,,,guo_los,guo_los,clinicalbert_type1_max_pool,lr_lbfgs,1,128,auroc,0.6240252895463407
997,,,,guo_los,guo_los,clinicalbert_type1_max_pool,lr_lbfgs,1,128,auprc,0.35434495859202064
998,,,,guo_los,guo_los,clinicalbert_type1_max_pool,lr_lbfgs,1,128,brier,0.23798801874911413
999,,,,guo_los,guo_los,clinicalbert_type1_max_pool,lr_lbfgs,2,128,auroc,0.6395401660095089
1000,,,,guo_los,guo_los,clinicalbert_type1_max_pool,lr_lbfgs,2,128,auprc,0.3783491189619988
1001,,,,guo_los,guo_los,clinicalbert_type1_max_pool,lr_lbfgs,2,128,brier,0.25000008606549873
1002,,,,guo_los,guo_los,clinicalbert_type1_max_pool,lr_lbfgs,3,128,auroc,0.5423050799615408
1003,,,,guo_los,guo_los,clinicalbert_type1_max_pool,lr_lbfgs,3,128,auprc,0.282902071085278
1004,,,,guo_los,guo_los,clinicalbert_type1_max_pool,lr_lbfgs,3,128,brier,0.42207638158487737
1005,,,,guo_los,guo_los,clinicalbert_type1_max_pool,lr_lbfgs,4,128,auroc,0.6153830038723791
1006,,,,guo_los,guo_los,clinicalbert_type1_max_pool,lr_lbfgs,4,128,auprc,0.325266115769413
1007,,,,guo_los,guo_los,clinicalbert_type1_max_pool,lr_lbfgs,4,128,brier,0.23857713758363702
1008,,,,guo_los,guo_los,clinicalbert_type1_max_pool,knn,0,-1,auroc,0.60088804502192
1009,,,,guo_los,guo_los,clinicalbert_type1_max_pool,knn,0,-1,auprc,0.31205432231349906
1010,,,,guo_los,guo_los,clinicalbert_type1_max_pool,knn,0,-1,brier,0.2109905186566842
1011,,,,guo_los,guo_los,clinicalbert_type1_max_pool,knn,0,1,auroc,0.46779761747245663
1012,,,,guo_los,guo_los,clinicalbert_type1_max_pool,knn,0,1,auprc,0.24053630989572714
1013,,,,guo_los,guo_los,clinicalbert_type1_max_pool,knn,0,1,brier,0.5220956719817768
1014,,,,guo_los,guo_los,clinicalbert_type1_max_pool,knn,1,1,auroc,0.49661938659398236
1015,,,,guo_los,guo_los,clinicalbert_type1_max_pool,knn,1,1,auprc,0.25023429450745677
1016,,,,guo_los,guo_los,clinicalbert_type1_max_pool,knn,1,1,brier,0.3753986332574032
1017,,,,guo_los,guo_los,clinicalbert_type1_max_pool,knn,2,1,auroc,0.5083401695378725
1018,,,,guo_los,guo_los,clinicalbert_type1_max_pool,knn,2,1,auprc,0.2546997500549154
1019,,,,guo_los,guo_los,clinicalbert_type1_max_pool,knn,2,1,brier,0.4911161731207289
1020,,,,guo_los,guo_los,clinicalbert_type1_max_pool,knn,3,1,auroc,0.4785872432012843
1021,,,,guo_los,guo_los,clinicalbert_type1_max_pool,knn,3,1,auprc,0.24373090182736612
1022,,,,guo_los,guo_los,clinicalbert_type1_max_pool,knn,3,1,brier,0.6797266514806378
1023,,,,guo_los,guo_los,clinicalbert_type1_max_pool,knn,4,1,auroc,0.48421332927571514
1024,,,,guo_los,guo_los,clinicalbert_type1_max_pool,knn,4,1,auprc,0.24588968434754313
1025,,,,guo_los,guo_los,clinicalbert_type1_max_pool,knn,4,1,brier,0.46150341685649204
1026,,,,guo_los,guo_los,clinicalbert_type1_max_pool,knn,0,2,auroc,0.5009774669877477
1027,,,,guo_los,guo_los,clinicalbert_type1_max_pool,knn,0,2,auprc,0.2518491791496326
1028,,,,guo_los,guo_los,clinicalbert_type1_max_pool,knn,0,2,brier,0.35742849911414837
1029,,,,guo_los,guo_los,clinicalbert_type1_max_pool,knn,1,2,auroc,0.4718315294574259
1030,,,,guo_los,guo_los,clinicalbert_type1_max_pool,knn,1,2,auprc,0.24145091770149796
1031,,,,guo_los,guo_los,clinicalbert_type1_max_pool,knn,1,2,brier,0.6592255125284738
1032,,,,guo_los,guo_los,clinicalbert_type1_max_pool,knn,2,2,auroc,0.5309955719036403
1033,,,,guo_los,guo_los,clinicalbert_type1_max_pool,knn,2,2,auprc,0.26408263444794805
1034,,,,guo_los,guo_los,clinicalbert_type1_max_pool,knn,2,2,brier,0.516628701594533
1035,,,,guo_los,guo_los,clinicalbert_type1_max_pool,knn,3,2,auroc,0.472021179002708
1036,,,,guo_los,guo_los,clinicalbert_type1_max_pool,knn,3,2,auprc,0.24149440633016056
1037,,,,guo_los,guo_los,clinicalbert_type1_max_pool,knn,3,2,brier,0.6733485193621868
1038,,,,guo_los,guo_los,clinicalbert_type1_max_pool,knn,4,2,auroc,0.5052826219270158
1039,,,,guo_los,guo_los,clinicalbert_type1_max_pool,knn,4,2,auprc,0.2535006900456873
1040,,,,guo_los,guo_los,clinicalbert_type1_max_pool,knn,4,2,brier,0.49749430523918
1041,,,,guo_los,guo_los,clinicalbert_type1_max_pool,knn,0,4,auroc,0.4894402692141452
1042,,,,guo_los,guo_los,clinicalbert_type1_max_pool,knn,0,4,auprc,0.2476435115653653
1043,,,,guo_los,guo_los,clinicalbert_type1_max_pool,knn,0,4,brier,0.48519362186788156
1044,,,,guo_los,guo_los,clinicalbert_type1_max_pool,knn,1,4,auroc,0.5115950849894589
1045,,,,guo_los,guo_los,clinicalbert_type1_max_pool,knn,1,4,auprc,0.25534111339175547
1046,,,,guo_los,guo_los,clinicalbert_type1_max_pool,knn,1,4,brier,0.24898405466970386
1047,,,,guo_los,guo_los,clinicalbert_type1_max_pool,knn,2,4,auroc,0.49510053631127227
1048,,,,guo_los,guo_los,clinicalbert_type1_max_pool,knn,2,4,auprc,0.24966449641788863
1049,,,,guo_los,guo_los,clinicalbert_type1_max_pool,knn,2,4,brier,0.4920273348519362
1050,,,,guo_los,guo_los,clinicalbert_type1_max_pool,knn,3,4,auroc,0.4417224589166159
1051,,,,guo_los,guo_los,clinicalbert_type1_max_pool,knn,3,4,auprc,0.23116443367117218
1052,,,,guo_los,guo_los,clinicalbert_type1_max_pool,knn,3,4,brier,0.3220450518855986
1053,,,,guo_los,guo_los,clinicalbert_type1_max_pool,knn,4,4,auroc,0.503395498690095
1054,,,,guo_los,guo_los,clinicalbert_type1_max_pool,knn,4,4,auprc,0.2527698253822914
1055,,,,guo_los,guo_los,clinicalbert_type1_max_pool,knn,4,4,brier,0.54624145785877
1056,,,,guo_los,guo_los,clinicalbert_type1_max_pool,knn,0,8,auroc,0.5097972734570024
1057,,,,guo_los,guo_los,clinicalbert_type1_max_pool,knn,0,8,auprc,0.2552753857560771
1058,,,,guo_los,guo_los,clinicalbert_type1_max_pool,knn,0,8,brier,0.4970387243735763
1059,,,,guo_los,guo_los,clinicalbert_type1_max_pool,knn,1,8,auroc,0.49639004295782724
1060,,,,guo_los,guo_los,clinicalbert_type1_max_pool,knn,1,8,auprc,0.24888961672439366
1061,,,,guo_los,guo_los,clinicalbert_type1_max_pool,knn,1,8,brier,0.3067071627436093
1062,,,,guo_los,guo_los,clinicalbert_type1_max_pool,knn,2,8,auroc,0.5197847477661048
1063,,,,guo_los,guo_los,clinicalbert_type1_max_pool,knn,2,8,auprc,0.27083554194577997
1064,,,,guo_los,guo_los,clinicalbert_type1_max_pool,knn,2,8,brier,0.3113042452769233
1065,,,,guo_los,guo_los,clinicalbert_type1_max_pool,knn,3,8,auroc,0.4493492374324098
1066,,,,guo_los,guo_los,clinicalbert_type1_max_pool,knn,3,8,auprc,0.22536571492049967
1067,,,,guo_los,guo_los,clinicalbert_type1_max_pool,knn,3,8,brier,0.3868159890404862
1068,,,,guo_los,guo_los,clinicalbert_type1_max_pool,knn,4,8,auroc,0.5074983240272742
1069,,,,guo_los,guo_los,clinicalbert_type1_max_pool,knn,4,8,auprc,0.25435372714993804
1070,,,,guo_los,guo_los,clinicalbert_type1_max_pool,knn,4,8,brier,0.5599088838268793
1071,,,,guo_los,guo_los,clinicalbert_type1_max_pool,knn,0,12,auroc,0.5044771626663844
1072,,,,guo_los,guo_los,clinicalbert_type1_max_pool,knn,0,12,auprc,0.2531898677385237
1073,,,,guo_los,guo_los,clinicalbert_type1_max_pool,knn,0,12,brier,0.48519362186788156
1074,,,,guo_los,guo_los,clinicalbert_type1_max_pool,knn,1,12,auroc,0.49286278193830657
1075,,,,guo_los,guo_los,clinicalbert_type1_max_pool,knn,1,12,auprc,0.2488502644444723
1076,,,,guo_los,guo_los,clinicalbert_type1_max_pool,knn,1,12,brier,0.508883826879271
1077,,,,guo_los,guo_los,clinicalbert_type1_max_pool,knn,2,12,auroc,0.528047734349502
1078,,,,guo_los,guo_los,clinicalbert_type1_max_pool,knn,2,12,auprc,0.27256859417192664
1079,,,,guo_los,guo_los,clinicalbert_type1_max_pool,knn,2,12,brier,0.25967375389861425
1080,,,,guo_los,guo_los,clinicalbert_type1_max_pool,knn,3,12,auroc,0.4646358728730583
1081,,,,guo_los,guo_los,clinicalbert_type1_max_pool,knn,3,12,auprc,0.2421589146894948
1082,,,,guo_los,guo_los,clinicalbert_type1_max_pool,knn,3,12,brier,0.32697997245212745
1083,,,,guo_los,guo_los,clinicalbert_type1_max_pool,knn,4,12,auroc,0.5242586025915831
1084,,,,guo_los,guo_los,clinicalbert_type1_max_pool,knn,4,12,auprc,0.2710280874202894
1085,,,,guo_los,guo_los,clinicalbert_type1_max_pool,knn,4,12,brier,0.38263730701088333
1086,,,,guo_los,guo_los,clinicalbert_type1_max_pool,knn,0,16,auroc,0.4953888697769192
1087,,,,guo_los,guo_los,clinicalbert_type1_max_pool,knn,0,16,auprc,0.2495530308713944
1088,,,,guo_los,guo_los,clinicalbert_type1_max_pool,knn,0,16,brier,0.30901022870455525
1089,,,,guo_los,guo_los,clinicalbert_type1_max_pool,knn,1,16,auroc,0.5064569054486756
1090,,,,guo_los,guo_los,clinicalbert_type1_max_pool,knn,1,16,auprc,0.25395739617524954
1091,,,,guo_los,guo_los,clinicalbert_type1_max_pool,knn,1,16,brier,0.5011389521640092
1092,,,,guo_los,guo_los,clinicalbert_type1_max_pool,knn,2,16,auroc,0.5358911764446443
1093,,,,guo_los,guo_los,clinicalbert_type1_max_pool,knn,2,16,auprc,0.27992671091380383
1094,,,,guo_los,guo_los,clinicalbert_type1_max_pool,knn,2,16,brier,0.3013266050920786
1095,,,,guo_los,guo_los,clinicalbert_type1_max_pool,knn,3,16,auroc,0.4678400680974182
1096,,,,guo_los,guo_los,clinicalbert_type1_max_pool,knn,3,16,auprc,0.23775472582862317
1097,,,,guo_los,guo_los,clinicalbert_type1_max_pool,knn,3,16,brier,0.39868387749936723
1098,,,,guo_los,guo_los,clinicalbert_type1_max_pool,knn,4,16,auroc,0.5111540395353145
1099,,,,guo_los,guo_los,clinicalbert_type1_max_pool,knn,4,16,auprc,0.2632729161434011
1100,,,,guo_los,guo_los,clinicalbert_type1_max_pool,knn,4,16,brier,0.3732725892179195
1101,,,,guo_los,guo_los,clinicalbert_type1_max_pool,knn,0,24,auroc,0.5059127656196248
1102,,,,guo_los,guo_los,clinicalbert_type1_max_pool,knn,0,24,auprc,0.25374633259220425
1103,,,,guo_los,guo_los,clinicalbert_type1_max_pool,knn,0,24,brier,0.4938496583143508
1104,,,,guo_los,guo_los,clinicalbert_type1_max_pool,knn,1,24,auroc,0.5071686425503013
1105,,,,guo_los,guo_los,clinicalbert_type1_max_pool,knn,1,24,auprc,0.25368700281991474
1106,,,,guo_los,guo_los,clinicalbert_type1_max_pool,knn,1,24,brier,0.34598835737787903
1107,,,,guo_los,guo_los,clinicalbert_type1_max_pool,knn,2,24,auroc,0.5581110464244445
1108,,,,guo_los,guo_los,clinicalbert_type1_max_pool,knn,2,24,auprc,0.27803499760005157
1109,,,,guo_los,guo_los,clinicalbert_type1_max_pool,knn,2,24,brier,0.25466970387243737
1110,,,,guo_los,guo_los,clinicalbert_type1_max_pool,knn,3,24,auroc,0.478480840985472
1111,,,,guo_los,guo_los,clinicalbert_type1_max_pool,knn,3,24,auprc,0.24140136498159007
1112,,,,guo_los,guo_los,clinicalbert_type1_max_pool,knn,3,24,brier,0.3480455580865604
1113,,,,guo_los,guo_los,clinicalbert_type1_max_pool,knn,4,24,auroc,0.5021175694867113
1114,,,,guo_los,guo_los,clinicalbert_type1_max_pool,knn,4,24,auprc,0.2522825455741462
1115,,,,guo_los,guo_los,clinicalbert_type1_max_pool,knn,4,24,brier,0.5175398633257403
1116,,,,guo_los,guo_los,clinicalbert_type1_max_pool,knn,0,32,auroc,0.5089080155600836
1117,,,,guo_los,guo_los,clinicalbert_type1_max_pool,knn,0,32,auprc,0.2566806055840484
1118,,,,guo_los,guo_los,clinicalbert_type1_max_pool,knn,0,32,brier,0.31637199432056157
1119,,,,guo_los,guo_los,clinicalbert_type1_max_pool,knn,1,32,auroc,0.5056227782335248
1120,,,,guo_los,guo_los,clinicalbert_type1_max_pool,knn,1,32,auprc,0.25363359454534473
1121,,,,guo_los,guo_los,clinicalbert_type1_max_pool,knn,1,32,brier,0.4924829157175399
1122,,,,guo_los,guo_los,clinicalbert_type1_max_pool,knn,2,32,auroc,0.5753901047041908
1123,,,,guo_los,guo_los,clinicalbert_type1_max_pool,knn,2,32,auprc,0.29658080855041485
1124,,,,guo_los,guo_los,clinicalbert_type1_max_pool,knn,2,32,brier,0.25710288563898803
1125,,,,guo_los,guo_los,clinicalbert_type1_max_pool,knn,3,32,auroc,0.5033166618151668
1126,,,,guo_los,guo_los,clinicalbert_type1_max_pool,knn,3,32,auprc,0.25273931053502224
1127,,,,guo_los,guo_los,clinicalbert_type1_max_pool,knn,3,32,brier,0.5562642369020501
1128,,,,guo_los,guo_los,clinicalbert_type1_max_pool,knn,4,32,auroc,0.5096969356161846
1129,,,,guo_los,guo_los,clinicalbert_type1_max_pool,knn,4,32,auprc,0.2552304728532214
1130,,,,guo_los,guo_los,clinicalbert_type1_max_pool,knn,4,32,brier,0.5097949886104783
1131,,,,guo_los,guo_los,clinicalbert_type1_max_pool,knn,0,48,auroc,0.5363708133760265
1132,,,,guo_los,guo_los,clinicalbert_type1_max_pool,knn,0,48,auprc,0.2753359764080235
1133,,,,guo_los,guo_los,clinicalbert_type1_max_pool,knn,0,48,brier,0.2856605249774819
1134,,,,guo_los,guo_los,clinicalbert_type1_max_pool,knn,1,48,auroc,0.5197092187320825
1135,,,,guo_los,guo_los,clinicalbert_type1_max_pool,knn,1,48,auprc,0.258546867403615
1136,,,,guo_los,guo_los,clinicalbert_type1_max_pool,knn,1,48,brier,0.3050342445648616
1137,,,,guo_los,guo_los,clinicalbert_type1_max_pool,knn,2,48,auroc,0.5443063237097215
1138,,,,guo_los,guo_los,clinicalbert_type1_max_pool,knn,2,48,auprc,0.2735330723810766
1139,,,,guo_los,guo_los,clinicalbert_type1_max_pool,knn,2,48,brier,0.29226720356952024
1140,,,,guo_los,guo_los,clinicalbert_type1_max_pool,knn,3,48,auroc,0.5258750341810228
1141,,,,guo_los,guo_los,clinicalbert_type1_max_pool,knn,3,48,auprc,0.26146410564036987
1142,,,,guo_los,guo_los,clinicalbert_type1_max_pool,knn,3,48,brier,0.34274867122247527
1143,,,,guo_los,guo_los,clinicalbert_type1_max_pool,knn,4,48,auroc,0.5281409052016901
1144,,,,guo_los,guo_los,clinicalbert_type1_max_pool,knn,4,48,auprc,0.2659625859704403
1145,,,,guo_los,guo_los,clinicalbert_type1_max_pool,knn,4,48,brier,0.3204108570398509
1146,,,,guo_los,guo_los,clinicalbert_type1_max_pool,knn,0,64,auroc,0.5593746416505685
1147,,,,guo_los,guo_los,clinicalbert_type1_max_pool,knn,0,64,auprc,0.29325739844250753
1148,,,,guo_los,guo_los,clinicalbert_type1_max_pool,knn,0,64,brier,0.27093092795542834
1149,,,,guo_los,guo_los,clinicalbert_type1_max_pool,knn,1,64,auroc,0.5358437640583238
1150,,,,guo_los,guo_los,clinicalbert_type1_max_pool,knn,1,64,auprc,0.26668032530803143
1151,,,,guo_los,guo_los,clinicalbert_type1_max_pool,knn,1,64,brier,0.4355353075170843
1152,,,,guo_los,guo_los,clinicalbert_type1_max_pool,knn,2,64,auroc,0.5427031234839063
1153,,,,guo_los,guo_los,clinicalbert_type1_max_pool,knn,2,64,auprc,0.2769474465741497
1154,,,,guo_los,guo_los,clinicalbert_type1_max_pool,knn,2,64,brier,0.27534350422597814
1155,,,,guo_los,guo_los,clinicalbert_type1_max_pool,knn,3,64,auroc,0.5279782696904743
1156,,,,guo_los,guo_los,clinicalbert_type1_max_pool,knn,3,64,auprc,0.2665298044549459
1157,,,,guo_los,guo_los,clinicalbert_type1_max_pool,knn,3,64,brier,0.3116756587990841
1158,,,,guo_los,guo_los,clinicalbert_type1_max_pool,knn,4,64,auroc,0.5191882337893743
1159,,,,guo_los,guo_los,clinicalbert_type1_max_pool,knn,4,64,auprc,0.25911490003423254
1160,,,,guo_los,guo_los,clinicalbert_type1_max_pool,knn,4,64,brier,0.48838268792710704
1161,,,,guo_los,guo_los,clinicalbert_type1_max_pool,knn,0,128,auroc,0.5454596575723094
1162,,,,guo_los,guo_los,clinicalbert_type1_max_pool,knn,0,128,auprc,0.2804135463411641
1163,,,,guo_los,guo_los,clinicalbert_type1_max_pool,knn,0,128,brier,0.28513794728300734
1164,,,,guo_los,guo_los,clinicalbert_type1_max_pool,knn,1,128,auroc,0.5519430257482336
1165,,,,guo_los,guo_los,clinicalbert_type1_max_pool,knn,1,128,auprc,0.27624239402571543
1166,,,,guo_los,guo_los,clinicalbert_type1_max_pool,knn,1,128,brier,0.29000253100480894
1167,,,,guo_los,guo_los,clinicalbert_type1_max_pool,knn,2,128,auroc,0.5276127532703521
1168,,,,guo_los,guo_los,clinicalbert_type1_max_pool,knn,2,128,auprc,0.26285161817307656
1169,,,,guo_los,guo_los,clinicalbert_type1_max_pool,knn,2,128,brier,0.4496583143507973
1170,,,,guo_los,guo_los,clinicalbert_type1_max_pool,knn,3,128,auroc,0.5359044078082686
1171,,,,guo_los,guo_los,clinicalbert_type1_max_pool,knn,3,128,auprc,0.26649243357860497
1172,,,,guo_los,guo_los,clinicalbert_type1_max_pool,knn,3,128,brier,0.4660592255125285
1173,,,,guo_los,guo_los,clinicalbert_type1_max_pool,knn,4,128,auroc,0.5509021584764525
1174,,,,guo_los,guo_los,clinicalbert_type1_max_pool,knn,4,128,auprc,0.2807857082905184
1175,,,,guo_los,guo_los,clinicalbert_type1_max_pool,knn,4,128,brier,0.28460852151829114
1176,,,,guo_los,guo_los,clinicalbert_type1_max_pool,rf,0,-1,auroc,0.6630159129199855
1177,,,,guo_los,guo_los,clinicalbert_type1_max_pool,rf,0,-1,auprc,0.3457154169062643
1178,,,,guo_los,guo_los,clinicalbert_type1_max_pool,rf,0,-1,brier,0.17955381284709704
1179,,,,guo_los,guo_los,clinicalbert_type1_max_pool,rf,0,1,auroc,0.49737798477511086
1180,,,,guo_los,guo_los,clinicalbert_type1_max_pool,rf,0,1,auprc,0.24944506221348078
1181,,,,guo_los,guo_los,clinicalbert_type1_max_pool,rf,0,1,brier,0.38362186788154895
1182,,,,guo_los,guo_los,clinicalbert_type1_max_pool,rf,1,1,auroc,0.48111553626716774
1183,,,,guo_los,guo_los,clinicalbert_type1_max_pool,rf,1,1,auprc,0.2448780003408845
1184,,,,guo_los,guo_los,clinicalbert_type1_max_pool,rf,1,1,brier,0.26270045558086563
1185,,,,guo_los,guo_los,clinicalbert_type1_max_pool,rf,2,1,auroc,0.501315418066986
1186,,,,guo_los,guo_los,clinicalbert_type1_max_pool,rf,2,1,auprc,0.24937635313621612
1187,,,,guo_los,guo_los,clinicalbert_type1_max_pool,rf,2,1,brier,0.32129840546697036
1188,,,,guo_los,guo_los,clinicalbert_type1_max_pool,rf,3,1,auroc,0.5366062213871761
1189,,,,guo_los,guo_los,clinicalbert_type1_max_pool,rf,3,1,auprc,0.2699569048502706
1190,,,,guo_los,guo_los,clinicalbert_type1_max_pool,rf,3,1,brier,0.3282015945330296
1191,,,,guo_los,guo_los,clinicalbert_type1_max_pool,rf,4,1,auroc,0.49515566699304037
1192,,,,guo_los,guo_los,clinicalbert_type1_max_pool,rf,4,1,auprc,0.24803707860390928
1193,,,,guo_los,guo_los,clinicalbert_type1_max_pool,rf,4,1,brier,0.3181651480637813
1194,,,,guo_los,guo_los,clinicalbert_type1_max_pool,rf,0,2,auroc,0.5152750579974773
1195,,,,guo_los,guo_los,clinicalbert_type1_max_pool,rf,0,2,auprc,0.25942669676022256
1196,,,,guo_los,guo_los,clinicalbert_type1_max_pool,rf,0,2,brier,0.2543268792710706
1197,,,,guo_los,guo_los,clinicalbert_type1_max_pool,rf,1,2,auroc,0.4753422512724162
1198,,,,guo_los,guo_los,clinicalbert_type1_max_pool,rf,1,2,auprc,0.23750419931437847
1199,,,,guo_los,guo_los,clinicalbert_type1_max_pool,rf,1,2,brier,0.27831890660592257
1200,,,,guo_los,guo_los,clinicalbert_type1_max_pool,rf,2,2,auroc,0.5311240263921599
1201,,,,guo_los,guo_los,clinicalbert_type1_max_pool,rf,2,2,auprc,0.26843255993968207
1202,,,,guo_los,guo_los,clinicalbert_type1_max_pool,rf,2,2,brier,0.3015580865603644
1203,,,,guo_los,guo_los,clinicalbert_type1_max_pool,rf,3,2,auroc,0.5024301604523361
1204,,,,guo_los,guo_los,clinicalbert_type1_max_pool,rf,3,2,auprc,0.2468864074815377
1205,,,,guo_los,guo_los,clinicalbert_type1_max_pool,rf,3,2,brier,0.2877972665148064
1206,,,,guo_los,guo_los,clinicalbert_type1_max_pool,rf,4,2,auroc,0.5024417378955075
1207,,,,guo_los,guo_los,clinicalbert_type1_max_pool,rf,4,2,auprc,0.25011003291170747
1208,,,,guo_los,guo_los,clinicalbert_type1_max_pool,rf,4,2,brier,0.37301594533029614
1209,,,,guo_los,guo_los,clinicalbert_type1_max_pool,rf,0,4,auroc,0.4986559139784946
1210,,,,guo_los,guo_los,clinicalbert_type1_max_pool,rf,0,4,auprc,0.25086337138010517
1211,,,,guo_los,guo_los,clinicalbert_type1_max_pool,rf,0,4,brier,0.29822341685649206
1212,,,,guo_los,guo_los,clinicalbert_type1_max_pool,rf,1,4,auroc,0.5039550751100409
1213,,,,guo_los,guo_los,clinicalbert_type1_max_pool,rf,1,4,auprc,0.256962397744092
1214,,,,guo_los,guo_los,clinicalbert_type1_max_pool,rf,1,4,brier,0.28459681093394074
1215,,,,guo_los,guo_los,clinicalbert_type1_max_pool,rf,2,4,auroc,0.5267416884984166
1216,,,,guo_los,guo_los,clinicalbert_type1_max_pool,rf,2,4,auprc,0.27046045582140155
1217,,,,guo_los,guo_los,clinicalbert_type1_max_pool,rf,2,4,brier,0.2359558997722096
1218,,,,guo_los,guo_los,clinicalbert_type1_max_pool,rf,3,4,auroc,0.47708658604355764
1219,,,,guo_los,guo_los,clinicalbert_type1_max_pool,rf,3,4,auprc,0.23695387688251912
1220,,,,guo_los,guo_los,clinicalbert_type1_max_pool,rf,3,4,brier,0.262618132118451
1221,,,,guo_los,guo_los,clinicalbert_type1_max_pool,rf,4,4,auroc,0.5068483332892287
1222,,,,guo_los,guo_los,clinicalbert_type1_max_pool,rf,4,4,auprc,0.25758894957860057
1223,,,,guo_los,guo_los,clinicalbert_type1_max_pool,rf,4,4,brier,0.3467380410022779
1224,,,,guo_los,guo_los,clinicalbert_type1_max_pool,rf,0,8,auroc,0.4941583529598561
1225,,,,guo_los,guo_los,clinicalbert_type1_max_pool,rf,0,8,auprc,0.24378423053568718
1226,,,,guo_los,guo_los,clinicalbert_type1_max_pool,rf,0,8,brier,0.3338861047835991
1227,,,,guo_los,guo_los,clinicalbert_type1_max_pool,rf,1,8,auroc,0.5018115942028986
1228,,,,guo_los,guo_los,clinicalbert_type1_max_pool,rf,1,8,auprc,0.2508197414928188
1229,,,,guo_los,guo_los,clinicalbert_type1_max_pool,rf,1,8,brier,0.2934350797266515
1230,,,,guo_los,guo_los,clinicalbert_type1_max_pool,rf,2,8,auroc,0.5201464050385033
1231,,,,guo_los,guo_los,clinicalbert_type1_max_pool,rf,2,8,auprc,0.2621774543571368
1232,,,,guo_los,guo_los,clinicalbert_type1_max_pool,rf,2,8,brier,0.277495125284738
1233,,,,guo_los,guo_los,clinicalbert_type1_max_pool,rf,3,8,auroc,0.5212914692988259
1234,,,,guo_los,guo_los,clinicalbert_type1_max_pool,rf,3,8,auprc,0.26666689025743706
1235,,,,guo_los,guo_los,clinicalbert_type1_max_pool,rf,3,8,brier,0.2856628701594533
1236,,,,guo_los,guo_los,clinicalbert_type1_max_pool,rf,4,8,auroc,0.5283680436105744
1237,,,,guo_los,guo_los,clinicalbert_type1_max_pool,rf,4,8,auprc,0.28674094517936005
1238,,,,guo_los,guo_los,clinicalbert_type1_max_pool,rf,4,8,brier,0.29191799544419134
1239,,,,guo_los,guo_los,clinicalbert_type1_max_pool,rf,0,12,auroc,0.5059938077218238
1240,,,,guo_los,guo_los,clinicalbert_type1_max_pool,rf,0,12,auprc,0.2587420690808819
1241,,,,guo_los,guo_los,clinicalbert_type1_max_pool,rf,0,12,brier,0.27517773981270566
1242,,,,guo_los,guo_los,clinicalbert_type1_max_pool,rf,1,12,auroc,0.5125504997044995
1243,,,,guo_los,guo_los,clinicalbert_type1_max_pool,rf,1,12,auprc,0.2528948897224799
1244,,,,guo_los,guo_los,clinicalbert_type1_max_pool,rf,1,12,brier,0.26995908883826875
1245,,,,guo_los,guo_los,clinicalbert_type1_max_pool,rf,2,12,auroc,0.4974413850591442
1246,,,,guo_los,guo_los,clinicalbert_type1_max_pool,rf,2,12,auprc,0.2568402289087147
1247,,,,guo_los,guo_los,clinicalbert_type1_max_pool,rf,2,12,brier,0.3123872437357631
1248,,,,guo_los,guo_los,clinicalbert_type1_max_pool,rf,3,12,auroc,0.48412291495761556
1249,,,,guo_los,guo_los,clinicalbert_type1_max_pool,rf,3,12,auprc,0.25371412676693805
1250,,,,guo_los,guo_los,clinicalbert_type1_max_pool,rf,3,12,brier,0.2463355353075171
1251,,,,guo_los,guo_los,clinicalbert_type1_max_pool,rf,4,12,auroc,0.48325240149249776
1252,,,,guo_los,guo_los,clinicalbert_type1_max_pool,rf,4,12,auprc,0.24743526293639395
1253,,,,guo_los,guo_los,clinicalbert_type1_max_pool,rf,4,12,brier,0.3067118451025057
1254,,,,guo_los,guo_los,clinicalbert_type1_max_pool,rf,0,16,auroc,0.516164315894396
1255,,,,guo_los,guo_los,clinicalbert_type1_max_pool,rf,0,16,auprc,0.2585888766290755
1256,,,,guo_los,guo_los,clinicalbert_type1_max_pool,rf,0,16,brier,0.26829840546697037
1257,,,,guo_los,guo_los,clinicalbert_type1_max_pool,rf,1,16,auroc,0.5078759691973855
1258,,,,guo_los,guo_los,clinicalbert_type1_max_pool,rf,1,16,auprc,0.2783686023321646
1259,,,,guo_los,guo_los,clinicalbert_type1_max_pool,rf,1,16,brier,0.258122561361136
1260,,,,guo_los,guo_los,clinicalbert_type1_max_pool,rf,2,16,auroc,0.5292528910529519
1261,,,,guo_los,guo_los,clinicalbert_type1_max_pool,rf,2,16,auprc,0.27239852031532474
1262,,,,guo_los,guo_los,clinicalbert_type1_max_pool,rf,2,16,brier,0.24748633257403194
1263,,,,guo_los,guo_los,clinicalbert_type1_max_pool,rf,3,16,auroc,0.47907790626902
1264,,,,guo_los,guo_los,clinicalbert_type1_max_pool,rf,3,16,auprc,0.24597724680836575
1265,,,,guo_los,guo_los,clinicalbert_type1_max_pool,rf,3,16,brier,0.2630026676790686
1266,,,,guo_los,guo_los,clinicalbert_type1_max_pool,rf,4,16,auroc,0.4802135983134421
1267,,,,guo_los,guo_los,clinicalbert_type1_max_pool,rf,4,16,auprc,0.24477854390626289
1268,,,,guo_los,guo_los,clinicalbert_type1_max_pool,rf,4,16,brier,0.2871218223234624
1269,,,,guo_los,guo_los,clinicalbert_type1_max_pool,rf,0,24,auroc,0.5142567943052211
1270,,,,guo_los,guo_los,clinicalbert_type1_max_pool,rf,0,24,auprc,0.25778233529232114
1271,,,,guo_los,guo_los,clinicalbert_type1_max_pool,rf,0,24,brier,0.2829727562642369
1272,,,,guo_los,guo_los,clinicalbert_type1_max_pool,rf,1,24,auroc,0.5070523168117707
1273,,,,guo_los,guo_los,clinicalbert_type1_max_pool,rf,1,24,auprc,0.2548979955683125
1274,,,,guo_los,guo_los,clinicalbert_type1_max_pool,rf,1,24,brier,0.28340623782599156
1275,,,,guo_los,guo_los,clinicalbert_type1_max_pool,rf,2,24,auroc,0.5723496476046821
1276,,,,guo_los,guo_los,clinicalbert_type1_max_pool,rf,2,24,auprc,0.3001520373056271
1277,,,,guo_los,guo_los,clinicalbert_type1_max_pool,rf,2,24,brier,0.24853526195899772
1278,,,,guo_los,guo_los,clinicalbert_type1_max_pool,rf,3,24,auroc,0.4851841805816508
1279,,,,guo_los,guo_los,clinicalbert_type1_max_pool,rf,3,24,auprc,0.24808951934807497
1280,,,,guo_los,guo_los,clinicalbert_type1_max_pool,rf,3,24,brier,0.2937924259681094
1281,,,,guo_los,guo_los,clinicalbert_type1_max_pool,rf,4,24,auroc,0.45583977259696384
1282,,,,guo_los,guo_los,clinicalbert_type1_max_pool,rf,4,24,auprc,0.23533082624111523
1283,,,,guo_los,guo_los,clinicalbert_type1_max_pool,rf,4,24,brier,0.29830865603644646
1284,,,,guo_los,guo_los,clinicalbert_type1_max_pool,rf,0,32,auroc,0.4973928700591883
1285,,,,guo_los,guo_los,clinicalbert_type1_max_pool,rf,0,32,auprc,0.2540354747453021
1286,,,,guo_los,guo_los,clinicalbert_type1_max_pool,rf,0,32,brier,0.27330923008073327
1287,,,,guo_los,guo_los,clinicalbert_type1_max_pool,rf,1,32,auroc,0.5076152010726226
1288,,,,guo_los,guo_los,clinicalbert_type1_max_pool,rf,1,32,auprc,0.2537962165944648
1289,,,,guo_los,guo_los,clinicalbert_type1_max_pool,rf,1,32,brier,0.2719726651480638
1290,,,,guo_los,guo_los,clinicalbert_type1_max_pool,rf,2,32,auroc,0.5640789427258374
1291,,,,guo_los,guo_los,clinicalbert_type1_max_pool,rf,2,32,auprc,0.29228294119909787
1292,,,,guo_los,guo_los,clinicalbert_type1_max_pool,rf,2,32,brier,0.25646469248291576
1293,,,,guo_los,guo_los,clinicalbert_type1_max_pool,rf,3,32,auroc,0.5295759568481127
1294,,,,guo_los,guo_los,clinicalbert_type1_max_pool,rf,3,32,auprc,0.26186464478137683
1295,,,,guo_los,guo_los,clinicalbert_type1_max_pool,rf,3,32,brier,0.26515869635952094
1296,,,,guo_los,guo_los,clinicalbert_type1_max_pool,rf,4,32,auroc,0.5185360378240581
1297,,,,guo_los,guo_los,clinicalbert_type1_max_pool,rf,4,32,auprc,0.26001127636396804
1298,,,,guo_los,guo_los,clinicalbert_type1_max_pool,rf,4,32,brier,0.2629782977386075
1299,,,,guo_los,guo_los,clinicalbert_type1_max_pool,rf,0,48,auroc,0.5146101819753544
1300,,,,guo_los,guo_los,clinicalbert_type1_max_pool,rf,0,48,auprc,0.2733286850897973
1301,,,,guo_los,guo_los,clinicalbert_type1_max_pool,rf,0,48,brier,0.2517669037841862
1302,,,,guo_los,guo_los,clinicalbert_type1_max_pool,rf,1,48,auroc,0.49265163142713486
1303,,,,guo_los,guo_los,clinicalbert_type1_max_pool,rf,1,48,auprc,0.2505280244643782
1304,,,,guo_los,guo_los,clinicalbert_type1_max_pool,rf,1,48,brier,0.2632968313956138
1305,,,,guo_los,guo_los,clinicalbert_type1_max_pool,rf,2,48,auroc,0.5713170499351663
1306,,,,guo_los,guo_los,clinicalbert_type1_max_pool,rf,2,48,auprc,0.3052873597270655
1307,,,,guo_los,guo_los,clinicalbert_type1_max_pool,rf,2,48,brier,0.23106220788465168
1308,,,,guo_los,guo_los,clinicalbert_type1_max_pool,rf,3,48,auroc,0.5355840985471962
1309,,,,guo_los,guo_los,clinicalbert_type1_max_pool,rf,3,48,auprc,0.269929069901304
1310,,,,guo_los,guo_los,clinicalbert_type1_max_pool,rf,3,48,brier,0.24285910402429764
1311,,,,guo_los,guo_los,clinicalbert_type1_max_pool,rf,4,48,auroc,0.511424179875978
1312,,,,guo_los,guo_los,clinicalbert_type1_max_pool,rf,4,48,auprc,0.26880157253929515
1313,,,,guo_los,guo_los,clinicalbert_type1_max_pool,rf,4,48,brier,0.2813545330296128
1314,,,,guo_los,guo_los,clinicalbert_type1_max_pool,rf,0,64,auroc,0.550034952852241
1315,,,,guo_los,guo_los,clinicalbert_type1_max_pool,rf,0,64,auprc,0.28490297857006347
1316,,,,guo_los,guo_los,clinicalbert_type1_max_pool,rf,0,64,brier,0.24327977189319158
1317,,,,guo_los,guo_los,clinicalbert_type1_max_pool,rf,1,64,auroc,0.5359303192286997
1318,,,,guo_los,guo_los,clinicalbert_type1_max_pool,rf,1,64,auprc,0.27377970106891597
1319,,,,guo_los,guo_los,clinicalbert_type1_max_pool,rf,1,64,brier,0.24828018223234624
1320,,,,guo_los,guo_los,clinicalbert_type1_max_pool,rf,2,64,auroc,0.5722906577751903
1321,,,,guo_los,guo_los,clinicalbert_type1_max_pool,rf,2,64,auprc,0.3042454483023199
1322,,,,guo_los,guo_los,clinicalbert_type1_max_pool,rf,2,64,brier,0.24136503416856492
1323,,,,guo_los,guo_los,clinicalbert_type1_max_pool,rf,3,64,auroc,0.5580509539813173
1324,,,,guo_los,guo_los,clinicalbert_type1_max_pool,rf,3,64,auprc,0.29294820136482086
1325,,,,guo_los,guo_los,clinicalbert_type1_max_pool,rf,3,64,brier,0.2407481548974943
1326,,,,guo_los,guo_los,clinicalbert_type1_max_pool,rf,4,64,auroc,0.5315154542327132
1327,,,,guo_los,guo_los,clinicalbert_type1_max_pool,rf,4,64,auprc,0.2810465127904177
1328,,,,guo_los,guo_los,clinicalbert_type1_max_pool,rf,4,64,brier,0.26166127562642366
1329,,,,guo_los,guo_los,clinicalbert_type1_max_pool,rf,0,128,auroc,0.5677208755634355
1330,,,,guo_los,guo_los,clinicalbert_type1_max_pool,rf,0,128,auprc,0.3097340489198882
1331,,,,guo_los,guo_los,clinicalbert_type1_max_pool,rf,0,128,brier,0.24432302708175146
1332,,,,guo_los,guo_los,clinicalbert_type1_max_pool,rf,1,128,auroc,0.600931046953699
1333,,,,guo_los,guo_los,clinicalbert_type1_max_pool,rf,1,128,auprc,0.31911177369981103
1334,,,,guo_los,guo_los,clinicalbert_type1_max_pool,rf,1,128,brier,0.23896348585561655
1335,,,,guo_los,guo_los,clinicalbert_type1_max_pool,rf,2,128,auroc,0.6229634726154878
1336,,,,guo_los,guo_los,clinicalbert_type1_max_pool,rf,2,128,auprc,0.32750942309664033
1337,,,,guo_los,guo_los,clinicalbert_type1_max_pool,rf,2,128,brier,0.2373525753798781
1338,,,,guo_los,guo_los,clinicalbert_type1_max_pool,rf,3,128,auroc,0.5486164404103487
1339,,,,guo_los,guo_los,clinicalbert_type1_max_pool,rf,3,128,auprc,0.27969846297796985
1340,,,,guo_los,guo_los,clinicalbert_type1_max_pool,rf,3,128,brier,0.2405915261958998
1341,,,,guo_los,guo_los,clinicalbert_type1_max_pool,rf,4,128,auroc,0.5664969744281846
1342,,,,guo_los,guo_los,clinicalbert_type1_max_pool,rf,4,128,auprc,0.29385577294332155
1343,,,,guo_los,guo_los,clinicalbert_type1_max_pool,rf,4,128,brier,0.24258263221102197
1344,,,,guo_los,guo_los,clinicalbert_type1_mean_pool,lr_lbfgs,0,-1,auroc,0.6785208658604356
1345,,,,guo_los,guo_los,clinicalbert_type1_mean_pool,lr_lbfgs,0,-1,auprc,0.3867569890399628
1346,,,,guo_los,guo_los,clinicalbert_type1_mean_pool,lr_lbfgs,0,-1,brier,0.17578573420367627
1347,,,,guo_los,guo_los,clinicalbert_type1_mean_pool,lr_lbfgs,0,1,auroc,0.45049705822682085
1348,,,,guo_los,guo_los,clinicalbert_type1_mean_pool,lr_lbfgs,0,1,auprc,0.2407011177887222
1349,,,,guo_los,guo_los,clinicalbert_type1_mean_pool,lr_lbfgs,0,1,brier,0.24999909467619877
1350,,,,guo_los,guo_los,clinicalbert_type1_mean_pool,lr_lbfgs,1,1,auroc,0.546288823026101
1351,,,,guo_los,guo_los,clinicalbert_type1_mean_pool,lr_lbfgs,1,1,auprc,0.29488893324766713
1352,,,,guo_los,guo_los,clinicalbert_type1_mean_pool,lr_lbfgs,1,1,brier,0.24999963882480408
1353,,,,guo_los,guo_los,clinicalbert_type1_mean_pool,lr_lbfgs,2,1,auroc,0.42740391824781465
1354,,,,guo_los,guo_los,clinicalbert_type1_mean_pool,lr_lbfgs,2,1,auprc,0.21316322712520822
1355,,,,guo_los,guo_los,clinicalbert_type1_mean_pool,lr_lbfgs,2,1,brier,0.2500020647491161
1356,,,,guo_los,guo_los,clinicalbert_type1_mean_pool,lr_lbfgs,3,1,auroc,0.509489092945919
1357,,,,guo_los,guo_los,clinicalbert_type1_mean_pool,lr_lbfgs,3,1,auprc,0.2705144115563069
1358,,,,guo_los,guo_los,clinicalbert_type1_mean_pool,lr_lbfgs,3,1,brier,0.2500006014578198
1359,,,,guo_los,guo_los,clinicalbert_type1_mean_pool,lr_lbfgs,4,1,auroc,0.5149271833955208
1360,,,,guo_los,guo_los,clinicalbert_type1_mean_pool,lr_lbfgs,4,1,auprc,0.2740511256151827
1361,,,,guo_los,guo_los,clinicalbert_type1_mean_pool,lr_lbfgs,4,1,brier,0.249999264493001
1362,,,,guo_los,guo_los,clinicalbert_type1_mean_pool,lr_lbfgs,0,2,auroc,0.47379307911473356
1363,,,,guo_los,guo_los,clinicalbert_type1_mean_pool,lr_lbfgs,0,2,auprc,0.2520264124330506
1364,,,,guo_los,guo_los,clinicalbert_type1_mean_pool,lr_lbfgs,0,2,brier,0.2500003340067368
1365,,,,guo_los,guo_los,clinicalbert_type1_mean_pool,lr_lbfgs,1,2,auroc,0.43545189517231647
1366,,,,guo_los,guo_los,clinicalbert_type1_mean_pool,lr_lbfgs,1,2,auprc,0.2212028426957046
1367,,,,guo_los,guo_los,clinicalbert_type1_mean_pool,lr_lbfgs,1,2,brier,0.24999905735700761
1368,,,,guo_los,guo_los,clinicalbert_type1_mean_pool,lr_lbfgs,2,2,auroc,0.546221563594344
1369,,,,guo_los,guo_los,clinicalbert_type1_mean_pool,lr_lbfgs,2,2,auprc,0.2839348002152038
1370,,,,guo_los,guo_los,clinicalbert_type1_mean_pool,lr_lbfgs,2,2,brier,0.2500003779987001
1371,,,,guo_los,guo_los,clinicalbert_type1_mean_pool,lr_lbfgs,3,2,auroc,0.4685788192331102
1372,,,,guo_los,guo_los,clinicalbert_type1_mean_pool,lr_lbfgs,3,2,auprc,0.24000491355110007
1373,,,,guo_los,guo_los,clinicalbert_type1_mean_pool,lr_lbfgs,3,2,brier,0.25000132542899306
1374,,,,guo_los,guo_los,clinicalbert_type1_mean_pool,lr_lbfgs,4,2,auroc,0.5053300343133363
1375,,,,guo_los,guo_los,clinicalbert_type1_mean_pool,lr_lbfgs,4,2,auprc,0.2596632725685543
1376,,,,guo_los,guo_los,clinicalbert_type1_mean_pool,lr_lbfgs,4,2,brier,0.24999864906848548
1377,,,,guo_los,guo_los,clinicalbert_type1_mean_pool,lr_lbfgs,0,4,auroc,0.48239236285691606
1378,,,,guo_los,guo_los,clinicalbert_type1_mean_pool,lr_lbfgs,0,4,auprc,0.2566806124665501
1379,,,,guo_los,guo_los,clinicalbert_type1_mean_pool,lr_lbfgs,0,4,brier,0.29448225395677785
1380,,,,guo_los,guo_los,clinicalbert_type1_mean_pool,lr_lbfgs,1,4,auroc,0.47284813922922897
1381,,,,guo_los,guo_los,clinicalbert_type1_mean_pool,lr_lbfgs,1,4,auprc,0.25069815721122296
1382,,,,guo_los,guo_los,clinicalbert_type1_mean_pool,lr_lbfgs,1,4,brier,0.24999913976701288
1383,,,,guo_los,guo_los,clinicalbert_type1_mean_pool,lr_lbfgs,2,4,auroc,0.49454978080040934
1384,,,,guo_los,guo_los,clinicalbert_type1_mean_pool,lr_lbfgs,2,4,auprc,0.25915443469303984
1385,,,,guo_los,guo_los,clinicalbert_type1_mean_pool,lr_lbfgs,2,4,brier,0.3239195015155994
1386,,,,guo_los,guo_los,clinicalbert_type1_mean_pool,lr_lbfgs,3,4,auroc,0.4509656690218494
1387,,,,guo_los,guo_los,clinicalbert_type1_mean_pool,lr_lbfgs,3,4,auprc,0.229802597581704
1388,,,,guo_los,guo_los,clinicalbert_type1_mean_pool,lr_lbfgs,3,4,brier,0.249999910040308
1389,,,,guo_los,guo_los,clinicalbert_type1_mean_pool,lr_lbfgs,4,4,auroc,0.4908593329628551
1390,,,,guo_los,guo_los,clinicalbert_type1_mean_pool,lr_lbfgs,4,4,auprc,0.24659906060680198
1391,,,,guo_los,guo_los,clinicalbert_type1_mean_pool,lr_lbfgs,4,4,brier,0.33684653865654895
1392,,,,guo_los,guo_los,clinicalbert_type1_mean_pool,lr_lbfgs,0,8,auroc,0.523690756569372
1393,,,,guo_los,guo_los,clinicalbert_type1_mean_pool,lr_lbfgs,0,8,auprc,0.259006024017296
1394,,,,guo_los,guo_los,clinicalbert_type1_mean_pool,lr_lbfgs,0,8,brier,0.2501821395552649
1395,,,,guo_los,guo_los,clinicalbert_type1_mean_pool,lr_lbfgs,1,8,auroc,0.4600677445817566
1396,,,,guo_los,guo_los,clinicalbert_type1_mean_pool,lr_lbfgs,1,8,auprc,0.23088681534560812
1397,,,,guo_los,guo_los,clinicalbert_type1_mean_pool,lr_lbfgs,1,8,brier,0.5127803417464745
1398,,,,guo_los,guo_los,clinicalbert_type1_mean_pool,lr_lbfgs,2,8,auroc,0.5078781744246562
1399,,,,guo_los,guo_los,clinicalbert_type1_mean_pool,lr_lbfgs,2,8,auprc,0.2683300439860392
1400,,,,guo_los,guo_los,clinicalbert_type1_mean_pool,lr_lbfgs,2,8,brier,0.271712830117836
1401,,,,guo_los,guo_los,clinicalbert_type1_mean_pool,lr_lbfgs,3,8,auroc,0.4477691920929371
1402,,,,guo_los,guo_los,clinicalbert_type1_mean_pool,lr_lbfgs,3,8,auprc,0.23135096303536468
1403,,,,guo_los,guo_los,clinicalbert_type1_mean_pool,lr_lbfgs,3,8,brier,0.4889163600172758
1404,,,,guo_los,guo_los,clinicalbert_type1_mean_pool,lr_lbfgs,4,8,auroc,0.5070159305618037
1405,,,,guo_los,guo_los,clinicalbert_type1_mean_pool,lr_lbfgs,4,8,auprc,0.2664978937616692
1406,,,,guo_los,guo_los,clinicalbert_type1_mean_pool,lr_lbfgs,4,8,brier,0.28212895342806765
1407,,,,guo_los,guo_los,clinicalbert_type1_mean_pool,lr_lbfgs,0,12,auroc,0.48604036006950874
1408,,,,guo_los,guo_los,clinicalbert_type1_mean_pool,lr_lbfgs,0,12,auprc,0.2418950744984399
1409,,,,guo_los,guo_los,clinicalbert_type1_mean_pool,lr_lbfgs,0,12,brier,0.4736806444123807
1410,,,,guo_los,guo_los,clinicalbert_type1_mean_pool,lr_lbfgs,1,12,auroc,0.4802477793361384
1411,,,,guo_los,guo_los,clinicalbert_type1_mean_pool,lr_lbfgs,1,12,auprc,0.24560564663424914
1412,,,,guo_los,guo_los,clinicalbert_type1_mean_pool,lr_lbfgs,1,12,brier,0.43220995228625225
1413,,,,guo_los,guo_los,clinicalbert_type1_mean_pool,lr_lbfgs,2,12,auroc,0.5087293921511551
1414,,,,guo_los,guo_los,clinicalbert_type1_mean_pool,lr_lbfgs,2,12,auprc,0.28193067608232275
1415,,,,guo_los,guo_los,clinicalbert_type1_mean_pool,lr_lbfgs,2,12,brier,0.3407091418353201
1416,,,,guo_los,guo_los,clinicalbert_type1_mean_pool,lr_lbfgs,3,12,auroc,0.48435832296876513
1417,,,,guo_los,guo_los,clinicalbert_type1_mean_pool,lr_lbfgs,3,12,auprc,0.2588504044377044
1418,,,,guo_los,guo_los,clinicalbert_type1_mean_pool,lr_lbfgs,3,12,brier,0.44186546125775233
1419,,,,guo_los,guo_los,clinicalbert_type1_mean_pool,lr_lbfgs,4,12,auroc,0.5083975054469114
1420,,,,guo_los,guo_los,clinicalbert_type1_mean_pool,lr_lbfgs,4,12,auprc,0.27356357631175443
1421,,,,guo_los,guo_los,clinicalbert_type1_mean_pool,lr_lbfgs,4,12,brier,0.3081856193639477
1422,,,,guo_los,guo_los,clinicalbert_type1_mean_pool,lr_lbfgs,0,16,auroc,0.4613710338987536
1423,,,,guo_los,guo_los,clinicalbert_type1_mean_pool,lr_lbfgs,0,16,auprc,0.2374961895080277
1424,,,,guo_los,guo_los,clinicalbert_type1_mean_pool,lr_lbfgs,0,16,brier,0.2500008172437884
1425,,,,guo_los,guo_los,clinicalbert_type1_mean_pool,lr_lbfgs,1,16,auroc,0.5301283662794287
1426,,,,guo_los,guo_los,clinicalbert_type1_mean_pool,lr_lbfgs,1,16,auprc,0.2835333952848451
1427,,,,guo_los,guo_los,clinicalbert_type1_mean_pool,lr_lbfgs,1,16,brier,0.413647593091026
1428,,,,guo_los,guo_los,clinicalbert_type1_mean_pool,lr_lbfgs,2,16,auroc,0.4896387396685103
1429,,,,guo_los,guo_los,clinicalbert_type1_mean_pool,lr_lbfgs,2,16,auprc,0.2615968084245157
1430,,,,guo_los,guo_los,clinicalbert_type1_mean_pool,lr_lbfgs,2,16,brier,0.4875959436837067
1431,,,,guo_los,guo_los,clinicalbert_type1_mean_pool,lr_lbfgs,3,16,auroc,0.4718260163892491
1432,,,,guo_los,guo_los,clinicalbert_type1_mean_pool,lr_lbfgs,3,16,auprc,0.2524718914590392
1433,,,,guo_los,guo_los,clinicalbert_type1_mean_pool,lr_lbfgs,3,16,brier,0.39675302511613897
1434,,,,guo_los,guo_los,clinicalbert_type1_mean_pool,lr_lbfgs,4,16,auroc,0.510355747263313
1435,,,,guo_los,guo_los,clinicalbert_type1_mean_pool,lr_lbfgs,4,16,auprc,0.2765306422768383
1436,,,,guo_los,guo_los,clinicalbert_type1_mean_pool,lr_lbfgs,4,16,brier,0.5279346623868243
1437,,,,guo_los,guo_los,clinicalbert_type1_mean_pool,lr_lbfgs,0,24,auroc,0.4924151208023499
1438,,,,guo_los,guo_los,clinicalbert_type1_mean_pool,lr_lbfgs,0,24,auprc,0.2492633540879758
1439,,,,guo_los,guo_los,clinicalbert_type1_mean_pool,lr_lbfgs,0,24,brier,0.5155056891769316
1440,,,,guo_los,guo_los,clinicalbert_type1_mean_pool,lr_lbfgs,1,24,auroc,0.5352009403089083
1441,,,,guo_los,guo_los,clinicalbert_type1_mean_pool,lr_lbfgs,1,24,auprc,0.2795483676781331
1442,,,,guo_los,guo_los,clinicalbert_type1_mean_pool,lr_lbfgs,1,24,brier,0.4170821804833528
1443,,,,guo_los,guo_los,clinicalbert_type1_mean_pool,lr_lbfgs,2,24,auroc,0.5508525408628613
1444,,,,guo_los,guo_los,clinicalbert_type1_mean_pool,lr_lbfgs,2,24,auprc,0.29829754955295823
1445,,,,guo_los,guo_los,clinicalbert_type1_mean_pool,lr_lbfgs,2,24,brier,0.47036099967789996
1446,,,,guo_los,guo_los,clinicalbert_type1_mean_pool,lr_lbfgs,3,24,auroc,0.46017028764984524
1447,,,,guo_los,guo_los,clinicalbert_type1_mean_pool,lr_lbfgs,3,24,auprc,0.23676665822496362
1448,,,,guo_los,guo_los,clinicalbert_type1_mean_pool,lr_lbfgs,3,24,brier,0.250027060812261
1449,,,,guo_los,guo_los,clinicalbert_type1_mean_pool,lr_lbfgs,4,24,auroc,0.47350419434226887
1450,,,,guo_los,guo_los,clinicalbert_type1_mean_pool,lr_lbfgs,4,24,auprc,0.2543891418100617
1451,,,,guo_los,guo_los,clinicalbert_type1_mean_pool,lr_lbfgs,4,24,brier,0.2774452862628524
1452,,,,guo_los,guo_los,clinicalbert_type1_mean_pool,lr_lbfgs,0,32,auroc,0.4435428740285974
1453,,,,guo_los,guo_los,clinicalbert_type1_mean_pool,lr_lbfgs,0,32,auprc,0.22286611100147824
1454,,,,guo_los,guo_los,clinicalbert_type1_mean_pool,lr_lbfgs,0,32,brier,0.2504992002709807
1455,,,,guo_los,guo_los,clinicalbert_type1_mean_pool,lr_lbfgs,1,32,auroc,0.5420746337117504
1456,,,,guo_los,guo_los,clinicalbert_type1_mean_pool,lr_lbfgs,1,32,auprc,0.2843918248085873
1457,,,,guo_los,guo_los,clinicalbert_type1_mean_pool,lr_lbfgs,1,32,brier,0.40002600236505836
1458,,,,guo_los,guo_los,clinicalbert_type1_mean_pool,lr_lbfgs,2,32,auroc,0.5490144839327141
1459,,,,guo_los,guo_los,clinicalbert_type1_mean_pool,lr_lbfgs,2,32,auprc,0.3011323764610831
1460,,,,guo_los,guo_los,clinicalbert_type1_mean_pool,lr_lbfgs,2,32,brier,0.4297558035800598
1461,,,,guo_los,guo_los,clinicalbert_type1_mean_pool,lr_lbfgs,3,32,auroc,0.49143324336006067
1462,,,,guo_los,guo_los,clinicalbert_type1_mean_pool,lr_lbfgs,3,32,auprc,0.2532162961104255
1463,,,,guo_los,guo_los,clinicalbert_type1_mean_pool,lr_lbfgs,3,32,brier,0.4888074144886769
1464,,,,guo_los,guo_los,clinicalbert_type1_mean_pool,lr_lbfgs,4,32,auroc,0.4918494800074095
1465,,,,guo_los,guo_los,clinicalbert_type1_mean_pool,lr_lbfgs,4,32,auprc,0.263904765259568
1466,,,,guo_los,guo_los,clinicalbert_type1_mean_pool,lr_lbfgs,4,32,brier,0.27070094475079737
1467,,,,guo_los,guo_los,clinicalbert_type1_mean_pool,lr_lbfgs,0,48,auroc,0.5482851050129227
1468,,,,guo_los,guo_los,clinicalbert_type1_mean_pool,lr_lbfgs,0,48,auprc,0.28974370883528316
1469,,,,guo_los,guo_los,clinicalbert_type1_mean_pool,lr_lbfgs,0,48,brier,0.4240327675330832
1470,,,,guo_los,guo_los,clinicalbert_type1_mean_pool,lr_lbfgs,1,48,auroc,0.5828933904928242
1471,,,,guo_los,guo_los,clinicalbert_type1_mean_pool,lr_lbfgs,1,48,auprc,0.3081448209900369
1472,,,,guo_los,guo_los,clinicalbert_type1_mean_pool,lr_lbfgs,1,48,brier,0.24661086728895132
1473,,,,guo_los,guo_los,clinicalbert_type1_mean_pool,lr_lbfgs,2,48,auroc,0.5751337470339694
1474,,,,guo_los,guo_los,clinicalbert_type1_mean_pool,lr_lbfgs,2,48,auprc,0.31146576913418944
1475,,,,guo_los,guo_los,clinicalbert_type1_mean_pool,lr_lbfgs,2,48,brier,0.4195033548887226
1476,,,,guo_los,guo_los,clinicalbert_type1_mean_pool,lr_lbfgs,3,48,auroc,0.5796241410639781
1477,,,,guo_los,guo_los,clinicalbert_type1_mean_pool,lr_lbfgs,3,48,auprc,0.31135709898902275
1478,,,,guo_los,guo_los,clinicalbert_type1_mean_pool,lr_lbfgs,3,48,brier,0.43615382112304885
1479,,,,guo_los,guo_los,clinicalbert_type1_mean_pool,lr_lbfgs,4,48,auroc,0.4984794957968368
1480,,,,guo_los,guo_los,clinicalbert_type1_mean_pool,lr_lbfgs,4,48,auprc,0.2679673839295499
1481,,,,guo_los,guo_los,clinicalbert_type1_mean_pool,lr_lbfgs,4,48,brier,0.26319114390144155
1482,,,,guo_los,guo_los,clinicalbert_type1_mean_pool,lr_lbfgs,0,64,auroc,0.5705755422653859
1483,,,,guo_los,guo_los,clinicalbert_type1_mean_pool,lr_lbfgs,0,64,auprc,0.3030955235489764
1484,,,,guo_los,guo_los,clinicalbert_type1_mean_pool,lr_lbfgs,0,64,brier,0.38167089766734585
1485,,,,guo_los,guo_los,clinicalbert_type1_mean_pool,lr_lbfgs,1,64,auroc,0.5928544020746778
1486,,,,guo_los,guo_los,clinicalbert_type1_mean_pool,lr_lbfgs,1,64,auprc,0.3196193103209818
1487,,,,guo_los,guo_los,clinicalbert_type1_mean_pool,lr_lbfgs,1,64,brier,0.3780021189999635
1488,,,,guo_los,guo_los,clinicalbert_type1_mean_pool,lr_lbfgs,2,64,auroc,0.5999122319546253
1489,,,,guo_los,guo_los,clinicalbert_type1_mean_pool,lr_lbfgs,2,64,auprc,0.3275102583576984
1490,,,,guo_los,guo_los,clinicalbert_type1_mean_pool,lr_lbfgs,2,64,brier,0.24652386379003435
1491,,,,guo_los,guo_los,clinicalbert_type1_mean_pool,lr_lbfgs,3,64,auroc,0.547839097797419
1492,,,,guo_los,guo_los,clinicalbert_type1_mean_pool,lr_lbfgs,3,64,auprc,0.2897467121020703
1493,,,,guo_los,guo_los,clinicalbert_type1_mean_pool,lr_lbfgs,3,64,brier,0.3939605852517665
1494,,,,guo_los,guo_los,clinicalbert_type1_mean_pool,lr_lbfgs,4,64,auroc,0.5263833390669242
1495,,,,guo_los,guo_los,clinicalbert_type1_mean_pool,lr_lbfgs,4,64,auprc,0.28701197465630535
1496,,,,guo_los,guo_los,clinicalbert_type1_mean_pool,lr_lbfgs,4,64,brier,0.26045119061865474
1497,,,,guo_los,guo_los,clinicalbert_type1_mean_pool,lr_lbfgs,0,128,auroc,0.622408857956901
1498,,,,guo_los,guo_los,clinicalbert_type1_mean_pool,lr_lbfgs,0,128,auprc,0.34961772069840236
1499,,,,guo_los,guo_los,clinicalbert_type1_mean_pool,lr_lbfgs,0,128,brier,0.24629170908208048
1500,,,,guo_los,guo_los,clinicalbert_type1_mean_pool,lr_lbfgs,1,128,auroc,0.6344030890823608
1501,,,,guo_los,guo_los,clinicalbert_type1_mean_pool,lr_lbfgs,1,128,auprc,0.3524932157609548
1502,,,,guo_los,guo_los,clinicalbert_type1_mean_pool,lr_lbfgs,1,128,brier,0.24356967026001475
1503,,,,guo_los,guo_los,clinicalbert_type1_mean_pool,lr_lbfgs,2,128,auroc,0.6186820238693799
1504,,,,guo_los,guo_los,clinicalbert_type1_mean_pool,lr_lbfgs,2,128,auprc,0.3395212543190223
1505,,,,guo_los,guo_los,clinicalbert_type1_mean_pool,lr_lbfgs,2,128,brier,0.24304595371784854
1506,,,,guo_los,guo_los,clinicalbert_type1_mean_pool,lr_lbfgs,3,128,auroc,0.5851184648089832
1507,,,,guo_los,guo_los,clinicalbert_type1_mean_pool,lr_lbfgs,3,128,auprc,0.31800232697003916
1508,,,,guo_los,guo_los,clinicalbert_type1_mean_pool,lr_lbfgs,3,128,brier,0.2548751532854943
1509,,,,guo_los,guo_los,clinicalbert_type1_mean_pool,lr_lbfgs,4,128,auroc,0.5895983840094561
1510,,,,guo_los,guo_los,clinicalbert_type1_mean_pool,lr_lbfgs,4,128,auprc,0.3297666934945921
1511,,,,guo_los,guo_los,clinicalbert_type1_mean_pool,lr_lbfgs,4,128,brier,0.2591780699250327
1512,,,,guo_los,guo_los,clinicalbert_type1_mean_pool,knn,0,-1,auroc,0.5652730732929335
1513,,,,guo_los,guo_los,clinicalbert_type1_mean_pool,knn,0,-1,auprc,0.2915423818988957
1514,,,,guo_los,guo_los,clinicalbert_type1_mean_pool,knn,0,-1,brier,0.22072708595103202
1515,,,,guo_los,guo_los,clinicalbert_type1_mean_pool,knn,0,1,auroc,0.5004862526131943
1516,,,,guo_los,guo_los,clinicalbert_type1_mean_pool,knn,0,1,auprc,0.25166442439034437
1517,,,,guo_los,guo_los,clinicalbert_type1_mean_pool,knn,0,1,brier,0.3425968109339408
1518,,,,guo_los,guo_los,clinicalbert_type1_mean_pool,knn,1,1,auroc,0.5293565367346759
1519,,,,guo_los,guo_los,clinicalbert_type1_mean_pool,knn,1,1,auprc,0.2638049218129096
1520,,,,guo_los,guo_los,clinicalbert_type1_mean_pool,knn,1,1,brier,0.4191343963553531
1521,,,,guo_los,guo_los,clinicalbert_type1_mean_pool,knn,2,1,auroc,0.46977956548201855
1522,,,,guo_los,guo_los,clinicalbert_type1_mean_pool,knn,2,1,auprc,0.2406660177158061
1523,,,,guo_los,guo_los,clinicalbert_type1_mean_pool,knn,2,1,brier,0.7289293849658315
1524,,,,guo_los,guo_los,clinicalbert_type1_mean_pool,knn,3,1,auroc,0.4991487822735011
1525,,,,guo_los,guo_los,clinicalbert_type1_mean_pool,knn,3,1,auprc,0.2511607155113604
1526,,,,guo_los,guo_los,clinicalbert_type1_mean_pool,knn,3,1,brier,0.6273348519362186
1527,,,,guo_los,guo_los,clinicalbert_type1_mean_pool,knn,4,1,auroc,0.5060820168126527
1528,,,,guo_los,guo_los,clinicalbert_type1_mean_pool,knn,4,1,auprc,0.2538639545421004
1529,,,,guo_los,guo_los,clinicalbert_type1_mean_pool,knn,4,1,brier,0.357630979498861
1530,,,,guo_los,guo_los,clinicalbert_type1_mean_pool,knn,0,2,auroc,0.4792984289960923
1531,,,,guo_los,guo_los,clinicalbert_type1_mean_pool,knn,0,2,auprc,0.2539738970608481
1532,,,,guo_los,guo_los,clinicalbert_type1_mean_pool,knn,0,2,brier,0.23550372308972659
1533,,,,guo_los,guo_los,clinicalbert_type1_mean_pool,knn,1,2,auroc,0.48960290472536094
1534,,,,guo_los,guo_los,clinicalbert_type1_mean_pool,knn,1,2,auprc,0.24972331555950292
1535,,,,guo_los,guo_los,clinicalbert_type1_mean_pool,knn,1,2,brier,0.20222728423184008
1536,,,,guo_los,guo_los,clinicalbert_type1_mean_pool,knn,2,2,auroc,0.5222121516843526
1537,,,,guo_los,guo_los,clinicalbert_type1_mean_pool,knn,2,2,auprc,0.2601551903062037
1538,,,,guo_los,guo_los,clinicalbert_type1_mean_pool,knn,2,2,brier,0.3369273601619844
1539,,,,guo_los,guo_los,clinicalbert_type1_mean_pool,knn,3,2,auroc,0.4586382060035107
1540,,,,guo_los,guo_los,clinicalbert_type1_mean_pool,knn,3,2,auprc,0.23707820285039902
1541,,,,guo_los,guo_los,clinicalbert_type1_mean_pool,knn,3,2,brier,0.6924829157175398
1542,,,,guo_los,guo_los,clinicalbert_type1_mean_pool,knn,4,2,auroc,0.4930072243245389
1543,,,,guo_los,guo_los,clinicalbert_type1_mean_pool,knn,4,2,auprc,0.24901747170097116
1544,,,,guo_los,guo_los,clinicalbert_type1_mean_pool,knn,4,2,brier,0.3375854214123007
1545,,,,guo_los,guo_los,clinicalbert_type1_mean_pool,knn,0,4,auroc,0.49004174495223485
1546,,,,guo_los,guo_los,clinicalbert_type1_mean_pool,knn,0,4,auprc,0.24785439346447566
1547,,,,guo_los,guo_los,clinicalbert_type1_mean_pool,knn,0,4,brier,0.48519362186788156
1548,,,,guo_los,guo_los,clinicalbert_type1_mean_pool,knn,1,4,auroc,0.49541202466326184
1549,,,,guo_los,guo_los,clinicalbert_type1_mean_pool,knn,1,4,auprc,0.24977838882151485
1550,,,,guo_los,guo_los,clinicalbert_type1_mean_pool,knn,1,4,brier,0.49066059225512526
1551,,,,guo_los,guo_los,clinicalbert_type1_mean_pool,knn,2,4,auroc,0.5187532527102243
1552,,,,guo_los,guo_los,clinicalbert_type1_mean_pool,knn,2,4,auprc,0.27313305513254255
1553,,,,guo_los,guo_los,clinicalbert_type1_mean_pool,knn,2,4,brier,0.301521594717892
1554,,,,guo_los,guo_los,clinicalbert_type1_mean_pool,knn,3,4,auroc,0.45482591935924915
1555,,,,guo_los,guo_los,clinicalbert_type1_mean_pool,knn,3,4,auprc,0.23525867126060232
1556,,,,guo_los,guo_los,clinicalbert_type1_mean_pool,knn,3,4,brier,0.30961275626423684
1557,,,,guo_los,guo_los,clinicalbert_type1_mean_pool,knn,4,4,auroc,0.5112047597625412
1558,,,,guo_los,guo_los,clinicalbert_type1_mean_pool,knn,4,4,auprc,0.24938332393945847
1559,,,,guo_los,guo_los,clinicalbert_type1_mean_pool,knn,4,4,brier,0.27928509585497446
1560,,,,guo_los,guo_los,clinicalbert_type1_mean_pool,knn,0,8,auroc,0.5344368290596029
1561,,,,guo_los,guo_los,clinicalbert_type1_mean_pool,knn,0,8,auprc,0.2643724021405956
1562,,,,guo_los,guo_los,clinicalbert_type1_mean_pool,knn,0,8,brier,0.22245102505694764
1563,,,,guo_los,guo_los,clinicalbert_type1_mean_pool,knn,1,8,auroc,0.5038393006783279
1564,,,,guo_los,guo_los,clinicalbert_type1_mean_pool,knn,1,8,auprc,0.26201745735041176
1565,,,,guo_los,guo_los,clinicalbert_type1_mean_pool,knn,1,8,brier,0.25603937935554505
1566,,,,guo_los,guo_los,clinicalbert_type1_mean_pool,knn,2,8,auroc,0.5048327555637884
1567,,,,guo_los,guo_los,clinicalbert_type1_mean_pool,knn,2,8,auprc,0.2561001329313587
1568,,,,guo_los,guo_los,clinicalbert_type1_mean_pool,knn,2,8,brier,0.28166622354141807
1569,,,,guo_los,guo_los,clinicalbert_type1_mean_pool,knn,3,8,auroc,0.4459366482309667
1570,,,,guo_los,guo_los,clinicalbert_type1_mean_pool,knn,3,8,auprc,0.22794248544133452
1571,,,,guo_los,guo_los,clinicalbert_type1_mean_pool,knn,3,8,brier,0.35522247383561123
1572,,,,guo_los,guo_los,clinicalbert_type1_mean_pool,knn,4,8,auroc,0.5138973422600934
1573,,,,guo_los,guo_los,clinicalbert_type1_mean_pool,knn,4,8,auprc,0.25555431899531345
1574,,,,guo_los,guo_los,clinicalbert_type1_mean_pool,knn,4,8,brier,0.29405213869906355
1575,,,,guo_los,guo_los,clinicalbert_type1_mean_pool,knn,0,12,auroc,0.5002739994883872
1576,,,,guo_los,guo_los,clinicalbert_type1_mean_pool,knn,0,12,auprc,0.25158388237273055
1577,,,,guo_los,guo_los,clinicalbert_type1_mean_pool,knn,0,12,brier,0.48428246013667425
1578,,,,guo_los,guo_los,clinicalbert_type1_mean_pool,knn,1,12,auroc,0.4949544400045869
1579,,,,guo_los,guo_los,clinicalbert_type1_mean_pool,knn,1,12,auprc,0.2588458850432014
1580,,,,guo_los,guo_los,clinicalbert_type1_mean_pool,knn,1,12,brier,0.2934867541058195
1581,,,,guo_los,guo_los,clinicalbert_type1_mean_pool,knn,2,12,auroc,0.4786947480307321
1582,,,,guo_los,guo_los,clinicalbert_type1_mean_pool,knn,2,12,auprc,0.24957643792590486
1583,,,,guo_los,guo_los,clinicalbert_type1_mean_pool,knn,2,12,brier,0.36577263945110855
1584,,,,guo_los,guo_los,clinicalbert_type1_mean_pool,knn,3,12,auroc,0.5061161978353489
1585,,,,guo_los,guo_los,clinicalbert_type1_mean_pool,knn,3,12,auprc,0.24614157932092035
1586,,,,guo_los,guo_los,clinicalbert_type1_mean_pool,knn,3,12,brier,0.33302949633317713
1587,,,,guo_los,guo_los,clinicalbert_type1_mean_pool,knn,4,12,auroc,0.5042329337461519
1588,,,,guo_los,guo_los,clinicalbert_type1_mean_pool,knn,4,12,auprc,0.2530888101826918
1589,,,,guo_los,guo_los,clinicalbert_type1_mean_pool,knn,4,12,brier,0.5927107061503417
1590,,,,guo_los,guo_los,clinicalbert_type1_mean_pool,knn,0,16,auroc,0.4762326117829704
1591,,,,guo_los,guo_los,clinicalbert_type1_mean_pool,knn,0,16,auprc,0.2431634884996997
1592,,,,guo_los,guo_los,clinicalbert_type1_mean_pool,knn,0,16,brier,0.5202733485193621
1593,,,,guo_los,guo_los,clinicalbert_type1_mean_pool,knn,1,16,auroc,0.48855156262404403
1594,,,,guo_los,guo_los,clinicalbert_type1_mean_pool,knn,1,16,auprc,0.24149944071322516
1595,,,,guo_los,guo_los,clinicalbert_type1_mean_pool,knn,1,16,brier,0.29823727169427755
1596,,,,guo_los,guo_los,clinicalbert_type1_mean_pool,knn,2,16,auroc,0.48968945989573687
1597,,,,guo_los,guo_los,clinicalbert_type1_mean_pool,knn,2,16,auprc,0.2593344425690718
1598,,,,guo_los,guo_los,clinicalbert_type1_mean_pool,knn,2,16,brier,0.3247766224175209
1599,,,,guo_los,guo_los,clinicalbert_type1_mean_pool,knn,3,16,auroc,0.5178386346996922
1600,,,,guo_los,guo_los,clinicalbert_type1_mean_pool,knn,3,16,auprc,0.2585827863897492
1601,,,,guo_los,guo_los,clinicalbert_type1_mean_pool,knn,3,16,brier,0.46879271070615036
1602,,,,guo_los,guo_los,clinicalbert_type1_mean_pool,knn,4,16,auroc,0.48615999364894547
1603,,,,guo_los,guo_los,clinicalbert_type1_mean_pool,knn,4,16,auprc,0.24643063837982135
1604,,,,guo_los,guo_los,clinicalbert_type1_mean_pool,knn,4,16,brier,0.5963553530751708
1605,,,,guo_los,guo_los,clinicalbert_type1_mean_pool,knn,0,24,auroc,0.48559159631991666
1606,,,,guo_los,guo_los,clinicalbert_type1_mean_pool,knn,0,24,auprc,0.24632655782766813
1607,,,,guo_los,guo_los,clinicalbert_type1_mean_pool,knn,0,24,brier,0.4774487471526196
1608,,,,guo_los,guo_los,clinicalbert_type1_mean_pool,knn,1,24,auroc,0.5104621494791253
1609,,,,guo_los,guo_los,clinicalbert_type1_mean_pool,knn,1,24,auprc,0.2538296270817436
1610,,,,guo_los,guo_los,clinicalbert_type1_mean_pool,knn,1,24,brier,0.28486176253576806
1611,,,,guo_los,guo_los,clinicalbert_type1_mean_pool,knn,2,24,auroc,0.49493569557278577
1612,,,,guo_los,guo_los,clinicalbert_type1_mean_pool,knn,2,24,auprc,0.2496019280814413
1613,,,,guo_los,guo_los,clinicalbert_type1_mean_pool,knn,2,24,brier,0.5129840546697039
1614,,,,guo_los,guo_los,clinicalbert_type1_mean_pool,knn,3,24,auroc,0.5102350110702409
1615,,,,guo_los,guo_los,clinicalbert_type1_mean_pool,knn,3,24,auprc,0.2525119423539745
1616,,,,guo_los,guo_los,clinicalbert_type1_mean_pool,knn,3,24,brier,0.32408815595151086
1617,,,,guo_los,guo_los,clinicalbert_type1_mean_pool,knn,4,24,auroc,0.46839523406282246
1618,,,,guo_los,guo_los,clinicalbert_type1_mean_pool,knn,4,24,auprc,0.2405621243172001
1619,,,,guo_los,guo_los,clinicalbert_type1_mean_pool,knn,4,24,brier,0.5608200455580865
1620,,,,guo_los,guo_los,clinicalbert_type1_mean_pool,knn,0,32,auroc,0.48597806239911084
1621,,,,guo_los,guo_los,clinicalbert_type1_mean_pool,knn,0,32,auprc,0.2464286070637207
1622,,,,guo_los,guo_los,clinicalbert_type1_mean_pool,knn,0,32,brier,0.5047835990888383
1623,,,,guo_los,guo_los,clinicalbert_type1_mean_pool,knn,1,32,auroc,0.5227684202633923
1624,,,,guo_los,guo_los,clinicalbert_type1_mean_pool,knn,1,32,auprc,0.2587161673011523
1625,,,,guo_los,guo_los,clinicalbert_type1_mean_pool,knn,1,32,brier,0.2929760851496138
1626,,,,guo_los,guo_los,clinicalbert_type1_mean_pool,knn,2,32,auroc,0.5257344509425141
1627,,,,guo_los,guo_los,clinicalbert_type1_mean_pool,knn,2,32,auprc,0.2680316470899246
1628,,,,guo_los,guo_los,clinicalbert_type1_mean_pool,knn,2,32,brier,0.2879583903682781
1629,,,,guo_los,guo_los,clinicalbert_type1_mean_pool,knn,3,32,auroc,0.5161554949853132
1630,,,,guo_los,guo_los,clinicalbert_type1_mean_pool,knn,3,32,auprc,0.2550151150047878
1631,,,,guo_los,guo_los,clinicalbert_type1_mean_pool,knn,3,32,brier,0.30325143787158243
1632,,,,guo_los,guo_los,clinicalbert_type1_mean_pool,knn,4,32,auroc,0.477793912690642
1633,,,,guo_los,guo_los,clinicalbert_type1_mean_pool,knn,4,32,auprc,0.24004037924458307
1634,,,,guo_los,guo_los,clinicalbert_type1_mean_pool,knn,4,32,brier,0.3668501001381866
1635,,,,guo_los,guo_los,clinicalbert_type1_mean_pool,knn,0,48,auroc,0.49089737313327514
1636,,,,guo_los,guo_los,clinicalbert_type1_mean_pool,knn,0,48,auprc,0.2481534265163581
1637,,,,guo_los,guo_los,clinicalbert_type1_mean_pool,knn,0,48,brier,0.4911161731207289
1638,,,,guo_los,guo_los,clinicalbert_type1_mean_pool,knn,1,48,auroc,0.5290450483826863
1639,,,,guo_los,guo_los,clinicalbert_type1_mean_pool,knn,1,48,auprc,0.26941447886451503
1640,,,,guo_los,guo_los,clinicalbert_type1_mean_pool,knn,1,48,brier,0.26173452132534264
1641,,,,guo_los,guo_los,clinicalbert_type1_mean_pool,knn,2,48,auroc,0.5220048603209048
1642,,,,guo_los,guo_los,clinicalbert_type1_mean_pool,knn,2,48,auprc,0.2623276220276748
1643,,,,guo_los,guo_los,clinicalbert_type1_mean_pool,knn,2,48,brier,0.2834196323875873
1644,,,,guo_los,guo_los,clinicalbert_type1_mean_pool,knn,3,48,auroc,0.5204226097541612
1645,,,,guo_los,guo_los,clinicalbert_type1_mean_pool,knn,3,48,auprc,0.2599430660369263
1646,,,,guo_los,guo_los,clinicalbert_type1_mean_pool,knn,3,48,brier,0.29884282460136674
1647,,,,guo_los,guo_los,clinicalbert_type1_mean_pool,knn,4,48,auroc,0.5028039464747236
1648,,,,guo_los,guo_los,clinicalbert_type1_mean_pool,knn,4,48,auprc,0.2533979737409031
1649,,,,guo_los,guo_los,clinicalbert_type1_mean_pool,knn,4,48,brier,0.337382941027588
1650,,,,guo_los,guo_los,clinicalbert_type1_mean_pool,knn,0,64,auroc,0.5141112493053535
1651,,,,guo_los,guo_los,clinicalbert_type1_mean_pool,knn,0,64,auprc,0.2585605249436699
1652,,,,guo_los,guo_los,clinicalbert_type1_mean_pool,knn,0,64,brier,0.2757722095671982
1653,,,,guo_los,guo_los,clinicalbert_type1_mean_pool,knn,1,64,auroc,0.5344853440595588
1654,,,,guo_los,guo_los,clinicalbert_type1_mean_pool,knn,1,64,auprc,0.27466936950261717
1655,,,,guo_los,guo_los,clinicalbert_type1_mean_pool,knn,1,64,brier,0.2723724990840669
1656,,,,guo_los,guo_los,clinicalbert_type1_mean_pool,knn,2,64,auroc,0.5199098944137183
1657,,,,guo_los,guo_los,clinicalbert_type1_mean_pool,knn,2,64,auprc,0.26176116233455743
1658,,,,guo_los,guo_los,clinicalbert_type1_mean_pool,knn,2,64,brier,0.2870159453302962
1659,,,,guo_los,guo_los,clinicalbert_type1_mean_pool,knn,3,64,auroc,0.5032334144856969
1660,,,,guo_los,guo_los,clinicalbert_type1_mean_pool,knn,3,64,auprc,0.25067274195471506
1661,,,,guo_los,guo_los,clinicalbert_type1_mean_pool,knn,3,64,brier,0.34578587699316626
1662,,,,guo_los,guo_los,clinicalbert_type1_mean_pool,knn,4,64,auroc,0.49814650647895775
1663,,,,guo_los,guo_los,clinicalbert_type1_mean_pool,knn,4,64,auprc,0.2501619423283505
1664,,,,guo_los,guo_los,clinicalbert_type1_mean_pool,knn,4,64,brier,0.344317894203999
1665,,,,guo_los,guo_los,clinicalbert_type1_mean_pool,knn,0,128,auroc,0.5290825372462886
1666,,,,guo_los,guo_los,clinicalbert_type1_mean_pool,knn,0,128,auprc,0.2645822018629762
1667,,,,guo_los,guo_los,clinicalbert_type1_mean_pool,knn,0,128,brier,0.32507781604756086
1668,,,,guo_los,guo_los,clinicalbert_type1_mean_pool,knn,1,128,auroc,0.5159018938491801
1669,,,,guo_los,guo_los,clinicalbert_type1_mean_pool,knn,1,128,auprc,0.25908871178785076
1670,,,,guo_los,guo_los,clinicalbert_type1_mean_pool,knn,1,128,brier,0.2826467573605706
1671,,,,guo_los,guo_los,clinicalbert_type1_mean_pool,knn,2,128,auroc,0.5145219728845254
1672,,,,guo_los,guo_los,clinicalbert_type1_mean_pool,knn,2,128,auprc,0.25838077891296973
1673,,,,guo_los,guo_los,clinicalbert_type1_mean_pool,knn,2,128,brier,0.2695034168564921
1674,,,,guo_los,guo_los,clinicalbert_type1_mean_pool,knn,3,128,auroc,0.5031700142016637
1675,,,,guo_los,guo_los,clinicalbert_type1_mean_pool,knn,3,128,auprc,0.25621638691080495
1676,,,,guo_los,guo_los,clinicalbert_type1_mean_pool,knn,3,128,brier,0.3464439382434827
1677,,,,guo_los,guo_los,clinicalbert_type1_mean_pool,knn,4,128,auroc,0.4898107473956266
1678,,,,guo_los,guo_los,clinicalbert_type1_mean_pool,knn,4,128,auprc,0.2444799657268069
1679,,,,guo_los,guo_los,clinicalbert_type1_mean_pool,knn,4,128,brier,0.31233232009447076
1680,,,,guo_los,guo_los,clinicalbert_type1_mean_pool,rf,0,-1,auroc,0.6307109873243536
1681,,,,guo_los,guo_los,clinicalbert_type1_mean_pool,rf,0,-1,auprc,0.33164391224176226
1682,,,,guo_los,guo_los,clinicalbert_type1_mean_pool,rf,0,-1,brier,0.18242350723322412
1683,,,,guo_los,guo_los,clinicalbert_type1_mean_pool,rf,0,1,auroc,0.5012128749988973
1684,,,,guo_los,guo_los,clinicalbert_type1_mean_pool,rf,0,1,auprc,0.2519188341924427
1685,,,,guo_los,guo_los,clinicalbert_type1_mean_pool,rf,0,1,brier,0.33210022779043274
1686,,,,guo_los,guo_los,clinicalbert_type1_mean_pool,rf,1,1,auroc,0.4391577796007657
1687,,,,guo_los,guo_los,clinicalbert_type1_mean_pool,rf,1,1,auprc,0.21938510701420497
1688,,,,guo_los,guo_los,clinicalbert_type1_mean_pool,rf,1,1,brier,0.23451257403189069
1689,,,,guo_los,guo_los,clinicalbert_type1_mean_pool,rf,2,1,auroc,0.4921857771661947
1690,,,,guo_los,guo_los,clinicalbert_type1_mean_pool,rf,2,1,auprc,0.24731267649550007
1691,,,,guo_los,guo_los,clinicalbert_type1_mean_pool,rf,2,1,brier,0.426751708428246
1692,,,,guo_los,guo_los,clinicalbert_type1_mean_pool,rf,3,1,auroc,0.48464720774122977
1693,,,,guo_los,guo_los,clinicalbert_type1_mean_pool,rf,3,1,auprc,0.24628276867079488
1694,,,,guo_los,guo_los,clinicalbert_type1_mean_pool,rf,3,1,brier,0.3845421412300683
1695,,,,guo_los,guo_los,clinicalbert_type1_mean_pool,rf,4,1,auroc,0.5221388278776011
1696,,,,guo_los,guo_los,clinicalbert_type1_mean_pool,rf,4,1,auprc,0.25129811869179985
1697,,,,guo_los,guo_los,clinicalbert_type1_mean_pool,rf,4,1,brier,0.22145104024297646
1698,,,,guo_los,guo_los,clinicalbert_type1_mean_pool,rf,0,2,auroc,0.5143477599301384
1699,,,,guo_los,guo_los,clinicalbert_type1_mean_pool,rf,0,2,auprc,0.27369053291248396
1700,,,,guo_los,guo_los,clinicalbert_type1_mean_pool,rf,0,2,brier,0.32873576309794983
1701,,,,guo_los,guo_los,clinicalbert_type1_mean_pool,rf,1,2,auroc,0.44901735072816606
1702,,,,guo_los,guo_los,clinicalbert_type1_mean_pool,rf,1,2,auprc,0.22835185209975226
1703,,,,guo_los,guo_los,clinicalbert_type1_mean_pool,rf,1,2,brier,0.32615945330296126
1704,,,,guo_los,guo_los,clinicalbert_type1_mean_pool,rf,2,2,auroc,0.5177261681088854
1705,,,,guo_los,guo_los,clinicalbert_type1_mean_pool,rf,2,2,auprc,0.2673316822132243
1706,,,,guo_los,guo_los,clinicalbert_type1_mean_pool,rf,2,2,brier,0.2759423234624146
1707,,,,guo_los,guo_los,clinicalbert_type1_mean_pool,rf,3,2,auroc,0.4909635299513968
1708,,,,guo_los,guo_los,clinicalbert_type1_mean_pool,rf,3,2,auprc,0.24789439131028013
1709,,,,guo_los,guo_los,clinicalbert_type1_mean_pool,rf,3,2,brier,0.4229339407744875
1710,,,,guo_los,guo_los,clinicalbert_type1_mean_pool,rf,4,2,auroc,0.521821275150617
1711,,,,guo_los,guo_los,clinicalbert_type1_mean_pool,rf,4,2,auprc,0.2623932167205263
1712,,,,guo_los,guo_los,clinicalbert_type1_mean_pool,rf,4,2,brier,0.23254961275626426
1713,,,,guo_los,guo_los,clinicalbert_type1_mean_pool,rf,0,4,auroc,0.4562190716875282
1714,,,,guo_los,guo_los,clinicalbert_type1_mean_pool,rf,0,4,auprc,0.23925805896643446
1715,,,,guo_los,guo_los,clinicalbert_type1_mean_pool,rf,0,4,brier,0.25750341685649203
1716,,,,guo_los,guo_los,clinicalbert_type1_mean_pool,rf,1,4,auroc,0.48088729524464796
1717,,,,guo_los,guo_los,clinicalbert_type1_mean_pool,rf,1,4,auprc,0.24319387564079914
1718,,,,guo_los,guo_los,clinicalbert_type1_mean_pool,rf,1,4,brier,0.3254259681093394
1719,,,,guo_los,guo_los,clinicalbert_type1_mean_pool,rf,2,4,auroc,0.49861897642170994
1720,,,,guo_los,guo_los,clinicalbert_type1_mean_pool,rf,2,4,auprc,0.2614828401618979
1721,,,,guo_los,guo_los,clinicalbert_type1_mean_pool,rf,2,4,brier,0.29334396355353076
1722,,,,guo_los,guo_los,clinicalbert_type1_mean_pool,rf,3,4,auroc,0.46091344924007865
1723,,,,guo_los,guo_los,clinicalbert_type1_mean_pool,rf,3,4,auprc,0.23773673351749236
1724,,,,guo_los,guo_los,clinicalbert_type1_mean_pool,rf,3,4,brier,0.28103872437357624
1725,,,,guo_los,guo_los,clinicalbert_type1_mean_pool,rf,4,4,auroc,0.4646038970776328
1726,,,,guo_los,guo_los,clinicalbert_type1_mean_pool,rf,4,4,auprc,0.235745738989594
1727,,,,guo_los,guo_los,clinicalbert_type1_mean_pool,rf,4,4,brier,0.36650569476082007
1728,,,,guo_los,guo_los,clinicalbert_type1_mean_pool,rf,0,8,auroc,0.5403264397928851
1729,,,,guo_los,guo_los,clinicalbert_type1_mean_pool,rf,0,8,auprc,0.27199104185554884
1730,,,,guo_los,guo_los,clinicalbert_type1_mean_pool,rf,0,8,brier,0.29763553530751713
1731,,,,guo_los,guo_los,clinicalbert_type1_mean_pool,rf,1,8,auroc,0.44291658948371215
1732,,,,guo_los,guo_los,clinicalbert_type1_mean_pool,rf,1,8,auprc,0.22578465280120869
1733,,,,guo_los,guo_los,clinicalbert_type1_mean_pool,rf,1,8,brier,0.334879271070615
1734,,,,guo_los,guo_los,clinicalbert_type1_mean_pool,rf,2,8,auroc,0.4871942452389143
1735,,,,guo_los,guo_los,clinicalbert_type1_mean_pool,rf,2,8,auprc,0.24699086756392777
1736,,,,guo_los,guo_los,clinicalbert_type1_mean_pool,rf,2,8,brier,0.2864692482915717
1737,,,,guo_los,guo_los,clinicalbert_type1_mean_pool,rf,3,8,auroc,0.45345922975821895
1738,,,,guo_los,guo_los,clinicalbert_type1_mean_pool,rf,3,8,auprc,0.23056344970286205
1739,,,,guo_los,guo_los,clinicalbert_type1_mean_pool,rf,3,8,brier,0.3035717539863325
1740,,,,guo_los,guo_los,clinicalbert_type1_mean_pool,rf,4,8,auroc,0.4958199917083455
1741,,,,guo_los,guo_los,clinicalbert_type1_mean_pool,rf,4,8,auprc,0.2519709603150513
1742,,,,guo_los,guo_los,clinicalbert_type1_mean_pool,rf,4,8,brier,0.3019559908883827
1743,,,,guo_los,guo_los,clinicalbert_type1_mean_pool,rf,0,12,auroc,0.5173391507228735
1744,,,,guo_los,guo_los,clinicalbert_type1_mean_pool,rf,0,12,auprc,0.2636183966186226
1745,,,,guo_los,guo_los,clinicalbert_type1_mean_pool,rf,0,12,brier,0.25564920273348524
1746,,,,guo_los,guo_los,clinicalbert_type1_mean_pool,rf,1,12,auroc,0.47538139405647145
1747,,,,guo_los,guo_los,clinicalbert_type1_mean_pool,rf,1,12,auprc,0.23800558277622172
1748,,,,guo_los,guo_los,clinicalbert_type1_mean_pool,rf,1,12,brier,0.2963120728929385
1749,,,,guo_los,guo_los,clinicalbert_type1_mean_pool,rf,2,12,auroc,0.4839922552418252
1750,,,,guo_los,guo_los,clinicalbert_type1_mean_pool,rf,2,12,auprc,0.26033350374811115
1751,,,,guo_los,guo_los,clinicalbert_type1_mean_pool,rf,2,12,brier,0.2695235535307517
1752,,,,guo_los,guo_los,clinicalbert_type1_mean_pool,rf,3,12,auroc,0.4732042834334506
1753,,,,guo_los,guo_los,clinicalbert_type1_mean_pool,rf,3,12,auprc,0.24612900033683105
1754,,,,guo_los,guo_los,clinicalbert_type1_mean_pool,rf,3,12,brier,0.27634168564920275
1755,,,,guo_los,guo_los,clinicalbert_type1_mean_pool,rf,4,12,auroc,0.5096136882867149
1756,,,,guo_los,guo_los,clinicalbert_type1_mean_pool,rf,4,12,auprc,0.2602229638718568
1757,,,,guo_los,guo_los,clinicalbert_type1_mean_pool,rf,4,12,brier,0.31787480637813215
1758,,,,guo_los,guo_los,clinicalbert_type1_mean_pool,rf,0,16,auroc,0.4799996912681821
1759,,,,guo_los,guo_los,clinicalbert_type1_mean_pool,rf,0,16,auprc,0.2378491135194784
1760,,,,guo_los,guo_los,clinicalbert_type1_mean_pool,rf,0,16,brier,0.3064920273348519
1761,,,,guo_los,guo_los,clinicalbert_type1_mean_pool,rf,1,16,auroc,0.48972750006615684
1762,,,,guo_los,guo_los,clinicalbert_type1_mean_pool,rf,1,16,auprc,0.25322165536689956
1763,,,,guo_los,guo_los,clinicalbert_type1_mean_pool,rf,1,16,brier,0.2614024601366743
1764,,,,guo_los,guo_los,clinicalbert_type1_mean_pool,rf,2,16,auroc,0.5024841885204689
1765,,,,guo_los,guo_los,clinicalbert_type1_mean_pool,rf,2,16,auprc,0.2531307097839819
1766,,,,guo_los,guo_los,clinicalbert_type1_mean_pool,rf,2,16,brier,0.28333485193621866
1767,,,,guo_los,guo_los,clinicalbert_type1_mean_pool,rf,3,16,auroc,0.46680361128017855
1768,,,,guo_los,guo_los,clinicalbert_type1_mean_pool,rf,3,16,auprc,0.23654810758068223
1769,,,,guo_los,guo_los,clinicalbert_type1_mean_pool,rf,3,16,brier,0.2561958997722096
1770,,,,guo_los,guo_los,clinicalbert_type1_mean_pool,rf,4,16,auroc,0.5221520592412254
1771,,,,guo_los,guo_los,clinicalbert_type1_mean_pool,rf,4,16,auprc,0.269150483117245
1772,,,,guo_los,guo_los,clinicalbert_type1_mean_pool,rf,4,16,brier,0.31914350797266516
1773,,,,guo_los,guo_los,clinicalbert_type1_mean_pool,rf,0,24,auroc,0.520069222084028
1774,,,,guo_los,guo_los,clinicalbert_type1_mean_pool,rf,0,24,auprc,0.26306619233836437
1775,,,,guo_los,guo_los,clinicalbert_type1_mean_pool,rf,0,24,brier,0.27015945330296126
1776,,,,guo_los,guo_los,clinicalbert_type1_mean_pool,rf,1,24,auroc,0.5214943502077324
1777,,,,guo_los,guo_los,clinicalbert_type1_mean_pool,rf,1,24,auprc,0.2692985717388889
1778,,,,guo_los,guo_los,clinicalbert_type1_mean_pool,rf,1,24,brier,0.2516652391799544
1779,,,,guo_los,guo_los,clinicalbert_type1_mean_pool,rf,2,24,auroc,0.5284011220196354
1780,,,,guo_los,guo_los,clinicalbert_type1_mean_pool,rf,2,24,auprc,0.2853486915431484
1781,,,,guo_los,guo_los,clinicalbert_type1_mean_pool,rf,2,24,brier,0.28320126580632277
1782,,,,guo_los,guo_los,clinicalbert_type1_mean_pool,rf,3,24,auroc,0.46503005724769997
1783,,,,guo_los,guo_los,clinicalbert_type1_mean_pool,rf,3,24,auprc,0.23807146864578754
1784,,,,guo_los,guo_los,clinicalbert_type1_mean_pool,rf,3,24,brier,0.3041822323462415
1785,,,,guo_los,guo_los,clinicalbert_type1_mean_pool,rf,4,24,auroc,0.4540232166327062
1786,,,,guo_los,guo_los,clinicalbert_type1_mean_pool,rf,4,24,auprc,0.22897916803389384
1787,,,,guo_los,guo_los,clinicalbert_type1_mean_pool,rf,4,24,brier,0.3038451025056948
1788,,,,guo_los,guo_los,clinicalbert_type1_mean_pool,rf,0,32,auroc,0.5090734076053879
1789,,,,guo_los,guo_los,clinicalbert_type1_mean_pool,rf,0,32,auprc,0.2589582748151861
1790,,,,guo_los,guo_los,clinicalbert_type1_mean_pool,rf,0,32,brier,0.26193505993740945
1791,,,,guo_los,guo_los,clinicalbert_type1_mean_pool,rf,1,32,auroc,0.5350377534908748
1792,,,,guo_los,guo_los,clinicalbert_type1_mean_pool,rf,1,32,auprc,0.27280230627804436
1793,,,,guo_los,guo_los,clinicalbert_type1_mean_pool,rf,1,32,brier,0.24282294252525077
1794,,,,guo_los,guo_los,clinicalbert_type1_mean_pool,rf,2,32,auroc,0.5224800867977454
1795,,,,guo_los,guo_los,clinicalbert_type1_mean_pool,rf,2,32,auprc,0.263907248004012
1796,,,,guo_los,guo_los,clinicalbert_type1_mean_pool,rf,2,32,brier,0.313498861047836
1797,,,,guo_los,guo_los,clinicalbert_type1_mean_pool,rf,3,32,auroc,0.49711225488898897
1798,,,,guo_los,guo_los,clinicalbert_type1_mean_pool,rf,3,32,auprc,0.24589304032073472
1799,,,,guo_los,guo_los,clinicalbert_type1_mean_pool,rf,3,32,brier,0.2784783599088838
1800,,,,guo_los,guo_los,clinicalbert_type1_mean_pool,rf,4,32,auroc,0.4777856430883767
1801,,,,guo_los,guo_los,clinicalbert_type1_mean_pool,rf,4,32,auprc,0.23703778081385038
1802,,,,guo_los,guo_los,clinicalbert_type1_mean_pool,rf,4,32,brier,0.28483940774487476
1803,,,,guo_los,guo_los,clinicalbert_type1_mean_pool,rf,0,48,auroc,0.5276998597475455
1804,,,,guo_los,guo_los,clinicalbert_type1_mean_pool,rf,0,48,auprc,0.2684634802084593
1805,,,,guo_los,guo_los,clinicalbert_type1_mean_pool,rf,0,48,brier,0.2668075170842824
1806,,,,guo_los,guo_los,clinicalbert_type1_mean_pool,rf,1,48,auroc,0.5536421533603253
1807,,,,guo_los,guo_los,clinicalbert_type1_mean_pool,rf,1,48,auprc,0.28097676322356546
1808,,,,guo_los,guo_los,clinicalbert_type1_mean_pool,rf,1,48,brier,0.24949726145279674
1809,,,,guo_los,guo_los,clinicalbert_type1_mean_pool,rf,2,48,auroc,0.5612149038079864
1810,,,,guo_los,guo_los,clinicalbert_type1_mean_pool,rf,2,48,auprc,0.29808201755801444
1811,,,,guo_los,guo_los,clinicalbert_type1_mean_pool,rf,2,48,brier,0.26647708428246014
1812,,,,guo_los,guo_los,clinicalbert_type1_mean_pool,rf,3,48,auroc,0.5154834519745606
1813,,,,guo_los,guo_los,clinicalbert_type1_mean_pool,rf,3,48,auprc,0.26036846442405537
1814,,,,guo_los,guo_los,clinicalbert_type1_mean_pool,rf,3,48,brier,0.2876616228702258
1815,,,,guo_los,guo_los,clinicalbert_type1_mean_pool,rf,4,48,auroc,0.5124242504432506
1816,,,,guo_los,guo_los,clinicalbert_type1_mean_pool,rf,4,48,auprc,0.2531900459914327
1817,,,,guo_los,guo_los,clinicalbert_type1_mean_pool,rf,4,48,brier,0.26976911161731204
1818,,,,guo_los,guo_los,clinicalbert_type1_mean_pool,rf,0,64,auroc,0.5510879488740109
1819,,,,guo_los,guo_los,clinicalbert_type1_mean_pool,rf,0,64,auprc,0.2822015962855918
1820,,,,guo_los,guo_los,clinicalbert_type1_mean_pool,rf,0,64,brier,0.2578997722095672
1821,,,,guo_los,guo_los,clinicalbert_type1_mean_pool,rf,1,64,auroc,0.5518382774528744
1822,,,,guo_los,guo_los,clinicalbert_type1_mean_pool,rf,1,64,auprc,0.2862269156517976
1823,,,,guo_los,guo_los,clinicalbert_type1_mean_pool,rf,1,64,brier,0.2517525385530637
1824,,,,guo_los,guo_los,clinicalbert_type1_mean_pool,rf,2,64,auroc,0.5787211004966172
1825,,,,guo_los,guo_los,clinicalbert_type1_mean_pool,rf,2,64,auprc,0.30571112412609436
1826,,,,guo_los,guo_los,clinicalbert_type1_mean_pool,rf,2,64,brier,0.2461793903319755
1827,,,,guo_los,guo_los,clinicalbert_type1_mean_pool,rf,3,64,auroc,0.5179273950973388
1828,,,,guo_los,guo_los,clinicalbert_type1_mean_pool,rf,3,64,auprc,0.25464114809126975
1829,,,,guo_los,guo_los,clinicalbert_type1_mean_pool,rf,3,64,brier,0.27021070615034165
1830,,,,guo_los,guo_los,clinicalbert_type1_mean_pool,rf,4,64,auroc,0.5356248952517046
1831,,,,guo_los,guo_los,clinicalbert_type1_mean_pool,rf,4,64,auprc,0.2707078242972506
1832,,,,guo_los,guo_los,clinicalbert_type1_mean_pool,rf,4,64,brier,0.26292264236902047
1833,,,,guo_los,guo_los,clinicalbert_type1_mean_pool,rf,0,128,auroc,0.5877140173066236
1834,,,,guo_los,guo_los,clinicalbert_type1_mean_pool,rf,0,128,auprc,0.30770190977311107
1835,,,,guo_los,guo_los,clinicalbert_type1_mean_pool,rf,0,128,brier,0.2480719725566465
1836,,,,guo_los,guo_los,clinicalbert_type1_mean_pool,rf,1,128,auroc,0.5433409854719626
1837,,,,guo_los,guo_los,clinicalbert_type1_mean_pool,rf,1,128,auprc,0.2747856143229106
1838,,,,guo_los,guo_los,clinicalbert_type1_mean_pool,rf,1,128,brier,0.2550398633257403
1839,,,,guo_los,guo_los,clinicalbert_type1_mean_pool,rf,2,128,auroc,0.5941466652553212
1840,,,,guo_los,guo_los,clinicalbert_type1_mean_pool,rf,2,128,auprc,0.31266025191906943
1841,,,,guo_los,guo_los,clinicalbert_type1_mean_pool,rf,2,128,brier,0.24187221419604618
1842,,,,guo_los,guo_los,clinicalbert_type1_mean_pool,rf,3,128,auroc,0.5051315638589713
1843,,,,guo_los,guo_los,clinicalbert_type1_mean_pool,rf,3,128,auprc,0.2639171765463785
1844,,,,guo_los,guo_los,clinicalbert_type1_mean_pool,rf,3,128,brier,0.2704828519629431
1845,,,,guo_los,guo_los,clinicalbert_type1_mean_pool,rf,4,128,auroc,0.5403358120087856
1846,,,,guo_los,guo_los,clinicalbert_type1_mean_pool,rf,4,128,auprc,0.27988650560902595
1847,,,,guo_los,guo_los,clinicalbert_type1_mean_pool,rf,4,128,brier,0.2496711628083605
1848,,,,guo_los,guo_los,clinicalbert_type1_clinicalbert_pool,lr_lbfgs,0,-1,auroc,0.675934134271878
1849,,,,guo_los,guo_los,clinicalbert_type1_clinicalbert_pool,lr_lbfgs,0,-1,auprc,0.3851962637211557
1850,,,,guo_los,guo_los,clinicalbert_type1_clinicalbert_pool,lr_lbfgs,0,-1,brier,0.176438760887439
1851,,,,guo_los,guo_los,clinicalbert_type1_clinicalbert_pool,lr_lbfgs,0,1,auroc,0.45149271833955207
1852,,,,guo_los,guo_los,clinicalbert_type1_clinicalbert_pool,lr_lbfgs,0,1,auprc,0.24105390490771406
1853,,,,guo_los,guo_los,clinicalbert_type1_clinicalbert_pool,lr_lbfgs,0,1,brier,0.2499991473056342
1854,,,,guo_los,guo_los,clinicalbert_type1_clinicalbert_pool,lr_lbfgs,1,1,auroc,0.5004333271586969
1855,,,,guo_los,guo_los,clinicalbert_type1_clinicalbert_pool,lr_lbfgs,1,1,auprc,0.2580359007310968
1856,,,,guo_los,guo_los,clinicalbert_type1_clinicalbert_pool,lr_lbfgs,1,1,brier,0.24999880875099825
1857,,,,guo_los,guo_los,clinicalbert_type1_clinicalbert_pool,lr_lbfgs,2,1,auroc,0.4296642762003052
1858,,,,guo_los,guo_los,clinicalbert_type1_clinicalbert_pool,lr_lbfgs,2,1,auprc,0.21412787793564364
1859,,,,guo_los,guo_los,clinicalbert_type1_clinicalbert_pool,lr_lbfgs,2,1,brier,0.25000209450539945
1860,,,,guo_los,guo_los,clinicalbert_type1_clinicalbert_pool,lr_lbfgs,3,1,auroc,0.4949136433000785
1861,,,,guo_los,guo_los,clinicalbert_type1_clinicalbert_pool,lr_lbfgs,3,1,auprc,0.25864613973033945
1862,,,,guo_los,guo_los,clinicalbert_type1_clinicalbert_pool,lr_lbfgs,3,1,brier,0.2500007250630745
1863,,,,guo_los,guo_los,clinicalbert_type1_clinicalbert_pool,lr_lbfgs,4,1,auroc,0.5162029073716338
1864,,,,guo_los,guo_los,clinicalbert_type1_clinicalbert_pool,lr_lbfgs,4,1,auprc,0.2775274370410309
1865,,,,guo_los,guo_los,clinicalbert_type1_clinicalbert_pool,lr_lbfgs,4,1,brier,0.24999928009617783
1866,,,,guo_los,guo_los,clinicalbert_type1_clinicalbert_pool,lr_lbfgs,0,2,auroc,0.4732792611606552
1867,,,,guo_los,guo_los,clinicalbert_type1_clinicalbert_pool,lr_lbfgs,0,2,auprc,0.2512303792813019
1868,,,,guo_los,guo_los,clinicalbert_type1_clinicalbert_pool,lr_lbfgs,0,2,brier,0.25000034048000536
1869,,,,guo_los,guo_los,clinicalbert_type1_clinicalbert_pool,lr_lbfgs,1,2,auroc,0.43770012437481803
1870,,,,guo_los,guo_los,clinicalbert_type1_clinicalbert_pool,lr_lbfgs,1,2,auprc,0.22257314158129754
1871,,,,guo_los,guo_los,clinicalbert_type1_clinicalbert_pool,lr_lbfgs,1,2,brier,0.2499990309484879
1872,,,,guo_los,guo_los,clinicalbert_type1_clinicalbert_pool,lr_lbfgs,2,2,auroc,0.5454144504132596
1873,,,,guo_los,guo_los,clinicalbert_type1_clinicalbert_pool,lr_lbfgs,2,2,auprc,0.28229632155883533
1874,,,,guo_los,guo_los,clinicalbert_type1_clinicalbert_pool,lr_lbfgs,2,2,brier,0.2500003721749497
1875,,,,guo_los,guo_los,clinicalbert_type1_clinicalbert_pool,lr_lbfgs,3,2,auroc,0.4690110437781718
1876,,,,guo_los,guo_los,clinicalbert_type1_clinicalbert_pool,lr_lbfgs,3,2,auprc,0.2404627324795437
1877,,,,guo_los,guo_los,clinicalbert_type1_clinicalbert_pool,lr_lbfgs,3,2,brier,0.2500013323270753
1878,,,,guo_los,guo_los,clinicalbert_type1_clinicalbert_pool,lr_lbfgs,4,2,auroc,0.503293506928824
1879,,,,guo_los,guo_los,clinicalbert_type1_clinicalbert_pool,lr_lbfgs,4,2,auprc,0.2555052308374754
1880,,,,guo_los,guo_los,clinicalbert_type1_clinicalbert_pool,lr_lbfgs,4,2,brier,0.22313010981268458
1881,,,,guo_los,guo_los,clinicalbert_type1_clinicalbert_pool,lr_lbfgs,0,4,auroc,0.4817054345620859
1882,,,,guo_los,guo_los,clinicalbert_type1_clinicalbert_pool,lr_lbfgs,0,4,auprc,0.2562307154140935
1883,,,,guo_los,guo_los,clinicalbert_type1_clinicalbert_pool,lr_lbfgs,0,4,brier,0.2946112759449662
1884,,,,guo_los,guo_los,clinicalbert_type1_clinicalbert_pool,lr_lbfgs,1,4,auroc,0.47289334638827873
1885,,,,guo_los,guo_los,clinicalbert_type1_clinicalbert_pool,lr_lbfgs,1,4,auprc,0.25098801742883087
1886,,,,guo_los,guo_los,clinicalbert_type1_clinicalbert_pool,lr_lbfgs,1,4,brier,0.24999913480894423
1887,,,,guo_los,guo_los,clinicalbert_type1_clinicalbert_pool,lr_lbfgs,2,4,auroc,0.49338762602873854
1888,,,,guo_los,guo_los,clinicalbert_type1_clinicalbert_pool,lr_lbfgs,2,4,auprc,0.25870065145409876
1889,,,,guo_los,guo_los,clinicalbert_type1_clinicalbert_pool,lr_lbfgs,2,4,brier,0.3241848423902772
1890,,,,guo_los,guo_los,clinicalbert_type1_clinicalbert_pool,lr_lbfgs,3,4,auroc,0.4511222401580707
1891,,,,guo_los,guo_los,clinicalbert_type1_clinicalbert_pool,lr_lbfgs,3,4,auprc,0.2299247063687351
1892,,,,guo_los,guo_los,clinicalbert_type1_clinicalbert_pool,lr_lbfgs,3,4,brier,0.24999991692045895
1893,,,,guo_los,guo_los,clinicalbert_type1_clinicalbert_pool,lr_lbfgs,4,4,auroc,0.4902892817133734
1894,,,,guo_los,guo_los,clinicalbert_type1_clinicalbert_pool,lr_lbfgs,4,4,auprc,0.24637614716929673
1895,,,,guo_los,guo_los,clinicalbert_type1_clinicalbert_pool,lr_lbfgs,4,4,brier,0.337381990698541
1896,,,,guo_los,guo_los,clinicalbert_type1_clinicalbert_pool,lr_lbfgs,0,8,auroc,0.522335644411513
1897,,,,guo_los,guo_los,clinicalbert_type1_clinicalbert_pool,lr_lbfgs,0,8,auprc,0.25863532468822653
1898,,,,guo_los,guo_los,clinicalbert_type1_clinicalbert_pool,lr_lbfgs,0,8,brier,0.2500002789614736
1899,,,,guo_los,guo_los,clinicalbert_type1_clinicalbert_pool,lr_lbfgs,1,8,auroc,0.4613748930464774
1900,,,,guo_los,guo_los,clinicalbert_type1_clinicalbert_pool,lr_lbfgs,1,8,auprc,0.233401724914402
1901,,,,guo_los,guo_los,clinicalbert_type1_clinicalbert_pool,lr_lbfgs,1,8,brier,0.49955203968170686
1902,,,,guo_los,guo_los,clinicalbert_type1_clinicalbert_pool,lr_lbfgs,2,8,auroc,0.5055836354494694
1903,,,,guo_los,guo_los,clinicalbert_type1_clinicalbert_pool,lr_lbfgs,2,8,auprc,0.2673900745541947
1904,,,,guo_los,guo_los,clinicalbert_type1_clinicalbert_pool,lr_lbfgs,2,8,brier,0.27153696533415506
1905,,,,guo_los,guo_los,clinicalbert_type1_clinicalbert_pool,lr_lbfgs,3,8,auroc,0.44814408072895995
1906,,,,guo_los,guo_los,clinicalbert_type1_clinicalbert_pool,lr_lbfgs,3,8,auprc,0.23162926912224496
1907,,,,guo_los,guo_los,clinicalbert_type1_clinicalbert_pool,lr_lbfgs,3,8,brier,0.4884130345975934
1908,,,,guo_los,guo_los,clinicalbert_type1_clinicalbert_pool,lr_lbfgs,4,8,auroc,0.5065109335168082
1909,,,,guo_los,guo_los,clinicalbert_type1_clinicalbert_pool,lr_lbfgs,4,8,auprc,0.26628301934407994
1910,,,,guo_los,guo_los,clinicalbert_type1_clinicalbert_pool,lr_lbfgs,4,8,brier,0.28242386024250277
1911,,,,guo_los,guo_los,clinicalbert_type1_clinicalbert_pool,lr_lbfgs,0,12,auroc,0.4945310363686082
1912,,,,guo_los,guo_los,clinicalbert_type1_clinicalbert_pool,lr_lbfgs,0,12,auprc,0.24353233844625072
1913,,,,guo_los,guo_los,clinicalbert_type1_clinicalbert_pool,lr_lbfgs,0,12,brier,0.4698910860709391
1914,,,,guo_los,guo_los,clinicalbert_type1_clinicalbert_pool,lr_lbfgs,1,12,auroc,0.48087957694920036
1915,,,,guo_los,guo_los,clinicalbert_type1_clinicalbert_pool,lr_lbfgs,1,12,auprc,0.24588156160975658
1916,,,,guo_los,guo_los,clinicalbert_type1_clinicalbert_pool,lr_lbfgs,1,12,brier,0.4324198475957202
1917,,,,guo_los,guo_los,clinicalbert_type1_clinicalbert_pool,lr_lbfgs,2,12,auroc,0.5068185627210741
1918,,,,guo_los,guo_los,clinicalbert_type1_clinicalbert_pool,lr_lbfgs,2,12,auprc,0.2815337434925695
1919,,,,guo_los,guo_los,clinicalbert_type1_clinicalbert_pool,lr_lbfgs,2,12,brier,0.33975977779162747
1920,,,,guo_los,guo_los,clinicalbert_type1_clinicalbert_pool,lr_lbfgs,3,12,auroc,0.48422380410525107
1921,,,,guo_los,guo_los,clinicalbert_type1_clinicalbert_pool,lr_lbfgs,3,12,auprc,0.2588944592932618
1922,,,,guo_los,guo_los,clinicalbert_type1_clinicalbert_pool,lr_lbfgs,3,12,brier,0.441979293328006
1923,,,,guo_los,guo_los,clinicalbert_type1_clinicalbert_pool,lr_lbfgs,4,12,auroc,0.5081428016971429
1924,,,,guo_los,guo_los,clinicalbert_type1_clinicalbert_pool,lr_lbfgs,4,12,auprc,0.2734086631512808
1925,,,,guo_los,guo_los,clinicalbert_type1_clinicalbert_pool,lr_lbfgs,4,12,brier,0.3084709326275411
1926,,,,guo_los,guo_los,clinicalbert_type1_clinicalbert_pool,lr_lbfgs,0,16,auroc,0.46158604355764904
1927,,,,guo_los,guo_los,clinicalbert_type1_clinicalbert_pool,lr_lbfgs,0,16,auprc,0.23746571143620734
1928,,,,guo_los,guo_los,clinicalbert_type1_clinicalbert_pool,lr_lbfgs,0,16,brier,0.25000082351095176
1929,,,,guo_los,guo_los,clinicalbert_type1_clinicalbert_pool,lr_lbfgs,1,16,auroc,0.5311967988920938
1930,,,,guo_los,guo_los,clinicalbert_type1_clinicalbert_pool,lr_lbfgs,1,16,auprc,0.2841654929008788
1931,,,,guo_los,guo_los,clinicalbert_type1_clinicalbert_pool,lr_lbfgs,1,16,brier,0.40790713303194076
1932,,,,guo_los,guo_los,clinicalbert_type1_clinicalbert_pool,lr_lbfgs,2,16,auroc,0.4915550821667681
1933,,,,guo_los,guo_los,clinicalbert_type1_clinicalbert_pool,lr_lbfgs,2,16,auprc,0.26530774193549284
1934,,,,guo_los,guo_los,clinicalbert_type1_clinicalbert_pool,lr_lbfgs,2,16,brier,0.48565527652171275
1935,,,,guo_los,guo_los,clinicalbert_type1_clinicalbert_pool,lr_lbfgs,3,16,auroc,0.46911248423262497
1936,,,,guo_los,guo_los,clinicalbert_type1_clinicalbert_pool,lr_lbfgs,3,16,auprc,0.25120099929010975
1937,,,,guo_los,guo_los,clinicalbert_type1_clinicalbert_pool,lr_lbfgs,3,16,brier,0.3981280719187465
1938,,,,guo_los,guo_los,clinicalbert_type1_clinicalbert_pool,lr_lbfgs,4,16,auroc,0.5103474776610477
1939,,,,guo_los,guo_los,clinicalbert_type1_clinicalbert_pool,lr_lbfgs,4,16,auprc,0.275828657278515
1940,,,,guo_los,guo_los,clinicalbert_type1_clinicalbert_pool,lr_lbfgs,4,16,brier,0.5298968356892796
1941,,,,guo_los,guo_los,clinicalbert_type1_clinicalbert_pool,lr_lbfgs,0,24,auroc,0.49432429631197794
1942,,,,guo_los,guo_los,clinicalbert_type1_clinicalbert_pool,lr_lbfgs,0,24,auprc,0.2504595736974285
1943,,,,guo_los,guo_los,clinicalbert_type1_clinicalbert_pool,lr_lbfgs,0,24,brier,0.512497283921204
1944,,,,guo_los,guo_los,clinicalbert_type1_clinicalbert_pool,lr_lbfgs,1,24,auroc,0.5336098688330819
1945,,,,guo_los,guo_los,clinicalbert_type1_clinicalbert_pool,lr_lbfgs,1,24,auprc,0.27862404389782897
1946,,,,guo_los,guo_los,clinicalbert_type1_clinicalbert_pool,lr_lbfgs,1,24,brier,0.42366636031907756
1947,,,,guo_los,guo_los,clinicalbert_type1_clinicalbert_pool,lr_lbfgs,2,24,auroc,0.5487151243307136
1948,,,,guo_los,guo_los,clinicalbert_type1_clinicalbert_pool,lr_lbfgs,2,24,auprc,0.2987982158758057
1949,,,,guo_los,guo_los,clinicalbert_type1_clinicalbert_pool,lr_lbfgs,2,24,brier,0.4547195011511021
1950,,,,guo_los,guo_los,clinicalbert_type1_clinicalbert_pool,lr_lbfgs,3,24,auroc,0.46001371651362394
1951,,,,guo_los,guo_los,clinicalbert_type1_clinicalbert_pool,lr_lbfgs,3,24,auprc,0.23663191033031186
1952,,,,guo_los,guo_los,clinicalbert_type1_clinicalbert_pool,lr_lbfgs,3,24,brier,0.2500276593999543
1953,,,,guo_los,guo_los,clinicalbert_type1_clinicalbert_pool,lr_lbfgs,4,24,auroc,0.47341598525144
1954,,,,guo_los,guo_los,clinicalbert_type1_clinicalbert_pool,lr_lbfgs,4,24,auprc,0.25420175102405046
1955,,,,guo_los,guo_los,clinicalbert_type1_clinicalbert_pool,lr_lbfgs,4,24,brier,0.27765823995986183
1956,,,,guo_los,guo_los,clinicalbert_type1_clinicalbert_pool,lr_lbfgs,0,32,auroc,0.4435450792558681
1957,,,,guo_los,guo_los,clinicalbert_type1_clinicalbert_pool,lr_lbfgs,0,32,auprc,0.22287990274696648
1958,,,,guo_los,guo_los,clinicalbert_type1_clinicalbert_pool,lr_lbfgs,0,32,brier,0.2504895754141321
1959,,,,guo_los,guo_los,clinicalbert_type1_clinicalbert_pool,lr_lbfgs,1,32,auroc,0.5433707560401175
1960,,,,guo_los,guo_los,clinicalbert_type1_clinicalbert_pool,lr_lbfgs,1,32,auprc,0.2868791489455987
1961,,,,guo_los,guo_los,clinicalbert_type1_clinicalbert_pool,lr_lbfgs,1,32,brier,0.4019694004323497
1962,,,,guo_los,guo_los,clinicalbert_type1_clinicalbert_pool,lr_lbfgs,2,32,auroc,0.5497306314888812
1963,,,,guo_los,guo_los,clinicalbert_type1_clinicalbert_pool,lr_lbfgs,2,32,auprc,0.30181078397159355
1964,,,,guo_los,guo_los,clinicalbert_type1_clinicalbert_pool,lr_lbfgs,2,32,brier,0.42421262986657643
1965,,,,guo_los,guo_los,clinicalbert_type1_clinicalbert_pool,lr_lbfgs,3,32,auroc,0.4996956786366403
1966,,,,guo_los,guo_los,clinicalbert_type1_clinicalbert_pool,lr_lbfgs,3,32,auprc,0.2578544026960188
1967,,,,guo_los,guo_los,clinicalbert_type1_clinicalbert_pool,lr_lbfgs,3,32,brier,0.4846751414110105
1968,,,,guo_los,guo_los,clinicalbert_type1_clinicalbert_pool,lr_lbfgs,4,32,auroc,0.49181088853017196
1969,,,,guo_los,guo_los,clinicalbert_type1_clinicalbert_pool,lr_lbfgs,4,32,auprc,0.2641026290579391
1970,,,,guo_los,guo_los,clinicalbert_type1_clinicalbert_pool,lr_lbfgs,4,32,brier,0.27100271909502294
1971,,,,guo_los,guo_los,clinicalbert_type1_clinicalbert_pool,lr_lbfgs,0,48,auroc,0.5475193398431643
1972,,,,guo_los,guo_los,clinicalbert_type1_clinicalbert_pool,lr_lbfgs,0,48,auprc,0.2898735594427827
1973,,,,guo_los,guo_los,clinicalbert_type1_clinicalbert_pool,lr_lbfgs,0,48,brier,0.41304556567359635
1974,,,,guo_los,guo_los,clinicalbert_type1_clinicalbert_pool,lr_lbfgs,1,48,auroc,0.5815812802667442
1975,,,,guo_los,guo_los,clinicalbert_type1_clinicalbert_pool,lr_lbfgs,1,48,auprc,0.30751972024720653
1976,,,,guo_los,guo_los,clinicalbert_type1_clinicalbert_pool,lr_lbfgs,1,48,brier,0.24658781635510515
1977,,,,guo_los,guo_los,clinicalbert_type1_clinicalbert_pool,lr_lbfgs,2,48,auroc,0.5932844213924687
1978,,,,guo_los,guo_los,clinicalbert_type1_clinicalbert_pool,lr_lbfgs,2,48,auprc,0.3296289817237268
1979,,,,guo_los,guo_los,clinicalbert_type1_clinicalbert_pool,lr_lbfgs,2,48,brier,0.3602750803654859
1980,,,,guo_los,guo_los,clinicalbert_type1_clinicalbert_pool,lr_lbfgs,3,48,auroc,0.5647101890320816
1981,,,,guo_los,guo_los,clinicalbert_type1_clinicalbert_pool,lr_lbfgs,3,48,auprc,0.3021108526125008
1982,,,,guo_los,guo_los,clinicalbert_type1_clinicalbert_pool,lr_lbfgs,3,48,brier,0.42553793568777804
1983,,,,guo_los,guo_los,clinicalbert_type1_clinicalbert_pool,lr_lbfgs,4,48,auroc,0.4980704261381178
1984,,,,guo_los,guo_los,clinicalbert_type1_clinicalbert_pool,lr_lbfgs,4,48,auprc,0.26706397333195386
1985,,,,guo_los,guo_los,clinicalbert_type1_clinicalbert_pool,lr_lbfgs,4,48,brier,0.26352742829393777
1986,,,,guo_los,guo_los,clinicalbert_type1_clinicalbert_pool,lr_lbfgs,0,64,auroc,0.5737858018647402
1987,,,,guo_los,guo_los,clinicalbert_type1_clinicalbert_pool,lr_lbfgs,0,64,auprc,0.30210911652289885
1988,,,,guo_los,guo_los,clinicalbert_type1_clinicalbert_pool,lr_lbfgs,0,64,brier,0.36514790034878536
1989,,,,guo_los,guo_los,clinicalbert_type1_clinicalbert_pool,lr_lbfgs,1,64,auroc,0.5896491042366826
1990,,,,guo_los,guo_los,clinicalbert_type1_clinicalbert_pool,lr_lbfgs,1,64,auprc,0.3161563240227319
1991,,,,guo_los,guo_los,clinicalbert_type1_clinicalbert_pool,lr_lbfgs,1,64,brier,0.3819396568376536
1992,,,,guo_los,guo_los,clinicalbert_type1_clinicalbert_pool,lr_lbfgs,2,64,auroc,0.6067473338802296
1993,,,,guo_los,guo_los,clinicalbert_type1_clinicalbert_pool,lr_lbfgs,2,64,auprc,0.33860005885728317
1994,,,,guo_los,guo_los,clinicalbert_type1_clinicalbert_pool,lr_lbfgs,2,64,brier,0.24302842633525942
1995,,,,guo_los,guo_los,clinicalbert_type1_clinicalbert_pool,lr_lbfgs,3,64,auroc,0.548605414273995
1996,,,,guo_los,guo_los,clinicalbert_type1_clinicalbert_pool,lr_lbfgs,3,64,auprc,0.29489758297313107
1997,,,,guo_los,guo_los,clinicalbert_type1_clinicalbert_pool,lr_lbfgs,3,64,brier,0.3982964119871448
1998,,,,guo_los,guo_los,clinicalbert_type1_clinicalbert_pool,lr_lbfgs,4,64,auroc,0.5260536575899513
1999,,,,guo_los,guo_los,clinicalbert_type1_clinicalbert_pool,lr_lbfgs,4,64,auprc,0.2866119329123079
2000,,,,guo_los,guo_los,clinicalbert_type1_clinicalbert_pool,lr_lbfgs,4,64,brier,0.26074178924484664
2001,,,,guo_los,guo_los,clinicalbert_type1_clinicalbert_pool,lr_lbfgs,0,128,auroc,0.620064701368123
2002,,,,guo_los,guo_los,clinicalbert_type1_clinicalbert_pool,lr_lbfgs,0,128,auprc,0.34633317525326013
2003,,,,guo_los,guo_los,clinicalbert_type1_clinicalbert_pool,lr_lbfgs,0,128,brier,0.24648894632357948
2004,,,,guo_los,guo_los,clinicalbert_type1_clinicalbert_pool,lr_lbfgs,1,128,auroc,0.6371221343071617
2005,,,,guo_los,guo_los,clinicalbert_type1_clinicalbert_pool,lr_lbfgs,1,128,auprc,0.35306885693584134
2006,,,,guo_los,guo_los,clinicalbert_type1_clinicalbert_pool,lr_lbfgs,1,128,brier,0.24346683009019998
2007,,,,guo_los,guo_los,clinicalbert_type1_clinicalbert_pool,lr_lbfgs,2,128,auroc,0.6182983143242742
2008,,,,guo_los,guo_los,clinicalbert_type1_clinicalbert_pool,lr_lbfgs,2,128,auprc,0.33861882650923536
2009,,,,guo_los,guo_los,clinicalbert_type1_clinicalbert_pool,lr_lbfgs,2,128,brier,0.243126533750711
2010,,,,guo_los,guo_los,clinicalbert_type1_clinicalbert_pool,lr_lbfgs,3,128,auroc,0.5855958965130946
2011,,,,guo_los,guo_los,clinicalbert_type1_clinicalbert_pool,lr_lbfgs,3,128,auprc,0.31800231700978
2012,,,,guo_los,guo_los,clinicalbert_type1_clinicalbert_pool,lr_lbfgs,3,128,brier,0.25472770552242907
2013,,,,guo_los,guo_los,clinicalbert_type1_clinicalbert_pool,lr_lbfgs,4,128,auroc,0.5894892252595553
2014,,,,guo_los,guo_los,clinicalbert_type1_clinicalbert_pool,lr_lbfgs,4,128,auprc,0.329636436721964
2015,,,,guo_los,guo_los,clinicalbert_type1_clinicalbert_pool,lr_lbfgs,4,128,brier,0.2589000825293464
2016,,,,guo_los,guo_los,clinicalbert_type1_clinicalbert_pool,knn,0,-1,auroc,0.5630220875563435
2017,,,,guo_los,guo_los,clinicalbert_type1_clinicalbert_pool,knn,0,-1,auprc,0.2884885074229694
2018,,,,guo_los,guo_los,clinicalbert_type1_clinicalbert_pool,knn,0,-1,brier,0.22231717244587235
2019,,,,guo_los,guo_los,clinicalbert_type1_clinicalbert_pool,knn,0,1,auroc,0.5019791914754734
2020,,,,guo_los,guo_los,clinicalbert_type1_clinicalbert_pool,knn,0,1,auprc,0.2522374334417993
2021,,,,guo_los,guo_los,clinicalbert_type1_clinicalbert_pool,knn,0,1,brier,0.3439635535307517
2022,,,,guo_los,guo_los,clinicalbert_type1_clinicalbert_pool,knn,1,1,auroc,0.5117571691938572
2023,,,,guo_los,guo_los,clinicalbert_type1_clinicalbert_pool,knn,1,1,auprc,0.2567975877048188
2024,,,,guo_los,guo_los,clinicalbert_type1_clinicalbert_pool,knn,1,1,brier,0.28610478359908886
2025,,,,guo_los,guo_los,clinicalbert_type1_clinicalbert_pool,knn,2,1,auroc,0.46737366252966034
2026,,,,guo_los,guo_los,clinicalbert_type1_clinicalbert_pool,knn,2,1,auprc,0.239856029843848
2027,,,,guo_los,guo_los,clinicalbert_type1_clinicalbert_pool,knn,2,1,brier,0.7289293849658315
2028,,,,guo_los,guo_los,clinicalbert_type1_clinicalbert_pool,knn,3,1,auroc,0.4957295773902458
2029,,,,guo_los,guo_los,clinicalbert_type1_clinicalbert_pool,knn,3,1,auprc,0.24988613377637386
2030,,,,guo_los,guo_los,clinicalbert_type1_clinicalbert_pool,knn,3,1,brier,0.6414578587699317
2031,,,,guo_los,guo_los,clinicalbert_type1_clinicalbert_pool,knn,4,1,auroc,0.5136255479989768
2032,,,,guo_los,guo_los,clinicalbert_type1_clinicalbert_pool,knn,4,1,auprc,0.25706968241391837
2033,,,,guo_los,guo_los,clinicalbert_type1_clinicalbert_pool,knn,4,1,brier,0.35444191343963555
2034,,,,guo_los,guo_los,clinicalbert_type1_clinicalbert_pool,knn,0,2,auroc,0.47987068547284484
2035,,,,guo_los,guo_los,clinicalbert_type1_clinicalbert_pool,knn,0,2,auprc,0.2544464543707195
2036,,,,guo_los,guo_los,clinicalbert_type1_clinicalbert_pool,knn,0,2,brier,0.23562136016446583
2037,,,,guo_los,guo_los,clinicalbert_type1_clinicalbert_pool,knn,1,2,auroc,0.48960290472536094
2038,,,,guo_los,guo_los,clinicalbert_type1_clinicalbert_pool,knn,1,2,auprc,0.24972331555950292
2039,,,,guo_los,guo_los,clinicalbert_type1_clinicalbert_pool,knn,1,2,brier,0.2022272842318401
2040,,,,guo_los,guo_los,clinicalbert_type1_clinicalbert_pool,knn,2,2,auroc,0.5230892808312825
2041,,,,guo_los,guo_los,clinicalbert_type1_clinicalbert_pool,knn,2,2,auprc,0.2605076443923288
2042,,,,guo_los,guo_los,clinicalbert_type1_clinicalbert_pool,knn,2,2,brier,0.33799038218172617
2043,,,,guo_los,guo_los,clinicalbert_type1_clinicalbert_pool,knn,3,2,auroc,0.4595511700935898
2044,,,,guo_los,guo_los,clinicalbert_type1_clinicalbert_pool,knn,3,2,auprc,0.23737271935752072
2045,,,,guo_los,guo_los,clinicalbert_type1_clinicalbert_pool,knn,3,2,brier,0.6911161731207289
2046,,,,guo_los,guo_los,clinicalbert_type1_clinicalbert_pool,knn,4,2,auroc,0.4942316767666075
2047,,,,guo_los,guo_los,clinicalbert_type1_clinicalbert_pool,knn,4,2,auprc,0.24942694592159964
2048,,,,guo_los,guo_los,clinicalbert_type1_clinicalbert_pool,knn,4,2,brier,0.3348519362186788
2049,,,,guo_los,guo_los,clinicalbert_type1_clinicalbert_pool,knn,0,4,auroc,0.490034577963605
2050,,,,guo_los,guo_los,clinicalbert_type1_clinicalbert_pool,knn,0,4,auprc,0.2478513816445747
2051,,,,guo_los,guo_los,clinicalbert_type1_clinicalbert_pool,knn,0,4,brier,0.4861047835990888
2052,,,,guo_los,guo_los,clinicalbert_type1_clinicalbert_pool,knn,1,4,auroc,0.49512920426579166
2053,,,,guo_los,guo_los,clinicalbert_type1_clinicalbert_pool,knn,1,4,auprc,0.2496753938255235
2054,,,,guo_los,guo_los,clinicalbert_type1_clinicalbert_pool,knn,1,4,brier,0.48838268792710704
2055,,,,guo_los,guo_los,clinicalbert_type1_clinicalbert_pool,knn,2,4,auroc,0.51713792373442
2056,,,,guo_los,guo_los,clinicalbert_type1_clinicalbert_pool,knn,2,4,auprc,0.2720159237306089
2057,,,,guo_los,guo_los,clinicalbert_type1_clinicalbert_pool,knn,2,4,brier,0.30225435892775254
2058,,,,guo_los,guo_los,clinicalbert_type1_clinicalbert_pool,knn,3,4,auroc,0.4551842687907416
2059,,,,guo_los,guo_los,clinicalbert_type1_clinicalbert_pool,knn,3,4,auprc,0.23525145553086627
2060,,,,guo_los,guo_los,clinicalbert_type1_clinicalbert_pool,knn,3,4,brier,0.3090296127562642
2061,,,,guo_los,guo_los,clinicalbert_type1_clinicalbert_pool,knn,4,4,auroc,0.5125449866363228
2062,,,,guo_los,guo_los,clinicalbert_type1_clinicalbert_pool,knn,4,4,auprc,0.2503766687566574
2063,,,,guo_los,guo_los,clinicalbert_type1_clinicalbert_pool,knn,4,4,brier,0.2785610017228577
2064,,,,guo_los,guo_los,clinicalbert_type1_clinicalbert_pool,knn,0,8,auroc,0.5341870870711936
2065,,,,guo_los,guo_los,clinicalbert_type1_clinicalbert_pool,knn,0,8,auprc,0.2646062832051862
2066,,,,guo_los,guo_los,clinicalbert_type1_clinicalbert_pool,knn,0,8,brier,0.22254214123006835
2067,,,,guo_los,guo_los,clinicalbert_type1_clinicalbert_pool,knn,1,8,auroc,0.5037141540307144
2068,,,,guo_los,guo_los,clinicalbert_type1_clinicalbert_pool,knn,1,8,auprc,0.2609041392241311
2069,,,,guo_los,guo_los,clinicalbert_type1_clinicalbert_pool,knn,1,8,brier,0.256164252047003
2070,,,,guo_los,guo_los,clinicalbert_type1_clinicalbert_pool,knn,2,8,auroc,0.5048978097682747
2071,,,,guo_los,guo_los,clinicalbert_type1_clinicalbert_pool,knn,2,8,auprc,0.25597336813394883
2072,,,,guo_los,guo_los,clinicalbert_type1_clinicalbert_pool,knn,2,8,brier,0.2797762107432942
2073,,,,guo_los,guo_los,clinicalbert_type1_clinicalbert_pool,knn,3,8,auroc,0.44590246720827054
2074,,,,guo_los,guo_los,clinicalbert_type1_clinicalbert_pool,knn,3,8,auprc,0.22809865879228428
2075,,,,guo_los,guo_los,clinicalbert_type1_clinicalbert_pool,knn,3,8,brier,0.3548039193140995
2076,,,,guo_los,guo_los,clinicalbert_type1_clinicalbert_pool,knn,4,8,auroc,0.5158594432242187
2077,,,,guo_los,guo_los,clinicalbert_type1_clinicalbert_pool,knn,4,8,auprc,0.25613439956689776
2078,,,,guo_los,guo_los,clinicalbert_type1_clinicalbert_pool,knn,4,8,brier,0.2958238420652999
2079,,,,guo_los,guo_los,clinicalbert_type1_clinicalbert_pool,knn,0,12,auroc,0.4999696781250276
2080,,,,guo_los,guo_los,clinicalbert_type1_clinicalbert_pool,knn,0,12,auprc,0.2514692234516132
2081,,,,guo_los,guo_los,clinicalbert_type1_clinicalbert_pool,knn,0,12,brier,0.4847380410022779
2082,,,,guo_los,guo_los,clinicalbert_type1_clinicalbert_pool,knn,1,12,auroc,0.49509557454991315
2083,,,,guo_los,guo_los,clinicalbert_type1_clinicalbert_pool,knn,1,12,auprc,0.2582928300899937
2084,,,,guo_los,guo_los,clinicalbert_type1_clinicalbert_pool,knn,1,12,brier,0.2935793301140699
2085,,,,guo_los,guo_los,clinicalbert_type1_clinicalbert_pool,knn,2,12,auroc,0.47796536911094056
2086,,,,guo_los,guo_los,clinicalbert_type1_clinicalbert_pool,knn,2,12,auprc,0.24949458350319437
2087,,,,guo_los,guo_los,clinicalbert_type1_clinicalbert_pool,knn,2,12,brier,0.3645666077634572
2088,,,,guo_los,guo_los,clinicalbert_type1_clinicalbert_pool,knn,3,12,auroc,0.5043966718710031
2089,,,,guo_los,guo_los,clinicalbert_type1_clinicalbert_pool,knn,3,12,auprc,0.2450325116975559
2090,,,,guo_los,guo_los,clinicalbert_type1_clinicalbert_pool,knn,3,12,brier,0.3334284294274669
2091,,,,guo_los,guo_los,clinicalbert_type1_clinicalbert_pool,knn,4,12,auroc,0.5033271366447025
2092,,,,guo_los,guo_los,clinicalbert_type1_clinicalbert_pool,knn,4,12,auprc,0.25274223529570183
2093,,,,guo_los,guo_los,clinicalbert_type1_clinicalbert_pool,knn,4,12,brier,0.5931662870159453
2094,,,,guo_los,guo_los,clinicalbert_type1_clinicalbert_pool,knn,0,16,auroc,0.4774498972364092
2095,,,,guo_los,guo_los,clinicalbert_type1_clinicalbert_pool,knn,0,16,auprc,0.24356087362606868
2096,,,,guo_los,guo_los,clinicalbert_type1_clinicalbert_pool,knn,0,16,brier,0.5184510250569476
2097,,,,guo_los,guo_los,clinicalbert_type1_clinicalbert_pool,knn,1,16,auroc,0.4877631938747607
2098,,,,guo_los,guo_los,clinicalbert_type1_clinicalbert_pool,knn,1,16,auprc,0.2415353306244296
2099,,,,guo_los,guo_los,clinicalbert_type1_clinicalbert_pool,knn,1,16,brier,0.298264117747623
2100,,,,guo_los,guo_los,clinicalbert_type1_clinicalbert_pool,knn,2,16,auroc,0.4890940485326418
2101,,,,guo_los,guo_los,clinicalbert_type1_clinicalbert_pool,knn,2,16,auprc,0.2590487970474288
2102,,,,guo_los,guo_los,clinicalbert_type1_clinicalbert_pool,knn,2,16,brier,0.3244947683881248
2103,,,,guo_los,guo_los,clinicalbert_type1_clinicalbert_pool,knn,3,16,auroc,0.5181501230516816
2104,,,,guo_los,guo_los,clinicalbert_type1_clinicalbert_pool,knn,3,16,auprc,0.25871563584707624
2105,,,,guo_los,guo_los,clinicalbert_type1_clinicalbert_pool,knn,3,16,brier,0.4674259681093394
2106,,,,guo_los,guo_los,clinicalbert_type1_clinicalbert_pool,knn,4,16,auroc,0.4858628392742156
2107,,,,guo_los,guo_los,clinicalbert_type1_clinicalbert_pool,knn,4,16,auprc,0.246326070741129
2108,,,,guo_los,guo_los,clinicalbert_type1_clinicalbert_pool,knn,4,16,brier,0.5958997722095672
2109,,,,guo_los,guo_los,clinicalbert_type1_clinicalbert_pool,knn,0,24,auroc,0.48317852637892866
2110,,,,guo_los,guo_los,clinicalbert_type1_clinicalbert_pool,knn,0,24,auprc,0.24551778684044542
2111,,,,guo_los,guo_los,clinicalbert_type1_clinicalbert_pool,knn,0,24,brier,0.4783599088838269
2112,,,,guo_los,guo_los,clinicalbert_type1_clinicalbert_pool,knn,1,24,auroc,0.5093578819233111
2113,,,,guo_los,guo_los,clinicalbert_type1_clinicalbert_pool,knn,1,24,auprc,0.2534450743295256
2114,,,,guo_los,guo_los,clinicalbert_type1_clinicalbert_pool,knn,1,24,brier,0.28515337655627926
2115,,,,guo_los,guo_los,clinicalbert_type1_clinicalbert_pool,knn,2,24,auroc,0.5122423191934161
2116,,,,guo_los,guo_los,clinicalbert_type1_clinicalbert_pool,knn,2,24,auprc,0.2596007373616072
2117,,,,guo_los,guo_los,clinicalbert_type1_clinicalbert_pool,knn,2,24,brier,0.37201690099622436
2118,,,,guo_los,guo_los,clinicalbert_type1_clinicalbert_pool,knn,3,24,auroc,0.5086681970943925
2119,,,,guo_los,guo_los,clinicalbert_type1_clinicalbert_pool,knn,3,24,auprc,0.251642537843927
2120,,,,guo_los,guo_los,clinicalbert_type1_clinicalbert_pool,knn,3,24,brier,0.3245994118859138
2121,,,,guo_los,guo_los,clinicalbert_type1_clinicalbert_pool,knn,4,24,auroc,0.46929386417564195
2122,,,,guo_los,guo_los,clinicalbert_type1_clinicalbert_pool,knn,4,24,auprc,0.24084185076688716
2123,,,,guo_los,guo_los,clinicalbert_type1_clinicalbert_pool,knn,4,24,brier,0.5612756264236902
2124,,,,guo_los,guo_los,clinicalbert_type1_clinicalbert_pool,knn,0,32,auroc,0.4871953478525497
2125,,,,guo_los,guo_los,clinicalbert_type1_clinicalbert_pool,knn,0,32,auprc,0.24684990980745197
2126,,,,guo_los,guo_los,clinicalbert_type1_clinicalbert_pool,knn,0,32,brier,0.5029612756264237
2127,,,,guo_los,guo_los,clinicalbert_type1_clinicalbert_pool,knn,1,32,auroc,0.5219877698095565
2128,,,,guo_los,guo_los,clinicalbert_type1_clinicalbert_pool,knn,1,32,auprc,0.2586866372586307
2129,,,,guo_los,guo_los,clinicalbert_type1_clinicalbert_pool,knn,1,32,brier,0.29332981477867603
2130,,,,guo_los,guo_los,clinicalbert_type1_clinicalbert_pool,knn,2,32,auroc,0.5268486420210468
2131,,,,guo_los,guo_los,clinicalbert_type1_clinicalbert_pool,knn,2,32,auprc,0.26971892496321614
2132,,,,guo_los,guo_los,clinicalbert_type1_clinicalbert_pool,knn,2,32,brier,0.2872402667142468
2133,,,,guo_los,guo_los,clinicalbert_type1_clinicalbert_pool,knn,3,32,auroc,0.5157640671447599
2134,,,,guo_los,guo_los,clinicalbert_type1_clinicalbert_pool,knn,3,32,auprc,0.2546494820429645
2135,,,,guo_los,guo_los,clinicalbert_type1_clinicalbert_pool,knn,3,32,brier,0.30308768533797464
2136,,,,guo_los,guo_los,clinicalbert_type1_clinicalbert_pool,knn,4,32,auroc,0.478850216553318
2137,,,,guo_los,guo_los,clinicalbert_type1_clinicalbert_pool,knn,4,32,auprc,0.24072041732479357
2138,,,,guo_los,guo_los,clinicalbert_type1_clinicalbert_pool,knn,4,32,brier,0.37078830862847045
2139,,,,guo_los,guo_los,clinicalbert_type1_clinicalbert_pool,knn,0,48,auroc,0.48999874302045576
2140,,,,guo_los,guo_los,clinicalbert_type1_clinicalbert_pool,knn,0,48,auprc,0.24783636119668542
2141,,,,guo_los,guo_los,clinicalbert_type1_clinicalbert_pool,knn,0,48,brier,0.49066059225512526
2142,,,,guo_los,guo_los,clinicalbert_type1_clinicalbert_pool,knn,1,48,auroc,0.5295379166776928
2143,,,,guo_los,guo_los,clinicalbert_type1_clinicalbert_pool,knn,1,48,auprc,0.27023451296263135
2144,,,,guo_los,guo_los,clinicalbert_type1_clinicalbert_pool,knn,1,48,brier,0.2614741346631228
2145,,,,guo_los,guo_los,clinicalbert_type1_clinicalbert_pool,knn,2,48,auroc,0.5086196820944366
2146,,,,guo_los,guo_los,clinicalbert_type1_clinicalbert_pool,knn,2,48,auprc,0.25210057919347073
2147,,,,guo_los,guo_los,clinicalbert_type1_clinicalbert_pool,knn,2,48,brier,0.3173859411466
2148,,,,guo_los,guo_los,clinicalbert_type1_clinicalbert_pool,knn,3,48,auroc,0.5219392548096007
2149,,,,guo_los,guo_los,clinicalbert_type1_clinicalbert_pool,knn,3,48,auprc,0.26063179967845157
2150,,,,guo_los,guo_los,clinicalbert_type1_clinicalbert_pool,knn,3,48,brier,0.29853302961275624
2151,,,,guo_los,guo_los,clinicalbert_type1_clinicalbert_pool,knn,4,48,auroc,0.5043178349960747
2152,,,,guo_los,guo_los,clinicalbert_type1_clinicalbert_pool,knn,4,48,auprc,0.2538287028377846
2153,,,,guo_los,guo_los,clinicalbert_type1_clinicalbert_pool,knn,4,48,brier,0.33672487977727156
2154,,,,guo_los,guo_los,clinicalbert_type1_clinicalbert_pool,knn,0,64,auroc,0.5127142378293508
2155,,,,guo_los,guo_los,clinicalbert_type1_clinicalbert_pool,knn,0,64,auprc,0.2576210283904486
2156,,,,guo_los,guo_los,clinicalbert_type1_clinicalbert_pool,knn,0,64,brier,0.2756993166287016
2157,,,,guo_los,guo_los,clinicalbert_type1_clinicalbert_pool,knn,1,64,auroc,0.5313693579260279
2158,,,,guo_los,guo_los,clinicalbert_type1_clinicalbert_pool,knn,1,64,auprc,0.27222313617912347
2159,,,,guo_los,guo_los,clinicalbert_type1_clinicalbert_pool,knn,1,64,brier,0.27288567865535074
2160,,,,guo_los,guo_los,clinicalbert_type1_clinicalbert_pool,knn,2,64,auroc,0.5177079749839019
2161,,,,guo_los,guo_los,clinicalbert_type1_clinicalbert_pool,knn,2,64,auprc,0.2605721405815804
2162,,,,guo_los,guo_los,clinicalbert_type1_clinicalbert_pool,knn,2,64,brier,0.2877813211845103
2163,,,,guo_los,guo_los,clinicalbert_type1_clinicalbert_pool,knn,3,64,auroc,0.5044176215300749
2164,,,,guo_los,guo_los,clinicalbert_type1_clinicalbert_pool,knn,3,64,auprc,0.25122368622402125
2165,,,,guo_los,guo_los,clinicalbert_type1_clinicalbert_pool,knn,3,64,brier,0.34457099468488994
2166,,,,guo_los,guo_los,clinicalbert_type1_clinicalbert_pool,knn,4,64,auroc,0.4972583511956742
2167,,,,guo_los,guo_los,clinicalbert_type1_clinicalbert_pool,knn,4,64,auprc,0.24990087595323632
2168,,,,guo_los,guo_los,clinicalbert_type1_clinicalbert_pool,knn,4,64,brier,0.3453809162237408
2169,,,,guo_los,guo_los,clinicalbert_type1_clinicalbert_pool,knn,0,128,auroc,0.5279402295200544
2170,,,,guo_los,guo_los,clinicalbert_type1_clinicalbert_pool,knn,0,128,auprc,0.2637128703862055
2171,,,,guo_los,guo_los,clinicalbert_type1_clinicalbert_pool,knn,0,128,brier,0.3250987543899166
2172,,,,guo_los,guo_los,clinicalbert_type1_clinicalbert_pool,knn,1,128,auroc,0.5180238737904328
2173,,,,guo_los,guo_los,clinicalbert_type1_clinicalbert_pool,knn,1,128,auprc,0.25997363204602425
2174,,,,guo_los,guo_los,clinicalbert_type1_clinicalbert_pool,knn,1,128,brier,0.28221893177476637
2175,,,,guo_los,guo_los,clinicalbert_type1_clinicalbert_pool,knn,2,128,auroc,0.5187168664602574
2176,,,,guo_los,guo_los,clinicalbert_type1_clinicalbert_pool,knn,2,128,auprc,0.2601662837338313
2177,,,,guo_los,guo_los,clinicalbert_type1_clinicalbert_pool,knn,2,128,brier,0.26917539863325746
2178,,,,guo_los,guo_los,clinicalbert_type1_clinicalbert_pool,knn,3,128,auroc,0.5022669736343027
2179,,,,guo_los,guo_los,clinicalbert_type1_clinicalbert_pool,knn,3,128,auprc,0.25552906256062524
2180,,,,guo_los,guo_los,clinicalbert_type1_clinicalbert_pool,knn,3,128,brier,0.3470513793976209
2181,,,,guo_los,guo_los,clinicalbert_type1_clinicalbert_pool,knn,4,128,auroc,0.490165788986213
2182,,,,guo_los,guo_los,clinicalbert_type1_clinicalbert_pool,knn,4,128,auprc,0.2432398078900636
2183,,,,guo_los,guo_los,clinicalbert_type1_clinicalbert_pool,knn,4,128,brier,0.31129567013791076
2184,,,,guo_los,guo_los,clinicalbert_type1_clinicalbert_pool,rf,0,-1,auroc,0.6375367170340576
2185,,,,guo_los,guo_los,clinicalbert_type1_clinicalbert_pool,rf,0,-1,auprc,0.34864529731320637
2186,,,,guo_los,guo_los,clinicalbert_type1_clinicalbert_pool,rf,0,-1,brier,0.18061878510360763
2187,,,,guo_los,guo_los,clinicalbert_type1_clinicalbert_pool,rf,0,1,auroc,0.5027201478384363
2188,,,,guo_los,guo_los,clinicalbert_type1_clinicalbert_pool,rf,0,1,auprc,0.2528992155955268
2189,,,,guo_los,guo_los,clinicalbert_type1_clinicalbert_pool,rf,0,1,brier,0.33164464692482915
2190,,,,guo_los,guo_los,clinicalbert_type1_clinicalbert_pool,rf,1,1,auroc,0.45632878174424657
2191,,,,guo_los,guo_los,clinicalbert_type1_clinicalbert_pool,rf,1,1,auprc,0.22824239148249303
2192,,,,guo_los,guo_los,clinicalbert_type1_clinicalbert_pool,rf,1,1,brier,0.240821867881549
2193,,,,guo_los,guo_los,clinicalbert_type1_clinicalbert_pool,rf,2,1,auroc,0.4865332283645153
2194,,,,guo_los,guo_los,clinicalbert_type1_clinicalbert_pool,rf,2,1,auprc,0.24635344760424652
2195,,,,guo_los,guo_los,clinicalbert_type1_clinicalbert_pool,rf,2,1,brier,0.36281435079726654
2196,,,,guo_los,guo_los,clinicalbert_type1_clinicalbert_pool,rf,3,1,auroc,0.48260847512944677
2197,,,,guo_los,guo_los,clinicalbert_type1_clinicalbert_pool,rf,3,1,auprc,0.24570467203627688
2198,,,,guo_los,guo_los,clinicalbert_type1_clinicalbert_pool,rf,3,1,brier,0.3854396355353075
2199,,,,guo_los,guo_los,clinicalbert_type1_clinicalbert_pool,rf,4,1,auroc,0.5099698324909365
2200,,,,guo_los,guo_los,clinicalbert_type1_clinicalbert_pool,rf,4,1,auprc,0.25096038392515463
2201,,,,guo_los,guo_los,clinicalbert_type1_clinicalbert_pool,rf,4,1,brier,0.2850341685649203
2202,,,,guo_los,guo_los,clinicalbert_type1_clinicalbert_pool,rf,0,2,auroc,0.5158351857242407
2203,,,,guo_los,guo_los,clinicalbert_type1_clinicalbert_pool,rf,0,2,auprc,0.2769215910482739
2204,,,,guo_los,guo_los,clinicalbert_type1_clinicalbert_pool,rf,0,2,brier,0.32887813211845107
2205,,,,guo_los,guo_los,clinicalbert_type1_clinicalbert_pool,rf,1,2,auroc,0.46814494076759544
2206,,,,guo_los,guo_los,clinicalbert_type1_clinicalbert_pool,rf,1,2,auprc,0.23622845900582393
2207,,,,guo_los,guo_los,clinicalbert_type1_clinicalbert_pool,rf,1,2,brier,0.2809271070615034
2208,,,,guo_los,guo_los,clinicalbert_type1_clinicalbert_pool,rf,2,2,auroc,0.5088109855601719
2209,,,,guo_los,guo_los,clinicalbert_type1_clinicalbert_pool,rf,2,2,auprc,0.2559524711141478
2210,,,,guo_los,guo_los,clinicalbert_type1_clinicalbert_pool,rf,2,2,brier,0.2851753986332574
2211,,,,guo_los,guo_los,clinicalbert_type1_clinicalbert_pool,rf,3,2,auroc,0.4747369163866028
2212,,,,guo_los,guo_los,clinicalbert_type1_clinicalbert_pool,rf,3,2,auprc,0.2418160322063752
2213,,,,guo_los,guo_los,clinicalbert_type1_clinicalbert_pool,rf,3,2,brier,0.38594077448747155
2214,,,,guo_los,guo_los,clinicalbert_type1_clinicalbert_pool,rf,4,2,auroc,0.5222827189570157
2215,,,,guo_los,guo_los,clinicalbert_type1_clinicalbert_pool,rf,4,2,auprc,0.2631629688349529
2216,,,,guo_los,guo_los,clinicalbert_type1_clinicalbert_pool,rf,4,2,brier,0.22922277904328017
2217,,,,guo_los,guo_los,clinicalbert_type1_clinicalbert_pool,rf,0,4,auroc,0.45191005760053626
2218,,,,guo_los,guo_los,clinicalbert_type1_clinicalbert_pool,rf,0,4,auprc,0.23368491764962054
2219,,,,guo_los,guo_los,clinicalbert_type1_clinicalbert_pool,rf,0,4,brier,0.2567027334851937
2220,,,,guo_los,guo_los,clinicalbert_type1_clinicalbert_pool,rf,1,4,auroc,0.4825991029135463
2221,,,,guo_los,guo_los,clinicalbert_type1_clinicalbert_pool,rf,1,4,auprc,0.2424676544360996
2222,,,,guo_los,guo_los,clinicalbert_type1_clinicalbert_pool,rf,1,4,brier,0.322874715261959
2223,,,,guo_los,guo_los,clinicalbert_type1_clinicalbert_pool,rf,2,4,auroc,0.491299827110182
2224,,,,guo_los,guo_los,clinicalbert_type1_clinicalbert_pool,rf,2,4,auprc,0.2644514804152696
2225,,,,guo_los,guo_los,clinicalbert_type1_clinicalbert_pool,rf,2,4,brier,0.29044719817767656
2226,,,,guo_los,guo_los,clinicalbert_type1_clinicalbert_pool,rf,3,4,auroc,0.45447087776866285
2227,,,,guo_los,guo_los,clinicalbert_type1_clinicalbert_pool,rf,3,4,auprc,0.23352120218937367
2228,,,,guo_los,guo_los,clinicalbert_type1_clinicalbert_pool,rf,3,4,brier,0.2852118451025057
2229,,,,guo_los,guo_los,clinicalbert_type1_clinicalbert_pool,rf,4,4,auroc,0.46421026400980886
2230,,,,guo_los,guo_los,clinicalbert_type1_clinicalbert_pool,rf,4,4,auprc,0.23546003292623272
2231,,,,guo_los,guo_los,clinicalbert_type1_clinicalbert_pool,rf,4,4,brier,0.3666332574031891
2232,,,,guo_los,guo_los,clinicalbert_type1_clinicalbert_pool,rf,0,8,auroc,0.5437362724602396
2233,,,,guo_los,guo_los,clinicalbert_type1_clinicalbert_pool,rf,0,8,auprc,0.2891206180592849
2234,,,,guo_los,guo_los,clinicalbert_type1_clinicalbert_pool,rf,0,8,brier,0.26661731207289296
2235,,,,guo_los,guo_los,clinicalbert_type1_clinicalbert_pool,rf,1,8,auroc,0.44649567334409485
2236,,,,guo_los,guo_los,clinicalbert_type1_clinicalbert_pool,rf,1,8,auprc,0.22775196479087173
2237,,,,guo_los,guo_los,clinicalbert_type1_clinicalbert_pool,rf,1,8,brier,0.33168564920273347
2238,,,,guo_los,guo_los,clinicalbert_type1_clinicalbert_pool,rf,2,8,auroc,0.4782785113833832
2239,,,,guo_los,guo_los,clinicalbert_type1_clinicalbert_pool,rf,2,8,auprc,0.24619696008435962
2240,,,,guo_los,guo_los,clinicalbert_type1_clinicalbert_pool,rf,2,8,brier,0.3053029612756264
2241,,,,guo_los,guo_los,clinicalbert_type1_clinicalbert_pool,rf,3,8,auroc,0.44737886686601924
2242,,,,guo_los,guo_los,clinicalbert_type1_clinicalbert_pool,rf,3,8,auprc,0.23063524695865442
2243,,,,guo_los,guo_los,clinicalbert_type1_clinicalbert_pool,rf,3,8,brier,0.29565375854214127
2244,,,,guo_los,guo_los,clinicalbert_type1_clinicalbert_pool,rf,4,8,auroc,0.4952008741520901
2245,,,,guo_los,guo_los,clinicalbert_type1_clinicalbert_pool,rf,4,8,auprc,0.250980306433175
2246,,,,guo_los,guo_los,clinicalbert_type1_clinicalbert_pool,rf,4,8,brier,0.29715644646924827
2247,,,,guo_los,guo_los,clinicalbert_type1_clinicalbert_pool,rf,0,12,auroc,0.5069155927209859
2248,,,,guo_los,guo_los,clinicalbert_type1_clinicalbert_pool,rf,0,12,auprc,0.2528368917789048
2249,,,,guo_los,guo_los,clinicalbert_type1_clinicalbert_pool,rf,0,12,brier,0.26543052391799543
2250,,,,guo_los,guo_los,clinicalbert_type1_clinicalbert_pool,rf,1,12,auroc,0.47685283195286104
2251,,,,guo_los,guo_los,clinicalbert_type1_clinicalbert_pool,rf,1,12,auprc,0.23648048238595587
2252,,,,guo_los,guo_los,clinicalbert_type1_clinicalbert_pool,rf,1,12,brier,0.28865945330296133
2253,,,,guo_los,guo_los,clinicalbert_type1_clinicalbert_pool,rf,2,12,auroc,0.5007475720447749
2254,,,,guo_los,guo_los,clinicalbert_type1_clinicalbert_pool,rf,2,12,auprc,0.2751078208353987
2255,,,,guo_los,guo_los,clinicalbert_type1_clinicalbert_pool,rf,2,12,brier,0.2617179043280182
2256,,,,guo_los,guo_los,clinicalbert_type1_clinicalbert_pool,rf,3,12,auroc,0.47203441036633237
2257,,,,guo_los,guo_los,clinicalbert_type1_clinicalbert_pool,rf,3,12,auprc,0.23954843481780627
2258,,,,guo_los,guo_los,clinicalbert_type1_clinicalbert_pool,rf,3,12,brier,0.2640865603644647
2259,,,,guo_los,guo_los,clinicalbert_type1_clinicalbert_pool,rf,4,12,auroc,0.49619046988982685
2260,,,,guo_los,guo_los,clinicalbert_type1_clinicalbert_pool,rf,4,12,auprc,0.25261028917971223
2261,,,,guo_los,guo_los,clinicalbert_type1_clinicalbert_pool,rf,4,12,brier,0.30382004555808656
2262,,,,guo_los,guo_los,clinicalbert_type1_clinicalbert_pool,rf,0,16,auroc,0.49591812432189264
2263,,,,guo_los,guo_los,clinicalbert_type1_clinicalbert_pool,rf,0,16,auprc,0.2494679504946471
2264,,,,guo_los,guo_los,clinicalbert_type1_clinicalbert_pool,rf,0,16,brier,0.293120728929385
2265,,,,guo_los,guo_los,clinicalbert_type1_clinicalbert_pool,rf,1,16,auroc,0.48918611677119445
2266,,,,guo_los,guo_los,clinicalbert_type1_clinicalbert_pool,rf,1,16,auprc,0.25689787506214173
2267,,,,guo_los,guo_los,clinicalbert_type1_clinicalbert_pool,rf,1,16,brier,0.2625239179954442
2268,,,,guo_los,guo_los,clinicalbert_type1_clinicalbert_pool,rf,2,16,auroc,0.5148422821455979
2269,,,,guo_los,guo_los,clinicalbert_type1_clinicalbert_pool,rf,2,16,auprc,0.2607878685227122
2270,,,,guo_los,guo_los,clinicalbert_type1_clinicalbert_pool,rf,2,16,brier,0.27453530751708427
2271,,,,guo_los,guo_los,clinicalbert_type1_clinicalbert_pool,rf,3,16,auroc,0.46452285497543383
2272,,,,guo_los,guo_los,clinicalbert_type1_clinicalbert_pool,rf,3,16,auprc,0.235078051913654
2273,,,,guo_los,guo_los,clinicalbert_type1_clinicalbert_pool,rf,3,16,brier,0.25758542141230073
2274,,,,guo_los,guo_los,clinicalbert_type1_clinicalbert_pool,rf,4,16,auroc,0.5221206347526175
2275,,,,guo_los,guo_los,clinicalbert_type1_clinicalbert_pool,rf,4,16,auprc,0.2698861950622003
2276,,,,guo_los,guo_los,clinicalbert_type1_clinicalbert_pool,rf,4,16,brier,0.30579954441913443
2277,,,,guo_los,guo_los,clinicalbert_type1_clinicalbert_pool,rf,0,24,auroc,0.5055891485176464
2278,,,,guo_los,guo_los,clinicalbert_type1_clinicalbert_pool,rf,0,24,auprc,0.26255107451571263
2279,,,,guo_los,guo_los,clinicalbert_type1_clinicalbert_pool,rf,0,24,brier,0.27937616683799316
2280,,,,guo_los,guo_los,clinicalbert_type1_clinicalbert_pool,rf,1,24,auroc,0.5373736404773876
2281,,,,guo_los,guo_los,clinicalbert_type1_clinicalbert_pool,rf,1,24,auprc,0.2737643592428925
2282,,,,guo_los,guo_los,clinicalbert_type1_clinicalbert_pool,rf,1,24,brier,0.2481189977220957
2283,,,,guo_los,guo_los,clinicalbert_type1_clinicalbert_pool,rf,2,24,auroc,0.5297396949729638
2284,,,,guo_los,guo_los,clinicalbert_type1_clinicalbert_pool,rf,2,24,auprc,0.2827172832955135
2285,,,,guo_los,guo_los,clinicalbert_type1_clinicalbert_pool,rf,2,24,brier,0.282616993166287
2286,,,,guo_los,guo_los,clinicalbert_type1_clinicalbert_pool,rf,3,24,auroc,0.47357476161493206
2287,,,,guo_los,guo_los,clinicalbert_type1_clinicalbert_pool,rf,3,24,auprc,0.24388759014479655
2288,,,,guo_los,guo_los,clinicalbert_type1_clinicalbert_pool,rf,3,24,brier,0.27276195899772215
2289,,,,guo_los,guo_los,clinicalbert_type1_clinicalbert_pool,rf,4,24,auroc,0.4721760962184763
2290,,,,guo_los,guo_los,clinicalbert_type1_clinicalbert_pool,rf,4,24,auprc,0.23724931460142065
2291,,,,guo_los,guo_los,clinicalbert_type1_clinicalbert_pool,rf,4,24,brier,0.31395216400911163
2292,,,,guo_los,guo_los,clinicalbert_type1_clinicalbert_pool,rf,0,32,auroc,0.48609218291037076
2293,,,,guo_los,guo_los,clinicalbert_type1_clinicalbert_pool,rf,0,32,auprc,0.244742114095591
2294,,,,guo_los,guo_los,clinicalbert_type1_clinicalbert_pool,rf,0,32,brier,0.28046583143507975
2295,,,,guo_los,guo_los,clinicalbert_type1_clinicalbert_pool,rf,1,32,auroc,0.5036391763035097
2296,,,,guo_los,guo_los,clinicalbert_type1_clinicalbert_pool,rf,1,32,auprc,0.2541459944729926
2297,,,,guo_los,guo_los,clinicalbert_type1_clinicalbert_pool,rf,1,32,brier,0.24854897494305242
2298,,,,guo_los,guo_los,clinicalbert_type1_clinicalbert_pool,rf,2,32,auroc,0.5183811206082898
2299,,,,guo_los,guo_los,clinicalbert_type1_clinicalbert_pool,rf,2,32,auprc,0.2635664814709544
2300,,,,guo_los,guo_los,clinicalbert_type1_clinicalbert_pool,rf,2,32,brier,0.32442369020501133
2301,,,,guo_los,guo_los,clinicalbert_type1_clinicalbert_pool,rf,3,32,auroc,0.5038244153942505
2302,,,,guo_los,guo_los,clinicalbert_type1_clinicalbert_pool,rf,3,32,auprc,0.2553351553271303
2303,,,,guo_los,guo_los,clinicalbert_type1_clinicalbert_pool,rf,3,32,brier,0.25882013270953685
2304,,,,guo_los,guo_los,clinicalbert_type1_clinicalbert_pool,rf,4,32,auroc,0.4740990543985464
2305,,,,guo_los,guo_los,clinicalbert_type1_clinicalbert_pool,rf,4,32,auprc,0.23565124455672198
2306,,,,guo_los,guo_los,clinicalbert_type1_clinicalbert_pool,rf,4,32,brier,0.28961275626423694
2307,,,,guo_los,guo_los,clinicalbert_type1_clinicalbert_pool,rf,0,48,auroc,0.529504838268632
2308,,,,guo_los,guo_los,clinicalbert_type1_clinicalbert_pool,rf,0,48,auprc,0.26974723019439084
2309,,,,guo_los,guo_los,clinicalbert_type1_clinicalbert_pool,rf,0,48,brier,0.2590155315612967
2310,,,,guo_los,guo_los,clinicalbert_type1_clinicalbert_pool,rf,1,48,auroc,0.5555783429040196
2311,,,,guo_los,guo_los,clinicalbert_type1_clinicalbert_pool,rf,1,48,auprc,0.2810153208365916
2312,,,,guo_los,guo_los,clinicalbert_type1_clinicalbert_pool,rf,1,48,brier,0.266003416856492
2313,,,,guo_los,guo_los,clinicalbert_type1_clinicalbert_pool,rf,2,48,auroc,0.5546791614843826
2314,,,,guo_los,guo_los,clinicalbert_type1_clinicalbert_pool,rf,2,48,auprc,0.2929801397379963
2315,,,,guo_los,guo_los,clinicalbert_type1_clinicalbert_pool,rf,2,48,brier,0.25524897494305243
2316,,,,guo_los,guo_los,clinicalbert_type1_clinicalbert_pool,rf,3,48,auroc,0.5089675566963932
2317,,,,guo_los,guo_los,clinicalbert_type1_clinicalbert_pool,rf,3,48,auprc,0.2567312563041863
2318,,,,guo_los,guo_los,clinicalbert_type1_clinicalbert_pool,rf,3,48,brier,0.27678359908883826
2319,,,,guo_los,guo_los,clinicalbert_type1_clinicalbert_pool,rf,4,48,auroc,0.5128807324882902
2320,,,,guo_los,guo_los,clinicalbert_type1_clinicalbert_pool,rf,4,48,auprc,0.25094233291377455
2321,,,,guo_los,guo_los,clinicalbert_type1_clinicalbert_pool,rf,4,48,brier,0.26665071627436093
2322,,,,guo_los,guo_los,clinicalbert_type1_clinicalbert_pool,rf,0,64,auroc,0.5722493097638643
2323,,,,guo_los,guo_los,clinicalbert_type1_clinicalbert_pool,rf,0,64,auprc,0.28879025821898086
2324,,,,guo_los,guo_los,clinicalbert_type1_clinicalbert_pool,rf,0,64,brier,0.25661731207289296
2325,,,,guo_los,guo_los,clinicalbert_type1_clinicalbert_pool,rf,1,64,auroc,0.5124694576023004
2326,,,,guo_los,guo_los,clinicalbert_type1_clinicalbert_pool,rf,1,64,auprc,0.2696378035419609
2327,,,,guo_los,guo_los,clinicalbert_type1_clinicalbert_pool,rf,1,64,brier,0.26180248904697084
2328,,,,guo_los,guo_los,clinicalbert_type1_clinicalbert_pool,rf,2,64,auroc,0.5801302407226088
2329,,,,guo_los,guo_los,clinicalbert_type1_clinicalbert_pool,rf,2,64,auprc,0.31106790961406056
2330,,,,guo_los,guo_los,clinicalbert_type1_clinicalbert_pool,rf,2,64,brier,0.24979961142214024
2331,,,,guo_los,guo_los,clinicalbert_type1_clinicalbert_pool,rf,3,64,auroc,0.5484074951264477
2332,,,,guo_los,guo_los,clinicalbert_type1_clinicalbert_pool,rf,3,64,auprc,0.2657087529494694
2333,,,,guo_los,guo_los,clinicalbert_type1_clinicalbert_pool,rf,3,64,brier,0.25228878816706557
2334,,,,guo_los,guo_los,clinicalbert_type1_clinicalbert_pool,rf,4,64,auroc,0.5242993992960914
2335,,,,guo_los,guo_los,clinicalbert_type1_clinicalbert_pool,rf,4,64,auprc,0.2672833408397397
2336,,,,guo_los,guo_los,clinicalbert_type1_clinicalbert_pool,rf,4,64,brier,0.2795223899156713
2337,,,,guo_los,guo_los,clinicalbert_type1_clinicalbert_pool,rf,0,128,auroc,0.6066492012666825
2338,,,,guo_los,guo_los,clinicalbert_type1_clinicalbert_pool,rf,0,128,auprc,0.31711606782281104
2339,,,,guo_los,guo_los,clinicalbert_type1_clinicalbert_pool,rf,0,128,brier,0.24192593670670917
2340,,,,guo_los,guo_los,clinicalbert_type1_clinicalbert_pool,rf,1,128,auroc,0.5791935704393695
2341,,,,guo_los,guo_los,clinicalbert_type1_clinicalbert_pool,rf,1,128,auprc,0.2911709241318127
2342,,,,guo_los,guo_los,clinicalbert_type1_clinicalbert_pool,rf,1,128,brier,0.249005284738041
2343,,,,guo_los,guo_los,clinicalbert_type1_clinicalbert_pool,rf,2,128,auroc,0.582493141743188
2344,,,,guo_los,guo_los,clinicalbert_type1_clinicalbert_pool,rf,2,128,auprc,0.29307265778260766
2345,,,,guo_los,guo_los,clinicalbert_type1_clinicalbert_pool,rf,2,128,brier,0.24490799986724038
2346,,,,guo_los,guo_los,clinicalbert_type1_clinicalbert_pool,rf,3,128,auroc,0.5380837236585603
2347,,,,guo_los,guo_los,clinicalbert_type1_clinicalbert_pool,rf,3,128,auprc,0.26704130137594945
2348,,,,guo_los,guo_los,clinicalbert_type1_clinicalbert_pool,rf,3,128,brier,0.253454715261959
2349,,,,guo_los,guo_los,clinicalbert_type1_clinicalbert_pool,rf,4,128,auroc,0.5168848739051046
2350,,,,guo_los,guo_los,clinicalbert_type1_clinicalbert_pool,rf,4,128,auprc,0.25878090707851004
2351,,,,guo_los,guo_los,clinicalbert_type1_clinicalbert_pool,rf,4,128,brier,0.26604328018223233
2352,,,,guo_los,guo_los,clinicalbert_type2_max_pool,lr_lbfgs,0,-1,auroc,0.7431241013698872
2353,,,,guo_los,guo_los,clinicalbert_type2_max_pool,lr_lbfgs,0,-1,auprc,0.45078288113639725
2354,,,,guo_los,guo_los,clinicalbert_type2_max_pool,lr_lbfgs,0,-1,brier,0.16353905332603613
2355,,,,guo_los,guo_los,clinicalbert_type2_max_pool,lr_lbfgs,0,1,auroc,0.5231945804334596
2356,,,,guo_los,guo_los,clinicalbert_type2_max_pool,lr_lbfgs,0,1,auprc,0.2743652204785724
2357,,,,guo_los,guo_los,clinicalbert_type2_max_pool,lr_lbfgs,0,1,brier,0.24999664601224117
2358,,,,guo_los,guo_los,clinicalbert_type2_max_pool,lr_lbfgs,1,1,auroc,0.5191038838462692
2359,,,,guo_los,guo_los,clinicalbert_type2_max_pool,lr_lbfgs,1,1,auprc,0.26522919300583037
2360,,,,guo_los,guo_los,clinicalbert_type2_max_pool,lr_lbfgs,1,1,brier,0.2499957846163826
2361,,,,guo_los,guo_los,clinicalbert_type2_max_pool,lr_lbfgs,2,1,auroc,0.48305503365176805
2362,,,,guo_los,guo_los,clinicalbert_type2_max_pool,lr_lbfgs,2,1,auprc,0.23414568663396435
2363,,,,guo_los,guo_los,clinicalbert_type2_max_pool,lr_lbfgs,2,1,brier,0.2500041215152684
2364,,,,guo_los,guo_los,clinicalbert_type2_max_pool,lr_lbfgs,3,1,auroc,0.4209800912081999
2365,,,,guo_los,guo_los,clinicalbert_type2_max_pool,lr_lbfgs,3,1,auprc,0.21066578339398823
2366,,,,guo_los,guo_los,clinicalbert_type2_max_pool,lr_lbfgs,3,1,brier,0.2500008108209383
2367,,,,guo_los,guo_los,clinicalbert_type2_max_pool,lr_lbfgs,4,1,auroc,0.5340553247417679
2368,,,,guo_los,guo_los,clinicalbert_type2_max_pool,lr_lbfgs,4,1,auprc,0.2871116510080097
2369,,,,guo_los,guo_los,clinicalbert_type2_max_pool,lr_lbfgs,4,1,brier,0.2499967899056941
2370,,,,guo_los,guo_los,clinicalbert_type2_max_pool,lr_lbfgs,0,2,auroc,0.4957714767083895
2371,,,,guo_los,guo_los,clinicalbert_type2_max_pool,lr_lbfgs,0,2,auprc,0.25475195748031265
2372,,,,guo_los,guo_los,clinicalbert_type2_max_pool,lr_lbfgs,0,2,brier,0.24999966108330215
2373,,,,guo_los,guo_los,clinicalbert_type2_max_pool,lr_lbfgs,1,2,auroc,0.5149613644182169
2374,,,,guo_los,guo_los,clinicalbert_type2_max_pool,lr_lbfgs,1,2,auprc,0.25645961976732934
2375,,,,guo_los,guo_los,clinicalbert_type2_max_pool,lr_lbfgs,1,2,brier,0.25573939043902927
2376,,,,guo_los,guo_los,clinicalbert_type2_max_pool,lr_lbfgs,2,2,auroc,0.5268596681574003
2377,,,,guo_los,guo_los,clinicalbert_type2_max_pool,lr_lbfgs,2,2,auprc,0.25186513504968444
2378,,,,guo_los,guo_los,clinicalbert_type2_max_pool,lr_lbfgs,2,2,brier,0.2500022338064361
2379,,,,guo_los,guo_los,clinicalbert_type2_max_pool,lr_lbfgs,3,2,auroc,0.47207189922993464
2380,,,,guo_los,guo_los,clinicalbert_type2_max_pool,lr_lbfgs,3,2,auprc,0.2288331923668299
2381,,,,guo_los,guo_los,clinicalbert_type2_max_pool,lr_lbfgs,3,2,brier,0.2500035705753559
2382,,,,guo_los,guo_los,clinicalbert_type2_max_pool,lr_lbfgs,4,2,auroc,0.519780888618381
2383,,,,guo_los,guo_los,clinicalbert_type2_max_pool,lr_lbfgs,4,2,auprc,0.26623187626494854
2384,,,,guo_los,guo_los,clinicalbert_type2_max_pool,lr_lbfgs,4,2,brier,0.24999576138604268
2385,,,,guo_los,guo_los,clinicalbert_type2_max_pool,lr_lbfgs,0,4,auroc,0.5217336173666058
2386,,,,guo_los,guo_los,clinicalbert_type2_max_pool,lr_lbfgs,0,4,auprc,0.273042774929599
2387,,,,guo_los,guo_los,clinicalbert_type2_max_pool,lr_lbfgs,0,4,brier,0.249996769050135
2388,,,,guo_los,guo_los,clinicalbert_type2_max_pool,lr_lbfgs,1,4,auroc,0.5994072349096298
2389,,,,guo_los,guo_los,clinicalbert_type2_max_pool,lr_lbfgs,1,4,auprc,0.32954062025398967
2390,,,,guo_los,guo_los,clinicalbert_type2_max_pool,lr_lbfgs,1,4,brier,0.29623223067283455
2391,,,,guo_los,guo_los,clinicalbert_type2_max_pool,lr_lbfgs,2,4,auroc,0.5910218582127074
2392,,,,guo_los,guo_los,clinicalbert_type2_max_pool,lr_lbfgs,2,4,auprc,0.31063076279867263
2393,,,,guo_los,guo_los,clinicalbert_type2_max_pool,lr_lbfgs,2,4,brier,0.2494857770929359
2394,,,,guo_los,guo_los,clinicalbert_type2_max_pool,lr_lbfgs,3,4,auroc,0.43902987641906377
2395,,,,guo_los,guo_los,clinicalbert_type2_max_pool,lr_lbfgs,3,4,auprc,0.2188518827305924
2396,,,,guo_los,guo_los,clinicalbert_type2_max_pool,lr_lbfgs,3,4,brier,0.3935270346848285
2397,,,,guo_los,guo_los,clinicalbert_type2_max_pool,lr_lbfgs,4,4,auroc,0.5459381918900562
2398,,,,guo_los,guo_los,clinicalbert_type2_max_pool,lr_lbfgs,4,4,auprc,0.29243961120919437
2399,,,,guo_los,guo_los,clinicalbert_type2_max_pool,lr_lbfgs,4,4,brier,0.427912978395734
2400,,,,guo_los,guo_los,clinicalbert_type2_max_pool,lr_lbfgs,0,8,auroc,0.515568904531301
2401,,,,guo_los,guo_los,clinicalbert_type2_max_pool,lr_lbfgs,0,8,auprc,0.2651259555228723
2402,,,,guo_los,guo_los,clinicalbert_type2_max_pool,lr_lbfgs,0,8,brier,0.24999343717038394
2403,,,,guo_los,guo_los,clinicalbert_type2_max_pool,lr_lbfgs,1,8,auroc,0.5373411133751445
2404,,,,guo_los,guo_los,clinicalbert_type2_max_pool,lr_lbfgs,1,8,auprc,0.2977164895140887
2405,,,,guo_los,guo_los,clinicalbert_type2_max_pool,lr_lbfgs,1,8,brier,0.2500007535135634
2406,,,,guo_los,guo_los,clinicalbert_type2_max_pool,lr_lbfgs,2,8,auroc,0.604086727178103
2407,,,,guo_los,guo_los,clinicalbert_type2_max_pool,lr_lbfgs,2,8,auprc,0.321246715670956
2408,,,,guo_los,guo_los,clinicalbert_type2_max_pool,lr_lbfgs,2,8,brier,0.36238033854257573
2409,,,,guo_los,guo_los,clinicalbert_type2_max_pool,lr_lbfgs,3,8,auroc,0.4790304938826996
2410,,,,guo_los,guo_los,clinicalbert_type2_max_pool,lr_lbfgs,3,8,auprc,0.2378539914490726
2411,,,,guo_los,guo_los,clinicalbert_type2_max_pool,lr_lbfgs,3,8,brier,0.41672481729823524
2412,,,,guo_los,guo_los,clinicalbert_type2_max_pool,lr_lbfgs,4,8,auroc,0.5892069561689027
2413,,,,guo_los,guo_los,clinicalbert_type2_max_pool,lr_lbfgs,4,8,auprc,0.31084380148507296
2414,,,,guo_los,guo_los,clinicalbert_type2_max_pool,lr_lbfgs,4,8,brier,0.48321077430842657
2415,,,,guo_los,guo_los,clinicalbert_type2_max_pool,lr_lbfgs,0,12,auroc,0.5065098309031728
2416,,,,guo_los,guo_los,clinicalbert_type2_max_pool,lr_lbfgs,0,12,auprc,0.25374966203397
2417,,,,guo_los,guo_los,clinicalbert_type2_max_pool,lr_lbfgs,0,12,brier,0.27637788784878065
2418,,,,guo_los,guo_los,clinicalbert_type2_max_pool,lr_lbfgs,1,12,auroc,0.6016301039985181
2419,,,,guo_los,guo_los,clinicalbert_type2_max_pool,lr_lbfgs,1,12,auprc,0.31616566482647523
2420,,,,guo_los,guo_los,clinicalbert_type2_max_pool,lr_lbfgs,1,12,brier,0.3447483457460509
2421,,,,guo_los,guo_los,clinicalbert_type2_max_pool,lr_lbfgs,2,12,auroc,0.6262768265897484
2422,,,,guo_los,guo_los,clinicalbert_type2_max_pool,lr_lbfgs,2,12,auprc,0.33169355817689333
2423,,,,guo_los,guo_los,clinicalbert_type2_max_pool,lr_lbfgs,2,12,brier,0.3540800415203651
2424,,,,guo_los,guo_los,clinicalbert_type2_max_pool,lr_lbfgs,3,12,auroc,0.5442401668915998
2425,,,,guo_los,guo_los,clinicalbert_type2_max_pool,lr_lbfgs,3,12,auprc,0.2874893858943587
2426,,,,guo_los,guo_los,clinicalbert_type2_max_pool,lr_lbfgs,3,12,brier,0.3022430252113202
2427,,,,guo_los,guo_los,clinicalbert_type2_max_pool,lr_lbfgs,4,12,auroc,0.5828305415156085
2428,,,,guo_los,guo_los,clinicalbert_type2_max_pool,lr_lbfgs,4,12,auprc,0.31639297077353556
2429,,,,guo_los,guo_los,clinicalbert_type2_max_pool,lr_lbfgs,4,12,brier,0.2804917009111777
2430,,,,guo_los,guo_los,clinicalbert_type2_max_pool,lr_lbfgs,0,16,auroc,0.5223687228205739
2431,,,,guo_los,guo_los,clinicalbert_type2_max_pool,lr_lbfgs,0,16,auprc,0.26265360315664055
2432,,,,guo_los,guo_los,clinicalbert_type2_max_pool,lr_lbfgs,0,16,brier,0.27439902935352073
2433,,,,guo_los,guo_los,clinicalbert_type2_max_pool,lr_lbfgs,1,16,auroc,0.6254895604541004
2434,,,,guo_los,guo_los,clinicalbert_type2_max_pool,lr_lbfgs,1,16,auprc,0.3322975520230152
2435,,,,guo_los,guo_los,clinicalbert_type2_max_pool,lr_lbfgs,1,16,brier,0.36447765658338904
2436,,,,guo_los,guo_los,clinicalbert_type2_max_pool,lr_lbfgs,2,16,auroc,0.545565508481304
2437,,,,guo_los,guo_los,clinicalbert_type2_max_pool,lr_lbfgs,2,16,auprc,0.2615443915702326
2438,,,,guo_los,guo_los,clinicalbert_type2_max_pool,lr_lbfgs,2,16,brier,0.24958211264121333
2439,,,,guo_los,guo_los,clinicalbert_type2_max_pool,lr_lbfgs,3,16,auroc,0.4992292730688825
2440,,,,guo_los,guo_los,clinicalbert_type2_max_pool,lr_lbfgs,3,16,auprc,0.24721534695813885
2441,,,,guo_los,guo_los,clinicalbert_type2_max_pool,lr_lbfgs,3,16,brier,0.24972064093317853
2442,,,,guo_los,guo_los,clinicalbert_type2_max_pool,lr_lbfgs,4,16,auroc,0.5716776045939294
2443,,,,guo_los,guo_los,clinicalbert_type2_max_pool,lr_lbfgs,4,16,auprc,0.29470294656532814
2444,,,,guo_los,guo_los,clinicalbert_type2_max_pool,lr_lbfgs,4,16,brier,0.30377172446188766
2445,,,,guo_los,guo_los,clinicalbert_type2_max_pool,lr_lbfgs,0,24,auroc,0.5844304339005177
2446,,,,guo_los,guo_los,clinicalbert_type2_max_pool,lr_lbfgs,0,24,auprc,0.29933892489057373
2447,,,,guo_los,guo_los,clinicalbert_type2_max_pool,lr_lbfgs,0,24,brier,0.388605657669749
2448,,,,guo_los,guo_los,clinicalbert_type2_max_pool,lr_lbfgs,1,24,auroc,0.6074100046750819
2449,,,,guo_los,guo_los,clinicalbert_type2_max_pool,lr_lbfgs,1,24,auprc,0.31580639538861965
2450,,,,guo_los,guo_los,clinicalbert_type2_max_pool,lr_lbfgs,1,24,brier,0.36983985435321903
2451,,,,guo_los,guo_los,clinicalbert_type2_max_pool,lr_lbfgs,2,24,auroc,0.5819572715164024
2452,,,,guo_los,guo_los,clinicalbert_type2_max_pool,lr_lbfgs,2,24,auprc,0.29600852147650836
2453,,,,guo_los,guo_los,clinicalbert_type2_max_pool,lr_lbfgs,2,24,brier,0.24947959450463586
2454,,,,guo_los,guo_los,clinicalbert_type2_max_pool,lr_lbfgs,3,24,auroc,0.5663916748260075
2455,,,,guo_los,guo_los,clinicalbert_type2_max_pool,lr_lbfgs,3,24,auprc,0.30275989595733355
2456,,,,guo_los,guo_los,clinicalbert_type2_max_pool,lr_lbfgs,3,24,brier,0.3279419850016825
2457,,,,guo_los,guo_los,clinicalbert_type2_max_pool,lr_lbfgs,4,24,auroc,0.5182725131652067
2458,,,,guo_los,guo_los,clinicalbert_type2_max_pool,lr_lbfgs,4,24,auprc,0.2499753926436426
2459,,,,guo_los,guo_los,clinicalbert_type2_max_pool,lr_lbfgs,4,24,brier,0.25000203232764956
2460,,,,guo_los,guo_los,clinicalbert_type2_max_pool,lr_lbfgs,0,32,auroc,0.5470303306958815
2461,,,,guo_los,guo_los,clinicalbert_type2_max_pool,lr_lbfgs,0,32,auprc,0.2684528673485801
2462,,,,guo_los,guo_los,clinicalbert_type2_max_pool,lr_lbfgs,0,32,brier,0.4188385914906244
2463,,,,guo_los,guo_los,clinicalbert_type2_max_pool,lr_lbfgs,1,32,auroc,0.6250264627272486
2464,,,,guo_los,guo_los,clinicalbert_type2_max_pool,lr_lbfgs,1,32,auprc,0.3326453928402391
2465,,,,guo_los,guo_los,clinicalbert_type2_max_pool,lr_lbfgs,1,32,brier,0.36168542062738956
2466,,,,guo_los,guo_los,clinicalbert_type2_max_pool,lr_lbfgs,2,32,auroc,0.6548301092910636
2467,,,,guo_los,guo_los,clinicalbert_type2_max_pool,lr_lbfgs,2,32,auprc,0.3610967340003575
2468,,,,guo_los,guo_los,clinicalbert_type2_max_pool,lr_lbfgs,2,32,brier,0.24996833539492375
2469,,,,guo_los,guo_los,clinicalbert_type2_max_pool,lr_lbfgs,3,32,auroc,0.5830808348108356
2470,,,,guo_los,guo_los,clinicalbert_type2_max_pool,lr_lbfgs,3,32,auprc,0.31131121314956467
2471,,,,guo_los,guo_los,clinicalbert_type2_max_pool,lr_lbfgs,3,32,brier,0.2500963066226551
2472,,,,guo_los,guo_los,clinicalbert_type2_max_pool,lr_lbfgs,4,32,auroc,0.5769888944754646
2473,,,,guo_los,guo_los,clinicalbert_type2_max_pool,lr_lbfgs,4,32,auprc,0.28925050846561007
2474,,,,guo_los,guo_los,clinicalbert_type2_max_pool,lr_lbfgs,4,32,brier,0.3988052607693296
2475,,,,guo_los,guo_los,clinicalbert_type2_max_pool,lr_lbfgs,0,48,auroc,0.6082099508675365
2476,,,,guo_los,guo_los,clinicalbert_type2_max_pool,lr_lbfgs,0,48,auprc,0.31782108954073507
2477,,,,guo_los,guo_los,clinicalbert_type2_max_pool,lr_lbfgs,0,48,brier,0.3904685011464884
2478,,,,guo_los,guo_los,clinicalbert_type2_max_pool,lr_lbfgs,1,48,auroc,0.6340480474917746
2479,,,,guo_los,guo_los,clinicalbert_type2_max_pool,lr_lbfgs,1,48,auprc,0.3361140404488909
2480,,,,guo_los,guo_los,clinicalbert_type2_max_pool,lr_lbfgs,1,48,brier,0.372057950765638
2481,,,,guo_los,guo_los,clinicalbert_type2_max_pool,lr_lbfgs,2,48,auroc,0.6736362874557852
2482,,,,guo_los,guo_los,clinicalbert_type2_max_pool,lr_lbfgs,2,48,auprc,0.3771957447740122
2483,,,,guo_los,guo_los,clinicalbert_type2_max_pool,lr_lbfgs,2,48,brier,0.2500010136710007
2484,,,,guo_los,guo_los,clinicalbert_type2_max_pool,lr_lbfgs,3,48,auroc,0.6409118173718983
2485,,,,guo_los,guo_los,clinicalbert_type2_max_pool,lr_lbfgs,3,48,auprc,0.33805283139848563
2486,,,,guo_los,guo_los,clinicalbert_type2_max_pool,lr_lbfgs,3,48,brier,0.2493113848547556
2487,,,,guo_los,guo_los,clinicalbert_type2_max_pool,lr_lbfgs,4,48,auroc,0.6218856677869222
2488,,,,guo_los,guo_los,clinicalbert_type2_max_pool,lr_lbfgs,4,48,auprc,0.33967492972545055
2489,,,,guo_los,guo_los,clinicalbert_type2_max_pool,lr_lbfgs,4,48,brier,0.3839327653809669
2490,,,,guo_los,guo_los,clinicalbert_type2_max_pool,lr_lbfgs,0,64,auroc,0.6609363836036942
2491,,,,guo_los,guo_los,clinicalbert_type2_max_pool,lr_lbfgs,0,64,auprc,0.3657261200356339
2492,,,,guo_los,guo_los,clinicalbert_type2_max_pool,lr_lbfgs,0,64,brier,0.24415777022681243
2493,,,,guo_los,guo_los,clinicalbert_type2_max_pool,lr_lbfgs,1,64,auroc,0.6294049414732682
2494,,,,guo_los,guo_los,clinicalbert_type2_max_pool,lr_lbfgs,1,64,auprc,0.3437863649775664
2495,,,,guo_los,guo_los,clinicalbert_type2_max_pool,lr_lbfgs,1,64,brier,0.37387278608360014
2496,,,,guo_los,guo_los,clinicalbert_type2_max_pool,lr_lbfgs,2,64,auroc,0.6905283283495196
2497,,,,guo_los,guo_los,clinicalbert_type2_max_pool,lr_lbfgs,2,64,auprc,0.39288830590312207
2498,,,,guo_los,guo_los,clinicalbert_type2_max_pool,lr_lbfgs,2,64,brier,0.220711522759166
2499,,,,guo_los,guo_los,clinicalbert_type2_max_pool,lr_lbfgs,3,64,auroc,0.6556879426993746
2500,,,,guo_los,guo_los,clinicalbert_type2_max_pool,lr_lbfgs,3,64,auprc,0.3518533909468603
2501,,,,guo_los,guo_los,clinicalbert_type2_max_pool,lr_lbfgs,3,64,brier,0.22976405577757697
2502,,,,guo_los,guo_los,clinicalbert_type2_max_pool,lr_lbfgs,4,64,auroc,0.6401135250998968
2503,,,,guo_los,guo_los,clinicalbert_type2_max_pool,lr_lbfgs,4,64,auprc,0.34324954345400965
2504,,,,guo_los,guo_los,clinicalbert_type2_max_pool,lr_lbfgs,4,64,brier,0.2395394726103622
2505,,,,guo_los,guo_los,clinicalbert_type2_max_pool,lr_lbfgs,0,128,auroc,0.7014464085668668
2506,,,,guo_los,guo_los,clinicalbert_type2_max_pool,lr_lbfgs,0,128,auprc,0.4054726463663529
2507,,,,guo_los,guo_los,clinicalbert_type2_max_pool,lr_lbfgs,0,128,brier,0.22514106924112656
2508,,,,guo_los,guo_los,clinicalbert_type2_max_pool,lr_lbfgs,1,128,auroc,0.6814284580168832
2509,,,,guo_los,guo_los,clinicalbert_type2_max_pool,lr_lbfgs,1,128,auprc,0.3733130631439707
2510,,,,guo_los,guo_los,clinicalbert_type2_max_pool,lr_lbfgs,1,128,brier,0.2368571927287958
2511,,,,guo_los,guo_los,clinicalbert_type2_max_pool,lr_lbfgs,2,128,auroc,0.6927192216429825
2512,,,,guo_los,guo_los,clinicalbert_type2_max_pool,lr_lbfgs,2,128,auprc,0.39110589557725417
2513,,,,guo_los,guo_los,clinicalbert_type2_max_pool,lr_lbfgs,2,128,brier,0.22182181179905158
2514,,,,guo_los,guo_los,clinicalbert_type2_max_pool,lr_lbfgs,3,128,auroc,0.673800576887454
2515,,,,guo_los,guo_los,clinicalbert_type2_max_pool,lr_lbfgs,3,128,auprc,0.3612119081321935
2516,,,,guo_los,guo_los,clinicalbert_type2_max_pool,lr_lbfgs,3,128,brier,0.2181261392937617
2517,,,,guo_los,guo_los,clinicalbert_type2_max_pool,lr_lbfgs,4,128,auroc,0.6711344571171505
2518,,,,guo_los,guo_los,clinicalbert_type2_max_pool,lr_lbfgs,4,128,auprc,0.3677038438429488
2519,,,,guo_los,guo_los,clinicalbert_type2_max_pool,lr_lbfgs,4,128,brier,0.22982673826623554
2520,,,,guo_los,guo_los,clinicalbert_type2_max_pool,knn,0,-1,auroc,0.6584985048559104
2521,,,,guo_los,guo_los,clinicalbert_type2_max_pool,knn,0,-1,auprc,0.3674753793893626
2522,,,,guo_los,guo_los,clinicalbert_type2_max_pool,knn,0,-1,brier,0.1974599515380258
2523,,,,guo_los,guo_los,clinicalbert_type2_max_pool,knn,0,1,auroc,0.5031347305653321
2524,,,,guo_los,guo_los,clinicalbert_type2_max_pool,knn,0,1,auprc,0.25267355877678394
2525,,,,guo_los,guo_los,clinicalbert_type2_max_pool,knn,0,1,brier,0.4646924829157175
2526,,,,guo_los,guo_los,clinicalbert_type2_max_pool,knn,1,1,auroc,0.49087642347420324
2527,,,,guo_los,guo_los,clinicalbert_type2_max_pool,knn,1,1,auprc,0.2481925171515314
2528,,,,guo_los,guo_los,clinicalbert_type2_max_pool,knn,1,1,brier,0.4173120728929385
2529,,,,guo_los,guo_los,clinicalbert_type2_max_pool,knn,2,1,auroc,0.5070004939709086
2530,,,,guo_los,guo_los,clinicalbert_type2_max_pool,knn,2,1,auprc,0.25415668329150204
2531,,,,guo_los,guo_los,clinicalbert_type2_max_pool,knn,2,1,brier,0.5849658314350797
2532,,,,guo_los,guo_los,clinicalbert_type2_max_pool,knn,3,1,auroc,0.4583768865719301
2533,,,,guo_los,guo_los,clinicalbert_type2_max_pool,knn,3,1,auprc,0.23700988446022472
2534,,,,guo_los,guo_los,clinicalbert_type2_max_pool,knn,3,1,brier,0.6874715261958998
2535,,,,guo_los,guo_los,clinicalbert_type2_max_pool,knn,4,1,auroc,0.5214656822532131
2536,,,,guo_los,guo_los,clinicalbert_type2_max_pool,knn,4,1,auprc,0.26023100184857895
2537,,,,guo_los,guo_los,clinicalbert_type2_max_pool,knn,4,1,brier,0.428246013667426
2538,,,,guo_los,guo_los,clinicalbert_type2_max_pool,knn,0,2,auroc,0.5000716698862985
2539,,,,guo_los,guo_los,clinicalbert_type2_max_pool,knn,0,2,auprc,0.2515076227721802
2540,,,,guo_los,guo_los,clinicalbert_type2_max_pool,knn,0,2,brier,0.3575803594026829
2541,,,,guo_los,guo_los,clinicalbert_type2_max_pool,knn,1,2,auroc,0.5083175659583477
2542,,,,guo_los,guo_los,clinicalbert_type2_max_pool,knn,1,2,auprc,0.25466024796229675
2543,,,,guo_los,guo_los,clinicalbert_type2_max_pool,knn,1,2,brier,0.6469248291571754
2544,,,,guo_los,guo_los,clinicalbert_type2_max_pool,knn,2,2,auroc,0.5432549816084046
2545,,,,guo_los,guo_los,clinicalbert_type2_max_pool,knn,2,2,auprc,0.27049460153959426
2546,,,,guo_los,guo_los,clinicalbert_type2_max_pool,knn,2,2,brier,0.24808909136927365
2547,,,,guo_los,guo_los,clinicalbert_type2_max_pool,knn,3,2,auroc,0.44250255806363403
2548,,,,guo_los,guo_los,clinicalbert_type2_max_pool,knn,3,2,auprc,0.23250903720287747
2549,,,,guo_los,guo_los,clinicalbert_type2_max_pool,knn,3,2,brier,0.6410022779043281
2550,,,,guo_los,guo_los,clinicalbert_type2_max_pool,knn,4,2,auroc,0.5123498240228638
2551,,,,guo_los,guo_los,clinicalbert_type2_max_pool,knn,4,2,auprc,0.25628573015021616
2552,,,,guo_los,guo_los,clinicalbert_type2_max_pool,knn,4,2,brier,0.516628701594533
2553,,,,guo_los,guo_los,clinicalbert_type2_max_pool,knn,0,4,auroc,0.5414466952464121
2554,,,,guo_los,guo_los,clinicalbert_type2_max_pool,knn,0,4,auprc,0.2691821895888917
2555,,,,guo_los,guo_los,clinicalbert_type2_max_pool,knn,0,4,brier,0.4496583143507973
2556,,,,guo_los,guo_los,clinicalbert_type2_max_pool,knn,1,4,auroc,0.534844244797869
2557,,,,guo_los,guo_los,clinicalbert_type2_max_pool,knn,1,4,auprc,0.2657356789532651
2558,,,,guo_los,guo_los,clinicalbert_type2_max_pool,knn,1,4,brier,0.524373576309795
2559,,,,guo_los,guo_los,clinicalbert_type2_max_pool,knn,2,4,auroc,0.5311311933807898
2560,,,,guo_los,guo_los,clinicalbert_type2_max_pool,knn,2,4,auprc,0.265667969782453
2561,,,,guo_los,guo_los,clinicalbert_type2_max_pool,knn,2,4,brier,0.22728018223234628
2562,,,,guo_los,guo_los,clinicalbert_type2_max_pool,knn,3,4,auroc,0.433659045401219
2563,,,,guo_los,guo_los,clinicalbert_type2_max_pool,knn,3,4,auprc,0.21773772772906125
2564,,,,guo_los,guo_los,clinicalbert_type2_max_pool,knn,3,4,brier,0.28510161645217624
2565,,,,guo_los,guo_los,clinicalbert_type2_max_pool,knn,4,4,auroc,0.49917800153483816
2566,,,,guo_los,guo_los,clinicalbert_type2_max_pool,knn,4,4,auprc,0.2548221005792794
2567,,,,guo_los,guo_los,clinicalbert_type2_max_pool,knn,4,4,brier,0.29501392052644904
2568,,,,guo_los,guo_los,clinicalbert_type2_max_pool,knn,0,8,auroc,0.5367418428643257
2569,,,,guo_los,guo_los,clinicalbert_type2_max_pool,knn,0,8,auprc,0.2666229048814732
2570,,,,guo_los,guo_los,clinicalbert_type2_max_pool,knn,0,8,brier,0.5125284738041003
2571,,,,guo_los,guo_los,clinicalbert_type2_max_pool,knn,1,8,auroc,0.5116551774325862
2572,,,,guo_los,guo_los,clinicalbert_type2_max_pool,knn,1,8,auprc,0.2560016983438146
2573,,,,guo_los,guo_los,clinicalbert_type2_max_pool,knn,1,8,brier,0.5284738041002278
2574,,,,guo_los,guo_los,clinicalbert_type2_max_pool,knn,2,8,auroc,0.5184467261195939
2575,,,,guo_los,guo_los,clinicalbert_type2_max_pool,knn,2,8,auprc,0.2587360658196064
2576,,,,guo_los,guo_los,clinicalbert_type2_max_pool,knn,2,8,brier,0.5444191343963554
2577,,,,guo_los,guo_los,clinicalbert_type2_max_pool,knn,3,8,auroc,0.4853947797860047
2578,,,,guo_los,guo_los,clinicalbert_type2_max_pool,knn,3,8,auprc,0.24627829100004556
2579,,,,guo_los,guo_los,clinicalbert_type2_max_pool,knn,3,8,brier,0.4642369020501139
2580,,,,guo_los,guo_los,clinicalbert_type2_max_pool,knn,4,8,auroc,0.5428387449610557
2581,,,,guo_los,guo_los,clinicalbert_type2_max_pool,knn,4,8,auprc,0.2839970820519778
2582,,,,guo_los,guo_los,clinicalbert_type2_max_pool,knn,4,8,brier,0.27362832051637853
2583,,,,guo_los,guo_los,clinicalbert_type2_max_pool,knn,0,12,auroc,0.5338348020146957
2584,,,,guo_los,guo_los,clinicalbert_type2_max_pool,knn,0,12,auprc,0.26539003974652375
2585,,,,guo_los,guo_los,clinicalbert_type2_max_pool,knn,0,12,brier,0.4997722095671982
2586,,,,guo_los,guo_los,clinicalbert_type2_max_pool,knn,1,12,auroc,0.5305159349722582
2587,,,,guo_los,guo_los,clinicalbert_type2_max_pool,knn,1,12,auprc,0.2639259865900982
2588,,,,guo_los,guo_los,clinicalbert_type2_max_pool,knn,1,12,brier,0.5011389521640092
2589,,,,guo_los,guo_los,clinicalbert_type2_max_pool,knn,2,12,auroc,0.5584308043786992
2590,,,,guo_los,guo_los,clinicalbert_type2_max_pool,knn,2,12,auprc,0.28633399348286104
2591,,,,guo_los,guo_los,clinicalbert_type2_max_pool,knn,2,12,brier,0.3191875108768763
2592,,,,guo_los,guo_los,clinicalbert_type2_max_pool,knn,3,12,auroc,0.5055896998244639
2593,,,,guo_los,guo_los,clinicalbert_type2_max_pool,knn,3,12,auprc,0.259515604604119
2594,,,,guo_los,guo_los,clinicalbert_type2_max_pool,knn,3,12,brier,0.2974885522858494
2595,,,,guo_los,guo_los,clinicalbert_type2_max_pool,knn,4,12,auroc,0.5442401668915997
2596,,,,guo_los,guo_los,clinicalbert_type2_max_pool,knn,4,12,auprc,0.27604616463268844
2597,,,,guo_los,guo_los,clinicalbert_type2_max_pool,knn,4,12,brier,0.2946332574031891
2598,,,,guo_los,guo_los,clinicalbert_type2_max_pool,knn,0,16,auroc,0.5228290640133372
2599,,,,guo_los,guo_los,clinicalbert_type2_max_pool,knn,0,16,auprc,0.2605817073989528
2600,,,,guo_los,guo_los,clinicalbert_type2_max_pool,knn,0,16,brier,0.5225512528473805
2601,,,,guo_los,guo_los,clinicalbert_type2_max_pool,knn,1,16,auroc,0.5298929582682792
2602,,,,guo_los,guo_los,clinicalbert_type2_max_pool,knn,1,16,auprc,0.2636452196233602
2603,,,,guo_los,guo_los,clinicalbert_type2_max_pool,knn,1,16,brier,0.503872437357631
2604,,,,guo_los,guo_los,clinicalbert_type2_max_pool,knn,2,16,auroc,0.5337918000829166
2605,,,,guo_los,guo_los,clinicalbert_type2_max_pool,knn,2,16,auprc,0.2653481317727907
2606,,,,guo_los,guo_los,clinicalbert_type2_max_pool,knn,2,16,brier,0.5052391799544419
2607,,,,guo_los,guo_los,clinicalbert_type2_max_pool,knn,3,16,auroc,0.5015442103963235
2608,,,,guo_los,guo_los,clinicalbert_type2_max_pool,knn,3,16,auprc,0.26042326250196113
2609,,,,guo_los,guo_los,clinicalbert_type2_max_pool,knn,3,16,brier,0.316135269842787
2610,,,,guo_los,guo_los,clinicalbert_type2_max_pool,knn,4,16,auroc,0.5228979773655473
2611,,,,guo_los,guo_los,clinicalbert_type2_max_pool,knn,4,16,auprc,0.2632537547859907
2612,,,,guo_los,guo_los,clinicalbert_type2_max_pool,knn,4,16,brier,0.34421665401164264
2613,,,,guo_los,guo_los,clinicalbert_type2_max_pool,knn,0,24,auroc,0.5567245097779777
2614,,,,guo_los,guo_los,clinicalbert_type2_max_pool,knn,0,24,auprc,0.2838946082844292
2615,,,,guo_los,guo_los,clinicalbert_type2_max_pool,knn,0,24,brier,0.28015443419347225
2616,,,,guo_los,guo_los,clinicalbert_type2_max_pool,knn,1,24,auroc,0.5543963410869124
2617,,,,guo_los,guo_los,clinicalbert_type2_max_pool,knn,1,24,auprc,0.2757215677080882
2618,,,,guo_los,guo_los,clinicalbert_type2_max_pool,knn,1,24,brier,0.35105036699569736
2619,,,,guo_los,guo_los,clinicalbert_type2_max_pool,knn,2,24,auroc,0.5597484276729561
2620,,,,guo_los,guo_los,clinicalbert_type2_max_pool,knn,2,24,auprc,0.28933765191489597
2621,,,,guo_los,guo_los,clinicalbert_type2_max_pool,knn,2,24,brier,0.325988472262676
2622,,,,guo_los,guo_los,clinicalbert_type2_max_pool,knn,3,24,auroc,0.5303130540633518
2623,,,,guo_los,guo_los,clinicalbert_type2_max_pool,knn,3,24,auprc,0.26350230916267936
2624,,,,guo_los,guo_los,clinicalbert_type2_max_pool,knn,3,24,brier,0.27602069438748633
2625,,,,guo_los,guo_los,clinicalbert_type2_max_pool,knn,4,24,auroc,0.5096754346502951
2626,,,,guo_los,guo_los,clinicalbert_type2_max_pool,knn,4,24,auprc,0.2572359416460136
2627,,,,guo_los,guo_los,clinicalbert_type2_max_pool,knn,4,24,brier,0.30500227790432805
2628,,,,guo_los,guo_los,clinicalbert_type2_max_pool,knn,0,32,auroc,0.5415056850759039
2629,,,,guo_los,guo_los,clinicalbert_type2_max_pool,knn,0,32,auprc,0.26947469800680757
2630,,,,guo_los,guo_los,clinicalbert_type2_max_pool,knn,0,32,brier,0.30751708428246016
2631,,,,guo_los,guo_los,clinicalbert_type2_max_pool,knn,1,32,auroc,0.5582681688674834
2632,,,,guo_los,guo_los,clinicalbert_type2_max_pool,knn,1,32,auprc,0.277091220738612
2633,,,,guo_los,guo_los,clinicalbert_type2_max_pool,knn,1,32,brier,0.3416350291065553
2634,,,,guo_los,guo_los,clinicalbert_type2_max_pool,knn,2,32,auroc,0.6040216729736166
2635,,,,guo_los,guo_los,clinicalbert_type2_max_pool,knn,2,32,auprc,0.3176276202887113
2636,,,,guo_los,guo_los,clinicalbert_type2_max_pool,knn,2,32,brier,0.2696751592282588
2637,,,,guo_los,guo_los,clinicalbert_type2_max_pool,knn,3,32,auroc,0.5521332266003334
2638,,,,guo_los,guo_los,clinicalbert_type2_max_pool,knn,3,32,auprc,0.27475021120658144
2639,,,,guo_los,guo_los,clinicalbert_type2_max_pool,knn,3,32,brier,0.3047329789926601
2640,,,,guo_los,guo_los,clinicalbert_type2_max_pool,knn,4,32,auroc,0.520217523617984
2641,,,,guo_los,guo_los,clinicalbert_type2_max_pool,knn,4,32,auprc,0.262679169781705
2642,,,,guo_los,guo_los,clinicalbert_type2_max_pool,knn,4,32,brier,0.34441913439635535
2643,,,,guo_los,guo_los,clinicalbert_type2_max_pool,knn,0,48,auroc,0.5286635440648513
2644,,,,guo_los,guo_los,clinicalbert_type2_max_pool,knn,0,48,auprc,0.2627389857467114
2645,,,,guo_los,guo_los,clinicalbert_type2_max_pool,knn,0,48,brier,0.28472985851833477
2646,,,,guo_los,guo_los,clinicalbert_type2_max_pool,knn,1,48,auroc,0.5787497684511366
2647,,,,guo_los,guo_los,clinicalbert_type2_max_pool,knn,1,48,auprc,0.29519141392347703
2648,,,,guo_los,guo_los,clinicalbert_type2_max_pool,knn,1,48,brier,0.3302821848742632
2649,,,,guo_los,guo_los,clinicalbert_type2_max_pool,knn,2,48,auroc,0.5877746610565685
2650,,,,guo_los,guo_los,clinicalbert_type2_max_pool,knn,2,48,auprc,0.30805464100329133
2651,,,,guo_los,guo_los,clinicalbert_type2_max_pool,knn,2,48,brier,0.29656439059903694
2652,,,,guo_los,guo_los,clinicalbert_type2_max_pool,knn,3,48,auroc,0.5783010047015446
2653,,,,guo_los,guo_los,clinicalbert_type2_max_pool,knn,3,48,auprc,0.2885683361884113
2654,,,,guo_los,guo_los,clinicalbert_type2_max_pool,knn,3,48,brier,0.30589724120475836
2655,,,,guo_los,guo_los,clinicalbert_type2_max_pool,knn,4,48,auroc,0.548453804899133
2656,,,,guo_los,guo_los,clinicalbert_type2_max_pool,knn,4,48,auprc,0.28002360426129125
2657,,,,guo_los,guo_los,clinicalbert_type2_max_pool,knn,4,48,brier,0.30518855985826376
2658,,,,guo_los,guo_los,clinicalbert_type2_max_pool,knn,0,64,auroc,0.5515593162031279
2659,,,,guo_los,guo_los,clinicalbert_type2_max_pool,knn,0,64,auprc,0.27438506880086205
2660,,,,guo_los,guo_los,clinicalbert_type2_max_pool,knn,0,64,brier,0.306352822070362
2661,,,,guo_los,guo_los,clinicalbert_type2_max_pool,knn,1,64,auroc,0.5784878977127383
2662,,,,guo_los,guo_los,clinicalbert_type2_max_pool,knn,1,64,auprc,0.295272479114048
2663,,,,guo_los,guo_los,clinicalbert_type2_max_pool,knn,1,64,brier,0.32146148701294375
2664,,,,guo_los,guo_los,clinicalbert_type2_max_pool,knn,2,64,auroc,0.6165468125645029
2665,,,,guo_los,guo_los,clinicalbert_type2_max_pool,knn,2,64,auprc,0.32868623416845405
2666,,,,guo_los,guo_los,clinicalbert_type2_max_pool,knn,2,64,brier,0.27613486259745473
2667,,,,guo_los,guo_los,clinicalbert_type2_max_pool,knn,3,64,auroc,0.6053227570633429
2668,,,,guo_los,guo_los,clinicalbert_type2_max_pool,knn,3,64,auprc,0.30792184380669
2669,,,,guo_los,guo_los,clinicalbert_type2_max_pool,knn,3,64,brier,0.27518906605922555
2670,,,,guo_los,guo_los,clinicalbert_type2_max_pool,knn,4,64,auroc,0.5720999056162728
2671,,,,guo_los,guo_los,clinicalbert_type2_max_pool,knn,4,64,auprc,0.29082524029532364
2672,,,,guo_los,guo_los,clinicalbert_type2_max_pool,knn,4,64,brier,0.2782870159453303
2673,,,,guo_los,guo_los,clinicalbert_type2_max_pool,knn,0,128,auroc,0.5851950964566408
2674,,,,guo_los,guo_los,clinicalbert_type2_max_pool,knn,0,128,auprc,0.29224751489820244
2675,,,,guo_los,guo_los,clinicalbert_type2_max_pool,knn,0,128,brier,0.3043324289498402
2676,,,,guo_los,guo_los,clinicalbert_type2_max_pool,knn,1,128,auroc,0.6016245909303413
2677,,,,guo_los,guo_los,clinicalbert_type2_max_pool,knn,1,128,auprc,0.3201609665988412
2678,,,,guo_los,guo_los,clinicalbert_type2_max_pool,knn,1,128,brier,0.28202803713268876
2679,,,,guo_los,guo_los,clinicalbert_type2_max_pool,knn,2,128,auroc,0.6127720147838436
2680,,,,guo_los,guo_los,clinicalbert_type2_max_pool,knn,2,128,auprc,0.31314012993008733
2681,,,,guo_los,guo_los,clinicalbert_type2_max_pool,knn,2,128,brier,0.2667334851936219
2682,,,,guo_los,guo_los,clinicalbert_type2_max_pool,knn,3,128,auroc,0.5426281457567017
2683,,,,guo_los,guo_los,clinicalbert_type2_max_pool,knn,3,128,auprc,0.26971377636921856
2684,,,,guo_los,guo_los,clinicalbert_type2_max_pool,knn,3,128,brier,0.45239179954441916
2685,,,,guo_los,guo_los,clinicalbert_type2_max_pool,knn,4,128,auroc,0.5898778965660201
2686,,,,guo_los,guo_los,clinicalbert_type2_max_pool,knn,4,128,auprc,0.2993237869518365
2687,,,,guo_los,guo_los,clinicalbert_type2_max_pool,knn,4,128,brier,0.28036075502544583
2688,,,,guo_los,guo_los,clinicalbert_type2_max_pool,rf,0,-1,auroc,0.7132620162833981
2689,,,,guo_los,guo_los,clinicalbert_type2_max_pool,rf,0,-1,auprc,0.4001304766794137
2690,,,,guo_los,guo_los,clinicalbert_type2_max_pool,rf,0,-1,brier,0.1713301555833306
2691,,,,guo_los,guo_los,clinicalbert_type2_max_pool,rf,0,1,auroc,0.5299083948591742
2692,,,,guo_los,guo_los,clinicalbert_type2_max_pool,rf,0,1,auprc,0.2679471279308134
2693,,,,guo_los,guo_los,clinicalbert_type2_max_pool,rf,0,1,brier,0.34912072892938495
2694,,,,guo_los,guo_los,clinicalbert_type2_max_pool,rf,1,1,auroc,0.48853392080587826
2695,,,,guo_los,guo_los,clinicalbert_type2_max_pool,rf,1,1,auprc,0.25025742017323305
2696,,,,guo_los,guo_los,clinicalbert_type2_max_pool,rf,1,1,brier,0.25070742596810935
2697,,,,guo_los,guo_los,clinicalbert_type2_max_pool,rf,2,1,auroc,0.4793017368369985
2698,,,,guo_los,guo_los,clinicalbert_type2_max_pool,rf,2,1,auprc,0.2402072325885613
2699,,,,guo_los,guo_los,clinicalbert_type2_max_pool,rf,2,1,brier,0.42888382687927107
2700,,,,guo_los,guo_los,clinicalbert_type2_max_pool,rf,3,1,auroc,0.5011483721012288
2701,,,,guo_los,guo_los,clinicalbert_type2_max_pool,rf,3,1,auprc,0.25213566072178534
2702,,,,guo_los,guo_los,clinicalbert_type2_max_pool,rf,3,1,brier,0.31761958997722095
2703,,,,guo_los,guo_los,clinicalbert_type2_max_pool,rf,4,1,auroc,0.49197517796184076
2704,,,,guo_los,guo_los,clinicalbert_type2_max_pool,rf,4,1,auprc,0.2401671359916966
2705,,,,guo_los,guo_los,clinicalbert_type2_max_pool,rf,4,1,brier,0.27951289293849657
2706,,,,guo_los,guo_los,clinicalbert_type2_max_pool,rf,0,2,auroc,0.45878319969656073
2707,,,,guo_los,guo_los,clinicalbert_type2_max_pool,rf,0,2,auprc,0.22931327186780323
2708,,,,guo_los,guo_los,clinicalbert_type2_max_pool,rf,0,2,brier,0.24999854214123007
2709,,,,guo_los,guo_los,clinicalbert_type2_max_pool,rf,1,2,auroc,0.49453654943678493
2710,,,,guo_los,guo_los,clinicalbert_type2_max_pool,rf,1,2,auprc,0.24816719199357637
2711,,,,guo_los,guo_los,clinicalbert_type2_max_pool,rf,1,2,brier,0.2926594533029613
2712,,,,guo_los,guo_los,clinicalbert_type2_max_pool,rf,2,2,auroc,0.5251638483862148
2713,,,,guo_los,guo_los,clinicalbert_type2_max_pool,rf,2,2,auprc,0.26460634428210955
2714,,,,guo_los,guo_los,clinicalbert_type2_max_pool,rf,2,2,brier,0.29021230068337134
2715,,,,guo_los,guo_los,clinicalbert_type2_max_pool,rf,3,2,auroc,0.49627592244656743
2716,,,,guo_los,guo_los,clinicalbert_type2_max_pool,rf,3,2,auprc,0.24584229735696247
2717,,,,guo_los,guo_los,clinicalbert_type2_max_pool,rf,3,2,brier,0.32890205011389523
2718,,,,guo_los,guo_los,clinicalbert_type2_max_pool,rf,4,2,auroc,0.5055213377790715
2719,,,,guo_los,guo_los,clinicalbert_type2_max_pool,rf,4,2,auprc,0.2550142259410937
2720,,,,guo_los,guo_los,clinicalbert_type2_max_pool,rf,4,2,brier,0.3039280182232347
2721,,,,guo_los,guo_los,clinicalbert_type2_max_pool,rf,0,4,auroc,0.5251147820794411
2722,,,,guo_los,guo_los,clinicalbert_type2_max_pool,rf,0,4,auprc,0.2657973941741922
2723,,,,guo_los,guo_los,clinicalbert_type2_max_pool,rf,0,4,brier,0.3484692482915717
2724,,,,guo_los,guo_los,clinicalbert_type2_max_pool,rf,1,4,auroc,0.5007778939197474
2725,,,,guo_los,guo_los,clinicalbert_type2_max_pool,rf,1,4,auprc,0.2553880427637641
2726,,,,guo_los,guo_los,clinicalbert_type2_max_pool,rf,1,4,brier,0.28071526195899776
2727,,,,guo_los,guo_los,clinicalbert_type2_max_pool,rf,2,4,auroc,0.5397580424638565
2728,,,,guo_los,guo_los,clinicalbert_type2_max_pool,rf,2,4,auprc,0.2811734741643823
2729,,,,guo_los,guo_los,clinicalbert_type2_max_pool,rf,2,4,brier,0.25390687927107064
2730,,,,guo_los,guo_los,clinicalbert_type2_max_pool,rf,3,4,auroc,0.4608009826492718
2731,,,,guo_los,guo_los,clinicalbert_type2_max_pool,rf,3,4,auprc,0.23091068291882264
2732,,,,guo_los,guo_los,clinicalbert_type2_max_pool,rf,3,4,brier,0.32064692482915713
2733,,,,guo_los,guo_los,clinicalbert_type2_max_pool,rf,4,4,auroc,0.5594722229572979
2734,,,,guo_los,guo_los,clinicalbert_type2_max_pool,rf,4,4,auprc,0.2883758443078882
2735,,,,guo_los,guo_los,clinicalbert_type2_max_pool,rf,4,4,brier,0.27254214123006837
2736,,,,guo_los,guo_los,clinicalbert_type2_max_pool,rf,0,8,auroc,0.5110294441945186
2737,,,,guo_los,guo_los,clinicalbert_type2_max_pool,rf,0,8,auprc,0.2571036751525577
2738,,,,guo_los,guo_los,clinicalbert_type2_max_pool,rf,0,8,brier,0.3586924829157175
2739,,,,guo_los,guo_los,clinicalbert_type2_max_pool,rf,1,8,auroc,0.5483192860356187
2740,,,,guo_los,guo_los,clinicalbert_type2_max_pool,rf,1,8,auprc,0.282079046980941
2741,,,,guo_los,guo_los,clinicalbert_type2_max_pool,rf,1,8,brier,0.256497722095672
2742,,,,guo_los,guo_los,clinicalbert_type2_max_pool,rf,2,8,auroc,0.5451426561521431
2743,,,,guo_los,guo_los,clinicalbert_type2_max_pool,rf,2,8,auprc,0.2889834314982884
2744,,,,guo_los,guo_los,clinicalbert_type2_max_pool,rf,2,8,brier,0.27614236902050115
2745,,,,guo_los,guo_los,clinicalbert_type2_max_pool,rf,3,8,auroc,0.5036717034057531
2746,,,,guo_los,guo_los,clinicalbert_type2_max_pool,rf,3,8,auprc,0.25919712258855665
2747,,,,guo_los,guo_los,clinicalbert_type2_max_pool,rf,3,8,brier,0.2728838268792711
2748,,,,guo_los,guo_los,clinicalbert_type2_max_pool,rf,4,8,auroc,0.5717481718665927
2749,,,,guo_los,guo_los,clinicalbert_type2_max_pool,rf,4,8,auprc,0.29489961189602787
2750,,,,guo_los,guo_los,clinicalbert_type2_max_pool,rf,4,8,brier,0.2877890913692736
2751,,,,guo_los,guo_los,clinicalbert_type2_max_pool,rf,0,12,auroc,0.5456415888221441
2752,,,,guo_los,guo_los,clinicalbert_type2_max_pool,rf,0,12,auprc,0.2810986638170516
2753,,,,guo_los,guo_los,clinicalbert_type2_max_pool,rf,0,12,brier,0.25868337129840546
2754,,,,guo_los,guo_los,clinicalbert_type2_max_pool,rf,1,12,auroc,0.5219679227641201
2755,,,,guo_los,guo_los,clinicalbert_type2_max_pool,rf,1,12,auprc,0.26430382704088573
2756,,,,guo_los,guo_los,clinicalbert_type2_max_pool,rf,1,12,brier,0.2558924955707416
2757,,,,guo_los,guo_los,clinicalbert_type2_max_pool,rf,2,12,auroc,0.5064949456190956
2758,,,,guo_los,guo_los,clinicalbert_type2_max_pool,rf,2,12,auprc,0.2580970530417503
2759,,,,guo_los,guo_los,clinicalbert_type2_max_pool,rf,2,12,brier,0.32026879271070613
2760,,,,guo_los,guo_los,clinicalbert_type2_max_pool,rf,3,12,auroc,0.5076852170384679
2761,,,,guo_los,guo_los,clinicalbert_type2_max_pool,rf,3,12,auprc,0.2571491005755844
2762,,,,guo_los,guo_los,clinicalbert_type2_max_pool,rf,3,12,brier,0.24640660592255123
2763,,,,guo_los,guo_los,clinicalbert_type2_max_pool,rf,4,12,auroc,0.5456487558107739
2764,,,,guo_los,guo_los,clinicalbert_type2_max_pool,rf,4,12,auprc,0.27824230776894443
2765,,,,guo_los,guo_los,clinicalbert_type2_max_pool,rf,4,12,brier,0.28331753986332575
2766,,,,guo_los,guo_los,clinicalbert_type2_max_pool,rf,0,16,auroc,0.5135097735672638
2767,,,,guo_los,guo_los,clinicalbert_type2_max_pool,rf,0,16,auprc,0.25933940130574784
2768,,,,guo_los,guo_los,clinicalbert_type2_max_pool,rf,0,16,brier,0.25330182232346243
2769,,,,guo_los,guo_los,clinicalbert_type2_max_pool,rf,1,16,auroc,0.5706273651062478
2770,,,,guo_los,guo_los,clinicalbert_type2_max_pool,rf,1,16,auprc,0.29245725631339076
2771,,,,guo_los,guo_los,clinicalbert_type2_max_pool,rf,1,16,brier,0.25153512528473804
2772,,,,guo_los,guo_los,clinicalbert_type2_max_pool,rf,2,16,auroc,0.5451851067771044
2773,,,,guo_los,guo_los,clinicalbert_type2_max_pool,rf,2,16,auprc,0.28143127972766757
2774,,,,guo_los,guo_los,clinicalbert_type2_max_pool,rf,2,16,brier,0.2473120728929385
2775,,,,guo_los,guo_los,clinicalbert_type2_max_pool,rf,3,16,auroc,0.534505742411813
2776,,,,guo_los,guo_los,clinicalbert_type2_max_pool,rf,3,16,auprc,0.2848537623244296
2777,,,,guo_los,guo_los,clinicalbert_type2_max_pool,rf,3,16,brier,0.24944801822323465
2778,,,,guo_los,guo_los,clinicalbert_type2_max_pool,rf,4,16,auroc,0.5203344006633324
2779,,,,guo_los,guo_los,clinicalbert_type2_max_pool,rf,4,16,auprc,0.2632501551222244
2780,,,,guo_los,guo_los,clinicalbert_type2_max_pool,rf,4,16,brier,0.27132323462414576
2781,,,,guo_los,guo_los,clinicalbert_type2_max_pool,rf,0,24,auroc,0.5345945028094595
2782,,,,guo_los,guo_los,clinicalbert_type2_max_pool,rf,0,24,auprc,0.2737783464462177
2783,,,,guo_los,guo_los,clinicalbert_type2_max_pool,rf,0,24,brier,0.2588699772209567
2784,,,,guo_los,guo_los,clinicalbert_type2_max_pool,rf,1,24,auroc,0.6034742253036597
2785,,,,guo_los,guo_los,clinicalbert_type2_max_pool,rf,1,24,auprc,0.30946379869556145
2786,,,,guo_los,guo_los,clinicalbert_type2_max_pool,rf,1,24,brier,0.24963211845102512
2787,,,,guo_los,guo_los,clinicalbert_type2_max_pool,rf,2,24,auroc,0.5946075577549021
2788,,,,guo_los,guo_los,clinicalbert_type2_max_pool,rf,2,24,auprc,0.30381149264924306
2789,,,,guo_los,guo_los,clinicalbert_type2_max_pool,rf,2,24,brier,0.25110615034168565
2790,,,,guo_los,guo_los,clinicalbert_type2_max_pool,rf,3,24,auroc,0.5294750677004773
2791,,,,guo_los,guo_los,clinicalbert_type2_max_pool,rf,3,24,auprc,0.2649649801681142
2792,,,,guo_los,guo_los,clinicalbert_type2_max_pool,rf,3,24,brier,0.25325214376107313
2793,,,,guo_los,guo_los,clinicalbert_type2_max_pool,rf,4,24,auroc,0.5171291028253371
2794,,,,guo_los,guo_los,clinicalbert_type2_max_pool,rf,4,24,auprc,0.2668396590510137
2795,,,,guo_los,guo_los,clinicalbert_type2_max_pool,rf,4,24,brier,0.26847722095671983
2796,,,,guo_los,guo_los,clinicalbert_type2_max_pool,rf,0,32,auroc,0.521912792082352
2797,,,,guo_los,guo_los,clinicalbert_type2_max_pool,rf,0,32,auprc,0.266860108874521
2798,,,,guo_los,guo_los,clinicalbert_type2_max_pool,rf,0,32,brier,0.25410478359908883
2799,,,,guo_los,guo_los,clinicalbert_type2_max_pool,rf,1,32,auroc,0.5351518740021347
2800,,,,guo_los,guo_los,clinicalbert_type2_max_pool,rf,1,32,auprc,0.2620246293166614
2801,,,,guo_los,guo_los,clinicalbert_type2_max_pool,rf,1,32,brier,0.2608301695773222
2802,,,,guo_los,guo_los,clinicalbert_type2_max_pool,rf,2,32,auroc,0.6054253001314317
2803,,,,guo_los,guo_los,clinicalbert_type2_max_pool,rf,2,32,auprc,0.32094538057511107
2804,,,,guo_los,guo_los,clinicalbert_type2_max_pool,rf,2,32,brier,0.2462638724373576
2805,,,,guo_los,guo_los,clinicalbert_type2_max_pool,rf,3,32,auroc,0.5763813543623806
2806,,,,guo_los,guo_los,clinicalbert_type2_max_pool,rf,3,32,auprc,0.2937649184568863
2807,,,,guo_los,guo_los,clinicalbert_type2_max_pool,rf,3,32,brier,0.2450550611544706
2808,,,,guo_los,guo_los,clinicalbert_type2_max_pool,rf,4,32,auroc,0.5422240378593417
2809,,,,guo_los,guo_los,clinicalbert_type2_max_pool,rf,4,32,auprc,0.26514967046840787
2810,,,,guo_los,guo_los,clinicalbert_type2_max_pool,rf,4,32,brier,0.2568906315268688
2811,,,,guo_los,guo_los,clinicalbert_type2_max_pool,rf,0,48,auroc,0.5679656557904857
2812,,,,guo_los,guo_los,clinicalbert_type2_max_pool,rf,0,48,auprc,0.2911971200435801
2813,,,,guo_los,guo_los,clinicalbert_type2_max_pool,rf,0,48,brier,0.2471109390027841
2814,,,,guo_los,guo_los,clinicalbert_type2_max_pool,rf,1,48,auroc,0.5582306800038811
2815,,,,guo_los,guo_los,clinicalbert_type2_max_pool,rf,1,48,auprc,0.2865069528802887
2816,,,,guo_los,guo_los,clinicalbert_type2_max_pool,rf,1,48,brier,0.2841093394077448
2817,,,,guo_los,guo_los,clinicalbert_type2_max_pool,rf,2,48,auroc,0.5837302742420634
2818,,,,guo_los,guo_los,clinicalbert_type2_max_pool,rf,2,48,auprc,0.31745023192969035
2819,,,,guo_los,guo_los,clinicalbert_type2_max_pool,rf,2,48,brier,0.2434230980847946
2820,,,,guo_los,guo_los,clinicalbert_type2_max_pool,rf,3,48,auroc,0.595887140878739
2821,,,,guo_los,guo_los,clinicalbert_type2_max_pool,rf,3,48,auprc,0.31328306230613956
2822,,,,guo_los,guo_los,clinicalbert_type2_max_pool,rf,3,48,brier,0.23886888382687926
2823,,,,guo_los,guo_los,clinicalbert_type2_max_pool,rf,4,48,auroc,0.5192610062893082
2824,,,,guo_los,guo_los,clinicalbert_type2_max_pool,rf,4,48,auprc,0.26312901868952565
2825,,,,guo_los,guo_los,clinicalbert_type2_max_pool,rf,4,48,brier,0.2820016938968216
2826,,,,guo_los,guo_los,clinicalbert_type2_max_pool,rf,0,64,auroc,0.6025557481454039
2827,,,,guo_los,guo_los,clinicalbert_type2_max_pool,rf,0,64,auprc,0.31887712636503474
2828,,,,guo_los,guo_los,clinicalbert_type2_max_pool,rf,0,64,brier,0.2374249351909699
2829,,,,guo_los,guo_los,clinicalbert_type2_max_pool,rf,1,64,auroc,0.5898988462250919
2830,,,,guo_los,guo_los,clinicalbert_type2_max_pool,rf,1,64,auprc,0.2989596460286902
2831,,,,guo_los,guo_los,clinicalbert_type2_max_pool,rf,1,64,brier,0.2443963553530752
2832,,,,guo_los,guo_los,clinicalbert_type2_max_pool,rf,2,64,auroc,0.6360057380013584
2833,,,,guo_los,guo_los,clinicalbert_type2_max_pool,rf,2,64,auprc,0.34590103405010353
2834,,,,guo_los,guo_los,clinicalbert_type2_max_pool,rf,2,64,brier,0.2339736839320389
2835,,,,guo_los,guo_los,clinicalbert_type2_max_pool,rf,3,64,auroc,0.6386084574876287
2836,,,,guo_los,guo_los,clinicalbert_type2_max_pool,rf,3,64,auprc,0.3392587154063476
2837,,,,guo_los,guo_los,clinicalbert_type2_max_pool,rf,3,64,brier,0.23721822323462413
2838,,,,guo_los,guo_los,clinicalbert_type2_max_pool,rf,4,64,auroc,0.5959317967309711
2839,,,,guo_los,guo_los,clinicalbert_type2_max_pool,rf,4,64,auprc,0.3329225158191337
2840,,,,guo_los,guo_los,clinicalbert_type2_max_pool,rf,4,64,brier,0.24471785607500363
2841,,,,guo_los,guo_los,clinicalbert_type2_max_pool,rf,0,128,auroc,0.6564707983804812
2842,,,,guo_los,guo_los,clinicalbert_type2_max_pool,rf,0,128,auprc,0.3426122453235623
2843,,,,guo_los,guo_los,clinicalbert_type2_max_pool,rf,0,128,brier,0.23512047076689446
2844,,,,guo_los,guo_los,clinicalbert_type2_max_pool,rf,1,128,auroc,0.6081233956971605
2845,,,,guo_los,guo_los,clinicalbert_type2_max_pool,rf,1,128,auprc,0.30956283525279
2846,,,,guo_los,guo_los,clinicalbert_type2_max_pool,rf,1,128,brier,0.24957972665148068
2847,,,,guo_los,guo_los,clinicalbert_type2_max_pool,rf,2,128,auroc,0.6919126597687157
2848,,,,guo_los,guo_los,clinicalbert_type2_max_pool,rf,2,128,auprc,0.3712223870655847
2849,,,,guo_los,guo_los,clinicalbert_type2_max_pool,rf,2,128,brier,0.22489916983042268
2850,,,,guo_los,guo_los,clinicalbert_type2_max_pool,rf,3,128,auroc,0.6211910211966445
2851,,,,guo_los,guo_los,clinicalbert_type2_max_pool,rf,3,128,auprc,0.3224472623133531
2852,,,,guo_los,guo_los,clinicalbert_type2_max_pool,rf,3,128,brier,0.23402833712984059
2853,,,,guo_los,guo_los,clinicalbert_type2_max_pool,rf,4,128,auroc,0.6015253557031588
2854,,,,guo_los,guo_los,clinicalbert_type2_max_pool,rf,4,128,auprc,0.3139880394323733
2855,,,,guo_los,guo_los,clinicalbert_type2_max_pool,rf,4,128,brier,0.23945411717298723
2856,,,,guo_los,guo_los,clinicalbert_type2_mean_pool,lr_lbfgs,0,-1,auroc,0.699758307091129
2857,,,,guo_los,guo_los,clinicalbert_type2_mean_pool,lr_lbfgs,0,-1,auprc,0.41737407153729456
2858,,,,guo_los,guo_los,clinicalbert_type2_mean_pool,lr_lbfgs,0,-1,brier,0.1725429160957246
2859,,,,guo_los,guo_los,clinicalbert_type2_mean_pool,lr_lbfgs,0,1,auroc,0.44824552118341315
2860,,,,guo_los,guo_los,clinicalbert_type2_mean_pool,lr_lbfgs,0,1,auprc,0.2459220792657838
2861,,,,guo_los,guo_los,clinicalbert_type2_mean_pool,lr_lbfgs,0,1,brier,0.24999856495974013
2862,,,,guo_los,guo_los,clinicalbert_type2_mean_pool,lr_lbfgs,1,1,auroc,0.40307805622447446
2863,,,,guo_los,guo_los,clinicalbert_type2_mean_pool,lr_lbfgs,1,1,auprc,0.20647382591473695
2864,,,,guo_los,guo_los,clinicalbert_type2_mean_pool,lr_lbfgs,1,1,brier,0.24999838745402195
2865,,,,guo_los,guo_los,clinicalbert_type2_mean_pool,lr_lbfgs,2,1,auroc,0.4929531962564062
2866,,,,guo_los,guo_los,clinicalbert_type2_mean_pool,lr_lbfgs,2,1,auprc,0.25426999649216503
2867,,,,guo_los,guo_los,clinicalbert_type2_mean_pool,lr_lbfgs,2,1,brier,0.2500014403924545
2868,,,,guo_los,guo_los,clinicalbert_type2_mean_pool,lr_lbfgs,3,1,auroc,0.48193808603914723
2869,,,,guo_los,guo_los,clinicalbert_type2_mean_pool,lr_lbfgs,3,1,auprc,0.24817069494191216
2870,,,,guo_los,guo_los,clinicalbert_type2_mean_pool,lr_lbfgs,3,1,brier,0.25000150584056835
2871,,,,guo_los,guo_los,clinicalbert_type2_mean_pool,lr_lbfgs,4,1,auroc,0.45506849435902863
2872,,,,guo_los,guo_los,clinicalbert_type2_mean_pool,lr_lbfgs,4,1,auprc,0.22164286629740526
2873,,,,guo_los,guo_los,clinicalbert_type2_mean_pool,lr_lbfgs,4,1,brier,0.24999812760892345
2874,,,,guo_los,guo_los,clinicalbert_type2_mean_pool,lr_lbfgs,0,2,auroc,0.49119893796254643
2875,,,,guo_los,guo_los,clinicalbert_type2_mean_pool,lr_lbfgs,0,2,auprc,0.26026710655820007
2876,,,,guo_los,guo_los,clinicalbert_type2_mean_pool,lr_lbfgs,0,2,brier,0.2500000750982646
2877,,,,guo_los,guo_los,clinicalbert_type2_mean_pool,lr_lbfgs,1,2,auroc,0.41391674826007563
2878,,,,guo_los,guo_los,clinicalbert_type2_mean_pool,lr_lbfgs,1,2,auprc,0.20902958623025888
2879,,,,guo_los,guo_los,clinicalbert_type2_mean_pool,lr_lbfgs,1,2,brier,0.24999893563687287
2880,,,,guo_los,guo_los,clinicalbert_type2_mean_pool,lr_lbfgs,2,2,auroc,0.5786990482239099
2881,,,,guo_los,guo_los,clinicalbert_type2_mean_pool,lr_lbfgs,2,2,auprc,0.3132165114718809
2882,,,,guo_los,guo_los,clinicalbert_type2_mean_pool,lr_lbfgs,2,2,brier,0.26513658377060284
2883,,,,guo_los,guo_los,clinicalbert_type2_mean_pool,lr_lbfgs,3,2,auroc,0.5136382280557834
2884,,,,guo_los,guo_los,clinicalbert_type2_mean_pool,lr_lbfgs,3,2,auprc,0.2695037481309234
2885,,,,guo_los,guo_los,clinicalbert_type2_mean_pool,lr_lbfgs,3,2,brier,0.25000133741026426
2886,,,,guo_los,guo_los,clinicalbert_type2_mean_pool,lr_lbfgs,4,2,auroc,0.44028024028156343
2887,,,,guo_los,guo_los,clinicalbert_type2_mean_pool,lr_lbfgs,4,2,auprc,0.24606683331640083
2888,,,,guo_los,guo_los,clinicalbert_type2_mean_pool,lr_lbfgs,4,2,brier,0.2499986907892525
2889,,,,guo_los,guo_los,clinicalbert_type2_mean_pool,lr_lbfgs,0,4,auroc,0.5035779812467474
2890,,,,guo_los,guo_los,clinicalbert_type2_mean_pool,lr_lbfgs,0,4,auprc,0.26448163268896513
2891,,,,guo_los,guo_los,clinicalbert_type2_mean_pool,lr_lbfgs,0,4,brier,0.2500000674443747
2892,,,,guo_los,guo_los,clinicalbert_type2_mean_pool,lr_lbfgs,1,4,auroc,0.4583267176515212
2893,,,,guo_los,guo_los,clinicalbert_type2_mean_pool,lr_lbfgs,1,4,auprc,0.23946827266552595
2894,,,,guo_los,guo_los,clinicalbert_type2_mean_pool,lr_lbfgs,1,4,brier,0.24999928168757055
2895,,,,guo_los,guo_los,clinicalbert_type2_mean_pool,lr_lbfgs,2,4,auroc,0.5704140093678055
2896,,,,guo_los,guo_los,clinicalbert_type2_mean_pool,lr_lbfgs,2,4,auprc,0.31697509445371014
2897,,,,guo_los,guo_los,clinicalbert_type2_mean_pool,lr_lbfgs,2,4,brier,0.2485497693678801
2898,,,,guo_los,guo_los,clinicalbert_type2_mean_pool,lr_lbfgs,3,4,auroc,0.4349226406273431
2899,,,,guo_los,guo_los,clinicalbert_type2_mean_pool,lr_lbfgs,3,4,auprc,0.2214133450291986
2900,,,,guo_los,guo_los,clinicalbert_type2_mean_pool,lr_lbfgs,3,4,brier,0.2500000771828099
2901,,,,guo_los,guo_los,clinicalbert_type2_mean_pool,lr_lbfgs,4,4,auroc,0.5131144865789867
2902,,,,guo_los,guo_los,clinicalbert_type2_mean_pool,lr_lbfgs,4,4,auprc,0.2585745341907542
2903,,,,guo_los,guo_los,clinicalbert_type2_mean_pool,lr_lbfgs,4,4,brier,0.3897262710277055
2904,,,,guo_los,guo_los,clinicalbert_type2_mean_pool,lr_lbfgs,0,8,auroc,0.5650040355659054
2905,,,,guo_los,guo_los,clinicalbert_type2_mean_pool,lr_lbfgs,0,8,auprc,0.2938979485867426
2906,,,,guo_los,guo_los,clinicalbert_type2_mean_pool,lr_lbfgs,0,8,brier,0.46040413157544274
2907,,,,guo_los,guo_los,clinicalbert_type2_mean_pool,lr_lbfgs,1,8,auroc,0.4704940591177327
2908,,,,guo_los,guo_los,clinicalbert_type2_mean_pool,lr_lbfgs,1,8,auprc,0.2382388785332882
2909,,,,guo_los,guo_los,clinicalbert_type2_mean_pool,lr_lbfgs,1,8,brier,0.5188560079523823
2910,,,,guo_los,guo_los,clinicalbert_type2_mean_pool,lr_lbfgs,2,8,auroc,0.5724262792523397
2911,,,,guo_los,guo_los,clinicalbert_type2_mean_pool,lr_lbfgs,2,8,auprc,0.31191143206061495
2912,,,,guo_los,guo_los,clinicalbert_type2_mean_pool,lr_lbfgs,2,8,brier,0.2485504055638512
2913,,,,guo_los,guo_los,clinicalbert_type2_mean_pool,lr_lbfgs,3,8,auroc,0.40830554746972225
2914,,,,guo_los,guo_los,clinicalbert_type2_mean_pool,lr_lbfgs,3,8,auprc,0.20665834089412155
2915,,,,guo_los,guo_los,clinicalbert_type2_mean_pool,lr_lbfgs,3,8,brier,0.370947891802018
2916,,,,guo_los,guo_los,clinicalbert_type2_mean_pool,lr_lbfgs,4,8,auroc,0.535361921899671
2917,,,,guo_los,guo_los,clinicalbert_type2_mean_pool,lr_lbfgs,4,8,auprc,0.2751895033027511
2918,,,,guo_los,guo_los,clinicalbert_type2_mean_pool,lr_lbfgs,4,8,brier,0.47798705469578184
2919,,,,guo_los,guo_los,clinicalbert_type2_mean_pool,lr_lbfgs,0,12,auroc,0.5106556581721312
2920,,,,guo_los,guo_los,clinicalbert_type2_mean_pool,lr_lbfgs,0,12,auprc,0.2624896136680547
2921,,,,guo_los,guo_los,clinicalbert_type2_mean_pool,lr_lbfgs,0,12,brier,0.4444636136134822
2922,,,,guo_los,guo_los,clinicalbert_type2_mean_pool,lr_lbfgs,1,12,auroc,0.503918688860074
2923,,,,guo_los,guo_los,clinicalbert_type2_mean_pool,lr_lbfgs,1,12,auprc,0.2566027311209611
2924,,,,guo_los,guo_los,clinicalbert_type2_mean_pool,lr_lbfgs,1,12,brier,0.4577403067408809
2925,,,,guo_los,guo_los,clinicalbert_type2_mean_pool,lr_lbfgs,2,12,auroc,0.5190674975963023
2926,,,,guo_los,guo_los,clinicalbert_type2_mean_pool,lr_lbfgs,2,12,auprc,0.28155052995541197
2927,,,,guo_los,guo_los,clinicalbert_type2_mean_pool,lr_lbfgs,2,12,brier,0.5049655436509358
2928,,,,guo_los,guo_los,clinicalbert_type2_mean_pool,lr_lbfgs,3,12,auroc,0.5069387476073284
2929,,,,guo_los,guo_los,clinicalbert_type2_mean_pool,lr_lbfgs,3,12,auprc,0.27506515296623213
2930,,,,guo_los,guo_los,clinicalbert_type2_mean_pool,lr_lbfgs,3,12,brier,0.43724448117483367
2931,,,,guo_los,guo_los,clinicalbert_type2_mean_pool,lr_lbfgs,4,12,auroc,0.5573733979023878
2932,,,,guo_los,guo_los,clinicalbert_type2_mean_pool,lr_lbfgs,4,12,auprc,0.290193977844839
2933,,,,guo_los,guo_los,clinicalbert_type2_mean_pool,lr_lbfgs,4,12,brier,0.5296242118716695
2934,,,,guo_los,guo_los,clinicalbert_type2_mean_pool,lr_lbfgs,0,16,auroc,0.48748313001137894
2935,,,,guo_los,guo_los,clinicalbert_type2_mean_pool,lr_lbfgs,0,16,auprc,0.2571951042951883
2936,,,,guo_los,guo_los,clinicalbert_type2_mean_pool,lr_lbfgs,0,16,brier,0.4948845527271691
2937,,,,guo_los,guo_los,clinicalbert_type2_mean_pool,lr_lbfgs,1,16,auroc,0.5449844310954688
2938,,,,guo_los,guo_los,clinicalbert_type2_mean_pool,lr_lbfgs,1,16,auprc,0.28651437833432725
2939,,,,guo_los,guo_los,clinicalbert_type2_mean_pool,lr_lbfgs,1,16,brier,0.4090712011180633
2940,,,,guo_los,guo_los,clinicalbert_type2_mean_pool,lr_lbfgs,2,16,auroc,0.5198139670274419
2941,,,,guo_los,guo_los,clinicalbert_type2_mean_pool,lr_lbfgs,2,16,auprc,0.27979647302967103
2942,,,,guo_los,guo_los,clinicalbert_type2_mean_pool,lr_lbfgs,2,16,brier,0.46568879307049027
2943,,,,guo_los,guo_los,clinicalbert_type2_mean_pool,lr_lbfgs,3,16,auroc,0.4924107103478084
2944,,,,guo_los,guo_los,clinicalbert_type2_mean_pool,lr_lbfgs,3,16,auprc,0.267430367856617
2945,,,,guo_los,guo_los,clinicalbert_type2_mean_pool,lr_lbfgs,3,16,brier,0.38324037377147807
2946,,,,guo_los,guo_los,clinicalbert_type2_mean_pool,lr_lbfgs,4,16,auroc,0.5277478234406838
2947,,,,guo_los,guo_los,clinicalbert_type2_mean_pool,lr_lbfgs,4,16,auprc,0.2774813540466022
2948,,,,guo_los,guo_los,clinicalbert_type2_mean_pool,lr_lbfgs,4,16,brier,0.5362780911972278
2949,,,,guo_los,guo_los,clinicalbert_type2_mean_pool,lr_lbfgs,0,24,auroc,0.48852013813543627
2950,,,,guo_los,guo_los,clinicalbert_type2_mean_pool,lr_lbfgs,0,24,auprc,0.2469604696142558
2951,,,,guo_los,guo_los,clinicalbert_type2_mean_pool,lr_lbfgs,0,24,brier,0.4923960421190156
2952,,,,guo_los,guo_los,clinicalbert_type2_mean_pool,lr_lbfgs,1,24,auroc,0.5607093554561733
2953,,,,guo_los,guo_los,clinicalbert_type2_mean_pool,lr_lbfgs,1,24,auprc,0.30229485812030676
2954,,,,guo_los,guo_los,clinicalbert_type2_mean_pool,lr_lbfgs,1,24,brier,0.4012511619929864
2955,,,,guo_los,guo_los,clinicalbert_type2_mean_pool,lr_lbfgs,2,24,auroc,0.5740581474326745
2956,,,,guo_los,guo_los,clinicalbert_type2_mean_pool,lr_lbfgs,2,24,auprc,0.31316247034504374
2957,,,,guo_los,guo_los,clinicalbert_type2_mean_pool,lr_lbfgs,2,24,brier,0.406940650262514
2958,,,,guo_los,guo_los,clinicalbert_type2_mean_pool,lr_lbfgs,3,24,auroc,0.5066272592553388
2959,,,,guo_los,guo_los,clinicalbert_type2_mean_pool,lr_lbfgs,3,24,auprc,0.2696152399755299
2960,,,,guo_los,guo_los,clinicalbert_type2_mean_pool,lr_lbfgs,3,24,brier,0.44738610272601276
2961,,,,guo_los,guo_los,clinicalbert_type2_mean_pool,lr_lbfgs,4,24,auroc,0.4971265888662485
2962,,,,guo_los,guo_los,clinicalbert_type2_mean_pool,lr_lbfgs,4,24,auprc,0.2627224846864987
2963,,,,guo_los,guo_los,clinicalbert_type2_mean_pool,lr_lbfgs,4,24,brier,0.48084352649477363
2964,,,,guo_los,guo_los,clinicalbert_type2_mean_pool,lr_lbfgs,0,32,auroc,0.5385655658172132
2965,,,,guo_los,guo_los,clinicalbert_type2_mean_pool,lr_lbfgs,0,32,auprc,0.2767347696949847
2966,,,,guo_los,guo_los,clinicalbert_type2_mean_pool,lr_lbfgs,0,32,brier,0.4822172250939377
2967,,,,guo_los,guo_los,clinicalbert_type2_mean_pool,lr_lbfgs,1,32,auroc,0.5673961558478217
2968,,,,guo_los,guo_los,clinicalbert_type2_mean_pool,lr_lbfgs,1,32,auprc,0.3137644362474916
2969,,,,guo_los,guo_los,clinicalbert_type2_mean_pool,lr_lbfgs,1,32,brier,0.36136547322517815
2970,,,,guo_los,guo_los,clinicalbert_type2_mean_pool,lr_lbfgs,2,32,auroc,0.5979374509336932
2971,,,,guo_los,guo_los,clinicalbert_type2_mean_pool,lr_lbfgs,2,32,auprc,0.3428402008524004
2972,,,,guo_los,guo_los,clinicalbert_type2_mean_pool,lr_lbfgs,2,32,brier,0.27052789510127034
2973,,,,guo_los,guo_los,clinicalbert_type2_mean_pool,lr_lbfgs,3,32,auroc,0.5396202157594362
2974,,,,guo_los,guo_los,clinicalbert_type2_mean_pool,lr_lbfgs,3,32,auprc,0.28360323717262237
2975,,,,guo_los,guo_los,clinicalbert_type2_mean_pool,lr_lbfgs,3,32,brier,0.4180932186037943
2976,,,,guo_los,guo_los,clinicalbert_type2_mean_pool,lr_lbfgs,4,32,auroc,0.4866776707507475
2977,,,,guo_los,guo_los,clinicalbert_type2_mean_pool,lr_lbfgs,4,32,auprc,0.2614269866975978
2978,,,,guo_los,guo_los,clinicalbert_type2_mean_pool,lr_lbfgs,4,32,brier,0.47387131761866647
2979,,,,guo_los,guo_los,clinicalbert_type2_mean_pool,lr_lbfgs,0,48,auroc,0.6045365935413303
2980,,,,guo_los,guo_los,clinicalbert_type2_mean_pool,lr_lbfgs,0,48,auprc,0.3406186369457147
2981,,,,guo_los,guo_los,clinicalbert_type2_mean_pool,lr_lbfgs,0,48,brier,0.2496929736465673
2982,,,,guo_los,guo_los,clinicalbert_type2_mean_pool,lr_lbfgs,1,48,auroc,0.6472044333889051
2983,,,,guo_los,guo_los,clinicalbert_type2_mean_pool,lr_lbfgs,1,48,auprc,0.3450259800294468
2984,,,,guo_los,guo_los,clinicalbert_type2_mean_pool,lr_lbfgs,1,48,brier,0.24999837153075227
2985,,,,guo_los,guo_los,clinicalbert_type2_mean_pool,lr_lbfgs,2,48,auroc,0.6208310178446991
2986,,,,guo_los,guo_los,clinicalbert_type2_mean_pool,lr_lbfgs,2,48,auprc,0.35702067297665074
2987,,,,guo_los,guo_los,clinicalbert_type2_mean_pool,lr_lbfgs,2,48,brier,0.3298582107962076
2988,,,,guo_los,guo_los,clinicalbert_type2_mean_pool,lr_lbfgs,3,48,auroc,0.5787343318602415
2989,,,,guo_los,guo_los,clinicalbert_type2_mean_pool,lr_lbfgs,3,48,auprc,0.3136859324018388
2990,,,,guo_los,guo_los,clinicalbert_type2_mean_pool,lr_lbfgs,3,48,brier,0.24999995902642483
2991,,,,guo_los,guo_los,clinicalbert_type2_mean_pool,lr_lbfgs,4,48,auroc,0.5306405303130541
2992,,,,guo_los,guo_los,clinicalbert_type2_mean_pool,lr_lbfgs,4,48,auprc,0.28336306500871267
2993,,,,guo_los,guo_los,clinicalbert_type2_mean_pool,lr_lbfgs,4,48,brier,0.2574278577991313
2994,,,,guo_los,guo_los,clinicalbert_type2_mean_pool,lr_lbfgs,0,64,auroc,0.5629845986927413
2995,,,,guo_los,guo_los,clinicalbert_type2_mean_pool,lr_lbfgs,0,64,auprc,0.3054142905030397
2996,,,,guo_los,guo_los,clinicalbert_type2_mean_pool,lr_lbfgs,0,64,brier,0.39719567027008007
2997,,,,guo_los,guo_los,clinicalbert_type2_mean_pool,lr_lbfgs,1,64,auroc,0.6431920223698254
2998,,,,guo_los,guo_los,clinicalbert_type2_mean_pool,lr_lbfgs,1,64,auprc,0.3430929142799084
2999,,,,guo_los,guo_los,clinicalbert_type2_mean_pool,lr_lbfgs,1,64,brier,0.24999817956077902
3000,,,,guo_los,guo_los,clinicalbert_type2_mean_pool,lr_lbfgs,2,64,auroc,0.6485363906604215
3001,,,,guo_los,guo_los,clinicalbert_type2_mean_pool,lr_lbfgs,2,64,auprc,0.37820147482786537
3002,,,,guo_los,guo_los,clinicalbert_type2_mean_pool,lr_lbfgs,2,64,brier,0.2468815010753372
3003,,,,guo_los,guo_los,clinicalbert_type2_mean_pool,lr_lbfgs,3,64,auroc,0.598617763546711
3004,,,,guo_los,guo_los,clinicalbert_type2_mean_pool,lr_lbfgs,3,64,auprc,0.32524015462378175
3005,,,,guo_los,guo_los,clinicalbert_type2_mean_pool,lr_lbfgs,3,64,brier,0.24253303067332938
3006,,,,guo_los,guo_los,clinicalbert_type2_mean_pool,lr_lbfgs,4,64,auroc,0.5546962519957307
3007,,,,guo_los,guo_los,clinicalbert_type2_mean_pool,lr_lbfgs,4,64,auprc,0.30594249398272366
3008,,,,guo_los,guo_los,clinicalbert_type2_mean_pool,lr_lbfgs,4,64,brier,0.25351121768570867
3009,,,,guo_los,guo_los,clinicalbert_type2_mean_pool,lr_lbfgs,0,128,auroc,0.6553847239496502
3010,,,,guo_los,guo_los,clinicalbert_type2_mean_pool,lr_lbfgs,0,128,auprc,0.3752961696619811
3011,,,,guo_los,guo_los,clinicalbert_type2_mean_pool,lr_lbfgs,0,128,brier,0.2401769935654399
3012,,,,guo_los,guo_los,clinicalbert_type2_mean_pool,lr_lbfgs,1,128,auroc,0.6541453862235042
3013,,,,guo_los,guo_los,clinicalbert_type2_mean_pool,lr_lbfgs,1,128,auprc,0.3480455286417295
3014,,,,guo_los,guo_los,clinicalbert_type2_mean_pool,lr_lbfgs,1,128,brier,0.23873712510811027
3015,,,,guo_los,guo_los,clinicalbert_type2_mean_pool,lr_lbfgs,2,128,auroc,0.6446640115730327
3016,,,,guo_los,guo_los,clinicalbert_type2_mean_pool,lr_lbfgs,2,128,auprc,0.36850439249043954
3017,,,,guo_los,guo_los,clinicalbert_type2_mean_pool,lr_lbfgs,2,128,brier,0.2427266562806081
3018,,,,guo_los,guo_los,clinicalbert_type2_mean_pool,lr_lbfgs,3,128,auroc,0.623251254774317
3019,,,,guo_los,guo_los,clinicalbert_type2_mean_pool,lr_lbfgs,3,128,auprc,0.35655340505282396
3020,,,,guo_los,guo_los,clinicalbert_type2_mean_pool,lr_lbfgs,3,128,brier,0.31058723491603396
3021,,,,guo_los,guo_los,clinicalbert_type2_mean_pool,lr_lbfgs,4,128,auroc,0.6107961311492762
3022,,,,guo_los,guo_los,clinicalbert_type2_mean_pool,lr_lbfgs,4,128,auprc,0.3411671238257722
3023,,,,guo_los,guo_los,clinicalbert_type2_mean_pool,lr_lbfgs,4,128,brier,0.24533227649943826
3024,,,,guo_los,guo_los,clinicalbert_type2_mean_pool,knn,0,-1,auroc,0.5902704270202088
3025,,,,guo_los,guo_los,clinicalbert_type2_mean_pool,knn,0,-1,auprc,0.3125755595695443
3026,,,,guo_los,guo_los,clinicalbert_type2_mean_pool,knn,0,-1,brier,0.23528791992085024
3027,,,,guo_los,guo_los,clinicalbert_type2_mean_pool,knn,0,1,auroc,0.49137811267829257
3028,,,,guo_los,guo_los,clinicalbert_type2_mean_pool,knn,0,1,auprc,0.24845262212463276
3029,,,,guo_los,guo_los,clinicalbert_type2_mean_pool,knn,0,1,brier,0.35353075170842824
3030,,,,guo_los,guo_los,clinicalbert_type2_mean_pool,knn,1,1,auroc,0.4870464950117759
3031,,,,guo_los,guo_los,clinicalbert_type2_mean_pool,knn,1,1,auprc,0.2481081337116922
3032,,,,guo_los,guo_los,clinicalbert_type2_mean_pool,knn,1,1,brier,0.29248291571753987
3033,,,,guo_los,guo_los,clinicalbert_type2_mean_pool,knn,2,1,auroc,0.49072040364479963
3034,,,,guo_los,guo_los,clinicalbert_type2_mean_pool,knn,2,1,auprc,0.24804113778070958
3035,,,,guo_los,guo_los,clinicalbert_type2_mean_pool,knn,2,1,brier,0.7047835990888383
3036,,,,guo_los,guo_los,clinicalbert_type2_mean_pool,knn,3,1,auroc,0.47912035689398147
3037,,,,guo_los,guo_los,clinicalbert_type2_mean_pool,knn,3,1,auprc,0.24388575673857457
3038,,,,guo_los,guo_los,clinicalbert_type2_mean_pool,knn,3,1,brier,0.7266514806378133
3039,,,,guo_los,guo_los,clinicalbert_type2_mean_pool,knn,4,1,auroc,0.47912697257579373
3040,,,,guo_los,guo_los,clinicalbert_type2_mean_pool,knn,4,1,auprc,0.2468306779398564
3041,,,,guo_los,guo_los,clinicalbert_type2_mean_pool,knn,4,1,brier,0.3052391799544419
3042,,,,guo_los,guo_los,clinicalbert_type2_mean_pool,knn,0,2,auroc,0.5086025915830885
3043,,,,guo_los,guo_los,clinicalbert_type2_mean_pool,knn,0,2,auprc,0.27081386548526587
3044,,,,guo_los,guo_los,clinicalbert_type2_mean_pool,knn,0,2,brier,0.21992949804173303
3045,,,,guo_los,guo_los,clinicalbert_type2_mean_pool,knn,1,2,auroc,0.4914144989282595
3046,,,,guo_los,guo_los,clinicalbert_type2_mean_pool,knn,1,2,auprc,0.24967320893582254
3047,,,,guo_los,guo_los,clinicalbert_type2_mean_pool,knn,1,2,brier,0.20192356365477096
3048,,,,guo_los,guo_los,clinicalbert_type2_mean_pool,knn,2,2,auroc,0.5257895816242822
3049,,,,guo_los,guo_los,clinicalbert_type2_mean_pool,knn,2,2,auprc,0.2617465004208836
3050,,,,guo_los,guo_los,clinicalbert_type2_mean_pool,knn,2,2,brier,0.566742596810934
3051,,,,guo_los,guo_los,clinicalbert_type2_mean_pool,knn,3,2,auroc,0.4907275706334294
3052,,,,guo_los,guo_los,clinicalbert_type2_mean_pool,knn,3,2,auprc,0.2480438622669041
3053,,,,guo_los,guo_los,clinicalbert_type2_mean_pool,knn,3,2,brier,0.34573525689698814
3054,,,,guo_los,guo_los,clinicalbert_type2_mean_pool,knn,4,2,auroc,0.48165361172122395
3055,,,,guo_los,guo_los,clinicalbert_type2_mean_pool,knn,4,2,auprc,0.2529363336360251
3056,,,,guo_los,guo_los,clinicalbert_type2_mean_pool,knn,4,2,brier,0.19986665387802463
3057,,,,guo_los,guo_los,clinicalbert_type2_mean_pool,knn,0,4,auroc,0.5024224421568887
3058,,,,guo_los,guo_los,clinicalbert_type2_mean_pool,knn,0,4,auprc,0.2524012413711162
3059,,,,guo_los,guo_los,clinicalbert_type2_mean_pool,knn,0,4,brier,0.4405466970387244
3060,,,,guo_los,guo_los,clinicalbert_type2_mean_pool,knn,1,4,auroc,0.4963316044351531
3061,,,,guo_los,guo_los,clinicalbert_type2_mean_pool,knn,1,4,auprc,0.24937716029320783
3062,,,,guo_los,guo_los,clinicalbert_type2_mean_pool,knn,1,4,brier,0.23312984054669705
3063,,,,guo_los,guo_los,clinicalbert_type2_mean_pool,knn,2,4,auroc,0.5566555964257676
3064,,,,guo_los,guo_los,clinicalbert_type2_mean_pool,knn,2,4,auprc,0.32452146792488223
3065,,,,guo_los,guo_los,clinicalbert_type2_mean_pool,knn,2,4,brier,0.286266899598421
3066,,,,guo_los,guo_los,clinicalbert_type2_mean_pool,knn,3,4,auroc,0.43786331119285155
3067,,,,guo_los,guo_los,clinicalbert_type2_mean_pool,knn,3,4,auprc,0.23251434823332
3068,,,,guo_los,guo_los,clinicalbert_type2_mean_pool,knn,3,4,brier,0.5425968109339407
3069,,,,guo_los,guo_los,clinicalbert_type2_mean_pool,knn,4,4,auroc,0.5163385288487832
3070,,,,guo_los,guo_los,clinicalbert_type2_mean_pool,knn,4,4,auprc,0.25795803107746823
3071,,,,guo_los,guo_los,clinicalbert_type2_mean_pool,knn,4,4,brier,0.4683371298405467
3072,,,,guo_los,guo_los,clinicalbert_type2_mean_pool,knn,0,8,auroc,0.497524632388614
3073,,,,guo_los,guo_los,clinicalbert_type2_mean_pool,knn,0,8,auprc,0.2505573838528181
3074,,,,guo_los,guo_los,clinicalbert_type2_mean_pool,knn,0,8,brier,0.45148063781321185
3075,,,,guo_los,guo_los,clinicalbert_type2_mean_pool,knn,1,8,auroc,0.5098606737410357
3076,,,,guo_los,guo_los,clinicalbert_type2_mean_pool,knn,1,8,auprc,0.25509586169294163
3077,,,,guo_los,guo_los,clinicalbert_type2_mean_pool,knn,1,8,brier,0.25750442925841555
3078,,,,guo_los,guo_los,clinicalbert_type2_mean_pool,knn,2,8,auroc,0.5045984501662741
3079,,,,guo_los,guo_los,clinicalbert_type2_mean_pool,knn,2,8,auprc,0.25574568850305107
3080,,,,guo_los,guo_los,clinicalbert_type2_mean_pool,knn,2,8,brier,0.26927635884696144
3081,,,,guo_los,guo_los,clinicalbert_type2_mean_pool,knn,3,8,auroc,0.4186497172898639
3082,,,,guo_los,guo_los,clinicalbert_type2_mean_pool,knn,3,8,auprc,0.21234662584435898
3083,,,,guo_los,guo_los,clinicalbert_type2_mean_pool,knn,3,8,brier,0.3979855809379057
3084,,,,guo_los,guo_los,clinicalbert_type2_mean_pool,knn,4,8,auroc,0.5538439316555964
3085,,,,guo_los,guo_los,clinicalbert_type2_mean_pool,knn,4,8,auprc,0.275891156097245
3086,,,,guo_los,guo_los,clinicalbert_type2_mean_pool,knn,4,8,brier,0.29532991031387035
3087,,,,guo_los,guo_los,clinicalbert_type2_mean_pool,knn,0,12,auroc,0.5667202536893452
3088,,,,guo_los,guo_los,clinicalbert_type2_mean_pool,knn,0,12,auprc,0.3125765071593408
3089,,,,guo_los,guo_los,clinicalbert_type2_mean_pool,knn,0,12,brier,0.22563325400478335
3090,,,,guo_los,guo_los,clinicalbert_type2_mean_pool,knn,1,12,auroc,0.5196540880503144
3091,,,,guo_los,guo_los,clinicalbert_type2_mean_pool,knn,1,12,auprc,0.2597669928832965
3092,,,,guo_los,guo_los,clinicalbert_type2_mean_pool,knn,1,12,brier,0.2793075170842824
3093,,,,guo_los,guo_los,clinicalbert_type2_mean_pool,knn,2,12,auroc,0.48699577478454925
3094,,,,guo_los,guo_los,clinicalbert_type2_mean_pool,knn,2,12,auprc,0.2517424532505319
3095,,,,guo_los,guo_los,clinicalbert_type2_mean_pool,knn,2,12,brier,0.32461755264754355
3096,,,,guo_los,guo_los,clinicalbert_type2_mean_pool,knn,3,12,auroc,0.46833128247197153
3097,,,,guo_los,guo_los,clinicalbert_type2_mean_pool,knn,3,12,auprc,0.24202313229979974
3098,,,,guo_los,guo_los,clinicalbert_type2_mean_pool,knn,3,12,brier,0.341973155984387
3099,,,,guo_los,guo_los,clinicalbert_type2_mean_pool,knn,4,12,auroc,0.5128901047041907
3100,,,,guo_los,guo_los,clinicalbert_type2_mean_pool,knn,4,12,auprc,0.2564785163076008
3101,,,,guo_los,guo_los,clinicalbert_type2_mean_pool,knn,4,12,brier,0.5626423690205011
3102,,,,guo_los,guo_los,clinicalbert_type2_mean_pool,knn,0,16,auroc,0.49833339949015143
3103,,,,guo_los,guo_los,clinicalbert_type2_mean_pool,knn,0,16,auprc,0.25085632888431414
3104,,,,guo_los,guo_los,clinicalbert_type2_mean_pool,knn,0,16,brier,0.5015945330296128
3105,,,,guo_los,guo_los,clinicalbert_type2_mean_pool,knn,1,16,auroc,0.5380319008176982
3106,,,,guo_los,guo_los,clinicalbert_type2_mean_pool,knn,1,16,auprc,0.26947452467308963
3107,,,,guo_los,guo_los,clinicalbert_type2_mean_pool,knn,1,16,brier,0.29694760820045557
3108,,,,guo_los,guo_los,clinicalbert_type2_mean_pool,knn,2,16,auroc,0.49071764711071125
3109,,,,guo_los,guo_los,clinicalbert_type2_mean_pool,knn,2,16,auprc,0.2583529768636526
3110,,,,guo_los,guo_los,clinicalbert_type2_mean_pool,knn,2,16,brier,0.3623533726511602
3111,,,,guo_los,guo_los,clinicalbert_type2_mean_pool,knn,3,16,auroc,0.4793750606437499
3112,,,,guo_los,guo_los,clinicalbert_type2_mean_pool,knn,3,16,auprc,0.24763878846694526
3113,,,,guo_los,guo_los,clinicalbert_type2_mean_pool,knn,3,16,brier,0.33810069078327326
3114,,,,guo_los,guo_los,clinicalbert_type2_mean_pool,knn,4,16,auroc,0.5547899741547364
3115,,,,guo_los,guo_los,clinicalbert_type2_mean_pool,knn,4,16,auprc,0.27918403917061324
3116,,,,guo_los,guo_los,clinicalbert_type2_mean_pool,knn,4,16,brier,0.3120911161731208
3117,,,,guo_los,guo_los,clinicalbert_type2_mean_pool,knn,0,24,auroc,0.5005887956812829
3118,,,,guo_los,guo_los,clinicalbert_type2_mean_pool,knn,0,24,auprc,0.2519143344431664
3119,,,,guo_los,guo_los,clinicalbert_type2_mean_pool,knn,0,24,brier,0.2510250569476082
3120,,,,guo_los,guo_los,clinicalbert_type2_mean_pool,knn,1,24,auroc,0.5407746522356593
3121,,,,guo_los,guo_los,clinicalbert_type2_mean_pool,knn,1,24,auprc,0.2723743962050505
3122,,,,guo_los,guo_los,clinicalbert_type2_mean_pool,knn,1,24,brier,0.2856998228296634
3123,,,,guo_los,guo_los,clinicalbert_type2_mean_pool,knn,2,24,auroc,0.526451149805499
3124,,,,guo_los,guo_los,clinicalbert_type2_mean_pool,knn,2,24,auprc,0.276406702635543
3125,,,,guo_los,guo_los,clinicalbert_type2_mean_pool,knn,2,24,brier,0.3117732658693355
3126,,,,guo_los,guo_los,clinicalbert_type2_mean_pool,knn,3,24,auroc,0.5004647516473048
3127,,,,guo_los,guo_los,clinicalbert_type2_mean_pool,knn,3,24,auprc,0.2546782284774747
3128,,,,guo_los,guo_los,clinicalbert_type2_mean_pool,knn,3,24,brier,0.3030542882496871
3129,,,,guo_los,guo_los,clinicalbert_type2_mean_pool,knn,4,24,auroc,0.4768875642823749
3130,,,,guo_los,guo_los,clinicalbert_type2_mean_pool,knn,4,24,auprc,0.24330845020012576
3131,,,,guo_los,guo_los,clinicalbert_type2_mean_pool,knn,4,24,brier,0.5517084282460136
3132,,,,guo_los,guo_los,clinicalbert_type2_mean_pool,knn,0,32,auroc,0.5344787283777467
3133,,,,guo_los,guo_los,clinicalbert_type2_mean_pool,knn,0,32,auprc,0.26786274122479564
3134,,,,guo_los,guo_los,clinicalbert_type2_mean_pool,knn,0,32,brier,0.26241457858769934
3135,,,,guo_los,guo_los,clinicalbert_type2_mean_pool,knn,1,32,auroc,0.5521271622253389
3136,,,,guo_los,guo_los,clinicalbert_type2_mean_pool,knn,1,32,auprc,0.27535971514814056
3137,,,,guo_los,guo_los,clinicalbert_type2_mean_pool,knn,1,32,brier,0.27876486965325237
3138,,,,guo_los,guo_los,clinicalbert_type2_mean_pool,knn,2,32,auroc,0.5378053137156316
3139,,,,guo_los,guo_los,clinicalbert_type2_mean_pool,knn,2,32,auprc,0.2900846794888821
3140,,,,guo_los,guo_los,clinicalbert_type2_mean_pool,knn,2,32,brier,0.29050282558153734
3141,,,,guo_los,guo_los,clinicalbert_type2_mean_pool,knn,3,32,auroc,0.514685159702559
3142,,,,guo_los,guo_los,clinicalbert_type2_mean_pool,knn,3,32,auprc,0.2676936934855444
3143,,,,guo_los,guo_los,clinicalbert_type2_mean_pool,knn,3,32,brier,0.3187070505967464
3144,,,,guo_los,guo_los,clinicalbert_type2_mean_pool,knn,4,32,auroc,0.4766345144530595
3145,,,,guo_los,guo_los,clinicalbert_type2_mean_pool,knn,4,32,auprc,0.23847745445746588
3146,,,,guo_los,guo_los,clinicalbert_type2_mean_pool,knn,4,32,brier,0.3660991160327658
3147,,,,guo_los,guo_los,clinicalbert_type2_mean_pool,knn,0,48,auroc,0.5496628207503065
3148,,,,guo_los,guo_los,clinicalbert_type2_mean_pool,knn,0,48,auprc,0.2767847300726733
3149,,,,guo_los,guo_los,clinicalbert_type2_mean_pool,knn,0,48,brier,0.2687744874715262
3150,,,,guo_los,guo_los,clinicalbert_type2_mean_pool,knn,1,48,auroc,0.5736617578307621
3151,,,,guo_los,guo_los,clinicalbert_type2_mean_pool,knn,1,48,auprc,0.2877223675104865
3152,,,,guo_los,guo_los,clinicalbert_type2_mean_pool,knn,1,48,brier,0.27542394330549225
3153,,,,guo_los,guo_los,clinicalbert_type2_mean_pool,knn,2,48,auroc,0.5542408725643265
3154,,,,guo_los,guo_los,clinicalbert_type2_mean_pool,knn,2,48,auprc,0.2905992720562072
3155,,,,guo_los,guo_los,clinicalbert_type2_mean_pool,knn,2,48,brier,0.263674381593977
3156,,,,guo_los,guo_los,clinicalbert_type2_mean_pool,knn,3,48,auroc,0.5587935642647331
3157,,,,guo_los,guo_los,clinicalbert_type2_mean_pool,knn,3,48,auprc,0.28941378263836814
3158,,,,guo_los,guo_los,clinicalbert_type2_mean_pool,knn,3,48,brier,0.2851556065905227
3159,,,,guo_los,guo_los,clinicalbert_type2_mean_pool,knn,4,48,auroc,0.506238587948874
3160,,,,guo_los,guo_los,clinicalbert_type2_mean_pool,knn,4,48,auprc,0.25387402364198197
3161,,,,guo_los,guo_los,clinicalbert_type2_mean_pool,knn,4,48,brier,0.49066059225512526
3162,,,,guo_los,guo_los,clinicalbert_type2_mean_pool,knn,0,64,auroc,0.5517252595552498
3163,,,,guo_los,guo_los,clinicalbert_type2_mean_pool,knn,0,64,auprc,0.2827748785373241
3164,,,,guo_los,guo_los,clinicalbert_type2_mean_pool,knn,0,64,brier,0.2654031890660593
3165,,,,guo_los,guo_los,clinicalbert_type2_mean_pool,knn,1,64,auroc,0.5858379202060564
3166,,,,guo_los,guo_los,clinicalbert_type2_mean_pool,knn,1,64,auprc,0.29639824633871975
3167,,,,guo_los,guo_los,clinicalbert_type2_mean_pool,knn,1,64,brier,0.2575489749430524
3168,,,,guo_los,guo_los,clinicalbert_type2_mean_pool,knn,2,64,auroc,0.5482432056947789
3169,,,,guo_los,guo_los,clinicalbert_type2_mean_pool,knn,2,64,auprc,0.2948273496026395
3170,,,,guo_los,guo_los,clinicalbert_type2_mean_pool,knn,2,64,brier,0.30234083068533574
3171,,,,guo_los,guo_los,clinicalbert_type2_mean_pool,knn,3,64,auroc,0.5487647419443047
3172,,,,guo_los,guo_los,clinicalbert_type2_mean_pool,knn,3,64,auprc,0.27491920090689675
3173,,,,guo_los,guo_los,clinicalbert_type2_mean_pool,knn,3,64,brier,0.2982961275626424
3174,,,,guo_los,guo_los,clinicalbert_type2_mean_pool,knn,4,64,auroc,0.529480580768654
3175,,,,guo_los,guo_los,clinicalbert_type2_mean_pool,knn,4,64,auprc,0.2641866474295158
3176,,,,guo_los,guo_los,clinicalbert_type2_mean_pool,knn,4,64,brier,0.27870615034168567
3177,,,,guo_los,guo_los,clinicalbert_type2_mean_pool,knn,0,128,auroc,0.5494908130231901
3178,,,,guo_los,guo_los,clinicalbert_type2_mean_pool,knn,0,128,auprc,0.2764124040777275
3179,,,,guo_los,guo_los,clinicalbert_type2_mean_pool,knn,0,128,brier,0.28471981776765376
3180,,,,guo_los,guo_los,clinicalbert_type2_mean_pool,knn,1,128,auroc,0.5727438319793239
3181,,,,guo_los,guo_los,clinicalbert_type2_mean_pool,knn,1,128,auprc,0.29528403094551303
3182,,,,guo_los,guo_los,clinicalbert_type2_mean_pool,knn,1,128,brier,0.27340517632129585
3183,,,,guo_los,guo_los,clinicalbert_type2_mean_pool,knn,2,128,auroc,0.5533157797242584
3184,,,,guo_los,guo_los,clinicalbert_type2_mean_pool,knn,2,128,auprc,0.27960253946768243
3185,,,,guo_los,guo_los,clinicalbert_type2_mean_pool,knn,2,128,brier,0.2792614936295638
3186,,,,guo_los,guo_los,clinicalbert_type2_mean_pool,knn,3,128,auroc,0.5552525205747705
3187,,,,guo_los,guo_los,clinicalbert_type2_mean_pool,knn,3,128,auprc,0.28938084719874957
3188,,,,guo_los,guo_los,clinicalbert_type2_mean_pool,knn,3,128,brier,0.31878761846545073
3189,,,,guo_los,guo_los,clinicalbert_type2_mean_pool,knn,4,128,auroc,0.5373317411592439
3190,,,,guo_los,guo_los,clinicalbert_type2_mean_pool,knn,4,128,auprc,0.27929340841351613
3191,,,,guo_los,guo_los,clinicalbert_type2_mean_pool,knn,4,128,brier,0.287229534771183
3192,,,,guo_los,guo_los,clinicalbert_type2_mean_pool,rf,0,-1,auroc,0.6664621318373072
3193,,,,guo_los,guo_los,clinicalbert_type2_mean_pool,rf,0,-1,auprc,0.3653297590419413
3194,,,,guo_los,guo_los,clinicalbert_type2_mean_pool,rf,0,-1,brier,0.1787304486677723
3195,,,,guo_los,guo_los,clinicalbert_type2_mean_pool,rf,0,1,auroc,0.5012933657942789
3196,,,,guo_los,guo_los,clinicalbert_type2_mean_pool,rf,0,1,auprc,0.2533996412245968
3197,,,,guo_los,guo_los,clinicalbert_type2_mean_pool,rf,0,1,brier,0.35205922551252844
3198,,,,guo_los,guo_los,clinicalbert_type2_mean_pool,rf,1,1,auroc,0.47574911570386447
3199,,,,guo_los,guo_los,clinicalbert_type2_mean_pool,rf,1,1,auprc,0.24325735101094972
3200,,,,guo_los,guo_los,clinicalbert_type2_mean_pool,rf,1,1,brier,0.2810797266514807
3201,,,,guo_los,guo_los,clinicalbert_type2_mean_pool,rf,2,1,auroc,0.48326397893566914
3202,,,,guo_los,guo_los,clinicalbert_type2_mean_pool,rf,2,1,auprc,0.2433417007207191
3203,,,,guo_los,guo_los,clinicalbert_type2_mean_pool,rf,2,1,brier,0.3671161731207289
3204,,,,guo_los,guo_los,clinicalbert_type2_mean_pool,rf,3,1,auroc,0.4902352536452407
3205,,,,guo_los,guo_los,clinicalbert_type2_mean_pool,rf,3,1,auprc,0.2481803591027616
3206,,,,guo_los,guo_los,clinicalbert_type2_mean_pool,rf,3,1,brier,0.35623348519362186
3207,,,,guo_los,guo_los,clinicalbert_type2_mean_pool,rf,4,1,auroc,0.4993097638642638
3208,,,,guo_los,guo_los,clinicalbert_type2_mean_pool,rf,4,1,auprc,0.24818483642122227
3209,,,,guo_los,guo_los,clinicalbert_type2_mean_pool,rf,4,1,brier,0.2578986788154898
3210,,,,guo_los,guo_los,clinicalbert_type2_mean_pool,rf,0,2,auroc,0.48008679774537566
3211,,,,guo_los,guo_los,clinicalbert_type2_mean_pool,rf,0,2,auprc,0.2525749333070435
3212,,,,guo_los,guo_los,clinicalbert_type2_mean_pool,rf,0,2,brier,0.27508259681093394
3213,,,,guo_los,guo_los,clinicalbert_type2_mean_pool,rf,1,2,auroc,0.5097382836275107
3214,,,,guo_los,guo_los,clinicalbert_type2_mean_pool,rf,1,2,auprc,0.2633413367395038
3215,,,,guo_los,guo_los,clinicalbert_type2_mean_pool,rf,1,2,brier,0.2770706150341685
3216,,,,guo_los,guo_los,clinicalbert_type2_mean_pool,rf,2,2,auroc,0.540825372462886
3217,,,,guo_los,guo_los,clinicalbert_type2_mean_pool,rf,2,2,auprc,0.27058467524125795
3218,,,,guo_los,guo_los,clinicalbert_type2_mean_pool,rf,2,2,brier,0.2671571753986333
3219,,,,guo_los,guo_los,clinicalbert_type2_mean_pool,rf,3,2,auroc,0.5025525505658613
3220,,,,guo_los,guo_los,clinicalbert_type2_mean_pool,rf,3,2,auprc,0.258801187754157
3221,,,,guo_los,guo_los,clinicalbert_type2_mean_pool,rf,3,2,brier,0.3865671981776766
3222,,,,guo_los,guo_los,clinicalbert_type2_mean_pool,rf,4,2,auroc,0.4721639674684873
3223,,,,guo_los,guo_los,clinicalbert_type2_mean_pool,rf,4,2,auprc,0.24237902805374387
3224,,,,guo_los,guo_los,clinicalbert_type2_mean_pool,rf,4,2,brier,0.23795558086560364
3225,,,,guo_los,guo_los,clinicalbert_type2_mean_pool,rf,0,4,auroc,0.5149591591909463
3226,,,,guo_los,guo_los,clinicalbert_type2_mean_pool,rf,0,4,auprc,0.2690445954606595
3227,,,,guo_los,guo_los,clinicalbert_type2_mean_pool,rf,0,4,brier,0.24289344975955457
3228,,,,guo_los,guo_los,clinicalbert_type2_mean_pool,rf,1,4,auroc,0.44713518925260437
3229,,,,guo_los,guo_los,clinicalbert_type2_mean_pool,rf,1,4,auprc,0.23390984617232477
3230,,,,guo_los,guo_los,clinicalbert_type2_mean_pool,rf,1,4,brier,0.32095671981776763
3231,,,,guo_los,guo_los,clinicalbert_type2_mean_pool,rf,2,4,auroc,0.5747781541365653
3232,,,,guo_los,guo_los,clinicalbert_type2_mean_pool,rf,2,4,auprc,0.3056866086422967
3233,,,,guo_los,guo_los,clinicalbert_type2_mean_pool,rf,2,4,brier,0.24487580865603648
3234,,,,guo_los,guo_los,clinicalbert_type2_mean_pool,rf,3,4,auroc,0.40162701668033907
3235,,,,guo_los,guo_los,clinicalbert_type2_mean_pool,rf,3,4,auprc,0.2136220297029903
3236,,,,guo_los,guo_los,clinicalbert_type2_mean_pool,rf,3,4,brier,0.3254715261958998
3237,,,,guo_los,guo_los,clinicalbert_type2_mean_pool,rf,4,4,auroc,0.520513024072261
3238,,,,guo_los,guo_los,clinicalbert_type2_mean_pool,rf,4,4,auprc,0.26081261275565115
3239,,,,guo_los,guo_los,clinicalbert_type2_mean_pool,rf,4,4,brier,0.2744202733485194
3240,,,,guo_los,guo_los,clinicalbert_type2_mean_pool,rf,0,8,auroc,0.5484135595014422
3241,,,,guo_los,guo_los,clinicalbert_type2_mean_pool,rf,0,8,auprc,0.2818795637889149
3242,,,,guo_los,guo_los,clinicalbert_type2_mean_pool,rf,0,8,brier,0.26382159453302967
3243,,,,guo_los,guo_los,clinicalbert_type2_mean_pool,rf,1,8,auroc,0.4772122839979889
3244,,,,guo_los,guo_los,clinicalbert_type2_mean_pool,rf,1,8,auprc,0.2443199014224065
3245,,,,guo_los,guo_los,clinicalbert_type2_mean_pool,rf,1,8,brier,0.30897949886104786
3246,,,,guo_los,guo_los,clinicalbert_type2_mean_pool,rf,2,8,auroc,0.5314531565623153
3247,,,,guo_los,guo_los,clinicalbert_type2_mean_pool,rf,2,8,auprc,0.28405383520551075
3248,,,,guo_los,guo_los,clinicalbert_type2_mean_pool,rf,2,8,brier,0.2635644646924829
3249,,,,guo_los,guo_los,clinicalbert_type2_mean_pool,rf,3,8,auroc,0.41493335803187875
3250,,,,guo_los,guo_los,clinicalbert_type2_mean_pool,rf,3,8,auprc,0.21793957860582633
3251,,,,guo_los,guo_los,clinicalbert_type2_mean_pool,rf,3,8,brier,0.32145330296127567
3252,,,,guo_los,guo_los,clinicalbert_type2_mean_pool,rf,4,8,auroc,0.569408425732356
3253,,,,guo_los,guo_los,clinicalbert_type2_mean_pool,rf,4,8,auprc,0.2873502573994945
3254,,,,guo_los,guo_los,clinicalbert_type2_mean_pool,rf,4,8,brier,0.2796155353075171
3255,,,,guo_los,guo_los,clinicalbert_type2_mean_pool,rf,0,12,auroc,0.4796396879162367
3256,,,,guo_los,guo_los,clinicalbert_type2_mean_pool,rf,0,12,auprc,0.2459536424479213
3257,,,,guo_los,guo_los,clinicalbert_type2_mean_pool,rf,0,12,brier,0.27318906605922544
3258,,,,guo_los,guo_los,clinicalbert_type2_mean_pool,rf,1,12,auroc,0.5300930826430972
3259,,,,guo_los,guo_los,clinicalbert_type2_mean_pool,rf,1,12,auprc,0.2691280943039809
3260,,,,guo_los,guo_los,clinicalbert_type2_mean_pool,rf,1,12,brier,0.2754681093394077
3261,,,,guo_los,guo_los,clinicalbert_type2_mean_pool,rf,2,12,auroc,0.5343684670142106
3262,,,,guo_los,guo_los,clinicalbert_type2_mean_pool,rf,2,12,auprc,0.2914595445763486
3263,,,,guo_los,guo_los,clinicalbert_type2_mean_pool,rf,2,12,brier,0.2509798228296634
3264,,,,guo_los,guo_los,clinicalbert_type2_mean_pool,rf,3,12,auroc,0.45408882214401014
3265,,,,guo_los,guo_los,clinicalbert_type2_mean_pool,rf,3,12,auprc,0.22785429461954848
3266,,,,guo_los,guo_los,clinicalbert_type2_mean_pool,rf,3,12,brier,0.29026879271070616
3267,,,,guo_los,guo_los,clinicalbert_type2_mean_pool,rf,4,12,auroc,0.5753013443065442
3268,,,,guo_los,guo_los,clinicalbert_type2_mean_pool,rf,4,12,auprc,0.295211009669679
3269,,,,guo_los,guo_los,clinicalbert_type2_mean_pool,rf,4,12,brier,0.2922608200455581
3270,,,,guo_los,guo_los,clinicalbert_type2_mean_pool,rf,0,16,auroc,0.4997155256820768
3271,,,,guo_los,guo_los,clinicalbert_type2_mean_pool,rf,0,16,auprc,0.25171384715436607
3272,,,,guo_los,guo_los,clinicalbert_type2_mean_pool,rf,0,16,brier,0.24894874715261958
3273,,,,guo_los,guo_los,clinicalbert_type2_mean_pool,rf,1,16,auroc,0.5900532121340425
3274,,,,guo_los,guo_los,clinicalbert_type2_mean_pool,rf,1,16,auprc,0.3074816194458102
3275,,,,guo_los,guo_los,clinicalbert_type2_mean_pool,rf,1,16,brier,0.23928011136421165
3276,,,,guo_los,guo_los,clinicalbert_type2_mean_pool,rf,2,16,auroc,0.5487250478534318
3277,,,,guo_los,guo_los,clinicalbert_type2_mean_pool,rf,2,16,auprc,0.2840585447571888
3278,,,,guo_los,guo_los,clinicalbert_type2_mean_pool,rf,2,16,brier,0.2857767653758542
3279,,,,guo_los,guo_los,clinicalbert_type2_mean_pool,rf,3,16,auroc,0.4418806839732903
3280,,,,guo_los,guo_los,clinicalbert_type2_mean_pool,rf,3,16,auprc,0.22696604905905163
3281,,,,guo_los,guo_los,clinicalbert_type2_mean_pool,rf,3,16,brier,0.2705193666179188
3282,,,,guo_los,guo_los,clinicalbert_type2_mean_pool,rf,4,16,auroc,0.544999316379546
3283,,,,guo_los,guo_los,clinicalbert_type2_mean_pool,rf,4,16,auprc,0.28575282601417323
3284,,,,guo_los,guo_los,clinicalbert_type2_mean_pool,rf,4,16,brier,0.3007835990888383
3285,,,,guo_los,guo_los,clinicalbert_type2_mean_pool,rf,0,24,auroc,0.5036617798830348
3286,,,,guo_los,guo_los,clinicalbert_type2_mean_pool,rf,0,24,auprc,0.25243276375851276
3287,,,,guo_los,guo_los,clinicalbert_type2_mean_pool,rf,0,24,brier,0.26371753986332575
3288,,,,guo_los,guo_los,clinicalbert_type2_mean_pool,rf,1,24,auroc,0.6021588072366738
3289,,,,guo_los,guo_los,clinicalbert_type2_mean_pool,rf,1,24,auprc,0.3071995581823059
3290,,,,guo_los,guo_los,clinicalbert_type2_mean_pool,rf,1,24,brier,0.2309796810933941
3291,,,,guo_los,guo_los,clinicalbert_type2_mean_pool,rf,2,24,auroc,0.5916023842917251
3292,,,,guo_los,guo_los,clinicalbert_type2_mean_pool,rf,2,24,auprc,0.32504774435597583
3293,,,,guo_los,guo_los,clinicalbert_type2_mean_pool,rf,2,24,brier,0.25382295621361683
3294,,,,guo_los,guo_los,clinicalbert_type2_mean_pool,rf,3,24,auroc,0.5055406335176904
3295,,,,guo_los,guo_los,clinicalbert_type2_mean_pool,rf,3,24,auprc,0.2667726093219112
3296,,,,guo_los,guo_los,clinicalbert_type2_mean_pool,rf,3,24,brier,0.2563367046317388
3297,,,,guo_los,guo_los,clinicalbert_type2_mean_pool,rf,4,24,auroc,0.5493309340460628
3298,,,,guo_los,guo_los,clinicalbert_type2_mean_pool,rf,4,24,auprc,0.286104600847097
3299,,,,guo_los,guo_los,clinicalbert_type2_mean_pool,rf,4,24,brier,0.25990769790374896
3300,,,,guo_los,guo_los,clinicalbert_type2_mean_pool,rf,0,32,auroc,0.47827354962202395
3301,,,,guo_los,guo_los,clinicalbert_type2_mean_pool,rf,0,32,auprc,0.25686373430080245
3302,,,,guo_los,guo_los,clinicalbert_type2_mean_pool,rf,0,32,brier,0.2855842519494899
3303,,,,guo_los,guo_los,clinicalbert_type2_mean_pool,rf,1,32,auroc,0.5832285850379739
3304,,,,guo_los,guo_los,clinicalbert_type2_mean_pool,rf,1,32,auprc,0.29013076749047995
3305,,,,guo_los,guo_los,clinicalbert_type2_mean_pool,rf,1,32,brier,0.23446742942153145
3306,,,,guo_los,guo_los,clinicalbert_type2_mean_pool,rf,2,32,auroc,0.5690429093122338
3307,,,,guo_los,guo_los,clinicalbert_type2_mean_pool,rf,2,32,auprc,0.30682851253085613
3308,,,,guo_los,guo_los,clinicalbert_type2_mean_pool,rf,2,32,brier,0.24880068337129843
3309,,,,guo_los,guo_los,clinicalbert_type2_mean_pool,rf,3,32,auroc,0.5193971790732753
3310,,,,guo_los,guo_los,clinicalbert_type2_mean_pool,rf,3,32,auprc,0.26298565857656653
3311,,,,guo_los,guo_los,clinicalbert_type2_mean_pool,rf,3,32,brier,0.25557630979498863
3312,,,,guo_los,guo_los,clinicalbert_type2_mean_pool,rf,4,32,auroc,0.499473501989115
3313,,,,guo_los,guo_los,clinicalbert_type2_mean_pool,rf,4,32,auprc,0.2573093882473614
3314,,,,guo_los,guo_los,clinicalbert_type2_mean_pool,rf,4,32,brier,0.27208918750039857
3315,,,,guo_los,guo_los,clinicalbert_type2_mean_pool,rf,0,48,auroc,0.6087408593329628
3316,,,,guo_los,guo_los,clinicalbert_type2_mean_pool,rf,0,48,auprc,0.3196995732926325
3317,,,,guo_los,guo_los,clinicalbert_type2_mean_pool,rf,0,48,brier,0.2504996628230596
3318,,,,guo_los,guo_los,clinicalbert_type2_mean_pool,rf,1,48,auroc,0.6407877733379203
3319,,,,guo_los,guo_los,clinicalbert_type2_mean_pool,rf,1,48,auprc,0.34028818789645415
3320,,,,guo_los,guo_los,clinicalbert_type2_mean_pool,rf,1,48,brier,0.24168601366742598
3321,,,,guo_los,guo_los,clinicalbert_type2_mean_pool,rf,2,48,auroc,0.5855815625358349
3322,,,,guo_los,guo_los,clinicalbert_type2_mean_pool,rf,2,48,auprc,0.30202436972654956
3323,,,,guo_los,guo_los,clinicalbert_type2_mean_pool,rf,2,48,brier,0.24436902050113896
3324,,,,guo_los,guo_los,clinicalbert_type2_mean_pool,rf,3,48,auroc,0.5417598375188547
3325,,,,guo_los,guo_los,clinicalbert_type2_mean_pool,rf,3,48,auprc,0.267836235131171
3326,,,,guo_los,guo_los,clinicalbert_type2_mean_pool,rf,3,48,brier,0.2789521640091116
3327,,,,guo_los,guo_los,clinicalbert_type2_mean_pool,rf,4,48,auroc,0.5387949094533683
3328,,,,guo_los,guo_los,clinicalbert_type2_mean_pool,rf,4,48,auprc,0.26890598970692975
3329,,,,guo_los,guo_los,clinicalbert_type2_mean_pool,rf,4,48,brier,0.257946903468781
3330,,,,guo_los,guo_los,clinicalbert_type2_mean_pool,rf,0,64,auroc,0.6259239902264327
3331,,,,guo_los,guo_los,clinicalbert_type2_mean_pool,rf,0,64,auprc,0.337392934522942
3332,,,,guo_los,guo_los,clinicalbert_type2_mean_pool,rf,0,64,brier,0.23582642471420034
3333,,,,guo_los,guo_los,clinicalbert_type2_mean_pool,rf,1,64,auroc,0.6434654705513951
3334,,,,guo_los,guo_los,clinicalbert_type2_mean_pool,rf,1,64,auprc,0.3384349264303216
3335,,,,guo_los,guo_los,clinicalbert_type2_mean_pool,rf,1,64,brier,0.23317398709547404
3336,,,,guo_los,guo_los,clinicalbert_type2_mean_pool,rf,2,64,auroc,0.6101566152407668
3337,,,,guo_los,guo_los,clinicalbert_type2_mean_pool,rf,2,64,auprc,0.32190100173191305
3338,,,,guo_los,guo_los,clinicalbert_type2_mean_pool,rf,2,64,brier,0.2585899772209567
3339,,,,guo_los,guo_los,clinicalbert_type2_mean_pool,rf,3,64,auroc,0.5787067665193576
3340,,,,guo_los,guo_los,clinicalbert_type2_mean_pool,rf,3,64,auprc,0.2983218338897046
3341,,,,guo_los,guo_los,clinicalbert_type2_mean_pool,rf,3,64,brier,0.2581822323462415
3342,,,,guo_los,guo_los,clinicalbert_type2_mean_pool,rf,4,64,auroc,0.5541647922234866
3343,,,,guo_los,guo_los,clinicalbert_type2_mean_pool,rf,4,64,auprc,0.2862474640378164
3344,,,,guo_los,guo_los,clinicalbert_type2_mean_pool,rf,4,64,brier,0.2495688338086934
3345,,,,guo_los,guo_los,clinicalbert_type2_mean_pool,rf,0,128,auroc,0.582940251572327
3346,,,,guo_los,guo_los,clinicalbert_type2_mean_pool,rf,0,128,auprc,0.30173070411088765
3347,,,,guo_los,guo_los,clinicalbert_type2_mean_pool,rf,0,128,brier,0.2662822815069692
3348,,,,guo_los,guo_los,clinicalbert_type2_mean_pool,rf,1,128,auroc,0.6582702638333906
3349,,,,guo_los,guo_los,clinicalbert_type2_mean_pool,rf,1,128,auprc,0.341884813301527
3350,,,,guo_los,guo_los,clinicalbert_type2_mean_pool,rf,1,128,brier,0.2316131577420711
3351,,,,guo_los,guo_los,clinicalbert_type2_mean_pool,rf,2,128,auroc,0.6393775304982932
3352,,,,guo_los,guo_los,clinicalbert_type2_mean_pool,rf,2,128,auprc,0.34567613377508194
3353,,,,guo_los,guo_los,clinicalbert_type2_mean_pool,rf,2,128,brier,0.2301265667603129
3354,,,,guo_los,guo_los,clinicalbert_type2_mean_pool,rf,3,128,auroc,0.5952112387202625
3355,,,,guo_los,guo_los,clinicalbert_type2_mean_pool,rf,3,128,auprc,0.30235226201338666
3356,,,,guo_los,guo_los,clinicalbert_type2_mean_pool,rf,3,128,brier,0.2484280637813212
3357,,,,guo_los,guo_los,clinicalbert_type2_mean_pool,rf,4,128,auroc,0.5990819638871981
3358,,,,guo_los,guo_los,clinicalbert_type2_mean_pool,rf,4,128,auprc,0.315497889762451
3359,,,,guo_los,guo_los,clinicalbert_type2_mean_pool,rf,4,128,brier,0.24357375788917107
3360,,,,guo_los,guo_los,clinicalbert_type2_clinicalbert_pool,lr_lbfgs,0,-1,auroc,0.703464191519578
3361,,,,guo_los,guo_los,clinicalbert_type2_clinicalbert_pool,lr_lbfgs,0,-1,auprc,0.4193164011582856
3362,,,,guo_los,guo_los,clinicalbert_type2_clinicalbert_pool,lr_lbfgs,0,-1,brier,0.17187509713599483
3363,,,,guo_los,guo_los,clinicalbert_type2_clinicalbert_pool,lr_lbfgs,0,1,auroc,0.44863364118306037
3364,,,,guo_los,guo_los,clinicalbert_type2_clinicalbert_pool,lr_lbfgs,0,1,auprc,0.24622207527314788
3365,,,,guo_los,guo_los,clinicalbert_type2_clinicalbert_pool,lr_lbfgs,0,1,brier,0.24999854695034163
3366,,,,guo_los,guo_los,clinicalbert_type2_clinicalbert_pool,lr_lbfgs,1,1,auroc,0.4148230966683426
3367,,,,guo_los,guo_los,clinicalbert_type2_clinicalbert_pool,lr_lbfgs,1,1,auprc,0.21447272550568455
3368,,,,guo_los,guo_los,clinicalbert_type2_clinicalbert_pool,lr_lbfgs,1,1,brier,0.24999884427194655
3369,,,,guo_los,guo_los,clinicalbert_type2_clinicalbert_pool,lr_lbfgs,2,1,auroc,0.4926698245521184
3370,,,,guo_los,guo_los,clinicalbert_type2_clinicalbert_pool,lr_lbfgs,2,1,auprc,0.25320677375472334
3371,,,,guo_los,guo_los,clinicalbert_type2_clinicalbert_pool,lr_lbfgs,2,1,brier,0.25000149857882586
3372,,,,guo_los,guo_los,clinicalbert_type2_clinicalbert_pool,lr_lbfgs,3,1,auroc,0.4821508904707719
3373,,,,guo_los,guo_los,clinicalbert_type2_clinicalbert_pool,lr_lbfgs,3,1,auprc,0.24845091145109166
3374,,,,guo_los,guo_los,clinicalbert_type2_clinicalbert_pool,lr_lbfgs,3,1,brier,0.25000147296076075
3375,,,,guo_los,guo_los,clinicalbert_type2_clinicalbert_pool,lr_lbfgs,4,1,auroc,0.45475204424567994
3376,,,,guo_los,guo_los,clinicalbert_type2_clinicalbert_pool,lr_lbfgs,4,1,auprc,0.2210900649869497
3377,,,,guo_los,guo_los,clinicalbert_type2_clinicalbert_pool,lr_lbfgs,4,1,brier,0.24999794742531686
3378,,,,guo_los,guo_los,clinicalbert_type2_clinicalbert_pool,lr_lbfgs,0,2,auroc,0.49104126421268973
3379,,,,guo_los,guo_los,clinicalbert_type2_clinicalbert_pool,lr_lbfgs,0,2,auprc,0.26031970197873383
3380,,,,guo_los,guo_los,clinicalbert_type2_clinicalbert_pool,lr_lbfgs,0,2,brier,0.2500000705648837
3381,,,,guo_los,guo_los,clinicalbert_type2_clinicalbert_pool,lr_lbfgs,1,2,auroc,0.4150039253045419
3382,,,,guo_los,guo_los,clinicalbert_type2_clinicalbert_pool,lr_lbfgs,1,2,auprc,0.2096232179587248
3383,,,,guo_los,guo_los,clinicalbert_type2_clinicalbert_pool,lr_lbfgs,1,2,brier,0.24999896958496232
3384,,,,guo_los,guo_los,clinicalbert_type2_clinicalbert_pool,lr_lbfgs,2,2,auroc,0.5700314024363351
3385,,,,guo_los,guo_los,clinicalbert_type2_clinicalbert_pool,lr_lbfgs,2,2,auprc,0.3083224366272235
3386,,,,guo_los,guo_los,clinicalbert_type2_clinicalbert_pool,lr_lbfgs,2,2,brier,0.3390413828168219
3387,,,,guo_los,guo_los,clinicalbert_type2_clinicalbert_pool,lr_lbfgs,3,2,auroc,0.5136161757830762
3388,,,,guo_los,guo_los,clinicalbert_type2_clinicalbert_pool,lr_lbfgs,3,2,auprc,0.26943577387731255
3389,,,,guo_los,guo_los,clinicalbert_type2_clinicalbert_pool,lr_lbfgs,3,2,brier,0.25000131664609393
3390,,,,guo_los,guo_los,clinicalbert_type2_clinicalbert_pool,lr_lbfgs,4,2,auroc,0.44046878721321014
3391,,,,guo_los,guo_los,clinicalbert_type2_clinicalbert_pool,lr_lbfgs,4,2,auprc,0.24705130219582153
3392,,,,guo_los,guo_los,clinicalbert_type2_clinicalbert_pool,lr_lbfgs,4,2,brier,0.24999870639282723
3393,,,,guo_los,guo_los,clinicalbert_type2_clinicalbert_pool,lr_lbfgs,0,4,auroc,0.5032802755651997
3394,,,,guo_los,guo_los,clinicalbert_type2_clinicalbert_pool,lr_lbfgs,0,4,auprc,0.26453395593773854
3395,,,,guo_los,guo_los,clinicalbert_type2_clinicalbert_pool,lr_lbfgs,0,4,brier,0.25000006255377666
3396,,,,guo_los,guo_los,clinicalbert_type2_clinicalbert_pool,lr_lbfgs,1,4,auroc,0.45948446196865045
3397,,,,guo_los,guo_los,clinicalbert_type2_clinicalbert_pool,lr_lbfgs,1,4,auprc,0.23974864492728887
3398,,,,guo_los,guo_los,clinicalbert_type2_clinicalbert_pool,lr_lbfgs,1,4,brier,0.24999931483918492
3399,,,,guo_los,guo_los,clinicalbert_type2_clinicalbert_pool,lr_lbfgs,2,4,auroc,0.5707613326629442
3400,,,,guo_los,guo_los,clinicalbert_type2_clinicalbert_pool,lr_lbfgs,2,4,auprc,0.3139073445176629
3401,,,,guo_los,guo_los,clinicalbert_type2_clinicalbert_pool,lr_lbfgs,2,4,brier,0.24999884540873543
3402,,,,guo_los,guo_los,clinicalbert_type2_clinicalbert_pool,lr_lbfgs,3,4,auroc,0.43467344994575136
3403,,,,guo_los,guo_los,clinicalbert_type2_clinicalbert_pool,lr_lbfgs,3,4,auprc,0.22126489107802388
3404,,,,guo_los,guo_los,clinicalbert_type2_clinicalbert_pool,lr_lbfgs,3,4,brier,0.250000068910667
3405,,,,guo_los,guo_los,clinicalbert_type2_clinicalbert_pool,lr_lbfgs,4,4,auroc,0.5026837615884693
3406,,,,guo_los,guo_los,clinicalbert_type2_clinicalbert_pool,lr_lbfgs,4,4,auprc,0.25420835248193724
3407,,,,guo_los,guo_los,clinicalbert_type2_clinicalbert_pool,lr_lbfgs,4,4,brier,0.24999983004372836
3408,,,,guo_los,guo_los,clinicalbert_type2_clinicalbert_pool,lr_lbfgs,0,8,auroc,0.5645657466458492
3409,,,,guo_los,guo_los,clinicalbert_type2_clinicalbert_pool,lr_lbfgs,0,8,auprc,0.29337212488646597
3410,,,,guo_los,guo_los,clinicalbert_type2_clinicalbert_pool,lr_lbfgs,0,8,brier,0.46124018437269393
3411,,,,guo_los,guo_los,clinicalbert_type2_clinicalbert_pool,lr_lbfgs,1,8,auroc,0.46929551809609493
3412,,,,guo_los,guo_los,clinicalbert_type2_clinicalbert_pool,lr_lbfgs,1,8,auprc,0.23832104855063732
3413,,,,guo_los,guo_los,clinicalbert_type2_clinicalbert_pool,lr_lbfgs,1,8,brier,0.5175395335915832
3414,,,,guo_los,guo_los,clinicalbert_type2_clinicalbert_pool,lr_lbfgs,2,8,auroc,0.577328499475156
3415,,,,guo_los,guo_los,clinicalbert_type2_clinicalbert_pool,lr_lbfgs,2,8,auprc,0.3129055696928367
3416,,,,guo_los,guo_los,clinicalbert_type2_clinicalbert_pool,lr_lbfgs,2,8,brier,0.2600252962917513
3417,,,,guo_los,guo_los,clinicalbert_type2_clinicalbert_pool,lr_lbfgs,3,8,auroc,0.4079218379246165
3418,,,,guo_los,guo_los,clinicalbert_type2_clinicalbert_pool,lr_lbfgs,3,8,auprc,0.20641330743169914
3419,,,,guo_los,guo_los,clinicalbert_type2_clinicalbert_pool,lr_lbfgs,3,8,brier,0.3703805172244961
3420,,,,guo_los,guo_los,clinicalbert_type2_clinicalbert_pool,lr_lbfgs,4,8,auroc,0.5291707463371175
3421,,,,guo_los,guo_los,clinicalbert_type2_clinicalbert_pool,lr_lbfgs,4,8,auprc,0.2711467446095061
3422,,,,guo_los,guo_los,clinicalbert_type2_clinicalbert_pool,lr_lbfgs,4,8,brier,0.44623963195901595
3423,,,,guo_los,guo_los,clinicalbert_type2_clinicalbert_pool,lr_lbfgs,0,12,auroc,0.5091164095371669
3424,,,,guo_los,guo_los,clinicalbert_type2_clinicalbert_pool,lr_lbfgs,0,12,auprc,0.2612530004546597
3425,,,,guo_los,guo_los,clinicalbert_type2_clinicalbert_pool,lr_lbfgs,0,12,brier,0.4427663941463172
3426,,,,guo_los,guo_los,clinicalbert_type2_clinicalbert_pool,lr_lbfgs,1,12,auroc,0.5023540801114963
3427,,,,guo_los,guo_los,clinicalbert_type2_clinicalbert_pool,lr_lbfgs,1,12,auprc,0.2552053693798281
3428,,,,guo_los,guo_los,clinicalbert_type2_clinicalbert_pool,lr_lbfgs,1,12,brier,0.45703262797561744
3429,,,,guo_los,guo_los,clinicalbert_type2_clinicalbert_pool,lr_lbfgs,2,12,auroc,0.5120438487390511
3430,,,,guo_los,guo_los,clinicalbert_type2_clinicalbert_pool,lr_lbfgs,2,12,auprc,0.2767591461816786
3431,,,,guo_los,guo_los,clinicalbert_type2_clinicalbert_pool,lr_lbfgs,2,12,brier,0.5115925293706584
3432,,,,guo_los,guo_los,clinicalbert_type2_clinicalbert_pool,lr_lbfgs,3,12,auroc,0.5063014369260896
3433,,,,guo_los,guo_los,clinicalbert_type2_clinicalbert_pool,lr_lbfgs,3,12,auprc,0.2745086875336219
3434,,,,guo_los,guo_los,clinicalbert_type2_clinicalbert_pool,lr_lbfgs,3,12,brier,0.43505241760932517
3435,,,,guo_los,guo_los,clinicalbert_type2_clinicalbert_pool,lr_lbfgs,4,12,auroc,0.5578761897201125
3436,,,,guo_los,guo_los,clinicalbert_type2_clinicalbert_pool,lr_lbfgs,4,12,auprc,0.2905024555951331
3437,,,,guo_los,guo_los,clinicalbert_type2_clinicalbert_pool,lr_lbfgs,4,12,brier,0.5293371065641916
3438,,,,guo_los,guo_los,clinicalbert_type2_clinicalbert_pool,lr_lbfgs,0,16,auroc,0.4948044845501778
3439,,,,guo_los,guo_los,clinicalbert_type2_clinicalbert_pool,lr_lbfgs,0,16,auprc,0.2491625449682951
3440,,,,guo_los,guo_los,clinicalbert_type2_clinicalbert_pool,lr_lbfgs,0,16,brier,0.4920472771142866
3441,,,,guo_los,guo_los,clinicalbert_type2_clinicalbert_pool,lr_lbfgs,1,16,auroc,0.5420636075753967
3442,,,,guo_los,guo_los,clinicalbert_type2_clinicalbert_pool,lr_lbfgs,1,16,auprc,0.28557527537139876
3443,,,,guo_los,guo_los,clinicalbert_type2_clinicalbert_pool,lr_lbfgs,1,16,brier,0.39472707436118215
3444,,,,guo_los,guo_los,clinicalbert_type2_clinicalbert_pool,lr_lbfgs,2,16,auroc,0.5575790353453827
3445,,,,guo_los,guo_los,clinicalbert_type2_clinicalbert_pool,lr_lbfgs,2,16,auprc,0.2994576122352345
3446,,,,guo_los,guo_los,clinicalbert_type2_clinicalbert_pool,lr_lbfgs,2,16,brier,0.45725235154640664
3447,,,,guo_los,guo_los,clinicalbert_type2_clinicalbert_pool,lr_lbfgs,3,16,auroc,0.492143877848051
3448,,,,guo_los,guo_los,clinicalbert_type2_clinicalbert_pool,lr_lbfgs,3,16,auprc,0.26719591712280877
3449,,,,guo_los,guo_los,clinicalbert_type2_clinicalbert_pool,lr_lbfgs,3,16,brier,0.3820225891930226
3450,,,,guo_los,guo_los,clinicalbert_type2_clinicalbert_pool,lr_lbfgs,4,16,auroc,0.527643626452142
3451,,,,guo_los,guo_los,clinicalbert_type2_clinicalbert_pool,lr_lbfgs,4,16,auprc,0.2773537113194858
3452,,,,guo_los,guo_los,clinicalbert_type2_clinicalbert_pool,lr_lbfgs,4,16,brier,0.538050162416925
3453,,,,guo_los,guo_los,clinicalbert_type2_clinicalbert_pool,lr_lbfgs,0,24,auroc,0.4796766254730212
3454,,,,guo_los,guo_los,clinicalbert_type2_clinicalbert_pool,lr_lbfgs,0,24,auprc,0.24271567219392848
3455,,,,guo_los,guo_los,clinicalbert_type2_clinicalbert_pool,lr_lbfgs,0,24,brier,0.49986355862139364
3456,,,,guo_los,guo_los,clinicalbert_type2_clinicalbert_pool,lr_lbfgs,1,24,auroc,0.5703897518678275
3457,,,,guo_los,guo_los,clinicalbert_type2_clinicalbert_pool,lr_lbfgs,1,24,auprc,0.3044354402643868
3458,,,,guo_los,guo_los,clinicalbert_type2_clinicalbert_pool,lr_lbfgs,1,24,brier,0.2499334315844933
3459,,,,guo_los,guo_los,clinicalbert_type2_clinicalbert_pool,lr_lbfgs,2,24,auroc,0.5730746160699322
3460,,,,guo_los,guo_los,clinicalbert_type2_clinicalbert_pool,lr_lbfgs,2,24,auprc,0.312293128079191
3461,,,,guo_los,guo_los,clinicalbert_type2_clinicalbert_pool,lr_lbfgs,2,24,brier,0.4064577546803499
3462,,,,guo_los,guo_los,clinicalbert_type2_clinicalbert_pool,lr_lbfgs,3,24,auroc,0.5055329152222429
3463,,,,guo_los,guo_los,clinicalbert_type2_clinicalbert_pool,lr_lbfgs,3,24,auprc,0.27029015599089434
3464,,,,guo_los,guo_los,clinicalbert_type2_clinicalbert_pool,lr_lbfgs,3,24,brier,0.44766753482121224
3465,,,,guo_los,guo_los,clinicalbert_type2_clinicalbert_pool,lr_lbfgs,4,24,auroc,0.5118122998756252
3466,,,,guo_los,guo_los,clinicalbert_type2_clinicalbert_pool,lr_lbfgs,4,24,auprc,0.26707669160801084
3467,,,,guo_los,guo_los,clinicalbert_type2_clinicalbert_pool,lr_lbfgs,4,24,brier,0.4257660614234206
3468,,,,guo_los,guo_los,clinicalbert_type2_clinicalbert_pool,lr_lbfgs,0,32,auroc,0.5425366288249667
3469,,,,guo_los,guo_los,clinicalbert_type2_clinicalbert_pool,lr_lbfgs,0,32,auprc,0.27909702053130214
3470,,,,guo_los,guo_los,clinicalbert_type2_clinicalbert_pool,lr_lbfgs,0,32,brier,0.45219911687499276
3471,,,,guo_los,guo_los,clinicalbert_type2_clinicalbert_pool,lr_lbfgs,1,32,auroc,0.5639571039191299
3472,,,,guo_los,guo_los,clinicalbert_type2_clinicalbert_pool,lr_lbfgs,1,32,auprc,0.31103558743304865
3473,,,,guo_los,guo_los,clinicalbert_type2_clinicalbert_pool,lr_lbfgs,1,32,brier,0.3930656812131775
3474,,,,guo_los,guo_los,clinicalbert_type2_clinicalbert_pool,lr_lbfgs,2,32,auroc,0.5973299108206092
3475,,,,guo_los,guo_los,clinicalbert_type2_clinicalbert_pool,lr_lbfgs,2,32,auprc,0.3424735829561586
3476,,,,guo_los,guo_los,clinicalbert_type2_clinicalbert_pool,lr_lbfgs,2,32,brier,0.27047958107551523
3477,,,,guo_los,guo_los,clinicalbert_type2_clinicalbert_pool,lr_lbfgs,3,32,auroc,0.5337995183783641
3478,,,,guo_los,guo_los,clinicalbert_type2_clinicalbert_pool,lr_lbfgs,3,32,auprc,0.27938843933566104
3479,,,,guo_los,guo_los,clinicalbert_type2_clinicalbert_pool,lr_lbfgs,3,32,brier,0.4281804239177784
3480,,,,guo_los,guo_los,clinicalbert_type2_clinicalbert_pool,lr_lbfgs,4,32,auroc,0.4902495876225004
3481,,,,guo_los,guo_los,clinicalbert_type2_clinicalbert_pool,lr_lbfgs,4,32,auprc,0.2654494556496012
3482,,,,guo_los,guo_los,clinicalbert_type2_clinicalbert_pool,lr_lbfgs,4,32,brier,0.47024161310971113
3483,,,,guo_los,guo_los,clinicalbert_type2_clinicalbert_pool,lr_lbfgs,0,48,auroc,0.6030193971790733
3484,,,,guo_los,guo_los,clinicalbert_type2_clinicalbert_pool,lr_lbfgs,0,48,auprc,0.337748003140813
3485,,,,guo_los,guo_los,clinicalbert_type2_clinicalbert_pool,lr_lbfgs,0,48,brier,0.2499996049088557
3486,,,,guo_los,guo_los,clinicalbert_type2_clinicalbert_pool,lr_lbfgs,1,48,auroc,0.6468427761165066
3487,,,,guo_los,guo_los,clinicalbert_type2_clinicalbert_pool,lr_lbfgs,1,48,auprc,0.344699968431746
3488,,,,guo_los,guo_los,clinicalbert_type2_clinicalbert_pool,lr_lbfgs,1,48,brier,0.24999835676888868
3489,,,,guo_los,guo_los,clinicalbert_type2_clinicalbert_pool,lr_lbfgs,2,48,auroc,0.6292935774960968
3490,,,,guo_los,guo_los,clinicalbert_type2_clinicalbert_pool,lr_lbfgs,2,48,auprc,0.3687227915496276
3491,,,,guo_los,guo_los,clinicalbert_type2_clinicalbert_pool,lr_lbfgs,2,48,brier,0.25170180664107367
3492,,,,guo_los,guo_los,clinicalbert_type2_clinicalbert_pool,lr_lbfgs,3,48,auroc,0.5783715719742076
3493,,,,guo_los,guo_los,clinicalbert_type2_clinicalbert_pool,lr_lbfgs,3,48,auprc,0.31340337596558665
3494,,,,guo_los,guo_los,clinicalbert_type2_clinicalbert_pool,lr_lbfgs,3,48,brier,0.24999991693032117
3495,,,,guo_los,guo_los,clinicalbert_type2_clinicalbert_pool,lr_lbfgs,4,48,auroc,0.530744175994778
3496,,,,guo_los,guo_los,clinicalbert_type2_clinicalbert_pool,lr_lbfgs,4,48,auprc,0.2830017115208332
3497,,,,guo_los,guo_los,clinicalbert_type2_clinicalbert_pool,lr_lbfgs,4,48,brier,0.25740816123054155
3498,,,,guo_los,guo_los,clinicalbert_type2_clinicalbert_pool,lr_lbfgs,0,64,auroc,0.5682076794834475
3499,,,,guo_los,guo_los,clinicalbert_type2_clinicalbert_pool,lr_lbfgs,0,64,auprc,0.3107568643730979
3500,,,,guo_los,guo_los,clinicalbert_type2_clinicalbert_pool,lr_lbfgs,0,64,brier,0.39504365079124354
3501,,,,guo_los,guo_los,clinicalbert_type2_clinicalbert_pool,lr_lbfgs,1,64,auroc,0.6425635325976696
3502,,,,guo_los,guo_los,clinicalbert_type2_clinicalbert_pool,lr_lbfgs,1,64,auprc,0.34264547757682695
3503,,,,guo_los,guo_los,clinicalbert_type2_clinicalbert_pool,lr_lbfgs,1,64,brier,0.24999817423988843
3504,,,,guo_los,guo_los,clinicalbert_type2_clinicalbert_pool,lr_lbfgs,2,64,auroc,0.6486345232739685
3505,,,,guo_los,guo_los,clinicalbert_type2_clinicalbert_pool,lr_lbfgs,2,64,auprc,0.37793666316823227
3506,,,,guo_los,guo_los,clinicalbert_type2_clinicalbert_pool,lr_lbfgs,2,64,brier,0.24676214962254486
3507,,,,guo_los,guo_los,clinicalbert_type2_clinicalbert_pool,lr_lbfgs,3,64,auroc,0.5973640918433053
3508,,,,guo_los,guo_los,clinicalbert_type2_clinicalbert_pool,lr_lbfgs,3,64,auprc,0.32492886245523256
3509,,,,guo_los,guo_los,clinicalbert_type2_clinicalbert_pool,lr_lbfgs,3,64,brier,0.24222928240137342
3510,,,,guo_los,guo_los,clinicalbert_type2_clinicalbert_pool,lr_lbfgs,4,64,auroc,0.5548726701773884
3511,,,,guo_los,guo_los,clinicalbert_type2_clinicalbert_pool,lr_lbfgs,4,64,auprc,0.30609902132221767
3512,,,,guo_los,guo_los,clinicalbert_type2_clinicalbert_pool,lr_lbfgs,4,64,brier,0.25348308790271096
3513,,,,guo_los,guo_los,clinicalbert_type2_clinicalbert_pool,lr_lbfgs,0,128,auroc,0.6545588663367646
3514,,,,guo_los,guo_los,clinicalbert_type2_clinicalbert_pool,lr_lbfgs,0,128,auprc,0.3748299012636847
3515,,,,guo_los,guo_los,clinicalbert_type2_clinicalbert_pool,lr_lbfgs,0,128,brier,0.24063316642593696
3516,,,,guo_los,guo_los,clinicalbert_type2_clinicalbert_pool,lr_lbfgs,1,128,auroc,0.6540152778145316
3517,,,,guo_los,guo_los,clinicalbert_type2_clinicalbert_pool,lr_lbfgs,1,128,auprc,0.34784448294137493
3518,,,,guo_los,guo_los,clinicalbert_type2_clinicalbert_pool,lr_lbfgs,1,128,brier,0.23877975794149814
3519,,,,guo_los,guo_los,clinicalbert_type2_clinicalbert_pool,lr_lbfgs,2,128,auroc,0.64555602600404
3520,,,,guo_los,guo_los,clinicalbert_type2_clinicalbert_pool,lr_lbfgs,2,128,auprc,0.3698207430806373
3521,,,,guo_los,guo_los,clinicalbert_type2_clinicalbert_pool,lr_lbfgs,2,128,brier,0.24266805473688316
3522,,,,guo_los,guo_los,clinicalbert_type2_clinicalbert_pool,lr_lbfgs,3,128,auroc,0.6350459128317765
3523,,,,guo_los,guo_los,clinicalbert_type2_clinicalbert_pool,lr_lbfgs,3,128,auprc,0.36440872624163023
3524,,,,guo_los,guo_los,clinicalbert_type2_clinicalbert_pool,lr_lbfgs,3,128,brier,0.2437847263188795
3525,,,,guo_los,guo_los,clinicalbert_type2_clinicalbert_pool,lr_lbfgs,4,128,auroc,0.6107840023992872
3526,,,,guo_los,guo_los,clinicalbert_type2_clinicalbert_pool,lr_lbfgs,4,128,auprc,0.34100133171961133
3527,,,,guo_los,guo_los,clinicalbert_type2_clinicalbert_pool,lr_lbfgs,4,128,brier,0.24544706759462886
3528,,,,guo_los,guo_los,clinicalbert_type2_clinicalbert_pool,knn,0,-1,auroc,0.6075268817204301
3529,,,,guo_los,guo_los,clinicalbert_type2_clinicalbert_pool,knn,0,-1,auprc,0.3185845170754014
3530,,,,guo_los,guo_los,clinicalbert_type2_clinicalbert_pool,knn,0,-1,brier,0.20983053751634606
3531,,,,guo_los,guo_los,clinicalbert_type2_clinicalbert_pool,knn,0,1,auroc,0.4910737913149329
3532,,,,guo_los,guo_los,clinicalbert_type2_clinicalbert_pool,knn,0,1,auprc,0.24835315524518553
3533,,,,guo_los,guo_los,clinicalbert_type2_clinicalbert_pool,knn,0,1,brier,0.3539863325740319
3534,,,,guo_los,guo_los,clinicalbert_type2_clinicalbert_pool,knn,1,1,auroc,0.4698644667319413
3535,,,,guo_los,guo_los,clinicalbert_type2_clinicalbert_pool,knn,1,1,auprc,0.242682884560953
3536,,,,guo_los,guo_los,clinicalbert_type2_clinicalbert_pool,knn,1,1,brier,0.3740318906605923
3537,,,,guo_los,guo_los,clinicalbert_type2_clinicalbert_pool,knn,2,1,auroc,0.4894887842141011
3538,,,,guo_los,guo_los,clinicalbert_type2_clinicalbert_pool,knn,2,1,auprc,0.2475923415120765
3539,,,,guo_los,guo_los,clinicalbert_type2_clinicalbert_pool,knn,2,1,brier,0.7084282460136674
3540,,,,guo_los,guo_los,clinicalbert_type2_clinicalbert_pool,knn,3,1,auroc,0.48004048797269044
3541,,,,guo_los,guo_los,clinicalbert_type2_clinicalbert_pool,knn,3,1,auprc,0.24421009384048908
3542,,,,guo_los,guo_los,clinicalbert_type2_clinicalbert_pool,knn,3,1,brier,0.724373576309795
3543,,,,guo_los,guo_los,clinicalbert_type2_clinicalbert_pool,knn,4,1,auroc,0.48000410172272356
3544,,,,guo_los,guo_los,clinicalbert_type2_clinicalbert_pool,knn,4,1,auprc,0.2466263728321765
3545,,,,guo_los,guo_los,clinicalbert_type2_clinicalbert_pool,knn,4,1,brier,0.3084282460136674
3546,,,,guo_los,guo_los,clinicalbert_type2_clinicalbert_pool,knn,0,2,auroc,0.5078362751065125
3547,,,,guo_los,guo_los,clinicalbert_type2_clinicalbert_pool,knn,0,2,auprc,0.26984551956732494
3548,,,,guo_los,guo_los,clinicalbert_type2_clinicalbert_pool,knn,0,2,brier,0.2198860310604116
3549,,,,guo_los,guo_los,clinicalbert_type2_clinicalbert_pool,knn,1,2,auroc,0.49111017756489983
3550,,,,guo_los,guo_los,clinicalbert_type2_clinicalbert_pool,knn,1,2,auprc,0.2496379351063911
3551,,,,guo_los,guo_los,clinicalbert_type2_clinicalbert_pool,knn,1,2,brier,0.20207542394330555
3552,,,,guo_los,guo_los,clinicalbert_type2_clinicalbert_pool,knn,2,2,auroc,0.5242608078188538
3553,,,,guo_los,guo_los,clinicalbert_type2_clinicalbert_pool,knn,2,2,auprc,0.2611039271898274
3554,,,,guo_los,guo_los,clinicalbert_type2_clinicalbert_pool,knn,2,2,brier,0.5699316628701595
3555,,,,guo_los,guo_los,clinicalbert_type2_clinicalbert_pool,knn,3,2,auroc,0.49102472500815936
3556,,,,guo_los,guo_los,clinicalbert_type2_clinicalbert_pool,knn,3,2,auprc,0.24815224639105585
3557,,,,guo_los,guo_los,clinicalbert_type2_clinicalbert_pool,knn,3,2,brier,0.3458871171855227
3558,,,,guo_los,guo_los,clinicalbert_type2_clinicalbert_pool,knn,4,2,auroc,0.4825048294477229
3559,,,,guo_los,guo_los,clinicalbert_type2_clinicalbert_pool,knn,4,2,auprc,0.2537269349932017
3560,,,,guo_los,guo_los,clinicalbert_type2_clinicalbert_pool,knn,4,2,brier,0.19962752149197213
3561,,,,guo_los,guo_los,clinicalbert_type2_clinicalbert_pool,knn,0,4,auroc,0.5033139052810783
3562,,,,guo_los,guo_los,clinicalbert_type2_clinicalbert_pool,knn,0,4,auprc,0.2527441902357771
3563,,,,guo_los,guo_los,clinicalbert_type2_clinicalbert_pool,knn,0,4,brier,0.4419134396355353
3564,,,,guo_los,guo_los,clinicalbert_type2_clinicalbert_pool,knn,1,4,auroc,0.4877124736475341
3565,,,,guo_los,guo_los,clinicalbert_type2_clinicalbert_pool,knn,1,4,auprc,0.246837805657444
3566,,,,guo_los,guo_los,clinicalbert_type2_clinicalbert_pool,knn,1,4,brier,0.23548063781321185
3567,,,,guo_los,guo_los,clinicalbert_type2_clinicalbert_pool,knn,2,4,auroc,0.554895825063731
3568,,,,guo_los,guo_los,clinicalbert_type2_clinicalbert_pool,knn,2,4,auprc,0.32244467722812586
3569,,,,guo_los,guo_los,clinicalbert_type2_clinicalbert_pool,knn,2,4,brier,0.287215609202971
3570,,,,guo_los,guo_los,clinicalbert_type2_clinicalbert_pool,knn,3,4,auroc,0.43816046556758137
3571,,,,guo_los,guo_los,clinicalbert_type2_clinicalbert_pool,knn,3,4,auprc,0.23257182516893588
3572,,,,guo_los,guo_los,clinicalbert_type2_clinicalbert_pool,knn,3,4,brier,0.5430523917995445
3573,,,,guo_los,guo_los,clinicalbert_type2_clinicalbert_pool,knn,4,4,auroc,0.5172443259502324
3574,,,,guo_los,guo_los,clinicalbert_type2_clinicalbert_pool,knn,4,4,auprc,0.25833586879203285
3575,,,,guo_los,guo_los,clinicalbert_type2_clinicalbert_pool,knn,4,4,brier,0.46788154897494305
3576,,,,guo_los,guo_los,clinicalbert_type2_clinicalbert_pool,knn,0,8,auroc,0.49843042949006333
3577,,,,guo_los,guo_los,clinicalbert_type2_clinicalbert_pool,knn,0,8,auprc,0.2508932108547093
3578,,,,guo_los,guo_los,clinicalbert_type2_clinicalbert_pool,knn,0,8,brier,0.4510250569476082
3579,,,,guo_los,guo_los,clinicalbert_type2_clinicalbert_pool,knn,1,8,auroc,0.5100084239681741
3580,,,,guo_los,guo_los,clinicalbert_type2_clinicalbert_pool,knn,1,8,auprc,0.25516532890062854
3581,,,,guo_los,guo_los,clinicalbert_type2_clinicalbert_pool,knn,1,8,brier,0.25790939002784113
3582,,,,guo_los,guo_los,clinicalbert_type2_clinicalbert_pool,knn,2,8,auroc,0.5032069517584482
3583,,,,guo_los,guo_los,clinicalbert_type2_clinicalbert_pool,knn,2,8,auprc,0.25505149938051763
3584,,,,guo_los,guo_los,clinicalbert_type2_clinicalbert_pool,knn,2,8,brier,0.2688663406836142
3585,,,,guo_los,guo_los,clinicalbert_type2_clinicalbert_pool,knn,3,8,auroc,0.4174109308705355
3586,,,,guo_los,guo_los,clinicalbert_type2_clinicalbert_pool,knn,3,8,auprc,0.21197747912923567
3587,,,,guo_los,guo_los,clinicalbert_type2_clinicalbert_pool,knn,3,8,brier,0.3987002485482566
3588,,,,guo_los,guo_los,clinicalbert_type2_clinicalbert_pool,knn,4,8,auroc,0.5516872193848299
3589,,,,guo_los,guo_los,clinicalbert_type2_clinicalbert_pool,knn,4,8,auprc,0.27419626718377915
3590,,,,guo_los,guo_los,clinicalbert_type2_clinicalbert_pool,knn,4,8,brier,0.2971126708761829
3591,,,,guo_los,guo_los,clinicalbert_type2_clinicalbert_pool,knn,0,12,auroc,0.5592120061393527
3592,,,,guo_los,guo_los,clinicalbert_type2_clinicalbert_pool,knn,0,12,auprc,0.30745111103018596
3593,,,,guo_los,guo_los,clinicalbert_type2_clinicalbert_pool,knn,0,12,brier,0.23153973414291074
3594,,,,guo_los,guo_los,clinicalbert_type2_clinicalbert_pool,knn,1,12,auroc,0.5199694355500277
3595,,,,guo_los,guo_los,clinicalbert_type2_clinicalbert_pool,knn,1,12,auprc,0.2612853914367631
3596,,,,guo_los,guo_los,clinicalbert_type2_clinicalbert_pool,knn,1,12,brier,0.2930397367754998
3597,,,,guo_los,guo_los,clinicalbert_type2_clinicalbert_pool,knn,2,12,auroc,0.48894299046459727
3598,,,,guo_los,guo_los,clinicalbert_type2_clinicalbert_pool,knn,2,12,auprc,0.2523033982027722
3599,,,,guo_los,guo_los,clinicalbert_type2_clinicalbert_pool,knn,2,12,brier,0.32381916342427375
3600,,,,guo_los,guo_los,clinicalbert_type2_clinicalbert_pool,knn,3,12,auroc,0.46807547610856776
3601,,,,guo_los,guo_los,clinicalbert_type2_clinicalbert_pool,knn,3,12,auprc,0.24115290705803383
3602,,,,guo_los,guo_los,clinicalbert_type2_clinicalbert_pool,knn,3,12,brier,0.3421146203795828
3603,,,,guo_los,guo_los,clinicalbert_type2_clinicalbert_pool,knn,4,12,auroc,0.5128901047041907
3604,,,,guo_los,guo_los,clinicalbert_type2_clinicalbert_pool,knn,4,12,auprc,0.2564785163076008
3605,,,,guo_los,guo_los,clinicalbert_type2_clinicalbert_pool,knn,4,12,brier,0.5626423690205011
3606,,,,guo_los,guo_los,clinicalbert_type2_clinicalbert_pool,knn,0,16,auroc,0.4977319237520619
3607,,,,guo_los,guo_los,clinicalbert_type2_clinicalbert_pool,knn,0,16,auprc,0.2506325621116615
3608,,,,guo_los,guo_los,clinicalbert_type2_clinicalbert_pool,knn,0,16,brier,0.5015945330296128
3609,,,,guo_los,guo_los,clinicalbert_type2_clinicalbert_pool,knn,1,16,auroc,0.5360499528081364
3610,,,,guo_los,guo_los,clinicalbert_type2_clinicalbert_pool,knn,1,16,auprc,0.2687536685228331
3611,,,,guo_los,guo_los,clinicalbert_type2_clinicalbert_pool,knn,1,16,brier,0.2978952164009112
3612,,,,guo_los,guo_los,clinicalbert_type2_clinicalbert_pool,knn,2,16,auroc,0.4923533744387697
3613,,,,guo_los,guo_los,clinicalbert_type2_clinicalbert_pool,knn,2,16,auprc,0.2591451633657917
3614,,,,guo_los,guo_los,clinicalbert_type2_clinicalbert_pool,knn,2,16,brier,0.3611146129818909
3615,,,,guo_los,guo_los,clinicalbert_type2_clinicalbert_pool,knn,3,16,auroc,0.47823165030388026
3616,,,,guo_los,guo_los,clinicalbert_type2_clinicalbert_pool,knn,3,16,auprc,0.24771276694672026
3617,,,,guo_los,guo_los,clinicalbert_type2_clinicalbert_pool,knn,3,16,brier,0.3381494505871038
3618,,,,guo_los,guo_los,clinicalbert_type2_clinicalbert_pool,knn,4,16,auroc,0.5541824340416523
3619,,,,guo_los,guo_los,clinicalbert_type2_clinicalbert_pool,knn,4,16,auprc,0.27906442235959417
3620,,,,guo_los,guo_los,clinicalbert_type2_clinicalbert_pool,knn,4,16,brier,0.31289293849658323
3621,,,,guo_los,guo_los,clinicalbert_type2_clinicalbert_pool,knn,0,24,auroc,0.49999944869318236
3622,,,,guo_los,guo_los,clinicalbert_type2_clinicalbert_pool,knn,0,24,auprc,0.25195391144492735
3623,,,,guo_los,guo_los,clinicalbert_type2_clinicalbert_pool,knn,0,24,brier,0.2522095671981777
3624,,,,guo_los,guo_los,clinicalbert_type2_clinicalbert_pool,knn,1,24,auroc,0.5388671306464845
3625,,,,guo_los,guo_los,clinicalbert_type2_clinicalbert_pool,knn,1,24,auprc,0.27079113001677707
3626,,,,guo_los,guo_los,clinicalbert_type2_clinicalbert_pool,knn,1,24,brier,0.28595292331055433
3627,,,,guo_los,guo_los,clinicalbert_type2_clinicalbert_pool,knn,2,24,auroc,0.5280306438381539
3628,,,,guo_los,guo_los,clinicalbert_type2_clinicalbert_pool,knn,2,24,auprc,0.27699663687101894
3629,,,,guo_los,guo_los,clinicalbert_type2_clinicalbert_pool,knn,2,24,brier,0.31300814004132477
3630,,,,guo_los,guo_los,clinicalbert_type2_clinicalbert_pool,knn,3,24,auroc,0.5014179611350745
3631,,,,guo_los,guo_los,clinicalbert_type2_clinicalbert_pool,knn,3,24,auprc,0.2555881071047884
3632,,,,guo_los,guo_los,clinicalbert_type2_clinicalbert_pool,knn,3,24,brier,0.30005939854764985
3633,,,,guo_los,guo_los,clinicalbert_type2_clinicalbert_pool,knn,4,24,auroc,0.4659435726445968
3634,,,,guo_los,guo_los,clinicalbert_type2_clinicalbert_pool,knn,4,24,auprc,0.23088301890777543
3635,,,,guo_los,guo_los,clinicalbert_type2_clinicalbert_pool,knn,4,24,brier,0.357567100857969
3636,,,,guo_los,guo_los,clinicalbert_type2_clinicalbert_pool,knn,0,32,auroc,0.5351849524111956
3637,,,,guo_los,guo_los,clinicalbert_type2_clinicalbert_pool,knn,0,32,auprc,0.268362944247698
3638,,,,guo_los,guo_los,clinicalbert_type2_clinicalbert_pool,knn,0,32,brier,0.2621594533029613
3639,,,,guo_los,guo_los,clinicalbert_type2_clinicalbert_pool,knn,1,32,auroc,0.555510532165445
3640,,,,guo_los,guo_los,clinicalbert_type2_clinicalbert_pool,knn,1,32,auprc,0.27711526211690185
3641,,,,guo_los,guo_los,clinicalbert_type2_clinicalbert_pool,knn,1,32,brier,0.27810680840293595
3642,,,,guo_los,guo_los,clinicalbert_type2_clinicalbert_pool,knn,2,32,auroc,0.5385964389990032
3643,,,,guo_los,guo_los,clinicalbert_type2_clinicalbert_pool,knn,2,32,auprc,0.29098996072150385
3644,,,,guo_los,guo_los,clinicalbert_type2_clinicalbert_pool,knn,2,32,brier,0.29109581909232274
3645,,,,guo_los,guo_los,clinicalbert_type2_clinicalbert_pool,knn,3,32,auroc,0.5148996180546367
3646,,,,guo_los,guo_los,clinicalbert_type2_clinicalbert_pool,knn,3,32,auprc,0.26721092276650404
3647,,,,guo_los,guo_los,clinicalbert_type2_clinicalbert_pool,knn,3,32,brier,0.319193226660093
3648,,,,guo_los,guo_los,clinicalbert_type2_clinicalbert_pool,knn,4,32,auroc,0.47711084354353556
3649,,,,guo_los,guo_los,clinicalbert_type2_clinicalbert_pool,knn,4,32,auprc,0.239195330917372
3650,,,,guo_los,guo_los,clinicalbert_type2_clinicalbert_pool,knn,4,32,brier,0.3658727855311264
3651,,,,guo_los,guo_los,clinicalbert_type2_clinicalbert_pool,knn,0,48,auroc,0.5456366270607849
3652,,,,guo_los,guo_los,clinicalbert_type2_clinicalbert_pool,knn,0,48,auprc,0.27563031168151186
3653,,,,guo_los,guo_los,clinicalbert_type2_clinicalbert_pool,knn,0,48,brier,0.26948519362186785
3654,,,,guo_los,guo_los,clinicalbert_type2_clinicalbert_pool,knn,1,48,auroc,0.5910235121331604
3655,,,,guo_los,guo_los,clinicalbert_type2_clinicalbert_pool,knn,1,48,auprc,0.30622087468908843
3656,,,,guo_los,guo_los,clinicalbert_type2_clinicalbert_pool,knn,1,48,brier,0.2510953270312281
3657,,,,guo_los,guo_los,clinicalbert_type2_clinicalbert_pool,knn,2,48,auroc,0.5529800338722909
3658,,,,guo_los,guo_los,clinicalbert_type2_clinicalbert_pool,knn,2,48,auprc,0.28953083561864124
3659,,,,guo_los,guo_los,clinicalbert_type2_clinicalbert_pool,knn,2,48,brier,0.26390183966291036
3660,,,,guo_los,guo_los,clinicalbert_type2_clinicalbert_pool,knn,3,48,auroc,0.5581761006289307
3661,,,,guo_los,guo_los,clinicalbert_type2_clinicalbert_pool,knn,3,48,auprc,0.2883868440216413
3662,,,,guo_los,guo_los,clinicalbert_type2_clinicalbert_pool,knn,3,48,brier,0.28510320077872175
3663,,,,guo_los,guo_los,clinicalbert_type2_clinicalbert_pool,knn,4,48,auroc,0.5119242151596143
3664,,,,guo_los,guo_los,clinicalbert_type2_clinicalbert_pool,knn,4,48,auprc,0.25388038510741623
3665,,,,guo_los,guo_los,clinicalbert_type2_clinicalbert_pool,knn,4,48,brier,0.3257359079377511
3666,,,,guo_los,guo_los,clinicalbert_type2_clinicalbert_pool,knn,0,64,auroc,0.5526128635317156
3667,,,,guo_los,guo_los,clinicalbert_type2_clinicalbert_pool,knn,0,64,auprc,0.28190454670004345
3668,,,,guo_los,guo_los,clinicalbert_type2_clinicalbert_pool,knn,0,64,brier,0.26445558086560367
3669,,,,guo_los,guo_los,clinicalbert_type2_clinicalbert_pool,knn,1,64,auroc,0.5857590833311281
3670,,,,guo_los,guo_los,clinicalbert_type2_clinicalbert_pool,knn,1,64,auprc,0.2967645985509301
3671,,,,guo_los,guo_los,clinicalbert_type2_clinicalbert_pool,knn,1,64,brier,0.2572027334851936
3672,,,,guo_los,guo_los,clinicalbert_type2_clinicalbert_pool,knn,2,64,auroc,0.5475149293886228
3673,,,,guo_los,guo_los,clinicalbert_type2_clinicalbert_pool,knn,2,64,auprc,0.2937580834878176
3674,,,,guo_los,guo_los,clinicalbert_type2_clinicalbert_pool,knn,2,64,brier,0.3027196479102527
3675,,,,guo_los,guo_los,clinicalbert_type2_clinicalbert_pool,knn,3,64,auroc,0.5477630174565791
3676,,,,guo_los,guo_los,clinicalbert_type2_clinicalbert_pool,knn,3,64,auprc,0.2743607430913202
3677,,,,guo_los,guo_los,clinicalbert_type2_clinicalbert_pool,knn,3,64,brier,0.2980774487471526
3678,,,,guo_los,guo_los,clinicalbert_type2_clinicalbert_pool,knn,4,64,auroc,0.5290571771326753
3679,,,,guo_los,guo_los,clinicalbert_type2_clinicalbert_pool,knn,4,64,auprc,0.2637579189794199
3680,,,,guo_los,guo_los,clinicalbert_type2_clinicalbert_pool,knn,4,64,brier,0.27912528473804105
3681,,,,guo_los,guo_los,clinicalbert_type2_clinicalbert_pool,knn,0,128,auroc,0.5493336905801512
3682,,,,guo_los,guo_los,clinicalbert_type2_clinicalbert_pool,knn,0,128,auprc,0.27608263694837054
3683,,,,guo_los,guo_los,clinicalbert_type2_clinicalbert_pool,knn,0,128,brier,0.3214376107314604
3684,,,,guo_los,guo_los,clinicalbert_type2_clinicalbert_pool,knn,1,128,auroc,0.5737990332283645
3685,,,,guo_los,guo_los,clinicalbert_type2_clinicalbert_pool,knn,1,128,auprc,0.29516827007816604
3686,,,,guo_los,guo_los,clinicalbert_type2_clinicalbert_pool,knn,1,128,brier,0.2733971917932279
3687,,,,guo_los,guo_los,clinicalbert_type2_clinicalbert_pool,knn,2,128,auroc,0.557209108470719
3688,,,,guo_los,guo_los,clinicalbert_type2_clinicalbert_pool,knn,2,128,auprc,0.2825598645540164
3689,,,,guo_los,guo_los,clinicalbert_type2_clinicalbert_pool,knn,2,128,brier,0.2768091844800627
3690,,,,guo_los,guo_los,clinicalbert_type2_clinicalbert_pool,knn,3,128,auroc,0.5525632459181243
3691,,,,guo_los,guo_los,clinicalbert_type2_clinicalbert_pool,knn,3,128,auprc,0.28700712385843774
3692,,,,guo_los,guo_los,clinicalbert_type2_clinicalbert_pool,knn,3,128,brier,0.3202073334832213
3693,,,,guo_los,guo_los,clinicalbert_type2_clinicalbert_pool,knn,4,128,auroc,0.5370445103072322
3694,,,,guo_los,guo_los,clinicalbert_type2_clinicalbert_pool,knn,4,128,auprc,0.2788378269825742
3695,,,,guo_los,guo_los,clinicalbert_type2_clinicalbert_pool,knn,4,128,brier,0.28714060328275576
3696,,,,guo_los,guo_los,clinicalbert_type2_clinicalbert_pool,rf,0,-1,auroc,0.6872535658524968
3697,,,,guo_los,guo_los,clinicalbert_type2_clinicalbert_pool,rf,0,-1,auprc,0.3869055062907066
3698,,,,guo_los,guo_los,clinicalbert_type2_clinicalbert_pool,rf,0,-1,brier,0.17513693403957706
3699,,,,guo_los,guo_los,clinicalbert_type2_clinicalbert_pool,rf,0,1,auroc,0.49039844046327413
3700,,,,guo_los,guo_los,clinicalbert_type2_clinicalbert_pool,rf,0,1,auprc,0.2539733242625486
3701,,,,guo_los,guo_los,clinicalbert_type2_clinicalbert_pool,rf,0,1,brier,0.2902733485193622
3702,,,,guo_los,guo_los,clinicalbert_type2_clinicalbert_pool,rf,1,1,auroc,0.47134527684423155
3703,,,,guo_los,guo_los,clinicalbert_type2_clinicalbert_pool,rf,1,1,auprc,0.24038140686487955
3704,,,,guo_los,guo_los,clinicalbert_type2_clinicalbert_pool,rf,1,1,brier,0.3161958997722095
3705,,,,guo_los,guo_los,clinicalbert_type2_clinicalbert_pool,rf,2,1,auroc,0.48687283336420645
3706,,,,guo_los,guo_los,clinicalbert_type2_clinicalbert_pool,rf,2,1,auprc,0.2446628450329454
3707,,,,guo_los,guo_los,clinicalbert_type2_clinicalbert_pool,rf,2,1,brier,0.36701138952164003
3708,,,,guo_los,guo_los,clinicalbert_type2_clinicalbert_pool,rf,3,1,auroc,0.505263326188397
3709,,,,guo_los,guo_los,clinicalbert_type2_clinicalbert_pool,rf,3,1,auprc,0.25195115787748856
3710,,,,guo_los,guo_los,clinicalbert_type2_clinicalbert_pool,rf,3,1,brier,0.33494305239179956
3711,,,,guo_los,guo_los,clinicalbert_type2_clinicalbert_pool,rf,4,1,auroc,0.43976256317976126
3712,,,,guo_los,guo_los,clinicalbert_type2_clinicalbert_pool,rf,4,1,auprc,0.22908651976946495
3713,,,,guo_los,guo_los,clinicalbert_type2_clinicalbert_pool,rf,4,1,brier,0.3149886104783599
3714,,,,guo_los,guo_los,clinicalbert_type2_clinicalbert_pool,rf,0,2,auroc,0.4648426129296885
3715,,,,guo_los,guo_los,clinicalbert_type2_clinicalbert_pool,rf,0,2,auprc,0.23850268349390635
3716,,,,guo_los,guo_los,clinicalbert_type2_clinicalbert_pool,rf,0,2,brier,0.2862644191343964
3717,,,,guo_los,guo_los,clinicalbert_type2_clinicalbert_pool,rf,1,2,auroc,0.5162889112351918
3718,,,,guo_los,guo_los,clinicalbert_type2_clinicalbert_pool,rf,1,2,auprc,0.26459511131171265
3719,,,,guo_los,guo_los,clinicalbert_type2_clinicalbert_pool,rf,1,2,brier,0.2748337129840546
3720,,,,guo_los,guo_los,clinicalbert_type2_clinicalbert_pool,rf,2,2,auroc,0.5397442597934143
3721,,,,guo_los,guo_los,clinicalbert_type2_clinicalbert_pool,rf,2,2,auprc,0.2701362971406368
3722,,,,guo_los,guo_los,clinicalbert_type2_clinicalbert_pool,rf,2,2,brier,0.26800911161731206
3723,,,,guo_los,guo_los,clinicalbert_type2_clinicalbert_pool,rf,3,2,auroc,0.4633188008856193
3724,,,,guo_los,guo_los,clinicalbert_type2_clinicalbert_pool,rf,3,2,auprc,0.23956670820885692
3725,,,,guo_los,guo_los,clinicalbert_type2_clinicalbert_pool,rf,3,2,brier,0.4186514806378132
3726,,,,guo_los,guo_los,clinicalbert_type2_clinicalbert_pool,rf,4,2,auroc,0.49957494244356826
3727,,,,guo_los,guo_los,clinicalbert_type2_clinicalbert_pool,rf,4,2,auprc,0.2496402544835168
3728,,,,guo_los,guo_los,clinicalbert_type2_clinicalbert_pool,rf,4,2,brier,0.23560364464692482
3729,,,,guo_los,guo_los,clinicalbert_type2_clinicalbert_pool,rf,0,4,auroc,0.5326186191748923
3730,,,,guo_los,guo_los,clinicalbert_type2_clinicalbert_pool,rf,0,4,auprc,0.2836935053378147
3731,,,,guo_los,guo_los,clinicalbert_type2_clinicalbert_pool,rf,0,4,brier,0.2482485649202733
3732,,,,guo_los,guo_los,clinicalbert_type2_clinicalbert_pool,rf,1,4,auroc,0.4471346379457867
3733,,,,guo_los,guo_los,clinicalbert_type2_clinicalbert_pool,rf,1,4,auprc,0.23434315006420453
3734,,,,guo_los,guo_los,clinicalbert_type2_clinicalbert_pool,rf,1,4,brier,0.3208656036446469
3735,,,,guo_los,guo_los,clinicalbert_type2_clinicalbert_pool,rf,2,4,auroc,0.5713258708442492
3736,,,,guo_los,guo_los,clinicalbert_type2_clinicalbert_pool,rf,2,4,auprc,0.30356042674122113
3737,,,,guo_los,guo_los,clinicalbert_type2_clinicalbert_pool,rf,2,4,brier,0.24558724373576307
3738,,,,guo_los,guo_los,clinicalbert_type2_clinicalbert_pool,rf,3,4,auroc,0.4366813093757443
3739,,,,guo_los,guo_los,clinicalbert_type2_clinicalbert_pool,rf,3,4,auprc,0.21949094110574463
3740,,,,guo_los,guo_los,clinicalbert_type2_clinicalbert_pool,rf,3,4,brier,0.2636399088838269
3741,,,,guo_los,guo_los,clinicalbert_type2_clinicalbert_pool,rf,4,4,auroc,0.505634355676696
3742,,,,guo_los,guo_los,clinicalbert_type2_clinicalbert_pool,rf,4,4,auprc,0.25429388508015044
3743,,,,guo_los,guo_los,clinicalbert_type2_clinicalbert_pool,rf,4,4,brier,0.28068792710706153
3744,,,,guo_los,guo_los,clinicalbert_type2_clinicalbert_pool,rf,0,8,auroc,0.5598030070479063
3745,,,,guo_los,guo_los,clinicalbert_type2_clinicalbert_pool,rf,0,8,auprc,0.2839516804208545
3746,,,,guo_los,guo_los,clinicalbert_type2_clinicalbert_pool,rf,0,8,brier,0.25101366742596815
3747,,,,guo_los,guo_los,clinicalbert_type2_clinicalbert_pool,rf,1,8,auroc,0.47930063422336305
3748,,,,guo_los,guo_los,clinicalbert_type2_clinicalbert_pool,rf,1,8,auprc,0.2435179855631055
3749,,,,guo_los,guo_los,clinicalbert_type2_clinicalbert_pool,rf,1,8,brier,0.28928246013667425
3750,,,,guo_los,guo_los,clinicalbert_type2_clinicalbert_pool,rf,2,8,auroc,0.5444458043345948
3751,,,,guo_los,guo_los,clinicalbert_type2_clinicalbert_pool,rf,2,8,auprc,0.2852706920717072
3752,,,,guo_los,guo_los,clinicalbert_type2_clinicalbert_pool,rf,2,8,brier,0.2713425056947608
3753,,,,guo_los,guo_los,clinicalbert_type2_clinicalbert_pool,rf,3,8,auroc,0.39413585964169473
3754,,,,guo_los,guo_los,clinicalbert_type2_clinicalbert_pool,rf,3,8,auprc,0.2013714443914129
3755,,,,guo_los,guo_los,clinicalbert_type2_clinicalbert_pool,rf,3,8,brier,0.29986888382687926
3756,,,,guo_los,guo_los,clinicalbert_type2_clinicalbert_pool,rf,4,8,auroc,0.5745967741935484
3757,,,,guo_los,guo_los,clinicalbert_type2_clinicalbert_pool,rf,4,8,auprc,0.29189286763192696
3758,,,,guo_los,guo_los,clinicalbert_type2_clinicalbert_pool,rf,4,8,brier,0.24418792710706153
3759,,,,guo_los,guo_los,clinicalbert_type2_clinicalbert_pool,rf,0,12,auroc,0.4764299796237
3760,,,,guo_los,guo_los,clinicalbert_type2_clinicalbert_pool,rf,0,12,auprc,0.24488961784816402
3761,,,,guo_los,guo_los,clinicalbert_type2_clinicalbert_pool,rf,0,12,brier,0.27303416856492024
3762,,,,guo_los,guo_los,clinicalbert_type2_clinicalbert_pool,rf,1,12,auroc,0.5119567422618575
3763,,,,guo_los,guo_los,clinicalbert_type2_clinicalbert_pool,rf,1,12,auprc,0.25494769123691746
3764,,,,guo_los,guo_los,clinicalbert_type2_clinicalbert_pool,rf,1,12,brier,0.2812938496583144
3765,,,,guo_los,guo_los,clinicalbert_type2_clinicalbert_pool,rf,2,12,auroc,0.5398368793387847
3766,,,,guo_los,guo_los,clinicalbert_type2_clinicalbert_pool,rf,2,12,auprc,0.28464269265404196
3767,,,,guo_los,guo_los,clinicalbert_type2_clinicalbert_pool,rf,2,12,brier,0.26378929384965827
3768,,,,guo_los,guo_los,clinicalbert_type2_clinicalbert_pool,rf,3,12,auroc,0.4535049882240864
3769,,,,guo_los,guo_los,clinicalbert_type2_clinicalbert_pool,rf,3,12,auprc,0.22781555656914287
3770,,,,guo_los,guo_los,clinicalbert_type2_clinicalbert_pool,rf,3,12,brier,0.2917312072892938
3771,,,,guo_los,guo_los,clinicalbert_type2_clinicalbert_pool,rf,4,12,auroc,0.5793010752688172
3772,,,,guo_los,guo_los,clinicalbert_type2_clinicalbert_pool,rf,4,12,auprc,0.298806837035012
3773,,,,guo_los,guo_los,clinicalbert_type2_clinicalbert_pool,rf,4,12,brier,0.28763097949886113
3774,,,,guo_los,guo_los,clinicalbert_type2_clinicalbert_pool,rf,0,16,auroc,0.49679525346882253
3775,,,,guo_los,guo_los,clinicalbert_type2_clinicalbert_pool,rf,0,16,auprc,0.25013980170514594
3776,,,,guo_los,guo_los,clinicalbert_type2_clinicalbert_pool,rf,0,16,brier,0.29385421412300683
3777,,,,guo_los,guo_los,clinicalbert_type2_clinicalbert_pool,rf,1,16,auroc,0.5889125583282614
3778,,,,guo_los,guo_los,clinicalbert_type2_clinicalbert_pool,rf,1,16,auprc,0.29841340206915645
3779,,,,guo_los,guo_los,clinicalbert_type2_clinicalbert_pool,rf,1,16,brier,0.2423462414578588
3780,,,,guo_los,guo_los,clinicalbert_type2_clinicalbert_pool,rf,2,16,auroc,0.5366177988303474
3781,,,,guo_los,guo_los,clinicalbert_type2_clinicalbert_pool,rf,2,16,auprc,0.27691899192342573
3782,,,,guo_los,guo_los,clinicalbert_type2_clinicalbert_pool,rf,2,16,brier,0.28873804100227796
3783,,,,guo_los,guo_los,clinicalbert_type2_clinicalbert_pool,rf,3,16,auroc,0.488178879215292
3784,,,,guo_los,guo_los,clinicalbert_type2_clinicalbert_pool,rf,3,16,auprc,0.2583740446394057
3785,,,,guo_los,guo_los,clinicalbert_type2_clinicalbert_pool,rf,3,16,brier,0.2535398633257403
3786,,,,guo_los,guo_los,clinicalbert_type2_clinicalbert_pool,rf,4,16,auroc,0.5423458766660492
3787,,,,guo_los,guo_los,clinicalbert_type2_clinicalbert_pool,rf,4,16,auprc,0.2799558278486654
3788,,,,guo_los,guo_los,clinicalbert_type2_clinicalbert_pool,rf,4,16,brier,0.2813485193621868
3789,,,,guo_los,guo_los,clinicalbert_type2_clinicalbert_pool,rf,0,24,auroc,0.4934322818809706
3790,,,,guo_los,guo_los,clinicalbert_type2_clinicalbert_pool,rf,0,24,auprc,0.247144088252407
3791,,,,guo_los,guo_los,clinicalbert_type2_clinicalbert_pool,rf,0,24,brier,0.2675202469926015
3792,,,,guo_los,guo_los,clinicalbert_type2_clinicalbert_pool,rf,1,24,auroc,0.6092271119461571
3793,,,,guo_los,guo_los,clinicalbert_type2_clinicalbert_pool,rf,1,24,auprc,0.3166692515745051
3794,,,,guo_los,guo_los,clinicalbert_type2_clinicalbert_pool,rf,1,24,brier,0.22833610498172968
3795,,,,guo_los,guo_los,clinicalbert_type2_clinicalbert_pool,rf,2,24,auroc,0.5647746919297503
3796,,,,guo_los,guo_los,clinicalbert_type2_clinicalbert_pool,rf,2,24,auprc,0.29396602353311785
3797,,,,guo_los,guo_los,clinicalbert_type2_clinicalbert_pool,rf,2,24,brier,0.27079717159479255
3798,,,,guo_los,guo_los,clinicalbert_type2_clinicalbert_pool,rf,3,24,auroc,0.48966685631621193
3799,,,,guo_los,guo_los,clinicalbert_type2_clinicalbert_pool,rf,3,24,auprc,0.2655599120651968
3800,,,,guo_los,guo_los,clinicalbert_type2_clinicalbert_pool,rf,3,24,brier,0.25275635535307517
3801,,,,guo_los,guo_los,clinicalbert_type2_clinicalbert_pool,rf,4,24,auroc,0.5506121710903527
3802,,,,guo_los,guo_los,clinicalbert_type2_clinicalbert_pool,rf,4,24,auprc,0.27967653149264576
3803,,,,guo_los,guo_los,clinicalbert_type2_clinicalbert_pool,rf,4,24,brier,0.26927107061503414
3804,,,,guo_los,guo_los,clinicalbert_type2_clinicalbert_pool,rf,0,32,auroc,0.5099356514682403
3805,,,,guo_los,guo_los,clinicalbert_type2_clinicalbert_pool,rf,0,32,auprc,0.2596950174642553
3806,,,,guo_los,guo_los,clinicalbert_type2_clinicalbert_pool,rf,0,32,brier,0.2746059225512528
3807,,,,guo_los,guo_los,clinicalbert_type2_clinicalbert_pool,rf,1,32,auroc,0.5737615443647621
3808,,,,guo_los,guo_los,clinicalbert_type2_clinicalbert_pool,rf,1,32,auprc,0.2866047471222513
3809,,,,guo_los,guo_los,clinicalbert_type2_clinicalbert_pool,rf,1,32,brier,0.2338076987649789
3810,,,,guo_los,guo_los,clinicalbert_type2_clinicalbert_pool,rf,2,32,auroc,0.5808144124833506
3811,,,,guo_los,guo_los,clinicalbert_type2_clinicalbert_pool,rf,2,32,auprc,0.3022774022374593
3812,,,,guo_los,guo_los,clinicalbert_type2_clinicalbert_pool,rf,2,32,brier,0.2501958997722096
3813,,,,guo_los,guo_los,clinicalbert_type2_clinicalbert_pool,rf,3,32,auroc,0.49780855539971947
3814,,,,guo_los,guo_los,clinicalbert_type2_clinicalbert_pool,rf,3,32,auprc,0.24853088161839926
3815,,,,guo_los,guo_los,clinicalbert_type2_clinicalbert_pool,rf,3,32,brier,0.26045182851733556
3816,,,,guo_los,guo_los,clinicalbert_type2_clinicalbert_pool,rf,4,32,auroc,0.5003230657951608
3817,,,,guo_los,guo_los,clinicalbert_type2_clinicalbert_pool,rf,4,32,auprc,0.2569517360724388
3818,,,,guo_los,guo_los,clinicalbert_type2_clinicalbert_pool,rf,4,32,brier,0.3019088838268793
3819,,,,guo_los,guo_los,clinicalbert_type2_clinicalbert_pool,rf,0,48,auroc,0.5529386858609648
3820,,,,guo_los,guo_los,clinicalbert_type2_clinicalbert_pool,rf,0,48,auprc,0.309584654054544
3821,,,,guo_los,guo_los,clinicalbert_type2_clinicalbert_pool,rf,0,48,brier,0.2520425408842365
3822,,,,guo_los,guo_los,clinicalbert_type2_clinicalbert_pool,rf,1,48,auroc,0.626008340169538
3823,,,,guo_los,guo_los,clinicalbert_type2_clinicalbert_pool,rf,1,48,auprc,0.333777885712367
3824,,,,guo_los,guo_los,clinicalbert_type2_clinicalbert_pool,rf,1,48,brier,0.25118792710706156
3825,,,,guo_los,guo_los,clinicalbert_type2_clinicalbert_pool,rf,2,48,auroc,0.626895392839186
3826,,,,guo_los,guo_los,clinicalbert_type2_clinicalbert_pool,rf,2,48,auprc,0.33335708238282763
3827,,,,guo_los,guo_los,clinicalbert_type2_clinicalbert_pool,rf,2,48,brier,0.2313956574359882
3828,,,,guo_los,guo_los,clinicalbert_type2_clinicalbert_pool,rf,3,48,auroc,0.5579362821632398
3829,,,,guo_los,guo_los,clinicalbert_type2_clinicalbert_pool,rf,3,48,auprc,0.29167159188408687
3830,,,,guo_los,guo_los,clinicalbert_type2_clinicalbert_pool,rf,3,48,brier,0.2569340403073392
3831,,,,guo_los,guo_los,clinicalbert_type2_clinicalbert_pool,rf,4,48,auroc,0.521120564185345
3832,,,,guo_los,guo_los,clinicalbert_type2_clinicalbert_pool,rf,4,48,auprc,0.2565711582335406
3833,,,,guo_los,guo_los,clinicalbert_type2_clinicalbert_pool,rf,4,48,brier,0.26552505694760825
3834,,,,guo_los,guo_los,clinicalbert_type2_clinicalbert_pool,rf,0,64,auroc,0.5750560127726764
3835,,,,guo_los,guo_los,clinicalbert_type2_clinicalbert_pool,rf,0,64,auprc,0.30280546438706757
3836,,,,guo_los,guo_los,clinicalbert_type2_clinicalbert_pool,rf,0,64,brier,0.2471867881548975
3837,,,,guo_los,guo_los,clinicalbert_type2_clinicalbert_pool,rf,1,64,auroc,0.6106919341607345
3838,,,,guo_los,guo_los,clinicalbert_type2_clinicalbert_pool,rf,1,64,auprc,0.32631237651214645
3839,,,,guo_los,guo_los,clinicalbert_type2_clinicalbert_pool,rf,1,64,brier,0.24232935122657281
3840,,,,guo_los,guo_los,clinicalbert_type2_clinicalbert_pool,rf,2,64,auroc,0.6171427752344156
3841,,,,guo_los,guo_los,clinicalbert_type2_clinicalbert_pool,rf,2,64,auprc,0.32470837008208003
3842,,,,guo_los,guo_los,clinicalbert_type2_clinicalbert_pool,rf,2,64,brier,0.24064756264236903
3843,,,,guo_los,guo_los,clinicalbert_type2_clinicalbert_pool,rf,3,64,auroc,0.5617083234098106
3844,,,,guo_los,guo_los,clinicalbert_type2_clinicalbert_pool,rf,3,64,auprc,0.2920030875492925
3845,,,,guo_los,guo_los,clinicalbert_type2_clinicalbert_pool,rf,3,64,brier,0.26023456628387404
3846,,,,guo_los,guo_los,clinicalbert_type2_clinicalbert_pool,rf,4,64,auroc,0.5514595296691276
3847,,,,guo_los,guo_los,clinicalbert_type2_clinicalbert_pool,rf,4,64,auprc,0.28372152122710115
3848,,,,guo_los,guo_los,clinicalbert_type2_clinicalbert_pool,rf,4,64,brier,0.24732004932065632
3849,,,,guo_los,guo_los,clinicalbert_type2_clinicalbert_pool,rf,0,128,auroc,0.656218851164801
3850,,,,guo_los,guo_los,clinicalbert_type2_clinicalbert_pool,rf,0,128,auprc,0.35836189600756196
3851,,,,guo_los,guo_los,clinicalbert_type2_clinicalbert_pool,rf,0,128,brier,0.237844570010728
3852,,,,guo_los,guo_los,clinicalbert_type2_clinicalbert_pool,rf,1,128,auroc,0.6572668854252119
3853,,,,guo_los,guo_los,clinicalbert_type2_clinicalbert_pool,rf,1,128,auprc,0.3446087616039903
3854,,,,guo_los,guo_los,clinicalbert_type2_clinicalbert_pool,rf,1,128,brier,0.23235764429075714
3855,,,,guo_los,guo_los,clinicalbert_type2_clinicalbert_pool,rf,2,128,auroc,0.6269720244868436
3856,,,,guo_los,guo_los,clinicalbert_type2_clinicalbert_pool,rf,2,128,auprc,0.32885012882893566
3857,,,,guo_los,guo_los,clinicalbert_type2_clinicalbert_pool,rf,2,128,brier,0.2401678359908884
3858,,,,guo_los,guo_los,clinicalbert_type2_clinicalbert_pool,rf,3,128,auroc,0.6201440895498691
3859,,,,guo_los,guo_los,clinicalbert_type2_clinicalbert_pool,rf,3,128,auprc,0.31142964899052755
3860,,,,guo_los,guo_los,clinicalbert_type2_clinicalbert_pool,rf,3,128,brier,0.23807792790479418
3861,,,,guo_los,guo_los,clinicalbert_type2_clinicalbert_pool,rf,4,128,auroc,0.5955028800268155
3862,,,,guo_los,guo_los,clinicalbert_type2_clinicalbert_pool,rf,4,128,auprc,0.30954957931103466
3863,,,,guo_los,guo_los,clinicalbert_type2_clinicalbert_pool,rf,4,128,brier,0.24267511729979013
3864,840.0,840.0,,guo_los,guo_los,clinicalbert_type3_max_pool,lr_lbfgs,0,-1,auroc,0.7109189623082554
3865,841.0,841.0,,guo_los,guo_los,clinicalbert_type3_max_pool,lr_lbfgs,0,-1,auprc,0.4150617562248501
3866,842.0,842.0,,guo_los,guo_los,clinicalbert_type3_max_pool,lr_lbfgs,0,-1,brier,0.1701381769501555
3867,843.0,843.0,,guo_los,guo_los,clinicalbert_type3_max_pool,lr_lbfgs,0,1,auroc,0.5301101731544453
3868,844.0,844.0,,guo_los,guo_los,clinicalbert_type3_max_pool,lr_lbfgs,0,1,auprc,0.2839487163527564
3869,845.0,845.0,,guo_los,guo_los,clinicalbert_type3_max_pool,lr_lbfgs,0,1,brier,0.2499987387290455
3870,846.0,846.0,,guo_los,guo_los,clinicalbert_type3_max_pool,lr_lbfgs,1,1,auroc,0.5180409643017809
3871,847.0,847.0,,guo_los,guo_los,clinicalbert_type3_max_pool,lr_lbfgs,1,1,auprc,0.2789634187958185
3872,848.0,848.0,,guo_los,guo_los,clinicalbert_type3_max_pool,lr_lbfgs,1,1,brier,0.2499966592314231
3873,849.0,849.0,,guo_los,guo_los,clinicalbert_type3_max_pool,lr_lbfgs,2,1,auroc,0.4554455882223222
3874,850.0,850.0,,guo_los,guo_los,clinicalbert_type3_max_pool,lr_lbfgs,2,1,auprc,0.2197258906676723
3875,851.0,851.0,,guo_los,guo_los,clinicalbert_type3_max_pool,lr_lbfgs,2,1,brier,0.2500009142326294
3876,852.0,852.0,,guo_los,guo_los,clinicalbert_type3_max_pool,lr_lbfgs,3,1,auroc,0.3608082598992652
3877,853.0,853.0,,guo_los,guo_los,clinicalbert_type3_max_pool,lr_lbfgs,3,1,auprc,0.1878632447739661
3878,854.0,854.0,,guo_los,guo_los,clinicalbert_type3_max_pool,lr_lbfgs,3,1,brier,0.2500042420966733
3879,855.0,855.0,,guo_los,guo_los,clinicalbert_type3_max_pool,lr_lbfgs,4,1,auroc,0.5430493441654097
3880,856.0,856.0,,guo_los,guo_los,clinicalbert_type3_max_pool,lr_lbfgs,4,1,auprc,0.2927140056601404
3881,857.0,857.0,,guo_los,guo_los,clinicalbert_type3_max_pool,lr_lbfgs,4,1,brier,0.2499985875402528
3882,858.0,858.0,,guo_los,guo_los,clinicalbert_type3_max_pool,lr_lbfgs,0,2,auroc,0.4686703361648451
3883,859.0,859.0,,guo_los,guo_los,clinicalbert_type3_max_pool,lr_lbfgs,0,2,auprc,0.2305715446889181
3884,860.0,860.0,,guo_los,guo_los,clinicalbert_type3_max_pool,lr_lbfgs,0,2,brier,0.2500009417187081
3885,861.0,861.0,,guo_los,guo_los,clinicalbert_type3_max_pool,lr_lbfgs,1,2,auroc,0.4938022087556344
3886,862.0,862.0,,guo_los,guo_los,clinicalbert_type3_max_pool,lr_lbfgs,1,2,auprc,0.2466041837320494
3887,863.0,863.0,,guo_los,guo_los,clinicalbert_type3_max_pool,lr_lbfgs,1,2,brier,0.3143908797491215
3888,864.0,864.0,,guo_los,guo_los,clinicalbert_type3_max_pool,lr_lbfgs,2,2,auroc,0.4715613891167624
3889,865.0,865.0,,guo_los,guo_los,clinicalbert_type3_max_pool,lr_lbfgs,2,2,auprc,0.2262781496718215
3890,866.0,866.0,,guo_los,guo_los,clinicalbert_type3_max_pool,lr_lbfgs,2,2,brier,0.2500018689106272
3891,867.0,867.0,,guo_los,guo_los,clinicalbert_type3_max_pool,lr_lbfgs,3,2,auroc,0.4426949641430046
3892,868.0,868.0,,guo_los,guo_los,clinicalbert_type3_max_pool,lr_lbfgs,3,2,auprc,0.215052880216064
3893,869.0,869.0,,guo_los,guo_los,clinicalbert_type3_max_pool,lr_lbfgs,3,2,brier,0.2500044913468093
3894,870.0,870.0,,guo_los,guo_los,clinicalbert_type3_max_pool,lr_lbfgs,4,2,auroc,0.5556136265403513
3895,871.0,871.0,,guo_los,guo_los,clinicalbert_type3_max_pool,lr_lbfgs,4,2,auprc,0.301938373423833
3896,872.0,872.0,,guo_los,guo_los,clinicalbert_type3_max_pool,lr_lbfgs,4,2,brier,0.2499970973626917
3897,873.0,873.0,,guo_los,guo_los,clinicalbert_type3_max_pool,lr_lbfgs,0,4,auroc,0.5458698298446638
3898,874.0,874.0,,guo_los,guo_los,clinicalbert_type3_max_pool,lr_lbfgs,0,4,auprc,0.2992567513180237
3899,875.0,875.0,,guo_los,guo_los,clinicalbert_type3_max_pool,lr_lbfgs,0,4,brier,0.2499980938627275
3900,876.0,876.0,,guo_los,guo_los,clinicalbert_type3_max_pool,lr_lbfgs,1,4,auroc,0.5613791932396552
3901,877.0,877.0,,guo_los,guo_los,clinicalbert_type3_max_pool,lr_lbfgs,1,4,auprc,0.3069102316415747
3902,878.0,878.0,,guo_los,guo_los,clinicalbert_type3_max_pool,lr_lbfgs,1,4,brier,0.2418050975767721
3903,879.0,879.0,,guo_los,guo_los,clinicalbert_type3_max_pool,lr_lbfgs,2,4,auroc,0.5466284280257924
3904,880.0,880.0,,guo_los,guo_los,clinicalbert_type3_max_pool,lr_lbfgs,2,4,auprc,0.2866347798898551
3905,881.0,881.0,,guo_los,guo_los,clinicalbert_type3_max_pool,lr_lbfgs,2,4,brier,0.2551146644219687
3906,882.0,882.0,,guo_los,guo_los,clinicalbert_type3_max_pool,lr_lbfgs,3,4,auroc,0.4284921979059161
3907,883.0,883.0,,guo_los,guo_los,clinicalbert_type3_max_pool,lr_lbfgs,3,4,auprc,0.2104931064474069
3908,884.0,884.0,,guo_los,guo_los,clinicalbert_type3_max_pool,lr_lbfgs,3,4,brier,0.2500026427572159
3909,885.0,885.0,,guo_los,guo_los,clinicalbert_type3_max_pool,lr_lbfgs,4,4,auroc,0.5807995271992732
3910,886.0,886.0,,guo_los,guo_los,clinicalbert_type3_max_pool,lr_lbfgs,4,4,auprc,0.3233396484017862
3911,887.0,887.0,,guo_los,guo_los,clinicalbert_type3_max_pool,lr_lbfgs,4,4,brier,0.2703261301569273
3912,888.0,888.0,,guo_los,guo_los,clinicalbert_type3_max_pool,lr_lbfgs,0,8,auroc,0.5410756657581131
3913,889.0,889.0,,guo_los,guo_los,clinicalbert_type3_max_pool,lr_lbfgs,0,8,auprc,0.2959157761336312
3914,890.0,890.0,,guo_los,guo_los,clinicalbert_type3_max_pool,lr_lbfgs,0,8,brier,0.2499956621832862
3915,891.0,891.0,,guo_los,guo_los,clinicalbert_type3_max_pool,lr_lbfgs,1,8,auroc,0.5593658207414856
3916,892.0,892.0,,guo_los,guo_los,clinicalbert_type3_max_pool,lr_lbfgs,1,8,auprc,0.293314013184044
3917,893.0,893.0,,guo_los,guo_los,clinicalbert_type3_max_pool,lr_lbfgs,1,8,brier,0.3729927289008565
3918,894.0,894.0,,guo_los,guo_los,clinicalbert_type3_max_pool,lr_lbfgs,2,8,auroc,0.6172023163707251
3919,895.0,895.0,,guo_los,guo_los,clinicalbert_type3_max_pool,lr_lbfgs,2,8,auprc,0.3315709878754831
3920,896.0,896.0,,guo_los,guo_los,clinicalbert_type3_max_pool,lr_lbfgs,2,8,brier,0.3890649160493558
3921,897.0,897.0,,guo_los,guo_los,clinicalbert_type3_max_pool,lr_lbfgs,3,8,auroc,0.4481948009561866
3922,898.0,898.0,,guo_los,guo_los,clinicalbert_type3_max_pool,lr_lbfgs,3,8,auprc,0.2244123021211014
3923,899.0,899.0,,guo_los,guo_los,clinicalbert_type3_max_pool,lr_lbfgs,3,8,brier,0.3961674903530494
3924,900.0,900.0,,guo_los,guo_los,clinicalbert_type3_max_pool,lr_lbfgs,4,8,auroc,0.5687170869829844
3925,901.0,901.0,,guo_los,guo_los,clinicalbert_type3_max_pool,lr_lbfgs,4,8,auprc,0.3143509658777746
3926,902.0,902.0,,guo_los,guo_los,clinicalbert_type3_max_pool,lr_lbfgs,4,8,brier,0.2499960591555823
3927,903.0,903.0,,guo_los,guo_los,clinicalbert_type3_max_pool,lr_lbfgs,0,12,auroc,0.5409830462127426
3928,904.0,904.0,,guo_los,guo_los,clinicalbert_type3_max_pool,lr_lbfgs,0,12,auprc,0.2952446803575365
3929,905.0,905.0,,guo_los,guo_los,clinicalbert_type3_max_pool,lr_lbfgs,0,12,brier,0.2499979559987386
3930,906.0,906.0,,guo_los,guo_los,clinicalbert_type3_max_pool,lr_lbfgs,1,12,auroc,0.5438785096192014
3931,907.0,907.0,,guo_los,guo_los,clinicalbert_type3_max_pool,lr_lbfgs,1,12,auprc,0.2833155773648887
3932,908.0,908.0,,guo_los,guo_los,clinicalbert_type3_max_pool,lr_lbfgs,1,12,brier,0.430137955102193
3933,909.0,909.0,,guo_los,guo_los,clinicalbert_type3_max_pool,lr_lbfgs,2,12,auroc,0.5905675813949386
3934,910.0,910.0,,guo_los,guo_los,clinicalbert_type3_max_pool,lr_lbfgs,2,12,auprc,0.3195709610091335
3935,911.0,911.0,,guo_los,guo_los,clinicalbert_type3_max_pool,lr_lbfgs,2,12,brier,0.3929195762128726
3936,912.0,912.0,,guo_los,guo_los,clinicalbert_type3_max_pool,lr_lbfgs,3,12,auroc,0.4499622906136706
3937,913.0,913.0,,guo_los,guo_los,clinicalbert_type3_max_pool,lr_lbfgs,3,12,auprc,0.2389395313804012
3938,914.0,914.0,,guo_los,guo_los,clinicalbert_type3_max_pool,lr_lbfgs,3,12,brier,0.2517972637165791
3939,915.0,915.0,,guo_los,guo_los,clinicalbert_type3_max_pool,lr_lbfgs,4,12,auroc,0.5826750729930227
3940,916.0,916.0,,guo_los,guo_los,clinicalbert_type3_max_pool,lr_lbfgs,4,12,auprc,0.3282263188316919
3941,917.0,917.0,,guo_los,guo_los,clinicalbert_type3_max_pool,lr_lbfgs,4,12,brier,0.2503030575546388
3942,918.0,918.0,,guo_los,guo_los,clinicalbert_type3_max_pool,lr_lbfgs,0,16,auroc,0.540336914622421
3943,919.0,919.0,,guo_los,guo_los,clinicalbert_type3_max_pool,lr_lbfgs,0,16,auprc,0.2905319741045072
3944,920.0,920.0,,guo_los,guo_los,clinicalbert_type3_max_pool,lr_lbfgs,0,16,brier,0.254586485267619
3945,921.0,921.0,,guo_los,guo_los,clinicalbert_type3_max_pool,lr_lbfgs,1,16,auroc,0.6058895004719187
3946,922.0,922.0,,guo_los,guo_los,clinicalbert_type3_max_pool,lr_lbfgs,1,16,auprc,0.3191879399236446
3947,923.0,923.0,,guo_los,guo_los,clinicalbert_type3_max_pool,lr_lbfgs,1,16,brier,0.4275764528184367
3948,924.0,924.0,,guo_los,guo_los,clinicalbert_type3_max_pool,lr_lbfgs,2,16,auroc,0.5244703044095724
3949,925.0,925.0,,guo_los,guo_los,clinicalbert_type3_max_pool,lr_lbfgs,2,16,auprc,0.2599976936603133
3950,926.0,926.0,,guo_los,guo_los,clinicalbert_type3_max_pool,lr_lbfgs,2,16,brier,0.2497530233198792
3951,927.0,927.0,,guo_los,guo_los,clinicalbert_type3_max_pool,lr_lbfgs,3,16,auroc,0.5345526034913158
3952,928.0,928.0,,guo_los,guo_los,clinicalbert_type3_max_pool,lr_lbfgs,3,16,auprc,0.2813490459187031
3953,929.0,929.0,,guo_los,guo_los,clinicalbert_type3_max_pool,lr_lbfgs,3,16,brier,0.2515479560669641
3954,930.0,930.0,,guo_los,guo_los,clinicalbert_type3_max_pool,lr_lbfgs,4,16,auroc,0.5908333112810606
3955,931.0,931.0,,guo_los,guo_los,clinicalbert_type3_max_pool,lr_lbfgs,4,16,auprc,0.3316773492915326
3956,932.0,932.0,,guo_los,guo_los,clinicalbert_type3_max_pool,lr_lbfgs,4,16,brier,0.2499982133394215
3957,933.0,933.0,,guo_los,guo_los,clinicalbert_type3_max_pool,lr_lbfgs,0,24,auroc,0.5418000829165454
3958,934.0,934.0,,guo_los,guo_los,clinicalbert_type3_max_pool,lr_lbfgs,0,24,auprc,0.2957142913584663
3959,935.0,935.0,,guo_los,guo_los,clinicalbert_type3_max_pool,lr_lbfgs,0,24,brier,0.2499945632590238
3960,936.0,936.0,,guo_los,guo_los,clinicalbert_type3_max_pool,lr_lbfgs,1,24,auroc,0.6048657237114857
3961,937.0,937.0,,guo_los,guo_los,clinicalbert_type3_max_pool,lr_lbfgs,1,24,auprc,0.3245825177756922
3962,938.0,938.0,,guo_los,guo_los,clinicalbert_type3_max_pool,lr_lbfgs,1,24,brier,0.4185375739727502
3963,939.0,939.0,,guo_los,guo_los,clinicalbert_type3_max_pool,lr_lbfgs,2,24,auroc,0.5985979165012746
3964,940.0,940.0,,guo_los,guo_los,clinicalbert_type3_max_pool,lr_lbfgs,2,24,auprc,0.3201891170802124
3965,941.0,941.0,,guo_los,guo_los,clinicalbert_type3_max_pool,lr_lbfgs,2,24,brier,0.2500011873495172
3966,942.0,942.0,,guo_los,guo_los,clinicalbert_type3_max_pool,lr_lbfgs,3,24,auroc,0.5427538437111328
3967,943.0,943.0,,guo_los,guo_los,clinicalbert_type3_max_pool,lr_lbfgs,3,24,auprc,0.2806811760550654
3968,944.0,944.0,,guo_los,guo_los,clinicalbert_type3_max_pool,lr_lbfgs,3,24,brier,0.2499978919436939
3969,945.0,945.0,,guo_los,guo_los,clinicalbert_type3_max_pool,lr_lbfgs,4,24,auroc,0.5957487628675011
3970,946.0,946.0,,guo_los,guo_los,clinicalbert_type3_max_pool,lr_lbfgs,4,24,auprc,0.3118036211773258
3971,947.0,947.0,,guo_los,guo_los,clinicalbert_type3_max_pool,lr_lbfgs,4,24,brier,0.2393501688855641
3972,948.0,948.0,,guo_los,guo_los,clinicalbert_type3_max_pool,lr_lbfgs,0,32,auroc,0.5807984245856378
3973,949.0,949.0,,guo_los,guo_los,clinicalbert_type3_max_pool,lr_lbfgs,0,32,auprc,0.3252605543960387
3974,950.0,950.0,,guo_los,guo_los,clinicalbert_type3_max_pool,lr_lbfgs,0,32,brier,0.2516243105228081
3975,951.0,951.0,,guo_los,guo_los,clinicalbert_type3_max_pool,lr_lbfgs,1,32,auroc,0.6263071484647209
3976,952.0,952.0,,guo_los,guo_los,clinicalbert_type3_max_pool,lr_lbfgs,1,32,auprc,0.3444918325921736
3977,953.0,953.0,,guo_los,guo_los,clinicalbert_type3_max_pool,lr_lbfgs,1,32,brier,0.4085236763377278
3978,954.0,954.0,,guo_los,guo_los,clinicalbert_type3_max_pool,lr_lbfgs,2,32,auroc,0.6299777492568385
3979,955.0,955.0,,guo_los,guo_los,clinicalbert_type3_max_pool,lr_lbfgs,2,32,auprc,0.3365801174656339
3980,956.0,956.0,,guo_los,guo_los,clinicalbert_type3_max_pool,lr_lbfgs,2,32,brier,0.3918384353748526
3981,957.0,957.0,,guo_los,guo_los,clinicalbert_type3_max_pool,lr_lbfgs,3,32,auroc,0.5768455547028677
3982,958.0,958.0,,guo_los,guo_los,clinicalbert_type3_max_pool,lr_lbfgs,3,32,auprc,0.2950555679687714
3983,959.0,959.0,,guo_los,guo_los,clinicalbert_type3_max_pool,lr_lbfgs,3,32,brier,0.2499995745093531
3984,960.0,960.0,,guo_los,guo_los,clinicalbert_type3_max_pool,lr_lbfgs,4,32,auroc,0.5974864819568304
3985,961.0,961.0,,guo_los,guo_los,clinicalbert_type3_max_pool,lr_lbfgs,4,32,auprc,0.3168638025990677
3986,962.0,962.0,,guo_los,guo_los,clinicalbert_type3_max_pool,lr_lbfgs,4,32,brier,0.3486110741025274
3987,963.0,963.0,,guo_los,guo_los,clinicalbert_type3_max_pool,lr_lbfgs,0,48,auroc,0.6234188520468921
3988,964.0,964.0,,guo_los,guo_los,clinicalbert_type3_max_pool,lr_lbfgs,0,48,auprc,0.3474644940305471
3989,965.0,965.0,,guo_los,guo_los,clinicalbert_type3_max_pool,lr_lbfgs,0,48,brier,0.2499196708104565
3990,966.0,966.0,,guo_los,guo_los,clinicalbert_type3_max_pool,lr_lbfgs,1,48,auroc,0.6322579542547655
3991,967.0,967.0,,guo_los,guo_los,clinicalbert_type3_max_pool,lr_lbfgs,1,48,auprc,0.3377764175840066
3992,968.0,968.0,,guo_los,guo_los,clinicalbert_type3_max_pool,lr_lbfgs,1,48,brier,0.4029239655606741
3993,969.0,969.0,,guo_los,guo_los,clinicalbert_type3_max_pool,lr_lbfgs,2,48,auroc,0.6695406291072358
3994,970.0,970.0,,guo_los,guo_los,clinicalbert_type3_max_pool,lr_lbfgs,2,48,auprc,0.3709966104154459
3995,971.0,971.0,,guo_los,guo_los,clinicalbert_type3_max_pool,lr_lbfgs,2,48,brier,0.3614406616396625
3996,972.0,972.0,,guo_los,guo_los,clinicalbert_type3_max_pool,lr_lbfgs,3,48,auroc,0.6228653400019406
3997,973.0,973.0,,guo_los,guo_los,clinicalbert_type3_max_pool,lr_lbfgs,3,48,auprc,0.3274767208461546
3998,974.0,974.0,,guo_los,guo_los,clinicalbert_type3_max_pool,lr_lbfgs,3,48,brier,0.2500163094653028
3999,975.0,975.0,,guo_los,guo_los,clinicalbert_type3_max_pool,lr_lbfgs,4,48,auroc,0.6416174900985296
4000,976.0,976.0,,guo_los,guo_los,clinicalbert_type3_max_pool,lr_lbfgs,4,48,auprc,0.3467164918363022
4001,977.0,977.0,,guo_los,guo_los,clinicalbert_type3_max_pool,lr_lbfgs,4,48,brier,0.260437158184511
4002,978.0,978.0,,guo_los,guo_los,clinicalbert_type3_max_pool,lr_lbfgs,0,64,auroc,0.6100584826272195
4003,979.0,979.0,,guo_los,guo_los,clinicalbert_type3_max_pool,lr_lbfgs,0,64,auprc,0.3496183131501486
4004,980.0,980.0,,guo_los,guo_los,clinicalbert_type3_max_pool,lr_lbfgs,0,64,brier,0.2498475861468641
4005,981.0,981.0,,guo_los,guo_los,clinicalbert_type3_max_pool,lr_lbfgs,1,64,auroc,0.6323351372092408
4006,982.0,982.0,,guo_los,guo_los,clinicalbert_type3_max_pool,lr_lbfgs,1,64,auprc,0.3435911799934397
4007,983.0,983.0,,guo_los,guo_los,clinicalbert_type3_max_pool,lr_lbfgs,1,64,brier,0.4128833304116428
4008,984.0,984.0,,guo_los,guo_los,clinicalbert_type3_max_pool,lr_lbfgs,2,64,auroc,0.6694276112096113
4009,985.0,985.0,,guo_los,guo_los,clinicalbert_type3_max_pool,lr_lbfgs,2,64,auprc,0.3722547107948379
4010,986.0,986.0,,guo_los,guo_los,clinicalbert_type3_max_pool,lr_lbfgs,2,64,brier,0.2290212503364849
4011,987.0,987.0,,guo_los,guo_los,clinicalbert_type3_max_pool,lr_lbfgs,3,64,auroc,0.5455963816630942
4012,988.0,988.0,,guo_los,guo_los,clinicalbert_type3_max_pool,lr_lbfgs,3,64,auprc,0.2680625257614522
4013,989.0,989.0,,guo_los,guo_los,clinicalbert_type3_max_pool,lr_lbfgs,3,64,brier,0.2450293114709761
4014,990.0,990.0,,guo_los,guo_los,clinicalbert_type3_max_pool,lr_lbfgs,4,64,auroc,0.629358631700583
4015,991.0,991.0,,guo_los,guo_los,clinicalbert_type3_max_pool,lr_lbfgs,4,64,auprc,0.3401534269381156
4016,992.0,992.0,,guo_los,guo_los,clinicalbert_type3_max_pool,lr_lbfgs,4,64,brier,0.3779928983696579
4017,993.0,993.0,,guo_los,guo_los,clinicalbert_type3_max_pool,lr_lbfgs,0,128,auroc,0.6787281572238835
4018,994.0,994.0,,guo_los,guo_los,clinicalbert_type3_max_pool,lr_lbfgs,0,128,auprc,0.4034250426340928
4019,995.0,995.0,,guo_los,guo_los,clinicalbert_type3_max_pool,lr_lbfgs,0,128,brier,0.2304839224209961
4020,996.0,996.0,,guo_los,guo_los,clinicalbert_type3_max_pool,lr_lbfgs,1,128,auroc,0.6535819506558346
4021,997.0,997.0,,guo_los,guo_los,clinicalbert_type3_max_pool,lr_lbfgs,1,128,auprc,0.3714429598094885
4022,998.0,998.0,,guo_los,guo_los,clinicalbert_type3_max_pool,lr_lbfgs,1,128,brier,0.2379224727415801
4023,999.0,999.0,,guo_los,guo_los,clinicalbert_type3_max_pool,lr_lbfgs,2,128,auroc,0.677631056656699
4024,1000.0,1000.0,,guo_los,guo_los,clinicalbert_type3_max_pool,lr_lbfgs,2,128,auprc,0.3796927170587478
4025,1001.0,1001.0,,guo_los,guo_los,clinicalbert_type3_max_pool,lr_lbfgs,2,128,brier,0.2267650990886537
4026,1002.0,1002.0,,guo_los,guo_los,clinicalbert_type3_max_pool,lr_lbfgs,3,128,auroc,0.6243626893187612
4027,1003.0,1003.0,,guo_los,guo_los,clinicalbert_type3_max_pool,lr_lbfgs,3,128,auprc,0.3323641647981129
4028,1004.0,1004.0,,guo_los,guo_los,clinicalbert_type3_max_pool,lr_lbfgs,3,128,brier,0.2409786177261998
4029,1005.0,1005.0,,guo_los,guo_los,clinicalbert_type3_max_pool,lr_lbfgs,4,128,auroc,0.6938394770965095
4030,1006.0,1006.0,,guo_los,guo_los,clinicalbert_type3_max_pool,lr_lbfgs,4,128,auprc,0.4072285340604769
4031,1007.0,1007.0,,guo_los,guo_los,clinicalbert_type3_max_pool,lr_lbfgs,4,128,brier,0.2249969865900125
4032,1008.0,1008.0,,guo_los,guo_los,clinicalbert_type3_max_pool,knn,0,-1,auroc,0.6252982569883653
4033,1009.0,1009.0,,guo_los,guo_los,clinicalbert_type3_max_pool,knn,0,-1,auprc,0.3425575555161042
4034,1010.0,1010.0,,guo_los,guo_los,clinicalbert_type3_max_pool,knn,0,-1,brier,0.2013605283665477
4035,1011.0,1011.0,,guo_los,guo_los,clinicalbert_type3_max_pool,knn,0,1,auroc,0.5041116462462621
4036,1012.0,1012.0,,guo_los,guo_los,clinicalbert_type3_max_pool,knn,0,1,auprc,0.2530452927941889
4037,1013.0,1013.0,,guo_los,guo_los,clinicalbert_type3_max_pool,knn,0,1,brier,0.5316628701594533
4038,1014.0,1014.0,,guo_los,guo_los,clinicalbert_type3_max_pool,knn,1,1,auroc,0.5098165691956212
4039,1015.0,1015.0,,guo_los,guo_los,clinicalbert_type3_max_pool,knn,1,1,auprc,0.2556313554954599
4040,1016.0,1016.0,,guo_los,guo_los,clinicalbert_type3_max_pool,knn,1,1,brier,0.3034168564920273
4041,1017.0,1017.0,,guo_los,guo_los,clinicalbert_type3_max_pool,knn,2,1,auroc,0.4776974339975477
4042,1018.0,1018.0,,guo_los,guo_los,clinicalbert_type3_max_pool,knn,2,1,auprc,0.243856320997077
4043,1019.0,1019.0,,guo_los,guo_los,clinicalbert_type3_max_pool,knn,2,1,brier,0.44874715261959
4044,1020.0,1020.0,,guo_los,guo_los,clinicalbert_type3_max_pool,knn,3,1,auroc,0.4568299196415182
4045,1021.0,1021.0,,guo_los,guo_los,clinicalbert_type3_max_pool,knn,3,1,auprc,0.2363954848935787
4046,1022.0,1022.0,,guo_los,guo_los,clinicalbert_type3_max_pool,knn,3,1,brier,0.7312072892938497
4047,1023.0,1023.0,,guo_los,guo_los,clinicalbert_type3_max_pool,knn,4,1,auroc,0.5129943016927325
4048,1024.0,1024.0,,guo_los,guo_los,clinicalbert_type3_max_pool,knn,4,1,auprc,0.2565482189706624
4049,1025.0,1025.0,,guo_los,guo_los,clinicalbert_type3_max_pool,knn,4,1,brier,0.5111617312072892
4050,1026.0,1026.0,,guo_los,guo_los,clinicalbert_type3_max_pool,knn,0,2,auroc,0.5015216068167985
4051,1027.0,1027.0,,guo_los,guo_los,clinicalbert_type3_max_pool,knn,0,2,auprc,0.2520547945205479
4052,1028.0,1028.0,,guo_los,guo_los,clinicalbert_type3_max_pool,knn,0,2,brier,0.3598582637307011
4053,1029.0,1029.0,,guo_los,guo_los,clinicalbert_type3_max_pool,knn,1,2,auroc,0.493920188414618
4054,1030.0,1030.0,,guo_los,guo_los,clinicalbert_type3_max_pool,knn,1,2,auprc,0.2561371755889406
4055,1031.0,1031.0,,guo_los,guo_los,clinicalbert_type3_max_pool,knn,1,2,brier,0.3062223150271326
4056,1032.0,1032.0,,guo_los,guo_los,clinicalbert_type3_max_pool,knn,2,2,auroc,0.50189208499828
4057,1033.0,1033.0,,guo_los,guo_los,clinicalbert_type3_max_pool,knn,2,2,auprc,0.25219685121051
4058,1034.0,1034.0,,guo_los,guo_los,clinicalbert_type3_max_pool,knn,2,2,brier,0.5079726651480638
4059,1035.0,1035.0,,guo_los,guo_los,clinicalbert_type3_max_pool,knn,3,2,auroc,0.477087688657193
4060,1036.0,1036.0,,guo_los,guo_los,clinicalbert_type3_max_pool,knn,3,2,auprc,0.2432949989620455
4061,1037.0,1037.0,,guo_los,guo_los,clinicalbert_type3_max_pool,knn,3,2,brier,0.3120222728423184
4062,1038.0,1038.0,,guo_los,guo_los,clinicalbert_type3_max_pool,knn,4,2,auroc,0.5550623197226706
4063,1039.0,1039.0,,guo_los,guo_los,clinicalbert_type3_max_pool,knn,4,2,auprc,0.2828761516857954
4064,1040.0,1040.0,,guo_los,guo_los,clinicalbert_type3_max_pool,knn,4,2,brier,0.3015288928564839
4065,1041.0,1041.0,,guo_los,guo_los,clinicalbert_type3_max_pool,knn,0,4,auroc,0.4961601480148544
4066,1042.0,1042.0,,guo_los,guo_los,clinicalbert_type3_max_pool,knn,0,4,auprc,0.2500511666627226
4067,1043.0,1043.0,,guo_los,guo_los,clinicalbert_type3_max_pool,knn,0,4,brier,0.510250569476082
4068,1044.0,1044.0,,guo_los,guo_los,clinicalbert_type3_max_pool,knn,1,4,auroc,0.5299910908818263
4069,1045.0,1045.0,,guo_los,guo_los,clinicalbert_type3_max_pool,knn,1,4,auprc,0.2860254157125097
4070,1046.0,1046.0,,guo_los,guo_los,clinicalbert_type3_max_pool,knn,1,4,brier,0.23321577331097
4071,1047.0,1047.0,,guo_los,guo_los,clinicalbert_type3_max_pool,knn,2,4,auroc,0.525843609692415
4072,1048.0,1048.0,,guo_los,guo_los,clinicalbert_type3_max_pool,knn,2,4,auprc,0.2618561557014757
4073,1049.0,1049.0,,guo_los,guo_los,clinicalbert_type3_max_pool,knn,2,4,brier,0.5216400911161732
4074,1050.0,1050.0,,guo_los,guo_los,clinicalbert_type3_max_pool,knn,3,4,auroc,0.4686780544602927
4075,1051.0,1051.0,,guo_los,guo_los,clinicalbert_type3_max_pool,knn,3,4,auprc,0.2404683586862275
4076,1052.0,1052.0,,guo_los,guo_los,clinicalbert_type3_max_pool,knn,3,4,brier,0.3124778537079221
4077,1053.0,1053.0,,guo_los,guo_los,clinicalbert_type3_max_pool,knn,4,4,auroc,0.5354236682632513
4078,1054.0,1054.0,,guo_los,guo_los,clinicalbert_type3_max_pool,knn,4,4,auprc,0.2684850438887914
4079,1055.0,1055.0,,guo_los,guo_los,clinicalbert_type3_max_pool,knn,4,4,brier,0.2505512528473804
4080,1056.0,1056.0,,guo_los,guo_los,clinicalbert_type3_max_pool,knn,0,8,auroc,0.5162122795875342
4081,1057.0,1057.0,,guo_los,guo_los,clinicalbert_type3_max_pool,knn,0,8,auprc,0.2580999139213426
4082,1058.0,1058.0,,guo_los,guo_los,clinicalbert_type3_max_pool,knn,0,8,brier,0.4109845608706656
4083,1059.0,1059.0,,guo_los,guo_los,clinicalbert_type3_max_pool,knn,1,8,auroc,0.5071906948230085
4084,1060.0,1060.0,,guo_los,guo_los,clinicalbert_type3_max_pool,knn,1,8,auprc,0.2542401515834218
4085,1061.0,1061.0,,guo_los,guo_los,clinicalbert_type3_max_pool,knn,1,8,brier,0.5225512528473805
4086,1062.0,1062.0,,guo_los,guo_los,clinicalbert_type3_max_pool,knn,2,8,auroc,0.5756558345903129
4087,1063.0,1063.0,,guo_los,guo_los,clinicalbert_type3_max_pool,knn,2,8,auprc,0.2990690252608641
4088,1064.0,1064.0,,guo_los,guo_los,clinicalbert_type3_max_pool,knn,2,8,brier,0.2851572462086978
4089,1065.0,1065.0,,guo_los,guo_los,clinicalbert_type3_max_pool,knn,3,8,auroc,0.4594133433891696
4090,1066.0,1066.0,,guo_los,guo_los,clinicalbert_type3_max_pool,knn,3,8,auprc,0.2391036422015095
4091,1067.0,1067.0,,guo_los,guo_los,clinicalbert_type3_max_pool,knn,3,8,brier,0.441002277904328
4092,1068.0,1068.0,,guo_los,guo_los,clinicalbert_type3_max_pool,knn,4,8,auroc,0.5357108991152628
4093,1069.0,1069.0,,guo_los,guo_los,clinicalbert_type3_max_pool,knn,4,8,auprc,0.2662676119653545
4094,1070.0,1070.0,,guo_los,guo_los,clinicalbert_type3_max_pool,knn,4,8,brier,0.4906605922551252
4095,1071.0,1071.0,,guo_los,guo_los,clinicalbert_type3_max_pool,knn,0,12,auroc,0.5080645161290323
4096,1072.0,1072.0,,guo_los,guo_los,clinicalbert_type3_max_pool,knn,0,12,auprc,0.2533679368224971
4097,1073.0,1073.0,,guo_los,guo_los,clinicalbert_type3_max_pool,knn,0,12,brier,0.3511009870918755
4098,1074.0,1074.0,,guo_los,guo_los,clinicalbert_type3_max_pool,knn,1,12,auroc,0.4902043804634505
4099,1075.0,1075.0,,guo_los,guo_los,clinicalbert_type3_max_pool,knn,1,12,auprc,0.2477739608914525
4100,1076.0,1076.0,,guo_los,guo_los,clinicalbert_type3_max_pool,knn,1,12,brier,0.2974578587699317
4101,1077.0,1077.0,,guo_los,guo_los,clinicalbert_type3_max_pool,knn,2,12,auroc,0.5518934081346423
4102,1078.0,1078.0,,guo_los,guo_los,clinicalbert_type3_max_pool,knn,2,12,auprc,0.2772420994616359
4103,1079.0,1079.0,,guo_los,guo_los,clinicalbert_type3_max_pool,knn,2,12,brier,0.293090356871678
4104,1080.0,1080.0,,guo_los,guo_los,clinicalbert_type3_max_pool,knn,3,12,auroc,0.4669673494050296
4105,1081.0,1081.0,,guo_los,guo_los,clinicalbert_type3_max_pool,knn,3,12,auprc,0.2405855769432245
4106,1082.0,1082.0,,guo_los,guo_los,clinicalbert_type3_max_pool,knn,3,12,brier,0.4747152619589977
4107,1083.0,1083.0,,guo_los,guo_los,clinicalbert_type3_max_pool,knn,4,12,auroc,0.5415668801326664
4108,1084.0,1084.0,,guo_los,guo_los,clinicalbert_type3_max_pool,knn,4,12,auprc,0.272170919400108
4109,1085.0,1085.0,,guo_los,guo_los,clinicalbert_type3_max_pool,knn,4,12,brier,0.3220956719817767
4110,1086.0,1086.0,,guo_los,guo_los,clinicalbert_type3_max_pool,knn,0,16,auroc,0.5208344359469688
4111,1087.0,1087.0,,guo_los,guo_los,clinicalbert_type3_max_pool,knn,0,16,auprc,0.2584231551502621
4112,1088.0,1088.0,,guo_los,guo_los,clinicalbert_type3_max_pool,knn,0,16,brier,0.3008838268792711
4113,1089.0,1089.0,,guo_los,guo_los,clinicalbert_type3_max_pool,knn,1,16,auroc,0.5397271692820662
4114,1090.0,1090.0,,guo_los,guo_los,clinicalbert_type3_max_pool,knn,1,16,auprc,0.2695584102523317
4115,1091.0,1091.0,,guo_los,guo_los,clinicalbert_type3_max_pool,knn,1,16,brier,0.2913186535054416
4116,1092.0,1092.0,,guo_los,guo_los,clinicalbert_type3_max_pool,knn,2,16,auroc,0.5677368634611483
4117,1093.0,1093.0,,guo_los,guo_los,clinicalbert_type3_max_pool,knn,2,16,auprc,0.2916476945267584
4118,1094.0,1094.0,,guo_los,guo_los,clinicalbert_type3_max_pool,knn,2,16,brier,0.3177088892693673
4119,1095.0,1095.0,,guo_los,guo_los,clinicalbert_type3_max_pool,knn,3,16,auroc,0.4776042631453598
4120,1096.0,1096.0,,guo_los,guo_los,clinicalbert_type3_max_pool,knn,3,16,auprc,0.2437800245743496
4121,1097.0,1097.0,,guo_los,guo_los,clinicalbert_type3_max_pool,knn,3,16,brier,0.4605922551252847
4122,1098.0,1098.0,,guo_los,guo_los,clinicalbert_type3_max_pool,knn,4,16,auroc,0.497878571365565
4123,1099.0,1099.0,,guo_los,guo_los,clinicalbert_type3_max_pool,knn,4,16,auprc,0.2506866726090258
4124,1100.0,1100.0,,guo_los,guo_los,clinicalbert_type3_max_pool,knn,4,16,brier,0.5211845102505694
4125,1101.0,1101.0,,guo_los,guo_los,clinicalbert_type3_max_pool,knn,0,24,auroc,0.4856401113198726
4126,1102.0,1102.0,,guo_los,guo_los,clinicalbert_type3_max_pool,knn,0,24,auprc,0.2427349049933398
4127,1103.0,1103.0,,guo_los,guo_los,clinicalbert_type3_max_pool,knn,0,24,brier,0.3147881548974943
4128,1104.0,1104.0,,guo_los,guo_los,clinicalbert_type3_max_pool,knn,1,24,auroc,0.541521121666799
4129,1105.0,1105.0,,guo_los,guo_los,clinicalbert_type3_max_pool,knn,1,24,auprc,0.2704070746095797
4130,1106.0,1106.0,,guo_los,guo_los,clinicalbert_type3_max_pool,knn,1,24,brier,0.2891814956948173
4131,1107.0,1107.0,,guo_los,guo_los,clinicalbert_type3_max_pool,knn,2,24,auroc,0.5671133354503515
4132,1108.0,1108.0,,guo_los,guo_los,clinicalbert_type3_max_pool,knn,2,24,auprc,0.2888584938018516
4133,1109.0,1109.0,,guo_los,guo_los,clinicalbert_type3_max_pool,knn,2,24,brier,0.2909886104783599
4134,1110.0,1110.0,,guo_los,guo_los,clinicalbert_type3_max_pool,knn,3,24,auroc,0.4816039941076327
4135,1111.0,1111.0,,guo_los,guo_los,clinicalbert_type3_max_pool,knn,3,24,auprc,0.2537554205530362
4136,1112.0,1112.0,,guo_los,guo_los,clinicalbert_type3_max_pool,knn,3,24,brier,0.2666788154897495
4137,1113.0,1113.0,,guo_los,guo_los,clinicalbert_type3_max_pool,knn,4,24,auroc,0.4842072649007206
4138,1114.0,1114.0,,guo_los,guo_los,clinicalbert_type3_max_pool,knn,4,24,auprc,0.2390409678086457
4139,1115.0,1115.0,,guo_los,guo_los,clinicalbert_type3_max_pool,knn,4,24,brier,0.3583051496816213
4140,1116.0,1116.0,,guo_los,guo_los,clinicalbert_type3_max_pool,knn,0,32,auroc,0.5019455617595949
4141,1117.0,1117.0,,guo_los,guo_los,clinicalbert_type3_max_pool,knn,0,32,auprc,0.2548781401676296
4142,1118.0,1118.0,,guo_los,guo_los,clinicalbert_type3_max_pool,knn,0,32,brier,0.2851389521640091
4143,1119.0,1119.0,,guo_los,guo_los,clinicalbert_type3_max_pool,knn,1,32,auroc,0.5295004278140905
4144,1120.0,1120.0,,guo_los,guo_los,clinicalbert_type3_max_pool,knn,1,32,auprc,0.2656299346232348
4145,1121.0,1121.0,,guo_los,guo_los,clinicalbert_type3_max_pool,knn,1,32,brier,0.2981467305186918
4146,1122.0,1122.0,,guo_los,guo_los,clinicalbert_type3_max_pool,knn,2,32,auroc,0.5694845060731959
4147,1123.0,1123.0,,guo_los,guo_los,clinicalbert_type3_max_pool,knn,2,32,auprc,0.289313658505007
4148,1124.0,1124.0,,guo_los,guo_los,clinicalbert_type3_max_pool,knn,2,32,brier,0.2746378415055351
4149,1125.0,1125.0,,guo_los,guo_los,clinicalbert_type3_max_pool,knn,3,32,auroc,0.4972936348320058
4150,1126.0,1126.0,,guo_los,guo_los,clinicalbert_type3_max_pool,knn,3,32,auprc,0.2511304651615684
4151,1127.0,1127.0,,guo_los,guo_los,clinicalbert_type3_max_pool,knn,3,32,brier,0.2665694760820046
4152,1128.0,1128.0,,guo_los,guo_los,clinicalbert_type3_max_pool,knn,4,32,auroc,0.5496506920003176
4153,1129.0,1129.0,,guo_los,guo_los,clinicalbert_type3_max_pool,knn,4,32,auprc,0.2806423893032804
4154,1130.0,1130.0,,guo_los,guo_los,clinicalbert_type3_max_pool,knn,4,32,brier,0.2962091890134137
4155,1131.0,1131.0,,guo_los,guo_los,clinicalbert_type3_max_pool,knn,0,48,auroc,0.5418188273483465
4156,1132.0,1132.0,,guo_los,guo_los,clinicalbert_type3_max_pool,knn,0,48,auprc,0.2713958945449033
4157,1133.0,1133.0,,guo_los,guo_los,clinicalbert_type3_max_pool,knn,0,48,brier,0.2517904328018223
4158,1134.0,1134.0,,guo_los,guo_los,clinicalbert_type3_max_pool,knn,1,48,auroc,0.5370026109890885
4159,1135.0,1135.0,,guo_los,guo_los,clinicalbert_type3_max_pool,knn,1,48,auprc,0.2753553848977284
4160,1136.0,1136.0,,guo_los,guo_los,clinicalbert_type3_max_pool,knn,1,48,brier,0.2824486869166422
4161,1137.0,1137.0,,guo_los,guo_los,clinicalbert_type3_max_pool,knn,2,48,auroc,0.6237430204556882
4162,1138.0,1138.0,,guo_los,guo_los,clinicalbert_type3_max_pool,knn,2,48,auprc,0.3368223827795639
4163,1139.0,1139.0,,guo_los,guo_los,clinicalbert_type3_max_pool,knn,2,48,brier,0.277920817339672
4164,1140.0,1140.0,,guo_los,guo_los,clinicalbert_type3_max_pool,knn,3,48,auroc,0.5339180493441653
4165,1141.0,1141.0,,guo_los,guo_los,clinicalbert_type3_max_pool,knn,3,48,auprc,0.2654804820585918
4166,1142.0,1142.0,,guo_los,guo_los,clinicalbert_type3_max_pool,knn,3,48,brier,0.2611571753986332
4167,1143.0,1143.0,,guo_los,guo_los,clinicalbert_type3_max_pool,knn,4,48,auroc,0.5858781656037472
4168,1144.0,1144.0,,guo_los,guo_los,clinicalbert_type3_max_pool,knn,4,48,auprc,0.3104457754061327
4169,1145.0,1145.0,,guo_los,guo_los,clinicalbert_type3_max_pool,knn,4,48,brier,0.3149209775203996
4170,1146.0,1146.0,,guo_los,guo_los,clinicalbert_type3_max_pool,knn,0,64,auroc,0.5531994539857277
4171,1147.0,1147.0,,guo_los,guo_los,clinicalbert_type3_max_pool,knn,0,64,auprc,0.2785980567008476
4172,1148.0,1148.0,,guo_los,guo_los,clinicalbert_type3_max_pool,knn,0,64,brier,0.252373576309795
4173,1149.0,1149.0,,guo_los,guo_los,clinicalbert_type3_max_pool,knn,1,64,auroc,0.5528758368837492
4174,1150.0,1150.0,,guo_los,guo_los,clinicalbert_type3_max_pool,knn,1,64,auprc,0.2749433000041412
4175,1151.0,1151.0,,guo_los,guo_los,clinicalbert_type3_max_pool,knn,1,64,brier,0.2827132371551505
4176,1152.0,1152.0,,guo_los,guo_los,clinicalbert_type3_max_pool,knn,2,64,auroc,0.6167811179620172
4177,1153.0,1153.0,,guo_los,guo_los,clinicalbert_type3_max_pool,knn,2,64,auprc,0.337213736519392
4178,1154.0,1154.0,,guo_los,guo_los,clinicalbert_type3_max_pool,knn,2,64,brier,0.2760607843441613
4179,1155.0,1155.0,,guo_los,guo_los,clinicalbert_type3_max_pool,knn,3,64,auroc,0.5454910820609172
4180,1156.0,1156.0,,guo_los,guo_los,clinicalbert_type3_max_pool,knn,3,64,auprc,0.2761108896200104
4181,1157.0,1157.0,,guo_los,guo_los,clinicalbert_type3_max_pool,knn,3,64,brier,0.2656583143507973
4182,1158.0,1158.0,,guo_los,guo_los,clinicalbert_type3_max_pool,knn,4,64,auroc,0.5968861088323762
4183,1159.0,1159.0,,guo_los,guo_los,clinicalbert_type3_max_pool,knn,4,64,auprc,0.3186145870969158
4184,1160.0,1160.0,,guo_los,guo_los,clinicalbert_type3_max_pool,knn,4,64,brier,0.2996304855422748
4185,1161.0,1161.0,,guo_los,guo_los,clinicalbert_type3_max_pool,knn,0,128,auroc,0.5801148041317138
4186,1162.0,1162.0,,guo_los,guo_los,clinicalbert_type3_max_pool,knn,0,128,auprc,0.3170929200945001
4187,1163.0,1163.0,,guo_los,guo_los,clinicalbert_type3_max_pool,knn,0,128,brier,0.2471627123312784
4188,1164.0,1164.0,,guo_los,guo_los,clinicalbert_type3_max_pool,knn,1,128,auroc,0.570133394197606
4189,1165.0,1165.0,,guo_los,guo_los,clinicalbert_type3_max_pool,knn,1,128,auprc,0.2844561827122256
4190,1166.0,1166.0,,guo_los,guo_los,clinicalbert_type3_max_pool,knn,1,128,brier,0.2681731207289294
4191,1167.0,1167.0,,guo_los,guo_los,clinicalbert_type3_max_pool,knn,2,128,auroc,0.6306542027221326
4192,1168.0,1168.0,,guo_los,guo_los,clinicalbert_type3_max_pool,knn,2,128,auprc,0.3369278428824719
4193,1169.0,1169.0,,guo_los,guo_los,clinicalbert_type3_max_pool,knn,2,128,brier,0.2621945107052348
4194,1170.0,1170.0,,guo_los,guo_los,clinicalbert_type3_max_pool,knn,3,128,auroc,0.5788782229396561
4195,1171.0,1171.0,,guo_los,guo_los,clinicalbert_type3_max_pool,knn,3,128,auprc,0.3022883248413013
4196,1172.0,1172.0,,guo_los,guo_los,clinicalbert_type3_max_pool,knn,3,128,brier,0.2652391799544419
4197,1173.0,1173.0,,guo_los,guo_los,clinicalbert_type3_max_pool,knn,4,128,auroc,0.5874223760000706
4198,1174.0,1174.0,,guo_los,guo_los,clinicalbert_type3_max_pool,knn,4,128,auprc,0.3125403158016263
4199,1175.0,1175.0,,guo_los,guo_los,clinicalbert_type3_max_pool,knn,4,128,brier,0.2766601116397434
4200,1176.0,1176.0,,guo_los,guo_los,clinicalbert_type3_max_pool,rf,0,-1,auroc,0.6929110764155355
4201,1177.0,1177.0,,guo_los,guo_los,clinicalbert_type3_max_pool,rf,0,-1,auprc,0.3857123328042446
4202,1178.0,1178.0,,guo_los,guo_los,clinicalbert_type3_max_pool,rf,0,-1,brier,0.1743206627692098
4203,1179.0,1179.0,,guo_los,guo_los,clinicalbert_type3_max_pool,rf,0,1,auroc,0.508558487037674
4204,1180.0,1180.0,,guo_los,guo_los,clinicalbert_type3_max_pool,rf,0,1,auprc,0.2531571683115592
4205,1181.0,1181.0,,guo_los,guo_los,clinicalbert_type3_max_pool,rf,0,1,brier,0.316760820045558
4206,1182.0,1182.0,,guo_los,guo_los,clinicalbert_type3_max_pool,rf,1,1,auroc,0.539777889509293
4207,1183.0,1183.0,,guo_los,guo_los,clinicalbert_type3_max_pool,rf,1,1,auprc,0.2757040816151994
4208,1184.0,1184.0,,guo_los,guo_los,clinicalbert_type3_max_pool,rf,1,1,brier,0.2709031890660592
4209,1185.0,1185.0,,guo_los,guo_los,clinicalbert_type3_max_pool,rf,2,1,auroc,0.4677717060520258
4210,1186.0,1186.0,,guo_los,guo_los,clinicalbert_type3_max_pool,rf,2,1,auprc,0.2412506902825152
4211,1187.0,1187.0,,guo_los,guo_los,clinicalbert_type3_max_pool,rf,2,1,brier,0.3849339407744874
4212,1188.0,1188.0,,guo_los,guo_los,clinicalbert_type3_max_pool,rf,3,1,auroc,0.4238022308079071
4213,1189.0,1189.0,,guo_los,guo_los,clinicalbert_type3_max_pool,rf,3,1,auprc,0.2184578862216189
4214,1190.0,1190.0,,guo_los,guo_los,clinicalbert_type3_max_pool,rf,3,1,brier,0.2574812401923563
4215,1191.0,1191.0,,guo_los,guo_los,clinicalbert_type3_max_pool,rf,4,1,auroc,0.5457529527993155
4216,1192.0,1192.0,,guo_los,guo_los,clinicalbert_type3_max_pool,rf,4,1,auprc,0.2758696122410168
4217,1193.0,1193.0,,guo_los,guo_los,clinicalbert_type3_max_pool,rf,4,1,brier,0.3243006833712983
4218,1194.0,1194.0,,guo_los,guo_los,clinicalbert_type3_max_pool,rf,0,2,auroc,0.4957769897765664
4219,1195.0,1195.0,,guo_los,guo_los,clinicalbert_type3_max_pool,rf,0,2,auprc,0.2518326678171195
4220,1196.0,1196.0,,guo_los,guo_los,clinicalbert_type3_max_pool,rf,0,2,brier,0.2826046469248291
4221,1197.0,1197.0,,guo_los,guo_los,clinicalbert_type3_max_pool,rf,1,2,auroc,0.4814777448463839
4222,1198.0,1198.0,,guo_los,guo_los,clinicalbert_type3_max_pool,rf,1,2,auprc,0.2403993710801666
4223,1199.0,1199.0,,guo_los,guo_los,clinicalbert_type3_max_pool,rf,1,2,brier,0.2938439635535307
4224,1200.0,1200.0,,guo_los,guo_los,clinicalbert_type3_max_pool,rf,2,2,auroc,0.5013699974419363
4225,1201.0,1201.0,,guo_los,guo_los,clinicalbert_type3_max_pool,rf,2,2,auprc,0.2519382610408143
4226,1202.0,1202.0,,guo_los,guo_los,clinicalbert_type3_max_pool,rf,2,2,brier,0.3116036446469248
4227,1203.0,1203.0,,guo_los,guo_los,clinicalbert_type3_max_pool,rf,3,2,auroc,0.4495322712958797
4228,1204.0,1204.0,,guo_los,guo_los,clinicalbert_type3_max_pool,rf,3,2,auprc,0.2239584516321143
4229,1205.0,1205.0,,guo_los,guo_los,clinicalbert_type3_max_pool,rf,3,2,brier,0.3738507972665148
4230,1206.0,1206.0,,guo_los,guo_los,clinicalbert_type3_max_pool,rf,4,2,auroc,0.5392254800779768
4231,1207.0,1207.0,,guo_los,guo_los,clinicalbert_type3_max_pool,rf,4,2,auprc,0.2714258937647912
4232,1208.0,1208.0,,guo_los,guo_los,clinicalbert_type3_max_pool,rf,4,2,brier,0.3398542141230068
4233,1209.0,1209.0,,guo_los,guo_los,clinicalbert_type3_max_pool,rf,0,4,auroc,0.528194381963005
4234,1210.0,1210.0,,guo_los,guo_los,clinicalbert_type3_max_pool,rf,0,4,auprc,0.2674871639459046
4235,1211.0,1211.0,,guo_los,guo_los,clinicalbert_type3_max_pool,rf,0,4,brier,0.2979783599088838
4236,1212.0,1212.0,,guo_los,guo_los,clinicalbert_type3_max_pool,rf,1,4,auroc,0.4945801026753817
4237,1213.0,1213.0,,guo_los,guo_los,clinicalbert_type3_max_pool,rf,1,4,auprc,0.2689458529503449
4238,1214.0,1214.0,,guo_los,guo_los,clinicalbert_type3_max_pool,rf,1,4,brier,0.2409013211845102
4239,1215.0,1215.0,,guo_los,guo_los,clinicalbert_type3_max_pool,rf,2,4,auroc,0.5047814840297441
4240,1216.0,1216.0,,guo_los,guo_los,clinicalbert_type3_max_pool,rf,2,4,auprc,0.2582434727243792
4241,1217.0,1217.0,,guo_los,guo_los,clinicalbert_type3_max_pool,rf,2,4,brier,0.3016947608200456
4242,1218.0,1218.0,,guo_los,guo_los,clinicalbert_type3_max_pool,rf,3,4,auroc,0.4507396332266004
4243,1219.0,1219.0,,guo_los,guo_los,clinicalbert_type3_max_pool,rf,3,4,auprc,0.2250120377921742
4244,1220.0,1220.0,,guo_los,guo_los,clinicalbert_type3_max_pool,rf,3,4,brier,0.2419054669703872
4245,1221.0,1221.0,,guo_los,guo_los,clinicalbert_type3_max_pool,rf,4,4,auroc,0.5685776063581113
4246,1222.0,1222.0,,guo_los,guo_los,clinicalbert_type3_max_pool,rf,4,4,auprc,0.3012115155840592
4247,1223.0,1223.0,,guo_los,guo_los,clinicalbert_type3_max_pool,rf,4,4,brier,0.2669738041002278
4248,1224.0,1224.0,,guo_los,guo_los,clinicalbert_type3_max_pool,rf,0,8,auroc,0.5552591362565826
4249,1225.0,1225.0,,guo_los,guo_los,clinicalbert_type3_max_pool,rf,0,8,auprc,0.2817617139368198
4250,1226.0,1226.0,,guo_los,guo_los,clinicalbert_type3_max_pool,rf,0,8,brier,0.3851617312072893
4251,1227.0,1227.0,,guo_los,guo_los,clinicalbert_type3_max_pool,rf,1,8,auroc,0.5537959679624582
4252,1228.0,1228.0,,guo_los,guo_los,clinicalbert_type3_max_pool,rf,1,8,auprc,0.2814652096839003
4253,1229.0,1229.0,,guo_los,guo_los,clinicalbert_type3_max_pool,rf,1,8,brier,0.2472242103264995
4254,1230.0,1230.0,,guo_los,guo_los,clinicalbert_type3_max_pool,rf,2,8,auroc,0.5484504970582268
4255,1231.0,1231.0,,guo_los,guo_los,clinicalbert_type3_max_pool,rf,2,8,auprc,0.2876279412995762
4256,1232.0,1232.0,,guo_los,guo_los,clinicalbert_type3_max_pool,rf,2,8,brier,0.3140410022779043
4257,1233.0,1233.0,,guo_los,guo_los,clinicalbert_type3_max_pool,rf,3,8,auroc,0.4811265624035213
4258,1234.0,1234.0,,guo_los,guo_los,clinicalbert_type3_max_pool,rf,3,8,auprc,0.247191280121723
4259,1235.0,1235.0,,guo_los,guo_los,clinicalbert_type3_max_pool,rf,3,8,brier,0.3019589977220956
4260,1236.0,1236.0,,guo_los,guo_los,clinicalbert_type3_max_pool,rf,4,8,auroc,0.5870921432162798
4261,1237.0,1237.0,,guo_los,guo_los,clinicalbert_type3_max_pool,rf,4,8,auprc,0.3118162315793422
4262,1238.0,1238.0,,guo_los,guo_los,clinicalbert_type3_max_pool,rf,4,8,brier,0.2964920273348519
4263,1239.0,1239.0,,guo_los,guo_los,clinicalbert_type3_max_pool,rf,0,12,auroc,0.5260167200331667
4264,1240.0,1240.0,,guo_los,guo_los,clinicalbert_type3_max_pool,rf,0,12,auprc,0.2604492308307495
4265,1241.0,1241.0,,guo_los,guo_los,clinicalbert_type3_max_pool,rf,0,12,brier,0.2615717539863326
4266,1242.0,1242.0,,guo_los,guo_los,clinicalbert_type3_max_pool,rf,1,12,auroc,0.4866936586484602
4267,1243.0,1243.0,,guo_los,guo_los,clinicalbert_type3_max_pool,rf,1,12,auprc,0.2502020702444323
4268,1244.0,1244.0,,guo_los,guo_los,clinicalbert_type3_max_pool,rf,1,12,brier,0.2824145785876993
4269,1245.0,1245.0,,guo_los,guo_los,clinicalbert_type3_max_pool,rf,2,12,auroc,0.5710413965263261
4270,1246.0,1246.0,,guo_los,guo_los,clinicalbert_type3_max_pool,rf,2,12,auprc,0.2896405281156063
4271,1247.0,1247.0,,guo_los,guo_los,clinicalbert_type3_max_pool,rf,2,12,brier,0.2870068337129841
4272,1248.0,1248.0,,guo_los,guo_los,clinicalbert_type3_max_pool,rf,3,12,auroc,0.4701963534361851
4273,1249.0,1249.0,,guo_los,guo_los,clinicalbert_type3_max_pool,rf,3,12,auprc,0.2427438642121181
4274,1250.0,1250.0,,guo_los,guo_los,clinicalbert_type3_max_pool,rf,3,12,brier,0.2506454669703872
4275,1251.0,1251.0,,guo_los,guo_los,clinicalbert_type3_max_pool,rf,4,12,auroc,0.6039946589395503
4276,1252.0,1252.0,,guo_los,guo_los,clinicalbert_type3_max_pool,rf,4,12,auprc,0.3215183182596781
4277,1253.0,1253.0,,guo_los,guo_los,clinicalbert_type3_max_pool,rf,4,12,brier,0.2516701594533029
4278,1254.0,1254.0,,guo_los,guo_los,clinicalbert_type3_max_pool,rf,0,16,auroc,0.5329240431518872
4279,1255.0,1255.0,,guo_los,guo_los,clinicalbert_type3_max_pool,rf,0,16,auprc,0.2626795197134211
4280,1256.0,1256.0,,guo_los,guo_los,clinicalbert_type3_max_pool,rf,0,16,brier,0.2779339407744875
4281,1257.0,1257.0,,guo_los,guo_los,clinicalbert_type3_max_pool,rf,1,16,auroc,0.5405728739403883
4282,1258.0,1258.0,,guo_los,guo_los,clinicalbert_type3_max_pool,rf,1,16,auprc,0.2794201763612629
4283,1259.0,1259.0,,guo_los,guo_los,clinicalbert_type3_max_pool,rf,1,16,brier,0.2363416856492027
4284,1260.0,1260.0,,guo_los,guo_los,clinicalbert_type3_max_pool,rf,2,16,auroc,0.584015851173622
4285,1261.0,1261.0,,guo_los,guo_los,clinicalbert_type3_max_pool,rf,2,16,auprc,0.3132787459437101
4286,1262.0,1262.0,,guo_los,guo_los,clinicalbert_type3_max_pool,rf,2,16,brier,0.237232913186535
4287,1263.0,1263.0,,guo_los,guo_los,clinicalbert_type3_max_pool,rf,3,16,auroc,0.5098270440251573
4288,1264.0,1264.0,,guo_los,guo_los,clinicalbert_type3_max_pool,rf,3,16,auprc,0.2576451915967473
4289,1265.0,1265.0,,guo_los,guo_los,clinicalbert_type3_max_pool,rf,3,16,brier,0.2475501138952164
4290,1266.0,1266.0,,guo_los,guo_los,clinicalbert_type3_max_pool,rf,4,16,auroc,0.6103782405814743
4291,1267.0,1267.0,,guo_los,guo_los,clinicalbert_type3_max_pool,rf,4,16,auprc,0.3351990450553633
4292,1268.0,1268.0,,guo_los,guo_los,clinicalbert_type3_max_pool,rf,4,16,brier,0.2500196810933941
4293,1269.0,1269.0,,guo_los,guo_los,clinicalbert_type3_max_pool,rf,0,24,auroc,0.517464297370487
4294,1270.0,1270.0,,guo_los,guo_los,clinicalbert_type3_max_pool,rf,0,24,auprc,0.2504459239097546
4295,1271.0,1271.0,,guo_los,guo_los,clinicalbert_type3_max_pool,rf,0,24,brier,0.2858542141230069
4296,1272.0,1272.0,,guo_los,guo_los,clinicalbert_type3_max_pool,rf,1,24,auroc,0.5848610045251263
4297,1273.0,1273.0,,guo_los,guo_los,clinicalbert_type3_max_pool,rf,1,24,auprc,0.3015876825427632
4298,1274.0,1274.0,,guo_los,guo_los,clinicalbert_type3_max_pool,rf,1,24,brier,0.2420253302961275
4299,1275.0,1275.0,,guo_los,guo_los,clinicalbert_type3_max_pool,rf,2,24,auroc,0.5894329919641519
4300,1276.0,1276.0,,guo_los,guo_los,clinicalbert_type3_max_pool,rf,2,24,auprc,0.3144325261225575
4301,1277.0,1277.0,,guo_los,guo_los,clinicalbert_type3_max_pool,rf,2,24,brier,0.2532095671981777
4302,1278.0,1278.0,,guo_los,guo_los,clinicalbert_type3_max_pool,rf,3,24,auroc,0.5362070752511754
4303,1279.0,1279.0,,guo_los,guo_los,clinicalbert_type3_max_pool,rf,3,24,auprc,0.2755805482433036
4304,1280.0,1280.0,,guo_los,guo_los,clinicalbert_type3_max_pool,rf,3,24,brier,0.2606937180460643
4305,1281.0,1281.0,,guo_los,guo_los,clinicalbert_type3_max_pool,rf,4,24,auroc,0.5867999506029092
4306,1282.0,1282.0,,guo_los,guo_los,clinicalbert_type3_max_pool,rf,4,24,auprc,0.3086231606110882
4307,1283.0,1283.0,,guo_los,guo_los,clinicalbert_type3_max_pool,rf,4,24,brier,0.2526930650468236
4308,1284.0,1284.0,,guo_los,guo_los,clinicalbert_type3_max_pool,rf,0,32,auroc,0.5566379546076019
4309,1285.0,1285.0,,guo_los,guo_los,clinicalbert_type3_max_pool,rf,0,32,auprc,0.2921607715870763
4310,1286.0,1286.0,,guo_los,guo_los,clinicalbert_type3_max_pool,rf,0,32,brier,0.2532340739937245
4311,1287.0,1287.0,,guo_los,guo_los,clinicalbert_type3_max_pool,rf,1,32,auroc,0.524859527022855
4312,1288.0,1288.0,,guo_los,guo_los,clinicalbert_type3_max_pool,rf,1,32,auprc,0.2716866457523482
4313,1289.0,1289.0,,guo_los,guo_los,clinicalbert_type3_max_pool,rf,1,32,brier,0.2676056714726436
4314,1290.0,1290.0,,guo_los,guo_los,clinicalbert_type3_max_pool,rf,2,32,auroc,0.6381971826016389
4315,1291.0,1291.0,,guo_los,guo_los,clinicalbert_type3_max_pool,rf,2,32,auprc,0.3563626376562405
4316,1292.0,1292.0,,guo_los,guo_los,clinicalbert_type3_max_pool,rf,2,32,brier,0.2358923462414578
4317,1293.0,1293.0,,guo_los,guo_los,clinicalbert_type3_max_pool,rf,3,32,auroc,0.5049777492568385
4318,1294.0,1294.0,,guo_los,guo_los,clinicalbert_type3_max_pool,rf,3,32,auprc,0.2464105519719945
4319,1295.0,1295.0,,guo_los,guo_los,clinicalbert_type3_max_pool,rf,3,32,brier,0.2466446204417638
4320,1296.0,1296.0,,guo_los,guo_los,clinicalbert_type3_max_pool,rf,4,32,auroc,0.5667015092575441
4321,1297.0,1297.0,,guo_los,guo_los,clinicalbert_type3_max_pool,rf,4,32,auprc,0.3058982379537864
4322,1298.0,1298.0,,guo_los,guo_los,clinicalbert_type3_max_pool,rf,4,32,brier,0.263125284738041
4323,1299.0,1299.0,,guo_los,guo_los,clinicalbert_type3_max_pool,rf,0,48,auroc,0.5834402868559634
4324,1300.0,1300.0,,guo_los,guo_los,clinicalbert_type3_max_pool,rf,0,48,auprc,0.3044412677951066
4325,1301.0,1301.0,,guo_los,guo_los,clinicalbert_type3_max_pool,rf,0,48,brier,0.2400606545720892
4326,1302.0,1302.0,,guo_los,guo_los,clinicalbert_type3_max_pool,rf,1,48,auroc,0.6441761050393853
4327,1303.0,1303.0,,guo_los,guo_los,clinicalbert_type3_max_pool,rf,1,48,auprc,0.351950397059765
4328,1304.0,1304.0,,guo_los,guo_los,clinicalbert_type3_max_pool,rf,1,48,brier,0.2361659366123906
4329,1305.0,1305.0,,guo_los,guo_los,clinicalbert_type3_max_pool,rf,2,48,auroc,0.646140962537599
4330,1306.0,1306.0,,guo_los,guo_los,clinicalbert_type3_max_pool,rf,2,48,auprc,0.3471445727657852
4331,1307.0,1307.0,,guo_los,guo_los,clinicalbert_type3_max_pool,rf,2,48,brier,0.2364242369020501
4332,1308.0,1308.0,,guo_los,guo_los,clinicalbert_type3_max_pool,rf,3,48,auroc,0.5422488466661375
4333,1309.0,1309.0,,guo_los,guo_los,clinicalbert_type3_max_pool,rf,3,48,auprc,0.2900737679289294
4334,1310.0,1310.0,,guo_los,guo_los,clinicalbert_type3_max_pool,rf,3,48,brier,0.2472190488909855
4335,1311.0,1311.0,,guo_los,guo_los,clinicalbert_type3_max_pool,rf,4,48,auroc,0.566696547496185
4336,1312.0,1312.0,,guo_los,guo_los,clinicalbert_type3_max_pool,rf,4,48,auprc,0.2945789770041822
4337,1313.0,1313.0,,guo_los,guo_los,clinicalbert_type3_max_pool,rf,4,48,brier,0.2659134396355353
4338,1314.0,1314.0,,guo_los,guo_los,clinicalbert_type3_max_pool,rf,0,64,auroc,0.6061458581421402
4339,1315.0,1315.0,,guo_los,guo_los,clinicalbert_type3_max_pool,rf,0,64,auprc,0.331741208228564
4340,1316.0,1316.0,,guo_los,guo_los,clinicalbert_type3_max_pool,rf,0,64,brier,0.2362048677225402
4341,1317.0,1317.0,,guo_los,guo_los,clinicalbert_type3_max_pool,rf,1,64,auroc,0.5936433221307788
4342,1318.0,1318.0,,guo_los,guo_los,clinicalbert_type3_max_pool,rf,1,64,auprc,0.3122357511391708
4343,1319.0,1319.0,,guo_los,guo_los,clinicalbert_type3_max_pool,rf,1,64,brier,0.2485961853445878
4344,1320.0,1320.0,,guo_los,guo_los,clinicalbert_type3_max_pool,rf,2,64,auroc,0.6619563012164034
4345,1321.0,1321.0,,guo_los,guo_los,clinicalbert_type3_max_pool,rf,2,64,auprc,0.3759226931217357
4346,1322.0,1322.0,,guo_los,guo_los,clinicalbert_type3_max_pool,rf,2,64,brier,0.2320379853201721
4347,1323.0,1323.0,,guo_los,guo_los,clinicalbert_type3_max_pool,rf,3,64,auroc,0.6024884887136469
4348,1324.0,1324.0,,guo_los,guo_los,clinicalbert_type3_max_pool,rf,3,64,auprc,0.308697545924268
4349,1325.0,1325.0,,guo_los,guo_los,clinicalbert_type3_max_pool,rf,3,64,brier,0.2417904328018223
4350,1326.0,1326.0,,guo_los,guo_los,clinicalbert_type3_max_pool,rf,4,64,auroc,0.595293383436097
4351,1327.0,1327.0,,guo_los,guo_los,clinicalbert_type3_max_pool,rf,4,64,auprc,0.3123777882799983
4352,1328.0,1328.0,,guo_los,guo_los,clinicalbert_type3_max_pool,rf,4,64,brier,0.2588157428499114
4353,1329.0,1329.0,,guo_los,guo_los,clinicalbert_type3_max_pool,rf,0,128,auroc,0.5603069014792664
4354,1330.0,1330.0,,guo_los,guo_los,clinicalbert_type3_max_pool,rf,0,128,auprc,0.2931372972504914
4355,1331.0,1331.0,,guo_los,guo_los,clinicalbert_type3_max_pool,rf,0,128,brier,0.2469186866767352
4356,1332.0,1332.0,,guo_los,guo_los,clinicalbert_type3_max_pool,rf,1,128,auroc,0.6525620330431254
4357,1333.0,1333.0,,guo_los,guo_los,clinicalbert_type3_max_pool,rf,1,128,auprc,0.3872844649317595
4358,1334.0,1334.0,,guo_los,guo_los,clinicalbert_type3_max_pool,rf,1,128,brier,0.2323330626048095
4359,1335.0,1335.0,,guo_los,guo_los,clinicalbert_type3_max_pool,rf,2,128,auroc,0.6686541277444054
4360,1336.0,1336.0,,guo_los,guo_los,clinicalbert_type3_max_pool,rf,2,128,auprc,0.3642017638925812
4361,1337.0,1337.0,,guo_los,guo_los,clinicalbert_type3_max_pool,rf,2,128,brier,0.2298201872943558
4362,1338.0,1338.0,,guo_los,guo_los,clinicalbert_type3_max_pool,rf,3,128,auroc,0.5721125856730795
4363,1339.0,1339.0,,guo_los,guo_los,clinicalbert_type3_max_pool,rf,3,128,auprc,0.2902092342462831
4364,1340.0,1340.0,,guo_los,guo_los,clinicalbert_type3_max_pool,rf,3,128,brier,0.2367323462414579
4365,1341.0,1341.0,,guo_los,guo_los,clinicalbert_type3_max_pool,rf,4,128,auroc,0.6357653682288495
4366,1342.0,1342.0,,guo_los,guo_los,clinicalbert_type3_max_pool,rf,4,128,auprc,0.3506068524188885
4367,1343.0,1343.0,,guo_los,guo_los,clinicalbert_type3_max_pool,rf,4,128,brier,0.2391101656420585
4368,1344.0,1344.0,,guo_los,guo_los,clinicalbert_type3_mean_pool,lr_lbfgs,0,-1,auroc,0.7217797066165639
4369,1345.0,1345.0,,guo_los,guo_los,clinicalbert_type3_mean_pool,lr_lbfgs,0,-1,auprc,0.4269945797123697
4370,1346.0,1346.0,,guo_los,guo_los,clinicalbert_type3_mean_pool,lr_lbfgs,0,-1,brier,0.1688890904534377
4371,1347.0,1347.0,,guo_los,guo_los,clinicalbert_type3_mean_pool,lr_lbfgs,0,1,auroc,0.3839234521509787
4372,1348.0,1348.0,,guo_los,guo_los,clinicalbert_type3_mean_pool,lr_lbfgs,0,1,auprc,0.207059697470048
4373,1349.0,1349.0,,guo_los,guo_los,clinicalbert_type3_mean_pool,lr_lbfgs,0,1,brier,0.2499990607395034
4374,1350.0,1350.0,,guo_los,guo_los,clinicalbert_type3_mean_pool,lr_lbfgs,1,1,auroc,0.3872213695343442
4375,1351.0,1351.0,,guo_los,guo_los,clinicalbert_type3_mean_pool,lr_lbfgs,1,1,auprc,0.2033423495525739
4376,1352.0,1352.0,,guo_los,guo_los,clinicalbert_type3_mean_pool,lr_lbfgs,1,1,brier,0.2499960166895908
4377,1353.0,1353.0,,guo_los,guo_los,clinicalbert_type3_mean_pool,lr_lbfgs,2,1,auroc,0.5095541471504054
4378,1354.0,1354.0,,guo_los,guo_los,clinicalbert_type3_mean_pool,lr_lbfgs,2,1,auprc,0.268955940553056
4379,1355.0,1355.0,,guo_los,guo_los,clinicalbert_type3_mean_pool,lr_lbfgs,2,1,brier,0.2500019353889748
4380,1356.0,1356.0,,guo_los,guo_los,clinicalbert_type3_mean_pool,lr_lbfgs,3,1,auroc,0.4006203304312542
4381,1357.0,1357.0,,guo_los,guo_los,clinicalbert_type3_mean_pool,lr_lbfgs,3,1,auprc,0.2036832070949221
4382,1358.0,1358.0,,guo_los,guo_los,clinicalbert_type3_mean_pool,lr_lbfgs,3,1,brier,0.2499986628549081
4383,1359.0,1359.0,,guo_los,guo_los,clinicalbert_type3_mean_pool,lr_lbfgs,4,1,auroc,0.5482602962061269
4384,1360.0,1360.0,,guo_los,guo_los,clinicalbert_type3_mean_pool,lr_lbfgs,4,1,auprc,0.2795830171348604
4385,1361.0,1361.0,,guo_los,guo_los,clinicalbert_type3_mean_pool,lr_lbfgs,4,1,brier,0.2500004281290435
4386,1362.0,1362.0,,guo_los,guo_los,clinicalbert_type3_mean_pool,lr_lbfgs,0,2,auroc,0.4427578131202202
4387,1363.0,1363.0,,guo_los,guo_los,clinicalbert_type3_mean_pool,lr_lbfgs,0,2,auprc,0.2259948146650839
4388,1364.0,1364.0,,guo_los,guo_los,clinicalbert_type3_mean_pool,lr_lbfgs,0,2,brier,0.249999632621489
4389,1365.0,1365.0,,guo_los,guo_los,clinicalbert_type3_mean_pool,lr_lbfgs,1,2,auroc,0.4549527199273157
4390,1366.0,1366.0,,guo_los,guo_los,clinicalbert_type3_mean_pool,lr_lbfgs,1,2,auprc,0.239319991312906
4391,1367.0,1367.0,,guo_los,guo_los,clinicalbert_type3_mean_pool,lr_lbfgs,1,2,brier,0.2913638638779651
4392,1368.0,1368.0,,guo_los,guo_los,clinicalbert_type3_mean_pool,lr_lbfgs,2,2,auroc,0.6110431166035971
4393,1369.0,1369.0,,guo_los,guo_los,clinicalbert_type3_mean_pool,lr_lbfgs,2,2,auprc,0.3358784723498275
4394,1370.0,1370.0,,guo_los,guo_los,clinicalbert_type3_mean_pool,lr_lbfgs,2,2,brier,0.2500003532544553
4395,1371.0,1371.0,,guo_los,guo_los,clinicalbert_type3_mean_pool,lr_lbfgs,3,2,auroc,0.5097537202184057
4396,1372.0,1372.0,,guo_los,guo_los,clinicalbert_type3_mean_pool,lr_lbfgs,3,2,auprc,0.2883939843855637
4397,1373.0,1373.0,,guo_los,guo_los,clinicalbert_type3_mean_pool,lr_lbfgs,3,2,brier,0.2500009156991402
4398,1374.0,1374.0,,guo_los,guo_los,clinicalbert_type3_mean_pool,lr_lbfgs,4,2,auroc,0.5388417705328711
4399,1375.0,1375.0,,guo_los,guo_los,clinicalbert_type3_mean_pool,lr_lbfgs,4,2,auprc,0.2867825268306504
4400,1376.0,1376.0,,guo_los,guo_los,clinicalbert_type3_mean_pool,lr_lbfgs,4,2,brier,0.2687518220338462
4401,1377.0,1377.0,,guo_los,guo_los,clinicalbert_type3_mean_pool,lr_lbfgs,0,4,auroc,0.5615313539213351
4402,1378.0,1378.0,,guo_los,guo_los,clinicalbert_type3_mean_pool,lr_lbfgs,0,4,auprc,0.2928723905029305
4403,1379.0,1379.0,,guo_los,guo_los,clinicalbert_type3_mean_pool,lr_lbfgs,0,4,brier,0.2499985886444583
4404,1380.0,1380.0,,guo_los,guo_los,clinicalbert_type3_mean_pool,lr_lbfgs,1,4,auroc,0.4981839953425599
4405,1381.0,1381.0,,guo_los,guo_los,clinicalbert_type3_mean_pool,lr_lbfgs,1,4,auprc,0.2796753467114887
4406,1382.0,1382.0,,guo_los,guo_los,clinicalbert_type3_mean_pool,lr_lbfgs,1,4,brier,0.2617024891211792
4407,1383.0,1383.0,,guo_los,guo_los,clinicalbert_type3_mean_pool,lr_lbfgs,2,4,auroc,0.6010843102490143
4408,1384.0,1384.0,,guo_los,guo_los,clinicalbert_type3_mean_pool,lr_lbfgs,2,4,auprc,0.3247207355136474
4409,1385.0,1385.0,,guo_los,guo_los,clinicalbert_type3_mean_pool,lr_lbfgs,2,4,brier,0.2331099671074991
4410,1386.0,1386.0,,guo_los,guo_los,clinicalbert_type3_mean_pool,lr_lbfgs,3,4,auroc,0.4277611650656717
4411,1387.0,1387.0,,guo_los,guo_los,clinicalbert_type3_mean_pool,lr_lbfgs,3,4,auprc,0.2163397495012451
4412,1388.0,1388.0,,guo_los,guo_los,clinicalbert_type3_mean_pool,lr_lbfgs,3,4,brier,0.2500006922141632
4413,1389.0,1389.0,,guo_los,guo_los,clinicalbert_type3_mean_pool,lr_lbfgs,4,4,auroc,0.6340127638554429
4414,1390.0,1390.0,,guo_los,guo_los,clinicalbert_type3_mean_pool,lr_lbfgs,4,4,auprc,0.3407821284879022
4415,1391.0,1391.0,,guo_los,guo_los,clinicalbert_type3_mean_pool,lr_lbfgs,4,4,brier,0.2499983054167666
4416,1392.0,1392.0,,guo_los,guo_los,clinicalbert_type3_mean_pool,lr_lbfgs,0,8,auroc,0.5735310981149717
4417,1393.0,1393.0,,guo_los,guo_los,clinicalbert_type3_mean_pool,lr_lbfgs,0,8,auprc,0.2972825644353881
4418,1394.0,1394.0,,guo_los,guo_los,clinicalbert_type3_mean_pool,lr_lbfgs,0,8,brier,0.2499984666578765
4419,1395.0,1395.0,,guo_los,guo_los,clinicalbert_type3_mean_pool,lr_lbfgs,1,8,auroc,0.5013903957941905
4420,1396.0,1396.0,,guo_los,guo_los,clinicalbert_type3_mean_pool,lr_lbfgs,1,8,auprc,0.2702996944603916
4421,1397.0,1397.0,,guo_los,guo_los,clinicalbert_type3_mean_pool,lr_lbfgs,1,8,brier,0.3515307555498686
4422,1398.0,1398.0,,guo_los,guo_los,clinicalbert_type3_mean_pool,lr_lbfgs,2,8,auroc,0.5988206444556176
4423,1399.0,1399.0,,guo_los,guo_los,clinicalbert_type3_mean_pool,lr_lbfgs,2,8,auprc,0.3209068954795786
4424,1400.0,1400.0,,guo_los,guo_los,clinicalbert_type3_mean_pool,lr_lbfgs,2,8,brier,0.2879051255024515
4425,1401.0,1401.0,,guo_los,guo_los,clinicalbert_type3_mean_pool,lr_lbfgs,3,8,auroc,0.4719164307073487
4426,1402.0,1402.0,,guo_los,guo_los,clinicalbert_type3_mean_pool,lr_lbfgs,3,8,auprc,0.2414265691757563
4427,1403.0,1403.0,,guo_los,guo_los,clinicalbert_type3_mean_pool,lr_lbfgs,3,8,brier,0.3981656419426546
4428,1404.0,1404.0,,guo_los,guo_los,clinicalbert_type3_mean_pool,lr_lbfgs,4,8,auroc,0.6464281933896108
4429,1405.0,1405.0,,guo_los,guo_los,clinicalbert_type3_mean_pool,lr_lbfgs,4,8,auprc,0.3492614029349006
4430,1406.0,1406.0,,guo_los,guo_los,clinicalbert_type3_mean_pool,lr_lbfgs,4,8,brier,0.2499981617097913
4431,1407.0,1407.0,,guo_los,guo_los,clinicalbert_type3_mean_pool,lr_lbfgs,0,12,auroc,0.5836905801511904
4432,1408.0,1408.0,,guo_los,guo_los,clinicalbert_type3_mean_pool,lr_lbfgs,0,12,auprc,0.301569205202352
4433,1409.0,1409.0,,guo_los,guo_los,clinicalbert_type3_mean_pool,lr_lbfgs,0,12,brier,0.2499983635978734
4434,1410.0,1410.0,,guo_los,guo_los,clinicalbert_type3_mean_pool,lr_lbfgs,1,12,auroc,0.5676574752794022
4435,1411.0,1411.0,,guo_los,guo_los,clinicalbert_type3_mean_pool,lr_lbfgs,1,12,auprc,0.3169749867808764
4436,1412.0,1412.0,,guo_los,guo_los,clinicalbert_type3_mean_pool,lr_lbfgs,1,12,brier,0.3658593117853566
4437,1413.0,1413.0,,guo_los,guo_los,clinicalbert_type3_mean_pool,lr_lbfgs,2,12,auroc,0.5694051178914499
4438,1414.0,1414.0,,guo_los,guo_los,clinicalbert_type3_mean_pool,lr_lbfgs,2,12,auprc,0.2958401818066742
4439,1415.0,1415.0,,guo_los,guo_los,clinicalbert_type3_mean_pool,lr_lbfgs,2,12,brier,0.4752728874270192
4440,1416.0,1416.0,,guo_los,guo_los,clinicalbert_type3_mean_pool,lr_lbfgs,3,12,auroc,0.5070379828345108
4441,1417.0,1417.0,,guo_los,guo_los,clinicalbert_type3_mean_pool,lr_lbfgs,3,12,auprc,0.266339305842349
4442,1418.0,1418.0,,guo_los,guo_los,clinicalbert_type3_mean_pool,lr_lbfgs,3,12,brier,0.3799374845392405
4443,1419.0,1419.0,,guo_los,guo_los,clinicalbert_type3_mean_pool,lr_lbfgs,4,12,auroc,0.6368564044210396
4444,1420.0,1420.0,,guo_los,guo_los,clinicalbert_type3_mean_pool,lr_lbfgs,4,12,auprc,0.3389003464496256
4445,1421.0,1421.0,,guo_los,guo_los,clinicalbert_type3_mean_pool,lr_lbfgs,4,12,brier,0.2499976963904503
4446,1422.0,1422.0,,guo_los,guo_los,clinicalbert_type3_mean_pool,lr_lbfgs,0,16,auroc,0.5535462259740489
4447,1423.0,1423.0,,guo_los,guo_los,clinicalbert_type3_mean_pool,lr_lbfgs,0,16,auprc,0.2738007984296468
4448,1424.0,1424.0,,guo_los,guo_los,clinicalbert_type3_mean_pool,lr_lbfgs,0,16,brier,0.392228448480296
4449,1425.0,1425.0,,guo_los,guo_los,clinicalbert_type3_mean_pool,lr_lbfgs,1,16,auroc,0.627710224315718
4450,1426.0,1426.0,,guo_los,guo_los,clinicalbert_type3_mean_pool,lr_lbfgs,1,16,auprc,0.3513045791992842
4451,1427.0,1427.0,,guo_los,guo_los,clinicalbert_type3_mean_pool,lr_lbfgs,1,16,brier,0.2452844710979511
4452,1428.0,1428.0,,guo_los,guo_los,clinicalbert_type3_mean_pool,lr_lbfgs,2,16,auroc,0.5433310619492444
4453,1429.0,1429.0,,guo_los,guo_los,clinicalbert_type3_mean_pool,lr_lbfgs,2,16,auprc,0.2820331617333061
4454,1430.0,1430.0,,guo_los,guo_los,clinicalbert_type3_mean_pool,lr_lbfgs,2,16,brier,0.4168298059378285
4455,1431.0,1431.0,,guo_los,guo_los,clinicalbert_type3_mean_pool,lr_lbfgs,3,16,auroc,0.5323991990614553
4456,1432.0,1432.0,,guo_los,guo_los,clinicalbert_type3_mean_pool,lr_lbfgs,3,16,auprc,0.297311926624091
4457,1433.0,1433.0,,guo_los,guo_los,clinicalbert_type3_mean_pool,lr_lbfgs,3,16,brier,0.4367659329427669
4458,1434.0,1434.0,,guo_los,guo_los,clinicalbert_type3_mean_pool,lr_lbfgs,4,16,auroc,0.6302704931770268
4459,1435.0,1435.0,,guo_los,guo_los,clinicalbert_type3_mean_pool,lr_lbfgs,4,16,auprc,0.335559666090521
4460,1436.0,1436.0,,guo_los,guo_los,clinicalbert_type3_mean_pool,lr_lbfgs,4,16,brier,0.2499975488656011
4461,1437.0,1437.0,,guo_los,guo_los,clinicalbert_type3_mean_pool,lr_lbfgs,0,24,auroc,0.5380429269540519
4462,1438.0,1438.0,,guo_los,guo_los,clinicalbert_type3_mean_pool,lr_lbfgs,0,24,auprc,0.2628281350701541
4463,1439.0,1439.0,,guo_los,guo_los,clinicalbert_type3_mean_pool,lr_lbfgs,0,24,brier,0.3915382949014801
4464,1440.0,1440.0,,guo_los,guo_los,clinicalbert_type3_mean_pool,lr_lbfgs,1,24,auroc,0.5903834449178332
4465,1441.0,1441.0,,guo_los,guo_los,clinicalbert_type3_mean_pool,lr_lbfgs,1,24,auprc,0.3273173875907014
4466,1442.0,1442.0,,guo_los,guo_los,clinicalbert_type3_mean_pool,lr_lbfgs,1,24,brier,0.3444631673607164
4467,1443.0,1443.0,,guo_los,guo_los,clinicalbert_type3_mean_pool,lr_lbfgs,2,24,auroc,0.5458389566628737
4468,1444.0,1444.0,,guo_los,guo_los,clinicalbert_type3_mean_pool,lr_lbfgs,2,24,auprc,0.3095131913739238
4469,1445.0,1445.0,,guo_los,guo_los,clinicalbert_type3_mean_pool,lr_lbfgs,2,24,brier,0.4480995770137506
4470,1446.0,1446.0,,guo_los,guo_los,clinicalbert_type3_mean_pool,lr_lbfgs,3,24,auroc,0.5324951264477318
4471,1447.0,1447.0,,guo_los,guo_los,clinicalbert_type3_mean_pool,lr_lbfgs,3,24,auprc,0.2829111544288517
4472,1448.0,1448.0,,guo_los,guo_los,clinicalbert_type3_mean_pool,lr_lbfgs,3,24,brier,0.460585852252028
4473,1449.0,1449.0,,guo_los,guo_los,clinicalbert_type3_mean_pool,lr_lbfgs,4,24,auroc,0.6442406079370541
4474,1450.0,1450.0,,guo_los,guo_los,clinicalbert_type3_mean_pool,lr_lbfgs,4,24,auprc,0.3542345028697471
4475,1451.0,1451.0,,guo_los,guo_los,clinicalbert_type3_mean_pool,lr_lbfgs,4,24,brier,0.2492974681179595
4476,1452.0,1452.0,,guo_los,guo_los,clinicalbert_type3_mean_pool,lr_lbfgs,0,32,auroc,0.6144766554641121
4477,1453.0,1453.0,,guo_los,guo_los,clinicalbert_type3_mean_pool,lr_lbfgs,0,32,auprc,0.3300169243311223
4478,1454.0,1454.0,,guo_los,guo_los,clinicalbert_type3_mean_pool,lr_lbfgs,0,32,brier,0.2391766249588212
4479,1455.0,1455.0,,guo_los,guo_los,clinicalbert_type3_mean_pool,lr_lbfgs,1,32,auroc,0.6520801908844726
4480,1456.0,1456.0,,guo_los,guo_los,clinicalbert_type3_mean_pool,lr_lbfgs,1,32,auprc,0.367429241418336
4481,1457.0,1457.0,,guo_los,guo_los,clinicalbert_type3_mean_pool,lr_lbfgs,1,32,brier,0.2499973914640412
4482,1458.0,1458.0,,guo_los,guo_los,clinicalbert_type3_mean_pool,lr_lbfgs,2,32,auroc,0.5906061728721762
4483,1459.0,1459.0,,guo_los,guo_los,clinicalbert_type3_mean_pool,lr_lbfgs,2,32,auprc,0.3333695417529904
4484,1460.0,1460.0,,guo_los,guo_los,clinicalbert_type3_mean_pool,lr_lbfgs,2,32,brier,0.3956328550672139
4485,1461.0,1461.0,,guo_los,guo_los,clinicalbert_type3_mean_pool,lr_lbfgs,3,32,auroc,0.5283123616219887
4486,1462.0,1462.0,,guo_los,guo_los,clinicalbert_type3_mean_pool,lr_lbfgs,3,32,auprc,0.2773383855797561
4487,1463.0,1463.0,,guo_los,guo_los,clinicalbert_type3_mean_pool,lr_lbfgs,3,32,brier,0.4445209353588216
4488,1464.0,1464.0,,guo_los,guo_los,clinicalbert_type3_mean_pool,lr_lbfgs,4,32,auroc,0.6379446840791412
4489,1465.0,1465.0,,guo_los,guo_los,clinicalbert_type3_mean_pool,lr_lbfgs,4,32,auprc,0.3472914368957325
4490,1466.0,1466.0,,guo_los,guo_los,clinicalbert_type3_mean_pool,lr_lbfgs,4,32,brier,0.2499968309248282
4491,1467.0,1467.0,,guo_los,guo_los,clinicalbert_type3_mean_pool,lr_lbfgs,0,48,auroc,0.6018605502483085
4492,1468.0,1468.0,,guo_los,guo_los,clinicalbert_type3_mean_pool,lr_lbfgs,0,48,auprc,0.3199788325858736
4493,1469.0,1469.0,,guo_los,guo_los,clinicalbert_type3_mean_pool,lr_lbfgs,0,48,brier,0.2348571568549248
4494,1470.0,1470.0,,guo_los,guo_los,clinicalbert_type3_mean_pool,lr_lbfgs,1,48,auroc,0.641668210325756
4495,1471.0,1471.0,,guo_los,guo_los,clinicalbert_type3_mean_pool,lr_lbfgs,1,48,auprc,0.3656193090509203
4496,1472.0,1472.0,,guo_los,guo_los,clinicalbert_type3_mean_pool,lr_lbfgs,1,48,brier,0.2496331073041491
4497,1473.0,1473.0,,guo_los,guo_los,clinicalbert_type3_mean_pool,lr_lbfgs,2,48,auroc,0.6897995007365458
4498,1474.0,1474.0,,guo_los,guo_los,clinicalbert_type3_mean_pool,lr_lbfgs,2,48,auprc,0.40595390253288
4499,1475.0,1475.0,,guo_los,guo_los,clinicalbert_type3_mean_pool,lr_lbfgs,2,48,brier,0.2248868281030863
4500,1476.0,1476.0,,guo_los,guo_los,clinicalbert_type3_mean_pool,lr_lbfgs,3,48,auroc,0.5749744193636596
4501,1477.0,1477.0,,guo_los,guo_los,clinicalbert_type3_mean_pool,lr_lbfgs,3,48,auprc,0.3120732536523665
4502,1478.0,1478.0,,guo_los,guo_los,clinicalbert_type3_mean_pool,lr_lbfgs,3,48,brier,0.4256871549148203
4503,1479.0,1479.0,,guo_los,guo_los,clinicalbert_type3_mean_pool,lr_lbfgs,4,48,auroc,0.6449109970273537
4504,1480.0,1480.0,,guo_los,guo_los,clinicalbert_type3_mean_pool,lr_lbfgs,4,48,auprc,0.3602725761018305
4505,1481.0,1481.0,,guo_los,guo_los,clinicalbert_type3_mean_pool,lr_lbfgs,4,48,brier,0.2497040288986674
4506,1482.0,1482.0,,guo_los,guo_los,clinicalbert_type3_mean_pool,lr_lbfgs,0,64,auroc,0.5988151313874408
4507,1483.0,1483.0,,guo_los,guo_los,clinicalbert_type3_mean_pool,lr_lbfgs,0,64,auprc,0.3254310571640759
4508,1484.0,1484.0,,guo_los,guo_los,clinicalbert_type3_mean_pool,lr_lbfgs,0,64,brier,0.2496589870188608
4509,1485.0,1485.0,,guo_los,guo_los,clinicalbert_type3_mean_pool,lr_lbfgs,1,64,auroc,0.6552898991770093
4510,1486.0,1486.0,,guo_los,guo_los,clinicalbert_type3_mean_pool,lr_lbfgs,1,64,auprc,0.3562735204836401
4511,1487.0,1487.0,,guo_los,guo_los,clinicalbert_type3_mean_pool,lr_lbfgs,1,64,brier,0.2499947374499393
4512,1488.0,1488.0,,guo_los,guo_los,clinicalbert_type3_mean_pool,lr_lbfgs,2,64,auroc,0.6660469978035937
4513,1489.0,1489.0,,guo_los,guo_los,clinicalbert_type3_mean_pool,lr_lbfgs,2,64,auprc,0.3772139455137338
4514,1490.0,1490.0,,guo_los,guo_los,clinicalbert_type3_mean_pool,lr_lbfgs,2,64,brier,0.2303890207522641
4515,1491.0,1491.0,,guo_los,guo_los,clinicalbert_type3_mean_pool,lr_lbfgs,3,64,auroc,0.5701466255612303
4516,1492.0,1492.0,,guo_los,guo_los,clinicalbert_type3_mean_pool,lr_lbfgs,3,64,auprc,0.3154100640688684
4517,1493.0,1493.0,,guo_los,guo_los,clinicalbert_type3_mean_pool,lr_lbfgs,3,64,brier,0.4313130079615886
4518,1494.0,1494.0,,guo_los,guo_los,clinicalbert_type3_mean_pool,lr_lbfgs,4,64,auroc,0.6136563109194033
4519,1495.0,1495.0,,guo_los,guo_los,clinicalbert_type3_mean_pool,lr_lbfgs,4,64,auprc,0.3497307499377353
4520,1496.0,1496.0,,guo_los,guo_los,clinicalbert_type3_mean_pool,lr_lbfgs,4,64,brier,0.2664926317775687
4521,1497.0,1497.0,,guo_los,guo_los,clinicalbert_type3_mean_pool,lr_lbfgs,0,128,auroc,0.6667901593938272
4522,1498.0,1498.0,,guo_los,guo_los,clinicalbert_type3_mean_pool,lr_lbfgs,0,128,auprc,0.3826756395465199
4523,1499.0,1499.0,,guo_los,guo_los,clinicalbert_type3_mean_pool,lr_lbfgs,0,128,brier,0.2314502812231161
4524,1500.0,1500.0,,guo_los,guo_los,clinicalbert_type3_mean_pool,lr_lbfgs,1,128,auroc,0.6531794966789277
4525,1501.0,1501.0,,guo_los,guo_los,clinicalbert_type3_mean_pool,lr_lbfgs,1,128,auprc,0.3541967865270976
4526,1502.0,1502.0,,guo_los,guo_los,clinicalbert_type3_mean_pool,lr_lbfgs,1,128,brier,0.2450510602996942
4527,1503.0,1503.0,,guo_los,guo_los,clinicalbert_type3_mean_pool,lr_lbfgs,2,128,auroc,0.6855136415358967
4528,1504.0,1504.0,,guo_los,guo_los,clinicalbert_type3_mean_pool,lr_lbfgs,2,128,auprc,0.3842441922219052
4529,1505.0,1505.0,,guo_los,guo_los,clinicalbert_type3_mean_pool,lr_lbfgs,2,128,brier,0.2188824748923628
4530,1506.0,1506.0,,guo_los,guo_los,clinicalbert_type3_mean_pool,lr_lbfgs,3,128,auroc,0.6565700336076636
4531,1507.0,1507.0,,guo_los,guo_los,clinicalbert_type3_mean_pool,lr_lbfgs,3,128,auprc,0.3575135941731956
4532,1508.0,1508.0,,guo_los,guo_los,clinicalbert_type3_mean_pool,lr_lbfgs,3,128,brier,0.23754891755497
4533,1509.0,1509.0,,guo_los,guo_los,clinicalbert_type3_mean_pool,lr_lbfgs,4,128,auroc,0.646831749980153
4534,1510.0,1510.0,,guo_los,guo_los,clinicalbert_type3_mean_pool,lr_lbfgs,4,128,auprc,0.3676673579701291
4535,1511.0,1511.0,,guo_los,guo_los,clinicalbert_type3_mean_pool,lr_lbfgs,4,128,brier,0.2436095524170163
4536,1512.0,1512.0,,guo_los,guo_los,clinicalbert_type3_mean_pool,knn,0,-1,auroc,0.6348171205024389
4537,1513.0,1513.0,,guo_los,guo_los,clinicalbert_type3_mean_pool,knn,0,-1,auprc,0.3435774063996255
4538,1514.0,1514.0,,guo_los,guo_los,clinicalbert_type3_mean_pool,knn,0,-1,brier,0.203156796593931
4539,1515.0,1515.0,,guo_los,guo_los,clinicalbert_type3_mean_pool,knn,0,1,auroc,0.4404346061905139
4540,1516.0,1516.0,,guo_los,guo_los,clinicalbert_type3_mean_pool,knn,0,1,auprc,0.2357364713974095
4541,1517.0,1517.0,,guo_los,guo_los,clinicalbert_type3_mean_pool,knn,0,1,brier,0.4451025056947608
4542,1518.0,1518.0,,guo_los,guo_los,clinicalbert_type3_mean_pool,knn,1,1,auroc,0.4993913572732806
4543,1519.0,1519.0,,guo_los,guo_los,clinicalbert_type3_mean_pool,knn,1,1,auprc,0.2514806378132118
4544,1520.0,1520.0,,guo_los,guo_los,clinicalbert_type3_mean_pool,knn,1,1,brier,0.2523917995444191
4545,1521.0,1521.0,,guo_los,guo_los,clinicalbert_type3_mean_pool,knn,2,1,auroc,0.481748436493865
4546,1522.0,1522.0,,guo_los,guo_los,clinicalbert_type3_mean_pool,knn,2,1,auprc,0.2448247797030936
4547,1523.0,1523.0,,guo_los,guo_los,clinicalbert_type3_mean_pool,knn,2,1,brier,0.6984054669703872
4548,1524.0,1524.0,,guo_los,guo_los,clinicalbert_type3_mean_pool,knn,3,1,auroc,0.4637460636693217
4549,1525.0,1525.0,,guo_los,guo_los,clinicalbert_type3_mean_pool,knn,3,1,auprc,0.2430769918883603
4550,1526.0,1526.0,,guo_los,guo_los,clinicalbert_type3_mean_pool,knn,3,1,brier,0.3489749430523918
4551,1527.0,1527.0,,guo_los,guo_los,clinicalbert_type3_mean_pool,knn,4,1,auroc,0.535767683717484
4552,1528.0,1528.0,,guo_los,guo_los,clinicalbert_type3_mean_pool,knn,4,1,auprc,0.2660149620925503
4553,1529.0,1529.0,,guo_los,guo_los,clinicalbert_type3_mean_pool,knn,4,1,brier,0.5599088838268793
4554,1530.0,1530.0,,guo_los,guo_los,clinicalbert_type3_mean_pool,knn,0,2,auroc,0.4792377852461474
4555,1531.0,1531.0,,guo_los,guo_los,clinicalbert_type3_mean_pool,knn,0,2,auprc,0.2312519179938278
4556,1532.0,1532.0,,guo_los,guo_los,clinicalbert_type3_mean_pool,knn,0,2,brier,0.2365879907109349
4557,1533.0,1533.0,,guo_los,guo_los,clinicalbert_type3_mean_pool,knn,1,2,auroc,0.5040769139167482
4558,1534.0,1534.0,,guo_los,guo_los,clinicalbert_type3_mean_pool,knn,1,2,auprc,0.25305005730132
4559,1535.0,1535.0,,guo_los,guo_los,clinicalbert_type3_mean_pool,knn,1,2,brier,0.3831435079726651
4560,1536.0,1536.0,,guo_los,guo_los,clinicalbert_type3_mean_pool,knn,2,2,auroc,0.5107554447061314
4561,1537.0,1537.0,,guo_los,guo_los,clinicalbert_type3_mean_pool,knn,2,2,auprc,0.2556038411372439
4562,1538.0,1538.0,,guo_los,guo_los,clinicalbert_type3_mean_pool,knn,2,2,brier,0.3381422424702607
4563,1539.0,1539.0,,guo_los,guo_los,clinicalbert_type3_mean_pool,knn,3,2,auroc,0.50885894925331
4564,1540.0,1540.0,,guo_los,guo_los,clinicalbert_type3_mean_pool,knn,3,2,auprc,0.2548903336535579
4565,1541.0,1541.0,,guo_los,guo_los,clinicalbert_type3_mean_pool,knn,3,2,brier,0.5398633257403189
4566,1542.0,1542.0,,guo_los,guo_los,clinicalbert_type3_mean_pool,knn,4,2,auroc,0.5698913705046441
4567,1543.0,1543.0,,guo_los,guo_los,clinicalbert_type3_mean_pool,knn,4,2,auprc,0.282922956321979
4568,1544.0,1544.0,,guo_los,guo_los,clinicalbert_type3_mean_pool,knn,4,2,brier,0.4656036446469248
4569,1545.0,1545.0,,guo_los,guo_los,clinicalbert_type3_mean_pool,knn,0,4,auroc,0.5514369260896028
4570,1546.0,1546.0,,guo_los,guo_los,clinicalbert_type3_mean_pool,knn,0,4,auprc,0.2845136767125518
4571,1547.0,1547.0,,guo_los,guo_los,clinicalbert_type3_mean_pool,knn,0,4,brier,0.2098964911056298
4572,1548.0,1548.0,,guo_los,guo_los,clinicalbert_type3_mean_pool,knn,1,4,auroc,0.4952003228452724
4573,1549.0,1549.0,,guo_los,guo_los,clinicalbert_type3_mean_pool,knn,1,4,auprc,0.2612289265858299
4574,1550.0,1550.0,,guo_los,guo_los,clinicalbert_type3_mean_pool,knn,1,4,brier,0.2593773728170083
4575,1551.0,1551.0,,guo_los,guo_los,clinicalbert_type3_mean_pool,knn,2,4,auroc,0.5788848386214683
4576,1552.0,1552.0,,guo_los,guo_los,clinicalbert_type3_mean_pool,knn,2,4,auprc,0.2865389754178948
4577,1553.0,1553.0,,guo_los,guo_los,clinicalbert_type3_mean_pool,knn,2,4,brier,0.2975449253353581
4578,1554.0,1554.0,,guo_los,guo_los,clinicalbert_type3_mean_pool,knn,3,4,auroc,0.4389328464191519
4579,1555.0,1555.0,,guo_los,guo_los,clinicalbert_type3_mean_pool,knn,3,4,auprc,0.219973680155228
4580,1556.0,1556.0,,guo_los,guo_los,clinicalbert_type3_mean_pool,knn,3,4,brier,0.2807361412456596
4581,1557.0,1557.0,,guo_los,guo_los,clinicalbert_type3_mean_pool,knn,4,4,auroc,0.5848532862296788
4582,1558.0,1558.0,,guo_los,guo_los,clinicalbert_type3_mean_pool,knn,4,4,auprc,0.2915160087628358
4583,1559.0,1559.0,,guo_los,guo_los,clinicalbert_type3_mean_pool,knn,4,4,brier,0.4369020501138952
4584,1560.0,1560.0,,guo_los,guo_los,clinicalbert_type3_mean_pool,knn,0,8,auroc,0.5520246191572502
4585,1561.0,1561.0,,guo_los,guo_los,clinicalbert_type3_mean_pool,knn,0,8,auprc,0.2764535719947085
4586,1562.0,1562.0,,guo_los,guo_los,clinicalbert_type3_mean_pool,knn,0,8,brier,0.2398038454390062
4587,1563.0,1563.0,,guo_los,guo_los,clinicalbert_type3_mean_pool,knn,1,8,auroc,0.5292038247461783
4588,1564.0,1564.0,,guo_los,guo_los,clinicalbert_type3_mean_pool,knn,1,8,auprc,0.272118685324804
4589,1565.0,1565.0,,guo_los,guo_los,clinicalbert_type3_mean_pool,knn,1,8,brier,0.2618545616827337
4590,1566.0,1566.0,,guo_los,guo_los,clinicalbert_type3_mean_pool,knn,2,8,auroc,0.5335310319581535
4591,1567.0,1567.0,,guo_los,guo_los,clinicalbert_type3_mean_pool,knn,2,8,auprc,0.2656993552070906
4592,1568.0,1568.0,,guo_los,guo_los,clinicalbert_type3_mean_pool,knn,2,8,brier,0.4236902050113895
4593,1569.0,1569.0,,guo_los,guo_los,clinicalbert_type3_mean_pool,knn,3,8,auroc,0.4932134130743515
4594,1570.0,1570.0,,guo_los,guo_los,clinicalbert_type3_mean_pool,knn,3,8,auprc,0.2489710498733335
4595,1571.0,1571.0,,guo_los,guo_los,clinicalbert_type3_mean_pool,knn,3,8,brier,0.5407744874715262
4596,1572.0,1572.0,,guo_los,guo_los,clinicalbert_type3_mean_pool,knn,4,8,auroc,0.6189907556872811
4597,1573.0,1573.0,,guo_los,guo_los,clinicalbert_type3_mean_pool,knn,4,8,auprc,0.3148221593178425
4598,1574.0,1574.0,,guo_los,guo_los,clinicalbert_type3_mean_pool,knn,4,8,brier,0.2291571753986332
4599,1575.0,1575.0,,guo_los,guo_los,clinicalbert_type3_mean_pool,knn,0,12,auroc,0.5240331181031517
4600,1576.0,1576.0,,guo_los,guo_los,clinicalbert_type3_mean_pool,knn,0,12,auprc,0.2617174513706234
4601,1577.0,1577.0,,guo_los,guo_los,clinicalbert_type3_mean_pool,knn,0,12,brier,0.3694760820045558
4602,1578.0,1578.0,,guo_los,guo_los,clinicalbert_type3_mean_pool,knn,1,12,auroc,0.5714047077191775
4603,1579.0,1579.0,,guo_los,guo_los,clinicalbert_type3_mean_pool,knn,1,12,auprc,0.28362211163392
4604,1580.0,1580.0,,guo_los,guo_los,clinicalbert_type3_mean_pool,knn,1,12,brier,0.2915717539863325
4605,1581.0,1581.0,,guo_los,guo_los,clinicalbert_type3_mean_pool,knn,2,12,auroc,0.5663420572124163
4606,1582.0,1582.0,,guo_los,guo_los,clinicalbert_type3_mean_pool,knn,2,12,auprc,0.3050771838193236
4607,1583.0,1583.0,,guo_los,guo_los,clinicalbert_type3_mean_pool,knn,2,12,brier,0.2547551182291268
4608,1584.0,1584.0,,guo_los,guo_los,clinicalbert_type3_mean_pool,knn,3,12,auroc,0.5206883396402833
4609,1585.0,1585.0,,guo_los,guo_los,clinicalbert_type3_mean_pool,knn,3,12,auprc,0.2597433335913498
4610,1586.0,1586.0,,guo_los,guo_los,clinicalbert_type3_mean_pool,knn,3,12,brier,0.4888382687927107
4611,1587.0,1587.0,,guo_los,guo_los,clinicalbert_type3_mean_pool,knn,4,12,auroc,0.6080594441063096
4612,1588.0,1588.0,,guo_los,guo_los,clinicalbert_type3_mean_pool,knn,4,12,auprc,0.3121028358876508
4613,1589.0,1589.0,,guo_los,guo_los,clinicalbert_type3_mean_pool,knn,4,12,brier,0.2235990888382688
4614,1590.0,1590.0,,guo_los,guo_los,clinicalbert_type3_mean_pool,knn,0,16,auroc,0.5562818104033802
4615,1591.0,1591.0,,guo_los,guo_los,clinicalbert_type3_mean_pool,knn,0,16,auprc,0.285437731896914
4616,1592.0,1592.0,,guo_los,guo_los,clinicalbert_type3_mean_pool,knn,0,16,brier,0.245960267759575
4617,1593.0,1593.0,,guo_los,guo_los,clinicalbert_type3_mean_pool,knn,1,16,auroc,0.5967041775825417
4618,1594.0,1594.0,,guo_los,guo_los,clinicalbert_type3_mean_pool,knn,1,16,auprc,0.3010088462473499
4619,1595.0,1595.0,,guo_los,guo_los,clinicalbert_type3_mean_pool,knn,1,16,brier,0.268628701594533
4620,1596.0,1596.0,,guo_los,guo_los,clinicalbert_type3_mean_pool,knn,2,16,auroc,0.5805398616881455
4621,1597.0,1597.0,,guo_los,guo_los,clinicalbert_type3_mean_pool,knn,2,16,auprc,0.2908877923963746
4622,1598.0,1598.0,,guo_los,guo_los,clinicalbert_type3_mean_pool,knn,2,16,brier,0.2539772209567198
4623,1599.0,1599.0,,guo_los,guo_los,clinicalbert_type3_mean_pool,knn,3,16,auroc,0.5110862287967398
4624,1600.0,1600.0,,guo_los,guo_los,clinicalbert_type3_mean_pool,knn,3,16,auprc,0.2557960407532489
4625,1601.0,1601.0,,guo_los,guo_los,clinicalbert_type3_mean_pool,knn,3,16,brier,0.4861047835990888
4626,1602.0,1602.0,,guo_los,guo_los,clinicalbert_type3_mean_pool,knn,4,16,auroc,0.5922148861661682
4627,1603.0,1603.0,,guo_los,guo_los,clinicalbert_type3_mean_pool,knn,4,16,auprc,0.3145684599812226
4628,1604.0,1604.0,,guo_los,guo_los,clinicalbert_type3_mean_pool,knn,4,16,brier,0.2798561891790413
4629,1605.0,1605.0,,guo_los,guo_los,clinicalbert_type3_mean_pool,knn,0,24,auroc,0.5377882232042834
4630,1606.0,1606.0,,guo_los,guo_los,clinicalbert_type3_mean_pool,knn,0,24,auprc,0.2699818842340389
4631,1607.0,1607.0,,guo_los,guo_los,clinicalbert_type3_mean_pool,knn,0,24,brier,0.2702606934953176
4632,1608.0,1608.0,,guo_los,guo_los,clinicalbert_type3_mean_pool,knn,1,24,auroc,0.6034383903605105
4633,1609.0,1609.0,,guo_los,guo_los,clinicalbert_type3_mean_pool,knn,1,24,auprc,0.3054523432685699
4634,1610.0,1610.0,,guo_los,guo_los,clinicalbert_type3_mean_pool,knn,1,24,brier,0.2570205011389522
4635,1611.0,1611.0,,guo_los,guo_los,clinicalbert_type3_mean_pool,knn,2,24,auroc,0.5412642126897598
4636,1612.0,1612.0,,guo_los,guo_los,clinicalbert_type3_mean_pool,knn,2,24,auprc,0.2692423310658983
4637,1613.0,1613.0,,guo_los,guo_los,clinicalbert_type3_mean_pool,knn,2,24,brier,0.434624145785877
4638,1614.0,1614.0,,guo_los,guo_los,clinicalbert_type3_mean_pool,knn,3,24,auroc,0.5184472774264116
4639,1615.0,1615.0,,guo_los,guo_los,clinicalbert_type3_mean_pool,knn,3,24,auprc,0.2588395505257475
4640,1616.0,1616.0,,guo_los,guo_los,clinicalbert_type3_mean_pool,knn,3,24,brier,0.467881548974943
4641,1617.0,1617.0,,guo_los,guo_los,clinicalbert_type3_mean_pool,knn,4,24,auroc,0.575804136124269
4642,1618.0,1618.0,,guo_los,guo_los,clinicalbert_type3_mean_pool,knn,4,24,auprc,0.2972324655507636
4643,1619.0,1619.0,,guo_los,guo_los,clinicalbert_type3_mean_pool,knn,4,24,brier,0.276993166287016
4644,1620.0,1620.0,,guo_los,guo_los,clinicalbert_type3_mean_pool,knn,0,32,auroc,0.5562762973352033
4645,1621.0,1621.0,,guo_los,guo_los,clinicalbert_type3_mean_pool,knn,0,32,auprc,0.2789127694484692
4646,1622.0,1622.0,,guo_los,guo_los,clinicalbert_type3_mean_pool,knn,0,32,brier,0.2631232599341939
4647,1623.0,1623.0,,guo_los,guo_los,clinicalbert_type3_mean_pool,knn,1,32,auroc,0.5951919429816437
4648,1624.0,1624.0,,guo_los,guo_los,clinicalbert_type3_mean_pool,knn,1,32,auprc,0.2980789413397307
4649,1625.0,1625.0,,guo_los,guo_los,clinicalbert_type3_mean_pool,knn,1,32,brier,0.2660077252802217
4650,1626.0,1626.0,,guo_los,guo_los,clinicalbert_type3_mean_pool,knn,2,32,auroc,0.5527319458043346
4651,1627.0,1627.0,,guo_los,guo_los,clinicalbert_type3_mean_pool,knn,2,32,auprc,0.2756708633693275
4652,1628.0,1628.0,,guo_los,guo_los,clinicalbert_type3_mean_pool,knn,2,32,brier,0.3913439635535307
4653,1629.0,1629.0,,guo_los,guo_los,clinicalbert_type3_mean_pool,knn,3,32,auroc,0.5499318584773346
4654,1630.0,1630.0,,guo_los,guo_los,clinicalbert_type3_mean_pool,knn,3,32,auprc,0.276013656625831
4655,1631.0,1631.0,,guo_los,guo_los,clinicalbert_type3_mean_pool,knn,3,32,brier,0.2719641653924272
4656,1632.0,1632.0,,guo_los,guo_los,clinicalbert_type3_mean_pool,knn,4,32,auroc,0.6047642832570326
4657,1633.0,1633.0,,guo_los,guo_los,clinicalbert_type3_mean_pool,knn,4,32,auprc,0.3137125235806326
4658,1634.0,1634.0,,guo_los,guo_los,clinicalbert_type3_mean_pool,knn,4,32,brier,0.2934953176411035
4659,1635.0,1635.0,,guo_los,guo_los,clinicalbert_type3_mean_pool,knn,0,48,auroc,0.5845985824799104
4660,1636.0,1636.0,,guo_los,guo_los,clinicalbert_type3_mean_pool,knn,0,48,auprc,0.2923071223936377
4661,1637.0,1637.0,,guo_los,guo_los,clinicalbert_type3_mean_pool,knn,0,48,brier,0.2622120982029866
4662,1638.0,1638.0,,guo_los,guo_los,clinicalbert_type3_mean_pool,knn,1,48,auroc,0.6041821032575617
4663,1639.0,1639.0,,guo_los,guo_los,clinicalbert_type3_mean_pool,knn,1,48,auprc,0.3035252670983012
4664,1640.0,1640.0,,guo_los,guo_los,clinicalbert_type3_mean_pool,knn,1,48,brier,0.2674322488796509
4665,1641.0,1641.0,,guo_los,guo_los,clinicalbert_type3_mean_pool,knn,2,48,auroc,0.6215262157417943
4666,1642.0,1642.0,,guo_los,guo_los,clinicalbert_type3_mean_pool,knn,2,48,auprc,0.3446589718503244
4667,1643.0,1643.0,,guo_los,guo_los,clinicalbert_type3_mean_pool,knn,2,48,brier,0.226126766356313
4668,1644.0,1644.0,,guo_los,guo_los,clinicalbert_type3_mean_pool,knn,3,48,auroc,0.5366993922393641
4669,1645.0,1645.0,,guo_los,guo_los,clinicalbert_type3_mean_pool,knn,3,48,auprc,0.2670308895149584
4670,1646.0,1646.0,,guo_los,guo_los,clinicalbert_type3_mean_pool,knn,3,48,brier,0.4414578587699316
4671,1647.0,1647.0,,guo_los,guo_los,clinicalbert_type3_mean_pool,knn,4,48,auroc,0.5982406696834175
4672,1648.0,1648.0,,guo_los,guo_los,clinicalbert_type3_mean_pool,knn,4,48,auprc,0.3334966284618539
4673,1649.0,1649.0,,guo_los,guo_los,clinicalbert_type3_mean_pool,knn,4,48,brier,0.2836323531907856
4674,1650.0,1650.0,,guo_los,guo_los,clinicalbert_type3_mean_pool,knn,0,64,auroc,0.5831122592994434
4675,1651.0,1651.0,,guo_los,guo_los,clinicalbert_type3_mean_pool,knn,0,64,auprc,0.2932117019481316
4676,1652.0,1652.0,,guo_los,guo_los,clinicalbert_type3_mean_pool,knn,0,64,brier,0.2517904328018223
4677,1653.0,1653.0,,guo_los,guo_los,clinicalbert_type3_mean_pool,knn,1,64,auroc,0.6116644393871232
4678,1654.0,1654.0,,guo_los,guo_los,clinicalbert_type3_mean_pool,knn,1,64,auprc,0.3192450702867667
4679,1655.0,1655.0,,guo_los,guo_los,clinicalbert_type3_mean_pool,knn,1,64,brier,0.2500437483902633
4680,1656.0,1656.0,,guo_los,guo_los,clinicalbert_type3_mean_pool,knn,2,64,auroc,0.6085721594467526
4681,1657.0,1657.0,,guo_los,guo_los,clinicalbert_type3_mean_pool,knn,2,64,auprc,0.3382061019733535
4682,1658.0,1658.0,,guo_los,guo_los,clinicalbert_type3_mean_pool,knn,2,64,brier,0.2370433112253305
4683,1659.0,1659.0,,guo_los,guo_los,clinicalbert_type3_mean_pool,knn,3,64,auroc,0.5279600765654908
4684,1660.0,1660.0,,guo_los,guo_los,clinicalbert_type3_mean_pool,knn,3,64,auprc,0.2630336128793449
4685,1661.0,1661.0,,guo_los,guo_los,clinicalbert_type3_mean_pool,knn,3,64,brier,0.4437357630979499
4686,1662.0,1662.0,,guo_los,guo_los,clinicalbert_type3_mean_pool,knn,4,64,auroc,0.6100502130249543
4687,1663.0,1663.0,,guo_los,guo_los,clinicalbert_type3_mean_pool,knn,4,64,auprc,0.3419951450622357
4688,1664.0,1664.0,,guo_los,guo_los,clinicalbert_type3_mean_pool,knn,4,64,brier,0.2528049855990009
4689,1665.0,1665.0,,guo_los,guo_los,clinicalbert_type3_mean_pool,knn,0,128,auroc,0.5455566875722212
4690,1666.0,1666.0,,guo_los,guo_los,clinicalbert_type3_mean_pool,knn,0,128,auprc,0.2710023727065074
4691,1667.0,1667.0,,guo_los,guo_los,clinicalbert_type3_mean_pool,knn,0,128,brier,0.4624145785876993
4692,1668.0,1668.0,,guo_los,guo_los,clinicalbert_type3_mean_pool,knn,1,128,auroc,0.6127422442156889
4693,1669.0,1669.0,,guo_los,guo_los,clinicalbert_type3_mean_pool,knn,1,128,auprc,0.3159248694281853
4694,1670.0,1670.0,,guo_los,guo_los,clinicalbert_type3_mean_pool,knn,1,128,brier,0.2459043280182232
4695,1671.0,1671.0,,guo_los,guo_los,clinicalbert_type3_mean_pool,knn,2,128,auroc,0.6155180740427109
4696,1672.0,1672.0,,guo_los,guo_los,clinicalbert_type3_mean_pool,knn,2,128,auprc,0.3229962629956353
4697,1673.0,1673.0,,guo_los,guo_los,clinicalbert_type3_mean_pool,knn,2,128,brier,0.2454669703872437
4698,1674.0,1674.0,,guo_los,guo_los,clinicalbert_type3_mean_pool,knn,3,128,auroc,0.5954334153677878
4699,1675.0,1675.0,,guo_los,guo_los,clinicalbert_type3_mean_pool,knn,3,128,auprc,0.3087087534320851
4700,1676.0,1676.0,,guo_los,guo_los,clinicalbert_type3_mean_pool,knn,3,128,brier,0.2470523917995444
4701,1677.0,1677.0,,guo_los,guo_los,clinicalbert_type3_mean_pool,knn,4,128,auroc,0.5843609692414902
4702,1678.0,1678.0,,guo_los,guo_los,clinicalbert_type3_mean_pool,knn,4,128,auprc,0.3157329379254968
4703,1679.0,1679.0,,guo_los,guo_los,clinicalbert_type3_mean_pool,knn,4,128,brier,0.266754899644557
4704,1680.0,1680.0,,guo_los,guo_los,clinicalbert_type3_mean_pool,rf,0,-1,auroc,0.7063387052669649
4705,1681.0,1681.0,,guo_los,guo_los,clinicalbert_type3_mean_pool,rf,0,-1,auprc,0.3927729169848416
4706,1682.0,1682.0,,guo_los,guo_los,clinicalbert_type3_mean_pool,rf,0,-1,brier,0.1733275292326175
4707,1683.0,1683.0,,guo_los,guo_los,clinicalbert_type3_mean_pool,rf,0,1,auroc,0.4019715834413895
4708,1684.0,1684.0,,guo_los,guo_los,clinicalbert_type3_mean_pool,rf,0,1,auprc,0.2207517495324185
4709,1685.0,1685.0,,guo_los,guo_los,clinicalbert_type3_mean_pool,rf,0,1,brier,0.3106241457858769
4710,1686.0,1686.0,,guo_los,guo_los,clinicalbert_type3_mean_pool,rf,1,1,auroc,0.4351139440930782
4711,1687.0,1687.0,,guo_los,guo_los,clinicalbert_type3_mean_pool,rf,1,1,auprc,0.2224166517401923
4712,1688.0,1688.0,,guo_los,guo_los,clinicalbert_type3_mean_pool,rf,1,1,brier,0.2347755808656036
4713,1689.0,1689.0,,guo_los,guo_los,clinicalbert_type3_mean_pool,rf,2,1,auroc,0.4743559633755855
4714,1690.0,1690.0,,guo_los,guo_los,clinicalbert_type3_mean_pool,rf,2,1,auprc,0.2415685990346529
4715,1691.0,1691.0,,guo_los,guo_los,clinicalbert_type3_mean_pool,rf,2,1,brier,0.388623006833713
4716,1692.0,1692.0,,guo_los,guo_los,clinicalbert_type3_mean_pool,rf,3,1,auroc,0.4941776486984748
4717,1693.0,1693.0,,guo_los,guo_los,clinicalbert_type3_mean_pool,rf,3,1,auprc,0.249719887480928
4718,1694.0,1694.0,,guo_los,guo_los,clinicalbert_type3_mean_pool,rf,3,1,brier,0.2846879271070615
4719,1695.0,1695.0,,guo_los,guo_los,clinicalbert_type3_mean_pool,rf,4,1,auroc,0.6118436141028695
4720,1696.0,1696.0,,guo_los,guo_los,clinicalbert_type3_mean_pool,rf,4,1,auprc,0.3181411684066008
4721,1697.0,1697.0,,guo_los,guo_los,clinicalbert_type3_mean_pool,rf,4,1,brier,0.259941867881549
4722,1698.0,1698.0,,guo_los,guo_los,clinicalbert_type3_mean_pool,rf,0,2,auroc,0.4428333421542423
4723,1699.0,1699.0,,guo_los,guo_los,clinicalbert_type3_mean_pool,rf,0,2,auprc,0.2256731508335074
4724,1700.0,1700.0,,guo_los,guo_los,clinicalbert_type3_mean_pool,rf,0,2,brier,0.2575464793723108
4725,1701.0,1701.0,,guo_los,guo_los,clinicalbert_type3_mean_pool,rf,1,2,auroc,0.427351544100135
4726,1702.0,1702.0,,guo_los,guo_los,clinicalbert_type3_mean_pool,rf,1,2,auprc,0.2252029279807891
4727,1703.0,1703.0,,guo_los,guo_los,clinicalbert_type3_mean_pool,rf,1,2,brier,0.3667152619589977
4728,1704.0,1704.0,,guo_los,guo_los,clinicalbert_type3_mean_pool,rf,2,2,auroc,0.4880564891017668
4729,1705.0,1705.0,,guo_los,guo_los,clinicalbert_type3_mean_pool,rf,2,2,auprc,0.2465469071255671
4730,1706.0,1706.0,,guo_los,guo_los,clinicalbert_type3_mean_pool,rf,2,2,brier,0.312009111617312
4731,1707.0,1707.0,,guo_los,guo_los,clinicalbert_type3_mean_pool,rf,3,2,auroc,0.515891970326462
4732,1708.0,1708.0,,guo_los,guo_los,clinicalbert_type3_mean_pool,rf,3,2,auprc,0.2682589983746431
4733,1709.0,1709.0,,guo_los,guo_los,clinicalbert_type3_mean_pool,rf,3,2,brier,0.2434293849658314
4734,1710.0,1710.0,,guo_los,guo_los,clinicalbert_type3_mean_pool,rf,4,2,auroc,0.5444535226300422
4735,1711.0,1711.0,,guo_los,guo_los,clinicalbert_type3_mean_pool,rf,4,2,auprc,0.2674882222220452
4736,1712.0,1712.0,,guo_los,guo_los,clinicalbert_type3_mean_pool,rf,4,2,brier,0.2849157175398633
4737,1713.0,1713.0,,guo_los,guo_los,clinicalbert_type3_mean_pool,rf,0,4,auroc,0.55799802852682
4738,1714.0,1714.0,,guo_los,guo_los,clinicalbert_type3_mean_pool,rf,0,4,auprc,0.2947743095353162
4739,1715.0,1715.0,,guo_los,guo_los,clinicalbert_type3_mean_pool,rf,0,4,brier,0.2238320678309289
4740,1716.0,1716.0,,guo_los,guo_los,clinicalbert_type3_mean_pool,rf,1,4,auroc,0.4624455308864131
4741,1717.0,1717.0,,guo_los,guo_los,clinicalbert_type3_mean_pool,rf,1,4,auprc,0.2432118789531217
4742,1718.0,1718.0,,guo_los,guo_los,clinicalbert_type3_mean_pool,rf,1,4,brier,0.2626195899772209
4743,1719.0,1719.0,,guo_los,guo_los,clinicalbert_type3_mean_pool,rf,2,4,auroc,0.5652317252816075
4744,1720.0,1720.0,,guo_los,guo_los,clinicalbert_type3_mean_pool,rf,2,4,auprc,0.2843261105705089
4745,1721.0,1721.0,,guo_los,guo_los,clinicalbert_type3_mean_pool,rf,2,4,brier,0.2479088838268793
4746,1722.0,1722.0,,guo_los,guo_los,clinicalbert_type3_mean_pool,rf,3,4,auroc,0.420824622685614
4747,1723.0,1723.0,,guo_los,guo_los,clinicalbert_type3_mean_pool,rf,3,4,auprc,0.2199874864326088
4748,1724.0,1724.0,,guo_los,guo_los,clinicalbert_type3_mean_pool,rf,3,4,brier,0.2987722095671982
4749,1725.0,1725.0,,guo_los,guo_los,clinicalbert_type3_mean_pool,rf,4,4,auroc,0.5727879365247383
4750,1726.0,1726.0,,guo_los,guo_los,clinicalbert_type3_mean_pool,rf,4,4,auprc,0.2931826599539101
4751,1727.0,1727.0,,guo_los,guo_los,clinicalbert_type3_mean_pool,rf,4,4,brier,0.3398223234624146
4752,1728.0,1728.0,,guo_los,guo_los,clinicalbert_type3_mean_pool,rf,0,8,auroc,0.537072626954934
4753,1729.0,1729.0,,guo_los,guo_los,clinicalbert_type3_mean_pool,rf,0,8,auprc,0.2760242904643728
4754,1730.0,1730.0,,guo_los,guo_los,clinicalbert_type3_mean_pool,rf,0,8,brier,0.2607369020501138
4755,1731.0,1731.0,,guo_los,guo_los,clinicalbert_type3_mean_pool,rf,1,8,auroc,0.4190576843349475
4756,1732.0,1732.0,,guo_los,guo_los,clinicalbert_type3_mean_pool,rf,1,8,auprc,0.2201924444397114
4757,1733.0,1733.0,,guo_los,guo_los,clinicalbert_type3_mean_pool,rf,1,8,brier,0.344624145785877
4758,1734.0,1734.0,,guo_los,guo_los,clinicalbert_type3_mean_pool,rf,2,8,auroc,0.5971551465594044
4759,1735.0,1735.0,,guo_los,guo_los,clinicalbert_type3_mean_pool,rf,2,8,auprc,0.3124495501162822
4760,1736.0,1736.0,,guo_los,guo_los,clinicalbert_type3_mean_pool,rf,2,8,brier,0.2287346241457859
4761,1737.0,1737.0,,guo_los,guo_los,clinicalbert_type3_mean_pool,rf,3,8,auroc,0.4087091040602644
4762,1738.0,1738.0,,guo_los,guo_los,clinicalbert_type3_mean_pool,rf,3,8,auprc,0.2093136109669597
4763,1739.0,1739.0,,guo_los,guo_los,clinicalbert_type3_mean_pool,rf,3,8,brier,0.2705926195899772
4764,1740.0,1740.0,,guo_los,guo_los,clinicalbert_type3_mean_pool,rf,4,8,auroc,0.615726468019794
4765,1741.0,1741.0,,guo_los,guo_los,clinicalbert_type3_mean_pool,rf,4,8,auprc,0.3198737555277364
4766,1742.0,1742.0,,guo_los,guo_los,clinicalbert_type3_mean_pool,rf,4,8,brier,0.27749430523918
4767,1743.0,1743.0,,guo_los,guo_los,clinicalbert_type3_mean_pool,rf,0,12,auroc,0.5758278423174292
4768,1744.0,1744.0,,guo_los,guo_los,clinicalbert_type3_mean_pool,rf,0,12,auprc,0.2832180042939631
4769,1745.0,1745.0,,guo_los,guo_los,clinicalbert_type3_mean_pool,rf,0,12,brier,0.2349339407744875
4770,1746.0,1746.0,,guo_los,guo_los,clinicalbert_type3_mean_pool,rf,1,12,auroc,0.5200124374818069
4771,1747.0,1747.0,,guo_los,guo_los,clinicalbert_type3_mean_pool,rf,1,12,auprc,0.2882925511276862
4772,1748.0,1748.0,,guo_los,guo_los,clinicalbert_type3_mean_pool,rf,1,12,brier,0.2702164920273349
4773,1749.0,1749.0,,guo_los,guo_los,clinicalbert_type3_mean_pool,rf,2,12,auroc,0.6134286212037012
4774,1750.0,1750.0,,guo_los,guo_los,clinicalbert_type3_mean_pool,rf,2,12,auprc,0.3247392898253034
4775,1751.0,1751.0,,guo_los,guo_los,clinicalbert_type3_mean_pool,rf,2,12,brier,0.2292526576067025
4776,1752.0,1752.0,,guo_los,guo_los,clinicalbert_type3_mean_pool,rf,3,12,auroc,0.4861616475693985
4777,1753.0,1753.0,,guo_los,guo_los,clinicalbert_type3_mean_pool,rf,3,12,auprc,0.2461254663598051
4778,1754.0,1754.0,,guo_los,guo_los,clinicalbert_type3_mean_pool,rf,3,12,brier,0.2632124145785877
4779,1755.0,1755.0,,guo_los,guo_los,clinicalbert_type3_mean_pool,rf,4,12,auroc,0.6364749001032046
4780,1756.0,1756.0,,guo_los,guo_los,clinicalbert_type3_mean_pool,rf,4,12,auprc,0.3326876096588857
4781,1757.0,1757.0,,guo_los,guo_los,clinicalbert_type3_mean_pool,rf,4,12,brier,0.2530498405466971
4782,1758.0,1758.0,,guo_los,guo_los,clinicalbert_type3_mean_pool,rf,0,16,auroc,0.5603377746610565
4783,1759.0,1759.0,,guo_los,guo_los,clinicalbert_type3_mean_pool,rf,0,16,auprc,0.2787611376129513
4784,1760.0,1760.0,,guo_los,guo_los,clinicalbert_type3_mean_pool,rf,0,16,brier,0.2417324829157175
4785,1761.0,1761.0,,guo_los,guo_los,clinicalbert_type3_mean_pool,rf,1,16,auroc,0.5421369313821482
4786,1762.0,1762.0,,guo_los,guo_los,clinicalbert_type3_mean_pool,rf,1,16,auprc,0.2746950680979134
4787,1763.0,1763.0,,guo_los,guo_los,clinicalbert_type3_mean_pool,rf,1,16,brier,0.2543621867881549
4788,1764.0,1764.0,,guo_los,guo_los,clinicalbert_type3_mean_pool,rf,2,16,auroc,0.6047935025183696
4789,1765.0,1765.0,,guo_los,guo_los,clinicalbert_type3_mean_pool,rf,2,16,auprc,0.317238547056913
4790,1766.0,1766.0,,guo_los,guo_los,clinicalbert_type3_mean_pool,rf,2,16,brier,0.2339562749145785
4791,1767.0,1767.0,,guo_los,guo_los,clinicalbert_type3_mean_pool,rf,3,16,auroc,0.4217469589915937
4792,1768.0,1768.0,,guo_los,guo_los,clinicalbert_type3_mean_pool,rf,3,16,auprc,0.2181139457120837
4793,1769.0,1769.0,,guo_los,guo_los,clinicalbert_type3_mean_pool,rf,3,16,brier,0.3199088838268792
4794,1770.0,1770.0,,guo_los,guo_los,clinicalbert_type3_mean_pool,rf,4,16,auroc,0.6172497287570456
4795,1771.0,1771.0,,guo_los,guo_los,clinicalbert_type3_mean_pool,rf,4,16,auprc,0.3208391192421506
4796,1772.0,1772.0,,guo_los,guo_los,clinicalbert_type3_mean_pool,rf,4,16,brier,0.2610706150341686
4797,1773.0,1773.0,,guo_los,guo_los,clinicalbert_type3_mean_pool,rf,0,24,auroc,0.559788121763829
4798,1774.0,1774.0,,guo_los,guo_los,clinicalbert_type3_mean_pool,rf,0,24,auprc,0.2883008481104149
4799,1775.0,1775.0,,guo_los,guo_los,clinicalbert_type3_mean_pool,rf,0,24,brier,0.2367784054669703
4800,1776.0,1776.0,,guo_los,guo_los,clinicalbert_type3_mean_pool,rf,1,24,auroc,0.5832092892993551
4801,1777.0,1777.0,,guo_los,guo_los,clinicalbert_type3_mean_pool,rf,1,24,auprc,0.2932755693657192
4802,1778.0,1778.0,,guo_los,guo_los,clinicalbert_type3_mean_pool,rf,1,24,brier,0.2597699809621295
4803,1779.0,1779.0,,guo_los,guo_los,clinicalbert_type3_mean_pool,rf,2,24,auroc,0.6057384424038742
4804,1780.0,1780.0,,guo_los,guo_los,clinicalbert_type3_mean_pool,rf,2,24,auprc,0.3211182138625441
4805,1781.0,1781.0,,guo_los,guo_los,clinicalbert_type3_mean_pool,rf,2,24,brier,0.2395489749430523
4806,1782.0,1782.0,,guo_los,guo_los,clinicalbert_type3_mean_pool,rf,3,24,auroc,0.4781401333721453
4807,1783.0,1783.0,,guo_los,guo_los,clinicalbert_type3_mean_pool,rf,3,24,auprc,0.2416737802109779
4808,1784.0,1784.0,,guo_los,guo_los,clinicalbert_type3_mean_pool,rf,3,24,brier,0.2712448747152619
4809,1785.0,1785.0,,guo_los,guo_los,clinicalbert_type3_mean_pool,rf,4,24,auroc,0.6565022228690889
4810,1786.0,1786.0,,guo_los,guo_los,clinicalbert_type3_mean_pool,rf,4,24,auprc,0.3531987695519515
4811,1787.0,1787.0,,guo_los,guo_los,clinicalbert_type3_mean_pool,rf,4,24,brier,0.2321413050257769
4812,1788.0,1788.0,,guo_los,guo_los,clinicalbert_type3_mean_pool,rf,0,32,auroc,0.5928169132110754
4813,1789.0,1789.0,,guo_los,guo_los,clinicalbert_type3_mean_pool,rf,0,32,auprc,0.315268595898936
4814,1790.0,1790.0,,guo_los,guo_los,clinicalbert_type3_mean_pool,rf,0,32,brier,0.2405483107661302
4815,1791.0,1791.0,,guo_los,guo_los,clinicalbert_type3_mean_pool,rf,1,32,auroc,0.5965950188326409
4816,1792.0,1792.0,,guo_los,guo_los,clinicalbert_type3_mean_pool,rf,1,32,auprc,0.3050846678209933
4817,1793.0,1793.0,,guo_los,guo_los,clinicalbert_type3_mean_pool,rf,1,32,brier,0.2435501138952163
4818,1794.0,1794.0,,guo_los,guo_los,clinicalbert_type3_mean_pool,rf,2,32,auroc,0.631861564652853
4819,1795.0,1795.0,,guo_los,guo_los,clinicalbert_type3_mean_pool,rf,2,32,auprc,0.3444467587957864
4820,1796.0,1796.0,,guo_los,guo_los,clinicalbert_type3_mean_pool,rf,2,32,brier,0.235712437357631
4821,1797.0,1797.0,,guo_los,guo_los,clinicalbert_type3_mean_pool,rf,3,32,auroc,0.4948948988682773
4822,1798.0,1798.0,,guo_los,guo_los,clinicalbert_type3_mean_pool,rf,3,32,auprc,0.2493668287659594
4823,1799.0,1799.0,,guo_los,guo_los,clinicalbert_type3_mean_pool,rf,3,32,brier,0.2552635710909626
4824,1800.0,1800.0,,guo_los,guo_los,clinicalbert_type3_mean_pool,rf,4,32,auroc,0.6444567202095848
4825,1801.0,1801.0,,guo_los,guo_los,clinicalbert_type3_mean_pool,rf,4,32,auprc,0.3506700138666885
4826,1802.0,1802.0,,guo_los,guo_los,clinicalbert_type3_mean_pool,rf,4,32,brier,0.2429480187282145
4827,1803.0,1803.0,,guo_los,guo_los,clinicalbert_type3_mean_pool,rf,0,48,auroc,0.6431457125971403
4828,1804.0,1804.0,,guo_los,guo_los,clinicalbert_type3_mean_pool,rf,0,48,auprc,0.3309857651897654
4829,1805.0,1805.0,,guo_los,guo_los,clinicalbert_type3_mean_pool,rf,0,48,brier,0.2263165865822485
4830,1806.0,1806.0,,guo_los,guo_los,clinicalbert_type3_mean_pool,rf,1,48,auroc,0.6217467384688666
4831,1807.0,1807.0,,guo_los,guo_los,clinicalbert_type3_mean_pool,rf,1,48,auprc,0.3235960820578076
4832,1808.0,1808.0,,guo_los,guo_los,clinicalbert_type3_mean_pool,rf,1,48,brier,0.2454613211845102
4833,1809.0,1809.0,,guo_los,guo_los,clinicalbert_type3_mean_pool,rf,2,48,auroc,0.6763492683055916
4834,1810.0,1810.0,,guo_los,guo_los,clinicalbert_type3_mean_pool,rf,2,48,auprc,0.3652289966160976
4835,1811.0,1811.0,,guo_los,guo_los,clinicalbert_type3_mean_pool,rf,2,48,brier,0.221669111617312
4836,1812.0,1812.0,,guo_los,guo_los,clinicalbert_type3_mean_pool,rf,3,48,auroc,0.534688776275283
4837,1813.0,1813.0,,guo_los,guo_los,clinicalbert_type3_mean_pool,rf,3,48,auprc,0.2690177600663478
4838,1814.0,1814.0,,guo_los,guo_los,clinicalbert_type3_mean_pool,rf,3,48,brier,0.2642824601366743
4839,1815.0,1815.0,,guo_los,guo_los,clinicalbert_type3_mean_pool,rf,4,48,auroc,0.6212770250602028
4840,1816.0,1816.0,,guo_los,guo_los,clinicalbert_type3_mean_pool,rf,4,48,auprc,0.3506583584709209
4841,1817.0,1817.0,,guo_los,guo_los,clinicalbert_type3_mean_pool,rf,4,48,brier,0.252710159453303
4842,1818.0,1818.0,,guo_los,guo_los,clinicalbert_type3_mean_pool,rf,0,64,auroc,0.6304992855063644
4843,1819.0,1819.0,,guo_los,guo_los,clinicalbert_type3_mean_pool,rf,0,64,auprc,0.3273088319734436
4844,1820.0,1820.0,,guo_los,guo_los,clinicalbert_type3_mean_pool,rf,0,64,brier,0.2244808656036446
4845,1821.0,1821.0,,guo_los,guo_los,clinicalbert_type3_mean_pool,rf,1,64,auroc,0.6482094657175369
4846,1822.0,1822.0,,guo_los,guo_los,clinicalbert_type3_mean_pool,rf,1,64,auprc,0.3338983129468957
4847,1823.0,1823.0,,guo_los,guo_los,clinicalbert_type3_mean_pool,rf,1,64,brier,0.2256606833712984
4848,1824.0,1824.0,,guo_los,guo_los,clinicalbert_type3_mean_pool,rf,2,64,auroc,0.6656798274630183
4849,1825.0,1825.0,,guo_los,guo_los,clinicalbert_type3_mean_pool,rf,2,64,auprc,0.3633320591217795
4850,1826.0,1826.0,,guo_los,guo_los,clinicalbert_type3_mean_pool,rf,2,64,brier,0.2222336674259681
4851,1827.0,1827.0,,guo_los,guo_los,clinicalbert_type3_mean_pool,rf,3,64,auroc,0.5495448410913228
4852,1828.0,1828.0,,guo_los,guo_los,clinicalbert_type3_mean_pool,rf,3,64,auprc,0.2904560333501168
4853,1829.0,1829.0,,guo_los,guo_los,clinicalbert_type3_mean_pool,rf,3,64,brier,0.2393460155124122
4854,1830.0,1830.0,,guo_los,guo_los,clinicalbert_type3_mean_pool,rf,4,64,auroc,0.6398224351001613
4855,1831.0,1831.0,,guo_los,guo_los,clinicalbert_type3_mean_pool,rf,4,64,auprc,0.3580758397519565
4856,1832.0,1832.0,,guo_los,guo_los,clinicalbert_type3_mean_pool,rf,4,64,brier,0.2478698101746393
4857,1833.0,1833.0,,guo_los,guo_los,clinicalbert_type3_mean_pool,rf,0,128,auroc,0.6497459578184128
4858,1834.0,1834.0,,guo_los,guo_los,clinicalbert_type3_mean_pool,rf,0,128,auprc,0.3465191713519596
4859,1835.0,1835.0,,guo_los,guo_los,clinicalbert_type3_mean_pool,rf,0,128,brier,0.2388075406292539
4860,1836.0,1836.0,,guo_los,guo_los,clinicalbert_type3_mean_pool,rf,1,128,auroc,0.6617010461598172
4861,1837.0,1837.0,,guo_los,guo_los,clinicalbert_type3_mean_pool,rf,1,128,auprc,0.3737804959382679
4862,1838.0,1838.0,,guo_los,guo_los,clinicalbert_type3_mean_pool,rf,1,128,brier,0.2270352736540946
4863,1839.0,1839.0,,guo_los,guo_los,clinicalbert_type3_mean_pool,rf,2,128,auroc,0.6416621459507617
4864,1840.0,1840.0,,guo_los,guo_los,clinicalbert_type3_mean_pool,rf,2,128,auprc,0.3480904421275844
4865,1841.0,1841.0,,guo_los,guo_los,clinicalbert_type3_mean_pool,rf,2,128,brier,0.2297251773869196
4866,1842.0,1842.0,,guo_los,guo_los,clinicalbert_type3_mean_pool,rf,3,128,auroc,0.6104052546155406
4867,1843.0,1843.0,,guo_los,guo_los,clinicalbert_type3_mean_pool,rf,3,128,auprc,0.3179876016390354
4868,1844.0,1844.0,,guo_los,guo_los,clinicalbert_type3_mean_pool,rf,3,128,brier,0.2358378132118451
4869,1845.0,1845.0,,guo_los,guo_los,clinicalbert_type3_mean_pool,rf,4,128,auroc,0.6451640468566692
4870,1846.0,1846.0,,guo_los,guo_los,clinicalbert_type3_mean_pool,rf,4,128,auprc,0.3597529711240741
4871,1847.0,1847.0,,guo_los,guo_los,clinicalbert_type3_mean_pool,rf,4,128,brier,0.2422653758542141
4872,1848.0,1848.0,,guo_los,guo_los,clinicalbert_type3_clinicalbert_pool,lr_lbfgs,0,-1,auroc,0.7220663861617579
4873,1849.0,1849.0,,guo_los,guo_los,clinicalbert_type3_clinicalbert_pool,lr_lbfgs,0,-1,auprc,0.4367019246476834
4874,1850.0,1850.0,,guo_los,guo_los,clinicalbert_type3_clinicalbert_pool,lr_lbfgs,0,-1,brier,0.1684916375639303
4875,1851.0,1851.0,,guo_los,guo_los,clinicalbert_type3_clinicalbert_pool,lr_lbfgs,0,1,auroc,0.3985055174786314
4876,1852.0,1852.0,,guo_los,guo_los,clinicalbert_type3_clinicalbert_pool,lr_lbfgs,0,1,auprc,0.2159432900791841
4877,1853.0,1853.0,,guo_los,guo_los,clinicalbert_type3_clinicalbert_pool,lr_lbfgs,0,1,brier,0.2499988548720791
4878,1854.0,1854.0,,guo_los,guo_los,clinicalbert_type3_clinicalbert_pool,lr_lbfgs,1,1,auroc,0.3908798415764729
4879,1855.0,1855.0,,guo_los,guo_los,clinicalbert_type3_clinicalbert_pool,lr_lbfgs,1,1,auprc,0.2057736937764162
4880,1856.0,1856.0,,guo_los,guo_los,clinicalbert_type3_clinicalbert_pool,lr_lbfgs,1,1,brier,0.2499961059202167
4881,1857.0,1857.0,,guo_los,guo_los,clinicalbert_type3_clinicalbert_pool,lr_lbfgs,2,1,auroc,0.5105861935131035
4882,1858.0,1858.0,,guo_los,guo_los,clinicalbert_type3_clinicalbert_pool,lr_lbfgs,2,1,auprc,0.2819541587331792
4883,1859.0,1859.0,,guo_los,guo_los,clinicalbert_type3_clinicalbert_pool,lr_lbfgs,2,1,brier,0.2500008417322466
4884,1860.0,1860.0,,guo_los,guo_los,clinicalbert_type3_clinicalbert_pool,lr_lbfgs,3,1,auroc,0.4107842229220144
4885,1861.0,1861.0,,guo_los,guo_los,clinicalbert_type3_clinicalbert_pool,lr_lbfgs,3,1,auprc,0.2069617696277269
4886,1862.0,1862.0,,guo_los,guo_los,clinicalbert_type3_clinicalbert_pool,lr_lbfgs,3,1,brier,0.250001520267388
4887,1863.0,1863.0,,guo_los,guo_los,clinicalbert_type3_clinicalbert_pool,lr_lbfgs,4,1,auroc,0.5750229343636155
4888,1864.0,1864.0,,guo_los,guo_los,clinicalbert_type3_clinicalbert_pool,lr_lbfgs,4,1,auprc,0.2960721677126386
4889,1865.0,1865.0,,guo_los,guo_los,clinicalbert_type3_clinicalbert_pool,lr_lbfgs,4,1,brier,0.2499992638482653
4890,1866.0,1866.0,,guo_los,guo_los,clinicalbert_type3_clinicalbert_pool,lr_lbfgs,0,2,auroc,0.4367827498301975
4891,1867.0,1867.0,,guo_los,guo_los,clinicalbert_type3_clinicalbert_pool,lr_lbfgs,0,2,auprc,0.2210408719401939
4892,1868.0,1868.0,,guo_los,guo_los,clinicalbert_type3_clinicalbert_pool,lr_lbfgs,0,2,brier,0.2499997047551449
4893,1869.0,1869.0,,guo_los,guo_los,clinicalbert_type3_clinicalbert_pool,lr_lbfgs,1,2,auroc,0.4391081619871744
4894,1870.0,1870.0,,guo_los,guo_los,clinicalbert_type3_clinicalbert_pool,lr_lbfgs,1,2,auprc,0.231846846152522
4895,1871.0,1871.0,,guo_los,guo_los,clinicalbert_type3_clinicalbert_pool,lr_lbfgs,1,2,brier,0.2514640974792769
4896,1872.0,1872.0,,guo_los,guo_los,clinicalbert_type3_clinicalbert_pool,lr_lbfgs,2,2,auroc,0.6193435920505967
4897,1873.0,1873.0,,guo_los,guo_los,clinicalbert_type3_clinicalbert_pool,lr_lbfgs,2,2,auprc,0.3410018556721658
4898,1874.0,1874.0,,guo_los,guo_los,clinicalbert_type3_clinicalbert_pool,lr_lbfgs,2,2,brier,0.250000043535602
4899,1875.0,1875.0,,guo_los,guo_los,clinicalbert_type3_clinicalbert_pool,lr_lbfgs,3,2,auroc,0.5091097938553548
4900,1876.0,1876.0,,guo_los,guo_los,clinicalbert_type3_clinicalbert_pool,lr_lbfgs,3,2,auprc,0.2864805496306404
4901,1877.0,1877.0,,guo_los,guo_los,clinicalbert_type3_clinicalbert_pool,lr_lbfgs,3,2,brier,0.2500011567603791
4902,1878.0,1878.0,,guo_los,guo_los,clinicalbert_type3_clinicalbert_pool,lr_lbfgs,4,2,auroc,0.5266336323621512
4903,1879.0,1879.0,,guo_los,guo_los,clinicalbert_type3_clinicalbert_pool,lr_lbfgs,4,2,auprc,0.2841852279259969
4904,1880.0,1880.0,,guo_los,guo_los,clinicalbert_type3_clinicalbert_pool,lr_lbfgs,4,2,brier,0.2499987040494115
4905,1881.0,1881.0,,guo_los,guo_los,clinicalbert_type3_clinicalbert_pool,lr_lbfgs,0,4,auroc,0.5615026859668157
4906,1882.0,1882.0,,guo_los,guo_los,clinicalbert_type3_clinicalbert_pool,lr_lbfgs,0,4,auprc,0.2896216064047695
4907,1883.0,1883.0,,guo_los,guo_los,clinicalbert_type3_clinicalbert_pool,lr_lbfgs,0,4,brier,0.2499985589490623
4908,1884.0,1884.0,,guo_los,guo_los,clinicalbert_type3_clinicalbert_pool,lr_lbfgs,1,4,auroc,0.5009361189764218
4909,1885.0,1885.0,,guo_los,guo_los,clinicalbert_type3_clinicalbert_pool,lr_lbfgs,1,4,auprc,0.2896328313562383
4910,1886.0,1886.0,,guo_los,guo_los,clinicalbert_type3_clinicalbert_pool,lr_lbfgs,1,4,brier,0.2310625118241135
4911,1887.0,1887.0,,guo_los,guo_los,clinicalbert_type3_clinicalbert_pool,lr_lbfgs,2,4,auroc,0.60252101581589
4912,1888.0,1888.0,,guo_los,guo_los,clinicalbert_type3_clinicalbert_pool,lr_lbfgs,2,4,auprc,0.3265558465690722
4913,1889.0,1889.0,,guo_los,guo_los,clinicalbert_type3_clinicalbert_pool,lr_lbfgs,2,4,brier,0.2316625998768524
4914,1890.0,1890.0,,guo_los,guo_los,clinicalbert_type3_clinicalbert_pool,lr_lbfgs,3,4,auroc,0.4274811012022899
4915,1891.0,1891.0,,guo_los,guo_los,clinicalbert_type3_clinicalbert_pool,lr_lbfgs,3,4,auprc,0.216660043940991
4916,1892.0,1892.0,,guo_los,guo_los,clinicalbert_type3_clinicalbert_pool,lr_lbfgs,3,4,brier,0.2500007641274319
4917,1893.0,1893.0,,guo_los,guo_los,clinicalbert_type3_clinicalbert_pool,lr_lbfgs,4,4,auroc,0.6239370804555118
4918,1894.0,1894.0,,guo_los,guo_los,clinicalbert_type3_clinicalbert_pool,lr_lbfgs,4,4,auprc,0.3412765200614898
4919,1895.0,1895.0,,guo_los,guo_los,clinicalbert_type3_clinicalbert_pool,lr_lbfgs,4,4,brier,0.2499985052953676
4920,1896.0,1896.0,,guo_los,guo_los,clinicalbert_type3_clinicalbert_pool,lr_lbfgs,0,8,auroc,0.5710623461853979
4921,1897.0,1897.0,,guo_los,guo_los,clinicalbert_type3_clinicalbert_pool,lr_lbfgs,0,8,auprc,0.2939722898714627
4922,1898.0,1898.0,,guo_los,guo_los,clinicalbert_type3_clinicalbert_pool,lr_lbfgs,0,8,brier,0.2499984881213267
4923,1899.0,1899.0,,guo_los,guo_los,clinicalbert_type3_clinicalbert_pool,lr_lbfgs,1,8,auroc,0.5105928091949157
4924,1900.0,1900.0,,guo_los,guo_los,clinicalbert_type3_clinicalbert_pool,lr_lbfgs,1,8,auprc,0.2713375679326609
4925,1901.0,1901.0,,guo_los,guo_los,clinicalbert_type3_clinicalbert_pool,lr_lbfgs,1,8,brier,0.3598789744945824
4926,1902.0,1902.0,,guo_los,guo_los,clinicalbert_type3_clinicalbert_pool,lr_lbfgs,2,8,auroc,0.5795861008935581
4927,1903.0,1903.0,,guo_los,guo_los,clinicalbert_type3_clinicalbert_pool,lr_lbfgs,2,8,auprc,0.2962427178454463
4928,1904.0,1904.0,,guo_los,guo_los,clinicalbert_type3_clinicalbert_pool,lr_lbfgs,2,8,brier,0.440985250480113
4929,1905.0,1905.0,,guo_los,guo_los,clinicalbert_type3_clinicalbert_pool,lr_lbfgs,3,8,auroc,0.4693671879823935
4930,1906.0,1906.0,,guo_los,guo_los,clinicalbert_type3_clinicalbert_pool,lr_lbfgs,3,8,auprc,0.2411780762900864
4931,1907.0,1907.0,,guo_los,guo_los,clinicalbert_type3_clinicalbert_pool,lr_lbfgs,3,8,brier,0.412977613421566
4932,1908.0,1908.0,,guo_los,guo_los,clinicalbert_type3_clinicalbert_pool,lr_lbfgs,4,8,auroc,0.6455306658904266
4933,1909.0,1909.0,,guo_los,guo_los,clinicalbert_type3_clinicalbert_pool,lr_lbfgs,4,8,auprc,0.3476383195424772
4934,1910.0,1910.0,,guo_los,guo_los,clinicalbert_type3_clinicalbert_pool,lr_lbfgs,4,8,brier,0.2499984710090364
4935,1911.0,1911.0,,guo_los,guo_los,clinicalbert_type3_clinicalbert_pool,lr_lbfgs,0,12,auroc,0.5767452168620498
4936,1912.0,1912.0,,guo_los,guo_los,clinicalbert_type3_clinicalbert_pool,lr_lbfgs,0,12,auprc,0.3007446458083503
4937,1913.0,1913.0,,guo_los,guo_los,clinicalbert_type3_clinicalbert_pool,lr_lbfgs,0,12,brier,0.2499984295777105
4938,1914.0,1914.0,,guo_los,guo_los,clinicalbert_type3_clinicalbert_pool,lr_lbfgs,1,12,auroc,0.5690412553917807
4939,1915.0,1915.0,,guo_los,guo_los,clinicalbert_type3_clinicalbert_pool,lr_lbfgs,1,12,auprc,0.3221721162176011
4940,1916.0,1916.0,,guo_los,guo_los,clinicalbert_type3_clinicalbert_pool,lr_lbfgs,1,12,brier,0.4054159924942642
4941,1917.0,1917.0,,guo_los,guo_los,clinicalbert_type3_clinicalbert_pool,lr_lbfgs,2,12,auroc,0.5916701950302998
4942,1918.0,1918.0,,guo_los,guo_los,clinicalbert_type3_clinicalbert_pool,lr_lbfgs,2,12,auprc,0.3178626942848139
4943,1919.0,1919.0,,guo_los,guo_los,clinicalbert_type3_clinicalbert_pool,lr_lbfgs,2,12,brier,0.2635050861257182
4944,1920.0,1920.0,,guo_los,guo_los,clinicalbert_type3_clinicalbert_pool,lr_lbfgs,3,12,auroc,0.5089510174918628
4945,1921.0,1921.0,,guo_los,guo_los,clinicalbert_type3_clinicalbert_pool,lr_lbfgs,3,12,auprc,0.2660028403470257
4946,1922.0,1922.0,,guo_los,guo_los,clinicalbert_type3_clinicalbert_pool,lr_lbfgs,3,12,brier,0.3854164164029418
4947,1923.0,1923.0,,guo_los,guo_los,clinicalbert_type3_clinicalbert_pool,lr_lbfgs,4,12,auroc,0.6361915283989168
4948,1924.0,1924.0,,guo_los,guo_los,clinicalbert_type3_clinicalbert_pool,lr_lbfgs,4,12,auprc,0.3365926482571153
4949,1925.0,1925.0,,guo_los,guo_los,clinicalbert_type3_clinicalbert_pool,lr_lbfgs,4,12,brier,0.2499979776144123
4950,1926.0,1926.0,,guo_los,guo_los,clinicalbert_type3_clinicalbert_pool,lr_lbfgs,0,16,auroc,0.5835141619695325
4951,1927.0,1927.0,,guo_los,guo_los,clinicalbert_type3_clinicalbert_pool,lr_lbfgs,0,16,auprc,0.2965537157191261
4952,1928.0,1928.0,,guo_los,guo_los,clinicalbert_type3_clinicalbert_pool,lr_lbfgs,0,16,brier,0.3862299601995632
4953,1929.0,1929.0,,guo_los,guo_los,clinicalbert_type3_clinicalbert_pool,lr_lbfgs,1,16,auroc,0.641951582030044
4954,1930.0,1930.0,,guo_los,guo_los,clinicalbert_type3_clinicalbert_pool,lr_lbfgs,1,16,auprc,0.3516606304048642
4955,1931.0,1931.0,,guo_los,guo_los,clinicalbert_type3_clinicalbert_pool,lr_lbfgs,1,16,brier,0.2301046001806654
4956,1932.0,1932.0,,guo_los,guo_los,clinicalbert_type3_clinicalbert_pool,lr_lbfgs,2,16,auroc,0.5112091702170826
4957,1933.0,1933.0,,guo_los,guo_los,clinicalbert_type3_clinicalbert_pool,lr_lbfgs,2,16,auprc,0.2529197230775376
4958,1934.0,1934.0,,guo_los,guo_los,clinicalbert_type3_clinicalbert_pool,lr_lbfgs,2,16,brier,0.4289405389188339
4959,1935.0,1935.0,,guo_los,guo_los,clinicalbert_type3_clinicalbert_pool,lr_lbfgs,3,16,auroc,0.5415558539963129
4960,1936.0,1936.0,,guo_los,guo_los,clinicalbert_type3_clinicalbert_pool,lr_lbfgs,3,16,auprc,0.2874835087865123
4961,1937.0,1937.0,,guo_los,guo_los,clinicalbert_type3_clinicalbert_pool,lr_lbfgs,3,16,brier,0.4237221545812077
4962,1938.0,1938.0,,guo_los,guo_los,clinicalbert_type3_clinicalbert_pool,lr_lbfgs,4,16,auroc,0.6297721118138435
4963,1939.0,1939.0,,guo_los,guo_los,clinicalbert_type3_clinicalbert_pool,lr_lbfgs,4,16,auprc,0.3355793470952237
4964,1940.0,1940.0,,guo_los,guo_los,clinicalbert_type3_clinicalbert_pool,lr_lbfgs,4,16,brier,0.2499978856986921
4965,1941.0,1941.0,,guo_los,guo_los,clinicalbert_type3_clinicalbert_pool,lr_lbfgs,0,24,auroc,0.5742566178870394
4966,1942.0,1942.0,,guo_los,guo_los,clinicalbert_type3_clinicalbert_pool,lr_lbfgs,0,24,auprc,0.3025677863861734
4967,1943.0,1943.0,,guo_los,guo_los,clinicalbert_type3_clinicalbert_pool,lr_lbfgs,0,24,brier,0.244409781540392
4968,1944.0,1944.0,,guo_los,guo_los,clinicalbert_type3_clinicalbert_pool,lr_lbfgs,1,24,auroc,0.5939845810509231
4969,1945.0,1945.0,,guo_los,guo_los,clinicalbert_type3_clinicalbert_pool,lr_lbfgs,1,24,auprc,0.3293568914014257
4970,1946.0,1946.0,,guo_los,guo_los,clinicalbert_type3_clinicalbert_pool,lr_lbfgs,1,24,brier,0.3752653697614975
4971,1947.0,1947.0,,guo_los,guo_los,clinicalbert_type3_clinicalbert_pool,lr_lbfgs,2,24,auroc,0.6188066192101758
4972,1948.0,1948.0,,guo_los,guo_los,clinicalbert_type3_clinicalbert_pool,lr_lbfgs,2,24,auprc,0.3526738819457544
4973,1949.0,1949.0,,guo_los,guo_los,clinicalbert_type3_clinicalbert_pool,lr_lbfgs,2,24,brier,0.2559945463417591
4974,1950.0,1950.0,,guo_los,guo_los,clinicalbert_type3_clinicalbert_pool,lr_lbfgs,3,24,auroc,0.5376812696816534
4975,1951.0,1951.0,,guo_los,guo_los,clinicalbert_type3_clinicalbert_pool,lr_lbfgs,3,24,auprc,0.2849667420698357
4976,1952.0,1952.0,,guo_los,guo_los,clinicalbert_type3_clinicalbert_pool,lr_lbfgs,3,24,brier,0.4528312504603718
4977,1953.0,1953.0,,guo_los,guo_los,clinicalbert_type3_clinicalbert_pool,lr_lbfgs,4,24,auroc,0.6444302574823362
4978,1954.0,1954.0,,guo_los,guo_los,clinicalbert_type3_clinicalbert_pool,lr_lbfgs,4,24,auprc,0.3564258819659964
4979,1955.0,1955.0,,guo_los,guo_los,clinicalbert_type3_clinicalbert_pool,lr_lbfgs,4,24,brier,0.2447238021297191
4980,1956.0,1956.0,,guo_los,guo_los,clinicalbert_type3_clinicalbert_pool,lr_lbfgs,0,32,auroc,0.6199279772773383
4981,1957.0,1957.0,,guo_los,guo_los,clinicalbert_type3_clinicalbert_pool,lr_lbfgs,0,32,auprc,0.3331813615288442
4982,1958.0,1958.0,,guo_los,guo_los,clinicalbert_type3_clinicalbert_pool,lr_lbfgs,0,32,brier,0.2399890703219482
4983,1959.0,1959.0,,guo_los,guo_los,clinicalbert_type3_clinicalbert_pool,lr_lbfgs,1,32,auroc,0.6170887471662829
4984,1960.0,1960.0,,guo_los,guo_los,clinicalbert_type3_clinicalbert_pool,lr_lbfgs,1,32,auprc,0.3398394547524488
4985,1961.0,1961.0,,guo_los,guo_los,clinicalbert_type3_clinicalbert_pool,lr_lbfgs,1,32,brier,0.2499975092231166
4986,1962.0,1962.0,,guo_los,guo_los,clinicalbert_type3_clinicalbert_pool,lr_lbfgs,2,32,auroc,0.6467843375938324
4987,1963.0,1963.0,,guo_los,guo_los,clinicalbert_type3_clinicalbert_pool,lr_lbfgs,2,32,auprc,0.3820741304103343
4988,1964.0,1964.0,,guo_los,guo_los,clinicalbert_type3_clinicalbert_pool,lr_lbfgs,2,32,brier,0.2384838075916897
4989,1965.0,1965.0,,guo_los,guo_los,clinicalbert_type3_clinicalbert_pool,lr_lbfgs,3,32,auroc,0.5487542671147688
4990,1966.0,1966.0,,guo_los,guo_los,clinicalbert_type3_clinicalbert_pool,lr_lbfgs,3,32,auprc,0.2957161329475342
4991,1967.0,1967.0,,guo_los,guo_los,clinicalbert_type3_clinicalbert_pool,lr_lbfgs,3,32,brier,0.4464994626630126
4992,1968.0,1968.0,,guo_los,guo_los,clinicalbert_type3_clinicalbert_pool,lr_lbfgs,4,32,auroc,0.6348474423774114
4993,1969.0,1969.0,,guo_los,guo_los,clinicalbert_type3_clinicalbert_pool,lr_lbfgs,4,32,auprc,0.3565697455162278
4994,1970.0,1970.0,,guo_los,guo_los,clinicalbert_type3_clinicalbert_pool,lr_lbfgs,4,32,brier,0.2311191359280935
4995,1971.0,1971.0,,guo_los,guo_los,clinicalbert_type3_clinicalbert_pool,lr_lbfgs,0,48,auroc,0.6027415385429623
4996,1972.0,1972.0,,guo_los,guo_los,clinicalbert_type3_clinicalbert_pool,lr_lbfgs,0,48,auprc,0.3186026543093139
4997,1973.0,1973.0,,guo_los,guo_los,clinicalbert_type3_clinicalbert_pool,lr_lbfgs,0,48,brier,0.2364789290091601
4998,1974.0,1974.0,,guo_los,guo_los,clinicalbert_type3_clinicalbert_pool,lr_lbfgs,1,48,auroc,0.6380428166926884
4999,1975.0,1975.0,,guo_los,guo_los,clinicalbert_type3_clinicalbert_pool,lr_lbfgs,1,48,auprc,0.3620295045259721
5000,1976.0,1976.0,,guo_los,guo_los,clinicalbert_type3_clinicalbert_pool,lr_lbfgs,1,48,brier,0.2483402584152484
5001,1977.0,1977.0,,guo_los,guo_los,clinicalbert_type3_clinicalbert_pool,lr_lbfgs,2,48,auroc,0.6925692661885733
5002,1978.0,1978.0,,guo_los,guo_los,clinicalbert_type3_clinicalbert_pool,lr_lbfgs,2,48,auprc,0.4113883583716431
5003,1979.0,1979.0,,guo_los,guo_los,clinicalbert_type3_clinicalbert_pool,lr_lbfgs,2,48,brier,0.2220013307925737
5004,1980.0,1980.0,,guo_los,guo_los,clinicalbert_type3_clinicalbert_pool,lr_lbfgs,3,48,auroc,0.5818822937891979
5005,1981.0,1981.0,,guo_los,guo_los,clinicalbert_type3_clinicalbert_pool,lr_lbfgs,3,48,auprc,0.3180124467698481
5006,1982.0,1982.0,,guo_los,guo_los,clinicalbert_type3_clinicalbert_pool,lr_lbfgs,3,48,brier,0.4336045486378415
5007,1983.0,1983.0,,guo_los,guo_los,clinicalbert_type3_clinicalbert_pool,lr_lbfgs,4,48,auroc,0.6220968182980939
5008,1984.0,1984.0,,guo_los,guo_los,clinicalbert_type3_clinicalbert_pool,lr_lbfgs,4,48,auprc,0.3474269170477611
5009,1985.0,1985.0,,guo_los,guo_los,clinicalbert_type3_clinicalbert_pool,lr_lbfgs,4,48,brier,0.2497225150696426
5010,1986.0,1986.0,,guo_los,guo_los,clinicalbert_type3_clinicalbert_pool,lr_lbfgs,0,64,auroc,0.6128503003519542
5011,1987.0,1987.0,,guo_los,guo_los,clinicalbert_type3_clinicalbert_pool,lr_lbfgs,0,64,auprc,0.3246033106150151
5012,1988.0,1988.0,,guo_los,guo_los,clinicalbert_type3_clinicalbert_pool,lr_lbfgs,0,64,brier,0.2436935492624627
5013,1989.0,1989.0,,guo_los,guo_los,clinicalbert_type3_clinicalbert_pool,lr_lbfgs,1,64,auroc,0.6531574444062205
5014,1990.0,1990.0,,guo_los,guo_los,clinicalbert_type3_clinicalbert_pool,lr_lbfgs,1,64,auprc,0.3613996669435323
5015,1991.0,1991.0,,guo_los,guo_los,clinicalbert_type3_clinicalbert_pool,lr_lbfgs,1,64,brier,0.2499950706215528
5016,1992.0,1992.0,,guo_los,guo_los,clinicalbert_type3_clinicalbert_pool,lr_lbfgs,2,64,auroc,0.6669279860982473
5017,1993.0,1993.0,,guo_los,guo_los,clinicalbert_type3_clinicalbert_pool,lr_lbfgs,2,64,auprc,0.3804131929629006
5018,1994.0,1994.0,,guo_los,guo_los,clinicalbert_type3_clinicalbert_pool,lr_lbfgs,2,64,brier,0.2339751147023983
5019,1995.0,1995.0,,guo_los,guo_los,clinicalbert_type3_clinicalbert_pool,lr_lbfgs,3,64,auroc,0.5656777324971112
5020,1996.0,1996.0,,guo_los,guo_los,clinicalbert_type3_clinicalbert_pool,lr_lbfgs,3,64,auprc,0.3175314730470112
5021,1997.0,1997.0,,guo_los,guo_los,clinicalbert_type3_clinicalbert_pool,lr_lbfgs,3,64,brier,0.4396369811535558
5022,1998.0,1998.0,,guo_los,guo_los,clinicalbert_type3_clinicalbert_pool,lr_lbfgs,4,64,auroc,0.6234508278423174
5023,1999.0,1999.0,,guo_los,guo_los,clinicalbert_type3_clinicalbert_pool,lr_lbfgs,4,64,auprc,0.3559881152882969
5024,2000.0,2000.0,,guo_los,guo_los,clinicalbert_type3_clinicalbert_pool,lr_lbfgs,4,64,brier,0.2634721375611396
5025,2001.0,2001.0,,guo_los,guo_los,clinicalbert_type3_clinicalbert_pool,lr_lbfgs,0,128,auroc,0.5989816260463803
5026,2002.0,2002.0,,guo_los,guo_los,clinicalbert_type3_clinicalbert_pool,lr_lbfgs,0,128,auprc,0.337480596754163
5027,2003.0,2003.0,,guo_los,guo_los,clinicalbert_type3_clinicalbert_pool,lr_lbfgs,0,128,brier,0.3781289629516002
5028,2004.0,2004.0,,guo_los,guo_los,clinicalbert_type3_clinicalbert_pool,lr_lbfgs,1,128,auroc,0.6530019758836346
5029,2005.0,2005.0,,guo_los,guo_los,clinicalbert_type3_clinicalbert_pool,lr_lbfgs,1,128,auprc,0.3583788184596034
5030,2006.0,2006.0,,guo_los,guo_los,clinicalbert_type3_clinicalbert_pool,lr_lbfgs,1,128,brier,0.2450667267728221
5031,2007.0,2007.0,,guo_los,guo_los,clinicalbert_type3_clinicalbert_pool,lr_lbfgs,2,128,auroc,0.6883627951696702
5032,2008.0,2008.0,,guo_los,guo_los,clinicalbert_type3_clinicalbert_pool,lr_lbfgs,2,128,auprc,0.3878172833806669
5033,2009.0,2009.0,,guo_los,guo_los,clinicalbert_type3_clinicalbert_pool,lr_lbfgs,2,128,brier,0.2188773429819786
5034,2010.0,2010.0,,guo_los,guo_los,clinicalbert_type3_clinicalbert_pool,lr_lbfgs,3,128,auroc,0.6353800047632908
5035,2011.0,2011.0,,guo_los,guo_los,clinicalbert_type3_clinicalbert_pool,lr_lbfgs,3,128,auprc,0.3505115394267987
5036,2012.0,2012.0,,guo_los,guo_los,clinicalbert_type3_clinicalbert_pool,lr_lbfgs,3,128,brier,0.2305197496657337
5037,2013.0,2013.0,,guo_los,guo_los,clinicalbert_type3_clinicalbert_pool,lr_lbfgs,4,128,auroc,0.651818871452892
5038,2014.0,2014.0,,guo_los,guo_los,clinicalbert_type3_clinicalbert_pool,lr_lbfgs,4,128,auprc,0.375308726873034
5039,2015.0,2015.0,,guo_los,guo_los,clinicalbert_type3_clinicalbert_pool,lr_lbfgs,4,128,brier,0.239267608905665
5040,2016.0,2016.0,,guo_los,guo_los,clinicalbert_type3_clinicalbert_pool,knn,0,-1,auroc,0.6372450757275046
5041,2017.0,2017.0,,guo_los,guo_los,clinicalbert_type3_clinicalbert_pool,knn,0,-1,auprc,0.3393702313993633
5042,2018.0,2018.0,,guo_los,guo_los,clinicalbert_type3_clinicalbert_pool,knn,0,-1,brier,0.2026937331687164
5043,2019.0,2019.0,,guo_los,guo_los,clinicalbert_type3_clinicalbert_pool,knn,0,1,auroc,0.4516801626575635
5044,2020.0,2020.0,,guo_los,guo_los,clinicalbert_type3_clinicalbert_pool,knn,0,1,auprc,0.2378887161833821
5045,2021.0,2021.0,,guo_los,guo_los,clinicalbert_type3_clinicalbert_pool,knn,0,1,brier,0.4300683371298405
5046,2022.0,2022.0,,guo_los,guo_los,clinicalbert_type3_clinicalbert_pool,knn,1,1,auroc,0.4993913572732806
5047,2023.0,2023.0,,guo_los,guo_los,clinicalbert_type3_clinicalbert_pool,knn,1,1,auprc,0.2514806378132118
5048,2024.0,2024.0,,guo_los,guo_los,clinicalbert_type3_clinicalbert_pool,knn,1,1,brier,0.2523917995444191
5049,2025.0,2025.0,,guo_los,guo_los,clinicalbert_type3_clinicalbert_pool,knn,2,1,auroc,0.4846990305820917
5050,2026.0,2026.0,,guo_los,guo_los,clinicalbert_type3_clinicalbert_pool,knn,2,1,auprc,0.2458993016145777
5051,2027.0,2027.0,,guo_los,guo_los,clinicalbert_type3_clinicalbert_pool,knn,2,1,brier,0.6291571753986333
5052,2028.0,2028.0,,guo_los,guo_los,clinicalbert_type3_clinicalbert_pool,knn,3,1,auroc,0.4478050270360863
5053,2029.0,2029.0,,guo_los,guo_los,clinicalbert_type3_clinicalbert_pool,knn,3,1,auprc,0.2341709234086765
5054,2030.0,2030.0,,guo_los,guo_los,clinicalbert_type3_clinicalbert_pool,knn,3,1,brier,0.6168564920273348
5055,2031.0,2031.0,,guo_los,guo_los,clinicalbert_type3_clinicalbert_pool,knn,4,1,auroc,0.5479769245018391
5056,2032.0,2032.0,,guo_los,guo_los,clinicalbert_type3_clinicalbert_pool,knn,4,1,auprc,0.2721721188131633
5057,2033.0,2033.0,,guo_los,guo_los,clinicalbert_type3_clinicalbert_pool,knn,4,1,brier,0.4605922551252847
5058,2034.0,2034.0,,guo_los,guo_los,clinicalbert_type3_clinicalbert_pool,knn,0,2,auroc,0.4877786304656557
5059,2035.0,2035.0,,guo_los,guo_los,clinicalbert_type3_clinicalbert_pool,knn,0,2,auprc,0.2470275213270877
5060,2036.0,2036.0,,guo_los,guo_los,clinicalbert_type3_clinicalbert_pool,knn,0,2,brier,0.543507972665148
5061,2037.0,2037.0,,guo_los,guo_los,clinicalbert_type3_clinicalbert_pool,knn,1,2,auroc,0.5002497419884093
5062,2038.0,2038.0,,guo_los,guo_los,clinicalbert_type3_clinicalbert_pool,knn,1,2,auprc,0.2515748036952013
5063,2039.0,2039.0,,guo_los,guo_los,clinicalbert_type3_clinicalbert_pool,knn,1,2,brier,0.3726651480637813
5064,2040.0,2040.0,,guo_los,guo_los,clinicalbert_type3_clinicalbert_pool,knn,2,2,auroc,0.5738541639101326
5065,2041.0,2041.0,,guo_los,guo_los,clinicalbert_type3_clinicalbert_pool,knn,2,2,auprc,0.2837864376653862
5066,2042.0,2042.0,,guo_los,guo_los,clinicalbert_type3_clinicalbert_pool,knn,2,2,brier,0.5353075170842825
5067,2043.0,2043.0,,guo_los,guo_los,clinicalbert_type3_clinicalbert_pool,knn,3,2,auroc,0.4948673335273934
5068,2044.0,2044.0,,guo_los,guo_los,clinicalbert_type3_clinicalbert_pool,knn,3,2,auprc,0.2495725416373199
5069,2045.0,2045.0,,guo_los,guo_los,clinicalbert_type3_clinicalbert_pool,knn,3,2,brier,0.5599088838268793
5070,2046.0,2046.0,,guo_los,guo_los,clinicalbert_type3_clinicalbert_pool,knn,4,2,auroc,0.5563402489260543
5071,2047.0,2047.0,,guo_los,guo_los,clinicalbert_type3_clinicalbert_pool,knn,4,2,auprc,0.2761269549470457
5072,2048.0,2048.0,,guo_los,guo_los,clinicalbert_type3_clinicalbert_pool,knn,4,2,brier,0.467881548974943
5073,2049.0,2049.0,,guo_los,guo_los,clinicalbert_type3_clinicalbert_pool,knn,0,4,auroc,0.5432500198470454
5074,2050.0,2050.0,,guo_los,guo_los,clinicalbert_type3_clinicalbert_pool,knn,0,4,auprc,0.2768625306697229
5075,2051.0,2051.0,,guo_los,guo_los,clinicalbert_type3_clinicalbert_pool,knn,0,4,brier,0.2137089390565258
5076,2052.0,2052.0,,guo_los,guo_los,clinicalbert_type3_clinicalbert_pool,knn,1,4,auroc,0.5425972725749116
5077,2053.0,2053.0,,guo_los,guo_los,clinicalbert_type3_clinicalbert_pool,knn,1,4,auprc,0.2995725494950135
5078,2054.0,2054.0,,guo_los,guo_los,clinicalbert_type3_clinicalbert_pool,knn,1,4,brier,0.2139636727718825
5079,2055.0,2055.0,,guo_los,guo_los,clinicalbert_type3_clinicalbert_pool,knn,2,4,auroc,0.5674771979500207
5080,2056.0,2056.0,,guo_los,guo_los,clinicalbert_type3_clinicalbert_pool,knn,2,4,auprc,0.2802461592265625
5081,2057.0,2057.0,,guo_los,guo_los,clinicalbert_type3_clinicalbert_pool,knn,2,4,brier,0.314401417362693
5082,2058.0,2058.0,,guo_los,guo_los,clinicalbert_type3_clinicalbert_pool,knn,3,4,auroc,0.4451416637998712
5083,2059.0,2059.0,,guo_los,guo_los,clinicalbert_type3_clinicalbert_pool,knn,3,4,auprc,0.2338350285483369
5084,2060.0,2060.0,,guo_los,guo_los,clinicalbert_type3_clinicalbert_pool,knn,3,4,brier,0.5731207289293849
5085,2061.0,2061.0,,guo_los,guo_los,clinicalbert_type3_clinicalbert_pool,knn,4,4,auroc,0.5764397928850548
5086,2062.0,2062.0,,guo_los,guo_los,clinicalbert_type3_clinicalbert_pool,knn,4,4,auprc,0.2870202688428017
5087,2063.0,2063.0,,guo_los,guo_los,clinicalbert_type3_clinicalbert_pool,knn,4,4,brier,0.4359908883826879
5088,2064.0,2064.0,,guo_los,guo_los,clinicalbert_type3_clinicalbert_pool,knn,0,8,auroc,0.5496909373980082
5089,2065.0,2065.0,,guo_los,guo_los,clinicalbert_type3_clinicalbert_pool,knn,0,8,auprc,0.2857293022781948
5090,2066.0,2066.0,,guo_los,guo_los,clinicalbert_type3_clinicalbert_pool,knn,0,8,brier,0.2494495208192422
5091,2067.0,2067.0,,guo_los,guo_los,clinicalbert_type3_clinicalbert_pool,knn,1,8,auroc,0.5294706572459358
5092,2068.0,2068.0,,guo_los,guo_los,clinicalbert_type3_clinicalbert_pool,knn,1,8,auprc,0.2656328710992296
5093,2069.0,2069.0,,guo_los,guo_los,clinicalbert_type3_clinicalbert_pool,knn,1,8,brier,0.2693838378802157
5094,2070.0,2070.0,,guo_los,guo_los,clinicalbert_type3_clinicalbert_pool,knn,2,8,auroc,0.5781097012358094
5095,2071.0,2071.0,,guo_los,guo_los,clinicalbert_type3_clinicalbert_pool,knn,2,8,auprc,0.2956514165408372
5096,2072.0,2072.0,,guo_los,guo_los,clinicalbert_type3_clinicalbert_pool,knn,2,8,brier,0.2569840546697038
5097,2073.0,2073.0,,guo_los,guo_los,clinicalbert_type3_clinicalbert_pool,knn,3,8,auroc,0.472770404967936
5098,2074.0,2074.0,,guo_los,guo_los,clinicalbert_type3_clinicalbert_pool,knn,3,8,auprc,0.2420047007816794
5099,2075.0,2075.0,,guo_los,guo_los,clinicalbert_type3_clinicalbert_pool,knn,3,8,brier,0.5398633257403189
5100,2076.0,2076.0,,guo_los,guo_los,clinicalbert_type3_clinicalbert_pool,knn,4,8,auroc,0.5969065071846305
5101,2077.0,2077.0,,guo_los,guo_los,clinicalbert_type3_clinicalbert_pool,knn,4,8,auprc,0.2977855130859672
5102,2078.0,2078.0,,guo_los,guo_los,clinicalbert_type3_clinicalbert_pool,knn,4,8,brier,0.2465198683877499
5103,2079.0,2079.0,,guo_los,guo_los,clinicalbert_type3_clinicalbert_pool,knn,0,12,auroc,0.5394526184868612
5104,2080.0,2080.0,,guo_los,guo_los,clinicalbert_type3_clinicalbert_pool,knn,0,12,auprc,0.2698820578390464
5105,2081.0,2081.0,,guo_los,guo_los,clinicalbert_type3_clinicalbert_pool,knn,0,12,brier,0.2436996929753696
5106,2082.0,2082.0,,guo_los,guo_los,clinicalbert_type3_clinicalbert_pool,knn,1,12,auroc,0.55781499466335
5107,2083.0,2083.0,,guo_los,guo_los,clinicalbert_type3_clinicalbert_pool,knn,1,12,auprc,0.2787838109349275
5108,2084.0,2084.0,,guo_los,guo_los,clinicalbert_type3_clinicalbert_pool,knn,1,12,brier,0.2660172228464994
5109,2085.0,2085.0,,guo_los,guo_los,clinicalbert_type3_clinicalbert_pool,knn,2,12,auroc,0.5713776936851112
5110,2086.0,2086.0,,guo_los,guo_los,clinicalbert_type3_clinicalbert_pool,knn,2,12,auprc,0.3049127993323844
5111,2087.0,2087.0,,guo_los,guo_los,clinicalbert_type3_clinicalbert_pool,knn,2,12,brier,0.2546463064629773
5112,2088.0,2088.0,,guo_los,guo_los,clinicalbert_type3_clinicalbert_pool,knn,3,12,auroc,0.5078246976633412
5113,2089.0,2089.0,,guo_los,guo_los,clinicalbert_type3_clinicalbert_pool,knn,3,12,auprc,0.2544995613017055
5114,2090.0,2090.0,,guo_los,guo_los,clinicalbert_type3_clinicalbert_pool,knn,3,12,brier,0.4801822323462414
5115,2091.0,2091.0,,guo_los,guo_los,clinicalbert_type3_clinicalbert_pool,knn,4,12,auroc,0.5941190999144372
5116,2092.0,2092.0,,guo_los,guo_los,clinicalbert_type3_clinicalbert_pool,knn,4,12,auprc,0.3088842275507634
5117,2093.0,2093.0,,guo_los,guo_los,clinicalbert_type3_clinicalbert_pool,knn,4,12,brier,0.2370539180754288
5118,2094.0,2094.0,,guo_los,guo_los,clinicalbert_type3_clinicalbert_pool,knn,0,16,auroc,0.5386482618398652
5119,2095.0,2095.0,,guo_los,guo_los,clinicalbert_type3_clinicalbert_pool,knn,0,16,auprc,0.2739206253502158
5120,2096.0,2096.0,,guo_los,guo_los,clinicalbert_type3_clinicalbert_pool,knn,0,16,brier,0.2544407305853004
5121,2097.0,2097.0,,guo_los,guo_los,clinicalbert_type3_clinicalbert_pool,knn,1,16,auroc,0.5573392168796917
5122,2098.0,2098.0,,guo_los,guo_los,clinicalbert_type3_clinicalbert_pool,knn,1,16,auprc,0.2757734308331255
5123,2099.0,2099.0,,guo_los,guo_los,clinicalbert_type3_clinicalbert_pool,knn,1,16,brier,0.3152113389015439
5124,2100.0,2100.0,,guo_los,guo_los,clinicalbert_type3_clinicalbert_pool,knn,2,16,auroc,0.5690351910167861
5125,2101.0,2101.0,,guo_los,guo_los,clinicalbert_type3_clinicalbert_pool,knn,2,16,auprc,0.2830220940854406
5126,2102.0,2102.0,,guo_los,guo_los,clinicalbert_type3_clinicalbert_pool,knn,2,16,brier,0.2580774487471526
5127,2103.0,2103.0,,guo_los,guo_los,clinicalbert_type3_clinicalbert_pool,knn,3,16,auroc,0.5156797172016548
5128,2104.0,2104.0,,guo_los,guo_los,clinicalbert_type3_clinicalbert_pool,knn,3,16,auprc,0.2576755654096404
5129,2105.0,2105.0,,guo_los,guo_los,clinicalbert_type3_clinicalbert_pool,knn,3,16,brier,0.475626423690205
5130,2106.0,2106.0,,guo_los,guo_los,clinicalbert_type3_clinicalbert_pool,knn,4,16,auroc,0.6039268482009756
5131,2107.0,2107.0,,guo_los,guo_los,clinicalbert_type3_clinicalbert_pool,knn,4,16,auprc,0.3127127253775014
5132,2108.0,2108.0,,guo_los,guo_los,clinicalbert_type3_clinicalbert_pool,knn,4,16,brier,0.2528504812020369
5133,2109.0,2109.0,,guo_los,guo_los,clinicalbert_type3_clinicalbert_pool,knn,0,24,auroc,0.5374679139432109
5134,2110.0,2110.0,,guo_los,guo_los,clinicalbert_type3_clinicalbert_pool,knn,0,24,auprc,0.2705782674256936
5135,2111.0,2111.0,,guo_los,guo_los,clinicalbert_type3_clinicalbert_pool,knn,0,24,brier,0.2458861047835991
5136,2112.0,2112.0,,guo_los,guo_los,clinicalbert_type3_clinicalbert_pool,knn,1,24,auroc,0.5944669745163936
5137,2113.0,2113.0,,guo_los,guo_los,clinicalbert_type3_clinicalbert_pool,knn,1,24,auprc,0.2982143946609197
5138,2114.0,2114.0,,guo_los,guo_los,clinicalbert_type3_clinicalbert_pool,knn,1,24,brier,0.271125284738041
5139,2115.0,2115.0,,guo_los,guo_los,clinicalbert_type3_clinicalbert_pool,knn,2,24,auroc,0.5276629221907609
5140,2116.0,2116.0,,guo_los,guo_los,clinicalbert_type3_clinicalbert_pool,knn,2,24,auprc,0.2629032455117909
5141,2117.0,2117.0,,guo_los,guo_los,clinicalbert_type3_clinicalbert_pool,knn,2,24,brier,0.4432801822323462
5142,2118.0,2118.0,,guo_los,guo_los,clinicalbert_type3_clinicalbert_pool,knn,3,24,auroc,0.5393015604188167
5143,2119.0,2119.0,,guo_los,guo_los,clinicalbert_type3_clinicalbert_pool,knn,3,24,auprc,0.2784938642055037
5144,2120.0,2120.0,,guo_los,guo_los,clinicalbert_type3_clinicalbert_pool,knn,3,24,brier,0.3103360561349785
5145,2121.0,2121.0,,guo_los,guo_los,clinicalbert_type3_clinicalbert_pool,knn,4,24,auroc,0.5703296594247003
5146,2122.0,2122.0,,guo_los,guo_los,clinicalbert_type3_clinicalbert_pool,knn,4,24,auprc,0.2962768317513815
5147,2123.0,2123.0,,guo_los,guo_los,clinicalbert_type3_clinicalbert_pool,knn,4,24,brier,0.2772968868640851
5148,2124.0,2124.0,,guo_los,guo_los,clinicalbert_type3_clinicalbert_pool,knn,0,32,auroc,0.5643386082369649
5149,2125.0,2125.0,,guo_los,guo_los,clinicalbert_type3_clinicalbert_pool,knn,0,32,auprc,0.2827611605291182
5150,2126.0,2126.0,,guo_los,guo_los,clinicalbert_type3_clinicalbert_pool,knn,0,32,brier,0.2366104783599089
5151,2127.0,2127.0,,guo_los,guo_los,clinicalbert_type3_clinicalbert_pool,knn,1,32,auroc,0.5755284827154287
5152,2128.0,2128.0,,guo_los,guo_los,clinicalbert_type3_clinicalbert_pool,knn,1,32,auprc,0.2856456869631517
5153,2129.0,2129.0,,guo_los,guo_los,clinicalbert_type3_clinicalbert_pool,knn,1,32,brier,0.2867790432801822
5154,2130.0,2130.0,,guo_los,guo_los,clinicalbert_type3_clinicalbert_pool,knn,2,32,auroc,0.5354429640018701
5155,2131.0,2131.0,,guo_los,guo_los,clinicalbert_type3_clinicalbert_pool,knn,2,32,auprc,0.2667238897204048
5156,2132.0,2132.0,,guo_los,guo_los,clinicalbert_type3_clinicalbert_pool,knn,2,32,brier,0.4100227790432801
5157,2133.0,2133.0,,guo_los,guo_los,clinicalbert_type3_clinicalbert_pool,knn,3,32,auroc,0.5502516164315894
5158,2134.0,2134.0,,guo_los,guo_los,clinicalbert_type3_clinicalbert_pool,knn,3,32,auprc,0.2819343606580721
5159,2135.0,2135.0,,guo_los,guo_los,clinicalbert_type3_clinicalbert_pool,knn,3,32,brier,0.2990095007367601
5160,2136.0,2136.0,,guo_los,guo_los,clinicalbert_type3_clinicalbert_pool,knn,4,32,auroc,0.6353507855019539
5161,2137.0,2137.0,,guo_los,guo_los,clinicalbert_type3_clinicalbert_pool,knn,4,32,auprc,0.3519241059691428
5162,2138.0,2138.0,,guo_los,guo_los,clinicalbert_type3_clinicalbert_pool,knn,4,32,brier,0.2575291652655431
5163,2139.0,2139.0,,guo_los,guo_los,clinicalbert_type3_clinicalbert_pool,knn,0,48,auroc,0.5660140296558963
5164,2140.0,2140.0,,guo_los,guo_los,clinicalbert_type3_clinicalbert_pool,knn,0,48,auprc,0.2852832409829299
5165,2141.0,2141.0,,guo_los,guo_los,clinicalbert_type3_clinicalbert_pool,knn,0,48,brier,0.2661572926894948
5166,2142.0,2142.0,,guo_los,guo_los,clinicalbert_type3_clinicalbert_pool,knn,1,48,auroc,0.5960574946854023
5167,2143.0,2143.0,,guo_los,guo_los,clinicalbert_type3_clinicalbert_pool,knn,1,48,auprc,0.2923900043550532
5168,2144.0,2144.0,,guo_los,guo_los,clinicalbert_type3_clinicalbert_pool,knn,1,48,brier,0.2816806167720599
5169,2145.0,2145.0,,guo_los,guo_los,clinicalbert_type3_clinicalbert_pool,knn,2,48,auroc,0.5977356726384221
5170,2146.0,2146.0,,guo_los,guo_los,clinicalbert_type3_clinicalbert_pool,knn,2,48,auprc,0.3109708963797447
5171,2147.0,2147.0,,guo_los,guo_los,clinicalbert_type3_clinicalbert_pool,knn,2,48,brier,0.2381217753783584
5172,2148.0,2148.0,,guo_los,guo_los,clinicalbert_type3_clinicalbert_pool,knn,3,48,auroc,0.5418585214392195
5173,2149.0,2149.0,,guo_los,guo_los,clinicalbert_type3_clinicalbert_pool,knn,3,48,auprc,0.2695162352353043
5174,2150.0,2150.0,,guo_los,guo_los,clinicalbert_type3_clinicalbert_pool,knn,3,48,brier,0.4355353075170843
5175,2151.0,2151.0,,guo_los,guo_los,clinicalbert_type3_clinicalbert_pool,knn,4,48,auroc,0.6328897518678276
5176,2152.0,2152.0,,guo_los,guo_los,clinicalbert_type3_clinicalbert_pool,knn,4,48,auprc,0.3615130873086312
5177,2153.0,2153.0,,guo_los,guo_los,clinicalbert_type3_clinicalbert_pool,knn,4,48,brier,0.2489387003101686
5178,2154.0,2154.0,,guo_los,guo_los,clinicalbert_type3_clinicalbert_pool,knn,0,64,auroc,0.5755284827154287
5179,2155.0,2155.0,,guo_los,guo_los,clinicalbert_type3_clinicalbert_pool,knn,0,64,auprc,0.2924438386152761
5180,2156.0,2156.0,,guo_los,guo_los,clinicalbert_type3_clinicalbert_pool,knn,0,64,brier,0.2545419513157911
5181,2157.0,2157.0,,guo_los,guo_los,clinicalbert_type3_clinicalbert_pool,knn,1,64,auroc,0.5989750103645681
5182,2158.0,2158.0,,guo_los,guo_los,clinicalbert_type3_clinicalbert_pool,knn,1,64,auprc,0.3080642999906487
5183,2159.0,2159.0,,guo_los,guo_los,clinicalbert_type3_clinicalbert_pool,knn,1,64,brier,0.2874138016172694
5184,2160.0,2160.0,,guo_los,guo_los,clinicalbert_type3_clinicalbert_pool,knn,2,64,auroc,0.5982616193424894
5185,2161.0,2161.0,,guo_los,guo_los,clinicalbert_type3_clinicalbert_pool,knn,2,64,auprc,0.3164384614150976
5186,2162.0,2162.0,,guo_los,guo_los,clinicalbert_type3_clinicalbert_pool,knn,2,64,brier,0.2457853101549912
5187,2163.0,2163.0,,guo_los,guo_los,clinicalbert_type3_clinicalbert_pool,knn,3,64,auroc,0.544640415641236
5188,2164.0,2164.0,,guo_los,guo_los,clinicalbert_type3_clinicalbert_pool,knn,3,64,auprc,0.2709692335452387
5189,2165.0,2165.0,,guo_los,guo_los,clinicalbert_type3_clinicalbert_pool,knn,3,64,brier,0.4259681093394077
5190,2166.0,2166.0,,guo_los,guo_los,clinicalbert_type3_clinicalbert_pool,knn,4,64,auroc,0.6184422054036889
5191,2167.0,2167.0,,guo_los,guo_los,clinicalbert_type3_clinicalbert_pool,knn,4,64,auprc,0.3481844748063754
5192,2168.0,2168.0,,guo_los,guo_los,clinicalbert_type3_clinicalbert_pool,knn,4,64,brier,0.2516431145480031
5193,2169.0,2169.0,,guo_los,guo_los,clinicalbert_type3_clinicalbert_pool,knn,0,128,auroc,0.5492085439325377
5194,2170.0,2170.0,,guo_los,guo_los,clinicalbert_type3_clinicalbert_pool,knn,0,128,auprc,0.2728035133589491
5195,2171.0,2171.0,,guo_los,guo_los,clinicalbert_type3_clinicalbert_pool,knn,0,128,brier,0.4569476082004556
5196,2172.0,2172.0,,guo_los,guo_los,clinicalbert_type3_clinicalbert_pool,knn,1,128,auroc,0.6141783984757468
5197,2173.0,2173.0,,guo_los,guo_los,clinicalbert_type3_clinicalbert_pool,knn,1,128,auprc,0.3131377342563763
5198,2174.0,2174.0,,guo_los,guo_los,clinicalbert_type3_clinicalbert_pool,knn,1,128,brier,0.2453576309794989
5199,2175.0,2175.0,,guo_los,guo_los,clinicalbert_type3_clinicalbert_pool,knn,2,128,auroc,0.607523573879524
5200,2176.0,2176.0,,guo_los,guo_los,clinicalbert_type3_clinicalbert_pool,knn,2,128,auprc,0.3108854914151475
5201,2177.0,2177.0,,guo_los,guo_los,clinicalbert_type3_clinicalbert_pool,knn,2,128,brier,0.2543052391799544
5202,2178.0,2178.0,,guo_los,guo_los,clinicalbert_type3_clinicalbert_pool,knn,3,128,auroc,0.5854872890700116
5203,2179.0,2179.0,,guo_los,guo_los,clinicalbert_type3_clinicalbert_pool,knn,3,128,auprc,0.3011918710358145
5204,2180.0,2180.0,,guo_los,guo_los,clinicalbert_type3_clinicalbert_pool,knn,3,128,brier,0.2475808656036446
5205,2181.0,2181.0,,guo_los,guo_los,clinicalbert_type3_clinicalbert_pool,knn,4,128,auroc,0.5964445120714141
5206,2182.0,2182.0,,guo_los,guo_los,clinicalbert_type3_clinicalbert_pool,knn,4,128,auprc,0.3108861773599057
5207,2183.0,2183.0,,guo_los,guo_los,clinicalbert_type3_clinicalbert_pool,knn,4,128,brier,0.2600455580865604
5208,2184.0,2184.0,,guo_los,guo_los,clinicalbert_type3_clinicalbert_pool,rf,0,-1,auroc,0.7061446452671413
5209,2185.0,2185.0,,guo_los,guo_los,clinicalbert_type3_clinicalbert_pool,rf,0,-1,auprc,0.3905907624852148
5210,2186.0,2186.0,,guo_los,guo_los,clinicalbert_type3_clinicalbert_pool,rf,0,-1,brier,0.1736349998843213
5211,2187.0,2187.0,,guo_los,guo_los,clinicalbert_type3_clinicalbert_pool,rf,0,1,auroc,0.4122562121252215
5212,2188.0,2188.0,,guo_los,guo_los,clinicalbert_type3_clinicalbert_pool,rf,0,1,auprc,0.2176296949201641
5213,2189.0,2189.0,,guo_los,guo_los,clinicalbert_type3_clinicalbert_pool,rf,0,1,brier,0.3139123006833713
5214,2190.0,2190.0,,guo_los,guo_los,clinicalbert_type3_clinicalbert_pool,rf,1,1,auroc,0.4670599689504
5215,2191.0,2191.0,,guo_los,guo_los,clinicalbert_type3_clinicalbert_pool,rf,1,1,auprc,0.2323326741184176
5216,2192.0,2192.0,,guo_los,guo_los,clinicalbert_type3_clinicalbert_pool,rf,1,1,brier,0.2126931662870159
5217,2193.0,2193.0,,guo_los,guo_los,clinicalbert_type3_clinicalbert_pool,rf,2,1,auroc,0.480695440472095
5218,2194.0,2194.0,,guo_los,guo_los,clinicalbert_type3_clinicalbert_pool,rf,2,1,auprc,0.2479695091087658
5219,2195.0,2195.0,,guo_los,guo_los,clinicalbert_type3_clinicalbert_pool,rf,2,1,brier,0.3974031890660592
5220,2196.0,2196.0,,guo_los,guo_los,clinicalbert_type3_clinicalbert_pool,rf,3,1,auroc,0.4479252119223407
5221,2197.0,2197.0,,guo_los,guo_los,clinicalbert_type3_clinicalbert_pool,rf,3,1,auprc,0.2325991681153443
5222,2198.0,2198.0,,guo_los,guo_los,clinicalbert_type3_clinicalbert_pool,rf,3,1,brier,0.3120820045558086
5223,2199.0,2199.0,,guo_los,guo_los,clinicalbert_type3_clinicalbert_pool,rf,4,1,auroc,0.5825653629363041
5224,2200.0,2200.0,,guo_los,guo_los,clinicalbert_type3_clinicalbert_pool,rf,4,1,auprc,0.2939890987474518
5225,2201.0,2201.0,,guo_los,guo_los,clinicalbert_type3_clinicalbert_pool,rf,4,1,brier,0.3813075170842824
5226,2202.0,2202.0,,guo_los,guo_los,clinicalbert_type3_clinicalbert_pool,rf,0,2,auroc,0.4221124754117159
5227,2203.0,2203.0,,guo_los,guo_los,clinicalbert_type3_clinicalbert_pool,rf,0,2,auprc,0.2155366978373457
5228,2204.0,2204.0,,guo_los,guo_los,clinicalbert_type3_clinicalbert_pool,rf,0,2,brier,0.346123006833713
5229,2205.0,2205.0,,guo_los,guo_los,clinicalbert_type3_clinicalbert_pool,rf,1,2,auroc,0.4130269390563392
5230,2206.0,2206.0,,guo_los,guo_los,clinicalbert_type3_clinicalbert_pool,rf,1,2,auprc,0.2161985576652753
5231,2207.0,2207.0,,guo_los,guo_los,clinicalbert_type3_clinicalbert_pool,rf,1,2,brier,0.2740797266514806
5232,2208.0,2208.0,,guo_los,guo_los,clinicalbert_type3_clinicalbert_pool,rf,2,2,auroc,0.5741584852734922
5233,2209.0,2209.0,,guo_los,guo_los,clinicalbert_type3_clinicalbert_pool,rf,2,2,auprc,0.3020463306308489
5234,2210.0,2210.0,,guo_los,guo_los,clinicalbert_type3_clinicalbert_pool,rf,2,2,brier,0.2925527562642369
5235,2211.0,2211.0,,guo_los,guo_los,clinicalbert_type3_clinicalbert_pool,rf,3,2,auroc,0.5121541101025872
5236,2212.0,2212.0,,guo_los,guo_los,clinicalbert_type3_clinicalbert_pool,rf,3,2,auprc,0.2605517165783441
5237,2213.0,2213.0,,guo_los,guo_los,clinicalbert_type3_clinicalbert_pool,rf,3,2,brier,0.2732972665148064
5238,2214.0,2214.0,,guo_los,guo_los,clinicalbert_type3_clinicalbert_pool,rf,4,2,auroc,0.5942045524711778
5239,2215.0,2215.0,,guo_los,guo_los,clinicalbert_type3_clinicalbert_pool,rf,4,2,auprc,0.307690216904414
5240,2216.0,2216.0,,guo_los,guo_los,clinicalbert_type3_clinicalbert_pool,rf,4,2,brier,0.2893416856492027
5241,2217.0,2217.0,,guo_los,guo_los,clinicalbert_type3_clinicalbert_pool,rf,0,4,auroc,0.5720943925480961
5242,2218.0,2218.0,,guo_los,guo_los,clinicalbert_type3_clinicalbert_pool,rf,0,4,auprc,0.3076164555282596
5243,2219.0,2219.0,,guo_los,guo_los,clinicalbert_type3_clinicalbert_pool,rf,0,4,brier,0.2231410225259428
5244,2220.0,2220.0,,guo_los,guo_los,clinicalbert_type3_clinicalbert_pool,rf,1,4,auroc,0.5667147406211683
5245,2221.0,2221.0,,guo_los,guo_los,clinicalbert_type3_clinicalbert_pool,rf,1,4,auprc,0.2908523897453836
5246,2222.0,2222.0,,guo_los,guo_los,clinicalbert_type3_clinicalbert_pool,rf,1,4,brier,0.2465466970387244
5247,2223.0,2223.0,,guo_los,guo_los,clinicalbert_type3_clinicalbert_pool,rf,2,4,auroc,0.6194505455732268
5248,2224.0,2224.0,,guo_los,guo_los,clinicalbert_type3_clinicalbert_pool,rf,2,4,auprc,0.3321872545291593
5249,2225.0,2225.0,,guo_los,guo_los,clinicalbert_type3_clinicalbert_pool,rf,2,4,brier,0.2357352164009111
5250,2226.0,2226.0,,guo_los,guo_los,clinicalbert_type3_clinicalbert_pool,rf,3,4,auroc,0.3995039341254509
5251,2227.0,2227.0,,guo_los,guo_los,clinicalbert_type3_clinicalbert_pool,rf,3,4,auprc,0.212436006258801
5252,2228.0,2228.0,,guo_los,guo_los,clinicalbert_type3_clinicalbert_pool,rf,3,4,brier,0.3206879271070615
5253,2229.0,2229.0,,guo_los,guo_los,clinicalbert_type3_clinicalbert_pool,rf,4,4,auroc,0.5599320128432436
5254,2230.0,2230.0,,guo_los,guo_los,clinicalbert_type3_clinicalbert_pool,rf,4,4,auprc,0.2836460368855913
5255,2231.0,2231.0,,guo_los,guo_los,clinicalbert_type3_clinicalbert_pool,rf,4,4,brier,0.344009111617312
5256,2232.0,2232.0,,guo_los,guo_los,clinicalbert_type3_clinicalbert_pool,rf,0,8,auroc,0.584020812934981
5257,2233.0,2233.0,,guo_los,guo_los,clinicalbert_type3_clinicalbert_pool,rf,0,8,auprc,0.3028822247969038
5258,2234.0,2234.0,,guo_los,guo_los,clinicalbert_type3_clinicalbert_pool,rf,0,8,brier,0.2468656036446469
5259,2235.0,2235.0,,guo_los,guo_los,clinicalbert_type3_clinicalbert_pool,rf,1,8,auroc,0.4461946598216412
5260,2236.0,2236.0,,guo_los,guo_los,clinicalbert_type3_clinicalbert_pool,rf,1,8,auprc,0.2327117371681875
5261,2237.0,2237.0,,guo_los,guo_los,clinicalbert_type3_clinicalbert_pool,rf,1,8,brier,0.2930569476082004
5262,2238.0,2238.0,,guo_los,guo_los,clinicalbert_type3_clinicalbert_pool,rf,2,8,auroc,0.5770032284527243
5263,2239.0,2239.0,,guo_los,guo_los,clinicalbert_type3_clinicalbert_pool,rf,2,8,auprc,0.296937573230011
5264,2240.0,2240.0,,guo_los,guo_los,clinicalbert_type3_clinicalbert_pool,rf,2,8,brier,0.2444191343963553
5265,2241.0,2241.0,,guo_los,guo_los,clinicalbert_type3_clinicalbert_pool,rf,3,8,auroc,0.423106481603994
5266,2242.0,2242.0,,guo_los,guo_los,clinicalbert_type3_clinicalbert_pool,rf,3,8,auprc,0.2155925902621789
5267,2243.0,2243.0,,guo_los,guo_los,clinicalbert_type3_clinicalbert_pool,rf,3,8,brier,0.2690000911161731
5268,2244.0,2244.0,,guo_los,guo_los,clinicalbert_type3_clinicalbert_pool,rf,4,8,auroc,0.5769254941914314
5269,2245.0,2245.0,,guo_los,guo_los,clinicalbert_type3_clinicalbert_pool,rf,4,8,auprc,0.3010983370744473
5270,2246.0,2246.0,,guo_los,guo_los,clinicalbert_type3_clinicalbert_pool,rf,4,8,brier,0.2755580865603644
5271,2247.0,2247.0,,guo_los,guo_los,clinicalbert_type3_clinicalbert_pool,rf,0,12,auroc,0.5308682200287562
5272,2248.0,2248.0,,guo_los,guo_los,clinicalbert_type3_clinicalbert_pool,rf,0,12,auprc,0.2616889225307859
5273,2249.0,2249.0,,guo_los,guo_los,clinicalbert_type3_clinicalbert_pool,rf,0,12,brier,0.2318177676537585
5274,2250.0,2250.0,,guo_los,guo_los,clinicalbert_type3_clinicalbert_pool,rf,1,12,auroc,0.523878752194201
5275,2251.0,2251.0,,guo_los,guo_los,clinicalbert_type3_clinicalbert_pool,rf,1,12,auprc,0.2715277136198841
5276,2252.0,2252.0,,guo_los,guo_los,clinicalbert_type3_clinicalbert_pool,rf,1,12,brier,0.2867323462414579
5277,2253.0,2253.0,,guo_los,guo_los,clinicalbert_type3_clinicalbert_pool,rf,2,12,auroc,0.5862326558875157
5278,2254.0,2254.0,,guo_los,guo_los,clinicalbert_type3_clinicalbert_pool,rf,2,12,auprc,0.3144419051481785
5279,2255.0,2255.0,,guo_los,guo_los,clinicalbert_type3_clinicalbert_pool,rf,2,12,brier,0.2441498861047836
5280,2256.0,2256.0,,guo_los,guo_los,clinicalbert_type3_clinicalbert_pool,rf,3,12,auroc,0.4291063537008124
5281,2257.0,2257.0,,guo_los,guo_los,clinicalbert_type3_clinicalbert_pool,rf,3,12,auprc,0.2169725438409856
5282,2258.0,2258.0,,guo_los,guo_los,clinicalbert_type3_clinicalbert_pool,rf,3,12,brier,0.2599146124238639
5283,2259.0,2259.0,,guo_los,guo_los,clinicalbert_type3_clinicalbert_pool,rf,4,12,auroc,0.5866560595234945
5284,2260.0,2260.0,,guo_los,guo_los,clinicalbert_type3_clinicalbert_pool,rf,4,12,auprc,0.2970690914348974
5285,2261.0,2261.0,,guo_los,guo_los,clinicalbert_type3_clinicalbert_pool,rf,4,12,brier,0.2789293849658314
5286,2262.0,2262.0,,guo_los,guo_los,clinicalbert_type3_clinicalbert_pool,rf,0,16,auroc,0.5653778215882929
5287,2263.0,2263.0,,guo_los,guo_los,clinicalbert_type3_clinicalbert_pool,rf,0,16,auprc,0.2881576911524727
5288,2264.0,2264.0,,guo_los,guo_los,clinicalbert_type3_clinicalbert_pool,rf,0,16,brier,0.250755125284738
5289,2265.0,2265.0,,guo_los,guo_los,clinicalbert_type3_clinicalbert_pool,rf,1,16,auroc,0.5943456870165039
5290,2266.0,2266.0,,guo_los,guo_los,clinicalbert_type3_clinicalbert_pool,rf,1,16,auprc,0.3114788974018758
5291,2267.0,2267.0,,guo_los,guo_los,clinicalbert_type3_clinicalbert_pool,rf,1,16,brier,0.2553169476082004
5292,2268.0,2268.0,,guo_los,guo_los,clinicalbert_type3_clinicalbert_pool,rf,2,16,auroc,0.6129114954087169
5293,2269.0,2269.0,,guo_los,guo_los,clinicalbert_type3_clinicalbert_pool,rf,2,16,auprc,0.3214130321015188
5294,2270.0,2270.0,,guo_los,guo_los,clinicalbert_type3_clinicalbert_pool,rf,2,16,brier,0.2210670615034168
5295,2271.0,2271.0,,guo_los,guo_los,clinicalbert_type3_clinicalbert_pool,rf,3,16,auroc,0.4418316176665167
5296,2272.0,2272.0,,guo_los,guo_los,clinicalbert_type3_clinicalbert_pool,rf,3,16,auprc,0.2189449563209656
5297,2273.0,2273.0,,guo_los,guo_los,clinicalbert_type3_clinicalbert_pool,rf,3,16,brier,0.2614941369932718
5298,2274.0,2274.0,,guo_los,guo_los,clinicalbert_type3_clinicalbert_pool,rf,4,16,auroc,0.5885856333853767
5299,2275.0,2275.0,,guo_los,guo_los,clinicalbert_type3_clinicalbert_pool,rf,4,16,auprc,0.3051265123765463
5300,2276.0,2276.0,,guo_los,guo_los,clinicalbert_type3_clinicalbert_pool,rf,4,16,brier,0.2611799544419134
5301,2277.0,2277.0,,guo_los,guo_los,clinicalbert_type3_clinicalbert_pool,rf,0,24,auroc,0.4849201046159817
5302,2278.0,2278.0,,guo_los,guo_los,clinicalbert_type3_clinicalbert_pool,rf,0,24,auprc,0.2446564521273158
5303,2279.0,2279.0,,guo_los,guo_los,clinicalbert_type3_clinicalbert_pool,rf,0,24,brier,0.2596127562642369
5304,2280.0,2280.0,,guo_los,guo_los,clinicalbert_type3_clinicalbert_pool,rf,1,24,auroc,0.5532854578492858
5305,2281.0,2281.0,,guo_los,guo_los,clinicalbert_type3_clinicalbert_pool,rf,1,24,auprc,0.278495139647037
5306,2282.0,2282.0,,guo_los,guo_los,clinicalbert_type3_clinicalbert_pool,rf,1,24,brier,0.2718678815489749
5307,2283.0,2283.0,,guo_los,guo_los,clinicalbert_type3_clinicalbert_pool,rf,2,24,auroc,0.6373801458978363
5308,2284.0,2284.0,,guo_los,guo_los,clinicalbert_type3_clinicalbert_pool,rf,2,24,auprc,0.3391231880536573
5309,2285.0,2285.0,,guo_los,guo_los,clinicalbert_type3_clinicalbert_pool,rf,2,24,brier,0.2255096127562642
5310,2286.0,2286.0,,guo_los,guo_los,clinicalbert_type3_clinicalbert_pool,rf,3,24,auroc,0.4838439537078691
5311,2287.0,2287.0,,guo_los,guo_los,clinicalbert_type3_clinicalbert_pool,rf,3,24,auprc,0.2459795937142676
5312,2288.0,2288.0,,guo_los,guo_los,clinicalbert_type3_clinicalbert_pool,rf,3,24,brier,0.2854225512528474
5313,2289.0,2289.0,,guo_los,guo_los,clinicalbert_type3_clinicalbert_pool,rf,4,24,auroc,0.6169239064277964
5314,2290.0,2290.0,,guo_los,guo_los,clinicalbert_type3_clinicalbert_pool,rf,4,24,auprc,0.3319906826419648
5315,2291.0,2291.0,,guo_los,guo_los,clinicalbert_type3_clinicalbert_pool,rf,4,24,brier,0.2445086560364464
5316,2292.0,2292.0,,guo_los,guo_los,clinicalbert_type3_clinicalbert_pool,rf,0,32,auroc,0.5941097276985365
5317,2293.0,2293.0,,guo_los,guo_los,clinicalbert_type3_clinicalbert_pool,rf,0,32,auprc,0.2973750805214162
5318,2294.0,2294.0,,guo_los,guo_los,clinicalbert_type3_clinicalbert_pool,rf,0,32,brier,0.2319393166287016
5319,2295.0,2295.0,,guo_los,guo_los,clinicalbert_type3_clinicalbert_pool,rf,1,32,auroc,0.5954835842881968
5320,2296.0,2296.0,,guo_los,guo_los,clinicalbert_type3_clinicalbert_pool,rf,1,32,auprc,0.3120550002618611
5321,2297.0,2297.0,,guo_los,guo_los,clinicalbert_type3_clinicalbert_pool,rf,1,32,brier,0.2426792871770092
5322,2298.0,2298.0,,guo_los,guo_los,clinicalbert_type3_clinicalbert_pool,rf,2,32,auroc,0.6346280222639745
5323,2299.0,2299.0,,guo_los,guo_los,clinicalbert_type3_clinicalbert_pool,rf,2,32,auprc,0.3445586102920633
5324,2300.0,2300.0,,guo_los,guo_los,clinicalbert_type3_clinicalbert_pool,rf,2,32,brier,0.2301638268792711
5325,2301.0,2301.0,,guo_los,guo_los,clinicalbert_type3_clinicalbert_pool,rf,3,32,auroc,0.4942961796642762
5326,2302.0,2302.0,,guo_los,guo_los,clinicalbert_type3_clinicalbert_pool,rf,3,32,auprc,0.2507709103869691
5327,2303.0,2303.0,,guo_los,guo_los,clinicalbert_type3_clinicalbert_pool,rf,3,32,brier,0.2573713165656266
5328,2304.0,2304.0,,guo_los,guo_los,clinicalbert_type3_clinicalbert_pool,rf,4,32,auroc,0.6334840606172872
5329,2305.0,2305.0,,guo_los,guo_los,clinicalbert_type3_clinicalbert_pool,rf,4,32,auprc,0.3406008120137585
5330,2306.0,2306.0,,guo_los,guo_los,clinicalbert_type3_clinicalbert_pool,rf,4,32,brier,0.2504783599088838
5331,2307.0,2307.0,,guo_los,guo_los,clinicalbert_type3_clinicalbert_pool,rf,0,48,auroc,0.6020898938844638
5332,2308.0,2308.0,,guo_los,guo_los,clinicalbert_type3_clinicalbert_pool,rf,0,48,auprc,0.3259316144974518
5333,2309.0,2309.0,,guo_los,guo_los,clinicalbert_type3_clinicalbert_pool,rf,0,48,brier,0.2345485997422591
5334,2310.0,2310.0,,guo_los,guo_los,clinicalbert_type3_clinicalbert_pool,rf,1,48,auroc,0.5566782000052924
5335,2311.0,2311.0,,guo_los,guo_los,clinicalbert_type3_clinicalbert_pool,rf,1,48,auprc,0.2777982184741892
5336,2312.0,2312.0,,guo_los,guo_los,clinicalbert_type3_clinicalbert_pool,rf,1,48,brier,0.2628587699316629
5337,2313.0,2313.0,,guo_los,guo_los,clinicalbert_type3_clinicalbert_pool,rf,2,48,auroc,0.6378890020905554
5338,2314.0,2314.0,,guo_los,guo_los,clinicalbert_type3_clinicalbert_pool,rf,2,48,auprc,0.3375452890059619
5339,2315.0,2315.0,,guo_los,guo_los,clinicalbert_type3_clinicalbert_pool,rf,2,48,brier,0.2363029612756264
5340,2316.0,2316.0,,guo_los,guo_los,clinicalbert_type3_clinicalbert_pool,rf,3,48,auroc,0.5686101334603546
5341,2317.0,2317.0,,guo_los,guo_los,clinicalbert_type3_clinicalbert_pool,rf,3,48,auprc,0.3108522260385191
5342,2318.0,2318.0,,guo_los,guo_los,clinicalbert_type3_clinicalbert_pool,rf,3,48,brier,0.2527177045871391
5343,2319.0,2319.0,,guo_los,guo_los,clinicalbert_type3_clinicalbert_pool,rf,4,48,auroc,0.6433215794719803
5344,2320.0,2320.0,,guo_los,guo_los,clinicalbert_type3_clinicalbert_pool,rf,4,48,auprc,0.3708370587429505
5345,2321.0,2321.0,,guo_los,guo_los,clinicalbert_type3_clinicalbert_pool,rf,4,48,brier,0.2453902505694761
5346,2322.0,2322.0,,guo_los,guo_los,clinicalbert_type3_clinicalbert_pool,rf,0,64,auroc,0.600090304056736
5347,2323.0,2323.0,,guo_los,guo_los,clinicalbert_type3_clinicalbert_pool,rf,0,64,auprc,0.3037139553517837
5348,2324.0,2324.0,,guo_los,guo_los,clinicalbert_type3_clinicalbert_pool,rf,0,64,brier,0.2331924829157175
5349,2325.0,2325.0,,guo_los,guo_los,clinicalbert_type3_clinicalbert_pool,rf,1,64,auroc,0.6314320966418799
5350,2326.0,2326.0,,guo_los,guo_los,clinicalbert_type3_clinicalbert_pool,rf,1,64,auprc,0.3301779759280329
5351,2327.0,2327.0,,guo_los,guo_los,clinicalbert_type3_clinicalbert_pool,rf,1,64,brier,0.2334929241768489
5352,2328.0,2328.0,,guo_los,guo_los,clinicalbert_type3_clinicalbert_pool,rf,2,64,auroc,0.6717243554120687
5353,2329.0,2329.0,,guo_los,guo_los,clinicalbert_type3_clinicalbert_pool,rf,2,64,auprc,0.3607475868098611
5354,2330.0,2330.0,,guo_los,guo_los,clinicalbert_type3_clinicalbert_pool,rf,2,64,brier,0.2189669073516816
5355,2331.0,2331.0,,guo_los,guo_los,clinicalbert_type3_clinicalbert_pool,rf,3,64,auroc,0.5228252048656135
5356,2332.0,2332.0,,guo_los,guo_los,clinicalbert_type3_clinicalbert_pool,rf,3,64,auprc,0.2624639831419674
5357,2333.0,2333.0,,guo_los,guo_los,clinicalbert_type3_clinicalbert_pool,rf,3,64,brier,0.2712072892938496
5358,2334.0,2334.0,,guo_los,guo_los,clinicalbert_type3_clinicalbert_pool,rf,4,64,auroc,0.6209197782423456
5359,2335.0,2335.0,,guo_los,guo_los,clinicalbert_type3_clinicalbert_pool,rf,4,64,auprc,0.3518961963441699
5360,2336.0,2336.0,,guo_los,guo_los,clinicalbert_type3_clinicalbert_pool,rf,4,64,brier,0.2499699820454179
5361,2337.0,2337.0,,guo_los,guo_los,clinicalbert_type3_clinicalbert_pool,rf,0,128,auroc,0.6583959617878219
5362,2338.0,2338.0,,guo_los,guo_los,clinicalbert_type3_clinicalbert_pool,rf,0,128,auprc,0.3528529538666333
5363,2339.0,2339.0,,guo_los,guo_los,clinicalbert_type3_clinicalbert_pool,rf,0,128,brier,0.2383860288534548
5364,2340.0,2340.0,,guo_los,guo_los,clinicalbert_type3_clinicalbert_pool,rf,1,128,auroc,0.6567745684370232
5365,2341.0,2341.0,,guo_los,guo_los,clinicalbert_type3_clinicalbert_pool,rf,1,128,auprc,0.3620107620165635
5366,2342.0,2342.0,,guo_los,guo_los,clinicalbert_type3_clinicalbert_pool,rf,1,128,brier,0.2251713474737649
5367,2343.0,2343.0,,guo_los,guo_los,clinicalbert_type3_clinicalbert_pool,rf,2,128,auroc,0.6849160249455308
5368,2344.0,2344.0,,guo_los,guo_los,clinicalbert_type3_clinicalbert_pool,rf,2,128,auprc,0.3663645358597946
5369,2345.0,2345.0,,guo_los,guo_los,clinicalbert_type3_clinicalbert_pool,rf,2,128,brier,0.2215970147478642
5370,2346.0,2346.0,,guo_los,guo_los,clinicalbert_type3_clinicalbert_pool,rf,3,128,auroc,0.6264824640327433
5371,2347.0,2347.0,,guo_los,guo_los,clinicalbert_type3_clinicalbert_pool,rf,3,128,auprc,0.3412461765580463
5372,2348.0,2348.0,,guo_los,guo_los,clinicalbert_type3_clinicalbert_pool,rf,3,128,brier,0.2323170403092252
5373,2349.0,2349.0,,guo_los,guo_los,clinicalbert_type3_clinicalbert_pool,rf,4,128,auroc,0.6658937345082785
5374,2350.0,2350.0,,guo_los,guo_los,clinicalbert_type3_clinicalbert_pool,rf,4,128,auprc,0.3852408400260668
5375,2351.0,2351.0,,guo_los,guo_los,clinicalbert_type3_clinicalbert_pool,rf,4,128,brier,0.2314990103064528
