2025-07-04 12:21:53.448 | INFO     | evaluator:<module>:48 - Using 128 parallel jobs for scikit-learn operations
2025-07-04 12:21:53.972 | INFO     | __main__:main:290 - Starting EHRSHOT dimensionality reduction analysis
2025-07-04 12:21:53.982 | INFO     | __main__:main:291 - Arguments: {'path_to_database': '../EHRSHOT_ASSETS/femr/extract', 'path_to_labels_dir': '../EHRSHOT_ASSETS/benchmark', 'path_to_features_dir': '../EHRSHOT_ASSETS/features', 'path_to_split_csv': '../EHRSHOT_ASSETS/splits/person_id_map.csv', 'tasks': ['guo_los', 'guo_readmission', 'guo_icu', 'lab_thrombocytopenia', 'lab_hyperkalemia', 'lab_hypoglycemia', 'lab_hyponatremia', 'lab_anemia', 'new_hypertension', 'new_hyperlipidemia', 'new_pancan', 'new_celiac', 'new_lupus', 'new_acutemi'], 'models': ['clmbr', 'clinicalbert_type3_clinicalbert_pool'], 'dimensions': [2, 5, 10, 25, 50, 100, 200, 400], 'methods': ['pca', 'umap'], 'output_dir': '../EHRSHOT_ASSETS/dimensionality_analysis'}
2025-07-04 12:21:53.982 | INFO     | __main__:run_dimensionality_analysis:89 - Starting dimensionality analysis for 14 tasks, 2 models
2025-07-04 12:21:53.982 | INFO     | __main__:run_dimensionality_analysis:90 - Testing dimensions: [2, 5, 10, 25, 50, 100, 200, 400]
2025-07-04 12:21:53.982 | INFO     | __main__:run_dimensionality_analysis:91 - Using methods: ['pca', 'umap']
2025-07-04 12:21:53.982 | INFO     | __main__:run_dimensionality_analysis:94 - 
==================================================
2025-07-04 12:21:53.982 | INFO     | __main__:run_dimensionality_analysis:95 - Processing task: guo_los
2025-07-04 12:21:53.982 | INFO     | __main__:run_dimensionality_analysis:96 - ==================================================
2025-07-04 12:21:54.006 | INFO     | __main__:run_dimensionality_analysis:102 - Loaded labeled patients for guo_los
2025-07-04 12:22:12.674 | INFO     | __main__:run_dimensionality_analysis:119 - 
Processing model: clmbr
2025-07-04 12:22:12.678 | INFO     | __main__:run_dimensionality_analysis:138 - Data shapes - Train: (2569, 768), Val: (2231, 768), Test: (2195, 768)
2025-07-04 12:22:12.679 | INFO     | __main__:run_dimensionality_analysis:139 - Label distribution - Train: 0.265, Val: 0.239, Test: 0.251
2025-07-04 12:22:12.679 | INFO     | __main__:run_dimensionality_analysis:142 - 
  Testing method: pca
2025-07-04 12:22:12.679 | INFO     | __main__:run_dimensionality_analysis:149 -     Reducing to 2 dimensions...
2025-07-04 12:22:12.679 | INFO     | reducers:fit_transform:55 - Applying PCA to reduce from 768 to 2 dimensions
2025-07-04 12:22:12.733 | INFO     | __main__:run_dimensionality_analysis:163 -     Reduced shapes - Train: (2569, 2), Val: (2231, 2), Test: (2195, 2)
2025-07-04 12:22:12.733 | CRITICAL | eval_module:run_evaluation:76 - Start | Training knn
2025-07-04 12:22:12.733 | INFO     | eval_module:run_evaluation:77 - Train shape: X = (2569, 2), Y = (2569,)
2025-07-04 12:22:12.734 | INFO     | eval_module:run_evaluation:78 - Val shape: X = (2231, 2), Y = (2231,)
2025-07-04 12:22:12.734 | INFO     | eval_module:run_evaluation:79 - Test shape: X = (2195, 2), Y = (2195,)
2025-07-04 12:22:12.734 | INFO     | eval_module:run_evaluation:80 - Train prevalence:  0.26508369015181005
2025-07-04 12:22:12.734 | INFO     | eval_module:run_evaluation:81 - Val prevalence:  0.23935454952935903
2025-07-04 12:22:12.734 | INFO     | eval_module:run_evaluation:82 - Test prevalence:  0.25148063781321184
2025-07-04 12:22:12.734 | CRITICAL | eval_module:run_evaluation:91 - Start | Fitting knn...
2025-07-04 12:22:43.612 | INFO     | eval_module:run_evaluation:140 - Best hparams: {'algorithm': 'auto', 'leaf_size': 30, 'metric': 'cosine', 'metric_params': None, 'n_jobs': None, 'n_neighbors': 5, 'p': 2, 'weights': 'uniform'}
2025-07-04 12:22:43.612 | CRITICAL | eval_module:run_evaluation:143 - Finish | Fitting knn...
2025-07-04 12:22:43.979 | INFO     | eval_module:run_evaluation:154 - Train AUROC: 0.8010115669877299
2025-07-04 12:22:43.979 | INFO     | eval_module:run_evaluation:155 - Val AUROC:   0.5738685143864807
2025-07-04 12:22:43.980 | INFO     | eval_module:run_evaluation:156 - Test AUROC:  0.531755824005222
2025-07-04 12:22:43.982 | INFO     | eval_module:run_evaluation:162 - Train AUPRC: 0.5400119353886951
2025-07-04 12:22:43.982 | INFO     | eval_module:run_evaluation:163 - Val AUPRC:   0.27639574861582206
2025-07-04 12:22:43.982 | INFO     | eval_module:run_evaluation:164 - Test AUPRC:  0.267738340596753
2025-07-04 12:22:43.982 | INFO     | __main__:run_dimensionality_analysis:182 -     Results: AUROC=0.532, AUPRC=0.268
2025-07-04 12:22:43.982 | INFO     | __main__:run_dimensionality_analysis:149 -     Reducing to 5 dimensions...
2025-07-04 12:22:43.982 | INFO     | reducers:fit_transform:55 - Applying PCA to reduce from 768 to 5 dimensions
2025-07-04 12:22:44.030 | INFO     | __main__:run_dimensionality_analysis:163 -     Reduced shapes - Train: (2569, 5), Val: (2231, 5), Test: (2195, 5)
2025-07-04 12:22:44.031 | CRITICAL | eval_module:run_evaluation:76 - Start | Training knn
2025-07-04 12:22:44.031 | INFO     | eval_module:run_evaluation:77 - Train shape: X = (2569, 5), Y = (2569,)
2025-07-04 12:22:44.031 | INFO     | eval_module:run_evaluation:78 - Val shape: X = (2231, 5), Y = (2231,)
2025-07-04 12:22:44.031 | INFO     | eval_module:run_evaluation:79 - Test shape: X = (2195, 5), Y = (2195,)
2025-07-04 12:22:44.031 | INFO     | eval_module:run_evaluation:80 - Train prevalence:  0.26508369015181005
2025-07-04 12:22:44.031 | INFO     | eval_module:run_evaluation:81 - Val prevalence:  0.23935454952935903
2025-07-04 12:22:44.031 | INFO     | eval_module:run_evaluation:82 - Test prevalence:  0.25148063781321184
2025-07-04 12:22:44.032 | CRITICAL | eval_module:run_evaluation:91 - Start | Fitting knn...
2025-07-04 12:22:49.285 | INFO     | eval_module:run_evaluation:140 - Best hparams: {'algorithm': 'auto', 'leaf_size': 30, 'metric': 'euclidean', 'metric_params': None, 'n_jobs': None, 'n_neighbors': 5, 'p': 2, 'weights': 'distance'}
2025-07-04 12:22:49.286 | CRITICAL | eval_module:run_evaluation:143 - Finish | Fitting knn...
2025-07-04 12:22:49.349 | INFO     | eval_module:run_evaluation:154 - Train AUROC: 1.0
2025-07-04 12:22:49.349 | INFO     | eval_module:run_evaluation:155 - Val AUROC:   0.6446643007378078
2025-07-04 12:22:49.350 | INFO     | eval_module:run_evaluation:156 - Test AUROC:  0.6321510007321355
2025-07-04 12:22:49.352 | INFO     | eval_module:run_evaluation:162 - Train AUPRC: 1.0
2025-07-04 12:22:49.352 | INFO     | eval_module:run_evaluation:163 - Val AUPRC:   0.33990478672926566
2025-07-04 12:22:49.352 | INFO     | eval_module:run_evaluation:164 - Test AUPRC:  0.34289488847986765
2025-07-04 12:22:49.352 | INFO     | __main__:run_dimensionality_analysis:182 -     Results: AUROC=0.632, AUPRC=0.343
2025-07-04 12:22:49.352 | INFO     | __main__:run_dimensionality_analysis:149 -     Reducing to 10 dimensions...
2025-07-04 12:22:49.352 | INFO     | reducers:fit_transform:55 - Applying PCA to reduce from 768 to 10 dimensions
2025-07-04 12:22:49.406 | INFO     | __main__:run_dimensionality_analysis:163 -     Reduced shapes - Train: (2569, 10), Val: (2231, 10), Test: (2195, 10)
2025-07-04 12:22:49.407 | CRITICAL | eval_module:run_evaluation:76 - Start | Training knn
2025-07-04 12:22:49.407 | INFO     | eval_module:run_evaluation:77 - Train shape: X = (2569, 10), Y = (2569,)
2025-07-04 12:22:49.407 | INFO     | eval_module:run_evaluation:78 - Val shape: X = (2231, 10), Y = (2231,)
2025-07-04 12:22:49.407 | INFO     | eval_module:run_evaluation:79 - Test shape: X = (2195, 10), Y = (2195,)
2025-07-04 12:22:49.407 | INFO     | eval_module:run_evaluation:80 - Train prevalence:  0.26508369015181005
2025-07-04 12:22:49.407 | INFO     | eval_module:run_evaluation:81 - Val prevalence:  0.23935454952935903
2025-07-04 12:22:49.407 | INFO     | eval_module:run_evaluation:82 - Test prevalence:  0.25148063781321184
2025-07-04 12:22:49.408 | CRITICAL | eval_module:run_evaluation:91 - Start | Fitting knn...
2025-07-04 12:22:54.818 | INFO     | eval_module:run_evaluation:140 - Best hparams: {'algorithm': 'auto', 'leaf_size': 30, 'metric': 'euclidean', 'metric_params': None, 'n_jobs': None, 'n_neighbors': 5, 'p': 2, 'weights': 'distance'}
2025-07-04 12:22:54.819 | CRITICAL | eval_module:run_evaluation:143 - Finish | Fitting knn...
2025-07-04 12:22:54.963 | INFO     | eval_module:run_evaluation:154 - Train AUROC: 1.0
2025-07-04 12:22:54.963 | INFO     | eval_module:run_evaluation:155 - Val AUROC:   0.7072234765470681
2025-07-04 12:22:54.963 | INFO     | eval_module:run_evaluation:156 - Test AUROC:  0.7027111064066263
2025-07-04 12:22:54.965 | INFO     | eval_module:run_evaluation:162 - Train AUPRC: 1.0
2025-07-04 12:22:54.966 | INFO     | eval_module:run_evaluation:163 - Val AUPRC:   0.40187317670725414
2025-07-04 12:22:54.966 | INFO     | eval_module:run_evaluation:164 - Test AUPRC:  0.44594136065437984
2025-07-04 12:22:54.966 | INFO     | __main__:run_dimensionality_analysis:182 -     Results: AUROC=0.703, AUPRC=0.446
2025-07-04 12:22:54.966 | INFO     | __main__:run_dimensionality_analysis:149 -     Reducing to 25 dimensions...
2025-07-04 12:22:54.966 | INFO     | reducers:fit_transform:55 - Applying PCA to reduce from 768 to 25 dimensions
2025-07-04 12:22:55.028 | INFO     | __main__:run_dimensionality_analysis:163 -     Reduced shapes - Train: (2569, 25), Val: (2231, 25), Test: (2195, 25)
2025-07-04 12:22:55.028 | CRITICAL | eval_module:run_evaluation:76 - Start | Training knn
2025-07-04 12:22:55.028 | INFO     | eval_module:run_evaluation:77 - Train shape: X = (2569, 25), Y = (2569,)
2025-07-04 12:22:55.029 | INFO     | eval_module:run_evaluation:78 - Val shape: X = (2231, 25), Y = (2231,)
2025-07-04 12:22:55.029 | INFO     | eval_module:run_evaluation:79 - Test shape: X = (2195, 25), Y = (2195,)
2025-07-04 12:22:55.029 | INFO     | eval_module:run_evaluation:80 - Train prevalence:  0.26508369015181005
2025-07-04 12:22:55.029 | INFO     | eval_module:run_evaluation:81 - Val prevalence:  0.23935454952935903
2025-07-04 12:22:55.029 | INFO     | eval_module:run_evaluation:82 - Test prevalence:  0.25148063781321184
2025-07-04 12:22:55.030 | CRITICAL | eval_module:run_evaluation:91 - Start | Fitting knn...
2025-07-04 12:23:00.833 | INFO     | eval_module:run_evaluation:140 - Best hparams: {'algorithm': 'auto', 'leaf_size': 30, 'metric': 'cosine', 'metric_params': None, 'n_jobs': None, 'n_neighbors': 5, 'p': 2, 'weights': 'distance'}
2025-07-04 12:23:00.833 | CRITICAL | eval_module:run_evaluation:143 - Finish | Fitting knn...
2025-07-04 12:23:01.231 | INFO     | eval_module:run_evaluation:154 - Train AUROC: 1.0
2025-07-04 12:23:01.232 | INFO     | eval_module:run_evaluation:155 - Val AUROC:   0.7356521422470587
2025-07-04 12:23:01.232 | INFO     | eval_module:run_evaluation:156 - Test AUROC:  0.7331465505835032
2025-07-04 12:23:01.234 | INFO     | eval_module:run_evaluation:162 - Train AUPRC: 1.0
2025-07-04 12:23:01.234 | INFO     | eval_module:run_evaluation:163 - Val AUPRC:   0.4485613807857861
2025-07-04 12:23:01.234 | INFO     | eval_module:run_evaluation:164 - Test AUPRC:  0.47876200802530966
2025-07-04 12:23:01.234 | INFO     | __main__:run_dimensionality_analysis:182 -     Results: AUROC=0.733, AUPRC=0.479
2025-07-04 12:23:01.235 | INFO     | __main__:run_dimensionality_analysis:149 -     Reducing to 50 dimensions...
2025-07-04 12:23:01.235 | INFO     | reducers:fit_transform:55 - Applying PCA to reduce from 768 to 50 dimensions
2025-07-04 12:23:01.310 | INFO     | __main__:run_dimensionality_analysis:163 -     Reduced shapes - Train: (2569, 50), Val: (2231, 50), Test: (2195, 50)
2025-07-04 12:23:01.311 | CRITICAL | eval_module:run_evaluation:76 - Start | Training knn
2025-07-04 12:23:01.311 | INFO     | eval_module:run_evaluation:77 - Train shape: X = (2569, 50), Y = (2569,)
2025-07-04 12:23:01.311 | INFO     | eval_module:run_evaluation:78 - Val shape: X = (2231, 50), Y = (2231,)
2025-07-04 12:23:01.311 | INFO     | eval_module:run_evaluation:79 - Test shape: X = (2195, 50), Y = (2195,)
2025-07-04 12:23:01.311 | INFO     | eval_module:run_evaluation:80 - Train prevalence:  0.26508369015181005
2025-07-04 12:23:01.311 | INFO     | eval_module:run_evaluation:81 - Val prevalence:  0.23935454952935903
2025-07-04 12:23:01.311 | INFO     | eval_module:run_evaluation:82 - Test prevalence:  0.25148063781321184
2025-07-04 12:23:01.312 | CRITICAL | eval_module:run_evaluation:91 - Start | Fitting knn...
2025-07-04 12:23:07.333 | INFO     | eval_module:run_evaluation:140 - Best hparams: {'algorithm': 'auto', 'leaf_size': 30, 'metric': 'cosine', 'metric_params': None, 'n_jobs': None, 'n_neighbors': 5, 'p': 2, 'weights': 'distance'}
2025-07-04 12:23:07.334 | CRITICAL | eval_module:run_evaluation:143 - Finish | Fitting knn...
2025-07-04 12:23:07.720 | INFO     | eval_module:run_evaluation:154 - Train AUROC: 1.0
2025-07-04 12:23:07.720 | INFO     | eval_module:run_evaluation:155 - Val AUROC:   0.7416072425672977
2025-07-04 12:23:07.721 | INFO     | eval_module:run_evaluation:156 - Test AUROC:  0.7524654440886678
2025-07-04 12:23:07.723 | INFO     | eval_module:run_evaluation:162 - Train AUPRC: 1.0
2025-07-04 12:23:07.723 | INFO     | eval_module:run_evaluation:163 - Val AUPRC:   0.4641054922052711
2025-07-04 12:23:07.723 | INFO     | eval_module:run_evaluation:164 - Test AUPRC:  0.4992837809189627
2025-07-04 12:23:07.723 | INFO     | __main__:run_dimensionality_analysis:182 -     Results: AUROC=0.752, AUPRC=0.499
2025-07-04 12:23:07.723 | INFO     | __main__:run_dimensionality_analysis:149 -     Reducing to 100 dimensions...
2025-07-04 12:23:07.723 | INFO     | reducers:fit_transform:55 - Applying PCA to reduce from 768 to 100 dimensions
2025-07-04 12:23:07.823 | INFO     | __main__:run_dimensionality_analysis:163 -     Reduced shapes - Train: (2569, 100), Val: (2231, 100), Test: (2195, 100)
2025-07-04 12:23:07.823 | CRITICAL | eval_module:run_evaluation:76 - Start | Training knn
2025-07-04 12:23:07.823 | INFO     | eval_module:run_evaluation:77 - Train shape: X = (2569, 100), Y = (2569,)
2025-07-04 12:23:07.824 | INFO     | eval_module:run_evaluation:78 - Val shape: X = (2231, 100), Y = (2231,)
2025-07-04 12:23:07.824 | INFO     | eval_module:run_evaluation:79 - Test shape: X = (2195, 100), Y = (2195,)
2025-07-04 12:23:07.824 | INFO     | eval_module:run_evaluation:80 - Train prevalence:  0.26508369015181005
2025-07-04 12:23:07.824 | INFO     | eval_module:run_evaluation:81 - Val prevalence:  0.23935454952935903
2025-07-04 12:23:07.824 | INFO     | eval_module:run_evaluation:82 - Test prevalence:  0.25148063781321184
2025-07-04 12:23:07.825 | CRITICAL | eval_module:run_evaluation:91 - Start | Fitting knn...
2025-07-04 12:23:14.031 | INFO     | eval_module:run_evaluation:140 - Best hparams: {'algorithm': 'auto', 'leaf_size': 30, 'metric': 'euclidean', 'metric_params': None, 'n_jobs': None, 'n_neighbors': 5, 'p': 2, 'weights': 'distance'}
2025-07-04 12:23:14.032 | CRITICAL | eval_module:run_evaluation:143 - Finish | Fitting knn...
2025-07-04 12:23:14.145 | INFO     | eval_module:run_evaluation:154 - Train AUROC: 1.0
2025-07-04 12:23:14.146 | INFO     | eval_module:run_evaluation:155 - Val AUROC:   0.7425899196422857
2025-07-04 12:23:14.146 | INFO     | eval_module:run_evaluation:156 - Test AUROC:  0.7527543288611325
2025-07-04 12:23:14.148 | INFO     | eval_module:run_evaluation:162 - Train AUPRC: 1.0
2025-07-04 12:23:14.148 | INFO     | eval_module:run_evaluation:163 - Val AUPRC:   0.4614728478453217
2025-07-04 12:23:14.148 | INFO     | eval_module:run_evaluation:164 - Test AUPRC:  0.49878032706017716
2025-07-04 12:23:14.148 | INFO     | __main__:run_dimensionality_analysis:182 -     Results: AUROC=0.753, AUPRC=0.499
2025-07-04 12:23:14.149 | INFO     | __main__:run_dimensionality_analysis:149 -     Reducing to 200 dimensions...
2025-07-04 12:23:14.149 | INFO     | reducers:fit_transform:55 - Applying PCA to reduce from 768 to 200 dimensions
2025-07-04 12:23:14.312 | INFO     | __main__:run_dimensionality_analysis:163 -     Reduced shapes - Train: (2569, 200), Val: (2231, 200), Test: (2195, 200)
2025-07-04 12:23:14.312 | CRITICAL | eval_module:run_evaluation:76 - Start | Training knn
2025-07-04 12:23:14.313 | INFO     | eval_module:run_evaluation:77 - Train shape: X = (2569, 200), Y = (2569,)
2025-07-04 12:23:14.313 | INFO     | eval_module:run_evaluation:78 - Val shape: X = (2231, 200), Y = (2231,)
2025-07-04 12:23:14.313 | INFO     | eval_module:run_evaluation:79 - Test shape: X = (2195, 200), Y = (2195,)
2025-07-04 12:23:14.313 | INFO     | eval_module:run_evaluation:80 - Train prevalence:  0.26508369015181005
2025-07-04 12:23:14.313 | INFO     | eval_module:run_evaluation:81 - Val prevalence:  0.23935454952935903
2025-07-04 12:23:14.313 | INFO     | eval_module:run_evaluation:82 - Test prevalence:  0.25148063781321184
2025-07-04 12:23:14.314 | CRITICAL | eval_module:run_evaluation:91 - Start | Fitting knn...
2025-07-04 12:23:20.917 | INFO     | eval_module:run_evaluation:140 - Best hparams: {'algorithm': 'auto', 'leaf_size': 30, 'metric': 'cosine', 'metric_params': None, 'n_jobs': None, 'n_neighbors': 5, 'p': 2, 'weights': 'distance'}
2025-07-04 12:23:20.917 | CRITICAL | eval_module:run_evaluation:143 - Finish | Fitting knn...
2025-07-04 12:23:21.309 | INFO     | eval_module:run_evaluation:154 - Train AUROC: 1.0
2025-07-04 12:23:21.309 | INFO     | eval_module:run_evaluation:155 - Val AUROC:   0.7374955583658318
2025-07-04 12:23:21.309 | INFO     | eval_module:run_evaluation:156 - Test AUROC:  0.7403521306905889
2025-07-04 12:23:21.311 | INFO     | eval_module:run_evaluation:162 - Train AUPRC: 1.0
2025-07-04 12:23:21.312 | INFO     | eval_module:run_evaluation:163 - Val AUPRC:   0.47183932077322455
2025-07-04 12:23:21.312 | INFO     | eval_module:run_evaluation:164 - Test AUPRC:  0.4863301055345796
2025-07-04 12:23:21.312 | INFO     | __main__:run_dimensionality_analysis:182 -     Results: AUROC=0.740, AUPRC=0.486
2025-07-04 12:23:21.312 | INFO     | __main__:run_dimensionality_analysis:149 -     Reducing to 400 dimensions...
2025-07-04 12:23:21.312 | INFO     | reducers:fit_transform:55 - Applying PCA to reduce from 768 to 400 dimensions
2025-07-04 12:23:21.672 | INFO     | __main__:run_dimensionality_analysis:163 -     Reduced shapes - Train: (2569, 400), Val: (2231, 400), Test: (2195, 400)
2025-07-04 12:23:21.673 | CRITICAL | eval_module:run_evaluation:76 - Start | Training knn
2025-07-04 12:23:21.673 | INFO     | eval_module:run_evaluation:77 - Train shape: X = (2569, 400), Y = (2569,)
2025-07-04 12:23:21.673 | INFO     | eval_module:run_evaluation:78 - Val shape: X = (2231, 400), Y = (2231,)
2025-07-04 12:23:21.673 | INFO     | eval_module:run_evaluation:79 - Test shape: X = (2195, 400), Y = (2195,)
2025-07-04 12:23:21.674 | INFO     | eval_module:run_evaluation:80 - Train prevalence:  0.26508369015181005
2025-07-04 12:23:21.674 | INFO     | eval_module:run_evaluation:81 - Val prevalence:  0.23935454952935903
2025-07-04 12:23:21.674 | INFO     | eval_module:run_evaluation:82 - Test prevalence:  0.25148063781321184
2025-07-04 12:23:21.675 | CRITICAL | eval_module:run_evaluation:91 - Start | Fitting knn...
2025-07-04 12:23:29.139 | INFO     | eval_module:run_evaluation:140 - Best hparams: {'algorithm': 'auto', 'leaf_size': 30, 'metric': 'cosine', 'metric_params': None, 'n_jobs': None, 'n_neighbors': 5, 'p': 2, 'weights': 'distance'}
2025-07-04 12:23:29.139 | CRITICAL | eval_module:run_evaluation:143 - Finish | Fitting knn...
2025-07-04 12:23:29.541 | INFO     | eval_module:run_evaluation:154 - Train AUROC: 1.0
2025-07-04 12:23:29.542 | INFO     | eval_module:run_evaluation:155 - Val AUROC:   0.7509898499003529
2025-07-04 12:23:29.542 | INFO     | eval_module:run_evaluation:156 - Test AUROC:  0.7499928330113701
2025-07-04 12:23:29.544 | INFO     | eval_module:run_evaluation:162 - Train AUPRC: 1.0
2025-07-04 12:23:29.544 | INFO     | eval_module:run_evaluation:163 - Val AUPRC:   0.47641730135700033
2025-07-04 12:23:29.544 | INFO     | eval_module:run_evaluation:164 - Test AUPRC:  0.49169675444063576
2025-07-04 12:23:29.545 | INFO     | __main__:run_dimensionality_analysis:182 -     Results: AUROC=0.750, AUPRC=0.492
2025-07-04 12:23:29.545 | INFO     | __main__:run_dimensionality_analysis:142 - 
  Testing method: umap
2025-07-04 12:23:29.545 | INFO     | __main__:run_dimensionality_analysis:149 -     Reducing to 2 dimensions...
2025-07-04 12:23:29.545 | INFO     | reducers:fit_transform:101 - Applying UMAP to reduce from 768 to 2 dimensions
2025-07-04 12:23:29.545 | INFO     | reducers:fit_transform:102 - Using n_neighbors: 15, n_jobs: 16
/home/pvenema/.conda/envs/EHRSHOT_ENV/lib/python3.10/site-packages/umap/umap_.py:1952: UserWarning: n_jobs value 1 overridden to 1 by setting random_state. Use no seed for parallelism.
  warn(
2025-07-04 12:24:00.599 | INFO     | __main__:run_dimensionality_analysis:163 -     Reduced shapes - Train: (2569, 2), Val: (2231, 2), Test: (2195, 2)
2025-07-04 12:24:00.600 | CRITICAL | eval_module:run_evaluation:76 - Start | Training knn
2025-07-04 12:24:00.600 | INFO     | eval_module:run_evaluation:77 - Train shape: X = (2569, 2), Y = (2569,)
2025-07-04 12:24:00.600 | INFO     | eval_module:run_evaluation:78 - Val shape: X = (2231, 2), Y = (2231,)
2025-07-04 12:24:00.600 | INFO     | eval_module:run_evaluation:79 - Test shape: X = (2195, 2), Y = (2195,)
2025-07-04 12:24:00.600 | INFO     | eval_module:run_evaluation:80 - Train prevalence:  0.26508369015181005
2025-07-04 12:24:00.601 | INFO     | eval_module:run_evaluation:81 - Val prevalence:  0.23935454952935903
2025-07-04 12:24:00.601 | INFO     | eval_module:run_evaluation:82 - Test prevalence:  0.25148063781321184
2025-07-04 12:24:00.601 | CRITICAL | eval_module:run_evaluation:91 - Start | Fitting knn...
2025-07-04 12:24:05.751 | INFO     | eval_module:run_evaluation:140 - Best hparams: {'algorithm': 'auto', 'leaf_size': 30, 'metric': 'euclidean', 'metric_params': None, 'n_jobs': None, 'n_neighbors': 5, 'p': 2, 'weights': 'distance'}
2025-07-04 12:24:05.751 | CRITICAL | eval_module:run_evaluation:143 - Finish | Fitting knn...
2025-07-04 12:24:05.780 | INFO     | eval_module:run_evaluation:154 - Train AUROC: 1.0
2025-07-04 12:24:05.781 | INFO     | eval_module:run_evaluation:155 - Val AUROC:   0.6221079719884617
2025-07-04 12:24:05.781 | INFO     | eval_module:run_evaluation:156 - Test AUROC:  0.6608233657060697
2025-07-04 12:24:05.783 | INFO     | eval_module:run_evaluation:162 - Train AUPRC: 1.0
2025-07-04 12:24:05.783 | INFO     | eval_module:run_evaluation:163 - Val AUPRC:   0.31613842590949837
2025-07-04 12:24:05.783 | INFO     | eval_module:run_evaluation:164 - Test AUPRC:  0.37595628570293826
2025-07-04 12:24:05.783 | INFO     | __main__:run_dimensionality_analysis:182 -     Results: AUROC=0.661, AUPRC=0.376
2025-07-04 12:24:05.784 | INFO     | __main__:run_dimensionality_analysis:149 -     Reducing to 5 dimensions...
2025-07-04 12:24:05.784 | INFO     | reducers:fit_transform:101 - Applying UMAP to reduce from 768 to 5 dimensions
2025-07-04 12:24:05.784 | INFO     | reducers:fit_transform:102 - Using n_neighbors: 15, n_jobs: 16
/home/pvenema/.conda/envs/EHRSHOT_ENV/lib/python3.10/site-packages/umap/umap_.py:1952: UserWarning: n_jobs value 1 overridden to 1 by setting random_state. Use no seed for parallelism.
  warn(
2025-07-04 12:24:21.573 | INFO     | __main__:run_dimensionality_analysis:163 -     Reduced shapes - Train: (2569, 5), Val: (2231, 5), Test: (2195, 5)
2025-07-04 12:24:21.573 | CRITICAL | eval_module:run_evaluation:76 - Start | Training knn
2025-07-04 12:24:21.574 | INFO     | eval_module:run_evaluation:77 - Train shape: X = (2569, 5), Y = (2569,)
2025-07-04 12:24:21.574 | INFO     | eval_module:run_evaluation:78 - Val shape: X = (2231, 5), Y = (2231,)
2025-07-04 12:24:21.574 | INFO     | eval_module:run_evaluation:79 - Test shape: X = (2195, 5), Y = (2195,)
2025-07-04 12:24:21.574 | INFO     | eval_module:run_evaluation:80 - Train prevalence:  0.26508369015181005
2025-07-04 12:24:21.574 | INFO     | eval_module:run_evaluation:81 - Val prevalence:  0.23935454952935903
2025-07-04 12:24:21.574 | INFO     | eval_module:run_evaluation:82 - Test prevalence:  0.25148063781321184
2025-07-04 12:24:21.575 | CRITICAL | eval_module:run_evaluation:91 - Start | Fitting knn...
2025-07-04 12:24:26.717 | INFO     | eval_module:run_evaluation:140 - Best hparams: {'algorithm': 'auto', 'leaf_size': 30, 'metric': 'euclidean', 'metric_params': None, 'n_jobs': None, 'n_neighbors': 5, 'p': 2, 'weights': 'distance'}
2025-07-04 12:24:26.717 | CRITICAL | eval_module:run_evaluation:143 - Finish | Fitting knn...
2025-07-04 12:24:26.780 | INFO     | eval_module:run_evaluation:154 - Train AUROC: 1.0
2025-07-04 12:24:26.780 | INFO     | eval_module:run_evaluation:155 - Val AUROC:   0.6679373602678443
2025-07-04 12:24:26.780 | INFO     | eval_module:run_evaluation:156 - Test AUROC:  0.6579372745155115
2025-07-04 12:24:26.782 | INFO     | eval_module:run_evaluation:162 - Train AUPRC: 1.0
2025-07-04 12:24:26.782 | INFO     | eval_module:run_evaluation:163 - Val AUPRC:   0.3562835705564151
2025-07-04 12:24:26.782 | INFO     | eval_module:run_evaluation:164 - Test AUPRC:  0.3812812331509977
2025-07-04 12:24:26.782 | INFO     | __main__:run_dimensionality_analysis:182 -     Results: AUROC=0.658, AUPRC=0.381
2025-07-04 12:24:26.783 | INFO     | __main__:run_dimensionality_analysis:149 -     Reducing to 10 dimensions...
2025-07-04 12:24:26.783 | INFO     | reducers:fit_transform:101 - Applying UMAP to reduce from 768 to 10 dimensions
2025-07-04 12:24:26.783 | INFO     | reducers:fit_transform:102 - Using n_neighbors: 15, n_jobs: 16
/home/pvenema/.conda/envs/EHRSHOT_ENV/lib/python3.10/site-packages/umap/umap_.py:1952: UserWarning: n_jobs value 1 overridden to 1 by setting random_state. Use no seed for parallelism.
  warn(
2025-07-04 12:24:43.161 | INFO     | __main__:run_dimensionality_analysis:163 -     Reduced shapes - Train: (2569, 10), Val: (2231, 10), Test: (2195, 10)
2025-07-04 12:24:43.162 | CRITICAL | eval_module:run_evaluation:76 - Start | Training knn
2025-07-04 12:24:43.162 | INFO     | eval_module:run_evaluation:77 - Train shape: X = (2569, 10), Y = (2569,)
2025-07-04 12:24:43.162 | INFO     | eval_module:run_evaluation:78 - Val shape: X = (2231, 10), Y = (2231,)
2025-07-04 12:24:43.163 | INFO     | eval_module:run_evaluation:79 - Test shape: X = (2195, 10), Y = (2195,)
2025-07-04 12:24:43.163 | INFO     | eval_module:run_evaluation:80 - Train prevalence:  0.26508369015181005
2025-07-04 12:24:43.163 | INFO     | eval_module:run_evaluation:81 - Val prevalence:  0.23935454952935903
2025-07-04 12:24:43.163 | INFO     | eval_module:run_evaluation:82 - Test prevalence:  0.25148063781321184
2025-07-04 12:24:43.163 | CRITICAL | eval_module:run_evaluation:91 - Start | Fitting knn...
2025-07-04 12:24:46.892 | INFO     | eval_module:run_evaluation:140 - Best hparams: {'algorithm': 'auto', 'leaf_size': 30, 'metric': 'euclidean', 'metric_params': None, 'n_jobs': None, 'n_neighbors': 5, 'p': 2, 'weights': 'distance'}
2025-07-04 12:24:46.892 | CRITICAL | eval_module:run_evaluation:143 - Finish | Fitting knn...
2025-07-04 12:24:46.962 | INFO     | eval_module:run_evaluation:154 - Train AUROC: 1.0
2025-07-04 12:24:46.962 | INFO     | eval_module:run_evaluation:155 - Val AUROC:   0.6706139276405378
2025-07-04 12:24:46.962 | INFO     | eval_module:run_evaluation:156 - Test AUROC:  0.6721499642753183
2025-07-04 12:24:46.964 | INFO     | eval_module:run_evaluation:162 - Train AUPRC: 1.0
2025-07-04 12:24:46.965 | INFO     | eval_module:run_evaluation:163 - Val AUPRC:   0.3552345360218122
2025-07-04 12:24:46.965 | INFO     | eval_module:run_evaluation:164 - Test AUPRC:  0.4027849512551466
2025-07-04 12:24:46.965 | INFO     | __main__:run_dimensionality_analysis:182 -     Results: AUROC=0.672, AUPRC=0.403
2025-07-04 12:24:46.965 | INFO     | __main__:run_dimensionality_analysis:149 -     Reducing to 25 dimensions...
2025-07-04 12:24:46.965 | INFO     | reducers:fit_transform:101 - Applying UMAP to reduce from 768 to 25 dimensions
2025-07-04 12:24:46.965 | INFO     | reducers:fit_transform:102 - Using n_neighbors: 15, n_jobs: 16
/home/pvenema/.conda/envs/EHRSHOT_ENV/lib/python3.10/site-packages/umap/umap_.py:1952: UserWarning: n_jobs value 1 overridden to 1 by setting random_state. Use no seed for parallelism.
  warn(
2025-07-04 12:25:04.229 | INFO     | __main__:run_dimensionality_analysis:163 -     Reduced shapes - Train: (2569, 25), Val: (2231, 25), Test: (2195, 25)
2025-07-04 12:25:04.230 | CRITICAL | eval_module:run_evaluation:76 - Start | Training knn
2025-07-04 12:25:04.230 | INFO     | eval_module:run_evaluation:77 - Train shape: X = (2569, 25), Y = (2569,)
2025-07-04 12:25:04.230 | INFO     | eval_module:run_evaluation:78 - Val shape: X = (2231, 25), Y = (2231,)
2025-07-04 12:25:04.230 | INFO     | eval_module:run_evaluation:79 - Test shape: X = (2195, 25), Y = (2195,)
2025-07-04 12:25:04.230 | INFO     | eval_module:run_evaluation:80 - Train prevalence:  0.26508369015181005
2025-07-04 12:25:04.230 | INFO     | eval_module:run_evaluation:81 - Val prevalence:  0.23935454952935903
2025-07-04 12:25:04.231 | INFO     | eval_module:run_evaluation:82 - Test prevalence:  0.25148063781321184
2025-07-04 12:25:04.231 | CRITICAL | eval_module:run_evaluation:91 - Start | Fitting knn...
2025-07-04 12:25:05.546 | INFO     | eval_module:run_evaluation:140 - Best hparams: {'algorithm': 'auto', 'leaf_size': 30, 'metric': 'euclidean', 'metric_params': None, 'n_jobs': None, 'n_neighbors': 5, 'p': 2, 'weights': 'distance'}
2025-07-04 12:25:05.547 | CRITICAL | eval_module:run_evaluation:143 - Finish | Fitting knn...
2025-07-04 12:25:05.633 | INFO     | eval_module:run_evaluation:154 - Train AUROC: 1.0
2025-07-04 12:25:05.634 | INFO     | eval_module:run_evaluation:155 - Val AUROC:   0.6942169371373584
2025-07-04 12:25:05.634 | INFO     | eval_module:run_evaluation:156 - Test AUROC:  0.6807316061993348
2025-07-04 12:25:05.636 | INFO     | eval_module:run_evaluation:162 - Train AUPRC: 1.0
2025-07-04 12:25:05.636 | INFO     | eval_module:run_evaluation:163 - Val AUPRC:   0.3897048020961327
2025-07-04 12:25:05.636 | INFO     | eval_module:run_evaluation:164 - Test AUPRC:  0.4049862520305714
2025-07-04 12:25:05.636 | INFO     | __main__:run_dimensionality_analysis:182 -     Results: AUROC=0.681, AUPRC=0.405
2025-07-04 12:25:05.637 | INFO     | __main__:run_dimensionality_analysis:149 -     Reducing to 50 dimensions...
2025-07-04 12:25:05.637 | INFO     | reducers:fit_transform:101 - Applying UMAP to reduce from 768 to 50 dimensions
2025-07-04 12:25:05.637 | INFO     | reducers:fit_transform:102 - Using n_neighbors: 15, n_jobs: 16
/home/pvenema/.conda/envs/EHRSHOT_ENV/lib/python3.10/site-packages/umap/umap_.py:1952: UserWarning: n_jobs value 1 overridden to 1 by setting random_state. Use no seed for parallelism.
  warn(
2025-07-04 12:25:23.390 | INFO     | __main__:run_dimensionality_analysis:163 -     Reduced shapes - Train: (2569, 50), Val: (2231, 50), Test: (2195, 50)
2025-07-04 12:25:23.391 | CRITICAL | eval_module:run_evaluation:76 - Start | Training knn
2025-07-04 12:25:23.391 | INFO     | eval_module:run_evaluation:77 - Train shape: X = (2569, 50), Y = (2569,)
2025-07-04 12:25:23.391 | INFO     | eval_module:run_evaluation:78 - Val shape: X = (2231, 50), Y = (2231,)
2025-07-04 12:25:23.391 | INFO     | eval_module:run_evaluation:79 - Test shape: X = (2195, 50), Y = (2195,)
2025-07-04 12:25:23.391 | INFO     | eval_module:run_evaluation:80 - Train prevalence:  0.26508369015181005
2025-07-04 12:25:23.391 | INFO     | eval_module:run_evaluation:81 - Val prevalence:  0.23935454952935903
2025-07-04 12:25:23.391 | INFO     | eval_module:run_evaluation:82 - Test prevalence:  0.25148063781321184
2025-07-04 12:25:23.392 | CRITICAL | eval_module:run_evaluation:91 - Start | Fitting knn...
2025-07-04 12:25:24.778 | INFO     | eval_module:run_evaluation:140 - Best hparams: {'algorithm': 'auto', 'leaf_size': 30, 'metric': 'cosine', 'metric_params': None, 'n_jobs': None, 'n_neighbors': 5, 'p': 2, 'weights': 'uniform'}
2025-07-04 12:25:24.778 | CRITICAL | eval_module:run_evaluation:143 - Finish | Fitting knn...
2025-07-04 12:25:25.133 | INFO     | eval_module:run_evaluation:154 - Train AUROC: 0.8681284066303293
2025-07-04 12:25:25.133 | INFO     | eval_module:run_evaluation:155 - Val AUROC:   0.6748900350695984
2025-07-04 12:25:25.133 | INFO     | eval_module:run_evaluation:156 - Test AUROC:  0.6891335221007877
2025-07-04 12:25:25.135 | INFO     | eval_module:run_evaluation:162 - Train AUPRC: 0.6397206188425376
2025-07-04 12:25:25.135 | INFO     | eval_module:run_evaluation:163 - Val AUPRC:   0.35610231045570506
2025-07-04 12:25:25.135 | INFO     | eval_module:run_evaluation:164 - Test AUPRC:  0.39619069157170766
2025-07-04 12:25:25.135 | INFO     | __main__:run_dimensionality_analysis:182 -     Results: AUROC=0.689, AUPRC=0.396
2025-07-04 12:25:25.136 | INFO     | __main__:run_dimensionality_analysis:149 -     Reducing to 100 dimensions...
2025-07-04 12:25:25.136 | INFO     | reducers:fit_transform:101 - Applying UMAP to reduce from 768 to 100 dimensions
2025-07-04 12:25:25.136 | INFO     | reducers:fit_transform:102 - Using n_neighbors: 15, n_jobs: 16
/home/pvenema/.conda/envs/EHRSHOT_ENV/lib/python3.10/site-packages/umap/umap_.py:1952: UserWarning: n_jobs value 1 overridden to 1 by setting random_state. Use no seed for parallelism.
  warn(
2025-07-04 12:25:43.954 | INFO     | __main__:run_dimensionality_analysis:163 -     Reduced shapes - Train: (2569, 100), Val: (2231, 100), Test: (2195, 100)
2025-07-04 12:25:43.954 | CRITICAL | eval_module:run_evaluation:76 - Start | Training knn
2025-07-04 12:25:43.955 | INFO     | eval_module:run_evaluation:77 - Train shape: X = (2569, 100), Y = (2569,)
2025-07-04 12:25:43.955 | INFO     | eval_module:run_evaluation:78 - Val shape: X = (2231, 100), Y = (2231,)
2025-07-04 12:25:43.955 | INFO     | eval_module:run_evaluation:79 - Test shape: X = (2195, 100), Y = (2195,)
2025-07-04 12:25:43.955 | INFO     | eval_module:run_evaluation:80 - Train prevalence:  0.26508369015181005
2025-07-04 12:25:43.955 | INFO     | eval_module:run_evaluation:81 - Val prevalence:  0.23935454952935903
2025-07-04 12:25:43.955 | INFO     | eval_module:run_evaluation:82 - Test prevalence:  0.25148063781321184
2025-07-04 12:25:43.956 | CRITICAL | eval_module:run_evaluation:91 - Start | Fitting knn...
2025-07-04 12:25:45.669 | INFO     | eval_module:run_evaluation:140 - Best hparams: {'algorithm': 'auto', 'leaf_size': 30, 'metric': 'euclidean', 'metric_params': None, 'n_jobs': None, 'n_neighbors': 5, 'p': 2, 'weights': 'distance'}
2025-07-04 12:25:45.670 | CRITICAL | eval_module:run_evaluation:143 - Finish | Fitting knn...
2025-07-04 12:25:45.751 | INFO     | eval_module:run_evaluation:154 - Train AUROC: 1.0
2025-07-04 12:25:45.751 | INFO     | eval_module:run_evaluation:155 - Val AUROC:   0.6850506180768441
2025-07-04 12:25:45.751 | INFO     | eval_module:run_evaluation:156 - Test AUROC:  0.6728644579110323
2025-07-04 12:25:45.753 | INFO     | eval_module:run_evaluation:162 - Train AUPRC: 1.0
2025-07-04 12:25:45.754 | INFO     | eval_module:run_evaluation:163 - Val AUPRC:   0.3829580269406794
2025-07-04 12:25:45.754 | INFO     | eval_module:run_evaluation:164 - Test AUPRC:  0.3942862046636416
2025-07-04 12:25:45.754 | INFO     | __main__:run_dimensionality_analysis:182 -     Results: AUROC=0.673, AUPRC=0.394
2025-07-04 12:25:45.754 | INFO     | __main__:run_dimensionality_analysis:149 -     Reducing to 200 dimensions...
2025-07-04 12:25:45.754 | INFO     | reducers:fit_transform:101 - Applying UMAP to reduce from 768 to 200 dimensions
2025-07-04 12:25:45.754 | INFO     | reducers:fit_transform:102 - Using n_neighbors: 15, n_jobs: 16
/home/pvenema/.conda/envs/EHRSHOT_ENV/lib/python3.10/site-packages/umap/umap_.py:1952: UserWarning: n_jobs value 1 overridden to 1 by setting random_state. Use no seed for parallelism.
  warn(
2025-07-04 12:26:06.691 | INFO     | __main__:run_dimensionality_analysis:163 -     Reduced shapes - Train: (2569, 200), Val: (2231, 200), Test: (2195, 200)
2025-07-04 12:26:06.692 | CRITICAL | eval_module:run_evaluation:76 - Start | Training knn
2025-07-04 12:26:06.692 | INFO     | eval_module:run_evaluation:77 - Train shape: X = (2569, 200), Y = (2569,)
2025-07-04 12:26:06.692 | INFO     | eval_module:run_evaluation:78 - Val shape: X = (2231, 200), Y = (2231,)
2025-07-04 12:26:06.692 | INFO     | eval_module:run_evaluation:79 - Test shape: X = (2195, 200), Y = (2195,)
2025-07-04 12:26:06.693 | INFO     | eval_module:run_evaluation:80 - Train prevalence:  0.26508369015181005
2025-07-04 12:26:06.693 | INFO     | eval_module:run_evaluation:81 - Val prevalence:  0.23935454952935903
2025-07-04 12:26:06.693 | INFO     | eval_module:run_evaluation:82 - Test prevalence:  0.25148063781321184
2025-07-04 12:26:06.693 | CRITICAL | eval_module:run_evaluation:91 - Start | Fitting knn...
2025-07-04 12:26:08.740 | INFO     | eval_module:run_evaluation:140 - Best hparams: {'algorithm': 'auto', 'leaf_size': 30, 'metric': 'euclidean', 'metric_params': None, 'n_jobs': None, 'n_neighbors': 5, 'p': 2, 'weights': 'uniform'}
2025-07-04 12:26:08.740 | CRITICAL | eval_module:run_evaluation:143 - Finish | Fitting knn...
2025-07-04 12:26:08.838 | INFO     | eval_module:run_evaluation:154 - Train AUROC: 0.8730240766320715
2025-07-04 12:26:08.838 | INFO     | eval_module:run_evaluation:155 - Val AUROC:   0.67115464832189
2025-07-04 12:26:08.839 | INFO     | eval_module:run_evaluation:156 - Test AUROC:  0.6733446461492321
2025-07-04 12:26:08.841 | INFO     | eval_module:run_evaluation:162 - Train AUPRC: 0.6609980668124019
2025-07-04 12:26:08.841 | INFO     | eval_module:run_evaluation:163 - Val AUPRC:   0.34753078913124846
2025-07-04 12:26:08.841 | INFO     | eval_module:run_evaluation:164 - Test AUPRC:  0.3669389787612066
2025-07-04 12:26:08.841 | INFO     | __main__:run_dimensionality_analysis:182 -     Results: AUROC=0.673, AUPRC=0.367
2025-07-04 12:26:08.841 | INFO     | __main__:run_dimensionality_analysis:149 -     Reducing to 400 dimensions...
2025-07-04 12:26:08.841 | INFO     | reducers:fit_transform:101 - Applying UMAP to reduce from 768 to 400 dimensions
2025-07-04 12:26:08.841 | INFO     | reducers:fit_transform:102 - Using n_neighbors: 15, n_jobs: 16
/home/pvenema/.conda/envs/EHRSHOT_ENV/lib/python3.10/site-packages/umap/umap_.py:1952: UserWarning: n_jobs value 1 overridden to 1 by setting random_state. Use no seed for parallelism.
  warn(
2025-07-04 12:26:36.076 | INFO     | __main__:run_dimensionality_analysis:163 -     Reduced shapes - Train: (2569, 400), Val: (2231, 400), Test: (2195, 400)
2025-07-04 12:26:36.077 | CRITICAL | eval_module:run_evaluation:76 - Start | Training knn
2025-07-04 12:26:36.077 | INFO     | eval_module:run_evaluation:77 - Train shape: X = (2569, 400), Y = (2569,)
2025-07-04 12:26:36.077 | INFO     | eval_module:run_evaluation:78 - Val shape: X = (2231, 400), Y = (2231,)
2025-07-04 12:26:36.077 | INFO     | eval_module:run_evaluation:79 - Test shape: X = (2195, 400), Y = (2195,)
2025-07-04 12:26:36.077 | INFO     | eval_module:run_evaluation:80 - Train prevalence:  0.26508369015181005
2025-07-04 12:26:36.077 | INFO     | eval_module:run_evaluation:81 - Val prevalence:  0.23935454952935903
2025-07-04 12:26:36.077 | INFO     | eval_module:run_evaluation:82 - Test prevalence:  0.25148063781321184
2025-07-04 12:26:36.078 | CRITICAL | eval_module:run_evaluation:91 - Start | Fitting knn...
2025-07-04 12:26:38.958 | INFO     | eval_module:run_evaluation:140 - Best hparams: {'algorithm': 'auto', 'leaf_size': 30, 'metric': 'euclidean', 'metric_params': None, 'n_jobs': None, 'n_neighbors': 5, 'p': 2, 'weights': 'distance'}
2025-07-04 12:26:38.958 | CRITICAL | eval_module:run_evaluation:143 - Finish | Fitting knn...
2025-07-04 12:26:39.150 | INFO     | eval_module:run_evaluation:154 - Train AUROC: 1.0
2025-07-04 12:26:39.150 | INFO     | eval_module:run_evaluation:155 - Val AUROC:   0.6750169389029772
2025-07-04 12:26:39.151 | INFO     | eval_module:run_evaluation:156 - Test AUROC:  0.680104770347632
2025-07-04 12:26:39.153 | INFO     | eval_module:run_evaluation:162 - Train AUPRC: 1.0
2025-07-04 12:26:39.153 | INFO     | eval_module:run_evaluation:163 - Val AUPRC:   0.3750504390923236
2025-07-04 12:26:39.153 | INFO     | eval_module:run_evaluation:164 - Test AUPRC:  0.4024552289364383
2025-07-04 12:26:39.153 | INFO     | __main__:run_dimensionality_analysis:182 -     Results: AUROC=0.680, AUPRC=0.402
2025-07-04 12:26:39.153 | INFO     | __main__:run_dimensionality_analysis:119 - 
Processing model: clinicalbert_type3_clinicalbert_pool
2025-07-04 12:26:39.157 | INFO     | __main__:run_dimensionality_analysis:138 - Data shapes - Train: (2569, 768), Val: (2231, 768), Test: (2195, 768)
2025-07-04 12:26:39.157 | INFO     | __main__:run_dimensionality_analysis:139 - Label distribution - Train: 0.265, Val: 0.239, Test: 0.251
2025-07-04 12:26:39.157 | INFO     | __main__:run_dimensionality_analysis:142 - 
  Testing method: pca
2025-07-04 12:26:39.157 | INFO     | __main__:run_dimensionality_analysis:149 -     Reducing to 2 dimensions...
2025-07-04 12:26:39.158 | INFO     | reducers:fit_transform:55 - Applying PCA to reduce from 768 to 2 dimensions
2025-07-04 12:26:39.178 | INFO     | __main__:run_dimensionality_analysis:163 -     Reduced shapes - Train: (2569, 2), Val: (2231, 2), Test: (2195, 2)
2025-07-04 12:26:39.178 | CRITICAL | eval_module:run_evaluation:76 - Start | Training knn
2025-07-04 12:26:39.178 | INFO     | eval_module:run_evaluation:77 - Train shape: X = (2569, 2), Y = (2569,)
2025-07-04 12:26:39.178 | INFO     | eval_module:run_evaluation:78 - Val shape: X = (2231, 2), Y = (2231,)
2025-07-04 12:26:39.178 | INFO     | eval_module:run_evaluation:79 - Test shape: X = (2195, 2), Y = (2195,)
2025-07-04 12:26:39.179 | INFO     | eval_module:run_evaluation:80 - Train prevalence:  0.26508369015181005
2025-07-04 12:26:39.179 | INFO     | eval_module:run_evaluation:81 - Val prevalence:  0.23935454952935903
2025-07-04 12:26:39.179 | INFO     | eval_module:run_evaluation:82 - Test prevalence:  0.25148063781321184
2025-07-04 12:26:39.179 | CRITICAL | eval_module:run_evaluation:91 - Start | Fitting knn...
2025-07-04 12:26:39.893 | INFO     | eval_module:run_evaluation:140 - Best hparams: {'algorithm': 'auto', 'leaf_size': 30, 'metric': 'euclidean', 'metric_params': None, 'n_jobs': None, 'n_neighbors': 5, 'p': 2, 'weights': 'uniform'}
2025-07-04 12:26:39.894 | CRITICAL | eval_module:run_evaluation:143 - Finish | Fitting knn...
2025-07-04 12:26:39.920 | INFO     | eval_module:run_evaluation:154 - Train AUROC: 0.7813584988426789
2025-07-04 12:26:39.920 | INFO     | eval_module:run_evaluation:155 - Val AUROC:   0.5462525849759103
2025-07-04 12:26:39.920 | INFO     | eval_module:run_evaluation:156 - Test AUROC:  0.545907318708266
2025-07-04 12:26:39.922 | INFO     | eval_module:run_evaluation:162 - Train AUPRC: 0.5078711154434306
2025-07-04 12:26:39.922 | INFO     | eval_module:run_evaluation:163 - Val AUPRC:   0.26398596605435387
2025-07-04 12:26:39.922 | INFO     | eval_module:run_evaluation:164 - Test AUPRC:  0.2833041484133694
2025-07-04 12:26:39.922 | INFO     | __main__:run_dimensionality_analysis:182 -     Results: AUROC=0.546, AUPRC=0.283
2025-07-04 12:26:39.923 | INFO     | __main__:run_dimensionality_analysis:149 -     Reducing to 5 dimensions...
2025-07-04 12:26:39.923 | INFO     | reducers:fit_transform:55 - Applying PCA to reduce from 768 to 5 dimensions
2025-07-04 12:26:39.946 | INFO     | __main__:run_dimensionality_analysis:163 -     Reduced shapes - Train: (2569, 5), Val: (2231, 5), Test: (2195, 5)
2025-07-04 12:26:39.946 | CRITICAL | eval_module:run_evaluation:76 - Start | Training knn
2025-07-04 12:26:39.946 | INFO     | eval_module:run_evaluation:77 - Train shape: X = (2569, 5), Y = (2569,)
2025-07-04 12:26:39.947 | INFO     | eval_module:run_evaluation:78 - Val shape: X = (2231, 5), Y = (2231,)
2025-07-04 12:26:39.947 | INFO     | eval_module:run_evaluation:79 - Test shape: X = (2195, 5), Y = (2195,)
2025-07-04 12:26:39.947 | INFO     | eval_module:run_evaluation:80 - Train prevalence:  0.26508369015181005
2025-07-04 12:26:39.947 | INFO     | eval_module:run_evaluation:81 - Val prevalence:  0.23935454952935903
2025-07-04 12:26:39.947 | INFO     | eval_module:run_evaluation:82 - Test prevalence:  0.25148063781321184
2025-07-04 12:26:39.947 | CRITICAL | eval_module:run_evaluation:91 - Start | Fitting knn...
2025-07-04 12:26:40.727 | INFO     | eval_module:run_evaluation:140 - Best hparams: {'algorithm': 'auto', 'leaf_size': 30, 'metric': 'euclidean', 'metric_params': None, 'n_jobs': None, 'n_neighbors': 5, 'p': 2, 'weights': 'distance'}
2025-07-04 12:26:40.728 | CRITICAL | eval_module:run_evaluation:143 - Finish | Fitting knn...
2025-07-04 12:26:40.785 | INFO     | eval_module:run_evaluation:154 - Train AUROC: 1.0
2025-07-04 12:26:40.785 | INFO     | eval_module:run_evaluation:155 - Val AUROC:   0.5822138208206153
2025-07-04 12:26:40.785 | INFO     | eval_module:run_evaluation:156 - Test AUROC:  0.5775214568613442
2025-07-04 12:26:40.787 | INFO     | eval_module:run_evaluation:162 - Train AUPRC: 1.0
2025-07-04 12:26:40.787 | INFO     | eval_module:run_evaluation:163 - Val AUPRC:   0.30364855668622726
2025-07-04 12:26:40.787 | INFO     | eval_module:run_evaluation:164 - Test AUPRC:  0.2977641312251208
2025-07-04 12:26:40.788 | INFO     | __main__:run_dimensionality_analysis:182 -     Results: AUROC=0.578, AUPRC=0.298
2025-07-04 12:26:40.788 | INFO     | __main__:run_dimensionality_analysis:149 -     Reducing to 10 dimensions...
2025-07-04 12:26:40.788 | INFO     | reducers:fit_transform:55 - Applying PCA to reduce from 768 to 10 dimensions
2025-07-04 12:26:40.807 | INFO     | __main__:run_dimensionality_analysis:163 -     Reduced shapes - Train: (2569, 10), Val: (2231, 10), Test: (2195, 10)
2025-07-04 12:26:40.807 | CRITICAL | eval_module:run_evaluation:76 - Start | Training knn
2025-07-04 12:26:40.807 | INFO     | eval_module:run_evaluation:77 - Train shape: X = (2569, 10), Y = (2569,)
2025-07-04 12:26:40.807 | INFO     | eval_module:run_evaluation:78 - Val shape: X = (2231, 10), Y = (2231,)
2025-07-04 12:26:40.807 | INFO     | eval_module:run_evaluation:79 - Test shape: X = (2195, 10), Y = (2195,)
2025-07-04 12:26:40.808 | INFO     | eval_module:run_evaluation:80 - Train prevalence:  0.26508369015181005
2025-07-04 12:26:40.808 | INFO     | eval_module:run_evaluation:81 - Val prevalence:  0.23935454952935903
2025-07-04 12:26:40.808 | INFO     | eval_module:run_evaluation:82 - Test prevalence:  0.25148063781321184
2025-07-04 12:26:40.808 | CRITICAL | eval_module:run_evaluation:91 - Start | Fitting knn...
2025-07-04 12:26:41.827 | INFO     | eval_module:run_evaluation:140 - Best hparams: {'algorithm': 'auto', 'leaf_size': 30, 'metric': 'cosine', 'metric_params': None, 'n_jobs': None, 'n_neighbors': 5, 'p': 2, 'weights': 'distance'}
2025-07-04 12:26:41.827 | CRITICAL | eval_module:run_evaluation:143 - Finish | Fitting knn...
2025-07-04 12:26:42.188 | INFO     | eval_module:run_evaluation:154 - Train AUROC: 1.0
2025-07-04 12:26:42.189 | INFO     | eval_module:run_evaluation:155 - Val AUROC:   0.6063299632089235
2025-07-04 12:26:42.189 | INFO     | eval_module:run_evaluation:156 - Test AUROC:  0.6389491651009553
2025-07-04 12:26:42.191 | INFO     | eval_module:run_evaluation:162 - Train AUPRC: 1.0
2025-07-04 12:26:42.191 | INFO     | eval_module:run_evaluation:163 - Val AUPRC:   0.3095344464659484
2025-07-04 12:26:42.191 | INFO     | eval_module:run_evaluation:164 - Test AUPRC:  0.3403470476666288
2025-07-04 12:26:42.191 | INFO     | __main__:run_dimensionality_analysis:182 -     Results: AUROC=0.639, AUPRC=0.340
2025-07-04 12:26:42.192 | INFO     | __main__:run_dimensionality_analysis:149 -     Reducing to 25 dimensions...
2025-07-04 12:26:42.192 | INFO     | reducers:fit_transform:55 - Applying PCA to reduce from 768 to 25 dimensions
2025-07-04 12:26:42.218 | INFO     | __main__:run_dimensionality_analysis:163 -     Reduced shapes - Train: (2569, 25), Val: (2231, 25), Test: (2195, 25)
2025-07-04 12:26:42.219 | CRITICAL | eval_module:run_evaluation:76 - Start | Training knn
2025-07-04 12:26:42.219 | INFO     | eval_module:run_evaluation:77 - Train shape: X = (2569, 25), Y = (2569,)
2025-07-04 12:26:42.219 | INFO     | eval_module:run_evaluation:78 - Val shape: X = (2231, 25), Y = (2231,)
2025-07-04 12:26:42.219 | INFO     | eval_module:run_evaluation:79 - Test shape: X = (2195, 25), Y = (2195,)
2025-07-04 12:26:42.219 | INFO     | eval_module:run_evaluation:80 - Train prevalence:  0.26508369015181005
2025-07-04 12:26:42.219 | INFO     | eval_module:run_evaluation:81 - Val prevalence:  0.23935454952935903
2025-07-04 12:26:42.220 | INFO     | eval_module:run_evaluation:82 - Test prevalence:  0.25148063781321184
2025-07-04 12:26:42.220 | CRITICAL | eval_module:run_evaluation:91 - Start | Fitting knn...
2025-07-04 12:26:43.536 | INFO     | eval_module:run_evaluation:140 - Best hparams: {'algorithm': 'auto', 'leaf_size': 30, 'metric': 'cosine', 'metric_params': None, 'n_jobs': None, 'n_neighbors': 5, 'p': 2, 'weights': 'uniform'}
2025-07-04 12:26:43.536 | CRITICAL | eval_module:run_evaluation:143 - Finish | Fitting knn...
2025-07-04 12:26:43.883 | INFO     | eval_module:run_evaluation:154 - Train AUROC: 0.8462376956868016
2025-07-04 12:26:43.883 | INFO     | eval_module:run_evaluation:155 - Val AUROC:   0.6362914065138083
2025-07-04 12:26:43.883 | INFO     | eval_module:run_evaluation:156 - Test AUROC:  0.6267118076688983
2025-07-04 12:26:43.885 | INFO     | eval_module:run_evaluation:162 - Train AUPRC: 0.6194713424014551
2025-07-04 12:26:43.885 | INFO     | eval_module:run_evaluation:163 - Val AUPRC:   0.3229668132473833
2025-07-04 12:26:43.885 | INFO     | eval_module:run_evaluation:164 - Test AUPRC:  0.32514970292037887
2025-07-04 12:26:43.885 | INFO     | __main__:run_dimensionality_analysis:182 -     Results: AUROC=0.627, AUPRC=0.325
2025-07-04 12:26:43.886 | INFO     | __main__:run_dimensionality_analysis:149 -     Reducing to 50 dimensions...
2025-07-04 12:26:43.886 | INFO     | reducers:fit_transform:55 - Applying PCA to reduce from 768 to 50 dimensions
2025-07-04 12:26:43.920 | INFO     | __main__:run_dimensionality_analysis:163 -     Reduced shapes - Train: (2569, 50), Val: (2231, 50), Test: (2195, 50)
2025-07-04 12:26:43.920 | CRITICAL | eval_module:run_evaluation:76 - Start | Training knn
2025-07-04 12:26:43.921 | INFO     | eval_module:run_evaluation:77 - Train shape: X = (2569, 50), Y = (2569,)
2025-07-04 12:26:43.921 | INFO     | eval_module:run_evaluation:78 - Val shape: X = (2231, 50), Y = (2231,)
2025-07-04 12:26:43.921 | INFO     | eval_module:run_evaluation:79 - Test shape: X = (2195, 50), Y = (2195,)
2025-07-04 12:26:43.921 | INFO     | eval_module:run_evaluation:80 - Train prevalence:  0.26508369015181005
2025-07-04 12:26:43.921 | INFO     | eval_module:run_evaluation:81 - Val prevalence:  0.23935454952935903
2025-07-04 12:26:43.921 | INFO     | eval_module:run_evaluation:82 - Test prevalence:  0.25148063781321184
2025-07-04 12:26:43.922 | CRITICAL | eval_module:run_evaluation:91 - Start | Fitting knn...
2025-07-04 12:26:45.334 | INFO     | eval_module:run_evaluation:140 - Best hparams: {'algorithm': 'auto', 'leaf_size': 30, 'metric': 'cosine', 'metric_params': None, 'n_jobs': None, 'n_neighbors': 5, 'p': 2, 'weights': 'uniform'}
2025-07-04 12:26:45.334 | CRITICAL | eval_module:run_evaluation:143 - Finish | Fitting knn...
2025-07-04 12:26:45.686 | INFO     | eval_module:run_evaluation:154 - Train AUROC: 0.8513845852310908
2025-07-04 12:26:45.686 | INFO     | eval_module:run_evaluation:155 - Val AUROC:   0.6461121079499181
2025-07-04 12:26:45.686 | INFO     | eval_module:run_evaluation:156 - Test AUROC:  0.6330639648222147
2025-07-04 12:26:45.688 | INFO     | eval_module:run_evaluation:162 - Train AUPRC: 0.6237767496209022
2025-07-04 12:26:45.688 | INFO     | eval_module:run_evaluation:163 - Val AUPRC:   0.3445559478978253
2025-07-04 12:26:45.689 | INFO     | eval_module:run_evaluation:164 - Test AUPRC:  0.3295065087685213
2025-07-04 12:26:45.689 | INFO     | __main__:run_dimensionality_analysis:182 -     Results: AUROC=0.633, AUPRC=0.330
2025-07-04 12:26:45.689 | INFO     | __main__:run_dimensionality_analysis:149 -     Reducing to 100 dimensions...
2025-07-04 12:26:45.689 | INFO     | reducers:fit_transform:55 - Applying PCA to reduce from 768 to 100 dimensions
2025-07-04 12:26:45.736 | INFO     | __main__:run_dimensionality_analysis:163 -     Reduced shapes - Train: (2569, 100), Val: (2231, 100), Test: (2195, 100)
2025-07-04 12:26:45.737 | CRITICAL | eval_module:run_evaluation:76 - Start | Training knn
2025-07-04 12:26:45.737 | INFO     | eval_module:run_evaluation:77 - Train shape: X = (2569, 100), Y = (2569,)
2025-07-04 12:26:45.737 | INFO     | eval_module:run_evaluation:78 - Val shape: X = (2231, 100), Y = (2231,)
2025-07-04 12:26:45.737 | INFO     | eval_module:run_evaluation:79 - Test shape: X = (2195, 100), Y = (2195,)
2025-07-04 12:26:45.737 | INFO     | eval_module:run_evaluation:80 - Train prevalence:  0.26508369015181005
2025-07-04 12:26:45.737 | INFO     | eval_module:run_evaluation:81 - Val prevalence:  0.23935454952935903
2025-07-04 12:26:45.737 | INFO     | eval_module:run_evaluation:82 - Test prevalence:  0.25148063781321184
2025-07-04 12:26:45.738 | CRITICAL | eval_module:run_evaluation:91 - Start | Fitting knn...
2025-07-04 12:26:47.442 | INFO     | eval_module:run_evaluation:140 - Best hparams: {'algorithm': 'auto', 'leaf_size': 30, 'metric': 'cosine', 'metric_params': None, 'n_jobs': None, 'n_neighbors': 5, 'p': 2, 'weights': 'uniform'}
2025-07-04 12:26:47.442 | CRITICAL | eval_module:run_evaluation:143 - Finish | Fitting knn...
2025-07-04 12:26:47.781 | INFO     | eval_module:run_evaluation:154 - Train AUROC: 0.8551124343562557
2025-07-04 12:26:47.782 | INFO     | eval_module:run_evaluation:155 - Val AUROC:   0.6513179238974264
2025-07-04 12:26:47.782 | INFO     | eval_module:run_evaluation:156 - Test AUROC:  0.6361887718648284
2025-07-04 12:26:47.784 | INFO     | eval_module:run_evaluation:162 - Train AUPRC: 0.6263466300226824
2025-07-04 12:26:47.784 | INFO     | eval_module:run_evaluation:163 - Val AUPRC:   0.34434477007592473
2025-07-04 12:26:47.784 | INFO     | eval_module:run_evaluation:164 - Test AUPRC:  0.3297389531397147
2025-07-04 12:26:47.784 | INFO     | __main__:run_dimensionality_analysis:182 -     Results: AUROC=0.636, AUPRC=0.330
2025-07-04 12:26:47.784 | INFO     | __main__:run_dimensionality_analysis:149 -     Reducing to 200 dimensions...
2025-07-04 12:26:47.785 | INFO     | reducers:fit_transform:55 - Applying PCA to reduce from 768 to 200 dimensions
2025-07-04 12:26:47.868 | INFO     | __main__:run_dimensionality_analysis:163 -     Reduced shapes - Train: (2569, 200), Val: (2231, 200), Test: (2195, 200)
2025-07-04 12:26:47.868 | CRITICAL | eval_module:run_evaluation:76 - Start | Training knn
2025-07-04 12:26:47.868 | INFO     | eval_module:run_evaluation:77 - Train shape: X = (2569, 200), Y = (2569,)
2025-07-04 12:26:47.869 | INFO     | eval_module:run_evaluation:78 - Val shape: X = (2231, 200), Y = (2231,)
2025-07-04 12:26:47.869 | INFO     | eval_module:run_evaluation:79 - Test shape: X = (2195, 200), Y = (2195,)
2025-07-04 12:26:47.869 | INFO     | eval_module:run_evaluation:80 - Train prevalence:  0.26508369015181005
2025-07-04 12:26:47.869 | INFO     | eval_module:run_evaluation:81 - Val prevalence:  0.23935454952935903
2025-07-04 12:26:47.869 | INFO     | eval_module:run_evaluation:82 - Test prevalence:  0.25148063781321184
2025-07-04 12:26:47.870 | CRITICAL | eval_module:run_evaluation:91 - Start | Fitting knn...
2025-07-04 12:26:49.930 | INFO     | eval_module:run_evaluation:140 - Best hparams: {'algorithm': 'auto', 'leaf_size': 30, 'metric': 'cosine', 'metric_params': None, 'n_jobs': None, 'n_neighbors': 5, 'p': 2, 'weights': 'uniform'}
2025-07-04 12:26:49.930 | CRITICAL | eval_module:run_evaluation:143 - Finish | Fitting knn...
2025-07-04 12:26:50.278 | INFO     | eval_module:run_evaluation:154 - Train AUROC: 0.8583635107892182
2025-07-04 12:26:50.278 | INFO     | eval_module:run_evaluation:155 - Val AUROC:   0.6738687350887996
2025-07-04 12:26:50.278 | INFO     | eval_module:run_evaluation:156 - Test AUROC:  0.6509252031014316
2025-07-04 12:26:50.280 | INFO     | eval_module:run_evaluation:162 - Train AUPRC: 0.6333613254105467
2025-07-04 12:26:50.280 | INFO     | eval_module:run_evaluation:163 - Val AUPRC:   0.36500885353573526
2025-07-04 12:26:50.280 | INFO     | eval_module:run_evaluation:164 - Test AUPRC:  0.33976828441195295
2025-07-04 12:26:50.281 | INFO     | __main__:run_dimensionality_analysis:182 -     Results: AUROC=0.651, AUPRC=0.340
2025-07-04 12:26:50.281 | INFO     | __main__:run_dimensionality_analysis:149 -     Reducing to 400 dimensions...
2025-07-04 12:26:50.281 | INFO     | reducers:fit_transform:55 - Applying PCA to reduce from 768 to 400 dimensions
2025-07-04 12:26:50.483 | INFO     | __main__:run_dimensionality_analysis:163 -     Reduced shapes - Train: (2569, 400), Val: (2231, 400), Test: (2195, 400)
2025-07-04 12:26:50.483 | CRITICAL | eval_module:run_evaluation:76 - Start | Training knn
2025-07-04 12:26:50.483 | INFO     | eval_module:run_evaluation:77 - Train shape: X = (2569, 400), Y = (2569,)
2025-07-04 12:26:50.484 | INFO     | eval_module:run_evaluation:78 - Val shape: X = (2231, 400), Y = (2231,)
2025-07-04 12:26:50.484 | INFO     | eval_module:run_evaluation:79 - Test shape: X = (2195, 400), Y = (2195,)
2025-07-04 12:26:50.484 | INFO     | eval_module:run_evaluation:80 - Train prevalence:  0.26508369015181005
2025-07-04 12:26:50.484 | INFO     | eval_module:run_evaluation:81 - Val prevalence:  0.23935454952935903
2025-07-04 12:26:50.484 | INFO     | eval_module:run_evaluation:82 - Test prevalence:  0.25148063781321184
2025-07-04 12:26:50.485 | CRITICAL | eval_module:run_evaluation:91 - Start | Fitting knn...
2025-07-04 12:26:53.374 | INFO     | eval_module:run_evaluation:140 - Best hparams: {'algorithm': 'auto', 'leaf_size': 30, 'metric': 'cosine', 'metric_params': None, 'n_jobs': None, 'n_neighbors': 5, 'p': 2, 'weights': 'distance'}
2025-07-04 12:26:53.374 | CRITICAL | eval_module:run_evaluation:143 - Finish | Fitting knn...
2025-07-04 12:26:53.779 | INFO     | eval_module:run_evaluation:154 - Train AUROC: 1.0
2025-07-04 12:26:53.779 | INFO     | eval_module:run_evaluation:155 - Val AUROC:   0.6651769260139616
2025-07-04 12:26:53.779 | INFO     | eval_module:run_evaluation:156 - Test AUROC:  0.6608228143992521
2025-07-04 12:26:53.781 | INFO     | eval_module:run_evaluation:162 - Train AUPRC: 1.0
2025-07-04 12:26:53.782 | INFO     | eval_module:run_evaluation:163 - Val AUPRC:   0.3887212512962367
2025-07-04 12:26:53.782 | INFO     | eval_module:run_evaluation:164 - Test AUPRC:  0.3640192266593095
2025-07-04 12:26:53.782 | INFO     | __main__:run_dimensionality_analysis:182 -     Results: AUROC=0.661, AUPRC=0.364
2025-07-04 12:26:53.782 | INFO     | __main__:run_dimensionality_analysis:142 - 
  Testing method: umap
2025-07-04 12:26:53.782 | INFO     | __main__:run_dimensionality_analysis:149 -     Reducing to 2 dimensions...
2025-07-04 12:26:53.782 | INFO     | reducers:fit_transform:101 - Applying UMAP to reduce from 768 to 2 dimensions
2025-07-04 12:26:53.782 | INFO     | reducers:fit_transform:102 - Using n_neighbors: 15, n_jobs: 16
/home/pvenema/.conda/envs/EHRSHOT_ENV/lib/python3.10/site-packages/umap/umap_.py:1952: UserWarning: n_jobs value 1 overridden to 1 by setting random_state. Use no seed for parallelism.
  warn(
2025-07-04 12:27:09.582 | INFO     | __main__:run_dimensionality_analysis:163 -     Reduced shapes - Train: (2569, 2), Val: (2231, 2), Test: (2195, 2)
2025-07-04 12:27:09.583 | CRITICAL | eval_module:run_evaluation:76 - Start | Training knn
2025-07-04 12:27:09.583 | INFO     | eval_module:run_evaluation:77 - Train shape: X = (2569, 2), Y = (2569,)
2025-07-04 12:27:09.583 | INFO     | eval_module:run_evaluation:78 - Val shape: X = (2231, 2), Y = (2231,)
2025-07-04 12:27:09.583 | INFO     | eval_module:run_evaluation:79 - Test shape: X = (2195, 2), Y = (2195,)
2025-07-04 12:27:09.583 | INFO     | eval_module:run_evaluation:80 - Train prevalence:  0.26508369015181005
2025-07-04 12:27:09.583 | INFO     | eval_module:run_evaluation:81 - Val prevalence:  0.23935454952935903
2025-07-04 12:27:09.584 | INFO     | eval_module:run_evaluation:82 - Test prevalence:  0.25148063781321184
2025-07-04 12:27:09.584 | CRITICAL | eval_module:run_evaluation:91 - Start | Fitting knn...
2025-07-04 12:27:10.304 | INFO     | eval_module:run_evaluation:140 - Best hparams: {'algorithm': 'auto', 'leaf_size': 30, 'metric': 'euclidean', 'metric_params': None, 'n_jobs': None, 'n_neighbors': 5, 'p': 2, 'weights': 'uniform'}
2025-07-04 12:27:10.305 | CRITICAL | eval_module:run_evaluation:143 - Finish | Fitting knn...
2025-07-04 12:27:10.330 | INFO     | eval_module:run_evaluation:154 - Train AUROC: 0.8131471042086662
2025-07-04 12:27:10.330 | INFO     | eval_module:run_evaluation:155 - Val AUROC:   0.568121426001823
2025-07-04 12:27:10.330 | INFO     | eval_module:run_evaluation:156 - Test AUROC:  0.5798049697001774
2025-07-04 12:27:10.332 | INFO     | eval_module:run_evaluation:162 - Train AUPRC: 0.558743084468243
2025-07-04 12:27:10.332 | INFO     | eval_module:run_evaluation:163 - Val AUPRC:   0.2767661861399636
2025-07-04 12:27:10.332 | INFO     | eval_module:run_evaluation:164 - Test AUPRC:  0.29306716275774
2025-07-04 12:27:10.332 | INFO     | __main__:run_dimensionality_analysis:182 -     Results: AUROC=0.580, AUPRC=0.293
2025-07-04 12:27:10.333 | INFO     | __main__:run_dimensionality_analysis:149 -     Reducing to 5 dimensions...
2025-07-04 12:27:10.333 | INFO     | reducers:fit_transform:101 - Applying UMAP to reduce from 768 to 5 dimensions
2025-07-04 12:27:10.333 | INFO     | reducers:fit_transform:102 - Using n_neighbors: 15, n_jobs: 16
/home/pvenema/.conda/envs/EHRSHOT_ENV/lib/python3.10/site-packages/umap/umap_.py:1952: UserWarning: n_jobs value 1 overridden to 1 by setting random_state. Use no seed for parallelism.
  warn(
2025-07-04 12:27:26.416 | INFO     | __main__:run_dimensionality_analysis:163 -     Reduced shapes - Train: (2569, 5), Val: (2231, 5), Test: (2195, 5)
2025-07-04 12:27:26.417 | CRITICAL | eval_module:run_evaluation:76 - Start | Training knn
2025-07-04 12:27:26.417 | INFO     | eval_module:run_evaluation:77 - Train shape: X = (2569, 5), Y = (2569,)
2025-07-04 12:27:26.417 | INFO     | eval_module:run_evaluation:78 - Val shape: X = (2231, 5), Y = (2231,)
2025-07-04 12:27:26.417 | INFO     | eval_module:run_evaluation:79 - Test shape: X = (2195, 5), Y = (2195,)
2025-07-04 12:27:26.417 | INFO     | eval_module:run_evaluation:80 - Train prevalence:  0.26508369015181005
2025-07-04 12:27:26.417 | INFO     | eval_module:run_evaluation:81 - Val prevalence:  0.23935454952935903
2025-07-04 12:27:26.418 | INFO     | eval_module:run_evaluation:82 - Test prevalence:  0.25148063781321184
2025-07-04 12:27:26.418 | CRITICAL | eval_module:run_evaluation:91 - Start | Fitting knn...
2025-07-04 12:27:27.151 | INFO     | eval_module:run_evaluation:140 - Best hparams: {'algorithm': 'auto', 'leaf_size': 30, 'metric': 'euclidean', 'metric_params': None, 'n_jobs': None, 'n_neighbors': 5, 'p': 2, 'weights': 'distance'}
2025-07-04 12:27:27.151 | CRITICAL | eval_module:run_evaluation:143 - Finish | Fitting knn...
2025-07-04 12:27:27.193 | INFO     | eval_module:run_evaluation:154 - Train AUROC: 1.0
2025-07-04 12:27:27.193 | INFO     | eval_module:run_evaluation:155 - Val AUROC:   0.5806391097751264
2025-07-04 12:27:27.194 | INFO     | eval_module:run_evaluation:156 - Test AUROC:  0.5945391957095099
2025-07-04 12:27:27.196 | INFO     | eval_module:run_evaluation:162 - Train AUPRC: 1.0
2025-07-04 12:27:27.196 | INFO     | eval_module:run_evaluation:163 - Val AUPRC:   0.2953993805220143
2025-07-04 12:27:27.196 | INFO     | eval_module:run_evaluation:164 - Test AUPRC:  0.3184161733568543
2025-07-04 12:27:27.196 | INFO     | __main__:run_dimensionality_analysis:182 -     Results: AUROC=0.595, AUPRC=0.318
2025-07-04 12:27:27.196 | INFO     | __main__:run_dimensionality_analysis:149 -     Reducing to 10 dimensions...
2025-07-04 12:27:27.196 | INFO     | reducers:fit_transform:101 - Applying UMAP to reduce from 768 to 10 dimensions
2025-07-04 12:27:27.196 | INFO     | reducers:fit_transform:102 - Using n_neighbors: 15, n_jobs: 16
/home/pvenema/.conda/envs/EHRSHOT_ENV/lib/python3.10/site-packages/umap/umap_.py:1952: UserWarning: n_jobs value 1 overridden to 1 by setting random_state. Use no seed for parallelism.
  warn(
2025-07-04 12:27:43.710 | INFO     | __main__:run_dimensionality_analysis:163 -     Reduced shapes - Train: (2569, 10), Val: (2231, 10), Test: (2195, 10)
2025-07-04 12:27:43.710 | CRITICAL | eval_module:run_evaluation:76 - Start | Training knn
2025-07-04 12:27:43.710 | INFO     | eval_module:run_evaluation:77 - Train shape: X = (2569, 10), Y = (2569,)
2025-07-04 12:27:43.710 | INFO     | eval_module:run_evaluation:78 - Val shape: X = (2231, 10), Y = (2231,)
2025-07-04 12:27:43.711 | INFO     | eval_module:run_evaluation:79 - Test shape: X = (2195, 10), Y = (2195,)
2025-07-04 12:27:43.711 | INFO     | eval_module:run_evaluation:80 - Train prevalence:  0.26508369015181005
2025-07-04 12:27:43.711 | INFO     | eval_module:run_evaluation:81 - Val prevalence:  0.23935454952935903
2025-07-04 12:27:43.711 | INFO     | eval_module:run_evaluation:82 - Test prevalence:  0.25148063781321184
2025-07-04 12:27:43.711 | CRITICAL | eval_module:run_evaluation:91 - Start | Fitting knn...
2025-07-04 12:27:44.512 | INFO     | eval_module:run_evaluation:140 - Best hparams: {'algorithm': 'auto', 'leaf_size': 30, 'metric': 'cosine', 'metric_params': None, 'n_jobs': None, 'n_neighbors': 5, 'p': 2, 'weights': 'uniform'}
2025-07-04 12:27:44.512 | CRITICAL | eval_module:run_evaluation:143 - Finish | Fitting knn...
2025-07-04 12:27:44.893 | INFO     | eval_module:run_evaluation:154 - Train AUROC: 0.8224472827845392
2025-07-04 12:27:44.894 | INFO     | eval_module:run_evaluation:155 - Val AUROC:   0.591548977155103
2025-07-04 12:27:44.894 | INFO     | eval_module:run_evaluation:156 - Test AUROC:  0.5978051372974498
2025-07-04 12:27:44.896 | INFO     | eval_module:run_evaluation:162 - Train AUPRC: 0.5642391257538607
2025-07-04 12:27:44.896 | INFO     | eval_module:run_evaluation:163 - Val AUPRC:   0.29055495757745076
2025-07-04 12:27:44.896 | INFO     | eval_module:run_evaluation:164 - Test AUPRC:  0.3036121348920052
2025-07-04 12:27:44.896 | INFO     | __main__:run_dimensionality_analysis:182 -     Results: AUROC=0.598, AUPRC=0.304
2025-07-04 12:27:44.896 | INFO     | __main__:run_dimensionality_analysis:149 -     Reducing to 25 dimensions...
2025-07-04 12:27:44.896 | INFO     | reducers:fit_transform:101 - Applying UMAP to reduce from 768 to 25 dimensions
2025-07-04 12:27:44.896 | INFO     | reducers:fit_transform:102 - Using n_neighbors: 15, n_jobs: 16
/home/pvenema/.conda/envs/EHRSHOT_ENV/lib/python3.10/site-packages/umap/umap_.py:1952: UserWarning: n_jobs value 1 overridden to 1 by setting random_state. Use no seed for parallelism.
  warn(
2025-07-04 12:28:02.290 | INFO     | __main__:run_dimensionality_analysis:163 -     Reduced shapes - Train: (2569, 25), Val: (2231, 25), Test: (2195, 25)
2025-07-04 12:28:02.290 | CRITICAL | eval_module:run_evaluation:76 - Start | Training knn
2025-07-04 12:28:02.290 | INFO     | eval_module:run_evaluation:77 - Train shape: X = (2569, 25), Y = (2569,)
2025-07-04 12:28:02.290 | INFO     | eval_module:run_evaluation:78 - Val shape: X = (2231, 25), Y = (2231,)
2025-07-04 12:28:02.291 | INFO     | eval_module:run_evaluation:79 - Test shape: X = (2195, 25), Y = (2195,)
2025-07-04 12:28:02.291 | INFO     | eval_module:run_evaluation:80 - Train prevalence:  0.26508369015181005
2025-07-04 12:28:02.291 | INFO     | eval_module:run_evaluation:81 - Val prevalence:  0.23935454952935903
2025-07-04 12:28:02.291 | INFO     | eval_module:run_evaluation:82 - Test prevalence:  0.25148063781321184
2025-07-04 12:28:02.291 | CRITICAL | eval_module:run_evaluation:91 - Start | Fitting knn...
2025-07-04 12:28:03.552 | INFO     | eval_module:run_evaluation:140 - Best hparams: {'algorithm': 'auto', 'leaf_size': 30, 'metric': 'euclidean', 'metric_params': None, 'n_jobs': None, 'n_neighbors': 5, 'p': 2, 'weights': 'uniform'}
2025-07-04 12:28:03.553 | CRITICAL | eval_module:run_evaluation:143 - Finish | Fitting knn...
2025-07-04 12:28:03.639 | INFO     | eval_module:run_evaluation:154 - Train AUROC: 0.81624029343687
2025-07-04 12:28:03.639 | INFO     | eval_module:run_evaluation:155 - Val AUROC:   0.5874063946289884
2025-07-04 12:28:03.639 | INFO     | eval_module:run_evaluation:156 - Test AUROC:  0.6069937680277329
2025-07-04 12:28:03.641 | INFO     | eval_module:run_evaluation:162 - Train AUPRC: 0.5518831763366201
2025-07-04 12:28:03.641 | INFO     | eval_module:run_evaluation:163 - Val AUPRC:   0.2850222286653614
2025-07-04 12:28:03.641 | INFO     | eval_module:run_evaluation:164 - Test AUPRC:  0.30446101731899133
2025-07-04 12:28:03.641 | INFO     | __main__:run_dimensionality_analysis:182 -     Results: AUROC=0.607, AUPRC=0.304
2025-07-04 12:28:03.642 | INFO     | __main__:run_dimensionality_analysis:149 -     Reducing to 50 dimensions...
2025-07-04 12:28:03.642 | INFO     | reducers:fit_transform:101 - Applying UMAP to reduce from 768 to 50 dimensions
2025-07-04 12:28:03.642 | INFO     | reducers:fit_transform:102 - Using n_neighbors: 15, n_jobs: 16
/home/pvenema/.conda/envs/EHRSHOT_ENV/lib/python3.10/site-packages/umap/umap_.py:1952: UserWarning: n_jobs value 1 overridden to 1 by setting random_state. Use no seed for parallelism.
  warn(
2025-07-04 12:28:21.451 | INFO     | __main__:run_dimensionality_analysis:163 -     Reduced shapes - Train: (2569, 50), Val: (2231, 50), Test: (2195, 50)
2025-07-04 12:28:21.452 | CRITICAL | eval_module:run_evaluation:76 - Start | Training knn
2025-07-04 12:28:21.452 | INFO     | eval_module:run_evaluation:77 - Train shape: X = (2569, 50), Y = (2569,)
2025-07-04 12:28:21.452 | INFO     | eval_module:run_evaluation:78 - Val shape: X = (2231, 50), Y = (2231,)
2025-07-04 12:28:21.452 | INFO     | eval_module:run_evaluation:79 - Test shape: X = (2195, 50), Y = (2195,)
2025-07-04 12:28:21.452 | INFO     | eval_module:run_evaluation:80 - Train prevalence:  0.26508369015181005
2025-07-04 12:28:21.452 | INFO     | eval_module:run_evaluation:81 - Val prevalence:  0.23935454952935903
2025-07-04 12:28:21.452 | INFO     | eval_module:run_evaluation:82 - Test prevalence:  0.25148063781321184
2025-07-04 12:28:21.453 | CRITICAL | eval_module:run_evaluation:91 - Start | Fitting knn...
2025-07-04 12:28:22.819 | INFO     | eval_module:run_evaluation:140 - Best hparams: {'algorithm': 'auto', 'leaf_size': 30, 'metric': 'euclidean', 'metric_params': None, 'n_jobs': None, 'n_neighbors': 5, 'p': 2, 'weights': 'uniform'}
2025-07-04 12:28:22.819 | CRITICAL | eval_module:run_evaluation:143 - Finish | Fitting knn...
2025-07-04 12:28:22.905 | INFO     | eval_module:run_evaluation:154 - Train AUROC: 0.8190639855397098
2025-07-04 12:28:22.906 | INFO     | eval_module:run_evaluation:155 - Val AUROC:   0.584855627578079
2025-07-04 12:28:22.906 | INFO     | eval_module:run_evaluation:156 - Test AUROC:  0.599273818659751
2025-07-04 12:28:22.908 | INFO     | eval_module:run_evaluation:162 - Train AUPRC: 0.554970900718267
2025-07-04 12:28:22.908 | INFO     | eval_module:run_evaluation:163 - Val AUPRC:   0.28713064887664885
2025-07-04 12:28:22.908 | INFO     | eval_module:run_evaluation:164 - Test AUPRC:  0.30375045259333
2025-07-04 12:28:22.908 | INFO     | __main__:run_dimensionality_analysis:182 -     Results: AUROC=0.599, AUPRC=0.304
2025-07-04 12:28:22.908 | INFO     | __main__:run_dimensionality_analysis:149 -     Reducing to 100 dimensions...
2025-07-04 12:28:22.908 | INFO     | reducers:fit_transform:101 - Applying UMAP to reduce from 768 to 100 dimensions
2025-07-04 12:28:22.908 | INFO     | reducers:fit_transform:102 - Using n_neighbors: 15, n_jobs: 16
/home/pvenema/.conda/envs/EHRSHOT_ENV/lib/python3.10/site-packages/umap/umap_.py:1952: UserWarning: n_jobs value 1 overridden to 1 by setting random_state. Use no seed for parallelism.
  warn(
2025-07-04 12:28:41.905 | INFO     | __main__:run_dimensionality_analysis:163 -     Reduced shapes - Train: (2569, 100), Val: (2231, 100), Test: (2195, 100)
2025-07-04 12:28:41.905 | CRITICAL | eval_module:run_evaluation:76 - Start | Training knn
2025-07-04 12:28:41.905 | INFO     | eval_module:run_evaluation:77 - Train shape: X = (2569, 100), Y = (2569,)
2025-07-04 12:28:41.905 | INFO     | eval_module:run_evaluation:78 - Val shape: X = (2231, 100), Y = (2231,)
2025-07-04 12:28:41.905 | INFO     | eval_module:run_evaluation:79 - Test shape: X = (2195, 100), Y = (2195,)
2025-07-04 12:28:41.906 | INFO     | eval_module:run_evaluation:80 - Train prevalence:  0.26508369015181005
2025-07-04 12:28:41.906 | INFO     | eval_module:run_evaluation:81 - Val prevalence:  0.23935454952935903
2025-07-04 12:28:41.906 | INFO     | eval_module:run_evaluation:82 - Test prevalence:  0.25148063781321184
2025-07-04 12:28:41.906 | CRITICAL | eval_module:run_evaluation:91 - Start | Fitting knn...
2025-07-04 12:28:43.606 | INFO     | eval_module:run_evaluation:140 - Best hparams: {'algorithm': 'auto', 'leaf_size': 30, 'metric': 'euclidean', 'metric_params': None, 'n_jobs': None, 'n_neighbors': 5, 'p': 2, 'weights': 'distance'}
2025-07-04 12:28:43.606 | CRITICAL | eval_module:run_evaluation:143 - Finish | Fitting knn...
2025-07-04 12:28:43.692 | INFO     | eval_module:run_evaluation:154 - Train AUROC: 1.0
2025-07-04 12:28:43.692 | INFO     | eval_module:run_evaluation:155 - Val AUROC:   0.5944605924974453
2025-07-04 12:28:43.692 | INFO     | eval_module:run_evaluation:156 - Test AUROC:  0.6016637337143966
2025-07-04 12:28:43.695 | INFO     | eval_module:run_evaluation:162 - Train AUPRC: 1.0
2025-07-04 12:28:43.695 | INFO     | eval_module:run_evaluation:163 - Val AUPRC:   0.31737674361785734
2025-07-04 12:28:43.695 | INFO     | eval_module:run_evaluation:164 - Test AUPRC:  0.30941318207629565
2025-07-04 12:28:43.695 | INFO     | __main__:run_dimensionality_analysis:182 -     Results: AUROC=0.602, AUPRC=0.309
2025-07-04 12:28:43.695 | INFO     | __main__:run_dimensionality_analysis:149 -     Reducing to 200 dimensions...
2025-07-04 12:28:43.695 | INFO     | reducers:fit_transform:101 - Applying UMAP to reduce from 768 to 200 dimensions
2025-07-04 12:28:43.695 | INFO     | reducers:fit_transform:102 - Using n_neighbors: 15, n_jobs: 16
/home/pvenema/.conda/envs/EHRSHOT_ENV/lib/python3.10/site-packages/umap/umap_.py:1952: UserWarning: n_jobs value 1 overridden to 1 by setting random_state. Use no seed for parallelism.
  warn(
2025-07-04 12:29:04.959 | INFO     | __main__:run_dimensionality_analysis:163 -     Reduced shapes - Train: (2569, 200), Val: (2231, 200), Test: (2195, 200)
2025-07-04 12:29:04.959 | CRITICAL | eval_module:run_evaluation:76 - Start | Training knn
2025-07-04 12:29:04.960 | INFO     | eval_module:run_evaluation:77 - Train shape: X = (2569, 200), Y = (2569,)
2025-07-04 12:29:04.960 | INFO     | eval_module:run_evaluation:78 - Val shape: X = (2231, 200), Y = (2231,)
2025-07-04 12:29:04.960 | INFO     | eval_module:run_evaluation:79 - Test shape: X = (2195, 200), Y = (2195,)
2025-07-04 12:29:04.960 | INFO     | eval_module:run_evaluation:80 - Train prevalence:  0.26508369015181005
2025-07-04 12:29:04.960 | INFO     | eval_module:run_evaluation:81 - Val prevalence:  0.23935454952935903
2025-07-04 12:29:04.960 | INFO     | eval_module:run_evaluation:82 - Test prevalence:  0.25148063781321184
2025-07-04 12:29:04.961 | CRITICAL | eval_module:run_evaluation:91 - Start | Fitting knn...
2025-07-04 12:29:07.001 | INFO     | eval_module:run_evaluation:140 - Best hparams: {'algorithm': 'auto', 'leaf_size': 30, 'metric': 'cosine', 'metric_params': None, 'n_jobs': None, 'n_neighbors': 5, 'p': 2, 'weights': 'uniform'}
2025-07-04 12:29:07.002 | CRITICAL | eval_module:run_evaluation:143 - Finish | Fitting knn...
2025-07-04 12:29:07.367 | INFO     | eval_module:run_evaluation:154 - Train AUROC: 0.8239413779586351
2025-07-04 12:29:07.367 | INFO     | eval_module:run_evaluation:155 - Val AUROC:   0.5916532590007924
2025-07-04 12:29:07.368 | INFO     | eval_module:run_evaluation:156 - Test AUROC:  0.5956208596857993
2025-07-04 12:29:07.370 | INFO     | eval_module:run_evaluation:162 - Train AUPRC: 0.5595448474658348
2025-07-04 12:29:07.370 | INFO     | eval_module:run_evaluation:163 - Val AUPRC:   0.29018561401965837
2025-07-04 12:29:07.370 | INFO     | eval_module:run_evaluation:164 - Test AUPRC:  0.299332168400989
2025-07-04 12:29:07.370 | INFO     | __main__:run_dimensionality_analysis:182 -     Results: AUROC=0.596, AUPRC=0.299
2025-07-04 12:29:07.370 | INFO     | __main__:run_dimensionality_analysis:149 -     Reducing to 400 dimensions...
2025-07-04 12:29:07.370 | INFO     | reducers:fit_transform:101 - Applying UMAP to reduce from 768 to 400 dimensions
2025-07-04 12:29:07.370 | INFO     | reducers:fit_transform:102 - Using n_neighbors: 15, n_jobs: 16
/home/pvenema/.conda/envs/EHRSHOT_ENV/lib/python3.10/site-packages/umap/umap_.py:1952: UserWarning: n_jobs value 1 overridden to 1 by setting random_state. Use no seed for parallelism.
  warn(
2025-07-04 12:29:34.416 | INFO     | __main__:run_dimensionality_analysis:163 -     Reduced shapes - Train: (2569, 400), Val: (2231, 400), Test: (2195, 400)
2025-07-04 12:29:34.416 | CRITICAL | eval_module:run_evaluation:76 - Start | Training knn
2025-07-04 12:29:34.416 | INFO     | eval_module:run_evaluation:77 - Train shape: X = (2569, 400), Y = (2569,)
2025-07-04 12:29:34.416 | INFO     | eval_module:run_evaluation:78 - Val shape: X = (2231, 400), Y = (2231,)
2025-07-04 12:29:34.416 | INFO     | eval_module:run_evaluation:79 - Test shape: X = (2195, 400), Y = (2195,)
2025-07-04 12:29:34.417 | INFO     | eval_module:run_evaluation:80 - Train prevalence:  0.26508369015181005
2025-07-04 12:29:34.417 | INFO     | eval_module:run_evaluation:81 - Val prevalence:  0.23935454952935903
2025-07-04 12:29:34.417 | INFO     | eval_module:run_evaluation:82 - Test prevalence:  0.25148063781321184
2025-07-04 12:29:34.418 | CRITICAL | eval_module:run_evaluation:91 - Start | Fitting knn...
2025-07-04 12:29:37.251 | INFO     | eval_module:run_evaluation:140 - Best hparams: {'algorithm': 'auto', 'leaf_size': 30, 'metric': 'euclidean', 'metric_params': None, 'n_jobs': None, 'n_neighbors': 5, 'p': 2, 'weights': 'uniform'}
2025-07-04 12:29:37.252 | CRITICAL | eval_module:run_evaluation:143 - Finish | Fitting knn...
2025-07-04 12:29:37.462 | INFO     | eval_module:run_evaluation:154 - Train AUROC: 0.8233599952711615
2025-07-04 12:29:37.462 | INFO     | eval_module:run_evaluation:155 - Val AUROC:   0.5800774223734769
2025-07-04 12:29:37.462 | INFO     | eval_module:run_evaluation:156 - Test AUROC:  0.5967631674120335
2025-07-04 12:29:37.464 | INFO     | eval_module:run_evaluation:162 - Train AUPRC: 0.5739730601701296
2025-07-04 12:29:37.464 | INFO     | eval_module:run_evaluation:163 - Val AUPRC:   0.28555088173242427
2025-07-04 12:29:37.465 | INFO     | eval_module:run_evaluation:164 - Test AUPRC:  0.30278982525923237
2025-07-04 12:29:37.465 | INFO     | __main__:run_dimensionality_analysis:182 -     Results: AUROC=0.597, AUPRC=0.303
2025-07-04 12:29:37.465 | INFO     | __main__:run_dimensionality_analysis:94 - 
==================================================
2025-07-04 12:29:37.465 | INFO     | __main__:run_dimensionality_analysis:95 - Processing task: guo_readmission
2025-07-04 12:29:37.465 | INFO     | __main__:run_dimensionality_analysis:96 - ==================================================
2025-07-04 12:29:37.494 | INFO     | __main__:run_dimensionality_analysis:102 - Loaded labeled patients for guo_readmission
2025-07-04 12:29:56.104 | INFO     | __main__:run_dimensionality_analysis:119 - 
Processing model: clmbr
2025-07-04 12:29:56.108 | INFO     | __main__:run_dimensionality_analysis:138 - Data shapes - Train: (2608, 768), Val: (2206, 768), Test: (2189, 768)
2025-07-04 12:29:56.108 | INFO     | __main__:run_dimensionality_analysis:139 - Label distribution - Train: 0.142, Val: 0.127, Test: 0.119
2025-07-04 12:29:56.108 | INFO     | __main__:run_dimensionality_analysis:142 - 
  Testing method: pca
2025-07-04 12:29:56.108 | INFO     | __main__:run_dimensionality_analysis:149 -     Reducing to 2 dimensions...
2025-07-04 12:29:56.109 | INFO     | reducers:fit_transform:55 - Applying PCA to reduce from 768 to 2 dimensions
2025-07-04 12:29:56.159 | INFO     | __main__:run_dimensionality_analysis:163 -     Reduced shapes - Train: (2608, 2), Val: (2206, 2), Test: (2189, 2)
2025-07-04 12:29:56.159 | CRITICAL | eval_module:run_evaluation:76 - Start | Training knn
2025-07-04 12:29:56.159 | INFO     | eval_module:run_evaluation:77 - Train shape: X = (2608, 2), Y = (2608,)
2025-07-04 12:29:56.160 | INFO     | eval_module:run_evaluation:78 - Val shape: X = (2206, 2), Y = (2206,)
2025-07-04 12:29:56.160 | INFO     | eval_module:run_evaluation:79 - Test shape: X = (2189, 2), Y = (2189,)
2025-07-04 12:29:56.160 | INFO     | eval_module:run_evaluation:80 - Train prevalence:  0.1418711656441718
2025-07-04 12:29:56.160 | INFO     | eval_module:run_evaluation:81 - Val prevalence:  0.1273798730734361
2025-07-04 12:29:56.160 | INFO     | eval_module:run_evaluation:82 - Test prevalence:  0.1187756966651439
2025-07-04 12:29:56.160 | CRITICAL | eval_module:run_evaluation:91 - Start | Fitting knn...
2025-07-04 12:29:56.888 | INFO     | eval_module:run_evaluation:140 - Best hparams: {'algorithm': 'auto', 'leaf_size': 30, 'metric': 'euclidean', 'metric_params': None, 'n_jobs': None, 'n_neighbors': 5, 'p': 2, 'weights': 'uniform'}
2025-07-04 12:29:56.888 | CRITICAL | eval_module:run_evaluation:143 - Finish | Fitting knn...
2025-07-04 12:29:56.946 | INFO     | eval_module:run_evaluation:154 - Train AUROC: 0.8834794580102892
2025-07-04 12:29:56.947 | INFO     | eval_module:run_evaluation:155 - Val AUROC:   0.5545500762582614
2025-07-04 12:29:56.947 | INFO     | eval_module:run_evaluation:156 - Test AUROC:  0.5598167643657534
2025-07-04 12:29:56.949 | INFO     | eval_module:run_evaluation:162 - Train AUPRC: 0.4687321106759256
2025-07-04 12:29:56.949 | INFO     | eval_module:run_evaluation:163 - Val AUPRC:   0.1425814432601544
2025-07-04 12:29:56.949 | INFO     | eval_module:run_evaluation:164 - Test AUPRC:  0.1363623426274974
2025-07-04 12:29:56.949 | INFO     | __main__:run_dimensionality_analysis:182 -     Results: AUROC=0.560, AUPRC=0.136
2025-07-04 12:29:56.949 | INFO     | __main__:run_dimensionality_analysis:149 -     Reducing to 5 dimensions...
2025-07-04 12:29:56.950 | INFO     | reducers:fit_transform:55 - Applying PCA to reduce from 768 to 5 dimensions
2025-07-04 12:29:57.001 | INFO     | __main__:run_dimensionality_analysis:163 -     Reduced shapes - Train: (2608, 5), Val: (2206, 5), Test: (2189, 5)
2025-07-04 12:29:57.002 | CRITICAL | eval_module:run_evaluation:76 - Start | Training knn
2025-07-04 12:29:57.002 | INFO     | eval_module:run_evaluation:77 - Train shape: X = (2608, 5), Y = (2608,)
2025-07-04 12:29:57.002 | INFO     | eval_module:run_evaluation:78 - Val shape: X = (2206, 5), Y = (2206,)
2025-07-04 12:29:57.002 | INFO     | eval_module:run_evaluation:79 - Test shape: X = (2189, 5), Y = (2189,)
2025-07-04 12:29:57.002 | INFO     | eval_module:run_evaluation:80 - Train prevalence:  0.1418711656441718
2025-07-04 12:29:57.002 | INFO     | eval_module:run_evaluation:81 - Val prevalence:  0.1273798730734361
2025-07-04 12:29:57.002 | INFO     | eval_module:run_evaluation:82 - Test prevalence:  0.1187756966651439
2025-07-04 12:29:57.003 | CRITICAL | eval_module:run_evaluation:91 - Start | Fitting knn...
2025-07-04 12:29:57.797 | INFO     | eval_module:run_evaluation:140 - Best hparams: {'algorithm': 'auto', 'leaf_size': 30, 'metric': 'cosine', 'metric_params': None, 'n_jobs': None, 'n_neighbors': 5, 'p': 2, 'weights': 'uniform'}
2025-07-04 12:29:57.797 | CRITICAL | eval_module:run_evaluation:143 - Finish | Fitting knn...
2025-07-04 12:29:58.212 | INFO     | eval_module:run_evaluation:154 - Train AUROC: 0.9097927686399536
2025-07-04 12:29:58.212 | INFO     | eval_module:run_evaluation:155 - Val AUROC:   0.662588159171789
2025-07-04 12:29:58.212 | INFO     | eval_module:run_evaluation:156 - Test AUROC:  0.678670694261674
2025-07-04 12:29:58.214 | INFO     | eval_module:run_evaluation:162 - Train AUPRC: 0.5777501728889302
2025-07-04 12:29:58.214 | INFO     | eval_module:run_evaluation:163 - Val AUPRC:   0.23681758454717575
2025-07-04 12:29:58.215 | INFO     | eval_module:run_evaluation:164 - Test AUPRC:  0.2353190138186381
2025-07-04 12:29:58.215 | INFO     | __main__:run_dimensionality_analysis:182 -     Results: AUROC=0.679, AUPRC=0.235
2025-07-04 12:29:58.215 | INFO     | __main__:run_dimensionality_analysis:149 -     Reducing to 10 dimensions...
2025-07-04 12:29:58.215 | INFO     | reducers:fit_transform:55 - Applying PCA to reduce from 768 to 10 dimensions
2025-07-04 12:29:58.266 | INFO     | __main__:run_dimensionality_analysis:163 -     Reduced shapes - Train: (2608, 10), Val: (2206, 10), Test: (2189, 10)
2025-07-04 12:29:58.267 | CRITICAL | eval_module:run_evaluation:76 - Start | Training knn
2025-07-04 12:29:58.267 | INFO     | eval_module:run_evaluation:77 - Train shape: X = (2608, 10), Y = (2608,)
2025-07-04 12:29:58.267 | INFO     | eval_module:run_evaluation:78 - Val shape: X = (2206, 10), Y = (2206,)
2025-07-04 12:29:58.267 | INFO     | eval_module:run_evaluation:79 - Test shape: X = (2189, 10), Y = (2189,)
2025-07-04 12:29:58.267 | INFO     | eval_module:run_evaluation:80 - Train prevalence:  0.1418711656441718
2025-07-04 12:29:58.267 | INFO     | eval_module:run_evaluation:81 - Val prevalence:  0.1273798730734361
2025-07-04 12:29:58.268 | INFO     | eval_module:run_evaluation:82 - Test prevalence:  0.1187756966651439
2025-07-04 12:29:58.268 | CRITICAL | eval_module:run_evaluation:91 - Start | Fitting knn...
2025-07-04 12:29:59.280 | INFO     | eval_module:run_evaluation:140 - Best hparams: {'algorithm': 'auto', 'leaf_size': 30, 'metric': 'cosine', 'metric_params': None, 'n_jobs': None, 'n_neighbors': 5, 'p': 2, 'weights': 'uniform'}
2025-07-04 12:29:59.281 | CRITICAL | eval_module:run_evaluation:143 - Finish | Fitting knn...
2025-07-04 12:29:59.685 | INFO     | eval_module:run_evaluation:154 - Train AUROC: 0.9166763278023331
2025-07-04 12:29:59.686 | INFO     | eval_module:run_evaluation:155 - Val AUROC:   0.6825363959883534
2025-07-04 12:29:59.686 | INFO     | eval_module:run_evaluation:156 - Test AUROC:  0.7028681660485705
2025-07-04 12:29:59.688 | INFO     | eval_module:run_evaluation:162 - Train AUPRC: 0.6133633125929139
2025-07-04 12:29:59.688 | INFO     | eval_module:run_evaluation:163 - Val AUPRC:   0.2502571603130098
2025-07-04 12:29:59.688 | INFO     | eval_module:run_evaluation:164 - Test AUPRC:  0.2604878151537987
2025-07-04 12:29:59.688 | INFO     | __main__:run_dimensionality_analysis:182 -     Results: AUROC=0.703, AUPRC=0.260
2025-07-04 12:29:59.688 | INFO     | __main__:run_dimensionality_analysis:149 -     Reducing to 25 dimensions...
2025-07-04 12:29:59.688 | INFO     | reducers:fit_transform:55 - Applying PCA to reduce from 768 to 25 dimensions
2025-07-04 12:29:59.750 | INFO     | __main__:run_dimensionality_analysis:163 -     Reduced shapes - Train: (2608, 25), Val: (2206, 25), Test: (2189, 25)
2025-07-04 12:29:59.750 | CRITICAL | eval_module:run_evaluation:76 - Start | Training knn
2025-07-04 12:29:59.750 | INFO     | eval_module:run_evaluation:77 - Train shape: X = (2608, 25), Y = (2608,)
2025-07-04 12:29:59.751 | INFO     | eval_module:run_evaluation:78 - Val shape: X = (2206, 25), Y = (2206,)
2025-07-04 12:29:59.751 | INFO     | eval_module:run_evaluation:79 - Test shape: X = (2189, 25), Y = (2189,)
2025-07-04 12:29:59.751 | INFO     | eval_module:run_evaluation:80 - Train prevalence:  0.1418711656441718
2025-07-04 12:29:59.751 | INFO     | eval_module:run_evaluation:81 - Val prevalence:  0.1273798730734361
2025-07-04 12:29:59.751 | INFO     | eval_module:run_evaluation:82 - Test prevalence:  0.1187756966651439
2025-07-04 12:29:59.751 | CRITICAL | eval_module:run_evaluation:91 - Start | Fitting knn...
2025-07-04 12:30:00.995 | INFO     | eval_module:run_evaluation:140 - Best hparams: {'algorithm': 'auto', 'leaf_size': 30, 'metric': 'cosine', 'metric_params': None, 'n_jobs': None, 'n_neighbors': 5, 'p': 2, 'weights': 'distance'}
2025-07-04 12:30:00.996 | CRITICAL | eval_module:run_evaluation:143 - Finish | Fitting knn...
2025-07-04 12:30:01.415 | INFO     | eval_module:run_evaluation:154 - Train AUROC: 1.0
2025-07-04 12:30:01.415 | INFO     | eval_module:run_evaluation:155 - Val AUROC:   0.7114655451310254
2025-07-04 12:30:01.416 | INFO     | eval_module:run_evaluation:156 - Test AUROC:  0.7282719224787655
2025-07-04 12:30:01.417 | INFO     | eval_module:run_evaluation:162 - Train AUPRC: 1.0
2025-07-04 12:30:01.418 | INFO     | eval_module:run_evaluation:163 - Val AUPRC:   0.34914852657516726
2025-07-04 12:30:01.418 | INFO     | eval_module:run_evaluation:164 - Test AUPRC:  0.32193037122651846
2025-07-04 12:30:01.418 | INFO     | __main__:run_dimensionality_analysis:182 -     Results: AUROC=0.728, AUPRC=0.322
2025-07-04 12:30:01.418 | INFO     | __main__:run_dimensionality_analysis:149 -     Reducing to 50 dimensions...
2025-07-04 12:30:01.418 | INFO     | reducers:fit_transform:55 - Applying PCA to reduce from 768 to 50 dimensions
2025-07-04 12:30:01.493 | INFO     | __main__:run_dimensionality_analysis:163 -     Reduced shapes - Train: (2608, 50), Val: (2206, 50), Test: (2189, 50)
2025-07-04 12:30:01.494 | CRITICAL | eval_module:run_evaluation:76 - Start | Training knn
2025-07-04 12:30:01.494 | INFO     | eval_module:run_evaluation:77 - Train shape: X = (2608, 50), Y = (2608,)
2025-07-04 12:30:01.494 | INFO     | eval_module:run_evaluation:78 - Val shape: X = (2206, 50), Y = (2206,)
2025-07-04 12:30:01.494 | INFO     | eval_module:run_evaluation:79 - Test shape: X = (2189, 50), Y = (2189,)
2025-07-04 12:30:01.494 | INFO     | eval_module:run_evaluation:80 - Train prevalence:  0.1418711656441718
2025-07-04 12:30:01.495 | INFO     | eval_module:run_evaluation:81 - Val prevalence:  0.1273798730734361
2025-07-04 12:30:01.495 | INFO     | eval_module:run_evaluation:82 - Test prevalence:  0.1187756966651439
2025-07-04 12:30:01.495 | CRITICAL | eval_module:run_evaluation:91 - Start | Fitting knn...
2025-07-04 12:30:02.887 | INFO     | eval_module:run_evaluation:140 - Best hparams: {'algorithm': 'auto', 'leaf_size': 30, 'metric': 'cosine', 'metric_params': None, 'n_jobs': None, 'n_neighbors': 5, 'p': 2, 'weights': 'distance'}
2025-07-04 12:30:02.888 | CRITICAL | eval_module:run_evaluation:143 - Finish | Fitting knn...
2025-07-04 12:30:03.272 | INFO     | eval_module:run_evaluation:154 - Train AUROC: 1.0
2025-07-04 12:30:03.272 | INFO     | eval_module:run_evaluation:155 - Val AUROC:   0.7101030641955908
2025-07-04 12:30:03.272 | INFO     | eval_module:run_evaluation:156 - Test AUROC:  0.7098187582246679
2025-07-04 12:30:03.274 | INFO     | eval_module:run_evaluation:162 - Train AUPRC: 1.0
2025-07-04 12:30:03.274 | INFO     | eval_module:run_evaluation:163 - Val AUPRC:   0.3444200336961273
2025-07-04 12:30:03.274 | INFO     | eval_module:run_evaluation:164 - Test AUPRC:  0.3012334817512149
2025-07-04 12:30:03.275 | INFO     | __main__:run_dimensionality_analysis:182 -     Results: AUROC=0.710, AUPRC=0.301
2025-07-04 12:30:03.275 | INFO     | __main__:run_dimensionality_analysis:149 -     Reducing to 100 dimensions...
2025-07-04 12:30:03.275 | INFO     | reducers:fit_transform:55 - Applying PCA to reduce from 768 to 100 dimensions
2025-07-04 12:30:03.372 | INFO     | __main__:run_dimensionality_analysis:163 -     Reduced shapes - Train: (2608, 100), Val: (2206, 100), Test: (2189, 100)
2025-07-04 12:30:03.373 | CRITICAL | eval_module:run_evaluation:76 - Start | Training knn
2025-07-04 12:30:03.373 | INFO     | eval_module:run_evaluation:77 - Train shape: X = (2608, 100), Y = (2608,)
2025-07-04 12:30:03.373 | INFO     | eval_module:run_evaluation:78 - Val shape: X = (2206, 100), Y = (2206,)
2025-07-04 12:30:03.373 | INFO     | eval_module:run_evaluation:79 - Test shape: X = (2189, 100), Y = (2189,)
2025-07-04 12:30:03.373 | INFO     | eval_module:run_evaluation:80 - Train prevalence:  0.1418711656441718
2025-07-04 12:30:03.373 | INFO     | eval_module:run_evaluation:81 - Val prevalence:  0.1273798730734361
2025-07-04 12:30:03.373 | INFO     | eval_module:run_evaluation:82 - Test prevalence:  0.1187756966651439
2025-07-04 12:30:03.374 | CRITICAL | eval_module:run_evaluation:91 - Start | Fitting knn...
2025-07-04 12:30:05.035 | INFO     | eval_module:run_evaluation:140 - Best hparams: {'algorithm': 'auto', 'leaf_size': 30, 'metric': 'cosine', 'metric_params': None, 'n_jobs': None, 'n_neighbors': 5, 'p': 2, 'weights': 'distance'}
2025-07-04 12:30:05.035 | CRITICAL | eval_module:run_evaluation:143 - Finish | Fitting knn...
2025-07-04 12:30:05.424 | INFO     | eval_module:run_evaluation:154 - Train AUROC: 1.0
2025-07-04 12:30:05.424 | INFO     | eval_module:run_evaluation:155 - Val AUROC:   0.7110810186255027
2025-07-04 12:30:05.424 | INFO     | eval_module:run_evaluation:156 - Test AUROC:  0.7133608485863541
2025-07-04 12:30:05.426 | INFO     | eval_module:run_evaluation:162 - Train AUPRC: 1.0
2025-07-04 12:30:05.426 | INFO     | eval_module:run_evaluation:163 - Val AUPRC:   0.3443368760246637
2025-07-04 12:30:05.426 | INFO     | eval_module:run_evaluation:164 - Test AUPRC:  0.31122451027267467
2025-07-04 12:30:05.426 | INFO     | __main__:run_dimensionality_analysis:182 -     Results: AUROC=0.713, AUPRC=0.311
2025-07-04 12:30:05.427 | INFO     | __main__:run_dimensionality_analysis:149 -     Reducing to 200 dimensions...
2025-07-04 12:30:05.427 | INFO     | reducers:fit_transform:55 - Applying PCA to reduce from 768 to 200 dimensions
2025-07-04 12:30:05.589 | INFO     | __main__:run_dimensionality_analysis:163 -     Reduced shapes - Train: (2608, 200), Val: (2206, 200), Test: (2189, 200)
2025-07-04 12:30:05.589 | CRITICAL | eval_module:run_evaluation:76 - Start | Training knn
2025-07-04 12:30:05.589 | INFO     | eval_module:run_evaluation:77 - Train shape: X = (2608, 200), Y = (2608,)
2025-07-04 12:30:05.589 | INFO     | eval_module:run_evaluation:78 - Val shape: X = (2206, 200), Y = (2206,)
2025-07-04 12:30:05.589 | INFO     | eval_module:run_evaluation:79 - Test shape: X = (2189, 200), Y = (2189,)
2025-07-04 12:30:05.589 | INFO     | eval_module:run_evaluation:80 - Train prevalence:  0.1418711656441718
2025-07-04 12:30:05.590 | INFO     | eval_module:run_evaluation:81 - Val prevalence:  0.1273798730734361
2025-07-04 12:30:05.590 | INFO     | eval_module:run_evaluation:82 - Test prevalence:  0.1187756966651439
2025-07-04 12:30:05.591 | CRITICAL | eval_module:run_evaluation:91 - Start | Fitting knn...
2025-07-04 12:30:07.677 | INFO     | eval_module:run_evaluation:140 - Best hparams: {'algorithm': 'auto', 'leaf_size': 30, 'metric': 'cosine', 'metric_params': None, 'n_jobs': None, 'n_neighbors': 5, 'p': 2, 'weights': 'distance'}
2025-07-04 12:30:07.677 | CRITICAL | eval_module:run_evaluation:143 - Finish | Fitting knn...
2025-07-04 12:30:08.064 | INFO     | eval_module:run_evaluation:154 - Train AUROC: 1.0
2025-07-04 12:30:08.064 | INFO     | eval_module:run_evaluation:155 - Val AUROC:   0.6948809908952257
2025-07-04 12:30:08.064 | INFO     | eval_module:run_evaluation:156 - Test AUROC:  0.7162509470829843
2025-07-04 12:30:08.066 | INFO     | eval_module:run_evaluation:162 - Train AUPRC: 1.0
2025-07-04 12:30:08.067 | INFO     | eval_module:run_evaluation:163 - Val AUPRC:   0.32541902248770965
2025-07-04 12:30:08.067 | INFO     | eval_module:run_evaluation:164 - Test AUPRC:  0.32002153119270565
2025-07-04 12:30:08.067 | INFO     | __main__:run_dimensionality_analysis:182 -     Results: AUROC=0.716, AUPRC=0.320
2025-07-04 12:30:08.067 | INFO     | __main__:run_dimensionality_analysis:149 -     Reducing to 400 dimensions...
2025-07-04 12:30:08.067 | INFO     | reducers:fit_transform:55 - Applying PCA to reduce from 768 to 400 dimensions
2025-07-04 12:30:08.424 | INFO     | __main__:run_dimensionality_analysis:163 -     Reduced shapes - Train: (2608, 400), Val: (2206, 400), Test: (2189, 400)
2025-07-04 12:30:08.425 | CRITICAL | eval_module:run_evaluation:76 - Start | Training knn
2025-07-04 12:30:08.425 | INFO     | eval_module:run_evaluation:77 - Train shape: X = (2608, 400), Y = (2608,)
2025-07-04 12:30:08.425 | INFO     | eval_module:run_evaluation:78 - Val shape: X = (2206, 400), Y = (2206,)
2025-07-04 12:30:08.425 | INFO     | eval_module:run_evaluation:79 - Test shape: X = (2189, 400), Y = (2189,)
2025-07-04 12:30:08.425 | INFO     | eval_module:run_evaluation:80 - Train prevalence:  0.1418711656441718
2025-07-04 12:30:08.426 | INFO     | eval_module:run_evaluation:81 - Val prevalence:  0.1273798730734361
2025-07-04 12:30:08.426 | INFO     | eval_module:run_evaluation:82 - Test prevalence:  0.1187756966651439
2025-07-04 12:30:08.428 | CRITICAL | eval_module:run_evaluation:91 - Start | Fitting knn...
2025-07-04 12:30:11.390 | INFO     | eval_module:run_evaluation:140 - Best hparams: {'algorithm': 'auto', 'leaf_size': 30, 'metric': 'cosine', 'metric_params': None, 'n_jobs': None, 'n_neighbors': 5, 'p': 2, 'weights': 'distance'}
2025-07-04 12:30:11.391 | CRITICAL | eval_module:run_evaluation:143 - Finish | Fitting knn...
2025-07-04 12:30:11.790 | INFO     | eval_module:run_evaluation:154 - Train AUROC: 1.0
2025-07-04 12:30:11.790 | INFO     | eval_module:run_evaluation:155 - Val AUROC:   0.7114017654942923
2025-07-04 12:30:11.790 | INFO     | eval_module:run_evaluation:156 - Test AUROC:  0.7050703832196833
2025-07-04 12:30:11.792 | INFO     | eval_module:run_evaluation:162 - Train AUPRC: 1.0
2025-07-04 12:30:11.792 | INFO     | eval_module:run_evaluation:163 - Val AUPRC:   0.32921647336416304
2025-07-04 12:30:11.792 | INFO     | eval_module:run_evaluation:164 - Test AUPRC:  0.30640261906222993
2025-07-04 12:30:11.792 | INFO     | __main__:run_dimensionality_analysis:182 -     Results: AUROC=0.705, AUPRC=0.306
2025-07-04 12:30:11.793 | INFO     | __main__:run_dimensionality_analysis:142 - 
  Testing method: umap
2025-07-04 12:30:11.793 | INFO     | __main__:run_dimensionality_analysis:149 -     Reducing to 2 dimensions...
2025-07-04 12:30:11.793 | INFO     | reducers:fit_transform:101 - Applying UMAP to reduce from 768 to 2 dimensions
2025-07-04 12:30:11.793 | INFO     | reducers:fit_transform:102 - Using n_neighbors: 15, n_jobs: 16
/home/pvenema/.conda/envs/EHRSHOT_ENV/lib/python3.10/site-packages/umap/umap_.py:1952: UserWarning: n_jobs value 1 overridden to 1 by setting random_state. Use no seed for parallelism.
  warn(
2025-07-04 12:30:27.772 | INFO     | __main__:run_dimensionality_analysis:163 -     Reduced shapes - Train: (2608, 2), Val: (2206, 2), Test: (2189, 2)
2025-07-04 12:30:27.772 | CRITICAL | eval_module:run_evaluation:76 - Start | Training knn
2025-07-04 12:30:27.773 | INFO     | eval_module:run_evaluation:77 - Train shape: X = (2608, 2), Y = (2608,)
2025-07-04 12:30:27.773 | INFO     | eval_module:run_evaluation:78 - Val shape: X = (2206, 2), Y = (2206,)
2025-07-04 12:30:27.773 | INFO     | eval_module:run_evaluation:79 - Test shape: X = (2189, 2), Y = (2189,)
2025-07-04 12:30:27.773 | INFO     | eval_module:run_evaluation:80 - Train prevalence:  0.1418711656441718
2025-07-04 12:30:27.773 | INFO     | eval_module:run_evaluation:81 - Val prevalence:  0.1273798730734361
2025-07-04 12:30:27.773 | INFO     | eval_module:run_evaluation:82 - Test prevalence:  0.1187756966651439
2025-07-04 12:30:27.773 | CRITICAL | eval_module:run_evaluation:91 - Start | Fitting knn...
2025-07-04 12:30:28.465 | INFO     | eval_module:run_evaluation:140 - Best hparams: {'algorithm': 'auto', 'leaf_size': 30, 'metric': 'euclidean', 'metric_params': None, 'n_jobs': None, 'n_neighbors': 5, 'p': 2, 'weights': 'distance'}
2025-07-04 12:30:28.465 | CRITICAL | eval_module:run_evaluation:143 - Finish | Fitting knn...
2025-07-04 12:30:28.512 | INFO     | eval_module:run_evaluation:154 - Train AUROC: 1.0
2025-07-04 12:30:28.512 | INFO     | eval_module:run_evaluation:155 - Val AUROC:   0.671838055183251
2025-07-04 12:30:28.512 | INFO     | eval_module:run_evaluation:156 - Test AUROC:  0.701361805638633
2025-07-04 12:30:28.523 | INFO     | eval_module:run_evaluation:162 - Train AUPRC: 1.0
2025-07-04 12:30:28.523 | INFO     | eval_module:run_evaluation:163 - Val AUPRC:   0.29749073659247105
2025-07-04 12:30:28.523 | INFO     | eval_module:run_evaluation:164 - Test AUPRC:  0.2953141778261363
2025-07-04 12:30:28.523 | INFO     | __main__:run_dimensionality_analysis:182 -     Results: AUROC=0.701, AUPRC=0.295
2025-07-04 12:30:28.523 | INFO     | __main__:run_dimensionality_analysis:149 -     Reducing to 5 dimensions...
2025-07-04 12:30:28.523 | INFO     | reducers:fit_transform:101 - Applying UMAP to reduce from 768 to 5 dimensions
2025-07-04 12:30:28.523 | INFO     | reducers:fit_transform:102 - Using n_neighbors: 15, n_jobs: 16
/home/pvenema/.conda/envs/EHRSHOT_ENV/lib/python3.10/site-packages/umap/umap_.py:1952: UserWarning: n_jobs value 1 overridden to 1 by setting random_state. Use no seed for parallelism.
  warn(
2025-07-04 12:30:44.830 | INFO     | __main__:run_dimensionality_analysis:163 -     Reduced shapes - Train: (2608, 5), Val: (2206, 5), Test: (2189, 5)
2025-07-04 12:30:44.831 | CRITICAL | eval_module:run_evaluation:76 - Start | Training knn
2025-07-04 12:30:44.831 | INFO     | eval_module:run_evaluation:77 - Train shape: X = (2608, 5), Y = (2608,)
2025-07-04 12:30:44.831 | INFO     | eval_module:run_evaluation:78 - Val shape: X = (2206, 5), Y = (2206,)
2025-07-04 12:30:44.831 | INFO     | eval_module:run_evaluation:79 - Test shape: X = (2189, 5), Y = (2189,)
2025-07-04 12:30:44.831 | INFO     | eval_module:run_evaluation:80 - Train prevalence:  0.1418711656441718
2025-07-04 12:30:44.831 | INFO     | eval_module:run_evaluation:81 - Val prevalence:  0.1273798730734361
2025-07-04 12:30:44.832 | INFO     | eval_module:run_evaluation:82 - Test prevalence:  0.1187756966651439
2025-07-04 12:30:44.832 | CRITICAL | eval_module:run_evaluation:91 - Start | Fitting knn...
2025-07-04 12:30:45.533 | INFO     | eval_module:run_evaluation:140 - Best hparams: {'algorithm': 'auto', 'leaf_size': 30, 'metric': 'euclidean', 'metric_params': None, 'n_jobs': None, 'n_neighbors': 5, 'p': 2, 'weights': 'uniform'}
2025-07-04 12:30:45.533 | CRITICAL | eval_module:run_evaluation:143 - Finish | Fitting knn...
2025-07-04 12:30:45.589 | INFO     | eval_module:run_evaluation:154 - Train AUROC: 0.914501364635413
2025-07-04 12:30:45.590 | INFO     | eval_module:run_evaluation:155 - Val AUROC:   0.6858446180154364
2025-07-04 12:30:45.590 | INFO     | eval_module:run_evaluation:156 - Test AUROC:  0.7004137257247678
2025-07-04 12:30:45.592 | INFO     | eval_module:run_evaluation:162 - Train AUPRC: 0.611106700526767
2025-07-04 12:30:45.592 | INFO     | eval_module:run_evaluation:163 - Val AUPRC:   0.28315666340671525
2025-07-04 12:30:45.592 | INFO     | eval_module:run_evaluation:164 - Test AUPRC:  0.2644441479211178
2025-07-04 12:30:45.592 | INFO     | __main__:run_dimensionality_analysis:182 -     Results: AUROC=0.700, AUPRC=0.264
2025-07-04 12:30:45.592 | INFO     | __main__:run_dimensionality_analysis:149 -     Reducing to 10 dimensions...
2025-07-04 12:30:45.592 | INFO     | reducers:fit_transform:101 - Applying UMAP to reduce from 768 to 10 dimensions
2025-07-04 12:30:45.593 | INFO     | reducers:fit_transform:102 - Using n_neighbors: 15, n_jobs: 16
/home/pvenema/.conda/envs/EHRSHOT_ENV/lib/python3.10/site-packages/umap/umap_.py:1952: UserWarning: n_jobs value 1 overridden to 1 by setting random_state. Use no seed for parallelism.
  warn(
2025-07-04 12:31:02.446 | INFO     | __main__:run_dimensionality_analysis:163 -     Reduced shapes - Train: (2608, 10), Val: (2206, 10), Test: (2189, 10)
2025-07-04 12:31:02.446 | CRITICAL | eval_module:run_evaluation:76 - Start | Training knn
2025-07-04 12:31:02.446 | INFO     | eval_module:run_evaluation:77 - Train shape: X = (2608, 10), Y = (2608,)
2025-07-04 12:31:02.447 | INFO     | eval_module:run_evaluation:78 - Val shape: X = (2206, 10), Y = (2206,)
2025-07-04 12:31:02.447 | INFO     | eval_module:run_evaluation:79 - Test shape: X = (2189, 10), Y = (2189,)
2025-07-04 12:31:02.447 | INFO     | eval_module:run_evaluation:80 - Train prevalence:  0.1418711656441718
2025-07-04 12:31:02.447 | INFO     | eval_module:run_evaluation:81 - Val prevalence:  0.1273798730734361
2025-07-04 12:31:02.447 | INFO     | eval_module:run_evaluation:82 - Test prevalence:  0.1187756966651439
2025-07-04 12:31:02.447 | CRITICAL | eval_module:run_evaluation:91 - Start | Fitting knn...
2025-07-04 12:31:03.227 | INFO     | eval_module:run_evaluation:140 - Best hparams: {'algorithm': 'auto', 'leaf_size': 30, 'metric': 'cosine', 'metric_params': None, 'n_jobs': None, 'n_neighbors': 5, 'p': 2, 'weights': 'uniform'}
2025-07-04 12:31:03.227 | CRITICAL | eval_module:run_evaluation:143 - Finish | Fitting knn...
2025-07-04 12:31:03.571 | INFO     | eval_module:run_evaluation:154 - Train AUROC: 0.9125214356447601
2025-07-04 12:31:03.572 | INFO     | eval_module:run_evaluation:155 - Val AUROC:   0.6762018764153995
2025-07-04 12:31:03.572 | INFO     | eval_module:run_evaluation:156 - Test AUROC:  0.7161851497388044
2025-07-04 12:31:03.574 | INFO     | eval_module:run_evaluation:162 - Train AUPRC: 0.6093015138892648
2025-07-04 12:31:03.574 | INFO     | eval_module:run_evaluation:163 - Val AUPRC:   0.28846136160423685
2025-07-04 12:31:03.574 | INFO     | eval_module:run_evaluation:164 - Test AUPRC:  0.28816383444370247
2025-07-04 12:31:03.574 | INFO     | __main__:run_dimensionality_analysis:182 -     Results: AUROC=0.716, AUPRC=0.288
2025-07-04 12:31:03.574 | INFO     | __main__:run_dimensionality_analysis:149 -     Reducing to 25 dimensions...
2025-07-04 12:31:03.574 | INFO     | reducers:fit_transform:101 - Applying UMAP to reduce from 768 to 25 dimensions
2025-07-04 12:31:03.575 | INFO     | reducers:fit_transform:102 - Using n_neighbors: 15, n_jobs: 16
/home/pvenema/.conda/envs/EHRSHOT_ENV/lib/python3.10/site-packages/umap/umap_.py:1952: UserWarning: n_jobs value 1 overridden to 1 by setting random_state. Use no seed for parallelism.
  warn(
2025-07-04 12:31:21.263 | INFO     | __main__:run_dimensionality_analysis:163 -     Reduced shapes - Train: (2608, 25), Val: (2206, 25), Test: (2189, 25)
2025-07-04 12:31:21.263 | CRITICAL | eval_module:run_evaluation:76 - Start | Training knn
2025-07-04 12:31:21.263 | INFO     | eval_module:run_evaluation:77 - Train shape: X = (2608, 25), Y = (2608,)
2025-07-04 12:31:21.263 | INFO     | eval_module:run_evaluation:78 - Val shape: X = (2206, 25), Y = (2206,)
2025-07-04 12:31:21.263 | INFO     | eval_module:run_evaluation:79 - Test shape: X = (2189, 25), Y = (2189,)
2025-07-04 12:31:21.263 | INFO     | eval_module:run_evaluation:80 - Train prevalence:  0.1418711656441718
2025-07-04 12:31:21.264 | INFO     | eval_module:run_evaluation:81 - Val prevalence:  0.1273798730734361
2025-07-04 12:31:21.264 | INFO     | eval_module:run_evaluation:82 - Test prevalence:  0.1187756966651439
2025-07-04 12:31:21.264 | CRITICAL | eval_module:run_evaluation:91 - Start | Fitting knn...
2025-07-04 12:31:22.385 | INFO     | eval_module:run_evaluation:140 - Best hparams: {'algorithm': 'auto', 'leaf_size': 30, 'metric': 'cosine', 'metric_params': None, 'n_jobs': None, 'n_neighbors': 5, 'p': 2, 'weights': 'uniform'}
2025-07-04 12:31:22.386 | CRITICAL | eval_module:run_evaluation:143 - Finish | Fitting knn...
2025-07-04 12:31:22.743 | INFO     | eval_module:run_evaluation:154 - Train AUROC: 0.916265729536507
2025-07-04 12:31:22.744 | INFO     | eval_module:run_evaluation:155 - Val AUROC:   0.6636622452280816
2025-07-04 12:31:22.744 | INFO     | eval_module:run_evaluation:156 - Test AUROC:  0.7224199465645811
2025-07-04 12:31:22.746 | INFO     | eval_module:run_evaluation:162 - Train AUPRC: 0.6191113735859124
2025-07-04 12:31:22.746 | INFO     | eval_module:run_evaluation:163 - Val AUPRC:   0.2712405013355649
2025-07-04 12:31:22.746 | INFO     | eval_module:run_evaluation:164 - Test AUPRC:  0.2893699833412471
2025-07-04 12:31:22.746 | INFO     | __main__:run_dimensionality_analysis:182 -     Results: AUROC=0.722, AUPRC=0.289
2025-07-04 12:31:22.746 | INFO     | __main__:run_dimensionality_analysis:149 -     Reducing to 50 dimensions...
2025-07-04 12:31:22.746 | INFO     | reducers:fit_transform:101 - Applying UMAP to reduce from 768 to 50 dimensions
2025-07-04 12:31:22.746 | INFO     | reducers:fit_transform:102 - Using n_neighbors: 15, n_jobs: 16
/home/pvenema/.conda/envs/EHRSHOT_ENV/lib/python3.10/site-packages/umap/umap_.py:1952: UserWarning: n_jobs value 1 overridden to 1 by setting random_state. Use no seed for parallelism.
  warn(
2025-07-04 12:31:40.556 | INFO     | __main__:run_dimensionality_analysis:163 -     Reduced shapes - Train: (2608, 50), Val: (2206, 50), Test: (2189, 50)
2025-07-04 12:31:40.556 | CRITICAL | eval_module:run_evaluation:76 - Start | Training knn
2025-07-04 12:31:40.557 | INFO     | eval_module:run_evaluation:77 - Train shape: X = (2608, 50), Y = (2608,)
2025-07-04 12:31:40.557 | INFO     | eval_module:run_evaluation:78 - Val shape: X = (2206, 50), Y = (2206,)
2025-07-04 12:31:40.557 | INFO     | eval_module:run_evaluation:79 - Test shape: X = (2189, 50), Y = (2189,)
2025-07-04 12:31:40.557 | INFO     | eval_module:run_evaluation:80 - Train prevalence:  0.1418711656441718
2025-07-04 12:31:40.557 | INFO     | eval_module:run_evaluation:81 - Val prevalence:  0.1273798730734361
2025-07-04 12:31:40.557 | INFO     | eval_module:run_evaluation:82 - Test prevalence:  0.1187756966651439
2025-07-04 12:31:40.557 | CRITICAL | eval_module:run_evaluation:91 - Start | Fitting knn...
2025-07-04 12:31:41.797 | INFO     | eval_module:run_evaluation:140 - Best hparams: {'algorithm': 'auto', 'leaf_size': 30, 'metric': 'euclidean', 'metric_params': None, 'n_jobs': None, 'n_neighbors': 5, 'p': 2, 'weights': 'distance'}
2025-07-04 12:31:41.797 | CRITICAL | eval_module:run_evaluation:143 - Finish | Fitting knn...
2025-07-04 12:31:41.916 | INFO     | eval_module:run_evaluation:154 - Train AUROC: 1.0
2025-07-04 12:31:41.916 | INFO     | eval_module:run_evaluation:155 - Val AUROC:   0.6860720062855294
2025-07-04 12:31:41.917 | INFO     | eval_module:run_evaluation:156 - Test AUROC:  0.7127995773019101
2025-07-04 12:31:41.919 | INFO     | eval_module:run_evaluation:162 - Train AUPRC: 1.0
2025-07-04 12:31:41.919 | INFO     | eval_module:run_evaluation:163 - Val AUPRC:   0.2912242995635369
2025-07-04 12:31:41.919 | INFO     | eval_module:run_evaluation:164 - Test AUPRC:  0.3029108222015854
2025-07-04 12:31:41.919 | INFO     | __main__:run_dimensionality_analysis:182 -     Results: AUROC=0.713, AUPRC=0.303
2025-07-04 12:31:41.919 | INFO     | __main__:run_dimensionality_analysis:149 -     Reducing to 100 dimensions...
2025-07-04 12:31:41.919 | INFO     | reducers:fit_transform:101 - Applying UMAP to reduce from 768 to 100 dimensions
2025-07-04 12:31:41.919 | INFO     | reducers:fit_transform:102 - Using n_neighbors: 15, n_jobs: 16
/home/pvenema/.conda/envs/EHRSHOT_ENV/lib/python3.10/site-packages/umap/umap_.py:1952: UserWarning: n_jobs value 1 overridden to 1 by setting random_state. Use no seed for parallelism.
  warn(
2025-07-04 12:32:01.315 | INFO     | __main__:run_dimensionality_analysis:163 -     Reduced shapes - Train: (2608, 100), Val: (2206, 100), Test: (2189, 100)
2025-07-04 12:32:01.315 | CRITICAL | eval_module:run_evaluation:76 - Start | Training knn
2025-07-04 12:32:01.315 | INFO     | eval_module:run_evaluation:77 - Train shape: X = (2608, 100), Y = (2608,)
2025-07-04 12:32:01.315 | INFO     | eval_module:run_evaluation:78 - Val shape: X = (2206, 100), Y = (2206,)
2025-07-04 12:32:01.316 | INFO     | eval_module:run_evaluation:79 - Test shape: X = (2189, 100), Y = (2189,)
2025-07-04 12:32:01.316 | INFO     | eval_module:run_evaluation:80 - Train prevalence:  0.1418711656441718
2025-07-04 12:32:01.316 | INFO     | eval_module:run_evaluation:81 - Val prevalence:  0.1273798730734361
2025-07-04 12:32:01.316 | INFO     | eval_module:run_evaluation:82 - Test prevalence:  0.1187756966651439
2025-07-04 12:32:01.316 | CRITICAL | eval_module:run_evaluation:91 - Start | Fitting knn...
2025-07-04 12:32:02.843 | INFO     | eval_module:run_evaluation:140 - Best hparams: {'algorithm': 'auto', 'leaf_size': 30, 'metric': 'euclidean', 'metric_params': None, 'n_jobs': None, 'n_neighbors': 5, 'p': 2, 'weights': 'uniform'}
2025-07-04 12:32:02.843 | CRITICAL | eval_module:run_evaluation:143 - Finish | Fitting knn...
2025-07-04 12:32:02.919 | INFO     | eval_module:run_evaluation:154 - Train AUROC: 0.9152748593097119
2025-07-04 12:32:02.919 | INFO     | eval_module:run_evaluation:155 - Val AUROC:   0.6537736285067246
2025-07-04 12:32:02.919 | INFO     | eval_module:run_evaluation:156 - Test AUROC:  0.7279758344299557
2025-07-04 12:32:02.921 | INFO     | eval_module:run_evaluation:162 - Train AUPRC: 0.6169853602862363
2025-07-04 12:32:02.921 | INFO     | eval_module:run_evaluation:163 - Val AUPRC:   0.27046281660291194
2025-07-04 12:32:02.921 | INFO     | eval_module:run_evaluation:164 - Test AUPRC:  0.2974403035766816
2025-07-04 12:32:02.921 | INFO     | __main__:run_dimensionality_analysis:182 -     Results: AUROC=0.728, AUPRC=0.297
2025-07-04 12:32:02.921 | INFO     | __main__:run_dimensionality_analysis:149 -     Reducing to 200 dimensions...
2025-07-04 12:32:02.922 | INFO     | reducers:fit_transform:101 - Applying UMAP to reduce from 768 to 200 dimensions
2025-07-04 12:32:02.922 | INFO     | reducers:fit_transform:102 - Using n_neighbors: 15, n_jobs: 16
/home/pvenema/.conda/envs/EHRSHOT_ENV/lib/python3.10/site-packages/umap/umap_.py:1952: UserWarning: n_jobs value 1 overridden to 1 by setting random_state. Use no seed for parallelism.
  warn(
2025-07-04 12:32:24.343 | INFO     | __main__:run_dimensionality_analysis:163 -     Reduced shapes - Train: (2608, 200), Val: (2206, 200), Test: (2189, 200)
2025-07-04 12:32:24.344 | CRITICAL | eval_module:run_evaluation:76 - Start | Training knn
2025-07-04 12:32:24.344 | INFO     | eval_module:run_evaluation:77 - Train shape: X = (2608, 200), Y = (2608,)
2025-07-04 12:32:24.344 | INFO     | eval_module:run_evaluation:78 - Val shape: X = (2206, 200), Y = (2206,)
2025-07-04 12:32:24.344 | INFO     | eval_module:run_evaluation:79 - Test shape: X = (2189, 200), Y = (2189,)
2025-07-04 12:32:24.344 | INFO     | eval_module:run_evaluation:80 - Train prevalence:  0.1418711656441718
2025-07-04 12:32:24.345 | INFO     | eval_module:run_evaluation:81 - Val prevalence:  0.1273798730734361
2025-07-04 12:32:24.345 | INFO     | eval_module:run_evaluation:82 - Test prevalence:  0.1187756966651439
2025-07-04 12:32:24.345 | CRITICAL | eval_module:run_evaluation:91 - Start | Fitting knn...
2025-07-04 12:32:26.285 | INFO     | eval_module:run_evaluation:140 - Best hparams: {'algorithm': 'auto', 'leaf_size': 30, 'metric': 'cosine', 'metric_params': None, 'n_jobs': None, 'n_neighbors': 5, 'p': 2, 'weights': 'distance'}
2025-07-04 12:32:26.285 | CRITICAL | eval_module:run_evaluation:143 - Finish | Fitting knn...
2025-07-04 12:32:26.624 | INFO     | eval_module:run_evaluation:154 - Train AUROC: 0.9989336521508103
2025-07-04 12:32:26.624 | INFO     | eval_module:run_evaluation:155 - Val AUROC:   0.6804852798447104
2025-07-04 12:32:26.624 | INFO     | eval_module:run_evaluation:156 - Test AUROC:  0.7136439765522192
2025-07-04 12:32:26.626 | INFO     | eval_module:run_evaluation:162 - Train AUPRC: 0.9908127308458533
2025-07-04 12:32:26.626 | INFO     | eval_module:run_evaluation:163 - Val AUPRC:   0.28452762210011734
2025-07-04 12:32:26.626 | INFO     | eval_module:run_evaluation:164 - Test AUPRC:  0.2775922302705092
2025-07-04 12:32:26.626 | INFO     | __main__:run_dimensionality_analysis:182 -     Results: AUROC=0.714, AUPRC=0.278
2025-07-04 12:32:26.626 | INFO     | __main__:run_dimensionality_analysis:149 -     Reducing to 400 dimensions...
2025-07-04 12:32:26.627 | INFO     | reducers:fit_transform:101 - Applying UMAP to reduce from 768 to 400 dimensions
2025-07-04 12:32:26.627 | INFO     | reducers:fit_transform:102 - Using n_neighbors: 15, n_jobs: 16
/home/pvenema/.conda/envs/EHRSHOT_ENV/lib/python3.10/site-packages/umap/umap_.py:1952: UserWarning: n_jobs value 1 overridden to 1 by setting random_state. Use no seed for parallelism.
  warn(
2025-07-04 12:32:54.421 | INFO     | __main__:run_dimensionality_analysis:163 -     Reduced shapes - Train: (2608, 400), Val: (2206, 400), Test: (2189, 400)
2025-07-04 12:32:54.422 | CRITICAL | eval_module:run_evaluation:76 - Start | Training knn
2025-07-04 12:32:54.422 | INFO     | eval_module:run_evaluation:77 - Train shape: X = (2608, 400), Y = (2608,)
2025-07-04 12:32:54.422 | INFO     | eval_module:run_evaluation:78 - Val shape: X = (2206, 400), Y = (2206,)
2025-07-04 12:32:54.422 | INFO     | eval_module:run_evaluation:79 - Test shape: X = (2189, 400), Y = (2189,)
2025-07-04 12:32:54.422 | INFO     | eval_module:run_evaluation:80 - Train prevalence:  0.1418711656441718
2025-07-04 12:32:54.422 | INFO     | eval_module:run_evaluation:81 - Val prevalence:  0.1273798730734361
2025-07-04 12:32:54.422 | INFO     | eval_module:run_evaluation:82 - Test prevalence:  0.1187756966651439
2025-07-04 12:32:54.423 | CRITICAL | eval_module:run_evaluation:91 - Start | Fitting knn...
2025-07-04 12:32:57.034 | INFO     | eval_module:run_evaluation:140 - Best hparams: {'algorithm': 'auto', 'leaf_size': 30, 'metric': 'cosine', 'metric_params': None, 'n_jobs': None, 'n_neighbors': 5, 'p': 2, 'weights': 'uniform'}
2025-07-04 12:32:57.035 | CRITICAL | eval_module:run_evaluation:143 - Finish | Fitting knn...
2025-07-04 12:32:57.369 | INFO     | eval_module:run_evaluation:154 - Train AUROC: 0.9141734898437311
2025-07-04 12:32:57.369 | INFO     | eval_module:run_evaluation:155 - Val AUROC:   0.6745528492859454
2025-07-04 12:32:57.369 | INFO     | eval_module:run_evaluation:156 - Test AUROC:  0.7090112453642781
2025-07-04 12:32:57.371 | INFO     | eval_module:run_evaluation:162 - Train AUPRC: 0.6061779195302528
2025-07-04 12:32:57.371 | INFO     | eval_module:run_evaluation:163 - Val AUPRC:   0.2715379716881075
2025-07-04 12:32:57.372 | INFO     | eval_module:run_evaluation:164 - Test AUPRC:  0.27887007139923137
2025-07-04 12:32:57.372 | INFO     | __main__:run_dimensionality_analysis:182 -     Results: AUROC=0.709, AUPRC=0.279
2025-07-04 12:32:57.372 | INFO     | __main__:run_dimensionality_analysis:119 - 
Processing model: clinicalbert_type3_clinicalbert_pool
2025-07-04 12:32:57.376 | INFO     | __main__:run_dimensionality_analysis:138 - Data shapes - Train: (2608, 768), Val: (2206, 768), Test: (2189, 768)
2025-07-04 12:32:57.376 | INFO     | __main__:run_dimensionality_analysis:139 - Label distribution - Train: 0.142, Val: 0.127, Test: 0.119
2025-07-04 12:32:57.377 | INFO     | __main__:run_dimensionality_analysis:142 - 
  Testing method: pca
2025-07-04 12:32:57.377 | INFO     | __main__:run_dimensionality_analysis:149 -     Reducing to 2 dimensions...
2025-07-04 12:32:57.377 | INFO     | reducers:fit_transform:55 - Applying PCA to reduce from 768 to 2 dimensions
2025-07-04 12:32:57.393 | INFO     | __main__:run_dimensionality_analysis:163 -     Reduced shapes - Train: (2608, 2), Val: (2206, 2), Test: (2189, 2)
2025-07-04 12:32:57.394 | CRITICAL | eval_module:run_evaluation:76 - Start | Training knn
2025-07-04 12:32:57.394 | INFO     | eval_module:run_evaluation:77 - Train shape: X = (2608, 2), Y = (2608,)
2025-07-04 12:32:57.394 | INFO     | eval_module:run_evaluation:78 - Val shape: X = (2206, 2), Y = (2206,)
2025-07-04 12:32:57.394 | INFO     | eval_module:run_evaluation:79 - Test shape: X = (2189, 2), Y = (2189,)
2025-07-04 12:32:57.394 | INFO     | eval_module:run_evaluation:80 - Train prevalence:  0.1418711656441718
2025-07-04 12:32:57.394 | INFO     | eval_module:run_evaluation:81 - Val prevalence:  0.1273798730734361
2025-07-04 12:32:57.394 | INFO     | eval_module:run_evaluation:82 - Test prevalence:  0.1187756966651439
2025-07-04 12:32:57.395 | CRITICAL | eval_module:run_evaluation:91 - Start | Fitting knn...
2025-07-04 12:32:58.111 | INFO     | eval_module:run_evaluation:140 - Best hparams: {'algorithm': 'auto', 'leaf_size': 30, 'metric': 'euclidean', 'metric_params': None, 'n_jobs': None, 'n_neighbors': 5, 'p': 2, 'weights': 'distance'}
2025-07-04 12:32:58.111 | CRITICAL | eval_module:run_evaluation:143 - Finish | Fitting knn...
2025-07-04 12:32:58.141 | INFO     | eval_module:run_evaluation:154 - Train AUROC: 1.0
2025-07-04 12:32:58.141 | INFO     | eval_module:run_evaluation:155 - Val AUROC:   0.6001192401904146
2025-07-04 12:32:58.141 | INFO     | eval_module:run_evaluation:156 - Test AUROC:  0.5391554013637995
2025-07-04 12:32:58.151 | INFO     | eval_module:run_evaluation:162 - Train AUPRC: 1.0
2025-07-04 12:32:58.151 | INFO     | eval_module:run_evaluation:163 - Val AUPRC:   0.17046124744445326
2025-07-04 12:32:58.151 | INFO     | eval_module:run_evaluation:164 - Test AUPRC:  0.14092878182601443
2025-07-04 12:32:58.151 | INFO     | __main__:run_dimensionality_analysis:182 -     Results: AUROC=0.539, AUPRC=0.141
2025-07-04 12:32:58.151 | INFO     | __main__:run_dimensionality_analysis:149 -     Reducing to 5 dimensions...
2025-07-04 12:32:58.151 | INFO     | reducers:fit_transform:55 - Applying PCA to reduce from 768 to 5 dimensions
2025-07-04 12:32:58.170 | INFO     | __main__:run_dimensionality_analysis:163 -     Reduced shapes - Train: (2608, 5), Val: (2206, 5), Test: (2189, 5)
2025-07-04 12:32:58.170 | CRITICAL | eval_module:run_evaluation:76 - Start | Training knn
2025-07-04 12:32:58.170 | INFO     | eval_module:run_evaluation:77 - Train shape: X = (2608, 5), Y = (2608,)
2025-07-04 12:32:58.170 | INFO     | eval_module:run_evaluation:78 - Val shape: X = (2206, 5), Y = (2206,)
2025-07-04 12:32:58.170 | INFO     | eval_module:run_evaluation:79 - Test shape: X = (2189, 5), Y = (2189,)
2025-07-04 12:32:58.170 | INFO     | eval_module:run_evaluation:80 - Train prevalence:  0.1418711656441718
2025-07-04 12:32:58.171 | INFO     | eval_module:run_evaluation:81 - Val prevalence:  0.1273798730734361
2025-07-04 12:32:58.171 | INFO     | eval_module:run_evaluation:82 - Test prevalence:  0.1187756966651439
2025-07-04 12:32:58.171 | CRITICAL | eval_module:run_evaluation:91 - Start | Fitting knn...
2025-07-04 12:32:58.975 | INFO     | eval_module:run_evaluation:140 - Best hparams: {'algorithm': 'auto', 'leaf_size': 30, 'metric': 'euclidean', 'metric_params': None, 'n_jobs': None, 'n_neighbors': 5, 'p': 2, 'weights': 'uniform'}
2025-07-04 12:32:58.976 | CRITICAL | eval_module:run_evaluation:143 - Finish | Fitting knn...
2025-07-04 12:32:59.033 | INFO     | eval_module:run_evaluation:154 - Train AUROC: 0.9095494287853537
2025-07-04 12:32:59.033 | INFO     | eval_module:run_evaluation:155 - Val AUROC:   0.6301853306835514
2025-07-04 12:32:59.033 | INFO     | eval_module:run_evaluation:156 - Test AUROC:  0.5622991187143599
2025-07-04 12:32:59.035 | INFO     | eval_module:run_evaluation:162 - Train AUPRC: 0.6002045757532576
2025-07-04 12:32:59.035 | INFO     | eval_module:run_evaluation:163 - Val AUPRC:   0.21963400543903422
2025-07-04 12:32:59.035 | INFO     | eval_module:run_evaluation:164 - Test AUPRC:  0.14569049090047204
2025-07-04 12:32:59.036 | INFO     | __main__:run_dimensionality_analysis:182 -     Results: AUROC=0.562, AUPRC=0.146
2025-07-04 12:32:59.036 | INFO     | __main__:run_dimensionality_analysis:149 -     Reducing to 10 dimensions...
2025-07-04 12:32:59.036 | INFO     | reducers:fit_transform:55 - Applying PCA to reduce from 768 to 10 dimensions
2025-07-04 12:32:59.056 | INFO     | __main__:run_dimensionality_analysis:163 -     Reduced shapes - Train: (2608, 10), Val: (2206, 10), Test: (2189, 10)
2025-07-04 12:32:59.056 | CRITICAL | eval_module:run_evaluation:76 - Start | Training knn
2025-07-04 12:32:59.056 | INFO     | eval_module:run_evaluation:77 - Train shape: X = (2608, 10), Y = (2608,)
2025-07-04 12:32:59.056 | INFO     | eval_module:run_evaluation:78 - Val shape: X = (2206, 10), Y = (2206,)
2025-07-04 12:32:59.056 | INFO     | eval_module:run_evaluation:79 - Test shape: X = (2189, 10), Y = (2189,)
2025-07-04 12:32:59.057 | INFO     | eval_module:run_evaluation:80 - Train prevalence:  0.1418711656441718
2025-07-04 12:32:59.057 | INFO     | eval_module:run_evaluation:81 - Val prevalence:  0.1273798730734361
2025-07-04 12:32:59.057 | INFO     | eval_module:run_evaluation:82 - Test prevalence:  0.1187756966651439
2025-07-04 12:32:59.057 | CRITICAL | eval_module:run_evaluation:91 - Start | Fitting knn...
2025-07-04 12:33:00.129 | INFO     | eval_module:run_evaluation:140 - Best hparams: {'algorithm': 'auto', 'leaf_size': 30, 'metric': 'cosine', 'metric_params': None, 'n_jobs': None, 'n_neighbors': 5, 'p': 2, 'weights': 'distance'}
2025-07-04 12:33:00.129 | CRITICAL | eval_module:run_evaluation:143 - Finish | Fitting knn...
2025-07-04 12:33:00.500 | INFO     | eval_module:run_evaluation:154 - Train AUROC: 1.0
2025-07-04 12:33:00.500 | INFO     | eval_module:run_evaluation:155 - Val AUROC:   0.6544345334380921
2025-07-04 12:33:00.500 | INFO     | eval_module:run_evaluation:156 - Test AUROC:  0.561929257885712
2025-07-04 12:33:00.502 | INFO     | eval_module:run_evaluation:162 - Train AUPRC: 1.0
2025-07-04 12:33:00.502 | INFO     | eval_module:run_evaluation:163 - Val AUPRC:   0.2090903631049536
2025-07-04 12:33:00.503 | INFO     | eval_module:run_evaluation:164 - Test AUPRC:  0.13729875007343126
2025-07-04 12:33:00.503 | INFO     | __main__:run_dimensionality_analysis:182 -     Results: AUROC=0.562, AUPRC=0.137
2025-07-04 12:33:00.503 | INFO     | __main__:run_dimensionality_analysis:149 -     Reducing to 25 dimensions...
2025-07-04 12:33:00.503 | INFO     | reducers:fit_transform:55 - Applying PCA to reduce from 768 to 25 dimensions
2025-07-04 12:33:00.530 | INFO     | __main__:run_dimensionality_analysis:163 -     Reduced shapes - Train: (2608, 25), Val: (2206, 25), Test: (2189, 25)
2025-07-04 12:33:00.530 | CRITICAL | eval_module:run_evaluation:76 - Start | Training knn
2025-07-04 12:33:00.530 | INFO     | eval_module:run_evaluation:77 - Train shape: X = (2608, 25), Y = (2608,)
2025-07-04 12:33:00.530 | INFO     | eval_module:run_evaluation:78 - Val shape: X = (2206, 25), Y = (2206,)
2025-07-04 12:33:00.530 | INFO     | eval_module:run_evaluation:79 - Test shape: X = (2189, 25), Y = (2189,)
2025-07-04 12:33:00.531 | INFO     | eval_module:run_evaluation:80 - Train prevalence:  0.1418711656441718
2025-07-04 12:33:00.531 | INFO     | eval_module:run_evaluation:81 - Val prevalence:  0.1273798730734361
2025-07-04 12:33:00.531 | INFO     | eval_module:run_evaluation:82 - Test prevalence:  0.1187756966651439
2025-07-04 12:33:00.531 | CRITICAL | eval_module:run_evaluation:91 - Start | Fitting knn...
2025-07-04 12:33:01.746 | INFO     | eval_module:run_evaluation:140 - Best hparams: {'algorithm': 'auto', 'leaf_size': 30, 'metric': 'cosine', 'metric_params': None, 'n_jobs': None, 'n_neighbors': 5, 'p': 2, 'weights': 'uniform'}
2025-07-04 12:33:01.746 | CRITICAL | eval_module:run_evaluation:143 - Finish | Fitting knn...
2025-07-04 12:33:02.113 | INFO     | eval_module:run_evaluation:154 - Train AUROC: 0.9167155761659783
2025-07-04 12:33:02.113 | INFO     | eval_module:run_evaluation:155 - Val AUROC:   0.6301557517215881
2025-07-04 12:33:02.113 | INFO     | eval_module:run_evaluation:156 - Test AUROC:  0.6120389201260118
2025-07-04 12:33:02.115 | INFO     | eval_module:run_evaluation:162 - Train AUPRC: 0.6415610755055232
2025-07-04 12:33:02.115 | INFO     | eval_module:run_evaluation:163 - Val AUPRC:   0.2192538452697957
2025-07-04 12:33:02.115 | INFO     | eval_module:run_evaluation:164 - Test AUPRC:  0.16866236660608186
2025-07-04 12:33:02.115 | INFO     | __main__:run_dimensionality_analysis:182 -     Results: AUROC=0.612, AUPRC=0.169
2025-07-04 12:33:02.116 | INFO     | __main__:run_dimensionality_analysis:149 -     Reducing to 50 dimensions...
2025-07-04 12:33:02.116 | INFO     | reducers:fit_transform:55 - Applying PCA to reduce from 768 to 50 dimensions
2025-07-04 12:33:02.151 | INFO     | __main__:run_dimensionality_analysis:163 -     Reduced shapes - Train: (2608, 50), Val: (2206, 50), Test: (2189, 50)
2025-07-04 12:33:02.152 | CRITICAL | eval_module:run_evaluation:76 - Start | Training knn
2025-07-04 12:33:02.152 | INFO     | eval_module:run_evaluation:77 - Train shape: X = (2608, 50), Y = (2608,)
2025-07-04 12:33:02.152 | INFO     | eval_module:run_evaluation:78 - Val shape: X = (2206, 50), Y = (2206,)
2025-07-04 12:33:02.152 | INFO     | eval_module:run_evaluation:79 - Test shape: X = (2189, 50), Y = (2189,)
2025-07-04 12:33:02.152 | INFO     | eval_module:run_evaluation:80 - Train prevalence:  0.1418711656441718
2025-07-04 12:33:02.152 | INFO     | eval_module:run_evaluation:81 - Val prevalence:  0.1273798730734361
2025-07-04 12:33:02.152 | INFO     | eval_module:run_evaluation:82 - Test prevalence:  0.1187756966651439
2025-07-04 12:33:02.153 | CRITICAL | eval_module:run_evaluation:91 - Start | Fitting knn...
2025-07-04 12:33:03.448 | INFO     | eval_module:run_evaluation:140 - Best hparams: {'algorithm': 'auto', 'leaf_size': 30, 'metric': 'euclidean', 'metric_params': None, 'n_jobs': None, 'n_neighbors': 5, 'p': 2, 'weights': 'distance'}
2025-07-04 12:33:03.449 | CRITICAL | eval_module:run_evaluation:143 - Finish | Fitting knn...
2025-07-04 12:33:03.544 | INFO     | eval_module:run_evaluation:154 - Train AUROC: 1.0
2025-07-04 12:33:03.544 | INFO     | eval_module:run_evaluation:155 - Val AUROC:   0.6228830244488607
2025-07-04 12:33:03.544 | INFO     | eval_module:run_evaluation:156 - Test AUROC:  0.6065528173226462
2025-07-04 12:33:03.546 | INFO     | eval_module:run_evaluation:162 - Train AUPRC: 1.0
2025-07-04 12:33:03.546 | INFO     | eval_module:run_evaluation:163 - Val AUPRC:   0.21592311398577138
2025-07-04 12:33:03.547 | INFO     | eval_module:run_evaluation:164 - Test AUPRC:  0.21272641939960957
2025-07-04 12:33:03.547 | INFO     | __main__:run_dimensionality_analysis:182 -     Results: AUROC=0.607, AUPRC=0.213
2025-07-04 12:33:03.547 | INFO     | __main__:run_dimensionality_analysis:149 -     Reducing to 100 dimensions...
2025-07-04 12:33:03.547 | INFO     | reducers:fit_transform:55 - Applying PCA to reduce from 768 to 100 dimensions
2025-07-04 12:33:03.594 | INFO     | __main__:run_dimensionality_analysis:163 -     Reduced shapes - Train: (2608, 100), Val: (2206, 100), Test: (2189, 100)
2025-07-04 12:33:03.595 | CRITICAL | eval_module:run_evaluation:76 - Start | Training knn
2025-07-04 12:33:03.595 | INFO     | eval_module:run_evaluation:77 - Train shape: X = (2608, 100), Y = (2608,)
2025-07-04 12:33:03.595 | INFO     | eval_module:run_evaluation:78 - Val shape: X = (2206, 100), Y = (2206,)
2025-07-04 12:33:03.595 | INFO     | eval_module:run_evaluation:79 - Test shape: X = (2189, 100), Y = (2189,)
2025-07-04 12:33:03.595 | INFO     | eval_module:run_evaluation:80 - Train prevalence:  0.1418711656441718
2025-07-04 12:33:03.595 | INFO     | eval_module:run_evaluation:81 - Val prevalence:  0.1273798730734361
2025-07-04 12:33:03.595 | INFO     | eval_module:run_evaluation:82 - Test prevalence:  0.1187756966651439
2025-07-04 12:33:03.596 | CRITICAL | eval_module:run_evaluation:91 - Start | Fitting knn...
2025-07-04 12:33:05.228 | INFO     | eval_module:run_evaluation:140 - Best hparams: {'algorithm': 'auto', 'leaf_size': 30, 'metric': 'euclidean', 'metric_params': None, 'n_jobs': None, 'n_neighbors': 5, 'p': 2, 'weights': 'distance'}
2025-07-04 12:33:05.228 | CRITICAL | eval_module:run_evaluation:143 - Finish | Fitting knn...
2025-07-04 12:33:05.312 | INFO     | eval_module:run_evaluation:154 - Train AUROC: 1.0
2025-07-04 12:33:05.313 | INFO     | eval_module:run_evaluation:155 - Val AUROC:   0.6249600221842215
2025-07-04 12:33:05.313 | INFO     | eval_module:run_evaluation:156 - Test AUROC:  0.5974777684731027
2025-07-04 12:33:05.315 | INFO     | eval_module:run_evaluation:162 - Train AUPRC: 1.0
2025-07-04 12:33:05.315 | INFO     | eval_module:run_evaluation:163 - Val AUPRC:   0.23903853259792715
2025-07-04 12:33:05.315 | INFO     | eval_module:run_evaluation:164 - Test AUPRC:  0.16634299555365745
2025-07-04 12:33:05.315 | INFO     | __main__:run_dimensionality_analysis:182 -     Results: AUROC=0.597, AUPRC=0.166
2025-07-04 12:33:05.315 | INFO     | __main__:run_dimensionality_analysis:149 -     Reducing to 200 dimensions...
2025-07-04 12:33:05.316 | INFO     | reducers:fit_transform:55 - Applying PCA to reduce from 768 to 200 dimensions
2025-07-04 12:33:05.402 | INFO     | __main__:run_dimensionality_analysis:163 -     Reduced shapes - Train: (2608, 200), Val: (2206, 200), Test: (2189, 200)
2025-07-04 12:33:05.403 | CRITICAL | eval_module:run_evaluation:76 - Start | Training knn
2025-07-04 12:33:05.403 | INFO     | eval_module:run_evaluation:77 - Train shape: X = (2608, 200), Y = (2608,)
2025-07-04 12:33:05.403 | INFO     | eval_module:run_evaluation:78 - Val shape: X = (2206, 200), Y = (2206,)
2025-07-04 12:33:05.403 | INFO     | eval_module:run_evaluation:79 - Test shape: X = (2189, 200), Y = (2189,)
2025-07-04 12:33:05.403 | INFO     | eval_module:run_evaluation:80 - Train prevalence:  0.1418711656441718
2025-07-04 12:33:05.403 | INFO     | eval_module:run_evaluation:81 - Val prevalence:  0.1273798730734361
2025-07-04 12:33:05.403 | INFO     | eval_module:run_evaluation:82 - Test prevalence:  0.1187756966651439
2025-07-04 12:33:05.404 | CRITICAL | eval_module:run_evaluation:91 - Start | Fitting knn...
2025-07-04 12:33:07.375 | INFO     | eval_module:run_evaluation:140 - Best hparams: {'algorithm': 'auto', 'leaf_size': 30, 'metric': 'cosine', 'metric_params': None, 'n_jobs': None, 'n_neighbors': 5, 'p': 2, 'weights': 'uniform'}
2025-07-04 12:33:07.375 | CRITICAL | eval_module:run_evaluation:143 - Finish | Fitting knn...
2025-07-04 12:33:07.737 | INFO     | eval_module:run_evaluation:154 - Train AUROC: 0.9172161437576987
2025-07-04 12:33:07.737 | INFO     | eval_module:run_evaluation:155 - Val AUROC:   0.6454369829458797
2025-07-04 12:33:07.738 | INFO     | eval_module:run_evaluation:156 - Test AUROC:  0.6101048769789049
2025-07-04 12:33:07.739 | INFO     | eval_module:run_evaluation:162 - Train AUPRC: 0.6472102218786433
2025-07-04 12:33:07.740 | INFO     | eval_module:run_evaluation:163 - Val AUPRC:   0.20853210976145908
2025-07-04 12:33:07.740 | INFO     | eval_module:run_evaluation:164 - Test AUPRC:  0.1644553571152081
2025-07-04 12:33:07.740 | INFO     | __main__:run_dimensionality_analysis:182 -     Results: AUROC=0.610, AUPRC=0.164
2025-07-04 12:33:07.740 | INFO     | __main__:run_dimensionality_analysis:149 -     Reducing to 400 dimensions...
2025-07-04 12:33:07.740 | INFO     | reducers:fit_transform:55 - Applying PCA to reduce from 768 to 400 dimensions
2025-07-04 12:33:07.939 | INFO     | __main__:run_dimensionality_analysis:163 -     Reduced shapes - Train: (2608, 400), Val: (2206, 400), Test: (2189, 400)
2025-07-04 12:33:07.940 | CRITICAL | eval_module:run_evaluation:76 - Start | Training knn
2025-07-04 12:33:07.940 | INFO     | eval_module:run_evaluation:77 - Train shape: X = (2608, 400), Y = (2608,)
2025-07-04 12:33:07.940 | INFO     | eval_module:run_evaluation:78 - Val shape: X = (2206, 400), Y = (2206,)
2025-07-04 12:33:07.940 | INFO     | eval_module:run_evaluation:79 - Test shape: X = (2189, 400), Y = (2189,)
2025-07-04 12:33:07.940 | INFO     | eval_module:run_evaluation:80 - Train prevalence:  0.1418711656441718
2025-07-04 12:33:07.940 | INFO     | eval_module:run_evaluation:81 - Val prevalence:  0.1273798730734361
2025-07-04 12:33:07.941 | INFO     | eval_module:run_evaluation:82 - Test prevalence:  0.1187756966651439
2025-07-04 12:33:07.942 | CRITICAL | eval_module:run_evaluation:91 - Start | Fitting knn...
2025-07-04 12:33:10.752 | INFO     | eval_module:run_evaluation:140 - Best hparams: {'algorithm': 'auto', 'leaf_size': 30, 'metric': 'cosine', 'metric_params': None, 'n_jobs': None, 'n_neighbors': 5, 'p': 2, 'weights': 'distance'}
2025-07-04 12:33:10.752 | CRITICAL | eval_module:run_evaluation:143 - Finish | Fitting knn...
2025-07-04 12:33:11.120 | INFO     | eval_module:run_evaluation:154 - Train AUROC: 1.0
2025-07-04 12:33:11.120 | INFO     | eval_module:run_evaluation:155 - Val AUROC:   0.6335776678837178
2025-07-04 12:33:11.120 | INFO     | eval_module:run_evaluation:156 - Test AUROC:  0.5938748654145233
2025-07-04 12:33:11.122 | INFO     | eval_module:run_evaluation:162 - Train AUPRC: 1.0
2025-07-04 12:33:11.122 | INFO     | eval_module:run_evaluation:163 - Val AUPRC:   0.21504070037536172
2025-07-04 12:33:11.122 | INFO     | eval_module:run_evaluation:164 - Test AUPRC:  0.16179512158376647
2025-07-04 12:33:11.123 | INFO     | __main__:run_dimensionality_analysis:182 -     Results: AUROC=0.594, AUPRC=0.162
2025-07-04 12:33:11.123 | INFO     | __main__:run_dimensionality_analysis:142 - 
  Testing method: umap
2025-07-04 12:33:11.123 | INFO     | __main__:run_dimensionality_analysis:149 -     Reducing to 2 dimensions...
2025-07-04 12:33:11.123 | INFO     | reducers:fit_transform:101 - Applying UMAP to reduce from 768 to 2 dimensions
2025-07-04 12:33:11.123 | INFO     | reducers:fit_transform:102 - Using n_neighbors: 15, n_jobs: 16
/home/pvenema/.conda/envs/EHRSHOT_ENV/lib/python3.10/site-packages/umap/umap_.py:1952: UserWarning: n_jobs value 1 overridden to 1 by setting random_state. Use no seed for parallelism.
  warn(
2025-07-04 12:33:27.128 | INFO     | __main__:run_dimensionality_analysis:163 -     Reduced shapes - Train: (2608, 2), Val: (2206, 2), Test: (2189, 2)
2025-07-04 12:33:27.129 | CRITICAL | eval_module:run_evaluation:76 - Start | Training knn
2025-07-04 12:33:27.129 | INFO     | eval_module:run_evaluation:77 - Train shape: X = (2608, 2), Y = (2608,)
2025-07-04 12:33:27.129 | INFO     | eval_module:run_evaluation:78 - Val shape: X = (2206, 2), Y = (2206,)
2025-07-04 12:33:27.129 | INFO     | eval_module:run_evaluation:79 - Test shape: X = (2189, 2), Y = (2189,)
2025-07-04 12:33:27.129 | INFO     | eval_module:run_evaluation:80 - Train prevalence:  0.1418711656441718
2025-07-04 12:33:27.129 | INFO     | eval_module:run_evaluation:81 - Val prevalence:  0.1273798730734361
2025-07-04 12:33:27.129 | INFO     | eval_module:run_evaluation:82 - Test prevalence:  0.1187756966651439
2025-07-04 12:33:27.130 | CRITICAL | eval_module:run_evaluation:91 - Start | Fitting knn...
2025-07-04 12:33:27.812 | INFO     | eval_module:run_evaluation:140 - Best hparams: {'algorithm': 'auto', 'leaf_size': 30, 'metric': 'euclidean', 'metric_params': None, 'n_jobs': None, 'n_neighbors': 5, 'p': 2, 'weights': 'uniform'}
2025-07-04 12:33:27.813 | CRITICAL | eval_module:run_evaluation:143 - Finish | Fitting knn...
2025-07-04 12:33:27.861 | INFO     | eval_module:run_evaluation:154 - Train AUROC: 0.9013664468758302
2025-07-04 12:33:27.861 | INFO     | eval_module:run_evaluation:155 - Val AUROC:   0.6221629615935667
2025-07-04 12:33:27.861 | INFO     | eval_module:run_evaluation:156 - Test AUROC:  0.6112443673485665
2025-07-04 12:33:27.863 | INFO     | eval_module:run_evaluation:162 - Train AUPRC: 0.5603372391062281
2025-07-04 12:33:27.863 | INFO     | eval_module:run_evaluation:163 - Val AUPRC:   0.19944609233996827
2025-07-04 12:33:27.863 | INFO     | eval_module:run_evaluation:164 - Test AUPRC:  0.1549831139605593
2025-07-04 12:33:27.864 | INFO     | __main__:run_dimensionality_analysis:182 -     Results: AUROC=0.611, AUPRC=0.155
2025-07-04 12:33:27.864 | INFO     | __main__:run_dimensionality_analysis:149 -     Reducing to 5 dimensions...
2025-07-04 12:33:27.864 | INFO     | reducers:fit_transform:101 - Applying UMAP to reduce from 768 to 5 dimensions
2025-07-04 12:33:27.864 | INFO     | reducers:fit_transform:102 - Using n_neighbors: 15, n_jobs: 16
/home/pvenema/.conda/envs/EHRSHOT_ENV/lib/python3.10/site-packages/umap/umap_.py:1952: UserWarning: n_jobs value 1 overridden to 1 by setting random_state. Use no seed for parallelism.
  warn(
2025-07-04 12:33:44.229 | INFO     | __main__:run_dimensionality_analysis:163 -     Reduced shapes - Train: (2608, 5), Val: (2206, 5), Test: (2189, 5)
2025-07-04 12:33:44.229 | CRITICAL | eval_module:run_evaluation:76 - Start | Training knn
2025-07-04 12:33:44.229 | INFO     | eval_module:run_evaluation:77 - Train shape: X = (2608, 5), Y = (2608,)
2025-07-04 12:33:44.229 | INFO     | eval_module:run_evaluation:78 - Val shape: X = (2206, 5), Y = (2206,)
2025-07-04 12:33:44.229 | INFO     | eval_module:run_evaluation:79 - Test shape: X = (2189, 5), Y = (2189,)
2025-07-04 12:33:44.230 | INFO     | eval_module:run_evaluation:80 - Train prevalence:  0.1418711656441718
2025-07-04 12:33:44.230 | INFO     | eval_module:run_evaluation:81 - Val prevalence:  0.1273798730734361
2025-07-04 12:33:44.230 | INFO     | eval_module:run_evaluation:82 - Test prevalence:  0.1187756966651439
2025-07-04 12:33:44.230 | CRITICAL | eval_module:run_evaluation:91 - Start | Fitting knn...
2025-07-04 12:33:45.016 | INFO     | eval_module:run_evaluation:140 - Best hparams: {'algorithm': 'auto', 'leaf_size': 30, 'metric': 'cosine', 'metric_params': None, 'n_jobs': None, 'n_neighbors': 5, 'p': 2, 'weights': 'uniform'}
2025-07-04 12:33:45.016 | CRITICAL | eval_module:run_evaluation:143 - Finish | Fitting knn...
2025-07-04 12:33:45.392 | INFO     | eval_module:run_evaluation:154 - Train AUROC: 0.9012921768953941
2025-07-04 12:33:45.392 | INFO     | eval_module:run_evaluation:155 - Val AUROC:   0.6383703840643341
2025-07-04 12:33:45.392 | INFO     | eval_module:run_evaluation:156 - Test AUROC:  0.6128853132352355
2025-07-04 12:33:45.394 | INFO     | eval_module:run_evaluation:162 - Train AUPRC: 0.5745401344343783
2025-07-04 12:33:45.394 | INFO     | eval_module:run_evaluation:163 - Val AUPRC:   0.22116318796486356
2025-07-04 12:33:45.394 | INFO     | eval_module:run_evaluation:164 - Test AUPRC:  0.15925934617162607
2025-07-04 12:33:45.394 | INFO     | __main__:run_dimensionality_analysis:182 -     Results: AUROC=0.613, AUPRC=0.159
2025-07-04 12:33:45.395 | INFO     | __main__:run_dimensionality_analysis:149 -     Reducing to 10 dimensions...
2025-07-04 12:33:45.395 | INFO     | reducers:fit_transform:101 - Applying UMAP to reduce from 768 to 10 dimensions
2025-07-04 12:33:45.395 | INFO     | reducers:fit_transform:102 - Using n_neighbors: 15, n_jobs: 16
/home/pvenema/.conda/envs/EHRSHOT_ENV/lib/python3.10/site-packages/umap/umap_.py:1952: UserWarning: n_jobs value 1 overridden to 1 by setting random_state. Use no seed for parallelism.
  warn(
2025-07-04 12:34:02.059 | INFO     | __main__:run_dimensionality_analysis:163 -     Reduced shapes - Train: (2608, 10), Val: (2206, 10), Test: (2189, 10)
2025-07-04 12:34:02.059 | CRITICAL | eval_module:run_evaluation:76 - Start | Training knn
2025-07-04 12:34:02.059 | INFO     | eval_module:run_evaluation:77 - Train shape: X = (2608, 10), Y = (2608,)
2025-07-04 12:34:02.059 | INFO     | eval_module:run_evaluation:78 - Val shape: X = (2206, 10), Y = (2206,)
2025-07-04 12:34:02.059 | INFO     | eval_module:run_evaluation:79 - Test shape: X = (2189, 10), Y = (2189,)
2025-07-04 12:34:02.060 | INFO     | eval_module:run_evaluation:80 - Train prevalence:  0.1418711656441718
2025-07-04 12:34:02.060 | INFO     | eval_module:run_evaluation:81 - Val prevalence:  0.1273798730734361
2025-07-04 12:34:02.060 | INFO     | eval_module:run_evaluation:82 - Test prevalence:  0.1187756966651439
2025-07-04 12:34:02.060 | CRITICAL | eval_module:run_evaluation:91 - Start | Fitting knn...
2025-07-04 12:34:02.900 | INFO     | eval_module:run_evaluation:140 - Best hparams: {'algorithm': 'auto', 'leaf_size': 30, 'metric': 'euclidean', 'metric_params': None, 'n_jobs': None, 'n_neighbors': 5, 'p': 2, 'weights': 'distance'}
2025-07-04 12:34:02.900 | CRITICAL | eval_module:run_evaluation:143 - Finish | Fitting knn...
2025-07-04 12:34:02.965 | INFO     | eval_module:run_evaluation:154 - Train AUROC: 1.0
2025-07-04 12:34:02.965 | INFO     | eval_module:run_evaluation:155 - Val AUROC:   0.6368026990802792
2025-07-04 12:34:02.965 | INFO     | eval_module:run_evaluation:156 - Test AUROC:  0.5867358535710012
2025-07-04 12:34:02.967 | INFO     | eval_module:run_evaluation:162 - Train AUPRC: 1.0
2025-07-04 12:34:02.968 | INFO     | eval_module:run_evaluation:163 - Val AUPRC:   0.225431470332899
2025-07-04 12:34:02.968 | INFO     | eval_module:run_evaluation:164 - Test AUPRC:  0.15994305655135416
2025-07-04 12:34:02.968 | INFO     | __main__:run_dimensionality_analysis:182 -     Results: AUROC=0.587, AUPRC=0.160
2025-07-04 12:34:02.968 | INFO     | __main__:run_dimensionality_analysis:149 -     Reducing to 25 dimensions...
2025-07-04 12:34:02.968 | INFO     | reducers:fit_transform:101 - Applying UMAP to reduce from 768 to 25 dimensions
2025-07-04 12:34:02.968 | INFO     | reducers:fit_transform:102 - Using n_neighbors: 15, n_jobs: 16
/home/pvenema/.conda/envs/EHRSHOT_ENV/lib/python3.10/site-packages/umap/umap_.py:1952: UserWarning: n_jobs value 1 overridden to 1 by setting random_state. Use no seed for parallelism.
  warn(
2025-07-04 12:34:20.545 | INFO     | __main__:run_dimensionality_analysis:163 -     Reduced shapes - Train: (2608, 25), Val: (2206, 25), Test: (2189, 25)
2025-07-04 12:34:20.546 | CRITICAL | eval_module:run_evaluation:76 - Start | Training knn
2025-07-04 12:34:20.546 | INFO     | eval_module:run_evaluation:77 - Train shape: X = (2608, 25), Y = (2608,)
2025-07-04 12:34:20.546 | INFO     | eval_module:run_evaluation:78 - Val shape: X = (2206, 25), Y = (2206,)
2025-07-04 12:34:20.546 | INFO     | eval_module:run_evaluation:79 - Test shape: X = (2189, 25), Y = (2189,)
2025-07-04 12:34:20.546 | INFO     | eval_module:run_evaluation:80 - Train prevalence:  0.1418711656441718
2025-07-04 12:34:20.546 | INFO     | eval_module:run_evaluation:81 - Val prevalence:  0.1273798730734361
2025-07-04 12:34:20.546 | INFO     | eval_module:run_evaluation:82 - Test prevalence:  0.1187756966651439
2025-07-04 12:34:20.547 | CRITICAL | eval_module:run_evaluation:91 - Start | Fitting knn...
2025-07-04 12:34:21.750 | INFO     | eval_module:run_evaluation:140 - Best hparams: {'algorithm': 'auto', 'leaf_size': 30, 'metric': 'euclidean', 'metric_params': None, 'n_jobs': None, 'n_neighbors': 5, 'p': 2, 'weights': 'distance'}
2025-07-04 12:34:21.750 | CRITICAL | eval_module:run_evaluation:143 - Finish | Fitting knn...
2025-07-04 12:34:21.846 | INFO     | eval_module:run_evaluation:154 - Train AUROC: 1.0
2025-07-04 12:34:21.846 | INFO     | eval_module:run_evaluation:155 - Val AUROC:   0.637257475620465
2025-07-04 12:34:21.846 | INFO     | eval_module:run_evaluation:156 - Test AUROC:  0.5846622402998762
2025-07-04 12:34:21.848 | INFO     | eval_module:run_evaluation:162 - Train AUPRC: 1.0
2025-07-04 12:34:21.848 | INFO     | eval_module:run_evaluation:163 - Val AUPRC:   0.2127522293164731
2025-07-04 12:34:21.848 | INFO     | eval_module:run_evaluation:164 - Test AUPRC:  0.1585891094461253
2025-07-04 12:34:21.848 | INFO     | __main__:run_dimensionality_analysis:182 -     Results: AUROC=0.585, AUPRC=0.159
2025-07-04 12:34:21.848 | INFO     | __main__:run_dimensionality_analysis:149 -     Reducing to 50 dimensions...
2025-07-04 12:34:21.849 | INFO     | reducers:fit_transform:101 - Applying UMAP to reduce from 768 to 50 dimensions
2025-07-04 12:34:21.849 | INFO     | reducers:fit_transform:102 - Using n_neighbors: 15, n_jobs: 16
/home/pvenema/.conda/envs/EHRSHOT_ENV/lib/python3.10/site-packages/umap/umap_.py:1952: UserWarning: n_jobs value 1 overridden to 1 by setting random_state. Use no seed for parallelism.
  warn(
2025-07-04 12:34:39.976 | INFO     | __main__:run_dimensionality_analysis:163 -     Reduced shapes - Train: (2608, 50), Val: (2206, 50), Test: (2189, 50)
2025-07-04 12:34:39.976 | CRITICAL | eval_module:run_evaluation:76 - Start | Training knn
2025-07-04 12:34:39.977 | INFO     | eval_module:run_evaluation:77 - Train shape: X = (2608, 50), Y = (2608,)
2025-07-04 12:34:39.977 | INFO     | eval_module:run_evaluation:78 - Val shape: X = (2206, 50), Y = (2206,)
2025-07-04 12:34:39.977 | INFO     | eval_module:run_evaluation:79 - Test shape: X = (2189, 50), Y = (2189,)
2025-07-04 12:34:39.977 | INFO     | eval_module:run_evaluation:80 - Train prevalence:  0.1418711656441718
2025-07-04 12:34:39.977 | INFO     | eval_module:run_evaluation:81 - Val prevalence:  0.1273798730734361
2025-07-04 12:34:39.977 | INFO     | eval_module:run_evaluation:82 - Test prevalence:  0.1187756966651439
2025-07-04 12:34:39.977 | CRITICAL | eval_module:run_evaluation:91 - Start | Fitting knn...
2025-07-04 12:34:41.285 | INFO     | eval_module:run_evaluation:140 - Best hparams: {'algorithm': 'auto', 'leaf_size': 30, 'metric': 'cosine', 'metric_params': None, 'n_jobs': None, 'n_neighbors': 5, 'p': 2, 'weights': 'distance'}
2025-07-04 12:34:41.286 | CRITICAL | eval_module:run_evaluation:143 - Finish | Fitting knn...
2025-07-04 12:34:41.686 | INFO     | eval_module:run_evaluation:154 - Train AUROC: 0.9998454218293361
2025-07-04 12:34:41.687 | INFO     | eval_module:run_evaluation:155 - Val AUROC:   0.6370328603780561
2025-07-04 12:34:41.687 | INFO     | eval_module:run_evaluation:156 - Test AUROC:  0.5923196554611795
2025-07-04 12:34:41.689 | INFO     | eval_module:run_evaluation:162 - Train AUPRC: 0.9985004057584301
2025-07-04 12:34:41.689 | INFO     | eval_module:run_evaluation:163 - Val AUPRC:   0.21811440670329119
2025-07-04 12:34:41.689 | INFO     | eval_module:run_evaluation:164 - Test AUPRC:  0.16041796267286035
2025-07-04 12:34:41.689 | INFO     | __main__:run_dimensionality_analysis:182 -     Results: AUROC=0.592, AUPRC=0.160
2025-07-04 12:34:41.689 | INFO     | __main__:run_dimensionality_analysis:149 -     Reducing to 100 dimensions...
2025-07-04 12:34:41.689 | INFO     | reducers:fit_transform:101 - Applying UMAP to reduce from 768 to 100 dimensions
2025-07-04 12:34:41.689 | INFO     | reducers:fit_transform:102 - Using n_neighbors: 15, n_jobs: 16
/home/pvenema/.conda/envs/EHRSHOT_ENV/lib/python3.10/site-packages/umap/umap_.py:1952: UserWarning: n_jobs value 1 overridden to 1 by setting random_state. Use no seed for parallelism.
  warn(
2025-07-04 12:35:00.784 | INFO     | __main__:run_dimensionality_analysis:163 -     Reduced shapes - Train: (2608, 100), Val: (2206, 100), Test: (2189, 100)
2025-07-04 12:35:00.785 | CRITICAL | eval_module:run_evaluation:76 - Start | Training knn
2025-07-04 12:35:00.785 | INFO     | eval_module:run_evaluation:77 - Train shape: X = (2608, 100), Y = (2608,)
2025-07-04 12:35:00.785 | INFO     | eval_module:run_evaluation:78 - Val shape: X = (2206, 100), Y = (2206,)
2025-07-04 12:35:00.785 | INFO     | eval_module:run_evaluation:79 - Test shape: X = (2189, 100), Y = (2189,)
2025-07-04 12:35:00.785 | INFO     | eval_module:run_evaluation:80 - Train prevalence:  0.1418711656441718
2025-07-04 12:35:00.785 | INFO     | eval_module:run_evaluation:81 - Val prevalence:  0.1273798730734361
2025-07-04 12:35:00.786 | INFO     | eval_module:run_evaluation:82 - Test prevalence:  0.1187756966651439
2025-07-04 12:35:00.786 | CRITICAL | eval_module:run_evaluation:91 - Start | Fitting knn...
2025-07-04 12:35:02.392 | INFO     | eval_module:run_evaluation:140 - Best hparams: {'algorithm': 'auto', 'leaf_size': 30, 'metric': 'euclidean', 'metric_params': None, 'n_jobs': None, 'n_neighbors': 5, 'p': 2, 'weights': 'distance'}
2025-07-04 12:35:02.392 | CRITICAL | eval_module:run_evaluation:143 - Finish | Fitting knn...
2025-07-04 12:35:02.475 | INFO     | eval_module:run_evaluation:154 - Train AUROC: 1.0
2025-07-04 12:35:02.476 | INFO     | eval_module:run_evaluation:155 - Val AUROC:   0.6435198964736332
2025-07-04 12:35:02.476 | INFO     | eval_module:run_evaluation:156 - Test AUROC:  0.5829624755752282
2025-07-04 12:35:02.478 | INFO     | eval_module:run_evaluation:162 - Train AUPRC: 1.0
2025-07-04 12:35:02.478 | INFO     | eval_module:run_evaluation:163 - Val AUPRC:   0.22383195935769676
2025-07-04 12:35:02.478 | INFO     | eval_module:run_evaluation:164 - Test AUPRC:  0.16441264488633284
2025-07-04 12:35:02.478 | INFO     | __main__:run_dimensionality_analysis:182 -     Results: AUROC=0.583, AUPRC=0.164
2025-07-04 12:35:02.478 | INFO     | __main__:run_dimensionality_analysis:149 -     Reducing to 200 dimensions...
2025-07-04 12:35:02.478 | INFO     | reducers:fit_transform:101 - Applying UMAP to reduce from 768 to 200 dimensions
2025-07-04 12:35:02.479 | INFO     | reducers:fit_transform:102 - Using n_neighbors: 15, n_jobs: 16
/home/pvenema/.conda/envs/EHRSHOT_ENV/lib/python3.10/site-packages/umap/umap_.py:1952: UserWarning: n_jobs value 1 overridden to 1 by setting random_state. Use no seed for parallelism.
  warn(
2025-07-04 12:35:24.257 | INFO     | __main__:run_dimensionality_analysis:163 -     Reduced shapes - Train: (2608, 200), Val: (2206, 200), Test: (2189, 200)
2025-07-04 12:35:24.257 | CRITICAL | eval_module:run_evaluation:76 - Start | Training knn
2025-07-04 12:35:24.258 | INFO     | eval_module:run_evaluation:77 - Train shape: X = (2608, 200), Y = (2608,)
2025-07-04 12:35:24.258 | INFO     | eval_module:run_evaluation:78 - Val shape: X = (2206, 200), Y = (2206,)
2025-07-04 12:35:24.258 | INFO     | eval_module:run_evaluation:79 - Test shape: X = (2189, 200), Y = (2189,)
2025-07-04 12:35:24.258 | INFO     | eval_module:run_evaluation:80 - Train prevalence:  0.1418711656441718
2025-07-04 12:35:24.258 | INFO     | eval_module:run_evaluation:81 - Val prevalence:  0.1273798730734361
2025-07-04 12:35:24.258 | INFO     | eval_module:run_evaluation:82 - Test prevalence:  0.1187756966651439
2025-07-04 12:35:24.259 | CRITICAL | eval_module:run_evaluation:91 - Start | Fitting knn...
2025-07-04 12:35:26.213 | INFO     | eval_module:run_evaluation:140 - Best hparams: {'algorithm': 'auto', 'leaf_size': 30, 'metric': 'cosine', 'metric_params': None, 'n_jobs': None, 'n_neighbors': 5, 'p': 2, 'weights': 'uniform'}
2025-07-04 12:35:26.213 | CRITICAL | eval_module:run_evaluation:143 - Finish | Fitting knn...
2025-07-04 12:35:26.606 | INFO     | eval_module:run_evaluation:154 - Train AUROC: 0.9080350457696302
2025-07-04 12:35:26.607 | INFO     | eval_module:run_evaluation:155 - Val AUROC:   0.6482987475158294
2025-07-04 12:35:26.607 | INFO     | eval_module:run_evaluation:156 - Test AUROC:  0.5915719583682258
2025-07-04 12:35:26.609 | INFO     | eval_module:run_evaluation:162 - Train AUPRC: 0.5869545617075085
2025-07-04 12:35:26.609 | INFO     | eval_module:run_evaluation:163 - Val AUPRC:   0.22809152639509317
2025-07-04 12:35:26.609 | INFO     | eval_module:run_evaluation:164 - Test AUPRC:  0.15444836709000667
2025-07-04 12:35:26.609 | INFO     | __main__:run_dimensionality_analysis:182 -     Results: AUROC=0.592, AUPRC=0.154
2025-07-04 12:35:26.609 | INFO     | __main__:run_dimensionality_analysis:149 -     Reducing to 400 dimensions...
2025-07-04 12:35:26.609 | INFO     | reducers:fit_transform:101 - Applying UMAP to reduce from 768 to 400 dimensions
2025-07-04 12:35:26.609 | INFO     | reducers:fit_transform:102 - Using n_neighbors: 15, n_jobs: 16
/home/pvenema/.conda/envs/EHRSHOT_ENV/lib/python3.10/site-packages/umap/umap_.py:1952: UserWarning: n_jobs value 1 overridden to 1 by setting random_state. Use no seed for parallelism.
  warn(
2025-07-04 12:35:53.873 | INFO     | __main__:run_dimensionality_analysis:163 -     Reduced shapes - Train: (2608, 400), Val: (2206, 400), Test: (2189, 400)
2025-07-04 12:35:53.874 | CRITICAL | eval_module:run_evaluation:76 - Start | Training knn
2025-07-04 12:35:53.874 | INFO     | eval_module:run_evaluation:77 - Train shape: X = (2608, 400), Y = (2608,)
2025-07-04 12:35:53.874 | INFO     | eval_module:run_evaluation:78 - Val shape: X = (2206, 400), Y = (2206,)
2025-07-04 12:35:53.874 | INFO     | eval_module:run_evaluation:79 - Test shape: X = (2189, 400), Y = (2189,)
2025-07-04 12:35:53.874 | INFO     | eval_module:run_evaluation:80 - Train prevalence:  0.1418711656441718
2025-07-04 12:35:53.874 | INFO     | eval_module:run_evaluation:81 - Val prevalence:  0.1273798730734361
2025-07-04 12:35:53.874 | INFO     | eval_module:run_evaluation:82 - Test prevalence:  0.1187756966651439
2025-07-04 12:35:53.875 | CRITICAL | eval_module:run_evaluation:91 - Start | Fitting knn...
2025-07-04 12:35:56.682 | INFO     | eval_module:run_evaluation:140 - Best hparams: {'algorithm': 'auto', 'leaf_size': 30, 'metric': 'euclidean', 'metric_params': None, 'n_jobs': None, 'n_neighbors': 5, 'p': 2, 'weights': 'uniform'}
2025-07-04 12:35:56.682 | CRITICAL | eval_module:run_evaluation:143 - Finish | Fitting knn...
2025-07-04 12:35:56.869 | INFO     | eval_module:run_evaluation:154 - Train AUROC: 0.9067054319735286
2025-07-04 12:35:56.870 | INFO     | eval_module:run_evaluation:155 - Val AUROC:   0.6341784905485973
2025-07-04 12:35:56.870 | INFO     | eval_module:run_evaluation:156 - Test AUROC:  0.6033466921880608
2025-07-04 12:35:56.872 | INFO     | eval_module:run_evaluation:162 - Train AUPRC: 0.5925114425750558
2025-07-04 12:35:56.872 | INFO     | eval_module:run_evaluation:163 - Val AUPRC:   0.21260534295212438
2025-07-04 12:35:56.872 | INFO     | eval_module:run_evaluation:164 - Test AUPRC:  0.15950294399984194
2025-07-04 12:35:56.872 | INFO     | __main__:run_dimensionality_analysis:182 -     Results: AUROC=0.603, AUPRC=0.160
2025-07-04 12:35:56.872 | INFO     | __main__:run_dimensionality_analysis:94 - 
==================================================
2025-07-04 12:35:56.872 | INFO     | __main__:run_dimensionality_analysis:95 - Processing task: guo_icu
2025-07-04 12:35:56.872 | INFO     | __main__:run_dimensionality_analysis:96 - ==================================================
2025-07-04 12:35:56.900 | INFO     | __main__:run_dimensionality_analysis:102 - Loaded labeled patients for guo_icu
2025-07-04 12:36:15.468 | INFO     | __main__:run_dimensionality_analysis:119 - 
Processing model: clmbr
2025-07-04 12:36:15.471 | INFO     | __main__:run_dimensionality_analysis:138 - Data shapes - Train: (2402, 768), Val: (2052, 768), Test: (2037, 768)
2025-07-04 12:36:15.471 | INFO     | __main__:run_dimensionality_analysis:139 - Label distribution - Train: 0.047, Val: 0.045, Test: 0.042
2025-07-04 12:36:15.471 | INFO     | __main__:run_dimensionality_analysis:142 - 
  Testing method: pca
2025-07-04 12:36:15.472 | INFO     | __main__:run_dimensionality_analysis:149 -     Reducing to 2 dimensions...
2025-07-04 12:36:15.472 | INFO     | reducers:fit_transform:55 - Applying PCA to reduce from 768 to 2 dimensions
2025-07-04 12:36:15.520 | INFO     | __main__:run_dimensionality_analysis:163 -     Reduced shapes - Train: (2402, 2), Val: (2052, 2), Test: (2037, 2)
2025-07-04 12:36:15.521 | CRITICAL | eval_module:run_evaluation:76 - Start | Training knn
2025-07-04 12:36:15.522 | INFO     | eval_module:run_evaluation:77 - Train shape: X = (2402, 2), Y = (2402,)
2025-07-04 12:36:15.522 | INFO     | eval_module:run_evaluation:78 - Val shape: X = (2052, 2), Y = (2052,)
2025-07-04 12:36:15.522 | INFO     | eval_module:run_evaluation:79 - Test shape: X = (2037, 2), Y = (2037,)
2025-07-04 12:36:15.522 | INFO     | eval_module:run_evaluation:80 - Train prevalence:  0.04704412989175687
2025-07-04 12:36:15.522 | INFO     | eval_module:run_evaluation:81 - Val prevalence:  0.04483430799220273
2025-07-04 12:36:15.522 | INFO     | eval_module:run_evaluation:82 - Test prevalence:  0.041728031418753066
2025-07-04 12:36:15.522 | CRITICAL | eval_module:run_evaluation:91 - Start | Fitting knn...
2025-07-04 12:36:16.244 | INFO     | eval_module:run_evaluation:140 - Best hparams: {'algorithm': 'auto', 'leaf_size': 30, 'metric': 'euclidean', 'metric_params': None, 'n_jobs': None, 'n_neighbors': 3, 'p': 2, 'weights': 'uniform'}
2025-07-04 12:36:16.245 | CRITICAL | eval_module:run_evaluation:143 - Finish | Fitting knn...
2025-07-04 12:36:16.290 | INFO     | eval_module:run_evaluation:154 - Train AUROC: 0.9603876949009692
2025-07-04 12:36:16.291 | INFO     | eval_module:run_evaluation:155 - Val AUROC:   0.5811085847382431
2025-07-04 12:36:16.291 | INFO     | eval_module:run_evaluation:156 - Test AUROC:  0.5404230954676953
2025-07-04 12:36:16.292 | INFO     | eval_module:run_evaluation:162 - Train AUPRC: 0.4049368286302666
2025-07-04 12:36:16.293 | INFO     | eval_module:run_evaluation:163 - Val AUPRC:   0.06216244078657772
2025-07-04 12:36:16.293 | INFO     | eval_module:run_evaluation:164 - Test AUPRC:  0.05791824508622568
2025-07-04 12:36:16.293 | INFO     | __main__:run_dimensionality_analysis:182 -     Results: AUROC=0.540, AUPRC=0.058
2025-07-04 12:36:16.293 | INFO     | __main__:run_dimensionality_analysis:149 -     Reducing to 5 dimensions...
2025-07-04 12:36:16.293 | INFO     | reducers:fit_transform:55 - Applying PCA to reduce from 768 to 5 dimensions
2025-07-04 12:36:16.363 | INFO     | __main__:run_dimensionality_analysis:163 -     Reduced shapes - Train: (2402, 5), Val: (2052, 5), Test: (2037, 5)
2025-07-04 12:36:16.364 | CRITICAL | eval_module:run_evaluation:76 - Start | Training knn
2025-07-04 12:36:16.365 | INFO     | eval_module:run_evaluation:77 - Train shape: X = (2402, 5), Y = (2402,)
2025-07-04 12:36:16.365 | INFO     | eval_module:run_evaluation:78 - Val shape: X = (2052, 5), Y = (2052,)
2025-07-04 12:36:16.365 | INFO     | eval_module:run_evaluation:79 - Test shape: X = (2037, 5), Y = (2037,)
2025-07-04 12:36:16.365 | INFO     | eval_module:run_evaluation:80 - Train prevalence:  0.04704412989175687
2025-07-04 12:36:16.365 | INFO     | eval_module:run_evaluation:81 - Val prevalence:  0.04483430799220273
2025-07-04 12:36:16.365 | INFO     | eval_module:run_evaluation:82 - Test prevalence:  0.041728031418753066
2025-07-04 12:36:16.366 | CRITICAL | eval_module:run_evaluation:91 - Start | Fitting knn...
2025-07-04 12:36:17.089 | INFO     | eval_module:run_evaluation:140 - Best hparams: {'algorithm': 'auto', 'leaf_size': 30, 'metric': 'euclidean', 'metric_params': None, 'n_jobs': None, 'n_neighbors': 5, 'p': 2, 'weights': 'distance'}
2025-07-04 12:36:17.089 | CRITICAL | eval_module:run_evaluation:143 - Finish | Fitting knn...
2025-07-04 12:36:17.170 | INFO     | eval_module:run_evaluation:154 - Train AUROC: 1.0
2025-07-04 12:36:17.171 | INFO     | eval_module:run_evaluation:155 - Val AUROC:   0.6701974267968057
2025-07-04 12:36:17.171 | INFO     | eval_module:run_evaluation:156 - Test AUROC:  0.6155225409836066
2025-07-04 12:36:17.173 | INFO     | eval_module:run_evaluation:162 - Train AUPRC: 1.0
2025-07-04 12:36:17.173 | INFO     | eval_module:run_evaluation:163 - Val AUPRC:   0.11054139735766035
2025-07-04 12:36:17.173 | INFO     | eval_module:run_evaluation:164 - Test AUPRC:  0.06701238088040987
2025-07-04 12:36:17.173 | INFO     | __main__:run_dimensionality_analysis:182 -     Results: AUROC=0.616, AUPRC=0.067
2025-07-04 12:36:17.173 | INFO     | __main__:run_dimensionality_analysis:149 -     Reducing to 10 dimensions...
2025-07-04 12:36:17.174 | INFO     | reducers:fit_transform:55 - Applying PCA to reduce from 768 to 10 dimensions
2025-07-04 12:36:17.225 | INFO     | __main__:run_dimensionality_analysis:163 -     Reduced shapes - Train: (2402, 10), Val: (2052, 10), Test: (2037, 10)
2025-07-04 12:36:17.226 | CRITICAL | eval_module:run_evaluation:76 - Start | Training knn
2025-07-04 12:36:17.226 | INFO     | eval_module:run_evaluation:77 - Train shape: X = (2402, 10), Y = (2402,)
2025-07-04 12:36:17.226 | INFO     | eval_module:run_evaluation:78 - Val shape: X = (2052, 10), Y = (2052,)
2025-07-04 12:36:17.226 | INFO     | eval_module:run_evaluation:79 - Test shape: X = (2037, 10), Y = (2037,)
2025-07-04 12:36:17.226 | INFO     | eval_module:run_evaluation:80 - Train prevalence:  0.04704412989175687
2025-07-04 12:36:17.226 | INFO     | eval_module:run_evaluation:81 - Val prevalence:  0.04483430799220273
2025-07-04 12:36:17.226 | INFO     | eval_module:run_evaluation:82 - Test prevalence:  0.041728031418753066
2025-07-04 12:36:17.227 | CRITICAL | eval_module:run_evaluation:91 - Start | Fitting knn...
2025-07-04 12:36:18.106 | INFO     | eval_module:run_evaluation:140 - Best hparams: {'algorithm': 'auto', 'leaf_size': 30, 'metric': 'cosine', 'metric_params': None, 'n_jobs': None, 'n_neighbors': 5, 'p': 2, 'weights': 'distance'}
2025-07-04 12:36:18.107 | CRITICAL | eval_module:run_evaluation:143 - Finish | Fitting knn...
2025-07-04 12:36:18.462 | INFO     | eval_module:run_evaluation:154 - Train AUROC: 1.0
2025-07-04 12:36:18.463 | INFO     | eval_module:run_evaluation:155 - Val AUROC:   0.6717834960070984
2025-07-04 12:36:18.463 | INFO     | eval_module:run_evaluation:156 - Test AUROC:  0.6824674541947927
2025-07-04 12:36:18.465 | INFO     | eval_module:run_evaluation:162 - Train AUPRC: 1.0
2025-07-04 12:36:18.465 | INFO     | eval_module:run_evaluation:163 - Val AUPRC:   0.17084930048570815
2025-07-04 12:36:18.465 | INFO     | eval_module:run_evaluation:164 - Test AUPRC:  0.15375444031061775
2025-07-04 12:36:18.465 | INFO     | __main__:run_dimensionality_analysis:182 -     Results: AUROC=0.682, AUPRC=0.154
2025-07-04 12:36:18.465 | INFO     | __main__:run_dimensionality_analysis:149 -     Reducing to 25 dimensions...
2025-07-04 12:36:18.466 | INFO     | reducers:fit_transform:55 - Applying PCA to reduce from 768 to 25 dimensions
2025-07-04 12:36:18.527 | INFO     | __main__:run_dimensionality_analysis:163 -     Reduced shapes - Train: (2402, 25), Val: (2052, 25), Test: (2037, 25)
2025-07-04 12:36:18.528 | CRITICAL | eval_module:run_evaluation:76 - Start | Training knn
2025-07-04 12:36:18.528 | INFO     | eval_module:run_evaluation:77 - Train shape: X = (2402, 25), Y = (2402,)
2025-07-04 12:36:18.528 | INFO     | eval_module:run_evaluation:78 - Val shape: X = (2052, 25), Y = (2052,)
2025-07-04 12:36:18.528 | INFO     | eval_module:run_evaluation:79 - Test shape: X = (2037, 25), Y = (2037,)
2025-07-04 12:36:18.528 | INFO     | eval_module:run_evaluation:80 - Train prevalence:  0.04704412989175687
2025-07-04 12:36:18.528 | INFO     | eval_module:run_evaluation:81 - Val prevalence:  0.04483430799220273
2025-07-04 12:36:18.529 | INFO     | eval_module:run_evaluation:82 - Test prevalence:  0.041728031418753066
2025-07-04 12:36:18.529 | CRITICAL | eval_module:run_evaluation:91 - Start | Fitting knn...
2025-07-04 12:36:19.648 | INFO     | eval_module:run_evaluation:140 - Best hparams: {'algorithm': 'auto', 'leaf_size': 30, 'metric': 'euclidean', 'metric_params': None, 'n_jobs': None, 'n_neighbors': 5, 'p': 2, 'weights': 'uniform'}
2025-07-04 12:36:19.649 | CRITICAL | eval_module:run_evaluation:143 - Finish | Fitting knn...
2025-07-04 12:36:19.764 | INFO     | eval_module:run_evaluation:154 - Train AUROC: 0.9507803771017216
2025-07-04 12:36:19.764 | INFO     | eval_module:run_evaluation:155 - Val AUROC:   0.7346411934338953
2025-07-04 12:36:19.765 | INFO     | eval_module:run_evaluation:156 - Test AUROC:  0.7094895130183222
2025-07-04 12:36:19.766 | INFO     | eval_module:run_evaluation:162 - Train AUPRC: 0.45674830094085817
2025-07-04 12:36:19.767 | INFO     | eval_module:run_evaluation:163 - Val AUPRC:   0.17697965603055182
2025-07-04 12:36:19.767 | INFO     | eval_module:run_evaluation:164 - Test AUPRC:  0.17502285712194326
2025-07-04 12:36:19.767 | INFO     | __main__:run_dimensionality_analysis:182 -     Results: AUROC=0.709, AUPRC=0.175
2025-07-04 12:36:19.767 | INFO     | __main__:run_dimensionality_analysis:149 -     Reducing to 50 dimensions...
2025-07-04 12:36:19.768 | INFO     | reducers:fit_transform:55 - Applying PCA to reduce from 768 to 50 dimensions
2025-07-04 12:36:19.843 | INFO     | __main__:run_dimensionality_analysis:163 -     Reduced shapes - Train: (2402, 50), Val: (2052, 50), Test: (2037, 50)
2025-07-04 12:36:19.843 | CRITICAL | eval_module:run_evaluation:76 - Start | Training knn
2025-07-04 12:36:19.843 | INFO     | eval_module:run_evaluation:77 - Train shape: X = (2402, 50), Y = (2402,)
2025-07-04 12:36:19.843 | INFO     | eval_module:run_evaluation:78 - Val shape: X = (2052, 50), Y = (2052,)
2025-07-04 12:36:19.844 | INFO     | eval_module:run_evaluation:79 - Test shape: X = (2037, 50), Y = (2037,)
2025-07-04 12:36:19.844 | INFO     | eval_module:run_evaluation:80 - Train prevalence:  0.04704412989175687
2025-07-04 12:36:19.844 | INFO     | eval_module:run_evaluation:81 - Val prevalence:  0.04483430799220273
2025-07-04 12:36:19.844 | INFO     | eval_module:run_evaluation:82 - Test prevalence:  0.041728031418753066
2025-07-04 12:36:19.844 | CRITICAL | eval_module:run_evaluation:91 - Start | Fitting knn...
2025-07-04 12:36:21.165 | INFO     | eval_module:run_evaluation:140 - Best hparams: {'algorithm': 'auto', 'leaf_size': 30, 'metric': 'cosine', 'metric_params': None, 'n_jobs': None, 'n_neighbors': 5, 'p': 2, 'weights': 'distance'}
2025-07-04 12:36:21.166 | CRITICAL | eval_module:run_evaluation:143 - Finish | Fitting knn...
2025-07-04 12:36:21.476 | INFO     | eval_module:run_evaluation:154 - Train AUROC: 1.0
2025-07-04 12:36:21.476 | INFO     | eval_module:run_evaluation:155 - Val AUROC:   0.7275399290150844
2025-07-04 12:36:21.477 | INFO     | eval_module:run_evaluation:156 - Test AUROC:  0.6470979990356799
2025-07-04 12:36:21.478 | INFO     | eval_module:run_evaluation:162 - Train AUPRC: 1.0
2025-07-04 12:36:21.479 | INFO     | eval_module:run_evaluation:163 - Val AUPRC:   0.26669359947235116
2025-07-04 12:36:21.479 | INFO     | eval_module:run_evaluation:164 - Test AUPRC:  0.15415932700174653
2025-07-04 12:36:21.479 | INFO     | __main__:run_dimensionality_analysis:182 -     Results: AUROC=0.647, AUPRC=0.154
2025-07-04 12:36:21.479 | INFO     | __main__:run_dimensionality_analysis:149 -     Reducing to 100 dimensions...
2025-07-04 12:36:21.479 | INFO     | reducers:fit_transform:55 - Applying PCA to reduce from 768 to 100 dimensions
2025-07-04 12:36:21.572 | INFO     | __main__:run_dimensionality_analysis:163 -     Reduced shapes - Train: (2402, 100), Val: (2052, 100), Test: (2037, 100)
2025-07-04 12:36:21.573 | CRITICAL | eval_module:run_evaluation:76 - Start | Training knn
2025-07-04 12:36:21.573 | INFO     | eval_module:run_evaluation:77 - Train shape: X = (2402, 100), Y = (2402,)
2025-07-04 12:36:21.573 | INFO     | eval_module:run_evaluation:78 - Val shape: X = (2052, 100), Y = (2052,)
2025-07-04 12:36:21.573 | INFO     | eval_module:run_evaluation:79 - Test shape: X = (2037, 100), Y = (2037,)
2025-07-04 12:36:21.573 | INFO     | eval_module:run_evaluation:80 - Train prevalence:  0.04704412989175687
2025-07-04 12:36:21.573 | INFO     | eval_module:run_evaluation:81 - Val prevalence:  0.04483430799220273
2025-07-04 12:36:21.574 | INFO     | eval_module:run_evaluation:82 - Test prevalence:  0.041728031418753066
2025-07-04 12:36:21.574 | CRITICAL | eval_module:run_evaluation:91 - Start | Fitting knn...
2025-07-04 12:36:23.109 | INFO     | eval_module:run_evaluation:140 - Best hparams: {'algorithm': 'auto', 'leaf_size': 30, 'metric': 'cosine', 'metric_params': None, 'n_jobs': None, 'n_neighbors': 5, 'p': 2, 'weights': 'distance'}
2025-07-04 12:36:23.109 | CRITICAL | eval_module:run_evaluation:143 - Finish | Fitting knn...
2025-07-04 12:36:23.422 | INFO     | eval_module:run_evaluation:154 - Train AUROC: 1.0
2025-07-04 12:36:23.422 | INFO     | eval_module:run_evaluation:155 - Val AUROC:   0.7381211180124223
2025-07-04 12:36:23.422 | INFO     | eval_module:run_evaluation:156 - Test AUROC:  0.6885396576663453
2025-07-04 12:36:23.424 | INFO     | eval_module:run_evaluation:162 - Train AUPRC: 1.0
2025-07-04 12:36:23.424 | INFO     | eval_module:run_evaluation:163 - Val AUPRC:   0.30680784937353656
2025-07-04 12:36:23.424 | INFO     | eval_module:run_evaluation:164 - Test AUPRC:  0.17900331309400752
2025-07-04 12:36:23.424 | INFO     | __main__:run_dimensionality_analysis:182 -     Results: AUROC=0.689, AUPRC=0.179
2025-07-04 12:36:23.424 | INFO     | __main__:run_dimensionality_analysis:149 -     Reducing to 200 dimensions...
2025-07-04 12:36:23.424 | INFO     | reducers:fit_transform:55 - Applying PCA to reduce from 768 to 200 dimensions
2025-07-04 12:36:23.582 | INFO     | __main__:run_dimensionality_analysis:163 -     Reduced shapes - Train: (2402, 200), Val: (2052, 200), Test: (2037, 200)
2025-07-04 12:36:23.582 | CRITICAL | eval_module:run_evaluation:76 - Start | Training knn
2025-07-04 12:36:23.583 | INFO     | eval_module:run_evaluation:77 - Train shape: X = (2402, 200), Y = (2402,)
2025-07-04 12:36:23.583 | INFO     | eval_module:run_evaluation:78 - Val shape: X = (2052, 200), Y = (2052,)
2025-07-04 12:36:23.583 | INFO     | eval_module:run_evaluation:79 - Test shape: X = (2037, 200), Y = (2037,)
2025-07-04 12:36:23.583 | INFO     | eval_module:run_evaluation:80 - Train prevalence:  0.04704412989175687
2025-07-04 12:36:23.583 | INFO     | eval_module:run_evaluation:81 - Val prevalence:  0.04483430799220273
2025-07-04 12:36:23.583 | INFO     | eval_module:run_evaluation:82 - Test prevalence:  0.041728031418753066
2025-07-04 12:36:23.584 | CRITICAL | eval_module:run_evaluation:91 - Start | Fitting knn...
2025-07-04 12:36:25.467 | INFO     | eval_module:run_evaluation:140 - Best hparams: {'algorithm': 'auto', 'leaf_size': 30, 'metric': 'euclidean', 'metric_params': None, 'n_jobs': None, 'n_neighbors': 5, 'p': 2, 'weights': 'distance'}
2025-07-04 12:36:25.467 | CRITICAL | eval_module:run_evaluation:143 - Finish | Fitting knn...
2025-07-04 12:36:25.552 | INFO     | eval_module:run_evaluation:154 - Train AUROC: 1.0
2025-07-04 12:36:25.552 | INFO     | eval_module:run_evaluation:155 - Val AUROC:   0.7506183451641526
2025-07-04 12:36:25.552 | INFO     | eval_module:run_evaluation:156 - Test AUROC:  0.6806804484088718
2025-07-04 12:36:25.554 | INFO     | eval_module:run_evaluation:162 - Train AUPRC: 1.0
2025-07-04 12:36:25.554 | INFO     | eval_module:run_evaluation:163 - Val AUPRC:   0.3023392833361092
2025-07-04 12:36:25.554 | INFO     | eval_module:run_evaluation:164 - Test AUPRC:  0.1800500590935824
2025-07-04 12:36:25.555 | INFO     | __main__:run_dimensionality_analysis:182 -     Results: AUROC=0.681, AUPRC=0.180
2025-07-04 12:36:25.555 | INFO     | __main__:run_dimensionality_analysis:149 -     Reducing to 400 dimensions...
2025-07-04 12:36:25.555 | INFO     | reducers:fit_transform:55 - Applying PCA to reduce from 768 to 400 dimensions
2025-07-04 12:36:25.894 | INFO     | __main__:run_dimensionality_analysis:163 -     Reduced shapes - Train: (2402, 400), Val: (2052, 400), Test: (2037, 400)
2025-07-04 12:36:25.895 | CRITICAL | eval_module:run_evaluation:76 - Start | Training knn
2025-07-04 12:36:25.895 | INFO     | eval_module:run_evaluation:77 - Train shape: X = (2402, 400), Y = (2402,)
2025-07-04 12:36:25.895 | INFO     | eval_module:run_evaluation:78 - Val shape: X = (2052, 400), Y = (2052,)
2025-07-04 12:36:25.895 | INFO     | eval_module:run_evaluation:79 - Test shape: X = (2037, 400), Y = (2037,)
2025-07-04 12:36:25.895 | INFO     | eval_module:run_evaluation:80 - Train prevalence:  0.04704412989175687
2025-07-04 12:36:25.895 | INFO     | eval_module:run_evaluation:81 - Val prevalence:  0.04483430799220273
2025-07-04 12:36:25.896 | INFO     | eval_module:run_evaluation:82 - Test prevalence:  0.041728031418753066
2025-07-04 12:36:25.897 | CRITICAL | eval_module:run_evaluation:91 - Start | Fitting knn...
2025-07-04 12:36:28.480 | INFO     | eval_module:run_evaluation:140 - Best hparams: {'algorithm': 'auto', 'leaf_size': 30, 'metric': 'cosine', 'metric_params': None, 'n_jobs': None, 'n_neighbors': 5, 'p': 2, 'weights': 'distance'}
2025-07-04 12:36:28.481 | CRITICAL | eval_module:run_evaluation:143 - Finish | Fitting knn...
2025-07-04 12:36:28.804 | INFO     | eval_module:run_evaluation:154 - Train AUROC: 1.0
2025-07-04 12:36:28.804 | INFO     | eval_module:run_evaluation:155 - Val AUROC:   0.7275094276841172
2025-07-04 12:36:28.805 | INFO     | eval_module:run_evaluation:156 - Test AUROC:  0.6722275795564127
2025-07-04 12:36:28.806 | INFO     | eval_module:run_evaluation:162 - Train AUPRC: 1.0
2025-07-04 12:36:28.807 | INFO     | eval_module:run_evaluation:163 - Val AUPRC:   0.24361345102840007
2025-07-04 12:36:28.807 | INFO     | eval_module:run_evaluation:164 - Test AUPRC:  0.18100144773216253
2025-07-04 12:36:28.807 | INFO     | __main__:run_dimensionality_analysis:182 -     Results: AUROC=0.672, AUPRC=0.181
2025-07-04 12:36:28.807 | INFO     | __main__:run_dimensionality_analysis:142 - 
  Testing method: umap
2025-07-04 12:36:28.807 | INFO     | __main__:run_dimensionality_analysis:149 -     Reducing to 2 dimensions...
2025-07-04 12:36:28.807 | INFO     | reducers:fit_transform:101 - Applying UMAP to reduce from 768 to 2 dimensions
2025-07-04 12:36:28.807 | INFO     | reducers:fit_transform:102 - Using n_neighbors: 15, n_jobs: 16
/home/pvenema/.conda/envs/EHRSHOT_ENV/lib/python3.10/site-packages/umap/umap_.py:1952: UserWarning: n_jobs value 1 overridden to 1 by setting random_state. Use no seed for parallelism.
  warn(
2025-07-04 12:36:42.472 | INFO     | __main__:run_dimensionality_analysis:163 -     Reduced shapes - Train: (2402, 2), Val: (2052, 2), Test: (2037, 2)
2025-07-04 12:36:42.472 | CRITICAL | eval_module:run_evaluation:76 - Start | Training knn
2025-07-04 12:36:42.472 | INFO     | eval_module:run_evaluation:77 - Train shape: X = (2402, 2), Y = (2402,)
2025-07-04 12:36:42.472 | INFO     | eval_module:run_evaluation:78 - Val shape: X = (2052, 2), Y = (2052,)
2025-07-04 12:36:42.472 | INFO     | eval_module:run_evaluation:79 - Test shape: X = (2037, 2), Y = (2037,)
2025-07-04 12:36:42.472 | INFO     | eval_module:run_evaluation:80 - Train prevalence:  0.04704412989175687
2025-07-04 12:36:42.473 | INFO     | eval_module:run_evaluation:81 - Val prevalence:  0.04483430799220273
2025-07-04 12:36:42.473 | INFO     | eval_module:run_evaluation:82 - Test prevalence:  0.041728031418753066
2025-07-04 12:36:42.474 | CRITICAL | eval_module:run_evaluation:91 - Start | Fitting knn...
2025-07-04 12:36:43.079 | INFO     | eval_module:run_evaluation:140 - Best hparams: {'algorithm': 'auto', 'leaf_size': 30, 'metric': 'euclidean', 'metric_params': None, 'n_jobs': None, 'n_neighbors': 5, 'p': 2, 'weights': 'distance'}
2025-07-04 12:36:43.080 | CRITICAL | eval_module:run_evaluation:143 - Finish | Fitting knn...
2025-07-04 12:36:43.109 | INFO     | eval_module:run_evaluation:154 - Train AUROC: 1.0
2025-07-04 12:36:43.109 | INFO     | eval_module:run_evaluation:155 - Val AUROC:   0.6587122892635315
2025-07-04 12:36:43.109 | INFO     | eval_module:run_evaluation:156 - Test AUROC:  0.6367797733847637
2025-07-04 12:36:43.111 | INFO     | eval_module:run_evaluation:162 - Train AUPRC: 1.0
2025-07-04 12:36:43.111 | INFO     | eval_module:run_evaluation:163 - Val AUPRC:   0.1946407068007513
2025-07-04 12:36:43.111 | INFO     | eval_module:run_evaluation:164 - Test AUPRC:  0.11475716936660538
2025-07-04 12:36:43.111 | INFO     | __main__:run_dimensionality_analysis:182 -     Results: AUROC=0.637, AUPRC=0.115
2025-07-04 12:36:43.112 | INFO     | __main__:run_dimensionality_analysis:149 -     Reducing to 5 dimensions...
2025-07-04 12:36:43.126 | INFO     | reducers:fit_transform:101 - Applying UMAP to reduce from 768 to 5 dimensions
2025-07-04 12:36:43.126 | INFO     | reducers:fit_transform:102 - Using n_neighbors: 15, n_jobs: 16
/home/pvenema/.conda/envs/EHRSHOT_ENV/lib/python3.10/site-packages/umap/umap_.py:1952: UserWarning: n_jobs value 1 overridden to 1 by setting random_state. Use no seed for parallelism.
  warn(
2025-07-04 12:36:56.977 | INFO     | __main__:run_dimensionality_analysis:163 -     Reduced shapes - Train: (2402, 5), Val: (2052, 5), Test: (2037, 5)
2025-07-04 12:36:56.977 | CRITICAL | eval_module:run_evaluation:76 - Start | Training knn
2025-07-04 12:36:56.977 | INFO     | eval_module:run_evaluation:77 - Train shape: X = (2402, 5), Y = (2402,)
2025-07-04 12:36:56.977 | INFO     | eval_module:run_evaluation:78 - Val shape: X = (2052, 5), Y = (2052,)
2025-07-04 12:36:56.977 | INFO     | eval_module:run_evaluation:79 - Test shape: X = (2037, 5), Y = (2037,)
2025-07-04 12:36:56.977 | INFO     | eval_module:run_evaluation:80 - Train prevalence:  0.04704412989175687
2025-07-04 12:36:56.978 | INFO     | eval_module:run_evaluation:81 - Val prevalence:  0.04483430799220273
2025-07-04 12:36:56.978 | INFO     | eval_module:run_evaluation:82 - Test prevalence:  0.041728031418753066
2025-07-04 12:36:56.978 | CRITICAL | eval_module:run_evaluation:91 - Start | Fitting knn...
2025-07-04 12:36:57.637 | INFO     | eval_module:run_evaluation:140 - Best hparams: {'algorithm': 'auto', 'leaf_size': 30, 'metric': 'cosine', 'metric_params': None, 'n_jobs': None, 'n_neighbors': 5, 'p': 2, 'weights': 'distance'}
2025-07-04 12:36:57.637 | CRITICAL | eval_module:run_evaluation:143 - Finish | Fitting knn...
2025-07-04 12:36:57.953 | INFO     | eval_module:run_evaluation:154 - Train AUROC: 1.0
2025-07-04 12:36:57.954 | INFO     | eval_module:run_evaluation:155 - Val AUROC:   0.690766415261757
2025-07-04 12:36:57.954 | INFO     | eval_module:run_evaluation:156 - Test AUROC:  0.658754218900675
2025-07-04 12:36:57.955 | INFO     | eval_module:run_evaluation:162 - Train AUPRC: 1.0
2025-07-04 12:36:57.956 | INFO     | eval_module:run_evaluation:163 - Val AUPRC:   0.15003493887545916
2025-07-04 12:36:57.956 | INFO     | eval_module:run_evaluation:164 - Test AUPRC:  0.10078540594305585
2025-07-04 12:36:57.956 | INFO     | __main__:run_dimensionality_analysis:182 -     Results: AUROC=0.659, AUPRC=0.101
2025-07-04 12:36:57.956 | INFO     | __main__:run_dimensionality_analysis:149 -     Reducing to 10 dimensions...
2025-07-04 12:36:57.956 | INFO     | reducers:fit_transform:101 - Applying UMAP to reduce from 768 to 10 dimensions
2025-07-04 12:36:57.956 | INFO     | reducers:fit_transform:102 - Using n_neighbors: 15, n_jobs: 16
/home/pvenema/.conda/envs/EHRSHOT_ENV/lib/python3.10/site-packages/umap/umap_.py:1952: UserWarning: n_jobs value 1 overridden to 1 by setting random_state. Use no seed for parallelism.
  warn(
2025-07-04 12:37:12.429 | INFO     | __main__:run_dimensionality_analysis:163 -     Reduced shapes - Train: (2402, 10), Val: (2052, 10), Test: (2037, 10)
2025-07-04 12:37:12.430 | CRITICAL | eval_module:run_evaluation:76 - Start | Training knn
2025-07-04 12:37:12.430 | INFO     | eval_module:run_evaluation:77 - Train shape: X = (2402, 10), Y = (2402,)
2025-07-04 12:37:12.431 | INFO     | eval_module:run_evaluation:78 - Val shape: X = (2052, 10), Y = (2052,)
2025-07-04 12:37:12.431 | INFO     | eval_module:run_evaluation:79 - Test shape: X = (2037, 10), Y = (2037,)
2025-07-04 12:37:12.431 | INFO     | eval_module:run_evaluation:80 - Train prevalence:  0.04704412989175687
2025-07-04 12:37:12.431 | INFO     | eval_module:run_evaluation:81 - Val prevalence:  0.04483430799220273
2025-07-04 12:37:12.431 | INFO     | eval_module:run_evaluation:82 - Test prevalence:  0.041728031418753066
2025-07-04 12:37:12.431 | CRITICAL | eval_module:run_evaluation:91 - Start | Fitting knn...
2025-07-04 12:37:13.157 | INFO     | eval_module:run_evaluation:140 - Best hparams: {'algorithm': 'auto', 'leaf_size': 30, 'metric': 'cosine', 'metric_params': None, 'n_jobs': None, 'n_neighbors': 5, 'p': 2, 'weights': 'distance'}
2025-07-04 12:37:13.158 | CRITICAL | eval_module:run_evaluation:143 - Finish | Fitting knn...
2025-07-04 12:37:13.467 | INFO     | eval_module:run_evaluation:154 - Train AUROC: 1.0
2025-07-04 12:37:13.468 | INFO     | eval_module:run_evaluation:155 - Val AUROC:   0.6530806344276842
2025-07-04 12:37:13.468 | INFO     | eval_module:run_evaluation:156 - Test AUROC:  0.6576573047251687
2025-07-04 12:37:13.470 | INFO     | eval_module:run_evaluation:162 - Train AUPRC: 1.0
2025-07-04 12:37:13.470 | INFO     | eval_module:run_evaluation:163 - Val AUPRC:   0.1437782430650979
2025-07-04 12:37:13.470 | INFO     | eval_module:run_evaluation:164 - Test AUPRC:  0.13222390384526392
2025-07-04 12:37:13.470 | INFO     | __main__:run_dimensionality_analysis:182 -     Results: AUROC=0.658, AUPRC=0.132
2025-07-04 12:37:13.470 | INFO     | __main__:run_dimensionality_analysis:149 -     Reducing to 25 dimensions...
2025-07-04 12:37:13.470 | INFO     | reducers:fit_transform:101 - Applying UMAP to reduce from 768 to 25 dimensions
2025-07-04 12:37:13.470 | INFO     | reducers:fit_transform:102 - Using n_neighbors: 15, n_jobs: 16
/home/pvenema/.conda/envs/EHRSHOT_ENV/lib/python3.10/site-packages/umap/umap_.py:1952: UserWarning: n_jobs value 1 overridden to 1 by setting random_state. Use no seed for parallelism.
  warn(
2025-07-04 12:37:28.715 | INFO     | __main__:run_dimensionality_analysis:163 -     Reduced shapes - Train: (2402, 25), Val: (2052, 25), Test: (2037, 25)
2025-07-04 12:37:28.716 | CRITICAL | eval_module:run_evaluation:76 - Start | Training knn
2025-07-04 12:37:28.716 | INFO     | eval_module:run_evaluation:77 - Train shape: X = (2402, 25), Y = (2402,)
2025-07-04 12:37:28.716 | INFO     | eval_module:run_evaluation:78 - Val shape: X = (2052, 25), Y = (2052,)
2025-07-04 12:37:28.716 | INFO     | eval_module:run_evaluation:79 - Test shape: X = (2037, 25), Y = (2037,)
2025-07-04 12:37:28.716 | INFO     | eval_module:run_evaluation:80 - Train prevalence:  0.04704412989175687
2025-07-04 12:37:28.717 | INFO     | eval_module:run_evaluation:81 - Val prevalence:  0.04483430799220273
2025-07-04 12:37:28.717 | INFO     | eval_module:run_evaluation:82 - Test prevalence:  0.041728031418753066
2025-07-04 12:37:28.717 | CRITICAL | eval_module:run_evaluation:91 - Start | Fitting knn...
2025-07-04 12:37:29.771 | INFO     | eval_module:run_evaluation:140 - Best hparams: {'algorithm': 'auto', 'leaf_size': 30, 'metric': 'cosine', 'metric_params': None, 'n_jobs': None, 'n_neighbors': 5, 'p': 2, 'weights': 'distance'}
2025-07-04 12:37:29.771 | CRITICAL | eval_module:run_evaluation:143 - Finish | Fitting knn...
2025-07-04 12:37:30.090 | INFO     | eval_module:run_evaluation:154 - Train AUROC: 1.0
2025-07-04 12:37:30.091 | INFO     | eval_module:run_evaluation:155 - Val AUROC:   0.6801852262644188
2025-07-04 12:37:30.091 | INFO     | eval_module:run_evaluation:156 - Test AUROC:  0.6462451783992285
2025-07-04 12:37:30.093 | INFO     | eval_module:run_evaluation:162 - Train AUPRC: 1.0
2025-07-04 12:37:30.093 | INFO     | eval_module:run_evaluation:163 - Val AUPRC:   0.17659883850082772
2025-07-04 12:37:30.093 | INFO     | eval_module:run_evaluation:164 - Test AUPRC:  0.11709422210421977
2025-07-04 12:37:30.094 | INFO     | __main__:run_dimensionality_analysis:182 -     Results: AUROC=0.646, AUPRC=0.117
2025-07-04 12:37:30.094 | INFO     | __main__:run_dimensionality_analysis:149 -     Reducing to 50 dimensions...
2025-07-04 12:37:30.094 | INFO     | reducers:fit_transform:101 - Applying UMAP to reduce from 768 to 50 dimensions
2025-07-04 12:37:30.094 | INFO     | reducers:fit_transform:102 - Using n_neighbors: 15, n_jobs: 16
/home/pvenema/.conda/envs/EHRSHOT_ENV/lib/python3.10/site-packages/umap/umap_.py:1952: UserWarning: n_jobs value 1 overridden to 1 by setting random_state. Use no seed for parallelism.
  warn(
2025-07-04 12:37:45.510 | INFO     | __main__:run_dimensionality_analysis:163 -     Reduced shapes - Train: (2402, 50), Val: (2052, 50), Test: (2037, 50)
2025-07-04 12:37:45.510 | CRITICAL | eval_module:run_evaluation:76 - Start | Training knn
2025-07-04 12:37:45.510 | INFO     | eval_module:run_evaluation:77 - Train shape: X = (2402, 50), Y = (2402,)
2025-07-04 12:37:45.510 | INFO     | eval_module:run_evaluation:78 - Val shape: X = (2052, 50), Y = (2052,)
2025-07-04 12:37:45.511 | INFO     | eval_module:run_evaluation:79 - Test shape: X = (2037, 50), Y = (2037,)
2025-07-04 12:37:45.511 | INFO     | eval_module:run_evaluation:80 - Train prevalence:  0.04704412989175687
2025-07-04 12:37:45.511 | INFO     | eval_module:run_evaluation:81 - Val prevalence:  0.04483430799220273
2025-07-04 12:37:45.511 | INFO     | eval_module:run_evaluation:82 - Test prevalence:  0.041728031418753066
2025-07-04 12:37:45.512 | CRITICAL | eval_module:run_evaluation:91 - Start | Fitting knn...
2025-07-04 12:37:46.677 | INFO     | eval_module:run_evaluation:140 - Best hparams: {'algorithm': 'auto', 'leaf_size': 30, 'metric': 'cosine', 'metric_params': None, 'n_jobs': None, 'n_neighbors': 5, 'p': 2, 'weights': 'uniform'}
2025-07-04 12:37:46.677 | CRITICAL | eval_module:run_evaluation:143 - Finish | Fitting knn...
2025-07-04 12:37:46.970 | INFO     | eval_module:run_evaluation:154 - Train AUROC: 0.9513660948669473
2025-07-04 12:37:46.971 | INFO     | eval_module:run_evaluation:155 - Val AUROC:   0.6885786379769299
2025-07-04 12:37:46.971 | INFO     | eval_module:run_evaluation:156 - Test AUROC:  0.6368008678881387
2025-07-04 12:37:46.972 | INFO     | eval_module:run_evaluation:162 - Train AUPRC: 0.41042303383040246
2025-07-04 12:37:46.973 | INFO     | eval_module:run_evaluation:163 - Val AUPRC:   0.17118118887426667
2025-07-04 12:37:46.973 | INFO     | eval_module:run_evaluation:164 - Test AUPRC:  0.1031741623713062
2025-07-04 12:37:46.973 | INFO     | __main__:run_dimensionality_analysis:182 -     Results: AUROC=0.637, AUPRC=0.103
2025-07-04 12:37:46.973 | INFO     | __main__:run_dimensionality_analysis:149 -     Reducing to 100 dimensions...
2025-07-04 12:37:46.973 | INFO     | reducers:fit_transform:101 - Applying UMAP to reduce from 768 to 100 dimensions
2025-07-04 12:37:46.973 | INFO     | reducers:fit_transform:102 - Using n_neighbors: 15, n_jobs: 16
/home/pvenema/.conda/envs/EHRSHOT_ENV/lib/python3.10/site-packages/umap/umap_.py:1952: UserWarning: n_jobs value 1 overridden to 1 by setting random_state. Use no seed for parallelism.
  warn(
2025-07-04 12:38:03.444 | INFO     | __main__:run_dimensionality_analysis:163 -     Reduced shapes - Train: (2402, 100), Val: (2052, 100), Test: (2037, 100)
2025-07-04 12:38:03.445 | CRITICAL | eval_module:run_evaluation:76 - Start | Training knn
2025-07-04 12:38:03.445 | INFO     | eval_module:run_evaluation:77 - Train shape: X = (2402, 100), Y = (2402,)
2025-07-04 12:38:03.445 | INFO     | eval_module:run_evaluation:78 - Val shape: X = (2052, 100), Y = (2052,)
2025-07-04 12:38:03.446 | INFO     | eval_module:run_evaluation:79 - Test shape: X = (2037, 100), Y = (2037,)
2025-07-04 12:38:03.446 | INFO     | eval_module:run_evaluation:80 - Train prevalence:  0.04704412989175687
2025-07-04 12:38:03.446 | INFO     | eval_module:run_evaluation:81 - Val prevalence:  0.04483430799220273
2025-07-04 12:38:03.446 | INFO     | eval_module:run_evaluation:82 - Test prevalence:  0.041728031418753066
2025-07-04 12:38:03.446 | CRITICAL | eval_module:run_evaluation:91 - Start | Fitting knn...
2025-07-04 12:38:04.878 | INFO     | eval_module:run_evaluation:140 - Best hparams: {'algorithm': 'auto', 'leaf_size': 30, 'metric': 'cosine', 'metric_params': None, 'n_jobs': None, 'n_neighbors': 5, 'p': 2, 'weights': 'uniform'}
2025-07-04 12:38:04.879 | CRITICAL | eval_module:run_evaluation:143 - Finish | Fitting knn...
2025-07-04 12:38:05.169 | INFO     | eval_module:run_evaluation:154 - Train AUROC: 0.9545672454254089
2025-07-04 12:38:05.169 | INFO     | eval_module:run_evaluation:155 - Val AUROC:   0.6555567879325642
2025-07-04 12:38:05.169 | INFO     | eval_module:run_evaluation:156 - Test AUROC:  0.6313946480231436
2025-07-04 12:38:05.171 | INFO     | eval_module:run_evaluation:162 - Train AUPRC: 0.4676667276202938
2025-07-04 12:38:05.171 | INFO     | eval_module:run_evaluation:163 - Val AUPRC:   0.13893906087576055
2025-07-04 12:38:05.171 | INFO     | eval_module:run_evaluation:164 - Test AUPRC:  0.10519149482358045
2025-07-04 12:38:05.172 | INFO     | __main__:run_dimensionality_analysis:182 -     Results: AUROC=0.631, AUPRC=0.105
2025-07-04 12:38:05.172 | INFO     | __main__:run_dimensionality_analysis:149 -     Reducing to 200 dimensions...
2025-07-04 12:38:05.172 | INFO     | reducers:fit_transform:101 - Applying UMAP to reduce from 768 to 200 dimensions
2025-07-04 12:38:05.172 | INFO     | reducers:fit_transform:102 - Using n_neighbors: 15, n_jobs: 16
/home/pvenema/.conda/envs/EHRSHOT_ENV/lib/python3.10/site-packages/umap/umap_.py:1952: UserWarning: n_jobs value 1 overridden to 1 by setting random_state. Use no seed for parallelism.
  warn(
2025-07-04 12:38:23.704 | INFO     | __main__:run_dimensionality_analysis:163 -     Reduced shapes - Train: (2402, 200), Val: (2052, 200), Test: (2037, 200)
2025-07-04 12:38:23.705 | CRITICAL | eval_module:run_evaluation:76 - Start | Training knn
2025-07-04 12:38:23.705 | INFO     | eval_module:run_evaluation:77 - Train shape: X = (2402, 200), Y = (2402,)
2025-07-04 12:38:23.705 | INFO     | eval_module:run_evaluation:78 - Val shape: X = (2052, 200), Y = (2052,)
2025-07-04 12:38:23.705 | INFO     | eval_module:run_evaluation:79 - Test shape: X = (2037, 200), Y = (2037,)
2025-07-04 12:38:23.705 | INFO     | eval_module:run_evaluation:80 - Train prevalence:  0.04704412989175687
2025-07-04 12:38:23.706 | INFO     | eval_module:run_evaluation:81 - Val prevalence:  0.04483430799220273
2025-07-04 12:38:23.706 | INFO     | eval_module:run_evaluation:82 - Test prevalence:  0.041728031418753066
2025-07-04 12:38:23.706 | CRITICAL | eval_module:run_evaluation:91 - Start | Fitting knn...
2025-07-04 12:38:25.502 | INFO     | eval_module:run_evaluation:140 - Best hparams: {'algorithm': 'auto', 'leaf_size': 30, 'metric': 'euclidean', 'metric_params': None, 'n_jobs': None, 'n_neighbors': 5, 'p': 2, 'weights': 'distance'}
2025-07-04 12:38:25.502 | CRITICAL | eval_module:run_evaluation:143 - Finish | Fitting knn...
2025-07-04 12:38:25.593 | INFO     | eval_module:run_evaluation:154 - Train AUROC: 1.0
2025-07-04 12:38:25.593 | INFO     | eval_module:run_evaluation:155 - Val AUROC:   0.6462843833185448
2025-07-04 12:38:25.593 | INFO     | eval_module:run_evaluation:156 - Test AUROC:  0.6460010848601735
2025-07-04 12:38:25.595 | INFO     | eval_module:run_evaluation:162 - Train AUPRC: 1.0
2025-07-04 12:38:25.595 | INFO     | eval_module:run_evaluation:163 - Val AUPRC:   0.1562724404567618
2025-07-04 12:38:25.595 | INFO     | eval_module:run_evaluation:164 - Test AUPRC:  0.12436100592265281
2025-07-04 12:38:25.595 | INFO     | __main__:run_dimensionality_analysis:182 -     Results: AUROC=0.646, AUPRC=0.124
2025-07-04 12:38:25.595 | INFO     | __main__:run_dimensionality_analysis:149 -     Reducing to 400 dimensions...
2025-07-04 12:38:25.596 | INFO     | reducers:fit_transform:101 - Applying UMAP to reduce from 768 to 400 dimensions
2025-07-04 12:38:25.596 | INFO     | reducers:fit_transform:102 - Using n_neighbors: 15, n_jobs: 16
/home/pvenema/.conda/envs/EHRSHOT_ENV/lib/python3.10/site-packages/umap/umap_.py:1952: UserWarning: n_jobs value 1 overridden to 1 by setting random_state. Use no seed for parallelism.
  warn(
2025-07-04 12:38:49.412 | INFO     | __main__:run_dimensionality_analysis:163 -     Reduced shapes - Train: (2402, 400), Val: (2052, 400), Test: (2037, 400)
2025-07-04 12:38:49.413 | CRITICAL | eval_module:run_evaluation:76 - Start | Training knn
2025-07-04 12:38:49.413 | INFO     | eval_module:run_evaluation:77 - Train shape: X = (2402, 400), Y = (2402,)
2025-07-04 12:38:49.413 | INFO     | eval_module:run_evaluation:78 - Val shape: X = (2052, 400), Y = (2052,)
2025-07-04 12:38:49.413 | INFO     | eval_module:run_evaluation:79 - Test shape: X = (2037, 400), Y = (2037,)
2025-07-04 12:38:49.413 | INFO     | eval_module:run_evaluation:80 - Train prevalence:  0.04704412989175687
2025-07-04 12:38:49.414 | INFO     | eval_module:run_evaluation:81 - Val prevalence:  0.04483430799220273
2025-07-04 12:38:49.414 | INFO     | eval_module:run_evaluation:82 - Test prevalence:  0.041728031418753066
2025-07-04 12:38:49.415 | CRITICAL | eval_module:run_evaluation:91 - Start | Fitting knn...
2025-07-04 12:38:51.868 | INFO     | eval_module:run_evaluation:140 - Best hparams: {'algorithm': 'auto', 'leaf_size': 30, 'metric': 'cosine', 'metric_params': None, 'n_jobs': None, 'n_neighbors': 5, 'p': 2, 'weights': 'distance'}
2025-07-04 12:38:51.868 | CRITICAL | eval_module:run_evaluation:143 - Finish | Fitting knn...
2025-07-04 12:38:52.162 | INFO     | eval_module:run_evaluation:154 - Train AUROC: 0.9994916047120318
2025-07-04 12:38:52.163 | INFO     | eval_module:run_evaluation:155 - Val AUROC:   0.6595191881100266
2025-07-04 12:38:52.163 | INFO     | eval_module:run_evaluation:156 - Test AUROC:  0.6412789296046287
2025-07-04 12:38:52.165 | INFO     | eval_module:run_evaluation:162 - Train AUPRC: 0.9847025515015233
2025-07-04 12:38:52.165 | INFO     | eval_module:run_evaluation:163 - Val AUPRC:   0.12243289529005914
2025-07-04 12:38:52.165 | INFO     | eval_module:run_evaluation:164 - Test AUPRC:  0.10991892457860054
2025-07-04 12:38:52.165 | INFO     | __main__:run_dimensionality_analysis:182 -     Results: AUROC=0.641, AUPRC=0.110
2025-07-04 12:38:52.165 | INFO     | __main__:run_dimensionality_analysis:119 - 
Processing model: clinicalbert_type3_clinicalbert_pool
2025-07-04 12:38:52.169 | INFO     | __main__:run_dimensionality_analysis:138 - Data shapes - Train: (2402, 768), Val: (2052, 768), Test: (2037, 768)
2025-07-04 12:38:52.169 | INFO     | __main__:run_dimensionality_analysis:139 - Label distribution - Train: 0.047, Val: 0.045, Test: 0.042
2025-07-04 12:38:52.169 | INFO     | __main__:run_dimensionality_analysis:142 - 
  Testing method: pca
2025-07-04 12:38:52.169 | INFO     | __main__:run_dimensionality_analysis:149 -     Reducing to 2 dimensions...
2025-07-04 12:38:52.169 | INFO     | reducers:fit_transform:55 - Applying PCA to reduce from 768 to 2 dimensions
2025-07-04 12:38:52.186 | INFO     | __main__:run_dimensionality_analysis:163 -     Reduced shapes - Train: (2402, 2), Val: (2052, 2), Test: (2037, 2)
2025-07-04 12:38:52.186 | CRITICAL | eval_module:run_evaluation:76 - Start | Training knn
2025-07-04 12:38:52.186 | INFO     | eval_module:run_evaluation:77 - Train shape: X = (2402, 2), Y = (2402,)
2025-07-04 12:38:52.186 | INFO     | eval_module:run_evaluation:78 - Val shape: X = (2052, 2), Y = (2052,)
2025-07-04 12:38:52.186 | INFO     | eval_module:run_evaluation:79 - Test shape: X = (2037, 2), Y = (2037,)
2025-07-04 12:38:52.186 | INFO     | eval_module:run_evaluation:80 - Train prevalence:  0.04704412989175687
2025-07-04 12:38:52.186 | INFO     | eval_module:run_evaluation:81 - Val prevalence:  0.04483430799220273
2025-07-04 12:38:52.187 | INFO     | eval_module:run_evaluation:82 - Test prevalence:  0.041728031418753066
2025-07-04 12:38:52.187 | CRITICAL | eval_module:run_evaluation:91 - Start | Fitting knn...
2025-07-04 12:38:52.858 | INFO     | eval_module:run_evaluation:140 - Best hparams: {'algorithm': 'auto', 'leaf_size': 30, 'metric': 'euclidean', 'metric_params': None, 'n_jobs': None, 'n_neighbors': 5, 'p': 2, 'weights': 'uniform'}
2025-07-04 12:38:52.858 | CRITICAL | eval_module:run_evaluation:143 - Finish | Fitting knn...
2025-07-04 12:38:52.890 | INFO     | eval_module:run_evaluation:154 - Train AUROC: 0.9276570902778584
2025-07-04 12:38:52.890 | INFO     | eval_module:run_evaluation:155 - Val AUROC:   0.5647127329192547
2025-07-04 12:38:52.890 | INFO     | eval_module:run_evaluation:156 - Test AUROC:  0.5388410077145612
2025-07-04 12:38:52.904 | INFO     | eval_module:run_evaluation:162 - Train AUPRC: 0.28009298065904187
2025-07-04 12:38:52.904 | INFO     | eval_module:run_evaluation:163 - Val AUPRC:   0.05347192037207107
2025-07-04 12:38:52.904 | INFO     | eval_module:run_evaluation:164 - Test AUPRC:  0.04577030325940267
2025-07-04 12:38:52.904 | INFO     | __main__:run_dimensionality_analysis:182 -     Results: AUROC=0.539, AUPRC=0.046
2025-07-04 12:38:52.905 | INFO     | __main__:run_dimensionality_analysis:149 -     Reducing to 5 dimensions...
2025-07-04 12:38:52.905 | INFO     | reducers:fit_transform:55 - Applying PCA to reduce from 768 to 5 dimensions
2025-07-04 12:38:52.922 | INFO     | __main__:run_dimensionality_analysis:163 -     Reduced shapes - Train: (2402, 5), Val: (2052, 5), Test: (2037, 5)
2025-07-04 12:38:52.923 | CRITICAL | eval_module:run_evaluation:76 - Start | Training knn
2025-07-04 12:38:52.923 | INFO     | eval_module:run_evaluation:77 - Train shape: X = (2402, 5), Y = (2402,)
2025-07-04 12:38:52.923 | INFO     | eval_module:run_evaluation:78 - Val shape: X = (2052, 5), Y = (2052,)
2025-07-04 12:38:52.923 | INFO     | eval_module:run_evaluation:79 - Test shape: X = (2037, 5), Y = (2037,)
2025-07-04 12:38:52.923 | INFO     | eval_module:run_evaluation:80 - Train prevalence:  0.04704412989175687
2025-07-04 12:38:52.923 | INFO     | eval_module:run_evaluation:81 - Val prevalence:  0.04483430799220273
2025-07-04 12:38:52.923 | INFO     | eval_module:run_evaluation:82 - Test prevalence:  0.041728031418753066
2025-07-04 12:38:52.924 | CRITICAL | eval_module:run_evaluation:91 - Start | Fitting knn...
2025-07-04 12:38:53.639 | INFO     | eval_module:run_evaluation:140 - Best hparams: {'algorithm': 'auto', 'leaf_size': 30, 'metric': 'cosine', 'metric_params': None, 'n_jobs': None, 'n_neighbors': 5, 'p': 2, 'weights': 'uniform'}
2025-07-04 12:38:53.640 | CRITICAL | eval_module:run_evaluation:143 - Finish | Fitting knn...
2025-07-04 12:38:53.950 | INFO     | eval_module:run_evaluation:154 - Train AUROC: 0.9328956881120557
2025-07-04 12:38:53.950 | INFO     | eval_module:run_evaluation:155 - Val AUROC:   0.5319432120674357
2025-07-04 12:38:53.950 | INFO     | eval_module:run_evaluation:156 - Test AUROC:  0.5089380424300869
2025-07-04 12:38:53.952 | INFO     | eval_module:run_evaluation:162 - Train AUPRC: 0.28673200461209025
2025-07-04 12:38:53.952 | INFO     | eval_module:run_evaluation:163 - Val AUPRC:   0.05555318484380269
2025-07-04 12:38:53.952 | INFO     | eval_module:run_evaluation:164 - Test AUPRC:  0.04236583898304372
2025-07-04 12:38:53.952 | INFO     | __main__:run_dimensionality_analysis:182 -     Results: AUROC=0.509, AUPRC=0.042
2025-07-04 12:38:53.953 | INFO     | __main__:run_dimensionality_analysis:149 -     Reducing to 10 dimensions...
2025-07-04 12:38:53.953 | INFO     | reducers:fit_transform:55 - Applying PCA to reduce from 768 to 10 dimensions
2025-07-04 12:38:53.972 | INFO     | __main__:run_dimensionality_analysis:163 -     Reduced shapes - Train: (2402, 10), Val: (2052, 10), Test: (2037, 10)
2025-07-04 12:38:53.973 | CRITICAL | eval_module:run_evaluation:76 - Start | Training knn
2025-07-04 12:38:53.973 | INFO     | eval_module:run_evaluation:77 - Train shape: X = (2402, 10), Y = (2402,)
2025-07-04 12:38:53.973 | INFO     | eval_module:run_evaluation:78 - Val shape: X = (2052, 10), Y = (2052,)
2025-07-04 12:38:53.973 | INFO     | eval_module:run_evaluation:79 - Test shape: X = (2037, 10), Y = (2037,)
2025-07-04 12:38:53.973 | INFO     | eval_module:run_evaluation:80 - Train prevalence:  0.04704412989175687
2025-07-04 12:38:53.973 | INFO     | eval_module:run_evaluation:81 - Val prevalence:  0.04483430799220273
2025-07-04 12:38:53.973 | INFO     | eval_module:run_evaluation:82 - Test prevalence:  0.041728031418753066
2025-07-04 12:38:53.974 | CRITICAL | eval_module:run_evaluation:91 - Start | Fitting knn...
2025-07-04 12:38:54.902 | INFO     | eval_module:run_evaluation:140 - Best hparams: {'algorithm': 'auto', 'leaf_size': 30, 'metric': 'cosine', 'metric_params': None, 'n_jobs': None, 'n_neighbors': 5, 'p': 2, 'weights': 'distance'}
2025-07-04 12:38:54.902 | CRITICAL | eval_module:run_evaluation:143 - Finish | Fitting knn...
2025-07-04 12:38:55.220 | INFO     | eval_module:run_evaluation:154 - Train AUROC: 1.0
2025-07-04 12:38:55.220 | INFO     | eval_module:run_evaluation:155 - Val AUROC:   0.6018827639751554
2025-07-04 12:38:55.221 | INFO     | eval_module:run_evaluation:156 - Test AUROC:  0.6126988910318226
2025-07-04 12:38:55.223 | INFO     | eval_module:run_evaluation:162 - Train AUPRC: 1.0
2025-07-04 12:38:55.223 | INFO     | eval_module:run_evaluation:163 - Val AUPRC:   0.08350214061006589
2025-07-04 12:38:55.224 | INFO     | eval_module:run_evaluation:164 - Test AUPRC:  0.0833451421398344
2025-07-04 12:38:55.224 | INFO     | __main__:run_dimensionality_analysis:182 -     Results: AUROC=0.613, AUPRC=0.083
2025-07-04 12:38:55.224 | INFO     | __main__:run_dimensionality_analysis:149 -     Reducing to 25 dimensions...
2025-07-04 12:38:55.224 | INFO     | reducers:fit_transform:55 - Applying PCA to reduce from 768 to 25 dimensions
2025-07-04 12:38:55.249 | INFO     | __main__:run_dimensionality_analysis:163 -     Reduced shapes - Train: (2402, 25), Val: (2052, 25), Test: (2037, 25)
2025-07-04 12:38:55.250 | CRITICAL | eval_module:run_evaluation:76 - Start | Training knn
2025-07-04 12:38:55.250 | INFO     | eval_module:run_evaluation:77 - Train shape: X = (2402, 25), Y = (2402,)
2025-07-04 12:38:55.250 | INFO     | eval_module:run_evaluation:78 - Val shape: X = (2052, 25), Y = (2052,)
2025-07-04 12:38:55.250 | INFO     | eval_module:run_evaluation:79 - Test shape: X = (2037, 25), Y = (2037,)
2025-07-04 12:38:55.250 | INFO     | eval_module:run_evaluation:80 - Train prevalence:  0.04704412989175687
2025-07-04 12:38:55.250 | INFO     | eval_module:run_evaluation:81 - Val prevalence:  0.04483430799220273
2025-07-04 12:38:55.250 | INFO     | eval_module:run_evaluation:82 - Test prevalence:  0.041728031418753066
2025-07-04 12:38:55.251 | CRITICAL | eval_module:run_evaluation:91 - Start | Fitting knn...
2025-07-04 12:38:56.331 | INFO     | eval_module:run_evaluation:140 - Best hparams: {'algorithm': 'auto', 'leaf_size': 30, 'metric': 'euclidean', 'metric_params': None, 'n_jobs': None, 'n_neighbors': 5, 'p': 2, 'weights': 'uniform'}
2025-07-04 12:38:56.331 | CRITICAL | eval_module:run_evaluation:143 - Finish | Fitting knn...
2025-07-04 12:38:56.420 | INFO     | eval_module:run_evaluation:154 - Train AUROC: 0.9558701291671983
2025-07-04 12:38:56.420 | INFO     | eval_module:run_evaluation:155 - Val AUROC:   0.6426464063886425
2025-07-04 12:38:56.420 | INFO     | eval_module:run_evaluation:156 - Test AUROC:  0.5992616923818708
2025-07-04 12:38:56.422 | INFO     | eval_module:run_evaluation:162 - Train AUPRC: 0.4297280204615811
2025-07-04 12:38:56.422 | INFO     | eval_module:run_evaluation:163 - Val AUPRC:   0.08640885807385619
2025-07-04 12:38:56.422 | INFO     | eval_module:run_evaluation:164 - Test AUPRC:  0.06277444811101573
2025-07-04 12:38:56.422 | INFO     | __main__:run_dimensionality_analysis:182 -     Results: AUROC=0.599, AUPRC=0.063
2025-07-04 12:38:56.422 | INFO     | __main__:run_dimensionality_analysis:149 -     Reducing to 50 dimensions...
2025-07-04 12:38:56.422 | INFO     | reducers:fit_transform:55 - Applying PCA to reduce from 768 to 50 dimensions
2025-07-04 12:38:56.457 | INFO     | __main__:run_dimensionality_analysis:163 -     Reduced shapes - Train: (2402, 50), Val: (2052, 50), Test: (2037, 50)
2025-07-04 12:38:56.457 | CRITICAL | eval_module:run_evaluation:76 - Start | Training knn
2025-07-04 12:38:56.457 | INFO     | eval_module:run_evaluation:77 - Train shape: X = (2402, 50), Y = (2402,)
2025-07-04 12:38:56.458 | INFO     | eval_module:run_evaluation:78 - Val shape: X = (2052, 50), Y = (2052,)
2025-07-04 12:38:56.458 | INFO     | eval_module:run_evaluation:79 - Test shape: X = (2037, 50), Y = (2037,)
2025-07-04 12:38:56.458 | INFO     | eval_module:run_evaluation:80 - Train prevalence:  0.04704412989175687
2025-07-04 12:38:56.458 | INFO     | eval_module:run_evaluation:81 - Val prevalence:  0.04483430799220273
2025-07-04 12:38:56.458 | INFO     | eval_module:run_evaluation:82 - Test prevalence:  0.041728031418753066
2025-07-04 12:38:56.458 | CRITICAL | eval_module:run_evaluation:91 - Start | Fitting knn...
2025-07-04 12:38:57.617 | INFO     | eval_module:run_evaluation:140 - Best hparams: {'algorithm': 'auto', 'leaf_size': 30, 'metric': 'cosine', 'metric_params': None, 'n_jobs': None, 'n_neighbors': 5, 'p': 2, 'weights': 'distance'}
2025-07-04 12:38:57.618 | CRITICAL | eval_module:run_evaluation:143 - Finish | Fitting knn...
2025-07-04 12:38:57.920 | INFO     | eval_module:run_evaluation:154 - Train AUROC: 1.0
2025-07-04 12:38:57.921 | INFO     | eval_module:run_evaluation:155 - Val AUROC:   0.6131987577639751
2025-07-04 12:38:57.921 | INFO     | eval_module:run_evaluation:156 - Test AUROC:  0.6260818466730955
2025-07-04 12:38:57.923 | INFO     | eval_module:run_evaluation:162 - Train AUPRC: 1.0
2025-07-04 12:38:57.923 | INFO     | eval_module:run_evaluation:163 - Val AUPRC:   0.10638272917033946
2025-07-04 12:38:57.923 | INFO     | eval_module:run_evaluation:164 - Test AUPRC:  0.09650377378498148
2025-07-04 12:38:57.923 | INFO     | __main__:run_dimensionality_analysis:182 -     Results: AUROC=0.626, AUPRC=0.097
2025-07-04 12:38:57.923 | INFO     | __main__:run_dimensionality_analysis:149 -     Reducing to 100 dimensions...
2025-07-04 12:38:57.923 | INFO     | reducers:fit_transform:55 - Applying PCA to reduce from 768 to 100 dimensions
2025-07-04 12:38:57.968 | INFO     | __main__:run_dimensionality_analysis:163 -     Reduced shapes - Train: (2402, 100), Val: (2052, 100), Test: (2037, 100)
2025-07-04 12:38:57.968 | CRITICAL | eval_module:run_evaluation:76 - Start | Training knn
2025-07-04 12:38:57.968 | INFO     | eval_module:run_evaluation:77 - Train shape: X = (2402, 100), Y = (2402,)
2025-07-04 12:38:57.968 | INFO     | eval_module:run_evaluation:78 - Val shape: X = (2052, 100), Y = (2052,)
2025-07-04 12:38:57.968 | INFO     | eval_module:run_evaluation:79 - Test shape: X = (2037, 100), Y = (2037,)
2025-07-04 12:38:57.969 | INFO     | eval_module:run_evaluation:80 - Train prevalence:  0.04704412989175687
2025-07-04 12:38:57.969 | INFO     | eval_module:run_evaluation:81 - Val prevalence:  0.04483430799220273
2025-07-04 12:38:57.969 | INFO     | eval_module:run_evaluation:82 - Test prevalence:  0.041728031418753066
2025-07-04 12:38:57.969 | CRITICAL | eval_module:run_evaluation:91 - Start | Fitting knn...
2025-07-04 12:38:59.379 | INFO     | eval_module:run_evaluation:140 - Best hparams: {'algorithm': 'auto', 'leaf_size': 30, 'metric': 'cosine', 'metric_params': None, 'n_jobs': None, 'n_neighbors': 5, 'p': 2, 'weights': 'distance'}
2025-07-04 12:38:59.380 | CRITICAL | eval_module:run_evaluation:143 - Finish | Fitting knn...
2025-07-04 12:38:59.668 | INFO     | eval_module:run_evaluation:154 - Train AUROC: 1.0
2025-07-04 12:38:59.669 | INFO     | eval_module:run_evaluation:155 - Val AUROC:   0.6444958961845607
2025-07-04 12:38:59.669 | INFO     | eval_module:run_evaluation:156 - Test AUROC:  0.5847396335583415
2025-07-04 12:38:59.670 | INFO     | eval_module:run_evaluation:162 - Train AUPRC: 1.0
2025-07-04 12:38:59.671 | INFO     | eval_module:run_evaluation:163 - Val AUPRC:   0.1016393056104867
2025-07-04 12:38:59.671 | INFO     | eval_module:run_evaluation:164 - Test AUPRC:  0.07961818730383091
2025-07-04 12:38:59.671 | INFO     | __main__:run_dimensionality_analysis:182 -     Results: AUROC=0.585, AUPRC=0.080
2025-07-04 12:38:59.671 | INFO     | __main__:run_dimensionality_analysis:149 -     Reducing to 200 dimensions...
2025-07-04 12:38:59.671 | INFO     | reducers:fit_transform:55 - Applying PCA to reduce from 768 to 200 dimensions
2025-07-04 12:38:59.752 | INFO     | __main__:run_dimensionality_analysis:163 -     Reduced shapes - Train: (2402, 200), Val: (2052, 200), Test: (2037, 200)
2025-07-04 12:38:59.752 | CRITICAL | eval_module:run_evaluation:76 - Start | Training knn
2025-07-04 12:38:59.753 | INFO     | eval_module:run_evaluation:77 - Train shape: X = (2402, 200), Y = (2402,)
2025-07-04 12:38:59.753 | INFO     | eval_module:run_evaluation:78 - Val shape: X = (2052, 200), Y = (2052,)
2025-07-04 12:38:59.753 | INFO     | eval_module:run_evaluation:79 - Test shape: X = (2037, 200), Y = (2037,)
2025-07-04 12:38:59.753 | INFO     | eval_module:run_evaluation:80 - Train prevalence:  0.04704412989175687
2025-07-04 12:38:59.754 | INFO     | eval_module:run_evaluation:81 - Val prevalence:  0.04483430799220273
2025-07-04 12:38:59.754 | INFO     | eval_module:run_evaluation:82 - Test prevalence:  0.041728031418753066
2025-07-04 12:38:59.754 | CRITICAL | eval_module:run_evaluation:91 - Start | Fitting knn...
2025-07-04 12:39:01.510 | INFO     | eval_module:run_evaluation:140 - Best hparams: {'algorithm': 'auto', 'leaf_size': 30, 'metric': 'cosine', 'metric_params': None, 'n_jobs': None, 'n_neighbors': 5, 'p': 2, 'weights': 'distance'}
2025-07-04 12:39:01.510 | CRITICAL | eval_module:run_evaluation:143 - Finish | Fitting knn...
2025-07-04 12:39:01.802 | INFO     | eval_module:run_evaluation:154 - Train AUROC: 1.0
2025-07-04 12:39:01.803 | INFO     | eval_module:run_evaluation:155 - Val AUROC:   0.6249611801242235
2025-07-04 12:39:01.803 | INFO     | eval_module:run_evaluation:156 - Test AUROC:  0.5851374156219865
2025-07-04 12:39:01.805 | INFO     | eval_module:run_evaluation:162 - Train AUPRC: 1.0
2025-07-04 12:39:01.805 | INFO     | eval_module:run_evaluation:163 - Val AUPRC:   0.08857845063959521
2025-07-04 12:39:01.805 | INFO     | eval_module:run_evaluation:164 - Test AUPRC:  0.09749855350532075
2025-07-04 12:39:01.805 | INFO     | __main__:run_dimensionality_analysis:182 -     Results: AUROC=0.585, AUPRC=0.097
2025-07-04 12:39:01.805 | INFO     | __main__:run_dimensionality_analysis:149 -     Reducing to 400 dimensions...
2025-07-04 12:39:01.805 | INFO     | reducers:fit_transform:55 - Applying PCA to reduce from 768 to 400 dimensions
2025-07-04 12:39:01.998 | INFO     | __main__:run_dimensionality_analysis:163 -     Reduced shapes - Train: (2402, 400), Val: (2052, 400), Test: (2037, 400)
2025-07-04 12:39:01.998 | CRITICAL | eval_module:run_evaluation:76 - Start | Training knn
2025-07-04 12:39:01.998 | INFO     | eval_module:run_evaluation:77 - Train shape: X = (2402, 400), Y = (2402,)
2025-07-04 12:39:01.998 | INFO     | eval_module:run_evaluation:78 - Val shape: X = (2052, 400), Y = (2052,)
2025-07-04 12:39:01.998 | INFO     | eval_module:run_evaluation:79 - Test shape: X = (2037, 400), Y = (2037,)
2025-07-04 12:39:01.999 | INFO     | eval_module:run_evaluation:80 - Train prevalence:  0.04704412989175687
2025-07-04 12:39:01.999 | INFO     | eval_module:run_evaluation:81 - Val prevalence:  0.04483430799220273
2025-07-04 12:39:01.999 | INFO     | eval_module:run_evaluation:82 - Test prevalence:  0.041728031418753066
2025-07-04 12:39:02.000 | CRITICAL | eval_module:run_evaluation:91 - Start | Fitting knn...
2025-07-04 12:39:04.488 | INFO     | eval_module:run_evaluation:140 - Best hparams: {'algorithm': 'auto', 'leaf_size': 30, 'metric': 'cosine', 'metric_params': None, 'n_jobs': None, 'n_neighbors': 5, 'p': 2, 'weights': 'distance'}
2025-07-04 12:39:04.489 | CRITICAL | eval_module:run_evaluation:143 - Finish | Fitting knn...
2025-07-04 12:39:04.791 | INFO     | eval_module:run_evaluation:154 - Train AUROC: 1.0
2025-07-04 12:39:04.792 | INFO     | eval_module:run_evaluation:155 - Val AUROC:   0.6694903504880213
2025-07-04 12:39:04.792 | INFO     | eval_module:run_evaluation:156 - Test AUROC:  0.5938373915139827
2025-07-04 12:39:04.794 | INFO     | eval_module:run_evaluation:162 - Train AUPRC: 1.0
2025-07-04 12:39:04.794 | INFO     | eval_module:run_evaluation:163 - Val AUPRC:   0.10202325895914241
2025-07-04 12:39:04.794 | INFO     | eval_module:run_evaluation:164 - Test AUPRC:  0.07787052068209796
2025-07-04 12:39:04.794 | INFO     | __main__:run_dimensionality_analysis:182 -     Results: AUROC=0.594, AUPRC=0.078
2025-07-04 12:39:04.794 | INFO     | __main__:run_dimensionality_analysis:142 - 
  Testing method: umap
2025-07-04 12:39:04.794 | INFO     | __main__:run_dimensionality_analysis:149 -     Reducing to 2 dimensions...
2025-07-04 12:39:04.794 | INFO     | reducers:fit_transform:101 - Applying UMAP to reduce from 768 to 2 dimensions
2025-07-04 12:39:04.794 | INFO     | reducers:fit_transform:102 - Using n_neighbors: 15, n_jobs: 16
/home/pvenema/.conda/envs/EHRSHOT_ENV/lib/python3.10/site-packages/umap/umap_.py:1952: UserWarning: n_jobs value 1 overridden to 1 by setting random_state. Use no seed for parallelism.
  warn(
2025-07-04 12:39:18.559 | INFO     | __main__:run_dimensionality_analysis:163 -     Reduced shapes - Train: (2402, 2), Val: (2052, 2), Test: (2037, 2)
2025-07-04 12:39:18.561 | CRITICAL | eval_module:run_evaluation:76 - Start | Training knn
2025-07-04 12:39:18.561 | INFO     | eval_module:run_evaluation:77 - Train shape: X = (2402, 2), Y = (2402,)
2025-07-04 12:39:18.561 | INFO     | eval_module:run_evaluation:78 - Val shape: X = (2052, 2), Y = (2052,)
2025-07-04 12:39:18.561 | INFO     | eval_module:run_evaluation:79 - Test shape: X = (2037, 2), Y = (2037,)
2025-07-04 12:39:18.562 | INFO     | eval_module:run_evaluation:80 - Train prevalence:  0.04704412989175687
2025-07-04 12:39:18.562 | INFO     | eval_module:run_evaluation:81 - Val prevalence:  0.04483430799220273
2025-07-04 12:39:18.562 | INFO     | eval_module:run_evaluation:82 - Test prevalence:  0.041728031418753066
2025-07-04 12:39:18.562 | CRITICAL | eval_module:run_evaluation:91 - Start | Fitting knn...
2025-07-04 12:39:19.150 | INFO     | eval_module:run_evaluation:140 - Best hparams: {'algorithm': 'auto', 'leaf_size': 30, 'metric': 'euclidean', 'metric_params': None, 'n_jobs': None, 'n_neighbors': 5, 'p': 2, 'weights': 'uniform'}
2025-07-04 12:39:19.150 | CRITICAL | eval_module:run_evaluation:143 - Finish | Fitting knn...
2025-07-04 12:39:19.200 | INFO     | eval_module:run_evaluation:154 - Train AUROC: 0.9387064722779589
2025-07-04 12:39:19.200 | INFO     | eval_module:run_evaluation:155 - Val AUROC:   0.6032996894409938
2025-07-04 12:39:19.200 | INFO     | eval_module:run_evaluation:156 - Test AUROC:  0.5194551591128255
2025-07-04 12:39:19.202 | INFO     | eval_module:run_evaluation:162 - Train AUPRC: 0.32606016617798794
2025-07-04 12:39:19.202 | INFO     | eval_module:run_evaluation:163 - Val AUPRC:   0.06433130291579357
2025-07-04 12:39:19.202 | INFO     | eval_module:run_evaluation:164 - Test AUPRC:  0.05467465920427692
2025-07-04 12:39:19.203 | INFO     | __main__:run_dimensionality_analysis:182 -     Results: AUROC=0.519, AUPRC=0.055
2025-07-04 12:39:19.203 | INFO     | __main__:run_dimensionality_analysis:149 -     Reducing to 5 dimensions...
2025-07-04 12:39:19.203 | INFO     | reducers:fit_transform:101 - Applying UMAP to reduce from 768 to 5 dimensions
2025-07-04 12:39:19.203 | INFO     | reducers:fit_transform:102 - Using n_neighbors: 15, n_jobs: 16
/home/pvenema/.conda/envs/EHRSHOT_ENV/lib/python3.10/site-packages/umap/umap_.py:1952: UserWarning: n_jobs value 1 overridden to 1 by setting random_state. Use no seed for parallelism.
  warn(
2025-07-04 12:39:33.307 | INFO     | __main__:run_dimensionality_analysis:163 -     Reduced shapes - Train: (2402, 5), Val: (2052, 5), Test: (2037, 5)
2025-07-04 12:39:33.308 | CRITICAL | eval_module:run_evaluation:76 - Start | Training knn
2025-07-04 12:39:33.308 | INFO     | eval_module:run_evaluation:77 - Train shape: X = (2402, 5), Y = (2402,)
2025-07-04 12:39:33.308 | INFO     | eval_module:run_evaluation:78 - Val shape: X = (2052, 5), Y = (2052,)
2025-07-04 12:39:33.308 | INFO     | eval_module:run_evaluation:79 - Test shape: X = (2037, 5), Y = (2037,)
2025-07-04 12:39:33.308 | INFO     | eval_module:run_evaluation:80 - Train prevalence:  0.04704412989175687
2025-07-04 12:39:33.309 | INFO     | eval_module:run_evaluation:81 - Val prevalence:  0.04483430799220273
2025-07-04 12:39:33.309 | INFO     | eval_module:run_evaluation:82 - Test prevalence:  0.041728031418753066
2025-07-04 12:39:33.309 | CRITICAL | eval_module:run_evaluation:91 - Start | Fitting knn...
2025-07-04 12:39:33.985 | INFO     | eval_module:run_evaluation:140 - Best hparams: {'algorithm': 'auto', 'leaf_size': 30, 'metric': 'euclidean', 'metric_params': None, 'n_jobs': None, 'n_neighbors': 5, 'p': 2, 'weights': 'uniform'}
2025-07-04 12:39:33.985 | CRITICAL | eval_module:run_evaluation:143 - Finish | Fitting knn...
2025-07-04 12:39:34.023 | INFO     | eval_module:run_evaluation:154 - Train AUROC: 0.9390234944347147
2025-07-04 12:39:34.023 | INFO     | eval_module:run_evaluation:155 - Val AUROC:   0.6072232697426797
2025-07-04 12:39:34.023 | INFO     | eval_module:run_evaluation:156 - Test AUROC:  0.5610957087753133
2025-07-04 12:39:34.025 | INFO     | eval_module:run_evaluation:162 - Train AUPRC: 0.360066692317558
2025-07-04 12:39:34.026 | INFO     | eval_module:run_evaluation:163 - Val AUPRC:   0.07038731277861712
2025-07-04 12:39:34.027 | INFO     | eval_module:run_evaluation:164 - Test AUPRC:  0.05182602711088875
2025-07-04 12:39:34.027 | INFO     | __main__:run_dimensionality_analysis:182 -     Results: AUROC=0.561, AUPRC=0.052
2025-07-04 12:39:34.027 | INFO     | __main__:run_dimensionality_analysis:149 -     Reducing to 10 dimensions...
2025-07-04 12:39:34.027 | INFO     | reducers:fit_transform:101 - Applying UMAP to reduce from 768 to 10 dimensions
2025-07-04 12:39:34.027 | INFO     | reducers:fit_transform:102 - Using n_neighbors: 15, n_jobs: 16
/home/pvenema/.conda/envs/EHRSHOT_ENV/lib/python3.10/site-packages/umap/umap_.py:1952: UserWarning: n_jobs value 1 overridden to 1 by setting random_state. Use no seed for parallelism.
  warn(
2025-07-04 12:39:48.385 | INFO     | __main__:run_dimensionality_analysis:163 -     Reduced shapes - Train: (2402, 10), Val: (2052, 10), Test: (2037, 10)
2025-07-04 12:39:48.386 | CRITICAL | eval_module:run_evaluation:76 - Start | Training knn
2025-07-04 12:39:48.386 | INFO     | eval_module:run_evaluation:77 - Train shape: X = (2402, 10), Y = (2402,)
2025-07-04 12:39:48.386 | INFO     | eval_module:run_evaluation:78 - Val shape: X = (2052, 10), Y = (2052,)
2025-07-04 12:39:48.386 | INFO     | eval_module:run_evaluation:79 - Test shape: X = (2037, 10), Y = (2037,)
2025-07-04 12:39:48.386 | INFO     | eval_module:run_evaluation:80 - Train prevalence:  0.04704412989175687
2025-07-04 12:39:48.386 | INFO     | eval_module:run_evaluation:81 - Val prevalence:  0.04483430799220273
2025-07-04 12:39:48.387 | INFO     | eval_module:run_evaluation:82 - Test prevalence:  0.041728031418753066
2025-07-04 12:39:48.387 | CRITICAL | eval_module:run_evaluation:91 - Start | Fitting knn...
2025-07-04 12:39:49.127 | INFO     | eval_module:run_evaluation:140 - Best hparams: {'algorithm': 'auto', 'leaf_size': 30, 'metric': 'euclidean', 'metric_params': None, 'n_jobs': None, 'n_neighbors': 5, 'p': 2, 'weights': 'uniform'}
2025-07-04 12:39:49.127 | CRITICAL | eval_module:run_evaluation:143 - Finish | Fitting knn...
2025-07-04 12:39:49.178 | INFO     | eval_module:run_evaluation:154 - Train AUROC: 0.9416176635467046
2025-07-04 12:39:49.178 | INFO     | eval_module:run_evaluation:155 - Val AUROC:   0.5766110248447205
2025-07-04 12:39:49.178 | INFO     | eval_module:run_evaluation:156 - Test AUROC:  0.5399831243972999
2025-07-04 12:39:49.180 | INFO     | eval_module:run_evaluation:162 - Train AUPRC: 0.3525589487410653
2025-07-04 12:39:49.180 | INFO     | eval_module:run_evaluation:163 - Val AUPRC:   0.06990928825333285
2025-07-04 12:39:49.180 | INFO     | eval_module:run_evaluation:164 - Test AUPRC:  0.04727126391869443
2025-07-04 12:39:49.180 | INFO     | __main__:run_dimensionality_analysis:182 -     Results: AUROC=0.540, AUPRC=0.047
2025-07-04 12:39:49.180 | INFO     | __main__:run_dimensionality_analysis:149 -     Reducing to 25 dimensions...
2025-07-04 12:39:49.181 | INFO     | reducers:fit_transform:101 - Applying UMAP to reduce from 768 to 25 dimensions
2025-07-04 12:39:49.181 | INFO     | reducers:fit_transform:102 - Using n_neighbors: 15, n_jobs: 16
/home/pvenema/.conda/envs/EHRSHOT_ENV/lib/python3.10/site-packages/umap/umap_.py:1952: UserWarning: n_jobs value 1 overridden to 1 by setting random_state. Use no seed for parallelism.
  warn(
2025-07-04 12:40:04.094 | INFO     | __main__:run_dimensionality_analysis:163 -     Reduced shapes - Train: (2402, 25), Val: (2052, 25), Test: (2037, 25)
2025-07-04 12:40:04.095 | CRITICAL | eval_module:run_evaluation:76 - Start | Training knn
2025-07-04 12:40:04.095 | INFO     | eval_module:run_evaluation:77 - Train shape: X = (2402, 25), Y = (2402,)
2025-07-04 12:40:04.095 | INFO     | eval_module:run_evaluation:78 - Val shape: X = (2052, 25), Y = (2052,)
2025-07-04 12:40:04.095 | INFO     | eval_module:run_evaluation:79 - Test shape: X = (2037, 25), Y = (2037,)
2025-07-04 12:40:04.095 | INFO     | eval_module:run_evaluation:80 - Train prevalence:  0.04704412989175687
2025-07-04 12:40:04.096 | INFO     | eval_module:run_evaluation:81 - Val prevalence:  0.04483430799220273
2025-07-04 12:40:04.096 | INFO     | eval_module:run_evaluation:82 - Test prevalence:  0.041728031418753066
2025-07-04 12:40:04.097 | CRITICAL | eval_module:run_evaluation:91 - Start | Fitting knn...
2025-07-04 12:40:05.172 | INFO     | eval_module:run_evaluation:140 - Best hparams: {'algorithm': 'auto', 'leaf_size': 30, 'metric': 'euclidean', 'metric_params': None, 'n_jobs': None, 'n_neighbors': 5, 'p': 2, 'weights': 'distance'}
2025-07-04 12:40:05.173 | CRITICAL | eval_module:run_evaluation:143 - Finish | Fitting knn...
2025-07-04 12:40:05.263 | INFO     | eval_module:run_evaluation:154 - Train AUROC: 1.0
2025-07-04 12:40:05.263 | INFO     | eval_module:run_evaluation:155 - Val AUROC:   0.5769687222715173
2025-07-04 12:40:05.263 | INFO     | eval_module:run_evaluation:156 - Test AUROC:  0.5228754821600772
2025-07-04 12:40:05.265 | INFO     | eval_module:run_evaluation:162 - Train AUPRC: 1.0
2025-07-04 12:40:05.265 | INFO     | eval_module:run_evaluation:163 - Val AUPRC:   0.07017324252155033
2025-07-04 12:40:05.266 | INFO     | eval_module:run_evaluation:164 - Test AUPRC:  0.055547129072981656
2025-07-04 12:40:05.266 | INFO     | __main__:run_dimensionality_analysis:182 -     Results: AUROC=0.523, AUPRC=0.056
2025-07-04 12:40:05.266 | INFO     | __main__:run_dimensionality_analysis:149 -     Reducing to 50 dimensions...
2025-07-04 12:40:05.266 | INFO     | reducers:fit_transform:101 - Applying UMAP to reduce from 768 to 50 dimensions
2025-07-04 12:40:05.266 | INFO     | reducers:fit_transform:102 - Using n_neighbors: 15, n_jobs: 16
/home/pvenema/.conda/envs/EHRSHOT_ENV/lib/python3.10/site-packages/umap/umap_.py:1952: UserWarning: n_jobs value 1 overridden to 1 by setting random_state. Use no seed for parallelism.
  warn(
2025-07-04 12:40:20.828 | INFO     | __main__:run_dimensionality_analysis:163 -     Reduced shapes - Train: (2402, 50), Val: (2052, 50), Test: (2037, 50)
2025-07-04 12:40:20.828 | CRITICAL | eval_module:run_evaluation:76 - Start | Training knn
2025-07-04 12:40:20.829 | INFO     | eval_module:run_evaluation:77 - Train shape: X = (2402, 50), Y = (2402,)
2025-07-04 12:40:20.829 | INFO     | eval_module:run_evaluation:78 - Val shape: X = (2052, 50), Y = (2052,)
2025-07-04 12:40:20.829 | INFO     | eval_module:run_evaluation:79 - Test shape: X = (2037, 50), Y = (2037,)
2025-07-04 12:40:20.829 | INFO     | eval_module:run_evaluation:80 - Train prevalence:  0.04704412989175687
2025-07-04 12:40:20.829 | INFO     | eval_module:run_evaluation:81 - Val prevalence:  0.04483430799220273
2025-07-04 12:40:20.829 | INFO     | eval_module:run_evaluation:82 - Test prevalence:  0.041728031418753066
2025-07-04 12:40:20.830 | CRITICAL | eval_module:run_evaluation:91 - Start | Fitting knn...
2025-07-04 12:40:21.982 | INFO     | eval_module:run_evaluation:140 - Best hparams: {'algorithm': 'auto', 'leaf_size': 30, 'metric': 'cosine', 'metric_params': None, 'n_jobs': None, 'n_neighbors': 5, 'p': 2, 'weights': 'uniform'}
2025-07-04 12:40:21.983 | CRITICAL | eval_module:run_evaluation:143 - Finish | Fitting knn...
2025-07-04 12:40:22.305 | INFO     | eval_module:run_evaluation:154 - Train AUROC: 0.9381458843178417
2025-07-04 12:40:22.306 | INFO     | eval_module:run_evaluation:155 - Val AUROC:   0.586767968056788
2025-07-04 12:40:22.306 | INFO     | eval_module:run_evaluation:156 - Test AUROC:  0.5589470829315333
2025-07-04 12:40:22.307 | INFO     | eval_module:run_evaluation:162 - Train AUPRC: 0.33489025624700575
2025-07-04 12:40:22.307 | INFO     | eval_module:run_evaluation:163 - Val AUPRC:   0.07284118017059962
2025-07-04 12:40:22.308 | INFO     | eval_module:run_evaluation:164 - Test AUPRC:  0.0535192521244674
2025-07-04 12:40:22.308 | INFO     | __main__:run_dimensionality_analysis:182 -     Results: AUROC=0.559, AUPRC=0.054
2025-07-04 12:40:22.308 | INFO     | __main__:run_dimensionality_analysis:149 -     Reducing to 100 dimensions...
2025-07-04 12:40:22.308 | INFO     | reducers:fit_transform:101 - Applying UMAP to reduce from 768 to 100 dimensions
2025-07-04 12:40:22.309 | INFO     | reducers:fit_transform:102 - Using n_neighbors: 15, n_jobs: 16
/home/pvenema/.conda/envs/EHRSHOT_ENV/lib/python3.10/site-packages/umap/umap_.py:1952: UserWarning: n_jobs value 1 overridden to 1 by setting random_state. Use no seed for parallelism.
  warn(
2025-07-04 12:40:38.839 | INFO     | __main__:run_dimensionality_analysis:163 -     Reduced shapes - Train: (2402, 100), Val: (2052, 100), Test: (2037, 100)
2025-07-04 12:40:38.839 | CRITICAL | eval_module:run_evaluation:76 - Start | Training knn
2025-07-04 12:40:38.840 | INFO     | eval_module:run_evaluation:77 - Train shape: X = (2402, 100), Y = (2402,)
2025-07-04 12:40:38.840 | INFO     | eval_module:run_evaluation:78 - Val shape: X = (2052, 100), Y = (2052,)
2025-07-04 12:40:38.840 | INFO     | eval_module:run_evaluation:79 - Test shape: X = (2037, 100), Y = (2037,)
2025-07-04 12:40:38.841 | INFO     | eval_module:run_evaluation:80 - Train prevalence:  0.04704412989175687
2025-07-04 12:40:38.841 | INFO     | eval_module:run_evaluation:81 - Val prevalence:  0.04483430799220273
2025-07-04 12:40:38.841 | INFO     | eval_module:run_evaluation:82 - Test prevalence:  0.041728031418753066
2025-07-04 12:40:38.841 | CRITICAL | eval_module:run_evaluation:91 - Start | Fitting knn...
2025-07-04 12:40:40.256 | INFO     | eval_module:run_evaluation:140 - Best hparams: {'algorithm': 'auto', 'leaf_size': 30, 'metric': 'cosine', 'metric_params': None, 'n_jobs': None, 'n_neighbors': 5, 'p': 2, 'weights': 'uniform'}
2025-07-04 12:40:40.256 | CRITICAL | eval_module:run_evaluation:143 - Finish | Fitting knn...
2025-07-04 12:40:40.568 | INFO     | eval_module:run_evaluation:154 - Train AUROC: 0.9398315143220558
2025-07-04 12:40:40.569 | INFO     | eval_module:run_evaluation:155 - Val AUROC:   0.5943184338952973
2025-07-04 12:40:40.569 | INFO     | eval_module:run_evaluation:156 - Test AUROC:  0.5398264223722276
2025-07-04 12:40:40.570 | INFO     | eval_module:run_evaluation:162 - Train AUPRC: 0.34634119942354535
2025-07-04 12:40:40.571 | INFO     | eval_module:run_evaluation:163 - Val AUPRC:   0.06809373553999584
2025-07-04 12:40:40.571 | INFO     | eval_module:run_evaluation:164 - Test AUPRC:  0.04681506829535938
2025-07-04 12:40:40.571 | INFO     | __main__:run_dimensionality_analysis:182 -     Results: AUROC=0.540, AUPRC=0.047
2025-07-04 12:40:40.571 | INFO     | __main__:run_dimensionality_analysis:149 -     Reducing to 200 dimensions...
2025-07-04 12:40:40.571 | INFO     | reducers:fit_transform:101 - Applying UMAP to reduce from 768 to 200 dimensions
2025-07-04 12:40:40.571 | INFO     | reducers:fit_transform:102 - Using n_neighbors: 15, n_jobs: 16
/home/pvenema/.conda/envs/EHRSHOT_ENV/lib/python3.10/site-packages/umap/umap_.py:1952: UserWarning: n_jobs value 1 overridden to 1 by setting random_state. Use no seed for parallelism.
  warn(
2025-07-04 12:40:59.020 | INFO     | __main__:run_dimensionality_analysis:163 -     Reduced shapes - Train: (2402, 200), Val: (2052, 200), Test: (2037, 200)
2025-07-04 12:40:59.021 | CRITICAL | eval_module:run_evaluation:76 - Start | Training knn
2025-07-04 12:40:59.021 | INFO     | eval_module:run_evaluation:77 - Train shape: X = (2402, 200), Y = (2402,)
2025-07-04 12:40:59.021 | INFO     | eval_module:run_evaluation:78 - Val shape: X = (2052, 200), Y = (2052,)
2025-07-04 12:40:59.021 | INFO     | eval_module:run_evaluation:79 - Test shape: X = (2037, 200), Y = (2037,)
2025-07-04 12:40:59.021 | INFO     | eval_module:run_evaluation:80 - Train prevalence:  0.04704412989175687
2025-07-04 12:40:59.021 | INFO     | eval_module:run_evaluation:81 - Val prevalence:  0.04483430799220273
2025-07-04 12:40:59.021 | INFO     | eval_module:run_evaluation:82 - Test prevalence:  0.041728031418753066
2025-07-04 12:40:59.022 | CRITICAL | eval_module:run_evaluation:91 - Start | Fitting knn...
2025-07-04 12:41:00.790 | INFO     | eval_module:run_evaluation:140 - Best hparams: {'algorithm': 'auto', 'leaf_size': 30, 'metric': 'cosine', 'metric_params': None, 'n_jobs': None, 'n_neighbors': 5, 'p': 2, 'weights': 'uniform'}
2025-07-04 12:41:00.791 | CRITICAL | eval_module:run_evaluation:143 - Finish | Fitting knn...
2025-07-04 12:41:01.103 | INFO     | eval_module:run_evaluation:154 - Train AUROC: 0.9395164252272314
2025-07-04 12:41:01.104 | INFO     | eval_module:run_evaluation:155 - Val AUROC:   0.5680761978704526
2025-07-04 12:41:01.104 | INFO     | eval_module:run_evaluation:156 - Test AUROC:  0.5404261089681774
2025-07-04 12:41:01.105 | INFO     | eval_module:run_evaluation:162 - Train AUPRC: 0.352727718422669
2025-07-04 12:41:01.106 | INFO     | eval_module:run_evaluation:163 - Val AUPRC:   0.05763610315035036
2025-07-04 12:41:01.106 | INFO     | eval_module:run_evaluation:164 - Test AUPRC:  0.04844070270754009
2025-07-04 12:41:01.106 | INFO     | __main__:run_dimensionality_analysis:182 -     Results: AUROC=0.540, AUPRC=0.048
2025-07-04 12:41:01.106 | INFO     | __main__:run_dimensionality_analysis:149 -     Reducing to 400 dimensions...
2025-07-04 12:41:01.106 | INFO     | reducers:fit_transform:101 - Applying UMAP to reduce from 768 to 400 dimensions
2025-07-04 12:41:01.107 | INFO     | reducers:fit_transform:102 - Using n_neighbors: 15, n_jobs: 16
/home/pvenema/.conda/envs/EHRSHOT_ENV/lib/python3.10/site-packages/umap/umap_.py:1952: UserWarning: n_jobs value 1 overridden to 1 by setting random_state. Use no seed for parallelism.
  warn(
2025-07-04 12:41:25.226 | INFO     | __main__:run_dimensionality_analysis:163 -     Reduced shapes - Train: (2402, 400), Val: (2052, 400), Test: (2037, 400)
2025-07-04 12:41:25.227 | CRITICAL | eval_module:run_evaluation:76 - Start | Training knn
2025-07-04 12:41:25.227 | INFO     | eval_module:run_evaluation:77 - Train shape: X = (2402, 400), Y = (2402,)
2025-07-04 12:41:25.227 | INFO     | eval_module:run_evaluation:78 - Val shape: X = (2052, 400), Y = (2052,)
2025-07-04 12:41:25.227 | INFO     | eval_module:run_evaluation:79 - Test shape: X = (2037, 400), Y = (2037,)
2025-07-04 12:41:25.227 | INFO     | eval_module:run_evaluation:80 - Train prevalence:  0.04704412989175687
2025-07-04 12:41:25.227 | INFO     | eval_module:run_evaluation:81 - Val prevalence:  0.04483430799220273
2025-07-04 12:41:25.227 | INFO     | eval_module:run_evaluation:82 - Test prevalence:  0.041728031418753066
2025-07-04 12:41:25.228 | CRITICAL | eval_module:run_evaluation:91 - Start | Fitting knn...
2025-07-04 12:41:27.667 | INFO     | eval_module:run_evaluation:140 - Best hparams: {'algorithm': 'auto', 'leaf_size': 30, 'metric': 'euclidean', 'metric_params': None, 'n_jobs': None, 'n_neighbors': 5, 'p': 2, 'weights': 'uniform'}
2025-07-04 12:41:27.668 | CRITICAL | eval_module:run_evaluation:143 - Finish | Fitting knn...
2025-07-04 12:41:27.783 | INFO     | eval_module:run_evaluation:154 - Train AUROC: 0.9434965997440625
2025-07-04 12:41:27.783 | INFO     | eval_module:run_evaluation:155 - Val AUROC:   0.5698230922803904
2025-07-04 12:41:27.783 | INFO     | eval_module:run_evaluation:156 - Test AUROC:  0.5426108968177434
2025-07-04 12:41:27.785 | INFO     | eval_module:run_evaluation:162 - Train AUPRC: 0.3706778284008202
2025-07-04 12:41:27.785 | INFO     | eval_module:run_evaluation:163 - Val AUPRC:   0.0644550274068652
2025-07-04 12:41:27.785 | INFO     | eval_module:run_evaluation:164 - Test AUPRC:  0.04784482431062495
2025-07-04 12:41:27.785 | INFO     | __main__:run_dimensionality_analysis:182 -     Results: AUROC=0.543, AUPRC=0.048
2025-07-04 12:41:27.786 | INFO     | __main__:run_dimensionality_analysis:94 - 
==================================================
2025-07-04 12:41:27.786 | INFO     | __main__:run_dimensionality_analysis:95 - Processing task: lab_thrombocytopenia
2025-07-04 12:41:27.786 | INFO     | __main__:run_dimensionality_analysis:96 - ==================================================
2025-07-04 12:41:28.497 | INFO     | __main__:run_dimensionality_analysis:102 - Loaded labeled patients for lab_thrombocytopenia
2025-07-04 12:47:03.039 | INFO     | __main__:run_dimensionality_analysis:119 - 
Processing model: clmbr
2025-07-04 12:47:03.092 | INFO     | __main__:run_dimensionality_analysis:138 - Data shapes - Train: (68776, 768), Val: (54504, 768), Test: (56338, 768)
2025-07-04 12:47:03.093 | INFO     | __main__:run_dimensionality_analysis:139 - Label distribution - Train: 0.330, Val: 0.328, Test: 0.340
2025-07-04 12:47:03.093 | INFO     | __main__:run_dimensionality_analysis:142 - 
  Testing method: pca
2025-07-04 12:47:03.093 | INFO     | __main__:run_dimensionality_analysis:149 -     Reducing to 2 dimensions...
2025-07-04 12:47:03.093 | INFO     | reducers:fit_transform:55 - Applying PCA to reduce from 768 to 2 dimensions
2025-07-04 12:47:04.455 | INFO     | __main__:run_dimensionality_analysis:163 -     Reduced shapes - Train: (68776, 2), Val: (54504, 2), Test: (56338, 2)
2025-07-04 12:47:04.457 | CRITICAL | eval_module:run_evaluation:76 - Start | Training knn
2025-07-04 12:47:04.457 | INFO     | eval_module:run_evaluation:77 - Train shape: X = (68776, 2), Y = (68776,)
2025-07-04 12:47:04.457 | INFO     | eval_module:run_evaluation:78 - Val shape: X = (54504, 2), Y = (54504,)
2025-07-04 12:47:04.457 | INFO     | eval_module:run_evaluation:79 - Test shape: X = (56338, 2), Y = (56338,)
2025-07-04 12:47:04.458 | INFO     | eval_module:run_evaluation:80 - Train prevalence:  0.3302605560079097
2025-07-04 12:47:04.458 | INFO     | eval_module:run_evaluation:81 - Val prevalence:  0.3278108028768531
2025-07-04 12:47:04.459 | INFO     | eval_module:run_evaluation:82 - Test prevalence:  0.3396819198409599
2025-07-04 12:47:04.461 | CRITICAL | eval_module:run_evaluation:91 - Start | Fitting knn...
2025-07-04 12:52:59.529 | INFO     | eval_module:run_evaluation:140 - Best hparams: {'algorithm': 'auto', 'leaf_size': 30, 'metric': 'euclidean', 'metric_params': None, 'n_jobs': None, 'n_neighbors': 5, 'p': 2, 'weights': 'uniform'}
2025-07-04 12:52:59.530 | CRITICAL | eval_module:run_evaluation:143 - Finish | Fitting knn...
2025-07-04 12:53:00.046 | INFO     | eval_module:run_evaluation:154 - Train AUROC: 0.7930687391351012
2025-07-04 12:53:00.046 | INFO     | eval_module:run_evaluation:155 - Val AUROC:   0.582593440437692
2025-07-04 12:53:00.046 | INFO     | eval_module:run_evaluation:156 - Test AUROC:  0.5636233543811533
2025-07-04 12:53:00.117 | INFO     | eval_module:run_evaluation:162 - Train AUPRC: 0.6016958246485314
2025-07-04 12:53:00.117 | INFO     | eval_module:run_evaluation:163 - Val AUPRC:   0.38510457422257177
2025-07-04 12:53:00.118 | INFO     | eval_module:run_evaluation:164 - Test AUPRC:  0.3827542008337427
2025-07-04 12:53:00.118 | INFO     | __main__:run_dimensionality_analysis:182 -     Results: AUROC=0.564, AUPRC=0.383
2025-07-04 12:53:00.118 | INFO     | __main__:run_dimensionality_analysis:149 -     Reducing to 5 dimensions...
2025-07-04 12:53:00.118 | INFO     | reducers:fit_transform:55 - Applying PCA to reduce from 768 to 5 dimensions
2025-07-04 12:53:01.536 | INFO     | __main__:run_dimensionality_analysis:163 -     Reduced shapes - Train: (68776, 5), Val: (54504, 5), Test: (56338, 5)
2025-07-04 12:53:01.537 | CRITICAL | eval_module:run_evaluation:76 - Start | Training knn
2025-07-04 12:53:01.538 | INFO     | eval_module:run_evaluation:77 - Train shape: X = (68776, 5), Y = (68776,)
2025-07-04 12:53:01.538 | INFO     | eval_module:run_evaluation:78 - Val shape: X = (54504, 5), Y = (54504,)
2025-07-04 12:53:01.538 | INFO     | eval_module:run_evaluation:79 - Test shape: X = (56338, 5), Y = (56338,)
2025-07-04 12:53:01.538 | INFO     | eval_module:run_evaluation:80 - Train prevalence:  0.3302605560079097
2025-07-04 12:53:01.538 | INFO     | eval_module:run_evaluation:81 - Val prevalence:  0.3278108028768531
2025-07-04 12:53:01.538 | INFO     | eval_module:run_evaluation:82 - Test prevalence:  0.3396819198409599
2025-07-04 12:53:01.542 | CRITICAL | eval_module:run_evaluation:91 - Start | Fitting knn...
2025-07-04 12:59:06.103 | INFO     | eval_module:run_evaluation:140 - Best hparams: {'algorithm': 'auto', 'leaf_size': 30, 'metric': 'euclidean', 'metric_params': None, 'n_jobs': None, 'n_neighbors': 5, 'p': 2, 'weights': 'distance'}
2025-07-04 12:59:06.104 | CRITICAL | eval_module:run_evaluation:143 - Finish | Fitting knn...
2025-07-04 12:59:08.566 | INFO     | eval_module:run_evaluation:154 - Train AUROC: 0.9999993949833904
2025-07-04 12:59:08.566 | INFO     | eval_module:run_evaluation:155 - Val AUROC:   0.6652390758811931
2025-07-04 12:59:08.566 | INFO     | eval_module:run_evaluation:156 - Test AUROC:  0.6411183789067945
2025-07-04 12:59:08.643 | INFO     | eval_module:run_evaluation:162 - Train AUPRC: 0.9999976084578034
2025-07-04 12:59:08.643 | INFO     | eval_module:run_evaluation:163 - Val AUPRC:   0.5090558131229045
2025-07-04 12:59:08.643 | INFO     | eval_module:run_evaluation:164 - Test AUPRC:  0.4832302084782909
2025-07-04 12:59:08.643 | INFO     | __main__:run_dimensionality_analysis:182 -     Results: AUROC=0.641, AUPRC=0.483
2025-07-04 12:59:08.644 | INFO     | __main__:run_dimensionality_analysis:149 -     Reducing to 10 dimensions...
2025-07-04 12:59:08.644 | INFO     | reducers:fit_transform:55 - Applying PCA to reduce from 768 to 10 dimensions
2025-07-04 12:59:10.066 | INFO     | __main__:run_dimensionality_analysis:163 -     Reduced shapes - Train: (68776, 10), Val: (54504, 10), Test: (56338, 10)
2025-07-04 12:59:10.068 | CRITICAL | eval_module:run_evaluation:76 - Start | Training knn
2025-07-04 12:59:10.068 | INFO     | eval_module:run_evaluation:77 - Train shape: X = (68776, 10), Y = (68776,)
2025-07-04 12:59:10.068 | INFO     | eval_module:run_evaluation:78 - Val shape: X = (54504, 10), Y = (54504,)
2025-07-04 12:59:10.068 | INFO     | eval_module:run_evaluation:79 - Test shape: X = (56338, 10), Y = (56338,)
2025-07-04 12:59:10.069 | INFO     | eval_module:run_evaluation:80 - Train prevalence:  0.3302605560079097
2025-07-04 12:59:10.069 | INFO     | eval_module:run_evaluation:81 - Val prevalence:  0.3278108028768531
2025-07-04 12:59:10.069 | INFO     | eval_module:run_evaluation:82 - Test prevalence:  0.3396819198409599
2025-07-04 12:59:10.074 | CRITICAL | eval_module:run_evaluation:91 - Start | Fitting knn...
2025-07-04 13:05:43.476 | INFO     | eval_module:run_evaluation:140 - Best hparams: {'algorithm': 'auto', 'leaf_size': 30, 'metric': 'cosine', 'metric_params': None, 'n_jobs': None, 'n_neighbors': 5, 'p': 2, 'weights': 'uniform'}
2025-07-04 13:05:43.477 | CRITICAL | eval_module:run_evaluation:143 - Finish | Fitting knn...
2025-07-04 13:09:24.253 | INFO     | eval_module:run_evaluation:154 - Train AUROC: 0.9099359309584789
2025-07-04 13:09:24.254 | INFO     | eval_module:run_evaluation:155 - Val AUROC:   0.7450324722933797
2025-07-04 13:09:24.254 | INFO     | eval_module:run_evaluation:156 - Test AUROC:  0.7246350615887739
2025-07-04 13:09:24.325 | INFO     | eval_module:run_evaluation:162 - Train AUPRC: 0.8122394421895857
2025-07-04 13:09:24.325 | INFO     | eval_module:run_evaluation:163 - Val AUPRC:   0.5900810651674754
2025-07-04 13:09:24.325 | INFO     | eval_module:run_evaluation:164 - Test AUPRC:  0.5721026114024111
2025-07-04 13:09:24.325 | INFO     | __main__:run_dimensionality_analysis:182 -     Results: AUROC=0.725, AUPRC=0.572
2025-07-04 13:09:24.325 | INFO     | __main__:run_dimensionality_analysis:149 -     Reducing to 25 dimensions...
2025-07-04 13:09:24.325 | INFO     | reducers:fit_transform:55 - Applying PCA to reduce from 768 to 25 dimensions
2025-07-04 13:09:25.981 | INFO     | __main__:run_dimensionality_analysis:163 -     Reduced shapes - Train: (68776, 25), Val: (54504, 25), Test: (56338, 25)
2025-07-04 13:09:25.983 | CRITICAL | eval_module:run_evaluation:76 - Start | Training knn
2025-07-04 13:09:25.983 | INFO     | eval_module:run_evaluation:77 - Train shape: X = (68776, 25), Y = (68776,)
2025-07-04 13:09:25.983 | INFO     | eval_module:run_evaluation:78 - Val shape: X = (54504, 25), Y = (54504,)
2025-07-04 13:09:25.983 | INFO     | eval_module:run_evaluation:79 - Test shape: X = (56338, 25), Y = (56338,)
2025-07-04 13:09:25.983 | INFO     | eval_module:run_evaluation:80 - Train prevalence:  0.3302605560079097
2025-07-04 13:09:25.984 | INFO     | eval_module:run_evaluation:81 - Val prevalence:  0.3278108028768531
2025-07-04 13:09:25.984 | INFO     | eval_module:run_evaluation:82 - Test prevalence:  0.3396819198409599
2025-07-04 13:09:25.991 | CRITICAL | eval_module:run_evaluation:91 - Start | Fitting knn...
2025-07-04 13:17:53.621 | INFO     | eval_module:run_evaluation:140 - Best hparams: {'algorithm': 'auto', 'leaf_size': 30, 'metric': 'cosine', 'metric_params': None, 'n_jobs': None, 'n_neighbors': 5, 'p': 2, 'weights': 'distance'}
2025-07-04 13:17:53.623 | CRITICAL | eval_module:run_evaluation:143 - Finish | Fitting knn...
2025-07-04 13:21:35.385 | INFO     | eval_module:run_evaluation:154 - Train AUROC: 0.9996642100469024
2025-07-04 13:21:35.386 | INFO     | eval_module:run_evaluation:155 - Val AUROC:   0.7598966319359353
2025-07-04 13:21:35.386 | INFO     | eval_module:run_evaluation:156 - Test AUROC:  0.7432922825787409
2025-07-04 13:21:35.462 | INFO     | eval_module:run_evaluation:162 - Train AUPRC: 0.9996166774250318
2025-07-04 13:21:35.462 | INFO     | eval_module:run_evaluation:163 - Val AUPRC:   0.6386812034415293
2025-07-04 13:21:35.463 | INFO     | eval_module:run_evaluation:164 - Test AUPRC:  0.6183358824294356
2025-07-04 13:21:35.463 | INFO     | __main__:run_dimensionality_analysis:182 -     Results: AUROC=0.743, AUPRC=0.618
2025-07-04 13:21:35.464 | INFO     | __main__:run_dimensionality_analysis:149 -     Reducing to 50 dimensions...
2025-07-04 13:21:35.464 | INFO     | reducers:fit_transform:55 - Applying PCA to reduce from 768 to 50 dimensions
2025-07-04 13:21:37.442 | INFO     | __main__:run_dimensionality_analysis:163 -     Reduced shapes - Train: (68776, 50), Val: (54504, 50), Test: (56338, 50)
2025-07-04 13:21:37.443 | CRITICAL | eval_module:run_evaluation:76 - Start | Training knn
2025-07-04 13:21:37.444 | INFO     | eval_module:run_evaluation:77 - Train shape: X = (68776, 50), Y = (68776,)
2025-07-04 13:21:37.444 | INFO     | eval_module:run_evaluation:78 - Val shape: X = (54504, 50), Y = (54504,)
2025-07-04 13:21:37.444 | INFO     | eval_module:run_evaluation:79 - Test shape: X = (56338, 50), Y = (56338,)
2025-07-04 13:21:37.444 | INFO     | eval_module:run_evaluation:80 - Train prevalence:  0.3302605560079097
2025-07-04 13:21:37.444 | INFO     | eval_module:run_evaluation:81 - Val prevalence:  0.3278108028768531
2025-07-04 13:21:37.444 | INFO     | eval_module:run_evaluation:82 - Test prevalence:  0.3396819198409599
2025-07-04 13:21:37.454 | CRITICAL | eval_module:run_evaluation:91 - Start | Fitting knn...
2025-07-04 13:31:08.694 | INFO     | eval_module:run_evaluation:140 - Best hparams: {'algorithm': 'auto', 'leaf_size': 30, 'metric': 'cosine', 'metric_params': None, 'n_jobs': None, 'n_neighbors': 5, 'p': 2, 'weights': 'distance'}
2025-07-04 13:31:08.694 | CRITICAL | eval_module:run_evaluation:143 - Finish | Fitting knn...
2025-07-04 13:34:48.426 | INFO     | eval_module:run_evaluation:154 - Train AUROC: 0.9999993949833903
2025-07-04 13:34:48.426 | INFO     | eval_module:run_evaluation:155 - Val AUROC:   0.7635593750115481
2025-07-04 13:34:48.426 | INFO     | eval_module:run_evaluation:156 - Test AUROC:  0.7528422448237705
2025-07-04 13:34:48.503 | INFO     | eval_module:run_evaluation:162 - Train AUPRC: 0.9999976084578034
2025-07-04 13:34:48.503 | INFO     | eval_module:run_evaluation:163 - Val AUPRC:   0.641581180969937
2025-07-04 13:34:48.503 | INFO     | eval_module:run_evaluation:164 - Test AUPRC:  0.626263507033421
2025-07-04 13:34:48.504 | INFO     | __main__:run_dimensionality_analysis:182 -     Results: AUROC=0.753, AUPRC=0.626
2025-07-04 13:34:48.504 | INFO     | __main__:run_dimensionality_analysis:149 -     Reducing to 100 dimensions...
2025-07-04 13:34:48.504 | INFO     | reducers:fit_transform:55 - Applying PCA to reduce from 768 to 100 dimensions
2025-07-04 13:34:50.996 | INFO     | __main__:run_dimensionality_analysis:163 -     Reduced shapes - Train: (68776, 100), Val: (54504, 100), Test: (56338, 100)
2025-07-04 13:34:50.998 | CRITICAL | eval_module:run_evaluation:76 - Start | Training knn
2025-07-04 13:34:50.998 | INFO     | eval_module:run_evaluation:77 - Train shape: X = (68776, 100), Y = (68776,)
2025-07-04 13:34:50.998 | INFO     | eval_module:run_evaluation:78 - Val shape: X = (54504, 100), Y = (54504,)
2025-07-04 13:34:50.999 | INFO     | eval_module:run_evaluation:79 - Test shape: X = (56338, 100), Y = (56338,)
2025-07-04 13:34:50.999 | INFO     | eval_module:run_evaluation:80 - Train prevalence:  0.3302605560079097
2025-07-04 13:34:50.999 | INFO     | eval_module:run_evaluation:81 - Val prevalence:  0.3278108028768531
2025-07-04 13:34:50.999 | INFO     | eval_module:run_evaluation:82 - Test prevalence:  0.3396819198409599
2025-07-04 13:34:51.022 | CRITICAL | eval_module:run_evaluation:91 - Start | Fitting knn...
2025-07-04 13:46:36.929 | INFO     | eval_module:run_evaluation:140 - Best hparams: {'algorithm': 'auto', 'leaf_size': 30, 'metric': 'cosine', 'metric_params': None, 'n_jobs': None, 'n_neighbors': 5, 'p': 2, 'weights': 'distance'}
2025-07-04 13:46:36.929 | CRITICAL | eval_module:run_evaluation:143 - Finish | Fitting knn...
2025-07-04 13:50:17.193 | INFO     | eval_module:run_evaluation:154 - Train AUROC: 0.9999993949833904
2025-07-04 13:50:17.194 | INFO     | eval_module:run_evaluation:155 - Val AUROC:   0.760497707462713
2025-07-04 13:50:17.194 | INFO     | eval_module:run_evaluation:156 - Test AUROC:  0.7440980740949892
2025-07-04 13:50:17.271 | INFO     | eval_module:run_evaluation:162 - Train AUPRC: 0.9999976084578034
2025-07-04 13:50:17.271 | INFO     | eval_module:run_evaluation:163 - Val AUPRC:   0.6320286272461773
2025-07-04 13:50:17.272 | INFO     | eval_module:run_evaluation:164 - Test AUPRC:  0.6161621835821065
2025-07-04 13:50:17.272 | INFO     | __main__:run_dimensionality_analysis:182 -     Results: AUROC=0.744, AUPRC=0.616
2025-07-04 13:50:17.272 | INFO     | __main__:run_dimensionality_analysis:149 -     Reducing to 200 dimensions...
2025-07-04 13:50:17.273 | INFO     | reducers:fit_transform:55 - Applying PCA to reduce from 768 to 200 dimensions
2025-07-04 13:50:21.105 | INFO     | __main__:run_dimensionality_analysis:163 -     Reduced shapes - Train: (68776, 200), Val: (54504, 200), Test: (56338, 200)
2025-07-04 13:50:21.107 | CRITICAL | eval_module:run_evaluation:76 - Start | Training knn
2025-07-04 13:50:21.107 | INFO     | eval_module:run_evaluation:77 - Train shape: X = (68776, 200), Y = (68776,)
2025-07-04 13:50:21.107 | INFO     | eval_module:run_evaluation:78 - Val shape: X = (54504, 200), Y = (54504,)
2025-07-04 13:50:21.107 | INFO     | eval_module:run_evaluation:79 - Test shape: X = (56338, 200), Y = (56338,)
2025-07-04 13:50:21.107 | INFO     | eval_module:run_evaluation:80 - Train prevalence:  0.3302605560079097
2025-07-04 13:50:21.107 | INFO     | eval_module:run_evaluation:81 - Val prevalence:  0.3278108028768531
2025-07-04 13:50:21.108 | INFO     | eval_module:run_evaluation:82 - Test prevalence:  0.3396819198409599
2025-07-04 13:50:21.140 | CRITICAL | eval_module:run_evaluation:91 - Start | Fitting knn...
2025-07-04 14:06:26.835 | INFO     | eval_module:run_evaluation:140 - Best hparams: {'algorithm': 'auto', 'leaf_size': 30, 'metric': 'cosine', 'metric_params': None, 'n_jobs': None, 'n_neighbors': 5, 'p': 2, 'weights': 'distance'}
2025-07-04 14:06:26.838 | CRITICAL | eval_module:run_evaluation:143 - Finish | Fitting knn...
2025-07-04 14:10:10.512 | INFO     | eval_module:run_evaluation:154 - Train AUROC: 0.9996567051647242
2025-07-04 14:10:10.512 | INFO     | eval_module:run_evaluation:155 - Val AUROC:   0.753220708671529
2025-07-04 14:10:10.512 | INFO     | eval_module:run_evaluation:156 - Test AUROC:  0.7393776707250035
2025-07-04 14:10:10.589 | INFO     | eval_module:run_evaluation:162 - Train AUPRC: 0.9996166774250318
2025-07-04 14:10:10.590 | INFO     | eval_module:run_evaluation:163 - Val AUPRC:   0.6229926571908607
2025-07-04 14:10:10.590 | INFO     | eval_module:run_evaluation:164 - Test AUPRC:  0.6087047226576494
2025-07-04 14:10:10.591 | INFO     | __main__:run_dimensionality_analysis:182 -     Results: AUROC=0.739, AUPRC=0.609
2025-07-04 14:10:10.591 | INFO     | __main__:run_dimensionality_analysis:149 -     Reducing to 400 dimensions...
2025-07-04 14:10:10.591 | INFO     | reducers:fit_transform:55 - Applying PCA to reduce from 768 to 400 dimensions
2025-07-04 14:10:18.208 | INFO     | __main__:run_dimensionality_analysis:163 -     Reduced shapes - Train: (68776, 400), Val: (54504, 400), Test: (56338, 400)
2025-07-04 14:10:18.209 | CRITICAL | eval_module:run_evaluation:76 - Start | Training knn
2025-07-04 14:10:18.210 | INFO     | eval_module:run_evaluation:77 - Train shape: X = (68776, 400), Y = (68776,)
2025-07-04 14:10:18.210 | INFO     | eval_module:run_evaluation:78 - Val shape: X = (54504, 400), Y = (54504,)
2025-07-04 14:10:18.210 | INFO     | eval_module:run_evaluation:79 - Test shape: X = (56338, 400), Y = (56338,)
2025-07-04 14:10:18.210 | INFO     | eval_module:run_evaluation:80 - Train prevalence:  0.3302605560079097
2025-07-04 14:10:18.210 | INFO     | eval_module:run_evaluation:81 - Val prevalence:  0.3278108028768531
2025-07-04 14:10:18.211 | INFO     | eval_module:run_evaluation:82 - Test prevalence:  0.3396819198409599
2025-07-04 14:10:18.254 | CRITICAL | eval_module:run_evaluation:91 - Start | Fitting knn...
2025-07-04 14:35:04.929 | INFO     | eval_module:run_evaluation:140 - Best hparams: {'algorithm': 'auto', 'leaf_size': 30, 'metric': 'cosine', 'metric_params': None, 'n_jobs': None, 'n_neighbors': 5, 'p': 2, 'weights': 'distance'}
2025-07-04 14:35:04.932 | CRITICAL | eval_module:run_evaluation:143 - Finish | Fitting knn...
2025-07-04 14:38:54.489 | INFO     | eval_module:run_evaluation:154 - Train AUROC: 0.9999993949833904
2025-07-04 14:38:54.491 | INFO     | eval_module:run_evaluation:155 - Val AUROC:   0.7415631791111011
2025-07-04 14:38:54.491 | INFO     | eval_module:run_evaluation:156 - Test AUROC:  0.730095994519642
2025-07-04 14:38:54.568 | INFO     | eval_module:run_evaluation:162 - Train AUPRC: 0.9999976084578034
2025-07-04 14:38:54.569 | INFO     | eval_module:run_evaluation:163 - Val AUPRC:   0.6072119058973023
2025-07-04 14:38:54.569 | INFO     | eval_module:run_evaluation:164 - Test AUPRC:  0.5983450663586364
2025-07-04 14:38:54.570 | INFO     | __main__:run_dimensionality_analysis:182 -     Results: AUROC=0.730, AUPRC=0.598
2025-07-04 14:38:54.570 | INFO     | __main__:run_dimensionality_analysis:142 - 
  Testing method: umap
2025-07-04 14:38:54.570 | INFO     | __main__:run_dimensionality_analysis:149 -     Reducing to 2 dimensions...
2025-07-04 14:38:54.571 | INFO     | reducers:fit_transform:101 - Applying UMAP to reduce from 768 to 2 dimensions
2025-07-04 14:38:54.571 | INFO     | reducers:fit_transform:102 - Using n_neighbors: 15, n_jobs: 16
/home/pvenema/.conda/envs/EHRSHOT_ENV/lib/python3.10/site-packages/umap/umap_.py:1952: UserWarning: n_jobs value 1 overridden to 1 by setting random_state. Use no seed for parallelism.
  warn(
/home/pvenema/.conda/envs/EHRSHOT_ENV/lib/python3.10/site-packages/scipy/sparse/_index.py:146: SparseEfficiencyWarning: Changing the sparsity structure of a csr_matrix is expensive. lil_matrix is more efficient.
  self._set_arrayXarray(i, j, x)
2025-07-04 14:41:02.406 | INFO     | __main__:run_dimensionality_analysis:163 -     Reduced shapes - Train: (68776, 2), Val: (54504, 2), Test: (56338, 2)
2025-07-04 14:41:02.410 | CRITICAL | eval_module:run_evaluation:76 - Start | Training knn
2025-07-04 14:41:02.410 | INFO     | eval_module:run_evaluation:77 - Train shape: X = (68776, 2), Y = (68776,)
2025-07-04 14:41:02.410 | INFO     | eval_module:run_evaluation:78 - Val shape: X = (54504, 2), Y = (54504,)
2025-07-04 14:41:02.410 | INFO     | eval_module:run_evaluation:79 - Test shape: X = (56338, 2), Y = (56338,)
2025-07-04 14:41:02.410 | INFO     | eval_module:run_evaluation:80 - Train prevalence:  0.3302605560079097
2025-07-04 14:41:02.411 | INFO     | eval_module:run_evaluation:81 - Val prevalence:  0.3278108028768531
2025-07-04 14:41:02.411 | INFO     | eval_module:run_evaluation:82 - Test prevalence:  0.3396819198409599
2025-07-04 14:41:02.414 | CRITICAL | eval_module:run_evaluation:91 - Start | Fitting knn...
2025-07-04 14:46:52.795 | INFO     | eval_module:run_evaluation:140 - Best hparams: {'algorithm': 'auto', 'leaf_size': 30, 'metric': 'euclidean', 'metric_params': None, 'n_jobs': None, 'n_neighbors': 5, 'p': 2, 'weights': 'uniform'}
2025-07-04 14:46:52.797 | CRITICAL | eval_module:run_evaluation:143 - Finish | Fitting knn...
2025-07-04 14:46:53.321 | INFO     | eval_module:run_evaluation:154 - Train AUROC: 0.8900431855503514
2025-07-04 14:46:53.322 | INFO     | eval_module:run_evaluation:155 - Val AUROC:   0.703249474548913
2025-07-04 14:46:53.322 | INFO     | eval_module:run_evaluation:156 - Test AUROC:  0.6884539099474661
2025-07-04 14:46:53.393 | INFO     | eval_module:run_evaluation:162 - Train AUPRC: 0.7747582384172572
2025-07-04 14:46:53.394 | INFO     | eval_module:run_evaluation:163 - Val AUPRC:   0.5290085771340941
2025-07-04 14:46:53.394 | INFO     | eval_module:run_evaluation:164 - Test AUPRC:  0.5245198691089112
2025-07-04 14:46:53.394 | INFO     | __main__:run_dimensionality_analysis:182 -     Results: AUROC=0.688, AUPRC=0.525
2025-07-04 14:46:53.394 | INFO     | __main__:run_dimensionality_analysis:149 -     Reducing to 5 dimensions...
2025-07-04 14:46:53.397 | INFO     | reducers:fit_transform:101 - Applying UMAP to reduce from 768 to 5 dimensions
2025-07-04 14:46:53.397 | INFO     | reducers:fit_transform:102 - Using n_neighbors: 15, n_jobs: 16
/home/pvenema/.conda/envs/EHRSHOT_ENV/lib/python3.10/site-packages/umap/umap_.py:1952: UserWarning: n_jobs value 1 overridden to 1 by setting random_state. Use no seed for parallelism.
  warn(
/home/pvenema/.conda/envs/EHRSHOT_ENV/lib/python3.10/site-packages/scipy/sparse/_index.py:146: SparseEfficiencyWarning: Changing the sparsity structure of a csr_matrix is expensive. lil_matrix is more efficient.
  self._set_arrayXarray(i, j, x)
2025-07-04 14:48:43.771 | INFO     | __main__:run_dimensionality_analysis:163 -     Reduced shapes - Train: (68776, 5), Val: (54504, 5), Test: (56338, 5)
2025-07-04 14:48:43.774 | CRITICAL | eval_module:run_evaluation:76 - Start | Training knn
2025-07-04 14:48:43.774 | INFO     | eval_module:run_evaluation:77 - Train shape: X = (68776, 5), Y = (68776,)
2025-07-04 14:48:43.774 | INFO     | eval_module:run_evaluation:78 - Val shape: X = (54504, 5), Y = (54504,)
2025-07-04 14:48:43.775 | INFO     | eval_module:run_evaluation:79 - Test shape: X = (56338, 5), Y = (56338,)
2025-07-04 14:48:43.775 | INFO     | eval_module:run_evaluation:80 - Train prevalence:  0.3302605560079097
2025-07-04 14:48:43.775 | INFO     | eval_module:run_evaluation:81 - Val prevalence:  0.3278108028768531
2025-07-04 14:48:43.776 | INFO     | eval_module:run_evaluation:82 - Test prevalence:  0.3396819198409599
2025-07-04 14:48:43.779 | CRITICAL | eval_module:run_evaluation:91 - Start | Fitting knn...
2025-07-04 14:54:10.030 | INFO     | eval_module:run_evaluation:140 - Best hparams: {'algorithm': 'auto', 'leaf_size': 30, 'metric': 'euclidean', 'metric_params': None, 'n_jobs': None, 'n_neighbors': 5, 'p': 2, 'weights': 'distance'}
2025-07-04 14:54:10.059 | CRITICAL | eval_module:run_evaluation:143 - Finish | Fitting knn...
2025-07-04 14:54:11.526 | INFO     | eval_module:run_evaluation:154 - Train AUROC: 1.0
2025-07-04 14:54:11.526 | INFO     | eval_module:run_evaluation:155 - Val AUROC:   0.7228238162219199
2025-07-04 14:54:11.526 | INFO     | eval_module:run_evaluation:156 - Test AUROC:  0.7032301157658258
2025-07-04 14:54:11.602 | INFO     | eval_module:run_evaluation:162 - Train AUPRC: 1.0
2025-07-04 14:54:11.602 | INFO     | eval_module:run_evaluation:163 - Val AUPRC:   0.5778562826072884
2025-07-04 14:54:11.602 | INFO     | eval_module:run_evaluation:164 - Test AUPRC:  0.5601496018567144
2025-07-04 14:54:11.603 | INFO     | __main__:run_dimensionality_analysis:182 -     Results: AUROC=0.703, AUPRC=0.560
2025-07-04 14:54:11.603 | INFO     | __main__:run_dimensionality_analysis:149 -     Reducing to 10 dimensions...
2025-07-04 14:54:11.605 | INFO     | reducers:fit_transform:101 - Applying UMAP to reduce from 768 to 10 dimensions
2025-07-04 14:54:11.606 | INFO     | reducers:fit_transform:102 - Using n_neighbors: 15, n_jobs: 16
/home/pvenema/.conda/envs/EHRSHOT_ENV/lib/python3.10/site-packages/umap/umap_.py:1952: UserWarning: n_jobs value 1 overridden to 1 by setting random_state. Use no seed for parallelism.
  warn(
/home/pvenema/.conda/envs/EHRSHOT_ENV/lib/python3.10/site-packages/scipy/sparse/_index.py:146: SparseEfficiencyWarning: Changing the sparsity structure of a csr_matrix is expensive. lil_matrix is more efficient.
  self._set_arrayXarray(i, j, x)
2025-07-04 14:56:13.861 | INFO     | __main__:run_dimensionality_analysis:163 -     Reduced shapes - Train: (68776, 10), Val: (54504, 10), Test: (56338, 10)
2025-07-04 14:56:13.863 | CRITICAL | eval_module:run_evaluation:76 - Start | Training knn
2025-07-04 14:56:13.864 | INFO     | eval_module:run_evaluation:77 - Train shape: X = (68776, 10), Y = (68776,)
2025-07-04 14:56:13.864 | INFO     | eval_module:run_evaluation:78 - Val shape: X = (54504, 10), Y = (54504,)
2025-07-04 14:56:13.864 | INFO     | eval_module:run_evaluation:79 - Test shape: X = (56338, 10), Y = (56338,)
2025-07-04 14:56:13.864 | INFO     | eval_module:run_evaluation:80 - Train prevalence:  0.3302605560079097
2025-07-04 14:56:13.864 | INFO     | eval_module:run_evaluation:81 - Val prevalence:  0.3278108028768531
2025-07-04 14:56:13.865 | INFO     | eval_module:run_evaluation:82 - Test prevalence:  0.3396819198409599
2025-07-04 14:56:13.869 | CRITICAL | eval_module:run_evaluation:91 - Start | Fitting knn...
2025-07-04 15:01:48.989 | INFO     | eval_module:run_evaluation:140 - Best hparams: {'algorithm': 'auto', 'leaf_size': 30, 'metric': 'euclidean', 'metric_params': None, 'n_jobs': None, 'n_neighbors': 5, 'p': 2, 'weights': 'distance'}
2025-07-04 15:01:48.989 | CRITICAL | eval_module:run_evaluation:143 - Finish | Fitting knn...
2025-07-04 15:01:51.821 | INFO     | eval_module:run_evaluation:154 - Train AUROC: 1.0
2025-07-04 15:01:51.821 | INFO     | eval_module:run_evaluation:155 - Val AUROC:   0.725317470758816
2025-07-04 15:01:51.821 | INFO     | eval_module:run_evaluation:156 - Test AUROC:  0.706649084552849
2025-07-04 15:01:51.897 | INFO     | eval_module:run_evaluation:162 - Train AUPRC: 1.0
2025-07-04 15:01:51.897 | INFO     | eval_module:run_evaluation:163 - Val AUPRC:   0.5797234964923175
2025-07-04 15:01:51.897 | INFO     | eval_module:run_evaluation:164 - Test AUPRC:  0.5663669071811417
2025-07-04 15:01:51.897 | INFO     | __main__:run_dimensionality_analysis:182 -     Results: AUROC=0.707, AUPRC=0.566
2025-07-04 15:01:51.897 | INFO     | __main__:run_dimensionality_analysis:149 -     Reducing to 25 dimensions...
2025-07-04 15:01:51.900 | INFO     | reducers:fit_transform:101 - Applying UMAP to reduce from 768 to 25 dimensions
2025-07-04 15:01:51.901 | INFO     | reducers:fit_transform:102 - Using n_neighbors: 15, n_jobs: 16
/home/pvenema/.conda/envs/EHRSHOT_ENV/lib/python3.10/site-packages/umap/umap_.py:1952: UserWarning: n_jobs value 1 overridden to 1 by setting random_state. Use no seed for parallelism.
  warn(
/home/pvenema/.conda/envs/EHRSHOT_ENV/lib/python3.10/site-packages/scipy/sparse/_index.py:146: SparseEfficiencyWarning: Changing the sparsity structure of a csr_matrix is expensive. lil_matrix is more efficient.
  self._set_arrayXarray(i, j, x)
2025-07-04 15:04:21.920 | INFO     | __main__:run_dimensionality_analysis:163 -     Reduced shapes - Train: (68776, 25), Val: (54504, 25), Test: (56338, 25)
2025-07-04 15:04:21.922 | CRITICAL | eval_module:run_evaluation:76 - Start | Training knn
2025-07-04 15:04:21.922 | INFO     | eval_module:run_evaluation:77 - Train shape: X = (68776, 25), Y = (68776,)
2025-07-04 15:04:21.922 | INFO     | eval_module:run_evaluation:78 - Val shape: X = (54504, 25), Y = (54504,)
2025-07-04 15:04:21.923 | INFO     | eval_module:run_evaluation:79 - Test shape: X = (56338, 25), Y = (56338,)
2025-07-04 15:04:21.923 | INFO     | eval_module:run_evaluation:80 - Train prevalence:  0.3302605560079097
2025-07-04 15:04:21.923 | INFO     | eval_module:run_evaluation:81 - Val prevalence:  0.3278108028768531
2025-07-04 15:04:21.923 | INFO     | eval_module:run_evaluation:82 - Test prevalence:  0.3396819198409599
2025-07-04 15:04:21.928 | CRITICAL | eval_module:run_evaluation:91 - Start | Fitting knn...
2025-07-04 15:12:07.589 | INFO     | eval_module:run_evaluation:140 - Best hparams: {'algorithm': 'auto', 'leaf_size': 30, 'metric': 'euclidean', 'metric_params': None, 'n_jobs': None, 'n_neighbors': 5, 'p': 2, 'weights': 'distance'}
2025-07-04 15:12:07.590 | CRITICAL | eval_module:run_evaluation:143 - Finish | Fitting knn...
2025-07-04 15:12:09.090 | INFO     | eval_module:run_evaluation:154 - Train AUROC: 1.0
2025-07-04 15:12:09.090 | INFO     | eval_module:run_evaluation:155 - Val AUROC:   0.7218836171399188
2025-07-04 15:12:09.090 | INFO     | eval_module:run_evaluation:156 - Test AUROC:  0.7058014116638108
2025-07-04 15:12:09.166 | INFO     | eval_module:run_evaluation:162 - Train AUPRC: 1.0
2025-07-04 15:12:09.166 | INFO     | eval_module:run_evaluation:163 - Val AUPRC:   0.575048729597774
2025-07-04 15:12:09.166 | INFO     | eval_module:run_evaluation:164 - Test AUPRC:  0.5652471515804147
2025-07-04 15:12:09.167 | INFO     | __main__:run_dimensionality_analysis:182 -     Results: AUROC=0.706, AUPRC=0.565
2025-07-04 15:12:09.167 | INFO     | __main__:run_dimensionality_analysis:149 -     Reducing to 50 dimensions...
2025-07-04 15:12:09.169 | INFO     | reducers:fit_transform:101 - Applying UMAP to reduce from 768 to 50 dimensions
2025-07-04 15:12:09.170 | INFO     | reducers:fit_transform:102 - Using n_neighbors: 15, n_jobs: 16
/home/pvenema/.conda/envs/EHRSHOT_ENV/lib/python3.10/site-packages/umap/umap_.py:1952: UserWarning: n_jobs value 1 overridden to 1 by setting random_state. Use no seed for parallelism.
  warn(
/home/pvenema/.conda/envs/EHRSHOT_ENV/lib/python3.10/site-packages/scipy/sparse/_index.py:146: SparseEfficiencyWarning: Changing the sparsity structure of a csr_matrix is expensive. lil_matrix is more efficient.
  self._set_arrayXarray(i, j, x)
2025-07-04 15:14:57.467 | INFO     | __main__:run_dimensionality_analysis:163 -     Reduced shapes - Train: (68776, 50), Val: (54504, 50), Test: (56338, 50)
2025-07-04 15:14:57.469 | CRITICAL | eval_module:run_evaluation:76 - Start | Training knn
2025-07-04 15:14:57.470 | INFO     | eval_module:run_evaluation:77 - Train shape: X = (68776, 50), Y = (68776,)
2025-07-04 15:14:57.470 | INFO     | eval_module:run_evaluation:78 - Val shape: X = (54504, 50), Y = (54504,)
2025-07-04 15:14:57.470 | INFO     | eval_module:run_evaluation:79 - Test shape: X = (56338, 50), Y = (56338,)
2025-07-04 15:14:57.470 | INFO     | eval_module:run_evaluation:80 - Train prevalence:  0.3302605560079097
2025-07-04 15:14:57.470 | INFO     | eval_module:run_evaluation:81 - Val prevalence:  0.3278108028768531
2025-07-04 15:14:57.471 | INFO     | eval_module:run_evaluation:82 - Test prevalence:  0.3396819198409599
2025-07-04 15:14:57.476 | CRITICAL | eval_module:run_evaluation:91 - Start | Fitting knn...
2025-07-04 15:23:32.204 | INFO     | eval_module:run_evaluation:140 - Best hparams: {'algorithm': 'auto', 'leaf_size': 30, 'metric': 'euclidean', 'metric_params': None, 'n_jobs': None, 'n_neighbors': 5, 'p': 2, 'weights': 'distance'}
2025-07-04 15:23:32.205 | CRITICAL | eval_module:run_evaluation:143 - Finish | Fitting knn...
2025-07-04 15:23:34.103 | INFO     | eval_module:run_evaluation:154 - Train AUROC: 1.0
2025-07-04 15:23:34.104 | INFO     | eval_module:run_evaluation:155 - Val AUROC:   0.7256928809683058
2025-07-04 15:23:34.104 | INFO     | eval_module:run_evaluation:156 - Test AUROC:  0.7101639481426292
2025-07-04 15:23:34.181 | INFO     | eval_module:run_evaluation:162 - Train AUPRC: 1.0
2025-07-04 15:23:34.182 | INFO     | eval_module:run_evaluation:163 - Val AUPRC:   0.5804234643630656
2025-07-04 15:23:34.182 | INFO     | eval_module:run_evaluation:164 - Test AUPRC:  0.5692713210226854
2025-07-04 15:23:34.182 | INFO     | __main__:run_dimensionality_analysis:182 -     Results: AUROC=0.710, AUPRC=0.569
2025-07-04 15:23:34.182 | INFO     | __main__:run_dimensionality_analysis:149 -     Reducing to 100 dimensions...
2025-07-04 15:23:34.185 | INFO     | reducers:fit_transform:101 - Applying UMAP to reduce from 768 to 100 dimensions
2025-07-04 15:23:34.186 | INFO     | reducers:fit_transform:102 - Using n_neighbors: 15, n_jobs: 16
/home/pvenema/.conda/envs/EHRSHOT_ENV/lib/python3.10/site-packages/umap/umap_.py:1952: UserWarning: n_jobs value 1 overridden to 1 by setting random_state. Use no seed for parallelism.
  warn(
/home/pvenema/.conda/envs/EHRSHOT_ENV/lib/python3.10/site-packages/scipy/sparse/_index.py:146: SparseEfficiencyWarning: Changing the sparsity structure of a csr_matrix is expensive. lil_matrix is more efficient.
  self._set_arrayXarray(i, j, x)
2025-07-04 15:27:00.878 | INFO     | __main__:run_dimensionality_analysis:163 -     Reduced shapes - Train: (68776, 100), Val: (54504, 100), Test: (56338, 100)
2025-07-04 15:27:00.880 | CRITICAL | eval_module:run_evaluation:76 - Start | Training knn
2025-07-04 15:27:00.880 | INFO     | eval_module:run_evaluation:77 - Train shape: X = (68776, 100), Y = (68776,)
2025-07-04 15:27:00.881 | INFO     | eval_module:run_evaluation:78 - Val shape: X = (54504, 100), Y = (54504,)
2025-07-04 15:27:00.881 | INFO     | eval_module:run_evaluation:79 - Test shape: X = (56338, 100), Y = (56338,)
2025-07-04 15:27:00.881 | INFO     | eval_module:run_evaluation:80 - Train prevalence:  0.3302605560079097
2025-07-04 15:27:00.881 | INFO     | eval_module:run_evaluation:81 - Val prevalence:  0.3278108028768531
2025-07-04 15:27:00.881 | INFO     | eval_module:run_evaluation:82 - Test prevalence:  0.3396819198409599
2025-07-04 15:27:00.892 | CRITICAL | eval_module:run_evaluation:91 - Start | Fitting knn...
2025-07-04 15:37:19.396 | INFO     | eval_module:run_evaluation:140 - Best hparams: {'algorithm': 'auto', 'leaf_size': 30, 'metric': 'euclidean', 'metric_params': None, 'n_jobs': None, 'n_neighbors': 5, 'p': 2, 'weights': 'distance'}
2025-07-04 15:37:19.400 | CRITICAL | eval_module:run_evaluation:143 - Finish | Fitting knn...
2025-07-04 15:37:22.011 | INFO     | eval_module:run_evaluation:154 - Train AUROC: 1.0
2025-07-04 15:37:22.011 | INFO     | eval_module:run_evaluation:155 - Val AUROC:   0.7262699981067176
2025-07-04 15:37:22.012 | INFO     | eval_module:run_evaluation:156 - Test AUROC:  0.7081307343345704
2025-07-04 15:37:22.092 | INFO     | eval_module:run_evaluation:162 - Train AUPRC: 1.0
2025-07-04 15:37:22.092 | INFO     | eval_module:run_evaluation:163 - Val AUPRC:   0.5811150972888701
2025-07-04 15:37:22.092 | INFO     | eval_module:run_evaluation:164 - Test AUPRC:  0.5675946911588438
2025-07-04 15:37:22.092 | INFO     | __main__:run_dimensionality_analysis:182 -     Results: AUROC=0.708, AUPRC=0.568
2025-07-04 15:37:22.092 | INFO     | __main__:run_dimensionality_analysis:149 -     Reducing to 200 dimensions...
2025-07-04 15:37:22.095 | INFO     | reducers:fit_transform:101 - Applying UMAP to reduce from 768 to 200 dimensions
2025-07-04 15:37:22.096 | INFO     | reducers:fit_transform:102 - Using n_neighbors: 15, n_jobs: 16
/home/pvenema/.conda/envs/EHRSHOT_ENV/lib/python3.10/site-packages/umap/umap_.py:1952: UserWarning: n_jobs value 1 overridden to 1 by setting random_state. Use no seed for parallelism.
  warn(
/home/pvenema/.conda/envs/EHRSHOT_ENV/lib/python3.10/site-packages/scipy/sparse/_index.py:146: SparseEfficiencyWarning: Changing the sparsity structure of a csr_matrix is expensive. lil_matrix is more efficient.
  self._set_arrayXarray(i, j, x)
2025-07-04 15:42:55.069 | INFO     | __main__:run_dimensionality_analysis:163 -     Reduced shapes - Train: (68776, 200), Val: (54504, 200), Test: (56338, 200)
2025-07-04 15:42:55.071 | CRITICAL | eval_module:run_evaluation:76 - Start | Training knn
2025-07-04 15:42:55.071 | INFO     | eval_module:run_evaluation:77 - Train shape: X = (68776, 200), Y = (68776,)
2025-07-04 15:42:55.071 | INFO     | eval_module:run_evaluation:78 - Val shape: X = (54504, 200), Y = (54504,)
2025-07-04 15:42:55.071 | INFO     | eval_module:run_evaluation:79 - Test shape: X = (56338, 200), Y = (56338,)
2025-07-04 15:42:55.071 | INFO     | eval_module:run_evaluation:80 - Train prevalence:  0.3302605560079097
2025-07-04 15:42:55.072 | INFO     | eval_module:run_evaluation:81 - Val prevalence:  0.3278108028768531
2025-07-04 15:42:55.073 | INFO     | eval_module:run_evaluation:82 - Test prevalence:  0.3396819198409599
2025-07-04 15:42:55.088 | CRITICAL | eval_module:run_evaluation:91 - Start | Fitting knn...
2025-07-04 15:56:38.397 | INFO     | eval_module:run_evaluation:140 - Best hparams: {'algorithm': 'auto', 'leaf_size': 30, 'metric': 'euclidean', 'metric_params': None, 'n_jobs': None, 'n_neighbors': 5, 'p': 2, 'weights': 'distance'}
2025-07-04 15:56:38.398 | CRITICAL | eval_module:run_evaluation:143 - Finish | Fitting knn...
2025-07-04 15:56:42.555 | INFO     | eval_module:run_evaluation:154 - Train AUROC: 1.0
2025-07-04 15:56:42.555 | INFO     | eval_module:run_evaluation:155 - Val AUROC:   0.72565425774865
2025-07-04 15:56:42.555 | INFO     | eval_module:run_evaluation:156 - Test AUROC:  0.7066805974203649
2025-07-04 15:56:42.635 | INFO     | eval_module:run_evaluation:162 - Train AUPRC: 1.0
2025-07-04 15:56:42.636 | INFO     | eval_module:run_evaluation:163 - Val AUPRC:   0.5791709235516347
2025-07-04 15:56:42.636 | INFO     | eval_module:run_evaluation:164 - Test AUPRC:  0.5661501998444205
2025-07-04 15:56:42.636 | INFO     | __main__:run_dimensionality_analysis:182 -     Results: AUROC=0.707, AUPRC=0.566
2025-07-04 15:56:42.637 | INFO     | __main__:run_dimensionality_analysis:149 -     Reducing to 400 dimensions...
2025-07-04 15:56:42.641 | INFO     | reducers:fit_transform:101 - Applying UMAP to reduce from 768 to 400 dimensions
2025-07-04 15:56:42.642 | INFO     | reducers:fit_transform:102 - Using n_neighbors: 15, n_jobs: 16
/home/pvenema/.conda/envs/EHRSHOT_ENV/lib/python3.10/site-packages/umap/umap_.py:1952: UserWarning: n_jobs value 1 overridden to 1 by setting random_state. Use no seed for parallelism.
  warn(
/home/pvenema/.conda/envs/EHRSHOT_ENV/lib/python3.10/site-packages/scipy/sparse/_index.py:146: SparseEfficiencyWarning: Changing the sparsity structure of a csr_matrix is expensive. lil_matrix is more efficient.
  self._set_arrayXarray(i, j, x)
2025-07-04 16:06:41.093 | INFO     | __main__:run_dimensionality_analysis:163 -     Reduced shapes - Train: (68776, 400), Val: (54504, 400), Test: (56338, 400)
2025-07-04 16:06:41.095 | CRITICAL | eval_module:run_evaluation:76 - Start | Training knn
2025-07-04 16:06:41.095 | INFO     | eval_module:run_evaluation:77 - Train shape: X = (68776, 400), Y = (68776,)
2025-07-04 16:06:41.095 | INFO     | eval_module:run_evaluation:78 - Val shape: X = (54504, 400), Y = (54504,)
2025-07-04 16:06:41.095 | INFO     | eval_module:run_evaluation:79 - Test shape: X = (56338, 400), Y = (56338,)
2025-07-04 16:06:41.096 | INFO     | eval_module:run_evaluation:80 - Train prevalence:  0.3302605560079097
2025-07-04 16:06:41.096 | INFO     | eval_module:run_evaluation:81 - Val prevalence:  0.3278108028768531
2025-07-04 16:06:41.096 | INFO     | eval_module:run_evaluation:82 - Test prevalence:  0.3396819198409599
2025-07-04 16:06:41.124 | CRITICAL | eval_module:run_evaluation:91 - Start | Fitting knn...
2025-07-04 16:27:17.943 | INFO     | eval_module:run_evaluation:140 - Best hparams: {'algorithm': 'auto', 'leaf_size': 30, 'metric': 'euclidean', 'metric_params': None, 'n_jobs': None, 'n_neighbors': 5, 'p': 2, 'weights': 'distance'}
2025-07-04 16:27:17.943 | CRITICAL | eval_module:run_evaluation:143 - Finish | Fitting knn...
2025-07-04 16:27:25.021 | INFO     | eval_module:run_evaluation:154 - Train AUROC: 1.0
2025-07-04 16:27:25.021 | INFO     | eval_module:run_evaluation:155 - Val AUROC:   0.7248013594407834
2025-07-04 16:27:25.021 | INFO     | eval_module:run_evaluation:156 - Test AUROC:  0.7100705817296975
2025-07-04 16:27:25.101 | INFO     | eval_module:run_evaluation:162 - Train AUPRC: 1.0
2025-07-04 16:27:25.101 | INFO     | eval_module:run_evaluation:163 - Val AUPRC:   0.5780621943474027
2025-07-04 16:27:25.101 | INFO     | eval_module:run_evaluation:164 - Test AUPRC:  0.5685030726722434
2025-07-04 16:27:25.102 | INFO     | __main__:run_dimensionality_analysis:182 -     Results: AUROC=0.710, AUPRC=0.569
2025-07-04 16:27:25.103 | INFO     | __main__:run_dimensionality_analysis:119 - 
Processing model: clinicalbert_type3_clinicalbert_pool
2025-07-04 16:27:25.198 | INFO     | __main__:run_dimensionality_analysis:138 - Data shapes - Train: (68776, 768), Val: (54504, 768), Test: (56338, 768)
2025-07-04 16:27:25.198 | INFO     | __main__:run_dimensionality_analysis:139 - Label distribution - Train: 0.330, Val: 0.328, Test: 0.340
2025-07-04 16:27:25.199 | INFO     | __main__:run_dimensionality_analysis:142 - 
  Testing method: pca
2025-07-04 16:27:25.199 | INFO     | __main__:run_dimensionality_analysis:149 -     Reducing to 2 dimensions...
2025-07-04 16:27:25.202 | INFO     | reducers:fit_transform:55 - Applying PCA to reduce from 768 to 2 dimensions
2025-07-04 16:27:25.647 | INFO     | __main__:run_dimensionality_analysis:163 -     Reduced shapes - Train: (68776, 2), Val: (54504, 2), Test: (56338, 2)
2025-07-04 16:27:25.649 | CRITICAL | eval_module:run_evaluation:76 - Start | Training knn
2025-07-04 16:27:25.649 | INFO     | eval_module:run_evaluation:77 - Train shape: X = (68776, 2), Y = (68776,)
2025-07-04 16:27:25.649 | INFO     | eval_module:run_evaluation:78 - Val shape: X = (54504, 2), Y = (54504,)
2025-07-04 16:27:25.649 | INFO     | eval_module:run_evaluation:79 - Test shape: X = (56338, 2), Y = (56338,)
2025-07-04 16:27:25.649 | INFO     | eval_module:run_evaluation:80 - Train prevalence:  0.3302605560079097
2025-07-04 16:27:25.650 | INFO     | eval_module:run_evaluation:81 - Val prevalence:  0.3278108028768531
2025-07-04 16:27:25.650 | INFO     | eval_module:run_evaluation:82 - Test prevalence:  0.3396819198409599
2025-07-04 16:27:25.653 | CRITICAL | eval_module:run_evaluation:91 - Start | Fitting knn...
2025-07-04 16:32:34.241 | INFO     | eval_module:run_evaluation:140 - Best hparams: {'algorithm': 'auto', 'leaf_size': 30, 'metric': 'cosine', 'metric_params': None, 'n_jobs': None, 'n_neighbors': 5, 'p': 2, 'weights': 'uniform'}
2025-07-04 16:32:34.241 | CRITICAL | eval_module:run_evaluation:143 - Finish | Fitting knn...
2025-07-04 16:35:39.380 | INFO     | eval_module:run_evaluation:154 - Train AUROC: 0.6773374975374485
2025-07-04 16:35:39.380 | INFO     | eval_module:run_evaluation:155 - Val AUROC:   0.5667134446701216
2025-07-04 16:35:39.380 | INFO     | eval_module:run_evaluation:156 - Test AUROC:  0.5465399872288502
2025-07-04 16:35:39.452 | INFO     | eval_module:run_evaluation:162 - Train AUPRC: 0.46749420392818464
2025-07-04 16:35:39.452 | INFO     | eval_module:run_evaluation:163 - Val AUPRC:   0.3726029803833918
2025-07-04 16:35:39.452 | INFO     | eval_module:run_evaluation:164 - Test AUPRC:  0.36889940064239307
2025-07-04 16:35:39.453 | INFO     | __main__:run_dimensionality_analysis:182 -     Results: AUROC=0.547, AUPRC=0.369
2025-07-04 16:35:39.453 | INFO     | __main__:run_dimensionality_analysis:149 -     Reducing to 5 dimensions...
2025-07-04 16:35:39.453 | INFO     | reducers:fit_transform:55 - Applying PCA to reduce from 768 to 5 dimensions
2025-07-04 16:35:39.896 | INFO     | __main__:run_dimensionality_analysis:163 -     Reduced shapes - Train: (68776, 5), Val: (54504, 5), Test: (56338, 5)
2025-07-04 16:35:39.898 | CRITICAL | eval_module:run_evaluation:76 - Start | Training knn
2025-07-04 16:35:39.898 | INFO     | eval_module:run_evaluation:77 - Train shape: X = (68776, 5), Y = (68776,)
2025-07-04 16:35:39.898 | INFO     | eval_module:run_evaluation:78 - Val shape: X = (54504, 5), Y = (54504,)
2025-07-04 16:35:39.898 | INFO     | eval_module:run_evaluation:79 - Test shape: X = (56338, 5), Y = (56338,)
2025-07-04 16:35:39.898 | INFO     | eval_module:run_evaluation:80 - Train prevalence:  0.3302605560079097
2025-07-04 16:35:39.898 | INFO     | eval_module:run_evaluation:81 - Val prevalence:  0.3278108028768531
2025-07-04 16:35:39.899 | INFO     | eval_module:run_evaluation:82 - Test prevalence:  0.3396819198409599
2025-07-04 16:35:39.902 | CRITICAL | eval_module:run_evaluation:91 - Start | Fitting knn...
2025-07-04 16:40:54.019 | INFO     | eval_module:run_evaluation:140 - Best hparams: {'algorithm': 'auto', 'leaf_size': 30, 'metric': 'cosine', 'metric_params': None, 'n_jobs': None, 'n_neighbors': 5, 'p': 2, 'weights': 'uniform'}
2025-07-04 16:40:54.020 | CRITICAL | eval_module:run_evaluation:143 - Finish | Fitting knn...
2025-07-04 16:43:57.583 | INFO     | eval_module:run_evaluation:154 - Train AUROC: 0.9740101194217912
2025-07-04 16:43:57.584 | INFO     | eval_module:run_evaluation:155 - Val AUROC:   0.5844573665413391
2025-07-04 16:43:57.584 | INFO     | eval_module:run_evaluation:156 - Test AUROC:  0.5794571168349146
2025-07-04 16:43:57.653 | INFO     | eval_module:run_evaluation:162 - Train AUPRC: 0.9388764308960399
2025-07-04 16:43:57.654 | INFO     | eval_module:run_evaluation:163 - Val AUPRC:   0.3969440927107492
2025-07-04 16:43:57.654 | INFO     | eval_module:run_evaluation:164 - Test AUPRC:  0.40742546158519266
2025-07-04 16:43:57.654 | INFO     | __main__:run_dimensionality_analysis:182 -     Results: AUROC=0.579, AUPRC=0.407
2025-07-04 16:43:57.655 | INFO     | __main__:run_dimensionality_analysis:149 -     Reducing to 10 dimensions...
2025-07-04 16:43:57.655 | INFO     | reducers:fit_transform:55 - Applying PCA to reduce from 768 to 10 dimensions
2025-07-04 16:43:58.129 | INFO     | __main__:run_dimensionality_analysis:163 -     Reduced shapes - Train: (68776, 10), Val: (54504, 10), Test: (56338, 10)
2025-07-04 16:43:58.131 | CRITICAL | eval_module:run_evaluation:76 - Start | Training knn
2025-07-04 16:43:58.131 | INFO     | eval_module:run_evaluation:77 - Train shape: X = (68776, 10), Y = (68776,)
2025-07-04 16:43:58.131 | INFO     | eval_module:run_evaluation:78 - Val shape: X = (54504, 10), Y = (54504,)
2025-07-04 16:43:58.131 | INFO     | eval_module:run_evaluation:79 - Test shape: X = (56338, 10), Y = (56338,)
2025-07-04 16:43:58.131 | INFO     | eval_module:run_evaluation:80 - Train prevalence:  0.3302605560079097
2025-07-04 16:43:58.132 | INFO     | eval_module:run_evaluation:81 - Val prevalence:  0.3278108028768531
2025-07-04 16:43:58.132 | INFO     | eval_module:run_evaluation:82 - Test prevalence:  0.3396819198409599
2025-07-04 16:43:58.136 | CRITICAL | eval_module:run_evaluation:91 - Start | Fitting knn...
2025-07-04 16:49:56.017 | INFO     | eval_module:run_evaluation:140 - Best hparams: {'algorithm': 'auto', 'leaf_size': 30, 'metric': 'euclidean', 'metric_params': None, 'n_jobs': None, 'n_neighbors': 5, 'p': 2, 'weights': 'distance'}
2025-07-04 16:49:56.018 | CRITICAL | eval_module:run_evaluation:143 - Finish | Fitting knn...
2025-07-04 16:50:11.898 | INFO     | eval_module:run_evaluation:154 - Train AUROC: 0.9999999412187653
2025-07-04 16:50:11.898 | INFO     | eval_module:run_evaluation:155 - Val AUROC:   0.624240611092495
2025-07-04 16:50:11.898 | INFO     | eval_module:run_evaluation:156 - Test AUROC:  0.6295703404489681
2025-07-04 16:50:11.970 | INFO     | eval_module:run_evaluation:162 - Train AUPRC: 0.9999998391824853
2025-07-04 16:50:11.970 | INFO     | eval_module:run_evaluation:163 - Val AUPRC:   0.44265395471398766
2025-07-04 16:50:11.970 | INFO     | eval_module:run_evaluation:164 - Test AUPRC:  0.4614011835832541
2025-07-04 16:50:11.970 | INFO     | __main__:run_dimensionality_analysis:182 -     Results: AUROC=0.630, AUPRC=0.461
2025-07-04 16:50:11.970 | INFO     | __main__:run_dimensionality_analysis:149 -     Reducing to 25 dimensions...
2025-07-04 16:50:11.970 | INFO     | reducers:fit_transform:55 - Applying PCA to reduce from 768 to 25 dimensions
2025-07-04 16:50:12.560 | INFO     | __main__:run_dimensionality_analysis:163 -     Reduced shapes - Train: (68776, 25), Val: (54504, 25), Test: (56338, 25)
2025-07-04 16:50:12.562 | CRITICAL | eval_module:run_evaluation:76 - Start | Training knn
2025-07-04 16:50:12.562 | INFO     | eval_module:run_evaluation:77 - Train shape: X = (68776, 25), Y = (68776,)
2025-07-04 16:50:12.562 | INFO     | eval_module:run_evaluation:78 - Val shape: X = (54504, 25), Y = (54504,)
2025-07-04 16:50:12.562 | INFO     | eval_module:run_evaluation:79 - Test shape: X = (56338, 25), Y = (56338,)
2025-07-04 16:50:12.562 | INFO     | eval_module:run_evaluation:80 - Train prevalence:  0.3302605560079097
2025-07-04 16:50:12.563 | INFO     | eval_module:run_evaluation:81 - Val prevalence:  0.3278108028768531
2025-07-04 16:50:12.563 | INFO     | eval_module:run_evaluation:82 - Test prevalence:  0.3396819198409599
2025-07-04 16:50:12.569 | CRITICAL | eval_module:run_evaluation:91 - Start | Fitting knn...
2025-07-04 16:57:44.046 | INFO     | eval_module:run_evaluation:140 - Best hparams: {'algorithm': 'auto', 'leaf_size': 30, 'metric': 'cosine', 'metric_params': None, 'n_jobs': None, 'n_neighbors': 5, 'p': 2, 'weights': 'distance'}
2025-07-04 16:57:44.046 | CRITICAL | eval_module:run_evaluation:143 - Finish | Fitting knn...
2025-07-04 17:00:56.420 | INFO     | eval_module:run_evaluation:154 - Train AUROC: 0.9999640187159908
2025-07-04 17:00:56.420 | INFO     | eval_module:run_evaluation:155 - Val AUROC:   0.6470844783910468
2025-07-04 17:00:56.421 | INFO     | eval_module:run_evaluation:156 - Test AUROC:  0.6324490084839938
2025-07-04 17:00:56.492 | INFO     | eval_module:run_evaluation:162 - Train AUPRC: 0.9999205994592093
2025-07-04 17:00:56.492 | INFO     | eval_module:run_evaluation:163 - Val AUPRC:   0.4685775848700769
2025-07-04 17:00:56.493 | INFO     | eval_module:run_evaluation:164 - Test AUPRC:  0.4668775624638717
2025-07-04 17:00:56.493 | INFO     | __main__:run_dimensionality_analysis:182 -     Results: AUROC=0.632, AUPRC=0.467
2025-07-04 17:00:56.493 | INFO     | __main__:run_dimensionality_analysis:149 -     Reducing to 50 dimensions...
2025-07-04 17:00:56.493 | INFO     | reducers:fit_transform:55 - Applying PCA to reduce from 768 to 50 dimensions
2025-07-04 17:00:57.243 | INFO     | __main__:run_dimensionality_analysis:163 -     Reduced shapes - Train: (68776, 50), Val: (54504, 50), Test: (56338, 50)
2025-07-04 17:00:57.244 | CRITICAL | eval_module:run_evaluation:76 - Start | Training knn
2025-07-04 17:00:57.244 | INFO     | eval_module:run_evaluation:77 - Train shape: X = (68776, 50), Y = (68776,)
2025-07-04 17:00:57.245 | INFO     | eval_module:run_evaluation:78 - Val shape: X = (54504, 50), Y = (54504,)
2025-07-04 17:00:57.245 | INFO     | eval_module:run_evaluation:79 - Test shape: X = (56338, 50), Y = (56338,)
2025-07-04 17:00:57.245 | INFO     | eval_module:run_evaluation:80 - Train prevalence:  0.3302605560079097
2025-07-04 17:00:57.245 | INFO     | eval_module:run_evaluation:81 - Val prevalence:  0.3278108028768531
2025-07-04 17:00:57.245 | INFO     | eval_module:run_evaluation:82 - Test prevalence:  0.3396819198409599
2025-07-04 17:00:57.252 | CRITICAL | eval_module:run_evaluation:91 - Start | Fitting knn...
2025-07-04 17:09:28.075 | INFO     | eval_module:run_evaluation:140 - Best hparams: {'algorithm': 'auto', 'leaf_size': 30, 'metric': 'cosine', 'metric_params': None, 'n_jobs': None, 'n_neighbors': 5, 'p': 2, 'weights': 'distance'}
2025-07-04 17:09:28.075 | CRITICAL | eval_module:run_evaluation:143 - Finish | Fitting knn...
2025-07-04 17:12:46.263 | INFO     | eval_module:run_evaluation:154 - Train AUROC: 0.9999762050695024
2025-07-04 17:12:46.263 | INFO     | eval_module:run_evaluation:155 - Val AUROC:   0.6498134706635141
2025-07-04 17:12:46.264 | INFO     | eval_module:run_evaluation:156 - Test AUROC:  0.6310580007751678
2025-07-04 17:12:46.335 | INFO     | eval_module:run_evaluation:162 - Train AUPRC: 0.9999702488228535
2025-07-04 17:12:46.335 | INFO     | eval_module:run_evaluation:163 - Val AUPRC:   0.4826412966848293
2025-07-04 17:12:46.336 | INFO     | eval_module:run_evaluation:164 - Test AUPRC:  0.46289077737424267
2025-07-04 17:12:46.336 | INFO     | __main__:run_dimensionality_analysis:182 -     Results: AUROC=0.631, AUPRC=0.463
2025-07-04 17:12:46.336 | INFO     | __main__:run_dimensionality_analysis:149 -     Reducing to 100 dimensions...
2025-07-04 17:12:46.336 | INFO     | reducers:fit_transform:55 - Applying PCA to reduce from 768 to 100 dimensions
2025-07-04 17:12:47.340 | INFO     | __main__:run_dimensionality_analysis:163 -     Reduced shapes - Train: (68776, 100), Val: (54504, 100), Test: (56338, 100)
2025-07-04 17:12:47.341 | CRITICAL | eval_module:run_evaluation:76 - Start | Training knn
2025-07-04 17:12:47.342 | INFO     | eval_module:run_evaluation:77 - Train shape: X = (68776, 100), Y = (68776,)
2025-07-04 17:12:47.342 | INFO     | eval_module:run_evaluation:78 - Val shape: X = (54504, 100), Y = (54504,)
2025-07-04 17:12:47.342 | INFO     | eval_module:run_evaluation:79 - Test shape: X = (56338, 100), Y = (56338,)
2025-07-04 17:12:47.343 | INFO     | eval_module:run_evaluation:80 - Train prevalence:  0.3302605560079097
2025-07-04 17:12:47.343 | INFO     | eval_module:run_evaluation:81 - Val prevalence:  0.3278108028768531
2025-07-04 17:12:47.343 | INFO     | eval_module:run_evaluation:82 - Test prevalence:  0.3396819198409599
2025-07-04 17:12:47.352 | CRITICAL | eval_module:run_evaluation:91 - Start | Fitting knn...
2025-07-04 17:22:59.699 | INFO     | eval_module:run_evaluation:140 - Best hparams: {'algorithm': 'auto', 'leaf_size': 30, 'metric': 'cosine', 'metric_params': None, 'n_jobs': None, 'n_neighbors': 5, 'p': 2, 'weights': 'distance'}
2025-07-04 17:22:59.700 | CRITICAL | eval_module:run_evaluation:143 - Finish | Fitting knn...
2025-07-04 17:26:20.601 | INFO     | eval_module:run_evaluation:154 - Train AUROC: 0.9999761362524472
2025-07-04 17:26:20.602 | INFO     | eval_module:run_evaluation:155 - Val AUROC:   0.6489854213733838
2025-07-04 17:26:20.602 | INFO     | eval_module:run_evaluation:156 - Test AUROC:  0.644424736020335
2025-07-04 17:26:20.673 | INFO     | eval_module:run_evaluation:162 - Train AUPRC: 0.9999703456752311
2025-07-04 17:26:20.673 | INFO     | eval_module:run_evaluation:163 - Val AUPRC:   0.4755523499374851
2025-07-04 17:26:20.673 | INFO     | eval_module:run_evaluation:164 - Test AUPRC:  0.4785042032916659
2025-07-04 17:26:20.674 | INFO     | __main__:run_dimensionality_analysis:182 -     Results: AUROC=0.644, AUPRC=0.479
2025-07-04 17:26:20.674 | INFO     | __main__:run_dimensionality_analysis:149 -     Reducing to 200 dimensions...
2025-07-04 17:26:20.674 | INFO     | reducers:fit_transform:55 - Applying PCA to reduce from 768 to 200 dimensions
2025-07-04 17:26:22.513 | INFO     | __main__:run_dimensionality_analysis:163 -     Reduced shapes - Train: (68776, 200), Val: (54504, 200), Test: (56338, 200)
2025-07-04 17:26:22.515 | CRITICAL | eval_module:run_evaluation:76 - Start | Training knn
2025-07-04 17:26:22.515 | INFO     | eval_module:run_evaluation:77 - Train shape: X = (68776, 200), Y = (68776,)
2025-07-04 17:26:22.515 | INFO     | eval_module:run_evaluation:78 - Val shape: X = (54504, 200), Y = (54504,)
2025-07-04 17:26:22.515 | INFO     | eval_module:run_evaluation:79 - Test shape: X = (56338, 200), Y = (56338,)
2025-07-04 17:26:22.516 | INFO     | eval_module:run_evaluation:80 - Train prevalence:  0.3302605560079097
2025-07-04 17:26:22.516 | INFO     | eval_module:run_evaluation:81 - Val prevalence:  0.3278108028768531
2025-07-04 17:26:22.516 | INFO     | eval_module:run_evaluation:82 - Test prevalence:  0.3396819198409599
2025-07-04 17:26:22.527 | CRITICAL | eval_module:run_evaluation:91 - Start | Fitting knn...
2025-07-04 17:39:59.436 | INFO     | eval_module:run_evaluation:140 - Best hparams: {'algorithm': 'auto', 'leaf_size': 30, 'metric': 'cosine', 'metric_params': None, 'n_jobs': None, 'n_neighbors': 5, 'p': 2, 'weights': 'distance'}
2025-07-04 17:39:59.436 | CRITICAL | eval_module:run_evaluation:143 - Finish | Fitting knn...
2025-07-04 17:43:22.901 | INFO     | eval_module:run_evaluation:154 - Train AUROC: 0.9999760999323348
2025-07-04 17:43:22.901 | INFO     | eval_module:run_evaluation:155 - Val AUROC:   0.6480202609901834
2025-07-04 17:43:22.901 | INFO     | eval_module:run_evaluation:156 - Test AUROC:  0.6506319829061408
2025-07-04 17:43:22.972 | INFO     | eval_module:run_evaluation:162 - Train AUPRC: 0.999970403789962
2025-07-04 17:43:22.973 | INFO     | eval_module:run_evaluation:163 - Val AUPRC:   0.4731174085561165
2025-07-04 17:43:22.973 | INFO     | eval_module:run_evaluation:164 - Test AUPRC:  0.47863578059497314
2025-07-04 17:43:22.973 | INFO     | __main__:run_dimensionality_analysis:182 -     Results: AUROC=0.651, AUPRC=0.479
2025-07-04 17:43:22.974 | INFO     | __main__:run_dimensionality_analysis:149 -     Reducing to 400 dimensions...
2025-07-04 17:43:22.974 | INFO     | reducers:fit_transform:55 - Applying PCA to reduce from 768 to 400 dimensions
2025-07-04 17:43:26.945 | INFO     | __main__:run_dimensionality_analysis:163 -     Reduced shapes - Train: (68776, 400), Val: (54504, 400), Test: (56338, 400)
2025-07-04 17:43:26.947 | CRITICAL | eval_module:run_evaluation:76 - Start | Training knn
2025-07-04 17:43:26.947 | INFO     | eval_module:run_evaluation:77 - Train shape: X = (68776, 400), Y = (68776,)
2025-07-04 17:43:26.947 | INFO     | eval_module:run_evaluation:78 - Val shape: X = (54504, 400), Y = (54504,)
2025-07-04 17:43:26.948 | INFO     | eval_module:run_evaluation:79 - Test shape: X = (56338, 400), Y = (56338,)
2025-07-04 17:43:26.948 | INFO     | eval_module:run_evaluation:80 - Train prevalence:  0.3302605560079097
2025-07-04 17:43:26.949 | INFO     | eval_module:run_evaluation:81 - Val prevalence:  0.3278108028768531
2025-07-04 17:43:26.949 | INFO     | eval_module:run_evaluation:82 - Test prevalence:  0.3396819198409599
2025-07-04 17:43:26.985 | CRITICAL | eval_module:run_evaluation:91 - Start | Fitting knn...
2025-07-04 18:03:59.760 | INFO     | eval_module:run_evaluation:140 - Best hparams: {'algorithm': 'auto', 'leaf_size': 30, 'metric': 'cosine', 'metric_params': None, 'n_jobs': None, 'n_neighbors': 5, 'p': 2, 'weights': 'distance'}
2025-07-04 18:03:59.764 | CRITICAL | eval_module:run_evaluation:143 - Finish | Fitting knn...
2025-07-04 18:07:26.904 | INFO     | eval_module:run_evaluation:154 - Train AUROC: 0.9999999393071806
2025-07-04 18:07:26.905 | INFO     | eval_module:run_evaluation:155 - Val AUROC:   0.6558729034857689
2025-07-04 18:07:26.905 | INFO     | eval_module:run_evaluation:156 - Test AUROC:  0.6445212397436412
2025-07-04 18:07:26.976 | INFO     | eval_module:run_evaluation:162 - Train AUPRC: 0.9999998546844058
2025-07-04 18:07:26.976 | INFO     | eval_module:run_evaluation:163 - Val AUPRC:   0.48161060075987383
2025-07-04 18:07:26.977 | INFO     | eval_module:run_evaluation:164 - Test AUPRC:  0.4735186420609631
2025-07-04 18:07:26.977 | INFO     | __main__:run_dimensionality_analysis:182 -     Results: AUROC=0.645, AUPRC=0.474
2025-07-04 18:07:26.978 | INFO     | __main__:run_dimensionality_analysis:142 - 
  Testing method: umap
2025-07-04 18:07:26.978 | INFO     | __main__:run_dimensionality_analysis:149 -     Reducing to 2 dimensions...
2025-07-04 18:07:26.978 | INFO     | reducers:fit_transform:101 - Applying UMAP to reduce from 768 to 2 dimensions
2025-07-04 18:07:26.978 | INFO     | reducers:fit_transform:102 - Using n_neighbors: 15, n_jobs: 16
/home/pvenema/.conda/envs/EHRSHOT_ENV/lib/python3.10/site-packages/umap/umap_.py:1952: UserWarning: n_jobs value 1 overridden to 1 by setting random_state. Use no seed for parallelism.
  warn(
2025-07-04 18:09:22.768 | INFO     | __main__:run_dimensionality_analysis:163 -     Reduced shapes - Train: (68776, 2), Val: (54504, 2), Test: (56338, 2)
2025-07-04 18:09:22.770 | CRITICAL | eval_module:run_evaluation:76 - Start | Training knn
2025-07-04 18:09:22.770 | INFO     | eval_module:run_evaluation:77 - Train shape: X = (68776, 2), Y = (68776,)
2025-07-04 18:09:22.771 | INFO     | eval_module:run_evaluation:78 - Val shape: X = (54504, 2), Y = (54504,)
2025-07-04 18:09:22.771 | INFO     | eval_module:run_evaluation:79 - Test shape: X = (56338, 2), Y = (56338,)
2025-07-04 18:09:22.771 | INFO     | eval_module:run_evaluation:80 - Train prevalence:  0.3302605560079097
2025-07-04 18:09:22.771 | INFO     | eval_module:run_evaluation:81 - Val prevalence:  0.3278108028768531
2025-07-04 18:09:22.771 | INFO     | eval_module:run_evaluation:82 - Test prevalence:  0.3396819198409599
2025-07-04 18:09:22.774 | CRITICAL | eval_module:run_evaluation:91 - Start | Fitting knn...
2025-07-04 18:15:05.475 | INFO     | eval_module:run_evaluation:140 - Best hparams: {'algorithm': 'auto', 'leaf_size': 30, 'metric': 'euclidean', 'metric_params': None, 'n_jobs': None, 'n_neighbors': 5, 'p': 2, 'weights': 'uniform'}
2025-07-04 18:15:05.477 | CRITICAL | eval_module:run_evaluation:143 - Finish | Fitting knn...
2025-07-04 18:15:05.933 | INFO     | eval_module:run_evaluation:154 - Train AUROC: 0.9742978162891781
2025-07-04 18:15:05.934 | INFO     | eval_module:run_evaluation:155 - Val AUROC:   0.6110829928029249
2025-07-04 18:15:05.934 | INFO     | eval_module:run_evaluation:156 - Test AUROC:  0.5735206724389835
2025-07-04 18:15:06.004 | INFO     | eval_module:run_evaluation:162 - Train AUPRC: 0.9384010060534929
2025-07-04 18:15:06.004 | INFO     | eval_module:run_evaluation:163 - Val AUPRC:   0.4238077121924255
2025-07-04 18:15:06.004 | INFO     | eval_module:run_evaluation:164 - Test AUPRC:  0.4010432724673003
2025-07-04 18:15:06.004 | INFO     | __main__:run_dimensionality_analysis:182 -     Results: AUROC=0.574, AUPRC=0.401
2025-07-04 18:15:06.005 | INFO     | __main__:run_dimensionality_analysis:149 -     Reducing to 5 dimensions...
2025-07-04 18:15:06.007 | INFO     | reducers:fit_transform:101 - Applying UMAP to reduce from 768 to 5 dimensions
2025-07-04 18:15:06.007 | INFO     | reducers:fit_transform:102 - Using n_neighbors: 15, n_jobs: 16
/home/pvenema/.conda/envs/EHRSHOT_ENV/lib/python3.10/site-packages/umap/umap_.py:1952: UserWarning: n_jobs value 1 overridden to 1 by setting random_state. Use no seed for parallelism.
  warn(
2025-07-04 18:17:15.067 | INFO     | __main__:run_dimensionality_analysis:163 -     Reduced shapes - Train: (68776, 5), Val: (54504, 5), Test: (56338, 5)
2025-07-04 18:17:15.069 | CRITICAL | eval_module:run_evaluation:76 - Start | Training knn
2025-07-04 18:17:15.070 | INFO     | eval_module:run_evaluation:77 - Train shape: X = (68776, 5), Y = (68776,)
2025-07-04 18:17:15.070 | INFO     | eval_module:run_evaluation:78 - Val shape: X = (54504, 5), Y = (54504,)
2025-07-04 18:17:15.070 | INFO     | eval_module:run_evaluation:79 - Test shape: X = (56338, 5), Y = (56338,)
2025-07-04 18:17:15.070 | INFO     | eval_module:run_evaluation:80 - Train prevalence:  0.3302605560079097
2025-07-04 18:17:15.070 | INFO     | eval_module:run_evaluation:81 - Val prevalence:  0.3278108028768531
2025-07-04 18:17:15.070 | INFO     | eval_module:run_evaluation:82 - Test prevalence:  0.3396819198409599
2025-07-04 18:17:15.074 | CRITICAL | eval_module:run_evaluation:91 - Start | Fitting knn...
2025-07-04 18:22:57.854 | INFO     | eval_module:run_evaluation:140 - Best hparams: {'algorithm': 'auto', 'leaf_size': 30, 'metric': 'cosine', 'metric_params': None, 'n_jobs': None, 'n_neighbors': 5, 'p': 2, 'weights': 'uniform'}
2025-07-04 18:22:57.855 | CRITICAL | eval_module:run_evaluation:143 - Finish | Fitting knn...
2025-07-04 18:26:45.658 | INFO     | eval_module:run_evaluation:154 - Train AUROC: 0.979401972966619
2025-07-04 18:26:45.659 | INFO     | eval_module:run_evaluation:155 - Val AUROC:   0.6186946711684769
2025-07-04 18:26:45.659 | INFO     | eval_module:run_evaluation:156 - Test AUROC:  0.579010033601781
2025-07-04 18:26:45.728 | INFO     | eval_module:run_evaluation:162 - Train AUPRC: 0.9504841688295436
2025-07-04 18:26:45.728 | INFO     | eval_module:run_evaluation:163 - Val AUPRC:   0.42980398749773996
2025-07-04 18:26:45.729 | INFO     | eval_module:run_evaluation:164 - Test AUPRC:  0.4055416834775655
2025-07-04 18:26:45.729 | INFO     | __main__:run_dimensionality_analysis:182 -     Results: AUROC=0.579, AUPRC=0.406
2025-07-04 18:26:45.729 | INFO     | __main__:run_dimensionality_analysis:149 -     Reducing to 10 dimensions...
2025-07-04 18:26:45.731 | INFO     | reducers:fit_transform:101 - Applying UMAP to reduce from 768 to 10 dimensions
2025-07-04 18:26:45.731 | INFO     | reducers:fit_transform:102 - Using n_neighbors: 15, n_jobs: 16
/home/pvenema/.conda/envs/EHRSHOT_ENV/lib/python3.10/site-packages/umap/umap_.py:1952: UserWarning: n_jobs value 1 overridden to 1 by setting random_state. Use no seed for parallelism.
  warn(
2025-07-04 18:29:11.894 | INFO     | __main__:run_dimensionality_analysis:163 -     Reduced shapes - Train: (68776, 10), Val: (54504, 10), Test: (56338, 10)
2025-07-04 18:29:11.897 | CRITICAL | eval_module:run_evaluation:76 - Start | Training knn
2025-07-04 18:29:11.898 | INFO     | eval_module:run_evaluation:77 - Train shape: X = (68776, 10), Y = (68776,)
2025-07-04 18:29:11.898 | INFO     | eval_module:run_evaluation:78 - Val shape: X = (54504, 10), Y = (54504,)
2025-07-04 18:29:11.898 | INFO     | eval_module:run_evaluation:79 - Test shape: X = (56338, 10), Y = (56338,)
2025-07-04 18:29:11.898 | INFO     | eval_module:run_evaluation:80 - Train prevalence:  0.3302605560079097
2025-07-04 18:29:11.898 | INFO     | eval_module:run_evaluation:81 - Val prevalence:  0.3278108028768531
2025-07-04 18:29:11.899 | INFO     | eval_module:run_evaluation:82 - Test prevalence:  0.3396819198409599
2025-07-04 18:29:11.902 | CRITICAL | eval_module:run_evaluation:91 - Start | Fitting knn...
2025-07-04 18:34:55.338 | INFO     | eval_module:run_evaluation:140 - Best hparams: {'algorithm': 'auto', 'leaf_size': 30, 'metric': 'euclidean', 'metric_params': None, 'n_jobs': None, 'n_neighbors': 5, 'p': 2, 'weights': 'uniform'}
2025-07-04 18:34:55.339 | CRITICAL | eval_module:run_evaluation:143 - Finish | Fitting knn...
2025-07-04 18:34:56.800 | INFO     | eval_module:run_evaluation:154 - Train AUROC: 0.9830576596656897
2025-07-04 18:34:56.801 | INFO     | eval_module:run_evaluation:155 - Val AUROC:   0.6174007241831152
2025-07-04 18:34:56.801 | INFO     | eval_module:run_evaluation:156 - Test AUROC:  0.5798220863944987
2025-07-04 18:34:56.870 | INFO     | eval_module:run_evaluation:162 - Train AUPRC: 0.9580568660560603
2025-07-04 18:34:56.870 | INFO     | eval_module:run_evaluation:163 - Val AUPRC:   0.4285000445314959
2025-07-04 18:34:56.871 | INFO     | eval_module:run_evaluation:164 - Test AUPRC:  0.40446404412953096
2025-07-04 18:34:56.871 | INFO     | __main__:run_dimensionality_analysis:182 -     Results: AUROC=0.580, AUPRC=0.404
2025-07-04 18:34:56.871 | INFO     | __main__:run_dimensionality_analysis:149 -     Reducing to 25 dimensions...
2025-07-04 18:34:56.873 | INFO     | reducers:fit_transform:101 - Applying UMAP to reduce from 768 to 25 dimensions
2025-07-04 18:34:56.873 | INFO     | reducers:fit_transform:102 - Using n_neighbors: 15, n_jobs: 16
/home/pvenema/.conda/envs/EHRSHOT_ENV/lib/python3.10/site-packages/umap/umap_.py:1952: UserWarning: n_jobs value 1 overridden to 1 by setting random_state. Use no seed for parallelism.
  warn(
2025-07-04 18:37:57.273 | INFO     | __main__:run_dimensionality_analysis:163 -     Reduced shapes - Train: (68776, 25), Val: (54504, 25), Test: (56338, 25)
2025-07-04 18:37:57.275 | CRITICAL | eval_module:run_evaluation:76 - Start | Training knn
2025-07-04 18:37:57.276 | INFO     | eval_module:run_evaluation:77 - Train shape: X = (68776, 25), Y = (68776,)
2025-07-04 18:37:57.276 | INFO     | eval_module:run_evaluation:78 - Val shape: X = (54504, 25), Y = (54504,)
2025-07-04 18:37:57.276 | INFO     | eval_module:run_evaluation:79 - Test shape: X = (56338, 25), Y = (56338,)
2025-07-04 18:37:57.276 | INFO     | eval_module:run_evaluation:80 - Train prevalence:  0.3302605560079097
2025-07-04 18:37:57.276 | INFO     | eval_module:run_evaluation:81 - Val prevalence:  0.3278108028768531
2025-07-04 18:37:57.276 | INFO     | eval_module:run_evaluation:82 - Test prevalence:  0.3396819198409599
2025-07-04 18:37:57.281 | CRITICAL | eval_module:run_evaluation:91 - Start | Fitting knn...
2025-07-04 18:46:02.184 | INFO     | eval_module:run_evaluation:140 - Best hparams: {'algorithm': 'auto', 'leaf_size': 30, 'metric': 'cosine', 'metric_params': None, 'n_jobs': None, 'n_neighbors': 5, 'p': 2, 'weights': 'uniform'}
2025-07-04 18:46:02.185 | CRITICAL | eval_module:run_evaluation:143 - Finish | Fitting knn...
2025-07-04 18:50:00.749 | INFO     | eval_module:run_evaluation:154 - Train AUROC: 0.9779428210520258
2025-07-04 18:50:00.750 | INFO     | eval_module:run_evaluation:155 - Val AUROC:   0.6173852458695959
2025-07-04 18:50:00.750 | INFO     | eval_module:run_evaluation:156 - Test AUROC:  0.5782765666764764
2025-07-04 18:50:00.819 | INFO     | eval_module:run_evaluation:162 - Train AUPRC: 0.9471274706252191
2025-07-04 18:50:00.820 | INFO     | eval_module:run_evaluation:163 - Val AUPRC:   0.4280415940174045
2025-07-04 18:50:00.820 | INFO     | eval_module:run_evaluation:164 - Test AUPRC:  0.4039862513179874
2025-07-04 18:50:00.821 | INFO     | __main__:run_dimensionality_analysis:182 -     Results: AUROC=0.578, AUPRC=0.404
2025-07-04 18:50:00.821 | INFO     | __main__:run_dimensionality_analysis:149 -     Reducing to 50 dimensions...
2025-07-04 18:50:00.823 | INFO     | reducers:fit_transform:101 - Applying UMAP to reduce from 768 to 50 dimensions
2025-07-04 18:50:00.823 | INFO     | reducers:fit_transform:102 - Using n_neighbors: 15, n_jobs: 16
/home/pvenema/.conda/envs/EHRSHOT_ENV/lib/python3.10/site-packages/umap/umap_.py:1952: UserWarning: n_jobs value 1 overridden to 1 by setting random_state. Use no seed for parallelism.
  warn(
2025-07-04 18:53:35.570 | INFO     | __main__:run_dimensionality_analysis:163 -     Reduced shapes - Train: (68776, 50), Val: (54504, 50), Test: (56338, 50)
2025-07-04 18:53:35.573 | CRITICAL | eval_module:run_evaluation:76 - Start | Training knn
2025-07-04 18:53:35.573 | INFO     | eval_module:run_evaluation:77 - Train shape: X = (68776, 50), Y = (68776,)
2025-07-04 18:53:35.573 | INFO     | eval_module:run_evaluation:78 - Val shape: X = (54504, 50), Y = (54504,)
2025-07-04 18:53:35.573 | INFO     | eval_module:run_evaluation:79 - Test shape: X = (56338, 50), Y = (56338,)
2025-07-04 18:53:35.573 | INFO     | eval_module:run_evaluation:80 - Train prevalence:  0.3302605560079097
2025-07-04 18:53:35.574 | INFO     | eval_module:run_evaluation:81 - Val prevalence:  0.3278108028768531
2025-07-04 18:53:35.574 | INFO     | eval_module:run_evaluation:82 - Test prevalence:  0.3396819198409599
2025-07-04 18:53:35.580 | CRITICAL | eval_module:run_evaluation:91 - Start | Fitting knn...
2025-07-04 19:02:19.002 | INFO     | eval_module:run_evaluation:140 - Best hparams: {'algorithm': 'auto', 'leaf_size': 30, 'metric': 'euclidean', 'metric_params': None, 'n_jobs': None, 'n_neighbors': 5, 'p': 2, 'weights': 'distance'}
2025-07-04 19:02:19.003 | CRITICAL | eval_module:run_evaluation:143 - Finish | Fitting knn...
2025-07-04 19:02:20.846 | INFO     | eval_module:run_evaluation:154 - Train AUROC: 1.0
2025-07-04 19:02:20.846 | INFO     | eval_module:run_evaluation:155 - Val AUROC:   0.6179802955172107
2025-07-04 19:02:20.846 | INFO     | eval_module:run_evaluation:156 - Test AUROC:  0.577166986313434
2025-07-04 19:02:20.918 | INFO     | eval_module:run_evaluation:162 - Train AUPRC: 1.0
2025-07-04 19:02:20.919 | INFO     | eval_module:run_evaluation:163 - Val AUPRC:   0.4333886153619463
2025-07-04 19:02:20.919 | INFO     | eval_module:run_evaluation:164 - Test AUPRC:  0.40337165366056293
2025-07-04 19:02:20.919 | INFO     | __main__:run_dimensionality_analysis:182 -     Results: AUROC=0.577, AUPRC=0.403
2025-07-04 19:02:20.919 | INFO     | __main__:run_dimensionality_analysis:149 -     Reducing to 100 dimensions...
2025-07-04 19:02:20.921 | INFO     | reducers:fit_transform:101 - Applying UMAP to reduce from 768 to 100 dimensions
2025-07-04 19:02:20.922 | INFO     | reducers:fit_transform:102 - Using n_neighbors: 15, n_jobs: 16
/home/pvenema/.conda/envs/EHRSHOT_ENV/lib/python3.10/site-packages/umap/umap_.py:1952: UserWarning: n_jobs value 1 overridden to 1 by setting random_state. Use no seed for parallelism.
  warn(
2025-07-04 19:07:32.365 | INFO     | __main__:run_dimensionality_analysis:163 -     Reduced shapes - Train: (68776, 100), Val: (54504, 100), Test: (56338, 100)
2025-07-04 19:07:32.369 | CRITICAL | eval_module:run_evaluation:76 - Start | Training knn
2025-07-04 19:07:32.369 | INFO     | eval_module:run_evaluation:77 - Train shape: X = (68776, 100), Y = (68776,)
2025-07-04 19:07:32.369 | INFO     | eval_module:run_evaluation:78 - Val shape: X = (54504, 100), Y = (54504,)
2025-07-04 19:07:32.369 | INFO     | eval_module:run_evaluation:79 - Test shape: X = (56338, 100), Y = (56338,)
2025-07-04 19:07:32.369 | INFO     | eval_module:run_evaluation:80 - Train prevalence:  0.3302605560079097
2025-07-04 19:07:32.370 | INFO     | eval_module:run_evaluation:81 - Val prevalence:  0.3278108028768531
2025-07-04 19:07:32.370 | INFO     | eval_module:run_evaluation:82 - Test prevalence:  0.3396819198409599
2025-07-04 19:07:32.378 | CRITICAL | eval_module:run_evaluation:91 - Start | Fitting knn...
2025-07-04 19:17:56.188 | INFO     | eval_module:run_evaluation:140 - Best hparams: {'algorithm': 'auto', 'leaf_size': 30, 'metric': 'cosine', 'metric_params': None, 'n_jobs': None, 'n_neighbors': 5, 'p': 2, 'weights': 'uniform'}
2025-07-04 19:17:56.190 | CRITICAL | eval_module:run_evaluation:143 - Finish | Fitting knn...
2025-07-04 19:21:31.040 | INFO     | eval_module:run_evaluation:154 - Train AUROC: 0.9731748031919201
2025-07-04 19:21:31.042 | INFO     | eval_module:run_evaluation:155 - Val AUROC:   0.6184374129511954
2025-07-04 19:21:31.042 | INFO     | eval_module:run_evaluation:156 - Test AUROC:  0.5791254461693256
2025-07-04 19:21:31.111 | INFO     | eval_module:run_evaluation:162 - Train AUPRC: 0.937927058536455
2025-07-04 19:21:31.112 | INFO     | eval_module:run_evaluation:163 - Val AUPRC:   0.4307878667945332
2025-07-04 19:21:31.112 | INFO     | eval_module:run_evaluation:164 - Test AUPRC:  0.40367922448038807
2025-07-04 19:21:31.114 | INFO     | __main__:run_dimensionality_analysis:182 -     Results: AUROC=0.579, AUPRC=0.404
2025-07-04 19:21:31.114 | INFO     | __main__:run_dimensionality_analysis:149 -     Reducing to 200 dimensions...
2025-07-04 19:21:31.116 | INFO     | reducers:fit_transform:101 - Applying UMAP to reduce from 768 to 200 dimensions
2025-07-04 19:21:31.116 | INFO     | reducers:fit_transform:102 - Using n_neighbors: 15, n_jobs: 16
/home/pvenema/.conda/envs/EHRSHOT_ENV/lib/python3.10/site-packages/umap/umap_.py:1952: UserWarning: n_jobs value 1 overridden to 1 by setting random_state. Use no seed for parallelism.
  warn(
2025-07-04 19:30:45.150 | INFO     | __main__:run_dimensionality_analysis:163 -     Reduced shapes - Train: (68776, 200), Val: (54504, 200), Test: (56338, 200)
2025-07-04 19:30:45.154 | CRITICAL | eval_module:run_evaluation:76 - Start | Training knn
2025-07-04 19:30:45.154 | INFO     | eval_module:run_evaluation:77 - Train shape: X = (68776, 200), Y = (68776,)
2025-07-04 19:30:45.154 | INFO     | eval_module:run_evaluation:78 - Val shape: X = (54504, 200), Y = (54504,)
2025-07-04 19:30:45.154 | INFO     | eval_module:run_evaluation:79 - Test shape: X = (56338, 200), Y = (56338,)
2025-07-04 19:30:45.154 | INFO     | eval_module:run_evaluation:80 - Train prevalence:  0.3302605560079097
2025-07-04 19:30:45.155 | INFO     | eval_module:run_evaluation:81 - Val prevalence:  0.3278108028768531
2025-07-04 19:30:45.155 | INFO     | eval_module:run_evaluation:82 - Test prevalence:  0.3396819198409599
2025-07-04 19:30:45.170 | CRITICAL | eval_module:run_evaluation:91 - Start | Fitting knn...
2025-07-04 19:44:35.432 | INFO     | eval_module:run_evaluation:140 - Best hparams: {'algorithm': 'auto', 'leaf_size': 30, 'metric': 'cosine', 'metric_params': None, 'n_jobs': None, 'n_neighbors': 5, 'p': 2, 'weights': 'uniform'}
2025-07-04 19:44:35.433 | CRITICAL | eval_module:run_evaluation:143 - Finish | Fitting knn...
2025-07-04 19:48:18.112 | INFO     | eval_module:run_evaluation:154 - Train AUROC: 0.969096759941265
2025-07-04 19:48:18.113 | INFO     | eval_module:run_evaluation:155 - Val AUROC:   0.6195759512220718
2025-07-04 19:48:18.113 | INFO     | eval_module:run_evaluation:156 - Test AUROC:  0.5805714091333282
2025-07-04 19:48:18.182 | INFO     | eval_module:run_evaluation:162 - Train AUPRC: 0.9299721630572718
2025-07-04 19:48:18.182 | INFO     | eval_module:run_evaluation:163 - Val AUPRC:   0.43224232174942645
2025-07-04 19:48:18.182 | INFO     | eval_module:run_evaluation:164 - Test AUPRC:  0.40560717628329257
2025-07-04 19:48:18.183 | INFO     | __main__:run_dimensionality_analysis:182 -     Results: AUROC=0.581, AUPRC=0.406
2025-07-04 19:48:18.183 | INFO     | __main__:run_dimensionality_analysis:149 -     Reducing to 400 dimensions...
2025-07-04 19:48:18.186 | INFO     | reducers:fit_transform:101 - Applying UMAP to reduce from 768 to 400 dimensions
2025-07-04 19:48:18.187 | INFO     | reducers:fit_transform:102 - Using n_neighbors: 15, n_jobs: 16
/home/pvenema/.conda/envs/EHRSHOT_ENV/lib/python3.10/site-packages/umap/umap_.py:1952: UserWarning: n_jobs value 1 overridden to 1 by setting random_state. Use no seed for parallelism.
  warn(
2025-07-04 20:07:03.234 | INFO     | __main__:run_dimensionality_analysis:163 -     Reduced shapes - Train: (68776, 400), Val: (54504, 400), Test: (56338, 400)
2025-07-04 20:07:03.236 | CRITICAL | eval_module:run_evaluation:76 - Start | Training knn
2025-07-04 20:07:03.236 | INFO     | eval_module:run_evaluation:77 - Train shape: X = (68776, 400), Y = (68776,)
2025-07-04 20:07:03.237 | INFO     | eval_module:run_evaluation:78 - Val shape: X = (54504, 400), Y = (54504,)
2025-07-04 20:07:03.237 | INFO     | eval_module:run_evaluation:79 - Test shape: X = (56338, 400), Y = (56338,)
2025-07-04 20:07:03.237 | INFO     | eval_module:run_evaluation:80 - Train prevalence:  0.3302605560079097
2025-07-04 20:07:03.237 | INFO     | eval_module:run_evaluation:81 - Val prevalence:  0.3278108028768531
2025-07-04 20:07:03.237 | INFO     | eval_module:run_evaluation:82 - Test prevalence:  0.3396819198409599
2025-07-04 20:07:03.265 | CRITICAL | eval_module:run_evaluation:91 - Start | Fitting knn...
2025-07-04 20:27:52.194 | INFO     | eval_module:run_evaluation:140 - Best hparams: {'algorithm': 'auto', 'leaf_size': 30, 'metric': 'cosine', 'metric_params': None, 'n_jobs': None, 'n_neighbors': 5, 'p': 2, 'weights': 'uniform'}
2025-07-04 20:27:52.195 | CRITICAL | eval_module:run_evaluation:143 - Finish | Fitting knn...
2025-07-04 20:31:44.217 | INFO     | eval_module:run_evaluation:154 - Train AUROC: 0.9546024458414841
2025-07-04 20:31:44.218 | INFO     | eval_module:run_evaluation:155 - Val AUROC:   0.6170777518783538
2025-07-04 20:31:44.218 | INFO     | eval_module:run_evaluation:156 - Test AUROC:  0.576932232341489
2025-07-04 20:31:44.287 | INFO     | eval_module:run_evaluation:162 - Train AUPRC: 0.9005003254130377
2025-07-04 20:31:44.287 | INFO     | eval_module:run_evaluation:163 - Val AUPRC:   0.4301239361354791
2025-07-04 20:31:44.289 | INFO     | eval_module:run_evaluation:164 - Test AUPRC:  0.4032106478356128
2025-07-04 20:31:44.289 | INFO     | __main__:run_dimensionality_analysis:182 -     Results: AUROC=0.577, AUPRC=0.403
2025-07-04 20:31:44.290 | INFO     | __main__:run_dimensionality_analysis:94 - 
==================================================
2025-07-04 20:31:44.290 | INFO     | __main__:run_dimensionality_analysis:95 - Processing task: lab_hyperkalemia
2025-07-04 20:31:44.290 | INFO     | __main__:run_dimensionality_analysis:96 - ==================================================
2025-07-04 20:31:45.226 | INFO     | __main__:run_dimensionality_analysis:102 - Loaded labeled patients for lab_hyperkalemia
2025-07-04 20:37:45.044 | INFO     | __main__:run_dimensionality_analysis:119 - 
Processing model: clmbr
2025-07-04 20:37:45.117 | INFO     | __main__:run_dimensionality_analysis:138 - Data shapes - Train: (76349, 768), Val: (60168, 768), Test: (63653, 768)
2025-07-04 20:37:45.118 | INFO     | __main__:run_dimensionality_analysis:139 - Label distribution - Train: 0.024, Val: 0.023, Test: 0.024
2025-07-04 20:37:45.118 | INFO     | __main__:run_dimensionality_analysis:142 - 
  Testing method: pca
2025-07-04 20:37:45.118 | INFO     | __main__:run_dimensionality_analysis:149 -     Reducing to 2 dimensions...
2025-07-04 20:37:45.121 | INFO     | reducers:fit_transform:55 - Applying PCA to reduce from 768 to 2 dimensions
2025-07-04 20:37:46.612 | INFO     | __main__:run_dimensionality_analysis:163 -     Reduced shapes - Train: (76349, 2), Val: (60168, 2), Test: (63653, 2)
2025-07-04 20:37:46.627 | CRITICAL | eval_module:run_evaluation:76 - Start | Training knn
2025-07-04 20:37:46.627 | INFO     | eval_module:run_evaluation:77 - Train shape: X = (76349, 2), Y = (76349,)
2025-07-04 20:37:46.627 | INFO     | eval_module:run_evaluation:78 - Val shape: X = (60168, 2), Y = (60168,)
2025-07-04 20:37:46.628 | INFO     | eval_module:run_evaluation:79 - Test shape: X = (63653, 2), Y = (63653,)
2025-07-04 20:37:46.628 | INFO     | eval_module:run_evaluation:80 - Train prevalence:  0.023955782001074014
2025-07-04 20:37:46.629 | INFO     | eval_module:run_evaluation:81 - Val prevalence:  0.023035500598324692
2025-07-04 20:37:46.629 | INFO     | eval_module:run_evaluation:82 - Test prevalence:  0.024413617582831917
2025-07-04 20:37:46.632 | CRITICAL | eval_module:run_evaluation:91 - Start | Fitting knn...
2025-07-04 20:45:09.225 | INFO     | eval_module:run_evaluation:140 - Best hparams: {'algorithm': 'auto', 'leaf_size': 30, 'metric': 'cosine', 'metric_params': None, 'n_jobs': None, 'n_neighbors': 5, 'p': 2, 'weights': 'uniform'}
2025-07-04 20:45:09.226 | CRITICAL | eval_module:run_evaluation:143 - Finish | Fitting knn...
2025-07-04 20:49:45.824 | INFO     | eval_module:run_evaluation:154 - Train AUROC: 0.9553235293081846
2025-07-04 20:49:45.825 | INFO     | eval_module:run_evaluation:155 - Val AUROC:   0.504363789348989
2025-07-04 20:49:45.825 | INFO     | eval_module:run_evaluation:156 - Test AUROC:  0.5072386698177773
2025-07-04 20:49:46.015 | INFO     | eval_module:run_evaluation:162 - Train AUPRC: 0.2319780334099087
2025-07-04 20:49:46.015 | INFO     | eval_module:run_evaluation:163 - Val AUPRC:   0.023218987425915348
2025-07-04 20:49:46.015 | INFO     | eval_module:run_evaluation:164 - Test AUPRC:  0.025006102149533256
2025-07-04 20:49:46.015 | INFO     | __main__:run_dimensionality_analysis:182 -     Results: AUROC=0.507, AUPRC=0.025
2025-07-04 20:49:46.015 | INFO     | __main__:run_dimensionality_analysis:149 -     Reducing to 5 dimensions...
2025-07-04 20:49:46.016 | INFO     | reducers:fit_transform:55 - Applying PCA to reduce from 768 to 5 dimensions
2025-07-04 20:49:47.535 | INFO     | __main__:run_dimensionality_analysis:163 -     Reduced shapes - Train: (76349, 5), Val: (60168, 5), Test: (63653, 5)
2025-07-04 20:49:47.550 | CRITICAL | eval_module:run_evaluation:76 - Start | Training knn
2025-07-04 20:49:47.551 | INFO     | eval_module:run_evaluation:77 - Train shape: X = (76349, 5), Y = (76349,)
2025-07-04 20:49:47.551 | INFO     | eval_module:run_evaluation:78 - Val shape: X = (60168, 5), Y = (60168,)
2025-07-04 20:49:47.551 | INFO     | eval_module:run_evaluation:79 - Test shape: X = (63653, 5), Y = (63653,)
2025-07-04 20:49:47.552 | INFO     | eval_module:run_evaluation:80 - Train prevalence:  0.023955782001074014
2025-07-04 20:49:47.552 | INFO     | eval_module:run_evaluation:81 - Val prevalence:  0.023035500598324692
2025-07-04 20:49:47.552 | INFO     | eval_module:run_evaluation:82 - Test prevalence:  0.024413617582831917
2025-07-04 20:49:47.556 | CRITICAL | eval_module:run_evaluation:91 - Start | Fitting knn...
2025-07-04 20:57:15.516 | INFO     | eval_module:run_evaluation:140 - Best hparams: {'algorithm': 'auto', 'leaf_size': 30, 'metric': 'cosine', 'metric_params': None, 'n_jobs': None, 'n_neighbors': 5, 'p': 2, 'weights': 'uniform'}
2025-07-04 20:57:15.517 | CRITICAL | eval_module:run_evaluation:143 - Finish | Fitting knn...
2025-07-04 21:01:55.308 | INFO     | eval_module:run_evaluation:154 - Train AUROC: 0.9592000210129227
2025-07-04 21:01:55.309 | INFO     | eval_module:run_evaluation:155 - Val AUROC:   0.5317334629879287
2025-07-04 21:01:55.309 | INFO     | eval_module:run_evaluation:156 - Test AUROC:  0.5241126475445869
2025-07-04 21:01:55.498 | INFO     | eval_module:run_evaluation:162 - Train AUPRC: 0.24940517120774555
2025-07-04 21:01:55.499 | INFO     | eval_module:run_evaluation:163 - Val AUPRC:   0.025200055906690968
2025-07-04 21:01:55.499 | INFO     | eval_module:run_evaluation:164 - Test AUPRC:  0.026546088554015957
2025-07-04 21:01:55.499 | INFO     | __main__:run_dimensionality_analysis:182 -     Results: AUROC=0.524, AUPRC=0.027
2025-07-04 21:01:55.499 | INFO     | __main__:run_dimensionality_analysis:149 -     Reducing to 10 dimensions...
2025-07-04 21:01:55.499 | INFO     | reducers:fit_transform:55 - Applying PCA to reduce from 768 to 10 dimensions
2025-07-04 21:01:57.074 | INFO     | __main__:run_dimensionality_analysis:163 -     Reduced shapes - Train: (76349, 10), Val: (60168, 10), Test: (63653, 10)
2025-07-04 21:01:57.115 | CRITICAL | eval_module:run_evaluation:76 - Start | Training knn
2025-07-04 21:01:57.116 | INFO     | eval_module:run_evaluation:77 - Train shape: X = (76349, 10), Y = (76349,)
2025-07-04 21:01:57.116 | INFO     | eval_module:run_evaluation:78 - Val shape: X = (60168, 10), Y = (60168,)
2025-07-04 21:01:57.116 | INFO     | eval_module:run_evaluation:79 - Test shape: X = (63653, 10), Y = (63653,)
2025-07-04 21:01:57.116 | INFO     | eval_module:run_evaluation:80 - Train prevalence:  0.023955782001074014
2025-07-04 21:01:57.117 | INFO     | eval_module:run_evaluation:81 - Val prevalence:  0.023035500598324692
2025-07-04 21:01:57.117 | INFO     | eval_module:run_evaluation:82 - Test prevalence:  0.024413617582831917
2025-07-04 21:01:57.122 | CRITICAL | eval_module:run_evaluation:91 - Start | Fitting knn...
/home/pvenema/.conda/envs/EHRSHOT_ENV/lib/python3.10/site-packages/joblib/externals/loky/process_executor.py:782: UserWarning: A worker stopped while some jobs were given to the executor. This can be caused by a too short worker timeout or by a memory leak.
  warnings.warn(
2025-07-04 21:09:58.440 | INFO     | eval_module:run_evaluation:140 - Best hparams: {'algorithm': 'auto', 'leaf_size': 30, 'metric': 'cosine', 'metric_params': None, 'n_jobs': None, 'n_neighbors': 5, 'p': 2, 'weights': 'uniform'}
2025-07-04 21:09:58.441 | CRITICAL | eval_module:run_evaluation:143 - Finish | Fitting knn...
2025-07-04 21:14:35.680 | INFO     | eval_module:run_evaluation:154 - Train AUROC: 0.9683836000008217
2025-07-04 21:14:35.681 | INFO     | eval_module:run_evaluation:155 - Val AUROC:   0.558313072347981
2025-07-04 21:14:35.681 | INFO     | eval_module:run_evaluation:156 - Test AUROC:  0.5456551318199655
2025-07-04 21:14:35.870 | INFO     | eval_module:run_evaluation:162 - Train AUPRC: 0.3228627226390173
2025-07-04 21:14:35.870 | INFO     | eval_module:run_evaluation:163 - Val AUPRC:   0.029718269141370813
2025-07-04 21:14:35.870 | INFO     | eval_module:run_evaluation:164 - Test AUPRC:  0.030373503454500492
2025-07-04 21:14:35.870 | INFO     | __main__:run_dimensionality_analysis:182 -     Results: AUROC=0.546, AUPRC=0.030
2025-07-04 21:14:35.871 | INFO     | __main__:run_dimensionality_analysis:149 -     Reducing to 25 dimensions...
2025-07-04 21:14:35.871 | INFO     | reducers:fit_transform:55 - Applying PCA to reduce from 768 to 25 dimensions
2025-07-04 21:14:37.698 | INFO     | __main__:run_dimensionality_analysis:163 -     Reduced shapes - Train: (76349, 25), Val: (60168, 25), Test: (63653, 25)
2025-07-04 21:14:37.714 | CRITICAL | eval_module:run_evaluation:76 - Start | Training knn
2025-07-04 21:14:37.714 | INFO     | eval_module:run_evaluation:77 - Train shape: X = (76349, 25), Y = (76349,)
2025-07-04 21:14:37.714 | INFO     | eval_module:run_evaluation:78 - Val shape: X = (60168, 25), Y = (60168,)
2025-07-04 21:14:37.714 | INFO     | eval_module:run_evaluation:79 - Test shape: X = (63653, 25), Y = (63653,)
2025-07-04 21:14:37.714 | INFO     | eval_module:run_evaluation:80 - Train prevalence:  0.023955782001074014
2025-07-04 21:14:37.714 | INFO     | eval_module:run_evaluation:81 - Val prevalence:  0.023035500598324692
2025-07-04 21:14:37.715 | INFO     | eval_module:run_evaluation:82 - Test prevalence:  0.024413617582831917
2025-07-04 21:14:37.720 | CRITICAL | eval_module:run_evaluation:91 - Start | Fitting knn...
2025-07-04 21:24:55.638 | INFO     | eval_module:run_evaluation:140 - Best hparams: {'algorithm': 'auto', 'leaf_size': 30, 'metric': 'euclidean', 'metric_params': None, 'n_jobs': None, 'n_neighbors': 5, 'p': 2, 'weights': 'distance'}
2025-07-04 21:24:55.639 | CRITICAL | eval_module:run_evaluation:143 - Finish | Fitting knn...
2025-07-04 21:24:57.397 | INFO     | eval_module:run_evaluation:154 - Train AUROC: 0.9980515063125344
2025-07-04 21:24:57.397 | INFO     | eval_module:run_evaluation:155 - Val AUROC:   0.553015119872321
2025-07-04 21:24:57.398 | INFO     | eval_module:run_evaluation:156 - Test AUROC:  0.5696700247578683
2025-07-04 21:24:57.588 | INFO     | eval_module:run_evaluation:162 - Train AUPRC: 0.9962417183964735
2025-07-04 21:24:57.588 | INFO     | eval_module:run_evaluation:163 - Val AUPRC:   0.035398964534212325
2025-07-04 21:24:57.588 | INFO     | eval_module:run_evaluation:164 - Test AUPRC:  0.03968530801524758
2025-07-04 21:24:57.588 | INFO     | __main__:run_dimensionality_analysis:182 -     Results: AUROC=0.570, AUPRC=0.040
2025-07-04 21:24:57.588 | INFO     | __main__:run_dimensionality_analysis:149 -     Reducing to 50 dimensions...
2025-07-04 21:24:57.588 | INFO     | reducers:fit_transform:55 - Applying PCA to reduce from 768 to 50 dimensions
2025-07-04 21:24:59.727 | INFO     | __main__:run_dimensionality_analysis:163 -     Reduced shapes - Train: (76349, 50), Val: (60168, 50), Test: (63653, 50)
2025-07-04 21:24:59.742 | CRITICAL | eval_module:run_evaluation:76 - Start | Training knn
2025-07-04 21:24:59.743 | INFO     | eval_module:run_evaluation:77 - Train shape: X = (76349, 50), Y = (76349,)
2025-07-04 21:24:59.743 | INFO     | eval_module:run_evaluation:78 - Val shape: X = (60168, 50), Y = (60168,)
2025-07-04 21:24:59.743 | INFO     | eval_module:run_evaluation:79 - Test shape: X = (63653, 50), Y = (63653,)
2025-07-04 21:24:59.743 | INFO     | eval_module:run_evaluation:80 - Train prevalence:  0.023955782001074014
2025-07-04 21:24:59.743 | INFO     | eval_module:run_evaluation:81 - Val prevalence:  0.023035500598324692
2025-07-04 21:24:59.744 | INFO     | eval_module:run_evaluation:82 - Test prevalence:  0.024413617582831917
2025-07-04 21:24:59.752 | CRITICAL | eval_module:run_evaluation:91 - Start | Fitting knn...
2025-07-04 21:36:33.304 | INFO     | eval_module:run_evaluation:140 - Best hparams: {'algorithm': 'auto', 'leaf_size': 30, 'metric': 'cosine', 'metric_params': None, 'n_jobs': None, 'n_neighbors': 5, 'p': 2, 'weights': 'distance'}
2025-07-04 21:36:33.305 | CRITICAL | eval_module:run_evaluation:143 - Finish | Fitting knn...
2025-07-04 21:41:08.327 | INFO     | eval_module:run_evaluation:154 - Train AUROC: 0.9999966543670635
2025-07-04 21:41:08.328 | INFO     | eval_module:run_evaluation:155 - Val AUROC:   0.5678494334460448
2025-07-04 21:41:08.328 | INFO     | eval_module:run_evaluation:156 - Test AUROC:  0.5698415655178244
2025-07-04 21:41:08.518 | INFO     | eval_module:run_evaluation:162 - Train AUPRC: 0.9997693899365925
2025-07-04 21:41:08.519 | INFO     | eval_module:run_evaluation:163 - Val AUPRC:   0.039459041453804064
2025-07-04 21:41:08.519 | INFO     | eval_module:run_evaluation:164 - Test AUPRC:  0.04023165711868855
2025-07-04 21:41:08.519 | INFO     | __main__:run_dimensionality_analysis:182 -     Results: AUROC=0.570, AUPRC=0.040
2025-07-04 21:41:08.519 | INFO     | __main__:run_dimensionality_analysis:149 -     Reducing to 100 dimensions...
2025-07-04 21:41:08.519 | INFO     | reducers:fit_transform:55 - Applying PCA to reduce from 768 to 100 dimensions
2025-07-04 21:41:11.245 | INFO     | __main__:run_dimensionality_analysis:163 -     Reduced shapes - Train: (76349, 100), Val: (60168, 100), Test: (63653, 100)
2025-07-04 21:41:11.260 | CRITICAL | eval_module:run_evaluation:76 - Start | Training knn
2025-07-04 21:41:11.261 | INFO     | eval_module:run_evaluation:77 - Train shape: X = (76349, 100), Y = (76349,)
2025-07-04 21:41:11.261 | INFO     | eval_module:run_evaluation:78 - Val shape: X = (60168, 100), Y = (60168,)
2025-07-04 21:41:11.261 | INFO     | eval_module:run_evaluation:79 - Test shape: X = (63653, 100), Y = (63653,)
2025-07-04 21:41:11.261 | INFO     | eval_module:run_evaluation:80 - Train prevalence:  0.023955782001074014
2025-07-04 21:41:11.261 | INFO     | eval_module:run_evaluation:81 - Val prevalence:  0.023035500598324692
2025-07-04 21:41:11.262 | INFO     | eval_module:run_evaluation:82 - Test prevalence:  0.024413617582831917
2025-07-04 21:41:11.273 | CRITICAL | eval_module:run_evaluation:91 - Start | Fitting knn...
2025-07-04 21:55:31.514 | INFO     | eval_module:run_evaluation:140 - Best hparams: {'algorithm': 'auto', 'leaf_size': 30, 'metric': 'euclidean', 'metric_params': None, 'n_jobs': None, 'n_neighbors': 5, 'p': 2, 'weights': 'distance'}
2025-07-04 21:55:31.515 | CRITICAL | eval_module:run_evaluation:143 - Finish | Fitting knn...
2025-07-04 21:55:34.497 | INFO     | eval_module:run_evaluation:154 - Train AUROC: 0.9980310656691984
2025-07-04 21:55:34.497 | INFO     | eval_module:run_evaluation:155 - Val AUROC:   0.5683421128072552
2025-07-04 21:55:34.497 | INFO     | eval_module:run_evaluation:156 - Test AUROC:  0.5622811816470331
2025-07-04 21:55:34.687 | INFO     | eval_module:run_evaluation:162 - Train AUPRC: 0.9962435031166402
2025-07-04 21:55:34.687 | INFO     | eval_module:run_evaluation:163 - Val AUPRC:   0.04157890716597685
2025-07-04 21:55:34.687 | INFO     | eval_module:run_evaluation:164 - Test AUPRC:  0.04017497549985227
2025-07-04 21:55:34.688 | INFO     | __main__:run_dimensionality_analysis:182 -     Results: AUROC=0.562, AUPRC=0.040
2025-07-04 21:55:34.688 | INFO     | __main__:run_dimensionality_analysis:149 -     Reducing to 200 dimensions...
2025-07-04 21:55:34.688 | INFO     | reducers:fit_transform:55 - Applying PCA to reduce from 768 to 200 dimensions
2025-07-04 21:55:38.956 | INFO     | __main__:run_dimensionality_analysis:163 -     Reduced shapes - Train: (76349, 200), Val: (60168, 200), Test: (63653, 200)
2025-07-04 21:55:38.972 | CRITICAL | eval_module:run_evaluation:76 - Start | Training knn
2025-07-04 21:55:38.972 | INFO     | eval_module:run_evaluation:77 - Train shape: X = (76349, 200), Y = (76349,)
2025-07-04 21:55:38.972 | INFO     | eval_module:run_evaluation:78 - Val shape: X = (60168, 200), Y = (60168,)
2025-07-04 21:55:38.972 | INFO     | eval_module:run_evaluation:79 - Test shape: X = (63653, 200), Y = (63653,)
2025-07-04 21:55:38.972 | INFO     | eval_module:run_evaluation:80 - Train prevalence:  0.023955782001074014
2025-07-04 21:55:38.973 | INFO     | eval_module:run_evaluation:81 - Val prevalence:  0.023035500598324692
2025-07-04 21:55:38.973 | INFO     | eval_module:run_evaluation:82 - Test prevalence:  0.024413617582831917
2025-07-04 21:55:39.010 | CRITICAL | eval_module:run_evaluation:91 - Start | Fitting knn...
2025-07-04 22:15:13.063 | INFO     | eval_module:run_evaluation:140 - Best hparams: {'algorithm': 'auto', 'leaf_size': 30, 'metric': 'cosine', 'metric_params': None, 'n_jobs': None, 'n_neighbors': 5, 'p': 2, 'weights': 'distance'}
2025-07-04 22:15:13.064 | CRITICAL | eval_module:run_evaluation:143 - Finish | Fitting knn...
2025-07-04 22:19:52.210 | INFO     | eval_module:run_evaluation:154 - Train AUROC: 0.9980247229067563
2025-07-04 22:19:52.211 | INFO     | eval_module:run_evaluation:155 - Val AUROC:   0.568726411178182
2025-07-04 22:19:52.211 | INFO     | eval_module:run_evaluation:156 - Test AUROC:  0.5658735999723777
2025-07-04 22:19:52.401 | INFO     | eval_module:run_evaluation:162 - Train AUPRC: 0.9962435031166402
2025-07-04 22:19:52.402 | INFO     | eval_module:run_evaluation:163 - Val AUPRC:   0.03739681070633073
2025-07-04 22:19:52.402 | INFO     | eval_module:run_evaluation:164 - Test AUPRC:  0.03837891466328535
2025-07-04 22:19:52.403 | INFO     | __main__:run_dimensionality_analysis:182 -     Results: AUROC=0.566, AUPRC=0.038
2025-07-04 22:19:52.403 | INFO     | __main__:run_dimensionality_analysis:149 -     Reducing to 400 dimensions...
2025-07-04 22:19:52.403 | INFO     | reducers:fit_transform:55 - Applying PCA to reduce from 768 to 400 dimensions
2025-07-04 22:20:00.735 | INFO     | __main__:run_dimensionality_analysis:163 -     Reduced shapes - Train: (76349, 400), Val: (60168, 400), Test: (63653, 400)
2025-07-04 22:20:00.750 | CRITICAL | eval_module:run_evaluation:76 - Start | Training knn
2025-07-04 22:20:00.750 | INFO     | eval_module:run_evaluation:77 - Train shape: X = (76349, 400), Y = (76349,)
2025-07-04 22:20:00.750 | INFO     | eval_module:run_evaluation:78 - Val shape: X = (60168, 400), Y = (60168,)
2025-07-04 22:20:00.751 | INFO     | eval_module:run_evaluation:79 - Test shape: X = (63653, 400), Y = (63653,)
2025-07-04 22:20:00.751 | INFO     | eval_module:run_evaluation:80 - Train prevalence:  0.023955782001074014
2025-07-04 22:20:00.751 | INFO     | eval_module:run_evaluation:81 - Val prevalence:  0.023035500598324692
2025-07-04 22:20:00.752 | INFO     | eval_module:run_evaluation:82 - Test prevalence:  0.024413617582831917
2025-07-04 22:20:00.800 | CRITICAL | eval_module:run_evaluation:91 - Start | Fitting knn...
2025-07-04 22:50:14.622 | INFO     | eval_module:run_evaluation:140 - Best hparams: {'algorithm': 'auto', 'leaf_size': 30, 'metric': 'cosine', 'metric_params': None, 'n_jobs': None, 'n_neighbors': 5, 'p': 2, 'weights': 'distance'}
2025-07-04 22:50:14.625 | CRITICAL | eval_module:run_evaluation:143 - Finish | Fitting knn...
2025-07-04 22:55:01.464 | INFO     | eval_module:run_evaluation:154 - Train AUROC: 0.9980286775035826
2025-07-04 22:55:01.465 | INFO     | eval_module:run_evaluation:155 - Val AUROC:   0.5598156465131049
2025-07-04 22:55:01.466 | INFO     | eval_module:run_evaluation:156 - Test AUROC:  0.5606046385889861
2025-07-04 22:55:01.655 | INFO     | eval_module:run_evaluation:162 - Train AUPRC: 0.996239640779124
2025-07-04 22:55:01.655 | INFO     | eval_module:run_evaluation:163 - Val AUPRC:   0.0355950411010441
2025-07-04 22:55:01.656 | INFO     | eval_module:run_evaluation:164 - Test AUPRC:  0.03926258070902428
2025-07-04 22:55:01.657 | INFO     | __main__:run_dimensionality_analysis:182 -     Results: AUROC=0.561, AUPRC=0.039
2025-07-04 22:55:01.657 | INFO     | __main__:run_dimensionality_analysis:142 - 
  Testing method: umap
2025-07-04 22:55:01.657 | INFO     | __main__:run_dimensionality_analysis:149 -     Reducing to 2 dimensions...
2025-07-04 22:55:01.658 | INFO     | reducers:fit_transform:101 - Applying UMAP to reduce from 768 to 2 dimensions
2025-07-04 22:55:01.658 | INFO     | reducers:fit_transform:102 - Using n_neighbors: 15, n_jobs: 16
/home/pvenema/.conda/envs/EHRSHOT_ENV/lib/python3.10/site-packages/umap/umap_.py:1952: UserWarning: n_jobs value 1 overridden to 1 by setting random_state. Use no seed for parallelism.
  warn(
/home/pvenema/.conda/envs/EHRSHOT_ENV/lib/python3.10/site-packages/scipy/sparse/_index.py:146: SparseEfficiencyWarning: Changing the sparsity structure of a csr_matrix is expensive. lil_matrix is more efficient.
  self._set_arrayXarray(i, j, x)
2025-07-04 22:56:53.189 | INFO     | __main__:run_dimensionality_analysis:163 -     Reduced shapes - Train: (76349, 2), Val: (60168, 2), Test: (63653, 2)
2025-07-04 22:56:53.205 | CRITICAL | eval_module:run_evaluation:76 - Start | Training knn
2025-07-04 22:56:53.205 | INFO     | eval_module:run_evaluation:77 - Train shape: X = (76349, 2), Y = (76349,)
2025-07-04 22:56:53.205 | INFO     | eval_module:run_evaluation:78 - Val shape: X = (60168, 2), Y = (60168,)
2025-07-04 22:56:53.205 | INFO     | eval_module:run_evaluation:79 - Test shape: X = (63653, 2), Y = (63653,)
2025-07-04 22:56:53.206 | INFO     | eval_module:run_evaluation:80 - Train prevalence:  0.023955782001074014
2025-07-04 22:56:53.207 | INFO     | eval_module:run_evaluation:81 - Val prevalence:  0.023035500598324692
2025-07-04 22:56:53.207 | INFO     | eval_module:run_evaluation:82 - Test prevalence:  0.024413617582831917
2025-07-04 22:56:53.210 | CRITICAL | eval_module:run_evaluation:91 - Start | Fitting knn...
2025-07-04 23:03:47.376 | INFO     | eval_module:run_evaluation:140 - Best hparams: {'algorithm': 'auto', 'leaf_size': 30, 'metric': 'euclidean', 'metric_params': None, 'n_jobs': None, 'n_neighbors': 5, 'p': 2, 'weights': 'uniform'}
2025-07-04 23:03:47.379 | CRITICAL | eval_module:run_evaluation:143 - Finish | Fitting knn...
2025-07-04 23:03:48.108 | INFO     | eval_module:run_evaluation:154 - Train AUROC: 0.9637746237850436
2025-07-04 23:03:48.109 | INFO     | eval_module:run_evaluation:155 - Val AUROC:   0.5254799166710976
2025-07-04 23:03:48.109 | INFO     | eval_module:run_evaluation:156 - Test AUROC:  0.528251780800131
2025-07-04 23:03:48.299 | INFO     | eval_module:run_evaluation:162 - Train AUPRC: 0.28351486179572477
2025-07-04 23:03:48.300 | INFO     | eval_module:run_evaluation:163 - Val AUPRC:   0.024842458868582162
2025-07-04 23:03:48.300 | INFO     | eval_module:run_evaluation:164 - Test AUPRC:  0.027259944736840347
2025-07-04 23:03:48.300 | INFO     | __main__:run_dimensionality_analysis:182 -     Results: AUROC=0.528, AUPRC=0.027
2025-07-04 23:03:48.300 | INFO     | __main__:run_dimensionality_analysis:149 -     Reducing to 5 dimensions...
2025-07-04 23:03:48.303 | INFO     | reducers:fit_transform:101 - Applying UMAP to reduce from 768 to 5 dimensions
2025-07-04 23:03:48.304 | INFO     | reducers:fit_transform:102 - Using n_neighbors: 15, n_jobs: 16
/home/pvenema/.conda/envs/EHRSHOT_ENV/lib/python3.10/site-packages/umap/umap_.py:1952: UserWarning: n_jobs value 1 overridden to 1 by setting random_state. Use no seed for parallelism.
  warn(
/home/pvenema/.conda/envs/EHRSHOT_ENV/lib/python3.10/site-packages/scipy/sparse/_index.py:146: SparseEfficiencyWarning: Changing the sparsity structure of a csr_matrix is expensive. lil_matrix is more efficient.
  self._set_arrayXarray(i, j, x)
2025-07-04 23:05:52.066 | INFO     | __main__:run_dimensionality_analysis:163 -     Reduced shapes - Train: (76349, 5), Val: (60168, 5), Test: (63653, 5)
2025-07-04 23:05:52.082 | CRITICAL | eval_module:run_evaluation:76 - Start | Training knn
2025-07-04 23:05:52.082 | INFO     | eval_module:run_evaluation:77 - Train shape: X = (76349, 5), Y = (76349,)
2025-07-04 23:05:52.082 | INFO     | eval_module:run_evaluation:78 - Val shape: X = (60168, 5), Y = (60168,)
2025-07-04 23:05:52.082 | INFO     | eval_module:run_evaluation:79 - Test shape: X = (63653, 5), Y = (63653,)
2025-07-04 23:05:52.083 | INFO     | eval_module:run_evaluation:80 - Train prevalence:  0.023955782001074014
2025-07-04 23:05:52.083 | INFO     | eval_module:run_evaluation:81 - Val prevalence:  0.023035500598324692
2025-07-04 23:05:52.083 | INFO     | eval_module:run_evaluation:82 - Test prevalence:  0.024413617582831917
2025-07-04 23:05:52.087 | CRITICAL | eval_module:run_evaluation:91 - Start | Fitting knn...
2025-07-04 23:12:23.301 | INFO     | eval_module:run_evaluation:140 - Best hparams: {'algorithm': 'auto', 'leaf_size': 30, 'metric': 'euclidean', 'metric_params': None, 'n_jobs': None, 'n_neighbors': 5, 'p': 2, 'weights': 'uniform'}
2025-07-04 23:12:23.302 | CRITICAL | eval_module:run_evaluation:143 - Finish | Fitting knn...
2025-07-04 23:12:24.813 | INFO     | eval_module:run_evaluation:154 - Train AUROC: 0.9692880030885475
2025-07-04 23:12:24.814 | INFO     | eval_module:run_evaluation:155 - Val AUROC:   0.5368284312476412
2025-07-04 23:12:24.814 | INFO     | eval_module:run_evaluation:156 - Test AUROC:  0.5353546604693966
2025-07-04 23:12:25.002 | INFO     | eval_module:run_evaluation:162 - Train AUPRC: 0.336984281987729
2025-07-04 23:12:25.003 | INFO     | eval_module:run_evaluation:163 - Val AUPRC:   0.027072082420815588
2025-07-04 23:12:25.003 | INFO     | eval_module:run_evaluation:164 - Test AUPRC:  0.028570635023317307
2025-07-04 23:12:25.003 | INFO     | __main__:run_dimensionality_analysis:182 -     Results: AUROC=0.535, AUPRC=0.029
2025-07-04 23:12:25.003 | INFO     | __main__:run_dimensionality_analysis:149 -     Reducing to 10 dimensions...
2025-07-04 23:12:25.005 | INFO     | reducers:fit_transform:101 - Applying UMAP to reduce from 768 to 10 dimensions
2025-07-04 23:12:25.006 | INFO     | reducers:fit_transform:102 - Using n_neighbors: 15, n_jobs: 16
/home/pvenema/.conda/envs/EHRSHOT_ENV/lib/python3.10/site-packages/umap/umap_.py:1952: UserWarning: n_jobs value 1 overridden to 1 by setting random_state. Use no seed for parallelism.
  warn(
/home/pvenema/.conda/envs/EHRSHOT_ENV/lib/python3.10/site-packages/scipy/sparse/_index.py:146: SparseEfficiencyWarning: Changing the sparsity structure of a csr_matrix is expensive. lil_matrix is more efficient.
  self._set_arrayXarray(i, j, x)
2025-07-04 23:14:39.872 | INFO     | __main__:run_dimensionality_analysis:163 -     Reduced shapes - Train: (76349, 10), Val: (60168, 10), Test: (63653, 10)
2025-07-04 23:14:39.888 | CRITICAL | eval_module:run_evaluation:76 - Start | Training knn
2025-07-04 23:14:39.889 | INFO     | eval_module:run_evaluation:77 - Train shape: X = (76349, 10), Y = (76349,)
2025-07-04 23:14:39.889 | INFO     | eval_module:run_evaluation:78 - Val shape: X = (60168, 10), Y = (60168,)
2025-07-04 23:14:39.889 | INFO     | eval_module:run_evaluation:79 - Test shape: X = (63653, 10), Y = (63653,)
2025-07-04 23:14:39.889 | INFO     | eval_module:run_evaluation:80 - Train prevalence:  0.023955782001074014
2025-07-04 23:14:39.890 | INFO     | eval_module:run_evaluation:81 - Val prevalence:  0.023035500598324692
2025-07-04 23:14:39.890 | INFO     | eval_module:run_evaluation:82 - Test prevalence:  0.024413617582831917
2025-07-04 23:14:39.894 | CRITICAL | eval_module:run_evaluation:91 - Start | Fitting knn...
2025-07-04 23:21:14.219 | INFO     | eval_module:run_evaluation:140 - Best hparams: {'algorithm': 'auto', 'leaf_size': 30, 'metric': 'cosine', 'metric_params': None, 'n_jobs': None, 'n_neighbors': 5, 'p': 2, 'weights': 'distance'}
2025-07-04 23:21:14.220 | CRITICAL | eval_module:run_evaluation:143 - Finish | Fitting knn...
2025-07-04 23:25:17.369 | INFO     | eval_module:run_evaluation:154 - Train AUROC: 0.9925870348799842
2025-07-04 23:25:17.370 | INFO     | eval_module:run_evaluation:155 - Val AUROC:   0.5444774288425408
2025-07-04 23:25:17.370 | INFO     | eval_module:run_evaluation:156 - Test AUROC:  0.5367652811532746
2025-07-04 23:25:17.561 | INFO     | eval_module:run_evaluation:162 - Train AUPRC: 0.9781434916890707
2025-07-04 23:25:17.561 | INFO     | eval_module:run_evaluation:163 - Val AUPRC:   0.02854091573807034
2025-07-04 23:25:17.562 | INFO     | eval_module:run_evaluation:164 - Test AUPRC:  0.029884423209025443
2025-07-04 23:25:17.562 | INFO     | __main__:run_dimensionality_analysis:182 -     Results: AUROC=0.537, AUPRC=0.030
2025-07-04 23:25:17.562 | INFO     | __main__:run_dimensionality_analysis:149 -     Reducing to 25 dimensions...
2025-07-04 23:25:17.564 | INFO     | reducers:fit_transform:101 - Applying UMAP to reduce from 768 to 25 dimensions
2025-07-04 23:25:17.565 | INFO     | reducers:fit_transform:102 - Using n_neighbors: 15, n_jobs: 16
/home/pvenema/.conda/envs/EHRSHOT_ENV/lib/python3.10/site-packages/umap/umap_.py:1952: UserWarning: n_jobs value 1 overridden to 1 by setting random_state. Use no seed for parallelism.
  warn(
/home/pvenema/.conda/envs/EHRSHOT_ENV/lib/python3.10/site-packages/scipy/sparse/_index.py:146: SparseEfficiencyWarning: Changing the sparsity structure of a csr_matrix is expensive. lil_matrix is more efficient.
  self._set_arrayXarray(i, j, x)
2025-07-04 23:28:07.172 | INFO     | __main__:run_dimensionality_analysis:163 -     Reduced shapes - Train: (76349, 25), Val: (60168, 25), Test: (63653, 25)
2025-07-04 23:28:07.187 | CRITICAL | eval_module:run_evaluation:76 - Start | Training knn
2025-07-04 23:28:07.187 | INFO     | eval_module:run_evaluation:77 - Train shape: X = (76349, 25), Y = (76349,)
2025-07-04 23:28:07.188 | INFO     | eval_module:run_evaluation:78 - Val shape: X = (60168, 25), Y = (60168,)
2025-07-04 23:28:07.188 | INFO     | eval_module:run_evaluation:79 - Test shape: X = (63653, 25), Y = (63653,)
2025-07-04 23:28:07.188 | INFO     | eval_module:run_evaluation:80 - Train prevalence:  0.023955782001074014
2025-07-04 23:28:07.188 | INFO     | eval_module:run_evaluation:81 - Val prevalence:  0.023035500598324692
2025-07-04 23:28:07.188 | INFO     | eval_module:run_evaluation:82 - Test prevalence:  0.024413617582831917
2025-07-04 23:28:07.193 | CRITICAL | eval_module:run_evaluation:91 - Start | Fitting knn...
2025-07-04 23:37:21.149 | INFO     | eval_module:run_evaluation:140 - Best hparams: {'algorithm': 'auto', 'leaf_size': 30, 'metric': 'euclidean', 'metric_params': None, 'n_jobs': None, 'n_neighbors': 5, 'p': 2, 'weights': 'distance'}
2025-07-04 23:37:21.150 | CRITICAL | eval_module:run_evaluation:143 - Finish | Fitting knn...
2025-07-04 23:37:22.971 | INFO     | eval_module:run_evaluation:154 - Train AUROC: 1.0
2025-07-04 23:37:22.972 | INFO     | eval_module:run_evaluation:155 - Val AUROC:   0.5355100863547326
2025-07-04 23:37:22.972 | INFO     | eval_module:run_evaluation:156 - Test AUROC:  0.5340327168456447
2025-07-04 23:37:23.163 | INFO     | eval_module:run_evaluation:162 - Train AUPRC: 1.0
2025-07-04 23:37:23.163 | INFO     | eval_module:run_evaluation:163 - Val AUPRC:   0.0276144489853725
2025-07-04 23:37:23.163 | INFO     | eval_module:run_evaluation:164 - Test AUPRC:  0.02970132808812187
2025-07-04 23:37:23.163 | INFO     | __main__:run_dimensionality_analysis:182 -     Results: AUROC=0.534, AUPRC=0.030
2025-07-04 23:37:23.164 | INFO     | __main__:run_dimensionality_analysis:149 -     Reducing to 50 dimensions...
2025-07-04 23:37:23.166 | INFO     | reducers:fit_transform:101 - Applying UMAP to reduce from 768 to 50 dimensions
2025-07-04 23:37:23.166 | INFO     | reducers:fit_transform:102 - Using n_neighbors: 15, n_jobs: 16
/home/pvenema/.conda/envs/EHRSHOT_ENV/lib/python3.10/site-packages/umap/umap_.py:1952: UserWarning: n_jobs value 1 overridden to 1 by setting random_state. Use no seed for parallelism.
  warn(
/home/pvenema/.conda/envs/EHRSHOT_ENV/lib/python3.10/site-packages/scipy/sparse/_index.py:146: SparseEfficiencyWarning: Changing the sparsity structure of a csr_matrix is expensive. lil_matrix is more efficient.
  self._set_arrayXarray(i, j, x)
2025-07-04 23:40:27.854 | INFO     | __main__:run_dimensionality_analysis:163 -     Reduced shapes - Train: (76349, 50), Val: (60168, 50), Test: (63653, 50)
2025-07-04 23:40:27.869 | CRITICAL | eval_module:run_evaluation:76 - Start | Training knn
2025-07-04 23:40:27.870 | INFO     | eval_module:run_evaluation:77 - Train shape: X = (76349, 50), Y = (76349,)
2025-07-04 23:40:27.870 | INFO     | eval_module:run_evaluation:78 - Val shape: X = (60168, 50), Y = (60168,)
2025-07-04 23:40:27.870 | INFO     | eval_module:run_evaluation:79 - Test shape: X = (63653, 50), Y = (63653,)
2025-07-04 23:40:27.870 | INFO     | eval_module:run_evaluation:80 - Train prevalence:  0.023955782001074014
2025-07-04 23:40:27.870 | INFO     | eval_module:run_evaluation:81 - Val prevalence:  0.023035500598324692
2025-07-04 23:40:27.870 | INFO     | eval_module:run_evaluation:82 - Test prevalence:  0.024413617582831917
2025-07-04 23:40:27.876 | CRITICAL | eval_module:run_evaluation:91 - Start | Fitting knn...
2025-07-04 23:50:50.294 | INFO     | eval_module:run_evaluation:140 - Best hparams: {'algorithm': 'auto', 'leaf_size': 30, 'metric': 'cosine', 'metric_params': None, 'n_jobs': None, 'n_neighbors': 5, 'p': 2, 'weights': 'uniform'}
2025-07-04 23:50:50.295 | CRITICAL | eval_module:run_evaluation:143 - Finish | Fitting knn...
2025-07-04 23:54:59.992 | INFO     | eval_module:run_evaluation:154 - Train AUROC: 0.9613230708977771
2025-07-04 23:54:59.993 | INFO     | eval_module:run_evaluation:155 - Val AUROC:   0.5380722780181798
2025-07-04 23:54:59.993 | INFO     | eval_module:run_evaluation:156 - Test AUROC:  0.5419136489886422
2025-07-04 23:55:00.183 | INFO     | eval_module:run_evaluation:162 - Train AUPRC: 0.3281293768928784
2025-07-04 23:55:00.183 | INFO     | eval_module:run_evaluation:163 - Val AUPRC:   0.026458588613874522
2025-07-04 23:55:00.184 | INFO     | eval_module:run_evaluation:164 - Test AUPRC:  0.02878386491171529
2025-07-04 23:55:00.184 | INFO     | __main__:run_dimensionality_analysis:182 -     Results: AUROC=0.542, AUPRC=0.029
2025-07-04 23:55:00.184 | INFO     | __main__:run_dimensionality_analysis:149 -     Reducing to 100 dimensions...
2025-07-04 23:55:00.187 | INFO     | reducers:fit_transform:101 - Applying UMAP to reduce from 768 to 100 dimensions
2025-07-04 23:55:00.187 | INFO     | reducers:fit_transform:102 - Using n_neighbors: 15, n_jobs: 16
/home/pvenema/.conda/envs/EHRSHOT_ENV/lib/python3.10/site-packages/umap/umap_.py:1952: UserWarning: n_jobs value 1 overridden to 1 by setting random_state. Use no seed for parallelism.
  warn(
/home/pvenema/.conda/envs/EHRSHOT_ENV/lib/python3.10/site-packages/scipy/sparse/_index.py:146: SparseEfficiencyWarning: Changing the sparsity structure of a csr_matrix is expensive. lil_matrix is more efficient.
  self._set_arrayXarray(i, j, x)
2025-07-04 23:58:52.500 | INFO     | __main__:run_dimensionality_analysis:163 -     Reduced shapes - Train: (76349, 100), Val: (60168, 100), Test: (63653, 100)
2025-07-04 23:58:52.516 | CRITICAL | eval_module:run_evaluation:76 - Start | Training knn
2025-07-04 23:58:52.516 | INFO     | eval_module:run_evaluation:77 - Train shape: X = (76349, 100), Y = (76349,)
2025-07-04 23:58:52.516 | INFO     | eval_module:run_evaluation:78 - Val shape: X = (60168, 100), Y = (60168,)
2025-07-04 23:58:52.516 | INFO     | eval_module:run_evaluation:79 - Test shape: X = (63653, 100), Y = (63653,)
2025-07-04 23:58:52.517 | INFO     | eval_module:run_evaluation:80 - Train prevalence:  0.023955782001074014
2025-07-04 23:58:52.517 | INFO     | eval_module:run_evaluation:81 - Val prevalence:  0.023035500598324692
2025-07-04 23:58:52.517 | INFO     | eval_module:run_evaluation:82 - Test prevalence:  0.024413617582831917
2025-07-04 23:58:52.525 | CRITICAL | eval_module:run_evaluation:91 - Start | Fitting knn...
2025-07-05 00:11:17.696 | INFO     | eval_module:run_evaluation:140 - Best hparams: {'algorithm': 'auto', 'leaf_size': 30, 'metric': 'euclidean', 'metric_params': None, 'n_jobs': None, 'n_neighbors': 5, 'p': 2, 'weights': 'uniform'}
2025-07-05 00:11:17.698 | CRITICAL | eval_module:run_evaluation:143 - Finish | Fitting knn...
2025-07-05 00:11:20.774 | INFO     | eval_module:run_evaluation:154 - Train AUROC: 0.9701167772633134
2025-07-05 00:11:20.774 | INFO     | eval_module:run_evaluation:155 - Val AUROC:   0.5404546591134322
2025-07-05 00:11:20.774 | INFO     | eval_module:run_evaluation:156 - Test AUROC:  0.5381270892994109
2025-07-05 00:11:20.963 | INFO     | eval_module:run_evaluation:162 - Train AUPRC: 0.3504427545693958
2025-07-05 00:11:20.963 | INFO     | eval_module:run_evaluation:163 - Val AUPRC:   0.02729366185980465
2025-07-05 00:11:20.963 | INFO     | eval_module:run_evaluation:164 - Test AUPRC:  0.02845551193141869
2025-07-05 00:11:20.963 | INFO     | __main__:run_dimensionality_analysis:182 -     Results: AUROC=0.538, AUPRC=0.028
2025-07-05 00:11:20.963 | INFO     | __main__:run_dimensionality_analysis:149 -     Reducing to 200 dimensions...
2025-07-05 00:11:20.966 | INFO     | reducers:fit_transform:101 - Applying UMAP to reduce from 768 to 200 dimensions
2025-07-05 00:11:20.966 | INFO     | reducers:fit_transform:102 - Using n_neighbors: 15, n_jobs: 16
/home/pvenema/.conda/envs/EHRSHOT_ENV/lib/python3.10/site-packages/umap/umap_.py:1952: UserWarning: n_jobs value 1 overridden to 1 by setting random_state. Use no seed for parallelism.
  warn(
/home/pvenema/.conda/envs/EHRSHOT_ENV/lib/python3.10/site-packages/scipy/sparse/_index.py:146: SparseEfficiencyWarning: Changing the sparsity structure of a csr_matrix is expensive. lil_matrix is more efficient.
  self._set_arrayXarray(i, j, x)
2025-07-05 00:17:32.940 | INFO     | __main__:run_dimensionality_analysis:163 -     Reduced shapes - Train: (76349, 200), Val: (60168, 200), Test: (63653, 200)
2025-07-05 00:17:32.956 | CRITICAL | eval_module:run_evaluation:76 - Start | Training knn
2025-07-05 00:17:32.956 | INFO     | eval_module:run_evaluation:77 - Train shape: X = (76349, 200), Y = (76349,)
2025-07-05 00:17:32.956 | INFO     | eval_module:run_evaluation:78 - Val shape: X = (60168, 200), Y = (60168,)
2025-07-05 00:17:32.956 | INFO     | eval_module:run_evaluation:79 - Test shape: X = (63653, 200), Y = (63653,)
2025-07-05 00:17:32.956 | INFO     | eval_module:run_evaluation:80 - Train prevalence:  0.023955782001074014
2025-07-05 00:17:32.957 | INFO     | eval_module:run_evaluation:81 - Val prevalence:  0.023035500598324692
2025-07-05 00:17:32.957 | INFO     | eval_module:run_evaluation:82 - Test prevalence:  0.024413617582831917
2025-07-05 00:17:32.968 | CRITICAL | eval_module:run_evaluation:91 - Start | Fitting knn...
slurmstepd: error: *** JOB 12964876 ON tcn797 CANCELLED AT 2025-07-05T00:21:47 DUE TO TIME LIMIT ***
