2025-07-05 12:23:26.329 | INFO     | evaluator:<module>:48 - Using 128 parallel jobs for scikit-learn operations
2025-07-05 12:23:26.823 | INFO     | __main__:main:533 - Starting EHRSHOT dimensionality reduction analysis
2025-07-05 12:23:26.824 | INFO     | __main__:main:534 - Arguments: {'path_to_database': '../EHRSHOT_ASSETS/femr/extract', 'path_to_labels_dir': '../EHRSHOT_ASSETS/benchmark', 'path_to_features_dir': '../EHRSHOT_ASSETS/features', 'path_to_split_csv': '../EHRSHOT_ASSETS/splits/person_id_map.csv', 'tasks': ['guo_los', 'guo_readmission', 'guo_icu', 'lab_thrombocytopenia', 'lab_hyperkalemia', 'lab_hypoglycemia', 'lab_hyponatremia', 'lab_anemia', 'new_hypertension', 'new_hyperlipidemia', 'new_pancan', 'new_celiac', 'new_lupus', 'new_acutemi'], 'models': ['clmbr', 'clinicalbert_type3_clinicalbert_pool'], 'dimensions': [2, 5, 10, 25, 50, 100, 200, 400], 'methods': ['pca', 'umap'], 'output_dir': '../EHRSHOT_ASSETS/dimensionality_analysis', 'skip_baseline': True}
2025-07-05 12:23:26.825 | INFO     | __main__:run_dimensionality_analysis:210 - Total combinations to process: 448
2025-07-05 12:23:26.825 | INFO     | __main__:run_dimensionality_analysis:211 - Already completed: 0
2025-07-05 12:23:26.825 | INFO     | __main__:run_dimensionality_analysis:212 - Remaining: 448
2025-07-05 12:23:26.825 | INFO     | __main__:run_dimensionality_analysis:215 - 🚫 Skipping baseline evaluation (--skip-baseline enabled)
2025-07-05 12:23:26.826 | INFO     | __main__:run_dimensionality_analysis:232 - Starting dimensionality analysis for 14 tasks, 2 models
2025-07-05 12:23:26.826 | INFO     | __main__:run_dimensionality_analysis:233 - Testing dimensions: [2, 5, 10, 25, 50, 100, 200, 400]
2025-07-05 12:23:26.826 | INFO     | __main__:run_dimensionality_analysis:234 - Using methods: ['pca', 'umap']
2025-07-05 12:23:26.826 | INFO     | __main__:run_dimensionality_analysis:237 - 
==================================================
2025-07-05 12:23:26.826 | INFO     | __main__:run_dimensionality_analysis:238 - Processing task 1/14: guo_los
2025-07-05 12:23:26.826 | INFO     | __main__:run_dimensionality_analysis:239 - ==================================================
2025-07-05 12:23:26.850 | INFO     | __main__:run_dimensionality_analysis:245 - Loaded labeled patients for guo_los
2025-07-05 12:23:46.405 | INFO     | __main__:run_dimensionality_analysis:262 - 
Processing model 1/2: clmbr
2025-07-05 12:23:46.409 | INFO     | __main__:run_dimensionality_analysis:281 - Data shapes - Train: (2569, 768), Val: (2231, 768), Test: (2195, 768)
2025-07-05 12:23:46.409 | INFO     | __main__:run_dimensionality_analysis:282 - Label distribution - Train: 0.265, Val: 0.239, Test: 0.251
2025-07-05 12:23:46.409 | INFO     | __main__:run_dimensionality_analysis:311 -   🚫 Skipping baseline evaluation (--skip-baseline enabled)
2025-07-05 12:23:46.409 | INFO     | __main__:run_dimensionality_analysis:314 - 
  Testing method 1/2: pca
2025-07-05 12:23:46.409 | INFO     | __main__:run_dimensionality_analysis:329 -     Reducing to 2 dimensions... (1/8)
2025-07-05 12:23:46.410 | INFO     | reducers:fit_transform:55 - Applying PCA to reduce from 768 to 2 dimensions
2025-07-05 12:23:46.469 | INFO     | __main__:run_dimensionality_analysis:343 -     Reduced shapes - Train: (2569, 2), Val: (2231, 2), Test: (2195, 2)
2025-07-05 12:23:46.469 | CRITICAL | eval_module:run_evaluation:76 - Start | Training knn
2025-07-05 12:23:46.470 | INFO     | eval_module:run_evaluation:77 - Train shape: X = (2569, 2), Y = (2569,)
2025-07-05 12:23:46.470 | INFO     | eval_module:run_evaluation:78 - Val shape: X = (2231, 2), Y = (2231,)
2025-07-05 12:23:46.470 | INFO     | eval_module:run_evaluation:79 - Test shape: X = (2195, 2), Y = (2195,)
2025-07-05 12:23:46.470 | INFO     | eval_module:run_evaluation:80 - Train prevalence:  0.26508369015181005
2025-07-05 12:23:46.470 | INFO     | eval_module:run_evaluation:81 - Val prevalence:  0.23935454952935903
2025-07-05 12:23:46.472 | INFO     | eval_module:run_evaluation:82 - Test prevalence:  0.25148063781321184
2025-07-05 12:23:46.472 | CRITICAL | eval_module:run_evaluation:91 - Start | Fitting knn...
2025-07-05 12:24:17.131 | INFO     | eval_module:run_evaluation:140 - Best hparams: {'algorithm': 'auto', 'leaf_size': 30, 'metric': 'cosine', 'metric_params': None, 'n_jobs': None, 'n_neighbors': 5, 'p': 2, 'weights': 'uniform'}
2025-07-05 12:24:17.132 | CRITICAL | eval_module:run_evaluation:143 - Finish | Fitting knn...
2025-07-05 12:24:17.496 | INFO     | eval_module:run_evaluation:154 - Train AUROC: 0.8010115669877299
2025-07-05 12:24:17.496 | INFO     | eval_module:run_evaluation:155 - Val AUROC:   0.5738685143864807
2025-07-05 12:24:17.497 | INFO     | eval_module:run_evaluation:156 - Test AUROC:  0.531755824005222
2025-07-05 12:24:17.498 | INFO     | eval_module:run_evaluation:162 - Train AUPRC: 0.5400119353886951
2025-07-05 12:24:17.499 | INFO     | eval_module:run_evaluation:163 - Val AUPRC:   0.27639574861582206
2025-07-05 12:24:17.499 | INFO     | eval_module:run_evaluation:164 - Test AUPRC:  0.267738340596753
2025-07-05 12:24:17.499 | INFO     | __main__:run_dimensionality_analysis:363 -     Results: AUROC=0.532, AUPRC=0.268
2025-07-05 12:24:17.499 | INFO     | __main__:run_dimensionality_analysis:368 -     Progress: 29/448 (6.5%) - ETA: 0h 12m
2025-07-05 12:24:17.499 | INFO     | __main__:run_dimensionality_analysis:329 -     Reducing to 5 dimensions... (2/8)
2025-07-05 12:24:17.499 | INFO     | reducers:fit_transform:55 - Applying PCA to reduce from 768 to 5 dimensions
2025-07-05 12:24:17.552 | INFO     | __main__:run_dimensionality_analysis:343 -     Reduced shapes - Train: (2569, 5), Val: (2231, 5), Test: (2195, 5)
2025-07-05 12:24:17.552 | CRITICAL | eval_module:run_evaluation:76 - Start | Training knn
2025-07-05 12:24:17.553 | INFO     | eval_module:run_evaluation:77 - Train shape: X = (2569, 5), Y = (2569,)
2025-07-05 12:24:17.553 | INFO     | eval_module:run_evaluation:78 - Val shape: X = (2231, 5), Y = (2231,)
2025-07-05 12:24:17.553 | INFO     | eval_module:run_evaluation:79 - Test shape: X = (2195, 5), Y = (2195,)
2025-07-05 12:24:17.553 | INFO     | eval_module:run_evaluation:80 - Train prevalence:  0.26508369015181005
2025-07-05 12:24:17.553 | INFO     | eval_module:run_evaluation:81 - Val prevalence:  0.23935454952935903
2025-07-05 12:24:17.553 | INFO     | eval_module:run_evaluation:82 - Test prevalence:  0.25148063781321184
2025-07-05 12:24:17.554 | CRITICAL | eval_module:run_evaluation:91 - Start | Fitting knn...
2025-07-05 12:24:22.847 | INFO     | eval_module:run_evaluation:140 - Best hparams: {'algorithm': 'auto', 'leaf_size': 30, 'metric': 'euclidean', 'metric_params': None, 'n_jobs': None, 'n_neighbors': 5, 'p': 2, 'weights': 'distance'}
2025-07-05 12:24:22.847 | CRITICAL | eval_module:run_evaluation:143 - Finish | Fitting knn...
2025-07-05 12:24:22.902 | INFO     | eval_module:run_evaluation:154 - Train AUROC: 1.0
2025-07-05 12:24:22.903 | INFO     | eval_module:run_evaluation:155 - Val AUROC:   0.6446643007378078
2025-07-05 12:24:22.903 | INFO     | eval_module:run_evaluation:156 - Test AUROC:  0.6321510007321355
2025-07-05 12:24:22.905 | INFO     | eval_module:run_evaluation:162 - Train AUPRC: 1.0
2025-07-05 12:24:22.905 | INFO     | eval_module:run_evaluation:163 - Val AUPRC:   0.33990478672926566
2025-07-05 12:24:22.905 | INFO     | eval_module:run_evaluation:164 - Test AUPRC:  0.34289488847986765
2025-07-05 12:24:22.905 | INFO     | __main__:run_dimensionality_analysis:363 -     Results: AUROC=0.632, AUPRC=0.343
2025-07-05 12:24:22.905 | INFO     | __main__:run_dimensionality_analysis:368 -     Progress: 30/448 (6.7%) - ETA: 0h 13m
2025-07-05 12:24:22.911 | INFO     | __main__:save_checkpoint:90 - Saved 4 results to ../EHRSHOT_ASSETS/dimensionality_analysis/dimensionality_results.csv
2025-07-05 12:24:22.912 | INFO     | __main__:save_checkpoint:112 - Checkpoint saved: 30 combinations completed
2025-07-05 12:24:22.912 | INFO     | __main__:run_dimensionality_analysis:329 -     Reducing to 10 dimensions... (3/8)
2025-07-05 12:24:22.912 | INFO     | reducers:fit_transform:55 - Applying PCA to reduce from 768 to 10 dimensions
2025-07-05 12:24:22.967 | INFO     | __main__:run_dimensionality_analysis:343 -     Reduced shapes - Train: (2569, 10), Val: (2231, 10), Test: (2195, 10)
2025-07-05 12:24:22.968 | CRITICAL | eval_module:run_evaluation:76 - Start | Training knn
2025-07-05 12:24:22.968 | INFO     | eval_module:run_evaluation:77 - Train shape: X = (2569, 10), Y = (2569,)
2025-07-05 12:24:22.968 | INFO     | eval_module:run_evaluation:78 - Val shape: X = (2231, 10), Y = (2231,)
2025-07-05 12:24:22.968 | INFO     | eval_module:run_evaluation:79 - Test shape: X = (2195, 10), Y = (2195,)
2025-07-05 12:24:22.968 | INFO     | eval_module:run_evaluation:80 - Train prevalence:  0.26508369015181005
2025-07-05 12:24:22.968 | INFO     | eval_module:run_evaluation:81 - Val prevalence:  0.23935454952935903
2025-07-05 12:24:22.968 | INFO     | eval_module:run_evaluation:82 - Test prevalence:  0.25148063781321184
2025-07-05 12:24:22.969 | CRITICAL | eval_module:run_evaluation:91 - Start | Fitting knn...
2025-07-05 12:24:28.462 | INFO     | eval_module:run_evaluation:140 - Best hparams: {'algorithm': 'auto', 'leaf_size': 30, 'metric': 'euclidean', 'metric_params': None, 'n_jobs': None, 'n_neighbors': 5, 'p': 2, 'weights': 'distance'}
2025-07-05 12:24:28.463 | CRITICAL | eval_module:run_evaluation:143 - Finish | Fitting knn...
2025-07-05 12:24:28.586 | INFO     | eval_module:run_evaluation:154 - Train AUROC: 1.0
2025-07-05 12:24:28.587 | INFO     | eval_module:run_evaluation:155 - Val AUROC:   0.7072234765470681
2025-07-05 12:24:28.587 | INFO     | eval_module:run_evaluation:156 - Test AUROC:  0.7027111064066263
2025-07-05 12:24:28.589 | INFO     | eval_module:run_evaluation:162 - Train AUPRC: 1.0
2025-07-05 12:24:28.589 | INFO     | eval_module:run_evaluation:163 - Val AUPRC:   0.40187317670725414
2025-07-05 12:24:28.589 | INFO     | eval_module:run_evaluation:164 - Test AUPRC:  0.44594136065437984
2025-07-05 12:24:28.589 | INFO     | __main__:run_dimensionality_analysis:363 -     Results: AUROC=0.703, AUPRC=0.446
2025-07-05 12:24:28.589 | INFO     | __main__:run_dimensionality_analysis:368 -     Progress: 31/448 (6.9%) - ETA: 0h 13m
2025-07-05 12:24:28.589 | INFO     | __main__:run_dimensionality_analysis:329 -     Reducing to 25 dimensions... (4/8)
2025-07-05 12:24:28.590 | INFO     | reducers:fit_transform:55 - Applying PCA to reduce from 768 to 25 dimensions
2025-07-05 12:24:28.659 | INFO     | __main__:run_dimensionality_analysis:343 -     Reduced shapes - Train: (2569, 25), Val: (2231, 25), Test: (2195, 25)
2025-07-05 12:24:28.659 | CRITICAL | eval_module:run_evaluation:76 - Start | Training knn
2025-07-05 12:24:28.660 | INFO     | eval_module:run_evaluation:77 - Train shape: X = (2569, 25), Y = (2569,)
2025-07-05 12:24:28.660 | INFO     | eval_module:run_evaluation:78 - Val shape: X = (2231, 25), Y = (2231,)
2025-07-05 12:24:28.660 | INFO     | eval_module:run_evaluation:79 - Test shape: X = (2195, 25), Y = (2195,)
2025-07-05 12:24:28.660 | INFO     | eval_module:run_evaluation:80 - Train prevalence:  0.26508369015181005
2025-07-05 12:24:28.660 | INFO     | eval_module:run_evaluation:81 - Val prevalence:  0.23935454952935903
2025-07-05 12:24:28.660 | INFO     | eval_module:run_evaluation:82 - Test prevalence:  0.25148063781321184
2025-07-05 12:24:28.661 | CRITICAL | eval_module:run_evaluation:91 - Start | Fitting knn...
2025-07-05 12:24:34.485 | INFO     | eval_module:run_evaluation:140 - Best hparams: {'algorithm': 'auto', 'leaf_size': 30, 'metric': 'cosine', 'metric_params': None, 'n_jobs': None, 'n_neighbors': 5, 'p': 2, 'weights': 'distance'}
2025-07-05 12:24:34.485 | CRITICAL | eval_module:run_evaluation:143 - Finish | Fitting knn...
2025-07-05 12:24:34.880 | INFO     | eval_module:run_evaluation:154 - Train AUROC: 1.0
2025-07-05 12:24:34.880 | INFO     | eval_module:run_evaluation:155 - Val AUROC:   0.7356521422470587
2025-07-05 12:24:34.880 | INFO     | eval_module:run_evaluation:156 - Test AUROC:  0.7331465505835032
2025-07-05 12:24:34.883 | INFO     | eval_module:run_evaluation:162 - Train AUPRC: 1.0
2025-07-05 12:24:34.883 | INFO     | eval_module:run_evaluation:163 - Val AUPRC:   0.4485613807857861
2025-07-05 12:24:34.883 | INFO     | eval_module:run_evaluation:164 - Test AUPRC:  0.47876200802530966
2025-07-05 12:24:34.883 | INFO     | __main__:run_dimensionality_analysis:363 -     Results: AUROC=0.733, AUPRC=0.479
2025-07-05 12:24:34.883 | INFO     | __main__:run_dimensionality_analysis:368 -     Progress: 32/448 (7.1%) - ETA: 0h 14m
2025-07-05 12:24:34.883 | INFO     | __main__:run_dimensionality_analysis:329 -     Reducing to 50 dimensions... (5/8)
2025-07-05 12:24:34.883 | INFO     | reducers:fit_transform:55 - Applying PCA to reduce from 768 to 50 dimensions
2025-07-05 12:24:34.968 | INFO     | __main__:run_dimensionality_analysis:343 -     Reduced shapes - Train: (2569, 50), Val: (2231, 50), Test: (2195, 50)
2025-07-05 12:24:34.968 | CRITICAL | eval_module:run_evaluation:76 - Start | Training knn
2025-07-05 12:24:34.969 | INFO     | eval_module:run_evaluation:77 - Train shape: X = (2569, 50), Y = (2569,)
2025-07-05 12:24:34.969 | INFO     | eval_module:run_evaluation:78 - Val shape: X = (2231, 50), Y = (2231,)
2025-07-05 12:24:34.969 | INFO     | eval_module:run_evaluation:79 - Test shape: X = (2195, 50), Y = (2195,)
2025-07-05 12:24:34.969 | INFO     | eval_module:run_evaluation:80 - Train prevalence:  0.26508369015181005
2025-07-05 12:24:34.969 | INFO     | eval_module:run_evaluation:81 - Val prevalence:  0.23935454952935903
2025-07-05 12:24:34.969 | INFO     | eval_module:run_evaluation:82 - Test prevalence:  0.25148063781321184
2025-07-05 12:24:34.970 | CRITICAL | eval_module:run_evaluation:91 - Start | Fitting knn...
2025-07-05 12:24:40.995 | INFO     | eval_module:run_evaluation:140 - Best hparams: {'algorithm': 'auto', 'leaf_size': 30, 'metric': 'cosine', 'metric_params': None, 'n_jobs': None, 'n_neighbors': 5, 'p': 2, 'weights': 'distance'}
2025-07-05 12:24:40.995 | CRITICAL | eval_module:run_evaluation:143 - Finish | Fitting knn...
2025-07-05 12:24:41.388 | INFO     | eval_module:run_evaluation:154 - Train AUROC: 1.0
2025-07-05 12:24:41.389 | INFO     | eval_module:run_evaluation:155 - Val AUROC:   0.7416072425672977
2025-07-05 12:24:41.389 | INFO     | eval_module:run_evaluation:156 - Test AUROC:  0.7524654440886678
2025-07-05 12:24:41.391 | INFO     | eval_module:run_evaluation:162 - Train AUPRC: 1.0
2025-07-05 12:24:41.391 | INFO     | eval_module:run_evaluation:163 - Val AUPRC:   0.4641054922052711
2025-07-05 12:24:41.391 | INFO     | eval_module:run_evaluation:164 - Test AUPRC:  0.4992837809189627
2025-07-05 12:24:41.391 | INFO     | __main__:run_dimensionality_analysis:363 -     Results: AUROC=0.752, AUPRC=0.499
2025-07-05 12:24:41.391 | INFO     | __main__:run_dimensionality_analysis:368 -     Progress: 33/448 (7.4%) - ETA: 0h 15m
2025-07-05 12:24:41.391 | INFO     | __main__:run_dimensionality_analysis:329 -     Reducing to 100 dimensions... (6/8)
2025-07-05 12:24:41.392 | INFO     | reducers:fit_transform:55 - Applying PCA to reduce from 768 to 100 dimensions
2025-07-05 12:24:41.494 | INFO     | __main__:run_dimensionality_analysis:343 -     Reduced shapes - Train: (2569, 100), Val: (2231, 100), Test: (2195, 100)
2025-07-05 12:24:41.494 | CRITICAL | eval_module:run_evaluation:76 - Start | Training knn
2025-07-05 12:24:41.494 | INFO     | eval_module:run_evaluation:77 - Train shape: X = (2569, 100), Y = (2569,)
2025-07-05 12:24:41.495 | INFO     | eval_module:run_evaluation:78 - Val shape: X = (2231, 100), Y = (2231,)
2025-07-05 12:24:41.495 | INFO     | eval_module:run_evaluation:79 - Test shape: X = (2195, 100), Y = (2195,)
2025-07-05 12:24:41.495 | INFO     | eval_module:run_evaluation:80 - Train prevalence:  0.26508369015181005
2025-07-05 12:24:41.495 | INFO     | eval_module:run_evaluation:81 - Val prevalence:  0.23935454952935903
2025-07-05 12:24:41.495 | INFO     | eval_module:run_evaluation:82 - Test prevalence:  0.25148063781321184
2025-07-05 12:24:41.496 | CRITICAL | eval_module:run_evaluation:91 - Start | Fitting knn...
2025-07-05 12:24:47.714 | INFO     | eval_module:run_evaluation:140 - Best hparams: {'algorithm': 'auto', 'leaf_size': 30, 'metric': 'euclidean', 'metric_params': None, 'n_jobs': None, 'n_neighbors': 5, 'p': 2, 'weights': 'distance'}
2025-07-05 12:24:47.714 | CRITICAL | eval_module:run_evaluation:143 - Finish | Fitting knn...
2025-07-05 12:24:47.825 | INFO     | eval_module:run_evaluation:154 - Train AUROC: 1.0
2025-07-05 12:24:47.825 | INFO     | eval_module:run_evaluation:155 - Val AUROC:   0.7425899196422857
2025-07-05 12:24:47.825 | INFO     | eval_module:run_evaluation:156 - Test AUROC:  0.7527543288611325
2025-07-05 12:24:47.827 | INFO     | eval_module:run_evaluation:162 - Train AUPRC: 1.0
2025-07-05 12:24:47.828 | INFO     | eval_module:run_evaluation:163 - Val AUPRC:   0.4614728478453217
2025-07-05 12:24:47.828 | INFO     | eval_module:run_evaluation:164 - Test AUPRC:  0.49878032706017716
2025-07-05 12:24:47.828 | INFO     | __main__:run_dimensionality_analysis:363 -     Results: AUROC=0.753, AUPRC=0.499
2025-07-05 12:24:47.828 | INFO     | __main__:run_dimensionality_analysis:368 -     Progress: 34/448 (7.6%) - ETA: 0h 16m
2025-07-05 12:24:47.828 | INFO     | __main__:run_dimensionality_analysis:329 -     Reducing to 200 dimensions... (7/8)
2025-07-05 12:24:47.828 | INFO     | reducers:fit_transform:55 - Applying PCA to reduce from 768 to 200 dimensions
2025-07-05 12:24:48.042 | INFO     | __main__:run_dimensionality_analysis:343 -     Reduced shapes - Train: (2569, 200), Val: (2231, 200), Test: (2195, 200)
2025-07-05 12:24:48.042 | CRITICAL | eval_module:run_evaluation:76 - Start | Training knn
2025-07-05 12:24:48.043 | INFO     | eval_module:run_evaluation:77 - Train shape: X = (2569, 200), Y = (2569,)
2025-07-05 12:24:48.043 | INFO     | eval_module:run_evaluation:78 - Val shape: X = (2231, 200), Y = (2231,)
2025-07-05 12:24:48.043 | INFO     | eval_module:run_evaluation:79 - Test shape: X = (2195, 200), Y = (2195,)
2025-07-05 12:24:48.043 | INFO     | eval_module:run_evaluation:80 - Train prevalence:  0.26508369015181005
2025-07-05 12:24:48.043 | INFO     | eval_module:run_evaluation:81 - Val prevalence:  0.23935454952935903
2025-07-05 12:24:48.043 | INFO     | eval_module:run_evaluation:82 - Test prevalence:  0.25148063781321184
2025-07-05 12:24:48.044 | CRITICAL | eval_module:run_evaluation:91 - Start | Fitting knn...
2025-07-05 12:24:54.741 | INFO     | eval_module:run_evaluation:140 - Best hparams: {'algorithm': 'auto', 'leaf_size': 30, 'metric': 'cosine', 'metric_params': None, 'n_jobs': None, 'n_neighbors': 5, 'p': 2, 'weights': 'distance'}
2025-07-05 12:24:54.741 | CRITICAL | eval_module:run_evaluation:143 - Finish | Fitting knn...
2025-07-05 12:24:55.125 | INFO     | eval_module:run_evaluation:154 - Train AUROC: 1.0
2025-07-05 12:24:55.126 | INFO     | eval_module:run_evaluation:155 - Val AUROC:   0.7374955583658318
2025-07-05 12:24:55.126 | INFO     | eval_module:run_evaluation:156 - Test AUROC:  0.7403521306905889
2025-07-05 12:24:55.128 | INFO     | eval_module:run_evaluation:162 - Train AUPRC: 1.0
2025-07-05 12:24:55.128 | INFO     | eval_module:run_evaluation:163 - Val AUPRC:   0.47183932077322455
2025-07-05 12:24:55.128 | INFO     | eval_module:run_evaluation:164 - Test AUPRC:  0.4863301055345796
2025-07-05 12:24:55.128 | INFO     | __main__:run_dimensionality_analysis:363 -     Results: AUROC=0.740, AUPRC=0.486
2025-07-05 12:24:55.129 | INFO     | __main__:run_dimensionality_analysis:368 -     Progress: 35/448 (7.8%) - ETA: 0h 17m
2025-07-05 12:24:55.131 | INFO     | __main__:save_checkpoint:90 - Saved 14 results to ../EHRSHOT_ASSETS/dimensionality_analysis/dimensionality_results.csv
2025-07-05 12:24:55.132 | INFO     | __main__:save_checkpoint:112 - Checkpoint saved: 35 combinations completed
2025-07-05 12:24:55.132 | INFO     | __main__:run_dimensionality_analysis:329 -     Reducing to 400 dimensions... (8/8)
2025-07-05 12:24:55.133 | INFO     | reducers:fit_transform:55 - Applying PCA to reduce from 768 to 400 dimensions
2025-07-05 12:24:55.502 | INFO     | __main__:run_dimensionality_analysis:343 -     Reduced shapes - Train: (2569, 400), Val: (2231, 400), Test: (2195, 400)
2025-07-05 12:24:55.502 | CRITICAL | eval_module:run_evaluation:76 - Start | Training knn
2025-07-05 12:24:55.502 | INFO     | eval_module:run_evaluation:77 - Train shape: X = (2569, 400), Y = (2569,)
2025-07-05 12:24:55.502 | INFO     | eval_module:run_evaluation:78 - Val shape: X = (2231, 400), Y = (2231,)
2025-07-05 12:24:55.502 | INFO     | eval_module:run_evaluation:79 - Test shape: X = (2195, 400), Y = (2195,)
2025-07-05 12:24:55.503 | INFO     | eval_module:run_evaluation:80 - Train prevalence:  0.26508369015181005
2025-07-05 12:24:55.503 | INFO     | eval_module:run_evaluation:81 - Val prevalence:  0.23935454952935903
2025-07-05 12:24:55.503 | INFO     | eval_module:run_evaluation:82 - Test prevalence:  0.25148063781321184
2025-07-05 12:24:55.504 | CRITICAL | eval_module:run_evaluation:91 - Start | Fitting knn...
2025-07-05 12:25:03.065 | INFO     | eval_module:run_evaluation:140 - Best hparams: {'algorithm': 'auto', 'leaf_size': 30, 'metric': 'cosine', 'metric_params': None, 'n_jobs': None, 'n_neighbors': 5, 'p': 2, 'weights': 'distance'}
2025-07-05 12:25:03.065 | CRITICAL | eval_module:run_evaluation:143 - Finish | Fitting knn...
2025-07-05 12:25:03.464 | INFO     | eval_module:run_evaluation:154 - Train AUROC: 1.0
2025-07-05 12:25:03.464 | INFO     | eval_module:run_evaluation:155 - Val AUROC:   0.7509898499003529
2025-07-05 12:25:03.464 | INFO     | eval_module:run_evaluation:156 - Test AUROC:  0.7499928330113701
2025-07-05 12:25:03.467 | INFO     | eval_module:run_evaluation:162 - Train AUPRC: 1.0
2025-07-05 12:25:03.467 | INFO     | eval_module:run_evaluation:163 - Val AUPRC:   0.47641730135700033
2025-07-05 12:25:03.467 | INFO     | eval_module:run_evaluation:164 - Test AUPRC:  0.49169675444063576
2025-07-05 12:25:03.467 | INFO     | __main__:run_dimensionality_analysis:363 -     Results: AUROC=0.750, AUPRC=0.492
2025-07-05 12:25:03.467 | INFO     | __main__:run_dimensionality_analysis:368 -     Progress: 36/448 (8.0%) - ETA: 0h 18m
2025-07-05 12:25:03.469 | INFO     | __main__:save_checkpoint:90 - Saved 16 results to ../EHRSHOT_ASSETS/dimensionality_analysis/dimensionality_results.csv
2025-07-05 12:25:03.470 | INFO     | __main__:save_checkpoint:112 - Checkpoint saved: 36 combinations completed
2025-07-05 12:25:03.470 | INFO     | __main__:run_dimensionality_analysis:314 - 
  Testing method 2/2: umap
2025-07-05 12:25:03.470 | INFO     | __main__:run_dimensionality_analysis:329 -     Reducing to 2 dimensions... (1/8)
2025-07-05 12:25:03.471 | INFO     | reducers:fit_transform:101 - Applying UMAP to reduce from 768 to 2 dimensions
2025-07-05 12:25:03.471 | INFO     | reducers:fit_transform:102 - Using n_neighbors: 15, n_jobs: 16
/home/pvenema/.conda/envs/EHRSHOT_ENV/lib/python3.10/site-packages/umap/umap_.py:1952: UserWarning: n_jobs value 1 overridden to 1 by setting random_state. Use no seed for parallelism.
  warn(
2025-07-05 12:25:34.872 | INFO     | __main__:run_dimensionality_analysis:343 -     Reduced shapes - Train: (2569, 2), Val: (2231, 2), Test: (2195, 2)
2025-07-05 12:25:34.872 | CRITICAL | eval_module:run_evaluation:76 - Start | Training knn
2025-07-05 12:25:34.872 | INFO     | eval_module:run_evaluation:77 - Train shape: X = (2569, 2), Y = (2569,)
2025-07-05 12:25:34.873 | INFO     | eval_module:run_evaluation:78 - Val shape: X = (2231, 2), Y = (2231,)
2025-07-05 12:25:34.873 | INFO     | eval_module:run_evaluation:79 - Test shape: X = (2195, 2), Y = (2195,)
2025-07-05 12:25:34.873 | INFO     | eval_module:run_evaluation:80 - Train prevalence:  0.26508369015181005
2025-07-05 12:25:34.873 | INFO     | eval_module:run_evaluation:81 - Val prevalence:  0.23935454952935903
2025-07-05 12:25:34.873 | INFO     | eval_module:run_evaluation:82 - Test prevalence:  0.25148063781321184
2025-07-05 12:25:34.873 | CRITICAL | eval_module:run_evaluation:91 - Start | Fitting knn...
2025-07-05 12:25:39.943 | INFO     | eval_module:run_evaluation:140 - Best hparams: {'algorithm': 'auto', 'leaf_size': 30, 'metric': 'euclidean', 'metric_params': None, 'n_jobs': None, 'n_neighbors': 5, 'p': 2, 'weights': 'distance'}
2025-07-05 12:25:39.943 | CRITICAL | eval_module:run_evaluation:143 - Finish | Fitting knn...
2025-07-05 12:25:39.969 | INFO     | eval_module:run_evaluation:154 - Train AUROC: 1.0
2025-07-05 12:25:39.970 | INFO     | eval_module:run_evaluation:155 - Val AUROC:   0.6221079719884617
2025-07-05 12:25:39.970 | INFO     | eval_module:run_evaluation:156 - Test AUROC:  0.6608233657060697
2025-07-05 12:25:39.972 | INFO     | eval_module:run_evaluation:162 - Train AUPRC: 1.0
2025-07-05 12:25:39.972 | INFO     | eval_module:run_evaluation:163 - Val AUPRC:   0.31613842590949837
2025-07-05 12:25:39.972 | INFO     | eval_module:run_evaluation:164 - Test AUPRC:  0.37595628570293826
2025-07-05 12:25:39.972 | INFO     | __main__:run_dimensionality_analysis:363 -     Results: AUROC=0.661, AUPRC=0.376
2025-07-05 12:25:39.972 | INFO     | __main__:run_dimensionality_analysis:368 -     Progress: 37/448 (8.3%) - ETA: 0h 24m
2025-07-05 12:25:39.972 | INFO     | __main__:run_dimensionality_analysis:329 -     Reducing to 5 dimensions... (2/8)
2025-07-05 12:25:39.973 | INFO     | reducers:fit_transform:101 - Applying UMAP to reduce from 768 to 5 dimensions
2025-07-05 12:25:39.973 | INFO     | reducers:fit_transform:102 - Using n_neighbors: 15, n_jobs: 16
/home/pvenema/.conda/envs/EHRSHOT_ENV/lib/python3.10/site-packages/umap/umap_.py:1952: UserWarning: n_jobs value 1 overridden to 1 by setting random_state. Use no seed for parallelism.
  warn(
2025-07-05 12:25:56.165 | INFO     | __main__:run_dimensionality_analysis:343 -     Reduced shapes - Train: (2569, 5), Val: (2231, 5), Test: (2195, 5)
2025-07-05 12:25:56.165 | CRITICAL | eval_module:run_evaluation:76 - Start | Training knn
2025-07-05 12:25:56.166 | INFO     | eval_module:run_evaluation:77 - Train shape: X = (2569, 5), Y = (2569,)
2025-07-05 12:25:56.166 | INFO     | eval_module:run_evaluation:78 - Val shape: X = (2231, 5), Y = (2231,)
2025-07-05 12:25:56.166 | INFO     | eval_module:run_evaluation:79 - Test shape: X = (2195, 5), Y = (2195,)
2025-07-05 12:25:56.166 | INFO     | eval_module:run_evaluation:80 - Train prevalence:  0.26508369015181005
2025-07-05 12:25:56.166 | INFO     | eval_module:run_evaluation:81 - Val prevalence:  0.23935454952935903
2025-07-05 12:25:56.166 | INFO     | eval_module:run_evaluation:82 - Test prevalence:  0.25148063781321184
2025-07-05 12:25:56.167 | CRITICAL | eval_module:run_evaluation:91 - Start | Fitting knn...
2025-07-05 12:26:01.358 | INFO     | eval_module:run_evaluation:140 - Best hparams: {'algorithm': 'auto', 'leaf_size': 30, 'metric': 'euclidean', 'metric_params': None, 'n_jobs': None, 'n_neighbors': 5, 'p': 2, 'weights': 'distance'}
2025-07-05 12:26:01.358 | CRITICAL | eval_module:run_evaluation:143 - Finish | Fitting knn...
2025-07-05 12:26:01.396 | INFO     | eval_module:run_evaluation:154 - Train AUROC: 1.0
2025-07-05 12:26:01.396 | INFO     | eval_module:run_evaluation:155 - Val AUROC:   0.6679373602678443
2025-07-05 12:26:01.396 | INFO     | eval_module:run_evaluation:156 - Test AUROC:  0.6579372745155115
2025-07-05 12:26:01.398 | INFO     | eval_module:run_evaluation:162 - Train AUPRC: 1.0
2025-07-05 12:26:01.399 | INFO     | eval_module:run_evaluation:163 - Val AUPRC:   0.3562835705564151
2025-07-05 12:26:01.399 | INFO     | eval_module:run_evaluation:164 - Test AUPRC:  0.3812812331509977
2025-07-05 12:26:01.399 | INFO     | __main__:run_dimensionality_analysis:363 -     Results: AUROC=0.658, AUPRC=0.381
2025-07-05 12:26:01.399 | INFO     | __main__:run_dimensionality_analysis:368 -     Progress: 38/448 (8.5%) - ETA: 0h 27m
2025-07-05 12:26:01.399 | INFO     | __main__:run_dimensionality_analysis:329 -     Reducing to 10 dimensions... (3/8)
2025-07-05 12:26:01.399 | INFO     | reducers:fit_transform:101 - Applying UMAP to reduce from 768 to 10 dimensions
2025-07-05 12:26:01.399 | INFO     | reducers:fit_transform:102 - Using n_neighbors: 15, n_jobs: 16
/home/pvenema/.conda/envs/EHRSHOT_ENV/lib/python3.10/site-packages/umap/umap_.py:1952: UserWarning: n_jobs value 1 overridden to 1 by setting random_state. Use no seed for parallelism.
  warn(
2025-07-05 12:26:18.063 | INFO     | __main__:run_dimensionality_analysis:343 -     Reduced shapes - Train: (2569, 10), Val: (2231, 10), Test: (2195, 10)
2025-07-05 12:26:18.063 | CRITICAL | eval_module:run_evaluation:76 - Start | Training knn
2025-07-05 12:26:18.063 | INFO     | eval_module:run_evaluation:77 - Train shape: X = (2569, 10), Y = (2569,)
2025-07-05 12:26:18.063 | INFO     | eval_module:run_evaluation:78 - Val shape: X = (2231, 10), Y = (2231,)
2025-07-05 12:26:18.064 | INFO     | eval_module:run_evaluation:79 - Test shape: X = (2195, 10), Y = (2195,)
2025-07-05 12:26:18.064 | INFO     | eval_module:run_evaluation:80 - Train prevalence:  0.26508369015181005
2025-07-05 12:26:18.064 | INFO     | eval_module:run_evaluation:81 - Val prevalence:  0.23935454952935903
2025-07-05 12:26:18.064 | INFO     | eval_module:run_evaluation:82 - Test prevalence:  0.25148063781321184
2025-07-05 12:26:18.064 | CRITICAL | eval_module:run_evaluation:91 - Start | Fitting knn...
2025-07-05 12:26:21.823 | INFO     | eval_module:run_evaluation:140 - Best hparams: {'algorithm': 'auto', 'leaf_size': 30, 'metric': 'euclidean', 'metric_params': None, 'n_jobs': None, 'n_neighbors': 5, 'p': 2, 'weights': 'distance'}
2025-07-05 12:26:21.824 | CRITICAL | eval_module:run_evaluation:143 - Finish | Fitting knn...
2025-07-05 12:26:21.910 | INFO     | eval_module:run_evaluation:154 - Train AUROC: 1.0
2025-07-05 12:26:21.910 | INFO     | eval_module:run_evaluation:155 - Val AUROC:   0.6706139276405378
2025-07-05 12:26:21.910 | INFO     | eval_module:run_evaluation:156 - Test AUROC:  0.6721499642753183
2025-07-05 12:26:21.912 | INFO     | eval_module:run_evaluation:162 - Train AUPRC: 1.0
2025-07-05 12:26:21.912 | INFO     | eval_module:run_evaluation:163 - Val AUPRC:   0.3552345360218122
2025-07-05 12:26:21.913 | INFO     | eval_module:run_evaluation:164 - Test AUPRC:  0.4027849512551466
2025-07-05 12:26:21.913 | INFO     | __main__:run_dimensionality_analysis:363 -     Results: AUROC=0.672, AUPRC=0.403
2025-07-05 12:26:21.913 | INFO     | __main__:run_dimensionality_analysis:368 -     Progress: 39/448 (8.7%) - ETA: 0h 30m
2025-07-05 12:26:21.913 | INFO     | __main__:run_dimensionality_analysis:329 -     Reducing to 25 dimensions... (4/8)
2025-07-05 12:26:21.913 | INFO     | reducers:fit_transform:101 - Applying UMAP to reduce from 768 to 25 dimensions
2025-07-05 12:26:21.913 | INFO     | reducers:fit_transform:102 - Using n_neighbors: 15, n_jobs: 16
/home/pvenema/.conda/envs/EHRSHOT_ENV/lib/python3.10/site-packages/umap/umap_.py:1952: UserWarning: n_jobs value 1 overridden to 1 by setting random_state. Use no seed for parallelism.
  warn(
2025-07-05 12:26:39.358 | INFO     | __main__:run_dimensionality_analysis:343 -     Reduced shapes - Train: (2569, 25), Val: (2231, 25), Test: (2195, 25)
2025-07-05 12:26:39.359 | CRITICAL | eval_module:run_evaluation:76 - Start | Training knn
2025-07-05 12:26:39.359 | INFO     | eval_module:run_evaluation:77 - Train shape: X = (2569, 25), Y = (2569,)
2025-07-05 12:26:39.359 | INFO     | eval_module:run_evaluation:78 - Val shape: X = (2231, 25), Y = (2231,)
2025-07-05 12:26:39.359 | INFO     | eval_module:run_evaluation:79 - Test shape: X = (2195, 25), Y = (2195,)
2025-07-05 12:26:39.360 | INFO     | eval_module:run_evaluation:80 - Train prevalence:  0.26508369015181005
2025-07-05 12:26:39.360 | INFO     | eval_module:run_evaluation:81 - Val prevalence:  0.23935454952935903
2025-07-05 12:26:39.360 | INFO     | eval_module:run_evaluation:82 - Test prevalence:  0.25148063781321184
2025-07-05 12:26:39.360 | CRITICAL | eval_module:run_evaluation:91 - Start | Fitting knn...
2025-07-05 12:26:40.683 | INFO     | eval_module:run_evaluation:140 - Best hparams: {'algorithm': 'auto', 'leaf_size': 30, 'metric': 'euclidean', 'metric_params': None, 'n_jobs': None, 'n_neighbors': 5, 'p': 2, 'weights': 'distance'}
2025-07-05 12:26:40.684 | CRITICAL | eval_module:run_evaluation:143 - Finish | Fitting knn...
2025-07-05 12:26:40.771 | INFO     | eval_module:run_evaluation:154 - Train AUROC: 1.0
2025-07-05 12:26:40.771 | INFO     | eval_module:run_evaluation:155 - Val AUROC:   0.6942169371373584
2025-07-05 12:26:40.771 | INFO     | eval_module:run_evaluation:156 - Test AUROC:  0.6807316061993348
2025-07-05 12:26:40.773 | INFO     | eval_module:run_evaluation:162 - Train AUPRC: 1.0
2025-07-05 12:26:40.774 | INFO     | eval_module:run_evaluation:163 - Val AUPRC:   0.3897048020961327
2025-07-05 12:26:40.774 | INFO     | eval_module:run_evaluation:164 - Test AUPRC:  0.4049862520305714
2025-07-05 12:26:40.774 | INFO     | __main__:run_dimensionality_analysis:363 -     Results: AUROC=0.681, AUPRC=0.405
2025-07-05 12:26:40.774 | INFO     | __main__:run_dimensionality_analysis:368 -     Progress: 40/448 (8.9%) - ETA: 0h 32m
2025-07-05 12:26:40.777 | INFO     | __main__:save_checkpoint:90 - Saved 24 results to ../EHRSHOT_ASSETS/dimensionality_analysis/dimensionality_results.csv
2025-07-05 12:26:40.777 | INFO     | __main__:save_checkpoint:112 - Checkpoint saved: 40 combinations completed
2025-07-05 12:26:40.777 | INFO     | __main__:run_dimensionality_analysis:329 -     Reducing to 50 dimensions... (5/8)
2025-07-05 12:26:40.777 | INFO     | reducers:fit_transform:101 - Applying UMAP to reduce from 768 to 50 dimensions
2025-07-05 12:26:40.778 | INFO     | reducers:fit_transform:102 - Using n_neighbors: 15, n_jobs: 16
/home/pvenema/.conda/envs/EHRSHOT_ENV/lib/python3.10/site-packages/umap/umap_.py:1952: UserWarning: n_jobs value 1 overridden to 1 by setting random_state. Use no seed for parallelism.
  warn(
2025-07-05 12:26:58.662 | INFO     | __main__:run_dimensionality_analysis:343 -     Reduced shapes - Train: (2569, 50), Val: (2231, 50), Test: (2195, 50)
2025-07-05 12:26:58.663 | CRITICAL | eval_module:run_evaluation:76 - Start | Training knn
2025-07-05 12:26:58.663 | INFO     | eval_module:run_evaluation:77 - Train shape: X = (2569, 50), Y = (2569,)
2025-07-05 12:26:58.663 | INFO     | eval_module:run_evaluation:78 - Val shape: X = (2231, 50), Y = (2231,)
2025-07-05 12:26:58.663 | INFO     | eval_module:run_evaluation:79 - Test shape: X = (2195, 50), Y = (2195,)
2025-07-05 12:26:58.663 | INFO     | eval_module:run_evaluation:80 - Train prevalence:  0.26508369015181005
2025-07-05 12:26:58.663 | INFO     | eval_module:run_evaluation:81 - Val prevalence:  0.23935454952935903
2025-07-05 12:26:58.664 | INFO     | eval_module:run_evaluation:82 - Test prevalence:  0.25148063781321184
2025-07-05 12:26:58.664 | CRITICAL | eval_module:run_evaluation:91 - Start | Fitting knn...
2025-07-05 12:27:00.049 | INFO     | eval_module:run_evaluation:140 - Best hparams: {'algorithm': 'auto', 'leaf_size': 30, 'metric': 'cosine', 'metric_params': None, 'n_jobs': None, 'n_neighbors': 5, 'p': 2, 'weights': 'uniform'}
2025-07-05 12:27:00.049 | CRITICAL | eval_module:run_evaluation:143 - Finish | Fitting knn...
2025-07-05 12:27:00.409 | INFO     | eval_module:run_evaluation:154 - Train AUROC: 0.8681284066303293
2025-07-05 12:27:00.409 | INFO     | eval_module:run_evaluation:155 - Val AUROC:   0.6748900350695984
2025-07-05 12:27:00.409 | INFO     | eval_module:run_evaluation:156 - Test AUROC:  0.6891335221007877
2025-07-05 12:27:00.411 | INFO     | eval_module:run_evaluation:162 - Train AUPRC: 0.6397206188425376
2025-07-05 12:27:00.411 | INFO     | eval_module:run_evaluation:163 - Val AUPRC:   0.35610231045570506
2025-07-05 12:27:00.412 | INFO     | eval_module:run_evaluation:164 - Test AUPRC:  0.39619069157170766
2025-07-05 12:27:00.412 | INFO     | __main__:run_dimensionality_analysis:363 -     Results: AUROC=0.689, AUPRC=0.396
2025-07-05 12:27:00.412 | INFO     | __main__:run_dimensionality_analysis:368 -     Progress: 41/448 (9.2%) - ETA: 0h 35m
2025-07-05 12:27:00.412 | INFO     | __main__:run_dimensionality_analysis:329 -     Reducing to 100 dimensions... (6/8)
2025-07-05 12:27:00.412 | INFO     | reducers:fit_transform:101 - Applying UMAP to reduce from 768 to 100 dimensions
2025-07-05 12:27:00.412 | INFO     | reducers:fit_transform:102 - Using n_neighbors: 15, n_jobs: 16
/home/pvenema/.conda/envs/EHRSHOT_ENV/lib/python3.10/site-packages/umap/umap_.py:1952: UserWarning: n_jobs value 1 overridden to 1 by setting random_state. Use no seed for parallelism.
  warn(
2025-07-05 12:27:19.356 | INFO     | __main__:run_dimensionality_analysis:343 -     Reduced shapes - Train: (2569, 100), Val: (2231, 100), Test: (2195, 100)
2025-07-05 12:27:19.357 | CRITICAL | eval_module:run_evaluation:76 - Start | Training knn
2025-07-05 12:27:19.357 | INFO     | eval_module:run_evaluation:77 - Train shape: X = (2569, 100), Y = (2569,)
2025-07-05 12:27:19.357 | INFO     | eval_module:run_evaluation:78 - Val shape: X = (2231, 100), Y = (2231,)
2025-07-05 12:27:19.357 | INFO     | eval_module:run_evaluation:79 - Test shape: X = (2195, 100), Y = (2195,)
2025-07-05 12:27:19.357 | INFO     | eval_module:run_evaluation:80 - Train prevalence:  0.26508369015181005
2025-07-05 12:27:19.358 | INFO     | eval_module:run_evaluation:81 - Val prevalence:  0.23935454952935903
2025-07-05 12:27:19.358 | INFO     | eval_module:run_evaluation:82 - Test prevalence:  0.25148063781321184
2025-07-05 12:27:19.358 | CRITICAL | eval_module:run_evaluation:91 - Start | Fitting knn...
2025-07-05 12:27:21.064 | INFO     | eval_module:run_evaluation:140 - Best hparams: {'algorithm': 'auto', 'leaf_size': 30, 'metric': 'euclidean', 'metric_params': None, 'n_jobs': None, 'n_neighbors': 5, 'p': 2, 'weights': 'distance'}
2025-07-05 12:27:21.065 | CRITICAL | eval_module:run_evaluation:143 - Finish | Fitting knn...
2025-07-05 12:27:21.143 | INFO     | eval_module:run_evaluation:154 - Train AUROC: 1.0
2025-07-05 12:27:21.144 | INFO     | eval_module:run_evaluation:155 - Val AUROC:   0.6850506180768441
2025-07-05 12:27:21.144 | INFO     | eval_module:run_evaluation:156 - Test AUROC:  0.6728644579110323
2025-07-05 12:27:21.146 | INFO     | eval_module:run_evaluation:162 - Train AUPRC: 1.0
2025-07-05 12:27:21.146 | INFO     | eval_module:run_evaluation:163 - Val AUPRC:   0.3829580269406794
2025-07-05 12:27:21.146 | INFO     | eval_module:run_evaluation:164 - Test AUPRC:  0.3942862046636416
2025-07-05 12:27:21.146 | INFO     | __main__:run_dimensionality_analysis:363 -     Results: AUROC=0.673, AUPRC=0.394
2025-07-05 12:27:21.146 | INFO     | __main__:run_dimensionality_analysis:368 -     Progress: 42/448 (9.4%) - ETA: 0h 37m
2025-07-05 12:27:21.147 | INFO     | __main__:run_dimensionality_analysis:329 -     Reducing to 200 dimensions... (7/8)
2025-07-05 12:27:21.147 | INFO     | reducers:fit_transform:101 - Applying UMAP to reduce from 768 to 200 dimensions
2025-07-05 12:27:21.147 | INFO     | reducers:fit_transform:102 - Using n_neighbors: 15, n_jobs: 16
/home/pvenema/.conda/envs/EHRSHOT_ENV/lib/python3.10/site-packages/umap/umap_.py:1952: UserWarning: n_jobs value 1 overridden to 1 by setting random_state. Use no seed for parallelism.
  warn(
2025-07-05 12:27:42.129 | INFO     | __main__:run_dimensionality_analysis:343 -     Reduced shapes - Train: (2569, 200), Val: (2231, 200), Test: (2195, 200)
2025-07-05 12:27:42.130 | CRITICAL | eval_module:run_evaluation:76 - Start | Training knn
2025-07-05 12:27:42.130 | INFO     | eval_module:run_evaluation:77 - Train shape: X = (2569, 200), Y = (2569,)
2025-07-05 12:27:42.130 | INFO     | eval_module:run_evaluation:78 - Val shape: X = (2231, 200), Y = (2231,)
2025-07-05 12:27:42.130 | INFO     | eval_module:run_evaluation:79 - Test shape: X = (2195, 200), Y = (2195,)
2025-07-05 12:27:42.130 | INFO     | eval_module:run_evaluation:80 - Train prevalence:  0.26508369015181005
2025-07-05 12:27:42.130 | INFO     | eval_module:run_evaluation:81 - Val prevalence:  0.23935454952935903
2025-07-05 12:27:42.130 | INFO     | eval_module:run_evaluation:82 - Test prevalence:  0.25148063781321184
2025-07-05 12:27:42.131 | CRITICAL | eval_module:run_evaluation:91 - Start | Fitting knn...
2025-07-05 12:27:44.183 | INFO     | eval_module:run_evaluation:140 - Best hparams: {'algorithm': 'auto', 'leaf_size': 30, 'metric': 'euclidean', 'metric_params': None, 'n_jobs': None, 'n_neighbors': 5, 'p': 2, 'weights': 'uniform'}
2025-07-05 12:27:44.183 | CRITICAL | eval_module:run_evaluation:143 - Finish | Fitting knn...
2025-07-05 12:27:44.278 | INFO     | eval_module:run_evaluation:154 - Train AUROC: 0.8730240766320715
2025-07-05 12:27:44.279 | INFO     | eval_module:run_evaluation:155 - Val AUROC:   0.67115464832189
2025-07-05 12:27:44.279 | INFO     | eval_module:run_evaluation:156 - Test AUROC:  0.6733446461492321
2025-07-05 12:27:44.281 | INFO     | eval_module:run_evaluation:162 - Train AUPRC: 0.6609980668124019
2025-07-05 12:27:44.281 | INFO     | eval_module:run_evaluation:163 - Val AUPRC:   0.34753078913124846
2025-07-05 12:27:44.281 | INFO     | eval_module:run_evaluation:164 - Test AUPRC:  0.3669389787612066
2025-07-05 12:27:44.281 | INFO     | __main__:run_dimensionality_analysis:363 -     Results: AUROC=0.673, AUPRC=0.367
2025-07-05 12:27:44.281 | INFO     | __main__:run_dimensionality_analysis:368 -     Progress: 43/448 (9.6%) - ETA: 0h 40m
2025-07-05 12:27:44.281 | INFO     | __main__:run_dimensionality_analysis:329 -     Reducing to 400 dimensions... (8/8)
2025-07-05 12:27:44.281 | INFO     | reducers:fit_transform:101 - Applying UMAP to reduce from 768 to 400 dimensions
2025-07-05 12:27:44.282 | INFO     | reducers:fit_transform:102 - Using n_neighbors: 15, n_jobs: 16
/home/pvenema/.conda/envs/EHRSHOT_ENV/lib/python3.10/site-packages/umap/umap_.py:1952: UserWarning: n_jobs value 1 overridden to 1 by setting random_state. Use no seed for parallelism.
  warn(
2025-07-05 12:28:11.589 | INFO     | __main__:run_dimensionality_analysis:343 -     Reduced shapes - Train: (2569, 400), Val: (2231, 400), Test: (2195, 400)
2025-07-05 12:28:11.590 | CRITICAL | eval_module:run_evaluation:76 - Start | Training knn
2025-07-05 12:28:11.590 | INFO     | eval_module:run_evaluation:77 - Train shape: X = (2569, 400), Y = (2569,)
2025-07-05 12:28:11.590 | INFO     | eval_module:run_evaluation:78 - Val shape: X = (2231, 400), Y = (2231,)
2025-07-05 12:28:11.590 | INFO     | eval_module:run_evaluation:79 - Test shape: X = (2195, 400), Y = (2195,)
2025-07-05 12:28:11.590 | INFO     | eval_module:run_evaluation:80 - Train prevalence:  0.26508369015181005
2025-07-05 12:28:11.590 | INFO     | eval_module:run_evaluation:81 - Val prevalence:  0.23935454952935903
2025-07-05 12:28:11.590 | INFO     | eval_module:run_evaluation:82 - Test prevalence:  0.25148063781321184
2025-07-05 12:28:11.591 | CRITICAL | eval_module:run_evaluation:91 - Start | Fitting knn...
2025-07-05 12:28:14.455 | INFO     | eval_module:run_evaluation:140 - Best hparams: {'algorithm': 'auto', 'leaf_size': 30, 'metric': 'euclidean', 'metric_params': None, 'n_jobs': None, 'n_neighbors': 5, 'p': 2, 'weights': 'distance'}
2025-07-05 12:28:14.456 | CRITICAL | eval_module:run_evaluation:143 - Finish | Fitting knn...
2025-07-05 12:28:14.643 | INFO     | eval_module:run_evaluation:154 - Train AUROC: 1.0
2025-07-05 12:28:14.643 | INFO     | eval_module:run_evaluation:155 - Val AUROC:   0.6750169389029772
2025-07-05 12:28:14.643 | INFO     | eval_module:run_evaluation:156 - Test AUROC:  0.680104770347632
2025-07-05 12:28:14.645 | INFO     | eval_module:run_evaluation:162 - Train AUPRC: 1.0
2025-07-05 12:28:14.646 | INFO     | eval_module:run_evaluation:163 - Val AUPRC:   0.3750504390923236
2025-07-05 12:28:14.646 | INFO     | eval_module:run_evaluation:164 - Test AUPRC:  0.4024552289364383
2025-07-05 12:28:14.646 | INFO     | __main__:run_dimensionality_analysis:363 -     Results: AUROC=0.680, AUPRC=0.402
2025-07-05 12:28:14.646 | INFO     | __main__:run_dimensionality_analysis:368 -     Progress: 44/448 (9.8%) - ETA: 0h 44m
2025-07-05 12:28:14.649 | INFO     | __main__:save_checkpoint:90 - Saved 32 results to ../EHRSHOT_ASSETS/dimensionality_analysis/dimensionality_results.csv
2025-07-05 12:28:14.649 | INFO     | __main__:save_checkpoint:112 - Checkpoint saved: 44 combinations completed
2025-07-05 12:28:14.649 | INFO     | __main__:run_dimensionality_analysis:262 - 
Processing model 2/2: clinicalbert_type3_clinicalbert_pool
2025-07-05 12:28:14.653 | INFO     | __main__:run_dimensionality_analysis:281 - Data shapes - Train: (2569, 768), Val: (2231, 768), Test: (2195, 768)
2025-07-05 12:28:14.653 | INFO     | __main__:run_dimensionality_analysis:282 - Label distribution - Train: 0.265, Val: 0.239, Test: 0.251
2025-07-05 12:28:14.653 | INFO     | __main__:run_dimensionality_analysis:311 -   🚫 Skipping baseline evaluation (--skip-baseline enabled)
2025-07-05 12:28:14.653 | INFO     | __main__:run_dimensionality_analysis:314 - 
  Testing method 1/2: pca
2025-07-05 12:28:14.654 | INFO     | __main__:run_dimensionality_analysis:329 -     Reducing to 2 dimensions... (1/8)
2025-07-05 12:28:14.654 | INFO     | reducers:fit_transform:55 - Applying PCA to reduce from 768 to 2 dimensions
2025-07-05 12:28:14.675 | INFO     | __main__:run_dimensionality_analysis:343 -     Reduced shapes - Train: (2569, 2), Val: (2231, 2), Test: (2195, 2)
2025-07-05 12:28:14.675 | CRITICAL | eval_module:run_evaluation:76 - Start | Training knn
2025-07-05 12:28:14.675 | INFO     | eval_module:run_evaluation:77 - Train shape: X = (2569, 2), Y = (2569,)
2025-07-05 12:28:14.675 | INFO     | eval_module:run_evaluation:78 - Val shape: X = (2231, 2), Y = (2231,)
2025-07-05 12:28:14.675 | INFO     | eval_module:run_evaluation:79 - Test shape: X = (2195, 2), Y = (2195,)
2025-07-05 12:28:14.676 | INFO     | eval_module:run_evaluation:80 - Train prevalence:  0.26508369015181005
2025-07-05 12:28:14.676 | INFO     | eval_module:run_evaluation:81 - Val prevalence:  0.23935454952935903
2025-07-05 12:28:14.676 | INFO     | eval_module:run_evaluation:82 - Test prevalence:  0.25148063781321184
2025-07-05 12:28:14.676 | CRITICAL | eval_module:run_evaluation:91 - Start | Fitting knn...
2025-07-05 12:28:15.390 | INFO     | eval_module:run_evaluation:140 - Best hparams: {'algorithm': 'auto', 'leaf_size': 30, 'metric': 'euclidean', 'metric_params': None, 'n_jobs': None, 'n_neighbors': 5, 'p': 2, 'weights': 'uniform'}
2025-07-05 12:28:15.391 | CRITICAL | eval_module:run_evaluation:143 - Finish | Fitting knn...
2025-07-05 12:28:15.408 | INFO     | eval_module:run_evaluation:154 - Train AUROC: 0.7813584988426789
2025-07-05 12:28:15.408 | INFO     | eval_module:run_evaluation:155 - Val AUROC:   0.5462525849759103
2025-07-05 12:28:15.408 | INFO     | eval_module:run_evaluation:156 - Test AUROC:  0.545907318708266
2025-07-05 12:28:15.425 | INFO     | eval_module:run_evaluation:162 - Train AUPRC: 0.5078711154434306
2025-07-05 12:28:15.425 | INFO     | eval_module:run_evaluation:163 - Val AUPRC:   0.26398596605435387
2025-07-05 12:28:15.425 | INFO     | eval_module:run_evaluation:164 - Test AUPRC:  0.2833041484133694
2025-07-05 12:28:15.425 | INFO     | __main__:run_dimensionality_analysis:363 -     Results: AUROC=0.546, AUPRC=0.283
2025-07-05 12:28:15.425 | INFO     | __main__:run_dimensionality_analysis:368 -     Progress: 45/448 (10.0%) - ETA: 0h 43m
2025-07-05 12:28:15.427 | INFO     | __main__:save_checkpoint:90 - Saved 34 results to ../EHRSHOT_ASSETS/dimensionality_analysis/dimensionality_results.csv
2025-07-05 12:28:15.428 | INFO     | __main__:save_checkpoint:112 - Checkpoint saved: 45 combinations completed
2025-07-05 12:28:15.428 | INFO     | __main__:run_dimensionality_analysis:329 -     Reducing to 5 dimensions... (2/8)
2025-07-05 12:28:15.428 | INFO     | reducers:fit_transform:55 - Applying PCA to reduce from 768 to 5 dimensions
2025-07-05 12:28:15.447 | INFO     | __main__:run_dimensionality_analysis:343 -     Reduced shapes - Train: (2569, 5), Val: (2231, 5), Test: (2195, 5)
2025-07-05 12:28:15.447 | CRITICAL | eval_module:run_evaluation:76 - Start | Training knn
2025-07-05 12:28:15.447 | INFO     | eval_module:run_evaluation:77 - Train shape: X = (2569, 5), Y = (2569,)
2025-07-05 12:28:15.447 | INFO     | eval_module:run_evaluation:78 - Val shape: X = (2231, 5), Y = (2231,)
2025-07-05 12:28:15.447 | INFO     | eval_module:run_evaluation:79 - Test shape: X = (2195, 5), Y = (2195,)
2025-07-05 12:28:15.447 | INFO     | eval_module:run_evaluation:80 - Train prevalence:  0.26508369015181005
2025-07-05 12:28:15.448 | INFO     | eval_module:run_evaluation:81 - Val prevalence:  0.23935454952935903
2025-07-05 12:28:15.448 | INFO     | eval_module:run_evaluation:82 - Test prevalence:  0.25148063781321184
2025-07-05 12:28:15.448 | CRITICAL | eval_module:run_evaluation:91 - Start | Fitting knn...
2025-07-05 12:28:16.217 | INFO     | eval_module:run_evaluation:140 - Best hparams: {'algorithm': 'auto', 'leaf_size': 30, 'metric': 'euclidean', 'metric_params': None, 'n_jobs': None, 'n_neighbors': 5, 'p': 2, 'weights': 'distance'}
2025-07-05 12:28:16.218 | CRITICAL | eval_module:run_evaluation:143 - Finish | Fitting knn...
2025-07-05 12:28:16.280 | INFO     | eval_module:run_evaluation:154 - Train AUROC: 1.0
2025-07-05 12:28:16.280 | INFO     | eval_module:run_evaluation:155 - Val AUROC:   0.5822138208206153
2025-07-05 12:28:16.280 | INFO     | eval_module:run_evaluation:156 - Test AUROC:  0.5775214568613442
2025-07-05 12:28:16.283 | INFO     | eval_module:run_evaluation:162 - Train AUPRC: 1.0
2025-07-05 12:28:16.283 | INFO     | eval_module:run_evaluation:163 - Val AUPRC:   0.30364855668622726
2025-07-05 12:28:16.283 | INFO     | eval_module:run_evaluation:164 - Test AUPRC:  0.2977641312251208
2025-07-05 12:28:16.283 | INFO     | __main__:run_dimensionality_analysis:363 -     Results: AUROC=0.578, AUPRC=0.298
2025-07-05 12:28:16.283 | INFO     | __main__:run_dimensionality_analysis:368 -     Progress: 46/448 (10.3%) - ETA: 0h 42m
2025-07-05 12:28:16.283 | INFO     | __main__:run_dimensionality_analysis:329 -     Reducing to 10 dimensions... (3/8)
2025-07-05 12:28:16.283 | INFO     | reducers:fit_transform:55 - Applying PCA to reduce from 768 to 10 dimensions
2025-07-05 12:28:16.305 | INFO     | __main__:run_dimensionality_analysis:343 -     Reduced shapes - Train: (2569, 10), Val: (2231, 10), Test: (2195, 10)
2025-07-05 12:28:16.306 | CRITICAL | eval_module:run_evaluation:76 - Start | Training knn
2025-07-05 12:28:16.306 | INFO     | eval_module:run_evaluation:77 - Train shape: X = (2569, 10), Y = (2569,)
2025-07-05 12:28:16.306 | INFO     | eval_module:run_evaluation:78 - Val shape: X = (2231, 10), Y = (2231,)
2025-07-05 12:28:16.306 | INFO     | eval_module:run_evaluation:79 - Test shape: X = (2195, 10), Y = (2195,)
2025-07-05 12:28:16.306 | INFO     | eval_module:run_evaluation:80 - Train prevalence:  0.26508369015181005
2025-07-05 12:28:16.306 | INFO     | eval_module:run_evaluation:81 - Val prevalence:  0.23935454952935903
2025-07-05 12:28:16.306 | INFO     | eval_module:run_evaluation:82 - Test prevalence:  0.25148063781321184
2025-07-05 12:28:16.307 | CRITICAL | eval_module:run_evaluation:91 - Start | Fitting knn...
2025-07-05 12:28:17.325 | INFO     | eval_module:run_evaluation:140 - Best hparams: {'algorithm': 'auto', 'leaf_size': 30, 'metric': 'cosine', 'metric_params': None, 'n_jobs': None, 'n_neighbors': 5, 'p': 2, 'weights': 'distance'}
2025-07-05 12:28:17.326 | CRITICAL | eval_module:run_evaluation:143 - Finish | Fitting knn...
2025-07-05 12:28:17.691 | INFO     | eval_module:run_evaluation:154 - Train AUROC: 1.0
2025-07-05 12:28:17.691 | INFO     | eval_module:run_evaluation:155 - Val AUROC:   0.6063299632089235
2025-07-05 12:28:17.691 | INFO     | eval_module:run_evaluation:156 - Test AUROC:  0.6389491651009553
2025-07-05 12:28:17.693 | INFO     | eval_module:run_evaluation:162 - Train AUPRC: 1.0
2025-07-05 12:28:17.694 | INFO     | eval_module:run_evaluation:163 - Val AUPRC:   0.3095344464659484
2025-07-05 12:28:17.694 | INFO     | eval_module:run_evaluation:164 - Test AUPRC:  0.3403470476666288
2025-07-05 12:28:17.694 | INFO     | __main__:run_dimensionality_analysis:363 -     Results: AUROC=0.639, AUPRC=0.340
2025-07-05 12:28:17.694 | INFO     | __main__:run_dimensionality_analysis:368 -     Progress: 47/448 (10.5%) - ETA: 0h 41m
2025-07-05 12:28:17.694 | INFO     | __main__:run_dimensionality_analysis:329 -     Reducing to 25 dimensions... (4/8)
2025-07-05 12:28:17.694 | INFO     | reducers:fit_transform:55 - Applying PCA to reduce from 768 to 25 dimensions
2025-07-05 12:28:17.722 | INFO     | __main__:run_dimensionality_analysis:343 -     Reduced shapes - Train: (2569, 25), Val: (2231, 25), Test: (2195, 25)
2025-07-05 12:28:17.722 | CRITICAL | eval_module:run_evaluation:76 - Start | Training knn
2025-07-05 12:28:17.722 | INFO     | eval_module:run_evaluation:77 - Train shape: X = (2569, 25), Y = (2569,)
2025-07-05 12:28:17.722 | INFO     | eval_module:run_evaluation:78 - Val shape: X = (2231, 25), Y = (2231,)
2025-07-05 12:28:17.723 | INFO     | eval_module:run_evaluation:79 - Test shape: X = (2195, 25), Y = (2195,)
2025-07-05 12:28:17.723 | INFO     | eval_module:run_evaluation:80 - Train prevalence:  0.26508369015181005
2025-07-05 12:28:17.723 | INFO     | eval_module:run_evaluation:81 - Val prevalence:  0.23935454952935903
2025-07-05 12:28:17.723 | INFO     | eval_module:run_evaluation:82 - Test prevalence:  0.25148063781321184
2025-07-05 12:28:17.723 | CRITICAL | eval_module:run_evaluation:91 - Start | Fitting knn...
2025-07-05 12:28:19.040 | INFO     | eval_module:run_evaluation:140 - Best hparams: {'algorithm': 'auto', 'leaf_size': 30, 'metric': 'cosine', 'metric_params': None, 'n_jobs': None, 'n_neighbors': 5, 'p': 2, 'weights': 'uniform'}
2025-07-05 12:28:19.041 | CRITICAL | eval_module:run_evaluation:143 - Finish | Fitting knn...
2025-07-05 12:28:19.395 | INFO     | eval_module:run_evaluation:154 - Train AUROC: 0.8462376956868016
2025-07-05 12:28:19.396 | INFO     | eval_module:run_evaluation:155 - Val AUROC:   0.6362914065138083
2025-07-05 12:28:19.396 | INFO     | eval_module:run_evaluation:156 - Test AUROC:  0.6267118076688983
2025-07-05 12:28:19.398 | INFO     | eval_module:run_evaluation:162 - Train AUPRC: 0.6194713424014551
2025-07-05 12:28:19.398 | INFO     | eval_module:run_evaluation:163 - Val AUPRC:   0.3229668132473833
2025-07-05 12:28:19.398 | INFO     | eval_module:run_evaluation:164 - Test AUPRC:  0.32514970292037887
2025-07-05 12:28:19.398 | INFO     | __main__:run_dimensionality_analysis:363 -     Results: AUROC=0.627, AUPRC=0.325
2025-07-05 12:28:19.398 | INFO     | __main__:run_dimensionality_analysis:368 -     Progress: 48/448 (10.7%) - ETA: 0h 40m
2025-07-05 12:28:19.398 | INFO     | __main__:run_dimensionality_analysis:329 -     Reducing to 50 dimensions... (5/8)
2025-07-05 12:28:19.398 | INFO     | reducers:fit_transform:55 - Applying PCA to reduce from 768 to 50 dimensions
2025-07-05 12:28:19.434 | INFO     | __main__:run_dimensionality_analysis:343 -     Reduced shapes - Train: (2569, 50), Val: (2231, 50), Test: (2195, 50)
2025-07-05 12:28:19.434 | CRITICAL | eval_module:run_evaluation:76 - Start | Training knn
2025-07-05 12:28:19.434 | INFO     | eval_module:run_evaluation:77 - Train shape: X = (2569, 50), Y = (2569,)
2025-07-05 12:28:19.435 | INFO     | eval_module:run_evaluation:78 - Val shape: X = (2231, 50), Y = (2231,)
2025-07-05 12:28:19.435 | INFO     | eval_module:run_evaluation:79 - Test shape: X = (2195, 50), Y = (2195,)
2025-07-05 12:28:19.435 | INFO     | eval_module:run_evaluation:80 - Train prevalence:  0.26508369015181005
2025-07-05 12:28:19.435 | INFO     | eval_module:run_evaluation:81 - Val prevalence:  0.23935454952935903
2025-07-05 12:28:19.435 | INFO     | eval_module:run_evaluation:82 - Test prevalence:  0.25148063781321184
2025-07-05 12:28:19.435 | CRITICAL | eval_module:run_evaluation:91 - Start | Fitting knn...
2025-07-05 12:28:20.848 | INFO     | eval_module:run_evaluation:140 - Best hparams: {'algorithm': 'auto', 'leaf_size': 30, 'metric': 'cosine', 'metric_params': None, 'n_jobs': None, 'n_neighbors': 5, 'p': 2, 'weights': 'uniform'}
2025-07-05 12:28:20.848 | CRITICAL | eval_module:run_evaluation:143 - Finish | Fitting knn...
2025-07-05 12:28:21.201 | INFO     | eval_module:run_evaluation:154 - Train AUROC: 0.8513845852310908
2025-07-05 12:28:21.201 | INFO     | eval_module:run_evaluation:155 - Val AUROC:   0.6461121079499181
2025-07-05 12:28:21.202 | INFO     | eval_module:run_evaluation:156 - Test AUROC:  0.6330639648222147
2025-07-05 12:28:21.203 | INFO     | eval_module:run_evaluation:162 - Train AUPRC: 0.6237767496209022
2025-07-05 12:28:21.204 | INFO     | eval_module:run_evaluation:163 - Val AUPRC:   0.3445559478978253
2025-07-05 12:28:21.204 | INFO     | eval_module:run_evaluation:164 - Test AUPRC:  0.3295065087685213
2025-07-05 12:28:21.204 | INFO     | __main__:run_dimensionality_analysis:363 -     Results: AUROC=0.633, AUPRC=0.330
2025-07-05 12:28:21.204 | INFO     | __main__:run_dimensionality_analysis:368 -     Progress: 49/448 (10.9%) - ETA: 0h 39m
2025-07-05 12:28:21.204 | INFO     | __main__:run_dimensionality_analysis:329 -     Reducing to 100 dimensions... (6/8)
2025-07-05 12:28:21.204 | INFO     | reducers:fit_transform:55 - Applying PCA to reduce from 768 to 100 dimensions
2025-07-05 12:28:21.251 | INFO     | __main__:run_dimensionality_analysis:343 -     Reduced shapes - Train: (2569, 100), Val: (2231, 100), Test: (2195, 100)
2025-07-05 12:28:21.251 | CRITICAL | eval_module:run_evaluation:76 - Start | Training knn
2025-07-05 12:28:21.251 | INFO     | eval_module:run_evaluation:77 - Train shape: X = (2569, 100), Y = (2569,)
2025-07-05 12:28:21.251 | INFO     | eval_module:run_evaluation:78 - Val shape: X = (2231, 100), Y = (2231,)
2025-07-05 12:28:21.251 | INFO     | eval_module:run_evaluation:79 - Test shape: X = (2195, 100), Y = (2195,)
2025-07-05 12:28:21.251 | INFO     | eval_module:run_evaluation:80 - Train prevalence:  0.26508369015181005
2025-07-05 12:28:21.252 | INFO     | eval_module:run_evaluation:81 - Val prevalence:  0.23935454952935903
2025-07-05 12:28:21.252 | INFO     | eval_module:run_evaluation:82 - Test prevalence:  0.25148063781321184
2025-07-05 12:28:21.252 | CRITICAL | eval_module:run_evaluation:91 - Start | Fitting knn...
2025-07-05 12:28:22.961 | INFO     | eval_module:run_evaluation:140 - Best hparams: {'algorithm': 'auto', 'leaf_size': 30, 'metric': 'cosine', 'metric_params': None, 'n_jobs': None, 'n_neighbors': 5, 'p': 2, 'weights': 'uniform'}
2025-07-05 12:28:22.961 | CRITICAL | eval_module:run_evaluation:143 - Finish | Fitting knn...
2025-07-05 12:28:23.301 | INFO     | eval_module:run_evaluation:154 - Train AUROC: 0.8551124343562557
2025-07-05 12:28:23.301 | INFO     | eval_module:run_evaluation:155 - Val AUROC:   0.6513179238974264
2025-07-05 12:28:23.301 | INFO     | eval_module:run_evaluation:156 - Test AUROC:  0.6361887718648284
2025-07-05 12:28:23.303 | INFO     | eval_module:run_evaluation:162 - Train AUPRC: 0.6263466300226824
2025-07-05 12:28:23.303 | INFO     | eval_module:run_evaluation:163 - Val AUPRC:   0.34434477007592473
2025-07-05 12:28:23.303 | INFO     | eval_module:run_evaluation:164 - Test AUPRC:  0.3297389531397147
2025-07-05 12:28:23.304 | INFO     | __main__:run_dimensionality_analysis:363 -     Results: AUROC=0.636, AUPRC=0.330
2025-07-05 12:28:23.304 | INFO     | __main__:run_dimensionality_analysis:368 -     Progress: 50/448 (11.2%) - ETA: 0h 39m
2025-07-05 12:28:23.306 | INFO     | __main__:save_checkpoint:90 - Saved 44 results to ../EHRSHOT_ASSETS/dimensionality_analysis/dimensionality_results.csv
2025-07-05 12:28:23.307 | INFO     | __main__:save_checkpoint:112 - Checkpoint saved: 50 combinations completed
2025-07-05 12:28:23.307 | INFO     | __main__:run_dimensionality_analysis:329 -     Reducing to 200 dimensions... (7/8)
2025-07-05 12:28:23.307 | INFO     | reducers:fit_transform:55 - Applying PCA to reduce from 768 to 200 dimensions
2025-07-05 12:28:23.391 | INFO     | __main__:run_dimensionality_analysis:343 -     Reduced shapes - Train: (2569, 200), Val: (2231, 200), Test: (2195, 200)
2025-07-05 12:28:23.392 | CRITICAL | eval_module:run_evaluation:76 - Start | Training knn
2025-07-05 12:28:23.392 | INFO     | eval_module:run_evaluation:77 - Train shape: X = (2569, 200), Y = (2569,)
2025-07-05 12:28:23.392 | INFO     | eval_module:run_evaluation:78 - Val shape: X = (2231, 200), Y = (2231,)
2025-07-05 12:28:23.392 | INFO     | eval_module:run_evaluation:79 - Test shape: X = (2195, 200), Y = (2195,)
2025-07-05 12:28:23.392 | INFO     | eval_module:run_evaluation:80 - Train prevalence:  0.26508369015181005
2025-07-05 12:28:23.393 | INFO     | eval_module:run_evaluation:81 - Val prevalence:  0.23935454952935903
2025-07-05 12:28:23.393 | INFO     | eval_module:run_evaluation:82 - Test prevalence:  0.25148063781321184
2025-07-05 12:28:23.393 | CRITICAL | eval_module:run_evaluation:91 - Start | Fitting knn...
2025-07-05 12:28:25.448 | INFO     | eval_module:run_evaluation:140 - Best hparams: {'algorithm': 'auto', 'leaf_size': 30, 'metric': 'cosine', 'metric_params': None, 'n_jobs': None, 'n_neighbors': 5, 'p': 2, 'weights': 'uniform'}
2025-07-05 12:28:25.448 | CRITICAL | eval_module:run_evaluation:143 - Finish | Fitting knn...
2025-07-05 12:28:25.794 | INFO     | eval_module:run_evaluation:154 - Train AUROC: 0.8583635107892182
2025-07-05 12:28:25.794 | INFO     | eval_module:run_evaluation:155 - Val AUROC:   0.6738687350887996
2025-07-05 12:28:25.794 | INFO     | eval_module:run_evaluation:156 - Test AUROC:  0.6509252031014316
2025-07-05 12:28:25.796 | INFO     | eval_module:run_evaluation:162 - Train AUPRC: 0.6333613254105467
2025-07-05 12:28:25.797 | INFO     | eval_module:run_evaluation:163 - Val AUPRC:   0.36500885353573526
2025-07-05 12:28:25.797 | INFO     | eval_module:run_evaluation:164 - Test AUPRC:  0.33976828441195295
2025-07-05 12:28:25.797 | INFO     | __main__:run_dimensionality_analysis:363 -     Results: AUROC=0.651, AUPRC=0.340
2025-07-05 12:28:25.797 | INFO     | __main__:run_dimensionality_analysis:368 -     Progress: 51/448 (11.4%) - ETA: 0h 38m
2025-07-05 12:28:25.797 | INFO     | __main__:run_dimensionality_analysis:329 -     Reducing to 400 dimensions... (8/8)
2025-07-05 12:28:25.797 | INFO     | reducers:fit_transform:55 - Applying PCA to reduce from 768 to 400 dimensions
2025-07-05 12:28:25.999 | INFO     | __main__:run_dimensionality_analysis:343 -     Reduced shapes - Train: (2569, 400), Val: (2231, 400), Test: (2195, 400)
2025-07-05 12:28:25.999 | CRITICAL | eval_module:run_evaluation:76 - Start | Training knn
2025-07-05 12:28:25.999 | INFO     | eval_module:run_evaluation:77 - Train shape: X = (2569, 400), Y = (2569,)
2025-07-05 12:28:26.000 | INFO     | eval_module:run_evaluation:78 - Val shape: X = (2231, 400), Y = (2231,)
2025-07-05 12:28:26.000 | INFO     | eval_module:run_evaluation:79 - Test shape: X = (2195, 400), Y = (2195,)
2025-07-05 12:28:26.000 | INFO     | eval_module:run_evaluation:80 - Train prevalence:  0.26508369015181005
2025-07-05 12:28:26.000 | INFO     | eval_module:run_evaluation:81 - Val prevalence:  0.23935454952935903
2025-07-05 12:28:26.000 | INFO     | eval_module:run_evaluation:82 - Test prevalence:  0.25148063781321184
2025-07-05 12:28:26.001 | CRITICAL | eval_module:run_evaluation:91 - Start | Fitting knn...
2025-07-05 12:28:28.873 | INFO     | eval_module:run_evaluation:140 - Best hparams: {'algorithm': 'auto', 'leaf_size': 30, 'metric': 'cosine', 'metric_params': None, 'n_jobs': None, 'n_neighbors': 5, 'p': 2, 'weights': 'distance'}
2025-07-05 12:28:28.873 | CRITICAL | eval_module:run_evaluation:143 - Finish | Fitting knn...
2025-07-05 12:28:29.234 | INFO     | eval_module:run_evaluation:154 - Train AUROC: 1.0
2025-07-05 12:28:29.234 | INFO     | eval_module:run_evaluation:155 - Val AUROC:   0.6651769260139616
2025-07-05 12:28:29.235 | INFO     | eval_module:run_evaluation:156 - Test AUROC:  0.6608228143992521
2025-07-05 12:28:29.237 | INFO     | eval_module:run_evaluation:162 - Train AUPRC: 1.0
2025-07-05 12:28:29.237 | INFO     | eval_module:run_evaluation:163 - Val AUPRC:   0.3887212512962367
2025-07-05 12:28:29.237 | INFO     | eval_module:run_evaluation:164 - Test AUPRC:  0.3640192266593095
2025-07-05 12:28:29.237 | INFO     | __main__:run_dimensionality_analysis:363 -     Results: AUROC=0.661, AUPRC=0.364
2025-07-05 12:28:29.237 | INFO     | __main__:run_dimensionality_analysis:368 -     Progress: 52/448 (11.6%) - ETA: 0h 38m
2025-07-05 12:28:29.240 | INFO     | __main__:save_checkpoint:90 - Saved 48 results to ../EHRSHOT_ASSETS/dimensionality_analysis/dimensionality_results.csv
2025-07-05 12:28:29.240 | INFO     | __main__:save_checkpoint:112 - Checkpoint saved: 52 combinations completed
2025-07-05 12:28:29.241 | INFO     | __main__:run_dimensionality_analysis:314 - 
  Testing method 2/2: umap
2025-07-05 12:28:29.241 | INFO     | __main__:run_dimensionality_analysis:329 -     Reducing to 2 dimensions... (1/8)
2025-07-05 12:28:29.241 | INFO     | reducers:fit_transform:101 - Applying UMAP to reduce from 768 to 2 dimensions
2025-07-05 12:28:29.241 | INFO     | reducers:fit_transform:102 - Using n_neighbors: 15, n_jobs: 16
/home/pvenema/.conda/envs/EHRSHOT_ENV/lib/python3.10/site-packages/umap/umap_.py:1952: UserWarning: n_jobs value 1 overridden to 1 by setting random_state. Use no seed for parallelism.
  warn(
2025-07-05 12:28:45.265 | INFO     | __main__:run_dimensionality_analysis:343 -     Reduced shapes - Train: (2569, 2), Val: (2231, 2), Test: (2195, 2)
2025-07-05 12:28:45.266 | CRITICAL | eval_module:run_evaluation:76 - Start | Training knn
2025-07-05 12:28:45.266 | INFO     | eval_module:run_evaluation:77 - Train shape: X = (2569, 2), Y = (2569,)
2025-07-05 12:28:45.266 | INFO     | eval_module:run_evaluation:78 - Val shape: X = (2231, 2), Y = (2231,)
2025-07-05 12:28:45.266 | INFO     | eval_module:run_evaluation:79 - Test shape: X = (2195, 2), Y = (2195,)
2025-07-05 12:28:45.267 | INFO     | eval_module:run_evaluation:80 - Train prevalence:  0.26508369015181005
2025-07-05 12:28:45.267 | INFO     | eval_module:run_evaluation:81 - Val prevalence:  0.23935454952935903
2025-07-05 12:28:45.267 | INFO     | eval_module:run_evaluation:82 - Test prevalence:  0.25148063781321184
2025-07-05 12:28:45.267 | CRITICAL | eval_module:run_evaluation:91 - Start | Fitting knn...
2025-07-05 12:28:45.984 | INFO     | eval_module:run_evaluation:140 - Best hparams: {'algorithm': 'auto', 'leaf_size': 30, 'metric': 'euclidean', 'metric_params': None, 'n_jobs': None, 'n_neighbors': 5, 'p': 2, 'weights': 'uniform'}
2025-07-05 12:28:45.985 | CRITICAL | eval_module:run_evaluation:143 - Finish | Fitting knn...
2025-07-05 12:28:46.010 | INFO     | eval_module:run_evaluation:154 - Train AUROC: 0.8131471042086662
2025-07-05 12:28:46.010 | INFO     | eval_module:run_evaluation:155 - Val AUROC:   0.568121426001823
2025-07-05 12:28:46.010 | INFO     | eval_module:run_evaluation:156 - Test AUROC:  0.5798049697001774
2025-07-05 12:28:46.012 | INFO     | eval_module:run_evaluation:162 - Train AUPRC: 0.558743084468243
2025-07-05 12:28:46.013 | INFO     | eval_module:run_evaluation:163 - Val AUPRC:   0.2767661861399636
2025-07-05 12:28:46.013 | INFO     | eval_module:run_evaluation:164 - Test AUPRC:  0.29306716275774
2025-07-05 12:28:46.013 | INFO     | __main__:run_dimensionality_analysis:363 -     Results: AUROC=0.580, AUPRC=0.293
2025-07-05 12:28:46.013 | INFO     | __main__:run_dimensionality_analysis:368 -     Progress: 53/448 (11.8%) - ETA: 0h 39m
2025-07-05 12:28:46.013 | INFO     | __main__:run_dimensionality_analysis:329 -     Reducing to 5 dimensions... (2/8)
2025-07-05 12:28:46.013 | INFO     | reducers:fit_transform:101 - Applying UMAP to reduce from 768 to 5 dimensions
2025-07-05 12:28:46.013 | INFO     | reducers:fit_transform:102 - Using n_neighbors: 15, n_jobs: 16
/home/pvenema/.conda/envs/EHRSHOT_ENV/lib/python3.10/site-packages/umap/umap_.py:1952: UserWarning: n_jobs value 1 overridden to 1 by setting random_state. Use no seed for parallelism.
  warn(
2025-07-05 12:29:02.229 | INFO     | __main__:run_dimensionality_analysis:343 -     Reduced shapes - Train: (2569, 5), Val: (2231, 5), Test: (2195, 5)
2025-07-05 12:29:02.229 | CRITICAL | eval_module:run_evaluation:76 - Start | Training knn
2025-07-05 12:29:02.229 | INFO     | eval_module:run_evaluation:77 - Train shape: X = (2569, 5), Y = (2569,)
2025-07-05 12:29:02.229 | INFO     | eval_module:run_evaluation:78 - Val shape: X = (2231, 5), Y = (2231,)
2025-07-05 12:29:02.230 | INFO     | eval_module:run_evaluation:79 - Test shape: X = (2195, 5), Y = (2195,)
2025-07-05 12:29:02.230 | INFO     | eval_module:run_evaluation:80 - Train prevalence:  0.26508369015181005
2025-07-05 12:29:02.230 | INFO     | eval_module:run_evaluation:81 - Val prevalence:  0.23935454952935903
2025-07-05 12:29:02.230 | INFO     | eval_module:run_evaluation:82 - Test prevalence:  0.25148063781321184
2025-07-05 12:29:02.230 | CRITICAL | eval_module:run_evaluation:91 - Start | Fitting knn...
2025-07-05 12:29:02.969 | INFO     | eval_module:run_evaluation:140 - Best hparams: {'algorithm': 'auto', 'leaf_size': 30, 'metric': 'euclidean', 'metric_params': None, 'n_jobs': None, 'n_neighbors': 5, 'p': 2, 'weights': 'distance'}
2025-07-05 12:29:02.969 | CRITICAL | eval_module:run_evaluation:143 - Finish | Fitting knn...
2025-07-05 12:29:03.020 | INFO     | eval_module:run_evaluation:154 - Train AUROC: 1.0
2025-07-05 12:29:03.020 | INFO     | eval_module:run_evaluation:155 - Val AUROC:   0.5806391097751264
2025-07-05 12:29:03.020 | INFO     | eval_module:run_evaluation:156 - Test AUROC:  0.5945391957095099
2025-07-05 12:29:03.022 | INFO     | eval_module:run_evaluation:162 - Train AUPRC: 1.0
2025-07-05 12:29:03.022 | INFO     | eval_module:run_evaluation:163 - Val AUPRC:   0.2953993805220143
2025-07-05 12:29:03.023 | INFO     | eval_module:run_evaluation:164 - Test AUPRC:  0.3184161733568543
2025-07-05 12:29:03.023 | INFO     | __main__:run_dimensionality_analysis:363 -     Results: AUROC=0.595, AUPRC=0.318
2025-07-05 12:29:03.023 | INFO     | __main__:run_dimensionality_analysis:368 -     Progress: 54/448 (12.1%) - ETA: 0h 40m
2025-07-05 12:29:03.023 | INFO     | __main__:run_dimensionality_analysis:329 -     Reducing to 10 dimensions... (3/8)
2025-07-05 12:29:03.023 | INFO     | reducers:fit_transform:101 - Applying UMAP to reduce from 768 to 10 dimensions
2025-07-05 12:29:03.023 | INFO     | reducers:fit_transform:102 - Using n_neighbors: 15, n_jobs: 16
/home/pvenema/.conda/envs/EHRSHOT_ENV/lib/python3.10/site-packages/umap/umap_.py:1952: UserWarning: n_jobs value 1 overridden to 1 by setting random_state. Use no seed for parallelism.
  warn(
2025-07-05 12:29:19.598 | INFO     | __main__:run_dimensionality_analysis:343 -     Reduced shapes - Train: (2569, 10), Val: (2231, 10), Test: (2195, 10)
2025-07-05 12:29:19.599 | CRITICAL | eval_module:run_evaluation:76 - Start | Training knn
2025-07-05 12:29:19.599 | INFO     | eval_module:run_evaluation:77 - Train shape: X = (2569, 10), Y = (2569,)
2025-07-05 12:29:19.599 | INFO     | eval_module:run_evaluation:78 - Val shape: X = (2231, 10), Y = (2231,)
2025-07-05 12:29:19.599 | INFO     | eval_module:run_evaluation:79 - Test shape: X = (2195, 10), Y = (2195,)
2025-07-05 12:29:19.599 | INFO     | eval_module:run_evaluation:80 - Train prevalence:  0.26508369015181005
2025-07-05 12:29:19.600 | INFO     | eval_module:run_evaluation:81 - Val prevalence:  0.23935454952935903
2025-07-05 12:29:19.600 | INFO     | eval_module:run_evaluation:82 - Test prevalence:  0.25148063781321184
2025-07-05 12:29:19.600 | CRITICAL | eval_module:run_evaluation:91 - Start | Fitting knn...
2025-07-05 12:29:20.399 | INFO     | eval_module:run_evaluation:140 - Best hparams: {'algorithm': 'auto', 'leaf_size': 30, 'metric': 'cosine', 'metric_params': None, 'n_jobs': None, 'n_neighbors': 5, 'p': 2, 'weights': 'uniform'}
2025-07-05 12:29:20.399 | CRITICAL | eval_module:run_evaluation:143 - Finish | Fitting knn...
2025-07-05 12:29:20.762 | INFO     | eval_module:run_evaluation:154 - Train AUROC: 0.8224472827845392
2025-07-05 12:29:20.763 | INFO     | eval_module:run_evaluation:155 - Val AUROC:   0.591548977155103
2025-07-05 12:29:20.763 | INFO     | eval_module:run_evaluation:156 - Test AUROC:  0.5978051372974498
2025-07-05 12:29:20.765 | INFO     | eval_module:run_evaluation:162 - Train AUPRC: 0.5642391257538607
2025-07-05 12:29:20.765 | INFO     | eval_module:run_evaluation:163 - Val AUPRC:   0.29055495757745076
2025-07-05 12:29:20.765 | INFO     | eval_module:run_evaluation:164 - Test AUPRC:  0.3036121348920052
2025-07-05 12:29:20.765 | INFO     | __main__:run_dimensionality_analysis:363 -     Results: AUROC=0.598, AUPRC=0.304
2025-07-05 12:29:20.765 | INFO     | __main__:run_dimensionality_analysis:368 -     Progress: 55/448 (12.3%) - ETA: 0h 42m
2025-07-05 12:29:20.768 | INFO     | __main__:save_checkpoint:90 - Saved 54 results to ../EHRSHOT_ASSETS/dimensionality_analysis/dimensionality_results.csv
2025-07-05 12:29:20.769 | INFO     | __main__:save_checkpoint:112 - Checkpoint saved: 55 combinations completed
2025-07-05 12:29:20.769 | INFO     | __main__:run_dimensionality_analysis:329 -     Reducing to 25 dimensions... (4/8)
2025-07-05 12:29:20.769 | INFO     | reducers:fit_transform:101 - Applying UMAP to reduce from 768 to 25 dimensions
2025-07-05 12:29:20.769 | INFO     | reducers:fit_transform:102 - Using n_neighbors: 15, n_jobs: 16
/home/pvenema/.conda/envs/EHRSHOT_ENV/lib/python3.10/site-packages/umap/umap_.py:1952: UserWarning: n_jobs value 1 overridden to 1 by setting random_state. Use no seed for parallelism.
  warn(
2025-07-05 12:29:38.161 | INFO     | __main__:run_dimensionality_analysis:343 -     Reduced shapes - Train: (2569, 25), Val: (2231, 25), Test: (2195, 25)
2025-07-05 12:29:38.162 | CRITICAL | eval_module:run_evaluation:76 - Start | Training knn
2025-07-05 12:29:38.162 | INFO     | eval_module:run_evaluation:77 - Train shape: X = (2569, 25), Y = (2569,)
2025-07-05 12:29:38.162 | INFO     | eval_module:run_evaluation:78 - Val shape: X = (2231, 25), Y = (2231,)
2025-07-05 12:29:38.162 | INFO     | eval_module:run_evaluation:79 - Test shape: X = (2195, 25), Y = (2195,)
2025-07-05 12:29:38.162 | INFO     | eval_module:run_evaluation:80 - Train prevalence:  0.26508369015181005
2025-07-05 12:29:38.162 | INFO     | eval_module:run_evaluation:81 - Val prevalence:  0.23935454952935903
2025-07-05 12:29:38.163 | INFO     | eval_module:run_evaluation:82 - Test prevalence:  0.25148063781321184
2025-07-05 12:29:38.163 | CRITICAL | eval_module:run_evaluation:91 - Start | Fitting knn...
2025-07-05 12:29:39.413 | INFO     | eval_module:run_evaluation:140 - Best hparams: {'algorithm': 'auto', 'leaf_size': 30, 'metric': 'euclidean', 'metric_params': None, 'n_jobs': None, 'n_neighbors': 5, 'p': 2, 'weights': 'uniform'}
2025-07-05 12:29:39.414 | CRITICAL | eval_module:run_evaluation:143 - Finish | Fitting knn...
2025-07-05 12:29:39.492 | INFO     | eval_module:run_evaluation:154 - Train AUROC: 0.81624029343687
2025-07-05 12:29:39.493 | INFO     | eval_module:run_evaluation:155 - Val AUROC:   0.5874063946289884
2025-07-05 12:29:39.493 | INFO     | eval_module:run_evaluation:156 - Test AUROC:  0.6069937680277329
2025-07-05 12:29:39.495 | INFO     | eval_module:run_evaluation:162 - Train AUPRC: 0.5518831763366201
2025-07-05 12:29:39.495 | INFO     | eval_module:run_evaluation:163 - Val AUPRC:   0.2850222286653614
2025-07-05 12:29:39.495 | INFO     | eval_module:run_evaluation:164 - Test AUPRC:  0.30446101731899133
2025-07-05 12:29:39.495 | INFO     | __main__:run_dimensionality_analysis:363 -     Results: AUROC=0.607, AUPRC=0.304
2025-07-05 12:29:39.495 | INFO     | __main__:run_dimensionality_analysis:368 -     Progress: 56/448 (12.5%) - ETA: 0h 43m
2025-07-05 12:29:39.495 | INFO     | __main__:run_dimensionality_analysis:329 -     Reducing to 50 dimensions... (5/8)
2025-07-05 12:29:39.495 | INFO     | reducers:fit_transform:101 - Applying UMAP to reduce from 768 to 50 dimensions
2025-07-05 12:29:39.496 | INFO     | reducers:fit_transform:102 - Using n_neighbors: 15, n_jobs: 16
/home/pvenema/.conda/envs/EHRSHOT_ENV/lib/python3.10/site-packages/umap/umap_.py:1952: UserWarning: n_jobs value 1 overridden to 1 by setting random_state. Use no seed for parallelism.
  warn(
2025-07-05 12:29:57.603 | INFO     | __main__:run_dimensionality_analysis:343 -     Reduced shapes - Train: (2569, 50), Val: (2231, 50), Test: (2195, 50)
2025-07-05 12:29:57.603 | CRITICAL | eval_module:run_evaluation:76 - Start | Training knn
2025-07-05 12:29:57.603 | INFO     | eval_module:run_evaluation:77 - Train shape: X = (2569, 50), Y = (2569,)
2025-07-05 12:29:57.603 | INFO     | eval_module:run_evaluation:78 - Val shape: X = (2231, 50), Y = (2231,)
2025-07-05 12:29:57.604 | INFO     | eval_module:run_evaluation:79 - Test shape: X = (2195, 50), Y = (2195,)
2025-07-05 12:29:57.604 | INFO     | eval_module:run_evaluation:80 - Train prevalence:  0.26508369015181005
2025-07-05 12:29:57.604 | INFO     | eval_module:run_evaluation:81 - Val prevalence:  0.23935454952935903
2025-07-05 12:29:57.604 | INFO     | eval_module:run_evaluation:82 - Test prevalence:  0.25148063781321184
2025-07-05 12:29:57.604 | CRITICAL | eval_module:run_evaluation:91 - Start | Fitting knn...
2025-07-05 12:29:58.986 | INFO     | eval_module:run_evaluation:140 - Best hparams: {'algorithm': 'auto', 'leaf_size': 30, 'metric': 'euclidean', 'metric_params': None, 'n_jobs': None, 'n_neighbors': 5, 'p': 2, 'weights': 'uniform'}
2025-07-05 12:29:58.987 | CRITICAL | eval_module:run_evaluation:143 - Finish | Fitting knn...
2025-07-05 12:29:59.067 | INFO     | eval_module:run_evaluation:154 - Train AUROC: 0.8190639855397098
2025-07-05 12:29:59.068 | INFO     | eval_module:run_evaluation:155 - Val AUROC:   0.584855627578079
2025-07-05 12:29:59.068 | INFO     | eval_module:run_evaluation:156 - Test AUROC:  0.599273818659751
2025-07-05 12:29:59.070 | INFO     | eval_module:run_evaluation:162 - Train AUPRC: 0.554970900718267
2025-07-05 12:29:59.070 | INFO     | eval_module:run_evaluation:163 - Val AUPRC:   0.28713064887664885
2025-07-05 12:29:59.070 | INFO     | eval_module:run_evaluation:164 - Test AUPRC:  0.30375045259333
2025-07-05 12:29:59.070 | INFO     | __main__:run_dimensionality_analysis:363 -     Results: AUROC=0.599, AUPRC=0.304
2025-07-05 12:29:59.070 | INFO     | __main__:run_dimensionality_analysis:368 -     Progress: 57/448 (12.7%) - ETA: 0h 44m
2025-07-05 12:29:59.070 | INFO     | __main__:run_dimensionality_analysis:329 -     Reducing to 100 dimensions... (6/8)
2025-07-05 12:29:59.070 | INFO     | reducers:fit_transform:101 - Applying UMAP to reduce from 768 to 100 dimensions
2025-07-05 12:29:59.071 | INFO     | reducers:fit_transform:102 - Using n_neighbors: 15, n_jobs: 16
/home/pvenema/.conda/envs/EHRSHOT_ENV/lib/python3.10/site-packages/umap/umap_.py:1952: UserWarning: n_jobs value 1 overridden to 1 by setting random_state. Use no seed for parallelism.
  warn(
2025-07-05 12:30:18.139 | INFO     | __main__:run_dimensionality_analysis:343 -     Reduced shapes - Train: (2569, 100), Val: (2231, 100), Test: (2195, 100)
2025-07-05 12:30:18.139 | CRITICAL | eval_module:run_evaluation:76 - Start | Training knn
2025-07-05 12:30:18.139 | INFO     | eval_module:run_evaluation:77 - Train shape: X = (2569, 100), Y = (2569,)
2025-07-05 12:30:18.140 | INFO     | eval_module:run_evaluation:78 - Val shape: X = (2231, 100), Y = (2231,)
2025-07-05 12:30:18.140 | INFO     | eval_module:run_evaluation:79 - Test shape: X = (2195, 100), Y = (2195,)
2025-07-05 12:30:18.140 | INFO     | eval_module:run_evaluation:80 - Train prevalence:  0.26508369015181005
2025-07-05 12:30:18.140 | INFO     | eval_module:run_evaluation:81 - Val prevalence:  0.23935454952935903
2025-07-05 12:30:18.140 | INFO     | eval_module:run_evaluation:82 - Test prevalence:  0.25148063781321184
2025-07-05 12:30:18.141 | CRITICAL | eval_module:run_evaluation:91 - Start | Fitting knn...
2025-07-05 12:30:19.860 | INFO     | eval_module:run_evaluation:140 - Best hparams: {'algorithm': 'auto', 'leaf_size': 30, 'metric': 'euclidean', 'metric_params': None, 'n_jobs': None, 'n_neighbors': 5, 'p': 2, 'weights': 'distance'}
2025-07-05 12:30:19.860 | CRITICAL | eval_module:run_evaluation:143 - Finish | Fitting knn...
2025-07-05 12:30:19.940 | INFO     | eval_module:run_evaluation:154 - Train AUROC: 1.0
2025-07-05 12:30:19.940 | INFO     | eval_module:run_evaluation:155 - Val AUROC:   0.5944605924974453
2025-07-05 12:30:19.940 | INFO     | eval_module:run_evaluation:156 - Test AUROC:  0.6016637337143966
2025-07-05 12:30:19.942 | INFO     | eval_module:run_evaluation:162 - Train AUPRC: 1.0
2025-07-05 12:30:19.943 | INFO     | eval_module:run_evaluation:163 - Val AUPRC:   0.31737674361785734
2025-07-05 12:30:19.943 | INFO     | eval_module:run_evaluation:164 - Test AUPRC:  0.30941318207629565
2025-07-05 12:30:19.943 | INFO     | __main__:run_dimensionality_analysis:363 -     Results: AUROC=0.602, AUPRC=0.309
2025-07-05 12:30:19.943 | INFO     | __main__:run_dimensionality_analysis:368 -     Progress: 58/448 (12.9%) - ETA: 0h 46m
2025-07-05 12:30:19.943 | INFO     | __main__:run_dimensionality_analysis:329 -     Reducing to 200 dimensions... (7/8)
2025-07-05 12:30:19.943 | INFO     | reducers:fit_transform:101 - Applying UMAP to reduce from 768 to 200 dimensions
2025-07-05 12:30:19.943 | INFO     | reducers:fit_transform:102 - Using n_neighbors: 15, n_jobs: 16
/home/pvenema/.conda/envs/EHRSHOT_ENV/lib/python3.10/site-packages/umap/umap_.py:1952: UserWarning: n_jobs value 1 overridden to 1 by setting random_state. Use no seed for parallelism.
  warn(
2025-07-05 12:30:41.046 | INFO     | __main__:run_dimensionality_analysis:343 -     Reduced shapes - Train: (2569, 200), Val: (2231, 200), Test: (2195, 200)
2025-07-05 12:30:41.047 | CRITICAL | eval_module:run_evaluation:76 - Start | Training knn
2025-07-05 12:30:41.047 | INFO     | eval_module:run_evaluation:77 - Train shape: X = (2569, 200), Y = (2569,)
2025-07-05 12:30:41.047 | INFO     | eval_module:run_evaluation:78 - Val shape: X = (2231, 200), Y = (2231,)
2025-07-05 12:30:41.047 | INFO     | eval_module:run_evaluation:79 - Test shape: X = (2195, 200), Y = (2195,)
2025-07-05 12:30:41.047 | INFO     | eval_module:run_evaluation:80 - Train prevalence:  0.26508369015181005
2025-07-05 12:30:41.047 | INFO     | eval_module:run_evaluation:81 - Val prevalence:  0.23935454952935903
2025-07-05 12:30:41.047 | INFO     | eval_module:run_evaluation:82 - Test prevalence:  0.25148063781321184
2025-07-05 12:30:41.048 | CRITICAL | eval_module:run_evaluation:91 - Start | Fitting knn...
2025-07-05 12:30:43.107 | INFO     | eval_module:run_evaluation:140 - Best hparams: {'algorithm': 'auto', 'leaf_size': 30, 'metric': 'cosine', 'metric_params': None, 'n_jobs': None, 'n_neighbors': 5, 'p': 2, 'weights': 'uniform'}
2025-07-05 12:30:43.107 | CRITICAL | eval_module:run_evaluation:143 - Finish | Fitting knn...
2025-07-05 12:30:43.475 | INFO     | eval_module:run_evaluation:154 - Train AUROC: 0.8239413779586351
2025-07-05 12:30:43.475 | INFO     | eval_module:run_evaluation:155 - Val AUROC:   0.5916532590007924
2025-07-05 12:30:43.475 | INFO     | eval_module:run_evaluation:156 - Test AUROC:  0.5956208596857993
2025-07-05 12:30:43.477 | INFO     | eval_module:run_evaluation:162 - Train AUPRC: 0.5595448474658348
2025-07-05 12:30:43.477 | INFO     | eval_module:run_evaluation:163 - Val AUPRC:   0.29018561401965837
2025-07-05 12:30:43.478 | INFO     | eval_module:run_evaluation:164 - Test AUPRC:  0.299332168400989
2025-07-05 12:30:43.478 | INFO     | __main__:run_dimensionality_analysis:363 -     Results: AUROC=0.596, AUPRC=0.299
2025-07-05 12:30:43.478 | INFO     | __main__:run_dimensionality_analysis:368 -     Progress: 59/448 (13.2%) - ETA: 0h 47m
2025-07-05 12:30:43.478 | INFO     | __main__:run_dimensionality_analysis:329 -     Reducing to 400 dimensions... (8/8)
2025-07-05 12:30:43.478 | INFO     | reducers:fit_transform:101 - Applying UMAP to reduce from 768 to 400 dimensions
2025-07-05 12:30:43.478 | INFO     | reducers:fit_transform:102 - Using n_neighbors: 15, n_jobs: 16
/home/pvenema/.conda/envs/EHRSHOT_ENV/lib/python3.10/site-packages/umap/umap_.py:1952: UserWarning: n_jobs value 1 overridden to 1 by setting random_state. Use no seed for parallelism.
  warn(
2025-07-05 12:31:11.009 | INFO     | __main__:run_dimensionality_analysis:343 -     Reduced shapes - Train: (2569, 400), Val: (2231, 400), Test: (2195, 400)
2025-07-05 12:31:11.009 | CRITICAL | eval_module:run_evaluation:76 - Start | Training knn
2025-07-05 12:31:11.010 | INFO     | eval_module:run_evaluation:77 - Train shape: X = (2569, 400), Y = (2569,)
2025-07-05 12:31:11.010 | INFO     | eval_module:run_evaluation:78 - Val shape: X = (2231, 400), Y = (2231,)
2025-07-05 12:31:11.010 | INFO     | eval_module:run_evaluation:79 - Test shape: X = (2195, 400), Y = (2195,)
2025-07-05 12:31:11.010 | INFO     | eval_module:run_evaluation:80 - Train prevalence:  0.26508369015181005
2025-07-05 12:31:11.010 | INFO     | eval_module:run_evaluation:81 - Val prevalence:  0.23935454952935903
2025-07-05 12:31:11.010 | INFO     | eval_module:run_evaluation:82 - Test prevalence:  0.25148063781321184
2025-07-05 12:31:11.011 | CRITICAL | eval_module:run_evaluation:91 - Start | Fitting knn...
2025-07-05 12:31:13.865 | INFO     | eval_module:run_evaluation:140 - Best hparams: {'algorithm': 'auto', 'leaf_size': 30, 'metric': 'euclidean', 'metric_params': None, 'n_jobs': None, 'n_neighbors': 5, 'p': 2, 'weights': 'uniform'}
2025-07-05 12:31:13.866 | CRITICAL | eval_module:run_evaluation:143 - Finish | Fitting knn...
2025-07-05 12:31:14.081 | INFO     | eval_module:run_evaluation:154 - Train AUROC: 0.8233599952711615
2025-07-05 12:31:14.081 | INFO     | eval_module:run_evaluation:155 - Val AUROC:   0.5800774223734769
2025-07-05 12:31:14.081 | INFO     | eval_module:run_evaluation:156 - Test AUROC:  0.5967631674120335
2025-07-05 12:31:14.083 | INFO     | eval_module:run_evaluation:162 - Train AUPRC: 0.5739730601701296
2025-07-05 12:31:14.083 | INFO     | eval_module:run_evaluation:163 - Val AUPRC:   0.28555088173242427
2025-07-05 12:31:14.083 | INFO     | eval_module:run_evaluation:164 - Test AUPRC:  0.30278982525923237
2025-07-05 12:31:14.084 | INFO     | __main__:run_dimensionality_analysis:363 -     Results: AUROC=0.597, AUPRC=0.303
2025-07-05 12:31:14.084 | INFO     | __main__:run_dimensionality_analysis:368 -     Progress: 60/448 (13.4%) - ETA: 0h 50m
2025-07-05 12:31:14.087 | INFO     | __main__:save_checkpoint:90 - Saved 64 results to ../EHRSHOT_ASSETS/dimensionality_analysis/dimensionality_results.csv
2025-07-05 12:31:14.087 | INFO     | __main__:save_checkpoint:112 - Checkpoint saved: 60 combinations completed
2025-07-05 12:31:14.089 | INFO     | __main__:save_checkpoint:90 - Saved 64 results to ../EHRSHOT_ASSETS/dimensionality_analysis/dimensionality_results.csv
2025-07-05 12:31:14.090 | INFO     | __main__:save_checkpoint:112 - Checkpoint saved: 60 combinations completed
2025-07-05 12:31:14.091 | INFO     | __main__:save_checkpoint:90 - Saved 64 results to ../EHRSHOT_ASSETS/dimensionality_analysis/dimensionality_results.csv
2025-07-05 12:31:14.092 | INFO     | __main__:save_checkpoint:112 - Checkpoint saved: 60 combinations completed
2025-07-05 12:31:14.092 | INFO     | __main__:run_dimensionality_analysis:397 - ✅ Task guo_los completed!
2025-07-05 12:31:14.092 | INFO     | __main__:run_dimensionality_analysis:237 - 
==================================================
2025-07-05 12:31:14.092 | INFO     | __main__:run_dimensionality_analysis:238 - Processing task 2/14: guo_readmission
2025-07-05 12:31:14.093 | INFO     | __main__:run_dimensionality_analysis:239 - ==================================================
2025-07-05 12:31:14.121 | INFO     | __main__:run_dimensionality_analysis:245 - Loaded labeled patients for guo_readmission
2025-07-05 12:31:32.512 | INFO     | __main__:run_dimensionality_analysis:262 - 
Processing model 1/2: clmbr
2025-07-05 12:31:32.515 | INFO     | __main__:run_dimensionality_analysis:281 - Data shapes - Train: (2608, 768), Val: (2206, 768), Test: (2189, 768)
2025-07-05 12:31:32.515 | INFO     | __main__:run_dimensionality_analysis:282 - Label distribution - Train: 0.142, Val: 0.127, Test: 0.119
2025-07-05 12:31:32.515 | INFO     | __main__:run_dimensionality_analysis:311 -   🚫 Skipping baseline evaluation (--skip-baseline enabled)
2025-07-05 12:31:32.515 | INFO     | __main__:run_dimensionality_analysis:314 - 
  Testing method 1/2: pca
2025-07-05 12:31:32.516 | INFO     | __main__:run_dimensionality_analysis:329 -     Reducing to 2 dimensions... (1/8)
2025-07-05 12:31:32.516 | INFO     | reducers:fit_transform:55 - Applying PCA to reduce from 768 to 2 dimensions
2025-07-05 12:31:32.565 | INFO     | __main__:run_dimensionality_analysis:343 -     Reduced shapes - Train: (2608, 2), Val: (2206, 2), Test: (2189, 2)
2025-07-05 12:31:32.566 | CRITICAL | eval_module:run_evaluation:76 - Start | Training knn
2025-07-05 12:31:32.566 | INFO     | eval_module:run_evaluation:77 - Train shape: X = (2608, 2), Y = (2608,)
2025-07-05 12:31:32.566 | INFO     | eval_module:run_evaluation:78 - Val shape: X = (2206, 2), Y = (2206,)
2025-07-05 12:31:32.566 | INFO     | eval_module:run_evaluation:79 - Test shape: X = (2189, 2), Y = (2189,)
2025-07-05 12:31:32.566 | INFO     | eval_module:run_evaluation:80 - Train prevalence:  0.1418711656441718
2025-07-05 12:31:32.566 | INFO     | eval_module:run_evaluation:81 - Val prevalence:  0.1273798730734361
2025-07-05 12:31:32.567 | INFO     | eval_module:run_evaluation:82 - Test prevalence:  0.1187756966651439
2025-07-05 12:31:32.567 | CRITICAL | eval_module:run_evaluation:91 - Start | Fitting knn...
2025-07-05 12:31:33.303 | INFO     | eval_module:run_evaluation:140 - Best hparams: {'algorithm': 'auto', 'leaf_size': 30, 'metric': 'euclidean', 'metric_params': None, 'n_jobs': None, 'n_neighbors': 5, 'p': 2, 'weights': 'uniform'}
2025-07-05 12:31:33.303 | CRITICAL | eval_module:run_evaluation:143 - Finish | Fitting knn...
2025-07-05 12:31:33.346 | INFO     | eval_module:run_evaluation:154 - Train AUROC: 0.8834794580102892
2025-07-05 12:31:33.346 | INFO     | eval_module:run_evaluation:155 - Val AUROC:   0.5545500762582614
2025-07-05 12:31:33.346 | INFO     | eval_module:run_evaluation:156 - Test AUROC:  0.5598167643657534
2025-07-05 12:31:33.348 | INFO     | eval_module:run_evaluation:162 - Train AUPRC: 0.4687321106759256
2025-07-05 12:31:33.349 | INFO     | eval_module:run_evaluation:163 - Val AUPRC:   0.1425814432601544
2025-07-05 12:31:33.349 | INFO     | eval_module:run_evaluation:164 - Test AUPRC:  0.1363623426274974
2025-07-05 12:31:33.349 | INFO     | __main__:run_dimensionality_analysis:363 -     Results: AUROC=0.560, AUPRC=0.136
2025-07-05 12:31:33.349 | INFO     | __main__:run_dimensionality_analysis:368 -     Progress: 61/448 (13.6%) - ETA: 0h 51m
2025-07-05 12:31:33.349 | INFO     | __main__:run_dimensionality_analysis:329 -     Reducing to 5 dimensions... (2/8)
2025-07-05 12:31:33.349 | INFO     | reducers:fit_transform:55 - Applying PCA to reduce from 768 to 5 dimensions
2025-07-05 12:31:33.403 | INFO     | __main__:run_dimensionality_analysis:343 -     Reduced shapes - Train: (2608, 5), Val: (2206, 5), Test: (2189, 5)
2025-07-05 12:31:33.403 | CRITICAL | eval_module:run_evaluation:76 - Start | Training knn
2025-07-05 12:31:33.403 | INFO     | eval_module:run_evaluation:77 - Train shape: X = (2608, 5), Y = (2608,)
2025-07-05 12:31:33.404 | INFO     | eval_module:run_evaluation:78 - Val shape: X = (2206, 5), Y = (2206,)
2025-07-05 12:31:33.404 | INFO     | eval_module:run_evaluation:79 - Test shape: X = (2189, 5), Y = (2189,)
2025-07-05 12:31:33.404 | INFO     | eval_module:run_evaluation:80 - Train prevalence:  0.1418711656441718
2025-07-05 12:31:33.404 | INFO     | eval_module:run_evaluation:81 - Val prevalence:  0.1273798730734361
2025-07-05 12:31:33.404 | INFO     | eval_module:run_evaluation:82 - Test prevalence:  0.1187756966651439
2025-07-05 12:31:33.404 | CRITICAL | eval_module:run_evaluation:91 - Start | Fitting knn...
2025-07-05 12:31:34.205 | INFO     | eval_module:run_evaluation:140 - Best hparams: {'algorithm': 'auto', 'leaf_size': 30, 'metric': 'cosine', 'metric_params': None, 'n_jobs': None, 'n_neighbors': 5, 'p': 2, 'weights': 'uniform'}
2025-07-05 12:31:34.206 | CRITICAL | eval_module:run_evaluation:143 - Finish | Fitting knn...
2025-07-05 12:31:34.613 | INFO     | eval_module:run_evaluation:154 - Train AUROC: 0.9097927686399536
2025-07-05 12:31:34.614 | INFO     | eval_module:run_evaluation:155 - Val AUROC:   0.662588159171789
2025-07-05 12:31:34.614 | INFO     | eval_module:run_evaluation:156 - Test AUROC:  0.678670694261674
2025-07-05 12:31:34.616 | INFO     | eval_module:run_evaluation:162 - Train AUPRC: 0.5777501728889302
2025-07-05 12:31:34.616 | INFO     | eval_module:run_evaluation:163 - Val AUPRC:   0.23681758454717575
2025-07-05 12:31:34.616 | INFO     | eval_module:run_evaluation:164 - Test AUPRC:  0.2353190138186381
2025-07-05 12:31:34.616 | INFO     | __main__:run_dimensionality_analysis:363 -     Results: AUROC=0.679, AUPRC=0.235
2025-07-05 12:31:34.616 | INFO     | __main__:run_dimensionality_analysis:368 -     Progress: 62/448 (13.8%) - ETA: 0h 50m
2025-07-05 12:31:34.616 | INFO     | __main__:run_dimensionality_analysis:329 -     Reducing to 10 dimensions... (3/8)
2025-07-05 12:31:34.617 | INFO     | reducers:fit_transform:55 - Applying PCA to reduce from 768 to 10 dimensions
2025-07-05 12:31:34.667 | INFO     | __main__:run_dimensionality_analysis:343 -     Reduced shapes - Train: (2608, 10), Val: (2206, 10), Test: (2189, 10)
2025-07-05 12:31:34.668 | CRITICAL | eval_module:run_evaluation:76 - Start | Training knn
2025-07-05 12:31:34.668 | INFO     | eval_module:run_evaluation:77 - Train shape: X = (2608, 10), Y = (2608,)
2025-07-05 12:31:34.668 | INFO     | eval_module:run_evaluation:78 - Val shape: X = (2206, 10), Y = (2206,)
2025-07-05 12:31:34.668 | INFO     | eval_module:run_evaluation:79 - Test shape: X = (2189, 10), Y = (2189,)
2025-07-05 12:31:34.668 | INFO     | eval_module:run_evaluation:80 - Train prevalence:  0.1418711656441718
2025-07-05 12:31:34.669 | INFO     | eval_module:run_evaluation:81 - Val prevalence:  0.1273798730734361
2025-07-05 12:31:34.669 | INFO     | eval_module:run_evaluation:82 - Test prevalence:  0.1187756966651439
2025-07-05 12:31:34.669 | CRITICAL | eval_module:run_evaluation:91 - Start | Fitting knn...
2025-07-05 12:31:35.679 | INFO     | eval_module:run_evaluation:140 - Best hparams: {'algorithm': 'auto', 'leaf_size': 30, 'metric': 'cosine', 'metric_params': None, 'n_jobs': None, 'n_neighbors': 5, 'p': 2, 'weights': 'uniform'}
2025-07-05 12:31:35.680 | CRITICAL | eval_module:run_evaluation:143 - Finish | Fitting knn...
2025-07-05 12:31:36.087 | INFO     | eval_module:run_evaluation:154 - Train AUROC: 0.9166763278023331
2025-07-05 12:31:36.087 | INFO     | eval_module:run_evaluation:155 - Val AUROC:   0.6825363959883534
2025-07-05 12:31:36.087 | INFO     | eval_module:run_evaluation:156 - Test AUROC:  0.7028681660485705
2025-07-05 12:31:36.089 | INFO     | eval_module:run_evaluation:162 - Train AUPRC: 0.6133633125929139
2025-07-05 12:31:36.089 | INFO     | eval_module:run_evaluation:163 - Val AUPRC:   0.2502571603130098
2025-07-05 12:31:36.089 | INFO     | eval_module:run_evaluation:164 - Test AUPRC:  0.2604878151537987
2025-07-05 12:31:36.090 | INFO     | __main__:run_dimensionality_analysis:363 -     Results: AUROC=0.703, AUPRC=0.260
2025-07-05 12:31:36.090 | INFO     | __main__:run_dimensionality_analysis:368 -     Progress: 63/448 (14.1%) - ETA: 0h 49m
2025-07-05 12:31:36.090 | INFO     | __main__:run_dimensionality_analysis:329 -     Reducing to 25 dimensions... (4/8)
2025-07-05 12:31:36.090 | INFO     | reducers:fit_transform:55 - Applying PCA to reduce from 768 to 25 dimensions
2025-07-05 12:31:36.150 | INFO     | __main__:run_dimensionality_analysis:343 -     Reduced shapes - Train: (2608, 25), Val: (2206, 25), Test: (2189, 25)
2025-07-05 12:31:36.151 | CRITICAL | eval_module:run_evaluation:76 - Start | Training knn
2025-07-05 12:31:36.151 | INFO     | eval_module:run_evaluation:77 - Train shape: X = (2608, 25), Y = (2608,)
2025-07-05 12:31:36.151 | INFO     | eval_module:run_evaluation:78 - Val shape: X = (2206, 25), Y = (2206,)
2025-07-05 12:31:36.151 | INFO     | eval_module:run_evaluation:79 - Test shape: X = (2189, 25), Y = (2189,)
2025-07-05 12:31:36.151 | INFO     | eval_module:run_evaluation:80 - Train prevalence:  0.1418711656441718
2025-07-05 12:31:36.151 | INFO     | eval_module:run_evaluation:81 - Val prevalence:  0.1273798730734361
2025-07-05 12:31:36.152 | INFO     | eval_module:run_evaluation:82 - Test prevalence:  0.1187756966651439
2025-07-05 12:31:36.152 | CRITICAL | eval_module:run_evaluation:91 - Start | Fitting knn...
2025-07-05 12:31:37.399 | INFO     | eval_module:run_evaluation:140 - Best hparams: {'algorithm': 'auto', 'leaf_size': 30, 'metric': 'cosine', 'metric_params': None, 'n_jobs': None, 'n_neighbors': 5, 'p': 2, 'weights': 'distance'}
2025-07-05 12:31:37.399 | CRITICAL | eval_module:run_evaluation:143 - Finish | Fitting knn...
2025-07-05 12:31:37.806 | INFO     | eval_module:run_evaluation:154 - Train AUROC: 1.0
2025-07-05 12:31:37.806 | INFO     | eval_module:run_evaluation:155 - Val AUROC:   0.7114655451310254
2025-07-05 12:31:37.806 | INFO     | eval_module:run_evaluation:156 - Test AUROC:  0.7282719224787655
2025-07-05 12:31:37.808 | INFO     | eval_module:run_evaluation:162 - Train AUPRC: 1.0
2025-07-05 12:31:37.808 | INFO     | eval_module:run_evaluation:163 - Val AUPRC:   0.34914852657516726
2025-07-05 12:31:37.809 | INFO     | eval_module:run_evaluation:164 - Test AUPRC:  0.32193037122651846
2025-07-05 12:31:37.809 | INFO     | __main__:run_dimensionality_analysis:363 -     Results: AUROC=0.728, AUPRC=0.322
2025-07-05 12:31:37.809 | INFO     | __main__:run_dimensionality_analysis:368 -     Progress: 64/448 (14.3%) - ETA: 0h 49m
2025-07-05 12:31:37.809 | INFO     | __main__:run_dimensionality_analysis:329 -     Reducing to 50 dimensions... (5/8)
2025-07-05 12:31:37.809 | INFO     | reducers:fit_transform:55 - Applying PCA to reduce from 768 to 50 dimensions
2025-07-05 12:31:37.886 | INFO     | __main__:run_dimensionality_analysis:343 -     Reduced shapes - Train: (2608, 50), Val: (2206, 50), Test: (2189, 50)
2025-07-05 12:31:37.886 | CRITICAL | eval_module:run_evaluation:76 - Start | Training knn
2025-07-05 12:31:37.886 | INFO     | eval_module:run_evaluation:77 - Train shape: X = (2608, 50), Y = (2608,)
2025-07-05 12:31:37.886 | INFO     | eval_module:run_evaluation:78 - Val shape: X = (2206, 50), Y = (2206,)
2025-07-05 12:31:37.887 | INFO     | eval_module:run_evaluation:79 - Test shape: X = (2189, 50), Y = (2189,)
2025-07-05 12:31:37.887 | INFO     | eval_module:run_evaluation:80 - Train prevalence:  0.1418711656441718
2025-07-05 12:31:37.887 | INFO     | eval_module:run_evaluation:81 - Val prevalence:  0.1273798730734361
2025-07-05 12:31:37.887 | INFO     | eval_module:run_evaluation:82 - Test prevalence:  0.1187756966651439
2025-07-05 12:31:37.887 | CRITICAL | eval_module:run_evaluation:91 - Start | Fitting knn...
2025-07-05 12:31:39.282 | INFO     | eval_module:run_evaluation:140 - Best hparams: {'algorithm': 'auto', 'leaf_size': 30, 'metric': 'cosine', 'metric_params': None, 'n_jobs': None, 'n_neighbors': 5, 'p': 2, 'weights': 'distance'}
2025-07-05 12:31:39.283 | CRITICAL | eval_module:run_evaluation:143 - Finish | Fitting knn...
2025-07-05 12:31:39.667 | INFO     | eval_module:run_evaluation:154 - Train AUROC: 1.0
2025-07-05 12:31:39.668 | INFO     | eval_module:run_evaluation:155 - Val AUROC:   0.7101030641955908
2025-07-05 12:31:39.668 | INFO     | eval_module:run_evaluation:156 - Test AUROC:  0.7098187582246679
2025-07-05 12:31:39.670 | INFO     | eval_module:run_evaluation:162 - Train AUPRC: 1.0
2025-07-05 12:31:39.670 | INFO     | eval_module:run_evaluation:163 - Val AUPRC:   0.3444200336961273
2025-07-05 12:31:39.670 | INFO     | eval_module:run_evaluation:164 - Test AUPRC:  0.3012334817512149
2025-07-05 12:31:39.670 | INFO     | __main__:run_dimensionality_analysis:363 -     Results: AUROC=0.710, AUPRC=0.301
2025-07-05 12:31:39.670 | INFO     | __main__:run_dimensionality_analysis:368 -     Progress: 65/448 (14.5%) - ETA: 0h 48m
2025-07-05 12:31:39.673 | INFO     | __main__:save_checkpoint:90 - Saved 74 results to ../EHRSHOT_ASSETS/dimensionality_analysis/dimensionality_results.csv
2025-07-05 12:31:39.674 | INFO     | __main__:save_checkpoint:112 - Checkpoint saved: 65 combinations completed
2025-07-05 12:31:39.674 | INFO     | __main__:run_dimensionality_analysis:329 -     Reducing to 100 dimensions... (6/8)
2025-07-05 12:31:39.674 | INFO     | reducers:fit_transform:55 - Applying PCA to reduce from 768 to 100 dimensions
2025-07-05 12:31:39.770 | INFO     | __main__:run_dimensionality_analysis:343 -     Reduced shapes - Train: (2608, 100), Val: (2206, 100), Test: (2189, 100)
2025-07-05 12:31:39.770 | CRITICAL | eval_module:run_evaluation:76 - Start | Training knn
2025-07-05 12:31:39.770 | INFO     | eval_module:run_evaluation:77 - Train shape: X = (2608, 100), Y = (2608,)
2025-07-05 12:31:39.770 | INFO     | eval_module:run_evaluation:78 - Val shape: X = (2206, 100), Y = (2206,)
2025-07-05 12:31:39.770 | INFO     | eval_module:run_evaluation:79 - Test shape: X = (2189, 100), Y = (2189,)
2025-07-05 12:31:39.771 | INFO     | eval_module:run_evaluation:80 - Train prevalence:  0.1418711656441718
2025-07-05 12:31:39.771 | INFO     | eval_module:run_evaluation:81 - Val prevalence:  0.1273798730734361
2025-07-05 12:31:39.771 | INFO     | eval_module:run_evaluation:82 - Test prevalence:  0.1187756966651439
2025-07-05 12:31:39.772 | CRITICAL | eval_module:run_evaluation:91 - Start | Fitting knn...
2025-07-05 12:31:41.466 | INFO     | eval_module:run_evaluation:140 - Best hparams: {'algorithm': 'auto', 'leaf_size': 30, 'metric': 'cosine', 'metric_params': None, 'n_jobs': None, 'n_neighbors': 5, 'p': 2, 'weights': 'distance'}
2025-07-05 12:31:41.467 | CRITICAL | eval_module:run_evaluation:143 - Finish | Fitting knn...
2025-07-05 12:31:41.850 | INFO     | eval_module:run_evaluation:154 - Train AUROC: 1.0
2025-07-05 12:31:41.850 | INFO     | eval_module:run_evaluation:155 - Val AUROC:   0.7110810186255027
2025-07-05 12:31:41.850 | INFO     | eval_module:run_evaluation:156 - Test AUROC:  0.7133608485863541
2025-07-05 12:31:41.852 | INFO     | eval_module:run_evaluation:162 - Train AUPRC: 1.0
2025-07-05 12:31:41.852 | INFO     | eval_module:run_evaluation:163 - Val AUPRC:   0.3443368760246637
2025-07-05 12:31:41.852 | INFO     | eval_module:run_evaluation:164 - Test AUPRC:  0.31122451027267467
2025-07-05 12:31:41.852 | INFO     | __main__:run_dimensionality_analysis:363 -     Results: AUROC=0.713, AUPRC=0.311
2025-07-05 12:31:41.853 | INFO     | __main__:run_dimensionality_analysis:368 -     Progress: 66/448 (14.7%) - ETA: 0h 47m
2025-07-05 12:31:41.853 | INFO     | __main__:run_dimensionality_analysis:329 -     Reducing to 200 dimensions... (7/8)
2025-07-05 12:31:41.853 | INFO     | reducers:fit_transform:55 - Applying PCA to reduce from 768 to 200 dimensions
2025-07-05 12:31:42.019 | INFO     | __main__:run_dimensionality_analysis:343 -     Reduced shapes - Train: (2608, 200), Val: (2206, 200), Test: (2189, 200)
2025-07-05 12:31:42.020 | CRITICAL | eval_module:run_evaluation:76 - Start | Training knn
2025-07-05 12:31:42.020 | INFO     | eval_module:run_evaluation:77 - Train shape: X = (2608, 200), Y = (2608,)
2025-07-05 12:31:42.020 | INFO     | eval_module:run_evaluation:78 - Val shape: X = (2206, 200), Y = (2206,)
2025-07-05 12:31:42.020 | INFO     | eval_module:run_evaluation:79 - Test shape: X = (2189, 200), Y = (2189,)
2025-07-05 12:31:42.020 | INFO     | eval_module:run_evaluation:80 - Train prevalence:  0.1418711656441718
2025-07-05 12:31:42.020 | INFO     | eval_module:run_evaluation:81 - Val prevalence:  0.1273798730734361
2025-07-05 12:31:42.020 | INFO     | eval_module:run_evaluation:82 - Test prevalence:  0.1187756966651439
2025-07-05 12:31:42.022 | CRITICAL | eval_module:run_evaluation:91 - Start | Fitting knn...
2025-07-05 12:31:44.126 | INFO     | eval_module:run_evaluation:140 - Best hparams: {'algorithm': 'auto', 'leaf_size': 30, 'metric': 'cosine', 'metric_params': None, 'n_jobs': None, 'n_neighbors': 5, 'p': 2, 'weights': 'distance'}
2025-07-05 12:31:44.126 | CRITICAL | eval_module:run_evaluation:143 - Finish | Fitting knn...
2025-07-05 12:31:44.513 | INFO     | eval_module:run_evaluation:154 - Train AUROC: 1.0
2025-07-05 12:31:44.514 | INFO     | eval_module:run_evaluation:155 - Val AUROC:   0.6948809908952257
2025-07-05 12:31:44.514 | INFO     | eval_module:run_evaluation:156 - Test AUROC:  0.7162509470829843
2025-07-05 12:31:44.516 | INFO     | eval_module:run_evaluation:162 - Train AUPRC: 1.0
2025-07-05 12:31:44.516 | INFO     | eval_module:run_evaluation:163 - Val AUPRC:   0.32541902248770965
2025-07-05 12:31:44.516 | INFO     | eval_module:run_evaluation:164 - Test AUPRC:  0.32002153119270565
2025-07-05 12:31:44.516 | INFO     | __main__:run_dimensionality_analysis:363 -     Results: AUROC=0.716, AUPRC=0.320
2025-07-05 12:31:44.516 | INFO     | __main__:run_dimensionality_analysis:368 -     Progress: 67/448 (15.0%) - ETA: 0h 47m
2025-07-05 12:31:44.516 | INFO     | __main__:run_dimensionality_analysis:329 -     Reducing to 400 dimensions... (8/8)
2025-07-05 12:31:44.517 | INFO     | reducers:fit_transform:55 - Applying PCA to reduce from 768 to 400 dimensions
2025-07-05 12:31:44.880 | INFO     | __main__:run_dimensionality_analysis:343 -     Reduced shapes - Train: (2608, 400), Val: (2206, 400), Test: (2189, 400)
2025-07-05 12:31:44.880 | CRITICAL | eval_module:run_evaluation:76 - Start | Training knn
2025-07-05 12:31:44.880 | INFO     | eval_module:run_evaluation:77 - Train shape: X = (2608, 400), Y = (2608,)
2025-07-05 12:31:44.880 | INFO     | eval_module:run_evaluation:78 - Val shape: X = (2206, 400), Y = (2206,)
2025-07-05 12:31:44.881 | INFO     | eval_module:run_evaluation:79 - Test shape: X = (2189, 400), Y = (2189,)
2025-07-05 12:31:44.881 | INFO     | eval_module:run_evaluation:80 - Train prevalence:  0.1418711656441718
2025-07-05 12:31:44.881 | INFO     | eval_module:run_evaluation:81 - Val prevalence:  0.1273798730734361
2025-07-05 12:31:44.881 | INFO     | eval_module:run_evaluation:82 - Test prevalence:  0.1187756966651439
2025-07-05 12:31:44.883 | CRITICAL | eval_module:run_evaluation:91 - Start | Fitting knn...
2025-07-05 12:31:47.841 | INFO     | eval_module:run_evaluation:140 - Best hparams: {'algorithm': 'auto', 'leaf_size': 30, 'metric': 'cosine', 'metric_params': None, 'n_jobs': None, 'n_neighbors': 5, 'p': 2, 'weights': 'distance'}
2025-07-05 12:31:47.841 | CRITICAL | eval_module:run_evaluation:143 - Finish | Fitting knn...
2025-07-05 12:31:48.242 | INFO     | eval_module:run_evaluation:154 - Train AUROC: 1.0
2025-07-05 12:31:48.243 | INFO     | eval_module:run_evaluation:155 - Val AUROC:   0.7114017654942923
2025-07-05 12:31:48.243 | INFO     | eval_module:run_evaluation:156 - Test AUROC:  0.7050703832196833
2025-07-05 12:31:48.245 | INFO     | eval_module:run_evaluation:162 - Train AUPRC: 1.0
2025-07-05 12:31:48.245 | INFO     | eval_module:run_evaluation:163 - Val AUPRC:   0.32921647336416304
2025-07-05 12:31:48.245 | INFO     | eval_module:run_evaluation:164 - Test AUPRC:  0.30640261906222993
2025-07-05 12:31:48.245 | INFO     | __main__:run_dimensionality_analysis:363 -     Results: AUROC=0.705, AUPRC=0.306
2025-07-05 12:31:48.245 | INFO     | __main__:run_dimensionality_analysis:368 -     Progress: 68/448 (15.2%) - ETA: 0h 46m
2025-07-05 12:31:48.248 | INFO     | __main__:save_checkpoint:90 - Saved 80 results to ../EHRSHOT_ASSETS/dimensionality_analysis/dimensionality_results.csv
2025-07-05 12:31:48.248 | INFO     | __main__:save_checkpoint:112 - Checkpoint saved: 68 combinations completed
2025-07-05 12:31:48.249 | INFO     | __main__:run_dimensionality_analysis:314 - 
  Testing method 2/2: umap
2025-07-05 12:31:48.249 | INFO     | __main__:run_dimensionality_analysis:329 -     Reducing to 2 dimensions... (1/8)
2025-07-05 12:31:48.249 | INFO     | reducers:fit_transform:101 - Applying UMAP to reduce from 768 to 2 dimensions
2025-07-05 12:31:48.249 | INFO     | reducers:fit_transform:102 - Using n_neighbors: 15, n_jobs: 16
/home/pvenema/.conda/envs/EHRSHOT_ENV/lib/python3.10/site-packages/umap/umap_.py:1952: UserWarning: n_jobs value 1 overridden to 1 by setting random_state. Use no seed for parallelism.
  warn(
2025-07-05 12:32:04.425 | INFO     | __main__:run_dimensionality_analysis:343 -     Reduced shapes - Train: (2608, 2), Val: (2206, 2), Test: (2189, 2)
2025-07-05 12:32:04.426 | CRITICAL | eval_module:run_evaluation:76 - Start | Training knn
2025-07-05 12:32:04.426 | INFO     | eval_module:run_evaluation:77 - Train shape: X = (2608, 2), Y = (2608,)
2025-07-05 12:32:04.426 | INFO     | eval_module:run_evaluation:78 - Val shape: X = (2206, 2), Y = (2206,)
2025-07-05 12:32:04.426 | INFO     | eval_module:run_evaluation:79 - Test shape: X = (2189, 2), Y = (2189,)
2025-07-05 12:32:04.426 | INFO     | eval_module:run_evaluation:80 - Train prevalence:  0.1418711656441718
2025-07-05 12:32:04.426 | INFO     | eval_module:run_evaluation:81 - Val prevalence:  0.1273798730734361
2025-07-05 12:32:04.426 | INFO     | eval_module:run_evaluation:82 - Test prevalence:  0.1187756966651439
2025-07-05 12:32:04.427 | CRITICAL | eval_module:run_evaluation:91 - Start | Fitting knn...
2025-07-05 12:32:05.109 | INFO     | eval_module:run_evaluation:140 - Best hparams: {'algorithm': 'auto', 'leaf_size': 30, 'metric': 'euclidean', 'metric_params': None, 'n_jobs': None, 'n_neighbors': 5, 'p': 2, 'weights': 'distance'}
2025-07-05 12:32:05.109 | CRITICAL | eval_module:run_evaluation:143 - Finish | Fitting knn...
2025-07-05 12:32:05.158 | INFO     | eval_module:run_evaluation:154 - Train AUROC: 1.0
2025-07-05 12:32:05.158 | INFO     | eval_module:run_evaluation:155 - Val AUROC:   0.671838055183251
2025-07-05 12:32:05.158 | INFO     | eval_module:run_evaluation:156 - Test AUROC:  0.701361805638633
2025-07-05 12:32:05.160 | INFO     | eval_module:run_evaluation:162 - Train AUPRC: 1.0
2025-07-05 12:32:05.160 | INFO     | eval_module:run_evaluation:163 - Val AUPRC:   0.29749073659247105
2025-07-05 12:32:05.161 | INFO     | eval_module:run_evaluation:164 - Test AUPRC:  0.2953141778261363
2025-07-05 12:32:05.161 | INFO     | __main__:run_dimensionality_analysis:363 -     Results: AUROC=0.701, AUPRC=0.295
2025-07-05 12:32:05.161 | INFO     | __main__:run_dimensionality_analysis:368 -     Progress: 69/448 (15.4%) - ETA: 0h 47m
2025-07-05 12:32:05.161 | INFO     | __main__:run_dimensionality_analysis:329 -     Reducing to 5 dimensions... (2/8)
2025-07-05 12:32:05.161 | INFO     | reducers:fit_transform:101 - Applying UMAP to reduce from 768 to 5 dimensions
2025-07-05 12:32:05.161 | INFO     | reducers:fit_transform:102 - Using n_neighbors: 15, n_jobs: 16
/home/pvenema/.conda/envs/EHRSHOT_ENV/lib/python3.10/site-packages/umap/umap_.py:1952: UserWarning: n_jobs value 1 overridden to 1 by setting random_state. Use no seed for parallelism.
  warn(
2025-07-05 12:32:21.621 | INFO     | __main__:run_dimensionality_analysis:343 -     Reduced shapes - Train: (2608, 5), Val: (2206, 5), Test: (2189, 5)
2025-07-05 12:32:21.622 | CRITICAL | eval_module:run_evaluation:76 - Start | Training knn
2025-07-05 12:32:21.622 | INFO     | eval_module:run_evaluation:77 - Train shape: X = (2608, 5), Y = (2608,)
2025-07-05 12:32:21.622 | INFO     | eval_module:run_evaluation:78 - Val shape: X = (2206, 5), Y = (2206,)
2025-07-05 12:32:21.622 | INFO     | eval_module:run_evaluation:79 - Test shape: X = (2189, 5), Y = (2189,)
2025-07-05 12:32:21.622 | INFO     | eval_module:run_evaluation:80 - Train prevalence:  0.1418711656441718
2025-07-05 12:32:21.622 | INFO     | eval_module:run_evaluation:81 - Val prevalence:  0.1273798730734361
2025-07-05 12:32:21.623 | INFO     | eval_module:run_evaluation:82 - Test prevalence:  0.1187756966651439
2025-07-05 12:32:21.623 | CRITICAL | eval_module:run_evaluation:91 - Start | Fitting knn...
2025-07-05 12:32:22.322 | INFO     | eval_module:run_evaluation:140 - Best hparams: {'algorithm': 'auto', 'leaf_size': 30, 'metric': 'euclidean', 'metric_params': None, 'n_jobs': None, 'n_neighbors': 5, 'p': 2, 'weights': 'uniform'}
2025-07-05 12:32:22.323 | CRITICAL | eval_module:run_evaluation:143 - Finish | Fitting knn...
2025-07-05 12:32:22.379 | INFO     | eval_module:run_evaluation:154 - Train AUROC: 0.914501364635413
2025-07-05 12:32:22.379 | INFO     | eval_module:run_evaluation:155 - Val AUROC:   0.6858446180154364
2025-07-05 12:32:22.379 | INFO     | eval_module:run_evaluation:156 - Test AUROC:  0.7004137257247678
2025-07-05 12:32:22.381 | INFO     | eval_module:run_evaluation:162 - Train AUPRC: 0.611106700526767
2025-07-05 12:32:22.381 | INFO     | eval_module:run_evaluation:163 - Val AUPRC:   0.28315666340671525
2025-07-05 12:32:22.381 | INFO     | eval_module:run_evaluation:164 - Test AUPRC:  0.2644441479211178
2025-07-05 12:32:22.381 | INFO     | __main__:run_dimensionality_analysis:363 -     Results: AUROC=0.700, AUPRC=0.264
2025-07-05 12:32:22.381 | INFO     | __main__:run_dimensionality_analysis:368 -     Progress: 70/448 (15.6%) - ETA: 0h 48m
2025-07-05 12:32:22.383 | INFO     | __main__:save_checkpoint:90 - Saved 84 results to ../EHRSHOT_ASSETS/dimensionality_analysis/dimensionality_results.csv
2025-07-05 12:32:22.384 | INFO     | __main__:save_checkpoint:112 - Checkpoint saved: 70 combinations completed
2025-07-05 12:32:22.385 | INFO     | __main__:run_dimensionality_analysis:329 -     Reducing to 10 dimensions... (3/8)
2025-07-05 12:32:22.385 | INFO     | reducers:fit_transform:101 - Applying UMAP to reduce from 768 to 10 dimensions
2025-07-05 12:32:22.385 | INFO     | reducers:fit_transform:102 - Using n_neighbors: 15, n_jobs: 16
/home/pvenema/.conda/envs/EHRSHOT_ENV/lib/python3.10/site-packages/umap/umap_.py:1952: UserWarning: n_jobs value 1 overridden to 1 by setting random_state. Use no seed for parallelism.
  warn(
2025-07-05 12:32:39.216 | INFO     | __main__:run_dimensionality_analysis:343 -     Reduced shapes - Train: (2608, 10), Val: (2206, 10), Test: (2189, 10)
2025-07-05 12:32:39.217 | CRITICAL | eval_module:run_evaluation:76 - Start | Training knn
2025-07-05 12:32:39.217 | INFO     | eval_module:run_evaluation:77 - Train shape: X = (2608, 10), Y = (2608,)
2025-07-05 12:32:39.217 | INFO     | eval_module:run_evaluation:78 - Val shape: X = (2206, 10), Y = (2206,)
2025-07-05 12:32:39.217 | INFO     | eval_module:run_evaluation:79 - Test shape: X = (2189, 10), Y = (2189,)
2025-07-05 12:32:39.217 | INFO     | eval_module:run_evaluation:80 - Train prevalence:  0.1418711656441718
2025-07-05 12:32:39.217 | INFO     | eval_module:run_evaluation:81 - Val prevalence:  0.1273798730734361
2025-07-05 12:32:39.217 | INFO     | eval_module:run_evaluation:82 - Test prevalence:  0.1187756966651439
2025-07-05 12:32:39.218 | CRITICAL | eval_module:run_evaluation:91 - Start | Fitting knn...
2025-07-05 12:32:39.997 | INFO     | eval_module:run_evaluation:140 - Best hparams: {'algorithm': 'auto', 'leaf_size': 30, 'metric': 'cosine', 'metric_params': None, 'n_jobs': None, 'n_neighbors': 5, 'p': 2, 'weights': 'uniform'}
2025-07-05 12:32:39.997 | CRITICAL | eval_module:run_evaluation:143 - Finish | Fitting knn...
2025-07-05 12:32:40.349 | INFO     | eval_module:run_evaluation:154 - Train AUROC: 0.9125214356447601
2025-07-05 12:32:40.349 | INFO     | eval_module:run_evaluation:155 - Val AUROC:   0.6762018764153995
2025-07-05 12:32:40.349 | INFO     | eval_module:run_evaluation:156 - Test AUROC:  0.7161851497388044
2025-07-05 12:32:40.351 | INFO     | eval_module:run_evaluation:162 - Train AUPRC: 0.6093015138892648
2025-07-05 12:32:40.351 | INFO     | eval_module:run_evaluation:163 - Val AUPRC:   0.28846136160423685
2025-07-05 12:32:40.351 | INFO     | eval_module:run_evaluation:164 - Test AUPRC:  0.28816383444370247
2025-07-05 12:32:40.351 | INFO     | __main__:run_dimensionality_analysis:363 -     Results: AUROC=0.716, AUPRC=0.288
2025-07-05 12:32:40.352 | INFO     | __main__:run_dimensionality_analysis:368 -     Progress: 71/448 (15.8%) - ETA: 0h 48m
2025-07-05 12:32:40.352 | INFO     | __main__:run_dimensionality_analysis:329 -     Reducing to 25 dimensions... (4/8)
2025-07-05 12:32:40.352 | INFO     | reducers:fit_transform:101 - Applying UMAP to reduce from 768 to 25 dimensions
2025-07-05 12:32:40.352 | INFO     | reducers:fit_transform:102 - Using n_neighbors: 15, n_jobs: 16
/home/pvenema/.conda/envs/EHRSHOT_ENV/lib/python3.10/site-packages/umap/umap_.py:1952: UserWarning: n_jobs value 1 overridden to 1 by setting random_state. Use no seed for parallelism.
  warn(
2025-07-05 12:32:58.144 | INFO     | __main__:run_dimensionality_analysis:343 -     Reduced shapes - Train: (2608, 25), Val: (2206, 25), Test: (2189, 25)
2025-07-05 12:32:58.145 | CRITICAL | eval_module:run_evaluation:76 - Start | Training knn
2025-07-05 12:32:58.145 | INFO     | eval_module:run_evaluation:77 - Train shape: X = (2608, 25), Y = (2608,)
2025-07-05 12:32:58.145 | INFO     | eval_module:run_evaluation:78 - Val shape: X = (2206, 25), Y = (2206,)
2025-07-05 12:32:58.145 | INFO     | eval_module:run_evaluation:79 - Test shape: X = (2189, 25), Y = (2189,)
2025-07-05 12:32:58.145 | INFO     | eval_module:run_evaluation:80 - Train prevalence:  0.1418711656441718
2025-07-05 12:32:58.145 | INFO     | eval_module:run_evaluation:81 - Val prevalence:  0.1273798730734361
2025-07-05 12:32:58.145 | INFO     | eval_module:run_evaluation:82 - Test prevalence:  0.1187756966651439
2025-07-05 12:32:58.146 | CRITICAL | eval_module:run_evaluation:91 - Start | Fitting knn...
2025-07-05 12:32:59.268 | INFO     | eval_module:run_evaluation:140 - Best hparams: {'algorithm': 'auto', 'leaf_size': 30, 'metric': 'cosine', 'metric_params': None, 'n_jobs': None, 'n_neighbors': 5, 'p': 2, 'weights': 'uniform'}
2025-07-05 12:32:59.269 | CRITICAL | eval_module:run_evaluation:143 - Finish | Fitting knn...
2025-07-05 12:32:59.640 | INFO     | eval_module:run_evaluation:154 - Train AUROC: 0.916265729536507
2025-07-05 12:32:59.641 | INFO     | eval_module:run_evaluation:155 - Val AUROC:   0.6636622452280816
2025-07-05 12:32:59.641 | INFO     | eval_module:run_evaluation:156 - Test AUROC:  0.7224199465645811
2025-07-05 12:32:59.643 | INFO     | eval_module:run_evaluation:162 - Train AUPRC: 0.6191113735859124
2025-07-05 12:32:59.643 | INFO     | eval_module:run_evaluation:163 - Val AUPRC:   0.2712405013355649
2025-07-05 12:32:59.643 | INFO     | eval_module:run_evaluation:164 - Test AUPRC:  0.2893699833412471
2025-07-05 12:32:59.643 | INFO     | __main__:run_dimensionality_analysis:363 -     Results: AUROC=0.722, AUPRC=0.289
2025-07-05 12:32:59.643 | INFO     | __main__:run_dimensionality_analysis:368 -     Progress: 72/448 (16.1%) - ETA: 0h 49m
2025-07-05 12:32:59.643 | INFO     | __main__:run_dimensionality_analysis:329 -     Reducing to 50 dimensions... (5/8)
2025-07-05 12:32:59.643 | INFO     | reducers:fit_transform:101 - Applying UMAP to reduce from 768 to 50 dimensions
2025-07-05 12:32:59.644 | INFO     | reducers:fit_transform:102 - Using n_neighbors: 15, n_jobs: 16
/home/pvenema/.conda/envs/EHRSHOT_ENV/lib/python3.10/site-packages/umap/umap_.py:1952: UserWarning: n_jobs value 1 overridden to 1 by setting random_state. Use no seed for parallelism.
  warn(
2025-07-05 12:33:17.891 | INFO     | __main__:run_dimensionality_analysis:343 -     Reduced shapes - Train: (2608, 50), Val: (2206, 50), Test: (2189, 50)
2025-07-05 12:33:17.891 | CRITICAL | eval_module:run_evaluation:76 - Start | Training knn
2025-07-05 12:33:17.891 | INFO     | eval_module:run_evaluation:77 - Train shape: X = (2608, 50), Y = (2608,)
2025-07-05 12:33:17.892 | INFO     | eval_module:run_evaluation:78 - Val shape: X = (2206, 50), Y = (2206,)
2025-07-05 12:33:17.892 | INFO     | eval_module:run_evaluation:79 - Test shape: X = (2189, 50), Y = (2189,)
2025-07-05 12:33:17.892 | INFO     | eval_module:run_evaluation:80 - Train prevalence:  0.1418711656441718
2025-07-05 12:33:17.892 | INFO     | eval_module:run_evaluation:81 - Val prevalence:  0.1273798730734361
2025-07-05 12:33:17.892 | INFO     | eval_module:run_evaluation:82 - Test prevalence:  0.1187756966651439
2025-07-05 12:33:17.892 | CRITICAL | eval_module:run_evaluation:91 - Start | Fitting knn...
2025-07-05 12:33:19.110 | INFO     | eval_module:run_evaluation:140 - Best hparams: {'algorithm': 'auto', 'leaf_size': 30, 'metric': 'euclidean', 'metric_params': None, 'n_jobs': None, 'n_neighbors': 5, 'p': 2, 'weights': 'distance'}
2025-07-05 12:33:19.111 | CRITICAL | eval_module:run_evaluation:143 - Finish | Fitting knn...
2025-07-05 12:33:19.231 | INFO     | eval_module:run_evaluation:154 - Train AUROC: 1.0
2025-07-05 12:33:19.232 | INFO     | eval_module:run_evaluation:155 - Val AUROC:   0.6860720062855294
2025-07-05 12:33:19.232 | INFO     | eval_module:run_evaluation:156 - Test AUROC:  0.7127995773019101
2025-07-05 12:33:19.234 | INFO     | eval_module:run_evaluation:162 - Train AUPRC: 1.0
2025-07-05 12:33:19.234 | INFO     | eval_module:run_evaluation:163 - Val AUPRC:   0.2912242995635369
2025-07-05 12:33:19.234 | INFO     | eval_module:run_evaluation:164 - Test AUPRC:  0.3029108222015854
2025-07-05 12:33:19.234 | INFO     | __main__:run_dimensionality_analysis:363 -     Results: AUROC=0.713, AUPRC=0.303
2025-07-05 12:33:19.234 | INFO     | __main__:run_dimensionality_analysis:368 -     Progress: 73/448 (16.3%) - ETA: 0h 50m
2025-07-05 12:33:19.234 | INFO     | __main__:run_dimensionality_analysis:329 -     Reducing to 100 dimensions... (6/8)
2025-07-05 12:33:19.234 | INFO     | reducers:fit_transform:101 - Applying UMAP to reduce from 768 to 100 dimensions
2025-07-05 12:33:19.235 | INFO     | reducers:fit_transform:102 - Using n_neighbors: 15, n_jobs: 16
/home/pvenema/.conda/envs/EHRSHOT_ENV/lib/python3.10/site-packages/umap/umap_.py:1952: UserWarning: n_jobs value 1 overridden to 1 by setting random_state. Use no seed for parallelism.
  warn(
2025-07-05 12:33:38.506 | INFO     | __main__:run_dimensionality_analysis:343 -     Reduced shapes - Train: (2608, 100), Val: (2206, 100), Test: (2189, 100)
2025-07-05 12:33:38.506 | CRITICAL | eval_module:run_evaluation:76 - Start | Training knn
2025-07-05 12:33:38.506 | INFO     | eval_module:run_evaluation:77 - Train shape: X = (2608, 100), Y = (2608,)
2025-07-05 12:33:38.506 | INFO     | eval_module:run_evaluation:78 - Val shape: X = (2206, 100), Y = (2206,)
2025-07-05 12:33:38.506 | INFO     | eval_module:run_evaluation:79 - Test shape: X = (2189, 100), Y = (2189,)
2025-07-05 12:33:38.507 | INFO     | eval_module:run_evaluation:80 - Train prevalence:  0.1418711656441718
2025-07-05 12:33:38.507 | INFO     | eval_module:run_evaluation:81 - Val prevalence:  0.1273798730734361
2025-07-05 12:33:38.507 | INFO     | eval_module:run_evaluation:82 - Test prevalence:  0.1187756966651439
2025-07-05 12:33:38.507 | CRITICAL | eval_module:run_evaluation:91 - Start | Fitting knn...
2025-07-05 12:33:40.028 | INFO     | eval_module:run_evaluation:140 - Best hparams: {'algorithm': 'auto', 'leaf_size': 30, 'metric': 'euclidean', 'metric_params': None, 'n_jobs': None, 'n_neighbors': 5, 'p': 2, 'weights': 'uniform'}
2025-07-05 12:33:40.028 | CRITICAL | eval_module:run_evaluation:143 - Finish | Fitting knn...
2025-07-05 12:33:40.102 | INFO     | eval_module:run_evaluation:154 - Train AUROC: 0.9152748593097119
2025-07-05 12:33:40.102 | INFO     | eval_module:run_evaluation:155 - Val AUROC:   0.6537736285067246
2025-07-05 12:33:40.102 | INFO     | eval_module:run_evaluation:156 - Test AUROC:  0.7279758344299557
2025-07-05 12:33:40.104 | INFO     | eval_module:run_evaluation:162 - Train AUPRC: 0.6169853602862363
2025-07-05 12:33:40.104 | INFO     | eval_module:run_evaluation:163 - Val AUPRC:   0.27046281660291194
2025-07-05 12:33:40.104 | INFO     | eval_module:run_evaluation:164 - Test AUPRC:  0.2974403035766816
2025-07-05 12:33:40.104 | INFO     | __main__:run_dimensionality_analysis:363 -     Results: AUROC=0.728, AUPRC=0.297
2025-07-05 12:33:40.104 | INFO     | __main__:run_dimensionality_analysis:368 -     Progress: 74/448 (16.5%) - ETA: 0h 51m
2025-07-05 12:33:40.104 | INFO     | __main__:run_dimensionality_analysis:329 -     Reducing to 200 dimensions... (7/8)
2025-07-05 12:33:40.105 | INFO     | reducers:fit_transform:101 - Applying UMAP to reduce from 768 to 200 dimensions
2025-07-05 12:33:40.105 | INFO     | reducers:fit_transform:102 - Using n_neighbors: 15, n_jobs: 16
/home/pvenema/.conda/envs/EHRSHOT_ENV/lib/python3.10/site-packages/umap/umap_.py:1952: UserWarning: n_jobs value 1 overridden to 1 by setting random_state. Use no seed for parallelism.
  warn(
2025-07-05 12:34:01.582 | INFO     | __main__:run_dimensionality_analysis:343 -     Reduced shapes - Train: (2608, 200), Val: (2206, 200), Test: (2189, 200)
2025-07-05 12:34:01.585 | CRITICAL | eval_module:run_evaluation:76 - Start | Training knn
2025-07-05 12:34:01.585 | INFO     | eval_module:run_evaluation:77 - Train shape: X = (2608, 200), Y = (2608,)
2025-07-05 12:34:01.585 | INFO     | eval_module:run_evaluation:78 - Val shape: X = (2206, 200), Y = (2206,)
2025-07-05 12:34:01.585 | INFO     | eval_module:run_evaluation:79 - Test shape: X = (2189, 200), Y = (2189,)
2025-07-05 12:34:01.585 | INFO     | eval_module:run_evaluation:80 - Train prevalence:  0.1418711656441718
2025-07-05 12:34:01.585 | INFO     | eval_module:run_evaluation:81 - Val prevalence:  0.1273798730734361
2025-07-05 12:34:01.585 | INFO     | eval_module:run_evaluation:82 - Test prevalence:  0.1187756966651439
2025-07-05 12:34:01.586 | CRITICAL | eval_module:run_evaluation:91 - Start | Fitting knn...
2025-07-05 12:34:03.540 | INFO     | eval_module:run_evaluation:140 - Best hparams: {'algorithm': 'auto', 'leaf_size': 30, 'metric': 'cosine', 'metric_params': None, 'n_jobs': None, 'n_neighbors': 5, 'p': 2, 'weights': 'distance'}
2025-07-05 12:34:03.540 | CRITICAL | eval_module:run_evaluation:143 - Finish | Fitting knn...
2025-07-05 12:34:03.870 | INFO     | eval_module:run_evaluation:154 - Train AUROC: 0.9989336521508103
2025-07-05 12:34:03.870 | INFO     | eval_module:run_evaluation:155 - Val AUROC:   0.6804852798447104
2025-07-05 12:34:03.870 | INFO     | eval_module:run_evaluation:156 - Test AUROC:  0.7136439765522192
2025-07-05 12:34:03.872 | INFO     | eval_module:run_evaluation:162 - Train AUPRC: 0.9908127308458533
2025-07-05 12:34:03.872 | INFO     | eval_module:run_evaluation:163 - Val AUPRC:   0.28452762210011734
2025-07-05 12:34:03.873 | INFO     | eval_module:run_evaluation:164 - Test AUPRC:  0.2775922302705092
2025-07-05 12:34:03.873 | INFO     | __main__:run_dimensionality_analysis:363 -     Results: AUROC=0.714, AUPRC=0.278
2025-07-05 12:34:03.873 | INFO     | __main__:run_dimensionality_analysis:368 -     Progress: 75/448 (16.7%) - ETA: 0h 52m
2025-07-05 12:34:03.880 | INFO     | __main__:save_checkpoint:90 - Saved 94 results to ../EHRSHOT_ASSETS/dimensionality_analysis/dimensionality_results.csv
2025-07-05 12:34:03.881 | INFO     | __main__:save_checkpoint:112 - Checkpoint saved: 75 combinations completed
2025-07-05 12:34:03.881 | INFO     | __main__:run_dimensionality_analysis:329 -     Reducing to 400 dimensions... (8/8)
2025-07-05 12:34:03.881 | INFO     | reducers:fit_transform:101 - Applying UMAP to reduce from 768 to 400 dimensions
2025-07-05 12:34:03.881 | INFO     | reducers:fit_transform:102 - Using n_neighbors: 15, n_jobs: 16
/home/pvenema/.conda/envs/EHRSHOT_ENV/lib/python3.10/site-packages/umap/umap_.py:1952: UserWarning: n_jobs value 1 overridden to 1 by setting random_state. Use no seed for parallelism.
  warn(
2025-07-05 12:34:31.652 | INFO     | __main__:run_dimensionality_analysis:343 -     Reduced shapes - Train: (2608, 400), Val: (2206, 400), Test: (2189, 400)
2025-07-05 12:34:31.654 | CRITICAL | eval_module:run_evaluation:76 - Start | Training knn
2025-07-05 12:34:31.654 | INFO     | eval_module:run_evaluation:77 - Train shape: X = (2608, 400), Y = (2608,)
2025-07-05 12:34:31.654 | INFO     | eval_module:run_evaluation:78 - Val shape: X = (2206, 400), Y = (2206,)
2025-07-05 12:34:31.654 | INFO     | eval_module:run_evaluation:79 - Test shape: X = (2189, 400), Y = (2189,)
2025-07-05 12:34:31.654 | INFO     | eval_module:run_evaluation:80 - Train prevalence:  0.1418711656441718
2025-07-05 12:34:31.654 | INFO     | eval_module:run_evaluation:81 - Val prevalence:  0.1273798730734361
2025-07-05 12:34:31.655 | INFO     | eval_module:run_evaluation:82 - Test prevalence:  0.1187756966651439
2025-07-05 12:34:31.655 | CRITICAL | eval_module:run_evaluation:91 - Start | Fitting knn...
2025-07-05 12:34:34.329 | INFO     | eval_module:run_evaluation:140 - Best hparams: {'algorithm': 'auto', 'leaf_size': 30, 'metric': 'cosine', 'metric_params': None, 'n_jobs': None, 'n_neighbors': 5, 'p': 2, 'weights': 'uniform'}
2025-07-05 12:34:34.329 | CRITICAL | eval_module:run_evaluation:143 - Finish | Fitting knn...
2025-07-05 12:34:34.667 | INFO     | eval_module:run_evaluation:154 - Train AUROC: 0.9141734898437311
2025-07-05 12:34:34.667 | INFO     | eval_module:run_evaluation:155 - Val AUROC:   0.6745528492859454
2025-07-05 12:34:34.667 | INFO     | eval_module:run_evaluation:156 - Test AUROC:  0.7090112453642781
2025-07-05 12:34:34.669 | INFO     | eval_module:run_evaluation:162 - Train AUPRC: 0.6061779195302528
2025-07-05 12:34:34.669 | INFO     | eval_module:run_evaluation:163 - Val AUPRC:   0.2715379716881075
2025-07-05 12:34:34.669 | INFO     | eval_module:run_evaluation:164 - Test AUPRC:  0.27887007139923137
2025-07-05 12:34:34.669 | INFO     | __main__:run_dimensionality_analysis:363 -     Results: AUROC=0.709, AUPRC=0.279
2025-07-05 12:34:34.669 | INFO     | __main__:run_dimensionality_analysis:368 -     Progress: 76/448 (17.0%) - ETA: 0h 54m
2025-07-05 12:34:34.673 | INFO     | __main__:save_checkpoint:90 - Saved 96 results to ../EHRSHOT_ASSETS/dimensionality_analysis/dimensionality_results.csv
2025-07-05 12:34:34.674 | INFO     | __main__:save_checkpoint:112 - Checkpoint saved: 76 combinations completed
2025-07-05 12:34:34.674 | INFO     | __main__:run_dimensionality_analysis:262 - 
Processing model 2/2: clinicalbert_type3_clinicalbert_pool
2025-07-05 12:34:34.678 | INFO     | __main__:run_dimensionality_analysis:281 - Data shapes - Train: (2608, 768), Val: (2206, 768), Test: (2189, 768)
2025-07-05 12:34:34.678 | INFO     | __main__:run_dimensionality_analysis:282 - Label distribution - Train: 0.142, Val: 0.127, Test: 0.119
2025-07-05 12:34:34.678 | INFO     | __main__:run_dimensionality_analysis:311 -   🚫 Skipping baseline evaluation (--skip-baseline enabled)
2025-07-05 12:34:34.678 | INFO     | __main__:run_dimensionality_analysis:314 - 
  Testing method 1/2: pca
2025-07-05 12:34:34.678 | INFO     | __main__:run_dimensionality_analysis:329 -     Reducing to 2 dimensions... (1/8)
2025-07-05 12:34:34.678 | INFO     | reducers:fit_transform:55 - Applying PCA to reduce from 768 to 2 dimensions
2025-07-05 12:34:34.696 | INFO     | __main__:run_dimensionality_analysis:343 -     Reduced shapes - Train: (2608, 2), Val: (2206, 2), Test: (2189, 2)
2025-07-05 12:34:34.697 | CRITICAL | eval_module:run_evaluation:76 - Start | Training knn
2025-07-05 12:34:34.697 | INFO     | eval_module:run_evaluation:77 - Train shape: X = (2608, 2), Y = (2608,)
2025-07-05 12:34:34.697 | INFO     | eval_module:run_evaluation:78 - Val shape: X = (2206, 2), Y = (2206,)
2025-07-05 12:34:34.697 | INFO     | eval_module:run_evaluation:79 - Test shape: X = (2189, 2), Y = (2189,)
2025-07-05 12:34:34.697 | INFO     | eval_module:run_evaluation:80 - Train prevalence:  0.1418711656441718
2025-07-05 12:34:34.697 | INFO     | eval_module:run_evaluation:81 - Val prevalence:  0.1273798730734361
2025-07-05 12:34:34.697 | INFO     | eval_module:run_evaluation:82 - Test prevalence:  0.1187756966651439
2025-07-05 12:34:34.698 | CRITICAL | eval_module:run_evaluation:91 - Start | Fitting knn...
2025-07-05 12:34:35.442 | INFO     | eval_module:run_evaluation:140 - Best hparams: {'algorithm': 'auto', 'leaf_size': 30, 'metric': 'euclidean', 'metric_params': None, 'n_jobs': None, 'n_neighbors': 5, 'p': 2, 'weights': 'distance'}
2025-07-05 12:34:35.443 | CRITICAL | eval_module:run_evaluation:143 - Finish | Fitting knn...
2025-07-05 12:34:35.471 | INFO     | eval_module:run_evaluation:154 - Train AUROC: 1.0
2025-07-05 12:34:35.472 | INFO     | eval_module:run_evaluation:155 - Val AUROC:   0.6001192401904146
2025-07-05 12:34:35.472 | INFO     | eval_module:run_evaluation:156 - Test AUROC:  0.5391554013637995
2025-07-05 12:34:35.474 | INFO     | eval_module:run_evaluation:162 - Train AUPRC: 1.0
2025-07-05 12:34:35.474 | INFO     | eval_module:run_evaluation:163 - Val AUPRC:   0.17046124744445326
2025-07-05 12:34:35.474 | INFO     | eval_module:run_evaluation:164 - Test AUPRC:  0.14092878182601443
2025-07-05 12:34:35.474 | INFO     | __main__:run_dimensionality_analysis:363 -     Results: AUROC=0.539, AUPRC=0.141
2025-07-05 12:34:35.474 | INFO     | __main__:run_dimensionality_analysis:368 -     Progress: 77/448 (17.2%) - ETA: 0h 53m
2025-07-05 12:34:35.474 | INFO     | __main__:run_dimensionality_analysis:329 -     Reducing to 5 dimensions... (2/8)
2025-07-05 12:34:35.475 | INFO     | reducers:fit_transform:55 - Applying PCA to reduce from 768 to 5 dimensions
2025-07-05 12:34:35.493 | INFO     | __main__:run_dimensionality_analysis:343 -     Reduced shapes - Train: (2608, 5), Val: (2206, 5), Test: (2189, 5)
2025-07-05 12:34:35.493 | CRITICAL | eval_module:run_evaluation:76 - Start | Training knn
2025-07-05 12:34:35.494 | INFO     | eval_module:run_evaluation:77 - Train shape: X = (2608, 5), Y = (2608,)
2025-07-05 12:34:35.494 | INFO     | eval_module:run_evaluation:78 - Val shape: X = (2206, 5), Y = (2206,)
2025-07-05 12:34:35.494 | INFO     | eval_module:run_evaluation:79 - Test shape: X = (2189, 5), Y = (2189,)
2025-07-05 12:34:35.494 | INFO     | eval_module:run_evaluation:80 - Train prevalence:  0.1418711656441718
2025-07-05 12:34:35.494 | INFO     | eval_module:run_evaluation:81 - Val prevalence:  0.1273798730734361
2025-07-05 12:34:35.494 | INFO     | eval_module:run_evaluation:82 - Test prevalence:  0.1187756966651439
2025-07-05 12:34:35.495 | CRITICAL | eval_module:run_evaluation:91 - Start | Fitting knn...
2025-07-05 12:34:36.303 | INFO     | eval_module:run_evaluation:140 - Best hparams: {'algorithm': 'auto', 'leaf_size': 30, 'metric': 'euclidean', 'metric_params': None, 'n_jobs': None, 'n_neighbors': 5, 'p': 2, 'weights': 'uniform'}
2025-07-05 12:34:36.304 | CRITICAL | eval_module:run_evaluation:143 - Finish | Fitting knn...
2025-07-05 12:34:36.368 | INFO     | eval_module:run_evaluation:154 - Train AUROC: 0.9095494287853537
2025-07-05 12:34:36.369 | INFO     | eval_module:run_evaluation:155 - Val AUROC:   0.6301853306835514
2025-07-05 12:34:36.369 | INFO     | eval_module:run_evaluation:156 - Test AUROC:  0.5622991187143599
2025-07-05 12:34:36.370 | INFO     | eval_module:run_evaluation:162 - Train AUPRC: 0.6002045757532576
2025-07-05 12:34:36.371 | INFO     | eval_module:run_evaluation:163 - Val AUPRC:   0.21963400543903422
2025-07-05 12:34:36.371 | INFO     | eval_module:run_evaluation:164 - Test AUPRC:  0.14569049090047204
2025-07-05 12:34:36.371 | INFO     | __main__:run_dimensionality_analysis:363 -     Results: AUROC=0.562, AUPRC=0.146
2025-07-05 12:34:36.371 | INFO     | __main__:run_dimensionality_analysis:368 -     Progress: 78/448 (17.4%) - ETA: 0h 52m
2025-07-05 12:34:36.371 | INFO     | __main__:run_dimensionality_analysis:329 -     Reducing to 10 dimensions... (3/8)
2025-07-05 12:34:36.371 | INFO     | reducers:fit_transform:55 - Applying PCA to reduce from 768 to 10 dimensions
2025-07-05 12:34:36.391 | INFO     | __main__:run_dimensionality_analysis:343 -     Reduced shapes - Train: (2608, 10), Val: (2206, 10), Test: (2189, 10)
2025-07-05 12:34:36.392 | CRITICAL | eval_module:run_evaluation:76 - Start | Training knn
2025-07-05 12:34:36.392 | INFO     | eval_module:run_evaluation:77 - Train shape: X = (2608, 10), Y = (2608,)
2025-07-05 12:34:36.392 | INFO     | eval_module:run_evaluation:78 - Val shape: X = (2206, 10), Y = (2206,)
2025-07-05 12:34:36.392 | INFO     | eval_module:run_evaluation:79 - Test shape: X = (2189, 10), Y = (2189,)
2025-07-05 12:34:36.392 | INFO     | eval_module:run_evaluation:80 - Train prevalence:  0.1418711656441718
2025-07-05 12:34:36.392 | INFO     | eval_module:run_evaluation:81 - Val prevalence:  0.1273798730734361
2025-07-05 12:34:36.392 | INFO     | eval_module:run_evaluation:82 - Test prevalence:  0.1187756966651439
2025-07-05 12:34:36.393 | CRITICAL | eval_module:run_evaluation:91 - Start | Fitting knn...
2025-07-05 12:34:37.467 | INFO     | eval_module:run_evaluation:140 - Best hparams: {'algorithm': 'auto', 'leaf_size': 30, 'metric': 'cosine', 'metric_params': None, 'n_jobs': None, 'n_neighbors': 5, 'p': 2, 'weights': 'distance'}
2025-07-05 12:34:37.467 | CRITICAL | eval_module:run_evaluation:143 - Finish | Fitting knn...
2025-07-05 12:34:37.849 | INFO     | eval_module:run_evaluation:154 - Train AUROC: 1.0
2025-07-05 12:34:37.849 | INFO     | eval_module:run_evaluation:155 - Val AUROC:   0.6544345334380921
2025-07-05 12:34:37.850 | INFO     | eval_module:run_evaluation:156 - Test AUROC:  0.561929257885712
2025-07-05 12:34:37.851 | INFO     | eval_module:run_evaluation:162 - Train AUPRC: 1.0
2025-07-05 12:34:37.852 | INFO     | eval_module:run_evaluation:163 - Val AUPRC:   0.2090903631049536
2025-07-05 12:34:37.852 | INFO     | eval_module:run_evaluation:164 - Test AUPRC:  0.13729875007343126
2025-07-05 12:34:37.852 | INFO     | __main__:run_dimensionality_analysis:363 -     Results: AUROC=0.562, AUPRC=0.137
2025-07-05 12:34:37.852 | INFO     | __main__:run_dimensionality_analysis:368 -     Progress: 79/448 (17.6%) - ETA: 0h 52m
2025-07-05 12:34:37.852 | INFO     | __main__:run_dimensionality_analysis:329 -     Reducing to 25 dimensions... (4/8)
2025-07-05 12:34:37.852 | INFO     | reducers:fit_transform:55 - Applying PCA to reduce from 768 to 25 dimensions
2025-07-05 12:34:37.879 | INFO     | __main__:run_dimensionality_analysis:343 -     Reduced shapes - Train: (2608, 25), Val: (2206, 25), Test: (2189, 25)
2025-07-05 12:34:37.879 | CRITICAL | eval_module:run_evaluation:76 - Start | Training knn
2025-07-05 12:34:37.879 | INFO     | eval_module:run_evaluation:77 - Train shape: X = (2608, 25), Y = (2608,)
2025-07-05 12:34:37.880 | INFO     | eval_module:run_evaluation:78 - Val shape: X = (2206, 25), Y = (2206,)
2025-07-05 12:34:37.880 | INFO     | eval_module:run_evaluation:79 - Test shape: X = (2189, 25), Y = (2189,)
2025-07-05 12:34:37.880 | INFO     | eval_module:run_evaluation:80 - Train prevalence:  0.1418711656441718
2025-07-05 12:34:37.880 | INFO     | eval_module:run_evaluation:81 - Val prevalence:  0.1273798730734361
2025-07-05 12:34:37.880 | INFO     | eval_module:run_evaluation:82 - Test prevalence:  0.1187756966651439
2025-07-05 12:34:37.880 | CRITICAL | eval_module:run_evaluation:91 - Start | Fitting knn...
2025-07-05 12:34:39.092 | INFO     | eval_module:run_evaluation:140 - Best hparams: {'algorithm': 'auto', 'leaf_size': 30, 'metric': 'cosine', 'metric_params': None, 'n_jobs': None, 'n_neighbors': 5, 'p': 2, 'weights': 'uniform'}
2025-07-05 12:34:39.094 | CRITICAL | eval_module:run_evaluation:143 - Finish | Fitting knn...
2025-07-05 12:34:39.476 | INFO     | eval_module:run_evaluation:154 - Train AUROC: 0.9167155761659783
2025-07-05 12:34:39.478 | INFO     | eval_module:run_evaluation:155 - Val AUROC:   0.6301557517215881
2025-07-05 12:34:39.478 | INFO     | eval_module:run_evaluation:156 - Test AUROC:  0.6120389201260118
2025-07-05 12:34:39.480 | INFO     | eval_module:run_evaluation:162 - Train AUPRC: 0.6415610755055232
2025-07-05 12:34:39.480 | INFO     | eval_module:run_evaluation:163 - Val AUPRC:   0.2192538452697957
2025-07-05 12:34:39.480 | INFO     | eval_module:run_evaluation:164 - Test AUPRC:  0.16866236660608186
2025-07-05 12:34:39.480 | INFO     | __main__:run_dimensionality_analysis:363 -     Results: AUROC=0.612, AUPRC=0.169
2025-07-05 12:34:39.480 | INFO     | __main__:run_dimensionality_analysis:368 -     Progress: 80/448 (17.9%) - ETA: 0h 51m
2025-07-05 12:34:39.484 | INFO     | __main__:save_checkpoint:90 - Saved 104 results to ../EHRSHOT_ASSETS/dimensionality_analysis/dimensionality_results.csv
2025-07-05 12:34:39.485 | INFO     | __main__:save_checkpoint:112 - Checkpoint saved: 80 combinations completed
2025-07-05 12:34:39.485 | INFO     | __main__:run_dimensionality_analysis:329 -     Reducing to 50 dimensions... (5/8)
2025-07-05 12:34:39.485 | INFO     | reducers:fit_transform:55 - Applying PCA to reduce from 768 to 50 dimensions
2025-07-05 12:34:39.521 | INFO     | __main__:run_dimensionality_analysis:343 -     Reduced shapes - Train: (2608, 50), Val: (2206, 50), Test: (2189, 50)
2025-07-05 12:34:39.521 | CRITICAL | eval_module:run_evaluation:76 - Start | Training knn
2025-07-05 12:34:39.521 | INFO     | eval_module:run_evaluation:77 - Train shape: X = (2608, 50), Y = (2608,)
2025-07-05 12:34:39.521 | INFO     | eval_module:run_evaluation:78 - Val shape: X = (2206, 50), Y = (2206,)
2025-07-05 12:34:39.521 | INFO     | eval_module:run_evaluation:79 - Test shape: X = (2189, 50), Y = (2189,)
2025-07-05 12:34:39.522 | INFO     | eval_module:run_evaluation:80 - Train prevalence:  0.1418711656441718
2025-07-05 12:34:39.522 | INFO     | eval_module:run_evaluation:81 - Val prevalence:  0.1273798730734361
2025-07-05 12:34:39.522 | INFO     | eval_module:run_evaluation:82 - Test prevalence:  0.1187756966651439
2025-07-05 12:34:39.522 | CRITICAL | eval_module:run_evaluation:91 - Start | Fitting knn...
2025-07-05 12:34:40.789 | INFO     | eval_module:run_evaluation:140 - Best hparams: {'algorithm': 'auto', 'leaf_size': 30, 'metric': 'euclidean', 'metric_params': None, 'n_jobs': None, 'n_neighbors': 5, 'p': 2, 'weights': 'distance'}
2025-07-05 12:34:40.789 | CRITICAL | eval_module:run_evaluation:143 - Finish | Fitting knn...
2025-07-05 12:34:40.880 | INFO     | eval_module:run_evaluation:154 - Train AUROC: 1.0
2025-07-05 12:34:40.880 | INFO     | eval_module:run_evaluation:155 - Val AUROC:   0.6228830244488607
2025-07-05 12:34:40.881 | INFO     | eval_module:run_evaluation:156 - Test AUROC:  0.6065528173226462
2025-07-05 12:34:40.883 | INFO     | eval_module:run_evaluation:162 - Train AUPRC: 1.0
2025-07-05 12:34:40.883 | INFO     | eval_module:run_evaluation:163 - Val AUPRC:   0.21592311398577138
2025-07-05 12:34:40.883 | INFO     | eval_module:run_evaluation:164 - Test AUPRC:  0.21272641939960957
2025-07-05 12:34:40.883 | INFO     | __main__:run_dimensionality_analysis:363 -     Results: AUROC=0.607, AUPRC=0.213
2025-07-05 12:34:40.883 | INFO     | __main__:run_dimensionality_analysis:368 -     Progress: 81/448 (18.1%) - ETA: 0h 50m
2025-07-05 12:34:40.883 | INFO     | __main__:run_dimensionality_analysis:329 -     Reducing to 100 dimensions... (6/8)
2025-07-05 12:34:40.883 | INFO     | reducers:fit_transform:55 - Applying PCA to reduce from 768 to 100 dimensions
2025-07-05 12:34:40.930 | INFO     | __main__:run_dimensionality_analysis:343 -     Reduced shapes - Train: (2608, 100), Val: (2206, 100), Test: (2189, 100)
2025-07-05 12:34:40.930 | CRITICAL | eval_module:run_evaluation:76 - Start | Training knn
2025-07-05 12:34:40.930 | INFO     | eval_module:run_evaluation:77 - Train shape: X = (2608, 100), Y = (2608,)
2025-07-05 12:34:40.931 | INFO     | eval_module:run_evaluation:78 - Val shape: X = (2206, 100), Y = (2206,)
2025-07-05 12:34:40.931 | INFO     | eval_module:run_evaluation:79 - Test shape: X = (2189, 100), Y = (2189,)
2025-07-05 12:34:40.931 | INFO     | eval_module:run_evaluation:80 - Train prevalence:  0.1418711656441718
2025-07-05 12:34:40.931 | INFO     | eval_module:run_evaluation:81 - Val prevalence:  0.1273798730734361
2025-07-05 12:34:40.931 | INFO     | eval_module:run_evaluation:82 - Test prevalence:  0.1187756966651439
2025-07-05 12:34:40.932 | CRITICAL | eval_module:run_evaluation:91 - Start | Fitting knn...
2025-07-05 12:34:42.506 | INFO     | eval_module:run_evaluation:140 - Best hparams: {'algorithm': 'auto', 'leaf_size': 30, 'metric': 'euclidean', 'metric_params': None, 'n_jobs': None, 'n_neighbors': 5, 'p': 2, 'weights': 'distance'}
2025-07-05 12:34:42.507 | CRITICAL | eval_module:run_evaluation:143 - Finish | Fitting knn...
2025-07-05 12:34:42.587 | INFO     | eval_module:run_evaluation:154 - Train AUROC: 1.0
2025-07-05 12:34:42.588 | INFO     | eval_module:run_evaluation:155 - Val AUROC:   0.6249600221842215
2025-07-05 12:34:42.588 | INFO     | eval_module:run_evaluation:156 - Test AUROC:  0.5974777684731027
2025-07-05 12:34:42.590 | INFO     | eval_module:run_evaluation:162 - Train AUPRC: 1.0
2025-07-05 12:34:42.590 | INFO     | eval_module:run_evaluation:163 - Val AUPRC:   0.23903853259792715
2025-07-05 12:34:42.590 | INFO     | eval_module:run_evaluation:164 - Test AUPRC:  0.16634299555365745
2025-07-05 12:34:42.590 | INFO     | __main__:run_dimensionality_analysis:363 -     Results: AUROC=0.597, AUPRC=0.166
2025-07-05 12:34:42.590 | INFO     | __main__:run_dimensionality_analysis:368 -     Progress: 82/448 (18.3%) - ETA: 0h 50m
2025-07-05 12:34:42.590 | INFO     | __main__:run_dimensionality_analysis:329 -     Reducing to 200 dimensions... (7/8)
2025-07-05 12:34:42.591 | INFO     | reducers:fit_transform:55 - Applying PCA to reduce from 768 to 200 dimensions
2025-07-05 12:34:42.676 | INFO     | __main__:run_dimensionality_analysis:343 -     Reduced shapes - Train: (2608, 200), Val: (2206, 200), Test: (2189, 200)
2025-07-05 12:34:42.676 | CRITICAL | eval_module:run_evaluation:76 - Start | Training knn
2025-07-05 12:34:42.677 | INFO     | eval_module:run_evaluation:77 - Train shape: X = (2608, 200), Y = (2608,)
2025-07-05 12:34:42.677 | INFO     | eval_module:run_evaluation:78 - Val shape: X = (2206, 200), Y = (2206,)
2025-07-05 12:34:42.677 | INFO     | eval_module:run_evaluation:79 - Test shape: X = (2189, 200), Y = (2189,)
2025-07-05 12:34:42.677 | INFO     | eval_module:run_evaluation:80 - Train prevalence:  0.1418711656441718
2025-07-05 12:34:42.677 | INFO     | eval_module:run_evaluation:81 - Val prevalence:  0.1273798730734361
2025-07-05 12:34:42.677 | INFO     | eval_module:run_evaluation:82 - Test prevalence:  0.1187756966651439
2025-07-05 12:34:42.678 | CRITICAL | eval_module:run_evaluation:91 - Start | Fitting knn...
2025-07-05 12:34:44.671 | INFO     | eval_module:run_evaluation:140 - Best hparams: {'algorithm': 'auto', 'leaf_size': 30, 'metric': 'cosine', 'metric_params': None, 'n_jobs': None, 'n_neighbors': 5, 'p': 2, 'weights': 'uniform'}
2025-07-05 12:34:44.672 | CRITICAL | eval_module:run_evaluation:143 - Finish | Fitting knn...
2025-07-05 12:34:45.036 | INFO     | eval_module:run_evaluation:154 - Train AUROC: 0.9172161437576987
2025-07-05 12:34:45.036 | INFO     | eval_module:run_evaluation:155 - Val AUROC:   0.6454369829458797
2025-07-05 12:34:45.037 | INFO     | eval_module:run_evaluation:156 - Test AUROC:  0.6101048769789049
2025-07-05 12:34:45.038 | INFO     | eval_module:run_evaluation:162 - Train AUPRC: 0.6472102218786433
2025-07-05 12:34:45.039 | INFO     | eval_module:run_evaluation:163 - Val AUPRC:   0.20853210976145908
2025-07-05 12:34:45.039 | INFO     | eval_module:run_evaluation:164 - Test AUPRC:  0.1644553571152081
2025-07-05 12:34:45.039 | INFO     | __main__:run_dimensionality_analysis:363 -     Results: AUROC=0.610, AUPRC=0.164
2025-07-05 12:34:45.039 | INFO     | __main__:run_dimensionality_analysis:368 -     Progress: 83/448 (18.5%) - ETA: 0h 49m
2025-07-05 12:34:45.039 | INFO     | __main__:run_dimensionality_analysis:329 -     Reducing to 400 dimensions... (8/8)
2025-07-05 12:34:45.039 | INFO     | reducers:fit_transform:55 - Applying PCA to reduce from 768 to 400 dimensions
2025-07-05 12:34:45.239 | INFO     | __main__:run_dimensionality_analysis:343 -     Reduced shapes - Train: (2608, 400), Val: (2206, 400), Test: (2189, 400)
2025-07-05 12:34:45.240 | CRITICAL | eval_module:run_evaluation:76 - Start | Training knn
2025-07-05 12:34:45.240 | INFO     | eval_module:run_evaluation:77 - Train shape: X = (2608, 400), Y = (2608,)
2025-07-05 12:34:45.240 | INFO     | eval_module:run_evaluation:78 - Val shape: X = (2206, 400), Y = (2206,)
2025-07-05 12:34:45.240 | INFO     | eval_module:run_evaluation:79 - Test shape: X = (2189, 400), Y = (2189,)
2025-07-05 12:34:45.240 | INFO     | eval_module:run_evaluation:80 - Train prevalence:  0.1418711656441718
2025-07-05 12:34:45.240 | INFO     | eval_module:run_evaluation:81 - Val prevalence:  0.1273798730734361
2025-07-05 12:34:45.240 | INFO     | eval_module:run_evaluation:82 - Test prevalence:  0.1187756966651439
2025-07-05 12:34:45.242 | CRITICAL | eval_module:run_evaluation:91 - Start | Fitting knn...
2025-07-05 12:34:48.081 | INFO     | eval_module:run_evaluation:140 - Best hparams: {'algorithm': 'auto', 'leaf_size': 30, 'metric': 'cosine', 'metric_params': None, 'n_jobs': None, 'n_neighbors': 5, 'p': 2, 'weights': 'distance'}
2025-07-05 12:34:48.081 | CRITICAL | eval_module:run_evaluation:143 - Finish | Fitting knn...
2025-07-05 12:34:48.451 | INFO     | eval_module:run_evaluation:154 - Train AUROC: 1.0
2025-07-05 12:34:48.451 | INFO     | eval_module:run_evaluation:155 - Val AUROC:   0.6335776678837178
2025-07-05 12:34:48.451 | INFO     | eval_module:run_evaluation:156 - Test AUROC:  0.5938748654145233
2025-07-05 12:34:48.453 | INFO     | eval_module:run_evaluation:162 - Train AUPRC: 1.0
2025-07-05 12:34:48.454 | INFO     | eval_module:run_evaluation:163 - Val AUPRC:   0.21504070037536172
2025-07-05 12:34:48.454 | INFO     | eval_module:run_evaluation:164 - Test AUPRC:  0.16179512158376647
2025-07-05 12:34:48.454 | INFO     | __main__:run_dimensionality_analysis:363 -     Results: AUROC=0.594, AUPRC=0.162
2025-07-05 12:34:48.454 | INFO     | __main__:run_dimensionality_analysis:368 -     Progress: 84/448 (18.8%) - ETA: 0h 49m
2025-07-05 12:34:48.458 | INFO     | __main__:save_checkpoint:90 - Saved 112 results to ../EHRSHOT_ASSETS/dimensionality_analysis/dimensionality_results.csv
2025-07-05 12:34:48.459 | INFO     | __main__:save_checkpoint:112 - Checkpoint saved: 84 combinations completed
2025-07-05 12:34:48.459 | INFO     | __main__:run_dimensionality_analysis:314 - 
  Testing method 2/2: umap
2025-07-05 12:34:48.459 | INFO     | __main__:run_dimensionality_analysis:329 -     Reducing to 2 dimensions... (1/8)
2025-07-05 12:34:48.459 | INFO     | reducers:fit_transform:101 - Applying UMAP to reduce from 768 to 2 dimensions
2025-07-05 12:34:48.459 | INFO     | reducers:fit_transform:102 - Using n_neighbors: 15, n_jobs: 16
/home/pvenema/.conda/envs/EHRSHOT_ENV/lib/python3.10/site-packages/umap/umap_.py:1952: UserWarning: n_jobs value 1 overridden to 1 by setting random_state. Use no seed for parallelism.
  warn(
2025-07-05 12:35:04.589 | INFO     | __main__:run_dimensionality_analysis:343 -     Reduced shapes - Train: (2608, 2), Val: (2206, 2), Test: (2189, 2)
2025-07-05 12:35:04.590 | CRITICAL | eval_module:run_evaluation:76 - Start | Training knn
2025-07-05 12:35:04.590 | INFO     | eval_module:run_evaluation:77 - Train shape: X = (2608, 2), Y = (2608,)
2025-07-05 12:35:04.590 | INFO     | eval_module:run_evaluation:78 - Val shape: X = (2206, 2), Y = (2206,)
2025-07-05 12:35:04.590 | INFO     | eval_module:run_evaluation:79 - Test shape: X = (2189, 2), Y = (2189,)
2025-07-05 12:35:04.590 | INFO     | eval_module:run_evaluation:80 - Train prevalence:  0.1418711656441718
2025-07-05 12:35:04.590 | INFO     | eval_module:run_evaluation:81 - Val prevalence:  0.1273798730734361
2025-07-05 12:35:04.591 | INFO     | eval_module:run_evaluation:82 - Test prevalence:  0.1187756966651439
2025-07-05 12:35:04.591 | CRITICAL | eval_module:run_evaluation:91 - Start | Fitting knn...
2025-07-05 12:35:05.274 | INFO     | eval_module:run_evaluation:140 - Best hparams: {'algorithm': 'auto', 'leaf_size': 30, 'metric': 'euclidean', 'metric_params': None, 'n_jobs': None, 'n_neighbors': 5, 'p': 2, 'weights': 'uniform'}
2025-07-05 12:35:05.274 | CRITICAL | eval_module:run_evaluation:143 - Finish | Fitting knn...
2025-07-05 12:35:05.320 | INFO     | eval_module:run_evaluation:154 - Train AUROC: 0.9013664468758302
2025-07-05 12:35:05.320 | INFO     | eval_module:run_evaluation:155 - Val AUROC:   0.6221629615935667
2025-07-05 12:35:05.320 | INFO     | eval_module:run_evaluation:156 - Test AUROC:  0.6112443673485665
2025-07-05 12:35:05.338 | INFO     | eval_module:run_evaluation:162 - Train AUPRC: 0.5603372391062281
2025-07-05 12:35:05.339 | INFO     | eval_module:run_evaluation:163 - Val AUPRC:   0.19944609233996827
2025-07-05 12:35:05.339 | INFO     | eval_module:run_evaluation:164 - Test AUPRC:  0.1549831139605593
2025-07-05 12:35:05.339 | INFO     | __main__:run_dimensionality_analysis:363 -     Results: AUROC=0.611, AUPRC=0.155
2025-07-05 12:35:05.339 | INFO     | __main__:run_dimensionality_analysis:368 -     Progress: 85/448 (19.0%) - ETA: 0h 49m
2025-07-05 12:35:05.344 | INFO     | __main__:save_checkpoint:90 - Saved 114 results to ../EHRSHOT_ASSETS/dimensionality_analysis/dimensionality_results.csv
2025-07-05 12:35:05.345 | INFO     | __main__:save_checkpoint:112 - Checkpoint saved: 85 combinations completed
2025-07-05 12:35:05.345 | INFO     | __main__:run_dimensionality_analysis:329 -     Reducing to 5 dimensions... (2/8)
2025-07-05 12:35:05.345 | INFO     | reducers:fit_transform:101 - Applying UMAP to reduce from 768 to 5 dimensions
2025-07-05 12:35:05.346 | INFO     | reducers:fit_transform:102 - Using n_neighbors: 15, n_jobs: 16
/home/pvenema/.conda/envs/EHRSHOT_ENV/lib/python3.10/site-packages/umap/umap_.py:1952: UserWarning: n_jobs value 1 overridden to 1 by setting random_state. Use no seed for parallelism.
  warn(
2025-07-05 12:35:21.792 | INFO     | __main__:run_dimensionality_analysis:343 -     Reduced shapes - Train: (2608, 5), Val: (2206, 5), Test: (2189, 5)
2025-07-05 12:35:21.792 | CRITICAL | eval_module:run_evaluation:76 - Start | Training knn
2025-07-05 12:35:21.792 | INFO     | eval_module:run_evaluation:77 - Train shape: X = (2608, 5), Y = (2608,)
2025-07-05 12:35:21.792 | INFO     | eval_module:run_evaluation:78 - Val shape: X = (2206, 5), Y = (2206,)
2025-07-05 12:35:21.793 | INFO     | eval_module:run_evaluation:79 - Test shape: X = (2189, 5), Y = (2189,)
2025-07-05 12:35:21.793 | INFO     | eval_module:run_evaluation:80 - Train prevalence:  0.1418711656441718
2025-07-05 12:35:21.793 | INFO     | eval_module:run_evaluation:81 - Val prevalence:  0.1273798730734361
2025-07-05 12:35:21.793 | INFO     | eval_module:run_evaluation:82 - Test prevalence:  0.1187756966651439
2025-07-05 12:35:21.793 | CRITICAL | eval_module:run_evaluation:91 - Start | Fitting knn...
2025-07-05 12:35:22.573 | INFO     | eval_module:run_evaluation:140 - Best hparams: {'algorithm': 'auto', 'leaf_size': 30, 'metric': 'cosine', 'metric_params': None, 'n_jobs': None, 'n_neighbors': 5, 'p': 2, 'weights': 'uniform'}
2025-07-05 12:35:22.573 | CRITICAL | eval_module:run_evaluation:143 - Finish | Fitting knn...
2025-07-05 12:35:22.950 | INFO     | eval_module:run_evaluation:154 - Train AUROC: 0.9012921768953941
2025-07-05 12:35:22.951 | INFO     | eval_module:run_evaluation:155 - Val AUROC:   0.6383703840643341
2025-07-05 12:35:22.951 | INFO     | eval_module:run_evaluation:156 - Test AUROC:  0.6128853132352355
2025-07-05 12:35:22.953 | INFO     | eval_module:run_evaluation:162 - Train AUPRC: 0.5745401344343783
2025-07-05 12:35:22.953 | INFO     | eval_module:run_evaluation:163 - Val AUPRC:   0.22116318796486356
2025-07-05 12:35:22.953 | INFO     | eval_module:run_evaluation:164 - Test AUPRC:  0.15925934617162607
2025-07-05 12:35:22.953 | INFO     | __main__:run_dimensionality_analysis:363 -     Results: AUROC=0.613, AUPRC=0.159
2025-07-05 12:35:22.953 | INFO     | __main__:run_dimensionality_analysis:368 -     Progress: 86/448 (19.2%) - ETA: 0h 50m
2025-07-05 12:35:22.953 | INFO     | __main__:run_dimensionality_analysis:329 -     Reducing to 10 dimensions... (3/8)
2025-07-05 12:35:22.954 | INFO     | reducers:fit_transform:101 - Applying UMAP to reduce from 768 to 10 dimensions
2025-07-05 12:35:22.954 | INFO     | reducers:fit_transform:102 - Using n_neighbors: 15, n_jobs: 16
/home/pvenema/.conda/envs/EHRSHOT_ENV/lib/python3.10/site-packages/umap/umap_.py:1952: UserWarning: n_jobs value 1 overridden to 1 by setting random_state. Use no seed for parallelism.
  warn(
2025-07-05 12:35:39.686 | INFO     | __main__:run_dimensionality_analysis:343 -     Reduced shapes - Train: (2608, 10), Val: (2206, 10), Test: (2189, 10)
2025-07-05 12:35:39.687 | CRITICAL | eval_module:run_evaluation:76 - Start | Training knn
2025-07-05 12:35:39.687 | INFO     | eval_module:run_evaluation:77 - Train shape: X = (2608, 10), Y = (2608,)
2025-07-05 12:35:39.687 | INFO     | eval_module:run_evaluation:78 - Val shape: X = (2206, 10), Y = (2206,)
2025-07-05 12:35:39.687 | INFO     | eval_module:run_evaluation:79 - Test shape: X = (2189, 10), Y = (2189,)
2025-07-05 12:35:39.687 | INFO     | eval_module:run_evaluation:80 - Train prevalence:  0.1418711656441718
2025-07-05 12:35:39.687 | INFO     | eval_module:run_evaluation:81 - Val prevalence:  0.1273798730734361
2025-07-05 12:35:39.688 | INFO     | eval_module:run_evaluation:82 - Test prevalence:  0.1187756966651439
2025-07-05 12:35:39.688 | CRITICAL | eval_module:run_evaluation:91 - Start | Fitting knn...
2025-07-05 12:35:40.538 | INFO     | eval_module:run_evaluation:140 - Best hparams: {'algorithm': 'auto', 'leaf_size': 30, 'metric': 'euclidean', 'metric_params': None, 'n_jobs': None, 'n_neighbors': 5, 'p': 2, 'weights': 'distance'}
2025-07-05 12:35:40.539 | CRITICAL | eval_module:run_evaluation:143 - Finish | Fitting knn...
2025-07-05 12:35:40.607 | INFO     | eval_module:run_evaluation:154 - Train AUROC: 1.0
2025-07-05 12:35:40.607 | INFO     | eval_module:run_evaluation:155 - Val AUROC:   0.6368026990802792
2025-07-05 12:35:40.608 | INFO     | eval_module:run_evaluation:156 - Test AUROC:  0.5867358535710012
2025-07-05 12:35:40.609 | INFO     | eval_module:run_evaluation:162 - Train AUPRC: 1.0
2025-07-05 12:35:40.610 | INFO     | eval_module:run_evaluation:163 - Val AUPRC:   0.225431470332899
2025-07-05 12:35:40.610 | INFO     | eval_module:run_evaluation:164 - Test AUPRC:  0.15994305655135416
2025-07-05 12:35:40.610 | INFO     | __main__:run_dimensionality_analysis:363 -     Results: AUROC=0.587, AUPRC=0.160
2025-07-05 12:35:40.610 | INFO     | __main__:run_dimensionality_analysis:368 -     Progress: 87/448 (19.4%) - ETA: 0h 50m
2025-07-05 12:35:40.610 | INFO     | __main__:run_dimensionality_analysis:329 -     Reducing to 25 dimensions... (4/8)
2025-07-05 12:35:40.610 | INFO     | reducers:fit_transform:101 - Applying UMAP to reduce from 768 to 25 dimensions
2025-07-05 12:35:40.610 | INFO     | reducers:fit_transform:102 - Using n_neighbors: 15, n_jobs: 16
/home/pvenema/.conda/envs/EHRSHOT_ENV/lib/python3.10/site-packages/umap/umap_.py:1952: UserWarning: n_jobs value 1 overridden to 1 by setting random_state. Use no seed for parallelism.
  warn(
2025-07-05 12:35:58.389 | INFO     | __main__:run_dimensionality_analysis:343 -     Reduced shapes - Train: (2608, 25), Val: (2206, 25), Test: (2189, 25)
2025-07-05 12:35:58.389 | CRITICAL | eval_module:run_evaluation:76 - Start | Training knn
2025-07-05 12:35:58.389 | INFO     | eval_module:run_evaluation:77 - Train shape: X = (2608, 25), Y = (2608,)
2025-07-05 12:35:58.389 | INFO     | eval_module:run_evaluation:78 - Val shape: X = (2206, 25), Y = (2206,)
2025-07-05 12:35:58.390 | INFO     | eval_module:run_evaluation:79 - Test shape: X = (2189, 25), Y = (2189,)
2025-07-05 12:35:58.390 | INFO     | eval_module:run_evaluation:80 - Train prevalence:  0.1418711656441718
2025-07-05 12:35:58.390 | INFO     | eval_module:run_evaluation:81 - Val prevalence:  0.1273798730734361
2025-07-05 12:35:58.390 | INFO     | eval_module:run_evaluation:82 - Test prevalence:  0.1187756966651439
2025-07-05 12:35:58.390 | CRITICAL | eval_module:run_evaluation:91 - Start | Fitting knn...
2025-07-05 12:35:59.599 | INFO     | eval_module:run_evaluation:140 - Best hparams: {'algorithm': 'auto', 'leaf_size': 30, 'metric': 'euclidean', 'metric_params': None, 'n_jobs': None, 'n_neighbors': 5, 'p': 2, 'weights': 'distance'}
2025-07-05 12:35:59.599 | CRITICAL | eval_module:run_evaluation:143 - Finish | Fitting knn...
2025-07-05 12:35:59.692 | INFO     | eval_module:run_evaluation:154 - Train AUROC: 1.0
2025-07-05 12:35:59.692 | INFO     | eval_module:run_evaluation:155 - Val AUROC:   0.637257475620465
2025-07-05 12:35:59.692 | INFO     | eval_module:run_evaluation:156 - Test AUROC:  0.5846622402998762
2025-07-05 12:35:59.694 | INFO     | eval_module:run_evaluation:162 - Train AUPRC: 1.0
2025-07-05 12:35:59.694 | INFO     | eval_module:run_evaluation:163 - Val AUPRC:   0.2127522293164731
2025-07-05 12:35:59.694 | INFO     | eval_module:run_evaluation:164 - Test AUPRC:  0.1585891094461253
2025-07-05 12:35:59.694 | INFO     | __main__:run_dimensionality_analysis:363 -     Results: AUROC=0.585, AUPRC=0.159
2025-07-05 12:35:59.695 | INFO     | __main__:run_dimensionality_analysis:368 -     Progress: 88/448 (19.6%) - ETA: 0h 51m
2025-07-05 12:35:59.695 | INFO     | __main__:run_dimensionality_analysis:329 -     Reducing to 50 dimensions... (5/8)
2025-07-05 12:35:59.695 | INFO     | reducers:fit_transform:101 - Applying UMAP to reduce from 768 to 50 dimensions
2025-07-05 12:35:59.695 | INFO     | reducers:fit_transform:102 - Using n_neighbors: 15, n_jobs: 16
/home/pvenema/.conda/envs/EHRSHOT_ENV/lib/python3.10/site-packages/umap/umap_.py:1952: UserWarning: n_jobs value 1 overridden to 1 by setting random_state. Use no seed for parallelism.
  warn(
2025-07-05 12:36:17.882 | INFO     | __main__:run_dimensionality_analysis:343 -     Reduced shapes - Train: (2608, 50), Val: (2206, 50), Test: (2189, 50)
2025-07-05 12:36:17.882 | CRITICAL | eval_module:run_evaluation:76 - Start | Training knn
2025-07-05 12:36:17.882 | INFO     | eval_module:run_evaluation:77 - Train shape: X = (2608, 50), Y = (2608,)
2025-07-05 12:36:17.882 | INFO     | eval_module:run_evaluation:78 - Val shape: X = (2206, 50), Y = (2206,)
2025-07-05 12:36:17.882 | INFO     | eval_module:run_evaluation:79 - Test shape: X = (2189, 50), Y = (2189,)
2025-07-05 12:36:17.883 | INFO     | eval_module:run_evaluation:80 - Train prevalence:  0.1418711656441718
2025-07-05 12:36:17.883 | INFO     | eval_module:run_evaluation:81 - Val prevalence:  0.1273798730734361
2025-07-05 12:36:17.883 | INFO     | eval_module:run_evaluation:82 - Test prevalence:  0.1187756966651439
2025-07-05 12:36:17.883 | CRITICAL | eval_module:run_evaluation:91 - Start | Fitting knn...
2025-07-05 12:36:19.188 | INFO     | eval_module:run_evaluation:140 - Best hparams: {'algorithm': 'auto', 'leaf_size': 30, 'metric': 'cosine', 'metric_params': None, 'n_jobs': None, 'n_neighbors': 5, 'p': 2, 'weights': 'distance'}
2025-07-05 12:36:19.189 | CRITICAL | eval_module:run_evaluation:143 - Finish | Fitting knn...
2025-07-05 12:36:19.610 | INFO     | eval_module:run_evaluation:154 - Train AUROC: 0.9998454218293361
2025-07-05 12:36:19.610 | INFO     | eval_module:run_evaluation:155 - Val AUROC:   0.6370328603780561
2025-07-05 12:36:19.611 | INFO     | eval_module:run_evaluation:156 - Test AUROC:  0.5923196554611795
2025-07-05 12:36:19.612 | INFO     | eval_module:run_evaluation:162 - Train AUPRC: 0.9985004057584301
2025-07-05 12:36:19.613 | INFO     | eval_module:run_evaluation:163 - Val AUPRC:   0.21811440670329119
2025-07-05 12:36:19.613 | INFO     | eval_module:run_evaluation:164 - Test AUPRC:  0.16041796267286035
2025-07-05 12:36:19.613 | INFO     | __main__:run_dimensionality_analysis:363 -     Results: AUROC=0.592, AUPRC=0.160
2025-07-05 12:36:19.613 | INFO     | __main__:run_dimensionality_analysis:368 -     Progress: 89/448 (19.9%) - ETA: 0h 51m
2025-07-05 12:36:19.613 | INFO     | __main__:run_dimensionality_analysis:329 -     Reducing to 100 dimensions... (6/8)
2025-07-05 12:36:19.613 | INFO     | reducers:fit_transform:101 - Applying UMAP to reduce from 768 to 100 dimensions
2025-07-05 12:36:19.613 | INFO     | reducers:fit_transform:102 - Using n_neighbors: 15, n_jobs: 16
/home/pvenema/.conda/envs/EHRSHOT_ENV/lib/python3.10/site-packages/umap/umap_.py:1952: UserWarning: n_jobs value 1 overridden to 1 by setting random_state. Use no seed for parallelism.
  warn(
2025-07-05 12:36:38.808 | INFO     | __main__:run_dimensionality_analysis:343 -     Reduced shapes - Train: (2608, 100), Val: (2206, 100), Test: (2189, 100)
2025-07-05 12:36:38.809 | CRITICAL | eval_module:run_evaluation:76 - Start | Training knn
2025-07-05 12:36:38.809 | INFO     | eval_module:run_evaluation:77 - Train shape: X = (2608, 100), Y = (2608,)
2025-07-05 12:36:38.809 | INFO     | eval_module:run_evaluation:78 - Val shape: X = (2206, 100), Y = (2206,)
2025-07-05 12:36:38.809 | INFO     | eval_module:run_evaluation:79 - Test shape: X = (2189, 100), Y = (2189,)
2025-07-05 12:36:38.809 | INFO     | eval_module:run_evaluation:80 - Train prevalence:  0.1418711656441718
2025-07-05 12:36:38.809 | INFO     | eval_module:run_evaluation:81 - Val prevalence:  0.1273798730734361
2025-07-05 12:36:38.810 | INFO     | eval_module:run_evaluation:82 - Test prevalence:  0.1187756966651439
2025-07-05 12:36:38.810 | CRITICAL | eval_module:run_evaluation:91 - Start | Fitting knn...
2025-07-05 12:36:40.422 | INFO     | eval_module:run_evaluation:140 - Best hparams: {'algorithm': 'auto', 'leaf_size': 30, 'metric': 'euclidean', 'metric_params': None, 'n_jobs': None, 'n_neighbors': 5, 'p': 2, 'weights': 'distance'}
2025-07-05 12:36:40.422 | CRITICAL | eval_module:run_evaluation:143 - Finish | Fitting knn...
2025-07-05 12:36:40.505 | INFO     | eval_module:run_evaluation:154 - Train AUROC: 1.0
2025-07-05 12:36:40.505 | INFO     | eval_module:run_evaluation:155 - Val AUROC:   0.6435198964736332
2025-07-05 12:36:40.505 | INFO     | eval_module:run_evaluation:156 - Test AUROC:  0.5829624755752282
2025-07-05 12:36:40.507 | INFO     | eval_module:run_evaluation:162 - Train AUPRC: 1.0
2025-07-05 12:36:40.508 | INFO     | eval_module:run_evaluation:163 - Val AUPRC:   0.22383195935769676
2025-07-05 12:36:40.508 | INFO     | eval_module:run_evaluation:164 - Test AUPRC:  0.16441264488633284
2025-07-05 12:36:40.508 | INFO     | __main__:run_dimensionality_analysis:363 -     Results: AUROC=0.583, AUPRC=0.164
2025-07-05 12:36:40.508 | INFO     | __main__:run_dimensionality_analysis:368 -     Progress: 90/448 (20.1%) - ETA: 0h 52m
2025-07-05 12:36:40.511 | INFO     | __main__:save_checkpoint:90 - Saved 124 results to ../EHRSHOT_ASSETS/dimensionality_analysis/dimensionality_results.csv
2025-07-05 12:36:40.512 | INFO     | __main__:save_checkpoint:112 - Checkpoint saved: 90 combinations completed
2025-07-05 12:36:40.512 | INFO     | __main__:run_dimensionality_analysis:329 -     Reducing to 200 dimensions... (7/8)
2025-07-05 12:36:40.512 | INFO     | reducers:fit_transform:101 - Applying UMAP to reduce from 768 to 200 dimensions
2025-07-05 12:36:40.512 | INFO     | reducers:fit_transform:102 - Using n_neighbors: 15, n_jobs: 16
/home/pvenema/.conda/envs/EHRSHOT_ENV/lib/python3.10/site-packages/umap/umap_.py:1952: UserWarning: n_jobs value 1 overridden to 1 by setting random_state. Use no seed for parallelism.
  warn(
2025-07-05 12:37:02.256 | INFO     | __main__:run_dimensionality_analysis:343 -     Reduced shapes - Train: (2608, 200), Val: (2206, 200), Test: (2189, 200)
2025-07-05 12:37:02.256 | CRITICAL | eval_module:run_evaluation:76 - Start | Training knn
2025-07-05 12:37:02.256 | INFO     | eval_module:run_evaluation:77 - Train shape: X = (2608, 200), Y = (2608,)
2025-07-05 12:37:02.256 | INFO     | eval_module:run_evaluation:78 - Val shape: X = (2206, 200), Y = (2206,)
2025-07-05 12:37:02.256 | INFO     | eval_module:run_evaluation:79 - Test shape: X = (2189, 200), Y = (2189,)
2025-07-05 12:37:02.257 | INFO     | eval_module:run_evaluation:80 - Train prevalence:  0.1418711656441718
2025-07-05 12:37:02.257 | INFO     | eval_module:run_evaluation:81 - Val prevalence:  0.1273798730734361
2025-07-05 12:37:02.257 | INFO     | eval_module:run_evaluation:82 - Test prevalence:  0.1187756966651439
2025-07-05 12:37:02.257 | CRITICAL | eval_module:run_evaluation:91 - Start | Fitting knn...
2025-07-05 12:37:04.200 | INFO     | eval_module:run_evaluation:140 - Best hparams: {'algorithm': 'auto', 'leaf_size': 30, 'metric': 'cosine', 'metric_params': None, 'n_jobs': None, 'n_neighbors': 5, 'p': 2, 'weights': 'uniform'}
2025-07-05 12:37:04.201 | CRITICAL | eval_module:run_evaluation:143 - Finish | Fitting knn...
2025-07-05 12:37:04.596 | INFO     | eval_module:run_evaluation:154 - Train AUROC: 0.9080350457696302
2025-07-05 12:37:04.596 | INFO     | eval_module:run_evaluation:155 - Val AUROC:   0.6482987475158294
2025-07-05 12:37:04.597 | INFO     | eval_module:run_evaluation:156 - Test AUROC:  0.5915719583682258
2025-07-05 12:37:04.598 | INFO     | eval_module:run_evaluation:162 - Train AUPRC: 0.5869545617075085
2025-07-05 12:37:04.599 | INFO     | eval_module:run_evaluation:163 - Val AUPRC:   0.22809152639509317
2025-07-05 12:37:04.599 | INFO     | eval_module:run_evaluation:164 - Test AUPRC:  0.15444836709000667
2025-07-05 12:37:04.599 | INFO     | __main__:run_dimensionality_analysis:363 -     Results: AUROC=0.592, AUPRC=0.154
2025-07-05 12:37:04.599 | INFO     | __main__:run_dimensionality_analysis:368 -     Progress: 91/448 (20.3%) - ETA: 0h 53m
2025-07-05 12:37:04.599 | INFO     | __main__:run_dimensionality_analysis:329 -     Reducing to 400 dimensions... (8/8)
2025-07-05 12:37:04.599 | INFO     | reducers:fit_transform:101 - Applying UMAP to reduce from 768 to 400 dimensions
2025-07-05 12:37:04.599 | INFO     | reducers:fit_transform:102 - Using n_neighbors: 15, n_jobs: 16
/home/pvenema/.conda/envs/EHRSHOT_ENV/lib/python3.10/site-packages/umap/umap_.py:1952: UserWarning: n_jobs value 1 overridden to 1 by setting random_state. Use no seed for parallelism.
  warn(
2025-07-05 12:37:32.337 | INFO     | __main__:run_dimensionality_analysis:343 -     Reduced shapes - Train: (2608, 400), Val: (2206, 400), Test: (2189, 400)
2025-07-05 12:37:32.338 | CRITICAL | eval_module:run_evaluation:76 - Start | Training knn
2025-07-05 12:37:32.338 | INFO     | eval_module:run_evaluation:77 - Train shape: X = (2608, 400), Y = (2608,)
2025-07-05 12:37:32.338 | INFO     | eval_module:run_evaluation:78 - Val shape: X = (2206, 400), Y = (2206,)
2025-07-05 12:37:32.338 | INFO     | eval_module:run_evaluation:79 - Test shape: X = (2189, 400), Y = (2189,)
2025-07-05 12:37:32.338 | INFO     | eval_module:run_evaluation:80 - Train prevalence:  0.1418711656441718
2025-07-05 12:37:32.338 | INFO     | eval_module:run_evaluation:81 - Val prevalence:  0.1273798730734361
2025-07-05 12:37:32.338 | INFO     | eval_module:run_evaluation:82 - Test prevalence:  0.1187756966651439
2025-07-05 12:37:32.339 | CRITICAL | eval_module:run_evaluation:91 - Start | Fitting knn...
2025-07-05 12:37:35.078 | INFO     | eval_module:run_evaluation:140 - Best hparams: {'algorithm': 'auto', 'leaf_size': 30, 'metric': 'euclidean', 'metric_params': None, 'n_jobs': None, 'n_neighbors': 5, 'p': 2, 'weights': 'uniform'}
2025-07-05 12:37:35.078 | CRITICAL | eval_module:run_evaluation:143 - Finish | Fitting knn...
2025-07-05 12:37:35.210 | INFO     | eval_module:run_evaluation:154 - Train AUROC: 0.9067054319735286
2025-07-05 12:37:35.210 | INFO     | eval_module:run_evaluation:155 - Val AUROC:   0.6341784905485973
2025-07-05 12:37:35.211 | INFO     | eval_module:run_evaluation:156 - Test AUROC:  0.6033466921880608
2025-07-05 12:37:35.212 | INFO     | eval_module:run_evaluation:162 - Train AUPRC: 0.5925114425750558
2025-07-05 12:37:35.213 | INFO     | eval_module:run_evaluation:163 - Val AUPRC:   0.21260534295212438
2025-07-05 12:37:35.213 | INFO     | eval_module:run_evaluation:164 - Test AUPRC:  0.15950294399984194
2025-07-05 12:37:35.213 | INFO     | __main__:run_dimensionality_analysis:363 -     Results: AUROC=0.603, AUPRC=0.160
2025-07-05 12:37:35.213 | INFO     | __main__:run_dimensionality_analysis:368 -     Progress: 92/448 (20.5%) - ETA: 0h 54m
2025-07-05 12:37:35.218 | INFO     | __main__:save_checkpoint:90 - Saved 128 results to ../EHRSHOT_ASSETS/dimensionality_analysis/dimensionality_results.csv
2025-07-05 12:37:35.219 | INFO     | __main__:save_checkpoint:112 - Checkpoint saved: 92 combinations completed
2025-07-05 12:37:35.221 | INFO     | __main__:save_checkpoint:90 - Saved 128 results to ../EHRSHOT_ASSETS/dimensionality_analysis/dimensionality_results.csv
2025-07-05 12:37:35.221 | INFO     | __main__:save_checkpoint:112 - Checkpoint saved: 92 combinations completed
2025-07-05 12:37:35.222 | INFO     | __main__:run_dimensionality_analysis:397 - ✅ Task guo_readmission completed!
2025-07-05 12:37:35.222 | INFO     | __main__:run_dimensionality_analysis:237 - 
==================================================
2025-07-05 12:37:35.222 | INFO     | __main__:run_dimensionality_analysis:238 - Processing task 3/14: guo_icu
2025-07-05 12:37:35.222 | INFO     | __main__:run_dimensionality_analysis:239 - ==================================================
2025-07-05 12:37:35.249 | INFO     | __main__:run_dimensionality_analysis:245 - Loaded labeled patients for guo_icu
2025-07-05 12:37:52.301 | INFO     | __main__:run_dimensionality_analysis:262 - 
Processing model 1/2: clmbr
2025-07-05 12:37:52.304 | INFO     | __main__:run_dimensionality_analysis:281 - Data shapes - Train: (2402, 768), Val: (2052, 768), Test: (2037, 768)
2025-07-05 12:37:52.305 | INFO     | __main__:run_dimensionality_analysis:282 - Label distribution - Train: 0.047, Val: 0.045, Test: 0.042
2025-07-05 12:37:52.305 | INFO     | __main__:run_dimensionality_analysis:311 -   🚫 Skipping baseline evaluation (--skip-baseline enabled)
2025-07-05 12:37:52.305 | INFO     | __main__:run_dimensionality_analysis:314 - 
  Testing method 1/2: pca
2025-07-05 12:37:52.305 | INFO     | __main__:run_dimensionality_analysis:329 -     Reducing to 2 dimensions... (1/8)
2025-07-05 12:37:52.305 | INFO     | reducers:fit_transform:55 - Applying PCA to reduce from 768 to 2 dimensions
2025-07-05 12:37:52.353 | INFO     | __main__:run_dimensionality_analysis:343 -     Reduced shapes - Train: (2402, 2), Val: (2052, 2), Test: (2037, 2)
2025-07-05 12:37:52.354 | CRITICAL | eval_module:run_evaluation:76 - Start | Training knn
2025-07-05 12:37:52.354 | INFO     | eval_module:run_evaluation:77 - Train shape: X = (2402, 2), Y = (2402,)
2025-07-05 12:37:52.354 | INFO     | eval_module:run_evaluation:78 - Val shape: X = (2052, 2), Y = (2052,)
2025-07-05 12:37:52.354 | INFO     | eval_module:run_evaluation:79 - Test shape: X = (2037, 2), Y = (2037,)
2025-07-05 12:37:52.354 | INFO     | eval_module:run_evaluation:80 - Train prevalence:  0.04704412989175687
2025-07-05 12:37:52.355 | INFO     | eval_module:run_evaluation:81 - Val prevalence:  0.04483430799220273
2025-07-05 12:37:52.356 | INFO     | eval_module:run_evaluation:82 - Test prevalence:  0.041728031418753066
2025-07-05 12:37:52.356 | CRITICAL | eval_module:run_evaluation:91 - Start | Fitting knn...
2025-07-05 12:37:53.066 | INFO     | eval_module:run_evaluation:140 - Best hparams: {'algorithm': 'auto', 'leaf_size': 30, 'metric': 'euclidean', 'metric_params': None, 'n_jobs': None, 'n_neighbors': 3, 'p': 2, 'weights': 'uniform'}
2025-07-05 12:37:53.066 | CRITICAL | eval_module:run_evaluation:143 - Finish | Fitting knn...
2025-07-05 12:37:53.085 | INFO     | eval_module:run_evaluation:154 - Train AUROC: 0.9603876949009692
2025-07-05 12:37:53.085 | INFO     | eval_module:run_evaluation:155 - Val AUROC:   0.5811085847382431
2025-07-05 12:37:53.104 | INFO     | eval_module:run_evaluation:156 - Test AUROC:  0.5404230954676953
2025-07-05 12:37:53.106 | INFO     | eval_module:run_evaluation:162 - Train AUPRC: 0.4049368286302666
2025-07-05 12:37:53.106 | INFO     | eval_module:run_evaluation:163 - Val AUPRC:   0.06216244078657772
2025-07-05 12:37:53.106 | INFO     | eval_module:run_evaluation:164 - Test AUPRC:  0.05791824508622568
2025-07-05 12:37:53.106 | INFO     | __main__:run_dimensionality_analysis:363 -     Results: AUROC=0.540, AUPRC=0.058
2025-07-05 12:37:53.106 | INFO     | __main__:run_dimensionality_analysis:368 -     Progress: 93/448 (20.8%) - ETA: 0h 55m
2025-07-05 12:37:53.106 | INFO     | __main__:run_dimensionality_analysis:329 -     Reducing to 5 dimensions... (2/8)
2025-07-05 12:37:53.107 | INFO     | reducers:fit_transform:55 - Applying PCA to reduce from 768 to 5 dimensions
2025-07-05 12:37:53.159 | INFO     | __main__:run_dimensionality_analysis:343 -     Reduced shapes - Train: (2402, 5), Val: (2052, 5), Test: (2037, 5)
2025-07-05 12:37:53.160 | CRITICAL | eval_module:run_evaluation:76 - Start | Training knn
2025-07-05 12:37:53.160 | INFO     | eval_module:run_evaluation:77 - Train shape: X = (2402, 5), Y = (2402,)
2025-07-05 12:37:53.160 | INFO     | eval_module:run_evaluation:78 - Val shape: X = (2052, 5), Y = (2052,)
2025-07-05 12:37:53.160 | INFO     | eval_module:run_evaluation:79 - Test shape: X = (2037, 5), Y = (2037,)
2025-07-05 12:37:53.162 | INFO     | eval_module:run_evaluation:80 - Train prevalence:  0.04704412989175687
2025-07-05 12:37:53.162 | INFO     | eval_module:run_evaluation:81 - Val prevalence:  0.04483430799220273
2025-07-05 12:37:53.162 | INFO     | eval_module:run_evaluation:82 - Test prevalence:  0.041728031418753066
2025-07-05 12:37:53.162 | CRITICAL | eval_module:run_evaluation:91 - Start | Fitting knn...
2025-07-05 12:37:53.891 | INFO     | eval_module:run_evaluation:140 - Best hparams: {'algorithm': 'auto', 'leaf_size': 30, 'metric': 'euclidean', 'metric_params': None, 'n_jobs': None, 'n_neighbors': 5, 'p': 2, 'weights': 'distance'}
2025-07-05 12:37:53.892 | CRITICAL | eval_module:run_evaluation:143 - Finish | Fitting knn...
2025-07-05 12:37:53.965 | INFO     | eval_module:run_evaluation:154 - Train AUROC: 1.0
2025-07-05 12:37:53.966 | INFO     | eval_module:run_evaluation:155 - Val AUROC:   0.6701974267968057
2025-07-05 12:37:53.966 | INFO     | eval_module:run_evaluation:156 - Test AUROC:  0.6155225409836066
2025-07-05 12:37:53.968 | INFO     | eval_module:run_evaluation:162 - Train AUPRC: 1.0
2025-07-05 12:37:53.968 | INFO     | eval_module:run_evaluation:163 - Val AUPRC:   0.11054139735766035
2025-07-05 12:37:53.968 | INFO     | eval_module:run_evaluation:164 - Test AUPRC:  0.06701238088040987
2025-07-05 12:37:53.968 | INFO     | __main__:run_dimensionality_analysis:363 -     Results: AUROC=0.616, AUPRC=0.067
2025-07-05 12:37:53.968 | INFO     | __main__:run_dimensionality_analysis:368 -     Progress: 94/448 (21.0%) - ETA: 0h 54m
2025-07-05 12:37:53.968 | INFO     | __main__:run_dimensionality_analysis:329 -     Reducing to 10 dimensions... (3/8)
2025-07-05 12:37:53.968 | INFO     | reducers:fit_transform:55 - Applying PCA to reduce from 768 to 10 dimensions
2025-07-05 12:37:54.016 | INFO     | __main__:run_dimensionality_analysis:343 -     Reduced shapes - Train: (2402, 10), Val: (2052, 10), Test: (2037, 10)
2025-07-05 12:37:54.017 | CRITICAL | eval_module:run_evaluation:76 - Start | Training knn
2025-07-05 12:37:54.017 | INFO     | eval_module:run_evaluation:77 - Train shape: X = (2402, 10), Y = (2402,)
2025-07-05 12:37:54.017 | INFO     | eval_module:run_evaluation:78 - Val shape: X = (2052, 10), Y = (2052,)
2025-07-05 12:37:54.017 | INFO     | eval_module:run_evaluation:79 - Test shape: X = (2037, 10), Y = (2037,)
2025-07-05 12:37:54.017 | INFO     | eval_module:run_evaluation:80 - Train prevalence:  0.04704412989175687
2025-07-05 12:37:54.018 | INFO     | eval_module:run_evaluation:81 - Val prevalence:  0.04483430799220273
2025-07-05 12:37:54.018 | INFO     | eval_module:run_evaluation:82 - Test prevalence:  0.041728031418753066
2025-07-05 12:37:54.018 | CRITICAL | eval_module:run_evaluation:91 - Start | Fitting knn...
2025-07-05 12:37:54.908 | INFO     | eval_module:run_evaluation:140 - Best hparams: {'algorithm': 'auto', 'leaf_size': 30, 'metric': 'cosine', 'metric_params': None, 'n_jobs': None, 'n_neighbors': 5, 'p': 2, 'weights': 'distance'}
2025-07-05 12:37:54.908 | CRITICAL | eval_module:run_evaluation:143 - Finish | Fitting knn...
2025-07-05 12:37:55.266 | INFO     | eval_module:run_evaluation:154 - Train AUROC: 1.0
2025-07-05 12:37:55.266 | INFO     | eval_module:run_evaluation:155 - Val AUROC:   0.6717834960070984
2025-07-05 12:37:55.266 | INFO     | eval_module:run_evaluation:156 - Test AUROC:  0.6824674541947927
2025-07-05 12:37:55.268 | INFO     | eval_module:run_evaluation:162 - Train AUPRC: 1.0
2025-07-05 12:37:55.268 | INFO     | eval_module:run_evaluation:163 - Val AUPRC:   0.17084930048570815
2025-07-05 12:37:55.268 | INFO     | eval_module:run_evaluation:164 - Test AUPRC:  0.15375444031061775
2025-07-05 12:37:55.268 | INFO     | __main__:run_dimensionality_analysis:363 -     Results: AUROC=0.682, AUPRC=0.154
2025-07-05 12:37:55.268 | INFO     | __main__:run_dimensionality_analysis:368 -     Progress: 95/448 (21.2%) - ETA: 0h 53m
2025-07-05 12:37:55.271 | INFO     | __main__:save_checkpoint:90 - Saved 134 results to ../EHRSHOT_ASSETS/dimensionality_analysis/dimensionality_results.csv
2025-07-05 12:37:55.272 | INFO     | __main__:save_checkpoint:112 - Checkpoint saved: 95 combinations completed
2025-07-05 12:37:55.272 | INFO     | __main__:run_dimensionality_analysis:329 -     Reducing to 25 dimensions... (4/8)
2025-07-05 12:37:55.272 | INFO     | reducers:fit_transform:55 - Applying PCA to reduce from 768 to 25 dimensions
2025-07-05 12:37:55.330 | INFO     | __main__:run_dimensionality_analysis:343 -     Reduced shapes - Train: (2402, 25), Val: (2052, 25), Test: (2037, 25)
2025-07-05 12:37:55.330 | CRITICAL | eval_module:run_evaluation:76 - Start | Training knn
2025-07-05 12:37:55.330 | INFO     | eval_module:run_evaluation:77 - Train shape: X = (2402, 25), Y = (2402,)
2025-07-05 12:37:55.330 | INFO     | eval_module:run_evaluation:78 - Val shape: X = (2052, 25), Y = (2052,)
2025-07-05 12:37:55.330 | INFO     | eval_module:run_evaluation:79 - Test shape: X = (2037, 25), Y = (2037,)
2025-07-05 12:37:55.331 | INFO     | eval_module:run_evaluation:80 - Train prevalence:  0.04704412989175687
2025-07-05 12:37:55.331 | INFO     | eval_module:run_evaluation:81 - Val prevalence:  0.04483430799220273
2025-07-05 12:37:55.331 | INFO     | eval_module:run_evaluation:82 - Test prevalence:  0.041728031418753066
2025-07-05 12:37:55.331 | CRITICAL | eval_module:run_evaluation:91 - Start | Fitting knn...
2025-07-05 12:37:56.509 | INFO     | eval_module:run_evaluation:140 - Best hparams: {'algorithm': 'auto', 'leaf_size': 30, 'metric': 'euclidean', 'metric_params': None, 'n_jobs': None, 'n_neighbors': 5, 'p': 2, 'weights': 'uniform'}
2025-07-05 12:37:56.509 | CRITICAL | eval_module:run_evaluation:143 - Finish | Fitting knn...
2025-07-05 12:37:56.592 | INFO     | eval_module:run_evaluation:154 - Train AUROC: 0.9507803771017216
2025-07-05 12:37:56.592 | INFO     | eval_module:run_evaluation:155 - Val AUROC:   0.7346411934338953
2025-07-05 12:37:56.593 | INFO     | eval_module:run_evaluation:156 - Test AUROC:  0.7094895130183222
2025-07-05 12:37:56.595 | INFO     | eval_module:run_evaluation:162 - Train AUPRC: 0.45674830094085817
2025-07-05 12:37:56.595 | INFO     | eval_module:run_evaluation:163 - Val AUPRC:   0.17697965603055182
2025-07-05 12:37:56.595 | INFO     | eval_module:run_evaluation:164 - Test AUPRC:  0.17502285712194326
2025-07-05 12:37:56.595 | INFO     | __main__:run_dimensionality_analysis:363 -     Results: AUROC=0.709, AUPRC=0.175
2025-07-05 12:37:56.595 | INFO     | __main__:run_dimensionality_analysis:368 -     Progress: 96/448 (21.4%) - ETA: 0h 53m
2025-07-05 12:37:56.596 | INFO     | __main__:run_dimensionality_analysis:329 -     Reducing to 50 dimensions... (5/8)
2025-07-05 12:37:56.596 | INFO     | reducers:fit_transform:55 - Applying PCA to reduce from 768 to 50 dimensions
2025-07-05 12:37:56.667 | INFO     | __main__:run_dimensionality_analysis:343 -     Reduced shapes - Train: (2402, 50), Val: (2052, 50), Test: (2037, 50)
2025-07-05 12:37:56.667 | CRITICAL | eval_module:run_evaluation:76 - Start | Training knn
2025-07-05 12:37:56.667 | INFO     | eval_module:run_evaluation:77 - Train shape: X = (2402, 50), Y = (2402,)
2025-07-05 12:37:56.668 | INFO     | eval_module:run_evaluation:78 - Val shape: X = (2052, 50), Y = (2052,)
2025-07-05 12:37:56.668 | INFO     | eval_module:run_evaluation:79 - Test shape: X = (2037, 50), Y = (2037,)
2025-07-05 12:37:56.668 | INFO     | eval_module:run_evaluation:80 - Train prevalence:  0.04704412989175687
2025-07-05 12:37:56.668 | INFO     | eval_module:run_evaluation:81 - Val prevalence:  0.04483430799220273
2025-07-05 12:37:56.668 | INFO     | eval_module:run_evaluation:82 - Test prevalence:  0.041728031418753066
2025-07-05 12:37:56.668 | CRITICAL | eval_module:run_evaluation:91 - Start | Fitting knn...
2025-07-05 12:37:58.019 | INFO     | eval_module:run_evaluation:140 - Best hparams: {'algorithm': 'auto', 'leaf_size': 30, 'metric': 'cosine', 'metric_params': None, 'n_jobs': None, 'n_neighbors': 5, 'p': 2, 'weights': 'distance'}
2025-07-05 12:37:58.019 | CRITICAL | eval_module:run_evaluation:143 - Finish | Fitting knn...
2025-07-05 12:37:58.327 | INFO     | eval_module:run_evaluation:154 - Train AUROC: 1.0
2025-07-05 12:37:58.327 | INFO     | eval_module:run_evaluation:155 - Val AUROC:   0.7275399290150844
2025-07-05 12:37:58.327 | INFO     | eval_module:run_evaluation:156 - Test AUROC:  0.6470979990356799
2025-07-05 12:37:58.329 | INFO     | eval_module:run_evaluation:162 - Train AUPRC: 1.0
2025-07-05 12:37:58.329 | INFO     | eval_module:run_evaluation:163 - Val AUPRC:   0.26669359947235116
2025-07-05 12:37:58.329 | INFO     | eval_module:run_evaluation:164 - Test AUPRC:  0.15415932700174653
2025-07-05 12:37:58.330 | INFO     | __main__:run_dimensionality_analysis:363 -     Results: AUROC=0.647, AUPRC=0.154
2025-07-05 12:37:58.330 | INFO     | __main__:run_dimensionality_analysis:368 -     Progress: 97/448 (21.7%) - ETA: 0h 52m
2025-07-05 12:37:58.330 | INFO     | __main__:run_dimensionality_analysis:329 -     Reducing to 100 dimensions... (6/8)
2025-07-05 12:37:58.330 | INFO     | reducers:fit_transform:55 - Applying PCA to reduce from 768 to 100 dimensions
2025-07-05 12:37:58.419 | INFO     | __main__:run_dimensionality_analysis:343 -     Reduced shapes - Train: (2402, 100), Val: (2052, 100), Test: (2037, 100)
2025-07-05 12:37:58.419 | CRITICAL | eval_module:run_evaluation:76 - Start | Training knn
2025-07-05 12:37:58.419 | INFO     | eval_module:run_evaluation:77 - Train shape: X = (2402, 100), Y = (2402,)
2025-07-05 12:37:58.420 | INFO     | eval_module:run_evaluation:78 - Val shape: X = (2052, 100), Y = (2052,)
2025-07-05 12:37:58.420 | INFO     | eval_module:run_evaluation:79 - Test shape: X = (2037, 100), Y = (2037,)
2025-07-05 12:37:58.420 | INFO     | eval_module:run_evaluation:80 - Train prevalence:  0.04704412989175687
2025-07-05 12:37:58.420 | INFO     | eval_module:run_evaluation:81 - Val prevalence:  0.04483430799220273
2025-07-05 12:37:58.420 | INFO     | eval_module:run_evaluation:82 - Test prevalence:  0.041728031418753066
2025-07-05 12:37:58.421 | CRITICAL | eval_module:run_evaluation:91 - Start | Fitting knn...
2025-07-05 12:37:59.942 | INFO     | eval_module:run_evaluation:140 - Best hparams: {'algorithm': 'auto', 'leaf_size': 30, 'metric': 'cosine', 'metric_params': None, 'n_jobs': None, 'n_neighbors': 5, 'p': 2, 'weights': 'distance'}
2025-07-05 12:37:59.942 | CRITICAL | eval_module:run_evaluation:143 - Finish | Fitting knn...
2025-07-05 12:38:00.252 | INFO     | eval_module:run_evaluation:154 - Train AUROC: 1.0
2025-07-05 12:38:00.252 | INFO     | eval_module:run_evaluation:155 - Val AUROC:   0.7381211180124223
2025-07-05 12:38:00.252 | INFO     | eval_module:run_evaluation:156 - Test AUROC:  0.6885396576663453
2025-07-05 12:38:00.254 | INFO     | eval_module:run_evaluation:162 - Train AUPRC: 1.0
2025-07-05 12:38:00.254 | INFO     | eval_module:run_evaluation:163 - Val AUPRC:   0.30680784937353656
2025-07-05 12:38:00.254 | INFO     | eval_module:run_evaluation:164 - Test AUPRC:  0.17900331309400752
2025-07-05 12:38:00.254 | INFO     | __main__:run_dimensionality_analysis:363 -     Results: AUROC=0.689, AUPRC=0.179
2025-07-05 12:38:00.254 | INFO     | __main__:run_dimensionality_analysis:368 -     Progress: 98/448 (21.9%) - ETA: 0h 51m
2025-07-05 12:38:00.254 | INFO     | __main__:run_dimensionality_analysis:329 -     Reducing to 200 dimensions... (7/8)
2025-07-05 12:38:00.254 | INFO     | reducers:fit_transform:55 - Applying PCA to reduce from 768 to 200 dimensions
2025-07-05 12:38:00.409 | INFO     | __main__:run_dimensionality_analysis:343 -     Reduced shapes - Train: (2402, 200), Val: (2052, 200), Test: (2037, 200)
2025-07-05 12:38:00.409 | CRITICAL | eval_module:run_evaluation:76 - Start | Training knn
2025-07-05 12:38:00.409 | INFO     | eval_module:run_evaluation:77 - Train shape: X = (2402, 200), Y = (2402,)
2025-07-05 12:38:00.409 | INFO     | eval_module:run_evaluation:78 - Val shape: X = (2052, 200), Y = (2052,)
2025-07-05 12:38:00.409 | INFO     | eval_module:run_evaluation:79 - Test shape: X = (2037, 200), Y = (2037,)
2025-07-05 12:38:00.410 | INFO     | eval_module:run_evaluation:80 - Train prevalence:  0.04704412989175687
2025-07-05 12:38:00.410 | INFO     | eval_module:run_evaluation:81 - Val prevalence:  0.04483430799220273
2025-07-05 12:38:00.410 | INFO     | eval_module:run_evaluation:82 - Test prevalence:  0.041728031418753066
2025-07-05 12:38:00.411 | CRITICAL | eval_module:run_evaluation:91 - Start | Fitting knn...
2025-07-05 12:38:02.274 | INFO     | eval_module:run_evaluation:140 - Best hparams: {'algorithm': 'auto', 'leaf_size': 30, 'metric': 'euclidean', 'metric_params': None, 'n_jobs': None, 'n_neighbors': 5, 'p': 2, 'weights': 'distance'}
2025-07-05 12:38:02.274 | CRITICAL | eval_module:run_evaluation:143 - Finish | Fitting knn...
2025-07-05 12:38:02.357 | INFO     | eval_module:run_evaluation:154 - Train AUROC: 1.0
2025-07-05 12:38:02.357 | INFO     | eval_module:run_evaluation:155 - Val AUROC:   0.7506183451641526
2025-07-05 12:38:02.358 | INFO     | eval_module:run_evaluation:156 - Test AUROC:  0.6806804484088718
2025-07-05 12:38:02.359 | INFO     | eval_module:run_evaluation:162 - Train AUPRC: 1.0
2025-07-05 12:38:02.359 | INFO     | eval_module:run_evaluation:163 - Val AUPRC:   0.3023392833361092
2025-07-05 12:38:02.360 | INFO     | eval_module:run_evaluation:164 - Test AUPRC:  0.1800500590935824
2025-07-05 12:38:02.360 | INFO     | __main__:run_dimensionality_analysis:363 -     Results: AUROC=0.681, AUPRC=0.180
2025-07-05 12:38:02.360 | INFO     | __main__:run_dimensionality_analysis:368 -     Progress: 99/448 (22.1%) - ETA: 0h 51m
2025-07-05 12:38:02.360 | INFO     | __main__:run_dimensionality_analysis:329 -     Reducing to 400 dimensions... (8/8)
2025-07-05 12:38:02.360 | INFO     | reducers:fit_transform:55 - Applying PCA to reduce from 768 to 400 dimensions
2025-07-05 12:38:02.695 | INFO     | __main__:run_dimensionality_analysis:343 -     Reduced shapes - Train: (2402, 400), Val: (2052, 400), Test: (2037, 400)
2025-07-05 12:38:02.696 | CRITICAL | eval_module:run_evaluation:76 - Start | Training knn
2025-07-05 12:38:02.696 | INFO     | eval_module:run_evaluation:77 - Train shape: X = (2402, 400), Y = (2402,)
2025-07-05 12:38:02.697 | INFO     | eval_module:run_evaluation:78 - Val shape: X = (2052, 400), Y = (2052,)
2025-07-05 12:38:02.697 | INFO     | eval_module:run_evaluation:79 - Test shape: X = (2037, 400), Y = (2037,)
2025-07-05 12:38:02.697 | INFO     | eval_module:run_evaluation:80 - Train prevalence:  0.04704412989175687
2025-07-05 12:38:02.697 | INFO     | eval_module:run_evaluation:81 - Val prevalence:  0.04483430799220273
2025-07-05 12:38:02.697 | INFO     | eval_module:run_evaluation:82 - Test prevalence:  0.041728031418753066
2025-07-05 12:38:02.698 | CRITICAL | eval_module:run_evaluation:91 - Start | Fitting knn...
2025-07-05 12:38:05.282 | INFO     | eval_module:run_evaluation:140 - Best hparams: {'algorithm': 'auto', 'leaf_size': 30, 'metric': 'cosine', 'metric_params': None, 'n_jobs': None, 'n_neighbors': 5, 'p': 2, 'weights': 'distance'}
2025-07-05 12:38:05.282 | CRITICAL | eval_module:run_evaluation:143 - Finish | Fitting knn...
2025-07-05 12:38:05.609 | INFO     | eval_module:run_evaluation:154 - Train AUROC: 1.0
2025-07-05 12:38:05.609 | INFO     | eval_module:run_evaluation:155 - Val AUROC:   0.7275094276841172
2025-07-05 12:38:05.609 | INFO     | eval_module:run_evaluation:156 - Test AUROC:  0.6722275795564127
2025-07-05 12:38:05.611 | INFO     | eval_module:run_evaluation:162 - Train AUPRC: 1.0
2025-07-05 12:38:05.611 | INFO     | eval_module:run_evaluation:163 - Val AUPRC:   0.24361345102840007
2025-07-05 12:38:05.611 | INFO     | eval_module:run_evaluation:164 - Test AUPRC:  0.18100144773216253
2025-07-05 12:38:05.611 | INFO     | __main__:run_dimensionality_analysis:363 -     Results: AUROC=0.672, AUPRC=0.181
2025-07-05 12:38:05.611 | INFO     | __main__:run_dimensionality_analysis:368 -     Progress: 100/448 (22.3%) - ETA: 0h 50m
2025-07-05 12:38:05.614 | INFO     | __main__:save_checkpoint:90 - Saved 144 results to ../EHRSHOT_ASSETS/dimensionality_analysis/dimensionality_results.csv
2025-07-05 12:38:05.614 | INFO     | __main__:save_checkpoint:112 - Checkpoint saved: 100 combinations completed
2025-07-05 12:38:05.617 | INFO     | __main__:save_checkpoint:90 - Saved 144 results to ../EHRSHOT_ASSETS/dimensionality_analysis/dimensionality_results.csv
2025-07-05 12:38:05.617 | INFO     | __main__:save_checkpoint:112 - Checkpoint saved: 100 combinations completed
2025-07-05 12:38:05.617 | INFO     | __main__:run_dimensionality_analysis:314 - 
  Testing method 2/2: umap
2025-07-05 12:38:05.618 | INFO     | __main__:run_dimensionality_analysis:329 -     Reducing to 2 dimensions... (1/8)
2025-07-05 12:38:05.618 | INFO     | reducers:fit_transform:101 - Applying UMAP to reduce from 768 to 2 dimensions
2025-07-05 12:38:05.618 | INFO     | reducers:fit_transform:102 - Using n_neighbors: 15, n_jobs: 16
/home/pvenema/.conda/envs/EHRSHOT_ENV/lib/python3.10/site-packages/umap/umap_.py:1952: UserWarning: n_jobs value 1 overridden to 1 by setting random_state. Use no seed for parallelism.
  warn(
2025-07-05 12:38:19.619 | INFO     | __main__:run_dimensionality_analysis:343 -     Reduced shapes - Train: (2402, 2), Val: (2052, 2), Test: (2037, 2)
2025-07-05 12:38:19.619 | CRITICAL | eval_module:run_evaluation:76 - Start | Training knn
2025-07-05 12:38:19.619 | INFO     | eval_module:run_evaluation:77 - Train shape: X = (2402, 2), Y = (2402,)
2025-07-05 12:38:19.619 | INFO     | eval_module:run_evaluation:78 - Val shape: X = (2052, 2), Y = (2052,)
2025-07-05 12:38:19.619 | INFO     | eval_module:run_evaluation:79 - Test shape: X = (2037, 2), Y = (2037,)
2025-07-05 12:38:19.620 | INFO     | eval_module:run_evaluation:80 - Train prevalence:  0.04704412989175687
2025-07-05 12:38:19.620 | INFO     | eval_module:run_evaluation:81 - Val prevalence:  0.04483430799220273
2025-07-05 12:38:19.620 | INFO     | eval_module:run_evaluation:82 - Test prevalence:  0.041728031418753066
2025-07-05 12:38:19.620 | CRITICAL | eval_module:run_evaluation:91 - Start | Fitting knn...
2025-07-05 12:38:20.227 | INFO     | eval_module:run_evaluation:140 - Best hparams: {'algorithm': 'auto', 'leaf_size': 30, 'metric': 'euclidean', 'metric_params': None, 'n_jobs': None, 'n_neighbors': 5, 'p': 2, 'weights': 'distance'}
2025-07-05 12:38:20.228 | CRITICAL | eval_module:run_evaluation:143 - Finish | Fitting knn...
2025-07-05 12:38:20.270 | INFO     | eval_module:run_evaluation:154 - Train AUROC: 1.0
2025-07-05 12:38:20.271 | INFO     | eval_module:run_evaluation:155 - Val AUROC:   0.6587122892635315
2025-07-05 12:38:20.271 | INFO     | eval_module:run_evaluation:156 - Test AUROC:  0.6367797733847637
2025-07-05 12:38:20.273 | INFO     | eval_module:run_evaluation:162 - Train AUPRC: 1.0
2025-07-05 12:38:20.273 | INFO     | eval_module:run_evaluation:163 - Val AUPRC:   0.1946407068007513
2025-07-05 12:38:20.273 | INFO     | eval_module:run_evaluation:164 - Test AUPRC:  0.11475716936660538
2025-07-05 12:38:20.273 | INFO     | __main__:run_dimensionality_analysis:363 -     Results: AUROC=0.637, AUPRC=0.115
2025-07-05 12:38:20.273 | INFO     | __main__:run_dimensionality_analysis:368 -     Progress: 101/448 (22.5%) - ETA: 0h 51m
2025-07-05 12:38:20.273 | INFO     | __main__:run_dimensionality_analysis:329 -     Reducing to 5 dimensions... (2/8)
2025-07-05 12:38:20.273 | INFO     | reducers:fit_transform:101 - Applying UMAP to reduce from 768 to 5 dimensions
2025-07-05 12:38:20.273 | INFO     | reducers:fit_transform:102 - Using n_neighbors: 15, n_jobs: 16
/home/pvenema/.conda/envs/EHRSHOT_ENV/lib/python3.10/site-packages/umap/umap_.py:1952: UserWarning: n_jobs value 1 overridden to 1 by setting random_state. Use no seed for parallelism.
  warn(
2025-07-05 12:38:34.498 | INFO     | __main__:run_dimensionality_analysis:343 -     Reduced shapes - Train: (2402, 5), Val: (2052, 5), Test: (2037, 5)
2025-07-05 12:38:34.498 | CRITICAL | eval_module:run_evaluation:76 - Start | Training knn
2025-07-05 12:38:34.499 | INFO     | eval_module:run_evaluation:77 - Train shape: X = (2402, 5), Y = (2402,)
2025-07-05 12:38:34.499 | INFO     | eval_module:run_evaluation:78 - Val shape: X = (2052, 5), Y = (2052,)
2025-07-05 12:38:34.499 | INFO     | eval_module:run_evaluation:79 - Test shape: X = (2037, 5), Y = (2037,)
2025-07-05 12:38:34.499 | INFO     | eval_module:run_evaluation:80 - Train prevalence:  0.04704412989175687
2025-07-05 12:38:34.499 | INFO     | eval_module:run_evaluation:81 - Val prevalence:  0.04483430799220273
2025-07-05 12:38:34.499 | INFO     | eval_module:run_evaluation:82 - Test prevalence:  0.041728031418753066
2025-07-05 12:38:34.500 | CRITICAL | eval_module:run_evaluation:91 - Start | Fitting knn...
2025-07-05 12:38:35.140 | INFO     | eval_module:run_evaluation:140 - Best hparams: {'algorithm': 'auto', 'leaf_size': 30, 'metric': 'cosine', 'metric_params': None, 'n_jobs': None, 'n_neighbors': 5, 'p': 2, 'weights': 'distance'}
2025-07-05 12:38:35.140 | CRITICAL | eval_module:run_evaluation:143 - Finish | Fitting knn...
2025-07-05 12:38:35.458 | INFO     | eval_module:run_evaluation:154 - Train AUROC: 1.0
2025-07-05 12:38:35.458 | INFO     | eval_module:run_evaluation:155 - Val AUROC:   0.690766415261757
2025-07-05 12:38:35.458 | INFO     | eval_module:run_evaluation:156 - Test AUROC:  0.658754218900675
2025-07-05 12:38:35.460 | INFO     | eval_module:run_evaluation:162 - Train AUPRC: 1.0
2025-07-05 12:38:35.460 | INFO     | eval_module:run_evaluation:163 - Val AUPRC:   0.15003493887545916
2025-07-05 12:38:35.460 | INFO     | eval_module:run_evaluation:164 - Test AUPRC:  0.10078540594305585
2025-07-05 12:38:35.460 | INFO     | __main__:run_dimensionality_analysis:363 -     Results: AUROC=0.659, AUPRC=0.101
2025-07-05 12:38:35.460 | INFO     | __main__:run_dimensionality_analysis:368 -     Progress: 102/448 (22.8%) - ETA: 0h 51m
2025-07-05 12:38:35.460 | INFO     | __main__:run_dimensionality_analysis:329 -     Reducing to 10 dimensions... (3/8)
2025-07-05 12:38:35.460 | INFO     | reducers:fit_transform:101 - Applying UMAP to reduce from 768 to 10 dimensions
2025-07-05 12:38:35.460 | INFO     | reducers:fit_transform:102 - Using n_neighbors: 15, n_jobs: 16
/home/pvenema/.conda/envs/EHRSHOT_ENV/lib/python3.10/site-packages/umap/umap_.py:1952: UserWarning: n_jobs value 1 overridden to 1 by setting random_state. Use no seed for parallelism.
  warn(
2025-07-05 12:38:50.020 | INFO     | __main__:run_dimensionality_analysis:343 -     Reduced shapes - Train: (2402, 10), Val: (2052, 10), Test: (2037, 10)
2025-07-05 12:38:50.020 | CRITICAL | eval_module:run_evaluation:76 - Start | Training knn
2025-07-05 12:38:50.020 | INFO     | eval_module:run_evaluation:77 - Train shape: X = (2402, 10), Y = (2402,)
2025-07-05 12:38:50.020 | INFO     | eval_module:run_evaluation:78 - Val shape: X = (2052, 10), Y = (2052,)
2025-07-05 12:38:50.020 | INFO     | eval_module:run_evaluation:79 - Test shape: X = (2037, 10), Y = (2037,)
2025-07-05 12:38:50.021 | INFO     | eval_module:run_evaluation:80 - Train prevalence:  0.04704412989175687
2025-07-05 12:38:50.021 | INFO     | eval_module:run_evaluation:81 - Val prevalence:  0.04483430799220273
2025-07-05 12:38:50.021 | INFO     | eval_module:run_evaluation:82 - Test prevalence:  0.041728031418753066
2025-07-05 12:38:50.021 | CRITICAL | eval_module:run_evaluation:91 - Start | Fitting knn...
2025-07-05 12:38:50.752 | INFO     | eval_module:run_evaluation:140 - Best hparams: {'algorithm': 'auto', 'leaf_size': 30, 'metric': 'cosine', 'metric_params': None, 'n_jobs': None, 'n_neighbors': 5, 'p': 2, 'weights': 'distance'}
2025-07-05 12:38:50.753 | CRITICAL | eval_module:run_evaluation:143 - Finish | Fitting knn...
2025-07-05 12:38:51.059 | INFO     | eval_module:run_evaluation:154 - Train AUROC: 1.0
2025-07-05 12:38:51.060 | INFO     | eval_module:run_evaluation:155 - Val AUROC:   0.6530806344276842
2025-07-05 12:38:51.060 | INFO     | eval_module:run_evaluation:156 - Test AUROC:  0.6576573047251687
2025-07-05 12:38:51.062 | INFO     | eval_module:run_evaluation:162 - Train AUPRC: 1.0
2025-07-05 12:38:51.062 | INFO     | eval_module:run_evaluation:163 - Val AUPRC:   0.1437782430650979
2025-07-05 12:38:51.062 | INFO     | eval_module:run_evaluation:164 - Test AUPRC:  0.13222390384526392
2025-07-05 12:38:51.062 | INFO     | __main__:run_dimensionality_analysis:363 -     Results: AUROC=0.658, AUPRC=0.132
2025-07-05 12:38:51.062 | INFO     | __main__:run_dimensionality_analysis:368 -     Progress: 103/448 (23.0%) - ETA: 0h 51m
2025-07-05 12:38:51.062 | INFO     | __main__:run_dimensionality_analysis:329 -     Reducing to 25 dimensions... (4/8)
2025-07-05 12:38:51.062 | INFO     | reducers:fit_transform:101 - Applying UMAP to reduce from 768 to 25 dimensions
2025-07-05 12:38:51.062 | INFO     | reducers:fit_transform:102 - Using n_neighbors: 15, n_jobs: 16
/home/pvenema/.conda/envs/EHRSHOT_ENV/lib/python3.10/site-packages/umap/umap_.py:1952: UserWarning: n_jobs value 1 overridden to 1 by setting random_state. Use no seed for parallelism.
  warn(
2025-07-05 12:39:06.464 | INFO     | __main__:run_dimensionality_analysis:343 -     Reduced shapes - Train: (2402, 25), Val: (2052, 25), Test: (2037, 25)
2025-07-05 12:39:06.465 | CRITICAL | eval_module:run_evaluation:76 - Start | Training knn
2025-07-05 12:39:06.465 | INFO     | eval_module:run_evaluation:77 - Train shape: X = (2402, 25), Y = (2402,)
2025-07-05 12:39:06.466 | INFO     | eval_module:run_evaluation:78 - Val shape: X = (2052, 25), Y = (2052,)
2025-07-05 12:39:06.466 | INFO     | eval_module:run_evaluation:79 - Test shape: X = (2037, 25), Y = (2037,)
2025-07-05 12:39:06.466 | INFO     | eval_module:run_evaluation:80 - Train prevalence:  0.04704412989175687
2025-07-05 12:39:06.466 | INFO     | eval_module:run_evaluation:81 - Val prevalence:  0.04483430799220273
2025-07-05 12:39:06.466 | INFO     | eval_module:run_evaluation:82 - Test prevalence:  0.041728031418753066
2025-07-05 12:39:06.466 | CRITICAL | eval_module:run_evaluation:91 - Start | Fitting knn...
2025-07-05 12:39:07.517 | INFO     | eval_module:run_evaluation:140 - Best hparams: {'algorithm': 'auto', 'leaf_size': 30, 'metric': 'cosine', 'metric_params': None, 'n_jobs': None, 'n_neighbors': 5, 'p': 2, 'weights': 'distance'}
2025-07-05 12:39:07.518 | CRITICAL | eval_module:run_evaluation:143 - Finish | Fitting knn...
2025-07-05 12:39:07.835 | INFO     | eval_module:run_evaluation:154 - Train AUROC: 1.0
2025-07-05 12:39:07.835 | INFO     | eval_module:run_evaluation:155 - Val AUROC:   0.6801852262644188
2025-07-05 12:39:07.835 | INFO     | eval_module:run_evaluation:156 - Test AUROC:  0.6462451783992285
2025-07-05 12:39:07.837 | INFO     | eval_module:run_evaluation:162 - Train AUPRC: 1.0
2025-07-05 12:39:07.837 | INFO     | eval_module:run_evaluation:163 - Val AUPRC:   0.17659883850082772
2025-07-05 12:39:07.837 | INFO     | eval_module:run_evaluation:164 - Test AUPRC:  0.11709422210421977
2025-07-05 12:39:07.837 | INFO     | __main__:run_dimensionality_analysis:363 -     Results: AUROC=0.646, AUPRC=0.117
2025-07-05 12:39:07.837 | INFO     | __main__:run_dimensionality_analysis:368 -     Progress: 104/448 (23.2%) - ETA: 0h 51m
2025-07-05 12:39:07.838 | INFO     | __main__:run_dimensionality_analysis:329 -     Reducing to 50 dimensions... (5/8)
2025-07-05 12:39:07.838 | INFO     | reducers:fit_transform:101 - Applying UMAP to reduce from 768 to 50 dimensions
2025-07-05 12:39:07.838 | INFO     | reducers:fit_transform:102 - Using n_neighbors: 15, n_jobs: 16
/home/pvenema/.conda/envs/EHRSHOT_ENV/lib/python3.10/site-packages/umap/umap_.py:1952: UserWarning: n_jobs value 1 overridden to 1 by setting random_state. Use no seed for parallelism.
  warn(
2025-07-05 12:39:23.549 | INFO     | __main__:run_dimensionality_analysis:343 -     Reduced shapes - Train: (2402, 50), Val: (2052, 50), Test: (2037, 50)
2025-07-05 12:39:23.550 | CRITICAL | eval_module:run_evaluation:76 - Start | Training knn
2025-07-05 12:39:23.550 | INFO     | eval_module:run_evaluation:77 - Train shape: X = (2402, 50), Y = (2402,)
2025-07-05 12:39:23.550 | INFO     | eval_module:run_evaluation:78 - Val shape: X = (2052, 50), Y = (2052,)
2025-07-05 12:39:23.550 | INFO     | eval_module:run_evaluation:79 - Test shape: X = (2037, 50), Y = (2037,)
2025-07-05 12:39:23.550 | INFO     | eval_module:run_evaluation:80 - Train prevalence:  0.04704412989175687
2025-07-05 12:39:23.550 | INFO     | eval_module:run_evaluation:81 - Val prevalence:  0.04483430799220273
2025-07-05 12:39:23.550 | INFO     | eval_module:run_evaluation:82 - Test prevalence:  0.041728031418753066
2025-07-05 12:39:23.551 | CRITICAL | eval_module:run_evaluation:91 - Start | Fitting knn...
2025-07-05 12:39:24.701 | INFO     | eval_module:run_evaluation:140 - Best hparams: {'algorithm': 'auto', 'leaf_size': 30, 'metric': 'cosine', 'metric_params': None, 'n_jobs': None, 'n_neighbors': 5, 'p': 2, 'weights': 'uniform'}
2025-07-05 12:39:24.701 | CRITICAL | eval_module:run_evaluation:143 - Finish | Fitting knn...
2025-07-05 12:39:25.005 | INFO     | eval_module:run_evaluation:154 - Train AUROC: 0.9513660948669473
2025-07-05 12:39:25.005 | INFO     | eval_module:run_evaluation:155 - Val AUROC:   0.6885786379769299
2025-07-05 12:39:25.005 | INFO     | eval_module:run_evaluation:156 - Test AUROC:  0.6368008678881387
2025-07-05 12:39:25.007 | INFO     | eval_module:run_evaluation:162 - Train AUPRC: 0.41042303383040246
2025-07-05 12:39:25.008 | INFO     | eval_module:run_evaluation:163 - Val AUPRC:   0.17118118887426667
2025-07-05 12:39:25.008 | INFO     | eval_module:run_evaluation:164 - Test AUPRC:  0.1031741623713062
2025-07-05 12:39:25.008 | INFO     | __main__:run_dimensionality_analysis:363 -     Results: AUROC=0.637, AUPRC=0.103
2025-07-05 12:39:25.008 | INFO     | __main__:run_dimensionality_analysis:368 -     Progress: 105/448 (23.4%) - ETA: 0h 52m
2025-07-05 12:39:25.011 | INFO     | __main__:save_checkpoint:90 - Saved 154 results to ../EHRSHOT_ASSETS/dimensionality_analysis/dimensionality_results.csv
2025-07-05 12:39:25.011 | INFO     | __main__:save_checkpoint:112 - Checkpoint saved: 105 combinations completed
2025-07-05 12:39:25.011 | INFO     | __main__:run_dimensionality_analysis:329 -     Reducing to 100 dimensions... (6/8)
2025-07-05 12:39:25.012 | INFO     | reducers:fit_transform:101 - Applying UMAP to reduce from 768 to 100 dimensions
2025-07-05 12:39:25.012 | INFO     | reducers:fit_transform:102 - Using n_neighbors: 15, n_jobs: 16
/home/pvenema/.conda/envs/EHRSHOT_ENV/lib/python3.10/site-packages/umap/umap_.py:1952: UserWarning: n_jobs value 1 overridden to 1 by setting random_state. Use no seed for parallelism.
  warn(
2025-07-05 12:39:41.777 | INFO     | __main__:run_dimensionality_analysis:343 -     Reduced shapes - Train: (2402, 100), Val: (2052, 100), Test: (2037, 100)
2025-07-05 12:39:41.777 | CRITICAL | eval_module:run_evaluation:76 - Start | Training knn
2025-07-05 12:39:41.777 | INFO     | eval_module:run_evaluation:77 - Train shape: X = (2402, 100), Y = (2402,)
2025-07-05 12:39:41.777 | INFO     | eval_module:run_evaluation:78 - Val shape: X = (2052, 100), Y = (2052,)
2025-07-05 12:39:41.777 | INFO     | eval_module:run_evaluation:79 - Test shape: X = (2037, 100), Y = (2037,)
2025-07-05 12:39:41.778 | INFO     | eval_module:run_evaluation:80 - Train prevalence:  0.04704412989175687
2025-07-05 12:39:41.778 | INFO     | eval_module:run_evaluation:81 - Val prevalence:  0.04483430799220273
2025-07-05 12:39:41.778 | INFO     | eval_module:run_evaluation:82 - Test prevalence:  0.041728031418753066
2025-07-05 12:39:41.778 | CRITICAL | eval_module:run_evaluation:91 - Start | Fitting knn...
2025-07-05 12:39:43.210 | INFO     | eval_module:run_evaluation:140 - Best hparams: {'algorithm': 'auto', 'leaf_size': 30, 'metric': 'cosine', 'metric_params': None, 'n_jobs': None, 'n_neighbors': 5, 'p': 2, 'weights': 'uniform'}
2025-07-05 12:39:43.211 | CRITICAL | eval_module:run_evaluation:143 - Finish | Fitting knn...
2025-07-05 12:39:43.500 | INFO     | eval_module:run_evaluation:154 - Train AUROC: 0.9545672454254089
2025-07-05 12:39:43.500 | INFO     | eval_module:run_evaluation:155 - Val AUROC:   0.6555567879325642
2025-07-05 12:39:43.501 | INFO     | eval_module:run_evaluation:156 - Test AUROC:  0.6313946480231436
2025-07-05 12:39:43.502 | INFO     | eval_module:run_evaluation:162 - Train AUPRC: 0.4676667276202938
2025-07-05 12:39:43.502 | INFO     | eval_module:run_evaluation:163 - Val AUPRC:   0.13893906087576055
2025-07-05 12:39:43.503 | INFO     | eval_module:run_evaluation:164 - Test AUPRC:  0.10519149482358045
2025-07-05 12:39:43.503 | INFO     | __main__:run_dimensionality_analysis:363 -     Results: AUROC=0.631, AUPRC=0.105
2025-07-05 12:39:43.503 | INFO     | __main__:run_dimensionality_analysis:368 -     Progress: 106/448 (23.7%) - ETA: 0h 52m
2025-07-05 12:39:43.503 | INFO     | __main__:run_dimensionality_analysis:329 -     Reducing to 200 dimensions... (7/8)
2025-07-05 12:39:43.503 | INFO     | reducers:fit_transform:101 - Applying UMAP to reduce from 768 to 200 dimensions
2025-07-05 12:39:43.503 | INFO     | reducers:fit_transform:102 - Using n_neighbors: 15, n_jobs: 16
/home/pvenema/.conda/envs/EHRSHOT_ENV/lib/python3.10/site-packages/umap/umap_.py:1952: UserWarning: n_jobs value 1 overridden to 1 by setting random_state. Use no seed for parallelism.
  warn(
2025-07-05 12:40:02.144 | INFO     | __main__:run_dimensionality_analysis:343 -     Reduced shapes - Train: (2402, 200), Val: (2052, 200), Test: (2037, 200)
2025-07-05 12:40:02.145 | CRITICAL | eval_module:run_evaluation:76 - Start | Training knn
2025-07-05 12:40:02.145 | INFO     | eval_module:run_evaluation:77 - Train shape: X = (2402, 200), Y = (2402,)
2025-07-05 12:40:02.145 | INFO     | eval_module:run_evaluation:78 - Val shape: X = (2052, 200), Y = (2052,)
2025-07-05 12:40:02.146 | INFO     | eval_module:run_evaluation:79 - Test shape: X = (2037, 200), Y = (2037,)
2025-07-05 12:40:02.146 | INFO     | eval_module:run_evaluation:80 - Train prevalence:  0.04704412989175687
2025-07-05 12:40:02.146 | INFO     | eval_module:run_evaluation:81 - Val prevalence:  0.04483430799220273
2025-07-05 12:40:02.146 | INFO     | eval_module:run_evaluation:82 - Test prevalence:  0.041728031418753066
2025-07-05 12:40:02.147 | CRITICAL | eval_module:run_evaluation:91 - Start | Fitting knn...
2025-07-05 12:40:03.962 | INFO     | eval_module:run_evaluation:140 - Best hparams: {'algorithm': 'auto', 'leaf_size': 30, 'metric': 'euclidean', 'metric_params': None, 'n_jobs': None, 'n_neighbors': 5, 'p': 2, 'weights': 'distance'}
2025-07-05 12:40:03.963 | CRITICAL | eval_module:run_evaluation:143 - Finish | Fitting knn...
2025-07-05 12:40:04.052 | INFO     | eval_module:run_evaluation:154 - Train AUROC: 1.0
2025-07-05 12:40:04.052 | INFO     | eval_module:run_evaluation:155 - Val AUROC:   0.6462843833185448
2025-07-05 12:40:04.053 | INFO     | eval_module:run_evaluation:156 - Test AUROC:  0.6460010848601735
2025-07-05 12:40:04.054 | INFO     | eval_module:run_evaluation:162 - Train AUPRC: 1.0
2025-07-05 12:40:04.054 | INFO     | eval_module:run_evaluation:163 - Val AUPRC:   0.1562724404567618
2025-07-05 12:40:04.055 | INFO     | eval_module:run_evaluation:164 - Test AUPRC:  0.12436100592265281
2025-07-05 12:40:04.055 | INFO     | __main__:run_dimensionality_analysis:363 -     Results: AUROC=0.646, AUPRC=0.124
2025-07-05 12:40:04.055 | INFO     | __main__:run_dimensionality_analysis:368 -     Progress: 107/448 (23.9%) - ETA: 0h 52m
2025-07-05 12:40:04.055 | INFO     | __main__:run_dimensionality_analysis:329 -     Reducing to 400 dimensions... (8/8)
2025-07-05 12:40:04.055 | INFO     | reducers:fit_transform:101 - Applying UMAP to reduce from 768 to 400 dimensions
2025-07-05 12:40:04.055 | INFO     | reducers:fit_transform:102 - Using n_neighbors: 15, n_jobs: 16
/home/pvenema/.conda/envs/EHRSHOT_ENV/lib/python3.10/site-packages/umap/umap_.py:1952: UserWarning: n_jobs value 1 overridden to 1 by setting random_state. Use no seed for parallelism.
  warn(
2025-07-05 12:40:28.292 | INFO     | __main__:run_dimensionality_analysis:343 -     Reduced shapes - Train: (2402, 400), Val: (2052, 400), Test: (2037, 400)
2025-07-05 12:40:28.293 | CRITICAL | eval_module:run_evaluation:76 - Start | Training knn
2025-07-05 12:40:28.293 | INFO     | eval_module:run_evaluation:77 - Train shape: X = (2402, 400), Y = (2402,)
2025-07-05 12:40:28.293 | INFO     | eval_module:run_evaluation:78 - Val shape: X = (2052, 400), Y = (2052,)
2025-07-05 12:40:28.293 | INFO     | eval_module:run_evaluation:79 - Test shape: X = (2037, 400), Y = (2037,)
2025-07-05 12:40:28.293 | INFO     | eval_module:run_evaluation:80 - Train prevalence:  0.04704412989175687
2025-07-05 12:40:28.293 | INFO     | eval_module:run_evaluation:81 - Val prevalence:  0.04483430799220273
2025-07-05 12:40:28.293 | INFO     | eval_module:run_evaluation:82 - Test prevalence:  0.041728031418753066
2025-07-05 12:40:28.294 | CRITICAL | eval_module:run_evaluation:91 - Start | Fitting knn...
2025-07-05 12:40:30.730 | INFO     | eval_module:run_evaluation:140 - Best hparams: {'algorithm': 'auto', 'leaf_size': 30, 'metric': 'cosine', 'metric_params': None, 'n_jobs': None, 'n_neighbors': 5, 'p': 2, 'weights': 'distance'}
2025-07-05 12:40:30.730 | CRITICAL | eval_module:run_evaluation:143 - Finish | Fitting knn...
2025-07-05 12:40:31.024 | INFO     | eval_module:run_evaluation:154 - Train AUROC: 0.9994916047120318
2025-07-05 12:40:31.024 | INFO     | eval_module:run_evaluation:155 - Val AUROC:   0.6595191881100266
2025-07-05 12:40:31.024 | INFO     | eval_module:run_evaluation:156 - Test AUROC:  0.6412789296046287
2025-07-05 12:40:31.026 | INFO     | eval_module:run_evaluation:162 - Train AUPRC: 0.9847025515015233
2025-07-05 12:40:31.026 | INFO     | eval_module:run_evaluation:163 - Val AUPRC:   0.12243289529005914
2025-07-05 12:40:31.026 | INFO     | eval_module:run_evaluation:164 - Test AUPRC:  0.10991892457860054
2025-07-05 12:40:31.026 | INFO     | __main__:run_dimensionality_analysis:363 -     Results: AUROC=0.641, AUPRC=0.110
2025-07-05 12:40:31.026 | INFO     | __main__:run_dimensionality_analysis:368 -     Progress: 108/448 (24.1%) - ETA: 0h 53m
2025-07-05 12:40:31.032 | INFO     | __main__:save_checkpoint:90 - Saved 160 results to ../EHRSHOT_ASSETS/dimensionality_analysis/dimensionality_results.csv
2025-07-05 12:40:31.033 | INFO     | __main__:save_checkpoint:112 - Checkpoint saved: 108 combinations completed
2025-07-05 12:40:31.033 | INFO     | __main__:run_dimensionality_analysis:262 - 
Processing model 2/2: clinicalbert_type3_clinicalbert_pool
2025-07-05 12:40:31.036 | INFO     | __main__:run_dimensionality_analysis:281 - Data shapes - Train: (2402, 768), Val: (2052, 768), Test: (2037, 768)
2025-07-05 12:40:31.037 | INFO     | __main__:run_dimensionality_analysis:282 - Label distribution - Train: 0.047, Val: 0.045, Test: 0.042
2025-07-05 12:40:31.037 | INFO     | __main__:run_dimensionality_analysis:311 -   🚫 Skipping baseline evaluation (--skip-baseline enabled)
2025-07-05 12:40:31.037 | INFO     | __main__:run_dimensionality_analysis:314 - 
  Testing method 1/2: pca
2025-07-05 12:40:31.037 | INFO     | __main__:run_dimensionality_analysis:329 -     Reducing to 2 dimensions... (1/8)
2025-07-05 12:40:31.037 | INFO     | reducers:fit_transform:55 - Applying PCA to reduce from 768 to 2 dimensions
2025-07-05 12:40:31.054 | INFO     | __main__:run_dimensionality_analysis:343 -     Reduced shapes - Train: (2402, 2), Val: (2052, 2), Test: (2037, 2)
2025-07-05 12:40:31.055 | CRITICAL | eval_module:run_evaluation:76 - Start | Training knn
2025-07-05 12:40:31.055 | INFO     | eval_module:run_evaluation:77 - Train shape: X = (2402, 2), Y = (2402,)
2025-07-05 12:40:31.055 | INFO     | eval_module:run_evaluation:78 - Val shape: X = (2052, 2), Y = (2052,)
2025-07-05 12:40:31.055 | INFO     | eval_module:run_evaluation:79 - Test shape: X = (2037, 2), Y = (2037,)
2025-07-05 12:40:31.055 | INFO     | eval_module:run_evaluation:80 - Train prevalence:  0.04704412989175687
2025-07-05 12:40:31.055 | INFO     | eval_module:run_evaluation:81 - Val prevalence:  0.04483430799220273
2025-07-05 12:40:31.055 | INFO     | eval_module:run_evaluation:82 - Test prevalence:  0.041728031418753066
2025-07-05 12:40:31.055 | CRITICAL | eval_module:run_evaluation:91 - Start | Fitting knn...
2025-07-05 12:40:31.737 | INFO     | eval_module:run_evaluation:140 - Best hparams: {'algorithm': 'auto', 'leaf_size': 30, 'metric': 'euclidean', 'metric_params': None, 'n_jobs': None, 'n_neighbors': 5, 'p': 2, 'weights': 'uniform'}
2025-07-05 12:40:31.738 | CRITICAL | eval_module:run_evaluation:143 - Finish | Fitting knn...
2025-07-05 12:40:31.769 | INFO     | eval_module:run_evaluation:154 - Train AUROC: 0.9276570902778584
2025-07-05 12:40:31.769 | INFO     | eval_module:run_evaluation:155 - Val AUROC:   0.5647127329192547
2025-07-05 12:40:31.769 | INFO     | eval_module:run_evaluation:156 - Test AUROC:  0.5388410077145612
2025-07-05 12:40:31.771 | INFO     | eval_module:run_evaluation:162 - Train AUPRC: 0.28009298065904187
2025-07-05 12:40:31.771 | INFO     | eval_module:run_evaluation:163 - Val AUPRC:   0.05347192037207107
2025-07-05 12:40:31.771 | INFO     | eval_module:run_evaluation:164 - Test AUPRC:  0.04577030325940267
2025-07-05 12:40:31.771 | INFO     | __main__:run_dimensionality_analysis:363 -     Results: AUROC=0.539, AUPRC=0.046
2025-07-05 12:40:31.771 | INFO     | __main__:run_dimensionality_analysis:368 -     Progress: 109/448 (24.3%) - ETA: 0h 53m
2025-07-05 12:40:31.771 | INFO     | __main__:run_dimensionality_analysis:329 -     Reducing to 5 dimensions... (2/8)
2025-07-05 12:40:31.771 | INFO     | reducers:fit_transform:55 - Applying PCA to reduce from 768 to 5 dimensions
2025-07-05 12:40:31.789 | INFO     | __main__:run_dimensionality_analysis:343 -     Reduced shapes - Train: (2402, 5), Val: (2052, 5), Test: (2037, 5)
2025-07-05 12:40:31.789 | CRITICAL | eval_module:run_evaluation:76 - Start | Training knn
2025-07-05 12:40:31.789 | INFO     | eval_module:run_evaluation:77 - Train shape: X = (2402, 5), Y = (2402,)
2025-07-05 12:40:31.789 | INFO     | eval_module:run_evaluation:78 - Val shape: X = (2052, 5), Y = (2052,)
2025-07-05 12:40:31.790 | INFO     | eval_module:run_evaluation:79 - Test shape: X = (2037, 5), Y = (2037,)
2025-07-05 12:40:31.790 | INFO     | eval_module:run_evaluation:80 - Train prevalence:  0.04704412989175687
2025-07-05 12:40:31.790 | INFO     | eval_module:run_evaluation:81 - Val prevalence:  0.04483430799220273
2025-07-05 12:40:31.790 | INFO     | eval_module:run_evaluation:82 - Test prevalence:  0.041728031418753066
2025-07-05 12:40:31.791 | CRITICAL | eval_module:run_evaluation:91 - Start | Fitting knn...
2025-07-05 12:40:32.516 | INFO     | eval_module:run_evaluation:140 - Best hparams: {'algorithm': 'auto', 'leaf_size': 30, 'metric': 'cosine', 'metric_params': None, 'n_jobs': None, 'n_neighbors': 5, 'p': 2, 'weights': 'uniform'}
2025-07-05 12:40:32.517 | CRITICAL | eval_module:run_evaluation:143 - Finish | Fitting knn...
2025-07-05 12:40:32.823 | INFO     | eval_module:run_evaluation:154 - Train AUROC: 0.9328956881120557
2025-07-05 12:40:32.823 | INFO     | eval_module:run_evaluation:155 - Val AUROC:   0.5319432120674357
2025-07-05 12:40:32.823 | INFO     | eval_module:run_evaluation:156 - Test AUROC:  0.5089380424300869
2025-07-05 12:40:32.825 | INFO     | eval_module:run_evaluation:162 - Train AUPRC: 0.28673200461209025
2025-07-05 12:40:32.825 | INFO     | eval_module:run_evaluation:163 - Val AUPRC:   0.05555318484380269
2025-07-05 12:40:32.825 | INFO     | eval_module:run_evaluation:164 - Test AUPRC:  0.04236583898304372
2025-07-05 12:40:32.825 | INFO     | __main__:run_dimensionality_analysis:363 -     Results: AUROC=0.509, AUPRC=0.042
2025-07-05 12:40:32.825 | INFO     | __main__:run_dimensionality_analysis:368 -     Progress: 110/448 (24.6%) - ETA: 0h 52m
2025-07-05 12:40:32.828 | INFO     | __main__:save_checkpoint:90 - Saved 164 results to ../EHRSHOT_ASSETS/dimensionality_analysis/dimensionality_results.csv
2025-07-05 12:40:32.829 | INFO     | __main__:save_checkpoint:112 - Checkpoint saved: 110 combinations completed
2025-07-05 12:40:32.829 | INFO     | __main__:run_dimensionality_analysis:329 -     Reducing to 10 dimensions... (3/8)
2025-07-05 12:40:32.829 | INFO     | reducers:fit_transform:55 - Applying PCA to reduce from 768 to 10 dimensions
2025-07-05 12:40:32.848 | INFO     | __main__:run_dimensionality_analysis:343 -     Reduced shapes - Train: (2402, 10), Val: (2052, 10), Test: (2037, 10)
2025-07-05 12:40:32.848 | CRITICAL | eval_module:run_evaluation:76 - Start | Training knn
2025-07-05 12:40:32.848 | INFO     | eval_module:run_evaluation:77 - Train shape: X = (2402, 10), Y = (2402,)
2025-07-05 12:40:32.849 | INFO     | eval_module:run_evaluation:78 - Val shape: X = (2052, 10), Y = (2052,)
2025-07-05 12:40:32.849 | INFO     | eval_module:run_evaluation:79 - Test shape: X = (2037, 10), Y = (2037,)
2025-07-05 12:40:32.849 | INFO     | eval_module:run_evaluation:80 - Train prevalence:  0.04704412989175687
2025-07-05 12:40:32.849 | INFO     | eval_module:run_evaluation:81 - Val prevalence:  0.04483430799220273
2025-07-05 12:40:32.849 | INFO     | eval_module:run_evaluation:82 - Test prevalence:  0.041728031418753066
2025-07-05 12:40:32.849 | CRITICAL | eval_module:run_evaluation:91 - Start | Fitting knn...
2025-07-05 12:40:33.789 | INFO     | eval_module:run_evaluation:140 - Best hparams: {'algorithm': 'auto', 'leaf_size': 30, 'metric': 'cosine', 'metric_params': None, 'n_jobs': None, 'n_neighbors': 5, 'p': 2, 'weights': 'distance'}
2025-07-05 12:40:33.789 | CRITICAL | eval_module:run_evaluation:143 - Finish | Fitting knn...
2025-07-05 12:40:34.097 | INFO     | eval_module:run_evaluation:154 - Train AUROC: 1.0
2025-07-05 12:40:34.097 | INFO     | eval_module:run_evaluation:155 - Val AUROC:   0.6018827639751554
2025-07-05 12:40:34.097 | INFO     | eval_module:run_evaluation:156 - Test AUROC:  0.6126988910318226
2025-07-05 12:40:34.099 | INFO     | eval_module:run_evaluation:162 - Train AUPRC: 1.0
2025-07-05 12:40:34.099 | INFO     | eval_module:run_evaluation:163 - Val AUPRC:   0.08350214061006589
2025-07-05 12:40:34.099 | INFO     | eval_module:run_evaluation:164 - Test AUPRC:  0.0833451421398344
2025-07-05 12:40:34.100 | INFO     | __main__:run_dimensionality_analysis:363 -     Results: AUROC=0.613, AUPRC=0.083
2025-07-05 12:40:34.100 | INFO     | __main__:run_dimensionality_analysis:368 -     Progress: 111/448 (24.8%) - ETA: 0h 51m
2025-07-05 12:40:34.100 | INFO     | __main__:run_dimensionality_analysis:329 -     Reducing to 25 dimensions... (4/8)
2025-07-05 12:40:34.101 | INFO     | reducers:fit_transform:55 - Applying PCA to reduce from 768 to 25 dimensions
2025-07-05 12:40:34.127 | INFO     | __main__:run_dimensionality_analysis:343 -     Reduced shapes - Train: (2402, 25), Val: (2052, 25), Test: (2037, 25)
2025-07-05 12:40:34.127 | CRITICAL | eval_module:run_evaluation:76 - Start | Training knn
2025-07-05 12:40:34.127 | INFO     | eval_module:run_evaluation:77 - Train shape: X = (2402, 25), Y = (2402,)
2025-07-05 12:40:34.127 | INFO     | eval_module:run_evaluation:78 - Val shape: X = (2052, 25), Y = (2052,)
2025-07-05 12:40:34.127 | INFO     | eval_module:run_evaluation:79 - Test shape: X = (2037, 25), Y = (2037,)
2025-07-05 12:40:34.127 | INFO     | eval_module:run_evaluation:80 - Train prevalence:  0.04704412989175687
2025-07-05 12:40:34.128 | INFO     | eval_module:run_evaluation:81 - Val prevalence:  0.04483430799220273
2025-07-05 12:40:34.128 | INFO     | eval_module:run_evaluation:82 - Test prevalence:  0.041728031418753066
2025-07-05 12:40:34.128 | CRITICAL | eval_module:run_evaluation:91 - Start | Fitting knn...
2025-07-05 12:40:35.204 | INFO     | eval_module:run_evaluation:140 - Best hparams: {'algorithm': 'auto', 'leaf_size': 30, 'metric': 'euclidean', 'metric_params': None, 'n_jobs': None, 'n_neighbors': 5, 'p': 2, 'weights': 'uniform'}
2025-07-05 12:40:35.205 | CRITICAL | eval_module:run_evaluation:143 - Finish | Fitting knn...
2025-07-05 12:40:35.297 | INFO     | eval_module:run_evaluation:154 - Train AUROC: 0.9558701291671983
2025-07-05 12:40:35.298 | INFO     | eval_module:run_evaluation:155 - Val AUROC:   0.6426464063886425
2025-07-05 12:40:35.298 | INFO     | eval_module:run_evaluation:156 - Test AUROC:  0.5992616923818708
2025-07-05 12:40:35.299 | INFO     | eval_module:run_evaluation:162 - Train AUPRC: 0.4297280204615811
2025-07-05 12:40:35.300 | INFO     | eval_module:run_evaluation:163 - Val AUPRC:   0.08640885807385619
2025-07-05 12:40:35.300 | INFO     | eval_module:run_evaluation:164 - Test AUPRC:  0.06277444811101573
2025-07-05 12:40:35.300 | INFO     | __main__:run_dimensionality_analysis:363 -     Results: AUROC=0.599, AUPRC=0.063
2025-07-05 12:40:35.300 | INFO     | __main__:run_dimensionality_analysis:368 -     Progress: 112/448 (25.0%) - ETA: 0h 51m
2025-07-05 12:40:35.300 | INFO     | __main__:run_dimensionality_analysis:329 -     Reducing to 50 dimensions... (5/8)
2025-07-05 12:40:35.300 | INFO     | reducers:fit_transform:55 - Applying PCA to reduce from 768 to 50 dimensions
2025-07-05 12:40:35.335 | INFO     | __main__:run_dimensionality_analysis:343 -     Reduced shapes - Train: (2402, 50), Val: (2052, 50), Test: (2037, 50)
2025-07-05 12:40:35.335 | CRITICAL | eval_module:run_evaluation:76 - Start | Training knn
2025-07-05 12:40:35.335 | INFO     | eval_module:run_evaluation:77 - Train shape: X = (2402, 50), Y = (2402,)
2025-07-05 12:40:35.335 | INFO     | eval_module:run_evaluation:78 - Val shape: X = (2052, 50), Y = (2052,)
2025-07-05 12:40:35.336 | INFO     | eval_module:run_evaluation:79 - Test shape: X = (2037, 50), Y = (2037,)
2025-07-05 12:40:35.336 | INFO     | eval_module:run_evaluation:80 - Train prevalence:  0.04704412989175687
2025-07-05 12:40:35.336 | INFO     | eval_module:run_evaluation:81 - Val prevalence:  0.04483430799220273
2025-07-05 12:40:35.336 | INFO     | eval_module:run_evaluation:82 - Test prevalence:  0.041728031418753066
2025-07-05 12:40:35.336 | CRITICAL | eval_module:run_evaluation:91 - Start | Fitting knn...
2025-07-05 12:40:36.516 | INFO     | eval_module:run_evaluation:140 - Best hparams: {'algorithm': 'auto', 'leaf_size': 30, 'metric': 'cosine', 'metric_params': None, 'n_jobs': None, 'n_neighbors': 5, 'p': 2, 'weights': 'distance'}
2025-07-05 12:40:36.517 | CRITICAL | eval_module:run_evaluation:143 - Finish | Fitting knn...
2025-07-05 12:40:36.847 | INFO     | eval_module:run_evaluation:154 - Train AUROC: 1.0
2025-07-05 12:40:36.848 | INFO     | eval_module:run_evaluation:155 - Val AUROC:   0.6131987577639751
2025-07-05 12:40:36.848 | INFO     | eval_module:run_evaluation:156 - Test AUROC:  0.6260818466730955
2025-07-05 12:40:36.850 | INFO     | eval_module:run_evaluation:162 - Train AUPRC: 1.0
2025-07-05 12:40:36.851 | INFO     | eval_module:run_evaluation:163 - Val AUPRC:   0.10638272917033946
2025-07-05 12:40:36.851 | INFO     | eval_module:run_evaluation:164 - Test AUPRC:  0.09650377378498148
2025-07-05 12:40:36.851 | INFO     | __main__:run_dimensionality_analysis:363 -     Results: AUROC=0.626, AUPRC=0.097
2025-07-05 12:40:36.851 | INFO     | __main__:run_dimensionality_analysis:368 -     Progress: 113/448 (25.2%) - ETA: 0h 50m
2025-07-05 12:40:36.851 | INFO     | __main__:run_dimensionality_analysis:329 -     Reducing to 100 dimensions... (6/8)
2025-07-05 12:40:36.851 | INFO     | reducers:fit_transform:55 - Applying PCA to reduce from 768 to 100 dimensions
2025-07-05 12:40:36.896 | INFO     | __main__:run_dimensionality_analysis:343 -     Reduced shapes - Train: (2402, 100), Val: (2052, 100), Test: (2037, 100)
2025-07-05 12:40:36.897 | CRITICAL | eval_module:run_evaluation:76 - Start | Training knn
2025-07-05 12:40:36.897 | INFO     | eval_module:run_evaluation:77 - Train shape: X = (2402, 100), Y = (2402,)
2025-07-05 12:40:36.897 | INFO     | eval_module:run_evaluation:78 - Val shape: X = (2052, 100), Y = (2052,)
2025-07-05 12:40:36.897 | INFO     | eval_module:run_evaluation:79 - Test shape: X = (2037, 100), Y = (2037,)
2025-07-05 12:40:36.897 | INFO     | eval_module:run_evaluation:80 - Train prevalence:  0.04704412989175687
2025-07-05 12:40:36.897 | INFO     | eval_module:run_evaluation:81 - Val prevalence:  0.04483430799220273
2025-07-05 12:40:36.897 | INFO     | eval_module:run_evaluation:82 - Test prevalence:  0.041728031418753066
2025-07-05 12:40:36.898 | CRITICAL | eval_module:run_evaluation:91 - Start | Fitting knn...
2025-07-05 12:40:38.325 | INFO     | eval_module:run_evaluation:140 - Best hparams: {'algorithm': 'auto', 'leaf_size': 30, 'metric': 'cosine', 'metric_params': None, 'n_jobs': None, 'n_neighbors': 5, 'p': 2, 'weights': 'distance'}
2025-07-05 12:40:38.325 | CRITICAL | eval_module:run_evaluation:143 - Finish | Fitting knn...
2025-07-05 12:40:38.611 | INFO     | eval_module:run_evaluation:154 - Train AUROC: 1.0
2025-07-05 12:40:38.612 | INFO     | eval_module:run_evaluation:155 - Val AUROC:   0.6444958961845607
2025-07-05 12:40:38.612 | INFO     | eval_module:run_evaluation:156 - Test AUROC:  0.5847396335583415
2025-07-05 12:40:38.614 | INFO     | eval_module:run_evaluation:162 - Train AUPRC: 1.0
2025-07-05 12:40:38.614 | INFO     | eval_module:run_evaluation:163 - Val AUPRC:   0.1016393056104867
2025-07-05 12:40:38.614 | INFO     | eval_module:run_evaluation:164 - Test AUPRC:  0.07961818730383091
2025-07-05 12:40:38.614 | INFO     | __main__:run_dimensionality_analysis:363 -     Results: AUROC=0.585, AUPRC=0.080
2025-07-05 12:40:38.614 | INFO     | __main__:run_dimensionality_analysis:368 -     Progress: 114/448 (25.4%) - ETA: 0h 50m
2025-07-05 12:40:38.614 | INFO     | __main__:run_dimensionality_analysis:329 -     Reducing to 200 dimensions... (7/8)
2025-07-05 12:40:38.614 | INFO     | reducers:fit_transform:55 - Applying PCA to reduce from 768 to 200 dimensions
2025-07-05 12:40:38.695 | INFO     | __main__:run_dimensionality_analysis:343 -     Reduced shapes - Train: (2402, 200), Val: (2052, 200), Test: (2037, 200)
2025-07-05 12:40:38.696 | CRITICAL | eval_module:run_evaluation:76 - Start | Training knn
2025-07-05 12:40:38.696 | INFO     | eval_module:run_evaluation:77 - Train shape: X = (2402, 200), Y = (2402,)
2025-07-05 12:40:38.696 | INFO     | eval_module:run_evaluation:78 - Val shape: X = (2052, 200), Y = (2052,)
2025-07-05 12:40:38.696 | INFO     | eval_module:run_evaluation:79 - Test shape: X = (2037, 200), Y = (2037,)
2025-07-05 12:40:38.697 | INFO     | eval_module:run_evaluation:80 - Train prevalence:  0.04704412989175687
2025-07-05 12:40:38.697 | INFO     | eval_module:run_evaluation:81 - Val prevalence:  0.04483430799220273
2025-07-05 12:40:38.697 | INFO     | eval_module:run_evaluation:82 - Test prevalence:  0.041728031418753066
2025-07-05 12:40:38.698 | CRITICAL | eval_module:run_evaluation:91 - Start | Fitting knn...
2025-07-05 12:40:40.489 | INFO     | eval_module:run_evaluation:140 - Best hparams: {'algorithm': 'auto', 'leaf_size': 30, 'metric': 'cosine', 'metric_params': None, 'n_jobs': None, 'n_neighbors': 5, 'p': 2, 'weights': 'distance'}
2025-07-05 12:40:40.489 | CRITICAL | eval_module:run_evaluation:143 - Finish | Fitting knn...
2025-07-05 12:40:40.780 | INFO     | eval_module:run_evaluation:154 - Train AUROC: 1.0
2025-07-05 12:40:40.780 | INFO     | eval_module:run_evaluation:155 - Val AUROC:   0.6249611801242235
2025-07-05 12:40:40.780 | INFO     | eval_module:run_evaluation:156 - Test AUROC:  0.5851374156219865
2025-07-05 12:40:40.782 | INFO     | eval_module:run_evaluation:162 - Train AUPRC: 1.0
2025-07-05 12:40:40.782 | INFO     | eval_module:run_evaluation:163 - Val AUPRC:   0.08857845063959521
2025-07-05 12:40:40.782 | INFO     | eval_module:run_evaluation:164 - Test AUPRC:  0.09749855350532075
2025-07-05 12:40:40.782 | INFO     | __main__:run_dimensionality_analysis:363 -     Results: AUROC=0.585, AUPRC=0.097
2025-07-05 12:40:40.782 | INFO     | __main__:run_dimensionality_analysis:368 -     Progress: 115/448 (25.7%) - ETA: 0h 49m
2025-07-05 12:40:40.785 | INFO     | __main__:save_checkpoint:90 - Saved 174 results to ../EHRSHOT_ASSETS/dimensionality_analysis/dimensionality_results.csv
2025-07-05 12:40:40.785 | INFO     | __main__:save_checkpoint:112 - Checkpoint saved: 115 combinations completed
2025-07-05 12:40:40.786 | INFO     | __main__:run_dimensionality_analysis:329 -     Reducing to 400 dimensions... (8/8)
2025-07-05 12:40:40.786 | INFO     | reducers:fit_transform:55 - Applying PCA to reduce from 768 to 400 dimensions
2025-07-05 12:40:40.976 | INFO     | __main__:run_dimensionality_analysis:343 -     Reduced shapes - Train: (2402, 400), Val: (2052, 400), Test: (2037, 400)
2025-07-05 12:40:40.977 | CRITICAL | eval_module:run_evaluation:76 - Start | Training knn
2025-07-05 12:40:40.977 | INFO     | eval_module:run_evaluation:77 - Train shape: X = (2402, 400), Y = (2402,)
2025-07-05 12:40:40.977 | INFO     | eval_module:run_evaluation:78 - Val shape: X = (2052, 400), Y = (2052,)
2025-07-05 12:40:40.977 | INFO     | eval_module:run_evaluation:79 - Test shape: X = (2037, 400), Y = (2037,)
2025-07-05 12:40:40.977 | INFO     | eval_module:run_evaluation:80 - Train prevalence:  0.04704412989175687
2025-07-05 12:40:40.978 | INFO     | eval_module:run_evaluation:81 - Val prevalence:  0.04483430799220273
2025-07-05 12:40:40.978 | INFO     | eval_module:run_evaluation:82 - Test prevalence:  0.041728031418753066
2025-07-05 12:40:40.979 | CRITICAL | eval_module:run_evaluation:91 - Start | Fitting knn...
2025-07-05 12:40:43.457 | INFO     | eval_module:run_evaluation:140 - Best hparams: {'algorithm': 'auto', 'leaf_size': 30, 'metric': 'cosine', 'metric_params': None, 'n_jobs': None, 'n_neighbors': 5, 'p': 2, 'weights': 'distance'}
2025-07-05 12:40:43.457 | CRITICAL | eval_module:run_evaluation:143 - Finish | Fitting knn...
2025-07-05 12:40:43.759 | INFO     | eval_module:run_evaluation:154 - Train AUROC: 1.0
2025-07-05 12:40:43.759 | INFO     | eval_module:run_evaluation:155 - Val AUROC:   0.6694903504880213
2025-07-05 12:40:43.759 | INFO     | eval_module:run_evaluation:156 - Test AUROC:  0.5938373915139827
2025-07-05 12:40:43.761 | INFO     | eval_module:run_evaluation:162 - Train AUPRC: 1.0
2025-07-05 12:40:43.761 | INFO     | eval_module:run_evaluation:163 - Val AUPRC:   0.10202325895914241
2025-07-05 12:40:43.761 | INFO     | eval_module:run_evaluation:164 - Test AUPRC:  0.07787052068209796
2025-07-05 12:40:43.761 | INFO     | __main__:run_dimensionality_analysis:363 -     Results: AUROC=0.594, AUPRC=0.078
2025-07-05 12:40:43.762 | INFO     | __main__:run_dimensionality_analysis:368 -     Progress: 116/448 (25.9%) - ETA: 0h 49m
2025-07-05 12:40:43.764 | INFO     | __main__:save_checkpoint:90 - Saved 176 results to ../EHRSHOT_ASSETS/dimensionality_analysis/dimensionality_results.csv
2025-07-05 12:40:43.765 | INFO     | __main__:save_checkpoint:112 - Checkpoint saved: 116 combinations completed
2025-07-05 12:40:43.766 | INFO     | __main__:run_dimensionality_analysis:314 - 
  Testing method 2/2: umap
2025-07-05 12:40:43.766 | INFO     | __main__:run_dimensionality_analysis:329 -     Reducing to 2 dimensions... (1/8)
2025-07-05 12:40:43.766 | INFO     | reducers:fit_transform:101 - Applying UMAP to reduce from 768 to 2 dimensions
2025-07-05 12:40:43.766 | INFO     | reducers:fit_transform:102 - Using n_neighbors: 15, n_jobs: 16
/home/pvenema/.conda/envs/EHRSHOT_ENV/lib/python3.10/site-packages/umap/umap_.py:1952: UserWarning: n_jobs value 1 overridden to 1 by setting random_state. Use no seed for parallelism.
  warn(
2025-07-05 12:40:57.689 | INFO     | __main__:run_dimensionality_analysis:343 -     Reduced shapes - Train: (2402, 2), Val: (2052, 2), Test: (2037, 2)
2025-07-05 12:40:57.690 | CRITICAL | eval_module:run_evaluation:76 - Start | Training knn
2025-07-05 12:40:57.690 | INFO     | eval_module:run_evaluation:77 - Train shape: X = (2402, 2), Y = (2402,)
2025-07-05 12:40:57.690 | INFO     | eval_module:run_evaluation:78 - Val shape: X = (2052, 2), Y = (2052,)
2025-07-05 12:40:57.690 | INFO     | eval_module:run_evaluation:79 - Test shape: X = (2037, 2), Y = (2037,)
2025-07-05 12:40:57.690 | INFO     | eval_module:run_evaluation:80 - Train prevalence:  0.04704412989175687
2025-07-05 12:40:57.690 | INFO     | eval_module:run_evaluation:81 - Val prevalence:  0.04483430799220273
2025-07-05 12:40:57.690 | INFO     | eval_module:run_evaluation:82 - Test prevalence:  0.041728031418753066
2025-07-05 12:40:57.691 | CRITICAL | eval_module:run_evaluation:91 - Start | Fitting knn...
2025-07-05 12:40:58.277 | INFO     | eval_module:run_evaluation:140 - Best hparams: {'algorithm': 'auto', 'leaf_size': 30, 'metric': 'euclidean', 'metric_params': None, 'n_jobs': None, 'n_neighbors': 5, 'p': 2, 'weights': 'uniform'}
2025-07-05 12:40:58.277 | CRITICAL | eval_module:run_evaluation:143 - Finish | Fitting knn...
2025-07-05 12:40:58.316 | INFO     | eval_module:run_evaluation:154 - Train AUROC: 0.9387064722779589
2025-07-05 12:40:58.316 | INFO     | eval_module:run_evaluation:155 - Val AUROC:   0.6032996894409938
2025-07-05 12:40:58.316 | INFO     | eval_module:run_evaluation:156 - Test AUROC:  0.5194551591128255
2025-07-05 12:40:58.335 | INFO     | eval_module:run_evaluation:162 - Train AUPRC: 0.32606016617798794
2025-07-05 12:40:58.335 | INFO     | eval_module:run_evaluation:163 - Val AUPRC:   0.06433130291579357
2025-07-05 12:40:58.335 | INFO     | eval_module:run_evaluation:164 - Test AUPRC:  0.05467465920427692
2025-07-05 12:40:58.335 | INFO     | __main__:run_dimensionality_analysis:363 -     Results: AUROC=0.519, AUPRC=0.055
2025-07-05 12:40:58.335 | INFO     | __main__:run_dimensionality_analysis:368 -     Progress: 117/448 (26.1%) - ETA: 0h 49m
2025-07-05 12:40:58.336 | INFO     | __main__:run_dimensionality_analysis:329 -     Reducing to 5 dimensions... (2/8)
2025-07-05 12:40:58.336 | INFO     | reducers:fit_transform:101 - Applying UMAP to reduce from 768 to 5 dimensions
2025-07-05 12:40:58.336 | INFO     | reducers:fit_transform:102 - Using n_neighbors: 15, n_jobs: 16
/home/pvenema/.conda/envs/EHRSHOT_ENV/lib/python3.10/site-packages/umap/umap_.py:1952: UserWarning: n_jobs value 1 overridden to 1 by setting random_state. Use no seed for parallelism.
  warn(
2025-07-05 12:41:12.552 | INFO     | __main__:run_dimensionality_analysis:343 -     Reduced shapes - Train: (2402, 5), Val: (2052, 5), Test: (2037, 5)
2025-07-05 12:41:12.552 | CRITICAL | eval_module:run_evaluation:76 - Start | Training knn
2025-07-05 12:41:12.553 | INFO     | eval_module:run_evaluation:77 - Train shape: X = (2402, 5), Y = (2402,)
2025-07-05 12:41:12.553 | INFO     | eval_module:run_evaluation:78 - Val shape: X = (2052, 5), Y = (2052,)
2025-07-05 12:41:12.553 | INFO     | eval_module:run_evaluation:79 - Test shape: X = (2037, 5), Y = (2037,)
2025-07-05 12:41:12.553 | INFO     | eval_module:run_evaluation:80 - Train prevalence:  0.04704412989175687
2025-07-05 12:41:12.553 | INFO     | eval_module:run_evaluation:81 - Val prevalence:  0.04483430799220273
2025-07-05 12:41:12.555 | INFO     | eval_module:run_evaluation:82 - Test prevalence:  0.041728031418753066
2025-07-05 12:41:12.555 | CRITICAL | eval_module:run_evaluation:91 - Start | Fitting knn...
2025-07-05 12:41:13.217 | INFO     | eval_module:run_evaluation:140 - Best hparams: {'algorithm': 'auto', 'leaf_size': 30, 'metric': 'euclidean', 'metric_params': None, 'n_jobs': None, 'n_neighbors': 5, 'p': 2, 'weights': 'uniform'}
2025-07-05 12:41:13.217 | CRITICAL | eval_module:run_evaluation:143 - Finish | Fitting knn...
2025-07-05 12:41:13.258 | INFO     | eval_module:run_evaluation:154 - Train AUROC: 0.9390234944347147
2025-07-05 12:41:13.259 | INFO     | eval_module:run_evaluation:155 - Val AUROC:   0.6072232697426797
2025-07-05 12:41:13.259 | INFO     | eval_module:run_evaluation:156 - Test AUROC:  0.5610957087753133
2025-07-05 12:41:13.260 | INFO     | eval_module:run_evaluation:162 - Train AUPRC: 0.360066692317558
2025-07-05 12:41:13.261 | INFO     | eval_module:run_evaluation:163 - Val AUPRC:   0.07038731277861712
2025-07-05 12:41:13.261 | INFO     | eval_module:run_evaluation:164 - Test AUPRC:  0.05182602711088875
2025-07-05 12:41:13.261 | INFO     | __main__:run_dimensionality_analysis:363 -     Results: AUROC=0.561, AUPRC=0.052
2025-07-05 12:41:13.261 | INFO     | __main__:run_dimensionality_analysis:368 -     Progress: 118/448 (26.3%) - ETA: 0h 49m
2025-07-05 12:41:13.261 | INFO     | __main__:run_dimensionality_analysis:329 -     Reducing to 10 dimensions... (3/8)
2025-07-05 12:41:13.261 | INFO     | reducers:fit_transform:101 - Applying UMAP to reduce from 768 to 10 dimensions
2025-07-05 12:41:13.261 | INFO     | reducers:fit_transform:102 - Using n_neighbors: 15, n_jobs: 16
/home/pvenema/.conda/envs/EHRSHOT_ENV/lib/python3.10/site-packages/umap/umap_.py:1952: UserWarning: n_jobs value 1 overridden to 1 by setting random_state. Use no seed for parallelism.
  warn(
2025-07-05 12:41:27.883 | INFO     | __main__:run_dimensionality_analysis:343 -     Reduced shapes - Train: (2402, 10), Val: (2052, 10), Test: (2037, 10)
2025-07-05 12:41:27.883 | CRITICAL | eval_module:run_evaluation:76 - Start | Training knn
2025-07-05 12:41:27.884 | INFO     | eval_module:run_evaluation:77 - Train shape: X = (2402, 10), Y = (2402,)
2025-07-05 12:41:27.884 | INFO     | eval_module:run_evaluation:78 - Val shape: X = (2052, 10), Y = (2052,)
2025-07-05 12:41:27.884 | INFO     | eval_module:run_evaluation:79 - Test shape: X = (2037, 10), Y = (2037,)
2025-07-05 12:41:27.884 | INFO     | eval_module:run_evaluation:80 - Train prevalence:  0.04704412989175687
2025-07-05 12:41:27.884 | INFO     | eval_module:run_evaluation:81 - Val prevalence:  0.04483430799220273
2025-07-05 12:41:27.884 | INFO     | eval_module:run_evaluation:82 - Test prevalence:  0.041728031418753066
2025-07-05 12:41:27.885 | CRITICAL | eval_module:run_evaluation:91 - Start | Fitting knn...
2025-07-05 12:41:28.622 | INFO     | eval_module:run_evaluation:140 - Best hparams: {'algorithm': 'auto', 'leaf_size': 30, 'metric': 'euclidean', 'metric_params': None, 'n_jobs': None, 'n_neighbors': 5, 'p': 2, 'weights': 'uniform'}
2025-07-05 12:41:28.623 | CRITICAL | eval_module:run_evaluation:143 - Finish | Fitting knn...
2025-07-05 12:41:28.681 | INFO     | eval_module:run_evaluation:154 - Train AUROC: 0.9416176635467046
2025-07-05 12:41:28.681 | INFO     | eval_module:run_evaluation:155 - Val AUROC:   0.5766110248447205
2025-07-05 12:41:28.681 | INFO     | eval_module:run_evaluation:156 - Test AUROC:  0.5399831243972999
2025-07-05 12:41:28.683 | INFO     | eval_module:run_evaluation:162 - Train AUPRC: 0.3525589487410653
2025-07-05 12:41:28.683 | INFO     | eval_module:run_evaluation:163 - Val AUPRC:   0.06990928825333285
2025-07-05 12:41:28.683 | INFO     | eval_module:run_evaluation:164 - Test AUPRC:  0.04727126391869443
2025-07-05 12:41:28.683 | INFO     | __main__:run_dimensionality_analysis:363 -     Results: AUROC=0.540, AUPRC=0.047
2025-07-05 12:41:28.683 | INFO     | __main__:run_dimensionality_analysis:368 -     Progress: 119/448 (26.6%) - ETA: 0h 49m
2025-07-05 12:41:28.684 | INFO     | __main__:run_dimensionality_analysis:329 -     Reducing to 25 dimensions... (4/8)
2025-07-05 12:41:28.684 | INFO     | reducers:fit_transform:101 - Applying UMAP to reduce from 768 to 25 dimensions
2025-07-05 12:41:28.685 | INFO     | reducers:fit_transform:102 - Using n_neighbors: 15, n_jobs: 16
/home/pvenema/.conda/envs/EHRSHOT_ENV/lib/python3.10/site-packages/umap/umap_.py:1952: UserWarning: n_jobs value 1 overridden to 1 by setting random_state. Use no seed for parallelism.
  warn(
2025-07-05 12:41:44.131 | INFO     | __main__:run_dimensionality_analysis:343 -     Reduced shapes - Train: (2402, 25), Val: (2052, 25), Test: (2037, 25)
2025-07-05 12:41:44.131 | CRITICAL | eval_module:run_evaluation:76 - Start | Training knn
2025-07-05 12:41:44.131 | INFO     | eval_module:run_evaluation:77 - Train shape: X = (2402, 25), Y = (2402,)
2025-07-05 12:41:44.131 | INFO     | eval_module:run_evaluation:78 - Val shape: X = (2052, 25), Y = (2052,)
2025-07-05 12:41:44.132 | INFO     | eval_module:run_evaluation:79 - Test shape: X = (2037, 25), Y = (2037,)
2025-07-05 12:41:44.132 | INFO     | eval_module:run_evaluation:80 - Train prevalence:  0.04704412989175687
2025-07-05 12:41:44.132 | INFO     | eval_module:run_evaluation:81 - Val prevalence:  0.04483430799220273
2025-07-05 12:41:44.132 | INFO     | eval_module:run_evaluation:82 - Test prevalence:  0.041728031418753066
2025-07-05 12:41:44.132 | CRITICAL | eval_module:run_evaluation:91 - Start | Fitting knn...
2025-07-05 12:41:45.217 | INFO     | eval_module:run_evaluation:140 - Best hparams: {'algorithm': 'auto', 'leaf_size': 30, 'metric': 'euclidean', 'metric_params': None, 'n_jobs': None, 'n_neighbors': 5, 'p': 2, 'weights': 'distance'}
2025-07-05 12:41:45.217 | CRITICAL | eval_module:run_evaluation:143 - Finish | Fitting knn...
2025-07-05 12:41:45.299 | INFO     | eval_module:run_evaluation:154 - Train AUROC: 1.0
2025-07-05 12:41:45.299 | INFO     | eval_module:run_evaluation:155 - Val AUROC:   0.5769687222715173
2025-07-05 12:41:45.300 | INFO     | eval_module:run_evaluation:156 - Test AUROC:  0.5228754821600772
2025-07-05 12:41:45.301 | INFO     | eval_module:run_evaluation:162 - Train AUPRC: 1.0
2025-07-05 12:41:45.302 | INFO     | eval_module:run_evaluation:163 - Val AUPRC:   0.07017324252155033
2025-07-05 12:41:45.302 | INFO     | eval_module:run_evaluation:164 - Test AUPRC:  0.055547129072981656
2025-07-05 12:41:45.302 | INFO     | __main__:run_dimensionality_analysis:363 -     Results: AUROC=0.523, AUPRC=0.056
2025-07-05 12:41:45.302 | INFO     | __main__:run_dimensionality_analysis:368 -     Progress: 120/448 (26.8%) - ETA: 0h 50m
2025-07-05 12:41:45.305 | INFO     | __main__:save_checkpoint:90 - Saved 184 results to ../EHRSHOT_ASSETS/dimensionality_analysis/dimensionality_results.csv
2025-07-05 12:41:45.305 | INFO     | __main__:save_checkpoint:112 - Checkpoint saved: 120 combinations completed
2025-07-05 12:41:45.305 | INFO     | __main__:run_dimensionality_analysis:329 -     Reducing to 50 dimensions... (5/8)
2025-07-05 12:41:45.305 | INFO     | reducers:fit_transform:101 - Applying UMAP to reduce from 768 to 50 dimensions
2025-07-05 12:41:45.306 | INFO     | reducers:fit_transform:102 - Using n_neighbors: 15, n_jobs: 16
/home/pvenema/.conda/envs/EHRSHOT_ENV/lib/python3.10/site-packages/umap/umap_.py:1952: UserWarning: n_jobs value 1 overridden to 1 by setting random_state. Use no seed for parallelism.
  warn(
2025-07-05 12:42:01.113 | INFO     | __main__:run_dimensionality_analysis:343 -     Reduced shapes - Train: (2402, 50), Val: (2052, 50), Test: (2037, 50)
2025-07-05 12:42:01.114 | CRITICAL | eval_module:run_evaluation:76 - Start | Training knn
2025-07-05 12:42:01.114 | INFO     | eval_module:run_evaluation:77 - Train shape: X = (2402, 50), Y = (2402,)
2025-07-05 12:42:01.114 | INFO     | eval_module:run_evaluation:78 - Val shape: X = (2052, 50), Y = (2052,)
2025-07-05 12:42:01.114 | INFO     | eval_module:run_evaluation:79 - Test shape: X = (2037, 50), Y = (2037,)
2025-07-05 12:42:01.115 | INFO     | eval_module:run_evaluation:80 - Train prevalence:  0.04704412989175687
2025-07-05 12:42:01.115 | INFO     | eval_module:run_evaluation:81 - Val prevalence:  0.04483430799220273
2025-07-05 12:42:01.115 | INFO     | eval_module:run_evaluation:82 - Test prevalence:  0.041728031418753066
2025-07-05 12:42:01.116 | CRITICAL | eval_module:run_evaluation:91 - Start | Fitting knn...
2025-07-05 12:42:02.249 | INFO     | eval_module:run_evaluation:140 - Best hparams: {'algorithm': 'auto', 'leaf_size': 30, 'metric': 'cosine', 'metric_params': None, 'n_jobs': None, 'n_neighbors': 5, 'p': 2, 'weights': 'uniform'}
2025-07-05 12:42:02.250 | CRITICAL | eval_module:run_evaluation:143 - Finish | Fitting knn...
2025-07-05 12:42:02.578 | INFO     | eval_module:run_evaluation:154 - Train AUROC: 0.9381458843178417
2025-07-05 12:42:02.579 | INFO     | eval_module:run_evaluation:155 - Val AUROC:   0.586767968056788
2025-07-05 12:42:02.579 | INFO     | eval_module:run_evaluation:156 - Test AUROC:  0.5589470829315333
2025-07-05 12:42:02.580 | INFO     | eval_module:run_evaluation:162 - Train AUPRC: 0.33489025624700575
2025-07-05 12:42:02.581 | INFO     | eval_module:run_evaluation:163 - Val AUPRC:   0.07284118017059962
2025-07-05 12:42:02.581 | INFO     | eval_module:run_evaluation:164 - Test AUPRC:  0.0535192521244674
2025-07-05 12:42:02.581 | INFO     | __main__:run_dimensionality_analysis:363 -     Results: AUROC=0.559, AUPRC=0.054
2025-07-05 12:42:02.581 | INFO     | __main__:run_dimensionality_analysis:368 -     Progress: 121/448 (27.0%) - ETA: 0h 50m
2025-07-05 12:42:02.581 | INFO     | __main__:run_dimensionality_analysis:329 -     Reducing to 100 dimensions... (6/8)
2025-07-05 12:42:02.581 | INFO     | reducers:fit_transform:101 - Applying UMAP to reduce from 768 to 100 dimensions
2025-07-05 12:42:02.581 | INFO     | reducers:fit_transform:102 - Using n_neighbors: 15, n_jobs: 16
/home/pvenema/.conda/envs/EHRSHOT_ENV/lib/python3.10/site-packages/umap/umap_.py:1952: UserWarning: n_jobs value 1 overridden to 1 by setting random_state. Use no seed for parallelism.
  warn(
2025-07-05 12:42:19.215 | INFO     | __main__:run_dimensionality_analysis:343 -     Reduced shapes - Train: (2402, 100), Val: (2052, 100), Test: (2037, 100)
2025-07-05 12:42:19.215 | CRITICAL | eval_module:run_evaluation:76 - Start | Training knn
2025-07-05 12:42:19.215 | INFO     | eval_module:run_evaluation:77 - Train shape: X = (2402, 100), Y = (2402,)
2025-07-05 12:42:19.216 | INFO     | eval_module:run_evaluation:78 - Val shape: X = (2052, 100), Y = (2052,)
2025-07-05 12:42:19.216 | INFO     | eval_module:run_evaluation:79 - Test shape: X = (2037, 100), Y = (2037,)
2025-07-05 12:42:19.216 | INFO     | eval_module:run_evaluation:80 - Train prevalence:  0.04704412989175687
2025-07-05 12:42:19.216 | INFO     | eval_module:run_evaluation:81 - Val prevalence:  0.04483430799220273
2025-07-05 12:42:19.216 | INFO     | eval_module:run_evaluation:82 - Test prevalence:  0.041728031418753066
2025-07-05 12:42:19.216 | CRITICAL | eval_module:run_evaluation:91 - Start | Fitting knn...
2025-07-05 12:42:20.615 | INFO     | eval_module:run_evaluation:140 - Best hparams: {'algorithm': 'auto', 'leaf_size': 30, 'metric': 'cosine', 'metric_params': None, 'n_jobs': None, 'n_neighbors': 5, 'p': 2, 'weights': 'uniform'}
2025-07-05 12:42:20.615 | CRITICAL | eval_module:run_evaluation:143 - Finish | Fitting knn...
2025-07-05 12:42:20.925 | INFO     | eval_module:run_evaluation:154 - Train AUROC: 0.9398315143220558
2025-07-05 12:42:20.925 | INFO     | eval_module:run_evaluation:155 - Val AUROC:   0.5943184338952973
2025-07-05 12:42:20.926 | INFO     | eval_module:run_evaluation:156 - Test AUROC:  0.5398264223722276
2025-07-05 12:42:20.927 | INFO     | eval_module:run_evaluation:162 - Train AUPRC: 0.34634119942354535
2025-07-05 12:42:20.927 | INFO     | eval_module:run_evaluation:163 - Val AUPRC:   0.06809373553999584
2025-07-05 12:42:20.927 | INFO     | eval_module:run_evaluation:164 - Test AUPRC:  0.04681506829535938
2025-07-05 12:42:20.928 | INFO     | __main__:run_dimensionality_analysis:363 -     Results: AUROC=0.540, AUPRC=0.047
2025-07-05 12:42:20.928 | INFO     | __main__:run_dimensionality_analysis:368 -     Progress: 122/448 (27.2%) - ETA: 0h 50m
2025-07-05 12:42:20.928 | INFO     | __main__:run_dimensionality_analysis:329 -     Reducing to 200 dimensions... (7/8)
2025-07-05 12:42:20.928 | INFO     | reducers:fit_transform:101 - Applying UMAP to reduce from 768 to 200 dimensions
2025-07-05 12:42:20.929 | INFO     | reducers:fit_transform:102 - Using n_neighbors: 15, n_jobs: 16
/home/pvenema/.conda/envs/EHRSHOT_ENV/lib/python3.10/site-packages/umap/umap_.py:1952: UserWarning: n_jobs value 1 overridden to 1 by setting random_state. Use no seed for parallelism.
  warn(
2025-07-05 12:42:39.588 | INFO     | __main__:run_dimensionality_analysis:343 -     Reduced shapes - Train: (2402, 200), Val: (2052, 200), Test: (2037, 200)
2025-07-05 12:42:39.588 | CRITICAL | eval_module:run_evaluation:76 - Start | Training knn
2025-07-05 12:42:39.589 | INFO     | eval_module:run_evaluation:77 - Train shape: X = (2402, 200), Y = (2402,)
2025-07-05 12:42:39.589 | INFO     | eval_module:run_evaluation:78 - Val shape: X = (2052, 200), Y = (2052,)
2025-07-05 12:42:39.589 | INFO     | eval_module:run_evaluation:79 - Test shape: X = (2037, 200), Y = (2037,)
2025-07-05 12:42:39.589 | INFO     | eval_module:run_evaluation:80 - Train prevalence:  0.04704412989175687
2025-07-05 12:42:39.590 | INFO     | eval_module:run_evaluation:81 - Val prevalence:  0.04483430799220273
2025-07-05 12:42:39.590 | INFO     | eval_module:run_evaluation:82 - Test prevalence:  0.041728031418753066
2025-07-05 12:42:39.590 | CRITICAL | eval_module:run_evaluation:91 - Start | Fitting knn...
2025-07-05 12:42:41.333 | INFO     | eval_module:run_evaluation:140 - Best hparams: {'algorithm': 'auto', 'leaf_size': 30, 'metric': 'cosine', 'metric_params': None, 'n_jobs': None, 'n_neighbors': 5, 'p': 2, 'weights': 'uniform'}
2025-07-05 12:42:41.334 | CRITICAL | eval_module:run_evaluation:143 - Finish | Fitting knn...
2025-07-05 12:42:41.646 | INFO     | eval_module:run_evaluation:154 - Train AUROC: 0.9395164252272314
2025-07-05 12:42:41.646 | INFO     | eval_module:run_evaluation:155 - Val AUROC:   0.5680761978704526
2025-07-05 12:42:41.646 | INFO     | eval_module:run_evaluation:156 - Test AUROC:  0.5404261089681774
2025-07-05 12:42:41.648 | INFO     | eval_module:run_evaluation:162 - Train AUPRC: 0.352727718422669
2025-07-05 12:42:41.648 | INFO     | eval_module:run_evaluation:163 - Val AUPRC:   0.05763610315035036
2025-07-05 12:42:41.648 | INFO     | eval_module:run_evaluation:164 - Test AUPRC:  0.04844070270754009
2025-07-05 12:42:41.648 | INFO     | __main__:run_dimensionality_analysis:363 -     Results: AUROC=0.540, AUPRC=0.048
2025-07-05 12:42:41.649 | INFO     | __main__:run_dimensionality_analysis:368 -     Progress: 123/448 (27.5%) - ETA: 0h 50m
2025-07-05 12:42:41.649 | INFO     | __main__:run_dimensionality_analysis:329 -     Reducing to 400 dimensions... (8/8)
2025-07-05 12:42:41.649 | INFO     | reducers:fit_transform:101 - Applying UMAP to reduce from 768 to 400 dimensions
2025-07-05 12:42:41.649 | INFO     | reducers:fit_transform:102 - Using n_neighbors: 15, n_jobs: 16
/home/pvenema/.conda/envs/EHRSHOT_ENV/lib/python3.10/site-packages/umap/umap_.py:1952: UserWarning: n_jobs value 1 overridden to 1 by setting random_state. Use no seed for parallelism.
  warn(
2025-07-05 12:43:06.445 | INFO     | __main__:run_dimensionality_analysis:343 -     Reduced shapes - Train: (2402, 400), Val: (2052, 400), Test: (2037, 400)
2025-07-05 12:43:06.445 | CRITICAL | eval_module:run_evaluation:76 - Start | Training knn
2025-07-05 12:43:06.446 | INFO     | eval_module:run_evaluation:77 - Train shape: X = (2402, 400), Y = (2402,)
2025-07-05 12:43:06.446 | INFO     | eval_module:run_evaluation:78 - Val shape: X = (2052, 400), Y = (2052,)
2025-07-05 12:43:06.446 | INFO     | eval_module:run_evaluation:79 - Test shape: X = (2037, 400), Y = (2037,)
2025-07-05 12:43:06.446 | INFO     | eval_module:run_evaluation:80 - Train prevalence:  0.04704412989175687
2025-07-05 12:43:06.447 | INFO     | eval_module:run_evaluation:81 - Val prevalence:  0.04483430799220273
2025-07-05 12:43:06.447 | INFO     | eval_module:run_evaluation:82 - Test prevalence:  0.041728031418753066
2025-07-05 12:43:06.448 | CRITICAL | eval_module:run_evaluation:91 - Start | Fitting knn...
2025-07-05 12:43:08.945 | INFO     | eval_module:run_evaluation:140 - Best hparams: {'algorithm': 'auto', 'leaf_size': 30, 'metric': 'euclidean', 'metric_params': None, 'n_jobs': None, 'n_neighbors': 5, 'p': 2, 'weights': 'uniform'}
2025-07-05 12:43:08.945 | CRITICAL | eval_module:run_evaluation:143 - Finish | Fitting knn...
2025-07-05 12:43:09.059 | INFO     | eval_module:run_evaluation:154 - Train AUROC: 0.9434965997440625
2025-07-05 12:43:09.059 | INFO     | eval_module:run_evaluation:155 - Val AUROC:   0.5698230922803904
2025-07-05 12:43:09.059 | INFO     | eval_module:run_evaluation:156 - Test AUROC:  0.5426108968177434
2025-07-05 12:43:09.061 | INFO     | eval_module:run_evaluation:162 - Train AUPRC: 0.3706778284008202
2025-07-05 12:43:09.061 | INFO     | eval_module:run_evaluation:163 - Val AUPRC:   0.0644550274068652
2025-07-05 12:43:09.061 | INFO     | eval_module:run_evaluation:164 - Test AUPRC:  0.04784482431062495
2025-07-05 12:43:09.062 | INFO     | __main__:run_dimensionality_analysis:363 -     Results: AUROC=0.543, AUPRC=0.048
2025-07-05 12:43:09.062 | INFO     | __main__:run_dimensionality_analysis:368 -     Progress: 124/448 (27.7%) - ETA: 0h 51m
2025-07-05 12:43:09.066 | INFO     | __main__:save_checkpoint:90 - Saved 192 results to ../EHRSHOT_ASSETS/dimensionality_analysis/dimensionality_results.csv
2025-07-05 12:43:09.066 | INFO     | __main__:save_checkpoint:112 - Checkpoint saved: 124 combinations completed
2025-07-05 12:43:09.068 | INFO     | __main__:save_checkpoint:90 - Saved 192 results to ../EHRSHOT_ASSETS/dimensionality_analysis/dimensionality_results.csv
2025-07-05 12:43:09.069 | INFO     | __main__:save_checkpoint:112 - Checkpoint saved: 124 combinations completed
2025-07-05 12:43:09.069 | INFO     | __main__:run_dimensionality_analysis:397 - ✅ Task guo_icu completed!
2025-07-05 12:43:09.069 | INFO     | __main__:run_dimensionality_analysis:237 - 
==================================================
2025-07-05 12:43:09.069 | INFO     | __main__:run_dimensionality_analysis:238 - Processing task 4/14: lab_thrombocytopenia
2025-07-05 12:43:09.069 | INFO     | __main__:run_dimensionality_analysis:239 - ==================================================
2025-07-05 12:43:09.796 | INFO     | __main__:run_dimensionality_analysis:245 - Loaded labeled patients for lab_thrombocytopenia
2025-07-05 12:48:37.153 | INFO     | __main__:run_dimensionality_analysis:262 - 
Processing model 1/2: clmbr
2025-07-05 12:48:37.213 | INFO     | __main__:run_dimensionality_analysis:281 - Data shapes - Train: (68776, 768), Val: (54504, 768), Test: (56338, 768)
2025-07-05 12:48:37.214 | INFO     | __main__:run_dimensionality_analysis:282 - Label distribution - Train: 0.330, Val: 0.328, Test: 0.340
2025-07-05 12:48:37.214 | INFO     | __main__:run_dimensionality_analysis:311 -   🚫 Skipping baseline evaluation (--skip-baseline enabled)
2025-07-05 12:48:37.214 | INFO     | __main__:run_dimensionality_analysis:314 - 
  Testing method 1/2: pca
2025-07-05 12:48:37.214 | INFO     | __main__:run_dimensionality_analysis:329 -     Reducing to 2 dimensions... (1/8)
2025-07-05 12:48:37.214 | INFO     | reducers:fit_transform:55 - Applying PCA to reduce from 768 to 2 dimensions
2025-07-05 12:48:38.608 | INFO     | __main__:run_dimensionality_analysis:343 -     Reduced shapes - Train: (68776, 2), Val: (54504, 2), Test: (56338, 2)
2025-07-05 12:48:38.610 | CRITICAL | eval_module:run_evaluation:76 - Start | Training knn
2025-07-05 12:48:38.610 | INFO     | eval_module:run_evaluation:77 - Train shape: X = (68776, 2), Y = (68776,)
2025-07-05 12:48:38.610 | INFO     | eval_module:run_evaluation:78 - Val shape: X = (54504, 2), Y = (54504,)
2025-07-05 12:48:38.610 | INFO     | eval_module:run_evaluation:79 - Test shape: X = (56338, 2), Y = (56338,)
2025-07-05 12:48:38.611 | INFO     | eval_module:run_evaluation:80 - Train prevalence:  0.3302605560079097
2025-07-05 12:48:38.612 | INFO     | eval_module:run_evaluation:81 - Val prevalence:  0.3278108028768531
2025-07-05 12:48:38.612 | INFO     | eval_module:run_evaluation:82 - Test prevalence:  0.3396819198409599
2025-07-05 12:48:38.615 | CRITICAL | eval_module:run_evaluation:91 - Start | Fitting knn...
2025-07-05 12:54:32.797 | INFO     | eval_module:run_evaluation:140 - Best hparams: {'algorithm': 'auto', 'leaf_size': 30, 'metric': 'euclidean', 'metric_params': None, 'n_jobs': None, 'n_neighbors': 5, 'p': 2, 'weights': 'uniform'}
2025-07-05 12:54:32.797 | CRITICAL | eval_module:run_evaluation:143 - Finish | Fitting knn...
2025-07-05 12:54:33.311 | INFO     | eval_module:run_evaluation:154 - Train AUROC: 0.7930687391351012
2025-07-05 12:54:33.311 | INFO     | eval_module:run_evaluation:155 - Val AUROC:   0.582593440437692
2025-07-05 12:54:33.311 | INFO     | eval_module:run_evaluation:156 - Test AUROC:  0.5636233543811533
2025-07-05 12:54:33.381 | INFO     | eval_module:run_evaluation:162 - Train AUPRC: 0.6016958246485314
2025-07-05 12:54:33.381 | INFO     | eval_module:run_evaluation:163 - Val AUPRC:   0.38510457422257177
2025-07-05 12:54:33.382 | INFO     | eval_module:run_evaluation:164 - Test AUPRC:  0.3827542008337427
2025-07-05 12:54:33.382 | INFO     | __main__:run_dimensionality_analysis:363 -     Results: AUROC=0.564, AUPRC=0.383
2025-07-05 12:54:33.383 | INFO     | __main__:run_dimensionality_analysis:368 -     Progress: 125/448 (27.9%) - ETA: 1h 20m
2025-07-05 12:54:33.387 | INFO     | __main__:save_checkpoint:90 - Saved 194 results to ../EHRSHOT_ASSETS/dimensionality_analysis/dimensionality_results.csv
2025-07-05 12:54:33.387 | INFO     | __main__:save_checkpoint:112 - Checkpoint saved: 125 combinations completed
2025-07-05 12:54:33.388 | INFO     | __main__:run_dimensionality_analysis:329 -     Reducing to 5 dimensions... (2/8)
2025-07-05 12:54:33.388 | INFO     | reducers:fit_transform:55 - Applying PCA to reduce from 768 to 5 dimensions
2025-07-05 12:54:34.818 | INFO     | __main__:run_dimensionality_analysis:343 -     Reduced shapes - Train: (68776, 5), Val: (54504, 5), Test: (56338, 5)
2025-07-05 12:54:34.820 | CRITICAL | eval_module:run_evaluation:76 - Start | Training knn
2025-07-05 12:54:34.820 | INFO     | eval_module:run_evaluation:77 - Train shape: X = (68776, 5), Y = (68776,)
2025-07-05 12:54:34.820 | INFO     | eval_module:run_evaluation:78 - Val shape: X = (54504, 5), Y = (54504,)
2025-07-05 12:54:34.820 | INFO     | eval_module:run_evaluation:79 - Test shape: X = (56338, 5), Y = (56338,)
2025-07-05 12:54:34.820 | INFO     | eval_module:run_evaluation:80 - Train prevalence:  0.3302605560079097
2025-07-05 12:54:34.821 | INFO     | eval_module:run_evaluation:81 - Val prevalence:  0.3278108028768531
2025-07-05 12:54:34.821 | INFO     | eval_module:run_evaluation:82 - Test prevalence:  0.3396819198409599
2025-07-05 12:54:34.824 | CRITICAL | eval_module:run_evaluation:91 - Start | Fitting knn...
2025-07-05 13:00:38.733 | INFO     | eval_module:run_evaluation:140 - Best hparams: {'algorithm': 'auto', 'leaf_size': 30, 'metric': 'euclidean', 'metric_params': None, 'n_jobs': None, 'n_neighbors': 5, 'p': 2, 'weights': 'distance'}
2025-07-05 13:00:38.733 | CRITICAL | eval_module:run_evaluation:143 - Finish | Fitting knn...
2025-07-05 13:00:41.176 | INFO     | eval_module:run_evaluation:154 - Train AUROC: 0.9999993949833904
2025-07-05 13:00:41.176 | INFO     | eval_module:run_evaluation:155 - Val AUROC:   0.6652390758811931
2025-07-05 13:00:41.176 | INFO     | eval_module:run_evaluation:156 - Test AUROC:  0.6411183789067945
2025-07-05 13:00:41.252 | INFO     | eval_module:run_evaluation:162 - Train AUPRC: 0.9999976084578034
2025-07-05 13:00:41.252 | INFO     | eval_module:run_evaluation:163 - Val AUPRC:   0.5090558131229045
2025-07-05 13:00:41.252 | INFO     | eval_module:run_evaluation:164 - Test AUPRC:  0.4832302084782909
2025-07-05 13:00:41.252 | INFO     | __main__:run_dimensionality_analysis:363 -     Results: AUROC=0.641, AUPRC=0.483
2025-07-05 13:00:41.253 | INFO     | __main__:run_dimensionality_analysis:368 -     Progress: 126/448 (28.1%) - ETA: 1h 35m
2025-07-05 13:00:41.253 | INFO     | __main__:run_dimensionality_analysis:329 -     Reducing to 10 dimensions... (3/8)
2025-07-05 13:00:41.253 | INFO     | reducers:fit_transform:55 - Applying PCA to reduce from 768 to 10 dimensions
2025-07-05 13:00:42.732 | INFO     | __main__:run_dimensionality_analysis:343 -     Reduced shapes - Train: (68776, 10), Val: (54504, 10), Test: (56338, 10)
2025-07-05 13:00:42.733 | CRITICAL | eval_module:run_evaluation:76 - Start | Training knn
2025-07-05 13:00:42.733 | INFO     | eval_module:run_evaluation:77 - Train shape: X = (68776, 10), Y = (68776,)
2025-07-05 13:00:42.734 | INFO     | eval_module:run_evaluation:78 - Val shape: X = (54504, 10), Y = (54504,)
2025-07-05 13:00:42.734 | INFO     | eval_module:run_evaluation:79 - Test shape: X = (56338, 10), Y = (56338,)
2025-07-05 13:00:42.734 | INFO     | eval_module:run_evaluation:80 - Train prevalence:  0.3302605560079097
2025-07-05 13:00:42.734 | INFO     | eval_module:run_evaluation:81 - Val prevalence:  0.3278108028768531
2025-07-05 13:00:42.735 | INFO     | eval_module:run_evaluation:82 - Test prevalence:  0.3396819198409599
2025-07-05 13:00:42.740 | CRITICAL | eval_module:run_evaluation:91 - Start | Fitting knn...
2025-07-05 13:07:15.321 | INFO     | eval_module:run_evaluation:140 - Best hparams: {'algorithm': 'auto', 'leaf_size': 30, 'metric': 'cosine', 'metric_params': None, 'n_jobs': None, 'n_neighbors': 5, 'p': 2, 'weights': 'uniform'}
2025-07-05 13:07:15.321 | CRITICAL | eval_module:run_evaluation:143 - Finish | Fitting knn...
2025-07-05 13:10:55.451 | INFO     | eval_module:run_evaluation:154 - Train AUROC: 0.9099359309584789
2025-07-05 13:10:55.452 | INFO     | eval_module:run_evaluation:155 - Val AUROC:   0.7450324722933797
2025-07-05 13:10:55.452 | INFO     | eval_module:run_evaluation:156 - Test AUROC:  0.7246350615887739
2025-07-05 13:10:55.521 | INFO     | eval_module:run_evaluation:162 - Train AUPRC: 0.8122394421895857
2025-07-05 13:10:55.522 | INFO     | eval_module:run_evaluation:163 - Val AUPRC:   0.5900810651674754
2025-07-05 13:10:55.522 | INFO     | eval_module:run_evaluation:164 - Test AUPRC:  0.5721026114024111
2025-07-05 13:10:55.522 | INFO     | __main__:run_dimensionality_analysis:363 -     Results: AUROC=0.725, AUPRC=0.572
2025-07-05 13:10:55.522 | INFO     | __main__:run_dimensionality_analysis:368 -     Progress: 127/448 (28.3%) - ETA: 2h 0m
2025-07-05 13:10:55.522 | INFO     | __main__:run_dimensionality_analysis:329 -     Reducing to 25 dimensions... (4/8)
2025-07-05 13:10:55.522 | INFO     | reducers:fit_transform:55 - Applying PCA to reduce from 768 to 25 dimensions
2025-07-05 13:10:57.209 | INFO     | __main__:run_dimensionality_analysis:343 -     Reduced shapes - Train: (68776, 25), Val: (54504, 25), Test: (56338, 25)
2025-07-05 13:10:57.211 | CRITICAL | eval_module:run_evaluation:76 - Start | Training knn
2025-07-05 13:10:57.211 | INFO     | eval_module:run_evaluation:77 - Train shape: X = (68776, 25), Y = (68776,)
2025-07-05 13:10:57.211 | INFO     | eval_module:run_evaluation:78 - Val shape: X = (54504, 25), Y = (54504,)
2025-07-05 13:10:57.212 | INFO     | eval_module:run_evaluation:79 - Test shape: X = (56338, 25), Y = (56338,)
2025-07-05 13:10:57.212 | INFO     | eval_module:run_evaluation:80 - Train prevalence:  0.3302605560079097
2025-07-05 13:10:57.212 | INFO     | eval_module:run_evaluation:81 - Val prevalence:  0.3278108028768531
2025-07-05 13:10:57.212 | INFO     | eval_module:run_evaluation:82 - Test prevalence:  0.3396819198409599
2025-07-05 13:10:57.218 | CRITICAL | eval_module:run_evaluation:91 - Start | Fitting knn...
2025-07-05 13:19:23.963 | INFO     | eval_module:run_evaluation:140 - Best hparams: {'algorithm': 'auto', 'leaf_size': 30, 'metric': 'cosine', 'metric_params': None, 'n_jobs': None, 'n_neighbors': 5, 'p': 2, 'weights': 'distance'}
2025-07-05 13:19:23.964 | CRITICAL | eval_module:run_evaluation:143 - Finish | Fitting knn...
2025-07-05 13:23:05.572 | INFO     | eval_module:run_evaluation:154 - Train AUROC: 0.9996642100469024
2025-07-05 13:23:05.573 | INFO     | eval_module:run_evaluation:155 - Val AUROC:   0.7598966319359353
2025-07-05 13:23:05.573 | INFO     | eval_module:run_evaluation:156 - Test AUROC:  0.7432922825787409
2025-07-05 13:23:05.648 | INFO     | eval_module:run_evaluation:162 - Train AUPRC: 0.9996166774250318
2025-07-05 13:23:05.648 | INFO     | eval_module:run_evaluation:163 - Val AUPRC:   0.6386812034415293
2025-07-05 13:23:05.648 | INFO     | eval_module:run_evaluation:164 - Test AUPRC:  0.6183358824294356
2025-07-05 13:23:05.649 | INFO     | __main__:run_dimensionality_analysis:363 -     Results: AUROC=0.743, AUPRC=0.618
2025-07-05 13:23:05.649 | INFO     | __main__:run_dimensionality_analysis:368 -     Progress: 128/448 (28.6%) - ETA: 2h 29m
2025-07-05 13:23:05.649 | INFO     | __main__:run_dimensionality_analysis:329 -     Reducing to 50 dimensions... (5/8)
2025-07-05 13:23:05.649 | INFO     | reducers:fit_transform:55 - Applying PCA to reduce from 768 to 50 dimensions
2025-07-05 13:23:07.650 | INFO     | __main__:run_dimensionality_analysis:343 -     Reduced shapes - Train: (68776, 50), Val: (54504, 50), Test: (56338, 50)
2025-07-05 13:23:07.653 | CRITICAL | eval_module:run_evaluation:76 - Start | Training knn
2025-07-05 13:23:07.653 | INFO     | eval_module:run_evaluation:77 - Train shape: X = (68776, 50), Y = (68776,)
2025-07-05 13:23:07.653 | INFO     | eval_module:run_evaluation:78 - Val shape: X = (54504, 50), Y = (54504,)
2025-07-05 13:23:07.653 | INFO     | eval_module:run_evaluation:79 - Test shape: X = (56338, 50), Y = (56338,)
2025-07-05 13:23:07.653 | INFO     | eval_module:run_evaluation:80 - Train prevalence:  0.3302605560079097
2025-07-05 13:23:07.653 | INFO     | eval_module:run_evaluation:81 - Val prevalence:  0.3278108028768531
2025-07-05 13:23:07.654 | INFO     | eval_module:run_evaluation:82 - Test prevalence:  0.3396819198409599
2025-07-05 13:23:07.666 | CRITICAL | eval_module:run_evaluation:91 - Start | Fitting knn...
2025-07-05 13:32:37.934 | INFO     | eval_module:run_evaluation:140 - Best hparams: {'algorithm': 'auto', 'leaf_size': 30, 'metric': 'cosine', 'metric_params': None, 'n_jobs': None, 'n_neighbors': 5, 'p': 2, 'weights': 'distance'}
2025-07-05 13:32:37.935 | CRITICAL | eval_module:run_evaluation:143 - Finish | Fitting knn...
2025-07-05 13:36:16.920 | INFO     | eval_module:run_evaluation:154 - Train AUROC: 0.9999993949833903
2025-07-05 13:36:16.921 | INFO     | eval_module:run_evaluation:155 - Val AUROC:   0.7635593750115481
2025-07-05 13:36:16.921 | INFO     | eval_module:run_evaluation:156 - Test AUROC:  0.7528422448237705
2025-07-05 13:36:16.996 | INFO     | eval_module:run_evaluation:162 - Train AUPRC: 0.9999976084578034
2025-07-05 13:36:16.996 | INFO     | eval_module:run_evaluation:163 - Val AUPRC:   0.641581180969937
2025-07-05 13:36:16.996 | INFO     | eval_module:run_evaluation:164 - Test AUPRC:  0.626263507033421
2025-07-05 13:36:16.997 | INFO     | __main__:run_dimensionality_analysis:363 -     Results: AUROC=0.753, AUPRC=0.626
2025-07-05 13:36:16.997 | INFO     | __main__:run_dimensionality_analysis:368 -     Progress: 129/448 (28.8%) - ETA: 3h 0m
2025-07-05 13:36:16.998 | INFO     | __main__:run_dimensionality_analysis:329 -     Reducing to 100 dimensions... (6/8)
2025-07-05 13:36:16.998 | INFO     | reducers:fit_transform:55 - Applying PCA to reduce from 768 to 100 dimensions
2025-07-05 13:36:19.573 | INFO     | __main__:run_dimensionality_analysis:343 -     Reduced shapes - Train: (68776, 100), Val: (54504, 100), Test: (56338, 100)
2025-07-05 13:36:19.574 | CRITICAL | eval_module:run_evaluation:76 - Start | Training knn
2025-07-05 13:36:19.575 | INFO     | eval_module:run_evaluation:77 - Train shape: X = (68776, 100), Y = (68776,)
2025-07-05 13:36:19.575 | INFO     | eval_module:run_evaluation:78 - Val shape: X = (54504, 100), Y = (54504,)
2025-07-05 13:36:19.575 | INFO     | eval_module:run_evaluation:79 - Test shape: X = (56338, 100), Y = (56338,)
2025-07-05 13:36:19.576 | INFO     | eval_module:run_evaluation:80 - Train prevalence:  0.3302605560079097
2025-07-05 13:36:19.576 | INFO     | eval_module:run_evaluation:81 - Val prevalence:  0.3278108028768531
2025-07-05 13:36:19.576 | INFO     | eval_module:run_evaluation:82 - Test prevalence:  0.3396819198409599
2025-07-05 13:36:19.597 | CRITICAL | eval_module:run_evaluation:91 - Start | Fitting knn...
2025-07-05 13:48:04.673 | INFO     | eval_module:run_evaluation:140 - Best hparams: {'algorithm': 'auto', 'leaf_size': 30, 'metric': 'cosine', 'metric_params': None, 'n_jobs': None, 'n_neighbors': 5, 'p': 2, 'weights': 'distance'}
2025-07-05 13:48:04.674 | CRITICAL | eval_module:run_evaluation:143 - Finish | Fitting knn...
2025-07-05 13:51:45.904 | INFO     | eval_module:run_evaluation:154 - Train AUROC: 0.9999993949833904
2025-07-05 13:51:45.905 | INFO     | eval_module:run_evaluation:155 - Val AUROC:   0.760497707462713
2025-07-05 13:51:45.905 | INFO     | eval_module:run_evaluation:156 - Test AUROC:  0.7440980740949892
2025-07-05 13:51:45.980 | INFO     | eval_module:run_evaluation:162 - Train AUPRC: 0.9999976084578034
2025-07-05 13:51:45.981 | INFO     | eval_module:run_evaluation:163 - Val AUPRC:   0.6320286272461773
2025-07-05 13:51:45.982 | INFO     | eval_module:run_evaluation:164 - Test AUPRC:  0.6161621835821065
2025-07-05 13:51:45.982 | INFO     | __main__:run_dimensionality_analysis:363 -     Results: AUROC=0.744, AUPRC=0.616
2025-07-05 13:51:45.982 | INFO     | __main__:run_dimensionality_analysis:368 -     Progress: 130/448 (29.0%) - ETA: 3h 36m
2025-07-05 13:51:45.987 | INFO     | __main__:save_checkpoint:90 - Saved 204 results to ../EHRSHOT_ASSETS/dimensionality_analysis/dimensionality_results.csv
2025-07-05 13:51:45.988 | INFO     | __main__:save_checkpoint:112 - Checkpoint saved: 130 combinations completed
2025-07-05 13:51:45.988 | INFO     | __main__:run_dimensionality_analysis:329 -     Reducing to 200 dimensions... (7/8)
2025-07-05 13:51:45.989 | INFO     | reducers:fit_transform:55 - Applying PCA to reduce from 768 to 200 dimensions
2025-07-05 13:51:49.788 | INFO     | __main__:run_dimensionality_analysis:343 -     Reduced shapes - Train: (68776, 200), Val: (54504, 200), Test: (56338, 200)
2025-07-05 13:51:49.790 | CRITICAL | eval_module:run_evaluation:76 - Start | Training knn
2025-07-05 13:51:49.790 | INFO     | eval_module:run_evaluation:77 - Train shape: X = (68776, 200), Y = (68776,)
2025-07-05 13:51:49.790 | INFO     | eval_module:run_evaluation:78 - Val shape: X = (54504, 200), Y = (54504,)
2025-07-05 13:51:49.790 | INFO     | eval_module:run_evaluation:79 - Test shape: X = (56338, 200), Y = (56338,)
2025-07-05 13:51:49.790 | INFO     | eval_module:run_evaluation:80 - Train prevalence:  0.3302605560079097
2025-07-05 13:51:49.790 | INFO     | eval_module:run_evaluation:81 - Val prevalence:  0.3278108028768531
2025-07-05 13:51:49.791 | INFO     | eval_module:run_evaluation:82 - Test prevalence:  0.3396819198409599
2025-07-05 13:51:49.822 | CRITICAL | eval_module:run_evaluation:91 - Start | Fitting knn...
2025-07-05 14:07:53.688 | INFO     | eval_module:run_evaluation:140 - Best hparams: {'algorithm': 'auto', 'leaf_size': 30, 'metric': 'cosine', 'metric_params': None, 'n_jobs': None, 'n_neighbors': 5, 'p': 2, 'weights': 'distance'}
2025-07-05 14:07:53.688 | CRITICAL | eval_module:run_evaluation:143 - Finish | Fitting knn...
2025-07-05 14:11:38.605 | INFO     | eval_module:run_evaluation:154 - Train AUROC: 0.9996567051647242
2025-07-05 14:11:38.605 | INFO     | eval_module:run_evaluation:155 - Val AUROC:   0.753220708671529
2025-07-05 14:11:38.606 | INFO     | eval_module:run_evaluation:156 - Test AUROC:  0.7393776707250035
2025-07-05 14:11:38.681 | INFO     | eval_module:run_evaluation:162 - Train AUPRC: 0.9996166774250318
2025-07-05 14:11:38.682 | INFO     | eval_module:run_evaluation:163 - Val AUPRC:   0.6229926571908607
2025-07-05 14:11:38.682 | INFO     | eval_module:run_evaluation:164 - Test AUPRC:  0.6087047226576494
2025-07-05 14:11:38.683 | INFO     | __main__:run_dimensionality_analysis:363 -     Results: AUROC=0.739, AUPRC=0.609
2025-07-05 14:11:38.684 | INFO     | __main__:run_dimensionality_analysis:368 -     Progress: 131/448 (29.2%) - ETA: 4h 21m
2025-07-05 14:11:38.684 | INFO     | __main__:run_dimensionality_analysis:329 -     Reducing to 400 dimensions... (8/8)
2025-07-05 14:11:38.684 | INFO     | reducers:fit_transform:55 - Applying PCA to reduce from 768 to 400 dimensions
2025-07-05 14:11:46.384 | INFO     | __main__:run_dimensionality_analysis:343 -     Reduced shapes - Train: (68776, 400), Val: (54504, 400), Test: (56338, 400)
2025-07-05 14:11:46.386 | CRITICAL | eval_module:run_evaluation:76 - Start | Training knn
2025-07-05 14:11:46.386 | INFO     | eval_module:run_evaluation:77 - Train shape: X = (68776, 400), Y = (68776,)
2025-07-05 14:11:46.386 | INFO     | eval_module:run_evaluation:78 - Val shape: X = (54504, 400), Y = (54504,)
2025-07-05 14:11:46.386 | INFO     | eval_module:run_evaluation:79 - Test shape: X = (56338, 400), Y = (56338,)
2025-07-05 14:11:46.386 | INFO     | eval_module:run_evaluation:80 - Train prevalence:  0.3302605560079097
2025-07-05 14:11:46.387 | INFO     | eval_module:run_evaluation:81 - Val prevalence:  0.3278108028768531
2025-07-05 14:11:46.387 | INFO     | eval_module:run_evaluation:82 - Test prevalence:  0.3396819198409599
2025-07-05 14:11:46.430 | CRITICAL | eval_module:run_evaluation:91 - Start | Fitting knn...
2025-07-05 14:36:31.448 | INFO     | eval_module:run_evaluation:140 - Best hparams: {'algorithm': 'auto', 'leaf_size': 30, 'metric': 'cosine', 'metric_params': None, 'n_jobs': None, 'n_neighbors': 5, 'p': 2, 'weights': 'distance'}
2025-07-05 14:36:31.449 | CRITICAL | eval_module:run_evaluation:143 - Finish | Fitting knn...
2025-07-05 14:40:21.534 | INFO     | eval_module:run_evaluation:154 - Train AUROC: 0.9999993949833904
2025-07-05 14:40:21.535 | INFO     | eval_module:run_evaluation:155 - Val AUROC:   0.7415631791111011
2025-07-05 14:40:21.535 | INFO     | eval_module:run_evaluation:156 - Test AUROC:  0.730095994519642
2025-07-05 14:40:21.611 | INFO     | eval_module:run_evaluation:162 - Train AUPRC: 0.9999976084578034
2025-07-05 14:40:21.611 | INFO     | eval_module:run_evaluation:163 - Val AUPRC:   0.6072119058973023
2025-07-05 14:40:21.611 | INFO     | eval_module:run_evaluation:164 - Test AUPRC:  0.5983450663586364
2025-07-05 14:40:21.612 | INFO     | __main__:run_dimensionality_analysis:363 -     Results: AUROC=0.730, AUPRC=0.598
2025-07-05 14:40:21.613 | INFO     | __main__:run_dimensionality_analysis:368 -     Progress: 132/448 (29.5%) - ETA: 5h 27m
2025-07-05 14:40:21.617 | INFO     | __main__:save_checkpoint:90 - Saved 208 results to ../EHRSHOT_ASSETS/dimensionality_analysis/dimensionality_results.csv
2025-07-05 14:40:21.618 | INFO     | __main__:save_checkpoint:112 - Checkpoint saved: 132 combinations completed
2025-07-05 14:40:21.618 | INFO     | __main__:run_dimensionality_analysis:314 - 
  Testing method 2/2: umap
2025-07-05 14:40:21.618 | INFO     | __main__:run_dimensionality_analysis:329 -     Reducing to 2 dimensions... (1/8)
2025-07-05 14:40:21.619 | INFO     | reducers:fit_transform:101 - Applying UMAP to reduce from 768 to 2 dimensions
2025-07-05 14:40:21.619 | INFO     | reducers:fit_transform:102 - Using n_neighbors: 15, n_jobs: 16
/home/pvenema/.conda/envs/EHRSHOT_ENV/lib/python3.10/site-packages/umap/umap_.py:1952: UserWarning: n_jobs value 1 overridden to 1 by setting random_state. Use no seed for parallelism.
  warn(
/home/pvenema/.conda/envs/EHRSHOT_ENV/lib/python3.10/site-packages/scipy/sparse/_index.py:146: SparseEfficiencyWarning: Changing the sparsity structure of a csr_matrix is expensive. lil_matrix is more efficient.
  self._set_arrayXarray(i, j, x)
2025-07-05 14:42:29.883 | INFO     | __main__:run_dimensionality_analysis:343 -     Reduced shapes - Train: (68776, 2), Val: (54504, 2), Test: (56338, 2)
2025-07-05 14:42:29.885 | CRITICAL | eval_module:run_evaluation:76 - Start | Training knn
2025-07-05 14:42:29.885 | INFO     | eval_module:run_evaluation:77 - Train shape: X = (68776, 2), Y = (68776,)
2025-07-05 14:42:29.886 | INFO     | eval_module:run_evaluation:78 - Val shape: X = (54504, 2), Y = (54504,)
2025-07-05 14:42:29.886 | INFO     | eval_module:run_evaluation:79 - Test shape: X = (56338, 2), Y = (56338,)
2025-07-05 14:42:29.887 | INFO     | eval_module:run_evaluation:80 - Train prevalence:  0.3302605560079097
2025-07-05 14:42:29.887 | INFO     | eval_module:run_evaluation:81 - Val prevalence:  0.3278108028768531
2025-07-05 14:42:29.887 | INFO     | eval_module:run_evaluation:82 - Test prevalence:  0.3396819198409599
2025-07-05 14:42:29.890 | CRITICAL | eval_module:run_evaluation:91 - Start | Fitting knn...
2025-07-05 14:48:19.402 | INFO     | eval_module:run_evaluation:140 - Best hparams: {'algorithm': 'auto', 'leaf_size': 30, 'metric': 'euclidean', 'metric_params': None, 'n_jobs': None, 'n_neighbors': 5, 'p': 2, 'weights': 'uniform'}
2025-07-05 14:48:19.402 | CRITICAL | eval_module:run_evaluation:143 - Finish | Fitting knn...
2025-07-05 14:48:19.909 | INFO     | eval_module:run_evaluation:154 - Train AUROC: 0.8900431855503514
2025-07-05 14:48:19.910 | INFO     | eval_module:run_evaluation:155 - Val AUROC:   0.703249474548913
2025-07-05 14:48:19.910 | INFO     | eval_module:run_evaluation:156 - Test AUROC:  0.6884539099474661
2025-07-05 14:48:19.981 | INFO     | eval_module:run_evaluation:162 - Train AUPRC: 0.7747582384172572
2025-07-05 14:48:19.982 | INFO     | eval_module:run_evaluation:163 - Val AUPRC:   0.5290085771340941
2025-07-05 14:48:19.982 | INFO     | eval_module:run_evaluation:164 - Test AUPRC:  0.5245198691089112
2025-07-05 14:48:19.982 | INFO     | __main__:run_dimensionality_analysis:363 -     Results: AUROC=0.688, AUPRC=0.525
2025-07-05 14:48:19.983 | INFO     | __main__:run_dimensionality_analysis:368 -     Progress: 133/448 (29.7%) - ETA: 5h 43m
2025-07-05 14:48:19.983 | INFO     | __main__:run_dimensionality_analysis:329 -     Reducing to 5 dimensions... (2/8)
2025-07-05 14:48:19.986 | INFO     | reducers:fit_transform:101 - Applying UMAP to reduce from 768 to 5 dimensions
2025-07-05 14:48:19.986 | INFO     | reducers:fit_transform:102 - Using n_neighbors: 15, n_jobs: 16
/home/pvenema/.conda/envs/EHRSHOT_ENV/lib/python3.10/site-packages/umap/umap_.py:1952: UserWarning: n_jobs value 1 overridden to 1 by setting random_state. Use no seed for parallelism.
  warn(
/home/pvenema/.conda/envs/EHRSHOT_ENV/lib/python3.10/site-packages/scipy/sparse/_index.py:146: SparseEfficiencyWarning: Changing the sparsity structure of a csr_matrix is expensive. lil_matrix is more efficient.
  self._set_arrayXarray(i, j, x)
2025-07-05 14:50:10.166 | INFO     | __main__:run_dimensionality_analysis:343 -     Reduced shapes - Train: (68776, 5), Val: (54504, 5), Test: (56338, 5)
2025-07-05 14:50:10.169 | CRITICAL | eval_module:run_evaluation:76 - Start | Training knn
2025-07-05 14:50:10.169 | INFO     | eval_module:run_evaluation:77 - Train shape: X = (68776, 5), Y = (68776,)
2025-07-05 14:50:10.169 | INFO     | eval_module:run_evaluation:78 - Val shape: X = (54504, 5), Y = (54504,)
2025-07-05 14:50:10.169 | INFO     | eval_module:run_evaluation:79 - Test shape: X = (56338, 5), Y = (56338,)
2025-07-05 14:50:10.169 | INFO     | eval_module:run_evaluation:80 - Train prevalence:  0.3302605560079097
2025-07-05 14:50:10.170 | INFO     | eval_module:run_evaluation:81 - Val prevalence:  0.3278108028768531
2025-07-05 14:50:10.170 | INFO     | eval_module:run_evaluation:82 - Test prevalence:  0.3396819198409599
2025-07-05 14:50:10.173 | CRITICAL | eval_module:run_evaluation:91 - Start | Fitting knn...
2025-07-05 14:55:36.014 | INFO     | eval_module:run_evaluation:140 - Best hparams: {'algorithm': 'auto', 'leaf_size': 30, 'metric': 'euclidean', 'metric_params': None, 'n_jobs': None, 'n_neighbors': 5, 'p': 2, 'weights': 'distance'}
2025-07-05 14:55:36.028 | CRITICAL | eval_module:run_evaluation:143 - Finish | Fitting knn...
2025-07-05 14:55:37.549 | INFO     | eval_module:run_evaluation:154 - Train AUROC: 1.0
2025-07-05 14:55:37.549 | INFO     | eval_module:run_evaluation:155 - Val AUROC:   0.7228238162219199
2025-07-05 14:55:37.549 | INFO     | eval_module:run_evaluation:156 - Test AUROC:  0.7032301157658258
2025-07-05 14:55:37.627 | INFO     | eval_module:run_evaluation:162 - Train AUPRC: 1.0
2025-07-05 14:55:37.628 | INFO     | eval_module:run_evaluation:163 - Val AUPRC:   0.5778562826072884
2025-07-05 14:55:37.628 | INFO     | eval_module:run_evaluation:164 - Test AUPRC:  0.5601496018567144
2025-07-05 14:55:37.628 | INFO     | __main__:run_dimensionality_analysis:363 -     Results: AUROC=0.703, AUPRC=0.560
2025-07-05 14:55:37.628 | INFO     | __main__:run_dimensionality_analysis:368 -     Progress: 134/448 (29.9%) - ETA: 5h 56m
2025-07-05 14:55:37.628 | INFO     | __main__:run_dimensionality_analysis:329 -     Reducing to 10 dimensions... (3/8)
2025-07-05 14:55:37.631 | INFO     | reducers:fit_transform:101 - Applying UMAP to reduce from 768 to 10 dimensions
2025-07-05 14:55:37.632 | INFO     | reducers:fit_transform:102 - Using n_neighbors: 15, n_jobs: 16
/home/pvenema/.conda/envs/EHRSHOT_ENV/lib/python3.10/site-packages/umap/umap_.py:1952: UserWarning: n_jobs value 1 overridden to 1 by setting random_state. Use no seed for parallelism.
  warn(
/home/pvenema/.conda/envs/EHRSHOT_ENV/lib/python3.10/site-packages/scipy/sparse/_index.py:146: SparseEfficiencyWarning: Changing the sparsity structure of a csr_matrix is expensive. lil_matrix is more efficient.
  self._set_arrayXarray(i, j, x)
2025-07-05 14:57:38.341 | INFO     | __main__:run_dimensionality_analysis:343 -     Reduced shapes - Train: (68776, 10), Val: (54504, 10), Test: (56338, 10)
2025-07-05 14:57:38.344 | CRITICAL | eval_module:run_evaluation:76 - Start | Training knn
2025-07-05 14:57:38.344 | INFO     | eval_module:run_evaluation:77 - Train shape: X = (68776, 10), Y = (68776,)
2025-07-05 14:57:38.344 | INFO     | eval_module:run_evaluation:78 - Val shape: X = (54504, 10), Y = (54504,)
2025-07-05 14:57:38.344 | INFO     | eval_module:run_evaluation:79 - Test shape: X = (56338, 10), Y = (56338,)
2025-07-05 14:57:38.344 | INFO     | eval_module:run_evaluation:80 - Train prevalence:  0.3302605560079097
2025-07-05 14:57:38.345 | INFO     | eval_module:run_evaluation:81 - Val prevalence:  0.3278108028768531
2025-07-05 14:57:38.345 | INFO     | eval_module:run_evaluation:82 - Test prevalence:  0.3396819198409599
2025-07-05 14:57:38.349 | CRITICAL | eval_module:run_evaluation:91 - Start | Fitting knn...
2025-07-05 15:03:13.320 | INFO     | eval_module:run_evaluation:140 - Best hparams: {'algorithm': 'auto', 'leaf_size': 30, 'metric': 'euclidean', 'metric_params': None, 'n_jobs': None, 'n_neighbors': 5, 'p': 2, 'weights': 'distance'}
2025-07-05 15:03:13.321 | CRITICAL | eval_module:run_evaluation:143 - Finish | Fitting knn...
2025-07-05 15:03:16.240 | INFO     | eval_module:run_evaluation:154 - Train AUROC: 1.0
2025-07-05 15:03:16.240 | INFO     | eval_module:run_evaluation:155 - Val AUROC:   0.725317470758816
2025-07-05 15:03:16.240 | INFO     | eval_module:run_evaluation:156 - Test AUROC:  0.706649084552849
2025-07-05 15:03:16.316 | INFO     | eval_module:run_evaluation:162 - Train AUPRC: 1.0
2025-07-05 15:03:16.317 | INFO     | eval_module:run_evaluation:163 - Val AUPRC:   0.5797234964923175
2025-07-05 15:03:16.317 | INFO     | eval_module:run_evaluation:164 - Test AUPRC:  0.5663669071811417
2025-07-05 15:03:16.317 | INFO     | __main__:run_dimensionality_analysis:363 -     Results: AUROC=0.707, AUPRC=0.566
2025-07-05 15:03:16.317 | INFO     | __main__:run_dimensionality_analysis:368 -     Progress: 135/448 (30.1%) - ETA: 6h 10m
2025-07-05 15:03:16.322 | INFO     | __main__:save_checkpoint:90 - Saved 214 results to ../EHRSHOT_ASSETS/dimensionality_analysis/dimensionality_results.csv
2025-07-05 15:03:16.323 | INFO     | __main__:save_checkpoint:112 - Checkpoint saved: 135 combinations completed
2025-07-05 15:03:16.323 | INFO     | __main__:run_dimensionality_analysis:329 -     Reducing to 25 dimensions... (4/8)
2025-07-05 15:03:16.326 | INFO     | reducers:fit_transform:101 - Applying UMAP to reduce from 768 to 25 dimensions
2025-07-05 15:03:16.326 | INFO     | reducers:fit_transform:102 - Using n_neighbors: 15, n_jobs: 16
/home/pvenema/.conda/envs/EHRSHOT_ENV/lib/python3.10/site-packages/umap/umap_.py:1952: UserWarning: n_jobs value 1 overridden to 1 by setting random_state. Use no seed for parallelism.
  warn(
/home/pvenema/.conda/envs/EHRSHOT_ENV/lib/python3.10/site-packages/scipy/sparse/_index.py:146: SparseEfficiencyWarning: Changing the sparsity structure of a csr_matrix is expensive. lil_matrix is more efficient.
  self._set_arrayXarray(i, j, x)
2025-07-05 15:05:47.634 | INFO     | __main__:run_dimensionality_analysis:343 -     Reduced shapes - Train: (68776, 25), Val: (54504, 25), Test: (56338, 25)
2025-07-05 15:05:47.636 | CRITICAL | eval_module:run_evaluation:76 - Start | Training knn
2025-07-05 15:05:47.636 | INFO     | eval_module:run_evaluation:77 - Train shape: X = (68776, 25), Y = (68776,)
2025-07-05 15:05:47.636 | INFO     | eval_module:run_evaluation:78 - Val shape: X = (54504, 25), Y = (54504,)
2025-07-05 15:05:47.637 | INFO     | eval_module:run_evaluation:79 - Test shape: X = (56338, 25), Y = (56338,)
2025-07-05 15:05:47.637 | INFO     | eval_module:run_evaluation:80 - Train prevalence:  0.3302605560079097
2025-07-05 15:05:47.637 | INFO     | eval_module:run_evaluation:81 - Val prevalence:  0.3278108028768531
2025-07-05 15:05:47.637 | INFO     | eval_module:run_evaluation:82 - Test prevalence:  0.3396819198409599
2025-07-05 15:05:47.643 | CRITICAL | eval_module:run_evaluation:91 - Start | Fitting knn...
2025-07-05 15:13:33.297 | INFO     | eval_module:run_evaluation:140 - Best hparams: {'algorithm': 'auto', 'leaf_size': 30, 'metric': 'euclidean', 'metric_params': None, 'n_jobs': None, 'n_neighbors': 5, 'p': 2, 'weights': 'distance'}
2025-07-05 15:13:33.297 | CRITICAL | eval_module:run_evaluation:143 - Finish | Fitting knn...
2025-07-05 15:13:34.803 | INFO     | eval_module:run_evaluation:154 - Train AUROC: 1.0
2025-07-05 15:13:34.803 | INFO     | eval_module:run_evaluation:155 - Val AUROC:   0.7218836171399188
2025-07-05 15:13:34.804 | INFO     | eval_module:run_evaluation:156 - Test AUROC:  0.7058014116638108
2025-07-05 15:13:34.880 | INFO     | eval_module:run_evaluation:162 - Train AUPRC: 1.0
2025-07-05 15:13:34.880 | INFO     | eval_module:run_evaluation:163 - Val AUPRC:   0.575048729597774
2025-07-05 15:13:34.881 | INFO     | eval_module:run_evaluation:164 - Test AUPRC:  0.5652471515804147
2025-07-05 15:13:34.881 | INFO     | __main__:run_dimensionality_analysis:363 -     Results: AUROC=0.706, AUPRC=0.565
2025-07-05 15:13:34.881 | INFO     | __main__:run_dimensionality_analysis:368 -     Progress: 136/448 (30.4%) - ETA: 6h 30m
2025-07-05 15:13:34.881 | INFO     | __main__:run_dimensionality_analysis:329 -     Reducing to 50 dimensions... (5/8)
2025-07-05 15:13:34.884 | INFO     | reducers:fit_transform:101 - Applying UMAP to reduce from 768 to 50 dimensions
2025-07-05 15:13:34.885 | INFO     | reducers:fit_transform:102 - Using n_neighbors: 15, n_jobs: 16
/home/pvenema/.conda/envs/EHRSHOT_ENV/lib/python3.10/site-packages/umap/umap_.py:1952: UserWarning: n_jobs value 1 overridden to 1 by setting random_state. Use no seed for parallelism.
  warn(
/home/pvenema/.conda/envs/EHRSHOT_ENV/lib/python3.10/site-packages/scipy/sparse/_index.py:146: SparseEfficiencyWarning: Changing the sparsity structure of a csr_matrix is expensive. lil_matrix is more efficient.
  self._set_arrayXarray(i, j, x)
2025-07-05 15:16:22.715 | INFO     | __main__:run_dimensionality_analysis:343 -     Reduced shapes - Train: (68776, 50), Val: (54504, 50), Test: (56338, 50)
2025-07-05 15:16:22.717 | CRITICAL | eval_module:run_evaluation:76 - Start | Training knn
2025-07-05 15:16:22.717 | INFO     | eval_module:run_evaluation:77 - Train shape: X = (68776, 50), Y = (68776,)
2025-07-05 15:16:22.717 | INFO     | eval_module:run_evaluation:78 - Val shape: X = (54504, 50), Y = (54504,)
2025-07-05 15:16:22.717 | INFO     | eval_module:run_evaluation:79 - Test shape: X = (56338, 50), Y = (56338,)
2025-07-05 15:16:22.718 | INFO     | eval_module:run_evaluation:80 - Train prevalence:  0.3302605560079097
2025-07-05 15:16:22.718 | INFO     | eval_module:run_evaluation:81 - Val prevalence:  0.3278108028768531
2025-07-05 15:16:22.719 | INFO     | eval_module:run_evaluation:82 - Test prevalence:  0.3396819198409599
2025-07-05 15:16:22.727 | CRITICAL | eval_module:run_evaluation:91 - Start | Fitting knn...
2025-07-05 15:24:57.438 | INFO     | eval_module:run_evaluation:140 - Best hparams: {'algorithm': 'auto', 'leaf_size': 30, 'metric': 'euclidean', 'metric_params': None, 'n_jobs': None, 'n_neighbors': 5, 'p': 2, 'weights': 'distance'}
2025-07-05 15:24:57.438 | CRITICAL | eval_module:run_evaluation:143 - Finish | Fitting knn...
2025-07-05 15:24:59.311 | INFO     | eval_module:run_evaluation:154 - Train AUROC: 1.0
2025-07-05 15:24:59.311 | INFO     | eval_module:run_evaluation:155 - Val AUROC:   0.7256928809683058
2025-07-05 15:24:59.312 | INFO     | eval_module:run_evaluation:156 - Test AUROC:  0.7101639481426292
2025-07-05 15:24:59.389 | INFO     | eval_module:run_evaluation:162 - Train AUPRC: 1.0
2025-07-05 15:24:59.389 | INFO     | eval_module:run_evaluation:163 - Val AUPRC:   0.5804234643630656
2025-07-05 15:24:59.389 | INFO     | eval_module:run_evaluation:164 - Test AUPRC:  0.5692713210226854
2025-07-05 15:24:59.390 | INFO     | __main__:run_dimensionality_analysis:363 -     Results: AUROC=0.710, AUPRC=0.569
2025-07-05 15:24:59.390 | INFO     | __main__:run_dimensionality_analysis:368 -     Progress: 137/448 (30.6%) - ETA: 6h 52m
2025-07-05 15:24:59.390 | INFO     | __main__:run_dimensionality_analysis:329 -     Reducing to 100 dimensions... (6/8)
2025-07-05 15:24:59.393 | INFO     | reducers:fit_transform:101 - Applying UMAP to reduce from 768 to 100 dimensions
2025-07-05 15:24:59.393 | INFO     | reducers:fit_transform:102 - Using n_neighbors: 15, n_jobs: 16
/home/pvenema/.conda/envs/EHRSHOT_ENV/lib/python3.10/site-packages/umap/umap_.py:1952: UserWarning: n_jobs value 1 overridden to 1 by setting random_state. Use no seed for parallelism.
  warn(
/home/pvenema/.conda/envs/EHRSHOT_ENV/lib/python3.10/site-packages/scipy/sparse/_index.py:146: SparseEfficiencyWarning: Changing the sparsity structure of a csr_matrix is expensive. lil_matrix is more efficient.
  self._set_arrayXarray(i, j, x)
2025-07-05 15:28:27.299 | INFO     | __main__:run_dimensionality_analysis:343 -     Reduced shapes - Train: (68776, 100), Val: (54504, 100), Test: (56338, 100)
2025-07-05 15:28:27.301 | CRITICAL | eval_module:run_evaluation:76 - Start | Training knn
2025-07-05 15:28:27.302 | INFO     | eval_module:run_evaluation:77 - Train shape: X = (68776, 100), Y = (68776,)
2025-07-05 15:28:27.302 | INFO     | eval_module:run_evaluation:78 - Val shape: X = (54504, 100), Y = (54504,)
2025-07-05 15:28:27.302 | INFO     | eval_module:run_evaluation:79 - Test shape: X = (56338, 100), Y = (56338,)
2025-07-05 15:28:27.302 | INFO     | eval_module:run_evaluation:80 - Train prevalence:  0.3302605560079097
2025-07-05 15:28:27.302 | INFO     | eval_module:run_evaluation:81 - Val prevalence:  0.3278108028768531
2025-07-05 15:28:27.303 | INFO     | eval_module:run_evaluation:82 - Test prevalence:  0.3396819198409599
2025-07-05 15:28:27.310 | CRITICAL | eval_module:run_evaluation:91 - Start | Fitting knn...
2025-07-05 15:38:46.406 | INFO     | eval_module:run_evaluation:140 - Best hparams: {'algorithm': 'auto', 'leaf_size': 30, 'metric': 'euclidean', 'metric_params': None, 'n_jobs': None, 'n_neighbors': 5, 'p': 2, 'weights': 'distance'}
2025-07-05 15:38:46.406 | CRITICAL | eval_module:run_evaluation:143 - Finish | Fitting knn...
2025-07-05 15:38:49.038 | INFO     | eval_module:run_evaluation:154 - Train AUROC: 1.0
2025-07-05 15:38:49.039 | INFO     | eval_module:run_evaluation:155 - Val AUROC:   0.7262699981067176
2025-07-05 15:38:49.039 | INFO     | eval_module:run_evaluation:156 - Test AUROC:  0.7081307343345704
2025-07-05 15:38:49.120 | INFO     | eval_module:run_evaluation:162 - Train AUPRC: 1.0
2025-07-05 15:38:49.120 | INFO     | eval_module:run_evaluation:163 - Val AUPRC:   0.5811150972888701
2025-07-05 15:38:49.121 | INFO     | eval_module:run_evaluation:164 - Test AUPRC:  0.5675946911588438
2025-07-05 15:38:49.122 | INFO     | __main__:run_dimensionality_analysis:363 -     Results: AUROC=0.708, AUPRC=0.568
2025-07-05 15:38:49.122 | INFO     | __main__:run_dimensionality_analysis:368 -     Progress: 138/448 (30.8%) - ETA: 7h 18m
2025-07-05 15:38:49.122 | INFO     | __main__:run_dimensionality_analysis:329 -     Reducing to 200 dimensions... (7/8)
2025-07-05 15:38:49.125 | INFO     | reducers:fit_transform:101 - Applying UMAP to reduce from 768 to 200 dimensions
2025-07-05 15:38:49.126 | INFO     | reducers:fit_transform:102 - Using n_neighbors: 15, n_jobs: 16
/home/pvenema/.conda/envs/EHRSHOT_ENV/lib/python3.10/site-packages/umap/umap_.py:1952: UserWarning: n_jobs value 1 overridden to 1 by setting random_state. Use no seed for parallelism.
  warn(
/home/pvenema/.conda/envs/EHRSHOT_ENV/lib/python3.10/site-packages/scipy/sparse/_index.py:146: SparseEfficiencyWarning: Changing the sparsity structure of a csr_matrix is expensive. lil_matrix is more efficient.
  self._set_arrayXarray(i, j, x)
2025-07-05 15:44:26.707 | INFO     | __main__:run_dimensionality_analysis:343 -     Reduced shapes - Train: (68776, 200), Val: (54504, 200), Test: (56338, 200)
2025-07-05 15:44:26.710 | CRITICAL | eval_module:run_evaluation:76 - Start | Training knn
2025-07-05 15:44:26.710 | INFO     | eval_module:run_evaluation:77 - Train shape: X = (68776, 200), Y = (68776,)
2025-07-05 15:44:26.710 | INFO     | eval_module:run_evaluation:78 - Val shape: X = (54504, 200), Y = (54504,)
2025-07-05 15:44:26.710 | INFO     | eval_module:run_evaluation:79 - Test shape: X = (56338, 200), Y = (56338,)
2025-07-05 15:44:26.711 | INFO     | eval_module:run_evaluation:80 - Train prevalence:  0.3302605560079097
2025-07-05 15:44:26.711 | INFO     | eval_module:run_evaluation:81 - Val prevalence:  0.3278108028768531
2025-07-05 15:44:26.711 | INFO     | eval_module:run_evaluation:82 - Test prevalence:  0.3396819198409599
2025-07-05 15:44:26.727 | CRITICAL | eval_module:run_evaluation:91 - Start | Fitting knn...
2025-07-05 15:58:10.830 | INFO     | eval_module:run_evaluation:140 - Best hparams: {'algorithm': 'auto', 'leaf_size': 30, 'metric': 'euclidean', 'metric_params': None, 'n_jobs': None, 'n_neighbors': 5, 'p': 2, 'weights': 'distance'}
2025-07-05 15:58:10.831 | CRITICAL | eval_module:run_evaluation:143 - Finish | Fitting knn...
2025-07-05 15:58:15.042 | INFO     | eval_module:run_evaluation:154 - Train AUROC: 1.0
2025-07-05 15:58:15.042 | INFO     | eval_module:run_evaluation:155 - Val AUROC:   0.72565425774865
2025-07-05 15:58:15.042 | INFO     | eval_module:run_evaluation:156 - Test AUROC:  0.7066805974203649
2025-07-05 15:58:15.123 | INFO     | eval_module:run_evaluation:162 - Train AUPRC: 1.0
2025-07-05 15:58:15.123 | INFO     | eval_module:run_evaluation:163 - Val AUPRC:   0.5791709235516347
2025-07-05 15:58:15.123 | INFO     | eval_module:run_evaluation:164 - Test AUPRC:  0.5661501998444205
2025-07-05 15:58:15.124 | INFO     | __main__:run_dimensionality_analysis:363 -     Results: AUROC=0.707, AUPRC=0.566
2025-07-05 15:58:15.124 | INFO     | __main__:run_dimensionality_analysis:368 -     Progress: 139/448 (31.0%) - ETA: 7h 57m
2025-07-05 15:58:15.124 | INFO     | __main__:run_dimensionality_analysis:329 -     Reducing to 400 dimensions... (8/8)
2025-07-05 15:58:15.127 | INFO     | reducers:fit_transform:101 - Applying UMAP to reduce from 768 to 400 dimensions
2025-07-05 15:58:15.128 | INFO     | reducers:fit_transform:102 - Using n_neighbors: 15, n_jobs: 16
/home/pvenema/.conda/envs/EHRSHOT_ENV/lib/python3.10/site-packages/umap/umap_.py:1952: UserWarning: n_jobs value 1 overridden to 1 by setting random_state. Use no seed for parallelism.
  warn(
/home/pvenema/.conda/envs/EHRSHOT_ENV/lib/python3.10/site-packages/scipy/sparse/_index.py:146: SparseEfficiencyWarning: Changing the sparsity structure of a csr_matrix is expensive. lil_matrix is more efficient.
  self._set_arrayXarray(i, j, x)
2025-07-05 16:08:15.977 | INFO     | __main__:run_dimensionality_analysis:343 -     Reduced shapes - Train: (68776, 400), Val: (54504, 400), Test: (56338, 400)
2025-07-05 16:08:15.980 | CRITICAL | eval_module:run_evaluation:76 - Start | Training knn
2025-07-05 16:08:15.980 | INFO     | eval_module:run_evaluation:77 - Train shape: X = (68776, 400), Y = (68776,)
2025-07-05 16:08:15.980 | INFO     | eval_module:run_evaluation:78 - Val shape: X = (54504, 400), Y = (54504,)
2025-07-05 16:08:15.981 | INFO     | eval_module:run_evaluation:79 - Test shape: X = (56338, 400), Y = (56338,)
2025-07-05 16:08:15.981 | INFO     | eval_module:run_evaluation:80 - Train prevalence:  0.3302605560079097
2025-07-05 16:08:15.981 | INFO     | eval_module:run_evaluation:81 - Val prevalence:  0.3278108028768531
2025-07-05 16:08:15.982 | INFO     | eval_module:run_evaluation:82 - Test prevalence:  0.3396819198409599
2025-07-05 16:08:16.009 | CRITICAL | eval_module:run_evaluation:91 - Start | Fitting knn...
2025-07-05 16:28:54.744 | INFO     | eval_module:run_evaluation:140 - Best hparams: {'algorithm': 'auto', 'leaf_size': 30, 'metric': 'euclidean', 'metric_params': None, 'n_jobs': None, 'n_neighbors': 5, 'p': 2, 'weights': 'distance'}
2025-07-05 16:28:54.744 | CRITICAL | eval_module:run_evaluation:143 - Finish | Fitting knn...
2025-07-05 16:29:01.807 | INFO     | eval_module:run_evaluation:154 - Train AUROC: 1.0
2025-07-05 16:29:01.807 | INFO     | eval_module:run_evaluation:155 - Val AUROC:   0.7248013594407834
2025-07-05 16:29:01.807 | INFO     | eval_module:run_evaluation:156 - Test AUROC:  0.7100705817296975
2025-07-05 16:29:01.888 | INFO     | eval_module:run_evaluation:162 - Train AUPRC: 1.0
2025-07-05 16:29:01.888 | INFO     | eval_module:run_evaluation:163 - Val AUPRC:   0.5780621943474027
2025-07-05 16:29:01.888 | INFO     | eval_module:run_evaluation:164 - Test AUPRC:  0.5685030726722434
2025-07-05 16:29:01.889 | INFO     | __main__:run_dimensionality_analysis:363 -     Results: AUROC=0.710, AUPRC=0.569
2025-07-05 16:29:01.890 | INFO     | __main__:run_dimensionality_analysis:368 -     Progress: 140/448 (31.2%) - ETA: 9h 0m
2025-07-05 16:29:01.895 | INFO     | __main__:save_checkpoint:90 - Saved 224 results to ../EHRSHOT_ASSETS/dimensionality_analysis/dimensionality_results.csv
2025-07-05 16:29:01.895 | INFO     | __main__:save_checkpoint:112 - Checkpoint saved: 140 combinations completed
2025-07-05 16:29:01.898 | INFO     | __main__:save_checkpoint:90 - Saved 224 results to ../EHRSHOT_ASSETS/dimensionality_analysis/dimensionality_results.csv
2025-07-05 16:29:01.898 | INFO     | __main__:save_checkpoint:112 - Checkpoint saved: 140 combinations completed
2025-07-05 16:29:01.898 | INFO     | __main__:run_dimensionality_analysis:262 - 
Processing model 2/2: clinicalbert_type3_clinicalbert_pool
2025-07-05 16:29:01.983 | INFO     | __main__:run_dimensionality_analysis:281 - Data shapes - Train: (68776, 768), Val: (54504, 768), Test: (56338, 768)
2025-07-05 16:29:01.983 | INFO     | __main__:run_dimensionality_analysis:282 - Label distribution - Train: 0.330, Val: 0.328, Test: 0.340
2025-07-05 16:29:01.983 | INFO     | __main__:run_dimensionality_analysis:311 -   🚫 Skipping baseline evaluation (--skip-baseline enabled)
2025-07-05 16:29:01.984 | INFO     | __main__:run_dimensionality_analysis:314 - 
  Testing method 1/2: pca
2025-07-05 16:29:01.984 | INFO     | __main__:run_dimensionality_analysis:329 -     Reducing to 2 dimensions... (1/8)
2025-07-05 16:29:01.987 | INFO     | reducers:fit_transform:55 - Applying PCA to reduce from 768 to 2 dimensions
2025-07-05 16:29:02.419 | INFO     | __main__:run_dimensionality_analysis:343 -     Reduced shapes - Train: (68776, 2), Val: (54504, 2), Test: (56338, 2)
2025-07-05 16:29:02.421 | CRITICAL | eval_module:run_evaluation:76 - Start | Training knn
2025-07-05 16:29:02.421 | INFO     | eval_module:run_evaluation:77 - Train shape: X = (68776, 2), Y = (68776,)
2025-07-05 16:29:02.421 | INFO     | eval_module:run_evaluation:78 - Val shape: X = (54504, 2), Y = (54504,)
2025-07-05 16:29:02.421 | INFO     | eval_module:run_evaluation:79 - Test shape: X = (56338, 2), Y = (56338,)
2025-07-05 16:29:02.421 | INFO     | eval_module:run_evaluation:80 - Train prevalence:  0.3302605560079097
2025-07-05 16:29:02.422 | INFO     | eval_module:run_evaluation:81 - Val prevalence:  0.3278108028768531
2025-07-05 16:29:02.422 | INFO     | eval_module:run_evaluation:82 - Test prevalence:  0.3396819198409599
2025-07-05 16:29:02.425 | CRITICAL | eval_module:run_evaluation:91 - Start | Fitting knn...
2025-07-05 16:34:11.296 | INFO     | eval_module:run_evaluation:140 - Best hparams: {'algorithm': 'auto', 'leaf_size': 30, 'metric': 'cosine', 'metric_params': None, 'n_jobs': None, 'n_neighbors': 5, 'p': 2, 'weights': 'uniform'}
2025-07-05 16:34:11.297 | CRITICAL | eval_module:run_evaluation:143 - Finish | Fitting knn...
2025-07-05 16:37:16.720 | INFO     | eval_module:run_evaluation:154 - Train AUROC: 0.6773374975374485
2025-07-05 16:37:16.721 | INFO     | eval_module:run_evaluation:155 - Val AUROC:   0.5667134446701216
2025-07-05 16:37:16.721 | INFO     | eval_module:run_evaluation:156 - Test AUROC:  0.5465399872288502
2025-07-05 16:37:16.792 | INFO     | eval_module:run_evaluation:162 - Train AUPRC: 0.46749420392818464
2025-07-05 16:37:16.792 | INFO     | eval_module:run_evaluation:163 - Val AUPRC:   0.3726029803833918
2025-07-05 16:37:16.792 | INFO     | eval_module:run_evaluation:164 - Test AUPRC:  0.36889940064239307
2025-07-05 16:37:16.792 | INFO     | __main__:run_dimensionality_analysis:363 -     Results: AUROC=0.547, AUPRC=0.369
2025-07-05 16:37:16.793 | INFO     | __main__:run_dimensionality_analysis:368 -     Progress: 141/448 (31.5%) - ETA: 9h 12m
2025-07-05 16:37:16.793 | INFO     | __main__:run_dimensionality_analysis:329 -     Reducing to 5 dimensions... (2/8)
2025-07-05 16:37:16.793 | INFO     | reducers:fit_transform:55 - Applying PCA to reduce from 768 to 5 dimensions
2025-07-05 16:37:17.230 | INFO     | __main__:run_dimensionality_analysis:343 -     Reduced shapes - Train: (68776, 5), Val: (54504, 5), Test: (56338, 5)
2025-07-05 16:37:17.232 | CRITICAL | eval_module:run_evaluation:76 - Start | Training knn
2025-07-05 16:37:17.232 | INFO     | eval_module:run_evaluation:77 - Train shape: X = (68776, 5), Y = (68776,)
2025-07-05 16:37:17.232 | INFO     | eval_module:run_evaluation:78 - Val shape: X = (54504, 5), Y = (54504,)
2025-07-05 16:37:17.233 | INFO     | eval_module:run_evaluation:79 - Test shape: X = (56338, 5), Y = (56338,)
2025-07-05 16:37:17.233 | INFO     | eval_module:run_evaluation:80 - Train prevalence:  0.3302605560079097
2025-07-05 16:37:17.233 | INFO     | eval_module:run_evaluation:81 - Val prevalence:  0.3278108028768531
2025-07-05 16:37:17.233 | INFO     | eval_module:run_evaluation:82 - Test prevalence:  0.3396819198409599
2025-07-05 16:37:17.237 | CRITICAL | eval_module:run_evaluation:91 - Start | Fitting knn...
2025-07-05 16:42:31.317 | INFO     | eval_module:run_evaluation:140 - Best hparams: {'algorithm': 'auto', 'leaf_size': 30, 'metric': 'cosine', 'metric_params': None, 'n_jobs': None, 'n_neighbors': 5, 'p': 2, 'weights': 'uniform'}
2025-07-05 16:42:31.317 | CRITICAL | eval_module:run_evaluation:143 - Finish | Fitting knn...
2025-07-05 16:45:34.612 | INFO     | eval_module:run_evaluation:154 - Train AUROC: 0.9740101194217912
2025-07-05 16:45:34.612 | INFO     | eval_module:run_evaluation:155 - Val AUROC:   0.5844573665413391
2025-07-05 16:45:34.612 | INFO     | eval_module:run_evaluation:156 - Test AUROC:  0.5794571168349146
2025-07-05 16:45:34.682 | INFO     | eval_module:run_evaluation:162 - Train AUPRC: 0.9388764308960399
2025-07-05 16:45:34.682 | INFO     | eval_module:run_evaluation:163 - Val AUPRC:   0.3969440927107492
2025-07-05 16:45:34.682 | INFO     | eval_module:run_evaluation:164 - Test AUPRC:  0.40742546158519266
2025-07-05 16:45:34.683 | INFO     | __main__:run_dimensionality_analysis:363 -     Results: AUROC=0.579, AUPRC=0.407
2025-07-05 16:45:34.683 | INFO     | __main__:run_dimensionality_analysis:368 -     Progress: 142/448 (31.7%) - ETA: 9h 24m
2025-07-05 16:45:34.683 | INFO     | __main__:run_dimensionality_analysis:329 -     Reducing to 10 dimensions... (3/8)
2025-07-05 16:45:34.683 | INFO     | reducers:fit_transform:55 - Applying PCA to reduce from 768 to 10 dimensions
2025-07-05 16:45:35.145 | INFO     | __main__:run_dimensionality_analysis:343 -     Reduced shapes - Train: (68776, 10), Val: (54504, 10), Test: (56338, 10)
2025-07-05 16:45:35.147 | CRITICAL | eval_module:run_evaluation:76 - Start | Training knn
2025-07-05 16:45:35.147 | INFO     | eval_module:run_evaluation:77 - Train shape: X = (68776, 10), Y = (68776,)
2025-07-05 16:45:35.147 | INFO     | eval_module:run_evaluation:78 - Val shape: X = (54504, 10), Y = (54504,)
2025-07-05 16:45:35.148 | INFO     | eval_module:run_evaluation:79 - Test shape: X = (56338, 10), Y = (56338,)
2025-07-05 16:45:35.149 | INFO     | eval_module:run_evaluation:80 - Train prevalence:  0.3302605560079097
2025-07-05 16:45:35.149 | INFO     | eval_module:run_evaluation:81 - Val prevalence:  0.3278108028768531
2025-07-05 16:45:35.149 | INFO     | eval_module:run_evaluation:82 - Test prevalence:  0.3396819198409599
2025-07-05 16:45:35.153 | CRITICAL | eval_module:run_evaluation:91 - Start | Fitting knn...
2025-07-05 16:51:33.724 | INFO     | eval_module:run_evaluation:140 - Best hparams: {'algorithm': 'auto', 'leaf_size': 30, 'metric': 'euclidean', 'metric_params': None, 'n_jobs': None, 'n_neighbors': 5, 'p': 2, 'weights': 'distance'}
2025-07-05 16:51:33.724 | CRITICAL | eval_module:run_evaluation:143 - Finish | Fitting knn...
2025-07-05 16:51:50.101 | INFO     | eval_module:run_evaluation:154 - Train AUROC: 0.9999999412187653
2025-07-05 16:51:50.102 | INFO     | eval_module:run_evaluation:155 - Val AUROC:   0.624240611092495
2025-07-05 16:51:50.102 | INFO     | eval_module:run_evaluation:156 - Test AUROC:  0.6295703404489681
2025-07-05 16:51:50.174 | INFO     | eval_module:run_evaluation:162 - Train AUPRC: 0.9999998391824853
2025-07-05 16:51:50.174 | INFO     | eval_module:run_evaluation:163 - Val AUPRC:   0.44265395471398766
2025-07-05 16:51:50.174 | INFO     | eval_module:run_evaluation:164 - Test AUPRC:  0.4614011835832541
2025-07-05 16:51:50.174 | INFO     | __main__:run_dimensionality_analysis:363 -     Results: AUROC=0.630, AUPRC=0.461
2025-07-05 16:51:50.175 | INFO     | __main__:run_dimensionality_analysis:368 -     Progress: 143/448 (31.9%) - ETA: 9h 32m
2025-07-05 16:51:50.175 | INFO     | __main__:run_dimensionality_analysis:329 -     Reducing to 25 dimensions... (4/8)
2025-07-05 16:51:50.175 | INFO     | reducers:fit_transform:55 - Applying PCA to reduce from 768 to 25 dimensions
2025-07-05 16:51:50.758 | INFO     | __main__:run_dimensionality_analysis:343 -     Reduced shapes - Train: (68776, 25), Val: (54504, 25), Test: (56338, 25)
2025-07-05 16:51:50.760 | CRITICAL | eval_module:run_evaluation:76 - Start | Training knn
2025-07-05 16:51:50.760 | INFO     | eval_module:run_evaluation:77 - Train shape: X = (68776, 25), Y = (68776,)
2025-07-05 16:51:50.760 | INFO     | eval_module:run_evaluation:78 - Val shape: X = (54504, 25), Y = (54504,)
2025-07-05 16:51:50.760 | INFO     | eval_module:run_evaluation:79 - Test shape: X = (56338, 25), Y = (56338,)
2025-07-05 16:51:50.761 | INFO     | eval_module:run_evaluation:80 - Train prevalence:  0.3302605560079097
2025-07-05 16:51:50.761 | INFO     | eval_module:run_evaluation:81 - Val prevalence:  0.3278108028768531
2025-07-05 16:51:50.761 | INFO     | eval_module:run_evaluation:82 - Test prevalence:  0.3396819198409599
2025-07-05 16:51:50.766 | CRITICAL | eval_module:run_evaluation:91 - Start | Fitting knn...
2025-07-05 16:59:22.330 | INFO     | eval_module:run_evaluation:140 - Best hparams: {'algorithm': 'auto', 'leaf_size': 30, 'metric': 'cosine', 'metric_params': None, 'n_jobs': None, 'n_neighbors': 5, 'p': 2, 'weights': 'distance'}
2025-07-05 16:59:22.330 | CRITICAL | eval_module:run_evaluation:143 - Finish | Fitting knn...
2025-07-05 17:02:34.710 | INFO     | eval_module:run_evaluation:154 - Train AUROC: 0.9999640187159908
2025-07-05 17:02:34.711 | INFO     | eval_module:run_evaluation:155 - Val AUROC:   0.6470844783910468
2025-07-05 17:02:34.711 | INFO     | eval_module:run_evaluation:156 - Test AUROC:  0.6324490084839938
2025-07-05 17:02:34.783 | INFO     | eval_module:run_evaluation:162 - Train AUPRC: 0.9999205994592093
2025-07-05 17:02:34.784 | INFO     | eval_module:run_evaluation:163 - Val AUPRC:   0.4685775848700769
2025-07-05 17:02:34.784 | INFO     | eval_module:run_evaluation:164 - Test AUPRC:  0.4668775624638717
2025-07-05 17:02:34.784 | INFO     | __main__:run_dimensionality_analysis:363 -     Results: AUROC=0.632, AUPRC=0.467
2025-07-05 17:02:34.784 | INFO     | __main__:run_dimensionality_analysis:368 -     Progress: 144/448 (32.1%) - ETA: 9h 49m
2025-07-05 17:02:34.784 | INFO     | __main__:run_dimensionality_analysis:329 -     Reducing to 50 dimensions... (5/8)
2025-07-05 17:02:34.785 | INFO     | reducers:fit_transform:55 - Applying PCA to reduce from 768 to 50 dimensions
2025-07-05 17:02:35.528 | INFO     | __main__:run_dimensionality_analysis:343 -     Reduced shapes - Train: (68776, 50), Val: (54504, 50), Test: (56338, 50)
2025-07-05 17:02:35.530 | CRITICAL | eval_module:run_evaluation:76 - Start | Training knn
2025-07-05 17:02:35.530 | INFO     | eval_module:run_evaluation:77 - Train shape: X = (68776, 50), Y = (68776,)
2025-07-05 17:02:35.530 | INFO     | eval_module:run_evaluation:78 - Val shape: X = (54504, 50), Y = (54504,)
2025-07-05 17:02:35.531 | INFO     | eval_module:run_evaluation:79 - Test shape: X = (56338, 50), Y = (56338,)
2025-07-05 17:02:35.531 | INFO     | eval_module:run_evaluation:80 - Train prevalence:  0.3302605560079097
2025-07-05 17:02:35.531 | INFO     | eval_module:run_evaluation:81 - Val prevalence:  0.3278108028768531
2025-07-05 17:02:35.531 | INFO     | eval_module:run_evaluation:82 - Test prevalence:  0.3396819198409599
2025-07-05 17:02:35.537 | CRITICAL | eval_module:run_evaluation:91 - Start | Fitting knn...
2025-07-05 17:11:06.787 | INFO     | eval_module:run_evaluation:140 - Best hparams: {'algorithm': 'auto', 'leaf_size': 30, 'metric': 'cosine', 'metric_params': None, 'n_jobs': None, 'n_neighbors': 5, 'p': 2, 'weights': 'distance'}
2025-07-05 17:11:06.787 | CRITICAL | eval_module:run_evaluation:143 - Finish | Fitting knn...
2025-07-05 17:14:24.893 | INFO     | eval_module:run_evaluation:154 - Train AUROC: 0.9999762050695024
2025-07-05 17:14:24.894 | INFO     | eval_module:run_evaluation:155 - Val AUROC:   0.6498134706635141
2025-07-05 17:14:24.894 | INFO     | eval_module:run_evaluation:156 - Test AUROC:  0.6310580007751678
2025-07-05 17:14:24.966 | INFO     | eval_module:run_evaluation:162 - Train AUPRC: 0.9999702488228535
2025-07-05 17:14:24.966 | INFO     | eval_module:run_evaluation:163 - Val AUPRC:   0.4826412966848293
2025-07-05 17:14:24.966 | INFO     | eval_module:run_evaluation:164 - Test AUPRC:  0.46289077737424267
2025-07-05 17:14:24.966 | INFO     | __main__:run_dimensionality_analysis:363 -     Results: AUROC=0.631, AUPRC=0.463
2025-07-05 17:14:24.966 | INFO     | __main__:run_dimensionality_analysis:368 -     Progress: 145/448 (32.4%) - ETA: 10h 8m
2025-07-05 17:14:24.972 | INFO     | __main__:save_checkpoint:90 - Saved 234 results to ../EHRSHOT_ASSETS/dimensionality_analysis/dimensionality_results.csv
2025-07-05 17:14:24.972 | INFO     | __main__:save_checkpoint:112 - Checkpoint saved: 145 combinations completed
2025-07-05 17:14:24.973 | INFO     | __main__:run_dimensionality_analysis:329 -     Reducing to 100 dimensions... (6/8)
2025-07-05 17:14:24.973 | INFO     | reducers:fit_transform:55 - Applying PCA to reduce from 768 to 100 dimensions
2025-07-05 17:14:25.955 | INFO     | __main__:run_dimensionality_analysis:343 -     Reduced shapes - Train: (68776, 100), Val: (54504, 100), Test: (56338, 100)
2025-07-05 17:14:25.957 | CRITICAL | eval_module:run_evaluation:76 - Start | Training knn
2025-07-05 17:14:25.957 | INFO     | eval_module:run_evaluation:77 - Train shape: X = (68776, 100), Y = (68776,)
2025-07-05 17:14:25.957 | INFO     | eval_module:run_evaluation:78 - Val shape: X = (54504, 100), Y = (54504,)
2025-07-05 17:14:25.957 | INFO     | eval_module:run_evaluation:79 - Test shape: X = (56338, 100), Y = (56338,)
2025-07-05 17:14:25.958 | INFO     | eval_module:run_evaluation:80 - Train prevalence:  0.3302605560079097
2025-07-05 17:14:25.959 | INFO     | eval_module:run_evaluation:81 - Val prevalence:  0.3278108028768531
2025-07-05 17:14:25.959 | INFO     | eval_module:run_evaluation:82 - Test prevalence:  0.3396819198409599
2025-07-05 17:14:25.967 | CRITICAL | eval_module:run_evaluation:91 - Start | Fitting knn...
2025-07-05 17:24:38.468 | INFO     | eval_module:run_evaluation:140 - Best hparams: {'algorithm': 'auto', 'leaf_size': 30, 'metric': 'cosine', 'metric_params': None, 'n_jobs': None, 'n_neighbors': 5, 'p': 2, 'weights': 'distance'}
2025-07-05 17:24:38.468 | CRITICAL | eval_module:run_evaluation:143 - Finish | Fitting knn...
2025-07-05 17:27:59.136 | INFO     | eval_module:run_evaluation:154 - Train AUROC: 0.9999761362524472
2025-07-05 17:27:59.136 | INFO     | eval_module:run_evaluation:155 - Val AUROC:   0.6489854213733838
2025-07-05 17:27:59.136 | INFO     | eval_module:run_evaluation:156 - Test AUROC:  0.644424736020335
2025-07-05 17:27:59.208 | INFO     | eval_module:run_evaluation:162 - Train AUPRC: 0.9999703456752311
2025-07-05 17:27:59.208 | INFO     | eval_module:run_evaluation:163 - Val AUPRC:   0.4755523499374851
2025-07-05 17:27:59.208 | INFO     | eval_module:run_evaluation:164 - Test AUPRC:  0.4785042032916659
2025-07-05 17:27:59.209 | INFO     | __main__:run_dimensionality_analysis:363 -     Results: AUROC=0.644, AUPRC=0.479
2025-07-05 17:27:59.209 | INFO     | __main__:run_dimensionality_analysis:368 -     Progress: 146/448 (32.6%) - ETA: 10h 29m
2025-07-05 17:27:59.209 | INFO     | __main__:run_dimensionality_analysis:329 -     Reducing to 200 dimensions... (7/8)
2025-07-05 17:27:59.209 | INFO     | reducers:fit_transform:55 - Applying PCA to reduce from 768 to 200 dimensions
2025-07-05 17:28:01.019 | INFO     | __main__:run_dimensionality_analysis:343 -     Reduced shapes - Train: (68776, 200), Val: (54504, 200), Test: (56338, 200)
2025-07-05 17:28:01.020 | CRITICAL | eval_module:run_evaluation:76 - Start | Training knn
2025-07-05 17:28:01.021 | INFO     | eval_module:run_evaluation:77 - Train shape: X = (68776, 200), Y = (68776,)
2025-07-05 17:28:01.021 | INFO     | eval_module:run_evaluation:78 - Val shape: X = (54504, 200), Y = (54504,)
2025-07-05 17:28:01.021 | INFO     | eval_module:run_evaluation:79 - Test shape: X = (56338, 200), Y = (56338,)
2025-07-05 17:28:01.021 | INFO     | eval_module:run_evaluation:80 - Train prevalence:  0.3302605560079097
2025-07-05 17:28:01.021 | INFO     | eval_module:run_evaluation:81 - Val prevalence:  0.3278108028768531
2025-07-05 17:28:01.021 | INFO     | eval_module:run_evaluation:82 - Test prevalence:  0.3396819198409599
2025-07-05 17:28:01.041 | CRITICAL | eval_module:run_evaluation:91 - Start | Fitting knn...
2025-07-05 17:41:38.886 | INFO     | eval_module:run_evaluation:140 - Best hparams: {'algorithm': 'auto', 'leaf_size': 30, 'metric': 'cosine', 'metric_params': None, 'n_jobs': None, 'n_neighbors': 5, 'p': 2, 'weights': 'distance'}
2025-07-05 17:41:38.886 | CRITICAL | eval_module:run_evaluation:143 - Finish | Fitting knn...
2025-07-05 17:45:03.201 | INFO     | eval_module:run_evaluation:154 - Train AUROC: 0.9999760999323348
2025-07-05 17:45:03.202 | INFO     | eval_module:run_evaluation:155 - Val AUROC:   0.6480202609901834
2025-07-05 17:45:03.202 | INFO     | eval_module:run_evaluation:156 - Test AUROC:  0.6506319829061408
2025-07-05 17:45:03.274 | INFO     | eval_module:run_evaluation:162 - Train AUPRC: 0.999970403789962
2025-07-05 17:45:03.274 | INFO     | eval_module:run_evaluation:163 - Val AUPRC:   0.4731174085561165
2025-07-05 17:45:03.274 | INFO     | eval_module:run_evaluation:164 - Test AUPRC:  0.47863578059497314
2025-07-05 17:45:03.275 | INFO     | __main__:run_dimensionality_analysis:363 -     Results: AUROC=0.651, AUPRC=0.479
2025-07-05 17:45:03.275 | INFO     | __main__:run_dimensionality_analysis:368 -     Progress: 147/448 (32.8%) - ETA: 10h 58m
2025-07-05 17:45:03.275 | INFO     | __main__:run_dimensionality_analysis:329 -     Reducing to 400 dimensions... (8/8)
2025-07-05 17:45:03.275 | INFO     | reducers:fit_transform:55 - Applying PCA to reduce from 768 to 400 dimensions
2025-07-05 17:45:07.254 | INFO     | __main__:run_dimensionality_analysis:343 -     Reduced shapes - Train: (68776, 400), Val: (54504, 400), Test: (56338, 400)
2025-07-05 17:45:07.256 | CRITICAL | eval_module:run_evaluation:76 - Start | Training knn
2025-07-05 17:45:07.257 | INFO     | eval_module:run_evaluation:77 - Train shape: X = (68776, 400), Y = (68776,)
2025-07-05 17:45:07.257 | INFO     | eval_module:run_evaluation:78 - Val shape: X = (54504, 400), Y = (54504,)
2025-07-05 17:45:07.257 | INFO     | eval_module:run_evaluation:79 - Test shape: X = (56338, 400), Y = (56338,)
2025-07-05 17:45:07.257 | INFO     | eval_module:run_evaluation:80 - Train prevalence:  0.3302605560079097
2025-07-05 17:45:07.258 | INFO     | eval_module:run_evaluation:81 - Val prevalence:  0.3278108028768531
2025-07-05 17:45:07.258 | INFO     | eval_module:run_evaluation:82 - Test prevalence:  0.3396819198409599
2025-07-05 17:45:07.291 | CRITICAL | eval_module:run_evaluation:91 - Start | Fitting knn...
2025-07-05 18:05:41.410 | INFO     | eval_module:run_evaluation:140 - Best hparams: {'algorithm': 'auto', 'leaf_size': 30, 'metric': 'cosine', 'metric_params': None, 'n_jobs': None, 'n_neighbors': 5, 'p': 2, 'weights': 'distance'}
2025-07-05 18:05:41.410 | CRITICAL | eval_module:run_evaluation:143 - Finish | Fitting knn...
2025-07-05 18:09:08.914 | INFO     | eval_module:run_evaluation:154 - Train AUROC: 0.9999999393071806
2025-07-05 18:09:08.915 | INFO     | eval_module:run_evaluation:155 - Val AUROC:   0.6558729034857689
2025-07-05 18:09:08.915 | INFO     | eval_module:run_evaluation:156 - Test AUROC:  0.6445212397436412
2025-07-05 18:09:08.986 | INFO     | eval_module:run_evaluation:162 - Train AUPRC: 0.9999998546844058
2025-07-05 18:09:08.986 | INFO     | eval_module:run_evaluation:163 - Val AUPRC:   0.48161060075987383
2025-07-05 18:09:08.986 | INFO     | eval_module:run_evaluation:164 - Test AUPRC:  0.4735186420609631
2025-07-05 18:09:08.987 | INFO     | __main__:run_dimensionality_analysis:363 -     Results: AUROC=0.645, AUPRC=0.474
2025-07-05 18:09:08.988 | INFO     | __main__:run_dimensionality_analysis:368 -     Progress: 148/448 (33.0%) - ETA: 11h 40m
2025-07-05 18:09:08.993 | INFO     | __main__:save_checkpoint:90 - Saved 240 results to ../EHRSHOT_ASSETS/dimensionality_analysis/dimensionality_results.csv
2025-07-05 18:09:08.993 | INFO     | __main__:save_checkpoint:112 - Checkpoint saved: 148 combinations completed
2025-07-05 18:09:08.994 | INFO     | __main__:run_dimensionality_analysis:314 - 
  Testing method 2/2: umap
2025-07-05 18:09:08.994 | INFO     | __main__:run_dimensionality_analysis:329 -     Reducing to 2 dimensions... (1/8)
2025-07-05 18:09:08.994 | INFO     | reducers:fit_transform:101 - Applying UMAP to reduce from 768 to 2 dimensions
2025-07-05 18:09:08.994 | INFO     | reducers:fit_transform:102 - Using n_neighbors: 15, n_jobs: 16
/home/pvenema/.conda/envs/EHRSHOT_ENV/lib/python3.10/site-packages/umap/umap_.py:1952: UserWarning: n_jobs value 1 overridden to 1 by setting random_state. Use no seed for parallelism.
  warn(
2025-07-05 18:11:04.587 | INFO     | __main__:run_dimensionality_analysis:343 -     Reduced shapes - Train: (68776, 2), Val: (54504, 2), Test: (56338, 2)
2025-07-05 18:11:04.589 | CRITICAL | eval_module:run_evaluation:76 - Start | Training knn
2025-07-05 18:11:04.589 | INFO     | eval_module:run_evaluation:77 - Train shape: X = (68776, 2), Y = (68776,)
2025-07-05 18:11:04.589 | INFO     | eval_module:run_evaluation:78 - Val shape: X = (54504, 2), Y = (54504,)
2025-07-05 18:11:04.590 | INFO     | eval_module:run_evaluation:79 - Test shape: X = (56338, 2), Y = (56338,)
2025-07-05 18:11:04.590 | INFO     | eval_module:run_evaluation:80 - Train prevalence:  0.3302605560079097
2025-07-05 18:11:04.590 | INFO     | eval_module:run_evaluation:81 - Val prevalence:  0.3278108028768531
2025-07-05 18:11:04.590 | INFO     | eval_module:run_evaluation:82 - Test prevalence:  0.3396819198409599
2025-07-05 18:11:04.593 | CRITICAL | eval_module:run_evaluation:91 - Start | Fitting knn...
2025-07-05 18:16:46.988 | INFO     | eval_module:run_evaluation:140 - Best hparams: {'algorithm': 'auto', 'leaf_size': 30, 'metric': 'euclidean', 'metric_params': None, 'n_jobs': None, 'n_neighbors': 5, 'p': 2, 'weights': 'uniform'}
2025-07-05 18:16:46.991 | CRITICAL | eval_module:run_evaluation:143 - Finish | Fitting knn...
2025-07-05 18:16:47.441 | INFO     | eval_module:run_evaluation:154 - Train AUROC: 0.9742978162891781
2025-07-05 18:16:47.441 | INFO     | eval_module:run_evaluation:155 - Val AUROC:   0.6110829928029249
2025-07-05 18:16:47.442 | INFO     | eval_module:run_evaluation:156 - Test AUROC:  0.5735206724389835
2025-07-05 18:16:47.510 | INFO     | eval_module:run_evaluation:162 - Train AUPRC: 0.9384010060534929
2025-07-05 18:16:47.511 | INFO     | eval_module:run_evaluation:163 - Val AUPRC:   0.4238077121924255
2025-07-05 18:16:47.511 | INFO     | eval_module:run_evaluation:164 - Test AUPRC:  0.4010432724673003
2025-07-05 18:16:47.511 | INFO     | __main__:run_dimensionality_analysis:363 -     Results: AUROC=0.574, AUPRC=0.401
2025-07-05 18:16:47.512 | INFO     | __main__:run_dimensionality_analysis:368 -     Progress: 149/448 (33.3%) - ETA: 11h 49m
2025-07-05 18:16:47.512 | INFO     | __main__:run_dimensionality_analysis:329 -     Reducing to 5 dimensions... (2/8)
2025-07-05 18:16:47.514 | INFO     | reducers:fit_transform:101 - Applying UMAP to reduce from 768 to 5 dimensions
2025-07-05 18:16:47.514 | INFO     | reducers:fit_transform:102 - Using n_neighbors: 15, n_jobs: 16
/home/pvenema/.conda/envs/EHRSHOT_ENV/lib/python3.10/site-packages/umap/umap_.py:1952: UserWarning: n_jobs value 1 overridden to 1 by setting random_state. Use no seed for parallelism.
  warn(
2025-07-05 18:18:56.865 | INFO     | __main__:run_dimensionality_analysis:343 -     Reduced shapes - Train: (68776, 5), Val: (54504, 5), Test: (56338, 5)
2025-07-05 18:18:56.867 | CRITICAL | eval_module:run_evaluation:76 - Start | Training knn
2025-07-05 18:18:56.867 | INFO     | eval_module:run_evaluation:77 - Train shape: X = (68776, 5), Y = (68776,)
2025-07-05 18:18:56.867 | INFO     | eval_module:run_evaluation:78 - Val shape: X = (54504, 5), Y = (54504,)
2025-07-05 18:18:56.867 | INFO     | eval_module:run_evaluation:79 - Test shape: X = (56338, 5), Y = (56338,)
2025-07-05 18:18:56.867 | INFO     | eval_module:run_evaluation:80 - Train prevalence:  0.3302605560079097
2025-07-05 18:18:56.867 | INFO     | eval_module:run_evaluation:81 - Val prevalence:  0.3278108028768531
2025-07-05 18:18:56.868 | INFO     | eval_module:run_evaluation:82 - Test prevalence:  0.3396819198409599
2025-07-05 18:18:56.871 | CRITICAL | eval_module:run_evaluation:91 - Start | Fitting knn...
2025-07-05 18:24:39.941 | INFO     | eval_module:run_evaluation:140 - Best hparams: {'algorithm': 'auto', 'leaf_size': 30, 'metric': 'cosine', 'metric_params': None, 'n_jobs': None, 'n_neighbors': 5, 'p': 2, 'weights': 'uniform'}
2025-07-05 18:24:39.941 | CRITICAL | eval_module:run_evaluation:143 - Finish | Fitting knn...
2025-07-05 18:28:27.962 | INFO     | eval_module:run_evaluation:154 - Train AUROC: 0.979401972966619
2025-07-05 18:28:27.962 | INFO     | eval_module:run_evaluation:155 - Val AUROC:   0.6186946711684769
2025-07-05 18:28:27.963 | INFO     | eval_module:run_evaluation:156 - Test AUROC:  0.579010033601781
2025-07-05 18:28:28.032 | INFO     | eval_module:run_evaluation:162 - Train AUPRC: 0.9504841688295436
2025-07-05 18:28:28.032 | INFO     | eval_module:run_evaluation:163 - Val AUPRC:   0.42980398749773996
2025-07-05 18:28:28.032 | INFO     | eval_module:run_evaluation:164 - Test AUPRC:  0.4055416834775655
2025-07-05 18:28:28.032 | INFO     | __main__:run_dimensionality_analysis:363 -     Results: AUROC=0.579, AUPRC=0.406
2025-07-05 18:28:28.033 | INFO     | __main__:run_dimensionality_analysis:368 -     Progress: 150/448 (33.5%) - ETA: 12h 5m
2025-07-05 18:28:28.040 | INFO     | __main__:save_checkpoint:90 - Saved 244 results to ../EHRSHOT_ASSETS/dimensionality_analysis/dimensionality_results.csv
2025-07-05 18:28:28.041 | INFO     | __main__:save_checkpoint:112 - Checkpoint saved: 150 combinations completed
2025-07-05 18:28:28.042 | INFO     | __main__:run_dimensionality_analysis:329 -     Reducing to 10 dimensions... (3/8)
2025-07-05 18:28:28.044 | INFO     | reducers:fit_transform:101 - Applying UMAP to reduce from 768 to 10 dimensions
2025-07-05 18:28:28.044 | INFO     | reducers:fit_transform:102 - Using n_neighbors: 15, n_jobs: 16
/home/pvenema/.conda/envs/EHRSHOT_ENV/lib/python3.10/site-packages/umap/umap_.py:1952: UserWarning: n_jobs value 1 overridden to 1 by setting random_state. Use no seed for parallelism.
  warn(
2025-07-05 18:30:53.443 | INFO     | __main__:run_dimensionality_analysis:343 -     Reduced shapes - Train: (68776, 10), Val: (54504, 10), Test: (56338, 10)
2025-07-05 18:30:53.445 | CRITICAL | eval_module:run_evaluation:76 - Start | Training knn
2025-07-05 18:30:53.445 | INFO     | eval_module:run_evaluation:77 - Train shape: X = (68776, 10), Y = (68776,)
2025-07-05 18:30:53.445 | INFO     | eval_module:run_evaluation:78 - Val shape: X = (54504, 10), Y = (54504,)
2025-07-05 18:30:53.445 | INFO     | eval_module:run_evaluation:79 - Test shape: X = (56338, 10), Y = (56338,)
2025-07-05 18:30:53.446 | INFO     | eval_module:run_evaluation:80 - Train prevalence:  0.3302605560079097
2025-07-05 18:30:53.446 | INFO     | eval_module:run_evaluation:81 - Val prevalence:  0.3278108028768531
2025-07-05 18:30:53.446 | INFO     | eval_module:run_evaluation:82 - Test prevalence:  0.3396819198409599
2025-07-05 18:30:53.450 | CRITICAL | eval_module:run_evaluation:91 - Start | Fitting knn...
2025-07-05 18:36:36.715 | INFO     | eval_module:run_evaluation:140 - Best hparams: {'algorithm': 'auto', 'leaf_size': 30, 'metric': 'euclidean', 'metric_params': None, 'n_jobs': None, 'n_neighbors': 5, 'p': 2, 'weights': 'uniform'}
2025-07-05 18:36:36.715 | CRITICAL | eval_module:run_evaluation:143 - Finish | Fitting knn...
2025-07-05 18:36:38.139 | INFO     | eval_module:run_evaluation:154 - Train AUROC: 0.9830576596656897
2025-07-05 18:36:38.139 | INFO     | eval_module:run_evaluation:155 - Val AUROC:   0.6174007241831152
2025-07-05 18:36:38.139 | INFO     | eval_module:run_evaluation:156 - Test AUROC:  0.5798220863944987
2025-07-05 18:36:38.208 | INFO     | eval_module:run_evaluation:162 - Train AUPRC: 0.9580568660560603
2025-07-05 18:36:38.209 | INFO     | eval_module:run_evaluation:163 - Val AUPRC:   0.4285000445314959
2025-07-05 18:36:38.209 | INFO     | eval_module:run_evaluation:164 - Test AUPRC:  0.40446404412953096
2025-07-05 18:36:38.209 | INFO     | __main__:run_dimensionality_analysis:363 -     Results: AUROC=0.580, AUPRC=0.404
2025-07-05 18:36:38.209 | INFO     | __main__:run_dimensionality_analysis:368 -     Progress: 151/448 (33.7%) - ETA: 12h 14m
2025-07-05 18:36:38.209 | INFO     | __main__:run_dimensionality_analysis:329 -     Reducing to 25 dimensions... (4/8)
2025-07-05 18:36:38.211 | INFO     | reducers:fit_transform:101 - Applying UMAP to reduce from 768 to 25 dimensions
2025-07-05 18:36:38.211 | INFO     | reducers:fit_transform:102 - Using n_neighbors: 15, n_jobs: 16
/home/pvenema/.conda/envs/EHRSHOT_ENV/lib/python3.10/site-packages/umap/umap_.py:1952: UserWarning: n_jobs value 1 overridden to 1 by setting random_state. Use no seed for parallelism.
  warn(
2025-07-05 18:39:36.895 | INFO     | __main__:run_dimensionality_analysis:343 -     Reduced shapes - Train: (68776, 25), Val: (54504, 25), Test: (56338, 25)
2025-07-05 18:39:36.897 | CRITICAL | eval_module:run_evaluation:76 - Start | Training knn
2025-07-05 18:39:36.897 | INFO     | eval_module:run_evaluation:77 - Train shape: X = (68776, 25), Y = (68776,)
2025-07-05 18:39:36.897 | INFO     | eval_module:run_evaluation:78 - Val shape: X = (54504, 25), Y = (54504,)
2025-07-05 18:39:36.898 | INFO     | eval_module:run_evaluation:79 - Test shape: X = (56338, 25), Y = (56338,)
2025-07-05 18:39:36.898 | INFO     | eval_module:run_evaluation:80 - Train prevalence:  0.3302605560079097
2025-07-05 18:39:36.898 | INFO     | eval_module:run_evaluation:81 - Val prevalence:  0.3278108028768531
2025-07-05 18:39:36.899 | INFO     | eval_module:run_evaluation:82 - Test prevalence:  0.3396819198409599
2025-07-05 18:39:36.903 | CRITICAL | eval_module:run_evaluation:91 - Start | Fitting knn...
2025-07-05 18:47:42.447 | INFO     | eval_module:run_evaluation:140 - Best hparams: {'algorithm': 'auto', 'leaf_size': 30, 'metric': 'cosine', 'metric_params': None, 'n_jobs': None, 'n_neighbors': 5, 'p': 2, 'weights': 'uniform'}
2025-07-05 18:47:42.448 | CRITICAL | eval_module:run_evaluation:143 - Finish | Fitting knn...
2025-07-05 18:51:40.982 | INFO     | eval_module:run_evaluation:154 - Train AUROC: 0.9779428210520258
2025-07-05 18:51:40.982 | INFO     | eval_module:run_evaluation:155 - Val AUROC:   0.6173852458695959
2025-07-05 18:51:40.983 | INFO     | eval_module:run_evaluation:156 - Test AUROC:  0.5782765666764764
2025-07-05 18:51:41.052 | INFO     | eval_module:run_evaluation:162 - Train AUPRC: 0.9471274706252191
2025-07-05 18:51:41.052 | INFO     | eval_module:run_evaluation:163 - Val AUPRC:   0.4280415940174045
2025-07-05 18:51:41.052 | INFO     | eval_module:run_evaluation:164 - Test AUPRC:  0.4039862513179874
2025-07-05 18:51:41.052 | INFO     | __main__:run_dimensionality_analysis:363 -     Results: AUROC=0.578, AUPRC=0.404
2025-07-05 18:51:41.052 | INFO     | __main__:run_dimensionality_analysis:368 -     Progress: 152/448 (33.9%) - ETA: 12h 36m
2025-07-05 18:51:41.053 | INFO     | __main__:run_dimensionality_analysis:329 -     Reducing to 50 dimensions... (5/8)
2025-07-05 18:51:41.055 | INFO     | reducers:fit_transform:101 - Applying UMAP to reduce from 768 to 50 dimensions
2025-07-05 18:51:41.056 | INFO     | reducers:fit_transform:102 - Using n_neighbors: 15, n_jobs: 16
/home/pvenema/.conda/envs/EHRSHOT_ENV/lib/python3.10/site-packages/umap/umap_.py:1952: UserWarning: n_jobs value 1 overridden to 1 by setting random_state. Use no seed for parallelism.
  warn(
2025-07-05 18:55:15.733 | INFO     | __main__:run_dimensionality_analysis:343 -     Reduced shapes - Train: (68776, 50), Val: (54504, 50), Test: (56338, 50)
2025-07-05 18:55:15.735 | CRITICAL | eval_module:run_evaluation:76 - Start | Training knn
2025-07-05 18:55:15.735 | INFO     | eval_module:run_evaluation:77 - Train shape: X = (68776, 50), Y = (68776,)
2025-07-05 18:55:15.735 | INFO     | eval_module:run_evaluation:78 - Val shape: X = (54504, 50), Y = (54504,)
2025-07-05 18:55:15.735 | INFO     | eval_module:run_evaluation:79 - Test shape: X = (56338, 50), Y = (56338,)
2025-07-05 18:55:15.735 | INFO     | eval_module:run_evaluation:80 - Train prevalence:  0.3302605560079097
2025-07-05 18:55:15.736 | INFO     | eval_module:run_evaluation:81 - Val prevalence:  0.3278108028768531
2025-07-05 18:55:15.736 | INFO     | eval_module:run_evaluation:82 - Test prevalence:  0.3396819198409599
2025-07-05 18:55:15.741 | CRITICAL | eval_module:run_evaluation:91 - Start | Fitting knn...
2025-07-05 19:03:59.356 | INFO     | eval_module:run_evaluation:140 - Best hparams: {'algorithm': 'auto', 'leaf_size': 30, 'metric': 'euclidean', 'metric_params': None, 'n_jobs': None, 'n_neighbors': 5, 'p': 2, 'weights': 'distance'}
2025-07-05 19:03:59.356 | CRITICAL | eval_module:run_evaluation:143 - Finish | Fitting knn...
2025-07-05 19:04:01.193 | INFO     | eval_module:run_evaluation:154 - Train AUROC: 1.0
2025-07-05 19:04:01.194 | INFO     | eval_module:run_evaluation:155 - Val AUROC:   0.6179802955172107
2025-07-05 19:04:01.194 | INFO     | eval_module:run_evaluation:156 - Test AUROC:  0.577166986313434
2025-07-05 19:04:01.266 | INFO     | eval_module:run_evaluation:162 - Train AUPRC: 1.0
2025-07-05 19:04:01.267 | INFO     | eval_module:run_evaluation:163 - Val AUPRC:   0.4333886153619463
2025-07-05 19:04:01.267 | INFO     | eval_module:run_evaluation:164 - Test AUPRC:  0.40337165366056293
2025-07-05 19:04:01.267 | INFO     | __main__:run_dimensionality_analysis:363 -     Results: AUROC=0.577, AUPRC=0.403
2025-07-05 19:04:01.267 | INFO     | __main__:run_dimensionality_analysis:368 -     Progress: 153/448 (34.2%) - ETA: 12h 52m
2025-07-05 19:04:01.267 | INFO     | __main__:run_dimensionality_analysis:329 -     Reducing to 100 dimensions... (6/8)
2025-07-05 19:04:01.270 | INFO     | reducers:fit_transform:101 - Applying UMAP to reduce from 768 to 100 dimensions
2025-07-05 19:04:01.270 | INFO     | reducers:fit_transform:102 - Using n_neighbors: 15, n_jobs: 16
/home/pvenema/.conda/envs/EHRSHOT_ENV/lib/python3.10/site-packages/umap/umap_.py:1952: UserWarning: n_jobs value 1 overridden to 1 by setting random_state. Use no seed for parallelism.
  warn(
2025-07-05 19:09:12.304 | INFO     | __main__:run_dimensionality_analysis:343 -     Reduced shapes - Train: (68776, 100), Val: (54504, 100), Test: (56338, 100)
2025-07-05 19:09:12.306 | CRITICAL | eval_module:run_evaluation:76 - Start | Training knn
2025-07-05 19:09:12.306 | INFO     | eval_module:run_evaluation:77 - Train shape: X = (68776, 100), Y = (68776,)
2025-07-05 19:09:12.306 | INFO     | eval_module:run_evaluation:78 - Val shape: X = (54504, 100), Y = (54504,)
2025-07-05 19:09:12.306 | INFO     | eval_module:run_evaluation:79 - Test shape: X = (56338, 100), Y = (56338,)
2025-07-05 19:09:12.306 | INFO     | eval_module:run_evaluation:80 - Train prevalence:  0.3302605560079097
2025-07-05 19:09:12.307 | INFO     | eval_module:run_evaluation:81 - Val prevalence:  0.3278108028768531
2025-07-05 19:09:12.307 | INFO     | eval_module:run_evaluation:82 - Test prevalence:  0.3396819198409599
2025-07-05 19:09:12.314 | CRITICAL | eval_module:run_evaluation:91 - Start | Fitting knn...
2025-07-05 19:19:36.527 | INFO     | eval_module:run_evaluation:140 - Best hparams: {'algorithm': 'auto', 'leaf_size': 30, 'metric': 'cosine', 'metric_params': None, 'n_jobs': None, 'n_neighbors': 5, 'p': 2, 'weights': 'uniform'}
2025-07-05 19:19:36.527 | CRITICAL | eval_module:run_evaluation:143 - Finish | Fitting knn...
2025-07-05 19:23:11.287 | INFO     | eval_module:run_evaluation:154 - Train AUROC: 0.9731748031919201
2025-07-05 19:23:11.288 | INFO     | eval_module:run_evaluation:155 - Val AUROC:   0.6184374129511954
2025-07-05 19:23:11.288 | INFO     | eval_module:run_evaluation:156 - Test AUROC:  0.5791254461693256
2025-07-05 19:23:11.357 | INFO     | eval_module:run_evaluation:162 - Train AUPRC: 0.937927058536455
2025-07-05 19:23:11.358 | INFO     | eval_module:run_evaluation:163 - Val AUPRC:   0.4307878667945332
2025-07-05 19:23:11.358 | INFO     | eval_module:run_evaluation:164 - Test AUPRC:  0.40367922448038807
2025-07-05 19:23:11.359 | INFO     | __main__:run_dimensionality_analysis:363 -     Results: AUROC=0.579, AUPRC=0.404
2025-07-05 19:23:11.359 | INFO     | __main__:run_dimensionality_analysis:368 -     Progress: 154/448 (34.4%) - ETA: 13h 21m
2025-07-05 19:23:11.359 | INFO     | __main__:run_dimensionality_analysis:329 -     Reducing to 200 dimensions... (7/8)
2025-07-05 19:23:11.361 | INFO     | reducers:fit_transform:101 - Applying UMAP to reduce from 768 to 200 dimensions
2025-07-05 19:23:11.361 | INFO     | reducers:fit_transform:102 - Using n_neighbors: 15, n_jobs: 16
/home/pvenema/.conda/envs/EHRSHOT_ENV/lib/python3.10/site-packages/umap/umap_.py:1952: UserWarning: n_jobs value 1 overridden to 1 by setting random_state. Use no seed for parallelism.
  warn(
2025-07-05 19:32:26.703 | INFO     | __main__:run_dimensionality_analysis:343 -     Reduced shapes - Train: (68776, 200), Val: (54504, 200), Test: (56338, 200)
2025-07-05 19:32:26.705 | CRITICAL | eval_module:run_evaluation:76 - Start | Training knn
2025-07-05 19:32:26.705 | INFO     | eval_module:run_evaluation:77 - Train shape: X = (68776, 200), Y = (68776,)
2025-07-05 19:32:26.706 | INFO     | eval_module:run_evaluation:78 - Val shape: X = (54504, 200), Y = (54504,)
2025-07-05 19:32:26.706 | INFO     | eval_module:run_evaluation:79 - Test shape: X = (56338, 200), Y = (56338,)
2025-07-05 19:32:26.706 | INFO     | eval_module:run_evaluation:80 - Train prevalence:  0.3302605560079097
2025-07-05 19:32:26.706 | INFO     | eval_module:run_evaluation:81 - Val prevalence:  0.3278108028768531
2025-07-05 19:32:26.706 | INFO     | eval_module:run_evaluation:82 - Test prevalence:  0.3396819198409599
2025-07-05 19:32:26.722 | CRITICAL | eval_module:run_evaluation:91 - Start | Fitting knn...
2025-07-05 19:46:16.972 | INFO     | eval_module:run_evaluation:140 - Best hparams: {'algorithm': 'auto', 'leaf_size': 30, 'metric': 'cosine', 'metric_params': None, 'n_jobs': None, 'n_neighbors': 5, 'p': 2, 'weights': 'uniform'}
2025-07-05 19:46:16.972 | CRITICAL | eval_module:run_evaluation:143 - Finish | Fitting knn...
2025-07-05 19:49:59.802 | INFO     | eval_module:run_evaluation:154 - Train AUROC: 0.969096759941265
2025-07-05 19:49:59.802 | INFO     | eval_module:run_evaluation:155 - Val AUROC:   0.6195759512220718
2025-07-05 19:49:59.803 | INFO     | eval_module:run_evaluation:156 - Test AUROC:  0.5805714091333282
2025-07-05 19:49:59.872 | INFO     | eval_module:run_evaluation:162 - Train AUPRC: 0.9299721630572718
2025-07-05 19:49:59.873 | INFO     | eval_module:run_evaluation:163 - Val AUPRC:   0.43224232174942645
2025-07-05 19:49:59.873 | INFO     | eval_module:run_evaluation:164 - Test AUPRC:  0.40560717628329257
2025-07-05 19:49:59.874 | INFO     | __main__:run_dimensionality_analysis:363 -     Results: AUROC=0.581, AUPRC=0.406
2025-07-05 19:49:59.874 | INFO     | __main__:run_dimensionality_analysis:368 -     Progress: 155/448 (34.6%) - ETA: 14h 4m
2025-07-05 19:49:59.879 | INFO     | __main__:save_checkpoint:90 - Saved 254 results to ../EHRSHOT_ASSETS/dimensionality_analysis/dimensionality_results.csv
2025-07-05 19:49:59.880 | INFO     | __main__:save_checkpoint:112 - Checkpoint saved: 155 combinations completed
2025-07-05 19:49:59.880 | INFO     | __main__:run_dimensionality_analysis:329 -     Reducing to 400 dimensions... (8/8)
2025-07-05 19:49:59.882 | INFO     | reducers:fit_transform:101 - Applying UMAP to reduce from 768 to 400 dimensions
2025-07-05 19:49:59.882 | INFO     | reducers:fit_transform:102 - Using n_neighbors: 15, n_jobs: 16
/home/pvenema/.conda/envs/EHRSHOT_ENV/lib/python3.10/site-packages/umap/umap_.py:1952: UserWarning: n_jobs value 1 overridden to 1 by setting random_state. Use no seed for parallelism.
  warn(
2025-07-05 20:08:47.906 | INFO     | __main__:run_dimensionality_analysis:343 -     Reduced shapes - Train: (68776, 400), Val: (54504, 400), Test: (56338, 400)
2025-07-05 20:08:47.909 | CRITICAL | eval_module:run_evaluation:76 - Start | Training knn
2025-07-05 20:08:47.909 | INFO     | eval_module:run_evaluation:77 - Train shape: X = (68776, 400), Y = (68776,)
2025-07-05 20:08:47.909 | INFO     | eval_module:run_evaluation:78 - Val shape: X = (54504, 400), Y = (54504,)
2025-07-05 20:08:47.909 | INFO     | eval_module:run_evaluation:79 - Test shape: X = (56338, 400), Y = (56338,)
2025-07-05 20:08:47.910 | INFO     | eval_module:run_evaluation:80 - Train prevalence:  0.3302605560079097
2025-07-05 20:08:47.910 | INFO     | eval_module:run_evaluation:81 - Val prevalence:  0.3278108028768531
2025-07-05 20:08:47.910 | INFO     | eval_module:run_evaluation:82 - Test prevalence:  0.3396819198409599
2025-07-05 20:08:47.937 | CRITICAL | eval_module:run_evaluation:91 - Start | Fitting knn...
2025-07-05 20:29:37.115 | INFO     | eval_module:run_evaluation:140 - Best hparams: {'algorithm': 'auto', 'leaf_size': 30, 'metric': 'cosine', 'metric_params': None, 'n_jobs': None, 'n_neighbors': 5, 'p': 2, 'weights': 'uniform'}
2025-07-05 20:29:37.115 | CRITICAL | eval_module:run_evaluation:143 - Finish | Fitting knn...
2025-07-05 20:33:29.164 | INFO     | eval_module:run_evaluation:154 - Train AUROC: 0.9546024458414841
2025-07-05 20:33:29.164 | INFO     | eval_module:run_evaluation:155 - Val AUROC:   0.6170777518783538
2025-07-05 20:33:29.164 | INFO     | eval_module:run_evaluation:156 - Test AUROC:  0.576932232341489
2025-07-05 20:33:29.234 | INFO     | eval_module:run_evaluation:162 - Train AUPRC: 0.9005003254130377
2025-07-05 20:33:29.234 | INFO     | eval_module:run_evaluation:163 - Val AUPRC:   0.4301239361354791
2025-07-05 20:33:29.234 | INFO     | eval_module:run_evaluation:164 - Test AUPRC:  0.4032106478356128
2025-07-05 20:33:29.235 | INFO     | __main__:run_dimensionality_analysis:363 -     Results: AUROC=0.577, AUPRC=0.403
2025-07-05 20:33:29.236 | INFO     | __main__:run_dimensionality_analysis:368 -     Progress: 156/448 (34.8%) - ETA: 15h 17m
2025-07-05 20:33:29.241 | INFO     | __main__:save_checkpoint:90 - Saved 256 results to ../EHRSHOT_ASSETS/dimensionality_analysis/dimensionality_results.csv
2025-07-05 20:33:29.241 | INFO     | __main__:save_checkpoint:112 - Checkpoint saved: 156 combinations completed
2025-07-05 20:33:29.243 | INFO     | __main__:save_checkpoint:90 - Saved 256 results to ../EHRSHOT_ASSETS/dimensionality_analysis/dimensionality_results.csv
2025-07-05 20:33:29.244 | INFO     | __main__:save_checkpoint:112 - Checkpoint saved: 156 combinations completed
2025-07-05 20:33:29.244 | INFO     | __main__:run_dimensionality_analysis:397 - ✅ Task lab_thrombocytopenia completed!
2025-07-05 20:33:29.244 | INFO     | __main__:run_dimensionality_analysis:237 - 
==================================================
2025-07-05 20:33:29.244 | INFO     | __main__:run_dimensionality_analysis:238 - Processing task 5/14: lab_hyperkalemia
2025-07-05 20:33:29.244 | INFO     | __main__:run_dimensionality_analysis:239 - ==================================================
2025-07-05 20:33:30.151 | INFO     | __main__:run_dimensionality_analysis:245 - Loaded labeled patients for lab_hyperkalemia
2025-07-05 20:39:23.830 | INFO     | __main__:run_dimensionality_analysis:262 - 
Processing model 1/2: clmbr
2025-07-05 20:39:23.903 | INFO     | __main__:run_dimensionality_analysis:281 - Data shapes - Train: (76349, 768), Val: (60168, 768), Test: (63653, 768)
2025-07-05 20:39:23.904 | INFO     | __main__:run_dimensionality_analysis:282 - Label distribution - Train: 0.024, Val: 0.023, Test: 0.024
2025-07-05 20:39:23.904 | INFO     | __main__:run_dimensionality_analysis:311 -   🚫 Skipping baseline evaluation (--skip-baseline enabled)
2025-07-05 20:39:23.905 | INFO     | __main__:run_dimensionality_analysis:314 - 
  Testing method 1/2: pca
2025-07-05 20:39:23.905 | INFO     | __main__:run_dimensionality_analysis:329 -     Reducing to 2 dimensions... (1/8)
2025-07-05 20:39:23.907 | INFO     | reducers:fit_transform:55 - Applying PCA to reduce from 768 to 2 dimensions
2025-07-05 20:39:25.450 | INFO     | __main__:run_dimensionality_analysis:343 -     Reduced shapes - Train: (76349, 2), Val: (60168, 2), Test: (63653, 2)
2025-07-05 20:39:25.465 | CRITICAL | eval_module:run_evaluation:76 - Start | Training knn
2025-07-05 20:39:25.465 | INFO     | eval_module:run_evaluation:77 - Train shape: X = (76349, 2), Y = (76349,)
2025-07-05 20:39:25.465 | INFO     | eval_module:run_evaluation:78 - Val shape: X = (60168, 2), Y = (60168,)
2025-07-05 20:39:25.466 | INFO     | eval_module:run_evaluation:79 - Test shape: X = (63653, 2), Y = (63653,)
2025-07-05 20:39:25.466 | INFO     | eval_module:run_evaluation:80 - Train prevalence:  0.023955782001074014
2025-07-05 20:39:25.466 | INFO     | eval_module:run_evaluation:81 - Val prevalence:  0.023035500598324692
2025-07-05 20:39:25.466 | INFO     | eval_module:run_evaluation:82 - Test prevalence:  0.024413617582831917
2025-07-05 20:39:25.470 | CRITICAL | eval_module:run_evaluation:91 - Start | Fitting knn...
2025-07-05 20:46:47.911 | INFO     | eval_module:run_evaluation:140 - Best hparams: {'algorithm': 'auto', 'leaf_size': 30, 'metric': 'cosine', 'metric_params': None, 'n_jobs': None, 'n_neighbors': 5, 'p': 2, 'weights': 'uniform'}
2025-07-05 20:46:47.911 | CRITICAL | eval_module:run_evaluation:143 - Finish | Fitting knn...
2025-07-05 20:51:24.703 | INFO     | eval_module:run_evaluation:154 - Train AUROC: 0.9553235293081846
2025-07-05 20:51:24.704 | INFO     | eval_module:run_evaluation:155 - Val AUROC:   0.504363789348989
2025-07-05 20:51:24.704 | INFO     | eval_module:run_evaluation:156 - Test AUROC:  0.5072386698177773
2025-07-05 20:51:24.894 | INFO     | eval_module:run_evaluation:162 - Train AUPRC: 0.2319780334099087
2025-07-05 20:51:24.894 | INFO     | eval_module:run_evaluation:163 - Val AUPRC:   0.023218987425915348
2025-07-05 20:51:24.894 | INFO     | eval_module:run_evaluation:164 - Test AUPRC:  0.025006102149533256
2025-07-05 20:51:24.895 | INFO     | __main__:run_dimensionality_analysis:363 -     Results: AUROC=0.507, AUPRC=0.025
2025-07-05 20:51:24.895 | INFO     | __main__:run_dimensionality_analysis:368 -     Progress: 157/448 (35.0%) - ETA: 15h 41m
2025-07-05 20:51:24.895 | INFO     | __main__:run_dimensionality_analysis:329 -     Reducing to 5 dimensions... (2/8)
2025-07-05 20:51:24.896 | INFO     | reducers:fit_transform:55 - Applying PCA to reduce from 768 to 5 dimensions
2025-07-05 20:51:26.454 | INFO     | __main__:run_dimensionality_analysis:343 -     Reduced shapes - Train: (76349, 5), Val: (60168, 5), Test: (63653, 5)
2025-07-05 20:51:26.469 | CRITICAL | eval_module:run_evaluation:76 - Start | Training knn
2025-07-05 20:51:26.469 | INFO     | eval_module:run_evaluation:77 - Train shape: X = (76349, 5), Y = (76349,)
2025-07-05 20:51:26.469 | INFO     | eval_module:run_evaluation:78 - Val shape: X = (60168, 5), Y = (60168,)
2025-07-05 20:51:26.469 | INFO     | eval_module:run_evaluation:79 - Test shape: X = (63653, 5), Y = (63653,)
2025-07-05 20:51:26.470 | INFO     | eval_module:run_evaluation:80 - Train prevalence:  0.023955782001074014
2025-07-05 20:51:26.470 | INFO     | eval_module:run_evaluation:81 - Val prevalence:  0.023035500598324692
2025-07-05 20:51:26.470 | INFO     | eval_module:run_evaluation:82 - Test prevalence:  0.024413617582831917
2025-07-05 20:51:26.474 | CRITICAL | eval_module:run_evaluation:91 - Start | Fitting knn...
2025-07-05 20:58:54.069 | INFO     | eval_module:run_evaluation:140 - Best hparams: {'algorithm': 'auto', 'leaf_size': 30, 'metric': 'cosine', 'metric_params': None, 'n_jobs': None, 'n_neighbors': 5, 'p': 2, 'weights': 'uniform'}
2025-07-05 20:58:54.070 | CRITICAL | eval_module:run_evaluation:143 - Finish | Fitting knn...
2025-07-05 21:03:34.229 | INFO     | eval_module:run_evaluation:154 - Train AUROC: 0.9592000210129227
2025-07-05 21:03:34.230 | INFO     | eval_module:run_evaluation:155 - Val AUROC:   0.5317334629879287
2025-07-05 21:03:34.230 | INFO     | eval_module:run_evaluation:156 - Test AUROC:  0.5241126475445869
2025-07-05 21:03:34.421 | INFO     | eval_module:run_evaluation:162 - Train AUPRC: 0.24940517120774555
2025-07-05 21:03:34.421 | INFO     | eval_module:run_evaluation:163 - Val AUPRC:   0.025200055906690968
2025-07-05 21:03:34.421 | INFO     | eval_module:run_evaluation:164 - Test AUPRC:  0.026546088554015957
2025-07-05 21:03:34.421 | INFO     | __main__:run_dimensionality_analysis:363 -     Results: AUROC=0.524, AUPRC=0.027
2025-07-05 21:03:34.422 | INFO     | __main__:run_dimensionality_analysis:368 -     Progress: 158/448 (35.3%) - ETA: 15h 54m
2025-07-05 21:03:34.422 | INFO     | __main__:run_dimensionality_analysis:329 -     Reducing to 10 dimensions... (3/8)
2025-07-05 21:03:34.422 | INFO     | reducers:fit_transform:55 - Applying PCA to reduce from 768 to 10 dimensions
2025-07-05 21:03:36.145 | INFO     | __main__:run_dimensionality_analysis:343 -     Reduced shapes - Train: (76349, 10), Val: (60168, 10), Test: (63653, 10)
2025-07-05 21:03:36.160 | CRITICAL | eval_module:run_evaluation:76 - Start | Training knn
2025-07-05 21:03:36.160 | INFO     | eval_module:run_evaluation:77 - Train shape: X = (76349, 10), Y = (76349,)
2025-07-05 21:03:36.160 | INFO     | eval_module:run_evaluation:78 - Val shape: X = (60168, 10), Y = (60168,)
2025-07-05 21:03:36.160 | INFO     | eval_module:run_evaluation:79 - Test shape: X = (63653, 10), Y = (63653,)
2025-07-05 21:03:36.160 | INFO     | eval_module:run_evaluation:80 - Train prevalence:  0.023955782001074014
2025-07-05 21:03:36.161 | INFO     | eval_module:run_evaluation:81 - Val prevalence:  0.023035500598324692
2025-07-05 21:03:36.161 | INFO     | eval_module:run_evaluation:82 - Test prevalence:  0.024413617582831917
2025-07-05 21:03:36.166 | CRITICAL | eval_module:run_evaluation:91 - Start | Fitting knn...
2025-07-05 21:11:38.134 | INFO     | eval_module:run_evaluation:140 - Best hparams: {'algorithm': 'auto', 'leaf_size': 30, 'metric': 'cosine', 'metric_params': None, 'n_jobs': None, 'n_neighbors': 5, 'p': 2, 'weights': 'uniform'}
2025-07-05 21:11:38.135 | CRITICAL | eval_module:run_evaluation:143 - Finish | Fitting knn...
2025-07-05 21:16:15.674 | INFO     | eval_module:run_evaluation:154 - Train AUROC: 0.9683836000008217
2025-07-05 21:16:15.675 | INFO     | eval_module:run_evaluation:155 - Val AUROC:   0.558313072347981
2025-07-05 21:16:15.675 | INFO     | eval_module:run_evaluation:156 - Test AUROC:  0.5456551318199655
2025-07-05 21:16:15.865 | INFO     | eval_module:run_evaluation:162 - Train AUPRC: 0.3228627226390173
2025-07-05 21:16:15.865 | INFO     | eval_module:run_evaluation:163 - Val AUPRC:   0.029718269141370813
2025-07-05 21:16:15.865 | INFO     | eval_module:run_evaluation:164 - Test AUPRC:  0.030373503454500492
2025-07-05 21:16:15.865 | INFO     | __main__:run_dimensionality_analysis:363 -     Results: AUROC=0.546, AUPRC=0.030
2025-07-05 21:16:15.866 | INFO     | __main__:run_dimensionality_analysis:368 -     Progress: 159/448 (35.5%) - ETA: 16h 8m
2025-07-05 21:16:15.866 | INFO     | __main__:run_dimensionality_analysis:329 -     Reducing to 25 dimensions... (4/8)
2025-07-05 21:16:15.866 | INFO     | reducers:fit_transform:55 - Applying PCA to reduce from 768 to 25 dimensions
2025-07-05 21:16:17.745 | INFO     | __main__:run_dimensionality_analysis:343 -     Reduced shapes - Train: (76349, 25), Val: (60168, 25), Test: (63653, 25)
2025-07-05 21:16:17.760 | CRITICAL | eval_module:run_evaluation:76 - Start | Training knn
2025-07-05 21:16:17.761 | INFO     | eval_module:run_evaluation:77 - Train shape: X = (76349, 25), Y = (76349,)
2025-07-05 21:16:17.761 | INFO     | eval_module:run_evaluation:78 - Val shape: X = (60168, 25), Y = (60168,)
2025-07-05 21:16:17.761 | INFO     | eval_module:run_evaluation:79 - Test shape: X = (63653, 25), Y = (63653,)
2025-07-05 21:16:17.761 | INFO     | eval_module:run_evaluation:80 - Train prevalence:  0.023955782001074014
2025-07-05 21:16:17.761 | INFO     | eval_module:run_evaluation:81 - Val prevalence:  0.023035500598324692
2025-07-05 21:16:17.762 | INFO     | eval_module:run_evaluation:82 - Test prevalence:  0.024413617582831917
2025-07-05 21:16:17.768 | CRITICAL | eval_module:run_evaluation:91 - Start | Fitting knn...
2025-07-05 21:26:36.052 | INFO     | eval_module:run_evaluation:140 - Best hparams: {'algorithm': 'auto', 'leaf_size': 30, 'metric': 'euclidean', 'metric_params': None, 'n_jobs': None, 'n_neighbors': 5, 'p': 2, 'weights': 'distance'}
2025-07-05 21:26:36.052 | CRITICAL | eval_module:run_evaluation:143 - Finish | Fitting knn...
2025-07-05 21:26:37.829 | INFO     | eval_module:run_evaluation:154 - Train AUROC: 0.9980515063125344
2025-07-05 21:26:37.829 | INFO     | eval_module:run_evaluation:155 - Val AUROC:   0.553015119872321
2025-07-05 21:26:37.830 | INFO     | eval_module:run_evaluation:156 - Test AUROC:  0.5696700247578683
2025-07-05 21:26:38.020 | INFO     | eval_module:run_evaluation:162 - Train AUPRC: 0.9962417183964735
2025-07-05 21:26:38.020 | INFO     | eval_module:run_evaluation:163 - Val AUPRC:   0.035398964534212325
2025-07-05 21:26:38.020 | INFO     | eval_module:run_evaluation:164 - Test AUPRC:  0.03968530801524758
2025-07-05 21:26:38.020 | INFO     | __main__:run_dimensionality_analysis:363 -     Results: AUROC=0.570, AUPRC=0.040
2025-07-05 21:26:38.021 | INFO     | __main__:run_dimensionality_analysis:368 -     Progress: 160/448 (35.7%) - ETA: 16h 17m
2025-07-05 21:26:38.025 | INFO     | __main__:save_checkpoint:90 - Saved 264 results to ../EHRSHOT_ASSETS/dimensionality_analysis/dimensionality_results.csv
2025-07-05 21:26:38.026 | INFO     | __main__:save_checkpoint:112 - Checkpoint saved: 160 combinations completed
2025-07-05 21:26:38.026 | INFO     | __main__:run_dimensionality_analysis:329 -     Reducing to 50 dimensions... (5/8)
2025-07-05 21:26:38.026 | INFO     | reducers:fit_transform:55 - Applying PCA to reduce from 768 to 50 dimensions
2025-07-05 21:26:40.175 | INFO     | __main__:run_dimensionality_analysis:343 -     Reduced shapes - Train: (76349, 50), Val: (60168, 50), Test: (63653, 50)
2025-07-05 21:26:40.190 | CRITICAL | eval_module:run_evaluation:76 - Start | Training knn
2025-07-05 21:26:40.191 | INFO     | eval_module:run_evaluation:77 - Train shape: X = (76349, 50), Y = (76349,)
2025-07-05 21:26:40.191 | INFO     | eval_module:run_evaluation:78 - Val shape: X = (60168, 50), Y = (60168,)
2025-07-05 21:26:40.192 | INFO     | eval_module:run_evaluation:79 - Test shape: X = (63653, 50), Y = (63653,)
2025-07-05 21:26:40.192 | INFO     | eval_module:run_evaluation:80 - Train prevalence:  0.023955782001074014
2025-07-05 21:26:40.192 | INFO     | eval_module:run_evaluation:81 - Val prevalence:  0.023035500598324692
2025-07-05 21:26:40.192 | INFO     | eval_module:run_evaluation:82 - Test prevalence:  0.024413617582831917
2025-07-05 21:26:40.201 | CRITICAL | eval_module:run_evaluation:91 - Start | Fitting knn...
2025-07-05 21:38:13.745 | INFO     | eval_module:run_evaluation:140 - Best hparams: {'algorithm': 'auto', 'leaf_size': 30, 'metric': 'cosine', 'metric_params': None, 'n_jobs': None, 'n_neighbors': 5, 'p': 2, 'weights': 'distance'}
2025-07-05 21:38:13.745 | CRITICAL | eval_module:run_evaluation:143 - Finish | Fitting knn...
2025-07-05 21:42:46.963 | INFO     | eval_module:run_evaluation:154 - Train AUROC: 0.9999966543670635
2025-07-05 21:42:46.963 | INFO     | eval_module:run_evaluation:155 - Val AUROC:   0.5678494334460448
2025-07-05 21:42:46.963 | INFO     | eval_module:run_evaluation:156 - Test AUROC:  0.5698415655178244
2025-07-05 21:42:47.154 | INFO     | eval_module:run_evaluation:162 - Train AUPRC: 0.9997693899365925
2025-07-05 21:42:47.154 | INFO     | eval_module:run_evaluation:163 - Val AUPRC:   0.039459041453804064
2025-07-05 21:42:47.154 | INFO     | eval_module:run_evaluation:164 - Test AUPRC:  0.04023165711868855
2025-07-05 21:42:47.154 | INFO     | __main__:run_dimensionality_analysis:363 -     Results: AUROC=0.570, AUPRC=0.040
2025-07-05 21:42:47.154 | INFO     | __main__:run_dimensionality_analysis:368 -     Progress: 161/448 (35.9%) - ETA: 16h 37m
2025-07-05 21:42:47.154 | INFO     | __main__:run_dimensionality_analysis:329 -     Reducing to 100 dimensions... (6/8)
2025-07-05 21:42:47.155 | INFO     | reducers:fit_transform:55 - Applying PCA to reduce from 768 to 100 dimensions
2025-07-05 21:42:49.869 | INFO     | __main__:run_dimensionality_analysis:343 -     Reduced shapes - Train: (76349, 100), Val: (60168, 100), Test: (63653, 100)
2025-07-05 21:42:49.884 | CRITICAL | eval_module:run_evaluation:76 - Start | Training knn
2025-07-05 21:42:49.884 | INFO     | eval_module:run_evaluation:77 - Train shape: X = (76349, 100), Y = (76349,)
2025-07-05 21:42:49.884 | INFO     | eval_module:run_evaluation:78 - Val shape: X = (60168, 100), Y = (60168,)
2025-07-05 21:42:49.884 | INFO     | eval_module:run_evaluation:79 - Test shape: X = (63653, 100), Y = (63653,)
2025-07-05 21:42:49.885 | INFO     | eval_module:run_evaluation:80 - Train prevalence:  0.023955782001074014
2025-07-05 21:42:49.885 | INFO     | eval_module:run_evaluation:81 - Val prevalence:  0.023035500598324692
2025-07-05 21:42:49.885 | INFO     | eval_module:run_evaluation:82 - Test prevalence:  0.024413617582831917
2025-07-05 21:42:49.896 | CRITICAL | eval_module:run_evaluation:91 - Start | Fitting knn...
2025-07-05 21:57:10.647 | INFO     | eval_module:run_evaluation:140 - Best hparams: {'algorithm': 'auto', 'leaf_size': 30, 'metric': 'euclidean', 'metric_params': None, 'n_jobs': None, 'n_neighbors': 5, 'p': 2, 'weights': 'distance'}
2025-07-05 21:57:10.648 | CRITICAL | eval_module:run_evaluation:143 - Finish | Fitting knn...
2025-07-05 21:57:13.623 | INFO     | eval_module:run_evaluation:154 - Train AUROC: 0.9980310656691984
2025-07-05 21:57:13.624 | INFO     | eval_module:run_evaluation:155 - Val AUROC:   0.5683421128072552
2025-07-05 21:57:13.624 | INFO     | eval_module:run_evaluation:156 - Test AUROC:  0.5622811816470331
2025-07-05 21:57:13.814 | INFO     | eval_module:run_evaluation:162 - Train AUPRC: 0.9962435031166402
2025-07-05 21:57:13.815 | INFO     | eval_module:run_evaluation:163 - Val AUPRC:   0.04157890716597685
2025-07-05 21:57:13.815 | INFO     | eval_module:run_evaluation:164 - Test AUPRC:  0.04017497549985227
2025-07-05 21:57:13.817 | INFO     | __main__:run_dimensionality_analysis:363 -     Results: AUROC=0.562, AUPRC=0.040
2025-07-05 21:57:13.817 | INFO     | __main__:run_dimensionality_analysis:368 -     Progress: 162/448 (36.2%) - ETA: 16h 52m
2025-07-05 21:57:13.817 | INFO     | __main__:run_dimensionality_analysis:329 -     Reducing to 200 dimensions... (7/8)
2025-07-05 21:57:13.817 | INFO     | reducers:fit_transform:55 - Applying PCA to reduce from 768 to 200 dimensions
2025-07-05 21:57:18.041 | INFO     | __main__:run_dimensionality_analysis:343 -     Reduced shapes - Train: (76349, 200), Val: (60168, 200), Test: (63653, 200)
2025-07-05 21:57:18.056 | CRITICAL | eval_module:run_evaluation:76 - Start | Training knn
2025-07-05 21:57:18.056 | INFO     | eval_module:run_evaluation:77 - Train shape: X = (76349, 200), Y = (76349,)
2025-07-05 21:57:18.056 | INFO     | eval_module:run_evaluation:78 - Val shape: X = (60168, 200), Y = (60168,)
2025-07-05 21:57:18.056 | INFO     | eval_module:run_evaluation:79 - Test shape: X = (63653, 200), Y = (63653,)
2025-07-05 21:57:18.056 | INFO     | eval_module:run_evaluation:80 - Train prevalence:  0.023955782001074014
2025-07-05 21:57:18.057 | INFO     | eval_module:run_evaluation:81 - Val prevalence:  0.023035500598324692
2025-07-05 21:57:18.057 | INFO     | eval_module:run_evaluation:82 - Test prevalence:  0.024413617582831917
2025-07-05 21:57:18.077 | CRITICAL | eval_module:run_evaluation:91 - Start | Fitting knn...
2025-07-05 22:16:53.207 | INFO     | eval_module:run_evaluation:140 - Best hparams: {'algorithm': 'auto', 'leaf_size': 30, 'metric': 'cosine', 'metric_params': None, 'n_jobs': None, 'n_neighbors': 5, 'p': 2, 'weights': 'distance'}
2025-07-05 22:16:53.207 | CRITICAL | eval_module:run_evaluation:143 - Finish | Fitting knn...
2025-07-05 22:21:31.757 | INFO     | eval_module:run_evaluation:154 - Train AUROC: 0.9980247229067563
2025-07-05 22:21:31.758 | INFO     | eval_module:run_evaluation:155 - Val AUROC:   0.568726411178182
2025-07-05 22:21:31.758 | INFO     | eval_module:run_evaluation:156 - Test AUROC:  0.5658735999723777
2025-07-05 22:21:31.949 | INFO     | eval_module:run_evaluation:162 - Train AUPRC: 0.9962435031166402
2025-07-05 22:21:31.949 | INFO     | eval_module:run_evaluation:163 - Val AUPRC:   0.03739681070633073
2025-07-05 22:21:31.949 | INFO     | eval_module:run_evaluation:164 - Test AUPRC:  0.03837891466328535
2025-07-05 22:21:31.950 | INFO     | __main__:run_dimensionality_analysis:363 -     Results: AUROC=0.566, AUPRC=0.038
2025-07-05 22:21:31.950 | INFO     | __main__:run_dimensionality_analysis:368 -     Progress: 163/448 (36.4%) - ETA: 17h 25m
2025-07-05 22:21:31.951 | INFO     | __main__:run_dimensionality_analysis:329 -     Reducing to 400 dimensions... (8/8)
2025-07-05 22:21:31.951 | INFO     | reducers:fit_transform:55 - Applying PCA to reduce from 768 to 400 dimensions
2025-07-05 22:21:40.413 | INFO     | __main__:run_dimensionality_analysis:343 -     Reduced shapes - Train: (76349, 400), Val: (60168, 400), Test: (63653, 400)
2025-07-05 22:21:40.428 | CRITICAL | eval_module:run_evaluation:76 - Start | Training knn
2025-07-05 22:21:40.428 | INFO     | eval_module:run_evaluation:77 - Train shape: X = (76349, 400), Y = (76349,)
2025-07-05 22:21:40.428 | INFO     | eval_module:run_evaluation:78 - Val shape: X = (60168, 400), Y = (60168,)
2025-07-05 22:21:40.429 | INFO     | eval_module:run_evaluation:79 - Test shape: X = (63653, 400), Y = (63653,)
2025-07-05 22:21:40.429 | INFO     | eval_module:run_evaluation:80 - Train prevalence:  0.023955782001074014
2025-07-05 22:21:40.429 | INFO     | eval_module:run_evaluation:81 - Val prevalence:  0.023035500598324692
2025-07-05 22:21:40.429 | INFO     | eval_module:run_evaluation:82 - Test prevalence:  0.024413617582831917
2025-07-05 22:21:40.455 | CRITICAL | eval_module:run_evaluation:91 - Start | Fitting knn...
2025-07-05 22:51:57.513 | INFO     | eval_module:run_evaluation:140 - Best hparams: {'algorithm': 'auto', 'leaf_size': 30, 'metric': 'cosine', 'metric_params': None, 'n_jobs': None, 'n_neighbors': 5, 'p': 2, 'weights': 'distance'}
2025-07-05 22:51:57.514 | CRITICAL | eval_module:run_evaluation:143 - Finish | Fitting knn...
2025-07-05 22:56:44.009 | INFO     | eval_module:run_evaluation:154 - Train AUROC: 0.9980286775035826
2025-07-05 22:56:44.009 | INFO     | eval_module:run_evaluation:155 - Val AUROC:   0.5598156465131049
2025-07-05 22:56:44.010 | INFO     | eval_module:run_evaluation:156 - Test AUROC:  0.5606046385889861
2025-07-05 22:56:44.200 | INFO     | eval_module:run_evaluation:162 - Train AUPRC: 0.996239640779124
2025-07-05 22:56:44.200 | INFO     | eval_module:run_evaluation:163 - Val AUPRC:   0.0355950411010441
2025-07-05 22:56:44.201 | INFO     | eval_module:run_evaluation:164 - Test AUPRC:  0.03926258070902428
2025-07-05 22:56:44.202 | INFO     | __main__:run_dimensionality_analysis:363 -     Results: AUROC=0.561, AUPRC=0.039
2025-07-05 22:56:44.202 | INFO     | __main__:run_dimensionality_analysis:368 -     Progress: 164/448 (36.6%) - ETA: 18h 16m
2025-07-05 22:56:44.207 | INFO     | __main__:save_checkpoint:90 - Saved 272 results to ../EHRSHOT_ASSETS/dimensionality_analysis/dimensionality_results.csv
2025-07-05 22:56:44.208 | INFO     | __main__:save_checkpoint:112 - Checkpoint saved: 164 combinations completed
2025-07-05 22:56:44.208 | INFO     | __main__:run_dimensionality_analysis:314 - 
  Testing method 2/2: umap
2025-07-05 22:56:44.208 | INFO     | __main__:run_dimensionality_analysis:329 -     Reducing to 2 dimensions... (1/8)
2025-07-05 22:56:44.208 | INFO     | reducers:fit_transform:101 - Applying UMAP to reduce from 768 to 2 dimensions
2025-07-05 22:56:44.208 | INFO     | reducers:fit_transform:102 - Using n_neighbors: 15, n_jobs: 16
/home/pvenema/.conda/envs/EHRSHOT_ENV/lib/python3.10/site-packages/umap/umap_.py:1952: UserWarning: n_jobs value 1 overridden to 1 by setting random_state. Use no seed for parallelism.
  warn(
/home/pvenema/.conda/envs/EHRSHOT_ENV/lib/python3.10/site-packages/scipy/sparse/_index.py:146: SparseEfficiencyWarning: Changing the sparsity structure of a csr_matrix is expensive. lil_matrix is more efficient.
  self._set_arrayXarray(i, j, x)
2025-07-05 22:58:35.964 | INFO     | __main__:run_dimensionality_analysis:343 -     Reduced shapes - Train: (76349, 2), Val: (60168, 2), Test: (63653, 2)
2025-07-05 22:58:35.979 | CRITICAL | eval_module:run_evaluation:76 - Start | Training knn
2025-07-05 22:58:35.980 | INFO     | eval_module:run_evaluation:77 - Train shape: X = (76349, 2), Y = (76349,)
2025-07-05 22:58:35.980 | INFO     | eval_module:run_evaluation:78 - Val shape: X = (60168, 2), Y = (60168,)
2025-07-05 22:58:35.980 | INFO     | eval_module:run_evaluation:79 - Test shape: X = (63653, 2), Y = (63653,)
2025-07-05 22:58:35.980 | INFO     | eval_module:run_evaluation:80 - Train prevalence:  0.023955782001074014
2025-07-05 22:58:35.981 | INFO     | eval_module:run_evaluation:81 - Val prevalence:  0.023035500598324692
2025-07-05 22:58:35.981 | INFO     | eval_module:run_evaluation:82 - Test prevalence:  0.024413617582831917
2025-07-05 22:58:35.984 | CRITICAL | eval_module:run_evaluation:91 - Start | Fitting knn...
2025-07-05 23:05:30.265 | INFO     | eval_module:run_evaluation:140 - Best hparams: {'algorithm': 'auto', 'leaf_size': 30, 'metric': 'euclidean', 'metric_params': None, 'n_jobs': None, 'n_neighbors': 5, 'p': 2, 'weights': 'uniform'}
2025-07-05 23:05:30.265 | CRITICAL | eval_module:run_evaluation:143 - Finish | Fitting knn...
2025-07-05 23:05:30.994 | INFO     | eval_module:run_evaluation:154 - Train AUROC: 0.9637746237850436
2025-07-05 23:05:30.994 | INFO     | eval_module:run_evaluation:155 - Val AUROC:   0.5254799166710976
2025-07-05 23:05:30.994 | INFO     | eval_module:run_evaluation:156 - Test AUROC:  0.528251780800131
2025-07-05 23:05:31.183 | INFO     | eval_module:run_evaluation:162 - Train AUPRC: 0.28351486179572477
2025-07-05 23:05:31.183 | INFO     | eval_module:run_evaluation:163 - Val AUPRC:   0.024842458868582162
2025-07-05 23:05:31.184 | INFO     | eval_module:run_evaluation:164 - Test AUPRC:  0.027259944736840347
2025-07-05 23:05:31.184 | INFO     | __main__:run_dimensionality_analysis:363 -     Results: AUROC=0.528, AUPRC=0.027
2025-07-05 23:05:31.184 | INFO     | __main__:run_dimensionality_analysis:368 -     Progress: 165/448 (36.8%) - ETA: 18h 21m
2025-07-05 23:05:31.189 | INFO     | __main__:save_checkpoint:90 - Saved 274 results to ../EHRSHOT_ASSETS/dimensionality_analysis/dimensionality_results.csv
2025-07-05 23:05:31.190 | INFO     | __main__:save_checkpoint:112 - Checkpoint saved: 165 combinations completed
2025-07-05 23:05:31.190 | INFO     | __main__:run_dimensionality_analysis:329 -     Reducing to 5 dimensions... (2/8)
2025-07-05 23:05:31.192 | INFO     | reducers:fit_transform:101 - Applying UMAP to reduce from 768 to 5 dimensions
2025-07-05 23:05:31.193 | INFO     | reducers:fit_transform:102 - Using n_neighbors: 15, n_jobs: 16
/home/pvenema/.conda/envs/EHRSHOT_ENV/lib/python3.10/site-packages/umap/umap_.py:1952: UserWarning: n_jobs value 1 overridden to 1 by setting random_state. Use no seed for parallelism.
  warn(
/home/pvenema/.conda/envs/EHRSHOT_ENV/lib/python3.10/site-packages/scipy/sparse/_index.py:146: SparseEfficiencyWarning: Changing the sparsity structure of a csr_matrix is expensive. lil_matrix is more efficient.
  self._set_arrayXarray(i, j, x)
2025-07-05 23:07:34.824 | INFO     | __main__:run_dimensionality_analysis:343 -     Reduced shapes - Train: (76349, 5), Val: (60168, 5), Test: (63653, 5)
2025-07-05 23:07:34.839 | CRITICAL | eval_module:run_evaluation:76 - Start | Training knn
2025-07-05 23:07:34.839 | INFO     | eval_module:run_evaluation:77 - Train shape: X = (76349, 5), Y = (76349,)
2025-07-05 23:07:34.839 | INFO     | eval_module:run_evaluation:78 - Val shape: X = (60168, 5), Y = (60168,)
2025-07-05 23:07:34.839 | INFO     | eval_module:run_evaluation:79 - Test shape: X = (63653, 5), Y = (63653,)
2025-07-05 23:07:34.840 | INFO     | eval_module:run_evaluation:80 - Train prevalence:  0.023955782001074014
2025-07-05 23:07:34.840 | INFO     | eval_module:run_evaluation:81 - Val prevalence:  0.023035500598324692
2025-07-05 23:07:34.840 | INFO     | eval_module:run_evaluation:82 - Test prevalence:  0.024413617582831917
2025-07-05 23:07:34.843 | CRITICAL | eval_module:run_evaluation:91 - Start | Fitting knn...
2025-07-05 23:14:05.996 | INFO     | eval_module:run_evaluation:140 - Best hparams: {'algorithm': 'auto', 'leaf_size': 30, 'metric': 'euclidean', 'metric_params': None, 'n_jobs': None, 'n_neighbors': 5, 'p': 2, 'weights': 'uniform'}
2025-07-05 23:14:05.996 | CRITICAL | eval_module:run_evaluation:143 - Finish | Fitting knn...
2025-07-05 23:14:07.498 | INFO     | eval_module:run_evaluation:154 - Train AUROC: 0.9692880030885475
2025-07-05 23:14:07.499 | INFO     | eval_module:run_evaluation:155 - Val AUROC:   0.5368284312476412
2025-07-05 23:14:07.499 | INFO     | eval_module:run_evaluation:156 - Test AUROC:  0.5353546604693966
2025-07-05 23:14:07.687 | INFO     | eval_module:run_evaluation:162 - Train AUPRC: 0.336984281987729
2025-07-05 23:14:07.689 | INFO     | eval_module:run_evaluation:163 - Val AUPRC:   0.027072082420815588
2025-07-05 23:14:07.689 | INFO     | eval_module:run_evaluation:164 - Test AUPRC:  0.028570635023317307
2025-07-05 23:14:07.689 | INFO     | __main__:run_dimensionality_analysis:363 -     Results: AUROC=0.535, AUPRC=0.029
2025-07-05 23:14:07.689 | INFO     | __main__:run_dimensionality_analysis:368 -     Progress: 166/448 (37.1%) - ETA: 18h 25m
2025-07-05 23:14:07.689 | INFO     | __main__:run_dimensionality_analysis:329 -     Reducing to 10 dimensions... (3/8)
2025-07-05 23:14:07.693 | INFO     | reducers:fit_transform:101 - Applying UMAP to reduce from 768 to 10 dimensions
2025-07-05 23:14:07.693 | INFO     | reducers:fit_transform:102 - Using n_neighbors: 15, n_jobs: 16
/home/pvenema/.conda/envs/EHRSHOT_ENV/lib/python3.10/site-packages/umap/umap_.py:1952: UserWarning: n_jobs value 1 overridden to 1 by setting random_state. Use no seed for parallelism.
  warn(
/home/pvenema/.conda/envs/EHRSHOT_ENV/lib/python3.10/site-packages/scipy/sparse/_index.py:146: SparseEfficiencyWarning: Changing the sparsity structure of a csr_matrix is expensive. lil_matrix is more efficient.
  self._set_arrayXarray(i, j, x)
2025-07-05 23:16:23.214 | INFO     | __main__:run_dimensionality_analysis:343 -     Reduced shapes - Train: (76349, 10), Val: (60168, 10), Test: (63653, 10)
2025-07-05 23:16:23.230 | CRITICAL | eval_module:run_evaluation:76 - Start | Training knn
2025-07-05 23:16:23.230 | INFO     | eval_module:run_evaluation:77 - Train shape: X = (76349, 10), Y = (76349,)
2025-07-05 23:16:23.230 | INFO     | eval_module:run_evaluation:78 - Val shape: X = (60168, 10), Y = (60168,)
2025-07-05 23:16:23.230 | INFO     | eval_module:run_evaluation:79 - Test shape: X = (63653, 10), Y = (63653,)
2025-07-05 23:16:23.230 | INFO     | eval_module:run_evaluation:80 - Train prevalence:  0.023955782001074014
2025-07-05 23:16:23.230 | INFO     | eval_module:run_evaluation:81 - Val prevalence:  0.023035500598324692
2025-07-05 23:16:23.231 | INFO     | eval_module:run_evaluation:82 - Test prevalence:  0.024413617582831917
2025-07-05 23:16:23.235 | CRITICAL | eval_module:run_evaluation:91 - Start | Fitting knn...
2025-07-05 23:22:57.537 | INFO     | eval_module:run_evaluation:140 - Best hparams: {'algorithm': 'auto', 'leaf_size': 30, 'metric': 'cosine', 'metric_params': None, 'n_jobs': None, 'n_neighbors': 5, 'p': 2, 'weights': 'distance'}
2025-07-05 23:22:57.537 | CRITICAL | eval_module:run_evaluation:143 - Finish | Fitting knn...
2025-07-05 23:27:00.978 | INFO     | eval_module:run_evaluation:154 - Train AUROC: 0.9925870348799842
2025-07-05 23:27:00.979 | INFO     | eval_module:run_evaluation:155 - Val AUROC:   0.5444774288425408
2025-07-05 23:27:00.979 | INFO     | eval_module:run_evaluation:156 - Test AUROC:  0.5367652811532746
2025-07-05 23:27:01.170 | INFO     | eval_module:run_evaluation:162 - Train AUPRC: 0.9781434916890707
2025-07-05 23:27:01.171 | INFO     | eval_module:run_evaluation:163 - Val AUPRC:   0.02854091573807034
2025-07-05 23:27:01.171 | INFO     | eval_module:run_evaluation:164 - Test AUPRC:  0.029884423209025443
2025-07-05 23:27:01.171 | INFO     | __main__:run_dimensionality_analysis:363 -     Results: AUROC=0.537, AUPRC=0.030
2025-07-05 23:27:01.171 | INFO     | __main__:run_dimensionality_analysis:368 -     Progress: 167/448 (37.3%) - ETA: 18h 36m
2025-07-05 23:27:01.171 | INFO     | __main__:run_dimensionality_analysis:329 -     Reducing to 25 dimensions... (4/8)
2025-07-05 23:27:01.178 | INFO     | reducers:fit_transform:101 - Applying UMAP to reduce from 768 to 25 dimensions
2025-07-05 23:27:01.179 | INFO     | reducers:fit_transform:102 - Using n_neighbors: 15, n_jobs: 16
/home/pvenema/.conda/envs/EHRSHOT_ENV/lib/python3.10/site-packages/umap/umap_.py:1952: UserWarning: n_jobs value 1 overridden to 1 by setting random_state. Use no seed for parallelism.
  warn(
/home/pvenema/.conda/envs/EHRSHOT_ENV/lib/python3.10/site-packages/scipy/sparse/_index.py:146: SparseEfficiencyWarning: Changing the sparsity structure of a csr_matrix is expensive. lil_matrix is more efficient.
  self._set_arrayXarray(i, j, x)
2025-07-05 23:29:55.261 | INFO     | __main__:run_dimensionality_analysis:343 -     Reduced shapes - Train: (76349, 25), Val: (60168, 25), Test: (63653, 25)
2025-07-05 23:29:55.276 | CRITICAL | eval_module:run_evaluation:76 - Start | Training knn
2025-07-05 23:29:55.276 | INFO     | eval_module:run_evaluation:77 - Train shape: X = (76349, 25), Y = (76349,)
2025-07-05 23:29:55.277 | INFO     | eval_module:run_evaluation:78 - Val shape: X = (60168, 25), Y = (60168,)
2025-07-05 23:29:55.277 | INFO     | eval_module:run_evaluation:79 - Test shape: X = (63653, 25), Y = (63653,)
2025-07-05 23:29:55.277 | INFO     | eval_module:run_evaluation:80 - Train prevalence:  0.023955782001074014
2025-07-05 23:29:55.277 | INFO     | eval_module:run_evaluation:81 - Val prevalence:  0.023035500598324692
2025-07-05 23:29:55.278 | INFO     | eval_module:run_evaluation:82 - Test prevalence:  0.024413617582831917
2025-07-05 23:29:55.283 | CRITICAL | eval_module:run_evaluation:91 - Start | Fitting knn...
2025-07-05 23:39:09.477 | INFO     | eval_module:run_evaluation:140 - Best hparams: {'algorithm': 'auto', 'leaf_size': 30, 'metric': 'euclidean', 'metric_params': None, 'n_jobs': None, 'n_neighbors': 5, 'p': 2, 'weights': 'distance'}
2025-07-05 23:39:09.477 | CRITICAL | eval_module:run_evaluation:143 - Finish | Fitting knn...
2025-07-05 23:39:11.296 | INFO     | eval_module:run_evaluation:154 - Train AUROC: 1.0
2025-07-05 23:39:11.296 | INFO     | eval_module:run_evaluation:155 - Val AUROC:   0.5355100863547326
2025-07-05 23:39:11.296 | INFO     | eval_module:run_evaluation:156 - Test AUROC:  0.5340327168456447
2025-07-05 23:39:11.486 | INFO     | eval_module:run_evaluation:162 - Train AUPRC: 1.0
2025-07-05 23:39:11.487 | INFO     | eval_module:run_evaluation:163 - Val AUPRC:   0.0276144489853725
2025-07-05 23:39:11.487 | INFO     | eval_module:run_evaluation:164 - Test AUPRC:  0.02970132808812187
2025-07-05 23:39:11.487 | INFO     | __main__:run_dimensionality_analysis:363 -     Results: AUROC=0.534, AUPRC=0.030
2025-07-05 23:39:11.487 | INFO     | __main__:run_dimensionality_analysis:368 -     Progress: 168/448 (37.5%) - ETA: 18h 46m
2025-07-05 23:39:11.487 | INFO     | __main__:run_dimensionality_analysis:329 -     Reducing to 50 dimensions... (5/8)
2025-07-05 23:39:11.491 | INFO     | reducers:fit_transform:101 - Applying UMAP to reduce from 768 to 50 dimensions
2025-07-05 23:39:11.491 | INFO     | reducers:fit_transform:102 - Using n_neighbors: 15, n_jobs: 16
/home/pvenema/.conda/envs/EHRSHOT_ENV/lib/python3.10/site-packages/umap/umap_.py:1952: UserWarning: n_jobs value 1 overridden to 1 by setting random_state. Use no seed for parallelism.
  warn(
/home/pvenema/.conda/envs/EHRSHOT_ENV/lib/python3.10/site-packages/scipy/sparse/_index.py:146: SparseEfficiencyWarning: Changing the sparsity structure of a csr_matrix is expensive. lil_matrix is more efficient.
  self._set_arrayXarray(i, j, x)
2025-07-05 23:42:17.744 | INFO     | __main__:run_dimensionality_analysis:343 -     Reduced shapes - Train: (76349, 50), Val: (60168, 50), Test: (63653, 50)
2025-07-05 23:42:17.759 | CRITICAL | eval_module:run_evaluation:76 - Start | Training knn
2025-07-05 23:42:17.759 | INFO     | eval_module:run_evaluation:77 - Train shape: X = (76349, 50), Y = (76349,)
2025-07-05 23:42:17.759 | INFO     | eval_module:run_evaluation:78 - Val shape: X = (60168, 50), Y = (60168,)
2025-07-05 23:42:17.759 | INFO     | eval_module:run_evaluation:79 - Test shape: X = (63653, 50), Y = (63653,)
2025-07-05 23:42:17.760 | INFO     | eval_module:run_evaluation:80 - Train prevalence:  0.023955782001074014
2025-07-05 23:42:17.760 | INFO     | eval_module:run_evaluation:81 - Val prevalence:  0.023035500598324692
2025-07-05 23:42:17.760 | INFO     | eval_module:run_evaluation:82 - Test prevalence:  0.024413617582831917
2025-07-05 23:42:17.766 | CRITICAL | eval_module:run_evaluation:91 - Start | Fitting knn...
2025-07-05 23:52:41.130 | INFO     | eval_module:run_evaluation:140 - Best hparams: {'algorithm': 'auto', 'leaf_size': 30, 'metric': 'cosine', 'metric_params': None, 'n_jobs': None, 'n_neighbors': 5, 'p': 2, 'weights': 'uniform'}
2025-07-05 23:52:41.130 | CRITICAL | eval_module:run_evaluation:143 - Finish | Fitting knn...
2025-07-05 23:56:51.116 | INFO     | eval_module:run_evaluation:154 - Train AUROC: 0.9613230708977771
2025-07-05 23:56:51.117 | INFO     | eval_module:run_evaluation:155 - Val AUROC:   0.5380722780181798
2025-07-05 23:56:51.117 | INFO     | eval_module:run_evaluation:156 - Test AUROC:  0.5419136489886422
2025-07-05 23:56:51.306 | INFO     | eval_module:run_evaluation:162 - Train AUPRC: 0.3281293768928784
2025-07-05 23:56:51.306 | INFO     | eval_module:run_evaluation:163 - Val AUPRC:   0.026458588613874522
2025-07-05 23:56:51.306 | INFO     | eval_module:run_evaluation:164 - Test AUPRC:  0.02878386491171529
2025-07-05 23:56:51.307 | INFO     | __main__:run_dimensionality_analysis:363 -     Results: AUROC=0.542, AUPRC=0.029
2025-07-05 23:56:51.308 | INFO     | __main__:run_dimensionality_analysis:368 -     Progress: 169/448 (37.7%) - ETA: 19h 4m
2025-07-05 23:56:51.308 | INFO     | __main__:run_dimensionality_analysis:329 -     Reducing to 100 dimensions... (6/8)
2025-07-05 23:56:51.310 | INFO     | reducers:fit_transform:101 - Applying UMAP to reduce from 768 to 100 dimensions
2025-07-05 23:56:51.311 | INFO     | reducers:fit_transform:102 - Using n_neighbors: 15, n_jobs: 16
/home/pvenema/.conda/envs/EHRSHOT_ENV/lib/python3.10/site-packages/umap/umap_.py:1952: UserWarning: n_jobs value 1 overridden to 1 by setting random_state. Use no seed for parallelism.
  warn(
/home/pvenema/.conda/envs/EHRSHOT_ENV/lib/python3.10/site-packages/scipy/sparse/_index.py:146: SparseEfficiencyWarning: Changing the sparsity structure of a csr_matrix is expensive. lil_matrix is more efficient.
  self._set_arrayXarray(i, j, x)
2025-07-06 00:00:45.283 | INFO     | __main__:run_dimensionality_analysis:343 -     Reduced shapes - Train: (76349, 100), Val: (60168, 100), Test: (63653, 100)
2025-07-06 00:00:45.298 | CRITICAL | eval_module:run_evaluation:76 - Start | Training knn
2025-07-06 00:00:45.298 | INFO     | eval_module:run_evaluation:77 - Train shape: X = (76349, 100), Y = (76349,)
2025-07-06 00:00:45.298 | INFO     | eval_module:run_evaluation:78 - Val shape: X = (60168, 100), Y = (60168,)
2025-07-06 00:00:45.298 | INFO     | eval_module:run_evaluation:79 - Test shape: X = (63653, 100), Y = (63653,)
2025-07-06 00:00:45.299 | INFO     | eval_module:run_evaluation:80 - Train prevalence:  0.023955782001074014
2025-07-06 00:00:45.299 | INFO     | eval_module:run_evaluation:81 - Val prevalence:  0.023035500598324692
2025-07-06 00:00:45.299 | INFO     | eval_module:run_evaluation:82 - Test prevalence:  0.024413617582831917
2025-07-06 00:00:45.308 | CRITICAL | eval_module:run_evaluation:91 - Start | Fitting knn...
2025-07-06 00:13:09.749 | INFO     | eval_module:run_evaluation:140 - Best hparams: {'algorithm': 'auto', 'leaf_size': 30, 'metric': 'euclidean', 'metric_params': None, 'n_jobs': None, 'n_neighbors': 5, 'p': 2, 'weights': 'uniform'}
2025-07-06 00:13:09.749 | CRITICAL | eval_module:run_evaluation:143 - Finish | Fitting knn...
2025-07-06 00:13:12.827 | INFO     | eval_module:run_evaluation:154 - Train AUROC: 0.9701167772633134
2025-07-06 00:13:12.828 | INFO     | eval_module:run_evaluation:155 - Val AUROC:   0.5404546591134322
2025-07-06 00:13:12.828 | INFO     | eval_module:run_evaluation:156 - Test AUROC:  0.5381270892994109
2025-07-06 00:13:13.017 | INFO     | eval_module:run_evaluation:162 - Train AUPRC: 0.3504427545693958
2025-07-06 00:13:13.017 | INFO     | eval_module:run_evaluation:163 - Val AUPRC:   0.02729366185980465
2025-07-06 00:13:13.017 | INFO     | eval_module:run_evaluation:164 - Test AUPRC:  0.02845551193141869
2025-07-06 00:13:13.017 | INFO     | __main__:run_dimensionality_analysis:363 -     Results: AUROC=0.538, AUPRC=0.028
2025-07-06 00:13:13.018 | INFO     | __main__:run_dimensionality_analysis:368 -     Progress: 170/448 (37.9%) - ETA: 19h 20m
2025-07-06 00:13:13.023 | INFO     | __main__:save_checkpoint:90 - Saved 284 results to ../EHRSHOT_ASSETS/dimensionality_analysis/dimensionality_results.csv
2025-07-06 00:13:13.023 | INFO     | __main__:save_checkpoint:112 - Checkpoint saved: 170 combinations completed
2025-07-06 00:13:13.023 | INFO     | __main__:run_dimensionality_analysis:329 -     Reducing to 200 dimensions... (7/8)
2025-07-06 00:13:13.026 | INFO     | reducers:fit_transform:101 - Applying UMAP to reduce from 768 to 200 dimensions
2025-07-06 00:13:13.026 | INFO     | reducers:fit_transform:102 - Using n_neighbors: 15, n_jobs: 16
/home/pvenema/.conda/envs/EHRSHOT_ENV/lib/python3.10/site-packages/umap/umap_.py:1952: UserWarning: n_jobs value 1 overridden to 1 by setting random_state. Use no seed for parallelism.
  warn(
/home/pvenema/.conda/envs/EHRSHOT_ENV/lib/python3.10/site-packages/scipy/sparse/_index.py:146: SparseEfficiencyWarning: Changing the sparsity structure of a csr_matrix is expensive. lil_matrix is more efficient.
  self._set_arrayXarray(i, j, x)
2025-07-06 00:19:30.834 | INFO     | __main__:run_dimensionality_analysis:343 -     Reduced shapes - Train: (76349, 200), Val: (60168, 200), Test: (63653, 200)
2025-07-06 00:19:30.850 | CRITICAL | eval_module:run_evaluation:76 - Start | Training knn
2025-07-06 00:19:30.850 | INFO     | eval_module:run_evaluation:77 - Train shape: X = (76349, 200), Y = (76349,)
2025-07-06 00:19:30.850 | INFO     | eval_module:run_evaluation:78 - Val shape: X = (60168, 200), Y = (60168,)
2025-07-06 00:19:30.850 | INFO     | eval_module:run_evaluation:79 - Test shape: X = (63653, 200), Y = (63653,)
2025-07-06 00:19:30.851 | INFO     | eval_module:run_evaluation:80 - Train prevalence:  0.023955782001074014
2025-07-06 00:19:30.851 | INFO     | eval_module:run_evaluation:81 - Val prevalence:  0.023035500598324692
2025-07-06 00:19:30.851 | INFO     | eval_module:run_evaluation:82 - Test prevalence:  0.024413617582831917
2025-07-06 00:19:30.868 | CRITICAL | eval_module:run_evaluation:91 - Start | Fitting knn...
2025-07-06 00:36:05.364 | INFO     | eval_module:run_evaluation:140 - Best hparams: {'algorithm': 'auto', 'leaf_size': 30, 'metric': 'cosine', 'metric_params': None, 'n_jobs': None, 'n_neighbors': 5, 'p': 2, 'weights': 'uniform'}
2025-07-06 00:36:05.365 | CRITICAL | eval_module:run_evaluation:143 - Finish | Fitting knn...
2025-07-06 00:40:09.014 | INFO     | eval_module:run_evaluation:154 - Train AUROC: 0.9120660582016872
2025-07-06 00:40:09.015 | INFO     | eval_module:run_evaluation:155 - Val AUROC:   0.5391548359548768
2025-07-06 00:40:09.015 | INFO     | eval_module:run_evaluation:156 - Test AUROC:  0.5433911181346728
2025-07-06 00:40:09.204 | INFO     | eval_module:run_evaluation:162 - Train AUPRC: 0.28079798697049824
2025-07-06 00:40:09.205 | INFO     | eval_module:run_evaluation:163 - Val AUPRC:   0.027899768183197213
2025-07-06 00:40:09.205 | INFO     | eval_module:run_evaluation:164 - Test AUPRC:  0.030107325727383224
2025-07-06 00:40:09.206 | INFO     | __main__:run_dimensionality_analysis:363 -     Results: AUROC=0.543, AUPRC=0.030
2025-07-06 00:40:09.206 | INFO     | __main__:run_dimensionality_analysis:368 -     Progress: 171/448 (38.2%) - ETA: 19h 53m
2025-07-06 00:40:09.206 | INFO     | __main__:run_dimensionality_analysis:329 -     Reducing to 400 dimensions... (8/8)
2025-07-06 00:40:09.208 | INFO     | reducers:fit_transform:101 - Applying UMAP to reduce from 768 to 400 dimensions
2025-07-06 00:40:09.209 | INFO     | reducers:fit_transform:102 - Using n_neighbors: 15, n_jobs: 16
/home/pvenema/.conda/envs/EHRSHOT_ENV/lib/python3.10/site-packages/umap/umap_.py:1952: UserWarning: n_jobs value 1 overridden to 1 by setting random_state. Use no seed for parallelism.
  warn(
/home/pvenema/.conda/envs/EHRSHOT_ENV/lib/python3.10/site-packages/scipy/sparse/_index.py:146: SparseEfficiencyWarning: Changing the sparsity structure of a csr_matrix is expensive. lil_matrix is more efficient.
  self._set_arrayXarray(i, j, x)
2025-07-06 00:51:18.213 | INFO     | __main__:run_dimensionality_analysis:343 -     Reduced shapes - Train: (76349, 400), Val: (60168, 400), Test: (63653, 400)
2025-07-06 00:51:18.228 | CRITICAL | eval_module:run_evaluation:76 - Start | Training knn
2025-07-06 00:51:18.228 | INFO     | eval_module:run_evaluation:77 - Train shape: X = (76349, 400), Y = (76349,)
2025-07-06 00:51:18.228 | INFO     | eval_module:run_evaluation:78 - Val shape: X = (60168, 400), Y = (60168,)
2025-07-06 00:51:18.229 | INFO     | eval_module:run_evaluation:79 - Test shape: X = (63653, 400), Y = (63653,)
2025-07-06 00:51:18.229 | INFO     | eval_module:run_evaluation:80 - Train prevalence:  0.023955782001074014
2025-07-06 00:51:18.229 | INFO     | eval_module:run_evaluation:81 - Val prevalence:  0.023035500598324692
2025-07-06 00:51:18.229 | INFO     | eval_module:run_evaluation:82 - Test prevalence:  0.024413617582831917
2025-07-06 00:51:18.259 | CRITICAL | eval_module:run_evaluation:91 - Start | Fitting knn...
2025-07-06 01:16:14.804 | INFO     | eval_module:run_evaluation:140 - Best hparams: {'algorithm': 'auto', 'leaf_size': 30, 'metric': 'cosine', 'metric_params': None, 'n_jobs': None, 'n_neighbors': 5, 'p': 2, 'weights': 'uniform'}
2025-07-06 01:16:14.806 | CRITICAL | eval_module:run_evaluation:143 - Finish | Fitting knn...
2025-07-06 01:20:12.113 | INFO     | eval_module:run_evaluation:154 - Train AUROC: 0.9003132899105397
2025-07-06 01:20:12.113 | INFO     | eval_module:run_evaluation:155 - Val AUROC:   0.5501715058594716
2025-07-06 01:20:12.113 | INFO     | eval_module:run_evaluation:156 - Test AUROC:  0.538039277507707
2025-07-06 01:20:12.303 | INFO     | eval_module:run_evaluation:162 - Train AUPRC: 0.25902828042581105
2025-07-06 01:20:12.303 | INFO     | eval_module:run_evaluation:163 - Val AUPRC:   0.02856071345165015
2025-07-06 01:20:12.303 | INFO     | eval_module:run_evaluation:164 - Test AUPRC:  0.028500125306037613
2025-07-06 01:20:12.304 | INFO     | __main__:run_dimensionality_analysis:363 -     Results: AUROC=0.538, AUPRC=0.029
2025-07-06 01:20:12.304 | INFO     | __main__:run_dimensionality_analysis:368 -     Progress: 172/448 (38.4%) - ETA: 20h 46m
2025-07-06 01:20:12.310 | INFO     | __main__:save_checkpoint:90 - Saved 288 results to ../EHRSHOT_ASSETS/dimensionality_analysis/dimensionality_results.csv
2025-07-06 01:20:12.311 | INFO     | __main__:save_checkpoint:112 - Checkpoint saved: 172 combinations completed
2025-07-06 01:20:12.311 | INFO     | __main__:run_dimensionality_analysis:262 - 
Processing model 2/2: clinicalbert_type3_clinicalbert_pool
2025-07-06 01:20:12.418 | INFO     | __main__:run_dimensionality_analysis:281 - Data shapes - Train: (76349, 768), Val: (60168, 768), Test: (63653, 768)
2025-07-06 01:20:12.419 | INFO     | __main__:run_dimensionality_analysis:282 - Label distribution - Train: 0.024, Val: 0.023, Test: 0.024
2025-07-06 01:20:12.419 | INFO     | __main__:run_dimensionality_analysis:311 -   🚫 Skipping baseline evaluation (--skip-baseline enabled)
2025-07-06 01:20:12.419 | INFO     | __main__:run_dimensionality_analysis:314 - 
  Testing method 1/2: pca
2025-07-06 01:20:12.419 | INFO     | __main__:run_dimensionality_analysis:329 -     Reducing to 2 dimensions... (1/8)
2025-07-06 01:20:12.425 | INFO     | reducers:fit_transform:55 - Applying PCA to reduce from 768 to 2 dimensions
2025-07-06 01:20:12.869 | INFO     | __main__:run_dimensionality_analysis:343 -     Reduced shapes - Train: (76349, 2), Val: (60168, 2), Test: (63653, 2)
2025-07-06 01:20:12.884 | CRITICAL | eval_module:run_evaluation:76 - Start | Training knn
2025-07-06 01:20:12.884 | INFO     | eval_module:run_evaluation:77 - Train shape: X = (76349, 2), Y = (76349,)
2025-07-06 01:20:12.884 | INFO     | eval_module:run_evaluation:78 - Val shape: X = (60168, 2), Y = (60168,)
2025-07-06 01:20:12.884 | INFO     | eval_module:run_evaluation:79 - Test shape: X = (63653, 2), Y = (63653,)
2025-07-06 01:20:12.885 | INFO     | eval_module:run_evaluation:80 - Train prevalence:  0.023955782001074014
2025-07-06 01:20:12.885 | INFO     | eval_module:run_evaluation:81 - Val prevalence:  0.023035500598324692
2025-07-06 01:20:12.885 | INFO     | eval_module:run_evaluation:82 - Test prevalence:  0.024413617582831917
2025-07-06 01:20:12.888 | CRITICAL | eval_module:run_evaluation:91 - Start | Fitting knn...
2025-07-06 01:26:53.639 | INFO     | eval_module:run_evaluation:140 - Best hparams: {'algorithm': 'auto', 'leaf_size': 30, 'metric': 'euclidean', 'metric_params': None, 'n_jobs': None, 'n_neighbors': 3, 'p': 2, 'weights': 'distance'}
2025-07-06 01:26:53.640 | CRITICAL | eval_module:run_evaluation:143 - Finish | Fitting knn...
2025-07-06 01:26:54.302 | INFO     | eval_module:run_evaluation:154 - Train AUROC: 0.9999979053109576
2025-07-06 01:26:54.303 | INFO     | eval_module:run_evaluation:155 - Val AUROC:   0.5026751631962412
2025-07-06 01:26:54.303 | INFO     | eval_module:run_evaluation:156 - Test AUROC:  0.5015388565727541
2025-07-06 01:26:54.492 | INFO     | eval_module:run_evaluation:162 - Train AUPRC: 0.9998785890505026
2025-07-06 01:26:54.492 | INFO     | eval_module:run_evaluation:163 - Val AUPRC:   0.023636061210634555
2025-07-06 01:26:54.493 | INFO     | eval_module:run_evaluation:164 - Test AUPRC:  0.024654467602717778
2025-07-06 01:26:54.493 | INFO     | __main__:run_dimensionality_analysis:363 -     Results: AUROC=0.502, AUPRC=0.025
2025-07-06 01:26:54.494 | INFO     | __main__:run_dimensionality_analysis:368 -     Progress: 173/448 (38.6%) - ETA: 20h 45m
2025-07-06 01:26:54.494 | INFO     | __main__:run_dimensionality_analysis:329 -     Reducing to 5 dimensions... (2/8)
2025-07-06 01:26:54.494 | INFO     | reducers:fit_transform:55 - Applying PCA to reduce from 768 to 5 dimensions
2025-07-06 01:26:54.933 | INFO     | __main__:run_dimensionality_analysis:343 -     Reduced shapes - Train: (76349, 5), Val: (60168, 5), Test: (63653, 5)
2025-07-06 01:26:54.948 | CRITICAL | eval_module:run_evaluation:76 - Start | Training knn
2025-07-06 01:26:54.948 | INFO     | eval_module:run_evaluation:77 - Train shape: X = (76349, 5), Y = (76349,)
2025-07-06 01:26:54.948 | INFO     | eval_module:run_evaluation:78 - Val shape: X = (60168, 5), Y = (60168,)
2025-07-06 01:26:54.949 | INFO     | eval_module:run_evaluation:79 - Test shape: X = (63653, 5), Y = (63653,)
2025-07-06 01:26:54.949 | INFO     | eval_module:run_evaluation:80 - Train prevalence:  0.023955782001074014
2025-07-06 01:26:54.949 | INFO     | eval_module:run_evaluation:81 - Val prevalence:  0.023035500598324692
2025-07-06 01:26:54.949 | INFO     | eval_module:run_evaluation:82 - Test prevalence:  0.024413617582831917
2025-07-06 01:26:54.952 | CRITICAL | eval_module:run_evaluation:91 - Start | Fitting knn...
2025-07-06 01:33:41.897 | INFO     | eval_module:run_evaluation:140 - Best hparams: {'algorithm': 'auto', 'leaf_size': 30, 'metric': 'cosine', 'metric_params': None, 'n_jobs': None, 'n_neighbors': 5, 'p': 2, 'weights': 'distance'}
2025-07-06 01:33:41.898 | CRITICAL | eval_module:run_evaluation:143 - Finish | Fitting knn...
2025-07-06 01:38:07.576 | INFO     | eval_module:run_evaluation:154 - Train AUROC: 0.9950616770366614
2025-07-06 01:38:07.576 | INFO     | eval_module:run_evaluation:155 - Val AUROC:   0.5095085232627338
2025-07-06 01:38:07.576 | INFO     | eval_module:run_evaluation:156 - Test AUROC:  0.517396143903817
2025-07-06 01:38:07.765 | INFO     | eval_module:run_evaluation:162 - Train AUPRC: 0.976156206487725
2025-07-06 01:38:07.766 | INFO     | eval_module:run_evaluation:163 - Val AUPRC:   0.023932606790236982
2025-07-06 01:38:07.766 | INFO     | eval_module:run_evaluation:164 - Test AUPRC:  0.02596679084468962
2025-07-06 01:38:07.766 | INFO     | __main__:run_dimensionality_analysis:363 -     Results: AUROC=0.517, AUPRC=0.026
2025-07-06 01:38:07.766 | INFO     | __main__:run_dimensionality_analysis:368 -     Progress: 174/448 (38.8%) - ETA: 20h 51m
2025-07-06 01:38:07.766 | INFO     | __main__:run_dimensionality_analysis:329 -     Reducing to 10 dimensions... (3/8)
2025-07-06 01:38:07.766 | INFO     | reducers:fit_transform:55 - Applying PCA to reduce from 768 to 10 dimensions
2025-07-06 01:38:08.223 | INFO     | __main__:run_dimensionality_analysis:343 -     Reduced shapes - Train: (76349, 10), Val: (60168, 10), Test: (63653, 10)
2025-07-06 01:38:08.238 | CRITICAL | eval_module:run_evaluation:76 - Start | Training knn
2025-07-06 01:38:08.238 | INFO     | eval_module:run_evaluation:77 - Train shape: X = (76349, 10), Y = (76349,)
2025-07-06 01:38:08.238 | INFO     | eval_module:run_evaluation:78 - Val shape: X = (60168, 10), Y = (60168,)
2025-07-06 01:38:08.238 | INFO     | eval_module:run_evaluation:79 - Test shape: X = (63653, 10), Y = (63653,)
2025-07-06 01:38:08.238 | INFO     | eval_module:run_evaluation:80 - Train prevalence:  0.023955782001074014
2025-07-06 01:38:08.238 | INFO     | eval_module:run_evaluation:81 - Val prevalence:  0.023035500598324692
2025-07-06 01:38:08.239 | INFO     | eval_module:run_evaluation:82 - Test prevalence:  0.024413617582831917
2025-07-06 01:38:08.243 | CRITICAL | eval_module:run_evaluation:91 - Start | Fitting knn...
2025-07-06 01:45:42.799 | INFO     | eval_module:run_evaluation:140 - Best hparams: {'algorithm': 'auto', 'leaf_size': 30, 'metric': 'euclidean', 'metric_params': None, 'n_jobs': None, 'n_neighbors': 5, 'p': 2, 'weights': 'distance'}
2025-07-06 01:45:42.800 | CRITICAL | eval_module:run_evaluation:143 - Finish | Fitting knn...
2025-07-06 01:46:01.477 | INFO     | eval_module:run_evaluation:154 - Train AUROC: 0.9999982758251315
2025-07-06 01:46:01.477 | INFO     | eval_module:run_evaluation:155 - Val AUROC:   0.5172682216675276
2025-07-06 01:46:01.478 | INFO     | eval_module:run_evaluation:156 - Test AUROC:  0.5205389749746341
2025-07-06 01:46:01.665 | INFO     | eval_module:run_evaluation:162 - Train AUPRC: 0.9998962054748205
2025-07-06 01:46:01.665 | INFO     | eval_module:run_evaluation:163 - Val AUPRC:   0.025549177744766397
2025-07-06 01:46:01.666 | INFO     | eval_module:run_evaluation:164 - Test AUPRC:  0.026879020304224385
2025-07-06 01:46:01.666 | INFO     | __main__:run_dimensionality_analysis:363 -     Results: AUROC=0.521, AUPRC=0.027
2025-07-06 01:46:01.666 | INFO     | __main__:run_dimensionality_analysis:368 -     Progress: 175/448 (39.1%) - ETA: 20h 52m
2025-07-06 01:46:01.671 | INFO     | __main__:save_checkpoint:90 - Saved 294 results to ../EHRSHOT_ASSETS/dimensionality_analysis/dimensionality_results.csv
2025-07-06 01:46:01.672 | INFO     | __main__:save_checkpoint:112 - Checkpoint saved: 175 combinations completed
2025-07-06 01:46:01.672 | INFO     | __main__:run_dimensionality_analysis:329 -     Reducing to 25 dimensions... (4/8)
2025-07-06 01:46:01.672 | INFO     | reducers:fit_transform:55 - Applying PCA to reduce from 768 to 25 dimensions
2025-07-06 01:46:02.279 | INFO     | __main__:run_dimensionality_analysis:343 -     Reduced shapes - Train: (76349, 25), Val: (60168, 25), Test: (63653, 25)
2025-07-06 01:46:02.294 | CRITICAL | eval_module:run_evaluation:76 - Start | Training knn
2025-07-06 01:46:02.294 | INFO     | eval_module:run_evaluation:77 - Train shape: X = (76349, 25), Y = (76349,)
2025-07-06 01:46:02.295 | INFO     | eval_module:run_evaluation:78 - Val shape: X = (60168, 25), Y = (60168,)
2025-07-06 01:46:02.295 | INFO     | eval_module:run_evaluation:79 - Test shape: X = (63653, 25), Y = (63653,)
2025-07-06 01:46:02.295 | INFO     | eval_module:run_evaluation:80 - Train prevalence:  0.023955782001074014
2025-07-06 01:46:02.295 | INFO     | eval_module:run_evaluation:81 - Val prevalence:  0.023035500598324692
2025-07-06 01:46:02.295 | INFO     | eval_module:run_evaluation:82 - Test prevalence:  0.024413617582831917
2025-07-06 01:46:02.301 | CRITICAL | eval_module:run_evaluation:91 - Start | Fitting knn...
2025-07-06 01:55:34.896 | INFO     | eval_module:run_evaluation:140 - Best hparams: {'algorithm': 'auto', 'leaf_size': 30, 'metric': 'euclidean', 'metric_params': None, 'n_jobs': None, 'n_neighbors': 5, 'p': 2, 'weights': 'distance'}
2025-07-06 01:55:34.896 | CRITICAL | eval_module:run_evaluation:143 - Finish | Fitting knn...
2025-07-06 01:55:36.716 | INFO     | eval_module:run_evaluation:154 - Train AUROC: 0.9999982538143884
2025-07-06 01:55:36.716 | INFO     | eval_module:run_evaluation:155 - Val AUROC:   0.5275299191676655
2025-07-06 01:55:36.716 | INFO     | eval_module:run_evaluation:156 - Test AUROC:  0.5190143564714814
2025-07-06 01:55:36.905 | INFO     | eval_module:run_evaluation:162 - Train AUPRC: 0.9999088214535857
2025-07-06 01:55:36.906 | INFO     | eval_module:run_evaluation:163 - Val AUPRC:   0.02728917786557465
2025-07-06 01:55:36.906 | INFO     | eval_module:run_evaluation:164 - Test AUPRC:  0.026400547907834977
2025-07-06 01:55:36.906 | INFO     | __main__:run_dimensionality_analysis:363 -     Results: AUROC=0.519, AUPRC=0.026
2025-07-06 01:55:36.906 | INFO     | __main__:run_dimensionality_analysis:368 -     Progress: 176/448 (39.3%) - ETA: 20h 55m
2025-07-06 01:55:36.906 | INFO     | __main__:run_dimensionality_analysis:329 -     Reducing to 50 dimensions... (5/8)
2025-07-06 01:55:36.906 | INFO     | reducers:fit_transform:55 - Applying PCA to reduce from 768 to 50 dimensions
2025-07-06 01:55:37.691 | INFO     | __main__:run_dimensionality_analysis:343 -     Reduced shapes - Train: (76349, 50), Val: (60168, 50), Test: (63653, 50)
2025-07-06 01:55:37.706 | CRITICAL | eval_module:run_evaluation:76 - Start | Training knn
2025-07-06 01:55:37.707 | INFO     | eval_module:run_evaluation:77 - Train shape: X = (76349, 50), Y = (76349,)
2025-07-06 01:55:37.707 | INFO     | eval_module:run_evaluation:78 - Val shape: X = (60168, 50), Y = (60168,)
2025-07-06 01:55:37.707 | INFO     | eval_module:run_evaluation:79 - Test shape: X = (63653, 50), Y = (63653,)
2025-07-06 01:55:37.707 | INFO     | eval_module:run_evaluation:80 - Train prevalence:  0.023955782001074014
2025-07-06 01:55:37.707 | INFO     | eval_module:run_evaluation:81 - Val prevalence:  0.023035500598324692
2025-07-06 01:55:37.708 | INFO     | eval_module:run_evaluation:82 - Test prevalence:  0.024413617582831917
2025-07-06 01:55:37.714 | CRITICAL | eval_module:run_evaluation:91 - Start | Fitting knn...
2025-07-06 02:06:11.821 | INFO     | eval_module:run_evaluation:140 - Best hparams: {'algorithm': 'auto', 'leaf_size': 30, 'metric': 'cosine', 'metric_params': None, 'n_jobs': None, 'n_neighbors': 5, 'p': 2, 'weights': 'distance'}
2025-07-06 02:06:11.822 | CRITICAL | eval_module:run_evaluation:143 - Finish | Fitting knn...
2025-07-06 02:10:38.634 | INFO     | eval_module:run_evaluation:154 - Train AUROC: 0.9982957962122153
2025-07-06 02:10:38.634 | INFO     | eval_module:run_evaluation:155 - Val AUROC:   0.5126949243770721
2025-07-06 02:10:38.635 | INFO     | eval_module:run_evaluation:156 - Test AUROC:  0.5122697549226156
2025-07-06 02:10:38.823 | INFO     | eval_module:run_evaluation:162 - Train AUPRC: 0.9948850660828017
2025-07-06 02:10:38.824 | INFO     | eval_module:run_evaluation:163 - Val AUPRC:   0.024481424259008858
2025-07-06 02:10:38.824 | INFO     | eval_module:run_evaluation:164 - Test AUPRC:  0.0262063086169224
2025-07-06 02:10:38.825 | INFO     | __main__:run_dimensionality_analysis:363 -     Results: AUROC=0.512, AUPRC=0.026
2025-07-06 02:10:38.825 | INFO     | __main__:run_dimensionality_analysis:368 -     Progress: 177/448 (39.5%) - ETA: 21h 6m
2025-07-06 02:10:38.825 | INFO     | __main__:run_dimensionality_analysis:329 -     Reducing to 100 dimensions... (6/8)
2025-07-06 02:10:38.825 | INFO     | reducers:fit_transform:55 - Applying PCA to reduce from 768 to 100 dimensions
2025-07-06 02:10:39.887 | INFO     | __main__:run_dimensionality_analysis:343 -     Reduced shapes - Train: (76349, 100), Val: (60168, 100), Test: (63653, 100)
2025-07-06 02:10:39.902 | CRITICAL | eval_module:run_evaluation:76 - Start | Training knn
2025-07-06 02:10:39.902 | INFO     | eval_module:run_evaluation:77 - Train shape: X = (76349, 100), Y = (76349,)
2025-07-06 02:10:39.902 | INFO     | eval_module:run_evaluation:78 - Val shape: X = (60168, 100), Y = (60168,)
2025-07-06 02:10:39.902 | INFO     | eval_module:run_evaluation:79 - Test shape: X = (63653, 100), Y = (63653,)
2025-07-06 02:10:39.902 | INFO     | eval_module:run_evaluation:80 - Train prevalence:  0.023955782001074014
2025-07-06 02:10:39.902 | INFO     | eval_module:run_evaluation:81 - Val prevalence:  0.023035500598324692
2025-07-06 02:10:39.903 | INFO     | eval_module:run_evaluation:82 - Test prevalence:  0.024413617582831917
2025-07-06 02:10:39.914 | CRITICAL | eval_module:run_evaluation:91 - Start | Fitting knn...
2025-07-06 02:23:19.930 | INFO     | eval_module:run_evaluation:140 - Best hparams: {'algorithm': 'auto', 'leaf_size': 30, 'metric': 'euclidean', 'metric_params': None, 'n_jobs': None, 'n_neighbors': 5, 'p': 2, 'weights': 'uniform'}
2025-07-06 02:23:19.930 | CRITICAL | eval_module:run_evaluation:143 - Finish | Fitting knn...
2025-07-06 02:23:23.021 | INFO     | eval_module:run_evaluation:154 - Train AUROC: 0.9829913047293456
2025-07-06 02:23:23.021 | INFO     | eval_module:run_evaluation:155 - Val AUROC:   0.516513666585117
2025-07-06 02:23:23.021 | INFO     | eval_module:run_evaluation:156 - Test AUROC:  0.5126991404910535
2025-07-06 02:23:23.209 | INFO     | eval_module:run_evaluation:162 - Train AUPRC: 0.521522104848888
2025-07-06 02:23:23.210 | INFO     | eval_module:run_evaluation:163 - Val AUPRC:   0.024406161291014663
2025-07-06 02:23:23.210 | INFO     | eval_module:run_evaluation:164 - Test AUPRC:  0.02512091830770834
2025-07-06 02:23:23.211 | INFO     | __main__:run_dimensionality_analysis:363 -     Results: AUROC=0.513, AUPRC=0.025
2025-07-06 02:23:23.211 | INFO     | __main__:run_dimensionality_analysis:368 -     Progress: 178/448 (39.7%) - ETA: 21h 14m
2025-07-06 02:23:23.211 | INFO     | __main__:run_dimensionality_analysis:329 -     Reducing to 200 dimensions... (7/8)
2025-07-06 02:23:23.211 | INFO     | reducers:fit_transform:55 - Applying PCA to reduce from 768 to 200 dimensions
2025-07-06 02:23:25.102 | INFO     | __main__:run_dimensionality_analysis:343 -     Reduced shapes - Train: (76349, 200), Val: (60168, 200), Test: (63653, 200)
2025-07-06 02:23:25.117 | CRITICAL | eval_module:run_evaluation:76 - Start | Training knn
2025-07-06 02:23:25.117 | INFO     | eval_module:run_evaluation:77 - Train shape: X = (76349, 200), Y = (76349,)
2025-07-06 02:23:25.117 | INFO     | eval_module:run_evaluation:78 - Val shape: X = (60168, 200), Y = (60168,)
2025-07-06 02:23:25.117 | INFO     | eval_module:run_evaluation:79 - Test shape: X = (63653, 200), Y = (63653,)
2025-07-06 02:23:25.118 | INFO     | eval_module:run_evaluation:80 - Train prevalence:  0.023955782001074014
2025-07-06 02:23:25.118 | INFO     | eval_module:run_evaluation:81 - Val prevalence:  0.023035500598324692
2025-07-06 02:23:25.118 | INFO     | eval_module:run_evaluation:82 - Test prevalence:  0.024413617582831917
2025-07-06 02:23:25.130 | CRITICAL | eval_module:run_evaluation:91 - Start | Fitting knn...
2025-07-06 02:40:12.492 | INFO     | eval_module:run_evaluation:140 - Best hparams: {'algorithm': 'auto', 'leaf_size': 30, 'metric': 'cosine', 'metric_params': None, 'n_jobs': None, 'n_neighbors': 5, 'p': 2, 'weights': 'distance'}
2025-07-06 02:40:12.492 | CRITICAL | eval_module:run_evaluation:143 - Finish | Fitting knn...
2025-07-06 02:44:40.999 | INFO     | eval_module:run_evaluation:154 - Train AUROC: 0.9997160430729696
2025-07-06 02:44:40.999 | INFO     | eval_module:run_evaluation:155 - Val AUROC:   0.5071020663676579
2025-07-06 02:44:41.000 | INFO     | eval_module:run_evaluation:156 - Test AUROC:  0.5050887005829919
2025-07-06 02:44:41.189 | INFO     | eval_module:run_evaluation:162 - Train AUPRC: 0.9993192592025578
2025-07-06 02:44:41.189 | INFO     | eval_module:run_evaluation:163 - Val AUPRC:   0.02440454115504344
2025-07-06 02:44:41.189 | INFO     | eval_module:run_evaluation:164 - Test AUPRC:  0.025785986449586663
2025-07-06 02:44:41.190 | INFO     | __main__:run_dimensionality_analysis:363 -     Results: AUROC=0.505, AUPRC=0.026
2025-07-06 02:44:41.190 | INFO     | __main__:run_dimensionality_analysis:368 -     Progress: 179/448 (40.0%) - ETA: 21h 34m
2025-07-06 02:44:41.190 | INFO     | __main__:run_dimensionality_analysis:329 -     Reducing to 400 dimensions... (8/8)
2025-07-06 02:44:41.190 | INFO     | reducers:fit_transform:55 - Applying PCA to reduce from 768 to 400 dimensions
2025-07-06 02:44:45.632 | INFO     | __main__:run_dimensionality_analysis:343 -     Reduced shapes - Train: (76349, 400), Val: (60168, 400), Test: (63653, 400)
2025-07-06 02:44:45.647 | CRITICAL | eval_module:run_evaluation:76 - Start | Training knn
2025-07-06 02:44:45.647 | INFO     | eval_module:run_evaluation:77 - Train shape: X = (76349, 400), Y = (76349,)
2025-07-06 02:44:45.647 | INFO     | eval_module:run_evaluation:78 - Val shape: X = (60168, 400), Y = (60168,)
2025-07-06 02:44:45.647 | INFO     | eval_module:run_evaluation:79 - Test shape: X = (63653, 400), Y = (63653,)
2025-07-06 02:44:45.648 | INFO     | eval_module:run_evaluation:80 - Train prevalence:  0.023955782001074014
2025-07-06 02:44:45.648 | INFO     | eval_module:run_evaluation:81 - Val prevalence:  0.023035500598324692
2025-07-06 02:44:45.648 | INFO     | eval_module:run_evaluation:82 - Test prevalence:  0.024413617582831917
2025-07-06 02:44:45.686 | CRITICAL | eval_module:run_evaluation:91 - Start | Fitting knn...
2025-07-06 03:10:04.092 | INFO     | eval_module:run_evaluation:140 - Best hparams: {'algorithm': 'auto', 'leaf_size': 30, 'metric': 'cosine', 'metric_params': None, 'n_jobs': None, 'n_neighbors': 5, 'p': 2, 'weights': 'distance'}
2025-07-06 03:10:04.094 | CRITICAL | eval_module:run_evaluation:143 - Finish | Fitting knn...
2025-07-06 03:14:35.403 | INFO     | eval_module:run_evaluation:154 - Train AUROC: 0.9997171215993768
2025-07-06 03:14:35.403 | INFO     | eval_module:run_evaluation:155 - Val AUROC:   0.5157026073250426
2025-07-06 03:14:35.403 | INFO     | eval_module:run_evaluation:156 - Test AUROC:  0.5045984923438667
2025-07-06 03:14:35.593 | INFO     | eval_module:run_evaluation:162 - Train AUPRC: 0.9993516285899707
2025-07-06 03:14:35.593 | INFO     | eval_module:run_evaluation:163 - Val AUPRC:   0.02514960433470578
2025-07-06 03:14:35.593 | INFO     | eval_module:run_evaluation:164 - Test AUPRC:  0.02738795610071519
2025-07-06 03:14:35.594 | INFO     | __main__:run_dimensionality_analysis:363 -     Results: AUROC=0.505, AUPRC=0.027
2025-07-06 03:14:35.594 | INFO     | __main__:run_dimensionality_analysis:368 -     Progress: 180/448 (40.2%) - ETA: 22h 6m
2025-07-06 03:14:35.599 | INFO     | __main__:save_checkpoint:90 - Saved 304 results to ../EHRSHOT_ASSETS/dimensionality_analysis/dimensionality_results.csv
2025-07-06 03:14:35.600 | INFO     | __main__:save_checkpoint:112 - Checkpoint saved: 180 combinations completed
2025-07-06 03:14:35.603 | INFO     | __main__:save_checkpoint:90 - Saved 304 results to ../EHRSHOT_ASSETS/dimensionality_analysis/dimensionality_results.csv
2025-07-06 03:14:35.603 | INFO     | __main__:save_checkpoint:112 - Checkpoint saved: 180 combinations completed
2025-07-06 03:14:35.604 | INFO     | __main__:run_dimensionality_analysis:314 - 
  Testing method 2/2: umap
2025-07-06 03:14:35.605 | INFO     | __main__:run_dimensionality_analysis:329 -     Reducing to 2 dimensions... (1/8)
2025-07-06 03:14:35.605 | INFO     | reducers:fit_transform:101 - Applying UMAP to reduce from 768 to 2 dimensions
2025-07-06 03:14:35.605 | INFO     | reducers:fit_transform:102 - Using n_neighbors: 15, n_jobs: 16
/home/pvenema/.conda/envs/EHRSHOT_ENV/lib/python3.10/site-packages/umap/umap_.py:1952: UserWarning: n_jobs value 1 overridden to 1 by setting random_state. Use no seed for parallelism.
  warn(
2025-07-06 03:16:47.623 | INFO     | __main__:run_dimensionality_analysis:343 -     Reduced shapes - Train: (76349, 2), Val: (60168, 2), Test: (63653, 2)
2025-07-06 03:16:47.638 | CRITICAL | eval_module:run_evaluation:76 - Start | Training knn
2025-07-06 03:16:47.638 | INFO     | eval_module:run_evaluation:77 - Train shape: X = (76349, 2), Y = (76349,)
2025-07-06 03:16:47.639 | INFO     | eval_module:run_evaluation:78 - Val shape: X = (60168, 2), Y = (60168,)
2025-07-06 03:16:47.639 | INFO     | eval_module:run_evaluation:79 - Test shape: X = (63653, 2), Y = (63653,)
2025-07-06 03:16:47.639 | INFO     | eval_module:run_evaluation:80 - Train prevalence:  0.023955782001074014
2025-07-06 03:16:47.639 | INFO     | eval_module:run_evaluation:81 - Val prevalence:  0.023035500598324692
2025-07-06 03:16:47.639 | INFO     | eval_module:run_evaluation:82 - Test prevalence:  0.024413617582831917
2025-07-06 03:16:47.642 | CRITICAL | eval_module:run_evaluation:91 - Start | Fitting knn...
2025-07-06 03:23:39.358 | INFO     | eval_module:run_evaluation:140 - Best hparams: {'algorithm': 'auto', 'leaf_size': 30, 'metric': 'euclidean', 'metric_params': None, 'n_jobs': None, 'n_neighbors': 5, 'p': 2, 'weights': 'uniform'}
2025-07-06 03:23:39.358 | CRITICAL | eval_module:run_evaluation:143 - Finish | Fitting knn...
2025-07-06 03:23:40.031 | INFO     | eval_module:run_evaluation:154 - Train AUROC: 0.9798558377039333
2025-07-06 03:23:40.031 | INFO     | eval_module:run_evaluation:155 - Val AUROC:   0.5102560206928891
2025-07-06 03:23:40.031 | INFO     | eval_module:run_evaluation:156 - Test AUROC:  0.5022425633184261
2025-07-06 03:23:40.220 | INFO     | eval_module:run_evaluation:162 - Train AUPRC: 0.4684251559298306
2025-07-06 03:23:40.221 | INFO     | eval_module:run_evaluation:163 - Val AUPRC:   0.023502173163181646
2025-07-06 03:23:40.221 | INFO     | eval_module:run_evaluation:164 - Test AUPRC:  0.024492116248463088
2025-07-06 03:23:40.222 | INFO     | __main__:run_dimensionality_analysis:363 -     Results: AUROC=0.502, AUPRC=0.024
2025-07-06 03:23:40.222 | INFO     | __main__:run_dimensionality_analysis:368 -     Progress: 181/448 (40.4%) - ETA: 22h 7m
2025-07-06 03:23:40.222 | INFO     | __main__:run_dimensionality_analysis:329 -     Reducing to 5 dimensions... (2/8)
2025-07-06 03:23:40.224 | INFO     | reducers:fit_transform:101 - Applying UMAP to reduce from 768 to 5 dimensions
2025-07-06 03:23:40.224 | INFO     | reducers:fit_transform:102 - Using n_neighbors: 15, n_jobs: 16
/home/pvenema/.conda/envs/EHRSHOT_ENV/lib/python3.10/site-packages/umap/umap_.py:1952: UserWarning: n_jobs value 1 overridden to 1 by setting random_state. Use no seed for parallelism.
  warn(
2025-07-06 03:26:18.986 | INFO     | __main__:run_dimensionality_analysis:343 -     Reduced shapes - Train: (76349, 5), Val: (60168, 5), Test: (63653, 5)
2025-07-06 03:26:19.001 | CRITICAL | eval_module:run_evaluation:76 - Start | Training knn
2025-07-06 03:26:19.001 | INFO     | eval_module:run_evaluation:77 - Train shape: X = (76349, 5), Y = (76349,)
2025-07-06 03:26:19.001 | INFO     | eval_module:run_evaluation:78 - Val shape: X = (60168, 5), Y = (60168,)
2025-07-06 03:26:19.001 | INFO     | eval_module:run_evaluation:79 - Test shape: X = (63653, 5), Y = (63653,)
2025-07-06 03:26:19.001 | INFO     | eval_module:run_evaluation:80 - Train prevalence:  0.023955782001074014
2025-07-06 03:26:19.002 | INFO     | eval_module:run_evaluation:81 - Val prevalence:  0.023035500598324692
2025-07-06 03:26:19.002 | INFO     | eval_module:run_evaluation:82 - Test prevalence:  0.024413617582831917
2025-07-06 03:26:19.005 | CRITICAL | eval_module:run_evaluation:91 - Start | Fitting knn...
2025-07-06 03:33:09.959 | INFO     | eval_module:run_evaluation:140 - Best hparams: {'algorithm': 'auto', 'leaf_size': 30, 'metric': 'cosine', 'metric_params': None, 'n_jobs': None, 'n_neighbors': 5, 'p': 2, 'weights': 'distance'}
2025-07-06 03:33:09.960 | CRITICAL | eval_module:run_evaluation:143 - Finish | Fitting knn...
2025-07-06 03:37:43.066 | INFO     | eval_module:run_evaluation:154 - Train AUROC: 0.9518007979334554
2025-07-06 03:37:43.066 | INFO     | eval_module:run_evaluation:155 - Val AUROC:   0.5097736884635935
2025-07-06 03:37:43.067 | INFO     | eval_module:run_evaluation:156 - Test AUROC:  0.5067632488605452
2025-07-06 03:37:43.256 | INFO     | eval_module:run_evaluation:162 - Train AUPRC: 0.7659712917187834
2025-07-06 03:37:43.257 | INFO     | eval_module:run_evaluation:163 - Val AUPRC:   0.02353369399107144
2025-07-06 03:37:43.257 | INFO     | eval_module:run_evaluation:164 - Test AUPRC:  0.02470631051625759
2025-07-06 03:37:43.257 | INFO     | __main__:run_dimensionality_analysis:363 -     Results: AUROC=0.507, AUPRC=0.025
2025-07-06 03:37:43.257 | INFO     | __main__:run_dimensionality_analysis:368 -     Progress: 182/448 (40.6%) - ETA: 22h 16m
2025-07-06 03:37:43.257 | INFO     | __main__:run_dimensionality_analysis:329 -     Reducing to 10 dimensions... (3/8)
2025-07-06 03:37:43.260 | INFO     | reducers:fit_transform:101 - Applying UMAP to reduce from 768 to 10 dimensions
2025-07-06 03:37:43.260 | INFO     | reducers:fit_transform:102 - Using n_neighbors: 15, n_jobs: 16
/home/pvenema/.conda/envs/EHRSHOT_ENV/lib/python3.10/site-packages/umap/umap_.py:1952: UserWarning: n_jobs value 1 overridden to 1 by setting random_state. Use no seed for parallelism.
  warn(
2025-07-06 03:40:51.637 | INFO     | __main__:run_dimensionality_analysis:343 -     Reduced shapes - Train: (76349, 10), Val: (60168, 10), Test: (63653, 10)
2025-07-06 03:40:51.652 | CRITICAL | eval_module:run_evaluation:76 - Start | Training knn
2025-07-06 03:40:51.652 | INFO     | eval_module:run_evaluation:77 - Train shape: X = (76349, 10), Y = (76349,)
2025-07-06 03:40:51.652 | INFO     | eval_module:run_evaluation:78 - Val shape: X = (60168, 10), Y = (60168,)
2025-07-06 03:40:51.652 | INFO     | eval_module:run_evaluation:79 - Test shape: X = (63653, 10), Y = (63653,)
2025-07-06 03:40:51.653 | INFO     | eval_module:run_evaluation:80 - Train prevalence:  0.023955782001074014
2025-07-06 03:40:51.654 | INFO     | eval_module:run_evaluation:81 - Val prevalence:  0.023035500598324692
2025-07-06 03:40:51.654 | INFO     | eval_module:run_evaluation:82 - Test prevalence:  0.024413617582831917
2025-07-06 03:40:51.658 | CRITICAL | eval_module:run_evaluation:91 - Start | Fitting knn...
2025-07-06 03:47:54.284 | INFO     | eval_module:run_evaluation:140 - Best hparams: {'algorithm': 'auto', 'leaf_size': 30, 'metric': 'euclidean', 'metric_params': None, 'n_jobs': None, 'n_neighbors': 5, 'p': 2, 'weights': 'uniform'}
2025-07-06 03:47:54.284 | CRITICAL | eval_module:run_evaluation:143 - Finish | Fitting knn...
2025-07-06 03:47:56.082 | INFO     | eval_module:run_evaluation:154 - Train AUROC: 0.9807757987185052
2025-07-06 03:47:56.082 | INFO     | eval_module:run_evaluation:155 - Val AUROC:   0.5109980745251747
2025-07-06 03:47:56.082 | INFO     | eval_module:run_evaluation:156 - Test AUROC:  0.5026664567639463
2025-07-06 03:47:56.270 | INFO     | eval_module:run_evaluation:162 - Train AUPRC: 0.48197755215793203
2025-07-06 03:47:56.270 | INFO     | eval_module:run_evaluation:163 - Val AUPRC:   0.02394125668635902
2025-07-06 03:47:56.271 | INFO     | eval_module:run_evaluation:164 - Test AUPRC:  0.02458495415241794
2025-07-06 03:47:56.271 | INFO     | __main__:run_dimensionality_analysis:363 -     Results: AUROC=0.503, AUPRC=0.025
2025-07-06 03:47:56.271 | INFO     | __main__:run_dimensionality_analysis:368 -     Progress: 183/448 (40.8%) - ETA: 22h 18m
2025-07-06 03:47:56.271 | INFO     | __main__:run_dimensionality_analysis:329 -     Reducing to 25 dimensions... (4/8)
2025-07-06 03:47:56.273 | INFO     | reducers:fit_transform:101 - Applying UMAP to reduce from 768 to 25 dimensions
2025-07-06 03:47:56.273 | INFO     | reducers:fit_transform:102 - Using n_neighbors: 15, n_jobs: 16
/home/pvenema/.conda/envs/EHRSHOT_ENV/lib/python3.10/site-packages/umap/umap_.py:1952: UserWarning: n_jobs value 1 overridden to 1 by setting random_state. Use no seed for parallelism.
  warn(
2025-07-06 03:51:35.260 | INFO     | __main__:run_dimensionality_analysis:343 -     Reduced shapes - Train: (76349, 25), Val: (60168, 25), Test: (63653, 25)
2025-07-06 03:51:35.276 | CRITICAL | eval_module:run_evaluation:76 - Start | Training knn
2025-07-06 03:51:35.276 | INFO     | eval_module:run_evaluation:77 - Train shape: X = (76349, 25), Y = (76349,)
2025-07-06 03:51:35.276 | INFO     | eval_module:run_evaluation:78 - Val shape: X = (60168, 25), Y = (60168,)
2025-07-06 03:51:35.276 | INFO     | eval_module:run_evaluation:79 - Test shape: X = (63653, 25), Y = (63653,)
2025-07-06 03:51:35.277 | INFO     | eval_module:run_evaluation:80 - Train prevalence:  0.023955782001074014
2025-07-06 03:51:35.277 | INFO     | eval_module:run_evaluation:81 - Val prevalence:  0.023035500598324692
2025-07-06 03:51:35.277 | INFO     | eval_module:run_evaluation:82 - Test prevalence:  0.024413617582831917
2025-07-06 03:51:35.282 | CRITICAL | eval_module:run_evaluation:91 - Start | Fitting knn...
2025-07-06 04:01:11.006 | INFO     | eval_module:run_evaluation:140 - Best hparams: {'algorithm': 'auto', 'leaf_size': 30, 'metric': 'cosine', 'metric_params': None, 'n_jobs': None, 'n_neighbors': 5, 'p': 2, 'weights': 'uniform'}
2025-07-06 04:01:11.006 | CRITICAL | eval_module:run_evaluation:143 - Finish | Fitting knn...
2025-07-06 04:05:45.768 | INFO     | eval_module:run_evaluation:154 - Train AUROC: 0.9513092320099593
2025-07-06 04:05:45.769 | INFO     | eval_module:run_evaluation:155 - Val AUROC:   0.5088510814753543
2025-07-06 04:05:45.769 | INFO     | eval_module:run_evaluation:156 - Test AUROC:  0.505715294814153
2025-07-06 04:05:45.958 | INFO     | eval_module:run_evaluation:162 - Train AUPRC: 0.4275716673155477
2025-07-06 04:05:45.958 | INFO     | eval_module:run_evaluation:163 - Val AUPRC:   0.02391235269294138
2025-07-06 04:05:45.958 | INFO     | eval_module:run_evaluation:164 - Test AUPRC:  0.024844732209080067
2025-07-06 04:05:45.959 | INFO     | __main__:run_dimensionality_analysis:363 -     Results: AUROC=0.506, AUPRC=0.025
2025-07-06 04:05:45.960 | INFO     | __main__:run_dimensionality_analysis:368 -     Progress: 184/448 (41.1%) - ETA: 22h 32m
2025-07-06 04:05:45.960 | INFO     | __main__:run_dimensionality_analysis:329 -     Reducing to 50 dimensions... (5/8)
2025-07-06 04:05:45.962 | INFO     | reducers:fit_transform:101 - Applying UMAP to reduce from 768 to 50 dimensions
2025-07-06 04:05:45.962 | INFO     | reducers:fit_transform:102 - Using n_neighbors: 15, n_jobs: 16
/home/pvenema/.conda/envs/EHRSHOT_ENV/lib/python3.10/site-packages/umap/umap_.py:1952: UserWarning: n_jobs value 1 overridden to 1 by setting random_state. Use no seed for parallelism.
  warn(
2025-07-06 04:10:00.920 | INFO     | __main__:run_dimensionality_analysis:343 -     Reduced shapes - Train: (76349, 50), Val: (60168, 50), Test: (63653, 50)
2025-07-06 04:10:00.935 | CRITICAL | eval_module:run_evaluation:76 - Start | Training knn
2025-07-06 04:10:00.936 | INFO     | eval_module:run_evaluation:77 - Train shape: X = (76349, 50), Y = (76349,)
2025-07-06 04:10:00.936 | INFO     | eval_module:run_evaluation:78 - Val shape: X = (60168, 50), Y = (60168,)
2025-07-06 04:10:00.936 | INFO     | eval_module:run_evaluation:79 - Test shape: X = (63653, 50), Y = (63653,)
2025-07-06 04:10:00.936 | INFO     | eval_module:run_evaluation:80 - Train prevalence:  0.023955782001074014
2025-07-06 04:10:00.936 | INFO     | eval_module:run_evaluation:81 - Val prevalence:  0.023035500598324692
2025-07-06 04:10:00.936 | INFO     | eval_module:run_evaluation:82 - Test prevalence:  0.024413617582831917
2025-07-06 04:10:00.942 | CRITICAL | eval_module:run_evaluation:91 - Start | Fitting knn...
2025-07-06 04:20:47.230 | INFO     | eval_module:run_evaluation:140 - Best hparams: {'algorithm': 'auto', 'leaf_size': 30, 'metric': 'cosine', 'metric_params': None, 'n_jobs': None, 'n_neighbors': 5, 'p': 2, 'weights': 'uniform'}
2025-07-06 04:20:47.231 | CRITICAL | eval_module:run_evaluation:143 - Finish | Fitting knn...
2025-07-06 04:25:31.915 | INFO     | eval_module:run_evaluation:154 - Train AUROC: 0.9390637458997654
2025-07-06 04:25:31.916 | INFO     | eval_module:run_evaluation:155 - Val AUROC:   0.5101261476172162
2025-07-06 04:25:31.916 | INFO     | eval_module:run_evaluation:156 - Test AUROC:  0.5064014941227135
2025-07-06 04:25:32.105 | INFO     | eval_module:run_evaluation:162 - Train AUPRC: 0.40033099074540585
2025-07-06 04:25:32.105 | INFO     | eval_module:run_evaluation:163 - Val AUPRC:   0.023630196774042996
2025-07-06 04:25:32.106 | INFO     | eval_module:run_evaluation:164 - Test AUPRC:  0.02479261182281001
2025-07-06 04:25:32.106 | INFO     | __main__:run_dimensionality_analysis:363 -     Results: AUROC=0.506, AUPRC=0.025
2025-07-06 04:25:32.106 | INFO     | __main__:run_dimensionality_analysis:368 -     Progress: 185/448 (41.3%) - ETA: 22h 47m
2025-07-06 04:25:32.112 | INFO     | __main__:save_checkpoint:90 - Saved 314 results to ../EHRSHOT_ASSETS/dimensionality_analysis/dimensionality_results.csv
2025-07-06 04:25:32.113 | INFO     | __main__:save_checkpoint:112 - Checkpoint saved: 185 combinations completed
2025-07-06 04:25:32.113 | INFO     | __main__:run_dimensionality_analysis:329 -     Reducing to 100 dimensions... (6/8)
2025-07-06 04:25:32.115 | INFO     | reducers:fit_transform:101 - Applying UMAP to reduce from 768 to 100 dimensions
2025-07-06 04:25:32.115 | INFO     | reducers:fit_transform:102 - Using n_neighbors: 15, n_jobs: 16
/home/pvenema/.conda/envs/EHRSHOT_ENV/lib/python3.10/site-packages/umap/umap_.py:1952: UserWarning: n_jobs value 1 overridden to 1 by setting random_state. Use no seed for parallelism.
  warn(
2025-07-06 04:31:18.000 | INFO     | __main__:run_dimensionality_analysis:343 -     Reduced shapes - Train: (76349, 100), Val: (60168, 100), Test: (63653, 100)
2025-07-06 04:31:18.015 | CRITICAL | eval_module:run_evaluation:76 - Start | Training knn
2025-07-06 04:31:18.016 | INFO     | eval_module:run_evaluation:77 - Train shape: X = (76349, 100), Y = (76349,)
2025-07-06 04:31:18.017 | INFO     | eval_module:run_evaluation:78 - Val shape: X = (60168, 100), Y = (60168,)
2025-07-06 04:31:18.017 | INFO     | eval_module:run_evaluation:79 - Test shape: X = (63653, 100), Y = (63653,)
2025-07-06 04:31:18.017 | INFO     | eval_module:run_evaluation:80 - Train prevalence:  0.023955782001074014
2025-07-06 04:31:18.017 | INFO     | eval_module:run_evaluation:81 - Val prevalence:  0.023035500598324692
2025-07-06 04:31:18.018 | INFO     | eval_module:run_evaluation:82 - Test prevalence:  0.024413617582831917
2025-07-06 04:31:18.026 | CRITICAL | eval_module:run_evaluation:91 - Start | Fitting knn...
2025-07-06 04:44:11.040 | INFO     | eval_module:run_evaluation:140 - Best hparams: {'algorithm': 'auto', 'leaf_size': 30, 'metric': 'euclidean', 'metric_params': None, 'n_jobs': None, 'n_neighbors': 5, 'p': 2, 'weights': 'uniform'}
2025-07-06 04:44:11.041 | CRITICAL | eval_module:run_evaluation:143 - Finish | Fitting knn...
2025-07-06 04:44:14.066 | INFO     | eval_module:run_evaluation:154 - Train AUROC: 0.981098571590822
2025-07-06 04:44:14.066 | INFO     | eval_module:run_evaluation:155 - Val AUROC:   0.5159064139109051
2025-07-06 04:44:14.066 | INFO     | eval_module:run_evaluation:156 - Test AUROC:  0.5033436251571809
2025-07-06 04:44:14.255 | INFO     | eval_module:run_evaluation:162 - Train AUPRC: 0.4897228577930436
2025-07-06 04:44:14.255 | INFO     | eval_module:run_evaluation:163 - Val AUPRC:   0.024161696795919493
2025-07-06 04:44:14.255 | INFO     | eval_module:run_evaluation:164 - Test AUPRC:  0.024646962169379057
2025-07-06 04:44:14.255 | INFO     | __main__:run_dimensionality_analysis:363 -     Results: AUROC=0.503, AUPRC=0.025
2025-07-06 04:44:14.255 | INFO     | __main__:run_dimensionality_analysis:368 -     Progress: 186/448 (41.5%) - ETA: 23h 1m
2025-07-06 04:44:14.256 | INFO     | __main__:run_dimensionality_analysis:329 -     Reducing to 200 dimensions... (7/8)
2025-07-06 04:44:14.258 | INFO     | reducers:fit_transform:101 - Applying UMAP to reduce from 768 to 200 dimensions
2025-07-06 04:44:14.258 | INFO     | reducers:fit_transform:102 - Using n_neighbors: 15, n_jobs: 16
/home/pvenema/.conda/envs/EHRSHOT_ENV/lib/python3.10/site-packages/umap/umap_.py:1952: UserWarning: n_jobs value 1 overridden to 1 by setting random_state. Use no seed for parallelism.
  warn(
2025-07-06 04:54:39.417 | INFO     | __main__:run_dimensionality_analysis:343 -     Reduced shapes - Train: (76349, 200), Val: (60168, 200), Test: (63653, 200)
2025-07-06 04:54:39.432 | CRITICAL | eval_module:run_evaluation:76 - Start | Training knn
2025-07-06 04:54:39.432 | INFO     | eval_module:run_evaluation:77 - Train shape: X = (76349, 200), Y = (76349,)
2025-07-06 04:54:39.432 | INFO     | eval_module:run_evaluation:78 - Val shape: X = (60168, 200), Y = (60168,)
2025-07-06 04:54:39.433 | INFO     | eval_module:run_evaluation:79 - Test shape: X = (63653, 200), Y = (63653,)
2025-07-06 04:54:39.434 | INFO     | eval_module:run_evaluation:80 - Train prevalence:  0.023955782001074014
2025-07-06 04:54:39.434 | INFO     | eval_module:run_evaluation:81 - Val prevalence:  0.023035500598324692
2025-07-06 04:54:39.434 | INFO     | eval_module:run_evaluation:82 - Test prevalence:  0.024413617582831917
2025-07-06 04:54:39.450 | CRITICAL | eval_module:run_evaluation:91 - Start | Fitting knn...
2025-07-06 05:11:46.736 | INFO     | eval_module:run_evaluation:140 - Best hparams: {'algorithm': 'auto', 'leaf_size': 30, 'metric': 'cosine', 'metric_params': None, 'n_jobs': None, 'n_neighbors': 5, 'p': 2, 'weights': 'uniform'}
2025-07-06 05:11:46.736 | CRITICAL | eval_module:run_evaluation:143 - Finish | Fitting knn...
2025-07-06 05:16:45.745 | INFO     | eval_module:run_evaluation:154 - Train AUROC: 0.9075541787102116
2025-07-06 05:16:45.746 | INFO     | eval_module:run_evaluation:155 - Val AUROC:   0.5106567050912258
2025-07-06 05:16:45.746 | INFO     | eval_module:run_evaluation:156 - Test AUROC:  0.5053721925692489
2025-07-06 05:16:45.935 | INFO     | eval_module:run_evaluation:162 - Train AUPRC: 0.33516657517560017
2025-07-06 05:16:45.936 | INFO     | eval_module:run_evaluation:163 - Val AUPRC:   0.0238143758435406
2025-07-06 05:16:45.936 | INFO     | eval_module:run_evaluation:164 - Test AUPRC:  0.02477448435250368
2025-07-06 05:16:45.937 | INFO     | __main__:run_dimensionality_analysis:363 -     Results: AUROC=0.505, AUPRC=0.025
2025-07-06 05:16:45.937 | INFO     | __main__:run_dimensionality_analysis:368 -     Progress: 187/448 (41.7%) - ETA: 23h 34m
2025-07-06 05:16:45.937 | INFO     | __main__:run_dimensionality_analysis:329 -     Reducing to 400 dimensions... (8/8)
2025-07-06 05:16:45.939 | INFO     | reducers:fit_transform:101 - Applying UMAP to reduce from 768 to 400 dimensions
2025-07-06 05:16:45.940 | INFO     | reducers:fit_transform:102 - Using n_neighbors: 15, n_jobs: 16
/home/pvenema/.conda/envs/EHRSHOT_ENV/lib/python3.10/site-packages/umap/umap_.py:1952: UserWarning: n_jobs value 1 overridden to 1 by setting random_state. Use no seed for parallelism.
  warn(
2025-07-06 05:38:41.515 | INFO     | __main__:run_dimensionality_analysis:343 -     Reduced shapes - Train: (76349, 400), Val: (60168, 400), Test: (63653, 400)
2025-07-06 05:38:41.530 | CRITICAL | eval_module:run_evaluation:76 - Start | Training knn
2025-07-06 05:38:41.531 | INFO     | eval_module:run_evaluation:77 - Train shape: X = (76349, 400), Y = (76349,)
2025-07-06 05:38:41.531 | INFO     | eval_module:run_evaluation:78 - Val shape: X = (60168, 400), Y = (60168,)
2025-07-06 05:38:41.531 | INFO     | eval_module:run_evaluation:79 - Test shape: X = (63653, 400), Y = (63653,)
2025-07-06 05:38:41.531 | INFO     | eval_module:run_evaluation:80 - Train prevalence:  0.023955782001074014
2025-07-06 05:38:41.531 | INFO     | eval_module:run_evaluation:81 - Val prevalence:  0.023035500598324692
2025-07-06 05:38:41.532 | INFO     | eval_module:run_evaluation:82 - Test prevalence:  0.024413617582831917
2025-07-06 05:38:41.552 | CRITICAL | eval_module:run_evaluation:91 - Start | Fitting knn...
2025-07-06 06:04:08.678 | INFO     | eval_module:run_evaluation:140 - Best hparams: {'algorithm': 'auto', 'leaf_size': 30, 'metric': 'cosine', 'metric_params': None, 'n_jobs': None, 'n_neighbors': 5, 'p': 2, 'weights': 'uniform'}
2025-07-06 06:04:08.678 | CRITICAL | eval_module:run_evaluation:143 - Finish | Fitting knn...
2025-07-06 06:08:55.854 | INFO     | eval_module:run_evaluation:154 - Train AUROC: 0.9017094166654193
2025-07-06 06:08:55.854 | INFO     | eval_module:run_evaluation:155 - Val AUROC:   0.5193768272261687
2025-07-06 06:08:55.854 | INFO     | eval_module:run_evaluation:156 - Test AUROC:  0.504235400844042
2025-07-06 06:08:56.043 | INFO     | eval_module:run_evaluation:162 - Train AUPRC: 0.29405399522208486
2025-07-06 06:08:56.043 | INFO     | eval_module:run_evaluation:163 - Val AUPRC:   0.02437197368059816
2025-07-06 06:08:56.043 | INFO     | eval_module:run_evaluation:164 - Test AUPRC:  0.024675478169529686
2025-07-06 06:08:56.044 | INFO     | __main__:run_dimensionality_analysis:363 -     Results: AUROC=0.504, AUPRC=0.025
2025-07-06 06:08:56.044 | INFO     | __main__:run_dimensionality_analysis:368 -     Progress: 188/448 (42.0%) - ETA: 24h 33m
2025-07-06 06:08:56.051 | INFO     | __main__:save_checkpoint:90 - Saved 320 results to ../EHRSHOT_ASSETS/dimensionality_analysis/dimensionality_results.csv
2025-07-06 06:08:56.051 | INFO     | __main__:save_checkpoint:112 - Checkpoint saved: 188 combinations completed
2025-07-06 06:08:56.054 | INFO     | __main__:save_checkpoint:90 - Saved 320 results to ../EHRSHOT_ASSETS/dimensionality_analysis/dimensionality_results.csv
2025-07-06 06:08:56.055 | INFO     | __main__:save_checkpoint:112 - Checkpoint saved: 188 combinations completed
2025-07-06 06:08:56.055 | INFO     | __main__:run_dimensionality_analysis:397 - ✅ Task lab_hyperkalemia completed!
2025-07-06 06:08:56.055 | INFO     | __main__:run_dimensionality_analysis:237 - 
==================================================
2025-07-06 06:08:56.055 | INFO     | __main__:run_dimensionality_analysis:238 - Processing task 6/14: lab_hypoglycemia
2025-07-06 06:08:56.055 | INFO     | __main__:run_dimensionality_analysis:239 - ==================================================
2025-07-06 06:08:57.659 | INFO     | __main__:run_dimensionality_analysis:245 - Loaded labeled patients for lab_hypoglycemia
2025-07-06 06:18:18.606 | INFO     | __main__:run_dimensionality_analysis:262 - 
Processing model 1/2: clmbr
2025-07-06 06:18:18.720 | INFO     | __main__:run_dimensionality_analysis:281 - Data shapes - Train: (122108, 768), Val: (95488, 768), Test: (100568, 768)
2025-07-06 06:18:18.721 | INFO     | __main__:run_dimensionality_analysis:282 - Label distribution - Train: 0.016, Val: 0.015, Test: 0.014
2025-07-06 06:18:18.721 | INFO     | __main__:run_dimensionality_analysis:311 -   🚫 Skipping baseline evaluation (--skip-baseline enabled)
2025-07-06 06:18:18.721 | INFO     | __main__:run_dimensionality_analysis:314 - 
  Testing method 1/2: pca
2025-07-06 06:18:18.721 | INFO     | __main__:run_dimensionality_analysis:329 -     Reducing to 2 dimensions... (1/8)
2025-07-06 06:18:18.724 | INFO     | reducers:fit_transform:55 - Applying PCA to reduce from 768 to 2 dimensions
2025-07-06 06:18:21.158 | INFO     | __main__:run_dimensionality_analysis:343 -     Reduced shapes - Train: (122108, 2), Val: (95488, 2), Test: (100568, 2)
2025-07-06 06:18:21.182 | CRITICAL | eval_module:run_evaluation:76 - Start | Training knn
2025-07-06 06:18:21.182 | INFO     | eval_module:run_evaluation:77 - Train shape: X = (122108, 2), Y = (122108,)
2025-07-06 06:18:21.182 | INFO     | eval_module:run_evaluation:78 - Val shape: X = (95488, 2), Y = (95488,)
2025-07-06 06:18:21.183 | INFO     | eval_module:run_evaluation:79 - Test shape: X = (100568, 2), Y = (100568,)
2025-07-06 06:18:21.183 | INFO     | eval_module:run_evaluation:80 - Train prevalence:  0.01559275395551479
2025-07-06 06:18:21.183 | INFO     | eval_module:run_evaluation:81 - Val prevalence:  0.01517468163538874
2025-07-06 06:18:21.183 | INFO     | eval_module:run_evaluation:82 - Test prevalence:  0.013602736456924667
2025-07-06 06:18:21.188 | CRITICAL | eval_module:run_evaluation:91 - Start | Fitting knn...
2025-07-06 06:36:32.534 | INFO     | eval_module:run_evaluation:140 - Best hparams: {'algorithm': 'auto', 'leaf_size': 30, 'metric': 'euclidean', 'metric_params': None, 'n_jobs': None, 'n_neighbors': 5, 'p': 2, 'weights': 'uniform'}
2025-07-06 06:36:32.534 | CRITICAL | eval_module:run_evaluation:143 - Finish | Fitting knn...
2025-07-06 06:36:33.851 | INFO     | eval_module:run_evaluation:154 - Train AUROC: 0.9730134912979868
2025-07-06 06:36:33.851 | INFO     | eval_module:run_evaluation:155 - Val AUROC:   0.5069168364290602
2025-07-06 06:36:33.851 | INFO     | eval_module:run_evaluation:156 - Test AUROC:  0.5046125620460762
2025-07-06 06:36:34.160 | INFO     | eval_module:run_evaluation:162 - Train AUPRC: 0.2494882040710296
2025-07-06 06:36:34.160 | INFO     | eval_module:run_evaluation:163 - Val AUPRC:   0.015532211734055201
2025-07-06 06:36:34.160 | INFO     | eval_module:run_evaluation:164 - Test AUPRC:  0.013750856650082728
2025-07-06 06:36:34.160 | INFO     | __main__:run_dimensionality_analysis:363 -     Results: AUROC=0.505, AUPRC=0.014
2025-07-06 06:36:34.161 | INFO     | __main__:run_dimensionality_analysis:368 -     Progress: 189/448 (42.2%) - ETA: 24h 57m
2025-07-06 06:36:34.161 | INFO     | __main__:run_dimensionality_analysis:329 -     Reducing to 5 dimensions... (2/8)
2025-07-06 06:36:34.161 | INFO     | reducers:fit_transform:55 - Applying PCA to reduce from 768 to 5 dimensions
2025-07-06 06:36:36.617 | INFO     | __main__:run_dimensionality_analysis:343 -     Reduced shapes - Train: (122108, 5), Val: (95488, 5), Test: (100568, 5)
2025-07-06 06:36:36.641 | CRITICAL | eval_module:run_evaluation:76 - Start | Training knn
2025-07-06 06:36:36.641 | INFO     | eval_module:run_evaluation:77 - Train shape: X = (122108, 5), Y = (122108,)
2025-07-06 06:36:36.641 | INFO     | eval_module:run_evaluation:78 - Val shape: X = (95488, 5), Y = (95488,)
2025-07-06 06:36:36.641 | INFO     | eval_module:run_evaluation:79 - Test shape: X = (100568, 5), Y = (100568,)
2025-07-06 06:36:36.642 | INFO     | eval_module:run_evaluation:80 - Train prevalence:  0.01559275395551479
2025-07-06 06:36:36.642 | INFO     | eval_module:run_evaluation:81 - Val prevalence:  0.01517468163538874
2025-07-06 06:36:36.643 | INFO     | eval_module:run_evaluation:82 - Test prevalence:  0.013602736456924667
2025-07-06 06:36:36.650 | CRITICAL | eval_module:run_evaluation:91 - Start | Fitting knn...
2025-07-06 06:54:06.574 | INFO     | eval_module:run_evaluation:140 - Best hparams: {'algorithm': 'auto', 'leaf_size': 30, 'metric': 'euclidean', 'metric_params': None, 'n_jobs': None, 'n_neighbors': 5, 'p': 2, 'weights': 'distance'}
2025-07-06 06:54:06.575 | CRITICAL | eval_module:run_evaluation:143 - Finish | Fitting knn...
2025-07-06 06:54:11.593 | INFO     | eval_module:run_evaluation:154 - Train AUROC: 0.9991977355232798
2025-07-06 06:54:11.594 | INFO     | eval_module:run_evaluation:155 - Val AUROC:   0.5126464754491424
2025-07-06 06:54:11.594 | INFO     | eval_module:run_evaluation:156 - Test AUROC:  0.51027844834701
2025-07-06 06:54:11.902 | INFO     | eval_module:run_evaluation:162 - Train AUPRC: 0.9970079775480837
2025-07-06 06:54:11.903 | INFO     | eval_module:run_evaluation:163 - Val AUPRC:   0.015820758472737312
2025-07-06 06:54:11.903 | INFO     | eval_module:run_evaluation:164 - Test AUPRC:  0.014008635405855842
2025-07-06 06:54:11.903 | INFO     | __main__:run_dimensionality_analysis:363 -     Results: AUROC=0.510, AUPRC=0.014
2025-07-06 06:54:11.903 | INFO     | __main__:run_dimensionality_analysis:368 -     Progress: 190/448 (42.4%) - ETA: 25h 8m
2025-07-06 06:54:11.909 | INFO     | __main__:save_checkpoint:90 - Saved 324 results to ../EHRSHOT_ASSETS/dimensionality_analysis/dimensionality_results.csv
2025-07-06 06:54:11.910 | INFO     | __main__:save_checkpoint:112 - Checkpoint saved: 190 combinations completed
2025-07-06 06:54:11.910 | INFO     | __main__:run_dimensionality_analysis:329 -     Reducing to 10 dimensions... (3/8)
2025-07-06 06:54:11.910 | INFO     | reducers:fit_transform:55 - Applying PCA to reduce from 768 to 10 dimensions
2025-07-06 06:54:14.431 | INFO     | __main__:run_dimensionality_analysis:343 -     Reduced shapes - Train: (122108, 10), Val: (95488, 10), Test: (100568, 10)
2025-07-06 06:54:14.455 | CRITICAL | eval_module:run_evaluation:76 - Start | Training knn
2025-07-06 06:54:14.455 | INFO     | eval_module:run_evaluation:77 - Train shape: X = (122108, 10), Y = (122108,)
2025-07-06 06:54:14.455 | INFO     | eval_module:run_evaluation:78 - Val shape: X = (95488, 10), Y = (95488,)
2025-07-06 06:54:14.455 | INFO     | eval_module:run_evaluation:79 - Test shape: X = (100568, 10), Y = (100568,)
2025-07-06 06:54:14.455 | INFO     | eval_module:run_evaluation:80 - Train prevalence:  0.01559275395551479
2025-07-06 06:54:14.456 | INFO     | eval_module:run_evaluation:81 - Val prevalence:  0.01517468163538874
2025-07-06 06:54:14.456 | INFO     | eval_module:run_evaluation:82 - Test prevalence:  0.013602736456924667
2025-07-06 06:54:14.466 | CRITICAL | eval_module:run_evaluation:91 - Start | Fitting knn...
2025-07-06 07:13:31.833 | INFO     | eval_module:run_evaluation:140 - Best hparams: {'algorithm': 'auto', 'leaf_size': 30, 'metric': 'euclidean', 'metric_params': None, 'n_jobs': None, 'n_neighbors': 5, 'p': 2, 'weights': 'distance'}
2025-07-06 07:13:31.833 | CRITICAL | eval_module:run_evaluation:143 - Finish | Fitting knn...
2025-07-06 07:14:09.667 | INFO     | eval_module:run_evaluation:154 - Train AUROC: 0.9991977355232798
2025-07-06 07:14:09.668 | INFO     | eval_module:run_evaluation:155 - Val AUROC:   0.5119716493408815
2025-07-06 07:14:09.668 | INFO     | eval_module:run_evaluation:156 - Test AUROC:  0.514856354490898
2025-07-06 07:14:09.978 | INFO     | eval_module:run_evaluation:162 - Train AUPRC: 0.9970079775480837
2025-07-06 07:14:09.979 | INFO     | eval_module:run_evaluation:163 - Val AUPRC:   0.01591603498697755
2025-07-06 07:14:09.979 | INFO     | eval_module:run_evaluation:164 - Test AUPRC:  0.014512300640075164
2025-07-06 07:14:09.979 | INFO     | __main__:run_dimensionality_analysis:363 -     Results: AUROC=0.515, AUPRC=0.015
2025-07-06 07:14:09.980 | INFO     | __main__:run_dimensionality_analysis:368 -     Progress: 191/448 (42.6%) - ETA: 25h 21m
2025-07-06 07:14:09.980 | INFO     | __main__:run_dimensionality_analysis:329 -     Reducing to 25 dimensions... (4/8)
2025-07-06 07:14:09.980 | INFO     | reducers:fit_transform:55 - Applying PCA to reduce from 768 to 25 dimensions
2025-07-06 07:14:12.833 | INFO     | __main__:run_dimensionality_analysis:343 -     Reduced shapes - Train: (122108, 25), Val: (95488, 25), Test: (100568, 25)
2025-07-06 07:14:12.858 | CRITICAL | eval_module:run_evaluation:76 - Start | Training knn
2025-07-06 07:14:12.858 | INFO     | eval_module:run_evaluation:77 - Train shape: X = (122108, 25), Y = (122108,)
2025-07-06 07:14:12.858 | INFO     | eval_module:run_evaluation:78 - Val shape: X = (95488, 25), Y = (95488,)
2025-07-06 07:14:12.858 | INFO     | eval_module:run_evaluation:79 - Test shape: X = (100568, 25), Y = (100568,)
2025-07-06 07:14:12.858 | INFO     | eval_module:run_evaluation:80 - Train prevalence:  0.01559275395551479
2025-07-06 07:14:12.859 | INFO     | eval_module:run_evaluation:81 - Val prevalence:  0.01517468163538874
2025-07-06 07:14:12.859 | INFO     | eval_module:run_evaluation:82 - Test prevalence:  0.013602736456924667
2025-07-06 07:14:12.869 | CRITICAL | eval_module:run_evaluation:91 - Start | Fitting knn...
2025-07-06 07:38:53.402 | INFO     | eval_module:run_evaluation:140 - Best hparams: {'algorithm': 'auto', 'leaf_size': 30, 'metric': 'cosine', 'metric_params': None, 'n_jobs': None, 'n_neighbors': 5, 'p': 2, 'weights': 'distance'}
2025-07-06 07:38:53.403 | CRITICAL | eval_module:run_evaluation:143 - Finish | Fitting knn...
2025-07-06 07:50:53.039 | INFO     | eval_module:run_evaluation:154 - Train AUROC: 0.9991820846088262
2025-07-06 07:50:53.039 | INFO     | eval_module:run_evaluation:155 - Val AUROC:   0.532672379712715
2025-07-06 07:50:53.039 | INFO     | eval_module:run_evaluation:156 - Test AUROC:  0.5236419425580079
2025-07-06 07:50:53.346 | INFO     | eval_module:run_evaluation:162 - Train AUPRC: 0.9973592609347282
2025-07-06 07:50:53.346 | INFO     | eval_module:run_evaluation:163 - Val AUPRC:   0.02414175847674728
2025-07-06 07:50:53.347 | INFO     | eval_module:run_evaluation:164 - Test AUPRC:  0.014943018646144285
2025-07-06 07:50:53.347 | INFO     | __main__:run_dimensionality_analysis:363 -     Results: AUROC=0.524, AUPRC=0.015
2025-07-06 07:50:53.347 | INFO     | __main__:run_dimensionality_analysis:368 -     Progress: 192/448 (42.9%) - ETA: 25h 56m
2025-07-06 07:50:53.347 | INFO     | __main__:run_dimensionality_analysis:329 -     Reducing to 50 dimensions... (5/8)
2025-07-06 07:50:53.347 | INFO     | reducers:fit_transform:55 - Applying PCA to reduce from 768 to 50 dimensions
2025-07-06 07:50:56.770 | INFO     | __main__:run_dimensionality_analysis:343 -     Reduced shapes - Train: (122108, 50), Val: (95488, 50), Test: (100568, 50)
2025-07-06 07:50:56.794 | CRITICAL | eval_module:run_evaluation:76 - Start | Training knn
2025-07-06 07:50:56.796 | INFO     | eval_module:run_evaluation:77 - Train shape: X = (122108, 50), Y = (122108,)
2025-07-06 07:50:56.796 | INFO     | eval_module:run_evaluation:78 - Val shape: X = (95488, 50), Y = (95488,)
2025-07-06 07:50:56.796 | INFO     | eval_module:run_evaluation:79 - Test shape: X = (100568, 50), Y = (100568,)
2025-07-06 07:50:56.796 | INFO     | eval_module:run_evaluation:80 - Train prevalence:  0.01559275395551479
2025-07-06 07:50:56.796 | INFO     | eval_module:run_evaluation:81 - Val prevalence:  0.01517468163538874
2025-07-06 07:50:56.797 | INFO     | eval_module:run_evaluation:82 - Test prevalence:  0.013602736456924667
2025-07-06 07:50:56.811 | CRITICAL | eval_module:run_evaluation:91 - Start | Fitting knn...
2025-07-06 08:19:00.384 | INFO     | eval_module:run_evaluation:140 - Best hparams: {'algorithm': 'auto', 'leaf_size': 30, 'metric': 'cosine', 'metric_params': None, 'n_jobs': None, 'n_neighbors': 5, 'p': 2, 'weights': 'distance'}
2025-07-06 08:19:00.384 | CRITICAL | eval_module:run_evaluation:143 - Finish | Fitting knn...
2025-07-06 08:30:50.103 | INFO     | eval_module:run_evaluation:154 - Train AUROC: 0.9991815996139896
2025-07-06 08:30:50.103 | INFO     | eval_module:run_evaluation:155 - Val AUROC:   0.5424050199691387
2025-07-06 08:30:50.103 | INFO     | eval_module:run_evaluation:156 - Test AUROC:  0.5242999220371156
2025-07-06 08:30:50.410 | INFO     | eval_module:run_evaluation:162 - Train AUPRC: 0.9973965586200622
2025-07-06 08:30:50.411 | INFO     | eval_module:run_evaluation:163 - Val AUPRC:   0.030071588770144275
2025-07-06 08:30:50.411 | INFO     | eval_module:run_evaluation:164 - Test AUPRC:  0.014833484541449784
2025-07-06 08:30:50.411 | INFO     | __main__:run_dimensionality_analysis:363 -     Results: AUROC=0.524, AUPRC=0.015
2025-07-06 08:30:50.411 | INFO     | __main__:run_dimensionality_analysis:368 -     Progress: 193/448 (43.1%) - ETA: 26h 35m
2025-07-06 08:30:50.412 | INFO     | __main__:run_dimensionality_analysis:329 -     Reducing to 100 dimensions... (6/8)
2025-07-06 08:30:50.412 | INFO     | reducers:fit_transform:55 - Applying PCA to reduce from 768 to 100 dimensions
2025-07-06 08:30:54.775 | INFO     | __main__:run_dimensionality_analysis:343 -     Reduced shapes - Train: (122108, 100), Val: (95488, 100), Test: (100568, 100)
2025-07-06 08:30:54.799 | CRITICAL | eval_module:run_evaluation:76 - Start | Training knn
2025-07-06 08:30:54.799 | INFO     | eval_module:run_evaluation:77 - Train shape: X = (122108, 100), Y = (122108,)
2025-07-06 08:30:54.800 | INFO     | eval_module:run_evaluation:78 - Val shape: X = (95488, 100), Y = (95488,)
2025-07-06 08:30:54.800 | INFO     | eval_module:run_evaluation:79 - Test shape: X = (100568, 100), Y = (100568,)
2025-07-06 08:30:54.800 | INFO     | eval_module:run_evaluation:80 - Train prevalence:  0.01559275395551479
2025-07-06 08:30:54.800 | INFO     | eval_module:run_evaluation:81 - Val prevalence:  0.01517468163538874
2025-07-06 08:30:54.800 | INFO     | eval_module:run_evaluation:82 - Test prevalence:  0.013602736456924667
2025-07-06 08:30:54.821 | CRITICAL | eval_module:run_evaluation:91 - Start | Fitting knn...
2025-07-06 09:05:52.865 | INFO     | eval_module:run_evaluation:140 - Best hparams: {'algorithm': 'auto', 'leaf_size': 30, 'metric': 'cosine', 'metric_params': None, 'n_jobs': None, 'n_neighbors': 5, 'p': 2, 'weights': 'distance'}
2025-07-06 09:05:52.865 | CRITICAL | eval_module:run_evaluation:143 - Finish | Fitting knn...
2025-07-06 09:17:45.874 | INFO     | eval_module:run_evaluation:154 - Train AUROC: 0.9991808131358763
2025-07-06 09:17:45.875 | INFO     | eval_module:run_evaluation:155 - Val AUROC:   0.5472130922348848
2025-07-06 09:17:45.875 | INFO     | eval_module:run_evaluation:156 - Test AUROC:  0.5299464613103658
2025-07-06 09:17:46.181 | INFO     | eval_module:run_evaluation:162 - Train AUPRC: 0.9973763211640185
2025-07-06 09:17:46.182 | INFO     | eval_module:run_evaluation:163 - Val AUPRC:   0.02765730169959167
2025-07-06 09:17:46.182 | INFO     | eval_module:run_evaluation:164 - Test AUPRC:  0.016664893579427336
2025-07-06 09:17:46.183 | INFO     | __main__:run_dimensionality_analysis:363 -     Results: AUROC=0.530, AUPRC=0.017
2025-07-06 09:17:46.183 | INFO     | __main__:run_dimensionality_analysis:368 -     Progress: 194/448 (43.3%) - ETA: 27h 22m
2025-07-06 09:17:46.184 | INFO     | __main__:run_dimensionality_analysis:329 -     Reducing to 200 dimensions... (7/8)
2025-07-06 09:17:46.184 | INFO     | reducers:fit_transform:55 - Applying PCA to reduce from 768 to 200 dimensions
2025-07-06 09:17:52.809 | INFO     | __main__:run_dimensionality_analysis:343 -     Reduced shapes - Train: (122108, 200), Val: (95488, 200), Test: (100568, 200)
2025-07-06 09:17:52.833 | CRITICAL | eval_module:run_evaluation:76 - Start | Training knn
2025-07-06 09:17:52.834 | INFO     | eval_module:run_evaluation:77 - Train shape: X = (122108, 200), Y = (122108,)
2025-07-06 09:17:52.834 | INFO     | eval_module:run_evaluation:78 - Val shape: X = (95488, 200), Y = (95488,)
2025-07-06 09:17:52.834 | INFO     | eval_module:run_evaluation:79 - Test shape: X = (100568, 200), Y = (100568,)
2025-07-06 09:17:52.835 | INFO     | eval_module:run_evaluation:80 - Train prevalence:  0.01559275395551479
2025-07-06 09:17:52.835 | INFO     | eval_module:run_evaluation:81 - Val prevalence:  0.01517468163538874
2025-07-06 09:17:52.835 | INFO     | eval_module:run_evaluation:82 - Test prevalence:  0.013602736456924667
2025-07-06 09:17:52.884 | CRITICAL | eval_module:run_evaluation:91 - Start | Fitting knn...
2025-07-06 10:06:21.463 | INFO     | eval_module:run_evaluation:140 - Best hparams: {'algorithm': 'auto', 'leaf_size': 30, 'metric': 'cosine', 'metric_params': None, 'n_jobs': None, 'n_neighbors': 5, 'p': 2, 'weights': 'distance'}
2025-07-06 10:06:21.464 | CRITICAL | eval_module:run_evaluation:143 - Finish | Fitting knn...
2025-07-06 10:18:21.024 | INFO     | eval_module:run_evaluation:154 - Train AUROC: 0.999179836592219
2025-07-06 10:18:21.025 | INFO     | eval_module:run_evaluation:155 - Val AUROC:   0.5520915103347832
2025-07-06 10:18:21.025 | INFO     | eval_module:run_evaluation:156 - Test AUROC:  0.5362803708911055
2025-07-06 10:18:21.332 | INFO     | eval_module:run_evaluation:162 - Train AUPRC: 0.9974112024016628
2025-07-06 10:18:21.332 | INFO     | eval_module:run_evaluation:163 - Val AUPRC:   0.0297435505568487
2025-07-06 10:18:21.332 | INFO     | eval_module:run_evaluation:164 - Test AUPRC:  0.01838706443736418
2025-07-06 10:18:21.333 | INFO     | __main__:run_dimensionality_analysis:363 -     Results: AUROC=0.536, AUPRC=0.018
2025-07-06 10:18:21.334 | INFO     | __main__:run_dimensionality_analysis:368 -     Progress: 195/448 (43.5%) - ETA: 28h 26m
2025-07-06 10:18:21.339 | INFO     | __main__:save_checkpoint:90 - Saved 334 results to ../EHRSHOT_ASSETS/dimensionality_analysis/dimensionality_results.csv
2025-07-06 10:18:21.340 | INFO     | __main__:save_checkpoint:112 - Checkpoint saved: 195 combinations completed
2025-07-06 10:18:21.340 | INFO     | __main__:run_dimensionality_analysis:329 -     Reducing to 400 dimensions... (8/8)
2025-07-06 10:18:21.341 | INFO     | reducers:fit_transform:55 - Applying PCA to reduce from 768 to 400 dimensions
2025-07-06 10:18:34.671 | INFO     | __main__:run_dimensionality_analysis:343 -     Reduced shapes - Train: (122108, 400), Val: (95488, 400), Test: (100568, 400)
2025-07-06 10:18:34.695 | CRITICAL | eval_module:run_evaluation:76 - Start | Training knn
2025-07-06 10:18:34.695 | INFO     | eval_module:run_evaluation:77 - Train shape: X = (122108, 400), Y = (122108,)
2025-07-06 10:18:34.695 | INFO     | eval_module:run_evaluation:78 - Val shape: X = (95488, 400), Y = (95488,)
2025-07-06 10:18:34.695 | INFO     | eval_module:run_evaluation:79 - Test shape: X = (100568, 400), Y = (100568,)
2025-07-06 10:18:34.696 | INFO     | eval_module:run_evaluation:80 - Train prevalence:  0.01559275395551479
2025-07-06 10:18:34.696 | INFO     | eval_module:run_evaluation:81 - Val prevalence:  0.01517468163538874
2025-07-06 10:18:34.696 | INFO     | eval_module:run_evaluation:82 - Test prevalence:  0.013602736456924667
2025-07-06 10:18:34.769 | CRITICAL | eval_module:run_evaluation:91 - Start | Fitting knn...
2025-07-06 11:34:19.830 | INFO     | eval_module:run_evaluation:140 - Best hparams: {'algorithm': 'auto', 'leaf_size': 30, 'metric': 'cosine', 'metric_params': None, 'n_jobs': None, 'n_neighbors': 5, 'p': 2, 'weights': 'distance'}
2025-07-06 11:34:19.830 | CRITICAL | eval_module:run_evaluation:143 - Finish | Fitting knn...
2025-07-06 11:46:42.216 | INFO     | eval_module:run_evaluation:154 - Train AUROC: 0.99918123259087
2025-07-06 11:46:42.217 | INFO     | eval_module:run_evaluation:155 - Val AUROC:   0.5480547543997629
2025-07-06 11:46:42.217 | INFO     | eval_module:run_evaluation:156 - Test AUROC:  0.5331617928810602
2025-07-06 11:46:42.524 | INFO     | eval_module:run_evaluation:162 - Train AUPRC: 0.9973536671337856
2025-07-06 11:46:42.524 | INFO     | eval_module:run_evaluation:163 - Val AUPRC:   0.031054957392576986
2025-07-06 11:46:42.525 | INFO     | eval_module:run_evaluation:164 - Test AUPRC:  0.02222992274735058
2025-07-06 11:46:42.527 | INFO     | __main__:run_dimensionality_analysis:363 -     Results: AUROC=0.533, AUPRC=0.022
2025-07-06 11:46:42.527 | INFO     | __main__:run_dimensionality_analysis:368 -     Progress: 196/448 (43.8%) - ETA: 30h 4m
2025-07-06 11:46:42.533 | INFO     | __main__:save_checkpoint:90 - Saved 336 results to ../EHRSHOT_ASSETS/dimensionality_analysis/dimensionality_results.csv
2025-07-06 11:46:42.533 | INFO     | __main__:save_checkpoint:112 - Checkpoint saved: 196 combinations completed
2025-07-06 11:46:42.534 | INFO     | __main__:run_dimensionality_analysis:314 - 
  Testing method 2/2: umap
2025-07-06 11:46:42.534 | INFO     | __main__:run_dimensionality_analysis:329 -     Reducing to 2 dimensions... (1/8)
2025-07-06 11:46:42.534 | INFO     | reducers:fit_transform:101 - Applying UMAP to reduce from 768 to 2 dimensions
2025-07-06 11:46:42.534 | INFO     | reducers:fit_transform:102 - Using n_neighbors: 15, n_jobs: 16
/home/pvenema/.conda/envs/EHRSHOT_ENV/lib/python3.10/site-packages/umap/umap_.py:1952: UserWarning: n_jobs value 1 overridden to 1 by setting random_state. Use no seed for parallelism.
  warn(
/home/pvenema/.conda/envs/EHRSHOT_ENV/lib/python3.10/site-packages/scipy/sparse/_index.py:146: SparseEfficiencyWarning: Changing the sparsity structure of a csr_matrix is expensive. lil_matrix is more efficient.
  self._set_arrayXarray(i, j, x)
2025-07-06 11:49:53.521 | INFO     | __main__:run_dimensionality_analysis:343 -     Reduced shapes - Train: (122108, 2), Val: (95488, 2), Test: (100568, 2)
2025-07-06 11:49:53.545 | CRITICAL | eval_module:run_evaluation:76 - Start | Training knn
2025-07-06 11:49:53.546 | INFO     | eval_module:run_evaluation:77 - Train shape: X = (122108, 2), Y = (122108,)
2025-07-06 11:49:53.546 | INFO     | eval_module:run_evaluation:78 - Val shape: X = (95488, 2), Y = (95488,)
2025-07-06 11:49:53.546 | INFO     | eval_module:run_evaluation:79 - Test shape: X = (100568, 2), Y = (100568,)
2025-07-06 11:49:53.546 | INFO     | eval_module:run_evaluation:80 - Train prevalence:  0.01559275395551479
2025-07-06 11:49:53.546 | INFO     | eval_module:run_evaluation:81 - Val prevalence:  0.01517468163538874
2025-07-06 11:49:53.547 | INFO     | eval_module:run_evaluation:82 - Test prevalence:  0.013602736456924667
2025-07-06 11:49:53.551 | CRITICAL | eval_module:run_evaluation:91 - Start | Fitting knn...
2025-07-06 12:06:42.357 | INFO     | eval_module:run_evaluation:140 - Best hparams: {'algorithm': 'auto', 'leaf_size': 30, 'metric': 'euclidean', 'metric_params': None, 'n_jobs': None, 'n_neighbors': 5, 'p': 2, 'weights': 'uniform'}
2025-07-06 12:06:42.357 | CRITICAL | eval_module:run_evaluation:143 - Finish | Fitting knn...
2025-07-06 12:06:43.626 | INFO     | eval_module:run_evaluation:154 - Train AUROC: 0.9757854224848569
2025-07-06 12:06:43.627 | INFO     | eval_module:run_evaluation:155 - Val AUROC:   0.5094019586942735
2025-07-06 12:06:43.627 | INFO     | eval_module:run_evaluation:156 - Test AUROC:  0.5100623887297208
2025-07-06 12:06:43.938 | INFO     | eval_module:run_evaluation:162 - Train AUPRC: 0.2792443853909565
2025-07-06 12:06:43.939 | INFO     | eval_module:run_evaluation:163 - Val AUPRC:   0.019048333901785997
2025-07-06 12:06:43.939 | INFO     | eval_module:run_evaluation:164 - Test AUPRC:  0.014946110327153761
2025-07-06 12:06:43.939 | INFO     | __main__:run_dimensionality_analysis:363 -     Results: AUROC=0.510, AUPRC=0.015
2025-07-06 12:06:43.939 | INFO     | __main__:run_dimensionality_analysis:368 -     Progress: 197/448 (44.0%) - ETA: 30h 13m
2025-07-06 12:06:43.940 | INFO     | __main__:run_dimensionality_analysis:329 -     Reducing to 5 dimensions... (2/8)
2025-07-06 12:06:43.946 | INFO     | reducers:fit_transform:101 - Applying UMAP to reduce from 768 to 5 dimensions
2025-07-06 12:06:43.946 | INFO     | reducers:fit_transform:102 - Using n_neighbors: 15, n_jobs: 16
/home/pvenema/.conda/envs/EHRSHOT_ENV/lib/python3.10/site-packages/umap/umap_.py:1952: UserWarning: n_jobs value 1 overridden to 1 by setting random_state. Use no seed for parallelism.
  warn(
/home/pvenema/.conda/envs/EHRSHOT_ENV/lib/python3.10/site-packages/scipy/sparse/_index.py:146: SparseEfficiencyWarning: Changing the sparsity structure of a csr_matrix is expensive. lil_matrix is more efficient.
  self._set_arrayXarray(i, j, x)
2025-07-06 12:10:12.922 | INFO     | __main__:run_dimensionality_analysis:343 -     Reduced shapes - Train: (122108, 5), Val: (95488, 5), Test: (100568, 5)
2025-07-06 12:10:12.945 | CRITICAL | eval_module:run_evaluation:76 - Start | Training knn
2025-07-06 12:10:12.946 | INFO     | eval_module:run_evaluation:77 - Train shape: X = (122108, 5), Y = (122108,)
2025-07-06 12:10:12.946 | INFO     | eval_module:run_evaluation:78 - Val shape: X = (95488, 5), Y = (95488,)
2025-07-06 12:10:12.946 | INFO     | eval_module:run_evaluation:79 - Test shape: X = (100568, 5), Y = (100568,)
2025-07-06 12:10:12.946 | INFO     | eval_module:run_evaluation:80 - Train prevalence:  0.01559275395551479
2025-07-06 12:10:12.947 | INFO     | eval_module:run_evaluation:81 - Val prevalence:  0.01517468163538874
2025-07-06 12:10:12.947 | INFO     | eval_module:run_evaluation:82 - Test prevalence:  0.013602736456924667
2025-07-06 12:10:12.952 | CRITICAL | eval_module:run_evaluation:91 - Start | Fitting knn...
2025-07-06 12:27:17.292 | INFO     | eval_module:run_evaluation:140 - Best hparams: {'algorithm': 'auto', 'leaf_size': 30, 'metric': 'euclidean', 'metric_params': None, 'n_jobs': None, 'n_neighbors': 5, 'p': 2, 'weights': 'distance'}
2025-07-06 12:27:17.292 | CRITICAL | eval_module:run_evaluation:143 - Finish | Fitting knn...
2025-07-06 12:27:19.953 | INFO     | eval_module:run_evaluation:154 - Train AUROC: 1.0
2025-07-06 12:27:19.954 | INFO     | eval_module:run_evaluation:155 - Val AUROC:   0.5214228622280417
2025-07-06 12:27:19.954 | INFO     | eval_module:run_evaluation:156 - Test AUROC:  0.513102897006461
2025-07-06 12:27:20.264 | INFO     | eval_module:run_evaluation:162 - Train AUPRC: 1.0
2025-07-06 12:27:20.265 | INFO     | eval_module:run_evaluation:163 - Val AUPRC:   0.02026498980453609
2025-07-06 12:27:20.265 | INFO     | eval_module:run_evaluation:164 - Test AUPRC:  0.015217557701434353
2025-07-06 12:27:20.265 | INFO     | __main__:run_dimensionality_analysis:363 -     Results: AUROC=0.513, AUPRC=0.015
2025-07-06 12:27:20.265 | INFO     | __main__:run_dimensionality_analysis:368 -     Progress: 198/448 (44.2%) - ETA: 30h 23m
2025-07-06 12:27:20.265 | INFO     | __main__:run_dimensionality_analysis:329 -     Reducing to 10 dimensions... (3/8)
2025-07-06 12:27:20.272 | INFO     | reducers:fit_transform:101 - Applying UMAP to reduce from 768 to 10 dimensions
2025-07-06 12:27:20.273 | INFO     | reducers:fit_transform:102 - Using n_neighbors: 15, n_jobs: 16
/home/pvenema/.conda/envs/EHRSHOT_ENV/lib/python3.10/site-packages/umap/umap_.py:1952: UserWarning: n_jobs value 1 overridden to 1 by setting random_state. Use no seed for parallelism.
  warn(
/home/pvenema/.conda/envs/EHRSHOT_ENV/lib/python3.10/site-packages/scipy/sparse/_index.py:146: SparseEfficiencyWarning: Changing the sparsity structure of a csr_matrix is expensive. lil_matrix is more efficient.
  self._set_arrayXarray(i, j, x)
2025-07-06 12:31:14.559 | INFO     | __main__:run_dimensionality_analysis:343 -     Reduced shapes - Train: (122108, 10), Val: (95488, 10), Test: (100568, 10)
2025-07-06 12:31:14.583 | CRITICAL | eval_module:run_evaluation:76 - Start | Training knn
2025-07-06 12:31:14.584 | INFO     | eval_module:run_evaluation:77 - Train shape: X = (122108, 10), Y = (122108,)
2025-07-06 12:31:14.584 | INFO     | eval_module:run_evaluation:78 - Val shape: X = (95488, 10), Y = (95488,)
2025-07-06 12:31:14.584 | INFO     | eval_module:run_evaluation:79 - Test shape: X = (100568, 10), Y = (100568,)
2025-07-06 12:31:14.584 | INFO     | eval_module:run_evaluation:80 - Train prevalence:  0.01559275395551479
2025-07-06 12:31:14.584 | INFO     | eval_module:run_evaluation:81 - Val prevalence:  0.01517468163538874
2025-07-06 12:31:14.585 | INFO     | eval_module:run_evaluation:82 - Test prevalence:  0.013602736456924667
2025-07-06 12:31:14.592 | CRITICAL | eval_module:run_evaluation:91 - Start | Fitting knn...
2025-07-06 12:48:26.677 | INFO     | eval_module:run_evaluation:140 - Best hparams: {'algorithm': 'auto', 'leaf_size': 30, 'metric': 'euclidean', 'metric_params': None, 'n_jobs': None, 'n_neighbors': 5, 'p': 2, 'weights': 'distance'}
2025-07-06 12:48:26.678 | CRITICAL | eval_module:run_evaluation:143 - Finish | Fitting knn...
2025-07-06 12:48:31.365 | INFO     | eval_module:run_evaluation:154 - Train AUROC: 1.0
2025-07-06 12:48:31.365 | INFO     | eval_module:run_evaluation:155 - Val AUROC:   0.5209544428547923
2025-07-06 12:48:31.366 | INFO     | eval_module:run_evaluation:156 - Test AUROC:  0.518819462866676
2025-07-06 12:48:31.677 | INFO     | eval_module:run_evaluation:162 - Train AUPRC: 1.0
2025-07-06 12:48:31.677 | INFO     | eval_module:run_evaluation:163 - Val AUPRC:   0.022294400179676446
2025-07-06 12:48:31.677 | INFO     | eval_module:run_evaluation:164 - Test AUPRC:  0.01641687234000906
2025-07-06 12:48:31.677 | INFO     | __main__:run_dimensionality_analysis:363 -     Results: AUROC=0.519, AUPRC=0.016
2025-07-06 12:48:31.677 | INFO     | __main__:run_dimensionality_analysis:368 -     Progress: 199/448 (44.4%) - ETA: 30h 33m
2025-07-06 12:48:31.677 | INFO     | __main__:run_dimensionality_analysis:329 -     Reducing to 25 dimensions... (4/8)
2025-07-06 12:48:31.684 | INFO     | reducers:fit_transform:101 - Applying UMAP to reduce from 768 to 25 dimensions
2025-07-06 12:48:31.684 | INFO     | reducers:fit_transform:102 - Using n_neighbors: 15, n_jobs: 16
/home/pvenema/.conda/envs/EHRSHOT_ENV/lib/python3.10/site-packages/umap/umap_.py:1952: UserWarning: n_jobs value 1 overridden to 1 by setting random_state. Use no seed for parallelism.
  warn(
/home/pvenema/.conda/envs/EHRSHOT_ENV/lib/python3.10/site-packages/scipy/sparse/_index.py:146: SparseEfficiencyWarning: Changing the sparsity structure of a csr_matrix is expensive. lil_matrix is more efficient.
  self._set_arrayXarray(i, j, x)
2025-07-06 12:53:22.959 | INFO     | __main__:run_dimensionality_analysis:343 -     Reduced shapes - Train: (122108, 25), Val: (95488, 25), Test: (100568, 25)
2025-07-06 12:53:22.983 | CRITICAL | eval_module:run_evaluation:76 - Start | Training knn
2025-07-06 12:53:22.983 | INFO     | eval_module:run_evaluation:77 - Train shape: X = (122108, 25), Y = (122108,)
2025-07-06 12:53:22.983 | INFO     | eval_module:run_evaluation:78 - Val shape: X = (95488, 25), Y = (95488,)
2025-07-06 12:53:22.983 | INFO     | eval_module:run_evaluation:79 - Test shape: X = (100568, 25), Y = (100568,)
2025-07-06 12:53:22.984 | INFO     | eval_module:run_evaluation:80 - Train prevalence:  0.01559275395551479
2025-07-06 12:53:22.984 | INFO     | eval_module:run_evaluation:81 - Val prevalence:  0.01517468163538874
2025-07-06 12:53:22.984 | INFO     | eval_module:run_evaluation:82 - Test prevalence:  0.013602736456924667
2025-07-06 12:53:22.993 | CRITICAL | eval_module:run_evaluation:91 - Start | Fitting knn...
2025-07-06 13:16:31.218 | INFO     | eval_module:run_evaluation:140 - Best hparams: {'algorithm': 'auto', 'leaf_size': 30, 'metric': 'cosine', 'metric_params': None, 'n_jobs': None, 'n_neighbors': 5, 'p': 2, 'weights': 'uniform'}
2025-07-06 13:16:31.219 | CRITICAL | eval_module:run_evaluation:143 - Finish | Fitting knn...
2025-07-06 13:28:09.804 | INFO     | eval_module:run_evaluation:154 - Train AUROC: 0.9714805493301444
2025-07-06 13:28:09.805 | INFO     | eval_module:run_evaluation:155 - Val AUROC:   0.5225316888516754
2025-07-06 13:28:09.805 | INFO     | eval_module:run_evaluation:156 - Test AUROC:  0.514298912498821
2025-07-06 13:28:10.114 | INFO     | eval_module:run_evaluation:162 - Train AUPRC: 0.31656204454903997
2025-07-06 13:28:10.115 | INFO     | eval_module:run_evaluation:163 - Val AUPRC:   0.019223841903995387
2025-07-06 13:28:10.115 | INFO     | eval_module:run_evaluation:164 - Test AUPRC:  0.014311224317022099
2025-07-06 13:28:10.115 | INFO     | __main__:run_dimensionality_analysis:363 -     Results: AUROC=0.514, AUPRC=0.014
2025-07-06 13:28:10.116 | INFO     | __main__:run_dimensionality_analysis:368 -     Progress: 200/448 (44.6%) - ETA: 31h 5m
2025-07-06 13:28:10.121 | INFO     | __main__:save_checkpoint:90 - Saved 344 results to ../EHRSHOT_ASSETS/dimensionality_analysis/dimensionality_results.csv
2025-07-06 13:28:10.122 | INFO     | __main__:save_checkpoint:112 - Checkpoint saved: 200 combinations completed
2025-07-06 13:28:10.122 | INFO     | __main__:run_dimensionality_analysis:329 -     Reducing to 50 dimensions... (5/8)
2025-07-06 13:28:10.126 | INFO     | reducers:fit_transform:101 - Applying UMAP to reduce from 768 to 50 dimensions
2025-07-06 13:28:10.126 | INFO     | reducers:fit_transform:102 - Using n_neighbors: 15, n_jobs: 16
/home/pvenema/.conda/envs/EHRSHOT_ENV/lib/python3.10/site-packages/umap/umap_.py:1952: UserWarning: n_jobs value 1 overridden to 1 by setting random_state. Use no seed for parallelism.
  warn(
/home/pvenema/.conda/envs/EHRSHOT_ENV/lib/python3.10/site-packages/scipy/sparse/_index.py:146: SparseEfficiencyWarning: Changing the sparsity structure of a csr_matrix is expensive. lil_matrix is more efficient.
  self._set_arrayXarray(i, j, x)
2025-07-06 13:33:30.915 | INFO     | __main__:run_dimensionality_analysis:343 -     Reduced shapes - Train: (122108, 50), Val: (95488, 50), Test: (100568, 50)
2025-07-06 13:33:30.940 | CRITICAL | eval_module:run_evaluation:76 - Start | Training knn
2025-07-06 13:33:30.940 | INFO     | eval_module:run_evaluation:77 - Train shape: X = (122108, 50), Y = (122108,)
2025-07-06 13:33:30.940 | INFO     | eval_module:run_evaluation:78 - Val shape: X = (95488, 50), Y = (95488,)
2025-07-06 13:33:30.940 | INFO     | eval_module:run_evaluation:79 - Test shape: X = (100568, 50), Y = (100568,)
2025-07-06 13:33:30.941 | INFO     | eval_module:run_evaluation:80 - Train prevalence:  0.01559275395551479
2025-07-06 13:33:30.941 | INFO     | eval_module:run_evaluation:81 - Val prevalence:  0.01517468163538874
2025-07-06 13:33:30.941 | INFO     | eval_module:run_evaluation:82 - Test prevalence:  0.013602736456924667
2025-07-06 13:33:30.951 | CRITICAL | eval_module:run_evaluation:91 - Start | Fitting knn...
2025-07-06 13:59:31.086 | INFO     | eval_module:run_evaluation:140 - Best hparams: {'algorithm': 'auto', 'leaf_size': 30, 'metric': 'cosine', 'metric_params': None, 'n_jobs': None, 'n_neighbors': 5, 'p': 2, 'weights': 'uniform'}
2025-07-06 13:59:31.087 | CRITICAL | eval_module:run_evaluation:143 - Finish | Fitting knn...
2025-07-06 14:11:37.698 | INFO     | eval_module:run_evaluation:154 - Train AUROC: 0.9666777678052354
2025-07-06 14:11:37.698 | INFO     | eval_module:run_evaluation:155 - Val AUROC:   0.5242208658550259
2025-07-06 14:11:37.698 | INFO     | eval_module:run_evaluation:156 - Test AUROC:  0.5229397423540368
2025-07-06 14:11:38.006 | INFO     | eval_module:run_evaluation:162 - Train AUPRC: 0.3127565276517963
2025-07-06 14:11:38.007 | INFO     | eval_module:run_evaluation:163 - Val AUPRC:   0.019431233070705257
2025-07-06 14:11:38.007 | INFO     | eval_module:run_evaluation:164 - Test AUPRC:  0.01472192059201903
2025-07-06 14:11:38.007 | INFO     | __main__:run_dimensionality_analysis:363 -     Results: AUROC=0.523, AUPRC=0.015
2025-07-06 14:11:38.007 | INFO     | __main__:run_dimensionality_analysis:368 -     Progress: 201/448 (44.9%) - ETA: 31h 42m
2025-07-06 14:11:38.007 | INFO     | __main__:run_dimensionality_analysis:329 -     Reducing to 100 dimensions... (6/8)
2025-07-06 14:11:38.012 | INFO     | reducers:fit_transform:101 - Applying UMAP to reduce from 768 to 100 dimensions
2025-07-06 14:11:38.012 | INFO     | reducers:fit_transform:102 - Using n_neighbors: 15, n_jobs: 16
/home/pvenema/.conda/envs/EHRSHOT_ENV/lib/python3.10/site-packages/umap/umap_.py:1952: UserWarning: n_jobs value 1 overridden to 1 by setting random_state. Use no seed for parallelism.
  warn(
/home/pvenema/.conda/envs/EHRSHOT_ENV/lib/python3.10/site-packages/scipy/sparse/_index.py:146: SparseEfficiencyWarning: Changing the sparsity structure of a csr_matrix is expensive. lil_matrix is more efficient.
  self._set_arrayXarray(i, j, x)
2025-07-06 14:18:58.968 | INFO     | __main__:run_dimensionality_analysis:343 -     Reduced shapes - Train: (122108, 100), Val: (95488, 100), Test: (100568, 100)
2025-07-06 14:18:58.992 | CRITICAL | eval_module:run_evaluation:76 - Start | Training knn
2025-07-06 14:18:58.992 | INFO     | eval_module:run_evaluation:77 - Train shape: X = (122108, 100), Y = (122108,)
2025-07-06 14:18:58.992 | INFO     | eval_module:run_evaluation:78 - Val shape: X = (95488, 100), Y = (95488,)
2025-07-06 14:18:58.992 | INFO     | eval_module:run_evaluation:79 - Test shape: X = (100568, 100), Y = (100568,)
2025-07-06 14:18:58.992 | INFO     | eval_module:run_evaluation:80 - Train prevalence:  0.01559275395551479
2025-07-06 14:18:58.993 | INFO     | eval_module:run_evaluation:81 - Val prevalence:  0.01517468163538874
2025-07-06 14:18:58.993 | INFO     | eval_module:run_evaluation:82 - Test prevalence:  0.013602736456924667
2025-07-06 14:18:59.011 | CRITICAL | eval_module:run_evaluation:91 - Start | Fitting knn...
2025-07-06 14:50:19.210 | INFO     | eval_module:run_evaluation:140 - Best hparams: {'algorithm': 'auto', 'leaf_size': 30, 'metric': 'euclidean', 'metric_params': None, 'n_jobs': None, 'n_neighbors': 5, 'p': 2, 'weights': 'distance'}
2025-07-06 14:50:19.210 | CRITICAL | eval_module:run_evaluation:143 - Finish | Fitting knn...
2025-07-06 14:50:26.319 | INFO     | eval_module:run_evaluation:154 - Train AUROC: 1.0
2025-07-06 14:50:26.319 | INFO     | eval_module:run_evaluation:155 - Val AUROC:   0.5183555035177652
2025-07-06 14:50:26.319 | INFO     | eval_module:run_evaluation:156 - Test AUROC:  0.5202571264560931
2025-07-06 14:50:26.629 | INFO     | eval_module:run_evaluation:162 - Train AUPRC: 1.0
2025-07-06 14:50:26.629 | INFO     | eval_module:run_evaluation:163 - Val AUPRC:   0.020251777320292107
2025-07-06 14:50:26.630 | INFO     | eval_module:run_evaluation:164 - Test AUPRC:  0.016313411776061108
2025-07-06 14:50:26.630 | INFO     | __main__:run_dimensionality_analysis:363 -     Results: AUROC=0.520, AUPRC=0.016
2025-07-06 14:50:26.630 | INFO     | __main__:run_dimensionality_analysis:368 -     Progress: 202/448 (45.1%) - ETA: 32h 12m
2025-07-06 14:50:26.631 | INFO     | __main__:run_dimensionality_analysis:329 -     Reducing to 200 dimensions... (7/8)
2025-07-06 14:50:26.634 | INFO     | reducers:fit_transform:101 - Applying UMAP to reduce from 768 to 200 dimensions
2025-07-06 14:50:26.634 | INFO     | reducers:fit_transform:102 - Using n_neighbors: 15, n_jobs: 16
/home/pvenema/.conda/envs/EHRSHOT_ENV/lib/python3.10/site-packages/umap/umap_.py:1952: UserWarning: n_jobs value 1 overridden to 1 by setting random_state. Use no seed for parallelism.
  warn(
/home/pvenema/.conda/envs/EHRSHOT_ENV/lib/python3.10/site-packages/scipy/sparse/_index.py:146: SparseEfficiencyWarning: Changing the sparsity structure of a csr_matrix is expensive. lil_matrix is more efficient.
  self._set_arrayXarray(i, j, x)
2025-07-06 15:01:01.748 | INFO     | __main__:run_dimensionality_analysis:343 -     Reduced shapes - Train: (122108, 200), Val: (95488, 200), Test: (100568, 200)
2025-07-06 15:01:01.773 | CRITICAL | eval_module:run_evaluation:76 - Start | Training knn
2025-07-06 15:01:01.773 | INFO     | eval_module:run_evaluation:77 - Train shape: X = (122108, 200), Y = (122108,)
2025-07-06 15:01:01.773 | INFO     | eval_module:run_evaluation:78 - Val shape: X = (95488, 200), Y = (95488,)
2025-07-06 15:01:01.773 | INFO     | eval_module:run_evaluation:79 - Test shape: X = (100568, 200), Y = (100568,)
2025-07-06 15:01:01.773 | INFO     | eval_module:run_evaluation:80 - Train prevalence:  0.01559275395551479
2025-07-06 15:01:01.774 | INFO     | eval_module:run_evaluation:81 - Val prevalence:  0.01517468163538874
2025-07-06 15:01:01.774 | INFO     | eval_module:run_evaluation:82 - Test prevalence:  0.013602736456924667
2025-07-06 15:01:01.800 | CRITICAL | eval_module:run_evaluation:91 - Start | Fitting knn...
2025-07-06 15:42:53.538 | INFO     | eval_module:run_evaluation:140 - Best hparams: {'algorithm': 'auto', 'leaf_size': 30, 'metric': 'cosine', 'metric_params': None, 'n_jobs': None, 'n_neighbors': 5, 'p': 2, 'weights': 'uniform'}
2025-07-06 15:42:53.539 | CRITICAL | eval_module:run_evaluation:143 - Finish | Fitting knn...
2025-07-06 15:55:12.834 | INFO     | eval_module:run_evaluation:154 - Train AUROC: 0.8931982602614772
2025-07-06 15:55:12.834 | INFO     | eval_module:run_evaluation:155 - Val AUROC:   0.5257688521533262
2025-07-06 15:55:12.834 | INFO     | eval_module:run_evaluation:156 - Test AUROC:  0.5203128758135258
2025-07-06 15:55:13.142 | INFO     | eval_module:run_evaluation:162 - Train AUPRC: 0.23551363866893457
2025-07-06 15:55:13.142 | INFO     | eval_module:run_evaluation:163 - Val AUPRC:   0.020121330440320228
2025-07-06 15:55:13.142 | INFO     | eval_module:run_evaluation:164 - Test AUPRC:  0.014817131084292206
2025-07-06 15:55:13.143 | INFO     | __main__:run_dimensionality_analysis:363 -     Results: AUROC=0.520, AUPRC=0.015
2025-07-06 15:55:13.143 | INFO     | __main__:run_dimensionality_analysis:368 -     Progress: 203/448 (45.3%) - ETA: 33h 13m
2025-07-06 15:55:13.144 | INFO     | __main__:run_dimensionality_analysis:329 -     Reducing to 400 dimensions... (8/8)
2025-07-06 15:55:13.149 | INFO     | reducers:fit_transform:101 - Applying UMAP to reduce from 768 to 400 dimensions
2025-07-06 15:55:13.149 | INFO     | reducers:fit_transform:102 - Using n_neighbors: 15, n_jobs: 16
/home/pvenema/.conda/envs/EHRSHOT_ENV/lib/python3.10/site-packages/umap/umap_.py:1952: UserWarning: n_jobs value 1 overridden to 1 by setting random_state. Use no seed for parallelism.
  warn(
/home/pvenema/.conda/envs/EHRSHOT_ENV/lib/python3.10/site-packages/scipy/sparse/_index.py:146: SparseEfficiencyWarning: Changing the sparsity structure of a csr_matrix is expensive. lil_matrix is more efficient.
  self._set_arrayXarray(i, j, x)
2025-07-06 16:14:11.299 | INFO     | __main__:run_dimensionality_analysis:343 -     Reduced shapes - Train: (122108, 400), Val: (95488, 400), Test: (100568, 400)
2025-07-06 16:14:11.323 | CRITICAL | eval_module:run_evaluation:76 - Start | Training knn
2025-07-06 16:14:11.323 | INFO     | eval_module:run_evaluation:77 - Train shape: X = (122108, 400), Y = (122108,)
2025-07-06 16:14:11.323 | INFO     | eval_module:run_evaluation:78 - Val shape: X = (95488, 400), Y = (95488,)
2025-07-06 16:14:11.324 | INFO     | eval_module:run_evaluation:79 - Test shape: X = (100568, 400), Y = (100568,)
2025-07-06 16:14:11.324 | INFO     | eval_module:run_evaluation:80 - Train prevalence:  0.01559275395551479
2025-07-06 16:14:11.325 | INFO     | eval_module:run_evaluation:81 - Val prevalence:  0.01517468163538874
2025-07-06 16:14:11.325 | INFO     | eval_module:run_evaluation:82 - Test prevalence:  0.013602736456924667
2025-07-06 16:14:11.374 | CRITICAL | eval_module:run_evaluation:91 - Start | Fitting knn...
2025-07-06 17:17:52.744 | INFO     | eval_module:run_evaluation:140 - Best hparams: {'algorithm': 'auto', 'leaf_size': 30, 'metric': 'cosine', 'metric_params': None, 'n_jobs': None, 'n_neighbors': 5, 'p': 2, 'weights': 'uniform'}
2025-07-06 17:17:52.747 | CRITICAL | eval_module:run_evaluation:143 - Finish | Fitting knn...
