,Unnamed: 0.1,Unnamed: 0,labeling_function,sub_task,model,head,replicate,k,score,value
0,0,0.0,guo_readmission,guo_readmission,count,gbm,0,-1,auroc,0.7409269450093711
1,1,1.0,guo_readmission,guo_readmission,count,gbm,0,-1,auprc,0.3268490354152872
2,2,2.0,guo_readmission,guo_readmission,count,gbm,0,-1,brier,0.1111902336295275
3,3,3.0,guo_readmission,guo_readmission,count,gbm,0,1,auroc,0.4785660166686605
4,4,4.0,guo_readmission,guo_readmission,count,gbm,0,1,auprc,0.1146282535847009
5,5,5.0,guo_readmission,guo_readmission,count,gbm,0,1,brier,0.4445922923280017
6,6,6.0,guo_readmission,guo_readmission,count,gbm,1,1,auroc,0.4785660166686605
7,7,7.0,guo_readmission,guo_readmission,count,gbm,1,1,auprc,0.1146282535847009
8,8,8.0,guo_readmission,guo_readmission,count,gbm,1,1,brier,0.4445922923280017
9,9,9.0,guo_readmission,guo_readmission,count,gbm,2,1,auroc,0.5214339833313394
10,10,10.0,guo_readmission,guo_readmission,count,gbm,2,1,auprc,0.123601135687113
11,11,11.0,guo_readmission,guo_readmission,count,gbm,2,1,brier,0.4299628146105111
12,12,12.0,guo_readmission,guo_readmission,count,gbm,3,1,auroc,0.5214339833313394
13,13,13.0,guo_readmission,guo_readmission,count,gbm,3,1,auprc,0.123601135687113
14,14,14.0,guo_readmission,guo_readmission,count,gbm,3,1,brier,0.4299628146105111
15,15,15.0,guo_readmission,guo_readmission,count,gbm,4,1,auroc,0.4906168999481596
16,16,16.0,guo_readmission,guo_readmission,count,gbm,4,1,auprc,0.1169614856021573
17,17,17.0,guo_readmission,guo_readmission,count,gbm,4,1,brier,0.2536182994213016
18,18,18.0,guo_readmission,guo_readmission,count,gbm,0,2,auroc,0.614212226342864
19,19,19.0,guo_readmission,guo_readmission,count,gbm,0,2,auprc,0.1623391458912347
20,20,20.0,guo_readmission,guo_readmission,count,gbm,0,2,brier,0.227522474303616
21,21,21.0,guo_readmission,guo_readmission,count,gbm,1,2,auroc,0.4785660166686605
22,22,22.0,guo_readmission,guo_readmission,count,gbm,1,2,auprc,0.1146282535847009
23,23,23.0,guo_readmission,guo_readmission,count,gbm,1,2,brier,0.4445922923280021
24,24,24.0,guo_readmission,guo_readmission,count,gbm,2,2,auroc,0.5595186824580293
25,25,25.0,guo_readmission,guo_readmission,count,gbm,2,2,auprc,0.1334896085457402
26,26,26.0,guo_readmission,guo_readmission,count,gbm,2,2,brier,0.4683157697077165
27,27,27.0,guo_readmission,guo_readmission,count,gbm,3,2,auroc,0.5383439007855804
28,28,28.0,guo_readmission,guo_readmission,count,gbm,3,2,auprc,0.1337059749879663
29,29,29.0,guo_readmission,guo_readmission,count,gbm,3,2,brier,0.1452810860539397
30,30,30.0,guo_readmission,guo_readmission,count,gbm,4,2,auroc,0.5079604817163138
31,31,31.0,guo_readmission,guo_readmission,count,gbm,4,2,auprc,0.1204672986719291
32,32,32.0,guo_readmission,guo_readmission,count,gbm,4,2,brier,0.717016890905055
33,33,33.0,guo_readmission,guo_readmission,count,gbm,0,4,auroc,0.5313384774893328
34,34,34.0,guo_readmission,guo_readmission,count,gbm,0,4,auprc,0.130039742562366
35,35,35.0,guo_readmission,guo_readmission,count,gbm,0,4,brier,0.521298202522412
36,36,36.0,guo_readmission,guo_readmission,count,gbm,1,4,auroc,0.5209026199306137
37,37,37.0,guo_readmission,guo_readmission,count,gbm,1,4,auprc,0.1288678612726926
38,38,38.0,guo_readmission,guo_readmission,count,gbm,1,4,brier,0.3097638625532926
39,39,39.0,guo_readmission,guo_readmission,count,gbm,2,4,auroc,0.5280187023966185
40,40,40.0,guo_readmission,guo_readmission,count,gbm,2,4,auprc,0.1255415145626227
41,41,41.0,guo_readmission,guo_readmission,count,gbm,2,4,brier,0.490854753096703
42,42,42.0,guo_readmission,guo_readmission,count,gbm,3,4,auroc,0.6320492881923676
43,43,43.0,guo_readmission,guo_readmission,count,gbm,3,4,auprc,0.1633044698554848
44,44,44.0,guo_readmission,guo_readmission,count,gbm,3,4,brier,0.2769463855113544
45,45,45.0,guo_readmission,guo_readmission,count,gbm,4,4,auroc,0.5072855604737408
46,46,46.0,guo_readmission,guo_readmission,count,gbm,4,4,auprc,0.1237883209961397
47,47,47.0,guo_readmission,guo_readmission,count,gbm,4,4,brier,0.3967499462789118
48,48,48.0,guo_readmission,guo_readmission,count,gbm,0,8,auroc,0.5898243410296287
49,49,49.0,guo_readmission,guo_readmission,count,gbm,0,8,auprc,0.1946517924668186
50,50,50.0,guo_readmission,guo_readmission,count,gbm,0,8,brier,0.4780958908107647
51,51,51.0,guo_readmission,guo_readmission,count,gbm,1,8,auroc,0.6328209115922957
52,52,52.0,guo_readmission,guo_readmission,count,gbm,1,8,auprc,0.2050964005366883
53,53,53.0,guo_readmission,guo_readmission,count,gbm,1,8,brier,0.4324966811944308
54,54,54.0,guo_readmission,guo_readmission,count,gbm,2,8,auroc,0.5502063643976552
55,55,55.0,guo_readmission,guo_readmission,count,gbm,2,8,auprc,0.1442887791702242
56,56,56.0,guo_readmission,guo_readmission,count,gbm,2,8,brier,0.5901932228443515
57,57,57.0,guo_readmission,guo_readmission,count,gbm,3,8,auroc,0.6328617857000439
58,58,58.0,guo_readmission,guo_readmission,count,gbm,3,8,auprc,0.1651238511810484
59,59,59.0,guo_readmission,guo_readmission,count,gbm,3,8,brier,0.3520707305471165
60,60,60.0,guo_readmission,guo_readmission,count,gbm,4,8,auroc,0.700947082984408
61,61,61.0,guo_readmission,guo_readmission,count,gbm,4,8,auprc,0.2339781283902858
62,62,62.0,guo_readmission,guo_readmission,count,gbm,4,8,brier,0.2323649458201498
63,63,63.0,guo_readmission,guo_readmission,count,gbm,0,12,auroc,0.5218078318778163
64,64,64.0,guo_readmission,guo_readmission,count,gbm,0,12,auprc,0.1286846107781159
65,65,65.0,guo_readmission,guo_readmission,count,gbm,0,12,brier,0.4898462713969557
66,66,66.0,guo_readmission,guo_readmission,count,gbm,1,12,auroc,0.5835416915899031
67,67,67.0,guo_readmission,guo_readmission,count,gbm,1,12,auprc,0.1580678477190008
68,68,68.0,guo_readmission,guo_readmission,count,gbm,1,12,brier,0.4579685505650426
69,69,69.0,guo_readmission,guo_readmission,count,gbm,2,12,auroc,0.5660336164612991
70,70,70.0,guo_readmission,guo_readmission,count,gbm,2,12,auprc,0.1474697492484962
71,71,71.0,guo_readmission,guo_readmission,count,gbm,2,12,brier,0.3155417499854646
72,72,72.0,guo_readmission,guo_readmission,count,gbm,3,12,auroc,0.625414722654225
73,73,73.0,guo_readmission,guo_readmission,count,gbm,3,12,auprc,0.1870080541255232
74,74,74.0,guo_readmission,guo_readmission,count,gbm,3,12,brier,0.4477751282111881
75,75,75.0,guo_readmission,guo_readmission,count,gbm,4,12,auroc,0.7002711648123779
76,76,76.0,guo_readmission,guo_readmission,count,gbm,4,12,auprc,0.2213762955389442
77,77,77.0,guo_readmission,guo_readmission,count,gbm,4,12,brier,0.3658525278425496
78,78,78.0,guo_readmission,guo_readmission,count,gbm,0,16,auroc,0.6686216453323762
79,79,79.0,guo_readmission,guo_readmission,count,gbm,0,16,auprc,0.1874795547366945
80,80,80.0,guo_readmission,guo_readmission,count,gbm,0,16,brier,0.3663922809555309
81,81,81.0,guo_readmission,guo_readmission,count,gbm,1,16,auroc,0.5979313713761614
82,82,82.0,guo_readmission,guo_readmission,count,gbm,1,16,auprc,0.1713459306618116
83,83,83.0,guo_readmission,guo_readmission,count,gbm,1,16,brier,0.3499212987076245
84,84,84.0,guo_readmission,guo_readmission,count,gbm,2,16,auroc,0.6196793874865415
85,85,85.0,guo_readmission,guo_readmission,count,gbm,2,16,auprc,0.1730746854247938
86,86,86.0,guo_readmission,guo_readmission,count,gbm,2,16,brier,0.2478011496839865
87,87,87.0,guo_readmission,guo_readmission,count,gbm,3,16,auroc,0.6508274514495355
88,88,88.0,guo_readmission,guo_readmission,count,gbm,3,16,auprc,0.1965276570352999
89,89,89.0,guo_readmission,guo_readmission,count,gbm,3,16,brier,0.3212366875336132
90,90,90.0,guo_readmission,guo_readmission,count,gbm,4,16,auroc,0.5663406707341389
91,91,91.0,guo_readmission,guo_readmission,count,gbm,4,16,auprc,0.1569325297636422
92,92,92.0,guo_readmission,guo_readmission,count,gbm,4,16,brier,0.4718019686117962
93,93,93.0,guo_readmission,guo_readmission,count,gbm,0,24,auroc,0.7123589344817961
94,94,94.0,guo_readmission,guo_readmission,count,gbm,0,24,auprc,0.2232068011591126
95,95,95.0,guo_readmission,guo_readmission,count,gbm,0,24,brier,0.3659647972791578
96,96,96.0,guo_readmission,guo_readmission,count,gbm,1,24,auroc,0.6839105554890936
97,97,97.0,guo_readmission,guo_readmission,count,gbm,1,24,auprc,0.2125276280126617
98,98,98.0,guo_readmission,guo_readmission,count,gbm,1,24,brier,0.4088506253545575
99,99,99.0,guo_readmission,guo_readmission,count,gbm,2,24,auroc,0.6548191569964509
100,100,100.0,guo_readmission,guo_readmission,count,gbm,2,24,auprc,0.1864033911819351
101,101,101.0,guo_readmission,guo_readmission,count,gbm,2,24,brier,0.3048789358341747
102,102,102.0,guo_readmission,guo_readmission,count,gbm,3,24,auroc,0.688621047174702
103,103,103.0,guo_readmission,guo_readmission,count,gbm,3,24,auprc,0.2402855761940988
104,104,104.0,guo_readmission,guo_readmission,count,gbm,3,24,brier,0.3668786375613865
105,105,105.0,guo_readmission,guo_readmission,count,gbm,4,24,auroc,0.6591916895960441
106,106,106.0,guo_readmission,guo_readmission,count,gbm,4,24,auprc,0.2122696528773553
107,107,107.0,guo_readmission,guo_readmission,count,gbm,4,24,brier,0.4106435183015196
108,108,108.0,guo_readmission,guo_readmission,count,gbm,0,32,auroc,0.6634884555568848
109,109,109.0,guo_readmission,guo_readmission,count,gbm,0,32,auprc,0.1823303972989386
110,110,110.0,guo_readmission,guo_readmission,count,gbm,0,32,brier,0.3458030409509625
111,111,111.0,guo_readmission,guo_readmission,count,gbm,1,32,auroc,0.6813394744187902
112,112,112.0,guo_readmission,guo_readmission,count,gbm,1,32,auprc,0.2172179569267549
113,113,113.0,guo_readmission,guo_readmission,count,gbm,1,32,brier,0.3797979147823496
114,114,114.0,guo_readmission,guo_readmission,count,gbm,2,32,auroc,0.6548660126809427
115,115,115.0,guo_readmission,guo_readmission,count,gbm,2,32,auprc,0.1851649631410728
116,116,116.0,guo_readmission,guo_readmission,count,gbm,2,32,brier,0.2993767426782652
117,117,117.0,guo_readmission,guo_readmission,count,gbm,3,32,auroc,0.7359253499222396
118,118,118.0,guo_readmission,guo_readmission,count,gbm,3,32,auprc,0.2778384707000209
119,119,119.0,guo_readmission,guo_readmission,count,gbm,3,32,brier,0.3148837291805072
120,120,120.0,guo_readmission,guo_readmission,count,gbm,4,32,auroc,0.7061919288591139
121,121,121.0,guo_readmission,guo_readmission,count,gbm,4,32,auprc,0.1996064269388477
122,122,122.0,guo_readmission,guo_readmission,count,gbm,4,32,brier,0.399652426592064
123,123,123.0,guo_readmission,guo_readmission,count,gbm,0,48,auroc,0.7019739203253978
124,124,124.0,guo_readmission,guo_readmission,count,gbm,0,48,auprc,0.210927993785308
125,125,125.0,guo_readmission,guo_readmission,count,gbm,0,48,brier,0.2992926093369006
126,126,126.0,guo_readmission,guo_readmission,count,gbm,1,48,auroc,0.6860569446105993
127,127,127.0,guo_readmission,guo_readmission,count,gbm,1,48,auprc,0.2148006281624612
128,128,128.0,guo_readmission,guo_readmission,count,gbm,1,48,brier,0.3286795630933791
129,129,129.0,guo_readmission,guo_readmission,count,gbm,2,48,auroc,0.6719015432467998
130,130,130.0,guo_readmission,guo_readmission,count,gbm,2,48,auprc,0.2307551410809781
131,131,131.0,guo_readmission,guo_readmission,count,gbm,2,48,brier,0.407770669024893
132,132,132.0,guo_readmission,guo_readmission,count,gbm,3,48,auroc,0.6987588228256968
133,133,133.0,guo_readmission,guo_readmission,count,gbm,3,48,auprc,0.253164668548499
134,134,134.0,guo_readmission,guo_readmission,count,gbm,3,48,brier,0.3026533713894331
135,135,135.0,guo_readmission,guo_readmission,count,gbm,4,48,auroc,0.7209524664034772
136,136,136.0,guo_readmission,guo_readmission,count,gbm,4,48,auprc,0.2298623572028381
137,137,137.0,guo_readmission,guo_readmission,count,gbm,4,48,brier,0.3037987492461913
138,138,138.0,guo_readmission,guo_readmission,count,gbm,0,64,auroc,0.7456284643298638
139,139,139.0,guo_readmission,guo_readmission,count,gbm,0,64,auprc,0.2700267569521251
140,140,140.0,guo_readmission,guo_readmission,count,gbm,0,64,brier,0.2331111003973077
141,141,141.0,guo_readmission,guo_readmission,count,gbm,1,64,auroc,0.6783596522710053
142,142,142.0,guo_readmission,guo_readmission,count,gbm,1,64,auprc,0.2313068277371526
143,143,143.0,guo_readmission,guo_readmission,count,gbm,1,64,brier,0.2049026990435507
144,144,144.0,guo_readmission,guo_readmission,count,gbm,2,64,auroc,0.6951150456593692
145,145,145.0,guo_readmission,guo_readmission,count,gbm,2,64,auprc,0.2284888024889887
146,146,146.0,guo_readmission,guo_readmission,count,gbm,2,64,brier,0.2594849520057023
147,147,147.0,guo_readmission,guo_readmission,count,gbm,3,64,auroc,0.6932946524703911
148,148,148.0,guo_readmission,guo_readmission,count,gbm,3,64,auprc,0.2586660664396083
149,149,149.0,guo_readmission,guo_readmission,count,gbm,3,64,brier,0.3994038952155841
150,150,150.0,guo_readmission,guo_readmission,count,gbm,4,64,auroc,0.7160226502372693
151,151,151.0,guo_readmission,guo_readmission,count,gbm,4,64,auprc,0.2350791472406183
152,152,152.0,guo_readmission,guo_readmission,count,gbm,4,64,brier,0.2480432537679786
153,153,153.0,guo_readmission,guo_readmission,count,gbm,0,128,auroc,0.7340431471069108
154,154,154.0,guo_readmission,guo_readmission,count,gbm,0,128,auprc,0.259080743173174
155,155,155.0,guo_readmission,guo_readmission,count,gbm,0,128,brier,0.2132148457474297
156,156,156.0,guo_readmission,guo_readmission,count,gbm,1,128,auroc,0.7425928141324721
157,157,157.0,guo_readmission,guo_readmission,count,gbm,1,128,auprc,0.2886017602617925
158,158,158.0,guo_readmission,guo_readmission,count,gbm,1,128,brier,0.2134866394749347
159,159,159.0,guo_readmission,guo_readmission,count,gbm,2,128,auroc,0.7310832635482712
160,160,160.0,guo_readmission,guo_readmission,count,gbm,2,128,auprc,0.2600189641867131
161,161,161.0,guo_readmission,guo_readmission,count,gbm,2,128,brier,0.2046406801859247
162,162,162.0,guo_readmission,guo_readmission,count,gbm,3,128,auroc,0.7376799457670375
163,163,163.0,guo_readmission,guo_readmission,count,gbm,3,128,auprc,0.2433097870980673
164,164,164.0,guo_readmission,guo_readmission,count,gbm,3,128,brier,0.2217260285215458
165,165,165.0,guo_readmission,guo_readmission,count,gbm,4,128,auroc,0.7630837021972325
166,166,166.0,guo_readmission,guo_readmission,count,gbm,4,128,auprc,0.3283790723755861
167,167,167.0,guo_readmission,guo_readmission,count,gbm,4,128,brier,0.2267977909444425
168,168,168.0,guo_readmission,guo_readmission,count,lr_lbfgs,0,-1,auroc,0.7508932487937154
169,169,169.0,guo_readmission,guo_readmission,count,lr_lbfgs,0,-1,auprc,0.2584456034767863
170,170,170.0,guo_readmission,guo_readmission,count,lr_lbfgs,0,-1,brier,0.0992303779236081
171,171,171.0,guo_readmission,guo_readmission,count,lr_lbfgs,0,1,auroc,0.6882242692507078
172,172,172.0,guo_readmission,guo_readmission,count,lr_lbfgs,0,1,auprc,0.1983927835438456
173,173,173.0,guo_readmission,guo_readmission,count,lr_lbfgs,0,1,brier,0.2500314713104468
174,174,174.0,guo_readmission,guo_readmission,count,lr_lbfgs,1,1,auroc,0.4772121864656857
175,175,175.0,guo_readmission,guo_readmission,count,lr_lbfgs,1,1,auprc,0.1157707360291687
176,176,176.0,guo_readmission,guo_readmission,count,lr_lbfgs,1,1,brier,0.2500024584369661
177,177,177.0,guo_readmission,guo_readmission,count,lr_lbfgs,2,1,auroc,0.4133907564700722
178,178,178.0,guo_readmission,guo_readmission,count,lr_lbfgs,2,1,auprc,0.0962864922775655
179,179,179.0,guo_readmission,guo_readmission,count,lr_lbfgs,2,1,brier,0.2498961795939838
180,180,180.0,guo_readmission,guo_readmission,count,lr_lbfgs,3,1,auroc,0.6364517286756789
181,181,181.0,guo_readmission,guo_readmission,count,lr_lbfgs,3,1,auprc,0.2002996865286979
182,182,182.0,guo_readmission,guo_readmission,count,lr_lbfgs,3,1,brier,0.2499745729423669
183,183,183.0,guo_readmission,guo_readmission,count,lr_lbfgs,4,1,auroc,0.5677194241735455
184,184,184.0,guo_readmission,guo_readmission,count,lr_lbfgs,4,1,auprc,0.1406809144182236
185,185,185.0,guo_readmission,guo_readmission,count,lr_lbfgs,4,1,brier,0.2500520709437885
186,186,186.0,guo_readmission,guo_readmission,count,lr_lbfgs,0,2,auroc,0.6176775531363401
187,187,187.0,guo_readmission,guo_readmission,count,lr_lbfgs,0,2,auprc,0.1951295614974912
188,188,188.0,guo_readmission,guo_readmission,count,lr_lbfgs,0,2,brier,0.2499816782672188
189,189,189.0,guo_readmission,guo_readmission,count,lr_lbfgs,1,2,auroc,0.4124456673445786
190,190,190.0,guo_readmission,guo_readmission,count,lr_lbfgs,1,2,auprc,0.0993862853338286
191,191,191.0,guo_readmission,guo_readmission,count,lr_lbfgs,1,2,brier,0.250012150245571
192,192,192.0,guo_readmission,guo_readmission,count,lr_lbfgs,2,2,auroc,0.6491286836543446
193,193,193.0,guo_readmission,guo_readmission,count,lr_lbfgs,2,2,auprc,0.1986174417529866
194,194,194.0,guo_readmission,guo_readmission,count,lr_lbfgs,2,2,brier,0.2339613551809921
195,195,195.0,guo_readmission,guo_readmission,count,lr_lbfgs,3,2,auroc,0.4816903935877497
196,196,196.0,guo_readmission,guo_readmission,count,lr_lbfgs,3,2,auprc,0.1328238655415836
197,197,197.0,guo_readmission,guo_readmission,count,lr_lbfgs,3,2,brier,0.4218726725787199
198,198,198.0,guo_readmission,guo_readmission,count,lr_lbfgs,4,2,auroc,0.6462934162778642
199,199,199.0,guo_readmission,guo_readmission,count,lr_lbfgs,4,2,auprc,0.1817494983585059
200,200,200.0,guo_readmission,guo_readmission,count,lr_lbfgs,4,2,brier,0.2500556544592177
201,201,201.0,guo_readmission,guo_readmission,count,lr_lbfgs,0,4,auroc,0.6643139131475057
202,202,202.0,guo_readmission,guo_readmission,count,lr_lbfgs,0,4,auprc,0.2430245238048168
203,203,203.0,guo_readmission,guo_readmission,count,lr_lbfgs,0,4,brier,0.4219025229240618
204,204,204.0,guo_readmission,guo_readmission,count,lr_lbfgs,1,4,auroc,0.6268632611556406
205,205,205.0,guo_readmission,guo_readmission,count,lr_lbfgs,1,4,auprc,0.1681909118515589
206,206,206.0,guo_readmission,guo_readmission,count,lr_lbfgs,1,4,brier,0.25963936873492
207,207,207.0,guo_readmission,guo_readmission,count,lr_lbfgs,2,4,auroc,0.702749531443155
208,208,208.0,guo_readmission,guo_readmission,count,lr_lbfgs,2,4,auprc,0.2044722830668794
209,209,209.0,guo_readmission,guo_readmission,count,lr_lbfgs,2,4,brier,0.2500060439095295
210,210,210.0,guo_readmission,guo_readmission,count,lr_lbfgs,3,4,auroc,0.6535929337640068
211,211,211.0,guo_readmission,guo_readmission,count,lr_lbfgs,3,4,auprc,0.1691669216159918
212,212,212.0,guo_readmission,guo_readmission,count,lr_lbfgs,3,4,brier,0.2500125050170204
213,213,213.0,guo_readmission,guo_readmission,count,lr_lbfgs,4,4,auroc,0.6387665988754636
214,214,214.0,guo_readmission,guo_readmission,count,lr_lbfgs,4,4,auprc,0.1667838889967242
215,215,215.0,guo_readmission,guo_readmission,count,lr_lbfgs,4,4,brier,0.2500647551113997
216,216,216.0,guo_readmission,guo_readmission,count,lr_lbfgs,0,8,auroc,0.7084400047852615
217,217,217.0,guo_readmission,guo_readmission,count,lr_lbfgs,0,8,auprc,0.2510607326038345
218,218,218.0,guo_readmission,guo_readmission,count,lr_lbfgs,0,8,brier,0.3274454740421107
219,219,219.0,guo_readmission,guo_readmission,count,lr_lbfgs,1,8,auroc,0.6713582166925869
220,220,220.0,guo_readmission,guo_readmission,count,lr_lbfgs,1,8,auprc,0.1820871130456405
221,221,221.0,guo_readmission,guo_readmission,count,lr_lbfgs,1,8,brier,0.2500169643309133
222,222,222.0,guo_readmission,guo_readmission,count,lr_lbfgs,2,8,auroc,0.6477010806715318
223,223,223.0,guo_readmission,guo_readmission,count,lr_lbfgs,2,8,auprc,0.1636730524270314
224,224,224.0,guo_readmission,guo_readmission,count,lr_lbfgs,2,8,brier,0.2500728680588093
225,225,225.0,guo_readmission,guo_readmission,count,lr_lbfgs,3,8,auroc,0.6187901264106551
226,226,226.0,guo_readmission,guo_readmission,count,lr_lbfgs,3,8,auprc,0.1544272971035717
227,227,227.0,guo_readmission,guo_readmission,count,lr_lbfgs,3,8,brier,0.2493352016528727
228,228,228.0,guo_readmission,guo_readmission,count,lr_lbfgs,4,8,auroc,0.712828488256171
229,229,229.0,guo_readmission,guo_readmission,count,lr_lbfgs,4,8,auprc,0.252362282581501
230,230,230.0,guo_readmission,guo_readmission,count,lr_lbfgs,4,8,brier,0.2336558680408013
231,231,231.0,guo_readmission,guo_readmission,count,lr_lbfgs,0,12,auroc,0.6573972165729554
232,232,232.0,guo_readmission,guo_readmission,count,lr_lbfgs,0,12,auprc,0.2090583715382797
233,233,233.0,guo_readmission,guo_readmission,count,lr_lbfgs,0,12,brier,0.4464978662711414
234,234,234.0,guo_readmission,guo_readmission,count,lr_lbfgs,1,12,auroc,0.6119890736531484
235,235,235.0,guo_readmission,guo_readmission,count,lr_lbfgs,1,12,auprc,0.2051440523470659
236,236,236.0,guo_readmission,guo_readmission,count,lr_lbfgs,1,12,brier,0.2499680543546245
237,237,237.0,guo_readmission,guo_readmission,count,lr_lbfgs,2,12,auroc,0.6158192766279859
238,238,238.0,guo_readmission,guo_readmission,count,lr_lbfgs,2,12,auprc,0.1522314712658449
239,239,239.0,guo_readmission,guo_readmission,count,lr_lbfgs,2,12,brier,0.2500683686914576
240,240,240.0,guo_readmission,guo_readmission,count,lr_lbfgs,3,12,auroc,0.6296805838018901
241,241,241.0,guo_readmission,guo_readmission,count,lr_lbfgs,3,12,auprc,0.1592746626934538
242,242,242.0,guo_readmission,guo_readmission,count,lr_lbfgs,3,12,brier,0.2498220304715267
243,243,243.0,guo_readmission,guo_readmission,count,lr_lbfgs,4,12,auroc,0.689373728914942
244,244,244.0,guo_readmission,guo_readmission,count,lr_lbfgs,4,12,auprc,0.2542429111931817
245,245,245.0,guo_readmission,guo_readmission,count,lr_lbfgs,4,12,brier,0.2488238545038184
246,246,246.0,guo_readmission,guo_readmission,count,lr_lbfgs,0,16,auroc,0.7154922837660008
247,247,247.0,guo_readmission,guo_readmission,count,lr_lbfgs,0,16,auprc,0.2458025579505809
248,248,248.0,guo_readmission,guo_readmission,count,lr_lbfgs,0,16,brier,0.2533166380451588
249,249,249.0,guo_readmission,guo_readmission,count,lr_lbfgs,1,16,auroc,0.7144494955536946
250,250,250.0,guo_readmission,guo_readmission,count,lr_lbfgs,1,16,auprc,0.2344600945043311
251,251,251.0,guo_readmission,guo_readmission,count,lr_lbfgs,1,16,brier,0.2498684155178046
252,252,252.0,guo_readmission,guo_readmission,count,lr_lbfgs,2,16,auroc,0.6110898432826893
253,253,253.0,guo_readmission,guo_readmission,count,lr_lbfgs,2,16,auprc,0.150479025738627
254,254,254.0,guo_readmission,guo_readmission,count,lr_lbfgs,2,16,brier,0.2500808799743643
255,255,255.0,guo_readmission,guo_readmission,count,lr_lbfgs,3,16,auroc,0.6497667185069984
256,256,256.0,guo_readmission,guo_readmission,count,lr_lbfgs,3,16,auprc,0.1675939876490126
257,257,257.0,guo_readmission,guo_readmission,count,lr_lbfgs,3,16,brier,0.2500377915692874
258,258,258.0,guo_readmission,guo_readmission,count,lr_lbfgs,4,16,auroc,0.6413865294891734
259,259,259.0,guo_readmission,guo_readmission,count,lr_lbfgs,4,16,auprc,0.1696492575800338
260,260,260.0,guo_readmission,guo_readmission,count,lr_lbfgs,4,16,brier,0.2442754978268631
261,261,261.0,guo_readmission,guo_readmission,count,lr_lbfgs,0,24,auroc,0.6781732264624956
262,262,262.0,guo_readmission,guo_readmission,count,lr_lbfgs,0,24,auprc,0.1935867694276038
263,263,263.0,guo_readmission,guo_readmission,count,lr_lbfgs,0,24,brier,0.250013689860192
264,264,264.0,guo_readmission,guo_readmission,count,lr_lbfgs,1,24,auroc,0.7343960601347849
265,265,265.0,guo_readmission,guo_readmission,count,lr_lbfgs,1,24,auprc,0.2347854265821898
266,266,266.0,guo_readmission,guo_readmission,count,lr_lbfgs,1,24,brier,0.2491865717774782
267,267,267.0,guo_readmission,guo_readmission,count,lr_lbfgs,2,24,auroc,0.6357498903377597
268,268,268.0,guo_readmission,guo_readmission,count,lr_lbfgs,2,24,auprc,0.1602532955388475
269,269,269.0,guo_readmission,guo_readmission,count,lr_lbfgs,2,24,brier,0.2478228293885444
270,270,270.0,guo_readmission,guo_readmission,count,lr_lbfgs,3,24,auroc,0.6974219404234956
271,271,271.0,guo_readmission,guo_readmission,count,lr_lbfgs,3,24,auprc,0.1970689115711543
272,272,272.0,guo_readmission,guo_readmission,count,lr_lbfgs,3,24,brier,0.2500187851680145
273,273,273.0,guo_readmission,guo_readmission,count,lr_lbfgs,4,24,auroc,0.6334370139968896
274,274,274.0,guo_readmission,guo_readmission,count,lr_lbfgs,4,24,auprc,0.1686422908983187
275,275,275.0,guo_readmission,guo_readmission,count,lr_lbfgs,4,24,brier,0.2500137877372129
276,276,276.0,guo_readmission,guo_readmission,count,lr_lbfgs,0,32,auroc,0.6649021015272959
277,277,277.0,guo_readmission,guo_readmission,count,lr_lbfgs,0,32,auprc,0.180173619220788
278,278,278.0,guo_readmission,guo_readmission,count,lr_lbfgs,0,32,brier,0.2498511216467815
279,279,279.0,guo_readmission,guo_readmission,count,lr_lbfgs,1,32,auroc,0.717346572556526
280,280,280.0,guo_readmission,guo_readmission,count,lr_lbfgs,1,32,auprc,0.2145828350632377
281,281,281.0,guo_readmission,guo_readmission,count,lr_lbfgs,1,32,brier,0.286055574624763
282,282,282.0,guo_readmission,guo_readmission,count,lr_lbfgs,2,32,auroc,0.6490449415799338
283,283,283.0,guo_readmission,guo_readmission,count,lr_lbfgs,2,32,auprc,0.1675301669523195
284,284,284.0,guo_readmission,guo_readmission,count,lr_lbfgs,2,32,brier,0.2496948536887808
285,285,285.0,guo_readmission,guo_readmission,count,lr_lbfgs,3,32,auroc,0.7184092993579774
286,286,286.0,guo_readmission,guo_readmission,count,lr_lbfgs,3,32,auprc,0.2111434901217498
287,287,287.0,guo_readmission,guo_readmission,count,lr_lbfgs,3,32,brier,0.2481504534495553
288,288,288.0,guo_readmission,guo_readmission,count,lr_lbfgs,4,32,auroc,0.6744686365992743
289,289,289.0,guo_readmission,guo_readmission,count,lr_lbfgs,4,32,auprc,0.2008044296835048
290,290,290.0,guo_readmission,guo_readmission,count,lr_lbfgs,4,32,brier,0.2368340020678458
291,291,291.0,guo_readmission,guo_readmission,count,lr_lbfgs,0,48,auroc,0.6751485424891335
292,292,292.0,guo_readmission,guo_readmission,count,lr_lbfgs,0,48,auprc,0.1830776081379019
293,293,293.0,guo_readmission,guo_readmission,count,lr_lbfgs,0,48,brier,0.2500217281277404
294,294,294.0,guo_readmission,guo_readmission,count,lr_lbfgs,1,48,auroc,0.7113370817880926
295,295,295.0,guo_readmission,guo_readmission,count,lr_lbfgs,1,48,auprc,0.2207406397073998
296,296,296.0,guo_readmission,guo_readmission,count,lr_lbfgs,1,48,brier,0.2268548462432409
297,297,297.0,guo_readmission,guo_readmission,count,lr_lbfgs,2,48,auroc,0.6963452566096423
298,298,298.0,guo_readmission,guo_readmission,count,lr_lbfgs,2,48,auprc,0.201572948739556
299,299,299.0,guo_readmission,guo_readmission,count,lr_lbfgs,2,48,brier,0.2498024982216157
300,300,300.0,guo_readmission,guo_readmission,count,lr_lbfgs,3,48,auroc,0.6991585915380628
301,301,301.0,guo_readmission,guo_readmission,count,lr_lbfgs,3,48,auprc,0.1957708177511755
302,302,302.0,guo_readmission,guo_readmission,count,lr_lbfgs,3,48,brier,0.2333593075759228
303,303,303.0,guo_readmission,guo_readmission,count,lr_lbfgs,4,48,auroc,0.7010308250588189
304,304,304.0,guo_readmission,guo_readmission,count,lr_lbfgs,4,48,auprc,0.2361064793362499
305,305,305.0,guo_readmission,guo_readmission,count,lr_lbfgs,4,48,brier,0.2245940759712242
306,306,306.0,guo_readmission,guo_readmission,count,lr_lbfgs,0,64,auroc,0.7066594887745743
307,307,307.0,guo_readmission,guo_readmission,count,lr_lbfgs,0,64,auprc,0.2077263960589979
308,308,308.0,guo_readmission,guo_readmission,count,lr_lbfgs,0,64,brier,0.2467040374942618
309,309,309.0,guo_readmission,guo_readmission,count,lr_lbfgs,1,64,auroc,0.7231247756908722
310,310,310.0,guo_readmission,guo_readmission,count,lr_lbfgs,1,64,auprc,0.2180963661395047
311,311,311.0,guo_readmission,guo_readmission,count,lr_lbfgs,1,64,brier,0.2302989794755099
312,312,312.0,guo_readmission,guo_readmission,count,lr_lbfgs,2,64,auroc,0.7231148063962994
313,313,313.0,guo_readmission,guo_readmission,count,lr_lbfgs,2,64,auprc,0.2161751306767972
314,314,314.0,guo_readmission,guo_readmission,count,lr_lbfgs,2,64,brier,0.2284516677789915
315,315,315.0,guo_readmission,guo_readmission,count,lr_lbfgs,3,64,auroc,0.6929596841727479
316,316,316.0,guo_readmission,guo_readmission,count,lr_lbfgs,3,64,auprc,0.1949402663273812
317,317,317.0,guo_readmission,guo_readmission,count,lr_lbfgs,3,64,brier,0.2557294001372278
318,318,318.0,guo_readmission,guo_readmission,count,lr_lbfgs,4,64,auroc,0.7178031662479563
319,319,319.0,guo_readmission,guo_readmission,count,lr_lbfgs,4,64,auprc,0.2460570224776994
320,320,320.0,guo_readmission,guo_readmission,count,lr_lbfgs,4,64,brier,0.2220926060259533
321,321,321.0,guo_readmission,guo_readmission,count,lr_lbfgs,0,128,auroc,0.7429537025960042
322,322,322.0,guo_readmission,guo_readmission,count,lr_lbfgs,0,128,auprc,0.2351206758819933
323,323,323.0,guo_readmission,guo_readmission,count,lr_lbfgs,0,128,brier,0.22430532373959
324,324,324.0,guo_readmission,guo_readmission,count,lr_lbfgs,1,128,auroc,0.7303724528452368
325,325,325.0,guo_readmission,guo_readmission,count,lr_lbfgs,1,128,auprc,0.2277171847121232
326,326,326.0,guo_readmission,guo_readmission,count,lr_lbfgs,1,128,brier,0.1870422889595462
327,327,327.0,guo_readmission,guo_readmission,count,lr_lbfgs,2,128,auroc,0.7139390676715716
328,328,328.0,guo_readmission,guo_readmission,count,lr_lbfgs,2,128,auprc,0.2091788455275168
329,329,329.0,guo_readmission,guo_readmission,count,lr_lbfgs,2,128,brier,0.2265733119191219
330,330,330.0,guo_readmission,guo_readmission,count,lr_lbfgs,3,128,auroc,0.7244845874705906
331,331,331.0,guo_readmission,guo_readmission,count,lr_lbfgs,3,128,auprc,0.2098376682321254
332,332,332.0,guo_readmission,guo_readmission,count,lr_lbfgs,3,128,brier,0.2281219313028011
333,333,333.0,guo_readmission,guo_readmission,count,lr_lbfgs,4,128,auroc,0.7459923435817681
334,334,334.0,guo_readmission,guo_readmission,count,lr_lbfgs,4,128,auprc,0.2643573589795007
335,335,335.0,guo_readmission,guo_readmission,count,lr_lbfgs,4,128,brier,0.1985259550246188
336,336,336.0,guo_readmission,guo_readmission,count,rf,0,-1,auroc,0.7749611197511664
337,337,337.0,guo_readmission,guo_readmission,count,rf,0,-1,auprc,0.3353129996972228
338,338,338.0,guo_readmission,guo_readmission,count,rf,0,-1,brier,0.0925965863815598
339,339,339.0,guo_readmission,guo_readmission,count,rf,0,1,auroc,0.6568209913466523
340,340,340.0,guo_readmission,guo_readmission,count,rf,0,1,auprc,0.1772216459381525
341,341,341.0,guo_readmission,guo_readmission,count,rf,0,1,brier,0.2619263590680676
342,342,342.0,guo_readmission,guo_readmission,count,rf,1,1,auroc,0.5324640108465925
343,343,343.0,guo_readmission,guo_readmission,count,rf,1,1,auprc,0.1430465781267194
344,344,344.0,guo_readmission,guo_readmission,count,rf,1,1,brier,0.2418693467336683
345,345,345.0,guo_readmission,guo_readmission,count,rf,2,1,auroc,0.4966074490569048
346,346,346.0,guo_readmission,guo_readmission,count,rf,2,1,auprc,0.1239560788095653
347,347,347.0,guo_readmission,guo_readmission,count,rf,2,1,brier,0.3943193238921882
348,348,348.0,guo_readmission,guo_readmission,count,rf,3,1,auroc,0.5668441201100611
349,349,349.0,guo_readmission,guo_readmission,count,rf,3,1,auprc,0.1520580055990587
350,350,350.0,guo_readmission,guo_readmission,count,rf,3,1,brier,0.3721585198720877
351,351,351.0,guo_readmission,guo_readmission,count,rf,4,1,auroc,0.5420066196115964
352,352,352.0,guo_readmission,guo_readmission,count,rf,4,1,auprc,0.1292129750623882
353,353,353.0,guo_readmission,guo_readmission,count,rf,4,1,brier,0.1665806304248515
354,354,354.0,guo_readmission,guo_readmission,count,rf,0,2,auroc,0.5226861267296725
355,355,355.0,guo_readmission,guo_readmission,count,rf,0,2,auprc,0.1682923070352237
356,356,356.0,guo_readmission,guo_readmission,count,rf,0,2,brier,0.335043398812243
357,357,357.0,guo_readmission,guo_readmission,count,rf,1,2,auroc,0.4819884754954739
358,358,358.0,guo_readmission,guo_readmission,count,rf,1,2,auprc,0.1192856788733139
359,359,359.0,guo_readmission,guo_readmission,count,rf,1,2,brier,0.2416822750114207
360,360,360.0,guo_readmission,guo_readmission,count,rf,2,2,auroc,0.5727040714599035
361,361,361.0,guo_readmission,guo_readmission,count,rf,2,2,auprc,0.1470130713946412
362,362,362.0,guo_readmission,guo_readmission,count,rf,2,2,brier,0.2666070808588397
363,363,363.0,guo_readmission,guo_readmission,count,rf,3,2,auroc,0.4128912948119791
364,364,364.0,guo_readmission,guo_readmission,count,rf,3,2,auprc,0.1016063795448587
365,365,365.0,guo_readmission,guo_readmission,count,rf,3,2,brier,0.4582137962539973
366,366,366.0,guo_readmission,guo_readmission,count,rf,4,2,auroc,0.628574989033776
367,367,367.0,guo_readmission,guo_readmission,count,rf,4,2,auprc,0.1725295278796326
368,368,368.0,guo_readmission,guo_readmission,count,rf,4,2,brier,0.2220038982792751
369,369,369.0,guo_readmission,guo_readmission,count,rf,0,4,auroc,0.4732324440722575
370,370,370.0,guo_readmission,guo_readmission,count,rf,0,4,auprc,0.1110573038262246
371,371,371.0,guo_readmission,guo_readmission,count,rf,0,4,brier,0.4722019186843307
372,372,372.0,guo_readmission,guo_readmission,count,rf,1,4,auroc,0.5034015233082106
373,373,373.0,guo_readmission,guo_readmission,count,rf,1,4,auprc,0.1239924303907033
374,374,374.0,guo_readmission,guo_readmission,count,rf,1,4,brier,0.2520071265417999
375,375,375.0,guo_readmission,guo_readmission,count,rf,2,4,auroc,0.6384814770506839
376,376,376.0,guo_readmission,guo_readmission,count,rf,2,4,auprc,0.167018560316615
377,377,377.0,guo_readmission,guo_readmission,count,rf,2,4,brier,0.2397910004568296
378,378,378.0,guo_readmission,guo_readmission,count,rf,3,4,auroc,0.6863301032818917
379,379,379.0,guo_readmission,guo_readmission,count,rf,3,4,auprc,0.1948361545019944
380,380,380.0,guo_readmission,guo_readmission,count,rf,3,4,brier,0.2115411603471905
381,381,381.0,guo_readmission,guo_readmission,count,rf,4,4,auroc,0.5614168361446744
382,382,382.0,guo_readmission,guo_readmission,count,rf,4,4,auprc,0.1365843489522093
383,383,383.0,guo_readmission,guo_readmission,count,rf,4,4,brier,0.3009422110552764
384,384,384.0,guo_readmission,guo_readmission,count,rf,0,8,auroc,0.5778452366710533
385,385,385.0,guo_readmission,guo_readmission,count,rf,0,8,auprc,0.1636435512073309
386,386,386.0,guo_readmission,guo_readmission,count,rf,0,8,brier,0.2912185929648241
387,387,387.0,guo_readmission,guo_readmission,count,rf,1,8,auroc,0.563433624436735
388,388,388.0,guo_readmission,guo_readmission,count,rf,1,8,auprc,0.1357957490363853
389,389,389.0,guo_readmission,guo_readmission,count,rf,1,8,brier,0.2718616719963453
390,390,390.0,guo_readmission,guo_readmission,count,rf,2,8,auroc,0.664975874307134
391,391,391.0,guo_readmission,guo_readmission,count,rf,2,8,auprc,0.1985126467196039
392,392,392.0,guo_readmission,guo_readmission,count,rf,2,8,brier,0.239048926450434
393,393,393.0,guo_readmission,guo_readmission,count,rf,3,8,auroc,0.6513807472983212
394,394,394.0,guo_readmission,guo_readmission,count,rf,3,8,auprc,0.1977057278249634
395,395,395.0,guo_readmission,guo_readmission,count,rf,3,8,brier,0.2102317496573778
396,396,396.0,guo_readmission,guo_readmission,count,rf,4,8,auroc,0.6293346492802169
397,397,397.0,guo_readmission,guo_readmission,count,rf,4,8,auprc,0.1808446404007552
398,398,398.0,guo_readmission,guo_readmission,count,rf,4,8,brier,0.2222716308023704
399,399,399.0,guo_readmission,guo_readmission,count,rf,0,12,auroc,0.6670026318937671
400,400,400.0,guo_readmission,guo_readmission,count,rf,0,12,auprc,0.2031954410685194
401,401,401.0,guo_readmission,guo_readmission,count,rf,0,12,brier,0.222156966651439
402,402,402.0,guo_readmission,guo_readmission,count,rf,1,12,auroc,0.5233600510427882
403,403,403.0,guo_readmission,guo_readmission,count,rf,1,12,auprc,0.122226173565354
404,404,404.0,guo_readmission,guo_readmission,count,rf,1,12,brier,0.3116948378254911
405,405,405.0,guo_readmission,guo_readmission,count,rf,2,12,auroc,0.6274165570044264
406,406,406.0,guo_readmission,guo_readmission,count,rf,2,12,auprc,0.1586163134479757
407,407,407.0,guo_readmission,guo_readmission,count,rf,2,12,brier,0.1939230242119689
408,408,408.0,guo_readmission,guo_readmission,count,rf,3,12,auroc,0.6550853371615425
409,409,409.0,guo_readmission,guo_readmission,count,rf,3,12,auprc,0.1832362446531806
410,410,410.0,guo_readmission,guo_readmission,count,rf,3,12,brier,0.2037939132174773
411,411,411.0,guo_readmission,guo_readmission,count,rf,4,12,auroc,0.6368824022012203
412,412,412.0,guo_readmission,guo_readmission,count,rf,4,12,auprc,0.1770224005444634
413,413,413.0,guo_readmission,guo_readmission,count,rf,4,12,brier,0.1728711740520785
414,414,414.0,guo_readmission,guo_readmission,count,rf,0,16,auroc,0.7062467599792639
415,415,415.0,guo_readmission,guo_readmission,count,rf,0,16,auprc,0.2326316995554425
416,416,416.0,guo_readmission,guo_readmission,count,rf,0,16,brier,0.1714631610854891
417,417,417.0,guo_readmission,guo_readmission,count,rf,1,16,auroc,0.6793555847988196
418,418,418.0,guo_readmission,guo_readmission,count,rf,1,16,auprc,0.2031552831382944
419,419,419.0,guo_readmission,guo_readmission,count,rf,1,16,brier,0.2663513933302878
420,420,420.0,guo_readmission,guo_readmission,count,rf,2,16,auroc,0.6427513259161781
421,421,421.0,guo_readmission,guo_readmission,count,rf,2,16,auprc,0.1684940964935346
422,422,422.0,guo_readmission,guo_readmission,count,rf,2,16,brier,0.2000826988096428
423,423,423.0,guo_readmission,guo_readmission,count,rf,3,16,auroc,0.6867767276787494
424,424,424.0,guo_readmission,guo_readmission,count,rf,3,16,auprc,0.2286747775868124
425,425,425.0,guo_readmission,guo_readmission,count,rf,3,16,brier,0.2294114204796994
426,426,426.0,guo_readmission,guo_readmission,count,rf,4,16,auroc,0.6468566814212225
427,427,427.0,guo_readmission,guo_readmission,count,rf,4,16,auprc,0.1928241182770342
428,428,428.0,guo_readmission,guo_readmission,count,rf,4,16,brier,0.211365189584285
429,429,429.0,guo_readmission,guo_readmission,count,rf,0,24,auroc,0.7168730310643219
430,430,430.0,guo_readmission,guo_readmission,count,rf,0,24,auprc,0.2193837871377611
431,431,431.0,guo_readmission,guo_readmission,count,rf,0,24,brier,0.1876328460484239
432,432,432.0,guo_readmission,guo_readmission,count,rf,1,24,auroc,0.6787065837221359
433,433,433.0,guo_readmission,guo_readmission,count,rf,1,24,auprc,0.2208588486505155
434,434,434.0,guo_readmission,guo_readmission,count,rf,1,24,brier,0.2896665143901324
435,435,435.0,guo_readmission,guo_readmission,count,rf,2,24,auroc,0.6224498544482991
436,436,436.0,guo_readmission,guo_readmission,count,rf,2,24,auprc,0.1700955447153361
437,437,437.0,guo_readmission,guo_readmission,count,rf,2,24,brier,0.2343785821018046
438,438,438.0,guo_readmission,guo_readmission,count,rf,3,24,auroc,0.7013309008254576
439,439,439.0,guo_readmission,guo_readmission,count,rf,3,24,auprc,0.2264157396610554
440,440,440.0,guo_readmission,guo_readmission,count,rf,3,24,brier,0.2160177925236215
441,441,441.0,guo_readmission,guo_readmission,count,rf,4,24,auroc,0.6947312278183196
442,442,442.0,guo_readmission,guo_readmission,count,rf,4,24,auprc,0.2264542450376998
443,443,443.0,guo_readmission,guo_readmission,count,rf,4,24,brier,0.1979687985381452
444,444,444.0,guo_readmission,guo_readmission,count,rf,0,32,auroc,0.67902659807792
445,445,445.0,guo_readmission,guo_readmission,count,rf,0,32,auprc,0.1900919901226175
446,446,446.0,guo_readmission,guo_readmission,count,rf,0,32,brier,0.2165052535404294
447,447,447.0,guo_readmission,guo_readmission,count,rf,1,32,auroc,0.6821310364078638
448,448,448.0,guo_readmission,guo_readmission,count,rf,1,32,auprc,0.2073169883534568
449,449,449.0,guo_readmission,guo_readmission,count,rf,1,32,brier,0.2127515803854159
450,450,450.0,guo_readmission,guo_readmission,count,rf,2,32,auroc,0.6485584400047852
451,451,451.0,guo_readmission,guo_readmission,count,rf,2,32,auprc,0.1673496000746573
452,452,452.0,guo_readmission,guo_readmission,count,rf,2,32,brier,0.2068896940286921
453,453,453.0,guo_readmission,guo_readmission,count,rf,3,32,auroc,0.7203084499740798
454,454,454.0,guo_readmission,guo_readmission,count,rf,3,32,auprc,0.2420339822588032
455,455,455.0,guo_readmission,guo_readmission,count,rf,3,32,brier,0.2184074733027582
456,456,456.0,guo_readmission,guo_readmission,count,rf,4,32,auroc,0.6777993779160187
457,457,457.0,guo_readmission,guo_readmission,count,rf,4,32,auprc,0.2226474966419987
458,458,458.0,guo_readmission,guo_readmission,count,rf,4,32,brier,0.2045719993360181
459,459,459.0,guo_readmission,guo_readmission,count,rf,0,48,auroc,0.7273078916935838
460,460,460.0,guo_readmission,guo_readmission,count,rf,0,48,auprc,0.2445470866738724
461,461,461.0,guo_readmission,guo_readmission,count,rf,0,48,brier,0.2016906343129166
462,462,462.0,guo_readmission,guo_readmission,count,rf,1,48,auroc,0.7005243848945248
463,463,463.0,guo_readmission,guo_readmission,count,rf,1,48,auprc,0.2186807751992908
464,464,464.0,guo_readmission,guo_readmission,count,rf,1,48,brier,0.2135575395174704
465,465,465.0,guo_readmission,guo_readmission,count,rf,2,48,auroc,0.6706753200143558
466,466,466.0,guo_readmission,guo_readmission,count,rf,2,48,auprc,0.2396563924833874
467,467,467.0,guo_readmission,guo_readmission,count,rf,2,48,brier,0.2035978065590605
468,468,468.0,guo_readmission,guo_readmission,count,rf,3,48,auroc,0.7035191609841688
469,469,469.0,guo_readmission,guo_readmission,count,rf,3,48,auprc,0.2359330294158345
470,470,470.0,guo_readmission,guo_readmission,count,rf,3,48,brier,0.2076290543627227
471,471,471.0,guo_readmission,guo_readmission,count,rf,4,48,auroc,0.7284124895322407
472,472,472.0,guo_readmission,guo_readmission,count,rf,4,48,auprc,0.2603904139002447
473,473,473.0,guo_readmission,guo_readmission,count,rf,4,48,brier,0.2102417177972171
474,474,474.0,guo_readmission,guo_readmission,count,rf,0,64,auroc,0.7361885392989592
475,475,475.0,guo_readmission,guo_readmission,count,rf,0,64,auprc,0.257716399070355
476,476,476.0,guo_readmission,guo_readmission,count,rf,0,64,brier,0.1910097761534947
477,477,477.0,guo_readmission,guo_readmission,count,rf,1,64,auroc,0.7325647007217769
478,478,478.0,guo_readmission,guo_readmission,count,rf,1,64,auprc,0.256743867919662
479,479,479.0,guo_readmission,guo_readmission,count,rf,1,64,brier,0.1900045254030161
480,480,480.0,guo_readmission,guo_readmission,count,rf,2,64,auroc,0.6720490888064761
481,481,481.0,guo_readmission,guo_readmission,count,rf,2,64,auprc,0.2150827163153812
482,482,482.0,guo_readmission,guo_readmission,count,rf,2,64,brier,0.2204508681312704
483,483,483.0,guo_readmission,guo_readmission,count,rf,3,64,auroc,0.7002950911193525
484,484,484.0,guo_readmission,guo_readmission,count,rf,3,64,auprc,0.2151713931091379
485,485,485.0,guo_readmission,guo_readmission,count,rf,3,64,brier,0.2102101416171768
486,486,486.0,guo_readmission,guo_readmission,count,rf,4,64,auroc,0.7235634246520717
487,487,487.0,guo_readmission,guo_readmission,count,rf,4,64,auprc,0.2576677227080553
488,488,488.0,guo_readmission,guo_readmission,count,rf,4,64,brier,0.2100296025582458
489,489,489.0,guo_readmission,guo_readmission,count,rf,0,128,auroc,0.7608765003788333
490,490,490.0,guo_readmission,guo_readmission,count,rf,0,128,auprc,0.278213173339397
491,491,491.0,guo_readmission,guo_readmission,count,rf,0,128,brier,0.176787838180803
492,492,492.0,guo_readmission,guo_readmission,count,rf,1,128,auroc,0.7558978346692188
493,493,493.0,guo_readmission,guo_readmission,count,rf,1,128,auprc,0.274367280879962
494,494,494.0,guo_readmission,guo_readmission,count,rf,1,128,brier,0.1716671539506218
495,495,495.0,guo_readmission,guo_readmission,count,rf,2,128,auroc,0.737681939625952
496,496,496.0,guo_readmission,guo_readmission,count,rf,2,128,auprc,0.2575020078979989
497,497,497.0,guo_readmission,guo_readmission,count,rf,2,128,brier,0.1832603242496867
498,498,498.0,guo_readmission,guo_readmission,count,rf,3,128,auroc,0.7555050444630538
499,499,499.0,guo_readmission,guo_readmission,count,rf,3,128,auprc,0.2574693013379973
500,500,500.0,guo_readmission,guo_readmission,count,rf,3,128,brier,0.1839425127370716
501,501,501.0,guo_readmission,guo_readmission,count,rf,4,128,auroc,0.7390058619452087
502,502,502.0,guo_readmission,guo_readmission,count,rf,4,128,auprc,0.2688955563335217
503,503,503.0,guo_readmission,guo_readmission,count,rf,4,128,brier,0.1804518138464138
504,504,504.0,guo_readmission,guo_readmission,clmbr,lr_lbfgs,0,-1,auroc,0.8102803365633848
505,505,505.0,guo_readmission,guo_readmission,clmbr,lr_lbfgs,0,-1,auprc,0.4118472182053193
506,506,506.0,guo_readmission,guo_readmission,clmbr,lr_lbfgs,0,-1,brier,0.0860665650869187
507,507,507.0,guo_readmission,guo_readmission,clmbr,lr_lbfgs,0,1,auroc,0.484661243370419
508,508,508.0,guo_readmission,guo_readmission,clmbr,lr_lbfgs,0,1,auprc,0.1177189371131009
509,509,509.0,guo_readmission,guo_readmission,clmbr,lr_lbfgs,0,1,brier,0.2499927441307527
510,510,510.0,guo_readmission,guo_readmission,clmbr,lr_lbfgs,1,1,auroc,0.4933365235075966
511,511,511.0,guo_readmission,guo_readmission,clmbr,lr_lbfgs,1,1,auprc,0.1087181911889147
512,512,512.0,guo_readmission,guo_readmission,clmbr,lr_lbfgs,1,1,brier,0.2499943527199137
513,513,513.0,guo_readmission,guo_readmission,clmbr,lr_lbfgs,2,1,auroc,0.5107309486780716
514,514,514.0,guo_readmission,guo_readmission,clmbr,lr_lbfgs,2,1,auprc,0.1139474613316336
515,515,515.0,guo_readmission,guo_readmission,clmbr,lr_lbfgs,2,1,brier,0.2499961148010892
516,516,516.0,guo_readmission,guo_readmission,clmbr,lr_lbfgs,3,1,auroc,0.6906946604458268
517,517,517.0,guo_readmission,guo_readmission,clmbr,lr_lbfgs,3,1,auprc,0.221964327728885
518,518,518.0,guo_readmission,guo_readmission,clmbr,lr_lbfgs,3,1,brier,0.2499917236725039
519,519,519.0,guo_readmission,guo_readmission,clmbr,lr_lbfgs,4,1,auroc,0.4791581927662798
520,520,520.0,guo_readmission,guo_readmission,clmbr,lr_lbfgs,4,1,auprc,0.1121504746238004
521,521,521.0,guo_readmission,guo_readmission,clmbr,lr_lbfgs,4,1,brier,0.2499957808297591
522,522,522.0,guo_readmission,guo_readmission,clmbr,lr_lbfgs,0,2,auroc,0.7240499262272201
523,523,523.0,guo_readmission,guo_readmission,clmbr,lr_lbfgs,0,2,auprc,0.2828239365393634
524,524,524.0,guo_readmission,guo_readmission,clmbr,lr_lbfgs,0,2,brier,0.2499974833259496
525,525,525.0,guo_readmission,guo_readmission,clmbr,lr_lbfgs,1,2,auroc,0.4637337002033737
526,526,526.0,guo_readmission,guo_readmission,clmbr,lr_lbfgs,1,2,auprc,0.1022390629826549
527,527,527.0,guo_readmission,guo_readmission,clmbr,lr_lbfgs,1,2,brier,0.2499933030150474
528,528,528.0,guo_readmission,guo_readmission,clmbr,lr_lbfgs,2,2,auroc,0.6513079714479403
529,529,529.0,guo_readmission,guo_readmission,clmbr,lr_lbfgs,2,2,auprc,0.1874123777831337
530,530,530.0,guo_readmission,guo_readmission,clmbr,lr_lbfgs,2,2,brier,0.2499949940172677
531,531,531.0,guo_readmission,guo_readmission,clmbr,lr_lbfgs,3,2,auroc,0.5714678789328866
532,532,532.0,guo_readmission,guo_readmission,clmbr,lr_lbfgs,3,2,auprc,0.1457025653622206
533,533,533.0,guo_readmission,guo_readmission,clmbr,lr_lbfgs,3,2,brier,0.2499917767901935
534,534,534.0,guo_readmission,guo_readmission,clmbr,lr_lbfgs,4,2,auroc,0.6460621286437772
535,535,535.0,guo_readmission,guo_readmission,clmbr,lr_lbfgs,4,2,auprc,0.1918837566899833
536,536,536.0,guo_readmission,guo_readmission,clmbr,lr_lbfgs,4,2,brier,0.2499957978062433
537,537,537.0,guo_readmission,guo_readmission,clmbr,lr_lbfgs,0,4,auroc,0.7537205407345375
538,538,538.0,guo_readmission,guo_readmission,clmbr,lr_lbfgs,0,4,auprc,0.337832672966308
539,539,539.0,guo_readmission,guo_readmission,clmbr,lr_lbfgs,0,4,brier,0.2499962465666086
540,540,540.0,guo_readmission,guo_readmission,clmbr,lr_lbfgs,1,4,auroc,0.6818299637117677
541,541,541.0,guo_readmission,guo_readmission,clmbr,lr_lbfgs,1,4,auprc,0.2095509073862265
542,542,542.0,guo_readmission,guo_readmission,clmbr,lr_lbfgs,1,4,brier,0.2499899268283696
543,543,543.0,guo_readmission,guo_readmission,clmbr,lr_lbfgs,2,4,auroc,0.7177074610200581
544,544,544.0,guo_readmission,guo_readmission,clmbr,lr_lbfgs,2,4,auprc,0.2214451165702618
545,545,545.0,guo_readmission,guo_readmission,clmbr,lr_lbfgs,2,4,brier,0.2499971629294034
546,546,546.0,guo_readmission,guo_readmission,clmbr,lr_lbfgs,3,4,auroc,0.7062427722614348
547,547,547.0,guo_readmission,guo_readmission,clmbr,lr_lbfgs,3,4,auprc,0.2339895167655728
548,548,548.0,guo_readmission,guo_readmission,clmbr,lr_lbfgs,3,4,brier,0.24999068479929
549,549,549.0,guo_readmission,guo_readmission,clmbr,lr_lbfgs,4,4,auroc,0.7369581688399729
550,550,550.0,guo_readmission,guo_readmission,clmbr,lr_lbfgs,4,4,auprc,0.2604110594015452
551,551,551.0,guo_readmission,guo_readmission,clmbr,lr_lbfgs,4,4,brier,0.2499931121974569
552,552,552.0,guo_readmission,guo_readmission,clmbr,lr_lbfgs,0,8,auroc,0.6790565059616381
553,553,553.0,guo_readmission,guo_readmission,clmbr,lr_lbfgs,0,8,auprc,0.2141025475612936
554,554,554.0,guo_readmission,guo_readmission,clmbr,lr_lbfgs,0,8,brier,0.2499929874287861
555,555,555.0,guo_readmission,guo_readmission,clmbr,lr_lbfgs,1,8,auroc,0.6829525062806556
556,556,556.0,guo_readmission,guo_readmission,clmbr,lr_lbfgs,1,8,auprc,0.181884575945889
557,557,557.0,guo_readmission,guo_readmission,clmbr,lr_lbfgs,1,8,brier,0.2499936378826401
558,558,558.0,guo_readmission,guo_readmission,clmbr,lr_lbfgs,2,8,auroc,0.710130797144794
559,559,559.0,guo_readmission,guo_readmission,clmbr,lr_lbfgs,2,8,auprc,0.2239499875244883
560,560,560.0,guo_readmission,guo_readmission,clmbr,lr_lbfgs,2,8,brier,0.2254348537927055
561,561,561.0,guo_readmission,guo_readmission,clmbr,lr_lbfgs,3,8,auroc,0.6988595127008812
562,562,562.0,guo_readmission,guo_readmission,clmbr,lr_lbfgs,3,8,auprc,0.2278775264210484
563,563,563.0,guo_readmission,guo_readmission,clmbr,lr_lbfgs,3,8,brier,0.2499881851264951
564,564,564.0,guo_readmission,guo_readmission,clmbr,lr_lbfgs,4,8,auroc,0.746997248474698
565,565,565.0,guo_readmission,guo_readmission,clmbr,lr_lbfgs,4,8,auprc,0.3370826295183559
566,566,566.0,guo_readmission,guo_readmission,clmbr,lr_lbfgs,4,8,brier,0.2556374754527087
567,567,567.0,guo_readmission,guo_readmission,clmbr,lr_lbfgs,0,12,auroc,0.575936116760378
568,568,568.0,guo_readmission,guo_readmission,clmbr,lr_lbfgs,0,12,auprc,0.1475830163008576
569,569,569.0,guo_readmission,guo_readmission,clmbr,lr_lbfgs,0,12,brier,0.2723476755680805
570,570,570.0,guo_readmission,guo_readmission,clmbr,lr_lbfgs,1,12,auroc,0.7294792040515213
571,571,571.0,guo_readmission,guo_readmission,clmbr,lr_lbfgs,1,12,auprc,0.2564298743705042
572,572,572.0,guo_readmission,guo_readmission,clmbr,lr_lbfgs,1,12,brier,0.2629157711157613
573,573,573.0,guo_readmission,guo_readmission,clmbr,lr_lbfgs,2,12,auroc,0.7132033337321052
574,574,574.0,guo_readmission,guo_readmission,clmbr,lr_lbfgs,2,12,auprc,0.219401880965506
575,575,575.0,guo_readmission,guo_readmission,clmbr,lr_lbfgs,2,12,brier,0.2267894057202232
576,576,576.0,guo_readmission,guo_readmission,clmbr,lr_lbfgs,3,12,auroc,0.7740220122024165
577,577,577.0,guo_readmission,guo_readmission,clmbr,lr_lbfgs,3,12,auprc,0.3613532734996096
578,578,578.0,guo_readmission,guo_readmission,clmbr,lr_lbfgs,3,12,brier,0.1968284035397094
579,579,579.0,guo_readmission,guo_readmission,clmbr,lr_lbfgs,4,12,auroc,0.7816066515133389
580,580,580.0,guo_readmission,guo_readmission,clmbr,lr_lbfgs,4,12,auprc,0.3482598309682939
581,581,581.0,guo_readmission,guo_readmission,clmbr,lr_lbfgs,4,12,brier,0.2499923148233509
582,582,582.0,guo_readmission,guo_readmission,clmbr,lr_lbfgs,0,16,auroc,0.7504785261394904
583,583,583.0,guo_readmission,guo_readmission,clmbr,lr_lbfgs,0,16,auprc,0.284509529340021
584,584,584.0,guo_readmission,guo_readmission,clmbr,lr_lbfgs,0,16,brier,0.2456247327725378
585,585,585.0,guo_readmission,guo_readmission,clmbr,lr_lbfgs,1,16,auroc,0.7440483311400885
586,586,586.0,guo_readmission,guo_readmission,clmbr,lr_lbfgs,1,16,auprc,0.2581677919415945
587,587,587.0,guo_readmission,guo_readmission,clmbr,lr_lbfgs,1,16,brier,0.2499902645193141
588,588,588.0,guo_readmission,guo_readmission,clmbr,lr_lbfgs,2,16,auroc,0.7526298999082826
589,589,589.0,guo_readmission,guo_readmission,clmbr,lr_lbfgs,2,16,auprc,0.2672602424102388
590,590,590.0,guo_readmission,guo_readmission,clmbr,lr_lbfgs,2,16,brier,0.2163995198520735
591,591,591.0,guo_readmission,guo_readmission,clmbr,lr_lbfgs,3,16,auroc,0.7744267655620688
592,592,592.0,guo_readmission,guo_readmission,clmbr,lr_lbfgs,3,16,auprc,0.3525221391468858
593,593,593.0,guo_readmission,guo_readmission,clmbr,lr_lbfgs,3,16,brier,0.1871162348392123
594,594,594.0,guo_readmission,guo_readmission,clmbr,lr_lbfgs,4,16,auroc,0.7641284842684531
595,595,595.0,guo_readmission,guo_readmission,clmbr,lr_lbfgs,4,16,auprc,0.3249921803641634
596,596,596.0,guo_readmission,guo_readmission,clmbr,lr_lbfgs,4,16,brier,0.1957222613775441
597,597,597.0,guo_readmission,guo_readmission,clmbr,lr_lbfgs,0,24,auroc,0.7752701678829206
598,598,598.0,guo_readmission,guo_readmission,clmbr,lr_lbfgs,0,24,auprc,0.3083478013630152
599,599,599.0,guo_readmission,guo_readmission,clmbr,lr_lbfgs,0,24,brier,0.2113206385533352
600,600,600.0,guo_readmission,guo_readmission,clmbr,lr_lbfgs,1,24,auroc,0.7684212625114647
601,601,601.0,guo_readmission,guo_readmission,clmbr,lr_lbfgs,1,24,auprc,0.2853076375512688
602,602,602.0,guo_readmission,guo_readmission,clmbr,lr_lbfgs,1,24,brier,0.2445129367790813
603,603,603.0,guo_readmission,guo_readmission,clmbr,lr_lbfgs,2,24,auroc,0.7610459783865693
604,604,604.0,guo_readmission,guo_readmission,clmbr,lr_lbfgs,2,24,auprc,0.3017681441632639
605,605,605.0,guo_readmission,guo_readmission,clmbr,lr_lbfgs,2,24,brier,0.2499883806424433
606,606,606.0,guo_readmission,guo_readmission,clmbr,lr_lbfgs,3,24,auroc,0.7928141324719863
607,607,607.0,guo_readmission,guo_readmission,clmbr,lr_lbfgs,3,24,auprc,0.355925624188156
608,608,608.0,guo_readmission,guo_readmission,clmbr,lr_lbfgs,3,24,brier,0.2499834583273634
609,609,609.0,guo_readmission,guo_readmission,clmbr,lr_lbfgs,4,24,auroc,0.7862044901702757
610,610,610.0,guo_readmission,guo_readmission,clmbr,lr_lbfgs,4,24,auprc,0.3343316441623991
611,611,611.0,guo_readmission,guo_readmission,clmbr,lr_lbfgs,4,24,brier,0.2499876375764023
612,612,612.0,guo_readmission,guo_readmission,clmbr,lr_lbfgs,0,32,auroc,0.7797982214778483
613,613,613.0,guo_readmission,guo_readmission,clmbr,lr_lbfgs,0,32,auprc,0.3374491867980653
614,614,614.0,guo_readmission,guo_readmission,clmbr,lr_lbfgs,0,32,brier,0.2069933324817421
615,615,615.0,guo_readmission,guo_readmission,clmbr,lr_lbfgs,1,32,auroc,0.7854727439486381
616,616,616.0,guo_readmission,guo_readmission,clmbr,lr_lbfgs,1,32,auprc,0.3380644484936311
617,617,617.0,guo_readmission,guo_readmission,clmbr,lr_lbfgs,1,32,brier,0.2499837605327488
618,618,618.0,guo_readmission,guo_readmission,clmbr,lr_lbfgs,2,32,auroc,0.7845296486820593
619,619,619.0,guo_readmission,guo_readmission,clmbr,lr_lbfgs,2,32,auprc,0.3343564134737699
620,620,620.0,guo_readmission,guo_readmission,clmbr,lr_lbfgs,2,32,brier,0.2499844018071278
621,621,621.0,guo_readmission,guo_readmission,clmbr,lr_lbfgs,3,32,auroc,0.7891294811979104
622,622,622.0,guo_readmission,guo_readmission,clmbr,lr_lbfgs,3,32,auprc,0.3469168619992444
623,623,623.0,guo_readmission,guo_readmission,clmbr,lr_lbfgs,3,32,brier,0.2499807707934517
624,624,624.0,guo_readmission,guo_readmission,clmbr,lr_lbfgs,4,32,auroc,0.7455477130438249
625,625,625.0,guo_readmission,guo_readmission,clmbr,lr_lbfgs,4,32,auprc,0.2894286409227611
626,626,626.0,guo_readmission,guo_readmission,clmbr,lr_lbfgs,4,32,brier,0.2878788900669503
627,627,627.0,guo_readmission,guo_readmission,clmbr,lr_lbfgs,0,48,auroc,0.7894664433544683
628,628,628.0,guo_readmission,guo_readmission,clmbr,lr_lbfgs,0,48,auprc,0.3655673436731311
629,629,629.0,guo_readmission,guo_readmission,clmbr,lr_lbfgs,0,48,brier,0.2366273157911249
630,630,630.0,guo_readmission,guo_readmission,clmbr,lr_lbfgs,1,48,auroc,0.7897774853451369
631,631,631.0,guo_readmission,guo_readmission,clmbr,lr_lbfgs,1,48,auprc,0.3763507057137469
632,632,632.0,guo_readmission,guo_readmission,clmbr,lr_lbfgs,1,48,brier,0.2499759966636885
633,633,633.0,guo_readmission,guo_readmission,clmbr,lr_lbfgs,2,48,auroc,0.7900107668381385
634,634,634.0,guo_readmission,guo_readmission,clmbr,lr_lbfgs,2,48,auprc,0.3845181212933724
635,635,635.0,guo_readmission,guo_readmission,clmbr,lr_lbfgs,2,48,brier,0.1976508804021954
636,636,636.0,guo_readmission,guo_readmission,clmbr,lr_lbfgs,3,48,auroc,0.7831877816325716
637,637,637.0,guo_readmission,guo_readmission,clmbr,lr_lbfgs,3,48,auprc,0.3288341315354989
638,638,638.0,guo_readmission,guo_readmission,clmbr,lr_lbfgs,3,48,brier,0.234247752769733
639,639,639.0,guo_readmission,guo_readmission,clmbr,lr_lbfgs,4,48,auroc,0.7935299278223074
640,640,640.0,guo_readmission,guo_readmission,clmbr,lr_lbfgs,4,48,auprc,0.3671458257260535
641,641,641.0,guo_readmission,guo_readmission,clmbr,lr_lbfgs,4,48,brier,0.2039072957830473
642,642,642.0,guo_readmission,guo_readmission,clmbr,lr_lbfgs,0,64,auroc,0.7916297802767477
643,643,643.0,guo_readmission,guo_readmission,clmbr,lr_lbfgs,0,64,auprc,0.3769869107104432
644,644,644.0,guo_readmission,guo_readmission,clmbr,lr_lbfgs,0,64,brier,0.2499900488886034
645,645,645.0,guo_readmission,guo_readmission,clmbr,lr_lbfgs,1,64,auroc,0.791579933803884
646,646,646.0,guo_readmission,guo_readmission,clmbr,lr_lbfgs,1,64,auprc,0.3730266121073906
647,647,647.0,guo_readmission,guo_readmission,clmbr,lr_lbfgs,1,64,brier,0.2499689186476106
648,648,648.0,guo_readmission,guo_readmission,clmbr,lr_lbfgs,2,64,auroc,0.7980420305459186
649,649,649.0,guo_readmission,guo_readmission,clmbr,lr_lbfgs,2,64,auprc,0.3979746054468884
650,650,650.0,guo_readmission,guo_readmission,clmbr,lr_lbfgs,2,64,brier,0.1901371554429446
651,651,651.0,guo_readmission,guo_readmission,clmbr,lr_lbfgs,3,64,auroc,0.7865115444431151
652,652,652.0,guo_readmission,guo_readmission,clmbr,lr_lbfgs,3,64,auprc,0.3226962477789704
653,653,653.0,guo_readmission,guo_readmission,clmbr,lr_lbfgs,3,64,brier,0.2477275148168037
654,654,654.0,guo_readmission,guo_readmission,clmbr,lr_lbfgs,4,64,auroc,0.7886190533157873
655,655,655.0,guo_readmission,guo_readmission,clmbr,lr_lbfgs,4,64,auprc,0.3699998608294772
656,656,656.0,guo_readmission,guo_readmission,clmbr,lr_lbfgs,4,64,brier,0.2089321556926617
657,657,657.0,guo_readmission,guo_readmission,clmbr,lr_lbfgs,0,128,auroc,0.79113929098377
658,658,658.0,guo_readmission,guo_readmission,clmbr,lr_lbfgs,0,128,auprc,0.3549993327536848
659,659,659.0,guo_readmission,guo_readmission,clmbr,lr_lbfgs,0,128,brier,0.2233703623349284
660,660,660.0,guo_readmission,guo_readmission,clmbr,lr_lbfgs,1,128,auroc,0.791972724010049
661,661,661.0,guo_readmission,guo_readmission,clmbr,lr_lbfgs,1,128,auprc,0.3757076216131413
662,662,662.0,guo_readmission,guo_readmission,clmbr,lr_lbfgs,1,128,brier,0.1769105916598635
663,663,663.0,guo_readmission,guo_readmission,clmbr,lr_lbfgs,2,128,auroc,0.794321489811381
664,664,664.0,guo_readmission,guo_readmission,clmbr,lr_lbfgs,2,128,auprc,0.3512955771375239
665,665,665.0,guo_readmission,guo_readmission,clmbr,lr_lbfgs,2,128,brier,0.2227570981068757
666,666,666.0,guo_readmission,guo_readmission,clmbr,lr_lbfgs,3,128,auroc,0.7894903696614428
667,667,667.0,guo_readmission,guo_readmission,clmbr,lr_lbfgs,3,128,auprc,0.3162630623579754
668,668,668.0,guo_readmission,guo_readmission,clmbr,lr_lbfgs,3,128,brier,0.186689528184013
669,669,669.0,guo_readmission,guo_readmission,clmbr,lr_lbfgs,4,128,auroc,0.7866750408741078
670,670,670.0,guo_readmission,guo_readmission,clmbr,lr_lbfgs,4,128,auprc,0.3492603512750824
671,671,671.0,guo_readmission,guo_readmission,clmbr,lr_lbfgs,4,128,brier,0.2008188728278622
672,672,,guo_readmission,guo_readmission,clmbr,knn,0,-1,auroc,0.7400376839334849
673,673,,guo_readmission,guo_readmission,clmbr,knn,0,-1,auprc,0.3425540924844707
674,674,,guo_readmission,guo_readmission,clmbr,knn,0,-1,brier,0.0964076048763903
675,675,,guo_readmission,guo_readmission,clmbr,knn,0,1,auroc,0.4784005263787534
676,676,,guo_readmission,guo_readmission,clmbr,knn,0,1,auprc,0.1148437944672639
677,677,,guo_readmission,guo_readmission,clmbr,knn,0,1,brier,0.3503883051621745
678,678,,guo_readmission,guo_readmission,clmbr,knn,1,1,auroc,0.4602484348207521
679,679,,guo_readmission,guo_readmission,clmbr,knn,1,1,auprc,0.1125532544023022
680,680,,guo_readmission,guo_readmission,clmbr,knn,1,1,brier,0.3471904979442667
681,681,,guo_readmission,guo_readmission,clmbr,knn,2,1,auroc,0.4715605933724129
682,682,,guo_readmission,guo_readmission,clmbr,knn,2,1,auprc,0.1136840470225734
683,683,,guo_readmission,guo_readmission,clmbr,knn,2,1,brier,0.3947007766103243
684,684,,guo_readmission,guo_readmission,clmbr,knn,3,1,auroc,0.6459335247437892
685,685,,guo_readmission,guo_readmission,clmbr,knn,3,1,auprc,0.1697276021664869
686,686,,guo_readmission,guo_readmission,clmbr,knn,3,1,brier,0.351301964367291
687,687,,guo_readmission,guo_readmission,clmbr,knn,4,1,auroc,0.4790694660445826
688,688,,guo_readmission,guo_readmission,clmbr,knn,4,1,auprc,0.1149575686772018
689,689,,guo_readmission,guo_readmission,clmbr,knn,4,1,brier,0.3462768387391502
690,690,,guo_readmission,guo_readmission,clmbr,knn,0,2,auroc,0.678637795589584
691,691,,guo_readmission,guo_readmission,clmbr,knn,0,2,auprc,0.2409427483510535
692,692,,guo_readmission,guo_readmission,clmbr,knn,0,2,brier,0.2664517834747006
693,693,,guo_readmission,guo_readmission,clmbr,knn,1,2,auroc,0.4468287673964191
694,694,,guo_readmission,guo_readmission,clmbr,knn,1,2,auprc,0.1115547712939638
695,695,,guo_readmission,guo_readmission,clmbr,knn,1,2,brier,0.3444495203289173
696,696,,guo_readmission,guo_readmission,clmbr,knn,2,2,auroc,0.6203712565298879
697,697,,guo_readmission,guo_readmission,clmbr,knn,2,2,auprc,0.1822951778964969
698,698,,guo_readmission,guo_readmission,clmbr,knn,2,2,brier,0.2047568723890587
699,699,,guo_readmission,guo_readmission,clmbr,knn,3,2,auroc,0.5320213741675639
700,700,,guo_readmission,guo_readmission,clmbr,knn,3,2,auprc,0.1269845732157289
701,701,,guo_readmission,guo_readmission,clmbr,knn,3,2,brier,0.2969392416628597
702,702,,guo_readmission,guo_readmission,clmbr,knn,4,2,auroc,0.589729632731188
703,703,,guo_readmission,guo_readmission,clmbr,knn,4,2,auprc,0.1458745177248178
704,704,,guo_readmission,guo_readmission,clmbr,knn,4,2,brier,0.3535861123800822
705,705,,guo_readmission,guo_readmission,clmbr,knn,0,4,auroc,0.6624057901662879
706,706,,guo_readmission,guo_readmission,clmbr,knn,0,4,auprc,0.184566302968763
707,707,,guo_readmission,guo_readmission,clmbr,knn,0,4,brier,0.2841480127912288
708,708,,guo_readmission,guo_readmission,clmbr,knn,1,4,auroc,0.5994008453961799
709,709,,guo_readmission,guo_readmission,clmbr,knn,1,4,auprc,0.1590731540688011
710,710,,guo_readmission,guo_readmission,clmbr,knn,1,4,brier,0.1812598345261661
711,711,,guo_readmission,guo_readmission,clmbr,knn,2,4,auroc,0.6754017625712805
712,712,,guo_readmission,guo_readmission,clmbr,knn,2,4,auprc,0.1999039524963276
713,713,,guo_readmission,guo_readmission,clmbr,knn,2,4,brier,0.2815650765756604
714,714,,guo_readmission,guo_readmission,clmbr,knn,3,4,auroc,0.6882491924871397
715,715,,guo_readmission,guo_readmission,clmbr,knn,3,4,auprc,0.2313711509500803
716,716,,guo_readmission,guo_readmission,clmbr,knn,3,4,brier,0.1661348768839836
717,717,,guo_readmission,guo_readmission,clmbr,knn,4,4,auroc,0.7290555090321809
718,718,,guo_readmission,guo_readmission,clmbr,knn,4,4,auprc,0.2684345266841133
719,719,,guo_readmission,guo_readmission,clmbr,knn,4,4,brier,0.18109416018896
720,720,,guo_readmission,guo_readmission,clmbr,knn,0,8,auroc,0.6255822068030467
721,721,,guo_readmission,guo_readmission,clmbr,knn,0,8,auprc,0.1596878457464395
722,722,,guo_readmission,guo_readmission,clmbr,knn,0,8,brier,0.3695751484696208
723,723,,guo_readmission,guo_readmission,clmbr,knn,1,8,auroc,0.6806296606452127
724,724,,guo_readmission,guo_readmission,clmbr,knn,1,8,auprc,0.2120635219268088
725,725,,guo_readmission,guo_readmission,clmbr,knn,1,8,brier,0.2656188495162057
726,726,,guo_readmission,guo_readmission,clmbr,knn,2,8,auroc,0.6793216891972724
727,727,,guo_readmission,guo_readmission,clmbr,knn,2,8,auprc,0.2035435709024491
728,728,,guo_readmission,guo_readmission,clmbr,knn,2,8,brier,0.1786314787296942
729,729,,guo_readmission,guo_readmission,clmbr,knn,3,8,auroc,0.6295430075367867
730,730,,guo_readmission,guo_readmission,clmbr,knn,3,8,auprc,0.1791489180106686
731,731,,guo_readmission,guo_readmission,clmbr,knn,3,8,brier,0.2133394243947008
732,732,,guo_readmission,guo_readmission,clmbr,knn,4,8,auroc,0.7195029309726043
733,733,,guo_readmission,guo_readmission,clmbr,knn,4,8,auprc,0.2620609003299683
734,734,,guo_readmission,guo_readmission,clmbr,knn,4,8,brier,0.2473542078895615
735,735,,guo_readmission,guo_readmission,clmbr,knn,0,12,auroc,0.5015063604099375
736,736,,guo_readmission,guo_readmission,clmbr,knn,0,12,auprc,0.1172866934808788
737,737,,guo_readmission,guo_readmission,clmbr,knn,0,12,brier,0.2888540170806999
738,738,,guo_readmission,guo_readmission,clmbr,knn,1,12,auroc,0.6815548111815608
739,739,,guo_readmission,guo_readmission,clmbr,knn,1,12,auprc,0.2073911686812024
740,740,,guo_readmission,guo_readmission,clmbr,knn,1,12,brier,0.2687680828384346
741,741,,guo_readmission,guo_readmission,clmbr,knn,2,12,auroc,0.7037534394066276
742,742,,guo_readmission,guo_readmission,clmbr,knn,2,12,auprc,0.2139155789052264
743,743,,guo_readmission,guo_readmission,clmbr,knn,2,12,brier,0.2031383466685862
744,744,,guo_readmission,guo_readmission,clmbr,knn,3,12,auroc,0.7302627906049368
745,745,,guo_readmission,guo_readmission,clmbr,knn,3,12,auprc,0.3129452536726705
746,746,,guo_readmission,guo_readmission,clmbr,knn,3,12,brier,0.198429263463137
747,747,,guo_readmission,guo_readmission,clmbr,knn,4,12,auroc,0.7633738086692986
748,748,,guo_readmission,guo_readmission,clmbr,knn,4,12,auprc,0.3331069782636791
749,749,,guo_readmission,guo_readmission,clmbr,knn,4,12,brier,0.1946274312974505
750,750,,guo_readmission,guo_readmission,clmbr,knn,0,16,auroc,0.660412928181202
751,751,,guo_readmission,guo_readmission,clmbr,knn,0,16,auprc,0.1808445943972794
752,752,,guo_readmission,guo_readmission,clmbr,knn,0,16,brier,0.281353844978667
753,753,,guo_readmission,guo_readmission,clmbr,knn,1,16,auroc,0.7001963951030825
754,754,,guo_readmission,guo_readmission,clmbr,knn,1,16,auprc,0.2577679570892833
755,755,,guo_readmission,guo_readmission,clmbr,knn,1,16,brier,0.2500693897937269
756,756,,guo_readmission,guo_readmission,clmbr,knn,2,16,auroc,0.7411163616062528
757,757,,guo_readmission,guo_readmission,clmbr,knn,2,16,auprc,0.2791747887829789
758,758,,guo_readmission,guo_readmission,clmbr,knn,2,16,brier,0.1840444929333448
759,759,,guo_readmission,guo_readmission,clmbr,knn,3,16,auroc,0.7561460701040794
760,760,,guo_readmission,guo_readmission,clmbr,knn,3,16,auprc,0.3488976043990259
761,761,,guo_readmission,guo_readmission,clmbr,knn,3,16,brier,0.2024001144473685
762,762,,guo_readmission,guo_readmission,clmbr,knn,4,16,auroc,0.7466592893886829
763,763,,guo_readmission,guo_readmission,clmbr,knn,4,16,auprc,0.275490013835949
764,764,,guo_readmission,guo_readmission,clmbr,knn,4,16,brier,0.2159908696818692
765,765,,guo_readmission,guo_readmission,clmbr,knn,0,24,auroc,0.702088567212984
766,766,,guo_readmission,guo_readmission,clmbr,knn,0,24,auprc,0.2014059178639416
767,767,,guo_readmission,guo_readmission,clmbr,knn,0,24,brier,0.2704268782257329
768,768,,guo_readmission,guo_readmission,clmbr,knn,1,24,auroc,0.7171541651712725
769,769,,guo_readmission,guo_readmission,clmbr,knn,1,24,auprc,0.2720813221817842
770,770,,guo_readmission,guo_readmission,clmbr,knn,1,24,brier,0.2508359981726816
771,771,,guo_readmission,guo_readmission,clmbr,knn,2,24,auroc,0.7131634565538142
772,772,,guo_readmission,guo_readmission,clmbr,knn,2,24,auprc,0.2822440602410723
773,773,,guo_readmission,guo_readmission,clmbr,knn,2,24,brier,0.2393014019286057
774,774,,guo_readmission,guo_readmission,clmbr,knn,3,24,auroc,0.7562038920126013
775,775,,guo_readmission,guo_readmission,clmbr,knn,3,24,auprc,0.310624882288354
776,776,,guo_readmission,guo_readmission,clmbr,knn,3,24,brier,0.1972772955687528
777,777,,guo_readmission,guo_readmission,clmbr,knn,4,24,auroc,0.7703812258244608
778,778,,guo_readmission,guo_readmission,clmbr,knn,4,24,auprc,0.3413213571148064
779,779,,guo_readmission,guo_readmission,clmbr,knn,4,24,brier,0.2133024883223312
780,780,,guo_readmission,guo_readmission,clmbr,knn,0,32,auroc,0.6784453882043306
781,781,,guo_readmission,guo_readmission,clmbr,knn,0,32,auprc,0.1877025018651798
782,782,,guo_readmission,guo_readmission,clmbr,knn,0,32,brier,0.2981967995974658
783,783,,guo_readmission,guo_readmission,clmbr,knn,1,32,auroc,0.7279279818160067
784,784,,guo_readmission,guo_readmission,clmbr,knn,1,32,auprc,0.2701560696521208
785,785,,guo_readmission,guo_readmission,clmbr,knn,1,32,brier,0.2466148926450434
786,786,,guo_readmission,guo_readmission,clmbr,knn,2,32,auroc,0.7416527096542649
787,787,,guo_readmission,guo_readmission,clmbr,knn,2,32,auprc,0.3051937602643413
788,788,,guo_readmission,guo_readmission,clmbr,knn,2,32,brier,0.2183559529257434
789,789,,guo_readmission,guo_readmission,clmbr,knn,3,32,auroc,0.756518921721099
790,790,,guo_readmission,guo_readmission,clmbr,knn,3,32,auprc,0.2974104711841214
791,791,,guo_readmission,guo_readmission,clmbr,knn,3,32,brier,0.2090634993147556
792,792,,guo_readmission,guo_readmission,clmbr,knn,4,32,auroc,0.7374317103321768
793,793,,guo_readmission,guo_readmission,clmbr,knn,4,32,auprc,0.2748718385174888
794,794,,guo_readmission,guo_readmission,clmbr,knn,4,32,brier,0.2417775075502371
795,795,,guo_readmission,guo_readmission,clmbr,knn,0,48,auroc,0.7297673166646728
796,796,,guo_readmission,guo_readmission,clmbr,knn,0,48,auprc,0.2599168825930891
797,797,,guo_readmission,guo_readmission,clmbr,knn,0,48,brier,0.2596096764764953
798,798,,guo_readmission,guo_readmission,clmbr,knn,1,48,auroc,0.7368883837779638
799,799,,guo_readmission,guo_readmission,clmbr,knn,1,48,auprc,0.2745905860557123
800,800,,guo_readmission,guo_readmission,clmbr,knn,1,48,brier,0.2173595248972133
801,801,,guo_readmission,guo_readmission,clmbr,knn,2,48,auroc,0.7507227738565219
802,802,,guo_readmission,guo_readmission,clmbr,knn,2,48,auprc,0.3399129949148257
803,803,,guo_readmission,guo_readmission,clmbr,knn,2,48,brier,0.1944370219778598
804,804,,guo_readmission,guo_readmission,clmbr,knn,3,48,auroc,0.7360360090919967
805,805,,guo_readmission,guo_readmission,clmbr,knn,3,48,auprc,0.3085281736934897
806,806,,guo_readmission,guo_readmission,clmbr,knn,3,48,brier,0.2091474772448561
807,807,,guo_readmission,guo_readmission,clmbr,knn,4,48,auroc,0.7528472305299678
808,808,,guo_readmission,guo_readmission,clmbr,knn,4,48,auprc,0.3235363322397194
809,809,,guo_readmission,guo_readmission,clmbr,knn,4,48,brier,0.2020457962944209
810,810,,guo_readmission,guo_readmission,clmbr,knn,0,64,auroc,0.7231477050683893
811,811,,guo_readmission,guo_readmission,clmbr,knn,0,64,auprc,0.2315095953417428
812,812,,guo_readmission,guo_readmission,clmbr,knn,0,64,brier,0.2601898380792853
813,813,,guo_readmission,guo_readmission,clmbr,knn,1,64,auroc,0.7442367508075128
814,814,,guo_readmission,guo_readmission,clmbr,knn,1,64,auprc,0.2994341927337797
815,815,,guo_readmission,guo_readmission,clmbr,knn,1,64,brier,0.2162814070351759
816,816,,guo_readmission,guo_readmission,clmbr,knn,2,64,auroc,0.7669448099852454
817,817,,guo_readmission,guo_readmission,clmbr,knn,2,64,auprc,0.3443834542501595
818,818,,guo_readmission,guo_readmission,clmbr,knn,2,64,brier,0.1979654397208796
819,819,,guo_readmission,guo_readmission,clmbr,knn,3,64,auroc,0.7401074689954938
820,820,,guo_readmission,guo_readmission,clmbr,knn,3,64,auprc,0.2700782274150722
821,821,,guo_readmission,guo_readmission,clmbr,knn,3,64,brier,0.2361144220733263
822,822,,guo_readmission,guo_readmission,clmbr,knn,4,64,auroc,0.7132442078398532
823,823,,guo_readmission,guo_readmission,clmbr,knn,4,64,auprc,0.2600244353771377
824,824,,guo_readmission,guo_readmission,clmbr,knn,4,64,brier,0.2580018419696275
825,825,,guo_readmission,guo_readmission,clmbr,knn,0,128,auroc,0.7499072855604737
826,826,,guo_readmission,guo_readmission,clmbr,knn,0,128,auprc,0.2731772596585829
827,827,,guo_readmission,guo_readmission,clmbr,knn,0,128,brier,0.2299132023755139
828,828,,guo_readmission,guo_readmission,clmbr,knn,1,128,auroc,0.757385253419468
829,829,,guo_readmission,guo_readmission,clmbr,knn,1,128,auprc,0.3233038719157985
830,830,,guo_readmission,guo_readmission,clmbr,knn,1,128,brier,0.2022585543214456
831,831,,guo_readmission,guo_readmission,clmbr,knn,2,128,auroc,0.761353032659409
832,832,,guo_readmission,guo_readmission,clmbr,knn,2,128,auprc,0.2845640147257718
833,833,,guo_readmission,guo_readmission,clmbr,knn,2,128,brier,0.2118044769301051
834,834,,guo_readmission,guo_readmission,clmbr,knn,3,128,auroc,0.7501335885472743
835,835,,guo_readmission,guo_readmission,clmbr,knn,3,128,auprc,0.2779848486076476
836,836,,guo_readmission,guo_readmission,clmbr,knn,3,128,brier,0.2167822496738057
837,837,,guo_readmission,guo_readmission,clmbr,knn,4,128,auroc,0.7759241536068908
838,838,,guo_readmission,guo_readmission,clmbr,knn,4,128,auprc,0.3205532838995776
839,839,,guo_readmission,guo_readmission,clmbr,knn,4,128,brier,0.2090842443246341
840,840,,guo_readmission,guo_readmission,clinicalbert_type3_max_pool,lr_lbfgs,0,-1,auroc,0.7329794233760019
841,841,,guo_readmission,guo_readmission,clinicalbert_type3_max_pool,lr_lbfgs,0,-1,auprc,0.248817819858909
842,842,,guo_readmission,guo_readmission,clinicalbert_type3_max_pool,lr_lbfgs,0,-1,brier,0.0972441423773122
843,843,,guo_readmission,guo_readmission,clinicalbert_type3_max_pool,lr_lbfgs,0,1,auroc,0.5281203892012601
844,844,,guo_readmission,guo_readmission,clinicalbert_type3_max_pool,lr_lbfgs,0,1,auprc,0.124752194727607
845,845,,guo_readmission,guo_readmission,clinicalbert_type3_max_pool,lr_lbfgs,0,1,brier,0.2499998469686794
846,846,,guo_readmission,guo_readmission,clinicalbert_type3_max_pool,lr_lbfgs,1,1,auroc,0.5259590461378952
847,847,,guo_readmission,guo_readmission,clinicalbert_type3_max_pool,lr_lbfgs,1,1,auprc,0.1290467356856263
848,848,,guo_readmission,guo_readmission,clinicalbert_type3_max_pool,lr_lbfgs,1,1,brier,0.2499991680976387
849,849,,guo_readmission,guo_readmission,clinicalbert_type3_max_pool,lr_lbfgs,2,1,auroc,0.4288780555887865
850,850,,guo_readmission,guo_readmission,clinicalbert_type3_max_pool,lr_lbfgs,2,1,auprc,0.0966250159660811
851,851,,guo_readmission,guo_readmission,clinicalbert_type3_max_pool,lr_lbfgs,2,1,brier,0.2499971703184722
852,852,,guo_readmission,guo_readmission,clinicalbert_type3_max_pool,lr_lbfgs,3,1,auroc,0.4927872153766399
853,853,,guo_readmission,guo_readmission,clinicalbert_type3_max_pool,lr_lbfgs,3,1,auprc,0.11453027975299
854,854,,guo_readmission,guo_readmission,clinicalbert_type3_max_pool,lr_lbfgs,3,1,brier,0.2500002855132656
855,855,,guo_readmission,guo_readmission,clinicalbert_type3_max_pool,lr_lbfgs,4,1,auroc,0.4932158950432668
856,856,,guo_readmission,guo_readmission,clinicalbert_type3_max_pool,lr_lbfgs,4,1,auprc,0.1162808689283406
857,857,,guo_readmission,guo_readmission,clinicalbert_type3_max_pool,lr_lbfgs,4,1,brier,0.2499990455031135
858,858,,guo_readmission,guo_readmission,clinicalbert_type3_max_pool,lr_lbfgs,0,2,auroc,0.4984138852334809
859,859,,guo_readmission,guo_readmission,clinicalbert_type3_max_pool,lr_lbfgs,0,2,auprc,0.1145113328212905
860,860,,guo_readmission,guo_readmission,clinicalbert_type3_max_pool,lr_lbfgs,0,2,brier,0.2499959209952729
861,861,,guo_readmission,guo_readmission,clinicalbert_type3_max_pool,lr_lbfgs,1,2,auroc,0.4987867368505004
862,862,,guo_readmission,guo_readmission,clinicalbert_type3_max_pool,lr_lbfgs,1,2,auprc,0.115717641961098
863,863,,guo_readmission,guo_readmission,clinicalbert_type3_max_pool,lr_lbfgs,1,2,brier,0.2500001605626512
864,864,,guo_readmission,guo_readmission,clinicalbert_type3_max_pool,lr_lbfgs,2,2,auroc,0.4089055708418072
865,865,,guo_readmission,guo_readmission,clinicalbert_type3_max_pool,lr_lbfgs,2,2,auprc,0.0963959477913784
866,866,,guo_readmission,guo_readmission,clinicalbert_type3_max_pool,lr_lbfgs,2,2,brier,0.2499992931407669
867,867,,guo_readmission,guo_readmission,clinicalbert_type3_max_pool,lr_lbfgs,3,2,auroc,0.4932099134665231
868,868,,guo_readmission,guo_readmission,clinicalbert_type3_max_pool,lr_lbfgs,3,2,auprc,0.1120443236820059
869,869,,guo_readmission,guo_readmission,clinicalbert_type3_max_pool,lr_lbfgs,3,2,brier,0.2499967190915635
870,870,,guo_readmission,guo_readmission,clinicalbert_type3_max_pool,lr_lbfgs,4,2,auroc,0.5958577581050365
871,871,,guo_readmission,guo_readmission,clinicalbert_type3_max_pool,lr_lbfgs,4,2,auprc,0.1587736524530725
872,872,,guo_readmission,guo_readmission,clinicalbert_type3_max_pool,lr_lbfgs,4,2,brier,0.2499989535806863
873,873,,guo_readmission,guo_readmission,clinicalbert_type3_max_pool,lr_lbfgs,0,4,auroc,0.5150626071699167
874,874,,guo_readmission,guo_readmission,clinicalbert_type3_max_pool,lr_lbfgs,0,4,auprc,0.1202960475497421
875,875,,guo_readmission,guo_readmission,clinicalbert_type3_max_pool,lr_lbfgs,0,4,brier,0.2499963048236116
876,876,,guo_readmission,guo_readmission,clinicalbert_type3_max_pool,lr_lbfgs,1,4,auroc,0.5028203134346214
877,877,,guo_readmission,guo_readmission,clinicalbert_type3_max_pool,lr_lbfgs,1,4,auprc,0.1152004360846511
878,878,,guo_readmission,guo_readmission,clinicalbert_type3_max_pool,lr_lbfgs,1,4,brier,0.2499992138388774
879,879,,guo_readmission,guo_readmission,clinicalbert_type3_max_pool,lr_lbfgs,2,4,auroc,0.5496141883000359
880,880,,guo_readmission,guo_readmission,clinicalbert_type3_max_pool,lr_lbfgs,2,4,auprc,0.1413670754668967
881,881,,guo_readmission,guo_readmission,clinicalbert_type3_max_pool,lr_lbfgs,2,4,brier,0.3007917400842219
882,882,,guo_readmission,guo_readmission,clinicalbert_type3_max_pool,lr_lbfgs,3,4,auroc,0.6903287873350082
883,883,,guo_readmission,guo_readmission,clinicalbert_type3_max_pool,lr_lbfgs,3,4,auprc,0.2000847419717377
884,884,,guo_readmission,guo_readmission,clinicalbert_type3_max_pool,lr_lbfgs,3,4,brier,0.2091265969992331
885,885,,guo_readmission,guo_readmission,clinicalbert_type3_max_pool,lr_lbfgs,4,4,auroc,0.6167514056705348
886,886,,guo_readmission,guo_readmission,clinicalbert_type3_max_pool,lr_lbfgs,4,4,auprc,0.1681554968443193
887,887,,guo_readmission,guo_readmission,clinicalbert_type3_max_pool,lr_lbfgs,4,4,brier,0.2499997511695118
888,888,,guo_readmission,guo_readmission,clinicalbert_type3_max_pool,lr_lbfgs,0,8,auroc,0.5124626151453524
889,889,,guo_readmission,guo_readmission,clinicalbert_type3_max_pool,lr_lbfgs,0,8,auprc,0.1216139525196375
890,890,,guo_readmission,guo_readmission,clinicalbert_type3_max_pool,lr_lbfgs,0,8,brier,0.2499939218193042
891,891,,guo_readmission,guo_readmission,clinicalbert_type3_max_pool,lr_lbfgs,1,8,auroc,0.6285111855485106
892,892,,guo_readmission,guo_readmission,clinicalbert_type3_max_pool,lr_lbfgs,1,8,auprc,0.1595529520804008
893,893,,guo_readmission,guo_readmission,clinicalbert_type3_max_pool,lr_lbfgs,1,8,brier,0.3722560793269811
894,894,,guo_readmission,guo_readmission,clinicalbert_type3_max_pool,lr_lbfgs,2,8,auroc,0.556606651513339
895,895,,guo_readmission,guo_readmission,clinicalbert_type3_max_pool,lr_lbfgs,2,8,auprc,0.1491072071873273
896,896,,guo_readmission,guo_readmission,clinicalbert_type3_max_pool,lr_lbfgs,2,8,brier,0.459410187547886
897,897,,guo_readmission,guo_readmission,clinicalbert_type3_max_pool,lr_lbfgs,3,8,auroc,0.5890208158870678
898,898,,guo_readmission,guo_readmission,clinicalbert_type3_max_pool,lr_lbfgs,3,8,auprc,0.1483866373760424
899,899,,guo_readmission,guo_readmission,clinicalbert_type3_max_pool,lr_lbfgs,3,8,brier,0.3626944494181015
900,900,,guo_readmission,guo_readmission,clinicalbert_type3_max_pool,lr_lbfgs,4,8,auroc,0.5979652669777086
901,901,,guo_readmission,guo_readmission,clinicalbert_type3_max_pool,lr_lbfgs,4,8,auprc,0.1558649860860061
902,902,,guo_readmission,guo_readmission,clinicalbert_type3_max_pool,lr_lbfgs,4,8,brier,0.2815493978319264
903,903,,guo_readmission,guo_readmission,clinicalbert_type3_max_pool,lr_lbfgs,0,12,auroc,0.5076235195597559
904,904,,guo_readmission,guo_readmission,clinicalbert_type3_max_pool,lr_lbfgs,0,12,auprc,0.1184290971681069
905,905,,guo_readmission,guo_readmission,clinicalbert_type3_max_pool,lr_lbfgs,0,12,brier,0.2766169526134989
906,906,,guo_readmission,guo_readmission,clinicalbert_type3_max_pool,lr_lbfgs,1,12,auroc,0.6072765881086254
907,907,,guo_readmission,guo_readmission,clinicalbert_type3_max_pool,lr_lbfgs,1,12,auprc,0.1569423477326972
908,908,,guo_readmission,guo_readmission,clinicalbert_type3_max_pool,lr_lbfgs,1,12,brier,0.2941563300561217
909,909,,guo_readmission,guo_readmission,clinicalbert_type3_max_pool,lr_lbfgs,2,12,auroc,0.5388353870080154
910,910,,guo_readmission,guo_readmission,clinicalbert_type3_max_pool,lr_lbfgs,2,12,auprc,0.1352216106695473
911,911,,guo_readmission,guo_readmission,clinicalbert_type3_max_pool,lr_lbfgs,2,12,brier,0.4293675492496732
912,912,,guo_readmission,guo_readmission,clinicalbert_type3_max_pool,lr_lbfgs,3,12,auroc,0.6475325995932528
913,913,,guo_readmission,guo_readmission,clinicalbert_type3_max_pool,lr_lbfgs,3,12,auprc,0.1803709138338105
914,914,,guo_readmission,guo_readmission,clinicalbert_type3_max_pool,lr_lbfgs,3,12,brier,0.2836500922338307
915,915,,guo_readmission,guo_readmission,clinicalbert_type3_max_pool,lr_lbfgs,4,12,auroc,0.6469005463173426
916,916,,guo_readmission,guo_readmission,clinicalbert_type3_max_pool,lr_lbfgs,4,12,auprc,0.1934280161460541
917,917,,guo_readmission,guo_readmission,clinicalbert_type3_max_pool,lr_lbfgs,4,12,brier,0.2500028489526697
918,918,,guo_readmission,guo_readmission,clinicalbert_type3_max_pool,lr_lbfgs,0,16,auroc,0.5798271324321091
919,919,,guo_readmission,guo_readmission,clinicalbert_type3_max_pool,lr_lbfgs,0,16,auprc,0.146607250718995
920,920,,guo_readmission,guo_readmission,clinicalbert_type3_max_pool,lr_lbfgs,0,16,brier,0.2713098308480467
921,921,,guo_readmission,guo_readmission,clinicalbert_type3_max_pool,lr_lbfgs,1,16,auroc,0.6212615145352315
922,922,,guo_readmission,guo_readmission,clinicalbert_type3_max_pool,lr_lbfgs,1,16,auprc,0.1603025560751897
923,923,,guo_readmission,guo_readmission,clinicalbert_type3_max_pool,lr_lbfgs,1,16,brier,0.345105527593844
924,924,,guo_readmission,guo_readmission,clinicalbert_type3_max_pool,lr_lbfgs,2,16,auroc,0.5483441001714718
925,925,,guo_readmission,guo_readmission,clinicalbert_type3_max_pool,lr_lbfgs,2,16,auprc,0.1350639799188954
926,926,,guo_readmission,guo_readmission,clinicalbert_type3_max_pool,lr_lbfgs,2,16,brier,0.2480973835821344
927,927,,guo_readmission,guo_readmission,clinicalbert_type3_max_pool,lr_lbfgs,3,16,auroc,0.6777535191609843
928,928,,guo_readmission,guo_readmission,clinicalbert_type3_max_pool,lr_lbfgs,3,16,auprc,0.1933032866881792
929,929,,guo_readmission,guo_readmission,clinicalbert_type3_max_pool,lr_lbfgs,3,16,brier,0.2537131044206948
930,930,,guo_readmission,guo_readmission,clinicalbert_type3_max_pool,lr_lbfgs,4,16,auroc,0.6353261953184194
931,931,,guo_readmission,guo_readmission,clinicalbert_type3_max_pool,lr_lbfgs,4,16,auprc,0.1708385759086757
932,932,,guo_readmission,guo_readmission,clinicalbert_type3_max_pool,lr_lbfgs,4,16,brier,0.4325647417479153
933,933,,guo_readmission,guo_readmission,clinicalbert_type3_max_pool,lr_lbfgs,0,24,auroc,0.662042907843841
934,934,,guo_readmission,guo_readmission,clinicalbert_type3_max_pool,lr_lbfgs,0,24,auprc,0.1767918222328341
935,935,,guo_readmission,guo_readmission,clinicalbert_type3_max_pool,lr_lbfgs,0,24,brier,0.3349325485788447
936,936,,guo_readmission,guo_readmission,clinicalbert_type3_max_pool,lr_lbfgs,1,24,auroc,0.6467410376041791
937,937,,guo_readmission,guo_readmission,clinicalbert_type3_max_pool,lr_lbfgs,1,24,auprc,0.1772712729114236
938,938,,guo_readmission,guo_readmission,clinicalbert_type3_max_pool,lr_lbfgs,1,24,brier,0.2256053918444643
939,939,,guo_readmission,guo_readmission,clinicalbert_type3_max_pool,lr_lbfgs,2,24,auroc,0.5932308489851258
940,940,,guo_readmission,guo_readmission,clinicalbert_type3_max_pool,lr_lbfgs,2,24,auprc,0.1524936623236997
941,941,,guo_readmission,guo_readmission,clinicalbert_type3_max_pool,lr_lbfgs,2,24,brier,0.3149888192721019
942,942,,guo_readmission,guo_readmission,clinicalbert_type3_max_pool,lr_lbfgs,3,24,auroc,0.6751953981736252
943,943,,guo_readmission,guo_readmission,clinicalbert_type3_max_pool,lr_lbfgs,3,24,auprc,0.1957310464202561
944,944,,guo_readmission,guo_readmission,clinicalbert_type3_max_pool,lr_lbfgs,3,24,brier,0.2355568578293305
945,945,,guo_readmission,guo_readmission,clinicalbert_type3_max_pool,lr_lbfgs,4,24,auroc,0.636562387845436
946,946,,guo_readmission,guo_readmission,clinicalbert_type3_max_pool,lr_lbfgs,4,24,auprc,0.1818868723658722
947,947,,guo_readmission,guo_readmission,clinicalbert_type3_max_pool,lr_lbfgs,4,24,brier,0.3615611728651393
948,948,,guo_readmission,guo_readmission,clinicalbert_type3_max_pool,lr_lbfgs,0,32,auroc,0.6801112573274315
949,949,,guo_readmission,guo_readmission,clinicalbert_type3_max_pool,lr_lbfgs,0,32,auprc,0.1921389835527917
950,950,,guo_readmission,guo_readmission,clinicalbert_type3_max_pool,lr_lbfgs,0,32,brier,0.3290571625205938
951,951,,guo_readmission,guo_readmission,clinicalbert_type3_max_pool,lr_lbfgs,1,32,auroc,0.6714748574390876
952,952,,guo_readmission,guo_readmission,clinicalbert_type3_max_pool,lr_lbfgs,1,32,auprc,0.1920298602739715
953,953,,guo_readmission,guo_readmission,clinicalbert_type3_max_pool,lr_lbfgs,1,32,brier,0.2271028629569907
954,954,,guo_readmission,guo_readmission,clinicalbert_type3_max_pool,lr_lbfgs,2,32,auroc,0.6243460142760298
955,955,,guo_readmission,guo_readmission,clinicalbert_type3_max_pool,lr_lbfgs,2,32,auprc,0.1629738089976176
956,956,,guo_readmission,guo_readmission,clinicalbert_type3_max_pool,lr_lbfgs,2,32,brier,0.2127078419692609
957,957,,guo_readmission,guo_readmission,clinicalbert_type3_max_pool,lr_lbfgs,3,32,auroc,0.7023856521912509
958,958,,guo_readmission,guo_readmission,clinicalbert_type3_max_pool,lr_lbfgs,3,32,auprc,0.2139969021593969
959,959,,guo_readmission,guo_readmission,clinicalbert_type3_max_pool,lr_lbfgs,3,32,brier,0.2261659715415637
960,960,,guo_readmission,guo_readmission,clinicalbert_type3_max_pool,lr_lbfgs,4,32,auroc,0.6489602025760656
961,961,,guo_readmission,guo_readmission,clinicalbert_type3_max_pool,lr_lbfgs,4,32,auprc,0.1853359879260854
962,962,,guo_readmission,guo_readmission,clinicalbert_type3_max_pool,lr_lbfgs,4,32,brier,0.2437931943592772
963,963,,guo_readmission,guo_readmission,clinicalbert_type3_max_pool,lr_lbfgs,0,48,auroc,0.6503947840650796
964,964,,guo_readmission,guo_readmission,clinicalbert_type3_max_pool,lr_lbfgs,0,48,auprc,0.1867240116096161
965,965,,guo_readmission,guo_readmission,clinicalbert_type3_max_pool,lr_lbfgs,0,48,brier,0.3782260782755427
966,966,,guo_readmission,guo_readmission,clinicalbert_type3_max_pool,lr_lbfgs,1,48,auroc,0.6702107508872671
967,967,,guo_readmission,guo_readmission,clinicalbert_type3_max_pool,lr_lbfgs,1,48,auprc,0.1874778518052431
968,968,,guo_readmission,guo_readmission,clinicalbert_type3_max_pool,lr_lbfgs,1,48,brier,0.2373979249553841
969,969,,guo_readmission,guo_readmission,clinicalbert_type3_max_pool,lr_lbfgs,2,48,auroc,0.6040565059616382
970,970,,guo_readmission,guo_readmission,clinicalbert_type3_max_pool,lr_lbfgs,2,48,auprc,0.1579789761862258
971,971,,guo_readmission,guo_readmission,clinicalbert_type3_max_pool,lr_lbfgs,2,48,brier,0.2063864368565493
972,972,,guo_readmission,guo_readmission,clinicalbert_type3_max_pool,lr_lbfgs,3,48,auroc,0.6798111815607928
973,973,,guo_readmission,guo_readmission,clinicalbert_type3_max_pool,lr_lbfgs,3,48,auprc,0.1998132805180967
974,974,,guo_readmission,guo_readmission,clinicalbert_type3_max_pool,lr_lbfgs,3,48,brier,0.2255604775233613
975,975,,guo_readmission,guo_readmission,clinicalbert_type3_max_pool,lr_lbfgs,4,48,auroc,0.6674372931371376
976,976,,guo_readmission,guo_readmission,clinicalbert_type3_max_pool,lr_lbfgs,4,48,auprc,0.1990592111487114
977,977,,guo_readmission,guo_readmission,clinicalbert_type3_max_pool,lr_lbfgs,4,48,brier,0.354245249782131
978,978,,guo_readmission,guo_readmission,clinicalbert_type3_max_pool,lr_lbfgs,0,64,auroc,0.6904324679985645
979,979,,guo_readmission,guo_readmission,clinicalbert_type3_max_pool,lr_lbfgs,0,64,auprc,0.2209610708411623
980,980,,guo_readmission,guo_readmission,clinicalbert_type3_max_pool,lr_lbfgs,0,64,brier,0.236519764789415
981,981,,guo_readmission,guo_readmission,clinicalbert_type3_max_pool,lr_lbfgs,1,64,auroc,0.6890487299118714
982,982,,guo_readmission,guo_readmission,clinicalbert_type3_max_pool,lr_lbfgs,1,64,auprc,0.1976537018424806
983,983,,guo_readmission,guo_readmission,clinicalbert_type3_max_pool,lr_lbfgs,1,64,brier,0.2088665203225013
984,984,,guo_readmission,guo_readmission,clinicalbert_type3_max_pool,lr_lbfgs,2,64,auroc,0.690918969573713
985,985,,guo_readmission,guo_readmission,clinicalbert_type3_max_pool,lr_lbfgs,2,64,auprc,0.21654885346118
986,986,,guo_readmission,guo_readmission,clinicalbert_type3_max_pool,lr_lbfgs,2,64,brier,0.2045651871394058
987,987,,guo_readmission,guo_readmission,clinicalbert_type3_max_pool,lr_lbfgs,3,64,auroc,0.7104567930773219
988,988,,guo_readmission,guo_readmission,clinicalbert_type3_max_pool,lr_lbfgs,3,64,auprc,0.2182927820619505
989,989,,guo_readmission,guo_readmission,clinicalbert_type3_max_pool,lr_lbfgs,3,64,brier,0.2208151470013352
990,990,,guo_readmission,guo_readmission,clinicalbert_type3_max_pool,lr_lbfgs,4,64,auroc,0.671957371296407
991,991,,guo_readmission,guo_readmission,clinicalbert_type3_max_pool,lr_lbfgs,4,64,auprc,0.2057130640510353
992,992,,guo_readmission,guo_readmission,clinicalbert_type3_max_pool,lr_lbfgs,4,64,brier,0.2498322004215899
993,993,,guo_readmission,guo_readmission,clinicalbert_type3_max_pool,lr_lbfgs,0,128,auroc,0.7133359253499222
994,994,,guo_readmission,guo_readmission,clinicalbert_type3_max_pool,lr_lbfgs,0,128,auprc,0.2243256527035033
995,995,,guo_readmission,guo_readmission,clinicalbert_type3_max_pool,lr_lbfgs,0,128,brier,0.2081450632187711
996,996,,guo_readmission,guo_readmission,clinicalbert_type3_max_pool,lr_lbfgs,1,128,auroc,0.7144225784583483
997,997,,guo_readmission,guo_readmission,clinicalbert_type3_max_pool,lr_lbfgs,1,128,auprc,0.229457149621329
998,998,,guo_readmission,guo_readmission,clinicalbert_type3_max_pool,lr_lbfgs,1,128,brier,0.1823427467428396
999,999,,guo_readmission,guo_readmission,clinicalbert_type3_max_pool,lr_lbfgs,2,128,auroc,0.6977399609203654
1000,1000,,guo_readmission,guo_readmission,clinicalbert_type3_max_pool,lr_lbfgs,2,128,auprc,0.204552672541055
1001,1001,,guo_readmission,guo_readmission,clinicalbert_type3_max_pool,lr_lbfgs,2,128,brier,0.2034219273466349
1002,1002,,guo_readmission,guo_readmission,clinicalbert_type3_max_pool,lr_lbfgs,3,128,auroc,0.7174073852534194
1003,1003,,guo_readmission,guo_readmission,clinicalbert_type3_max_pool,lr_lbfgs,3,128,auprc,0.2307607070400356
1004,1004,,guo_readmission,guo_readmission,clinicalbert_type3_max_pool,lr_lbfgs,3,128,brier,0.2110318708297419
1005,1005,,guo_readmission,guo_readmission,clinicalbert_type3_max_pool,lr_lbfgs,4,128,auroc,0.7199435737927183
1006,1006,,guo_readmission,guo_readmission,clinicalbert_type3_max_pool,lr_lbfgs,4,128,auprc,0.2353539773736931
1007,1007,,guo_readmission,guo_readmission,clinicalbert_type3_max_pool,lr_lbfgs,4,128,brier,0.2131057193423496
1008,1008,,guo_readmission,guo_readmission,clinicalbert_type3_max_pool,knn,0,-1,auroc,0.5864896119950553
1009,1009,,guo_readmission,guo_readmission,clinicalbert_type3_max_pool,knn,0,-1,auprc,0.1494895767535835
1010,1010,,guo_readmission,guo_readmission,clinicalbert_type3_max_pool,knn,0,-1,brier,0.1299154460899738
1011,1011,,guo_readmission,guo_readmission,clinicalbert_type3_max_pool,knn,0,1,auroc,0.5370768034453882
1012,1012,,guo_readmission,guo_readmission,clinicalbert_type3_max_pool,knn,0,1,auprc,0.1273511563003376
1013,1013,,guo_readmission,guo_readmission,clinicalbert_type3_max_pool,knn,0,1,brier,0.5783462768387392
1014,1014,,guo_readmission,guo_readmission,clinicalbert_type3_max_pool,knn,1,1,auroc,0.5073473701000917
1015,1015,,guo_readmission,guo_readmission,clinicalbert_type3_max_pool,knn,1,1,auprc,0.1203914816093355
1016,1016,,guo_readmission,guo_readmission,clinicalbert_type3_max_pool,knn,1,1,brier,0.3111009593421653
1017,1017,,guo_readmission,guo_readmission,clinicalbert_type3_max_pool,knn,2,1,auroc,0.4529409418989513
1018,1018,,guo_readmission,guo_readmission,clinicalbert_type3_max_pool,knn,2,1,auprc,0.1121646032941641
1019,1019,,guo_readmission,guo_readmission,clinicalbert_type3_max_pool,knn,2,1,brier,0.3307446322521699
1020,1020,,guo_readmission,guo_readmission,clinicalbert_type3_max_pool,knn,3,1,auroc,0.5126370778003748
1021,1021,,guo_readmission,guo_readmission,clinicalbert_type3_max_pool,knn,3,1,auprc,0.1215179195078692
1022,1022,,guo_readmission,guo_readmission,clinicalbert_type3_max_pool,knn,3,1,brier,0.5774326176336226
1023,1023,,guo_readmission,guo_readmission,clinicalbert_type3_max_pool,knn,4,1,auroc,0.4995364278023687
1024,1024,,guo_readmission,guo_readmission,clinicalbert_type3_max_pool,knn,4,1,auprc,0.1186788332115483
1025,1025,,guo_readmission,guo_readmission,clinicalbert_type3_max_pool,knn,4,1,brier,0.4568296025582458
1026,1026,,guo_readmission,guo_readmission,clinicalbert_type3_max_pool,knn,0,2,auroc,0.5147276388722735
1027,1027,,guo_readmission,guo_readmission,clinicalbert_type3_max_pool,knn,0,2,auprc,0.1219972009637729
1028,1028,,guo_readmission,guo_readmission,clinicalbert_type3_max_pool,knn,0,2,brier,0.5532206486980357
1029,1029,,guo_readmission,guo_readmission,clinicalbert_type3_max_pool,knn,1,2,auroc,0.4865544124097778
1030,1030,,guo_readmission,guo_readmission,clinicalbert_type3_max_pool,knn,1,2,auprc,0.1167097906603124
1031,1031,,guo_readmission,guo_readmission,clinicalbert_type3_max_pool,knn,1,2,brier,0.1752195320034516
1032,1032,,guo_readmission,guo_readmission,clinicalbert_type3_max_pool,knn,2,2,auroc,0.4266608844758144
1033,1033,,guo_readmission,guo_readmission,clinicalbert_type3_max_pool,knn,2,2,auprc,0.109246067699528
1034,1034,,guo_readmission,guo_readmission,clinicalbert_type3_max_pool,knn,2,2,brier,0.4093193238921882
1035,1035,,guo_readmission,guo_readmission,clinicalbert_type3_max_pool,knn,3,2,auroc,0.4952127447461817
1036,1036,,guo_readmission,guo_readmission,clinicalbert_type3_max_pool,knn,3,2,auprc,0.117788797676705
1037,1037,,guo_readmission,guo_readmission,clinicalbert_type3_max_pool,knn,3,2,brier,0.5436272270443124
1038,1038,,guo_readmission,guo_readmission,clinicalbert_type3_max_pool,knn,4,2,auroc,0.5955885871515731
1039,1039,,guo_readmission,guo_readmission,clinicalbert_type3_max_pool,knn,4,2,auprc,0.1618517512796813
1040,1040,,guo_readmission,guo_readmission,clinicalbert_type3_max_pool,knn,4,2,brier,0.236249992601136
1041,1041,,guo_readmission,guo_readmission,clinicalbert_type3_max_pool,knn,0,4,auroc,0.5913077720620489
1042,1042,,guo_readmission,guo_readmission,clinicalbert_type3_max_pool,knn,0,4,auprc,0.1590517767172883
1043,1043,,guo_readmission,guo_readmission,clinicalbert_type3_max_pool,knn,0,4,brier,0.3098836559976863
1044,1044,,guo_readmission,guo_readmission,clinicalbert_type3_max_pool,knn,1,4,auroc,0.4938868285680106
1045,1045,,guo_readmission,guo_readmission,clinicalbert_type3_max_pool,knn,1,4,auprc,0.1175807649110474
1046,1046,,guo_readmission,guo_readmission,clinicalbert_type3_max_pool,knn,1,4,brier,0.2617085427135678
1047,1047,,guo_readmission,guo_readmission,clinicalbert_type3_max_pool,knn,2,4,auroc,0.5309566535071978
1048,1048,,guo_readmission,guo_readmission,clinicalbert_type3_max_pool,knn,2,4,auprc,0.1258536872607224
1049,1049,,guo_readmission,guo_readmission,clinicalbert_type3_max_pool,knn,2,4,brier,0.5568752855185016
1050,1050,,guo_readmission,guo_readmission,clinicalbert_type3_max_pool,knn,3,4,auroc,0.5808160864537226
1051,1051,,guo_readmission,guo_readmission,clinicalbert_type3_max_pool,knn,3,4,auprc,0.1524913601656809
1052,1052,,guo_readmission,guo_readmission,clinicalbert_type3_max_pool,knn,3,4,brier,0.3741360609060009
1053,1053,,guo_readmission,guo_readmission,clinicalbert_type3_max_pool,knn,4,4,auroc,0.5868215895043267
1054,1054,,guo_readmission,guo_readmission,clinicalbert_type3_max_pool,knn,4,4,auprc,0.1506627315611823
1055,1055,,guo_readmission,guo_readmission,clinicalbert_type3_max_pool,knn,4,4,brier,0.2328298281367155
1056,1056,,guo_readmission,guo_readmission,clinicalbert_type3_max_pool,knn,0,8,auroc,0.5545599553375603
1057,1057,,guo_readmission,guo_readmission,clinicalbert_type3_max_pool,knn,0,8,auprc,0.1458702794447598
1058,1058,,guo_readmission,guo_readmission,clinicalbert_type3_max_pool,knn,0,8,brier,0.3421288259479214
1059,1059,,guo_readmission,guo_readmission,clinicalbert_type3_max_pool,knn,1,8,auroc,0.5924193484069067
1060,1060,,guo_readmission,guo_readmission,clinicalbert_type3_max_pool,knn,1,8,auprc,0.1429939718846111
1061,1061,,guo_readmission,guo_readmission,clinicalbert_type3_max_pool,knn,1,8,brier,0.2428352526909414
1062,1062,,guo_readmission,guo_readmission,clinicalbert_type3_max_pool,knn,2,8,auroc,0.5580980579814172
1063,1063,,guo_readmission,guo_readmission,clinicalbert_type3_max_pool,knn,2,8,auprc,0.1323837095832517
1064,1064,,guo_readmission,guo_readmission,clinicalbert_type3_max_pool,knn,2,8,brier,0.4473884574387087
1065,1065,,guo_readmission,guo_readmission,clinicalbert_type3_max_pool,knn,3,8,auroc,0.5792150177453443
1066,1066,,guo_readmission,guo_readmission,clinicalbert_type3_max_pool,knn,3,8,auprc,0.1430289679291255
1067,1067,,guo_readmission,guo_readmission,clinicalbert_type3_max_pool,knn,3,8,brier,0.3733903138129318
1068,1068,,guo_readmission,guo_readmission,clinicalbert_type3_max_pool,knn,4,8,auroc,0.5965536148662122
1069,1069,,guo_readmission,guo_readmission,clinicalbert_type3_max_pool,knn,4,8,auprc,0.1518104578855612
1070,1070,,guo_readmission,guo_readmission,clinicalbert_type3_max_pool,knn,4,8,brier,0.3545911375057103
1071,1071,,guo_readmission,guo_readmission,clinicalbert_type3_max_pool,knn,0,12,auroc,0.5438290066594889
1072,1072,,guo_readmission,guo_readmission,clinicalbert_type3_max_pool,knn,0,12,auprc,0.137692747286668
1073,1073,,guo_readmission,guo_readmission,clinicalbert_type3_max_pool,knn,0,12,brier,0.441294000372435
1074,1074,,guo_readmission,guo_readmission,clinicalbert_type3_max_pool,knn,1,12,auroc,0.5434162778641783
1075,1075,,guo_readmission,guo_readmission,clinicalbert_type3_max_pool,knn,1,12,auprc,0.129506510684244
1076,1076,,guo_readmission,guo_readmission,clinicalbert_type3_max_pool,knn,1,12,brier,0.4234810415714938
1077,1077,,guo_readmission,guo_readmission,clinicalbert_type3_max_pool,knn,2,12,auroc,0.5371914503329743
1078,1078,,guo_readmission,guo_readmission,clinicalbert_type3_max_pool,knn,2,12,auprc,0.1270953088347235
1079,1079,,guo_readmission,guo_readmission,clinicalbert_type3_max_pool,knn,2,12,brier,0.3971128369118319
1080,1080,,guo_readmission,guo_readmission,clinicalbert_type3_max_pool,knn,3,12,auroc,0.6024374925230291
1081,1081,,guo_readmission,guo_readmission,clinicalbert_type3_max_pool,knn,3,12,auprc,0.1541143783011568
1082,1082,,guo_readmission,guo_readmission,clinicalbert_type3_max_pool,knn,3,12,brier,0.3207958986853459
1083,1083,,guo_readmission,guo_readmission,clinicalbert_type3_max_pool,knn,4,12,auroc,0.5991097419946565
1084,1084,,guo_readmission,guo_readmission,clinicalbert_type3_max_pool,knn,4,12,auprc,0.1501784502246532
1085,1085,,guo_readmission,guo_readmission,clinicalbert_type3_max_pool,knn,4,12,brier,0.4201309578194001
1086,1086,,guo_readmission,guo_readmission,clinicalbert_type3_max_pool,knn,0,16,auroc,0.5583472903457352
1087,1087,,guo_readmission,guo_readmission,clinicalbert_type3_max_pool,knn,0,16,auprc,0.1434638184848726
1088,1088,,guo_readmission,guo_readmission,clinicalbert_type3_max_pool,knn,0,16,brier,0.3781260541191827
1089,1089,,guo_readmission,guo_readmission,clinicalbert_type3_max_pool,knn,1,16,auroc,0.583714160386011
1090,1090,,guo_readmission,guo_readmission,clinicalbert_type3_max_pool,knn,1,16,auprc,0.1412489115329709
1091,1091,,guo_readmission,guo_readmission,clinicalbert_type3_max_pool,knn,1,16,brier,0.248917313841937
1092,1092,,guo_readmission,guo_readmission,clinicalbert_type3_max_pool,knn,2,16,auroc,0.5442856003509191
1093,1093,,guo_readmission,guo_readmission,clinicalbert_type3_max_pool,knn,2,16,auprc,0.1296445675627153
1094,1094,,guo_readmission,guo_readmission,clinicalbert_type3_max_pool,knn,2,16,brier,0.4454088624942896
1095,1095,,guo_readmission,guo_readmission,clinicalbert_type3_max_pool,knn,3,16,auroc,0.6706872831678431
1096,1096,,guo_readmission,guo_readmission,clinicalbert_type3_max_pool,knn,3,16,auprc,0.2045971526648336
1097,1097,,guo_readmission,guo_readmission,clinicalbert_type3_max_pool,knn,3,16,brier,0.3192498911066602
1098,1098,,guo_readmission,guo_readmission,clinicalbert_type3_max_pool,knn,4,16,auroc,0.6287245284523668
1099,1099,,guo_readmission,guo_readmission,clinicalbert_type3_max_pool,knn,4,16,auprc,0.1784648430631674
1100,1100,,guo_readmission,guo_readmission,clinicalbert_type3_max_pool,knn,4,16,brier,0.3754861166114826
1101,1101,,guo_readmission,guo_readmission,clinicalbert_type3_max_pool,knn,0,24,auroc,0.5857229732424134
1102,1102,,guo_readmission,guo_readmission,clinicalbert_type3_max_pool,knn,0,24,auprc,0.1527467604707789
1103,1103,,guo_readmission,guo_readmission,clinicalbert_type3_max_pool,knn,0,24,brier,0.3770798852755077
1104,1104,,guo_readmission,guo_readmission,clinicalbert_type3_max_pool,knn,1,24,auroc,0.6524554372532599
1105,1105,,guo_readmission,guo_readmission,clinicalbert_type3_max_pool,knn,1,24,auprc,0.1771166545695075
1106,1106,,guo_readmission,guo_readmission,clinicalbert_type3_max_pool,knn,1,24,brier,0.2800778577896939
1107,1107,,guo_readmission,guo_readmission,clinicalbert_type3_max_pool,knn,2,24,auroc,0.5560703034653268
1108,1108,,guo_readmission,guo_readmission,clinicalbert_type3_max_pool,knn,2,24,auprc,0.1390264930588707
1109,1109,,guo_readmission,guo_readmission,clinicalbert_type3_max_pool,knn,2,24,brier,0.3634142144820549
1110,1110,,guo_readmission,guo_readmission,clinicalbert_type3_max_pool,knn,3,24,auroc,0.6325926147465805
1111,1111,,guo_readmission,guo_readmission,clinicalbert_type3_max_pool,knn,3,24,auprc,0.1632079150077416
1112,1112,,guo_readmission,guo_readmission,clinicalbert_type3_max_pool,knn,3,24,brier,0.3397533120146185
1113,1113,,guo_readmission,guo_readmission,clinicalbert_type3_max_pool,knn,4,24,auroc,0.6336633169836903
1114,1114,,guo_readmission,guo_readmission,clinicalbert_type3_max_pool,knn,4,24,auprc,0.1853699801118335
1115,1115,,guo_readmission,guo_readmission,clinicalbert_type3_max_pool,knn,4,24,brier,0.3257967866713896
1116,1116,,guo_readmission,guo_readmission,clinicalbert_type3_max_pool,knn,0,32,auroc,0.6009221597479762
1117,1117,,guo_readmission,guo_readmission,clinicalbert_type3_max_pool,knn,0,32,auprc,0.1510324498669132
1118,1118,,guo_readmission,guo_readmission,clinicalbert_type3_max_pool,knn,0,32,brier,0.4301113467887353
1119,1119,,guo_readmission,guo_readmission,clinicalbert_type3_max_pool,knn,1,32,auroc,0.6259361167603781
1120,1120,,guo_readmission,guo_readmission,clinicalbert_type3_max_pool,knn,1,32,auprc,0.1572351418604661
1121,1121,,guo_readmission,guo_readmission,clinicalbert_type3_max_pool,knn,1,32,brier,0.3298309730470534
1122,1122,,guo_readmission,guo_readmission,clinicalbert_type3_max_pool,knn,2,32,auroc,0.6032121067113291
1123,1123,,guo_readmission,guo_readmission,clinicalbert_type3_max_pool,knn,2,32,auprc,0.1644422953454023
1124,1124,,guo_readmission,guo_readmission,clinicalbert_type3_max_pool,knn,2,32,brier,0.341922485579288
1125,1125,,guo_readmission,guo_readmission,clinicalbert_type3_max_pool,knn,3,32,auroc,0.6451868245802928
1126,1126,,guo_readmission,guo_readmission,clinicalbert_type3_max_pool,knn,3,32,auprc,0.1791247892196266
1127,1127,,guo_readmission,guo_readmission,clinicalbert_type3_max_pool,knn,3,32,brier,0.3425800914542363
1128,1128,,guo_readmission,guo_readmission,clinicalbert_type3_max_pool,knn,4,32,auroc,0.601948997088966
1129,1129,,guo_readmission,guo_readmission,clinicalbert_type3_max_pool,knn,4,32,auprc,0.1599462103688202
1130,1130,,guo_readmission,guo_readmission,clinicalbert_type3_max_pool,knn,4,32,brier,0.3538351674048802
1131,1131,,guo_readmission,guo_readmission,clinicalbert_type3_max_pool,knn,0,48,auroc,0.5916447342186066
1132,1132,,guo_readmission,guo_readmission,clinicalbert_type3_max_pool,knn,0,48,auprc,0.1489328958729322
1133,1133,,guo_readmission,guo_readmission,clinicalbert_type3_max_pool,knn,0,48,brier,0.4064723394181728
1134,1134,,guo_readmission,guo_readmission,clinicalbert_type3_max_pool,knn,1,48,auroc,0.6230918770187821
1135,1135,,guo_readmission,guo_readmission,clinicalbert_type3_max_pool,knn,1,48,auprc,0.1581955169238639
1136,1136,,guo_readmission,guo_readmission,clinicalbert_type3_max_pool,knn,1,48,brier,0.2667702147099132
1137,1137,,guo_readmission,guo_readmission,clinicalbert_type3_max_pool,knn,2,48,auroc,0.609198668102245
1138,1138,,guo_readmission,guo_readmission,clinicalbert_type3_max_pool,knn,2,48,auprc,0.1715649578210046
1139,1139,,guo_readmission,guo_readmission,clinicalbert_type3_max_pool,knn,2,48,brier,0.3024077807107703
1140,1140,,guo_readmission,guo_readmission,clinicalbert_type3_max_pool,knn,3,48,auroc,0.6127018782150975
1141,1141,,guo_readmission,guo_readmission,clinicalbert_type3_max_pool,knn,3,48,auprc,0.1596716791738666
1142,1142,,guo_readmission,guo_readmission,clinicalbert_type3_max_pool,knn,3,48,brier,0.3231099280979223
1143,1143,,guo_readmission,guo_readmission,clinicalbert_type3_max_pool,knn,4,48,auroc,0.6209893527933963
1144,1144,,guo_readmission,guo_readmission,clinicalbert_type3_max_pool,knn,4,48,auprc,0.1771637247655586
1145,1145,,guo_readmission,guo_readmission,clinicalbert_type3_max_pool,knn,4,48,brier,0.3431919645513037
1146,1146,,guo_readmission,guo_readmission,clinicalbert_type3_max_pool,knn,0,64,auroc,0.5696265502253061
1147,1147,,guo_readmission,guo_readmission,clinicalbert_type3_max_pool,knn,0,64,auprc,0.1401891792423737
1148,1148,,guo_readmission,guo_readmission,clinicalbert_type3_max_pool,knn,0,64,brier,0.3798881130809968
1149,1149,,guo_readmission,guo_readmission,clinicalbert_type3_max_pool,knn,1,64,auroc,0.600914184312318
1150,1150,,guo_readmission,guo_readmission,clinicalbert_type3_max_pool,knn,1,64,auprc,0.1529762267833052
1151,1151,,guo_readmission,guo_readmission,clinicalbert_type3_max_pool,knn,1,64,brier,0.2551484696208314
1152,1152,,guo_readmission,guo_readmission,clinicalbert_type3_max_pool,knn,2,64,auroc,0.5652310882481956
1153,1153,,guo_readmission,guo_readmission,clinicalbert_type3_max_pool,knn,2,64,auprc,0.1397642866646196
1154,1154,,guo_readmission,guo_readmission,clinicalbert_type3_max_pool,knn,2,64,brier,0.3121161362367392
1155,1155,,guo_readmission,guo_readmission,clinicalbert_type3_max_pool,knn,3,64,auroc,0.6127746540654783
1156,1156,,guo_readmission,guo_readmission,clinicalbert_type3_max_pool,knn,3,64,auprc,0.1685903078558689
1157,1157,,guo_readmission,guo_readmission,clinicalbert_type3_max_pool,knn,3,64,brier,0.3427565800760477
1158,1158,,guo_readmission,guo_readmission,clinicalbert_type3_max_pool,knn,4,64,auroc,0.6368893807074211
1159,1159,,guo_readmission,guo_readmission,clinicalbert_type3_max_pool,knn,4,64,auprc,0.1815441559919308
1160,1160,,guo_readmission,guo_readmission,clinicalbert_type3_max_pool,knn,4,64,brier,0.3241662859753312
1161,1161,,guo_readmission,guo_readmission,clinicalbert_type3_max_pool,knn,0,128,auroc,0.596373170634446
1162,1162,,guo_readmission,guo_readmission,clinicalbert_type3_max_pool,knn,0,128,auprc,0.1630870043088468
1163,1163,,guo_readmission,guo_readmission,clinicalbert_type3_max_pool,knn,0,128,brier,0.3450112199750585
1164,1164,,guo_readmission,guo_readmission,clinicalbert_type3_max_pool,knn,1,128,auroc,0.6001415639829326
1165,1165,,guo_readmission,guo_readmission,clinicalbert_type3_max_pool,knn,1,128,auprc,0.1707808904574705
1166,1166,,guo_readmission,guo_readmission,clinicalbert_type3_max_pool,knn,1,128,brier,0.2672406381738684
1167,1167,,guo_readmission,guo_readmission,clinicalbert_type3_max_pool,knn,2,128,auroc,0.6106222833672289
1168,1168,,guo_readmission,guo_readmission,clinicalbert_type3_max_pool,knn,2,128,auprc,0.1696578272483512
1169,1169,,guo_readmission,guo_readmission,clinicalbert_type3_max_pool,knn,2,128,brier,0.2770427629398133
1170,1170,,guo_readmission,guo_readmission,clinicalbert_type3_max_pool,knn,3,128,auroc,0.621509749970092
1171,1171,,guo_readmission,guo_readmission,clinicalbert_type3_max_pool,knn,3,128,auprc,0.1671201914637424
1172,1172,,guo_readmission,guo_readmission,clinicalbert_type3_max_pool,knn,3,128,brier,0.3072270443124715
1173,1173,,guo_readmission,guo_readmission,clinicalbert_type3_max_pool,knn,4,128,auroc,0.6382900665948879
1174,1174,,guo_readmission,guo_readmission,clinicalbert_type3_max_pool,knn,4,128,auprc,0.1873154117375706
1175,1175,,guo_readmission,guo_readmission,clinicalbert_type3_max_pool,knn,4,128,brier,0.3291803948668587
1176,1176,,guo_readmission,guo_readmission,clinicalbert_type3_max_pool,rf,0,-1,auroc,0.7009450891254935
1177,1177,,guo_readmission,guo_readmission,clinicalbert_type3_max_pool,rf,0,-1,auprc,0.2180350804000654
1178,1178,,guo_readmission,guo_readmission,clinicalbert_type3_max_pool,rf,0,-1,brier,0.1004565194528131
1179,1179,,guo_readmission,guo_readmission,clinicalbert_type3_max_pool,rf,0,1,auroc,0.4165819276627986
1180,1180,,guo_readmission,guo_readmission,clinicalbert_type3_max_pool,rf,0,1,auprc,0.1028310057529139
1181,1181,,guo_readmission,guo_readmission,clinicalbert_type3_max_pool,rf,0,1,brier,0.3747693010507081
1182,1182,,guo_readmission,guo_readmission,clinicalbert_type3_max_pool,rf,1,1,auroc,0.5251844319495952
1183,1183,,guo_readmission,guo_readmission,clinicalbert_type3_max_pool,rf,1,1,auprc,0.1272523611114576
1184,1184,,guo_readmission,guo_readmission,clinicalbert_type3_max_pool,rf,1,1,brier,0.3745500228414801
1185,1185,,guo_readmission,guo_readmission,clinicalbert_type3_max_pool,rf,2,1,auroc,0.3957799976073692
1186,1186,,guo_readmission,guo_readmission,clinicalbert_type3_max_pool,rf,2,1,auprc,0.094765160678355
1187,1187,,guo_readmission,guo_readmission,clinicalbert_type3_max_pool,rf,2,1,brier,0.2821794426678849
1188,1188,,guo_readmission,guo_readmission,clinicalbert_type3_max_pool,rf,3,1,auroc,0.4869761135702038
1189,1189,,guo_readmission,guo_readmission,clinicalbert_type3_max_pool,rf,3,1,auprc,0.1151431192108974
1190,1190,,guo_readmission,guo_readmission,clinicalbert_type3_max_pool,rf,3,1,brier,0.3177072635906807
1191,1191,,guo_readmission,guo_readmission,clinicalbert_type3_max_pool,rf,4,1,auroc,0.4378484268453164
1192,1192,,guo_readmission,guo_readmission,clinicalbert_type3_max_pool,rf,4,1,auprc,0.1052103870964394
1193,1193,,guo_readmission,guo_readmission,clinicalbert_type3_max_pool,rf,4,1,brier,0.361388761991777
1194,1194,,guo_readmission,guo_readmission,clinicalbert_type3_max_pool,rf,0,2,auroc,0.489050723770786
1195,1195,,guo_readmission,guo_readmission,clinicalbert_type3_max_pool,rf,0,2,auprc,0.1170076738671166
1196,1196,,guo_readmission,guo_readmission,clinicalbert_type3_max_pool,rf,0,2,brier,0.3203197807217907
1197,1197,,guo_readmission,guo_readmission,clinicalbert_type3_max_pool,rf,1,2,auroc,0.4840959843681461
1198,1198,,guo_readmission,guo_readmission,clinicalbert_type3_max_pool,rf,1,2,auprc,0.1124502818275466
1199,1199,,guo_readmission,guo_readmission,clinicalbert_type3_max_pool,rf,1,2,brier,0.3119472361809045
1200,1200,,guo_readmission,guo_readmission,clinicalbert_type3_max_pool,rf,2,2,auroc,0.4737478566016668
1201,1201,,guo_readmission,guo_readmission,clinicalbert_type3_max_pool,rf,2,2,auprc,0.115037331533351
1202,1202,,guo_readmission,guo_readmission,clinicalbert_type3_max_pool,rf,2,2,brier,0.2842576518958428
1203,1203,,guo_readmission,guo_readmission,clinicalbert_type3_max_pool,rf,3,2,auroc,0.4828079515093512
1204,1204,,guo_readmission,guo_readmission,clinicalbert_type3_max_pool,rf,3,2,auprc,0.1192449093383238
1205,1205,,guo_readmission,guo_readmission,clinicalbert_type3_max_pool,rf,3,2,brier,0.3511740520785747
1206,1206,,guo_readmission,guo_readmission,clinicalbert_type3_max_pool,rf,4,2,auroc,0.5447770865733541
1207,1207,,guo_readmission,guo_readmission,clinicalbert_type3_max_pool,rf,4,2,auprc,0.1341421087316268
1208,1208,,guo_readmission,guo_readmission,clinicalbert_type3_max_pool,rf,4,2,brier,0.2685301050708086
1209,1209,,guo_readmission,guo_readmission,clinicalbert_type3_max_pool,rf,0,4,auroc,0.5632073214499342
1210,1210,,guo_readmission,guo_readmission,clinicalbert_type3_max_pool,rf,0,4,auprc,0.1412722854365435
1211,1211,,guo_readmission,guo_readmission,clinicalbert_type3_max_pool,rf,0,4,brier,0.335874828688899
1212,1212,,guo_readmission,guo_readmission,clinicalbert_type3_max_pool,rf,1,4,auroc,0.5291651712724807
1213,1213,,guo_readmission,guo_readmission,clinicalbert_type3_max_pool,rf,1,4,auprc,0.132865479182937
1214,1214,,guo_readmission,guo_readmission,clinicalbert_type3_max_pool,rf,1,4,brier,0.2763258108725445
1215,1215,,guo_readmission,guo_readmission,clinicalbert_type3_max_pool,rf,2,4,auroc,0.593771184750967
1216,1216,,guo_readmission,guo_readmission,clinicalbert_type3_max_pool,rf,2,4,auprc,0.1481794684200799
1217,1217,,guo_readmission,guo_readmission,clinicalbert_type3_max_pool,rf,2,4,brier,0.3640911831886707
1218,1218,,guo_readmission,guo_readmission,clinicalbert_type3_max_pool,rf,3,4,auroc,0.6141992662599194
1219,1219,,guo_readmission,guo_readmission,clinicalbert_type3_max_pool,rf,3,4,auprc,0.1761086777666124
1220,1220,,guo_readmission,guo_readmission,clinicalbert_type3_max_pool,rf,3,4,brier,0.2409776610324349
1221,1221,,guo_readmission,guo_readmission,clinicalbert_type3_max_pool,rf,4,4,auroc,0.6275740718586751
1222,1222,,guo_readmission,guo_readmission,clinicalbert_type3_max_pool,rf,4,4,auprc,0.1852546283039049
1223,1223,,guo_readmission,guo_readmission,clinicalbert_type3_max_pool,rf,4,4,brier,0.2558543170397442
1224,1224,,guo_readmission,guo_readmission,clinicalbert_type3_max_pool,rf,0,8,auroc,0.531540854169159
1225,1225,,guo_readmission,guo_readmission,clinicalbert_type3_max_pool,rf,0,8,auprc,0.1303932569834005
1226,1226,,guo_readmission,guo_readmission,clinicalbert_type3_max_pool,rf,0,8,brier,0.2384913202375514
1227,1227,,guo_readmission,guo_readmission,clinicalbert_type3_max_pool,rf,1,8,auroc,0.6127268014515292
1228,1228,,guo_readmission,guo_readmission,clinicalbert_type3_max_pool,rf,1,8,auprc,0.1528232009132724
1229,1229,,guo_readmission,guo_readmission,clinicalbert_type3_max_pool,rf,1,8,brier,0.2335724074920054
1230,1230,,guo_readmission,guo_readmission,clinicalbert_type3_max_pool,rf,2,8,auroc,0.5708906567771265
1231,1231,,guo_readmission,guo_readmission,clinicalbert_type3_max_pool,rf,2,8,auprc,0.1419619225481419
1232,1232,,guo_readmission,guo_readmission,clinicalbert_type3_max_pool,rf,2,8,brier,0.3586820465966194
1233,1233,,guo_readmission,guo_readmission,clinicalbert_type3_max_pool,rf,3,8,auroc,0.5928270925549308
1234,1234,,guo_readmission,guo_readmission,clinicalbert_type3_max_pool,rf,3,8,auprc,0.1614819322831651
1235,1235,,guo_readmission,guo_readmission,clinicalbert_type3_max_pool,rf,3,8,brier,0.2662529922338967
1236,1236,,guo_readmission,guo_readmission,clinicalbert_type3_max_pool,rf,4,8,auroc,0.5806545838816446
1237,1237,,guo_readmission,guo_readmission,clinicalbert_type3_max_pool,rf,4,8,auprc,0.1519076058030023
1238,1238,,guo_readmission,guo_readmission,clinicalbert_type3_max_pool,rf,4,8,brier,0.2438634790112177
1239,1239,,guo_readmission,guo_readmission,clinicalbert_type3_max_pool,rf,0,12,auroc,0.4967918810065
1240,1240,,guo_readmission,guo_readmission,clinicalbert_type3_max_pool,rf,0,12,auprc,0.116989202949146
1241,1241,,guo_readmission,guo_readmission,clinicalbert_type3_max_pool,rf,0,12,brier,0.30247144814984
1242,1242,,guo_readmission,guo_readmission,clinicalbert_type3_max_pool,rf,1,12,auroc,0.5365713602105515
1243,1243,,guo_readmission,guo_readmission,clinicalbert_type3_max_pool,rf,1,12,auprc,0.1312613535526756
1244,1244,,guo_readmission,guo_readmission,clinicalbert_type3_max_pool,rf,1,12,brier,0.2713248058474189
1245,1245,,guo_readmission,guo_readmission,clinicalbert_type3_max_pool,rf,2,12,auroc,0.5303305818080313
1246,1246,,guo_readmission,guo_readmission,clinicalbert_type3_max_pool,rf,2,12,auprc,0.1324441537726226
1247,1247,,guo_readmission,guo_readmission,clinicalbert_type3_max_pool,rf,2,12,brier,0.3019323892188214
1248,1248,,guo_readmission,guo_readmission,clinicalbert_type3_max_pool,rf,3,12,auroc,0.5940832236710931
1249,1249,,guo_readmission,guo_readmission,clinicalbert_type3_max_pool,rf,3,12,auprc,0.18364519080546
1250,1250,,guo_readmission,guo_readmission,clinicalbert_type3_max_pool,rf,3,12,brier,0.2771037003197807
1251,1251,,guo_readmission,guo_readmission,clinicalbert_type3_max_pool,rf,4,12,auroc,0.6212694899708896
1252,1252,,guo_readmission,guo_readmission,clinicalbert_type3_max_pool,rf,4,12,auprc,0.1704805892025832
1253,1253,,guo_readmission,guo_readmission,clinicalbert_type3_max_pool,rf,4,12,brier,0.2191398812243033
1254,1254,,guo_readmission,guo_readmission,clinicalbert_type3_max_pool,rf,0,16,auroc,0.546112972046098
1255,1255,,guo_readmission,guo_readmission,clinicalbert_type3_max_pool,rf,0,16,auprc,0.1533601636111647
1256,1256,,guo_readmission,guo_readmission,clinicalbert_type3_max_pool,rf,0,16,brier,0.2602829323384599
1257,1257,,guo_readmission,guo_readmission,clinicalbert_type3_max_pool,rf,1,16,auroc,0.5196853690632851
1258,1258,,guo_readmission,guo_readmission,clinicalbert_type3_max_pool,rf,1,16,auprc,0.1227616126962021
1259,1259,,guo_readmission,guo_readmission,clinicalbert_type3_max_pool,rf,1,16,brier,0.2429739607126541
1260,1260,,guo_readmission,guo_readmission,clinicalbert_type3_max_pool,rf,2,16,auroc,0.5490060613311002
1261,1261,,guo_readmission,guo_readmission,clinicalbert_type3_max_pool,rf,2,16,auprc,0.1338639559633196
1262,1262,,guo_readmission,guo_readmission,clinicalbert_type3_max_pool,rf,2,16,brier,0.2522841480127912
1263,1263,,guo_readmission,guo_readmission,clinicalbert_type3_max_pool,rf,3,16,auroc,0.6331239781473064
1264,1264,,guo_readmission,guo_readmission,clinicalbert_type3_max_pool,rf,3,16,auprc,0.1818554620915105
1265,1265,,guo_readmission,guo_readmission,clinicalbert_type3_max_pool,rf,3,16,brier,0.2635849246231155
1266,1266,,guo_readmission,guo_readmission,clinicalbert_type3_max_pool,rf,4,16,auroc,0.6199944171950392
1267,1267,,guo_readmission,guo_readmission,clinicalbert_type3_max_pool,rf,4,16,auprc,0.1659576398926744
1268,1268,,guo_readmission,guo_readmission,clinicalbert_type3_max_pool,rf,4,16,brier,0.2738497030607583
1269,1269,,guo_readmission,guo_readmission,clinicalbert_type3_max_pool,rf,0,24,auroc,0.626241177174303
1270,1270,,guo_readmission,guo_readmission,clinicalbert_type3_max_pool,rf,0,24,auprc,0.1631894156620543
1271,1271,,guo_readmission,guo_readmission,clinicalbert_type3_max_pool,rf,0,24,brier,0.2373790829145728
1272,1272,,guo_readmission,guo_readmission,clinicalbert_type3_max_pool,rf,1,24,auroc,0.6500189416596881
1273,1273,,guo_readmission,guo_readmission,clinicalbert_type3_max_pool,rf,1,24,auprc,0.1887551476644752
1274,1274,,guo_readmission,guo_readmission,clinicalbert_type3_max_pool,rf,1,24,brier,0.2395070364448505
1275,1275,,guo_readmission,guo_readmission,clinicalbert_type3_max_pool,rf,2,24,auroc,0.5686605255812098
1276,1276,,guo_readmission,guo_readmission,clinicalbert_type3_max_pool,rf,2,24,auprc,0.1543165324397453
1277,1277,,guo_readmission,guo_readmission,clinicalbert_type3_max_pool,rf,2,24,brier,0.2520804387591949
1278,1278,,guo_readmission,guo_readmission,clinicalbert_type3_max_pool,rf,3,24,auroc,0.6557134027196235
1279,1279,,guo_readmission,guo_readmission,clinicalbert_type3_max_pool,rf,3,24,auprc,0.189004492354271
1280,1280,,guo_readmission,guo_readmission,clinicalbert_type3_max_pool,rf,3,24,brier,0.2338444867839827
1281,1281,,guo_readmission,guo_readmission,clinicalbert_type3_max_pool,rf,4,24,auroc,0.6405201977908044
1282,1282,,guo_readmission,guo_readmission,clinicalbert_type3_max_pool,rf,4,24,auprc,0.1833254446736427
1283,1283,,guo_readmission,guo_readmission,clinicalbert_type3_max_pool,rf,4,24,brier,0.2420560073092736
1284,1284,,guo_readmission,guo_readmission,clinicalbert_type3_max_pool,rf,0,32,auroc,0.6057931570762054
1285,1285,,guo_readmission,guo_readmission,clinicalbert_type3_max_pool,rf,0,32,auprc,0.158635540273763
1286,1286,,guo_readmission,guo_readmission,clinicalbert_type3_max_pool,rf,0,32,brier,0.2549566011877569
1287,1287,,guo_readmission,guo_readmission,clinicalbert_type3_max_pool,rf,1,32,auroc,0.6154125294094189
1288,1288,,guo_readmission,guo_readmission,clinicalbert_type3_max_pool,rf,1,32,auprc,0.1636079449947748
1289,1289,,guo_readmission,guo_readmission,clinicalbert_type3_max_pool,rf,1,32,brier,0.2390406578346277
1290,1290,,guo_readmission,guo_readmission,clinicalbert_type3_max_pool,rf,2,32,auroc,0.578677672767875
1291,1291,,guo_readmission,guo_readmission,clinicalbert_type3_max_pool,rf,2,32,auprc,0.1451465778389628
1292,1292,,guo_readmission,guo_readmission,clinicalbert_type3_max_pool,rf,2,32,brier,0.2567336683417085
1293,1293,,guo_readmission,guo_readmission,clinicalbert_type3_max_pool,rf,3,32,auroc,0.6711359014236152
1294,1294,,guo_readmission,guo_readmission,clinicalbert_type3_max_pool,rf,3,32,auprc,0.1896956185227272
1295,1295,,guo_readmission,guo_readmission,clinicalbert_type3_max_pool,rf,3,32,brier,0.2308992233896756
1296,1296,,guo_readmission,guo_readmission,clinicalbert_type3_max_pool,rf,4,32,auroc,0.6565139370738126
1297,1297,,guo_readmission,guo_readmission,clinicalbert_type3_max_pool,rf,4,32,auprc,0.201205484727052
1298,1298,,guo_readmission,guo_readmission,clinicalbert_type3_max_pool,rf,4,32,brier,0.2348634993147555
1299,1299,,guo_readmission,guo_readmission,clinicalbert_type3_max_pool,rf,0,48,auroc,0.6381983490848188
1300,1300,,guo_readmission,guo_readmission,clinicalbert_type3_max_pool,rf,0,48,auprc,0.180833146886999
1301,1301,,guo_readmission,guo_readmission,clinicalbert_type3_max_pool,rf,0,48,brier,0.2345042977774145
1302,1302,,guo_readmission,guo_readmission,clinicalbert_type3_max_pool,rf,1,48,auroc,0.6227150376839334
1303,1303,,guo_readmission,guo_readmission,clinicalbert_type3_max_pool,rf,1,48,auprc,0.1747187919291929
1304,1304,,guo_readmission,guo_readmission,clinicalbert_type3_max_pool,rf,1,48,brier,0.2347177586469542
1305,1305,,guo_readmission,guo_readmission,clinicalbert_type3_max_pool,rf,2,48,auroc,0.592985604338637
1306,1306,,guo_readmission,guo_readmission,clinicalbert_type3_max_pool,rf,2,48,auprc,0.1648542855567961
1307,1307,,guo_readmission,guo_readmission,clinicalbert_type3_max_pool,rf,2,48,brier,0.2082404751027866
1308,1308,,guo_readmission,guo_readmission,clinicalbert_type3_max_pool,rf,3,48,auroc,0.6479652669777086
1309,1309,,guo_readmission,guo_readmission,clinicalbert_type3_max_pool,rf,3,48,auprc,0.1750980940591543
1310,1310,,guo_readmission,guo_readmission,clinicalbert_type3_max_pool,rf,3,48,brier,0.2195637818469811
1311,1311,,guo_readmission,guo_readmission,clinicalbert_type3_max_pool,rf,4,48,auroc,0.6659279419388284
1312,1312,,guo_readmission,guo_readmission,clinicalbert_type3_max_pool,rf,4,48,auprc,0.1866925185519723
1313,1313,,guo_readmission,guo_readmission,clinicalbert_type3_max_pool,rf,4,48,brier,0.2501404988639152
1314,1314,,guo_readmission,guo_readmission,clinicalbert_type3_max_pool,rf,0,64,auroc,0.628725525381824
1315,1315,,guo_readmission,guo_readmission,clinicalbert_type3_max_pool,rf,0,64,auprc,0.176254478756418
1316,1316,,guo_readmission,guo_readmission,clinicalbert_type3_max_pool,rf,0,64,brier,0.2260857795995914
1317,1317,,guo_readmission,guo_readmission,clinicalbert_type3_max_pool,rf,1,64,auroc,0.6723950233281493
1318,1318,,guo_readmission,guo_readmission,clinicalbert_type3_max_pool,rf,1,64,auprc,0.2064850588756788
1319,1319,,guo_readmission,guo_readmission,clinicalbert_type3_max_pool,rf,1,64,brier,0.2074275925079945
1320,1320,,guo_readmission,guo_readmission,clinicalbert_type3_max_pool,rf,2,64,auroc,0.6608924512501495
1321,1321,,guo_readmission,guo_readmission,clinicalbert_type3_max_pool,rf,2,64,auprc,0.1923897357075281
1322,1322,,guo_readmission,guo_readmission,clinicalbert_type3_max_pool,rf,2,64,brier,0.2046012791228871
1323,1323,,guo_readmission,guo_readmission,clinicalbert_type3_max_pool,rf,3,64,auroc,0.682095146947402
1324,1324,,guo_readmission,guo_readmission,clinicalbert_type3_max_pool,rf,3,64,auprc,0.2017602070647414
1325,1325,,guo_readmission,guo_readmission,clinicalbert_type3_max_pool,rf,3,64,brier,0.2061111923252627
1326,1326,,guo_readmission,guo_readmission,clinicalbert_type3_max_pool,rf,4,64,auroc,0.6617218965585996
1327,1327,,guo_readmission,guo_readmission,clinicalbert_type3_max_pool,rf,4,64,auprc,0.201332756636425
1328,1328,,guo_readmission,guo_readmission,clinicalbert_type3_max_pool,rf,4,64,brier,0.2326992131674083
1329,1329,,guo_readmission,guo_readmission,clinicalbert_type3_max_pool,rf,0,128,auroc,0.6643099254296766
1330,1330,,guo_readmission,guo_readmission,clinicalbert_type3_max_pool,rf,0,128,auprc,0.1956852869037101
1331,1331,,guo_readmission,guo_readmission,clinicalbert_type3_max_pool,rf,0,128,brier,0.2067468539497022
1332,1332,,guo_readmission,guo_readmission,clinicalbert_type3_max_pool,rf,1,128,auroc,0.6832914622961279
1333,1333,,guo_readmission,guo_readmission,clinicalbert_type3_max_pool,rf,1,128,auprc,0.2044409412804914
1334,1334,,guo_readmission,guo_readmission,clinicalbert_type3_max_pool,rf,1,128,brier,0.1917999318730553
1335,1335,,guo_readmission,guo_readmission,clinicalbert_type3_max_pool,rf,2,128,auroc,0.6797234517685529
1336,1336,,guo_readmission,guo_readmission,clinicalbert_type3_max_pool,rf,2,128,auprc,0.1957820004491814
1337,1337,,guo_readmission,guo_readmission,clinicalbert_type3_max_pool,rf,2,128,brier,0.1924205725597685
1338,1338,,guo_readmission,guo_readmission,clinicalbert_type3_max_pool,rf,3,128,auroc,0.6881285640228099
1339,1339,,guo_readmission,guo_readmission,clinicalbert_type3_max_pool,rf,3,128,auprc,0.2043120229165283
1340,1340,,guo_readmission,guo_readmission,clinicalbert_type3_max_pool,rf,3,128,brier,0.1991507537688442
1341,1341,,guo_readmission,guo_readmission,clinicalbert_type3_max_pool,rf,4,128,auroc,0.6908451967938749
1342,1342,,guo_readmission,guo_readmission,clinicalbert_type3_max_pool,rf,4,128,auprc,0.2288838634478221
1343,1343,,guo_readmission,guo_readmission,clinicalbert_type3_max_pool,rf,4,128,brier,0.1960165241428794
1344,1344,,guo_readmission,guo_readmission,clinicalbert_type3_mean_pool,lr_lbfgs,0,-1,auroc,0.7392830083343302
1345,1345,,guo_readmission,guo_readmission,clinicalbert_type3_mean_pool,lr_lbfgs,0,-1,auprc,0.2382202016719094
1346,1346,,guo_readmission,guo_readmission,clinicalbert_type3_mean_pool,lr_lbfgs,0,-1,brier,0.097933742962043
1347,1347,,guo_readmission,guo_readmission,clinicalbert_type3_mean_pool,lr_lbfgs,0,1,auroc,0.6386350041871037
1348,1348,,guo_readmission,guo_readmission,clinicalbert_type3_mean_pool,lr_lbfgs,0,1,auprc,0.1818743831778236
1349,1349,,guo_readmission,guo_readmission,clinicalbert_type3_mean_pool,lr_lbfgs,0,1,brier,0.2500019279313256
1350,1350,,guo_readmission,guo_readmission,clinicalbert_type3_mean_pool,lr_lbfgs,1,1,auroc,0.4139470431072297
1351,1351,,guo_readmission,guo_readmission,clinicalbert_type3_mean_pool,lr_lbfgs,1,1,auprc,0.0961312783986325
1352,1352,,guo_readmission,guo_readmission,clinicalbert_type3_mean_pool,lr_lbfgs,1,1,brier,0.2499960853339366
1353,1353,,guo_readmission,guo_readmission,clinicalbert_type3_mean_pool,lr_lbfgs,2,1,auroc,0.3744167962674961
1354,1354,,guo_readmission,guo_readmission,clinicalbert_type3_mean_pool,lr_lbfgs,2,1,auprc,0.088556592939649
1355,1355,,guo_readmission,guo_readmission,clinicalbert_type3_mean_pool,lr_lbfgs,2,1,brier,0.2500013990250185
1356,1356,,guo_readmission,guo_readmission,clinicalbert_type3_mean_pool,lr_lbfgs,3,1,auroc,0.655263787534394
1357,1357,,guo_readmission,guo_readmission,clinicalbert_type3_mean_pool,lr_lbfgs,3,1,auprc,0.1918086425027632
1358,1358,,guo_readmission,guo_readmission,clinicalbert_type3_mean_pool,lr_lbfgs,3,1,brier,0.249998433307933
1359,1359,,guo_readmission,guo_readmission,clinicalbert_type3_mean_pool,lr_lbfgs,4,1,auroc,0.6167105315627867
1360,1360,,guo_readmission,guo_readmission,clinicalbert_type3_mean_pool,lr_lbfgs,4,1,auprc,0.1656324160433513
1361,1361,,guo_readmission,guo_readmission,clinicalbert_type3_mean_pool,lr_lbfgs,4,1,brier,0.249996887127989
1362,1362,,guo_readmission,guo_readmission,clinicalbert_type3_mean_pool,lr_lbfgs,0,2,auroc,0.5527854209036168
1363,1363,,guo_readmission,guo_readmission,clinicalbert_type3_mean_pool,lr_lbfgs,0,2,auprc,0.1289360397674571
1364,1364,,guo_readmission,guo_readmission,clinicalbert_type3_mean_pool,lr_lbfgs,0,2,brier,0.2500006381013796
1365,1365,,guo_readmission,guo_readmission,clinicalbert_type3_mean_pool,lr_lbfgs,1,2,auroc,0.3860051042788212
1366,1366,,guo_readmission,guo_readmission,clinicalbert_type3_mean_pool,lr_lbfgs,1,2,auprc,0.0918669555121105
1367,1367,,guo_readmission,guo_readmission,clinicalbert_type3_mean_pool,lr_lbfgs,1,2,brier,0.2076595963748269
1368,1368,,guo_readmission,guo_readmission,clinicalbert_type3_mean_pool,lr_lbfgs,2,2,auroc,0.4968915739522271
1369,1369,,guo_readmission,guo_readmission,clinicalbert_type3_mean_pool,lr_lbfgs,2,2,auprc,0.1176218042491464
1370,1370,,guo_readmission,guo_readmission,clinicalbert_type3_mean_pool,lr_lbfgs,2,2,brier,0.2500009346937348
1371,1371,,guo_readmission,guo_readmission,clinicalbert_type3_mean_pool,lr_lbfgs,3,2,auroc,0.6335945288511384
1372,1372,,guo_readmission,guo_readmission,clinicalbert_type3_mean_pool,lr_lbfgs,3,2,auprc,0.1773579829853515
1373,1373,,guo_readmission,guo_readmission,clinicalbert_type3_mean_pool,lr_lbfgs,3,2,brier,0.2499975304027162
1374,1374,,guo_readmission,guo_readmission,clinicalbert_type3_mean_pool,lr_lbfgs,4,2,auroc,0.6225724767715437
1375,1375,,guo_readmission,guo_readmission,clinicalbert_type3_mean_pool,lr_lbfgs,4,2,auprc,0.1764606954578481
1376,1376,,guo_readmission,guo_readmission,clinicalbert_type3_mean_pool,lr_lbfgs,4,2,brier,0.2499985580882725
1377,1377,,guo_readmission,guo_readmission,clinicalbert_type3_mean_pool,lr_lbfgs,0,4,auroc,0.6674582286557403
1378,1378,,guo_readmission,guo_readmission,clinicalbert_type3_mean_pool,lr_lbfgs,0,4,auprc,0.1946182785497437
1379,1379,,guo_readmission,guo_readmission,clinicalbert_type3_mean_pool,lr_lbfgs,0,4,brier,0.2499996464042829
1380,1380,,guo_readmission,guo_readmission,clinicalbert_type3_mean_pool,lr_lbfgs,1,4,auroc,0.5336124735813694
1381,1381,,guo_readmission,guo_readmission,clinicalbert_type3_mean_pool,lr_lbfgs,1,4,auprc,0.1243093191344796
1382,1382,,guo_readmission,guo_readmission,clinicalbert_type3_mean_pool,lr_lbfgs,1,4,brier,0.2314423532563279
1383,1383,,guo_readmission,guo_readmission,clinicalbert_type3_mean_pool,lr_lbfgs,2,4,auroc,0.6497188658930494
1384,1384,,guo_readmission,guo_readmission,clinicalbert_type3_mean_pool,lr_lbfgs,2,4,auprc,0.1722229335260785
1385,1385,,guo_readmission,guo_readmission,clinicalbert_type3_mean_pool,lr_lbfgs,2,4,brier,0.4040485997936085
1386,1386,,guo_readmission,guo_readmission,clinicalbert_type3_mean_pool,lr_lbfgs,3,4,auroc,0.6618794114128485
1387,1387,,guo_readmission,guo_readmission,clinicalbert_type3_mean_pool,lr_lbfgs,3,4,auprc,0.1916726498046495
1388,1388,,guo_readmission,guo_readmission,clinicalbert_type3_mean_pool,lr_lbfgs,3,4,brier,0.250000085160893
1389,1389,,guo_readmission,guo_readmission,clinicalbert_type3_mean_pool,lr_lbfgs,4,4,auroc,0.645085137775651
1390,1390,,guo_readmission,guo_readmission,clinicalbert_type3_mean_pool,lr_lbfgs,4,4,auprc,0.1810419899769776
1391,1391,,guo_readmission,guo_readmission,clinicalbert_type3_mean_pool,lr_lbfgs,4,4,brier,0.2499990036853396
1392,1392,,guo_readmission,guo_readmission,clinicalbert_type3_mean_pool,lr_lbfgs,0,8,auroc,0.6545619491964749
1393,1393,,guo_readmission,guo_readmission,clinicalbert_type3_mean_pool,lr_lbfgs,0,8,auprc,0.1966858210754575
1394,1394,,guo_readmission,guo_readmission,clinicalbert_type3_mean_pool,lr_lbfgs,0,8,brier,0.2521297517814436
1395,1395,,guo_readmission,guo_readmission,clinicalbert_type3_mean_pool,lr_lbfgs,1,8,auroc,0.6478386569366352
1396,1396,,guo_readmission,guo_readmission,clinicalbert_type3_mean_pool,lr_lbfgs,1,8,auprc,0.1687125695036239
1397,1397,,guo_readmission,guo_readmission,clinicalbert_type3_mean_pool,lr_lbfgs,1,8,brier,0.417383649874948
1398,1398,,guo_readmission,guo_readmission,clinicalbert_type3_mean_pool,lr_lbfgs,2,8,auroc,0.6762750727758504
1399,1399,,guo_readmission,guo_readmission,clinicalbert_type3_mean_pool,lr_lbfgs,2,8,auprc,0.2091775300048811
1400,1400,,guo_readmission,guo_readmission,clinicalbert_type3_mean_pool,lr_lbfgs,2,8,brier,0.3199658242050459
1401,1401,,guo_readmission,guo_readmission,clinicalbert_type3_mean_pool,lr_lbfgs,3,8,auroc,0.660427882123061
1402,1402,,guo_readmission,guo_readmission,clinicalbert_type3_mean_pool,lr_lbfgs,3,8,auprc,0.1863789521391332
1403,1403,,guo_readmission,guo_readmission,clinicalbert_type3_mean_pool,lr_lbfgs,3,8,brier,0.2484643408796241
1404,1404,,guo_readmission,guo_readmission,clinicalbert_type3_mean_pool,lr_lbfgs,4,8,auroc,0.6399788650955058
1405,1405,,guo_readmission,guo_readmission,clinicalbert_type3_mean_pool,lr_lbfgs,4,8,auprc,0.177573539457304
1406,1406,,guo_readmission,guo_readmission,clinicalbert_type3_mean_pool,lr_lbfgs,4,8,brier,0.2499981214593159
1407,1407,,guo_readmission,guo_readmission,clinicalbert_type3_mean_pool,lr_lbfgs,0,12,auroc,0.5187283167843043
1408,1408,,guo_readmission,guo_readmission,clinicalbert_type3_mean_pool,lr_lbfgs,0,12,auprc,0.1302667868902914
1409,1409,,guo_readmission,guo_readmission,clinicalbert_type3_mean_pool,lr_lbfgs,0,12,brier,0.2741074230703063
1410,1410,,guo_readmission,guo_readmission,clinicalbert_type3_mean_pool,lr_lbfgs,1,12,auroc,0.6349463651951988
1411,1411,,guo_readmission,guo_readmission,clinicalbert_type3_mean_pool,lr_lbfgs,1,12,auprc,0.1739197881051607
1412,1412,,guo_readmission,guo_readmission,clinicalbert_type3_mean_pool,lr_lbfgs,1,12,brier,0.250170415272517
1413,1413,,guo_readmission,guo_readmission,clinicalbert_type3_mean_pool,lr_lbfgs,2,12,auroc,0.672658212704869
1414,1414,,guo_readmission,guo_readmission,clinicalbert_type3_mean_pool,lr_lbfgs,2,12,auprc,0.1839847175322065
1415,1415,,guo_readmission,guo_readmission,clinicalbert_type3_mean_pool,lr_lbfgs,2,12,brier,0.2340733708256583
1416,1416,,guo_readmission,guo_readmission,clinicalbert_type3_mean_pool,lr_lbfgs,3,12,auroc,0.7007377277983811
1417,1417,,guo_readmission,guo_readmission,clinicalbert_type3_mean_pool,lr_lbfgs,3,12,auprc,0.2104232326880895
1418,1418,,guo_readmission,guo_readmission,clinicalbert_type3_mean_pool,lr_lbfgs,3,12,brier,0.2380359995656499
1419,1419,,guo_readmission,guo_readmission,clinicalbert_type3_mean_pool,lr_lbfgs,4,12,auroc,0.6688738684850659
1420,1420,,guo_readmission,guo_readmission,clinicalbert_type3_mean_pool,lr_lbfgs,4,12,auprc,0.1868142723723274
1421,1421,,guo_readmission,guo_readmission,clinicalbert_type3_mean_pool,lr_lbfgs,4,12,brier,0.2351150403801003
1422,1422,,guo_readmission,guo_readmission,clinicalbert_type3_mean_pool,lr_lbfgs,0,16,auroc,0.6491366590900027
1423,1423,,guo_readmission,guo_readmission,clinicalbert_type3_mean_pool,lr_lbfgs,0,16,auprc,0.1849711892440523
1424,1424,,guo_readmission,guo_readmission,clinicalbert_type3_mean_pool,lr_lbfgs,0,16,brier,0.2500043278042536
1425,1425,,guo_readmission,guo_readmission,clinicalbert_type3_mean_pool,lr_lbfgs,1,16,auroc,0.6439007855804124
1426,1426,,guo_readmission,guo_readmission,clinicalbert_type3_mean_pool,lr_lbfgs,1,16,auprc,0.1817324186714368
1427,1427,,guo_readmission,guo_readmission,clinicalbert_type3_mean_pool,lr_lbfgs,1,16,brier,0.2499980936173093
1428,1428,,guo_readmission,guo_readmission,clinicalbert_type3_mean_pool,lr_lbfgs,2,16,auroc,0.6739103561032022
1429,1429,,guo_readmission,guo_readmission,clinicalbert_type3_mean_pool,lr_lbfgs,2,16,auprc,0.1854994417400388
1430,1430,,guo_readmission,guo_readmission,clinicalbert_type3_mean_pool,lr_lbfgs,2,16,brier,0.2324413017259515
1431,1431,,guo_readmission,guo_readmission,clinicalbert_type3_mean_pool,lr_lbfgs,3,16,auroc,0.6877796387127646
1432,1432,,guo_readmission,guo_readmission,clinicalbert_type3_mean_pool,lr_lbfgs,3,16,auprc,0.205225541111129
1433,1433,,guo_readmission,guo_readmission,clinicalbert_type3_mean_pool,lr_lbfgs,3,16,brier,0.2618897212601155
1434,1434,,guo_readmission,guo_readmission,clinicalbert_type3_mean_pool,lr_lbfgs,4,16,auroc,0.6538521354228974
1435,1435,,guo_readmission,guo_readmission,clinicalbert_type3_mean_pool,lr_lbfgs,4,16,auprc,0.1872908407122857
1436,1436,,guo_readmission,guo_readmission,clinicalbert_type3_mean_pool,lr_lbfgs,4,16,brier,0.2499978537301951
1437,1437,,guo_readmission,guo_readmission,clinicalbert_type3_mean_pool,lr_lbfgs,0,24,auroc,0.6568887825497467
1438,1438,,guo_readmission,guo_readmission,clinicalbert_type3_mean_pool,lr_lbfgs,0,24,auprc,0.1920675024154828
1439,1439,,guo_readmission,guo_readmission,clinicalbert_type3_mean_pool,lr_lbfgs,0,24,brier,0.227371990605035
1440,1440,,guo_readmission,guo_readmission,clinicalbert_type3_mean_pool,lr_lbfgs,1,24,auroc,0.6531602663795509
1441,1441,,guo_readmission,guo_readmission,clinicalbert_type3_mean_pool,lr_lbfgs,1,24,auprc,0.188762131472958
1442,1442,,guo_readmission,guo_readmission,clinicalbert_type3_mean_pool,lr_lbfgs,1,24,brier,0.2499965876392139
1443,1443,,guo_readmission,guo_readmission,clinicalbert_type3_mean_pool,lr_lbfgs,2,24,auroc,0.6921242572875544
1444,1444,,guo_readmission,guo_readmission,clinicalbert_type3_mean_pool,lr_lbfgs,2,24,auprc,0.2075728272817814
1445,1445,,guo_readmission,guo_readmission,clinicalbert_type3_mean_pool,lr_lbfgs,2,24,brier,0.214270934543978
1446,1446,,guo_readmission,guo_readmission,clinicalbert_type3_mean_pool,lr_lbfgs,3,24,auroc,0.6808709175738724
1447,1447,,guo_readmission,guo_readmission,clinicalbert_type3_mean_pool,lr_lbfgs,3,24,auprc,0.2027433440961336
1448,1448,,guo_readmission,guo_readmission,clinicalbert_type3_mean_pool,lr_lbfgs,3,24,brier,0.2450428996006106
1449,1449,,guo_readmission,guo_readmission,clinicalbert_type3_mean_pool,lr_lbfgs,4,24,auroc,0.6543366431391313
1450,1450,,guo_readmission,guo_readmission,clinicalbert_type3_mean_pool,lr_lbfgs,4,24,auprc,0.1873804357663271
1451,1451,,guo_readmission,guo_readmission,clinicalbert_type3_mean_pool,lr_lbfgs,4,24,brier,0.2499966769825362
1452,1452,,guo_readmission,guo_readmission,clinicalbert_type3_mean_pool,lr_lbfgs,0,32,auroc,0.6607947521633369
1453,1453,,guo_readmission,guo_readmission,clinicalbert_type3_mean_pool,lr_lbfgs,0,32,auprc,0.1919491369304908
1454,1454,,guo_readmission,guo_readmission,clinicalbert_type3_mean_pool,lr_lbfgs,0,32,brier,0.2279303469376805
1455,1455,,guo_readmission,guo_readmission,clinicalbert_type3_mean_pool,lr_lbfgs,1,32,auroc,0.6537604179128285
1456,1456,,guo_readmission,guo_readmission,clinicalbert_type3_mean_pool,lr_lbfgs,1,32,auprc,0.1889872346030729
1457,1457,,guo_readmission,guo_readmission,clinicalbert_type3_mean_pool,lr_lbfgs,1,32,brier,0.2499963839820693
1458,1458,,guo_readmission,guo_readmission,clinicalbert_type3_mean_pool,lr_lbfgs,2,32,auroc,0.6889580093312598
1459,1459,,guo_readmission,guo_readmission,clinicalbert_type3_mean_pool,lr_lbfgs,2,32,auprc,0.194326045011712
1460,1460,,guo_readmission,guo_readmission,clinicalbert_type3_mean_pool,lr_lbfgs,2,32,brier,0.2082076114962317
1461,1461,,guo_readmission,guo_readmission,clinicalbert_type3_mean_pool,lr_lbfgs,3,32,auroc,0.6622004226980899
1462,1462,,guo_readmission,guo_readmission,clinicalbert_type3_mean_pool,lr_lbfgs,3,32,auprc,0.1950427205160498
1463,1463,,guo_readmission,guo_readmission,clinicalbert_type3_mean_pool,lr_lbfgs,3,32,brier,0.2499699528017798
1464,1464,,guo_readmission,guo_readmission,clinicalbert_type3_mean_pool,lr_lbfgs,4,32,auroc,0.655417314670814
1465,1465,,guo_readmission,guo_readmission,clinicalbert_type3_mean_pool,lr_lbfgs,4,32,auprc,0.1880563307812739
1466,1466,,guo_readmission,guo_readmission,clinicalbert_type3_mean_pool,lr_lbfgs,4,32,brier,0.2436916951828736
1467,1467,,guo_readmission,guo_readmission,clinicalbert_type3_mean_pool,lr_lbfgs,0,48,auroc,0.659249511504566
1468,1468,,guo_readmission,guo_readmission,clinicalbert_type3_mean_pool,lr_lbfgs,0,48,auprc,0.1946047920349827
1469,1469,,guo_readmission,guo_readmission,clinicalbert_type3_mean_pool,lr_lbfgs,0,48,brier,0.2464043044183391
1470,1470,,guo_readmission,guo_readmission,clinicalbert_type3_mean_pool,lr_lbfgs,1,48,auroc,0.6778462336005104
1471,1471,,guo_readmission,guo_readmission,clinicalbert_type3_mean_pool,lr_lbfgs,1,48,auprc,0.198160236312745
1472,1472,,guo_readmission,guo_readmission,clinicalbert_type3_mean_pool,lr_lbfgs,1,48,brier,0.2333779932924199
1473,1473,,guo_readmission,guo_readmission,clinicalbert_type3_mean_pool,lr_lbfgs,2,48,auroc,0.6930334569525861
1474,1474,,guo_readmission,guo_readmission,clinicalbert_type3_mean_pool,lr_lbfgs,2,48,auprc,0.1911463392087939
1475,1475,,guo_readmission,guo_readmission,clinicalbert_type3_mean_pool,lr_lbfgs,2,48,brier,0.201294773754082
1476,1476,,guo_readmission,guo_readmission,clinicalbert_type3_mean_pool,lr_lbfgs,3,48,auroc,0.697808749052917
1477,1477,,guo_readmission,guo_readmission,clinicalbert_type3_mean_pool,lr_lbfgs,3,48,auprc,0.2044046840953511
1478,1478,,guo_readmission,guo_readmission,clinicalbert_type3_mean_pool,lr_lbfgs,3,48,brier,0.2260905182874382
1479,1479,,guo_readmission,guo_readmission,clinicalbert_type3_mean_pool,lr_lbfgs,4,48,auroc,0.7149539418590741
1480,1480,,guo_readmission,guo_readmission,clinicalbert_type3_mean_pool,lr_lbfgs,4,48,auprc,0.2173809223578497
1481,1481,,guo_readmission,guo_readmission,clinicalbert_type3_mean_pool,lr_lbfgs,4,48,brier,0.2154135912088837
1482,1482,,guo_readmission,guo_readmission,clinicalbert_type3_mean_pool,lr_lbfgs,0,64,auroc,0.6807313474498545
1483,1483,,guo_readmission,guo_readmission,clinicalbert_type3_mean_pool,lr_lbfgs,0,64,auprc,0.2090113610923747
1484,1484,,guo_readmission,guo_readmission,clinicalbert_type3_mean_pool,lr_lbfgs,0,64,brier,0.2319202023197767
1485,1485,,guo_readmission,guo_readmission,clinicalbert_type3_mean_pool,lr_lbfgs,1,64,auroc,0.6570163895202775
1486,1486,,guo_readmission,guo_readmission,clinicalbert_type3_mean_pool,lr_lbfgs,1,64,auprc,0.188819233465899
1487,1487,,guo_readmission,guo_readmission,clinicalbert_type3_mean_pool,lr_lbfgs,1,64,brier,0.2499993537837985
1488,1488,,guo_readmission,guo_readmission,clinicalbert_type3_mean_pool,lr_lbfgs,2,64,auroc,0.7124975076763569
1489,1489,,guo_readmission,guo_readmission,clinicalbert_type3_mean_pool,lr_lbfgs,2,64,auprc,0.2114233240180008
1490,1490,,guo_readmission,guo_readmission,clinicalbert_type3_mean_pool,lr_lbfgs,2,64,brier,0.200339536705022
1491,1491,,guo_readmission,guo_readmission,clinicalbert_type3_mean_pool,lr_lbfgs,3,64,auroc,0.7046377158352276
1492,1492,,guo_readmission,guo_readmission,clinicalbert_type3_mean_pool,lr_lbfgs,3,64,auprc,0.2113864637772377
1493,1493,,guo_readmission,guo_readmission,clinicalbert_type3_mean_pool,lr_lbfgs,3,64,brier,0.2260519664767588
1494,1494,,guo_readmission,guo_readmission,clinicalbert_type3_mean_pool,lr_lbfgs,4,64,auroc,0.6598157674362962
1495,1495,,guo_readmission,guo_readmission,clinicalbert_type3_mean_pool,lr_lbfgs,4,64,auprc,0.1928737024318068
1496,1496,,guo_readmission,guo_readmission,clinicalbert_type3_mean_pool,lr_lbfgs,4,64,brier,0.2427617936078756
1497,1497,,guo_readmission,guo_readmission,clinicalbert_type3_mean_pool,lr_lbfgs,0,128,auroc,0.7093950632053276
1498,1498,,guo_readmission,guo_readmission,clinicalbert_type3_mean_pool,lr_lbfgs,0,128,auprc,0.2127844153793061
1499,1499,,guo_readmission,guo_readmission,clinicalbert_type3_mean_pool,lr_lbfgs,0,128,brier,0.2130609322827555
1500,1500,,guo_readmission,guo_readmission,clinicalbert_type3_mean_pool,lr_lbfgs,1,128,auroc,0.7216772341189137
1501,1501,,guo_readmission,guo_readmission,clinicalbert_type3_mean_pool,lr_lbfgs,1,128,auprc,0.227605386691689
1502,1502,,guo_readmission,guo_readmission,clinicalbert_type3_mean_pool,lr_lbfgs,1,128,brier,0.1993207664789396
1503,1503,,guo_readmission,guo_readmission,clinicalbert_type3_mean_pool,lr_lbfgs,2,128,auroc,0.7000737727798381
1504,1504,,guo_readmission,guo_readmission,clinicalbert_type3_mean_pool,lr_lbfgs,2,128,auprc,0.2001994153841935
1505,1505,,guo_readmission,guo_readmission,clinicalbert_type3_mean_pool,lr_lbfgs,2,128,brier,0.2074837099045646
1506,1506,,guo_readmission,guo_readmission,clinicalbert_type3_mean_pool,lr_lbfgs,3,128,auroc,0.6756430194999402
1507,1507,,guo_readmission,guo_readmission,clinicalbert_type3_mean_pool,lr_lbfgs,3,128,auprc,0.1960298741336457
1508,1508,,guo_readmission,guo_readmission,clinicalbert_type3_mean_pool,lr_lbfgs,3,128,brier,0.2289682561955181
1509,1509,,guo_readmission,guo_readmission,clinicalbert_type3_mean_pool,lr_lbfgs,4,128,auroc,0.6642780236870438
1510,1510,,guo_readmission,guo_readmission,clinicalbert_type3_mean_pool,lr_lbfgs,4,128,auprc,0.1951340161862818
1511,1511,,guo_readmission,guo_readmission,clinicalbert_type3_mean_pool,lr_lbfgs,4,128,brier,0.2347193809251125
1512,1512,,guo_readmission,guo_readmission,clinicalbert_type3_mean_pool,knn,0,-1,auroc,0.5612294134067073
1513,1513,,guo_readmission,guo_readmission,clinicalbert_type3_mean_pool,knn,0,-1,auprc,0.1489863223320149
1514,1514,,guo_readmission,guo_readmission,clinicalbert_type3_mean_pool,knn,0,-1,brier,0.1215576060906555
1515,1515,,guo_readmission,guo_readmission,clinicalbert_type3_mean_pool,knn,0,1,auroc,0.5995763049806595
1516,1516,,guo_readmission,guo_readmission,clinicalbert_type3_mean_pool,knn,0,1,auprc,0.1448648081473307
1517,1517,,guo_readmission,guo_readmission,clinicalbert_type3_mean_pool,knn,0,1,brier,0.6089538602101416
1518,1518,,guo_readmission,guo_readmission,clinicalbert_type3_mean_pool,knn,1,1,auroc,0.4783018303624836
1519,1519,,guo_readmission,guo_readmission,clinicalbert_type3_mean_pool,knn,1,1,auprc,0.1160441317476493
1520,1520,,guo_readmission,guo_readmission,clinicalbert_type3_mean_pool,knn,1,1,brier,0.2010050251256281
1521,1521,,guo_readmission,guo_readmission,clinicalbert_type3_mean_pool,knn,2,1,auroc,0.4180214937990988
1522,1522,,guo_readmission,guo_readmission,clinicalbert_type3_mean_pool,knn,2,1,auprc,0.1056802424421418
1523,1523,,guo_readmission,guo_readmission,clinicalbert_type3_mean_pool,knn,2,1,brier,0.6180904522613065
1524,1524,,guo_readmission,guo_readmission,clinicalbert_type3_mean_pool,knn,3,1,auroc,0.6060254416397496
1525,1525,,guo_readmission,guo_readmission,clinicalbert_type3_mean_pool,knn,3,1,auprc,0.1518174290422629
1526,1526,,guo_readmission,guo_readmission,clinicalbert_type3_mean_pool,knn,3,1,brier,0.3659205116491548
1527,1527,,guo_readmission,guo_readmission,clinicalbert_type3_mean_pool,knn,4,1,auroc,0.5397057064242134
1528,1528,,guo_readmission,guo_readmission,clinicalbert_type3_mean_pool,knn,4,1,auprc,0.1298982291627637
1529,1529,,guo_readmission,guo_readmission,clinicalbert_type3_mean_pool,knn,4,1,brier,0.2599360438556418
1530,1530,,guo_readmission,guo_readmission,clinicalbert_type3_mean_pool,knn,0,2,auroc,0.5018144116122343
1531,1531,,guo_readmission,guo_readmission,clinicalbert_type3_mean_pool,knn,0,2,auprc,0.1191567369385884
1532,1532,,guo_readmission,guo_readmission,clinicalbert_type3_mean_pool,knn,0,2,brier,0.4037866098167605
1533,1533,,guo_readmission,guo_readmission,clinicalbert_type3_mean_pool,knn,1,2,auroc,0.4595555688479483
1534,1534,,guo_readmission,guo_readmission,clinicalbert_type3_mean_pool,knn,1,2,auprc,0.11448979984458
1535,1535,,guo_readmission,guo_readmission,clinicalbert_type3_mean_pool,knn,1,2,brier,0.2457743261763362
1536,1536,,guo_readmission,guo_readmission,clinicalbert_type3_mean_pool,knn,2,2,auroc,0.4969992423336125
1537,1537,,guo_readmission,guo_readmission,clinicalbert_type3_mean_pool,knn,2,2,auprc,0.1181512630570032
1538,1538,,guo_readmission,guo_readmission,clinicalbert_type3_mean_pool,knn,2,2,brier,0.7985381452718137
1539,1539,,guo_readmission,guo_readmission,clinicalbert_type3_mean_pool,knn,3,2,auroc,0.5277654823144714
1540,1540,,guo_readmission,guo_readmission,clinicalbert_type3_mean_pool,knn,3,2,auprc,0.1257038035000427
1541,1541,,guo_readmission,guo_readmission,clinicalbert_type3_mean_pool,knn,3,2,brier,0.3015075376884422
1542,1542,,guo_readmission,guo_readmission,clinicalbert_type3_mean_pool,knn,4,2,auroc,0.5455985564461459
1543,1543,,guo_readmission,guo_readmission,clinicalbert_type3_mean_pool,knn,4,2,auprc,0.1301325787665252
1544,1544,,guo_readmission,guo_readmission,clinicalbert_type3_mean_pool,knn,4,2,brier,0.4225673823663773
1545,1545,,guo_readmission,guo_readmission,clinicalbert_type3_mean_pool,knn,0,4,auroc,0.5363510388004945
1546,1546,,guo_readmission,guo_readmission,clinicalbert_type3_mean_pool,knn,0,4,auprc,0.1275340264670662
1547,1547,,guo_readmission,guo_readmission,clinicalbert_type3_mean_pool,knn,0,4,brier,0.4271356783919598
1548,1548,,guo_readmission,guo_readmission,clinicalbert_type3_mean_pool,knn,1,4,auroc,0.5577311879411413
1549,1549,,guo_readmission,guo_readmission,clinicalbert_type3_mean_pool,knn,1,4,auprc,0.1342424535263731
1550,1550,,guo_readmission,guo_readmission,clinicalbert_type3_mean_pool,knn,1,4,brier,0.371859296482412
1551,1551,,guo_readmission,guo_readmission,clinicalbert_type3_mean_pool,knn,2,4,auroc,0.6070642421342265
1552,1552,,guo_readmission,guo_readmission,clinicalbert_type3_mean_pool,knn,2,4,auprc,0.1523732223048934
1553,1553,,guo_readmission,guo_readmission,clinicalbert_type3_mean_pool,knn,2,4,brier,0.2471265417999086
1554,1554,,guo_readmission,guo_readmission,clinicalbert_type3_mean_pool,knn,3,4,auroc,0.6407275591179168
1555,1555,,guo_readmission,guo_readmission,clinicalbert_type3_mean_pool,knn,3,4,auprc,0.1646493991576706
1556,1556,,guo_readmission,guo_readmission,clinicalbert_type3_mean_pool,knn,3,4,brier,0.2922694279478199
1557,1557,,guo_readmission,guo_readmission,clinicalbert_type3_mean_pool,knn,4,4,auroc,0.6479323683056186
1558,1558,,guo_readmission,guo_readmission,clinicalbert_type3_mean_pool,knn,4,4,auprc,0.1764257421955001
1559,1559,,guo_readmission,guo_readmission,clinicalbert_type3_mean_pool,knn,4,4,brier,0.2712251112322405
1560,1560,,guo_readmission,guo_readmission,clinicalbert_type3_mean_pool,knn,0,8,auroc,0.6118724329066476
1561,1561,,guo_readmission,guo_readmission,clinicalbert_type3_mean_pool,knn,0,8,auprc,0.1548862271808978
1562,1562,,guo_readmission,guo_readmission,clinicalbert_type3_mean_pool,knn,0,8,brier,0.2577534135323079
1563,1563,,guo_readmission,guo_readmission,clinicalbert_type3_mean_pool,knn,1,8,auroc,0.6493719344419188
1564,1564,,guo_readmission,guo_readmission,clinicalbert_type3_mean_pool,knn,1,8,auprc,0.1670528840077376
1565,1565,,guo_readmission,guo_readmission,clinicalbert_type3_mean_pool,knn,1,8,brier,0.2510711215842324
1566,1566,,guo_readmission,guo_readmission,clinicalbert_type3_mean_pool,knn,2,8,auroc,0.6509191689596046
1567,1567,,guo_readmission,guo_readmission,clinicalbert_type3_mean_pool,knn,2,8,auprc,0.1745666486569901
1568,1568,,guo_readmission,guo_readmission,clinicalbert_type3_mean_pool,knn,2,8,brier,0.2877011319222374
1569,1569,,guo_readmission,guo_readmission,clinicalbert_type3_mean_pool,knn,3,8,auroc,0.5895481915699645
1570,1570,,guo_readmission,guo_readmission,clinicalbert_type3_mean_pool,knn,3,8,auprc,0.1354517456100216
1571,1571,,guo_readmission,guo_readmission,clinicalbert_type3_mean_pool,knn,3,8,brier,0.3299760054801952
1572,1572,,guo_readmission,guo_readmission,clinicalbert_type3_mean_pool,knn,4,8,auroc,0.6231636559397057
1573,1573,,guo_readmission,guo_readmission,clinicalbert_type3_mean_pool,knn,4,8,auprc,0.1543717642785922
1574,1574,,guo_readmission,guo_readmission,clinicalbert_type3_mean_pool,knn,4,8,brier,0.2766357037713821
1575,1575,,guo_readmission,guo_readmission,clinicalbert_type3_mean_pool,knn,0,12,auroc,0.5196046177772461
1576,1576,,guo_readmission,guo_readmission,clinicalbert_type3_mean_pool,knn,0,12,auprc,0.1371347144469418
1577,1577,,guo_readmission,guo_readmission,clinicalbert_type3_mean_pool,knn,0,12,brier,0.2641972135893245
1578,1578,,guo_readmission,guo_readmission,clinicalbert_type3_mean_pool,knn,1,12,auroc,0.6234417992582846
1579,1579,,guo_readmission,guo_readmission,clinicalbert_type3_mean_pool,knn,1,12,auprc,0.1513143588656294
1580,1580,,guo_readmission,guo_readmission,clinicalbert_type3_mean_pool,knn,1,12,brier,0.2660985203323836
1581,1581,,guo_readmission,guo_readmission,clinicalbert_type3_mean_pool,knn,2,12,auroc,0.6441719503927902
1582,1582,,guo_readmission,guo_readmission,clinicalbert_type3_mean_pool,knn,2,12,auprc,0.1957630656998394
1583,1583,,guo_readmission,guo_readmission,clinicalbert_type3_mean_pool,knn,2,12,brier,0.3320237551393331
1584,1584,,guo_readmission,guo_readmission,clinicalbert_type3_mean_pool,knn,3,12,auroc,0.6297254456274675
1585,1585,,guo_readmission,guo_readmission,clinicalbert_type3_mean_pool,knn,3,12,auprc,0.1544673508762806
1586,1586,,guo_readmission,guo_readmission,clinicalbert_type3_mean_pool,knn,3,12,brier,0.3256610162491556
1587,1587,,guo_readmission,guo_readmission,clinicalbert_type3_mean_pool,knn,4,12,auroc,0.6522560513618058
1588,1588,,guo_readmission,guo_readmission,clinicalbert_type3_mean_pool,knn,4,12,auprc,0.1733521246910487
1589,1589,,guo_readmission,guo_readmission,clinicalbert_type3_mean_pool,knn,4,12,brier,0.2634262220191868
1590,1590,,guo_readmission,guo_readmission,clinicalbert_type3_mean_pool,knn,0,16,auroc,0.5084240539139451
1591,1591,,guo_readmission,guo_readmission,clinicalbert_type3_mean_pool,knn,0,16,auprc,0.1205931214022518
1592,1592,,guo_readmission,guo_readmission,clinicalbert_type3_mean_pool,knn,0,16,brier,0.485153037916857
1593,1593,,guo_readmission,guo_readmission,clinicalbert_type3_mean_pool,knn,1,16,auroc,0.6550494477010806
1594,1594,,guo_readmission,guo_readmission,clinicalbert_type3_mean_pool,knn,1,16,auprc,0.1666411843724682
1595,1595,,guo_readmission,guo_readmission,clinicalbert_type3_mean_pool,knn,1,16,brier,0.2596628987914646
1596,1596,,guo_readmission,guo_readmission,clinicalbert_type3_mean_pool,knn,2,16,auroc,0.648679068469115
1597,1597,,guo_readmission,guo_readmission,clinicalbert_type3_mean_pool,knn,2,16,auprc,0.1952936986878375
1598,1598,,guo_readmission,guo_readmission,clinicalbert_type3_mean_pool,knn,2,16,brier,0.2860118775696665
1599,1599,,guo_readmission,guo_readmission,clinicalbert_type3_mean_pool,knn,3,16,auroc,0.6583961398891414
1600,1600,,guo_readmission,guo_readmission,clinicalbert_type3_mean_pool,knn,3,16,auprc,0.1710310070130737
1601,1601,,guo_readmission,guo_readmission,clinicalbert_type3_mean_pool,knn,3,16,brier,0.3078483325719507
1602,1602,,guo_readmission,guo_readmission,clinicalbert_type3_mean_pool,knn,4,16,auroc,0.6341478246999243
1603,1603,,guo_readmission,guo_readmission,clinicalbert_type3_mean_pool,knn,4,16,auprc,0.1671166362000533
1604,1604,,guo_readmission,guo_readmission,clinicalbert_type3_mean_pool,knn,4,16,brier,0.2910116191592031
1605,1605,,guo_readmission,guo_readmission,clinicalbert_type3_mean_pool,knn,0,24,auroc,0.6430673525541333
1606,1606,,guo_readmission,guo_readmission,clinicalbert_type3_mean_pool,knn,0,24,auprc,0.1776614823394311
1607,1607,,guo_readmission,guo_readmission,clinicalbert_type3_mean_pool,knn,0,24,brier,0.3245043542531818
1608,1608,,guo_readmission,guo_readmission,clinicalbert_type3_mean_pool,knn,1,24,auroc,0.6524564341827173
1609,1609,,guo_readmission,guo_readmission,clinicalbert_type3_mean_pool,knn,1,24,auprc,0.1692359216931281
1610,1610,,guo_readmission,guo_readmission,clinicalbert_type3_mean_pool,knn,1,24,brier,0.2765463682046596
1611,1611,,guo_readmission,guo_readmission,clinicalbert_type3_mean_pool,knn,2,24,auroc,0.657502891095426
1612,1612,,guo_readmission,guo_readmission,clinicalbert_type3_mean_pool,knn,2,24,auprc,0.2070279987215095
1613,1613,,guo_readmission,guo_readmission,clinicalbert_type3_mean_pool,knn,2,24,brier,0.2554417720625548
1614,1614,,guo_readmission,guo_readmission,clinicalbert_type3_mean_pool,knn,3,24,auroc,0.6301750608126968
1615,1615,,guo_readmission,guo_readmission,clinicalbert_type3_mean_pool,knn,3,24,auprc,0.1546772336444074
1616,1616,,guo_readmission,guo_readmission,clinicalbert_type3_mean_pool,knn,3,24,brier,0.3254301268126506
1617,1617,,guo_readmission,guo_readmission,clinicalbert_type3_mean_pool,knn,4,24,auroc,0.5466852095545719
1618,1618,,guo_readmission,guo_readmission,clinicalbert_type3_mean_pool,knn,4,24,auprc,0.1302965703860445
1619,1619,,guo_readmission,guo_readmission,clinicalbert_type3_mean_pool,knn,4,24,brier,0.4499771585198721
1620,1620,,guo_readmission,guo_readmission,clinicalbert_type3_mean_pool,knn,0,32,auroc,0.66040993739283
1621,1621,,guo_readmission,guo_readmission,clinicalbert_type3_mean_pool,knn,0,32,auprc,0.1830244596687147
1622,1622,,guo_readmission,guo_readmission,clinicalbert_type3_mean_pool,knn,0,32,brier,0.3029511192325263
1623,1623,,guo_readmission,guo_readmission,clinicalbert_type3_mean_pool,knn,1,32,auroc,0.6589015831239782
1624,1624,,guo_readmission,guo_readmission,clinicalbert_type3_mean_pool,knn,1,32,auprc,0.1729095622402781
1625,1625,,guo_readmission,guo_readmission,clinicalbert_type3_mean_pool,knn,1,32,brier,0.2986751941525811
1626,1626,,guo_readmission,guo_readmission,clinicalbert_type3_mean_pool,knn,2,32,auroc,0.6614577102524225
1627,1627,,guo_readmission,guo_readmission,clinicalbert_type3_mean_pool,knn,2,32,auprc,0.1886816708033089
1628,1628,,guo_readmission,guo_readmission,clinicalbert_type3_mean_pool,knn,2,32,brier,0.2553677478300594
1629,1629,,guo_readmission,guo_readmission,clinicalbert_type3_mean_pool,knn,3,32,auroc,0.643286677034733
1630,1630,,guo_readmission,guo_readmission,clinicalbert_type3_mean_pool,knn,3,32,auprc,0.1602412125946945
1631,1631,,guo_readmission,guo_readmission,clinicalbert_type3_mean_pool,knn,3,32,brier,0.3240593213514375
1632,1632,,guo_readmission,guo_readmission,clinicalbert_type3_mean_pool,knn,4,32,auroc,0.5915181241775332
1633,1633,,guo_readmission,guo_readmission,clinicalbert_type3_mean_pool,knn,4,32,auprc,0.1447388339595856
1634,1634,,guo_readmission,guo_readmission,clinicalbert_type3_mean_pool,knn,4,32,brier,0.4266788487894015
1635,1635,,guo_readmission,guo_readmission,clinicalbert_type3_mean_pool,knn,0,48,auroc,0.6598277305897835
1636,1636,,guo_readmission,guo_readmission,clinicalbert_type3_mean_pool,knn,0,48,auprc,0.1849678599086127
1637,1637,,guo_readmission,guo_readmission,clinicalbert_type3_mean_pool,knn,0,48,brier,0.3053376014589565
1638,1638,,guo_readmission,guo_readmission,clinicalbert_type3_mean_pool,knn,1,48,auroc,0.6826115564062687
1639,1639,,guo_readmission,guo_readmission,clinicalbert_type3_mean_pool,knn,1,48,auprc,0.2067376117958605
1640,1640,,guo_readmission,guo_readmission,clinicalbert_type3_mean_pool,knn,1,48,brier,0.2664778437642759
1641,1641,,guo_readmission,guo_readmission,clinicalbert_type3_mean_pool,knn,2,48,auroc,0.6635502651832357
1642,1642,,guo_readmission,guo_readmission,clinicalbert_type3_mean_pool,knn,2,48,auprc,0.2032762390739913
1643,1643,,guo_readmission,guo_readmission,clinicalbert_type3_mean_pool,knn,2,48,brier,0.2394181985620787
1644,1644,,guo_readmission,guo_readmission,clinicalbert_type3_mean_pool,knn,3,48,auroc,0.6289986840531164
1645,1645,,guo_readmission,guo_readmission,clinicalbert_type3_mean_pool,knn,3,48,auprc,0.1561508676344432
1646,1646,,guo_readmission,guo_readmission,clinicalbert_type3_mean_pool,knn,3,48,brier,0.3314069543209984
1647,1647,,guo_readmission,guo_readmission,clinicalbert_type3_mean_pool,knn,4,48,auroc,0.6655451210272361
1648,1648,,guo_readmission,guo_readmission,clinicalbert_type3_mean_pool,knn,4,48,auprc,0.1988943684232904
1649,1649,,guo_readmission,guo_readmission,clinicalbert_type3_mean_pool,knn,4,48,brier,0.2626952887261889
1650,1650,,guo_readmission,guo_readmission,clinicalbert_type3_mean_pool,knn,0,64,auroc,0.6858735095904614
1651,1651,,guo_readmission,guo_readmission,clinicalbert_type3_mean_pool,knn,0,64,auprc,0.1904985082443081
1652,1652,,guo_readmission,guo_readmission,clinicalbert_type3_mean_pool,knn,0,64,brier,0.2804933759707629
1653,1653,,guo_readmission,guo_readmission,clinicalbert_type3_mean_pool,knn,1,64,auroc,0.6885024125692867
1654,1654,,guo_readmission,guo_readmission,clinicalbert_type3_mean_pool,knn,1,64,auprc,0.2092577251563749
1655,1655,,guo_readmission,guo_readmission,clinicalbert_type3_mean_pool,knn,1,64,brier,0.2527181361352216
1656,1656,,guo_readmission,guo_readmission,clinicalbert_type3_mean_pool,knn,2,64,auroc,0.6699605215934921
1657,1657,,guo_readmission,guo_readmission,clinicalbert_type3_mean_pool,knn,2,64,auprc,0.1901518791309887
1658,1658,,guo_readmission,guo_readmission,clinicalbert_type3_mean_pool,knn,2,64,brier,0.2194233912953399
1659,1659,,guo_readmission,guo_readmission,clinicalbert_type3_mean_pool,knn,3,64,auroc,0.627609961319137
1660,1660,,guo_readmission,guo_readmission,clinicalbert_type3_mean_pool,knn,3,64,auprc,0.1570929830298373
1661,1661,,guo_readmission,guo_readmission,clinicalbert_type3_mean_pool,knn,3,64,brier,0.3462260798944216
1662,1662,,guo_readmission,guo_readmission,clinicalbert_type3_mean_pool,knn,4,64,auroc,0.6746042190054633
1663,1663,,guo_readmission,guo_readmission,clinicalbert_type3_mean_pool,knn,4,64,auprc,0.2131837375594302
1664,1664,,guo_readmission,guo_readmission,clinicalbert_type3_mean_pool,knn,4,64,brier,0.2633128441008714
1665,1665,,guo_readmission,guo_readmission,clinicalbert_type3_mean_pool,knn,0,128,auroc,0.6882462016987678
1666,1666,,guo_readmission,guo_readmission,clinicalbert_type3_mean_pool,knn,0,128,auprc,0.2098949191351355
1667,1667,,guo_readmission,guo_readmission,clinicalbert_type3_mean_pool,knn,0,128,brier,0.2698438578287972
1668,1668,,guo_readmission,guo_readmission,clinicalbert_type3_mean_pool,knn,1,128,auroc,0.6914303943852933
1669,1669,,guo_readmission,guo_readmission,clinicalbert_type3_mean_pool,knn,1,128,auprc,0.2304145724963737
1670,1670,,guo_readmission,guo_readmission,clinicalbert_type3_mean_pool,knn,1,128,brier,0.2426437792137326
1671,1671,,guo_readmission,guo_readmission,clinicalbert_type3_mean_pool,knn,2,128,auroc,0.655748295250628
1672,1672,,guo_readmission,guo_readmission,clinicalbert_type3_mean_pool,knn,2,128,auprc,0.1889600017337593
1673,1673,,guo_readmission,guo_readmission,clinicalbert_type3_mean_pool,knn,2,128,brier,0.2362863288834649
1674,1674,,guo_readmission,guo_readmission,clinicalbert_type3_mean_pool,knn,3,128,auroc,0.6192018582765084
1675,1675,,guo_readmission,guo_readmission,clinicalbert_type3_mean_pool,knn,3,128,auprc,0.1528632011420191
1676,1676,,guo_readmission,guo_readmission,clinicalbert_type3_mean_pool,knn,3,128,brier,0.2907811786203746
1677,1677,,guo_readmission,guo_readmission,clinicalbert_type3_mean_pool,knn,4,128,auroc,0.6873689037763687
1678,1678,,guo_readmission,guo_readmission,clinicalbert_type3_mean_pool,knn,4,128,auprc,0.2192833799584938
1679,1679,,guo_readmission,guo_readmission,clinicalbert_type3_mean_pool,knn,4,128,brier,0.2411146642302421
1680,1680,,guo_readmission,guo_readmission,clinicalbert_type3_mean_pool,rf,0,-1,auroc,0.6924701918092276
1681,1681,,guo_readmission,guo_readmission,clinicalbert_type3_mean_pool,rf,0,-1,auprc,0.2074654435707523
1682,1682,,guo_readmission,guo_readmission,clinicalbert_type3_mean_pool,rf,0,-1,brier,0.0999849863176547
1683,1683,,guo_readmission,guo_readmission,clinicalbert_type3_mean_pool,rf,0,1,auroc,0.6440184232563704
1684,1684,,guo_readmission,guo_readmission,clinicalbert_type3_mean_pool,rf,0,1,auprc,0.1706458979380105
1685,1685,,guo_readmission,guo_readmission,clinicalbert_type3_mean_pool,rf,0,1,brier,0.3003159433531293
1686,1686,,guo_readmission,guo_readmission,clinicalbert_type3_mean_pool,rf,1,1,auroc,0.5080452207201819
1687,1687,,guo_readmission,guo_readmission,clinicalbert_type3_mean_pool,rf,1,1,auprc,0.1197674859563032
1688,1688,,guo_readmission,guo_readmission,clinicalbert_type3_mean_pool,rf,1,1,brier,0.3176907263590681
1689,1689,,guo_readmission,guo_readmission,clinicalbert_type3_mean_pool,rf,2,1,auroc,0.3872572476771544
1690,1690,,guo_readmission,guo_readmission,clinicalbert_type3_mean_pool,rf,2,1,auprc,0.0956562968823716
1691,1691,,guo_readmission,guo_readmission,clinicalbert_type3_mean_pool,rf,2,1,brier,0.4418227501142074
1692,1692,,guo_readmission,guo_readmission,clinicalbert_type3_mean_pool,rf,3,1,auroc,0.6039209235554492
1693,1693,,guo_readmission,guo_readmission,clinicalbert_type3_mean_pool,rf,3,1,auprc,0.1535663178013342
1694,1694,,guo_readmission,guo_readmission,clinicalbert_type3_mean_pool,rf,3,1,brier,0.3675011420740064
1695,1695,,guo_readmission,guo_readmission,clinicalbert_type3_mean_pool,rf,4,1,auroc,0.5598945248634207
1696,1696,,guo_readmission,guo_readmission,clinicalbert_type3_mean_pool,rf,4,1,auprc,0.1399666931278042
1697,1697,,guo_readmission,guo_readmission,clinicalbert_type3_mean_pool,rf,4,1,brier,0.29353928734582
1698,1698,,guo_readmission,guo_readmission,clinicalbert_type3_mean_pool,rf,0,2,auroc,0.5746989273039039
1699,1699,,guo_readmission,guo_readmission,clinicalbert_type3_mean_pool,rf,0,2,auprc,0.1460674749315015
1700,1700,,guo_readmission,guo_readmission,clinicalbert_type3_mean_pool,rf,0,2,brier,0.2573721790772042
1701,1701,,guo_readmission,guo_readmission,clinicalbert_type3_mean_pool,rf,1,2,auroc,0.4248544482992383
1702,1702,,guo_readmission,guo_readmission,clinicalbert_type3_mean_pool,rf,1,2,auprc,0.0996404212599111
1703,1703,,guo_readmission,guo_readmission,clinicalbert_type3_mean_pool,rf,1,2,brier,0.2587014618547282
1704,1704,,guo_readmission,guo_readmission,clinicalbert_type3_mean_pool,rf,2,2,auroc,0.4848516568967579
1705,1705,,guo_readmission,guo_readmission,clinicalbert_type3_mean_pool,rf,2,2,auprc,0.1142261640690365
1706,1706,,guo_readmission,guo_readmission,clinicalbert_type3_mean_pool,rf,2,2,brier,0.3124577432617634
1707,1707,,guo_readmission,guo_readmission,clinicalbert_type3_mean_pool,rf,3,2,auroc,0.6196066116361605
1708,1708,,guo_readmission,guo_readmission,clinicalbert_type3_mean_pool,rf,3,2,auprc,0.175846583533967
1709,1709,,guo_readmission,guo_readmission,clinicalbert_type3_mean_pool,rf,3,2,brier,0.2105562357240749
1710,1710,,guo_readmission,guo_readmission,clinicalbert_type3_mean_pool,rf,4,2,auroc,0.5895631455118236
1711,1711,,guo_readmission,guo_readmission,clinicalbert_type3_mean_pool,rf,4,2,auprc,0.1466266450200773
1712,1712,,guo_readmission,guo_readmission,clinicalbert_type3_mean_pool,rf,4,2,brier,0.3306806761078117
1713,1713,,guo_readmission,guo_readmission,clinicalbert_type3_mean_pool,rf,0,4,auroc,0.6216174183514775
1714,1714,,guo_readmission,guo_readmission,clinicalbert_type3_mean_pool,rf,0,4,auprc,0.160568964369165
1715,1715,,guo_readmission,guo_readmission,clinicalbert_type3_mean_pool,rf,0,4,brier,0.2358154408405665
1716,1716,,guo_readmission,guo_readmission,clinicalbert_type3_mean_pool,rf,1,4,auroc,0.5533935478725526
1717,1717,,guo_readmission,guo_readmission,clinicalbert_type3_mean_pool,rf,1,4,auprc,0.1344568381854691
1718,1718,,guo_readmission,guo_readmission,clinicalbert_type3_mean_pool,rf,1,4,brier,0.3538510735495659
1719,1719,,guo_readmission,guo_readmission,clinicalbert_type3_mean_pool,rf,2,4,auroc,0.6359283407106113
1720,1720,,guo_readmission,guo_readmission,clinicalbert_type3_mean_pool,rf,2,4,auprc,0.1658939161645826
1721,1721,,guo_readmission,guo_readmission,clinicalbert_type3_mean_pool,rf,2,4,brier,0.3239424394700776
1722,1722,,guo_readmission,guo_readmission,clinicalbert_type3_mean_pool,rf,3,4,auroc,0.6312916218048411
1723,1723,,guo_readmission,guo_readmission,clinicalbert_type3_mean_pool,rf,3,4,auprc,0.1651343680611754
1724,1724,,guo_readmission,guo_readmission,clinicalbert_type3_mean_pool,rf,3,4,brier,0.3174920054819552
1725,1725,,guo_readmission,guo_readmission,clinicalbert_type3_mean_pool,rf,4,4,auroc,0.624325078757427
1726,1726,,guo_readmission,guo_readmission,clinicalbert_type3_mean_pool,rf,4,4,auprc,0.1553903523086463
1727,1727,,guo_readmission,guo_readmission,clinicalbert_type3_mean_pool,rf,4,4,brier,0.3459010963910461
1728,1728,,guo_readmission,guo_readmission,clinicalbert_type3_mean_pool,rf,0,8,auroc,0.6472404992622721
1729,1729,,guo_readmission,guo_readmission,clinicalbert_type3_mean_pool,rf,0,8,auprc,0.1821659062738921
1730,1730,,guo_readmission,guo_readmission,clinicalbert_type3_mean_pool,rf,0,8,brier,0.2376153494746459
1731,1731,,guo_readmission,guo_readmission,clinicalbert_type3_mean_pool,rf,1,8,auroc,0.6032848825617101
1732,1732,,guo_readmission,guo_readmission,clinicalbert_type3_mean_pool,rf,1,8,auprc,0.1473470229938207
1733,1733,,guo_readmission,guo_readmission,clinicalbert_type3_mean_pool,rf,1,8,brier,0.2914709913202375
1734,1734,,guo_readmission,guo_readmission,clinicalbert_type3_mean_pool,rf,2,8,auroc,0.6844189895123021
1735,1735,,guo_readmission,guo_readmission,clinicalbert_type3_mean_pool,rf,2,8,auprc,0.2073731364731996
1736,1736,,guo_readmission,guo_readmission,clinicalbert_type3_mean_pool,rf,2,8,brier,0.1923926450433988
1737,1737,,guo_readmission,guo_readmission,clinicalbert_type3_mean_pool,rf,3,8,auroc,0.6558539697730988
1738,1738,,guo_readmission,guo_readmission,clinicalbert_type3_mean_pool,rf,3,8,auprc,0.1730692326003266
1739,1739,,guo_readmission,guo_readmission,clinicalbert_type3_mean_pool,rf,3,8,brier,0.2586359068067611
1740,1740,,guo_readmission,guo_readmission,clinicalbert_type3_mean_pool,rf,4,8,auroc,0.6161841528093472
1741,1741,,guo_readmission,guo_readmission,clinicalbert_type3_mean_pool,rf,4,8,auprc,0.1555145056850051
1742,1742,,guo_readmission,guo_readmission,clinicalbert_type3_mean_pool,rf,4,8,brier,0.306706258565555
1743,1743,,guo_readmission,guo_readmission,clinicalbert_type3_mean_pool,rf,0,12,auroc,0.6398093870877697
1744,1744,,guo_readmission,guo_readmission,clinicalbert_type3_mean_pool,rf,0,12,auprc,0.1675260769751135
1745,1745,,guo_readmission,guo_readmission,clinicalbert_type3_mean_pool,rf,0,12,brier,0.2274344449520329
1746,1746,,guo_readmission,guo_readmission,clinicalbert_type3_mean_pool,rf,1,12,auroc,0.6325477529210033
1747,1747,,guo_readmission,guo_readmission,clinicalbert_type3_mean_pool,rf,1,12,auprc,0.1623081374670342
1748,1748,,guo_readmission,guo_readmission,clinicalbert_type3_mean_pool,rf,1,12,brier,0.2423663773412517
1749,1749,,guo_readmission,guo_readmission,clinicalbert_type3_mean_pool,rf,2,12,auroc,0.6797553535111855
1750,1750,,guo_readmission,guo_readmission,clinicalbert_type3_mean_pool,rf,2,12,auprc,0.2013598227916202
1751,1751,,guo_readmission,guo_readmission,clinicalbert_type3_mean_pool,rf,2,12,brier,0.2077249885792599
1752,1752,,guo_readmission,guo_readmission,clinicalbert_type3_mean_pool,rf,3,12,auroc,0.7023956214858237
1753,1753,,guo_readmission,guo_readmission,clinicalbert_type3_mean_pool,rf,3,12,auprc,0.2096325428825419
1754,1754,,guo_readmission,guo_readmission,clinicalbert_type3_mean_pool,rf,3,12,brier,0.2533953860210142
1755,1755,,guo_readmission,guo_readmission,clinicalbert_type3_mean_pool,rf,4,12,auroc,0.631265701638952
1756,1756,,guo_readmission,guo_readmission,clinicalbert_type3_mean_pool,rf,4,12,auprc,0.1718918651430693
1757,1757,,guo_readmission,guo_readmission,clinicalbert_type3_mean_pool,rf,4,12,brier,0.2664470077661032
1758,1758,,guo_readmission,guo_readmission,clinicalbert_type3_mean_pool,rf,0,16,auroc,0.6574829525062806
1759,1759,,guo_readmission,guo_readmission,clinicalbert_type3_mean_pool,rf,0,16,auprc,0.1794346065713097
1760,1760,,guo_readmission,guo_readmission,clinicalbert_type3_mean_pool,rf,0,16,brier,0.2282898126998629
1761,1761,,guo_readmission,guo_readmission,clinicalbert_type3_mean_pool,rf,1,16,auroc,0.6373449774693943
1762,1762,,guo_readmission,guo_readmission,clinicalbert_type3_mean_pool,rf,1,16,auprc,0.1608444763568927
1763,1763,,guo_readmission,guo_readmission,clinicalbert_type3_mean_pool,rf,1,16,brier,0.2586704431247145
1764,1764,,guo_readmission,guo_readmission,clinicalbert_type3_mean_pool,rf,2,16,auroc,0.6573742871954381
1765,1765,,guo_readmission,guo_readmission,clinicalbert_type3_mean_pool,rf,2,16,auprc,0.1878348165020506
1766,1766,,guo_readmission,guo_readmission,clinicalbert_type3_mean_pool,rf,2,16,brier,0.2269836455002284
1767,1767,,guo_readmission,guo_readmission,clinicalbert_type3_mean_pool,rf,3,16,auroc,0.6632681341468278
1768,1768,,guo_readmission,guo_readmission,clinicalbert_type3_mean_pool,rf,3,16,auprc,0.1796033587705661
1769,1769,,guo_readmission,guo_readmission,clinicalbert_type3_mean_pool,rf,3,16,brier,0.3061169483782549
1770,1770,,guo_readmission,guo_readmission,clinicalbert_type3_mean_pool,rf,4,16,auroc,0.6378554053515173
1771,1771,,guo_readmission,guo_readmission,clinicalbert_type3_mean_pool,rf,4,16,auprc,0.1767311062905653
1772,1772,,guo_readmission,guo_readmission,clinicalbert_type3_mean_pool,rf,4,16,brier,0.2767348104157149
1773,1773,,guo_readmission,guo_readmission,clinicalbert_type3_mean_pool,rf,0,24,auroc,0.655039478406508
1774,1774,,guo_readmission,guo_readmission,clinicalbert_type3_mean_pool,rf,0,24,auprc,0.1818317397122445
1775,1775,,guo_readmission,guo_readmission,clinicalbert_type3_mean_pool,rf,0,24,brier,0.2241851171655133
1776,1776,,guo_readmission,guo_readmission,clinicalbert_type3_mean_pool,rf,1,24,auroc,0.6733460940303864
1777,1777,,guo_readmission,guo_readmission,clinicalbert_type3_mean_pool,rf,1,24,auprc,0.181951533379023
1778,1778,,guo_readmission,guo_readmission,clinicalbert_type3_mean_pool,rf,1,24,brier,0.2526243947007766
1779,1779,,guo_readmission,guo_readmission,clinicalbert_type3_mean_pool,rf,2,24,auroc,0.6939755552897077
1780,1780,,guo_readmission,guo_readmission,clinicalbert_type3_mean_pool,rf,2,24,auprc,0.2235074627916526
1781,1781,,guo_readmission,guo_readmission,clinicalbert_type3_mean_pool,rf,2,24,brier,0.1986968986345871
1782,1782,,guo_readmission,guo_readmission,clinicalbert_type3_mean_pool,rf,3,24,auroc,0.6698010128803286
1783,1783,,guo_readmission,guo_readmission,clinicalbert_type3_mean_pool,rf,3,24,auprc,0.1807158440790173
1784,1784,,guo_readmission,guo_readmission,clinicalbert_type3_mean_pool,rf,3,24,brier,0.253086625044414
1785,1785,,guo_readmission,guo_readmission,clinicalbert_type3_mean_pool,rf,4,24,auroc,0.656152051680823
1786,1786,,guo_readmission,guo_readmission,clinicalbert_type3_mean_pool,rf,4,24,auprc,0.1913472638089742
1787,1787,,guo_readmission,guo_readmission,clinicalbert_type3_mean_pool,rf,4,24,brier,0.2304820922795797
1788,1788,,guo_readmission,guo_readmission,clinicalbert_type3_mean_pool,rf,0,32,auroc,0.6831459105953663
1789,1789,,guo_readmission,guo_readmission,clinicalbert_type3_mean_pool,rf,0,32,auprc,0.2007174226761426
1790,1790,,guo_readmission,guo_readmission,clinicalbert_type3_mean_pool,rf,0,32,brier,0.2204370696850962
1791,1791,,guo_readmission,guo_readmission,clinicalbert_type3_mean_pool,rf,1,32,auroc,0.6842764285999123
1792,1792,,guo_readmission,guo_readmission,clinicalbert_type3_mean_pool,rf,1,32,auprc,0.1890792339074156
1793,1793,,guo_readmission,guo_readmission,clinicalbert_type3_mean_pool,rf,1,32,brier,0.2526480296751935
1794,1794,,guo_readmission,guo_readmission,clinicalbert_type3_mean_pool,rf,2,32,auroc,0.6960092913825418
1795,1795,,guo_readmission,guo_readmission,clinicalbert_type3_mean_pool,rf,2,32,auprc,0.2436797615289201
1796,1796,,guo_readmission,guo_readmission,clinicalbert_type3_mean_pool,rf,2,32,brier,0.1884851670266567
1797,1797,,guo_readmission,guo_readmission,clinicalbert_type3_mean_pool,rf,3,32,auroc,0.6962914224189496
1798,1798,,guo_readmission,guo_readmission,clinicalbert_type3_mean_pool,rf,3,32,auprc,0.1992003411632524
1799,1799,,guo_readmission,guo_readmission,clinicalbert_type3_mean_pool,rf,3,32,brier,0.2629465509365006
1800,1800,,guo_readmission,guo_readmission,clinicalbert_type3_mean_pool,rf,4,32,auroc,0.6438609084021214
1801,1801,,guo_readmission,guo_readmission,clinicalbert_type3_mean_pool,rf,4,32,auprc,0.1708100598069022
1802,1802,,guo_readmission,guo_readmission,clinicalbert_type3_mean_pool,rf,4,32,brier,0.2532434901781635
1803,1803,,guo_readmission,guo_readmission,clinicalbert_type3_mean_pool,rf,0,48,auroc,0.6433594528851138
1804,1804,,guo_readmission,guo_readmission,clinicalbert_type3_mean_pool,rf,0,48,auprc,0.1679147349309648
1805,1805,,guo_readmission,guo_readmission,clinicalbert_type3_mean_pool,rf,0,48,brier,0.2694415258108726
1806,1806,,guo_readmission,guo_readmission,clinicalbert_type3_mean_pool,rf,1,48,auroc,0.693914742592814
1807,1807,,guo_readmission,guo_readmission,clinicalbert_type3_mean_pool,rf,1,48,auprc,0.2229381618027403
1808,1808,,guo_readmission,guo_readmission,clinicalbert_type3_mean_pool,rf,1,48,brier,0.2248773006446373
1809,1809,,guo_readmission,guo_readmission,clinicalbert_type3_mean_pool,rf,2,48,auroc,0.6864437532400207
1810,1810,,guo_readmission,guo_readmission,clinicalbert_type3_mean_pool,rf,2,48,auprc,0.2318049683060373
1811,1811,,guo_readmission,guo_readmission,clinicalbert_type3_mean_pool,rf,2,48,brier,0.2030364550022841
1812,1812,,guo_readmission,guo_readmission,clinicalbert_type3_mean_pool,rf,3,48,auroc,0.6747936356023448
1813,1813,,guo_readmission,guo_readmission,clinicalbert_type3_mean_pool,rf,3,48,auprc,0.1878406730772792
1814,1814,,guo_readmission,guo_readmission,clinicalbert_type3_mean_pool,rf,3,48,brier,0.2350082503949198
1815,1815,,guo_readmission,guo_readmission,clinicalbert_type3_mean_pool,rf,4,48,auroc,0.6547463811460701
1816,1816,,guo_readmission,guo_readmission,clinicalbert_type3_mean_pool,rf,4,48,auprc,0.203626185654373
1817,1817,,guo_readmission,guo_readmission,clinicalbert_type3_mean_pool,rf,4,48,brier,0.2149890847341172
1818,1818,,guo_readmission,guo_readmission,clinicalbert_type3_mean_pool,rf,0,64,auroc,0.6638981935638235
1819,1819,,guo_readmission,guo_readmission,clinicalbert_type3_mean_pool,rf,0,64,auprc,0.2083819086845313
1820,1820,,guo_readmission,guo_readmission,clinicalbert_type3_mean_pool,rf,0,64,brier,0.2306815737627394
1821,1821,,guo_readmission,guo_readmission,clinicalbert_type3_mean_pool,rf,1,64,auroc,0.6770207760098896
1822,1822,,guo_readmission,guo_readmission,clinicalbert_type3_mean_pool,rf,1,64,auprc,0.19953337781769
1823,1823,,guo_readmission,guo_readmission,clinicalbert_type3_mean_pool,rf,1,64,brier,0.2331649550573594
1824,1824,,guo_readmission,guo_readmission,clinicalbert_type3_mean_pool,rf,2,64,auroc,0.707715237069825
1825,1825,,guo_readmission,guo_readmission,clinicalbert_type3_mean_pool,rf,2,64,auprc,0.2244114136583885
1826,1826,,guo_readmission,guo_readmission,clinicalbert_type3_mean_pool,rf,2,64,brier,0.1931400166385326
1827,1827,,guo_readmission,guo_readmission,clinicalbert_type3_mean_pool,rf,3,64,auroc,0.6480559875583203
1828,1828,,guo_readmission,guo_readmission,clinicalbert_type3_mean_pool,rf,3,64,auprc,0.1818451959028671
1829,1829,,guo_readmission,guo_readmission,clinicalbert_type3_mean_pool,rf,3,64,brier,0.2402254109641292
1830,1830,,guo_readmission,guo_readmission,clinicalbert_type3_mean_pool,rf,4,64,auroc,0.6714130478127367
1831,1831,,guo_readmission,guo_readmission,clinicalbert_type3_mean_pool,rf,4,64,auprc,0.1909256104256201
1832,1832,,guo_readmission,guo_readmission,clinicalbert_type3_mean_pool,rf,4,64,brier,0.2296599995212762
1833,1833,,guo_readmission,guo_readmission,clinicalbert_type3_mean_pool,rf,0,128,auroc,0.6794632531802051
1834,1834,,guo_readmission,guo_readmission,clinicalbert_type3_mean_pool,rf,0,128,auprc,0.2040722425211754
1835,1835,,guo_readmission,guo_readmission,clinicalbert_type3_mean_pool,rf,0,128,brier,0.2322960172911558
1836,1836,,guo_readmission,guo_readmission,clinicalbert_type3_mean_pool,rf,1,128,auroc,0.6835167683534713
1837,1837,,guo_readmission,guo_readmission,clinicalbert_type3_mean_pool,rf,1,128,auprc,0.2126380395122677
1838,1838,,guo_readmission,guo_readmission,clinicalbert_type3_mean_pool,rf,1,128,brier,0.2065294253798786
1839,1839,,guo_readmission,guo_readmission,clinicalbert_type3_mean_pool,rf,2,128,auroc,0.6812178490250029
1840,1840,,guo_readmission,guo_readmission,clinicalbert_type3_mean_pool,rf,2,128,auprc,0.1897380487979416
1841,1841,,guo_readmission,guo_readmission,clinicalbert_type3_mean_pool,rf,2,128,brier,0.2068468517383657
1842,1842,,guo_readmission,guo_readmission,clinicalbert_type3_mean_pool,rf,3,128,auroc,0.6801142481158033
1843,1843,,guo_readmission,guo_readmission,clinicalbert_type3_mean_pool,rf,3,128,auprc,0.189645484873294
1844,1844,,guo_readmission,guo_readmission,clinicalbert_type3_mean_pool,rf,3,128,brier,0.2248972616062112
1845,1845,,guo_readmission,guo_readmission,clinicalbert_type3_mean_pool,rf,4,128,auroc,0.6803594927622921
1846,1846,,guo_readmission,guo_readmission,clinicalbert_type3_mean_pool,rf,4,128,auprc,0.2189989967777572
1847,1847,,guo_readmission,guo_readmission,clinicalbert_type3_mean_pool,rf,4,128,brier,0.2162699862951119
1848,1848,,guo_readmission,guo_readmission,clinicalbert_type3_clinicalbert_pool,lr_lbfgs,0,-1,auroc,0.7388104637715834
1849,1849,,guo_readmission,guo_readmission,clinicalbert_type3_clinicalbert_pool,lr_lbfgs,0,-1,auprc,0.2381045907848254
1850,1850,,guo_readmission,guo_readmission,clinicalbert_type3_clinicalbert_pool,lr_lbfgs,0,-1,brier,0.0978906948289757
1851,1851,,guo_readmission,guo_readmission,clinicalbert_type3_clinicalbert_pool,lr_lbfgs,0,1,auroc,0.6764026797463811
1852,1852,,guo_readmission,guo_readmission,clinicalbert_type3_clinicalbert_pool,lr_lbfgs,0,1,auprc,0.2081644691235506
1853,1853,,guo_readmission,guo_readmission,clinicalbert_type3_clinicalbert_pool,lr_lbfgs,0,1,brier,0.2500012416336472
1854,1854,,guo_readmission,guo_readmission,clinicalbert_type3_clinicalbert_pool,lr_lbfgs,1,1,auroc,0.3938569206842924
1855,1855,,guo_readmission,guo_readmission,clinicalbert_type3_clinicalbert_pool,lr_lbfgs,1,1,auprc,0.0909354952994735
1856,1856,,guo_readmission,guo_readmission,clinicalbert_type3_clinicalbert_pool,lr_lbfgs,1,1,brier,0.2499963419062402
1857,1857,,guo_readmission,guo_readmission,clinicalbert_type3_clinicalbert_pool,lr_lbfgs,2,1,auroc,0.3495234677194242
1858,1858,,guo_readmission,guo_readmission,clinicalbert_type3_clinicalbert_pool,lr_lbfgs,2,1,auprc,0.085131629437222
1859,1859,,guo_readmission,guo_readmission,clinicalbert_type3_clinicalbert_pool,lr_lbfgs,2,1,brier,0.2500015285063445
1860,1860,,guo_readmission,guo_readmission,clinicalbert_type3_clinicalbert_pool,lr_lbfgs,3,1,auroc,0.6469812976033816
1861,1861,,guo_readmission,guo_readmission,clinicalbert_type3_clinicalbert_pool,lr_lbfgs,3,1,auprc,0.1878348704485769
1862,1862,,guo_readmission,guo_readmission,clinicalbert_type3_clinicalbert_pool,lr_lbfgs,3,1,brier,0.2499984214908146
1863,1863,,guo_readmission,guo_readmission,clinicalbert_type3_clinicalbert_pool,lr_lbfgs,4,1,auroc,0.6204709494756151
1864,1864,,guo_readmission,guo_readmission,clinicalbert_type3_clinicalbert_pool,lr_lbfgs,4,1,auprc,0.1684753962938115
1865,1865,,guo_readmission,guo_readmission,clinicalbert_type3_clinicalbert_pool,lr_lbfgs,4,1,brier,0.2499967570329077
1866,1866,,guo_readmission,guo_readmission,clinicalbert_type3_clinicalbert_pool,lr_lbfgs,0,2,auroc,0.4965147346173784
1867,1867,,guo_readmission,guo_readmission,clinicalbert_type3_clinicalbert_pool,lr_lbfgs,0,2,auprc,0.1102890116935229
1868,1868,,guo_readmission,guo_readmission,clinicalbert_type3_clinicalbert_pool,lr_lbfgs,0,2,brier,0.250000477176804
1869,1869,,guo_readmission,guo_readmission,clinicalbert_type3_clinicalbert_pool,lr_lbfgs,1,2,auroc,0.4417075407744147
1870,1870,,guo_readmission,guo_readmission,clinicalbert_type3_clinicalbert_pool,lr_lbfgs,1,2,auprc,0.1074790897468931
1871,1871,,guo_readmission,guo_readmission,clinicalbert_type3_clinicalbert_pool,lr_lbfgs,1,2,brier,0.2115865244725527
1872,1872,,guo_readmission,guo_readmission,clinicalbert_type3_clinicalbert_pool,lr_lbfgs,2,2,auroc,0.4950791561989073
1873,1873,,guo_readmission,guo_readmission,clinicalbert_type3_clinicalbert_pool,lr_lbfgs,2,2,auprc,0.1168541116529633
1874,1874,,guo_readmission,guo_readmission,clinicalbert_type3_clinicalbert_pool,lr_lbfgs,2,2,brier,0.2500013355505784
1875,1875,,guo_readmission,guo_readmission,clinicalbert_type3_clinicalbert_pool,lr_lbfgs,3,2,auroc,0.6276548231447143
1876,1876,,guo_readmission,guo_readmission,clinicalbert_type3_clinicalbert_pool,lr_lbfgs,3,2,auprc,0.1744456215785283
1877,1877,,guo_readmission,guo_readmission,clinicalbert_type3_clinicalbert_pool,lr_lbfgs,3,2,brier,0.2499982263434292
1878,1878,,guo_readmission,guo_readmission,clinicalbert_type3_clinicalbert_pool,lr_lbfgs,4,2,auroc,0.6241416437372891
1879,1879,,guo_readmission,guo_readmission,clinicalbert_type3_clinicalbert_pool,lr_lbfgs,4,2,auprc,0.1753629945904938
1880,1880,,guo_readmission,guo_readmission,clinicalbert_type3_clinicalbert_pool,lr_lbfgs,4,2,brier,0.2499986808865791
1881,1881,,guo_readmission,guo_readmission,clinicalbert_type3_clinicalbert_pool,lr_lbfgs,0,4,auroc,0.6110579415400567
1882,1882,,guo_readmission,guo_readmission,clinicalbert_type3_clinicalbert_pool,lr_lbfgs,0,4,auprc,0.1520912921686131
1883,1883,,guo_readmission,guo_readmission,clinicalbert_type3_clinicalbert_pool,lr_lbfgs,0,4,brier,0.2499996777829777
1884,1884,,guo_readmission,guo_readmission,clinicalbert_type3_clinicalbert_pool,lr_lbfgs,1,4,auroc,0.642772261434781
1885,1885,,guo_readmission,guo_readmission,clinicalbert_type3_clinicalbert_pool,lr_lbfgs,1,4,auprc,0.1707094086536774
1886,1886,,guo_readmission,guo_readmission,clinicalbert_type3_clinicalbert_pool,lr_lbfgs,1,4,brier,0.2458154179694327
1887,1887,,guo_readmission,guo_readmission,clinicalbert_type3_clinicalbert_pool,lr_lbfgs,2,4,auroc,0.666590900027914
1888,1888,,guo_readmission,guo_readmission,clinicalbert_type3_clinicalbert_pool,lr_lbfgs,2,4,auprc,0.1817795465060762
1889,1889,,guo_readmission,guo_readmission,clinicalbert_type3_clinicalbert_pool,lr_lbfgs,2,4,brier,0.3008655769107205
1890,1890,,guo_readmission,guo_readmission,clinicalbert_type3_clinicalbert_pool,lr_lbfgs,3,4,auroc,0.6687323045021335
1891,1891,,guo_readmission,guo_readmission,clinicalbert_type3_clinicalbert_pool,lr_lbfgs,3,4,auprc,0.1945301546361119
1892,1892,,guo_readmission,guo_readmission,clinicalbert_type3_clinicalbert_pool,lr_lbfgs,3,4,brier,0.250000048968685
1893,1893,,guo_readmission,guo_readmission,clinicalbert_type3_clinicalbert_pool,lr_lbfgs,4,4,auroc,0.6453602903058578
1894,1894,,guo_readmission,guo_readmission,clinicalbert_type3_clinicalbert_pool,lr_lbfgs,4,4,auprc,0.1822296230806225
1895,1895,,guo_readmission,guo_readmission,clinicalbert_type3_clinicalbert_pool,lr_lbfgs,4,4,brier,0.2499989571126956
1896,1896,,guo_readmission,guo_readmission,clinicalbert_type3_clinicalbert_pool,lr_lbfgs,0,8,auroc,0.6299597240499262
1897,1897,,guo_readmission,guo_readmission,clinicalbert_type3_clinicalbert_pool,lr_lbfgs,0,8,auprc,0.1815866989510227
1898,1898,,guo_readmission,guo_readmission,clinicalbert_type3_clinicalbert_pool,lr_lbfgs,0,8,brier,0.3172854579369539
1899,1899,,guo_readmission,guo_readmission,clinicalbert_type3_clinicalbert_pool,lr_lbfgs,1,8,auroc,0.65724568329545
1900,1900,,guo_readmission,guo_readmission,clinicalbert_type3_clinicalbert_pool,lr_lbfgs,1,8,auprc,0.177812611271961
1901,1901,,guo_readmission,guo_readmission,clinicalbert_type3_clinicalbert_pool,lr_lbfgs,1,8,brier,0.2908847106935163
1902,1902,,guo_readmission,guo_readmission,clinicalbert_type3_clinicalbert_pool,lr_lbfgs,2,8,auroc,0.6598097858595526
1903,1903,,guo_readmission,guo_readmission,clinicalbert_type3_clinicalbert_pool,lr_lbfgs,2,8,auprc,0.2018597897877179
1904,1904,,guo_readmission,guo_readmission,clinicalbert_type3_clinicalbert_pool,lr_lbfgs,2,8,brier,0.367065353297073
1905,1905,,guo_readmission,guo_readmission,clinicalbert_type3_clinicalbert_pool,lr_lbfgs,3,8,auroc,0.6823762810543526
1906,1906,,guo_readmission,guo_readmission,clinicalbert_type3_clinicalbert_pool,lr_lbfgs,3,8,auprc,0.1946383520361509
1907,1907,,guo_readmission,guo_readmission,clinicalbert_type3_clinicalbert_pool,lr_lbfgs,3,8,brier,0.2419452539523255
1908,1908,,guo_readmission,guo_readmission,clinicalbert_type3_clinicalbert_pool,lr_lbfgs,4,8,auroc,0.6424073852534196
1909,1909,,guo_readmission,guo_readmission,clinicalbert_type3_clinicalbert_pool,lr_lbfgs,4,8,auprc,0.1801193418643433
1910,1910,,guo_readmission,guo_readmission,clinicalbert_type3_clinicalbert_pool,lr_lbfgs,4,8,brier,0.249998061359479
1911,1911,,guo_readmission,guo_readmission,clinicalbert_type3_clinicalbert_pool,lr_lbfgs,0,12,auroc,0.5051541252940942
1912,1912,,guo_readmission,guo_readmission,clinicalbert_type3_clinicalbert_pool,lr_lbfgs,0,12,auprc,0.126428287084003
1913,1913,,guo_readmission,guo_readmission,clinicalbert_type3_clinicalbert_pool,lr_lbfgs,0,12,brier,0.2927278440528102
1914,1914,,guo_readmission,guo_readmission,clinicalbert_type3_clinicalbert_pool,lr_lbfgs,1,12,auroc,0.6342983610479722
1915,1915,,guo_readmission,guo_readmission,clinicalbert_type3_clinicalbert_pool,lr_lbfgs,1,12,auprc,0.1743402387725575
1916,1916,,guo_readmission,guo_readmission,clinicalbert_type3_clinicalbert_pool,lr_lbfgs,1,12,brier,0.2484311555813851
1917,1917,,guo_readmission,guo_readmission,clinicalbert_type3_clinicalbert_pool,lr_lbfgs,2,12,auroc,0.671178769390278
1918,1918,,guo_readmission,guo_readmission,clinicalbert_type3_clinicalbert_pool,lr_lbfgs,2,12,auprc,0.1882486254498529
1919,1919,,guo_readmission,guo_readmission,clinicalbert_type3_clinicalbert_pool,lr_lbfgs,2,12,brier,0.2354483894083338
1920,1920,,guo_readmission,guo_readmission,clinicalbert_type3_clinicalbert_pool,lr_lbfgs,3,12,auroc,0.6917613749651074
1921,1921,,guo_readmission,guo_readmission,clinicalbert_type3_clinicalbert_pool,lr_lbfgs,3,12,auprc,0.2074107113942933
1922,1922,,guo_readmission,guo_readmission,clinicalbert_type3_clinicalbert_pool,lr_lbfgs,3,12,brier,0.2364830544728544
1923,1923,,guo_readmission,guo_readmission,clinicalbert_type3_clinicalbert_pool,lr_lbfgs,4,12,auroc,0.6608306416237986
1924,1924,,guo_readmission,guo_readmission,clinicalbert_type3_clinicalbert_pool,lr_lbfgs,4,12,auprc,0.1901238142852215
1925,1925,,guo_readmission,guo_readmission,clinicalbert_type3_clinicalbert_pool,lr_lbfgs,4,12,brier,0.2499982160736694
1926,1926,,guo_readmission,guo_readmission,clinicalbert_type3_clinicalbert_pool,lr_lbfgs,0,16,auroc,0.6543346492802169
1927,1927,,guo_readmission,guo_readmission,clinicalbert_type3_clinicalbert_pool,lr_lbfgs,0,16,auprc,0.188187988025953
1928,1928,,guo_readmission,guo_readmission,clinicalbert_type3_clinicalbert_pool,lr_lbfgs,0,16,brier,0.2500039750738866
1929,1929,,guo_readmission,guo_readmission,clinicalbert_type3_clinicalbert_pool,lr_lbfgs,1,16,auroc,0.6507875742712446
1930,1930,,guo_readmission,guo_readmission,clinicalbert_type3_clinicalbert_pool,lr_lbfgs,1,16,auprc,0.1859429081828054
1931,1931,,guo_readmission,guo_readmission,clinicalbert_type3_clinicalbert_pool,lr_lbfgs,1,16,brier,0.2402560268098422
1932,1932,,guo_readmission,guo_readmission,clinicalbert_type3_clinicalbert_pool,lr_lbfgs,2,16,auroc,0.6776488415679707
1933,1933,,guo_readmission,guo_readmission,clinicalbert_type3_clinicalbert_pool,lr_lbfgs,2,16,auprc,0.1913353123269246
1934,1934,,guo_readmission,guo_readmission,clinicalbert_type3_clinicalbert_pool,lr_lbfgs,2,16,brier,0.2305223804163499
1935,1935,,guo_readmission,guo_readmission,clinicalbert_type3_clinicalbert_pool,lr_lbfgs,3,16,auroc,0.691811221437971
1936,1936,,guo_readmission,guo_readmission,clinicalbert_type3_clinicalbert_pool,lr_lbfgs,3,16,auprc,0.2085298237024965
1937,1937,,guo_readmission,guo_readmission,clinicalbert_type3_clinicalbert_pool,lr_lbfgs,3,16,brier,0.2617385379470445
1938,1938,,guo_readmission,guo_readmission,clinicalbert_type3_clinicalbert_pool,lr_lbfgs,4,16,auroc,0.6568628623838578
1939,1939,,guo_readmission,guo_readmission,clinicalbert_type3_clinicalbert_pool,lr_lbfgs,4,16,auprc,0.1899556695400293
1940,1940,,guo_readmission,guo_readmission,clinicalbert_type3_clinicalbert_pool,lr_lbfgs,4,16,brier,0.2499980472720437
1941,1941,,guo_readmission,guo_readmission,clinicalbert_type3_clinicalbert_pool,lr_lbfgs,0,24,auroc,0.6602165330781193
1942,1942,,guo_readmission,guo_readmission,clinicalbert_type3_clinicalbert_pool,lr_lbfgs,0,24,auprc,0.1944527952566646
1943,1943,,guo_readmission,guo_readmission,clinicalbert_type3_clinicalbert_pool,lr_lbfgs,0,24,brier,0.226265550770078
1944,1944,,guo_readmission,guo_readmission,clinicalbert_type3_clinicalbert_pool,lr_lbfgs,1,24,auroc,0.656486023049009
1945,1945,,guo_readmission,guo_readmission,clinicalbert_type3_clinicalbert_pool,lr_lbfgs,1,24,auprc,0.192106692016124
1946,1946,,guo_readmission,guo_readmission,clinicalbert_type3_clinicalbert_pool,lr_lbfgs,1,24,brier,0.2499974445662408
1947,1947,,guo_readmission,guo_readmission,clinicalbert_type3_clinicalbert_pool,lr_lbfgs,2,24,auroc,0.6920205766239981
1948,1948,,guo_readmission,guo_readmission,clinicalbert_type3_clinicalbert_pool,lr_lbfgs,2,24,auprc,0.1988594160013048
1949,1949,,guo_readmission,guo_readmission,clinicalbert_type3_clinicalbert_pool,lr_lbfgs,2,24,brier,0.2270176715298747
1950,1950,,guo_readmission,guo_readmission,clinicalbert_type3_clinicalbert_pool,lr_lbfgs,3,24,auroc,0.6871555608725127
1951,1951,,guo_readmission,guo_readmission,clinicalbert_type3_clinicalbert_pool,lr_lbfgs,3,24,auprc,0.2058505545286568
1952,1952,,guo_readmission,guo_readmission,clinicalbert_type3_clinicalbert_pool,lr_lbfgs,3,24,brier,0.2455534225271417
1953,1953,,guo_readmission,guo_readmission,clinicalbert_type3_clinicalbert_pool,lr_lbfgs,4,24,auroc,0.6611795669338437
1954,1954,,guo_readmission,guo_readmission,clinicalbert_type3_clinicalbert_pool,lr_lbfgs,4,24,auprc,0.1913494932765476
1955,1955,,guo_readmission,guo_readmission,clinicalbert_type3_clinicalbert_pool,lr_lbfgs,4,24,brier,0.2499977397150965
1956,1956,,guo_readmission,guo_readmission,clinicalbert_type3_clinicalbert_pool,lr_lbfgs,0,32,auroc,0.666058539697731
1957,1957,,guo_readmission,guo_readmission,clinicalbert_type3_clinicalbert_pool,lr_lbfgs,0,32,auprc,0.1949898221445281
1958,1958,,guo_readmission,guo_readmission,clinicalbert_type3_clinicalbert_pool,lr_lbfgs,0,32,brier,0.2257537882471524
1959,1959,,guo_readmission,guo_readmission,clinicalbert_type3_clinicalbert_pool,lr_lbfgs,1,32,auroc,0.6583263548271324
1960,1960,,guo_readmission,guo_readmission,clinicalbert_type3_clinicalbert_pool,lr_lbfgs,1,32,auprc,0.1923621295237334
1961,1961,,guo_readmission,guo_readmission,clinicalbert_type3_clinicalbert_pool,lr_lbfgs,1,32,brier,0.2499975523448021
1962,1962,,guo_readmission,guo_readmission,clinicalbert_type3_clinicalbert_pool,lr_lbfgs,2,32,auroc,0.6913366830163099
1963,1963,,guo_readmission,guo_readmission,clinicalbert_type3_clinicalbert_pool,lr_lbfgs,2,32,auprc,0.1953787014855852
1964,1964,,guo_readmission,guo_readmission,clinicalbert_type3_clinicalbert_pool,lr_lbfgs,2,32,brier,0.2078321748715422
1965,1965,,guo_readmission,guo_readmission,clinicalbert_type3_clinicalbert_pool,lr_lbfgs,3,32,auroc,0.672885512621127
1966,1966,,guo_readmission,guo_readmission,clinicalbert_type3_clinicalbert_pool,lr_lbfgs,3,32,auprc,0.2006233656512613
1967,1967,,guo_readmission,guo_readmission,clinicalbert_type3_clinicalbert_pool,lr_lbfgs,3,32,brier,0.2499976008295907
1968,1968,,guo_readmission,guo_readmission,clinicalbert_type3_clinicalbert_pool,lr_lbfgs,4,32,auroc,0.6625553295848786
1969,1969,,guo_readmission,guo_readmission,clinicalbert_type3_clinicalbert_pool,lr_lbfgs,4,32,auprc,0.1923611606207226
1970,1970,,guo_readmission,guo_readmission,clinicalbert_type3_clinicalbert_pool,lr_lbfgs,4,32,brier,0.2500012846262482
1971,1971,,guo_readmission,guo_readmission,clinicalbert_type3_clinicalbert_pool,lr_lbfgs,0,48,auroc,0.6543565817282769
1972,1972,,guo_readmission,guo_readmission,clinicalbert_type3_clinicalbert_pool,lr_lbfgs,0,48,auprc,0.1868975059738299
1973,1973,,guo_readmission,guo_readmission,clinicalbert_type3_clinicalbert_pool,lr_lbfgs,0,48,brier,0.2335037422413789
1974,1974,,guo_readmission,guo_readmission,clinicalbert_type3_clinicalbert_pool,lr_lbfgs,1,48,auroc,0.6816604857040316
1975,1975,,guo_readmission,guo_readmission,clinicalbert_type3_clinicalbert_pool,lr_lbfgs,1,48,auprc,0.2013272165493062
1976,1976,,guo_readmission,guo_readmission,clinicalbert_type3_clinicalbert_pool,lr_lbfgs,1,48,brier,0.2320019645491502
1977,1977,,guo_readmission,guo_readmission,clinicalbert_type3_clinicalbert_pool,lr_lbfgs,2,48,auroc,0.69113929098377
1978,1978,,guo_readmission,guo_readmission,clinicalbert_type3_clinicalbert_pool,lr_lbfgs,2,48,auprc,0.1916008201849134
1979,1979,,guo_readmission,guo_readmission,clinicalbert_type3_clinicalbert_pool,lr_lbfgs,2,48,brier,0.2009163182288591
1980,1980,,guo_readmission,guo_readmission,clinicalbert_type3_clinicalbert_pool,lr_lbfgs,3,48,auroc,0.6831897754914863
1981,1981,,guo_readmission,guo_readmission,clinicalbert_type3_clinicalbert_pool,lr_lbfgs,3,48,auprc,0.1995032035468813
1982,1982,,guo_readmission,guo_readmission,clinicalbert_type3_clinicalbert_pool,lr_lbfgs,3,48,brier,0.2260215170009782
1983,1983,,guo_readmission,guo_readmission,clinicalbert_type3_clinicalbert_pool,lr_lbfgs,4,48,auroc,0.7160206563783547
1984,1984,,guo_readmission,guo_readmission,clinicalbert_type3_clinicalbert_pool,lr_lbfgs,4,48,auprc,0.220818745328237
1985,1985,,guo_readmission,guo_readmission,clinicalbert_type3_clinicalbert_pool,lr_lbfgs,4,48,brier,0.2146438419740522
1986,1986,,guo_readmission,guo_readmission,clinicalbert_type3_clinicalbert_pool,lr_lbfgs,0,64,auroc,0.67747736970132
1987,1987,,guo_readmission,guo_readmission,clinicalbert_type3_clinicalbert_pool,lr_lbfgs,0,64,auprc,0.2067026862593892
1988,1988,,guo_readmission,guo_readmission,clinicalbert_type3_clinicalbert_pool,lr_lbfgs,0,64,brier,0.2343661710222558
1989,1989,,guo_readmission,guo_readmission,clinicalbert_type3_clinicalbert_pool,lr_lbfgs,1,64,auroc,0.6603042628703593
1990,1990,,guo_readmission,guo_readmission,clinicalbert_type3_clinicalbert_pool,lr_lbfgs,1,64,auprc,0.1906538449355368
1991,1991,,guo_readmission,guo_readmission,clinicalbert_type3_clinicalbert_pool,lr_lbfgs,1,64,brier,0.2500015952118692
1992,1992,,guo_readmission,guo_readmission,clinicalbert_type3_clinicalbert_pool,lr_lbfgs,2,64,auroc,0.7115245045260598
1993,1993,,guo_readmission,guo_readmission,clinicalbert_type3_clinicalbert_pool,lr_lbfgs,2,64,auprc,0.2114423423966814
1994,1994,,guo_readmission,guo_readmission,clinicalbert_type3_clinicalbert_pool,lr_lbfgs,2,64,brier,0.2000336182740728
1995,1995,,guo_readmission,guo_readmission,clinicalbert_type3_clinicalbert_pool,lr_lbfgs,3,64,auroc,0.6865574031981496
1996,1996,,guo_readmission,guo_readmission,clinicalbert_type3_clinicalbert_pool,lr_lbfgs,3,64,auprc,0.205524419329257
1997,1997,,guo_readmission,guo_readmission,clinicalbert_type3_clinicalbert_pool,lr_lbfgs,3,64,brier,0.224490344939569
1998,1998,,guo_readmission,guo_readmission,clinicalbert_type3_clinicalbert_pool,lr_lbfgs,4,64,auroc,0.6669697332216773
1999,1999,,guo_readmission,guo_readmission,clinicalbert_type3_clinicalbert_pool,lr_lbfgs,4,64,auprc,0.1973348910010406
2000,2000,,guo_readmission,guo_readmission,clinicalbert_type3_clinicalbert_pool,lr_lbfgs,4,64,brier,0.2500015429154252
2001,2001,,guo_readmission,guo_readmission,clinicalbert_type3_clinicalbert_pool,lr_lbfgs,0,128,auroc,0.709462854408422
2002,2002,,guo_readmission,guo_readmission,clinicalbert_type3_clinicalbert_pool,lr_lbfgs,0,128,auprc,0.214048121258652
2003,2003,,guo_readmission,guo_readmission,clinicalbert_type3_clinicalbert_pool,lr_lbfgs,0,128,brier,0.213575218470247
2004,2004,,guo_readmission,guo_readmission,clinicalbert_type3_clinicalbert_pool,lr_lbfgs,1,128,auroc,0.7228795310443834
2005,2005,,guo_readmission,guo_readmission,clinicalbert_type3_clinicalbert_pool,lr_lbfgs,1,128,auprc,0.2291756443631197
2006,2006,,guo_readmission,guo_readmission,clinicalbert_type3_clinicalbert_pool,lr_lbfgs,1,128,brier,0.1983544214766805
2007,2007,,guo_readmission,guo_readmission,clinicalbert_type3_clinicalbert_pool,lr_lbfgs,2,128,auroc,0.7025840411532479
2008,2008,,guo_readmission,guo_readmission,clinicalbert_type3_clinicalbert_pool,lr_lbfgs,2,128,auprc,0.2024784700039985
2009,2009,,guo_readmission,guo_readmission,clinicalbert_type3_clinicalbert_pool,lr_lbfgs,2,128,brier,0.2062031114285806
2010,2010,,guo_readmission,guo_readmission,clinicalbert_type3_clinicalbert_pool,lr_lbfgs,3,128,auroc,0.6801930055429278
2011,2011,,guo_readmission,guo_readmission,clinicalbert_type3_clinicalbert_pool,lr_lbfgs,3,128,auprc,0.1983743779625281
2012,2012,,guo_readmission,guo_readmission,clinicalbert_type3_clinicalbert_pool,lr_lbfgs,3,128,brier,0.2285693581198188
2013,2013,,guo_readmission,guo_readmission,clinicalbert_type3_clinicalbert_pool,lr_lbfgs,4,128,auroc,0.6690971806834949
2014,2014,,guo_readmission,guo_readmission,clinicalbert_type3_clinicalbert_pool,lr_lbfgs,4,128,auprc,0.1976992580045232
2015,2015,,guo_readmission,guo_readmission,clinicalbert_type3_clinicalbert_pool,lr_lbfgs,4,128,brier,0.250004131691835
2016,2016,,guo_readmission,guo_readmission,clinicalbert_type3_clinicalbert_pool,knn,0,-1,auroc,0.5581030426287036
2017,2017,,guo_readmission,guo_readmission,clinicalbert_type3_clinicalbert_pool,knn,0,-1,auprc,0.1429760723821148
2018,2018,,guo_readmission,guo_readmission,clinicalbert_type3_clinicalbert_pool,knn,0,-1,brier,0.1225216994061215
2019,2019,,guo_readmission,guo_readmission,clinicalbert_type3_clinicalbert_pool,knn,0,1,auroc,0.627352753519161
2020,2020,,guo_readmission,guo_readmission,clinicalbert_type3_clinicalbert_pool,knn,0,1,auprc,0.1547713158197869
2021,2021,,guo_readmission,guo_readmission,clinicalbert_type3_clinicalbert_pool,knn,0,1,brier,0.5541343079031521
2022,2022,,guo_readmission,guo_readmission,clinicalbert_type3_clinicalbert_pool,knn,1,1,auroc,0.4546476851298002
2023,2023,,guo_readmission,guo_readmission,clinicalbert_type3_clinicalbert_pool,knn,1,1,auprc,0.1153004303976556
2024,2024,,guo_readmission,guo_readmission,clinicalbert_type3_clinicalbert_pool,knn,1,1,brier,0.2338967565098218
2025,2025,,guo_readmission,guo_readmission,clinicalbert_type3_clinicalbert_pool,knn,2,1,auroc,0.3989243131156039
2026,2026,,guo_readmission,guo_readmission,clinicalbert_type3_clinicalbert_pool,knn,2,1,auprc,0.1036175422567382
2027,2027,,guo_readmission,guo_readmission,clinicalbert_type3_clinicalbert_pool,knn,2,1,brier,0.6400182731841023
2028,2028,,guo_readmission,guo_readmission,clinicalbert_type3_clinicalbert_pool,knn,3,1,auroc,0.6011424811580333
2029,2029,,guo_readmission,guo_readmission,clinicalbert_type3_clinicalbert_pool,knn,3,1,auprc,0.1497956371286071
2030,2030,,guo_readmission,guo_readmission,clinicalbert_type3_clinicalbert_pool,knn,3,1,brier,0.3686614892645043
2031,2031,,guo_readmission,guo_readmission,clinicalbert_type3_clinicalbert_pool,knn,4,1,auroc,0.5434850659967301
2032,2032,,guo_readmission,guo_readmission,clinicalbert_type3_clinicalbert_pool,knn,4,1,auprc,0.1314302403217911
2033,2033,,guo_readmission,guo_readmission,clinicalbert_type3_clinicalbert_pool,knn,4,1,brier,0.2503426222019186
2034,2034,,guo_readmission,guo_readmission,clinicalbert_type3_clinicalbert_pool,knn,0,2,auroc,0.4911372971248554
2035,2035,,guo_readmission,guo_readmission,clinicalbert_type3_clinicalbert_pool,knn,0,2,auprc,0.1169500703989416
2036,2036,,guo_readmission,guo_readmission,clinicalbert_type3_clinicalbert_pool,knn,0,2,brier,0.4002842495304807
2037,2037,,guo_readmission,guo_readmission,clinicalbert_type3_clinicalbert_pool,knn,1,2,auroc,0.4839703712565299
2038,2038,,guo_readmission,guo_readmission,clinicalbert_type3_clinicalbert_pool,knn,1,2,auprc,0.1160982767027697
2039,2039,,guo_readmission,guo_readmission,clinicalbert_type3_clinicalbert_pool,knn,1,2,brier,0.2320694380995888
2040,2040,,guo_readmission,guo_readmission,clinicalbert_type3_clinicalbert_pool,knn,2,2,auroc,0.5703533117996571
2041,2041,,guo_readmission,guo_readmission,clinicalbert_type3_clinicalbert_pool,knn,2,2,auprc,0.1359040102758695
2042,2042,,guo_readmission,guo_readmission,clinicalbert_type3_clinicalbert_pool,knn,2,2,brier,0.3341962336937211
2043,2043,,guo_readmission,guo_readmission,clinicalbert_type3_clinicalbert_pool,knn,3,2,auroc,0.5920225704829126
2044,2044,,guo_readmission,guo_readmission,clinicalbert_type3_clinicalbert_pool,knn,3,2,auprc,0.1621249765411383
2045,2045,,guo_readmission,guo_readmission,clinicalbert_type3_clinicalbert_pool,knn,3,2,brier,0.2284455428718549
2046,2046,,guo_readmission,guo_readmission,clinicalbert_type3_clinicalbert_pool,knn,4,2,auroc,0.5382073214499342
2047,2047,,guo_readmission,guo_readmission,clinicalbert_type3_clinicalbert_pool,knn,4,2,auprc,0.128076586230616
2048,2048,,guo_readmission,guo_readmission,clinicalbert_type3_clinicalbert_pool,knn,4,2,brier,0.4179990863407948
2049,2049,,guo_readmission,guo_readmission,clinicalbert_type3_clinicalbert_pool,knn,0,4,auroc,0.5012252263029867
2050,2050,,guo_readmission,guo_readmission,clinicalbert_type3_clinicalbert_pool,knn,0,4,auprc,0.1190333763547465
2051,2051,,guo_readmission,guo_readmission,clinicalbert_type3_clinicalbert_pool,knn,0,4,brier,0.4714481498401096
2052,2052,,guo_readmission,guo_readmission,clinicalbert_type3_clinicalbert_pool,knn,1,4,auroc,0.5566026637955098
2053,2053,,guo_readmission,guo_readmission,clinicalbert_type3_clinicalbert_pool,knn,1,4,auprc,0.1341546861757053
2054,2054,,guo_readmission,guo_readmission,clinicalbert_type3_clinicalbert_pool,knn,1,4,brier,0.3503883051621745
2055,2055,,guo_readmission,guo_readmission,clinicalbert_type3_clinicalbert_pool,knn,2,4,auroc,0.6161333094070263
2056,2056,,guo_readmission,guo_readmission,clinicalbert_type3_clinicalbert_pool,knn,2,4,auprc,0.1528330163446743
2057,2057,,guo_readmission,guo_readmission,clinicalbert_type3_clinicalbert_pool,knn,2,4,brier,0.2504339881224303
2058,2058,,guo_readmission,guo_readmission,clinicalbert_type3_clinicalbert_pool,knn,3,4,auroc,0.6452496311361009
2059,2059,,guo_readmission,guo_readmission,clinicalbert_type3_clinicalbert_pool,knn,3,4,auprc,0.1671293097121851
2060,2060,,guo_readmission,guo_readmission,clinicalbert_type3_clinicalbert_pool,knn,3,4,brier,0.2769402568397544
2061,2061,,guo_readmission,guo_readmission,clinicalbert_type3_clinicalbert_pool,knn,4,4,auroc,0.6465247039119512
2062,2062,,guo_readmission,guo_readmission,clinicalbert_type3_clinicalbert_pool,knn,4,4,auprc,0.1688599115291335
2063,2063,,guo_readmission,guo_readmission,clinicalbert_type3_clinicalbert_pool,knn,4,4,brier,0.2913293294396935
2064,2064,,guo_readmission,guo_readmission,clinicalbert_type3_clinicalbert_pool,knn,0,8,auroc,0.5201967938748654
2065,2065,,guo_readmission,guo_readmission,clinicalbert_type3_clinicalbert_pool,knn,0,8,auprc,0.1233250149776684
2066,2066,,guo_readmission,guo_readmission,clinicalbert_type3_clinicalbert_pool,knn,0,8,brier,0.4673366834170854
2067,2067,,guo_readmission,guo_readmission,clinicalbert_type3_clinicalbert_pool,knn,1,8,auroc,0.6539029788252184
2068,2068,,guo_readmission,guo_readmission,clinicalbert_type3_clinicalbert_pool,knn,1,8,auprc,0.1744084553953216
2069,2069,,guo_readmission,guo_readmission,clinicalbert_type3_clinicalbert_pool,knn,1,8,brier,0.2415769601129642
2070,2070,,guo_readmission,guo_readmission,clinicalbert_type3_clinicalbert_pool,knn,2,8,auroc,0.6547104916856084
2071,2071,,guo_readmission,guo_readmission,clinicalbert_type3_clinicalbert_pool,knn,2,8,auprc,0.2000252531996683
2072,2072,,guo_readmission,guo_readmission,clinicalbert_type3_clinicalbert_pool,knn,2,8,brier,0.3358006434740564
2073,2073,,guo_readmission,guo_readmission,clinicalbert_type3_clinicalbert_pool,knn,3,8,auroc,0.6560055030506041
2074,2074,,guo_readmission,guo_readmission,clinicalbert_type3_clinicalbert_pool,knn,3,8,auprc,0.166080627935024
2075,2075,,guo_readmission,guo_readmission,clinicalbert_type3_clinicalbert_pool,knn,3,8,brier,0.3120606190639504
2076,2076,,guo_readmission,guo_readmission,clinicalbert_type3_clinicalbert_pool,knn,4,8,auroc,0.625973003150297
2077,2077,,guo_readmission,guo_readmission,clinicalbert_type3_clinicalbert_pool,knn,4,8,auprc,0.1565990255276498
2078,2078,,guo_readmission,guo_readmission,clinicalbert_type3_clinicalbert_pool,knn,4,8,brier,0.2720674077457997
2079,2079,,guo_readmission,guo_readmission,clinicalbert_type3_clinicalbert_pool,knn,0,12,auroc,0.4910535550504446
2080,2080,,guo_readmission,guo_readmission,clinicalbert_type3_clinicalbert_pool,knn,0,12,auprc,0.1255334744936267
2081,2081,,guo_readmission,guo_readmission,clinicalbert_type3_clinicalbert_pool,knn,0,12,brier,0.2857043941266006
2082,2082,,guo_readmission,guo_readmission,clinicalbert_type3_clinicalbert_pool,knn,1,12,auroc,0.6242074410814691
2083,2083,,guo_readmission,guo_readmission,clinicalbert_type3_clinicalbert_pool,knn,1,12,auprc,0.1520610869980314
2084,2084,,guo_readmission,guo_readmission,clinicalbert_type3_clinicalbert_pool,knn,1,12,brier,0.2692640145021407
2085,2085,,guo_readmission,guo_readmission,clinicalbert_type3_clinicalbert_pool,knn,2,12,auroc,0.6344409219603621
2086,2086,,guo_readmission,guo_readmission,clinicalbert_type3_clinicalbert_pool,knn,2,12,auprc,0.1880257502872975
2087,2087,,guo_readmission,guo_readmission,clinicalbert_type3_clinicalbert_pool,knn,2,12,brier,0.340557332115121
2088,2088,,guo_readmission,guo_readmission,clinicalbert_type3_clinicalbert_pool,knn,3,12,auroc,0.6895731148063964
2089,2089,,guo_readmission,guo_readmission,clinicalbert_type3_clinicalbert_pool,knn,3,12,auprc,0.1878644696362302
2090,2090,,guo_readmission,guo_readmission,clinicalbert_type3_clinicalbert_pool,knn,3,12,brier,0.2962631338510736
2091,2091,,guo_readmission,guo_readmission,clinicalbert_type3_clinicalbert_pool,knn,4,12,auroc,0.6399359971288431
2092,2092,,guo_readmission,guo_readmission,clinicalbert_type3_clinicalbert_pool,knn,4,12,auprc,0.1710293315454585
2093,2093,,guo_readmission,guo_readmission,clinicalbert_type3_clinicalbert_pool,knn,4,12,brier,0.2550988481616655
2094,2094,,guo_readmission,guo_readmission,clinicalbert_type3_clinicalbert_pool,knn,0,16,auroc,0.4958148901383737
2095,2095,,guo_readmission,guo_readmission,clinicalbert_type3_clinicalbert_pool,knn,0,16,auprc,0.1179116103628308
2096,2096,,guo_readmission,guo_readmission,clinicalbert_type3_clinicalbert_pool,knn,0,16,brier,0.5308359981726816
2097,2097,,guo_readmission,guo_readmission,clinicalbert_type3_clinicalbert_pool,knn,1,16,auroc,0.6619113131554811
2098,2098,,guo_readmission,guo_readmission,clinicalbert_type3_clinicalbert_pool,knn,1,16,auprc,0.1732148207095
2099,2099,,guo_readmission,guo_readmission,clinicalbert_type3_clinicalbert_pool,knn,1,16,brier,0.2588579259936044
2100,2100,,guo_readmission,guo_readmission,clinicalbert_type3_clinicalbert_pool,knn,2,16,auroc,0.6486900346931451
2101,2101,,guo_readmission,guo_readmission,clinicalbert_type3_clinicalbert_pool,knn,2,16,auprc,0.1955453881313976
2102,2102,,guo_readmission,guo_readmission,clinicalbert_type3_clinicalbert_pool,knn,2,16,brier,0.2697304705344907
2103,2103,,guo_readmission,guo_readmission,clinicalbert_type3_clinicalbert_pool,knn,3,16,auroc,0.6809416995653388
2104,2104,,guo_readmission,guo_readmission,clinicalbert_type3_clinicalbert_pool,knn,3,16,auprc,0.1849593932013213
2105,2105,,guo_readmission,guo_readmission,clinicalbert_type3_clinicalbert_pool,knn,3,16,brier,0.3018912745545912
2106,2106,,guo_readmission,guo_readmission,clinicalbert_type3_clinicalbert_pool,knn,4,16,auroc,0.6371296407066236
2107,2107,,guo_readmission,guo_readmission,clinicalbert_type3_clinicalbert_pool,knn,4,16,auprc,0.1716747257560176
2108,2108,,guo_readmission,guo_readmission,clinicalbert_type3_clinicalbert_pool,knn,4,16,brier,0.2834035897532966
2109,2109,,guo_readmission,guo_readmission,clinicalbert_type3_clinicalbert_pool,knn,0,24,auroc,0.6431999441719505
2110,2110,,guo_readmission,guo_readmission,clinicalbert_type3_clinicalbert_pool,knn,0,24,auprc,0.1847988513812961
2111,2111,,guo_readmission,guo_readmission,clinicalbert_type3_clinicalbert_pool,knn,0,24,brier,0.2992662123755402
2112,2112,,guo_readmission,guo_readmission,clinicalbert_type3_clinicalbert_pool,knn,1,24,auroc,0.6522989193284683
2113,2113,,guo_readmission,guo_readmission,clinicalbert_type3_clinicalbert_pool,knn,1,24,auprc,0.1745432308502781
2114,2114,,guo_readmission,guo_readmission,clinicalbert_type3_clinicalbert_pool,knn,1,24,brier,0.2782747540710807
2115,2115,,guo_readmission,guo_readmission,clinicalbert_type3_clinicalbert_pool,knn,2,24,auroc,0.6610918371416039
2116,2116,,guo_readmission,guo_readmission,clinicalbert_type3_clinicalbert_pool,knn,2,24,auprc,0.2117892967252548
2117,2117,,guo_readmission,guo_readmission,clinicalbert_type3_clinicalbert_pool,knn,2,24,brier,0.2441845799020999
2118,2118,,guo_readmission,guo_readmission,clinicalbert_type3_clinicalbert_pool,knn,3,24,auroc,0.6451409658252583
2119,2119,,guo_readmission,guo_readmission,clinicalbert_type3_clinicalbert_pool,knn,3,24,auprc,0.1674374251655697
2120,2120,,guo_readmission,guo_readmission,clinicalbert_type3_clinicalbert_pool,knn,3,24,brier,0.3186665272472048
2121,2121,,guo_readmission,guo_readmission,clinicalbert_type3_clinicalbert_pool,knn,4,24,auroc,0.547981217849025
2122,2122,,guo_readmission,guo_readmission,clinicalbert_type3_clinicalbert_pool,knn,4,24,auprc,0.1306754818016214
2123,2123,,guo_readmission,guo_readmission,clinicalbert_type3_clinicalbert_pool,knn,4,24,brier,0.4476930105070809
2124,2124,,guo_readmission,guo_readmission,clinicalbert_type3_clinicalbert_pool,knn,0,32,auroc,0.6649240339753559
2125,2125,,guo_readmission,guo_readmission,clinicalbert_type3_clinicalbert_pool,knn,0,32,auprc,0.1929326375013338
2126,2126,,guo_readmission,guo_readmission,clinicalbert_type3_clinicalbert_pool,knn,0,32,brier,0.3079396984924624
2127,2127,,guo_readmission,guo_readmission,clinicalbert_type3_clinicalbert_pool,knn,1,32,auroc,0.6582934561550425
2128,2128,,guo_readmission,guo_readmission,clinicalbert_type3_clinicalbert_pool,knn,1,32,auprc,0.175403243342829
2129,2129,,guo_readmission,guo_readmission,clinicalbert_type3_clinicalbert_pool,knn,1,32,brier,0.3015075376884422
2130,2130,,guo_readmission,guo_readmission,clinicalbert_type3_clinicalbert_pool,knn,2,32,auroc,0.6655421302388644
2131,2131,,guo_readmission,guo_readmission,clinicalbert_type3_clinicalbert_pool,knn,2,32,auprc,0.2003245369120226
2132,2132,,guo_readmission,guo_readmission,clinicalbert_type3_clinicalbert_pool,knn,2,32,brier,0.2510454170152125
2133,2133,,guo_readmission,guo_readmission,clinicalbert_type3_clinicalbert_pool,knn,3,32,auroc,0.6531632571679227
2134,2134,,guo_readmission,guo_readmission,clinicalbert_type3_clinicalbert_pool,knn,3,32,auprc,0.1710218660825211
2135,2135,,guo_readmission,guo_readmission,clinicalbert_type3_clinicalbert_pool,knn,3,32,brier,0.3171982358145187
2136,2136,,guo_readmission,guo_readmission,clinicalbert_type3_clinicalbert_pool,knn,4,32,auroc,0.5845615504246919
2137,2137,,guo_readmission,guo_readmission,clinicalbert_type3_clinicalbert_pool,knn,4,32,auprc,0.1422294726635153
2138,2138,,guo_readmission,guo_readmission,clinicalbert_type3_clinicalbert_pool,knn,4,32,brier,0.433074463225217
2139,2139,,guo_readmission,guo_readmission,clinicalbert_type3_clinicalbert_pool,knn,0,48,auroc,0.6231706344459066
2140,2140,,guo_readmission,guo_readmission,clinicalbert_type3_clinicalbert_pool,knn,0,48,auprc,0.1550699765211229
2141,2141,,guo_readmission,guo_readmission,clinicalbert_type3_clinicalbert_pool,knn,0,48,brier,0.3394751535455053
2142,2142,,guo_readmission,guo_readmission,clinicalbert_type3_clinicalbert_pool,knn,1,48,auroc,0.6802538182398213
2143,2143,,guo_readmission,guo_readmission,clinicalbert_type3_clinicalbert_pool,knn,1,48,auprc,0.2067706854746098
2144,2144,,guo_readmission,guo_readmission,clinicalbert_type3_clinicalbert_pool,knn,1,48,brier,0.2632434901781635
2145,2145,,guo_readmission,guo_readmission,clinicalbert_type3_clinicalbert_pool,knn,2,48,auroc,0.6575048849543406
2146,2146,,guo_readmission,guo_readmission,clinicalbert_type3_clinicalbert_pool,knn,2,48,auprc,0.1926323068725833
2147,2147,,guo_readmission,guo_readmission,clinicalbert_type3_clinicalbert_pool,knn,2,48,brier,0.2431841958605747
2148,2148,,guo_readmission,guo_readmission,clinicalbert_type3_clinicalbert_pool,knn,3,48,auroc,0.6470859751963951
2149,2149,,guo_readmission,guo_readmission,clinicalbert_type3_clinicalbert_pool,knn,3,48,auprc,0.1698008943256395
2150,2150,,guo_readmission,guo_readmission,clinicalbert_type3_clinicalbert_pool,knn,3,48,brier,0.3207950545532703
2151,2151,,guo_readmission,guo_readmission,clinicalbert_type3_clinicalbert_pool,knn,4,48,auroc,0.6538262152570083
2152,2152,,guo_readmission,guo_readmission,clinicalbert_type3_clinicalbert_pool,knn,4,48,auprc,0.1918135111192397
2153,2153,,guo_readmission,guo_readmission,clinicalbert_type3_clinicalbert_pool,knn,4,48,brier,0.2918227015860389
2154,2154,,guo_readmission,guo_readmission,clinicalbert_type3_clinicalbert_pool,knn,0,64,auroc,0.6565129401443555
2155,2155,,guo_readmission,guo_readmission,clinicalbert_type3_clinicalbert_pool,knn,0,64,auprc,0.1784208179198868
2156,2156,,guo_readmission,guo_readmission,clinicalbert_type3_clinicalbert_pool,knn,0,64,brier,0.2956966651439013
2157,2157,,guo_readmission,guo_readmission,clinicalbert_type3_clinicalbert_pool,knn,1,64,auroc,0.699041950791562
2158,2158,,guo_readmission,guo_readmission,clinicalbert_type3_clinicalbert_pool,knn,1,64,auprc,0.2142209951031559
2159,2159,,guo_readmission,guo_readmission,clinicalbert_type3_clinicalbert_pool,knn,1,64,brier,0.2460666971219735
2160,2160,,guo_readmission,guo_readmission,clinicalbert_type3_clinicalbert_pool,knn,2,64,auroc,0.6709993220879691
2161,2161,,guo_readmission,guo_readmission,clinicalbert_type3_clinicalbert_pool,knn,2,64,auprc,0.190563488498878
2162,2162,,guo_readmission,guo_readmission,clinicalbert_type3_clinicalbert_pool,knn,2,64,brier,0.2117426378504889
2163,2163,,guo_readmission,guo_readmission,clinicalbert_type3_clinicalbert_pool,knn,3,64,auroc,0.6538092674562348
2164,2164,,guo_readmission,guo_readmission,clinicalbert_type3_clinicalbert_pool,knn,3,64,auprc,0.1716493907391897
2165,2165,,guo_readmission,guo_readmission,clinicalbert_type3_clinicalbert_pool,knn,3,64,brier,0.3062402923709457
2166,2166,,guo_readmission,guo_readmission,clinicalbert_type3_clinicalbert_pool,knn,4,64,auroc,0.6677951908122981
2167,2167,,guo_readmission,guo_readmission,clinicalbert_type3_clinicalbert_pool,knn,4,64,auprc,0.2049668229452027
2168,2168,,guo_readmission,guo_readmission,clinicalbert_type3_clinicalbert_pool,knn,4,64,brier,0.2899881133278983
2169,2169,,guo_readmission,guo_readmission,clinicalbert_type3_clinicalbert_pool,knn,0,128,auroc,0.688400725764645
2170,2170,,guo_readmission,guo_readmission,clinicalbert_type3_clinicalbert_pool,knn,0,128,auprc,0.2110506414914864
2171,2171,,guo_readmission,guo_readmission,clinicalbert_type3_clinicalbert_pool,knn,0,128,brier,0.2672508118187043
2172,2172,,guo_readmission,guo_readmission,clinicalbert_type3_clinicalbert_pool,knn,1,128,auroc,0.6893438210312238
2173,2173,,guo_readmission,guo_readmission,clinicalbert_type3_clinicalbert_pool,knn,1,128,auprc,0.2246465329695844
2174,2174,,guo_readmission,guo_readmission,clinicalbert_type3_clinicalbert_pool,knn,1,128,brier,0.2372267993729152
2175,2175,,guo_readmission,guo_readmission,clinicalbert_type3_clinicalbert_pool,knn,2,128,auroc,0.6583223671093034
2176,2176,,guo_readmission,guo_readmission,clinicalbert_type3_clinicalbert_pool,knn,2,128,auprc,0.1900048048360673
2177,2177,,guo_readmission,guo_readmission,clinicalbert_type3_clinicalbert_pool,knn,2,128,brier,0.2290383390171187
2178,2178,,guo_readmission,guo_readmission,clinicalbert_type3_clinicalbert_pool,knn,3,128,auroc,0.6055877896080073
2179,2179,,guo_readmission,guo_readmission,clinicalbert_type3_clinicalbert_pool,knn,3,128,auprc,0.1514479002979988
2180,2180,,guo_readmission,guo_readmission,clinicalbert_type3_clinicalbert_pool,knn,3,128,brier,0.28886249428963
2181,2181,,guo_readmission,guo_readmission,clinicalbert_type3_clinicalbert_pool,knn,4,128,auroc,0.6897116880009571
2182,2182,,guo_readmission,guo_readmission,clinicalbert_type3_clinicalbert_pool,knn,4,128,auprc,0.2194447717569539
2183,2183,,guo_readmission,guo_readmission,clinicalbert_type3_clinicalbert_pool,knn,4,128,brier,0.2451895842850616
2184,2184,,guo_readmission,guo_readmission,clinicalbert_type3_clinicalbert_pool,rf,0,-1,auroc,0.7131215855166088
2185,2185,,guo_readmission,guo_readmission,clinicalbert_type3_clinicalbert_pool,rf,0,-1,auprc,0.2397632159982815
2186,2186,,guo_readmission,guo_readmission,clinicalbert_type3_clinicalbert_pool,rf,0,-1,brier,0.098203441838014
2187,2187,,guo_readmission,guo_readmission,clinicalbert_type3_clinicalbert_pool,rf,0,1,auroc,0.6285769828926904
2188,2188,,guo_readmission,guo_readmission,clinicalbert_type3_clinicalbert_pool,rf,0,1,auprc,0.1583025516552525
2189,2189,,guo_readmission,guo_readmission,clinicalbert_type3_clinicalbert_pool,rf,0,1,brier,0.4313841936957515
2190,2190,,guo_readmission,guo_readmission,clinicalbert_type3_clinicalbert_pool,rf,1,1,auroc,0.4729642700482514
2191,2191,,guo_readmission,guo_readmission,clinicalbert_type3_clinicalbert_pool,rf,1,1,auprc,0.1098404819485044
2192,2192,,guo_readmission,guo_readmission,clinicalbert_type3_clinicalbert_pool,rf,1,1,brier,0.3155607583371402
2193,2193,,guo_readmission,guo_readmission,clinicalbert_type3_clinicalbert_pool,rf,2,1,auroc,0.3754605814092595
2194,2194,,guo_readmission,guo_readmission,clinicalbert_type3_clinicalbert_pool,rf,2,1,auprc,0.0944906753131197
2195,2195,,guo_readmission,guo_readmission,clinicalbert_type3_clinicalbert_pool,rf,2,1,brier,0.4306989492919141
2196,2196,,guo_readmission,guo_readmission,clinicalbert_type3_clinicalbert_pool,rf,3,1,auroc,0.623932288551262
2197,2197,,guo_readmission,guo_readmission,clinicalbert_type3_clinicalbert_pool,rf,3,1,auprc,0.1608784539138675
2198,2198,,guo_readmission,guo_readmission,clinicalbert_type3_clinicalbert_pool,rf,3,1,brier,0.3584056646870717
2199,2199,,guo_readmission,guo_readmission,clinicalbert_type3_clinicalbert_pool,rf,4,1,auroc,0.5844718267735375
2200,2200,,guo_readmission,guo_readmission,clinicalbert_type3_clinicalbert_pool,rf,4,1,auprc,0.1486648262709901
2201,2201,,guo_readmission,guo_readmission,clinicalbert_type3_clinicalbert_pool,rf,4,1,brier,0.2836729100045683
2202,2202,,guo_readmission,guo_readmission,clinicalbert_type3_clinicalbert_pool,rf,0,2,auroc,0.5274624157594608
2203,2203,,guo_readmission,guo_readmission,clinicalbert_type3_clinicalbert_pool,rf,0,2,auprc,0.1309179280721109
2204,2204,,guo_readmission,guo_readmission,clinicalbert_type3_clinicalbert_pool,rf,0,2,brier,0.2724690726359068
2205,2205,,guo_readmission,guo_readmission,clinicalbert_type3_clinicalbert_pool,rf,1,2,auroc,0.4155371455915779
2206,2206,,guo_readmission,guo_readmission,clinicalbert_type3_clinicalbert_pool,rf,1,2,auprc,0.0979219302256784
2207,2207,,guo_readmission,guo_readmission,clinicalbert_type3_clinicalbert_pool,rf,1,2,brier,0.2738499314755596
2208,2208,,guo_readmission,guo_readmission,clinicalbert_type3_clinicalbert_pool,rf,2,2,auroc,0.3974987039917055
2209,2209,,guo_readmission,guo_readmission,clinicalbert_type3_clinicalbert_pool,rf,2,2,auprc,0.096186167457782
2210,2210,,guo_readmission,guo_readmission,clinicalbert_type3_clinicalbert_pool,rf,2,2,brier,0.3162892645043399
2211,2211,,guo_readmission,guo_readmission,clinicalbert_type3_clinicalbert_pool,rf,3,2,auroc,0.6303963791522113
2212,2212,,guo_readmission,guo_readmission,clinicalbert_type3_clinicalbert_pool,rf,3,2,auprc,0.1818876113313383
2213,2213,,guo_readmission,guo_readmission,clinicalbert_type3_clinicalbert_pool,rf,3,2,brier,0.2180242119689356
2214,2214,,guo_readmission,guo_readmission,clinicalbert_type3_clinicalbert_pool,rf,4,2,auroc,0.610380029509112
2215,2215,,guo_readmission,guo_readmission,clinicalbert_type3_clinicalbert_pool,rf,4,2,auprc,0.1620335920191322
2216,2216,,guo_readmission,guo_readmission,clinicalbert_type3_clinicalbert_pool,rf,4,2,brier,0.2679861123800822
2217,2217,,guo_readmission,guo_readmission,clinicalbert_type3_clinicalbert_pool,rf,0,4,auroc,0.5990399569326474
2218,2218,,guo_readmission,guo_readmission,clinicalbert_type3_clinicalbert_pool,rf,0,4,auprc,0.1465484139005969
2219,2219,,guo_readmission,guo_readmission,clinicalbert_type3_clinicalbert_pool,rf,0,4,brier,0.225410004568296
2220,2220,,guo_readmission,guo_readmission,clinicalbert_type3_clinicalbert_pool,rf,1,4,auroc,0.5856362403796307
2221,2221,,guo_readmission,guo_readmission,clinicalbert_type3_clinicalbert_pool,rf,1,4,auprc,0.1487392233605984
2222,2222,,guo_readmission,guo_readmission,clinicalbert_type3_clinicalbert_pool,rf,1,4,brier,0.3383645500228415
2223,2223,,guo_readmission,guo_readmission,clinicalbert_type3_clinicalbert_pool,rf,2,4,auroc,0.6381166008693225
2224,2224,,guo_readmission,guo_readmission,clinicalbert_type3_clinicalbert_pool,rf,2,4,auprc,0.1660436998645968
2225,2225,,guo_readmission,guo_readmission,clinicalbert_type3_clinicalbert_pool,rf,2,4,brier,0.3711192325262677
2226,2226,,guo_readmission,guo_readmission,clinicalbert_type3_clinicalbert_pool,rf,3,4,auroc,0.6410555489093592
2227,2227,,guo_readmission,guo_readmission,clinicalbert_type3_clinicalbert_pool,rf,3,4,auprc,0.1729807641663713
2228,2228,,guo_readmission,guo_readmission,clinicalbert_type3_clinicalbert_pool,rf,3,4,brier,0.2196037003197807
2229,2229,,guo_readmission,guo_readmission,clinicalbert_type3_clinicalbert_pool,rf,4,4,auroc,0.6476003907963472
2230,2230,,guo_readmission,guo_readmission,clinicalbert_type3_clinicalbert_pool,rf,4,4,auprc,0.1729548747131405
2231,2231,,guo_readmission,guo_readmission,clinicalbert_type3_clinicalbert_pool,rf,4,4,brier,0.3087490178163545
2232,2232,,guo_readmission,guo_readmission,clinicalbert_type3_clinicalbert_pool,rf,0,8,auroc,0.6598117797184672
2233,2233,,guo_readmission,guo_readmission,clinicalbert_type3_clinicalbert_pool,rf,0,8,auprc,0.1875804986781131
2234,2234,,guo_readmission,guo_readmission,clinicalbert_type3_clinicalbert_pool,rf,0,8,brier,0.2305463682046596
2235,2235,,guo_readmission,guo_readmission,clinicalbert_type3_clinicalbert_pool,rf,1,8,auroc,0.6028342704470231
2236,2236,,guo_readmission,guo_readmission,clinicalbert_type3_clinicalbert_pool,rf,1,8,auprc,0.1499013178829023
2237,2237,,guo_readmission,guo_readmission,clinicalbert_type3_clinicalbert_pool,rf,1,8,brier,0.2565121059844678
2238,2238,,guo_readmission,guo_readmission,clinicalbert_type3_clinicalbert_pool,rf,2,8,auroc,0.6773208517765283
2239,2239,,guo_readmission,guo_readmission,clinicalbert_type3_clinicalbert_pool,rf,2,8,auprc,0.2043346476342142
2240,2240,,guo_readmission,guo_readmission,clinicalbert_type3_clinicalbert_pool,rf,2,8,brier,0.2188442211055276
2241,2241,,guo_readmission,guo_readmission,clinicalbert_type3_clinicalbert_pool,rf,3,8,auroc,0.658500817482155
2242,2242,,guo_readmission,guo_readmission,clinicalbert_type3_clinicalbert_pool,rf,3,8,auprc,0.1667325151624301
2243,2243,,guo_readmission,guo_readmission,clinicalbert_type3_clinicalbert_pool,rf,3,8,brier,0.2457587939698493
2244,2244,,guo_readmission,guo_readmission,clinicalbert_type3_clinicalbert_pool,rf,4,8,auroc,0.6187402799377917
2245,2245,,guo_readmission,guo_readmission,clinicalbert_type3_clinicalbert_pool,rf,4,8,auprc,0.1508949799248365
2246,2246,,guo_readmission,guo_readmission,clinicalbert_type3_clinicalbert_pool,rf,4,8,brier,0.3323572407492005
2247,2247,,guo_readmission,guo_readmission,clinicalbert_type3_clinicalbert_pool,rf,0,12,auroc,0.5659289388682857
2248,2248,,guo_readmission,guo_readmission,clinicalbert_type3_clinicalbert_pool,rf,0,12,auprc,0.1546071039706313
2249,2249,,guo_readmission,guo_readmission,clinicalbert_type3_clinicalbert_pool,rf,0,12,brier,0.2518576888254921
2250,2250,,guo_readmission,guo_readmission,clinicalbert_type3_clinicalbert_pool,rf,1,12,auroc,0.6037434701120548
2251,2251,,guo_readmission,guo_readmission,clinicalbert_type3_clinicalbert_pool,rf,1,12,auprc,0.1459009545989915
2252,2252,,guo_readmission,guo_readmission,clinicalbert_type3_clinicalbert_pool,rf,1,12,brier,0.2417462311557789
2253,2253,,guo_readmission,guo_readmission,clinicalbert_type3_clinicalbert_pool,rf,2,12,auroc,0.6745663356860868
2254,2254,,guo_readmission,guo_readmission,clinicalbert_type3_clinicalbert_pool,rf,2,12,auprc,0.2284518838524916
2255,2255,,guo_readmission,guo_readmission,clinicalbert_type3_clinicalbert_pool,rf,2,12,brier,0.2400137048880768
2256,2256,,guo_readmission,guo_readmission,clinicalbert_type3_clinicalbert_pool,rf,3,12,auroc,0.6948149698927303
2257,2257,,guo_readmission,guo_readmission,clinicalbert_type3_clinicalbert_pool,rf,3,12,auprc,0.1970832912804803
2258,2258,,guo_readmission,guo_readmission,clinicalbert_type3_clinicalbert_pool,rf,3,12,brier,0.2410358814273387
2259,2259,,guo_readmission,guo_readmission,clinicalbert_type3_clinicalbert_pool,rf,4,12,auroc,0.6455786178570004
2260,2260,,guo_readmission,guo_readmission,clinicalbert_type3_clinicalbert_pool,rf,4,12,auprc,0.1844641087034444
2261,2261,,guo_readmission,guo_readmission,clinicalbert_type3_clinicalbert_pool,rf,4,12,brier,0.2274086340794883
2262,2262,,guo_readmission,guo_readmission,clinicalbert_type3_clinicalbert_pool,rf,0,16,auroc,0.6464389679786258
2263,2263,,guo_readmission,guo_readmission,clinicalbert_type3_clinicalbert_pool,rf,0,16,auprc,0.1776399874950122
2264,2264,,guo_readmission,guo_readmission,clinicalbert_type3_clinicalbert_pool,rf,0,16,brier,0.22901534683183
2265,2265,,guo_readmission,guo_readmission,clinicalbert_type3_clinicalbert_pool,rf,1,16,auroc,0.6391713522351158
2266,2266,,guo_readmission,guo_readmission,clinicalbert_type3_clinicalbert_pool,rf,1,16,auprc,0.1568882678827322
2267,2267,,guo_readmission,guo_readmission,clinicalbert_type3_clinicalbert_pool,rf,1,16,brier,0.2564486523526724
2268,2268,,guo_readmission,guo_readmission,clinicalbert_type3_clinicalbert_pool,rf,2,16,auroc,0.6379321689197273
2269,2269,,guo_readmission,guo_readmission,clinicalbert_type3_clinicalbert_pool,rf,2,16,auprc,0.1869092421021261
2270,2270,,guo_readmission,guo_readmission,clinicalbert_type3_clinicalbert_pool,rf,2,16,brier,0.2043581544084056
2271,2271,,guo_readmission,guo_readmission,clinicalbert_type3_clinicalbert_pool,rf,3,16,auroc,0.6729951748614268
2272,2272,,guo_readmission,guo_readmission,clinicalbert_type3_clinicalbert_pool,rf,3,16,auprc,0.190235359755815
2273,2273,,guo_readmission,guo_readmission,clinicalbert_type3_clinicalbert_pool,rf,3,16,brier,0.287089995431704
2274,2274,,guo_readmission,guo_readmission,clinicalbert_type3_clinicalbert_pool,rf,4,16,auroc,0.6205945687283169
2275,2275,,guo_readmission,guo_readmission,clinicalbert_type3_clinicalbert_pool,rf,4,16,auprc,0.1616770069577749
2276,2276,,guo_readmission,guo_readmission,clinicalbert_type3_clinicalbert_pool,rf,4,16,brier,0.2841480127912288
2277,2277,,guo_readmission,guo_readmission,clinicalbert_type3_clinicalbert_pool,rf,0,24,auroc,0.6599194480998525
2278,2278,,guo_readmission,guo_readmission,clinicalbert_type3_clinicalbert_pool,rf,0,24,auprc,0.1836679773767692
2279,2279,,guo_readmission,guo_readmission,clinicalbert_type3_clinicalbert_pool,rf,0,24,brier,0.2148366834170854
2280,2280,,guo_readmission,guo_readmission,clinicalbert_type3_clinicalbert_pool,rf,1,24,auroc,0.6739013837380867
2281,2281,,guo_readmission,guo_readmission,clinicalbert_type3_clinicalbert_pool,rf,1,24,auprc,0.1791967998285417
2282,2282,,guo_readmission,guo_readmission,clinicalbert_type3_clinicalbert_pool,rf,1,24,brier,0.2438900298765923
2283,2283,,guo_readmission,guo_readmission,clinicalbert_type3_clinicalbert_pool,rf,2,24,auroc,0.657469992423336
2284,2284,,guo_readmission,guo_readmission,clinicalbert_type3_clinicalbert_pool,rf,2,24,auprc,0.196358815432609
2285,2285,,guo_readmission,guo_readmission,clinicalbert_type3_clinicalbert_pool,rf,2,24,brier,0.2091103243490178
2286,2286,,guo_readmission,guo_readmission,clinicalbert_type3_clinicalbert_pool,rf,3,24,auroc,0.6751046775930134
2287,2287,,guo_readmission,guo_readmission,clinicalbert_type3_clinicalbert_pool,rf,3,24,auprc,0.178912523342685
2288,2288,,guo_readmission,guo_readmission,clinicalbert_type3_clinicalbert_pool,rf,3,24,brier,0.2575890817724988
2289,2289,,guo_readmission,guo_readmission,clinicalbert_type3_clinicalbert_pool,rf,4,24,auroc,0.6664533237628105
2290,2290,,guo_readmission,guo_readmission,clinicalbert_type3_clinicalbert_pool,rf,4,24,auprc,0.2035776637327494
2291,2291,,guo_readmission,guo_readmission,clinicalbert_type3_clinicalbert_pool,rf,4,24,brier,0.2438330805400238
2292,2292,,guo_readmission,guo_readmission,clinicalbert_type3_clinicalbert_pool,rf,0,32,auroc,0.6368654544004466
2293,2293,,guo_readmission,guo_readmission,clinicalbert_type3_clinicalbert_pool,rf,0,32,auprc,0.1763859577624669
2294,2294,,guo_readmission,guo_readmission,clinicalbert_type3_clinicalbert_pool,rf,0,32,brier,0.2459068067610781
2295,2295,,guo_readmission,guo_readmission,clinicalbert_type3_clinicalbert_pool,rf,1,32,auroc,0.6788640985763847
2296,2296,,guo_readmission,guo_readmission,clinicalbert_type3_clinicalbert_pool,rf,1,32,auprc,0.1890883127477498
2297,2297,,guo_readmission,guo_readmission,clinicalbert_type3_clinicalbert_pool,rf,1,32,brier,0.2446366104894827
2298,2298,,guo_readmission,guo_readmission,clinicalbert_type3_clinicalbert_pool,rf,2,32,auroc,0.6808180803126371
2299,2299,,guo_readmission,guo_readmission,clinicalbert_type3_clinicalbert_pool,rf,2,32,auprc,0.2039562698465996
2300,2300,,guo_readmission,guo_readmission,clinicalbert_type3_clinicalbert_pool,rf,2,32,brier,0.1971265257229741
2301,2301,,guo_readmission,guo_readmission,clinicalbert_type3_clinicalbert_pool,rf,3,32,auroc,0.6844778083502812
2302,2302,,guo_readmission,guo_readmission,clinicalbert_type3_clinicalbert_pool,rf,3,32,auprc,0.1872752083399648
2303,2303,,guo_readmission,guo_readmission,clinicalbert_type3_clinicalbert_pool,rf,3,32,brier,0.2495431703974417
2304,2304,,guo_readmission,guo_readmission,clinicalbert_type3_clinicalbert_pool,rf,4,32,auroc,0.6235265382621525
2305,2305,,guo_readmission,guo_readmission,clinicalbert_type3_clinicalbert_pool,rf,4,32,auprc,0.1688165202540193
2306,2306,,guo_readmission,guo_readmission,clinicalbert_type3_clinicalbert_pool,rf,4,32,brier,0.2506167199634536
2307,2307,,guo_readmission,guo_readmission,clinicalbert_type3_clinicalbert_pool,rf,0,48,auroc,0.6631674442716433
2308,2308,,guo_readmission,guo_readmission,clinicalbert_type3_clinicalbert_pool,rf,0,48,auprc,0.1810935956674397
2309,2309,,guo_readmission,guo_readmission,clinicalbert_type3_clinicalbert_pool,rf,0,48,brier,0.2394584183543983
2310,2310,,guo_readmission,guo_readmission,clinicalbert_type3_clinicalbert_pool,rf,1,48,auroc,0.7010657175898232
2311,2311,,guo_readmission,guo_readmission,clinicalbert_type3_clinicalbert_pool,rf,1,48,auprc,0.2188058703457704
2312,2312,,guo_readmission,guo_readmission,clinicalbert_type3_clinicalbert_pool,rf,1,48,brier,0.2340024589794634
2313,2313,,guo_readmission,guo_readmission,clinicalbert_type3_clinicalbert_pool,rf,2,48,auroc,0.6994885751884197
2314,2314,,guo_readmission,guo_readmission,clinicalbert_type3_clinicalbert_pool,rf,2,48,auprc,0.2245317115326678
2315,2315,,guo_readmission,guo_readmission,clinicalbert_type3_clinicalbert_pool,rf,2,48,brier,0.1931489315263184
2316,2316,,guo_readmission,guo_readmission,clinicalbert_type3_clinicalbert_pool,rf,3,48,auroc,0.663000957052279
2317,2317,,guo_readmission,guo_readmission,clinicalbert_type3_clinicalbert_pool,rf,3,48,auprc,0.1838285154433909
2318,2318,,guo_readmission,guo_readmission,clinicalbert_type3_clinicalbert_pool,rf,3,48,brier,0.2244677935130196
2319,2319,,guo_readmission,guo_readmission,clinicalbert_type3_clinicalbert_pool,rf,4,48,auroc,0.6813085696056148
2320,2320,,guo_readmission,guo_readmission,clinicalbert_type3_clinicalbert_pool,rf,4,48,auprc,0.203612712360666
2321,2321,,guo_readmission,guo_readmission,clinicalbert_type3_clinicalbert_pool,rf,4,48,brier,0.235623572407492
2322,2322,,guo_readmission,guo_readmission,clinicalbert_type3_clinicalbert_pool,rf,0,64,auroc,0.6703921920484907
2323,2323,,guo_readmission,guo_readmission,clinicalbert_type3_clinicalbert_pool,rf,0,64,auprc,0.1986864203025897
2324,2324,,guo_readmission,guo_readmission,clinicalbert_type3_clinicalbert_pool,rf,0,64,brier,0.2295560421553643
2325,2325,,guo_readmission,guo_readmission,clinicalbert_type3_clinicalbert_pool,rf,1,64,auroc,0.6917504087410776
2326,2326,,guo_readmission,guo_readmission,clinicalbert_type3_clinicalbert_pool,rf,1,64,auprc,0.2066370140059902
2327,2327,,guo_readmission,guo_readmission,clinicalbert_type3_clinicalbert_pool,rf,1,64,brier,0.205622681589767
2328,2328,,guo_readmission,guo_readmission,clinicalbert_type3_clinicalbert_pool,rf,2,64,auroc,0.6742891892969654
2329,2329,,guo_readmission,guo_readmission,clinicalbert_type3_clinicalbert_pool,rf,2,64,auprc,0.211894447279987
2330,2330,,guo_readmission,guo_readmission,clinicalbert_type3_clinicalbert_pool,rf,2,64,brier,0.2149063499314755
2331,2331,,guo_readmission,guo_readmission,clinicalbert_type3_clinicalbert_pool,rf,3,64,auroc,0.674768712365913
2332,2332,,guo_readmission,guo_readmission,clinicalbert_type3_clinicalbert_pool,rf,3,64,auprc,0.1865311302546558
2333,2333,,guo_readmission,guo_readmission,clinicalbert_type3_clinicalbert_pool,rf,3,64,brier,0.227757100802681
2334,2334,,guo_readmission,guo_readmission,clinicalbert_type3_clinicalbert_pool,rf,4,64,auroc,0.6873908362244288
2335,2335,,guo_readmission,guo_readmission,clinicalbert_type3_clinicalbert_pool,rf,4,64,auprc,0.2194480862893434
2336,2336,,guo_readmission,guo_readmission,clinicalbert_type3_clinicalbert_pool,rf,4,64,brier,0.2259925303330556
2337,2337,,guo_readmission,guo_readmission,clinicalbert_type3_clinicalbert_pool,rf,0,128,auroc,0.7055409339235156
2338,2338,,guo_readmission,guo_readmission,clinicalbert_type3_clinicalbert_pool,rf,0,128,auprc,0.2105716689006537
2339,2339,,guo_readmission,guo_readmission,clinicalbert_type3_clinicalbert_pool,rf,0,128,brier,0.2085475153545505
2340,2340,,guo_readmission,guo_readmission,clinicalbert_type3_clinicalbert_pool,rf,1,128,auroc,0.6736332097140807
2341,2341,,guo_readmission,guo_readmission,clinicalbert_type3_clinicalbert_pool,rf,1,128,auprc,0.2095315910889409
2342,2342,,guo_readmission,guo_readmission,clinicalbert_type3_clinicalbert_pool,rf,1,128,brier,0.1942324349017816
2343,2343,,guo_readmission,guo_readmission,clinicalbert_type3_clinicalbert_pool,rf,2,128,auroc,0.6773866491207082
2344,2344,,guo_readmission,guo_readmission,clinicalbert_type3_clinicalbert_pool,rf,2,128,auprc,0.1853181967771538
2345,2345,,guo_readmission,guo_readmission,clinicalbert_type3_clinicalbert_pool,rf,2,128,brier,0.1934548195523069
2346,2346,,guo_readmission,guo_readmission,clinicalbert_type3_clinicalbert_pool,rf,3,128,auroc,0.6611955178051601
2347,2347,,guo_readmission,guo_readmission,clinicalbert_type3_clinicalbert_pool,rf,3,128,auprc,0.1774964293492641
2348,2348,,guo_readmission,guo_readmission,clinicalbert_type3_clinicalbert_pool,rf,3,128,brier,0.2340224376841613
2349,2349,,guo_readmission,guo_readmission,clinicalbert_type3_clinicalbert_pool,rf,4,128,auroc,0.6785131794074251
2350,2350,,guo_readmission,guo_readmission,clinicalbert_type3_clinicalbert_pool,rf,4,128,auprc,0.2147557351802237
2351,2351,,guo_readmission,guo_readmission,clinicalbert_type3_clinicalbert_pool,rf,4,128,brier,0.2137612575223794
