,Unnamed: 0.5,Unnamed: 0.4,Unnamed: 0.3,Unnamed: 0.2,Unnamed: 0.1,Unnamed: 0,labeling_function,sub_task,model,head,replicate,k,score,value
0,0,0.0,0.0,0.0,0.0,0.0,new_hypertension,new_hypertension,count,gbm,0,-1,auroc,0.6368825862276168
1,1,1.0,1.0,1.0,1.0,1.0,new_hypertension,new_hypertension,count,gbm,0,-1,auprc,0.2214836698999808
2,2,2.0,2.0,2.0,2.0,2.0,new_hypertension,new_hypertension,count,gbm,0,-1,brier,0.1258401115816975
3,3,3.0,3.0,3.0,3.0,3.0,new_hypertension,new_hypertension,count,gbm,0,1,auroc,0.520890918559468
4,4,4.0,4.0,4.0,4.0,4.0,new_hypertension,new_hypertension,count,gbm,0,1,auprc,0.1319215492356447
5,5,5.0,5.0,5.0,5.0,5.0,new_hypertension,new_hypertension,count,gbm,0,1,brier,0.2246837031365043
6,6,6.0,6.0,6.0,6.0,6.0,new_hypertension,new_hypertension,count,gbm,1,1,auroc,0.5745589186281411
7,7,7.0,7.0,7.0,7.0,7.0,new_hypertension,new_hypertension,count,gbm,1,1,auprc,0.1455145746775736
8,8,8.0,8.0,8.0,8.0,8.0,new_hypertension,new_hypertension,count,gbm,1,1,brier,0.6072150325378317
9,9,9.0,9.0,9.0,9.0,9.0,new_hypertension,new_hypertension,count,gbm,2,1,auroc,0.396449602554638
10,10,10.0,10.0,10.0,10.0,10.0,new_hypertension,new_hypertension,count,gbm,2,1,auprc,0.1098632256420125
11,11,11.0,11.0,11.0,11.0,11.0,new_hypertension,new_hypertension,count,gbm,2,1,brier,0.575566757083765
12,12,12.0,12.0,12.0,12.0,12.0,new_hypertension,new_hypertension,count,gbm,3,1,auroc,0.4728512484190888
13,13,13.0,13.0,13.0,13.0,13.0,new_hypertension,new_hypertension,count,gbm,3,1,auprc,0.1220993785921643
14,14,14.0,14.0,14.0,14.0,14.0,new_hypertension,new_hypertension,count,gbm,3,1,brier,0.232251769005955
15,15,15.0,15.0,15.0,15.0,15.0,new_hypertension,new_hypertension,count,gbm,4,1,auroc,0.4648079157152586
16,16,16.0,16.0,16.0,16.0,16.0,new_hypertension,new_hypertension,count,gbm,4,1,auprc,0.12413464794102
17,17,17.0,17.0,17.0,17.0,17.0,new_hypertension,new_hypertension,count,gbm,4,1,brier,0.1834033438485912
18,18,18.0,18.0,18.0,18.0,18.0,new_hypertension,new_hypertension,count,gbm,0,2,auroc,0.5098917826955321
19,19,19.0,19.0,19.0,19.0,19.0,new_hypertension,new_hypertension,count,gbm,0,2,auprc,0.1287507820634195
20,20,20.0,20.0,20.0,20.0,20.0,new_hypertension,new_hypertension,count,gbm,0,2,brier,0.2494519187092523
21,21,21.0,21.0,21.0,21.0,21.0,new_hypertension,new_hypertension,count,gbm,1,2,auroc,0.5633852387247412
22,22,22.0,22.0,22.0,22.0,22.0,new_hypertension,new_hypertension,count,gbm,1,2,auprc,0.1423387827338992
23,23,23.0,23.0,23.0,23.0,23.0,new_hypertension,new_hypertension,count,gbm,1,2,brier,0.6037750025971731
24,24,24.0,24.0,24.0,24.0,24.0,new_hypertension,new_hypertension,count,gbm,2,2,auroc,0.4986637366159058
25,25,25.0,25.0,25.0,25.0,25.0,new_hypertension,new_hypertension,count,gbm,2,2,auprc,0.1261009029119791
26,26,26.0,26.0,26.0,26.0,26.0,new_hypertension,new_hypertension,count,gbm,2,2,brier,0.2054195354688117
27,27,27.0,27.0,27.0,27.0,27.0,new_hypertension,new_hypertension,count,gbm,3,2,auroc,0.4961142490886512
28,28,28.0,28.0,28.0,28.0,28.0,new_hypertension,new_hypertension,count,gbm,3,2,auprc,0.1255424403315635
29,29,29.0,29.0,29.0,29.0,29.0,new_hypertension,new_hypertension,count,gbm,3,2,brier,0.5143342241400279
30,30,30.0,30.0,30.0,30.0,30.0,new_hypertension,new_hypertension,count,gbm,4,2,auroc,0.474791262497067
31,31,31.0,31.0,31.0,31.0,31.0,new_hypertension,new_hypertension,count,gbm,4,2,auprc,0.1225189954379743
32,32,32.0,32.0,32.0,32.0,32.0,new_hypertension,new_hypertension,count,gbm,4,2,brier,0.2171156372670538
33,33,33.0,33.0,33.0,33.0,33.0,new_hypertension,new_hypertension,count,gbm,0,4,auroc,0.4744536199289234
34,34,34.0,34.0,34.0,34.0,34.0,new_hypertension,new_hypertension,count,gbm,0,4,auprc,0.1421183664662992
35,35,35.0,35.0,35.0,35.0,35.0,new_hypertension,new_hypertension,count,gbm,0,4,brier,0.2466998947567249
36,36,36.0,36.0,36.0,36.0,36.0,new_hypertension,new_hypertension,count,gbm,1,4,auroc,0.4420456561425195
37,37,37.0,37.0,37.0,37.0,37.0,new_hypertension,new_hypertension,count,gbm,1,4,auprc,0.1119400568711578
38,38,38.0,38.0,38.0,38.0,38.0,new_hypertension,new_hypertension,count,gbm,1,4,brier,0.5972781967604702
39,39,39.0,39.0,39.0,39.0,39.0,new_hypertension,new_hypertension,count,gbm,2,4,auroc,0.6167184576029666
40,40,40.0,40.0,40.0,40.0,40.0,new_hypertension,new_hypertension,count,gbm,2,4,auprc,0.1651774922910558
41,41,41.0,41.0,41.0,41.0,41.0,new_hypertension,new_hypertension,count,gbm,2,4,brier,0.144187002525074
42,42,42.0,42.0,42.0,42.0,42.0,new_hypertension,new_hypertension,count,gbm,3,4,auroc,0.5805477821461478
43,43,43.0,43.0,43.0,43.0,43.0,new_hypertension,new_hypertension,count,gbm,3,4,auprc,0.1458804208356723
44,44,44.0,44.0,44.0,44.0,44.0,new_hypertension,new_hypertension,count,gbm,3,4,brier,0.312060463629254
45,45,45.0,45.0,45.0,45.0,45.0,new_hypertension,new_hypertension,count,gbm,4,4,auroc,0.5478994626332687
46,46,46.0,46.0,46.0,46.0,46.0,new_hypertension,new_hypertension,count,gbm,4,4,auprc,0.1355064047934853
47,47,47.0,47.0,47.0,47.0,47.0,new_hypertension,new_hypertension,count,gbm,4,4,brier,0.2811001941633192
48,48,48.0,48.0,48.0,48.0,48.0,new_hypertension,new_hypertension,count,gbm,0,8,auroc,0.4892669722618046
49,49,49.0,49.0,49.0,49.0,49.0,new_hypertension,new_hypertension,count,gbm,0,8,auprc,0.1346131764324379
50,50,50.0,50.0,50.0,50.0,50.0,new_hypertension,new_hypertension,count,gbm,0,8,brier,0.3896244403708827
51,51,51.0,51.0,51.0,51.0,51.0,new_hypertension,new_hypertension,count,gbm,1,8,auroc,0.4904601667610921
52,52,52.0,52.0,52.0,52.0,52.0,new_hypertension,new_hypertension,count,gbm,1,8,auprc,0.1223469213434939
53,53,53.0,53.0,53.0,53.0,53.0,new_hypertension,new_hypertension,count,gbm,1,8,brier,0.5209301777351734
54,54,54.0,54.0,54.0,54.0,54.0,new_hypertension,new_hypertension,count,gbm,2,8,auroc,0.550463257049004
55,55,55.0,55.0,55.0,55.0,55.0,new_hypertension,new_hypertension,count,gbm,2,8,auprc,0.1356953859660763
56,56,56.0,56.0,56.0,56.0,56.0,new_hypertension,new_hypertension,count,gbm,2,8,brier,0.2969243318903525
57,57,57.0,57.0,57.0,57.0,57.0,new_hypertension,new_hypertension,count,gbm,3,8,auroc,0.5758493999690971
58,58,58.0,58.0,58.0,58.0,58.0,new_hypertension,new_hypertension,count,gbm,3,8,auprc,0.1464392331559278
59,59,59.0,59.0,59.0,59.0,59.0,new_hypertension,new_hypertension,count,gbm,3,8,brier,0.5051722156250991
60,60,60.0,60.0,60.0,60.0,60.0,new_hypertension,new_hypertension,count,gbm,4,8,auroc,0.5858098557293365
61,61,61.0,61.0,61.0,61.0,61.0,new_hypertension,new_hypertension,count,gbm,4,8,auprc,0.1484300094557339
62,62,62.0,62.0,62.0,62.0,62.0,new_hypertension,new_hypertension,count,gbm,4,8,brier,0.3567808528578266
63,63,63.0,63.0,63.0,63.0,63.0,new_hypertension,new_hypertension,count,gbm,0,12,auroc,0.5453843116383676
64,64,64.0,64.0,64.0,64.0,64.0,new_hypertension,new_hypertension,count,gbm,0,12,auprc,0.1503049540928098
65,65,65.0,65.0,65.0,65.0,65.0,new_hypertension,new_hypertension,count,gbm,0,12,brier,0.2643739513771297
66,66,66.0,66.0,66.0,66.0,66.0,new_hypertension,new_hypertension,count,gbm,1,12,auroc,0.4989441516301268
67,67,67.0,67.0,67.0,67.0,67.0,new_hypertension,new_hypertension,count,gbm,1,12,auprc,0.1340443938942738
68,68,68.0,68.0,68.0,68.0,68.0,new_hypertension,new_hypertension,count,gbm,1,12,brier,0.490778122700937
69,69,69.0,69.0,69.0,69.0,69.0,new_hypertension,new_hypertension,count,gbm,2,12,auroc,0.6038851786358095
70,70,70.0,70.0,70.0,70.0,70.0,new_hypertension,new_hypertension,count,gbm,2,12,auprc,0.1668772812529519
71,71,71.0,71.0,71.0,71.0,71.0,new_hypertension,new_hypertension,count,gbm,2,12,brier,0.5305292592465096
72,72,72.0,72.0,72.0,72.0,72.0,new_hypertension,new_hypertension,count,gbm,3,12,auroc,0.5839986036476843
73,73,73.0,73.0,73.0,73.0,73.0,new_hypertension,new_hypertension,count,gbm,3,12,auprc,0.157912915298773
74,74,74.0,74.0,74.0,74.0,74.0,new_hypertension,new_hypertension,count,gbm,3,12,brier,0.3891276738138749
75,75,75.0,75.0,75.0,75.0,75.0,new_hypertension,new_hypertension,count,gbm,4,12,auroc,0.5050102723459291
76,76,76.0,76.0,76.0,76.0,76.0,new_hypertension,new_hypertension,count,gbm,4,12,auprc,0.1287458783727809
77,77,77.0,77.0,77.0,77.0,77.0,new_hypertension,new_hypertension,count,gbm,4,12,brier,0.3455458887236376
78,78,78.0,78.0,78.0,78.0,78.0,new_hypertension,new_hypertension,count,gbm,0,16,auroc,0.5654110941336035
79,79,79.0,79.0,79.0,79.0,79.0,new_hypertension,new_hypertension,count,gbm,0,16,auprc,0.1626494422917396
80,80,80.0,80.0,80.0,80.0,80.0,new_hypertension,new_hypertension,count,gbm,0,16,brier,0.3955919923957349
81,81,81.0,81.0,81.0,81.0,81.0,new_hypertension,new_hypertension,count,gbm,1,16,auroc,0.5385742327215708
82,82,82.0,82.0,82.0,82.0,82.0,new_hypertension,new_hypertension,count,gbm,1,16,auprc,0.1574014835862843
83,83,83.0,83.0,83.0,83.0,83.0,new_hypertension,new_hypertension,count,gbm,1,16,brier,0.4897462959472
84,84,84.0,84.0,84.0,84.0,84.0,new_hypertension,new_hypertension,count,gbm,2,16,auroc,0.5586611041484254
85,85,85.0,85.0,85.0,85.0,85.0,new_hypertension,new_hypertension,count,gbm,2,16,auprc,0.1488186615329161
86,86,86.0,86.0,86.0,86.0,86.0,new_hypertension,new_hypertension,count,gbm,2,16,brier,0.2758162638398446
87,87,87.0,87.0,87.0,87.0,87.0,new_hypertension,new_hypertension,count,gbm,3,16,auroc,0.5507665630847941
88,88,88.0,88.0,88.0,88.0,88.0,new_hypertension,new_hypertension,count,gbm,3,16,auprc,0.1423907154076352
89,89,89.0,89.0,89.0,89.0,89.0,new_hypertension,new_hypertension,count,gbm,3,16,brier,0.3978880768852719
90,90,90.0,90.0,90.0,90.0,90.0,new_hypertension,new_hypertension,count,gbm,4,16,auroc,0.575760697260517
91,91,91.0,91.0,91.0,91.0,91.0,new_hypertension,new_hypertension,count,gbm,4,16,auprc,0.1488354590633059
92,92,92.0,92.0,92.0,92.0,92.0,new_hypertension,new_hypertension,count,gbm,4,16,brier,0.3602208827984861
93,93,93.0,93.0,93.0,93.0,93.0,new_hypertension,new_hypertension,count,gbm,0,24,auroc,0.6093904693231698
94,94,94.0,94.0,94.0,94.0,94.0,new_hypertension,new_hypertension,count,gbm,0,24,auprc,0.2102276662130546
95,95,95.0,95.0,95.0,95.0,95.0,new_hypertension,new_hypertension,count,gbm,0,24,brier,0.2908199050290471
96,96,96.0,96.0,96.0,96.0,96.0,new_hypertension,new_hypertension,count,gbm,1,24,auroc,0.52136304587933
97,97,97.0,97.0,97.0,97.0,97.0,new_hypertension,new_hypertension,count,gbm,1,24,auprc,0.1317624186278819
98,98,98.0,98.0,98.0,98.0,98.0,new_hypertension,new_hypertension,count,gbm,1,24,brier,0.4806126311982788
99,99,99.0,99.0,99.0,99.0,99.0,new_hypertension,new_hypertension,count,gbm,2,24,auroc,0.5918845605782272
100,100,100.0,100.0,100.0,100.0,100.0,new_hypertension,new_hypertension,count,gbm,2,24,auprc,0.1891341490179691
101,101,101.0,101.0,101.0,101.0,101.0,new_hypertension,new_hypertension,count,gbm,2,24,brier,0.4198635147128617
102,102,102.0,102.0,102.0,102.0,102.0,new_hypertension,new_hypertension,count,gbm,3,24,auroc,0.5697775564979026
103,103,103.0,103.0,103.0,103.0,103.0,new_hypertension,new_hypertension,count,gbm,3,24,auprc,0.1459519059669305
104,104,104.0,104.0,104.0,104.0,104.0,new_hypertension,new_hypertension,count,gbm,3,24,brier,0.3567808528578266
105,105,105.0,105.0,105.0,105.0,105.0,new_hypertension,new_hypertension,count,gbm,4,24,auroc,0.6094934789202305
106,106,106.0,106.0,106.0,106.0,106.0,new_hypertension,new_hypertension,count,gbm,4,24,auprc,0.1972628715014865
107,107,107.0,107.0,107.0,107.0,107.0,new_hypertension,new_hypertension,count,gbm,4,24,brier,0.5310352749632293
108,108,108.0,108.0,108.0,108.0,108.0,new_hypertension,new_hypertension,count,gbm,0,32,auroc,0.6045862161713622
109,109,109.0,109.0,109.0,109.0,109.0,new_hypertension,new_hypertension,count,gbm,0,32,auprc,0.1845701419670339
110,110,110.0,110.0,110.0,110.0,110.0,new_hypertension,new_hypertension,count,gbm,0,32,brier,0.3184718371177794
111,111,111.0,111.0,111.0,111.0,111.0,new_hypertension,new_hypertension,count,gbm,1,32,auroc,0.532925873149404
112,112,112.0,112.0,112.0,112.0,112.0,new_hypertension,new_hypertension,count,gbm,1,32,auprc,0.1512407083831101
113,113,113.0,113.0,113.0,113.0,113.0,new_hypertension,new_hypertension,count,gbm,1,32,brier,0.277880064517699
114,114,114.0,114.0,114.0,114.0,114.0,new_hypertension,new_hypertension,count,gbm,2,32,auroc,0.5849228286435353
115,115,115.0,115.0,115.0,115.0,115.0,new_hypertension,new_hypertension,count,gbm,2,32,auprc,0.1824274088558414
116,116,116.0,116.0,116.0,116.0,116.0,new_hypertension,new_hypertension,count,gbm,2,32,brier,0.3062944097356155
117,117,117.0,117.0,117.0,117.0,117.0,new_hypertension,new_hypertension,count,gbm,3,32,auroc,0.5673854447439353
118,118,118.0,118.0,118.0,118.0,118.0,new_hypertension,new_hypertension,count,gbm,3,32,auprc,0.1725057040462173
119,119,119.0,119.0,119.0,119.0,119.0,new_hypertension,new_hypertension,count,gbm,3,32,brier,0.4261818028170844
120,120,120.0,120.0,120.0,120.0,120.0,new_hypertension,new_hypertension,count,gbm,4,32,auroc,0.5417846984966322
121,121,121.0,121.0,121.0,121.0,121.0,new_hypertension,new_hypertension,count,gbm,4,32,auprc,0.1357801352977787
122,122,122.0,122.0,122.0,122.0,122.0,new_hypertension,new_hypertension,count,gbm,4,32,brier,0.4410467786296771
123,123,123.0,123.0,123.0,123.0,123.0,new_hypertension,new_hypertension,count,gbm,0,48,auroc,0.6454924717152815
124,124,124.0,124.0,124.0,124.0,124.0,new_hypertension,new_hypertension,count,gbm,0,48,auprc,0.2071384351387329
125,125,125.0,125.0,125.0,125.0,125.0,new_hypertension,new_hypertension,count,gbm,0,48,brier,0.3279209443282226
126,126,126.0,126.0,126.0,126.0,126.0,new_hypertension,new_hypertension,count,gbm,1,48,auroc,0.6280781270566151
127,127,127.0,127.0,127.0,127.0,127.0,new_hypertension,new_hypertension,count,gbm,1,48,auprc,0.1902226899262842
128,128,128.0,128.0,128.0,128.0,128.0,new_hypertension,new_hypertension,count,gbm,1,48,brier,0.3926221950834594
129,129,129.0,129.0,129.0,129.0,129.0,new_hypertension,new_hypertension,count,gbm,2,48,auroc,0.6130330031303473
130,130,130.0,130.0,130.0,130.0,130.0,new_hypertension,new_hypertension,count,gbm,2,48,auprc,0.1889984693157511
131,131,131.0,131.0,131.0,131.0,131.0,new_hypertension,new_hypertension,count,gbm,2,48,brier,0.3512909602662702
132,132,132.0,132.0,132.0,132.0,132.0,new_hypertension,new_hypertension,count,gbm,3,48,auroc,0.5830200124756068
133,133,133.0,133.0,133.0,133.0,133.0,new_hypertension,new_hypertension,count,gbm,3,48,auprc,0.2071421947175489
134,134,134.0,134.0,134.0,134.0,134.0,new_hypertension,new_hypertension,count,gbm,3,48,brier,0.3623777333262095
135,135,135.0,135.0,135.0,135.0,135.0,new_hypertension,new_hypertension,count,gbm,4,48,auroc,0.6495985487092325
136,136,136.0,136.0,136.0,136.0,136.0,new_hypertension,new_hypertension,count,gbm,4,48,auprc,0.1982142185898927
137,137,137.0,137.0,137.0,137.0,137.0,new_hypertension,new_hypertension,count,gbm,4,48,brier,0.3880505098675099
138,138,138.0,138.0,138.0,138.0,138.0,new_hypertension,new_hypertension,count,gbm,0,64,auroc,0.6228360831172993
139,139,139.0,139.0,139.0,139.0,139.0,new_hypertension,new_hypertension,count,gbm,0,64,auprc,0.1856715764321533
140,140,140.0,140.0,140.0,140.0,140.0,new_hypertension,new_hypertension,count,gbm,0,64,brier,0.3677312822424424
141,141,141.0,141.0,141.0,141.0,141.0,new_hypertension,new_hypertension,count,gbm,1,64,auroc,0.6368911703607053
142,142,142.0,142.0,142.0,142.0,142.0,new_hypertension,new_hypertension,count,gbm,1,64,auprc,0.2237310283753597
143,143,143.0,143.0,143.0,143.0,143.0,new_hypertension,new_hypertension,count,gbm,1,64,brier,0.3138551859039895
144,144,144.0,144.0,144.0,144.0,144.0,new_hypertension,new_hypertension,count,gbm,2,64,auroc,0.6570324079637864
145,145,145.0,145.0,145.0,145.0,145.0,new_hypertension,new_hypertension,count,gbm,2,64,auprc,0.2349974771213377
146,146,146.0,146.0,146.0,146.0,146.0,new_hypertension,new_hypertension,count,gbm,2,64,brier,0.2857037861069919
147,147,147.0,147.0,147.0,147.0,147.0,new_hypertension,new_hypertension,count,gbm,3,64,auroc,0.6104835156030927
148,148,148.0,148.0,148.0,148.0,148.0,new_hypertension,new_hypertension,count,gbm,3,64,auprc,0.1835090521002837
149,149,149.0,149.0,149.0,149.0,149.0,new_hypertension,new_hypertension,count,gbm,3,64,brier,0.3205716840110251
150,150,150.0,150.0,150.0,150.0,150.0,new_hypertension,new_hypertension,count,gbm,4,64,auroc,0.6803812499642329
151,151,151.0,151.0,151.0,151.0,151.0,new_hypertension,new_hypertension,count,gbm,4,64,auprc,0.2156093558097133
152,152,152.0,152.0,152.0,152.0,152.0,new_hypertension,new_hypertension,count,gbm,4,64,brier,0.2783066045838165
153,153,153.0,153.0,153.0,153.0,153.0,new_hypertension,new_hypertension,count,gbm,0,128,auroc,0.6575102580390407
154,154,154.0,154.0,154.0,154.0,154.0,new_hypertension,new_hypertension,count,gbm,0,128,auprc,0.2036305566021202
155,155,155.0,155.0,155.0,155.0,155.0,new_hypertension,new_hypertension,count,gbm,0,128,brier,0.2902884650857624
156,156,156.0,156.0,156.0,156.0,156.0,new_hypertension,new_hypertension,count,gbm,1,128,auroc,0.6535071906421503
157,157,157.0,157.0,157.0,157.0,157.0,new_hypertension,new_hypertension,count,gbm,1,128,auprc,0.2006379749478165
158,158,158.0,158.0,158.0,158.0,158.0,new_hypertension,new_hypertension,count,gbm,1,128,brier,0.3180307970770942
159,159,159.0,159.0,159.0,159.0,159.0,new_hypertension,new_hypertension,count,gbm,2,128,auroc,0.6432176764468558
160,160,160.0,160.0,160.0,160.0,160.0,new_hypertension,new_hypertension,count,gbm,2,128,auprc,0.2351920385974781
161,161,161.0,161.0,161.0,161.0,161.0,new_hypertension,new_hypertension,count,gbm,2,128,brier,0.297374718243261
162,162,162.0,162.0,162.0,162.0,162.0,new_hypertension,new_hypertension,count,gbm,3,128,auroc,0.6443593661476127
163,163,163.0,163.0,163.0,163.0,163.0,new_hypertension,new_hypertension,count,gbm,3,128,auprc,0.1881567830994895
164,164,164.0,164.0,164.0,164.0,164.0,new_hypertension,new_hypertension,count,gbm,3,128,brier,0.2137745248027101
165,165,165.0,165.0,165.0,165.0,165.0,new_hypertension,new_hypertension,count,gbm,4,128,auroc,0.6216571955064925
166,166,166.0,166.0,166.0,166.0,166.0,new_hypertension,new_hypertension,count,gbm,4,128,auprc,0.2038415660872573
167,167,167.0,167.0,167.0,167.0,167.0,new_hypertension,new_hypertension,count,gbm,4,128,brier,0.2952779504268856
168,168,168.0,168.0,168.0,168.0,168.0,new_hypertension,new_hypertension,count,lr_lbfgs,0,-1,auroc,0.6889625216749361
169,169,169.0,169.0,169.0,169.0,169.0,new_hypertension,new_hypertension,count,lr_lbfgs,0,-1,auprc,0.2116338657661526
170,170,170.0,170.0,170.0,170.0,170.0,new_hypertension,new_hypertension,count,lr_lbfgs,0,-1,brier,0.1207529313336821
171,171,171.0,171.0,171.0,171.0,171.0,new_hypertension,new_hypertension,count,lr_lbfgs,0,1,auroc,0.5783130461654677
172,172,172.0,172.0,172.0,172.0,172.0,new_hypertension,new_hypertension,count,lr_lbfgs,0,1,auprc,0.1495703015874082
173,173,173.0,173.0,173.0,173.0,173.0,new_hypertension,new_hypertension,count,lr_lbfgs,0,1,brier,0.2500233313163666
174,174,174.0,174.0,174.0,174.0,174.0,new_hypertension,new_hypertension,count,lr_lbfgs,1,1,auroc,0.5401422676990517
175,175,175.0,175.0,175.0,175.0,175.0,new_hypertension,new_hypertension,count,lr_lbfgs,1,1,auprc,0.1388680034406804
176,176,176.0,176.0,176.0,176.0,176.0,new_hypertension,new_hypertension,count,lr_lbfgs,1,1,brier,0.249903736330335
177,177,177.0,177.0,177.0,177.0,177.0,new_hypertension,new_hypertension,count,lr_lbfgs,2,1,auroc,0.4990013791840495
178,178,178.0,178.0,178.0,178.0,178.0,new_hypertension,new_hypertension,count,lr_lbfgs,2,1,auprc,0.1213466551111227
179,179,179.0,179.0,179.0,179.0,179.0,new_hypertension,new_hypertension,count,lr_lbfgs,2,1,brier,0.2500747863511637
180,180,180.0,180.0,180.0,180.0,180.0,new_hypertension,new_hypertension,count,lr_lbfgs,3,1,auroc,0.5470381879467325
181,181,181.0,181.0,181.0,181.0,181.0,new_hypertension,new_hypertension,count,lr_lbfgs,3,1,auprc,0.1417758215981404
182,182,182.0,182.0,182.0,182.0,182.0,new_hypertension,new_hypertension,count,lr_lbfgs,3,1,brier,0.2499340129103691
183,183,183.0,183.0,183.0,183.0,183.0,new_hypertension,new_hypertension,count,lr_lbfgs,4,1,auroc,0.537675760124985
184,184,184.0,184.0,184.0,184.0,184.0,new_hypertension,new_hypertension,count,lr_lbfgs,4,1,auprc,0.1390225761847333
185,185,185.0,185.0,185.0,185.0,185.0,new_hypertension,new_hypertension,count,lr_lbfgs,4,1,brier,0.2499988258372813
186,186,186.0,186.0,186.0,186.0,186.0,new_hypertension,new_hypertension,count,lr_lbfgs,0,2,auroc,0.6308994454650025
187,187,187.0,187.0,187.0,187.0,187.0,new_hypertension,new_hypertension,count,lr_lbfgs,0,2,auprc,0.1764537328810398
188,188,188.0,188.0,188.0,188.0,188.0,new_hypertension,new_hypertension,count,lr_lbfgs,0,2,brier,0.24999917761391
189,189,189.0,189.0,189.0,189.0,189.0,new_hypertension,new_hypertension,count,lr_lbfgs,1,2,auroc,0.5841731476871485
190,190,190.0,190.0,190.0,190.0,190.0,new_hypertension,new_hypertension,count,lr_lbfgs,1,2,auprc,0.1588034705485062
191,191,191.0,191.0,191.0,191.0,191.0,new_hypertension,new_hypertension,count,lr_lbfgs,1,2,brier,0.2499767027172667
192,192,192.0,192.0,192.0,192.0,192.0,new_hypertension,new_hypertension,count,lr_lbfgs,2,2,auroc,0.5167190298785058
193,193,193.0,193.0,193.0,193.0,193.0,new_hypertension,new_hypertension,count,lr_lbfgs,2,2,auprc,0.1282774924391736
194,194,194.0,194.0,194.0,194.0,194.0,new_hypertension,new_hypertension,count,lr_lbfgs,2,2,brier,0.2500863214918363
195,195,195.0,195.0,195.0,195.0,195.0,new_hypertension,new_hypertension,count,lr_lbfgs,3,2,auroc,0.6181949284941715
196,196,196.0,196.0,196.0,196.0,196.0,new_hypertension,new_hypertension,count,lr_lbfgs,3,2,auprc,0.1634177321308021
197,197,197.0,197.0,197.0,197.0,197.0,new_hypertension,new_hypertension,count,lr_lbfgs,3,2,brier,0.2500178678473683
198,198,198.0,198.0,198.0,198.0,198.0,new_hypertension,new_hypertension,count,lr_lbfgs,4,2,auroc,0.5275064237929279
199,199,199.0,199.0,199.0,199.0,199.0,new_hypertension,new_hypertension,count,lr_lbfgs,4,2,auprc,0.1291256504225577
200,200,200.0,200.0,200.0,200.0,200.0,new_hypertension,new_hypertension,count,lr_lbfgs,4,2,brier,0.2499567516555284
201,201,201.0,201.0,201.0,201.0,201.0,new_hypertension,new_hypertension,count,lr_lbfgs,0,4,auroc,0.6315232258027597
202,202,202.0,202.0,202.0,202.0,202.0,new_hypertension,new_hypertension,count,lr_lbfgs,0,4,auprc,0.1665832539994946
203,203,203.0,203.0,203.0,203.0,203.0,new_hypertension,new_hypertension,count,lr_lbfgs,0,4,brier,0.2500242197392937
204,204,204.0,204.0,204.0,204.0,204.0,new_hypertension,new_hypertension,count,lr_lbfgs,1,4,auroc,0.4918422121883244
205,205,205.0,205.0,205.0,205.0,205.0,new_hypertension,new_hypertension,count,lr_lbfgs,1,4,auprc,0.1220329874862674
206,206,206.0,206.0,206.0,206.0,206.0,new_hypertension,new_hypertension,count,lr_lbfgs,1,4,brier,0.2215192951452993
207,207,207.0,207.0,207.0,207.0,207.0,new_hypertension,new_hypertension,count,lr_lbfgs,2,4,auroc,0.5229797242776453
208,208,208.0,208.0,208.0,208.0,208.0,new_hypertension,new_hypertension,count,lr_lbfgs,2,4,auprc,0.1298769796468727
209,209,209.0,209.0,209.0,209.0,209.0,new_hypertension,new_hypertension,count,lr_lbfgs,2,4,brier,0.2825739233596774
210,210,210.0,210.0,210.0,210.0,210.0,new_hypertension,new_hypertension,count,lr_lbfgs,3,4,auroc,0.5983369672830074
211,211,211.0,211.0,211.0,211.0,211.0,new_hypertension,new_hypertension,count,lr_lbfgs,3,4,auprc,0.1674548289090523
212,212,212.0,212.0,212.0,212.0,212.0,new_hypertension,new_hypertension,count,lr_lbfgs,3,4,brier,0.2500156407438371
213,213,213.0,213.0,213.0,213.0,213.0,new_hypertension,new_hypertension,count,lr_lbfgs,4,4,auroc,0.6528462123943437
214,214,214.0,214.0,214.0,214.0,214.0,new_hypertension,new_hypertension,count,lr_lbfgs,4,4,auprc,0.2040753184203939
215,215,215.0,215.0,215.0,215.0,215.0,new_hypertension,new_hypertension,count,lr_lbfgs,4,4,brier,0.232516493507223
216,216,216.0,216.0,216.0,216.0,216.0,new_hypertension,new_hypertension,count,lr_lbfgs,0,8,auroc,0.5868170606783755
217,217,217.0,217.0,217.0,217.0,217.0,new_hypertension,new_hypertension,count,lr_lbfgs,0,8,auprc,0.1533039021603464
218,218,218.0,218.0,218.0,218.0,218.0,new_hypertension,new_hypertension,count,lr_lbfgs,0,8,brier,0.278542956034557
219,219,219.0,219.0,219.0,219.0,219.0,new_hypertension,new_hypertension,count,lr_lbfgs,1,8,auroc,0.531681173851586
220,220,220.0,220.0,220.0,220.0,220.0,new_hypertension,new_hypertension,count,lr_lbfgs,1,8,auprc,0.1320301716068087
221,221,221.0,221.0,221.0,221.0,221.0,new_hypertension,new_hypertension,count,lr_lbfgs,1,8,brier,0.3190629731241415
222,222,222.0,222.0,222.0,222.0,222.0,new_hypertension,new_hypertension,count,lr_lbfgs,2,8,auroc,0.5937301491922331
223,223,223.0,223.0,223.0,223.0,223.0,new_hypertension,new_hypertension,count,lr_lbfgs,2,8,auprc,0.1612094561874223
224,224,224.0,224.0,224.0,224.0,224.0,new_hypertension,new_hypertension,count,lr_lbfgs,2,8,brier,0.3579803500031084
225,225,225.0,225.0,225.0,225.0,225.0,new_hypertension,new_hypertension,count,lr_lbfgs,3,8,auroc,0.5595710222557957
226,226,226.0,226.0,226.0,226.0,226.0,new_hypertension,new_hypertension,count,lr_lbfgs,3,8,auprc,0.1347968290667427
227,227,227.0,227.0,227.0,227.0,227.0,new_hypertension,new_hypertension,count,lr_lbfgs,3,8,brier,0.2500569167438149
228,228,228.0,228.0,228.0,228.0,228.0,new_hypertension,new_hypertension,count,lr_lbfgs,4,8,auroc,0.5855523317366845
229,229,229.0,229.0,229.0,229.0,229.0,new_hypertension,new_hypertension,count,lr_lbfgs,4,8,auprc,0.1523391921132607
230,230,230.0,230.0,230.0,230.0,230.0,new_hypertension,new_hypertension,count,lr_lbfgs,4,8,brier,0.297590579102896
231,231,231.0,231.0,231.0,231.0,231.0,new_hypertension,new_hypertension,count,lr_lbfgs,0,12,auroc,0.5924139154520118
232,232,232.0,232.0,232.0,232.0,232.0,new_hypertension,new_hypertension,count,lr_lbfgs,0,12,auprc,0.1785623189121264
233,233,233.0,233.0,233.0,233.0,233.0,new_hypertension,new_hypertension,count,lr_lbfgs,0,12,brier,0.2310112280601036
234,234,234.0,234.0,234.0,234.0,234.0,new_hypertension,new_hypertension,count,lr_lbfgs,1,12,auroc,0.5218809552423301
235,235,235.0,235.0,235.0,235.0,235.0,new_hypertension,new_hypertension,count,lr_lbfgs,1,12,auprc,0.1248799717729867
236,236,236.0,236.0,236.0,236.0,236.0,new_hypertension,new_hypertension,count,lr_lbfgs,1,12,brier,0.364304933777489
237,237,237.0,237.0,237.0,237.0,237.0,new_hypertension,new_hypertension,count,lr_lbfgs,2,12,auroc,0.610383367383728
238,238,238.0,238.0,238.0,238.0,238.0,new_hypertension,new_hypertension,count,lr_lbfgs,2,12,auprc,0.1589866123220733
239,239,239.0,239.0,239.0,239.0,239.0,new_hypertension,new_hypertension,count,lr_lbfgs,2,12,brier,0.25038478706371
240,240,240.0,240.0,240.0,240.0,240.0,new_hypertension,new_hypertension,count,lr_lbfgs,3,12,auroc,0.5475589586874289
241,241,241.0,241.0,241.0,241.0,241.0,new_hypertension,new_hypertension,count,lr_lbfgs,3,12,auprc,0.131133369992675
242,242,242.0,242.0,242.0,242.0,242.0,new_hypertension,new_hypertension,count,lr_lbfgs,3,12,brier,0.2500558630017507
243,243,243.0,243.0,243.0,243.0,243.0,new_hypertension,new_hypertension,count,lr_lbfgs,4,12,auroc,0.6558735499968525
244,244,244.0,244.0,244.0,244.0,244.0,new_hypertension,new_hypertension,count,lr_lbfgs,4,12,auprc,0.2066436574520886
245,245,245.0,245.0,245.0,245.0,245.0,new_hypertension,new_hypertension,count,lr_lbfgs,4,12,brier,0.2499944217535652
246,246,246.0,246.0,246.0,246.0,246.0,new_hypertension,new_hypertension,count,lr_lbfgs,0,16,auroc,0.6454352441613588
247,247,247.0,247.0,247.0,247.0,247.0,new_hypertension,new_hypertension,count,lr_lbfgs,0,16,auprc,0.1951935600463883
248,248,248.0,248.0,248.0,248.0,248.0,new_hypertension,new_hypertension,count,lr_lbfgs,0,16,brier,0.2456714447968827
249,249,249.0,249.0,249.0,249.0,249.0,new_hypertension,new_hypertension,count,lr_lbfgs,1,16,auroc,0.5688704997682285
250,250,250.0,250.0,250.0,250.0,250.0,new_hypertension,new_hypertension,count,lr_lbfgs,1,16,auprc,0.1560260414735329
251,251,251.0,251.0,251.0,251.0,251.0,new_hypertension,new_hypertension,count,lr_lbfgs,1,16,brier,0.3053349655693446
252,252,252.0,252.0,252.0,252.0,252.0,new_hypertension,new_hypertension,count,lr_lbfgs,2,16,auroc,0.6088840054709541
253,253,253.0,253.0,253.0,253.0,253.0,new_hypertension,new_hypertension,count,lr_lbfgs,2,16,auprc,0.1628933395687665
254,254,254.0,254.0,254.0,254.0,254.0,new_hypertension,new_hypertension,count,lr_lbfgs,2,16,brier,0.2495473029494744
255,255,255.0,255.0,255.0,255.0,255.0,new_hypertension,new_hypertension,count,lr_lbfgs,3,16,auroc,0.5517651839007446
256,256,256.0,256.0,256.0,256.0,256.0,new_hypertension,new_hypertension,count,lr_lbfgs,3,16,auprc,0.133294209130433
257,257,257.0,257.0,257.0,257.0,257.0,new_hypertension,new_hypertension,count,lr_lbfgs,3,16,brier,0.2785031551681083
258,258,258.0,258.0,258.0,258.0,258.0,new_hypertension,new_hypertension,count,lr_lbfgs,4,16,auroc,0.6857863924322283
259,259,259.0,259.0,259.0,259.0,259.0,new_hypertension,new_hypertension,count,lr_lbfgs,4,16,auprc,0.2288021426938863
260,260,260.0,260.0,260.0,260.0,260.0,new_hypertension,new_hypertension,count,lr_lbfgs,4,16,brier,0.2499785726699215
261,261,261.0,261.0,261.0,261.0,261.0,new_hypertension,new_hypertension,count,lr_lbfgs,0,24,auroc,0.6115508094837502
262,262,262.0,262.0,262.0,262.0,262.0,new_hypertension,new_hypertension,count,lr_lbfgs,0,24,auprc,0.1780920772829785
263,263,263.0,263.0,263.0,263.0,263.0,new_hypertension,new_hypertension,count,lr_lbfgs,0,24,brier,0.2502343245011442
264,264,264.0,264.0,264.0,264.0,264.0,new_hypertension,new_hypertension,count,lr_lbfgs,1,24,auroc,0.6307649607132843
265,265,265.0,265.0,265.0,265.0,265.0,new_hypertension,new_hypertension,count,lr_lbfgs,1,24,auprc,0.1749821601024824
266,266,266.0,266.0,266.0,266.0,266.0,new_hypertension,new_hypertension,count,lr_lbfgs,1,24,brier,0.3381892887876263
267,267,267.0,267.0,267.0,267.0,267.0,new_hypertension,new_hypertension,count,lr_lbfgs,2,24,auroc,0.6297892309189028
268,268,268.0,268.0,268.0,268.0,268.0,new_hypertension,new_hypertension,count,lr_lbfgs,2,24,auprc,0.1760375170102058
269,269,269.0,269.0,269.0,269.0,269.0,new_hypertension,new_hypertension,count,lr_lbfgs,2,24,brier,0.2649718818578898
270,270,270.0,270.0,270.0,270.0,270.0,new_hypertension,new_hypertension,count,lr_lbfgs,3,24,auroc,0.5734773178590028
271,271,271.0,271.0,271.0,271.0,271.0,new_hypertension,new_hypertension,count,lr_lbfgs,3,24,auprc,0.1415432271824512
272,272,272.0,272.0,272.0,272.0,272.0,new_hypertension,new_hypertension,count,lr_lbfgs,3,24,brier,0.250032611053892
273,273,273.0,273.0,273.0,273.0,273.0,new_hypertension,new_hypertension,count,lr_lbfgs,4,24,auroc,0.6714508901746012
274,274,274.0,274.0,274.0,274.0,274.0,new_hypertension,new_hypertension,count,lr_lbfgs,4,24,auprc,0.2105572346726769
275,275,275.0,275.0,275.0,275.0,275.0,new_hypertension,new_hypertension,count,lr_lbfgs,4,24,brier,0.2405979022549654
276,276,276.0,276.0,276.0,276.0,276.0,new_hypertension,new_hypertension,count,lr_lbfgs,0,32,auroc,0.5885338872960553
277,277,277.0,277.0,277.0,277.0,277.0,new_hypertension,new_hypertension,count,lr_lbfgs,0,32,auprc,0.1733018830074317
278,278,278.0,278.0,278.0,278.0,278.0,new_hypertension,new_hypertension,count,lr_lbfgs,0,32,brier,0.2502952701365709
279,279,279.0,279.0,279.0,279.0,279.0,new_hypertension,new_hypertension,count,lr_lbfgs,1,32,auroc,0.5923595492757854
280,280,280.0,280.0,280.0,280.0,280.0,new_hypertension,new_hypertension,count,lr_lbfgs,1,32,auprc,0.1674855549456325
281,281,281.0,281.0,281.0,281.0,281.0,new_hypertension,new_hypertension,count,lr_lbfgs,1,32,brier,0.3506540151807933
282,282,282.0,282.0,282.0,282.0,282.0,new_hypertension,new_hypertension,count,lr_lbfgs,2,32,auroc,0.6156940843877511
283,283,283.0,283.0,283.0,283.0,283.0,new_hypertension,new_hypertension,count,lr_lbfgs,2,32,auprc,0.1686732699443667
284,284,284.0,284.0,284.0,284.0,284.0,new_hypertension,new_hypertension,count,lr_lbfgs,2,32,brier,0.2577195996655022
285,285,285.0,285.0,285.0,285.0,285.0,new_hypertension,new_hypertension,count,lr_lbfgs,3,32,auroc,0.5540714543238279
286,286,286.0,286.0,286.0,286.0,286.0,new_hypertension,new_hypertension,count,lr_lbfgs,3,32,auprc,0.1361813916926281
287,287,287.0,287.0,287.0,287.0,287.0,new_hypertension,new_hypertension,count,lr_lbfgs,3,32,brier,0.251602715291532
288,288,288.0,288.0,288.0,288.0,288.0,new_hypertension,new_hypertension,count,lr_lbfgs,4,32,auroc,0.6637452000389148
289,289,289.0,289.0,289.0,289.0,289.0,new_hypertension,new_hypertension,count,lr_lbfgs,4,32,auprc,0.1999675155000314
290,290,290.0,290.0,290.0,290.0,290.0,new_hypertension,new_hypertension,count,lr_lbfgs,4,32,brier,0.2611407199112204
291,291,291.0,291.0,291.0,291.0,291.0,new_hypertension,new_hypertension,count,lr_lbfgs,0,48,auroc,0.6327364499459199
292,292,292.0,292.0,292.0,292.0,292.0,new_hypertension,new_hypertension,count,lr_lbfgs,0,48,auprc,0.2062169729535075
293,293,293.0,293.0,293.0,293.0,293.0,new_hypertension,new_hypertension,count,lr_lbfgs,0,48,brier,0.253523399703312
294,294,294.0,294.0,294.0,294.0,294.0,new_hypertension,new_hypertension,count,lr_lbfgs,1,48,auroc,0.6304158726343561
295,295,295.0,295.0,295.0,295.0,295.0,new_hypertension,new_hypertension,count,lr_lbfgs,1,48,auprc,0.1775055916565179
296,296,296.0,296.0,296.0,296.0,296.0,new_hypertension,new_hypertension,count,lr_lbfgs,1,48,brier,0.3578813853448589
297,297,297.0,297.0,297.0,297.0,297.0,new_hypertension,new_hypertension,count,lr_lbfgs,2,48,auroc,0.6489318477060335
298,298,298.0,298.0,298.0,298.0,298.0,new_hypertension,new_hypertension,count,lr_lbfgs,2,48,auprc,0.1737718503998526
299,299,299.0,299.0,299.0,299.0,299.0,new_hypertension,new_hypertension,count,lr_lbfgs,2,48,brier,0.2594021756519636
300,300,300.0,300.0,300.0,300.0,300.0,new_hypertension,new_hypertension,count,lr_lbfgs,3,48,auroc,0.5934669024441888
301,301,301.0,301.0,301.0,301.0,301.0,new_hypertension,new_hypertension,count,lr_lbfgs,3,48,auprc,0.1552877274220674
302,302,302.0,302.0,302.0,302.0,302.0,new_hypertension,new_hypertension,count,lr_lbfgs,3,48,brier,0.2566073463154435
303,303,303.0,303.0,303.0,303.0,303.0,new_hypertension,new_hypertension,count,lr_lbfgs,4,48,auroc,0.6655850658975283
304,304,304.0,304.0,304.0,304.0,304.0,new_hypertension,new_hypertension,count,lr_lbfgs,4,48,auprc,0.1953651049320596
305,305,305.0,305.0,305.0,305.0,305.0,new_hypertension,new_hypertension,count,lr_lbfgs,4,48,brier,0.2499850785247972
306,306,306.0,306.0,306.0,306.0,306.0,new_hypertension,new_hypertension,count,lr_lbfgs,0,64,auroc,0.6218746602113986
307,307,307.0,307.0,307.0,307.0,307.0,new_hypertension,new_hypertension,count,lr_lbfgs,0,64,auprc,0.177350921796894
308,308,308.0,308.0,308.0,308.0,308.0,new_hypertension,new_hypertension,count,lr_lbfgs,0,64,brier,0.2577349265306714
309,309,309.0,309.0,309.0,309.0,309.0,new_hypertension,new_hypertension,count,lr_lbfgs,1,64,auroc,0.6099884972616615
310,310,310.0,310.0,310.0,310.0,310.0,new_hypertension,new_hypertension,count,lr_lbfgs,1,64,auprc,0.1667993218923504
311,311,311.0,311.0,311.0,311.0,311.0,new_hypertension,new_hypertension,count,lr_lbfgs,1,64,brier,0.3032012985036146
312,312,312.0,312.0,312.0,312.0,312.0,new_hypertension,new_hypertension,count,lr_lbfgs,2,64,auroc,0.6553699475223331
313,313,313.0,313.0,313.0,313.0,313.0,new_hypertension,new_hypertension,count,lr_lbfgs,2,64,auprc,0.1809414266004096
314,314,314.0,314.0,314.0,314.0,314.0,new_hypertension,new_hypertension,count,lr_lbfgs,2,64,brier,0.2412007586548838
315,315,315.0,315.0,315.0,315.0,315.0,new_hypertension,new_hypertension,count,lr_lbfgs,3,64,auroc,0.6688870957588661
316,316,316.0,316.0,316.0,316.0,316.0,new_hypertension,new_hypertension,count,lr_lbfgs,3,64,auprc,0.20343440274728
317,317,317.0,317.0,317.0,317.0,317.0,new_hypertension,new_hypertension,count,lr_lbfgs,3,64,brier,0.2367514123206675
318,318,318.0,318.0,318.0,318.0,318.0,new_hypertension,new_hypertension,count,lr_lbfgs,4,64,auroc,0.6776658025306025
319,319,319.0,319.0,319.0,319.0,319.0,new_hypertension,new_hypertension,count,lr_lbfgs,4,64,auprc,0.2098654589741895
320,320,320.0,320.0,320.0,320.0,320.0,new_hypertension,new_hypertension,count,lr_lbfgs,4,64,brier,0.2498323239934844
321,321,321.0,321.0,321.0,321.0,321.0,new_hypertension,new_hypertension,count,lr_lbfgs,0,128,auroc,0.608689431787617
322,322,322.0,322.0,322.0,322.0,322.0,new_hypertension,new_hypertension,count,lr_lbfgs,0,128,auprc,0.1754200092269097
323,323,323.0,323.0,323.0,323.0,323.0,new_hypertension,new_hypertension,count,lr_lbfgs,0,128,brier,0.2487942549569265
324,324,324.0,324.0,324.0,324.0,324.0,new_hypertension,new_hypertension,count,lr_lbfgs,1,128,auroc,0.6810422282120395
325,325,325.0,325.0,325.0,325.0,325.0,new_hypertension,new_hypertension,count,lr_lbfgs,1,128,auprc,0.1924539522199483
326,326,326.0,326.0,326.0,326.0,326.0,new_hypertension,new_hypertension,count,lr_lbfgs,1,128,brier,0.2384926061787647
327,327,327.0,327.0,327.0,327.0,327.0,new_hypertension,new_hypertension,count,lr_lbfgs,2,128,auroc,0.6665178750264678
328,328,328.0,328.0,328.0,328.0,328.0,new_hypertension,new_hypertension,count,lr_lbfgs,2,128,auprc,0.1838280803953438
329,329,329.0,329.0,329.0,329.0,329.0,new_hypertension,new_hypertension,count,lr_lbfgs,2,128,brier,0.2371111682888167
330,330,330.0,330.0,330.0,330.0,330.0,new_hypertension,new_hypertension,count,lr_lbfgs,3,128,auroc,0.7203976170446547
331,331,331.0,331.0,331.0,331.0,331.0,new_hypertension,new_hypertension,count,lr_lbfgs,3,128,auprc,0.2264768846949989
332,332,332.0,332.0,332.0,332.0,332.0,new_hypertension,new_hypertension,count,lr_lbfgs,3,128,brier,0.2141189792013914
333,333,333.0,333.0,333.0,333.0,333.0,new_hypertension,new_hypertension,count,lr_lbfgs,4,128,auroc,0.6512781774168626
334,334,334.0,334.0,334.0,334.0,334.0,new_hypertension,new_hypertension,count,lr_lbfgs,4,128,auprc,0.1768405840631124
335,335,335.0,335.0,335.0,335.0,335.0,new_hypertension,new_hypertension,count,lr_lbfgs,4,128,brier,0.2363646430558348
336,336,336.0,336.0,336.0,336.0,336.0,new_hypertension,new_hypertension,count,rf,0,-1,auroc,0.6267275567840405
337,337,337.0,337.0,337.0,337.0,337.0,new_hypertension,new_hypertension,count,rf,0,-1,auprc,0.2261137219498013
338,338,338.0,338.0,338.0,338.0,338.0,new_hypertension,new_hypertension,count,rf,0,-1,brier,0.1105692496765593
339,339,339.0,339.0,339.0,339.0,339.0,new_hypertension,new_hypertension,count,rf,0,1,auroc,0.5176318093635723
340,340,340.0,340.0,340.0,340.0,340.0,new_hypertension,new_hypertension,count,rf,0,1,auprc,0.1411746682740019
341,341,341.0,341.0,341.0,341.0,341.0,new_hypertension,new_hypertension,count,rf,0,1,brier,0.3627980922098568
342,342,342.0,342.0,342.0,342.0,342.0,new_hypertension,new_hypertension,count,rf,1,1,auroc,0.5385656485884824
343,343,343.0,343.0,343.0,343.0,343.0,new_hypertension,new_hypertension,count,rf,1,1,auprc,0.1381923281984703
344,344,344.0,344.0,344.0,344.0,344.0,new_hypertension,new_hypertension,count,rf,1,1,brier,0.5180484896661367
345,345,345.0,345.0,345.0,345.0,345.0,new_hypertension,new_hypertension,count,rf,2,1,auroc,0.4926033386554958
346,346,346.0,346.0,346.0,346.0,346.0,new_hypertension,new_hypertension,count,rf,2,1,auprc,0.1286570676538295
347,347,347.0,347.0,347.0,347.0,347.0,new_hypertension,new_hypertension,count,rf,2,1,brier,0.1991017488076312
348,348,348.0,348.0,348.0,348.0,348.0,new_hypertension,new_hypertension,count,rf,3,1,auroc,0.4871238003674009
349,349,349.0,349.0,349.0,349.0,349.0,new_hypertension,new_hypertension,count,rf,3,1,auprc,0.1215503362567418
350,350,350.0,350.0,350.0,350.0,350.0,new_hypertension,new_hypertension,count,rf,3,1,brier,0.450174880763116
351,351,351.0,351.0,351.0,351.0,351.0,new_hypertension,new_hypertension,count,rf,4,1,auroc,0.5251572327044026
352,352,352.0,352.0,352.0,352.0,352.0,new_hypertension,new_hypertension,count,rf,4,1,auprc,0.1337790711127243
353,353,353.0,353.0,353.0,353.0,353.0,new_hypertension,new_hypertension,count,rf,4,1,brier,0.3590838632750397
354,354,354.0,354.0,354.0,354.0,354.0,new_hypertension,new_hypertension,count,rf,0,2,auroc,0.5239468699389381
355,355,355.0,355.0,355.0,355.0,355.0,new_hypertension,new_hypertension,count,rf,0,2,auprc,0.2080083945959137
356,356,356.0,356.0,356.0,356.0,356.0,new_hypertension,new_hypertension,count,rf,0,2,brier,0.198960254372019
357,357,357.0,357.0,357.0,357.0,357.0,new_hypertension,new_hypertension,count,rf,1,2,auroc,0.5124698839997481
358,358,358.0,358.0,358.0,358.0,358.0,new_hypertension,new_hypertension,count,rf,1,2,auprc,0.1284403613129716
359,359,359.0,359.0,359.0,359.0,359.0,new_hypertension,new_hypertension,count,rf,1,2,brier,0.3494515103338632
360,360,360.0,360.0,360.0,360.0,360.0,new_hypertension,new_hypertension,count,rf,2,2,auroc,0.5292175276552155
361,361,361.0,361.0,361.0,361.0,361.0,new_hypertension,new_hypertension,count,rf,2,2,auprc,0.1321475299053078
362,362,362.0,362.0,362.0,362.0,362.0,new_hypertension,new_hypertension,count,rf,2,2,brier,0.2125119236883943
363,363,363.0,363.0,363.0,363.0,363.0,new_hypertension,new_hypertension,count,rf,3,2,auroc,0.4599264053656554
364,364,364.0,364.0,364.0,364.0,364.0,new_hypertension,new_hypertension,count,rf,3,2,auprc,0.1186651186980834
365,365,365.0,365.0,365.0,365.0,365.0,new_hypertension,new_hypertension,count,rf,3,2,brier,0.3707392686804451
366,366,366.0,366.0,366.0,366.0,366.0,new_hypertension,new_hypertension,count,rf,4,2,auroc,0.4931183866407998
367,367,367.0,367.0,367.0,367.0,367.0,new_hypertension,new_hypertension,count,rf,4,2,auprc,0.1206217113809617
368,368,368.0,368.0,368.0,368.0,368.0,new_hypertension,new_hypertension,count,rf,4,2,brier,0.2945608108108108
369,369,369.0,369.0,369.0,369.0,369.0,new_hypertension,new_hypertension,count,rf,0,4,auroc,0.5468293073749149
370,370,370.0,370.0,370.0,370.0,370.0,new_hypertension,new_hypertension,count,rf,0,4,auprc,0.1721390092673912
371,371,371.0,371.0,371.0,371.0,371.0,new_hypertension,new_hypertension,count,rf,0,4,brier,0.1924562798092209
372,372,372.0,372.0,372.0,372.0,372.0,new_hypertension,new_hypertension,count,rf,1,4,auroc,0.5557138851214083
373,373,373.0,373.0,373.0,373.0,373.0,new_hypertension,new_hypertension,count,rf,1,4,auprc,0.1429801458305381
374,374,374.0,374.0,374.0,374.0,374.0,new_hypertension,new_hypertension,count,rf,1,4,brier,0.2276988517929694
375,375,375.0,375.0,375.0,375.0,375.0,new_hypertension,new_hypertension,count,rf,2,4,auroc,0.5188536176398212
376,376,376.0,376.0,376.0,376.0,376.0,new_hypertension,new_hypertension,count,rf,2,4,auprc,0.1455987166268802
377,377,377.0,377.0,377.0,377.0,377.0,new_hypertension,new_hypertension,count,rf,2,4,brier,0.1692023847376788
378,378,378.0,378.0,378.0,378.0,378.0,new_hypertension,new_hypertension,count,rf,3,4,auroc,0.5375298298624822
379,379,379.0,379.0,379.0,379.0,379.0,new_hypertension,new_hypertension,count,rf,3,4,auprc,0.1376467861785356
380,380,380.0,380.0,380.0,380.0,380.0,new_hypertension,new_hypertension,count,rf,3,4,brier,0.3358108108108107
381,381,381.0,381.0,381.0,381.0,381.0,new_hypertension,new_hypertension,count,rf,4,4,auroc,0.5196404965062578
382,382,382.0,382.0,382.0,382.0,382.0,new_hypertension,new_hypertension,count,rf,4,4,auprc,0.1307775660824719
383,383,383.0,383.0,383.0,383.0,383.0,new_hypertension,new_hypertension,count,rf,4,4,brier,0.3975278219395867
384,384,384.0,384.0,384.0,384.0,384.0,new_hypertension,new_hypertension,count,rf,0,8,auroc,0.6137054268889386
385,385,385.0,385.0,385.0,385.0,385.0,new_hypertension,new_hypertension,count,rf,0,8,auprc,0.2002538519333599
386,386,386.0,386.0,386.0,386.0,386.0,new_hypertension,new_hypertension,count,rf,0,8,brier,0.2168561208267091
387,387,387.0,387.0,387.0,387.0,387.0,new_hypertension,new_hypertension,count,rf,1,8,auroc,0.4835413554918423
388,388,388.0,388.0,388.0,388.0,388.0,new_hypertension,new_hypertension,count,rf,1,8,auprc,0.1219177710243025
389,389,389.0,389.0,389.0,389.0,389.0,new_hypertension,new_hypertension,count,rf,1,8,brier,0.2501470588235294
390,390,390.0,390.0,390.0,390.0,390.0,new_hypertension,new_hypertension,count,rf,2,8,auroc,0.5438849497255939
391,391,391.0,391.0,391.0,391.0,391.0,new_hypertension,new_hypertension,count,rf,2,8,auprc,0.1543301836185876
392,392,392.0,392.0,392.0,392.0,392.0,new_hypertension,new_hypertension,count,rf,2,8,brier,0.2313771860095389
393,393,393.0,393.0,393.0,393.0,393.0,new_hypertension,new_hypertension,count,rf,3,8,auroc,0.526373318225259
394,394,394.0,394.0,394.0,394.0,394.0,new_hypertension,new_hypertension,count,rf,3,8,auprc,0.1411722871673092
395,395,395.0,395.0,395.0,395.0,395.0,new_hypertension,new_hypertension,count,rf,3,8,brier,0.2707710651828299
396,396,396.0,396.0,396.0,396.0,396.0,new_hypertension,new_hypertension,count,rf,4,8,auroc,0.5799669224738329
397,397,397.0,397.0,397.0,397.0,397.0,new_hypertension,new_hypertension,count,rf,4,8,auprc,0.1764810890219128
398,398,398.0,398.0,398.0,398.0,398.0,new_hypertension,new_hypertension,count,rf,4,8,brier,0.2198613319201554
399,399,399.0,399.0,399.0,399.0,399.0,new_hypertension,new_hypertension,count,rf,0,12,auroc,0.5828025477707006
400,400,400.0,400.0,400.0,400.0,400.0,new_hypertension,new_hypertension,count,rf,0,12,auprc,0.168545577368452
401,401,401.0,401.0,401.0,401.0,401.0,new_hypertension,new_hypertension,count,rf,0,12,brier,0.2312241653418124
402,402,402.0,402.0,402.0,402.0,402.0,new_hypertension,new_hypertension,count,rf,1,12,auroc,0.500663839625503
403,403,403.0,403.0,403.0,403.0,403.0,new_hypertension,new_hypertension,count,rf,1,12,auprc,0.1235604182431618
404,404,404.0,404.0,404.0,404.0,404.0,new_hypertension,new_hypertension,count,rf,1,12,brier,0.2620623783725388
405,405,405.0,405.0,405.0,405.0,405.0,new_hypertension,new_hypertension,count,rf,2,12,auroc,0.6308422179110799
406,406,406.0,406.0,406.0,406.0,406.0,new_hypertension,new_hypertension,count,rf,2,12,auprc,0.1859890946120009
407,407,407.0,407.0,407.0,407.0,407.0,new_hypertension,new_hypertension,count,rf,2,12,brier,0.2219402137431548
408,408,408.0,408.0,408.0,408.0,408.0,new_hypertension,new_hypertension,count,rf,3,12,auroc,0.5209424233579985
409,409,409.0,409.0,409.0,409.0,409.0,new_hypertension,new_hypertension,count,rf,3,12,auprc,0.1318596922072274
410,410,410.0,410.0,410.0,410.0,410.0,new_hypertension,new_hypertension,count,rf,3,12,brier,0.2613672496025437
411,411,411.0,411.0,411.0,411.0,411.0,new_hypertension,new_hypertension,count,rf,4,12,auroc,0.6233110718148573
412,412,412.0,412.0,412.0,412.0,412.0,new_hypertension,new_hypertension,count,rf,4,12,auprc,0.2109488684464293
413,413,413.0,413.0,413.0,413.0,413.0,new_hypertension,new_hypertension,count,rf,4,12,brier,0.2436844197138315
414,414,414.0,414.0,414.0,414.0,414.0,new_hypertension,new_hypertension,count,rf,0,16,auroc,0.6187500357672212
415,415,415.0,415.0,415.0,415.0,415.0,new_hypertension,new_hypertension,count,rf,0,16,auprc,0.2099797817416723
416,416,416.0,416.0,416.0,416.0,416.0,new_hypertension,new_hypertension,count,rf,0,16,brier,0.1954943207381448
417,417,417.0,417.0,417.0,417.0,417.0,new_hypertension,new_hypertension,count,rf,1,16,auroc,0.5276895519654804
418,418,418.0,418.0,418.0,418.0,418.0,new_hypertension,new_hypertension,count,rf,1,16,auprc,0.1294361500781878
419,419,419.0,419.0,419.0,419.0,419.0,new_hypertension,new_hypertension,count,rf,1,16,brier,0.2758346581875994
420,420,420.0,420.0,420.0,420.0,420.0,new_hypertension,new_hypertension,count,rf,2,16,auroc,0.5329544869263653
421,421,421.0,421.0,421.0,421.0,421.0,new_hypertension,new_hypertension,count,rf,2,16,auprc,0.1703251413388154
422,422,422.0,422.0,422.0,422.0,422.0,new_hypertension,new_hypertension,count,rf,2,16,brier,0.2084902567870843
423,423,423.0,423.0,423.0,423.0,423.0,new_hypertension,new_hypertension,count,rf,3,16,auroc,0.5350604609107192
424,424,424.0,424.0,424.0,424.0,424.0,new_hypertension,new_hypertension,count,rf,3,16,auprc,0.1530717224885478
425,425,425.0,425.0,425.0,425.0,425.0,new_hypertension,new_hypertension,count,rf,3,16,brier,0.282165467953876
426,426,426.0,426.0,426.0,426.0,426.0,new_hypertension,new_hypertension,count,rf,4,16,auroc,0.646170618229265
427,427,427.0,427.0,427.0,427.0,427.0,new_hypertension,new_hypertension,count,rf,4,16,auprc,0.2119788144000487
428,428,428.0,428.0,428.0,428.0,428.0,new_hypertension,new_hypertension,count,rf,4,16,brier,0.274276307317836
429,429,429.0,429.0,429.0,429.0,429.0,new_hypertension,new_hypertension,count,rf,0,24,auroc,0.627986562970339
430,430,430.0,430.0,430.0,430.0,430.0,new_hypertension,new_hypertension,count,rf,0,24,auprc,0.2012905400144184
431,431,431.0,431.0,431.0,431.0,431.0,new_hypertension,new_hypertension,count,rf,0,24,brier,0.2339665185716876
432,432,432.0,432.0,432.0,432.0,432.0,new_hypertension,new_hypertension,count,rf,1,24,auroc,0.520115485203816
433,433,433.0,433.0,433.0,433.0,433.0,new_hypertension,new_hypertension,count,rf,1,24,auprc,0.1278892445901241
434,434,434.0,434.0,434.0,434.0,434.0,new_hypertension,new_hypertension,count,rf,1,24,brier,0.2822833863275039
435,435,435.0,435.0,435.0,435.0,435.0,new_hypertension,new_hypertension,count,rf,2,24,auroc,0.5601719115719836
436,436,436.0,436.0,436.0,436.0,436.0,new_hypertension,new_hypertension,count,rf,2,24,auprc,0.1466592701803159
437,437,437.0,437.0,437.0,437.0,437.0,new_hypertension,new_hypertension,count,rf,2,24,brier,0.2275570811137851
438,438,438.0,438.0,438.0,438.0,438.0,new_hypertension,new_hypertension,count,rf,3,24,auroc,0.5506063259338106
439,439,439.0,439.0,439.0,439.0,439.0,new_hypertension,new_hypertension,count,rf,3,24,auprc,0.1459644571220465
440,440,440.0,440.0,440.0,440.0,440.0,new_hypertension,new_hypertension,count,rf,3,24,brier,0.2525487075522374
441,441,441.0,441.0,441.0,441.0,441.0,new_hypertension,new_hypertension,count,rf,4,24,auroc,0.6700831516358496
442,442,442.0,442.0,442.0,442.0,442.0,new_hypertension,new_hypertension,count,rf,4,24,auprc,0.2552102843643546
443,443,443.0,443.0,443.0,443.0,443.0,new_hypertension,new_hypertension,count,rf,4,24,brier,0.2165907245528508
444,444,444.0,444.0,444.0,444.0,444.0,new_hypertension,new_hypertension,count,rf,0,32,auroc,0.5813461065233688
445,445,445.0,445.0,445.0,445.0,445.0,new_hypertension,new_hypertension,count,rf,0,32,auprc,0.1675341025404282
446,446,446.0,446.0,446.0,446.0,446.0,new_hypertension,new_hypertension,count,rf,0,32,brier,0.2403179650238473
447,447,447.0,447.0,447.0,447.0,447.0,new_hypertension,new_hypertension,count,rf,1,32,auroc,0.5529641011554243
448,448,448.0,448.0,448.0,448.0,448.0,new_hypertension,new_hypertension,count,rf,1,32,auprc,0.158076285631898
449,449,449.0,449.0,449.0,449.0,449.0,new_hypertension,new_hypertension,count,rf,1,32,brier,0.2872496025437202
450,450,450.0,450.0,450.0,450.0,450.0,new_hypertension,new_hypertension,count,rf,2,32,auroc,0.583969989870723
451,451,451.0,451.0,451.0,451.0,451.0,new_hypertension,new_hypertension,count,rf,2,32,auprc,0.1684508370069302
452,452,452.0,452.0,452.0,452.0,452.0,new_hypertension,new_hypertension,count,rf,2,32,brier,0.220162738451687
453,453,453.0,453.0,453.0,453.0,453.0,new_hypertension,new_hypertension,count,rf,3,32,auroc,0.5543947900034909
454,454,454.0,454.0,454.0,454.0,454.0,new_hypertension,new_hypertension,count,rf,3,32,auprc,0.159789910383718
455,455,455.0,455.0,455.0,455.0,455.0,new_hypertension,new_hypertension,count,rf,3,32,brier,0.2257457805089806
456,456,456.0,456.0,456.0,456.0,456.0,new_hypertension,new_hypertension,count,rf,4,32,auroc,0.6168643878654694
457,457,457.0,457.0,457.0,457.0,457.0,new_hypertension,new_hypertension,count,rf,4,32,auprc,0.1827612332603792
458,458,458.0,458.0,458.0,458.0,458.0,new_hypertension,new_hypertension,count,rf,4,32,brier,0.2059211049284579
459,459,459.0,459.0,459.0,459.0,459.0,new_hypertension,new_hypertension,count,rf,0,48,auroc,0.6614417909935275
460,460,460.0,460.0,460.0,460.0,460.0,new_hypertension,new_hypertension,count,rf,0,48,auprc,0.228736456227671
461,461,461.0,461.0,461.0,461.0,461.0,new_hypertension,new_hypertension,count,rf,0,48,brier,0.2224969236128478
462,462,462.0,462.0,462.0,462.0,462.0,new_hypertension,new_hypertension,count,rf,1,48,auroc,0.5530327742201316
463,463,463.0,463.0,463.0,463.0,463.0,new_hypertension,new_hypertension,count,rf,1,48,auprc,0.1374379884040291
464,464,464.0,464.0,464.0,464.0,464.0,new_hypertension,new_hypertension,count,rf,1,48,brier,0.2658744038155803
465,465,465.0,465.0,465.0,465.0,465.0,new_hypertension,new_hypertension,count,rf,2,48,auroc,0.5893293502955803
466,466,466.0,466.0,466.0,466.0,466.0,new_hypertension,new_hypertension,count,rf,2,48,auprc,0.1639141417807403
467,467,467.0,467.0,467.0,467.0,467.0,new_hypertension,new_hypertension,count,rf,2,48,brier,0.2413356892614795
468,468,468.0,468.0,468.0,468.0,468.0,new_hypertension,new_hypertension,count,rf,3,48,auroc,0.5988691835344881
469,469,469.0,469.0,469.0,469.0,469.0,new_hypertension,new_hypertension,count,rf,3,48,auprc,0.2153210404206802
470,470,470.0,470.0,470.0,470.0,470.0,new_hypertension,new_hypertension,count,rf,3,48,brier,0.2263219144039842
471,471,471.0,471.0,471.0,471.0,471.0,new_hypertension,new_hypertension,count,rf,4,48,auroc,0.6419558088828609
472,472,472.0,472.0,472.0,472.0,472.0,new_hypertension,new_hypertension,count,rf,4,48,auprc,0.2027337240765835
473,473,473.0,473.0,473.0,473.0,473.0,new_hypertension,new_hypertension,count,rf,4,48,brier,0.2237221780604133
474,474,474.0,474.0,474.0,474.0,474.0,new_hypertension,new_hypertension,count,rf,0,64,auroc,0.6729731431089441
475,475,475.0,475.0,475.0,475.0,475.0,new_hypertension,new_hypertension,count,rf,0,64,auprc,0.2347102800622101
476,476,476.0,476.0,476.0,476.0,476.0,new_hypertension,new_hypertension,count,rf,0,64,brier,0.2175832198513045
477,477,477.0,477.0,477.0,477.0,477.0,new_hypertension,new_hypertension,count,rf,1,64,auroc,0.5931292598760451
478,478,478.0,478.0,478.0,478.0,478.0,new_hypertension,new_hypertension,count,rf,1,64,auprc,0.2438566638262659
479,479,479.0,479.0,479.0,479.0,479.0,new_hypertension,new_hypertension,count,rf,1,64,brier,0.2409214454184364
480,480,480.0,480.0,480.0,480.0,480.0,new_hypertension,new_hypertension,count,rf,2,64,auroc,0.6151275316039166
481,481,481.0,481.0,481.0,481.0,481.0,new_hypertension,new_hypertension,count,rf,2,64,auprc,0.1806671593827927
482,482,482.0,482.0,482.0,482.0,482.0,new_hypertension,new_hypertension,count,rf,2,64,brier,0.2298775746334569
483,483,483.0,483.0,483.0,483.0,483.0,new_hypertension,new_hypertension,count,rf,3,64,auroc,0.6124120841702864
484,484,484.0,484.0,484.0,484.0,484.0,new_hypertension,new_hypertension,count,rf,3,64,auprc,0.1800884702145324
485,485,485.0,485.0,485.0,485.0,485.0,new_hypertension,new_hypertension,count,rf,3,64,brier,0.231838023317435
486,486,486.0,486.0,486.0,486.0,486.0,new_hypertension,new_hypertension,count,rf,4,64,auroc,0.6548291471377639
487,487,487.0,487.0,487.0,487.0,487.0,new_hypertension,new_hypertension,count,rf,4,64,auprc,0.2009390845460038
488,488,488.0,488.0,488.0,488.0,488.0,new_hypertension,new_hypertension,count,rf,4,64,brier,0.211777119520226
489,489,489.0,489.0,489.0,489.0,489.0,new_hypertension,new_hypertension,count,rf,0,128,auroc,0.6356035503974454
490,490,490.0,490.0,490.0,490.0,490.0,new_hypertension,new_hypertension,count,rf,0,128,auprc,0.2456563065884196
491,491,491.0,491.0,491.0,491.0,491.0,new_hypertension,new_hypertension,count,rf,0,128,brier,0.2088962238430491
492,492,492.0,492.0,492.0,492.0,492.0,new_hypertension,new_hypertension,count,rf,1,128,auroc,0.6472035755775691
493,493,493.0,493.0,493.0,493.0,493.0,new_hypertension,new_hypertension,count,rf,1,128,auprc,0.2252469491848565
494,494,494.0,494.0,494.0,494.0,494.0,new_hypertension,new_hypertension,count,rf,1,128,brier,0.2113302247658255
495,495,495.0,495.0,495.0,495.0,495.0,new_hypertension,new_hypertension,count,rf,2,128,auroc,0.6349883541927768
496,496,496.0,496.0,496.0,496.0,496.0,new_hypertension,new_hypertension,count,rf,2,128,auprc,0.1939828765855468
497,497,497.0,497.0,497.0,497.0,497.0,new_hypertension,new_hypertension,count,rf,2,128,brier,0.2196330013951264
498,498,498.0,498.0,498.0,498.0,498.0,new_hypertension,new_hypertension,count,rf,3,128,auroc,0.6413663650774575
499,499,499.0,499.0,499.0,499.0,499.0,new_hypertension,new_hypertension,count,rf,3,128,auprc,0.1999583654095424
500,500,500.0,500.0,500.0,500.0,500.0,new_hypertension,new_hypertension,count,rf,3,128,brier,0.2117346166578236
501,501,501.0,501.0,501.0,501.0,501.0,new_hypertension,new_hypertension,count,rf,4,128,auroc,0.5775977017414345
502,502,502.0,502.0,502.0,502.0,502.0,new_hypertension,new_hypertension,count,rf,4,128,auprc,0.1516547578374397
503,503,503.0,503.0,503.0,503.0,503.0,new_hypertension,new_hypertension,count,rf,4,128,brier,0.2335175370963663
504,504,504.0,504.0,504.0,504.0,504.0,new_hypertension,new_hypertension,clmbr,lr_lbfgs,0,-1,auroc,0.7175762986362673
505,505,505.0,505.0,505.0,505.0,505.0,new_hypertension,new_hypertension,clmbr,lr_lbfgs,0,-1,auprc,0.2579558776461136
506,506,506.0,506.0,506.0,506.0,506.0,new_hypertension,new_hypertension,clmbr,lr_lbfgs,0,-1,brier,0.1037615926587521
507,507,507.0,507.0,507.0,507.0,507.0,new_hypertension,new_hypertension,clmbr,lr_lbfgs,0,1,auroc,0.6428084994363086
508,508,508.0,508.0,508.0,508.0,508.0,new_hypertension,new_hypertension,clmbr,lr_lbfgs,0,1,auprc,0.2054048077918034
509,509,509.0,509.0,509.0,509.0,509.0,new_hypertension,new_hypertension,clmbr,lr_lbfgs,0,1,brier,0.2499971811126519
510,510,510.0,510.0,510.0,510.0,510.0,new_hypertension,new_hypertension,clmbr,lr_lbfgs,1,1,auroc,0.5451840151996383
511,511,511.0,511.0,511.0,511.0,511.0,new_hypertension,new_hypertension,clmbr,lr_lbfgs,1,1,auprc,0.1490761687607839
512,512,512.0,512.0,512.0,512.0,512.0,new_hypertension,new_hypertension,clmbr,lr_lbfgs,1,1,brier,0.2499863057920198
513,513,513.0,513.0,513.0,513.0,513.0,new_hypertension,new_hypertension,clmbr,lr_lbfgs,2,1,auroc,0.473586622486995
514,514,514.0,514.0,514.0,514.0,514.0,new_hypertension,new_hypertension,clmbr,lr_lbfgs,2,1,auprc,0.1164534800200431
515,515,515.0,515.0,515.0,515.0,515.0,new_hypertension,new_hypertension,clmbr,lr_lbfgs,2,1,brier,0.2499991074457647
516,516,516.0,516.0,516.0,516.0,516.0,new_hypertension,new_hypertension,clmbr,lr_lbfgs,3,1,auroc,0.5711939384574886
517,517,517.0,517.0,517.0,517.0,517.0,new_hypertension,new_hypertension,clmbr,lr_lbfgs,3,1,auprc,0.1466272423280863
518,518,518.0,518.0,518.0,518.0,518.0,new_hypertension,new_hypertension,clmbr,lr_lbfgs,3,1,brier,0.2499985958025595
519,519,519.0,519.0,519.0,519.0,519.0,new_hypertension,new_hypertension,clmbr,lr_lbfgs,4,1,auroc,0.5396615562461013
520,520,520.0,520.0,520.0,520.0,520.0,new_hypertension,new_hypertension,clmbr,lr_lbfgs,4,1,auprc,0.1369705729557702
521,521,521.0,521.0,521.0,521.0,521.0,new_hypertension,new_hypertension,clmbr,lr_lbfgs,4,1,brier,0.2500020575252948
522,522,522.0,522.0,522.0,522.0,522.0,new_hypertension,new_hypertension,clmbr,lr_lbfgs,0,2,auroc,0.644342197881436
523,523,523.0,523.0,523.0,523.0,523.0,new_hypertension,new_hypertension,clmbr,lr_lbfgs,0,2,auprc,0.2171442597557339
524,524,524.0,524.0,524.0,524.0,524.0,new_hypertension,new_hypertension,clmbr,lr_lbfgs,0,2,brier,0.249995338580542
525,525,525.0,525.0,525.0,525.0,525.0,new_hypertension,new_hypertension,clmbr,lr_lbfgs,1,2,auroc,0.6555759667164547
526,526,526.0,526.0,526.0,526.0,526.0,new_hypertension,new_hypertension,clmbr,lr_lbfgs,1,2,auprc,0.1889492192428661
527,527,527.0,527.0,527.0,527.0,527.0,new_hypertension,new_hypertension,clmbr,lr_lbfgs,1,2,brier,0.2499926983979192
528,528,528.0,528.0,528.0,528.0,528.0,new_hypertension,new_hypertension,clmbr,lr_lbfgs,2,2,auroc,0.5804361884159985
529,529,529.0,529.0,529.0,529.0,529.0,new_hypertension,new_hypertension,clmbr,lr_lbfgs,2,2,auprc,0.1794418042686605
530,530,530.0,530.0,530.0,530.0,530.0,new_hypertension,new_hypertension,clmbr,lr_lbfgs,2,2,brier,0.2500019810912002
531,531,531.0,531.0,531.0,531.0,531.0,new_hypertension,new_hypertension,clmbr,lr_lbfgs,3,2,auroc,0.6434208342632811
532,532,532.0,532.0,532.0,532.0,532.0,new_hypertension,new_hypertension,clmbr,lr_lbfgs,3,2,auprc,0.1885254409033143
533,533,533.0,533.0,533.0,533.0,533.0,new_hypertension,new_hypertension,clmbr,lr_lbfgs,3,2,brier,0.2499976866185064
534,534,534.0,534.0,534.0,534.0,534.0,new_hypertension,new_hypertension,clmbr,lr_lbfgs,4,2,auroc,0.6357752330592132
535,535,535.0,535.0,535.0,535.0,535.0,new_hypertension,new_hypertension,clmbr,lr_lbfgs,4,2,auprc,0.1734323826276675
536,536,536.0,536.0,536.0,536.0,536.0,new_hypertension,new_hypertension,clmbr,lr_lbfgs,4,2,brier,0.2499988184927148
537,537,537.0,537.0,537.0,537.0,537.0,new_hypertension,new_hypertension,clmbr,lr_lbfgs,0,4,auroc,0.6531666866963106
538,538,538.0,538.0,538.0,538.0,538.0,new_hypertension,new_hypertension,clmbr,lr_lbfgs,0,4,auprc,0.2142381578068871
539,539,539.0,539.0,539.0,539.0,539.0,new_hypertension,new_hypertension,clmbr,lr_lbfgs,0,4,brier,0.2271494863540612
540,540,540.0,540.0,540.0,540.0,540.0,new_hypertension,new_hypertension,clmbr,lr_lbfgs,1,4,auroc,0.5818497089978883
541,541,541.0,541.0,541.0,541.0,541.0,new_hypertension,new_hypertension,clmbr,lr_lbfgs,1,4,auprc,0.1668067441999825
542,542,542.0,542.0,542.0,542.0,542.0,new_hypertension,new_hypertension,clmbr,lr_lbfgs,1,4,brier,0.2314398309728965
543,543,543.0,543.0,543.0,543.0,543.0,new_hypertension,new_hypertension,clmbr,lr_lbfgs,2,4,auroc,0.5714686307163173
544,544,544.0,544.0,544.0,544.0,544.0,new_hypertension,new_hypertension,clmbr,lr_lbfgs,2,4,auprc,0.160717473062862
545,545,545.0,545.0,545.0,545.0,545.0,new_hypertension,new_hypertension,clmbr,lr_lbfgs,2,4,brier,0.3659199254042108
546,546,546.0,546.0,546.0,546.0,546.0,new_hypertension,new_hypertension,clmbr,lr_lbfgs,3,4,auroc,0.6837605370233661
547,547,547.0,547.0,547.0,547.0,547.0,new_hypertension,new_hypertension,clmbr,lr_lbfgs,3,4,auprc,0.2081544084671187
548,548,548.0,548.0,548.0,548.0,548.0,new_hypertension,new_hypertension,clmbr,lr_lbfgs,3,4,brier,0.2499971962825431
549,549,549.0,549.0,549.0,549.0,549.0,new_hypertension,new_hypertension,clmbr,lr_lbfgs,4,4,auroc,0.6633188547621909
550,550,550.0,550.0,550.0,550.0,550.0,new_hypertension,new_hypertension,clmbr,lr_lbfgs,4,4,auprc,0.191362321475823
551,551,551.0,551.0,551.0,551.0,551.0,new_hypertension,new_hypertension,clmbr,lr_lbfgs,4,4,brier,0.2499979481771467
552,552,552.0,552.0,552.0,552.0,552.0,new_hypertension,new_hypertension,clmbr,lr_lbfgs,0,8,auroc,0.6502022994031166
553,553,553.0,553.0,553.0,553.0,553.0,new_hypertension,new_hypertension,clmbr,lr_lbfgs,0,8,auprc,0.2139910942286945
554,554,554.0,554.0,554.0,554.0,554.0,new_hypertension,new_hypertension,clmbr,lr_lbfgs,0,8,brier,0.2159971067312218
555,555,555.0,555.0,555.0,555.0,555.0,new_hypertension,new_hypertension,clmbr,lr_lbfgs,1,8,auroc,0.6271624861938527
556,556,556.0,556.0,556.0,556.0,556.0,new_hypertension,new_hypertension,clmbr,lr_lbfgs,1,8,auprc,0.1797165976060278
557,557,557.0,557.0,557.0,557.0,557.0,new_hypertension,new_hypertension,clmbr,lr_lbfgs,1,8,brier,0.2837089884306171
558,558,558.0,558.0,558.0,558.0,558.0,new_hypertension,new_hypertension,clmbr,lr_lbfgs,2,8,auroc,0.6323415798238536
559,559,559.0,559.0,559.0,559.0,559.0,new_hypertension,new_hypertension,clmbr,lr_lbfgs,2,8,auprc,0.2112256166142931
560,560,560.0,560.0,560.0,560.0,560.0,new_hypertension,new_hypertension,clmbr,lr_lbfgs,2,8,brier,0.2499996738064907
561,561,561.0,561.0,561.0,561.0,561.0,new_hypertension,new_hypertension,clmbr,lr_lbfgs,3,8,auroc,0.6825015308370675
562,562,562.0,562.0,562.0,562.0,562.0,new_hypertension,new_hypertension,clmbr,lr_lbfgs,3,8,auprc,0.2303052463581668
563,563,563.0,563.0,563.0,563.0,563.0,new_hypertension,new_hypertension,clmbr,lr_lbfgs,3,8,brier,0.4182256417402833
564,564,564.0,564.0,564.0,564.0,564.0,new_hypertension,new_hypertension,clmbr,lr_lbfgs,4,8,auroc,0.6388655209710372
565,565,565.0,565.0,565.0,565.0,565.0,new_hypertension,new_hypertension,clmbr,lr_lbfgs,4,8,auprc,0.1912467301725997
566,566,566.0,566.0,566.0,566.0,566.0,new_hypertension,new_hypertension,clmbr,lr_lbfgs,4,8,brier,0.3375329070147125
567,567,567.0,567.0,567.0,567.0,567.0,new_hypertension,new_hypertension,clmbr,lr_lbfgs,0,12,auroc,0.6543741880840788
568,568,568.0,568.0,568.0,568.0,568.0,new_hypertension,new_hypertension,clmbr,lr_lbfgs,0,12,auprc,0.2406016100437538
569,569,569.0,569.0,569.0,569.0,569.0,new_hypertension,new_hypertension,clmbr,lr_lbfgs,0,12,brier,0.2536205547705411
570,570,570.0,570.0,570.0,570.0,570.0,new_hypertension,new_hypertension,clmbr,lr_lbfgs,1,12,auroc,0.6202837342123485
571,571,571.0,571.0,571.0,571.0,571.0,new_hypertension,new_hypertension,clmbr,lr_lbfgs,1,12,auprc,0.2020205739338727
572,572,572.0,572.0,572.0,572.0,572.0,new_hypertension,new_hypertension,clmbr,lr_lbfgs,1,12,brier,0.2517236187743567
573,573,573.0,573.0,573.0,573.0,573.0,new_hypertension,new_hypertension,clmbr,lr_lbfgs,2,12,auroc,0.6407654757612695
574,574,574.0,574.0,574.0,574.0,574.0,new_hypertension,new_hypertension,clmbr,lr_lbfgs,2,12,auprc,0.1858356944458694
575,575,575.0,575.0,575.0,575.0,575.0,new_hypertension,new_hypertension,clmbr,lr_lbfgs,2,12,brier,0.2039997938366301
576,576,576.0,576.0,576.0,576.0,576.0,new_hypertension,new_hypertension,clmbr,lr_lbfgs,3,12,auroc,0.679182332709553
577,577,577.0,577.0,577.0,577.0,577.0,new_hypertension,new_hypertension,clmbr,lr_lbfgs,3,12,auprc,0.2303361005378111
578,578,578.0,578.0,578.0,578.0,578.0,new_hypertension,new_hypertension,clmbr,lr_lbfgs,3,12,brier,0.4285561403050275
579,579,579.0,579.0,579.0,579.0,579.0,new_hypertension,new_hypertension,clmbr,lr_lbfgs,4,12,auroc,0.6324674804424835
580,580,580.0,580.0,580.0,580.0,580.0,new_hypertension,new_hypertension,clmbr,lr_lbfgs,4,12,auprc,0.2061735250851101
581,581,581.0,581.0,581.0,581.0,581.0,new_hypertension,new_hypertension,clmbr,lr_lbfgs,4,12,brier,0.3193383709437993
582,582,582.0,582.0,582.0,582.0,582.0,new_hypertension,new_hypertension,clmbr,lr_lbfgs,0,16,auroc,0.6919269089681299
583,583,583.0,583.0,583.0,583.0,583.0,new_hypertension,new_hypertension,clmbr,lr_lbfgs,0,16,auprc,0.2608512155333787
584,584,584.0,584.0,584.0,584.0,584.0,new_hypertension,new_hypertension,clmbr,lr_lbfgs,0,16,brier,0.2154900419948817
585,585,585.0,585.0,585.0,585.0,585.0,new_hypertension,new_hypertension,clmbr,lr_lbfgs,1,16,auroc,0.6547003851414379
586,586,586.0,586.0,586.0,586.0,586.0,new_hypertension,new_hypertension,clmbr,lr_lbfgs,1,16,auprc,0.1943255159309659
587,587,587.0,587.0,587.0,587.0,587.0,new_hypertension,new_hypertension,clmbr,lr_lbfgs,1,16,brier,0.2450901879758245
588,588,588.0,588.0,588.0,588.0,588.0,new_hypertension,new_hypertension,clmbr,lr_lbfgs,2,16,auroc,0.6492981040511385
589,589,589.0,589.0,589.0,589.0,589.0,new_hypertension,new_hypertension,clmbr,lr_lbfgs,2,16,auprc,0.2044260522133256
590,590,590.0,590.0,590.0,590.0,590.0,new_hypertension,new_hypertension,clmbr,lr_lbfgs,2,16,brier,0.249998571333091
591,591,591.0,591.0,591.0,591.0,591.0,new_hypertension,new_hypertension,clmbr,lr_lbfgs,3,16,auroc,0.680773258708603
592,592,592.0,592.0,592.0,592.0,592.0,new_hypertension,new_hypertension,clmbr,lr_lbfgs,3,16,auprc,0.2422117446963618
593,593,593.0,593.0,593.0,593.0,593.0,new_hypertension,new_hypertension,clmbr,lr_lbfgs,3,16,brier,0.3568126178190814
594,594,594.0,594.0,594.0,594.0,594.0,new_hypertension,new_hypertension,clmbr,lr_lbfgs,4,16,auroc,0.6651558592431084
595,595,595.0,595.0,595.0,595.0,595.0,new_hypertension,new_hypertension,clmbr,lr_lbfgs,4,16,auprc,0.2168780257490192
596,596,596.0,596.0,596.0,596.0,596.0,new_hypertension,new_hypertension,clmbr,lr_lbfgs,4,16,brier,0.2499944279845035
597,597,597.0,597.0,597.0,597.0,597.0,new_hypertension,new_hypertension,clmbr,lr_lbfgs,0,24,auroc,0.6848650288140734
598,598,598.0,598.0,598.0,598.0,598.0,new_hypertension,new_hypertension,clmbr,lr_lbfgs,0,24,auprc,0.2702994135449816
599,599,599.0,599.0,599.0,599.0,599.0,new_hypertension,new_hypertension,clmbr,lr_lbfgs,0,24,brier,0.2160041668907941
600,600,600.0,600.0,600.0,600.0,600.0,new_hypertension,new_hypertension,clmbr,lr_lbfgs,1,24,auroc,0.6043286921787101
601,601,601.0,601.0,601.0,601.0,601.0,new_hypertension,new_hypertension,clmbr,lr_lbfgs,1,24,auprc,0.1673070236355048
602,602,602.0,602.0,602.0,602.0,602.0,new_hypertension,new_hypertension,clmbr,lr_lbfgs,1,24,brier,0.2499939214988811
603,603,603.0,603.0,603.0,603.0,603.0,new_hypertension,new_hypertension,clmbr,lr_lbfgs,2,24,auroc,0.6793425698605364
604,604,604.0,604.0,604.0,604.0,604.0,new_hypertension,new_hypertension,clmbr,lr_lbfgs,2,24,auprc,0.2165103497577586
605,605,605.0,605.0,605.0,605.0,605.0,new_hypertension,new_hypertension,clmbr,lr_lbfgs,2,24,brier,0.2160921178871177
606,606,606.0,606.0,606.0,606.0,606.0,new_hypertension,new_hypertension,clmbr,lr_lbfgs,3,24,auroc,0.6688870957588661
607,607,607.0,607.0,607.0,607.0,607.0,new_hypertension,new_hypertension,clmbr,lr_lbfgs,3,24,auprc,0.2417697773554674
608,608,608.0,608.0,608.0,608.0,608.0,new_hypertension,new_hypertension,clmbr,lr_lbfgs,3,24,brier,0.3323406336058671
609,609,609.0,609.0,609.0,609.0,609.0,new_hypertension,new_hypertension,clmbr,lr_lbfgs,4,24,auroc,0.6599538745915383
610,610,610.0,610.0,610.0,610.0,610.0,new_hypertension,new_hypertension,clmbr,lr_lbfgs,4,24,auprc,0.2135904747367056
611,611,611.0,611.0,611.0,611.0,611.0,new_hypertension,new_hypertension,clmbr,lr_lbfgs,4,24,brier,0.2499952421991921
612,612,612.0,612.0,612.0,612.0,612.0,new_hypertension,new_hypertension,clmbr,lr_lbfgs,0,32,auroc,0.6894832924156323
613,613,613.0,613.0,613.0,613.0,613.0,new_hypertension,new_hypertension,clmbr,lr_lbfgs,0,32,auprc,0.2526047969513242
614,614,614.0,614.0,614.0,614.0,614.0,new_hypertension,new_hypertension,clmbr,lr_lbfgs,0,32,brier,0.24999569397172
615,615,615.0,615.0,615.0,615.0,615.0,new_hypertension,new_hypertension,clmbr,lr_lbfgs,1,32,auroc,0.6182063740049559
616,616,616.0,616.0,616.0,616.0,616.0,new_hypertension,new_hypertension,clmbr,lr_lbfgs,1,32,auprc,0.1789094093197012
617,617,617.0,617.0,617.0,617.0,617.0,new_hypertension,new_hypertension,clmbr,lr_lbfgs,1,32,brier,0.2499991106408176
618,618,618.0,618.0,618.0,618.0,618.0,new_hypertension,new_hypertension,clmbr,lr_lbfgs,2,32,auroc,0.650986316891857
619,619,619.0,619.0,619.0,619.0,619.0,new_hypertension,new_hypertension,clmbr,lr_lbfgs,2,32,auprc,0.1992650080255453
620,620,620.0,620.0,620.0,620.0,620.0,new_hypertension,new_hypertension,clmbr,lr_lbfgs,2,32,brier,0.2645298237038527
621,621,621.0,621.0,621.0,621.0,621.0,new_hypertension,new_hypertension,clmbr,lr_lbfgs,3,32,auroc,0.6883044048048254
622,622,622.0,622.0,622.0,622.0,622.0,new_hypertension,new_hypertension,clmbr,lr_lbfgs,3,32,auprc,0.2376794020323225
623,623,623.0,623.0,623.0,623.0,623.0,new_hypertension,new_hypertension,clmbr,lr_lbfgs,3,32,brier,0.2433371276493709
624,624,624.0,624.0,624.0,624.0,624.0,new_hypertension,new_hypertension,clmbr,lr_lbfgs,4,32,auroc,0.6701575474559491
625,625,625.0,625.0,625.0,625.0,625.0,new_hypertension,new_hypertension,clmbr,lr_lbfgs,4,32,auprc,0.2300447267549713
626,626,626.0,626.0,626.0,626.0,626.0,new_hypertension,new_hypertension,clmbr,lr_lbfgs,4,32,brier,0.2490066854282575
627,627,627.0,627.0,627.0,627.0,627.0,new_hypertension,new_hypertension,clmbr,lr_lbfgs,0,48,auroc,0.7153844833210294
628,628,628.0,628.0,628.0,628.0,628.0,new_hypertension,new_hypertension,clmbr,lr_lbfgs,0,48,auprc,0.265541932687414
629,629,629.0,629.0,629.0,629.0,629.0,new_hypertension,new_hypertension,clmbr,lr_lbfgs,0,48,brier,0.2414776858690392
630,630,630.0,630.0,630.0,630.0,630.0,new_hypertension,new_hypertension,clmbr,lr_lbfgs,1,48,auroc,0.6623345408347211
631,631,631.0,631.0,631.0,631.0,631.0,new_hypertension,new_hypertension,clmbr,lr_lbfgs,1,48,auprc,0.2104269732228276
632,632,632.0,632.0,632.0,632.0,632.0,new_hypertension,new_hypertension,clmbr,lr_lbfgs,1,48,brier,0.2493609198013195
633,633,633.0,633.0,633.0,633.0,633.0,new_hypertension,new_hypertension,clmbr,lr_lbfgs,2,48,auroc,0.665258868840169
634,634,634.0,634.0,634.0,634.0,634.0,new_hypertension,new_hypertension,clmbr,lr_lbfgs,2,48,auprc,0.2268974870618761
635,635,635.0,635.0,635.0,635.0,635.0,new_hypertension,new_hypertension,clmbr,lr_lbfgs,2,48,brier,0.2393043732299565
636,636,636.0,636.0,636.0,636.0,636.0,new_hypertension,new_hypertension,clmbr,lr_lbfgs,3,48,auroc,0.6728357969795298
637,637,637.0,637.0,637.0,637.0,637.0,new_hypertension,new_hypertension,clmbr,lr_lbfgs,3,48,auprc,0.209522257849858
638,638,638.0,638.0,638.0,638.0,638.0,new_hypertension,new_hypertension,clmbr,lr_lbfgs,3,48,brier,0.2412987420750552
639,639,639.0,639.0,639.0,639.0,639.0,new_hypertension,new_hypertension,clmbr,lr_lbfgs,4,48,auroc,0.679720271716426
640,640,640.0,640.0,640.0,640.0,640.0,new_hypertension,new_hypertension,clmbr,lr_lbfgs,4,48,auprc,0.2171416312645122
641,641,641.0,641.0,641.0,641.0,641.0,new_hypertension,new_hypertension,clmbr,lr_lbfgs,4,48,brier,0.238772447698847
642,642,642.0,642.0,642.0,642.0,642.0,new_hypertension,new_hypertension,clmbr,lr_lbfgs,0,64,auroc,0.6932202516867821
643,643,643.0,643.0,643.0,643.0,643.0,new_hypertension,new_hypertension,clmbr,lr_lbfgs,0,64,auprc,0.2699559862098814
644,644,644.0,644.0,644.0,644.0,644.0,new_hypertension,new_hypertension,clmbr,lr_lbfgs,0,64,brier,0.2316727165683292
645,645,645.0,645.0,645.0,645.0,645.0,new_hypertension,new_hypertension,clmbr,lr_lbfgs,1,64,auroc,0.6695051533412308
646,646,646.0,646.0,646.0,646.0,646.0,new_hypertension,new_hypertension,clmbr,lr_lbfgs,1,64,auprc,0.2334277205199462
647,647,647.0,647.0,647.0,647.0,647.0,new_hypertension,new_hypertension,clmbr,lr_lbfgs,1,64,brier,0.2300330558733323
648,648,648.0,648.0,648.0,648.0,648.0,new_hypertension,new_hypertension,clmbr,lr_lbfgs,2,64,auroc,0.6941873973480752
649,649,649.0,649.0,649.0,649.0,649.0,new_hypertension,new_hypertension,clmbr,lr_lbfgs,2,64,auprc,0.2353573666923262
650,650,650.0,650.0,650.0,650.0,650.0,new_hypertension,new_hypertension,clmbr,lr_lbfgs,2,64,brier,0.212847803463223
651,651,651.0,651.0,651.0,651.0,651.0,new_hypertension,new_hypertension,clmbr,lr_lbfgs,3,64,auroc,0.6805100119605587
652,652,652.0,652.0,652.0,652.0,652.0,new_hypertension,new_hypertension,clmbr,lr_lbfgs,3,64,auprc,0.2142993591288834
653,653,653.0,653.0,653.0,653.0,653.0,new_hypertension,new_hypertension,clmbr,lr_lbfgs,3,64,brier,0.2182589756911905
654,654,654.0,654.0,654.0,654.0,654.0,new_hypertension,new_hypertension,clmbr,lr_lbfgs,4,64,auroc,0.6745068415540715
655,655,655.0,655.0,655.0,655.0,655.0,new_hypertension,new_hypertension,clmbr,lr_lbfgs,4,64,auprc,0.2099745104076454
656,656,656.0,656.0,656.0,656.0,656.0,new_hypertension,new_hypertension,clmbr,lr_lbfgs,4,64,brier,0.2358379490730181
657,657,657.0,657.0,657.0,657.0,657.0,new_hypertension,new_hypertension,clmbr,lr_lbfgs,0,128,auroc,0.7155447204720129
658,658,658.0,658.0,658.0,658.0,658.0,new_hypertension,new_hypertension,clmbr,lr_lbfgs,0,128,auprc,0.2734585249473787
659,659,659.0,659.0,659.0,659.0,659.0,new_hypertension,new_hypertension,clmbr,lr_lbfgs,0,128,brier,0.1950086711568528
660,660,660.0,660.0,660.0,660.0,660.0,new_hypertension,new_hypertension,clmbr,lr_lbfgs,1,128,auroc,0.7026456298178447
661,661,661.0,661.0,661.0,661.0,661.0,new_hypertension,new_hypertension,clmbr,lr_lbfgs,1,128,auprc,0.2461368974840456
662,662,662.0,662.0,662.0,662.0,662.0,new_hypertension,new_hypertension,clmbr,lr_lbfgs,1,128,brier,0.2066063112184121
663,663,663.0,663.0,663.0,663.0,663.0,new_hypertension,new_hypertension,clmbr,lr_lbfgs,2,128,auroc,0.6977240601804956
664,664,664.0,664.0,664.0,664.0,664.0,new_hypertension,new_hypertension,clmbr,lr_lbfgs,2,128,auprc,0.2287142250994822
665,665,665.0,665.0,665.0,665.0,665.0,new_hypertension,new_hypertension,clmbr,lr_lbfgs,2,128,brier,0.2053218751193386
666,666,666.0,666.0,666.0,666.0,666.0,new_hypertension,new_hypertension,clmbr,lr_lbfgs,3,128,auroc,0.7014839104732146
667,667,667.0,667.0,667.0,667.0,667.0,new_hypertension,new_hypertension,clmbr,lr_lbfgs,3,128,auprc,0.2400652015898708
668,668,668.0,668.0,668.0,668.0,668.0,new_hypertension,new_hypertension,clmbr,lr_lbfgs,3,128,brier,0.209358871635176
669,669,669.0,669.0,669.0,669.0,669.0,new_hypertension,new_hypertension,clmbr,lr_lbfgs,4,128,auroc,0.6837319232464047
670,670,670.0,670.0,670.0,670.0,670.0,new_hypertension,new_hypertension,clmbr,lr_lbfgs,4,128,auprc,0.2269818535323013
671,671,671.0,671.0,671.0,671.0,671.0,new_hypertension,new_hypertension,clmbr,lr_lbfgs,4,128,brier,0.2086508323741728
672,672,672.0,672.0,672.0,672.0,,new_hypertension,new_hypertension,clmbr,knn,0,-1,auroc,0.6155166789705907
673,673,673.0,673.0,673.0,673.0,,new_hypertension,new_hypertension,clmbr,knn,0,-1,auprc,0.1940193017328413
674,674,674.0,674.0,674.0,674.0,,new_hypertension,new_hypertension,clmbr,knn,0,-1,brier,0.1240434060187395
675,675,675.0,675.0,675.0,675.0,,new_hypertension,new_hypertension,clmbr,knn,0,1,auroc,0.6178286721490663
676,676,676.0,676.0,676.0,676.0,,new_hypertension,new_hypertension,clmbr,knn,0,1,auprc,0.1670296744581523
677,677,677.0,677.0,677.0,677.0,,new_hypertension,new_hypertension,clmbr,knn,0,1,brier,0.3481717011128776
678,678,678.0,678.0,678.0,678.0,,new_hypertension,new_hypertension,clmbr,knn,1,1,auroc,0.5264162388907011
679,679,679.0,679.0,679.0,679.0,,new_hypertension,new_hypertension,clmbr,knn,1,1,auprc,0.1351446168507671
680,680,680.0,680.0,680.0,680.0,,new_hypertension,new_hypertension,clmbr,knn,1,1,brier,0.1836248012718601
681,681,681.0,681.0,681.0,681.0,,new_hypertension,new_hypertension,clmbr,knn,2,1,auroc,0.4828517634670741
682,682,682.0,682.0,682.0,682.0,,new_hypertension,new_hypertension,clmbr,knn,2,1,auprc,0.1228275766035063
683,683,683.0,683.0,683.0,683.0,,new_hypertension,new_hypertension,clmbr,knn,2,1,brier,0.5135135135135135
684,684,684.0,684.0,684.0,684.0,,new_hypertension,new_hypertension,clmbr,knn,3,1,auroc,0.5439107021248591
685,685,685.0,685.0,685.0,685.0,,new_hypertension,new_hypertension,clmbr,knn,3,1,auprc,0.1377128550581658
686,686,686.0,686.0,686.0,686.0,,new_hypertension,new_hypertension,clmbr,knn,3,1,brier,0.4491255961844197
687,687,687.0,687.0,687.0,687.0,,new_hypertension,new_hypertension,clmbr,knn,4,1,auroc,0.5329659324371498
688,688,688.0,688.0,688.0,688.0,,new_hypertension,new_hypertension,clmbr,knn,4,1,auprc,0.1344300472271791
689,689,689.0,689.0,689.0,689.0,,new_hypertension,new_hypertension,clmbr,knn,4,1,brier,0.5246422893481717
690,690,690.0,690.0,690.0,690.0,,new_hypertension,new_hypertension,clmbr,knn,0,2,auroc,0.5855780841359497
691,691,691.0,691.0,691.0,691.0,,new_hypertension,new_hypertension,clmbr,knn,0,2,auprc,0.1556837227437145
692,692,692.0,692.0,692.0,692.0,,new_hypertension,new_hypertension,clmbr,knn,0,2,brier,0.2917329093799682
693,693,693.0,693.0,693.0,693.0,,new_hypertension,new_hypertension,clmbr,knn,1,2,auroc,0.5775089990328544
694,694,694.0,694.0,694.0,694.0,,new_hypertension,new_hypertension,clmbr,knn,1,2,auprc,0.1521863547390739
695,695,695.0,695.0,695.0,695.0,,new_hypertension,new_hypertension,clmbr,knn,1,2,brier,0.2917329093799682
696,696,696.0,696.0,696.0,696.0,,new_hypertension,new_hypertension,clmbr,knn,2,2,auroc,0.569786140630991
697,697,697.0,697.0,697.0,697.0,,new_hypertension,new_hypertension,clmbr,knn,2,2,auprc,0.1609416594290403
698,698,698.0,698.0,698.0,698.0,,new_hypertension,new_hypertension,clmbr,knn,2,2,brier,0.3519651064373726
699,699,699.0,699.0,699.0,699.0,,new_hypertension,new_hypertension,clmbr,knn,3,2,auroc,0.598414224480803
700,700,700.0,700.0,700.0,700.0,,new_hypertension,new_hypertension,clmbr,knn,3,2,auprc,0.1553125333583336
701,701,701.0,701.0,701.0,701.0,,new_hypertension,new_hypertension,clmbr,knn,3,2,brier,0.2682388270623564
702,702,702.0,702.0,702.0,702.0,,new_hypertension,new_hypertension,clmbr,knn,4,2,auroc,0.5423855878128202
703,703,703.0,703.0,703.0,703.0,,new_hypertension,new_hypertension,clmbr,knn,4,2,auprc,0.1371784291943925
704,704,704.0,704.0,704.0,704.0,,new_hypertension,new_hypertension,clmbr,knn,4,2,brier,0.4705882352941176
705,705,705.0,705.0,705.0,705.0,,new_hypertension,new_hypertension,clmbr,knn,0,4,auroc,0.6409428811784297
706,706,706.0,706.0,706.0,706.0,,new_hypertension,new_hypertension,clmbr,knn,0,4,auprc,0.221807955786866
707,707,707.0,707.0,707.0,707.0,,new_hypertension,new_hypertension,clmbr,knn,0,4,brier,0.2271354091310957
708,708,708.0,708.0,708.0,708.0,,new_hypertension,new_hypertension,clmbr,knn,1,4,auroc,0.5869372385416131
709,709,709.0,709.0,709.0,709.0,,new_hypertension,new_hypertension,clmbr,knn,1,4,auprc,0.1877397724668563
710,710,710.0,710.0,710.0,710.0,,new_hypertension,new_hypertension,clmbr,knn,1,4,brier,0.2093773283199034
711,711,711.0,711.0,711.0,711.0,,new_hypertension,new_hypertension,clmbr,knn,2,4,auroc,0.554592225064524
712,712,712.0,712.0,712.0,712.0,,new_hypertension,new_hypertension,clmbr,knn,2,4,auprc,0.1408300161532404
713,713,713.0,713.0,713.0,713.0,,new_hypertension,new_hypertension,clmbr,knn,2,4,brier,0.4180922098569157
714,714,714.0,714.0,714.0,714.0,,new_hypertension,new_hypertension,clmbr,knn,3,4,auroc,0.6298350129620409
715,715,715.0,715.0,715.0,715.0,,new_hypertension,new_hypertension,clmbr,knn,3,4,auprc,0.1688483163834878
716,716,716.0,716.0,716.0,716.0,,new_hypertension,new_hypertension,clmbr,knn,3,4,brier,0.2631796502384738
717,717,717.0,717.0,717.0,717.0,,new_hypertension,new_hypertension,clmbr,knn,4,4,auroc,0.5494818044992303
718,718,718.0,718.0,718.0,718.0,,new_hypertension,new_hypertension,clmbr,knn,4,4,auprc,0.1456105806322737
719,719,719.0,719.0,719.0,719.0,,new_hypertension,new_hypertension,clmbr,knn,4,4,brier,0.2941176470588235
720,720,720.0,720.0,720.0,720.0,,new_hypertension,new_hypertension,clmbr,knn,0,8,auroc,0.6137197337774191
721,721,721.0,721.0,721.0,721.0,,new_hypertension,new_hypertension,clmbr,knn,0,8,auprc,0.1678935813144105
722,722,722.0,722.0,722.0,722.0,,new_hypertension,new_hypertension,clmbr,knn,0,8,brier,0.3036565977742448
723,723,723.0,723.0,723.0,723.0,,new_hypertension,new_hypertension,clmbr,knn,1,8,auroc,0.5816866104692087
724,724,724.0,724.0,724.0,724.0,,new_hypertension,new_hypertension,clmbr,knn,1,8,auprc,0.1490178665750494
725,725,725.0,725.0,725.0,725.0,,new_hypertension,new_hypertension,clmbr,knn,1,8,brier,0.3079844550432786
726,726,726.0,726.0,726.0,726.0,,new_hypertension,new_hypertension,clmbr,knn,2,8,auroc,0.570601633274389
727,727,727.0,727.0,727.0,727.0,,new_hypertension,new_hypertension,clmbr,knn,2,8,auprc,0.1697527911575269
728,728,728.0,728.0,728.0,728.0,,new_hypertension,new_hypertension,clmbr,knn,2,8,brier,0.2984079287870033
729,729,729.0,729.0,729.0,729.0,,new_hypertension,new_hypertension,clmbr,knn,3,8,auroc,0.64975592448252
730,730,730.0,730.0,730.0,730.0,,new_hypertension,new_hypertension,clmbr,knn,3,8,auprc,0.1926535377049141
731,731,731.0,731.0,731.0,731.0,,new_hypertension,new_hypertension,clmbr,knn,3,8,brier,0.290357990359913
732,732,732.0,732.0,732.0,732.0,,new_hypertension,new_hypertension,clmbr,knn,4,8,auroc,0.631940986946395
733,733,733.0,733.0,733.0,733.0,,new_hypertension,new_hypertension,clmbr,knn,4,8,auprc,0.183294659698053
734,734,734.0,734.0,734.0,734.0,,new_hypertension,new_hypertension,clmbr,knn,4,8,brier,0.2759698796825405
735,735,735.0,735.0,735.0,735.0,,new_hypertension,new_hypertension,clmbr,knn,0,12,auroc,0.6214855128447244
736,736,736.0,736.0,736.0,736.0,,new_hypertension,new_hypertension,clmbr,knn,0,12,auprc,0.187399182391924
737,737,737.0,737.0,737.0,737.0,,new_hypertension,new_hypertension,clmbr,knn,0,12,brier,0.2514490563268566
738,738,738.0,738.0,738.0,738.0,,new_hypertension,new_hypertension,clmbr,knn,1,12,auroc,0.5587755592562706
739,739,739.0,739.0,739.0,739.0,,new_hypertension,new_hypertension,clmbr,knn,1,12,auprc,0.1482413915514797
740,740,740.0,740.0,740.0,740.0,,new_hypertension,new_hypertension,clmbr,knn,1,12,brier,0.2523052464228935
741,741,741.0,741.0,741.0,741.0,,new_hypertension,new_hypertension,clmbr,knn,2,12,auroc,0.5756863014404175
742,742,742.0,742.0,742.0,742.0,,new_hypertension,new_hypertension,clmbr,knn,2,12,auprc,0.151145506633776
743,743,743.0,743.0,743.0,743.0,,new_hypertension,new_hypertension,clmbr,knn,2,12,brier,0.2768201294948756
744,744,744.0,744.0,744.0,744.0,,new_hypertension,new_hypertension,clmbr,knn,3,12,auroc,0.6238003674008962
745,745,745.0,745.0,745.0,745.0,,new_hypertension,new_hypertension,clmbr,knn,3,12,auprc,0.1659564198872745
746,746,746.0,746.0,746.0,746.0,,new_hypertension,new_hypertension,clmbr,knn,3,12,brier,0.3835612082670906
747,747,747.0,747.0,747.0,747.0,,new_hypertension,new_hypertension,clmbr,knn,4,12,auroc,0.6071500105870974
748,748,748.0,748.0,748.0,748.0,,new_hypertension,new_hypertension,clmbr,knn,4,12,auprc,0.174521518166812
749,749,749.0,749.0,749.0,749.0,,new_hypertension,new_hypertension,clmbr,knn,4,12,brier,0.2978094030892734
750,750,750.0,750.0,750.0,750.0,,new_hypertension,new_hypertension,clmbr,knn,0,16,auroc,0.6424365203358113
751,751,751.0,751.0,751.0,751.0,,new_hypertension,new_hypertension,clmbr,knn,0,16,auprc,0.1896308574977795
752,752,752.0,752.0,752.0,752.0,,new_hypertension,new_hypertension,clmbr,knn,0,16,brier,0.2318282988871224
753,753,753.0,753.0,753.0,753.0,,new_hypertension,new_hypertension,clmbr,knn,1,16,auroc,0.5932494377392828
754,754,754.0,754.0,754.0,754.0,,new_hypertension,new_hypertension,clmbr,knn,1,16,auprc,0.1628783152425391
755,755,755.0,755.0,755.0,755.0,,new_hypertension,new_hypertension,clmbr,knn,1,16,brier,0.2432114467408585
756,756,756.0,756.0,756.0,756.0,,new_hypertension,new_hypertension,clmbr,knn,2,16,auroc,0.5811687011062087
757,757,757.0,757.0,757.0,757.0,,new_hypertension,new_hypertension,clmbr,knn,2,16,auprc,0.1516963438119396
758,758,758.0,758.0,758.0,758.0,,new_hypertension,new_hypertension,clmbr,knn,2,16,brier,0.2922098569157393
759,759,759.0,759.0,759.0,759.0,,new_hypertension,new_hypertension,clmbr,knn,3,16,auroc,0.6410144156208331
760,760,760.0,760.0,760.0,760.0,,new_hypertension,new_hypertension,clmbr,knn,3,16,auprc,0.190603768678626
761,761,761.0,761.0,761.0,761.0,,new_hypertension,new_hypertension,clmbr,knn,3,16,brier,0.4127394066100529
762,762,762.0,762.0,762.0,762.0,,new_hypertension,new_hypertension,clmbr,knn,4,16,auroc,0.6288421149014828
763,763,763.0,763.0,763.0,763.0,,new_hypertension,new_hypertension,clmbr,knn,4,16,auprc,0.1862131289448033
764,764,764.0,764.0,764.0,764.0,,new_hypertension,new_hypertension,clmbr,knn,4,16,brier,0.2542385549806027
765,765,765.0,765.0,765.0,765.0,,new_hypertension,new_hypertension,clmbr,knn,0,24,auroc,0.668520839413761
766,766,766.0,766.0,766.0,766.0,,new_hypertension,new_hypertension,clmbr,knn,0,24,auprc,0.2168749276083322
767,767,767.0,767.0,767.0,767.0,,new_hypertension,new_hypertension,clmbr,knn,0,24,brier,0.2646879721764454
768,768,768.0,768.0,768.0,768.0,,new_hypertension,new_hypertension,clmbr,knn,1,24,auroc,0.5320617370851718
769,769,769.0,769.0,769.0,769.0,,new_hypertension,new_hypertension,clmbr,knn,1,24,auprc,0.1330384810421512
770,770,770.0,770.0,770.0,770.0,,new_hypertension,new_hypertension,clmbr,knn,1,24,brier,0.3242333176275084
771,771,771.0,771.0,771.0,771.0,,new_hypertension,new_hypertension,clmbr,knn,2,24,auroc,0.6143978802914026
772,772,772.0,772.0,772.0,772.0,,new_hypertension,new_hypertension,clmbr,knn,2,24,auprc,0.1735254121628698
773,773,773.0,773.0,773.0,773.0,,new_hypertension,new_hypertension,clmbr,knn,2,24,brier,0.2874564774410833
774,774,774.0,774.0,774.0,774.0,,new_hypertension,new_hypertension,clmbr,knn,3,24,auroc,0.6387024224423575
775,775,775.0,775.0,775.0,775.0,,new_hypertension,new_hypertension,clmbr,knn,3,24,auprc,0.1738747843375636
776,776,776.0,776.0,776.0,776.0,,new_hypertension,new_hypertension,clmbr,knn,3,24,brier,0.3146581875993641
777,777,777.0,777.0,777.0,777.0,,new_hypertension,new_hypertension,clmbr,knn,4,24,auroc,0.5882620564149226
778,778,778.0,778.0,778.0,778.0,,new_hypertension,new_hypertension,clmbr,knn,4,24,auprc,0.1614267580744103
779,779,779.0,779.0,779.0,779.0,,new_hypertension,new_hypertension,clmbr,knn,4,24,brier,0.2748489666136725
780,780,780.0,780.0,780.0,780.0,,new_hypertension,new_hypertension,clmbr,knn,0,32,auroc,0.6052815309515225
781,781,781.0,781.0,781.0,781.0,,new_hypertension,new_hypertension,clmbr,knn,0,32,auprc,0.1754678780997786
782,782,782.0,782.0,782.0,782.0,,new_hypertension,new_hypertension,clmbr,knn,0,32,brier,0.2775198728139905
783,783,783.0,783.0,783.0,783.0,,new_hypertension,new_hypertension,clmbr,knn,1,32,auroc,0.5308656812081881
784,784,784.0,784.0,784.0,784.0,,new_hypertension,new_hypertension,clmbr,knn,1,32,auprc,0.1368712368198448
785,785,785.0,785.0,785.0,785.0,,new_hypertension,new_hypertension,clmbr,knn,1,32,brier,0.3044705138435781
786,786,786.0,786.0,786.0,786.0,,new_hypertension,new_hypertension,clmbr,knn,2,32,auroc,0.57685374354044
787,787,787.0,787.0,787.0,787.0,,new_hypertension,new_hypertension,clmbr,knn,2,32,auprc,0.1491619787161033
788,788,788.0,788.0,788.0,788.0,,new_hypertension,new_hypertension,clmbr,knn,2,32,brier,0.2678537360890302
789,789,789.0,789.0,789.0,789.0,,new_hypertension,new_hypertension,clmbr,knn,3,32,auroc,0.6497587858602161
790,790,790.0,790.0,790.0,790.0,,new_hypertension,new_hypertension,clmbr,knn,3,32,auprc,0.1902333059153781
791,791,791.0,791.0,791.0,791.0,,new_hypertension,new_hypertension,clmbr,knn,3,32,brier,0.2809220985691574
792,792,792.0,792.0,792.0,792.0,,new_hypertension,new_hypertension,clmbr,knn,4,32,auroc,0.6115136115737005
793,793,793.0,793.0,793.0,793.0,,new_hypertension,new_hypertension,clmbr,knn,4,32,auprc,0.1619122077076936
794,794,794.0,794.0,794.0,794.0,,new_hypertension,new_hypertension,clmbr,knn,4,32,brier,0.4062003179650238
795,795,795.0,795.0,795.0,795.0,,new_hypertension,new_hypertension,clmbr,knn,0,48,auroc,0.6314345230941794
796,796,796.0,796.0,796.0,796.0,,new_hypertension,new_hypertension,clmbr,knn,0,48,auprc,0.1863867657156823
797,797,797.0,797.0,797.0,797.0,,new_hypertension,new_hypertension,clmbr,knn,0,48,brier,0.2520508744038156
798,798,798.0,798.0,798.0,798.0,,new_hypertension,new_hypertension,clmbr,knn,1,48,auroc,0.6110729594084959
799,799,799.0,799.0,799.0,799.0,,new_hypertension,new_hypertension,clmbr,knn,1,48,auprc,0.2018695209872713
800,800,800.0,800.0,800.0,800.0,,new_hypertension,new_hypertension,clmbr,knn,1,48,brier,0.2587028499608176
801,801,801.0,801.0,801.0,801.0,,new_hypertension,new_hypertension,clmbr,knn,2,48,auroc,0.5901333974281937
802,802,802.0,802.0,802.0,802.0,,new_hypertension,new_hypertension,clmbr,knn,2,48,auprc,0.1593299935096531
803,803,803.0,803.0,803.0,803.0,,new_hypertension,new_hypertension,clmbr,knn,2,48,brier,0.2893151824093648
804,804,804.0,804.0,804.0,804.0,,new_hypertension,new_hypertension,clmbr,knn,3,48,auroc,0.6408484557144575
805,805,805.0,805.0,805.0,805.0,,new_hypertension,new_hypertension,clmbr,knn,3,48,auprc,0.185436910143289
806,806,806.0,806.0,806.0,806.0,,new_hypertension,new_hypertension,clmbr,knn,3,48,brier,0.2510015898251192
807,807,807.0,807.0,807.0,807.0,,new_hypertension,new_hypertension,clmbr,knn,4,48,auroc,0.6368940317384013
808,808,808.0,808.0,808.0,808.0,,new_hypertension,new_hypertension,clmbr,knn,4,48,auprc,0.1875501554665295
809,809,809.0,809.0,809.0,809.0,,new_hypertension,new_hypertension,clmbr,knn,4,48,brier,0.2670773835335708
810,810,810.0,810.0,810.0,810.0,,new_hypertension,new_hypertension,clmbr,knn,0,64,auroc,0.569548646282212
811,811,811.0,811.0,811.0,811.0,,new_hypertension,new_hypertension,clmbr,knn,0,64,auprc,0.1465608660096569
812,812,812.0,812.0,812.0,812.0,,new_hypertension,new_hypertension,clmbr,knn,0,64,brier,0.3855325914149443
813,813,813.0,813.0,813.0,813.0,,new_hypertension,new_hypertension,clmbr,knn,1,64,auroc,0.6259721530722613
814,814,814.0,814.0,814.0,814.0,,new_hypertension,new_hypertension,clmbr,knn,1,64,auprc,0.2011463821646493
815,815,815.0,815.0,815.0,815.0,,new_hypertension,new_hypertension,clmbr,knn,1,64,brier,0.2616293913157159
816,816,816.0,816.0,816.0,816.0,,new_hypertension,new_hypertension,clmbr,knn,2,64,auroc,0.6202436749246026
817,817,817.0,817.0,817.0,817.0,,new_hypertension,new_hypertension,clmbr,knn,2,64,auprc,0.171240322073676
818,818,818.0,818.0,818.0,818.0,,new_hypertension,new_hypertension,clmbr,knn,2,64,brier,0.2915043283159673
819,819,819.0,819.0,819.0,819.0,,new_hypertension,new_hypertension,clmbr,knn,3,64,auroc,0.620681465712111
820,820,820.0,820.0,820.0,820.0,,new_hypertension,new_hypertension,clmbr,knn,3,64,auprc,0.1860545073742626
821,821,821.0,821.0,821.0,821.0,,new_hypertension,new_hypertension,clmbr,knn,3,64,brier,0.2658078912779268
822,822,822.0,822.0,822.0,822.0,,new_hypertension,new_hypertension,clmbr,knn,4,64,auroc,0.656723379172604
823,823,823.0,823.0,823.0,823.0,,new_hypertension,new_hypertension,clmbr,knn,4,64,auprc,0.2146124695257651
824,824,824.0,824.0,824.0,824.0,,new_hypertension,new_hypertension,clmbr,knn,4,64,brier,0.2388300708428413
825,825,825.0,825.0,825.0,825.0,,new_hypertension,new_hypertension,clmbr,knn,0,128,auroc,0.6326506086150361
826,826,826.0,826.0,826.0,826.0,,new_hypertension,new_hypertension,clmbr,knn,0,128,auprc,0.2285630448083183
827,827,827.0,827.0,827.0,827.0,,new_hypertension,new_hypertension,clmbr,knn,0,128,brier,0.2258664578096137
828,828,828.0,828.0,828.0,828.0,,new_hypertension,new_hypertension,clmbr,knn,1,128,auroc,0.6704837445133083
829,829,829.0,829.0,829.0,829.0,,new_hypertension,new_hypertension,clmbr,knn,1,128,auprc,0.2221451734448746
830,830,830.0,830.0,830.0,830.0,,new_hypertension,new_hypertension,clmbr,knn,1,128,brier,0.2421092306944669
831,831,831.0,831.0,831.0,831.0,,new_hypertension,new_hypertension,clmbr,knn,2,128,auroc,0.6363389244653515
832,832,832.0,832.0,832.0,832.0,,new_hypertension,new_hypertension,clmbr,knn,2,128,auprc,0.1817831649693294
833,833,833.0,833.0,833.0,833.0,,new_hypertension,new_hypertension,clmbr,knn,2,128,brier,0.2400587868626
834,834,834.0,834.0,834.0,834.0,,new_hypertension,new_hypertension,clmbr,knn,3,128,auroc,0.6374062183460092
835,835,835.0,835.0,835.0,835.0,,new_hypertension,new_hypertension,clmbr,knn,3,128,auprc,0.2129575909928251
836,836,836.0,836.0,836.0,836.0,,new_hypertension,new_hypertension,clmbr,knn,3,128,brier,0.2481786158112512
837,837,837.0,837.0,837.0,837.0,,new_hypertension,new_hypertension,clmbr,knn,4,128,auroc,0.6136625062234964
838,838,838.0,838.0,838.0,838.0,,new_hypertension,new_hypertension,clmbr,knn,4,128,auprc,0.1754380405581077
839,839,839.0,839.0,839.0,839.0,,new_hypertension,new_hypertension,clmbr,knn,4,128,brier,0.252972972972973
840,840,,,,,,new_hypertension,new_hypertension,clmbr,rf,0,-1,auroc,0.688252900006295
841,841,,,,,,new_hypertension,new_hypertension,clmbr,rf,0,-1,auprc,0.2402638114196386
842,842,,,,,,new_hypertension,new_hypertension,clmbr,rf,0,-1,brier,0.105938475580048
843,843,,,,,,new_hypertension,new_hypertension,clmbr,rf,0,1,auroc,0.4987295483029169
844,844,,,,,,new_hypertension,new_hypertension,clmbr,rf,0,1,auprc,0.1306648871643337
845,845,,,,,,new_hypertension,new_hypertension,clmbr,rf,0,1,brier,0.2548591414944356
846,846,,,,,,new_hypertension,new_hypertension,clmbr,rf,1,1,auroc,0.5412982642882895
847,847,,,,,,new_hypertension,new_hypertension,clmbr,rf,1,1,auprc,0.1368041440287528
848,848,,,,,,new_hypertension,new_hypertension,clmbr,rf,1,1,brier,0.2559459459459459
849,849,,,,,,new_hypertension,new_hypertension,clmbr,rf,2,1,auroc,0.5149564212176879
850,850,,,,,,new_hypertension,new_hypertension,clmbr,rf,2,1,auprc,0.130449295589859
851,851,,,,,,new_hypertension,new_hypertension,clmbr,rf,2,1,brier,0.5363434022257553
852,852,,,,,,new_hypertension,new_hypertension,clmbr,rf,3,1,auroc,0.4757269330037026
853,853,,,,,,new_hypertension,new_hypertension,clmbr,rf,3,1,auprc,0.1182135065082249
854,854,,,,,,new_hypertension,new_hypertension,clmbr,rf,3,1,brier,0.3326629570747217
855,855,,,,,,new_hypertension,new_hypertension,clmbr,rf,4,1,auroc,0.545607499098666
856,856,,,,,,new_hypertension,new_hypertension,clmbr,rf,4,1,auprc,0.1404784060152971
857,857,,,,,,new_hypertension,new_hypertension,clmbr,rf,4,1,brier,0.3615262321144673
858,858,,,,,,new_hypertension,new_hypertension,clmbr,rf,0,2,auroc,0.5834349122415461
859,859,,,,,,new_hypertension,new_hypertension,clmbr,rf,0,2,auprc,0.1667722354505203
860,860,,,,,,new_hypertension,new_hypertension,clmbr,rf,0,2,brier,0.2172198728139904
861,861,,,,,,new_hypertension,new_hypertension,clmbr,rf,1,2,auroc,0.602259916104406
862,862,,,,,,new_hypertension,new_hypertension,clmbr,rf,1,2,auprc,0.1800235501160796
863,863,,,,,,new_hypertension,new_hypertension,clmbr,rf,1,2,brier,0.2499879173290938
864,864,,,,,,new_hypertension,new_hypertension,clmbr,rf,2,2,auroc,0.5278555118718561
865,865,,,,,,new_hypertension,new_hypertension,clmbr,rf,2,2,auprc,0.1395320512221253
866,866,,,,,,new_hypertension,new_hypertension,clmbr,rf,2,2,brier,0.264370747217806
867,867,,,,,,new_hypertension,new_hypertension,clmbr,rf,3,2,auroc,0.6181405623179449
868,868,,,,,,new_hypertension,new_hypertension,clmbr,rf,3,2,auprc,0.167009781996916
869,869,,,,,,new_hypertension,new_hypertension,clmbr,rf,3,2,brier,0.2337206765589118
870,870,,,,,,new_hypertension,new_hypertension,clmbr,rf,4,2,auroc,0.5459680326883788
871,871,,,,,,new_hypertension,new_hypertension,clmbr,rf,4,2,auprc,0.1530329618622382
872,872,,,,,,new_hypertension,new_hypertension,clmbr,rf,4,2,brier,0.2487488076311605
873,873,,,,,,new_hypertension,new_hypertension,clmbr,rf,0,4,auroc,0.5469122873281027
874,874,,,,,,new_hypertension,new_hypertension,clmbr,rf,0,4,auprc,0.1456712215843942
875,875,,,,,,new_hypertension,new_hypertension,clmbr,rf,0,4,brier,0.2624483306836248
876,876,,,,,,new_hypertension,new_hypertension,clmbr,rf,1,4,auroc,0.5819183820625954
877,877,,,,,,new_hypertension,new_hypertension,clmbr,rf,1,4,auprc,0.1721497505279557
878,878,,,,,,new_hypertension,new_hypertension,clmbr,rf,1,4,brier,0.2329586645468998
879,879,,,,,,new_hypertension,new_hypertension,clmbr,rf,2,4,auroc,0.5238810582519271
880,880,,,,,,new_hypertension,new_hypertension,clmbr,rf,2,4,auprc,0.129372980215863
881,881,,,,,,new_hypertension,new_hypertension,clmbr,rf,2,4,brier,0.2912480127186009
882,882,,,,,,new_hypertension,new_hypertension,clmbr,rf,3,4,auroc,0.6270165559313499
883,883,,,,,,new_hypertension,new_hypertension,clmbr,rf,3,4,auprc,0.1726628026456038
884,884,,,,,,new_hypertension,new_hypertension,clmbr,rf,3,4,brier,0.2467945151033386
885,885,,,,,,new_hypertension,new_hypertension,clmbr,rf,4,4,auroc,0.6457013522870991
886,886,,,,,,new_hypertension,new_hypertension,clmbr,rf,4,4,auprc,0.1938679682488041
887,887,,,,,,new_hypertension,new_hypertension,clmbr,rf,4,4,brier,0.2309421303656598
888,888,,,,,,new_hypertension,new_hypertension,clmbr,rf,0,8,auroc,0.6520221356178574
889,889,,,,,,new_hypertension,new_hypertension,clmbr,rf,0,8,auprc,0.2006884446579139
890,890,,,,,,new_hypertension,new_hypertension,clmbr,rf,0,8,brier,0.2219614467408585
891,891,,,,,,new_hypertension,new_hypertension,clmbr,rf,1,8,auroc,0.5962767753417916
892,892,,,,,,new_hypertension,new_hypertension,clmbr,rf,1,8,auprc,0.161776869001034
893,893,,,,,,new_hypertension,new_hypertension,clmbr,rf,1,8,brier,0.2555147677088853
894,894,,,,,,new_hypertension,new_hypertension,clmbr,rf,2,8,auroc,0.6570610217407477
895,895,,,,,,new_hypertension,new_hypertension,clmbr,rf,2,8,auprc,0.2169506703597207
896,896,,,,,,new_hypertension,new_hypertension,clmbr,rf,2,8,brier,0.2221531796502384
897,897,,,,,,new_hypertension,new_hypertension,clmbr,rf,3,8,auroc,0.6074075345797494
898,898,,,,,,new_hypertension,new_hypertension,clmbr,rf,3,8,auprc,0.1685439574062735
899,899,,,,,,new_hypertension,new_hypertension,clmbr,rf,3,8,brier,0.2683724165341813
900,900,,,,,,new_hypertension,new_hypertension,clmbr,rf,4,8,auroc,0.6023285891691131
901,901,,,,,,new_hypertension,new_hypertension,clmbr,rf,4,8,auprc,0.1595568532780073
902,902,,,,,,new_hypertension,new_hypertension,clmbr,rf,4,8,brier,0.2468759936406995
903,903,,,,,,new_hypertension,new_hypertension,clmbr,rf,0,12,auroc,0.6318150863277651
904,904,,,,,,new_hypertension,new_hypertension,clmbr,rf,0,12,auprc,0.1837764911508924
905,905,,,,,,new_hypertension,new_hypertension,clmbr,rf,0,12,brier,0.2159538950715421
906,906,,,,,,new_hypertension,new_hypertension,clmbr,rf,1,12,auroc,0.6080799583383407
907,907,,,,,,new_hypertension,new_hypertension,clmbr,rf,1,12,auprc,0.1673986663744461
908,908,,,,,,new_hypertension,new_hypertension,clmbr,rf,1,12,brier,0.2361287595518687
909,909,,,,,,new_hypertension,new_hypertension,clmbr,rf,2,12,auroc,0.5959305486405595
910,910,,,,,,new_hypertension,new_hypertension,clmbr,rf,2,12,auprc,0.1701468430147773
911,911,,,,,,new_hypertension,new_hypertension,clmbr,rf,2,12,brier,0.2157806041335453
912,912,,,,,,new_hypertension,new_hypertension,clmbr,rf,3,12,auroc,0.6446712563164911
913,913,,,,,,new_hypertension,new_hypertension,clmbr,rf,3,12,auprc,0.1916614315032029
914,914,,,,,,new_hypertension,new_hypertension,clmbr,rf,3,12,brier,0.2641295707472177
915,915,,,,,,new_hypertension,new_hypertension,clmbr,rf,4,12,auroc,0.6030811315031962
916,916,,,,,,new_hypertension,new_hypertension,clmbr,rf,4,12,auprc,0.1759967964900231
917,917,,,,,,new_hypertension,new_hypertension,clmbr,rf,4,12,brier,0.2330961844197138
918,918,,,,,,new_hypertension,new_hypertension,clmbr,rf,0,16,auroc,0.6215427403986472
919,919,,,,,,new_hypertension,new_hypertension,clmbr,rf,0,16,auprc,0.1866164215549229
920,920,,,,,,new_hypertension,new_hypertension,clmbr,rf,0,16,brier,0.2262779014308426
921,921,,,,,,new_hypertension,new_hypertension,clmbr,rf,1,16,auroc,0.5766334174578377
922,922,,,,,,new_hypertension,new_hypertension,clmbr,rf,1,16,auprc,0.1588138843216933
923,923,,,,,,new_hypertension,new_hypertension,clmbr,rf,1,16,brier,0.2603488782900547
924,924,,,,,,new_hypertension,new_hypertension,clmbr,rf,2,16,auroc,0.6177542763289668
925,925,,,,,,new_hypertension,new_hypertension,clmbr,rf,2,16,auprc,0.1755423091843833
926,926,,,,,,new_hypertension,new_hypertension,clmbr,rf,2,16,brier,0.2423051669316374
927,927,,,,,,new_hypertension,new_hypertension,clmbr,rf,3,16,auroc,0.6451748587910107
928,928,,,,,,new_hypertension,new_hypertension,clmbr,rf,3,16,auprc,0.2320839195073945
929,929,,,,,,new_hypertension,new_hypertension,clmbr,rf,3,16,brier,0.263735373608903
930,930,,,,,,new_hypertension,new_hypertension,clmbr,rf,4,16,auroc,0.6346106523368872
931,931,,,,,,new_hypertension,new_hypertension,clmbr,rf,4,16,auprc,0.2100326481727084
932,932,,,,,,new_hypertension,new_hypertension,clmbr,rf,4,16,brier,0.2358947535771065
933,933,,,,,,new_hypertension,new_hypertension,clmbr,rf,0,24,auroc,0.6662317372568545
934,934,,,,,,new_hypertension,new_hypertension,clmbr,rf,0,24,auprc,0.2280895951143842
935,935,,,,,,new_hypertension,new_hypertension,clmbr,rf,0,24,brier,0.2215921833598304
936,936,,,,,,new_hypertension,new_hypertension,clmbr,rf,1,24,auroc,0.566326734996366
937,937,,,,,,new_hypertension,new_hypertension,clmbr,rf,1,24,auprc,0.1569479059637978
938,938,,,,,,new_hypertension,new_hypertension,clmbr,rf,1,24,brier,0.2319038037808028
939,939,,,,,,new_hypertension,new_hypertension,clmbr,rf,2,24,auroc,0.5929461317034925
940,940,,,,,,new_hypertension,new_hypertension,clmbr,rf,2,24,auprc,0.1699646105155207
941,941,,,,,,new_hypertension,new_hypertension,clmbr,rf,2,24,brier,0.2479610492845787
942,942,,,,,,new_hypertension,new_hypertension,clmbr,rf,3,24,auroc,0.642665430551502
943,943,,,,,,new_hypertension,new_hypertension,clmbr,rf,3,24,auprc,0.1996235333028644
944,944,,,,,,new_hypertension,new_hypertension,clmbr,rf,3,24,brier,0.2443443561208267
945,945,,,,,,new_hypertension,new_hypertension,clmbr,rf,4,24,auroc,0.6593815990523118
946,946,,,,,,new_hypertension,new_hypertension,clmbr,rf,4,24,auprc,0.2149155501621926
947,947,,,,,,new_hypertension,new_hypertension,clmbr,rf,4,24,brier,0.2137649745504208
948,948,,,,,,new_hypertension,new_hypertension,clmbr,rf,0,32,auroc,0.6241351485913438
949,949,,,,,,new_hypertension,new_hypertension,clmbr,rf,0,32,auprc,0.195261264147864
950,950,,,,,,new_hypertension,new_hypertension,clmbr,rf,0,32,brier,0.2216677265500794
951,951,,,,,,new_hypertension,new_hypertension,clmbr,rf,1,32,auroc,0.5721553613633893
952,952,,,,,,new_hypertension,new_hypertension,clmbr,rf,1,32,auprc,0.1573737447786502
953,953,,,,,,new_hypertension,new_hypertension,clmbr,rf,1,32,brier,0.2551251987281399
954,954,,,,,,new_hypertension,new_hypertension,clmbr,rf,2,32,auroc,0.634670741268506
955,955,,,,,,new_hypertension,new_hypertension,clmbr,rf,2,32,auprc,0.1904359680024811
956,956,,,,,,new_hypertension,new_hypertension,clmbr,rf,2,32,brier,0.2313217425008971
957,957,,,,,,new_hypertension,new_hypertension,clmbr,rf,3,32,auroc,0.6871255171940185
958,958,,,,,,new_hypertension,new_hypertension,clmbr,rf,3,32,auprc,0.2499934076993062
959,959,,,,,,new_hypertension,new_hypertension,clmbr,rf,3,32,brier,0.2358725843490549
960,960,,,,,,new_hypertension,new_hypertension,clmbr,rf,4,32,auroc,0.6529950040345426
961,961,,,,,,new_hypertension,new_hypertension,clmbr,rf,4,32,auprc,0.2355874980952409
962,962,,,,,,new_hypertension,new_hypertension,clmbr,rf,4,32,brier,0.2267346581875993
963,963,,,,,,new_hypertension,new_hypertension,clmbr,rf,0,48,auroc,0.6687640565179322
964,964,,,,,,new_hypertension,new_hypertension,clmbr,rf,0,48,auprc,0.2679883924157044
965,965,,,,,,new_hypertension,new_hypertension,clmbr,rf,0,48,brier,0.2252816375198728
966,966,,,,,,new_hypertension,new_hypertension,clmbr,rf,1,48,auroc,0.6560509554140128
967,967,,,,,,new_hypertension,new_hypertension,clmbr,rf,1,48,auprc,0.2339292508313449
968,968,,,,,,new_hypertension,new_hypertension,clmbr,rf,1,48,brier,0.234255695663645
969,969,,,,,,new_hypertension,new_hypertension,clmbr,rf,2,48,auroc,0.6570581603630516
970,970,,,,,,new_hypertension,new_hypertension,clmbr,rf,2,48,auprc,0.2134224742284279
971,971,,,,,,new_hypertension,new_hypertension,clmbr,rf,2,48,brier,0.2267277336159689
972,972,,,,,,new_hypertension,new_hypertension,clmbr,rf,3,48,auroc,0.6705524175780155
973,973,,,,,,new_hypertension,new_hypertension,clmbr,rf,3,48,auprc,0.2372449257987918
974,974,,,,,,new_hypertension,new_hypertension,clmbr,rf,3,48,brier,0.2256337837837838
975,975,,,,,,new_hypertension,new_hypertension,clmbr,rf,4,48,auroc,0.6748988502984417
976,976,,,,,,new_hypertension,new_hypertension,clmbr,rf,4,48,auprc,0.2268029953984927
977,977,,,,,,new_hypertension,new_hypertension,clmbr,rf,4,48,brier,0.21327066772655
978,978,,,,,,new_hypertension,new_hypertension,clmbr,rf,0,64,auroc,0.6153049370210769
979,979,,,,,,new_hypertension,new_hypertension,clmbr,rf,0,64,auprc,0.2162933699992672
980,980,,,,,,new_hypertension,new_hypertension,clmbr,rf,0,64,brier,0.2278376388661101
981,981,,,,,,new_hypertension,new_hypertension,clmbr,rf,1,64,auroc,0.6527832620850287
982,982,,,,,,new_hypertension,new_hypertension,clmbr,rf,1,64,auprc,0.2254009535367021
983,983,,,,,,new_hypertension,new_hypertension,clmbr,rf,1,64,brier,0.232882578609668
984,984,,,,,,new_hypertension,new_hypertension,clmbr,rf,2,64,auroc,0.6637480614166109
985,985,,,,,,new_hypertension,new_hypertension,clmbr,rf,2,64,auprc,0.2082362483031301
986,986,,,,,,new_hypertension,new_hypertension,clmbr,rf,2,64,brier,0.2162661720544073
987,987,,,,,,new_hypertension,new_hypertension,clmbr,rf,3,64,auroc,0.6262783204857475
988,988,,,,,,new_hypertension,new_hypertension,clmbr,rf,3,64,auprc,0.1790064704033179
989,989,,,,,,new_hypertension,new_hypertension,clmbr,rf,3,64,brier,0.2492803827746729
990,990,,,,,,new_hypertension,new_hypertension,clmbr,rf,4,64,auroc,0.6711361386280267
991,991,,,,,,new_hypertension,new_hypertension,clmbr,rf,4,64,auprc,0.2343066898804174
992,992,,,,,,new_hypertension,new_hypertension,clmbr,rf,4,64,brier,0.211640117949811
993,993,,,,,,new_hypertension,new_hypertension,clmbr,rf,0,128,auroc,0.6914862568029255
994,994,,,,,,new_hypertension,new_hypertension,clmbr,rf,0,128,auprc,0.251267410792015
995,995,,,,,,new_hypertension,new_hypertension,clmbr,rf,0,128,brier,0.2064278307719484
996,996,,,,,,new_hypertension,new_hypertension,clmbr,rf,1,128,auroc,0.690315953325207
997,997,,,,,,new_hypertension,new_hypertension,clmbr,rf,1,128,auprc,0.2325029195686844
998,998,,,,,,new_hypertension,new_hypertension,clmbr,rf,1,128,brier,0.2132799152093269
999,999,,,,,,new_hypertension,new_hypertension,clmbr,rf,2,128,auroc,0.6909883770837983
1000,1000,,,,,,new_hypertension,new_hypertension,clmbr,rf,2,128,auprc,0.2257376124930373
1001,1001,,,,,,new_hypertension,new_hypertension,clmbr,rf,2,128,brier,0.2082874412438017
1002,1002,,,,,,new_hypertension,new_hypertension,clmbr,rf,3,128,auroc,0.6803039927664372
1003,1003,,,,,,new_hypertension,new_hypertension,clmbr,rf,3,128,auprc,0.2319179717615764
1004,1004,,,,,,new_hypertension,new_hypertension,clmbr,rf,3,128,brier,0.2153291724146007
1005,1005,,,,,,new_hypertension,new_hypertension,clmbr,rf,4,128,auroc,0.667877029432131
1006,1006,,,,,,new_hypertension,new_hypertension,clmbr,rf,4,128,auprc,0.2160858806773007
1007,1007,,,,,,new_hypertension,new_hypertension,clmbr,rf,4,128,brier,0.2199656244479773
1008,1008,,,,,,new_hypertension,new_hypertension,clmbr,gbm,0,-1,auroc,0.7004938737903526
1009,1009,,,,,,new_hypertension,new_hypertension,clmbr,gbm,0,-1,auprc,0.2604007056317791
1010,1010,,,,,,new_hypertension,new_hypertension,clmbr,gbm,0,-1,brier,0.1171919636072993
1011,1011,,,,,,new_hypertension,new_hypertension,clmbr,gbm,0,1,auroc,0.523128515917844
1012,1012,,,,,,new_hypertension,new_hypertension,clmbr,gbm,0,1,auprc,0.1320148322451926
1013,1013,,,,,,new_hypertension,new_hypertension,clmbr,gbm,0,1,brier,0.3636609127391448
1014,1014,,,,,,new_hypertension,new_hypertension,clmbr,gbm,1,1,auroc,0.4668051573471594
1015,1015,,,,,,new_hypertension,new_hypertension,clmbr,gbm,1,1,auprc,0.1203073256347396
1016,1016,,,,,,new_hypertension,new_hypertension,clmbr,gbm,1,1,brier,0.3471487690239797
1017,1017,,,,,,new_hypertension,new_hypertension,clmbr,gbm,2,1,auroc,0.4668051573471594
1018,1018,,,,,,new_hypertension,new_hypertension,clmbr,gbm,2,1,auprc,0.1203073256347396
1019,1019,,,,,,new_hypertension,new_hypertension,clmbr,gbm,2,1,brier,0.3471487690239797
1020,1020,,,,,,new_hypertension,new_hypertension,clmbr,gbm,3,1,auroc,0.5331948426528405
1021,1021,,,,,,new_hypertension,new_hypertension,clmbr,gbm,3,1,auprc,0.1343667817770443
1022,1022,,,,,,new_hypertension,new_hypertension,clmbr,gbm,3,1,brier,0.5274063379145333
1023,1023,,,,,,new_hypertension,new_hypertension,clmbr,gbm,4,1,auroc,0.5007296513125139
1024,1024,,,,,,new_hypertension,new_hypertension,clmbr,gbm,4,1,auprc,0.1265526176735943
1025,1025,,,,,,new_hypertension,new_hypertension,clmbr,gbm,4,1,brier,0.4544777031725535
1026,1026,,,,,,new_hypertension,new_hypertension,clmbr,gbm,0,2,auroc,0.523128515917844
1027,1027,,,,,,new_hypertension,new_hypertension,clmbr,gbm,0,2,auprc,0.1320148322451926
1028,1028,,,,,,new_hypertension,new_hypertension,clmbr,gbm,0,2,brier,0.3636609127391452
1029,1029,,,,,,new_hypertension,new_hypertension,clmbr,gbm,1,2,auroc,0.5592877458638785
1030,1030,,,,,,new_hypertension,new_hypertension,clmbr,gbm,1,2,auprc,0.1417894031656517
1031,1031,,,,,,new_hypertension,new_hypertension,clmbr,gbm,1,2,brier,0.4716778528758511
1032,1032,,,,,,new_hypertension,new_hypertension,clmbr,gbm,2,2,auroc,0.5007296513125139
1033,1033,,,,,,new_hypertension,new_hypertension,clmbr,gbm,2,2,auprc,0.1265526176735943
1034,1034,,,,,,new_hypertension,new_hypertension,clmbr,gbm,2,2,brier,0.454477703172554
1035,1035,,,,,,new_hypertension,new_hypertension,clmbr,gbm,3,2,auroc,0.4794410012532835
1036,1036,,,,,,new_hypertension,new_hypertension,clmbr,gbm,3,2,auprc,0.122113686572582
1037,1037,,,,,,new_hypertension,new_hypertension,clmbr,gbm,3,2,brier,0.5232783019857425
1038,1038,,,,,,new_hypertension,new_hypertension,clmbr,gbm,4,2,auroc,0.5205589987467165
1039,1039,,,,,,new_hypertension,new_hypertension,clmbr,gbm,4,2,auprc,0.131361304973434
1040,1040,,,,,,new_hypertension,new_hypertension,clmbr,gbm,4,2,brier,0.3512768049527713
1041,1041,,,,,,new_hypertension,new_hypertension,clmbr,gbm,0,4,auroc,0.5055796865074595
1042,1042,,,,,,new_hypertension,new_hypertension,clmbr,gbm,0,4,auprc,0.1298973829946408
1043,1043,,,,,,new_hypertension,new_hypertension,clmbr,gbm,0,4,brier,0.3265085893800236
1044,1044,,,,,,new_hypertension,new_hypertension,clmbr,gbm,1,4,auroc,0.4690971208817621
1045,1045,,,,,,new_hypertension,new_hypertension,clmbr,gbm,1,4,auprc,0.1206844495020835
1046,1046,,,,,,new_hypertension,new_hypertension,clmbr,gbm,1,4,brier,0.5790067870244255
1047,1047,,,,,,new_hypertension,new_hypertension,clmbr,gbm,2,4,auroc,0.4841079082756765
1048,1048,,,,,,new_hypertension,new_hypertension,clmbr,gbm,2,4,auprc,0.1237497320354449
1049,1049,,,,,,new_hypertension,new_hypertension,clmbr,gbm,2,4,brier,0.4544777031725542
1050,1050,,,,,,new_hypertension,new_hypertension,clmbr,gbm,3,4,auroc,0.6297091123434111
1051,1051,,,,,,new_hypertension,new_hypertension,clmbr,gbm,3,4,auprc,0.1743173826922929
1052,1052,,,,,,new_hypertension,new_hypertension,clmbr,gbm,3,4,brier,0.3877411223237614
1053,1053,,,,,,new_hypertension,new_hypertension,clmbr,gbm,4,4,auroc,0.5628587452286526
1054,1054,,,,,,new_hypertension,new_hypertension,clmbr,gbm,4,4,auprc,0.1507411800980961
1055,1055,,,,,,new_hypertension,new_hypertension,clmbr,gbm,4,4,brier,0.3547168348934309
1056,1056,,,,,,new_hypertension,new_hypertension,clmbr,gbm,0,8,auroc,0.5732140711109586
1057,1057,,,,,,new_hypertension,new_hypertension,clmbr,gbm,0,8,auprc,0.1605007620879306
1058,1058,,,,,,new_hypertension,new_hypertension,clmbr,gbm,0,8,brier,0.3975898808229514
1059,1059,,,,,,new_hypertension,new_hypertension,clmbr,gbm,1,8,auroc,0.5910776520679177
1060,1060,,,,,,new_hypertension,new_hypertension,clmbr,gbm,1,8,auprc,0.160894513435422
1061,1061,,,,,,new_hypertension,new_hypertension,clmbr,gbm,1,8,brier,0.3566069439057026
1062,1062,,,,,,new_hypertension,new_hypertension,clmbr,gbm,2,8,auroc,0.5798581901213796
1063,1063,,,,,,new_hypertension,new_hypertension,clmbr,gbm,2,8,auprc,0.1641356578021968
1064,1064,,,,,,new_hypertension,new_hypertension,clmbr,gbm,2,8,brier,0.4389684940158577
1065,1065,,,,,,new_hypertension,new_hypertension,clmbr,gbm,3,8,auroc,0.6616134736552954
1066,1066,,,,,,new_hypertension,new_hypertension,clmbr,gbm,3,8,auprc,0.2147134168680678
1067,1067,,,,,,new_hypertension,new_hypertension,clmbr,gbm,3,8,brier,0.4604547568993135
1068,1068,,,,,,new_hypertension,new_hypertension,clmbr,gbm,4,8,auroc,0.5198093177903297
1069,1069,,,,,,new_hypertension,new_hypertension,clmbr,gbm,4,8,auprc,0.127230093957554
1070,1070,,,,,,new_hypertension,new_hypertension,clmbr,gbm,4,8,brier,0.4024690020842155
1071,1071,,,,,,new_hypertension,new_hypertension,clmbr,gbm,0,12,auroc,0.5481770162697936
1072,1072,,,,,,new_hypertension,new_hypertension,clmbr,gbm,0,12,auprc,0.145932622648139
1073,1073,,,,,,new_hypertension,new_hypertension,clmbr,gbm,0,12,brier,0.3175562176774986
1074,1074,,,,,,new_hypertension,new_hypertension,clmbr,gbm,1,12,auroc,0.5611562254994535
1075,1075,,,,,,new_hypertension,new_hypertension,clmbr,gbm,1,12,auprc,0.1552264812404738
1076,1076,,,,,,new_hypertension,new_hypertension,clmbr,gbm,1,12,brier,0.4104901626436676
1077,1077,,,,,,new_hypertension,new_hypertension,clmbr,gbm,2,12,auroc,0.5909717810931607
1078,1078,,,,,,new_hypertension,new_hypertension,clmbr,gbm,2,12,auprc,0.1707473927979829
1079,1079,,,,,,new_hypertension,new_hypertension,clmbr,gbm,2,12,brier,0.4625723660031943
1080,1080,,,,,,new_hypertension,new_hypertension,clmbr,gbm,3,12,auroc,0.554140127388535
1081,1081,,,,,,new_hypertension,new_hypertension,clmbr,gbm,3,12,auprc,0.1535777700063098
1082,1082,,,,,,new_hypertension,new_hypertension,clmbr,gbm,3,12,brier,0.3705409726204644
1083,1083,,,,,,new_hypertension,new_hypertension,clmbr,gbm,4,12,auroc,0.6139085847053639
1084,1084,,,,,,new_hypertension,new_hypertension,clmbr,gbm,4,12,auprc,0.1928226932131414
1085,1085,,,,,,new_hypertension,new_hypertension,clmbr,gbm,4,12,brier,0.3569932481047733
1086,1086,,,,,,new_hypertension,new_hypertension,clmbr,gbm,0,16,auroc,0.6220406201177744
1087,1087,,,,,,new_hypertension,new_hypertension,clmbr,gbm,0,16,auprc,0.1900656282865152
1088,1088,,,,,,new_hypertension,new_hypertension,clmbr,gbm,0,16,brier,0.4023403074034993
1089,1089,,,,,,new_hypertension,new_hypertension,clmbr,gbm,1,16,auroc,0.5938932477209127
1090,1090,,,,,,new_hypertension,new_hypertension,clmbr,gbm,1,16,auprc,0.1766725556978753
1091,1091,,,,,,new_hypertension,new_hypertension,clmbr,gbm,1,16,brier,0.414872136472555
1092,1092,,,,,,new_hypertension,new_hypertension,clmbr,gbm,2,16,auroc,0.5682524421858636
1093,1093,,,,,,new_hypertension,new_hypertension,clmbr,gbm,2,16,auprc,0.1638029696263494
1094,1094,,,,,,new_hypertension,new_hypertension,clmbr,gbm,2,16,brier,0.481620059253719
1095,1095,,,,,,new_hypertension,new_hypertension,clmbr,gbm,3,16,auroc,0.5914753835676801
1096,1096,,,,,,new_hypertension,new_hypertension,clmbr,gbm,3,16,auprc,0.1720943806690087
1097,1097,,,,,,new_hypertension,new_hypertension,clmbr,gbm,3,16,brier,0.4319846368977925
1098,1098,,,,,,new_hypertension,new_hypertension,clmbr,gbm,4,16,auroc,0.6346192364699755
1099,1099,,,,,,new_hypertension,new_hypertension,clmbr,gbm,4,16,auprc,0.2011920804956163
1100,1100,,,,,,new_hypertension,new_hypertension,clmbr,gbm,4,16,brier,0.437161747282742
1101,1101,,,,,,new_hypertension,new_hypertension,clmbr,gbm,0,24,auroc,0.5857182916430603
1102,1102,,,,,,new_hypertension,new_hypertension,clmbr,gbm,0,24,auprc,0.1832671681871493
1103,1103,,,,,,new_hypertension,new_hypertension,clmbr,gbm,0,24,brier,0.4970708987427052
1104,1104,,,,,,new_hypertension,new_hypertension,clmbr,gbm,1,24,auroc,0.5463457345442684
1105,1105,,,,,,new_hypertension,new_hypertension,clmbr,gbm,1,24,auprc,0.1545610044616615
1106,1106,,,,,,new_hypertension,new_hypertension,clmbr,gbm,1,24,brier,0.3820071082007742
1107,1107,,,,,,new_hypertension,new_hypertension,clmbr,gbm,2,24,auroc,0.5488408558952965
1108,1108,,,,,,new_hypertension,new_hypertension,clmbr,gbm,2,24,auprc,0.140353785120005
1109,1109,,,,,,new_hypertension,new_hypertension,clmbr,gbm,2,24,brier,0.4991009344094724
1110,1110,,,,,,new_hypertension,new_hypertension,clmbr,gbm,3,24,auroc,0.5981309480888859
1111,1111,,,,,,new_hypertension,new_hypertension,clmbr,gbm,3,24,auprc,0.1819062841532369
1112,1112,,,,,,new_hypertension,new_hypertension,clmbr,gbm,3,24,brier,0.4386076307185468
1113,1113,,,,,,new_hypertension,new_hypertension,clmbr,gbm,4,24,auroc,0.5770454558460808
1114,1114,,,,,,new_hypertension,new_hypertension,clmbr,gbm,4,24,auprc,0.151862907176017
1115,1115,,,,,,new_hypertension,new_hypertension,clmbr,gbm,4,24,brier,0.3750767943795873
1116,1116,,,,,,new_hypertension,new_hypertension,clmbr,gbm,0,32,auroc,0.6131045375727505
1117,1117,,,,,,new_hypertension,new_hypertension,clmbr,gbm,0,32,auprc,0.1881606063070139
1118,1118,,,,,,new_hypertension,new_hypertension,clmbr,gbm,0,32,brier,0.2638801070898874
1119,1119,,,,,,new_hypertension,new_hypertension,clmbr,gbm,1,32,auroc,0.5804590794375676
1120,1120,,,,,,new_hypertension,new_hypertension,clmbr,gbm,1,32,auprc,0.1668343115233296
1121,1121,,,,,,new_hypertension,new_hypertension,clmbr,gbm,1,32,brier,0.3728452646154846
1122,1122,,,,,,new_hypertension,new_hypertension,clmbr,gbm,2,32,auroc,0.5798352990998106
1123,1123,,,,,,new_hypertension,new_hypertension,clmbr,gbm,2,32,auprc,0.1770301419677035
1124,1124,,,,,,new_hypertension,new_hypertension,clmbr,gbm,2,32,brier,0.4782457092195512
1125,1125,,,,,,new_hypertension,new_hypertension,clmbr,gbm,3,32,auroc,0.5731940414670855
1126,1126,,,,,,new_hypertension,new_hypertension,clmbr,gbm,3,32,auprc,0.197529978721712
1127,1127,,,,,,new_hypertension,new_hypertension,clmbr,gbm,3,32,brier,0.5005915754597747
1128,1128,,,,,,new_hypertension,new_hypertension,clmbr,gbm,4,32,auroc,0.5738149604271465
1129,1129,,,,,,new_hypertension,new_hypertension,clmbr,gbm,4,32,auprc,0.1790429716922802
1130,1130,,,,,,new_hypertension,new_hypertension,clmbr,gbm,4,32,brier,0.4615901886233089
1131,1131,,,,,,new_hypertension,new_hypertension,clmbr,gbm,0,48,auroc,0.6819693145855866
1132,1132,,,,,,new_hypertension,new_hypertension,clmbr,gbm,0,48,auprc,0.2522267791350874
1133,1133,,,,,,new_hypertension,new_hypertension,clmbr,gbm,0,48,brier,0.2809751263723313
1134,1134,,,,,,new_hypertension,new_hypertension,clmbr,gbm,1,48,auroc,0.5832460613136012
1135,1135,,,,,,new_hypertension,new_hypertension,clmbr,gbm,1,48,auprc,0.2072981137425333
1136,1136,,,,,,new_hypertension,new_hypertension,clmbr,gbm,1,48,brier,0.4726718127683577
1137,1137,,,,,,new_hypertension,new_hypertension,clmbr,gbm,2,48,auroc,0.6505284964604758
1138,1138,,,,,,new_hypertension,new_hypertension,clmbr,gbm,2,48,auprc,0.2153367153995202
1139,1139,,,,,,new_hypertension,new_hypertension,clmbr,gbm,2,48,brier,0.3095512896465405
1140,1140,,,,,,new_hypertension,new_hypertension,clmbr,gbm,3,48,auroc,0.6199689826657739
1141,1141,,,,,,new_hypertension,new_hypertension,clmbr,gbm,3,48,auprc,0.1999207294554374
1142,1142,,,,,,new_hypertension,new_hypertension,clmbr,gbm,3,48,brier,0.3418242455221156
1143,1143,,,,,,new_hypertension,new_hypertension,clmbr,gbm,4,48,auroc,0.5992182716134165
1144,1144,,,,,,new_hypertension,new_hypertension,clmbr,gbm,4,48,auprc,0.1649839712196343
1145,1145,,,,,,new_hypertension,new_hypertension,clmbr,gbm,4,48,brier,0.385693378041731
1146,1146,,,,,,new_hypertension,new_hypertension,clmbr,gbm,0,64,auroc,0.6776028522212876
1147,1147,,,,,,new_hypertension,new_hypertension,clmbr,gbm,0,64,auprc,0.2589111045611754
1148,1148,,,,,,new_hypertension,new_hypertension,clmbr,gbm,0,64,brier,0.2617553558874056
1149,1149,,,,,,new_hypertension,new_hypertension,clmbr,gbm,1,64,auroc,0.6312828700762844
1150,1150,,,,,,new_hypertension,new_hypertension,clmbr,gbm,1,64,auprc,0.2249781734091555
1151,1151,,,,,,new_hypertension,new_hypertension,clmbr,gbm,1,64,brier,0.3052191510114496
1152,1152,,,,,,new_hypertension,new_hypertension,clmbr,gbm,2,64,auroc,0.6480963254187626
1153,1153,,,,,,new_hypertension,new_hypertension,clmbr,gbm,2,64,auprc,0.1860811064536341
1154,1154,,,,,,new_hypertension,new_hypertension,clmbr,gbm,2,64,brier,0.3075505945700593
1155,1155,,,,,,new_hypertension,new_hypertension,clmbr,gbm,3,64,auroc,0.6309795640404943
1156,1156,,,,,,new_hypertension,new_hypertension,clmbr,gbm,3,64,auprc,0.1997110135178794
1157,1157,,,,,,new_hypertension,new_hypertension,clmbr,gbm,3,64,brier,0.3344152272603192
1158,1158,,,,,,new_hypertension,new_hypertension,clmbr,gbm,4,64,auroc,0.6516444337619678
1159,1159,,,,,,new_hypertension,new_hypertension,clmbr,gbm,4,64,auprc,0.2270412777914436
1160,1160,,,,,,new_hypertension,new_hypertension,clmbr,gbm,4,64,brier,0.3008251533339424
1161,1161,,,,,,new_hypertension,new_hypertension,clmbr,gbm,0,128,auroc,0.6947825639088707
1162,1162,,,,,,new_hypertension,new_hypertension,clmbr,gbm,0,128,auprc,0.2526383210824315
1163,1163,,,,,,new_hypertension,new_hypertension,clmbr,gbm,0,128,brier,0.2223061558666821
1164,1164,,,,,,new_hypertension,new_hypertension,clmbr,gbm,1,128,auroc,0.6688527592265123
1165,1165,,,,,,new_hypertension,new_hypertension,clmbr,gbm,1,128,auprc,0.2379917785921361
1166,1166,,,,,,new_hypertension,new_hypertension,clmbr,gbm,1,128,brier,0.2280827658084033
1167,1167,,,,,,new_hypertension,new_hypertension,clmbr,gbm,2,128,auroc,0.6876348424239302
1168,1168,,,,,,new_hypertension,new_hypertension,clmbr,gbm,2,128,auprc,0.2207286768932964
1169,1169,,,,,,new_hypertension,new_hypertension,clmbr,gbm,2,128,brier,0.2819876056934156
1170,1170,,,,,,new_hypertension,new_hypertension,clmbr,gbm,3,128,auroc,0.6624890552303123
1171,1171,,,,,,new_hypertension,new_hypertension,clmbr,gbm,3,128,auprc,0.2201096773704034
1172,1172,,,,,,new_hypertension,new_hypertension,clmbr,gbm,3,128,brier,0.3203092890986917
1173,1173,,,,,,new_hypertension,new_hypertension,clmbr,gbm,4,128,auroc,0.6243297222746809
1174,1174,,,,,,new_hypertension,new_hypertension,clmbr,gbm,4,128,auprc,0.1921681812671276
1175,1175,,,,,,new_hypertension,new_hypertension,clmbr,gbm,4,128,brier,0.2982157034778888
1176,1176,840.0,840.0,,,,new_hypertension,new_hypertension,clinicalbert_type1_max_pool,lr_lbfgs,0,-1,auroc,0.6319180959248258
1177,1177,841.0,841.0,,,,new_hypertension,new_hypertension,clinicalbert_type1_max_pool,lr_lbfgs,0,-1,auprc,0.1754948929242385
1178,1178,842.0,842.0,,,,new_hypertension,new_hypertension,clinicalbert_type1_max_pool,lr_lbfgs,0,-1,brier,0.1131103896044474
1179,1179,843.0,843.0,,,,new_hypertension,new_hypertension,clinicalbert_type1_max_pool,lr_lbfgs,0,1,auroc,0.5112251847019303
1180,1180,844.0,844.0,,,,new_hypertension,new_hypertension,clinicalbert_type1_max_pool,lr_lbfgs,0,1,auprc,0.1308271025903182
1181,1181,845.0,845.0,,,,new_hypertension,new_hypertension,clinicalbert_type1_max_pool,lr_lbfgs,0,1,brier,0.2499995061975264
1182,1182,846.0,846.0,,,,new_hypertension,new_hypertension,clinicalbert_type1_max_pool,lr_lbfgs,1,1,auroc,0.5969177239457254
1183,1183,847.0,847.0,,,,new_hypertension,new_hypertension,clinicalbert_type1_max_pool,lr_lbfgs,1,1,auprc,0.155104173472907
1184,1184,848.0,848.0,,,,new_hypertension,new_hypertension,clinicalbert_type1_max_pool,lr_lbfgs,1,1,brier,0.2499994573587558
1185,1185,849.0,849.0,,,,new_hypertension,new_hypertension,clinicalbert_type1_max_pool,lr_lbfgs,2,1,auroc,0.470404770488895
1186,1186,850.0,850.0,,,,new_hypertension,new_hypertension,clinicalbert_type1_max_pool,lr_lbfgs,2,1,auprc,0.1115398021487264
1187,1187,851.0,851.0,,,,new_hypertension,new_hypertension,clinicalbert_type1_max_pool,lr_lbfgs,2,1,brier,0.2500003881483873
1188,1188,852.0,852.0,,,,new_hypertension,new_hypertension,clinicalbert_type1_max_pool,lr_lbfgs,3,1,auroc,0.5139320480024722
1189,1189,853.0,853.0,,,,new_hypertension,new_hypertension,clinicalbert_type1_max_pool,lr_lbfgs,3,1,auprc,0.1263263995549258
1190,1190,854.0,854.0,,,,new_hypertension,new_hypertension,clinicalbert_type1_max_pool,lr_lbfgs,3,1,brier,0.2499970999599301
1191,1191,855.0,855.0,,,,new_hypertension,new_hypertension,clinicalbert_type1_max_pool,lr_lbfgs,4,1,auroc,0.5029615259154978
1192,1192,856.0,856.0,,,,new_hypertension,new_hypertension,clinicalbert_type1_max_pool,lr_lbfgs,4,1,auprc,0.1206357473630764
1193,1193,857.0,857.0,,,,new_hypertension,new_hypertension,clinicalbert_type1_max_pool,lr_lbfgs,4,1,brier,0.250003082022473
1194,1194,858.0,858.0,,,,new_hypertension,new_hypertension,clinicalbert_type1_max_pool,lr_lbfgs,0,2,auroc,0.4834755438048311
1195,1195,859.0,859.0,,,,new_hypertension,new_hypertension,clinicalbert_type1_max_pool,lr_lbfgs,0,2,auprc,0.1161963780679858
1196,1196,860.0,860.0,,,,new_hypertension,new_hypertension,clinicalbert_type1_max_pool,lr_lbfgs,0,2,brier,0.2500000010392416
1197,1197,861.0,861.0,,,,new_hypertension,new_hypertension,clinicalbert_type1_max_pool,lr_lbfgs,1,2,auroc,0.5470496334575171
1198,1198,862.0,862.0,,,,new_hypertension,new_hypertension,clinicalbert_type1_max_pool,lr_lbfgs,1,2,auprc,0.133875861067445
1199,1199,863.0,863.0,,,,new_hypertension,new_hypertension,clinicalbert_type1_max_pool,lr_lbfgs,1,2,brier,0.2500026604757924
1200,1200,864.0,864.0,,,,new_hypertension,new_hypertension,clinicalbert_type1_max_pool,lr_lbfgs,2,2,auroc,0.4835041575817925
1201,1201,865.0,865.0,,,,new_hypertension,new_hypertension,clinicalbert_type1_max_pool,lr_lbfgs,2,2,auprc,0.1142142299922221
1202,1202,866.0,866.0,,,,new_hypertension,new_hypertension,clinicalbert_type1_max_pool,lr_lbfgs,2,2,brier,0.2500052539309028
1203,1203,867.0,867.0,,,,new_hypertension,new_hypertension,clinicalbert_type1_max_pool,lr_lbfgs,3,2,auroc,0.549327290103639
1204,1204,868.0,868.0,,,,new_hypertension,new_hypertension,clinicalbert_type1_max_pool,lr_lbfgs,3,2,auprc,0.162946249912659
1205,1205,869.0,869.0,,,,new_hypertension,new_hypertension,clinicalbert_type1_max_pool,lr_lbfgs,3,2,brier,0.2615676254830038
1206,1206,870.0,870.0,,,,new_hypertension,new_hypertension,clinicalbert_type1_max_pool,lr_lbfgs,4,2,auroc,0.5162497639363401
1207,1207,871.0,871.0,,,,new_hypertension,new_hypertension,clinicalbert_type1_max_pool,lr_lbfgs,4,2,auprc,0.1310351827323513
1208,1208,872.0,872.0,,,,new_hypertension,new_hypertension,clinicalbert_type1_max_pool,lr_lbfgs,4,2,brier,0.2500016827904523
1209,1209,873.0,873.0,,,,new_hypertension,new_hypertension,clinicalbert_type1_max_pool,lr_lbfgs,0,4,auroc,0.5056569437052553
1210,1210,874.0,874.0,,,,new_hypertension,new_hypertension,clinicalbert_type1_max_pool,lr_lbfgs,0,4,auprc,0.1189686289358094
1211,1211,875.0,875.0,,,,new_hypertension,new_hypertension,clinicalbert_type1_max_pool,lr_lbfgs,0,4,brier,0.2500101647854088
1212,1212,876.0,876.0,,,,new_hypertension,new_hypertension,clinicalbert_type1_max_pool,lr_lbfgs,1,4,auroc,0.5779925718635008
1213,1213,877.0,877.0,,,,new_hypertension,new_hypertension,clinicalbert_type1_max_pool,lr_lbfgs,1,4,auprc,0.1530082573265321
1214,1214,878.0,878.0,,,,new_hypertension,new_hypertension,clinicalbert_type1_max_pool,lr_lbfgs,1,4,brier,0.2500016381546204
1215,1215,879.0,879.0,,,,new_hypertension,new_hypertension,clinicalbert_type1_max_pool,lr_lbfgs,2,4,auroc,0.4827029718268752
1216,1216,880.0,880.0,,,,new_hypertension,new_hypertension,clinicalbert_type1_max_pool,lr_lbfgs,2,4,auprc,0.1187485920112477
1217,1217,881.0,881.0,,,,new_hypertension,new_hypertension,clinicalbert_type1_max_pool,lr_lbfgs,2,4,brier,0.4129151905970885
1218,1218,882.0,882.0,,,,new_hypertension,new_hypertension,clinicalbert_type1_max_pool,lr_lbfgs,3,4,auroc,0.549539032053153
1219,1219,883.0,883.0,,,,new_hypertension,new_hypertension,clinicalbert_type1_max_pool,lr_lbfgs,3,4,auprc,0.1402255145482662
1220,1220,884.0,884.0,,,,new_hypertension,new_hypertension,clinicalbert_type1_max_pool,lr_lbfgs,3,4,brier,0.2499995984893527
1221,1221,885.0,885.0,,,,new_hypertension,new_hypertension,clinicalbert_type1_max_pool,lr_lbfgs,4,4,auroc,0.4925918931447113
1222,1222,886.0,886.0,,,,new_hypertension,new_hypertension,clinicalbert_type1_max_pool,lr_lbfgs,4,4,auprc,0.1215890533280093
1223,1223,887.0,887.0,,,,new_hypertension,new_hypertension,clinicalbert_type1_max_pool,lr_lbfgs,4,4,brier,0.2500005324465775
1224,1224,888.0,888.0,,,,new_hypertension,new_hypertension,clinicalbert_type1_max_pool,lr_lbfgs,0,8,auroc,0.575480282246296
1225,1225,889.0,889.0,,,,new_hypertension,new_hypertension,clinicalbert_type1_max_pool,lr_lbfgs,0,8,auprc,0.1460973659892831
1226,1226,890.0,890.0,,,,new_hypertension,new_hypertension,clinicalbert_type1_max_pool,lr_lbfgs,0,8,brier,0.2396174846923552
1227,1227,891.0,891.0,,,,new_hypertension,new_hypertension,clinicalbert_type1_max_pool,lr_lbfgs,1,8,auroc,0.5295437247125747
1228,1228,892.0,892.0,,,,new_hypertension,new_hypertension,clinicalbert_type1_max_pool,lr_lbfgs,1,8,auprc,0.1253391467574512
1229,1229,893.0,893.0,,,,new_hypertension,new_hypertension,clinicalbert_type1_max_pool,lr_lbfgs,1,8,brier,0.2500042783978601
1230,1230,894.0,894.0,,,,new_hypertension,new_hypertension,clinicalbert_type1_max_pool,lr_lbfgs,2,8,auroc,0.5102408707744605
1231,1231,895.0,895.0,,,,new_hypertension,new_hypertension,clinicalbert_type1_max_pool,lr_lbfgs,2,8,auprc,0.1324726392418488
1232,1232,896.0,896.0,,,,new_hypertension,new_hypertension,clinicalbert_type1_max_pool,lr_lbfgs,2,8,brier,0.3496995799155952
1233,1233,897.0,897.0,,,,new_hypertension,new_hypertension,clinicalbert_type1_max_pool,lr_lbfgs,3,8,auroc,0.573912247268815
1234,1234,898.0,898.0,,,,new_hypertension,new_hypertension,clinicalbert_type1_max_pool,lr_lbfgs,3,8,auprc,0.1530558618510912
1235,1235,899.0,899.0,,,,new_hypertension,new_hypertension,clinicalbert_type1_max_pool,lr_lbfgs,3,8,brier,0.3761507964619102
1236,1236,900.0,900.0,,,,new_hypertension,new_hypertension,clinicalbert_type1_max_pool,lr_lbfgs,4,8,auroc,0.5038199392243377
1237,1237,901.0,901.0,,,,new_hypertension,new_hypertension,clinicalbert_type1_max_pool,lr_lbfgs,4,8,auprc,0.1189023670854126
1238,1238,902.0,902.0,,,,new_hypertension,new_hypertension,clinicalbert_type1_max_pool,lr_lbfgs,4,8,brier,0.2523070728864271
1239,1239,903.0,903.0,,,,new_hypertension,new_hypertension,clinicalbert_type1_max_pool,lr_lbfgs,0,12,auroc,0.6076478903062246
1240,1240,904.0,904.0,,,,new_hypertension,new_hypertension,clinicalbert_type1_max_pool,lr_lbfgs,0,12,auprc,0.1699287707313875
1241,1241,905.0,905.0,,,,new_hypertension,new_hypertension,clinicalbert_type1_max_pool,lr_lbfgs,0,12,brier,0.3784689366465079
1242,1242,906.0,906.0,,,,new_hypertension,new_hypertension,clinicalbert_type1_max_pool,lr_lbfgs,1,12,auroc,0.5019257071894976
1243,1243,907.0,907.0,,,,new_hypertension,new_hypertension,clinicalbert_type1_max_pool,lr_lbfgs,1,12,auprc,0.1179647689656459
1244,1244,908.0,908.0,,,,new_hypertension,new_hypertension,clinicalbert_type1_max_pool,lr_lbfgs,1,12,brier,0.3212617549139356
1245,1245,909.0,909.0,,,,new_hypertension,new_hypertension,clinicalbert_type1_max_pool,lr_lbfgs,2,12,auroc,0.5331948426528406
1246,1246,910.0,910.0,,,,new_hypertension,new_hypertension,clinicalbert_type1_max_pool,lr_lbfgs,2,12,auprc,0.1441364957266674
1247,1247,911.0,911.0,,,,new_hypertension,new_hypertension,clinicalbert_type1_max_pool,lr_lbfgs,2,12,brier,0.2657449361586249
1248,1248,912.0,912.0,,,,new_hypertension,new_hypertension,clinicalbert_type1_max_pool,lr_lbfgs,3,12,auroc,0.5796063888841199
1249,1249,913.0,913.0,,,,new_hypertension,new_hypertension,clinicalbert_type1_max_pool,lr_lbfgs,3,12,auprc,0.1665492658795108
1250,1250,914.0,914.0,,,,new_hypertension,new_hypertension,clinicalbert_type1_max_pool,lr_lbfgs,3,12,brier,0.4354655053815384
1251,1251,915.0,915.0,,,,new_hypertension,new_hypertension,clinicalbert_type1_max_pool,lr_lbfgs,4,12,auroc,0.5587011634361713
1252,1252,916.0,916.0,,,,new_hypertension,new_hypertension,clinicalbert_type1_max_pool,lr_lbfgs,4,12,auprc,0.1420466883228239
1253,1253,917.0,917.0,,,,new_hypertension,new_hypertension,clinicalbert_type1_max_pool,lr_lbfgs,4,12,brier,0.2500014354459012
1254,1254,918.0,918.0,,,,new_hypertension,new_hypertension,clinicalbert_type1_max_pool,lr_lbfgs,0,16,auroc,0.597684573168289
1255,1255,919.0,919.0,,,,new_hypertension,new_hypertension,clinicalbert_type1_max_pool,lr_lbfgs,0,16,auprc,0.1625618304292582
1256,1256,920.0,920.0,,,,new_hypertension,new_hypertension,clinicalbert_type1_max_pool,lr_lbfgs,0,16,brier,0.3604693515300901
1257,1257,921.0,921.0,,,,new_hypertension,new_hypertension,clinicalbert_type1_max_pool,lr_lbfgs,1,16,auroc,0.505244905317012
1258,1258,922.0,922.0,,,,new_hypertension,new_hypertension,clinicalbert_type1_max_pool,lr_lbfgs,1,16,auprc,0.1182172560014051
1259,1259,923.0,923.0,,,,new_hypertension,new_hypertension,clinicalbert_type1_max_pool,lr_lbfgs,1,16,brier,0.2500125193044897
1260,1260,924.0,924.0,,,,new_hypertension,new_hypertension,clinicalbert_type1_max_pool,lr_lbfgs,2,16,auroc,0.5352350049501834
1261,1261,925.0,925.0,,,,new_hypertension,new_hypertension,clinicalbert_type1_max_pool,lr_lbfgs,2,16,auprc,0.1408543925262782
1262,1262,926.0,926.0,,,,new_hypertension,new_hypertension,clinicalbert_type1_max_pool,lr_lbfgs,2,16,brier,0.471291710799372
1263,1263,927.0,927.0,,,,new_hypertension,new_hypertension,clinicalbert_type1_max_pool,lr_lbfgs,3,16,auroc,0.5990408661962562
1264,1264,928.0,928.0,,,,new_hypertension,new_hypertension,clinicalbert_type1_max_pool,lr_lbfgs,3,16,auprc,0.1905700974482437
1265,1265,929.0,929.0,,,,new_hypertension,new_hypertension,clinicalbert_type1_max_pool,lr_lbfgs,3,16,brier,0.2993304129900053
1266,1266,930.0,930.0,,,,new_hypertension,new_hypertension,clinicalbert_type1_max_pool,lr_lbfgs,4,16,auroc,0.5938159905231171
1267,1267,931.0,931.0,,,,new_hypertension,new_hypertension,clinicalbert_type1_max_pool,lr_lbfgs,4,16,auprc,0.1610307411172762
1268,1268,932.0,932.0,,,,new_hypertension,new_hypertension,clinicalbert_type1_max_pool,lr_lbfgs,4,16,brier,0.2499998544191189
1269,1269,933.0,933.0,,,,new_hypertension,new_hypertension,clinicalbert_type1_max_pool,lr_lbfgs,0,24,auroc,0.5864679725994472
1270,1270,934.0,934.0,,,,new_hypertension,new_hypertension,clinicalbert_type1_max_pool,lr_lbfgs,0,24,auprc,0.1551001432858194
1271,1271,935.0,935.0,,,,new_hypertension,new_hypertension,clinicalbert_type1_max_pool,lr_lbfgs,0,24,brier,0.4359692778928123
1272,1272,936.0,936.0,,,,new_hypertension,new_hypertension,clinicalbert_type1_max_pool,lr_lbfgs,1,24,auroc,0.5129591795857871
1273,1273,937.0,937.0,,,,new_hypertension,new_hypertension,clinicalbert_type1_max_pool,lr_lbfgs,1,24,auprc,0.1199810144771228
1274,1274,938.0,938.0,,,,new_hypertension,new_hypertension,clinicalbert_type1_max_pool,lr_lbfgs,1,24,brier,0.2500126840395335
1275,1275,939.0,939.0,,,,new_hypertension,new_hypertension,clinicalbert_type1_max_pool,lr_lbfgs,2,24,auroc,0.5438334449270635
1276,1276,940.0,940.0,,,,new_hypertension,new_hypertension,clinicalbert_type1_max_pool,lr_lbfgs,2,24,auprc,0.1312094929967466
1277,1277,941.0,941.0,,,,new_hypertension,new_hypertension,clinicalbert_type1_max_pool,lr_lbfgs,2,24,brier,0.2767102035917244
1278,1278,942.0,942.0,,,,new_hypertension,new_hypertension,clinicalbert_type1_max_pool,lr_lbfgs,3,24,auroc,0.588396541166641
1279,1279,943.0,943.0,,,,new_hypertension,new_hypertension,clinicalbert_type1_max_pool,lr_lbfgs,3,24,auprc,0.1787884535083853
1280,1280,944.0,944.0,,,,new_hypertension,new_hypertension,clinicalbert_type1_max_pool,lr_lbfgs,3,24,brier,0.3712132321599147
1281,1281,945.0,945.0,,,,new_hypertension,new_hypertension,clinicalbert_type1_max_pool,lr_lbfgs,4,24,auroc,0.5904567331078567
1282,1282,946.0,946.0,,,,new_hypertension,new_hypertension,clinicalbert_type1_max_pool,lr_lbfgs,4,24,auprc,0.1629125851865292
1283,1283,947.0,947.0,,,,new_hypertension,new_hypertension,clinicalbert_type1_max_pool,lr_lbfgs,4,24,brier,0.2499994057387434
1284,1284,948.0,948.0,,,,new_hypertension,new_hypertension,clinicalbert_type1_max_pool,lr_lbfgs,0,32,auroc,0.5829341711447228
1285,1285,949.0,949.0,,,,new_hypertension,new_hypertension,clinicalbert_type1_max_pool,lr_lbfgs,0,32,auprc,0.1554672779930714
1286,1286,950.0,950.0,,,,new_hypertension,new_hypertension,clinicalbert_type1_max_pool,lr_lbfgs,0,32,brier,0.4142741613645463
1287,1287,951.0,951.0,,,,new_hypertension,new_hypertension,clinicalbert_type1_max_pool,lr_lbfgs,1,32,auroc,0.5184701930285394
1288,1288,952.0,952.0,,,,new_hypertension,new_hypertension,clinicalbert_type1_max_pool,lr_lbfgs,1,32,auprc,0.1210973762658112
1289,1289,953.0,953.0,,,,new_hypertension,new_hypertension,clinicalbert_type1_max_pool,lr_lbfgs,1,32,brier,0.2633802978882197
1290,1290,954.0,954.0,,,,new_hypertension,new_hypertension,clinicalbert_type1_max_pool,lr_lbfgs,2,32,auroc,0.5440566323873619
1291,1291,955.0,955.0,,,,new_hypertension,new_hypertension,clinicalbert_type1_max_pool,lr_lbfgs,2,32,auprc,0.1412293555265558
1292,1292,956.0,956.0,,,,new_hypertension,new_hypertension,clinicalbert_type1_max_pool,lr_lbfgs,2,32,brier,0.4054012094199214
1293,1293,957.0,957.0,,,,new_hypertension,new_hypertension,clinicalbert_type1_max_pool,lr_lbfgs,3,32,auroc,0.5860845479881653
1294,1294,958.0,958.0,,,,new_hypertension,new_hypertension,clinicalbert_type1_max_pool,lr_lbfgs,3,32,auprc,0.1543973387522167
1295,1295,959.0,959.0,,,,new_hypertension,new_hypertension,clinicalbert_type1_max_pool,lr_lbfgs,3,32,brier,0.2499992388761099
1296,1296,960.0,960.0,,,,new_hypertension,new_hypertension,clinicalbert_type1_max_pool,lr_lbfgs,4,32,auroc,0.5556795485890547
1297,1297,961.0,961.0,,,,new_hypertension,new_hypertension,clinicalbert_type1_max_pool,lr_lbfgs,4,32,auprc,0.1371355507761479
1298,1298,962.0,962.0,,,,new_hypertension,new_hypertension,clinicalbert_type1_max_pool,lr_lbfgs,4,32,brier,0.2435844679084013
1299,1299,963.0,963.0,,,,new_hypertension,new_hypertension,clinicalbert_type1_max_pool,lr_lbfgs,0,48,auroc,0.575331490606097
1300,1300,964.0,964.0,,,,new_hypertension,new_hypertension,clinicalbert_type1_max_pool,lr_lbfgs,0,48,auprc,0.1457591657639379
1301,1301,965.0,965.0,,,,new_hypertension,new_hypertension,clinicalbert_type1_max_pool,lr_lbfgs,0,48,brier,0.2443021597006442
1302,1302,966.0,966.0,,,,new_hypertension,new_hypertension,clinicalbert_type1_max_pool,lr_lbfgs,1,48,auroc,0.5387688064049079
1303,1303,967.0,967.0,,,,new_hypertension,new_hypertension,clinicalbert_type1_max_pool,lr_lbfgs,1,48,auprc,0.1269493438902317
1304,1304,968.0,968.0,,,,new_hypertension,new_hypertension,clinicalbert_type1_max_pool,lr_lbfgs,1,48,brier,0.2514098712021286
1305,1305,969.0,969.0,,,,new_hypertension,new_hypertension,clinicalbert_type1_max_pool,lr_lbfgs,2,48,auroc,0.5900818926296633
1306,1306,970.0,970.0,,,,new_hypertension,new_hypertension,clinicalbert_type1_max_pool,lr_lbfgs,2,48,auprc,0.1548510620215953
1307,1307,971.0,971.0,,,,new_hypertension,new_hypertension,clinicalbert_type1_max_pool,lr_lbfgs,2,48,brier,0.3727530523624098
1308,1308,972.0,972.0,,,,new_hypertension,new_hypertension,clinicalbert_type1_max_pool,lr_lbfgs,3,48,auroc,0.5860502114558118
1309,1309,973.0,973.0,,,,new_hypertension,new_hypertension,clinicalbert_type1_max_pool,lr_lbfgs,3,48,auprc,0.1497747334870847
1310,1310,974.0,974.0,,,,new_hypertension,new_hypertension,clinicalbert_type1_max_pool,lr_lbfgs,3,48,brier,0.2500015020705098
1311,1311,975.0,975.0,,,,new_hypertension,new_hypertension,clinicalbert_type1_max_pool,lr_lbfgs,4,48,auroc,0.5715773630687704
1312,1312,976.0,976.0,,,,new_hypertension,new_hypertension,clinicalbert_type1_max_pool,lr_lbfgs,4,48,auprc,0.142433787340864
1313,1313,977.0,977.0,,,,new_hypertension,new_hypertension,clinicalbert_type1_max_pool,lr_lbfgs,4,48,brier,0.2444192053173998
1314,1314,978.0,978.0,,,,new_hypertension,new_hypertension,clinicalbert_type1_max_pool,lr_lbfgs,0,64,auroc,0.5873034948867181
1315,1315,979.0,979.0,,,,new_hypertension,new_hypertension,clinicalbert_type1_max_pool,lr_lbfgs,0,64,auprc,0.149340006413007
1316,1316,980.0,980.0,,,,new_hypertension,new_hypertension,clinicalbert_type1_max_pool,lr_lbfgs,0,64,brier,0.2443927771064227
1317,1317,981.0,981.0,,,,new_hypertension,new_hypertension,clinicalbert_type1_max_pool,lr_lbfgs,1,64,auroc,0.551839579720844
1318,1318,982.0,982.0,,,,new_hypertension,new_hypertension,clinicalbert_type1_max_pool,lr_lbfgs,1,64,auprc,0.1310377184614558
1319,1319,983.0,983.0,,,,new_hypertension,new_hypertension,clinicalbert_type1_max_pool,lr_lbfgs,1,64,brier,0.2512331435072885
1320,1320,984.0,984.0,,,,new_hypertension,new_hypertension,clinicalbert_type1_max_pool,lr_lbfgs,2,64,auroc,0.5869029020092593
1321,1321,985.0,985.0,,,,new_hypertension,new_hypertension,clinicalbert_type1_max_pool,lr_lbfgs,2,64,auprc,0.1495835085473282
1322,1322,986.0,986.0,,,,new_hypertension,new_hypertension,clinicalbert_type1_max_pool,lr_lbfgs,2,64,brier,0.2755583386562853
1323,1323,987.0,987.0,,,,new_hypertension,new_hypertension,clinicalbert_type1_max_pool,lr_lbfgs,3,64,auroc,0.6070870602777826
1324,1324,988.0,988.0,,,,new_hypertension,new_hypertension,clinicalbert_type1_max_pool,lr_lbfgs,3,64,auprc,0.1672228736961976
1325,1325,989.0,989.0,,,,new_hypertension,new_hypertension,clinicalbert_type1_max_pool,lr_lbfgs,3,64,brier,0.2363877643231703
1326,1326,990.0,990.0,,,,new_hypertension,new_hypertension,clinicalbert_type1_max_pool,lr_lbfgs,4,64,auroc,0.6175997619333757
1327,1327,991.0,991.0,,,,new_hypertension,new_hypertension,clinicalbert_type1_max_pool,lr_lbfgs,4,64,auprc,0.1708115318781066
1328,1328,992.0,992.0,,,,new_hypertension,new_hypertension,clinicalbert_type1_max_pool,lr_lbfgs,4,64,brier,0.3733899766895629
1329,1329,993.0,993.0,,,,new_hypertension,new_hypertension,clinicalbert_type1_max_pool,lr_lbfgs,0,128,auroc,0.6287648577036872
1330,1330,994.0,994.0,,,,new_hypertension,new_hypertension,clinicalbert_type1_max_pool,lr_lbfgs,0,128,auprc,0.1718736123582118
1331,1331,995.0,995.0,,,,new_hypertension,new_hypertension,clinicalbert_type1_max_pool,lr_lbfgs,0,128,brier,0.2278070668881896
1332,1332,996.0,996.0,,,,new_hypertension,new_hypertension,clinicalbert_type1_max_pool,lr_lbfgs,1,128,auroc,0.6291139457826155
1333,1333,997.0,997.0,,,,new_hypertension,new_hypertension,clinicalbert_type1_max_pool,lr_lbfgs,1,128,auprc,0.1771588123359989
1334,1334,998.0,998.0,,,,new_hypertension,new_hypertension,clinicalbert_type1_max_pool,lr_lbfgs,1,128,brier,0.2341989747543864
1335,1335,999.0,999.0,,,,new_hypertension,new_hypertension,clinicalbert_type1_max_pool,lr_lbfgs,2,128,auroc,0.6283127600276981
1336,1336,1000.0,1000.0,,,,new_hypertension,new_hypertension,clinicalbert_type1_max_pool,lr_lbfgs,2,128,auprc,0.1842296327766618
1337,1337,1001.0,1001.0,,,,new_hypertension,new_hypertension,clinicalbert_type1_max_pool,lr_lbfgs,2,128,brier,0.2474008063598631
1338,1338,1002.0,1002.0,,,,new_hypertension,new_hypertension,clinicalbert_type1_max_pool,lr_lbfgs,3,128,auroc,0.6131188444612312
1339,1339,1003.0,1003.0,,,,new_hypertension,new_hypertension,clinicalbert_type1_max_pool,lr_lbfgs,3,128,auprc,0.1706562031232028
1340,1340,1004.0,1004.0,,,,new_hypertension,new_hypertension,clinicalbert_type1_max_pool,lr_lbfgs,3,128,brier,0.2377375491191471
1341,1341,1005.0,1005.0,,,,new_hypertension,new_hypertension,clinicalbert_type1_max_pool,lr_lbfgs,4,128,auroc,0.60372208010713
1342,1342,1006.0,1006.0,,,,new_hypertension,new_hypertension,clinicalbert_type1_max_pool,lr_lbfgs,4,128,auprc,0.1584263559951945
1343,1343,1007.0,1007.0,,,,new_hypertension,new_hypertension,clinicalbert_type1_max_pool,lr_lbfgs,4,128,brier,0.2339744069752375
1344,1344,1008.0,1008.0,,,,new_hypertension,new_hypertension,clinicalbert_type1_max_pool,knn,0,-1,auroc,0.5756347966418871
1345,1345,1009.0,1009.0,,,,new_hypertension,new_hypertension,clinicalbert_type1_max_pool,knn,0,-1,auprc,0.1532400940338
1346,1346,1010.0,1010.0,,,,new_hypertension,new_hypertension,clinicalbert_type1_max_pool,knn,0,-1,brier,0.1282684231490288
1347,1347,1011.0,1011.0,,,,new_hypertension,new_hypertension,clinicalbert_type1_max_pool,knn,0,1,auroc,0.4930296839322197
1348,1348,1012.0,1012.0,,,,new_hypertension,new_hypertension,clinicalbert_type1_max_pool,knn,0,1,auprc,0.1250278141046276
1349,1349,1013.0,1013.0,,,,new_hypertension,new_hypertension,clinicalbert_type1_max_pool,knn,0,1,brier,0.2090620031796502
1350,1350,1014.0,1014.0,,,,new_hypertension,new_hypertension,clinicalbert_type1_max_pool,knn,1,1,auroc,0.5770683468676499
1351,1351,1015.0,1015.0,,,,new_hypertension,new_hypertension,clinicalbert_type1_max_pool,knn,1,1,auprc,0.1502098212592841
1352,1352,1016.0,1016.0,,,,new_hypertension,new_hypertension,clinicalbert_type1_max_pool,knn,1,1,brier,0.3441971383147854
1353,1353,1017.0,1017.0,,,,new_hypertension,new_hypertension,clinicalbert_type1_max_pool,knn,2,1,auroc,0.4767598903520066
1354,1354,1018.0,1018.0,,,,new_hypertension,new_hypertension,clinicalbert_type1_max_pool,knn,2,1,auprc,0.1220581894528187
1355,1355,1019.0,1019.0,,,,new_hypertension,new_hypertension,clinicalbert_type1_max_pool,knn,2,1,brier,0.3314785373608903
1356,1356,1020.0,1020.0,,,,new_hypertension,new_hypertension,clinicalbert_type1_max_pool,knn,3,1,auroc,0.4932042279716838
1357,1357,1021.0,1021.0,,,,new_hypertension,new_hypertension,clinicalbert_type1_max_pool,knn,3,1,auprc,0.125008973880598
1358,1358,1022.0,1022.0,,,,new_hypertension,new_hypertension,clinicalbert_type1_max_pool,knn,3,1,brier,0.2416534181240063
1359,1359,1023.0,1023.0,,,,new_hypertension,new_hypertension,clinicalbert_type1_max_pool,knn,4,1,auroc,0.5021345877613153
1360,1360,1024.0,1024.0,,,,new_hypertension,new_hypertension,clinicalbert_type1_max_pool,knn,4,1,auprc,0.1268658760419789
1361,1361,1025.0,1025.0,,,,new_hypertension,new_hypertension,clinicalbert_type1_max_pool,knn,4,1,brier,0.5127186009538951
1362,1362,1026.0,1026.0,,,,new_hypertension,new_hypertension,clinicalbert_type1_max_pool,knn,0,2,auroc,0.4884428954853183
1363,1363,1027.0,1027.0,,,,new_hypertension,new_hypertension,clinicalbert_type1_max_pool,knn,0,2,auprc,0.1239929047234733
1364,1364,1028.0,1028.0,,,,new_hypertension,new_hypertension,clinicalbert_type1_max_pool,knn,0,2,brier,0.2382971206500618
1365,1365,1029.0,1029.0,,,,new_hypertension,new_hypertension,clinicalbert_type1_max_pool,knn,1,2,auroc,0.5569185251314803
1366,1366,1030.0,1030.0,,,,new_hypertension,new_hypertension,clinicalbert_type1_max_pool,knn,1,2,auprc,0.1412937010163303
1367,1367,1031.0,1031.0,,,,new_hypertension,new_hypertension,clinicalbert_type1_max_pool,knn,1,2,brier,0.5015898251192369
1368,1368,1032.0,1032.0,,,,new_hypertension,new_hypertension,clinicalbert_type1_max_pool,knn,2,2,auroc,0.4778329069880566
1369,1369,1033.0,1033.0,,,,new_hypertension,new_hypertension,clinicalbert_type1_max_pool,knn,2,2,auprc,0.1144576313703161
1370,1370,1034.0,1034.0,,,,new_hypertension,new_hypertension,clinicalbert_type1_max_pool,knn,2,2,brier,0.3021960772603453
1371,1371,1035.0,1035.0,,,,new_hypertension,new_hypertension,clinicalbert_type1_max_pool,knn,3,2,auroc,0.50881304330409
1372,1372,1036.0,1036.0,,,,new_hypertension,new_hypertension,clinicalbert_type1_max_pool,knn,3,2,auprc,0.1283871737071885
1373,1373,1037.0,1037.0,,,,new_hypertension,new_hypertension,clinicalbert_type1_max_pool,knn,3,2,brier,0.5715421303656598
1374,1374,1038.0,1038.0,,,,new_hypertension,new_hypertension,clinicalbert_type1_max_pool,knn,4,2,auroc,0.4998082876943591
1375,1375,1039.0,1039.0,,,,new_hypertension,new_hypertension,clinicalbert_type1_max_pool,knn,4,2,auprc,0.1263487816812405
1376,1376,1040.0,1040.0,,,,new_hypertension,new_hypertension,clinicalbert_type1_max_pool,knn,4,2,brier,0.3209680268503798
1377,1377,1041.0,1041.0,,,,new_hypertension,new_hypertension,clinicalbert_type1_max_pool,knn,0,4,auroc,0.5519025300301589
1378,1378,1042.0,1042.0,,,,new_hypertension,new_hypertension,clinicalbert_type1_max_pool,knn,0,4,auprc,0.1402786007017891
1379,1379,1043.0,1043.0,,,,new_hypertension,new_hypertension,clinicalbert_type1_max_pool,knn,0,4,brier,0.2958664546899841
1380,1380,1044.0,1044.0,,,,new_hypertension,new_hypertension,clinicalbert_type1_max_pool,knn,1,4,auroc,0.5214317189440372
1381,1381,1045.0,1045.0,,,,new_hypertension,new_hypertension,clinicalbert_type1_max_pool,knn,1,4,auprc,0.1314203974796814
1382,1382,1046.0,1046.0,,,,new_hypertension,new_hypertension,clinicalbert_type1_max_pool,knn,1,4,brier,0.5635930047694754
1383,1383,1047.0,1047.0,,,,new_hypertension,new_hypertension,clinicalbert_type1_max_pool,knn,2,4,auroc,0.4636633646368053
1384,1384,1048.0,1048.0,,,,new_hypertension,new_hypertension,clinicalbert_type1_max_pool,knn,2,4,auprc,0.1170358797752133
1385,1385,1049.0,1049.0,,,,new_hypertension,new_hypertension,clinicalbert_type1_max_pool,knn,2,4,brier,0.3472725020320473
1386,1386,1050.0,1050.0,,,,new_hypertension,new_hypertension,clinicalbert_type1_max_pool,knn,3,4,auroc,0.4945462141111701
1387,1387,1051.0,1051.0,,,,new_hypertension,new_hypertension,clinicalbert_type1_max_pool,knn,3,4,auprc,0.1252129720276224
1388,1388,1052.0,1052.0,,,,new_hypertension,new_hypertension,clinicalbert_type1_max_pool,knn,3,4,brier,0.4554848966613672
1389,1389,1053.0,1053.0,,,,new_hypertension,new_hypertension,clinicalbert_type1_max_pool,knn,4,4,auroc,0.5182326986797604
1390,1390,1054.0,1054.0,,,,new_hypertension,new_hypertension,clinicalbert_type1_max_pool,knn,4,4,auprc,0.1312539360507742
1391,1391,1055.0,1055.0,,,,new_hypertension,new_hypertension,clinicalbert_type1_max_pool,knn,4,4,brier,0.2261685214626391
1392,1392,1056.0,1056.0,,,,new_hypertension,new_hypertension,clinicalbert_type1_max_pool,knn,0,8,auroc,0.5875495733685855
1393,1393,1057.0,1057.0,,,,new_hypertension,new_hypertension,clinicalbert_type1_max_pool,knn,0,8,auprc,0.1596811666166378
1394,1394,1058.0,1058.0,,,,new_hypertension,new_hypertension,clinicalbert_type1_max_pool,knn,0,8,brier,0.2857065541198605
1395,1395,1059.0,1059.0,,,,new_hypertension,new_hypertension,clinicalbert_type1_max_pool,knn,1,8,auroc,0.5411437498926983
1396,1396,1060.0,1060.0,,,,new_hypertension,new_hypertension,clinicalbert_type1_max_pool,knn,1,8,auprc,0.1457789422790734
1397,1397,1061.0,1061.0,,,,new_hypertension,new_hypertension,clinicalbert_type1_max_pool,knn,1,8,brier,0.34
1398,1398,1062.0,1062.0,,,,new_hypertension,new_hypertension,clinicalbert_type1_max_pool,knn,2,8,auroc,0.4809117493890958
1399,1399,1063.0,1063.0,,,,new_hypertension,new_hypertension,clinicalbert_type1_max_pool,knn,2,8,auprc,0.1195604724345689
1400,1400,1064.0,1064.0,,,,new_hypertension,new_hypertension,clinicalbert_type1_max_pool,knn,2,8,brier,0.3488154097443819
1401,1401,1065.0,1065.0,,,,new_hypertension,new_hypertension,clinicalbert_type1_max_pool,knn,3,8,auroc,0.5429635861074391
1402,1402,1066.0,1066.0,,,,new_hypertension,new_hypertension,clinicalbert_type1_max_pool,knn,3,8,auprc,0.13905255369273
1403,1403,1067.0,1067.0,,,,new_hypertension,new_hypertension,clinicalbert_type1_max_pool,knn,3,8,brier,0.2589507154213036
1404,1404,1068.0,1068.0,,,,new_hypertension,new_hypertension,clinicalbert_type1_max_pool,knn,4,8,auroc,0.5896154880651936
1405,1405,1069.0,1069.0,,,,new_hypertension,new_hypertension,clinicalbert_type1_max_pool,knn,4,8,auprc,0.1691023655894967
1406,1406,1070.0,1070.0,,,,new_hypertension,new_hypertension,clinicalbert_type1_max_pool,knn,4,8,brier,0.2206302437984053
1407,1407,1071.0,1071.0,,,,new_hypertension,new_hypertension,clinicalbert_type1_max_pool,knn,0,12,auroc,0.5316668669631055
1408,1408,1072.0,1072.0,,,,new_hypertension,new_hypertension,clinicalbert_type1_max_pool,knn,0,12,auprc,0.1357034783192013
1409,1409,1073.0,1073.0,,,,new_hypertension,new_hypertension,clinicalbert_type1_max_pool,knn,0,12,brier,0.3191132308779367
1410,1410,1074.0,1074.0,,,,new_hypertension,new_hypertension,clinicalbert_type1_max_pool,knn,1,12,auroc,0.4983089257815853
1411,1411,1075.0,1075.0,,,,new_hypertension,new_hypertension,clinicalbert_type1_max_pool,knn,1,12,auprc,0.1176854214331179
1412,1412,1076.0,1076.0,,,,new_hypertension,new_hypertension,clinicalbert_type1_max_pool,knn,1,12,brier,0.3543711110279757
1413,1413,1077.0,1077.0,,,,new_hypertension,new_hypertension,clinicalbert_type1_max_pool,knn,2,12,auroc,0.4964805054337563
1414,1414,1078.0,1078.0,,,,new_hypertension,new_hypertension,clinicalbert_type1_max_pool,knn,2,12,auprc,0.1326385805603891
1415,1415,1079.0,1079.0,,,,new_hypertension,new_hypertension,clinicalbert_type1_max_pool,knn,2,12,brier,0.2986090622303482
1416,1416,1080.0,1080.0,,,,new_hypertension,new_hypertension,clinicalbert_type1_max_pool,knn,3,12,auroc,0.4997796739173977
1417,1417,1081.0,1081.0,,,,new_hypertension,new_hypertension,clinicalbert_type1_max_pool,knn,3,12,auprc,0.1263424767703487
1418,1418,1082.0,1082.0,,,,new_hypertension,new_hypertension,clinicalbert_type1_max_pool,knn,3,12,brier,0.5262321144674086
1419,1419,1083.0,1083.0,,,,new_hypertension,new_hypertension,clinicalbert_type1_max_pool,knn,4,12,auroc,0.5707075042491458
1420,1420,1084.0,1084.0,,,,new_hypertension,new_hypertension,clinicalbert_type1_max_pool,knn,4,12,auprc,0.1545262695126944
1421,1421,1085.0,1085.0,,,,new_hypertension,new_hypertension,clinicalbert_type1_max_pool,knn,4,12,brier,0.2629740450209598
1422,1422,1086.0,1086.0,,,,new_hypertension,new_hypertension,clinicalbert_type1_max_pool,knn,0,16,auroc,0.5853005304994249
1423,1423,1087.0,1087.0,,,,new_hypertension,new_hypertension,clinicalbert_type1_max_pool,knn,0,16,auprc,0.1566515431145671
1424,1424,1088.0,1088.0,,,,new_hypertension,new_hypertension,clinicalbert_type1_max_pool,knn,0,16,brier,0.2593467589282557
1425,1425,1089.0,1089.0,,,,new_hypertension,new_hypertension,clinicalbert_type1_max_pool,knn,1,16,auroc,0.5110849771948197
1426,1426,1090.0,1090.0,,,,new_hypertension,new_hypertension,clinicalbert_type1_max_pool,knn,1,16,auprc,0.1292376255620975
1427,1427,1091.0,1091.0,,,,new_hypertension,new_hypertension,clinicalbert_type1_max_pool,knn,1,16,brier,0.3393640699523053
1428,1428,1092.0,1092.0,,,,new_hypertension,new_hypertension,clinicalbert_type1_max_pool,knn,2,16,auroc,0.4736867707063596
1429,1429,1093.0,1093.0,,,,new_hypertension,new_hypertension,clinicalbert_type1_max_pool,knn,2,16,auprc,0.1210213202007096
1430,1430,1094.0,1094.0,,,,new_hypertension,new_hypertension,clinicalbert_type1_max_pool,knn,2,16,brier,0.5906200317965024
1431,1431,1095.0,1095.0,,,,new_hypertension,new_hypertension,clinicalbert_type1_max_pool,knn,3,16,auroc,0.4941599281221923
1432,1432,1096.0,1096.0,,,,new_hypertension,new_hypertension,clinicalbert_type1_max_pool,knn,3,16,auprc,0.1251245068760706
1433,1433,1097.0,1097.0,,,,new_hypertension,new_hypertension,clinicalbert_type1_max_pool,knn,3,16,brier,0.5548489666136724
1434,1434,1098.0,1098.0,,,,new_hypertension,new_hypertension,clinicalbert_type1_max_pool,knn,4,16,auroc,0.5732941896864503
1435,1435,1099.0,1099.0,,,,new_hypertension,new_hypertension,clinicalbert_type1_max_pool,knn,4,16,auprc,0.1648211485504258
1436,1436,1100.0,1100.0,,,,new_hypertension,new_hypertension,clinicalbert_type1_max_pool,knn,4,16,brier,0.2832976154683368
1437,1437,1101.0,1101.0,,,,new_hypertension,new_hypertension,clinicalbert_type1_max_pool,knn,0,24,auroc,0.5828941118569769
1438,1438,1102.0,1102.0,,,,new_hypertension,new_hypertension,clinicalbert_type1_max_pool,knn,0,24,auprc,0.1539642405978438
1439,1439,1103.0,1103.0,,,,new_hypertension,new_hypertension,clinicalbert_type1_max_pool,knn,0,24,brier,0.2744674085850557
1440,1440,1104.0,1104.0,,,,new_hypertension,new_hypertension,clinicalbert_type1_max_pool,knn,1,24,auroc,0.5184902226724123
1441,1441,1105.0,1105.0,,,,new_hypertension,new_hypertension,clinicalbert_type1_max_pool,knn,1,24,auprc,0.1304767402727747
1442,1442,1106.0,1106.0,,,,new_hypertension,new_hypertension,clinicalbert_type1_max_pool,knn,1,24,brier,0.2828934817170111
1443,1443,1107.0,1107.0,,,,new_hypertension,new_hypertension,clinicalbert_type1_max_pool,knn,2,24,auroc,0.5006838692693758
1444,1444,1108.0,1108.0,,,,new_hypertension,new_hypertension,clinicalbert_type1_max_pool,knn,2,24,auprc,0.1396688400677657
1445,1445,1109.0,1109.0,,,,new_hypertension,new_hypertension,clinicalbert_type1_max_pool,knn,2,24,brier,0.3240237487268199
1446,1446,1110.0,1110.0,,,,new_hypertension,new_hypertension,clinicalbert_type1_max_pool,knn,3,24,auroc,0.5334580894008848
1447,1447,1111.0,1111.0,,,,new_hypertension,new_hypertension,clinicalbert_type1_max_pool,knn,3,24,auprc,0.1359588857285842
1448,1448,1112.0,1112.0,,,,new_hypertension,new_hypertension,clinicalbert_type1_max_pool,knn,3,24,brier,0.3157627104601301
1449,1449,1113.0,1113.0,,,,new_hypertension,new_hypertension,clinicalbert_type1_max_pool,knn,4,24,auroc,0.5746504827144173
1450,1450,1114.0,1114.0,,,,new_hypertension,new_hypertension,clinicalbert_type1_max_pool,knn,4,24,auprc,0.1603239353234774
1451,1451,1115.0,1115.0,,,,new_hypertension,new_hypertension,clinicalbert_type1_max_pool,knn,4,24,brier,0.234181240063593
1452,1452,1116.0,1116.0,,,,new_hypertension,new_hypertension,clinicalbert_type1_max_pool,knn,0,32,auroc,0.5766105264362685
1453,1453,1117.0,1117.0,,,,new_hypertension,new_hypertension,clinicalbert_type1_max_pool,knn,0,32,auprc,0.1481465556223529
1454,1454,1118.0,1118.0,,,,new_hypertension,new_hypertension,clinicalbert_type1_max_pool,knn,0,32,brier,0.2840063593004769
1455,1455,1119.0,1119.0,,,,new_hypertension,new_hypertension,clinicalbert_type1_max_pool,knn,1,32,auroc,0.5235748908384409
1456,1456,1120.0,1120.0,,,,new_hypertension,new_hypertension,clinicalbert_type1_max_pool,knn,1,32,auprc,0.1362400730061864
1457,1457,1121.0,1121.0,,,,new_hypertension,new_hypertension,clinicalbert_type1_max_pool,knn,1,32,brier,0.3140858505564388
1458,1458,1122.0,1122.0,,,,new_hypertension,new_hypertension,clinicalbert_type1_max_pool,knn,2,32,auroc,0.498626538705856
1459,1459,1123.0,1123.0,,,,new_hypertension,new_hypertension,clinicalbert_type1_max_pool,knn,2,32,auprc,0.1368304713058971
1460,1460,1124.0,1124.0,,,,new_hypertension,new_hypertension,clinicalbert_type1_max_pool,knn,2,32,brier,0.2828616852146264
1461,1461,1125.0,1125.0,,,,new_hypertension,new_hypertension,clinicalbert_type1_max_pool,knn,3,32,auroc,0.565617113327725
1462,1462,1126.0,1126.0,,,,new_hypertension,new_hypertension,clinicalbert_type1_max_pool,knn,3,32,auprc,0.1673054921842912
1463,1463,1127.0,1127.0,,,,new_hypertension,new_hypertension,clinicalbert_type1_max_pool,knn,3,32,brier,0.2970105056710699
1464,1464,1128.0,1128.0,,,,new_hypertension,new_hypertension,clinicalbert_type1_max_pool,knn,4,32,auroc,0.5816379670483744
1465,1465,1129.0,1129.0,,,,new_hypertension,new_hypertension,clinicalbert_type1_max_pool,knn,4,32,auprc,0.1597114849184908
1466,1466,1130.0,1130.0,,,,new_hypertension,new_hypertension,clinicalbert_type1_max_pool,knn,4,32,brier,0.2257233704292528
1467,1467,1131.0,1131.0,,,,new_hypertension,new_hypertension,clinicalbert_type1_max_pool,knn,0,48,auroc,0.6048694925632794
1468,1468,1132.0,1132.0,,,,new_hypertension,new_hypertension,clinicalbert_type1_max_pool,knn,0,48,auprc,0.1565935890943634
1469,1469,1133.0,1133.0,,,,new_hypertension,new_hypertension,clinicalbert_type1_max_pool,knn,0,48,brier,0.2609772365554296
1470,1470,1134.0,1134.0,,,,new_hypertension,new_hypertension,clinicalbert_type1_max_pool,knn,1,48,auroc,0.5376643146142005
1471,1471,1135.0,1135.0,,,,new_hypertension,new_hypertension,clinicalbert_type1_max_pool,knn,1,48,auprc,0.1363308601184465
1472,1472,1136.0,1136.0,,,,new_hypertension,new_hypertension,clinicalbert_type1_max_pool,knn,1,48,brier,0.2942942942942943
1473,1473,1137.0,1137.0,,,,new_hypertension,new_hypertension,clinicalbert_type1_max_pool,knn,2,48,auroc,0.5295608929787514
1474,1474,1138.0,1138.0,,,,new_hypertension,new_hypertension,clinicalbert_type1_max_pool,knn,2,48,auprc,0.1395782880480576
1475,1475,1139.0,1139.0,,,,new_hypertension,new_hypertension,clinicalbert_type1_max_pool,knn,2,48,brier,0.2899546544433462
1476,1476,1140.0,1140.0,,,,new_hypertension,new_hypertension,clinicalbert_type1_max_pool,knn,3,48,auroc,0.5473929987810531
1477,1477,1141.0,1141.0,,,,new_hypertension,new_hypertension,clinicalbert_type1_max_pool,knn,3,48,auprc,0.1390033825528797
1478,1478,1142.0,1142.0,,,,new_hypertension,new_hypertension,clinicalbert_type1_max_pool,knn,3,48,brier,0.3351881293057763
1479,1479,1143.0,1143.0,,,,new_hypertension,new_hypertension,clinicalbert_type1_max_pool,knn,4,48,auroc,0.5554992817941983
1480,1480,1144.0,1144.0,,,,new_hypertension,new_hypertension,clinicalbert_type1_max_pool,knn,4,48,auprc,0.1411472998839693
1481,1481,1145.0,1145.0,,,,new_hypertension,new_hypertension,clinicalbert_type1_max_pool,knn,4,48,brier,0.4570747217806041
1482,1482,1146.0,1146.0,,,,new_hypertension,new_hypertension,clinicalbert_type1_max_pool,knn,0,64,auroc,0.6106695051533411
1483,1483,1147.0,1147.0,,,,new_hypertension,new_hypertension,clinicalbert_type1_max_pool,knn,0,64,auprc,0.166447701056893
1484,1484,1148.0,1148.0,,,,new_hypertension,new_hypertension,clinicalbert_type1_max_pool,knn,0,64,brier,0.2714655950820482
1485,1485,1149.0,1149.0,,,,new_hypertension,new_hypertension,clinicalbert_type1_max_pool,knn,1,64,auroc,0.5806908510309543
1486,1486,1150.0,1150.0,,,,new_hypertension,new_hypertension,clinicalbert_type1_max_pool,knn,1,64,auprc,0.1714702091243072
1487,1487,1151.0,1151.0,,,,new_hypertension,new_hypertension,clinicalbert_type1_max_pool,knn,1,64,brier,0.2612792164168304
1488,1488,1152.0,1152.0,,,,new_hypertension,new_hypertension,clinicalbert_type1_max_pool,knn,2,64,auroc,0.5492128349957939
1489,1489,1153.0,1153.0,,,,new_hypertension,new_hypertension,clinicalbert_type1_max_pool,knn,2,64,auprc,0.139486064012435
1490,1490,1154.0,1154.0,,,,new_hypertension,new_hypertension,clinicalbert_type1_max_pool,knn,2,64,brier,0.3043157873931392
1491,1491,1155.0,1155.0,,,,new_hypertension,new_hypertension,clinicalbert_type1_max_pool,knn,3,64,auroc,0.5766906450117604
1492,1492,1156.0,1156.0,,,,new_hypertension,new_hypertension,clinicalbert_type1_max_pool,knn,3,64,auprc,0.1574838817418875
1493,1493,1157.0,1157.0,,,,new_hypertension,new_hypertension,clinicalbert_type1_max_pool,knn,3,64,brier,0.2976069316346247
1494,1494,1158.0,1158.0,,,,new_hypertension,new_hypertension,clinicalbert_type1_max_pool,knn,4,64,auroc,0.6052643626853458
1495,1495,1159.0,1159.0,,,,new_hypertension,new_hypertension,clinicalbert_type1_max_pool,knn,4,64,auprc,0.1629418126087146
1496,1496,1160.0,1160.0,,,,new_hypertension,new_hypertension,clinicalbert_type1_max_pool,knn,4,64,brier,0.2571951647945188
1497,1497,1161.0,1161.0,,,,new_hypertension,new_hypertension,clinicalbert_type1_max_pool,knn,0,128,auroc,0.629019520318643
1498,1498,1162.0,1162.0,,,,new_hypertension,new_hypertension,clinicalbert_type1_max_pool,knn,0,128,auprc,0.1799753672286082
1499,1499,1163.0,1163.0,,,,new_hypertension,new_hypertension,clinicalbert_type1_max_pool,knn,0,128,brier,0.2488841317015612
1500,1500,1164.0,1164.0,,,,new_hypertension,new_hypertension,clinicalbert_type1_max_pool,knn,1,128,auroc,0.6257375201011783
1501,1501,1165.0,1165.0,,,,new_hypertension,new_hypertension,clinicalbert_type1_max_pool,knn,1,128,auprc,0.1943577273523441
1502,1502,1166.0,1166.0,,,,new_hypertension,new_hypertension,clinicalbert_type1_max_pool,knn,1,128,brier,0.2496597270315189
1503,1503,1167.0,1167.0,,,,new_hypertension,new_hypertension,clinicalbert_type1_max_pool,knn,2,128,auroc,0.5526607951196342
1504,1504,1168.0,1168.0,,,,new_hypertension,new_hypertension,clinicalbert_type1_max_pool,knn,2,128,auprc,0.1389707035947426
1505,1505,1169.0,1169.0,,,,new_hypertension,new_hypertension,clinicalbert_type1_max_pool,knn,2,128,brier,0.3228228228228229
1506,1506,1170.0,1170.0,,,,new_hypertension,new_hypertension,clinicalbert_type1_max_pool,knn,3,128,auroc,0.5942165834005757
1507,1507,1171.0,1171.0,,,,new_hypertension,new_hypertension,clinicalbert_type1_max_pool,knn,3,128,auprc,0.168240850016753
1508,1508,1172.0,1172.0,,,,new_hypertension,new_hypertension,clinicalbert_type1_max_pool,knn,3,128,brier,0.2838748662792897
1509,1509,1173.0,1173.0,,,,new_hypertension,new_hypertension,clinicalbert_type1_max_pool,knn,4,128,auroc,0.5662637846870511
1510,1510,1174.0,1174.0,,,,new_hypertension,new_hypertension,clinicalbert_type1_max_pool,knn,4,128,auprc,0.1571062702998922
1511,1511,1175.0,1175.0,,,,new_hypertension,new_hypertension,clinicalbert_type1_max_pool,knn,4,128,brier,0.2616134543851956
1512,1512,1176.0,1176.0,,,,new_hypertension,new_hypertension,clinicalbert_type1_max_pool,rf,0,-1,auroc,0.5480911749389096
1513,1513,1177.0,1177.0,,,,new_hypertension,new_hypertension,clinicalbert_type1_max_pool,rf,0,-1,auprc,0.1313169846680472
1514,1514,1178.0,1178.0,,,,new_hypertension,new_hypertension,clinicalbert_type1_max_pool,rf,0,-1,brier,0.1226085726021397
1515,1515,1179.0,1179.0,,,,new_hypertension,new_hypertension,clinicalbert_type1_max_pool,rf,0,1,auroc,0.4962058131749274
1516,1516,1180.0,1180.0,,,,new_hypertension,new_hypertension,clinicalbert_type1_max_pool,rf,0,1,auprc,0.1359305689930741
1517,1517,1181.0,1181.0,,,,new_hypertension,new_hypertension,clinicalbert_type1_max_pool,rf,0,1,brier,0.2858648648648648
1518,1518,1182.0,1182.0,,,,new_hypertension,new_hypertension,clinicalbert_type1_max_pool,rf,1,1,auroc,0.5247537784492478
1519,1519,1183.0,1183.0,,,,new_hypertension,new_hypertension,clinicalbert_type1_max_pool,rf,1,1,auprc,0.1383590456085371
1520,1520,1184.0,1184.0,,,,new_hypertension,new_hypertension,clinicalbert_type1_max_pool,rf,1,1,brier,0.3366057233704292
1521,1521,1185.0,1185.0,,,,new_hypertension,new_hypertension,clinicalbert_type1_max_pool,rf,2,1,auroc,0.4634201475326339
1522,1522,1186.0,1186.0,,,,new_hypertension,new_hypertension,clinicalbert_type1_max_pool,rf,2,1,auprc,0.1180190392580716
1523,1523,1187.0,1187.0,,,,new_hypertension,new_hypertension,clinicalbert_type1_max_pool,rf,2,1,brier,0.3786486486486485
1524,1524,1188.0,1188.0,,,,new_hypertension,new_hypertension,clinicalbert_type1_max_pool,rf,3,1,auroc,0.5141666809735551
1525,1525,1189.0,1189.0,,,,new_hypertension,new_hypertension,clinicalbert_type1_max_pool,rf,3,1,auprc,0.1301015890509743
1526,1526,1190.0,1190.0,,,,new_hypertension,new_hypertension,clinicalbert_type1_max_pool,rf,3,1,brier,0.3714467408585055
1527,1527,1191.0,1191.0,,,,new_hypertension,new_hypertension,clinicalbert_type1_max_pool,rf,4,1,auroc,0.4953502612437837
1528,1528,1192.0,1192.0,,,,new_hypertension,new_hypertension,clinicalbert_type1_max_pool,rf,4,1,auprc,0.1272617409298968
1529,1529,1193.0,1193.0,,,,new_hypertension,new_hypertension,clinicalbert_type1_max_pool,rf,4,1,brier,0.3151891891891892
1530,1530,1194.0,1194.0,,,,new_hypertension,new_hypertension,clinicalbert_type1_max_pool,rf,0,2,auroc,0.4586731219347491
1531,1531,1195.0,1195.0,,,,new_hypertension,new_hypertension,clinicalbert_type1_max_pool,rf,0,2,auprc,0.1137498287393258
1532,1532,1196.0,1196.0,,,,new_hypertension,new_hypertension,clinicalbert_type1_max_pool,rf,0,2,brier,0.2549567655891185
1533,1533,1197.0,1197.0,,,,new_hypertension,new_hypertension,clinicalbert_type1_max_pool,rf,1,2,auroc,0.5499968524845342
1534,1534,1198.0,1198.0,,,,new_hypertension,new_hypertension,clinicalbert_type1_max_pool,rf,1,2,auprc,0.1454769844474571
1535,1535,1199.0,1199.0,,,,new_hypertension,new_hypertension,clinicalbert_type1_max_pool,rf,1,2,brier,0.3034399841017488
1536,1536,1200.0,1200.0,,,,new_hypertension,new_hypertension,clinicalbert_type1_max_pool,rf,2,2,auroc,0.4678982036270823
1537,1537,1201.0,1201.0,,,,new_hypertension,new_hypertension,clinicalbert_type1_max_pool,rf,2,2,auprc,0.1140360863966294
1538,1538,1202.0,1202.0,,,,new_hypertension,new_hypertension,clinicalbert_type1_max_pool,rf,2,2,brier,0.2532635930047694
1539,1539,1203.0,1203.0,,,,new_hypertension,new_hypertension,clinicalbert_type1_max_pool,rf,3,2,auroc,0.5441539192290303
1540,1540,1204.0,1204.0,,,,new_hypertension,new_hypertension,clinicalbert_type1_max_pool,rf,3,2,auprc,0.1408146024011943
1541,1541,1205.0,1205.0,,,,new_hypertension,new_hypertension,clinicalbert_type1_max_pool,rf,3,2,brier,0.2994515103338632
1542,1542,1206.0,1206.0,,,,new_hypertension,new_hypertension,clinicalbert_type1_max_pool,rf,4,2,auroc,0.5289428353963866
1543,1543,1207.0,1207.0,,,,new_hypertension,new_hypertension,clinicalbert_type1_max_pool,rf,4,2,auprc,0.143359541694924
1544,1544,1208.0,1208.0,,,,new_hypertension,new_hypertension,clinicalbert_type1_max_pool,rf,4,2,brier,0.3059658187599364
1545,1545,1209.0,1209.0,,,,new_hypertension,new_hypertension,clinicalbert_type1_max_pool,rf,0,4,auroc,0.5096943476344991
1546,1546,1210.0,1210.0,,,,new_hypertension,new_hypertension,clinicalbert_type1_max_pool,rf,0,4,auprc,0.1257277633284302
1547,1547,1211.0,1211.0,,,,new_hypertension,new_hypertension,clinicalbert_type1_max_pool,rf,0,4,brier,0.2951825119236884
1548,1548,1212.0,1212.0,,,,new_hypertension,new_hypertension,clinicalbert_type1_max_pool,rf,1,4,auroc,0.4554826858035606
1549,1549,1213.0,1213.0,,,,new_hypertension,new_hypertension,clinicalbert_type1_max_pool,rf,1,4,auprc,0.1162942767276199
1550,1550,1214.0,1214.0,,,,new_hypertension,new_hypertension,clinicalbert_type1_max_pool,rf,1,4,brier,0.2936486486486487
1551,1551,1215.0,1215.0,,,,new_hypertension,new_hypertension,clinicalbert_type1_max_pool,rf,2,4,auroc,0.4967809500918502
1552,1552,1216.0,1216.0,,,,new_hypertension,new_hypertension,clinicalbert_type1_max_pool,rf,2,4,auprc,0.1223008633207101
1553,1553,1217.0,1217.0,,,,new_hypertension,new_hypertension,clinicalbert_type1_max_pool,rf,2,4,brier,0.3408823529411765
1554,1554,1218.0,1218.0,,,,new_hypertension,new_hypertension,clinicalbert_type1_max_pool,rf,3,4,auroc,0.6183036608466245
1555,1555,1219.0,1219.0,,,,new_hypertension,new_hypertension,clinicalbert_type1_max_pool,rf,3,4,auprc,0.1833734635124019
1556,1556,1220.0,1220.0,,,,new_hypertension,new_hypertension,clinicalbert_type1_max_pool,rf,3,4,brier,0.249266693163752
1557,1557,1221.0,1221.0,,,,new_hypertension,new_hypertension,clinicalbert_type1_max_pool,rf,4,4,auroc,0.5513445613794129
1558,1558,1222.0,1222.0,,,,new_hypertension,new_hypertension,clinicalbert_type1_max_pool,rf,4,4,auprc,0.1377536220097038
1559,1559,1223.0,1223.0,,,,new_hypertension,new_hypertension,clinicalbert_type1_max_pool,rf,4,4,brier,0.2455243861508567
1560,1560,1224.0,1224.0,,,,new_hypertension,new_hypertension,clinicalbert_type1_max_pool,rf,0,8,auroc,0.5473014346947769
1561,1561,1225.0,1225.0,,,,new_hypertension,new_hypertension,clinicalbert_type1_max_pool,rf,0,8,auprc,0.1318147991879352
1562,1562,1226.0,1226.0,,,,new_hypertension,new_hypertension,clinicalbert_type1_max_pool,rf,0,8,brier,0.2468211446740859
1563,1563,1227.0,1227.0,,,,new_hypertension,new_hypertension,clinicalbert_type1_max_pool,rf,1,8,auroc,0.5583034319364089
1564,1564,1228.0,1228.0,,,,new_hypertension,new_hypertension,clinicalbert_type1_max_pool,rf,1,8,auprc,0.1550707188749488
1565,1565,1229.0,1229.0,,,,new_hypertension,new_hypertension,clinicalbert_type1_max_pool,rf,1,8,brier,0.3131672496025437
1566,1566,1230.0,1230.0,,,,new_hypertension,new_hypertension,clinicalbert_type1_max_pool,rf,2,8,auroc,0.4771003942978465
1567,1567,1231.0,1231.0,,,,new_hypertension,new_hypertension,clinicalbert_type1_max_pool,rf,2,8,auprc,0.1296218640538346
1568,1568,1232.0,1232.0,,,,new_hypertension,new_hypertension,clinicalbert_type1_max_pool,rf,2,8,brier,0.3001271860095389
1569,1569,1233.0,1233.0,,,,new_hypertension,new_hypertension,clinicalbert_type1_max_pool,rf,3,8,auroc,0.5431095163699419
1570,1570,1234.0,1234.0,,,,new_hypertension,new_hypertension,clinicalbert_type1_max_pool,rf,3,8,auprc,0.1564725156103961
1571,1571,1235.0,1235.0,,,,new_hypertension,new_hypertension,clinicalbert_type1_max_pool,rf,3,8,brier,0.2857710651828299
1572,1572,1236.0,1236.0,,,,new_hypertension,new_hypertension,clinicalbert_type1_max_pool,rf,4,8,auroc,0.5777064340938876
1573,1573,1237.0,1237.0,,,,new_hypertension,new_hypertension,clinicalbert_type1_max_pool,rf,4,8,auprc,0.1545417494837641
1574,1574,1238.0,1238.0,,,,new_hypertension,new_hypertension,clinicalbert_type1_max_pool,rf,4,8,brier,0.2460250397456279
1575,1575,1239.0,1239.0,,,,new_hypertension,new_hypertension,clinicalbert_type1_max_pool,rf,0,12,auroc,0.5802301692218769
1576,1576,1240.0,1240.0,,,,new_hypertension,new_hypertension,clinicalbert_type1_max_pool,rf,0,12,auprc,0.1563069985673194
1577,1577,1241.0,1241.0,,,,new_hypertension,new_hypertension,clinicalbert_type1_max_pool,rf,0,12,brier,0.235343366896308
1578,1578,1242.0,1242.0,,,,new_hypertension,new_hypertension,clinicalbert_type1_max_pool,rf,1,12,auroc,0.4863369215009642
1579,1579,1243.0,1243.0,,,,new_hypertension,new_hypertension,clinicalbert_type1_max_pool,rf,1,12,auprc,0.1172965994877828
1580,1580,1244.0,1244.0,,,,new_hypertension,new_hypertension,clinicalbert_type1_max_pool,rf,1,12,brier,0.3748052464228935
1581,1581,1245.0,1245.0,,,,new_hypertension,new_hypertension,clinicalbert_type1_max_pool,rf,2,12,auroc,0.5031217630664813
1582,1582,1246.0,1246.0,,,,new_hypertension,new_hypertension,clinicalbert_type1_max_pool,rf,2,12,auprc,0.1601474286456356
1583,1583,1247.0,1247.0,,,,new_hypertension,new_hypertension,clinicalbert_type1_max_pool,rf,2,12,brier,0.2646661367249603
1584,1584,1248.0,1248.0,,,,new_hypertension,new_hypertension,clinicalbert_type1_max_pool,rf,3,12,auroc,0.5409463148316652
1585,1585,1249.0,1249.0,,,,new_hypertension,new_hypertension,clinicalbert_type1_max_pool,rf,3,12,auprc,0.1391280876780864
1586,1586,1250.0,1250.0,,,,new_hypertension,new_hypertension,clinicalbert_type1_max_pool,rf,3,12,brier,0.2853179650238474
1587,1587,1251.0,1251.0,,,,new_hypertension,new_hypertension,clinicalbert_type1_max_pool,rf,4,12,auroc,0.5790598657441585
1588,1588,1252.0,1252.0,,,,new_hypertension,new_hypertension,clinicalbert_type1_max_pool,rf,4,12,auprc,0.1496041620789264
1589,1589,1253.0,1253.0,,,,new_hypertension,new_hypertension,clinicalbert_type1_max_pool,rf,4,12,brier,0.256131160572337
1590,1590,1254.0,1254.0,,,,new_hypertension,new_hypertension,clinicalbert_type1_max_pool,rf,0,16,auroc,0.5585151738859226
1591,1591,1255.0,1255.0,,,,new_hypertension,new_hypertension,clinicalbert_type1_max_pool,rf,0,16,auprc,0.142260059175281
1592,1592,1256.0,1256.0,,,,new_hypertension,new_hypertension,clinicalbert_type1_max_pool,rf,0,16,brier,0.2265739268680445
1593,1593,1257.0,1257.0,,,,new_hypertension,new_hypertension,clinicalbert_type1_max_pool,rf,1,16,auroc,0.4728569711744811
1594,1594,1258.0,1258.0,,,,new_hypertension,new_hypertension,clinicalbert_type1_max_pool,rf,1,16,auprc,0.1249479822989918
1595,1595,1259.0,1259.0,,,,new_hypertension,new_hypertension,clinicalbert_type1_max_pool,rf,1,16,brier,0.3303815580286168
1596,1596,1260.0,1260.0,,,,new_hypertension,new_hypertension,clinicalbert_type1_max_pool,rf,2,16,auroc,0.5048700648388187
1597,1597,1261.0,1261.0,,,,new_hypertension,new_hypertension,clinicalbert_type1_max_pool,rf,2,16,auprc,0.1315029975822408
1598,1598,1262.0,1262.0,,,,new_hypertension,new_hypertension,clinicalbert_type1_max_pool,rf,2,16,brier,0.2879039039039039
1599,1599,1263.0,1263.0,,,,new_hypertension,new_hypertension,clinicalbert_type1_max_pool,rf,3,16,auroc,0.528218906839265
1600,1600,1264.0,1264.0,,,,new_hypertension,new_hypertension,clinicalbert_type1_max_pool,rf,3,16,auprc,0.1460763340839603
1601,1601,1265.0,1265.0,,,,new_hypertension,new_hypertension,clinicalbert_type1_max_pool,rf,3,16,brier,0.3053060413354531
1602,1602,1266.0,1266.0,,,,new_hypertension,new_hypertension,clinicalbert_type1_max_pool,rf,4,16,auroc,0.6150645812946018
1603,1603,1267.0,1267.0,,,,new_hypertension,new_hypertension,clinicalbert_type1_max_pool,rf,4,16,auprc,0.1715067724638073
1604,1604,1268.0,1268.0,,,,new_hypertension,new_hypertension,clinicalbert_type1_max_pool,rf,4,16,brier,0.2511096979332273
1605,1605,1269.0,1269.0,,,,new_hypertension,new_hypertension,clinicalbert_type1_max_pool,rf,0,24,auroc,0.5842017614641096
1606,1606,1270.0,1270.0,,,,new_hypertension,new_hypertension,clinicalbert_type1_max_pool,rf,0,24,auprc,0.1583091624190829
1607,1607,1271.0,1271.0,,,,new_hypertension,new_hypertension,clinicalbert_type1_max_pool,rf,0,24,brier,0.2726371224165342
1608,1608,1272.0,1272.0,,,,new_hypertension,new_hypertension,clinicalbert_type1_max_pool,rf,1,24,auroc,0.520782186207015
1609,1609,1273.0,1273.0,,,,new_hypertension,new_hypertension,clinicalbert_type1_max_pool,rf,1,24,auprc,0.1396092901948231
1610,1610,1274.0,1274.0,,,,new_hypertension,new_hypertension,clinicalbert_type1_max_pool,rf,1,24,brier,0.3163910969793322
1611,1611,1275.0,1275.0,,,,new_hypertension,new_hypertension,clinicalbert_type1_max_pool,rf,2,24,auroc,0.5371578507619849
1612,1612,1276.0,1276.0,,,,new_hypertension,new_hypertension,clinicalbert_type1_max_pool,rf,2,24,auprc,0.1514537191275818
1613,1613,1277.0,1277.0,,,,new_hypertension,new_hypertension,clinicalbert_type1_max_pool,rf,2,24,brier,0.2680653521144372
1614,1614,1278.0,1278.0,,,,new_hypertension,new_hypertension,clinicalbert_type1_max_pool,rf,3,24,auroc,0.491876548720678
1615,1615,1279.0,1279.0,,,,new_hypertension,new_hypertension,clinicalbert_type1_max_pool,rf,3,24,auprc,0.1298707687718299
1616,1616,1280.0,1280.0,,,,new_hypertension,new_hypertension,clinicalbert_type1_max_pool,rf,3,24,brier,0.2999900635930048
1617,1617,1281.0,1281.0,,,,new_hypertension,new_hypertension,clinicalbert_type1_max_pool,rf,4,24,auroc,0.5865852890849886
1618,1618,1282.0,1282.0,,,,new_hypertension,new_hypertension,clinicalbert_type1_max_pool,rf,4,24,auprc,0.165507908364302
1619,1619,1283.0,1283.0,,,,new_hypertension,new_hypertension,clinicalbert_type1_max_pool,rf,4,24,brier,0.2531637519872814
1620,1620,1284.0,1284.0,,,,new_hypertension,new_hypertension,clinicalbert_type1_max_pool,rf,0,32,auroc,0.5382365901534272
1621,1621,1285.0,1285.0,,,,new_hypertension,new_hypertension,clinicalbert_type1_max_pool,rf,0,32,auprc,0.1354160574517868
1622,1622,1286.0,1286.0,,,,new_hypertension,new_hypertension,clinicalbert_type1_max_pool,rf,0,32,brier,0.2554515879611206
1623,1623,1287.0,1287.0,,,,new_hypertension,new_hypertension,clinicalbert_type1_max_pool,rf,1,32,auroc,0.5240241271367337
1624,1624,1288.0,1288.0,,,,new_hypertension,new_hypertension,clinicalbert_type1_max_pool,rf,1,32,auprc,0.1357868385024668
1625,1625,1289.0,1289.0,,,,new_hypertension,new_hypertension,clinicalbert_type1_max_pool,rf,1,32,brier,0.2536039157171844
1626,1626,1290.0,1290.0,,,,new_hypertension,new_hypertension,clinicalbert_type1_max_pool,rf,2,32,auroc,0.5605581975609617
1627,1627,1291.0,1291.0,,,,new_hypertension,new_hypertension,clinicalbert_type1_max_pool,rf,2,32,auprc,0.1410832745611196
1628,1628,1292.0,1292.0,,,,new_hypertension,new_hypertension,clinicalbert_type1_max_pool,rf,2,32,brier,0.2814308426073132
1629,1629,1293.0,1293.0,,,,new_hypertension,new_hypertension,clinicalbert_type1_max_pool,rf,3,32,auroc,0.5082550746533441
1630,1630,1294.0,1294.0,,,,new_hypertension,new_hypertension,clinicalbert_type1_max_pool,rf,3,32,auprc,0.1265408811017239
1631,1631,1295.0,1295.0,,,,new_hypertension,new_hypertension,clinicalbert_type1_max_pool,rf,3,32,brier,0.2728159777424483
1632,1632,1296.0,1296.0,,,,new_hypertension,new_hypertension,clinicalbert_type1_max_pool,rf,4,32,auroc,0.5858213012401211
1633,1633,1297.0,1297.0,,,,new_hypertension,new_hypertension,clinicalbert_type1_max_pool,rf,4,32,auprc,0.1552328597967079
1634,1634,1298.0,1298.0,,,,new_hypertension,new_hypertension,clinicalbert_type1_max_pool,rf,4,32,brier,0.2206336357169379
1635,1635,1299.0,1299.0,,,,new_hypertension,new_hypertension,clinicalbert_type1_max_pool,rf,0,48,auroc,0.6114907205521315
1636,1636,1300.0,1300.0,,,,new_hypertension,new_hypertension,clinicalbert_type1_max_pool,rf,0,48,auprc,0.165003264228105
1637,1637,1301.0,1301.0,,,,new_hypertension,new_hypertension,clinicalbert_type1_max_pool,rf,0,48,brier,0.2442818122695305
1638,1638,1302.0,1302.0,,,,new_hypertension,new_hypertension,clinicalbert_type1_max_pool,rf,1,48,auroc,0.570710365626842
1639,1639,1303.0,1303.0,,,,new_hypertension,new_hypertension,clinicalbert_type1_max_pool,rf,1,48,auprc,0.1513680482629814
1640,1640,1304.0,1304.0,,,,new_hypertension,new_hypertension,clinicalbert_type1_max_pool,rf,1,48,brier,0.2444680445151033
1641,1641,1305.0,1305.0,,,,new_hypertension,new_hypertension,clinicalbert_type1_max_pool,rf,2,48,auroc,0.5450810056025774
1642,1642,1306.0,1306.0,,,,new_hypertension,new_hypertension,clinicalbert_type1_max_pool,rf,2,48,auprc,0.1485446923109262
1643,1643,1307.0,1307.0,,,,new_hypertension,new_hypertension,clinicalbert_type1_max_pool,rf,2,48,brier,0.2621860095389507
1644,1644,1308.0,1308.0,,,,new_hypertension,new_hypertension,clinicalbert_type1_max_pool,rf,3,48,auroc,0.5529183191122862
1645,1645,1309.0,1309.0,,,,new_hypertension,new_hypertension,clinicalbert_type1_max_pool,rf,3,48,auprc,0.1494607906681374
1646,1646,1310.0,1310.0,,,,new_hypertension,new_hypertension,clinicalbert_type1_max_pool,rf,3,48,brier,0.2345637044509516
1647,1647,1311.0,1311.0,,,,new_hypertension,new_hypertension,clinicalbert_type1_max_pool,rf,4,48,auroc,0.5764502892852851
1648,1648,1312.0,1312.0,,,,new_hypertension,new_hypertension,clinicalbert_type1_max_pool,rf,4,48,auprc,0.1824211934816516
1649,1649,1313.0,1313.0,,,,new_hypertension,new_hypertension,clinicalbert_type1_max_pool,rf,4,48,brier,0.250457219878814
1650,1650,1314.0,1314.0,,,,new_hypertension,new_hypertension,clinicalbert_type1_max_pool,rf,0,64,auroc,0.6085520856582026
1651,1651,1315.0,1315.0,,,,new_hypertension,new_hypertension,clinicalbert_type1_max_pool,rf,0,64,auprc,0.1599186505551032
1652,1652,1316.0,1316.0,,,,new_hypertension,new_hypertension,clinicalbert_type1_max_pool,rf,0,64,brier,0.2412567147097043
1653,1653,1317.0,1317.0,,,,new_hypertension,new_hypertension,clinicalbert_type1_max_pool,rf,1,64,auroc,0.5764531506629812
1654,1654,1318.0,1318.0,,,,new_hypertension,new_hypertension,clinicalbert_type1_max_pool,rf,1,64,auprc,0.1847387401132344
1655,1655,1319.0,1319.0,,,,new_hypertension,new_hypertension,clinicalbert_type1_max_pool,rf,1,64,brier,0.2378948498333089
1656,1656,1320.0,1320.0,,,,new_hypertension,new_hypertension,clinicalbert_type1_max_pool,rf,2,64,auroc,0.5682123828981178
1657,1657,1321.0,1321.0,,,,new_hypertension,new_hypertension,clinicalbert_type1_max_pool,rf,2,64,auprc,0.1708417289217392
1658,1658,1322.0,1322.0,,,,new_hypertension,new_hypertension,clinicalbert_type1_max_pool,rf,2,64,brier,0.2407644750140961
1659,1659,1323.0,1323.0,,,,new_hypertension,new_hypertension,clinicalbert_type1_max_pool,rf,3,64,auroc,0.5897471114392157
1660,1660,1324.0,1324.0,,,,new_hypertension,new_hypertension,clinicalbert_type1_max_pool,rf,3,64,auprc,0.1906168868863272
1661,1661,1325.0,1325.0,,,,new_hypertension,new_hypertension,clinicalbert_type1_max_pool,rf,3,64,brier,0.2316428557402436
1662,1662,1326.0,1326.0,,,,new_hypertension,new_hypertension,clinicalbert_type1_max_pool,rf,4,64,auroc,0.6252281948712666
1663,1663,1327.0,1327.0,,,,new_hypertension,new_hypertension,clinicalbert_type1_max_pool,rf,4,64,auprc,0.1852922589634399
1664,1664,1328.0,1328.0,,,,new_hypertension,new_hypertension,clinicalbert_type1_max_pool,rf,4,64,brier,0.2218244743773567
1665,1665,1329.0,1329.0,,,,new_hypertension,new_hypertension,clinicalbert_type1_max_pool,rf,0,128,auroc,0.6403763283945955
1666,1666,1330.0,1330.0,,,,new_hypertension,new_hypertension,clinicalbert_type1_max_pool,rf,0,128,auprc,0.1840495258539467
1667,1667,1331.0,1331.0,,,,new_hypertension,new_hypertension,clinicalbert_type1_max_pool,rf,0,128,brier,0.218651324854266
1668,1668,1332.0,1332.0,,,,new_hypertension,new_hypertension,clinicalbert_type1_max_pool,rf,1,128,auroc,0.605936786443937
1669,1669,1333.0,1333.0,,,,new_hypertension,new_hypertension,clinicalbert_type1_max_pool,rf,1,128,auprc,0.1648749887260528
1670,1670,1334.0,1334.0,,,,new_hypertension,new_hypertension,clinicalbert_type1_max_pool,rf,1,128,brier,0.2325586989982815
1671,1671,1335.0,1335.0,,,,new_hypertension,new_hypertension,clinicalbert_type1_max_pool,rf,2,128,auroc,0.5773001184610367
1672,1672,1336.0,1336.0,,,,new_hypertension,new_hypertension,clinicalbert_type1_max_pool,rf,2,128,auprc,0.1565502284092189
1673,1673,1337.0,1337.0,,,,new_hypertension,new_hypertension,clinicalbert_type1_max_pool,rf,2,128,brier,0.2282265569579364
1674,1674,1338.0,1338.0,,,,new_hypertension,new_hypertension,clinicalbert_type1_max_pool,rf,3,128,auroc,0.5936815057713988
1675,1675,1339.0,1339.0,,,,new_hypertension,new_hypertension,clinicalbert_type1_max_pool,rf,3,128,auprc,0.1696397137225766
1676,1676,1340.0,1340.0,,,,new_hypertension,new_hypertension,clinicalbert_type1_max_pool,rf,3,128,brier,0.2231314049098081
1677,1677,1341.0,1341.0,,,,new_hypertension,new_hypertension,clinicalbert_type1_max_pool,rf,4,128,auroc,0.6039252379235553
1678,1678,1342.0,1342.0,,,,new_hypertension,new_hypertension,clinicalbert_type1_max_pool,rf,4,128,auprc,0.1740424704725179
1679,1679,1343.0,1343.0,,,,new_hypertension,new_hypertension,clinicalbert_type1_max_pool,rf,4,128,brier,0.2139203850909733
1680,1680,1344.0,1344.0,,,,new_hypertension,new_hypertension,clinicalbert_type1_mean_pool,lr_lbfgs,0,-1,auroc,0.6420702639907062
1681,1681,1345.0,1345.0,,,,new_hypertension,new_hypertension,clinicalbert_type1_mean_pool,lr_lbfgs,0,-1,auprc,0.188012213026377
1682,1682,1346.0,1346.0,,,,new_hypertension,new_hypertension,clinicalbert_type1_mean_pool,lr_lbfgs,0,-1,brier,0.1083578001931772
1683,1683,1347.0,1347.0,,,,new_hypertension,new_hypertension,clinicalbert_type1_mean_pool,lr_lbfgs,0,1,auroc,0.5108703738676098
1684,1684,1348.0,1348.0,,,,new_hypertension,new_hypertension,clinicalbert_type1_mean_pool,lr_lbfgs,0,1,auprc,0.138982310285279
1685,1685,1349.0,1349.0,,,,new_hypertension,new_hypertension,clinicalbert_type1_mean_pool,lr_lbfgs,0,1,brier,0.2500001237328215
1686,1686,1350.0,1350.0,,,,new_hypertension,new_hypertension,clinicalbert_type1_mean_pool,lr_lbfgs,1,1,auroc,0.5975300587726979
1687,1687,1351.0,1351.0,,,,new_hypertension,new_hypertension,clinicalbert_type1_mean_pool,lr_lbfgs,1,1,auprc,0.1721771606451078
1688,1688,1352.0,1352.0,,,,new_hypertension,new_hypertension,clinicalbert_type1_mean_pool,lr_lbfgs,1,1,brier,0.2499982280020765
1689,1689,1353.0,1353.0,,,,new_hypertension,new_hypertension,clinicalbert_type1_mean_pool,lr_lbfgs,2,1,auroc,0.4647163516289824
1690,1690,1354.0,1354.0,,,,new_hypertension,new_hypertension,clinicalbert_type1_mean_pool,lr_lbfgs,2,1,auprc,0.1132356266733943
1691,1691,1355.0,1355.0,,,,new_hypertension,new_hypertension,clinicalbert_type1_mean_pool,lr_lbfgs,2,1,brier,0.2500011541310032
1692,1692,1356.0,1356.0,,,,new_hypertension,new_hypertension,clinicalbert_type1_mean_pool,lr_lbfgs,3,1,auroc,0.4964032482359606
1693,1693,1357.0,1357.0,,,,new_hypertension,new_hypertension,clinicalbert_type1_mean_pool,lr_lbfgs,3,1,auprc,0.1225237780805214
1694,1694,1358.0,1358.0,,,,new_hypertension,new_hypertension,clinicalbert_type1_mean_pool,lr_lbfgs,3,1,brier,0.2499984680030652
1695,1695,1359.0,1359.0,,,,new_hypertension,new_hypertension,clinicalbert_type1_mean_pool,lr_lbfgs,4,1,auroc,0.5058114581008464
1696,1696,1360.0,1360.0,,,,new_hypertension,new_hypertension,clinicalbert_type1_mean_pool,lr_lbfgs,4,1,auprc,0.1330100697954392
1697,1697,1361.0,1361.0,,,,new_hypertension,new_hypertension,clinicalbert_type1_mean_pool,lr_lbfgs,4,1,brier,0.2500006238164746
1698,1698,1362.0,1362.0,,,,new_hypertension,new_hypertension,clinicalbert_type1_mean_pool,lr_lbfgs,0,2,auroc,0.4992875169536628
1699,1699,1363.0,1363.0,,,,new_hypertension,new_hypertension,clinicalbert_type1_mean_pool,lr_lbfgs,0,2,auprc,0.1323218484012478
1700,1700,1364.0,1364.0,,,,new_hypertension,new_hypertension,clinicalbert_type1_mean_pool,lr_lbfgs,0,2,brier,0.2499992443270021
1701,1701,1365.0,1365.0,,,,new_hypertension,new_hypertension,clinicalbert_type1_mean_pool,lr_lbfgs,1,2,auroc,0.6197000131623374
1702,1702,1366.0,1366.0,,,,new_hypertension,new_hypertension,clinicalbert_type1_mean_pool,lr_lbfgs,1,2,auprc,0.1734944923471057
1703,1703,1367.0,1367.0,,,,new_hypertension,new_hypertension,clinicalbert_type1_mean_pool,lr_lbfgs,1,2,brier,0.2499986642667582
1704,1704,1368.0,1368.0,,,,new_hypertension,new_hypertension,clinicalbert_type1_mean_pool,lr_lbfgs,2,2,auroc,0.5149449757069033
1705,1705,1369.0,1369.0,,,,new_hypertension,new_hypertension,clinicalbert_type1_mean_pool,lr_lbfgs,2,2,auprc,0.1235361368875503
1706,1706,1370.0,1370.0,,,,new_hypertension,new_hypertension,clinicalbert_type1_mean_pool,lr_lbfgs,2,2,brier,0.3294301014357987
1707,1707,1371.0,1371.0,,,,new_hypertension,new_hypertension,clinicalbert_type1_mean_pool,lr_lbfgs,3,2,auroc,0.5021488946497961
1708,1708,1372.0,1372.0,,,,new_hypertension,new_hypertension,clinicalbert_type1_mean_pool,lr_lbfgs,3,2,auprc,0.1390975105428146
1709,1709,1373.0,1373.0,,,,new_hypertension,new_hypertension,clinicalbert_type1_mean_pool,lr_lbfgs,3,2,brier,0.2499992669348451
1710,1710,1374.0,1374.0,,,,new_hypertension,new_hypertension,clinicalbert_type1_mean_pool,lr_lbfgs,4,2,auroc,0.4976450861560824
1711,1711,1375.0,1375.0,,,,new_hypertension,new_hypertension,clinicalbert_type1_mean_pool,lr_lbfgs,4,2,auprc,0.128083138037543
1712,1712,1376.0,1376.0,,,,new_hypertension,new_hypertension,clinicalbert_type1_mean_pool,lr_lbfgs,4,2,brier,0.2500002883461689
1713,1713,1377.0,1377.0,,,,new_hypertension,new_hypertension,clinicalbert_type1_mean_pool,lr_lbfgs,0,4,auroc,0.5785648474027275
1714,1714,1378.0,1378.0,,,,new_hypertension,new_hypertension,clinicalbert_type1_mean_pool,lr_lbfgs,0,4,auprc,0.1517945044964374
1715,1715,1379.0,1379.0,,,,new_hypertension,new_hypertension,clinicalbert_type1_mean_pool,lr_lbfgs,0,4,brier,0.2499983351216845
1716,1716,1380.0,1380.0,,,,new_hypertension,new_hypertension,clinicalbert_type1_mean_pool,lr_lbfgs,1,4,auroc,0.5633652090808683
1717,1717,1381.0,1381.0,,,,new_hypertension,new_hypertension,clinicalbert_type1_mean_pool,lr_lbfgs,1,4,auprc,0.1583028391607991
1718,1718,1382.0,1382.0,,,,new_hypertension,new_hypertension,clinicalbert_type1_mean_pool,lr_lbfgs,1,4,brier,0.249999389783161
1719,1719,1383.0,1383.0,,,,new_hypertension,new_hypertension,clinicalbert_type1_mean_pool,lr_lbfgs,2,4,auroc,0.5269627620306625
1720,1720,1384.0,1384.0,,,,new_hypertension,new_hypertension,clinicalbert_type1_mean_pool,lr_lbfgs,2,4,auprc,0.1320581987339013
1721,1721,1385.0,1385.0,,,,new_hypertension,new_hypertension,clinicalbert_type1_mean_pool,lr_lbfgs,2,4,brier,0.4434289188077727
1722,1722,1386.0,1386.0,,,,new_hypertension,new_hypertension,clinicalbert_type1_mean_pool,lr_lbfgs,3,4,auroc,0.5427518441579252
1723,1723,1387.0,1387.0,,,,new_hypertension,new_hypertension,clinicalbert_type1_mean_pool,lr_lbfgs,3,4,auprc,0.1579851341021891
1724,1724,1388.0,1388.0,,,,new_hypertension,new_hypertension,clinicalbert_type1_mean_pool,lr_lbfgs,3,4,brier,0.2499987401556796
1725,1725,1389.0,1389.0,,,,new_hypertension,new_hypertension,clinicalbert_type1_mean_pool,lr_lbfgs,4,4,auroc,0.5161124178069256
1726,1726,1390.0,1390.0,,,,new_hypertension,new_hypertension,clinicalbert_type1_mean_pool,lr_lbfgs,4,4,auprc,0.1289613826254605
1727,1727,1391.0,1391.0,,,,new_hypertension,new_hypertension,clinicalbert_type1_mean_pool,lr_lbfgs,4,4,brier,0.3545304429466238
1728,1728,1392.0,1392.0,,,,new_hypertension,new_hypertension,clinicalbert_type1_mean_pool,lr_lbfgs,0,8,auroc,0.6131531809935848
1729,1729,1393.0,1393.0,,,,new_hypertension,new_hypertension,clinicalbert_type1_mean_pool,lr_lbfgs,0,8,auprc,0.1699276423634876
1730,1730,1394.0,1394.0,,,,new_hypertension,new_hypertension,clinicalbert_type1_mean_pool,lr_lbfgs,0,8,brier,0.2499985077363547
1731,1731,1395.0,1395.0,,,,new_hypertension,new_hypertension,clinicalbert_type1_mean_pool,lr_lbfgs,1,8,auroc,0.5776720975615339
1732,1732,1396.0,1396.0,,,,new_hypertension,new_hypertension,clinicalbert_type1_mean_pool,lr_lbfgs,1,8,auprc,0.1623149372930783
1733,1733,1397.0,1397.0,,,,new_hypertension,new_hypertension,clinicalbert_type1_mean_pool,lr_lbfgs,1,8,brier,0.2499992069454066
1734,1734,1398.0,1398.0,,,,new_hypertension,new_hypertension,clinicalbert_type1_mean_pool,lr_lbfgs,2,8,auroc,0.5348258279396364
1735,1735,1399.0,1399.0,,,,new_hypertension,new_hypertension,clinicalbert_type1_mean_pool,lr_lbfgs,2,8,auprc,0.144258193727517
1736,1736,1400.0,1400.0,,,,new_hypertension,new_hypertension,clinicalbert_type1_mean_pool,lr_lbfgs,2,8,brier,0.2615852551543355
1737,1737,1401.0,1401.0,,,,new_hypertension,new_hypertension,clinicalbert_type1_mean_pool,lr_lbfgs,3,8,auroc,0.5408690576338695
1738,1738,1402.0,1402.0,,,,new_hypertension,new_hypertension,clinicalbert_type1_mean_pool,lr_lbfgs,3,8,auprc,0.1512902019124443
1739,1739,1403.0,1403.0,,,,new_hypertension,new_hypertension,clinicalbert_type1_mean_pool,lr_lbfgs,3,8,brier,0.3352277183796348
1740,1740,1404.0,1404.0,,,,new_hypertension,new_hypertension,clinicalbert_type1_mean_pool,lr_lbfgs,4,8,auroc,0.5742098305492128
1741,1741,1405.0,1405.0,,,,new_hypertension,new_hypertension,clinicalbert_type1_mean_pool,lr_lbfgs,4,8,auprc,0.1414693756387295
1742,1742,1406.0,1406.0,,,,new_hypertension,new_hypertension,clinicalbert_type1_mean_pool,lr_lbfgs,4,8,brier,0.2311199673922868
1743,1743,1407.0,1407.0,,,,new_hypertension,new_hypertension,clinicalbert_type1_mean_pool,lr_lbfgs,0,12,auroc,0.6174509702931767
1744,1744,1408.0,1408.0,,,,new_hypertension,new_hypertension,clinicalbert_type1_mean_pool,lr_lbfgs,0,12,auprc,0.1661511811348804
1745,1745,1409.0,1409.0,,,,new_hypertension,new_hypertension,clinicalbert_type1_mean_pool,lr_lbfgs,0,12,brier,0.2499976706025821
1746,1746,1410.0,1410.0,,,,new_hypertension,new_hypertension,clinicalbert_type1_mean_pool,lr_lbfgs,1,12,auroc,0.506189159956736
1747,1747,1411.0,1411.0,,,,new_hypertension,new_hypertension,clinicalbert_type1_mean_pool,lr_lbfgs,1,12,auprc,0.1475487961918767
1748,1748,1412.0,1412.0,,,,new_hypertension,new_hypertension,clinicalbert_type1_mean_pool,lr_lbfgs,1,12,brier,0.3992065949380522
1749,1749,1413.0,1413.0,,,,new_hypertension,new_hypertension,clinicalbert_type1_mean_pool,lr_lbfgs,2,12,auroc,0.5652422728495317
1750,1750,1414.0,1414.0,,,,new_hypertension,new_hypertension,clinicalbert_type1_mean_pool,lr_lbfgs,2,12,auprc,0.1609047954410466
1751,1751,1415.0,1415.0,,,,new_hypertension,new_hypertension,clinicalbert_type1_mean_pool,lr_lbfgs,2,12,brier,0.2500008080238612
1752,1752,1416.0,1416.0,,,,new_hypertension,new_hypertension,clinicalbert_type1_mean_pool,lr_lbfgs,3,12,auroc,0.5150193715270028
1753,1753,1417.0,1417.0,,,,new_hypertension,new_hypertension,clinicalbert_type1_mean_pool,lr_lbfgs,3,12,auprc,0.1374975157288812
1754,1754,1418.0,1418.0,,,,new_hypertension,new_hypertension,clinicalbert_type1_mean_pool,lr_lbfgs,3,12,brier,0.3744307276989596
1755,1755,1419.0,1419.0,,,,new_hypertension,new_hypertension,clinicalbert_type1_mean_pool,lr_lbfgs,4,12,auroc,0.5574307117390882
1756,1756,1420.0,1420.0,,,,new_hypertension,new_hypertension,clinicalbert_type1_mean_pool,lr_lbfgs,4,12,auprc,0.1451529369617039
1757,1757,1421.0,1421.0,,,,new_hypertension,new_hypertension,clinicalbert_type1_mean_pool,lr_lbfgs,4,12,brier,0.3672375566406211
1758,1758,1422.0,1422.0,,,,new_hypertension,new_hypertension,clinicalbert_type1_mean_pool,lr_lbfgs,0,16,auroc,0.5505147618475343
1759,1759,1423.0,1423.0,,,,new_hypertension,new_hypertension,clinicalbert_type1_mean_pool,lr_lbfgs,0,16,auprc,0.1493903417229592
1760,1760,1424.0,1424.0,,,,new_hypertension,new_hypertension,clinicalbert_type1_mean_pool,lr_lbfgs,0,16,brier,0.5350707622952686
1761,1761,1425.0,1425.0,,,,new_hypertension,new_hypertension,clinicalbert_type1_mean_pool,lr_lbfgs,1,16,auroc,0.5633423180592991
1762,1762,1426.0,1426.0,,,,new_hypertension,new_hypertension,clinicalbert_type1_mean_pool,lr_lbfgs,1,16,auprc,0.1637184199646857
1763,1763,1427.0,1427.0,,,,new_hypertension,new_hypertension,clinicalbert_type1_mean_pool,lr_lbfgs,1,16,brier,0.2560316830874774
1764,1764,1428.0,1428.0,,,,new_hypertension,new_hypertension,clinicalbert_type1_mean_pool,lr_lbfgs,2,16,auroc,0.547370107759484
1765,1765,1429.0,1429.0,,,,new_hypertension,new_hypertension,clinicalbert_type1_mean_pool,lr_lbfgs,2,16,auprc,0.1563989242060759
1766,1766,1430.0,1430.0,,,,new_hypertension,new_hypertension,clinicalbert_type1_mean_pool,lr_lbfgs,2,16,brier,0.249786059849292
1767,1767,1431.0,1431.0,,,,new_hypertension,new_hypertension,clinicalbert_type1_mean_pool,lr_lbfgs,3,16,auroc,0.5414127193961349
1768,1768,1432.0,1432.0,,,,new_hypertension,new_hypertension,clinicalbert_type1_mean_pool,lr_lbfgs,3,16,auprc,0.1458884880560696
1769,1769,1433.0,1433.0,,,,new_hypertension,new_hypertension,clinicalbert_type1_mean_pool,lr_lbfgs,3,16,brier,0.4129617062992994
1770,1770,1434.0,1434.0,,,,new_hypertension,new_hypertension,clinicalbert_type1_mean_pool,lr_lbfgs,4,16,auroc,0.57746035561202
1771,1771,1435.0,1435.0,,,,new_hypertension,new_hypertension,clinicalbert_type1_mean_pool,lr_lbfgs,4,16,auprc,0.1570153897134843
1772,1772,1436.0,1436.0,,,,new_hypertension,new_hypertension,clinicalbert_type1_mean_pool,lr_lbfgs,4,16,brier,0.2609686295306734
1773,1773,1437.0,1437.0,,,,new_hypertension,new_hypertension,clinicalbert_type1_mean_pool,lr_lbfgs,0,24,auroc,0.5969749514996482
1774,1774,1438.0,1438.0,,,,new_hypertension,new_hypertension,clinicalbert_type1_mean_pool,lr_lbfgs,0,24,auprc,0.1607262261729426
1775,1775,1439.0,1439.0,,,,new_hypertension,new_hypertension,clinicalbert_type1_mean_pool,lr_lbfgs,0,24,brier,0.3775840121396542
1776,1776,1440.0,1440.0,,,,new_hypertension,new_hypertension,clinicalbert_type1_mean_pool,lr_lbfgs,1,24,auroc,0.5682238284089024
1777,1777,1441.0,1441.0,,,,new_hypertension,new_hypertension,clinicalbert_type1_mean_pool,lr_lbfgs,1,24,auprc,0.1766236080336546
1778,1778,1442.0,1442.0,,,,new_hypertension,new_hypertension,clinicalbert_type1_mean_pool,lr_lbfgs,1,24,brier,0.233957775796804
1779,1779,1443.0,1443.0,,,,new_hypertension,new_hypertension,clinicalbert_type1_mean_pool,lr_lbfgs,2,24,auroc,0.5693798249981401
1780,1780,1444.0,1444.0,,,,new_hypertension,new_hypertension,clinicalbert_type1_mean_pool,lr_lbfgs,2,24,auprc,0.1564930593057326
1781,1781,1445.0,1445.0,,,,new_hypertension,new_hypertension,clinicalbert_type1_mean_pool,lr_lbfgs,2,24,brier,0.2650706032473169
1782,1782,1446.0,1446.0,,,,new_hypertension,new_hypertension,clinicalbert_type1_mean_pool,lr_lbfgs,3,24,auroc,0.5075368688516148
1783,1783,1447.0,1447.0,,,,new_hypertension,new_hypertension,clinicalbert_type1_mean_pool,lr_lbfgs,3,24,auprc,0.1274807652026957
1784,1784,1448.0,1448.0,,,,new_hypertension,new_hypertension,clinicalbert_type1_mean_pool,lr_lbfgs,3,24,brier,0.4129282720836029
1785,1785,1449.0,1449.0,,,,new_hypertension,new_hypertension,clinicalbert_type1_mean_pool,lr_lbfgs,4,24,auroc,0.5746962647575555
1786,1786,1450.0,1450.0,,,,new_hypertension,new_hypertension,clinicalbert_type1_mean_pool,lr_lbfgs,4,24,auprc,0.1525370982309742
1787,1787,1451.0,1451.0,,,,new_hypertension,new_hypertension,clinicalbert_type1_mean_pool,lr_lbfgs,4,24,brier,0.2603801446797775
1788,1788,1452.0,1452.0,,,,new_hypertension,new_hypertension,clinicalbert_type1_mean_pool,lr_lbfgs,0,32,auroc,0.6112360579371756
1789,1789,1453.0,1453.0,,,,new_hypertension,new_hypertension,clinicalbert_type1_mean_pool,lr_lbfgs,0,32,auprc,0.1837943268120457
1790,1790,1454.0,1454.0,,,,new_hypertension,new_hypertension,clinicalbert_type1_mean_pool,lr_lbfgs,0,32,brier,0.2715477595124976
1791,1791,1455.0,1455.0,,,,new_hypertension,new_hypertension,clinicalbert_type1_mean_pool,lr_lbfgs,1,32,auroc,0.5541057908561815
1792,1792,1456.0,1456.0,,,,new_hypertension,new_hypertension,clinicalbert_type1_mean_pool,lr_lbfgs,1,32,auprc,0.1692014647855491
1793,1793,1457.0,1457.0,,,,new_hypertension,new_hypertension,clinicalbert_type1_mean_pool,lr_lbfgs,1,32,brier,0.2449589405651447
1794,1794,1458.0,1458.0,,,,new_hypertension,new_hypertension,clinicalbert_type1_mean_pool,lr_lbfgs,2,32,auroc,0.6275802473374881
1795,1795,1459.0,1459.0,,,,new_hypertension,new_hypertension,clinicalbert_type1_mean_pool,lr_lbfgs,2,32,auprc,0.1862283285051988
1796,1796,1460.0,1460.0,,,,new_hypertension,new_hypertension,clinicalbert_type1_mean_pool,lr_lbfgs,2,32,brier,0.2499974405438793
1797,1797,1461.0,1461.0,,,,new_hypertension,new_hypertension,clinicalbert_type1_mean_pool,lr_lbfgs,3,32,auroc,0.5013248178733096
1798,1798,1462.0,1462.0,,,,new_hypertension,new_hypertension,clinicalbert_type1_mean_pool,lr_lbfgs,3,32,auprc,0.1284555079261938
1799,1799,1463.0,1463.0,,,,new_hypertension,new_hypertension,clinicalbert_type1_mean_pool,lr_lbfgs,3,32,brier,0.4753463033716035
1800,1800,1464.0,1464.0,,,,new_hypertension,new_hypertension,clinicalbert_type1_mean_pool,lr_lbfgs,4,32,auroc,0.5706273856736541
1801,1801,1465.0,1465.0,,,,new_hypertension,new_hypertension,clinicalbert_type1_mean_pool,lr_lbfgs,4,32,auprc,0.1520915903401213
1802,1802,1466.0,1466.0,,,,new_hypertension,new_hypertension,clinicalbert_type1_mean_pool,lr_lbfgs,4,32,brier,0.238054715729364
1803,1803,1467.0,1467.0,,,,new_hypertension,new_hypertension,clinicalbert_type1_mean_pool,lr_lbfgs,0,48,auroc,0.5810771370199324
1804,1804,1468.0,1468.0,,,,new_hypertension,new_hypertension,clinicalbert_type1_mean_pool,lr_lbfgs,0,48,auprc,0.1510140559329948
1805,1805,1469.0,1469.0,,,,new_hypertension,new_hypertension,clinicalbert_type1_mean_pool,lr_lbfgs,0,48,brier,0.4224642098666013
1806,1806,1470.0,1470.0,,,,new_hypertension,new_hypertension,clinicalbert_type1_mean_pool,lr_lbfgs,1,48,auroc,0.603121190790942
1807,1807,1471.0,1471.0,,,,new_hypertension,new_hypertension,clinicalbert_type1_mean_pool,lr_lbfgs,1,48,auprc,0.1738747273767307
1808,1808,1472.0,1472.0,,,,new_hypertension,new_hypertension,clinicalbert_type1_mean_pool,lr_lbfgs,1,48,brier,0.249997829477842
1809,1809,1473.0,1473.0,,,,new_hypertension,new_hypertension,clinicalbert_type1_mean_pool,lr_lbfgs,2,48,auroc,0.6131131217058389
1810,1810,1474.0,1474.0,,,,new_hypertension,new_hypertension,clinicalbert_type1_mean_pool,lr_lbfgs,2,48,auprc,0.1797564508568597
1811,1811,1475.0,1475.0,,,,new_hypertension,new_hypertension,clinicalbert_type1_mean_pool,lr_lbfgs,2,48,brier,0.2286361515908089
1812,1812,1476.0,1476.0,,,,new_hypertension,new_hypertension,clinicalbert_type1_mean_pool,lr_lbfgs,3,48,auroc,0.564498314648537
1813,1813,1477.0,1477.0,,,,new_hypertension,new_hypertension,clinicalbert_type1_mean_pool,lr_lbfgs,3,48,auprc,0.1464791077794661
1814,1814,1478.0,1478.0,,,,new_hypertension,new_hypertension,clinicalbert_type1_mean_pool,lr_lbfgs,3,48,brier,0.2533752141519526
1815,1815,1479.0,1479.0,,,,new_hypertension,new_hypertension,clinicalbert_type1_mean_pool,lr_lbfgs,4,48,auroc,0.5973869898878912
1816,1816,1480.0,1480.0,,,,new_hypertension,new_hypertension,clinicalbert_type1_mean_pool,lr_lbfgs,4,48,auprc,0.1653592333363879
1817,1817,1481.0,1481.0,,,,new_hypertension,new_hypertension,clinicalbert_type1_mean_pool,lr_lbfgs,4,48,brier,0.235491754907418
1818,1818,1482.0,1482.0,,,,new_hypertension,new_hypertension,clinicalbert_type1_mean_pool,lr_lbfgs,0,64,auroc,0.5825993899542752
1819,1819,1483.0,1483.0,,,,new_hypertension,new_hypertension,clinicalbert_type1_mean_pool,lr_lbfgs,0,64,auprc,0.1545981847057725
1820,1820,1484.0,1484.0,,,,new_hypertension,new_hypertension,clinicalbert_type1_mean_pool,lr_lbfgs,0,64,brier,0.3651244416246804
1821,1821,1485.0,1485.0,,,,new_hypertension,new_hypertension,clinicalbert_type1_mean_pool,lr_lbfgs,1,64,auroc,0.6105951093332418
1822,1822,1486.0,1486.0,,,,new_hypertension,new_hypertension,clinicalbert_type1_mean_pool,lr_lbfgs,1,64,auprc,0.1892803822275189
1823,1823,1487.0,1487.0,,,,new_hypertension,new_hypertension,clinicalbert_type1_mean_pool,lr_lbfgs,1,64,brier,0.2499549533391984
1824,1824,1488.0,1488.0,,,,new_hypertension,new_hypertension,clinicalbert_type1_mean_pool,lr_lbfgs,2,64,auroc,0.6307277628032346
1825,1825,1489.0,1489.0,,,,new_hypertension,new_hypertension,clinicalbert_type1_mean_pool,lr_lbfgs,2,64,auprc,0.18651480847361
1826,1826,1490.0,1490.0,,,,new_hypertension,new_hypertension,clinicalbert_type1_mean_pool,lr_lbfgs,2,64,brier,0.2243541249238563
1827,1827,1491.0,1491.0,,,,new_hypertension,new_hypertension,clinicalbert_type1_mean_pool,lr_lbfgs,3,64,auroc,0.5886998472024311
1828,1828,1492.0,1492.0,,,,new_hypertension,new_hypertension,clinicalbert_type1_mean_pool,lr_lbfgs,3,64,auprc,0.1617904572077503
1829,1829,1493.0,1493.0,,,,new_hypertension,new_hypertension,clinicalbert_type1_mean_pool,lr_lbfgs,3,64,brier,0.2507057994535026
1830,1830,1494.0,1494.0,,,,new_hypertension,new_hypertension,clinicalbert_type1_mean_pool,lr_lbfgs,4,64,auroc,0.6064289434076718
1831,1831,1495.0,1495.0,,,,new_hypertension,new_hypertension,clinicalbert_type1_mean_pool,lr_lbfgs,4,64,auprc,0.1642445983968213
1832,1832,1496.0,1496.0,,,,new_hypertension,new_hypertension,clinicalbert_type1_mean_pool,lr_lbfgs,4,64,brier,0.2305222610315765
1833,1833,1497.0,1497.0,,,,new_hypertension,new_hypertension,clinicalbert_type1_mean_pool,lr_lbfgs,0,128,auroc,0.6241637623683051
1834,1834,1498.0,1498.0,,,,new_hypertension,new_hypertension,clinicalbert_type1_mean_pool,lr_lbfgs,0,128,auprc,0.191633728521145
1835,1835,1499.0,1499.0,,,,new_hypertension,new_hypertension,clinicalbert_type1_mean_pool,lr_lbfgs,0,128,brier,0.2387962975910476
1836,1836,1500.0,1500.0,,,,new_hypertension,new_hypertension,clinicalbert_type1_mean_pool,lr_lbfgs,1,128,auroc,0.6253540954898965
1837,1837,1501.0,1501.0,,,,new_hypertension,new_hypertension,clinicalbert_type1_mean_pool,lr_lbfgs,1,128,auprc,0.1836501381716473
1838,1838,1502.0,1502.0,,,,new_hypertension,new_hypertension,clinicalbert_type1_mean_pool,lr_lbfgs,1,128,brier,0.2338176843355217
1839,1839,1503.0,1503.0,,,,new_hypertension,new_hypertension,clinicalbert_type1_mean_pool,lr_lbfgs,2,128,auroc,0.6426825988176788
1840,1840,1504.0,1504.0,,,,new_hypertension,new_hypertension,clinicalbert_type1_mean_pool,lr_lbfgs,2,128,auprc,0.1915645216855019
1841,1841,1505.0,1505.0,,,,new_hypertension,new_hypertension,clinicalbert_type1_mean_pool,lr_lbfgs,2,128,brier,0.2231458786914407
1842,1842,1506.0,1506.0,,,,new_hypertension,new_hypertension,clinicalbert_type1_mean_pool,lr_lbfgs,3,128,auroc,0.6097996463337167
1843,1843,1507.0,1507.0,,,,new_hypertension,new_hypertension,clinicalbert_type1_mean_pool,lr_lbfgs,3,128,auprc,0.1719480958267584
1844,1844,1508.0,1508.0,,,,new_hypertension,new_hypertension,clinicalbert_type1_mean_pool,lr_lbfgs,3,128,brier,0.2378118546783403
1845,1845,1509.0,1509.0,,,,new_hypertension,new_hypertension,clinicalbert_type1_mean_pool,lr_lbfgs,4,128,auroc,0.6113447902896287
1846,1846,1510.0,1510.0,,,,new_hypertension,new_hypertension,clinicalbert_type1_mean_pool,lr_lbfgs,4,128,auprc,0.1694993118536722
1847,1847,1511.0,1511.0,,,,new_hypertension,new_hypertension,clinicalbert_type1_mean_pool,lr_lbfgs,4,128,brier,0.227402032753494
1848,1848,1512.0,1512.0,,,,new_hypertension,new_hypertension,clinicalbert_type1_mean_pool,knn,0,-1,auroc,0.5561144779988669
1849,1849,1513.0,1513.0,,,,new_hypertension,new_hypertension,clinicalbert_type1_mean_pool,knn,0,-1,auprc,0.1385208360094551
1850,1850,1514.0,1514.0,,,,new_hypertension,new_hypertension,clinicalbert_type1_mean_pool,knn,0,-1,brier,0.1468680445151033
1851,1851,1515.0,1515.0,,,,new_hypertension,new_hypertension,clinicalbert_type1_mean_pool,knn,0,1,auroc,0.4868548308639643
1852,1852,1516.0,1516.0,,,,new_hypertension,new_hypertension,clinicalbert_type1_mean_pool,knn,0,1,auprc,0.1235895090187422
1853,1853,1517.0,1517.0,,,,new_hypertension,new_hypertension,clinicalbert_type1_mean_pool,knn,0,1,brier,0.624006359300477
1854,1854,1518.0,1518.0,,,,new_hypertension,new_hypertension,clinicalbert_type1_mean_pool,knn,1,1,auroc,0.5112280460796264
1855,1855,1519.0,1519.0,,,,new_hypertension,new_hypertension,clinicalbert_type1_mean_pool,knn,1,1,auprc,0.1295216036874241
1856,1856,1520.0,1520.0,,,,new_hypertension,new_hypertension,clinicalbert_type1_mean_pool,knn,1,1,brier,0.1772655007949125
1857,1857,1521.0,1521.0,,,,new_hypertension,new_hypertension,clinicalbert_type1_mean_pool,knn,2,1,auroc,0.4910839470988491
1858,1858,1522.0,1522.0,,,,new_hypertension,new_hypertension,clinicalbert_type1_mean_pool,knn,2,1,auprc,0.1244658892510486
1859,1859,1523.0,1523.0,,,,new_hypertension,new_hypertension,clinicalbert_type1_mean_pool,knn,2,1,brier,0.6542130365659777
1860,1860,1524.0,1524.0,,,,new_hypertension,new_hypertension,clinicalbert_type1_mean_pool,knn,3,1,auroc,0.477950223473598
1861,1861,1525.0,1525.0,,,,new_hypertension,new_hypertension,clinicalbert_type1_mean_pool,knn,3,1,auprc,0.1223958327546932
1862,1862,1526.0,1526.0,,,,new_hypertension,new_hypertension,clinicalbert_type1_mean_pool,knn,3,1,brier,0.2965023847376788
1863,1863,1527.0,1527.0,,,,new_hypertension,new_hypertension,clinicalbert_type1_mean_pool,knn,4,1,auroc,0.5084525097143773
1864,1864,1528.0,1528.0,,,,new_hypertension,new_hypertension,clinicalbert_type1_mean_pool,knn,4,1,auprc,0.1282995706221107
1865,1865,1529.0,1529.0,,,,new_hypertension,new_hypertension,clinicalbert_type1_mean_pool,knn,4,1,brier,0.6144674085850557
1866,1866,1530.0,1530.0,,,,new_hypertension,new_hypertension,clinicalbert_type1_mean_pool,knn,0,2,auroc,0.5157461614618206
1867,1867,1531.0,1531.0,,,,new_hypertension,new_hypertension,clinicalbert_type1_mean_pool,knn,0,2,auprc,0.1300022347931049
1868,1868,1532.0,1532.0,,,,new_hypertension,new_hypertension,clinicalbert_type1_mean_pool,knn,0,2,brier,0.6534181240063593
1869,1869,1533.0,1533.0,,,,new_hypertension,new_hypertension,clinicalbert_type1_mean_pool,knn,1,2,auroc,0.5559370725817065
1870,1870,1534.0,1534.0,,,,new_hypertension,new_hypertension,clinicalbert_type1_mean_pool,knn,1,2,auprc,0.1450457669573359
1871,1871,1535.0,1535.0,,,,new_hypertension,new_hypertension,clinicalbert_type1_mean_pool,knn,1,2,brier,0.1927221338986045
1872,1872,1536.0,1536.0,,,,new_hypertension,new_hypertension,clinicalbert_type1_mean_pool,knn,2,2,auroc,0.5033792870591332
1873,1873,1537.0,1537.0,,,,new_hypertension,new_hypertension,clinicalbert_type1_mean_pool,knn,2,2,auprc,0.1271455905080753
1874,1874,1538.0,1538.0,,,,new_hypertension,new_hypertension,clinicalbert_type1_mean_pool,knn,2,2,brier,0.5246422893481717
1875,1875,1539.0,1539.0,,,,new_hypertension,new_hypertension,clinicalbert_type1_mean_pool,knn,3,2,auroc,0.4967695045810656
1876,1876,1540.0,1540.0,,,,new_hypertension,new_hypertension,clinicalbert_type1_mean_pool,knn,3,2,auprc,0.1256845896611236
1877,1877,1541.0,1541.0,,,,new_hypertension,new_hypertension,clinicalbert_type1_mean_pool,knn,3,2,brier,0.5643879173290938
1878,1878,1542.0,1542.0,,,,new_hypertension,new_hypertension,clinicalbert_type1_mean_pool,knn,4,2,auroc,0.526178744541922
1879,1879,1543.0,1543.0,,,,new_hypertension,new_hypertension,clinicalbert_type1_mean_pool,knn,4,2,auprc,0.1329404689271709
1880,1880,1544.0,1544.0,,,,new_hypertension,new_hypertension,clinicalbert_type1_mean_pool,knn,4,2,brier,0.3720190779014308
1881,1881,1545.0,1545.0,,,,new_hypertension,new_hypertension,clinicalbert_type1_mean_pool,knn,0,4,auroc,0.5913752353483156
1882,1882,1546.0,1546.0,,,,new_hypertension,new_hypertension,clinicalbert_type1_mean_pool,knn,0,4,auprc,0.1541183426250074
1883,1883,1547.0,1547.0,,,,new_hypertension,new_hypertension,clinicalbert_type1_mean_pool,knn,0,4,brier,0.465818759936407
1884,1884,1548.0,1548.0,,,,new_hypertension,new_hypertension,clinicalbert_type1_mean_pool,knn,1,4,auroc,0.5210854922428051
1885,1885,1549.0,1549.0,,,,new_hypertension,new_hypertension,clinicalbert_type1_mean_pool,knn,1,4,auprc,0.1320414505106386
1886,1886,1550.0,1550.0,,,,new_hypertension,new_hypertension,clinicalbert_type1_mean_pool,knn,1,4,brier,0.2455643879173291
1887,1887,1551.0,1551.0,,,,new_hypertension,new_hypertension,clinicalbert_type1_mean_pool,knn,2,4,auroc,0.5372093555605152
1888,1888,1552.0,1552.0,,,,new_hypertension,new_hypertension,clinicalbert_type1_mean_pool,knn,2,4,auprc,0.1354120185535572
1889,1889,1553.0,1553.0,,,,new_hypertension,new_hypertension,clinicalbert_type1_mean_pool,knn,2,4,brier,0.6065182829888712
1890,1890,1554.0,1554.0,,,,new_hypertension,new_hypertension,clinicalbert_type1_mean_pool,knn,3,4,auroc,0.5508552657933742
1891,1891,1555.0,1555.0,,,,new_hypertension,new_hypertension,clinicalbert_type1_mean_pool,knn,3,4,auprc,0.1399593065246994
1892,1892,1556.0,1556.0,,,,new_hypertension,new_hypertension,clinicalbert_type1_mean_pool,knn,3,4,brier,0.4228934817170111
1893,1893,1557.0,1557.0,,,,new_hypertension,new_hypertension,clinicalbert_type1_mean_pool,knn,4,4,auroc,0.4668223256133363
1894,1894,1558.0,1558.0,,,,new_hypertension,new_hypertension,clinicalbert_type1_mean_pool,knn,4,4,auprc,0.1176341170667422
1895,1895,1559.0,1559.0,,,,new_hypertension,new_hypertension,clinicalbert_type1_mean_pool,knn,4,4,brier,0.1852294830566295
1896,1896,1560.0,1560.0,,,,new_hypertension,new_hypertension,clinicalbert_type1_mean_pool,knn,0,8,auroc,0.5953468275905482
1897,1897,1561.0,1561.0,,,,new_hypertension,new_hypertension,clinicalbert_type1_mean_pool,knn,0,8,auprc,0.1554217535795682
1898,1898,1562.0,1562.0,,,,new_hypertension,new_hypertension,clinicalbert_type1_mean_pool,knn,0,8,brier,0.346683584600118
1899,1899,1563.0,1563.0,,,,new_hypertension,new_hypertension,clinicalbert_type1_mean_pool,knn,1,8,auroc,0.5282561047493147
1900,1900,1564.0,1564.0,,,,new_hypertension,new_hypertension,clinicalbert_type1_mean_pool,knn,1,8,auprc,0.1321602104723855
1901,1901,1565.0,1565.0,,,,new_hypertension,new_hypertension,clinicalbert_type1_mean_pool,knn,1,8,brier,0.3776096031652244
1902,1902,1566.0,1566.0,,,,new_hypertension,new_hypertension,clinicalbert_type1_mean_pool,knn,2,8,auroc,0.5267510200811487
1903,1903,1567.0,1567.0,,,,new_hypertension,new_hypertension,clinicalbert_type1_mean_pool,knn,2,8,auprc,0.1334366408469968
1904,1904,1568.0,1568.0,,,,new_hypertension,new_hypertension,clinicalbert_type1_mean_pool,knn,2,8,brier,0.3265321437651339
1905,1905,1569.0,1569.0,,,,new_hypertension,new_hypertension,clinicalbert_type1_mean_pool,knn,3,8,auroc,0.5283734212348561
1906,1906,1570.0,1570.0,,,,new_hypertension,new_hypertension,clinicalbert_type1_mean_pool,knn,3,8,auprc,0.1335369775991307
1907,1907,1571.0,1571.0,,,,new_hypertension,new_hypertension,clinicalbert_type1_mean_pool,knn,3,8,brier,0.3775834658187599
1908,1908,1572.0,1572.0,,,,new_hypertension,new_hypertension,clinicalbert_type1_mean_pool,knn,4,8,auroc,0.5940220097172386
1909,1909,1573.0,1573.0,,,,new_hypertension,new_hypertension,clinicalbert_type1_mean_pool,knn,4,8,auprc,0.158974950771944
1910,1910,1574.0,1574.0,,,,new_hypertension,new_hypertension,clinicalbert_type1_mean_pool,knn,4,8,brier,0.3004769475357711
1911,1911,1575.0,1575.0,,,,new_hypertension,new_hypertension,clinicalbert_type1_mean_pool,knn,0,12,auroc,0.5546866505284965
1912,1912,1576.0,1576.0,,,,new_hypertension,new_hypertension,clinicalbert_type1_mean_pool,knn,0,12,auprc,0.143594427229238
1913,1913,1577.0,1577.0,,,,new_hypertension,new_hypertension,clinicalbert_type1_mean_pool,knn,0,12,brier,0.31293057763646
1914,1914,1578.0,1578.0,,,,new_hypertension,new_hypertension,clinicalbert_type1_mean_pool,knn,1,12,auroc,0.4906003742682027
1915,1915,1579.0,1579.0,,,,new_hypertension,new_hypertension,clinicalbert_type1_mean_pool,knn,1,12,auprc,0.1243758391090379
1916,1916,1580.0,1580.0,,,,new_hypertension,new_hypertension,clinicalbert_type1_mean_pool,knn,1,12,brier,0.5516693163751988
1917,1917,1581.0,1581.0,,,,new_hypertension,new_hypertension,clinicalbert_type1_mean_pool,knn,2,12,auroc,0.524201532553894
1918,1918,1582.0,1582.0,,,,new_hypertension,new_hypertension,clinicalbert_type1_mean_pool,knn,2,12,auprc,0.1321208190134315
1919,1919,1583.0,1583.0,,,,new_hypertension,new_hypertension,clinicalbert_type1_mean_pool,knn,2,12,brier,0.5540540540540541
1920,1920,1584.0,1584.0,,,,new_hypertension,new_hypertension,clinicalbert_type1_mean_pool,knn,3,12,auroc,0.5324680527180227
1921,1921,1585.0,1585.0,,,,new_hypertension,new_hypertension,clinicalbert_type1_mean_pool,knn,3,12,auprc,0.1347373972771041
1922,1922,1586.0,1586.0,,,,new_hypertension,new_hypertension,clinicalbert_type1_mean_pool,knn,3,12,brier,0.3704292527821939
1923,1923,1587.0,1587.0,,,,new_hypertension,new_hypertension,clinicalbert_type1_mean_pool,knn,4,12,auroc,0.517065256579738
1924,1924,1588.0,1588.0,,,,new_hypertension,new_hypertension,clinicalbert_type1_mean_pool,knn,4,12,auprc,0.1305458858541953
1925,1925,1589.0,1589.0,,,,new_hypertension,new_hypertension,clinicalbert_type1_mean_pool,knn,4,12,brier,0.3362480127186009
1926,1926,1590.0,1590.0,,,,new_hypertension,new_hypertension,clinicalbert_type1_mean_pool,knn,0,16,auroc,0.5470811086121746
1927,1927,1591.0,1591.0,,,,new_hypertension,new_hypertension,clinicalbert_type1_mean_pool,knn,0,16,auprc,0.141072915548973
1928,1928,1592.0,1592.0,,,,new_hypertension,new_hypertension,clinicalbert_type1_mean_pool,knn,0,16,brier,0.282543720190779
1929,1929,1593.0,1593.0,,,,new_hypertension,new_hypertension,clinicalbert_type1_mean_pool,knn,1,16,auroc,0.4718268752038732
1930,1930,1594.0,1594.0,,,,new_hypertension,new_hypertension,clinicalbert_type1_mean_pool,knn,1,16,auprc,0.1200557406897161
1931,1931,1595.0,1595.0,,,,new_hypertension,new_hypertension,clinicalbert_type1_mean_pool,knn,1,16,brier,0.3507330860272037
1932,1932,1596.0,1596.0,,,,new_hypertension,new_hypertension,clinicalbert_type1_mean_pool,knn,2,16,auroc,0.5195174572653241
1933,1933,1597.0,1597.0,,,,new_hypertension,new_hypertension,clinicalbert_type1_mean_pool,knn,2,16,auprc,0.1309711187243855
1934,1934,1598.0,1598.0,,,,new_hypertension,new_hypertension,clinicalbert_type1_mean_pool,knn,2,16,brier,0.5246422893481717
1935,1935,1599.0,1599.0,,,,new_hypertension,new_hypertension,clinicalbert_type1_mean_pool,knn,3,16,auroc,0.5253231926107782
1936,1936,1600.0,1600.0,,,,new_hypertension,new_hypertension,clinicalbert_type1_mean_pool,knn,3,16,auprc,0.1325888588052979
1937,1937,1601.0,1601.0,,,,new_hypertension,new_hypertension,clinicalbert_type1_mean_pool,knn,3,16,brier,0.4205087440381558
1938,1938,1602.0,1602.0,,,,new_hypertension,new_hypertension,clinicalbert_type1_mean_pool,knn,4,16,auroc,0.584745423226375
1939,1939,1603.0,1603.0,,,,new_hypertension,new_hypertension,clinicalbert_type1_mean_pool,knn,4,16,auprc,0.1608679547804256
1940,1940,1604.0,1604.0,,,,new_hypertension,new_hypertension,clinicalbert_type1_mean_pool,knn,4,16,brier,0.2362983777085269
1941,1941,1605.0,1605.0,,,,new_hypertension,new_hypertension,clinicalbert_type1_mean_pool,knn,0,24,auroc,0.6073646139143075
1942,1942,1606.0,1606.0,,,,new_hypertension,new_hypertension,clinicalbert_type1_mean_pool,knn,0,24,auprc,0.1648822995050582
1943,1943,1607.0,1607.0,,,,new_hypertension,new_hypertension,clinicalbert_type1_mean_pool,knn,0,24,brier,0.2744038155802862
1944,1944,1608.0,1608.0,,,,new_hypertension,new_hypertension,clinicalbert_type1_mean_pool,knn,1,24,auroc,0.4729885945485032
1945,1945,1609.0,1609.0,,,,new_hypertension,new_hypertension,clinicalbert_type1_mean_pool,knn,1,24,auprc,0.1209535458355665
1946,1946,1610.0,1610.0,,,,new_hypertension,new_hypertension,clinicalbert_type1_mean_pool,knn,1,24,brier,0.2924324324324325
1947,1947,1611.0,1611.0,,,,new_hypertension,new_hypertension,clinicalbert_type1_mean_pool,knn,2,24,auroc,0.5405800584865601
1948,1948,1612.0,1612.0,,,,new_hypertension,new_hypertension,clinicalbert_type1_mean_pool,knn,2,24,auprc,0.1364911255773261
1949,1949,1613.0,1613.0,,,,new_hypertension,new_hypertension,clinicalbert_type1_mean_pool,knn,2,24,brier,0.5254372019077902
1950,1950,1614.0,1614.0,,,,new_hypertension,new_hypertension,clinicalbert_type1_mean_pool,knn,3,24,auroc,0.4881023915394785
1951,1951,1615.0,1615.0,,,,new_hypertension,new_hypertension,clinicalbert_type1_mean_pool,knn,3,24,auprc,0.1273924795118128
1952,1952,1616.0,1616.0,,,,new_hypertension,new_hypertension,clinicalbert_type1_mean_pool,knn,3,24,brier,0.3017255980338451
1953,1953,1617.0,1617.0,,,,new_hypertension,new_hypertension,clinicalbert_type1_mean_pool,knn,4,24,auroc,0.557210385656486
1954,1954,1618.0,1618.0,,,,new_hypertension,new_hypertension,clinicalbert_type1_mean_pool,knn,4,24,auprc,0.1426688247778982
1955,1955,1619.0,1619.0,,,,new_hypertension,new_hypertension,clinicalbert_type1_mean_pool,knn,4,24,brier,0.3600953895071542
1956,1956,1620.0,1620.0,,,,new_hypertension,new_hypertension,clinicalbert_type1_mean_pool,knn,0,32,auroc,0.5891433607453317
1957,1957,1621.0,1621.0,,,,new_hypertension,new_hypertension,clinicalbert_type1_mean_pool,knn,0,32,auprc,0.166279724616978
1958,1958,1622.0,1622.0,,,,new_hypertension,new_hypertension,clinicalbert_type1_mean_pool,knn,0,32,brier,0.2878537360890302
1959,1959,1623.0,1623.0,,,,new_hypertension,new_hypertension,clinicalbert_type1_mean_pool,knn,1,32,auroc,0.4961972290418391
1960,1960,1624.0,1624.0,,,,new_hypertension,new_hypertension,clinicalbert_type1_mean_pool,knn,1,32,auprc,0.126292084199829
1961,1961,1625.0,1625.0,,,,new_hypertension,new_hypertension,clinicalbert_type1_mean_pool,knn,1,32,brier,0.3151351351351352
1962,1962,1626.0,1626.0,,,,new_hypertension,new_hypertension,clinicalbert_type1_mean_pool,knn,2,32,auroc,0.5246965508953251
1963,1963,1627.0,1627.0,,,,new_hypertension,new_hypertension,clinicalbert_type1_mean_pool,knn,2,32,auprc,0.1322510079446816
1964,1964,1628.0,1628.0,,,,new_hypertension,new_hypertension,clinicalbert_type1_mean_pool,knn,2,32,brier,0.548489666136725
1965,1965,1629.0,1629.0,,,,new_hypertension,new_hypertension,clinicalbert_type1_mean_pool,knn,3,32,auroc,0.5026067150811773
1966,1966,1630.0,1630.0,,,,new_hypertension,new_hypertension,clinicalbert_type1_mean_pool,knn,3,32,auprc,0.1269858545590747
1967,1967,1631.0,1631.0,,,,new_hypertension,new_hypertension,clinicalbert_type1_mean_pool,knn,3,32,brier,0.2974880763116057
1968,1968,1632.0,1632.0,,,,new_hypertension,new_hypertension,clinicalbert_type1_mean_pool,knn,4,32,auroc,0.5334523666454924
1969,1969,1633.0,1633.0,,,,new_hypertension,new_hypertension,clinicalbert_type1_mean_pool,knn,4,32,auprc,0.1307451921793318
1970,1970,1634.0,1634.0,,,,new_hypertension,new_hypertension,clinicalbert_type1_mean_pool,knn,4,32,brier,0.2778027222409515
1971,1971,1635.0,1635.0,,,,new_hypertension,new_hypertension,clinicalbert_type1_mean_pool,knn,0,48,auroc,0.5678375424199243
1972,1972,1636.0,1636.0,,,,new_hypertension,new_hypertension,clinicalbert_type1_mean_pool,knn,0,48,auprc,0.1450623797331413
1973,1973,1637.0,1637.0,,,,new_hypertension,new_hypertension,clinicalbert_type1_mean_pool,knn,0,48,brier,0.2864334923158453
1974,1974,1638.0,1638.0,,,,new_hypertension,new_hypertension,clinicalbert_type1_mean_pool,knn,1,48,auroc,0.5414441945507923
1975,1975,1639.0,1639.0,,,,new_hypertension,new_hypertension,clinicalbert_type1_mean_pool,knn,1,48,auprc,0.1438119792842918
1976,1976,1640.0,1640.0,,,,new_hypertension,new_hypertension,clinicalbert_type1_mean_pool,knn,1,48,brier,0.275242853616723
1977,1977,1641.0,1641.0,,,,new_hypertension,new_hypertension,clinicalbert_type1_mean_pool,knn,2,48,auroc,0.5191025574993848
1978,1978,1642.0,1642.0,,,,new_hypertension,new_hypertension,clinicalbert_type1_mean_pool,knn,2,48,auprc,0.1308708107004984
1979,1979,1643.0,1643.0,,,,new_hypertension,new_hypertension,clinicalbert_type1_mean_pool,knn,2,48,brier,0.5206677265500795
1980,1980,1644.0,1644.0,,,,new_hypertension,new_hypertension,clinicalbert_type1_mean_pool,knn,3,48,auroc,0.4975191855374525
1981,1981,1645.0,1645.0,,,,new_hypertension,new_hypertension,clinicalbert_type1_mean_pool,knn,3,48,auprc,0.1288948420115113
1982,1982,1646.0,1646.0,,,,new_hypertension,new_hypertension,clinicalbert_type1_mean_pool,knn,3,48,brier,0.3111923688394277
1983,1983,1647.0,1647.0,,,,new_hypertension,new_hypertension,clinicalbert_type1_mean_pool,knn,4,48,auroc,0.5541887708093693
1984,1984,1648.0,1648.0,,,,new_hypertension,new_hypertension,clinicalbert_type1_mean_pool,knn,4,48,auprc,0.138769484702761
1985,1985,1649.0,1649.0,,,,new_hypertension,new_hypertension,clinicalbert_type1_mean_pool,knn,4,48,brier,0.3056880409821586
1986,1986,1650.0,1650.0,,,,new_hypertension,new_hypertension,clinicalbert_type1_mean_pool,knn,0,64,auroc,0.5592791617307902
1987,1987,1651.0,1651.0,,,,new_hypertension,new_hypertension,clinicalbert_type1_mean_pool,knn,0,64,auprc,0.1477942374092746
1988,1988,1652.0,1652.0,,,,new_hypertension,new_hypertension,clinicalbert_type1_mean_pool,knn,0,64,brier,0.2641166614744371
1989,1989,1653.0,1653.0,,,,new_hypertension,new_hypertension,clinicalbert_type1_mean_pool,knn,1,64,auroc,0.5576481764439942
1990,1990,1654.0,1654.0,,,,new_hypertension,new_hypertension,clinicalbert_type1_mean_pool,knn,1,64,auprc,0.1554232772975656
1991,1991,1655.0,1655.0,,,,new_hypertension,new_hypertension,clinicalbert_type1_mean_pool,knn,1,64,brier,0.3078456201694825
1992,1992,1656.0,1656.0,,,,new_hypertension,new_hypertension,clinicalbert_type1_mean_pool,knn,2,64,auroc,0.5622950538225144
1993,1993,1657.0,1657.0,,,,new_hypertension,new_hypertension,clinicalbert_type1_mean_pool,knn,2,64,auprc,0.1420620761796686
1994,1994,1658.0,1658.0,,,,new_hypertension,new_hypertension,clinicalbert_type1_mean_pool,knn,2,64,brier,0.3514479565952448
1995,1995,1659.0,1659.0,,,,new_hypertension,new_hypertension,clinicalbert_type1_mean_pool,knn,3,64,auroc,0.564112028659559
1996,1996,1660.0,1660.0,,,,new_hypertension,new_hypertension,clinicalbert_type1_mean_pool,knn,3,64,auprc,0.1563287293832916
1997,1997,1661.0,1661.0,,,,new_hypertension,new_hypertension,clinicalbert_type1_mean_pool,knn,3,64,brier,0.3151350136718669
1998,1998,1662.0,1662.0,,,,new_hypertension,new_hypertension,clinicalbert_type1_mean_pool,knn,4,64,auroc,0.5639031480877413
1999,1999,1663.0,1663.0,,,,new_hypertension,new_hypertension,clinicalbert_type1_mean_pool,knn,4,64,auprc,0.1448539984458339
2000,2000,1664.0,1664.0,,,,new_hypertension,new_hypertension,clinicalbert_type1_mean_pool,knn,4,64,brier,0.2770111287758346
2001,2001,1665.0,1665.0,,,,new_hypertension,new_hypertension,clinicalbert_type1_mean_pool,knn,0,128,auroc,0.581886906907938
2002,2002,1666.0,1666.0,,,,new_hypertension,new_hypertension,clinicalbert_type1_mean_pool,knn,0,128,auprc,0.1523826269380767
2003,2003,1667.0,1667.0,,,,new_hypertension,new_hypertension,clinicalbert_type1_mean_pool,knn,0,128,brier,0.2795740792333443
2004,2004,1668.0,1668.0,,,,new_hypertension,new_hypertension,clinicalbert_type1_mean_pool,knn,1,128,auroc,0.6107267327072639
2005,2005,1669.0,1669.0,,,,new_hypertension,new_hypertension,clinicalbert_type1_mean_pool,knn,1,128,auprc,0.1729166760297815
2006,2006,1670.0,1670.0,,,,new_hypertension,new_hypertension,clinicalbert_type1_mean_pool,knn,1,128,brier,0.3074625132106177
2007,2007,1671.0,1671.0,,,,new_hypertension,new_hypertension,clinicalbert_type1_mean_pool,knn,2,128,auroc,0.5690965486062229
2008,2008,1672.0,1672.0,,,,new_hypertension,new_hypertension,clinicalbert_type1_mean_pool,knn,2,128,auprc,0.1489172398838222
2009,2009,1673.0,1673.0,,,,new_hypertension,new_hypertension,clinicalbert_type1_mean_pool,knn,2,128,brier,0.3004451510333863
2010,2010,1674.0,1674.0,,,,new_hypertension,new_hypertension,clinicalbert_type1_mean_pool,knn,3,128,auroc,0.5822903611630929
2011,2011,1675.0,1675.0,,,,new_hypertension,new_hypertension,clinicalbert_type1_mean_pool,knn,3,128,auprc,0.1444258860832449
2012,2012,1676.0,1676.0,,,,new_hypertension,new_hypertension,clinicalbert_type1_mean_pool,knn,3,128,brier,0.3435535100793855
2013,2013,1677.0,1677.0,,,,new_hypertension,new_hypertension,clinicalbert_type1_mean_pool,knn,4,128,auroc,0.5663524873956313
2014,2014,1678.0,1678.0,,,,new_hypertension,new_hypertension,clinicalbert_type1_mean_pool,knn,4,128,auprc,0.1477219927574635
2015,2015,1679.0,1679.0,,,,new_hypertension,new_hypertension,clinicalbert_type1_mean_pool,knn,4,128,brier,0.3320230303916837
2016,2016,1680.0,1680.0,,,,new_hypertension,new_hypertension,clinicalbert_type1_mean_pool,rf,0,-1,auroc,0.6190876783353649
2017,2017,1681.0,1681.0,,,,new_hypertension,new_hypertension,clinicalbert_type1_mean_pool,rf,0,-1,auprc,0.1727556857493943
2018,2018,1682.0,1682.0,,,,new_hypertension,new_hypertension,clinicalbert_type1_mean_pool,rf,0,-1,brier,0.1089722764182012
2019,2019,1683.0,1683.0,,,,new_hypertension,new_hypertension,clinicalbert_type1_mean_pool,rf,0,1,auroc,0.4284312210643181
2020,2020,1684.0,1684.0,,,,new_hypertension,new_hypertension,clinicalbert_type1_mean_pool,rf,0,1,auprc,0.1091266402200142
2021,2021,1685.0,1685.0,,,,new_hypertension,new_hypertension,clinicalbert_type1_mean_pool,rf,0,1,brier,0.4611983306836248
2022,2022,1686.0,1686.0,,,,new_hypertension,new_hypertension,clinicalbert_type1_mean_pool,rf,1,1,auroc,0.5246278778306179
2023,2023,1687.0,1687.0,,,,new_hypertension,new_hypertension,clinicalbert_type1_mean_pool,rf,1,1,auprc,0.1382957746363671
2024,2024,1688.0,1688.0,,,,new_hypertension,new_hypertension,clinicalbert_type1_mean_pool,rf,1,1,brier,0.3459360095389507
2025,2025,1689.0,1689.0,,,,new_hypertension,new_hypertension,clinicalbert_type1_mean_pool,rf,2,1,auroc,0.4408152637331822
2026,2026,1690.0,1690.0,,,,new_hypertension,new_hypertension,clinicalbert_type1_mean_pool,rf,2,1,auprc,0.1073706225317793
2027,2027,1691.0,1691.0,,,,new_hypertension,new_hypertension,clinicalbert_type1_mean_pool,rf,2,1,brier,0.2408925543190249
2028,2028,1692.0,1692.0,,,,new_hypertension,new_hypertension,clinicalbert_type1_mean_pool,rf,3,1,auroc,0.4813895994643501
2029,2029,1693.0,1693.0,,,,new_hypertension,new_hypertension,clinicalbert_type1_mean_pool,rf,3,1,auprc,0.1211029899783916
2030,2030,1694.0,1694.0,,,,new_hypertension,new_hypertension,clinicalbert_type1_mean_pool,rf,3,1,brier,0.284743640699523
2031,2031,1695.0,1695.0,,,,new_hypertension,new_hypertension,clinicalbert_type1_mean_pool,rf,4,1,auroc,0.4364316331027063
2032,2032,1696.0,1696.0,,,,new_hypertension,new_hypertension,clinicalbert_type1_mean_pool,rf,4,1,auprc,0.1129440856491249
2033,2033,1697.0,1697.0,,,,new_hypertension,new_hypertension,clinicalbert_type1_mean_pool,rf,4,1,brier,0.5617965023847377
2034,2034,1698.0,1698.0,,,,new_hypertension,new_hypertension,clinicalbert_type1_mean_pool,rf,0,2,auroc,0.5594193692379007
2035,2035,1699.0,1699.0,,,,new_hypertension,new_hypertension,clinicalbert_type1_mean_pool,rf,0,2,auprc,0.1454728318902339
2036,2036,1700.0,1700.0,,,,new_hypertension,new_hypertension,clinicalbert_type1_mean_pool,rf,0,2,brier,0.3478716216216216
2037,2037,1701.0,1701.0,,,,new_hypertension,new_hypertension,clinicalbert_type1_mean_pool,rf,1,2,auroc,0.6129786369541206
2038,2038,1702.0,1702.0,,,,new_hypertension,new_hypertension,clinicalbert_type1_mean_pool,rf,1,2,auprc,0.1938253913444033
2039,2039,1703.0,1703.0,,,,new_hypertension,new_hypertension,clinicalbert_type1_mean_pool,rf,1,2,brier,0.2623344285461932
2040,2040,1704.0,1704.0,,,,new_hypertension,new_hypertension,clinicalbert_type1_mean_pool,rf,2,2,auroc,0.5139148797362955
2041,2041,1705.0,1705.0,,,,new_hypertension,new_hypertension,clinicalbert_type1_mean_pool,rf,2,2,auprc,0.124134180066166
2042,2042,1706.0,1706.0,,,,new_hypertension,new_hypertension,clinicalbert_type1_mean_pool,rf,2,2,brier,0.2595153418124006
2043,2043,1707.0,1707.0,,,,new_hypertension,new_hypertension,clinicalbert_type1_mean_pool,rf,3,2,auroc,0.570069417022908
2044,2044,1708.0,1708.0,,,,new_hypertension,new_hypertension,clinicalbert_type1_mean_pool,rf,3,2,auprc,0.1527844587507123
2045,2045,1709.0,1709.0,,,,new_hypertension,new_hypertension,clinicalbert_type1_mean_pool,rf,3,2,brier,0.2710254372019078
2046,2046,1710.0,1710.0,,,,new_hypertension,new_hypertension,clinicalbert_type1_mean_pool,rf,4,2,auroc,0.4996852484534254
2047,2047,1711.0,1711.0,,,,new_hypertension,new_hypertension,clinicalbert_type1_mean_pool,rf,4,2,auprc,0.1257791717231008
2048,2048,1712.0,1712.0,,,,new_hypertension,new_hypertension,clinicalbert_type1_mean_pool,rf,4,2,brier,0.2267885532591415
2049,2049,1713.0,1713.0,,,,new_hypertension,new_hypertension,clinicalbert_type1_mean_pool,rf,0,4,auroc,0.5814004726995954
2050,2050,1714.0,1714.0,,,,new_hypertension,new_hypertension,clinicalbert_type1_mean_pool,rf,0,4,auprc,0.1618628304118867
2051,2051,1715.0,1715.0,,,,new_hypertension,new_hypertension,clinicalbert_type1_mean_pool,rf,0,4,brier,0.278103974562798
2052,2052,1716.0,1716.0,,,,new_hypertension,new_hypertension,clinicalbert_type1_mean_pool,rf,1,4,auroc,0.5082751042972171
2053,2053,1717.0,1717.0,,,,new_hypertension,new_hypertension,clinicalbert_type1_mean_pool,rf,1,4,auprc,0.1291445740835118
2054,2054,1718.0,1718.0,,,,new_hypertension,new_hypertension,clinicalbert_type1_mean_pool,rf,1,4,brier,0.4324165341812401
2055,2055,1719.0,1719.0,,,,new_hypertension,new_hypertension,clinicalbert_type1_mean_pool,rf,2,4,auroc,0.5633995456132218
2056,2056,1720.0,1720.0,,,,new_hypertension,new_hypertension,clinicalbert_type1_mean_pool,rf,2,4,auprc,0.1417574888472585
2057,2057,1721.0,1721.0,,,,new_hypertension,new_hypertension,clinicalbert_type1_mean_pool,rf,2,4,brier,0.3127424483306836
2058,2058,1722.0,1722.0,,,,new_hypertension,new_hypertension,clinicalbert_type1_mean_pool,rf,3,4,auroc,0.5740867913082791
2059,2059,1723.0,1723.0,,,,new_hypertension,new_hypertension,clinicalbert_type1_mean_pool,rf,3,4,auprc,0.1638285804181276
2060,2060,1724.0,1724.0,,,,new_hypertension,new_hypertension,clinicalbert_type1_mean_pool,rf,3,4,brier,0.2873052464228935
2061,2061,1725.0,1725.0,,,,new_hypertension,new_hypertension,clinicalbert_type1_mean_pool,rf,4,4,auroc,0.456778889899909
2062,2062,1726.0,1726.0,,,,new_hypertension,new_hypertension,clinicalbert_type1_mean_pool,rf,4,4,auprc,0.1144515314028185
2063,2063,1727.0,1727.0,,,,new_hypertension,new_hypertension,clinicalbert_type1_mean_pool,rf,4,4,brier,0.2487281399046104
2064,2064,1728.0,1728.0,,,,new_hypertension,new_hypertension,clinicalbert_type1_mean_pool,rf,0,8,auroc,0.5860902707435576
2065,2065,1729.0,1729.0,,,,new_hypertension,new_hypertension,clinicalbert_type1_mean_pool,rf,0,8,auprc,0.1700405876588576
2066,2066,1730.0,1730.0,,,,new_hypertension,new_hypertension,clinicalbert_type1_mean_pool,rf,0,8,brier,0.2471685214626391
2067,2067,1731.0,1731.0,,,,new_hypertension,new_hypertension,clinicalbert_type1_mean_pool,rf,1,8,auroc,0.5458478548251411
2068,2068,1732.0,1732.0,,,,new_hypertension,new_hypertension,clinicalbert_type1_mean_pool,rf,1,8,auprc,0.1446419326989471
2069,2069,1733.0,1733.0,,,,new_hypertension,new_hypertension,clinicalbert_type1_mean_pool,rf,1,8,brier,0.3013950715421303
2070,2070,1734.0,1734.0,,,,new_hypertension,new_hypertension,clinicalbert_type1_mean_pool,rf,2,8,auroc,0.5409033941662231
2071,2071,1735.0,1735.0,,,,new_hypertension,new_hypertension,clinicalbert_type1_mean_pool,rf,2,8,auprc,0.1392980521310319
2072,2072,1736.0,1736.0,,,,new_hypertension,new_hypertension,clinicalbert_type1_mean_pool,rf,2,8,brier,0.2574088235294117
2073,2073,1737.0,1737.0,,,,new_hypertension,new_hypertension,clinicalbert_type1_mean_pool,rf,3,8,auroc,0.5721839751403507
2074,2074,1738.0,1738.0,,,,new_hypertension,new_hypertension,clinicalbert_type1_mean_pool,rf,3,8,auprc,0.152184853185245
2075,2075,1739.0,1739.0,,,,new_hypertension,new_hypertension,clinicalbert_type1_mean_pool,rf,3,8,brier,0.2925825119236884
2076,2076,1740.0,1740.0,,,,new_hypertension,new_hypertension,clinicalbert_type1_mean_pool,rf,4,8,auroc,0.5189451817260975
2077,2077,1741.0,1741.0,,,,new_hypertension,new_hypertension,clinicalbert_type1_mean_pool,rf,4,8,auprc,0.1344005583887945
2078,2078,1742.0,1742.0,,,,new_hypertension,new_hypertension,clinicalbert_type1_mean_pool,rf,4,8,brier,0.2506149443561208
2079,2079,1743.0,1743.0,,,,new_hypertension,new_hypertension,clinicalbert_type1_mean_pool,rf,0,12,auroc,0.5611104434563153
2080,2080,1744.0,1744.0,,,,new_hypertension,new_hypertension,clinicalbert_type1_mean_pool,rf,0,12,auprc,0.1420215096241571
2081,2081,1745.0,1745.0,,,,new_hypertension,new_hypertension,clinicalbert_type1_mean_pool,rf,0,12,brier,0.3077662957074721
2082,2082,1746.0,1746.0,,,,new_hypertension,new_hypertension,clinicalbert_type1_mean_pool,rf,1,12,auroc,0.5180009270863736
2083,2083,1747.0,1747.0,,,,new_hypertension,new_hypertension,clinicalbert_type1_mean_pool,rf,1,12,auprc,0.1442723611695946
2084,2084,1748.0,1748.0,,,,new_hypertension,new_hypertension,clinicalbert_type1_mean_pool,rf,1,12,brier,0.3249475357710651
2085,2085,1749.0,1749.0,,,,new_hypertension,new_hypertension,clinicalbert_type1_mean_pool,rf,2,12,auroc,0.5568813272214306
2086,2086,1750.0,1750.0,,,,new_hypertension,new_hypertension,clinicalbert_type1_mean_pool,rf,2,12,auprc,0.1509671118760727
2087,2087,1751.0,1751.0,,,,new_hypertension,new_hypertension,clinicalbert_type1_mean_pool,rf,2,12,brier,0.2415763116057233
2088,2088,1752.0,1752.0,,,,new_hypertension,new_hypertension,clinicalbert_type1_mean_pool,rf,3,12,auroc,0.5403969303140076
2089,2089,1753.0,1753.0,,,,new_hypertension,new_hypertension,clinicalbert_type1_mean_pool,rf,3,12,auprc,0.1407013231808839
2090,2090,1754.0,1754.0,,,,new_hypertension,new_hypertension,clinicalbert_type1_mean_pool,rf,3,12,brier,0.2705246422893482
2091,2091,1755.0,1755.0,,,,new_hypertension,new_hypertension,clinicalbert_type1_mean_pool,rf,4,12,auroc,0.476917266125294
2092,2092,1756.0,1756.0,,,,new_hypertension,new_hypertension,clinicalbert_type1_mean_pool,rf,4,12,auprc,0.1220765793358455
2093,2093,1757.0,1757.0,,,,new_hypertension,new_hypertension,clinicalbert_type1_mean_pool,rf,4,12,brier,0.2449847376788553
2094,2094,1758.0,1758.0,,,,new_hypertension,new_hypertension,clinicalbert_type1_mean_pool,rf,0,16,auroc,0.6057565196490806
2095,2095,1759.0,1759.0,,,,new_hypertension,new_hypertension,clinicalbert_type1_mean_pool,rf,0,16,auprc,0.1685261256649222
2096,2096,1760.0,1760.0,,,,new_hypertension,new_hypertension,clinicalbert_type1_mean_pool,rf,0,16,brier,0.280818759936407
2097,2097,1761.0,1761.0,,,,new_hypertension,new_hypertension,clinicalbert_type1_mean_pool,rf,1,16,auroc,0.5329373186601885
2098,2098,1762.0,1762.0,,,,new_hypertension,new_hypertension,clinicalbert_type1_mean_pool,rf,1,16,auprc,0.1438384046803106
2099,2099,1763.0,1763.0,,,,new_hypertension,new_hypertension,clinicalbert_type1_mean_pool,rf,1,16,brier,0.290839256362984
2100,2100,1764.0,1764.0,,,,new_hypertension,new_hypertension,clinicalbert_type1_mean_pool,rf,2,16,auroc,0.5107559187597644
2101,2101,1765.0,1765.0,,,,new_hypertension,new_hypertension,clinicalbert_type1_mean_pool,rf,2,16,auprc,0.1309505281644274
2102,2102,1766.0,1766.0,,,,new_hypertension,new_hypertension,clinicalbert_type1_mean_pool,rf,2,16,brier,0.2399821144674085
2103,2103,1767.0,1767.0,,,,new_hypertension,new_hypertension,clinicalbert_type1_mean_pool,rf,3,16,auroc,0.5241986711761979
2104,2104,1768.0,1768.0,,,,new_hypertension,new_hypertension,clinicalbert_type1_mean_pool,rf,3,16,auprc,0.1475987545603211
2105,2105,1769.0,1769.0,,,,new_hypertension,new_hypertension,clinicalbert_type1_mean_pool,rf,3,16,brier,0.3054133545310016
2106,2106,1770.0,1770.0,,,,new_hypertension,new_hypertension,clinicalbert_type1_mean_pool,rf,4,16,auroc,0.5939161387424817
2107,2107,1771.0,1771.0,,,,new_hypertension,new_hypertension,clinicalbert_type1_mean_pool,rf,4,16,auprc,0.2009130110505165
2108,2108,1772.0,1772.0,,,,new_hypertension,new_hypertension,clinicalbert_type1_mean_pool,rf,4,16,brier,0.2575798887122417
2109,2109,1773.0,1773.0,,,,new_hypertension,new_hypertension,clinicalbert_type1_mean_pool,rf,0,24,auroc,0.612789786026176
2110,2110,1774.0,1774.0,,,,new_hypertension,new_hypertension,clinicalbert_type1_mean_pool,rf,0,24,auprc,0.1911698565276626
2111,2111,1775.0,1775.0,,,,new_hypertension,new_hypertension,clinicalbert_type1_mean_pool,rf,0,24,brier,0.2709460031753098
2112,2112,1776.0,1776.0,,,,new_hypertension,new_hypertension,clinicalbert_type1_mean_pool,rf,1,24,auroc,0.5369833067225207
2113,2113,1777.0,1777.0,,,,new_hypertension,new_hypertension,clinicalbert_type1_mean_pool,rf,1,24,auprc,0.1481026632481838
2114,2114,1778.0,1778.0,,,,new_hypertension,new_hypertension,clinicalbert_type1_mean_pool,rf,1,24,brier,0.2717965023847377
2115,2115,1779.0,1779.0,,,,new_hypertension,new_hypertension,clinicalbert_type1_mean_pool,rf,2,24,auroc,0.6225985887685201
2116,2116,1780.0,1780.0,,,,new_hypertension,new_hypertension,clinicalbert_type1_mean_pool,rf,2,24,auprc,0.1726197366024111
2117,2117,1781.0,1781.0,,,,new_hypertension,new_hypertension,clinicalbert_type1_mean_pool,rf,2,24,brier,0.2336667726550079
2118,2118,1782.0,1782.0,,,,new_hypertension,new_hypertension,clinicalbert_type1_mean_pool,rf,3,24,auroc,0.4973303346095078
2119,2119,1783.0,1783.0,,,,new_hypertension,new_hypertension,clinicalbert_type1_mean_pool,rf,3,24,auprc,0.1179256145013652
2120,2120,1784.0,1784.0,,,,new_hypertension,new_hypertension,clinicalbert_type1_mean_pool,rf,3,24,brier,0.2677275039745628
2121,2121,1785.0,1785.0,,,,new_hypertension,new_hypertension,clinicalbert_type1_mean_pool,rf,4,24,auroc,0.5642150382566198
2122,2122,1786.0,1786.0,,,,new_hypertension,new_hypertension,clinicalbert_type1_mean_pool,rf,4,24,auprc,0.1540863799021183
2123,2123,1787.0,1787.0,,,,new_hypertension,new_hypertension,clinicalbert_type1_mean_pool,rf,4,24,brier,0.2521383147853736
2124,2124,1788.0,1788.0,,,,new_hypertension,new_hypertension,clinicalbert_type1_mean_pool,rf,0,32,auroc,0.622378262685918
2125,2125,1789.0,1789.0,,,,new_hypertension,new_hypertension,clinicalbert_type1_mean_pool,rf,0,32,auprc,0.1857347728284472
2126,2126,1790.0,1790.0,,,,new_hypertension,new_hypertension,clinicalbert_type1_mean_pool,rf,0,32,brier,0.2559209697435354
2127,2127,1791.0,1791.0,,,,new_hypertension,new_hypertension,clinicalbert_type1_mean_pool,rf,1,32,auroc,0.5404284054686651
2128,2128,1792.0,1792.0,,,,new_hypertension,new_hypertension,clinicalbert_type1_mean_pool,rf,1,32,auprc,0.14089428085567
2129,2129,1793.0,1793.0,,,,new_hypertension,new_hypertension,clinicalbert_type1_mean_pool,rf,1,32,brier,0.2586248012718601
2130,2130,1794.0,1794.0,,,,new_hypertension,new_hypertension,clinicalbert_type1_mean_pool,rf,2,32,auroc,0.5973240395785763
2131,2131,1795.0,1795.0,,,,new_hypertension,new_hypertension,clinicalbert_type1_mean_pool,rf,2,32,auprc,0.154134845608595
2132,2132,1796.0,1796.0,,,,new_hypertension,new_hypertension,clinicalbert_type1_mean_pool,rf,2,32,brier,0.2352941176470588
2133,2133,1797.0,1797.0,,,,new_hypertension,new_hypertension,clinicalbert_type1_mean_pool,rf,3,32,auroc,0.5081034216354491
2134,2134,1798.0,1798.0,,,,new_hypertension,new_hypertension,clinicalbert_type1_mean_pool,rf,3,32,auprc,0.1303525991749388
2135,2135,1799.0,1799.0,,,,new_hypertension,new_hypertension,clinicalbert_type1_mean_pool,rf,3,32,brier,0.310491300123653
2136,2136,1800.0,1800.0,,,,new_hypertension,new_hypertension,clinicalbert_type1_mean_pool,rf,4,32,auroc,0.5487950738521583
2137,2137,1801.0,1801.0,,,,new_hypertension,new_hypertension,clinicalbert_type1_mean_pool,rf,4,32,auprc,0.1456684861240376
2138,2138,1802.0,1802.0,,,,new_hypertension,new_hypertension,clinicalbert_type1_mean_pool,rf,4,32,brier,0.2516305503618097
2139,2139,1803.0,1803.0,,,,new_hypertension,new_hypertension,clinicalbert_type1_mean_pool,rf,0,48,auroc,0.584444978568281
2140,2140,1804.0,1804.0,,,,new_hypertension,new_hypertension,clinicalbert_type1_mean_pool,rf,0,48,auprc,0.1544125932264932
2141,2141,1805.0,1805.0,,,,new_hypertension,new_hypertension,clinicalbert_type1_mean_pool,rf,0,48,brier,0.249356120826709
2142,2142,1806.0,1806.0,,,,new_hypertension,new_hypertension,clinicalbert_type1_mean_pool,rf,1,48,auroc,0.5641835631019624
2143,2143,1807.0,1807.0,,,,new_hypertension,new_hypertension,clinicalbert_type1_mean_pool,rf,1,48,auprc,0.1609554996410678
2144,2144,1808.0,1808.0,,,,new_hypertension,new_hypertension,clinicalbert_type1_mean_pool,rf,1,48,brier,0.2566864983056649
2145,2145,1809.0,1809.0,,,,new_hypertension,new_hypertension,clinicalbert_type1_mean_pool,rf,2,48,auroc,0.616466656365707
2146,2146,1810.0,1810.0,,,,new_hypertension,new_hypertension,clinicalbert_type1_mean_pool,rf,2,48,auprc,0.1776462261462697
2147,2147,1811.0,1811.0,,,,new_hypertension,new_hypertension,clinicalbert_type1_mean_pool,rf,2,48,brier,0.2321163825982334
2148,2148,1812.0,1812.0,,,,new_hypertension,new_hypertension,clinicalbert_type1_mean_pool,rf,3,48,auroc,0.559365003061674
2149,2149,1813.0,1813.0,,,,new_hypertension,new_hypertension,clinicalbert_type1_mean_pool,rf,3,48,auprc,0.1500191772968715
2150,2150,1814.0,1814.0,,,,new_hypertension,new_hypertension,clinicalbert_type1_mean_pool,rf,3,48,brier,0.2806617647058823
2151,2151,1815.0,1815.0,,,,new_hypertension,new_hypertension,clinicalbert_type1_mean_pool,rf,4,48,auroc,0.5763673093320973
2152,2152,1816.0,1816.0,,,,new_hypertension,new_hypertension,clinicalbert_type1_mean_pool,rf,4,48,auprc,0.1530957148092373
2153,2153,1817.0,1817.0,,,,new_hypertension,new_hypertension,clinicalbert_type1_mean_pool,rf,4,48,brier,0.2577641500311319
2154,2154,1818.0,1818.0,,,,new_hypertension,new_hypertension,clinicalbert_type1_mean_pool,rf,0,64,auroc,0.6509920396472493
2155,2155,1819.0,1819.0,,,,new_hypertension,new_hypertension,clinicalbert_type1_mean_pool,rf,0,64,auprc,0.1909296310187384
2156,2156,1820.0,1820.0,,,,new_hypertension,new_hypertension,clinicalbert_type1_mean_pool,rf,0,64,brier,0.2299130169039608
2157,2157,1821.0,1821.0,,,,new_hypertension,new_hypertension,clinicalbert_type1_mean_pool,rf,1,64,auroc,0.5792973600929376
2158,2158,1822.0,1822.0,,,,new_hypertension,new_hypertension,clinicalbert_type1_mean_pool,rf,1,64,auprc,0.1644547711708681
2159,2159,1823.0,1823.0,,,,new_hypertension,new_hypertension,clinicalbert_type1_mean_pool,rf,1,64,brier,0.2384791917351677
2160,2160,1824.0,1824.0,,,,new_hypertension,new_hypertension,clinicalbert_type1_mean_pool,rf,2,64,auroc,0.648059127508713
2161,2161,1825.0,1825.0,,,,new_hypertension,new_hypertension,clinicalbert_type1_mean_pool,rf,2,64,auprc,0.1880147403296711
2162,2162,1826.0,1826.0,,,,new_hypertension,new_hypertension,clinicalbert_type1_mean_pool,rf,2,64,brier,0.226389143028371
2163,2163,1827.0,1827.0,,,,new_hypertension,new_hypertension,clinicalbert_type1_mean_pool,rf,3,64,auroc,0.5930148047681998
2164,2164,1828.0,1828.0,,,,new_hypertension,new_hypertension,clinicalbert_type1_mean_pool,rf,3,64,auprc,0.1962856929248684
2165,2165,1829.0,1829.0,,,,new_hypertension,new_hypertension,clinicalbert_type1_mean_pool,rf,3,64,brier,0.2470431170374552
2166,2166,1830.0,1830.0,,,,new_hypertension,new_hypertension,clinicalbert_type1_mean_pool,rf,4,64,auroc,0.564006157684802
2167,2167,1831.0,1831.0,,,,new_hypertension,new_hypertension,clinicalbert_type1_mean_pool,rf,4,64,auprc,0.1487587286165134
2168,2168,1832.0,1832.0,,,,new_hypertension,new_hypertension,clinicalbert_type1_mean_pool,rf,4,64,brier,0.2378437996820349
2169,2169,1833.0,1833.0,,,,new_hypertension,new_hypertension,clinicalbert_type1_mean_pool,rf,0,128,auroc,0.613070201040397
2170,2170,1834.0,1834.0,,,,new_hypertension,new_hypertension,clinicalbert_type1_mean_pool,rf,0,128,auprc,0.2025619062204672
2171,2171,1835.0,1835.0,,,,new_hypertension,new_hypertension,clinicalbert_type1_mean_pool,rf,0,128,brier,0.2367282314844227
2172,2172,1836.0,1836.0,,,,new_hypertension,new_hypertension,clinicalbert_type1_mean_pool,rf,1,128,auroc,0.6170847139480717
2173,2173,1837.0,1837.0,,,,new_hypertension,new_hypertension,clinicalbert_type1_mean_pool,rf,1,128,auprc,0.1902687910840415
2174,2174,1838.0,1838.0,,,,new_hypertension,new_hypertension,clinicalbert_type1_mean_pool,rf,1,128,brier,0.2271167857407904
2175,2175,1839.0,1839.0,,,,new_hypertension,new_hypertension,clinicalbert_type1_mean_pool,rf,2,128,auroc,0.6272597730355212
2176,2176,1840.0,1840.0,,,,new_hypertension,new_hypertension,clinicalbert_type1_mean_pool,rf,2,128,auprc,0.1838418860756548
2177,2177,1841.0,1841.0,,,,new_hypertension,new_hypertension,clinicalbert_type1_mean_pool,rf,2,128,brier,0.2228263077923887
2178,2178,1842.0,1842.0,,,,new_hypertension,new_hypertension,clinicalbert_type1_mean_pool,rf,3,128,auroc,0.6330340332263178
2179,2179,1843.0,1843.0,,,,new_hypertension,new_hypertension,clinicalbert_type1_mean_pool,rf,3,128,auprc,0.173726500402828
2180,2180,1844.0,1844.0,,,,new_hypertension,new_hypertension,clinicalbert_type1_mean_pool,rf,3,128,brier,0.2234617700624132
2181,2181,1845.0,1845.0,,,,new_hypertension,new_hypertension,clinicalbert_type1_mean_pool,rf,4,128,auroc,0.5777464933816334
2182,2182,1846.0,1846.0,,,,new_hypertension,new_hypertension,clinicalbert_type1_mean_pool,rf,4,128,auprc,0.175090978313938
2183,2183,1847.0,1847.0,,,,new_hypertension,new_hypertension,clinicalbert_type1_mean_pool,rf,4,128,brier,0.2351795251532335
2184,2184,1848.0,1848.0,,,,new_hypertension,new_hypertension,clinicalbert_type1_clinicalbert_pool,lr_lbfgs,0,-1,auroc,0.6422648376740433
2185,2185,1849.0,1849.0,,,,new_hypertension,new_hypertension,clinicalbert_type1_clinicalbert_pool,lr_lbfgs,0,-1,auprc,0.1885449454226239
2186,2186,1850.0,1850.0,,,,new_hypertension,new_hypertension,clinicalbert_type1_clinicalbert_pool,lr_lbfgs,0,-1,brier,0.1083487788306326
2187,2187,1851.0,1851.0,,,,new_hypertension,new_hypertension,clinicalbert_type1_clinicalbert_pool,lr_lbfgs,0,1,auroc,0.5104297217024053
2188,2188,1852.0,1852.0,,,,new_hypertension,new_hypertension,clinicalbert_type1_clinicalbert_pool,lr_lbfgs,0,1,auprc,0.1388521049962187
2189,2189,1853.0,1853.0,,,,new_hypertension,new_hypertension,clinicalbert_type1_clinicalbert_pool,lr_lbfgs,0,1,brier,0.2500001469160839
2190,2190,1854.0,1854.0,,,,new_hypertension,new_hypertension,clinicalbert_type1_clinicalbert_pool,lr_lbfgs,1,1,auroc,0.5976445138805431
2191,2191,1855.0,1855.0,,,,new_hypertension,new_hypertension,clinicalbert_type1_clinicalbert_pool,lr_lbfgs,1,1,auprc,0.1723835544581538
2192,2192,1856.0,1856.0,,,,new_hypertension,new_hypertension,clinicalbert_type1_clinicalbert_pool,lr_lbfgs,1,1,brier,0.249998197986721
2193,2193,1857.0,1857.0,,,,new_hypertension,new_hypertension,clinicalbert_type1_clinicalbert_pool,lr_lbfgs,2,1,auroc,0.4735408404438569
2194,2194,1858.0,1858.0,,,,new_hypertension,new_hypertension,clinicalbert_type1_clinicalbert_pool,lr_lbfgs,2,1,auprc,0.1148360165921562
2195,2195,1859.0,1859.0,,,,new_hypertension,new_hypertension,clinicalbert_type1_clinicalbert_pool,lr_lbfgs,2,1,brier,0.2500012538011775
2196,2196,1860.0,1860.0,,,,new_hypertension,new_hypertension,clinicalbert_type1_clinicalbert_pool,lr_lbfgs,3,1,auroc,0.4967523363148888
2197,2197,1861.0,1861.0,,,,new_hypertension,new_hypertension,clinicalbert_type1_clinicalbert_pool,lr_lbfgs,3,1,auprc,0.1220926975035238
2198,2198,1862.0,1862.0,,,,new_hypertension,new_hypertension,clinicalbert_type1_clinicalbert_pool,lr_lbfgs,3,1,brier,0.2499986075357518
2199,2199,1863.0,1863.0,,,,new_hypertension,new_hypertension,clinicalbert_type1_clinicalbert_pool,lr_lbfgs,4,1,auroc,0.5038714440228682
2200,2200,1864.0,1864.0,,,,new_hypertension,new_hypertension,clinicalbert_type1_clinicalbert_pool,lr_lbfgs,4,1,auprc,0.1323927800078292
2201,2201,1865.0,1865.0,,,,new_hypertension,new_hypertension,clinicalbert_type1_clinicalbert_pool,lr_lbfgs,4,1,brier,0.250000702876143
2202,2202,1866.0,1866.0,,,,new_hypertension,new_hypertension,clinicalbert_type1_clinicalbert_pool,lr_lbfgs,0,2,auroc,0.4991101115365026
2203,2203,1867.0,1867.0,,,,new_hypertension,new_hypertension,clinicalbert_type1_clinicalbert_pool,lr_lbfgs,0,2,auprc,0.1323194409363479
2204,2204,1868.0,1868.0,,,,new_hypertension,new_hypertension,clinicalbert_type1_clinicalbert_pool,lr_lbfgs,0,2,brier,0.249999245909613
2205,2205,1869.0,1869.0,,,,new_hypertension,new_hypertension,clinicalbert_type1_clinicalbert_pool,lr_lbfgs,1,2,auroc,0.6203752982986248
2206,2206,1870.0,1870.0,,,,new_hypertension,new_hypertension,clinicalbert_type1_clinicalbert_pool,lr_lbfgs,1,2,auprc,0.1736964473539373
2207,2207,1871.0,1871.0,,,,new_hypertension,new_hypertension,clinicalbert_type1_clinicalbert_pool,lr_lbfgs,1,2,brier,0.249998645266031
2208,2208,1872.0,1872.0,,,,new_hypertension,new_hypertension,clinicalbert_type1_clinicalbert_pool,lr_lbfgs,2,2,auroc,0.5158548938142737
2209,2209,1873.0,1873.0,,,,new_hypertension,new_hypertension,clinicalbert_type1_clinicalbert_pool,lr_lbfgs,2,2,auprc,0.1237590816923326
2210,2210,1874.0,1874.0,,,,new_hypertension,new_hypertension,clinicalbert_type1_clinicalbert_pool,lr_lbfgs,2,2,brier,0.32322327520676
2211,2211,1875.0,1875.0,,,,new_hypertension,new_hypertension,clinicalbert_type1_clinicalbert_pool,lr_lbfgs,3,2,auroc,0.5024750917071552
2212,2212,1876.0,1876.0,,,,new_hypertension,new_hypertension,clinicalbert_type1_clinicalbert_pool,lr_lbfgs,3,2,auprc,0.1392848215633164
2213,2213,1877.0,1877.0,,,,new_hypertension,new_hypertension,clinicalbert_type1_clinicalbert_pool,lr_lbfgs,3,2,brier,0.2499992692206059
2214,2214,1878.0,1878.0,,,,new_hypertension,new_hypertension,clinicalbert_type1_clinicalbert_pool,lr_lbfgs,4,2,auroc,0.4972559387894083
2215,2215,1879.0,1879.0,,,,new_hypertension,new_hypertension,clinicalbert_type1_clinicalbert_pool,lr_lbfgs,4,2,auprc,0.1283020698635672
2216,2216,1880.0,1880.0,,,,new_hypertension,new_hypertension,clinicalbert_type1_clinicalbert_pool,lr_lbfgs,4,2,brier,0.2500002939356401
2217,2217,1881.0,1881.0,,,,new_hypertension,new_hypertension,clinicalbert_type1_clinicalbert_pool,lr_lbfgs,0,4,auroc,0.5790398361002855
2218,2218,1882.0,1882.0,,,,new_hypertension,new_hypertension,clinicalbert_type1_clinicalbert_pool,lr_lbfgs,0,4,auprc,0.1540906419520128
2219,2219,1883.0,1883.0,,,,new_hypertension,new_hypertension,clinicalbert_type1_clinicalbert_pool,lr_lbfgs,0,4,brier,0.2499985377520831
2220,2220,1884.0,1884.0,,,,new_hypertension,new_hypertension,clinicalbert_type1_clinicalbert_pool,lr_lbfgs,1,4,auroc,0.5634796641887136
2221,2221,1885.0,1885.0,,,,new_hypertension,new_hypertension,clinicalbert_type1_clinicalbert_pool,lr_lbfgs,1,4,auprc,0.1580960246181733
2222,2222,1886.0,1886.0,,,,new_hypertension,new_hypertension,clinicalbert_type1_clinicalbert_pool,lr_lbfgs,1,4,brier,0.2499993838097174
2223,2223,1887.0,1887.0,,,,new_hypertension,new_hypertension,clinicalbert_type1_clinicalbert_pool,lr_lbfgs,2,4,auroc,0.5269656234083586
2224,2224,1888.0,1888.0,,,,new_hypertension,new_hypertension,clinicalbert_type1_clinicalbert_pool,lr_lbfgs,2,4,auprc,0.1332015836712807
2225,2225,1889.0,1889.0,,,,new_hypertension,new_hypertension,clinicalbert_type1_clinicalbert_pool,lr_lbfgs,2,4,brier,0.4445947006901728
2226,2226,1890.0,1890.0,,,,new_hypertension,new_hypertension,clinicalbert_type1_clinicalbert_pool,lr_lbfgs,3,4,auroc,0.5430551501937153
2227,2227,1891.0,1891.0,,,,new_hypertension,new_hypertension,clinicalbert_type1_clinicalbert_pool,lr_lbfgs,3,4,auprc,0.1580458251367279
2228,2228,1892.0,1892.0,,,,new_hypertension,new_hypertension,clinicalbert_type1_clinicalbert_pool,lr_lbfgs,3,4,brier,0.2499987369736417
2229,2229,1893.0,1893.0,,,,new_hypertension,new_hypertension,clinicalbert_type1_clinicalbert_pool,lr_lbfgs,4,4,auroc,0.5170738407128264
2230,2230,1894.0,1894.0,,,,new_hypertension,new_hypertension,clinicalbert_type1_clinicalbert_pool,lr_lbfgs,4,4,auprc,0.1280724865286982
2231,2231,1895.0,1895.0,,,,new_hypertension,new_hypertension,clinicalbert_type1_clinicalbert_pool,lr_lbfgs,4,4,brier,0.3517203659845798
2232,2232,1896.0,1896.0,,,,new_hypertension,new_hypertension,clinicalbert_type1_clinicalbert_pool,lr_lbfgs,0,8,auroc,0.6127125288283803
2233,2233,1897.0,1897.0,,,,new_hypertension,new_hypertension,clinicalbert_type1_clinicalbert_pool,lr_lbfgs,0,8,auprc,0.1700306064108958
2234,2234,1898.0,1898.0,,,,new_hypertension,new_hypertension,clinicalbert_type1_clinicalbert_pool,lr_lbfgs,0,8,brier,0.2499985252101807
2235,2235,1899.0,1899.0,,,,new_hypertension,new_hypertension,clinicalbert_type1_clinicalbert_pool,lr_lbfgs,1,8,auroc,0.5776034244968267
2236,2236,1900.0,1900.0,,,,new_hypertension,new_hypertension,clinicalbert_type1_clinicalbert_pool,lr_lbfgs,1,8,auprc,0.1621635731404289
2237,2237,1901.0,1901.0,,,,new_hypertension,new_hypertension,clinicalbert_type1_clinicalbert_pool,lr_lbfgs,1,8,brier,0.2499991834513547
2238,2238,1902.0,1902.0,,,,new_hypertension,new_hypertension,clinicalbert_type1_clinicalbert_pool,lr_lbfgs,2,8,auroc,0.5349002237597358
2239,2239,1903.0,1903.0,,,,new_hypertension,new_hypertension,clinicalbert_type1_clinicalbert_pool,lr_lbfgs,2,8,auprc,0.1447352263716696
2240,2240,1904.0,1904.0,,,,new_hypertension,new_hypertension,clinicalbert_type1_clinicalbert_pool,lr_lbfgs,2,8,brier,0.2611117378363476
2241,2241,1905.0,1905.0,,,,new_hypertension,new_hypertension,clinicalbert_type1_clinicalbert_pool,lr_lbfgs,3,8,auroc,0.5401079311666981
2242,2242,1906.0,1906.0,,,,new_hypertension,new_hypertension,clinicalbert_type1_clinicalbert_pool,lr_lbfgs,3,8,auprc,0.1511090259975813
2243,2243,1907.0,1907.0,,,,new_hypertension,new_hypertension,clinicalbert_type1_clinicalbert_pool,lr_lbfgs,3,8,brier,0.3353605816134893
2244,2244,1908.0,1908.0,,,,new_hypertension,new_hypertension,clinicalbert_type1_clinicalbert_pool,lr_lbfgs,4,8,auroc,0.5745016910742184
2245,2245,1909.0,1909.0,,,,new_hypertension,new_hypertension,clinicalbert_type1_clinicalbert_pool,lr_lbfgs,4,8,auprc,0.1415010731660979
2246,2246,1910.0,1910.0,,,,new_hypertension,new_hypertension,clinicalbert_type1_clinicalbert_pool,lr_lbfgs,4,8,brier,0.2299084797067009
2247,2247,1911.0,1911.0,,,,new_hypertension,new_hypertension,clinicalbert_type1_clinicalbert_pool,lr_lbfgs,0,12,auroc,0.6167413486245358
2248,2248,1912.0,1912.0,,,,new_hypertension,new_hypertension,clinicalbert_type1_clinicalbert_pool,lr_lbfgs,0,12,auprc,0.1663513023593869
2249,2249,1913.0,1913.0,,,,new_hypertension,new_hypertension,clinicalbert_type1_clinicalbert_pool,lr_lbfgs,0,12,brier,0.2499977455529375
2250,2250,1914.0,1914.0,,,,new_hypertension,new_hypertension,clinicalbert_type1_clinicalbert_pool,lr_lbfgs,1,12,auroc,0.4870236521480362
2251,2251,1915.0,1915.0,,,,new_hypertension,new_hypertension,clinicalbert_type1_clinicalbert_pool,lr_lbfgs,1,12,auprc,0.1316896541488993
2252,2252,1916.0,1916.0,,,,new_hypertension,new_hypertension,clinicalbert_type1_clinicalbert_pool,lr_lbfgs,1,12,brier,0.5517651140192763
2253,2253,1917.0,1917.0,,,,new_hypertension,new_hypertension,clinicalbert_type1_clinicalbert_pool,lr_lbfgs,2,12,auroc,0.5656256974608134
2254,2254,1918.0,1918.0,,,,new_hypertension,new_hypertension,clinicalbert_type1_clinicalbert_pool,lr_lbfgs,2,12,auprc,0.1609771149590416
2255,2255,1919.0,1919.0,,,,new_hypertension,new_hypertension,clinicalbert_type1_clinicalbert_pool,lr_lbfgs,2,12,brier,0.250000769879988
2256,2256,1920.0,1920.0,,,,new_hypertension,new_hypertension,clinicalbert_type1_clinicalbert_pool,lr_lbfgs,3,12,auroc,0.5182813421005946
2257,2257,1921.0,1921.0,,,,new_hypertension,new_hypertension,clinicalbert_type1_clinicalbert_pool,lr_lbfgs,3,12,auprc,0.1398057356412685
2258,2258,1922.0,1922.0,,,,new_hypertension,new_hypertension,clinicalbert_type1_clinicalbert_pool,lr_lbfgs,3,12,brier,0.3560382932753378
2259,2259,1923.0,1923.0,,,,new_hypertension,new_hypertension,clinicalbert_type1_clinicalbert_pool,lr_lbfgs,4,12,auroc,0.5604036831653705
2260,2260,1924.0,1924.0,,,,new_hypertension,new_hypertension,clinicalbert_type1_clinicalbert_pool,lr_lbfgs,4,12,auprc,0.1459967451843546
2261,2261,1925.0,1925.0,,,,new_hypertension,new_hypertension,clinicalbert_type1_clinicalbert_pool,lr_lbfgs,4,12,brier,0.3577791337570491
2262,2262,1926.0,1926.0,,,,new_hypertension,new_hypertension,clinicalbert_type1_clinicalbert_pool,lr_lbfgs,0,16,auroc,0.6357466192822521
2263,2263,1927.0,1927.0,,,,new_hypertension,new_hypertension,clinicalbert_type1_clinicalbert_pool,lr_lbfgs,0,16,auprc,0.1711479454926136
2264,2264,1928.0,1928.0,,,,new_hypertension,new_hypertension,clinicalbert_type1_clinicalbert_pool,lr_lbfgs,0,16,brier,0.2499984291067979
2265,2265,1929.0,1929.0,,,,new_hypertension,new_hypertension,clinicalbert_type1_clinicalbert_pool,lr_lbfgs,1,16,auroc,0.5633881001024373
2266,2266,1930.0,1930.0,,,,new_hypertension,new_hypertension,clinicalbert_type1_clinicalbert_pool,lr_lbfgs,1,16,auprc,0.1635643525370122
2267,2267,1931.0,1931.0,,,,new_hypertension,new_hypertension,clinicalbert_type1_clinicalbert_pool,lr_lbfgs,1,16,brier,0.2558914265574976
2268,2268,1932.0,1932.0,,,,new_hypertension,new_hypertension,clinicalbert_type1_clinicalbert_pool,lr_lbfgs,2,16,auroc,0.5449722732501244
2269,2269,1933.0,1933.0,,,,new_hypertension,new_hypertension,clinicalbert_type1_clinicalbert_pool,lr_lbfgs,2,16,auprc,0.1555902759187445
2270,2270,1934.0,1934.0,,,,new_hypertension,new_hypertension,clinicalbert_type1_clinicalbert_pool,lr_lbfgs,2,16,brier,0.2485448918124462
2271,2271,1935.0,1935.0,,,,new_hypertension,new_hypertension,clinicalbert_type1_clinicalbert_pool,lr_lbfgs,3,16,auroc,0.5407259887490629
2272,2272,1936.0,1936.0,,,,new_hypertension,new_hypertension,clinicalbert_type1_clinicalbert_pool,lr_lbfgs,3,16,auprc,0.1460142724968285
2273,2273,1937.0,1937.0,,,,new_hypertension,new_hypertension,clinicalbert_type1_clinicalbert_pool,lr_lbfgs,3,16,brier,0.4125379363270332
2274,2274,1938.0,1938.0,,,,new_hypertension,new_hypertension,clinicalbert_type1_clinicalbert_pool,lr_lbfgs,4,16,auroc,0.5778952850218323
2275,2275,1939.0,1939.0,,,,new_hypertension,new_hypertension,clinicalbert_type1_clinicalbert_pool,lr_lbfgs,4,16,auprc,0.1573733359626476
2276,2276,1940.0,1940.0,,,,new_hypertension,new_hypertension,clinicalbert_type1_clinicalbert_pool,lr_lbfgs,4,16,brier,0.2604385427026391
2277,2277,1941.0,1941.0,,,,new_hypertension,new_hypertension,clinicalbert_type1_clinicalbert_pool,lr_lbfgs,0,24,auroc,0.6005230598428531
2278,2278,1942.0,1942.0,,,,new_hypertension,new_hypertension,clinicalbert_type1_clinicalbert_pool,lr_lbfgs,0,24,auprc,0.1630831673533375
2279,2279,1943.0,1943.0,,,,new_hypertension,new_hypertension,clinicalbert_type1_clinicalbert_pool,lr_lbfgs,0,24,brier,0.3772023739350133
2280,2280,1944.0,1944.0,,,,new_hypertension,new_hypertension,clinicalbert_type1_clinicalbert_pool,lr_lbfgs,1,24,auroc,0.5679434133946812
2281,2281,1945.0,1945.0,,,,new_hypertension,new_hypertension,clinicalbert_type1_clinicalbert_pool,lr_lbfgs,1,24,auprc,0.1763507894575623
2282,2282,1946.0,1946.0,,,,new_hypertension,new_hypertension,clinicalbert_type1_clinicalbert_pool,lr_lbfgs,1,24,brier,0.2339555932209303
2283,2283,1947.0,1947.0,,,,new_hypertension,new_hypertension,clinicalbert_type1_clinicalbert_pool,lr_lbfgs,2,24,auroc,0.5696373489907921
2284,2284,1948.0,1948.0,,,,new_hypertension,new_hypertension,clinicalbert_type1_clinicalbert_pool,lr_lbfgs,2,24,auprc,0.1569772039194533
2285,2285,1949.0,1949.0,,,,new_hypertension,new_hypertension,clinicalbert_type1_clinicalbert_pool,lr_lbfgs,2,24,brier,0.2650242775639976
2286,2286,1950.0,1950.0,,,,new_hypertension,new_hypertension,clinicalbert_type1_clinicalbert_pool,lr_lbfgs,3,24,auroc,0.5007267899348178
2287,2287,1951.0,1951.0,,,,new_hypertension,new_hypertension,clinicalbert_type1_clinicalbert_pool,lr_lbfgs,3,24,auprc,0.1243970138974418
2288,2288,1952.0,1952.0,,,,new_hypertension,new_hypertension,clinicalbert_type1_clinicalbert_pool,lr_lbfgs,3,24,brier,0.4166424765475953
2289,2289,1953.0,1953.0,,,,new_hypertension,new_hypertension,clinicalbert_type1_clinicalbert_pool,lr_lbfgs,4,24,auroc,0.5748221653761854
2290,2290,1954.0,1954.0,,,,new_hypertension,new_hypertension,clinicalbert_type1_clinicalbert_pool,lr_lbfgs,4,24,auprc,0.1525923450870911
2291,2291,1955.0,1955.0,,,,new_hypertension,new_hypertension,clinicalbert_type1_clinicalbert_pool,lr_lbfgs,4,24,brier,0.2599163052249352
2292,2292,1956.0,1956.0,,,,new_hypertension,new_hypertension,clinicalbert_type1_clinicalbert_pool,lr_lbfgs,0,32,auroc,0.612449282080336
2293,2293,1957.0,1957.0,,,,new_hypertension,new_hypertension,clinicalbert_type1_clinicalbert_pool,lr_lbfgs,0,32,auprc,0.1826312148801317
2294,2294,1958.0,1958.0,,,,new_hypertension,new_hypertension,clinicalbert_type1_clinicalbert_pool,lr_lbfgs,0,32,brier,0.2704347323884951
2295,2295,1959.0,1959.0,,,,new_hypertension,new_hypertension,clinicalbert_type1_clinicalbert_pool,lr_lbfgs,1,32,auroc,0.5544090968919715
2296,2296,1960.0,1960.0,,,,new_hypertension,new_hypertension,clinicalbert_type1_clinicalbert_pool,lr_lbfgs,1,32,auprc,0.1691037405164627
2297,2297,1961.0,1961.0,,,,new_hypertension,new_hypertension,clinicalbert_type1_clinicalbert_pool,lr_lbfgs,1,32,brier,0.2447859175042006
2298,2298,1962.0,1962.0,,,,new_hypertension,new_hypertension,clinicalbert_type1_clinicalbert_pool,lr_lbfgs,2,32,auroc,0.6276374748914106
2299,2299,1963.0,1963.0,,,,new_hypertension,new_hypertension,clinicalbert_type1_clinicalbert_pool,lr_lbfgs,2,32,auprc,0.1860405231796256
2300,2300,1964.0,1964.0,,,,new_hypertension,new_hypertension,clinicalbert_type1_clinicalbert_pool,lr_lbfgs,2,32,brier,0.2499973788014413
2301,2301,1965.0,1965.0,,,,new_hypertension,new_hypertension,clinicalbert_type1_clinicalbert_pool,lr_lbfgs,3,32,auroc,0.5094625760411123
2302,2302,1966.0,1966.0,,,,new_hypertension,new_hypertension,clinicalbert_type1_clinicalbert_pool,lr_lbfgs,3,32,auprc,0.126902218778812
2303,2303,1967.0,1967.0,,,,new_hypertension,new_hypertension,clinicalbert_type1_clinicalbert_pool,lr_lbfgs,3,32,brier,0.3001219233358633
2304,2304,1968.0,1968.0,,,,new_hypertension,new_hypertension,clinicalbert_type1_clinicalbert_pool,lr_lbfgs,4,32,auroc,0.5708963551770907
2305,2305,1969.0,1969.0,,,,new_hypertension,new_hypertension,clinicalbert_type1_clinicalbert_pool,lr_lbfgs,4,32,auprc,0.1518937735424629
2306,2306,1970.0,1970.0,,,,new_hypertension,new_hypertension,clinicalbert_type1_clinicalbert_pool,lr_lbfgs,4,32,brier,0.2375081349434095
2307,2307,1971.0,1971.0,,,,new_hypertension,new_hypertension,clinicalbert_type1_clinicalbert_pool,lr_lbfgs,0,48,auroc,0.5727018845033507
2308,2308,1972.0,1972.0,,,,new_hypertension,new_hypertension,clinicalbert_type1_clinicalbert_pool,lr_lbfgs,0,48,auprc,0.1447604027295846
2309,2309,1973.0,1973.0,,,,new_hypertension,new_hypertension,clinicalbert_type1_clinicalbert_pool,lr_lbfgs,0,48,brier,0.4257659844522873
2310,2310,1974.0,1974.0,,,,new_hypertension,new_hypertension,clinicalbert_type1_clinicalbert_pool,lr_lbfgs,1,48,auroc,0.6028579440428978
2311,2311,1975.0,1975.0,,,,new_hypertension,new_hypertension,clinicalbert_type1_clinicalbert_pool,lr_lbfgs,1,48,auprc,0.1736123522499979
2312,2312,1976.0,1976.0,,,,new_hypertension,new_hypertension,clinicalbert_type1_clinicalbert_pool,lr_lbfgs,1,48,brier,0.2499978153193585
2313,2313,1977.0,1977.0,,,,new_hypertension,new_hypertension,clinicalbert_type1_clinicalbert_pool,lr_lbfgs,2,48,auroc,0.6128040929146565
2314,2314,1978.0,1978.0,,,,new_hypertension,new_hypertension,clinicalbert_type1_clinicalbert_pool,lr_lbfgs,2,48,auprc,0.1799696367451634
2315,2315,1979.0,1979.0,,,,new_hypertension,new_hypertension,clinicalbert_type1_clinicalbert_pool,lr_lbfgs,2,48,brier,0.228554259491085
2316,2316,1980.0,1980.0,,,,new_hypertension,new_hypertension,clinicalbert_type1_clinicalbert_pool,lr_lbfgs,3,48,auroc,0.5645040374039293
2317,2317,1981.0,1981.0,,,,new_hypertension,new_hypertension,clinicalbert_type1_clinicalbert_pool,lr_lbfgs,3,48,auprc,0.1463031634139346
2318,2318,1982.0,1982.0,,,,new_hypertension,new_hypertension,clinicalbert_type1_clinicalbert_pool,lr_lbfgs,3,48,brier,0.2532456259671888
2319,2319,1983.0,1983.0,,,,new_hypertension,new_hypertension,clinicalbert_type1_clinicalbert_pool,lr_lbfgs,4,48,auroc,0.597638791125151
2320,2320,1984.0,1984.0,,,,new_hypertension,new_hypertension,clinicalbert_type1_clinicalbert_pool,lr_lbfgs,4,48,auprc,0.1655673406701407
2321,2321,1985.0,1985.0,,,,new_hypertension,new_hypertension,clinicalbert_type1_clinicalbert_pool,lr_lbfgs,4,48,brier,0.2352134566405462
2322,2322,1986.0,1986.0,,,,new_hypertension,new_hypertension,clinicalbert_type1_clinicalbert_pool,lr_lbfgs,0,64,auroc,0.582381925249369
2323,2323,1987.0,1987.0,,,,new_hypertension,new_hypertension,clinicalbert_type1_clinicalbert_pool,lr_lbfgs,0,64,auprc,0.1552885907264552
2324,2324,1988.0,1988.0,,,,new_hypertension,new_hypertension,clinicalbert_type1_clinicalbert_pool,lr_lbfgs,0,64,brier,0.365806771238855
2325,2325,1989.0,1989.0,,,,new_hypertension,new_hypertension,clinicalbert_type1_clinicalbert_pool,lr_lbfgs,1,64,auroc,0.6109098608798164
2326,2326,1990.0,1990.0,,,,new_hypertension,new_hypertension,clinicalbert_type1_clinicalbert_pool,lr_lbfgs,1,64,auprc,0.1892130781430968
2327,2327,1991.0,1991.0,,,,new_hypertension,new_hypertension,clinicalbert_type1_clinicalbert_pool,lr_lbfgs,1,64,brier,0.2485837066898509
2328,2328,1992.0,1992.0,,,,new_hypertension,new_hypertension,clinicalbert_type1_clinicalbert_pool,lr_lbfgs,2,64,auroc,0.6308994454650024
2329,2329,1993.0,1993.0,,,,new_hypertension,new_hypertension,clinicalbert_type1_clinicalbert_pool,lr_lbfgs,2,64,auprc,0.1871058369504268
2330,2330,1994.0,1994.0,,,,new_hypertension,new_hypertension,clinicalbert_type1_clinicalbert_pool,lr_lbfgs,2,64,brier,0.2242984109215803
2331,2331,1995.0,1995.0,,,,new_hypertension,new_hypertension,clinicalbert_type1_clinicalbert_pool,lr_lbfgs,3,64,auroc,0.5887284609793924
2332,2332,1996.0,1996.0,,,,new_hypertension,new_hypertension,clinicalbert_type1_clinicalbert_pool,lr_lbfgs,3,64,auprc,0.1617071908305184
2333,2333,1997.0,1997.0,,,,new_hypertension,new_hypertension,clinicalbert_type1_clinicalbert_pool,lr_lbfgs,3,64,brier,0.2506027075394246
2334,2334,1998.0,1998.0,,,,new_hypertension,new_hypertension,clinicalbert_type1_clinicalbert_pool,lr_lbfgs,4,64,auroc,0.6061771421704121
2335,2335,1999.0,1999.0,,,,new_hypertension,new_hypertension,clinicalbert_type1_clinicalbert_pool,lr_lbfgs,4,64,auprc,0.1644244962018266
2336,2336,2000.0,2000.0,,,,new_hypertension,new_hypertension,clinicalbert_type1_clinicalbert_pool,lr_lbfgs,4,64,brier,0.2304801000741617
2337,2337,2001.0,2001.0,,,,new_hypertension,new_hypertension,clinicalbert_type1_clinicalbert_pool,lr_lbfgs,0,128,auroc,0.6226014501462165
2338,2338,2002.0,2002.0,,,,new_hypertension,new_hypertension,clinicalbert_type1_clinicalbert_pool,lr_lbfgs,0,128,auprc,0.1904492990374547
2339,2339,2003.0,2003.0,,,,new_hypertension,new_hypertension,clinicalbert_type1_clinicalbert_pool,lr_lbfgs,0,128,brier,0.2409858950981042
2340,2340,2004.0,2004.0,,,,new_hypertension,new_hypertension,clinicalbert_type1_clinicalbert_pool,lr_lbfgs,1,128,auroc,0.6255200553962722
2341,2341,2005.0,2005.0,,,,new_hypertension,new_hypertension,clinicalbert_type1_clinicalbert_pool,lr_lbfgs,1,128,auprc,0.183957167924757
2342,2342,2006.0,2006.0,,,,new_hypertension,new_hypertension,clinicalbert_type1_clinicalbert_pool,lr_lbfgs,1,128,brier,0.2337717258716653
2343,2343,2007.0,2007.0,,,,new_hypertension,new_hypertension,clinicalbert_type1_clinicalbert_pool,lr_lbfgs,2,128,auroc,0.6424136293142422
2344,2344,2008.0,2008.0,,,,new_hypertension,new_hypertension,clinicalbert_type1_clinicalbert_pool,lr_lbfgs,2,128,auprc,0.1915351424617664
2345,2345,2009.0,2009.0,,,,new_hypertension,new_hypertension,clinicalbert_type1_clinicalbert_pool,lr_lbfgs,2,128,brier,0.2231751648649733
2346,2346,2010.0,2010.0,,,,new_hypertension,new_hypertension,clinicalbert_type1_clinicalbert_pool,lr_lbfgs,3,128,auroc,0.6098053690891091
2347,2347,2011.0,2011.0,,,,new_hypertension,new_hypertension,clinicalbert_type1_clinicalbert_pool,lr_lbfgs,3,128,auprc,0.1718697021197046
2348,2348,2012.0,2012.0,,,,new_hypertension,new_hypertension,clinicalbert_type1_clinicalbert_pool,lr_lbfgs,3,128,brier,0.2377615916869573
2349,2349,2013.0,2013.0,,,,new_hypertension,new_hypertension,clinicalbert_type1_clinicalbert_pool,lr_lbfgs,4,128,auroc,0.6109384746567778
2350,2350,2014.0,2014.0,,,,new_hypertension,new_hypertension,clinicalbert_type1_clinicalbert_pool,lr_lbfgs,4,128,auprc,0.1695926921432989
2351,2351,2015.0,2015.0,,,,new_hypertension,new_hypertension,clinicalbert_type1_clinicalbert_pool,lr_lbfgs,4,128,brier,0.2275512891604617
2352,2352,2016.0,2016.0,,,,new_hypertension,new_hypertension,clinicalbert_type1_clinicalbert_pool,knn,0,-1,auroc,0.5569414161530494
2353,2353,2017.0,2017.0,,,,new_hypertension,new_hypertension,clinicalbert_type1_clinicalbert_pool,knn,0,-1,auprc,0.1388455848131867
2354,2354,2018.0,2018.0,,,,new_hypertension,new_hypertension,clinicalbert_type1_clinicalbert_pool,knn,0,-1,brier,0.1462003179650238
2355,2355,2019.0,2019.0,,,,new_hypertension,new_hypertension,clinicalbert_type1_clinicalbert_pool,knn,0,1,auroc,0.4872296713421579
2356,2356,2020.0,2020.0,,,,new_hypertension,new_hypertension,clinicalbert_type1_clinicalbert_pool,knn,0,1,auprc,0.1236648903377449
2357,2357,2021.0,2021.0,,,,new_hypertension,new_hypertension,clinicalbert_type1_clinicalbert_pool,knn,0,1,brier,0.6327503974562798
2358,2358,2022.0,2022.0,,,,new_hypertension,new_hypertension,clinicalbert_type1_clinicalbert_pool,knn,1,1,auroc,0.5085383510452612
2359,2359,2023.0,2023.0,,,,new_hypertension,new_hypertension,clinicalbert_type1_clinicalbert_pool,knn,1,1,auprc,0.1286612820415841
2360,2360,2024.0,2024.0,,,,new_hypertension,new_hypertension,clinicalbert_type1_clinicalbert_pool,knn,1,1,brier,0.1772655007949125
2361,2361,2025.0,2025.0,,,,new_hypertension,new_hypertension,clinicalbert_type1_clinicalbert_pool,knn,2,1,auroc,0.5028871300953984
2362,2362,2026.0,2026.0,,,,new_hypertension,new_hypertension,clinicalbert_type1_clinicalbert_pool,knn,2,1,auprc,0.1270329243804212
2363,2363,2027.0,2027.0,,,,new_hypertension,new_hypertension,clinicalbert_type1_clinicalbert_pool,knn,2,1,brier,0.6899841017488076
2364,2364,2028.0,2028.0,,,,new_hypertension,new_hypertension,clinicalbert_type1_clinicalbert_pool,knn,3,1,auroc,0.4764251091615591
2365,2365,2029.0,2029.0,,,,new_hypertension,new_hypertension,clinicalbert_type1_clinicalbert_pool,knn,3,1,auprc,0.1220694739972045
2366,2366,2030.0,2030.0,,,,new_hypertension,new_hypertension,clinicalbert_type1_clinicalbert_pool,knn,3,1,brier,0.3179650238473768
2367,2367,2031.0,2031.0,,,,new_hypertension,new_hypertension,clinicalbert_type1_clinicalbert_pool,knn,4,1,auroc,0.5024178641532324
2368,2368,2032.0,2032.0,,,,new_hypertension,new_hypertension,clinicalbert_type1_clinicalbert_pool,knn,4,1,auprc,0.1269283211216708
2369,2369,2033.0,2033.0,,,,new_hypertension,new_hypertension,clinicalbert_type1_clinicalbert_pool,knn,4,1,brier,0.6391096979332274
2370,2370,2034.0,2034.0,,,,new_hypertension,new_hypertension,clinicalbert_type1_clinicalbert_pool,knn,0,2,auroc,0.5139263252470799
2371,2371,2035.0,2035.0,,,,new_hypertension,new_hypertension,clinicalbert_type1_clinicalbert_pool,knn,0,2,auprc,0.1295707361448269
2372,2372,2036.0,2036.0,,,,new_hypertension,new_hypertension,clinicalbert_type1_clinicalbert_pool,knn,0,2,brier,0.6565977742448331
2373,2373,2037.0,2037.0,,,,new_hypertension,new_hypertension,clinicalbert_type1_clinicalbert_pool,knn,1,2,auroc,0.5573019497427621
2374,2374,2038.0,2038.0,,,,new_hypertension,new_hypertension,clinicalbert_type1_clinicalbert_pool,knn,1,2,auprc,0.1457418255420475
2375,2375,2039.0,2039.0,,,,new_hypertension,new_hypertension,clinicalbert_type1_clinicalbert_pool,knn,1,2,brier,0.191927221338986
2376,2376,2040.0,2040.0,,,,new_hypertension,new_hypertension,clinicalbert_type1_clinicalbert_pool,knn,2,2,auroc,0.5073537406790621
2377,2377,2041.0,2041.0,,,,new_hypertension,new_hypertension,clinicalbert_type1_clinicalbert_pool,knn,2,2,auprc,0.1280531961251704
2378,2378,2042.0,2042.0,,,,new_hypertension,new_hypertension,clinicalbert_type1_clinicalbert_pool,knn,2,2,brier,0.5317965023847376
2379,2379,2043.0,2043.0,,,,new_hypertension,new_hypertension,clinicalbert_type1_clinicalbert_pool,knn,3,2,auroc,0.4967695045810656
2380,2380,2044.0,2044.0,,,,new_hypertension,new_hypertension,clinicalbert_type1_clinicalbert_pool,knn,3,2,auprc,0.1256845896611236
2381,2381,2045.0,2045.0,,,,new_hypertension,new_hypertension,clinicalbert_type1_clinicalbert_pool,knn,3,2,brier,0.5643879173290938
2382,2382,2046.0,2046.0,,,,new_hypertension,new_hypertension,clinicalbert_type1_clinicalbert_pool,knn,4,2,auroc,0.523448990219811
2383,2383,2047.0,2047.0,,,,new_hypertension,new_hypertension,clinicalbert_type1_clinicalbert_pool,knn,4,2,auprc,0.1321773625402344
2384,2384,2048.0,2048.0,,,,new_hypertension,new_hypertension,clinicalbert_type1_clinicalbert_pool,knn,4,2,brier,0.3767885532591415
2385,2385,2049.0,2049.0,,,,new_hypertension,new_hypertension,clinicalbert_type1_clinicalbert_pool,knn,0,4,auroc,0.5673911674993276
2386,2386,2050.0,2050.0,,,,new_hypertension,new_hypertension,clinicalbert_type1_clinicalbert_pool,knn,0,4,auprc,0.1457729587615324
2387,2387,2051.0,2051.0,,,,new_hypertension,new_hypertension,clinicalbert_type1_clinicalbert_pool,knn,0,4,brier,0.5063593004769475
2388,2388,2052.0,2052.0,,,,new_hypertension,new_hypertension,clinicalbert_type1_clinicalbert_pool,knn,1,4,auroc,0.5288226575331492
2389,2389,2053.0,2053.0,,,,new_hypertension,new_hypertension,clinicalbert_type1_clinicalbert_pool,knn,1,4,auprc,0.1345988410297036
2390,2390,2054.0,2054.0,,,,new_hypertension,new_hypertension,clinicalbert_type1_clinicalbert_pool,knn,1,4,brier,0.2443243243243243
2391,2391,2055.0,2055.0,,,,new_hypertension,new_hypertension,clinicalbert_type1_clinicalbert_pool,knn,2,4,auroc,0.5412639277559359
2392,2392,2056.0,2056.0,,,,new_hypertension,new_hypertension,clinicalbert_type1_clinicalbert_pool,knn,2,4,auprc,0.1364933210640243
2393,2393,2057.0,2057.0,,,,new_hypertension,new_hypertension,clinicalbert_type1_clinicalbert_pool,knn,2,4,brier,0.604133545310016
2394,2394,2058.0,2058.0,,,,new_hypertension,new_hypertension,clinicalbert_type1_clinicalbert_pool,knn,3,4,auroc,0.5454758757246438
2395,2395,2059.0,2059.0,,,,new_hypertension,new_hypertension,clinicalbert_type1_clinicalbert_pool,knn,3,4,auprc,0.1383169896339545
2396,2396,2060.0,2060.0,,,,new_hypertension,new_hypertension,clinicalbert_type1_clinicalbert_pool,knn,3,4,brier,0.4228934817170111
2397,2397,2061.0,2061.0,,,,new_hypertension,new_hypertension,clinicalbert_type1_clinicalbert_pool,knn,4,4,auroc,0.4655347056500764
2398,2398,2062.0,2062.0,,,,new_hypertension,new_hypertension,clinicalbert_type1_clinicalbert_pool,knn,4,4,auprc,0.1176870885226269
2399,2399,2063.0,2063.0,,,,new_hypertension,new_hypertension,clinicalbert_type1_clinicalbert_pool,knn,4,4,brier,0.1849835649951356
2400,2400,2064.0,2064.0,,,,new_hypertension,new_hypertension,clinicalbert_type1_clinicalbert_pool,knn,0,8,auroc,0.5922937375887742
2401,2401,2065.0,2065.0,,,,new_hypertension,new_hypertension,clinicalbert_type1_clinicalbert_pool,knn,0,8,auprc,0.1559039952799159
2402,2402,2066.0,2066.0,,,,new_hypertension,new_hypertension,clinicalbert_type1_clinicalbert_pool,knn,0,8,brier,0.3470413933863545
2403,2403,2067.0,2067.0,,,,new_hypertension,new_hypertension,clinicalbert_type1_clinicalbert_pool,knn,1,8,auroc,0.5294407151155138
2404,2404,2068.0,2068.0,,,,new_hypertension,new_hypertension,clinicalbert_type1_clinicalbert_pool,knn,1,8,auprc,0.1327299164193991
2405,2405,2069.0,2069.0,,,,new_hypertension,new_hypertension,clinicalbert_type1_clinicalbert_pool,knn,1,8,brier,0.3765040122288108
2406,2406,2070.0,2070.0,,,,new_hypertension,new_hypertension,clinicalbert_type1_clinicalbert_pool,knn,2,8,auroc,0.5261501307649608
2407,2407,2071.0,2071.0,,,,new_hypertension,new_hypertension,clinicalbert_type1_clinicalbert_pool,knn,2,8,auprc,0.1339958892574549
2408,2408,2072.0,2072.0,,,,new_hypertension,new_hypertension,clinicalbert_type1_clinicalbert_pool,knn,2,8,brier,0.3258604674952194
2409,2409,2073.0,2073.0,,,,new_hypertension,new_hypertension,clinicalbert_type1_clinicalbert_pool,knn,3,8,auroc,0.5234089309320652
2410,2410,2074.0,2074.0,,,,new_hypertension,new_hypertension,clinicalbert_type1_clinicalbert_pool,knn,3,8,auprc,0.1321555971125055
2411,2411,2075.0,2075.0,,,,new_hypertension,new_hypertension,clinicalbert_type1_clinicalbert_pool,knn,3,8,brier,0.3815580286168522
2412,2412,2076.0,2076.0,,,,new_hypertension,new_hypertension,clinicalbert_type1_clinicalbert_pool,knn,4,8,auroc,0.5913323146828736
2413,2413,2077.0,2077.0,,,,new_hypertension,new_hypertension,clinicalbert_type1_clinicalbert_pool,knn,4,8,auprc,0.1577761349298668
2414,2414,2078.0,2078.0,,,,new_hypertension,new_hypertension,clinicalbert_type1_clinicalbert_pool,knn,4,8,brier,0.3004769475357711
2415,2415,2079.0,2079.0,,,,new_hypertension,new_hypertension,clinicalbert_type1_clinicalbert_pool,knn,0,12,auroc,0.5368402378377142
2416,2416,2080.0,2080.0,,,,new_hypertension,new_hypertension,clinicalbert_type1_clinicalbert_pool,knn,0,12,auprc,0.1348746370190568
2417,2417,2081.0,2081.0,,,,new_hypertension,new_hypertension,clinicalbert_type1_clinicalbert_pool,knn,0,12,brier,0.3129411764705883
2418,2418,2082.0,2082.0,,,,new_hypertension,new_hypertension,clinicalbert_type1_clinicalbert_pool,knn,1,12,auroc,0.491510292375573
2419,2419,2083.0,2083.0,,,,new_hypertension,new_hypertension,clinicalbert_type1_clinicalbert_pool,knn,1,12,auprc,0.1245657744267649
2420,2420,2084.0,2084.0,,,,new_hypertension,new_hypertension,clinicalbert_type1_clinicalbert_pool,knn,1,12,brier,0.5500794912559619
2421,2421,2085.0,2085.0,,,,new_hypertension,new_hypertension,clinicalbert_type1_clinicalbert_pool,knn,2,12,auroc,0.524201532553894
2422,2422,2086.0,2086.0,,,,new_hypertension,new_hypertension,clinicalbert_type1_clinicalbert_pool,knn,2,12,auprc,0.1321208190134315
2423,2423,2087.0,2087.0,,,,new_hypertension,new_hypertension,clinicalbert_type1_clinicalbert_pool,knn,2,12,brier,0.5540540540540541
2424,2424,2088.0,2088.0,,,,new_hypertension,new_hypertension,clinicalbert_type1_clinicalbert_pool,knn,3,12,auroc,0.5356127068060731
2425,2425,2089.0,2089.0,,,,new_hypertension,new_hypertension,clinicalbert_type1_clinicalbert_pool,knn,3,12,auprc,0.135667484833549
2426,2426,2090.0,2090.0,,,,new_hypertension,new_hypertension,clinicalbert_type1_clinicalbert_pool,knn,3,12,brier,0.3696343402225755
2427,2427,2091.0,2091.0,,,,new_hypertension,new_hypertension,clinicalbert_type1_clinicalbert_pool,knn,4,12,auroc,0.5175202156334232
2428,2428,2092.0,2092.0,,,,new_hypertension,new_hypertension,clinicalbert_type1_clinicalbert_pool,knn,4,12,auprc,0.1306683388114978
2429,2429,2093.0,2093.0,,,,new_hypertension,new_hypertension,clinicalbert_type1_clinicalbert_pool,knn,4,12,brier,0.3354531001589825
2430,2430,2094.0,2094.0,,,,new_hypertension,new_hypertension,clinicalbert_type1_clinicalbert_pool,knn,0,16,auroc,0.5462026656594617
2431,2431,2095.0,2095.0,,,,new_hypertension,new_hypertension,clinicalbert_type1_clinicalbert_pool,knn,0,16,auprc,0.1397298302157303
2432,2432,2096.0,2096.0,,,,new_hypertension,new_hypertension,clinicalbert_type1_clinicalbert_pool,knn,0,16,brier,0.2813672496025437
2433,2433,2097.0,2097.0,,,,new_hypertension,new_hypertension,clinicalbert_type1_clinicalbert_pool,knn,1,16,auroc,0.4699383659244253
2434,2434,2098.0,2098.0,,,,new_hypertension,new_hypertension,clinicalbert_type1_clinicalbert_pool,knn,1,16,auprc,0.1196907693269346
2435,2435,2099.0,2099.0,,,,new_hypertension,new_hypertension,clinicalbert_type1_clinicalbert_pool,knn,1,16,brier,0.3503797915562622
2436,2436,2100.0,2100.0,,,,new_hypertension,new_hypertension,clinicalbert_type1_clinicalbert_pool,knn,2,16,auroc,0.5235319701729989
2437,2437,2101.0,2101.0,,,,new_hypertension,new_hypertension,clinicalbert_type1_clinicalbert_pool,knn,2,16,auprc,0.1319761473636743
2438,2438,2102.0,2102.0,,,,new_hypertension,new_hypertension,clinicalbert_type1_clinicalbert_pool,knn,2,16,brier,0.527027027027027
2439,2439,2103.0,2103.0,,,,new_hypertension,new_hypertension,clinicalbert_type1_clinicalbert_pool,knn,3,16,auroc,0.5262331107181485
2440,2440,2104.0,2104.0,,,,new_hypertension,new_hypertension,clinicalbert_type1_clinicalbert_pool,knn,3,16,auprc,0.1328366379698233
2441,2441,2105.0,2105.0,,,,new_hypertension,new_hypertension,clinicalbert_type1_clinicalbert_pool,knn,3,16,brier,0.4189189189189189
2442,2442,2106.0,2106.0,,,,new_hypertension,new_hypertension,clinicalbert_type1_clinicalbert_pool,knn,4,16,auroc,0.5839986036476843
2443,2443,2107.0,2107.0,,,,new_hypertension,new_hypertension,clinicalbert_type1_clinicalbert_pool,knn,4,16,auprc,0.1609671377734577
2444,2444,2108.0,2108.0,,,,new_hypertension,new_hypertension,clinicalbert_type1_clinicalbert_pool,knn,4,16,brier,0.2356551592727888
2445,2445,2109.0,2109.0,,,,new_hypertension,new_hypertension,clinicalbert_type1_clinicalbert_pool,knn,0,24,auroc,0.6014358393279196
2446,2446,2110.0,2110.0,,,,new_hypertension,new_hypertension,clinicalbert_type1_clinicalbert_pool,knn,0,24,auprc,0.1636407826940145
2447,2447,2111.0,2111.0,,,,new_hypertension,new_hypertension,clinicalbert_type1_clinicalbert_pool,knn,0,24,brier,0.2754848966613673
2448,2448,2112.0,2112.0,,,,new_hypertension,new_hypertension,clinicalbert_type1_clinicalbert_pool,knn,1,24,auroc,0.4794352784978912
2449,2449,2113.0,2113.0,,,,new_hypertension,new_hypertension,clinicalbert_type1_clinicalbert_pool,knn,1,24,auprc,0.1221730329212356
2450,2450,2114.0,2114.0,,,,new_hypertension,new_hypertension,clinicalbert_type1_clinicalbert_pool,knn,1,24,brier,0.2917965023847377
2451,2451,2115.0,2115.0,,,,new_hypertension,new_hypertension,clinicalbert_type1_clinicalbert_pool,knn,2,24,auroc,0.5396701403791897
2452,2452,2116.0,2116.0,,,,new_hypertension,new_hypertension,clinicalbert_type1_clinicalbert_pool,knn,2,24,auprc,0.1362366048825538
2453,2453,2117.0,2117.0,,,,new_hypertension,new_hypertension,clinicalbert_type1_clinicalbert_pool,knn,2,24,brier,0.527027027027027
2454,2454,2118.0,2118.0,,,,new_hypertension,new_hypertension,clinicalbert_type1_clinicalbert_pool,knn,3,24,auroc,0.4846859065702955
2455,2455,2119.0,2119.0,,,,new_hypertension,new_hypertension,clinicalbert_type1_clinicalbert_pool,knn,3,24,auprc,0.1256488386709844
2456,2456,2120.0,2120.0,,,,new_hypertension,new_hypertension,clinicalbert_type1_clinicalbert_pool,knn,3,24,brier,0.301666656866372
2457,2457,2121.0,2121.0,,,,new_hypertension,new_hypertension,clinicalbert_type1_clinicalbert_pool,knn,4,24,auroc,0.5581203037638562
2458,2458,2122.0,2122.0,,,,new_hypertension,new_hypertension,clinicalbert_type1_clinicalbert_pool,knn,4,24,auprc,0.1430039239462461
2459,2459,2123.0,2123.0,,,,new_hypertension,new_hypertension,clinicalbert_type1_clinicalbert_pool,knn,4,24,brier,0.3585055643879173
2460,2460,2124.0,2124.0,,,,new_hypertension,new_hypertension,clinicalbert_type1_clinicalbert_pool,knn,0,32,auroc,0.5879530276237402
2461,2461,2125.0,2125.0,,,,new_hypertension,new_hypertension,clinicalbert_type1_clinicalbert_pool,knn,0,32,auprc,0.1671558027293755
2462,2462,2126.0,2126.0,,,,new_hypertension,new_hypertension,clinicalbert_type1_clinicalbert_pool,knn,0,32,brier,0.2873131955484897
2463,2463,2127.0,2127.0,,,,new_hypertension,new_hypertension,clinicalbert_type1_clinicalbert_pool,knn,1,32,auroc,0.4948495201469603
2464,2464,2128.0,2128.0,,,,new_hypertension,new_hypertension,clinicalbert_type1_clinicalbert_pool,knn,1,32,auprc,0.1260480078136585
2465,2465,2129.0,2129.0,,,,new_hypertension,new_hypertension,clinicalbert_type1_clinicalbert_pool,knn,1,32,brier,0.3149761526232114
2466,2466,2130.0,2130.0,,,,new_hypertension,new_hypertension,clinicalbert_type1_clinicalbert_pool,knn,2,32,auroc,0.5233316737342696
2467,2467,2131.0,2131.0,,,,new_hypertension,new_hypertension,clinicalbert_type1_clinicalbert_pool,knn,2,32,auprc,0.131904465918585
2468,2468,2132.0,2132.0,,,,new_hypertension,new_hypertension,clinicalbert_type1_clinicalbert_pool,knn,2,32,brier,0.5508744038155803
2469,2469,2133.0,2133.0,,,,new_hypertension,new_hypertension,clinicalbert_type1_clinicalbert_pool,knn,3,32,auroc,0.4996881098311215
2470,2470,2134.0,2134.0,,,,new_hypertension,new_hypertension,clinicalbert_type1_clinicalbert_pool,knn,3,32,auprc,0.1257713120911618
2471,2471,2135.0,2135.0,,,,new_hypertension,new_hypertension,clinicalbert_type1_clinicalbert_pool,knn,3,32,brier,0.2977106518282989
2472,2472,2136.0,2136.0,,,,new_hypertension,new_hypertension,clinicalbert_type1_clinicalbert_pool,knn,4,32,auroc,0.5343021958212439
2473,2473,2137.0,2137.0,,,,new_hypertension,new_hypertension,clinicalbert_type1_clinicalbert_pool,knn,4,32,auprc,0.1302298791633181
2474,2474,2138.0,2138.0,,,,new_hypertension,new_hypertension,clinicalbert_type1_clinicalbert_pool,knn,4,32,brier,0.2770139036813409
2475,2475,2139.0,2139.0,,,,new_hypertension,new_hypertension,clinicalbert_type1_clinicalbert_pool,knn,0,48,auroc,0.564283711321327
2476,2476,2140.0,2140.0,,,,new_hypertension,new_hypertension,clinicalbert_type1_clinicalbert_pool,knn,0,48,auprc,0.1442630876413724
2477,2477,2141.0,2141.0,,,,new_hypertension,new_hypertension,clinicalbert_type1_clinicalbert_pool,knn,0,48,brier,0.2882882882882883
2478,2478,2142.0,2142.0,,,,new_hypertension,new_hypertension,clinicalbert_type1_clinicalbert_pool,knn,1,48,auroc,0.5417732529858476
2479,2479,2143.0,2143.0,,,,new_hypertension,new_hypertension,clinicalbert_type1_clinicalbert_pool,knn,1,48,auprc,0.1432398243359686
2480,2480,2144.0,2144.0,,,,new_hypertension,new_hypertension,clinicalbert_type1_clinicalbert_pool,knn,1,48,brier,0.2792267265289146
2481,2481,2145.0,2145.0,,,,new_hypertension,new_hypertension,clinicalbert_type1_clinicalbert_pool,knn,2,48,auroc,0.5227021706411203
2482,2482,2146.0,2146.0,,,,new_hypertension,new_hypertension,clinicalbert_type1_clinicalbert_pool,knn,2,48,auprc,0.1317734547724824
2483,2483,2147.0,2147.0,,,,new_hypertension,new_hypertension,clinicalbert_type1_clinicalbert_pool,knn,2,48,brier,0.5190779014308426
2484,2484,2148.0,2148.0,,,,new_hypertension,new_hypertension,clinicalbert_type1_clinicalbert_pool,knn,3,48,auroc,0.4983718760909003
2485,2485,2149.0,2149.0,,,,new_hypertension,new_hypertension,clinicalbert_type1_clinicalbert_pool,knn,3,48,auprc,0.129308659606593
2486,2486,2150.0,2150.0,,,,new_hypertension,new_hypertension,clinicalbert_type1_clinicalbert_pool,knn,3,48,brier,0.3104928457869634
2487,2487,2151.0,2151.0,,,,new_hypertension,new_hypertension,clinicalbert_type1_clinicalbert_pool,knn,4,48,auroc,0.5557053009883198
2488,2488,2152.0,2152.0,,,,new_hypertension,new_hypertension,clinicalbert_type1_clinicalbert_pool,knn,4,48,auprc,0.1392578772123026
2489,2489,2153.0,2153.0,,,,new_hypertension,new_hypertension,clinicalbert_type1_clinicalbert_pool,knn,4,48,brier,0.3045398339515986
2490,2490,2154.0,2154.0,,,,new_hypertension,new_hypertension,clinicalbert_type1_clinicalbert_pool,knn,0,64,auroc,0.5479080467663571
2491,2491,2155.0,2155.0,,,,new_hypertension,new_hypertension,clinicalbert_type1_clinicalbert_pool,knn,0,64,auprc,0.1409220698767556
2492,2492,2156.0,2156.0,,,,new_hypertension,new_hypertension,clinicalbert_type1_clinicalbert_pool,knn,0,64,brier,0.2632432432432433
2493,2493,2157.0,2157.0,,,,new_hypertension,new_hypertension,clinicalbert_type1_clinicalbert_pool,knn,1,64,auroc,0.5594393988817736
2494,2494,2158.0,2158.0,,,,new_hypertension,new_hypertension,clinicalbert_type1_clinicalbert_pool,knn,1,64,auprc,0.1557412140790355
2495,2495,2159.0,2159.0,,,,new_hypertension,new_hypertension,clinicalbert_type1_clinicalbert_pool,knn,1,64,brier,0.3080427647309475
2496,2496,2160.0,2160.0,,,,new_hypertension,new_hypertension,clinicalbert_type1_clinicalbert_pool,knn,2,64,auroc,0.5599201103347239
2497,2497,2161.0,2161.0,,,,new_hypertension,new_hypertension,clinicalbert_type1_clinicalbert_pool,knn,2,64,auprc,0.1407903484305777
2498,2498,2162.0,2162.0,,,,new_hypertension,new_hypertension,clinicalbert_type1_clinicalbert_pool,knn,2,64,brier,0.3538189402652136
2499,2499,2163.0,2163.0,,,,new_hypertension,new_hypertension,clinicalbert_type1_clinicalbert_pool,knn,3,64,auroc,0.5636885447605313
2500,2500,2164.0,2164.0,,,,new_hypertension,new_hypertension,clinicalbert_type1_clinicalbert_pool,knn,3,64,auprc,0.156216926376388
2501,2501,2165.0,2165.0,,,,new_hypertension,new_hypertension,clinicalbert_type1_clinicalbert_pool,knn,3,64,brier,0.3180112122382608
2502,2502,2166.0,2166.0,,,,new_hypertension,new_hypertension,clinicalbert_type1_clinicalbert_pool,knn,4,64,auroc,0.5644725622492718
2503,2503,2167.0,2167.0,,,,new_hypertension,new_hypertension,clinicalbert_type1_clinicalbert_pool,knn,4,64,auprc,0.1450803316783814
2504,2504,2168.0,2168.0,,,,new_hypertension,new_hypertension,clinicalbert_type1_clinicalbert_pool,knn,4,64,brier,0.2772972972972973
2505,2505,2169.0,2169.0,,,,new_hypertension,new_hypertension,clinicalbert_type1_clinicalbert_pool,knn,0,128,auroc,0.5799383086968714
2506,2506,2170.0,2170.0,,,,new_hypertension,new_hypertension,clinicalbert_type1_clinicalbert_pool,knn,0,128,auprc,0.1469426685332771
2507,2507,2171.0,2171.0,,,,new_hypertension,new_hypertension,clinicalbert_type1_clinicalbert_pool,knn,0,128,brier,0.3158378565966156
2508,2508,2172.0,2172.0,,,,new_hypertension,new_hypertension,clinicalbert_type1_clinicalbert_pool,knn,1,128,auroc,0.6083145913094237
2509,2509,2173.0,2173.0,,,,new_hypertension,new_hypertension,clinicalbert_type1_clinicalbert_pool,knn,1,128,auprc,0.1716747687377345
2510,2510,2174.0,2174.0,,,,new_hypertension,new_hypertension,clinicalbert_type1_clinicalbert_pool,knn,1,128,brier,0.3084356451417164
2511,2511,2175.0,2175.0,,,,new_hypertension,new_hypertension,clinicalbert_type1_clinicalbert_pool,knn,2,128,auroc,0.5719894014570135
2512,2512,2176.0,2176.0,,,,new_hypertension,new_hypertension,clinicalbert_type1_clinicalbert_pool,knn,2,128,auprc,0.1498642391459063
2513,2513,2177.0,2177.0,,,,new_hypertension,new_hypertension,clinicalbert_type1_clinicalbert_pool,knn,2,128,brier,0.2990461049284579
2514,2514,2178.0,2178.0,,,,new_hypertension,new_hypertension,clinicalbert_type1_clinicalbert_pool,knn,3,128,auroc,0.5824391528032918
2515,2515,2179.0,2179.0,,,,new_hypertension,new_hypertension,clinicalbert_type1_clinicalbert_pool,knn,3,128,auprc,0.1440802003944218
2516,2516,2180.0,2180.0,,,,new_hypertension,new_hypertension,clinicalbert_type1_clinicalbert_pool,knn,3,128,brier,0.3456941950141493
2517,2517,2181.0,2181.0,,,,new_hypertension,new_hypertension,clinicalbert_type1_clinicalbert_pool,knn,4,128,auroc,0.56589466696425
2518,2518,2182.0,2182.0,,,,new_hypertension,new_hypertension,clinicalbert_type1_clinicalbert_pool,knn,4,128,auprc,0.1473683593327343
2519,2519,2183.0,2183.0,,,,new_hypertension,new_hypertension,clinicalbert_type1_clinicalbert_pool,knn,4,128,brier,0.3304451721900706
2520,2520,2184.0,2184.0,,,,new_hypertension,new_hypertension,clinicalbert_type1_clinicalbert_pool,rf,0,-1,auroc,0.6207530001545144
2521,2521,2185.0,2185.0,,,,new_hypertension,new_hypertension,clinicalbert_type1_clinicalbert_pool,rf,0,-1,auprc,0.1732499098823564
2522,2522,2186.0,2186.0,,,,new_hypertension,new_hypertension,clinicalbert_type1_clinicalbert_pool,rf,0,-1,brier,0.1089950540648119
2523,2523,2187.0,2187.0,,,,new_hypertension,new_hypertension,clinicalbert_type1_clinicalbert_pool,rf,0,1,auroc,0.433438632032551
2524,2524,2188.0,2188.0,,,,new_hypertension,new_hypertension,clinicalbert_type1_clinicalbert_pool,rf,0,1,auprc,0.1100120869085747
2525,2525,2189.0,2189.0,,,,new_hypertension,new_hypertension,clinicalbert_type1_clinicalbert_pool,rf,0,1,brier,0.341154213036566
2526,2526,2190.0,2190.0,,,,new_hypertension,new_hypertension,clinicalbert_type1_clinicalbert_pool,rf,1,1,auroc,0.5282933026593645
2527,2527,2191.0,2191.0,,,,new_hypertension,new_hypertension,clinicalbert_type1_clinicalbert_pool,rf,1,1,auprc,0.1336035164046058
2528,2528,2192.0,2192.0,,,,new_hypertension,new_hypertension,clinicalbert_type1_clinicalbert_pool,rf,1,1,brier,0.2574947535771065
2529,2529,2193.0,2193.0,,,,new_hypertension,new_hypertension,clinicalbert_type1_clinicalbert_pool,rf,2,1,auroc,0.4977595412639278
2530,2530,2194.0,2194.0,,,,new_hypertension,new_hypertension,clinicalbert_type1_clinicalbert_pool,rf,2,1,auprc,0.1221937761777409
2531,2531,2195.0,2195.0,,,,new_hypertension,new_hypertension,clinicalbert_type1_clinicalbert_pool,rf,2,1,brier,0.3221589825119237
2532,2532,2196.0,2196.0,,,,new_hypertension,new_hypertension,clinicalbert_type1_clinicalbert_pool,rf,3,1,auroc,0.4978682736163808
2533,2533,2197.0,2197.0,,,,new_hypertension,new_hypertension,clinicalbert_type1_clinicalbert_pool,rf,3,1,auprc,0.128551018489181
2534,2534,2198.0,2198.0,,,,new_hypertension,new_hypertension,clinicalbert_type1_clinicalbert_pool,rf,3,1,brier,0.2600585055643879
2535,2535,2199.0,2199.0,,,,new_hypertension,new_hypertension,clinicalbert_type1_clinicalbert_pool,rf,4,1,auroc,0.4330180095112194
2536,2536,2200.0,2200.0,,,,new_hypertension,new_hypertension,clinicalbert_type1_clinicalbert_pool,rf,4,1,auprc,0.1101661338001639
2537,2537,2201.0,2201.0,,,,new_hypertension,new_hypertension,clinicalbert_type1_clinicalbert_pool,rf,4,1,brier,0.5145886327503976
2538,2538,2202.0,2202.0,,,,new_hypertension,new_hypertension,clinicalbert_type1_clinicalbert_pool,rf,0,2,auroc,0.525683726200491
2539,2539,2203.0,2203.0,,,,new_hypertension,new_hypertension,clinicalbert_type1_clinicalbert_pool,rf,0,2,auprc,0.1338548464800106
2540,2540,2204.0,2204.0,,,,new_hypertension,new_hypertension,clinicalbert_type1_clinicalbert_pool,rf,0,2,brier,0.3851589825119236
2541,2541,2205.0,2205.0,,,,new_hypertension,new_hypertension,clinicalbert_type1_clinicalbert_pool,rf,1,2,auroc,0.5747420468006935
2542,2542,2206.0,2206.0,,,,new_hypertension,new_hypertension,clinicalbert_type1_clinicalbert_pool,rf,1,2,auprc,0.1603287187566637
2543,2543,2207.0,2207.0,,,,new_hypertension,new_hypertension,clinicalbert_type1_clinicalbert_pool,rf,1,2,brier,0.382845786963434
2544,2544,2208.0,2208.0,,,,new_hypertension,new_hypertension,clinicalbert_type1_clinicalbert_pool,rf,2,2,auroc,0.5262416948512371
2545,2545,2209.0,2209.0,,,,new_hypertension,new_hypertension,clinicalbert_type1_clinicalbert_pool,rf,2,2,auprc,0.1287539110562362
2546,2546,2210.0,2210.0,,,,new_hypertension,new_hypertension,clinicalbert_type1_clinicalbert_pool,rf,2,2,brier,0.2675593004769475
2547,2547,2211.0,2211.0,,,,new_hypertension,new_hypertension,clinicalbert_type1_clinicalbert_pool,rf,3,2,auroc,0.565462598932134
2548,2548,2212.0,2212.0,,,,new_hypertension,new_hypertension,clinicalbert_type1_clinicalbert_pool,rf,3,2,auprc,0.1492413884930488
2549,2549,2213.0,2213.0,,,,new_hypertension,new_hypertension,clinicalbert_type1_clinicalbert_pool,rf,3,2,brier,0.276808426073132
2550,2550,2214.0,2214.0,,,,new_hypertension,new_hypertension,clinicalbert_type1_clinicalbert_pool,rf,4,2,auroc,0.4971357609261707
2551,2551,2215.0,2215.0,,,,new_hypertension,new_hypertension,clinicalbert_type1_clinicalbert_pool,rf,4,2,auprc,0.1255175722977239
2552,2552,2216.0,2216.0,,,,new_hypertension,new_hypertension,clinicalbert_type1_clinicalbert_pool,rf,4,2,brier,0.2266693163751987
2553,2553,2217.0,2217.0,,,,new_hypertension,new_hypertension,clinicalbert_type1_clinicalbert_pool,rf,0,4,auroc,0.5887885499110111
2554,2554,2218.0,2218.0,,,,new_hypertension,new_hypertension,clinicalbert_type1_clinicalbert_pool,rf,0,4,auprc,0.1638944994885368
2555,2555,2219.0,2219.0,,,,new_hypertension,new_hypertension,clinicalbert_type1_clinicalbert_pool,rf,0,4,brier,0.2502696343402226
2556,2556,2220.0,2220.0,,,,new_hypertension,new_hypertension,clinicalbert_type1_clinicalbert_pool,rf,1,4,auroc,0.5076341556932832
2557,2557,2221.0,2221.0,,,,new_hypertension,new_hypertension,clinicalbert_type1_clinicalbert_pool,rf,1,4,auprc,0.1342874118620695
2558,2558,2222.0,2222.0,,,,new_hypertension,new_hypertension,clinicalbert_type1_clinicalbert_pool,rf,1,4,brier,0.3266971383147853
2559,2559,2223.0,2223.0,,,,new_hypertension,new_hypertension,clinicalbert_type1_clinicalbert_pool,rf,2,4,auroc,0.5726045976616821
2560,2560,2224.0,2224.0,,,,new_hypertension,new_hypertension,clinicalbert_type1_clinicalbert_pool,rf,2,4,auprc,0.1548390825130316
2561,2561,2225.0,2225.0,,,,new_hypertension,new_hypertension,clinicalbert_type1_clinicalbert_pool,rf,2,4,brier,0.2781836248012719
2562,2562,2226.0,2226.0,,,,new_hypertension,new_hypertension,clinicalbert_type1_clinicalbert_pool,rf,3,4,auroc,0.5901791794713318
2563,2563,2227.0,2227.0,,,,new_hypertension,new_hypertension,clinicalbert_type1_clinicalbert_pool,rf,3,4,auprc,0.1703360921445961
2564,2564,2228.0,2228.0,,,,new_hypertension,new_hypertension,clinicalbert_type1_clinicalbert_pool,rf,3,4,brier,0.2836804451510334
2565,2565,2229.0,2229.0,,,,new_hypertension,new_hypertension,clinicalbert_type1_clinicalbert_pool,rf,4,4,auroc,0.469738069485696
2566,2566,2230.0,2230.0,,,,new_hypertension,new_hypertension,clinicalbert_type1_clinicalbert_pool,rf,4,4,auprc,0.121212585625425
2567,2567,2231.0,2231.0,,,,new_hypertension,new_hypertension,clinicalbert_type1_clinicalbert_pool,rf,4,4,brier,0.2355882352941176
2568,2568,2232.0,2232.0,,,,new_hypertension,new_hypertension,clinicalbert_type1_clinicalbert_pool,rf,0,8,auroc,0.5888944208857682
2569,2569,2233.0,2233.0,,,,new_hypertension,new_hypertension,clinicalbert_type1_clinicalbert_pool,rf,0,8,auprc,0.1596246675794191
2570,2570,2234.0,2234.0,,,,new_hypertension,new_hypertension,clinicalbert_type1_clinicalbert_pool,rf,0,8,brier,0.2415093799682035
2571,2571,2235.0,2235.0,,,,new_hypertension,new_hypertension,clinicalbert_type1_clinicalbert_pool,rf,1,8,auroc,0.5584465008212154
2572,2572,2236.0,2236.0,,,,new_hypertension,new_hypertension,clinicalbert_type1_clinicalbert_pool,rf,1,8,auprc,0.1471880889820166
2573,2573,2237.0,2237.0,,,,new_hypertension,new_hypertension,clinicalbert_type1_clinicalbert_pool,rf,1,8,brier,0.3037853471118177
2574,2574,2238.0,2238.0,,,,new_hypertension,new_hypertension,clinicalbert_type1_clinicalbert_pool,rf,2,8,auroc,0.5250341934634688
2575,2575,2239.0,2239.0,,,,new_hypertension,new_hypertension,clinicalbert_type1_clinicalbert_pool,rf,2,8,auprc,0.1376223778677952
2576,2576,2240.0,2240.0,,,,new_hypertension,new_hypertension,clinicalbert_type1_clinicalbert_pool,rf,2,8,brier,0.3057869634340223
2577,2577,2241.0,2241.0,,,,new_hypertension,new_hypertension,clinicalbert_type1_clinicalbert_pool,rf,3,8,auroc,0.5753829954046275
2578,2578,2242.0,2242.0,,,,new_hypertension,new_hypertension,clinicalbert_type1_clinicalbert_pool,rf,3,8,auprc,0.1558173472618883
2579,2579,2243.0,2243.0,,,,new_hypertension,new_hypertension,clinicalbert_type1_clinicalbert_pool,rf,3,8,brier,0.3501828298887122
2580,2580,2244.0,2244.0,,,,new_hypertension,new_hypertension,clinicalbert_type1_clinicalbert_pool,rf,4,8,auroc,0.5420708362662454
2581,2581,2245.0,2245.0,,,,new_hypertension,new_hypertension,clinicalbert_type1_clinicalbert_pool,rf,4,8,auprc,0.140784507441552
2582,2582,2246.0,2246.0,,,,new_hypertension,new_hypertension,clinicalbert_type1_clinicalbert_pool,rf,4,8,brier,0.2472033386327504
2583,2583,2247.0,2247.0,,,,new_hypertension,new_hypertension,clinicalbert_type1_clinicalbert_pool,rf,0,12,auroc,0.6041856232939036
2584,2584,2248.0,2248.0,,,,new_hypertension,new_hypertension,clinicalbert_type1_clinicalbert_pool,rf,0,12,auprc,0.1649182459399666
2585,2585,2249.0,2249.0,,,,new_hypertension,new_hypertension,clinicalbert_type1_clinicalbert_pool,rf,0,12,brier,0.2794823529411764
2586,2586,2250.0,2250.0,,,,new_hypertension,new_hypertension,clinicalbert_type1_clinicalbert_pool,rf,1,12,auroc,0.5209223937141255
2587,2587,2251.0,2251.0,,,,new_hypertension,new_hypertension,clinicalbert_type1_clinicalbert_pool,rf,1,12,auprc,0.1445915113792018
2588,2588,2252.0,2252.0,,,,new_hypertension,new_hypertension,clinicalbert_type1_clinicalbert_pool,rf,1,12,brier,0.3321984101748808
2589,2589,2253.0,2253.0,,,,new_hypertension,new_hypertension,clinicalbert_type1_clinicalbert_pool,rf,2,12,auroc,0.559230518309956
2590,2590,2254.0,2254.0,,,,new_hypertension,new_hypertension,clinicalbert_type1_clinicalbert_pool,rf,2,12,auprc,0.1562676717325304
2591,2591,2255.0,2255.0,,,,new_hypertension,new_hypertension,clinicalbert_type1_clinicalbert_pool,rf,2,12,brier,0.2175596184419714
2592,2592,2256.0,2256.0,,,,new_hypertension,new_hypertension,clinicalbert_type1_clinicalbert_pool,rf,3,12,auroc,0.5764502892852851
2593,2593,2257.0,2257.0,,,,new_hypertension,new_hypertension,clinicalbert_type1_clinicalbert_pool,rf,3,12,auprc,0.1660241725937538
2594,2594,2258.0,2258.0,,,,new_hypertension,new_hypertension,clinicalbert_type1_clinicalbert_pool,rf,3,12,brier,0.2684295707472178
2595,2595,2259.0,2259.0,,,,new_hypertension,new_hypertension,clinicalbert_type1_clinicalbert_pool,rf,4,12,auroc,0.4632627717593466
2596,2596,2260.0,2260.0,,,,new_hypertension,new_hypertension,clinicalbert_type1_clinicalbert_pool,rf,4,12,auprc,0.1184551951492712
2597,2597,2261.0,2261.0,,,,new_hypertension,new_hypertension,clinicalbert_type1_clinicalbert_pool,rf,4,12,brier,0.2666494435612083
2598,2598,2262.0,2262.0,,,,new_hypertension,new_hypertension,clinicalbert_type1_clinicalbert_pool,rf,0,16,auroc,0.5975186132619134
2599,2599,2263.0,2263.0,,,,new_hypertension,new_hypertension,clinicalbert_type1_clinicalbert_pool,rf,0,16,auprc,0.167947020484556
2600,2600,2264.0,2264.0,,,,new_hypertension,new_hypertension,clinicalbert_type1_clinicalbert_pool,rf,0,16,brier,0.2764030206677266
2601,2601,2265.0,2265.0,,,,new_hypertension,new_hypertension,clinicalbert_type1_clinicalbert_pool,rf,1,16,auroc,0.537461156797775
2602,2602,2266.0,2266.0,,,,new_hypertension,new_hypertension,clinicalbert_type1_clinicalbert_pool,rf,1,16,auprc,0.1482042240558846
2603,2603,2267.0,2267.0,,,,new_hypertension,new_hypertension,clinicalbert_type1_clinicalbert_pool,rf,1,16,brier,0.2732949125596184
2604,2604,2268.0,2268.0,,,,new_hypertension,new_hypertension,clinicalbert_type1_clinicalbert_pool,rf,2,16,auroc,0.5296324274211547
2605,2605,2269.0,2269.0,,,,new_hypertension,new_hypertension,clinicalbert_type1_clinicalbert_pool,rf,2,16,auprc,0.1442877502842546
2606,2606,2270.0,2270.0,,,,new_hypertension,new_hypertension,clinicalbert_type1_clinicalbert_pool,rf,2,16,brier,0.2492317965023847
2607,2607,2271.0,2271.0,,,,new_hypertension,new_hypertension,clinicalbert_type1_clinicalbert_pool,rf,3,16,auroc,0.5308485129420113
2608,2608,2272.0,2272.0,,,,new_hypertension,new_hypertension,clinicalbert_type1_clinicalbert_pool,rf,3,16,auprc,0.1495317713204985
2609,2609,2273.0,2273.0,,,,new_hypertension,new_hypertension,clinicalbert_type1_clinicalbert_pool,rf,3,16,brier,0.2954689984101749
2610,2610,2274.0,2274.0,,,,new_hypertension,new_hypertension,clinicalbert_type1_clinicalbert_pool,rf,4,16,auroc,0.5861474982974803
2611,2611,2275.0,2275.0,,,,new_hypertension,new_hypertension,clinicalbert_type1_clinicalbert_pool,rf,4,16,auprc,0.1718821876420435
2612,2612,2276.0,2276.0,,,,new_hypertension,new_hypertension,clinicalbert_type1_clinicalbert_pool,rf,4,16,brier,0.2945488871224165
2613,2613,2277.0,2277.0,,,,new_hypertension,new_hypertension,clinicalbert_type1_clinicalbert_pool,rf,0,24,auroc,0.5619087678335365
2614,2614,2278.0,2278.0,,,,new_hypertension,new_hypertension,clinicalbert_type1_clinicalbert_pool,rf,0,24,auprc,0.1583501718000276
2615,2615,2279.0,2279.0,,,,new_hypertension,new_hypertension,clinicalbert_type1_clinicalbert_pool,rf,0,24,brier,0.2527980922098569
2616,2616,2280.0,2280.0,,,,new_hypertension,new_hypertension,clinicalbert_type1_clinicalbert_pool,rf,1,24,auroc,0.533872989166824
2617,2617,2281.0,2281.0,,,,new_hypertension,new_hypertension,clinicalbert_type1_clinicalbert_pool,rf,1,24,auprc,0.1374890349388078
2618,2618,2282.0,2282.0,,,,new_hypertension,new_hypertension,clinicalbert_type1_clinicalbert_pool,rf,1,24,brier,0.28379173290938
2619,2619,2283.0,2283.0,,,,new_hypertension,new_hypertension,clinicalbert_type1_clinicalbert_pool,rf,2,24,auroc,0.5851488774815299
2620,2620,2284.0,2284.0,,,,new_hypertension,new_hypertension,clinicalbert_type1_clinicalbert_pool,rf,2,24,auprc,0.152699835885787
2621,2621,2285.0,2285.0,,,,new_hypertension,new_hypertension,clinicalbert_type1_clinicalbert_pool,rf,2,24,brier,0.235993640699523
2622,2622,2286.0,2286.0,,,,new_hypertension,new_hypertension,clinicalbert_type1_clinicalbert_pool,rf,3,24,auroc,0.5036282269186968
2623,2623,2287.0,2287.0,,,,new_hypertension,new_hypertension,clinicalbert_type1_clinicalbert_pool,rf,3,24,auprc,0.1237006913168421
2624,2624,2288.0,2288.0,,,,new_hypertension,new_hypertension,clinicalbert_type1_clinicalbert_pool,rf,3,24,brier,0.2736248012718601
2625,2625,2289.0,2289.0,,,,new_hypertension,new_hypertension,clinicalbert_type1_clinicalbert_pool,rf,4,24,auroc,0.5879129683359945
2626,2626,2290.0,2290.0,,,,new_hypertension,new_hypertension,clinicalbert_type1_clinicalbert_pool,rf,4,24,auprc,0.1720138859021075
2627,2627,2291.0,2291.0,,,,new_hypertension,new_hypertension,clinicalbert_type1_clinicalbert_pool,rf,4,24,brier,0.2463372019077901
2628,2628,2292.0,2292.0,,,,new_hypertension,new_hypertension,clinicalbert_type1_clinicalbert_pool,rf,0,32,auroc,0.6292484305343338
2629,2629,2293.0,2293.0,,,,new_hypertension,new_hypertension,clinicalbert_type1_clinicalbert_pool,rf,0,32,auprc,0.1853769985967981
2630,2630,2294.0,2294.0,,,,new_hypertension,new_hypertension,clinicalbert_type1_clinicalbert_pool,rf,0,32,brier,0.2658783783783784
2631,2631,2295.0,2295.0,,,,new_hypertension,new_hypertension,clinicalbert_type1_clinicalbert_pool,rf,1,32,auroc,0.5445659576172736
2632,2632,2296.0,2296.0,,,,new_hypertension,new_hypertension,clinicalbert_type1_clinicalbert_pool,rf,1,32,auprc,0.1505212329952515
2633,2633,2297.0,2297.0,,,,new_hypertension,new_hypertension,clinicalbert_type1_clinicalbert_pool,rf,1,32,brier,0.2600139109697933
2634,2634,2298.0,2298.0,,,,new_hypertension,new_hypertension,clinicalbert_type1_clinicalbert_pool,rf,2,32,auroc,0.5904767627517297
2635,2635,2299.0,2299.0,,,,new_hypertension,new_hypertension,clinicalbert_type1_clinicalbert_pool,rf,2,32,auprc,0.1497031917430051
2636,2636,2300.0,2300.0,,,,new_hypertension,new_hypertension,clinicalbert_type1_clinicalbert_pool,rf,2,32,brier,0.2229232909379968
2637,2637,2301.0,2301.0,,,,new_hypertension,new_hypertension,clinicalbert_type1_clinicalbert_pool,rf,3,32,auroc,0.5058658242770729
2638,2638,2302.0,2302.0,,,,new_hypertension,new_hypertension,clinicalbert_type1_clinicalbert_pool,rf,3,32,auprc,0.1310426432196192
2639,2639,2303.0,2303.0,,,,new_hypertension,new_hypertension,clinicalbert_type1_clinicalbert_pool,rf,3,32,brier,0.2780981717011129
2640,2640,2304.0,2304.0,,,,new_hypertension,new_hypertension,clinicalbert_type1_clinicalbert_pool,rf,4,32,auroc,0.5296524570650277
2641,2641,2305.0,2305.0,,,,new_hypertension,new_hypertension,clinicalbert_type1_clinicalbert_pool,rf,4,32,auprc,0.1431486751628052
2642,2642,2306.0,2306.0,,,,new_hypertension,new_hypertension,clinicalbert_type1_clinicalbert_pool,rf,4,32,brier,0.2690222575516693
2643,2643,2307.0,2307.0,,,,new_hypertension,new_hypertension,clinicalbert_type1_clinicalbert_pool,rf,0,48,auroc,0.5902192387590778
2644,2644,2308.0,2308.0,,,,new_hypertension,new_hypertension,clinicalbert_type1_clinicalbert_pool,rf,0,48,auprc,0.1713633522890596
2645,2645,2309.0,2309.0,,,,new_hypertension,new_hypertension,clinicalbert_type1_clinicalbert_pool,rf,0,48,brier,0.2431611190974374
2646,2646,2310.0,2310.0,,,,new_hypertension,new_hypertension,clinicalbert_type1_clinicalbert_pool,rf,1,48,auroc,0.5659805082951339
2647,2647,2311.0,2311.0,,,,new_hypertension,new_hypertension,clinicalbert_type1_clinicalbert_pool,rf,1,48,auprc,0.1564486630394949
2648,2648,2312.0,2312.0,,,,new_hypertension,new_hypertension,clinicalbert_type1_clinicalbert_pool,rf,1,48,brier,0.2486137205503574
2649,2649,2313.0,2313.0,,,,new_hypertension,new_hypertension,clinicalbert_type1_clinicalbert_pool,rf,2,48,auroc,0.6006403763283945
2650,2650,2314.0,2314.0,,,,new_hypertension,new_hypertension,clinicalbert_type1_clinicalbert_pool,rf,2,48,auprc,0.1654421295738004
2651,2651,2315.0,2315.0,,,,new_hypertension,new_hypertension,clinicalbert_type1_clinicalbert_pool,rf,2,48,brier,0.2270663976587977
2652,2652,2316.0,2316.0,,,,new_hypertension,new_hypertension,clinicalbert_type1_clinicalbert_pool,rf,3,48,auroc,0.5431037936145495
2653,2653,2317.0,2317.0,,,,new_hypertension,new_hypertension,clinicalbert_type1_clinicalbert_pool,rf,3,48,auprc,0.1463542112510594
2654,2654,2318.0,2318.0,,,,new_hypertension,new_hypertension,clinicalbert_type1_clinicalbert_pool,rf,3,48,brier,0.2729507154213036
2655,2655,2319.0,2319.0,,,,new_hypertension,new_hypertension,clinicalbert_type1_clinicalbert_pool,rf,4,48,auroc,0.5799755066069212
2656,2656,2320.0,2320.0,,,,new_hypertension,new_hypertension,clinicalbert_type1_clinicalbert_pool,rf,4,48,auprc,0.1646700174774818
2657,2657,2321.0,2321.0,,,,new_hypertension,new_hypertension,clinicalbert_type1_clinicalbert_pool,rf,4,48,brier,0.261480797155947
2658,2658,2322.0,2322.0,,,,new_hypertension,new_hypertension,clinicalbert_type1_clinicalbert_pool,rf,0,64,auroc,0.6185640462169726
2659,2659,2323.0,2323.0,,,,new_hypertension,new_hypertension,clinicalbert_type1_clinicalbert_pool,rf,0,64,auprc,0.1761235805025813
2660,2660,2324.0,2324.0,,,,new_hypertension,new_hypertension,clinicalbert_type1_clinicalbert_pool,rf,0,64,brier,0.2336685214626391
2661,2661,2325.0,2325.0,,,,new_hypertension,new_hypertension,clinicalbert_type1_clinicalbert_pool,rf,1,64,auroc,0.5707704545584609
2662,2662,2326.0,2326.0,,,,new_hypertension,new_hypertension,clinicalbert_type1_clinicalbert_pool,rf,1,64,auprc,0.1557195480031225
2663,2663,2327.0,2327.0,,,,new_hypertension,new_hypertension,clinicalbert_type1_clinicalbert_pool,rf,1,64,brier,0.240361613903273
2664,2664,2328.0,2328.0,,,,new_hypertension,new_hypertension,clinicalbert_type1_clinicalbert_pool,rf,2,64,auroc,0.6154050852404416
2665,2665,2329.0,2329.0,,,,new_hypertension,new_hypertension,clinicalbert_type1_clinicalbert_pool,rf,2,64,auprc,0.1710014303555555
2666,2666,2330.0,2330.0,,,,new_hypertension,new_hypertension,clinicalbert_type1_clinicalbert_pool,rf,2,64,brier,0.2235612082670906
2667,2667,2331.0,2331.0,,,,new_hypertension,new_hypertension,clinicalbert_type1_clinicalbert_pool,rf,3,64,auroc,0.5905626040826136
2668,2668,2332.0,2332.0,,,,new_hypertension,new_hypertension,clinicalbert_type1_clinicalbert_pool,rf,3,64,auprc,0.1747524242277095
2669,2669,2333.0,2333.0,,,,new_hypertension,new_hypertension,clinicalbert_type1_clinicalbert_pool,rf,3,64,brier,0.2564785373608902
2670,2670,2334.0,2334.0,,,,new_hypertension,new_hypertension,clinicalbert_type1_clinicalbert_pool,rf,4,64,auroc,0.5730538339599751
2671,2671,2335.0,2335.0,,,,new_hypertension,new_hypertension,clinicalbert_type1_clinicalbert_pool,rf,4,64,auprc,0.1605463437004502
2672,2672,2336.0,2336.0,,,,new_hypertension,new_hypertension,clinicalbert_type1_clinicalbert_pool,rf,4,64,brier,0.231419821595258
2673,2673,2337.0,2337.0,,,,new_hypertension,new_hypertension,clinicalbert_type1_clinicalbert_pool,rf,0,128,auroc,0.6204725851402934
2674,2674,2338.0,2338.0,,,,new_hypertension,new_hypertension,clinicalbert_type1_clinicalbert_pool,rf,0,128,auprc,0.1966385508183277
2675,2675,2339.0,2339.0,,,,new_hypertension,new_hypertension,clinicalbert_type1_clinicalbert_pool,rf,0,128,brier,0.2241657378108862
2676,2676,2340.0,2340.0,,,,new_hypertension,new_hypertension,clinicalbert_type1_clinicalbert_pool,rf,1,128,auroc,0.6279922857257311
2677,2677,2341.0,2341.0,,,,new_hypertension,new_hypertension,clinicalbert_type1_clinicalbert_pool,rf,1,128,auprc,0.1967096916272011
2678,2678,2342.0,2342.0,,,,new_hypertension,new_hypertension,clinicalbert_type1_clinicalbert_pool,rf,1,128,brier,0.2279856503494881
2679,2679,2343.0,2343.0,,,,new_hypertension,new_hypertension,clinicalbert_type1_clinicalbert_pool,rf,2,128,auroc,0.6374920596768932
2680,2680,2344.0,2344.0,,,,new_hypertension,new_hypertension,clinicalbert_type1_clinicalbert_pool,rf,2,128,auprc,0.1982042949395779
2681,2681,2345.0,2345.0,,,,new_hypertension,new_hypertension,clinicalbert_type1_clinicalbert_pool,rf,2,128,brier,0.2218467912960715
2682,2682,2346.0,2346.0,,,,new_hypertension,new_hypertension,clinicalbert_type1_clinicalbert_pool,rf,3,128,auroc,0.6253254817129352
2683,2683,2347.0,2347.0,,,,new_hypertension,new_hypertension,clinicalbert_type1_clinicalbert_pool,rf,3,128,auprc,0.1952577663347823
2684,2684,2348.0,2348.0,,,,new_hypertension,new_hypertension,clinicalbert_type1_clinicalbert_pool,rf,3,128,brier,0.2261608926212407
2685,2685,2349.0,2349.0,,,,new_hypertension,new_hypertension,clinicalbert_type1_clinicalbert_pool,rf,4,128,auroc,0.5987661739374274
2686,2686,2350.0,2350.0,,,,new_hypertension,new_hypertension,clinicalbert_type1_clinicalbert_pool,rf,4,128,auprc,0.1791085634291167
2687,2687,2351.0,2351.0,,,,new_hypertension,new_hypertension,clinicalbert_type1_clinicalbert_pool,rf,4,128,brier,0.2293255937632025
2688,2688,2352.0,2352.0,,,,new_hypertension,new_hypertension,clinicalbert_type2_max_pool,lr_lbfgs,0,-1,auroc,0.6241237030805592
2689,2689,2353.0,2353.0,,,,new_hypertension,new_hypertension,clinicalbert_type2_max_pool,lr_lbfgs,0,-1,auprc,0.2025563809995948
2690,2690,2354.0,2354.0,,,,new_hypertension,new_hypertension,clinicalbert_type2_max_pool,lr_lbfgs,0,-1,brier,0.1111516651107521
2691,2691,2355.0,2355.0,,,,new_hypertension,new_hypertension,clinicalbert_type2_max_pool,lr_lbfgs,0,1,auroc,0.5896441018421549
2692,2692,2356.0,2356.0,,,,new_hypertension,new_hypertension,clinicalbert_type2_max_pool,lr_lbfgs,0,1,auprc,0.1631399143576867
2693,2693,2357.0,2357.0,,,,new_hypertension,new_hypertension,clinicalbert_type2_max_pool,lr_lbfgs,0,1,brier,0.2500023954160909
2694,2694,2358.0,2358.0,,,,new_hypertension,new_hypertension,clinicalbert_type2_max_pool,lr_lbfgs,1,1,auroc,0.5644181960730453
2695,2695,2359.0,2359.0,,,,new_hypertension,new_hypertension,clinicalbert_type2_max_pool,lr_lbfgs,1,1,auprc,0.1474234568122259
2696,2696,2360.0,2360.0,,,,new_hypertension,new_hypertension,clinicalbert_type2_max_pool,lr_lbfgs,1,1,brier,0.2499947962295679
2697,2697,2361.0,2361.0,,,,new_hypertension,new_hypertension,clinicalbert_type2_max_pool,lr_lbfgs,2,1,auroc,0.456927681540108
2698,2698,2362.0,2362.0,,,,new_hypertension,new_hypertension,clinicalbert_type2_max_pool,lr_lbfgs,2,1,auprc,0.1201543022419674
2699,2699,2363.0,2363.0,,,,new_hypertension,new_hypertension,clinicalbert_type2_max_pool,lr_lbfgs,2,1,brier,0.2499982280475705
2700,2700,2364.0,2364.0,,,,new_hypertension,new_hypertension,clinicalbert_type2_max_pool,lr_lbfgs,3,1,auroc,0.495893923006049
2701,2701,2365.0,2365.0,,,,new_hypertension,new_hypertension,clinicalbert_type2_max_pool,lr_lbfgs,3,1,auprc,0.1230745488651953
2702,2702,2366.0,2366.0,,,,new_hypertension,new_hypertension,clinicalbert_type2_max_pool,lr_lbfgs,3,1,brier,0.2499954147655931
2703,2703,2367.0,2367.0,,,,new_hypertension,new_hypertension,clinicalbert_type2_max_pool,lr_lbfgs,4,1,auroc,0.4792006455268083
2704,2704,2368.0,2368.0,,,,new_hypertension,new_hypertension,clinicalbert_type2_max_pool,lr_lbfgs,4,1,auprc,0.1182474782986985
2705,2705,2369.0,2369.0,,,,new_hypertension,new_hypertension,clinicalbert_type2_max_pool,lr_lbfgs,4,1,brier,0.2500043606976154
2706,2706,2370.0,2370.0,,,,new_hypertension,new_hypertension,clinicalbert_type2_max_pool,lr_lbfgs,0,2,auroc,0.5812946017248385
2707,2707,2371.0,2371.0,,,,new_hypertension,new_hypertension,clinicalbert_type2_max_pool,lr_lbfgs,0,2,auprc,0.1793843545756832
2708,2708,2372.0,2372.0,,,,new_hypertension,new_hypertension,clinicalbert_type2_max_pool,lr_lbfgs,0,2,brier,0.2500017251608796
2709,2709,2373.0,2373.0,,,,new_hypertension,new_hypertension,clinicalbert_type2_max_pool,lr_lbfgs,1,2,auroc,0.5986860553619356
2710,2710,2374.0,2374.0,,,,new_hypertension,new_hypertension,clinicalbert_type2_max_pool,lr_lbfgs,1,2,auprc,0.1633779603093346
2711,2711,2375.0,2375.0,,,,new_hypertension,new_hypertension,clinicalbert_type2_max_pool,lr_lbfgs,1,2,brier,0.2499995516391161
2712,2712,2376.0,2376.0,,,,new_hypertension,new_hypertension,clinicalbert_type2_max_pool,lr_lbfgs,2,2,auroc,0.4731974751203209
2713,2713,2377.0,2377.0,,,,new_hypertension,new_hypertension,clinicalbert_type2_max_pool,lr_lbfgs,2,2,auprc,0.1143429348770714
2714,2714,2378.0,2378.0,,,,new_hypertension,new_hypertension,clinicalbert_type2_max_pool,lr_lbfgs,2,2,brier,0.2864306512625564
2715,2715,2379.0,2379.0,,,,new_hypertension,new_hypertension,clinicalbert_type2_max_pool,lr_lbfgs,3,2,auroc,0.5868456744553368
2716,2716,2380.0,2380.0,,,,new_hypertension,new_hypertension,clinicalbert_type2_max_pool,lr_lbfgs,3,2,auprc,0.1474992476101959
2717,2717,2381.0,2381.0,,,,new_hypertension,new_hypertension,clinicalbert_type2_max_pool,lr_lbfgs,3,2,brier,0.2499987834028349
2718,2718,2382.0,2382.0,,,,new_hypertension,new_hypertension,clinicalbert_type2_max_pool,lr_lbfgs,4,2,auroc,0.5476448000183128
2719,2719,2383.0,2383.0,,,,new_hypertension,new_hypertension,clinicalbert_type2_max_pool,lr_lbfgs,4,2,auprc,0.1503221306054984
2720,2720,2384.0,2384.0,,,,new_hypertension,new_hypertension,clinicalbert_type2_max_pool,lr_lbfgs,4,2,brier,0.2500004546738131
2721,2721,2385.0,2385.0,,,,new_hypertension,new_hypertension,clinicalbert_type2_max_pool,lr_lbfgs,0,4,auroc,0.5005121866076078
2722,2722,2386.0,2386.0,,,,new_hypertension,new_hypertension,clinicalbert_type2_max_pool,lr_lbfgs,0,4,auprc,0.1195591175604521
2723,2723,2387.0,2387.0,,,,new_hypertension,new_hypertension,clinicalbert_type2_max_pool,lr_lbfgs,0,4,brier,0.2500124029509689
2724,2724,2388.0,2388.0,,,,new_hypertension,new_hypertension,clinicalbert_type2_max_pool,lr_lbfgs,1,4,auroc,0.4866001682490085
2725,2725,2389.0,2389.0,,,,new_hypertension,new_hypertension,clinicalbert_type2_max_pool,lr_lbfgs,1,4,auprc,0.1306012009540178
2726,2726,2390.0,2390.0,,,,new_hypertension,new_hypertension,clinicalbert_type2_max_pool,lr_lbfgs,1,4,brier,0.4055135247282809
2727,2727,2391.0,2391.0,,,,new_hypertension,new_hypertension,clinicalbert_type2_max_pool,lr_lbfgs,2,4,auroc,0.4874299677808871
2728,2728,2392.0,2392.0,,,,new_hypertension,new_hypertension,clinicalbert_type2_max_pool,lr_lbfgs,2,4,auprc,0.1164394509892007
2729,2729,2393.0,2393.0,,,,new_hypertension,new_hypertension,clinicalbert_type2_max_pool,lr_lbfgs,2,4,brier,0.3197315447146308
2730,2730,2394.0,2394.0,,,,new_hypertension,new_hypertension,clinicalbert_type2_max_pool,lr_lbfgs,3,4,auroc,0.6086035904567331
2731,2731,2395.0,2395.0,,,,new_hypertension,new_hypertension,clinicalbert_type2_max_pool,lr_lbfgs,3,4,auprc,0.1712065277643398
2732,2732,2396.0,2396.0,,,,new_hypertension,new_hypertension,clinicalbert_type2_max_pool,lr_lbfgs,3,4,brier,0.2500008730989022
2733,2733,2397.0,2397.0,,,,new_hypertension,new_hypertension,clinicalbert_type2_max_pool,lr_lbfgs,4,4,auroc,0.602926617107605
2734,2734,2398.0,2398.0,,,,new_hypertension,new_hypertension,clinicalbert_type2_max_pool,lr_lbfgs,4,4,auprc,0.149912519721209
2735,2735,2399.0,2399.0,,,,new_hypertension,new_hypertension,clinicalbert_type2_max_pool,lr_lbfgs,4,4,brier,0.2499984091353057
2736,2736,2400.0,2400.0,,,,new_hypertension,new_hypertension,clinicalbert_type2_max_pool,lr_lbfgs,0,8,auroc,0.5969005556795486
2737,2737,2401.0,2401.0,,,,new_hypertension,new_hypertension,clinicalbert_type2_max_pool,lr_lbfgs,0,8,auprc,0.1611241326540586
2738,2738,2402.0,2402.0,,,,new_hypertension,new_hypertension,clinicalbert_type2_max_pool,lr_lbfgs,0,8,brier,0.2388750507319694
2739,2739,2403.0,2403.0,,,,new_hypertension,new_hypertension,clinicalbert_type2_max_pool,lr_lbfgs,1,8,auroc,0.5163470507780086
2740,2740,2404.0,2404.0,,,,new_hypertension,new_hypertension,clinicalbert_type2_max_pool,lr_lbfgs,1,8,auprc,0.1233563148522654
2741,2741,2405.0,2405.0,,,,new_hypertension,new_hypertension,clinicalbert_type2_max_pool,lr_lbfgs,1,8,brier,0.3022844243997356
2742,2742,2406.0,2406.0,,,,new_hypertension,new_hypertension,clinicalbert_type2_max_pool,lr_lbfgs,2,8,auroc,0.5833433481552699
2743,2743,2407.0,2407.0,,,,new_hypertension,new_hypertension,clinicalbert_type2_max_pool,lr_lbfgs,2,8,auprc,0.1450339884671042
2744,2744,2408.0,2408.0,,,,new_hypertension,new_hypertension,clinicalbert_type2_max_pool,lr_lbfgs,2,8,brier,0.3379066404895944
2745,2745,2409.0,2409.0,,,,new_hypertension,new_hypertension,clinicalbert_type2_max_pool,lr_lbfgs,3,8,auroc,0.5940449007388077
2746,2746,2410.0,2410.0,,,,new_hypertension,new_hypertension,clinicalbert_type2_max_pool,lr_lbfgs,3,8,auprc,0.1770873074995793
2747,2747,2411.0,2411.0,,,,new_hypertension,new_hypertension,clinicalbert_type2_max_pool,lr_lbfgs,3,8,brier,0.337172548194666
2748,2748,2412.0,2412.0,,,,new_hypertension,new_hypertension,clinicalbert_type2_max_pool,lr_lbfgs,4,8,auroc,0.5776606520507495
2749,2749,2413.0,2413.0,,,,new_hypertension,new_hypertension,clinicalbert_type2_max_pool,lr_lbfgs,4,8,auprc,0.1499597955080339
2750,2750,2414.0,2414.0,,,,new_hypertension,new_hypertension,clinicalbert_type2_max_pool,lr_lbfgs,4,8,brier,0.250002888971749
2751,2751,2415.0,2415.0,,,,new_hypertension,new_hypertension,clinicalbert_type2_max_pool,lr_lbfgs,0,12,auroc,0.5558626767616073
2752,2752,2416.0,2416.0,,,,new_hypertension,new_hypertension,clinicalbert_type2_max_pool,lr_lbfgs,0,12,auprc,0.1442816623554253
2753,2753,2417.0,2417.0,,,,new_hypertension,new_hypertension,clinicalbert_type2_max_pool,lr_lbfgs,0,12,brier,0.2497368186319861
2754,2754,2418.0,2418.0,,,,new_hypertension,new_hypertension,clinicalbert_type2_max_pool,lr_lbfgs,1,12,auroc,0.4985750339073257
2755,2755,2419.0,2419.0,,,,new_hypertension,new_hypertension,clinicalbert_type2_max_pool,lr_lbfgs,1,12,auprc,0.1182939239559529
2756,2756,2420.0,2420.0,,,,new_hypertension,new_hypertension,clinicalbert_type2_max_pool,lr_lbfgs,1,12,brier,0.5879793973495971
2757,2757,2421.0,2421.0,,,,new_hypertension,new_hypertension,clinicalbert_type2_max_pool,lr_lbfgs,2,12,auroc,0.5889173119073372
2758,2758,2422.0,2422.0,,,,new_hypertension,new_hypertension,clinicalbert_type2_max_pool,lr_lbfgs,2,12,auprc,0.1572001017834285
2759,2759,2423.0,2423.0,,,,new_hypertension,new_hypertension,clinicalbert_type2_max_pool,lr_lbfgs,2,12,brier,0.2503232560435813
2760,2760,2424.0,2424.0,,,,new_hypertension,new_hypertension,clinicalbert_type2_max_pool,lr_lbfgs,3,12,auroc,0.5806364848547279
2761,2761,2425.0,2425.0,,,,new_hypertension,new_hypertension,clinicalbert_type2_max_pool,lr_lbfgs,3,12,auprc,0.1680489485016071
2762,2762,2426.0,2426.0,,,,new_hypertension,new_hypertension,clinicalbert_type2_max_pool,lr_lbfgs,3,12,brier,0.5272506947105965
2763,2763,2427.0,2427.0,,,,new_hypertension,new_hypertension,clinicalbert_type2_max_pool,lr_lbfgs,4,12,auroc,0.6102746350312749
2764,2764,2428.0,2428.0,,,,new_hypertension,new_hypertension,clinicalbert_type2_max_pool,lr_lbfgs,4,12,auprc,0.1824554961635545
2765,2765,2429.0,2429.0,,,,new_hypertension,new_hypertension,clinicalbert_type2_max_pool,lr_lbfgs,4,12,brier,0.2465304552582996
2766,2766,2430.0,2430.0,,,,new_hypertension,new_hypertension,clinicalbert_type2_max_pool,lr_lbfgs,0,16,auroc,0.612168867066115
2767,2767,2431.0,2431.0,,,,new_hypertension,new_hypertension,clinicalbert_type2_max_pool,lr_lbfgs,0,16,auprc,0.1765698774946361
2768,2768,2432.0,2432.0,,,,new_hypertension,new_hypertension,clinicalbert_type2_max_pool,lr_lbfgs,0,16,brier,0.2360613484095895
2769,2769,2433.0,2433.0,,,,new_hypertension,new_hypertension,clinicalbert_type2_max_pool,lr_lbfgs,1,16,auroc,0.517474433590285
2770,2770,2434.0,2434.0,,,,new_hypertension,new_hypertension,clinicalbert_type2_max_pool,lr_lbfgs,1,16,auprc,0.1255965317477667
2771,2771,2435.0,2435.0,,,,new_hypertension,new_hypertension,clinicalbert_type2_max_pool,lr_lbfgs,1,16,brier,0.364520486228122
2772,2772,2436.0,2436.0,,,,new_hypertension,new_hypertension,clinicalbert_type2_max_pool,lr_lbfgs,2,16,auroc,0.587732701541138
2773,2773,2437.0,2437.0,,,,new_hypertension,new_hypertension,clinicalbert_type2_max_pool,lr_lbfgs,2,16,auprc,0.1565643765993365
2774,2774,2438.0,2438.0,,,,new_hypertension,new_hypertension,clinicalbert_type2_max_pool,lr_lbfgs,2,16,brier,0.2586849193656406
2775,2775,2439.0,2439.0,,,,new_hypertension,new_hypertension,clinicalbert_type2_max_pool,lr_lbfgs,3,16,auroc,0.5837840003204743
2776,2776,2440.0,2440.0,,,,new_hypertension,new_hypertension,clinicalbert_type2_max_pool,lr_lbfgs,3,16,auprc,0.1794258647859878
2777,2777,2441.0,2441.0,,,,new_hypertension,new_hypertension,clinicalbert_type2_max_pool,lr_lbfgs,3,16,brier,0.4651787217344198
2778,2778,2442.0,2442.0,,,,new_hypertension,new_hypertension,clinicalbert_type2_max_pool,lr_lbfgs,4,16,auroc,0.6404221104377334
2779,2779,2443.0,2443.0,,,,new_hypertension,new_hypertension,clinicalbert_type2_max_pool,lr_lbfgs,4,16,auprc,0.1773650760546744
2780,2780,2444.0,2444.0,,,,new_hypertension,new_hypertension,clinicalbert_type2_max_pool,lr_lbfgs,4,16,brier,0.2455126775993966
2781,2781,2445.0,2445.0,,,,new_hypertension,new_hypertension,clinicalbert_type2_max_pool,lr_lbfgs,0,24,auroc,0.6134622097847671
2782,2782,2446.0,2446.0,,,,new_hypertension,new_hypertension,clinicalbert_type2_max_pool,lr_lbfgs,0,24,auprc,0.1706857584741881
2783,2783,2447.0,2447.0,,,,new_hypertension,new_hypertension,clinicalbert_type2_max_pool,lr_lbfgs,0,24,brier,0.2428524476599557
2784,2784,2448.0,2448.0,,,,new_hypertension,new_hypertension,clinicalbert_type2_max_pool,lr_lbfgs,1,24,auroc,0.5169250490726275
2785,2785,2449.0,2449.0,,,,new_hypertension,new_hypertension,clinicalbert_type2_max_pool,lr_lbfgs,1,24,auprc,0.1261756708029237
2786,2786,2450.0,2450.0,,,,new_hypertension,new_hypertension,clinicalbert_type2_max_pool,lr_lbfgs,1,24,brier,0.2808688029089753
2787,2787,2451.0,2451.0,,,,new_hypertension,new_hypertension,clinicalbert_type2_max_pool,lr_lbfgs,2,24,auroc,0.6025431924963232
2788,2788,2452.0,2452.0,,,,new_hypertension,new_hypertension,clinicalbert_type2_max_pool,lr_lbfgs,2,24,auprc,0.176371479088095
2789,2789,2453.0,2453.0,,,,new_hypertension,new_hypertension,clinicalbert_type2_max_pool,lr_lbfgs,2,24,brier,0.3582237441386862
2790,2790,2454.0,2454.0,,,,new_hypertension,new_hypertension,clinicalbert_type2_max_pool,lr_lbfgs,3,24,auroc,0.5817753131777887
2791,2791,2455.0,2455.0,,,,new_hypertension,new_hypertension,clinicalbert_type2_max_pool,lr_lbfgs,3,24,auprc,0.1869573680558176
2792,2792,2456.0,2456.0,,,,new_hypertension,new_hypertension,clinicalbert_type2_max_pool,lr_lbfgs,3,24,brier,0.4003338385417183
2793,2793,2457.0,2457.0,,,,new_hypertension,new_hypertension,clinicalbert_type2_max_pool,lr_lbfgs,4,24,auroc,0.6500477850075255
2794,2794,2458.0,2458.0,,,,new_hypertension,new_hypertension,clinicalbert_type2_max_pool,lr_lbfgs,4,24,auprc,0.1913136269416432
2795,2795,2459.0,2459.0,,,,new_hypertension,new_hypertension,clinicalbert_type2_max_pool,lr_lbfgs,4,24,brier,0.2499986260175766
2796,2796,2460.0,2460.0,,,,new_hypertension,new_hypertension,clinicalbert_type2_max_pool,lr_lbfgs,0,32,auroc,0.6036076249992847
2797,2797,2461.0,2461.0,,,,new_hypertension,new_hypertension,clinicalbert_type2_max_pool,lr_lbfgs,0,32,auprc,0.1714930163134335
2798,2798,2462.0,2462.0,,,,new_hypertension,new_hypertension,clinicalbert_type2_max_pool,lr_lbfgs,0,32,brier,0.3683980777154006
2799,2799,2463.0,2463.0,,,,new_hypertension,new_hypertension,clinicalbert_type2_max_pool,lr_lbfgs,1,32,auroc,0.5607041278234645
2800,2800,2464.0,2464.0,,,,new_hypertension,new_hypertension,clinicalbert_type2_max_pool,lr_lbfgs,1,32,auprc,0.1508215628787031
2801,2801,2465.0,2465.0,,,,new_hypertension,new_hypertension,clinicalbert_type2_max_pool,lr_lbfgs,1,32,brier,0.4521985667233019
2802,2802,2466.0,2466.0,,,,new_hypertension,new_hypertension,clinicalbert_type2_max_pool,lr_lbfgs,2,32,auroc,0.6119456796058167
2803,2803,2467.0,2467.0,,,,new_hypertension,new_hypertension,clinicalbert_type2_max_pool,lr_lbfgs,2,32,auprc,0.1879658600258091
2804,2804,2468.0,2468.0,,,,new_hypertension,new_hypertension,clinicalbert_type2_max_pool,lr_lbfgs,2,32,brier,0.2604572652335994
2805,2805,2469.0,2469.0,,,,new_hypertension,new_hypertension,clinicalbert_type2_max_pool,lr_lbfgs,3,32,auroc,0.5738492969595
2806,2806,2470.0,2470.0,,,,new_hypertension,new_hypertension,clinicalbert_type2_max_pool,lr_lbfgs,3,32,auprc,0.1647931335632212
2807,2807,2471.0,2471.0,,,,new_hypertension,new_hypertension,clinicalbert_type2_max_pool,lr_lbfgs,3,32,brier,0.2466199582772294
2808,2808,2472.0,2472.0,,,,new_hypertension,new_hypertension,clinicalbert_type2_max_pool,lr_lbfgs,4,32,auroc,0.6117854424548332
2809,2809,2473.0,2473.0,,,,new_hypertension,new_hypertension,clinicalbert_type2_max_pool,lr_lbfgs,4,32,auprc,0.1779547971618013
2810,2810,2474.0,2474.0,,,,new_hypertension,new_hypertension,clinicalbert_type2_max_pool,lr_lbfgs,4,32,brier,0.2290572503806028
2811,2811,2475.0,2475.0,,,,new_hypertension,new_hypertension,clinicalbert_type2_max_pool,lr_lbfgs,0,48,auroc,0.5915955614309177
2812,2812,2476.0,2476.0,,,,new_hypertension,new_hypertension,clinicalbert_type2_max_pool,lr_lbfgs,0,48,auprc,0.1609552602415102
2813,2813,2477.0,2477.0,,,,new_hypertension,new_hypertension,clinicalbert_type2_max_pool,lr_lbfgs,0,48,brier,0.2491135565184353
2814,2814,2478.0,2478.0,,,,new_hypertension,new_hypertension,clinicalbert_type2_max_pool,lr_lbfgs,1,48,auroc,0.5686930943510682
2815,2815,2479.0,2479.0,,,,new_hypertension,new_hypertension,clinicalbert_type2_max_pool,lr_lbfgs,1,48,auprc,0.1541278955841196
2816,2816,2480.0,2480.0,,,,new_hypertension,new_hypertension,clinicalbert_type2_max_pool,lr_lbfgs,1,48,brier,0.2490191673415961
2817,2817,2481.0,2481.0,,,,new_hypertension,new_hypertension,clinicalbert_type2_max_pool,lr_lbfgs,2,48,auroc,0.6032242003880028
2818,2818,2482.0,2482.0,,,,new_hypertension,new_hypertension,clinicalbert_type2_max_pool,lr_lbfgs,2,48,auprc,0.1897418724380402
2819,2819,2483.0,2483.0,,,,new_hypertension,new_hypertension,clinicalbert_type2_max_pool,lr_lbfgs,2,48,brier,0.2918407848508398
2820,2820,2484.0,2484.0,,,,new_hypertension,new_hypertension,clinicalbert_type2_max_pool,lr_lbfgs,3,48,auroc,0.6298178446958641
2821,2821,2485.0,2485.0,,,,new_hypertension,new_hypertension,clinicalbert_type2_max_pool,lr_lbfgs,3,48,auprc,0.1839650758094859
2822,2822,2486.0,2486.0,,,,new_hypertension,new_hypertension,clinicalbert_type2_max_pool,lr_lbfgs,3,48,brier,0.2407115368396756
2823,2823,2487.0,2487.0,,,,new_hypertension,new_hypertension,clinicalbert_type2_max_pool,lr_lbfgs,4,48,auroc,0.625474273353134
2824,2824,2488.0,2488.0,,,,new_hypertension,new_hypertension,clinicalbert_type2_max_pool,lr_lbfgs,4,48,auprc,0.1807430914202141
2825,2825,2489.0,2489.0,,,,new_hypertension,new_hypertension,clinicalbert_type2_max_pool,lr_lbfgs,4,48,brier,0.241408674455548
2826,2826,2490.0,2490.0,,,,new_hypertension,new_hypertension,clinicalbert_type2_max_pool,lr_lbfgs,0,64,auroc,0.6162663599269776
2827,2827,2491.0,2491.0,,,,new_hypertension,new_hypertension,clinicalbert_type2_max_pool,lr_lbfgs,0,64,auprc,0.1745108973491164
2828,2828,2492.0,2492.0,,,,new_hypertension,new_hypertension,clinicalbert_type2_max_pool,lr_lbfgs,0,64,brier,0.2421561212819322
2829,2829,2493.0,2493.0,,,,new_hypertension,new_hypertension,clinicalbert_type2_max_pool,lr_lbfgs,1,64,auroc,0.5862447851391488
2830,2830,2494.0,2494.0,,,,new_hypertension,new_hypertension,clinicalbert_type2_max_pool,lr_lbfgs,1,64,auprc,0.1643547750048001
2831,2831,2495.0,2495.0,,,,new_hypertension,new_hypertension,clinicalbert_type2_max_pool,lr_lbfgs,1,64,brier,0.2459116936003298
2832,2832,2496.0,2496.0,,,,new_hypertension,new_hypertension,clinicalbert_type2_max_pool,lr_lbfgs,2,64,auroc,0.6233911903903492
2833,2833,2497.0,2497.0,,,,new_hypertension,new_hypertension,clinicalbert_type2_max_pool,lr_lbfgs,2,64,auprc,0.1815245627055788
2834,2834,2498.0,2498.0,,,,new_hypertension,new_hypertension,clinicalbert_type2_max_pool,lr_lbfgs,2,64,brier,0.2472931971808908
2835,2835,2499.0,2499.0,,,,new_hypertension,new_hypertension,clinicalbert_type2_max_pool,lr_lbfgs,3,64,auroc,0.6408513170921535
2836,2836,2500.0,2500.0,,,,new_hypertension,new_hypertension,clinicalbert_type2_max_pool,lr_lbfgs,3,64,auprc,0.1968341967024285
2837,2837,2501.0,2501.0,,,,new_hypertension,new_hypertension,clinicalbert_type2_max_pool,lr_lbfgs,3,64,brier,0.2298360828879598
2838,2838,2502.0,2502.0,,,,new_hypertension,new_hypertension,clinicalbert_type2_max_pool,lr_lbfgs,4,64,auroc,0.6316090671336435
2839,2839,2503.0,2503.0,,,,new_hypertension,new_hypertension,clinicalbert_type2_max_pool,lr_lbfgs,4,64,auprc,0.1836486231728791
2840,2840,2504.0,2504.0,,,,new_hypertension,new_hypertension,clinicalbert_type2_max_pool,lr_lbfgs,4,64,brier,0.2390405697325311
2841,2841,2505.0,2505.0,,,,new_hypertension,new_hypertension,clinicalbert_type2_max_pool,lr_lbfgs,0,128,auroc,0.6261438357340292
2842,2842,2506.0,2506.0,,,,new_hypertension,new_hypertension,clinicalbert_type2_max_pool,lr_lbfgs,0,128,auprc,0.184772960148053
2843,2843,2507.0,2507.0,,,,new_hypertension,new_hypertension,clinicalbert_type2_max_pool,lr_lbfgs,0,128,brier,0.2226408107986973
2844,2844,2508.0,2508.0,,,,new_hypertension,new_hypertension,clinicalbert_type2_max_pool,lr_lbfgs,1,128,auroc,0.6286160660634883
2845,2845,2509.0,2509.0,,,,new_hypertension,new_hypertension,clinicalbert_type2_max_pool,lr_lbfgs,1,128,auprc,0.1850060951708135
2846,2846,2510.0,2510.0,,,,new_hypertension,new_hypertension,clinicalbert_type2_max_pool,lr_lbfgs,1,128,brier,0.235180801361596
2847,2847,2511.0,2511.0,,,,new_hypertension,new_hypertension,clinicalbert_type2_max_pool,lr_lbfgs,2,128,auroc,0.6384248688058327
2848,2848,2512.0,2512.0,,,,new_hypertension,new_hypertension,clinicalbert_type2_max_pool,lr_lbfgs,2,128,auprc,0.1942930421255947
2849,2849,2513.0,2513.0,,,,new_hypertension,new_hypertension,clinicalbert_type2_max_pool,lr_lbfgs,2,128,brier,0.228331474572941
2850,2850,2514.0,2514.0,,,,new_hypertension,new_hypertension,clinicalbert_type2_max_pool,lr_lbfgs,3,128,auroc,0.6290567182286928
2851,2851,2515.0,2515.0,,,,new_hypertension,new_hypertension,clinicalbert_type2_max_pool,lr_lbfgs,3,128,auprc,0.1937039593538441
2852,2852,2516.0,2516.0,,,,new_hypertension,new_hypertension,clinicalbert_type2_max_pool,lr_lbfgs,3,128,brier,0.2377364778969278
2853,2853,2517.0,2517.0,,,,new_hypertension,new_hypertension,clinicalbert_type2_max_pool,lr_lbfgs,4,128,auroc,0.6160202814451101
2854,2854,2518.0,2518.0,,,,new_hypertension,new_hypertension,clinicalbert_type2_max_pool,lr_lbfgs,4,128,auprc,0.1821885652430963
2855,2855,2519.0,2519.0,,,,new_hypertension,new_hypertension,clinicalbert_type2_max_pool,lr_lbfgs,4,128,brier,0.2279282946181358
2856,2856,2520.0,2520.0,,,,new_hypertension,new_hypertension,clinicalbert_type2_max_pool,knn,0,-1,auroc,0.5489266972261805
2857,2857,2521.0,2521.0,,,,new_hypertension,new_hypertension,clinicalbert_type2_max_pool,knn,0,-1,auprc,0.1561667706268926
2858,2858,2522.0,2522.0,,,,new_hypertension,new_hypertension,clinicalbert_type2_max_pool,knn,0,-1,brier,0.1350032062433323
2859,2859,2523.0,2523.0,,,,new_hypertension,new_hypertension,clinicalbert_type2_max_pool,knn,0,1,auroc,0.5848884921111817
2860,2860,2524.0,2524.0,,,,new_hypertension,new_hypertension,clinicalbert_type2_max_pool,knn,0,1,auprc,0.1489023290322887
2861,2861,2525.0,2525.0,,,,new_hypertension,new_hypertension,clinicalbert_type2_max_pool,knn,0,1,brier,0.6406995230524642
2862,2862,2526.0,2526.0,,,,new_hypertension,new_hypertension,clinicalbert_type2_max_pool,knn,1,1,auroc,0.5083781138942778
2863,2863,2527.0,2527.0,,,,new_hypertension,new_hypertension,clinicalbert_type2_max_pool,knn,1,1,auprc,0.1285160245276245
2864,2864,2528.0,2528.0,,,,new_hypertension,new_hypertension,clinicalbert_type2_max_pool,knn,1,1,brier,0.1963434022257551
2865,2865,2529.0,2529.0,,,,new_hypertension,new_hypertension,clinicalbert_type2_max_pool,knn,2,1,auroc,0.4871152162343125
2866,2866,2530.0,2530.0,,,,new_hypertension,new_hypertension,clinicalbert_type2_max_pool,knn,2,1,auprc,0.1240939006913321
2867,2867,2531.0,2531.0,,,,new_hypertension,new_hypertension,clinicalbert_type2_max_pool,knn,2,1,brier,0.2193958664546899
2868,2868,2532.0,2532.0,,,,new_hypertension,new_hypertension,clinicalbert_type2_max_pool,knn,3,1,auroc,0.4873956312485335
2869,2869,2533.0,2533.0,,,,new_hypertension,new_hypertension,clinicalbert_type2_max_pool,knn,3,1,auprc,0.1244550462086533
2870,2870,2534.0,2534.0,,,,new_hypertension,new_hypertension,clinicalbert_type2_max_pool,knn,3,1,brier,0.1860095389507154
2871,2871,2535.0,2535.0,,,,new_hypertension,new_hypertension,clinicalbert_type2_max_pool,knn,4,1,auroc,0.5069960684670455
2872,2872,2536.0,2536.0,,,,new_hypertension,new_hypertension,clinicalbert_type2_max_pool,knn,4,1,auprc,0.1279591460682765
2873,2873,2537.0,2537.0,,,,new_hypertension,new_hypertension,clinicalbert_type2_max_pool,knn,4,1,brier,0.7344992050874404
2874,2874,2538.0,2538.0,,,,new_hypertension,new_hypertension,clinicalbert_type2_max_pool,knn,0,2,auroc,0.5368717129923717
2875,2875,2539.0,2539.0,,,,new_hypertension,new_hypertension,clinicalbert_type2_max_pool,knn,0,2,auprc,0.1357466303706592
2876,2876,2540.0,2540.0,,,,new_hypertension,new_hypertension,clinicalbert_type2_max_pool,knn,0,2,brier,0.2555202261084614
2877,2877,2541.0,2541.0,,,,new_hypertension,new_hypertension,clinicalbert_type2_max_pool,knn,1,2,auroc,0.5748765315524119
2878,2878,2542.0,2542.0,,,,new_hypertension,new_hypertension,clinicalbert_type2_max_pool,knn,1,2,auprc,0.1469165224669861
2879,2879,2543.0,2543.0,,,,new_hypertension,new_hypertension,clinicalbert_type2_max_pool,knn,1,2,brier,0.2772478360713655
2880,2880,2544.0,2544.0,,,,new_hypertension,new_hypertension,clinicalbert_type2_max_pool,knn,2,2,auroc,0.4927549916733909
2881,2881,2545.0,2545.0,,,,new_hypertension,new_hypertension,clinicalbert_type2_max_pool,knn,2,2,auprc,0.1248261592323745
2882,2882,2546.0,2546.0,,,,new_hypertension,new_hypertension,clinicalbert_type2_max_pool,knn,2,2,brier,0.5620031796502385
2883,2883,2547.0,2547.0,,,,new_hypertension,new_hypertension,clinicalbert_type2_max_pool,knn,3,2,auroc,0.5369146336578136
2884,2884,2548.0,2548.0,,,,new_hypertension,new_hypertension,clinicalbert_type2_max_pool,knn,3,2,auprc,0.1353647185766087
2885,2885,2549.0,2549.0,,,,new_hypertension,new_hypertension,clinicalbert_type2_max_pool,knn,3,2,brier,0.5882352941176471
2886,2886,2550.0,2550.0,,,,new_hypertension,new_hypertension,clinicalbert_type2_max_pool,knn,4,2,auroc,0.5185188364493736
2887,2887,2551.0,2551.0,,,,new_hypertension,new_hypertension,clinicalbert_type2_max_pool,knn,4,2,auprc,0.1306249120222425
2888,2888,2552.0,2552.0,,,,new_hypertension,new_hypertension,clinicalbert_type2_max_pool,knn,4,2,brier,0.3789966437025261
2889,2889,2553.0,2553.0,,,,new_hypertension,new_hypertension,clinicalbert_type2_max_pool,knn,0,4,auroc,0.5931664577860948
2890,2890,2554.0,2554.0,,,,new_hypertension,new_hypertension,clinicalbert_type2_max_pool,knn,0,4,auprc,0.1627404344480338
2891,2891,2555.0,2555.0,,,,new_hypertension,new_hypertension,clinicalbert_type2_max_pool,knn,0,4,brier,0.2811473599681877
2892,2892,2556.0,2556.0,,,,new_hypertension,new_hypertension,clinicalbert_type2_max_pool,knn,1,4,auroc,0.445859872611465
2893,2893,2557.0,2557.0,,,,new_hypertension,new_hypertension,clinicalbert_type2_max_pool,knn,1,4,auprc,0.1094963423079778
2894,2894,2558.0,2558.0,,,,new_hypertension,new_hypertension,clinicalbert_type2_max_pool,knn,1,4,brier,0.2656405259817008
2895,2895,2559.0,2559.0,,,,new_hypertension,new_hypertension,clinicalbert_type2_max_pool,knn,2,4,auroc,0.5033134753721222
2896,2896,2560.0,2560.0,,,,new_hypertension,new_hypertension,clinicalbert_type2_max_pool,knn,2,4,auprc,0.1271296884146867
2897,2897,2561.0,2561.0,,,,new_hypertension,new_hypertension,clinicalbert_type2_max_pool,knn,2,4,brier,0.5858505564387917
2898,2898,2562.0,2562.0,,,,new_hypertension,new_hypertension,clinicalbert_type2_max_pool,knn,3,4,auroc,0.5617771444595144
2899,2899,2563.0,2563.0,,,,new_hypertension,new_hypertension,clinicalbert_type2_max_pool,knn,3,4,auprc,0.1422682847213956
2900,2900,2564.0,2564.0,,,,new_hypertension,new_hypertension,clinicalbert_type2_max_pool,knn,3,4,brier,0.2938314785373608
2901,2901,2565.0,2565.0,,,,new_hypertension,new_hypertension,clinicalbert_type2_max_pool,knn,4,4,auroc,0.5509096319696007
2902,2902,2566.0,2566.0,,,,new_hypertension,new_hypertension,clinicalbert_type2_max_pool,knn,4,4,auprc,0.1389992875415106
2903,2903,2567.0,2567.0,,,,new_hypertension,new_hypertension,clinicalbert_type2_max_pool,knn,4,4,brier,0.3315668609786257
2904,2904,2568.0,2568.0,,,,new_hypertension,new_hypertension,clinicalbert_type2_max_pool,knn,0,8,auroc,0.5768651890512244
2905,2905,2569.0,2569.0,,,,new_hypertension,new_hypertension,clinicalbert_type2_max_pool,knn,0,8,auprc,0.1576591998277469
2906,2906,2570.0,2570.0,,,,new_hypertension,new_hypertension,clinicalbert_type2_max_pool,knn,0,8,brier,0.2557074721780604
2907,2907,2571.0,2571.0,,,,new_hypertension,new_hypertension,clinicalbert_type2_max_pool,knn,1,8,auroc,0.4703360974241878
2908,2908,2572.0,2572.0,,,,new_hypertension,new_hypertension,clinicalbert_type2_max_pool,knn,1,8,auprc,0.1196451464564176
2909,2909,2573.0,2573.0,,,,new_hypertension,new_hypertension,clinicalbert_type2_max_pool,knn,1,8,brier,0.3239427662957075
2910,2910,2574.0,2574.0,,,,new_hypertension,new_hypertension,clinicalbert_type2_max_pool,knn,2,8,auroc,0.5230999021408829
2911,2911,2575.0,2575.0,,,,new_hypertension,new_hypertension,clinicalbert_type2_max_pool,knn,2,8,auprc,0.1322029623556771
2912,2912,2576.0,2576.0,,,,new_hypertension,new_hypertension,clinicalbert_type2_max_pool,knn,2,8,brier,0.2401717156134523
2913,2913,2577.0,2577.0,,,,new_hypertension,new_hypertension,clinicalbert_type2_max_pool,knn,3,8,auroc,0.5658975283419461
2914,2914,2578.0,2578.0,,,,new_hypertension,new_hypertension,clinicalbert_type2_max_pool,knn,3,8,auprc,0.1464518319894281
2915,2915,2579.0,2579.0,,,,new_hypertension,new_hypertension,clinicalbert_type2_max_pool,knn,3,8,brier,0.3366193067845116
2916,2916,2580.0,2580.0,,,,new_hypertension,new_hypertension,clinicalbert_type2_max_pool,knn,4,8,auroc,0.6496357466192821
2917,2917,2581.0,2581.0,,,,new_hypertension,new_hypertension,clinicalbert_type2_max_pool,knn,4,8,auprc,0.1866978461432585
2918,2918,2582.0,2582.0,,,,new_hypertension,new_hypertension,clinicalbert_type2_max_pool,knn,4,8,brier,0.2526868044515103
2919,2919,2583.0,2583.0,,,,new_hypertension,new_hypertension,clinicalbert_type2_max_pool,knn,0,12,auroc,0.5573763455628616
2920,2920,2584.0,2584.0,,,,new_hypertension,new_hypertension,clinicalbert_type2_max_pool,knn,0,12,auprc,0.1486356829255014
2921,2921,2585.0,2585.0,,,,new_hypertension,new_hypertension,clinicalbert_type2_max_pool,knn,0,12,brier,0.3044515103338632
2922,2922,2586.0,2586.0,,,,new_hypertension,new_hypertension,clinicalbert_type2_max_pool,knn,1,12,auroc,0.5013419861394864
2923,2923,2587.0,2587.0,,,,new_hypertension,new_hypertension,clinicalbert_type2_max_pool,knn,1,12,auprc,0.118978753622298
2924,2924,2588.0,2588.0,,,,new_hypertension,new_hypertension,clinicalbert_type2_max_pool,knn,1,12,brier,0.3600937087250128
2925,2925,2589.0,2589.0,,,,new_hypertension,new_hypertension,clinicalbert_type2_max_pool,knn,2,12,auroc,0.5347371252310562
2926,2926,2590.0,2590.0,,,,new_hypertension,new_hypertension,clinicalbert_type2_max_pool,knn,2,12,auprc,0.1407655522192294
2927,2927,2591.0,2591.0,,,,new_hypertension,new_hypertension,clinicalbert_type2_max_pool,knn,2,12,brier,0.2341357772726756
2928,2928,2592.0,2592.0,,,,new_hypertension,new_hypertension,clinicalbert_type2_max_pool,knn,3,12,auroc,0.5206276718114238
2929,2929,2593.0,2593.0,,,,new_hypertension,new_hypertension,clinicalbert_type2_max_pool,knn,3,12,auprc,0.131267566788493
2930,2930,2594.0,2594.0,,,,new_hypertension,new_hypertension,clinicalbert_type2_max_pool,knn,3,12,brier,0.4992050874403815
2931,2931,2595.0,2595.0,,,,new_hypertension,new_hypertension,clinicalbert_type2_max_pool,knn,4,12,auroc,0.5490211226901529
2932,2932,2596.0,2596.0,,,,new_hypertension,new_hypertension,clinicalbert_type2_max_pool,knn,4,12,auprc,0.139785790963875
2933,2933,2597.0,2597.0,,,,new_hypertension,new_hypertension,clinicalbert_type2_max_pool,knn,4,12,brier,0.3744038155802862
2934,2934,2598.0,2598.0,,,,new_hypertension,new_hypertension,clinicalbert_type2_max_pool,knn,0,16,auroc,0.6018850756262124
2935,2935,2599.0,2599.0,,,,new_hypertension,new_hypertension,clinicalbert_type2_max_pool,knn,0,16,auprc,0.1683425635641418
2936,2936,2600.0,2600.0,,,,new_hypertension,new_hypertension,clinicalbert_type2_max_pool,knn,0,16,brier,0.2414551684973009
2937,2937,2601.0,2601.0,,,,new_hypertension,new_hypertension,clinicalbert_type2_max_pool,knn,1,16,auroc,0.5472384843854619
2938,2938,2602.0,2602.0,,,,new_hypertension,new_hypertension,clinicalbert_type2_max_pool,knn,1,16,auprc,0.1365980765297921
2939,2939,2603.0,2603.0,,,,new_hypertension,new_hypertension,clinicalbert_type2_max_pool,knn,1,16,brier,0.3319971257633096
2940,2940,2604.0,2604.0,,,,new_hypertension,new_hypertension,clinicalbert_type2_max_pool,knn,2,16,auroc,0.5542774735179494
2941,2941,2605.0,2605.0,,,,new_hypertension,new_hypertension,clinicalbert_type2_max_pool,knn,2,16,auprc,0.1448768632044327
2942,2942,2606.0,2606.0,,,,new_hypertension,new_hypertension,clinicalbert_type2_max_pool,knn,2,16,brier,0.2390741194690902
2943,2943,2607.0,2607.0,,,,new_hypertension,new_hypertension,clinicalbert_type2_max_pool,knn,3,16,auroc,0.5728850126759033
2944,2944,2608.0,2608.0,,,,new_hypertension,new_hypertension,clinicalbert_type2_max_pool,knn,3,16,auprc,0.1489377787330927
2945,2945,2609.0,2609.0,,,,new_hypertension,new_hypertension,clinicalbert_type2_max_pool,knn,3,16,brier,0.2858505564387918
2946,2946,2610.0,2610.0,,,,new_hypertension,new_hypertension,clinicalbert_type2_max_pool,knn,4,16,auroc,0.6124664503465128
2947,2947,2611.0,2611.0,,,,new_hypertension,new_hypertension,clinicalbert_type2_max_pool,knn,4,16,auprc,0.1676653359834649
2948,2948,2612.0,2612.0,,,,new_hypertension,new_hypertension,clinicalbert_type2_max_pool,knn,4,16,brier,0.2689984101748808
2949,2949,2613.0,2613.0,,,,new_hypertension,new_hypertension,clinicalbert_type2_max_pool,knn,0,24,auroc,0.6217373140819842
2950,2950,2614.0,2614.0,,,,new_hypertension,new_hypertension,clinicalbert_type2_max_pool,knn,0,24,auprc,0.1896985977148666
2951,2951,2615.0,2615.0,,,,new_hypertension,new_hypertension,clinicalbert_type2_max_pool,knn,0,24,brier,0.2621435185663055
2952,2952,2616.0,2616.0,,,,new_hypertension,new_hypertension,clinicalbert_type2_max_pool,knn,1,24,auroc,0.5083008566964823
2953,2953,2617.0,2617.0,,,,new_hypertension,new_hypertension,clinicalbert_type2_max_pool,knn,1,24,auprc,0.1280033731097161
2954,2954,2618.0,2618.0,,,,new_hypertension,new_hypertension,clinicalbert_type2_max_pool,knn,1,24,brier,0.3902137431549196
2955,2955,2619.0,2619.0,,,,new_hypertension,new_hypertension,clinicalbert_type2_max_pool,knn,2,24,auroc,0.5888028567994918
2956,2956,2620.0,2620.0,,,,new_hypertension,new_hypertension,clinicalbert_type2_max_pool,knn,2,24,auprc,0.1550338824604705
2957,2957,2621.0,2621.0,,,,new_hypertension,new_hypertension,clinicalbert_type2_max_pool,knn,2,24,brier,0.2544567206148795
2958,2958,2622.0,2622.0,,,,new_hypertension,new_hypertension,clinicalbert_type2_max_pool,knn,3,24,auroc,0.5361620913237305
2959,2959,2623.0,2623.0,,,,new_hypertension,new_hypertension,clinicalbert_type2_max_pool,knn,3,24,auprc,0.1356313058527988
2960,2960,2624.0,2624.0,,,,new_hypertension,new_hypertension,clinicalbert_type2_max_pool,knn,3,24,brier,0.4109697933227345
2961,2961,2625.0,2625.0,,,,new_hypertension,new_hypertension,clinicalbert_type2_max_pool,knn,4,24,auroc,0.6364075975300587
2962,2962,2626.0,2626.0,,,,new_hypertension,new_hypertension,clinicalbert_type2_max_pool,knn,4,24,auprc,0.1751022581418006
2963,2963,2627.0,2627.0,,,,new_hypertension,new_hypertension,clinicalbert_type2_max_pool,knn,4,24,brier,0.2465182829888712
2964,2964,2628.0,2628.0,,,,new_hypertension,new_hypertension,clinicalbert_type2_max_pool,knn,0,32,auroc,0.5750711052357489
2965,2965,2629.0,2629.0,,,,new_hypertension,new_hypertension,clinicalbert_type2_max_pool,knn,0,32,auprc,0.1597454965623775
2966,2966,2630.0,2630.0,,,,new_hypertension,new_hypertension,clinicalbert_type2_max_pool,knn,0,32,brier,0.2472496025437202
2967,2967,2631.0,2631.0,,,,new_hypertension,new_hypertension,clinicalbert_type2_max_pool,knn,1,32,auroc,0.5482485507121969
2968,2968,2632.0,2632.0,,,,new_hypertension,new_hypertension,clinicalbert_type2_max_pool,knn,1,32,auprc,0.1457384862479201
2969,2969,2633.0,2633.0,,,,new_hypertension,new_hypertension,clinicalbert_type2_max_pool,knn,1,32,brier,0.3589825119236884
2970,2970,2634.0,2634.0,,,,new_hypertension,new_hypertension,clinicalbert_type2_max_pool,knn,2,32,auroc,0.5843763055035739
2971,2971,2635.0,2635.0,,,,new_hypertension,new_hypertension,clinicalbert_type2_max_pool,knn,2,32,auprc,0.1596252579965005
2972,2972,2636.0,2636.0,,,,new_hypertension,new_hypertension,clinicalbert_type2_max_pool,knn,2,32,brier,0.2584729754711524
2973,2973,2637.0,2637.0,,,,new_hypertension,new_hypertension,clinicalbert_type2_max_pool,knn,3,32,auroc,0.5474931470004178
2974,2974,2638.0,2638.0,,,,new_hypertension,new_hypertension,clinicalbert_type2_max_pool,knn,3,32,auprc,0.1576020854055273
2975,2975,2639.0,2639.0,,,,new_hypertension,new_hypertension,clinicalbert_type2_max_pool,knn,3,32,brier,0.2642925278219396
2976,2976,2640.0,2640.0,,,,new_hypertension,new_hypertension,clinicalbert_type2_max_pool,knn,4,32,auroc,0.6317864725508038
2977,2977,2641.0,2641.0,,,,new_hypertension,new_hypertension,clinicalbert_type2_max_pool,knn,4,32,auprc,0.1768336405437934
2978,2978,2642.0,2642.0,,,,new_hypertension,new_hypertension,clinicalbert_type2_max_pool,knn,4,32,brier,0.2502384737678855
2979,2979,2643.0,2643.0,,,,new_hypertension,new_hypertension,clinicalbert_type2_max_pool,knn,0,48,auroc,0.5770540399791692
2980,2980,2644.0,2644.0,,,,new_hypertension,new_hypertension,clinicalbert_type2_max_pool,knn,0,48,auprc,0.1600865841729099
2981,2981,2645.0,2645.0,,,,new_hypertension,new_hypertension,clinicalbert_type2_max_pool,knn,0,48,brier,0.2397138314785374
2982,2982,2646.0,2646.0,,,,new_hypertension,new_hypertension,clinicalbert_type2_max_pool,knn,1,48,auroc,0.5942766723321945
2983,2983,2647.0,2647.0,,,,new_hypertension,new_hypertension,clinicalbert_type2_max_pool,knn,1,48,auprc,0.1750680222265088
2984,2984,2648.0,2648.0,,,,new_hypertension,new_hypertension,clinicalbert_type2_max_pool,knn,1,48,brier,0.2774302723109578
2985,2985,2649.0,2649.0,,,,new_hypertension,new_hypertension,clinicalbert_type2_max_pool,knn,2,48,auroc,0.593469763821885
2986,2986,2650.0,2650.0,,,,new_hypertension,new_hypertension,clinicalbert_type2_max_pool,knn,2,48,auprc,0.158627994697827
2987,2987,2651.0,2651.0,,,,new_hypertension,new_hypertension,clinicalbert_type2_max_pool,knn,2,48,brier,0.3006026184615556
2988,2988,2652.0,2652.0,,,,new_hypertension,new_hypertension,clinicalbert_type2_max_pool,knn,3,48,auroc,0.5411981160689249
2989,2989,2653.0,2653.0,,,,new_hypertension,new_hypertension,clinicalbert_type2_max_pool,knn,3,48,auprc,0.1436565439416669
2990,2990,2654.0,2654.0,,,,new_hypertension,new_hypertension,clinicalbert_type2_max_pool,knn,3,48,brier,0.284313725490196
2991,2991,2655.0,2655.0,,,,new_hypertension,new_hypertension,clinicalbert_type2_max_pool,knn,4,48,auroc,0.6584888492111182
2992,2992,2656.0,2656.0,,,,new_hypertension,new_hypertension,clinicalbert_type2_max_pool,knn,4,48,auprc,0.1928040812317822
2993,2993,2657.0,2657.0,,,,new_hypertension,new_hypertension,clinicalbert_type2_max_pool,knn,4,48,brier,0.2614308426073132
2994,2994,2658.0,2658.0,,,,new_hypertension,new_hypertension,clinicalbert_type2_max_pool,knn,0,64,auroc,0.5575279985807566
2995,2995,2659.0,2659.0,,,,new_hypertension,new_hypertension,clinicalbert_type2_max_pool,knn,0,64,auprc,0.1471911802126341
2996,2996,2660.0,2660.0,,,,new_hypertension,new_hypertension,clinicalbert_type2_max_pool,knn,0,64,brier,0.2235337290685759
2997,2997,2661.0,2661.0,,,,new_hypertension,new_hypertension,clinicalbert_type2_max_pool,knn,1,64,auroc,0.6054331839694176
2998,2998,2662.0,2662.0,,,,new_hypertension,new_hypertension,clinicalbert_type2_max_pool,knn,1,64,auprc,0.1644166474804235
2999,2999,2663.0,2663.0,,,,new_hypertension,new_hypertension,clinicalbert_type2_max_pool,knn,1,64,brier,0.3267090620031797
3000,3000,2664.0,2664.0,,,,new_hypertension,new_hypertension,clinicalbert_type2_max_pool,knn,2,64,auroc,0.5959162417520788
3001,3001,2665.0,2665.0,,,,new_hypertension,new_hypertension,clinicalbert_type2_max_pool,knn,2,64,auprc,0.1666157010829121
3002,3002,2666.0,2666.0,,,,new_hypertension,new_hypertension,clinicalbert_type2_max_pool,knn,2,64,brier,0.3091699973476973
3003,3003,2667.0,2667.0,,,,new_hypertension,new_hypertension,clinicalbert_type2_max_pool,knn,3,64,auroc,0.5751712534551136
3004,3004,2668.0,2668.0,,,,new_hypertension,new_hypertension,clinicalbert_type2_max_pool,knn,3,64,auprc,0.1602214975013249
3005,3005,2669.0,2669.0,,,,new_hypertension,new_hypertension,clinicalbert_type2_max_pool,knn,3,64,brier,0.2728450758157685
3006,3006,2670.0,2670.0,,,,new_hypertension,new_hypertension,clinicalbert_type2_max_pool,knn,4,64,auroc,0.6524427581391888
3007,3007,2671.0,2671.0,,,,new_hypertension,new_hypertension,clinicalbert_type2_max_pool,knn,4,64,auprc,0.207834709373582
3008,3008,2672.0,2672.0,,,,new_hypertension,new_hypertension,clinicalbert_type2_max_pool,knn,4,64,brier,0.2467470628006057
3009,3009,2673.0,2673.0,,,,new_hypertension,new_hypertension,clinicalbert_type2_max_pool,knn,0,128,auroc,0.601510235148019
3010,3010,2674.0,2674.0,,,,new_hypertension,new_hypertension,clinicalbert_type2_max_pool,knn,0,128,auprc,0.1719349135689957
3011,3011,2675.0,2675.0,,,,new_hypertension,new_hypertension,clinicalbert_type2_max_pool,knn,0,128,brier,0.2276866554738294
3012,3012,2676.0,2676.0,,,,new_hypertension,new_hypertension,clinicalbert_type2_max_pool,knn,1,128,auroc,0.6158829353156957
3013,3013,2677.0,2677.0,,,,new_hypertension,new_hypertension,clinicalbert_type2_max_pool,knn,1,128,auprc,0.1944344719663489
3014,3014,2678.0,2678.0,,,,new_hypertension,new_hypertension,clinicalbert_type2_max_pool,knn,1,128,brier,0.2839080016827931
3015,3015,2679.0,2679.0,,,,new_hypertension,new_hypertension,clinicalbert_type2_max_pool,knn,2,128,auroc,0.582874082213104
3016,3016,2680.0,2680.0,,,,new_hypertension,new_hypertension,clinicalbert_type2_max_pool,knn,2,128,auprc,0.1706668549010001
3017,3017,2681.0,2681.0,,,,new_hypertension,new_hypertension,clinicalbert_type2_max_pool,knn,2,128,brier,0.2744154822268743
3018,3018,2682.0,2682.0,,,,new_hypertension,new_hypertension,clinicalbert_type2_max_pool,knn,3,128,auroc,0.5905168220394756
3019,3019,2683.0,2683.0,,,,new_hypertension,new_hypertension,clinicalbert_type2_max_pool,knn,3,128,auprc,0.1802447817352633
3020,3020,2684.0,2684.0,,,,new_hypertension,new_hypertension,clinicalbert_type2_max_pool,knn,3,128,brier,0.2636620754734498
3021,3021,2685.0,2685.0,,,,new_hypertension,new_hypertension,clinicalbert_type2_max_pool,knn,4,128,auroc,0.5769195552274509
3022,3022,2686.0,2686.0,,,,new_hypertension,new_hypertension,clinicalbert_type2_max_pool,knn,4,128,auprc,0.1594961363644663
3023,3023,2687.0,2687.0,,,,new_hypertension,new_hypertension,clinicalbert_type2_max_pool,knn,4,128,brier,0.2889764665726927
3024,3024,2688.0,2688.0,,,,new_hypertension,new_hypertension,clinicalbert_type2_max_pool,rf,0,-1,auroc,0.5817009173576895
3025,3025,2689.0,2689.0,,,,new_hypertension,new_hypertension,clinicalbert_type2_max_pool,rf,0,-1,auprc,0.1551282271076059
3026,3026,2690.0,2690.0,,,,new_hypertension,new_hypertension,clinicalbert_type2_max_pool,rf,0,-1,brier,0.1122613056640287
3027,3027,2691.0,2691.0,,,,new_hypertension,new_hypertension,clinicalbert_type2_max_pool,rf,0,1,auroc,0.451041827619162
3028,3028,2692.0,2692.0,,,,new_hypertension,new_hypertension,clinicalbert_type2_max_pool,rf,0,1,auprc,0.1152561513565227
3029,3029,2693.0,2693.0,,,,new_hypertension,new_hypertension,clinicalbert_type2_max_pool,rf,0,1,brier,0.3842209856915738
3030,3030,2694.0,2694.0,,,,new_hypertension,new_hypertension,clinicalbert_type2_max_pool,rf,1,1,auroc,0.5597684573168289
3031,3031,2695.0,2695.0,,,,new_hypertension,new_hypertension,clinicalbert_type2_max_pool,rf,1,1,auprc,0.1573203989194632
3032,3032,2696.0,2696.0,,,,new_hypertension,new_hypertension,clinicalbert_type2_max_pool,rf,1,1,brier,0.3256299682034976
3033,3033,2697.0,2697.0,,,,new_hypertension,new_hypertension,clinicalbert_type2_max_pool,rf,2,1,auroc,0.510939046932317
3034,3034,2698.0,2698.0,,,,new_hypertension,new_hypertension,clinicalbert_type2_max_pool,rf,2,1,auprc,0.1289205818827847
3035,3035,2699.0,2699.0,,,,new_hypertension,new_hypertension,clinicalbert_type2_max_pool,rf,2,1,brier,0.3621303656597773
3036,3036,2700.0,2700.0,,,,new_hypertension,new_hypertension,clinicalbert_type2_max_pool,rf,3,1,auroc,0.558781282011663
3037,3037,2701.0,2701.0,,,,new_hypertension,new_hypertension,clinicalbert_type2_max_pool,rf,3,1,auprc,0.1505426057149675
3038,3038,2702.0,2702.0,,,,new_hypertension,new_hypertension,clinicalbert_type2_max_pool,rf,3,1,brier,0.3175516693163752
3039,3039,2703.0,2703.0,,,,new_hypertension,new_hypertension,clinicalbert_type2_max_pool,rf,4,1,auroc,0.4838961663261626
3040,3040,2704.0,2704.0,,,,new_hypertension,new_hypertension,clinicalbert_type2_max_pool,rf,4,1,auprc,0.1248391224958183
3041,3041,2705.0,2705.0,,,,new_hypertension,new_hypertension,clinicalbert_type2_max_pool,rf,4,1,brier,0.4081875993640699
3042,3042,2706.0,2706.0,,,,new_hypertension,new_hypertension,clinicalbert_type2_max_pool,rf,0,2,auroc,0.4935332864067391
3043,3043,2707.0,2707.0,,,,new_hypertension,new_hypertension,clinicalbert_type2_max_pool,rf,0,2,auprc,0.134693390054065
3044,3044,2708.0,2708.0,,,,new_hypertension,new_hypertension,clinicalbert_type2_max_pool,rf,0,2,brier,0.2549488076311605
3045,3045,2709.0,2709.0,,,,new_hypertension,new_hypertension,clinicalbert_type2_max_pool,rf,1,2,auroc,0.5740610389090139
3046,3046,2710.0,2710.0,,,,new_hypertension,new_hypertension,clinicalbert_type2_max_pool,rf,1,2,auprc,0.1544538284750599
3047,3047,2711.0,2711.0,,,,new_hypertension,new_hypertension,clinicalbert_type2_max_pool,rf,1,2,brier,0.2564935788729906
3048,3048,2712.0,2712.0,,,,new_hypertension,new_hypertension,clinicalbert_type2_max_pool,rf,2,2,auroc,0.4410870946143148
3049,3049,2713.0,2713.0,,,,new_hypertension,new_hypertension,clinicalbert_type2_max_pool,rf,2,2,auprc,0.1122841195922666
3050,3050,2714.0,2714.0,,,,new_hypertension,new_hypertension,clinicalbert_type2_max_pool,rf,2,2,brier,0.2358321144674086
3051,3051,2715.0,2715.0,,,,new_hypertension,new_hypertension,clinicalbert_type2_max_pool,rf,3,2,auroc,0.5407460183929359
3052,3052,2716.0,2716.0,,,,new_hypertension,new_hypertension,clinicalbert_type2_max_pool,rf,3,2,auprc,0.1436701388484191
3053,3053,2717.0,2717.0,,,,new_hypertension,new_hypertension,clinicalbert_type2_max_pool,rf,3,2,brier,0.3043958664546899
3054,3054,2718.0,2718.0,,,,new_hypertension,new_hypertension,clinicalbert_type2_max_pool,rf,4,2,auroc,0.4882197080250199
3055,3055,2719.0,2719.0,,,,new_hypertension,new_hypertension,clinicalbert_type2_max_pool,rf,4,2,auprc,0.1200382144604237
3056,3056,2720.0,2720.0,,,,new_hypertension,new_hypertension,clinicalbert_type2_max_pool,rf,4,2,brier,0.3046303656597774
3057,3057,2721.0,2721.0,,,,new_hypertension,new_hypertension,clinicalbert_type2_max_pool,rf,0,4,auroc,0.5075282847185264
3058,3058,2722.0,2722.0,,,,new_hypertension,new_hypertension,clinicalbert_type2_max_pool,rf,0,4,auprc,0.1243797500856462
3059,3059,2723.0,2723.0,,,,new_hypertension,new_hypertension,clinicalbert_type2_max_pool,rf,0,4,brier,0.3726788553259141
3060,3060,2724.0,2724.0,,,,new_hypertension,new_hypertension,clinicalbert_type2_max_pool,rf,1,4,auroc,0.4968753755558227
3061,3061,2725.0,2725.0,,,,new_hypertension,new_hypertension,clinicalbert_type2_max_pool,rf,1,4,auprc,0.1347660663553434
3062,3062,2726.0,2726.0,,,,new_hypertension,new_hypertension,clinicalbert_type2_max_pool,rf,1,4,brier,0.2711506359300477
3063,3063,2727.0,2727.0,,,,new_hypertension,new_hypertension,clinicalbert_type2_max_pool,rf,2,4,auroc,0.4713976685494532
3064,3064,2728.0,2728.0,,,,new_hypertension,new_hypertension,clinicalbert_type2_max_pool,rf,2,4,auprc,0.1156076861023635
3065,3065,2729.0,2729.0,,,,new_hypertension,new_hypertension,clinicalbert_type2_max_pool,rf,2,4,brier,0.3222476152623212
3066,3066,2730.0,2730.0,,,,new_hypertension,new_hypertension,clinicalbert_type2_max_pool,rf,3,4,auroc,0.6347165233116441
3067,3067,2731.0,2731.0,,,,new_hypertension,new_hypertension,clinicalbert_type2_max_pool,rf,3,4,auprc,0.182321933793073
3068,3068,2732.0,2732.0,,,,new_hypertension,new_hypertension,clinicalbert_type2_max_pool,rf,3,4,brier,0.3145071542130365
3069,3069,2733.0,2733.0,,,,new_hypertension,new_hypertension,clinicalbert_type2_max_pool,rf,4,4,auroc,0.5900160809426522
3070,3070,2734.0,2734.0,,,,new_hypertension,new_hypertension,clinicalbert_type2_max_pool,rf,4,4,auprc,0.1501413918619797
3071,3071,2735.0,2735.0,,,,new_hypertension,new_hypertension,clinicalbert_type2_max_pool,rf,4,4,brier,0.2660556438791733
3072,3072,2736.0,2736.0,,,,new_hypertension,new_hypertension,clinicalbert_type2_max_pool,rf,0,8,auroc,0.5378216903874877
3073,3073,2737.0,2737.0,,,,new_hypertension,new_hypertension,clinicalbert_type2_max_pool,rf,0,8,auprc,0.151062493464364
3074,3074,2738.0,2738.0,,,,new_hypertension,new_hypertension,clinicalbert_type2_max_pool,rf,0,8,brier,0.3061049284578696
3075,3075,2739.0,2739.0,,,,new_hypertension,new_hypertension,clinicalbert_type2_max_pool,rf,1,8,auroc,0.5091192107175763
3076,3076,2740.0,2740.0,,,,new_hypertension,new_hypertension,clinicalbert_type2_max_pool,rf,1,8,auprc,0.1327909291398618
3077,3077,2741.0,2741.0,,,,new_hypertension,new_hypertension,clinicalbert_type2_max_pool,rf,1,8,brier,0.3268362480127186
3078,3078,2742.0,2742.0,,,,new_hypertension,new_hypertension,clinicalbert_type2_max_pool,rf,2,8,auroc,0.5329459027932769
3079,3079,2743.0,2743.0,,,,new_hypertension,new_hypertension,clinicalbert_type2_max_pool,rf,2,8,auprc,0.1332055262490193
3080,3080,2744.0,2744.0,,,,new_hypertension,new_hypertension,clinicalbert_type2_max_pool,rf,2,8,brier,0.2471987281399046
3081,3081,2745.0,2745.0,,,,new_hypertension,new_hypertension,clinicalbert_type2_max_pool,rf,3,8,auroc,0.5714514624501404
3082,3082,2746.0,2746.0,,,,new_hypertension,new_hypertension,clinicalbert_type2_max_pool,rf,3,8,auprc,0.148354671410509
3083,3083,2747.0,2747.0,,,,new_hypertension,new_hypertension,clinicalbert_type2_max_pool,rf,3,8,brier,0.2782511923688394
3084,3084,2748.0,2748.0,,,,new_hypertension,new_hypertension,clinicalbert_type2_max_pool,rf,4,8,auroc,0.5346598680332606
3085,3085,2749.0,2749.0,,,,new_hypertension,new_hypertension,clinicalbert_type2_max_pool,rf,4,8,auprc,0.1508721303591101
3086,3086,2750.0,2750.0,,,,new_hypertension,new_hypertension,clinicalbert_type2_max_pool,rf,4,8,brier,0.2781120826709062
3087,3087,2751.0,2751.0,,,,new_hypertension,new_hypertension,clinicalbert_type2_max_pool,rf,0,12,auroc,0.577028287579904
3088,3088,2752.0,2752.0,,,,new_hypertension,new_hypertension,clinicalbert_type2_max_pool,rf,0,12,auprc,0.1575798385331995
3089,3089,2753.0,2753.0,,,,new_hypertension,new_hypertension,clinicalbert_type2_max_pool,rf,0,12,brier,0.2698648648648649
3090,3090,2754.0,2754.0,,,,new_hypertension,new_hypertension,clinicalbert_type2_max_pool,rf,1,12,auroc,0.4753978745686473
3091,3091,2755.0,2755.0,,,,new_hypertension,new_hypertension,clinicalbert_type2_max_pool,rf,1,12,auprc,0.1144161463455582
3092,3092,2756.0,2756.0,,,,new_hypertension,new_hypertension,clinicalbert_type2_max_pool,rf,1,12,brier,0.3458366454689984
3093,3093,2757.0,2757.0,,,,new_hypertension,new_hypertension,clinicalbert_type2_max_pool,rf,2,12,auroc,0.6101344275241644
3094,3094,2758.0,2758.0,,,,new_hypertension,new_hypertension,clinicalbert_type2_max_pool,rf,2,12,auprc,0.1738169289731516
3095,3095,2759.0,2759.0,,,,new_hypertension,new_hypertension,clinicalbert_type2_max_pool,rf,2,12,brier,0.2380529411764705
3096,3096,2760.0,2760.0,,,,new_hypertension,new_hypertension,clinicalbert_type2_max_pool,rf,3,12,auroc,0.538299540462742
3097,3097,2761.0,2761.0,,,,new_hypertension,new_hypertension,clinicalbert_type2_max_pool,rf,3,12,auprc,0.1415418093187694
3098,3098,2762.0,2762.0,,,,new_hypertension,new_hypertension,clinicalbert_type2_max_pool,rf,3,12,brier,0.2920190779014308
3099,3099,2763.0,2763.0,,,,new_hypertension,new_hypertension,clinicalbert_type2_max_pool,rf,4,12,auroc,0.6012012063568365
3100,3100,2764.0,2764.0,,,,new_hypertension,new_hypertension,clinicalbert_type2_max_pool,rf,4,12,auprc,0.1747424193599486
3101,3101,2765.0,2765.0,,,,new_hypertension,new_hypertension,clinicalbert_type2_max_pool,rf,4,12,brier,0.2313275039745627
3102,3102,2766.0,2766.0,,,,new_hypertension,new_hypertension,clinicalbert_type2_max_pool,rf,0,16,auroc,0.6235457047859403
3103,3103,2767.0,2767.0,,,,new_hypertension,new_hypertension,clinicalbert_type2_max_pool,rf,0,16,auprc,0.1957673949019936
3104,3104,2768.0,2768.0,,,,new_hypertension,new_hypertension,clinicalbert_type2_max_pool,rf,0,16,brier,0.2110684154742978
3105,3105,2769.0,2769.0,,,,new_hypertension,new_hypertension,clinicalbert_type2_max_pool,rf,1,16,auroc,0.5193915566466942
3106,3106,2770.0,2770.0,,,,new_hypertension,new_hypertension,clinicalbert_type2_max_pool,rf,1,16,auprc,0.1328362223986198
3107,3107,2771.0,2771.0,,,,new_hypertension,new_hypertension,clinicalbert_type2_max_pool,rf,1,16,brier,0.3201815152519718
3108,3108,2772.0,2772.0,,,,new_hypertension,new_hypertension,clinicalbert_type2_max_pool,rf,2,16,auroc,0.5820843419689713
3109,3109,2773.0,2773.0,,,,new_hypertension,new_hypertension,clinicalbert_type2_max_pool,rf,2,16,auprc,0.151782187621474
3110,3110,2774.0,2774.0,,,,new_hypertension,new_hypertension,clinicalbert_type2_max_pool,rf,2,16,brier,0.2280127186009539
3111,3111,2775.0,2775.0,,,,new_hypertension,new_hypertension,clinicalbert_type2_max_pool,rf,3,16,auroc,0.5621348166715311
3112,3112,2776.0,2776.0,,,,new_hypertension,new_hypertension,clinicalbert_type2_max_pool,rf,3,16,auprc,0.1394147916318216
3113,3113,2777.0,2777.0,,,,new_hypertension,new_hypertension,clinicalbert_type2_max_pool,rf,3,16,brier,0.2887860095389507
3114,3114,2778.0,2778.0,,,,new_hypertension,new_hypertension,clinicalbert_type2_max_pool,rf,4,16,auroc,0.6562426677196536
3115,3115,2779.0,2779.0,,,,new_hypertension,new_hypertension,clinicalbert_type2_max_pool,rf,4,16,auprc,0.2006006159726665
3116,3116,2780.0,2780.0,,,,new_hypertension,new_hypertension,clinicalbert_type2_max_pool,rf,4,16,brier,0.2326326267443914
3117,3117,2781.0,2781.0,,,,new_hypertension,new_hypertension,clinicalbert_type2_max_pool,rf,0,24,auroc,0.6100113882832305
3118,3118,2782.0,2782.0,,,,new_hypertension,new_hypertension,clinicalbert_type2_max_pool,rf,0,24,auprc,0.176430677437332
3119,3119,2783.0,2783.0,,,,new_hypertension,new_hypertension,clinicalbert_type2_max_pool,rf,0,24,brier,0.2345985691573927
3120,3120,2784.0,2784.0,,,,new_hypertension,new_hypertension,clinicalbert_type2_max_pool,rf,1,24,auroc,0.5147360951350858
3121,3121,2785.0,2785.0,,,,new_hypertension,new_hypertension,clinicalbert_type2_max_pool,rf,1,24,auprc,0.1231150378586636
3122,3122,2786.0,2786.0,,,,new_hypertension,new_hypertension,clinicalbert_type2_max_pool,rf,1,24,brier,0.3076232114467409
3123,3123,2787.0,2787.0,,,,new_hypertension,new_hypertension,clinicalbert_type2_max_pool,rf,2,24,auroc,0.6008664251663891
3124,3124,2788.0,2788.0,,,,new_hypertension,new_hypertension,clinicalbert_type2_max_pool,rf,2,24,auprc,0.1673030389393034
3125,3125,2789.0,2789.0,,,,new_hypertension,new_hypertension,clinicalbert_type2_max_pool,rf,2,24,brier,0.2604888712241653
3126,3126,2790.0,2790.0,,,,new_hypertension,new_hypertension,clinicalbert_type2_max_pool,rf,3,24,auroc,0.5172426619968983
3127,3127,2791.0,2791.0,,,,new_hypertension,new_hypertension,clinicalbert_type2_max_pool,rf,3,24,auprc,0.135274503902897
3128,3128,2792.0,2792.0,,,,new_hypertension,new_hypertension,clinicalbert_type2_max_pool,rf,3,24,brier,0.2619723556065404
3129,3129,2793.0,2793.0,,,,new_hypertension,new_hypertension,clinicalbert_type2_max_pool,rf,4,24,auroc,0.5586668269038177
3130,3130,2794.0,2794.0,,,,new_hypertension,new_hypertension,clinicalbert_type2_max_pool,rf,4,24,auprc,0.1522714542538831
3131,3131,2795.0,2795.0,,,,new_hypertension,new_hypertension,clinicalbert_type2_max_pool,rf,4,24,brier,0.2382013021850381
3132,3132,2796.0,2796.0,,,,new_hypertension,new_hypertension,clinicalbert_type2_max_pool,rf,0,32,auroc,0.5907342867443816
3133,3133,2797.0,2797.0,,,,new_hypertension,new_hypertension,clinicalbert_type2_max_pool,rf,0,32,auprc,0.1697083022989705
3134,3134,2798.0,2798.0,,,,new_hypertension,new_hypertension,clinicalbert_type2_max_pool,rf,0,32,brier,0.2351446740858505
3135,3135,2799.0,2799.0,,,,new_hypertension,new_hypertension,clinicalbert_type2_max_pool,rf,1,32,auroc,0.514335502257627
3136,3136,2800.0,2800.0,,,,new_hypertension,new_hypertension,clinicalbert_type2_max_pool,rf,1,32,auprc,0.1249951715866267
3137,3137,2801.0,2801.0,,,,new_hypertension,new_hypertension,clinicalbert_type2_max_pool,rf,1,32,brier,0.2753183624801272
3138,3138,2802.0,2802.0,,,,new_hypertension,new_hypertension,clinicalbert_type2_max_pool,rf,2,32,auroc,0.5894838646911715
3139,3139,2803.0,2803.0,,,,new_hypertension,new_hypertension,clinicalbert_type2_max_pool,rf,2,32,auprc,0.1631725950399888
3140,3140,2804.0,2804.0,,,,new_hypertension,new_hypertension,clinicalbert_type2_max_pool,rf,2,32,brier,0.2252722575516693
3141,3141,2805.0,2805.0,,,,new_hypertension,new_hypertension,clinicalbert_type2_max_pool,rf,3,32,auroc,0.5851488774815299
3142,3142,2806.0,2806.0,,,,new_hypertension,new_hypertension,clinicalbert_type2_max_pool,rf,3,32,auprc,0.1857743206736389
3143,3143,2807.0,2807.0,,,,new_hypertension,new_hypertension,clinicalbert_type2_max_pool,rf,3,32,brier,0.2370362923357624
3144,3144,2808.0,2808.0,,,,new_hypertension,new_hypertension,clinicalbert_type2_max_pool,rf,4,32,auroc,0.6181062257855913
3145,3145,2809.0,2809.0,,,,new_hypertension,new_hypertension,clinicalbert_type2_max_pool,rf,4,32,auprc,0.1906757982701993
3146,3146,2810.0,2810.0,,,,new_hypertension,new_hypertension,clinicalbert_type2_max_pool,rf,4,32,brier,0.2243308199331203
3147,3147,2811.0,2811.0,,,,new_hypertension,new_hypertension,clinicalbert_type2_max_pool,rf,0,48,auroc,0.629749171631157
3148,3148,2812.0,2812.0,,,,new_hypertension,new_hypertension,clinicalbert_type2_max_pool,rf,0,48,auprc,0.1932727502897477
3149,3149,2813.0,2813.0,,,,new_hypertension,new_hypertension,clinicalbert_type2_max_pool,rf,0,48,brier,0.2328173905643963
3150,3150,2814.0,2814.0,,,,new_hypertension,new_hypertension,clinicalbert_type2_max_pool,rf,1,48,auroc,0.5917958578696471
3151,3151,2815.0,2815.0,,,,new_hypertension,new_hypertension,clinicalbert_type2_max_pool,rf,1,48,auprc,0.1632674660217972
3152,3152,2816.0,2816.0,,,,new_hypertension,new_hypertension,clinicalbert_type2_max_pool,rf,1,48,brier,0.237174606959901
3153,3153,2817.0,2817.0,,,,new_hypertension,new_hypertension,clinicalbert_type2_max_pool,rf,2,48,auroc,0.5974842767295597
3154,3154,2818.0,2818.0,,,,new_hypertension,new_hypertension,clinicalbert_type2_max_pool,rf,2,48,auprc,0.1598840007282476
3155,3155,2819.0,2819.0,,,,new_hypertension,new_hypertension,clinicalbert_type2_max_pool,rf,2,48,brier,0.2285340222575517
3156,3156,2820.0,2820.0,,,,new_hypertension,new_hypertension,clinicalbert_type2_max_pool,rf,3,48,auroc,0.5972267527369077
3157,3157,2821.0,2821.0,,,,new_hypertension,new_hypertension,clinicalbert_type2_max_pool,rf,3,48,auprc,0.1883956503690773
3158,3158,2822.0,2822.0,,,,new_hypertension,new_hypertension,clinicalbert_type2_max_pool,rf,3,48,brier,0.2252194464577376
3159,3159,2823.0,2823.0,,,,new_hypertension,new_hypertension,clinicalbert_type2_max_pool,rf,4,48,auroc,0.6006575445945714
3160,3160,2824.0,2824.0,,,,new_hypertension,new_hypertension,clinicalbert_type2_max_pool,rf,4,48,auprc,0.1571499086343551
3161,3161,2825.0,2825.0,,,,new_hypertension,new_hypertension,clinicalbert_type2_max_pool,rf,4,48,brier,0.2601099463772029
3162,3162,2826.0,2826.0,,,,new_hypertension,new_hypertension,clinicalbert_type2_max_pool,rf,0,64,auroc,0.617496752336315
3163,3163,2827.0,2827.0,,,,new_hypertension,new_hypertension,clinicalbert_type2_max_pool,rf,0,64,auprc,0.180584953992161
3164,3164,2828.0,2828.0,,,,new_hypertension,new_hypertension,clinicalbert_type2_max_pool,rf,0,64,brier,0.2251583995760466
3165,3165,2829.0,2829.0,,,,new_hypertension,new_hypertension,clinicalbert_type2_max_pool,rf,1,64,auroc,0.6048551856747988
3166,3166,2830.0,2830.0,,,,new_hypertension,new_hypertension,clinicalbert_type2_max_pool,rf,1,64,auprc,0.1788698883198857
3167,3167,2831.0,2831.0,,,,new_hypertension,new_hypertension,clinicalbert_type2_max_pool,rf,1,64,brier,0.2307617244533614
3168,3168,2832.0,2832.0,,,,new_hypertension,new_hypertension,clinicalbert_type2_max_pool,rf,2,64,auroc,0.5900160809426522
3169,3169,2833.0,2833.0,,,,new_hypertension,new_hypertension,clinicalbert_type2_max_pool,rf,2,64,auprc,0.1750635263314297
3170,3170,2834.0,2834.0,,,,new_hypertension,new_hypertension,clinicalbert_type2_max_pool,rf,2,64,brier,0.2451898728861961
3171,3171,2835.0,2835.0,,,,new_hypertension,new_hypertension,clinicalbert_type2_max_pool,rf,3,64,auroc,0.5905368516833485
3172,3172,2836.0,2836.0,,,,new_hypertension,new_hypertension,clinicalbert_type2_max_pool,rf,3,64,auprc,0.1687748233947637
3173,3173,2837.0,2837.0,,,,new_hypertension,new_hypertension,clinicalbert_type2_max_pool,rf,3,64,brier,0.2411597620129132
3174,3174,2838.0,2838.0,,,,new_hypertension,new_hypertension,clinicalbert_type2_max_pool,rf,4,64,auroc,0.6284644130455933
3175,3175,2839.0,2839.0,,,,new_hypertension,new_hypertension,clinicalbert_type2_max_pool,rf,4,64,auprc,0.1918541682253489
3176,3176,2840.0,2840.0,,,,new_hypertension,new_hypertension,clinicalbert_type2_max_pool,rf,4,64,brier,0.214666454689984
3177,3177,2841.0,2841.0,,,,new_hypertension,new_hypertension,clinicalbert_type2_max_pool,rf,0,128,auroc,0.6320439965434558
3178,3178,2842.0,2842.0,,,,new_hypertension,new_hypertension,clinicalbert_type2_max_pool,rf,0,128,auprc,0.1853278234957048
3179,3179,2843.0,2843.0,,,,new_hypertension,new_hypertension,clinicalbert_type2_max_pool,rf,0,128,brier,0.2081933050697756
3180,3180,2844.0,2844.0,,,,new_hypertension,new_hypertension,clinicalbert_type2_max_pool,rf,1,128,auroc,0.5963540325395871
3181,3181,2845.0,2845.0,,,,new_hypertension,new_hypertension,clinicalbert_type2_max_pool,rf,1,128,auprc,0.1750349038680827
3182,3182,2846.0,2846.0,,,,new_hypertension,new_hypertension,clinicalbert_type2_max_pool,rf,1,128,brier,0.2072257551669316
3183,3183,2847.0,2847.0,,,,new_hypertension,new_hypertension,clinicalbert_type2_max_pool,rf,2,128,auroc,0.6280180381249965
3184,3184,2848.0,2848.0,,,,new_hypertension,new_hypertension,clinicalbert_type2_max_pool,rf,2,128,auprc,0.184114875554148
3185,3185,2849.0,2849.0,,,,new_hypertension,new_hypertension,clinicalbert_type2_max_pool,rf,2,128,brier,0.2133811694046988
3186,3186,2850.0,2850.0,,,,new_hypertension,new_hypertension,clinicalbert_type2_max_pool,rf,3,128,auroc,0.6060855780841359
3187,3187,2851.0,2851.0,,,,new_hypertension,new_hypertension,clinicalbert_type2_max_pool,rf,3,128,auprc,0.1611870606866255
3188,3188,2852.0,2852.0,,,,new_hypertension,new_hypertension,clinicalbert_type2_max_pool,rf,3,128,brier,0.2312336614299792
3189,3189,2853.0,2853.0,,,,new_hypertension,new_hypertension,clinicalbert_type2_max_pool,rf,4,128,auroc,0.6141832769641927
3190,3190,2854.0,2854.0,,,,new_hypertension,new_hypertension,clinicalbert_type2_max_pool,rf,4,128,auprc,0.1745212833698322
3191,3191,2855.0,2855.0,,,,new_hypertension,new_hypertension,clinicalbert_type2_max_pool,rf,4,128,brier,0.216591105811694
3192,3192,2856.0,2856.0,,,,new_hypertension,new_hypertension,clinicalbert_type2_mean_pool,lr_lbfgs,0,-1,auroc,0.6651444137323238
3193,3193,2857.0,2857.0,,,,new_hypertension,new_hypertension,clinicalbert_type2_mean_pool,lr_lbfgs,0,-1,auprc,0.2079279823095967
3194,3194,2858.0,2858.0,,,,new_hypertension,new_hypertension,clinicalbert_type2_mean_pool,lr_lbfgs,0,-1,brier,0.1076024403103221
3195,3195,2859.0,2859.0,,,,new_hypertension,new_hypertension,clinicalbert_type2_mean_pool,lr_lbfgs,0,1,auroc,0.5382766494411728
3196,3196,2860.0,2860.0,,,,new_hypertension,new_hypertension,clinicalbert_type2_mean_pool,lr_lbfgs,0,1,auprc,0.1409358414545741
3197,3197,2861.0,2861.0,,,,new_hypertension,new_hypertension,clinicalbert_type2_mean_pool,lr_lbfgs,0,1,brier,0.2500012987371355
3198,3198,2862.0,2862.0,,,,new_hypertension,new_hypertension,clinicalbert_type2_mean_pool,lr_lbfgs,1,1,auroc,0.5732827441756657
3199,3199,2863.0,2863.0,,,,new_hypertension,new_hypertension,clinicalbert_type2_mean_pool,lr_lbfgs,1,1,auprc,0.1529632765713194
3200,3200,2864.0,2864.0,,,,new_hypertension,new_hypertension,clinicalbert_type2_mean_pool,lr_lbfgs,1,1,brier,0.249997115963343
3201,3201,2865.0,2865.0,,,,new_hypertension,new_hypertension,clinicalbert_type2_mean_pool,lr_lbfgs,2,1,auroc,0.4777241746356035
3202,3202,2866.0,2866.0,,,,new_hypertension,new_hypertension,clinicalbert_type2_mean_pool,lr_lbfgs,2,1,auprc,0.1218053174708358
3203,3203,2867.0,2867.0,,,,new_hypertension,new_hypertension,clinicalbert_type2_mean_pool,lr_lbfgs,2,1,brier,0.2500007072696549
3204,3204,2868.0,2868.0,,,,new_hypertension,new_hypertension,clinicalbert_type2_mean_pool,lr_lbfgs,3,1,auroc,0.5214918078756561
3205,3205,2869.0,2869.0,,,,new_hypertension,new_hypertension,clinicalbert_type2_mean_pool,lr_lbfgs,3,1,auprc,0.1409578671328193
3206,3206,2870.0,2870.0,,,,new_hypertension,new_hypertension,clinicalbert_type2_mean_pool,lr_lbfgs,3,1,brier,0.2499983248363211
3207,3207,2871.0,2871.0,,,,new_hypertension,new_hypertension,clinicalbert_type2_mean_pool,lr_lbfgs,4,1,auroc,0.5397359520662008
3208,3208,2872.0,2872.0,,,,new_hypertension,new_hypertension,clinicalbert_type2_mean_pool,lr_lbfgs,4,1,auprc,0.1470992220797037
3209,3209,2873.0,2873.0,,,,new_hypertension,new_hypertension,clinicalbert_type2_mean_pool,lr_lbfgs,4,1,brier,0.2499991776733564
3210,3210,2874.0,2874.0,,,,new_hypertension,new_hypertension,clinicalbert_type2_mean_pool,lr_lbfgs,0,2,auroc,0.4855300129906547
3211,3211,2875.0,2875.0,,,,new_hypertension,new_hypertension,clinicalbert_type2_mean_pool,lr_lbfgs,0,2,auprc,0.1200351418597609
3212,3212,2876.0,2876.0,,,,new_hypertension,new_hypertension,clinicalbert_type2_mean_pool,lr_lbfgs,0,2,brier,0.2499992389512159
3213,3213,2877.0,2877.0,,,,new_hypertension,new_hypertension,clinicalbert_type2_mean_pool,lr_lbfgs,1,2,auroc,0.6015874923458145
3214,3214,2878.0,2878.0,,,,new_hypertension,new_hypertension,clinicalbert_type2_mean_pool,lr_lbfgs,1,2,auprc,0.1674922645501585
3215,3215,2879.0,2879.0,,,,new_hypertension,new_hypertension,clinicalbert_type2_mean_pool,lr_lbfgs,1,2,brier,0.2499984461950337
3216,3216,2880.0,2880.0,,,,new_hypertension,new_hypertension,clinicalbert_type2_mean_pool,lr_lbfgs,2,2,auroc,0.5485032133271528
3217,3217,2881.0,2881.0,,,,new_hypertension,new_hypertension,clinicalbert_type2_mean_pool,lr_lbfgs,2,2,auprc,0.1392530159722174
3218,3218,2882.0,2882.0,,,,new_hypertension,new_hypertension,clinicalbert_type2_mean_pool,lr_lbfgs,2,2,brier,0.2500002082854187
3219,3219,2883.0,2883.0,,,,new_hypertension,new_hypertension,clinicalbert_type2_mean_pool,lr_lbfgs,3,2,auroc,0.4813581243096926
3220,3220,2884.0,2884.0,,,,new_hypertension,new_hypertension,clinicalbert_type2_mean_pool,lr_lbfgs,3,2,auprc,0.1258512662271226
3221,3221,2885.0,2885.0,,,,new_hypertension,new_hypertension,clinicalbert_type2_mean_pool,lr_lbfgs,3,2,brier,0.2803134314738935
3222,3222,2886.0,2886.0,,,,new_hypertension,new_hypertension,clinicalbert_type2_mean_pool,lr_lbfgs,4,2,auroc,0.5264019320022204
3223,3223,2887.0,2887.0,,,,new_hypertension,new_hypertension,clinicalbert_type2_mean_pool,lr_lbfgs,4,2,auprc,0.135457132225943
3224,3224,2888.0,2888.0,,,,new_hypertension,new_hypertension,clinicalbert_type2_mean_pool,lr_lbfgs,4,2,brier,0.2500000942652101
3225,3225,2889.0,2889.0,,,,new_hypertension,new_hypertension,clinicalbert_type2_mean_pool,lr_lbfgs,0,4,auroc,0.6068581500620919
3226,3226,2890.0,2890.0,,,,new_hypertension,new_hypertension,clinicalbert_type2_mean_pool,lr_lbfgs,0,4,auprc,0.1650827894899717
3227,3227,2891.0,2891.0,,,,new_hypertension,new_hypertension,clinicalbert_type2_mean_pool,lr_lbfgs,0,4,brier,0.2499977925638118
3228,3228,2892.0,2892.0,,,,new_hypertension,new_hypertension,clinicalbert_type2_mean_pool,lr_lbfgs,1,4,auroc,0.5713427300976874
3229,3229,2893.0,2893.0,,,,new_hypertension,new_hypertension,clinicalbert_type2_mean_pool,lr_lbfgs,1,4,auprc,0.1562888670260323
3230,3230,2894.0,2894.0,,,,new_hypertension,new_hypertension,clinicalbert_type2_mean_pool,lr_lbfgs,1,4,brier,0.2499993434606641
3231,3231,2895.0,2895.0,,,,new_hypertension,new_hypertension,clinicalbert_type2_mean_pool,lr_lbfgs,2,4,auroc,0.5196319123731695
3232,3232,2896.0,2896.0,,,,new_hypertension,new_hypertension,clinicalbert_type2_mean_pool,lr_lbfgs,2,4,auprc,0.1345400569548281
3233,3233,2897.0,2897.0,,,,new_hypertension,new_hypertension,clinicalbert_type2_mean_pool,lr_lbfgs,2,4,brier,0.25000113762417
3234,3234,2898.0,2898.0,,,,new_hypertension,new_hypertension,clinicalbert_type2_mean_pool,lr_lbfgs,3,4,auroc,0.5385513417000017
3235,3235,2899.0,2899.0,,,,new_hypertension,new_hypertension,clinicalbert_type2_mean_pool,lr_lbfgs,3,4,auprc,0.1520928558554154
3236,3236,2900.0,2900.0,,,,new_hypertension,new_hypertension,clinicalbert_type2_mean_pool,lr_lbfgs,3,4,brier,0.2500004027553125
3237,3237,2901.0,2901.0,,,,new_hypertension,new_hypertension,clinicalbert_type2_mean_pool,lr_lbfgs,4,4,auroc,0.5338815732999125
3238,3238,2902.0,2902.0,,,,new_hypertension,new_hypertension,clinicalbert_type2_mean_pool,lr_lbfgs,4,4,auprc,0.133045817668167
3239,3239,2903.0,2903.0,,,,new_hypertension,new_hypertension,clinicalbert_type2_mean_pool,lr_lbfgs,4,4,brier,0.2499993470722131
3240,3240,2904.0,2904.0,,,,new_hypertension,new_hypertension,clinicalbert_type2_mean_pool,lr_lbfgs,0,8,auroc,0.6298121219404718
3241,3241,2905.0,2905.0,,,,new_hypertension,new_hypertension,clinicalbert_type2_mean_pool,lr_lbfgs,0,8,auprc,0.1730934135620244
3242,3242,2906.0,2906.0,,,,new_hypertension,new_hypertension,clinicalbert_type2_mean_pool,lr_lbfgs,0,8,brier,0.2359800377134541
3243,3243,2907.0,2907.0,,,,new_hypertension,new_hypertension,clinicalbert_type2_mean_pool,lr_lbfgs,1,8,auroc,0.572086688298682
3244,3244,2908.0,2908.0,,,,new_hypertension,new_hypertension,clinicalbert_type2_mean_pool,lr_lbfgs,1,8,auprc,0.1684138245803839
3245,3245,2909.0,2909.0,,,,new_hypertension,new_hypertension,clinicalbert_type2_mean_pool,lr_lbfgs,1,8,brier,0.2499984230715769
3246,3246,2910.0,2910.0,,,,new_hypertension,new_hypertension,clinicalbert_type2_mean_pool,lr_lbfgs,2,8,auroc,0.5662437550431783
3247,3247,2911.0,2911.0,,,,new_hypertension,new_hypertension,clinicalbert_type2_mean_pool,lr_lbfgs,2,8,auprc,0.1615173910540018
3248,3248,2912.0,2912.0,,,,new_hypertension,new_hypertension,clinicalbert_type2_mean_pool,lr_lbfgs,2,8,brier,0.2500011292320248
3249,3249,2913.0,2913.0,,,,new_hypertension,new_hypertension,clinicalbert_type2_mean_pool,lr_lbfgs,3,8,auroc,0.5613622446935751
3250,3250,2914.0,2914.0,,,,new_hypertension,new_hypertension,clinicalbert_type2_mean_pool,lr_lbfgs,3,8,auprc,0.1519691369023418
3251,3251,2915.0,2915.0,,,,new_hypertension,new_hypertension,clinicalbert_type2_mean_pool,lr_lbfgs,3,8,brier,0.2499999112957268
3252,3252,2916.0,2916.0,,,,new_hypertension,new_hypertension,clinicalbert_type2_mean_pool,lr_lbfgs,4,8,auroc,0.5766305560801415
3253,3253,2917.0,2917.0,,,,new_hypertension,new_hypertension,clinicalbert_type2_mean_pool,lr_lbfgs,4,8,auprc,0.1504017483646427
3254,3254,2918.0,2918.0,,,,new_hypertension,new_hypertension,clinicalbert_type2_mean_pool,lr_lbfgs,4,8,brier,0.2473943554621511
3255,3255,2919.0,2919.0,,,,new_hypertension,new_hypertension,clinicalbert_type2_mean_pool,lr_lbfgs,0,12,auroc,0.6374863369215009
3256,3256,2920.0,2920.0,,,,new_hypertension,new_hypertension,clinicalbert_type2_mean_pool,lr_lbfgs,0,12,auprc,0.1740969656101443
3257,3257,2921.0,2921.0,,,,new_hypertension,new_hypertension,clinicalbert_type2_mean_pool,lr_lbfgs,0,12,brier,0.2499958019959628
3258,3258,2922.0,2922.0,,,,new_hypertension,new_hypertension,clinicalbert_type2_mean_pool,lr_lbfgs,1,12,auroc,0.5534362284752863
3259,3259,2923.0,2923.0,,,,new_hypertension,new_hypertension,clinicalbert_type2_mean_pool,lr_lbfgs,1,12,auprc,0.1608989123153369
3260,3260,2924.0,2924.0,,,,new_hypertension,new_hypertension,clinicalbert_type2_mean_pool,lr_lbfgs,1,12,brier,0.2499983892043747
3261,3261,2925.0,2925.0,,,,new_hypertension,new_hypertension,clinicalbert_type2_mean_pool,lr_lbfgs,2,12,auroc,0.5707361180261072
3262,3262,2926.0,2926.0,,,,new_hypertension,new_hypertension,clinicalbert_type2_mean_pool,lr_lbfgs,2,12,auprc,0.1641013861195568
3263,3263,2927.0,2927.0,,,,new_hypertension,new_hypertension,clinicalbert_type2_mean_pool,lr_lbfgs,2,12,brier,0.2468690075526063
3264,3264,2928.0,2928.0,,,,new_hypertension,new_hypertension,clinicalbert_type2_mean_pool,lr_lbfgs,3,12,auroc,0.5693454884657865
3265,3265,2929.0,2929.0,,,,new_hypertension,new_hypertension,clinicalbert_type2_mean_pool,lr_lbfgs,3,12,auprc,0.1686071956234249
3266,3266,2930.0,2930.0,,,,new_hypertension,new_hypertension,clinicalbert_type2_mean_pool,lr_lbfgs,3,12,brier,0.2500005438095447
3267,3267,2931.0,2931.0,,,,new_hypertension,new_hypertension,clinicalbert_type2_mean_pool,lr_lbfgs,4,12,auroc,0.5870745846710274
3268,3268,2932.0,2932.0,,,,new_hypertension,new_hypertension,clinicalbert_type2_mean_pool,lr_lbfgs,4,12,auprc,0.1577002881100142
3269,3269,2933.0,2933.0,,,,new_hypertension,new_hypertension,clinicalbert_type2_mean_pool,lr_lbfgs,4,12,brier,0.2499999615071246
3270,3270,2934.0,2934.0,,,,new_hypertension,new_hypertension,clinicalbert_type2_mean_pool,lr_lbfgs,0,16,auroc,0.6460533017437236
3271,3271,2935.0,2935.0,,,,new_hypertension,new_hypertension,clinicalbert_type2_mean_pool,lr_lbfgs,0,16,auprc,0.1777279107062193
3272,3272,2936.0,2936.0,,,,new_hypertension,new_hypertension,clinicalbert_type2_mean_pool,lr_lbfgs,0,16,brier,0.2401965519588857
3273,3273,2937.0,2937.0,,,,new_hypertension,new_hypertension,clinicalbert_type2_mean_pool,lr_lbfgs,1,16,auroc,0.5653910644897305
3274,3274,2938.0,2938.0,,,,new_hypertension,new_hypertension,clinicalbert_type2_mean_pool,lr_lbfgs,1,16,auprc,0.1613664648642785
3275,3275,2939.0,2939.0,,,,new_hypertension,new_hypertension,clinicalbert_type2_mean_pool,lr_lbfgs,1,16,brier,0.2494197050388894
3276,3276,2940.0,2940.0,,,,new_hypertension,new_hypertension,clinicalbert_type2_mean_pool,lr_lbfgs,2,16,auroc,0.5762700224904287
3277,3277,2941.0,2941.0,,,,new_hypertension,new_hypertension,clinicalbert_type2_mean_pool,lr_lbfgs,2,16,auprc,0.1672529931190094
3278,3278,2942.0,2942.0,,,,new_hypertension,new_hypertension,clinicalbert_type2_mean_pool,lr_lbfgs,2,16,brier,0.2500001194083792
3279,3279,2943.0,2943.0,,,,new_hypertension,new_hypertension,clinicalbert_type2_mean_pool,lr_lbfgs,3,16,auroc,0.5600116744210002
3280,3280,2944.0,2944.0,,,,new_hypertension,new_hypertension,clinicalbert_type2_mean_pool,lr_lbfgs,3,16,auprc,0.1458646200282361
3281,3281,2945.0,2945.0,,,,new_hypertension,new_hypertension,clinicalbert_type2_mean_pool,lr_lbfgs,3,16,brier,0.4350707625226524
3282,3282,2946.0,2946.0,,,,new_hypertension,new_hypertension,clinicalbert_type2_mean_pool,lr_lbfgs,4,16,auroc,0.5878357111381988
3283,3283,2947.0,2947.0,,,,new_hypertension,new_hypertension,clinicalbert_type2_mean_pool,lr_lbfgs,4,16,auprc,0.1634007363130098
3284,3284,2948.0,2948.0,,,,new_hypertension,new_hypertension,clinicalbert_type2_mean_pool,lr_lbfgs,4,16,brier,0.2500006757954995
3285,3285,2949.0,2949.0,,,,new_hypertension,new_hypertension,clinicalbert_type2_mean_pool,lr_lbfgs,0,24,auroc,0.6080828197160368
3286,3286,2950.0,2950.0,,,,new_hypertension,new_hypertension,clinicalbert_type2_mean_pool,lr_lbfgs,0,24,auprc,0.1633921567853545
3287,3287,2951.0,2951.0,,,,new_hypertension,new_hypertension,clinicalbert_type2_mean_pool,lr_lbfgs,0,24,brier,0.4141161620025881
3288,3288,2952.0,2952.0,,,,new_hypertension,new_hypertension,clinicalbert_type2_mean_pool,lr_lbfgs,1,24,auroc,0.5809569591566947
3289,3289,2953.0,2953.0,,,,new_hypertension,new_hypertension,clinicalbert_type2_mean_pool,lr_lbfgs,1,24,auprc,0.1774530395700346
3290,3290,2954.0,2954.0,,,,new_hypertension,new_hypertension,clinicalbert_type2_mean_pool,lr_lbfgs,1,24,brier,0.2499981710217656
3291,3291,2955.0,2955.0,,,,new_hypertension,new_hypertension,clinicalbert_type2_mean_pool,lr_lbfgs,2,24,auroc,0.6038250897041908
3292,3292,2956.0,2956.0,,,,new_hypertension,new_hypertension,clinicalbert_type2_mean_pool,lr_lbfgs,2,24,auprc,0.1900618063033274
3293,3293,2957.0,2957.0,,,,new_hypertension,new_hypertension,clinicalbert_type2_mean_pool,lr_lbfgs,2,24,brier,0.2355911481251805
3294,3294,2958.0,2958.0,,,,new_hypertension,new_hypertension,clinicalbert_type2_mean_pool,lr_lbfgs,3,24,auroc,0.5483258079099925
3295,3295,2959.0,2959.0,,,,new_hypertension,new_hypertension,clinicalbert_type2_mean_pool,lr_lbfgs,3,24,auprc,0.1320513918101849
3296,3296,2960.0,2960.0,,,,new_hypertension,new_hypertension,clinicalbert_type2_mean_pool,lr_lbfgs,3,24,brier,0.4332235371329201
3297,3297,2961.0,2961.0,,,,new_hypertension,new_hypertension,clinicalbert_type2_mean_pool,lr_lbfgs,4,24,auroc,0.6084605215719264
3298,3298,2962.0,2962.0,,,,new_hypertension,new_hypertension,clinicalbert_type2_mean_pool,lr_lbfgs,4,24,auprc,0.1750931987829376
3299,3299,2963.0,2963.0,,,,new_hypertension,new_hypertension,clinicalbert_type2_mean_pool,lr_lbfgs,4,24,brier,0.2348182562017063
3300,3300,2964.0,2964.0,,,,new_hypertension,new_hypertension,clinicalbert_type2_mean_pool,lr_lbfgs,0,32,auroc,0.6379556028636668
3301,3301,2965.0,2965.0,,,,new_hypertension,new_hypertension,clinicalbert_type2_mean_pool,lr_lbfgs,0,32,auprc,0.174232610885769
3302,3302,2966.0,2966.0,,,,new_hypertension,new_hypertension,clinicalbert_type2_mean_pool,lr_lbfgs,0,32,brier,0.2499953519024219
3303,3303,2967.0,2967.0,,,,new_hypertension,new_hypertension,clinicalbert_type2_mean_pool,lr_lbfgs,1,32,auroc,0.5658889442088577
3304,3304,2968.0,2968.0,,,,new_hypertension,new_hypertension,clinicalbert_type2_mean_pool,lr_lbfgs,1,32,auprc,0.1756806010795313
3305,3305,2969.0,2969.0,,,,new_hypertension,new_hypertension,clinicalbert_type2_mean_pool,lr_lbfgs,1,32,brier,0.2499982939184483
3306,3306,2970.0,2970.0,,,,new_hypertension,new_hypertension,clinicalbert_type2_mean_pool,lr_lbfgs,2,32,auroc,0.6022055499281793
3307,3307,2971.0,2971.0,,,,new_hypertension,new_hypertension,clinicalbert_type2_mean_pool,lr_lbfgs,2,32,auprc,0.1823212989464892
3308,3308,2972.0,2972.0,,,,new_hypertension,new_hypertension,clinicalbert_type2_mean_pool,lr_lbfgs,2,32,brier,0.2520593753976776
3309,3309,2973.0,2973.0,,,,new_hypertension,new_hypertension,clinicalbert_type2_mean_pool,lr_lbfgs,3,32,auroc,0.5673768606108469
3310,3310,2974.0,2974.0,,,,new_hypertension,new_hypertension,clinicalbert_type2_mean_pool,lr_lbfgs,3,32,auprc,0.1569890161632829
3311,3311,2975.0,2975.0,,,,new_hypertension,new_hypertension,clinicalbert_type2_mean_pool,lr_lbfgs,3,32,brier,0.2500004893281491
3312,3312,2976.0,2976.0,,,,new_hypertension,new_hypertension,clinicalbert_type2_mean_pool,lr_lbfgs,4,32,auroc,0.6046548892360694
3313,3313,2977.0,2977.0,,,,new_hypertension,new_hypertension,clinicalbert_type2_mean_pool,lr_lbfgs,4,32,auprc,0.180757501019911
3314,3314,2978.0,2978.0,,,,new_hypertension,new_hypertension,clinicalbert_type2_mean_pool,lr_lbfgs,4,32,brier,0.2422142861786828
3315,3315,2979.0,2979.0,,,,new_hypertension,new_hypertension,clinicalbert_type2_mean_pool,lr_lbfgs,0,48,auroc,0.6316777401983507
3316,3316,2980.0,2980.0,,,,new_hypertension,new_hypertension,clinicalbert_type2_mean_pool,lr_lbfgs,0,48,auprc,0.1741351457297929
3317,3317,2981.0,2981.0,,,,new_hypertension,new_hypertension,clinicalbert_type2_mean_pool,lr_lbfgs,0,48,brier,0.2480087734994289
3318,3318,2982.0,2982.0,,,,new_hypertension,new_hypertension,clinicalbert_type2_mean_pool,lr_lbfgs,1,48,auroc,0.6105664955562804
3319,3319,2983.0,2983.0,,,,new_hypertension,new_hypertension,clinicalbert_type2_mean_pool,lr_lbfgs,1,48,auprc,0.1727431352663163
3320,3320,2984.0,2984.0,,,,new_hypertension,new_hypertension,clinicalbert_type2_mean_pool,lr_lbfgs,1,48,brier,0.2499969613367871
3321,3321,2985.0,2985.0,,,,new_hypertension,new_hypertension,clinicalbert_type2_mean_pool,lr_lbfgs,2,48,auroc,0.6342529801248704
3322,3322,2986.0,2986.0,,,,new_hypertension,new_hypertension,clinicalbert_type2_mean_pool,lr_lbfgs,2,48,auprc,0.190422577129684
3323,3323,2987.0,2987.0,,,,new_hypertension,new_hypertension,clinicalbert_type2_mean_pool,lr_lbfgs,2,48,brier,0.228004964059235
3324,3324,2988.0,2988.0,,,,new_hypertension,new_hypertension,clinicalbert_type2_mean_pool,lr_lbfgs,3,48,auroc,0.5870631391602429
3325,3325,2989.0,2989.0,,,,new_hypertension,new_hypertension,clinicalbert_type2_mean_pool,lr_lbfgs,3,48,auprc,0.1672132550278133
3326,3326,2990.0,2990.0,,,,new_hypertension,new_hypertension,clinicalbert_type2_mean_pool,lr_lbfgs,3,48,brier,0.2500003144286571
3327,3327,2991.0,2991.0,,,,new_hypertension,new_hypertension,clinicalbert_type2_mean_pool,lr_lbfgs,4,48,auroc,0.6163865377902153
3328,3328,2992.0,2992.0,,,,new_hypertension,new_hypertension,clinicalbert_type2_mean_pool,lr_lbfgs,4,48,auprc,0.1751974368932693
3329,3329,2993.0,2993.0,,,,new_hypertension,new_hypertension,clinicalbert_type2_mean_pool,lr_lbfgs,4,48,brier,0.2344984102321277
3330,3330,2994.0,2994.0,,,,new_hypertension,new_hypertension,clinicalbert_type2_mean_pool,lr_lbfgs,0,64,auroc,0.6330397559817103
3331,3331,2995.0,2995.0,,,,new_hypertension,new_hypertension,clinicalbert_type2_mean_pool,lr_lbfgs,0,64,auprc,0.1703748870544961
3332,3332,2996.0,2996.0,,,,new_hypertension,new_hypertension,clinicalbert_type2_mean_pool,lr_lbfgs,0,64,brier,0.2499560877503333
3333,3333,2997.0,2997.0,,,,new_hypertension,new_hypertension,clinicalbert_type2_mean_pool,lr_lbfgs,1,64,auroc,0.602325727791417
3334,3334,2998.0,2998.0,,,,new_hypertension,new_hypertension,clinicalbert_type2_mean_pool,lr_lbfgs,1,64,auprc,0.1768226553301861
3335,3335,2999.0,2999.0,,,,new_hypertension,new_hypertension,clinicalbert_type2_mean_pool,lr_lbfgs,1,64,brier,0.2499934482436939
3336,3336,3000.0,3000.0,,,,new_hypertension,new_hypertension,clinicalbert_type2_mean_pool,lr_lbfgs,2,64,auroc,0.6501164580722326
3337,3337,3001.0,3001.0,,,,new_hypertension,new_hypertension,clinicalbert_type2_mean_pool,lr_lbfgs,2,64,auprc,0.1919940068211397
3338,3338,3002.0,3002.0,,,,new_hypertension,new_hypertension,clinicalbert_type2_mean_pool,lr_lbfgs,2,64,brier,0.2260043253677432
3339,3339,3003.0,3003.0,,,,new_hypertension,new_hypertension,clinicalbert_type2_mean_pool,lr_lbfgs,3,64,auroc,0.598565877498698
3340,3340,3004.0,3004.0,,,,new_hypertension,new_hypertension,clinicalbert_type2_mean_pool,lr_lbfgs,3,64,auprc,0.1708653198464506
3341,3341,3005.0,3005.0,,,,new_hypertension,new_hypertension,clinicalbert_type2_mean_pool,lr_lbfgs,3,64,brier,0.2473309864067359
3342,3342,3006.0,3006.0,,,,new_hypertension,new_hypertension,clinicalbert_type2_mean_pool,lr_lbfgs,4,64,auroc,0.622870419649653
3343,3343,3007.0,3007.0,,,,new_hypertension,new_hypertension,clinicalbert_type2_mean_pool,lr_lbfgs,4,64,auprc,0.1758876513072878
3344,3344,3008.0,3008.0,,,,new_hypertension,new_hypertension,clinicalbert_type2_mean_pool,lr_lbfgs,4,64,brier,0.2321178117107339
3345,3345,3009.0,3009.0,,,,new_hypertension,new_hypertension,clinicalbert_type2_mean_pool,lr_lbfgs,0,128,auroc,0.5853234215209939
3346,3346,3010.0,3010.0,,,,new_hypertension,new_hypertension,clinicalbert_type2_mean_pool,lr_lbfgs,0,128,auprc,0.1837649793525493
3347,3347,3011.0,3011.0,,,,new_hypertension,new_hypertension,clinicalbert_type2_mean_pool,lr_lbfgs,0,128,brier,0.3453428929066801
3348,3348,3012.0,3012.0,,,,new_hypertension,new_hypertension,clinicalbert_type2_mean_pool,lr_lbfgs,1,128,auroc,0.6338981692905501
3349,3349,3013.0,3013.0,,,,new_hypertension,new_hypertension,clinicalbert_type2_mean_pool,lr_lbfgs,1,128,auprc,0.1826524382648781
3350,3350,3014.0,3014.0,,,,new_hypertension,new_hypertension,clinicalbert_type2_mean_pool,lr_lbfgs,1,128,brier,0.2338009500474688
3351,3351,3015.0,3015.0,,,,new_hypertension,new_hypertension,clinicalbert_type2_mean_pool,lr_lbfgs,2,128,auroc,0.6563599842051951
3352,3352,3016.0,3016.0,,,,new_hypertension,new_hypertension,clinicalbert_type2_mean_pool,lr_lbfgs,2,128,auprc,0.2048490962827321
3353,3353,3017.0,3017.0,,,,new_hypertension,new_hypertension,clinicalbert_type2_mean_pool,lr_lbfgs,2,128,brier,0.222053143709574
3354,3354,3018.0,3018.0,,,,new_hypertension,new_hypertension,clinicalbert_type2_mean_pool,lr_lbfgs,3,128,auroc,0.617479584070138
3355,3355,3019.0,3019.0,,,,new_hypertension,new_hypertension,clinicalbert_type2_mean_pool,lr_lbfgs,3,128,auprc,0.176297875676954
3356,3356,3020.0,3020.0,,,,new_hypertension,new_hypertension,clinicalbert_type2_mean_pool,lr_lbfgs,3,128,brier,0.2393228921458601
3357,3357,3021.0,3021.0,,,,new_hypertension,new_hypertension,clinicalbert_type2_mean_pool,lr_lbfgs,4,128,auroc,0.6308078813787262
3358,3358,3022.0,3022.0,,,,new_hypertension,new_hypertension,clinicalbert_type2_mean_pool,lr_lbfgs,4,128,auprc,0.1834602848904693
3359,3359,3023.0,3023.0,,,,new_hypertension,new_hypertension,clinicalbert_type2_mean_pool,lr_lbfgs,4,128,brier,0.2263738546060918
3360,3360,3024.0,3024.0,,,,new_hypertension,new_hypertension,clinicalbert_type2_mean_pool,knn,0,-1,auroc,0.5862991513153754
3361,3361,3025.0,3025.0,,,,new_hypertension,new_hypertension,clinicalbert_type2_mean_pool,knn,0,-1,auprc,0.1535005275518431
3362,3362,3026.0,3026.0,,,,new_hypertension,new_hypertension,clinicalbert_type2_mean_pool,knn,0,-1,brier,0.1398092209856916
3363,3363,3027.0,3027.0,,,,new_hypertension,new_hypertension,clinicalbert_type2_mean_pool,knn,0,1,auroc,0.5106099884972617
3364,3364,3028.0,3028.0,,,,new_hypertension,new_hypertension,clinicalbert_type2_mean_pool,knn,0,1,auprc,0.1287830919244044
3365,3365,3029.0,3029.0,,,,new_hypertension,new_hypertension,clinicalbert_type2_mean_pool,knn,0,1,brier,0.7845786963434023
3366,3366,3030.0,3030.0,,,,new_hypertension,new_hypertension,clinicalbert_type2_mean_pool,knn,1,1,auroc,0.5298556148814532
3367,3367,3031.0,3031.0,,,,new_hypertension,new_hypertension,clinicalbert_type2_mean_pool,knn,1,1,auprc,0.1359075501694813
3368,3368,3032.0,3032.0,,,,new_hypertension,new_hypertension,clinicalbert_type2_mean_pool,knn,1,1,brier,0.2011128775834658
3369,3369,3033.0,3033.0,,,,new_hypertension,new_hypertension,clinicalbert_type2_mean_pool,knn,2,1,auroc,0.490093910415987
3370,3370,3034.0,3034.0,,,,new_hypertension,new_hypertension,clinicalbert_type2_mean_pool,knn,2,1,auprc,0.1242564317925028
3371,3371,3035.0,3035.0,,,,new_hypertension,new_hypertension,clinicalbert_type2_mean_pool,knn,2,1,brier,0.665341812400636
3372,3372,3036.0,3036.0,,,,new_hypertension,new_hypertension,clinicalbert_type2_mean_pool,knn,3,1,auroc,0.5061033186258519
3373,3373,3037.0,3037.0,,,,new_hypertension,new_hypertension,clinicalbert_type2_mean_pool,knn,3,1,auprc,0.1278790728368716
3374,3374,3038.0,3038.0,,,,new_hypertension,new_hypertension,clinicalbert_type2_mean_pool,knn,3,1,brier,0.2003179650238473
3375,3375,3039.0,3039.0,,,,new_hypertension,new_hypertension,clinicalbert_type2_mean_pool,knn,4,1,auroc,0.5063865950177691
3376,3376,3040.0,3040.0,,,,new_hypertension,new_hypertension,clinicalbert_type2_mean_pool,knn,4,1,auprc,0.127859356523414
3377,3377,3041.0,3041.0,,,,new_hypertension,new_hypertension,clinicalbert_type2_mean_pool,knn,4,1,brier,0.3267090620031797
3378,3378,3042.0,3042.0,,,,new_hypertension,new_hypertension,clinicalbert_type2_mean_pool,knn,0,2,auroc,0.4800018312817256
3379,3379,3043.0,3043.0,,,,new_hypertension,new_hypertension,clinicalbert_type2_mean_pool,knn,0,2,auprc,0.1222650112374036
3380,3380,3044.0,3044.0,,,,new_hypertension,new_hypertension,clinicalbert_type2_mean_pool,knn,0,2,brier,0.5325914149443561
3381,3381,3045.0,3045.0,,,,new_hypertension,new_hypertension,clinicalbert_type2_mean_pool,knn,1,2,auroc,0.547948106054103
3382,3382,3046.0,3046.0,,,,new_hypertension,new_hypertension,clinicalbert_type2_mean_pool,knn,1,2,auprc,0.1420751479894289
3383,3383,3047.0,3047.0,,,,new_hypertension,new_hypertension,clinicalbert_type2_mean_pool,knn,1,2,brier,0.1895424836601307
3384,3384,3048.0,3048.0,,,,new_hypertension,new_hypertension,clinicalbert_type2_mean_pool,knn,2,2,auroc,0.54973360573649
3385,3385,3049.0,3049.0,,,,new_hypertension,new_hypertension,clinicalbert_type2_mean_pool,knn,2,2,auprc,0.1389515418744148
3386,3386,3050.0,3050.0,,,,new_hypertension,new_hypertension,clinicalbert_type2_mean_pool,knn,2,2,brier,0.5564387917329093
3387,3387,3051.0,3051.0,,,,new_hypertension,new_hypertension,clinicalbert_type2_mean_pool,knn,3,2,auroc,0.5112881350112453
3388,3388,3052.0,3052.0,,,,new_hypertension,new_hypertension,clinicalbert_type2_mean_pool,knn,3,2,auprc,0.1289708764947248
3389,3389,3053.0,3053.0,,,,new_hypertension,new_hypertension,clinicalbert_type2_mean_pool,knn,3,2,brier,0.5437201907790143
3390,3390,3054.0,3054.0,,,,new_hypertension,new_hypertension,clinicalbert_type2_mean_pool,knn,4,2,auroc,0.5131308622475549
3391,3391,3055.0,3055.0,,,,new_hypertension,new_hypertension,clinicalbert_type2_mean_pool,knn,4,2,auprc,0.1295348182253888
3392,3392,3056.0,3056.0,,,,new_hypertension,new_hypertension,clinicalbert_type2_mean_pool,knn,4,2,brier,0.3243243243243243
3393,3393,3057.0,3057.0,,,,new_hypertension,new_hypertension,clinicalbert_type2_mean_pool,knn,0,4,auroc,0.5791886277404845
3394,3394,3058.0,3058.0,,,,new_hypertension,new_hypertension,clinicalbert_type2_mean_pool,knn,0,4,auprc,0.1571780556013962
3395,3395,3059.0,3059.0,,,,new_hypertension,new_hypertension,clinicalbert_type2_mean_pool,knn,0,4,brier,0.337629098187959
3396,3396,3060.0,3060.0,,,,new_hypertension,new_hypertension,clinicalbert_type2_mean_pool,knn,1,4,auroc,0.5037083454941885
3397,3397,3061.0,3061.0,,,,new_hypertension,new_hypertension,clinicalbert_type2_mean_pool,knn,1,4,auprc,0.1272142694324906
3398,3398,3062.0,3062.0,,,,new_hypertension,new_hypertension,clinicalbert_type2_mean_pool,knn,1,4,brier,0.3527645292351175
3399,3399,3063.0,3063.0,,,,new_hypertension,new_hypertension,clinicalbert_type2_mean_pool,knn,2,4,auroc,0.5779010077772245
3400,3400,3064.0,3064.0,,,,new_hypertension,new_hypertension,clinicalbert_type2_mean_pool,knn,2,4,auprc,0.1840583651606456
3401,3401,3065.0,3065.0,,,,new_hypertension,new_hypertension,clinicalbert_type2_mean_pool,knn,2,4,brier,0.3440399814564062
3402,3402,3066.0,3066.0,,,,new_hypertension,new_hypertension,clinicalbert_type2_mean_pool,knn,3,4,auroc,0.5233431192450541
3403,3403,3067.0,3067.0,,,,new_hypertension,new_hypertension,clinicalbert_type2_mean_pool,knn,3,4,auprc,0.132026913403162
3404,3404,3068.0,3068.0,,,,new_hypertension,new_hypertension,clinicalbert_type2_mean_pool,knn,3,4,brier,0.4427662957074721
3405,3405,3069.0,3069.0,,,,new_hypertension,new_hypertension,clinicalbert_type2_mean_pool,knn,4,4,auroc,0.5135600689019749
3406,3406,3070.0,3070.0,,,,new_hypertension,new_hypertension,clinicalbert_type2_mean_pool,knn,4,4,auprc,0.1271303866601473
3407,3407,3071.0,3071.0,,,,new_hypertension,new_hypertension,clinicalbert_type2_mean_pool,knn,4,4,brier,0.1701777752946538
3408,3408,3072.0,3072.0,,,,new_hypertension,new_hypertension,clinicalbert_type2_mean_pool,knn,0,8,auroc,0.5718606394606875
3409,3409,3073.0,3073.0,,,,new_hypertension,new_hypertension,clinicalbert_type2_mean_pool,knn,0,8,auprc,0.1451214960046417
3410,3410,3074.0,3074.0,,,,new_hypertension,new_hypertension,clinicalbert_type2_mean_pool,knn,0,8,brier,0.3118706942236354
3411,3411,3075.0,3075.0,,,,new_hypertension,new_hypertension,clinicalbert_type2_mean_pool,knn,1,8,auroc,0.5267109607934028
3412,3412,3076.0,3076.0,,,,new_hypertension,new_hypertension,clinicalbert_type2_mean_pool,knn,1,8,auprc,0.1310405280285299
3413,3413,3077.0,3077.0,,,,new_hypertension,new_hypertension,clinicalbert_type2_mean_pool,knn,1,8,brier,0.3044045720978737
3414,3414,3078.0,3078.0,,,,new_hypertension,new_hypertension,clinicalbert_type2_mean_pool,knn,2,8,auroc,0.5227593981950429
3415,3415,3079.0,3079.0,,,,new_hypertension,new_hypertension,clinicalbert_type2_mean_pool,knn,2,8,auprc,0.1320075218408994
3416,3416,3080.0,3080.0,,,,new_hypertension,new_hypertension,clinicalbert_type2_mean_pool,knn,2,8,brier,0.3518225822109553
3417,3417,3081.0,3081.0,,,,new_hypertension,new_hypertension,clinicalbert_type2_mean_pool,knn,3,8,auroc,0.5351176884646419
3418,3418,3082.0,3082.0,,,,new_hypertension,new_hypertension,clinicalbert_type2_mean_pool,knn,3,8,auprc,0.1354914217863001
3419,3419,3083.0,3083.0,,,,new_hypertension,new_hypertension,clinicalbert_type2_mean_pool,knn,3,8,brier,0.3751987281399046
3420,3420,3084.0,3084.0,,,,new_hypertension,new_hypertension,clinicalbert_type2_mean_pool,knn,4,8,auroc,0.5689506183437201
3421,3421,3085.0,3085.0,,,,new_hypertension,new_hypertension,clinicalbert_type2_mean_pool,knn,4,8,auprc,0.156889262371996
3422,3422,3086.0,3086.0,,,,new_hypertension,new_hypertension,clinicalbert_type2_mean_pool,knn,4,8,brier,0.1774195149288313
3423,3423,3087.0,3087.0,,,,new_hypertension,new_hypertension,clinicalbert_type2_mean_pool,knn,0,12,auroc,0.5522144201990374
3424,3424,3088.0,3088.0,,,,new_hypertension,new_hypertension,clinicalbert_type2_mean_pool,knn,0,12,auprc,0.1404071416016647
3425,3425,3089.0,3089.0,,,,new_hypertension,new_hypertension,clinicalbert_type2_mean_pool,knn,0,12,brier,0.2996184419713831
3426,3426,3090.0,3090.0,,,,new_hypertension,new_hypertension,clinicalbert_type2_mean_pool,knn,1,12,auroc,0.4930354066876119
3427,3427,3091.0,3091.0,,,,new_hypertension,new_hypertension,clinicalbert_type2_mean_pool,knn,1,12,auprc,0.1248881224255808
3428,3428,3092.0,3092.0,,,,new_hypertension,new_hypertension,clinicalbert_type2_mean_pool,knn,1,12,brier,0.5286168521462639
3429,3429,3093.0,3093.0,,,,new_hypertension,new_hypertension,clinicalbert_type2_mean_pool,knn,2,12,auroc,0.5407002363497977
3430,3430,3094.0,3094.0,,,,new_hypertension,new_hypertension,clinicalbert_type2_mean_pool,knn,2,12,auprc,0.1311906389137054
3431,3431,3095.0,3095.0,,,,new_hypertension,new_hypertension,clinicalbert_type2_mean_pool,knn,2,12,brier,0.3895098290581281
3432,3432,3096.0,3096.0,,,,new_hypertension,new_hypertension,clinicalbert_type2_mean_pool,knn,3,12,auroc,0.5327627746207243
3433,3433,3097.0,3097.0,,,,new_hypertension,new_hypertension,clinicalbert_type2_mean_pool,knn,3,12,auprc,0.1347442553851265
3434,3434,3098.0,3098.0,,,,new_hypertension,new_hypertension,clinicalbert_type2_mean_pool,knn,3,12,brier,0.3887122416534181
3435,3435,3099.0,3099.0,,,,new_hypertension,new_hypertension,clinicalbert_type2_mean_pool,knn,4,12,auroc,0.5794633199993133
3436,3436,3100.0,3100.0,,,,new_hypertension,new_hypertension,clinicalbert_type2_mean_pool,knn,4,12,auprc,0.1502520567014171
3437,3437,3101.0,3101.0,,,,new_hypertension,new_hypertension,clinicalbert_type2_mean_pool,knn,4,12,brier,0.2012168029057832
3438,3438,3102.0,3102.0,,,,new_hypertension,new_hypertension,clinicalbert_type2_mean_pool,knn,0,16,auroc,0.5913180077943929
3439,3439,3103.0,3103.0,,,,new_hypertension,new_hypertension,clinicalbert_type2_mean_pool,knn,0,16,auprc,0.1569170741937081
3440,3440,3104.0,3104.0,,,,new_hypertension,new_hypertension,clinicalbert_type2_mean_pool,knn,0,16,brier,0.2839604310192545
3441,3441,3105.0,3105.0,,,,new_hypertension,new_hypertension,clinicalbert_type2_mean_pool,knn,1,16,auroc,0.4841937496065606
3442,3442,3106.0,3106.0,,,,new_hypertension,new_hypertension,clinicalbert_type2_mean_pool,knn,1,16,auprc,0.1221609023093592
3443,3443,3107.0,3107.0,,,,new_hypertension,new_hypertension,clinicalbert_type2_mean_pool,knn,1,16,brier,0.3097933227344992
3444,3444,3108.0,3108.0,,,,new_hypertension,new_hypertension,clinicalbert_type2_mean_pool,knn,2,16,auroc,0.5349460058028739
3445,3445,3109.0,3109.0,,,,new_hypertension,new_hypertension,clinicalbert_type2_mean_pool,knn,2,16,auprc,0.135007819853018
3446,3446,3110.0,3110.0,,,,new_hypertension,new_hypertension,clinicalbert_type2_mean_pool,knn,2,16,brier,0.5023847376788553
3447,3447,3111.0,3111.0,,,,new_hypertension,new_hypertension,clinicalbert_type2_mean_pool,knn,3,16,auroc,0.523729405234032
3448,3448,3112.0,3112.0,,,,new_hypertension,new_hypertension,clinicalbert_type2_mean_pool,knn,3,16,auprc,0.152927635767927
3449,3449,3113.0,3113.0,,,,new_hypertension,new_hypertension,clinicalbert_type2_mean_pool,knn,3,16,brier,0.3308836337035367
3450,3450,3114.0,3114.0,,,,new_hypertension,new_hypertension,clinicalbert_type2_mean_pool,knn,4,16,auroc,0.5743872359663731
3451,3451,3115.0,3115.0,,,,new_hypertension,new_hypertension,clinicalbert_type2_mean_pool,knn,4,16,auprc,0.181309542710394
3452,3452,3116.0,3116.0,,,,new_hypertension,new_hypertension,clinicalbert_type2_mean_pool,knn,4,16,brier,0.2258679061438617
3453,3453,3117.0,3117.0,,,,new_hypertension,new_hypertension,clinicalbert_type2_mean_pool,knn,0,24,auroc,0.622444074372929
3454,3454,3118.0,3118.0,,,,new_hypertension,new_hypertension,clinicalbert_type2_mean_pool,knn,0,24,auprc,0.1687432941648417
3455,3455,3119.0,3119.0,,,,new_hypertension,new_hypertension,clinicalbert_type2_mean_pool,knn,0,24,brier,0.2829252782193959
3456,3456,3120.0,3120.0,,,,new_hypertension,new_hypertension,clinicalbert_type2_mean_pool,knn,1,24,auroc,0.4965978219192977
3457,3457,3121.0,3121.0,,,,new_hypertension,new_hypertension,clinicalbert_type2_mean_pool,knn,1,24,auprc,0.1246463470396883
3458,3458,3122.0,3122.0,,,,new_hypertension,new_hypertension,clinicalbert_type2_mean_pool,knn,1,24,brier,0.2915739268680445
3459,3459,3123.0,3123.0,,,,new_hypertension,new_hypertension,clinicalbert_type2_mean_pool,knn,2,24,auroc,0.5638430591561225
3460,3460,3124.0,3124.0,,,,new_hypertension,new_hypertension,clinicalbert_type2_mean_pool,knn,2,24,auprc,0.1372872056547278
3461,3461,3125.0,3125.0,,,,new_hypertension,new_hypertension,clinicalbert_type2_mean_pool,knn,2,24,brier,0.3717635472097111
3462,3462,3126.0,3126.0,,,,new_hypertension,new_hypertension,clinicalbert_type2_mean_pool,knn,3,24,auroc,0.4787428250954269
3463,3463,3127.0,3127.0,,,,new_hypertension,new_hypertension,clinicalbert_type2_mean_pool,knn,3,24,auprc,0.1220877824651409
3464,3464,3128.0,3128.0,,,,new_hypertension,new_hypertension,clinicalbert_type2_mean_pool,knn,3,24,brier,0.4689984101748807
3465,3465,3129.0,3129.0,,,,new_hypertension,new_hypertension,clinicalbert_type2_mean_pool,knn,4,24,auroc,0.5547724918593804
3466,3466,3130.0,3130.0,,,,new_hypertension,new_hypertension,clinicalbert_type2_mean_pool,knn,4,24,auprc,0.137926225049708
3467,3467,3131.0,3131.0,,,,new_hypertension,new_hypertension,clinicalbert_type2_mean_pool,knn,4,24,brier,0.2539275925934699
3468,3468,3132.0,3132.0,,,,new_hypertension,new_hypertension,clinicalbert_type2_mean_pool,knn,0,32,auroc,0.6443708116583973
3469,3469,3133.0,3133.0,,,,new_hypertension,new_hypertension,clinicalbert_type2_mean_pool,knn,0,32,auprc,0.2103877967172857
3470,3470,3134.0,3134.0,,,,new_hypertension,new_hypertension,clinicalbert_type2_mean_pool,knn,0,32,brier,0.2906097971732354
3471,3471,3135.0,3135.0,,,,new_hypertension,new_hypertension,clinicalbert_type2_mean_pool,knn,1,32,auroc,0.5028127342752989
3472,3472,3136.0,3136.0,,,,new_hypertension,new_hypertension,clinicalbert_type2_mean_pool,knn,1,32,auprc,0.126579324598789
3473,3473,3137.0,3137.0,,,,new_hypertension,new_hypertension,clinicalbert_type2_mean_pool,knn,1,32,brier,0.3142766295707472
3474,3474,3138.0,3138.0,,,,new_hypertension,new_hypertension,clinicalbert_type2_mean_pool,knn,2,32,auroc,0.5400449808573832
3475,3475,3139.0,3139.0,,,,new_hypertension,new_hypertension,clinicalbert_type2_mean_pool,knn,2,32,auprc,0.1363169175173763
3476,3476,3140.0,3140.0,,,,new_hypertension,new_hypertension,clinicalbert_type2_mean_pool,knn,2,32,brier,0.5357710651828299
3477,3477,3141.0,3141.0,,,,new_hypertension,new_hypertension,clinicalbert_type2_mean_pool,knn,3,32,auroc,0.5080891147469684
3478,3478,3142.0,3142.0,,,,new_hypertension,new_hypertension,clinicalbert_type2_mean_pool,knn,3,32,auprc,0.1356650718969566
3479,3479,3143.0,3143.0,,,,new_hypertension,new_hypertension,clinicalbert_type2_mean_pool,knn,3,32,brier,0.3259346388160066
3480,3480,3144.0,3144.0,,,,new_hypertension,new_hypertension,clinicalbert_type2_mean_pool,knn,4,32,auroc,0.575414470559285
3481,3481,3145.0,3145.0,,,,new_hypertension,new_hypertension,clinicalbert_type2_mean_pool,knn,4,32,auprc,0.1493556450108862
3482,3482,3146.0,3146.0,,,,new_hypertension,new_hypertension,clinicalbert_type2_mean_pool,knn,4,32,brier,0.2320826709062003
3483,3483,3147.0,3147.0,,,,new_hypertension,new_hypertension,clinicalbert_type2_mean_pool,knn,0,48,auroc,0.6119599864942973
3484,3484,3148.0,3148.0,,,,new_hypertension,new_hypertension,clinicalbert_type2_mean_pool,knn,0,48,auprc,0.1726092106472122
3485,3485,3149.0,3149.0,,,,new_hypertension,new_hypertension,clinicalbert_type2_mean_pool,knn,0,48,brier,0.250429252782194
3486,3486,3150.0,3150.0,,,,new_hypertension,new_hypertension,clinicalbert_type2_mean_pool,knn,1,48,auroc,0.5507093355308714
3487,3487,3151.0,3151.0,,,,new_hypertension,new_hypertension,clinicalbert_type2_mean_pool,knn,1,48,auprc,0.1419833213753239
3488,3488,3152.0,3152.0,,,,new_hypertension,new_hypertension,clinicalbert_type2_mean_pool,knn,1,48,brier,0.2847058823529412
3489,3489,3153.0,3153.0,,,,new_hypertension,new_hypertension,clinicalbert_type2_mean_pool,knn,2,48,auroc,0.5364339222048632
3490,3490,3154.0,3154.0,,,,new_hypertension,new_hypertension,clinicalbert_type2_mean_pool,knn,2,48,auprc,0.1297114715954911
3491,3491,3155.0,3155.0,,,,new_hypertension,new_hypertension,clinicalbert_type2_mean_pool,knn,2,48,brier,0.3850868908912216
3492,3492,3156.0,3156.0,,,,new_hypertension,new_hypertension,clinicalbert_type2_mean_pool,knn,3,48,auroc,0.4946463623305349
3493,3493,3157.0,3157.0,,,,new_hypertension,new_hypertension,clinicalbert_type2_mean_pool,knn,3,48,auprc,0.125221813784482
3494,3494,3158.0,3158.0,,,,new_hypertension,new_hypertension,clinicalbert_type2_mean_pool,knn,3,48,brier,0.3447376788553259
3495,3495,3159.0,3159.0,,,,new_hypertension,new_hypertension,clinicalbert_type2_mean_pool,knn,4,48,auroc,0.5678432651753166
3496,3496,3160.0,3160.0,,,,new_hypertension,new_hypertension,clinicalbert_type2_mean_pool,knn,4,48,auprc,0.1451554839075609
3497,3497,3161.0,3161.0,,,,new_hypertension,new_hypertension,clinicalbert_type2_mean_pool,knn,4,48,brier,0.2844560857120823
3498,3498,3162.0,3162.0,,,,new_hypertension,new_hypertension,clinicalbert_type2_mean_pool,knn,0,64,auroc,0.5609902655930777
3499,3499,3163.0,3163.0,,,,new_hypertension,new_hypertension,clinicalbert_type2_mean_pool,knn,0,64,auprc,0.1458244228197921
3500,3500,3164.0,3164.0,,,,new_hypertension,new_hypertension,clinicalbert_type2_mean_pool,knn,0,64,brier,0.2870517576399929
3501,3501,3165.0,3165.0,,,,new_hypertension,new_hypertension,clinicalbert_type2_mean_pool,knn,1,64,auroc,0.5815063436743524
3502,3502,3166.0,3166.0,,,,new_hypertension,new_hypertension,clinicalbert_type2_mean_pool,knn,1,64,auprc,0.1616764619260567
3503,3503,3167.0,3167.0,,,,new_hypertension,new_hypertension,clinicalbert_type2_mean_pool,knn,1,64,brier,0.3430086166048791
3504,3504,3168.0,3168.0,,,,new_hypertension,new_hypertension,clinicalbert_type2_mean_pool,knn,2,64,auroc,0.5419821335576653
3505,3505,3169.0,3169.0,,,,new_hypertension,new_hypertension,clinicalbert_type2_mean_pool,knn,2,64,auprc,0.1355953126909586
3506,3506,3170.0,3170.0,,,,new_hypertension,new_hypertension,clinicalbert_type2_mean_pool,knn,2,64,brier,0.3556792086203851
3507,3507,3171.0,3171.0,,,,new_hypertension,new_hypertension,clinicalbert_type2_mean_pool,knn,3,64,auroc,0.5182069462804952
3508,3508,3172.0,3172.0,,,,new_hypertension,new_hypertension,clinicalbert_type2_mean_pool,knn,3,64,auprc,0.1333323739671183
3509,3509,3173.0,3173.0,,,,new_hypertension,new_hypertension,clinicalbert_type2_mean_pool,knn,3,64,brier,0.3622575516693164
3510,3510,3174.0,3174.0,,,,new_hypertension,new_hypertension,clinicalbert_type2_mean_pool,knn,4,64,auroc,0.5564864570993642
3511,3511,3175.0,3175.0,,,,new_hypertension,new_hypertension,clinicalbert_type2_mean_pool,knn,4,64,auprc,0.1449072202406937
3512,3512,3176.0,3176.0,,,,new_hypertension,new_hypertension,clinicalbert_type2_mean_pool,knn,4,64,brier,0.2896025437201908
3513,3513,3177.0,3177.0,,,,new_hypertension,new_hypertension,clinicalbert_type2_mean_pool,knn,0,128,auroc,0.5879787800230055
3514,3514,3178.0,3178.0,,,,new_hypertension,new_hypertension,clinicalbert_type2_mean_pool,knn,0,128,auprc,0.1559218233325817
3515,3515,3179.0,3179.0,,,,new_hypertension,new_hypertension,clinicalbert_type2_mean_pool,knn,0,128,brier,0.2720835178412321
3516,3516,3180.0,3180.0,,,,new_hypertension,new_hypertension,clinicalbert_type2_mean_pool,knn,1,128,auroc,0.594565671479504
3517,3517,3181.0,3181.0,,,,new_hypertension,new_hypertension,clinicalbert_type2_mean_pool,knn,1,128,auprc,0.1664204893695672
3518,3518,3182.0,3182.0,,,,new_hypertension,new_hypertension,clinicalbert_type2_mean_pool,knn,1,128,brier,0.3285638579756227
3519,3519,3183.0,3183.0,,,,new_hypertension,new_hypertension,clinicalbert_type2_mean_pool,knn,2,128,auroc,0.5827996863930045
3520,3520,3184.0,3184.0,,,,new_hypertension,new_hypertension,clinicalbert_type2_mean_pool,knn,2,128,auprc,0.1516931464473844
3521,3521,3185.0,3185.0,,,,new_hypertension,new_hypertension,clinicalbert_type2_mean_pool,knn,2,128,brier,0.2936724960254372
3522,3522,3186.0,3186.0,,,,new_hypertension,new_hypertension,clinicalbert_type2_mean_pool,knn,3,128,auroc,0.5720666586548092
3523,3523,3187.0,3187.0,,,,new_hypertension,new_hypertension,clinicalbert_type2_mean_pool,knn,3,128,auprc,0.1474438652517293
3524,3524,3188.0,3188.0,,,,new_hypertension,new_hypertension,clinicalbert_type2_mean_pool,knn,3,128,brier,0.3246104928457869
3525,3525,3189.0,3189.0,,,,new_hypertension,new_hypertension,clinicalbert_type2_mean_pool,knn,4,128,auroc,0.5341219290263877
3526,3526,3190.0,3190.0,,,,new_hypertension,new_hypertension,clinicalbert_type2_mean_pool,knn,4,128,auprc,0.1406873158153352
3527,3527,3191.0,3191.0,,,,new_hypertension,new_hypertension,clinicalbert_type2_mean_pool,knn,4,128,brier,0.3082505546707539
3528,3528,3192.0,3192.0,,,,new_hypertension,new_hypertension,clinicalbert_type2_mean_pool,rf,0,-1,auroc,0.6460361334775467
3529,3529,3193.0,3193.0,,,,new_hypertension,new_hypertension,clinicalbert_type2_mean_pool,rf,0,-1,auprc,0.1915322773153238
3530,3530,3194.0,3194.0,,,,new_hypertension,new_hypertension,clinicalbert_type2_mean_pool,rf,0,-1,brier,0.1080980380920443
3531,3531,3195.0,3195.0,,,,new_hypertension,new_hypertension,clinicalbert_type2_mean_pool,rf,0,1,auroc,0.4803823945153112
3532,3532,3196.0,3196.0,,,,new_hypertension,new_hypertension,clinicalbert_type2_mean_pool,rf,0,1,auprc,0.1275433304494481
3533,3533,3197.0,3197.0,,,,new_hypertension,new_hypertension,clinicalbert_type2_mean_pool,rf,0,1,brier,0.465733306836248
3534,3534,3198.0,3198.0,,,,new_hypertension,new_hypertension,clinicalbert_type2_mean_pool,rf,1,1,auroc,0.5220411923933135
3535,3535,3199.0,3199.0,,,,new_hypertension,new_hypertension,clinicalbert_type2_mean_pool,rf,1,1,auprc,0.141748682505034
3536,3536,3200.0,3200.0,,,,new_hypertension,new_hypertension,clinicalbert_type2_mean_pool,rf,1,1,brier,0.280131160572337
3537,3537,3201.0,3201.0,,,,new_hypertension,new_hypertension,clinicalbert_type2_mean_pool,rf,2,1,auroc,0.549710714714921
3538,3538,3202.0,3202.0,,,,new_hypertension,new_hypertension,clinicalbert_type2_mean_pool,rf,2,1,auprc,0.139643566550769
3539,3539,3203.0,3203.0,,,,new_hypertension,new_hypertension,clinicalbert_type2_mean_pool,rf,2,1,brier,0.4041096979332274
3540,3540,3204.0,3204.0,,,,new_hypertension,new_hypertension,clinicalbert_type2_mean_pool,rf,3,1,auroc,0.5349917878460122
3541,3541,3205.0,3205.0,,,,new_hypertension,new_hypertension,clinicalbert_type2_mean_pool,rf,3,1,auprc,0.1333556116323943
3542,3542,3206.0,3206.0,,,,new_hypertension,new_hypertension,clinicalbert_type2_mean_pool,rf,3,1,brier,0.24620413354531
3543,3543,3207.0,3207.0,,,,new_hypertension,new_hypertension,clinicalbert_type2_mean_pool,rf,4,1,auroc,0.4900624352613296
3544,3544,3208.0,3208.0,,,,new_hypertension,new_hypertension,clinicalbert_type2_mean_pool,rf,4,1,auprc,0.1290786209376482
3545,3545,3209.0,3209.0,,,,new_hypertension,new_hypertension,clinicalbert_type2_mean_pool,rf,4,1,brier,0.5029968203497616
3546,3546,3210.0,3210.0,,,,new_hypertension,new_hypertension,clinicalbert_type2_mean_pool,rf,0,2,auroc,0.5320760439736525
3547,3547,3211.0,3211.0,,,,new_hypertension,new_hypertension,clinicalbert_type2_mean_pool,rf,0,2,auprc,0.1400686273016565
3548,3548,3212.0,3212.0,,,,new_hypertension,new_hypertension,clinicalbert_type2_mean_pool,rf,0,2,brier,0.240668759936407
3549,3549,3213.0,3213.0,,,,new_hypertension,new_hypertension,clinicalbert_type2_mean_pool,rf,1,2,auroc,0.5484831836832799
3550,3550,3214.0,3214.0,,,,new_hypertension,new_hypertension,clinicalbert_type2_mean_pool,rf,1,2,auprc,0.1405255893212246
3551,3551,3215.0,3215.0,,,,new_hypertension,new_hypertension,clinicalbert_type2_mean_pool,rf,1,2,brier,0.2427030206677265
3552,3552,3216.0,3216.0,,,,new_hypertension,new_hypertension,clinicalbert_type2_mean_pool,rf,2,2,auroc,0.5528782598245403
3553,3553,3217.0,3217.0,,,,new_hypertension,new_hypertension,clinicalbert_type2_mean_pool,rf,2,2,auprc,0.150867762409098
3554,3554,3218.0,3218.0,,,,new_hypertension,new_hypertension,clinicalbert_type2_mean_pool,rf,2,2,brier,0.3010115262321144
3555,3555,3219.0,3219.0,,,,new_hypertension,new_hypertension,clinicalbert_type2_mean_pool,rf,3,2,auroc,0.4980399562781488
3556,3556,3220.0,3220.0,,,,new_hypertension,new_hypertension,clinicalbert_type2_mean_pool,rf,3,2,auprc,0.1236689609408169
3557,3557,3221.0,3221.0,,,,new_hypertension,new_hypertension,clinicalbert_type2_mean_pool,rf,3,2,brier,0.3304213036565977
3558,3558,3222.0,3222.0,,,,new_hypertension,new_hypertension,clinicalbert_type2_mean_pool,rf,4,2,auroc,0.5040517108177245
3559,3559,3223.0,3223.0,,,,new_hypertension,new_hypertension,clinicalbert_type2_mean_pool,rf,4,2,auprc,0.1268787112008393
3560,3560,3224.0,3224.0,,,,new_hypertension,new_hypertension,clinicalbert_type2_mean_pool,rf,4,2,brier,0.2183465818759936
3561,3561,3225.0,3225.0,,,,new_hypertension,new_hypertension,clinicalbert_type2_mean_pool,rf,0,4,auroc,0.608449076061142
3562,3562,3226.0,3226.0,,,,new_hypertension,new_hypertension,clinicalbert_type2_mean_pool,rf,0,4,auprc,0.1643512980889778
3563,3563,3227.0,3227.0,,,,new_hypertension,new_hypertension,clinicalbert_type2_mean_pool,rf,0,4,brier,0.2986009538950716
3564,3564,3228.0,3228.0,,,,new_hypertension,new_hypertension,clinicalbert_type2_mean_pool,rf,1,4,auroc,0.5195403482868932
3565,3565,3229.0,3229.0,,,,new_hypertension,new_hypertension,clinicalbert_type2_mean_pool,rf,1,4,auprc,0.1326739703978862
3566,3566,3230.0,3230.0,,,,new_hypertension,new_hypertension,clinicalbert_type2_mean_pool,rf,1,4,brier,0.3657154213036566
3567,3567,3231.0,3231.0,,,,new_hypertension,new_hypertension,clinicalbert_type2_mean_pool,rf,2,4,auroc,0.6054703818794673
3568,3568,3232.0,3232.0,,,,new_hypertension,new_hypertension,clinicalbert_type2_mean_pool,rf,2,4,auprc,0.1796007918717513
3569,3569,3233.0,3233.0,,,,new_hypertension,new_hypertension,clinicalbert_type2_mean_pool,rf,2,4,brier,0.280354213036566
3570,3570,3234.0,3234.0,,,,new_hypertension,new_hypertension,clinicalbert_type2_mean_pool,rf,3,4,auroc,0.6006804356161405
3571,3571,3235.0,3235.0,,,,new_hypertension,new_hypertension,clinicalbert_type2_mean_pool,rf,3,4,auprc,0.1737094994193198
3572,3572,3236.0,3236.0,,,,new_hypertension,new_hypertension,clinicalbert_type2_mean_pool,rf,3,4,brier,0.2661364423246776
3573,3573,3237.0,3237.0,,,,new_hypertension,new_hypertension,clinicalbert_type2_mean_pool,rf,4,4,auroc,0.5426660028270412
3574,3574,3238.0,3238.0,,,,new_hypertension,new_hypertension,clinicalbert_type2_mean_pool,rf,4,4,auprc,0.1402924909537129
3575,3575,3239.0,3239.0,,,,new_hypertension,new_hypertension,clinicalbert_type2_mean_pool,rf,4,4,brier,0.3037201907790143
3576,3576,3240.0,3240.0,,,,new_hypertension,new_hypertension,clinicalbert_type2_mean_pool,rf,0,8,auroc,0.5699835756920242
3577,3577,3241.0,3241.0,,,,new_hypertension,new_hypertension,clinicalbert_type2_mean_pool,rf,0,8,auprc,0.1463729607790304
3578,3578,3242.0,3242.0,,,,new_hypertension,new_hypertension,clinicalbert_type2_mean_pool,rf,0,8,brier,0.2251589825119236
3579,3579,3243.0,3243.0,,,,new_hypertension,new_hypertension,clinicalbert_type2_mean_pool,rf,1,8,auroc,0.5226220520656286
3580,3580,3244.0,3244.0,,,,new_hypertension,new_hypertension,clinicalbert_type2_mean_pool,rf,1,8,auprc,0.1336688780407389
3581,3581,3245.0,3245.0,,,,new_hypertension,new_hypertension,clinicalbert_type2_mean_pool,rf,1,8,brier,0.308495627980922
3582,3582,3246.0,3246.0,,,,new_hypertension,new_hypertension,clinicalbert_type2_mean_pool,rf,2,8,auroc,0.4986923503928672
3583,3583,3247.0,3247.0,,,,new_hypertension,new_hypertension,clinicalbert_type2_mean_pool,rf,2,8,auprc,0.1289812925914817
3584,3584,3248.0,3248.0,,,,new_hypertension,new_hypertension,clinicalbert_type2_mean_pool,rf,2,8,brier,0.3454531001589825
3585,3585,3249.0,3249.0,,,,new_hypertension,new_hypertension,clinicalbert_type2_mean_pool,rf,3,8,auroc,0.5965056855574822
3586,3586,3250.0,3250.0,,,,new_hypertension,new_hypertension,clinicalbert_type2_mean_pool,rf,3,8,auprc,0.175563046111853
3587,3587,3251.0,3251.0,,,,new_hypertension,new_hypertension,clinicalbert_type2_mean_pool,rf,3,8,brier,0.2546482511923688
3588,3588,3252.0,3252.0,,,,new_hypertension,new_hypertension,clinicalbert_type2_mean_pool,rf,4,8,auroc,0.5522029746882529
3589,3589,3253.0,3253.0,,,,new_hypertension,new_hypertension,clinicalbert_type2_mean_pool,rf,4,8,auprc,0.1510075703045345
3590,3590,3254.0,3254.0,,,,new_hypertension,new_hypertension,clinicalbert_type2_mean_pool,rf,4,8,brier,0.2095806836248012
3591,3591,3255.0,3255.0,,,,new_hypertension,new_hypertension,clinicalbert_type2_mean_pool,rf,0,12,auroc,0.5978476716969685
3592,3592,3256.0,3256.0,,,,new_hypertension,new_hypertension,clinicalbert_type2_mean_pool,rf,0,12,auprc,0.1657358660539648
3593,3593,3257.0,3257.0,,,,new_hypertension,new_hypertension,clinicalbert_type2_mean_pool,rf,0,12,brier,0.2614461049284579
3594,3594,3258.0,3258.0,,,,new_hypertension,new_hypertension,clinicalbert_type2_mean_pool,rf,1,12,auroc,0.5460796264185281
3595,3595,3259.0,3259.0,,,,new_hypertension,new_hypertension,clinicalbert_type2_mean_pool,rf,1,12,auprc,0.1566546619987907
3596,3596,3260.0,3260.0,,,,new_hypertension,new_hypertension,clinicalbert_type2_mean_pool,rf,1,12,brier,0.2766454689984101
3597,3597,3261.0,3261.0,,,,new_hypertension,new_hypertension,clinicalbert_type2_mean_pool,rf,2,12,auroc,0.5805592276569322
3598,3598,3262.0,3262.0,,,,new_hypertension,new_hypertension,clinicalbert_type2_mean_pool,rf,2,12,auprc,0.1684128772904367
3599,3599,3263.0,3263.0,,,,new_hypertension,new_hypertension,clinicalbert_type2_mean_pool,rf,2,12,brier,0.2186406995230524
3600,3600,3264.0,3264.0,,,,new_hypertension,new_hypertension,clinicalbert_type2_mean_pool,rf,3,12,auroc,0.5669333470679463
3601,3601,3265.0,3265.0,,,,new_hypertension,new_hypertension,clinicalbert_type2_mean_pool,rf,3,12,auprc,0.155568012217655
3602,3602,3266.0,3266.0,,,,new_hypertension,new_hypertension,clinicalbert_type2_mean_pool,rf,3,12,brier,0.2761271860095389
3603,3603,3267.0,3267.0,,,,new_hypertension,new_hypertension,clinicalbert_type2_mean_pool,rf,4,12,auroc,0.4735580087100338
3604,3604,3268.0,3268.0,,,,new_hypertension,new_hypertension,clinicalbert_type2_mean_pool,rf,4,12,auprc,0.1216700501025966
3605,3605,3269.0,3269.0,,,,new_hypertension,new_hypertension,clinicalbert_type2_mean_pool,rf,4,12,brier,0.252066772655008
3606,3606,3270.0,3270.0,,,,new_hypertension,new_hypertension,clinicalbert_type2_mean_pool,rf,0,16,auroc,0.6334432102368649
3607,3607,3271.0,3271.0,,,,new_hypertension,new_hypertension,clinicalbert_type2_mean_pool,rf,0,16,auprc,0.1694487604347889
3608,3608,3272.0,3272.0,,,,new_hypertension,new_hypertension,clinicalbert_type2_mean_pool,rf,0,16,brier,0.2608505564387917
3609,3609,3273.0,3273.0,,,,new_hypertension,new_hypertension,clinicalbert_type2_mean_pool,rf,1,16,auroc,0.5037054841164925
3610,3610,3274.0,3274.0,,,,new_hypertension,new_hypertension,clinicalbert_type2_mean_pool,rf,1,16,auprc,0.1317495058535784
3611,3611,3275.0,3275.0,,,,new_hypertension,new_hypertension,clinicalbert_type2_mean_pool,rf,1,16,brier,0.2873748012718601
3612,3612,3276.0,3276.0,,,,new_hypertension,new_hypertension,clinicalbert_type2_mean_pool,rf,2,16,auroc,0.5883192839688454
3613,3613,3277.0,3277.0,,,,new_hypertension,new_hypertension,clinicalbert_type2_mean_pool,rf,2,16,auprc,0.1804562867083591
3614,3614,3278.0,3278.0,,,,new_hypertension,new_hypertension,clinicalbert_type2_mean_pool,rf,2,16,brier,0.2188314785373608
3615,3615,3279.0,3279.0,,,,new_hypertension,new_hypertension,clinicalbert_type2_mean_pool,rf,3,16,auroc,0.5552617874454191
3616,3616,3280.0,3280.0,,,,new_hypertension,new_hypertension,clinicalbert_type2_mean_pool,rf,3,16,auprc,0.1442223674841137
3617,3617,3281.0,3281.0,,,,new_hypertension,new_hypertension,clinicalbert_type2_mean_pool,rf,3,16,brier,0.3141495522943817
3618,3618,3282.0,3282.0,,,,new_hypertension,new_hypertension,clinicalbert_type2_mean_pool,rf,4,16,auroc,0.5790169450787166
3619,3619,3283.0,3283.0,,,,new_hypertension,new_hypertension,clinicalbert_type2_mean_pool,rf,4,16,auprc,0.1669804386318951
3620,3620,3284.0,3284.0,,,,new_hypertension,new_hypertension,clinicalbert_type2_mean_pool,rf,4,16,brier,0.2912798092209857
3621,3621,3285.0,3285.0,,,,new_hypertension,new_hypertension,clinicalbert_type2_mean_pool,rf,0,24,auroc,0.5981681459989356
3622,3622,3286.0,3286.0,,,,new_hypertension,new_hypertension,clinicalbert_type2_mean_pool,rf,0,24,auprc,0.1598221801237428
3623,3623,3287.0,3287.0,,,,new_hypertension,new_hypertension,clinicalbert_type2_mean_pool,rf,0,24,brier,0.2924085850556439
3624,3624,3288.0,3288.0,,,,new_hypertension,new_hypertension,clinicalbert_type2_mean_pool,rf,1,24,auroc,0.5218895393754184
3625,3625,3289.0,3289.0,,,,new_hypertension,new_hypertension,clinicalbert_type2_mean_pool,rf,1,24,auprc,0.1348718660655551
3626,3626,3290.0,3290.0,,,,new_hypertension,new_hypertension,clinicalbert_type2_mean_pool,rf,1,24,brier,0.2680047694753577
3627,3627,3291.0,3291.0,,,,new_hypertension,new_hypertension,clinicalbert_type2_mean_pool,rf,2,24,auroc,0.6138370502629605
3628,3628,3292.0,3292.0,,,,new_hypertension,new_hypertension,clinicalbert_type2_mean_pool,rf,2,24,auprc,0.1728087366013726
3629,3629,3293.0,3293.0,,,,new_hypertension,new_hypertension,clinicalbert_type2_mean_pool,rf,2,24,brier,0.2343573926868044
3630,3630,3294.0,3294.0,,,,new_hypertension,new_hypertension,clinicalbert_type2_mean_pool,rf,3,24,auroc,0.4972301863901431
3631,3631,3295.0,3295.0,,,,new_hypertension,new_hypertension,clinicalbert_type2_mean_pool,rf,3,24,auprc,0.1245519765784103
3632,3632,3296.0,3296.0,,,,new_hypertension,new_hypertension,clinicalbert_type2_mean_pool,rf,3,24,brier,0.2503736089030207
3633,3633,3297.0,3297.0,,,,new_hypertension,new_hypertension,clinicalbert_type2_mean_pool,rf,4,24,auroc,0.5849428582874082
3634,3634,3298.0,3298.0,,,,new_hypertension,new_hypertension,clinicalbert_type2_mean_pool,rf,4,24,auprc,0.1583079105531096
3635,3635,3299.0,3299.0,,,,new_hypertension,new_hypertension,clinicalbert_type2_mean_pool,rf,4,24,brier,0.2312003179650238
3636,3636,3300.0,3300.0,,,,new_hypertension,new_hypertension,clinicalbert_type2_mean_pool,rf,0,32,auroc,0.6393204800247223
3637,3637,3301.0,3301.0,,,,new_hypertension,new_hypertension,clinicalbert_type2_mean_pool,rf,0,32,auprc,0.1978864562702513
3638,3638,3302.0,3302.0,,,,new_hypertension,new_hypertension,clinicalbert_type2_mean_pool,rf,0,32,brier,0.254254054054054
3639,3639,3303.0,3303.0,,,,new_hypertension,new_hypertension,clinicalbert_type2_mean_pool,rf,1,32,auroc,0.5311289279562325
3640,3640,3304.0,3304.0,,,,new_hypertension,new_hypertension,clinicalbert_type2_mean_pool,rf,1,32,auprc,0.1372662031430759
3641,3641,3305.0,3305.0,,,,new_hypertension,new_hypertension,clinicalbert_type2_mean_pool,rf,1,32,brier,0.2528005580861626
3642,3642,3306.0,3306.0,,,,new_hypertension,new_hypertension,clinicalbert_type2_mean_pool,rf,2,32,auroc,0.6093389645246393
3643,3643,3307.0,3307.0,,,,new_hypertension,new_hypertension,clinicalbert_type2_mean_pool,rf,2,32,auprc,0.1668808302335347
3644,3644,3308.0,3308.0,,,,new_hypertension,new_hypertension,clinicalbert_type2_mean_pool,rf,2,32,brier,0.2205047694753577
3645,3645,3309.0,3309.0,,,,new_hypertension,new_hypertension,clinicalbert_type2_mean_pool,rf,3,32,auroc,0.5167848415655171
3646,3646,3310.0,3310.0,,,,new_hypertension,new_hypertension,clinicalbert_type2_mean_pool,rf,3,32,auprc,0.1304235418350898
3647,3647,3311.0,3311.0,,,,new_hypertension,new_hypertension,clinicalbert_type2_mean_pool,rf,3,32,brier,0.3000258346581876
3648,3648,3312.0,3312.0,,,,new_hypertension,new_hypertension,clinicalbert_type2_mean_pool,rf,4,32,auroc,0.5118918857051293
3649,3649,3313.0,3313.0,,,,new_hypertension,new_hypertension,clinicalbert_type2_mean_pool,rf,4,32,auprc,0.1315954280147204
3650,3650,3314.0,3314.0,,,,new_hypertension,new_hypertension,clinicalbert_type2_mean_pool,rf,4,32,brier,0.2574752280059722
3651,3651,3315.0,3315.0,,,,new_hypertension,new_hypertension,clinicalbert_type2_mean_pool,rf,0,48,auroc,0.6665178750264678
3652,3652,3316.0,3316.0,,,,new_hypertension,new_hypertension,clinicalbert_type2_mean_pool,rf,0,48,auprc,0.1924373752639803
3653,3653,3317.0,3317.0,,,,new_hypertension,new_hypertension,clinicalbert_type2_mean_pool,rf,0,48,brier,0.2305673013005289
3654,3654,3318.0,3318.0,,,,new_hypertension,new_hypertension,clinicalbert_type2_mean_pool,rf,1,48,auroc,0.5026782495235806
3655,3655,3319.0,3319.0,,,,new_hypertension,new_hypertension,clinicalbert_type2_mean_pool,rf,1,48,auprc,0.1245158757707268
3656,3656,3320.0,3320.0,,,,new_hypertension,new_hypertension,clinicalbert_type2_mean_pool,rf,1,48,brier,0.2706120826709062
3657,3657,3321.0,3321.0,,,,new_hypertension,new_hypertension,clinicalbert_type2_mean_pool,rf,2,48,auroc,0.5931979329407523
3658,3658,3322.0,3322.0,,,,new_hypertension,new_hypertension,clinicalbert_type2_mean_pool,rf,2,48,auprc,0.1643699743640984
3659,3659,3323.0,3323.0,,,,new_hypertension,new_hypertension,clinicalbert_type2_mean_pool,rf,2,48,brier,0.2482883833484922
3660,3660,3324.0,3324.0,,,,new_hypertension,new_hypertension,clinicalbert_type2_mean_pool,rf,3,48,auroc,0.575374411271539
3661,3661,3325.0,3325.0,,,,new_hypertension,new_hypertension,clinicalbert_type2_mean_pool,rf,3,48,auprc,0.172695158597446
3662,3662,3326.0,3326.0,,,,new_hypertension,new_hypertension,clinicalbert_type2_mean_pool,rf,3,48,brier,0.2602026673732556
3663,3663,3327.0,3327.0,,,,new_hypertension,new_hypertension,clinicalbert_type2_mean_pool,rf,4,48,auroc,0.5900246650757407
3664,3664,3328.0,3328.0,,,,new_hypertension,new_hypertension,clinicalbert_type2_mean_pool,rf,4,48,auprc,0.15820259599733
3665,3665,3329.0,3329.0,,,,new_hypertension,new_hypertension,clinicalbert_type2_mean_pool,rf,4,48,brier,0.2714308426073132
3666,3666,3330.0,3330.0,,,,new_hypertension,new_hypertension,clinicalbert_type2_mean_pool,rf,0,64,auroc,0.6449116120429664
3667,3667,3331.0,3331.0,,,,new_hypertension,new_hypertension,clinicalbert_type2_mean_pool,rf,0,64,auprc,0.1805001747353556
3668,3668,3332.0,3332.0,,,,new_hypertension,new_hypertension,clinicalbert_type2_mean_pool,rf,0,64,brier,0.2413164155043638
3669,3669,3333.0,3333.0,,,,new_hypertension,new_hypertension,clinicalbert_type2_mean_pool,rf,1,64,auroc,0.5886712334254697
3670,3670,3334.0,3334.0,,,,new_hypertension,new_hypertension,clinicalbert_type2_mean_pool,rf,1,64,auprc,0.1730501724321546
3671,3671,3335.0,3335.0,,,,new_hypertension,new_hypertension,clinicalbert_type2_mean_pool,rf,1,64,brier,0.2535207943311955
3672,3672,3336.0,3336.0,,,,new_hypertension,new_hypertension,clinicalbert_type2_mean_pool,rf,2,64,auroc,0.5772371681517217
3673,3673,3337.0,3337.0,,,,new_hypertension,new_hypertension,clinicalbert_type2_mean_pool,rf,2,64,auprc,0.1458156363609978
3674,3674,3338.0,3338.0,,,,new_hypertension,new_hypertension,clinicalbert_type2_mean_pool,rf,2,64,brier,0.2706120826709062
3675,3675,3339.0,3339.0,,,,new_hypertension,new_hypertension,clinicalbert_type2_mean_pool,rf,3,64,auroc,0.5871718715126959
3676,3676,3340.0,3340.0,,,,new_hypertension,new_hypertension,clinicalbert_type2_mean_pool,rf,3,64,auprc,0.1678660870493225
3677,3677,3341.0,3341.0,,,,new_hypertension,new_hypertension,clinicalbert_type2_mean_pool,rf,3,64,brier,0.2708776044843048
3678,3678,3342.0,3342.0,,,,new_hypertension,new_hypertension,clinicalbert_type2_mean_pool,rf,4,64,auroc,0.5921449459485754
3679,3679,3343.0,3343.0,,,,new_hypertension,new_hypertension,clinicalbert_type2_mean_pool,rf,4,64,auprc,0.1783992099069808
3680,3680,3344.0,3344.0,,,,new_hypertension,new_hypertension,clinicalbert_type2_mean_pool,rf,4,64,brier,0.2208814821280922
3681,3681,3345.0,3345.0,,,,new_hypertension,new_hypertension,clinicalbert_type2_mean_pool,rf,0,128,auroc,0.6565316668669631
3682,3682,3346.0,3346.0,,,,new_hypertension,new_hypertension,clinicalbert_type2_mean_pool,rf,0,128,auprc,0.2156623050736904
3683,3683,3347.0,3347.0,,,,new_hypertension,new_hypertension,clinicalbert_type2_mean_pool,rf,0,128,brier,0.2193043293041781
3684,3684,3348.0,3348.0,,,,new_hypertension,new_hypertension,clinicalbert_type2_mean_pool,rf,1,128,auroc,0.651112217510487
3685,3685,3349.0,3349.0,,,,new_hypertension,new_hypertension,clinicalbert_type2_mean_pool,rf,1,128,auprc,0.2075596815837113
3686,3686,3350.0,3350.0,,,,new_hypertension,new_hypertension,clinicalbert_type2_mean_pool,rf,1,128,brier,0.2234473767885532
3687,3687,3351.0,3351.0,,,,new_hypertension,new_hypertension,clinicalbert_type2_mean_pool,rf,2,128,auroc,0.6522911051212938
3688,3688,3352.0,3352.0,,,,new_hypertension,new_hypertension,clinicalbert_type2_mean_pool,rf,2,128,auprc,0.2061983892752384
3689,3689,3353.0,3353.0,,,,new_hypertension,new_hypertension,clinicalbert_type2_mean_pool,rf,2,128,brier,0.2155713421214052
3690,3690,3354.0,3354.0,,,,new_hypertension,new_hypertension,clinicalbert_type2_mean_pool,rf,3,128,auroc,0.6293314104875215
3691,3691,3355.0,3355.0,,,,new_hypertension,new_hypertension,clinicalbert_type2_mean_pool,rf,3,128,auprc,0.2044298263002017
3692,3692,3356.0,3356.0,,,,new_hypertension,new_hypertension,clinicalbert_type2_mean_pool,rf,3,128,brier,0.2360513558236039
3693,3693,3357.0,3357.0,,,,new_hypertension,new_hypertension,clinicalbert_type2_mean_pool,rf,4,128,auroc,0.5900561402303981
3694,3694,3358.0,3358.0,,,,new_hypertension,new_hypertension,clinicalbert_type2_mean_pool,rf,4,128,auprc,0.1723268445511762
3695,3695,3359.0,3359.0,,,,new_hypertension,new_hypertension,clinicalbert_type2_mean_pool,rf,4,128,brier,0.2254260731319555
3696,3696,3360.0,3360.0,,,,new_hypertension,new_hypertension,clinicalbert_type2_clinicalbert_pool,lr_lbfgs,0,-1,auroc,0.663427587114644
3697,3697,3361.0,3361.0,,,,new_hypertension,new_hypertension,clinicalbert_type2_clinicalbert_pool,lr_lbfgs,0,-1,auprc,0.207082746834293
3698,3698,3362.0,3362.0,,,,new_hypertension,new_hypertension,clinicalbert_type2_clinicalbert_pool,lr_lbfgs,0,-1,brier,0.1076921495014546
3699,3699,3363.0,3363.0,,,,new_hypertension,new_hypertension,clinicalbert_type2_clinicalbert_pool,lr_lbfgs,0,1,auroc,0.5380134026931287
3700,3700,3364.0,3364.0,,,,new_hypertension,new_hypertension,clinicalbert_type2_clinicalbert_pool,lr_lbfgs,0,1,auprc,0.1408642496575691
3701,3701,3365.0,3365.0,,,,new_hypertension,new_hypertension,clinicalbert_type2_clinicalbert_pool,lr_lbfgs,0,1,brier,0.2500012994207665
3702,3702,3366.0,3366.0,,,,new_hypertension,new_hypertension,clinicalbert_type2_clinicalbert_pool,lr_lbfgs,1,1,auroc,0.5731568435570359
3703,3703,3367.0,3367.0,,,,new_hypertension,new_hypertension,clinicalbert_type2_clinicalbert_pool,lr_lbfgs,1,1,auprc,0.1530870081955634
3704,3704,3368.0,3368.0,,,,new_hypertension,new_hypertension,clinicalbert_type2_clinicalbert_pool,lr_lbfgs,1,1,brier,0.2499970982341272
3705,3705,3369.0,3369.0,,,,new_hypertension,new_hypertension,clinicalbert_type2_clinicalbert_pool,lr_lbfgs,2,1,auroc,0.4778214614772721
3706,3706,3370.0,3370.0,,,,new_hypertension,new_hypertension,clinicalbert_type2_clinicalbert_pool,lr_lbfgs,2,1,auprc,0.1219923077707851
3707,3707,3371.0,3371.0,,,,new_hypertension,new_hypertension,clinicalbert_type2_clinicalbert_pool,lr_lbfgs,2,1,brier,0.250000681625054
3708,3708,3372.0,3372.0,,,,new_hypertension,new_hypertension,clinicalbert_type2_clinicalbert_pool,lr_lbfgs,3,1,auroc,0.5353809352126861
3709,3709,3373.0,3373.0,,,,new_hypertension,new_hypertension,clinicalbert_type2_clinicalbert_pool,lr_lbfgs,3,1,auprc,0.1459406855285344
3710,3710,3374.0,3374.0,,,,new_hypertension,new_hypertension,clinicalbert_type2_clinicalbert_pool,lr_lbfgs,3,1,brier,0.2499983203921514
3711,3711,3375.0,3375.0,,,,new_hypertension,new_hypertension,clinicalbert_type2_clinicalbert_pool,lr_lbfgs,4,1,auroc,0.56056678169405
3712,3712,3376.0,3376.0,,,,new_hypertension,new_hypertension,clinicalbert_type2_clinicalbert_pool,lr_lbfgs,4,1,auprc,0.1536286306299449
3713,3713,3377.0,3377.0,,,,new_hypertension,new_hypertension,clinicalbert_type2_clinicalbert_pool,lr_lbfgs,4,1,brier,0.2499991444291106
3714,3714,3378.0,3378.0,,,,new_hypertension,new_hypertension,clinicalbert_type2_clinicalbert_pool,lr_lbfgs,0,2,auroc,0.4852495979764336
3715,3715,3379.0,3379.0,,,,new_hypertension,new_hypertension,clinicalbert_type2_clinicalbert_pool,lr_lbfgs,0,2,auprc,0.1199311872680728
3716,3716,3380.0,3380.0,,,,new_hypertension,new_hypertension,clinicalbert_type2_clinicalbert_pool,lr_lbfgs,0,2,brier,0.2499992419220577
3717,3717,3381.0,3381.0,,,,new_hypertension,new_hypertension,clinicalbert_type2_clinicalbert_pool,lr_lbfgs,1,2,auroc,0.6009122072095272
3718,3718,3382.0,3382.0,,,,new_hypertension,new_hypertension,clinicalbert_type2_clinicalbert_pool,lr_lbfgs,1,2,auprc,0.1672626406697078
3719,3719,3383.0,3383.0,,,,new_hypertension,new_hypertension,clinicalbert_type2_clinicalbert_pool,lr_lbfgs,1,2,brier,0.2499984700397367
3720,3720,3384.0,3384.0,,,,new_hypertension,new_hypertension,clinicalbert_type2_clinicalbert_pool,lr_lbfgs,2,2,auroc,0.5468150004864342
3721,3721,3385.0,3385.0,,,,new_hypertension,new_hypertension,clinicalbert_type2_clinicalbert_pool,lr_lbfgs,2,2,auprc,0.1392811413168893
3722,3722,3386.0,3386.0,,,,new_hypertension,new_hypertension,clinicalbert_type2_clinicalbert_pool,lr_lbfgs,2,2,brier,0.2500001938187677
3723,3723,3387.0,3387.0,,,,new_hypertension,new_hypertension,clinicalbert_type2_clinicalbert_pool,lr_lbfgs,3,2,auroc,0.4819303998489193
3724,3724,3388.0,3388.0,,,,new_hypertension,new_hypertension,clinicalbert_type2_clinicalbert_pool,lr_lbfgs,3,2,auprc,0.1257450569404485
3725,3725,3389.0,3389.0,,,,new_hypertension,new_hypertension,clinicalbert_type2_clinicalbert_pool,lr_lbfgs,3,2,brier,0.2812662277055747
3726,3726,3390.0,3390.0,,,,new_hypertension,new_hypertension,clinicalbert_type2_clinicalbert_pool,lr_lbfgs,4,2,auroc,0.526522109865458
3727,3727,3391.0,3391.0,,,,new_hypertension,new_hypertension,clinicalbert_type2_clinicalbert_pool,lr_lbfgs,4,2,auprc,0.1357207545304482
3728,3728,3392.0,3392.0,,,,new_hypertension,new_hypertension,clinicalbert_type2_clinicalbert_pool,lr_lbfgs,4,2,brier,0.2500000765865484
3729,3729,3393.0,3393.0,,,,new_hypertension,new_hypertension,clinicalbert_type2_clinicalbert_pool,lr_lbfgs,0,4,auroc,0.604689225768423
3730,3730,3394.0,3394.0,,,,new_hypertension,new_hypertension,clinicalbert_type2_clinicalbert_pool,lr_lbfgs,0,4,auprc,0.1634873534128788
3731,3731,3395.0,3395.0,,,,new_hypertension,new_hypertension,clinicalbert_type2_clinicalbert_pool,lr_lbfgs,0,4,brier,0.2499978025719305
3732,3732,3396.0,3396.0,,,,new_hypertension,new_hypertension,clinicalbert_type2_clinicalbert_pool,lr_lbfgs,1,4,auroc,0.5716517588888698
3733,3733,3397.0,3397.0,,,,new_hypertension,new_hypertension,clinicalbert_type2_clinicalbert_pool,lr_lbfgs,1,4,auprc,0.1564088621809684
3734,3734,3398.0,3398.0,,,,new_hypertension,new_hypertension,clinicalbert_type2_clinicalbert_pool,lr_lbfgs,1,4,brier,0.2499993384880275
3735,3735,3399.0,3399.0,,,,new_hypertension,new_hypertension,clinicalbert_type2_clinicalbert_pool,lr_lbfgs,2,4,auroc,0.5204903256820094
3736,3736,3400.0,3400.0,,,,new_hypertension,new_hypertension,clinicalbert_type2_clinicalbert_pool,lr_lbfgs,2,4,auprc,0.1350365175151749
3737,3737,3401.0,3401.0,,,,new_hypertension,new_hypertension,clinicalbert_type2_clinicalbert_pool,lr_lbfgs,2,4,brier,0.2500010915622314
3738,3738,3402.0,3402.0,,,,new_hypertension,new_hypertension,clinicalbert_type2_clinicalbert_pool,lr_lbfgs,3,4,auroc,0.5380820757578358
3739,3739,3403.0,3403.0,,,,new_hypertension,new_hypertension,clinicalbert_type2_clinicalbert_pool,lr_lbfgs,3,4,auprc,0.1512488904875009
3740,3740,3404.0,3404.0,,,,new_hypertension,new_hypertension,clinicalbert_type2_clinicalbert_pool,lr_lbfgs,3,4,brier,0.2500003979115372
3741,3741,3405.0,3405.0,,,,new_hypertension,new_hypertension,clinicalbert_type2_clinicalbert_pool,lr_lbfgs,4,4,auroc,0.5339502463646196
3742,3742,3406.0,3406.0,,,,new_hypertension,new_hypertension,clinicalbert_type2_clinicalbert_pool,lr_lbfgs,4,4,auprc,0.1331660885318928
3743,3743,3407.0,3407.0,,,,new_hypertension,new_hypertension,clinicalbert_type2_clinicalbert_pool,lr_lbfgs,4,4,brier,0.2499993476391065
3744,3744,3408.0,3408.0,,,,new_hypertension,new_hypertension,clinicalbert_type2_clinicalbert_pool,lr_lbfgs,0,8,auroc,0.6284558289125047
3745,3745,3409.0,3409.0,,,,new_hypertension,new_hypertension,clinicalbert_type2_clinicalbert_pool,lr_lbfgs,0,8,auprc,0.1727823822123846
3746,3746,3410.0,3410.0,,,,new_hypertension,new_hypertension,clinicalbert_type2_clinicalbert_pool,lr_lbfgs,0,8,brier,0.2360539309763606
3747,3747,3411.0,3411.0,,,,new_hypertension,new_hypertension,clinicalbert_type2_clinicalbert_pool,lr_lbfgs,1,8,auroc,0.571806273284461
3748,3748,3412.0,3412.0,,,,new_hypertension,new_hypertension,clinicalbert_type2_clinicalbert_pool,lr_lbfgs,1,8,auprc,0.167751799408468
3749,3749,3413.0,3413.0,,,,new_hypertension,new_hypertension,clinicalbert_type2_clinicalbert_pool,lr_lbfgs,1,8,brier,0.2499984226152079
3750,3750,3414.0,3414.0,,,,new_hypertension,new_hypertension,clinicalbert_type2_clinicalbert_pool,lr_lbfgs,2,8,auroc,0.5660320130936644
3751,3751,3415.0,3415.0,,,,new_hypertension,new_hypertension,clinicalbert_type2_clinicalbert_pool,lr_lbfgs,2,8,auprc,0.1630769320464251
3752,3752,3416.0,3416.0,,,,new_hypertension,new_hypertension,clinicalbert_type2_clinicalbert_pool,lr_lbfgs,2,8,brier,0.2500011034428563
3753,3753,3417.0,3417.0,,,,new_hypertension,new_hypertension,clinicalbert_type2_clinicalbert_pool,lr_lbfgs,3,8,auroc,0.5612420668303374
3754,3754,3418.0,3418.0,,,,new_hypertension,new_hypertension,clinicalbert_type2_clinicalbert_pool,lr_lbfgs,3,8,auprc,0.1519882735920193
3755,3755,3419.0,3419.0,,,,new_hypertension,new_hypertension,clinicalbert_type2_clinicalbert_pool,lr_lbfgs,3,8,brier,0.2499999015876764
3756,3756,3420.0,3420.0,,,,new_hypertension,new_hypertension,clinicalbert_type2_clinicalbert_pool,lr_lbfgs,4,8,auroc,0.5763100817781746
3757,3757,3421.0,3421.0,,,,new_hypertension,new_hypertension,clinicalbert_type2_clinicalbert_pool,lr_lbfgs,4,8,auprc,0.1502728772276267
3758,3758,3422.0,3422.0,,,,new_hypertension,new_hypertension,clinicalbert_type2_clinicalbert_pool,lr_lbfgs,4,8,brier,0.2473618067142107
3759,3759,3423.0,3423.0,,,,new_hypertension,new_hypertension,clinicalbert_type2_clinicalbert_pool,lr_lbfgs,0,12,auroc,0.6359068564332355
3760,3760,3424.0,3424.0,,,,new_hypertension,new_hypertension,clinicalbert_type2_clinicalbert_pool,lr_lbfgs,0,12,auprc,0.1738993599952079
3761,3761,3425.0,3425.0,,,,new_hypertension,new_hypertension,clinicalbert_type2_clinicalbert_pool,lr_lbfgs,0,12,brier,0.249995897491631
3762,3762,3426.0,3426.0,,,,new_hypertension,new_hypertension,clinicalbert_type2_clinicalbert_pool,lr_lbfgs,1,12,auroc,0.5527666660943912
3763,3763,3427.0,3427.0,,,,new_hypertension,new_hypertension,clinicalbert_type2_clinicalbert_pool,lr_lbfgs,1,12,auprc,0.1605293124986571
3764,3764,3428.0,3428.0,,,,new_hypertension,new_hypertension,clinicalbert_type2_clinicalbert_pool,lr_lbfgs,1,12,brier,0.2499983795707899
3765,3765,3429.0,3429.0,,,,new_hypertension,new_hypertension,clinicalbert_type2_clinicalbert_pool,lr_lbfgs,2,12,auroc,0.5707876228246376
3766,3766,3430.0,3430.0,,,,new_hypertension,new_hypertension,clinicalbert_type2_clinicalbert_pool,lr_lbfgs,2,12,auprc,0.1644072517912839
3767,3767,3431.0,3431.0,,,,new_hypertension,new_hypertension,clinicalbert_type2_clinicalbert_pool,lr_lbfgs,2,12,brier,0.246835014722314
3768,3768,3432.0,3432.0,,,,new_hypertension,new_hypertension,clinicalbert_type2_clinicalbert_pool,lr_lbfgs,3,12,auroc,0.5694256070412782
3769,3769,3433.0,3433.0,,,,new_hypertension,new_hypertension,clinicalbert_type2_clinicalbert_pool,lr_lbfgs,3,12,auprc,0.1684033087858639
3770,3770,3434.0,3434.0,,,,new_hypertension,new_hypertension,clinicalbert_type2_clinicalbert_pool,lr_lbfgs,3,12,brier,0.2500005413880762
3771,3771,3435.0,3435.0,,,,new_hypertension,new_hypertension,clinicalbert_type2_clinicalbert_pool,lr_lbfgs,4,12,auroc,0.5872062080450495
3772,3772,3436.0,3436.0,,,,new_hypertension,new_hypertension,clinicalbert_type2_clinicalbert_pool,lr_lbfgs,4,12,auprc,0.1576784760233532
3773,3773,3437.0,3437.0,,,,new_hypertension,new_hypertension,clinicalbert_type2_clinicalbert_pool,lr_lbfgs,4,12,brier,0.2499999472006442
3774,3774,3438.0,3438.0,,,,new_hypertension,new_hypertension,clinicalbert_type2_clinicalbert_pool,lr_lbfgs,0,16,auroc,0.6454981944706737
3775,3775,3439.0,3439.0,,,,new_hypertension,new_hypertension,clinicalbert_type2_clinicalbert_pool,lr_lbfgs,0,16,auprc,0.178012505606666
3776,3776,3440.0,3440.0,,,,new_hypertension,new_hypertension,clinicalbert_type2_clinicalbert_pool,lr_lbfgs,0,16,brier,0.2403893597164197
3777,3777,3441.0,3441.0,,,,new_hypertension,new_hypertension,clinicalbert_type2_clinicalbert_pool,lr_lbfgs,1,16,auroc,0.5655970836838522
3778,3778,3442.0,3442.0,,,,new_hypertension,new_hypertension,clinicalbert_type2_clinicalbert_pool,lr_lbfgs,1,16,auprc,0.1611796001465495
3779,3779,3443.0,3443.0,,,,new_hypertension,new_hypertension,clinicalbert_type2_clinicalbert_pool,lr_lbfgs,1,16,brier,0.2499985345150241
3780,3780,3444.0,3444.0,,,,new_hypertension,new_hypertension,clinicalbert_type2_clinicalbert_pool,lr_lbfgs,2,16,auroc,0.5757549745051248
3781,3781,3445.0,3445.0,,,,new_hypertension,new_hypertension,clinicalbert_type2_clinicalbert_pool,lr_lbfgs,2,16,auprc,0.1671295189397197
3782,3782,3446.0,3446.0,,,,new_hypertension,new_hypertension,clinicalbert_type2_clinicalbert_pool,lr_lbfgs,2,16,brier,0.2500000889669789
3783,3783,3447.0,3447.0,,,,new_hypertension,new_hypertension,clinicalbert_type2_clinicalbert_pool,lr_lbfgs,3,16,auroc,0.560629732003365
3784,3784,3448.0,3448.0,,,,new_hypertension,new_hypertension,clinicalbert_type2_clinicalbert_pool,lr_lbfgs,3,16,auprc,0.1468054568770333
3785,3785,3449.0,3449.0,,,,new_hypertension,new_hypertension,clinicalbert_type2_clinicalbert_pool,lr_lbfgs,3,16,brier,0.4351154880600965
3786,3786,3450.0,3450.0,,,,new_hypertension,new_hypertension,clinicalbert_type2_clinicalbert_pool,lr_lbfgs,4,16,auroc,0.5878528794043757
3787,3787,3451.0,3451.0,,,,new_hypertension,new_hypertension,clinicalbert_type2_clinicalbert_pool,lr_lbfgs,4,16,auprc,0.1634121395878255
3788,3788,3452.0,3452.0,,,,new_hypertension,new_hypertension,clinicalbert_type2_clinicalbert_pool,lr_lbfgs,4,16,brier,0.2500006649487321
3789,3789,3453.0,3453.0,,,,new_hypertension,new_hypertension,clinicalbert_type2_clinicalbert_pool,lr_lbfgs,0,24,auroc,0.6112074441602142
3790,3790,3454.0,3454.0,,,,new_hypertension,new_hypertension,clinicalbert_type2_clinicalbert_pool,lr_lbfgs,0,24,auprc,0.1657270314563992
3791,3791,3455.0,3455.0,,,,new_hypertension,new_hypertension,clinicalbert_type2_clinicalbert_pool,lr_lbfgs,0,24,brier,0.4141625702154271
3792,3792,3456.0,3456.0,,,,new_hypertension,new_hypertension,clinicalbert_type2_clinicalbert_pool,lr_lbfgs,1,24,auroc,0.5805220297468825
3793,3793,3457.0,3457.0,,,,new_hypertension,new_hypertension,clinicalbert_type2_clinicalbert_pool,lr_lbfgs,1,24,auprc,0.1738985612491276
3794,3794,3458.0,3458.0,,,,new_hypertension,new_hypertension,clinicalbert_type2_clinicalbert_pool,lr_lbfgs,1,24,brier,0.2499981642699389
3795,3795,3459.0,3459.0,,,,new_hypertension,new_hypertension,clinicalbert_type2_clinicalbert_pool,lr_lbfgs,2,24,auroc,0.6026977068919144
3796,3796,3460.0,3460.0,,,,new_hypertension,new_hypertension,clinicalbert_type2_clinicalbert_pool,lr_lbfgs,2,24,auprc,0.1898624909406819
3797,3797,3461.0,3461.0,,,,new_hypertension,new_hypertension,clinicalbert_type2_clinicalbert_pool,lr_lbfgs,2,24,brier,0.235602378750935
3798,3798,3462.0,3462.0,,,,new_hypertension,new_hypertension,clinicalbert_type2_clinicalbert_pool,lr_lbfgs,3,24,auroc,0.5442569288260912
3799,3799,3463.0,3463.0,,,,new_hypertension,new_hypertension,clinicalbert_type2_clinicalbert_pool,lr_lbfgs,3,24,auprc,0.1296025903333882
3800,3800,3464.0,3464.0,,,,new_hypertension,new_hypertension,clinicalbert_type2_clinicalbert_pool,lr_lbfgs,3,24,brier,0.4237002607383119
3801,3801,3465.0,3465.0,,,,new_hypertension,new_hypertension,clinicalbert_type2_clinicalbert_pool,lr_lbfgs,4,24,auroc,0.6083060071763352
3802,3802,3466.0,3466.0,,,,new_hypertension,new_hypertension,clinicalbert_type2_clinicalbert_pool,lr_lbfgs,4,24,auprc,0.1749143083954503
3803,3803,3467.0,3467.0,,,,new_hypertension,new_hypertension,clinicalbert_type2_clinicalbert_pool,lr_lbfgs,4,24,brier,0.2347771794157355
3804,3804,3468.0,3468.0,,,,new_hypertension,new_hypertension,clinicalbert_type2_clinicalbert_pool,lr_lbfgs,0,32,auroc,0.6361872714474566
3805,3805,3469.0,3469.0,,,,new_hypertension,new_hypertension,clinicalbert_type2_clinicalbert_pool,lr_lbfgs,0,32,auprc,0.1740149769662531
3806,3806,3470.0,3470.0,,,,new_hypertension,new_hypertension,clinicalbert_type2_clinicalbert_pool,lr_lbfgs,0,32,brier,0.2499953476615607
3807,3807,3471.0,3471.0,,,,new_hypertension,new_hypertension,clinicalbert_type2_clinicalbert_pool,lr_lbfgs,1,32,auroc,0.5659633400289572
3808,3808,3472.0,3472.0,,,,new_hypertension,new_hypertension,clinicalbert_type2_clinicalbert_pool,lr_lbfgs,1,32,auprc,0.1755072740482134
3809,3809,3473.0,3473.0,,,,new_hypertension,new_hypertension,clinicalbert_type2_clinicalbert_pool,lr_lbfgs,1,32,brier,0.249998268396191
3810,3810,3474.0,3474.0,,,,new_hypertension,new_hypertension,clinicalbert_type2_clinicalbert_pool,lr_lbfgs,2,32,auroc,0.6013128000869858
3811,3811,3475.0,3475.0,,,,new_hypertension,new_hypertension,clinicalbert_type2_clinicalbert_pool,lr_lbfgs,2,32,auprc,0.1829396452744512
3812,3812,3476.0,3476.0,,,,new_hypertension,new_hypertension,clinicalbert_type2_clinicalbert_pool,lr_lbfgs,2,32,brier,0.2521954781873813
3813,3813,3477.0,3477.0,,,,new_hypertension,new_hypertension,clinicalbert_type2_clinicalbert_pool,lr_lbfgs,3,32,auroc,0.5672223462152558
3814,3814,3478.0,3478.0,,,,new_hypertension,new_hypertension,clinicalbert_type2_clinicalbert_pool,lr_lbfgs,3,32,auprc,0.1568250820533882
3815,3815,3479.0,3479.0,,,,new_hypertension,new_hypertension,clinicalbert_type2_clinicalbert_pool,lr_lbfgs,3,32,brier,0.2500004443563582
3816,3816,3480.0,3480.0,,,,new_hypertension,new_hypertension,clinicalbert_type2_clinicalbert_pool,lr_lbfgs,4,32,auroc,0.6026061428056381
3817,3817,3481.0,3481.0,,,,new_hypertension,new_hypertension,clinicalbert_type2_clinicalbert_pool,lr_lbfgs,4,32,auprc,0.1759938512567994
3818,3818,3482.0,3482.0,,,,new_hypertension,new_hypertension,clinicalbert_type2_clinicalbert_pool,lr_lbfgs,4,32,brier,0.2488712167680031
3819,3819,3483.0,3483.0,,,,new_hypertension,new_hypertension,clinicalbert_type2_clinicalbert_pool,lr_lbfgs,0,48,auroc,0.6304530705444057
3820,3820,3484.0,3484.0,,,,new_hypertension,new_hypertension,clinicalbert_type2_clinicalbert_pool,lr_lbfgs,0,48,auprc,0.1740567919091745
3821,3821,3485.0,3485.0,,,,new_hypertension,new_hypertension,clinicalbert_type2_clinicalbert_pool,lr_lbfgs,0,48,brier,0.2480310251768039
3822,3822,3486.0,3486.0,,,,new_hypertension,new_hypertension,clinicalbert_type2_clinicalbert_pool,lr_lbfgs,1,48,auroc,0.6105149907577501
3823,3823,3487.0,3487.0,,,,new_hypertension,new_hypertension,clinicalbert_type2_clinicalbert_pool,lr_lbfgs,1,48,auprc,0.1724918828540095
3824,3824,3488.0,3488.0,,,,new_hypertension,new_hypertension,clinicalbert_type2_clinicalbert_pool,lr_lbfgs,1,48,brier,0.2499969689432204
3825,3825,3489.0,3489.0,,,,new_hypertension,new_hypertension,clinicalbert_type2_clinicalbert_pool,lr_lbfgs,2,48,auroc,0.6342758711464396
3826,3826,3490.0,3490.0,,,,new_hypertension,new_hypertension,clinicalbert_type2_clinicalbert_pool,lr_lbfgs,2,48,auprc,0.1908511667343531
3827,3827,3491.0,3491.0,,,,new_hypertension,new_hypertension,clinicalbert_type2_clinicalbert_pool,lr_lbfgs,2,48,brier,0.2278927866019554
3828,3828,3492.0,3492.0,,,,new_hypertension,new_hypertension,clinicalbert_type2_clinicalbert_pool,lr_lbfgs,3,48,auroc,0.5871890397788727
3829,3829,3493.0,3493.0,,,,new_hypertension,new_hypertension,clinicalbert_type2_clinicalbert_pool,lr_lbfgs,3,48,auprc,0.1672964563284645
3830,3830,3494.0,3494.0,,,,new_hypertension,new_hypertension,clinicalbert_type2_clinicalbert_pool,lr_lbfgs,3,48,brier,0.2500002408151769
3831,3831,3495.0,3495.0,,,,new_hypertension,new_hypertension,clinicalbert_type2_clinicalbert_pool,lr_lbfgs,4,48,auroc,0.6158600442941267
3832,3832,3496.0,3496.0,,,,new_hypertension,new_hypertension,clinicalbert_type2_clinicalbert_pool,lr_lbfgs,4,48,auprc,0.1739469182077352
3833,3833,3497.0,3497.0,,,,new_hypertension,new_hypertension,clinicalbert_type2_clinicalbert_pool,lr_lbfgs,4,48,brier,0.2344283629559259
3834,3834,3498.0,3498.0,,,,new_hypertension,new_hypertension,clinicalbert_type2_clinicalbert_pool,lr_lbfgs,0,64,auroc,0.5875438506131933
3835,3835,3499.0,3499.0,,,,new_hypertension,new_hypertension,clinicalbert_type2_clinicalbert_pool,lr_lbfgs,0,64,auprc,0.1611390543470606
3836,3836,3500.0,3500.0,,,,new_hypertension,new_hypertension,clinicalbert_type2_clinicalbert_pool,lr_lbfgs,0,64,brier,0.3676529206178794
3837,3837,3501.0,3501.0,,,,new_hypertension,new_hypertension,clinicalbert_type2_clinicalbert_pool,lr_lbfgs,1,64,auroc,0.6024974104531851
3838,3838,3502.0,3502.0,,,,new_hypertension,new_hypertension,clinicalbert_type2_clinicalbert_pool,lr_lbfgs,1,64,auprc,0.177212427179127
3839,3839,3503.0,3503.0,,,,new_hypertension,new_hypertension,clinicalbert_type2_clinicalbert_pool,lr_lbfgs,1,64,brier,0.2498393175575718
3840,3840,3504.0,3504.0,,,,new_hypertension,new_hypertension,clinicalbert_type2_clinicalbert_pool,lr_lbfgs,2,64,auroc,0.6497902610148734
3841,3841,3505.0,3505.0,,,,new_hypertension,new_hypertension,clinicalbert_type2_clinicalbert_pool,lr_lbfgs,2,64,auprc,0.1923200602304096
3842,3842,3506.0,3506.0,,,,new_hypertension,new_hypertension,clinicalbert_type2_clinicalbert_pool,lr_lbfgs,2,64,brier,0.2258728111683646
3843,3843,3507.0,3507.0,,,,new_hypertension,new_hypertension,clinicalbert_type2_clinicalbert_pool,lr_lbfgs,3,64,auroc,0.5986517188295821
3844,3844,3508.0,3508.0,,,,new_hypertension,new_hypertension,clinicalbert_type2_clinicalbert_pool,lr_lbfgs,3,64,auprc,0.1708858374606821
3845,3845,3509.0,3509.0,,,,new_hypertension,new_hypertension,clinicalbert_type2_clinicalbert_pool,lr_lbfgs,3,64,brier,0.2473205696520751
3846,3846,3510.0,3510.0,,,,new_hypertension,new_hypertension,clinicalbert_type2_clinicalbert_pool,lr_lbfgs,4,64,auroc,0.6223382033981721
3847,3847,3511.0,3511.0,,,,new_hypertension,new_hypertension,clinicalbert_type2_clinicalbert_pool,lr_lbfgs,4,64,auprc,0.1757413439555187
3848,3848,3512.0,3512.0,,,,new_hypertension,new_hypertension,clinicalbert_type2_clinicalbert_pool,lr_lbfgs,4,64,brier,0.2321865116402893
3849,3849,3513.0,3513.0,,,,new_hypertension,new_hypertension,clinicalbert_type2_clinicalbert_pool,lr_lbfgs,0,128,auroc,0.590244991158343
3850,3850,3514.0,3514.0,,,,new_hypertension,new_hypertension,clinicalbert_type2_clinicalbert_pool,lr_lbfgs,0,128,auprc,0.185104531447862
3851,3851,3515.0,3515.0,,,,new_hypertension,new_hypertension,clinicalbert_type2_clinicalbert_pool,lr_lbfgs,0,128,brier,0.3493131036559966
3852,3852,3516.0,3516.0,,,,new_hypertension,new_hypertension,clinicalbert_type2_clinicalbert_pool,lr_lbfgs,1,128,auroc,0.633726486628782
3853,3853,3517.0,3517.0,,,,new_hypertension,new_hypertension,clinicalbert_type2_clinicalbert_pool,lr_lbfgs,1,128,auprc,0.1825727512696964
3854,3854,3518.0,3518.0,,,,new_hypertension,new_hypertension,clinicalbert_type2_clinicalbert_pool,lr_lbfgs,1,128,brier,0.2338165977283996
3855,3855,3519.0,3519.0,,,,new_hypertension,new_hypertension,clinicalbert_type2_clinicalbert_pool,lr_lbfgs,2,128,auroc,0.6563428159390183
3856,3856,3520.0,3520.0,,,,new_hypertension,new_hypertension,clinicalbert_type2_clinicalbert_pool,lr_lbfgs,2,128,auprc,0.2051634086549381
3857,3857,3521.0,3521.0,,,,new_hypertension,new_hypertension,clinicalbert_type2_clinicalbert_pool,lr_lbfgs,2,128,brier,0.2219995795692515
3858,3858,3522.0,3522.0,,,,new_hypertension,new_hypertension,clinicalbert_type2_clinicalbert_pool,lr_lbfgs,3,128,auroc,0.6174624158039612
3859,3859,3523.0,3523.0,,,,new_hypertension,new_hypertension,clinicalbert_type2_clinicalbert_pool,lr_lbfgs,3,128,auprc,0.1762370491456765
3860,3860,3524.0,3524.0,,,,new_hypertension,new_hypertension,clinicalbert_type2_clinicalbert_pool,lr_lbfgs,3,128,brier,0.2392716168842264
3861,3861,3525.0,3525.0,,,,new_hypertension,new_hypertension,clinicalbert_type2_clinicalbert_pool,lr_lbfgs,4,128,auroc,0.6298178446958642
3862,3862,3526.0,3526.0,,,,new_hypertension,new_hypertension,clinicalbert_type2_clinicalbert_pool,lr_lbfgs,4,128,auprc,0.1828826258466269
3863,3863,3527.0,3527.0,,,,new_hypertension,new_hypertension,clinicalbert_type2_clinicalbert_pool,lr_lbfgs,4,128,brier,0.2265362060107476
3864,3864,3528.0,3528.0,,,,new_hypertension,new_hypertension,clinicalbert_type2_clinicalbert_pool,knn,0,-1,auroc,0.5954183620329516
3865,3865,3529.0,3529.0,,,,new_hypertension,new_hypertension,clinicalbert_type2_clinicalbert_pool,knn,0,-1,auprc,0.1567985280473378
3866,3866,3530.0,3530.0,,,,new_hypertension,new_hypertension,clinicalbert_type2_clinicalbert_pool,knn,0,-1,brier,0.1386963434022257
3867,3867,3531.0,3531.0,,,,new_hypertension,new_hypertension,clinicalbert_type2_clinicalbert_pool,knn,0,1,auroc,0.5101550294435765
3868,3868,3532.0,3532.0,,,,new_hypertension,new_hypertension,clinicalbert_type2_clinicalbert_pool,knn,0,1,auprc,0.1286784729418349
3869,3869,3533.0,3533.0,,,,new_hypertension,new_hypertension,clinicalbert_type2_clinicalbert_pool,knn,0,1,brier,0.7853736089030207
3870,3870,3534.0,3534.0,,,,new_hypertension,new_hypertension,clinicalbert_type2_clinicalbert_pool,knn,1,1,auroc,0.5312204920425085
3871,3871,3535.0,3535.0,,,,new_hypertension,new_hypertension,clinicalbert_type2_clinicalbert_pool,knn,1,1,auprc,0.1365484969067195
3872,3872,3536.0,3536.0,,,,new_hypertension,new_hypertension,clinicalbert_type2_clinicalbert_pool,knn,1,1,brier,0.1987281399046105
3873,3873,3537.0,3537.0,,,,new_hypertension,new_hypertension,clinicalbert_type2_clinicalbert_pool,knn,2,1,auroc,0.4928236647380981
3874,3874,3538.0,3538.0,,,,new_hypertension,new_hypertension,clinicalbert_type2_clinicalbert_pool,knn,2,1,auprc,0.1248342883625083
3875,3875,3539.0,3539.0,,,,new_hypertension,new_hypertension,clinicalbert_type2_clinicalbert_pool,knn,2,1,brier,0.6605723370429253
3876,3876,3540.0,3540.0,,,,new_hypertension,new_hypertension,clinicalbert_type2_clinicalbert_pool,knn,3,1,auroc,0.525426202207839
3877,3877,3541.0,3541.0,,,,new_hypertension,new_hypertension,clinicalbert_type2_clinicalbert_pool,knn,3,1,auprc,0.1343478336785938
3878,3878,3542.0,3542.0,,,,new_hypertension,new_hypertension,clinicalbert_type2_clinicalbert_pool,knn,3,1,brier,0.1947535771065182
3879,3879,3543.0,3543.0,,,,new_hypertension,new_hypertension,clinicalbert_type2_clinicalbert_pool,knn,4,1,auroc,0.5312891651072158
3880,3880,3544.0,3544.0,,,,new_hypertension,new_hypertension,clinicalbert_type2_clinicalbert_pool,knn,4,1,auprc,0.1348287540460581
3881,3881,3545.0,3545.0,,,,new_hypertension,new_hypertension,clinicalbert_type2_clinicalbert_pool,knn,4,1,brier,0.2972972972972973
3882,3882,3546.0,3546.0,,,,new_hypertension,new_hypertension,clinicalbert_type2_clinicalbert_pool,knn,0,2,auroc,0.4804567903354106
3883,3883,3547.0,3547.0,,,,new_hypertension,new_hypertension,clinicalbert_type2_clinicalbert_pool,knn,0,2,auprc,0.1223528435824155
3884,3884,3548.0,3548.0,,,,new_hypertension,new_hypertension,clinicalbert_type2_clinicalbert_pool,knn,0,2,brier,0.5317965023847376
3885,3885,3549.0,3549.0,,,,new_hypertension,new_hypertension,clinicalbert_type2_clinicalbert_pool,knn,1,2,auroc,0.5578599183935081
3886,3886,3550.0,3550.0,,,,new_hypertension,new_hypertension,clinicalbert_type2_clinicalbert_pool,knn,1,2,auprc,0.1469738064906459
3887,3887,3551.0,3551.0,,,,new_hypertension,new_hypertension,clinicalbert_type2_clinicalbert_pool,knn,1,2,brier,0.1995618577127472
3888,3888,3552.0,3552.0,,,,new_hypertension,new_hypertension,clinicalbert_type2_clinicalbert_pool,knn,2,2,auroc,0.5561430917758282
3889,3889,3553.0,3553.0,,,,new_hypertension,new_hypertension,clinicalbert_type2_clinicalbert_pool,knn,2,2,auprc,0.140859661052981
3890,3890,3554.0,3554.0,,,,new_hypertension,new_hypertension,clinicalbert_type2_clinicalbert_pool,knn,2,2,brier,0.5405405405405406
3891,3891,3555.0,3555.0,,,,new_hypertension,new_hypertension,clinicalbert_type2_clinicalbert_pool,knn,3,2,auroc,0.5085984399768799
3892,3892,3556.0,3556.0,,,,new_hypertension,new_hypertension,clinicalbert_type2_clinicalbert_pool,knn,3,2,auprc,0.1283405299323985
3893,3893,3557.0,3557.0,,,,new_hypertension,new_hypertension,clinicalbert_type2_clinicalbert_pool,knn,3,2,brier,0.5437201907790143
3894,3894,3558.0,3558.0,,,,new_hypertension,new_hypertension,clinicalbert_type2_clinicalbert_pool,knn,4,2,auroc,0.5144957394086104
3895,3895,3559.0,3559.0,,,,new_hypertension,new_hypertension,clinicalbert_type2_clinicalbert_pool,knn,4,2,auprc,0.1298922118566957
3896,3896,3560.0,3560.0,,,,new_hypertension,new_hypertension,clinicalbert_type2_clinicalbert_pool,knn,4,2,brier,0.321939586645469
3897,3897,3561.0,3561.0,,,,new_hypertension,new_hypertension,clinicalbert_type2_clinicalbert_pool,knn,0,4,auroc,0.5794747655100978
3898,3898,3562.0,3562.0,,,,new_hypertension,new_hypertension,clinicalbert_type2_clinicalbert_pool,knn,0,4,auprc,0.1575676914521356
3899,3899,3563.0,3563.0,,,,new_hypertension,new_hypertension,clinicalbert_type2_clinicalbert_pool,knn,0,4,brier,0.3371456229355106
3900,3900,3564.0,3564.0,,,,new_hypertension,new_hypertension,clinicalbert_type2_clinicalbert_pool,knn,1,4,auroc,0.5074624730315151
3901,3901,3565.0,3565.0,,,,new_hypertension,new_hypertension,clinicalbert_type2_clinicalbert_pool,knn,1,4,auprc,0.1280538465179647
3902,3902,3566.0,3566.0,,,,new_hypertension,new_hypertension,clinicalbert_type2_clinicalbert_pool,knn,1,4,brier,0.3515279985868221
3903,3903,3567.0,3567.0,,,,new_hypertension,new_hypertension,clinicalbert_type2_clinicalbert_pool,knn,2,4,auroc,0.5678060672652668
3904,3904,3568.0,3568.0,,,,new_hypertension,new_hypertension,clinicalbert_type2_clinicalbert_pool,knn,2,4,auprc,0.1794397114882644
3905,3905,3569.0,3569.0,,,,new_hypertension,new_hypertension,clinicalbert_type2_clinicalbert_pool,knn,2,4,brier,0.3410394696101654
3906,3906,3570.0,3570.0,,,,new_hypertension,new_hypertension,clinicalbert_type2_clinicalbert_pool,knn,3,4,auroc,0.5175087701226386
3907,3907,3571.0,3571.0,,,,new_hypertension,new_hypertension,clinicalbert_type2_clinicalbert_pool,knn,3,4,auprc,0.1305296362555512
3908,3908,3572.0,3572.0,,,,new_hypertension,new_hypertension,clinicalbert_type2_clinicalbert_pool,knn,3,4,brier,0.4435612082670906
3909,3909,3573.0,3573.0,,,,new_hypertension,new_hypertension,clinicalbert_type2_clinicalbert_pool,knn,4,4,auroc,0.5138175928946269
3910,3910,3574.0,3574.0,,,,new_hypertension,new_hypertension,clinicalbert_type2_clinicalbert_pool,knn,4,4,auprc,0.1273035845585221
3911,3911,3575.0,3575.0,,,,new_hypertension,new_hypertension,clinicalbert_type2_clinicalbert_pool,knn,4,4,brier,0.1701430822342802
3912,3912,3576.0,3576.0,,,,new_hypertension,new_hypertension,clinicalbert_type2_clinicalbert_pool,knn,0,8,auroc,0.5658889442088577
3913,3913,3577.0,3577.0,,,,new_hypertension,new_hypertension,clinicalbert_type2_clinicalbert_pool,knn,0,8,auprc,0.142937212369388
3914,3914,3578.0,3578.0,,,,new_hypertension,new_hypertension,clinicalbert_type2_clinicalbert_pool,knn,0,8,brier,0.3146087263734322
3915,3915,3579.0,3579.0,,,,new_hypertension,new_hypertension,clinicalbert_type2_clinicalbert_pool,knn,1,8,auroc,0.52953227920179
3916,3916,3580.0,3580.0,,,,new_hypertension,new_hypertension,clinicalbert_type2_clinicalbert_pool,knn,1,8,auprc,0.1317592698724315
3917,3917,3581.0,3581.0,,,,new_hypertension,new_hypertension,clinicalbert_type2_clinicalbert_pool,knn,1,8,brier,0.3035440194960706
3918,3918,3582.0,3582.0,,,,new_hypertension,new_hypertension,clinicalbert_type2_clinicalbert_pool,knn,2,8,auroc,0.5259612798370159
3919,3919,3583.0,3583.0,,,,new_hypertension,new_hypertension,clinicalbert_type2_clinicalbert_pool,knn,2,8,auprc,0.1340091036606147
3920,3920,3584.0,3584.0,,,,new_hypertension,new_hypertension,clinicalbert_type2_clinicalbert_pool,knn,2,8,brier,0.3456161371757087
3921,3921,3585.0,3585.0,,,,new_hypertension,new_hypertension,clinicalbert_type2_clinicalbert_pool,knn,3,8,auroc,0.5373524244453219
3922,3922,3586.0,3586.0,,,,new_hypertension,new_hypertension,clinicalbert_type2_clinicalbert_pool,knn,3,8,auprc,0.1361513849547978
3923,3923,3587.0,3587.0,,,,new_hypertension,new_hypertension,clinicalbert_type2_clinicalbert_pool,knn,3,8,brier,0.375993640699523
3924,3924,3588.0,3588.0,,,,new_hypertension,new_hypertension,clinicalbert_type2_clinicalbert_pool,knn,4,8,auroc,0.5696487945015766
3925,3925,3589.0,3589.0,,,,new_hypertension,new_hypertension,clinicalbert_type2_clinicalbert_pool,knn,4,8,auprc,0.1571117854429478
3926,3926,3590.0,3590.0,,,,new_hypertension,new_hypertension,clinicalbert_type2_clinicalbert_pool,knn,4,8,brier,0.1777437836619502
3927,3927,3591.0,3591.0,,,,new_hypertension,new_hypertension,clinicalbert_type2_clinicalbert_pool,knn,0,12,auroc,0.5497622195134513
3928,3928,3592.0,3592.0,,,,new_hypertension,new_hypertension,clinicalbert_type2_clinicalbert_pool,knn,0,12,auprc,0.139484403307701
3929,3929,3593.0,3593.0,,,,new_hypertension,new_hypertension,clinicalbert_type2_clinicalbert_pool,knn,0,12,brier,0.2997138314785374
3930,3930,3594.0,3594.0,,,,new_hypertension,new_hypertension,clinicalbert_type2_clinicalbert_pool,knn,1,12,auroc,0.4898907525995615
3931,3931,3595.0,3595.0,,,,new_hypertension,new_hypertension,clinicalbert_type2_clinicalbert_pool,knn,1,12,auprc,0.12423257137691
3932,3932,3596.0,3596.0,,,,new_hypertension,new_hypertension,clinicalbert_type2_clinicalbert_pool,knn,1,12,brier,0.5294117647058824
3933,3933,3597.0,3597.0,,,,new_hypertension,new_hypertension,clinicalbert_type2_clinicalbert_pool,knn,2,12,auroc,0.5385685099661786
3934,3934,3598.0,3598.0,,,,new_hypertension,new_hypertension,clinicalbert_type2_clinicalbert_pool,knn,2,12,auprc,0.1299195177751589
3935,3935,3599.0,3599.0,,,,new_hypertension,new_hypertension,clinicalbert_type2_clinicalbert_pool,knn,2,12,brier,0.3928098200444584
3936,3936,3600.0,3600.0,,,,new_hypertension,new_hypertension,clinicalbert_type2_clinicalbert_pool,knn,3,12,auroc,0.5372723058698302
3937,3937,3601.0,3601.0,,,,new_hypertension,new_hypertension,clinicalbert_type2_clinicalbert_pool,knn,3,12,auprc,0.1360753118881061
3938,3938,3602.0,3602.0,,,,new_hypertension,new_hypertension,clinicalbert_type2_clinicalbert_pool,knn,3,12,brier,0.3855325914149443
3939,3939,3603.0,3603.0,,,,new_hypertension,new_hypertension,clinicalbert_type2_clinicalbert_pool,knn,4,12,auroc,0.5819870551273026
3940,3940,3604.0,3604.0,,,,new_hypertension,new_hypertension,clinicalbert_type2_clinicalbert_pool,knn,4,12,auprc,0.1509707813183896
3941,3941,3605.0,3605.0,,,,new_hypertension,new_hypertension,clinicalbert_type2_clinicalbert_pool,knn,4,12,brier,0.2000885484130745
3942,3942,3606.0,3606.0,,,,new_hypertension,new_hypertension,clinicalbert_type2_clinicalbert_pool,knn,0,16,auroc,0.5873435541744639
3943,3943,3607.0,3607.0,,,,new_hypertension,new_hypertension,clinicalbert_type2_clinicalbert_pool,knn,0,16,auprc,0.156680581509363
3944,3944,3608.0,3608.0,,,,new_hypertension,new_hypertension,clinicalbert_type2_clinicalbert_pool,knn,0,16,brier,0.2826355767532238
3945,3945,3609.0,3609.0,,,,new_hypertension,new_hypertension,clinicalbert_type2_clinicalbert_pool,knn,1,16,auroc,0.4896647037615672
3946,3946,3610.0,3610.0,,,,new_hypertension,new_hypertension,clinicalbert_type2_clinicalbert_pool,knn,1,16,auprc,0.1233483562731279
3947,3947,3611.0,3611.0,,,,new_hypertension,new_hypertension,clinicalbert_type2_clinicalbert_pool,knn,1,16,brier,0.3110651828298887
3948,3948,3612.0,3612.0,,,,new_hypertension,new_hypertension,clinicalbert_type2_clinicalbert_pool,knn,2,16,auroc,0.5344910467491888
3949,3949,3613.0,3613.0,,,,new_hypertension,new_hypertension,clinicalbert_type2_clinicalbert_pool,knn,2,16,auprc,0.1348827538061722
3950,3950,3614.0,3614.0,,,,new_hypertension,new_hypertension,clinicalbert_type2_clinicalbert_pool,knn,2,16,brier,0.5031796502384738
3951,3951,3615.0,3615.0,,,,new_hypertension,new_hypertension,clinicalbert_type2_clinicalbert_pool,knn,3,16,auroc,0.5242845125070819
3952,3952,3616.0,3616.0,,,,new_hypertension,new_hypertension,clinicalbert_type2_clinicalbert_pool,knn,3,16,auprc,0.153629683436442
3953,3953,3617.0,3617.0,,,,new_hypertension,new_hypertension,clinicalbert_type2_clinicalbert_pool,knn,3,16,brier,0.3304834314034247
3954,3954,3618.0,3618.0,,,,new_hypertension,new_hypertension,clinicalbert_type2_clinicalbert_pool,knn,4,16,auroc,0.5682896400959134
3955,3955,3619.0,3619.0,,,,new_hypertension,new_hypertension,clinicalbert_type2_clinicalbert_pool,knn,4,16,auprc,0.1548459884004853
3956,3956,3620.0,3620.0,,,,new_hypertension,new_hypertension,clinicalbert_type2_clinicalbert_pool,knn,4,16,brier,0.2245786963434022
3957,3957,3621.0,3621.0,,,,new_hypertension,new_hypertension,clinicalbert_type2_clinicalbert_pool,knn,0,24,auroc,0.6210906427226581
3958,3958,3622.0,3622.0,,,,new_hypertension,new_hypertension,clinicalbert_type2_clinicalbert_pool,knn,0,24,auprc,0.1682977788930235
3959,3959,3623.0,3623.0,,,,new_hypertension,new_hypertension,clinicalbert_type2_clinicalbert_pool,knn,0,24,brier,0.2811128775834658
3960,3960,3624.0,3624.0,,,,new_hypertension,new_hypertension,clinicalbert_type2_clinicalbert_pool,knn,1,24,auroc,0.4964404461460104
3961,3961,3625.0,3625.0,,,,new_hypertension,new_hypertension,clinicalbert_type2_clinicalbert_pool,knn,1,24,auprc,0.1247455773302907
3962,3962,3626.0,3626.0,,,,new_hypertension,new_hypertension,clinicalbert_type2_clinicalbert_pool,knn,1,24,brier,0.291637519872814
3963,3963,3627.0,3627.0,,,,new_hypertension,new_hypertension,clinicalbert_type2_clinicalbert_pool,knn,2,24,auroc,0.5539198013059327
3964,3964,3628.0,3628.0,,,,new_hypertension,new_hypertension,clinicalbert_type2_clinicalbert_pool,knn,2,24,auprc,0.1335377137743761
3965,3965,3629.0,3629.0,,,,new_hypertension,new_hypertension,clinicalbert_type2_clinicalbert_pool,knn,2,24,brier,0.3750121675817552
3966,3966,3630.0,3630.0,,,,new_hypertension,new_hypertension,clinicalbert_type2_clinicalbert_pool,knn,3,24,auroc,0.4787428250954269
3967,3967,3631.0,3631.0,,,,new_hypertension,new_hypertension,clinicalbert_type2_clinicalbert_pool,knn,3,24,auprc,0.1220877824651409
3968,3968,3632.0,3632.0,,,,new_hypertension,new_hypertension,clinicalbert_type2_clinicalbert_pool,knn,3,24,brier,0.4689984101748807
3969,3969,3633.0,3633.0,,,,new_hypertension,new_hypertension,clinicalbert_type2_clinicalbert_pool,knn,4,24,auroc,0.5545721954206512
3970,3970,3634.0,3634.0,,,,new_hypertension,new_hypertension,clinicalbert_type2_clinicalbert_pool,knn,4,24,auprc,0.1377766536552174
3971,3971,3635.0,3635.0,,,,new_hypertension,new_hypertension,clinicalbert_type2_clinicalbert_pool,knn,4,24,brier,0.2543117095468201
3972,3972,3636.0,3636.0,,,,new_hypertension,new_hypertension,clinicalbert_type2_clinicalbert_pool,knn,0,32,auroc,0.6366336463680533
3973,3973,3637.0,3637.0,,,,new_hypertension,new_hypertension,clinicalbert_type2_clinicalbert_pool,knn,0,32,auprc,0.2061622486745138
3974,3974,3638.0,3638.0,,,,new_hypertension,new_hypertension,clinicalbert_type2_clinicalbert_pool,knn,0,32,brier,0.2872393194608428
3975,3975,3639.0,3639.0,,,,new_hypertension,new_hypertension,clinicalbert_type2_clinicalbert_pool,knn,1,32,auroc,0.4999513565791657
3976,3976,3640.0,3640.0,,,,new_hypertension,new_hypertension,clinicalbert_type2_clinicalbert_pool,knn,1,32,auprc,0.1256879459968139
3977,3977,3641.0,3641.0,,,,new_hypertension,new_hypertension,clinicalbert_type2_clinicalbert_pool,knn,1,32,brier,0.3152305246422894
3978,3978,3642.0,3642.0,,,,new_hypertension,new_hypertension,clinicalbert_type2_clinicalbert_pool,knn,2,32,auroc,0.5400449808573832
3979,3979,3643.0,3643.0,,,,new_hypertension,new_hypertension,clinicalbert_type2_clinicalbert_pool,knn,2,32,auprc,0.1363169175173763
3980,3980,3644.0,3644.0,,,,new_hypertension,new_hypertension,clinicalbert_type2_clinicalbert_pool,knn,2,32,brier,0.5357710651828299
3981,3981,3645.0,3645.0,,,,new_hypertension,new_hypertension,clinicalbert_type2_clinicalbert_pool,knn,3,32,auroc,0.5083037180741783
3982,3982,3646.0,3646.0,,,,new_hypertension,new_hypertension,clinicalbert_type2_clinicalbert_pool,knn,3,32,auprc,0.1349666813954198
3983,3983,3647.0,3647.0,,,,new_hypertension,new_hypertension,clinicalbert_type2_clinicalbert_pool,knn,3,32,brier,0.3263143593503161
3984,3984,3648.0,3648.0,,,,new_hypertension,new_hypertension,clinicalbert_type2_clinicalbert_pool,knn,4,32,auroc,0.5736203867438094
3985,3985,3649.0,3649.0,,,,new_hypertension,new_hypertension,clinicalbert_type2_clinicalbert_pool,knn,4,32,auprc,0.1494938927350873
3986,3986,3650.0,3650.0,,,,new_hypertension,new_hypertension,clinicalbert_type2_clinicalbert_pool,knn,4,32,brier,0.2316693163751987
3987,3987,3651.0,3651.0,,,,new_hypertension,new_hypertension,clinicalbert_type2_clinicalbert_pool,knn,0,48,auroc,0.6105378817793191
3988,3988,3652.0,3652.0,,,,new_hypertension,new_hypertension,clinicalbert_type2_clinicalbert_pool,knn,0,48,auprc,0.1705371206876984
3989,3989,3653.0,3653.0,,,,new_hypertension,new_hypertension,clinicalbert_type2_clinicalbert_pool,knn,0,48,brier,0.2508108108108108
3990,3990,3654.0,3654.0,,,,new_hypertension,new_hypertension,clinicalbert_type2_clinicalbert_pool,knn,1,48,auroc,0.5569242478868726
3991,3991,3655.0,3655.0,,,,new_hypertension,new_hypertension,clinicalbert_type2_clinicalbert_pool,knn,1,48,auprc,0.1439227886225508
3992,3992,3656.0,3656.0,,,,new_hypertension,new_hypertension,clinicalbert_type2_clinicalbert_pool,knn,1,48,brier,0.283879173290938
3993,3993,3657.0,3657.0,,,,new_hypertension,new_hypertension,clinicalbert_type2_clinicalbert_pool,knn,2,48,auroc,0.5349917878460122
3994,3994,3658.0,3658.0,,,,new_hypertension,new_hypertension,clinicalbert_type2_clinicalbert_pool,knn,2,48,auprc,0.1290968138570545
3995,3995,3659.0,3659.0,,,,new_hypertension,new_hypertension,clinicalbert_type2_clinicalbert_pool,knn,2,48,brier,0.3841729597460636
3996,3996,3660.0,3660.0,,,,new_hypertension,new_hypertension,clinicalbert_type2_clinicalbert_pool,knn,3,48,auroc,0.4954904687508941
3997,3997,3661.0,3661.0,,,,new_hypertension,new_hypertension,clinicalbert_type2_clinicalbert_pool,knn,3,48,auprc,0.1255091608549252
3998,3998,3662.0,3662.0,,,,new_hypertension,new_hypertension,clinicalbert_type2_clinicalbert_pool,knn,3,48,brier,0.3438155802861685
3999,3999,3663.0,3663.0,,,,new_hypertension,new_hypertension,clinicalbert_type2_clinicalbert_pool,knn,4,48,auroc,0.571397096273914
4000,4000,3664.0,3664.0,,,,new_hypertension,new_hypertension,clinicalbert_type2_clinicalbert_pool,knn,4,48,auprc,0.1458432537444653
4001,4001,3665.0,3665.0,,,,new_hypertension,new_hypertension,clinicalbert_type2_clinicalbert_pool,knn,4,48,brier,0.2831796502384738
4002,4002,3666.0,3666.0,,,,new_hypertension,new_hypertension,clinicalbert_type2_clinicalbert_pool,knn,0,64,auroc,0.5922565396787245
4003,4003,3667.0,3667.0,,,,new_hypertension,new_hypertension,clinicalbert_type2_clinicalbert_pool,knn,0,64,auprc,0.1624028803672055
4004,4004,3668.0,3668.0,,,,new_hypertension,new_hypertension,clinicalbert_type2_clinicalbert_pool,knn,0,64,brier,0.2489030206677265
4005,4005,3669.0,3669.0,,,,new_hypertension,new_hypertension,clinicalbert_type2_clinicalbert_pool,knn,1,64,auroc,0.5817695904223965
4006,4006,3670.0,3670.0,,,,new_hypertension,new_hypertension,clinicalbert_type2_clinicalbert_pool,knn,1,64,auprc,0.1622114383295377
4007,4007,3671.0,3671.0,,,,new_hypertension,new_hypertension,clinicalbert_type2_clinicalbert_pool,knn,1,64,brier,0.3422129131258806
4008,4008,3672.0,3672.0,,,,new_hypertension,new_hypertension,clinicalbert_type2_clinicalbert_pool,knn,2,64,auroc,0.5417703916081514
4009,4009,3673.0,3673.0,,,,new_hypertension,new_hypertension,clinicalbert_type2_clinicalbert_pool,knn,2,64,auprc,0.1355307782842255
4010,4010,3674.0,3674.0,,,,new_hypertension,new_hypertension,clinicalbert_type2_clinicalbert_pool,knn,2,64,brier,0.3560325030913266
4011,4011,3675.0,3675.0,,,,new_hypertension,new_hypertension,clinicalbert_type2_clinicalbert_pool,knn,3,64,auroc,0.5181869166366222
4012,4012,3676.0,3676.0,,,,new_hypertension,new_hypertension,clinicalbert_type2_clinicalbert_pool,knn,3,64,auprc,0.1333736016263657
4013,4013,3677.0,3677.0,,,,new_hypertension,new_hypertension,clinicalbert_type2_clinicalbert_pool,knn,3,64,brier,0.3614626391096979
4014,4014,3678.0,3678.0,,,,new_hypertension,new_hypertension,clinicalbert_type2_clinicalbert_pool,knn,4,64,auroc,0.5578799480373811
4015,4015,3679.0,3679.0,,,,new_hypertension,new_hypertension,clinicalbert_type2_clinicalbert_pool,knn,4,64,auprc,0.1450731012619597
4016,4016,3680.0,3680.0,,,,new_hypertension,new_hypertension,clinicalbert_type2_clinicalbert_pool,knn,4,64,brier,0.2885532591414944
4017,4017,3681.0,3681.0,,,,new_hypertension,new_hypertension,clinicalbert_type2_clinicalbert_pool,knn,0,128,auroc,0.5718205801729417
4018,4018,3682.0,3682.0,,,,new_hypertension,new_hypertension,clinicalbert_type2_clinicalbert_pool,knn,0,128,auprc,0.1457261102527809
4019,4019,3683.0,3683.0,,,,new_hypertension,new_hypertension,clinicalbert_type2_clinicalbert_pool,knn,0,128,brier,0.2717329093799682
4020,4020,3684.0,3684.0,,,,new_hypertension,new_hypertension,clinicalbert_type2_clinicalbert_pool,knn,1,128,auroc,0.5951837290618687
4021,4021,3685.0,3685.0,,,,new_hypertension,new_hypertension,clinicalbert_type2_clinicalbert_pool,knn,1,128,auprc,0.1668694784942915
4022,4022,3686.0,3686.0,,,,new_hypertension,new_hypertension,clinicalbert_type2_clinicalbert_pool,knn,1,128,brier,0.3275039745627981
4023,4023,3687.0,3687.0,,,,new_hypertension,new_hypertension,clinicalbert_type2_clinicalbert_pool,knn,2,128,auroc,0.5839556829822423
4024,4024,3688.0,3688.0,,,,new_hypertension,new_hypertension,clinicalbert_type2_clinicalbert_pool,knn,2,128,auprc,0.1524314579463072
4025,4025,3689.0,3689.0,,,,new_hypertension,new_hypertension,clinicalbert_type2_clinicalbert_pool,knn,2,128,brier,0.2934499205087441
4026,4026,3690.0,3690.0,,,,new_hypertension,new_hypertension,clinicalbert_type2_clinicalbert_pool,knn,3,128,auroc,0.5724414991330026
4027,4027,3691.0,3691.0,,,,new_hypertension,new_hypertension,clinicalbert_type2_clinicalbert_pool,knn,3,128,auprc,0.1475442853130012
4028,4028,3692.0,3692.0,,,,new_hypertension,new_hypertension,clinicalbert_type2_clinicalbert_pool,knn,3,128,brier,0.324356120826709
4029,4029,3693.0,3693.0,,,,new_hypertension,new_hypertension,clinicalbert_type2_clinicalbert_pool,knn,4,128,auroc,0.5334380597570119
4030,4030,3694.0,3694.0,,,,new_hypertension,new_hypertension,clinicalbert_type2_clinicalbert_pool,knn,4,128,auprc,0.1400835186524339
4031,4031,3695.0,3695.0,,,,new_hypertension,new_hypertension,clinicalbert_type2_clinicalbert_pool,knn,4,128,brier,0.3082874072954292
4032,4032,3696.0,3696.0,,,,new_hypertension,new_hypertension,clinicalbert_type2_clinicalbert_pool,rf,0,-1,auroc,0.6422305011416898
4033,4033,3697.0,3697.0,,,,new_hypertension,new_hypertension,clinicalbert_type2_clinicalbert_pool,rf,0,-1,auprc,0.1905510830916177
4034,4034,3698.0,3698.0,,,,new_hypertension,new_hypertension,clinicalbert_type2_clinicalbert_pool,rf,0,-1,brier,0.1081002807914244
4035,4035,3699.0,3699.0,,,,new_hypertension,new_hypertension,clinicalbert_type2_clinicalbert_pool,rf,0,1,auroc,0.4782134702216423
4036,4036,3700.0,3700.0,,,,new_hypertension,new_hypertension,clinicalbert_type2_clinicalbert_pool,rf,0,1,auprc,0.1275263395256076
4037,4037,3701.0,3701.0,,,,new_hypertension,new_hypertension,clinicalbert_type2_clinicalbert_pool,rf,0,1,brier,0.4653239268680446
4038,4038,3702.0,3702.0,,,,new_hypertension,new_hypertension,clinicalbert_type2_clinicalbert_pool,rf,1,1,auroc,0.5468150004864342
4039,4039,3703.0,3703.0,,,,new_hypertension,new_hypertension,clinicalbert_type2_clinicalbert_pool,rf,1,1,auprc,0.1492580545754481
4040,4040,3704.0,3704.0,,,,new_hypertension,new_hypertension,clinicalbert_type2_clinicalbert_pool,rf,1,1,brier,0.2163910969793322
4041,4041,3705.0,3705.0,,,,new_hypertension,new_hypertension,clinicalbert_type2_clinicalbert_pool,rf,2,1,auroc,0.5487578759421086
4042,4042,3706.0,3706.0,,,,new_hypertension,new_hypertension,clinicalbert_type2_clinicalbert_pool,rf,2,1,auprc,0.1390662531536184
4043,4043,3707.0,3707.0,,,,new_hypertension,new_hypertension,clinicalbert_type2_clinicalbert_pool,rf,2,1,brier,0.4032233704292527
4044,4044,3708.0,3708.0,,,,new_hypertension,new_hypertension,clinicalbert_type2_clinicalbert_pool,rf,3,1,auroc,0.4926577048317224
4045,4045,3709.0,3709.0,,,,new_hypertension,new_hypertension,clinicalbert_type2_clinicalbert_pool,rf,3,1,auprc,0.1246139121949359
4046,4046,3710.0,3710.0,,,,new_hypertension,new_hypertension,clinicalbert_type2_clinicalbert_pool,rf,3,1,brier,0.2270539657304363
4047,4047,3711.0,3711.0,,,,new_hypertension,new_hypertension,clinicalbert_type2_clinicalbert_pool,rf,4,1,auroc,0.4933272672126175
4048,4048,3712.0,3712.0,,,,new_hypertension,new_hypertension,clinicalbert_type2_clinicalbert_pool,rf,4,1,auprc,0.1341514624623688
4049,4049,3713.0,3713.0,,,,new_hypertension,new_hypertension,clinicalbert_type2_clinicalbert_pool,rf,4,1,brier,0.3129551669316375
4050,4050,3714.0,3714.0,,,,new_hypertension,new_hypertension,clinicalbert_type2_clinicalbert_pool,rf,0,2,auroc,0.5330975558111719
4051,4051,3715.0,3715.0,,,,new_hypertension,new_hypertension,clinicalbert_type2_clinicalbert_pool,rf,0,2,auprc,0.1451637107173792
4052,4052,3716.0,3716.0,,,,new_hypertension,new_hypertension,clinicalbert_type2_clinicalbert_pool,rf,0,2,brier,0.2307923688394276
4053,4053,3717.0,3717.0,,,,new_hypertension,new_hypertension,clinicalbert_type2_clinicalbert_pool,rf,1,2,auroc,0.5359532107519129
4054,4054,3718.0,3718.0,,,,new_hypertension,new_hypertension,clinicalbert_type2_clinicalbert_pool,rf,1,2,auprc,0.1357603828286748
4055,4055,3719.0,3719.0,,,,new_hypertension,new_hypertension,clinicalbert_type2_clinicalbert_pool,rf,1,2,brier,0.2506680445151034
4056,4056,3720.0,3720.0,,,,new_hypertension,new_hypertension,clinicalbert_type2_clinicalbert_pool,rf,2,2,auroc,0.5444887004194781
4057,4057,3721.0,3721.0,,,,new_hypertension,new_hypertension,clinicalbert_type2_clinicalbert_pool,rf,2,2,auprc,0.1431311815496428
4058,4058,3722.0,3722.0,,,,new_hypertension,new_hypertension,clinicalbert_type2_clinicalbert_pool,rf,2,2,brier,0.4270747217806041
4059,4059,3723.0,3723.0,,,,new_hypertension,new_hypertension,clinicalbert_type2_clinicalbert_pool,rf,3,2,auroc,0.4718898255131881
4060,4060,3724.0,3724.0,,,,new_hypertension,new_hypertension,clinicalbert_type2_clinicalbert_pool,rf,3,2,auprc,0.1198884930165088
4061,4061,3725.0,3725.0,,,,new_hypertension,new_hypertension,clinicalbert_type2_clinicalbert_pool,rf,3,2,brier,0.4093640699523053
4062,4062,3726.0,3726.0,,,,new_hypertension,new_hypertension,clinicalbert_type2_clinicalbert_pool,rf,4,2,auroc,0.5036225041633045
4063,4063,3727.0,3727.0,,,,new_hypertension,new_hypertension,clinicalbert_type2_clinicalbert_pool,rf,4,2,auprc,0.1264224088735178
4064,4064,3728.0,3728.0,,,,new_hypertension,new_hypertension,clinicalbert_type2_clinicalbert_pool,rf,4,2,brier,0.2191573926868044
4065,4065,3729.0,3729.0,,,,new_hypertension,new_hypertension,clinicalbert_type2_clinicalbert_pool,rf,0,4,auroc,0.578768005219153
4066,4066,3730.0,3730.0,,,,new_hypertension,new_hypertension,clinicalbert_type2_clinicalbert_pool,rf,0,4,auprc,0.1487208601089092
4067,4067,3731.0,3731.0,,,,new_hypertension,new_hypertension,clinicalbert_type2_clinicalbert_pool,rf,0,4,brier,0.3712003179650239
4068,4068,3732.0,3732.0,,,,new_hypertension,new_hypertension,clinicalbert_type2_clinicalbert_pool,rf,1,4,auroc,0.5215290057857057
4069,4069,3733.0,3733.0,,,,new_hypertension,new_hypertension,clinicalbert_type2_clinicalbert_pool,rf,1,4,auprc,0.1345325757767065
4070,4070,3734.0,3734.0,,,,new_hypertension,new_hypertension,clinicalbert_type2_clinicalbert_pool,rf,1,4,brier,0.3664387917329094
4071,4071,3735.0,3735.0,,,,new_hypertension,new_hypertension,clinicalbert_type2_clinicalbert_pool,rf,2,4,auroc,0.583283259223651
4072,4072,3736.0,3736.0,,,,new_hypertension,new_hypertension,clinicalbert_type2_clinicalbert_pool,rf,2,4,auprc,0.1568652815137876
4073,4073,3737.0,3737.0,,,,new_hypertension,new_hypertension,clinicalbert_type2_clinicalbert_pool,rf,2,4,brier,0.3670329888712241
4074,4074,3738.0,3738.0,,,,new_hypertension,new_hypertension,clinicalbert_type2_clinicalbert_pool,rf,3,4,auroc,0.6089641240464458
4075,4075,3739.0,3739.0,,,,new_hypertension,new_hypertension,clinicalbert_type2_clinicalbert_pool,rf,3,4,auprc,0.1964917258187408
4076,4076,3740.0,3740.0,,,,new_hypertension,new_hypertension,clinicalbert_type2_clinicalbert_pool,rf,3,4,brier,0.2756597774244833
4077,4077,3741.0,3741.0,,,,new_hypertension,new_hypertension,clinicalbert_type2_clinicalbert_pool,rf,4,4,auroc,0.4976908681992206
4078,4078,3742.0,3742.0,,,,new_hypertension,new_hypertension,clinicalbert_type2_clinicalbert_pool,rf,4,4,auprc,0.1242668951071916
4079,4079,3743.0,3743.0,,,,new_hypertension,new_hypertension,clinicalbert_type2_clinicalbert_pool,rf,4,4,brier,0.2230862480127186
4080,4080,3744.0,3744.0,,,,new_hypertension,new_hypertension,clinicalbert_type2_clinicalbert_pool,rf,0,8,auroc,0.6104634859592196
4081,4081,3745.0,3745.0,,,,new_hypertension,new_hypertension,clinicalbert_type2_clinicalbert_pool,rf,0,8,auprc,0.1660419624277766
4082,4082,3746.0,3746.0,,,,new_hypertension,new_hypertension,clinicalbert_type2_clinicalbert_pool,rf,0,8,brier,0.2215529411764706
4083,4083,3747.0,3747.0,,,,new_hypertension,new_hypertension,clinicalbert_type2_clinicalbert_pool,rf,1,8,auroc,0.5092594182246869
4084,4084,3748.0,3748.0,,,,new_hypertension,new_hypertension,clinicalbert_type2_clinicalbert_pool,rf,1,8,auprc,0.1256273091785411
4085,4085,3749.0,3749.0,,,,new_hypertension,new_hypertension,clinicalbert_type2_clinicalbert_pool,rf,1,8,brier,0.3180822734499205
4086,4086,3750.0,3750.0,,,,new_hypertension,new_hypertension,clinicalbert_type2_clinicalbert_pool,rf,2,8,auroc,0.5154714692029919
4087,4087,3751.0,3751.0,,,,new_hypertension,new_hypertension,clinicalbert_type2_clinicalbert_pool,rf,2,8,auprc,0.1333481509429727
4088,4088,3752.0,3752.0,,,,new_hypertension,new_hypertension,clinicalbert_type2_clinicalbert_pool,rf,2,8,brier,0.3339030206677265
4089,4089,3753.0,3753.0,,,,new_hypertension,new_hypertension,clinicalbert_type2_clinicalbert_pool,rf,3,8,auroc,0.6029723991507432
4090,4090,3754.0,3754.0,,,,new_hypertension,new_hypertension,clinicalbert_type2_clinicalbert_pool,rf,3,8,auprc,0.1791715556697133
4091,4091,3755.0,3755.0,,,,new_hypertension,new_hypertension,clinicalbert_type2_clinicalbert_pool,rf,3,8,brier,0.3062400635930047
4092,4092,3756.0,3756.0,,,,new_hypertension,new_hypertension,clinicalbert_type2_clinicalbert_pool,rf,4,8,auroc,0.5563891702576956
4093,4093,3757.0,3757.0,,,,new_hypertension,new_hypertension,clinicalbert_type2_clinicalbert_pool,rf,4,8,auprc,0.1435569390345425
4094,4094,3758.0,3758.0,,,,new_hypertension,new_hypertension,clinicalbert_type2_clinicalbert_pool,rf,4,8,brier,0.237370747217806
4095,4095,3759.0,3759.0,,,,new_hypertension,new_hypertension,clinicalbert_type2_clinicalbert_pool,rf,0,12,auroc,0.6143578210036568
4096,4096,3760.0,3760.0,,,,new_hypertension,new_hypertension,clinicalbert_type2_clinicalbert_pool,rf,0,12,auprc,0.1712617757122956
4097,4097,3761.0,3761.0,,,,new_hypertension,new_hypertension,clinicalbert_type2_clinicalbert_pool,rf,0,12,brier,0.252503974562798
4098,4098,3762.0,3762.0,,,,new_hypertension,new_hypertension,clinicalbert_type2_clinicalbert_pool,rf,1,12,auroc,0.5425744387407649
4099,4099,3763.0,3763.0,,,,new_hypertension,new_hypertension,clinicalbert_type2_clinicalbert_pool,rf,1,12,auprc,0.1548545147154112
4100,4100,3764.0,3764.0,,,,new_hypertension,new_hypertension,clinicalbert_type2_clinicalbert_pool,rf,1,12,brier,0.2779173290937997
4101,4101,3765.0,3765.0,,,,new_hypertension,new_hypertension,clinicalbert_type2_clinicalbert_pool,rf,2,12,auroc,0.5793402807583795
4102,4102,3766.0,3766.0,,,,new_hypertension,new_hypertension,clinicalbert_type2_clinicalbert_pool,rf,2,12,auprc,0.1618105761279045
4103,4103,3767.0,3767.0,,,,new_hypertension,new_hypertension,clinicalbert_type2_clinicalbert_pool,rf,2,12,brier,0.2506395351003577
4104,4104,3768.0,3768.0,,,,new_hypertension,new_hypertension,clinicalbert_type2_clinicalbert_pool,rf,3,12,auroc,0.5660148448274875
4105,4105,3769.0,3769.0,,,,new_hypertension,new_hypertension,clinicalbert_type2_clinicalbert_pool,rf,3,12,auprc,0.1492531436223504
4106,4106,3770.0,3770.0,,,,new_hypertension,new_hypertension,clinicalbert_type2_clinicalbert_pool,rf,3,12,brier,0.309785373608903
4107,4107,3771.0,3771.0,,,,new_hypertension,new_hypertension,clinicalbert_type2_clinicalbert_pool,rf,4,12,auroc,0.4703847408450221
4108,4108,3772.0,3772.0,,,,new_hypertension,new_hypertension,clinicalbert_type2_clinicalbert_pool,rf,4,12,auprc,0.1197779018341534
4109,4109,3773.0,3773.0,,,,new_hypertension,new_hypertension,clinicalbert_type2_clinicalbert_pool,rf,4,12,brier,0.2513672496025437
4110,4110,3774.0,3774.0,,,,new_hypertension,new_hypertension,clinicalbert_type2_clinicalbert_pool,rf,0,16,auroc,0.6421904418539439
4111,4111,3775.0,3775.0,,,,new_hypertension,new_hypertension,clinicalbert_type2_clinicalbert_pool,rf,0,16,auprc,0.1738307080333842
4112,4112,3776.0,3776.0,,,,new_hypertension,new_hypertension,clinicalbert_type2_clinicalbert_pool,rf,0,16,brier,0.2579640699523053
4113,4113,3777.0,3777.0,,,,new_hypertension,new_hypertension,clinicalbert_type2_clinicalbert_pool,rf,1,16,auroc,0.4888148745858156
4114,4114,3778.0,3778.0,,,,new_hypertension,new_hypertension,clinicalbert_type2_clinicalbert_pool,rf,1,16,auprc,0.1244347047421858
4115,4115,3779.0,3779.0,,,,new_hypertension,new_hypertension,clinicalbert_type2_clinicalbert_pool,rf,1,16,brier,0.295981414516893
4116,4116,3780.0,3780.0,,,,new_hypertension,new_hypertension,clinicalbert_type2_clinicalbert_pool,rf,2,16,auroc,0.5961823498778192
4117,4117,3781.0,3781.0,,,,new_hypertension,new_hypertension,clinicalbert_type2_clinicalbert_pool,rf,2,16,auprc,0.1937386193955679
4118,4118,3782.0,3782.0,,,,new_hypertension,new_hypertension,clinicalbert_type2_clinicalbert_pool,rf,2,16,brier,0.2101907790143083
4119,4119,3783.0,3783.0,,,,new_hypertension,new_hypertension,clinicalbert_type2_clinicalbert_pool,rf,3,16,auroc,0.5564292295454415
4120,4120,3784.0,3784.0,,,,new_hypertension,new_hypertension,clinicalbert_type2_clinicalbert_pool,rf,3,16,auprc,0.1379240784702365
4121,4121,3785.0,3785.0,,,,new_hypertension,new_hypertension,clinicalbert_type2_clinicalbert_pool,rf,3,16,brier,0.3193640699523052
4122,4122,3786.0,3786.0,,,,new_hypertension,new_hypertension,clinicalbert_type2_clinicalbert_pool,rf,4,16,auroc,0.5870660005379389
4123,4123,3787.0,3787.0,,,,new_hypertension,new_hypertension,clinicalbert_type2_clinicalbert_pool,rf,4,16,auprc,0.1731241883492293
4124,4124,3788.0,3788.0,,,,new_hypertension,new_hypertension,clinicalbert_type2_clinicalbert_pool,rf,4,16,brier,0.2818899046104928
4125,4125,3789.0,3789.0,,,,new_hypertension,new_hypertension,clinicalbert_type2_clinicalbert_pool,rf,0,24,auroc,0.6313658500294721
4126,4126,3790.0,3790.0,,,,new_hypertension,new_hypertension,clinicalbert_type2_clinicalbert_pool,rf,0,24,auprc,0.1714230642157786
4127,4127,3791.0,3791.0,,,,new_hypertension,new_hypertension,clinicalbert_type2_clinicalbert_pool,rf,0,24,brier,0.2536963434022257
4128,4128,3792.0,3792.0,,,,new_hypertension,new_hypertension,clinicalbert_type2_clinicalbert_pool,rf,1,24,auroc,0.5465775061376551
4129,4129,3793.0,3793.0,,,,new_hypertension,new_hypertension,clinicalbert_type2_clinicalbert_pool,rf,1,24,auprc,0.1471235147331655
4130,4130,3794.0,3794.0,,,,new_hypertension,new_hypertension,clinicalbert_type2_clinicalbert_pool,rf,1,24,brier,0.2432947535771065
4131,4131,3795.0,3795.0,,,,new_hypertension,new_hypertension,clinicalbert_type2_clinicalbert_pool,rf,2,24,auroc,0.5788366782838602
4132,4132,3796.0,3796.0,,,,new_hypertension,new_hypertension,clinicalbert_type2_clinicalbert_pool,rf,2,24,auprc,0.1575419910591684
4133,4133,3797.0,3797.0,,,,new_hypertension,new_hypertension,clinicalbert_type2_clinicalbert_pool,rf,2,24,brier,0.2607452305246422
4134,4134,3798.0,3798.0,,,,new_hypertension,new_hypertension,clinicalbert_type2_clinicalbert_pool,rf,3,24,auroc,0.5016452921752765
4135,4135,3799.0,3799.0,,,,new_hypertension,new_hypertension,clinicalbert_type2_clinicalbert_pool,rf,3,24,auprc,0.123323472218955
4136,4136,3800.0,3800.0,,,,new_hypertension,new_hypertension,clinicalbert_type2_clinicalbert_pool,rf,3,24,brier,0.2689566772655008
4137,4137,3801.0,3801.0,,,,new_hypertension,new_hypertension,clinicalbert_type2_clinicalbert_pool,rf,4,24,auroc,0.587214792178138
4138,4138,3802.0,3802.0,,,,new_hypertension,new_hypertension,clinicalbert_type2_clinicalbert_pool,rf,4,24,auprc,0.1626401553116304
4139,4139,3803.0,3803.0,,,,new_hypertension,new_hypertension,clinicalbert_type2_clinicalbert_pool,rf,4,24,brier,0.2455405405405405
4140,4140,3804.0,3804.0,,,,new_hypertension,new_hypertension,clinicalbert_type2_clinicalbert_pool,rf,0,32,auroc,0.6405537338117557
4141,4141,3805.0,3805.0,,,,new_hypertension,new_hypertension,clinicalbert_type2_clinicalbert_pool,rf,0,32,auprc,0.1862613797144548
4142,4142,3806.0,3806.0,,,,new_hypertension,new_hypertension,clinicalbert_type2_clinicalbert_pool,rf,0,32,brier,0.2540637492786904
4143,4143,3807.0,3807.0,,,,new_hypertension,new_hypertension,clinicalbert_type2_clinicalbert_pool,rf,1,32,auroc,0.5308914336074533
4144,4144,3808.0,3808.0,,,,new_hypertension,new_hypertension,clinicalbert_type2_clinicalbert_pool,rf,1,32,auprc,0.1401256728478849
4145,4145,3809.0,3809.0,,,,new_hypertension,new_hypertension,clinicalbert_type2_clinicalbert_pool,rf,1,32,brier,0.2592130365659778
4146,4146,3810.0,3810.0,,,,new_hypertension,new_hypertension,clinicalbert_type2_clinicalbert_pool,rf,2,32,auroc,0.6248419088822886
4147,4147,3811.0,3811.0,,,,new_hypertension,new_hypertension,clinicalbert_type2_clinicalbert_pool,rf,2,32,auprc,0.1756238708832831
4148,4148,3812.0,3812.0,,,,new_hypertension,new_hypertension,clinicalbert_type2_clinicalbert_pool,rf,2,32,brier,0.2244899841017488
4149,4149,3813.0,3813.0,,,,new_hypertension,new_hypertension,clinicalbert_type2_clinicalbert_pool,rf,3,32,auroc,0.5426373890500797
4150,4150,3814.0,3814.0,,,,new_hypertension,new_hypertension,clinicalbert_type2_clinicalbert_pool,rf,3,32,auprc,0.1523157250657485
4151,4151,3815.0,3815.0,,,,new_hypertension,new_hypertension,clinicalbert_type2_clinicalbert_pool,rf,3,32,brier,0.2898589030206677
4152,4152,3816.0,3816.0,,,,new_hypertension,new_hypertension,clinicalbert_type2_clinicalbert_pool,rf,4,32,auroc,0.5196519420170425
4153,4153,3817.0,3817.0,,,,new_hypertension,new_hypertension,clinicalbert_type2_clinicalbert_pool,rf,4,32,auprc,0.1308393890530322
4154,4154,3818.0,3818.0,,,,new_hypertension,new_hypertension,clinicalbert_type2_clinicalbert_pool,rf,4,32,brier,0.2514149443561208
4155,4155,3819.0,3819.0,,,,new_hypertension,new_hypertension,clinicalbert_type2_clinicalbert_pool,rf,0,48,auroc,0.6169187540416959
4156,4156,3820.0,3820.0,,,,new_hypertension,new_hypertension,clinicalbert_type2_clinicalbert_pool,rf,0,48,auprc,0.1670879186770427
4157,4157,3821.0,3821.0,,,,new_hypertension,new_hypertension,clinicalbert_type2_clinicalbert_pool,rf,0,48,brier,0.2462130637881094
4158,4158,3822.0,3822.0,,,,new_hypertension,new_hypertension,clinicalbert_type2_clinicalbert_pool,rf,1,48,auroc,0.5125128046651902
4159,4159,3823.0,3823.0,,,,new_hypertension,new_hypertension,clinicalbert_type2_clinicalbert_pool,rf,1,48,auprc,0.1284298868874038
4160,4160,3824.0,3824.0,,,,new_hypertension,new_hypertension,clinicalbert_type2_clinicalbert_pool,rf,1,48,brier,0.263966613672496
4161,4161,3825.0,3825.0,,,,new_hypertension,new_hypertension,clinicalbert_type2_clinicalbert_pool,rf,2,48,auroc,0.615133254359309
4162,4162,3826.0,3826.0,,,,new_hypertension,new_hypertension,clinicalbert_type2_clinicalbert_pool,rf,2,48,auprc,0.1588425675385338
4163,4163,3827.0,3827.0,,,,new_hypertension,new_hypertension,clinicalbert_type2_clinicalbert_pool,rf,2,48,brier,0.2401806041335453
4164,4164,3828.0,3828.0,,,,new_hypertension,new_hypertension,clinicalbert_type2_clinicalbert_pool,rf,3,48,auroc,0.5931063688544761
4165,4165,3829.0,3829.0,,,,new_hypertension,new_hypertension,clinicalbert_type2_clinicalbert_pool,rf,3,48,auprc,0.1642091314024224
4166,4166,3830.0,3830.0,,,,new_hypertension,new_hypertension,clinicalbert_type2_clinicalbert_pool,rf,3,48,brier,0.2679081081081081
4167,4167,3831.0,3831.0,,,,new_hypertension,new_hypertension,clinicalbert_type2_clinicalbert_pool,rf,4,48,auroc,0.6286360957073611
4168,4168,3832.0,3832.0,,,,new_hypertension,new_hypertension,clinicalbert_type2_clinicalbert_pool,rf,4,48,auprc,0.1736922051447947
4169,4169,3833.0,3833.0,,,,new_hypertension,new_hypertension,clinicalbert_type2_clinicalbert_pool,rf,4,48,brier,0.2580153190838063
4170,4170,3834.0,3834.0,,,,new_hypertension,new_hypertension,clinicalbert_type2_clinicalbert_pool,rf,0,64,auroc,0.6469603584733978
4171,4171,3835.0,3835.0,,,,new_hypertension,new_hypertension,clinicalbert_type2_clinicalbert_pool,rf,0,64,auprc,0.1837477361989586
4172,4172,3836.0,3836.0,,,,new_hypertension,new_hypertension,clinicalbert_type2_clinicalbert_pool,rf,0,64,brier,0.2350667726550079
4173,4173,3837.0,3837.0,,,,new_hypertension,new_hypertension,clinicalbert_type2_clinicalbert_pool,rf,1,64,auroc,0.6130616169073084
4174,4174,3838.0,3838.0,,,,new_hypertension,new_hypertension,clinicalbert_type2_clinicalbert_pool,rf,1,64,auprc,0.1899583787307129
4175,4175,3839.0,3839.0,,,,new_hypertension,new_hypertension,clinicalbert_type2_clinicalbert_pool,rf,1,64,brier,0.237189488667186
4176,4176,3840.0,3840.0,,,,new_hypertension,new_hypertension,clinicalbert_type2_clinicalbert_pool,rf,2,64,auroc,0.6350055224589536
4177,4177,3841.0,3841.0,,,,new_hypertension,new_hypertension,clinicalbert_type2_clinicalbert_pool,rf,2,64,auprc,0.1772553590341722
4178,4178,3842.0,3842.0,,,,new_hypertension,new_hypertension,clinicalbert_type2_clinicalbert_pool,rf,2,64,brier,0.2359060097717484
4179,4179,3843.0,3843.0,,,,new_hypertension,new_hypertension,clinicalbert_type2_clinicalbert_pool,rf,3,64,auroc,0.5928202310848627
4180,4180,3844.0,3844.0,,,,new_hypertension,new_hypertension,clinicalbert_type2_clinicalbert_pool,rf,3,64,auprc,0.1766376162218459
4181,4181,3845.0,3845.0,,,,new_hypertension,new_hypertension,clinicalbert_type2_clinicalbert_pool,rf,3,64,brier,0.2597375040124502
4182,4182,3846.0,3846.0,,,,new_hypertension,new_hypertension,clinicalbert_type2_clinicalbert_pool,rf,4,64,auroc,0.6043115239125334
4183,4183,3847.0,3847.0,,,,new_hypertension,new_hypertension,clinicalbert_type2_clinicalbert_pool,rf,4,64,auprc,0.1707802938341658
4184,4184,3848.0,3848.0,,,,new_hypertension,new_hypertension,clinicalbert_type2_clinicalbert_pool,rf,4,64,brier,0.2352015570523632
4185,4185,3849.0,3849.0,,,,new_hypertension,new_hypertension,clinicalbert_type2_clinicalbert_pool,rf,0,128,auroc,0.6541338323576036
4186,4186,3850.0,3850.0,,,,new_hypertension,new_hypertension,clinicalbert_type2_clinicalbert_pool,rf,0,128,auprc,0.226856667696259
4187,4187,3851.0,3851.0,,,,new_hypertension,new_hypertension,clinicalbert_type2_clinicalbert_pool,rf,0,128,brier,0.2197263477181109
4188,4188,3852.0,3852.0,,,,new_hypertension,new_hypertension,clinicalbert_type2_clinicalbert_pool,rf,1,128,auroc,0.6424565499796842
4189,4189,3853.0,3853.0,,,,new_hypertension,new_hypertension,clinicalbert_type2_clinicalbert_pool,rf,1,128,auprc,0.2034177196387991
4190,4190,3854.0,3854.0,,,,new_hypertension,new_hypertension,clinicalbert_type2_clinicalbert_pool,rf,1,128,brier,0.2246957267461114
4191,4191,3855.0,3855.0,,,,new_hypertension,new_hypertension,clinicalbert_type2_clinicalbert_pool,rf,2,128,auroc,0.6220949862940008
4192,4192,3856.0,3856.0,,,,new_hypertension,new_hypertension,clinicalbert_type2_clinicalbert_pool,rf,2,128,auprc,0.1947658510850327
4193,4193,3857.0,3857.0,,,,new_hypertension,new_hypertension,clinicalbert_type2_clinicalbert_pool,rf,2,128,brier,0.239147746319475
4194,4194,3858.0,3858.0,,,,new_hypertension,new_hypertension,clinicalbert_type2_clinicalbert_pool,rf,3,128,auroc,0.6334002895714229
4195,4195,3859.0,3859.0,,,,new_hypertension,new_hypertension,clinicalbert_type2_clinicalbert_pool,rf,3,128,auprc,0.1832332535740303
4196,4196,3860.0,3860.0,,,,new_hypertension,new_hypertension,clinicalbert_type2_clinicalbert_pool,rf,3,128,brier,0.2368062273223722
4197,4197,3861.0,3861.0,,,,new_hypertension,new_hypertension,clinicalbert_type2_clinicalbert_pool,rf,4,128,auroc,0.5859157267040935
4198,4198,3862.0,3862.0,,,,new_hypertension,new_hypertension,clinicalbert_type2_clinicalbert_pool,rf,4,128,auprc,0.1671000388760319
4199,4199,3863.0,3863.0,,,,new_hypertension,new_hypertension,clinicalbert_type2_clinicalbert_pool,rf,4,128,brier,0.2263514018452948
4200,4200,3864.0,3864.0,840.0,840.0,,new_hypertension,new_hypertension,clinicalbert_type3_max_pool,lr_lbfgs,0,-1,auroc,0.6388197389278991
4201,4201,3865.0,3865.0,841.0,841.0,,new_hypertension,new_hypertension,clinicalbert_type3_max_pool,lr_lbfgs,0,-1,auprc,0.1800524493553113
4202,4202,3866.0,3866.0,842.0,842.0,,new_hypertension,new_hypertension,clinicalbert_type3_max_pool,lr_lbfgs,0,-1,brier,0.1114687070790172
4203,4203,3867.0,3867.0,843.0,843.0,,new_hypertension,new_hypertension,clinicalbert_type3_max_pool,lr_lbfgs,0,1,auroc,0.5971180203844548
4204,4204,3868.0,3868.0,844.0,844.0,,new_hypertension,new_hypertension,clinicalbert_type3_max_pool,lr_lbfgs,0,1,auprc,0.1626012728987113
4205,4205,3869.0,3869.0,845.0,845.0,,new_hypertension,new_hypertension,clinicalbert_type3_max_pool,lr_lbfgs,0,1,brier,0.2499986600290586
4206,4206,3870.0,3870.0,846.0,846.0,,new_hypertension,new_hypertension,clinicalbert_type3_max_pool,lr_lbfgs,1,1,auroc,0.6010667216051184
4207,4207,3871.0,3871.0,847.0,847.0,,new_hypertension,new_hypertension,clinicalbert_type3_max_pool,lr_lbfgs,1,1,auprc,0.1695639224474071
4208,4208,3872.0,3872.0,848.0,848.0,,new_hypertension,new_hypertension,clinicalbert_type3_max_pool,lr_lbfgs,1,1,brier,0.2499982234885219
4209,4209,3873.0,3873.0,849.0,849.0,,new_hypertension,new_hypertension,clinicalbert_type3_max_pool,lr_lbfgs,2,1,auroc,0.4132630578971163
4210,4210,3874.0,3874.0,850.0,850.0,,new_hypertension,new_hypertension,clinicalbert_type3_max_pool,lr_lbfgs,2,1,auprc,0.1009313058490571
4211,4211,3875.0,3875.0,851.0,851.0,,new_hypertension,new_hypertension,clinicalbert_type3_max_pool,lr_lbfgs,2,1,brier,0.2499971341455871
4212,4212,3876.0,3876.0,852.0,852.0,,new_hypertension,new_hypertension,clinicalbert_type3_max_pool,lr_lbfgs,3,1,auroc,0.488288381089727
4213,4213,3877.0,3877.0,853.0,853.0,,new_hypertension,new_hypertension,clinicalbert_type3_max_pool,lr_lbfgs,3,1,auprc,0.1317937380064404
4214,4214,3878.0,3878.0,854.0,854.0,,new_hypertension,new_hypertension,clinicalbert_type3_max_pool,lr_lbfgs,3,1,brier,0.249998081040283
4215,4215,3879.0,3879.0,855.0,855.0,,new_hypertension,new_hypertension,clinicalbert_type3_max_pool,lr_lbfgs,4,1,auroc,0.4440228681305476
4216,4216,3880.0,3880.0,856.0,856.0,,new_hypertension,new_hypertension,clinicalbert_type3_max_pool,lr_lbfgs,4,1,auprc,0.1064666015788521
4217,4217,3881.0,3881.0,857.0,857.0,,new_hypertension,new_hypertension,clinicalbert_type3_max_pool,lr_lbfgs,4,1,brier,0.2500039547389955
4218,4218,3882.0,3882.0,858.0,858.0,,new_hypertension,new_hypertension,clinicalbert_type3_max_pool,lr_lbfgs,0,2,auroc,0.6069096548606223
4219,4219,3883.0,3883.0,859.0,859.0,,new_hypertension,new_hypertension,clinicalbert_type3_max_pool,lr_lbfgs,0,2,auprc,0.1655322543706333
4220,4220,3884.0,3884.0,860.0,860.0,,new_hypertension,new_hypertension,clinicalbert_type3_max_pool,lr_lbfgs,0,2,brier,0.2499991176765593
4221,4221,3885.0,3885.0,861.0,861.0,,new_hypertension,new_hypertension,clinicalbert_type3_max_pool,lr_lbfgs,1,2,auroc,0.526178744541922
4222,4222,3886.0,3886.0,862.0,862.0,,new_hypertension,new_hypertension,clinicalbert_type3_max_pool,lr_lbfgs,1,2,auprc,0.1237251888501323
4223,4223,3887.0,3887.0,863.0,863.0,,new_hypertension,new_hypertension,clinicalbert_type3_max_pool,lr_lbfgs,1,2,brier,0.2500030460708018
4224,4224,3888.0,3888.0,864.0,864.0,,new_hypertension,new_hypertension,clinicalbert_type3_max_pool,lr_lbfgs,2,2,auroc,0.4353815074882254
4225,4225,3889.0,3889.0,865.0,865.0,,new_hypertension,new_hypertension,clinicalbert_type3_max_pool,lr_lbfgs,2,2,auprc,0.1051078504492813
4226,4226,3890.0,3890.0,866.0,866.0,,new_hypertension,new_hypertension,clinicalbert_type3_max_pool,lr_lbfgs,2,2,brier,0.2500032697798057
4227,4227,3891.0,3891.0,867.0,867.0,,new_hypertension,new_hypertension,clinicalbert_type3_max_pool,lr_lbfgs,3,2,auroc,0.5955671536731505
4228,4228,3892.0,3892.0,868.0,868.0,,new_hypertension,new_hypertension,clinicalbert_type3_max_pool,lr_lbfgs,3,2,auprc,0.1856805459452556
4229,4229,3893.0,3893.0,869.0,869.0,,new_hypertension,new_hypertension,clinicalbert_type3_max_pool,lr_lbfgs,3,2,brier,0.2499988575606176
4230,4230,3894.0,3894.0,870.0,870.0,,new_hypertension,new_hypertension,clinicalbert_type3_max_pool,lr_lbfgs,4,2,auroc,0.5633480408146915
4231,4231,3895.0,3895.0,871.0,871.0,,new_hypertension,new_hypertension,clinicalbert_type3_max_pool,lr_lbfgs,4,2,auprc,0.1420260687414118
4232,4232,3896.0,3896.0,872.0,872.0,,new_hypertension,new_hypertension,clinicalbert_type3_max_pool,lr_lbfgs,4,2,brier,0.2500004489301079
4233,4233,3897.0,3897.0,873.0,873.0,,new_hypertension,new_hypertension,clinicalbert_type3_max_pool,lr_lbfgs,0,4,auroc,0.4671256316491264
4234,4234,3898.0,3898.0,874.0,874.0,,new_hypertension,new_hypertension,clinicalbert_type3_max_pool,lr_lbfgs,0,4,auprc,0.1114904282887817
4235,4235,3899.0,3899.0,875.0,875.0,,new_hypertension,new_hypertension,clinicalbert_type3_max_pool,lr_lbfgs,0,4,brier,0.250005803216821
4236,4236,3900.0,3900.0,876.0,876.0,,new_hypertension,new_hypertension,clinicalbert_type3_max_pool,lr_lbfgs,1,4,auroc,0.4436108297423043
4237,4237,3901.0,3901.0,877.0,877.0,,new_hypertension,new_hypertension,clinicalbert_type3_max_pool,lr_lbfgs,1,4,auprc,0.1072960002820712
4238,4238,3902.0,3902.0,878.0,878.0,,new_hypertension,new_hypertension,clinicalbert_type3_max_pool,lr_lbfgs,1,4,brier,0.2500022856083451
4239,4239,3903.0,3903.0,879.0,879.0,,new_hypertension,new_hypertension,clinicalbert_type3_max_pool,lr_lbfgs,2,4,auroc,0.4386148642848559
4240,4240,3904.0,3904.0,880.0,880.0,,new_hypertension,new_hypertension,clinicalbert_type3_max_pool,lr_lbfgs,2,4,auprc,0.1058559738930547
4241,4241,3905.0,3905.0,881.0,881.0,,new_hypertension,new_hypertension,clinicalbert_type3_max_pool,lr_lbfgs,2,4,brier,0.378653496025852
4242,4242,3906.0,3906.0,882.0,882.0,,new_hypertension,new_hypertension,clinicalbert_type3_max_pool,lr_lbfgs,3,4,auroc,0.6273341688556205
4243,4243,3907.0,3907.0,883.0,883.0,,new_hypertension,new_hypertension,clinicalbert_type3_max_pool,lr_lbfgs,3,4,auprc,0.1846751753031362
4244,4244,3908.0,3908.0,884.0,884.0,,new_hypertension,new_hypertension,clinicalbert_type3_max_pool,lr_lbfgs,3,4,brier,0.2572080830457939
4245,4245,3909.0,3909.0,885.0,885.0,,new_hypertension,new_hypertension,clinicalbert_type3_max_pool,lr_lbfgs,4,4,auroc,0.6263670231943276
4246,4246,3910.0,3910.0,886.0,886.0,,new_hypertension,new_hypertension,clinicalbert_type3_max_pool,lr_lbfgs,4,4,auprc,0.1704038663161105
4247,4247,3911.0,3911.0,887.0,887.0,,new_hypertension,new_hypertension,clinicalbert_type3_max_pool,lr_lbfgs,4,4,brier,0.2231231582221366
4248,4248,3912.0,3912.0,888.0,888.0,,new_hypertension,new_hypertension,clinicalbert_type3_max_pool,lr_lbfgs,0,8,auroc,0.5877670380734916
4249,4249,3913.0,3913.0,889.0,889.0,,new_hypertension,new_hypertension,clinicalbert_type3_max_pool,lr_lbfgs,0,8,auprc,0.1582663771283285
4250,4250,3914.0,3914.0,890.0,890.0,,new_hypertension,new_hypertension,clinicalbert_type3_max_pool,lr_lbfgs,0,8,brier,0.2602917737093904
4251,4251,3915.0,3915.0,891.0,891.0,,new_hypertension,new_hypertension,clinicalbert_type3_max_pool,lr_lbfgs,1,8,auroc,0.4385290229539719
4252,4252,3916.0,3916.0,892.0,892.0,,new_hypertension,new_hypertension,clinicalbert_type3_max_pool,lr_lbfgs,1,8,auprc,0.1056924302706207
4253,4253,3917.0,3917.0,893.0,893.0,,new_hypertension,new_hypertension,clinicalbert_type3_max_pool,lr_lbfgs,1,8,brier,0.2500059799305056
4254,4254,3918.0,3918.0,894.0,894.0,,new_hypertension,new_hypertension,clinicalbert_type3_max_pool,lr_lbfgs,2,8,auroc,0.460281216199976
4255,4255,3919.0,3919.0,895.0,895.0,,new_hypertension,new_hypertension,clinicalbert_type3_max_pool,lr_lbfgs,2,8,auprc,0.1114010107301211
4256,4256,3920.0,3920.0,896.0,896.0,,new_hypertension,new_hypertension,clinicalbert_type3_max_pool,lr_lbfgs,2,8,brier,0.3004820397303812
4257,4257,3921.0,3921.0,897.0,897.0,,new_hypertension,new_hypertension,clinicalbert_type3_max_pool,lr_lbfgs,3,8,auroc,0.572430053622218
4258,4258,3922.0,3922.0,898.0,898.0,,new_hypertension,new_hypertension,clinicalbert_type3_max_pool,lr_lbfgs,3,8,auprc,0.1585004550981664
4259,4259,3923.0,3923.0,899.0,899.0,,new_hypertension,new_hypertension,clinicalbert_type3_max_pool,lr_lbfgs,3,8,brier,0.5682724507833272
4260,4260,3924.0,3924.0,900.0,900.0,,new_hypertension,new_hypertension,clinicalbert_type3_max_pool,lr_lbfgs,4,8,auroc,0.5507694244624902
4261,4261,3925.0,3925.0,901.0,901.0,,new_hypertension,new_hypertension,clinicalbert_type3_max_pool,lr_lbfgs,4,8,auprc,0.1388841675049743
4262,4262,3926.0,3926.0,902.0,902.0,,new_hypertension,new_hypertension,clinicalbert_type3_max_pool,lr_lbfgs,4,8,brier,0.2495182319967821
4263,4263,3927.0,3927.0,903.0,903.0,,new_hypertension,new_hypertension,clinicalbert_type3_max_pool,lr_lbfgs,0,12,auroc,0.5461168243285777
4264,4264,3928.0,3928.0,904.0,904.0,,new_hypertension,new_hypertension,clinicalbert_type3_max_pool,lr_lbfgs,0,12,auprc,0.1400760650292421
4265,4265,3929.0,3929.0,905.0,905.0,,new_hypertension,new_hypertension,clinicalbert_type3_max_pool,lr_lbfgs,0,12,brier,0.2500022282533593
4266,4266,3930.0,3930.0,906.0,906.0,,new_hypertension,new_hypertension,clinicalbert_type3_max_pool,lr_lbfgs,1,12,auroc,0.4411385994128453
4267,4267,3931.0,3931.0,907.0,907.0,,new_hypertension,new_hypertension,clinicalbert_type3_max_pool,lr_lbfgs,1,12,auprc,0.1060487183426999
4268,4268,3932.0,3932.0,908.0,908.0,,new_hypertension,new_hypertension,clinicalbert_type3_max_pool,lr_lbfgs,1,12,brier,0.2500087991285238
4269,4269,3933.0,3933.0,909.0,909.0,,new_hypertension,new_hypertension,clinicalbert_type3_max_pool,lr_lbfgs,2,12,auroc,0.5486005001688212
4270,4270,3934.0,3934.0,910.0,910.0,,new_hypertension,new_hypertension,clinicalbert_type3_max_pool,lr_lbfgs,2,12,auprc,0.1406875291377687
4271,4271,3935.0,3935.0,911.0,911.0,,new_hypertension,new_hypertension,clinicalbert_type3_max_pool,lr_lbfgs,2,12,brier,0.4293331097040334
4272,4272,3936.0,3936.0,912.0,912.0,,new_hypertension,new_hypertension,clinicalbert_type3_max_pool,lr_lbfgs,3,12,auroc,0.5837153272557671
4273,4273,3937.0,3937.0,913.0,913.0,,new_hypertension,new_hypertension,clinicalbert_type3_max_pool,lr_lbfgs,3,12,auprc,0.1492849225261312
4274,4274,3938.0,3938.0,914.0,914.0,,new_hypertension,new_hypertension,clinicalbert_type3_max_pool,lr_lbfgs,3,12,brier,0.5557048701473055
4275,4275,3939.0,3939.0,915.0,915.0,,new_hypertension,new_hypertension,clinicalbert_type3_max_pool,lr_lbfgs,4,12,auroc,0.609290321103805
4276,4276,3940.0,3940.0,916.0,916.0,,new_hypertension,new_hypertension,clinicalbert_type3_max_pool,lr_lbfgs,4,12,auprc,0.2063744809266442
4277,4277,3941.0,3941.0,917.0,917.0,,new_hypertension,new_hypertension,clinicalbert_type3_max_pool,lr_lbfgs,4,12,brier,0.28472339171304
4278,4278,3942.0,3942.0,918.0,918.0,,new_hypertension,new_hypertension,clinicalbert_type3_max_pool,lr_lbfgs,0,16,auroc,0.5726303500609473
4279,4279,3943.0,3943.0,919.0,919.0,,new_hypertension,new_hypertension,clinicalbert_type3_max_pool,lr_lbfgs,0,16,auprc,0.1644063591716182
4280,4280,3944.0,3944.0,920.0,920.0,,new_hypertension,new_hypertension,clinicalbert_type3_max_pool,lr_lbfgs,0,16,brier,0.3002076821706607
4281,4281,3945.0,3945.0,921.0,921.0,,new_hypertension,new_hypertension,clinicalbert_type3_max_pool,lr_lbfgs,1,16,auroc,0.4772663542042222
4282,4282,3946.0,3946.0,922.0,922.0,,new_hypertension,new_hypertension,clinicalbert_type3_max_pool,lr_lbfgs,1,16,auprc,0.1193587679408827
4283,4283,3947.0,3947.0,923.0,923.0,,new_hypertension,new_hypertension,clinicalbert_type3_max_pool,lr_lbfgs,1,16,brier,0.5135902785766425
4284,4284,3948.0,3948.0,924.0,924.0,,new_hypertension,new_hypertension,clinicalbert_type3_max_pool,lr_lbfgs,2,16,auroc,0.5673711378554547
4285,4285,3949.0,3949.0,925.0,925.0,,new_hypertension,new_hypertension,clinicalbert_type3_max_pool,lr_lbfgs,2,16,auprc,0.1509119805732914
4286,4286,3950.0,3950.0,926.0,926.0,,new_hypertension,new_hypertension,clinicalbert_type3_max_pool,lr_lbfgs,2,16,brier,0.3953368375714884
4287,4287,3951.0,3951.0,927.0,927.0,,new_hypertension,new_hypertension,clinicalbert_type3_max_pool,lr_lbfgs,3,16,auroc,0.6033043189634946
4288,4288,3952.0,3952.0,928.0,928.0,,new_hypertension,new_hypertension,clinicalbert_type3_max_pool,lr_lbfgs,3,16,auprc,0.1663660636000505
4289,4289,3953.0,3953.0,929.0,929.0,,new_hypertension,new_hypertension,clinicalbert_type3_max_pool,lr_lbfgs,3,16,brier,0.3641739850086558
4290,4290,3954.0,3954.0,930.0,930.0,,new_hypertension,new_hypertension,clinicalbert_type3_max_pool,lr_lbfgs,4,16,auroc,0.6449545327084084
4291,4291,3955.0,3955.0,931.0,931.0,,new_hypertension,new_hypertension,clinicalbert_type3_max_pool,lr_lbfgs,4,16,auprc,0.2158950402276197
4292,4292,3956.0,3956.0,932.0,932.0,,new_hypertension,new_hypertension,clinicalbert_type3_max_pool,lr_lbfgs,4,16,brier,0.224188639873283
4293,4293,3957.0,3957.0,933.0,933.0,,new_hypertension,new_hypertension,clinicalbert_type3_max_pool,lr_lbfgs,0,24,auroc,0.5908945238953651
4294,4294,3958.0,3958.0,934.0,934.0,,new_hypertension,new_hypertension,clinicalbert_type3_max_pool,lr_lbfgs,0,24,auprc,0.1555464077988542
4295,4295,3959.0,3959.0,935.0,935.0,,new_hypertension,new_hypertension,clinicalbert_type3_max_pool,lr_lbfgs,0,24,brier,0.4260513495847615
4296,4296,3960.0,3960.0,936.0,936.0,,new_hypertension,new_hypertension,clinicalbert_type3_max_pool,lr_lbfgs,1,24,auroc,0.469437624827602
4297,4297,3961.0,3961.0,937.0,937.0,,new_hypertension,new_hypertension,clinicalbert_type3_max_pool,lr_lbfgs,1,24,auprc,0.1116471217246182
4298,4298,3962.0,3962.0,938.0,938.0,,new_hypertension,new_hypertension,clinicalbert_type3_max_pool,lr_lbfgs,1,24,brier,0.3042359112941388
4299,4299,3963.0,3963.0,939.0,939.0,,new_hypertension,new_hypertension,clinicalbert_type3_max_pool,lr_lbfgs,2,24,auroc,0.5770597627345614
4300,4300,3964.0,3964.0,940.0,940.0,,new_hypertension,new_hypertension,clinicalbert_type3_max_pool,lr_lbfgs,2,24,auprc,0.1549240372512901
4301,4301,3965.0,3965.0,941.0,941.0,,new_hypertension,new_hypertension,clinicalbert_type3_max_pool,lr_lbfgs,2,24,brier,0.3961553702095326
4302,4302,3966.0,3966.0,942.0,942.0,,new_hypertension,new_hypertension,clinicalbert_type3_max_pool,lr_lbfgs,3,24,auroc,0.5917042937833709
4303,4303,3967.0,3967.0,943.0,943.0,,new_hypertension,new_hypertension,clinicalbert_type3_max_pool,lr_lbfgs,3,24,auprc,0.1544557186355365
4304,4304,3968.0,3968.0,944.0,944.0,,new_hypertension,new_hypertension,clinicalbert_type3_max_pool,lr_lbfgs,3,24,brier,0.2375468023661069
4305,4305,3969.0,3969.0,945.0,945.0,,new_hypertension,new_hypertension,clinicalbert_type3_max_pool,lr_lbfgs,4,24,auroc,0.6504655461511609
4306,4306,3970.0,3970.0,946.0,946.0,,new_hypertension,new_hypertension,clinicalbert_type3_max_pool,lr_lbfgs,4,24,auprc,0.2237799004253984
4307,4307,3971.0,3971.0,947.0,947.0,,new_hypertension,new_hypertension,clinicalbert_type3_max_pool,lr_lbfgs,4,24,brier,0.2156417834980934
4308,4308,3972.0,3972.0,948.0,948.0,,new_hypertension,new_hypertension,clinicalbert_type3_max_pool,lr_lbfgs,0,32,auroc,0.5853949559633973
4309,4309,3973.0,3973.0,949.0,949.0,,new_hypertension,new_hypertension,clinicalbert_type3_max_pool,lr_lbfgs,0,32,auprc,0.1602081232042319
4310,4310,3974.0,3974.0,950.0,950.0,,new_hypertension,new_hypertension,clinicalbert_type3_max_pool,lr_lbfgs,0,32,brier,0.4557120803619416
4311,4311,3975.0,3975.0,951.0,951.0,,new_hypertension,new_hypertension,clinicalbert_type3_max_pool,lr_lbfgs,1,32,auroc,0.4774838189091284
4312,4312,3976.0,3976.0,952.0,952.0,,new_hypertension,new_hypertension,clinicalbert_type3_max_pool,lr_lbfgs,1,32,auprc,0.1137983929709649
4313,4313,3977.0,3977.0,953.0,953.0,,new_hypertension,new_hypertension,clinicalbert_type3_max_pool,lr_lbfgs,1,32,brier,0.3137973193968001
4314,4314,3978.0,3978.0,954.0,954.0,,new_hypertension,new_hypertension,clinicalbert_type3_max_pool,lr_lbfgs,2,32,auroc,0.5860502114558117
4315,4315,3979.0,3979.0,955.0,955.0,,new_hypertension,new_hypertension,clinicalbert_type3_max_pool,lr_lbfgs,2,32,auprc,0.1561209476983065
4316,4316,3980.0,3980.0,956.0,956.0,,new_hypertension,new_hypertension,clinicalbert_type3_max_pool,lr_lbfgs,2,32,brier,0.2490326602698066
4317,4317,3981.0,3981.0,957.0,957.0,,new_hypertension,new_hypertension,clinicalbert_type3_max_pool,lr_lbfgs,3,32,auroc,0.5855008269381542
4318,4318,3982.0,3982.0,958.0,958.0,,new_hypertension,new_hypertension,clinicalbert_type3_max_pool,lr_lbfgs,3,32,auprc,0.1784939746025653
4319,4319,3983.0,3983.0,959.0,959.0,,new_hypertension,new_hypertension,clinicalbert_type3_max_pool,lr_lbfgs,3,32,brier,0.2436512645113094
4320,4320,3984.0,3984.0,960.0,960.0,,new_hypertension,new_hypertension,clinicalbert_type3_max_pool,lr_lbfgs,4,32,auroc,0.5801500506463853
4321,4321,3985.0,3985.0,961.0,961.0,,new_hypertension,new_hypertension,clinicalbert_type3_max_pool,lr_lbfgs,4,32,auprc,0.1735999246097944
4322,4322,3986.0,3986.0,962.0,962.0,,new_hypertension,new_hypertension,clinicalbert_type3_max_pool,lr_lbfgs,4,32,brier,0.2344191455929491
4323,4323,3987.0,3987.0,963.0,963.0,,new_hypertension,new_hypertension,clinicalbert_type3_max_pool,lr_lbfgs,0,48,auroc,0.6206957726005917
4324,4324,3988.0,3988.0,964.0,964.0,,new_hypertension,new_hypertension,clinicalbert_type3_max_pool,lr_lbfgs,0,48,auprc,0.1843386999122958
4325,4325,3989.0,3989.0,965.0,965.0,,new_hypertension,new_hypertension,clinicalbert_type3_max_pool,lr_lbfgs,0,48,brier,0.2466392216797362
4326,4326,3990.0,3990.0,966.0,966.0,,new_hypertension,new_hypertension,clinicalbert_type3_max_pool,lr_lbfgs,1,48,auroc,0.5234890495075569
4327,4327,3991.0,3991.0,967.0,967.0,,new_hypertension,new_hypertension,clinicalbert_type3_max_pool,lr_lbfgs,1,48,auprc,0.1365464324297747
4328,4328,3992.0,3992.0,968.0,968.0,,new_hypertension,new_hypertension,clinicalbert_type3_max_pool,lr_lbfgs,1,48,brier,0.253726642126135
4329,4329,3993.0,3993.0,969.0,969.0,,new_hypertension,new_hypertension,clinicalbert_type3_max_pool,lr_lbfgs,2,48,auroc,0.598285462484477
4330,4330,3994.0,3994.0,970.0,970.0,,new_hypertension,new_hypertension,clinicalbert_type3_max_pool,lr_lbfgs,2,48,auprc,0.1625666818893285
4331,4331,3995.0,3995.0,971.0,971.0,,new_hypertension,new_hypertension,clinicalbert_type3_max_pool,lr_lbfgs,2,48,brier,0.2493005100334117
4332,4332,3996.0,3996.0,972.0,972.0,,new_hypertension,new_hypertension,clinicalbert_type3_max_pool,lr_lbfgs,3,48,auroc,0.6408742081137225
4333,4333,3997.0,3997.0,973.0,973.0,,new_hypertension,new_hypertension,clinicalbert_type3_max_pool,lr_lbfgs,3,48,auprc,0.1876584797118631
4334,4334,3998.0,3998.0,974.0,974.0,,new_hypertension,new_hypertension,clinicalbert_type3_max_pool,lr_lbfgs,3,48,brier,0.2378607623445003
4335,4335,3999.0,3999.0,975.0,975.0,,new_hypertension,new_hypertension,clinicalbert_type3_max_pool,lr_lbfgs,4,48,auroc,0.6286790163728031
4336,4336,4000.0,4000.0,976.0,976.0,,new_hypertension,new_hypertension,clinicalbert_type3_max_pool,lr_lbfgs,4,48,auprc,0.1886380021988267
4337,4337,4001.0,4001.0,977.0,977.0,,new_hypertension,new_hypertension,clinicalbert_type3_max_pool,lr_lbfgs,4,48,brier,0.2362831739400074
4338,4338,4002.0,4002.0,978.0,978.0,,new_hypertension,new_hypertension,clinicalbert_type3_max_pool,lr_lbfgs,0,64,auroc,0.6220978476716971
4339,4339,4003.0,4003.0,979.0,979.0,,new_hypertension,new_hypertension,clinicalbert_type3_max_pool,lr_lbfgs,0,64,auprc,0.1814058985537281
4340,4340,4004.0,4004.0,980.0,980.0,,new_hypertension,new_hypertension,clinicalbert_type3_max_pool,lr_lbfgs,0,64,brier,0.2376424243128631
4341,4341,4005.0,4005.0,981.0,981.0,,new_hypertension,new_hypertension,clinicalbert_type3_max_pool,lr_lbfgs,1,64,auroc,0.5847454232263751
4342,4342,4006.0,4006.0,982.0,982.0,,new_hypertension,new_hypertension,clinicalbert_type3_max_pool,lr_lbfgs,1,64,auprc,0.1582234148366505
4343,4343,4007.0,4007.0,983.0,983.0,,new_hypertension,new_hypertension,clinicalbert_type3_max_pool,lr_lbfgs,1,64,brier,0.249578531964627
4344,4344,4008.0,4008.0,984.0,984.0,,new_hypertension,new_hypertension,clinicalbert_type3_max_pool,lr_lbfgs,2,64,auroc,0.6088153324062469
4345,4345,4009.0,4009.0,985.0,985.0,,new_hypertension,new_hypertension,clinicalbert_type3_max_pool,lr_lbfgs,2,64,auprc,0.1721007564738484
4346,4346,4010.0,4010.0,986.0,986.0,,new_hypertension,new_hypertension,clinicalbert_type3_max_pool,lr_lbfgs,2,64,brier,0.2531908915042699
4347,4347,4011.0,4011.0,987.0,987.0,,new_hypertension,new_hypertension,clinicalbert_type3_max_pool,lr_lbfgs,3,64,auroc,0.62783777133014
4348,4348,4012.0,4012.0,988.0,988.0,,new_hypertension,new_hypertension,clinicalbert_type3_max_pool,lr_lbfgs,3,64,auprc,0.1792749823561533
4349,4349,4013.0,4013.0,989.0,989.0,,new_hypertension,new_hypertension,clinicalbert_type3_max_pool,lr_lbfgs,3,64,brier,0.2291904470201145
4350,4350,4014.0,4014.0,990.0,990.0,,new_hypertension,new_hypertension,clinicalbert_type3_max_pool,lr_lbfgs,4,64,auroc,0.6422018873647283
4351,4351,4015.0,4015.0,991.0,991.0,,new_hypertension,new_hypertension,clinicalbert_type3_max_pool,lr_lbfgs,4,64,auprc,0.1985815430135514
4352,4352,4016.0,4016.0,992.0,992.0,,new_hypertension,new_hypertension,clinicalbert_type3_max_pool,lr_lbfgs,4,64,brier,0.227056359924592
4353,4353,4017.0,4017.0,993.0,993.0,,new_hypertension,new_hypertension,clinicalbert_type3_max_pool,lr_lbfgs,0,128,auroc,0.6349454335273347
4354,4354,4018.0,4018.0,994.0,994.0,,new_hypertension,new_hypertension,clinicalbert_type3_max_pool,lr_lbfgs,0,128,auprc,0.1884890651633964
4355,4355,4019.0,4019.0,995.0,995.0,,new_hypertension,new_hypertension,clinicalbert_type3_max_pool,lr_lbfgs,0,128,brier,0.2221130277559625
4356,4356,4020.0,4020.0,996.0,996.0,,new_hypertension,new_hypertension,clinicalbert_type3_max_pool,lr_lbfgs,1,128,auroc,0.6413892560990265
4357,4357,4021.0,4021.0,997.0,997.0,,new_hypertension,new_hypertension,clinicalbert_type3_max_pool,lr_lbfgs,1,128,auprc,0.1794690161223698
4358,4358,4022.0,4022.0,998.0,998.0,,new_hypertension,new_hypertension,clinicalbert_type3_max_pool,lr_lbfgs,1,128,brier,0.2286986186834878
4359,4359,4023.0,4023.0,999.0,999.0,,new_hypertension,new_hypertension,clinicalbert_type3_max_pool,lr_lbfgs,2,128,auroc,0.6130387258857395
4360,4360,4024.0,4024.0,1000.0,1000.0,,new_hypertension,new_hypertension,clinicalbert_type3_max_pool,lr_lbfgs,2,128,auprc,0.1638179494432549
4361,4361,4025.0,4025.0,1001.0,1001.0,,new_hypertension,new_hypertension,clinicalbert_type3_max_pool,lr_lbfgs,2,128,brier,0.2471223609896461
4362,4362,4026.0,4026.0,1002.0,1002.0,,new_hypertension,new_hypertension,clinicalbert_type3_max_pool,lr_lbfgs,3,128,auroc,0.629686221321842
4363,4363,4027.0,4027.0,1003.0,1003.0,,new_hypertension,new_hypertension,clinicalbert_type3_max_pool,lr_lbfgs,3,128,auprc,0.1741748397850497
4364,4364,4028.0,4028.0,1004.0,1004.0,,new_hypertension,new_hypertension,clinicalbert_type3_max_pool,lr_lbfgs,3,128,brier,0.2375947739910002
4365,4365,4029.0,4029.0,1005.0,1005.0,,new_hypertension,new_hypertension,clinicalbert_type3_max_pool,lr_lbfgs,4,128,auroc,0.6210391379241277
4366,4366,4030.0,4030.0,1006.0,1006.0,,new_hypertension,new_hypertension,clinicalbert_type3_max_pool,lr_lbfgs,4,128,auprc,0.169751520514561
4367,4367,4031.0,4031.0,1007.0,1007.0,,new_hypertension,new_hypertension,clinicalbert_type3_max_pool,lr_lbfgs,4,128,brier,0.231925131639789
4368,4368,4032.0,4032.0,1008.0,1008.0,,new_hypertension,new_hypertension,clinicalbert_type3_max_pool,knn,0,-1,auroc,0.5623122220886911
4369,4369,4033.0,4033.0,1009.0,1009.0,,new_hypertension,new_hypertension,clinicalbert_type3_max_pool,knn,0,-1,auprc,0.1594461200329036
4370,4370,4034.0,4034.0,1010.0,1010.0,,new_hypertension,new_hypertension,clinicalbert_type3_max_pool,knn,0,-1,brier,0.131708883537284
4371,4371,4035.0,4035.0,1011.0,1011.0,,new_hypertension,new_hypertension,clinicalbert_type3_max_pool,knn,0,1,auroc,0.5591647066229448
4372,4372,4036.0,4036.0,1012.0,1012.0,,new_hypertension,new_hypertension,clinicalbert_type3_max_pool,knn,0,1,auprc,0.1428891104806754
4373,4373,4037.0,4037.0,1013.0,1013.0,,new_hypertension,new_hypertension,clinicalbert_type3_max_pool,knn,0,1,brier,0.3942766295707472
4374,4374,4038.0,4038.0,1014.0,1014.0,,new_hypertension,new_hypertension,clinicalbert_type3_max_pool,knn,1,1,auroc,0.5750196004372183
4375,4375,4039.0,4039.0,1015.0,1015.0,,new_hypertension,new_hypertension,clinicalbert_type3_max_pool,knn,1,1,auprc,0.1522495450670494
4376,4376,4040.0,4040.0,1016.0,1016.0,,new_hypertension,new_hypertension,clinicalbert_type3_max_pool,knn,1,1,brier,0.2678855325914149
4377,4377,4041.0,4041.0,1017.0,1017.0,,new_hypertension,new_hypertension,clinicalbert_type3_max_pool,knn,2,1,auroc,0.4439599178212325
4378,4378,4042.0,4042.0,1018.0,1018.0,,new_hypertension,new_hypertension,clinicalbert_type3_max_pool,knn,2,1,auprc,0.1249822591457385
4379,4379,4043.0,4043.0,1019.0,1019.0,,new_hypertension,new_hypertension,clinicalbert_type3_max_pool,knn,2,1,brier,0.2337042925278219
4380,4380,4044.0,4044.0,1020.0,1020.0,,new_hypertension,new_hypertension,clinicalbert_type3_max_pool,knn,3,1,auroc,0.497207295368574
4381,4381,4045.0,4045.0,1021.0,1021.0,,new_hypertension,new_hypertension,clinicalbert_type3_max_pool,knn,3,1,auprc,0.1257843912301922
4382,4382,4046.0,4046.0,1022.0,1022.0,,new_hypertension,new_hypertension,clinicalbert_type3_max_pool,knn,3,1,brier,0.3521462639109698
4383,4383,4047.0,4047.0,1023.0,1023.0,,new_hypertension,new_hypertension,clinicalbert_type3_max_pool,knn,4,1,auroc,0.4752261919068793
4384,4384,4048.0,4048.0,1024.0,1024.0,,new_hypertension,new_hypertension,clinicalbert_type3_max_pool,knn,4,1,auprc,0.1212862039721085
4385,4385,4049.0,4049.0,1025.0,1025.0,,new_hypertension,new_hypertension,clinicalbert_type3_max_pool,knn,4,1,brier,0.6208267090620032
4386,4386,4050.0,4050.0,1026.0,1026.0,,new_hypertension,new_hypertension,clinicalbert_type3_max_pool,knn,0,2,auroc,0.5666185955213716
4387,4387,4051.0,4051.0,1027.0,1027.0,,new_hypertension,new_hypertension,clinicalbert_type3_max_pool,knn,0,2,auprc,0.1451367128642066
4388,4388,4052.0,4052.0,1028.0,1028.0,,new_hypertension,new_hypertension,clinicalbert_type3_max_pool,knn,0,2,brier,0.4141494435612082
4389,4389,4053.0,4053.0,1029.0,1029.0,,new_hypertension,new_hypertension,clinicalbert_type3_max_pool,knn,1,2,auroc,0.5395928831813942
4390,4390,4054.0,4054.0,1030.0,1030.0,,new_hypertension,new_hypertension,clinicalbert_type3_max_pool,knn,1,2,auprc,0.1359038625063679
4391,4391,4055.0,4055.0,1031.0,1031.0,,new_hypertension,new_hypertension,clinicalbert_type3_max_pool,knn,1,2,brier,0.6963434022257552
4392,4392,4056.0,4056.0,1032.0,1032.0,,new_hypertension,new_hypertension,clinicalbert_type3_max_pool,knn,2,2,auroc,0.4751689643529566
4393,4393,4057.0,4057.0,1033.0,1033.0,,new_hypertension,new_hypertension,clinicalbert_type3_max_pool,knn,2,2,auprc,0.1215498269439288
4394,4394,4058.0,4058.0,1034.0,1034.0,,new_hypertension,new_hypertension,clinicalbert_type3_max_pool,knn,2,2,brier,0.4141494435612082
4395,4395,4059.0,4059.0,1035.0,1035.0,,new_hypertension,new_hypertension,clinicalbert_type3_max_pool,knn,3,2,auroc,0.57638733897597
4396,4396,4060.0,4060.0,1036.0,1036.0,,new_hypertension,new_hypertension,clinicalbert_type3_max_pool,knn,3,2,auprc,0.1483175422132137
4397,4397,4061.0,4061.0,1037.0,1037.0,,new_hypertension,new_hypertension,clinicalbert_type3_max_pool,knn,3,2,brier,0.4252782193958664
4398,4398,4062.0,4062.0,1038.0,1038.0,,new_hypertension,new_hypertension,clinicalbert_type3_max_pool,knn,4,2,auroc,0.5386886878294161
4399,4399,4063.0,4063.0,1039.0,1039.0,,new_hypertension,new_hypertension,clinicalbert_type3_max_pool,knn,4,2,auprc,0.1376157847729
4400,4400,4064.0,4064.0,1040.0,1040.0,,new_hypertension,new_hypertension,clinicalbert_type3_max_pool,knn,4,2,brier,0.2702702702702703
4401,4401,4065.0,4065.0,1041.0,1041.0,,new_hypertension,new_hypertension,clinicalbert_type3_max_pool,knn,0,4,auroc,0.532433716185669
4402,4402,4066.0,4066.0,1042.0,1042.0,,new_hypertension,new_hypertension,clinicalbert_type3_max_pool,knn,0,4,auprc,0.1370673671453195
4403,4403,4067.0,4067.0,1043.0,1043.0,,new_hypertension,new_hypertension,clinicalbert_type3_max_pool,knn,0,4,brier,0.333322734499205
4404,4404,4068.0,4068.0,1044.0,1044.0,,new_hypertension,new_hypertension,clinicalbert_type3_max_pool,knn,1,4,auroc,0.4678982036270823
4405,4405,4069.0,4069.0,1045.0,1045.0,,new_hypertension,new_hypertension,clinicalbert_type3_max_pool,knn,1,4,auprc,0.1112933248182329
4406,4406,4070.0,4070.0,1046.0,1046.0,,new_hypertension,new_hypertension,clinicalbert_type3_max_pool,knn,1,4,brier,0.2876123355700673
4407,4407,4071.0,4071.0,1047.0,1047.0,,new_hypertension,new_hypertension,clinicalbert_type3_max_pool,knn,2,4,auroc,0.44781705495562
4408,4408,4072.0,4072.0,1048.0,1048.0,,new_hypertension,new_hypertension,clinicalbert_type3_max_pool,knn,2,4,auprc,0.1142083670920396
4409,4409,4073.0,4073.0,1049.0,1049.0,,new_hypertension,new_hypertension,clinicalbert_type3_max_pool,knn,2,4,brier,0.3998410174880763
4410,4410,4074.0,4074.0,1050.0,1050.0,,new_hypertension,new_hypertension,clinicalbert_type3_max_pool,knn,3,4,auroc,0.6109413360344739
4411,4411,4075.0,4075.0,1051.0,1051.0,,new_hypertension,new_hypertension,clinicalbert_type3_max_pool,knn,3,4,auprc,0.1672391381542721
4412,4412,4076.0,4076.0,1052.0,1052.0,,new_hypertension,new_hypertension,clinicalbert_type3_max_pool,knn,3,4,brier,0.3624801271860095
4413,4413,4077.0,4077.0,1053.0,1053.0,,new_hypertension,new_hypertension,clinicalbert_type3_max_pool,knn,4,4,auroc,0.5437704946177486
4414,4414,4078.0,4078.0,1054.0,1054.0,,new_hypertension,new_hypertension,clinicalbert_type3_max_pool,knn,4,4,auprc,0.1370766858984016
4415,4415,4079.0,4079.0,1055.0,1055.0,,new_hypertension,new_hypertension,clinicalbert_type3_max_pool,knn,4,4,brier,0.2879173290937997
4416,4416,4080.0,4080.0,1056.0,1056.0,,new_hypertension,new_hypertension,clinicalbert_type3_max_pool,knn,0,8,auroc,0.5997962699080354
4417,4417,4081.0,4081.0,1057.0,1057.0,,new_hypertension,new_hypertension,clinicalbert_type3_max_pool,knn,0,8,auprc,0.1741207869587028
4418,4418,4082.0,4082.0,1058.0,1058.0,,new_hypertension,new_hypertension,clinicalbert_type3_max_pool,knn,0,8,brier,0.253683063623825
4419,4419,4083.0,4083.0,1059.0,1059.0,,new_hypertension,new_hypertension,clinicalbert_type3_max_pool,knn,1,8,auroc,0.4435593249437739
4420,4420,4084.0,4084.0,1060.0,1060.0,,new_hypertension,new_hypertension,clinicalbert_type3_max_pool,knn,1,8,auprc,0.1138305531442608
4421,4421,4085.0,4085.0,1061.0,1061.0,,new_hypertension,new_hypertension,clinicalbert_type3_max_pool,knn,1,8,brier,0.3273449920508745
4422,4422,4086.0,4086.0,1062.0,1062.0,,new_hypertension,new_hypertension,clinicalbert_type3_max_pool,knn,2,8,auroc,0.5039057805552217
4423,4423,4087.0,4087.0,1063.0,1063.0,,new_hypertension,new_hypertension,clinicalbert_type3_max_pool,knn,2,8,auprc,0.1166577468717638
4424,4424,4088.0,4088.0,1064.0,1064.0,,new_hypertension,new_hypertension,clinicalbert_type3_max_pool,knn,2,8,brier,0.2908692308622104
4425,4425,4089.0,4089.0,1065.0,1065.0,,new_hypertension,new_hypertension,clinicalbert_type3_max_pool,knn,3,8,auroc,0.6209246828162824
4426,4426,4090.0,4090.0,1066.0,1066.0,,new_hypertension,new_hypertension,clinicalbert_type3_max_pool,knn,3,8,auprc,0.1711120287276175
4427,4427,4091.0,4091.0,1067.0,1067.0,,new_hypertension,new_hypertension,clinicalbert_type3_max_pool,knn,3,8,brier,0.2727186009538951
4428,4428,4092.0,4092.0,1068.0,1068.0,,new_hypertension,new_hypertension,clinicalbert_type3_max_pool,knn,4,8,auroc,0.6032585369203565
4429,4429,4093.0,4093.0,1069.0,1069.0,,new_hypertension,new_hypertension,clinicalbert_type3_max_pool,knn,4,8,auprc,0.1559674184898945
4430,4430,4094.0,4094.0,1070.0,1070.0,,new_hypertension,new_hypertension,clinicalbert_type3_max_pool,knn,4,8,brier,0.2847869808923678
4431,4431,4095.0,4095.0,1071.0,1071.0,,new_hypertension,new_hypertension,clinicalbert_type3_max_pool,knn,0,12,auroc,0.597381267132499
4432,4432,4096.0,4096.0,1072.0,1072.0,,new_hypertension,new_hypertension,clinicalbert_type3_max_pool,knn,0,12,auprc,0.165745099643656
4433,4433,4097.0,4097.0,1073.0,1073.0,,new_hypertension,new_hypertension,clinicalbert_type3_max_pool,knn,0,12,brier,0.242543720190779
4434,4434,4098.0,4098.0,1074.0,1074.0,,new_hypertension,new_hypertension,clinicalbert_type3_max_pool,knn,1,12,auroc,0.4828889613771239
4435,4435,4099.0,4099.0,1075.0,1075.0,,new_hypertension,new_hypertension,clinicalbert_type3_max_pool,knn,1,12,auprc,0.1217261664687308
4436,4436,4100.0,4100.0,1076.0,1076.0,,new_hypertension,new_hypertension,clinicalbert_type3_max_pool,knn,1,12,brier,0.3581240063593005
4437,4437,4101.0,4101.0,1077.0,1077.0,,new_hypertension,new_hypertension,clinicalbert_type3_max_pool,knn,2,12,auroc,0.461162520530385
4438,4438,4102.0,4102.0,1078.0,1078.0,,new_hypertension,new_hypertension,clinicalbert_type3_max_pool,knn,2,12,auprc,0.1100270231858241
4439,4439,4103.0,4103.0,1079.0,1079.0,,new_hypertension,new_hypertension,clinicalbert_type3_max_pool,knn,2,12,brier,0.3734083220286988
4440,4440,4104.0,4104.0,1080.0,1080.0,,new_hypertension,new_hypertension,clinicalbert_type3_max_pool,knn,3,12,auroc,0.600173971763925
4441,4441,4105.0,4105.0,1081.0,1081.0,,new_hypertension,new_hypertension,clinicalbert_type3_max_pool,knn,3,12,auprc,0.1617526470165544
4442,4442,4106.0,4106.0,1082.0,1082.0,,new_hypertension,new_hypertension,clinicalbert_type3_max_pool,knn,3,12,brier,0.2517011128775835
4443,4443,4107.0,4107.0,1083.0,1083.0,,new_hypertension,new_hypertension,clinicalbert_type3_max_pool,knn,4,12,auroc,0.621711561682719
4444,4444,4108.0,4108.0,1084.0,1084.0,,new_hypertension,new_hypertension,clinicalbert_type3_max_pool,knn,4,12,auprc,0.1887504918206318
4445,4445,4109.0,4109.0,1085.0,1085.0,,new_hypertension,new_hypertension,clinicalbert_type3_max_pool,knn,4,12,brier,0.2586355549816474
4446,4446,4110.0,4110.0,1086.0,1086.0,,new_hypertension,new_hypertension,clinicalbert_type3_max_pool,knn,0,16,auroc,0.5533704167882751
4447,4447,4111.0,4111.0,1087.0,1087.0,,new_hypertension,new_hypertension,clinicalbert_type3_max_pool,knn,0,16,auprc,0.1410336185333663
4448,4448,4112.0,4112.0,1088.0,1088.0,,new_hypertension,new_hypertension,clinicalbert_type3_max_pool,knn,0,16,brier,0.390302066772655
4449,4449,4113.0,4113.0,1089.0,1089.0,,new_hypertension,new_hypertension,clinicalbert_type3_max_pool,knn,1,16,auroc,0.477111839808631
4450,4450,4114.0,4114.0,1090.0,1090.0,,new_hypertension,new_hypertension,clinicalbert_type3_max_pool,knn,1,16,auprc,0.1216963022327798
4451,4451,4115.0,4115.0,1091.0,1091.0,,new_hypertension,new_hypertension,clinicalbert_type3_max_pool,knn,1,16,brier,0.5564387917329093
4452,4452,4116.0,4116.0,1092.0,1092.0,,new_hypertension,new_hypertension,clinicalbert_type3_max_pool,knn,2,16,auroc,0.466644920196176
4453,4453,4117.0,4117.0,1093.0,1093.0,,new_hypertension,new_hypertension,clinicalbert_type3_max_pool,knn,2,16,auprc,0.1183491048535389
4454,4454,4118.0,4118.0,1094.0,1094.0,,new_hypertension,new_hypertension,clinicalbert_type3_max_pool,knn,2,16,brier,0.3816463522345875
4455,4455,4119.0,4119.0,1095.0,1095.0,,new_hypertension,new_hypertension,clinicalbert_type3_max_pool,knn,3,16,auroc,0.5518138273215788
4456,4456,4120.0,4120.0,1096.0,1096.0,,new_hypertension,new_hypertension,clinicalbert_type3_max_pool,knn,3,16,auprc,0.1388505475956978
4457,4457,4121.0,4121.0,1097.0,1097.0,,new_hypertension,new_hypertension,clinicalbert_type3_max_pool,knn,3,16,brier,0.267503974562798
4458,4458,4122.0,4122.0,1098.0,1098.0,,new_hypertension,new_hypertension,clinicalbert_type3_max_pool,knn,4,16,auroc,0.6365478050371693
4459,4459,4123.0,4123.0,1099.0,1099.0,,new_hypertension,new_hypertension,clinicalbert_type3_max_pool,knn,4,16,auprc,0.176785271547299
4460,4460,4124.0,4124.0,1100.0,1100.0,,new_hypertension,new_hypertension,clinicalbert_type3_max_pool,knn,4,16,brier,0.240731319554849
4461,4461,4125.0,4125.0,1101.0,1101.0,,new_hypertension,new_hypertension,clinicalbert_type3_max_pool,knn,0,24,auroc,0.6031097452801575
4462,4462,4126.0,4126.0,1102.0,1102.0,,new_hypertension,new_hypertension,clinicalbert_type3_max_pool,knn,0,24,auprc,0.1838751958363188
4463,4463,4127.0,4127.0,1103.0,1103.0,,new_hypertension,new_hypertension,clinicalbert_type3_max_pool,knn,0,24,brier,0.2861422755981359
4464,4464,4128.0,4128.0,1104.0,1104.0,,new_hypertension,new_hypertension,clinicalbert_type3_max_pool,knn,1,24,auroc,0.4110197377833479
4465,4465,4129.0,4129.0,1105.0,1105.0,,new_hypertension,new_hypertension,clinicalbert_type3_max_pool,knn,1,24,auprc,0.1130725949634831
4466,4466,4130.0,4130.0,1106.0,1106.0,,new_hypertension,new_hypertension,clinicalbert_type3_max_pool,knn,1,24,brier,0.5262321144674086
4467,4467,4131.0,4131.0,1107.0,1107.0,,new_hypertension,new_hypertension,clinicalbert_type3_max_pool,knn,2,24,auroc,0.5320359846859066
4468,4468,4132.0,4132.0,1108.0,1108.0,,new_hypertension,new_hypertension,clinicalbert_type3_max_pool,knn,2,24,auprc,0.1272125788113129
4469,4469,4133.0,4133.0,1109.0,1109.0,,new_hypertension,new_hypertension,clinicalbert_type3_max_pool,knn,2,24,brier,0.3861067867362821
4470,4470,4134.0,4134.0,1110.0,1110.0,,new_hypertension,new_hypertension,clinicalbert_type3_max_pool,knn,3,24,auroc,0.5254433704740159
4471,4471,4135.0,4135.0,1111.0,1111.0,,new_hypertension,new_hypertension,clinicalbert_type3_max_pool,knn,3,24,auprc,0.1347437978287059
4472,4472,4136.0,4136.0,1112.0,1112.0,,new_hypertension,new_hypertension,clinicalbert_type3_max_pool,knn,3,24,brier,0.2429570747217806
4473,4473,4137.0,4137.0,1113.0,1113.0,,new_hypertension,new_hypertension,clinicalbert_type3_max_pool,knn,4,24,auroc,0.6065548440263018
4474,4474,4138.0,4138.0,1114.0,1114.0,,new_hypertension,new_hypertension,clinicalbert_type3_max_pool,knn,4,24,auprc,0.1613127636396182
4475,4475,4139.0,4139.0,1115.0,1115.0,,new_hypertension,new_hypertension,clinicalbert_type3_max_pool,knn,4,24,brier,0.2459459459459459
4476,4476,4140.0,4140.0,1116.0,1116.0,,new_hypertension,new_hypertension,clinicalbert_type3_max_pool,knn,0,32,auroc,0.573288466931058
4477,4477,4141.0,4141.0,1117.0,1117.0,,new_hypertension,new_hypertension,clinicalbert_type3_max_pool,knn,0,32,auprc,0.172493404271961
4478,4478,4142.0,4142.0,1118.0,1118.0,,new_hypertension,new_hypertension,clinicalbert_type3_max_pool,knn,0,32,brier,0.3000729863371993
4479,4479,4143.0,4143.0,1119.0,1119.0,,new_hypertension,new_hypertension,clinicalbert_type3_max_pool,knn,1,32,auroc,0.4435908000984313
4480,4480,4144.0,4144.0,1120.0,1120.0,,new_hypertension,new_hypertension,clinicalbert_type3_max_pool,knn,1,32,auprc,0.1162671955027545
4481,4481,4145.0,4145.0,1121.0,1121.0,,new_hypertension,new_hypertension,clinicalbert_type3_max_pool,knn,1,32,brier,0.5445151033386327
4482,4482,4146.0,4146.0,1122.0,1122.0,,new_hypertension,new_hypertension,clinicalbert_type3_max_pool,knn,2,32,auroc,0.5311976010209396
4483,4483,4147.0,4147.0,1123.0,1123.0,,new_hypertension,new_hypertension,clinicalbert_type3_max_pool,knn,2,32,auprc,0.1360955088137042
4484,4484,4148.0,4148.0,1124.0,1124.0,,new_hypertension,new_hypertension,clinicalbert_type3_max_pool,knn,2,32,brier,0.3384868232873663
4485,4485,4149.0,4149.0,1125.0,1125.0,,new_hypertension,new_hypertension,clinicalbert_type3_max_pool,knn,3,32,auroc,0.5117888761080684
4486,4486,4150.0,4150.0,1126.0,1126.0,,new_hypertension,new_hypertension,clinicalbert_type3_max_pool,knn,3,32,auprc,0.135344717420595
4487,4487,4151.0,4151.0,1127.0,1127.0,,new_hypertension,new_hypertension,clinicalbert_type3_max_pool,knn,3,32,brier,0.245818759936407
4488,4488,4152.0,4152.0,1128.0,1128.0,,new_hypertension,new_hypertension,clinicalbert_type3_max_pool,knn,4,32,auroc,0.5388174498257421
4489,4489,4153.0,4153.0,1129.0,1129.0,,new_hypertension,new_hypertension,clinicalbert_type3_max_pool,knn,4,32,auprc,0.1374525417106759
4490,4490,4154.0,4154.0,1130.0,1130.0,,new_hypertension,new_hypertension,clinicalbert_type3_max_pool,knn,4,32,brier,0.2445151033386327
4491,4491,4155.0,4155.0,1131.0,1131.0,,new_hypertension,new_hypertension,clinicalbert_type3_max_pool,knn,0,48,auroc,0.5822388563645625
4492,4492,4156.0,4156.0,1132.0,1132.0,,new_hypertension,new_hypertension,clinicalbert_type3_max_pool,knn,0,48,auprc,0.17035141549354
4493,4493,4157.0,4157.0,1133.0,1133.0,,new_hypertension,new_hypertension,clinicalbert_type3_max_pool,knn,0,48,brier,0.2919236883942766
4494,4494,4158.0,4158.0,1134.0,1134.0,,new_hypertension,new_hypertension,clinicalbert_type3_max_pool,knn,1,48,auroc,0.4483006277862665
4495,4495,4159.0,4159.0,1135.0,1135.0,,new_hypertension,new_hypertension,clinicalbert_type3_max_pool,knn,1,48,auprc,0.1170667033077974
4496,4496,4160.0,4160.0,1136.0,1136.0,,new_hypertension,new_hypertension,clinicalbert_type3_max_pool,knn,1,48,brier,0.5174880763116058
4497,4497,4161.0,4161.0,1137.0,1137.0,,new_hypertension,new_hypertension,clinicalbert_type3_max_pool,knn,2,48,auroc,0.5346112246124264
4498,4498,4162.0,4162.0,1138.0,1138.0,,new_hypertension,new_hypertension,clinicalbert_type3_max_pool,knn,2,48,auprc,0.1409067461052718
4499,4499,4163.0,4163.0,1139.0,1139.0,,new_hypertension,new_hypertension,clinicalbert_type3_max_pool,knn,2,48,brier,0.3131140028057756
4500,4500,4164.0,4164.0,1140.0,1140.0,,new_hypertension,new_hypertension,clinicalbert_type3_max_pool,knn,3,48,auroc,0.5062378033775703
4501,4501,4165.0,4165.0,1141.0,1141.0,,new_hypertension,new_hypertension,clinicalbert_type3_max_pool,knn,3,48,auprc,0.126874047473284
4502,4502,4166.0,4166.0,1142.0,1142.0,,new_hypertension,new_hypertension,clinicalbert_type3_max_pool,knn,3,48,brier,0.3078078078078078
4503,4503,4167.0,4167.0,1143.0,1143.0,,new_hypertension,new_hypertension,clinicalbert_type3_max_pool,knn,4,48,auroc,0.5749766797717766
4504,4504,4168.0,4168.0,1144.0,1144.0,,new_hypertension,new_hypertension,clinicalbert_type3_max_pool,knn,4,48,auprc,0.1665751866984237
4505,4505,4169.0,4169.0,1145.0,1145.0,,new_hypertension,new_hypertension,clinicalbert_type3_max_pool,knn,4,48,brier,0.2765298606198114
4506,4506,4170.0,4170.0,1146.0,1146.0,,new_hypertension,new_hypertension,clinicalbert_type3_max_pool,knn,0,64,auroc,0.5882420267710498
4507,4507,4171.0,4171.0,1147.0,1147.0,,new_hypertension,new_hypertension,clinicalbert_type3_max_pool,knn,0,64,auprc,0.1652580121569019
4508,4508,4172.0,4172.0,1148.0,1148.0,,new_hypertension,new_hypertension,clinicalbert_type3_max_pool,knn,0,64,brier,0.2701430842607313
4509,4509,4173.0,4173.0,1149.0,1149.0,,new_hypertension,new_hypertension,clinicalbert_type3_max_pool,knn,1,64,auroc,0.50945685328572
4510,4510,4174.0,4174.0,1150.0,1150.0,,new_hypertension,new_hypertension,clinicalbert_type3_max_pool,knn,1,64,auprc,0.1254099032867593
4511,4511,4175.0,4175.0,1151.0,1151.0,,new_hypertension,new_hypertension,clinicalbert_type3_max_pool,knn,1,64,brier,0.2938171864709191
4512,4512,4176.0,4176.0,1152.0,1152.0,,new_hypertension,new_hypertension,clinicalbert_type3_max_pool,knn,2,64,auroc,0.5464716351628982
4513,4513,4177.0,4177.0,1153.0,1153.0,,new_hypertension,new_hypertension,clinicalbert_type3_max_pool,knn,2,64,auprc,0.1547401134378814
4514,4514,4178.0,4178.0,1154.0,1154.0,,new_hypertension,new_hypertension,clinicalbert_type3_max_pool,knn,2,64,brier,0.3531727364881248
4515,4515,4179.0,4179.0,1155.0,1155.0,,new_hypertension,new_hypertension,clinicalbert_type3_max_pool,knn,3,64,auroc,0.5267996635019829
4516,4516,4180.0,4180.0,1156.0,1156.0,,new_hypertension,new_hypertension,clinicalbert_type3_max_pool,knn,3,64,auprc,0.1318687351538214
4517,4517,4181.0,4181.0,1157.0,1157.0,,new_hypertension,new_hypertension,clinicalbert_type3_max_pool,knn,3,64,brier,0.2788701194587339
4518,4518,4182.0,4182.0,1158.0,1158.0,,new_hypertension,new_hypertension,clinicalbert_type3_max_pool,knn,4,64,auroc,0.5836552383241483
4519,4519,4183.0,4183.0,1159.0,1159.0,,new_hypertension,new_hypertension,clinicalbert_type3_max_pool,knn,4,64,auprc,0.1631714605716233
4520,4520,4184.0,4184.0,1160.0,1160.0,,new_hypertension,new_hypertension,clinicalbert_type3_max_pool,knn,4,64,brier,0.2747747747747748
4521,4521,4185.0,4185.0,1161.0,1161.0,,new_hypertension,new_hypertension,clinicalbert_type3_max_pool,knn,0,128,auroc,0.6153049370210768
4522,4522,4186.0,4186.0,1162.0,1162.0,,new_hypertension,new_hypertension,clinicalbert_type3_max_pool,knn,0,128,auprc,0.1734216426730882
4523,4523,4187.0,4187.0,1163.0,1163.0,,new_hypertension,new_hypertension,clinicalbert_type3_max_pool,knn,0,128,brier,0.2580930512797018
4524,4524,4188.0,4188.0,1164.0,1164.0,,new_hypertension,new_hypertension,clinicalbert_type3_max_pool,knn,1,128,auroc,0.5666128727659794
4525,4525,4189.0,4189.0,1165.0,1165.0,,new_hypertension,new_hypertension,clinicalbert_type3_max_pool,knn,1,128,auprc,0.1647591867518913
4526,4526,4190.0,4190.0,1166.0,1166.0,,new_hypertension,new_hypertension,clinicalbert_type3_max_pool,knn,1,128,brier,0.2672052213738071
4527,4527,4191.0,4191.0,1167.0,1167.0,,new_hypertension,new_hypertension,clinicalbert_type3_max_pool,knn,2,128,auroc,0.5620146388082934
4528,4528,4192.0,4192.0,1168.0,1168.0,,new_hypertension,new_hypertension,clinicalbert_type3_max_pool,knn,2,128,auprc,0.1510545270304578
4529,4529,4193.0,4193.0,1169.0,1169.0,,new_hypertension,new_hypertension,clinicalbert_type3_max_pool,knn,2,128,brier,0.2772512993563482
4530,4530,4194.0,4194.0,1170.0,1170.0,,new_hypertension,new_hypertension,clinicalbert_type3_max_pool,knn,3,128,auroc,0.5746676509805942
4531,4531,4195.0,4195.0,1171.0,1171.0,,new_hypertension,new_hypertension,clinicalbert_type3_max_pool,knn,3,128,auprc,0.152806743866708
4532,4532,4196.0,4196.0,1172.0,1172.0,,new_hypertension,new_hypertension,clinicalbert_type3_max_pool,knn,3,128,brier,0.2665715223590666
4533,4533,4197.0,4197.0,1173.0,1173.0,,new_hypertension,new_hypertension,clinicalbert_type3_max_pool,knn,4,128,auroc,0.5465689220045667
4534,4534,4198.0,4198.0,1174.0,1174.0,,new_hypertension,new_hypertension,clinicalbert_type3_max_pool,knn,4,128,auprc,0.1545398797708168
4535,4535,4199.0,4199.0,1175.0,1175.0,,new_hypertension,new_hypertension,clinicalbert_type3_max_pool,knn,4,128,brier,0.2620349761526232
4536,4536,4200.0,4200.0,1176.0,1176.0,,new_hypertension,new_hypertension,clinicalbert_type3_max_pool,rf,0,-1,auroc,0.554998540697375
4537,4537,4201.0,4201.0,1177.0,1177.0,,new_hypertension,new_hypertension,clinicalbert_type3_max_pool,rf,0,-1,auprc,0.1356370207172287
4538,4538,4202.0,4202.0,1178.0,1178.0,,new_hypertension,new_hypertension,clinicalbert_type3_max_pool,rf,0,-1,brier,0.1115753204894914
4539,4539,4203.0,4203.0,1179.0,1179.0,,new_hypertension,new_hypertension,clinicalbert_type3_max_pool,rf,0,1,auroc,0.5312147692871163
4540,4540,4204.0,4204.0,1180.0,1180.0,,new_hypertension,new_hypertension,clinicalbert_type3_max_pool,rf,0,1,auprc,0.1465034013863459
4541,4541,4205.0,4205.0,1181.0,1181.0,,new_hypertension,new_hypertension,clinicalbert_type3_max_pool,rf,0,1,brier,0.3024085850556439
4542,4542,4206.0,4206.0,1182.0,1182.0,,new_hypertension,new_hypertension,clinicalbert_type3_max_pool,rf,1,1,auroc,0.6128183998031372
4543,4543,4207.0,4207.0,1183.0,1183.0,,new_hypertension,new_hypertension,clinicalbert_type3_max_pool,rf,1,1,auprc,0.1665274271821763
4544,4544,4208.0,4208.0,1184.0,1184.0,,new_hypertension,new_hypertension,clinicalbert_type3_max_pool,rf,1,1,brier,0.4698171701112877
4545,4545,4209.0,4209.0,1185.0,1185.0,,new_hypertension,new_hypertension,clinicalbert_type3_max_pool,rf,2,1,auroc,0.4438311558249066
4546,4546,4210.0,4210.0,1186.0,1186.0,,new_hypertension,new_hypertension,clinicalbert_type3_max_pool,rf,2,1,auprc,0.1090073701439772
4547,4547,4211.0,4211.0,1187.0,1187.0,,new_hypertension,new_hypertension,clinicalbert_type3_max_pool,rf,2,1,brier,0.2091488076311605
4548,4548,4212.0,4212.0,1188.0,1188.0,,new_hypertension,new_hypertension,clinicalbert_type3_max_pool,rf,3,1,auroc,0.534559719813896
4549,4549,4213.0,4213.0,1189.0,1189.0,,new_hypertension,new_hypertension,clinicalbert_type3_max_pool,rf,3,1,auprc,0.1439992724759305
4550,4550,4214.0,4214.0,1190.0,1190.0,,new_hypertension,new_hypertension,clinicalbert_type3_max_pool,rf,3,1,brier,0.2778689984101748
4551,4551,4215.0,4215.0,1191.0,1191.0,,new_hypertension,new_hypertension,clinicalbert_type3_max_pool,rf,4,1,auroc,0.4537715819412731
4552,4552,4216.0,4216.0,1192.0,1192.0,,new_hypertension,new_hypertension,clinicalbert_type3_max_pool,rf,4,1,auprc,0.1114572417924609
4553,4553,4217.0,4217.0,1193.0,1193.0,,new_hypertension,new_hypertension,clinicalbert_type3_max_pool,rf,4,1,brier,0.329589507154213
4554,4554,4218.0,4218.0,1194.0,1194.0,,new_hypertension,new_hypertension,clinicalbert_type3_max_pool,rf,0,2,auroc,0.5912979781505199
4555,4555,4219.0,4219.0,1195.0,1195.0,,new_hypertension,new_hypertension,clinicalbert_type3_max_pool,rf,0,2,auprc,0.16121247317905
4556,4556,4220.0,4220.0,1196.0,1196.0,,new_hypertension,new_hypertension,clinicalbert_type3_max_pool,rf,0,2,brier,0.2460040540540541
4557,4557,4221.0,4221.0,1197.0,1197.0,,new_hypertension,new_hypertension,clinicalbert_type3_max_pool,rf,1,2,auroc,0.5805220297468825
4558,4558,4222.0,4222.0,1198.0,1198.0,,new_hypertension,new_hypertension,clinicalbert_type3_max_pool,rf,1,2,auprc,0.157973459058718
4559,4559,4223.0,4223.0,1199.0,1199.0,,new_hypertension,new_hypertension,clinicalbert_type3_max_pool,rf,1,2,brier,0.2625748807631161
4560,4560,4224.0,4224.0,1200.0,1200.0,,new_hypertension,new_hypertension,clinicalbert_type3_max_pool,rf,2,2,auroc,0.461400014879164
4561,4561,4225.0,4225.0,1201.0,1201.0,,new_hypertension,new_hypertension,clinicalbert_type3_max_pool,rf,2,2,auprc,0.1158399561471446
4562,4562,4226.0,4226.0,1202.0,1202.0,,new_hypertension,new_hypertension,clinicalbert_type3_max_pool,rf,2,2,brier,0.3020508744038156
4563,4563,4227.0,4227.0,1203.0,1203.0,,new_hypertension,new_hypertension,clinicalbert_type3_max_pool,rf,3,2,auroc,0.4968067024911154
4564,4564,4228.0,4228.0,1204.0,1204.0,,new_hypertension,new_hypertension,clinicalbert_type3_max_pool,rf,3,2,auprc,0.1307313617858127
4565,4565,4229.0,4229.0,1205.0,1205.0,,new_hypertension,new_hypertension,clinicalbert_type3_max_pool,rf,3,2,brier,0.3362559618441971
4566,4566,4230.0,4230.0,1206.0,1206.0,,new_hypertension,new_hypertension,clinicalbert_type3_max_pool,rf,4,2,auroc,0.4889178841828763
4567,4567,4231.0,4231.0,1207.0,1207.0,,new_hypertension,new_hypertension,clinicalbert_type3_max_pool,rf,4,2,auprc,0.1197833709914664
4568,4568,4232.0,4232.0,1208.0,1208.0,,new_hypertension,new_hypertension,clinicalbert_type3_max_pool,rf,4,2,brier,0.2339015456633103
4569,4569,4233.0,4233.0,1209.0,1209.0,,new_hypertension,new_hypertension,clinicalbert_type3_max_pool,rf,0,4,auroc,0.5337699795697634
4570,4570,4234.0,4234.0,1210.0,1210.0,,new_hypertension,new_hypertension,clinicalbert_type3_max_pool,rf,0,4,auprc,0.1331909736486885
4571,4571,4235.0,4235.0,1211.0,1211.0,,new_hypertension,new_hypertension,clinicalbert_type3_max_pool,rf,0,4,brier,0.2647108903020668
4572,4572,4236.0,4236.0,1212.0,1212.0,,new_hypertension,new_hypertension,clinicalbert_type3_max_pool,rf,1,4,auroc,0.4656548835133139
4573,4573,4237.0,4237.0,1213.0,1213.0,,new_hypertension,new_hypertension,clinicalbert_type3_max_pool,rf,1,4,auprc,0.1219192987307757
4574,4574,4238.0,4238.0,1214.0,1214.0,,new_hypertension,new_hypertension,clinicalbert_type3_max_pool,rf,1,4,brier,0.3706836248012718
4575,4575,4239.0,4239.0,1215.0,1215.0,,new_hypertension,new_hypertension,clinicalbert_type3_max_pool,rf,2,4,auroc,0.4643472339061811
4576,4576,4240.0,4240.0,1216.0,1216.0,,new_hypertension,new_hypertension,clinicalbert_type3_max_pool,rf,2,4,auprc,0.1140842012876186
4577,4577,4241.0,4241.0,1217.0,1217.0,,new_hypertension,new_hypertension,clinicalbert_type3_max_pool,rf,2,4,brier,0.3146184419713831
4578,4578,4242.0,4242.0,1218.0,1218.0,,new_hypertension,new_hypertension,clinicalbert_type3_max_pool,rf,3,4,auroc,0.5559571022255796
4579,4579,4243.0,4243.0,1219.0,1219.0,,new_hypertension,new_hypertension,clinicalbert_type3_max_pool,rf,3,4,auprc,0.1455977001482776
4580,4580,4244.0,4244.0,1220.0,1220.0,,new_hypertension,new_hypertension,clinicalbert_type3_max_pool,rf,3,4,brier,0.3129729729729729
4581,4581,4245.0,4245.0,1221.0,1221.0,,new_hypertension,new_hypertension,clinicalbert_type3_max_pool,rf,4,4,auroc,0.5346112246124265
4582,4582,4246.0,4246.0,1222.0,1222.0,,new_hypertension,new_hypertension,clinicalbert_type3_max_pool,rf,4,4,auprc,0.1381879565625695
4583,4583,4247.0,4247.0,1223.0,1223.0,,new_hypertension,new_hypertension,clinicalbert_type3_max_pool,rf,4,4,brier,0.2738374403815581
4584,4584,4248.0,4248.0,1224.0,1224.0,,new_hypertension,new_hypertension,clinicalbert_type3_max_pool,rf,0,8,auroc,0.5709135234432675
4585,4585,4249.0,4249.0,1225.0,1225.0,,new_hypertension,new_hypertension,clinicalbert_type3_max_pool,rf,0,8,auprc,0.1574511715622027
4586,4586,4250.0,4250.0,1226.0,1226.0,,new_hypertension,new_hypertension,clinicalbert_type3_max_pool,rf,0,8,brier,0.2443189277512807
4587,4587,4251.0,4251.0,1227.0,1227.0,,new_hypertension,new_hypertension,clinicalbert_type3_max_pool,rf,1,8,auroc,0.4832895542545825
4588,4588,4252.0,4252.0,1228.0,1228.0,,new_hypertension,new_hypertension,clinicalbert_type3_max_pool,rf,1,8,auprc,0.123933654205145
4589,4589,4253.0,4253.0,1229.0,1229.0,,new_hypertension,new_hypertension,clinicalbert_type3_max_pool,rf,1,8,brier,0.3419669316375199
4590,4590,4254.0,4254.0,1230.0,1230.0,,new_hypertension,new_hypertension,clinicalbert_type3_max_pool,rf,2,8,auroc,0.4842824523151406
4591,4591,4255.0,4255.0,1231.0,1231.0,,new_hypertension,new_hypertension,clinicalbert_type3_max_pool,rf,2,8,auprc,0.1204309391055302
4592,4592,4256.0,4256.0,1232.0,1232.0,,new_hypertension,new_hypertension,clinicalbert_type3_max_pool,rf,2,8,brier,0.2617329093799682
4593,4593,4257.0,4257.0,1233.0,1233.0,,new_hypertension,new_hypertension,clinicalbert_type3_max_pool,rf,3,8,auroc,0.5770826537561304
4594,4594,4258.0,4258.0,1234.0,1234.0,,new_hypertension,new_hypertension,clinicalbert_type3_max_pool,rf,3,8,auprc,0.1534062994632193
4595,4595,4259.0,4259.0,1235.0,1235.0,,new_hypertension,new_hypertension,clinicalbert_type3_max_pool,rf,3,8,brier,0.2944117647058824
4596,4596,4260.0,4260.0,1236.0,1236.0,,new_hypertension,new_hypertension,clinicalbert_type3_max_pool,rf,4,8,auroc,0.597790444143046
4597,4597,4261.0,4261.0,1237.0,1237.0,,new_hypertension,new_hypertension,clinicalbert_type3_max_pool,rf,4,8,auprc,0.1568656030908246
4598,4598,4262.0,4262.0,1238.0,1238.0,,new_hypertension,new_hypertension,clinicalbert_type3_max_pool,rf,4,8,brier,0.2486703409291644
4599,4599,4263.0,4263.0,1239.0,1239.0,,new_hypertension,new_hypertension,clinicalbert_type3_max_pool,rf,0,12,auroc,0.6215856610640891
4600,4600,4264.0,4264.0,1240.0,1240.0,,new_hypertension,new_hypertension,clinicalbert_type3_max_pool,rf,0,12,auprc,0.1902688286322545
4601,4601,4265.0,4265.0,1241.0,1241.0,,new_hypertension,new_hypertension,clinicalbert_type3_max_pool,rf,0,12,brier,0.2232386504151209
4602,4602,4266.0,4266.0,1242.0,1242.0,,new_hypertension,new_hypertension,clinicalbert_type3_max_pool,rf,1,12,auroc,0.501138828323061
4603,4603,4267.0,4267.0,1243.0,1243.0,,new_hypertension,new_hypertension,clinicalbert_type3_max_pool,rf,1,12,auprc,0.1282879973997334
4604,4604,4268.0,4268.0,1244.0,1244.0,,new_hypertension,new_hypertension,clinicalbert_type3_max_pool,rf,1,12,brier,0.359570747217806
4605,4605,4269.0,4269.0,1245.0,1245.0,,new_hypertension,new_hypertension,clinicalbert_type3_max_pool,rf,2,12,auroc,0.5440222958550083
4606,4606,4270.0,4270.0,1246.0,1246.0,,new_hypertension,new_hypertension,clinicalbert_type3_max_pool,rf,2,12,auprc,0.1359907070624922
4607,4607,4271.0,4271.0,1247.0,1247.0,,new_hypertension,new_hypertension,clinicalbert_type3_max_pool,rf,2,12,brier,0.2684840520667726
4608,4608,4272.0,4272.0,1248.0,1248.0,,new_hypertension,new_hypertension,clinicalbert_type3_max_pool,rf,3,12,auroc,0.5711767701913117
4609,4609,4273.0,4273.0,1249.0,1249.0,,new_hypertension,new_hypertension,clinicalbert_type3_max_pool,rf,3,12,auprc,0.1449047547897376
4610,4610,4274.0,4274.0,1250.0,1250.0,,new_hypertension,new_hypertension,clinicalbert_type3_max_pool,rf,3,12,brier,0.2970031796502385
4611,4611,4275.0,4275.0,1251.0,1251.0,,new_hypertension,new_hypertension,clinicalbert_type3_max_pool,rf,4,12,auroc,0.5934211204010507
4612,4612,4276.0,4276.0,1252.0,1252.0,,new_hypertension,new_hypertension,clinicalbert_type3_max_pool,rf,4,12,auprc,0.2015622581578214
4613,4613,4277.0,4277.0,1253.0,1253.0,,new_hypertension,new_hypertension,clinicalbert_type3_max_pool,rf,4,12,brier,0.2196893481717011
4614,4614,4278.0,4278.0,1254.0,1254.0,,new_hypertension,new_hypertension,clinicalbert_type3_max_pool,rf,0,16,auroc,0.6093847465677774
4615,4615,4279.0,4279.0,1255.0,1255.0,,new_hypertension,new_hypertension,clinicalbert_type3_max_pool,rf,0,16,auprc,0.1762817220441487
4616,4616,4280.0,4280.0,1256.0,1256.0,,new_hypertension,new_hypertension,clinicalbert_type3_max_pool,rf,0,16,brier,0.2148313196428129
4617,4617,4281.0,4281.0,1257.0,1257.0,,new_hypertension,new_hypertension,clinicalbert_type3_max_pool,rf,1,16,auroc,0.4797986734653001
4618,4618,4282.0,4282.0,1258.0,1258.0,,new_hypertension,new_hypertension,clinicalbert_type3_max_pool,rf,1,16,auprc,0.1187190418744655
4619,4619,4283.0,4283.0,1259.0,1259.0,,new_hypertension,new_hypertension,clinicalbert_type3_max_pool,rf,1,16,brier,0.3664467408585056
4620,4620,4284.0,4284.0,1260.0,1260.0,,new_hypertension,new_hypertension,clinicalbert_type3_max_pool,rf,2,16,auroc,0.5560887255996018
4621,4621,4285.0,4285.0,1261.0,1261.0,,new_hypertension,new_hypertension,clinicalbert_type3_max_pool,rf,2,16,auprc,0.1505671191415106
4622,4622,4286.0,4286.0,1262.0,1262.0,,new_hypertension,new_hypertension,clinicalbert_type3_max_pool,rf,2,16,brier,0.2673529411764706
4623,4623,4287.0,4287.0,1263.0,1263.0,,new_hypertension,new_hypertension,clinicalbert_type3_max_pool,rf,3,16,auroc,0.550182842034783
4624,4624,4288.0,4288.0,1264.0,1264.0,,new_hypertension,new_hypertension,clinicalbert_type3_max_pool,rf,3,16,auprc,0.1444452530633836
4625,4625,4289.0,4289.0,1265.0,1265.0,,new_hypertension,new_hypertension,clinicalbert_type3_max_pool,rf,3,16,brier,0.2879274863098392
4626,4626,4290.0,4290.0,1266.0,1266.0,,new_hypertension,new_hypertension,clinicalbert_type3_max_pool,rf,4,16,auroc,0.584376305503574
4627,4627,4291.0,4291.0,1267.0,1267.0,,new_hypertension,new_hypertension,clinicalbert_type3_max_pool,rf,4,16,auprc,0.1629555289553723
4628,4628,4292.0,4292.0,1268.0,1268.0,,new_hypertension,new_hypertension,clinicalbert_type3_max_pool,rf,4,16,brier,0.2505484896661367
4629,4629,4293.0,4293.0,1269.0,1269.0,,new_hypertension,new_hypertension,clinicalbert_type3_max_pool,rf,0,24,auroc,0.6052643626853457
4630,4630,4294.0,4294.0,1270.0,1270.0,,new_hypertension,new_hypertension,clinicalbert_type3_max_pool,rf,0,24,auprc,0.1863206499071593
4631,4631,4295.0,4295.0,1271.0,1271.0,,new_hypertension,new_hypertension,clinicalbert_type3_max_pool,rf,0,24,brier,0.2322317170111288
4632,4632,4296.0,4296.0,1272.0,1272.0,,new_hypertension,new_hypertension,clinicalbert_type3_max_pool,rf,1,24,auroc,0.49436880869401
4633,4633,4297.0,4297.0,1273.0,1273.0,,new_hypertension,new_hypertension,clinicalbert_type3_max_pool,rf,1,24,auprc,0.1249963274535799
4634,4634,4298.0,4298.0,1274.0,1274.0,,new_hypertension,new_hypertension,clinicalbert_type3_max_pool,rf,1,24,brier,0.3295434268691349
4635,4635,4299.0,4299.0,1275.0,1275.0,,new_hypertension,new_hypertension,clinicalbert_type3_max_pool,rf,2,24,auroc,0.5338729891668241
4636,4636,4300.0,4300.0,1276.0,1276.0,,new_hypertension,new_hypertension,clinicalbert_type3_max_pool,rf,2,24,auprc,0.129067913950981
4637,4637,4301.0,4301.0,1277.0,1277.0,,new_hypertension,new_hypertension,clinicalbert_type3_max_pool,rf,2,24,brier,0.2787259141494436
4638,4638,4302.0,4302.0,1278.0,1278.0,,new_hypertension,new_hypertension,clinicalbert_type3_max_pool,rf,3,24,auroc,0.5081949857217252
4639,4639,4303.0,4303.0,1279.0,1279.0,,new_hypertension,new_hypertension,clinicalbert_type3_max_pool,rf,3,24,auprc,0.1400557498537974
4640,4640,4304.0,4304.0,1280.0,1280.0,,new_hypertension,new_hypertension,clinicalbert_type3_max_pool,rf,3,24,brier,0.2566681613831648
4641,4641,4305.0,4305.0,1281.0,1281.0,,new_hypertension,new_hypertension,clinicalbert_type3_max_pool,rf,4,24,auroc,0.5886626492923812
4642,4642,4306.0,4306.0,1282.0,1282.0,,new_hypertension,new_hypertension,clinicalbert_type3_max_pool,rf,4,24,auprc,0.1750465744819094
4643,4643,4307.0,4307.0,1283.0,1283.0,,new_hypertension,new_hypertension,clinicalbert_type3_max_pool,rf,4,24,brier,0.2613593004769475
4644,4644,4308.0,4308.0,1284.0,1284.0,,new_hypertension,new_hypertension,clinicalbert_type3_max_pool,rf,0,32,auroc,0.5442683743368757
4645,4645,4309.0,4309.0,1285.0,1285.0,,new_hypertension,new_hypertension,clinicalbert_type3_max_pool,rf,0,32,auprc,0.1449075437728616
4646,4646,4310.0,4310.0,1286.0,1286.0,,new_hypertension,new_hypertension,clinicalbert_type3_max_pool,rf,0,32,brier,0.2280775080704261
4647,4647,4311.0,4311.0,1287.0,1287.0,,new_hypertension,new_hypertension,clinicalbert_type3_max_pool,rf,1,32,auroc,0.4713604706394034
4648,4648,4312.0,4312.0,1288.0,1288.0,,new_hypertension,new_hypertension,clinicalbert_type3_max_pool,rf,1,32,auprc,0.1354072848265514
4649,4649,4313.0,4313.0,1289.0,1289.0,,new_hypertension,new_hypertension,clinicalbert_type3_max_pool,rf,1,32,brier,0.3292607313195548
4650,4650,4314.0,4314.0,1290.0,1290.0,,new_hypertension,new_hypertension,clinicalbert_type3_max_pool,rf,2,32,auroc,0.5410092651409801
4651,4651,4315.0,4315.0,1291.0,1291.0,,new_hypertension,new_hypertension,clinicalbert_type3_max_pool,rf,2,32,auprc,0.131556866509254
4652,4652,4316.0,4316.0,1292.0,1292.0,,new_hypertension,new_hypertension,clinicalbert_type3_max_pool,rf,2,32,brier,0.3102045630966019
4653,4653,4317.0,4317.0,1293.0,1293.0,,new_hypertension,new_hypertension,clinicalbert_type3_max_pool,rf,3,32,auroc,0.5494617748553574
4654,4654,4318.0,4318.0,1294.0,1294.0,,new_hypertension,new_hypertension,clinicalbert_type3_max_pool,rf,3,32,auprc,0.1611173397545739
4655,4655,4319.0,4319.0,1295.0,1295.0,,new_hypertension,new_hypertension,clinicalbert_type3_max_pool,rf,3,32,brier,0.2520565182829888
4656,4656,4320.0,4320.0,1296.0,1296.0,,new_hypertension,new_hypertension,clinicalbert_type3_max_pool,rf,4,32,auroc,0.5455931922101854
4657,4657,4321.0,4321.0,1297.0,1297.0,,new_hypertension,new_hypertension,clinicalbert_type3_max_pool,rf,4,32,auprc,0.1530917285837751
4658,4658,4322.0,4322.0,1298.0,1298.0,,new_hypertension,new_hypertension,clinicalbert_type3_max_pool,rf,4,32,brier,0.2396661543896838
4659,4659,4323.0,4323.0,1299.0,1299.0,,new_hypertension,new_hypertension,clinicalbert_type3_max_pool,rf,0,48,auroc,0.58979575486005
4660,4660,4324.0,4324.0,1300.0,1300.0,,new_hypertension,new_hypertension,clinicalbert_type3_max_pool,rf,0,48,auprc,0.1890110998999756
4661,4661,4325.0,4325.0,1301.0,1301.0,,new_hypertension,new_hypertension,clinicalbert_type3_max_pool,rf,0,48,brier,0.2664427121665108
4662,4662,4326.0,4326.0,1302.0,1302.0,,new_hypertension,new_hypertension,clinicalbert_type3_max_pool,rf,1,48,auroc,0.537289474136007
4663,4663,4327.0,4327.0,1303.0,1303.0,,new_hypertension,new_hypertension,clinicalbert_type3_max_pool,rf,1,48,auprc,0.1344385196450599
4664,4664,4328.0,4328.0,1304.0,1304.0,,new_hypertension,new_hypertension,clinicalbert_type3_max_pool,rf,1,48,brier,0.2563831478537361
4665,4665,4329.0,4329.0,1305.0,1305.0,,new_hypertension,new_hypertension,clinicalbert_type3_max_pool,rf,2,48,auroc,0.5024293096640171
4666,4666,4330.0,4330.0,1306.0,1306.0,,new_hypertension,new_hypertension,clinicalbert_type3_max_pool,rf,2,48,auprc,0.122315851188818
4667,4667,4331.0,4331.0,1307.0,1307.0,,new_hypertension,new_hypertension,clinicalbert_type3_max_pool,rf,2,48,brier,0.2871293682573229
4668,4668,4332.0,4332.0,1308.0,1308.0,,new_hypertension,new_hypertension,clinicalbert_type3_max_pool,rf,3,48,auroc,0.5484259561293572
4669,4669,4333.0,4333.0,1309.0,1309.0,,new_hypertension,new_hypertension,clinicalbert_type3_max_pool,rf,3,48,auprc,0.1509120125785134
4670,4670,4334.0,4334.0,1310.0,1310.0,,new_hypertension,new_hypertension,clinicalbert_type3_max_pool,rf,3,48,brier,0.2309062224662051
4671,4671,4335.0,4335.0,1311.0,1311.0,,new_hypertension,new_hypertension,clinicalbert_type3_max_pool,rf,4,48,auroc,0.6321298378743397
4672,4672,4336.0,4336.0,1312.0,1312.0,,new_hypertension,new_hypertension,clinicalbert_type3_max_pool,rf,4,48,auprc,0.1976261815966605
4673,4673,4337.0,4337.0,1313.0,1313.0,,new_hypertension,new_hypertension,clinicalbert_type3_max_pool,rf,4,48,brier,0.2293689719130895
4674,4674,4338.0,4338.0,1314.0,1314.0,,new_hypertension,new_hypertension,clinicalbert_type3_max_pool,rf,0,64,auroc,0.6325762127949366
4675,4675,4339.0,4339.0,1315.0,1315.0,,new_hypertension,new_hypertension,clinicalbert_type3_max_pool,rf,0,64,auprc,0.1807375789752597
4676,4676,4340.0,4340.0,1316.0,1316.0,,new_hypertension,new_hypertension,clinicalbert_type3_max_pool,rf,0,64,brier,0.2369751070480318
4677,4677,4341.0,4341.0,1317.0,1317.0,,new_hypertension,new_hypertension,clinicalbert_type3_max_pool,rf,1,64,auroc,0.5719407580361793
4678,4678,4342.0,4342.0,1318.0,1318.0,,new_hypertension,new_hypertension,clinicalbert_type3_max_pool,rf,1,64,auprc,0.1507014874107959
4679,4679,4343.0,4343.0,1319.0,1319.0,,new_hypertension,new_hypertension,clinicalbert_type3_max_pool,rf,1,64,brier,0.266616856692706
4680,4680,4344.0,4344.0,1320.0,1320.0,,new_hypertension,new_hypertension,clinicalbert_type3_max_pool,rf,2,64,auroc,0.5978820082293222
4681,4681,4345.0,4345.0,1321.0,1321.0,,new_hypertension,new_hypertension,clinicalbert_type3_max_pool,rf,2,64,auprc,0.1789627556466345
4682,4682,4346.0,4346.0,1322.0,1322.0,,new_hypertension,new_hypertension,clinicalbert_type3_max_pool,rf,2,64,brier,0.240645045045045
4683,4683,4347.0,4347.0,1323.0,1323.0,,new_hypertension,new_hypertension,clinicalbert_type3_max_pool,rf,3,64,auroc,0.614509474021552
4684,4684,4348.0,4348.0,1324.0,1324.0,,new_hypertension,new_hypertension,clinicalbert_type3_max_pool,rf,3,64,auprc,0.2328613060975535
4685,4685,4349.0,4349.0,1325.0,1325.0,,new_hypertension,new_hypertension,clinicalbert_type3_max_pool,rf,3,64,brier,0.2186831881760176
4686,4686,4350.0,4350.0,1326.0,1326.0,,new_hypertension,new_hypertension,clinicalbert_type3_max_pool,rf,4,64,auroc,0.6418585220411923
4687,4687,4351.0,4351.0,1327.0,1327.0,,new_hypertension,new_hypertension,clinicalbert_type3_max_pool,rf,4,64,auprc,0.2040612990345259
4688,4688,4352.0,4352.0,1328.0,1328.0,,new_hypertension,new_hypertension,clinicalbert_type3_max_pool,rf,4,64,brier,0.2201402638981893
4689,4689,4353.0,4353.0,1329.0,1329.0,,new_hypertension,new_hypertension,clinicalbert_type3_max_pool,rf,0,128,auroc,0.6336291997871135
4690,4690,4354.0,4354.0,1330.0,1330.0,,new_hypertension,new_hypertension,clinicalbert_type3_max_pool,rf,0,128,auprc,0.2002914125479986
4691,4691,4355.0,4355.0,1331.0,1331.0,,new_hypertension,new_hypertension,clinicalbert_type3_max_pool,rf,0,128,brier,0.2154442774863557
4692,4692,4356.0,4356.0,1332.0,1332.0,,new_hypertension,new_hypertension,clinicalbert_type3_max_pool,rf,1,128,auroc,0.6493496088496689
4693,4693,4357.0,4357.0,1333.0,1333.0,,new_hypertension,new_hypertension,clinicalbert_type3_max_pool,rf,1,128,auprc,0.19456527864463
4694,4694,4358.0,4358.0,1334.0,1334.0,,new_hypertension,new_hypertension,clinicalbert_type3_max_pool,rf,1,128,brier,0.213987807433214
4695,4695,4359.0,4359.0,1335.0,1335.0,,new_hypertension,new_hypertension,clinicalbert_type3_max_pool,rf,2,128,auroc,0.5990809254840019
4696,4696,4360.0,4360.0,1336.0,1336.0,,new_hypertension,new_hypertension,clinicalbert_type3_max_pool,rf,2,128,auprc,0.1600816077647724
4697,4697,4361.0,4361.0,1337.0,1337.0,,new_hypertension,new_hypertension,clinicalbert_type3_max_pool,rf,2,128,brier,0.2274513276153209
4698,4698,4362.0,4362.0,1338.0,1338.0,,new_hypertension,new_hypertension,clinicalbert_type3_max_pool,rf,3,128,auroc,0.6298121219404719
4699,4699,4363.0,4363.0,1339.0,1339.0,,new_hypertension,new_hypertension,clinicalbert_type3_max_pool,rf,3,128,auprc,0.1759225006554838
4700,4700,4364.0,4364.0,1340.0,1340.0,,new_hypertension,new_hypertension,clinicalbert_type3_max_pool,rf,3,128,brier,0.2206774231822227
4701,4701,4365.0,4365.0,1341.0,1341.0,,new_hypertension,new_hypertension,clinicalbert_type3_max_pool,rf,4,128,auroc,0.5808997316027721
4702,4702,4366.0,4366.0,1342.0,1342.0,,new_hypertension,new_hypertension,clinicalbert_type3_max_pool,rf,4,128,auprc,0.1648734653808606
4703,4703,4367.0,4367.0,1343.0,1343.0,,new_hypertension,new_hypertension,clinicalbert_type3_max_pool,rf,4,128,brier,0.2188337837837838
4704,4704,4368.0,4368.0,1344.0,1344.0,,new_hypertension,new_hypertension,clinicalbert_type3_mean_pool,lr_lbfgs,0,-1,auroc,0.6742493175614195
4705,4705,4369.0,4369.0,1345.0,1345.0,,new_hypertension,new_hypertension,clinicalbert_type3_mean_pool,lr_lbfgs,0,-1,auprc,0.2314638263336362
4706,4706,4370.0,4370.0,1346.0,1346.0,,new_hypertension,new_hypertension,clinicalbert_type3_mean_pool,lr_lbfgs,0,-1,brier,0.106162721666886
4707,4707,4371.0,4371.0,1347.0,1347.0,,new_hypertension,new_hypertension,clinicalbert_type3_mean_pool,lr_lbfgs,0,1,auroc,0.6010781671159029
4708,4708,4372.0,4372.0,1348.0,1348.0,,new_hypertension,new_hypertension,clinicalbert_type3_mean_pool,lr_lbfgs,0,1,auprc,0.2049992065028307
4709,4709,4373.0,4373.0,1349.0,1349.0,,new_hypertension,new_hypertension,clinicalbert_type3_mean_pool,lr_lbfgs,0,1,brier,0.2499986606557688
4710,4710,4374.0,4374.0,1350.0,1350.0,,new_hypertension,new_hypertension,clinicalbert_type3_mean_pool,lr_lbfgs,1,1,auroc,0.579738012258142
4711,4711,4375.0,4375.0,1351.0,1351.0,,new_hypertension,new_hypertension,clinicalbert_type3_mean_pool,lr_lbfgs,1,1,auprc,0.2128727392950594
4712,4712,4376.0,4376.0,1352.0,1352.0,,new_hypertension,new_hypertension,clinicalbert_type3_mean_pool,lr_lbfgs,1,1,brier,0.2499983041336967
4713,4713,4377.0,4377.0,1353.0,1353.0,,new_hypertension,new_hypertension,clinicalbert_type3_mean_pool,lr_lbfgs,2,1,auroc,0.5696602400123612
4714,4714,4378.0,4378.0,1354.0,1354.0,,new_hypertension,new_hypertension,clinicalbert_type3_mean_pool,lr_lbfgs,2,1,auprc,0.1619162987493133
4715,4715,4379.0,4379.0,1355.0,1355.0,,new_hypertension,new_hypertension,clinicalbert_type3_mean_pool,lr_lbfgs,2,1,brier,0.2500035647163574
4716,4716,4380.0,4380.0,1356.0,1356.0,,new_hypertension,new_hypertension,clinicalbert_type3_mean_pool,lr_lbfgs,3,1,auroc,0.4263109401914834
4717,4717,4381.0,4381.0,1357.0,1357.0,,new_hypertension,new_hypertension,clinicalbert_type3_mean_pool,lr_lbfgs,3,1,auprc,0.1139550643526615
4718,4718,4382.0,4382.0,1358.0,1358.0,,new_hypertension,new_hypertension,clinicalbert_type3_mean_pool,lr_lbfgs,3,1,brier,0.2500008756784736
4719,4719,4383.0,4383.0,1359.0,1359.0,,new_hypertension,new_hypertension,clinicalbert_type3_mean_pool,lr_lbfgs,4,1,auroc,0.6015130965257152
4720,4720,4384.0,4384.0,1360.0,1360.0,,new_hypertension,new_hypertension,clinicalbert_type3_mean_pool,lr_lbfgs,4,1,auprc,0.1762596416340649
4721,4721,4385.0,4385.0,1361.0,1361.0,,new_hypertension,new_hypertension,clinicalbert_type3_mean_pool,lr_lbfgs,4,1,brier,0.2499967976569235
4722,4722,4386.0,4386.0,1362.0,1362.0,,new_hypertension,new_hypertension,clinicalbert_type3_mean_pool,lr_lbfgs,0,2,auroc,0.6441647924642757
4723,4723,4387.0,4387.0,1363.0,1363.0,,new_hypertension,new_hypertension,clinicalbert_type3_mean_pool,lr_lbfgs,0,2,auprc,0.2276672580571073
4724,4724,4388.0,4388.0,1364.0,1364.0,,new_hypertension,new_hypertension,clinicalbert_type3_mean_pool,lr_lbfgs,0,2,brier,0.2499995947874583
4725,4725,4389.0,4389.0,1365.0,1365.0,,new_hypertension,new_hypertension,clinicalbert_type3_mean_pool,lr_lbfgs,1,2,auroc,0.6199003096010667
4726,4726,4390.0,4390.0,1366.0,1366.0,,new_hypertension,new_hypertension,clinicalbert_type3_mean_pool,lr_lbfgs,1,2,auprc,0.1819612117017021
4727,4727,4391.0,4391.0,1367.0,1367.0,,new_hypertension,new_hypertension,clinicalbert_type3_mean_pool,lr_lbfgs,1,2,brier,0.249998748016234
4728,4728,4392.0,4392.0,1368.0,1368.0,,new_hypertension,new_hypertension,clinicalbert_type3_mean_pool,lr_lbfgs,2,2,auroc,0.5979936019594715
4729,4729,4393.0,4393.0,1369.0,1369.0,,new_hypertension,new_hypertension,clinicalbert_type3_mean_pool,lr_lbfgs,2,2,auprc,0.1616270469255454
4730,4730,4394.0,4394.0,1370.0,1370.0,,new_hypertension,new_hypertension,clinicalbert_type3_mean_pool,lr_lbfgs,2,2,brier,0.2500015954247724
4731,4731,4395.0,4395.0,1371.0,1371.0,,new_hypertension,new_hypertension,clinicalbert_type3_mean_pool,lr_lbfgs,3,2,auroc,0.6067551404650311
4732,4732,4396.0,4396.0,1372.0,1372.0,,new_hypertension,new_hypertension,clinicalbert_type3_mean_pool,lr_lbfgs,3,2,auprc,0.1993252530265125
4733,4733,4397.0,4397.0,1373.0,1373.0,,new_hypertension,new_hypertension,clinicalbert_type3_mean_pool,lr_lbfgs,3,2,brier,0.250000506507899
4734,4734,4398.0,4398.0,1374.0,1374.0,,new_hypertension,new_hypertension,clinicalbert_type3_mean_pool,lr_lbfgs,4,2,auroc,0.633680704585644
4735,4735,4399.0,4399.0,1375.0,1375.0,,new_hypertension,new_hypertension,clinicalbert_type3_mean_pool,lr_lbfgs,4,2,auprc,0.1843243181743964
4736,4736,4400.0,4400.0,1376.0,1376.0,,new_hypertension,new_hypertension,clinicalbert_type3_mean_pool,lr_lbfgs,4,2,brier,0.2499993834958744
4737,4737,4401.0,4401.0,1377.0,1377.0,,new_hypertension,new_hypertension,clinicalbert_type3_mean_pool,lr_lbfgs,0,4,auroc,0.6466541910599115
4738,4738,4402.0,4402.0,1378.0,1378.0,,new_hypertension,new_hypertension,clinicalbert_type3_mean_pool,lr_lbfgs,0,4,auprc,0.215353274060198
4739,4739,4403.0,4403.0,1379.0,1379.0,,new_hypertension,new_hypertension,clinicalbert_type3_mean_pool,lr_lbfgs,0,4,brier,0.3482785511280247
4740,4740,4404.0,4404.0,1380.0,1380.0,,new_hypertension,new_hypertension,clinicalbert_type3_mean_pool,lr_lbfgs,1,4,auroc,0.5400850401451291
4741,4741,4405.0,4405.0,1381.0,1381.0,,new_hypertension,new_hypertension,clinicalbert_type3_mean_pool,lr_lbfgs,1,4,auprc,0.1317805625164011
4742,4742,4406.0,4406.0,1382.0,1382.0,,new_hypertension,new_hypertension,clinicalbert_type3_mean_pool,lr_lbfgs,1,4,brier,0.2551384598849835
4743,4743,4407.0,4407.0,1383.0,1383.0,,new_hypertension,new_hypertension,clinicalbert_type3_mean_pool,lr_lbfgs,2,4,auroc,0.4578833816906164
4744,4744,4408.0,4408.0,1384.0,1384.0,,new_hypertension,new_hypertension,clinicalbert_type3_mean_pool,lr_lbfgs,2,4,auprc,0.1285617588739627
4745,4745,4409.0,4409.0,1385.0,1385.0,,new_hypertension,new_hypertension,clinicalbert_type3_mean_pool,lr_lbfgs,2,4,brier,0.4273872904518417
4746,4746,4410.0,4410.0,1386.0,1386.0,,new_hypertension,new_hypertension,clinicalbert_type3_mean_pool,lr_lbfgs,3,4,auroc,0.6032013093664337
4747,4747,4411.0,4411.0,1387.0,1387.0,,new_hypertension,new_hypertension,clinicalbert_type3_mean_pool,lr_lbfgs,3,4,auprc,0.2002405437437844
4748,4748,4412.0,4412.0,1388.0,1388.0,,new_hypertension,new_hypertension,clinicalbert_type3_mean_pool,lr_lbfgs,3,4,brier,0.2500001647937648
4749,4749,4413.0,4413.0,1389.0,1389.0,,new_hypertension,new_hypertension,clinicalbert_type3_mean_pool,lr_lbfgs,4,4,auroc,0.6388140161725067
4750,4750,4414.0,4414.0,1390.0,1390.0,,new_hypertension,new_hypertension,clinicalbert_type3_mean_pool,lr_lbfgs,4,4,auprc,0.2185157511588985
4751,4751,4415.0,4415.0,1391.0,1391.0,,new_hypertension,new_hypertension,clinicalbert_type3_mean_pool,lr_lbfgs,4,4,brier,0.2396322155323947
4752,4752,4416.0,4416.0,1392.0,1392.0,,new_hypertension,new_hypertension,clinicalbert_type3_mean_pool,lr_lbfgs,0,8,auroc,0.6684063843059156
4753,4753,4417.0,4417.0,1393.0,1393.0,,new_hypertension,new_hypertension,clinicalbert_type3_mean_pool,lr_lbfgs,0,8,auprc,0.2077797747201057
4754,4754,4418.0,4418.0,1394.0,1394.0,,new_hypertension,new_hypertension,clinicalbert_type3_mean_pool,lr_lbfgs,0,8,brier,0.2328608080434626
4755,4755,4419.0,4419.0,1395.0,1395.0,,new_hypertension,new_hypertension,clinicalbert_type3_mean_pool,lr_lbfgs,1,8,auroc,0.4589821507259315
4756,4756,4420.0,4420.0,1396.0,1396.0,,new_hypertension,new_hypertension,clinicalbert_type3_mean_pool,lr_lbfgs,1,8,auprc,0.1223267969255655
4757,4757,4421.0,4421.0,1397.0,1397.0,,new_hypertension,new_hypertension,clinicalbert_type3_mean_pool,lr_lbfgs,1,8,brier,0.5294430059790614
4758,4758,4422.0,4422.0,1398.0,1398.0,,new_hypertension,new_hypertension,clinicalbert_type3_mean_pool,lr_lbfgs,2,8,auroc,0.5521886677997723
4759,4759,4423.0,4423.0,1399.0,1399.0,,new_hypertension,new_hypertension,clinicalbert_type3_mean_pool,lr_lbfgs,2,8,auprc,0.153835963001992
4760,4760,4424.0,4424.0,1400.0,1400.0,,new_hypertension,new_hypertension,clinicalbert_type3_mean_pool,lr_lbfgs,2,8,brier,0.2499994362662675
4761,4761,4425.0,4425.0,1401.0,1401.0,,new_hypertension,new_hypertension,clinicalbert_type3_mean_pool,lr_lbfgs,3,8,auroc,0.6112188896709988
4762,4762,4426.0,4426.0,1402.0,1402.0,,new_hypertension,new_hypertension,clinicalbert_type3_mean_pool,lr_lbfgs,3,8,auprc,0.2052318575296904
4763,4763,4427.0,4427.0,1403.0,1403.0,,new_hypertension,new_hypertension,clinicalbert_type3_mean_pool,lr_lbfgs,3,8,brier,0.2500005000023575
4764,4764,4428.0,4428.0,1404.0,1404.0,,new_hypertension,new_hypertension,clinicalbert_type3_mean_pool,lr_lbfgs,4,8,auroc,0.6135766648926125
4765,4765,4429.0,4429.0,1405.0,1405.0,,new_hypertension,new_hypertension,clinicalbert_type3_mean_pool,lr_lbfgs,4,8,auprc,0.2197416843742044
4766,4766,4430.0,4430.0,1406.0,1406.0,,new_hypertension,new_hypertension,clinicalbert_type3_mean_pool,lr_lbfgs,4,8,brier,0.3895052098864713
4767,4767,4431.0,4431.0,1407.0,1407.0,,new_hypertension,new_hypertension,clinicalbert_type3_mean_pool,lr_lbfgs,0,12,auroc,0.65801386051356
4768,4768,4432.0,4432.0,1408.0,1408.0,,new_hypertension,new_hypertension,clinicalbert_type3_mean_pool,lr_lbfgs,0,12,auprc,0.2369881811222746
4769,4769,4433.0,4433.0,1409.0,1409.0,,new_hypertension,new_hypertension,clinicalbert_type3_mean_pool,lr_lbfgs,0,12,brier,0.2445838550103559
4770,4770,4434.0,4434.0,1410.0,1410.0,,new_hypertension,new_hypertension,clinicalbert_type3_mean_pool,lr_lbfgs,1,12,auroc,0.4364344944804025
4771,4771,4435.0,4435.0,1411.0,1411.0,,new_hypertension,new_hypertension,clinicalbert_type3_mean_pool,lr_lbfgs,1,12,auprc,0.1105424349348203
4772,4772,4436.0,4436.0,1412.0,1412.0,,new_hypertension,new_hypertension,clinicalbert_type3_mean_pool,lr_lbfgs,1,12,brier,0.4865585936518825
4773,4773,4437.0,4437.0,1413.0,1413.0,,new_hypertension,new_hypertension,clinicalbert_type3_mean_pool,lr_lbfgs,2,12,auroc,0.5798982494091255
4774,4774,4438.0,4438.0,1414.0,1414.0,,new_hypertension,new_hypertension,clinicalbert_type3_mean_pool,lr_lbfgs,2,12,auprc,0.1607406540238311
4775,4775,4439.0,4439.0,1415.0,1415.0,,new_hypertension,new_hypertension,clinicalbert_type3_mean_pool,lr_lbfgs,2,12,brier,0.2656294483345379
4776,4776,4440.0,4440.0,1416.0,1416.0,,new_hypertension,new_hypertension,clinicalbert_type3_mean_pool,lr_lbfgs,3,12,auroc,0.5009356705066356
4777,4777,4441.0,4441.0,1417.0,1417.0,,new_hypertension,new_hypertension,clinicalbert_type3_mean_pool,lr_lbfgs,3,12,auprc,0.1452842489368164
4778,4778,4442.0,4442.0,1418.0,1418.0,,new_hypertension,new_hypertension,clinicalbert_type3_mean_pool,lr_lbfgs,3,12,brier,0.5840375674231888
4779,4779,4443.0,4443.0,1419.0,1419.0,,new_hypertension,new_hypertension,clinicalbert_type3_mean_pool,lr_lbfgs,4,12,auroc,0.6562569746081344
4780,4780,4444.0,4444.0,1420.0,1420.0,,new_hypertension,new_hypertension,clinicalbert_type3_mean_pool,lr_lbfgs,4,12,auprc,0.23046539681127
4781,4781,4445.0,4445.0,1421.0,1421.0,,new_hypertension,new_hypertension,clinicalbert_type3_mean_pool,lr_lbfgs,4,12,brier,0.2488120468113328
4782,4782,4446.0,4446.0,1422.0,1422.0,,new_hypertension,new_hypertension,clinicalbert_type3_mean_pool,lr_lbfgs,0,16,auroc,0.647049061181978
4783,4783,4447.0,4447.0,1423.0,1423.0,,new_hypertension,new_hypertension,clinicalbert_type3_mean_pool,lr_lbfgs,0,16,auprc,0.2135570052510081
4784,4784,4448.0,4448.0,1424.0,1424.0,,new_hypertension,new_hypertension,clinicalbert_type3_mean_pool,lr_lbfgs,0,16,brier,0.3670390205703885
4785,4785,4449.0,4449.0,1425.0,1425.0,,new_hypertension,new_hypertension,clinicalbert_type3_mean_pool,lr_lbfgs,1,16,auroc,0.5872004852896573
4786,4786,4450.0,4450.0,1426.0,1426.0,,new_hypertension,new_hypertension,clinicalbert_type3_mean_pool,lr_lbfgs,1,16,auprc,0.1737542606508985
4787,4787,4451.0,4451.0,1427.0,1427.0,,new_hypertension,new_hypertension,clinicalbert_type3_mean_pool,lr_lbfgs,1,16,brier,0.2567023878864805
4788,4788,4452.0,4452.0,1428.0,1428.0,,new_hypertension,new_hypertension,clinicalbert_type3_mean_pool,lr_lbfgs,2,16,auroc,0.6083689574856501
4789,4789,4453.0,4453.0,1429.0,1429.0,,new_hypertension,new_hypertension,clinicalbert_type3_mean_pool,lr_lbfgs,2,16,auprc,0.1860592733752528
4790,4790,4454.0,4454.0,1430.0,1430.0,,new_hypertension,new_hypertension,clinicalbert_type3_mean_pool,lr_lbfgs,2,16,brier,0.2512129086215521
4791,4791,4455.0,4455.0,1431.0,1431.0,,new_hypertension,new_hypertension,clinicalbert_type3_mean_pool,lr_lbfgs,3,16,auroc,0.6041055047184118
4792,4792,4456.0,4456.0,1432.0,1432.0,,new_hypertension,new_hypertension,clinicalbert_type3_mean_pool,lr_lbfgs,3,16,auprc,0.2027734429006405
4793,4793,4457.0,4457.0,1433.0,1433.0,,new_hypertension,new_hypertension,clinicalbert_type3_mean_pool,lr_lbfgs,3,16,brier,0.2427158787297596
4794,4794,4458.0,4458.0,1434.0,1434.0,,new_hypertension,new_hypertension,clinicalbert_type3_mean_pool,lr_lbfgs,4,16,auroc,0.65728134782335
4795,4795,4459.0,4459.0,1435.0,1435.0,,new_hypertension,new_hypertension,clinicalbert_type3_mean_pool,lr_lbfgs,4,16,auprc,0.214872318070394
4796,4796,4460.0,4460.0,1436.0,1436.0,,new_hypertension,new_hypertension,clinicalbert_type3_mean_pool,lr_lbfgs,4,16,brier,0.234868544844246
4797,4797,4461.0,4461.0,1437.0,1437.0,,new_hypertension,new_hypertension,clinicalbert_type3_mean_pool,lr_lbfgs,0,24,auroc,0.6492122627202546
4798,4798,4462.0,4462.0,1438.0,1438.0,,new_hypertension,new_hypertension,clinicalbert_type3_mean_pool,lr_lbfgs,0,24,auprc,0.1985821949065502
4799,4799,4463.0,4463.0,1439.0,1439.0,,new_hypertension,new_hypertension,clinicalbert_type3_mean_pool,lr_lbfgs,0,24,brier,0.4975046120762947
4800,4800,4464.0,4464.0,1440.0,1440.0,,new_hypertension,new_hypertension,clinicalbert_type3_mean_pool,lr_lbfgs,1,24,auroc,0.6304816843213671
4801,4801,4465.0,4465.0,1441.0,1441.0,,new_hypertension,new_hypertension,clinicalbert_type3_mean_pool,lr_lbfgs,1,24,auprc,0.1918087312048699
4802,4802,4466.0,4466.0,1442.0,1442.0,,new_hypertension,new_hypertension,clinicalbert_type3_mean_pool,lr_lbfgs,1,24,brier,0.2450458643174367
4803,4803,4467.0,4467.0,1443.0,1443.0,,new_hypertension,new_hypertension,clinicalbert_type3_mean_pool,lr_lbfgs,2,24,auroc,0.6398326666323302
4804,4804,4468.0,4468.0,1444.0,1444.0,,new_hypertension,new_hypertension,clinicalbert_type3_mean_pool,lr_lbfgs,2,24,auprc,0.2070638066659035
4805,4805,4469.0,4469.0,1445.0,1445.0,,new_hypertension,new_hypertension,clinicalbert_type3_mean_pool,lr_lbfgs,2,24,brier,0.23620731172149
4806,4806,4470.0,4470.0,1446.0,1446.0,,new_hypertension,new_hypertension,clinicalbert_type3_mean_pool,lr_lbfgs,3,24,auroc,0.6038651489919367
4807,4807,4471.0,4471.0,1447.0,1447.0,,new_hypertension,new_hypertension,clinicalbert_type3_mean_pool,lr_lbfgs,3,24,auprc,0.1775019372955666
4808,4808,4472.0,4472.0,1448.0,1448.0,,new_hypertension,new_hypertension,clinicalbert_type3_mean_pool,lr_lbfgs,3,24,brier,0.2399525064042718
4809,4809,4473.0,4473.0,1449.0,1449.0,,new_hypertension,new_hypertension,clinicalbert_type3_mean_pool,lr_lbfgs,4,24,auroc,0.644965978219193
4810,4810,4474.0,4474.0,1450.0,1450.0,,new_hypertension,new_hypertension,clinicalbert_type3_mean_pool,lr_lbfgs,4,24,auprc,0.2270204407194146
4811,4811,4475.0,4475.0,1451.0,1451.0,,new_hypertension,new_hypertension,clinicalbert_type3_mean_pool,lr_lbfgs,4,24,brier,0.2277836907804498
4812,4812,4476.0,4476.0,1452.0,1452.0,,new_hypertension,new_hypertension,clinicalbert_type3_mean_pool,lr_lbfgs,0,32,auroc,0.6488917884182877
4813,4813,4477.0,4477.0,1453.0,1453.0,,new_hypertension,new_hypertension,clinicalbert_type3_mean_pool,lr_lbfgs,0,32,auprc,0.2084870729761564
4814,4814,4478.0,4478.0,1454.0,1454.0,,new_hypertension,new_hypertension,clinicalbert_type3_mean_pool,lr_lbfgs,0,32,brier,0.2894118741956403
4815,4815,4479.0,4479.0,1455.0,1455.0,,new_hypertension,new_hypertension,clinicalbert_type3_mean_pool,lr_lbfgs,1,32,auroc,0.5887112927132155
4816,4816,4480.0,4480.0,1456.0,1456.0,,new_hypertension,new_hypertension,clinicalbert_type3_mean_pool,lr_lbfgs,1,32,auprc,0.1595456614245655
4817,4817,4481.0,4481.0,1457.0,1457.0,,new_hypertension,new_hypertension,clinicalbert_type3_mean_pool,lr_lbfgs,1,32,brier,0.2405243346412056
4818,4818,4482.0,4482.0,1458.0,1458.0,,new_hypertension,new_hypertension,clinicalbert_type3_mean_pool,lr_lbfgs,2,32,auroc,0.6331999931326935
4819,4819,4483.0,4483.0,1459.0,1459.0,,new_hypertension,new_hypertension,clinicalbert_type3_mean_pool,lr_lbfgs,2,32,auprc,0.2080706324569469
4820,4820,4484.0,4484.0,1460.0,1460.0,,new_hypertension,new_hypertension,clinicalbert_type3_mean_pool,lr_lbfgs,2,32,brier,0.2360195733788588
4821,4821,4485.0,4485.0,1461.0,1461.0,,new_hypertension,new_hypertension,clinicalbert_type3_mean_pool,lr_lbfgs,3,32,auroc,0.6324274211547376
4822,4822,4486.0,4486.0,1462.0,1462.0,,new_hypertension,new_hypertension,clinicalbert_type3_mean_pool,lr_lbfgs,3,32,auprc,0.2197775167878
4823,4823,4487.0,4487.0,1463.0,1463.0,,new_hypertension,new_hypertension,clinicalbert_type3_mean_pool,lr_lbfgs,3,32,brier,0.2362626453328165
4824,4824,4488.0,4488.0,1464.0,1464.0,,new_hypertension,new_hypertension,clinicalbert_type3_mean_pool,lr_lbfgs,4,32,auroc,0.68427558500867
4825,4825,4489.0,4489.0,1465.0,1465.0,,new_hypertension,new_hypertension,clinicalbert_type3_mean_pool,lr_lbfgs,4,32,auprc,0.2559917797733452
4826,4826,4490.0,4490.0,1466.0,1466.0,,new_hypertension,new_hypertension,clinicalbert_type3_mean_pool,lr_lbfgs,4,32,brier,0.2408369647982511
4827,4827,4491.0,4491.0,1467.0,1467.0,,new_hypertension,new_hypertension,clinicalbert_type3_mean_pool,lr_lbfgs,0,48,auroc,0.6540079317389736
4828,4828,4492.0,4492.0,1468.0,1468.0,,new_hypertension,new_hypertension,clinicalbert_type3_mean_pool,lr_lbfgs,0,48,auprc,0.2249836285203062
4829,4829,4493.0,4493.0,1469.0,1469.0,,new_hypertension,new_hypertension,clinicalbert_type3_mean_pool,lr_lbfgs,0,48,brier,0.3027307945201589
4830,4830,4494.0,4494.0,1470.0,1470.0,,new_hypertension,new_hypertension,clinicalbert_type3_mean_pool,lr_lbfgs,1,48,auroc,0.6523769464521778
4831,4831,4495.0,4495.0,1471.0,1471.0,,new_hypertension,new_hypertension,clinicalbert_type3_mean_pool,lr_lbfgs,1,48,auprc,0.1840540620761351
4832,4832,4496.0,4496.0,1472.0,1472.0,,new_hypertension,new_hypertension,clinicalbert_type3_mean_pool,lr_lbfgs,1,48,brier,0.2499660475069803
4833,4833,4497.0,4497.0,1473.0,1473.0,,new_hypertension,new_hypertension,clinicalbert_type3_mean_pool,lr_lbfgs,2,48,auroc,0.6077737909248545
4834,4834,4498.0,4498.0,1474.0,1474.0,,new_hypertension,new_hypertension,clinicalbert_type3_mean_pool,lr_lbfgs,2,48,auprc,0.1824964485490582
4835,4835,4499.0,4499.0,1475.0,1475.0,,new_hypertension,new_hypertension,clinicalbert_type3_mean_pool,lr_lbfgs,2,48,brier,0.2861316760361346
4836,4836,4500.0,4500.0,1476.0,1476.0,,new_hypertension,new_hypertension,clinicalbert_type3_mean_pool,lr_lbfgs,3,48,auroc,0.6634562008916053
4837,4837,4501.0,4501.0,1477.0,1477.0,,new_hypertension,new_hypertension,clinicalbert_type3_mean_pool,lr_lbfgs,3,48,auprc,0.2331971788744958
4838,4838,4502.0,4502.0,1478.0,1478.0,,new_hypertension,new_hypertension,clinicalbert_type3_mean_pool,lr_lbfgs,3,48,brier,0.2337997831859082
4839,4839,4503.0,4503.0,1479.0,1479.0,,new_hypertension,new_hypertension,clinicalbert_type3_mean_pool,lr_lbfgs,4,48,auroc,0.681482880377244
4840,4840,4504.0,4504.0,1480.0,1480.0,,new_hypertension,new_hypertension,clinicalbert_type3_mean_pool,lr_lbfgs,4,48,auprc,0.2478353531415051
4841,4841,4505.0,4505.0,1481.0,1481.0,,new_hypertension,new_hypertension,clinicalbert_type3_mean_pool,lr_lbfgs,4,48,brier,0.2422648325466281
4842,4842,4506.0,4506.0,1482.0,1482.0,,new_hypertension,new_hypertension,clinicalbert_type3_mean_pool,lr_lbfgs,0,64,auroc,0.6499218843888955
4843,4843,4507.0,4507.0,1483.0,1483.0,,new_hypertension,new_hypertension,clinicalbert_type3_mean_pool,lr_lbfgs,0,64,auprc,0.2254389340975215
4844,4844,4508.0,4508.0,1484.0,1484.0,,new_hypertension,new_hypertension,clinicalbert_type3_mean_pool,lr_lbfgs,0,64,brier,0.2433274393071738
4845,4845,4509.0,4509.0,1485.0,1485.0,,new_hypertension,new_hypertension,clinicalbert_type3_mean_pool,lr_lbfgs,1,64,auroc,0.6705695858441922
4846,4846,4510.0,4510.0,1486.0,1486.0,,new_hypertension,new_hypertension,clinicalbert_type3_mean_pool,lr_lbfgs,1,64,auprc,0.200222395313347
4847,4847,4511.0,4511.0,1487.0,1487.0,,new_hypertension,new_hypertension,clinicalbert_type3_mean_pool,lr_lbfgs,1,64,brier,0.2381306962845546
4848,4848,4512.0,4512.0,1488.0,1488.0,,new_hypertension,new_hypertension,clinicalbert_type3_mean_pool,lr_lbfgs,2,64,auroc,0.6475297726349282
4849,4849,4513.0,4513.0,1489.0,1489.0,,new_hypertension,new_hypertension,clinicalbert_type3_mean_pool,lr_lbfgs,2,64,auprc,0.1976110147163774
4850,4850,4514.0,4514.0,1490.0,1490.0,,new_hypertension,new_hypertension,clinicalbert_type3_mean_pool,lr_lbfgs,2,64,brier,0.2561383520515539
4851,4851,4515.0,4515.0,1491.0,1491.0,,new_hypertension,new_hypertension,clinicalbert_type3_mean_pool,lr_lbfgs,3,64,auroc,0.6579852467365988
4852,4852,4516.0,4516.0,1492.0,1492.0,,new_hypertension,new_hypertension,clinicalbert_type3_mean_pool,lr_lbfgs,3,64,auprc,0.2219258690099874
4853,4853,4517.0,4517.0,1493.0,1493.0,,new_hypertension,new_hypertension,clinicalbert_type3_mean_pool,lr_lbfgs,3,64,brier,0.2380007916429775
4854,4854,4518.0,4518.0,1494.0,1494.0,,new_hypertension,new_hypertension,clinicalbert_type3_mean_pool,lr_lbfgs,4,64,auroc,0.6749761074962374
4855,4855,4519.0,4519.0,1495.0,1495.0,,new_hypertension,new_hypertension,clinicalbert_type3_mean_pool,lr_lbfgs,4,64,auprc,0.2271598840183898
4856,4856,4520.0,4520.0,1496.0,1496.0,,new_hypertension,new_hypertension,clinicalbert_type3_mean_pool,lr_lbfgs,4,64,brier,0.2441332652395065
4857,4857,4521.0,4521.0,1497.0,1497.0,,new_hypertension,new_hypertension,clinicalbert_type3_mean_pool,lr_lbfgs,0,128,auroc,0.6595532817140797
4858,4858,4522.0,4522.0,1498.0,1498.0,,new_hypertension,new_hypertension,clinicalbert_type3_mean_pool,lr_lbfgs,0,128,auprc,0.2421740642340022
4859,4859,4523.0,4523.0,1499.0,1499.0,,new_hypertension,new_hypertension,clinicalbert_type3_mean_pool,lr_lbfgs,0,128,brier,0.2503217309740431
4860,4860,4524.0,4524.0,1500.0,1500.0,,new_hypertension,new_hypertension,clinicalbert_type3_mean_pool,lr_lbfgs,1,128,auroc,0.6904332698107485
4861,4861,4525.0,4525.0,1501.0,1501.0,,new_hypertension,new_hypertension,clinicalbert_type3_mean_pool,lr_lbfgs,1,128,auprc,0.2353752647730339
4862,4862,4526.0,4526.0,1502.0,1502.0,,new_hypertension,new_hypertension,clinicalbert_type3_mean_pool,lr_lbfgs,1,128,brier,0.2195848109250055
4863,4863,4527.0,4527.0,1503.0,1503.0,,new_hypertension,new_hypertension,clinicalbert_type3_mean_pool,lr_lbfgs,2,128,auroc,0.6509805941364648
4864,4864,4528.0,4528.0,1504.0,1504.0,,new_hypertension,new_hypertension,clinicalbert_type3_mean_pool,lr_lbfgs,2,128,auprc,0.1958959946167957
4865,4865,4529.0,4529.0,1505.0,1505.0,,new_hypertension,new_hypertension,clinicalbert_type3_mean_pool,lr_lbfgs,2,128,brier,0.2399241328049265
4866,4866,4530.0,4530.0,1506.0,1506.0,,new_hypertension,new_hypertension,clinicalbert_type3_mean_pool,lr_lbfgs,3,128,auroc,0.6485198093177904
4867,4867,4531.0,4531.0,1507.0,1507.0,,new_hypertension,new_hypertension,clinicalbert_type3_mean_pool,lr_lbfgs,3,128,auprc,0.1868188105276633
4868,4868,4532.0,4532.0,1508.0,1508.0,,new_hypertension,new_hypertension,clinicalbert_type3_mean_pool,lr_lbfgs,3,128,brier,0.2379037557625759
4869,4869,4533.0,4533.0,1509.0,1509.0,,new_hypertension,new_hypertension,clinicalbert_type3_mean_pool,lr_lbfgs,4,128,auroc,0.6473351989515912
4870,4870,4534.0,4534.0,1510.0,1510.0,,new_hypertension,new_hypertension,clinicalbert_type3_mean_pool,lr_lbfgs,4,128,auprc,0.1999052237622032
4871,4871,4535.0,4535.0,1511.0,1511.0,,new_hypertension,new_hypertension,clinicalbert_type3_mean_pool,lr_lbfgs,4,128,brier,0.2395208241374092
4872,4872,4536.0,4536.0,1512.0,1512.0,,new_hypertension,new_hypertension,clinicalbert_type3_mean_pool,knn,0,-1,auroc,0.5008669974419284
4873,4873,4537.0,4537.0,1513.0,1513.0,,new_hypertension,new_hypertension,clinicalbert_type3_mean_pool,knn,0,-1,auprc,0.1216320841149428
4874,4874,4538.0,4538.0,1514.0,1514.0,,new_hypertension,new_hypertension,clinicalbert_type3_mean_pool,knn,0,-1,brier,0.1537681407369307
4875,4875,4539.0,4539.0,1515.0,1515.0,,new_hypertension,new_hypertension,clinicalbert_type3_mean_pool,knn,0,1,auroc,0.5568756044660382
4876,4876,4540.0,4540.0,1516.0,1516.0,,new_hypertension,new_hypertension,clinicalbert_type3_mean_pool,knn,0,1,auprc,0.1427529291390537
4877,4877,4541.0,4541.0,1517.0,1517.0,,new_hypertension,new_hypertension,clinicalbert_type3_mean_pool,knn,0,1,brier,0.3465818759936407
4878,4878,4542.0,4542.0,1518.0,1518.0,,new_hypertension,new_hypertension,clinicalbert_type3_mean_pool,knn,1,1,auroc,0.5388517863580957
4879,4879,4543.0,4543.0,1519.0,1519.0,,new_hypertension,new_hypertension,clinicalbert_type3_mean_pool,knn,1,1,auprc,0.1364131244775673
4880,4880,4544.0,4544.0,1520.0,1520.0,,new_hypertension,new_hypertension,clinicalbert_type3_mean_pool,knn,1,1,brier,0.4109697933227345
4881,4881,4545.0,4545.0,1521.0,1521.0,,new_hypertension,new_hypertension,clinicalbert_type3_mean_pool,knn,2,1,auroc,0.4893470908372963
4882,4882,4546.0,4546.0,1522.0,1522.0,,new_hypertension,new_hypertension,clinicalbert_type3_mean_pool,knn,2,1,auprc,0.1240869474507058
4883,4883,4547.0,4547.0,1523.0,1523.0,,new_hypertension,new_hypertension,clinicalbert_type3_mean_pool,knn,2,1,brier,0.8076311605723371
4884,4884,4548.0,4548.0,1524.0,1524.0,,new_hypertension,new_hypertension,clinicalbert_type3_mean_pool,knn,3,1,auroc,0.4393101790650162
4885,4885,4549.0,4549.0,1525.0,1525.0,,new_hypertension,new_hypertension,clinicalbert_type3_mean_pool,knn,3,1,auprc,0.1152291668969044
4886,4886,4550.0,4550.0,1526.0,1526.0,,new_hypertension,new_hypertension,clinicalbert_type3_mean_pool,knn,3,1,brier,0.6271860095389508
4887,4887,4551.0,4551.0,1527.0,1527.0,,new_hypertension,new_hypertension,clinicalbert_type3_mean_pool,knn,4,1,auroc,0.5631105464659124
4888,4888,4552.0,4552.0,1528.0,1528.0,,new_hypertension,new_hypertension,clinicalbert_type3_mean_pool,knn,4,1,auprc,0.146081788146161
4889,4889,4553.0,4553.0,1529.0,1529.0,,new_hypertension,new_hypertension,clinicalbert_type3_mean_pool,knn,4,1,brier,0.2980922098569157
4890,4890,4554.0,4554.0,1530.0,1530.0,,new_hypertension,new_hypertension,clinicalbert_type3_mean_pool,knn,0,2,auroc,0.646642745549127
4891,4891,4555.0,4555.0,1531.0,1531.0,,new_hypertension,new_hypertension,clinicalbert_type3_mean_pool,knn,0,2,auprc,0.2076902479706258
4892,4892,4556.0,4556.0,1532.0,1532.0,,new_hypertension,new_hypertension,clinicalbert_type3_mean_pool,knn,0,2,brier,0.1855154741346263
4893,4893,4557.0,4557.0,1533.0,1533.0,,new_hypertension,new_hypertension,clinicalbert_type3_mean_pool,knn,1,2,auroc,0.5490382909563296
4894,4894,4558.0,4558.0,1534.0,1534.0,,new_hypertension,new_hypertension,clinicalbert_type3_mean_pool,knn,1,2,auprc,0.1386614015668153
4895,4895,4559.0,4559.0,1535.0,1535.0,,new_hypertension,new_hypertension,clinicalbert_type3_mean_pool,knn,1,2,brier,0.5858505564387917
4896,4896,4560.0,4560.0,1536.0,1536.0,,new_hypertension,new_hypertension,clinicalbert_type3_mean_pool,knn,2,2,auroc,0.5895697060220555
4897,4897,4561.0,4561.0,1537.0,1537.0,,new_hypertension,new_hypertension,clinicalbert_type3_mean_pool,knn,2,2,auprc,0.179727597887212
4898,4898,4562.0,4562.0,1538.0,1538.0,,new_hypertension,new_hypertension,clinicalbert_type3_mean_pool,knn,2,2,brier,0.366972534288762
4899,4899,4563.0,4563.0,1539.0,1539.0,,new_hypertension,new_hypertension,clinicalbert_type3_mean_pool,knn,3,2,auroc,0.5631935264191003
4900,4900,4564.0,4564.0,1540.0,1540.0,,new_hypertension,new_hypertension,clinicalbert_type3_mean_pool,knn,3,2,auprc,0.1436372474409818
4901,4901,4565.0,4565.0,1541.0,1541.0,,new_hypertension,new_hypertension,clinicalbert_type3_mean_pool,knn,3,2,brier,0.2605546723193782
4902,4902,4566.0,4566.0,1542.0,1542.0,,new_hypertension,new_hypertension,clinicalbert_type3_mean_pool,knn,4,2,auroc,0.6085520856582027
4903,4903,4567.0,4567.0,1543.0,1543.0,,new_hypertension,new_hypertension,clinicalbert_type3_mean_pool,knn,4,2,auprc,0.1780866842441715
4904,4904,4568.0,4568.0,1544.0,1544.0,,new_hypertension,new_hypertension,clinicalbert_type3_mean_pool,knn,4,2,brier,0.1808208265618462
4905,4905,4569.0,4569.0,1545.0,1545.0,,new_hypertension,new_hypertension,clinicalbert_type3_mean_pool,knn,0,4,auroc,0.6038594262365444
4906,4906,4570.0,4570.0,1546.0,1546.0,,new_hypertension,new_hypertension,clinicalbert_type3_mean_pool,knn,0,4,auprc,0.1587605363410024
4907,4907,4571.0,4571.0,1547.0,1547.0,,new_hypertension,new_hypertension,clinicalbert_type3_mean_pool,knn,0,4,brier,0.410174880763116
4908,4908,4572.0,4572.0,1548.0,1548.0,,new_hypertension,new_hypertension,clinicalbert_type3_mean_pool,knn,1,4,auroc,0.478983180821902
4909,4909,4573.0,4573.0,1549.0,1549.0,,new_hypertension,new_hypertension,clinicalbert_type3_mean_pool,knn,1,4,auprc,0.1244229112759029
4910,4910,4574.0,4574.0,1550.0,1550.0,,new_hypertension,new_hypertension,clinicalbert_type3_mean_pool,knn,1,4,brier,0.2780427486309839
4911,4911,4575.0,4575.0,1551.0,1551.0,,new_hypertension,new_hypertension,clinicalbert_type3_mean_pool,knn,2,4,auroc,0.5138233156500192
4912,4912,4576.0,4576.0,1552.0,1552.0,,new_hypertension,new_hypertension,clinicalbert_type3_mean_pool,knn,2,4,auprc,0.1293531933193409
4913,4913,4577.0,4577.0,1553.0,1553.0,,new_hypertension,new_hypertension,clinicalbert_type3_mean_pool,knn,2,4,brier,0.3644094950070531
4914,4914,4578.0,4578.0,1554.0,1554.0,,new_hypertension,new_hypertension,clinicalbert_type3_mean_pool,knn,3,4,auroc,0.6116108984153691
4915,4915,4579.0,4579.0,1555.0,1555.0,,new_hypertension,new_hypertension,clinicalbert_type3_mean_pool,knn,3,4,auprc,0.1750808927723312
4916,4916,4580.0,4580.0,1556.0,1556.0,,new_hypertension,new_hypertension,clinicalbert_type3_mean_pool,knn,3,4,brier,0.2860801978449037
4917,4917,4581.0,4581.0,1557.0,1557.0,,new_hypertension,new_hypertension,clinicalbert_type3_mean_pool,knn,4,4,auroc,0.5984285313692836
4918,4918,4582.0,4582.0,1558.0,1558.0,,new_hypertension,new_hypertension,clinicalbert_type3_mean_pool,knn,4,4,auprc,0.1663330322883726
4919,4919,4583.0,4583.0,1559.0,1559.0,,new_hypertension,new_hypertension,clinicalbert_type3_mean_pool,knn,4,4,brier,0.2445918686922031
4920,4920,4584.0,4584.0,1560.0,1560.0,,new_hypertension,new_hypertension,clinicalbert_type3_mean_pool,knn,0,8,auroc,0.6456527088662649
4921,4921,4585.0,4585.0,1561.0,1561.0,,new_hypertension,new_hypertension,clinicalbert_type3_mean_pool,knn,0,8,auprc,0.1943013903676948
4922,4922,4586.0,4586.0,1562.0,1562.0,,new_hypertension,new_hypertension,clinicalbert_type3_mean_pool,knn,0,8,brier,0.2592505711158105
4923,4923,4587.0,4587.0,1563.0,1563.0,,new_hypertension,new_hypertension,clinicalbert_type3_mean_pool,knn,1,8,auroc,0.5318929158011
4924,4924,4588.0,4588.0,1564.0,1564.0,,new_hypertension,new_hypertension,clinicalbert_type3_mean_pool,knn,1,8,auprc,0.1343533553492747
4925,4925,4589.0,4589.0,1565.0,1565.0,,new_hypertension,new_hypertension,clinicalbert_type3_mean_pool,knn,1,8,brier,0.2838473767885532
4926,4926,4590.0,4590.0,1566.0,1566.0,,new_hypertension,new_hypertension,clinicalbert_type3_mean_pool,knn,2,8,auroc,0.5906827819458512
4927,4927,4591.0,4591.0,1567.0,1567.0,,new_hypertension,new_hypertension,clinicalbert_type3_mean_pool,knn,2,8,auprc,0.1603358838390882
4928,4928,4592.0,4592.0,1568.0,1568.0,,new_hypertension,new_hypertension,clinicalbert_type3_mean_pool,knn,2,8,brier,0.328020434740025
4929,4929,4593.0,4593.0,1569.0,1569.0,,new_hypertension,new_hypertension,clinicalbert_type3_mean_pool,knn,3,8,auroc,0.6140831287448281
4930,4930,4594.0,4594.0,1570.0,1570.0,,new_hypertension,new_hypertension,clinicalbert_type3_mean_pool,knn,3,8,auprc,0.1683554012280559
4931,4931,4595.0,4595.0,1571.0,1571.0,,new_hypertension,new_hypertension,clinicalbert_type3_mean_pool,knn,3,8,brier,0.2873131955484897
4932,4932,4596.0,4596.0,1572.0,1572.0,,new_hypertension,new_hypertension,clinicalbert_type3_mean_pool,knn,4,8,auroc,0.6054675205017711
4933,4933,4597.0,4597.0,1573.0,1573.0,,new_hypertension,new_hypertension,clinicalbert_type3_mean_pool,knn,4,8,auprc,0.1768031432378579
4934,4934,4598.0,4598.0,1574.0,1574.0,,new_hypertension,new_hypertension,clinicalbert_type3_mean_pool,knn,4,8,brier,0.2504528308426562
4935,4935,4599.0,4599.0,1575.0,1575.0,,new_hypertension,new_hypertension,clinicalbert_type3_mean_pool,knn,0,12,auroc,0.5485289657264178
4936,4936,4600.0,4600.0,1576.0,1576.0,,new_hypertension,new_hypertension,clinicalbert_type3_mean_pool,knn,0,12,auprc,0.13866952777271
4937,4937,4601.0,4601.0,1577.0,1577.0,,new_hypertension,new_hypertension,clinicalbert_type3_mean_pool,knn,0,12,brier,0.5397456279809221
4938,4938,4602.0,4602.0,1578.0,1578.0,,new_hypertension,new_hypertension,clinicalbert_type3_mean_pool,knn,1,12,auroc,0.4665676629983804
4939,4939,4603.0,4603.0,1579.0,1579.0,,new_hypertension,new_hypertension,clinicalbert_type3_mean_pool,knn,1,12,auprc,0.1202946633493222
4940,4940,4604.0,4604.0,1580.0,1580.0,,new_hypertension,new_hypertension,clinicalbert_type3_mean_pool,knn,1,12,brier,0.2969475357710652
4941,4941,4605.0,4605.0,1581.0,1581.0,,new_hypertension,new_hypertension,clinicalbert_type3_mean_pool,knn,2,12,auroc,0.5747763833330473
4942,4942,4606.0,4606.0,1582.0,1582.0,,new_hypertension,new_hypertension,clinicalbert_type3_mean_pool,knn,2,12,auprc,0.1722523868930091
4943,4943,4607.0,4607.0,1583.0,1583.0,,new_hypertension,new_hypertension,clinicalbert_type3_mean_pool,knn,2,12,brier,0.2932781163841197
4944,4944,4608.0,4608.0,1584.0,1584.0,,new_hypertension,new_hypertension,clinicalbert_type3_mean_pool,knn,3,12,auroc,0.6172621193652319
4945,4945,4609.0,4609.0,1585.0,1585.0,,new_hypertension,new_hypertension,clinicalbert_type3_mean_pool,knn,3,12,auprc,0.1670017770219909
4946,4946,4610.0,4610.0,1586.0,1586.0,,new_hypertension,new_hypertension,clinicalbert_type3_mean_pool,knn,3,12,brier,0.3078537360890302
4947,4947,4611.0,4611.0,1587.0,1587.0,,new_hypertension,new_hypertension,clinicalbert_type3_mean_pool,knn,4,12,auroc,0.6160632021105522
4948,4948,4612.0,4612.0,1588.0,1588.0,,new_hypertension,new_hypertension,clinicalbert_type3_mean_pool,knn,4,12,auprc,0.1803408085573687
4949,4949,4613.0,4613.0,1589.0,1589.0,,new_hypertension,new_hypertension,clinicalbert_type3_mean_pool,knn,4,12,brier,0.2758480279560695
4950,4950,4614.0,4614.0,1590.0,1590.0,,new_hypertension,new_hypertension,clinicalbert_type3_mean_pool,knn,0,16,auroc,0.6159573311357953
4951,4951,4615.0,4615.0,1591.0,1591.0,,new_hypertension,new_hypertension,clinicalbert_type3_mean_pool,knn,0,16,auprc,0.1952027968641597
4952,4952,4616.0,4616.0,1592.0,1592.0,,new_hypertension,new_hypertension,clinicalbert_type3_mean_pool,knn,0,16,brier,0.3362430271504254
4953,4953,4617.0,4617.0,1593.0,1593.0,,new_hypertension,new_hypertension,clinicalbert_type3_mean_pool,knn,1,16,auroc,0.4920854292924957
4954,4954,4618.0,4618.0,1594.0,1594.0,,new_hypertension,new_hypertension,clinicalbert_type3_mean_pool,knn,1,16,auprc,0.1241291103828855
4955,4955,4619.0,4619.0,1595.0,1595.0,,new_hypertension,new_hypertension,clinicalbert_type3_mean_pool,knn,1,16,brier,0.3751987281399046
4956,4956,4620.0,4620.0,1596.0,1596.0,,new_hypertension,new_hypertension,clinicalbert_type3_mean_pool,knn,2,16,auroc,0.5592076272883868
4957,4957,4621.0,4621.0,1597.0,1597.0,,new_hypertension,new_hypertension,clinicalbert_type3_mean_pool,knn,2,16,auprc,0.1417168185573661
4958,4958,4622.0,4622.0,1598.0,1598.0,,new_hypertension,new_hypertension,clinicalbert_type3_mean_pool,knn,2,16,brier,0.5492845786963434
4959,4959,4623.0,4623.0,1599.0,1599.0,,new_hypertension,new_hypertension,clinicalbert_type3_mean_pool,knn,3,16,auroc,0.529575199867232
4960,4960,4624.0,4624.0,1600.0,1600.0,,new_hypertension,new_hypertension,clinicalbert_type3_mean_pool,knn,3,16,auprc,0.1332204073929949
4961,4961,4625.0,4625.0,1601.0,1601.0,,new_hypertension,new_hypertension,clinicalbert_type3_mean_pool,knn,3,16,brier,0.3659262309026289
4962,4962,4626.0,4626.0,1602.0,1602.0,,new_hypertension,new_hypertension,clinicalbert_type3_mean_pool,knn,4,16,auroc,0.6441476241980989
4963,4963,4627.0,4627.0,1603.0,1603.0,,new_hypertension,new_hypertension,clinicalbert_type3_mean_pool,knn,4,16,auprc,0.1984070559049639
4964,4964,4628.0,4628.0,1604.0,1604.0,,new_hypertension,new_hypertension,clinicalbert_type3_mean_pool,knn,4,16,brier,0.2580701142060441
4965,4965,4629.0,4629.0,1605.0,1605.0,,new_hypertension,new_hypertension,clinicalbert_type3_mean_pool,knn,0,24,auroc,0.6210763358341774
4966,4966,4630.0,4630.0,1606.0,1606.0,,new_hypertension,new_hypertension,clinicalbert_type3_mean_pool,knn,0,24,auprc,0.1794758049095808
4967,4967,4631.0,4631.0,1607.0,1607.0,,new_hypertension,new_hypertension,clinicalbert_type3_mean_pool,knn,0,24,brier,0.3455033427848519
4968,4968,4632.0,4632.0,1608.0,1608.0,,new_hypertension,new_hypertension,clinicalbert_type3_mean_pool,knn,1,24,auroc,0.5147561247789585
4969,4969,4633.0,4633.0,1609.0,1609.0,,new_hypertension,new_hypertension,clinicalbert_type3_mean_pool,knn,1,24,auprc,0.1295744951568261
4970,4970,4634.0,4634.0,1610.0,1610.0,,new_hypertension,new_hypertension,clinicalbert_type3_mean_pool,knn,1,24,brier,0.3095389507154213
4971,4971,4635.0,4635.0,1611.0,1611.0,,new_hypertension,new_hypertension,clinicalbert_type3_mean_pool,knn,2,24,auroc,0.5720323221224555
4972,4972,4636.0,4636.0,1612.0,1612.0,,new_hypertension,new_hypertension,clinicalbert_type3_mean_pool,knn,2,24,auprc,0.1758954847972215
4973,4973,4637.0,4637.0,1613.0,1613.0,,new_hypertension,new_hypertension,clinicalbert_type3_mean_pool,knn,2,24,brier,0.3685049012053097
4974,4974,4638.0,4638.0,1614.0,1614.0,,new_hypertension,new_hypertension,clinicalbert_type3_mean_pool,knn,3,24,auroc,0.5001802667948564
4975,4975,4639.0,4639.0,1615.0,1615.0,,new_hypertension,new_hypertension,clinicalbert_type3_mean_pool,knn,3,24,auprc,0.1264309323950756
4976,4976,4640.0,4640.0,1616.0,1616.0,,new_hypertension,new_hypertension,clinicalbert_type3_mean_pool,knn,3,24,brier,0.4785373608903021
4977,4977,4641.0,4641.0,1617.0,1617.0,,new_hypertension,new_hypertension,clinicalbert_type3_mean_pool,knn,4,24,auroc,0.6449688395968891
4978,4978,4642.0,4642.0,1618.0,1618.0,,new_hypertension,new_hypertension,clinicalbert_type3_mean_pool,knn,4,24,auprc,0.2334852223882869
4979,4979,4643.0,4643.0,1619.0,1619.0,,new_hypertension,new_hypertension,clinicalbert_type3_mean_pool,knn,4,24,brier,0.2546942156915009
4980,4980,4644.0,4644.0,1620.0,1620.0,,new_hypertension,new_hypertension,clinicalbert_type3_mean_pool,knn,0,32,auroc,0.5476448000183128
4981,4981,4645.0,4645.0,1621.0,1621.0,,new_hypertension,new_hypertension,clinicalbert_type3_mean_pool,knn,0,32,auprc,0.1462732343963593
4982,4982,4646.0,4646.0,1622.0,1622.0,,new_hypertension,new_hypertension,clinicalbert_type3_mean_pool,knn,0,32,brier,0.4495616283124484
4983,4983,4647.0,4647.0,1623.0,1623.0,,new_hypertension,new_hypertension,clinicalbert_type3_mean_pool,knn,1,32,auroc,0.5055939933959404
4984,4984,4648.0,4648.0,1624.0,1624.0,,new_hypertension,new_hypertension,clinicalbert_type3_mean_pool,knn,1,32,auprc,0.1278709875794755
4985,4985,4649.0,4649.0,1625.0,1625.0,,new_hypertension,new_hypertension,clinicalbert_type3_mean_pool,knn,1,32,brier,0.3603815580286169
4986,4986,4650.0,4650.0,1626.0,1626.0,,new_hypertension,new_hypertension,clinicalbert_type3_mean_pool,knn,2,32,auroc,0.5562060420851431
4987,4987,4651.0,4651.0,1627.0,1627.0,,new_hypertension,new_hypertension,clinicalbert_type3_mean_pool,knn,2,32,auprc,0.1588066113166431
4988,4988,4652.0,4652.0,1628.0,1628.0,,new_hypertension,new_hypertension,clinicalbert_type3_mean_pool,knn,2,32,brier,0.3411951182277639
4989,4989,4653.0,4653.0,1629.0,1629.0,,new_hypertension,new_hypertension,clinicalbert_type3_mean_pool,knn,3,32,auroc,0.4874013540039258
4990,4990,4654.0,4654.0,1630.0,1630.0,,new_hypertension,new_hypertension,clinicalbert_type3_mean_pool,knn,3,32,auprc,0.1237313895471498
4991,4991,4655.0,4655.0,1631.0,1631.0,,new_hypertension,new_hypertension,clinicalbert_type3_mean_pool,knn,3,32,brier,0.505564387917329
4992,4992,4656.0,4656.0,1632.0,1632.0,,new_hypertension,new_hypertension,clinicalbert_type3_mean_pool,knn,4,32,auroc,0.6128699046016676
4993,4993,4657.0,4657.0,1633.0,1633.0,,new_hypertension,new_hypertension,clinicalbert_type3_mean_pool,knn,4,32,auprc,0.1751019839583862
4994,4994,4658.0,4658.0,1634.0,1634.0,,new_hypertension,new_hypertension,clinicalbert_type3_mean_pool,knn,4,32,brier,0.2751987281399046
4995,4995,4659.0,4659.0,1635.0,1635.0,,new_hypertension,new_hypertension,clinicalbert_type3_mean_pool,knn,0,48,auroc,0.6145810084639551
4996,4996,4660.0,4660.0,1636.0,1636.0,,new_hypertension,new_hypertension,clinicalbert_type3_mean_pool,knn,0,48,auprc,0.1870894196756117
4997,4997,4661.0,4661.0,1637.0,1637.0,,new_hypertension,new_hypertension,clinicalbert_type3_mean_pool,knn,0,48,brier,0.3247918986865464
4998,4998,4662.0,4662.0,1638.0,1638.0,,new_hypertension,new_hypertension,clinicalbert_type3_mean_pool,knn,1,48,auroc,0.5348229665619402
4999,4999,4663.0,4663.0,1639.0,1639.0,,new_hypertension,new_hypertension,clinicalbert_type3_mean_pool,knn,1,48,auprc,0.1337380111165914
5000,5000,4664.0,4664.0,1640.0,1640.0,,new_hypertension,new_hypertension,clinicalbert_type3_mean_pool,knn,1,48,brier,0.3695071542130366
5001,5001,4665.0,4665.0,1641.0,1641.0,,new_hypertension,new_hypertension,clinicalbert_type3_mean_pool,knn,2,48,auroc,0.5749080067070693
5002,5002,4666.0,4666.0,1642.0,1642.0,,new_hypertension,new_hypertension,clinicalbert_type3_mean_pool,knn,2,48,auprc,0.1732910179441272
5003,5003,4667.0,4667.0,1643.0,1643.0,,new_hypertension,new_hypertension,clinicalbert_type3_mean_pool,knn,2,48,brier,0.3316597617076311
5004,5004,4668.0,4668.0,1644.0,1644.0,,new_hypertension,new_hypertension,clinicalbert_type3_mean_pool,knn,3,48,auroc,0.5238123851872198
5005,5005,4669.0,4669.0,1645.0,1645.0,,new_hypertension,new_hypertension,clinicalbert_type3_mean_pool,knn,3,48,auprc,0.1320824048977253
5006,5006,4670.0,4670.0,1646.0,1646.0,,new_hypertension,new_hypertension,clinicalbert_type3_mean_pool,knn,3,48,brier,0.4936406995230524
5007,5007,4671.0,4671.0,1647.0,1647.0,,new_hypertension,new_hypertension,clinicalbert_type3_mean_pool,knn,4,48,auroc,0.6190705100691881
5008,5008,4672.0,4672.0,1648.0,1648.0,,new_hypertension,new_hypertension,clinicalbert_type3_mean_pool,knn,4,48,auprc,0.1734376083953703
5009,5009,4673.0,4673.0,1649.0,1649.0,,new_hypertension,new_hypertension,clinicalbert_type3_mean_pool,knn,4,48,brier,0.3151033386327504
5010,5010,4674.0,4674.0,1650.0,1650.0,,new_hypertension,new_hypertension,clinicalbert_type3_mean_pool,knn,0,64,auroc,0.5838183368528278
5011,5011,4675.0,4675.0,1651.0,1651.0,,new_hypertension,new_hypertension,clinicalbert_type3_mean_pool,knn,0,64,auprc,0.1664809098408611
5012,5012,4676.0,4676.0,1652.0,1652.0,,new_hypertension,new_hypertension,clinicalbert_type3_mean_pool,knn,0,64,brier,0.3268507298511782
5013,5013,4677.0,4677.0,1653.0,1653.0,,new_hypertension,new_hypertension,clinicalbert_type3_mean_pool,knn,1,64,auroc,0.516441476241981
5014,5014,4678.0,4678.0,1654.0,1654.0,,new_hypertension,new_hypertension,clinicalbert_type3_mean_pool,knn,1,64,auprc,0.1301849582109009
5015,5015,4679.0,4679.0,1655.0,1655.0,,new_hypertension,new_hypertension,clinicalbert_type3_mean_pool,knn,1,64,brier,0.4242183359830419
5016,5016,4680.0,4680.0,1656.0,1656.0,,new_hypertension,new_hypertension,clinicalbert_type3_mean_pool,knn,2,64,auroc,0.5752370651421246
5017,5017,4681.0,4681.0,1657.0,1657.0,,new_hypertension,new_hypertension,clinicalbert_type3_mean_pool,knn,2,64,auprc,0.1523332433900345
5018,5018,4682.0,4682.0,1658.0,1658.0,,new_hypertension,new_hypertension,clinicalbert_type3_mean_pool,knn,2,64,brier,0.350114820703056
5019,5019,4683.0,4683.0,1659.0,1659.0,,new_hypertension,new_hypertension,clinicalbert_type3_mean_pool,knn,3,64,auroc,0.5350032333567967
5020,5020,4684.0,4684.0,1660.0,1660.0,,new_hypertension,new_hypertension,clinicalbert_type3_mean_pool,knn,3,64,auprc,0.1342544304996495
5021,5021,4685.0,4685.0,1661.0,1661.0,,new_hypertension,new_hypertension,clinicalbert_type3_mean_pool,knn,3,64,brier,0.3679167823204476
5022,5022,4686.0,4686.0,1662.0,1662.0,,new_hypertension,new_hypertension,clinicalbert_type3_mean_pool,knn,4,64,auroc,0.583134467583452
5023,5023,4687.0,4687.0,1663.0,1663.0,,new_hypertension,new_hypertension,clinicalbert_type3_mean_pool,knn,4,64,auprc,0.1678375957088133
5024,5024,4688.0,4688.0,1664.0,1664.0,,new_hypertension,new_hypertension,clinicalbert_type3_mean_pool,knn,4,64,brier,0.3354007281481305
5025,5025,4689.0,4689.0,1665.0,1665.0,,new_hypertension,new_hypertension,clinicalbert_type3_mean_pool,knn,0,128,auroc,0.5876354146994696
5026,5026,4690.0,4690.0,1666.0,1666.0,,new_hypertension,new_hypertension,clinicalbert_type3_mean_pool,knn,0,128,auprc,0.1746703807477453
5027,5027,4691.0,4691.0,1667.0,1667.0,,new_hypertension,new_hypertension,clinicalbert_type3_mean_pool,knn,0,128,brier,0.3317835688124343
5028,5028,4692.0,4692.0,1668.0,1668.0,,new_hypertension,new_hypertension,clinicalbert_type3_mean_pool,knn,1,128,auroc,0.5378932248298911
5029,5029,4693.0,4693.0,1669.0,1669.0,,new_hypertension,new_hypertension,clinicalbert_type3_mean_pool,knn,1,128,auprc,0.1352918311740928
5030,5030,4694.0,4694.0,1670.0,1670.0,,new_hypertension,new_hypertension,clinicalbert_type3_mean_pool,knn,1,128,brier,0.3605760118460179
5031,5031,4695.0,4695.0,1671.0,1671.0,,new_hypertension,new_hypertension,clinicalbert_type3_mean_pool,knn,2,128,auroc,0.5706273856736541
5032,5032,4696.0,4696.0,1672.0,1672.0,,new_hypertension,new_hypertension,clinicalbert_type3_mean_pool,knn,2,128,auprc,0.156234254607046
5033,5033,4697.0,4697.0,1673.0,1673.0,,new_hypertension,new_hypertension,clinicalbert_type3_mean_pool,knn,2,128,brier,0.3189749833256166
5034,5034,4698.0,4698.0,1674.0,1674.0,,new_hypertension,new_hypertension,clinicalbert_type3_mean_pool,knn,3,128,auroc,0.5492156963734899
5035,5035,4699.0,4699.0,1675.0,1675.0,,new_hypertension,new_hypertension,clinicalbert_type3_mean_pool,knn,3,128,auprc,0.1441471151632242
5036,5036,4700.0,4700.0,1676.0,1676.0,,new_hypertension,new_hypertension,clinicalbert_type3_mean_pool,knn,3,128,brier,0.3341494435612083
5037,5037,4701.0,4701.0,1677.0,1677.0,,new_hypertension,new_hypertension,clinicalbert_type3_mean_pool,knn,4,128,auroc,0.5181726097481416
5038,5038,4702.0,4702.0,1678.0,1678.0,,new_hypertension,new_hypertension,clinicalbert_type3_mean_pool,knn,4,128,auprc,0.1378117348693069
5039,5039,4703.0,4703.0,1679.0,1679.0,,new_hypertension,new_hypertension,clinicalbert_type3_mean_pool,knn,4,128,brier,0.3717714943210696
5040,5040,4704.0,4704.0,1680.0,1680.0,,new_hypertension,new_hypertension,clinicalbert_type3_mean_pool,rf,0,-1,auroc,0.6437527540760324
5041,5041,4705.0,4705.0,1681.0,1681.0,,new_hypertension,new_hypertension,clinicalbert_type3_mean_pool,rf,0,-1,auprc,0.226403338048328
5042,5042,4706.0,4706.0,1682.0,1682.0,,new_hypertension,new_hypertension,clinicalbert_type3_mean_pool,rf,0,-1,brier,0.1068162073980841
5043,5043,4707.0,4707.0,1683.0,1683.0,,new_hypertension,new_hypertension,clinicalbert_type3_mean_pool,rf,0,1,auroc,0.5778952850218323
5044,5044,4708.0,4708.0,1684.0,1684.0,,new_hypertension,new_hypertension,clinicalbert_type3_mean_pool,rf,0,1,auprc,0.153231419946612
5045,5045,4709.0,4709.0,1685.0,1685.0,,new_hypertension,new_hypertension,clinicalbert_type3_mean_pool,rf,0,1,brier,0.3843163751987281
5046,5046,4710.0,4710.0,1686.0,1686.0,,new_hypertension,new_hypertension,clinicalbert_type3_mean_pool,rf,1,1,auroc,0.5659805082951339
5047,5047,4711.0,4711.0,1687.0,1687.0,,new_hypertension,new_hypertension,clinicalbert_type3_mean_pool,rf,1,1,auprc,0.1716733001336504
5048,5048,4712.0,4712.0,1688.0,1688.0,,new_hypertension,new_hypertension,clinicalbert_type3_mean_pool,rf,1,1,brier,0.2641465818759936
5049,5049,4713.0,4713.0,1689.0,1689.0,,new_hypertension,new_hypertension,clinicalbert_type3_mean_pool,rf,2,1,auroc,0.4406979472476408
5050,5050,4714.0,4714.0,1690.0,1690.0,,new_hypertension,new_hypertension,clinicalbert_type3_mean_pool,rf,2,1,auprc,0.1202053102010903
5051,5051,4715.0,4715.0,1691.0,1691.0,,new_hypertension,new_hypertension,clinicalbert_type3_mean_pool,rf,2,1,brier,0.4345945945945945
5052,5052,4716.0,4716.0,1692.0,1692.0,,new_hypertension,new_hypertension,clinicalbert_type3_mean_pool,rf,3,1,auroc,0.4207083626624547
5053,5053,4717.0,4717.0,1693.0,1693.0,,new_hypertension,new_hypertension,clinicalbert_type3_mean_pool,rf,3,1,auprc,0.1071606763672307
5054,5054,4718.0,4718.0,1694.0,1694.0,,new_hypertension,new_hypertension,clinicalbert_type3_mean_pool,rf,3,1,brier,0.321827027027027
5055,5055,4719.0,4719.0,1695.0,1695.0,,new_hypertension,new_hypertension,clinicalbert_type3_mean_pool,rf,4,1,auroc,0.5526493496088497
5056,5056,4720.0,4720.0,1696.0,1696.0,,new_hypertension,new_hypertension,clinicalbert_type3_mean_pool,rf,4,1,auprc,0.1674663868650794
5057,5057,4721.0,4721.0,1697.0,1697.0,,new_hypertension,new_hypertension,clinicalbert_type3_mean_pool,rf,4,1,brier,0.368147853736089
5058,5058,4722.0,4722.0,1698.0,1698.0,,new_hypertension,new_hypertension,clinicalbert_type3_mean_pool,rf,0,2,auroc,0.6423077583394854
5059,5059,4723.0,4723.0,1699.0,1699.0,,new_hypertension,new_hypertension,clinicalbert_type3_mean_pool,rf,0,2,auprc,0.2317742611827714
5060,5060,4724.0,4724.0,1700.0,1700.0,,new_hypertension,new_hypertension,clinicalbert_type3_mean_pool,rf,0,2,brier,0.2396608903020667
5061,5061,4725.0,4725.0,1701.0,1701.0,,new_hypertension,new_hypertension,clinicalbert_type3_mean_pool,rf,1,2,auroc,0.5356813798707802
5062,5062,4726.0,4726.0,1702.0,1702.0,,new_hypertension,new_hypertension,clinicalbert_type3_mean_pool,rf,1,2,auprc,0.1355746772009645
5063,5063,4727.0,4727.0,1703.0,1703.0,,new_hypertension,new_hypertension,clinicalbert_type3_mean_pool,rf,1,2,brier,0.3558545310015898
5064,5064,4728.0,4728.0,1704.0,1704.0,,new_hypertension,new_hypertension,clinicalbert_type3_mean_pool,rf,2,2,auroc,0.5051962618961778
5065,5065,4729.0,4729.0,1705.0,1705.0,,new_hypertension,new_hypertension,clinicalbert_type3_mean_pool,rf,2,2,auprc,0.1437991718768845
5066,5066,4730.0,4730.0,1706.0,1706.0,,new_hypertension,new_hypertension,clinicalbert_type3_mean_pool,rf,2,2,brier,0.3083823529411764
5067,5067,4731.0,4731.0,1707.0,1707.0,,new_hypertension,new_hypertension,clinicalbert_type3_mean_pool,rf,3,2,auroc,0.6083603733525618
5068,5068,4732.0,4732.0,1708.0,1708.0,,new_hypertension,new_hypertension,clinicalbert_type3_mean_pool,rf,3,2,auprc,0.2092237955246983
5069,5069,4733.0,4733.0,1709.0,1709.0,,new_hypertension,new_hypertension,clinicalbert_type3_mean_pool,rf,3,2,brier,0.2387823794382618
5070,5070,4734.0,4734.0,1710.0,1710.0,,new_hypertension,new_hypertension,clinicalbert_type3_mean_pool,rf,4,2,auroc,0.5059831407626144
5071,5071,4735.0,4735.0,1711.0,1711.0,,new_hypertension,new_hypertension,clinicalbert_type3_mean_pool,rf,4,2,auprc,0.1253020373210923
5072,5072,4736.0,4736.0,1712.0,1712.0,,new_hypertension,new_hypertension,clinicalbert_type3_mean_pool,rf,4,2,brier,0.2414308426073132
5073,5073,4737.0,4737.0,1713.0,1713.0,,new_hypertension,new_hypertension,clinicalbert_type3_mean_pool,rf,0,4,auroc,0.6045547410167047
5074,5074,4738.0,4738.0,1714.0,1714.0,,new_hypertension,new_hypertension,clinicalbert_type3_mean_pool,rf,0,4,auprc,0.1730293495217451
5075,5075,4739.0,4739.0,1715.0,1715.0,,new_hypertension,new_hypertension,clinicalbert_type3_mean_pool,rf,0,4,brier,0.3063871224165341
5076,5076,4740.0,4740.0,1716.0,1716.0,,new_hypertension,new_hypertension,clinicalbert_type3_mean_pool,rf,1,4,auroc,0.501267590319387
5077,5077,4741.0,4741.0,1717.0,1717.0,,new_hypertension,new_hypertension,clinicalbert_type3_mean_pool,rf,1,4,auprc,0.1351294175435043
5078,5078,4742.0,4742.0,1718.0,1718.0,,new_hypertension,new_hypertension,clinicalbert_type3_mean_pool,rf,1,4,brier,0.2861573926868044
5079,5079,4743.0,4743.0,1719.0,1719.0,,new_hypertension,new_hypertension,clinicalbert_type3_mean_pool,rf,2,4,auroc,0.4704162159996795
5080,5080,4744.0,4744.0,1720.0,1720.0,,new_hypertension,new_hypertension,clinicalbert_type3_mean_pool,rf,2,4,auprc,0.1214472968495634
5081,5081,4745.0,4745.0,1721.0,1721.0,,new_hypertension,new_hypertension,clinicalbert_type3_mean_pool,rf,2,4,brier,0.3038734499205087
5082,5082,4746.0,4746.0,1722.0,1722.0,,new_hypertension,new_hypertension,clinicalbert_type3_mean_pool,rf,3,4,auroc,0.5923395196319123
5083,5083,4747.0,4747.0,1723.0,1723.0,,new_hypertension,new_hypertension,clinicalbert_type3_mean_pool,rf,3,4,auprc,0.186994054128101
5084,5084,4748.0,4748.0,1724.0,1724.0,,new_hypertension,new_hypertension,clinicalbert_type3_mean_pool,rf,3,4,brier,0.2396045310015898
5085,5085,4749.0,4749.0,1725.0,1725.0,,new_hypertension,new_hypertension,clinicalbert_type3_mean_pool,rf,4,4,auroc,0.6051670758436772
5086,5086,4750.0,4750.0,1726.0,1726.0,,new_hypertension,new_hypertension,clinicalbert_type3_mean_pool,rf,4,4,auprc,0.1873469659764438
5087,5087,4751.0,4751.0,1727.0,1727.0,,new_hypertension,new_hypertension,clinicalbert_type3_mean_pool,rf,4,4,brier,0.2365325914149443
5088,5088,4752.0,4752.0,1728.0,1728.0,,new_hypertension,new_hypertension,clinicalbert_type3_mean_pool,rf,0,8,auroc,0.6404993676355292
5089,5089,4753.0,4753.0,1729.0,1729.0,,new_hypertension,new_hypertension,clinicalbert_type3_mean_pool,rf,0,8,auprc,0.1876709046911766
5090,5090,4754.0,4754.0,1730.0,1730.0,,new_hypertension,new_hypertension,clinicalbert_type3_mean_pool,rf,0,8,brier,0.222760333863275
5091,5091,4755.0,4755.0,1731.0,1731.0,,new_hypertension,new_hypertension,clinicalbert_type3_mean_pool,rf,1,8,auroc,0.4677579961199719
5092,5092,4756.0,4756.0,1732.0,1732.0,,new_hypertension,new_hypertension,clinicalbert_type3_mean_pool,rf,1,8,auprc,0.1219193465598747
5093,5093,4757.0,4757.0,1733.0,1733.0,,new_hypertension,new_hypertension,clinicalbert_type3_mean_pool,rf,1,8,brier,0.2697674880763116
5094,5094,4758.0,4758.0,1734.0,1734.0,,new_hypertension,new_hypertension,clinicalbert_type3_mean_pool,rf,2,8,auroc,0.5095541401273886
5095,5095,4759.0,4759.0,1735.0,1735.0,,new_hypertension,new_hypertension,clinicalbert_type3_mean_pool,rf,2,8,auprc,0.1343121878424964
5096,5096,4760.0,4760.0,1736.0,1736.0,,new_hypertension,new_hypertension,clinicalbert_type3_mean_pool,rf,2,8,brier,0.2995886327503975
5097,5097,4761.0,4761.0,1737.0,1737.0,,new_hypertension,new_hypertension,clinicalbert_type3_mean_pool,rf,3,8,auroc,0.5997619333756817
5098,5098,4762.0,4762.0,1738.0,1738.0,,new_hypertension,new_hypertension,clinicalbert_type3_mean_pool,rf,3,8,auprc,0.1668440379624525
5099,5099,4763.0,4763.0,1739.0,1739.0,,new_hypertension,new_hypertension,clinicalbert_type3_mean_pool,rf,3,8,brier,0.3377662957074721
5100,5100,4764.0,4764.0,1740.0,1740.0,,new_hypertension,new_hypertension,clinicalbert_type3_mean_pool,rf,4,8,auroc,0.6162320233946241
5101,5101,4765.0,4765.0,1741.0,1741.0,,new_hypertension,new_hypertension,clinicalbert_type3_mean_pool,rf,4,8,auprc,0.1926854408258531
5102,5102,4766.0,4766.0,1742.0,1742.0,,new_hypertension,new_hypertension,clinicalbert_type3_mean_pool,rf,4,8,brier,0.2557094594594594
5103,5103,4767.0,4767.0,1743.0,1743.0,,new_hypertension,new_hypertension,clinicalbert_type3_mean_pool,rf,0,12,auroc,0.6359984205195116
5104,5104,4768.0,4768.0,1744.0,1744.0,,new_hypertension,new_hypertension,clinicalbert_type3_mean_pool,rf,0,12,auprc,0.1952356755822869
5105,5105,4769.0,4769.0,1745.0,1745.0,,new_hypertension,new_hypertension,clinicalbert_type3_mean_pool,rf,0,12,brier,0.2460832538420773
5106,5106,4770.0,4770.0,1746.0,1746.0,,new_hypertension,new_hypertension,clinicalbert_type3_mean_pool,rf,1,12,auroc,0.53176701518247
5107,5107,4771.0,4771.0,1747.0,1747.0,,new_hypertension,new_hypertension,clinicalbert_type3_mean_pool,rf,1,12,auprc,0.135513646019299
5108,5108,4772.0,4772.0,1748.0,1748.0,,new_hypertension,new_hypertension,clinicalbert_type3_mean_pool,rf,1,12,brier,0.2488275039745628
5109,5109,4773.0,4773.0,1749.0,1749.0,,new_hypertension,new_hypertension,clinicalbert_type3_mean_pool,rf,2,12,auroc,0.6196198945868457
5110,5110,4774.0,4774.0,1750.0,1750.0,,new_hypertension,new_hypertension,clinicalbert_type3_mean_pool,rf,2,12,auprc,0.1984563123271803
5111,5111,4775.0,4775.0,1751.0,1751.0,,new_hypertension,new_hypertension,clinicalbert_type3_mean_pool,rf,2,12,brier,0.2578384737678855
5112,5112,4776.0,4776.0,1752.0,1752.0,,new_hypertension,new_hypertension,clinicalbert_type3_mean_pool,rf,3,12,auroc,0.6065319530047328
5113,5113,4777.0,4777.0,1753.0,1753.0,,new_hypertension,new_hypertension,clinicalbert_type3_mean_pool,rf,3,12,auprc,0.1774354694547261
5114,5114,4778.0,4778.0,1754.0,1754.0,,new_hypertension,new_hypertension,clinicalbert_type3_mean_pool,rf,3,12,brier,0.2641692368839428
5115,5115,4779.0,4779.0,1755.0,1755.0,,new_hypertension,new_hypertension,clinicalbert_type3_mean_pool,rf,4,12,auroc,0.6479418110231715
5116,5116,4780.0,4780.0,1756.0,1756.0,,new_hypertension,new_hypertension,clinicalbert_type3_mean_pool,rf,4,12,auprc,0.1975194938595146
5117,5117,4781.0,4781.0,1757.0,1757.0,,new_hypertension,new_hypertension,clinicalbert_type3_mean_pool,rf,4,12,brier,0.2279709856915739
5118,5118,4782.0,4782.0,1758.0,1758.0,,new_hypertension,new_hypertension,clinicalbert_type3_mean_pool,rf,0,16,auroc,0.6196570924968955
5119,5119,4783.0,4783.0,1759.0,1759.0,,new_hypertension,new_hypertension,clinicalbert_type3_mean_pool,rf,0,16,auprc,0.1786419526485651
5120,5120,4784.0,4784.0,1760.0,1760.0,,new_hypertension,new_hypertension,clinicalbert_type3_mean_pool,rf,0,16,brier,0.2799284578696343
5121,5121,4785.0,4785.0,1761.0,1761.0,,new_hypertension,new_hypertension,clinicalbert_type3_mean_pool,rf,1,16,auroc,0.5021860925598457
5122,5122,4786.0,4786.0,1762.0,1762.0,,new_hypertension,new_hypertension,clinicalbert_type3_mean_pool,rf,1,16,auprc,0.1216541735928136
5123,5123,4787.0,4787.0,1763.0,1763.0,,new_hypertension,new_hypertension,clinicalbert_type3_mean_pool,rf,1,16,brier,0.2807511923688395
5124,5124,4788.0,4788.0,1764.0,1764.0,,new_hypertension,new_hypertension,clinicalbert_type3_mean_pool,rf,2,16,auroc,0.6033930216720748
5125,5125,4789.0,4789.0,1765.0,1765.0,,new_hypertension,new_hypertension,clinicalbert_type3_mean_pool,rf,2,16,auprc,0.1550901137632417
5126,5126,4790.0,4790.0,1766.0,1766.0,,new_hypertension,new_hypertension,clinicalbert_type3_mean_pool,rf,2,16,brier,0.2607949125596184
5127,5127,4791.0,4791.0,1767.0,1767.0,,new_hypertension,new_hypertension,clinicalbert_type3_mean_pool,rf,3,16,auroc,0.5442884039807486
5128,5128,4792.0,4792.0,1768.0,1768.0,,new_hypertension,new_hypertension,clinicalbert_type3_mean_pool,rf,3,16,auprc,0.1397667555485788
5129,5129,4793.0,4793.0,1769.0,1769.0,,new_hypertension,new_hypertension,clinicalbert_type3_mean_pool,rf,3,16,brier,0.2462619236883942
5130,5130,4794.0,4794.0,1770.0,1770.0,,new_hypertension,new_hypertension,clinicalbert_type3_mean_pool,rf,4,16,auroc,0.6587692642253392
5131,5131,4795.0,4795.0,1771.0,1771.0,,new_hypertension,new_hypertension,clinicalbert_type3_mean_pool,rf,4,16,auprc,0.2081539662895617
5132,5132,4796.0,4796.0,1772.0,1772.0,,new_hypertension,new_hypertension,clinicalbert_type3_mean_pool,rf,4,16,brier,0.2363661353669846
5133,5133,4797.0,4797.0,1773.0,1773.0,,new_hypertension,new_hypertension,clinicalbert_type3_mean_pool,rf,0,24,auroc,0.6092817369707166
5134,5134,4798.0,4798.0,1774.0,1774.0,,new_hypertension,new_hypertension,clinicalbert_type3_mean_pool,rf,0,24,auprc,0.1822181891893932
5135,5135,4799.0,4799.0,1775.0,1775.0,,new_hypertension,new_hypertension,clinicalbert_type3_mean_pool,rf,0,24,brier,0.285641595138668
5136,5136,4800.0,4800.0,1776.0,1776.0,,new_hypertension,new_hypertension,clinicalbert_type3_mean_pool,rf,1,24,auroc,0.5568155155344195
5137,5137,4801.0,4801.0,1777.0,1777.0,,new_hypertension,new_hypertension,clinicalbert_type3_mean_pool,rf,1,24,auprc,0.1571872190270755
5138,5138,4802.0,4802.0,1778.0,1778.0,,new_hypertension,new_hypertension,clinicalbert_type3_mean_pool,rf,1,24,brier,0.25778759936407
5139,5139,4803.0,4803.0,1779.0,1779.0,,new_hypertension,new_hypertension,clinicalbert_type3_mean_pool,rf,2,24,auroc,0.6248304633715042
5140,5140,4804.0,4804.0,1780.0,1780.0,,new_hypertension,new_hypertension,clinicalbert_type3_mean_pool,rf,2,24,auprc,0.2298900787110937
5141,5141,4805.0,4805.0,1781.0,1781.0,,new_hypertension,new_hypertension,clinicalbert_type3_mean_pool,rf,2,24,brier,0.260180143680116
5142,5142,4806.0,4806.0,1782.0,1782.0,,new_hypertension,new_hypertension,clinicalbert_type3_mean_pool,rf,3,24,auroc,0.6174767226924419
5143,5143,4807.0,4807.0,1783.0,1783.0,,new_hypertension,new_hypertension,clinicalbert_type3_mean_pool,rf,3,24,auprc,0.1714626460417908
5144,5144,4808.0,4808.0,1784.0,1784.0,,new_hypertension,new_hypertension,clinicalbert_type3_mean_pool,rf,3,24,brier,0.2415381558028617
5145,5145,4809.0,4809.0,1785.0,1785.0,,new_hypertension,new_hypertension,clinicalbert_type3_mean_pool,rf,4,24,auroc,0.634155693283202
5146,5146,4810.0,4810.0,1786.0,1786.0,,new_hypertension,new_hypertension,clinicalbert_type3_mean_pool,rf,4,24,auprc,0.227616637198742
5147,5147,4811.0,4811.0,1787.0,1787.0,,new_hypertension,new_hypertension,clinicalbert_type3_mean_pool,rf,4,24,brier,0.2384225644762409
5148,5148,4812.0,4812.0,1788.0,1788.0,,new_hypertension,new_hypertension,clinicalbert_type3_mean_pool,rf,0,32,auroc,0.5987318374050737
5149,5149,4813.0,4813.0,1789.0,1789.0,,new_hypertension,new_hypertension,clinicalbert_type3_mean_pool,rf,0,32,auprc,0.1779680988736131
5150,5150,4814.0,4814.0,1790.0,1790.0,,new_hypertension,new_hypertension,clinicalbert_type3_mean_pool,rf,0,32,brier,0.278866693163752
5151,5151,4815.0,4815.0,1791.0,1791.0,,new_hypertension,new_hypertension,clinicalbert_type3_mean_pool,rf,1,32,auroc,0.5245220068558609
5152,5152,4816.0,4816.0,1792.0,1792.0,,new_hypertension,new_hypertension,clinicalbert_type3_mean_pool,rf,1,32,auprc,0.1400514230346608
5153,5153,4817.0,4817.0,1793.0,1793.0,,new_hypertension,new_hypertension,clinicalbert_type3_mean_pool,rf,1,32,brier,0.2321871264779105
5154,5154,4818.0,4818.0,1794.0,1794.0,,new_hypertension,new_hypertension,clinicalbert_type3_mean_pool,rf,2,32,auroc,0.589234924831608
5155,5155,4819.0,4819.0,1795.0,1795.0,,new_hypertension,new_hypertension,clinicalbert_type3_mean_pool,rf,2,32,auprc,0.1562868275672738
5156,5156,4820.0,4820.0,1796.0,1796.0,,new_hypertension,new_hypertension,clinicalbert_type3_mean_pool,rf,2,32,brier,0.2315262321144674
5157,5157,4821.0,4821.0,1797.0,1797.0,,new_hypertension,new_hypertension,clinicalbert_type3_mean_pool,rf,3,32,auroc,0.612191758087684
5158,5158,4822.0,4822.0,1798.0,1798.0,,new_hypertension,new_hypertension,clinicalbert_type3_mean_pool,rf,3,32,auprc,0.2036424069881051
5159,5159,4823.0,4823.0,1799.0,1799.0,,new_hypertension,new_hypertension,clinicalbert_type3_mean_pool,rf,3,32,brier,0.2239791848814784
5160,5160,4824.0,4824.0,1800.0,1800.0,,new_hypertension,new_hypertension,clinicalbert_type3_mean_pool,rf,4,32,auroc,0.5381393033117585
5161,5161,4825.0,4825.0,1801.0,1801.0,,new_hypertension,new_hypertension,clinicalbert_type3_mean_pool,rf,4,32,auprc,0.1389901933230383
5162,5162,4826.0,4826.0,1802.0,1802.0,,new_hypertension,new_hypertension,clinicalbert_type3_mean_pool,rf,4,32,brier,0.3226232114467409
5163,5163,4827.0,4827.0,1803.0,1803.0,,new_hypertension,new_hypertension,clinicalbert_type3_mean_pool,rf,0,48,auroc,0.608300284420943
5164,5164,4828.0,4828.0,1804.0,1804.0,,new_hypertension,new_hypertension,clinicalbert_type3_mean_pool,rf,0,48,auprc,0.1956471064538509
5165,5165,4829.0,4829.0,1805.0,1805.0,,new_hypertension,new_hypertension,clinicalbert_type3_mean_pool,rf,0,48,brier,0.3167965023847376
5166,5166,4830.0,4830.0,1806.0,1806.0,,new_hypertension,new_hypertension,clinicalbert_type3_mean_pool,rf,1,48,auroc,0.5837410796550323
5167,5167,4831.0,4831.0,1807.0,1807.0,,new_hypertension,new_hypertension,clinicalbert_type3_mean_pool,rf,1,48,auprc,0.1625829994914756
5168,5168,4832.0,4832.0,1808.0,1808.0,,new_hypertension,new_hypertension,clinicalbert_type3_mean_pool,rf,1,48,brier,0.2737933256195814
5169,5169,4833.0,4833.0,1809.0,1809.0,,new_hypertension,new_hypertension,clinicalbert_type3_mean_pool,rf,2,48,auroc,0.6168872788870385
5170,5170,4834.0,4834.0,1810.0,1810.0,,new_hypertension,new_hypertension,clinicalbert_type3_mean_pool,rf,2,48,auprc,0.1825676333261922
5171,5171,4835.0,4835.0,1811.0,1811.0,,new_hypertension,new_hypertension,clinicalbert_type3_mean_pool,rf,2,48,brier,0.2438327503974562
5172,5172,4836.0,4836.0,1812.0,1812.0,,new_hypertension,new_hypertension,clinicalbert_type3_mean_pool,rf,3,48,auroc,0.6338237734704505
5173,5173,4837.0,4837.0,1813.0,1813.0,,new_hypertension,new_hypertension,clinicalbert_type3_mean_pool,rf,3,48,auprc,0.2073267213365425
5174,5174,4838.0,4838.0,1814.0,1814.0,,new_hypertension,new_hypertension,clinicalbert_type3_mean_pool,rf,3,48,brier,0.2290373904221965
5175,5175,4839.0,4839.0,1815.0,1815.0,,new_hypertension,new_hypertension,clinicalbert_type3_mean_pool,rf,4,48,auroc,0.6541138027137305
5176,5176,4840.0,4840.0,1816.0,1816.0,,new_hypertension,new_hypertension,clinicalbert_type3_mean_pool,rf,4,48,auprc,0.194209539472836
5177,5177,4841.0,4841.0,1817.0,1817.0,,new_hypertension,new_hypertension,clinicalbert_type3_mean_pool,rf,4,48,brier,0.2708670906200318
5178,5178,4842.0,4842.0,1818.0,1818.0,,new_hypertension,new_hypertension,clinicalbert_type3_mean_pool,rf,0,64,auroc,0.6507202087661167
5179,5179,4843.0,4843.0,1819.0,1819.0,,new_hypertension,new_hypertension,clinicalbert_type3_mean_pool,rf,0,64,auprc,0.2047508577437285
5180,5180,4844.0,4844.0,1820.0,1820.0,,new_hypertension,new_hypertension,clinicalbert_type3_mean_pool,rf,0,64,brier,0.2534322734499205
5181,5181,4845.0,4845.0,1821.0,1821.0,,new_hypertension,new_hypertension,clinicalbert_type3_mean_pool,rf,1,64,auroc,0.6236487143830012
5182,5182,4846.0,4846.0,1822.0,1822.0,,new_hypertension,new_hypertension,clinicalbert_type3_mean_pool,rf,1,64,auprc,0.2258052765026167
5183,5183,4847.0,4847.0,1823.0,1823.0,,new_hypertension,new_hypertension,clinicalbert_type3_mean_pool,rf,1,64,brier,0.2429965981189852
5184,5184,4848.0,4848.0,1824.0,1824.0,,new_hypertension,new_hypertension,clinicalbert_type3_mean_pool,rf,2,64,auroc,0.6471005659805082
5185,5185,4849.0,4849.0,1825.0,1825.0,,new_hypertension,new_hypertension,clinicalbert_type3_mean_pool,rf,2,64,auprc,0.1893691826240394
5186,5186,4850.0,4850.0,1826.0,1826.0,,new_hypertension,new_hypertension,clinicalbert_type3_mean_pool,rf,2,64,brier,0.2323997823278922
5187,5187,4851.0,4851.0,1827.0,1827.0,,new_hypertension,new_hypertension,clinicalbert_type3_mean_pool,rf,3,64,auroc,0.6397296570352693
5188,5188,4852.0,4852.0,1828.0,1828.0,,new_hypertension,new_hypertension,clinicalbert_type3_mean_pool,rf,3,64,auprc,0.1953254500178792
5189,5189,4853.0,4853.0,1829.0,1829.0,,new_hypertension,new_hypertension,clinicalbert_type3_mean_pool,rf,3,64,brier,0.229702066772655
5190,5190,4854.0,4854.0,1830.0,1830.0,,new_hypertension,new_hypertension,clinicalbert_type3_mean_pool,rf,4,64,auroc,0.565594222306156
5191,5191,4855.0,4855.0,1831.0,1831.0,,new_hypertension,new_hypertension,clinicalbert_type3_mean_pool,rf,4,64,auprc,0.1588446819531578
5192,5192,4856.0,4856.0,1832.0,1832.0,,new_hypertension,new_hypertension,clinicalbert_type3_mean_pool,rf,4,64,brier,0.2855643469211856
5193,5193,4857.0,4857.0,1833.0,1833.0,,new_hypertension,new_hypertension,clinicalbert_type3_mean_pool,rf,0,128,auroc,0.6526430545779182
5194,5194,4858.0,4858.0,1834.0,1834.0,,new_hypertension,new_hypertension,clinicalbert_type3_mean_pool,rf,0,128,auprc,0.2127204038933895
5195,5195,4859.0,4859.0,1835.0,1835.0,,new_hypertension,new_hypertension,clinicalbert_type3_mean_pool,rf,0,128,brier,0.2358735205794029
5196,5196,4860.0,4860.0,1836.0,1836.0,,new_hypertension,new_hypertension,clinicalbert_type3_mean_pool,rf,1,128,auroc,0.6660829456166555
5197,5197,4861.0,4861.0,1837.0,1837.0,,new_hypertension,new_hypertension,clinicalbert_type3_mean_pool,rf,1,128,auprc,0.2154435749788164
5198,5198,4862.0,4862.0,1838.0,1838.0,,new_hypertension,new_hypertension,clinicalbert_type3_mean_pool,rf,1,128,brier,0.2224116745970016
5199,5199,4863.0,4863.0,1839.0,1839.0,,new_hypertension,new_hypertension,clinicalbert_type3_mean_pool,rf,2,128,auroc,0.6473981492609062
5200,5200,4864.0,4864.0,1840.0,1840.0,,new_hypertension,new_hypertension,clinicalbert_type3_mean_pool,rf,2,128,auprc,0.2122406839204702
5201,5201,4865.0,4865.0,1841.0,1841.0,,new_hypertension,new_hypertension,clinicalbert_type3_mean_pool,rf,2,128,brier,0.234185513100704
5202,5202,4866.0,4866.0,1842.0,1842.0,,new_hypertension,new_hypertension,clinicalbert_type3_mean_pool,rf,3,128,auroc,0.6045518796390085
5203,5203,4867.0,4867.0,1843.0,1843.0,,new_hypertension,new_hypertension,clinicalbert_type3_mean_pool,rf,3,128,auprc,0.172261713533774
5204,5204,4868.0,4868.0,1844.0,1844.0,,new_hypertension,new_hypertension,clinicalbert_type3_mean_pool,rf,3,128,brier,0.2428080286168521
5205,5205,4869.0,4869.0,1845.0,1845.0,,new_hypertension,new_hypertension,clinicalbert_type3_mean_pool,rf,4,128,auroc,0.634584899937622
5206,5206,4870.0,4870.0,1846.0,1846.0,,new_hypertension,new_hypertension,clinicalbert_type3_mean_pool,rf,4,128,auprc,0.1823918070431927
5207,5207,4871.0,4871.0,1847.0,1847.0,,new_hypertension,new_hypertension,clinicalbert_type3_mean_pool,rf,4,128,brier,0.2301361685214626
5208,5208,4872.0,4872.0,1848.0,1848.0,,new_hypertension,new_hypertension,clinicalbert_type3_clinicalbert_pool,lr_lbfgs,0,-1,auroc,0.6638453482582793
5209,5209,4873.0,4873.0,1849.0,1849.0,,new_hypertension,new_hypertension,clinicalbert_type3_clinicalbert_pool,lr_lbfgs,0,-1,auprc,0.2262714032796017
5210,5210,4874.0,4874.0,1850.0,1850.0,,new_hypertension,new_hypertension,clinicalbert_type3_clinicalbert_pool,lr_lbfgs,0,-1,brier,0.1067760760858052
5211,5211,4875.0,4875.0,1851.0,1851.0,,new_hypertension,new_hypertension,clinicalbert_type3_clinicalbert_pool,lr_lbfgs,0,1,auroc,0.6004715550443227
5212,5212,4876.0,4876.0,1852.0,1852.0,,new_hypertension,new_hypertension,clinicalbert_type3_clinicalbert_pool,lr_lbfgs,0,1,auprc,0.2071341769972213
5213,5213,4877.0,4877.0,1853.0,1853.0,,new_hypertension,new_hypertension,clinicalbert_type3_clinicalbert_pool,lr_lbfgs,0,1,brier,0.2499981638557902
5214,5214,4878.0,4878.0,1854.0,1854.0,,new_hypertension,new_hypertension,clinicalbert_type3_clinicalbert_pool,lr_lbfgs,1,1,auroc,0.6241122575697747
5215,5215,4879.0,4879.0,1855.0,1855.0,,new_hypertension,new_hypertension,clinicalbert_type3_clinicalbert_pool,lr_lbfgs,1,1,auprc,0.1873130915534669
5216,5216,4880.0,4880.0,1856.0,1856.0,,new_hypertension,new_hypertension,clinicalbert_type3_clinicalbert_pool,lr_lbfgs,1,1,brier,0.2499972707424644
5217,5217,4881.0,4881.0,1857.0,1857.0,,new_hypertension,new_hypertension,clinicalbert_type3_clinicalbert_pool,lr_lbfgs,2,1,auroc,0.517194018576064
5218,5218,4882.0,4882.0,1858.0,1858.0,,new_hypertension,new_hypertension,clinicalbert_type3_clinicalbert_pool,lr_lbfgs,2,1,auprc,0.138701858130249
5219,5219,4883.0,4883.0,1859.0,1859.0,,new_hypertension,new_hypertension,clinicalbert_type3_clinicalbert_pool,lr_lbfgs,2,1,brier,0.250000992580324
5220,5220,4884.0,4884.0,1860.0,1860.0,,new_hypertension,new_hypertension,clinicalbert_type3_clinicalbert_pool,lr_lbfgs,3,1,auroc,0.4184936563256476
5221,5221,4885.0,4885.0,1861.0,1861.0,,new_hypertension,new_hypertension,clinicalbert_type3_clinicalbert_pool,lr_lbfgs,3,1,auprc,0.1204150858474251
5222,5222,4886.0,4886.0,1862.0,1862.0,,new_hypertension,new_hypertension,clinicalbert_type3_clinicalbert_pool,lr_lbfgs,3,1,brier,0.2499989478266757
5223,5223,4887.0,4887.0,1863.0,1863.0,,new_hypertension,new_hypertension,clinicalbert_type3_clinicalbert_pool,lr_lbfgs,4,1,auroc,0.590977503848553
5224,5224,4888.0,4888.0,1864.0,1864.0,,new_hypertension,new_hypertension,clinicalbert_type3_clinicalbert_pool,lr_lbfgs,4,1,auprc,0.1690845210686531
5225,5225,4889.0,4889.0,1865.0,1865.0,,new_hypertension,new_hypertension,clinicalbert_type3_clinicalbert_pool,lr_lbfgs,4,1,brier,0.2499978308697766
5226,5226,4890.0,4890.0,1866.0,1866.0,,new_hypertension,new_hypertension,clinicalbert_type3_clinicalbert_pool,lr_lbfgs,0,2,auroc,0.6439473277593695
5227,5227,4891.0,4891.0,1867.0,1867.0,,new_hypertension,new_hypertension,clinicalbert_type3_clinicalbert_pool,lr_lbfgs,0,2,auprc,0.219972177516953
5228,5228,4892.0,4892.0,1868.0,1868.0,,new_hypertension,new_hypertension,clinicalbert_type3_clinicalbert_pool,lr_lbfgs,0,2,brier,0.2499998299520744
5229,5229,4893.0,4893.0,1869.0,1869.0,,new_hypertension,new_hypertension,clinicalbert_type3_clinicalbert_pool,lr_lbfgs,1,2,auroc,0.6161805185960936
5230,5230,4894.0,4894.0,1870.0,1870.0,,new_hypertension,new_hypertension,clinicalbert_type3_clinicalbert_pool,lr_lbfgs,1,2,auprc,0.1812040468070621
5231,5231,4895.0,4895.0,1871.0,1871.0,,new_hypertension,new_hypertension,clinicalbert_type3_clinicalbert_pool,lr_lbfgs,1,2,brier,0.2499994571634818
5232,5232,4896.0,4896.0,1872.0,1872.0,,new_hypertension,new_hypertension,clinicalbert_type3_clinicalbert_pool,lr_lbfgs,2,2,auroc,0.5832975661121317
5233,5233,4897.0,4897.0,1873.0,1873.0,,new_hypertension,new_hypertension,clinicalbert_type3_clinicalbert_pool,lr_lbfgs,2,2,auprc,0.1638128497253322
5234,5234,4898.0,4898.0,1874.0,1874.0,,new_hypertension,new_hypertension,clinicalbert_type3_clinicalbert_pool,lr_lbfgs,2,2,brier,0.250001411291086
5235,5235,4899.0,4899.0,1875.0,1875.0,,new_hypertension,new_hypertension,clinicalbert_type3_clinicalbert_pool,lr_lbfgs,3,2,auroc,0.6147441069926348
5236,5236,4900.0,4900.0,1876.0,1876.0,,new_hypertension,new_hypertension,clinicalbert_type3_clinicalbert_pool,lr_lbfgs,3,2,auprc,0.1961974462449386
5237,5237,4901.0,4901.0,1877.0,1877.0,,new_hypertension,new_hypertension,clinicalbert_type3_clinicalbert_pool,lr_lbfgs,3,2,brier,0.2500002528949071
5238,5238,4902.0,4902.0,1878.0,1878.0,,new_hypertension,new_hypertension,clinicalbert_type3_clinicalbert_pool,lr_lbfgs,4,2,auroc,0.620272288701564
5239,5239,4903.0,4903.0,1879.0,1879.0,,new_hypertension,new_hypertension,clinicalbert_type3_clinicalbert_pool,lr_lbfgs,4,2,auprc,0.1802195882183617
5240,5240,4904.0,4904.0,1880.0,1880.0,,new_hypertension,new_hypertension,clinicalbert_type3_clinicalbert_pool,lr_lbfgs,4,2,brier,0.2499996929012495
5241,5241,4905.0,4905.0,1881.0,1881.0,,new_hypertension,new_hypertension,clinicalbert_type3_clinicalbert_pool,lr_lbfgs,0,4,auroc,0.6339210603121191
5242,5242,4906.0,4906.0,1882.0,1882.0,,new_hypertension,new_hypertension,clinicalbert_type3_clinicalbert_pool,lr_lbfgs,0,4,auprc,0.2074431056012599
5243,5243,4907.0,4907.0,1883.0,1883.0,,new_hypertension,new_hypertension,clinicalbert_type3_clinicalbert_pool,lr_lbfgs,0,4,brier,0.3068897900200323
5244,5244,4908.0,4908.0,1884.0,1884.0,,new_hypertension,new_hypertension,clinicalbert_type3_clinicalbert_pool,lr_lbfgs,1,4,auroc,0.4815412524822451
5245,5245,4909.0,4909.0,1885.0,1885.0,,new_hypertension,new_hypertension,clinicalbert_type3_clinicalbert_pool,lr_lbfgs,1,4,auprc,0.1195154248590714
5246,5246,4910.0,4910.0,1886.0,1886.0,,new_hypertension,new_hypertension,clinicalbert_type3_clinicalbert_pool,lr_lbfgs,1,4,brier,0.2500002706071719
5247,5247,4911.0,4911.0,1887.0,1887.0,,new_hypertension,new_hypertension,clinicalbert_type3_clinicalbert_pool,lr_lbfgs,2,4,auroc,0.4719613599555914
5248,5248,4912.0,4912.0,1888.0,1888.0,,new_hypertension,new_hypertension,clinicalbert_type3_clinicalbert_pool,lr_lbfgs,2,4,auprc,0.1287362600990796
5249,5249,4913.0,4913.0,1889.0,1889.0,,new_hypertension,new_hypertension,clinicalbert_type3_clinicalbert_pool,lr_lbfgs,2,4,brier,0.2500009011571519
5250,5250,4914.0,4914.0,1890.0,1890.0,,new_hypertension,new_hypertension,clinicalbert_type3_clinicalbert_pool,lr_lbfgs,3,4,auroc,0.5983140762614383
5251,5251,4915.0,4915.0,1891.0,1891.0,,new_hypertension,new_hypertension,clinicalbert_type3_clinicalbert_pool,lr_lbfgs,3,4,auprc,0.2010502630513859
5252,5252,4916.0,4916.0,1892.0,1892.0,,new_hypertension,new_hypertension,clinicalbert_type3_clinicalbert_pool,lr_lbfgs,3,4,brier,0.2574450808265637
5253,5253,4917.0,4917.0,1893.0,1893.0,,new_hypertension,new_hypertension,clinicalbert_type3_clinicalbert_pool,lr_lbfgs,4,4,auroc,0.6308708316880411
5254,5254,4918.0,4918.0,1894.0,1894.0,,new_hypertension,new_hypertension,clinicalbert_type3_clinicalbert_pool,lr_lbfgs,4,4,auprc,0.2150603896769425
5255,5255,4919.0,4919.0,1895.0,1895.0,,new_hypertension,new_hypertension,clinicalbert_type3_clinicalbert_pool,lr_lbfgs,4,4,brier,0.2419011519862202
5256,5256,4920.0,4920.0,1896.0,1896.0,,new_hypertension,new_hypertension,clinicalbert_type3_clinicalbert_pool,lr_lbfgs,0,8,auroc,0.6581283156214054
5257,5257,4921.0,4921.0,1897.0,1897.0,,new_hypertension,new_hypertension,clinicalbert_type3_clinicalbert_pool,lr_lbfgs,0,8,auprc,0.2060467404425716
5258,5258,4922.0,4922.0,1898.0,1898.0,,new_hypertension,new_hypertension,clinicalbert_type3_clinicalbert_pool,lr_lbfgs,0,8,brier,0.2429216307372328
5259,5259,4923.0,4923.0,1899.0,1899.0,,new_hypertension,new_hypertension,clinicalbert_type3_clinicalbert_pool,lr_lbfgs,1,8,auroc,0.477217710783388
5260,5260,4924.0,4924.0,1900.0,1900.0,,new_hypertension,new_hypertension,clinicalbert_type3_clinicalbert_pool,lr_lbfgs,1,8,auprc,0.1226547765001735
5261,5261,4925.0,4925.0,1901.0,1901.0,,new_hypertension,new_hypertension,clinicalbert_type3_clinicalbert_pool,lr_lbfgs,1,8,brier,0.4208101593293722
5262,5262,4926.0,4926.0,1902.0,1902.0,,new_hypertension,new_hypertension,clinicalbert_type3_clinicalbert_pool,lr_lbfgs,2,8,auroc,0.545521657767782
5263,5263,4927.0,4927.0,1903.0,1903.0,,new_hypertension,new_hypertension,clinicalbert_type3_clinicalbert_pool,lr_lbfgs,2,8,auprc,0.1554079592621749
5264,5264,4928.0,4928.0,1904.0,1904.0,,new_hypertension,new_hypertension,clinicalbert_type3_clinicalbert_pool,lr_lbfgs,2,8,brier,0.2499996821501952
5265,5265,4929.0,4929.0,1905.0,1905.0,,new_hypertension,new_hypertension,clinicalbert_type3_clinicalbert_pool,lr_lbfgs,3,8,auroc,0.6171934463005248
5266,5266,4930.0,4930.0,1906.0,1906.0,,new_hypertension,new_hypertension,clinicalbert_type3_clinicalbert_pool,lr_lbfgs,3,8,auprc,0.2009189437002692
5267,5267,4931.0,4931.0,1907.0,1907.0,,new_hypertension,new_hypertension,clinicalbert_type3_clinicalbert_pool,lr_lbfgs,3,8,brier,0.2500004138392517
5268,5268,4932.0,4932.0,1908.0,1908.0,,new_hypertension,new_hypertension,clinicalbert_type3_clinicalbert_pool,lr_lbfgs,4,8,auroc,0.6058108858253072
5269,5269,4933.0,4933.0,1909.0,1909.0,,new_hypertension,new_hypertension,clinicalbert_type3_clinicalbert_pool,lr_lbfgs,4,8,auprc,0.2019106750968414
5270,5270,4934.0,4934.0,1910.0,1910.0,,new_hypertension,new_hypertension,clinicalbert_type3_clinicalbert_pool,lr_lbfgs,4,8,brier,0.2499995256284791
5271,5271,4935.0,4935.0,1911.0,1911.0,,new_hypertension,new_hypertension,clinicalbert_type3_clinicalbert_pool,lr_lbfgs,0,12,auroc,0.6473351989515912
5272,5272,4936.0,4936.0,1912.0,1912.0,,new_hypertension,new_hypertension,clinicalbert_type3_clinicalbert_pool,lr_lbfgs,0,12,auprc,0.2386587760818431
5273,5273,4937.0,4937.0,1913.0,1913.0,,new_hypertension,new_hypertension,clinicalbert_type3_clinicalbert_pool,lr_lbfgs,0,12,brier,0.2368877299314078
5274,5274,4938.0,4938.0,1914.0,1914.0,,new_hypertension,new_hypertension,clinicalbert_type3_clinicalbert_pool,lr_lbfgs,1,12,auroc,0.4476911543369902
5275,5275,4939.0,4939.0,1915.0,1915.0,,new_hypertension,new_hypertension,clinicalbert_type3_clinicalbert_pool,lr_lbfgs,1,12,auprc,0.1170931650654611
5276,5276,4940.0,4940.0,1916.0,1916.0,,new_hypertension,new_hypertension,clinicalbert_type3_clinicalbert_pool,lr_lbfgs,1,12,brier,0.3624473745978767
5277,5277,4941.0,4941.0,1917.0,1917.0,,new_hypertension,new_hypertension,clinicalbert_type3_clinicalbert_pool,lr_lbfgs,2,12,auroc,0.5797093984811807
5278,5278,4942.0,4942.0,1918.0,1918.0,,new_hypertension,new_hypertension,clinicalbert_type3_clinicalbert_pool,lr_lbfgs,2,12,auprc,0.1571798512139529
5279,5279,4943.0,4943.0,1919.0,1919.0,,new_hypertension,new_hypertension,clinicalbert_type3_clinicalbert_pool,lr_lbfgs,2,12,brier,0.2640869249383096
5280,5280,4944.0,4944.0,1920.0,1920.0,,new_hypertension,new_hypertension,clinicalbert_type3_clinicalbert_pool,lr_lbfgs,3,12,auroc,0.5252344899021981
5281,5281,4945.0,4945.0,1921.0,1921.0,,new_hypertension,new_hypertension,clinicalbert_type3_clinicalbert_pool,lr_lbfgs,3,12,auprc,0.161656783377906
5282,5282,4946.0,4946.0,1922.0,1922.0,,new_hypertension,new_hypertension,clinicalbert_type3_clinicalbert_pool,lr_lbfgs,3,12,brier,0.6153068644705233
5283,5283,4947.0,4947.0,1923.0,1923.0,,new_hypertension,new_hypertension,clinicalbert_type3_clinicalbert_pool,lr_lbfgs,4,12,auroc,0.6538991993865206
5284,5284,4948.0,4948.0,1924.0,1924.0,,new_hypertension,new_hypertension,clinicalbert_type3_clinicalbert_pool,lr_lbfgs,4,12,auprc,0.2297540328550727
5285,5285,4949.0,4949.0,1925.0,1925.0,,new_hypertension,new_hypertension,clinicalbert_type3_clinicalbert_pool,lr_lbfgs,4,12,brier,0.2488547133803464
5286,5286,4950.0,4950.0,1926.0,1926.0,,new_hypertension,new_hypertension,clinicalbert_type3_clinicalbert_pool,lr_lbfgs,0,16,auroc,0.6444680985000658
5287,5287,4951.0,4951.0,1927.0,1927.0,,new_hypertension,new_hypertension,clinicalbert_type3_clinicalbert_pool,lr_lbfgs,0,16,auprc,0.2157628767186103
5288,5288,4952.0,4952.0,1928.0,1928.0,,new_hypertension,new_hypertension,clinicalbert_type3_clinicalbert_pool,lr_lbfgs,0,16,brier,0.3206750508482588
5289,5289,4953.0,4953.0,1929.0,1929.0,,new_hypertension,new_hypertension,clinicalbert_type3_clinicalbert_pool,lr_lbfgs,1,16,auroc,0.5724472218883948
5290,5290,4954.0,4954.0,1930.0,1930.0,,new_hypertension,new_hypertension,clinicalbert_type3_clinicalbert_pool,lr_lbfgs,1,16,auprc,0.1560308227014397
5291,5291,4955.0,4955.0,1931.0,1931.0,,new_hypertension,new_hypertension,clinicalbert_type3_clinicalbert_pool,lr_lbfgs,1,16,brier,0.4706696700144474
5292,5292,4956.0,4956.0,1932.0,1932.0,,new_hypertension,new_hypertension,clinicalbert_type3_clinicalbert_pool,lr_lbfgs,2,16,auroc,0.6098797649092085
5293,5293,4957.0,4957.0,1933.0,1933.0,,new_hypertension,new_hypertension,clinicalbert_type3_clinicalbert_pool,lr_lbfgs,2,16,auprc,0.1759870441953052
5294,5294,4958.0,4958.0,1934.0,1934.0,,new_hypertension,new_hypertension,clinicalbert_type3_clinicalbert_pool,lr_lbfgs,2,16,brier,0.2504213449189264
5295,5295,4959.0,4959.0,1935.0,1935.0,,new_hypertension,new_hypertension,clinicalbert_type3_clinicalbert_pool,lr_lbfgs,3,16,auroc,0.5028642390738294
5296,5296,4960.0,4960.0,1936.0,1936.0,,new_hypertension,new_hypertension,clinicalbert_type3_clinicalbert_pool,lr_lbfgs,3,16,auprc,0.1561507671023754
5297,5297,4961.0,4961.0,1937.0,1937.0,,new_hypertension,new_hypertension,clinicalbert_type3_clinicalbert_pool,lr_lbfgs,3,16,brier,0.5064645795739766
5298,5298,4962.0,4962.0,1938.0,1938.0,,new_hypertension,new_hypertension,clinicalbert_type3_clinicalbert_pool,lr_lbfgs,4,16,auroc,0.6798118358027023
5299,5299,4963.0,4963.0,1939.0,1939.0,,new_hypertension,new_hypertension,clinicalbert_type3_clinicalbert_pool,lr_lbfgs,4,16,auprc,0.2432693877762312
5300,5300,4964.0,4964.0,1940.0,1940.0,,new_hypertension,new_hypertension,clinicalbert_type3_clinicalbert_pool,lr_lbfgs,4,16,brier,0.2230536790097822
5301,5301,4965.0,4965.0,1941.0,1941.0,,new_hypertension,new_hypertension,clinicalbert_type3_clinicalbert_pool,lr_lbfgs,0,24,auroc,0.6623459863455057
5302,5302,4966.0,4966.0,1942.0,1942.0,,new_hypertension,new_hypertension,clinicalbert_type3_clinicalbert_pool,lr_lbfgs,0,24,auprc,0.2103005786170179
5303,5303,4967.0,4967.0,1943.0,1943.0,,new_hypertension,new_hypertension,clinicalbert_type3_clinicalbert_pool,lr_lbfgs,0,24,brier,0.2738648240502012
5304,5304,4968.0,4968.0,1944.0,1944.0,,new_hypertension,new_hypertension,clinicalbert_type3_clinicalbert_pool,lr_lbfgs,1,24,auroc,0.593255160494675
5305,5305,4969.0,4969.0,1945.0,1945.0,,new_hypertension,new_hypertension,clinicalbert_type3_clinicalbert_pool,lr_lbfgs,1,24,auprc,0.1857142830036416
5306,5306,4970.0,4970.0,1946.0,1946.0,,new_hypertension,new_hypertension,clinicalbert_type3_clinicalbert_pool,lr_lbfgs,1,24,brier,0.2516511650292986
5307,5307,4971.0,4971.0,1947.0,1947.0,,new_hypertension,new_hypertension,clinicalbert_type3_clinicalbert_pool,lr_lbfgs,2,24,auroc,0.6278206030639633
5308,5308,4972.0,4972.0,1948.0,1948.0,,new_hypertension,new_hypertension,clinicalbert_type3_clinicalbert_pool,lr_lbfgs,2,24,auprc,0.190171486625348
5309,5309,4973.0,4973.0,1949.0,1949.0,,new_hypertension,new_hypertension,clinicalbert_type3_clinicalbert_pool,lr_lbfgs,2,24,brier,0.235691451502498
5310,5310,4974.0,4974.0,1950.0,1950.0,,new_hypertension,new_hypertension,clinicalbert_type3_clinicalbert_pool,lr_lbfgs,3,24,auroc,0.5384855300129907
5311,5311,4975.0,4975.0,1951.0,1951.0,,new_hypertension,new_hypertension,clinicalbert_type3_clinicalbert_pool,lr_lbfgs,3,24,auprc,0.1715714160751128
5312,5312,4976.0,4976.0,1952.0,1952.0,,new_hypertension,new_hypertension,clinicalbert_type3_clinicalbert_pool,lr_lbfgs,3,24,brier,0.4168847791079541
5313,5313,4977.0,4977.0,1953.0,1953.0,,new_hypertension,new_hypertension,clinicalbert_type3_clinicalbert_pool,lr_lbfgs,4,24,auroc,0.6449717009745853
5314,5314,4978.0,4978.0,1954.0,1954.0,,new_hypertension,new_hypertension,clinicalbert_type3_clinicalbert_pool,lr_lbfgs,4,24,auprc,0.2242279503996454
5315,5315,4979.0,4979.0,1955.0,1955.0,,new_hypertension,new_hypertension,clinicalbert_type3_clinicalbert_pool,lr_lbfgs,4,24,brier,0.2286599653394018
5316,5316,4980.0,4980.0,1956.0,1956.0,,new_hypertension,new_hypertension,clinicalbert_type3_clinicalbert_pool,lr_lbfgs,0,32,auroc,0.6368167745406058
5317,5317,4981.0,4981.0,1957.0,1957.0,,new_hypertension,new_hypertension,clinicalbert_type3_clinicalbert_pool,lr_lbfgs,0,32,auprc,0.2029914264298795
5318,5318,4982.0,4982.0,1958.0,1958.0,,new_hypertension,new_hypertension,clinicalbert_type3_clinicalbert_pool,lr_lbfgs,0,32,brier,0.2877694309552912
5319,5319,4983.0,4983.0,1959.0,1959.0,,new_hypertension,new_hypertension,clinicalbert_type3_clinicalbert_pool,lr_lbfgs,1,32,auroc,0.6002369220732399
5320,5320,4984.0,4984.0,1960.0,1960.0,,new_hypertension,new_hypertension,clinicalbert_type3_clinicalbert_pool,lr_lbfgs,1,32,auprc,0.1733503007760954
5321,5321,4985.0,4985.0,1961.0,1961.0,,new_hypertension,new_hypertension,clinicalbert_type3_clinicalbert_pool,lr_lbfgs,1,32,brier,0.2499993715129972
5322,5322,4986.0,4986.0,1962.0,1962.0,,new_hypertension,new_hypertension,clinicalbert_type3_clinicalbert_pool,lr_lbfgs,2,32,auroc,0.6266245471869795
5323,5323,4987.0,4987.0,1963.0,1963.0,,new_hypertension,new_hypertension,clinicalbert_type3_clinicalbert_pool,lr_lbfgs,2,32,auprc,0.2080262976870464
5324,5324,4988.0,4988.0,1964.0,1964.0,,new_hypertension,new_hypertension,clinicalbert_type3_clinicalbert_pool,lr_lbfgs,2,32,brier,0.2415673526017585
5325,5325,4989.0,4989.0,1965.0,1965.0,,new_hypertension,new_hypertension,clinicalbert_type3_clinicalbert_pool,lr_lbfgs,3,32,auroc,0.6341385250170252
5326,5326,4990.0,4990.0,1966.0,1966.0,,new_hypertension,new_hypertension,clinicalbert_type3_clinicalbert_pool,lr_lbfgs,3,32,auprc,0.218389418080779
5327,5327,4991.0,4991.0,1967.0,1967.0,,new_hypertension,new_hypertension,clinicalbert_type3_clinicalbert_pool,lr_lbfgs,3,32,brier,0.2347184075076402
5328,5328,4992.0,4992.0,1968.0,1968.0,,new_hypertension,new_hypertension,clinicalbert_type3_clinicalbert_pool,lr_lbfgs,4,32,auroc,0.64675147790158
5329,5329,4993.0,4993.0,1969.0,1969.0,,new_hypertension,new_hypertension,clinicalbert_type3_clinicalbert_pool,lr_lbfgs,4,32,auprc,0.2206179987407706
5330,5330,4994.0,4994.0,1970.0,1970.0,,new_hypertension,new_hypertension,clinicalbert_type3_clinicalbert_pool,lr_lbfgs,4,32,brier,0.250000477193543
5331,5331,4995.0,4995.0,1971.0,1971.0,,new_hypertension,new_hypertension,clinicalbert_type3_clinicalbert_pool,lr_lbfgs,0,48,auroc,0.6470833977143314
5332,5332,4996.0,4996.0,1972.0,1972.0,,new_hypertension,new_hypertension,clinicalbert_type3_clinicalbert_pool,lr_lbfgs,0,48,auprc,0.2252879569409168
5333,5333,4997.0,4997.0,1973.0,1973.0,,new_hypertension,new_hypertension,clinicalbert_type3_clinicalbert_pool,lr_lbfgs,0,48,brier,0.3030510524008182
5334,5334,4998.0,4998.0,1974.0,1974.0,,new_hypertension,new_hypertension,clinicalbert_type3_clinicalbert_pool,lr_lbfgs,1,48,auroc,0.6457786094848947
5335,5335,4999.0,4999.0,1975.0,1975.0,,new_hypertension,new_hypertension,clinicalbert_type3_clinicalbert_pool,lr_lbfgs,1,48,auprc,0.1881725659749371
5336,5336,5000.0,5000.0,1976.0,1976.0,,new_hypertension,new_hypertension,clinicalbert_type3_clinicalbert_pool,lr_lbfgs,1,48,brier,0.2499973117215701
5337,5337,5001.0,5001.0,1977.0,1977.0,,new_hypertension,new_hypertension,clinicalbert_type3_clinicalbert_pool,lr_lbfgs,2,48,auroc,0.5961852112555153
5338,5338,5002.0,5002.0,1978.0,1978.0,,new_hypertension,new_hypertension,clinicalbert_type3_clinicalbert_pool,lr_lbfgs,2,48,auprc,0.1798520872094894
5339,5339,5003.0,5003.0,1979.0,1979.0,,new_hypertension,new_hypertension,clinicalbert_type3_clinicalbert_pool,lr_lbfgs,2,48,brier,0.3003761290991537
5340,5340,5004.0,5004.0,1980.0,1980.0,,new_hypertension,new_hypertension,clinicalbert_type3_clinicalbert_pool,lr_lbfgs,3,48,auroc,0.657258456801781
5341,5341,5005.0,5005.0,1981.0,1981.0,,new_hypertension,new_hypertension,clinicalbert_type3_clinicalbert_pool,lr_lbfgs,3,48,auprc,0.2349521795401855
5342,5342,5006.0,5006.0,1982.0,1982.0,,new_hypertension,new_hypertension,clinicalbert_type3_clinicalbert_pool,lr_lbfgs,3,48,brier,0.2347777969144538
5343,5343,5007.0,5007.0,1983.0,1983.0,,new_hypertension,new_hypertension,clinicalbert_type3_clinicalbert_pool,lr_lbfgs,4,48,auroc,0.6806530808453655
5344,5344,5008.0,5008.0,1984.0,1984.0,,new_hypertension,new_hypertension,clinicalbert_type3_clinicalbert_pool,lr_lbfgs,4,48,auprc,0.247333619678548
5345,5345,5009.0,5009.0,1985.0,1985.0,,new_hypertension,new_hypertension,clinicalbert_type3_clinicalbert_pool,lr_lbfgs,4,48,brier,0.2444918839890129
5346,5346,5010.0,5010.0,1986.0,1986.0,,new_hypertension,new_hypertension,clinicalbert_type3_clinicalbert_pool,lr_lbfgs,0,64,auroc,0.6479246427569947
5347,5347,5011.0,5011.0,1987.0,1987.0,,new_hypertension,new_hypertension,clinicalbert_type3_clinicalbert_pool,lr_lbfgs,0,64,auprc,0.2269335182686065
5348,5348,5012.0,5012.0,1988.0,1988.0,,new_hypertension,new_hypertension,clinicalbert_type3_clinicalbert_pool,lr_lbfgs,0,64,brier,0.2435567526205027
5349,5349,5013.0,5013.0,1989.0,1989.0,,new_hypertension,new_hypertension,clinicalbert_type3_clinicalbert_pool,lr_lbfgs,1,64,auroc,0.657819286830223
5350,5350,5014.0,5014.0,1990.0,1990.0,,new_hypertension,new_hypertension,clinicalbert_type3_clinicalbert_pool,lr_lbfgs,1,64,auprc,0.1968724639391298
5351,5351,5015.0,5015.0,1991.0,1991.0,,new_hypertension,new_hypertension,clinicalbert_type3_clinicalbert_pool,lr_lbfgs,1,64,brier,0.2400100873698057
5352,5352,5016.0,5016.0,1992.0,1992.0,,new_hypertension,new_hypertension,clinicalbert_type3_clinicalbert_pool,lr_lbfgs,2,64,auroc,0.6384534825827939
5353,5353,5017.0,5017.0,1993.0,1993.0,,new_hypertension,new_hypertension,clinicalbert_type3_clinicalbert_pool,lr_lbfgs,2,64,auprc,0.1863970444591435
5354,5354,5018.0,5018.0,1994.0,1994.0,,new_hypertension,new_hypertension,clinicalbert_type3_clinicalbert_pool,lr_lbfgs,2,64,brier,0.2681671709649627
5355,5355,5019.0,5019.0,1995.0,1995.0,,new_hypertension,new_hypertension,clinicalbert_type3_clinicalbert_pool,lr_lbfgs,3,64,auroc,0.6511293857766638
5356,5356,5020.0,5020.0,1996.0,1996.0,,new_hypertension,new_hypertension,clinicalbert_type3_clinicalbert_pool,lr_lbfgs,3,64,auprc,0.222621975989861
5357,5357,5021.0,5021.0,1997.0,1997.0,,new_hypertension,new_hypertension,clinicalbert_type3_clinicalbert_pool,lr_lbfgs,3,64,brier,0.239000950029249
5358,5358,5022.0,5022.0,1998.0,1998.0,,new_hypertension,new_hypertension,clinicalbert_type3_clinicalbert_pool,lr_lbfgs,4,64,auroc,0.6710903565848885
5359,5359,5023.0,5023.0,1999.0,1999.0,,new_hypertension,new_hypertension,clinicalbert_type3_clinicalbert_pool,lr_lbfgs,4,64,auprc,0.2280415726471881
5360,5360,5024.0,5024.0,2000.0,2000.0,,new_hypertension,new_hypertension,clinicalbert_type3_clinicalbert_pool,lr_lbfgs,4,64,brier,0.2454475479441945
5361,5361,5025.0,5025.0,2001.0,2001.0,,new_hypertension,new_hypertension,clinicalbert_type3_clinicalbert_pool,lr_lbfgs,0,128,auroc,0.6461734796069611
5362,5362,5026.0,5026.0,2002.0,2002.0,,new_hypertension,new_hypertension,clinicalbert_type3_clinicalbert_pool,lr_lbfgs,0,128,auprc,0.2460016750817943
5363,5363,5027.0,5027.0,2003.0,2003.0,,new_hypertension,new_hypertension,clinicalbert_type3_clinicalbert_pool,lr_lbfgs,0,128,brier,0.249879881396503
5364,5364,5028.0,5028.0,2004.0,2004.0,,new_hypertension,new_hypertension,clinicalbert_type3_clinicalbert_pool,lr_lbfgs,1,128,auroc,0.6777745348830554
5365,5365,5029.0,5029.0,2005.0,2005.0,,new_hypertension,new_hypertension,clinicalbert_type3_clinicalbert_pool,lr_lbfgs,1,128,auprc,0.2255081074326743
5366,5366,5030.0,5030.0,2006.0,2006.0,,new_hypertension,new_hypertension,clinicalbert_type3_clinicalbert_pool,lr_lbfgs,1,128,brier,0.2244922964476831
5367,5367,5031.0,5031.0,2007.0,2007.0,,new_hypertension,new_hypertension,clinicalbert_type3_clinicalbert_pool,lr_lbfgs,2,128,auroc,0.6391058766975123
5368,5368,5032.0,5032.0,2008.0,2008.0,,new_hypertension,new_hypertension,clinicalbert_type3_clinicalbert_pool,lr_lbfgs,2,128,auprc,0.1912508097121329
5369,5369,5033.0,5033.0,2009.0,2009.0,,new_hypertension,new_hypertension,clinicalbert_type3_clinicalbert_pool,lr_lbfgs,2,128,brier,0.2457268962222747
5370,5370,5034.0,5034.0,2010.0,2010.0,,new_hypertension,new_hypertension,clinicalbert_type3_clinicalbert_pool,lr_lbfgs,3,128,auroc,0.6348996514841966
5371,5371,5035.0,5035.0,2011.0,2011.0,,new_hypertension,new_hypertension,clinicalbert_type3_clinicalbert_pool,lr_lbfgs,3,128,auprc,0.1757854339924664
5372,5372,5036.0,5036.0,2012.0,2012.0,,new_hypertension,new_hypertension,clinicalbert_type3_clinicalbert_pool,lr_lbfgs,3,128,brier,0.2446851621941274
5373,5373,5037.0,5037.0,2013.0,2013.0,,new_hypertension,new_hypertension,clinicalbert_type3_clinicalbert_pool,lr_lbfgs,4,128,auroc,0.6379956621514127
5374,5374,5038.0,5038.0,2014.0,2014.0,,new_hypertension,new_hypertension,clinicalbert_type3_clinicalbert_pool,lr_lbfgs,4,128,auprc,0.1967333071273102
5375,5375,5039.0,5039.0,2015.0,2015.0,,new_hypertension,new_hypertension,clinicalbert_type3_clinicalbert_pool,lr_lbfgs,4,128,brier,0.240555095259024
5376,5376,5040.0,5040.0,2016.0,2016.0,,new_hypertension,new_hypertension,clinicalbert_type3_clinicalbert_pool,knn,0,-1,auroc,0.5158205572819201
5377,5377,5041.0,5041.0,2017.0,2017.0,,new_hypertension,new_hypertension,clinicalbert_type3_clinicalbert_pool,knn,0,-1,auprc,0.1242261325175556
5378,5378,5042.0,5042.0,2018.0,2018.0,,new_hypertension,new_hypertension,clinicalbert_type3_clinicalbert_pool,knn,0,-1,brier,0.1509646410988177
5379,5379,5043.0,5043.0,2019.0,2019.0,,new_hypertension,new_hypertension,clinicalbert_type3_clinicalbert_pool,knn,0,1,auroc,0.5512014924946063
5380,5380,5044.0,5044.0,2020.0,2020.0,,new_hypertension,new_hypertension,clinicalbert_type3_clinicalbert_pool,knn,0,1,auprc,0.1410644564547635
5381,5381,5045.0,5045.0,2021.0,2021.0,,new_hypertension,new_hypertension,clinicalbert_type3_clinicalbert_pool,knn,0,1,brier,0.3282988871224165
5382,5382,5046.0,5046.0,2022.0,2022.0,,new_hypertension,new_hypertension,clinicalbert_type3_clinicalbert_pool,knn,1,1,auroc,0.5763987844867547
5383,5383,5047.0,5047.0,2023.0,2023.0,,new_hypertension,new_hypertension,clinicalbert_type3_clinicalbert_pool,knn,1,1,auprc,0.1507574642979748
5384,5384,5048.0,5048.0,2024.0,2024.0,,new_hypertension,new_hypertension,clinicalbert_type3_clinicalbert_pool,knn,1,1,brier,0.3171701112877583
5385,5385,5049.0,5049.0,2025.0,2025.0,,new_hypertension,new_hypertension,clinicalbert_type3_clinicalbert_pool,knn,2,1,auroc,0.5079174320852003
5386,5386,5050.0,5050.0,2026.0,2026.0,,new_hypertension,new_hypertension,clinicalbert_type3_clinicalbert_pool,knn,2,1,auprc,0.1281755338273736
5387,5387,5051.0,5051.0,2027.0,2027.0,,new_hypertension,new_hypertension,clinicalbert_type3_clinicalbert_pool,knn,2,1,brier,0.6248012718600954
5388,5388,5052.0,5052.0,2028.0,2028.0,,new_hypertension,new_hypertension,clinicalbert_type3_clinicalbert_pool,knn,3,1,auroc,0.4447668263315421
5389,5389,5053.0,5053.0,2029.0,2029.0,,new_hypertension,new_hypertension,clinicalbert_type3_clinicalbert_pool,knn,3,1,auprc,0.1170579843567304
5390,5390,5054.0,5054.0,2030.0,2030.0,,new_hypertension,new_hypertension,clinicalbert_type3_clinicalbert_pool,knn,3,1,brier,0.4578696343402226
5391,5391,5055.0,5055.0,2031.0,2031.0,,new_hypertension,new_hypertension,clinicalbert_type3_clinicalbert_pool,knn,4,1,auroc,0.5752742630521744
5392,5392,5056.0,5056.0,2032.0,2032.0,,new_hypertension,new_hypertension,clinicalbert_type3_clinicalbert_pool,knn,4,1,auprc,0.1512733599304076
5393,5393,5057.0,5057.0,2033.0,2033.0,,new_hypertension,new_hypertension,clinicalbert_type3_clinicalbert_pool,knn,4,1,brier,0.2909379968203497
5394,5394,5058.0,5058.0,2034.0,2034.0,,new_hypertension,new_hypertension,clinicalbert_type3_clinicalbert_pool,knn,0,2,auroc,0.574149741617594
5395,5395,5059.0,5059.0,2035.0,2035.0,,new_hypertension,new_hypertension,clinicalbert_type3_clinicalbert_pool,knn,0,2,auprc,0.1520323389427162
5396,5396,5060.0,5060.0,2036.0,2036.0,,new_hypertension,new_hypertension,clinicalbert_type3_clinicalbert_pool,knn,0,2,brier,0.1993464052287581
5397,5397,5061.0,5061.0,2037.0,2037.0,,new_hypertension,new_hypertension,clinicalbert_type3_clinicalbert_pool,knn,1,2,auroc,0.561359383315879
5398,5398,5062.0,5062.0,2038.0,2038.0,,new_hypertension,new_hypertension,clinicalbert_type3_clinicalbert_pool,knn,1,2,auprc,0.1435528850719701
5399,5399,5063.0,5063.0,2039.0,2039.0,,new_hypertension,new_hypertension,clinicalbert_type3_clinicalbert_pool,knn,1,2,brier,0.2443914502738032
5400,5400,5064.0,5064.0,2040.0,2040.0,,new_hypertension,new_hypertension,clinicalbert_type3_clinicalbert_pool,knn,2,2,auroc,0.5103410189938251
5401,5401,5065.0,5065.0,2041.0,2041.0,,new_hypertension,new_hypertension,clinicalbert_type3_clinicalbert_pool,knn,2,2,auprc,0.1287271632443663
5402,5402,5066.0,5066.0,2042.0,2042.0,,new_hypertension,new_hypertension,clinicalbert_type3_clinicalbert_pool,knn,2,2,brier,0.7098569157392687
5403,5403,5067.0,5067.0,2043.0,2043.0,,new_hypertension,new_hypertension,clinicalbert_type3_clinicalbert_pool,knn,3,2,auroc,0.5534247829645018
5404,5404,5068.0,5068.0,2044.0,2044.0,,new_hypertension,new_hypertension,clinicalbert_type3_clinicalbert_pool,knn,3,2,auprc,0.1406497949523953
5405,5405,5069.0,5069.0,2045.0,2045.0,,new_hypertension,new_hypertension,clinicalbert_type3_clinicalbert_pool,knn,3,2,brier,0.2568450803744921
5406,5406,5070.0,5070.0,2046.0,2046.0,,new_hypertension,new_hypertension,clinicalbert_type3_clinicalbert_pool,knn,4,2,auroc,0.6121917580876841
5407,5407,5071.0,5071.0,2047.0,2047.0,,new_hypertension,new_hypertension,clinicalbert_type3_clinicalbert_pool,knn,4,2,auprc,0.1702535763268552
5408,5408,5072.0,5072.0,2048.0,2048.0,,new_hypertension,new_hypertension,clinicalbert_type3_clinicalbert_pool,knn,4,2,brier,0.1993862130322038
5409,5409,5073.0,5073.0,2049.0,2049.0,,new_hypertension,new_hypertension,clinicalbert_type3_clinicalbert_pool,knn,0,4,auroc,0.5885510555622321
5410,5410,5074.0,5074.0,2050.0,2050.0,,new_hypertension,new_hypertension,clinicalbert_type3_clinicalbert_pool,knn,0,4,auprc,0.1527792625037457
5411,5411,5075.0,5075.0,2051.0,2051.0,,new_hypertension,new_hypertension,clinicalbert_type3_clinicalbert_pool,knn,0,4,brier,0.4181240063593004
5412,5412,5076.0,5076.0,2052.0,2052.0,,new_hypertension,new_hypertension,clinicalbert_type3_clinicalbert_pool,knn,1,4,auroc,0.5436445939991187
5413,5413,5077.0,5077.0,2053.0,2053.0,,new_hypertension,new_hypertension,clinicalbert_type3_clinicalbert_pool,knn,1,4,auprc,0.1560175742192846
5414,5414,5078.0,5078.0,2054.0,2054.0,,new_hypertension,new_hypertension,clinicalbert_type3_clinicalbert_pool,knn,1,4,brier,0.2660157709972374
5415,5415,5079.0,5079.0,2055.0,2055.0,,new_hypertension,new_hypertension,clinicalbert_type3_clinicalbert_pool,knn,2,4,auroc,0.4681614503751266
5416,5416,5080.0,5080.0,2056.0,2056.0,,new_hypertension,new_hypertension,clinicalbert_type3_clinicalbert_pool,knn,2,4,auprc,0.1249368678369487
5417,5417,5081.0,5081.0,2057.0,2057.0,,new_hypertension,new_hypertension,clinicalbert_type3_clinicalbert_pool,knn,2,4,brier,0.4088031580149097
5418,5418,5082.0,5082.0,2058.0,2058.0,,new_hypertension,new_hypertension,clinicalbert_type3_clinicalbert_pool,knn,3,4,auroc,0.6036047636215884
5419,5419,5083.0,5083.0,2059.0,2059.0,,new_hypertension,new_hypertension,clinicalbert_type3_clinicalbert_pool,knn,3,4,auprc,0.1738463849904646
5420,5420,5084.0,5084.0,2060.0,2060.0,,new_hypertension,new_hypertension,clinicalbert_type3_clinicalbert_pool,knn,3,4,brier,0.2878466701996113
5421,5421,5085.0,5085.0,2061.0,2061.0,,new_hypertension,new_hypertension,clinicalbert_type3_clinicalbert_pool,knn,4,4,auroc,0.5812402355486119
5422,5422,5086.0,5086.0,2062.0,2062.0,,new_hypertension,new_hypertension,clinicalbert_type3_clinicalbert_pool,knn,4,4,auprc,0.1589430534602355
5423,5423,5087.0,5087.0,2063.0,2063.0,,new_hypertension,new_hypertension,clinicalbert_type3_clinicalbert_pool,knn,4,4,brier,0.2566684331390214
5424,5424,5088.0,5088.0,2064.0,2064.0,,new_hypertension,new_hypertension,clinicalbert_type3_clinicalbert_pool,knn,0,8,auroc,0.6274600694742505
5425,5425,5089.0,5089.0,2065.0,2065.0,,new_hypertension,new_hypertension,clinicalbert_type3_clinicalbert_pool,knn,0,8,auprc,0.1821929855228185
5426,5426,5090.0,5090.0,2066.0,2066.0,,new_hypertension,new_hypertension,clinicalbert_type3_clinicalbert_pool,knn,0,8,brier,0.2742448330683625
5427,5427,5091.0,5091.0,2067.0,2067.0,,new_hypertension,new_hypertension,clinicalbert_type3_clinicalbert_pool,knn,1,8,auroc,0.5346341156339954
5428,5428,5092.0,5092.0,2068.0,2068.0,,new_hypertension,new_hypertension,clinicalbert_type3_clinicalbert_pool,knn,1,8,auprc,0.1348489242075378
5429,5429,5093.0,5093.0,2069.0,2069.0,,new_hypertension,new_hypertension,clinicalbert_type3_clinicalbert_pool,knn,1,8,brier,0.2903656597774244
5430,5430,5094.0,5094.0,2070.0,2070.0,,new_hypertension,new_hypertension,clinicalbert_type3_clinicalbert_pool,knn,2,8,auroc,0.5081720947001562
5431,5431,5095.0,5095.0,2071.0,2071.0,,new_hypertension,new_hypertension,clinicalbert_type3_clinicalbert_pool,knn,2,8,auprc,0.1282324328939201
5432,5432,5096.0,5096.0,2072.0,2072.0,,new_hypertension,new_hypertension,clinicalbert_type3_clinicalbert_pool,knn,2,8,brier,0.6478537360890302
5433,5433,5097.0,5097.0,2073.0,2073.0,,new_hypertension,new_hypertension,clinicalbert_type3_clinicalbert_pool,knn,3,8,auroc,0.6018450163384667
5434,5434,5098.0,5098.0,2074.0,2074.0,,new_hypertension,new_hypertension,clinicalbert_type3_clinicalbert_pool,knn,3,8,auprc,0.1577097538272996
5435,5435,5099.0,5099.0,2075.0,2075.0,,new_hypertension,new_hypertension,clinicalbert_type3_clinicalbert_pool,knn,3,8,brier,0.269570747217806
5436,5436,5100.0,5100.0,2076.0,2076.0,,new_hypertension,new_hypertension,clinicalbert_type3_clinicalbert_pool,knn,4,8,auroc,0.56451834429241
5437,5437,5101.0,5101.0,2077.0,2077.0,,new_hypertension,new_hypertension,clinicalbert_type3_clinicalbert_pool,knn,4,8,auprc,0.1440403676807672
5438,5438,5102.0,5102.0,2078.0,2078.0,,new_hypertension,new_hypertension,clinicalbert_type3_clinicalbert_pool,knn,4,8,brier,0.4507154213036566
5439,5439,5103.0,5103.0,2079.0,2079.0,,new_hypertension,new_hypertension,clinicalbert_type3_clinicalbert_pool,knn,0,12,auroc,0.6221064318047853
5440,5440,5104.0,5104.0,2080.0,2080.0,,new_hypertension,new_hypertension,clinicalbert_type3_clinicalbert_pool,knn,0,12,auprc,0.1864578379109098
5441,5441,5105.0,5105.0,2081.0,2081.0,,new_hypertension,new_hypertension,clinicalbert_type3_clinicalbert_pool,knn,0,12,brier,0.2783960431019254
5442,5442,5106.0,5106.0,2082.0,2082.0,,new_hypertension,new_hypertension,clinicalbert_type3_clinicalbert_pool,knn,1,12,auroc,0.4007788670088874
5443,5443,5107.0,5107.0,2083.0,2083.0,,new_hypertension,new_hypertension,clinicalbert_type3_clinicalbert_pool,knn,1,12,auprc,0.1088632499128329
5444,5444,5108.0,5108.0,2084.0,2084.0,,new_hypertension,new_hypertension,clinicalbert_type3_clinicalbert_pool,knn,1,12,brier,0.4012541953718425
5445,5445,5109.0,5109.0,2085.0,2085.0,,new_hypertension,new_hypertension,clinicalbert_type3_clinicalbert_pool,knn,2,12,auroc,0.544983718760909
5446,5446,5110.0,5110.0,2086.0,2086.0,,new_hypertension,new_hypertension,clinicalbert_type3_clinicalbert_pool,knn,2,12,auprc,0.1532874001379473
5447,5447,5111.0,5111.0,2087.0,2087.0,,new_hypertension,new_hypertension,clinicalbert_type3_clinicalbert_pool,knn,2,12,brier,0.2824965754336024
5448,5448,5112.0,5112.0,2088.0,2088.0,,new_hypertension,new_hypertension,clinicalbert_type3_clinicalbert_pool,knn,3,12,auroc,0.5312662740856468
5449,5449,5113.0,5113.0,2089.0,2089.0,,new_hypertension,new_hypertension,clinicalbert_type3_clinicalbert_pool,knn,3,12,auprc,0.1339986897737545
5450,5450,5114.0,5114.0,2090.0,2090.0,,new_hypertension,new_hypertension,clinicalbert_type3_clinicalbert_pool,knn,3,12,brier,0.5135135135135135
5451,5451,5115.0,5115.0,2091.0,2091.0,,new_hypertension,new_hypertension,clinicalbert_type3_clinicalbert_pool,knn,4,12,auroc,0.6103719218729434
5452,5452,5116.0,5116.0,2092.0,2092.0,,new_hypertension,new_hypertension,clinicalbert_type3_clinicalbert_pool,knn,4,12,auprc,0.1638265937047133
5453,5453,5117.0,5117.0,2093.0,2093.0,,new_hypertension,new_hypertension,clinicalbert_type3_clinicalbert_pool,knn,4,12,brier,0.2786963434022257
5454,5454,5118.0,5118.0,2094.0,2094.0,,new_hypertension,new_hypertension,clinicalbert_type3_clinicalbert_pool,knn,0,16,auroc,0.6404192490600373
5455,5455,5119.0,5119.0,2095.0,2095.0,,new_hypertension,new_hypertension,clinicalbert_type3_clinicalbert_pool,knn,0,16,auprc,0.209276496850973
5456,5456,5120.0,5120.0,2096.0,2096.0,,new_hypertension,new_hypertension,clinicalbert_type3_clinicalbert_pool,knn,0,16,brier,0.2755711189998086
5457,5457,5121.0,5121.0,2097.0,2097.0,,new_hypertension,new_hypertension,clinicalbert_type3_clinicalbert_pool,knn,1,16,auroc,0.4842938978259252
5458,5458,5122.0,5122.0,2098.0,2098.0,,new_hypertension,new_hypertension,clinicalbert_type3_clinicalbert_pool,knn,1,16,auprc,0.122667523377366
5459,5459,5123.0,5123.0,2099.0,2099.0,,new_hypertension,new_hypertension,clinicalbert_type3_clinicalbert_pool,knn,1,16,brier,0.3841194135311783
5460,5460,5124.0,5124.0,2100.0,2100.0,,new_hypertension,new_hypertension,clinicalbert_type3_clinicalbert_pool,knn,2,16,auroc,0.509562724260477
5461,5461,5125.0,5125.0,2101.0,2101.0,,new_hypertension,new_hypertension,clinicalbert_type3_clinicalbert_pool,knn,2,16,auprc,0.1285593317559495
5462,5462,5126.0,5126.0,2102.0,2102.0,,new_hypertension,new_hypertension,clinicalbert_type3_clinicalbert_pool,knn,2,16,brier,0.5890302066772655
5463,5463,5127.0,5127.0,2103.0,2103.0,,new_hypertension,new_hypertension,clinicalbert_type3_clinicalbert_pool,knn,3,16,auroc,0.573912247268815
5464,5464,5128.0,5128.0,2104.0,2104.0,,new_hypertension,new_hypertension,clinicalbert_type3_clinicalbert_pool,knn,3,16,auprc,0.1517124289750402
5465,5465,5129.0,5129.0,2105.0,2105.0,,new_hypertension,new_hypertension,clinicalbert_type3_clinicalbert_pool,knn,3,16,brier,0.2927186009538951
5466,5466,5130.0,5130.0,2106.0,2106.0,,new_hypertension,new_hypertension,clinicalbert_type3_clinicalbert_pool,knn,4,16,auroc,0.6383933936511751
5467,5467,5131.0,5131.0,2107.0,2107.0,,new_hypertension,new_hypertension,clinicalbert_type3_clinicalbert_pool,knn,4,16,auprc,0.1867900744208802
5468,5468,5132.0,5132.0,2108.0,2108.0,,new_hypertension,new_hypertension,clinicalbert_type3_clinicalbert_pool,knn,4,16,brier,0.2580559379425373
5469,5469,5133.0,5133.0,2109.0,2109.0,,new_hypertension,new_hypertension,clinicalbert_type3_clinicalbert_pool,knn,0,24,auroc,0.5342907503104595
5470,5470,5134.0,5134.0,2110.0,2110.0,,new_hypertension,new_hypertension,clinicalbert_type3_clinicalbert_pool,knn,0,24,auprc,0.1347789743128256
5471,5471,5135.0,5135.0,2111.0,2111.0,,new_hypertension,new_hypertension,clinicalbert_type3_clinicalbert_pool,knn,0,24,brier,0.527027027027027
5472,5472,5136.0,5136.0,2112.0,2112.0,,new_hypertension,new_hypertension,clinicalbert_type3_clinicalbert_pool,knn,1,24,auroc,0.4634115633995456
5473,5473,5137.0,5137.0,2113.0,2113.0,,new_hypertension,new_hypertension,clinicalbert_type3_clinicalbert_pool,knn,1,24,auprc,0.1195850864819878
5474,5474,5138.0,5138.0,2114.0,2114.0,,new_hypertension,new_hypertension,clinicalbert_type3_clinicalbert_pool,knn,1,24,brier,0.3890655361243597
5475,5475,5139.0,5139.0,2115.0,2115.0,,new_hypertension,new_hypertension,clinicalbert_type3_clinicalbert_pool,knn,2,24,auroc,0.579906833542214
5476,5476,5140.0,5140.0,2116.0,2116.0,,new_hypertension,new_hypertension,clinicalbert_type3_clinicalbert_pool,knn,2,24,auprc,0.175529311257899
5477,5477,5141.0,5141.0,2117.0,2117.0,,new_hypertension,new_hypertension,clinicalbert_type3_clinicalbert_pool,knn,2,24,brier,0.3652659645284046
5478,5478,5142.0,5142.0,2118.0,2118.0,,new_hypertension,new_hypertension,clinicalbert_type3_clinicalbert_pool,knn,3,24,auroc,0.5255091821610269
5479,5479,5143.0,5143.0,2119.0,2119.0,,new_hypertension,new_hypertension,clinicalbert_type3_clinicalbert_pool,knn,3,24,auprc,0.1485825257403456
5480,5480,5144.0,5144.0,2120.0,2120.0,,new_hypertension,new_hypertension,clinicalbert_type3_clinicalbert_pool,knn,3,24,brier,0.3073010302671449
5481,5481,5145.0,5145.0,2121.0,2121.0,,new_hypertension,new_hypertension,clinicalbert_type3_clinicalbert_pool,knn,4,24,auroc,0.6364819933501582
5482,5482,5146.0,5146.0,2122.0,2122.0,,new_hypertension,new_hypertension,clinicalbert_type3_clinicalbert_pool,knn,4,24,auprc,0.2129300701138475
5483,5483,5147.0,5147.0,2123.0,2123.0,,new_hypertension,new_hypertension,clinicalbert_type3_clinicalbert_pool,knn,4,24,brier,0.2564621047784702
5484,5484,5148.0,5148.0,2124.0,2124.0,,new_hypertension,new_hypertension,clinicalbert_type3_clinicalbert_pool,knn,0,32,auroc,0.5474874242450255
5485,5485,5149.0,5149.0,2125.0,2125.0,,new_hypertension,new_hypertension,clinicalbert_type3_clinicalbert_pool,knn,0,32,auprc,0.1565856275542542
5486,5486,5150.0,5150.0,2126.0,2126.0,,new_hypertension,new_hypertension,clinicalbert_type3_clinicalbert_pool,knn,0,32,brier,0.3857939332043377
5487,5487,5151.0,5151.0,2127.0,2127.0,,new_hypertension,new_hypertension,clinicalbert_type3_clinicalbert_pool,knn,1,32,auroc,0.4796756342243664
5488,5488,5152.0,5152.0,2128.0,2128.0,,new_hypertension,new_hypertension,clinicalbert_type3_clinicalbert_pool,knn,1,32,auprc,0.1205068017089245
5489,5489,5153.0,5153.0,2129.0,2129.0,,new_hypertension,new_hypertension,clinicalbert_type3_clinicalbert_pool,knn,1,32,brier,0.3744356120826709
5490,5490,5154.0,5154.0,2130.0,2130.0,,new_hypertension,new_hypertension,clinicalbert_type3_clinicalbert_pool,knn,2,32,auroc,0.6062229242135504
5491,5491,5155.0,5155.0,2131.0,2131.0,,new_hypertension,new_hypertension,clinicalbert_type3_clinicalbert_pool,knn,2,32,auprc,0.1959714364475918
5492,5492,5156.0,5156.0,2132.0,2132.0,,new_hypertension,new_hypertension,clinicalbert_type3_clinicalbert_pool,knn,2,32,brier,0.2815884623840786
5493,5493,5157.0,5157.0,2133.0,2133.0,,new_hypertension,new_hypertension,clinicalbert_type3_clinicalbert_pool,knn,3,32,auroc,0.4980828769435908
5494,5494,5158.0,5158.0,2134.0,2134.0,,new_hypertension,new_hypertension,clinicalbert_type3_clinicalbert_pool,knn,3,32,auprc,0.1321343157871439
5495,5495,5159.0,5159.0,2135.0,2135.0,,new_hypertension,new_hypertension,clinicalbert_type3_clinicalbert_pool,knn,3,32,brier,0.3000353294470941
5496,5496,5160.0,5160.0,2136.0,2136.0,,new_hypertension,new_hypertension,clinicalbert_type3_clinicalbert_pool,knn,4,32,auroc,0.6137197337774191
5497,5497,5161.0,5161.0,2137.0,2137.0,,new_hypertension,new_hypertension,clinicalbert_type3_clinicalbert_pool,knn,4,32,auprc,0.1703031351538574
5498,5498,5162.0,5162.0,2138.0,2138.0,,new_hypertension,new_hypertension,clinicalbert_type3_clinicalbert_pool,knn,4,32,brier,0.273449920508744
5499,5499,5163.0,5163.0,2139.0,2139.0,,new_hypertension,new_hypertension,clinicalbert_type3_clinicalbert_pool,knn,0,48,auroc,0.5975300587726979
5500,5500,5164.0,5164.0,2140.0,2140.0,,new_hypertension,new_hypertension,clinicalbert_type3_clinicalbert_pool,knn,0,48,auprc,0.1831364873649579
5501,5501,5165.0,5165.0,2141.0,2141.0,,new_hypertension,new_hypertension,clinicalbert_type3_clinicalbert_pool,knn,0,48,brier,0.3258246718536692
5502,5502,5166.0,5166.0,2142.0,2142.0,,new_hypertension,new_hypertension,clinicalbert_type3_clinicalbert_pool,knn,1,48,auroc,0.5367801489060953
5503,5503,5167.0,5167.0,2143.0,2143.0,,new_hypertension,new_hypertension,clinicalbert_type3_clinicalbert_pool,knn,1,48,auprc,0.1353983002570525
5504,5504,5168.0,5168.0,2144.0,2144.0,,new_hypertension,new_hypertension,clinicalbert_type3_clinicalbert_pool,knn,1,48,brier,0.5508744038155803
5505,5505,5169.0,5169.0,2145.0,2145.0,,new_hypertension,new_hypertension,clinicalbert_type3_clinicalbert_pool,knn,2,48,auroc,0.586765555879845
5506,5506,5170.0,5170.0,2146.0,2146.0,,new_hypertension,new_hypertension,clinicalbert_type3_clinicalbert_pool,knn,2,48,auprc,0.1609836016401557
5507,5507,5171.0,5171.0,2147.0,2147.0,,new_hypertension,new_hypertension,clinicalbert_type3_clinicalbert_pool,knn,2,48,brier,0.3148489666136725
5508,5508,5172.0,5172.0,2148.0,2148.0,,new_hypertension,new_hypertension,clinicalbert_type3_clinicalbert_pool,knn,3,48,auroc,0.5109447696877093
5509,5509,5173.0,5173.0,2149.0,2149.0,,new_hypertension,new_hypertension,clinicalbert_type3_clinicalbert_pool,knn,3,48,auprc,0.1316515542774306
5510,5510,5174.0,5174.0,2150.0,2150.0,,new_hypertension,new_hypertension,clinicalbert_type3_clinicalbert_pool,knn,3,48,brier,0.2913513513513514
5511,5511,5175.0,5175.0,2151.0,2151.0,,new_hypertension,new_hypertension,clinicalbert_type3_clinicalbert_pool,knn,4,48,auroc,0.5648788778821227
5512,5512,5176.0,5176.0,2152.0,2152.0,,new_hypertension,new_hypertension,clinicalbert_type3_clinicalbert_pool,knn,4,48,auprc,0.1531584805997093
5513,5513,5177.0,5177.0,2153.0,2153.0,,new_hypertension,new_hypertension,clinicalbert_type3_clinicalbert_pool,knn,4,48,brier,0.3691043985161633
5514,5514,5178.0,5178.0,2154.0,2154.0,,new_hypertension,new_hypertension,clinicalbert_type3_clinicalbert_pool,knn,0,64,auroc,0.5883707887673758
5515,5515,5179.0,5179.0,2155.0,2155.0,,new_hypertension,new_hypertension,clinicalbert_type3_clinicalbert_pool,knn,0,64,auprc,0.1693162027359969
5516,5516,5180.0,5180.0,2156.0,2156.0,,new_hypertension,new_hypertension,clinicalbert_type3_clinicalbert_pool,knn,0,64,brier,0.3252810394777427
5517,5517,5181.0,5181.0,2157.0,2157.0,,new_hypertension,new_hypertension,clinicalbert_type3_clinicalbert_pool,knn,1,64,auroc,0.5493988245460424
5518,5518,5182.0,5182.0,2158.0,2158.0,,new_hypertension,new_hypertension,clinicalbert_type3_clinicalbert_pool,knn,1,64,auprc,0.1389049508077147
5519,5519,5183.0,5183.0,2159.0,2159.0,,new_hypertension,new_hypertension,clinicalbert_type3_clinicalbert_pool,knn,1,64,brier,0.5429252782193958
5520,5520,5184.0,5184.0,2160.0,2160.0,,new_hypertension,new_hypertension,clinicalbert_type3_clinicalbert_pool,knn,2,64,auroc,0.5985372637217368
5521,5521,5185.0,5185.0,2161.0,2161.0,,new_hypertension,new_hypertension,clinicalbert_type3_clinicalbert_pool,knn,2,64,auprc,0.1805097472164279
5522,5522,5186.0,5186.0,2162.0,2162.0,,new_hypertension,new_hypertension,clinicalbert_type3_clinicalbert_pool,knn,2,64,brier,0.3195180875908655
5523,5523,5187.0,5187.0,2163.0,2163.0,,new_hypertension,new_hypertension,clinicalbert_type3_clinicalbert_pool,knn,3,64,auroc,0.5387459153833388
5524,5524,5188.0,5188.0,2164.0,2164.0,,new_hypertension,new_hypertension,clinicalbert_type3_clinicalbert_pool,knn,3,64,auprc,0.136124670874249
5525,5525,5189.0,5189.0,2165.0,2165.0,,new_hypertension,new_hypertension,clinicalbert_type3_clinicalbert_pool,knn,3,64,brier,0.4769475357710652
5526,5526,5190.0,5190.0,2166.0,2166.0,,new_hypertension,new_hypertension,clinicalbert_type3_clinicalbert_pool,knn,4,64,auroc,0.5935928030628187
5527,5527,5191.0,5191.0,2167.0,2167.0,,new_hypertension,new_hypertension,clinicalbert_type3_clinicalbert_pool,knn,4,64,auprc,0.1743353300781536
5528,5528,5192.0,5192.0,2168.0,2168.0,,new_hypertension,new_hypertension,clinicalbert_type3_clinicalbert_pool,knn,4,64,brier,0.3252544491837108
5529,5529,5193.0,5193.0,2169.0,2169.0,,new_hypertension,new_hypertension,clinicalbert_type3_clinicalbert_pool,knn,0,128,auroc,0.5786335204674347
5530,5530,5194.0,5194.0,2170.0,2170.0,,new_hypertension,new_hypertension,clinicalbert_type3_clinicalbert_pool,knn,0,128,auprc,0.1696300855144693
5531,5531,5195.0,5195.0,2171.0,2171.0,,new_hypertension,new_hypertension,clinicalbert_type3_clinicalbert_pool,knn,0,128,brier,0.3322102381983425
5532,5532,5196.0,5196.0,2172.0,2172.0,,new_hypertension,new_hypertension,clinicalbert_type3_clinicalbert_pool,knn,1,128,auroc,0.5562918834160272
5533,5533,5197.0,5197.0,2173.0,2173.0,,new_hypertension,new_hypertension,clinicalbert_type3_clinicalbert_pool,knn,1,128,auprc,0.1410030067431671
5534,5534,5198.0,5198.0,2174.0,2174.0,,new_hypertension,new_hypertension,clinicalbert_type3_clinicalbert_pool,knn,1,128,brier,0.3443243243243244
5535,5535,5199.0,5199.0,2175.0,2175.0,,new_hypertension,new_hypertension,clinicalbert_type3_clinicalbert_pool,knn,2,128,auroc,0.5804819704591367
5536,5536,5200.0,5200.0,2176.0,2176.0,,new_hypertension,new_hypertension,clinicalbert_type3_clinicalbert_pool,knn,2,128,auprc,0.1597348643911071
5537,5537,5201.0,5201.0,2177.0,2177.0,,new_hypertension,new_hypertension,clinicalbert_type3_clinicalbert_pool,knn,2,128,brier,0.3116517061953738
5538,5538,5202.0,5202.0,2178.0,2178.0,,new_hypertension,new_hypertension,clinicalbert_type3_clinicalbert_pool,knn,3,128,auroc,0.5553905494417453
5539,5539,5203.0,5203.0,2179.0,2179.0,,new_hypertension,new_hypertension,clinicalbert_type3_clinicalbert_pool,knn,3,128,auprc,0.1513505657958476
5540,5540,5204.0,5204.0,2180.0,2180.0,,new_hypertension,new_hypertension,clinicalbert_type3_clinicalbert_pool,knn,3,128,brier,0.3333905932816338
5541,5541,5205.0,5205.0,2181.0,2181.0,,new_hypertension,new_hypertension,clinicalbert_type3_clinicalbert_pool,knn,4,128,auroc,0.5162440411809478
5542,5542,5206.0,5206.0,2182.0,2182.0,,new_hypertension,new_hypertension,clinicalbert_type3_clinicalbert_pool,knn,4,128,auprc,0.1270560368810053
5543,5543,5207.0,5207.0,2183.0,2183.0,,new_hypertension,new_hypertension,clinicalbert_type3_clinicalbert_pool,knn,4,128,brier,0.3991175845096485
5544,5544,5208.0,5208.0,2184.0,2184.0,,new_hypertension,new_hypertension,clinicalbert_type3_clinicalbert_pool,rf,0,-1,auroc,0.6402847643083192
5545,5545,5209.0,5209.0,2185.0,2185.0,,new_hypertension,new_hypertension,clinicalbert_type3_clinicalbert_pool,rf,0,-1,auprc,0.1983413284004198
5546,5546,5210.0,5210.0,2186.0,2186.0,,new_hypertension,new_hypertension,clinicalbert_type3_clinicalbert_pool,rf,0,-1,brier,0.1078776954120495
5547,5547,5211.0,5211.0,2187.0,2187.0,,new_hypertension,new_hypertension,clinicalbert_type3_clinicalbert_pool,rf,0,1,auroc,0.595469866831482
5548,5548,5212.0,5212.0,2188.0,2188.0,,new_hypertension,new_hypertension,clinicalbert_type3_clinicalbert_pool,rf,0,1,auprc,0.1887605399702875
5549,5549,5213.0,5213.0,2189.0,2189.0,,new_hypertension,new_hypertension,clinicalbert_type3_clinicalbert_pool,rf,0,1,brier,0.3206299682034976
5550,5550,5214.0,5214.0,2190.0,2190.0,,new_hypertension,new_hypertension,clinicalbert_type3_clinicalbert_pool,rf,1,1,auroc,0.6091586977297829
5551,5551,5215.0,5215.0,2191.0,2191.0,,new_hypertension,new_hypertension,clinicalbert_type3_clinicalbert_pool,rf,1,1,auprc,0.1663701119753595
5552,5552,5216.0,5216.0,2192.0,2192.0,,new_hypertension,new_hypertension,clinicalbert_type3_clinicalbert_pool,rf,1,1,brier,0.3296502384737679
5553,5553,5217.0,5217.0,2193.0,2193.0,,new_hypertension,new_hypertension,clinicalbert_type3_clinicalbert_pool,rf,2,1,auroc,0.4406922244922485
5554,5554,5218.0,5218.0,2194.0,2194.0,,new_hypertension,new_hypertension,clinicalbert_type3_clinicalbert_pool,rf,2,1,auprc,0.1206195972012429
5555,5555,5219.0,5219.0,2195.0,2195.0,,new_hypertension,new_hypertension,clinicalbert_type3_clinicalbert_pool,rf,2,1,brier,0.3200556438791733
5556,5556,5220.0,5220.0,2196.0,2196.0,,new_hypertension,new_hypertension,clinicalbert_type3_clinicalbert_pool,rf,3,1,auroc,0.4360710995129935
5557,5557,5221.0,5221.0,2197.0,2197.0,,new_hypertension,new_hypertension,clinicalbert_type3_clinicalbert_pool,rf,3,1,auprc,0.1098011149381567
5558,5558,5222.0,5222.0,2198.0,2198.0,,new_hypertension,new_hypertension,clinicalbert_type3_clinicalbert_pool,rf,3,1,brier,0.2657712241653418
5559,5559,5223.0,5223.0,2199.0,2199.0,,new_hypertension,new_hypertension,clinicalbert_type3_clinicalbert_pool,rf,4,1,auroc,0.5308342060535306
5560,5560,5224.0,5224.0,2200.0,2200.0,,new_hypertension,new_hypertension,clinicalbert_type3_clinicalbert_pool,rf,4,1,auprc,0.1461320824361116
5561,5561,5225.0,5225.0,2201.0,2201.0,,new_hypertension,new_hypertension,clinicalbert_type3_clinicalbert_pool,rf,4,1,brier,0.2624117647058824
5562,5562,5226.0,5226.0,2202.0,2202.0,,new_hypertension,new_hypertension,clinicalbert_type3_clinicalbert_pool,rf,0,2,auroc,0.6597421326420244
5563,5563,5227.0,5227.0,2203.0,2203.0,,new_hypertension,new_hypertension,clinicalbert_type3_clinicalbert_pool,rf,0,2,auprc,0.2171414808056142
5564,5564,5228.0,5228.0,2204.0,2204.0,,new_hypertension,new_hypertension,clinicalbert_type3_clinicalbert_pool,rf,0,2,brier,0.2607939586645469
5565,5565,5229.0,5229.0,2205.0,2205.0,,new_hypertension,new_hypertension,clinicalbert_type3_clinicalbert_pool,rf,1,2,auroc,0.5952867386589294
5566,5566,5230.0,5230.0,2206.0,2206.0,,new_hypertension,new_hypertension,clinicalbert_type3_clinicalbert_pool,rf,1,2,auprc,0.1625066734013608
5567,5567,5231.0,5231.0,2207.0,2207.0,,new_hypertension,new_hypertension,clinicalbert_type3_clinicalbert_pool,rf,1,2,brier,0.3418680445151033
5568,5568,5232.0,5232.0,2208.0,2208.0,,new_hypertension,new_hypertension,clinicalbert_type3_clinicalbert_pool,rf,2,2,auroc,0.4687566169359223
5569,5569,5233.0,5233.0,2209.0,2209.0,,new_hypertension,new_hypertension,clinicalbert_type3_clinicalbert_pool,rf,2,2,auprc,0.127460881012242
5570,5570,5234.0,5234.0,2210.0,2210.0,,new_hypertension,new_hypertension,clinicalbert_type3_clinicalbert_pool,rf,2,2,brier,0.2763255166931638
5571,5571,5235.0,5235.0,2211.0,2211.0,,new_hypertension,new_hypertension,clinicalbert_type3_clinicalbert_pool,rf,3,2,auroc,0.6174795840701381
5572,5572,5236.0,5236.0,2212.0,2212.0,,new_hypertension,new_hypertension,clinicalbert_type3_clinicalbert_pool,rf,3,2,auprc,0.183097045027263
5573,5573,5237.0,5237.0,2213.0,2213.0,,new_hypertension,new_hypertension,clinicalbert_type3_clinicalbert_pool,rf,3,2,brier,0.2457465818759936
5574,5574,5238.0,5238.0,2214.0,2214.0,,new_hypertension,new_hypertension,clinicalbert_type3_clinicalbert_pool,rf,4,2,auroc,0.518204084902799
5575,5575,5239.0,5239.0,2215.0,2215.0,,new_hypertension,new_hypertension,clinicalbert_type3_clinicalbert_pool,rf,4,2,auprc,0.129171711602937
5576,5576,5240.0,5240.0,2216.0,2216.0,,new_hypertension,new_hypertension,clinicalbert_type3_clinicalbert_pool,rf,4,2,brier,0.2877901430842607
5577,5577,5241.0,5241.0,2217.0,2217.0,,new_hypertension,new_hypertension,clinicalbert_type3_clinicalbert_pool,rf,0,4,auroc,0.5927372511316749
5578,5578,5242.0,5242.0,2218.0,2218.0,,new_hypertension,new_hypertension,clinicalbert_type3_clinicalbert_pool,rf,0,4,auprc,0.1607924849549855
5579,5579,5243.0,5243.0,2219.0,2219.0,,new_hypertension,new_hypertension,clinicalbert_type3_clinicalbert_pool,rf,0,4,brier,0.427933227344992
5580,5580,5244.0,5244.0,2220.0,2220.0,,new_hypertension,new_hypertension,clinicalbert_type3_clinicalbert_pool,rf,1,4,auroc,0.467612065857469
5581,5581,5245.0,5245.0,2221.0,2221.0,,new_hypertension,new_hypertension,clinicalbert_type3_clinicalbert_pool,rf,1,4,auprc,0.1177906656034351
5582,5582,5246.0,5246.0,2222.0,2222.0,,new_hypertension,new_hypertension,clinicalbert_type3_clinicalbert_pool,rf,1,4,brier,0.3203736089030206
5583,5583,5247.0,5247.0,2223.0,2223.0,,new_hypertension,new_hypertension,clinicalbert_type3_clinicalbert_pool,rf,2,4,auroc,0.4616317864725508
5584,5584,5248.0,5248.0,2224.0,2224.0,,new_hypertension,new_hypertension,clinicalbert_type3_clinicalbert_pool,rf,2,4,auprc,0.1187773560964345
5585,5585,5249.0,5249.0,2225.0,2225.0,,new_hypertension,new_hypertension,clinicalbert_type3_clinicalbert_pool,rf,2,4,brier,0.3331160572337043
5586,5586,5250.0,5250.0,2226.0,2226.0,,new_hypertension,new_hypertension,clinicalbert_type3_clinicalbert_pool,rf,3,4,auroc,0.6151761750247509
5587,5587,5251.0,5251.0,2227.0,2227.0,,new_hypertension,new_hypertension,clinicalbert_type3_clinicalbert_pool,rf,3,4,auprc,0.198974676100591
5588,5588,5252.0,5252.0,2228.0,2228.0,,new_hypertension,new_hypertension,clinicalbert_type3_clinicalbert_pool,rf,3,4,brier,0.2509872813990461
5589,5589,5253.0,5253.0,2229.0,2229.0,,new_hypertension,new_hypertension,clinicalbert_type3_clinicalbert_pool,rf,4,4,auroc,0.5733228034634116
5590,5590,5254.0,5254.0,2230.0,2230.0,,new_hypertension,new_hypertension,clinicalbert_type3_clinicalbert_pool,rf,4,4,auprc,0.1585760561967101
5591,5591,5255.0,5255.0,2231.0,2231.0,,new_hypertension,new_hypertension,clinicalbert_type3_clinicalbert_pool,rf,4,4,brier,0.2813533386327504
5592,5592,5256.0,5256.0,2232.0,2232.0,,new_hypertension,new_hypertension,clinicalbert_type3_clinicalbert_pool,rf,0,8,auroc,0.6242438809437968
5593,5593,5257.0,5257.0,2233.0,2233.0,,new_hypertension,new_hypertension,clinicalbert_type3_clinicalbert_pool,rf,0,8,auprc,0.1826921646915312
5594,5594,5258.0,5258.0,2234.0,2234.0,,new_hypertension,new_hypertension,clinicalbert_type3_clinicalbert_pool,rf,0,8,brier,0.2134379968203497
5595,5595,5259.0,5259.0,2235.0,2235.0,,new_hypertension,new_hypertension,clinicalbert_type3_clinicalbert_pool,rf,1,8,auroc,0.4684533109001322
5596,5596,5260.0,5260.0,2236.0,2236.0,,new_hypertension,new_hypertension,clinicalbert_type3_clinicalbert_pool,rf,1,8,auprc,0.1142965957680172
5597,5597,5261.0,5261.0,2237.0,2237.0,,new_hypertension,new_hypertension,clinicalbert_type3_clinicalbert_pool,rf,1,8,brier,0.2759866454689983
5598,5598,5262.0,5262.0,2238.0,2238.0,,new_hypertension,new_hypertension,clinicalbert_type3_clinicalbert_pool,rf,2,8,auroc,0.5350490153999349
5599,5599,5263.0,5263.0,2239.0,2239.0,,new_hypertension,new_hypertension,clinicalbert_type3_clinicalbert_pool,rf,2,8,auprc,0.1516135857135129
5600,5600,5264.0,5264.0,2240.0,2240.0,,new_hypertension,new_hypertension,clinicalbert_type3_clinicalbert_pool,rf,2,8,brier,0.2800257551669316
5601,5601,5265.0,5265.0,2241.0,2241.0,,new_hypertension,new_hypertension,clinicalbert_type3_clinicalbert_pool,rf,3,8,auroc,0.6007834452132013
5602,5602,5266.0,5266.0,2242.0,2242.0,,new_hypertension,new_hypertension,clinicalbert_type3_clinicalbert_pool,rf,3,8,auprc,0.1742806702871018
5603,5603,5267.0,5267.0,2243.0,2243.0,,new_hypertension,new_hypertension,clinicalbert_type3_clinicalbert_pool,rf,3,8,brier,0.3362639109697933
5604,5604,5268.0,5268.0,2244.0,2244.0,,new_hypertension,new_hypertension,clinicalbert_type3_clinicalbert_pool,rf,4,8,auroc,0.6318465614824225
5605,5605,5269.0,5269.0,2245.0,2245.0,,new_hypertension,new_hypertension,clinicalbert_type3_clinicalbert_pool,rf,4,8,auprc,0.2295401847857438
5606,5606,5270.0,5270.0,2246.0,2246.0,,new_hypertension,new_hypertension,clinicalbert_type3_clinicalbert_pool,rf,4,8,brier,0.2667602543720191
5607,5607,5271.0,5271.0,2247.0,2247.0,,new_hypertension,new_hypertension,clinicalbert_type3_clinicalbert_pool,rf,0,12,auroc,0.6360155887856885
5608,5608,5272.0,5272.0,2248.0,2248.0,,new_hypertension,new_hypertension,clinicalbert_type3_clinicalbert_pool,rf,0,12,auprc,0.1900366229909312
5609,5609,5273.0,5273.0,2249.0,2249.0,,new_hypertension,new_hypertension,clinicalbert_type3_clinicalbert_pool,rf,0,12,brier,0.2458401430842607
5610,5610,5274.0,5274.0,2250.0,2250.0,,new_hypertension,new_hypertension,clinicalbert_type3_clinicalbert_pool,rf,1,12,auroc,0.5234375447090265
5611,5611,5275.0,5275.0,2251.0,2251.0,,new_hypertension,new_hypertension,clinicalbert_type3_clinicalbert_pool,rf,1,12,auprc,0.1357010345724148
5612,5612,5276.0,5276.0,2252.0,2252.0,,new_hypertension,new_hypertension,clinicalbert_type3_clinicalbert_pool,rf,1,12,brier,0.2684181240063593
5613,5613,5277.0,5277.0,2253.0,2253.0,,new_hypertension,new_hypertension,clinicalbert_type3_clinicalbert_pool,rf,2,12,auroc,0.5919475108875422
5614,5614,5278.0,5278.0,2254.0,2254.0,,new_hypertension,new_hypertension,clinicalbert_type3_clinicalbert_pool,rf,2,12,auprc,0.1579480002460368
5615,5615,5279.0,5279.0,2255.0,2255.0,,new_hypertension,new_hypertension,clinicalbert_type3_clinicalbert_pool,rf,2,12,brier,0.2802384737678855
5616,5616,5280.0,5280.0,2256.0,2256.0,,new_hypertension,new_hypertension,clinicalbert_type3_clinicalbert_pool,rf,3,12,auroc,0.6206929112228956
5617,5617,5281.0,5281.0,2257.0,2257.0,,new_hypertension,new_hypertension,clinicalbert_type3_clinicalbert_pool,rf,3,12,auprc,0.1795512867204874
5618,5618,5282.0,5282.0,2258.0,2258.0,,new_hypertension,new_hypertension,clinicalbert_type3_clinicalbert_pool,rf,3,12,brier,0.2618203497615262
5619,5619,5283.0,5283.0,2259.0,2259.0,,new_hypertension,new_hypertension,clinicalbert_type3_clinicalbert_pool,rf,4,12,auroc,0.652940637858316
5620,5620,5284.0,5284.0,2260.0,2260.0,,new_hypertension,new_hypertension,clinicalbert_type3_clinicalbert_pool,rf,4,12,auprc,0.228034121106307
5621,5621,5285.0,5285.0,2261.0,2261.0,,new_hypertension,new_hypertension,clinicalbert_type3_clinicalbert_pool,rf,4,12,brier,0.2449216586030433
5622,5622,5286.0,5286.0,2262.0,2262.0,,new_hypertension,new_hypertension,clinicalbert_type3_clinicalbert_pool,rf,0,16,auroc,0.627666088668372
5623,5623,5287.0,5287.0,2263.0,2263.0,,new_hypertension,new_hypertension,clinicalbert_type3_clinicalbert_pool,rf,0,16,auprc,0.1782892547682362
5624,5624,5288.0,5288.0,2264.0,2264.0,,new_hypertension,new_hypertension,clinicalbert_type3_clinicalbert_pool,rf,0,16,brier,0.2831240063593004
5625,5625,5289.0,5289.0,2265.0,2265.0,,new_hypertension,new_hypertension,clinicalbert_type3_clinicalbert_pool,rf,1,16,auroc,0.4754865772772274
5626,5626,5290.0,5290.0,2266.0,2266.0,,new_hypertension,new_hypertension,clinicalbert_type3_clinicalbert_pool,rf,1,16,auprc,0.1208594870835964
5627,5627,5291.0,5291.0,2267.0,2267.0,,new_hypertension,new_hypertension,clinicalbert_type3_clinicalbert_pool,rf,1,16,brier,0.3005643879173291
5628,5628,5292.0,5292.0,2268.0,2268.0,,new_hypertension,new_hypertension,clinicalbert_type3_clinicalbert_pool,rf,2,16,auroc,0.5813232155017999
5629,5629,5293.0,5293.0,2269.0,2269.0,,new_hypertension,new_hypertension,clinicalbert_type3_clinicalbert_pool,rf,2,16,auprc,0.1637132590587508
5630,5630,5294.0,5294.0,2270.0,2270.0,,new_hypertension,new_hypertension,clinicalbert_type3_clinicalbert_pool,rf,2,16,brier,0.2667348966613672
5631,5631,5295.0,5295.0,2271.0,2271.0,,new_hypertension,new_hypertension,clinicalbert_type3_clinicalbert_pool,rf,3,16,auroc,0.584035801557734
5632,5632,5296.0,5296.0,2272.0,2272.0,,new_hypertension,new_hypertension,clinicalbert_type3_clinicalbert_pool,rf,3,16,auprc,0.1551705772724637
5633,5633,5297.0,5297.0,2273.0,2273.0,,new_hypertension,new_hypertension,clinicalbert_type3_clinicalbert_pool,rf,3,16,brier,0.2849364069952305
5634,5634,5298.0,5298.0,2274.0,2274.0,,new_hypertension,new_hypertension,clinicalbert_type3_clinicalbert_pool,rf,4,16,auroc,0.6424479658465959
5635,5635,5299.0,5299.0,2275.0,2275.0,,new_hypertension,new_hypertension,clinicalbert_type3_clinicalbert_pool,rf,4,16,auprc,0.184601768492418
5636,5636,5300.0,5300.0,2276.0,2276.0,,new_hypertension,new_hypertension,clinicalbert_type3_clinicalbert_pool,rf,4,16,brier,0.2511532591414944
5637,5637,5301.0,5301.0,2277.0,2277.0,,new_hypertension,new_hypertension,clinicalbert_type3_clinicalbert_pool,rf,0,24,auroc,0.6139228915938446
5638,5638,5302.0,5302.0,2278.0,2278.0,,new_hypertension,new_hypertension,clinicalbert_type3_clinicalbert_pool,rf,0,24,auprc,0.182658856618314
5639,5639,5303.0,5303.0,2279.0,2279.0,,new_hypertension,new_hypertension,clinicalbert_type3_clinicalbert_pool,rf,0,24,brier,0.2661294117647059
5640,5640,5304.0,5304.0,2280.0,2280.0,,new_hypertension,new_hypertension,clinicalbert_type3_clinicalbert_pool,rf,1,24,auroc,0.4618664194436337
5641,5641,5305.0,5305.0,2281.0,2281.0,,new_hypertension,new_hypertension,clinicalbert_type3_clinicalbert_pool,rf,1,24,auprc,0.1124165064290197
5642,5642,5306.0,5306.0,2282.0,2282.0,,new_hypertension,new_hypertension,clinicalbert_type3_clinicalbert_pool,rf,1,24,brier,0.2977305246422893
5643,5643,5307.0,5307.0,2283.0,2283.0,,new_hypertension,new_hypertension,clinicalbert_type3_clinicalbert_pool,rf,2,24,auroc,0.6112646717141368
5644,5644,5308.0,5308.0,2284.0,2284.0,,new_hypertension,new_hypertension,clinicalbert_type3_clinicalbert_pool,rf,2,24,auprc,0.1697730613327451
5645,5645,5309.0,5309.0,2285.0,2285.0,,new_hypertension,new_hypertension,clinicalbert_type3_clinicalbert_pool,rf,2,24,brier,0.2810413354531001
5646,5646,5310.0,5310.0,2286.0,2286.0,,new_hypertension,new_hypertension,clinicalbert_type3_clinicalbert_pool,rf,3,24,auroc,0.5729737153844834
5647,5647,5311.0,5311.0,2287.0,2287.0,,new_hypertension,new_hypertension,clinicalbert_type3_clinicalbert_pool,rf,3,24,auprc,0.1519311638699153
5648,5648,5312.0,5312.0,2288.0,2288.0,,new_hypertension,new_hypertension,clinicalbert_type3_clinicalbert_pool,rf,3,24,brier,0.2573430047694753
5649,5649,5313.0,5313.0,2289.0,2289.0,,new_hypertension,new_hypertension,clinicalbert_type3_clinicalbert_pool,rf,4,24,auroc,0.6478302172930221
5650,5650,5314.0,5314.0,2290.0,2290.0,,new_hypertension,new_hypertension,clinicalbert_type3_clinicalbert_pool,rf,4,24,auprc,0.1911937676969854
5651,5651,5315.0,5315.0,2291.0,2291.0,,new_hypertension,new_hypertension,clinicalbert_type3_clinicalbert_pool,rf,4,24,brier,0.2489546899841018
5652,5652,5316.0,5316.0,2292.0,2292.0,,new_hypertension,new_hypertension,clinicalbert_type3_clinicalbert_pool,rf,0,32,auroc,0.5978190579200073
5653,5653,5317.0,5317.0,2293.0,2293.0,,new_hypertension,new_hypertension,clinicalbert_type3_clinicalbert_pool,rf,0,32,auprc,0.1742198912219475
5654,5654,5318.0,5318.0,2294.0,2294.0,,new_hypertension,new_hypertension,clinicalbert_type3_clinicalbert_pool,rf,0,32,brier,0.2800381558028617
5655,5655,5319.0,5319.0,2295.0,2295.0,,new_hypertension,new_hypertension,clinicalbert_type3_clinicalbert_pool,rf,1,32,auroc,0.5035166331885477
5656,5656,5320.0,5320.0,2296.0,2296.0,,new_hypertension,new_hypertension,clinicalbert_type3_clinicalbert_pool,rf,1,32,auprc,0.1291326037159074
5657,5657,5321.0,5321.0,2297.0,2297.0,,new_hypertension,new_hypertension,clinicalbert_type3_clinicalbert_pool,rf,1,32,brier,0.2622085850556439
5658,5658,5322.0,5322.0,2298.0,2298.0,,new_hypertension,new_hypertension,clinicalbert_type3_clinicalbert_pool,rf,2,32,auroc,0.6031412204348151
5659,5659,5323.0,5323.0,2299.0,2299.0,,new_hypertension,new_hypertension,clinicalbert_type3_clinicalbert_pool,rf,2,32,auprc,0.1802919052717577
5660,5660,5324.0,5324.0,2300.0,2300.0,,new_hypertension,new_hypertension,clinicalbert_type3_clinicalbert_pool,rf,2,32,brier,0.2533784578696343
5661,5661,5325.0,5325.0,2301.0,2301.0,,new_hypertension,new_hypertension,clinicalbert_type3_clinicalbert_pool,rf,3,32,auroc,0.6013614435078201
5662,5662,5326.0,5326.0,2302.0,2302.0,,new_hypertension,new_hypertension,clinicalbert_type3_clinicalbert_pool,rf,3,32,auprc,0.1878619381524243
5663,5663,5327.0,5327.0,2303.0,2303.0,,new_hypertension,new_hypertension,clinicalbert_type3_clinicalbert_pool,rf,3,32,brier,0.2440422098569157
5664,5664,5328.0,5328.0,2304.0,2304.0,,new_hypertension,new_hypertension,clinicalbert_type3_clinicalbert_pool,rf,4,32,auroc,0.582530716889568
5665,5665,5329.0,5329.0,2305.0,2305.0,,new_hypertension,new_hypertension,clinicalbert_type3_clinicalbert_pool,rf,4,32,auprc,0.1680109304870186
5666,5666,5330.0,5330.0,2306.0,2306.0,,new_hypertension,new_hypertension,clinicalbert_type3_clinicalbert_pool,rf,4,32,brier,0.2813743243243243
5667,5667,5331.0,5331.0,2307.0,2307.0,,new_hypertension,new_hypertension,clinicalbert_type3_clinicalbert_pool,rf,0,48,auroc,0.6211450088988846
5668,5668,5332.0,5332.0,2308.0,2308.0,,new_hypertension,new_hypertension,clinicalbert_type3_clinicalbert_pool,rf,0,48,auprc,0.179459518997174
5669,5669,5333.0,5333.0,2309.0,2309.0,,new_hypertension,new_hypertension,clinicalbert_type3_clinicalbert_pool,rf,0,48,brier,0.2737042925278219
5670,5670,5334.0,5334.0,2310.0,2310.0,,new_hypertension,new_hypertension,clinicalbert_type3_clinicalbert_pool,rf,1,48,auroc,0.6307563765801958
5671,5671,5335.0,5335.0,2311.0,2311.0,,new_hypertension,new_hypertension,clinicalbert_type3_clinicalbert_pool,rf,1,48,auprc,0.1890837573916305
5672,5672,5336.0,5336.0,2312.0,2312.0,,new_hypertension,new_hypertension,clinicalbert_type3_clinicalbert_pool,rf,1,48,brier,0.2616792909083652
5673,5673,5337.0,5337.0,2313.0,2313.0,,new_hypertension,new_hypertension,clinicalbert_type3_clinicalbert_pool,rf,2,48,auroc,0.5850859271722149
5674,5674,5338.0,5338.0,2314.0,2314.0,,new_hypertension,new_hypertension,clinicalbert_type3_clinicalbert_pool,rf,2,48,auprc,0.1471976335023549
5675,5675,5339.0,5339.0,2315.0,2315.0,,new_hypertension,new_hypertension,clinicalbert_type3_clinicalbert_pool,rf,2,48,brier,0.2634111490319977
5676,5676,5340.0,5340.0,2316.0,2316.0,,new_hypertension,new_hypertension,clinicalbert_type3_clinicalbert_pool,rf,3,48,auroc,0.6054646591240751
5677,5677,5341.0,5341.0,2317.0,2317.0,,new_hypertension,new_hypertension,clinicalbert_type3_clinicalbert_pool,rf,3,48,auprc,0.1957058466720116
5678,5678,5342.0,5342.0,2318.0,2318.0,,new_hypertension,new_hypertension,clinicalbert_type3_clinicalbert_pool,rf,3,48,brier,0.2454477916641466
5679,5679,5343.0,5343.0,2319.0,2319.0,,new_hypertension,new_hypertension,clinicalbert_type3_clinicalbert_pool,rf,4,48,auroc,0.5958962121082059
5680,5680,5344.0,5344.0,2320.0,2320.0,,new_hypertension,new_hypertension,clinicalbert_type3_clinicalbert_pool,rf,4,48,auprc,0.1670569171732511
5681,5681,5345.0,5345.0,2321.0,2321.0,,new_hypertension,new_hypertension,clinicalbert_type3_clinicalbert_pool,rf,4,48,brier,0.2973529411764706
5682,5682,5346.0,5346.0,2322.0,2322.0,,new_hypertension,new_hypertension,clinicalbert_type3_clinicalbert_pool,rf,0,64,auroc,0.6619081955579972
5683,5683,5347.0,5347.0,2323.0,2323.0,,new_hypertension,new_hypertension,clinicalbert_type3_clinicalbert_pool,rf,0,64,auprc,0.2070864768302382
5684,5684,5348.0,5348.0,2324.0,2324.0,,new_hypertension,new_hypertension,clinicalbert_type3_clinicalbert_pool,rf,0,64,brier,0.2439672910070824
5685,5685,5349.0,5349.0,2325.0,2325.0,,new_hypertension,new_hypertension,clinicalbert_type3_clinicalbert_pool,rf,1,64,auroc,0.5421795686186985
5686,5686,5350.0,5350.0,2326.0,2326.0,,new_hypertension,new_hypertension,clinicalbert_type3_clinicalbert_pool,rf,1,64,auprc,0.1374908418102396
5687,5687,5351.0,5351.0,2327.0,2327.0,,new_hypertension,new_hypertension,clinicalbert_type3_clinicalbert_pool,rf,1,64,brier,0.2532829888712241
5688,5688,5352.0,5352.0,2328.0,2328.0,,new_hypertension,new_hypertension,clinicalbert_type3_clinicalbert_pool,rf,2,64,auroc,0.6334575171253455
5689,5689,5353.0,5353.0,2329.0,2329.0,,new_hypertension,new_hypertension,clinicalbert_type3_clinicalbert_pool,rf,2,64,auprc,0.17912306429666
5690,5690,5354.0,5354.0,2330.0,2330.0,,new_hypertension,new_hypertension,clinicalbert_type3_clinicalbert_pool,rf,2,64,brier,0.236594576929871
5691,5691,5355.0,5355.0,2331.0,2331.0,,new_hypertension,new_hypertension,clinicalbert_type3_clinicalbert_pool,rf,3,64,auroc,0.6278635237294052
5692,5692,5356.0,5356.0,2332.0,2332.0,,new_hypertension,new_hypertension,clinicalbert_type3_clinicalbert_pool,rf,3,64,auprc,0.1854787364759351
5693,5693,5357.0,5357.0,2333.0,2333.0,,new_hypertension,new_hypertension,clinicalbert_type3_clinicalbert_pool,rf,3,64,brier,0.227406413859576
5694,5694,5358.0,5358.0,2334.0,2334.0,,new_hypertension,new_hypertension,clinicalbert_type3_clinicalbert_pool,rf,4,64,auroc,0.5672767123914821
5695,5695,5359.0,5359.0,2335.0,2335.0,,new_hypertension,new_hypertension,clinicalbert_type3_clinicalbert_pool,rf,4,64,auprc,0.1608272334689471
5696,5696,5360.0,5360.0,2336.0,2336.0,,new_hypertension,new_hypertension,clinicalbert_type3_clinicalbert_pool,rf,4,64,brier,0.2807029644546118
5697,5697,5361.0,5361.0,2337.0,2337.0,,new_hypertension,new_hypertension,clinicalbert_type3_clinicalbert_pool,rf,0,128,auroc,0.6107181485741755
5698,5698,5362.0,5362.0,2338.0,2338.0,,new_hypertension,new_hypertension,clinicalbert_type3_clinicalbert_pool,rf,0,128,auprc,0.181594317475888
5699,5699,5363.0,5363.0,2339.0,2339.0,,new_hypertension,new_hypertension,clinicalbert_type3_clinicalbert_pool,rf,0,128,brier,0.2438246022356618
5700,5700,5364.0,5364.0,2340.0,2340.0,,new_hypertension,new_hypertension,clinicalbert_type3_clinicalbert_pool,rf,1,128,auroc,0.6455582834022926
5701,5701,5365.0,5365.0,2341.0,2341.0,,new_hypertension,new_hypertension,clinicalbert_type3_clinicalbert_pool,rf,1,128,auprc,0.1966626272447155
5702,5702,5366.0,5366.0,2342.0,2342.0,,new_hypertension,new_hypertension,clinicalbert_type3_clinicalbert_pool,rf,1,128,brier,0.2186289348171701
5703,5703,5367.0,5367.0,2343.0,2343.0,,new_hypertension,new_hypertension,clinicalbert_type3_clinicalbert_pool,rf,2,128,auroc,0.6306218918284776
5704,5704,5368.0,5368.0,2344.0,2344.0,,new_hypertension,new_hypertension,clinicalbert_type3_clinicalbert_pool,rf,2,128,auprc,0.1747041064724541
5705,5705,5369.0,5369.0,2345.0,2345.0,,new_hypertension,new_hypertension,clinicalbert_type3_clinicalbert_pool,rf,2,128,brier,0.2308464317258435
5706,5706,5370.0,5370.0,2346.0,2346.0,,new_hypertension,new_hypertension,clinicalbert_type3_clinicalbert_pool,rf,3,128,auroc,0.5800785162039819
5707,5707,5371.0,5371.0,2347.0,2347.0,,new_hypertension,new_hypertension,clinicalbert_type3_clinicalbert_pool,rf,3,128,auprc,0.1612426517597789
5708,5708,5372.0,5372.0,2348.0,2348.0,,new_hypertension,new_hypertension,clinicalbert_type3_clinicalbert_pool,rf,3,128,brier,0.2400653870770019
5709,5709,5373.0,5373.0,2349.0,2349.0,,new_hypertension,new_hypertension,clinicalbert_type3_clinicalbert_pool,rf,4,128,auroc,0.6263956369712889
5710,5710,5374.0,5374.0,2350.0,2350.0,,new_hypertension,new_hypertension,clinicalbert_type3_clinicalbert_pool,rf,4,128,auprc,0.1760889805424338
5711,5711,5375.0,5375.0,2351.0,2351.0,,new_hypertension,new_hypertension,clinicalbert_type3_clinicalbert_pool,rf,4,128,brier,0.2317347906730259
5712,5712,,,,,,new_hypertension,new_hypertension,clinicalbert_type3_clinicalbert_pool,gbm,0,-1,auroc,0.6382417406332801
5713,5713,,,,,,new_hypertension,new_hypertension,clinicalbert_type3_clinicalbert_pool,gbm,0,-1,auprc,0.1899330198068075
5714,5714,,,,,,new_hypertension,new_hypertension,clinicalbert_type3_clinicalbert_pool,gbm,0,-1,brier,0.1099825360428977
5715,5715,,,,,,new_hypertension,new_hypertension,clinicalbert_type3_clinicalbert_pool,gbm,0,1,auroc,0.5378359972759684
5716,5716,,,,,,new_hypertension,new_hypertension,clinicalbert_type3_clinicalbert_pool,gbm,0,1,auprc,0.1358654734774665
5717,5717,,,,,,new_hypertension,new_hypertension,clinicalbert_type3_clinicalbert_pool,gbm,0,1,brier,0.4187013917896955
5718,5718,,,,,,new_hypertension,new_hypertension,clinicalbert_type3_clinicalbert_pool,gbm,1,1,auroc,0.5131423077583395
5719,5719,,,,,,new_hypertension,new_hypertension,clinicalbert_type3_clinicalbert_pool,gbm,1,1,auprc,0.1298140744890732
5720,5720,,,,,,new_hypertension,new_hypertension,clinicalbert_type3_clinicalbert_pool,gbm,1,1,brier,0.1916594157061739
5721,5721,,,,,,new_hypertension,new_hypertension,clinicalbert_type3_clinicalbert_pool,gbm,2,1,auroc,0.4621640027240316
5722,5722,,,,,,new_hypertension,new_hypertension,clinicalbert_type3_clinicalbert_pool,gbm,2,1,auprc,0.1191265114683538
5723,5723,,,,,,new_hypertension,new_hypertension,clinicalbert_type3_clinicalbert_pool,gbm,2,1,brier,0.4558537151488173
5724,5724,,,,,,new_hypertension,new_hypertension,clinicalbert_type3_clinicalbert_pool,gbm,3,1,auroc,0.5206591469660813
5725,5725,,,,,,new_hypertension,new_hypertension,clinicalbert_type3_clinicalbert_pool,gbm,3,1,auprc,0.1311440732311342
5726,5726,,,,,,new_hypertension,new_hypertension,clinicalbert_type3_clinicalbert_pool,gbm,3,1,brier,0.664319529552778
5727,5727,,,,,,new_hypertension,new_hypertension,clinicalbert_type3_clinicalbert_pool,gbm,4,1,auroc,0.4745337385044151
5728,5728,,,,,,new_hypertension,new_hypertension,clinicalbert_type3_clinicalbert_pool,gbm,4,1,auprc,0.1210453952538719
5729,5729,,,,,,new_hypertension,new_hypertension,clinicalbert_type3_clinicalbert_pool,gbm,4,1,brier,0.7055998888406911
5730,5730,,,,,,new_hypertension,new_hypertension,clinicalbert_type3_clinicalbert_pool,gbm,0,2,auroc,0.443067167980039
5731,5731,,,,,,new_hypertension,new_hypertension,clinicalbert_type3_clinicalbert_pool,gbm,0,2,auprc,0.1169840935203365
5732,5732,,,,,,new_hypertension,new_hypertension,clinicalbert_type3_clinicalbert_pool,gbm,0,2,brier,0.3911811522644206
5733,5733,,,,,,new_hypertension,new_hypertension,clinicalbert_type3_clinicalbert_pool,gbm,1,2,auroc,0.5352178366840066
5734,5734,,,,,,new_hypertension,new_hypertension,clinicalbert_type3_clinicalbert_pool,gbm,1,2,auprc,0.1347395334900257
5735,5735,,,,,,new_hypertension,new_hypertension,clinicalbert_type3_clinicalbert_pool,gbm,1,2,brier,0.6423033379325586
5736,5736,,,,,,new_hypertension,new_hypertension,clinicalbert_type3_clinicalbert_pool,gbm,2,2,auroc,0.5447576699229145
5737,5737,,,,,,new_hypertension,new_hypertension,clinicalbert_type3_clinicalbert_pool,gbm,2,2,auprc,0.1373029199346211
5738,5738,,,,,,new_hypertension,new_hypertension,clinicalbert_type3_clinicalbert_pool,gbm,2,2,brier,0.5831348229532164
5739,5739,,,,,,new_hypertension,new_hypertension,clinicalbert_type3_clinicalbert_pool,gbm,3,2,auroc,0.5849113831327508
5740,5740,,,,,,new_hypertension,new_hypertension,clinicalbert_type3_clinicalbert_pool,gbm,3,2,auprc,0.151336361849754
5741,5741,,,,,,new_hypertension,new_hypertension,clinicalbert_type3_clinicalbert_pool,gbm,3,2,brier,0.3719169845967278
5742,5742,,,,,,new_hypertension,new_hypertension,clinicalbert_type3_clinicalbert_pool,gbm,4,2,auroc,0.5741783553945554
5743,5743,,,,,,new_hypertension,new_hypertension,clinicalbert_type3_clinicalbert_pool,gbm,4,2,auprc,0.1485531180314754
5744,5744,,,,,,new_hypertension,new_hypertension,clinicalbert_type3_clinicalbert_pool,gbm,4,2,brier,0.3230685594393641
5745,5745,,,,,,new_hypertension,new_hypertension,clinicalbert_type3_clinicalbert_pool,gbm,0,4,auroc,0.5396243583360516
5746,5746,,,,,,new_hypertension,new_hypertension,clinicalbert_type3_clinicalbert_pool,gbm,0,4,auprc,0.1358127603208826
5747,5747,,,,,,new_hypertension,new_hypertension,clinicalbert_type3_clinicalbert_pool,gbm,0,4,brier,0.5379140904816967
5748,5748,,,,,,new_hypertension,new_hypertension,clinicalbert_type3_clinicalbert_pool,gbm,1,4,auroc,0.6382932454318104
5749,5749,,,,,,new_hypertension,new_hypertension,clinicalbert_type3_clinicalbert_pool,gbm,1,4,auprc,0.1742710261174398
5750,5750,,,,,,new_hypertension,new_hypertension,clinicalbert_type3_clinicalbert_pool,gbm,1,4,brier,0.3682909781328948
5751,5751,,,,,,new_hypertension,new_hypertension,clinicalbert_type3_clinicalbert_pool,gbm,2,4,auroc,0.4855099833467817
5752,5752,,,,,,new_hypertension,new_hypertension,clinicalbert_type3_clinicalbert_pool,gbm,2,4,auprc,0.1218446648768576
5753,5753,,,,,,new_hypertension,new_hypertension,clinicalbert_type3_clinicalbert_pool,gbm,2,4,brier,0.6197533018890289
5754,5754,,,,,,new_hypertension,new_hypertension,clinicalbert_type3_clinicalbert_pool,gbm,3,4,auroc,0.4935847912052695
5755,5755,,,,,,new_hypertension,new_hypertension,clinicalbert_type3_clinicalbert_pool,gbm,3,4,auprc,0.1368263346333768
5756,5756,,,,,,new_hypertension,new_hypertension,clinicalbert_type3_clinicalbert_pool,gbm,3,4,brier,0.5425424696534354
5757,5757,,,,,,new_hypertension,new_hypertension,clinicalbert_type3_clinicalbert_pool,gbm,4,4,auroc,0.602626172449511
5758,5758,,,,,,new_hypertension,new_hypertension,clinicalbert_type3_clinicalbert_pool,gbm,4,4,auprc,0.1792342413888902
5759,5759,,,,,,new_hypertension,new_hypertension,clinicalbert_type3_clinicalbert_pool,gbm,4,4,brier,0.5915827584484339
5760,5760,,,,,,new_hypertension,new_hypertension,clinicalbert_type3_clinicalbert_pool,gbm,0,8,auroc,0.6071585947201859
5761,5761,,,,,,new_hypertension,new_hypertension,clinicalbert_type3_clinicalbert_pool,gbm,0,8,auprc,0.1925387896407128
5762,5762,,,,,,new_hypertension,new_hypertension,clinicalbert_type3_clinicalbert_pool,gbm,0,8,brier,0.4887140301496563
5763,5763,,,,,,new_hypertension,new_hypertension,clinicalbert_type3_clinicalbert_pool,gbm,1,8,auroc,0.4835899989126765
5764,5764,,,,,,new_hypertension,new_hypertension,clinicalbert_type3_clinicalbert_pool,gbm,1,8,auprc,0.1272417448750658
5765,5765,,,,,,new_hypertension,new_hypertension,clinicalbert_type3_clinicalbert_pool,gbm,1,8,brier,0.4813120055096655
5766,5766,,,,,,new_hypertension,new_hypertension,clinicalbert_type3_clinicalbert_pool,gbm,2,8,auroc,0.4514252522304439
5767,5767,,,,,,new_hypertension,new_hypertension,clinicalbert_type3_clinicalbert_pool,gbm,2,8,auprc,0.1221834796924734
5768,5768,,,,,,new_hypertension,new_hypertension,clinicalbert_type3_clinicalbert_pool,gbm,2,8,brier,0.5974081852640567
5769,5769,,,,,,new_hypertension,new_hypertension,clinicalbert_type3_clinicalbert_pool,gbm,3,8,auroc,0.5587870047670551
5770,5770,,,,,,new_hypertension,new_hypertension,clinicalbert_type3_clinicalbert_pool,gbm,3,8,auprc,0.1611792824180927
5771,5771,,,,,,new_hypertension,new_hypertension,clinicalbert_type3_clinicalbert_pool,gbm,3,8,brier,0.3930872580373775
5772,5772,,,,,,new_hypertension,new_hypertension,clinicalbert_type3_clinicalbert_pool,gbm,4,8,auroc,0.6150760268053862
5773,5773,,,,,,new_hypertension,new_hypertension,clinicalbert_type3_clinicalbert_pool,gbm,4,8,auprc,0.2093879607273358
5774,5774,,,,,,new_hypertension,new_hypertension,clinicalbert_type3_clinicalbert_pool,gbm,4,8,brier,0.422659982866526
5775,5775,,,,,,new_hypertension,new_hypertension,clinicalbert_type3_clinicalbert_pool,gbm,0,12,auroc,0.5272775135772372
5776,5776,,,,,,new_hypertension,new_hypertension,clinicalbert_type3_clinicalbert_pool,gbm,0,12,auprc,0.1498919452846982
5777,5777,,,,,,new_hypertension,new_hypertension,clinicalbert_type3_clinicalbert_pool,gbm,0,12,brier,0.5007561655158386
5778,5778,,,,,,new_hypertension,new_hypertension,clinicalbert_type3_clinicalbert_pool,gbm,1,12,auroc,0.4830148619957537
5779,5779,,,,,,new_hypertension,new_hypertension,clinicalbert_type3_clinicalbert_pool,gbm,1,12,auprc,0.1194325170556368
5780,5780,,,,,,new_hypertension,new_hypertension,clinicalbert_type3_clinicalbert_pool,gbm,1,12,brier,0.4188413674254773
5781,5781,,,,,,new_hypertension,new_hypertension,clinicalbert_type3_clinicalbert_pool,gbm,2,12,auroc,0.4707796109670884
5782,5782,,,,,,new_hypertension,new_hypertension,clinicalbert_type3_clinicalbert_pool,gbm,2,12,auprc,0.1199495843060584
5783,5783,,,,,,new_hypertension,new_hypertension,clinicalbert_type3_clinicalbert_pool,gbm,2,12,brier,0.5130147422763051
5784,5784,,,,,,new_hypertension,new_hypertension,clinicalbert_type3_clinicalbert_pool,gbm,3,12,auroc,0.596027835482228
5785,5785,,,,,,new_hypertension,new_hypertension,clinicalbert_type3_clinicalbert_pool,gbm,3,12,auprc,0.1614594052965359
5786,5786,,,,,,new_hypertension,new_hypertension,clinicalbert_type3_clinicalbert_pool,gbm,3,12,brier,0.4531537874672663
5787,5787,,,,,,new_hypertension,new_hypertension,clinicalbert_type3_clinicalbert_pool,gbm,4,12,auroc,0.6069211003714068
5788,5788,,,,,,new_hypertension,new_hypertension,clinicalbert_type3_clinicalbert_pool,gbm,4,12,auprc,0.1735015703085836
5789,5789,,,,,,new_hypertension,new_hypertension,clinicalbert_type3_clinicalbert_pool,gbm,4,12,brier,0.3750490052236785
5790,5790,,,,,,new_hypertension,new_hypertension,clinicalbert_type3_clinicalbert_pool,gbm,0,16,auroc,0.5536851683348498
5791,5791,,,,,,new_hypertension,new_hypertension,clinicalbert_type3_clinicalbert_pool,gbm,0,16,auprc,0.1554230314086302
5792,5792,,,,,,new_hypertension,new_hypertension,clinicalbert_type3_clinicalbert_pool,gbm,0,16,brier,0.5217449232680673
5793,5793,,,,,,new_hypertension,new_hypertension,clinicalbert_type3_clinicalbert_pool,gbm,1,16,auroc,0.5631534671313544
5794,5794,,,,,,new_hypertension,new_hypertension,clinicalbert_type3_clinicalbert_pool,gbm,1,16,auprc,0.1564261449616942
5795,5795,,,,,,new_hypertension,new_hypertension,clinicalbert_type3_clinicalbert_pool,gbm,1,16,brier,0.4087629705501916
5796,5796,,,,,,new_hypertension,new_hypertension,clinicalbert_type3_clinicalbert_pool,gbm,2,16,auroc,0.5563033289268117
5797,5797,,,,,,new_hypertension,new_hypertension,clinicalbert_type3_clinicalbert_pool,gbm,2,16,auprc,0.1423666186555862
5798,5798,,,,,,new_hypertension,new_hypertension,clinicalbert_type3_clinicalbert_pool,gbm,2,16,brier,0.3994044500180808
5799,5799,,,,,,new_hypertension,new_hypertension,clinicalbert_type3_clinicalbert_pool,gbm,3,16,auroc,0.4671027406275573
5800,5800,,,,,,new_hypertension,new_hypertension,clinicalbert_type3_clinicalbert_pool,gbm,3,16,auprc,0.1183973237364589
5801,5801,,,,,,new_hypertension,new_hypertension,clinicalbert_type3_clinicalbert_pool,gbm,3,16,brier,0.3244687039735047
5802,5802,,,,,,new_hypertension,new_hypertension,clinicalbert_type3_clinicalbert_pool,gbm,4,16,auroc,0.6487000761126468
5803,5803,,,,,,new_hypertension,new_hypertension,clinicalbert_type3_clinicalbert_pool,gbm,4,16,auprc,0.235157894725367
5804,5804,,,,,,new_hypertension,new_hypertension,clinicalbert_type3_clinicalbert_pool,gbm,4,16,brier,0.4747174108001581
5805,5805,,,,,,new_hypertension,new_hypertension,clinicalbert_type3_clinicalbert_pool,gbm,0,24,auroc,0.6311941673677043
5806,5806,,,,,,new_hypertension,new_hypertension,clinicalbert_type3_clinicalbert_pool,gbm,0,24,auprc,0.1911144366133029
5807,5807,,,,,,new_hypertension,new_hypertension,clinicalbert_type3_clinicalbert_pool,gbm,0,24,brier,0.3868291263665203
5808,5808,,,,,,new_hypertension,new_hypertension,clinicalbert_type3_clinicalbert_pool,gbm,1,24,auroc,0.546683377112412
5809,5809,,,,,,new_hypertension,new_hypertension,clinicalbert_type3_clinicalbert_pool,gbm,1,24,auprc,0.1426814181119531
5810,5810,,,,,,new_hypertension,new_hypertension,clinicalbert_type3_clinicalbert_pool,gbm,1,24,brier,0.3355958870706311
5811,5811,,,,,,new_hypertension,new_hypertension,clinicalbert_type3_clinicalbert_pool,gbm,2,24,auroc,0.5527094385404685
5812,5812,,,,,,new_hypertension,new_hypertension,clinicalbert_type3_clinicalbert_pool,gbm,2,24,auprc,0.1414364351786537
5813,5813,,,,,,new_hypertension,new_hypertension,clinicalbert_type3_clinicalbert_pool,gbm,2,24,brier,0.3868289776948757
5814,5814,,,,,,new_hypertension,new_hypertension,clinicalbert_type3_clinicalbert_pool,gbm,3,24,auroc,0.5231371000509325
5815,5815,,,,,,new_hypertension,new_hypertension,clinicalbert_type3_clinicalbert_pool,gbm,3,24,auprc,0.1488599593392415
5816,5816,,,,,,new_hypertension,new_hypertension,clinicalbert_type3_clinicalbert_pool,gbm,3,24,brier,0.25697985400059
5817,5817,,,,,,new_hypertension,new_hypertension,clinicalbert_type3_clinicalbert_pool,gbm,4,24,auroc,0.6103890901391202
5818,5818,,,,,,new_hypertension,new_hypertension,clinicalbert_type3_clinicalbert_pool,gbm,4,24,auprc,0.2573412933715337
5819,5819,,,,,,new_hypertension,new_hypertension,clinicalbert_type3_clinicalbert_pool,gbm,4,24,brier,0.5389413767954264
5820,5820,,,,,,new_hypertension,new_hypertension,clinicalbert_type3_clinicalbert_pool,gbm,0,32,auroc,0.6205698719819619
5821,5821,,,,,,new_hypertension,new_hypertension,clinicalbert_type3_clinicalbert_pool,gbm,0,32,auprc,0.173881420556464
5822,5822,,,,,,new_hypertension,new_hypertension,clinicalbert_type3_clinicalbert_pool,gbm,0,32,brier,0.3678177739931464
5823,5823,,,,,,new_hypertension,new_hypertension,clinicalbert_type3_clinicalbert_pool,gbm,1,32,auroc,0.4937936717770872
5824,5824,,,,,,new_hypertension,new_hypertension,clinicalbert_type3_clinicalbert_pool,gbm,1,32,auprc,0.1220036445155581
5825,5825,,,,,,new_hypertension,new_hypertension,clinicalbert_type3_clinicalbert_pool,gbm,1,32,brier,0.3861432361191165
5826,5826,,,,,,new_hypertension,new_hypertension,clinicalbert_type3_clinicalbert_pool,gbm,2,32,auroc,0.4642814222191701
5827,5827,,,,,,new_hypertension,new_hypertension,clinicalbert_type3_clinicalbert_pool,gbm,2,32,auprc,0.118134130383819
5828,5828,,,,,,new_hypertension,new_hypertension,clinicalbert_type3_clinicalbert_pool,gbm,2,32,brier,0.4046154292222425
5829,5829,,,,,,new_hypertension,new_hypertension,clinicalbert_type3_clinicalbert_pool,gbm,3,32,auroc,0.6094906175425343
5830,5830,,,,,,new_hypertension,new_hypertension,clinicalbert_type3_clinicalbert_pool,gbm,3,32,auprc,0.1717417315843018
5831,5831,,,,,,new_hypertension,new_hypertension,clinicalbert_type3_clinicalbert_pool,gbm,3,32,brier,0.3541579750353821
5832,5832,,,,,,new_hypertension,new_hypertension,clinicalbert_type3_clinicalbert_pool,gbm,4,32,auroc,0.6352716305846939
5833,5833,,,,,,new_hypertension,new_hypertension,clinicalbert_type3_clinicalbert_pool,gbm,4,32,auprc,0.208381587087686
5834,5834,,,,,,new_hypertension,new_hypertension,clinicalbert_type3_clinicalbert_pool,gbm,4,32,brier,0.465224311372591
5835,5835,,,,,,new_hypertension,new_hypertension,clinicalbert_type3_clinicalbert_pool,gbm,0,48,auroc,0.6335233288123565
5836,5836,,,,,,new_hypertension,new_hypertension,clinicalbert_type3_clinicalbert_pool,gbm,0,48,auprc,0.1894220941806461
5837,5837,,,,,,new_hypertension,new_hypertension,clinicalbert_type3_clinicalbert_pool,gbm,0,48,brier,0.2905809328822931
5838,5838,,,,,,new_hypertension,new_hypertension,clinicalbert_type3_clinicalbert_pool,gbm,1,48,auroc,0.6060769939510475
5839,5839,,,,,,new_hypertension,new_hypertension,clinicalbert_type3_clinicalbert_pool,gbm,1,48,auprc,0.1676844631664383
5840,5840,,,,,,new_hypertension,new_hypertension,clinicalbert_type3_clinicalbert_pool,gbm,1,48,brier,0.4053965401386474
5841,5841,,,,,,new_hypertension,new_hypertension,clinicalbert_type3_clinicalbert_pool,gbm,2,48,auroc,0.5352206980617027
5842,5842,,,,,,new_hypertension,new_hypertension,clinicalbert_type3_clinicalbert_pool,gbm,2,48,auprc,0.1508640580545042
5843,5843,,,,,,new_hypertension,new_hypertension,clinicalbert_type3_clinicalbert_pool,gbm,2,48,brier,0.489840236314362
5844,5844,,,,,,new_hypertension,new_hypertension,clinicalbert_type3_clinicalbert_pool,gbm,3,48,auroc,0.5804161587721256
5845,5845,,,,,,new_hypertension,new_hypertension,clinicalbert_type3_clinicalbert_pool,gbm,3,48,auprc,0.176365600726526
5846,5846,,,,,,new_hypertension,new_hypertension,clinicalbert_type3_clinicalbert_pool,gbm,3,48,brier,0.2998584183856724
5847,5847,,,,,,new_hypertension,new_hypertension,clinicalbert_type3_clinicalbert_pool,gbm,4,48,auroc,0.6409257129122529
5848,5848,,,,,,new_hypertension,new_hypertension,clinicalbert_type3_clinicalbert_pool,gbm,4,48,auprc,0.179265624025607
5849,5849,,,,,,new_hypertension,new_hypertension,clinicalbert_type3_clinicalbert_pool,gbm,4,48,brier,0.3941887490926272
5850,5850,,,,,,new_hypertension,new_hypertension,clinicalbert_type3_clinicalbert_pool,gbm,0,64,auroc,0.6540479910267195
5851,5851,,,,,,new_hypertension,new_hypertension,clinicalbert_type3_clinicalbert_pool,gbm,0,64,auprc,0.2164272682438788
5852,5852,,,,,,new_hypertension,new_hypertension,clinicalbert_type3_clinicalbert_pool,gbm,0,64,brier,0.3350185848326966
5853,5853,,,,,,new_hypertension,new_hypertension,clinicalbert_type3_clinicalbert_pool,gbm,1,64,auroc,0.6237460012246696
5854,5854,,,,,,new_hypertension,new_hypertension,clinicalbert_type3_clinicalbert_pool,gbm,1,64,auprc,0.1790885309981697
5855,5855,,,,,,new_hypertension,new_hypertension,clinicalbert_type3_clinicalbert_pool,gbm,1,64,brier,0.2417944082071155
5856,5856,,,,,,new_hypertension,new_hypertension,clinicalbert_type3_clinicalbert_pool,gbm,2,64,auroc,0.644408009568447
5857,5857,,,,,,new_hypertension,new_hypertension,clinicalbert_type3_clinicalbert_pool,gbm,2,64,auprc,0.2120516059588499
5858,5858,,,,,,new_hypertension,new_hypertension,clinicalbert_type3_clinicalbert_pool,gbm,2,64,brier,0.3467569937940098
5859,5859,,,,,,new_hypertension,new_hypertension,clinicalbert_type3_clinicalbert_pool,gbm,3,64,auroc,0.6159802221573643
5860,5860,,,,,,new_hypertension,new_hypertension,clinicalbert_type3_clinicalbert_pool,gbm,3,64,auprc,0.1983936051492916
5861,5861,,,,,,new_hypertension,new_hypertension,clinicalbert_type3_clinicalbert_pool,gbm,3,64,brier,0.3341490391876551
5862,5862,,,,,,new_hypertension,new_hypertension,clinicalbert_type3_clinicalbert_pool,gbm,4,64,auroc,0.6194882712128236
5863,5863,,,,,,new_hypertension,new_hypertension,clinicalbert_type3_clinicalbert_pool,gbm,4,64,auprc,0.1944271083403248
5864,5864,,,,,,new_hypertension,new_hypertension,clinicalbert_type3_clinicalbert_pool,gbm,4,64,brier,0.3344268043198821
5865,5865,,,,,,new_hypertension,new_hypertension,clinicalbert_type3_clinicalbert_pool,gbm,0,128,auroc,0.6650900475560974
5866,5866,,,,,,new_hypertension,new_hypertension,clinicalbert_type3_clinicalbert_pool,gbm,0,128,auprc,0.2404285193501486
5867,5867,,,,,,new_hypertension,new_hypertension,clinicalbert_type3_clinicalbert_pool,gbm,0,128,brier,0.2648029216434114
5868,5868,,,,,,new_hypertension,new_hypertension,clinicalbert_type3_clinicalbert_pool,gbm,1,128,auroc,0.6524170057399237
5869,5869,,,,,,new_hypertension,new_hypertension,clinicalbert_type3_clinicalbert_pool,gbm,1,128,auprc,0.218870673561545
5870,5870,,,,,,new_hypertension,new_hypertension,clinicalbert_type3_clinicalbert_pool,gbm,1,128,brier,0.2993881353469674
5871,5871,,,,,,new_hypertension,new_hypertension,clinicalbert_type3_clinicalbert_pool,gbm,2,128,auroc,0.6297692012750299
5872,5872,,,,,,new_hypertension,new_hypertension,clinicalbert_type3_clinicalbert_pool,gbm,2,128,auprc,0.1696545814579602
5873,5873,,,,,,new_hypertension,new_hypertension,clinicalbert_type3_clinicalbert_pool,gbm,2,128,brier,0.2799741856317824
5874,5874,,,,,,new_hypertension,new_hypertension,clinicalbert_type3_clinicalbert_pool,gbm,3,128,auroc,0.6740490211226902
5875,5875,,,,,,new_hypertension,new_hypertension,clinicalbert_type3_clinicalbert_pool,gbm,3,128,auprc,0.1933910624093537
5876,5876,,,,,,new_hypertension,new_hypertension,clinicalbert_type3_clinicalbert_pool,gbm,3,128,brier,0.2798650606016886
5877,5877,,,,,,new_hypertension,new_hypertension,clinicalbert_type3_clinicalbert_pool,gbm,4,128,auroc,0.6252968679359737
5878,5878,,,,,,new_hypertension,new_hypertension,clinicalbert_type3_clinicalbert_pool,gbm,4,128,auprc,0.1777668452962341
5879,5879,,,,,,new_hypertension,new_hypertension,clinicalbert_type3_clinicalbert_pool,gbm,4,128,brier,0.3180691162292567
