,labeling_function,sub_task,model,head,replicate,k,score,value
0,chexpert,No Finding,count,gbm,0,-1,auroc,0.5938515365378055
1,chexpert,No Finding,count,gbm,0,-1,auprc,0.4643399096500388
2,chexpert,No Finding,count,gbm,0,-1,brier,0.23453683417873009
3,chexpert,No Finding,count,gbm,0,1,auroc,0.5211445626187883
4,chexpert,No Finding,count,gbm,0,1,auprc,0.40297018610980556
5,chexpert,No Finding,count,gbm,0,1,brier,0.41506141102091965
6,chexpert,No Finding,count,gbm,1,1,auroc,0.5211445626187883
7,chexpert,No Finding,count,gbm,1,1,auprc,0.40297018610980556
8,chexpert,No Finding,count,gbm,1,1,brier,0.41506141102091965
9,chexpert,No Finding,count,gbm,2,1,auroc,0.4788554373812116
10,chexpert,No Finding,count,gbm,2,1,auprc,0.38275278604597174
11,chexpert,No Finding,count,gbm,2,1,brier,0.459493695917593
12,chexpert,No Finding,count,gbm,3,1,auroc,0.5026293237061094
13,chexpert,No Finding,count,gbm,3,1,auprc,0.3936015976747581
14,chexpert,No Finding,count,gbm,3,1,brier,0.4679395021376218
15,chexpert,No Finding,count,gbm,4,1,auroc,0.4973706762938906
16,chexpert,No Finding,count,gbm,4,1,auprc,0.39110061887299846
17,chexpert,No Finding,count,gbm,4,1,brier,0.4066156048008908
18,chexpert,No Finding,count,gbm,0,2,auroc,0.5211445626187883
19,chexpert,No Finding,count,gbm,0,2,auprc,0.40297018610980556
20,chexpert,No Finding,count,gbm,0,2,brier,0.41506141102092026
21,chexpert,No Finding,count,gbm,1,2,auroc,0.5098214049350094
22,chexpert,No Finding,count,gbm,1,2,auprc,0.39718937651588615
23,chexpert,No Finding,count,gbm,1,2,brier,0.39936322772064925
24,chexpert,No Finding,count,gbm,2,2,auroc,0.4679011763686609
25,chexpert,No Finding,count,gbm,2,2,auprc,0.37787690894883685
26,chexpert,No Finding,count,gbm,2,2,brier,0.5030079583990466
27,chexpert,No Finding,count,gbm,3,2,auroc,0.5058620948866887
28,chexpert,No Finding,count,gbm,3,2,auprc,0.39527336582728145
29,chexpert,No Finding,count,gbm,3,2,brier,0.3664980252557545
30,chexpert,No Finding,count,gbm,4,2,auroc,0.4973706762938906
31,chexpert,No Finding,count,gbm,4,2,auprc,0.39110061887299846
32,chexpert,No Finding,count,gbm,4,2,brier,0.4066156048008914
33,chexpert,No Finding,count,gbm,0,4,auroc,0.5048598331855623
34,chexpert,No Finding,count,gbm,0,4,auprc,0.3966886200642975
35,chexpert,No Finding,count,gbm,0,4,brier,0.39826160082238476
36,chexpert,No Finding,count,gbm,1,4,auroc,0.5156222254593583
37,chexpert,No Finding,count,gbm,1,4,auprc,0.40280954268012076
38,chexpert,No Finding,count,gbm,1,4,brier,0.3993632277206494
39,chexpert,No Finding,count,gbm,2,4,auroc,0.5071493283815532
40,chexpert,No Finding,count,gbm,2,4,auprc,0.3923456126930752
41,chexpert,No Finding,count,gbm,2,4,brier,0.48921115285953004
42,chexpert,No Finding,count,gbm,3,4,auroc,0.49818083331339613
43,chexpert,No Finding,count,gbm,3,4,auprc,0.39191391166039863
44,chexpert,No Finding,count,gbm,3,4,brier,0.5244779454369108
45,chexpert,No Finding,count,gbm,4,4,auroc,0.5249393261122547
46,chexpert,No Finding,count,gbm,4,4,auprc,0.4056315972222949
47,chexpert,No Finding,count,gbm,4,4,brier,0.4552103807875256
48,chexpert,No Finding,count,gbm,0,8,auroc,0.5260101528102848
49,chexpert,No Finding,count,gbm,0,8,auprc,0.42055276926803026
50,chexpert,No Finding,count,gbm,0,8,brier,0.4538053691807555
51,chexpert,No Finding,count,gbm,1,8,auroc,0.530622529117827
52,chexpert,No Finding,count,gbm,1,8,auprc,0.41162013060849145
53,chexpert,No Finding,count,gbm,1,8,brier,0.522107433769467
54,chexpert,No Finding,count,gbm,2,8,auroc,0.49812569346557656
55,chexpert,No Finding,count,gbm,2,8,auprc,0.3912610316233214
56,chexpert,No Finding,count,gbm,2,8,brier,0.4325956391516324
57,chexpert,No Finding,count,gbm,3,8,auroc,0.48700429052664385
58,chexpert,No Finding,count,gbm,3,8,auprc,0.3921828910795638
59,chexpert,No Finding,count,gbm,3,8,brier,0.4972415475985498
60,chexpert,No Finding,count,gbm,4,8,auroc,0.530989491057553
61,chexpert,No Finding,count,gbm,4,8,auprc,0.41399662959846917
62,chexpert,No Finding,count,gbm,4,8,brier,0.3726487754377321
63,chexpert,No Finding,count,gbm,0,12,auroc,0.5233823391385188
64,chexpert,No Finding,count,gbm,0,12,auprc,0.4031403380038096
65,chexpert,No Finding,count,gbm,0,12,brier,0.39741699348991405
66,chexpert,No Finding,count,gbm,1,12,auroc,0.5087582227858425
67,chexpert,No Finding,count,gbm,1,12,auprc,0.3976918779688121
68,chexpert,No Finding,count,gbm,1,12,brier,0.4305263466335362
69,chexpert,No Finding,count,gbm,2,12,auroc,0.5219724861361151
70,chexpert,No Finding,count,gbm,2,12,auprc,0.4072680363076333
71,chexpert,No Finding,count,gbm,2,12,brier,0.3940386977123704
72,chexpert,No Finding,count,gbm,3,12,auroc,0.492248073538295
73,chexpert,No Finding,count,gbm,3,12,auprc,0.3930233178507885
74,chexpert,No Finding,count,gbm,3,12,brier,0.5298149355607117
75,chexpert,No Finding,count,gbm,4,12,auroc,0.49257409939074365
76,chexpert,No Finding,count,gbm,4,12,auprc,0.3866345617404303
77,chexpert,No Finding,count,gbm,4,12,brier,0.3540938748957367
78,chexpert,No Finding,count,gbm,0,16,auroc,0.5195637218212845
79,chexpert,No Finding,count,gbm,0,16,auprc,0.4092687884102404
80,chexpert,No Finding,count,gbm,0,16,brier,0.39587474254281146
81,chexpert,No Finding,count,gbm,1,16,auroc,0.551772943119696
82,chexpert,No Finding,count,gbm,1,16,auprc,0.4267026865130472
83,chexpert,No Finding,count,gbm,1,16,brier,0.38265521976363587
84,chexpert,No Finding,count,gbm,2,16,auroc,0.49224134916660967
85,chexpert,No Finding,count,gbm,2,16,auprc,0.3938071318473861
86,chexpert,No Finding,count,gbm,2,16,brier,0.46871966034279205
87,chexpert,No Finding,count,gbm,3,16,auroc,0.4948132443790977
88,chexpert,No Finding,count,gbm,3,16,auprc,0.3942725808414233
89,chexpert,No Finding,count,gbm,3,16,brier,0.49154177620503087
90,chexpert,No Finding,count,gbm,4,16,auroc,0.5143050036262059
91,chexpert,No Finding,count,gbm,4,16,auprc,0.41325980092361175
92,chexpert,No Finding,count,gbm,4,16,brier,0.30762696351425667
93,chexpert,No Finding,count,gbm,0,24,auroc,0.5582694411848936
94,chexpert,No Finding,count,gbm,0,24,auprc,0.4434643331374882
95,chexpert,No Finding,count,gbm,0,24,brier,0.45131922245091044
96,chexpert,No Finding,count,gbm,1,24,auroc,0.5313514038199434
97,chexpert,No Finding,count,gbm,1,24,auprc,0.40261026507543723
98,chexpert,No Finding,count,gbm,1,24,brier,0.469212097105128
99,chexpert,No Finding,count,gbm,2,24,auroc,0.5188821772581184
100,chexpert,No Finding,count,gbm,2,24,auprc,0.400212469089554
101,chexpert,No Finding,count,gbm,2,24,brier,0.4115729258430825
102,chexpert,No Finding,count,gbm,3,24,auroc,0.4913333938290842
103,chexpert,No Finding,count,gbm,3,24,auprc,0.384567324964465
104,chexpert,No Finding,count,gbm,3,24,brier,0.4170143411911106
105,chexpert,No Finding,count,gbm,4,24,auroc,0.5242222013648729
106,chexpert,No Finding,count,gbm,4,24,auprc,0.40998472322006185
107,chexpert,No Finding,count,gbm,4,24,brier,0.49303344497710255
108,chexpert,No Finding,count,gbm,0,32,auroc,0.551147552958674
109,chexpert,No Finding,count,gbm,0,32,auprc,0.44538274063468447
110,chexpert,No Finding,count,gbm,0,32,brier,0.2817110334837368
111,chexpert,No Finding,count,gbm,1,32,auroc,0.5266689288868673
112,chexpert,No Finding,count,gbm,1,32,auprc,0.4091147296544106
113,chexpert,No Finding,count,gbm,1,32,brier,0.41603662070397734
114,chexpert,No Finding,count,gbm,2,32,auroc,0.5317828489449885
115,chexpert,No Finding,count,gbm,2,32,auprc,0.42135426593695635
116,chexpert,No Finding,count,gbm,2,32,brier,0.4342945744054782
117,chexpert,No Finding,count,gbm,3,32,auroc,0.5314554546239163
118,chexpert,No Finding,count,gbm,3,32,auprc,0.43083123285628033
119,chexpert,No Finding,count,gbm,3,32,brier,0.506636318732462
120,chexpert,No Finding,count,gbm,4,32,auroc,0.5251449031315327
121,chexpert,No Finding,count,gbm,4,32,auprc,0.4135932643826084
122,chexpert,No Finding,count,gbm,4,32,brier,0.4729451151126287
123,chexpert,No Finding,count,gbm,0,48,auroc,0.5396869113667883
124,chexpert,No Finding,count,gbm,0,48,auprc,0.4215952814410002
125,chexpert,No Finding,count,gbm,0,48,brier,0.4717001713687622
126,chexpert,No Finding,count,gbm,1,48,auroc,0.5597119250856861
127,chexpert,No Finding,count,gbm,1,48,auprc,0.43553486477048003
128,chexpert,No Finding,count,gbm,1,48,brier,0.3988054149594395
129,chexpert,No Finding,count,gbm,2,48,auroc,0.5086539832275766
130,chexpert,No Finding,count,gbm,2,48,auprc,0.40427421305027156
131,chexpert,No Finding,count,gbm,2,48,brier,0.3415968279010568
132,chexpert,No Finding,count,gbm,3,48,auroc,0.5474656173438015
133,chexpert,No Finding,count,gbm,3,48,auprc,0.4445950510728714
134,chexpert,No Finding,count,gbm,3,48,brier,0.40526905383268436
135,chexpert,No Finding,count,gbm,4,48,auroc,0.5166446602755407
136,chexpert,No Finding,count,gbm,4,48,auprc,0.4037778098640571
137,chexpert,No Finding,count,gbm,4,48,brier,0.3486586757651162
138,chexpert,No Finding,count,gbm,0,64,auroc,0.5415830898049041
139,chexpert,No Finding,count,gbm,0,64,auprc,0.4261204261045477
140,chexpert,No Finding,count,gbm,0,64,brier,0.31434083328650014
141,chexpert,No Finding,count,gbm,1,64,auroc,0.5541044833344352
142,chexpert,No Finding,count,gbm,1,64,auprc,0.4329570921873538
143,chexpert,No Finding,count,gbm,1,64,brier,0.3811255855837267
144,chexpert,No Finding,count,gbm,2,64,auroc,0.5223627828253035
145,chexpert,No Finding,count,gbm,2,64,auprc,0.4046482910368067
146,chexpert,No Finding,count,gbm,2,64,brier,0.3986196878601281
147,chexpert,No Finding,count,gbm,3,64,auroc,0.5618265866178586
148,chexpert,No Finding,count,gbm,3,64,auprc,0.4385809248251202
149,chexpert,No Finding,count,gbm,3,64,brier,0.39857270232081204
150,chexpert,No Finding,count,gbm,4,64,auroc,0.5338851706652612
151,chexpert,No Finding,count,gbm,4,64,auprc,0.4289793689132755
152,chexpert,No Finding,count,gbm,4,64,brier,0.32543548595886634
153,chexpert,No Finding,count,gbm,0,128,auroc,0.5427803818791914
154,chexpert,No Finding,count,gbm,0,128,auprc,0.4345436008232307
155,chexpert,No Finding,count,gbm,0,128,brier,0.30106563311981555
156,chexpert,No Finding,count,gbm,1,128,auroc,0.5386033909425592
157,chexpert,No Finding,count,gbm,1,128,auprc,0.4246833668920274
158,chexpert,No Finding,count,gbm,1,128,brier,0.3907535674209797
159,chexpert,No Finding,count,gbm,2,128,auroc,0.5222987479314299
160,chexpert,No Finding,count,gbm,2,128,auprc,0.4100912399044012
161,chexpert,No Finding,count,gbm,2,128,brier,0.4139284444271859
162,chexpert,No Finding,count,gbm,3,128,auroc,0.5472706577535003
163,chexpert,No Finding,count,gbm,3,128,auprc,0.42294399067649235
164,chexpert,No Finding,count,gbm,3,128,brier,0.25926754524957746
165,chexpert,No Finding,count,gbm,4,128,auroc,0.5358305667852562
166,chexpert,No Finding,count,gbm,4,128,auprc,0.42584085751794937
167,chexpert,No Finding,count,gbm,4,128,brier,0.3159080588956259
168,chexpert,Enlarged Cardiomediastinum,count,gbm,0,-1,auroc,0.6556611899619459
169,chexpert,Enlarged Cardiomediastinum,count,gbm,0,-1,auprc,0.02889309243051609
170,chexpert,Enlarged Cardiomediastinum,count,gbm,0,-1,brier,0.01772563101081743
171,chexpert,Enlarged Cardiomediastinum,count,gbm,0,1,auroc,0.4416486681065515
172,chexpert,Enlarged Cardiomediastinum,count,gbm,0,1,auprc,0.016609063041467146
173,chexpert,Enlarged Cardiomediastinum,count,gbm,0,1,brier,0.2582631825012542
174,chexpert,Enlarged Cardiomediastinum,count,gbm,1,1,auroc,0.4442378895402654
175,chexpert,Enlarged Cardiomediastinum,count,gbm,1,1,auprc,0.016527637175084528
176,chexpert,Enlarged Cardiomediastinum,count,gbm,1,1,brier,0.2936070454872445
177,chexpert,Enlarged Cardiomediastinum,count,gbm,2,1,auroc,0.5557621104597346
178,chexpert,Enlarged Cardiomediastinum,count,gbm,2,1,auprc,0.0200873208001911
179,chexpert,Enlarged Cardiomediastinum,count,gbm,2,1,brier,0.5809480614512683
180,chexpert,Enlarged Cardiomediastinum,count,gbm,3,1,auroc,0.4740139360279749
181,chexpert,Enlarged Cardiomediastinum,count,gbm,3,1,auprc,0.017015679430395524
182,chexpert,Enlarged Cardiomediastinum,count,gbm,3,1,brier,0.38706172735669375
183,chexpert,Enlarged Cardiomediastinum,count,gbm,4,1,auroc,0.5557621104597346
184,chexpert,Enlarged Cardiomediastinum,count,gbm,4,1,auprc,0.0200873208001911
185,chexpert,Enlarged Cardiomediastinum,count,gbm,4,1,brier,0.5809480614512683
186,chexpert,Enlarged Cardiomediastinum,count,gbm,0,2,auroc,0.4889385991977785
187,chexpert,Enlarged Cardiomediastinum,count,gbm,0,2,auprc,0.01749735674215946
188,chexpert,Enlarged Cardiomediastinum,count,gbm,0,2,brier,0.12817940626450613
189,chexpert,Enlarged Cardiomediastinum,count,gbm,1,2,auroc,0.5827882340841304
190,chexpert,Enlarged Cardiomediastinum,count,gbm,1,2,auprc,0.021503532617780895
191,chexpert,Enlarged Cardiomediastinum,count,gbm,1,2,brier,0.5151258542799575
192,chexpert,Enlarged Cardiomediastinum,count,gbm,2,2,auroc,0.5289879666769516
193,chexpert,Enlarged Cardiomediastinum,count,gbm,2,2,auprc,0.018903061640606983
194,chexpert,Enlarged Cardiomediastinum,count,gbm,2,2,brier,0.7158973564886864
195,chexpert,Enlarged Cardiomediastinum,count,gbm,3,2,auroc,0.4740139360279749
196,chexpert,Enlarged Cardiomediastinum,count,gbm,3,2,auprc,0.017015679430395524
197,chexpert,Enlarged Cardiomediastinum,count,gbm,3,2,brier,0.3870617273566942
198,chexpert,Enlarged Cardiomediastinum,count,gbm,4,2,auroc,0.5743289108299907
199,chexpert,Enlarged Cardiomediastinum,count,gbm,4,2,auprc,0.02113434020172431
200,chexpert,Enlarged Cardiomediastinum,count,gbm,4,2,brier,0.4599527071252039
201,chexpert,Enlarged Cardiomediastinum,count,gbm,0,4,auroc,0.54146450426823
202,chexpert,Enlarged Cardiomediastinum,count,gbm,0,4,auprc,0.019981736552448802
203,chexpert,Enlarged Cardiomediastinum,count,gbm,0,4,brier,0.23981726056349162
204,chexpert,Enlarged Cardiomediastinum,count,gbm,1,4,auroc,0.4914024735164044
205,chexpert,Enlarged Cardiomediastinum,count,gbm,1,4,auprc,0.017648581725157354
206,chexpert,Enlarged Cardiomediastinum,count,gbm,1,4,brier,0.2598238206071295
207,chexpert,Enlarged Cardiomediastinum,count,gbm,2,4,auroc,0.587845829476499
208,chexpert,Enlarged Cardiomediastinum,count,gbm,2,4,auprc,0.022614748317242316
209,chexpert,Enlarged Cardiomediastinum,count,gbm,2,4,brier,0.40459595548740646
210,chexpert,Enlarged Cardiomediastinum,count,gbm,3,4,auroc,0.5464401419315026
211,chexpert,Enlarged Cardiomediastinum,count,gbm,3,4,auprc,0.02037263144072686
212,chexpert,Enlarged Cardiomediastinum,count,gbm,3,4,brier,0.44480533727406546
213,chexpert,Enlarged Cardiomediastinum,count,gbm,4,4,auroc,0.3652364239432274
214,chexpert,Enlarged Cardiomediastinum,count,gbm,4,4,auprc,0.014672014598770568
215,chexpert,Enlarged Cardiomediastinum,count,gbm,4,4,brier,0.6156546160826677
216,chexpert,Enlarged Cardiomediastinum,count,gbm,0,8,auroc,0.4743780854674483
217,chexpert,Enlarged Cardiomediastinum,count,gbm,0,8,auprc,0.01587567542866179
218,chexpert,Enlarged Cardiomediastinum,count,gbm,0,8,brier,0.5622196552846795
219,chexpert,Enlarged Cardiomediastinum,count,gbm,1,8,auroc,0.6036305666975214
220,chexpert,Enlarged Cardiomediastinum,count,gbm,1,8,auprc,0.023419996125342443
221,chexpert,Enlarged Cardiomediastinum,count,gbm,1,8,brier,0.48321606154722974
222,chexpert,Enlarged Cardiomediastinum,count,gbm,2,8,auroc,0.6135731641468682
223,chexpert,Enlarged Cardiomediastinum,count,gbm,2,8,auprc,0.025110206866580356
224,chexpert,Enlarged Cardiomediastinum,count,gbm,2,8,brier,0.7280478883708422
225,chexpert,Enlarged Cardiomediastinum,count,gbm,3,8,auroc,0.6101605085878844
226,chexpert,Enlarged Cardiomediastinum,count,gbm,3,8,auprc,0.027858518824465384
227,chexpert,Enlarged Cardiomediastinum,count,gbm,3,8,brier,0.3151798637640275
228,chexpert,Enlarged Cardiomediastinum,count,gbm,4,8,auroc,0.4975763010387741
229,chexpert,Enlarged Cardiomediastinum,count,gbm,4,8,auprc,0.017199627903490576
230,chexpert,Enlarged Cardiomediastinum,count,gbm,4,8,brier,0.3197939091945264
231,chexpert,Enlarged Cardiomediastinum,count,gbm,0,12,auroc,0.479329617916281
232,chexpert,Enlarged Cardiomediastinum,count,gbm,0,12,auprc,0.017939062200150645
233,chexpert,Enlarged Cardiomediastinum,count,gbm,0,12,brier,0.6123349640848935
234,chexpert,Enlarged Cardiomediastinum,count,gbm,1,12,auroc,0.5490345058109637
235,chexpert,Enlarged Cardiomediastinum,count,gbm,1,12,auprc,0.02044716222669158
236,chexpert,Enlarged Cardiomediastinum,count,gbm,1,12,brier,0.3267376739481478
237,chexpert,Enlarged Cardiomediastinum,count,gbm,2,12,auroc,0.6131203075182557
238,chexpert,Enlarged Cardiomediastinum,count,gbm,2,12,auprc,0.02472859056506289
239,chexpert,Enlarged Cardiomediastinum,count,gbm,2,12,brier,0.42284513359614173
240,chexpert,Enlarged Cardiomediastinum,count,gbm,3,12,auroc,0.5468351460454592
241,chexpert,Enlarged Cardiomediastinum,count,gbm,3,12,auprc,0.022934246179835138
242,chexpert,Enlarged Cardiomediastinum,count,gbm,3,12,brier,0.48184111192596135
243,chexpert,Enlarged Cardiomediastinum,count,gbm,4,12,auroc,0.5170202098117864
244,chexpert,Enlarged Cardiomediastinum,count,gbm,4,12,auprc,0.017459116832764972
245,chexpert,Enlarged Cardiomediastinum,count,gbm,4,12,brier,0.4636230213508851
246,chexpert,Enlarged Cardiomediastinum,count,gbm,0,16,auroc,0.41629994600431963
247,chexpert,Enlarged Cardiomediastinum,count,gbm,0,16,auprc,0.014773320036164026
248,chexpert,Enlarged Cardiomediastinum,count,gbm,0,16,brier,0.5306692382681311
249,chexpert,Enlarged Cardiomediastinum,count,gbm,1,16,auroc,0.5680981950015427
250,chexpert,Enlarged Cardiomediastinum,count,gbm,1,16,auprc,0.021935073140294362
251,chexpert,Enlarged Cardiomediastinum,count,gbm,1,16,brier,0.3330272643767853
252,chexpert,Enlarged Cardiomediastinum,count,gbm,2,16,auroc,0.5939409132983646
253,chexpert,Enlarged Cardiomediastinum,count,gbm,2,16,auprc,0.02353794225907208
254,chexpert,Enlarged Cardiomediastinum,count,gbm,2,16,brier,0.6237363179467498
255,chexpert,Enlarged Cardiomediastinum,count,gbm,3,16,auroc,0.6149905507559396
256,chexpert,Enlarged Cardiomediastinum,count,gbm,3,16,auprc,0.026734176219030986
257,chexpert,Enlarged Cardiomediastinum,count,gbm,3,16,brier,0.4657015498454858
258,chexpert,Enlarged Cardiomediastinum,count,gbm,4,16,auroc,0.5671622698755528
259,chexpert,Enlarged Cardiomediastinum,count,gbm,4,16,auprc,0.021800735275829694
260,chexpert,Enlarged Cardiomediastinum,count,gbm,4,16,brier,0.32739397191185415
261,chexpert,Enlarged Cardiomediastinum,count,gbm,0,24,auroc,0.5806984726936131
262,chexpert,Enlarged Cardiomediastinum,count,gbm,0,24,auprc,0.022152610219770868
263,chexpert,Enlarged Cardiomediastinum,count,gbm,0,24,brier,0.3118997704356906
264,chexpert,Enlarged Cardiomediastinum,count,gbm,1,24,auroc,0.5814177722925024
265,chexpert,Enlarged Cardiomediastinum,count,gbm,1,24,auprc,0.027696575748505276
266,chexpert,Enlarged Cardiomediastinum,count,gbm,1,24,brier,0.523178704219266
267,chexpert,Enlarged Cardiomediastinum,count,gbm,2,24,auroc,0.6168389385991978
268,chexpert,Enlarged Cardiomediastinum,count,gbm,2,24,auprc,0.023356316381124217
269,chexpert,Enlarged Cardiomediastinum,count,gbm,2,24,brier,0.6546406004633782
270,chexpert,Enlarged Cardiomediastinum,count,gbm,3,24,auroc,0.5230786537077033
271,chexpert,Enlarged Cardiomediastinum,count,gbm,3,24,auprc,0.021057783191132374
272,chexpert,Enlarged Cardiomediastinum,count,gbm,3,24,brier,0.4223869574441077
273,chexpert,Enlarged Cardiomediastinum,count,gbm,4,24,auroc,0.6435439807672529
274,chexpert,Enlarged Cardiomediastinum,count,gbm,4,24,auprc,0.02868972441178844
275,chexpert,Enlarged Cardiomediastinum,count,gbm,4,24,brier,0.41852998668273433
276,chexpert,Enlarged Cardiomediastinum,count,gbm,0,32,auroc,0.6311465082793377
277,chexpert,Enlarged Cardiomediastinum,count,gbm,0,32,auprc,0.02764503456620457
278,chexpert,Enlarged Cardiomediastinum,count,gbm,0,32,brier,0.6041174805294013
279,chexpert,Enlarged Cardiomediastinum,count,gbm,1,32,auroc,0.5967168697932737
280,chexpert,Enlarged Cardiomediastinum,count,gbm,1,32,auprc,0.0357103850592238
281,chexpert,Enlarged Cardiomediastinum,count,gbm,1,32,brier,0.5297339018410354
282,chexpert,Enlarged Cardiomediastinum,count,gbm,2,32,auroc,0.6012293659364394
283,chexpert,Enlarged Cardiomediastinum,count,gbm,2,32,auprc,0.025805321617692598
284,chexpert,Enlarged Cardiomediastinum,count,gbm,2,32,brier,0.45035675014754845
285,chexpert,Enlarged Cardiomediastinum,count,gbm,3,32,auroc,0.5865245423223284
286,chexpert,Enlarged Cardiomediastinum,count,gbm,3,32,auprc,0.02834539765841003
287,chexpert,Enlarged Cardiomediastinum,count,gbm,3,32,brier,0.6029461690881631
288,chexpert,Enlarged Cardiomediastinum,count,gbm,4,32,auroc,0.6397928879975316
289,chexpert,Enlarged Cardiomediastinum,count,gbm,4,32,auprc,0.027397011537043728
290,chexpert,Enlarged Cardiomediastinum,count,gbm,4,32,brier,0.47056518380322393
291,chexpert,Enlarged Cardiomediastinum,count,gbm,0,48,auroc,0.5782031008947855
292,chexpert,Enlarged Cardiomediastinum,count,gbm,0,48,auprc,0.024942158932331468
293,chexpert,Enlarged Cardiomediastinum,count,gbm,0,48,brier,0.3950119134801293
294,chexpert,Enlarged Cardiomediastinum,count,gbm,1,48,auroc,0.6018782783091638
295,chexpert,Enlarged Cardiomediastinum,count,gbm,1,48,auprc,0.03522068539243185
296,chexpert,Enlarged Cardiomediastinum,count,gbm,1,48,brier,0.42676717682020276
297,chexpert,Enlarged Cardiomediastinum,count,gbm,2,48,auroc,0.6518348889231719
298,chexpert,Enlarged Cardiomediastinum,count,gbm,2,48,auprc,0.02877271497168242
299,chexpert,Enlarged Cardiomediastinum,count,gbm,2,48,brier,0.36394108426774047
300,chexpert,Enlarged Cardiomediastinum,count,gbm,3,48,auroc,0.6050135632006582
301,chexpert,Enlarged Cardiomediastinum,count,gbm,3,48,auprc,0.027668714636184817
302,chexpert,Enlarged Cardiomediastinum,count,gbm,3,48,brier,0.4821806306370458
303,chexpert,Enlarged Cardiomediastinum,count,gbm,4,48,auroc,0.5926909775789366
304,chexpert,Enlarged Cardiomediastinum,count,gbm,4,48,auprc,0.02401628737942489
305,chexpert,Enlarged Cardiomediastinum,count,gbm,4,48,brier,0.4252012645070177
306,chexpert,Enlarged Cardiomediastinum,count,gbm,0,64,auroc,0.5873463694333025
307,chexpert,Enlarged Cardiomediastinum,count,gbm,0,64,auprc,0.02848650364351133
308,chexpert,Enlarged Cardiomediastinum,count,gbm,0,64,brier,0.35264097699880936
309,chexpert,Enlarged Cardiomediastinum,count,gbm,1,64,auroc,0.6306383703589428
310,chexpert,Enlarged Cardiomediastinum,count,gbm,1,64,auprc,0.029984453176627384
311,chexpert,Enlarged Cardiomediastinum,count,gbm,1,64,brier,0.3797030919420023
312,chexpert,Enlarged Cardiomediastinum,count,gbm,2,64,auroc,0.6430143088552915
313,chexpert,Enlarged Cardiomediastinum,count,gbm,2,64,auprc,0.028389574665860215
314,chexpert,Enlarged Cardiomediastinum,count,gbm,2,64,brier,0.3906779064894839
315,chexpert,Enlarged Cardiomediastinum,count,gbm,3,64,auroc,0.6002953692276047
316,chexpert,Enlarged Cardiomediastinum,count,gbm,3,64,auprc,0.025869395053757238
317,chexpert,Enlarged Cardiomediastinum,count,gbm,3,64,brier,0.5077256548759819
318,chexpert,Enlarged Cardiomediastinum,count,gbm,4,64,auroc,0.5663140877301244
319,chexpert,Enlarged Cardiomediastinum,count,gbm,4,64,auprc,0.02249963884699755
320,chexpert,Enlarged Cardiomediastinum,count,gbm,4,64,brier,0.380349657542671
321,chexpert,Enlarged Cardiomediastinum,count,gbm,0,128,auroc,0.613577663786897
322,chexpert,Enlarged Cardiomediastinum,count,gbm,0,128,auprc,0.024789371861180305
323,chexpert,Enlarged Cardiomediastinum,count,gbm,0,128,brier,0.23837138215305323
324,chexpert,Enlarged Cardiomediastinum,count,gbm,1,128,auroc,0.6897475701943845
325,chexpert,Enlarged Cardiomediastinum,count,gbm,1,128,auprc,0.03570391375123666
326,chexpert,Enlarged Cardiomediastinum,count,gbm,1,128,brier,0.192643807408295
327,chexpert,Enlarged Cardiomediastinum,count,gbm,2,128,auroc,0.6888007173711816
328,chexpert,Enlarged Cardiomediastinum,count,gbm,2,128,auprc,0.032240082869196704
329,chexpert,Enlarged Cardiomediastinum,count,gbm,2,128,brier,0.22775255809555434
330,chexpert,Enlarged Cardiomediastinum,count,gbm,3,128,auroc,0.6167614805101307
331,chexpert,Enlarged Cardiomediastinum,count,gbm,3,128,auprc,0.024062593319725205
332,chexpert,Enlarged Cardiomediastinum,count,gbm,3,128,brier,0.2840721467011534
333,chexpert,Enlarged Cardiomediastinum,count,gbm,4,128,auroc,0.6332446261441942
334,chexpert,Enlarged Cardiomediastinum,count,gbm,4,128,auprc,0.024817505296228684
335,chexpert,Enlarged Cardiomediastinum,count,gbm,4,128,brier,0.23722335142897277
336,chexpert,Cardiomegaly,count,gbm,0,-1,auroc,0.7897274442794425
337,chexpert,Cardiomegaly,count,gbm,0,-1,auprc,0.13884253449135267
338,chexpert,Cardiomegaly,count,gbm,0,-1,brier,0.034944494697083044
339,chexpert,Cardiomegaly,count,gbm,0,1,auroc,0.4670013744666646
340,chexpert,Cardiomegaly,count,gbm,0,1,auprc,0.03571307361099269
341,chexpert,Cardiomegaly,count,gbm,0,1,brier,0.5269683434363014
342,chexpert,Cardiomegaly,count,gbm,1,1,auroc,0.4641834244446318
343,chexpert,Cardiomegaly,count,gbm,1,1,auprc,0.03581162951382389
344,chexpert,Cardiomegaly,count,gbm,1,1,brier,0.30085942256748655
345,chexpert,Cardiomegaly,count,gbm,2,1,auroc,0.44850629040062717
346,chexpert,Cardiomegaly,count,gbm,2,1,auprc,0.03489750908553324
347,chexpert,Cardiomegaly,count,gbm,2,1,brier,0.4233236127579044
348,chexpert,Cardiomegaly,count,gbm,3,1,auroc,0.5514937095993727
349,chexpert,Cardiomegaly,count,gbm,3,1,auprc,0.0423253779163095
350,chexpert,Cardiomegaly,count,gbm,3,1,brier,0.4512314941806084
351,chexpert,Cardiomegaly,count,gbm,4,1,auroc,0.44850629040062717
352,chexpert,Cardiomegaly,count,gbm,4,1,auprc,0.03489750908553324
353,chexpert,Cardiomegaly,count,gbm,4,1,brier,0.4233236127579044
354,chexpert,Cardiomegaly,count,gbm,0,2,auroc,0.4670013744666646
355,chexpert,Cardiomegaly,count,gbm,0,2,auprc,0.03571307361099269
356,chexpert,Cardiomegaly,count,gbm,0,2,brier,0.5269683434363022
357,chexpert,Cardiomegaly,count,gbm,1,2,auroc,0.49502014453670345
358,chexpert,Cardiomegaly,count,gbm,1,2,auprc,0.03750897725023912
359,chexpert,Cardiomegaly,count,gbm,1,2,brier,0.5094341153055902
360,chexpert,Cardiomegaly,count,gbm,2,2,auroc,0.49395555819064485
361,chexpert,Cardiomegaly,count,gbm,2,2,auprc,0.037435889607644185
362,chexpert,Cardiomegaly,count,gbm,2,2,brier,0.4327792436346763
363,chexpert,Cardiomegaly,count,gbm,3,2,auroc,0.43219642613963233
364,chexpert,Cardiomegaly,count,gbm,3,2,auprc,0.03685386463544771
365,chexpert,Cardiomegaly,count,gbm,3,2,brier,0.1771100009957601
366,chexpert,Cardiomegaly,count,gbm,4,2,auroc,0.6039653872793742
367,chexpert,Cardiomegaly,count,gbm,4,2,auprc,0.047549931938890205
368,chexpert,Cardiomegaly,count,gbm,4,2,brier,0.5991249052726357
369,chexpert,Cardiomegaly,count,gbm,0,4,auroc,0.5339810712070078
370,chexpert,Cardiomegaly,count,gbm,0,4,auprc,0.04282320919427916
371,chexpert,Cardiomegaly,count,gbm,0,4,brier,0.39598164826490884
372,chexpert,Cardiomegaly,count,gbm,1,4,auroc,0.5596271801632129
373,chexpert,Cardiomegaly,count,gbm,1,4,auprc,0.04565092735388259
374,chexpert,Cardiomegaly,count,gbm,1,4,brier,0.41900890740636865
375,chexpert,Cardiomegaly,count,gbm,2,4,auroc,0.5606409689881906
376,chexpert,Cardiomegaly,count,gbm,2,4,auprc,0.05310646943767039
377,chexpert,Cardiomegaly,count,gbm,2,4,brier,0.34769955790802975
378,chexpert,Cardiomegaly,count,gbm,3,4,auroc,0.4597232785739144
379,chexpert,Cardiomegaly,count,gbm,3,4,auprc,0.03446126223035553
380,chexpert,Cardiomegaly,count,gbm,3,4,brier,0.31765923276602265
381,chexpert,Cardiomegaly,count,gbm,4,4,auroc,0.48185478579040475
382,chexpert,Cardiomegaly,count,gbm,4,4,auprc,0.03822015912320513
383,chexpert,Cardiomegaly,count,gbm,4,4,brier,0.416071235677663
384,chexpert,Cardiomegaly,count,gbm,0,8,auroc,0.5401624656035934
385,chexpert,Cardiomegaly,count,gbm,0,8,auprc,0.04633653091538138
386,chexpert,Cardiomegaly,count,gbm,0,8,brier,0.3964012308960112
387,chexpert,Cardiomegaly,count,gbm,1,8,auroc,0.5560210193657443
388,chexpert,Cardiomegaly,count,gbm,1,8,auprc,0.04513214602349826
389,chexpert,Cardiomegaly,count,gbm,1,8,brier,0.5960598530249266
390,chexpert,Cardiomegaly,count,gbm,2,8,auroc,0.6738845466529684
391,chexpert,Cardiomegaly,count,gbm,2,8,auprc,0.07487699984796523
392,chexpert,Cardiomegaly,count,gbm,2,8,brier,0.3835472254568249
393,chexpert,Cardiomegaly,count,gbm,3,8,auroc,0.6808828701803729
394,chexpert,Cardiomegaly,count,gbm,3,8,auprc,0.06605578936598086
395,chexpert,Cardiomegaly,count,gbm,3,8,brier,0.35777681231115954
396,chexpert,Cardiomegaly,count,gbm,4,8,auroc,0.6025558718691975
397,chexpert,Cardiomegaly,count,gbm,4,8,auprc,0.06424855789863676
398,chexpert,Cardiomegaly,count,gbm,4,8,brier,0.3879730647528547
399,chexpert,Cardiomegaly,count,gbm,0,12,auroc,0.6273353349718236
400,chexpert,Cardiomegaly,count,gbm,0,12,auprc,0.0943961530026166
401,chexpert,Cardiomegaly,count,gbm,0,12,brier,0.36541401648077587
402,chexpert,Cardiomegaly,count,gbm,1,12,auroc,0.501645438243647
403,chexpert,Cardiomegaly,count,gbm,1,12,auprc,0.037471317051941476
404,chexpert,Cardiomegaly,count,gbm,1,12,brier,0.5864614125709434
405,chexpert,Cardiomegaly,count,gbm,2,12,auroc,0.6454945995595901
406,chexpert,Cardiomegaly,count,gbm,2,12,auprc,0.057992386604632656
407,chexpert,Cardiomegaly,count,gbm,2,12,brier,0.45349607955994103
408,chexpert,Cardiomegaly,count,gbm,3,12,auroc,0.6459801868051818
409,chexpert,Cardiomegaly,count,gbm,3,12,auprc,0.07145804230234667
410,chexpert,Cardiomegaly,count,gbm,3,12,brier,0.3904669600928738
411,chexpert,Cardiomegaly,count,gbm,4,12,auroc,0.6019035328826714
412,chexpert,Cardiomegaly,count,gbm,4,12,auprc,0.05516108792935699
413,chexpert,Cardiomegaly,count,gbm,4,12,brier,0.5476861394367555
414,chexpert,Cardiomegaly,count,gbm,0,16,auroc,0.6322773624938895
415,chexpert,Cardiomegaly,count,gbm,0,16,auprc,0.07328934857674825
416,chexpert,Cardiomegaly,count,gbm,0,16,brier,0.4672542000210083
417,chexpert,Cardiomegaly,count,gbm,1,16,auroc,0.48319929890156926
418,chexpert,Cardiomegaly,count,gbm,1,16,auprc,0.03709686100000972
419,chexpert,Cardiomegaly,count,gbm,1,16,brier,0.5645475607687614
420,chexpert,Cardiomegaly,count,gbm,2,16,auroc,0.6047800004137913
421,chexpert,Cardiomegaly,count,gbm,2,16,auprc,0.049526396574515213
422,chexpert,Cardiomegaly,count,gbm,2,16,brier,0.398261600822385
423,chexpert,Cardiomegaly,count,gbm,3,16,auroc,0.7036793771637196
424,chexpert,Cardiomegaly,count,gbm,3,16,auprc,0.08556942976302438
425,chexpert,Cardiomegaly,count,gbm,3,16,brier,0.3782185253296051
426,chexpert,Cardiomegaly,count,gbm,4,16,auroc,0.5994564510844576
427,chexpert,Cardiomegaly,count,gbm,4,16,auprc,0.058449612145312246
428,chexpert,Cardiomegaly,count,gbm,4,16,brier,0.34554220515962303
429,chexpert,Cardiomegaly,count,gbm,0,24,auroc,0.6258580380669521
430,chexpert,Cardiomegaly,count,gbm,0,24,auprc,0.0806952682067341
431,chexpert,Cardiomegaly,count,gbm,0,24,brier,0.6164782243072608
432,chexpert,Cardiomegaly,count,gbm,1,24,auroc,0.5627199617582674
433,chexpert,Cardiomegaly,count,gbm,1,24,auprc,0.05308404349323667
434,chexpert,Cardiomegaly,count,gbm,1,24,brier,0.43283536595378624
435,chexpert,Cardiomegaly,count,gbm,2,24,auroc,0.6609226867905138
436,chexpert,Cardiomegaly,count,gbm,2,24,auprc,0.0797811144312696
437,chexpert,Cardiomegaly,count,gbm,2,24,brier,0.36687297358608756
438,chexpert,Cardiomegaly,count,gbm,3,24,auroc,0.6348197089441001
439,chexpert,Cardiomegaly,count,gbm,3,24,auprc,0.0921303035425286
440,chexpert,Cardiomegaly,count,gbm,3,24,brier,0.3535210805930692
441,chexpert,Cardiomegaly,count,gbm,4,24,auroc,0.6261466112186248
442,chexpert,Cardiomegaly,count,gbm,4,24,auprc,0.056211761794249554
443,chexpert,Cardiomegaly,count,gbm,4,24,brier,0.28714613197919103
444,chexpert,Cardiomegaly,count,gbm,0,32,auroc,0.6857330298451649
445,chexpert,Cardiomegaly,count,gbm,0,32,auprc,0.10305117648225093
446,chexpert,Cardiomegaly,count,gbm,0,32,brier,0.4431935804511658
447,chexpert,Cardiomegaly,count,gbm,1,32,auroc,0.6203399450398615
448,chexpert,Cardiomegaly,count,gbm,1,32,auprc,0.05249600654806466
449,chexpert,Cardiomegaly,count,gbm,1,32,brier,0.31259039831139307
450,chexpert,Cardiomegaly,count,gbm,2,32,auroc,0.6923990850887815
451,chexpert,Cardiomegaly,count,gbm,2,32,auprc,0.1079304306222463
452,chexpert,Cardiomegaly,count,gbm,2,32,brier,0.2601271697995143
453,chexpert,Cardiomegaly,count,gbm,3,32,auroc,0.747362929296953
454,chexpert,Cardiomegaly,count,gbm,3,32,auprc,0.12152757389693408
455,chexpert,Cardiomegaly,count,gbm,3,32,brier,0.34629588202574874
456,chexpert,Cardiomegaly,count,gbm,4,32,auroc,0.7097323109598817
457,chexpert,Cardiomegaly,count,gbm,4,32,auprc,0.1061062228909907
458,chexpert,Cardiomegaly,count,gbm,4,32,brier,0.1711675408934231
459,chexpert,Cardiomegaly,count,gbm,0,48,auroc,0.7190467852889144
460,chexpert,Cardiomegaly,count,gbm,0,48,auprc,0.10393754352025347
461,chexpert,Cardiomegaly,count,gbm,0,48,brier,0.25924545244756036
462,chexpert,Cardiomegaly,count,gbm,1,48,auroc,0.6645782555112223
463,chexpert,Cardiomegaly,count,gbm,1,48,auprc,0.05968904591407314
464,chexpert,Cardiomegaly,count,gbm,1,48,brier,0.23190375545492353
465,chexpert,Cardiomegaly,count,gbm,2,48,auroc,0.6875115606820392
466,chexpert,Cardiomegaly,count,gbm,2,48,auprc,0.1000183406888344
467,chexpert,Cardiomegaly,count,gbm,2,48,brier,0.3097501191731043
468,chexpert,Cardiomegaly,count,gbm,3,48,auroc,0.7792109678178404
469,chexpert,Cardiomegaly,count,gbm,3,48,auprc,0.14348965207104533
470,chexpert,Cardiomegaly,count,gbm,3,48,brier,0.304152046144707
471,chexpert,Cardiomegaly,count,gbm,4,48,auroc,0.6819400453379455
472,chexpert,Cardiomegaly,count,gbm,4,48,auprc,0.12607186597974113
473,chexpert,Cardiomegaly,count,gbm,4,48,brier,0.1602108611279018
474,chexpert,Cardiomegaly,count,gbm,0,64,auroc,0.7133498973395995
475,chexpert,Cardiomegaly,count,gbm,0,64,auprc,0.12707081410321722
476,chexpert,Cardiomegaly,count,gbm,0,64,brier,0.22491978002796878
477,chexpert,Cardiomegaly,count,gbm,1,64,auroc,0.7174995452927064
478,chexpert,Cardiomegaly,count,gbm,1,64,auprc,0.08308798180922101
479,chexpert,Cardiomegaly,count,gbm,1,64,brier,0.16674863022383668
480,chexpert,Cardiomegaly,count,gbm,2,64,auroc,0.7479050268547502
481,chexpert,Cardiomegaly,count,gbm,2,64,auprc,0.10541583784532077
482,chexpert,Cardiomegaly,count,gbm,2,64,brier,0.20151092100837814
483,chexpert,Cardiomegaly,count,gbm,3,64,auroc,0.7681704585703757
484,chexpert,Cardiomegaly,count,gbm,3,64,auprc,0.11616167513514114
485,chexpert,Cardiomegaly,count,gbm,3,64,brier,0.2484311276826628
486,chexpert,Cardiomegaly,count,gbm,4,64,auroc,0.6602453350428474
487,chexpert,Cardiomegaly,count,gbm,4,64,auprc,0.11554355788528382
488,chexpert,Cardiomegaly,count,gbm,4,64,brier,0.17577950913085202
489,chexpert,Cardiomegaly,count,gbm,0,128,auroc,0.7534953789695792
490,chexpert,Cardiomegaly,count,gbm,0,128,auprc,0.10832342241520654
491,chexpert,Cardiomegaly,count,gbm,0,128,brier,0.1728987475090788
492,chexpert,Cardiomegaly,count,gbm,1,128,auroc,0.7415077815935105
493,chexpert,Cardiomegaly,count,gbm,1,128,auprc,0.09120753498042039
494,chexpert,Cardiomegaly,count,gbm,1,128,brier,0.1910816361335574
495,chexpert,Cardiomegaly,count,gbm,2,128,auroc,0.7579762144081532
496,chexpert,Cardiomegaly,count,gbm,2,128,auprc,0.12577397705619467
497,chexpert,Cardiomegaly,count,gbm,2,128,brier,0.18861873196497755
498,chexpert,Cardiomegaly,count,gbm,3,128,auroc,0.783361387769748
499,chexpert,Cardiomegaly,count,gbm,3,128,auprc,0.12765040656835352
500,chexpert,Cardiomegaly,count,gbm,3,128,brier,0.16344197194928256
501,chexpert,Cardiomegaly,count,gbm,4,128,auroc,0.7687514648677243
502,chexpert,Cardiomegaly,count,gbm,4,128,auprc,0.11600998783619615
503,chexpert,Cardiomegaly,count,gbm,4,128,brier,0.12793793225137712
504,chexpert,Lung Lesion,count,gbm,0,-1,auroc,0.7087214247233198
505,chexpert,Lung Lesion,count,gbm,0,-1,auprc,0.27786909394134557
506,chexpert,Lung Lesion,count,gbm,0,-1,brier,0.10467908133712894
507,chexpert,Lung Lesion,count,gbm,0,1,auroc,0.42133911128774704
508,chexpert,Lung Lesion,count,gbm,0,1,auprc,0.11448698562215176
509,chexpert,Lung Lesion,count,gbm,0,1,brier,0.6834911652314009
510,chexpert,Lung Lesion,count,gbm,1,1,auroc,0.5274827414357739
511,chexpert,Lung Lesion,count,gbm,1,1,auprc,0.13604712121815649
512,chexpert,Lung Lesion,count,gbm,1,1,brier,0.4429692924436236
513,chexpert,Lung Lesion,count,gbm,2,1,auroc,0.5274827414357739
514,chexpert,Lung Lesion,count,gbm,2,1,auprc,0.13604712121815649
515,chexpert,Lung Lesion,count,gbm,2,1,brier,0.4429692924436236
516,chexpert,Lung Lesion,count,gbm,3,1,auroc,0.5580655338270457
517,chexpert,Lung Lesion,count,gbm,3,1,auprc,0.14645195264111854
518,chexpert,Lung Lesion,count,gbm,3,1,brier,0.301593840499663
519,chexpert,Lung Lesion,count,gbm,4,1,auroc,0.4419344661729543
520,chexpert,Lung Lesion,count,gbm,4,1,auprc,0.11817694021155045
521,chexpert,Lung Lesion,count,gbm,4,1,brier,0.5729612664388497
522,chexpert,Lung Lesion,count,gbm,0,2,auroc,0.527299115768713
523,chexpert,Lung Lesion,count,gbm,0,2,auprc,0.13757455056191017
524,chexpert,Lung Lesion,count,gbm,0,2,brier,0.19372620671125163
525,chexpert,Lung Lesion,count,gbm,1,2,auroc,0.5274827414357739
526,chexpert,Lung Lesion,count,gbm,1,2,auprc,0.13604712121815649
527,chexpert,Lung Lesion,count,gbm,1,2,brier,0.4429692924436242
528,chexpert,Lung Lesion,count,gbm,2,2,auroc,0.5224110754608056
529,chexpert,Lung Lesion,count,gbm,2,2,auprc,0.13457423536585417
530,chexpert,Lung Lesion,count,gbm,2,2,brier,0.6511767762156393
531,chexpert,Lung Lesion,count,gbm,3,2,auroc,0.5107785018763795
532,chexpert,Lung Lesion,count,gbm,3,2,auprc,0.13179457501589725
533,chexpert,Lung Lesion,count,gbm,3,2,brier,0.5181553282501853
534,chexpert,Lung Lesion,count,gbm,4,2,auroc,0.4661559158293919
535,chexpert,Lung Lesion,count,gbm,4,2,auprc,0.1221829472895343
536,chexpert,Lung Lesion,count,gbm,4,2,brier,0.6975369081842758
537,chexpert,Lung Lesion,count,gbm,0,4,auroc,0.5098588245898702
538,chexpert,Lung Lesion,count,gbm,0,4,auprc,0.13334883835008304
539,chexpert,Lung Lesion,count,gbm,0,4,brier,0.2054081711666551
540,chexpert,Lung Lesion,count,gbm,1,4,auroc,0.47216599640383494
541,chexpert,Lung Lesion,count,gbm,1,4,auprc,0.12202076874238586
542,chexpert,Lung Lesion,count,gbm,1,4,brier,0.3803601637255845
543,chexpert,Lung Lesion,count,gbm,2,4,auroc,0.5355928500812099
544,chexpert,Lung Lesion,count,gbm,2,4,auprc,0.13796376208617267
545,chexpert,Lung Lesion,count,gbm,2,4,brier,0.4312186055288017
546,chexpert,Lung Lesion,count,gbm,3,4,auroc,0.5381355783998654
547,chexpert,Lung Lesion,count,gbm,3,4,auprc,0.13949399287861633
548,chexpert,Lung Lesion,count,gbm,3,4,brier,0.25723931935854105
549,chexpert,Lung Lesion,count,gbm,4,4,auroc,0.5115157526838577
550,chexpert,Lung Lesion,count,gbm,4,4,auprc,0.13446467958660538
551,chexpert,Lung Lesion,count,gbm,4,4,brier,0.5329354891352359
552,chexpert,Lung Lesion,count,gbm,0,8,auroc,0.4713835262144003
553,chexpert,Lung Lesion,count,gbm,0,8,auprc,0.12276426150821403
554,chexpert,Lung Lesion,count,gbm,0,8,brier,0.5528528953670832
555,chexpert,Lung Lesion,count,gbm,1,8,auroc,0.5109767176644694
556,chexpert,Lung Lesion,count,gbm,1,8,auprc,0.13230216542321183
557,chexpert,Lung Lesion,count,gbm,1,8,brier,0.41132511036238967
558,chexpert,Lung Lesion,count,gbm,2,8,auroc,0.5484503942380614
559,chexpert,Lung Lesion,count,gbm,2,8,auprc,0.14230428674838086
560,chexpert,Lung Lesion,count,gbm,2,8,brier,0.4118116665786753
561,chexpert,Lung Lesion,count,gbm,3,8,auroc,0.5478565962986461
562,chexpert,Lung Lesion,count,gbm,3,8,auprc,0.15022394699836694
563,chexpert,Lung Lesion,count,gbm,3,8,brier,0.29706035796123265
564,chexpert,Lung Lesion,count,gbm,4,8,auroc,0.5775966093358187
565,chexpert,Lung Lesion,count,gbm,4,8,auprc,0.164833916455976
566,chexpert,Lung Lesion,count,gbm,4,8,brier,0.5396444447162181
567,chexpert,Lung Lesion,count,gbm,0,12,auroc,0.5153554028567257
568,chexpert,Lung Lesion,count,gbm,0,12,auprc,0.14025061179840667
569,chexpert,Lung Lesion,count,gbm,0,12,brier,0.479202921971755
570,chexpert,Lung Lesion,count,gbm,1,12,auroc,0.5169157963143156
571,chexpert,Lung Lesion,count,gbm,1,12,auprc,0.13420641879671708
572,chexpert,Lung Lesion,count,gbm,1,12,brier,0.3150898714721415
573,chexpert,Lung Lesion,count,gbm,2,12,auroc,0.5714695079961358
574,chexpert,Lung Lesion,count,gbm,2,12,auprc,0.14920488032872817
575,chexpert,Lung Lesion,count,gbm,2,12,brier,0.4838253137484968
576,chexpert,Lung Lesion,count,gbm,3,12,auroc,0.531251389684045
577,chexpert,Lung Lesion,count,gbm,3,12,auprc,0.1524476571632182
578,chexpert,Lung Lesion,count,gbm,3,12,brier,0.6040041791185948
579,chexpert,Lung Lesion,count,gbm,4,12,auroc,0.5488139980419258
580,chexpert,Lung Lesion,count,gbm,4,12,auprc,0.15084476922483256
581,chexpert,Lung Lesion,count,gbm,4,12,brier,0.33903344256297446
582,chexpert,Lung Lesion,count,gbm,0,16,auroc,0.5717977357531215
583,chexpert,Lung Lesion,count,gbm,0,16,auprc,0.17478012559474893
584,chexpert,Lung Lesion,count,gbm,0,16,brier,0.45674232100320267
585,chexpert,Lung Lesion,count,gbm,1,16,auroc,0.4943759080726441
586,chexpert,Lung Lesion,count,gbm,1,16,auprc,0.13355549948663914
587,chexpert,Lung Lesion,count,gbm,1,16,brier,0.30855652023824387
588,chexpert,Lung Lesion,count,gbm,2,16,auroc,0.5735809783195798
589,chexpert,Lung Lesion,count,gbm,2,16,auprc,0.15954577274810522
590,chexpert,Lung Lesion,count,gbm,2,16,brier,0.36108169300595355
591,chexpert,Lung Lesion,count,gbm,3,16,auroc,0.5196737788843174
592,chexpert,Lung Lesion,count,gbm,3,16,auprc,0.13854918541316064
593,chexpert,Lung Lesion,count,gbm,3,16,brier,0.4220079279373446
594,chexpert,Lung Lesion,count,gbm,4,16,auroc,0.5834125213817724
595,chexpert,Lung Lesion,count,gbm,4,16,auprc,0.17518532436367557
596,chexpert,Lung Lesion,count,gbm,4,16,brier,0.5535203042853583
597,chexpert,Lung Lesion,count,gbm,0,24,auroc,0.5983048377943295
598,chexpert,Lung Lesion,count,gbm,0,24,auprc,0.179308953617692
599,chexpert,Lung Lesion,count,gbm,0,24,brier,0.6067854130484597
600,chexpert,Lung Lesion,count,gbm,1,24,auroc,0.5843061163286338
601,chexpert,Lung Lesion,count,gbm,1,24,auprc,0.17242273985804146
602,chexpert,Lung Lesion,count,gbm,1,24,brier,0.3839989330470774
603,chexpert,Lung Lesion,count,gbm,2,24,auroc,0.5475831814278552
604,chexpert,Lung Lesion,count,gbm,2,24,auprc,0.16209023727255922
605,chexpert,Lung Lesion,count,gbm,2,24,brier,0.5191192891384994
606,chexpert,Lung Lesion,count,gbm,3,24,auroc,0.5611274605964301
607,chexpert,Lung Lesion,count,gbm,3,24,auprc,0.1587359272445081
608,chexpert,Lung Lesion,count,gbm,3,24,brier,0.3276430762540634
609,chexpert,Lung Lesion,count,gbm,4,24,auroc,0.5566455453012765
610,chexpert,Lung Lesion,count,gbm,4,24,auprc,0.1606630996080542
611,chexpert,Lung Lesion,count,gbm,4,24,brier,0.46109711301728734
612,chexpert,Lung Lesion,count,gbm,0,32,auroc,0.6573550548923324
613,chexpert,Lung Lesion,count,gbm,0,32,auprc,0.21613447084091142
614,chexpert,Lung Lesion,count,gbm,0,32,brier,0.5879521578006565
615,chexpert,Lung Lesion,count,gbm,1,32,auroc,0.5483101392047445
616,chexpert,Lung Lesion,count,gbm,1,32,auprc,0.14293245854742342
617,chexpert,Lung Lesion,count,gbm,1,32,brier,0.3500048638710288
618,chexpert,Lung Lesion,count,gbm,2,32,auroc,0.5901265752958671
619,chexpert,Lung Lesion,count,gbm,2,32,auprc,0.17496610969178591
620,chexpert,Lung Lesion,count,gbm,2,32,brier,0.27708802236846275
621,chexpert,Lung Lesion,count,gbm,3,32,auroc,0.583859918449218
622,chexpert,Lung Lesion,count,gbm,3,32,auprc,0.17246456418376865
623,chexpert,Lung Lesion,count,gbm,3,32,brier,0.359643798662981
624,chexpert,Lung Lesion,count,gbm,4,32,auroc,0.5904551028498604
625,chexpert,Lung Lesion,count,gbm,4,32,auprc,0.16933582087335403
626,chexpert,Lung Lesion,count,gbm,4,32,brier,0.40629858340127445
627,chexpert,Lung Lesion,count,gbm,0,48,auroc,0.604170116414176
628,chexpert,Lung Lesion,count,gbm,0,48,auprc,0.1802720077190616
629,chexpert,Lung Lesion,count,gbm,0,48,brier,0.41074071699737436
630,chexpert,Lung Lesion,count,gbm,1,48,auroc,0.5853869345066456
631,chexpert,Lung Lesion,count,gbm,1,48,auprc,0.16286676862671087
632,chexpert,Lung Lesion,count,gbm,1,48,brier,0.2810813040594348
633,chexpert,Lung Lesion,count,gbm,2,48,auroc,0.6556927304522109
634,chexpert,Lung Lesion,count,gbm,2,48,auprc,0.22158329667872248
635,chexpert,Lung Lesion,count,gbm,2,48,brier,0.4171126545193943
636,chexpert,Lung Lesion,count,gbm,3,48,auroc,0.6400971901925206
637,chexpert,Lung Lesion,count,gbm,3,48,auprc,0.21222245306874357
638,chexpert,Lung Lesion,count,gbm,3,48,brier,0.2913541814586806
639,chexpert,Lung Lesion,count,gbm,4,48,auroc,0.6078241922394346
640,chexpert,Lung Lesion,count,gbm,4,48,auprc,0.19103322058860087
641,chexpert,Lung Lesion,count,gbm,4,48,brier,0.3066285618014378
642,chexpert,Lung Lesion,count,gbm,0,64,auroc,0.6470396894262894
643,chexpert,Lung Lesion,count,gbm,0,64,auprc,0.21669650591702305
644,chexpert,Lung Lesion,count,gbm,0,64,brier,0.26327243833739594
645,chexpert,Lung Lesion,count,gbm,1,64,auroc,0.5843273019838268
646,chexpert,Lung Lesion,count,gbm,1,64,auprc,0.1735474860563323
647,chexpert,Lung Lesion,count,gbm,1,64,brier,0.3394645425996663
648,chexpert,Lung Lesion,count,gbm,2,64,auroc,0.627578166823244
649,chexpert,Lung Lesion,count,gbm,2,64,auprc,0.21113446255299112
650,chexpert,Lung Lesion,count,gbm,2,64,brier,0.45154982236684116
651,chexpert,Lung Lesion,count,gbm,3,64,auroc,0.6597923046305346
652,chexpert,Lung Lesion,count,gbm,3,64,auprc,0.21034043027093052
653,chexpert,Lung Lesion,count,gbm,3,64,brier,0.23019371262919333
654,chexpert,Lung Lesion,count,gbm,4,64,auroc,0.6492497429990154
655,chexpert,Lung Lesion,count,gbm,4,64,auprc,0.2036810451162335
656,chexpert,Lung Lesion,count,gbm,4,64,brier,0.3336886987191884
657,chexpert,Lung Lesion,count,gbm,0,128,auroc,0.668821041272954
658,chexpert,Lung Lesion,count,gbm,0,128,auprc,0.24114333068979438
659,chexpert,Lung Lesion,count,gbm,0,128,brier,0.22381261241229017
660,chexpert,Lung Lesion,count,gbm,1,128,auroc,0.6803472868520725
661,chexpert,Lung Lesion,count,gbm,1,128,auprc,0.24936333424572515
662,chexpert,Lung Lesion,count,gbm,1,128,brier,0.20472237900456083
663,chexpert,Lung Lesion,count,gbm,2,128,auroc,0.6540501926145806
664,chexpert,Lung Lesion,count,gbm,2,128,auprc,0.22715704633609352
665,chexpert,Lung Lesion,count,gbm,2,128,brier,0.2628119889870644
666,chexpert,Lung Lesion,count,gbm,3,128,auroc,0.6698295084398354
667,chexpert,Lung Lesion,count,gbm,3,128,auprc,0.24444711130192204
668,chexpert,Lung Lesion,count,gbm,3,128,brier,0.21652988826694713
669,chexpert,Lung Lesion,count,gbm,4,128,auroc,0.6423349749884353
670,chexpert,Lung Lesion,count,gbm,4,128,auprc,0.21534554596845107
671,chexpert,Lung Lesion,count,gbm,4,128,brier,0.2664080484551962
672,chexpert,Lung Opacity,count,gbm,0,-1,auroc,0.6748390723969014
673,chexpert,Lung Opacity,count,gbm,0,-1,auprc,0.36224487873751204
674,chexpert,Lung Opacity,count,gbm,0,-1,brier,0.14461571105904647
675,chexpert,Lung Opacity,count,gbm,0,1,auroc,0.5135955661520752
676,chexpert,Lung Opacity,count,gbm,0,1,auprc,0.1975624792544731
677,chexpert,Lung Opacity,count,gbm,0,1,brier,0.44352010589275587
678,chexpert,Lung Opacity,count,gbm,1,1,auroc,0.5135955661520752
679,chexpert,Lung Opacity,count,gbm,1,1,auprc,0.1975624792544731
680,chexpert,Lung Opacity,count,gbm,1,1,brier,0.44352010589275587
681,chexpert,Lung Opacity,count,gbm,2,1,auroc,0.5135955661520752
682,chexpert,Lung Opacity,count,gbm,2,1,auprc,0.1975624792544731
683,chexpert,Lung Opacity,count,gbm,2,1,brier,0.44352010589275587
684,chexpert,Lung Opacity,count,gbm,3,1,auroc,0.5208755599321905
685,chexpert,Lung Opacity,count,gbm,3,1,auprc,0.20153156661428703
686,chexpert,Lung Opacity,count,gbm,3,1,brier,0.22246030830765384
687,chexpert,Lung Opacity,count,gbm,4,1,auroc,0.5135955661520752
688,chexpert,Lung Opacity,count,gbm,4,1,auprc,0.1975624792544731
689,chexpert,Lung Opacity,count,gbm,4,1,brier,0.44352010589275587
690,chexpert,Lung Opacity,count,gbm,0,2,auroc,0.5134451945219103
691,chexpert,Lung Opacity,count,gbm,0,2,auprc,0.19752278978801774
692,chexpert,Lung Opacity,count,gbm,0,2,brier,0.42681209793574293
693,chexpert,Lung Opacity,count,gbm,1,2,auroc,0.5135955661520752
694,chexpert,Lung Opacity,count,gbm,1,2,auprc,0.1975624792544731
695,chexpert,Lung Opacity,count,gbm,1,2,brier,0.44352010589275653
696,chexpert,Lung Opacity,count,gbm,2,2,auroc,0.49774521963678797
697,chexpert,Lung Opacity,count,gbm,2,2,auprc,0.19245981415700888
698,chexpert,Lung Opacity,count,gbm,2,2,brier,0.26643358199671724
699,chexpert,Lung Opacity,count,gbm,3,2,auroc,0.5102748653350945
700,chexpert,Lung Opacity,count,gbm,3,2,auprc,0.1964856626820244
701,chexpert,Lung Opacity,count,gbm,3,2,brier,0.37494383147578325
702,chexpert,Lung Opacity,count,gbm,4,2,auroc,0.4911912400115302
703,chexpert,Lung Opacity,count,gbm,4,2,auprc,0.19058113775426103
704,chexpert,Lung Opacity,count,gbm,4,2,brier,0.2925054185889801
705,chexpert,Lung Opacity,count,gbm,0,4,auroc,0.516347518582952
706,chexpert,Lung Opacity,count,gbm,0,4,auprc,0.2003412194512939
707,chexpert,Lung Opacity,count,gbm,0,4,brier,0.3541047226502775
708,chexpert,Lung Opacity,count,gbm,1,4,auroc,0.5121917968124824
709,chexpert,Lung Opacity,count,gbm,1,4,auprc,0.20168543522184307
710,chexpert,Lung Opacity,count,gbm,1,4,brier,0.28415141461047344
711,chexpert,Lung Opacity,count,gbm,2,4,auroc,0.4897134038008144
712,chexpert,Lung Opacity,count,gbm,2,4,auprc,0.1895043842901538
713,chexpert,Lung Opacity,count,gbm,2,4,brier,0.589118460946732
714,chexpert,Lung Opacity,count,gbm,3,4,auroc,0.49290192485071305
715,chexpert,Lung Opacity,count,gbm,3,4,auprc,0.18882280207856966
716,chexpert,Lung Opacity,count,gbm,3,4,brier,0.37615682656084753
717,chexpert,Lung Opacity,count,gbm,4,4,auroc,0.5487119980462516
718,chexpert,Lung Opacity,count,gbm,4,4,auprc,0.21862754886987473
719,chexpert,Lung Opacity,count,gbm,4,4,brier,0.4962032732322454
720,chexpert,Lung Opacity,count,gbm,0,8,auroc,0.5252432674405283
721,chexpert,Lung Opacity,count,gbm,0,8,auprc,0.23853117401914323
722,chexpert,Lung Opacity,count,gbm,0,8,brier,0.505799022397366
723,chexpert,Lung Opacity,count,gbm,1,8,auroc,0.5750998729673751
724,chexpert,Lung Opacity,count,gbm,1,8,auprc,0.24273621316300822
725,chexpert,Lung Opacity,count,gbm,1,8,brier,0.398741239986349
726,chexpert,Lung Opacity,count,gbm,2,8,auroc,0.503543839899477
727,chexpert,Lung Opacity,count,gbm,2,8,auprc,0.19472798171245986
728,chexpert,Lung Opacity,count,gbm,2,8,brier,0.5877630737044699
729,chexpert,Lung Opacity,count,gbm,3,8,auroc,0.5599772009754016
730,chexpert,Lung Opacity,count,gbm,3,8,auprc,0.22947352219376974
731,chexpert,Lung Opacity,count,gbm,3,8,brier,0.3817371973484152
732,chexpert,Lung Opacity,count,gbm,4,8,auroc,0.5678579954718144
733,chexpert,Lung Opacity,count,gbm,4,8,auprc,0.22149433761922427
734,chexpert,Lung Opacity,count,gbm,4,8,brier,0.33748992248795673
735,chexpert,Lung Opacity,count,gbm,0,12,auroc,0.5670395782028851
736,chexpert,Lung Opacity,count,gbm,0,12,auprc,0.2642268193049503
737,chexpert,Lung Opacity,count,gbm,0,12,brier,0.47931405408353517
738,chexpert,Lung Opacity,count,gbm,1,12,auroc,0.6083752450036084
739,chexpert,Lung Opacity,count,gbm,1,12,auprc,0.270203430565465
740,chexpert,Lung Opacity,count,gbm,1,12,brier,0.3846437146489666
741,chexpert,Lung Opacity,count,gbm,2,12,auroc,0.5710475271807731
742,chexpert,Lung Opacity,count,gbm,2,12,auprc,0.24840022060444264
743,chexpert,Lung Opacity,count,gbm,2,12,brier,0.5231491002488516
744,chexpert,Lung Opacity,count,gbm,3,12,auroc,0.5695925029888436
745,chexpert,Lung Opacity,count,gbm,3,12,auprc,0.24342354199965724
746,chexpert,Lung Opacity,count,gbm,3,12,brier,0.3722176509416293
747,chexpert,Lung Opacity,count,gbm,4,12,auroc,0.506071859158596
748,chexpert,Lung Opacity,count,gbm,4,12,auprc,0.2046487954886732
749,chexpert,Lung Opacity,count,gbm,4,12,brier,0.5113576951748283
750,chexpert,Lung Opacity,count,gbm,0,16,auroc,0.5923395869306479
751,chexpert,Lung Opacity,count,gbm,0,16,auprc,0.24537714381074263
752,chexpert,Lung Opacity,count,gbm,0,16,brier,0.34054960890932917
753,chexpert,Lung Opacity,count,gbm,1,16,auroc,0.5981721003668188
754,chexpert,Lung Opacity,count,gbm,1,16,auprc,0.2601279576073309
755,chexpert,Lung Opacity,count,gbm,1,16,brier,0.35551883153034686
756,chexpert,Lung Opacity,count,gbm,2,16,auroc,0.5744717844564534
757,chexpert,Lung Opacity,count,gbm,2,16,auprc,0.23425215975472624
758,chexpert,Lung Opacity,count,gbm,2,16,brier,0.511024369116083
759,chexpert,Lung Opacity,count,gbm,3,16,auroc,0.5165090796527115
760,chexpert,Lung Opacity,count,gbm,3,16,auprc,0.19575262568169052
761,chexpert,Lung Opacity,count,gbm,3,16,brier,0.5384757436262911
762,chexpert,Lung Opacity,count,gbm,4,16,auroc,0.5642898636599272
763,chexpert,Lung Opacity,count,gbm,4,16,auprc,0.25249851327800554
764,chexpert,Lung Opacity,count,gbm,4,16,brier,0.5389156457975123
765,chexpert,Lung Opacity,count,gbm,0,24,auroc,0.5533176435733238
766,chexpert,Lung Opacity,count,gbm,0,24,auprc,0.22426742627386823
767,chexpert,Lung Opacity,count,gbm,0,24,brier,0.49472558729760874
768,chexpert,Lung Opacity,count,gbm,1,24,auroc,0.5313150905041579
769,chexpert,Lung Opacity,count,gbm,1,24,auprc,0.2123541449575373
770,chexpert,Lung Opacity,count,gbm,1,24,brier,0.4424184789944921
771,chexpert,Lung Opacity,count,gbm,2,24,auroc,0.5958885523153584
772,chexpert,Lung Opacity,count,gbm,2,24,auprc,0.2456012569788198
773,chexpert,Lung Opacity,count,gbm,2,24,brier,0.5059288380030631
774,chexpert,Lung Opacity,count,gbm,3,24,auroc,0.5475864126129674
775,chexpert,Lung Opacity,count,gbm,3,24,auprc,0.23356078820237125
776,chexpert,Lung Opacity,count,gbm,3,24,brier,0.39508663891678386
777,chexpert,Lung Opacity,count,gbm,4,24,auroc,0.555111238550406
778,chexpert,Lung Opacity,count,gbm,4,24,auprc,0.23915359739182138
779,chexpert,Lung Opacity,count,gbm,4,24,brier,0.5505658854050602
780,chexpert,Lung Opacity,count,gbm,0,32,auroc,0.5769492707625646
781,chexpert,Lung Opacity,count,gbm,0,32,auprc,0.2422292526369357
782,chexpert,Lung Opacity,count,gbm,0,32,brier,0.30600907116548093
783,chexpert,Lung Opacity,count,gbm,1,32,auroc,0.5767157363297354
784,chexpert,Lung Opacity,count,gbm,1,32,auprc,0.23971711153591785
785,chexpert,Lung Opacity,count,gbm,1,32,brier,0.2729604330030603
786,chexpert,Lung Opacity,count,gbm,2,32,auroc,0.6064212079007262
787,chexpert,Lung Opacity,count,gbm,2,32,auprc,0.2583450149889611
788,chexpert,Lung Opacity,count,gbm,2,32,brier,0.3018716412271168
789,chexpert,Lung Opacity,count,gbm,3,32,auroc,0.5372315247372883
790,chexpert,Lung Opacity,count,gbm,3,32,auprc,0.21746746880561074
791,chexpert,Lung Opacity,count,gbm,3,32,brier,0.3830258253709119
792,chexpert,Lung Opacity,count,gbm,4,32,auroc,0.6206644982254632
793,chexpert,Lung Opacity,count,gbm,4,32,auprc,0.30389049067626817
794,chexpert,Lung Opacity,count,gbm,4,32,brier,0.43921349843486873
795,chexpert,Lung Opacity,count,gbm,0,48,auroc,0.6176306441067351
796,chexpert,Lung Opacity,count,gbm,0,48,auprc,0.2756238168953442
797,chexpert,Lung Opacity,count,gbm,0,48,brier,0.25598336447976083
798,chexpert,Lung Opacity,count,gbm,1,48,auroc,0.5511341507688192
799,chexpert,Lung Opacity,count,gbm,1,48,auprc,0.22094109747008908
800,chexpert,Lung Opacity,count,gbm,1,48,brier,0.3926315921960464
801,chexpert,Lung Opacity,count,gbm,2,48,auroc,0.5970520735583653
802,chexpert,Lung Opacity,count,gbm,2,48,auprc,0.26842216319787005
803,chexpert,Lung Opacity,count,gbm,2,48,brier,0.3591436300194649
804,chexpert,Lung Opacity,count,gbm,3,48,auroc,0.556035377976021
805,chexpert,Lung Opacity,count,gbm,3,48,auprc,0.23130367796297036
806,chexpert,Lung Opacity,count,gbm,3,48,brier,0.40120676247037973
807,chexpert,Lung Opacity,count,gbm,4,48,auroc,0.6094325387603993
808,chexpert,Lung Opacity,count,gbm,4,48,auprc,0.2907391370549086
809,chexpert,Lung Opacity,count,gbm,4,48,brier,0.44498376196094835
810,chexpert,Lung Opacity,count,gbm,0,64,auroc,0.6191603487842168
811,chexpert,Lung Opacity,count,gbm,0,64,auprc,0.29215494778563167
812,chexpert,Lung Opacity,count,gbm,0,64,brier,0.3507170357318457
813,chexpert,Lung Opacity,count,gbm,1,64,auroc,0.5908392274608772
814,chexpert,Lung Opacity,count,gbm,1,64,auprc,0.257139423033544
815,chexpert,Lung Opacity,count,gbm,1,64,brier,0.2883011504072862
816,chexpert,Lung Opacity,count,gbm,2,64,auroc,0.6066590737295275
817,chexpert,Lung Opacity,count,gbm,2,64,auprc,0.2746764808536856
818,chexpert,Lung Opacity,count,gbm,2,64,brier,0.3586487110427482
819,chexpert,Lung Opacity,count,gbm,3,64,auroc,0.6003033637548929
820,chexpert,Lung Opacity,count,gbm,3,64,auprc,0.2723924823476995
821,chexpert,Lung Opacity,count,gbm,3,64,brier,0.25919996630676373
822,chexpert,Lung Opacity,count,gbm,4,64,auroc,0.6126207349555999
823,chexpert,Lung Opacity,count,gbm,4,64,auprc,0.28153010764285613
824,chexpert,Lung Opacity,count,gbm,4,64,brier,0.40667875446508067
825,chexpert,Lung Opacity,count,gbm,0,128,auroc,0.5792018493328243
826,chexpert,Lung Opacity,count,gbm,0,128,auprc,0.239751983729151
827,chexpert,Lung Opacity,count,gbm,0,128,brier,0.2845549737029823
828,chexpert,Lung Opacity,count,gbm,1,128,auroc,0.6065569971644516
829,chexpert,Lung Opacity,count,gbm,1,128,auprc,0.25833426506561574
830,chexpert,Lung Opacity,count,gbm,1,128,brier,0.42716134037532977
831,chexpert,Lung Opacity,count,gbm,2,128,auroc,0.6018633160142466
832,chexpert,Lung Opacity,count,gbm,2,128,auprc,0.25545951322031496
833,chexpert,Lung Opacity,count,gbm,2,128,brier,0.34000424382970795
834,chexpert,Lung Opacity,count,gbm,3,128,auroc,0.6118115940930443
835,chexpert,Lung Opacity,count,gbm,3,128,auprc,0.28613086350350364
836,chexpert,Lung Opacity,count,gbm,3,128,brier,0.29427692238629327
837,chexpert,Lung Opacity,count,gbm,4,128,auroc,0.5815491050000408
838,chexpert,Lung Opacity,count,gbm,4,128,auprc,0.25829587066916904
839,chexpert,Lung Opacity,count,gbm,4,128,brier,0.24660480593710696
840,chexpert,Edema,count,gbm,0,-1,auroc,0.671084576080767
841,chexpert,Edema,count,gbm,0,-1,auprc,0.13811847838150793
842,chexpert,Edema,count,gbm,0,-1,brier,0.06853484390481178
843,chexpert,Edema,count,gbm,0,1,auroc,0.5066933940727745
844,chexpert,Edema,count,gbm,0,1,auprc,0.07690062091681421
845,chexpert,Edema,count,gbm,0,1,brier,0.5649744714264312
846,chexpert,Edema,count,gbm,1,1,auroc,0.5066933940727745
847,chexpert,Edema,count,gbm,1,1,auprc,0.07690062091681421
848,chexpert,Edema,count,gbm,1,1,brier,0.5649744714264312
849,chexpert,Edema,count,gbm,2,1,auroc,0.5383129158522759
850,chexpert,Edema,count,gbm,2,1,auprc,0.0820457929802866
851,chexpert,Edema,count,gbm,2,1,brier,0.4467331843460277
852,chexpert,Edema,count,gbm,3,1,auroc,0.5066933940727745
853,chexpert,Edema,count,gbm,3,1,auprc,0.07690062091681421
854,chexpert,Edema,count,gbm,3,1,brier,0.5649744714264312
855,chexpert,Edema,count,gbm,4,1,auroc,0.4616870841477241
856,chexpert,Edema,count,gbm,4,1,auprc,0.07136919316684753
857,chexpert,Edema,count,gbm,4,1,brier,0.4278219225924849
858,chexpert,Edema,count,gbm,0,2,auroc,0.5114399454165832
859,chexpert,Edema,count,gbm,0,2,auprc,0.0775965624009247
860,chexpert,Edema,count,gbm,0,2,brier,0.5983904873404593
861,chexpert,Edema,count,gbm,1,2,auroc,0.4957597175410786
862,chexpert,Edema,count,gbm,1,2,auprc,0.07535961086943083
863,chexpert,Edema,count,gbm,1,2,brier,0.3897239923608337
864,chexpert,Edema,count,gbm,2,2,auroc,0.5204303061083153
865,chexpert,Edema,count,gbm,2,2,auprc,0.0789280287966529
866,chexpert,Edema,count,gbm,2,2,brier,0.7470183163646622
867,chexpert,Edema,count,gbm,3,2,auroc,0.45880433332820336
868,chexpert,Edema,count,gbm,3,2,auprc,0.0733943308217714
869,chexpert,Edema,count,gbm,3,2,brier,0.1802312772075099
870,chexpert,Edema,count,gbm,4,2,auroc,0.502814457423396
871,chexpert,Edema,count,gbm,4,2,auprc,0.07634578499978943
872,chexpert,Edema,count,gbm,4,2,brier,0.29232181410593605
873,chexpert,Edema,count,gbm,0,4,auroc,0.5330249068901304
874,chexpert,Edema,count,gbm,0,4,auprc,0.08089696143026108
875,chexpert,Edema,count,gbm,0,4,brier,0.5642162468953688
876,chexpert,Edema,count,gbm,1,4,auroc,0.5169931123064059
877,chexpert,Edema,count,gbm,1,4,auprc,0.07831821259834432
878,chexpert,Edema,count,gbm,1,4,brier,0.6461276529319266
879,chexpert,Edema,count,gbm,2,4,auroc,0.43964314616454025
880,chexpert,Edema,count,gbm,2,4,auprc,0.06769347736186142
881,chexpert,Edema,count,gbm,2,4,brier,0.5299978174065302
882,chexpert,Edema,count,gbm,3,4,auroc,0.42483205595826207
883,chexpert,Edema,count,gbm,3,4,auprc,0.06587133938283163
884,chexpert,Edema,count,gbm,3,4,brier,0.641537540855824
885,chexpert,Edema,count,gbm,4,4,auroc,0.49530266478907914
886,chexpert,Edema,count,gbm,4,4,auprc,0.07597153664119988
887,chexpert,Edema,count,gbm,4,4,brier,0.3323596507878813
888,chexpert,Edema,count,gbm,0,8,auroc,0.5560772145015416
889,chexpert,Edema,count,gbm,0,8,auprc,0.0857503786786226
890,chexpert,Edema,count,gbm,0,8,brier,0.5228372425678101
891,chexpert,Edema,count,gbm,1,8,auroc,0.6182708560977987
892,chexpert,Edema,count,gbm,1,8,auprc,0.10878002112660574
893,chexpert,Edema,count,gbm,1,8,brier,0.5465224651189665
894,chexpert,Edema,count,gbm,2,8,auroc,0.4528038927877044
895,chexpert,Edema,count,gbm,2,8,auprc,0.07133338203846419
896,chexpert,Edema,count,gbm,2,8,brier,0.40334781436373257
897,chexpert,Edema,count,gbm,3,8,auroc,0.5267113747941581
898,chexpert,Edema,count,gbm,3,8,auprc,0.08552003071155952
899,chexpert,Edema,count,gbm,3,8,brier,0.4546423098801353
900,chexpert,Edema,count,gbm,4,8,auroc,0.5498766230101934
901,chexpert,Edema,count,gbm,4,8,auprc,0.08445986548455078
902,chexpert,Edema,count,gbm,4,8,brier,0.5391395155053849
903,chexpert,Edema,count,gbm,0,12,auroc,0.564174951649558
904,chexpert,Edema,count,gbm,0,12,auprc,0.08713337643236899
905,chexpert,Edema,count,gbm,0,12,brier,0.35711610336028765
906,chexpert,Edema,count,gbm,1,12,auroc,0.5847960303902406
907,chexpert,Edema,count,gbm,1,12,auprc,0.09020561710325213
908,chexpert,Edema,count,gbm,1,12,brier,0.47870199007202713
909,chexpert,Edema,count,gbm,2,12,auroc,0.4747103622563882
910,chexpert,Edema,count,gbm,2,12,auprc,0.07692153249257129
911,chexpert,Edema,count,gbm,2,12,brier,0.4306208650772987
912,chexpert,Edema,count,gbm,3,12,auroc,0.5737906137299865
913,chexpert,Edema,count,gbm,3,12,auprc,0.11684095980005915
914,chexpert,Edema,count,gbm,3,12,brier,0.5333168304109195
915,chexpert,Edema,count,gbm,4,12,auroc,0.48247336557551135
916,chexpert,Edema,count,gbm,4,12,auprc,0.07284761115871673
917,chexpert,Edema,count,gbm,4,12,brier,0.6311655816138226
918,chexpert,Edema,count,gbm,0,16,auroc,0.5233989046124012
919,chexpert,Edema,count,gbm,0,16,auprc,0.07734066137731391
920,chexpert,Edema,count,gbm,0,16,brier,0.3615946588687611
921,chexpert,Edema,count,gbm,1,16,auroc,0.6006321627909363
922,chexpert,Edema,count,gbm,1,16,auprc,0.10801689793757077
923,chexpert,Edema,count,gbm,1,16,brier,0.46044376768215783
924,chexpert,Edema,count,gbm,2,16,auroc,0.5949623680943513
925,chexpert,Edema,count,gbm,2,16,auprc,0.10358015192514944
926,chexpert,Edema,count,gbm,2,16,brier,0.3244407166538464
927,chexpert,Edema,count,gbm,3,16,auroc,0.5958446514407663
928,chexpert,Edema,count,gbm,3,16,auprc,0.11219650794708141
929,chexpert,Edema,count,gbm,3,16,brier,0.39770429110890243
930,chexpert,Edema,count,gbm,4,16,auroc,0.5271999290774685
931,chexpert,Edema,count,gbm,4,16,auprc,0.07749852616157196
932,chexpert,Edema,count,gbm,4,16,brier,0.4886965623765616
933,chexpert,Edema,count,gbm,0,24,auroc,0.6058162888406666
934,chexpert,Edema,count,gbm,0,24,auprc,0.1011739181669749
935,chexpert,Edema,count,gbm,0,24,brier,0.5430901444560087
936,chexpert,Edema,count,gbm,1,24,auroc,0.6225813557104822
937,chexpert,Edema,count,gbm,1,24,auprc,0.11974236773373104
938,chexpert,Edema,count,gbm,1,24,brier,0.3983614079855865
939,chexpert,Edema,count,gbm,2,24,auroc,0.6087964298905766
940,chexpert,Edema,count,gbm,2,24,auprc,0.12042976273518508
941,chexpert,Edema,count,gbm,2,24,brier,0.35065885834661703
942,chexpert,Edema,count,gbm,3,24,auroc,0.5053827540257835
943,chexpert,Edema,count,gbm,3,24,auprc,0.07622073617465862
944,chexpert,Edema,count,gbm,3,24,brier,0.468897316248143
945,chexpert,Edema,count,gbm,4,24,auroc,0.593487727708779
946,chexpert,Edema,count,gbm,4,24,auprc,0.11685383504738364
947,chexpert,Edema,count,gbm,4,24,brier,0.46406025994752187
948,chexpert,Edema,count,gbm,0,32,auroc,0.6173554680887083
949,chexpert,Edema,count,gbm,0,32,auprc,0.1137750322531448
950,chexpert,Edema,count,gbm,0,32,brier,0.49556916722588157
951,chexpert,Edema,count,gbm,1,32,auroc,0.6273812913287266
952,chexpert,Edema,count,gbm,1,32,auprc,0.1160939077084495
953,chexpert,Edema,count,gbm,1,32,brier,0.3177278524097594
954,chexpert,Edema,count,gbm,2,32,auroc,0.5941398815478297
955,chexpert,Edema,count,gbm,2,32,auprc,0.11776279720167365
956,chexpert,Edema,count,gbm,2,32,brier,0.4018503291854963
957,chexpert,Edema,count,gbm,3,32,auroc,0.5457971346271244
958,chexpert,Edema,count,gbm,3,32,auprc,0.08289526770717102
959,chexpert,Edema,count,gbm,3,32,brier,0.28374997849636674
960,chexpert,Edema,count,gbm,4,32,auroc,0.587218121412192
961,chexpert,Edema,count,gbm,4,32,auprc,0.1252319174286659
962,chexpert,Edema,count,gbm,4,32,brier,0.42051677768257695
963,chexpert,Edema,count,gbm,0,48,auroc,0.6221755230055763
964,chexpert,Edema,count,gbm,0,48,auprc,0.13022868015574296
965,chexpert,Edema,count,gbm,0,48,brier,0.3566071055578805
966,chexpert,Edema,count,gbm,1,48,auroc,0.6116536909214029
967,chexpert,Edema,count,gbm,1,48,auprc,0.10500492730518787
968,chexpert,Edema,count,gbm,1,48,brier,0.3450421211854889
969,chexpert,Edema,count,gbm,2,48,auroc,0.624362594969502
970,chexpert,Edema,count,gbm,2,48,auprc,0.10850759055182657
971,chexpert,Edema,count,gbm,2,48,brier,0.3551844503884063
972,chexpert,Edema,count,gbm,3,48,auroc,0.6212589326479625
973,chexpert,Edema,count,gbm,3,48,auprc,0.11259273486436569
974,chexpert,Edema,count,gbm,3,48,brier,0.326069948769948
975,chexpert,Edema,count,gbm,4,48,auroc,0.5864708217266622
976,chexpert,Edema,count,gbm,4,48,auprc,0.10405616875791328
977,chexpert,Edema,count,gbm,4,48,brier,0.46582054736851797
978,chexpert,Edema,count,gbm,0,64,auroc,0.6229656262985364
979,chexpert,Edema,count,gbm,0,64,auprc,0.13927253316316446
980,chexpert,Edema,count,gbm,0,64,brier,0.3432344261272625
981,chexpert,Edema,count,gbm,1,64,auroc,0.6034349975119402
982,chexpert,Edema,count,gbm,1,64,auprc,0.1077206415069874
983,chexpert,Edema,count,gbm,1,64,brier,0.32483662892636433
984,chexpert,Edema,count,gbm,2,64,auroc,0.6458032746202502
985,chexpert,Edema,count,gbm,2,64,auprc,0.13038968014523905
986,chexpert,Edema,count,gbm,2,64,brier,0.31429219245213347
987,chexpert,Edema,count,gbm,3,64,auroc,0.6139213202363913
988,chexpert,Edema,count,gbm,3,64,auprc,0.10918030538237905
989,chexpert,Edema,count,gbm,3,64,brier,0.34484127100087864
990,chexpert,Edema,count,gbm,4,64,auroc,0.5901040784944416
991,chexpert,Edema,count,gbm,4,64,auprc,0.11642780433188407
992,chexpert,Edema,count,gbm,4,64,brier,0.26447845055775787
993,chexpert,Edema,count,gbm,0,128,auroc,0.6450343326613006
994,chexpert,Edema,count,gbm,0,128,auprc,0.13893153922552348
995,chexpert,Edema,count,gbm,0,128,brier,0.2495094017411274
996,chexpert,Edema,count,gbm,1,128,auroc,0.6435752426499634
997,chexpert,Edema,count,gbm,1,128,auprc,0.130606428588662
998,chexpert,Edema,count,gbm,1,128,brier,0.2161029209030017
999,chexpert,Edema,count,gbm,2,128,auroc,0.6229309986610647
1000,chexpert,Edema,count,gbm,2,128,auprc,0.141862802043911
1001,chexpert,Edema,count,gbm,2,128,brier,0.24959867546436007
1002,chexpert,Edema,count,gbm,3,128,auroc,0.5989048689023295
1003,chexpert,Edema,count,gbm,3,128,auprc,0.1071480209368194
1004,chexpert,Edema,count,gbm,3,128,brier,0.3547515523035881
1005,chexpert,Edema,count,gbm,4,128,auroc,0.6330337722065756
1006,chexpert,Edema,count,gbm,4,128,auprc,0.1349580451764159
1007,chexpert,Edema,count,gbm,4,128,brier,0.374481070402139
1008,chexpert,Consolidation,count,gbm,0,-1,auroc,0.6038608074044592
1009,chexpert,Consolidation,count,gbm,0,-1,auprc,0.04978781475433297
1010,chexpert,Consolidation,count,gbm,0,-1,brier,0.0370764025534252
1011,chexpert,Consolidation,count,gbm,0,1,auroc,0.5525196856538602
1012,chexpert,Consolidation,count,gbm,0,1,auprc,0.042409228929578116
1013,chexpert,Consolidation,count,gbm,0,1,brier,0.2896595491017962
1014,chexpert,Consolidation,count,gbm,1,1,auroc,0.47722582508057654
1015,chexpert,Consolidation,count,gbm,1,1,auprc,0.03595180677788255
1016,chexpert,Consolidation,count,gbm,1,1,brier,0.4196515230970223
1017,chexpert,Consolidation,count,gbm,2,1,auroc,0.5227741749194234
1018,chexpert,Consolidation,count,gbm,2,1,auprc,0.03922015590959909
1019,chexpert,Consolidation,count,gbm,2,1,brier,0.4549035838414904
1020,chexpert,Consolidation,count,gbm,3,1,auroc,0.47722582508057654
1021,chexpert,Consolidation,count,gbm,3,1,auprc,0.03595180677788255
1022,chexpert,Consolidation,count,gbm,3,1,brier,0.4196515230970223
1023,chexpert,Consolidation,count,gbm,4,1,auroc,0.5227741749194234
1024,chexpert,Consolidation,count,gbm,4,1,auprc,0.03922015590959909
1025,chexpert,Consolidation,count,gbm,4,1,brier,0.4549035838414904
1026,chexpert,Consolidation,count,gbm,0,2,auroc,0.5062410351259179
1027,chexpert,Consolidation,count,gbm,0,2,auprc,0.03790526406792216
1028,chexpert,Consolidation,count,gbm,0,2,brier,0.3508916441970055
1029,chexpert,Consolidation,count,gbm,1,2,auroc,0.4825353717447459
1030,chexpert,Consolidation,count,gbm,1,2,auprc,0.03625046421018721
1031,chexpert,Consolidation,count,gbm,1,2,brier,0.5400960639739558
1032,chexpert,Consolidation,count,gbm,2,2,auroc,0.5525196856538602
1033,chexpert,Consolidation,count,gbm,2,2,auprc,0.042409228929578116
1034,chexpert,Consolidation,count,gbm,2,2,brier,0.2896595491017965
1035,chexpert,Consolidation,count,gbm,3,2,auroc,0.5163096325084479
1036,chexpert,Consolidation,count,gbm,3,2,auprc,0.038692173338771965
1037,chexpert,Consolidation,count,gbm,3,2,brier,0.42938256069836045
1038,chexpert,Consolidation,count,gbm,4,2,auroc,0.5082778857334613
1039,chexpert,Consolidation,count,gbm,4,2,auprc,0.038107714505583576
1040,chexpert,Consolidation,count,gbm,4,2,brier,0.14562183215369612
1041,chexpert,Consolidation,count,gbm,0,4,auroc,0.5178129999453718
1042,chexpert,Consolidation,count,gbm,0,4,auprc,0.038681621085086035
1043,chexpert,Consolidation,count,gbm,0,4,brier,0.27735804873784153
1044,chexpert,Consolidation,count,gbm,1,4,auroc,0.5299459181045584
1045,chexpert,Consolidation,count,gbm,1,4,auprc,0.04359941746732862
1046,chexpert,Consolidation,count,gbm,1,4,brier,0.481480806043622
1047,chexpert,Consolidation,count,gbm,2,4,auroc,0.5134332248573814
1048,chexpert,Consolidation,count,gbm,2,4,auprc,0.04431214756083794
1049,chexpert,Consolidation,count,gbm,2,4,brier,0.6588682781292919
1050,chexpert,Consolidation,count,gbm,3,4,auroc,0.4483702853932058
1051,chexpert,Consolidation,count,gbm,3,4,auprc,0.03400596854210016
1052,chexpert,Consolidation,count,gbm,3,4,brier,0.6922123781759971
1053,chexpert,Consolidation,count,gbm,4,4,auroc,0.5291104191541998
1054,chexpert,Consolidation,count,gbm,4,4,auprc,0.039715328989401485
1055,chexpert,Consolidation,count,gbm,4,4,brier,0.28277438098764274
1056,chexpert,Consolidation,count,gbm,0,8,auroc,0.4887426934812977
1057,chexpert,Consolidation,count,gbm,0,8,auprc,0.03682489488910952
1058,chexpert,Consolidation,count,gbm,0,8,brier,0.27282347191666184
1059,chexpert,Consolidation,count,gbm,1,8,auroc,0.4602266288951841
1060,chexpert,Consolidation,count,gbm,1,8,auprc,0.037279847448592855
1061,chexpert,Consolidation,count,gbm,1,8,brier,0.5353414087691579
1062,chexpert,Consolidation,count,gbm,2,8,auroc,0.5958298410320043
1063,chexpert,Consolidation,count,gbm,2,8,auprc,0.05307235966819493
1064,chexpert,Consolidation,count,gbm,2,8,brier,0.5839541275506553
1065,chexpert,Consolidation,count,gbm,3,8,auroc,0.5701933057070837
1066,chexpert,Consolidation,count,gbm,3,8,auprc,0.05289314913514814
1067,chexpert,Consolidation,count,gbm,3,8,brier,0.45418039680213795
1068,chexpert,Consolidation,count,gbm,4,8,auroc,0.5564491684811025
1069,chexpert,Consolidation,count,gbm,4,8,auprc,0.047995833722972246
1070,chexpert,Consolidation,count,gbm,4,8,brier,0.6819950191895259
1071,chexpert,Consolidation,count,gbm,0,12,auroc,0.5194417000288748
1072,chexpert,Consolidation,count,gbm,0,12,auprc,0.040305085363881006
1073,chexpert,Consolidation,count,gbm,0,12,brier,0.5172526661626974
1074,chexpert,Consolidation,count,gbm,1,12,auroc,0.44953761150001176
1075,chexpert,Consolidation,count,gbm,1,12,auprc,0.03378417164683645
1076,chexpert,Consolidation,count,gbm,1,12,brier,0.5404632729400441
1077,chexpert,Consolidation,count,gbm,2,12,auroc,0.5401643527731603
1078,chexpert,Consolidation,count,gbm,2,12,auprc,0.04198307947719905
1079,chexpert,Consolidation,count,gbm,2,12,brier,0.5857347322584424
1080,chexpert,Consolidation,count,gbm,3,12,auroc,0.5469226386970399
1081,chexpert,Consolidation,count,gbm,3,12,auprc,0.046851963288942616
1082,chexpert,Consolidation,count,gbm,3,12,brier,0.6273892356944462
1083,chexpert,Consolidation,count,gbm,4,12,auroc,0.5483524922154848
1084,chexpert,Consolidation,count,gbm,4,12,auprc,0.04506876392171744
1085,chexpert,Consolidation,count,gbm,4,12,brier,0.5477779148729998
1086,chexpert,Consolidation,count,gbm,0,16,auroc,0.47233832010551036
1087,chexpert,Consolidation,count,gbm,0,16,auprc,0.03771205966641805
1088,chexpert,Consolidation,count,gbm,0,16,brier,0.4982737827962968
1089,chexpert,Consolidation,count,gbm,1,16,auroc,0.43299963321081014
1090,chexpert,Consolidation,count,gbm,1,16,auprc,0.0319193978602931
1091,chexpert,Consolidation,count,gbm,1,16,brier,0.6931992968265884
1092,chexpert,Consolidation,count,gbm,2,16,auroc,0.4963783079312309
1093,chexpert,Consolidation,count,gbm,2,16,auprc,0.03709407463181125
1094,chexpert,Consolidation,count,gbm,2,16,brier,0.6092032599084809
1095,chexpert,Consolidation,count,gbm,3,16,auroc,0.5885265219800373
1096,chexpert,Consolidation,count,gbm,3,16,auprc,0.0581369793045778
1097,chexpert,Consolidation,count,gbm,3,16,brier,0.47498122941769455
1098,chexpert,Consolidation,count,gbm,4,16,auroc,0.5808988676359266
1099,chexpert,Consolidation,count,gbm,4,16,auprc,0.05061240372444448
1100,chexpert,Consolidation,count,gbm,4,16,brier,0.4144935562302084
1101,chexpert,Consolidation,count,gbm,0,24,auroc,0.5090099033081263
1102,chexpert,Consolidation,count,gbm,0,24,auprc,0.03936308550266149
1103,chexpert,Consolidation,count,gbm,0,24,brier,0.4077498423618451
1104,chexpert,Consolidation,count,gbm,1,24,auroc,0.5221779473852612
1105,chexpert,Consolidation,count,gbm,1,24,auprc,0.04104481056573613
1106,chexpert,Consolidation,count,gbm,1,24,brier,0.28643422961312187
1107,chexpert,Consolidation,count,gbm,2,24,auroc,0.5397404381179812
1108,chexpert,Consolidation,count,gbm,2,24,auprc,0.04578811570120134
1109,chexpert,Consolidation,count,gbm,2,24,brier,0.5174558238606148
1110,chexpert,Consolidation,count,gbm,3,24,auroc,0.5856480852823887
1111,chexpert,Consolidation,count,gbm,3,24,auprc,0.05529074078124089
1112,chexpert,Consolidation,count,gbm,3,24,brier,0.40630028023266407
1113,chexpert,Consolidation,count,gbm,4,24,auroc,0.6266224958833766
1114,chexpert,Consolidation,count,gbm,4,24,auprc,0.06643169474223254
1115,chexpert,Consolidation,count,gbm,4,24,brier,0.3540273850040874
1116,chexpert,Consolidation,count,gbm,0,32,auroc,0.604969915482406
1117,chexpert,Consolidation,count,gbm,0,32,auprc,0.05737355272731899
1118,chexpert,Consolidation,count,gbm,0,32,brier,0.45257936612969424
1119,chexpert,Consolidation,count,gbm,1,32,auroc,0.5512927367936382
1120,chexpert,Consolidation,count,gbm,1,32,auprc,0.04541080454734371
1121,chexpert,Consolidation,count,gbm,1,32,brier,0.407037695519515
1122,chexpert,Consolidation,count,gbm,2,32,auroc,0.5421518819407051
1123,chexpert,Consolidation,count,gbm,2,32,auprc,0.04119998523705133
1124,chexpert,Consolidation,count,gbm,2,32,brier,0.3970681716825981
1125,chexpert,Consolidation,count,gbm,3,32,auroc,0.5625398980794294
1126,chexpert,Consolidation,count,gbm,3,32,auprc,0.04720292276508875
1127,chexpert,Consolidation,count,gbm,3,32,brier,0.27495340126458
1128,chexpert,Consolidation,count,gbm,4,32,auroc,0.5676237523314526
1129,chexpert,Consolidation,count,gbm,4,32,auprc,0.044558176178221456
1130,chexpert,Consolidation,count,gbm,4,32,brier,0.34579471536501777
1131,chexpert,Consolidation,count,gbm,0,48,auroc,0.5617446678997027
1132,chexpert,Consolidation,count,gbm,0,48,auprc,0.05450919019922842
1133,chexpert,Consolidation,count,gbm,0,48,brier,0.20699947587797962
1134,chexpert,Consolidation,count,gbm,1,48,auroc,0.5515021968331266
1135,chexpert,Consolidation,count,gbm,1,48,auprc,0.04126470581229022
1136,chexpert,Consolidation,count,gbm,1,48,brier,0.26246785195314387
1137,chexpert,Consolidation,count,gbm,2,48,auroc,0.6391257930840728
1138,chexpert,Consolidation,count,gbm,2,48,auprc,0.06745645124413038
1139,chexpert,Consolidation,count,gbm,2,48,brier,0.26801156358964306
1140,chexpert,Consolidation,count,gbm,3,48,auroc,0.6677508018636013
1141,chexpert,Consolidation,count,gbm,3,48,auprc,0.0773796048823071
1142,chexpert,Consolidation,count,gbm,3,48,brier,0.3576535477215067
1143,chexpert,Consolidation,count,gbm,4,48,auroc,0.5495393283855813
1144,chexpert,Consolidation,count,gbm,4,48,auprc,0.049400082714363906
1145,chexpert,Consolidation,count,gbm,4,48,brier,0.40446574300867477
1146,chexpert,Consolidation,count,gbm,0,64,auroc,0.5882154535309312
1147,chexpert,Consolidation,count,gbm,0,64,auprc,0.04912059607149372
1148,chexpert,Consolidation,count,gbm,0,64,brier,0.19885564496368685
1149,chexpert,Consolidation,count,gbm,1,64,auroc,0.5516884008771725
1150,chexpert,Consolidation,count,gbm,1,64,auprc,0.04339323953717025
1151,chexpert,Consolidation,count,gbm,1,64,brier,0.2962465387510734
1152,chexpert,Consolidation,count,gbm,2,64,auroc,0.5771274943615917
1153,chexpert,Consolidation,count,gbm,2,64,auprc,0.054100435350258255
1154,chexpert,Consolidation,count,gbm,2,64,brier,0.371704878909498
1155,chexpert,Consolidation,count,gbm,3,64,auroc,0.664044514160404
1156,chexpert,Consolidation,count,gbm,3,64,auprc,0.06644930937266881
1157,chexpert,Consolidation,count,gbm,3,64,brier,0.3873125981440812
1158,chexpert,Consolidation,count,gbm,4,64,auroc,0.5755259522861893
1159,chexpert,Consolidation,count,gbm,4,64,auprc,0.04995587209397911
1160,chexpert,Consolidation,count,gbm,4,64,brier,0.3411883504400807
1161,chexpert,Consolidation,count,gbm,0,128,auroc,0.5699587167060769
1162,chexpert,Consolidation,count,gbm,0,128,auprc,0.04829115512560124
1163,chexpert,Consolidation,count,gbm,0,128,brier,0.39313544547695
1164,chexpert,Consolidation,count,gbm,1,128,auroc,0.5993140261747009
1165,chexpert,Consolidation,count,gbm,1,128,auprc,0.057850711120472124
1166,chexpert,Consolidation,count,gbm,1,128,brier,0.19975282736059
1167,chexpert,Consolidation,count,gbm,2,128,auroc,0.5457322126752979
1168,chexpert,Consolidation,count,gbm,2,128,auprc,0.042012027803557804
1169,chexpert,Consolidation,count,gbm,2,128,brier,0.29761118235381295
1170,chexpert,Consolidation,count,gbm,3,128,auroc,0.6566021273773013
1171,chexpert,Consolidation,count,gbm,3,128,auprc,0.06802237200720691
1172,chexpert,Consolidation,count,gbm,3,128,brier,0.24830400361430927
1173,chexpert,Consolidation,count,gbm,4,128,auroc,0.6320308415080498
1174,chexpert,Consolidation,count,gbm,4,128,auprc,0.07085312740821388
1175,chexpert,Consolidation,count,gbm,4,128,brier,0.30358365954958827
1176,chexpert,Pneumonia,count,gbm,0,-1,auroc,0.5801878949118724
1177,chexpert,Pneumonia,count,gbm,0,-1,auprc,0.042076461617289916
1178,chexpert,Pneumonia,count,gbm,0,-1,brier,0.032408702320250955
1179,chexpert,Pneumonia,count,gbm,0,1,auroc,0.5335946621004889
1180,chexpert,Pneumonia,count,gbm,0,1,auprc,0.03537057350855215
1181,chexpert,Pneumonia,count,gbm,0,1,brier,0.34712775229460097
1182,chexpert,Pneumonia,count,gbm,1,1,auroc,0.4947742501538962
1183,chexpert,Pneumonia,count,gbm,1,1,auprc,0.032552445590161114
1184,chexpert,Pneumonia,count,gbm,1,1,brier,0.7094711995821416
1185,chexpert,Pneumonia,count,gbm,2,1,auroc,0.5
1186,chexpert,Pneumonia,count,gbm,2,1,auprc,0.03288078065337293
1187,chexpert,Pneumonia,count,gbm,2,1,brier,0.03298048180613773
1188,chexpert,Pneumonia,count,gbm,3,1,auroc,0.4834489029144762
1189,chexpert,Pneumonia,count,gbm,3,1,auprc,0.03189226268518712
1190,chexpert,Pneumonia,count,gbm,3,1,brier,0.45976910264215914
1191,chexpert,Pneumonia,count,gbm,4,1,auroc,0.5165510970855238
1192,chexpert,Pneumonia,count,gbm,4,1,auprc,0.034004447455318415
1193,chexpert,Pneumonia,count,gbm,4,1,brier,0.41478600429635354
1194,chexpert,Pneumonia,count,gbm,0,2,auroc,0.5314535587176022
1195,chexpert,Pneumonia,count,gbm,0,2,auprc,0.035160380914933356
1196,chexpert,Pneumonia,count,gbm,0,2,brier,0.3820126040729814
1197,chexpert,Pneumonia,count,gbm,1,2,auroc,0.46184859441445136
1198,chexpert,Pneumonia,count,gbm,1,2,auprc,0.030667149217608974
1199,chexpert,Pneumonia,count,gbm,1,2,brier,0.7176415990776054
1200,chexpert,Pneumonia,count,gbm,2,2,auroc,0.5052257498461038
1201,chexpert,Pneumonia,count,gbm,2,2,auprc,0.033233607864788434
1202,chexpert,Pneumonia,count,gbm,2,2,brier,0.16508390735637127
1203,chexpert,Pneumonia,count,gbm,3,2,auroc,0.4834489029144762
1204,chexpert,Pneumonia,count,gbm,3,2,auprc,0.03189226268518712
1205,chexpert,Pneumonia,count,gbm,3,2,brier,0.4597691026421598
1206,chexpert,Pneumonia,count,gbm,4,2,auroc,0.4945977117222934
1207,chexpert,Pneumonia,count,gbm,4,2,auprc,0.03254127226783943
1208,chexpert,Pneumonia,count,gbm,4,2,brier,0.7462838984324858
1209,chexpert,Pneumonia,count,gbm,0,4,auroc,0.48573381966899926
1210,chexpert,Pneumonia,count,gbm,0,4,auprc,0.03747636051765829
1211,chexpert,Pneumonia,count,gbm,0,4,brier,0.2111683937071013
1212,chexpert,Pneumonia,count,gbm,1,4,auroc,0.497462481160979
1213,chexpert,Pneumonia,count,gbm,1,4,auprc,0.032823061942568614
1214,chexpert,Pneumonia,count,gbm,1,4,brier,0.528488709302569
1215,chexpert,Pneumonia,count,gbm,2,4,auroc,0.5117279539231155
1216,chexpert,Pneumonia,count,gbm,2,4,auprc,0.03333055054883125
1217,chexpert,Pneumonia,count,gbm,2,4,brier,0.24574472668188357
1218,chexpert,Pneumonia,count,gbm,3,4,auroc,0.4331159917638985
1219,chexpert,Pneumonia,count,gbm,3,4,auprc,0.029272756495562567
1220,chexpert,Pneumonia,count,gbm,3,4,brier,0.8248308616455502
1221,chexpert,Pneumonia,count,gbm,4,4,auroc,0.5164989138817935
1222,chexpert,Pneumonia,count,gbm,4,4,auprc,0.03328543039773618
1223,chexpert,Pneumonia,count,gbm,4,4,brier,0.24293220816707184
1224,chexpert,Pneumonia,count,gbm,0,8,auroc,0.5348322000438692
1225,chexpert,Pneumonia,count,gbm,0,8,auprc,0.035938992706745346
1226,chexpert,Pneumonia,count,gbm,0,8,brier,0.29173956355592645
1227,chexpert,Pneumonia,count,gbm,1,8,auroc,0.5227589525150536
1228,chexpert,Pneumonia,count,gbm,1,8,auprc,0.035116468256534014
1229,chexpert,Pneumonia,count,gbm,1,8,brier,0.34731135677764563
1230,chexpert,Pneumonia,count,gbm,2,8,auroc,0.556625144167156
1231,chexpert,Pneumonia,count,gbm,2,8,auprc,0.03871308080177022
1232,chexpert,Pneumonia,count,gbm,2,8,brier,0.32784139882270236
1233,chexpert,Pneumonia,count,gbm,3,8,auroc,0.4947155219381726
1234,chexpert,Pneumonia,count,gbm,3,8,auprc,0.03256207233387361
1235,chexpert,Pneumonia,count,gbm,3,8,brier,0.40326208406058084
1236,chexpert,Pneumonia,count,gbm,4,8,auroc,0.49334266144952554
1237,chexpert,Pneumonia,count,gbm,4,8,auprc,0.032452308617848986
1238,chexpert,Pneumonia,count,gbm,4,8,brier,0.5293946583413508
1239,chexpert,Pneumonia,count,gbm,0,12,auroc,0.5249725817065145
1240,chexpert,Pneumonia,count,gbm,0,12,auprc,0.03789735626793517
1241,chexpert,Pneumonia,count,gbm,0,12,brier,0.39132360924879445
1242,chexpert,Pneumonia,count,gbm,1,12,auroc,0.555535488116381
1243,chexpert,Pneumonia,count,gbm,1,12,auprc,0.046881983767741414
1244,chexpert,Pneumonia,count,gbm,1,12,brier,0.267589100061176
1245,chexpert,Pneumonia,count,gbm,2,12,auroc,0.5623617587331687
1246,chexpert,Pneumonia,count,gbm,2,12,auprc,0.04257579695566072
1247,chexpert,Pneumonia,count,gbm,2,12,brier,0.24339121937468206
1248,chexpert,Pneumonia,count,gbm,3,12,auroc,0.5605036828959378
1249,chexpert,Pneumonia,count,gbm,3,12,auprc,0.03992648862564828
1250,chexpert,Pneumonia,count,gbm,3,12,brier,0.3682422678446736
1251,chexpert,Pneumonia,count,gbm,4,12,auroc,0.5487499027092811
1252,chexpert,Pneumonia,count,gbm,4,12,auprc,0.03958687421027586
1253,chexpert,Pneumonia,count,gbm,4,12,brier,0.33219747691676765
1254,chexpert,Pneumonia,count,gbm,0,16,auroc,0.5591048192515337
1255,chexpert,Pneumonia,count,gbm,0,16,auprc,0.03941588868987724
1256,chexpert,Pneumonia,count,gbm,0,16,brier,0.370859704098383
1257,chexpert,Pneumonia,count,gbm,1,16,auroc,0.526108937302323
1258,chexpert,Pneumonia,count,gbm,1,16,auprc,0.03977354918196575
1259,chexpert,Pneumonia,count,gbm,1,16,brier,0.19618287888853078
1260,chexpert,Pneumonia,count,gbm,2,16,auroc,0.5797601695334998
1261,chexpert,Pneumonia,count,gbm,2,16,auprc,0.04174926654686004
1262,chexpert,Pneumonia,count,gbm,2,16,brier,0.285161967308762
1263,chexpert,Pneumonia,count,gbm,3,16,auroc,0.4861010479094878
1264,chexpert,Pneumonia,count,gbm,3,16,auprc,0.03277357044654773
1265,chexpert,Pneumonia,count,gbm,3,16,brier,0.3365884660697936
1266,chexpert,Pneumonia,count,gbm,4,16,auroc,0.5312580928188836
1267,chexpert,Pneumonia,count,gbm,4,16,auprc,0.03931025763232744
1268,chexpert,Pneumonia,count,gbm,4,16,brier,0.19805751686874368
1269,chexpert,Pneumonia,count,gbm,0,24,auroc,0.534532190845474
1270,chexpert,Pneumonia,count,gbm,0,24,auprc,0.037663824507838985
1271,chexpert,Pneumonia,count,gbm,0,24,brier,0.3767388319564898
1272,chexpert,Pneumonia,count,gbm,1,24,auroc,0.4870615726425575
1273,chexpert,Pneumonia,count,gbm,1,24,auprc,0.03750499910011137
1274,chexpert,Pneumonia,count,gbm,1,24,brier,0.409658225906229
1275,chexpert,Pneumonia,count,gbm,2,24,auroc,0.5102413517395581
1276,chexpert,Pneumonia,count,gbm,2,24,auprc,0.03773260363426717
1277,chexpert,Pneumonia,count,gbm,2,24,brier,0.567603105748303
1278,chexpert,Pneumonia,count,gbm,3,24,auroc,0.505110239229033
1279,chexpert,Pneumonia,count,gbm,3,24,auprc,0.03333904831495977
1280,chexpert,Pneumonia,count,gbm,3,24,brier,0.3683887511695213
1281,chexpert,Pneumonia,count,gbm,4,24,auroc,0.500891536768816
1282,chexpert,Pneumonia,count,gbm,4,24,auprc,0.039754487920857895
1283,chexpert,Pneumonia,count,gbm,4,24,brier,0.39343821929296197
1284,chexpert,Pneumonia,count,gbm,0,32,auroc,0.5333839834711913
1285,chexpert,Pneumonia,count,gbm,0,32,auprc,0.03588502362649069
1286,chexpert,Pneumonia,count,gbm,0,32,brier,0.314905165520361
1287,chexpert,Pneumonia,count,gbm,1,32,auroc,0.4956325311860977
1288,chexpert,Pneumonia,count,gbm,1,32,auprc,0.03656551808738673
1289,chexpert,Pneumonia,count,gbm,1,32,brier,0.46296251600057475
1290,chexpert,Pneumonia,count,gbm,2,32,auroc,0.5068087582874002
1291,chexpert,Pneumonia,count,gbm,2,32,auprc,0.03558857797400719
1292,chexpert,Pneumonia,count,gbm,2,32,brier,0.42899193580594663
1293,chexpert,Pneumonia,count,gbm,3,32,auroc,0.5595479342527011
1294,chexpert,Pneumonia,count,gbm,3,32,auprc,0.0466334903916893
1295,chexpert,Pneumonia,count,gbm,3,32,brier,0.36773430975635696
1296,chexpert,Pneumonia,count,gbm,4,32,auroc,0.4521448181194234
1297,chexpert,Pneumonia,count,gbm,4,32,auprc,0.03217045514508186
1298,chexpert,Pneumonia,count,gbm,4,32,brier,0.43994584118935803
1299,chexpert,Pneumonia,count,gbm,0,48,auroc,0.509998478726942
1300,chexpert,Pneumonia,count,gbm,0,48,auprc,0.034281370477916795
1301,chexpert,Pneumonia,count,gbm,0,48,brier,0.33350213995456535
1302,chexpert,Pneumonia,count,gbm,1,48,auroc,0.5416287527683632
1303,chexpert,Pneumonia,count,gbm,1,48,auprc,0.038777677033270896
1304,chexpert,Pneumonia,count,gbm,1,48,brier,0.41810462701605905
1305,chexpert,Pneumonia,count,gbm,2,48,auroc,0.5825904449900586
1306,chexpert,Pneumonia,count,gbm,2,48,auprc,0.04493750216972636
1307,chexpert,Pneumonia,count,gbm,2,48,brier,0.38068547418518134
1308,chexpert,Pneumonia,count,gbm,3,48,auroc,0.541273906982997
1309,chexpert,Pneumonia,count,gbm,3,48,auprc,0.04631088870887388
1310,chexpert,Pneumonia,count,gbm,3,48,brier,0.42544882986439664
1311,chexpert,Pneumonia,count,gbm,4,48,auroc,0.5260035095415662
1312,chexpert,Pneumonia,count,gbm,4,48,auprc,0.03979139710115313
1313,chexpert,Pneumonia,count,gbm,4,48,brier,0.23653177841178713
1314,chexpert,Pneumonia,count,gbm,0,64,auroc,0.5303359536966935
1315,chexpert,Pneumonia,count,gbm,0,64,auprc,0.03502024348088506
1316,chexpert,Pneumonia,count,gbm,0,64,brier,0.4808022574797073
1317,chexpert,Pneumonia,count,gbm,1,64,auroc,0.511648706210332
1318,chexpert,Pneumonia,count,gbm,1,64,auprc,0.038803146937875135
1319,chexpert,Pneumonia,count,gbm,1,64,brier,0.26309553509664696
1320,chexpert,Pneumonia,count,gbm,2,64,auroc,0.5616996511685499
1321,chexpert,Pneumonia,count,gbm,2,64,auprc,0.042136490266243165
1322,chexpert,Pneumonia,count,gbm,2,64,brier,0.42940331058733977
1323,chexpert,Pneumonia,count,gbm,3,64,auroc,0.5334156471778616
1324,chexpert,Pneumonia,count,gbm,3,64,auprc,0.03931579510016875
1325,chexpert,Pneumonia,count,gbm,3,64,brier,0.286765437598624
1326,chexpert,Pneumonia,count,gbm,4,64,auroc,0.5341405514791727
1327,chexpert,Pneumonia,count,gbm,4,64,auprc,0.03790789383210676
1328,chexpert,Pneumonia,count,gbm,4,64,brier,0.3020926978608781
1329,chexpert,Pneumonia,count,gbm,0,128,auroc,0.5408599791974754
1330,chexpert,Pneumonia,count,gbm,0,128,auprc,0.041034856638572835
1331,chexpert,Pneumonia,count,gbm,0,128,brier,0.2261608969905789
1332,chexpert,Pneumonia,count,gbm,1,128,auroc,0.5755607483248307
1333,chexpert,Pneumonia,count,gbm,1,128,auprc,0.04516958135415712
1334,chexpert,Pneumonia,count,gbm,1,128,brier,0.22207225585579593
1335,chexpert,Pneumonia,count,gbm,2,128,auroc,0.5504960057737619
1336,chexpert,Pneumonia,count,gbm,2,128,auprc,0.03825630577281567
1337,chexpert,Pneumonia,count,gbm,2,128,brier,0.29655478353026477
1338,chexpert,Pneumonia,count,gbm,3,128,auroc,0.5087980881489291
1339,chexpert,Pneumonia,count,gbm,3,128,auprc,0.03680612641349128
1340,chexpert,Pneumonia,count,gbm,3,128,brier,0.306178802924873
1341,chexpert,Pneumonia,count,gbm,4,128,auroc,0.5420922103743747
1342,chexpert,Pneumonia,count,gbm,4,128,auprc,0.03600510392955381
1343,chexpert,Pneumonia,count,gbm,4,128,brier,0.2866210839086965
1344,chexpert,Atelectasis,count,gbm,0,-1,auroc,0.514524287765049
1345,chexpert,Atelectasis,count,gbm,0,-1,auprc,0.043192056934065956
1346,chexpert,Atelectasis,count,gbm,0,-1,brier,0.1635262342485374
1347,chexpert,Atelectasis,count,gbm,0,1,auroc,0.4711874648918243
1348,chexpert,Atelectasis,count,gbm,0,1,auprc,0.04016197243155264
1349,chexpert,Atelectasis,count,gbm,0,1,brier,0.13699242145062307
1350,chexpert,Atelectasis,count,gbm,1,1,auroc,0.5288125351081757
1351,chexpert,Atelectasis,count,gbm,1,1,auprc,0.04379418851457227
1352,chexpert,Atelectasis,count,gbm,1,1,brier,0.7375626854878896
1353,chexpert,Atelectasis,count,gbm,2,1,auroc,0.5057546200940757
1354,chexpert,Atelectasis,count,gbm,2,1,auprc,0.04183083905122285
1355,chexpert,Atelectasis,count,gbm,2,1,brier,0.5213684067034563
1356,chexpert,Atelectasis,count,gbm,3,1,auroc,0.4711874648918243
1357,chexpert,Atelectasis,count,gbm,3,1,auprc,0.04016197243155264
1358,chexpert,Atelectasis,count,gbm,3,1,brier,0.13699242145062307
1359,chexpert,Atelectasis,count,gbm,4,1,auroc,0.4719562984776528
1360,chexpert,Atelectasis,count,gbm,4,1,auprc,0.03936953792096406
1361,chexpert,Atelectasis,count,gbm,4,1,brier,0.4614215429895561
1362,chexpert,Atelectasis,count,gbm,0,2,auroc,0.4732326757111001
1363,chexpert,Atelectasis,count,gbm,0,2,auprc,0.03949314608045087
1364,chexpert,Atelectasis,count,gbm,0,2,brier,0.39009120132692193
1365,chexpert,Atelectasis,count,gbm,1,2,auroc,0.529272700449952
1366,chexpert,Atelectasis,count,gbm,1,2,auprc,0.04387113779459397
1367,chexpert,Atelectasis,count,gbm,1,2,brier,0.6004101366539443
1368,chexpert,Atelectasis,count,gbm,2,2,auroc,0.5267673242888999
1369,chexpert,Atelectasis,count,gbm,2,2,auprc,0.043682207785980046
1370,chexpert,Atelectasis,count,gbm,2,2,brier,0.4844639056115919
1371,chexpert,Atelectasis,count,gbm,3,2,auroc,0.5505770507430167
1372,chexpert,Atelectasis,count,gbm,3,2,auprc,0.0461878435007729
1373,chexpert,Atelectasis,count,gbm,3,2,brier,0.4144187953302658
1374,chexpert,Atelectasis,count,gbm,4,2,auroc,0.45941012590713853
1375,chexpert,Atelectasis,count,gbm,4,2,auprc,0.039016594169702476
1376,chexpert,Atelectasis,count,gbm,4,2,brier,0.27460398149217985
1377,chexpert,Atelectasis,count,gbm,0,4,auroc,0.5523337361907842
1378,chexpert,Atelectasis,count,gbm,0,4,auprc,0.049395546385146184
1379,chexpert,Atelectasis,count,gbm,0,4,brier,0.6647543775086175
1380,chexpert,Atelectasis,count,gbm,1,4,auroc,0.46580463683251905
1381,chexpert,Atelectasis,count,gbm,1,4,auprc,0.0378586206405624
1382,chexpert,Atelectasis,count,gbm,1,4,brier,0.14044229975848954
1383,chexpert,Atelectasis,count,gbm,2,4,auroc,0.47551392695229827
1384,chexpert,Atelectasis,count,gbm,2,4,auprc,0.0396677458395832
1385,chexpert,Atelectasis,count,gbm,2,4,brier,0.4560970129812779
1386,chexpert,Atelectasis,count,gbm,3,4,auroc,0.4686934368279798
1387,chexpert,Atelectasis,count,gbm,3,4,auprc,0.03852062529352679
1388,chexpert,Atelectasis,count,gbm,3,4,brier,0.3160985946601477
1389,chexpert,Atelectasis,count,gbm,4,4,auroc,0.5367942192792823
1390,chexpert,Atelectasis,count,gbm,4,4,auprc,0.04593620887648331
1391,chexpert,Atelectasis,count,gbm,4,4,brier,0.44205127002840383
1392,chexpert,Atelectasis,count,gbm,0,8,auroc,0.547935781117901
1393,chexpert,Atelectasis,count,gbm,0,8,auprc,0.05119990737767485
1394,chexpert,Atelectasis,count,gbm,0,8,brier,0.5951873337563991
1395,chexpert,Atelectasis,count,gbm,1,8,auroc,0.4886255184661912
1396,chexpert,Atelectasis,count,gbm,1,8,auprc,0.0413329526489907
1397,chexpert,Atelectasis,count,gbm,1,8,brier,0.2711154963143419
1398,chexpert,Atelectasis,count,gbm,2,8,auroc,0.47884104720241033
1399,chexpert,Atelectasis,count,gbm,2,8,auprc,0.04324843650891984
1400,chexpert,Atelectasis,count,gbm,2,8,brier,0.42181005444938197
1401,chexpert,Atelectasis,count,gbm,3,8,auroc,0.44951827327352883
1402,chexpert,Atelectasis,count,gbm,3,8,auprc,0.03730435480814877
1403,chexpert,Atelectasis,count,gbm,3,8,brier,0.468398513345233
1404,chexpert,Atelectasis,count,gbm,4,8,auroc,0.556613387350276
1405,chexpert,Atelectasis,count,gbm,4,8,auprc,0.049267110798402354
1406,chexpert,Atelectasis,count,gbm,4,8,brier,0.43315395676352964
1407,chexpert,Atelectasis,count,gbm,0,12,auroc,0.5285553588552039
1408,chexpert,Atelectasis,count,gbm,0,12,auprc,0.04640159801522278
1409,chexpert,Atelectasis,count,gbm,0,12,brier,0.571511899033181
1410,chexpert,Atelectasis,count,gbm,1,12,auroc,0.47567123994984145
1411,chexpert,Atelectasis,count,gbm,1,12,auprc,0.03900827875756037
1412,chexpert,Atelectasis,count,gbm,1,12,brier,0.35624652391652845
1413,chexpert,Atelectasis,count,gbm,2,12,auroc,0.5300535913890638
1414,chexpert,Atelectasis,count,gbm,2,12,auprc,0.0448842396265881
1415,chexpert,Atelectasis,count,gbm,2,12,brier,0.48254436044583326
1416,chexpert,Atelectasis,count,gbm,3,12,auroc,0.46753664016885965
1417,chexpert,Atelectasis,count,gbm,3,12,auprc,0.037792777269234946
1418,chexpert,Atelectasis,count,gbm,3,12,brier,0.4095496588189328
1419,chexpert,Atelectasis,count,gbm,4,12,auroc,0.5483888538989226
1420,chexpert,Atelectasis,count,gbm,4,12,auprc,0.05058493071001738
1421,chexpert,Atelectasis,count,gbm,4,12,brier,0.495113318268593
1422,chexpert,Atelectasis,count,gbm,0,16,auroc,0.49924932336970396
1423,chexpert,Atelectasis,count,gbm,0,16,auprc,0.05180366438908747
1424,chexpert,Atelectasis,count,gbm,0,16,brier,0.41485466164142226
1425,chexpert,Atelectasis,count,gbm,1,16,auroc,0.5271615288156558
1426,chexpert,Atelectasis,count,gbm,1,16,auprc,0.0467545840958861
1427,chexpert,Atelectasis,count,gbm,1,16,brier,0.47894626453887557
1428,chexpert,Atelectasis,count,gbm,2,16,auroc,0.5401153817783604
1429,chexpert,Atelectasis,count,gbm,2,16,auprc,0.0474401160898041
1430,chexpert,Atelectasis,count,gbm,2,16,brier,0.44066565405959207
1431,chexpert,Atelectasis,count,gbm,3,16,auroc,0.4698876822078858
1432,chexpert,Atelectasis,count,gbm,3,16,auprc,0.037921334358019754
1433,chexpert,Atelectasis,count,gbm,3,16,brier,0.5652466275579708
1434,chexpert,Atelectasis,count,gbm,4,16,auroc,0.5379399515436248
1435,chexpert,Atelectasis,count,gbm,4,16,auprc,0.04565930389909808
1436,chexpert,Atelectasis,count,gbm,4,16,brier,0.36603901404814443
1437,chexpert,Atelectasis,count,gbm,0,24,auroc,0.5724454014673089
1438,chexpert,Atelectasis,count,gbm,0,24,auprc,0.06396161787186214
1439,chexpert,Atelectasis,count,gbm,0,24,brier,0.36088532897682635
1440,chexpert,Atelectasis,count,gbm,1,24,auroc,0.5396210302937456
1441,chexpert,Atelectasis,count,gbm,1,24,auprc,0.04728047427577811
1442,chexpert,Atelectasis,count,gbm,1,24,brier,0.36455297212443316
1443,chexpert,Atelectasis,count,gbm,2,24,auroc,0.5223564607554428
1444,chexpert,Atelectasis,count,gbm,2,24,auprc,0.05499499712194256
1445,chexpert,Atelectasis,count,gbm,2,24,brier,0.5024449005463247
1446,chexpert,Atelectasis,count,gbm,3,24,auroc,0.5454928194914918
1447,chexpert,Atelectasis,count,gbm,3,24,auprc,0.04840477612935139
1448,chexpert,Atelectasis,count,gbm,3,24,brier,0.442598807227901
1449,chexpert,Atelectasis,count,gbm,4,24,auroc,0.5429291424810345
1450,chexpert,Atelectasis,count,gbm,4,24,auprc,0.04558784758697931
1451,chexpert,Atelectasis,count,gbm,4,24,brier,0.397086224549123
1452,chexpert,Atelectasis,count,gbm,0,32,auroc,0.5711193763085775
1453,chexpert,Atelectasis,count,gbm,0,32,auprc,0.04919716762195993
1454,chexpert,Atelectasis,count,gbm,0,32,brier,0.5007209346319139
1455,chexpert,Atelectasis,count,gbm,1,32,auroc,0.4864974665372983
1456,chexpert,Atelectasis,count,gbm,1,32,auprc,0.04041721809973582
1457,chexpert,Atelectasis,count,gbm,1,32,brier,0.4442675158325364
1458,chexpert,Atelectasis,count,gbm,2,32,auroc,0.5297986847555336
1459,chexpert,Atelectasis,count,gbm,2,32,auprc,0.045803699588875715
1460,chexpert,Atelectasis,count,gbm,2,32,brier,0.3654036413581959
1461,chexpert,Atelectasis,count,gbm,3,32,auroc,0.5667468126031967
1462,chexpert,Atelectasis,count,gbm,3,32,auprc,0.052912223422610094
1463,chexpert,Atelectasis,count,gbm,3,32,brier,0.44933426068911886
1464,chexpert,Atelectasis,count,gbm,4,32,auroc,0.5360216975618614
1465,chexpert,Atelectasis,count,gbm,4,32,auprc,0.04578412286047613
1466,chexpert,Atelectasis,count,gbm,4,32,brier,0.5762431763332005
1467,chexpert,Atelectasis,count,gbm,0,48,auroc,0.5574925811814504
1468,chexpert,Atelectasis,count,gbm,0,48,auprc,0.051530216516930724
1469,chexpert,Atelectasis,count,gbm,0,48,brier,0.2723449299694875
1470,chexpert,Atelectasis,count,gbm,1,48,auroc,0.527096277256711
1471,chexpert,Atelectasis,count,gbm,1,48,auprc,0.04489641253638582
1472,chexpert,Atelectasis,count,gbm,1,48,brier,0.2592071939111164
1473,chexpert,Atelectasis,count,gbm,2,48,auroc,0.46838079674990496
1474,chexpert,Atelectasis,count,gbm,2,48,auprc,0.03843389150252978
1475,chexpert,Atelectasis,count,gbm,2,48,brier,0.2899737389477023
1476,chexpert,Atelectasis,count,gbm,3,48,auroc,0.5285515288723963
1477,chexpert,Atelectasis,count,gbm,3,48,auprc,0.04449993329138825
1478,chexpert,Atelectasis,count,gbm,3,48,brier,0.48612064667952803
1479,chexpert,Atelectasis,count,gbm,4,48,auroc,0.5692168678116896
1480,chexpert,Atelectasis,count,gbm,4,48,auprc,0.0540217148904151
1481,chexpert,Atelectasis,count,gbm,4,48,brier,0.41386154089908667
1482,chexpert,Atelectasis,count,gbm,0,64,auroc,0.49534855680573764
1483,chexpert,Atelectasis,count,gbm,0,64,auprc,0.040621372052881854
1484,chexpert,Atelectasis,count,gbm,0,64,brier,0.4179990827496262
1485,chexpert,Atelectasis,count,gbm,1,64,auroc,0.5000201428725438
1486,chexpert,Atelectasis,count,gbm,1,64,auprc,0.04197851261144639
1487,chexpert,Atelectasis,count,gbm,1,64,brier,0.3509323391768068
1488,chexpert,Atelectasis,count,gbm,2,64,auroc,0.4939194058136302
1489,chexpert,Atelectasis,count,gbm,2,64,auprc,0.04897627030194667
1490,chexpert,Atelectasis,count,gbm,2,64,brier,0.3940186650514688
1491,chexpert,Atelectasis,count,gbm,3,64,auroc,0.5395030100827843
1492,chexpert,Atelectasis,count,gbm,3,64,auprc,0.046277889246364425
1493,chexpert,Atelectasis,count,gbm,3,64,brier,0.47867853211474737
1494,chexpert,Atelectasis,count,gbm,4,64,auroc,0.5471290732576415
1495,chexpert,Atelectasis,count,gbm,4,64,auprc,0.047261236886993616
1496,chexpert,Atelectasis,count,gbm,4,64,brier,0.34469144607511976
1497,chexpert,Atelectasis,count,gbm,0,128,auroc,0.5944858177155146
1498,chexpert,Atelectasis,count,gbm,0,128,auprc,0.057675512324900716
1499,chexpert,Atelectasis,count,gbm,0,128,brier,0.3230441681946424
1500,chexpert,Atelectasis,count,gbm,1,128,auroc,0.5502941994201123
1501,chexpert,Atelectasis,count,gbm,1,128,auprc,0.050646015545150413
1502,chexpert,Atelectasis,count,gbm,1,128,brier,0.30849886987998104
1503,chexpert,Atelectasis,count,gbm,2,128,auroc,0.5727622970818368
1504,chexpert,Atelectasis,count,gbm,2,128,auprc,0.05023128389340613
1505,chexpert,Atelectasis,count,gbm,2,128,brier,0.24481844875103023
1506,chexpert,Atelectasis,count,gbm,3,128,auroc,0.5469275026809879
1507,chexpert,Atelectasis,count,gbm,3,128,auprc,0.047963649371248515
1508,chexpert,Atelectasis,count,gbm,3,128,brier,0.3525877053694386
1509,chexpert,Atelectasis,count,gbm,4,128,auroc,0.5428846011994939
1510,chexpert,Atelectasis,count,gbm,4,128,auprc,0.05115979426267222
1511,chexpert,Atelectasis,count,gbm,4,128,brier,0.24123523921265347
1512,chexpert,Pneumothorax,count,gbm,0,-1,auroc,0.5929596811008216
1513,chexpert,Pneumothorax,count,gbm,0,-1,auprc,0.08252084315888605
1514,chexpert,Pneumothorax,count,gbm,0,-1,brier,0.042203395909964164
1515,chexpert,Pneumothorax,count,gbm,0,1,auroc,0.45855995391504717
1516,chexpert,Pneumothorax,count,gbm,0,1,auprc,0.04013653879277427
1517,chexpert,Pneumothorax,count,gbm,0,1,brier,0.7830047950413055
1518,chexpert,Pneumothorax,count,gbm,1,1,auroc,0.6401705360636494
1519,chexpert,Pneumothorax,count,gbm,1,1,auprc,0.06144378102367648
1520,chexpert,Pneumothorax,count,gbm,1,1,brier,0.39697636944107534
1521,chexpert,Pneumothorax,count,gbm,2,1,auroc,0.6401705360636494
1522,chexpert,Pneumothorax,count,gbm,2,1,auprc,0.06144378102367648
1523,chexpert,Pneumothorax,count,gbm,2,1,brier,0.39697636944107534
1524,chexpert,Pneumothorax,count,gbm,3,1,auroc,0.6401705360636494
1525,chexpert,Pneumothorax,count,gbm,3,1,auprc,0.06144378102367648
1526,chexpert,Pneumothorax,count,gbm,3,1,brier,0.39697636944107534
1527,chexpert,Pneumothorax,count,gbm,4,1,auroc,0.6000652145558889
1528,chexpert,Pneumothorax,count,gbm,4,1,auprc,0.05390755065159658
1529,chexpert,Pneumothorax,count,gbm,4,1,brier,0.5622204041807696
1530,chexpert,Pneumothorax,count,gbm,0,2,auroc,0.5589327637928786
1531,chexpert,Pneumothorax,count,gbm,0,2,auprc,0.050142302163773245
1532,chexpert,Pneumothorax,count,gbm,0,2,brier,0.25247964128536526
1533,chexpert,Pneumothorax,count,gbm,1,2,auroc,0.4463898308769184
1534,chexpert,Pneumothorax,count,gbm,1,2,auprc,0.03941884156024308
1535,chexpert,Pneumothorax,count,gbm,1,2,brier,0.6675175752065647
1536,chexpert,Pneumothorax,count,gbm,2,2,auroc,0.5557627929220469
1537,chexpert,Pneumothorax,count,gbm,2,2,auprc,0.048866383194571705
1538,chexpert,Pneumothorax,count,gbm,2,2,brier,0.4340644750159851
1539,chexpert,Pneumothorax,count,gbm,3,2,auroc,0.5923427242293813
1540,chexpert,Pneumothorax,count,gbm,3,2,auprc,0.05320050923486742
1541,chexpert,Pneumothorax,count,gbm,3,2,brier,0.4974998239077234
1542,chexpert,Pneumothorax,count,gbm,4,2,auroc,0.5665085213686362
1543,chexpert,Pneumothorax,count,gbm,4,2,auprc,0.049611253132656845
1544,chexpert,Pneumothorax,count,gbm,4,2,brier,0.7011171956036358
1545,chexpert,Pneumothorax,count,gbm,0,4,auroc,0.4506081257336638
1546,chexpert,Pneumothorax,count,gbm,0,4,auprc,0.04518494356353549
1547,chexpert,Pneumothorax,count,gbm,0,4,brier,0.40891066083894284
1548,chexpert,Pneumothorax,count,gbm,1,4,auroc,0.3947545758880049
1549,chexpert,Pneumothorax,count,gbm,1,4,auprc,0.03691871911007499
1550,chexpert,Pneumothorax,count,gbm,1,4,brier,0.7698068011046806
1551,chexpert,Pneumothorax,count,gbm,2,4,auroc,0.41548533215947137
1552,chexpert,Pneumothorax,count,gbm,2,4,auprc,0.038875719926736184
1553,chexpert,Pneumothorax,count,gbm,2,4,brier,0.4839907177123167
1554,chexpert,Pneumothorax,count,gbm,3,4,auroc,0.5433261053867223
1555,chexpert,Pneumothorax,count,gbm,3,4,auprc,0.04787332141011719
1556,chexpert,Pneumothorax,count,gbm,3,4,brier,0.5888317118112997
1557,chexpert,Pneumothorax,count,gbm,4,4,auroc,0.3938868147037085
1558,chexpert,Pneumothorax,count,gbm,4,4,auprc,0.03867693663098411
1559,chexpert,Pneumothorax,count,gbm,4,4,brier,0.5554356057026795
1560,chexpert,Pneumothorax,count,gbm,0,8,auroc,0.45107970849093515
1561,chexpert,Pneumothorax,count,gbm,0,8,auprc,0.041859862281184185
1562,chexpert,Pneumothorax,count,gbm,0,8,brier,0.4416840610623156
1563,chexpert,Pneumothorax,count,gbm,1,8,auroc,0.5866624005478023
1564,chexpert,Pneumothorax,count,gbm,1,8,auprc,0.05166089495134528
1565,chexpert,Pneumothorax,count,gbm,1,8,brier,0.3180264417321109
1566,chexpert,Pneumothorax,count,gbm,2,8,auroc,0.33554818268770925
1567,chexpert,Pneumothorax,count,gbm,2,8,auprc,0.032255389602973514
1568,chexpert,Pneumothorax,count,gbm,2,8,brier,0.5400652358273629
1569,chexpert,Pneumothorax,count,gbm,3,8,auroc,0.5901292335115865
1570,chexpert,Pneumothorax,count,gbm,3,8,auprc,0.05950968600388001
1571,chexpert,Pneumothorax,count,gbm,3,8,brier,0.517329108076487
1572,chexpert,Pneumothorax,count,gbm,4,8,auroc,0.5391840300421721
1573,chexpert,Pneumothorax,count,gbm,4,8,auprc,0.04879066303674634
1574,chexpert,Pneumothorax,count,gbm,4,8,brier,0.5161429506986058
1575,chexpert,Pneumothorax,count,gbm,0,12,auroc,0.5803581909482196
1576,chexpert,Pneumothorax,count,gbm,0,12,auprc,0.054459995475603575
1577,chexpert,Pneumothorax,count,gbm,0,12,brier,0.40135118834199396
1578,chexpert,Pneumothorax,count,gbm,1,12,auroc,0.5988639080909526
1579,chexpert,Pneumothorax,count,gbm,1,12,auprc,0.05525745481791043
1580,chexpert,Pneumothorax,count,gbm,1,12,brier,0.31664940810928005
1581,chexpert,Pneumothorax,count,gbm,2,12,auroc,0.5962963566801442
1582,chexpert,Pneumothorax,count,gbm,2,12,auprc,0.06606355675601414
1583,chexpert,Pneumothorax,count,gbm,2,12,brier,0.20430738523911424
1584,chexpert,Pneumothorax,count,gbm,3,12,auroc,0.5649710882135559
1585,chexpert,Pneumothorax,count,gbm,3,12,auprc,0.05431945945301926
1586,chexpert,Pneumothorax,count,gbm,3,12,brier,0.6300113320777501
1587,chexpert,Pneumothorax,count,gbm,4,12,auroc,0.6845104560671275
1588,chexpert,Pneumothorax,count,gbm,4,12,auprc,0.09127451685143784
1589,chexpert,Pneumothorax,count,gbm,4,12,brier,0.48922829601890844
1590,chexpert,Pneumothorax,count,gbm,0,16,auroc,0.5759420786052781
1591,chexpert,Pneumothorax,count,gbm,0,16,auprc,0.0721856169105157
1592,chexpert,Pneumothorax,count,gbm,0,16,brier,0.22213271148777777
1593,chexpert,Pneumothorax,count,gbm,1,16,auroc,0.5853620494761098
1594,chexpert,Pneumothorax,count,gbm,1,16,auprc,0.053894417213754764
1595,chexpert,Pneumothorax,count,gbm,1,16,brier,0.3935796865047603
1596,chexpert,Pneumothorax,count,gbm,2,16,auroc,0.5743205458458328
1597,chexpert,Pneumothorax,count,gbm,2,16,auprc,0.05144999649930749
1598,chexpert,Pneumothorax,count,gbm,2,16,brier,0.46005013311501136
1599,chexpert,Pneumothorax,count,gbm,3,16,auroc,0.5073589191774271
1600,chexpert,Pneumothorax,count,gbm,3,16,auprc,0.04764817069438636
1601,chexpert,Pneumothorax,count,gbm,3,16,brier,0.525361646512082
1602,chexpert,Pneumothorax,count,gbm,4,16,auroc,0.7126218697013174
1603,chexpert,Pneumothorax,count,gbm,4,16,auprc,0.09150907260462653
1604,chexpert,Pneumothorax,count,gbm,4,16,brier,0.40950851470665023
1605,chexpert,Pneumothorax,count,gbm,0,24,auroc,0.5846010771270814
1606,chexpert,Pneumothorax,count,gbm,0,24,auprc,0.10115089196985484
1607,chexpert,Pneumothorax,count,gbm,0,24,brier,0.36356306138646205
1608,chexpert,Pneumothorax,count,gbm,1,24,auroc,0.5771542541628625
1609,chexpert,Pneumothorax,count,gbm,1,24,auprc,0.05033391889220511
1610,chexpert,Pneumothorax,count,gbm,1,24,brier,0.35465270879497657
1611,chexpert,Pneumothorax,count,gbm,2,24,auroc,0.4536006586670145
1612,chexpert,Pneumothorax,count,gbm,2,24,auprc,0.045529452262729295
1613,chexpert,Pneumothorax,count,gbm,2,24,brier,0.5156474385732497
1614,chexpert,Pneumothorax,count,gbm,3,24,auroc,0.6064059714795009
1615,chexpert,Pneumothorax,count,gbm,3,24,auprc,0.09546784500686108
1616,chexpert,Pneumothorax,count,gbm,3,24,brier,0.4530511617031381
1617,chexpert,Pneumothorax,count,gbm,4,24,auroc,0.7378233555062823
1618,chexpert,Pneumothorax,count,gbm,4,24,auprc,0.12179622421911504
1619,chexpert,Pneumothorax,count,gbm,4,24,brier,0.2697069787351261
1620,chexpert,Pneumothorax,count,gbm,0,32,auroc,0.6629566377548802
1621,chexpert,Pneumothorax,count,gbm,0,32,auprc,0.0814272712562992
1622,chexpert,Pneumothorax,count,gbm,0,32,brier,0.18858287973430735
1623,chexpert,Pneumothorax,count,gbm,1,32,auroc,0.6145356451893396
1624,chexpert,Pneumothorax,count,gbm,1,32,auprc,0.059561036119354586
1625,chexpert,Pneumothorax,count,gbm,1,32,brier,0.44484058113827557
1626,chexpert,Pneumothorax,count,gbm,2,32,auroc,0.5524095419764359
1627,chexpert,Pneumothorax,count,gbm,2,32,auprc,0.05202575166084823
1628,chexpert,Pneumothorax,count,gbm,2,32,brier,0.27053056833872574
1629,chexpert,Pneumothorax,count,gbm,3,32,auroc,0.7166018597017522
1630,chexpert,Pneumothorax,count,gbm,3,32,auprc,0.14021497712906142
1631,chexpert,Pneumothorax,count,gbm,3,32,brier,0.4274587300317735
1632,chexpert,Pneumothorax,count,gbm,4,32,auroc,0.6693014705882354
1633,chexpert,Pneumothorax,count,gbm,4,32,auprc,0.09234856580685971
1634,chexpert,Pneumothorax,count,gbm,4,32,brier,0.2339276477387601
1635,chexpert,Pneumothorax,count,gbm,0,48,auroc,0.686392439459154
1636,chexpert,Pneumothorax,count,gbm,0,48,auprc,0.09290355171230172
1637,chexpert,Pneumothorax,count,gbm,0,48,brier,0.18385383232576882
1638,chexpert,Pneumothorax,count,gbm,1,48,auroc,0.5506790465631929
1639,chexpert,Pneumothorax,count,gbm,1,48,auprc,0.04909537574951875
1640,chexpert,Pneumothorax,count,gbm,1,48,brier,0.20601852869696652
1641,chexpert,Pneumothorax,count,gbm,2,48,auroc,0.6128054215034129
1642,chexpert,Pneumothorax,count,gbm,2,48,auprc,0.06533759206749531
1643,chexpert,Pneumothorax,count,gbm,2,48,brier,0.3048452093124392
1644,chexpert,Pneumothorax,count,gbm,3,48,auroc,0.6974608440937351
1645,chexpert,Pneumothorax,count,gbm,3,48,auprc,0.10604898267254609
1646,chexpert,Pneumothorax,count,gbm,3,48,brier,0.21264038228750703
1647,chexpert,Pneumothorax,count,gbm,4,48,auroc,0.610347647928351
1648,chexpert,Pneumothorax,count,gbm,4,48,auprc,0.05864312192879603
1649,chexpert,Pneumothorax,count,gbm,4,48,brier,0.26310241505615245
1650,chexpert,Pneumothorax,count,gbm,0,64,auroc,0.6731147558801791
1651,chexpert,Pneumothorax,count,gbm,0,64,auprc,0.06616394100041764
1652,chexpert,Pneumothorax,count,gbm,0,64,brier,0.20380203966574822
1653,chexpert,Pneumothorax,count,gbm,1,64,auroc,0.6026748837007087
1654,chexpert,Pneumothorax,count,gbm,1,64,auprc,0.0724363864957762
1655,chexpert,Pneumothorax,count,gbm,1,64,brier,0.20267396892049563
1656,chexpert,Pneumothorax,count,gbm,2,64,auroc,0.6592265010216947
1657,chexpert,Pneumothorax,count,gbm,2,64,auprc,0.08381721897088154
1658,chexpert,Pneumothorax,count,gbm,2,64,brier,0.15237512324305555
1659,chexpert,Pneumothorax,count,gbm,3,64,auroc,0.6198278063997218
1660,chexpert,Pneumothorax,count,gbm,3,64,auprc,0.059754383453550136
1661,chexpert,Pneumothorax,count,gbm,3,64,brier,0.1712874849591423
1662,chexpert,Pneumothorax,count,gbm,4,64,auroc,0.6212659232207295
1663,chexpert,Pneumothorax,count,gbm,4,64,auprc,0.0638800747624526
1664,chexpert,Pneumothorax,count,gbm,4,64,brier,0.28035874668333927
1665,chexpert,Pneumothorax,count,gbm,0,128,auroc,0.5899335898439197
1666,chexpert,Pneumothorax,count,gbm,0,128,auprc,0.06021134678847745
1667,chexpert,Pneumothorax,count,gbm,0,128,brier,0.17521433024967803
1668,chexpert,Pneumothorax,count,gbm,1,128,auroc,0.6606700523890265
1669,chexpert,Pneumothorax,count,gbm,1,128,auprc,0.08360570058357372
1670,chexpert,Pneumothorax,count,gbm,1,128,brier,0.1000968960952975
1671,chexpert,Pneumothorax,count,gbm,2,128,auroc,0.7290074344593713
1672,chexpert,Pneumothorax,count,gbm,2,128,auprc,0.09972891189397315
1673,chexpert,Pneumothorax,count,gbm,2,128,brier,0.11860915060852918
1674,chexpert,Pneumothorax,count,gbm,3,128,auroc,0.6992636189730882
1675,chexpert,Pneumothorax,count,gbm,3,128,auprc,0.0829424913453666
1676,chexpert,Pneumothorax,count,gbm,3,128,brier,0.13574826325506129
1677,chexpert,Pneumothorax,count,gbm,4,128,auroc,0.6293492674231556
1678,chexpert,Pneumothorax,count,gbm,4,128,auprc,0.12161249288630716
1679,chexpert,Pneumothorax,count,gbm,4,128,brier,0.11049786045514863
1680,chexpert,Pleural Effusion,count,gbm,0,-1,auroc,0.6725166171348225
1681,chexpert,Pleural Effusion,count,gbm,0,-1,auprc,0.22590025486310147
1682,chexpert,Pleural Effusion,count,gbm,0,-1,brier,0.10799528606317302
1683,chexpert,Pleural Effusion,count,gbm,0,1,auroc,0.4806276563448695
1684,chexpert,Pleural Effusion,count,gbm,0,1,auprc,0.12611799534789261
1685,chexpert,Pleural Effusion,count,gbm,0,1,brier,0.21144403932500752
1686,chexpert,Pleural Effusion,count,gbm,1,1,auroc,0.5010289841178539
1687,chexpert,Pleural Effusion,count,gbm,1,1,auprc,0.12963450190856443
1688,chexpert,Pleural Effusion,count,gbm,1,1,brier,0.42047774327072074
1689,chexpert,Pleural Effusion,count,gbm,2,1,auroc,0.49897101588214626
1690,chexpert,Pleural Effusion,count,gbm,2,1,auprc,0.12917072784686529
1691,chexpert,Pleural Effusion,count,gbm,2,1,brier,0.45407736366779183
1692,chexpert,Pleural Effusion,count,gbm,3,1,auroc,0.5141525261240533
1693,chexpert,Pleural Effusion,count,gbm,3,1,auprc,0.13270675298225315
1694,chexpert,Pleural Effusion,count,gbm,3,1,brier,0.5447779782915796
1695,chexpert,Pleural Effusion,count,gbm,4,1,auroc,0.49897101588214626
1696,chexpert,Pleural Effusion,count,gbm,4,1,auprc,0.12917072784686529
1697,chexpert,Pleural Effusion,count,gbm,4,1,brier,0.45407736366779183
1698,chexpert,Pleural Effusion,count,gbm,0,2,auroc,0.5488154299683636
1699,chexpert,Pleural Effusion,count,gbm,0,2,auprc,0.14183467001082534
1700,chexpert,Pleural Effusion,count,gbm,0,2,brier,0.5156766677290897
1701,chexpert,Pleural Effusion,count,gbm,1,2,auroc,0.46178738056434343
1702,chexpert,Pleural Effusion,count,gbm,1,2,auprc,0.122828498624656
1703,chexpert,Pleural Effusion,count,gbm,1,2,brier,0.31187569155013317
1704,chexpert,Pleural Effusion,count,gbm,2,2,auroc,0.46178738056434343
1705,chexpert,Pleural Effusion,count,gbm,2,2,auprc,0.122828498624656
1706,chexpert,Pleural Effusion,count,gbm,2,2,brier,0.31187569155013317
1707,chexpert,Pleural Effusion,count,gbm,3,2,auroc,0.5044402901607389
1708,chexpert,Pleural Effusion,count,gbm,3,2,auprc,0.13043764173361513
1709,chexpert,Pleural Effusion,count,gbm,3,2,brier,0.2549583018064607
1710,chexpert,Pleural Effusion,count,gbm,4,2,auroc,0.5446329850126227
1711,chexpert,Pleural Effusion,count,gbm,4,2,auprc,0.14152563874656654
1712,chexpert,Pleural Effusion,count,gbm,4,2,brier,0.3416196178032782
1713,chexpert,Pleural Effusion,count,gbm,0,4,auroc,0.5438199537436488
1714,chexpert,Pleural Effusion,count,gbm,0,4,auprc,0.1421720855321585
1715,chexpert,Pleural Effusion,count,gbm,0,4,brier,0.5903159831939051
1716,chexpert,Pleural Effusion,count,gbm,1,4,auroc,0.43371860320199407
1717,chexpert,Pleural Effusion,count,gbm,1,4,auprc,0.11545624599348708
1718,chexpert,Pleural Effusion,count,gbm,1,4,brier,0.4028517128984874
1719,chexpert,Pleural Effusion,count,gbm,2,4,auroc,0.48722687581887325
1720,chexpert,Pleural Effusion,count,gbm,2,4,auprc,0.12549713518588074
1721,chexpert,Pleural Effusion,count,gbm,2,4,brier,0.4851447537978689
1722,chexpert,Pleural Effusion,count,gbm,3,4,auroc,0.5262336025628734
1723,chexpert,Pleural Effusion,count,gbm,3,4,auprc,0.13538194479531002
1724,chexpert,Pleural Effusion,count,gbm,3,4,brier,0.540187866215478
1725,chexpert,Pleural Effusion,count,gbm,4,4,auroc,0.5680264456108394
1726,chexpert,Pleural Effusion,count,gbm,4,4,auprc,0.18267847302577966
1727,chexpert,Pleural Effusion,count,gbm,4,4,brier,0.5927113155062834
1728,chexpert,Pleural Effusion,count,gbm,0,8,auroc,0.47027185592624543
1729,chexpert,Pleural Effusion,count,gbm,0,8,auprc,0.1247187937265962
1730,chexpert,Pleural Effusion,count,gbm,0,8,brier,0.5553524866508011
1731,chexpert,Pleural Effusion,count,gbm,1,8,auroc,0.4498547997954815
1732,chexpert,Pleural Effusion,count,gbm,1,8,auprc,0.11505869894228671
1733,chexpert,Pleural Effusion,count,gbm,1,8,brier,0.4856158802241406
1734,chexpert,Pleural Effusion,count,gbm,2,8,auroc,0.49434068721439306
1735,chexpert,Pleural Effusion,count,gbm,2,8,auprc,0.1298508386585134
1736,chexpert,Pleural Effusion,count,gbm,2,8,brier,0.6205673383079355
1737,chexpert,Pleural Effusion,count,gbm,3,8,auroc,0.5450202022017704
1738,chexpert,Pleural Effusion,count,gbm,3,8,auprc,0.1475031638685094
1739,chexpert,Pleural Effusion,count,gbm,3,8,brier,0.34095050793478354
1740,chexpert,Pleural Effusion,count,gbm,4,8,auroc,0.5192188049244241
1741,chexpert,Pleural Effusion,count,gbm,4,8,auprc,0.14049963865644088
1742,chexpert,Pleural Effusion,count,gbm,4,8,brier,0.383377759288859
1743,chexpert,Pleural Effusion,count,gbm,0,12,auroc,0.5929342225098264
1744,chexpert,Pleural Effusion,count,gbm,0,12,auprc,0.1766322763679189
1745,chexpert,Pleural Effusion,count,gbm,0,12,brier,0.43228233882895545
1746,chexpert,Pleural Effusion,count,gbm,1,12,auroc,0.49067942511104723
1747,chexpert,Pleural Effusion,count,gbm,1,12,auprc,0.12970079268247148
1748,chexpert,Pleural Effusion,count,gbm,1,12,brier,0.3809004795570232
1749,chexpert,Pleural Effusion,count,gbm,2,12,auroc,0.541754196225993
1750,chexpert,Pleural Effusion,count,gbm,2,12,auprc,0.1509159601471248
1751,chexpert,Pleural Effusion,count,gbm,2,12,brier,0.5002800706977306
1752,chexpert,Pleural Effusion,count,gbm,3,12,auroc,0.511610673712971
1753,chexpert,Pleural Effusion,count,gbm,3,12,auprc,0.1329927575272338
1754,chexpert,Pleural Effusion,count,gbm,3,12,brier,0.4455551990962787
1755,chexpert,Pleural Effusion,count,gbm,4,12,auroc,0.5602438544562682
1756,chexpert,Pleural Effusion,count,gbm,4,12,auprc,0.16806672056145505
1757,chexpert,Pleural Effusion,count,gbm,4,12,brier,0.41063632214004697
1758,chexpert,Pleural Effusion,count,gbm,0,16,auroc,0.5675391661074362
1759,chexpert,Pleural Effusion,count,gbm,0,16,auprc,0.1654455064139133
1760,chexpert,Pleural Effusion,count,gbm,0,16,brier,0.4502950459764404
1761,chexpert,Pleural Effusion,count,gbm,1,16,auroc,0.5111331807432973
1762,chexpert,Pleural Effusion,count,gbm,1,16,auprc,0.13259891679440447
1763,chexpert,Pleural Effusion,count,gbm,1,16,brier,0.4648408389800525
1764,chexpert,Pleural Effusion,count,gbm,2,16,auroc,0.4884830473268782
1765,chexpert,Pleural Effusion,count,gbm,2,16,auprc,0.12285645438890509
1766,chexpert,Pleural Effusion,count,gbm,2,16,brier,0.49286308856683936
1767,chexpert,Pleural Effusion,count,gbm,3,16,auroc,0.6017611766209695
1768,chexpert,Pleural Effusion,count,gbm,3,16,auprc,0.17192640090790634
1769,chexpert,Pleural Effusion,count,gbm,3,16,brier,0.5060580339437223
1770,chexpert,Pleural Effusion,count,gbm,4,16,auroc,0.5088866719394114
1771,chexpert,Pleural Effusion,count,gbm,4,16,auprc,0.14393688959455675
1772,chexpert,Pleural Effusion,count,gbm,4,16,brier,0.4999345932014775
1773,chexpert,Pleural Effusion,count,gbm,0,24,auroc,0.5648609513309686
1774,chexpert,Pleural Effusion,count,gbm,0,24,auprc,0.1674383942946639
1775,chexpert,Pleural Effusion,count,gbm,0,24,brier,0.33869078264684715
1776,chexpert,Pleural Effusion,count,gbm,1,24,auroc,0.5017013589301121
1777,chexpert,Pleural Effusion,count,gbm,1,24,auprc,0.13173465890451874
1778,chexpert,Pleural Effusion,count,gbm,1,24,brier,0.403565278433954
1779,chexpert,Pleural Effusion,count,gbm,2,24,auroc,0.5307664154123926
1780,chexpert,Pleural Effusion,count,gbm,2,24,auprc,0.14009784507285172
1781,chexpert,Pleural Effusion,count,gbm,2,24,brier,0.3948979584910929
1782,chexpert,Pleural Effusion,count,gbm,3,24,auroc,0.5401627860064552
1783,chexpert,Pleural Effusion,count,gbm,3,24,auprc,0.141596450098946
1784,chexpert,Pleural Effusion,count,gbm,3,24,brier,0.3466084288221148
1785,chexpert,Pleural Effusion,count,gbm,4,24,auroc,0.4678758028952162
1786,chexpert,Pleural Effusion,count,gbm,4,24,auprc,0.1196704550978718
1787,chexpert,Pleural Effusion,count,gbm,4,24,brier,0.32127316493242664
1788,chexpert,Pleural Effusion,count,gbm,0,32,auroc,0.6062347210238711
1789,chexpert,Pleural Effusion,count,gbm,0,32,auprc,0.16714935399620906
1790,chexpert,Pleural Effusion,count,gbm,0,32,brier,0.4174725114037867
1791,chexpert,Pleural Effusion,count,gbm,1,32,auroc,0.5396858922123159
1792,chexpert,Pleural Effusion,count,gbm,1,32,auprc,0.14671147734859152
1793,chexpert,Pleural Effusion,count,gbm,1,32,brier,0.5487278479836316
1794,chexpert,Pleural Effusion,count,gbm,2,32,auroc,0.5933314758891766
1795,chexpert,Pleural Effusion,count,gbm,2,32,auprc,0.17024974559506498
1796,chexpert,Pleural Effusion,count,gbm,2,32,brier,0.33154813653808357
1797,chexpert,Pleural Effusion,count,gbm,3,32,auroc,0.5057887846323459
1798,chexpert,Pleural Effusion,count,gbm,3,32,auprc,0.1333593835009208
1799,chexpert,Pleural Effusion,count,gbm,3,32,brier,0.3653354068028079
1800,chexpert,Pleural Effusion,count,gbm,4,32,auroc,0.5869524534240884
1801,chexpert,Pleural Effusion,count,gbm,4,32,auprc,0.17065124231792717
1802,chexpert,Pleural Effusion,count,gbm,4,32,brier,0.46501268876951163
1803,chexpert,Pleural Effusion,count,gbm,0,48,auroc,0.6276533489917873
1804,chexpert,Pleural Effusion,count,gbm,0,48,auprc,0.19518569236462804
1805,chexpert,Pleural Effusion,count,gbm,0,48,brier,0.4422852392708436
1806,chexpert,Pleural Effusion,count,gbm,1,48,auroc,0.6513039058255841
1807,chexpert,Pleural Effusion,count,gbm,1,48,auprc,0.23279896556478857
1808,chexpert,Pleural Effusion,count,gbm,1,48,brier,0.3569809728742432
1809,chexpert,Pleural Effusion,count,gbm,2,48,auroc,0.62040721966574
1810,chexpert,Pleural Effusion,count,gbm,2,48,auprc,0.19805452573565688
1811,chexpert,Pleural Effusion,count,gbm,2,48,brier,0.39314679690088306
1812,chexpert,Pleural Effusion,count,gbm,3,48,auroc,0.5389753199597354
1813,chexpert,Pleural Effusion,count,gbm,3,48,auprc,0.15326518873180617
1814,chexpert,Pleural Effusion,count,gbm,3,48,brier,0.3206948992120237
1815,chexpert,Pleural Effusion,count,gbm,4,48,auroc,0.639449916914326
1816,chexpert,Pleural Effusion,count,gbm,4,48,auprc,0.20983439326415196
1817,chexpert,Pleural Effusion,count,gbm,4,48,brier,0.315475772078739
1818,chexpert,Pleural Effusion,count,gbm,0,64,auroc,0.6399447360432045
1819,chexpert,Pleural Effusion,count,gbm,0,64,auprc,0.2219691655002664
1820,chexpert,Pleural Effusion,count,gbm,0,64,brier,0.4333920362787052
1821,chexpert,Pleural Effusion,count,gbm,1,64,auroc,0.6378989510433642
1822,chexpert,Pleural Effusion,count,gbm,1,64,auprc,0.21244367430430042
1823,chexpert,Pleural Effusion,count,gbm,1,64,brier,0.3451528349809225
1824,chexpert,Pleural Effusion,count,gbm,2,64,auroc,0.6048013433515482
1825,chexpert,Pleural Effusion,count,gbm,2,64,auprc,0.1813654812972678
1826,chexpert,Pleural Effusion,count,gbm,2,64,brier,0.40341046801305974
1827,chexpert,Pleural Effusion,count,gbm,3,64,auroc,0.5780841562010672
1828,chexpert,Pleural Effusion,count,gbm,3,64,auprc,0.16475590136287485
1829,chexpert,Pleural Effusion,count,gbm,3,64,brier,0.32839542424487933
1830,chexpert,Pleural Effusion,count,gbm,4,64,auroc,0.6283741072284537
1831,chexpert,Pleural Effusion,count,gbm,4,64,auprc,0.21905992758436704
1832,chexpert,Pleural Effusion,count,gbm,4,64,brier,0.31784656138764783
1833,chexpert,Pleural Effusion,count,gbm,0,128,auroc,0.6432925794107308
1834,chexpert,Pleural Effusion,count,gbm,0,128,auprc,0.21304331005596908
1835,chexpert,Pleural Effusion,count,gbm,0,128,brier,0.38320639749816554
1836,chexpert,Pleural Effusion,count,gbm,1,128,auroc,0.6039489662224778
1837,chexpert,Pleural Effusion,count,gbm,1,128,auprc,0.19076846484701357
1838,chexpert,Pleural Effusion,count,gbm,1,128,brier,0.2612577501435131
1839,chexpert,Pleural Effusion,count,gbm,2,128,auroc,0.6794696996932221
1840,chexpert,Pleural Effusion,count,gbm,2,128,auprc,0.23417643984280584
1841,chexpert,Pleural Effusion,count,gbm,2,128,brier,0.33121212603850414
1842,chexpert,Pleural Effusion,count,gbm,3,128,auroc,0.6059509614770077
1843,chexpert,Pleural Effusion,count,gbm,3,128,auprc,0.20557220757603062
1844,chexpert,Pleural Effusion,count,gbm,3,128,brier,0.3088871508410445
1845,chexpert,Pleural Effusion,count,gbm,4,128,auroc,0.6509333157575177
1846,chexpert,Pleural Effusion,count,gbm,4,128,auprc,0.23629073866137884
1847,chexpert,Pleural Effusion,count,gbm,4,128,brier,0.28606916339815336
1848,chexpert,Pleural Other,count,gbm,0,-1,auroc,0.7312503300011356
1849,chexpert,Pleural Other,count,gbm,0,-1,auprc,0.05187616619069735
1850,chexpert,Pleural Other,count,gbm,0,-1,brier,0.015441116805028389
1851,chexpert,Pleural Other,count,gbm,0,1,auroc,0.36849355295315755
1852,chexpert,Pleural Other,count,gbm,0,1,auprc,0.014407030530422579
1853,chexpert,Pleural Other,count,gbm,0,1,brier,0.3547473383409313
1854,chexpert,Pleural Other,count,gbm,1,1,auroc,0.5181006979026755
1855,chexpert,Pleural Other,count,gbm,1,1,auprc,0.01640935911816339
1856,chexpert,Pleural Other,count,gbm,1,1,brier,0.4148778065378756
1857,chexpert,Pleural Other,count,gbm,2,1,auroc,0.48189930209732446
1858,chexpert,Pleural Other,count,gbm,2,1,auprc,0.015279076583770626
1859,chexpert,Pleural Other,count,gbm,2,1,brier,0.4596773004006371
1860,chexpert,Pleural Other,count,gbm,3,1,auroc,0.5528696175458621
1861,chexpert,Pleural Other,count,gbm,3,1,auprc,0.019878945154209134
1862,chexpert,Pleural Other,count,gbm,3,1,brier,0.07438329273258337
1863,chexpert,Pleural Other,count,gbm,4,1,auroc,0.5181006979026755
1864,chexpert,Pleural Other,count,gbm,4,1,auprc,0.01640935911816339
1865,chexpert,Pleural Other,count,gbm,4,1,brier,0.4148778065378756
1866,chexpert,Pleural Other,count,gbm,0,2,auroc,0.36849355295315755
1867,chexpert,Pleural Other,count,gbm,0,2,auprc,0.014407030530422579
1868,chexpert,Pleural Other,count,gbm,0,2,brier,0.3547473383409317
1869,chexpert,Pleural Other,count,gbm,1,2,auroc,0.5752720836759921
1870,chexpert,Pleural Other,count,gbm,1,2,auprc,0.01856612755509409
1871,chexpert,Pleural Other,count,gbm,1,2,brier,0.7056155054382165
1872,chexpert,Pleural Other,count,gbm,2,2,auroc,0.48189930209732446
1873,chexpert,Pleural Other,count,gbm,2,2,auprc,0.015279076583770626
1874,chexpert,Pleural Other,count,gbm,2,2,brier,0.45967730040063776
1875,chexpert,Pleural Other,count,gbm,3,2,auroc,0.6591129858792062
1876,chexpert,Pleural Other,count,gbm,3,2,auprc,0.02428924066415068
1877,chexpert,Pleural Other,count,gbm,3,2,brier,0.3771470852723125
1878,chexpert,Pleural Other,count,gbm,4,2,auroc,0.4678859168896209
1879,chexpert,Pleural Other,count,gbm,4,2,auprc,0.015265796049677254
1880,chexpert,Pleural Other,count,gbm,4,2,brier,0.13478916765409393
1881,chexpert,Pleural Other,count,gbm,0,4,auroc,0.5261100514910265
1882,chexpert,Pleural Other,count,gbm,0,4,auprc,0.015948217433729713
1883,chexpert,Pleural Other,count,gbm,0,4,brier,0.5946296435160666
1884,chexpert,Pleural Other,count,gbm,1,4,auroc,0.6150617219658159
1885,chexpert,Pleural Other,count,gbm,1,4,auprc,0.021324429759871078
1886,chexpert,Pleural Other,count,gbm,1,4,brier,0.4944744596313882
1887,chexpert,Pleural Other,count,gbm,2,4,auroc,0.6659719464678486
1888,chexpert,Pleural Other,count,gbm,2,4,auprc,0.028842234511370465
1889,chexpert,Pleural Other,count,gbm,2,4,brier,0.2837586747203186
1890,chexpert,Pleural Other,count,gbm,3,4,auroc,0.4616175227167357
1891,chexpert,Pleural Other,count,gbm,3,4,auprc,0.014711922796049787
1892,chexpert,Pleural Other,count,gbm,3,4,brier,0.3637228089872012
1893,chexpert,Pleural Other,count,gbm,4,4,auroc,0.35898626544314904
1894,chexpert,Pleural Other,count,gbm,4,4,auprc,0.0115611305912711
1895,chexpert,Pleural Other,count,gbm,4,4,brier,0.31587116751514766
1896,chexpert,Pleural Other,count,gbm,0,8,auroc,0.6482173429068019
1897,chexpert,Pleural Other,count,gbm,0,8,auprc,0.023135046407657626
1898,chexpert,Pleural Other,count,gbm,0,8,brier,0.4008427216750903
1899,chexpert,Pleural Other,count,gbm,1,8,auroc,0.66738742531125
1900,chexpert,Pleural Other,count,gbm,1,8,auprc,0.02939587296023399
1901,chexpert,Pleural Other,count,gbm,1,8,brier,0.3760685728891059
1902,chexpert,Pleural Other,count,gbm,2,8,auroc,0.6312699311644754
1903,chexpert,Pleural Other,count,gbm,2,8,auprc,0.024396560948183925
1904,chexpert,Pleural Other,count,gbm,2,8,brier,0.426269121654385
1905,chexpert,Pleural Other,count,gbm,3,8,auroc,0.6331978610863385
1906,chexpert,Pleural Other,count,gbm,3,8,auprc,0.03167094630651905
1907,chexpert,Pleural Other,count,gbm,3,8,brier,0.3670179666131685
1908,chexpert,Pleural Other,count,gbm,4,8,auroc,0.6857054719070486
1909,chexpert,Pleural Other,count,gbm,4,8,auprc,0.03064452987195654
1910,chexpert,Pleural Other,count,gbm,4,8,brier,0.3925395795967421
1911,chexpert,Pleural Other,count,gbm,0,12,auroc,0.705321101050145
1912,chexpert,Pleural Other,count,gbm,0,12,auprc,0.038815045240510965
1913,chexpert,Pleural Other,count,gbm,0,12,brier,0.3995934859449242
1914,chexpert,Pleural Other,count,gbm,1,12,auroc,0.6619584093692115
1915,chexpert,Pleural Other,count,gbm,1,12,auprc,0.02713265930394805
1916,chexpert,Pleural Other,count,gbm,1,12,brier,0.5097921865300395
1917,chexpert,Pleural Other,count,gbm,2,12,auroc,0.5526616716248207
1918,chexpert,Pleural Other,count,gbm,2,12,auprc,0.027459763144889692
1919,chexpert,Pleural Other,count,gbm,2,12,brier,0.17375761766037767
1920,chexpert,Pleural Other,count,gbm,3,12,auroc,0.6310070151912632
1921,chexpert,Pleural Other,count,gbm,3,12,auprc,0.023747669223685767
1922,chexpert,Pleural Other,count,gbm,3,12,brier,0.34039068028239966
1923,chexpert,Pleural Other,count,gbm,4,12,auroc,0.521154067313722
1924,chexpert,Pleural Other,count,gbm,4,12,auprc,0.019329766694581224
1925,chexpert,Pleural Other,count,gbm,4,12,brier,0.40508469243113954
1926,chexpert,Pleural Other,count,gbm,0,16,auroc,0.5671332611489754
1927,chexpert,Pleural Other,count,gbm,0,16,auprc,0.01945683359499771
1928,chexpert,Pleural Other,count,gbm,0,16,brier,0.45423474482899934
1929,chexpert,Pleural Other,count,gbm,1,16,auroc,0.6589516921734941
1930,chexpert,Pleural Other,count,gbm,1,16,auprc,0.026616974778485507
1931,chexpert,Pleural Other,count,gbm,1,16,brier,0.4724013937550259
1932,chexpert,Pleural Other,count,gbm,2,16,auroc,0.6329266272762846
1933,chexpert,Pleural Other,count,gbm,2,16,auprc,0.028718689685986766
1934,chexpert,Pleural Other,count,gbm,2,16,brier,0.28405113509010654
1935,chexpert,Pleural Other,count,gbm,3,16,auroc,0.5193628392321262
1936,chexpert,Pleural Other,count,gbm,3,16,auprc,0.01558025378928459
1937,chexpert,Pleural Other,count,gbm,3,16,brier,0.6299173694235343
1938,chexpert,Pleural Other,count,gbm,4,16,auroc,0.631660507850953
1939,chexpert,Pleural Other,count,gbm,4,16,auprc,0.031147484612563014
1940,chexpert,Pleural Other,count,gbm,4,16,brier,0.3434524667583101
1941,chexpert,Pleural Other,count,gbm,0,24,auroc,0.6482502526090884
1942,chexpert,Pleural Other,count,gbm,0,24,auprc,0.02506871300936667
1943,chexpert,Pleural Other,count,gbm,0,24,brier,0.2624316328666837
1944,chexpert,Pleural Other,count,gbm,1,24,auroc,0.653564265415664
1945,chexpert,Pleural Other,count,gbm,1,24,auprc,0.03303079545227444
1946,chexpert,Pleural Other,count,gbm,1,24,brier,0.5223136001409268
1947,chexpert,Pleural Other,count,gbm,2,24,auroc,0.692664608182871
1948,chexpert,Pleural Other,count,gbm,2,24,auprc,0.027084655567247984
1949,chexpert,Pleural Other,count,gbm,2,24,brier,0.4109471241865008
1950,chexpert,Pleural Other,count,gbm,3,24,auroc,0.6612448836262297
1951,chexpert,Pleural Other,count,gbm,3,24,auprc,0.037673355119955225
1952,chexpert,Pleural Other,count,gbm,3,24,brier,0.40733141465605405
1953,chexpert,Pleural Other,count,gbm,4,24,auroc,0.6272162514619503
1954,chexpert,Pleural Other,count,gbm,4,24,auprc,0.022059318745470895
1955,chexpert,Pleural Other,count,gbm,4,24,brier,0.311233075859479
1956,chexpert,Pleural Other,count,gbm,0,32,auroc,0.6864284004221122
1957,chexpert,Pleural Other,count,gbm,0,32,auprc,0.03378383675232521
1958,chexpert,Pleural Other,count,gbm,0,32,brier,0.23073203112987745
1959,chexpert,Pleural Other,count,gbm,1,32,auroc,0.6299256964018485
1960,chexpert,Pleural Other,count,gbm,1,32,auprc,0.026155991315414184
1961,chexpert,Pleural Other,count,gbm,1,32,brier,0.5056239326105273
1962,chexpert,Pleural Other,count,gbm,2,32,auroc,0.7265276069004775
1963,chexpert,Pleural Other,count,gbm,2,32,auprc,0.0332245538917335
1964,chexpert,Pleural Other,count,gbm,2,32,brier,0.42564070695488204
1965,chexpert,Pleural Other,count,gbm,3,32,auroc,0.7179616815338958
1966,chexpert,Pleural Other,count,gbm,3,32,auprc,0.04430959656522984
1967,chexpert,Pleural Other,count,gbm,3,32,brier,0.37530407764277696
1968,chexpert,Pleural Other,count,gbm,4,32,auroc,0.5475349909697224
1969,chexpert,Pleural Other,count,gbm,4,32,auprc,0.01804104171651744
1970,chexpert,Pleural Other,count,gbm,4,32,brier,0.2892101207524252
1971,chexpert,Pleural Other,count,gbm,0,48,auroc,0.6528062573278335
1972,chexpert,Pleural Other,count,gbm,0,48,auprc,0.026390061180379558
1973,chexpert,Pleural Other,count,gbm,0,48,brier,0.1486166963302351
1974,chexpert,Pleural Other,count,gbm,1,48,auroc,0.6965074488037142
1975,chexpert,Pleural Other,count,gbm,1,48,auprc,0.032877501239008775
1976,chexpert,Pleural Other,count,gbm,1,48,brier,0.26266447014254657
1977,chexpert,Pleural Other,count,gbm,2,48,auroc,0.6981171310551141
1978,chexpert,Pleural Other,count,gbm,2,48,auprc,0.029235697768745815
1979,chexpert,Pleural Other,count,gbm,2,48,brier,0.30371429005154876
1980,chexpert,Pleural Other,count,gbm,3,48,auroc,0.5951846234298275
1981,chexpert,Pleural Other,count,gbm,3,48,auprc,0.03383852207756293
1982,chexpert,Pleural Other,count,gbm,3,48,brier,0.31121756646241744
1983,chexpert,Pleural Other,count,gbm,4,48,auroc,0.5802797830997468
1984,chexpert,Pleural Other,count,gbm,4,48,auprc,0.020138976353180058
1985,chexpert,Pleural Other,count,gbm,4,48,brier,0.19548995137507558
1986,chexpert,Pleural Other,count,gbm,0,64,auroc,0.6034872711781167
1987,chexpert,Pleural Other,count,gbm,0,64,auprc,0.022006170020225303
1988,chexpert,Pleural Other,count,gbm,0,64,brier,0.18419495433837826
1989,chexpert,Pleural Other,count,gbm,1,64,auroc,0.7111298443262589
1990,chexpert,Pleural Other,count,gbm,1,64,auprc,0.040273860267012455
1991,chexpert,Pleural Other,count,gbm,1,64,brier,0.1875508869678144
1992,chexpert,Pleural Other,count,gbm,2,64,auroc,0.7246069098802159
1993,chexpert,Pleural Other,count,gbm,2,64,auprc,0.043331513081986725
1994,chexpert,Pleural Other,count,gbm,2,64,brier,0.20999246161790971
1995,chexpert,Pleural Other,count,gbm,3,64,auroc,0.6736626907406563
1996,chexpert,Pleural Other,count,gbm,3,64,auprc,0.04044863654797115
1997,chexpert,Pleural Other,count,gbm,3,64,brier,0.25874823177628276
1998,chexpert,Pleural Other,count,gbm,4,64,auroc,0.6603176256409256
1999,chexpert,Pleural Other,count,gbm,4,64,auprc,0.027008003687784672
2000,chexpert,Pleural Other,count,gbm,4,64,brier,0.1888525869211931
2001,chexpert,Pleural Other,count,gbm,0,128,auroc,0.6949342927054017
2002,chexpert,Pleural Other,count,gbm,0,128,auprc,0.03836075544041173
2003,chexpert,Pleural Other,count,gbm,0,128,brier,0.12139027640069576
2004,chexpert,Pleural Other,count,gbm,1,128,auroc,0.6767750082997546
2005,chexpert,Pleural Other,count,gbm,1,128,auprc,0.03409792569288139
2006,chexpert,Pleural Other,count,gbm,1,128,brier,0.1252066325511249
2007,chexpert,Pleural Other,count,gbm,2,128,auroc,0.6993290037184348
2008,chexpert,Pleural Other,count,gbm,2,128,auprc,0.0477194572381333
2009,chexpert,Pleural Other,count,gbm,2,128,brier,0.11981365475489111
2010,chexpert,Pleural Other,count,gbm,3,128,auroc,0.6696480687067788
2011,chexpert,Pleural Other,count,gbm,3,128,auprc,0.04049286379654961
2012,chexpert,Pleural Other,count,gbm,3,128,brier,0.15593558514443312
2013,chexpert,Pleural Other,count,gbm,4,128,auroc,0.7622722449696977
2014,chexpert,Pleural Other,count,gbm,4,128,auprc,0.05955427320088592
2015,chexpert,Pleural Other,count,gbm,4,128,brier,0.11904913264771425
2016,chexpert,Fracture,count,gbm,0,-1,auroc,0.7100348450046887
2017,chexpert,Fracture,count,gbm,0,-1,auprc,0.05744735314247282
2018,chexpert,Fracture,count,gbm,0,-1,brier,0.028801752271948235
2019,chexpert,Fracture,count,gbm,0,1,auroc,0.567815341462724
2020,chexpert,Fracture,count,gbm,0,1,auprc,0.03831465784177494
2021,chexpert,Fracture,count,gbm,0,1,brier,0.07979962498238446
2022,chexpert,Fracture,count,gbm,1,1,auroc,0.5487626025820613
2023,chexpert,Fracture,count,gbm,1,1,auprc,0.03079389782904388
2024,chexpert,Fracture,count,gbm,1,1,brier,0.5767251583412539
2025,chexpert,Fracture,count,gbm,2,1,auroc,0.47585042964956786
2026,chexpert,Fracture,count,gbm,2,1,auprc,0.02661380266109973
2027,chexpert,Fracture,count,gbm,2,1,brier,0.41864169844027965
2028,chexpert,Fracture,count,gbm,3,1,auroc,0.5241495703504322
2029,chexpert,Fracture,count,gbm,3,1,auprc,0.029211064376795024
2030,chexpert,Fracture,count,gbm,3,1,brier,0.455913408498233
2031,chexpert,Fracture,count,gbm,4,1,auroc,0.5241495703504322
2032,chexpert,Fracture,count,gbm,4,1,auprc,0.029211064376795024
2033,chexpert,Fracture,count,gbm,4,1,brier,0.455913408498233
2034,chexpert,Fracture,count,gbm,0,2,auroc,0.4570008977752164
2035,chexpert,Fracture,count,gbm,0,2,auprc,0.025765677481171617
2036,chexpert,Fracture,count,gbm,0,2,brier,0.5626794153883807
2037,chexpert,Fracture,count,gbm,1,2,auroc,0.4732374707057113
2038,chexpert,Fracture,count,gbm,1,2,auprc,0.026711063094996712
2039,chexpert,Fracture,count,gbm,1,2,brier,0.1984081210288763
2040,chexpert,Fracture,count,gbm,2,2,auroc,0.5761518256150759
2041,chexpert,Fracture,count,gbm,2,2,auprc,0.0336546623065044
2042,chexpert,Fracture,count,gbm,2,2,brier,0.30600034809272186
2043,chexpert,Fracture,count,gbm,3,2,auroc,0.5487626025820613
2044,chexpert,Fracture,count,gbm,3,2,auprc,0.03079389782904388
2045,chexpert,Fracture,count,gbm,3,2,brier,0.5767251583412547
2046,chexpert,Fracture,count,gbm,4,2,auroc,0.46747188830943426
2047,chexpert,Fracture,count,gbm,4,2,auprc,0.026828342040859585
2048,chexpert,Fracture,count,gbm,4,2,brier,0.14571363439521817
2049,chexpert,Fracture,count,gbm,0,4,auroc,0.5419641206383365
2050,chexpert,Fracture,count,gbm,0,4,auprc,0.04365578330696908
2051,chexpert,Fracture,count,gbm,0,4,brier,0.23884128007914146
2052,chexpert,Fracture,count,gbm,1,4,auroc,0.5757096005316694
2053,chexpert,Fracture,count,gbm,1,4,auprc,0.03265998384673142
2054,chexpert,Fracture,count,gbm,1,4,brier,0.7735174795611939
2055,chexpert,Fracture,count,gbm,2,4,auroc,0.5571446833884934
2056,chexpert,Fracture,count,gbm,2,4,auprc,0.0315516830919738
2057,chexpert,Fracture,count,gbm,2,4,brier,0.46968374472654173
2058,chexpert,Fracture,count,gbm,3,4,auroc,0.5266457269064398
2059,chexpert,Fracture,count,gbm,3,4,auprc,0.029554777515984072
2060,chexpert,Fracture,count,gbm,3,4,brier,0.7187054577892678
2061,chexpert,Fracture,count,gbm,4,4,auroc,0.481528774611783
2062,chexpert,Fracture,count,gbm,4,4,auprc,0.02768240710553116
2063,chexpert,Fracture,count,gbm,4,4,brier,0.22200129710004388
2064,chexpert,Fracture,count,gbm,0,8,auroc,0.6430073470992199
2065,chexpert,Fracture,count,gbm,0,8,auprc,0.049172886232800764
2066,chexpert,Fracture,count,gbm,0,8,brier,0.22045568579284996
2067,chexpert,Fracture,count,gbm,1,8,auroc,0.5645542437784511
2068,chexpert,Fracture,count,gbm,1,8,auprc,0.055329831268370364
2069,chexpert,Fracture,count,gbm,1,8,brier,0.12746887742757967
2070,chexpert,Fracture,count,gbm,2,8,auroc,0.5391183897343818
2071,chexpert,Fracture,count,gbm,2,8,auprc,0.031561452920845265
2072,chexpert,Fracture,count,gbm,2,8,brier,0.4614178535699908
2073,chexpert,Fracture,count,gbm,3,8,auroc,0.5392306116364327
2074,chexpert,Fracture,count,gbm,3,8,auprc,0.02964566759355634
2075,chexpert,Fracture,count,gbm,3,8,brier,0.2840596123689514
2076,chexpert,Fracture,count,gbm,4,8,auroc,0.5270096673234805
2077,chexpert,Fracture,count,gbm,4,8,auprc,0.02951482501475291
2078,chexpert,Fracture,count,gbm,4,8,brier,0.22131774945573324
2079,chexpert,Fracture,count,gbm,0,12,auroc,0.66023767724398
2080,chexpert,Fracture,count,gbm,0,12,auprc,0.052426139066391916
2081,chexpert,Fracture,count,gbm,0,12,brier,0.27741310435521865
2082,chexpert,Fracture,count,gbm,1,12,auroc,0.494686844678225
2083,chexpert,Fracture,count,gbm,1,12,auprc,0.03186403257387331
2084,chexpert,Fracture,count,gbm,1,12,brier,0.2725195996082748
2085,chexpert,Fracture,count,gbm,2,12,auroc,0.6118923152773359
2086,chexpert,Fracture,count,gbm,2,12,auprc,0.04891006938714788
2087,chexpert,Fracture,count,gbm,2,12,brier,0.5256783792297348
2088,chexpert,Fracture,count,gbm,3,12,auroc,0.5642675470082765
2089,chexpert,Fracture,count,gbm,3,12,auprc,0.030124460922238267
2090,chexpert,Fracture,count,gbm,3,12,brier,0.3718737036450719
2091,chexpert,Fracture,count,gbm,4,12,auroc,0.60223935786586
2092,chexpert,Fracture,count,gbm,4,12,auprc,0.051912896168802854
2093,chexpert,Fracture,count,gbm,4,12,brier,0.17811526340324527
2094,chexpert,Fracture,count,gbm,0,16,auroc,0.5843737976224781
2095,chexpert,Fracture,count,gbm,0,16,auprc,0.034123811212300584
2096,chexpert,Fracture,count,gbm,0,16,brier,0.311158763450289
2097,chexpert,Fracture,count,gbm,1,16,auroc,0.5162244971043002
2098,chexpert,Fracture,count,gbm,1,16,auprc,0.03427855653528339
2099,chexpert,Fracture,count,gbm,1,16,brier,0.3460140067379126
2100,chexpert,Fracture,count,gbm,2,16,auroc,0.5306823841178734
2101,chexpert,Fracture,count,gbm,2,16,auprc,0.030356970958150802
2102,chexpert,Fracture,count,gbm,2,16,brier,0.21529973346893405
2103,chexpert,Fracture,count,gbm,3,16,auroc,0.4671527117308739
2104,chexpert,Fracture,count,gbm,3,16,auprc,0.025183933534010022
2105,chexpert,Fracture,count,gbm,3,16,brier,0.30067581808444277
2106,chexpert,Fracture,count,gbm,4,16,auroc,0.6032458155180197
2107,chexpert,Fracture,count,gbm,4,16,auprc,0.04626799025338317
2108,chexpert,Fracture,count,gbm,4,16,brier,0.27714690154776717
2109,chexpert,Fracture,count,gbm,0,24,auroc,0.6510704595309915
2110,chexpert,Fracture,count,gbm,0,24,auprc,0.044292841035349494
2111,chexpert,Fracture,count,gbm,0,24,brier,0.3006307459525489
2112,chexpert,Fracture,count,gbm,1,24,auroc,0.6590985937075785
2113,chexpert,Fracture,count,gbm,1,24,auprc,0.05454312534656999
2114,chexpert,Fracture,count,gbm,1,24,brier,0.2896248435677782
2115,chexpert,Fracture,count,gbm,2,24,auroc,0.6331959465199135
2116,chexpert,Fracture,count,gbm,2,24,auprc,0.06019696562468939
2117,chexpert,Fracture,count,gbm,2,24,brier,0.23034628060775542
2118,chexpert,Fracture,count,gbm,3,24,auroc,0.4972887688153864
2119,chexpert,Fracture,count,gbm,3,24,auprc,0.026721687905232855
2120,chexpert,Fracture,count,gbm,3,24,brier,0.3797657949509523
2121,chexpert,Fracture,count,gbm,4,24,auroc,0.626092237658922
2122,chexpert,Fracture,count,gbm,4,24,auprc,0.045457494960457014
2123,chexpert,Fracture,count,gbm,4,24,brier,0.3268962988288103
2124,chexpert,Fracture,count,gbm,0,32,auroc,0.6195107041789021
2125,chexpert,Fracture,count,gbm,0,32,auprc,0.0410840854187791
2126,chexpert,Fracture,count,gbm,0,32,brier,0.40503955491401167
2127,chexpert,Fracture,count,gbm,1,32,auroc,0.7270280309074526
2128,chexpert,Fracture,count,gbm,1,32,auprc,0.0659542294485754
2129,chexpert,Fracture,count,gbm,1,32,brier,0.25754143267006757
2130,chexpert,Fracture,count,gbm,2,32,auroc,0.6540196677732011
2131,chexpert,Fracture,count,gbm,2,32,auprc,0.04939594945877788
2132,chexpert,Fracture,count,gbm,2,32,brier,0.21364893620272274
2133,chexpert,Fracture,count,gbm,3,32,auroc,0.4871621475316179
2134,chexpert,Fracture,count,gbm,3,32,auprc,0.02779452746699545
2135,chexpert,Fracture,count,gbm,3,32,brier,0.3366310698227873
2136,chexpert,Fracture,count,gbm,4,32,auroc,0.6529005718111907
2137,chexpert,Fracture,count,gbm,4,32,auprc,0.05571618640348048
2138,chexpert,Fracture,count,gbm,4,32,brier,0.17946738018946065
2139,chexpert,Fracture,count,gbm,0,48,auroc,0.6792171283518745
2140,chexpert,Fracture,count,gbm,0,48,auprc,0.04904879239687128
2141,chexpert,Fracture,count,gbm,0,48,brier,0.23649008217581155
2142,chexpert,Fracture,count,gbm,1,48,auroc,0.6092000306476141
2143,chexpert,Fracture,count,gbm,1,48,auprc,0.044325281615191336
2144,chexpert,Fracture,count,gbm,1,48,brier,0.19710480888047077
2145,chexpert,Fracture,count,gbm,2,48,auroc,0.5562962524963647
2146,chexpert,Fracture,count,gbm,2,48,auprc,0.0347815531284208
2147,chexpert,Fracture,count,gbm,2,48,brier,0.24958550208356897
2148,chexpert,Fracture,count,gbm,3,48,auroc,0.5454440406214136
2149,chexpert,Fracture,count,gbm,3,48,auprc,0.033970361101757274
2150,chexpert,Fracture,count,gbm,3,48,brier,0.18765410889813125
2151,chexpert,Fracture,count,gbm,4,48,auroc,0.6720451286117131
2152,chexpert,Fracture,count,gbm,4,48,auprc,0.053210739139007465
2153,chexpert,Fracture,count,gbm,4,48,brier,0.21856998064466915
2154,chexpert,Fracture,count,gbm,0,64,auroc,0.608187743286257
2155,chexpert,Fracture,count,gbm,0,64,auprc,0.04255436785298417
2156,chexpert,Fracture,count,gbm,0,64,brier,0.1320969387986843
2157,chexpert,Fracture,count,gbm,1,64,auroc,0.654353210420855
2158,chexpert,Fracture,count,gbm,1,64,auprc,0.05539146137539266
2159,chexpert,Fracture,count,gbm,1,64,brier,0.2801990186020097
2160,chexpert,Fracture,count,gbm,2,64,auroc,0.5463705479760081
2161,chexpert,Fracture,count,gbm,2,64,auprc,0.041310982800357596
2162,chexpert,Fracture,count,gbm,2,64,brier,0.20579149882349276
2163,chexpert,Fracture,count,gbm,3,64,auroc,0.6222450459964055
2164,chexpert,Fracture,count,gbm,3,64,auprc,0.04175609665217694
2165,chexpert,Fracture,count,gbm,3,64,brier,0.1268580398865477
2166,chexpert,Fracture,count,gbm,4,64,auroc,0.6799912304517359
2167,chexpert,Fracture,count,gbm,4,64,auprc,0.05459745951258228
2168,chexpert,Fracture,count,gbm,4,64,brier,0.20723248432201016
2169,chexpert,Fracture,count,gbm,0,128,auroc,0.6110705344843955
2170,chexpert,Fracture,count,gbm,0,128,auprc,0.04765836478015799
2171,chexpert,Fracture,count,gbm,0,128,brier,0.12994909193477097
2172,chexpert,Fracture,count,gbm,1,128,auroc,0.7063015408754225
2173,chexpert,Fracture,count,gbm,1,128,auprc,0.06527402783447078
2174,chexpert,Fracture,count,gbm,1,128,brier,0.12141209184917118
2175,chexpert,Fracture,count,gbm,2,128,auroc,0.6899221400695901
2176,chexpert,Fracture,count,gbm,2,128,auprc,0.06461497292971739
2177,chexpert,Fracture,count,gbm,2,128,brier,0.12115812669957372
2178,chexpert,Fracture,count,gbm,3,128,auroc,0.6680303328097699
2179,chexpert,Fracture,count,gbm,3,128,auprc,0.07882829735871189
2180,chexpert,Fracture,count,gbm,3,128,brier,0.15536359127317093
2181,chexpert,Fracture,count,gbm,4,128,auroc,0.7075609662659713
2182,chexpert,Fracture,count,gbm,4,128,auprc,0.055761087539488094
2183,chexpert,Fracture,count,gbm,4,128,brier,0.15553784107157934
2184,chexpert,Support Devices,count,gbm,0,-1,auroc,0.6819564218809291
2185,chexpert,Support Devices,count,gbm,0,-1,auprc,0.4468719643224779
2186,chexpert,Support Devices,count,gbm,0,-1,brier,0.1667599721024511
2187,chexpert,Support Devices,count,gbm,0,1,auroc,0.5128462199061947
2188,chexpert,Support Devices,count,gbm,0,1,auprc,0.24618061807974673
2189,chexpert,Support Devices,count,gbm,0,1,brier,0.4405824341640502
2190,chexpert,Support Devices,count,gbm,1,1,auroc,0.4871537800938052
2191,chexpert,Support Devices,count,gbm,1,1,auprc,0.2367920991098324
2192,chexpert,Support Devices,count,gbm,1,1,brier,0.43397267277446244
2193,chexpert,Support Devices,count,gbm,2,1,auroc,0.5128462199061947
2194,chexpert,Support Devices,count,gbm,2,1,auprc,0.24618061807974673
2195,chexpert,Support Devices,count,gbm,2,1,brier,0.4405824341640502
2196,chexpert,Support Devices,count,gbm,3,1,auroc,0.4871537800938052
2197,chexpert,Support Devices,count,gbm,3,1,auprc,0.2367920991098324
2198,chexpert,Support Devices,count,gbm,3,1,brier,0.43397267277446244
2199,chexpert,Support Devices,count,gbm,4,1,auroc,0.5068579232873934
2200,chexpert,Support Devices,count,gbm,4,1,auprc,0.24384312535270167
2201,chexpert,Support Devices,count,gbm,4,1,brier,0.6045412375224357
2202,chexpert,Support Devices,count,gbm,0,2,auroc,0.5338047664623926
2203,chexpert,Support Devices,count,gbm,0,2,auprc,0.2546191351054961
2204,chexpert,Support Devices,count,gbm,0,2,brier,0.49474575666206183
2205,chexpert,Support Devices,count,gbm,1,2,auroc,0.4661952335376074
2206,chexpert,Support Devices,count,gbm,1,2,auprc,0.23088553177602933
2207,chexpert,Support Devices,count,gbm,1,2,brier,0.3798093502764521
2208,chexpert,Support Devices,count,gbm,2,2,auroc,0.5128462199061947
2209,chexpert,Support Devices,count,gbm,2,2,auprc,0.24618061807974673
2210,chexpert,Support Devices,count,gbm,2,2,brier,0.4405824341640508
2211,chexpert,Support Devices,count,gbm,3,2,auroc,0.5164431123189686
2212,chexpert,Support Devices,count,gbm,3,2,auprc,0.24749724341694787
2213,chexpert,Support Devices,count,gbm,3,2,brier,0.589393867671298
2214,chexpert,Support Devices,count,gbm,4,2,auroc,0.48414491422180506
2215,chexpert,Support Devices,count,gbm,4,2,auprc,0.23572727157751544
2216,chexpert,Support Devices,count,gbm,4,2,brier,0.4952047678696721
2217,chexpert,Support Devices,count,gbm,0,4,auroc,0.5275635981521624
2218,chexpert,Support Devices,count,gbm,0,4,auprc,0.25320997523059147
2219,chexpert,Support Devices,count,gbm,0,4,brier,0.5232962537754203
2220,chexpert,Support Devices,count,gbm,1,4,auroc,0.4450792182792742
2221,chexpert,Support Devices,count,gbm,1,4,auprc,0.2238666612987935
2222,chexpert,Support Devices,count,gbm,1,4,brier,0.3290427107147571
2223,chexpert,Support Devices,count,gbm,2,4,auroc,0.5169640341484323
2224,chexpert,Support Devices,count,gbm,2,4,auprc,0.2470202767906362
2225,chexpert,Support Devices,count,gbm,2,4,brier,0.3225247515666914
2226,chexpert,Support Devices,count,gbm,3,4,auroc,0.560113500367939
2227,chexpert,Support Devices,count,gbm,3,4,auprc,0.29261284905549906
2228,chexpert,Support Devices,count,gbm,3,4,brier,0.5931621784257927
2229,chexpert,Support Devices,count,gbm,4,4,auroc,0.4675021469513291
2230,chexpert,Support Devices,count,gbm,4,4,auprc,0.2320627096114561
2231,chexpert,Support Devices,count,gbm,4,4,brier,0.49694901045859124
2232,chexpert,Support Devices,count,gbm,0,8,auroc,0.5403728551610559
2233,chexpert,Support Devices,count,gbm,0,8,auprc,0.2583387739283661
2234,chexpert,Support Devices,count,gbm,0,8,brier,0.6387269898283087
2235,chexpert,Support Devices,count,gbm,1,8,auroc,0.46281176114532746
2236,chexpert,Support Devices,count,gbm,1,8,auprc,0.22586112478280918
2237,chexpert,Support Devices,count,gbm,1,8,brier,0.4426938857190582
2238,chexpert,Support Devices,count,gbm,2,8,auroc,0.471903835015816
2239,chexpert,Support Devices,count,gbm,2,8,auprc,0.22644822648881707
2240,chexpert,Support Devices,count,gbm,2,8,brier,0.5047912289605447
2241,chexpert,Support Devices,count,gbm,3,8,auroc,0.530153459011281
2242,chexpert,Support Devices,count,gbm,3,8,auprc,0.2610622579567591
2243,chexpert,Support Devices,count,gbm,3,8,brier,0.3705004888772955
2244,chexpert,Support Devices,count,gbm,4,8,auroc,0.5629492889327924
2245,chexpert,Support Devices,count,gbm,4,8,auprc,0.28843194083905666
2246,chexpert,Support Devices,count,gbm,4,8,brier,0.4488313877500808
2247,chexpert,Support Devices,count,gbm,0,12,auroc,0.6220513947118168
2248,chexpert,Support Devices,count,gbm,0,12,auprc,0.3501347044312604
2249,chexpert,Support Devices,count,gbm,0,12,brier,0.5148733607608986
2250,chexpert,Support Devices,count,gbm,1,12,auroc,0.4751870804995368
2251,chexpert,Support Devices,count,gbm,1,12,auprc,0.23145054285423755
2252,chexpert,Support Devices,count,gbm,1,12,brier,0.59817093237038
2253,chexpert,Support Devices,count,gbm,2,12,auroc,0.5195655707357092
2254,chexpert,Support Devices,count,gbm,2,12,auprc,0.27967460861226234
2255,chexpert,Support Devices,count,gbm,2,12,brier,0.5266605514719946
2256,chexpert,Support Devices,count,gbm,3,12,auroc,0.5818041765308646
2257,chexpert,Support Devices,count,gbm,3,12,auprc,0.3100010276517986
2258,chexpert,Support Devices,count,gbm,3,12,brier,0.4503963451953988
2259,chexpert,Support Devices,count,gbm,4,12,auroc,0.6022481614568851
2260,chexpert,Support Devices,count,gbm,4,12,auprc,0.3488916316379652
2261,chexpert,Support Devices,count,gbm,4,12,brier,0.3943260996745214
2262,chexpert,Support Devices,count,gbm,0,16,auroc,0.5813850793411817
2263,chexpert,Support Devices,count,gbm,0,16,auprc,0.2957166126802043
2264,chexpert,Support Devices,count,gbm,0,16,brier,0.5092670473027441
2265,chexpert,Support Devices,count,gbm,1,16,auroc,0.4611332830457674
2266,chexpert,Support Devices,count,gbm,1,16,auprc,0.22153974064553505
2267,chexpert,Support Devices,count,gbm,1,16,brier,0.5099274414779763
2268,chexpert,Support Devices,count,gbm,2,16,auroc,0.5619625362754119
2269,chexpert,Support Devices,count,gbm,2,16,auprc,0.27269564488792464
2270,chexpert,Support Devices,count,gbm,2,16,brier,0.36750784991249724
2271,chexpert,Support Devices,count,gbm,3,16,auroc,0.5746286427119643
2272,chexpert,Support Devices,count,gbm,3,16,auprc,0.29201654815628736
2273,chexpert,Support Devices,count,gbm,3,16,brier,0.38396863684013943
2274,chexpert,Support Devices,count,gbm,4,16,auroc,0.5760813183740626
2275,chexpert,Support Devices,count,gbm,4,16,auprc,0.2876889155346603
2276,chexpert,Support Devices,count,gbm,4,16,brier,0.407007214064087
2277,chexpert,Support Devices,count,gbm,0,24,auroc,0.5937902025277951
2278,chexpert,Support Devices,count,gbm,0,24,auprc,0.3310940422393127
2279,chexpert,Support Devices,count,gbm,0,24,brier,0.41414055470741434
2280,chexpert,Support Devices,count,gbm,1,24,auroc,0.5186166105668413
2281,chexpert,Support Devices,count,gbm,1,24,auprc,0.25894068624557987
2282,chexpert,Support Devices,count,gbm,1,24,brier,0.36711576108795957
2283,chexpert,Support Devices,count,gbm,2,24,auroc,0.6298220219595866
2284,chexpert,Support Devices,count,gbm,2,24,auprc,0.3329417459018559
2285,chexpert,Support Devices,count,gbm,2,24,brier,0.3467966534736473
2286,chexpert,Support Devices,count,gbm,3,24,auroc,0.575197342850076
2287,chexpert,Support Devices,count,gbm,3,24,auprc,0.3204640966251284
2288,chexpert,Support Devices,count,gbm,3,24,brier,0.5485232796123876
2289,chexpert,Support Devices,count,gbm,4,24,auroc,0.5673749736912046
2290,chexpert,Support Devices,count,gbm,4,24,auprc,0.2905363619771165
2291,chexpert,Support Devices,count,gbm,4,24,brier,0.37472136674192835
2292,chexpert,Support Devices,count,gbm,0,32,auroc,0.5959588154052015
2293,chexpert,Support Devices,count,gbm,0,32,auprc,0.30396591386570393
2294,chexpert,Support Devices,count,gbm,0,32,brier,0.35873763423157623
2295,chexpert,Support Devices,count,gbm,1,32,auroc,0.5234754033887264
2296,chexpert,Support Devices,count,gbm,1,32,auprc,0.25348252047540376
2297,chexpert,Support Devices,count,gbm,1,32,brier,0.3153989444002264
2298,chexpert,Support Devices,count,gbm,2,32,auroc,0.6105119653169422
2299,chexpert,Support Devices,count,gbm,2,32,auprc,0.3208857417239162
2300,chexpert,Support Devices,count,gbm,2,32,brier,0.4563854422475203
2301,chexpert,Support Devices,count,gbm,3,32,auroc,0.5003083006745805
2302,chexpert,Support Devices,count,gbm,3,32,auprc,0.24375515959177627
2303,chexpert,Support Devices,count,gbm,3,32,brier,0.3858835855067505
2304,chexpert,Support Devices,count,gbm,4,32,auroc,0.5576388605103829
2305,chexpert,Support Devices,count,gbm,4,32,auprc,0.2938705768659693
2306,chexpert,Support Devices,count,gbm,4,32,brier,0.4168182684698707
2307,chexpert,Support Devices,count,gbm,0,48,auroc,0.6043358123771937
2308,chexpert,Support Devices,count,gbm,0,48,auprc,0.3553248350449565
2309,chexpert,Support Devices,count,gbm,0,48,brier,0.3964501753114509
2310,chexpert,Support Devices,count,gbm,1,48,auroc,0.5975331951705501
2311,chexpert,Support Devices,count,gbm,1,48,auprc,0.30657987349750393
2312,chexpert,Support Devices,count,gbm,1,48,brier,0.304983410112059
2313,chexpert,Support Devices,count,gbm,2,48,auroc,0.6469625746824126
2314,chexpert,Support Devices,count,gbm,2,48,auprc,0.39960223095514436
2315,chexpert,Support Devices,count,gbm,2,48,brier,0.42734731077786786
2316,chexpert,Support Devices,count,gbm,3,48,auroc,0.5446082870016884
2317,chexpert,Support Devices,count,gbm,3,48,auprc,0.26780052469641524
2318,chexpert,Support Devices,count,gbm,3,48,brier,0.36868993805563477
2319,chexpert,Support Devices,count,gbm,4,48,auroc,0.5845670225203288
2320,chexpert,Support Devices,count,gbm,4,48,auprc,0.3082022376957013
2321,chexpert,Support Devices,count,gbm,4,48,brier,0.4252848286036772
2322,chexpert,Support Devices,count,gbm,0,64,auroc,0.6147601482817475
2323,chexpert,Support Devices,count,gbm,0,64,auprc,0.34789405632612375
2324,chexpert,Support Devices,count,gbm,0,64,brier,0.299739010869182
2325,chexpert,Support Devices,count,gbm,1,64,auroc,0.6058172779268823
2326,chexpert,Support Devices,count,gbm,1,64,auprc,0.3162462886474776
2327,chexpert,Support Devices,count,gbm,1,64,brier,0.2758443913513344
2328,chexpert,Support Devices,count,gbm,2,64,auroc,0.6590391490237708
2329,chexpert,Support Devices,count,gbm,2,64,auprc,0.38647847810542496
2330,chexpert,Support Devices,count,gbm,2,64,brier,0.3734232389995536
2331,chexpert,Support Devices,count,gbm,3,64,auroc,0.6158876241890362
2332,chexpert,Support Devices,count,gbm,3,64,auprc,0.33107615053982536
2333,chexpert,Support Devices,count,gbm,3,64,brier,0.3205559178036624
2334,chexpert,Support Devices,count,gbm,4,64,auroc,0.6103324049081074
2335,chexpert,Support Devices,count,gbm,4,64,auprc,0.3145469005104335
2336,chexpert,Support Devices,count,gbm,4,64,brier,0.258839676403735
2337,chexpert,Support Devices,count,gbm,0,128,auroc,0.6537207626708536
2338,chexpert,Support Devices,count,gbm,0,128,auprc,0.39287389246470683
2339,chexpert,Support Devices,count,gbm,0,128,brier,0.23477160851330778
2340,chexpert,Support Devices,count,gbm,1,128,auroc,0.6141396755069339
2341,chexpert,Support Devices,count,gbm,1,128,auprc,0.349929176119468
2342,chexpert,Support Devices,count,gbm,1,128,brier,0.2295487014471766
2343,chexpert,Support Devices,count,gbm,2,128,auroc,0.6529124335750925
2344,chexpert,Support Devices,count,gbm,2,128,auprc,0.3976297220740012
2345,chexpert,Support Devices,count,gbm,2,128,brier,0.2500276108622783
2346,chexpert,Support Devices,count,gbm,3,128,auroc,0.630004132593256
2347,chexpert,Support Devices,count,gbm,3,128,auprc,0.350093201347194
2348,chexpert,Support Devices,count,gbm,3,128,brier,0.28666788218229944
2349,chexpert,Support Devices,count,gbm,4,128,auroc,0.5884482189137579
2350,chexpert,Support Devices,count,gbm,4,128,auprc,0.3047284809618207
2351,chexpert,Support Devices,count,gbm,4,128,brier,0.34619566476450975
2352,chexpert,No Finding,count,lr_lbfgs,0,-1,auroc,0.5779458257247658
2353,chexpert,No Finding,count,lr_lbfgs,0,-1,auprc,0.4563608032791776
2354,chexpert,No Finding,count,lr_lbfgs,0,-1,brier,0.2373540157140634
2355,chexpert,No Finding,count,lr_lbfgs,0,1,auroc,0.46216809504118406
2356,chexpert,No Finding,count,lr_lbfgs,0,1,auprc,0.3754437156863279
2357,chexpert,No Finding,count,lr_lbfgs,0,1,brier,0.24998735759330334
2358,chexpert,No Finding,count,lr_lbfgs,1,1,auroc,0.4699744299278237
2359,chexpert,No Finding,count,lr_lbfgs,1,1,auprc,0.3847139208700101
2360,chexpert,No Finding,count,lr_lbfgs,1,1,brier,0.24997661115808512
2361,chexpert,No Finding,count,lr_lbfgs,2,1,auroc,0.4700716619829648
2362,chexpert,No Finding,count,lr_lbfgs,2,1,auprc,0.3728813142983877
2363,chexpert,No Finding,count,lr_lbfgs,2,1,brier,0.24999469249928455
2364,chexpert,No Finding,count,lr_lbfgs,3,1,auroc,0.45399770031207215
2365,chexpert,No Finding,count,lr_lbfgs,3,1,auprc,0.36939268915027357
2366,chexpert,No Finding,count,lr_lbfgs,3,1,brier,0.2500103986492261
2367,chexpert,No Finding,count,lr_lbfgs,4,1,auroc,0.526716400591537
2368,chexpert,No Finding,count,lr_lbfgs,4,1,auprc,0.43188260853441995
2369,chexpert,No Finding,count,lr_lbfgs,4,1,brier,0.2500309387890644
2370,chexpert,No Finding,count,lr_lbfgs,0,2,auroc,0.45865990775294574
2371,chexpert,No Finding,count,lr_lbfgs,0,2,auprc,0.36399807815356866
2372,chexpert,No Finding,count,lr_lbfgs,0,2,brier,0.4518793172279375
2373,chexpert,No Finding,count,lr_lbfgs,1,2,auroc,0.4989946002587538
2374,chexpert,No Finding,count,lr_lbfgs,1,2,auprc,0.4040154489583313
2375,chexpert,No Finding,count,lr_lbfgs,1,2,brier,0.31033803717681413
2376,chexpert,No Finding,count,lr_lbfgs,2,2,auroc,0.5348961858467218
2377,chexpert,No Finding,count,lr_lbfgs,2,2,auprc,0.4154831316936266
2378,chexpert,No Finding,count,lr_lbfgs,2,2,brier,0.2686149774769385
2379,chexpert,No Finding,count,lr_lbfgs,3,2,auroc,0.5040860113674441
2380,chexpert,No Finding,count,lr_lbfgs,3,2,auprc,0.40225563295389266
2381,chexpert,No Finding,count,lr_lbfgs,3,2,brier,0.25001267439934616
2382,chexpert,No Finding,count,lr_lbfgs,4,2,auroc,0.5507766507730834
2383,chexpert,No Finding,count,lr_lbfgs,4,2,auprc,0.44820986338063634
2384,chexpert,No Finding,count,lr_lbfgs,4,2,brier,0.25000818946898445
2385,chexpert,No Finding,count,lr_lbfgs,0,4,auroc,0.48172926867951416
2386,chexpert,No Finding,count,lr_lbfgs,0,4,auprc,0.38723166029177974
2387,chexpert,No Finding,count,lr_lbfgs,0,4,brier,0.2499738813908704
2388,chexpert,No Finding,count,lr_lbfgs,1,4,auroc,0.5084050870980731
2389,chexpert,No Finding,count,lr_lbfgs,1,4,auprc,0.4075726963334817
2390,chexpert,No Finding,count,lr_lbfgs,1,4,brier,0.4961616788290193
2391,chexpert,No Finding,count,lr_lbfgs,2,4,auroc,0.5199321702010673
2392,chexpert,No Finding,count,lr_lbfgs,2,4,auprc,0.42082670401759453
2393,chexpert,No Finding,count,lr_lbfgs,2,4,brier,0.25339220825434355
2394,chexpert,No Finding,count,lr_lbfgs,3,4,auroc,0.48991249870054465
2395,chexpert,No Finding,count,lr_lbfgs,3,4,auprc,0.38723275310554045
2396,chexpert,No Finding,count,lr_lbfgs,3,4,brier,0.30895080192219126
2397,chexpert,No Finding,count,lr_lbfgs,4,4,auroc,0.5122264649468414
2398,chexpert,No Finding,count,lr_lbfgs,4,4,auprc,0.4213776321558805
2399,chexpert,No Finding,count,lr_lbfgs,4,4,brier,0.2500089734924008
2400,chexpert,No Finding,count,lr_lbfgs,0,8,auroc,0.5187852519287032
2401,chexpert,No Finding,count,lr_lbfgs,0,8,auprc,0.4168567422203744
2402,chexpert,No Finding,count,lr_lbfgs,0,8,brier,0.4501329621722763
2403,chexpert,No Finding,count,lr_lbfgs,1,8,auroc,0.5060550961512009
2404,chexpert,No Finding,count,lr_lbfgs,1,8,auprc,0.4063149954716821
2405,chexpert,No Finding,count,lr_lbfgs,1,8,brier,0.41613746857068146
2406,chexpert,No Finding,count,lr_lbfgs,2,8,auroc,0.5129571328147403
2407,chexpert,No Finding,count,lr_lbfgs,2,8,auprc,0.42355127904041123
2408,chexpert,No Finding,count,lr_lbfgs,2,8,brier,0.3383252014364818
2409,chexpert,No Finding,count,lr_lbfgs,3,8,auroc,0.515282632892106
2410,chexpert,No Finding,count,lr_lbfgs,3,8,auprc,0.4135431811365583
2411,chexpert,No Finding,count,lr_lbfgs,3,8,brier,0.4645997440457557
2412,chexpert,No Finding,count,lr_lbfgs,4,8,auroc,0.4799372354225177
2413,chexpert,No Finding,count,lr_lbfgs,4,8,auprc,0.38495656175776194
2414,chexpert,No Finding,count,lr_lbfgs,4,8,brier,0.4674041450276051
2415,chexpert,No Finding,count,lr_lbfgs,0,12,auroc,0.521446003224584
2416,chexpert,No Finding,count,lr_lbfgs,0,12,auprc,0.41990276199367593
2417,chexpert,No Finding,count,lr_lbfgs,0,12,brier,0.4444839328902414
2418,chexpert,No Finding,count,lr_lbfgs,1,12,auroc,0.5417025240837501
2419,chexpert,No Finding,count,lr_lbfgs,1,12,auprc,0.4300808899811895
2420,chexpert,No Finding,count,lr_lbfgs,1,12,brier,0.2500007419583603
2421,chexpert,No Finding,count,lr_lbfgs,2,12,auroc,0.514585020619755
2422,chexpert,No Finding,count,lr_lbfgs,2,12,auprc,0.414690309606541
2423,chexpert,No Finding,count,lr_lbfgs,2,12,brier,0.4159692207263186
2424,chexpert,No Finding,count,lr_lbfgs,3,12,auroc,0.502555214051851
2425,chexpert,No Finding,count,lr_lbfgs,3,12,auprc,0.408994118541104
2426,chexpert,No Finding,count,lr_lbfgs,3,12,brier,0.4374535411038638
2427,chexpert,No Finding,count,lr_lbfgs,4,12,auroc,0.5406399553860353
2428,chexpert,No Finding,count,lr_lbfgs,4,12,auprc,0.4358104169945329
2429,chexpert,No Finding,count,lr_lbfgs,4,12,brier,0.41998018611617
2430,chexpert,No Finding,count,lr_lbfgs,0,16,auroc,0.5249502738612442
2431,chexpert,No Finding,count,lr_lbfgs,0,16,auprc,0.42072801562160905
2432,chexpert,No Finding,count,lr_lbfgs,0,16,brier,0.4302786422429699
2433,chexpert,No Finding,count,lr_lbfgs,1,16,auroc,0.529246486728143
2434,chexpert,No Finding,count,lr_lbfgs,1,16,auprc,0.4157663242973413
2435,chexpert,No Finding,count,lr_lbfgs,1,16,brier,0.4687314932822539
2436,chexpert,No Finding,count,lr_lbfgs,2,16,auroc,0.497498675298778
2437,chexpert,No Finding,count,lr_lbfgs,2,16,auprc,0.39819111454021233
2438,chexpert,No Finding,count,lr_lbfgs,2,16,brier,0.46563236596711854
2439,chexpert,No Finding,count,lr_lbfgs,3,16,auroc,0.49012935378882483
2440,chexpert,No Finding,count,lr_lbfgs,3,16,auprc,0.39076388636980863
2441,chexpert,No Finding,count,lr_lbfgs,3,16,brier,0.4425265119842186
2442,chexpert,No Finding,count,lr_lbfgs,4,16,auroc,0.5278525598692045
2443,chexpert,No Finding,count,lr_lbfgs,4,16,auprc,0.41818602375417135
2444,chexpert,No Finding,count,lr_lbfgs,4,16,brier,0.41838163238316395
2445,chexpert,No Finding,count,lr_lbfgs,0,24,auroc,0.541678859014275
2446,chexpert,No Finding,count,lr_lbfgs,0,24,auprc,0.4318378846258606
2447,chexpert,No Finding,count,lr_lbfgs,0,24,brier,0.2946341683918193
2448,chexpert,No Finding,count,lr_lbfgs,1,24,auroc,0.4922058161709672
2449,chexpert,No Finding,count,lr_lbfgs,1,24,auprc,0.38440598329622405
2450,chexpert,No Finding,count,lr_lbfgs,1,24,brier,0.4355866410907518
2451,chexpert,No Finding,count,lr_lbfgs,2,24,auroc,0.5239471627657997
2452,chexpert,No Finding,count,lr_lbfgs,2,24,auprc,0.41978322782889715
2453,chexpert,No Finding,count,lr_lbfgs,2,24,brier,0.32518083747728604
2454,chexpert,No Finding,count,lr_lbfgs,3,24,auroc,0.5172440967212859
2455,chexpert,No Finding,count,lr_lbfgs,3,24,auprc,0.42576473221226785
2456,chexpert,No Finding,count,lr_lbfgs,3,24,brier,0.3264987559114745
2457,chexpert,No Finding,count,lr_lbfgs,4,24,auroc,0.5650848868165554
2458,chexpert,No Finding,count,lr_lbfgs,4,24,auprc,0.4485382089333122
2459,chexpert,No Finding,count,lr_lbfgs,4,24,brier,0.389504688124991
2460,chexpert,No Finding,count,lr_lbfgs,0,32,auroc,0.5715535200292607
2461,chexpert,No Finding,count,lr_lbfgs,0,32,auprc,0.46715767919651685
2462,chexpert,No Finding,count,lr_lbfgs,0,32,brier,0.24804917171443472
2463,chexpert,No Finding,count,lr_lbfgs,1,32,auroc,0.49813019997432
2464,chexpert,No Finding,count,lr_lbfgs,1,32,auprc,0.38867343157777035
2465,chexpert,No Finding,count,lr_lbfgs,1,32,brier,0.4435187168376603
2466,chexpert,No Finding,count,lr_lbfgs,2,32,auroc,0.5287236845253238
2467,chexpert,No Finding,count,lr_lbfgs,2,32,auprc,0.4242579514098068
2468,chexpert,No Finding,count,lr_lbfgs,2,32,brier,0.4359834365202377
2469,chexpert,No Finding,count,lr_lbfgs,3,32,auroc,0.5283295183731305
2470,chexpert,No Finding,count,lr_lbfgs,3,32,auprc,0.42935506954655334
2471,chexpert,No Finding,count,lr_lbfgs,3,32,brier,0.38310941531366477
2472,chexpert,No Finding,count,lr_lbfgs,4,32,auroc,0.5820398119610859
2473,chexpert,No Finding,count,lr_lbfgs,4,32,auprc,0.4559239909052963
2474,chexpert,No Finding,count,lr_lbfgs,4,32,brier,0.36922259679701774
2475,chexpert,No Finding,count,lr_lbfgs,0,48,auroc,0.560086319225696
2476,chexpert,No Finding,count,lr_lbfgs,0,48,auprc,0.45764000411005307
2477,chexpert,No Finding,count,lr_lbfgs,0,48,brier,0.26591365747957013
2478,chexpert,No Finding,count,lr_lbfgs,1,48,auroc,0.5336127982205755
2479,chexpert,No Finding,count,lr_lbfgs,1,48,auprc,0.4223599185446819
2480,chexpert,No Finding,count,lr_lbfgs,1,48,brier,0.45672489437957126
2481,chexpert,No Finding,count,lr_lbfgs,2,48,auroc,0.5308532812409236
2482,chexpert,No Finding,count,lr_lbfgs,2,48,auprc,0.4273687712269291
2483,chexpert,No Finding,count,lr_lbfgs,2,48,brier,0.25000919318573384
2484,chexpert,No Finding,count,lr_lbfgs,3,48,auroc,0.5218152066215384
2485,chexpert,No Finding,count,lr_lbfgs,3,48,auprc,0.41730612619451646
2486,chexpert,No Finding,count,lr_lbfgs,3,48,brier,0.3065710467956518
2487,chexpert,No Finding,count,lr_lbfgs,4,48,auroc,0.5668115167110546
2488,chexpert,No Finding,count,lr_lbfgs,4,48,auprc,0.4501569430837078
2489,chexpert,No Finding,count,lr_lbfgs,4,48,brier,0.39382671928829016
2490,chexpert,No Finding,count,lr_lbfgs,0,64,auroc,0.5526348660040352
2491,chexpert,No Finding,count,lr_lbfgs,0,64,auprc,0.45061226177690217
2492,chexpert,No Finding,count,lr_lbfgs,0,64,brier,0.24803311444448317
2493,chexpert,No Finding,count,lr_lbfgs,1,64,auroc,0.5206017996494927
2494,chexpert,No Finding,count,lr_lbfgs,1,64,auprc,0.4104126862249905
2495,chexpert,No Finding,count,lr_lbfgs,1,64,brier,0.45093792962655227
2496,chexpert,No Finding,count,lr_lbfgs,2,64,auroc,0.5334693213636685
2497,chexpert,No Finding,count,lr_lbfgs,2,64,auprc,0.4266620843804628
2498,chexpert,No Finding,count,lr_lbfgs,2,64,brier,0.4673186975602979
2499,chexpert,No Finding,count,lr_lbfgs,3,64,auroc,0.527956893804617
2500,chexpert,No Finding,count,lr_lbfgs,3,64,auprc,0.43422409989718236
2501,chexpert,No Finding,count,lr_lbfgs,3,64,brier,0.25001581681690527
2502,chexpert,No Finding,count,lr_lbfgs,4,64,auroc,0.5584091429559422
2503,chexpert,No Finding,count,lr_lbfgs,4,64,auprc,0.4332256849584908
2504,chexpert,No Finding,count,lr_lbfgs,4,64,brier,0.4361931872372509
2505,chexpert,No Finding,count,lr_lbfgs,0,128,auroc,0.5761958846750909
2506,chexpert,No Finding,count,lr_lbfgs,0,128,auprc,0.45905863476073905
2507,chexpert,No Finding,count,lr_lbfgs,0,128,brier,0.24998634708051884
2508,chexpert,No Finding,count,lr_lbfgs,1,128,auroc,0.5375079554035895
2509,chexpert,No Finding,count,lr_lbfgs,1,128,auprc,0.43443248141922275
2510,chexpert,No Finding,count,lr_lbfgs,1,128,brier,0.25000589076676344
2511,chexpert,No Finding,count,lr_lbfgs,2,128,auroc,0.5531999491684689
2512,chexpert,No Finding,count,lr_lbfgs,2,128,auprc,0.4431082189431067
2513,chexpert,No Finding,count,lr_lbfgs,2,128,brier,0.24811986872269987
2514,chexpert,No Finding,count,lr_lbfgs,3,128,auroc,0.5498167172221446
2515,chexpert,No Finding,count,lr_lbfgs,3,128,auprc,0.4461804785448695
2516,chexpert,No Finding,count,lr_lbfgs,3,128,brier,0.2471696588154467
2517,chexpert,No Finding,count,lr_lbfgs,4,128,auroc,0.5366214708668838
2518,chexpert,No Finding,count,lr_lbfgs,4,128,auprc,0.42257766878579184
2519,chexpert,No Finding,count,lr_lbfgs,4,128,brier,0.3641879686160566
2520,chexpert,Enlarged Cardiomediastinum,count,lr_lbfgs,0,-1,auroc,0.6905738969453872
2521,chexpert,Enlarged Cardiomediastinum,count,lr_lbfgs,0,-1,auprc,0.03309469155973231
2522,chexpert,Enlarged Cardiomediastinum,count,lr_lbfgs,0,-1,brier,0.017457496884015267
2523,chexpert,Enlarged Cardiomediastinum,count,lr_lbfgs,0,1,auroc,0.35535328602283245
2524,chexpert,Enlarged Cardiomediastinum,count,lr_lbfgs,0,1,auprc,0.012552653429691741
2525,chexpert,Enlarged Cardiomediastinum,count,lr_lbfgs,0,1,brier,0.25030972192516865
2526,chexpert,Enlarged Cardiomediastinum,count,lr_lbfgs,1,1,auroc,0.4982772806746889
2527,chexpert,Enlarged Cardiomediastinum,count,lr_lbfgs,1,1,auprc,0.016422124590663844
2528,chexpert,Enlarged Cardiomediastinum,count,lr_lbfgs,1,1,brier,0.2500160728529949
2529,chexpert,Enlarged Cardiomediastinum,count,lr_lbfgs,2,1,auroc,0.44954232232849944
2530,chexpert,Enlarged Cardiomediastinum,count,lr_lbfgs,2,1,auprc,0.014805680509503871
2531,chexpert,Enlarged Cardiomediastinum,count,lr_lbfgs,2,1,brier,0.25006554985863044
2532,chexpert,Enlarged Cardiomediastinum,count,lr_lbfgs,3,1,auroc,0.3799187493571943
2533,chexpert,Enlarged Cardiomediastinum,count,lr_lbfgs,3,1,auprc,0.013210648314352843
2534,chexpert,Enlarged Cardiomediastinum,count,lr_lbfgs,3,1,brier,0.2502390621396758
2535,chexpert,Enlarged Cardiomediastinum,count,lr_lbfgs,4,1,auroc,0.6183456752031266
2536,chexpert,Enlarged Cardiomediastinum,count,lr_lbfgs,4,1,auprc,0.026344004023231574
2537,chexpert,Enlarged Cardiomediastinum,count,lr_lbfgs,4,1,brier,0.2497953611215048
2538,chexpert,Enlarged Cardiomediastinum,count,lr_lbfgs,0,2,auroc,0.55369934690939
2539,chexpert,Enlarged Cardiomediastinum,count,lr_lbfgs,0,2,auprc,0.019669289836169133
2540,chexpert,Enlarged Cardiomediastinum,count,lr_lbfgs,0,2,brier,0.29944531669490776
2541,chexpert,Enlarged Cardiomediastinum,count,lr_lbfgs,1,2,auroc,0.5566466111282526
2542,chexpert,Enlarged Cardiomediastinum,count,lr_lbfgs,1,2,auprc,0.01893765776850435
2543,chexpert,Enlarged Cardiomediastinum,count,lr_lbfgs,1,2,brier,0.2499815507249243
2544,chexpert,Enlarged Cardiomediastinum,count,lr_lbfgs,2,2,auroc,0.629279800473105
2545,chexpert,Enlarged Cardiomediastinum,count,lr_lbfgs,2,2,auprc,0.023506547788872602
2546,chexpert,Enlarged Cardiomediastinum,count,lr_lbfgs,2,2,brier,0.24999341401765746
2547,chexpert,Enlarged Cardiomediastinum,count,lr_lbfgs,3,2,auroc,0.4341188419212177
2548,chexpert,Enlarged Cardiomediastinum,count,lr_lbfgs,3,2,auprc,0.014188683116692268
2549,chexpert,Enlarged Cardiomediastinum,count,lr_lbfgs,3,2,brier,0.2500252556445093
2550,chexpert,Enlarged Cardiomediastinum,count,lr_lbfgs,4,2,auroc,0.5015420909184408
2551,chexpert,Enlarged Cardiomediastinum,count,lr_lbfgs,4,2,auprc,0.016259840215012533
2552,chexpert,Enlarged Cardiomediastinum,count,lr_lbfgs,4,2,brier,0.2662146426911917
2553,chexpert,Enlarged Cardiomediastinum,count,lr_lbfgs,0,4,auroc,0.6271450426822998
2554,chexpert,Enlarged Cardiomediastinum,count,lr_lbfgs,0,4,auprc,0.024891690324430664
2555,chexpert,Enlarged Cardiomediastinum,count,lr_lbfgs,0,4,brier,0.2498923307733751
2556,chexpert,Enlarged Cardiomediastinum,count,lr_lbfgs,1,4,auroc,0.6093804638486064
2557,chexpert,Enlarged Cardiomediastinum,count,lr_lbfgs,1,4,auprc,0.02224459025293439
2558,chexpert,Enlarged Cardiomediastinum,count,lr_lbfgs,1,4,brier,0.24991731210327384
2559,chexpert,Enlarged Cardiomediastinum,count,lr_lbfgs,2,4,auroc,0.3988924457471974
2560,chexpert,Enlarged Cardiomediastinum,count,lr_lbfgs,2,4,auprc,0.013923825193534438
2561,chexpert,Enlarged Cardiomediastinum,count,lr_lbfgs,2,4,brier,0.25007950635498827
2562,chexpert,Enlarged Cardiomediastinum,count,lr_lbfgs,3,4,auroc,0.5878291165278207
2563,chexpert,Enlarged Cardiomediastinum,count,lr_lbfgs,3,4,auprc,0.021447115892622732
2564,chexpert,Enlarged Cardiomediastinum,count,lr_lbfgs,3,4,brier,0.24992103677268088
2565,chexpert,Enlarged Cardiomediastinum,count,lr_lbfgs,4,4,auroc,0.43430879101100484
2566,chexpert,Enlarged Cardiomediastinum,count,lr_lbfgs,4,4,auprc,0.014830825339307043
2567,chexpert,Enlarged Cardiomediastinum,count,lr_lbfgs,4,4,brier,0.4483534231483898
2568,chexpert,Enlarged Cardiomediastinum,count,lr_lbfgs,0,8,auroc,0.4812172169083616
2569,chexpert,Enlarged Cardiomediastinum,count,lr_lbfgs,0,8,auprc,0.016330843922213352
2570,chexpert,Enlarged Cardiomediastinum,count,lr_lbfgs,0,8,brier,0.2842971487994212
2571,chexpert,Enlarged Cardiomediastinum,count,lr_lbfgs,1,8,auroc,0.6055062737838115
2572,chexpert,Enlarged Cardiomediastinum,count,lr_lbfgs,1,8,auprc,0.020890946314572986
2573,chexpert,Enlarged Cardiomediastinum,count,lr_lbfgs,1,8,brier,0.24995103788934142
2574,chexpert,Enlarged Cardiomediastinum,count,lr_lbfgs,2,8,auroc,0.6150602951763859
2575,chexpert,Enlarged Cardiomediastinum,count,lr_lbfgs,2,8,auprc,0.022016968470311822
2576,chexpert,Enlarged Cardiomediastinum,count,lr_lbfgs,2,8,brier,0.24997013310975028
2577,chexpert,Enlarged Cardiomediastinum,count,lr_lbfgs,3,8,auroc,0.517583950426823
2578,chexpert,Enlarged Cardiomediastinum,count,lr_lbfgs,3,8,auprc,0.016944039273064627
2579,chexpert,Enlarged Cardiomediastinum,count,lr_lbfgs,3,8,brier,0.2467391117074479
2580,chexpert,Enlarged Cardiomediastinum,count,lr_lbfgs,4,8,auroc,0.5446242157770236
2581,chexpert,Enlarged Cardiomediastinum,count,lr_lbfgs,4,8,auprc,0.01797112782521874
2582,chexpert,Enlarged Cardiomediastinum,count,lr_lbfgs,4,8,brier,0.20769228564564354
2583,chexpert,Enlarged Cardiomediastinum,count,lr_lbfgs,0,12,auroc,0.5059800215982722
2584,chexpert,Enlarged Cardiomediastinum,count,lr_lbfgs,0,12,auprc,0.01746947571814841
2585,chexpert,Enlarged Cardiomediastinum,count,lr_lbfgs,0,12,brier,0.4034032491861852
2586,chexpert,Enlarged Cardiomediastinum,count,lr_lbfgs,1,12,auroc,0.6041692378895402
2587,chexpert,Enlarged Cardiomediastinum,count,lr_lbfgs,1,12,auprc,0.02094497896000863
2588,chexpert,Enlarged Cardiomediastinum,count,lr_lbfgs,1,12,brier,0.2499713987386258
2589,chexpert,Enlarged Cardiomediastinum,count,lr_lbfgs,2,12,auroc,0.667096703692276
2590,chexpert,Enlarged Cardiomediastinum,count,lr_lbfgs,2,12,auprc,0.028129418447108794
2591,chexpert,Enlarged Cardiomediastinum,count,lr_lbfgs,2,12,brier,0.24995352474609128
2592,chexpert,Enlarged Cardiomediastinum,count,lr_lbfgs,3,12,auroc,0.5984276972127944
2593,chexpert,Enlarged Cardiomediastinum,count,lr_lbfgs,3,12,auprc,0.02179810422964408
2594,chexpert,Enlarged Cardiomediastinum,count,lr_lbfgs,3,12,brier,0.5146195186428139
2595,chexpert,Enlarged Cardiomediastinum,count,lr_lbfgs,4,12,auroc,0.5658027357811375
2596,chexpert,Enlarged Cardiomediastinum,count,lr_lbfgs,4,12,auprc,0.018993707608409044
2597,chexpert,Enlarged Cardiomediastinum,count,lr_lbfgs,4,12,brier,0.23995476307435534
2598,chexpert,Enlarged Cardiomediastinum,count,lr_lbfgs,0,16,auroc,0.5286614213720046
2599,chexpert,Enlarged Cardiomediastinum,count,lr_lbfgs,0,16,auprc,0.018208798729877424
2600,chexpert,Enlarged Cardiomediastinum,count,lr_lbfgs,0,16,brier,0.4487426195967933
2601,chexpert,Enlarged Cardiomediastinum,count,lr_lbfgs,1,16,auroc,0.5568709503239742
2602,chexpert,Enlarged Cardiomediastinum,count,lr_lbfgs,1,16,auprc,0.018637876455357465
2603,chexpert,Enlarged Cardiomediastinum,count,lr_lbfgs,1,16,brier,0.30049451089684476
2604,chexpert,Enlarged Cardiomediastinum,count,lr_lbfgs,2,16,auroc,0.6040149645171243
2605,chexpert,Enlarged Cardiomediastinum,count,lr_lbfgs,2,16,auprc,0.022579166166463806
2606,chexpert,Enlarged Cardiomediastinum,count,lr_lbfgs,2,16,brier,0.45015619480298646
2607,chexpert,Enlarged Cardiomediastinum,count,lr_lbfgs,3,16,auroc,0.6109771932531112
2608,chexpert,Enlarged Cardiomediastinum,count,lr_lbfgs,3,16,auprc,0.022301638953659202
2609,chexpert,Enlarged Cardiomediastinum,count,lr_lbfgs,3,16,brier,0.544577712302968
2610,chexpert,Enlarged Cardiomediastinum,count,lr_lbfgs,4,16,auroc,0.6320226524735164
2611,chexpert,Enlarged Cardiomediastinum,count,lr_lbfgs,4,16,auprc,0.024165603298595118
2612,chexpert,Enlarged Cardiomediastinum,count,lr_lbfgs,4,16,brier,0.24789300073300252
2613,chexpert,Enlarged Cardiomediastinum,count,lr_lbfgs,0,24,auroc,0.639909235832562
2614,chexpert,Enlarged Cardiomediastinum,count,lr_lbfgs,0,24,auprc,0.025041237522942645
2615,chexpert,Enlarged Cardiomediastinum,count,lr_lbfgs,0,24,brier,0.24060819729828273
2616,chexpert,Enlarged Cardiomediastinum,count,lr_lbfgs,1,24,auroc,0.5585711714491413
2617,chexpert,Enlarged Cardiomediastinum,count,lr_lbfgs,1,24,auprc,0.019485764872044252
2618,chexpert,Enlarged Cardiomediastinum,count,lr_lbfgs,1,24,brier,0.27638663181142553
2619,chexpert,Enlarged Cardiomediastinum,count,lr_lbfgs,2,24,auroc,0.6667528026329322
2620,chexpert,Enlarged Cardiomediastinum,count,lr_lbfgs,2,24,auprc,0.03473150048825753
2621,chexpert,Enlarged Cardiomediastinum,count,lr_lbfgs,2,24,brier,0.24934914756561266
2622,chexpert,Enlarged Cardiomediastinum,count,lr_lbfgs,3,24,auroc,0.6055570554355652
2623,chexpert,Enlarged Cardiomediastinum,count,lr_lbfgs,3,24,auprc,0.022295539552889963
2624,chexpert,Enlarged Cardiomediastinum,count,lr_lbfgs,3,24,brier,0.22747399922939907
2625,chexpert,Enlarged Cardiomediastinum,count,lr_lbfgs,4,24,auroc,0.6568426668723645
2626,chexpert,Enlarged Cardiomediastinum,count,lr_lbfgs,4,24,auprc,0.029602315379735376
2627,chexpert,Enlarged Cardiomediastinum,count,lr_lbfgs,4,24,brier,0.24716685734251367
2628,chexpert,Enlarged Cardiomediastinum,count,lr_lbfgs,0,32,auroc,0.6500533528746272
2629,chexpert,Enlarged Cardiomediastinum,count,lr_lbfgs,0,32,auprc,0.02558788548404335
2630,chexpert,Enlarged Cardiomediastinum,count,lr_lbfgs,0,32,brier,0.24996633441899677
2631,chexpert,Enlarged Cardiomediastinum,count,lr_lbfgs,1,32,auroc,0.5338360074051219
2632,chexpert,Enlarged Cardiomediastinum,count,lr_lbfgs,1,32,auprc,0.018129991836769672
2633,chexpert,Enlarged Cardiomediastinum,count,lr_lbfgs,1,32,brier,0.25920126967599283
2634,chexpert,Enlarged Cardiomediastinum,count,lr_lbfgs,2,32,auroc,0.6613037385580582
2635,chexpert,Enlarged Cardiomediastinum,count,lr_lbfgs,2,32,auprc,0.032199869508809334
2636,chexpert,Enlarged Cardiomediastinum,count,lr_lbfgs,2,32,brier,0.24990537716025857
2637,chexpert,Enlarged Cardiomediastinum,count,lr_lbfgs,3,32,auroc,0.6213803609996915
2638,chexpert,Enlarged Cardiomediastinum,count,lr_lbfgs,3,32,auprc,0.02376409140997307
2639,chexpert,Enlarged Cardiomediastinum,count,lr_lbfgs,3,32,brier,0.24231699035821316
2640,chexpert,Enlarged Cardiomediastinum,count,lr_lbfgs,4,32,auroc,0.6588462922966163
2641,chexpert,Enlarged Cardiomediastinum,count,lr_lbfgs,4,32,auprc,0.02956299826364242
2642,chexpert,Enlarged Cardiomediastinum,count,lr_lbfgs,4,32,brier,0.24668299366601582
2643,chexpert,Enlarged Cardiomediastinum,count,lr_lbfgs,0,48,auroc,0.6323003445438651
2644,chexpert,Enlarged Cardiomediastinum,count,lr_lbfgs,0,48,auprc,0.024006777696515193
2645,chexpert,Enlarged Cardiomediastinum,count,lr_lbfgs,0,48,brier,0.3547364804098436
2646,chexpert,Enlarged Cardiomediastinum,count,lr_lbfgs,1,48,auroc,0.6607419263601769
2647,chexpert,Enlarged Cardiomediastinum,count,lr_lbfgs,1,48,auprc,0.0260096738390133
2648,chexpert,Enlarged Cardiomediastinum,count,lr_lbfgs,1,48,brier,0.23749643076100174
2649,chexpert,Enlarged Cardiomediastinum,count,lr_lbfgs,2,48,auroc,0.6795645634063561
2650,chexpert,Enlarged Cardiomediastinum,count,lr_lbfgs,2,48,auprc,0.030854921697911153
2651,chexpert,Enlarged Cardiomediastinum,count,lr_lbfgs,2,48,brier,0.2466497840324865
2652,chexpert,Enlarged Cardiomediastinum,count,lr_lbfgs,3,48,auroc,0.6561947187082177
2653,chexpert,Enlarged Cardiomediastinum,count,lr_lbfgs,3,48,auprc,0.030423789258120244
2654,chexpert,Enlarged Cardiomediastinum,count,lr_lbfgs,3,48,brier,0.23466208945264574
2655,chexpert,Enlarged Cardiomediastinum,count,lr_lbfgs,4,48,auroc,0.6546333436182248
2656,chexpert,Enlarged Cardiomediastinum,count,lr_lbfgs,4,48,auprc,0.026902971329447963
2657,chexpert,Enlarged Cardiomediastinum,count,lr_lbfgs,4,48,brier,0.24992562002196464
2658,chexpert,Enlarged Cardiomediastinum,count,lr_lbfgs,0,64,auroc,0.65483614882238
2659,chexpert,Enlarged Cardiomediastinum,count,lr_lbfgs,0,64,auprc,0.025774919042593394
2660,chexpert,Enlarged Cardiomediastinum,count,lr_lbfgs,0,64,brier,0.33507319649160205
2661,chexpert,Enlarged Cardiomediastinum,count,lr_lbfgs,1,64,auroc,0.5993819423017588
2662,chexpert,Enlarged Cardiomediastinum,count,lr_lbfgs,1,64,auprc,0.02197601424102998
2663,chexpert,Enlarged Cardiomediastinum,count,lr_lbfgs,1,64,brier,0.4380780658724747
2664,chexpert,Enlarged Cardiomediastinum,count,lr_lbfgs,2,64,auroc,0.6710827419520724
2665,chexpert,Enlarged Cardiomediastinum,count,lr_lbfgs,2,64,auprc,0.03303186368773841
2666,chexpert,Enlarged Cardiomediastinum,count,lr_lbfgs,2,64,brier,0.22155798719715833
2667,chexpert,Enlarged Cardiomediastinum,count,lr_lbfgs,3,64,auroc,0.6493829065103363
2668,chexpert,Enlarged Cardiomediastinum,count,lr_lbfgs,3,64,auprc,0.029567328855466615
2669,chexpert,Enlarged Cardiomediastinum,count,lr_lbfgs,3,64,brier,0.23678555196491677
2670,chexpert,Enlarged Cardiomediastinum,count,lr_lbfgs,4,64,auroc,0.653379229661627
2671,chexpert,Enlarged Cardiomediastinum,count,lr_lbfgs,4,64,auprc,0.02770905473530734
2672,chexpert,Enlarged Cardiomediastinum,count,lr_lbfgs,4,64,brier,0.23308224775460074
2673,chexpert,Enlarged Cardiomediastinum,count,lr_lbfgs,0,128,auroc,0.6813914172580479
2674,chexpert,Enlarged Cardiomediastinum,count,lr_lbfgs,0,128,auprc,0.031184584790436447
2675,chexpert,Enlarged Cardiomediastinum,count,lr_lbfgs,0,128,brier,0.23412795465369607
2676,chexpert,Enlarged Cardiomediastinum,count,lr_lbfgs,1,128,auroc,0.6809131698035585
2677,chexpert,Enlarged Cardiomediastinum,count,lr_lbfgs,1,128,auprc,0.034556690602135696
2678,chexpert,Enlarged Cardiomediastinum,count,lr_lbfgs,1,128,brier,0.233430066028095
2679,chexpert,Enlarged Cardiomediastinum,count,lr_lbfgs,2,128,auroc,0.6723715674174637
2680,chexpert,Enlarged Cardiomediastinum,count,lr_lbfgs,2,128,auprc,0.030238530469717594
2681,chexpert,Enlarged Cardiomediastinum,count,lr_lbfgs,2,128,brier,0.21370010660535146
2682,chexpert,Enlarged Cardiomediastinum,count,lr_lbfgs,3,128,auroc,0.6708500462820117
2683,chexpert,Enlarged Cardiomediastinum,count,lr_lbfgs,3,128,auprc,0.028409093179913546
2684,chexpert,Enlarged Cardiomediastinum,count,lr_lbfgs,3,128,brier,0.2346191490975263
2685,chexpert,Enlarged Cardiomediastinum,count,lr_lbfgs,4,128,auroc,0.6625366399259488
2686,chexpert,Enlarged Cardiomediastinum,count,lr_lbfgs,4,128,auprc,0.028299022520055603
2687,chexpert,Enlarged Cardiomediastinum,count,lr_lbfgs,4,128,brier,0.22989191699474726
2688,chexpert,Cardiomegaly,count,lr_lbfgs,0,-1,auroc,0.7479684851561614
2689,chexpert,Cardiomegaly,count,lr_lbfgs,0,-1,auprc,0.11778909593589264
2690,chexpert,Cardiomegaly,count,lr_lbfgs,0,-1,brier,0.035816124481691
2691,chexpert,Cardiomegaly,count,lr_lbfgs,0,1,auroc,0.5192412981067192
2692,chexpert,Cardiomegaly,count,lr_lbfgs,0,1,auprc,0.03817617490836939
2693,chexpert,Cardiomegaly,count,lr_lbfgs,0,1,brier,0.2500781449069822
2694,chexpert,Cardiomegaly,count,lr_lbfgs,1,1,auroc,0.4340154097136595
2695,chexpert,Cardiomegaly,count,lr_lbfgs,1,1,auprc,0.030673992681417375
2696,chexpert,Cardiomegaly,count,lr_lbfgs,1,1,brier,0.2501792285017628
2697,chexpert,Cardiomegaly,count,lr_lbfgs,2,1,auroc,0.6206339221831385
2698,chexpert,Cardiomegaly,count,lr_lbfgs,2,1,auprc,0.049577295882101635
2699,chexpert,Cardiomegaly,count,lr_lbfgs,2,1,brier,0.405291568617341
2700,chexpert,Cardiomegaly,count,lr_lbfgs,3,1,auroc,0.5582196719499177
2701,chexpert,Cardiomegaly,count,lr_lbfgs,3,1,auprc,0.04132017681213174
2702,chexpert,Cardiomegaly,count,lr_lbfgs,3,1,brier,0.24997467658056688
2703,chexpert,Cardiomegaly,count,lr_lbfgs,4,1,auroc,0.6906089742698975
2704,chexpert,Cardiomegaly,count,lr_lbfgs,4,1,auprc,0.07519464744739374
2705,chexpert,Cardiomegaly,count,lr_lbfgs,4,1,brier,0.2499014588213141
2706,chexpert,Cardiomegaly,count,lr_lbfgs,0,2,auroc,0.5575447905984133
2707,chexpert,Cardiomegaly,count,lr_lbfgs,0,2,auprc,0.041710446370392895
2708,chexpert,Cardiomegaly,count,lr_lbfgs,0,2,brier,0.31657252950556225
2709,chexpert,Cardiomegaly,count,lr_lbfgs,1,2,auroc,0.4721564736577025
2710,chexpert,Cardiomegaly,count,lr_lbfgs,1,2,auprc,0.03271597217146229
2711,chexpert,Cardiomegaly,count,lr_lbfgs,1,2,brier,0.25000285410550444
2712,chexpert,Cardiomegaly,count,lr_lbfgs,2,2,auroc,0.6466311361938668
2713,chexpert,Cardiomegaly,count,lr_lbfgs,2,2,auprc,0.052795482666722834
2714,chexpert,Cardiomegaly,count,lr_lbfgs,2,2,brier,0.2793512923331894
2715,chexpert,Cardiomegaly,count,lr_lbfgs,3,2,auroc,0.5344975384046244
2716,chexpert,Cardiomegaly,count,lr_lbfgs,3,2,auprc,0.03764092274321944
2717,chexpert,Cardiomegaly,count,lr_lbfgs,3,2,brier,0.25000037450869794
2718,chexpert,Cardiomegaly,count,lr_lbfgs,4,2,auroc,0.5606713857409351
2719,chexpert,Cardiomegaly,count,lr_lbfgs,4,2,auprc,0.04211877705357374
2720,chexpert,Cardiomegaly,count,lr_lbfgs,4,2,brier,0.2500332762144163
2721,chexpert,Cardiomegaly,count,lr_lbfgs,0,4,auroc,0.6011003453305035
2722,chexpert,Cardiomegaly,count,lr_lbfgs,0,4,auprc,0.047732967571491085
2723,chexpert,Cardiomegaly,count,lr_lbfgs,0,4,brier,0.2500078618582875
2724,chexpert,Cardiomegaly,count,lr_lbfgs,1,4,auroc,0.4837738204089926
2725,chexpert,Cardiomegaly,count,lr_lbfgs,1,4,auprc,0.03377931788510248
2726,chexpert,Cardiomegaly,count,lr_lbfgs,1,4,brier,0.24993182295642843
2727,chexpert,Cardiomegaly,count,lr_lbfgs,2,4,auroc,0.6671534891103393
2728,chexpert,Cardiomegaly,count,lr_lbfgs,2,4,auprc,0.05595857098766585
2729,chexpert,Cardiomegaly,count,lr_lbfgs,2,4,brier,0.299648858903959
2730,chexpert,Cardiomegaly,count,lr_lbfgs,3,4,auroc,0.4980514750272284
2731,chexpert,Cardiomegaly,count,lr_lbfgs,3,4,auprc,0.035348358538185645
2732,chexpert,Cardiomegaly,count,lr_lbfgs,3,4,brier,0.30688353409450925
2733,chexpert,Cardiomegaly,count,lr_lbfgs,4,4,auroc,0.6117943815162489
2734,chexpert,Cardiomegaly,count,lr_lbfgs,4,4,auprc,0.05632116761664179
2735,chexpert,Cardiomegaly,count,lr_lbfgs,4,4,brier,0.24992237992366456
2736,chexpert,Cardiomegaly,count,lr_lbfgs,0,8,auroc,0.683853675964929
2737,chexpert,Cardiomegaly,count,lr_lbfgs,0,8,auprc,0.07649933615538809
2738,chexpert,Cardiomegaly,count,lr_lbfgs,0,8,brier,0.20413501582742005
2739,chexpert,Cardiomegaly,count,lr_lbfgs,1,8,auroc,0.36630246851248494
2740,chexpert,Cardiomegaly,count,lr_lbfgs,1,8,auprc,0.02691373232889078
2741,chexpert,Cardiomegaly,count,lr_lbfgs,1,8,brier,0.241471831026144
2742,chexpert,Cardiomegaly,count,lr_lbfgs,2,8,auroc,0.6056489622637722
2743,chexpert,Cardiomegaly,count,lr_lbfgs,2,8,auprc,0.05028391756525162
2744,chexpert,Cardiomegaly,count,lr_lbfgs,2,8,brier,0.22981313559695837
2745,chexpert,Cardiomegaly,count,lr_lbfgs,3,8,auroc,0.5713228075928861
2746,chexpert,Cardiomegaly,count,lr_lbfgs,3,8,auprc,0.044421851772899805
2747,chexpert,Cardiomegaly,count,lr_lbfgs,3,8,brier,0.36725285252245926
2748,chexpert,Cardiomegaly,count,lr_lbfgs,4,8,auroc,0.6841244931441874
2749,chexpert,Cardiomegaly,count,lr_lbfgs,4,8,auprc,0.06922283630128617
2750,chexpert,Cardiomegaly,count,lr_lbfgs,4,8,brier,0.28351250834411074
2751,chexpert,Cardiomegaly,count,lr_lbfgs,0,12,auroc,0.6625165555142793
2752,chexpert,Cardiomegaly,count,lr_lbfgs,0,12,auprc,0.05608095476368992
2753,chexpert,Cardiomegaly,count,lr_lbfgs,0,12,brier,0.25399861500682114
2754,chexpert,Cardiomegaly,count,lr_lbfgs,1,12,auroc,0.4720434530332914
2755,chexpert,Cardiomegaly,count,lr_lbfgs,1,12,auprc,0.0329982742151287
2756,chexpert,Cardiomegaly,count,lr_lbfgs,1,12,brier,0.4463228018465018
2757,chexpert,Cardiomegaly,count,lr_lbfgs,2,12,auroc,0.5751056017159372
2758,chexpert,Cardiomegaly,count,lr_lbfgs,2,12,auprc,0.04385379333284543
2759,chexpert,Cardiomegaly,count,lr_lbfgs,2,12,brier,0.24992695773041043
2760,chexpert,Cardiomegaly,count,lr_lbfgs,3,12,auroc,0.5587648575029174
2761,chexpert,Cardiomegaly,count,lr_lbfgs,3,12,auprc,0.041523049569226714
2762,chexpert,Cardiomegaly,count,lr_lbfgs,3,12,brier,0.29904399359842865
2763,chexpert,Cardiomegaly,count,lr_lbfgs,4,12,auroc,0.6591932550773589
2764,chexpert,Cardiomegaly,count,lr_lbfgs,4,12,auprc,0.07361441155217927
2765,chexpert,Cardiomegaly,count,lr_lbfgs,4,12,brier,0.3434660080036859
2766,chexpert,Cardiomegaly,count,lr_lbfgs,0,16,auroc,0.7566917628036773
2767,chexpert,Cardiomegaly,count,lr_lbfgs,0,16,auprc,0.08156688019791543
2768,chexpert,Cardiomegaly,count,lr_lbfgs,0,16,brier,0.24979570988520444
2769,chexpert,Cardiomegaly,count,lr_lbfgs,1,16,auroc,0.5054302395635798
2770,chexpert,Cardiomegaly,count,lr_lbfgs,1,16,auprc,0.03560419945695001
2771,chexpert,Cardiomegaly,count,lr_lbfgs,1,16,brier,0.21289735257285664
2772,chexpert,Cardiomegaly,count,lr_lbfgs,2,16,auroc,0.6105838873968725
2773,chexpert,Cardiomegaly,count,lr_lbfgs,2,16,auprc,0.050183593486970476
2774,chexpert,Cardiomegaly,count,lr_lbfgs,2,16,brier,0.4053903067917758
2775,chexpert,Cardiomegaly,count,lr_lbfgs,3,16,auroc,0.6380491343268649
2776,chexpert,Cardiomegaly,count,lr_lbfgs,3,16,auprc,0.053563685065229454
2777,chexpert,Cardiomegaly,count,lr_lbfgs,3,16,brier,0.27061661676452786
2778,chexpert,Cardiomegaly,count,lr_lbfgs,4,16,auroc,0.6218834794418263
2779,chexpert,Cardiomegaly,count,lr_lbfgs,4,16,auprc,0.05788812113084534
2780,chexpert,Cardiomegaly,count,lr_lbfgs,4,16,brier,0.3775167476508503
2781,chexpert,Cardiomegaly,count,lr_lbfgs,0,24,auroc,0.771971163065601
2782,chexpert,Cardiomegaly,count,lr_lbfgs,0,24,auprc,0.08954886023265377
2783,chexpert,Cardiomegaly,count,lr_lbfgs,0,24,brier,0.2477490056569573
2784,chexpert,Cardiomegaly,count,lr_lbfgs,1,24,auroc,0.6663946142893272
2785,chexpert,Cardiomegaly,count,lr_lbfgs,1,24,auprc,0.06341315217283244
2786,chexpert,Cardiomegaly,count,lr_lbfgs,1,24,brier,0.23532766501878746
2787,chexpert,Cardiomegaly,count,lr_lbfgs,2,24,auroc,0.6148672455422473
2788,chexpert,Cardiomegaly,count,lr_lbfgs,2,24,auprc,0.0492981479005354
2789,chexpert,Cardiomegaly,count,lr_lbfgs,2,24,brier,0.31648825497752187
2790,chexpert,Cardiomegaly,count,lr_lbfgs,3,24,auroc,0.7305157538707248
2791,chexpert,Cardiomegaly,count,lr_lbfgs,3,24,auprc,0.07418964565223779
2792,chexpert,Cardiomegaly,count,lr_lbfgs,3,24,brier,0.24214132405099584
2793,chexpert,Cardiomegaly,count,lr_lbfgs,4,24,auroc,0.6473534182717293
2794,chexpert,Cardiomegaly,count,lr_lbfgs,4,24,auprc,0.0598263546334582
2795,chexpert,Cardiomegaly,count,lr_lbfgs,4,24,brier,0.3160511985953493
2796,chexpert,Cardiomegaly,count,lr_lbfgs,0,32,auroc,0.7391051669262128
2797,chexpert,Cardiomegaly,count,lr_lbfgs,0,32,auprc,0.08236521136287347
2798,chexpert,Cardiomegaly,count,lr_lbfgs,0,32,brier,0.3483419313119717
2799,chexpert,Cardiomegaly,count,lr_lbfgs,1,32,auroc,0.681416012552083
2800,chexpert,Cardiomegaly,count,lr_lbfgs,1,32,auprc,0.06894992800319598
2801,chexpert,Cardiomegaly,count,lr_lbfgs,1,32,brier,0.19141976997628257
2802,chexpert,Cardiomegaly,count,lr_lbfgs,2,32,auroc,0.6748398179688588
2803,chexpert,Cardiomegaly,count,lr_lbfgs,2,32,auprc,0.06425395276007048
2804,chexpert,Cardiomegaly,count,lr_lbfgs,2,32,brier,0.23969087525854424
2805,chexpert,Cardiomegaly,count,lr_lbfgs,3,32,auroc,0.7324599556502129
2806,chexpert,Cardiomegaly,count,lr_lbfgs,3,32,auprc,0.07559570690459874
2807,chexpert,Cardiomegaly,count,lr_lbfgs,3,32,brier,0.2766201161406013
2808,chexpert,Cardiomegaly,count,lr_lbfgs,4,32,auroc,0.6104132756619349
2809,chexpert,Cardiomegaly,count,lr_lbfgs,4,32,auprc,0.051825370834148746
2810,chexpert,Cardiomegaly,count,lr_lbfgs,4,32,brier,0.3240221313088012
2811,chexpert,Cardiomegaly,count,lr_lbfgs,0,48,auroc,0.7334502757116517
2812,chexpert,Cardiomegaly,count,lr_lbfgs,0,48,auprc,0.07752496175248581
2813,chexpert,Cardiomegaly,count,lr_lbfgs,0,48,brier,0.2663441547820177
2814,chexpert,Cardiomegaly,count,lr_lbfgs,1,48,auroc,0.7615244752955752
2815,chexpert,Cardiomegaly,count,lr_lbfgs,1,48,auprc,0.08638855952444846
2816,chexpert,Cardiomegaly,count,lr_lbfgs,1,48,brier,0.24997438341234726
2817,chexpert,Cardiomegaly,count,lr_lbfgs,2,48,auroc,0.7211764211803121
2818,chexpert,Cardiomegaly,count,lr_lbfgs,2,48,auprc,0.07279653430954025
2819,chexpert,Cardiomegaly,count,lr_lbfgs,2,48,brier,0.23536616011394462
2820,chexpert,Cardiomegaly,count,lr_lbfgs,3,48,auroc,0.744955219437571
2821,chexpert,Cardiomegaly,count,lr_lbfgs,3,48,auprc,0.08440500754886301
2822,chexpert,Cardiomegaly,count,lr_lbfgs,3,48,brier,0.23838906090525622
2823,chexpert,Cardiomegaly,count,lr_lbfgs,4,48,auroc,0.5613624790672525
2824,chexpert,Cardiomegaly,count,lr_lbfgs,4,48,auprc,0.042283819680735565
2825,chexpert,Cardiomegaly,count,lr_lbfgs,4,48,brier,0.2098152851770461
2826,chexpert,Cardiomegaly,count,lr_lbfgs,0,64,auroc,0.7563925360685559
2827,chexpert,Cardiomegaly,count,lr_lbfgs,0,64,auprc,0.10860236517444678
2828,chexpert,Cardiomegaly,count,lr_lbfgs,0,64,brier,0.24713244481554378
2829,chexpert,Cardiomegaly,count,lr_lbfgs,1,64,auroc,0.7831969520252153
2830,chexpert,Cardiomegaly,count,lr_lbfgs,1,64,auprc,0.09361788793814155
2831,chexpert,Cardiomegaly,count,lr_lbfgs,1,64,brier,0.249967945595878
2832,chexpert,Cardiomegaly,count,lr_lbfgs,2,64,auroc,0.7215235118410721
2833,chexpert,Cardiomegaly,count,lr_lbfgs,2,64,auprc,0.07187526340503551
2834,chexpert,Cardiomegaly,count,lr_lbfgs,2,64,brier,0.2799931140754593
2835,chexpert,Cardiomegaly,count,lr_lbfgs,3,64,auroc,0.7343315895424425
2836,chexpert,Cardiomegaly,count,lr_lbfgs,3,64,auprc,0.08087126885610729
2837,chexpert,Cardiomegaly,count,lr_lbfgs,3,64,brier,0.2571651903019727
2838,chexpert,Cardiomegaly,count,lr_lbfgs,4,64,auroc,0.5716434958946648
2839,chexpert,Cardiomegaly,count,lr_lbfgs,4,64,auprc,0.04374289566459739
2840,chexpert,Cardiomegaly,count,lr_lbfgs,4,64,brier,0.17751412592456098
2841,chexpert,Cardiomegaly,count,lr_lbfgs,0,128,auroc,0.7327400368150788
2842,chexpert,Cardiomegaly,count,lr_lbfgs,0,128,auprc,0.09288201293324277
2843,chexpert,Cardiomegaly,count,lr_lbfgs,0,128,brier,0.2335661571576968
2844,chexpert,Cardiomegaly,count,lr_lbfgs,1,128,auroc,0.7480092466928343
2845,chexpert,Cardiomegaly,count,lr_lbfgs,1,128,auprc,0.08535182039516588
2846,chexpert,Cardiomegaly,count,lr_lbfgs,1,128,brier,0.22324182690872402
2847,chexpert,Cardiomegaly,count,lr_lbfgs,2,128,auroc,0.7080956735025616
2848,chexpert,Cardiomegaly,count,lr_lbfgs,2,128,auprc,0.09586143125778529
2849,chexpert,Cardiomegaly,count,lr_lbfgs,2,128,brier,0.1643400620502169
2850,chexpert,Cardiomegaly,count,lr_lbfgs,3,128,auroc,0.7273888499286828
2851,chexpert,Cardiomegaly,count,lr_lbfgs,3,128,auprc,0.08369878045524498
2852,chexpert,Cardiomegaly,count,lr_lbfgs,3,128,brier,0.23281707481174965
2853,chexpert,Cardiomegaly,count,lr_lbfgs,4,128,auroc,0.6523323473364652
2854,chexpert,Cardiomegaly,count,lr_lbfgs,4,128,auprc,0.06180878549849941
2855,chexpert,Cardiomegaly,count,lr_lbfgs,4,128,brier,0.15909661699082336
2856,chexpert,Lung Lesion,count,lr_lbfgs,0,-1,auroc,0.696072039621972
2857,chexpert,Lung Lesion,count,lr_lbfgs,0,-1,auprc,0.2619886678142882
2858,chexpert,Lung Lesion,count,lr_lbfgs,0,-1,brier,0.10746168747556863
2859,chexpert,Lung Lesion,count,lr_lbfgs,0,1,auroc,0.42703320581634174
2860,chexpert,Lung Lesion,count,lr_lbfgs,0,1,auprc,0.10491854796556445
2861,chexpert,Lung Lesion,count,lr_lbfgs,0,1,brier,0.2500999819448473
2862,chexpert,Lung Lesion,count,lr_lbfgs,1,1,auroc,0.586301615176364
2863,chexpert,Lung Lesion,count,lr_lbfgs,1,1,auprc,0.1583459383596579
2864,chexpert,Lung Lesion,count,lr_lbfgs,1,1,brier,0.249946006919263
2865,chexpert,Lung Lesion,count,lr_lbfgs,2,1,auroc,0.5990276483792825
2866,chexpert,Lung Lesion,count,lr_lbfgs,2,1,auprc,0.1768037460653063
2867,chexpert,Lung Lesion,count,lr_lbfgs,2,1,brier,0.24993951333678682
2868,chexpert,Lung Lesion,count,lr_lbfgs,3,1,auroc,0.5697317846086415
2869,chexpert,Lung Lesion,count,lr_lbfgs,3,1,auprc,0.14873431892777006
2870,chexpert,Lung Lesion,count,lr_lbfgs,3,1,brier,0.25002837414100204
2871,chexpert,Lung Lesion,count,lr_lbfgs,4,1,auroc,0.5393509055018847
2872,chexpert,Lung Lesion,count,lr_lbfgs,4,1,auprc,0.14406288025892997
2873,chexpert,Lung Lesion,count,lr_lbfgs,4,1,brier,0.24981779713997598
2874,chexpert,Lung Lesion,count,lr_lbfgs,0,2,auroc,0.437560627698985
2875,chexpert,Lung Lesion,count,lr_lbfgs,0,2,auprc,0.10739552589211647
2876,chexpert,Lung Lesion,count,lr_lbfgs,0,2,brier,0.2501574522300208
2877,chexpert,Lung Lesion,count,lr_lbfgs,1,2,auroc,0.5557252684207523
2878,chexpert,Lung Lesion,count,lr_lbfgs,1,2,auprc,0.15166618538027668
2879,chexpert,Lung Lesion,count,lr_lbfgs,1,2,brier,0.2500287687483964
2880,chexpert,Lung Lesion,count,lr_lbfgs,2,2,auroc,0.592712374451259
2881,chexpert,Lung Lesion,count,lr_lbfgs,2,2,auprc,0.17485595336222598
2882,chexpert,Lung Lesion,count,lr_lbfgs,2,2,brier,0.24990112109341422
2883,chexpert,Lung Lesion,count,lr_lbfgs,3,2,auroc,0.571605815702188
2884,chexpert,Lung Lesion,count,lr_lbfgs,3,2,auprc,0.16195928027871798
2885,chexpert,Lung Lesion,count,lr_lbfgs,3,2,brier,0.24987609298148394
2886,chexpert,Lung Lesion,count,lr_lbfgs,4,2,auroc,0.5191059633522142
2887,chexpert,Lung Lesion,count,lr_lbfgs,4,2,auprc,0.1334052770469364
2888,chexpert,Lung Lesion,count,lr_lbfgs,4,2,brier,0.24993128789690686
2889,chexpert,Lung Lesion,count,lr_lbfgs,0,4,auroc,0.44904660054676976
2890,chexpert,Lung Lesion,count,lr_lbfgs,0,4,auprc,0.11066309334400373
2891,chexpert,Lung Lesion,count,lr_lbfgs,0,4,brier,0.46701934173102755
2892,chexpert,Lung Lesion,count,lr_lbfgs,1,4,auroc,0.5987917081344223
2893,chexpert,Lung Lesion,count,lr_lbfgs,1,4,auprc,0.16977500968904255
2894,chexpert,Lung Lesion,count,lr_lbfgs,1,4,brier,0.41992406110007197
2895,chexpert,Lung Lesion,count,lr_lbfgs,2,4,auroc,0.5931740118765585
2896,chexpert,Lung Lesion,count,lr_lbfgs,2,4,auprc,0.1947337755872299
2897,chexpert,Lung Lesion,count,lr_lbfgs,2,4,brier,0.224202125704786
2898,chexpert,Lung Lesion,count,lr_lbfgs,3,4,auroc,0.5911951517627414
2899,chexpert,Lung Lesion,count,lr_lbfgs,3,4,auprc,0.1607776803809362
2900,chexpert,Lung Lesion,count,lr_lbfgs,3,4,brier,0.24999531424010496
2901,chexpert,Lung Lesion,count,lr_lbfgs,4,4,auroc,0.5376048377643498
2902,chexpert,Lung Lesion,count,lr_lbfgs,4,4,auprc,0.14796711427708553
2903,chexpert,Lung Lesion,count,lr_lbfgs,4,4,brier,0.24997025045070773
2904,chexpert,Lung Lesion,count,lr_lbfgs,0,8,auroc,0.4699344573789088
2905,chexpert,Lung Lesion,count,lr_lbfgs,0,8,auprc,0.11527245099768474
2906,chexpert,Lung Lesion,count,lr_lbfgs,0,8,brier,0.5296741018348197
2907,chexpert,Lung Lesion,count,lr_lbfgs,1,8,auroc,0.5723063413762541
2908,chexpert,Lung Lesion,count,lr_lbfgs,1,8,auprc,0.15290002986996623
2909,chexpert,Lung Lesion,count,lr_lbfgs,1,8,brier,0.2647826502944571
2910,chexpert,Lung Lesion,count,lr_lbfgs,2,8,auroc,0.5903240415914385
2911,chexpert,Lung Lesion,count,lr_lbfgs,2,8,auprc,0.18536720431382653
2912,chexpert,Lung Lesion,count,lr_lbfgs,2,8,brier,0.3643140058318781
2913,chexpert,Lung Lesion,count,lr_lbfgs,3,8,auroc,0.554463422816411
2914,chexpert,Lung Lesion,count,lr_lbfgs,3,8,auprc,0.14891211962679368
2915,chexpert,Lung Lesion,count,lr_lbfgs,3,8,brier,0.2532939843135399
2916,chexpert,Lung Lesion,count,lr_lbfgs,4,8,auroc,0.5994893857369177
2917,chexpert,Lung Lesion,count,lr_lbfgs,4,8,auprc,0.17808893762744085
2918,chexpert,Lung Lesion,count,lr_lbfgs,4,8,brier,0.4050136250048407
2919,chexpert,Lung Lesion,count,lr_lbfgs,0,12,auroc,0.5826749208111188
2920,chexpert,Lung Lesion,count,lr_lbfgs,0,12,auprc,0.16697332137302742
2921,chexpert,Lung Lesion,count,lr_lbfgs,0,12,brier,0.24992145897287793
2922,chexpert,Lung Lesion,count,lr_lbfgs,1,12,auroc,0.5643387362416907
2923,chexpert,Lung Lesion,count,lr_lbfgs,1,12,auprc,0.1573234419957199
2924,chexpert,Lung Lesion,count,lr_lbfgs,1,12,brier,0.33488265761838115
2925,chexpert,Lung Lesion,count,lr_lbfgs,2,12,auroc,0.6123415335476349
2926,chexpert,Lung Lesion,count,lr_lbfgs,2,12,auprc,0.20163499746837482
2927,chexpert,Lung Lesion,count,lr_lbfgs,2,12,brier,0.24991377267199627
2928,chexpert,Lung Lesion,count,lr_lbfgs,3,12,auroc,0.5345605990184046
2929,chexpert,Lung Lesion,count,lr_lbfgs,3,12,auprc,0.13563025972776213
2930,chexpert,Lung Lesion,count,lr_lbfgs,3,12,brier,0.29338683054269493
2931,chexpert,Lung Lesion,count,lr_lbfgs,4,12,auroc,0.6041967483816708
2932,chexpert,Lung Lesion,count,lr_lbfgs,4,12,auprc,0.17929347447168453
2933,chexpert,Lung Lesion,count,lr_lbfgs,4,12,brier,0.3143318358770251
2934,chexpert,Lung Lesion,count,lr_lbfgs,0,16,auroc,0.6172354198971877
2935,chexpert,Lung Lesion,count,lr_lbfgs,0,16,auprc,0.20109712921399517
2936,chexpert,Lung Lesion,count,lr_lbfgs,0,16,brier,0.24798743805231654
2937,chexpert,Lung Lesion,count,lr_lbfgs,1,16,auroc,0.6135253819638723
2938,chexpert,Lung Lesion,count,lr_lbfgs,1,16,auprc,0.18785580972181923
2939,chexpert,Lung Lesion,count,lr_lbfgs,1,16,brier,0.25202385682301853
2940,chexpert,Lung Lesion,count,lr_lbfgs,2,16,auroc,0.5904075850241801
2941,chexpert,Lung Lesion,count,lr_lbfgs,2,16,auprc,0.1779591983905112
2942,chexpert,Lung Lesion,count,lr_lbfgs,2,16,brier,0.4244116479582578
2943,chexpert,Lung Lesion,count,lr_lbfgs,3,16,auroc,0.5892856446899805
2944,chexpert,Lung Lesion,count,lr_lbfgs,3,16,auprc,0.17032988258645115
2945,chexpert,Lung Lesion,count,lr_lbfgs,3,16,brier,0.23771759244345378
2946,chexpert,Lung Lesion,count,lr_lbfgs,4,16,auroc,0.5571182252496834
2947,chexpert,Lung Lesion,count,lr_lbfgs,4,16,auprc,0.15367219315543565
2948,chexpert,Lung Lesion,count,lr_lbfgs,4,16,brier,0.24997461153770079
2949,chexpert,Lung Lesion,count,lr_lbfgs,0,24,auroc,0.6495868147677208
2950,chexpert,Lung Lesion,count,lr_lbfgs,0,24,auprc,0.20965345724598985
2951,chexpert,Lung Lesion,count,lr_lbfgs,0,24,brier,0.35694222527579195
2952,chexpert,Lung Lesion,count,lr_lbfgs,1,24,auroc,0.585851220138844
2953,chexpert,Lung Lesion,count,lr_lbfgs,1,24,auprc,0.1583720333840553
2954,chexpert,Lung Lesion,count,lr_lbfgs,1,24,brier,0.23739705547624143
2955,chexpert,Lung Lesion,count,lr_lbfgs,2,24,auroc,0.5753202006921114
2956,chexpert,Lung Lesion,count,lr_lbfgs,2,24,auprc,0.16734835247331478
2957,chexpert,Lung Lesion,count,lr_lbfgs,2,24,brier,0.3900295942617413
2958,chexpert,Lung Lesion,count,lr_lbfgs,3,24,auroc,0.6094793715175455
2959,chexpert,Lung Lesion,count,lr_lbfgs,3,24,auprc,0.17732953190021003
2960,chexpert,Lung Lesion,count,lr_lbfgs,3,24,brier,0.27663546468310884
2961,chexpert,Lung Lesion,count,lr_lbfgs,4,24,auroc,0.5860496357916055
2962,chexpert,Lung Lesion,count,lr_lbfgs,4,24,auprc,0.17763181134803033
2963,chexpert,Lung Lesion,count,lr_lbfgs,4,24,brier,0.4684194274846366
2964,chexpert,Lung Lesion,count,lr_lbfgs,0,32,auroc,0.6462826520163197
2965,chexpert,Lung Lesion,count,lr_lbfgs,0,32,auprc,0.20888761486140953
2966,chexpert,Lung Lesion,count,lr_lbfgs,0,32,brier,0.24278312028059165
2967,chexpert,Lung Lesion,count,lr_lbfgs,1,32,auroc,0.563915722664184
2968,chexpert,Lung Lesion,count,lr_lbfgs,1,32,auprc,0.15181258708038525
2969,chexpert,Lung Lesion,count,lr_lbfgs,1,32,brier,0.4857177866366172
2970,chexpert,Lung Lesion,count,lr_lbfgs,2,32,auroc,0.5991072944509273
2971,chexpert,Lung Lesion,count,lr_lbfgs,2,32,auprc,0.19245846413315174
2972,chexpert,Lung Lesion,count,lr_lbfgs,2,32,brier,0.24011052696437638
2973,chexpert,Lung Lesion,count,lr_lbfgs,3,32,auroc,0.6156833707896383
2974,chexpert,Lung Lesion,count,lr_lbfgs,3,32,auprc,0.17296364852338306
2975,chexpert,Lung Lesion,count,lr_lbfgs,3,32,brier,0.24935053737523566
2976,chexpert,Lung Lesion,count,lr_lbfgs,4,32,auroc,0.5691311912703908
2977,chexpert,Lung Lesion,count,lr_lbfgs,4,32,auprc,0.1704545776675438
2978,chexpert,Lung Lesion,count,lr_lbfgs,4,32,brier,0.2499592901841142
2979,chexpert,Lung Lesion,count,lr_lbfgs,0,48,auroc,0.6153053267632487
2980,chexpert,Lung Lesion,count,lr_lbfgs,0,48,auprc,0.19596207447520458
2981,chexpert,Lung Lesion,count,lr_lbfgs,0,48,brier,0.25115802774409207
2982,chexpert,Lung Lesion,count,lr_lbfgs,1,48,auroc,0.5917895492961716
2983,chexpert,Lung Lesion,count,lr_lbfgs,1,48,auprc,0.17520936854756017
2984,chexpert,Lung Lesion,count,lr_lbfgs,1,48,brier,0.3799513973646835
2985,chexpert,Lung Lesion,count,lr_lbfgs,2,48,auroc,0.6503361074216648
2986,chexpert,Lung Lesion,count,lr_lbfgs,2,48,auprc,0.22662936078430124
2987,chexpert,Lung Lesion,count,lr_lbfgs,2,48,brier,0.24575092351521777
2988,chexpert,Lung Lesion,count,lr_lbfgs,3,48,auroc,0.6240507052674633
2989,chexpert,Lung Lesion,count,lr_lbfgs,3,48,auprc,0.21165415566425003
2990,chexpert,Lung Lesion,count,lr_lbfgs,3,48,brier,0.23239475341196553
2991,chexpert,Lung Lesion,count,lr_lbfgs,4,48,auroc,0.568132767303259
2992,chexpert,Lung Lesion,count,lr_lbfgs,4,48,auprc,0.16854679535436481
2993,chexpert,Lung Lesion,count,lr_lbfgs,4,48,brier,0.2500602523808171
2994,chexpert,Lung Lesion,count,lr_lbfgs,0,64,auroc,0.6722834468781189
2995,chexpert,Lung Lesion,count,lr_lbfgs,0,64,auprc,0.23195131458007398
2996,chexpert,Lung Lesion,count,lr_lbfgs,0,64,brier,0.2315442025348415
2997,chexpert,Lung Lesion,count,lr_lbfgs,1,64,auroc,0.6150311124337711
2998,chexpert,Lung Lesion,count,lr_lbfgs,1,64,auprc,0.2046447065999698
2999,chexpert,Lung Lesion,count,lr_lbfgs,1,64,brier,0.24853720002476454
3000,chexpert,Lung Lesion,count,lr_lbfgs,2,64,auroc,0.6337441418415591
3001,chexpert,Lung Lesion,count,lr_lbfgs,2,64,auprc,0.20188913546689033
3002,chexpert,Lung Lesion,count,lr_lbfgs,2,64,brier,0.24460930917535284
3003,chexpert,Lung Lesion,count,lr_lbfgs,3,64,auroc,0.6621460109359952
3004,chexpert,Lung Lesion,count,lr_lbfgs,3,64,auprc,0.22712227615242767
3005,chexpert,Lung Lesion,count,lr_lbfgs,3,64,brier,0.20749486094058242
3006,chexpert,Lung Lesion,count,lr_lbfgs,4,64,auroc,0.6388570299050513
3007,chexpert,Lung Lesion,count,lr_lbfgs,4,64,auprc,0.1849508098693521
3008,chexpert,Lung Lesion,count,lr_lbfgs,4,64,brier,0.4042830195118035
3009,chexpert,Lung Lesion,count,lr_lbfgs,0,128,auroc,0.6755300486040902
3010,chexpert,Lung Lesion,count,lr_lbfgs,0,128,auprc,0.2501198473055034
3011,chexpert,Lung Lesion,count,lr_lbfgs,0,128,brier,0.23946687758921995
3012,chexpert,Lung Lesion,count,lr_lbfgs,1,128,auroc,0.6683405166361858
3013,chexpert,Lung Lesion,count,lr_lbfgs,1,128,auprc,0.25017356019756803
3014,chexpert,Lung Lesion,count,lr_lbfgs,1,128,brier,0.247515143903442
3015,chexpert,Lung Lesion,count,lr_lbfgs,2,128,auroc,0.6682280927583932
3016,chexpert,Lung Lesion,count,lr_lbfgs,2,128,auprc,0.23491134438111072
3017,chexpert,Lung Lesion,count,lr_lbfgs,2,128,brier,0.239415493548663
3018,chexpert,Lung Lesion,count,lr_lbfgs,3,128,auroc,0.6622807197246744
3019,chexpert,Lung Lesion,count,lr_lbfgs,3,128,auprc,0.2286587133743077
3020,chexpert,Lung Lesion,count,lr_lbfgs,3,128,brier,0.22803509470738328
3021,chexpert,Lung Lesion,count,lr_lbfgs,4,128,auroc,0.5671366417798509
3022,chexpert,Lung Lesion,count,lr_lbfgs,4,128,auprc,0.16105033269917937
3023,chexpert,Lung Lesion,count,lr_lbfgs,4,128,brier,0.3545061216890982
3024,chexpert,Lung Opacity,count,lr_lbfgs,0,-1,auroc,0.6373610912288005
3025,chexpert,Lung Opacity,count,lr_lbfgs,0,-1,auprc,0.28756934946990914
3026,chexpert,Lung Opacity,count,lr_lbfgs,0,-1,brier,0.15584899550280515
3027,chexpert,Lung Opacity,count,lr_lbfgs,0,1,auroc,0.5807298214519171
3028,chexpert,Lung Opacity,count,lr_lbfgs,0,1,auprc,0.2209944463191237
3029,chexpert,Lung Opacity,count,lr_lbfgs,0,1,brier,0.2500326219906802
3030,chexpert,Lung Opacity,count,lr_lbfgs,1,1,auroc,0.5159488135837197
3031,chexpert,Lung Opacity,count,lr_lbfgs,1,1,auprc,0.199232066127703
3032,chexpert,Lung Opacity,count,lr_lbfgs,1,1,brier,0.24998441517444542
3033,chexpert,Lung Opacity,count,lr_lbfgs,2,1,auroc,0.48059224187785654
3034,chexpert,Lung Opacity,count,lr_lbfgs,2,1,auprc,0.18151957904370056
3035,chexpert,Lung Opacity,count,lr_lbfgs,2,1,brier,0.24994560421228748
3036,chexpert,Lung Opacity,count,lr_lbfgs,3,1,auroc,0.5470482727583997
3037,chexpert,Lung Opacity,count,lr_lbfgs,3,1,auprc,0.20303129457143068
3038,chexpert,Lung Opacity,count,lr_lbfgs,3,1,brier,0.25006873041819844
3039,chexpert,Lung Opacity,count,lr_lbfgs,4,1,auroc,0.5427782743241993
3040,chexpert,Lung Opacity,count,lr_lbfgs,4,1,auprc,0.20594943041295802
3041,chexpert,Lung Opacity,count,lr_lbfgs,4,1,brier,0.250136121252244
3042,chexpert,Lung Opacity,count,lr_lbfgs,0,2,auroc,0.5535596964182314
3043,chexpert,Lung Opacity,count,lr_lbfgs,0,2,auprc,0.20817196459553475
3044,chexpert,Lung Opacity,count,lr_lbfgs,0,2,brier,0.2500800726722728
3045,chexpert,Lung Opacity,count,lr_lbfgs,1,2,auroc,0.5395796105887327
3046,chexpert,Lung Opacity,count,lr_lbfgs,1,2,auprc,0.21435810662529786
3047,chexpert,Lung Opacity,count,lr_lbfgs,1,2,brier,0.2499876563078019
3048,chexpert,Lung Opacity,count,lr_lbfgs,2,2,auroc,0.45862524235062835
3049,chexpert,Lung Opacity,count,lr_lbfgs,2,2,auprc,0.17293885344793447
3050,chexpert,Lung Opacity,count,lr_lbfgs,2,2,brier,0.24996666590490654
3051,chexpert,Lung Opacity,count,lr_lbfgs,3,2,auroc,0.5691286104802312
3052,chexpert,Lung Opacity,count,lr_lbfgs,3,2,auprc,0.2104720279990602
3053,chexpert,Lung Opacity,count,lr_lbfgs,3,2,brier,0.2500643872219202
3054,chexpert,Lung Opacity,count,lr_lbfgs,4,2,auroc,0.5434950842626163
3055,chexpert,Lung Opacity,count,lr_lbfgs,4,2,auprc,0.2033998286069401
3056,chexpert,Lung Opacity,count,lr_lbfgs,4,2,brier,0.2500533088865878
3057,chexpert,Lung Opacity,count,lr_lbfgs,0,4,auroc,0.5648635570564323
3058,chexpert,Lung Opacity,count,lr_lbfgs,0,4,auprc,0.2090531433366417
3059,chexpert,Lung Opacity,count,lr_lbfgs,0,4,brier,0.25002054883979935
3060,chexpert,Lung Opacity,count,lr_lbfgs,1,4,auroc,0.5739283025468536
3061,chexpert,Lung Opacity,count,lr_lbfgs,1,4,auprc,0.23465607281118014
3062,chexpert,Lung Opacity,count,lr_lbfgs,1,4,brier,0.33091033984823104
3063,chexpert,Lung Opacity,count,lr_lbfgs,2,4,auroc,0.5544034162586311
3064,chexpert,Lung Opacity,count,lr_lbfgs,2,4,auprc,0.21081166780625485
3065,chexpert,Lung Opacity,count,lr_lbfgs,2,4,brier,0.42556389716219295
3066,chexpert,Lung Opacity,count,lr_lbfgs,3,4,auroc,0.5607125637265655
3067,chexpert,Lung Opacity,count,lr_lbfgs,3,4,auprc,0.21115521575988416
3068,chexpert,Lung Opacity,count,lr_lbfgs,3,4,brier,0.40080037322222256
3069,chexpert,Lung Opacity,count,lr_lbfgs,4,4,auroc,0.6002847387522129
3070,chexpert,Lung Opacity,count,lr_lbfgs,4,4,auprc,0.2464525296929473
3071,chexpert,Lung Opacity,count,lr_lbfgs,4,4,brier,0.25000220505524345
3072,chexpert,Lung Opacity,count,lr_lbfgs,0,8,auroc,0.5731281854259065
3073,chexpert,Lung Opacity,count,lr_lbfgs,0,8,auprc,0.2336491268702937
3074,chexpert,Lung Opacity,count,lr_lbfgs,0,8,brier,0.24393618923728688
3075,chexpert,Lung Opacity,count,lr_lbfgs,1,8,auroc,0.5460934165163491
3076,chexpert,Lung Opacity,count,lr_lbfgs,1,8,auprc,0.2138114317644564
3077,chexpert,Lung Opacity,count,lr_lbfgs,1,8,brier,0.36890896598795303
3078,chexpert,Lung Opacity,count,lr_lbfgs,2,8,auroc,0.5423501519273233
3079,chexpert,Lung Opacity,count,lr_lbfgs,2,8,auprc,0.2108075513793886
3080,chexpert,Lung Opacity,count,lr_lbfgs,2,8,brier,0.24999545154286437
3081,chexpert,Lung Opacity,count,lr_lbfgs,3,8,auroc,0.527597020201703
3082,chexpert,Lung Opacity,count,lr_lbfgs,3,8,auprc,0.19523039323844107
3083,chexpert,Lung Opacity,count,lr_lbfgs,3,8,brier,0.25006742432483436
3084,chexpert,Lung Opacity,count,lr_lbfgs,4,8,auroc,0.5433741661250617
3085,chexpert,Lung Opacity,count,lr_lbfgs,4,8,auprc,0.2027142733141634
3086,chexpert,Lung Opacity,count,lr_lbfgs,4,8,brier,0.417333623545277
3087,chexpert,Lung Opacity,count,lr_lbfgs,0,12,auroc,0.5798949809732603
3088,chexpert,Lung Opacity,count,lr_lbfgs,0,12,auprc,0.246499187745082
3089,chexpert,Lung Opacity,count,lr_lbfgs,0,12,brier,0.23752820811161143
3090,chexpert,Lung Opacity,count,lr_lbfgs,1,12,auroc,0.5497225849164766
3091,chexpert,Lung Opacity,count,lr_lbfgs,1,12,auprc,0.21786779880037177
3092,chexpert,Lung Opacity,count,lr_lbfgs,1,12,brier,0.3668793155761124
3093,chexpert,Lung Opacity,count,lr_lbfgs,2,12,auroc,0.49546589469640057
3094,chexpert,Lung Opacity,count,lr_lbfgs,2,12,auprc,0.1900001152414053
3095,chexpert,Lung Opacity,count,lr_lbfgs,2,12,brier,0.6041062039101344
3096,chexpert,Lung Opacity,count,lr_lbfgs,3,12,auroc,0.5522634900786126
3097,chexpert,Lung Opacity,count,lr_lbfgs,3,12,auprc,0.20575675760009274
3098,chexpert,Lung Opacity,count,lr_lbfgs,3,12,brier,0.2502291445747124
3099,chexpert,Lung Opacity,count,lr_lbfgs,4,12,auroc,0.5385972499822593
3100,chexpert,Lung Opacity,count,lr_lbfgs,4,12,auprc,0.1988762153281036
3101,chexpert,Lung Opacity,count,lr_lbfgs,4,12,brier,0.42211825652056256
3102,chexpert,Lung Opacity,count,lr_lbfgs,0,16,auroc,0.5654535292827996
3103,chexpert,Lung Opacity,count,lr_lbfgs,0,16,auprc,0.22569443274535977
3104,chexpert,Lung Opacity,count,lr_lbfgs,0,16,brier,0.2490575823953022
3105,chexpert,Lung Opacity,count,lr_lbfgs,1,16,auroc,0.5612316093438896
3106,chexpert,Lung Opacity,count,lr_lbfgs,1,16,auprc,0.22563850877682307
3107,chexpert,Lung Opacity,count,lr_lbfgs,1,16,brier,0.3849950201407245
3108,chexpert,Lung Opacity,count,lr_lbfgs,2,16,auroc,0.5481709705943693
3109,chexpert,Lung Opacity,count,lr_lbfgs,2,16,auprc,0.20501320113575947
3110,chexpert,Lung Opacity,count,lr_lbfgs,2,16,brier,0.25155312522970175
3111,chexpert,Lung Opacity,count,lr_lbfgs,3,16,auroc,0.5478560059172645
3112,chexpert,Lung Opacity,count,lr_lbfgs,3,16,auprc,0.20306785046028727
3113,chexpert,Lung Opacity,count,lr_lbfgs,3,16,brier,0.2512779775193902
3114,chexpert,Lung Opacity,count,lr_lbfgs,4,16,auroc,0.5615873252380986
3115,chexpert,Lung Opacity,count,lr_lbfgs,4,16,auprc,0.220998306656776
3116,chexpert,Lung Opacity,count,lr_lbfgs,4,16,brier,0.49191082954779153
3117,chexpert,Lung Opacity,count,lr_lbfgs,0,24,auroc,0.6108744965744793
3118,chexpert,Lung Opacity,count,lr_lbfgs,0,24,auprc,0.2483410274912996
3119,chexpert,Lung Opacity,count,lr_lbfgs,0,24,brier,0.2496094497651979
3120,chexpert,Lung Opacity,count,lr_lbfgs,1,24,auroc,0.5129174139227093
3121,chexpert,Lung Opacity,count,lr_lbfgs,1,24,auprc,0.1997277165064938
3122,chexpert,Lung Opacity,count,lr_lbfgs,1,24,brier,0.43960985560197585
3123,chexpert,Lung Opacity,count,lr_lbfgs,2,24,auroc,0.5656158122518877
3124,chexpert,Lung Opacity,count,lr_lbfgs,2,24,auprc,0.22419230435736004
3125,chexpert,Lung Opacity,count,lr_lbfgs,2,24,brier,0.35158926101099736
3126,chexpert,Lung Opacity,count,lr_lbfgs,3,24,auroc,0.5249280140036918
3127,chexpert,Lung Opacity,count,lr_lbfgs,3,24,auprc,0.20151309606056547
3128,chexpert,Lung Opacity,count,lr_lbfgs,3,24,brier,0.7333724910786227
3129,chexpert,Lung Opacity,count,lr_lbfgs,4,24,auroc,0.6092745871872831
3130,chexpert,Lung Opacity,count,lr_lbfgs,4,24,auprc,0.2798578397227635
3131,chexpert,Lung Opacity,count,lr_lbfgs,4,24,brier,0.2473393529726607
3132,chexpert,Lung Opacity,count,lr_lbfgs,0,32,auroc,0.5709272226576478
3133,chexpert,Lung Opacity,count,lr_lbfgs,0,32,auprc,0.2230248318422913
3134,chexpert,Lung Opacity,count,lr_lbfgs,0,32,brier,0.2631122634196256
3135,chexpert,Lung Opacity,count,lr_lbfgs,1,32,auroc,0.5383612610917125
3136,chexpert,Lung Opacity,count,lr_lbfgs,1,32,auprc,0.2095162047757091
3137,chexpert,Lung Opacity,count,lr_lbfgs,1,32,brier,0.24997374700009686
3138,chexpert,Lung Opacity,count,lr_lbfgs,2,32,auroc,0.5700450616779957
3139,chexpert,Lung Opacity,count,lr_lbfgs,2,32,auprc,0.23171460786661538
3140,chexpert,Lung Opacity,count,lr_lbfgs,2,32,brier,0.2498972525786941
3141,chexpert,Lung Opacity,count,lr_lbfgs,3,32,auroc,0.5350685699686848
3142,chexpert,Lung Opacity,count,lr_lbfgs,3,32,auprc,0.2063326569552276
3143,chexpert,Lung Opacity,count,lr_lbfgs,3,32,brier,0.6014814913016014
3144,chexpert,Lung Opacity,count,lr_lbfgs,4,32,auroc,0.6114266412760234
3145,chexpert,Lung Opacity,count,lr_lbfgs,4,32,auprc,0.28569231079376883
3146,chexpert,Lung Opacity,count,lr_lbfgs,4,32,brier,0.24913913348542296
3147,chexpert,Lung Opacity,count,lr_lbfgs,0,48,auroc,0.6139036222526046
3148,chexpert,Lung Opacity,count,lr_lbfgs,0,48,auprc,0.24758687915263186
3149,chexpert,Lung Opacity,count,lr_lbfgs,0,48,brier,0.2589979641932174
3150,chexpert,Lung Opacity,count,lr_lbfgs,1,48,auroc,0.5406589222750484
3151,chexpert,Lung Opacity,count,lr_lbfgs,1,48,auprc,0.22687293600107014
3152,chexpert,Lung Opacity,count,lr_lbfgs,1,48,brier,0.2499627432209936
3153,chexpert,Lung Opacity,count,lr_lbfgs,2,48,auroc,0.5719633647641083
3154,chexpert,Lung Opacity,count,lr_lbfgs,2,48,auprc,0.22872766999303207
3155,chexpert,Lung Opacity,count,lr_lbfgs,2,48,brier,0.43112933773607764
3156,chexpert,Lung Opacity,count,lr_lbfgs,3,48,auroc,0.5728748348565048
3157,chexpert,Lung Opacity,count,lr_lbfgs,3,48,auprc,0.2233644154633871
3158,chexpert,Lung Opacity,count,lr_lbfgs,3,48,brier,0.2520512552353921
3159,chexpert,Lung Opacity,count,lr_lbfgs,4,48,auroc,0.6292331544972126
3160,chexpert,Lung Opacity,count,lr_lbfgs,4,48,auprc,0.27344268108973124
3161,chexpert,Lung Opacity,count,lr_lbfgs,4,48,brier,0.2499893610954444
3162,chexpert,Lung Opacity,count,lr_lbfgs,0,64,auroc,0.5730846909913534
3163,chexpert,Lung Opacity,count,lr_lbfgs,0,64,auprc,0.22730296526505067
3164,chexpert,Lung Opacity,count,lr_lbfgs,0,64,brier,0.25306795401269033
3165,chexpert,Lung Opacity,count,lr_lbfgs,1,64,auroc,0.5525209554741879
3166,chexpert,Lung Opacity,count,lr_lbfgs,1,64,auprc,0.23446276596702206
3167,chexpert,Lung Opacity,count,lr_lbfgs,1,64,brier,0.25083799376943033
3168,chexpert,Lung Opacity,count,lr_lbfgs,2,64,auroc,0.5777724164720968
3169,chexpert,Lung Opacity,count,lr_lbfgs,2,64,auprc,0.2194641196071965
3170,chexpert,Lung Opacity,count,lr_lbfgs,2,64,brier,0.2671949797217869
3171,chexpert,Lung Opacity,count,lr_lbfgs,3,64,auroc,0.5852944630971199
3172,chexpert,Lung Opacity,count,lr_lbfgs,3,64,auprc,0.22475807296878592
3173,chexpert,Lung Opacity,count,lr_lbfgs,3,64,brier,0.2500177443373002
3174,chexpert,Lung Opacity,count,lr_lbfgs,4,64,auroc,0.616395835305021
3175,chexpert,Lung Opacity,count,lr_lbfgs,4,64,auprc,0.2618709819819551
3176,chexpert,Lung Opacity,count,lr_lbfgs,4,64,brier,0.2499938671553279
3177,chexpert,Lung Opacity,count,lr_lbfgs,0,128,auroc,0.5875727773784472
3178,chexpert,Lung Opacity,count,lr_lbfgs,0,128,auprc,0.24311270284835165
3179,chexpert,Lung Opacity,count,lr_lbfgs,0,128,brier,0.24992243642806294
3180,chexpert,Lung Opacity,count,lr_lbfgs,1,128,auroc,0.5835239328035892
3181,chexpert,Lung Opacity,count,lr_lbfgs,1,128,auprc,0.2553492159559029
3182,chexpert,Lung Opacity,count,lr_lbfgs,1,128,brier,0.2490856287503429
3183,chexpert,Lung Opacity,count,lr_lbfgs,2,128,auroc,0.5665021241526798
3184,chexpert,Lung Opacity,count,lr_lbfgs,2,128,auprc,0.23008619497257798
3185,chexpert,Lung Opacity,count,lr_lbfgs,2,128,brier,0.36243729813822045
3186,chexpert,Lung Opacity,count,lr_lbfgs,3,128,auroc,0.6033398528061708
3187,chexpert,Lung Opacity,count,lr_lbfgs,3,128,auprc,0.2458861067573022
3188,chexpert,Lung Opacity,count,lr_lbfgs,3,128,brier,0.24819956522638284
3189,chexpert,Lung Opacity,count,lr_lbfgs,4,128,auroc,0.6109677298727789
3190,chexpert,Lung Opacity,count,lr_lbfgs,4,128,auprc,0.26489965789998804
3191,chexpert,Lung Opacity,count,lr_lbfgs,4,128,brier,0.2489209483426003
3192,chexpert,Edema,count,lr_lbfgs,0,-1,auroc,0.6314533251509509
3193,chexpert,Edema,count,lr_lbfgs,0,-1,auprc,0.1252353429885719
3194,chexpert,Edema,count,lr_lbfgs,0,-1,brier,0.06935708571820365
3195,chexpert,Edema,count,lr_lbfgs,0,1,auroc,0.47517430847325465
3196,chexpert,Edema,count,lr_lbfgs,0,1,auprc,0.07288045763120689
3197,chexpert,Edema,count,lr_lbfgs,0,1,brier,0.24998243309060197
3198,chexpert,Edema,count,lr_lbfgs,1,1,auroc,0.527028634491179
3199,chexpert,Edema,count,lr_lbfgs,1,1,auprc,0.07842568086838296
3200,chexpert,Edema,count,lr_lbfgs,1,1,brier,0.2500769978951551
3201,chexpert,Edema,count,lr_lbfgs,2,1,auroc,0.5046134112839928
3202,chexpert,Edema,count,lr_lbfgs,2,1,auprc,0.07750220984056326
3203,chexpert,Edema,count,lr_lbfgs,2,1,brier,0.25000253840168873
3204,chexpert,Edema,count,lr_lbfgs,3,1,auroc,0.5071274418896943
3205,chexpert,Edema,count,lr_lbfgs,3,1,auprc,0.07517812955334342
3206,chexpert,Edema,count,lr_lbfgs,3,1,brier,0.24989309208567065
3207,chexpert,Edema,count,lr_lbfgs,4,1,auroc,0.5241236001456926
3208,chexpert,Edema,count,lr_lbfgs,4,1,auprc,0.07877875166873975
3209,chexpert,Edema,count,lr_lbfgs,4,1,brier,0.25014180732442864
3210,chexpert,Edema,count,lr_lbfgs,0,2,auroc,0.6023795759781666
3211,chexpert,Edema,count,lr_lbfgs,0,2,auprc,0.09272274969990271
3212,chexpert,Edema,count,lr_lbfgs,0,2,brier,0.250037685236414
3213,chexpert,Edema,count,lr_lbfgs,1,2,auroc,0.5233450393985564
3214,chexpert,Edema,count,lr_lbfgs,1,2,auprc,0.07770567560330537
3215,chexpert,Edema,count,lr_lbfgs,1,2,brier,0.25011516170541903
3216,chexpert,Edema,count,lr_lbfgs,2,2,auroc,0.5332448565133303
3217,chexpert,Edema,count,lr_lbfgs,2,2,auprc,0.08070441935433607
3218,chexpert,Edema,count,lr_lbfgs,2,2,brier,0.2500246637025559
3219,chexpert,Edema,count,lr_lbfgs,3,2,auroc,0.5094026059220955
3220,chexpert,Edema,count,lr_lbfgs,3,2,auprc,0.07345615459545245
3221,chexpert,Edema,count,lr_lbfgs,3,2,brier,0.21660960383271372
3222,chexpert,Edema,count,lr_lbfgs,4,2,auroc,0.5167774109813216
3223,chexpert,Edema,count,lr_lbfgs,4,2,auprc,0.07968971445962894
3224,chexpert,Edema,count,lr_lbfgs,4,2,brier,0.5617444901973839
3225,chexpert,Edema,count,lr_lbfgs,0,4,auroc,0.5875894867927626
3226,chexpert,Edema,count,lr_lbfgs,0,4,auprc,0.08917324642928605
3227,chexpert,Edema,count,lr_lbfgs,0,4,brier,0.2500578438912129
3228,chexpert,Edema,count,lr_lbfgs,1,4,auroc,0.5242083256383028
3229,chexpert,Edema,count,lr_lbfgs,1,4,auprc,0.0788776848611341
3230,chexpert,Edema,count,lr_lbfgs,1,4,brier,0.2690243245846567
3231,chexpert,Edema,count,lr_lbfgs,2,4,auroc,0.4942579842354474
3232,chexpert,Edema,count,lr_lbfgs,2,4,auprc,0.0750140949524852
3233,chexpert,Edema,count,lr_lbfgs,2,4,brier,0.4373513556607198
3234,chexpert,Edema,count,lr_lbfgs,3,4,auroc,0.5646779341151484
3235,chexpert,Edema,count,lr_lbfgs,3,4,auprc,0.08726087432449112
3236,chexpert,Edema,count,lr_lbfgs,3,4,brier,0.24997678159622758
3237,chexpert,Edema,count,lr_lbfgs,4,4,auroc,0.5773962966382977
3238,chexpert,Edema,count,lr_lbfgs,4,4,auprc,0.08868191340730565
3239,chexpert,Edema,count,lr_lbfgs,4,4,brier,0.3025729182291504
3240,chexpert,Edema,count,lr_lbfgs,0,8,auroc,0.5672798163196208
3241,chexpert,Edema,count,lr_lbfgs,0,8,auprc,0.08569363558434165
3242,chexpert,Edema,count,lr_lbfgs,0,8,brier,0.25007459272245175
3243,chexpert,Edema,count,lr_lbfgs,1,8,auroc,0.574269388911974
3244,chexpert,Edema,count,lr_lbfgs,1,8,auprc,0.09019879454938218
3245,chexpert,Edema,count,lr_lbfgs,1,8,brier,0.4165819910514043
3246,chexpert,Edema,count,lr_lbfgs,2,8,auroc,0.4797983805808209
3247,chexpert,Edema,count,lr_lbfgs,2,8,auprc,0.06905364088550912
3248,chexpert,Edema,count,lr_lbfgs,2,8,brier,0.34034992293698335
3249,chexpert,Edema,count,lr_lbfgs,3,8,auroc,0.5253050278047104
3250,chexpert,Edema,count,lr_lbfgs,3,8,auprc,0.08135894055199172
3251,chexpert,Edema,count,lr_lbfgs,3,8,brier,0.2735755876113582
3252,chexpert,Edema,count,lr_lbfgs,4,8,auroc,0.5323716308591245
3253,chexpert,Edema,count,lr_lbfgs,4,8,auprc,0.08160088334997186
3254,chexpert,Edema,count,lr_lbfgs,4,8,brier,0.5157623398341007
3255,chexpert,Edema,count,lr_lbfgs,0,12,auroc,0.5393815632198059
3256,chexpert,Edema,count,lr_lbfgs,0,12,auprc,0.08161116079045837
3257,chexpert,Edema,count,lr_lbfgs,0,12,brier,0.5950376897313707
3258,chexpert,Edema,count,lr_lbfgs,1,12,auroc,0.5559229932642833
3259,chexpert,Edema,count,lr_lbfgs,1,12,auprc,0.0903966697063542
3260,chexpert,Edema,count,lr_lbfgs,1,12,brier,0.4672122518195844
3261,chexpert,Edema,count,lr_lbfgs,2,12,auroc,0.5572531915139203
3262,chexpert,Edema,count,lr_lbfgs,2,12,auprc,0.08591547465757149
3263,chexpert,Edema,count,lr_lbfgs,2,12,brier,0.22031411929951622
3264,chexpert,Edema,count,lr_lbfgs,3,12,auroc,0.5419748686714786
3265,chexpert,Edema,count,lr_lbfgs,3,12,auprc,0.08373801890484654
3266,chexpert,Edema,count,lr_lbfgs,3,12,brier,0.24593640609514855
3267,chexpert,Edema,count,lr_lbfgs,4,12,auroc,0.49694547365478037
3268,chexpert,Edema,count,lr_lbfgs,4,12,auprc,0.07521343602680582
3269,chexpert,Edema,count,lr_lbfgs,4,12,brier,0.25008793864258877
3270,chexpert,Edema,count,lr_lbfgs,0,16,auroc,0.5376746290995276
3271,chexpert,Edema,count,lr_lbfgs,0,16,auprc,0.08416895166204484
3272,chexpert,Edema,count,lr_lbfgs,0,16,brier,0.4640129154982597
3273,chexpert,Edema,count,lr_lbfgs,1,16,auroc,0.574862307047109
3274,chexpert,Edema,count,lr_lbfgs,1,16,auprc,0.08936204234605483
3275,chexpert,Edema,count,lr_lbfgs,1,16,brier,0.3867258242504591
3276,chexpert,Edema,count,lr_lbfgs,2,16,auroc,0.6002442050007439
3277,chexpert,Edema,count,lr_lbfgs,2,16,auprc,0.09465306221293053
3278,chexpert,Edema,count,lr_lbfgs,2,16,brier,0.24221348179042082
3279,chexpert,Edema,count,lr_lbfgs,3,16,auroc,0.5851407837901617
3280,chexpert,Edema,count,lr_lbfgs,3,16,auprc,0.09968176186966783
3281,chexpert,Edema,count,lr_lbfgs,3,16,brier,0.47173196846249
3282,chexpert,Edema,count,lr_lbfgs,4,16,auroc,0.526457839568873
3283,chexpert,Edema,count,lr_lbfgs,4,16,auprc,0.08030273231746984
3284,chexpert,Edema,count,lr_lbfgs,4,16,brier,0.2500502269996924
3285,chexpert,Edema,count,lr_lbfgs,0,24,auroc,0.5767103167274574
3286,chexpert,Edema,count,lr_lbfgs,0,24,auprc,0.09386856492145852
3287,chexpert,Edema,count,lr_lbfgs,0,24,brier,0.4242358978315342
3288,chexpert,Edema,count,lr_lbfgs,1,24,auroc,0.6190054910455495
3289,chexpert,Edema,count,lr_lbfgs,1,24,auprc,0.11016828441845977
3290,chexpert,Edema,count,lr_lbfgs,1,24,brier,0.30831176784380626
3291,chexpert,Edema,count,lr_lbfgs,2,24,auroc,0.5586107231533208
3292,chexpert,Edema,count,lr_lbfgs,2,24,auprc,0.08565827467992446
3293,chexpert,Edema,count,lr_lbfgs,2,24,brier,0.35994569781637376
3294,chexpert,Edema,count,lr_lbfgs,3,24,auroc,0.5829872974283208
3295,chexpert,Edema,count,lr_lbfgs,3,24,auprc,0.09638883702184023
3296,chexpert,Edema,count,lr_lbfgs,3,24,brier,0.28063645283372785
3297,chexpert,Edema,count,lr_lbfgs,4,24,auroc,0.5690267485674418
3298,chexpert,Edema,count,lr_lbfgs,4,24,auprc,0.08698463104953477
3299,chexpert,Edema,count,lr_lbfgs,4,24,brier,0.251988265781229
3300,chexpert,Edema,count,lr_lbfgs,0,32,auroc,0.5667536686058143
3301,chexpert,Edema,count,lr_lbfgs,0,32,auprc,0.09073388478690375
3302,chexpert,Edema,count,lr_lbfgs,0,32,brier,0.3749830788122609
3303,chexpert,Edema,count,lr_lbfgs,1,32,auroc,0.6221022599022218
3304,chexpert,Edema,count,lr_lbfgs,1,32,auprc,0.11312732677531387
3305,chexpert,Edema,count,lr_lbfgs,1,32,brier,0.2756991753500753
3306,chexpert,Edema,count,lr_lbfgs,2,32,auroc,0.5828210527058292
3307,chexpert,Edema,count,lr_lbfgs,2,32,auprc,0.09807559209009246
3308,chexpert,Edema,count,lr_lbfgs,2,32,brier,0.5185224928959871
3309,chexpert,Edema,count,lr_lbfgs,3,32,auroc,0.602050132482776
3310,chexpert,Edema,count,lr_lbfgs,3,32,auprc,0.09808612955444741
3311,chexpert,Edema,count,lr_lbfgs,3,32,brier,0.25521986504779853
3312,chexpert,Edema,count,lr_lbfgs,4,32,auroc,0.5536697119750066
3313,chexpert,Edema,count,lr_lbfgs,4,32,auprc,0.08431262287847965
3314,chexpert,Edema,count,lr_lbfgs,4,32,brier,0.2528751885191792
3315,chexpert,Edema,count,lr_lbfgs,0,48,auroc,0.6363098513063596
3316,chexpert,Edema,count,lr_lbfgs,0,48,auprc,0.12090423021243063
3317,chexpert,Edema,count,lr_lbfgs,0,48,brier,0.45674702748823703
3318,chexpert,Edema,count,lr_lbfgs,1,48,auroc,0.5969337387331928
3319,chexpert,Edema,count,lr_lbfgs,1,48,auprc,0.09792733254636647
3320,chexpert,Edema,count,lr_lbfgs,1,48,brier,0.25000680189687086
3321,chexpert,Edema,count,lr_lbfgs,2,48,auroc,0.6467627487418626
3322,chexpert,Edema,count,lr_lbfgs,2,48,auprc,0.12493541995839025
3323,chexpert,Edema,count,lr_lbfgs,2,48,brier,0.24958654493945057
3324,chexpert,Edema,count,lr_lbfgs,3,48,auroc,0.6265596063478872
3325,chexpert,Edema,count,lr_lbfgs,3,48,auprc,0.11063952148868211
3326,chexpert,Edema,count,lr_lbfgs,3,48,brier,0.2421103997932079
3327,chexpert,Edema,count,lr_lbfgs,4,48,auroc,0.6065304037069528
3328,chexpert,Edema,count,lr_lbfgs,4,48,auprc,0.1053837261508028
3329,chexpert,Edema,count,lr_lbfgs,4,48,brier,0.3454015124138076
3330,chexpert,Edema,count,lr_lbfgs,0,64,auroc,0.6459727256054706
3331,chexpert,Edema,count,lr_lbfgs,0,64,auprc,0.12234475727697655
3332,chexpert,Edema,count,lr_lbfgs,0,64,brier,0.4486478209787232
3333,chexpert,Edema,count,lr_lbfgs,1,64,auroc,0.5879518746376923
3334,chexpert,Edema,count,lr_lbfgs,1,64,auprc,0.09847538686825308
3335,chexpert,Edema,count,lr_lbfgs,1,64,brier,0.49315157647690383
3336,chexpert,Edema,count,lr_lbfgs,2,64,auroc,0.6522767190698248
3337,chexpert,Edema,count,lr_lbfgs,2,64,auprc,0.12843008338710685
3338,chexpert,Edema,count,lr_lbfgs,2,64,brier,0.248741530646821
3339,chexpert,Edema,count,lr_lbfgs,3,64,auroc,0.6434643059595446
3340,chexpert,Edema,count,lr_lbfgs,3,64,auprc,0.11832108984470807
3341,chexpert,Edema,count,lr_lbfgs,3,64,brier,0.24989957318843714
3342,chexpert,Edema,count,lr_lbfgs,4,64,auroc,0.6054909333302554
3343,chexpert,Edema,count,lr_lbfgs,4,64,auprc,0.10229720885257246
3344,chexpert,Edema,count,lr_lbfgs,4,64,brier,0.266349972132632
3345,chexpert,Edema,count,lr_lbfgs,0,128,auroc,0.648731233744248
3346,chexpert,Edema,count,lr_lbfgs,0,128,auprc,0.12958396016323329
3347,chexpert,Edema,count,lr_lbfgs,0,128,brier,0.2482082364418389
3348,chexpert,Edema,count,lr_lbfgs,1,128,auroc,0.6549024879316271
3349,chexpert,Edema,count,lr_lbfgs,1,128,auprc,0.13035208255524372
3350,chexpert,Edema,count,lr_lbfgs,1,128,brier,0.2499662841145939
3351,chexpert,Edema,count,lr_lbfgs,2,128,auroc,0.6647477985800103
3352,chexpert,Edema,count,lr_lbfgs,2,128,auprc,0.13469553233089612
3353,chexpert,Edema,count,lr_lbfgs,2,128,brier,0.24913025224397511
3354,chexpert,Edema,count,lr_lbfgs,3,128,auroc,0.6328560650948285
3355,chexpert,Edema,count,lr_lbfgs,3,128,auprc,0.11275503621605705
3356,chexpert,Edema,count,lr_lbfgs,3,128,brier,0.25063630510414375
3357,chexpert,Edema,count,lr_lbfgs,4,128,auroc,0.6278480430254807
3358,chexpert,Edema,count,lr_lbfgs,4,128,auprc,0.1116078912160657
3359,chexpert,Edema,count,lr_lbfgs,4,128,brier,0.26790735902099144
3360,chexpert,Consolidation,count,lr_lbfgs,0,-1,auroc,0.6147082465135517
3361,chexpert,Consolidation,count,lr_lbfgs,0,-1,auprc,0.06593486518060263
3362,chexpert,Consolidation,count,lr_lbfgs,0,-1,brier,0.03607694415063407
3363,chexpert,Consolidation,count,lr_lbfgs,0,1,auroc,0.44459188849608633
3364,chexpert,Consolidation,count,lr_lbfgs,0,1,auprc,0.03551125849801994
3365,chexpert,Consolidation,count,lr_lbfgs,0,1,brier,0.24985528010385566
3366,chexpert,Consolidation,count,lr_lbfgs,1,1,auroc,0.4404746408197348
3367,chexpert,Consolidation,count,lr_lbfgs,1,1,auprc,0.03632666777236797
3368,chexpert,Consolidation,count,lr_lbfgs,1,1,brier,0.24965344307021617
3369,chexpert,Consolidation,count,lr_lbfgs,2,1,auroc,0.5316223788229969
3370,chexpert,Consolidation,count,lr_lbfgs,2,1,auprc,0.06356940007293573
3371,chexpert,Consolidation,count,lr_lbfgs,2,1,brier,0.24993995533131683
3372,chexpert,Consolidation,count,lr_lbfgs,3,1,auroc,0.5561743107094639
3373,chexpert,Consolidation,count,lr_lbfgs,3,1,auprc,0.05474083500441312
3374,chexpert,Consolidation,count,lr_lbfgs,3,1,brier,0.25002935075301286
3375,chexpert,Consolidation,count,lr_lbfgs,4,1,auroc,0.5500639149673401
3376,chexpert,Consolidation,count,lr_lbfgs,4,1,auprc,0.0561792413707491
3377,chexpert,Consolidation,count,lr_lbfgs,4,1,brier,0.2500717624400765
3378,chexpert,Consolidation,count,lr_lbfgs,0,2,auroc,0.5229148034556225
3379,chexpert,Consolidation,count,lr_lbfgs,0,2,auprc,0.05748858714934043
3380,chexpert,Consolidation,count,lr_lbfgs,0,2,brier,0.2499307828004195
3381,chexpert,Consolidation,count,lr_lbfgs,1,2,auroc,0.4277628200625883
3382,chexpert,Consolidation,count,lr_lbfgs,1,2,auprc,0.03160449038284823
3383,chexpert,Consolidation,count,lr_lbfgs,1,2,brier,0.2499123886626144
3384,chexpert,Consolidation,count,lr_lbfgs,2,2,auroc,0.5826280835655031
3385,chexpert,Consolidation,count,lr_lbfgs,2,2,auprc,0.05971967216394652
3386,chexpert,Consolidation,count,lr_lbfgs,2,2,brier,0.5181680124456238
3387,chexpert,Consolidation,count,lr_lbfgs,3,2,auroc,0.5603800560329018
3388,chexpert,Consolidation,count,lr_lbfgs,3,2,auprc,0.04503907732259382
3389,chexpert,Consolidation,count,lr_lbfgs,3,2,brier,0.2502258084095831
3390,chexpert,Consolidation,count,lr_lbfgs,4,2,auroc,0.5901174505810096
3391,chexpert,Consolidation,count,lr_lbfgs,4,2,auprc,0.05568346705680992
3392,chexpert,Consolidation,count,lr_lbfgs,4,2,brier,0.2500996835561498
3393,chexpert,Consolidation,count,lr_lbfgs,0,4,auroc,0.5829649052981527
3394,chexpert,Consolidation,count,lr_lbfgs,0,4,auprc,0.06134822322963763
3395,chexpert,Consolidation,count,lr_lbfgs,0,4,brier,0.2500430405306724
3396,chexpert,Consolidation,count,lr_lbfgs,1,4,auroc,0.417675805180312
3397,chexpert,Consolidation,count,lr_lbfgs,1,4,auprc,0.03091357448706953
3398,chexpert,Consolidation,count,lr_lbfgs,1,4,brier,0.24998534415621101
3399,chexpert,Consolidation,count,lr_lbfgs,2,4,auroc,0.49984376341316844
3400,chexpert,Consolidation,count,lr_lbfgs,2,4,auprc,0.04100484113839302
3401,chexpert,Consolidation,count,lr_lbfgs,2,4,brier,0.33627698868713235
3402,chexpert,Consolidation,count,lr_lbfgs,3,4,auroc,0.5967227776086905
3403,chexpert,Consolidation,count,lr_lbfgs,3,4,auprc,0.051719658555464815
3404,chexpert,Consolidation,count,lr_lbfgs,3,4,brier,0.44678408608825726
3405,chexpert,Consolidation,count,lr_lbfgs,4,4,auroc,0.5770055954861517
3406,chexpert,Consolidation,count,lr_lbfgs,4,4,auprc,0.052156494516810814
3407,chexpert,Consolidation,count,lr_lbfgs,4,4,brier,0.4411840601305573
3408,chexpert,Consolidation,count,lr_lbfgs,0,8,auroc,0.5780260498365057
3409,chexpert,Consolidation,count,lr_lbfgs,0,8,auprc,0.05338494487712509
3410,chexpert,Consolidation,count,lr_lbfgs,0,8,brier,0.19019237685209228
3411,chexpert,Consolidation,count,lr_lbfgs,1,8,auroc,0.5463588759081934
3412,chexpert,Consolidation,count,lr_lbfgs,1,8,auprc,0.04887513098516596
3413,chexpert,Consolidation,count,lr_lbfgs,1,8,brier,0.4860844536134147
3414,chexpert,Consolidation,count,lr_lbfgs,2,8,auroc,0.5555938473064406
3415,chexpert,Consolidation,count,lr_lbfgs,2,8,auprc,0.05477230222125924
3416,chexpert,Consolidation,count,lr_lbfgs,2,8,brier,0.249994874283538
3417,chexpert,Consolidation,count,lr_lbfgs,3,8,auroc,0.5948752526553196
3418,chexpert,Consolidation,count,lr_lbfgs,3,8,auprc,0.0571020523500836
3419,chexpert,Consolidation,count,lr_lbfgs,3,8,brier,0.3586993245273143
3420,chexpert,Consolidation,count,lr_lbfgs,4,8,auroc,0.480349932495181
3421,chexpert,Consolidation,count,lr_lbfgs,4,8,auprc,0.039390013597756235
3422,chexpert,Consolidation,count,lr_lbfgs,4,8,brier,0.2979352985986822
3423,chexpert,Consolidation,count,lr_lbfgs,0,12,auroc,0.5620858598865295
3424,chexpert,Consolidation,count,lr_lbfgs,0,12,auprc,0.04479167855601761
3425,chexpert,Consolidation,count,lr_lbfgs,0,12,brier,0.207092898103084
3426,chexpert,Consolidation,count,lr_lbfgs,1,12,auroc,0.4622260201812095
3427,chexpert,Consolidation,count,lr_lbfgs,1,12,auprc,0.03566966670086261
3428,chexpert,Consolidation,count,lr_lbfgs,1,12,brier,0.24677415071849482
3429,chexpert,Consolidation,count,lr_lbfgs,2,12,auroc,0.5461739205081981
3430,chexpert,Consolidation,count,lr_lbfgs,2,12,auprc,0.05049443404118963
3431,chexpert,Consolidation,count,lr_lbfgs,2,12,brier,0.31607608338395166
3432,chexpert,Consolidation,count,lr_lbfgs,3,12,auroc,0.585393361896066
3433,chexpert,Consolidation,count,lr_lbfgs,3,12,auprc,0.061464597243839784
3434,chexpert,Consolidation,count,lr_lbfgs,3,12,brier,0.2748585200462946
3435,chexpert,Consolidation,count,lr_lbfgs,4,12,auroc,0.5488368100266117
3436,chexpert,Consolidation,count,lr_lbfgs,4,12,auprc,0.04789850444554909
3437,chexpert,Consolidation,count,lr_lbfgs,4,12,brier,0.32411989227172044
3438,chexpert,Consolidation,count,lr_lbfgs,0,16,auroc,0.5852536698429049
3439,chexpert,Consolidation,count,lr_lbfgs,0,16,auprc,0.05010096990253564
3440,chexpert,Consolidation,count,lr_lbfgs,0,16,brier,0.24998367459904286
3441,chexpert,Consolidation,count,lr_lbfgs,1,16,auroc,0.4760909637190863
3442,chexpert,Consolidation,count,lr_lbfgs,1,16,auprc,0.035818710752032794
3443,chexpert,Consolidation,count,lr_lbfgs,1,16,brier,0.491905636844014
3444,chexpert,Consolidation,count,lr_lbfgs,2,16,auroc,0.5523773402320917
3445,chexpert,Consolidation,count,lr_lbfgs,2,16,auprc,0.048721757319614534
3446,chexpert,Consolidation,count,lr_lbfgs,2,16,brier,0.37523288429083834
3447,chexpert,Consolidation,count,lr_lbfgs,3,16,auroc,0.5864010176449013
3448,chexpert,Consolidation,count,lr_lbfgs,3,16,auprc,0.05839397920471771
3449,chexpert,Consolidation,count,lr_lbfgs,3,16,brier,0.2587392767467442
3450,chexpert,Consolidation,count,lr_lbfgs,4,16,auroc,0.5624577997331024
3451,chexpert,Consolidation,count,lr_lbfgs,4,16,auprc,0.04689104476888078
3452,chexpert,Consolidation,count,lr_lbfgs,4,16,brier,0.35579075306889185
3453,chexpert,Consolidation,count,lr_lbfgs,0,24,auroc,0.6301524126144264
3454,chexpert,Consolidation,count,lr_lbfgs,0,24,auprc,0.06586796265320818
3455,chexpert,Consolidation,count,lr_lbfgs,0,24,brier,0.2490100947900952
3456,chexpert,Consolidation,count,lr_lbfgs,1,24,auroc,0.5063403023279408
3457,chexpert,Consolidation,count,lr_lbfgs,1,24,auprc,0.039079315918499044
3458,chexpert,Consolidation,count,lr_lbfgs,1,24,brier,0.286183074876488
3459,chexpert,Consolidation,count,lr_lbfgs,2,24,auroc,0.6052742724697399
3460,chexpert,Consolidation,count,lr_lbfgs,2,24,auprc,0.05806417139826709
3461,chexpert,Consolidation,count,lr_lbfgs,2,24,brier,0.25001824089833613
3462,chexpert,Consolidation,count,lr_lbfgs,3,24,auroc,0.588766417718259
3463,chexpert,Consolidation,count,lr_lbfgs,3,24,auprc,0.057907961876070654
3464,chexpert,Consolidation,count,lr_lbfgs,3,24,brier,0.30141589466563473
3465,chexpert,Consolidation,count,lr_lbfgs,4,24,auroc,0.6096482725789962
3466,chexpert,Consolidation,count,lr_lbfgs,4,24,auprc,0.062199214079329185
3467,chexpert,Consolidation,count,lr_lbfgs,4,24,brier,0.32277164443465134
3468,chexpert,Consolidation,count,lr_lbfgs,0,32,auroc,0.615849819336814
3469,chexpert,Consolidation,count,lr_lbfgs,0,32,auprc,0.053910254468954005
3470,chexpert,Consolidation,count,lr_lbfgs,0,32,brier,0.24999823527492265
3471,chexpert,Consolidation,count,lr_lbfgs,1,32,auroc,0.4672218450276653
3472,chexpert,Consolidation,count,lr_lbfgs,1,32,auprc,0.03399156346890149
3473,chexpert,Consolidation,count,lr_lbfgs,1,32,brier,0.22800625229645938
3474,chexpert,Consolidation,count,lr_lbfgs,2,32,auroc,0.5440899335877446
3475,chexpert,Consolidation,count,lr_lbfgs,2,32,auprc,0.05365731639919047
3476,chexpert,Consolidation,count,lr_lbfgs,2,32,brier,0.35696743984979085
3477,chexpert,Consolidation,count,lr_lbfgs,3,32,auroc,0.5881642591248566
3478,chexpert,Consolidation,count,lr_lbfgs,3,32,auprc,0.05848205071508246
3479,chexpert,Consolidation,count,lr_lbfgs,3,32,brier,0.32380955769431186
3480,chexpert,Consolidation,count,lr_lbfgs,4,32,auroc,0.599089894567618
3481,chexpert,Consolidation,count,lr_lbfgs,4,32,auprc,0.05286464549272429
3482,chexpert,Consolidation,count,lr_lbfgs,4,32,brier,0.33071591608648
3483,chexpert,Consolidation,count,lr_lbfgs,0,48,auroc,0.5245364799163408
3484,chexpert,Consolidation,count,lr_lbfgs,0,48,auprc,0.04303566830047165
3485,chexpert,Consolidation,count,lr_lbfgs,0,48,brier,0.16481347629419713
3486,chexpert,Consolidation,count,lr_lbfgs,1,48,auroc,0.5191804212612866
3487,chexpert,Consolidation,count,lr_lbfgs,1,48,auprc,0.04254259683521329
3488,chexpert,Consolidation,count,lr_lbfgs,1,48,brier,0.18904195650373515
3489,chexpert,Consolidation,count,lr_lbfgs,2,48,auroc,0.5705140511475819
3490,chexpert,Consolidation,count,lr_lbfgs,2,48,auprc,0.05008256792805446
3491,chexpert,Consolidation,count,lr_lbfgs,2,48,brier,0.25001538890450825
3492,chexpert,Consolidation,count,lr_lbfgs,3,48,auroc,0.6253660478074592
3493,chexpert,Consolidation,count,lr_lbfgs,3,48,auprc,0.07076187895102311
3494,chexpert,Consolidation,count,lr_lbfgs,3,48,brier,0.2721461624701371
3495,chexpert,Consolidation,count,lr_lbfgs,4,48,auroc,0.5966650278213503
3496,chexpert,Consolidation,count,lr_lbfgs,4,48,auprc,0.05542925664577787
3497,chexpert,Consolidation,count,lr_lbfgs,4,48,brier,0.2783211257895097
3498,chexpert,Consolidation,count,lr_lbfgs,0,64,auroc,0.6218049149751441
3499,chexpert,Consolidation,count,lr_lbfgs,0,64,auprc,0.06703670682223699
3500,chexpert,Consolidation,count,lr_lbfgs,0,64,brier,0.24068395197759415
3501,chexpert,Consolidation,count,lr_lbfgs,1,64,auroc,0.5348889877398761
3502,chexpert,Consolidation,count,lr_lbfgs,1,64,auprc,0.042768085032266784
3503,chexpert,Consolidation,count,lr_lbfgs,1,64,brier,0.23553870603464283
3504,chexpert,Consolidation,count,lr_lbfgs,2,64,auroc,0.5962576576998415
3505,chexpert,Consolidation,count,lr_lbfgs,2,64,auprc,0.05294345542672159
3506,chexpert,Consolidation,count,lr_lbfgs,2,64,brier,0.24992029005208247
3507,chexpert,Consolidation,count,lr_lbfgs,3,64,auroc,0.6049875525796206
3508,chexpert,Consolidation,count,lr_lbfgs,3,64,auprc,0.06438552416416436
3509,chexpert,Consolidation,count,lr_lbfgs,3,64,brier,0.26172857769136804
3510,chexpert,Consolidation,count,lr_lbfgs,4,64,auroc,0.5874467570372799
3511,chexpert,Consolidation,count,lr_lbfgs,4,64,auprc,0.06383836832980265
3512,chexpert,Consolidation,count,lr_lbfgs,4,64,brier,0.3076864752508999
3513,chexpert,Consolidation,count,lr_lbfgs,0,128,auroc,0.6210563528668087
3514,chexpert,Consolidation,count,lr_lbfgs,0,128,auprc,0.06162404518061568
3515,chexpert,Consolidation,count,lr_lbfgs,0,128,brier,0.22506432126105566
3516,chexpert,Consolidation,count,lr_lbfgs,1,128,auroc,0.5831643761852363
3517,chexpert,Consolidation,count,lr_lbfgs,1,128,auprc,0.050157074812506926
3518,chexpert,Consolidation,count,lr_lbfgs,1,128,brier,0.2390921153847359
3519,chexpert,Consolidation,count,lr_lbfgs,2,128,auroc,0.6185837254856055
3520,chexpert,Consolidation,count,lr_lbfgs,2,128,auprc,0.05901136512400327
3521,chexpert,Consolidation,count,lr_lbfgs,2,128,brier,0.2500244107736698
3522,chexpert,Consolidation,count,lr_lbfgs,3,128,auroc,0.5711374366898446
3523,chexpert,Consolidation,count,lr_lbfgs,3,128,auprc,0.057669808368280256
3524,chexpert,Consolidation,count,lr_lbfgs,3,128,brier,0.282135341881365
3525,chexpert,Consolidation,count,lr_lbfgs,4,128,auroc,0.6249308953558246
3526,chexpert,Consolidation,count,lr_lbfgs,4,128,auprc,0.07107275510517562
3527,chexpert,Consolidation,count,lr_lbfgs,4,128,brier,0.2517327562648462
3528,chexpert,Pneumonia,count,lr_lbfgs,0,-1,auroc,0.5526118135697556
3529,chexpert,Pneumonia,count,lr_lbfgs,0,-1,auprc,0.04438695734458579
3530,chexpert,Pneumonia,count,lr_lbfgs,0,-1,brier,0.03189226186451543
3531,chexpert,Pneumonia,count,lr_lbfgs,0,1,auroc,0.5737822739848156
3532,chexpert,Pneumonia,count,lr_lbfgs,0,1,auprc,0.042225402307656396
3533,chexpert,Pneumonia,count,lr_lbfgs,0,1,brier,0.250116769924834
3534,chexpert,Pneumonia,count,lr_lbfgs,1,1,auroc,0.493881828924
3535,chexpert,Pneumonia,count,lr_lbfgs,1,1,auprc,0.034934943342285515
3536,chexpert,Pneumonia,count,lr_lbfgs,1,1,brier,0.24996233515593302
3537,chexpert,Pneumonia,count,lr_lbfgs,2,1,auroc,0.5598728852535573
3538,chexpert,Pneumonia,count,lr_lbfgs,2,1,auprc,0.042451372943146624
3539,chexpert,Pneumonia,count,lr_lbfgs,2,1,brier,0.25018799770026995
3540,chexpert,Pneumonia,count,lr_lbfgs,3,1,auroc,0.5694905150393762
3541,chexpert,Pneumonia,count,lr_lbfgs,3,1,auprc,0.04401739386758078
3542,chexpert,Pneumonia,count,lr_lbfgs,3,1,brier,0.7605997455784612
3543,chexpert,Pneumonia,count,lr_lbfgs,4,1,auroc,0.5366943444020689
3544,chexpert,Pneumonia,count,lr_lbfgs,4,1,auprc,0.04993619396419508
3545,chexpert,Pneumonia,count,lr_lbfgs,4,1,brier,0.24998378302338994
3546,chexpert,Pneumonia,count,lr_lbfgs,0,2,auroc,0.5709261722647156
3547,chexpert,Pneumonia,count,lr_lbfgs,0,2,auprc,0.04137293154309982
3548,chexpert,Pneumonia,count,lr_lbfgs,0,2,brier,0.2501556545926338
3549,chexpert,Pneumonia,count,lr_lbfgs,1,2,auroc,0.4880666742140679
3550,chexpert,Pneumonia,count,lr_lbfgs,1,2,auprc,0.03571843456041702
3551,chexpert,Pneumonia,count,lr_lbfgs,1,2,brier,0.42348500692082575
3552,chexpert,Pneumonia,count,lr_lbfgs,2,2,auroc,0.5675531914893617
3553,chexpert,Pneumonia,count,lr_lbfgs,2,2,auprc,0.04590090893002468
3554,chexpert,Pneumonia,count,lr_lbfgs,2,2,brier,0.2891876092500032
3555,chexpert,Pneumonia,count,lr_lbfgs,3,2,auroc,0.542099462955232
3556,chexpert,Pneumonia,count,lr_lbfgs,3,2,auprc,0.04411373079327717
3557,chexpert,Pneumonia,count,lr_lbfgs,3,2,brier,0.5242569747630423
3558,chexpert,Pneumonia,count,lr_lbfgs,4,2,auroc,0.5210517657381004
3559,chexpert,Pneumonia,count,lr_lbfgs,4,2,auprc,0.04948663664091951
3560,chexpert,Pneumonia,count,lr_lbfgs,4,2,brier,0.24996554725791573
3561,chexpert,Pneumonia,count,lr_lbfgs,0,4,auroc,0.5682321038145037
3562,chexpert,Pneumonia,count,lr_lbfgs,0,4,auprc,0.046608087231226884
3563,chexpert,Pneumonia,count,lr_lbfgs,0,4,brier,0.274121379066862
3564,chexpert,Pneumonia,count,lr_lbfgs,1,4,auroc,0.5177781983881581
3565,chexpert,Pneumonia,count,lr_lbfgs,1,4,auprc,0.03986227215525254
3566,chexpert,Pneumonia,count,lr_lbfgs,1,4,brier,0.24998871888771257
3567,chexpert,Pneumonia,count,lr_lbfgs,2,4,auroc,0.5784133122006099
3568,chexpert,Pneumonia,count,lr_lbfgs,2,4,auprc,0.04587444521017863
3569,chexpert,Pneumonia,count,lr_lbfgs,2,4,brier,0.28572375789269067
3570,chexpert,Pneumonia,count,lr_lbfgs,3,4,auroc,0.46447385179262574
3571,chexpert,Pneumonia,count,lr_lbfgs,3,4,auprc,0.039063626197372525
3572,chexpert,Pneumonia,count,lr_lbfgs,3,4,brier,0.3142304881511093
3573,chexpert,Pneumonia,count,lr_lbfgs,4,4,auroc,0.534608077606153
3574,chexpert,Pneumonia,count,lr_lbfgs,4,4,auprc,0.047431547048845266
3575,chexpert,Pneumonia,count,lr_lbfgs,4,4,brier,0.185862120750054
3576,chexpert,Pneumonia,count,lr_lbfgs,0,8,auroc,0.5297361121921191
3577,chexpert,Pneumonia,count,lr_lbfgs,0,8,auprc,0.0384392917318305
3578,chexpert,Pneumonia,count,lr_lbfgs,0,8,brier,0.32434142499711754
3579,chexpert,Pneumonia,count,lr_lbfgs,1,8,auroc,0.493841143714312
3580,chexpert,Pneumonia,count,lr_lbfgs,1,8,auprc,0.045729381255009506
3581,chexpert,Pneumonia,count,lr_lbfgs,1,8,brier,0.25000466745781375
3582,chexpert,Pneumonia,count,lr_lbfgs,2,8,auroc,0.5566511473229132
3583,chexpert,Pneumonia,count,lr_lbfgs,2,8,auprc,0.04901357643228678
3584,chexpert,Pneumonia,count,lr_lbfgs,2,8,brier,0.3376637497121017
3585,chexpert,Pneumonia,count,lr_lbfgs,3,8,auroc,0.5617543108633047
3586,chexpert,Pneumonia,count,lr_lbfgs,3,8,auprc,0.05051493420441347
3587,chexpert,Pneumonia,count,lr_lbfgs,3,8,brier,0.2926374765034483
3588,chexpert,Pneumonia,count,lr_lbfgs,4,8,auroc,0.5529560458221596
3589,chexpert,Pneumonia,count,lr_lbfgs,4,8,auprc,0.05023504204937387
3590,chexpert,Pneumonia,count,lr_lbfgs,4,8,brier,0.24990830896352226
3591,chexpert,Pneumonia,count,lr_lbfgs,0,12,auroc,0.5457192083719548
3592,chexpert,Pneumonia,count,lr_lbfgs,0,12,auprc,0.0412409685840292
3593,chexpert,Pneumonia,count,lr_lbfgs,0,12,brier,0.31043850473744555
3594,chexpert,Pneumonia,count,lr_lbfgs,1,12,auroc,0.5482266555342499
3595,chexpert,Pneumonia,count,lr_lbfgs,1,12,auprc,0.05131672787732068
3596,chexpert,Pneumonia,count,lr_lbfgs,1,12,brier,0.24974749901690083
3597,chexpert,Pneumonia,count,lr_lbfgs,2,12,auroc,0.5567625894190151
3598,chexpert,Pneumonia,count,lr_lbfgs,2,12,auprc,0.04608617915321704
3599,chexpert,Pneumonia,count,lr_lbfgs,2,12,brier,0.3079106505046011
3600,chexpert,Pneumonia,count,lr_lbfgs,3,12,auroc,0.568137643371141
3601,chexpert,Pneumonia,count,lr_lbfgs,3,12,auprc,0.04762490522920967
3602,chexpert,Pneumonia,count,lr_lbfgs,3,12,brier,0.26162896657053014
3603,chexpert,Pneumonia,count,lr_lbfgs,4,12,auroc,0.5615278888267801
3604,chexpert,Pneumonia,count,lr_lbfgs,4,12,auprc,0.04802532980022564
3605,chexpert,Pneumonia,count,lr_lbfgs,4,12,brier,0.24995498220019896
3606,chexpert,Pneumonia,count,lr_lbfgs,0,16,auroc,0.5093506994318222
3607,chexpert,Pneumonia,count,lr_lbfgs,0,16,auprc,0.0380551246286913
3608,chexpert,Pneumonia,count,lr_lbfgs,0,16,brier,0.24998777242960707
3609,chexpert,Pneumonia,count,lr_lbfgs,1,16,auroc,0.523541700571008
3610,chexpert,Pneumonia,count,lr_lbfgs,1,16,auprc,0.037685075734168266
3611,chexpert,Pneumonia,count,lr_lbfgs,1,16,brier,0.21402707868589338
3612,chexpert,Pneumonia,count,lr_lbfgs,2,16,auroc,0.551296619943536
3613,chexpert,Pneumonia,count,lr_lbfgs,2,16,auprc,0.044820502113392155
3614,chexpert,Pneumonia,count,lr_lbfgs,2,16,brier,0.3423215523988279
3615,chexpert,Pneumonia,count,lr_lbfgs,3,16,auroc,0.48072140183543366
3616,chexpert,Pneumonia,count,lr_lbfgs,3,16,auprc,0.03384066189582928
3617,chexpert,Pneumonia,count,lr_lbfgs,3,16,brier,0.2126355529286295
3618,chexpert,Pneumonia,count,lr_lbfgs,4,16,auroc,0.530449695391604
3619,chexpert,Pneumonia,count,lr_lbfgs,4,16,auprc,0.044884817835165514
3620,chexpert,Pneumonia,count,lr_lbfgs,4,16,brier,0.24607457515864103
3621,chexpert,Pneumonia,count,lr_lbfgs,0,24,auroc,0.5529045701872934
3622,chexpert,Pneumonia,count,lr_lbfgs,0,24,auprc,0.04173818361550737
3623,chexpert,Pneumonia,count,lr_lbfgs,0,24,brier,0.3063970565222747
3624,chexpert,Pneumonia,count,lr_lbfgs,1,24,auroc,0.4730885027135266
3625,chexpert,Pneumonia,count,lr_lbfgs,1,24,auprc,0.0333777325357923
3626,chexpert,Pneumonia,count,lr_lbfgs,1,24,brier,0.27516453103025246
3627,chexpert,Pneumonia,count,lr_lbfgs,2,24,auroc,0.49333151723991536
3628,chexpert,Pneumonia,count,lr_lbfgs,2,24,auprc,0.036256610601572675
3629,chexpert,Pneumonia,count,lr_lbfgs,2,24,brier,0.2531849464782776
3630,chexpert,Pneumonia,count,lr_lbfgs,3,24,auroc,0.48717177649314725
3631,chexpert,Pneumonia,count,lr_lbfgs,3,24,auprc,0.03459898521903451
3632,chexpert,Pneumonia,count,lr_lbfgs,3,24,brier,0.22843211540387748
3633,chexpert,Pneumonia,count,lr_lbfgs,4,24,auroc,0.5185982707016961
3634,chexpert,Pneumonia,count,lr_lbfgs,4,24,auprc,0.04042802528633005
3635,chexpert,Pneumonia,count,lr_lbfgs,4,24,brier,0.2496536122126972
3636,chexpert,Pneumonia,count,lr_lbfgs,0,32,auroc,0.53581855104048
3637,chexpert,Pneumonia,count,lr_lbfgs,0,32,auprc,0.04175550466790758
3638,chexpert,Pneumonia,count,lr_lbfgs,0,32,brier,0.27582426878429456
3639,chexpert,Pneumonia,count,lr_lbfgs,1,32,auroc,0.5671711043027263
3640,chexpert,Pneumonia,count,lr_lbfgs,1,32,auprc,0.04961754331404962
3641,chexpert,Pneumonia,count,lr_lbfgs,1,32,brier,0.28361741488592523
3642,chexpert,Pneumonia,count,lr_lbfgs,2,32,auroc,0.5459309483545487
3643,chexpert,Pneumonia,count,lr_lbfgs,2,32,auprc,0.04202520347082845
3644,chexpert,Pneumonia,count,lr_lbfgs,2,32,brier,0.2500252823153198
3645,chexpert,Pneumonia,count,lr_lbfgs,3,32,auroc,0.5632932731428086
3646,chexpert,Pneumonia,count,lr_lbfgs,3,32,auprc,0.04068104930384065
3647,chexpert,Pneumonia,count,lr_lbfgs,3,32,brier,0.2500928128645129
3648,chexpert,Pneumonia,count,lr_lbfgs,4,32,auroc,0.45551850646364156
3649,chexpert,Pneumonia,count,lr_lbfgs,4,32,auprc,0.028924164519879364
3650,chexpert,Pneumonia,count,lr_lbfgs,4,32,brier,0.5368603518181145
3651,chexpert,Pneumonia,count,lr_lbfgs,0,48,auroc,0.5533501616794855
3652,chexpert,Pneumonia,count,lr_lbfgs,0,48,auprc,0.040335007279343096
3653,chexpert,Pneumonia,count,lr_lbfgs,0,48,brier,0.5117817663411832
3654,chexpert,Pneumonia,count,lr_lbfgs,1,48,auroc,0.5404508275017866
3655,chexpert,Pneumonia,count,lr_lbfgs,1,48,auprc,0.03835367872761625
3656,chexpert,Pneumonia,count,lr_lbfgs,1,48,brier,0.3922939010483469
3657,chexpert,Pneumonia,count,lr_lbfgs,2,48,auroc,0.4981288341387826
3658,chexpert,Pneumonia,count,lr_lbfgs,2,48,auprc,0.03411117469853186
3659,chexpert,Pneumonia,count,lr_lbfgs,2,48,brier,0.39096788829734586
3660,chexpert,Pneumonia,count,lr_lbfgs,3,48,auroc,0.5643206631335395
3661,chexpert,Pneumonia,count,lr_lbfgs,3,48,auprc,0.0421932580472037
3662,chexpert,Pneumonia,count,lr_lbfgs,3,48,brier,0.25009542837108845
3663,chexpert,Pneumonia,count,lr_lbfgs,4,48,auroc,0.5561623941300087
3664,chexpert,Pneumonia,count,lr_lbfgs,4,48,auprc,0.045030314064934025
3665,chexpert,Pneumonia,count,lr_lbfgs,4,48,brier,0.24321586905300796
3666,chexpert,Pneumonia,count,lr_lbfgs,0,64,auroc,0.4641800338217916
3667,chexpert,Pneumonia,count,lr_lbfgs,0,64,auprc,0.030880633351124245
3668,chexpert,Pneumonia,count,lr_lbfgs,0,64,brier,0.261032716249402
3669,chexpert,Pneumonia,count,lr_lbfgs,1,64,auroc,0.5057794224822931
3670,chexpert,Pneumonia,count,lr_lbfgs,1,64,auprc,0.036880406306586275
3671,chexpert,Pneumonia,count,lr_lbfgs,1,64,brier,0.2880731155681665
3672,chexpert,Pneumonia,count,lr_lbfgs,2,64,auroc,0.5180428291433464
3673,chexpert,Pneumonia,count,lr_lbfgs,2,64,auprc,0.03560670416690634
3674,chexpert,Pneumonia,count,lr_lbfgs,2,64,brier,0.4373883144274062
3675,chexpert,Pneumonia,count,lr_lbfgs,3,64,auroc,0.5390813279652442
3676,chexpert,Pneumonia,count,lr_lbfgs,3,64,auprc,0.036237545912678665
3677,chexpert,Pneumonia,count,lr_lbfgs,3,64,brier,0.32712936836897105
3678,chexpert,Pneumonia,count,lr_lbfgs,4,64,auroc,0.5010275668829468
3679,chexpert,Pneumonia,count,lr_lbfgs,4,64,auprc,0.033408648904962
3680,chexpert,Pneumonia,count,lr_lbfgs,4,64,brier,0.4920704907812588
3681,chexpert,Pneumonia,count,lr_lbfgs,0,128,auroc,0.48285419128416673
3682,chexpert,Pneumonia,count,lr_lbfgs,0,128,auprc,0.033156422580484464
3683,chexpert,Pneumonia,count,lr_lbfgs,0,128,brier,0.35273690790581513
3684,chexpert,Pneumonia,count,lr_lbfgs,1,128,auroc,0.5473068160108683
3685,chexpert,Pneumonia,count,lr_lbfgs,1,128,auprc,0.0391400850780505
3686,chexpert,Pneumonia,count,lr_lbfgs,1,128,brier,0.36222315904903674
3687,chexpert,Pneumonia,count,lr_lbfgs,2,128,auroc,0.5654715238910627
3688,chexpert,Pneumonia,count,lr_lbfgs,2,128,auprc,0.04254213993893933
3689,chexpert,Pneumonia,count,lr_lbfgs,2,128,brier,0.24957623210565757
3690,chexpert,Pneumonia,count,lr_lbfgs,3,128,auroc,0.48763187314705403
3691,chexpert,Pneumonia,count,lr_lbfgs,3,128,auprc,0.031657422836435606
3692,chexpert,Pneumonia,count,lr_lbfgs,3,128,brier,0.21447291164550886
3693,chexpert,Pneumonia,count,lr_lbfgs,4,128,auroc,0.5644275060320245
3694,chexpert,Pneumonia,count,lr_lbfgs,4,128,auprc,0.04352091408108278
3695,chexpert,Pneumonia,count,lr_lbfgs,4,128,brier,0.23191654611286533
3696,chexpert,Atelectasis,count,lr_lbfgs,0,-1,auroc,0.5382341509637372
3697,chexpert,Atelectasis,count,lr_lbfgs,0,-1,auprc,0.04450120902563478
3698,chexpert,Atelectasis,count,lr_lbfgs,0,-1,brier,0.04226193722295618
3699,chexpert,Atelectasis,count,lr_lbfgs,0,1,auroc,0.5397538030310768
3700,chexpert,Atelectasis,count,lr_lbfgs,0,1,auprc,0.045374342503217174
3701,chexpert,Atelectasis,count,lr_lbfgs,0,1,brier,0.2499134905296266
3702,chexpert,Atelectasis,count,lr_lbfgs,1,1,auroc,0.5439062136506261
3703,chexpert,Atelectasis,count,lr_lbfgs,1,1,auprc,0.043008165144496624
3704,chexpert,Atelectasis,count,lr_lbfgs,1,1,brier,0.24995455484360343
3705,chexpert,Atelectasis,count,lr_lbfgs,2,1,auroc,0.4741765536963589
3706,chexpert,Atelectasis,count,lr_lbfgs,2,1,auprc,0.03739515510822241
3707,chexpert,Atelectasis,count,lr_lbfgs,2,1,brier,0.24547802146214295
3708,chexpert,Atelectasis,count,lr_lbfgs,3,1,auroc,0.42123342468551583
3709,chexpert,Atelectasis,count,lr_lbfgs,3,1,auprc,0.03282686173192851
3710,chexpert,Atelectasis,count,lr_lbfgs,3,1,brier,0.25000586230764626
3711,chexpert,Atelectasis,count,lr_lbfgs,4,1,auroc,0.4616594606249398
3712,chexpert,Atelectasis,count,lr_lbfgs,4,1,auprc,0.037738322388986015
3713,chexpert,Atelectasis,count,lr_lbfgs,4,1,brier,0.25042453818589905
3714,chexpert,Atelectasis,count,lr_lbfgs,0,2,auroc,0.4935156972554627
3715,chexpert,Atelectasis,count,lr_lbfgs,0,2,auprc,0.03887954785693286
3716,chexpert,Atelectasis,count,lr_lbfgs,0,2,brier,0.25002464699572535
3717,chexpert,Atelectasis,count,lr_lbfgs,1,2,auroc,0.5511301286306819
3718,chexpert,Atelectasis,count,lr_lbfgs,1,2,auprc,0.04527087582179431
3719,chexpert,Atelectasis,count,lr_lbfgs,1,2,brier,0.2499293149955687
3720,chexpert,Atelectasis,count,lr_lbfgs,2,2,auroc,0.528754659812416
3721,chexpert,Atelectasis,count,lr_lbfgs,2,2,auprc,0.04320564493912154
3722,chexpert,Atelectasis,count,lr_lbfgs,2,2,brier,0.2499580070338925
3723,chexpert,Atelectasis,count,lr_lbfgs,3,2,auroc,0.5312634404026305
3724,chexpert,Atelectasis,count,lr_lbfgs,3,2,auprc,0.04909393281595964
3725,chexpert,Atelectasis,count,lr_lbfgs,3,2,brier,0.2498423460210781
3726,chexpert,Atelectasis,count,lr_lbfgs,4,2,auroc,0.4596926935276128
3727,chexpert,Atelectasis,count,lr_lbfgs,4,2,auprc,0.03773387558620872
3728,chexpert,Atelectasis,count,lr_lbfgs,4,2,brier,0.25023804296912805
3729,chexpert,Atelectasis,count,lr_lbfgs,0,4,auroc,0.531658354185462
3730,chexpert,Atelectasis,count,lr_lbfgs,0,4,auprc,0.043785322710526466
3731,chexpert,Atelectasis,count,lr_lbfgs,0,4,brier,0.24988476118921224
3732,chexpert,Atelectasis,count,lr_lbfgs,1,4,auroc,0.5306448272535902
3733,chexpert,Atelectasis,count,lr_lbfgs,1,4,auprc,0.04429739868476217
3734,chexpert,Atelectasis,count,lr_lbfgs,1,4,brier,0.24997324791088565
3735,chexpert,Atelectasis,count,lr_lbfgs,2,4,auroc,0.47925723866750647
3736,chexpert,Atelectasis,count,lr_lbfgs,2,4,auprc,0.0378662510918993
3737,chexpert,Atelectasis,count,lr_lbfgs,2,4,brier,0.2819783662982854
3738,chexpert,Atelectasis,count,lr_lbfgs,3,4,auroc,0.4152504241351332
3739,chexpert,Atelectasis,count,lr_lbfgs,3,4,auprc,0.03291498892545146
3740,chexpert,Atelectasis,count,lr_lbfgs,3,4,brier,0.4271295493520043
3741,chexpert,Atelectasis,count,lr_lbfgs,4,4,auroc,0.4631111659602476
3742,chexpert,Atelectasis,count,lr_lbfgs,4,4,auprc,0.036575516796183094
3743,chexpert,Atelectasis,count,lr_lbfgs,4,4,brier,0.47459875198010276
3744,chexpert,Atelectasis,count,lr_lbfgs,0,8,auroc,0.5454155105792636
3745,chexpert,Atelectasis,count,lr_lbfgs,0,8,auprc,0.044884630700479794
3746,chexpert,Atelectasis,count,lr_lbfgs,0,8,brier,0.24991385146773826
3747,chexpert,Atelectasis,count,lr_lbfgs,1,8,auroc,0.5445754676834562
3748,chexpert,Atelectasis,count,lr_lbfgs,1,8,auprc,0.04659585651798677
3749,chexpert,Atelectasis,count,lr_lbfgs,1,8,brier,0.24999611384556006
3750,chexpert,Atelectasis,count,lr_lbfgs,2,8,auroc,0.49222187232255826
3751,chexpert,Atelectasis,count,lr_lbfgs,2,8,auprc,0.0390356747444147
3752,chexpert,Atelectasis,count,lr_lbfgs,2,8,brier,0.32137625416665755
3753,chexpert,Atelectasis,count,lr_lbfgs,3,8,auroc,0.4432214978353505
3754,chexpert,Atelectasis,count,lr_lbfgs,3,8,auprc,0.03588102646202307
3755,chexpert,Atelectasis,count,lr_lbfgs,3,8,brier,0.25008265604051183
3756,chexpert,Atelectasis,count,lr_lbfgs,4,8,auroc,0.53611432640532
3757,chexpert,Atelectasis,count,lr_lbfgs,4,8,auprc,0.045143824161428814
3758,chexpert,Atelectasis,count,lr_lbfgs,4,8,brier,0.31610540574638124
3759,chexpert,Atelectasis,count,lr_lbfgs,0,12,auroc,0.5499326206728287
3760,chexpert,Atelectasis,count,lr_lbfgs,0,12,auprc,0.04618540455570286
3761,chexpert,Atelectasis,count,lr_lbfgs,0,12,brier,0.24996187191202277
3762,chexpert,Atelectasis,count,lr_lbfgs,1,12,auroc,0.5276702072729955
3763,chexpert,Atelectasis,count,lr_lbfgs,1,12,auprc,0.04501846996986658
3764,chexpert,Atelectasis,count,lr_lbfgs,1,12,brier,0.21524827252225218
3765,chexpert,Atelectasis,count,lr_lbfgs,2,12,auroc,0.5029114961898763
3766,chexpert,Atelectasis,count,lr_lbfgs,2,12,auprc,0.0404052466520789
3767,chexpert,Atelectasis,count,lr_lbfgs,2,12,brier,0.2790672073611273
3768,chexpert,Atelectasis,count,lr_lbfgs,3,12,auroc,0.41595570837659795
3769,chexpert,Atelectasis,count,lr_lbfgs,3,12,auprc,0.03388839048313874
3770,chexpert,Atelectasis,count,lr_lbfgs,3,12,brier,0.2607122897929728
3771,chexpert,Atelectasis,count,lr_lbfgs,4,12,auroc,0.515798679081485
3772,chexpert,Atelectasis,count,lr_lbfgs,4,12,auprc,0.04050709470928325
3773,chexpert,Atelectasis,count,lr_lbfgs,4,12,brier,0.2749443409868623
3774,chexpert,Atelectasis,count,lr_lbfgs,0,16,auroc,0.4999028319176582
3775,chexpert,Atelectasis,count,lr_lbfgs,0,16,auprc,0.04104224870814117
3776,chexpert,Atelectasis,count,lr_lbfgs,0,16,brier,0.3128650133242325
3777,chexpert,Atelectasis,count,lr_lbfgs,1,16,auroc,0.5303460885945949
3778,chexpert,Atelectasis,count,lr_lbfgs,1,16,auprc,0.043932882070215167
3779,chexpert,Atelectasis,count,lr_lbfgs,1,16,brier,0.23426598738188464
3780,chexpert,Atelectasis,count,lr_lbfgs,2,16,auroc,0.5143725069648947
3781,chexpert,Atelectasis,count,lr_lbfgs,2,16,auprc,0.04224144056286842
3782,chexpert,Atelectasis,count,lr_lbfgs,2,16,brier,0.24998226873255916
3783,chexpert,Atelectasis,count,lr_lbfgs,3,16,auroc,0.43945974546217964
3784,chexpert,Atelectasis,count,lr_lbfgs,3,16,auprc,0.03607880176294101
3785,chexpert,Atelectasis,count,lr_lbfgs,3,16,brier,0.25002983375941673
3786,chexpert,Atelectasis,count,lr_lbfgs,4,16,auroc,0.4972629808046936
3787,chexpert,Atelectasis,count,lr_lbfgs,4,16,auprc,0.03942617217483723
3788,chexpert,Atelectasis,count,lr_lbfgs,4,16,brier,0.30550935618776204
3789,chexpert,Atelectasis,count,lr_lbfgs,0,24,auroc,0.5268900255899592
3790,chexpert,Atelectasis,count,lr_lbfgs,0,24,auprc,0.04432806678289069
3791,chexpert,Atelectasis,count,lr_lbfgs,0,24,brier,0.24990788943207393
3792,chexpert,Atelectasis,count,lr_lbfgs,1,24,auroc,0.5208454616122241
3793,chexpert,Atelectasis,count,lr_lbfgs,1,24,auprc,0.041805685623953294
3794,chexpert,Atelectasis,count,lr_lbfgs,1,24,brier,0.22855589236755508
3795,chexpert,Atelectasis,count,lr_lbfgs,2,24,auroc,0.5142153358185666
3796,chexpert,Atelectasis,count,lr_lbfgs,2,24,auprc,0.043865440346556164
3797,chexpert,Atelectasis,count,lr_lbfgs,2,24,brier,0.47937858400218764
3798,chexpert,Atelectasis,count,lr_lbfgs,3,24,auroc,0.5037731004703786
3799,chexpert,Atelectasis,count,lr_lbfgs,3,24,auprc,0.04095355577172707
3800,chexpert,Atelectasis,count,lr_lbfgs,3,24,brier,0.24973820453450746
3801,chexpert,Atelectasis,count,lr_lbfgs,4,24,auroc,0.472595338201667
3802,chexpert,Atelectasis,count,lr_lbfgs,4,24,auprc,0.038427383196645154
3803,chexpert,Atelectasis,count,lr_lbfgs,4,24,brier,0.25006566666452584
3804,chexpert,Atelectasis,count,lr_lbfgs,0,32,auroc,0.5619664266544107
3805,chexpert,Atelectasis,count,lr_lbfgs,0,32,auprc,0.05215640085531014
3806,chexpert,Atelectasis,count,lr_lbfgs,0,32,brier,0.24988461758481795
3807,chexpert,Atelectasis,count,lr_lbfgs,1,32,auroc,0.5063794746965803
3808,chexpert,Atelectasis,count,lr_lbfgs,1,32,auprc,0.041366986317360355
3809,chexpert,Atelectasis,count,lr_lbfgs,1,32,brier,0.27086853488781615
3810,chexpert,Atelectasis,count,lr_lbfgs,2,32,auroc,0.5217652248909165
3811,chexpert,Atelectasis,count,lr_lbfgs,2,32,auprc,0.043714971514021386
3812,chexpert,Atelectasis,count,lr_lbfgs,2,32,brier,0.39762913217411217
3813,chexpert,Atelectasis,count,lr_lbfgs,3,32,auroc,0.5222983017572529
3814,chexpert,Atelectasis,count,lr_lbfgs,3,32,auprc,0.042936654893837495
3815,chexpert,Atelectasis,count,lr_lbfgs,3,32,brier,0.24922952317597077
3816,chexpert,Atelectasis,count,lr_lbfgs,4,32,auroc,0.5224273863629916
3817,chexpert,Atelectasis,count,lr_lbfgs,4,32,auprc,0.0438823139046079
3818,chexpert,Atelectasis,count,lr_lbfgs,4,32,brier,0.24838366070600212
3819,chexpert,Atelectasis,count,lr_lbfgs,0,48,auroc,0.5419205803416912
3820,chexpert,Atelectasis,count,lr_lbfgs,0,48,auprc,0.04537762329533135
3821,chexpert,Atelectasis,count,lr_lbfgs,0,48,brier,0.24198168580553106
3822,chexpert,Atelectasis,count,lr_lbfgs,1,48,auroc,0.5520998235370884
3823,chexpert,Atelectasis,count,lr_lbfgs,1,48,auprc,0.045866009745485846
3824,chexpert,Atelectasis,count,lr_lbfgs,1,48,brier,0.24975646116877542
3825,chexpert,Atelectasis,count,lr_lbfgs,2,48,auroc,0.543712444890803
3826,chexpert,Atelectasis,count,lr_lbfgs,2,48,auprc,0.04701942657710957
3827,chexpert,Atelectasis,count,lr_lbfgs,2,48,brier,0.390244649300321
3828,chexpert,Atelectasis,count,lr_lbfgs,3,48,auroc,0.4894458440431001
3829,chexpert,Atelectasis,count,lr_lbfgs,3,48,auprc,0.039989135497549684
3830,chexpert,Atelectasis,count,lr_lbfgs,3,48,brier,0.2534355367775293
3831,chexpert,Atelectasis,count,lr_lbfgs,4,48,auroc,0.46409277636872237
3832,chexpert,Atelectasis,count,lr_lbfgs,4,48,auprc,0.038457830388405695
3833,chexpert,Atelectasis,count,lr_lbfgs,4,48,brier,0.25001649571967804
3834,chexpert,Atelectasis,count,lr_lbfgs,0,64,auroc,0.5452642971839697
3835,chexpert,Atelectasis,count,lr_lbfgs,0,64,auprc,0.04620390406416011
3836,chexpert,Atelectasis,count,lr_lbfgs,0,64,brier,0.30379702025400385
3837,chexpert,Atelectasis,count,lr_lbfgs,1,64,auroc,0.5323670428560892
3838,chexpert,Atelectasis,count,lr_lbfgs,1,64,auprc,0.04450884926336689
3839,chexpert,Atelectasis,count,lr_lbfgs,1,64,brier,0.5685270996864622
3840,chexpert,Atelectasis,count,lr_lbfgs,2,64,auroc,0.5294223534818798
3841,chexpert,Atelectasis,count,lr_lbfgs,2,64,auprc,0.04422190239161344
3842,chexpert,Atelectasis,count,lr_lbfgs,2,64,brier,0.39942705307267207
3843,chexpert,Atelectasis,count,lr_lbfgs,3,64,auroc,0.48537556527709214
3844,chexpert,Atelectasis,count,lr_lbfgs,3,64,auprc,0.03977644394982453
3845,chexpert,Atelectasis,count,lr_lbfgs,3,64,brier,0.25003012984054734
3846,chexpert,Atelectasis,count,lr_lbfgs,4,64,auroc,0.44025212634971433
3847,chexpert,Atelectasis,count,lr_lbfgs,4,64,auprc,0.03641163125302089
3848,chexpert,Atelectasis,count,lr_lbfgs,4,64,brier,0.2503313008844369
3849,chexpert,Atelectasis,count,lr_lbfgs,0,128,auroc,0.5532108022537322
3850,chexpert,Atelectasis,count,lr_lbfgs,0,128,auprc,0.04845754197686831
3851,chexpert,Atelectasis,count,lr_lbfgs,0,128,brier,0.24996553700758262
3852,chexpert,Atelectasis,count,lr_lbfgs,1,128,auroc,0.5158639306404298
3853,chexpert,Atelectasis,count,lr_lbfgs,1,128,auprc,0.04317777714219128
3854,chexpert,Atelectasis,count,lr_lbfgs,1,128,brier,0.4274244476289023
3855,chexpert,Atelectasis,count,lr_lbfgs,2,128,auroc,0.5070634812557804
3856,chexpert,Atelectasis,count,lr_lbfgs,2,128,auprc,0.04267219685937514
3857,chexpert,Atelectasis,count,lr_lbfgs,2,128,brier,0.24999438035212945
3858,chexpert,Atelectasis,count,lr_lbfgs,3,128,auroc,0.5332853876226304
3859,chexpert,Atelectasis,count,lr_lbfgs,3,128,auprc,0.0435917595781453
3860,chexpert,Atelectasis,count,lr_lbfgs,3,128,brier,0.4115952079520112
3861,chexpert,Atelectasis,count,lr_lbfgs,4,128,auroc,0.5172573351263327
3862,chexpert,Atelectasis,count,lr_lbfgs,4,128,auprc,0.04244506220424085
3863,chexpert,Atelectasis,count,lr_lbfgs,4,128,brier,0.353183005716848
3864,chexpert,Pneumothorax,count,lr_lbfgs,0,-1,auroc,0.6331150004347637
3865,chexpert,Pneumothorax,count,lr_lbfgs,0,-1,auprc,0.06303007084777788
3866,chexpert,Pneumothorax,count,lr_lbfgs,0,-1,brier,0.048971035656491385
3867,chexpert,Pneumothorax,count,lr_lbfgs,0,1,auroc,0.6582530379113951
3868,chexpert,Pneumothorax,count,lr_lbfgs,0,1,auprc,0.07204624942215396
3869,chexpert,Pneumothorax,count,lr_lbfgs,0,1,brier,0.456676453347507
3870,chexpert,Pneumothorax,count,lr_lbfgs,1,1,auroc,0.4582227403156385
3871,chexpert,Pneumothorax,count,lr_lbfgs,1,1,auprc,0.039429329189320274
3872,chexpert,Pneumothorax,count,lr_lbfgs,1,1,brier,0.24983480861118001
3873,chexpert,Pneumothorax,count,lr_lbfgs,2,1,auroc,0.48082094256771446
3874,chexpert,Pneumothorax,count,lr_lbfgs,2,1,auprc,0.0397230018530695
3875,chexpert,Pneumothorax,count,lr_lbfgs,2,1,brier,0.24982323224236852
3876,chexpert,Pneumothorax,count,lr_lbfgs,3,1,auroc,0.5971450969523064
3877,chexpert,Pneumothorax,count,lr_lbfgs,3,1,auprc,0.05582826270629376
3878,chexpert,Pneumothorax,count,lr_lbfgs,3,1,brier,0.2500667676562534
3879,chexpert,Pneumothorax,count,lr_lbfgs,4,1,auroc,0.46317388374418506
3880,chexpert,Pneumothorax,count,lr_lbfgs,4,1,auprc,0.04000610514706273
3881,chexpert,Pneumothorax,count,lr_lbfgs,4,1,brier,0.24982679620831041
3882,chexpert,Pneumothorax,count,lr_lbfgs,0,2,auroc,0.5753207740967785
3883,chexpert,Pneumothorax,count,lr_lbfgs,0,2,auprc,0.053957765934426125
3884,chexpert,Pneumothorax,count,lr_lbfgs,0,2,brier,0.2501601455738393
3885,chexpert,Pneumothorax,count,lr_lbfgs,1,2,auroc,0.4332785802791183
3886,chexpert,Pneumothorax,count,lr_lbfgs,1,2,auprc,0.041878183562803054
3887,chexpert,Pneumothorax,count,lr_lbfgs,1,2,brier,0.24989203863446158
3888,chexpert,Pneumothorax,count,lr_lbfgs,2,2,auroc,0.4380971207773575
3889,chexpert,Pneumothorax,count,lr_lbfgs,2,2,auprc,0.04083008810720083
3890,chexpert,Pneumothorax,count,lr_lbfgs,2,2,brier,0.24993037237702861
3891,chexpert,Pneumothorax,count,lr_lbfgs,3,2,auroc,0.5512508967001435
3892,chexpert,Pneumothorax,count,lr_lbfgs,3,2,auprc,0.049593694458995835
3893,chexpert,Pneumothorax,count,lr_lbfgs,3,2,brier,0.2502569035598176
3894,chexpert,Pneumothorax,count,lr_lbfgs,4,2,auroc,0.4714285520194774
3895,chexpert,Pneumothorax,count,lr_lbfgs,4,2,auprc,0.0543293416508719
3896,chexpert,Pneumothorax,count,lr_lbfgs,4,2,brier,0.24989578166723264
3897,chexpert,Pneumothorax,count,lr_lbfgs,0,4,auroc,0.5513305128037911
3898,chexpert,Pneumothorax,count,lr_lbfgs,0,4,auprc,0.05233706592707293
3899,chexpert,Pneumothorax,count,lr_lbfgs,0,4,brier,0.27334482343004207
3900,chexpert,Pneumothorax,count,lr_lbfgs,1,4,auroc,0.446129108517021
3901,chexpert,Pneumothorax,count,lr_lbfgs,1,4,auprc,0.038556373803033825
3902,chexpert,Pneumothorax,count,lr_lbfgs,1,4,brier,0.2498562300199864
3903,chexpert,Pneumothorax,count,lr_lbfgs,2,4,auroc,0.4549508717012304
3904,chexpert,Pneumothorax,count,lr_lbfgs,2,4,auprc,0.038007524460765135
3905,chexpert,Pneumothorax,count,lr_lbfgs,2,4,brier,0.3475477486632543
3906,chexpert,Pneumothorax,count,lr_lbfgs,3,4,auroc,0.5487914927611843
3907,chexpert,Pneumothorax,count,lr_lbfgs,3,4,auprc,0.049058024617446974
3908,chexpert,Pneumothorax,count,lr_lbfgs,3,4,brier,0.25028226240662804
3909,chexpert,Pneumothorax,count,lr_lbfgs,4,4,auroc,0.7196738728750924
3910,chexpert,Pneumothorax,count,lr_lbfgs,4,4,auprc,0.14997095812513467
3911,chexpert,Pneumothorax,count,lr_lbfgs,4,4,brier,0.2978284378335123
3912,chexpert,Pneumothorax,count,lr_lbfgs,0,8,auroc,0.47416158536585373
3913,chexpert,Pneumothorax,count,lr_lbfgs,0,8,auprc,0.0566825037615559
3914,chexpert,Pneumothorax,count,lr_lbfgs,0,8,brier,0.24987958110882394
3915,chexpert,Pneumothorax,count,lr_lbfgs,1,8,auroc,0.49771912090778664
3916,chexpert,Pneumothorax,count,lr_lbfgs,1,8,auprc,0.048476977920776626
3917,chexpert,Pneumothorax,count,lr_lbfgs,1,8,brier,0.3774992301119186
3918,chexpert,Pneumothorax,count,lr_lbfgs,2,8,auroc,0.3935392754662841
3919,chexpert,Pneumothorax,count,lr_lbfgs,2,8,auprc,0.03317530551798829
3920,chexpert,Pneumothorax,count,lr_lbfgs,2,8,brier,0.3934866143965163
3921,chexpert,Pneumothorax,count,lr_lbfgs,3,8,auroc,0.5597907427937916
3922,chexpert,Pneumothorax,count,lr_lbfgs,3,8,auprc,0.05678031526734327
3923,chexpert,Pneumothorax,count,lr_lbfgs,3,8,brier,0.25013773300916625
3924,chexpert,Pneumothorax,count,lr_lbfgs,4,8,auroc,0.675561796226251
3925,chexpert,Pneumothorax,count,lr_lbfgs,4,8,auprc,0.07839101246187195
3926,chexpert,Pneumothorax,count,lr_lbfgs,4,8,brier,0.24019450277219
3927,chexpert,Pneumothorax,count,lr_lbfgs,0,12,auroc,0.6837693198121821
3928,chexpert,Pneumothorax,count,lr_lbfgs,0,12,auprc,0.10020633170105069
3929,chexpert,Pneumothorax,count,lr_lbfgs,0,12,brier,0.2981094056904557
3930,chexpert,Pneumothorax,count,lr_lbfgs,1,12,auroc,0.5201275216294944
3931,chexpert,Pneumothorax,count,lr_lbfgs,1,12,auprc,0.062061103789798594
3932,chexpert,Pneumothorax,count,lr_lbfgs,1,12,brier,0.29596744939601927
3933,chexpert,Pneumothorax,count,lr_lbfgs,2,12,auroc,0.4431140222164254
3934,chexpert,Pneumothorax,count,lr_lbfgs,2,12,auprc,0.038211955308951835
3935,chexpert,Pneumothorax,count,lr_lbfgs,2,12,brier,0.36367705354452423
3936,chexpert,Pneumothorax,count,lr_lbfgs,3,12,auroc,0.5273320996913178
3937,chexpert,Pneumothorax,count,lr_lbfgs,3,12,auprc,0.04942688562400139
3938,chexpert,Pneumothorax,count,lr_lbfgs,3,12,brier,0.4294929191673852
3939,chexpert,Pneumothorax,count,lr_lbfgs,4,12,auroc,0.725600653232468
3940,chexpert,Pneumothorax,count,lr_lbfgs,4,12,auprc,0.13838809587381318
3941,chexpert,Pneumothorax,count,lr_lbfgs,4,12,brier,0.25250388773359156
3942,chexpert,Pneumothorax,count,lr_lbfgs,0,16,auroc,0.4691294671970784
3943,chexpert,Pneumothorax,count,lr_lbfgs,0,16,auprc,0.05428644909996136
3944,chexpert,Pneumothorax,count,lr_lbfgs,0,16,brier,0.24988825593972638
3945,chexpert,Pneumothorax,count,lr_lbfgs,1,16,auroc,0.5008510499543498
3946,chexpert,Pneumothorax,count,lr_lbfgs,1,16,auprc,0.045833637274494306
3947,chexpert,Pneumothorax,count,lr_lbfgs,1,16,brier,0.37711407414515546
3948,chexpert,Pneumothorax,count,lr_lbfgs,2,16,auroc,0.4735618831789922
3949,chexpert,Pneumothorax,count,lr_lbfgs,2,16,auprc,0.04376407344410566
3950,chexpert,Pneumothorax,count,lr_lbfgs,2,16,brier,0.2369940916214196
3951,chexpert,Pneumothorax,count,lr_lbfgs,3,16,auroc,0.5453026498847876
3952,chexpert,Pneumothorax,count,lr_lbfgs,3,16,auprc,0.07324453575207535
3953,chexpert,Pneumothorax,count,lr_lbfgs,3,16,brier,0.3699208110265564
3954,chexpert,Pneumothorax,count,lr_lbfgs,4,16,auroc,0.5262642113386374
3955,chexpert,Pneumothorax,count,lr_lbfgs,4,16,auprc,0.051874927652802785
3956,chexpert,Pneumothorax,count,lr_lbfgs,4,16,brier,0.2514794055360238
3957,chexpert,Pneumothorax,count,lr_lbfgs,0,24,auroc,0.5205554921525151
3958,chexpert,Pneumothorax,count,lr_lbfgs,0,24,auprc,0.04956647924069416
3959,chexpert,Pneumothorax,count,lr_lbfgs,0,24,brier,0.23360024916714173
3960,chexpert,Pneumothorax,count,lr_lbfgs,1,24,auroc,0.5492719066562323
3961,chexpert,Pneumothorax,count,lr_lbfgs,1,24,auprc,0.05617914486298346
3962,chexpert,Pneumothorax,count,lr_lbfgs,1,24,brier,0.20162597114180406
3963,chexpert,Pneumothorax,count,lr_lbfgs,2,24,auroc,0.45833509956088864
3964,chexpert,Pneumothorax,count,lr_lbfgs,2,24,auprc,0.04064306356829278
3965,chexpert,Pneumothorax,count,lr_lbfgs,2,24,brier,0.22368208022726224
3966,chexpert,Pneumothorax,count,lr_lbfgs,3,24,auroc,0.6620456719273075
3967,chexpert,Pneumothorax,count,lr_lbfgs,3,24,auprc,0.12138565334286314
3968,chexpert,Pneumothorax,count,lr_lbfgs,3,24,brier,0.28186582589230763
3969,chexpert,Pneumothorax,count,lr_lbfgs,4,24,auroc,0.5151174133733316
3970,chexpert,Pneumothorax,count,lr_lbfgs,4,24,auprc,0.04818586369242345
3971,chexpert,Pneumothorax,count,lr_lbfgs,4,24,brier,0.2499260329597787
3972,chexpert,Pneumothorax,count,lr_lbfgs,0,32,auroc,0.6614159438720055
3973,chexpert,Pneumothorax,count,lr_lbfgs,0,32,auprc,0.08941761018361355
3974,chexpert,Pneumothorax,count,lr_lbfgs,0,32,brier,0.23561593427095998
3975,chexpert,Pneumothorax,count,lr_lbfgs,1,32,auroc,0.5995151026042347
3976,chexpert,Pneumothorax,count,lr_lbfgs,1,32,auprc,0.08402943501244642
3977,chexpert,Pneumothorax,count,lr_lbfgs,1,32,brier,0.23230368326986478
3978,chexpert,Pneumothorax,count,lr_lbfgs,2,32,auroc,0.4477415384113734
3979,chexpert,Pneumothorax,count,lr_lbfgs,2,32,auprc,0.03990441727364918
3980,chexpert,Pneumothorax,count,lr_lbfgs,2,32,brier,0.24987858112220837
3981,chexpert,Pneumothorax,count,lr_lbfgs,3,32,auroc,0.672513966784053
3982,chexpert,Pneumothorax,count,lr_lbfgs,3,32,auprc,0.11511349558012252
3983,chexpert,Pneumothorax,count,lr_lbfgs,3,32,brier,0.34648287931353255
3984,chexpert,Pneumothorax,count,lr_lbfgs,4,32,auroc,0.4982686894048085
3985,chexpert,Pneumothorax,count,lr_lbfgs,4,32,auprc,0.04368465503932602
3986,chexpert,Pneumothorax,count,lr_lbfgs,4,32,brier,0.30157827098227613
3987,chexpert,Pneumothorax,count,lr_lbfgs,0,48,auroc,0.6707413536367983
3988,chexpert,Pneumothorax,count,lr_lbfgs,0,48,auprc,0.0866434055235758
3989,chexpert,Pneumothorax,count,lr_lbfgs,0,48,brier,0.17661756171080523
3990,chexpert,Pneumothorax,count,lr_lbfgs,1,48,auroc,0.5478499576105387
3991,chexpert,Pneumothorax,count,lr_lbfgs,1,48,auprc,0.05402408194939731
3992,chexpert,Pneumothorax,count,lr_lbfgs,1,48,brier,0.19310890782944404
3993,chexpert,Pneumothorax,count,lr_lbfgs,2,48,auroc,0.44556663297247945
3994,chexpert,Pneumothorax,count,lr_lbfgs,2,48,auprc,0.041226263145494005
3995,chexpert,Pneumothorax,count,lr_lbfgs,2,48,brier,0.24985596840403224
3996,chexpert,Pneumothorax,count,lr_lbfgs,3,48,auroc,0.704576703186818
3997,chexpert,Pneumothorax,count,lr_lbfgs,3,48,auprc,0.13908978645407957
3998,chexpert,Pneumothorax,count,lr_lbfgs,3,48,brier,0.24155104987940007
3999,chexpert,Pneumothorax,count,lr_lbfgs,4,48,auroc,0.6000274444589366
4000,chexpert,Pneumothorax,count,lr_lbfgs,4,48,auprc,0.06778875960293719
4001,chexpert,Pneumothorax,count,lr_lbfgs,4,48,brier,0.3589998732474848
4002,chexpert,Pneumothorax,count,lr_lbfgs,0,64,auroc,0.4831755956262771
4003,chexpert,Pneumothorax,count,lr_lbfgs,0,64,auprc,0.043328403157362076
4004,chexpert,Pneumothorax,count,lr_lbfgs,0,64,brier,0.24532065853106935
4005,chexpert,Pneumothorax,count,lr_lbfgs,1,64,auroc,0.5311656286683187
4006,chexpert,Pneumothorax,count,lr_lbfgs,1,64,auprc,0.053693486216822614
4007,chexpert,Pneumothorax,count,lr_lbfgs,1,64,brier,0.18190299340126362
4008,chexpert,Pneumothorax,count,lr_lbfgs,2,64,auroc,0.7435020488239641
4009,chexpert,Pneumothorax,count,lr_lbfgs,2,64,auprc,0.16784129972181394
4010,chexpert,Pneumothorax,count,lr_lbfgs,2,64,brier,0.21264866442726085
4011,chexpert,Pneumothorax,count,lr_lbfgs,3,64,auroc,0.7029103354201991
4012,chexpert,Pneumothorax,count,lr_lbfgs,3,64,auprc,0.08799316450470482
4013,chexpert,Pneumothorax,count,lr_lbfgs,3,64,brier,0.24427851416579288
4014,chexpert,Pneumothorax,count,lr_lbfgs,4,64,auroc,0.6400600789096126
4015,chexpert,Pneumothorax,count,lr_lbfgs,4,64,auprc,0.07502663910068222
4016,chexpert,Pneumothorax,count,lr_lbfgs,4,64,brier,0.20037787219908842
4017,chexpert,Pneumothorax,count,lr_lbfgs,0,128,auroc,0.4830976098865267
4018,chexpert,Pneumothorax,count,lr_lbfgs,0,128,auprc,0.04046271559613755
4019,chexpert,Pneumothorax,count,lr_lbfgs,0,128,brier,0.22903974649089026
4020,chexpert,Pneumothorax,count,lr_lbfgs,1,128,auroc,0.5361325322812052
4021,chexpert,Pneumothorax,count,lr_lbfgs,1,128,auprc,0.04683840047882598
4022,chexpert,Pneumothorax,count,lr_lbfgs,1,128,brier,0.13627029676094457
4023,chexpert,Pneumothorax,count,lr_lbfgs,2,128,auroc,0.5234444969783922
4024,chexpert,Pneumothorax,count,lr_lbfgs,2,128,auprc,0.05286604707453082
4025,chexpert,Pneumothorax,count,lr_lbfgs,2,128,brier,0.20113299868565077
4026,chexpert,Pneumothorax,count,lr_lbfgs,3,128,auroc,0.5530267705751923
4027,chexpert,Pneumothorax,count,lr_lbfgs,3,128,auprc,0.06804153642748174
4028,chexpert,Pneumothorax,count,lr_lbfgs,3,128,brier,0.12740322729648224
4029,chexpert,Pneumothorax,count,lr_lbfgs,4,128,auroc,0.7095744478500934
4030,chexpert,Pneumothorax,count,lr_lbfgs,4,128,auprc,0.08048255551298461
4031,chexpert,Pneumothorax,count,lr_lbfgs,4,128,brier,0.15302934821271166
4032,chexpert,Pleural Effusion,count,lr_lbfgs,0,-1,auroc,0.6763071014284345
4033,chexpert,Pleural Effusion,count,lr_lbfgs,0,-1,auprc,0.2488110352145047
4034,chexpert,Pleural Effusion,count,lr_lbfgs,0,-1,brier,0.10988928234090826
4035,chexpert,Pleural Effusion,count,lr_lbfgs,0,1,auroc,0.5085356050075096
4036,chexpert,Pleural Effusion,count,lr_lbfgs,0,1,auprc,0.12653426204355198
4037,chexpert,Pleural Effusion,count,lr_lbfgs,0,1,brier,0.25033182747762706
4038,chexpert,Pleural Effusion,count,lr_lbfgs,1,1,auroc,0.44240884542869013
4039,chexpert,Pleural Effusion,count,lr_lbfgs,1,1,auprc,0.11289876802632809
4040,chexpert,Pleural Effusion,count,lr_lbfgs,1,1,brier,0.25011449950967524
4041,chexpert,Pleural Effusion,count,lr_lbfgs,2,1,auroc,0.5174833928514364
4042,chexpert,Pleural Effusion,count,lr_lbfgs,2,1,auprc,0.12841849178690884
4043,chexpert,Pleural Effusion,count,lr_lbfgs,2,1,brier,0.25014830235408675
4044,chexpert,Pleural Effusion,count,lr_lbfgs,3,1,auroc,0.4650241268015211
4045,chexpert,Pleural Effusion,count,lr_lbfgs,3,1,auprc,0.11598984773612474
4046,chexpert,Pleural Effusion,count,lr_lbfgs,3,1,brier,0.2500969467160586
4047,chexpert,Pleural Effusion,count,lr_lbfgs,4,1,auroc,0.4772391189722941
4048,chexpert,Pleural Effusion,count,lr_lbfgs,4,1,auprc,0.11973302057166955
4049,chexpert,Pleural Effusion,count,lr_lbfgs,4,1,brier,0.24990136122380968
4050,chexpert,Pleural Effusion,count,lr_lbfgs,0,2,auroc,0.515008548237625
4051,chexpert,Pleural Effusion,count,lr_lbfgs,0,2,auprc,0.1315651141470782
4052,chexpert,Pleural Effusion,count,lr_lbfgs,0,2,brier,0.40355915894510824
4053,chexpert,Pleural Effusion,count,lr_lbfgs,1,2,auroc,0.42390285966510083
4054,chexpert,Pleural Effusion,count,lr_lbfgs,1,2,auprc,0.10808333946026037
4055,chexpert,Pleural Effusion,count,lr_lbfgs,1,2,brier,0.249939435310253
4056,chexpert,Pleural Effusion,count,lr_lbfgs,2,2,auroc,0.49208968459399866
4057,chexpert,Pleural Effusion,count,lr_lbfgs,2,2,auprc,0.12187106555139762
4058,chexpert,Pleural Effusion,count,lr_lbfgs,2,2,brier,0.25009544074940604
4059,chexpert,Pleural Effusion,count,lr_lbfgs,3,2,auroc,0.510305469673729
4060,chexpert,Pleural Effusion,count,lr_lbfgs,3,2,auprc,0.12526264568826562
4061,chexpert,Pleural Effusion,count,lr_lbfgs,3,2,brier,0.25015651190682153
4062,chexpert,Pleural Effusion,count,lr_lbfgs,4,2,auroc,0.5068236107116607
4063,chexpert,Pleural Effusion,count,lr_lbfgs,4,2,auprc,0.12927334461738507
4064,chexpert,Pleural Effusion,count,lr_lbfgs,4,2,brier,0.2499493896292259
4065,chexpert,Pleural Effusion,count,lr_lbfgs,0,4,auroc,0.5664181086824529
4066,chexpert,Pleural Effusion,count,lr_lbfgs,0,4,auprc,0.14481298975187
4067,chexpert,Pleural Effusion,count,lr_lbfgs,0,4,brier,0.46761762675966956
4068,chexpert,Pleural Effusion,count,lr_lbfgs,1,4,auroc,0.4380033074489503
4069,chexpert,Pleural Effusion,count,lr_lbfgs,1,4,auprc,0.11381447536469734
4070,chexpert,Pleural Effusion,count,lr_lbfgs,1,4,brier,0.46712929508787754
4071,chexpert,Pleural Effusion,count,lr_lbfgs,2,4,auroc,0.4216934997443517
4072,chexpert,Pleural Effusion,count,lr_lbfgs,2,4,auprc,0.1229439215644151
4073,chexpert,Pleural Effusion,count,lr_lbfgs,2,4,brier,0.33598722272585374
4074,chexpert,Pleural Effusion,count,lr_lbfgs,3,4,auroc,0.5130689171699742
4075,chexpert,Pleural Effusion,count,lr_lbfgs,3,4,auprc,0.1261802824296526
4076,chexpert,Pleural Effusion,count,lr_lbfgs,3,4,brier,0.37927752508821233
4077,chexpert,Pleural Effusion,count,lr_lbfgs,4,4,auroc,0.5710886320423099
4078,chexpert,Pleural Effusion,count,lr_lbfgs,4,4,auprc,0.14615013734562313
4079,chexpert,Pleural Effusion,count,lr_lbfgs,4,4,brier,0.33107488204915825
4080,chexpert,Pleural Effusion,count,lr_lbfgs,0,8,auroc,0.5433930411753427
4081,chexpert,Pleural Effusion,count,lr_lbfgs,0,8,auprc,0.1538254755644831
4082,chexpert,Pleural Effusion,count,lr_lbfgs,0,8,brier,0.25057677848746696
4083,chexpert,Pleural Effusion,count,lr_lbfgs,1,8,auroc,0.513860727638769
4084,chexpert,Pleural Effusion,count,lr_lbfgs,1,8,auprc,0.13972527377789884
4085,chexpert,Pleural Effusion,count,lr_lbfgs,1,8,brier,0.5084225067618242
4086,chexpert,Pleural Effusion,count,lr_lbfgs,2,8,auroc,0.47566029143898
4087,chexpert,Pleural Effusion,count,lr_lbfgs,2,8,auprc,0.1163698784072565
4088,chexpert,Pleural Effusion,count,lr_lbfgs,2,8,brier,0.24991541667817554
4089,chexpert,Pleural Effusion,count,lr_lbfgs,3,8,auroc,0.5255269249512671
4090,chexpert,Pleural Effusion,count,lr_lbfgs,3,8,auprc,0.12699522457402412
4091,chexpert,Pleural Effusion,count,lr_lbfgs,3,8,brier,0.4942067411829785
4092,chexpert,Pleural Effusion,count,lr_lbfgs,4,8,auroc,0.6269386823730547
4093,chexpert,Pleural Effusion,count,lr_lbfgs,4,8,auprc,0.17117402292455616
4094,chexpert,Pleural Effusion,count,lr_lbfgs,4,8,brier,0.250006090693273
4095,chexpert,Pleural Effusion,count,lr_lbfgs,0,12,auroc,0.5440733051321381
4096,chexpert,Pleural Effusion,count,lr_lbfgs,0,12,auprc,0.15787202202498793
4097,chexpert,Pleural Effusion,count,lr_lbfgs,0,12,brier,0.24174729812586013
4098,chexpert,Pleural Effusion,count,lr_lbfgs,1,12,auroc,0.5771148399801873
4099,chexpert,Pleural Effusion,count,lr_lbfgs,1,12,auprc,0.15496807195030268
4100,chexpert,Pleural Effusion,count,lr_lbfgs,1,12,brier,0.3098099236984228
4101,chexpert,Pleural Effusion,count,lr_lbfgs,2,12,auroc,0.4749298465311731
4102,chexpert,Pleural Effusion,count,lr_lbfgs,2,12,auprc,0.12709645193863414
4103,chexpert,Pleural Effusion,count,lr_lbfgs,2,12,brier,0.5906717049389065
4104,chexpert,Pleural Effusion,count,lr_lbfgs,3,12,auroc,0.5414469689706962
4105,chexpert,Pleural Effusion,count,lr_lbfgs,3,12,auprc,0.13736366651422555
4106,chexpert,Pleural Effusion,count,lr_lbfgs,3,12,brier,0.4134222293749177
4107,chexpert,Pleural Effusion,count,lr_lbfgs,4,12,auroc,0.5971063816188924
4108,chexpert,Pleural Effusion,count,lr_lbfgs,4,12,auprc,0.15421876639124624
4109,chexpert,Pleural Effusion,count,lr_lbfgs,4,12,brier,0.38802899217493503
4110,chexpert,Pleural Effusion,count,lr_lbfgs,0,16,auroc,0.6010947436327613
4111,chexpert,Pleural Effusion,count,lr_lbfgs,0,16,auprc,0.17547583428489336
4112,chexpert,Pleural Effusion,count,lr_lbfgs,0,16,brier,0.2461626061759989
4113,chexpert,Pleural Effusion,count,lr_lbfgs,1,16,auroc,0.5879857815645672
4114,chexpert,Pleural Effusion,count,lr_lbfgs,1,16,auprc,0.1672368339421487
4115,chexpert,Pleural Effusion,count,lr_lbfgs,1,16,brier,0.3014083056137231
4116,chexpert,Pleural Effusion,count,lr_lbfgs,2,16,auroc,0.5129062909436615
4117,chexpert,Pleural Effusion,count,lr_lbfgs,2,16,auprc,0.161660486952645
4118,chexpert,Pleural Effusion,count,lr_lbfgs,2,16,brier,0.5658827404150959
4119,chexpert,Pleural Effusion,count,lr_lbfgs,3,16,auroc,0.576821743281245
4120,chexpert,Pleural Effusion,count,lr_lbfgs,3,16,auprc,0.1506758423100838
4121,chexpert,Pleural Effusion,count,lr_lbfgs,3,16,brier,0.4088032048964546
4122,chexpert,Pleural Effusion,count,lr_lbfgs,4,16,auroc,0.5164080225609562
4123,chexpert,Pleural Effusion,count,lr_lbfgs,4,16,auprc,0.13453814428889876
4124,chexpert,Pleural Effusion,count,lr_lbfgs,4,16,brier,0.39288632262123485
4125,chexpert,Pleural Effusion,count,lr_lbfgs,0,24,auroc,0.5673647061643179
4126,chexpert,Pleural Effusion,count,lr_lbfgs,0,24,auprc,0.17417855180952052
4127,chexpert,Pleural Effusion,count,lr_lbfgs,0,24,brier,0.24996993037985257
4128,chexpert,Pleural Effusion,count,lr_lbfgs,1,24,auroc,0.5234183763141917
4129,chexpert,Pleural Effusion,count,lr_lbfgs,1,24,auprc,0.12863936900089662
4130,chexpert,Pleural Effusion,count,lr_lbfgs,1,24,brier,0.2499636938084575
4131,chexpert,Pleural Effusion,count,lr_lbfgs,2,24,auroc,0.53127706276164
4132,chexpert,Pleural Effusion,count,lr_lbfgs,2,24,auprc,0.14744259553976796
4133,chexpert,Pleural Effusion,count,lr_lbfgs,2,24,brier,0.5975628223972161
4134,chexpert,Pleural Effusion,count,lr_lbfgs,3,24,auroc,0.5600058319752022
4135,chexpert,Pleural Effusion,count,lr_lbfgs,3,24,auprc,0.1554093910918528
4136,chexpert,Pleural Effusion,count,lr_lbfgs,3,24,brier,0.2499816378441734
4137,chexpert,Pleural Effusion,count,lr_lbfgs,4,24,auroc,0.5551636947560157
4138,chexpert,Pleural Effusion,count,lr_lbfgs,4,24,auprc,0.14833235502437836
4139,chexpert,Pleural Effusion,count,lr_lbfgs,4,24,brier,0.44873023555339125
4140,chexpert,Pleural Effusion,count,lr_lbfgs,0,32,auroc,0.5742865816636309
4141,chexpert,Pleural Effusion,count,lr_lbfgs,0,32,auprc,0.18682735747670828
4142,chexpert,Pleural Effusion,count,lr_lbfgs,0,32,brier,0.2499674324057166
4143,chexpert,Pleural Effusion,count,lr_lbfgs,1,32,auroc,0.5888116951075321
4144,chexpert,Pleural Effusion,count,lr_lbfgs,1,32,auprc,0.16991439273877812
4145,chexpert,Pleural Effusion,count,lr_lbfgs,1,32,brier,0.3840492922917486
4146,chexpert,Pleural Effusion,count,lr_lbfgs,2,32,auroc,0.5690100921132522
4147,chexpert,Pleural Effusion,count,lr_lbfgs,2,32,auprc,0.16055181933783985
4148,chexpert,Pleural Effusion,count,lr_lbfgs,2,32,brier,0.5401628312242551
4149,chexpert,Pleural Effusion,count,lr_lbfgs,3,32,auroc,0.5318796336241332
4150,chexpert,Pleural Effusion,count,lr_lbfgs,3,32,auprc,0.1411282556225884
4151,chexpert,Pleural Effusion,count,lr_lbfgs,3,32,brier,0.24994391001061297
4152,chexpert,Pleural Effusion,count,lr_lbfgs,4,32,auroc,0.5847034979867702
4153,chexpert,Pleural Effusion,count,lr_lbfgs,4,32,auprc,0.16356348412266503
4154,chexpert,Pleural Effusion,count,lr_lbfgs,4,32,brier,0.3344260543840147
4155,chexpert,Pleural Effusion,count,lr_lbfgs,0,48,auroc,0.5949234852842489
4156,chexpert,Pleural Effusion,count,lr_lbfgs,0,48,auprc,0.16992966653545344
4157,chexpert,Pleural Effusion,count,lr_lbfgs,0,48,brier,0.2628110610411734
4158,chexpert,Pleural Effusion,count,lr_lbfgs,1,48,auroc,0.5909795621225195
4159,chexpert,Pleural Effusion,count,lr_lbfgs,1,48,auprc,0.16280820475048607
4160,chexpert,Pleural Effusion,count,lr_lbfgs,1,48,brier,0.5063729333311621
4161,chexpert,Pleural Effusion,count,lr_lbfgs,2,48,auroc,0.5880317682868373
4162,chexpert,Pleural Effusion,count,lr_lbfgs,2,48,auprc,0.1683481918982911
4163,chexpert,Pleural Effusion,count,lr_lbfgs,2,48,brier,0.5020886665832859
4164,chexpert,Pleural Effusion,count,lr_lbfgs,3,48,auroc,0.569941660275461
4165,chexpert,Pleural Effusion,count,lr_lbfgs,3,48,auprc,0.16193847613037599
4166,chexpert,Pleural Effusion,count,lr_lbfgs,3,48,brier,0.26509098806716463
4167,chexpert,Pleural Effusion,count,lr_lbfgs,4,48,auroc,0.6350874197104784
4168,chexpert,Pleural Effusion,count,lr_lbfgs,4,48,auprc,0.19242603950198217
4169,chexpert,Pleural Effusion,count,lr_lbfgs,4,48,brier,0.23073282289612276
4170,chexpert,Pleural Effusion,count,lr_lbfgs,0,64,auroc,0.636753227558879
4171,chexpert,Pleural Effusion,count,lr_lbfgs,0,64,auprc,0.18800565550051804
4172,chexpert,Pleural Effusion,count,lr_lbfgs,0,64,brier,0.3032258862890741
4173,chexpert,Pleural Effusion,count,lr_lbfgs,1,64,auroc,0.6457107020739463
4174,chexpert,Pleural Effusion,count,lr_lbfgs,1,64,auprc,0.20220862279401278
4175,chexpert,Pleural Effusion,count,lr_lbfgs,1,64,brier,0.2618374721486033
4176,chexpert,Pleural Effusion,count,lr_lbfgs,2,64,auroc,0.5619276875019972
4177,chexpert,Pleural Effusion,count,lr_lbfgs,2,64,auprc,0.16939305162649243
4178,chexpert,Pleural Effusion,count,lr_lbfgs,2,64,brier,0.24127321171205354
4179,chexpert,Pleural Effusion,count,lr_lbfgs,3,64,auroc,0.6263548357460135
4180,chexpert,Pleural Effusion,count,lr_lbfgs,3,64,auprc,0.19662322331429952
4181,chexpert,Pleural Effusion,count,lr_lbfgs,3,64,brier,0.24593329774538705
4182,chexpert,Pleural Effusion,count,lr_lbfgs,4,64,auroc,0.6126229308471542
4183,chexpert,Pleural Effusion,count,lr_lbfgs,4,64,auprc,0.2056216076415833
4184,chexpert,Pleural Effusion,count,lr_lbfgs,4,64,brier,0.25950913116456226
4185,chexpert,Pleural Effusion,count,lr_lbfgs,0,128,auroc,0.6347280142523888
4186,chexpert,Pleural Effusion,count,lr_lbfgs,0,128,auprc,0.20479707606759273
4187,chexpert,Pleural Effusion,count,lr_lbfgs,0,128,brier,0.24873026511534313
4188,chexpert,Pleural Effusion,count,lr_lbfgs,1,128,auroc,0.6177257094238328
4189,chexpert,Pleural Effusion,count,lr_lbfgs,1,128,auprc,0.20639632754929887
4190,chexpert,Pleural Effusion,count,lr_lbfgs,1,128,brier,0.25821308892678824
4191,chexpert,Pleural Effusion,count,lr_lbfgs,2,128,auroc,0.6637958169558686
4192,chexpert,Pleural Effusion,count,lr_lbfgs,2,128,auprc,0.23681271643751078
4193,chexpert,Pleural Effusion,count,lr_lbfgs,2,128,brier,0.2356286104010248
4194,chexpert,Pleural Effusion,count,lr_lbfgs,3,128,auroc,0.6288296304285304
4195,chexpert,Pleural Effusion,count,lr_lbfgs,3,128,auprc,0.21113764098503576
4196,chexpert,Pleural Effusion,count,lr_lbfgs,3,128,brier,0.24942649191137034
4197,chexpert,Pleural Effusion,count,lr_lbfgs,4,128,auroc,0.6240552000447385
4198,chexpert,Pleural Effusion,count,lr_lbfgs,4,128,auprc,0.21748406985423507
4199,chexpert,Pleural Effusion,count,lr_lbfgs,4,128,brier,0.22963231922456373
4200,chexpert,Pleural Other,count,lr_lbfgs,0,-1,auroc,0.7350685787565341
4201,chexpert,Pleural Other,count,lr_lbfgs,0,-1,auprc,0.043470969767105856
4202,chexpert,Pleural Other,count,lr_lbfgs,0,-1,brier,0.02637719108108418
4203,chexpert,Pleural Other,count,lr_lbfgs,0,1,auroc,0.3013577602886217
4204,chexpert,Pleural Other,count,lr_lbfgs,0,1,auprc,0.010468410840994266
4205,chexpert,Pleural Other,count,lr_lbfgs,0,1,brier,0.2502825356830236
4206,chexpert,Pleural Other,count,lr_lbfgs,1,1,auroc,0.6090041668746127
4207,chexpert,Pleural Other,count,lr_lbfgs,1,1,auprc,0.021080521500187105
4208,chexpert,Pleural Other,count,lr_lbfgs,1,1,brier,0.24989150631392212
4209,chexpert,Pleural Other,count,lr_lbfgs,2,1,auroc,0.6034644875380722
4210,chexpert,Pleural Other,count,lr_lbfgs,2,1,auprc,0.018986838181032802
4211,chexpert,Pleural Other,count,lr_lbfgs,2,1,brier,0.249950307956078
4212,chexpert,Pleural Other,count,lr_lbfgs,3,1,auroc,0.6920443868705477
4213,chexpert,Pleural Other,count,lr_lbfgs,3,1,auprc,0.033410295613081724
4214,chexpert,Pleural Other,count,lr_lbfgs,3,1,brier,0.2499281646013057
4215,chexpert,Pleural Other,count,lr_lbfgs,4,1,auroc,0.6825454171973808
4216,chexpert,Pleural Other,count,lr_lbfgs,4,1,auprc,0.024475023182503733
4217,chexpert,Pleural Other,count,lr_lbfgs,4,1,brier,0.24996865958692288
4218,chexpert,Pleural Other,count,lr_lbfgs,0,2,auroc,0.7317747153672397
4219,chexpert,Pleural Other,count,lr_lbfgs,0,2,auprc,0.03559964268607389
4220,chexpert,Pleural Other,count,lr_lbfgs,0,2,brier,0.2499366872949463
4221,chexpert,Pleural Other,count,lr_lbfgs,1,2,auroc,0.640636538738336
4222,chexpert,Pleural Other,count,lr_lbfgs,1,2,auprc,0.02442131816592926
4223,chexpert,Pleural Other,count,lr_lbfgs,1,2,brier,0.2497803574761731
4224,chexpert,Pleural Other,count,lr_lbfgs,2,2,auroc,0.5872859332359786
4225,chexpert,Pleural Other,count,lr_lbfgs,2,2,auprc,0.01788639839609125
4226,chexpert,Pleural Other,count,lr_lbfgs,2,2,brier,0.24998817700120046
4227,chexpert,Pleural Other,count,lr_lbfgs,3,2,auroc,0.637399091981533
4228,chexpert,Pleural Other,count,lr_lbfgs,3,2,auprc,0.022059800217355797
4229,chexpert,Pleural Other,count,lr_lbfgs,3,2,brier,0.37077727193945925
4230,chexpert,Pleural Other,count,lr_lbfgs,4,2,auroc,0.5268333416511702
4231,chexpert,Pleural Other,count,lr_lbfgs,4,2,auprc,0.015318663525877565
4232,chexpert,Pleural Other,count,lr_lbfgs,4,2,brier,0.2500215498259589
4233,chexpert,Pleural Other,count,lr_lbfgs,0,4,auroc,0.5139522671891714
4234,chexpert,Pleural Other,count,lr_lbfgs,0,4,auprc,0.015449853034578593
4235,chexpert,Pleural Other,count,lr_lbfgs,0,4,brier,0.1985736148716539
4236,chexpert,Pleural Other,count,lr_lbfgs,1,4,auroc,0.663773144381012
4237,chexpert,Pleural Other,count,lr_lbfgs,1,4,auprc,0.02559899834476298
4238,chexpert,Pleural Other,count,lr_lbfgs,1,4,brier,0.24987826365260993
4239,chexpert,Pleural Other,count,lr_lbfgs,2,4,auroc,0.668823156279135
4240,chexpert,Pleural Other,count,lr_lbfgs,2,4,auprc,0.02631133212418452
4241,chexpert,Pleural Other,count,lr_lbfgs,2,4,brier,0.3702540250307519
4242,chexpert,Pleural Other,count,lr_lbfgs,3,4,auroc,0.5763628052374887
4243,chexpert,Pleural Other,count,lr_lbfgs,3,4,auprc,0.017979111372781378
4244,chexpert,Pleural Other,count,lr_lbfgs,3,4,brier,0.4343436745800399
4245,chexpert,Pleural Other,count,lr_lbfgs,4,4,auroc,0.46798066790059967
4246,chexpert,Pleural Other,count,lr_lbfgs,4,4,auprc,0.013510983442024676
4247,chexpert,Pleural Other,count,lr_lbfgs,4,4,brier,0.25003603705089267
4248,chexpert,Pleural Other,count,lr_lbfgs,0,8,auroc,0.5104840908712825
4249,chexpert,Pleural Other,count,lr_lbfgs,0,8,auprc,0.01495070735710272
4250,chexpert,Pleural Other,count,lr_lbfgs,0,8,brier,0.27462709248455497
4251,chexpert,Pleural Other,count,lr_lbfgs,1,8,auroc,0.6706877983119854
4252,chexpert,Pleural Other,count,lr_lbfgs,1,8,auprc,0.027562138765540044
4253,chexpert,Pleural Other,count,lr_lbfgs,1,8,brier,0.24981193879869135
4254,chexpert,Pleural Other,count,lr_lbfgs,2,8,auroc,0.6073203473817981
4255,chexpert,Pleural Other,count,lr_lbfgs,2,8,auprc,0.01956146312296441
4256,chexpert,Pleural Other,count,lr_lbfgs,2,8,brier,0.32428018083086707
4257,chexpert,Pleural Other,count,lr_lbfgs,3,8,auroc,0.41882008229595435
4258,chexpert,Pleural Other,count,lr_lbfgs,3,8,auprc,0.012386679565120604
4259,chexpert,Pleural Other,count,lr_lbfgs,3,8,brier,0.29906057469152436
4260,chexpert,Pleural Other,count,lr_lbfgs,4,8,auroc,0.5128702251095966
4261,chexpert,Pleural Other,count,lr_lbfgs,4,8,auprc,0.014835471695573336
4262,chexpert,Pleural Other,count,lr_lbfgs,4,8,brier,0.3875786821544068
4263,chexpert,Pleural Other,count,lr_lbfgs,0,12,auroc,0.5710596417833153
4264,chexpert,Pleural Other,count,lr_lbfgs,0,12,auprc,0.01760129708087153
4265,chexpert,Pleural Other,count,lr_lbfgs,0,12,brier,0.24821685576632765
4266,chexpert,Pleural Other,count,lr_lbfgs,1,12,auroc,0.6867166315509293
4267,chexpert,Pleural Other,count,lr_lbfgs,1,12,auprc,0.031871335743396276
4268,chexpert,Pleural Other,count,lr_lbfgs,1,12,brier,0.24983767019756453
4269,chexpert,Pleural Other,count,lr_lbfgs,2,12,auroc,0.6751736438851965
4270,chexpert,Pleural Other,count,lr_lbfgs,2,12,auprc,0.02571353070647305
4271,chexpert,Pleural Other,count,lr_lbfgs,2,12,brier,0.21386313839154839
4272,chexpert,Pleural Other,count,lr_lbfgs,3,12,auroc,0.4841686249747752
4273,chexpert,Pleural Other,count,lr_lbfgs,3,12,auprc,0.01416108905580711
4274,chexpert,Pleural Other,count,lr_lbfgs,3,12,brier,0.27551863096031315
4275,chexpert,Pleural Other,count,lr_lbfgs,4,12,auroc,0.6327671417959728
4276,chexpert,Pleural Other,count,lr_lbfgs,4,12,auprc,0.02176684600743255
4277,chexpert,Pleural Other,count,lr_lbfgs,4,12,brier,0.23348465690217232
4278,chexpert,Pleural Other,count,lr_lbfgs,0,16,auroc,0.7331619858943954
4279,chexpert,Pleural Other,count,lr_lbfgs,0,16,auprc,0.04356220472616675
4280,chexpert,Pleural Other,count,lr_lbfgs,0,16,brier,0.16278941125269508
4281,chexpert,Pleural Other,count,lr_lbfgs,1,16,auroc,0.6975233098336361
4282,chexpert,Pleural Other,count,lr_lbfgs,1,16,auprc,0.03445532846246861
4283,chexpert,Pleural Other,count,lr_lbfgs,1,16,brier,0.23873974185284258
4284,chexpert,Pleural Other,count,lr_lbfgs,2,16,auroc,0.6965729065632073
4285,chexpert,Pleural Other,count,lr_lbfgs,2,16,auprc,0.028259976743262923
4286,chexpert,Pleural Other,count,lr_lbfgs,2,16,brier,0.16896528657913948
4287,chexpert,Pleural Other,count,lr_lbfgs,3,16,auroc,0.65163163410776
4288,chexpert,Pleural Other,count,lr_lbfgs,3,16,auprc,0.022924657718861128
4289,chexpert,Pleural Other,count,lr_lbfgs,3,16,brier,0.2797651707074744
4290,chexpert,Pleural Other,count,lr_lbfgs,4,16,auroc,0.6334817524741948
4291,chexpert,Pleural Other,count,lr_lbfgs,4,16,auprc,0.021398309943401896
4292,chexpert,Pleural Other,count,lr_lbfgs,4,16,brier,0.24152564487442593
4293,chexpert,Pleural Other,count,lr_lbfgs,0,24,auroc,0.6882254148249891
4294,chexpert,Pleural Other,count,lr_lbfgs,0,24,auprc,0.0277679308096958
4295,chexpert,Pleural Other,count,lr_lbfgs,0,24,brier,0.16159931927391546
4296,chexpert,Pleural Other,count,lr_lbfgs,1,24,auroc,0.6650363706457029
4297,chexpert,Pleural Other,count,lr_lbfgs,1,24,auprc,0.023583763920666648
4298,chexpert,Pleural Other,count,lr_lbfgs,1,24,brier,0.5766398140532105
4299,chexpert,Pleural Other,count,lr_lbfgs,2,24,auroc,0.7044459199563712
4300,chexpert,Pleural Other,count,lr_lbfgs,2,24,auprc,0.03152507279132057
4301,chexpert,Pleural Other,count,lr_lbfgs,2,24,brier,0.1948932707542777
4302,chexpert,Pleural Other,count,lr_lbfgs,3,24,auroc,0.7343315460833476
4303,chexpert,Pleural Other,count,lr_lbfgs,3,24,auprc,0.036750444901841574
4304,chexpert,Pleural Other,count,lr_lbfgs,3,24,brier,0.1761025753971207
4305,chexpert,Pleural Other,count,lr_lbfgs,4,24,auroc,0.6330058275488203
4306,chexpert,Pleural Other,count,lr_lbfgs,4,24,auprc,0.021723902807956587
4307,chexpert,Pleural Other,count,lr_lbfgs,4,24,brier,0.4031652828546093
4308,chexpert,Pleural Other,count,lr_lbfgs,0,32,auroc,0.6934012792109773
4309,chexpert,Pleural Other,count,lr_lbfgs,0,32,auprc,0.028591600160881005
4310,chexpert,Pleural Other,count,lr_lbfgs,0,32,brier,0.16749602579220915
4311,chexpert,Pleural Other,count,lr_lbfgs,1,32,auroc,0.6213326476542615
4312,chexpert,Pleural Other,count,lr_lbfgs,1,32,auprc,0.01998955797085332
4313,chexpert,Pleural Other,count,lr_lbfgs,1,32,brier,0.5237666900410524
4314,chexpert,Pleural Other,count,lr_lbfgs,2,32,auroc,0.7361759359917139
4315,chexpert,Pleural Other,count,lr_lbfgs,2,32,auprc,0.03809026379309967
4316,chexpert,Pleural Other,count,lr_lbfgs,2,32,brier,0.24990790333050333
4317,chexpert,Pleural Other,count,lr_lbfgs,3,32,auroc,0.7259500597076027
4318,chexpert,Pleural Other,count,lr_lbfgs,3,32,auprc,0.03450299369835085
4319,chexpert,Pleural Other,count,lr_lbfgs,3,32,brier,0.2071708763994143
4320,chexpert,Pleural Other,count,lr_lbfgs,4,32,auroc,0.584036190546453
4321,chexpert,Pleural Other,count,lr_lbfgs,4,32,auprc,0.018004865017058606
4322,chexpert,Pleural Other,count,lr_lbfgs,4,32,brier,0.30885205126849885
4323,chexpert,Pleural Other,count,lr_lbfgs,0,48,auroc,0.6868735855156806
4324,chexpert,Pleural Other,count,lr_lbfgs,0,48,auprc,0.030674154634333397
4325,chexpert,Pleural Other,count,lr_lbfgs,0,48,brier,0.2415353380107994
4326,chexpert,Pleural Other,count,lr_lbfgs,1,48,auroc,0.6624802632197551
4327,chexpert,Pleural Other,count,lr_lbfgs,1,48,auprc,0.02361953360518853
4328,chexpert,Pleural Other,count,lr_lbfgs,1,48,brier,0.4475070507299123
4329,chexpert,Pleural Other,count,lr_lbfgs,2,48,auroc,0.734650517043971
4330,chexpert,Pleural Other,count,lr_lbfgs,2,48,auprc,0.03402761905646881
4331,chexpert,Pleural Other,count,lr_lbfgs,2,48,brier,0.1949930150139881
4332,chexpert,Pleural Other,count,lr_lbfgs,3,48,auroc,0.6504747314966103
4333,chexpert,Pleural Other,count,lr_lbfgs,3,48,auprc,0.022133435972234237
4334,chexpert,Pleural Other,count,lr_lbfgs,3,48,brier,0.31869809104433416
4335,chexpert,Pleural Other,count,lr_lbfgs,4,48,auroc,0.5697128755051277
4336,chexpert,Pleural Other,count,lr_lbfgs,4,48,auprc,0.017066304064438636
4337,chexpert,Pleural Other,count,lr_lbfgs,4,48,brier,0.36615872354389395
4338,chexpert,Pleural Other,count,lr_lbfgs,0,64,auroc,0.6714653352341399
4339,chexpert,Pleural Other,count,lr_lbfgs,0,64,auprc,0.026014458341772125
4340,chexpert,Pleural Other,count,lr_lbfgs,0,64,brier,0.20292615588236942
4341,chexpert,Pleural Other,count,lr_lbfgs,1,64,auroc,0.7230959567356758
4342,chexpert,Pleural Other,count,lr_lbfgs,1,64,auprc,0.030290778550063922
4343,chexpert,Pleural Other,count,lr_lbfgs,1,64,brier,0.2143685455831206
4344,chexpert,Pleural Other,count,lr_lbfgs,2,64,auroc,0.7293133589522709
4345,chexpert,Pleural Other,count,lr_lbfgs,2,64,auprc,0.03358741926225425
4346,chexpert,Pleural Other,count,lr_lbfgs,2,64,brier,0.17451261871440346
4347,chexpert,Pleural Other,count,lr_lbfgs,3,64,auroc,0.6762426667418888
4348,chexpert,Pleural Other,count,lr_lbfgs,3,64,auprc,0.025039405578753674
4349,chexpert,Pleural Other,count,lr_lbfgs,3,64,brier,0.2528274752117466
4350,chexpert,Pleural Other,count,lr_lbfgs,4,64,auroc,0.6171408195311489
4351,chexpert,Pleural Other,count,lr_lbfgs,4,64,auprc,0.020187289318601635
4352,chexpert,Pleural Other,count,lr_lbfgs,4,64,brier,0.3536645855723093
4353,chexpert,Pleural Other,count,lr_lbfgs,0,128,auroc,0.6890890232762006
4354,chexpert,Pleural Other,count,lr_lbfgs,0,128,auprc,0.0289833408188672
4355,chexpert,Pleural Other,count,lr_lbfgs,0,128,brier,0.16182159482766936
4356,chexpert,Pleural Other,count,lr_lbfgs,1,128,auroc,0.7357651071807524
4357,chexpert,Pleural Other,count,lr_lbfgs,1,128,auprc,0.03299793926463408
4358,chexpert,Pleural Other,count,lr_lbfgs,1,128,brier,0.20960328347070115
4359,chexpert,Pleural Other,count,lr_lbfgs,2,128,auroc,0.74149211866877
4360,chexpert,Pleural Other,count,lr_lbfgs,2,128,auprc,0.037777170879521114
4361,chexpert,Pleural Other,count,lr_lbfgs,2,128,brier,0.1307331657319396
4362,chexpert,Pleural Other,count,lr_lbfgs,3,128,auroc,0.6912075401552615
4363,chexpert,Pleural Other,count,lr_lbfgs,3,128,auprc,0.026387257189952593
4364,chexpert,Pleural Other,count,lr_lbfgs,3,128,brier,0.1663422386008888
4365,chexpert,Pleural Other,count,lr_lbfgs,4,128,auroc,0.7437350414553756
4366,chexpert,Pleural Other,count,lr_lbfgs,4,128,auprc,0.03211223156180652
4367,chexpert,Pleural Other,count,lr_lbfgs,4,128,brier,0.16216363277991064
4368,chexpert,Fracture,count,lr_lbfgs,0,-1,auroc,0.6695123281693214
4369,chexpert,Fracture,count,lr_lbfgs,0,-1,auprc,0.061297473528479446
4370,chexpert,Fracture,count,lr_lbfgs,0,-1,brier,0.028829757781038863
4371,chexpert,Fracture,count,lr_lbfgs,0,1,auroc,0.6239847977840443
4372,chexpert,Fracture,count,lr_lbfgs,0,1,auprc,0.07488698977876064
4373,chexpert,Fracture,count,lr_lbfgs,0,1,brier,0.24959744664242114
4374,chexpert,Fracture,count,lr_lbfgs,1,1,auroc,0.6299371390785395
4375,chexpert,Fracture,count,lr_lbfgs,1,1,auprc,0.06852539925312354
4376,chexpert,Fracture,count,lr_lbfgs,1,1,brier,0.24980729389438566
4377,chexpert,Fracture,count,lr_lbfgs,2,1,auroc,0.6292034285352606
4378,chexpert,Fracture,count,lr_lbfgs,2,1,auprc,0.050158106634086444
4379,chexpert,Fracture,count,lr_lbfgs,2,1,brier,0.24984849484667143
4380,chexpert,Fracture,count,lr_lbfgs,3,1,auroc,0.6028687582552846
4381,chexpert,Fracture,count,lr_lbfgs,3,1,auprc,0.04773792042339929
4382,chexpert,Fracture,count,lr_lbfgs,3,1,brier,0.24981230558483328
4383,chexpert,Fracture,count,lr_lbfgs,4,1,auroc,0.5257779330516196
4384,chexpert,Fracture,count,lr_lbfgs,4,1,auprc,0.0286121546732621
4385,chexpert,Fracture,count,lr_lbfgs,4,1,brier,0.2500112031222873
4386,chexpert,Fracture,count,lr_lbfgs,0,2,auroc,0.4499073909053205
4387,chexpert,Fracture,count,lr_lbfgs,0,2,auprc,0.02542154533269252
4388,chexpert,Fracture,count,lr_lbfgs,0,2,brier,0.6039569415792103
4389,chexpert,Fracture,count,lr_lbfgs,1,2,auroc,0.6593399020275729
4390,chexpert,Fracture,count,lr_lbfgs,1,2,auprc,0.07141787978302017
4391,chexpert,Fracture,count,lr_lbfgs,1,2,brier,0.36787216984347954
4392,chexpert,Fracture,count,lr_lbfgs,2,2,auroc,0.6306760547193162
4393,chexpert,Fracture,count,lr_lbfgs,2,2,auprc,0.04589896092338551
4394,chexpert,Fracture,count,lr_lbfgs,2,2,brier,0.249835911290267
4395,chexpert,Fracture,count,lr_lbfgs,3,2,auroc,0.6010321916541883
4396,chexpert,Fracture,count,lr_lbfgs,3,2,auprc,0.035863385945275425
4397,chexpert,Fracture,count,lr_lbfgs,3,2,brier,0.37023406636394124
4398,chexpert,Fracture,count,lr_lbfgs,4,2,auroc,0.4171621225471499
4399,chexpert,Fracture,count,lr_lbfgs,4,2,auprc,0.023923611798644148
4400,chexpert,Fracture,count,lr_lbfgs,4,2,brier,0.2500752895433614
4401,chexpert,Fracture,count,lr_lbfgs,0,4,auroc,0.4792189605461938
4402,chexpert,Fracture,count,lr_lbfgs,0,4,auprc,0.02452473719586548
4403,chexpert,Fracture,count,lr_lbfgs,0,4,brier,0.18646712274155014
4404,chexpert,Fracture,count,lr_lbfgs,1,4,auroc,0.6101613080534933
4405,chexpert,Fracture,count,lr_lbfgs,1,4,auprc,0.05389456510963506
4406,chexpert,Fracture,count,lr_lbfgs,1,4,brier,0.29079472998962486
4407,chexpert,Fracture,count,lr_lbfgs,2,4,auroc,0.6163799421359721
4408,chexpert,Fracture,count,lr_lbfgs,2,4,auprc,0.03785585430296529
4409,chexpert,Fracture,count,lr_lbfgs,2,4,brier,0.2116225662151053
4410,chexpert,Fracture,count,lr_lbfgs,3,4,auroc,0.48587482281848116
4411,chexpert,Fracture,count,lr_lbfgs,3,4,auprc,0.025174734284378164
4412,chexpert,Fracture,count,lr_lbfgs,3,4,brier,0.46646942318533424
4413,chexpert,Fracture,count,lr_lbfgs,4,4,auroc,0.41047211483527735
4414,chexpert,Fracture,count,lr_lbfgs,4,4,auprc,0.02405337182378783
4415,chexpert,Fracture,count,lr_lbfgs,4,4,brier,0.25012602172597576
4416,chexpert,Fracture,count,lr_lbfgs,0,8,auroc,0.5983723868328521
4417,chexpert,Fracture,count,lr_lbfgs,0,8,auprc,0.03595238867383698
4418,chexpert,Fracture,count,lr_lbfgs,0,8,brier,0.2032255492282639
4419,chexpert,Fracture,count,lr_lbfgs,1,8,auroc,0.6385378339798758
4420,chexpert,Fracture,count,lr_lbfgs,1,8,auprc,0.07305440146298449
4421,chexpert,Fracture,count,lr_lbfgs,1,8,brier,0.21824269385993214
4422,chexpert,Fracture,count,lr_lbfgs,2,8,auroc,0.6222704468721945
4423,chexpert,Fracture,count,lr_lbfgs,2,8,auprc,0.04155096760968325
4424,chexpert,Fracture,count,lr_lbfgs,2,8,brier,0.2858130070869294
4425,chexpert,Fracture,count,lr_lbfgs,3,8,auroc,0.3876479705116653
4426,chexpert,Fracture,count,lr_lbfgs,3,8,auprc,0.020803762195192293
4427,chexpert,Fracture,count,lr_lbfgs,3,8,brier,0.532696380448286
4428,chexpert,Fracture,count,lr_lbfgs,4,8,auroc,0.6952790182103459
4429,chexpert,Fracture,count,lr_lbfgs,4,8,auprc,0.049143407785670085
4430,chexpert,Fracture,count,lr_lbfgs,4,8,brier,0.18520593889185155
4431,chexpert,Fracture,count,lr_lbfgs,0,12,auroc,0.6115387850552907
4432,chexpert,Fracture,count,lr_lbfgs,0,12,auprc,0.03629760302510621
4433,chexpert,Fracture,count,lr_lbfgs,0,12,brier,0.1742103888166906
4434,chexpert,Fracture,count,lr_lbfgs,1,12,auroc,0.5645750641684419
4435,chexpert,Fracture,count,lr_lbfgs,1,12,auprc,0.03780822540471011
4436,chexpert,Fracture,count,lr_lbfgs,1,12,brier,0.20819504740619776
4437,chexpert,Fracture,count,lr_lbfgs,2,12,auroc,0.5376405584528285
4438,chexpert,Fracture,count,lr_lbfgs,2,12,auprc,0.028945292136628418
4439,chexpert,Fracture,count,lr_lbfgs,2,12,brier,0.18884962506823416
4440,chexpert,Fracture,count,lr_lbfgs,3,12,auroc,0.4656661358855245
4441,chexpert,Fracture,count,lr_lbfgs,3,12,auprc,0.02581882825195699
4442,chexpert,Fracture,count,lr_lbfgs,3,12,brier,0.25004571031930317
4443,chexpert,Fracture,count,lr_lbfgs,4,12,auroc,0.5925085321958182
4444,chexpert,Fracture,count,lr_lbfgs,4,12,auprc,0.035054989079414775
4445,chexpert,Fracture,count,lr_lbfgs,4,12,brier,0.24078171005993887
4446,chexpert,Fracture,count,lr_lbfgs,0,16,auroc,0.6508734986416778
4447,chexpert,Fracture,count,lr_lbfgs,0,16,auprc,0.047122714382334945
4448,chexpert,Fracture,count,lr_lbfgs,0,16,brier,0.1491989987829679
4449,chexpert,Fracture,count,lr_lbfgs,1,16,auroc,0.5948554065555912
4450,chexpert,Fracture,count,lr_lbfgs,1,16,auprc,0.03976420128378318
4451,chexpert,Fracture,count,lr_lbfgs,1,16,brier,0.2174811004794861
4452,chexpert,Fracture,count,lr_lbfgs,2,16,auroc,0.6196054369533607
4453,chexpert,Fracture,count,lr_lbfgs,2,16,auprc,0.04391286495877211
4454,chexpert,Fracture,count,lr_lbfgs,2,16,brier,0.16606980624699555
4455,chexpert,Fracture,count,lr_lbfgs,3,16,auroc,0.5288164607668899
4456,chexpert,Fracture,count,lr_lbfgs,3,16,auprc,0.029909197927555142
4457,chexpert,Fracture,count,lr_lbfgs,3,16,brier,0.27875111942107744
4458,chexpert,Fracture,count,lr_lbfgs,4,16,auroc,0.6852121514458511
4459,chexpert,Fracture,count,lr_lbfgs,4,16,auprc,0.053704728532844595
4460,chexpert,Fracture,count,lr_lbfgs,4,16,brier,0.24996212150573793
4461,chexpert,Fracture,count,lr_lbfgs,0,24,auroc,0.6420215016331514
4462,chexpert,Fracture,count,lr_lbfgs,0,24,auprc,0.03976818731884012
4463,chexpert,Fracture,count,lr_lbfgs,0,24,brier,0.16566721029131215
4464,chexpert,Fracture,count,lr_lbfgs,1,24,auroc,0.6335834139776438
4465,chexpert,Fracture,count,lr_lbfgs,1,24,auprc,0.05710023261764631
4466,chexpert,Fracture,count,lr_lbfgs,1,24,brier,0.1940115816318515
4467,chexpert,Fracture,count,lr_lbfgs,2,24,auroc,0.6199023357146307
4468,chexpert,Fracture,count,lr_lbfgs,2,24,auprc,0.04092144863494047
4469,chexpert,Fracture,count,lr_lbfgs,2,24,brier,0.11917300624211527
4470,chexpert,Fracture,count,lr_lbfgs,3,24,auroc,0.6254934432427841
4471,chexpert,Fracture,count,lr_lbfgs,3,24,auprc,0.03716617932888706
4472,chexpert,Fracture,count,lr_lbfgs,3,24,brier,0.15459397068417455
4473,chexpert,Fracture,count,lr_lbfgs,4,24,auroc,0.6843262438517388
4474,chexpert,Fracture,count,lr_lbfgs,4,24,auprc,0.04906800558954216
4475,chexpert,Fracture,count,lr_lbfgs,4,24,brier,0.22327773851317054
4476,chexpert,Fracture,count,lr_lbfgs,0,32,auroc,0.6644783742773244
4477,chexpert,Fracture,count,lr_lbfgs,0,32,auprc,0.04525458884887897
4478,chexpert,Fracture,count,lr_lbfgs,0,32,brier,0.1670474581877787
4479,chexpert,Fracture,count,lr_lbfgs,1,32,auroc,0.6210053999763481
4480,chexpert,Fracture,count,lr_lbfgs,1,32,auprc,0.03953309890055315
4481,chexpert,Fracture,count,lr_lbfgs,1,32,brier,0.24834023878084333
4482,chexpert,Fracture,count,lr_lbfgs,2,32,auroc,0.6308055575450595
4483,chexpert,Fracture,count,lr_lbfgs,2,32,auprc,0.04342803827442576
4484,chexpert,Fracture,count,lr_lbfgs,2,32,brier,0.23493713488041848
4485,chexpert,Fracture,count,lr_lbfgs,3,32,auroc,0.6558710168511908
4486,chexpert,Fracture,count,lr_lbfgs,3,32,auprc,0.04205401463911617
4487,chexpert,Fracture,count,lr_lbfgs,3,32,brier,0.1449312626420727
4488,chexpert,Fracture,count,lr_lbfgs,4,32,auroc,0.6937276909521248
4489,chexpert,Fracture,count,lr_lbfgs,4,32,auprc,0.04958178348772932
4490,chexpert,Fracture,count,lr_lbfgs,4,32,brier,0.28316411116340795
4491,chexpert,Fracture,count,lr_lbfgs,0,48,auroc,0.6875198834724413
4492,chexpert,Fracture,count,lr_lbfgs,0,48,auprc,0.05677825485592044
4493,chexpert,Fracture,count,lr_lbfgs,0,48,brier,0.15308273433822894
4494,chexpert,Fracture,count,lr_lbfgs,1,48,auroc,0.5712854758625056
4495,chexpert,Fracture,count,lr_lbfgs,1,48,auprc,0.03576861244173192
4496,chexpert,Fracture,count,lr_lbfgs,1,48,brier,0.22103858429926435
4497,chexpert,Fracture,count,lr_lbfgs,2,48,auroc,0.632230505036036
4498,chexpert,Fracture,count,lr_lbfgs,2,48,auprc,0.041459739470387676
4499,chexpert,Fracture,count,lr_lbfgs,2,48,brier,0.22238634880186423
4500,chexpert,Fracture,count,lr_lbfgs,3,48,auroc,0.6561887360024518
4501,chexpert,Fracture,count,lr_lbfgs,3,48,auprc,0.04491829061532903
4502,chexpert,Fracture,count,lr_lbfgs,3,48,brier,0.12667208809009992
4503,chexpert,Fracture,count,lr_lbfgs,4,48,auroc,0.6919146513917181
4504,chexpert,Fracture,count,lr_lbfgs,4,48,auprc,0.0588869221587677
4505,chexpert,Fracture,count,lr_lbfgs,4,48,brier,0.2483390853735787
4506,chexpert,Fracture,count,lr_lbfgs,0,64,auroc,0.6449142866184856
4507,chexpert,Fracture,count,lr_lbfgs,0,64,auprc,0.039829157999565594
4508,chexpert,Fracture,count,lr_lbfgs,0,64,brier,0.16809835130468476
4509,chexpert,Fracture,count,lr_lbfgs,1,64,auroc,0.6553228159827308
4510,chexpert,Fracture,count,lr_lbfgs,1,64,auprc,0.04439899249055477
4511,chexpert,Fracture,count,lr_lbfgs,1,64,brier,0.26229842799540826
4512,chexpert,Fracture,count,lr_lbfgs,2,64,auroc,0.6021975088819784
4513,chexpert,Fracture,count,lr_lbfgs,2,64,auprc,0.03522020505983494
4514,chexpert,Fracture,count,lr_lbfgs,2,64,brier,0.20202020651873212
4515,chexpert,Fracture,count,lr_lbfgs,3,64,auroc,0.6734763222196868
4516,chexpert,Fracture,count,lr_lbfgs,3,64,auprc,0.05109880109425449
4517,chexpert,Fracture,count,lr_lbfgs,3,64,brier,0.1274290735711062
4518,chexpert,Fracture,count,lr_lbfgs,4,64,auroc,0.6644767086461251
4519,chexpert,Fracture,count,lr_lbfgs,4,64,auprc,0.05135517625390137
4520,chexpert,Fracture,count,lr_lbfgs,4,64,brier,0.1879221819006307
4521,chexpert,Fracture,count,lr_lbfgs,0,128,auroc,0.6498841137093107
4522,chexpert,Fracture,count,lr_lbfgs,0,128,auprc,0.04299384546303094
4523,chexpert,Fracture,count,lr_lbfgs,0,128,brier,0.15511734862919166
4524,chexpert,Fracture,count,lr_lbfgs,1,128,auroc,0.6891376277747334
4525,chexpert,Fracture,count,lr_lbfgs,1,128,auprc,0.05813055553506225
4526,chexpert,Fracture,count,lr_lbfgs,1,128,brier,0.20472517379029162
4527,chexpert,Fracture,count,lr_lbfgs,2,128,auroc,0.6388830360459248
4528,chexpert,Fracture,count,lr_lbfgs,2,128,auprc,0.04495187472203194
4529,chexpert,Fracture,count,lr_lbfgs,2,128,brier,0.14930823048920874
4530,chexpert,Fracture,count,lr_lbfgs,3,128,auroc,0.6158257033544147
4531,chexpert,Fracture,count,lr_lbfgs,3,128,auprc,0.04010513860939001
4532,chexpert,Fracture,count,lr_lbfgs,3,128,brier,0.1510108223941528
4533,chexpert,Fracture,count,lr_lbfgs,4,128,auroc,0.7102728220622847
4534,chexpert,Fracture,count,lr_lbfgs,4,128,auprc,0.06191649516344826
4535,chexpert,Fracture,count,lr_lbfgs,4,128,brier,0.164963260092611
4536,chexpert,Support Devices,count,lr_lbfgs,0,-1,auroc,0.6495453993790357
4537,chexpert,Support Devices,count,lr_lbfgs,0,-1,auprc,0.3627309325969797
4538,chexpert,Support Devices,count,lr_lbfgs,0,-1,brier,0.17714555213000008
4539,chexpert,Support Devices,count,lr_lbfgs,0,1,auroc,0.494254281996488
4540,chexpert,Support Devices,count,lr_lbfgs,0,1,auprc,0.23784428044438502
4541,chexpert,Support Devices,count,lr_lbfgs,0,1,brier,0.24990263800853463
4542,chexpert,Support Devices,count,lr_lbfgs,1,1,auroc,0.4747772009899788
4543,chexpert,Support Devices,count,lr_lbfgs,1,1,auprc,0.22376084039256636
4544,chexpert,Support Devices,count,lr_lbfgs,1,1,brier,0.24997498159080742
4545,chexpert,Support Devices,count,lr_lbfgs,2,1,auroc,0.5201248995656936
4546,chexpert,Support Devices,count,lr_lbfgs,2,1,auprc,0.24293085165158143
4547,chexpert,Support Devices,count,lr_lbfgs,2,1,brier,0.2500063641211017
4548,chexpert,Support Devices,count,lr_lbfgs,3,1,auroc,0.5053017330774915
4549,chexpert,Support Devices,count,lr_lbfgs,3,1,auprc,0.22991325887856848
4550,chexpert,Support Devices,count,lr_lbfgs,3,1,brier,0.25011608933270557
4551,chexpert,Support Devices,count,lr_lbfgs,4,1,auroc,0.4723046811988515
4552,chexpert,Support Devices,count,lr_lbfgs,4,1,auprc,0.21831037648037746
4553,chexpert,Support Devices,count,lr_lbfgs,4,1,brier,0.2499085602786209
4554,chexpert,Support Devices,count,lr_lbfgs,0,2,auroc,0.5097733833341271
4555,chexpert,Support Devices,count,lr_lbfgs,0,2,auprc,0.2400775415546186
4556,chexpert,Support Devices,count,lr_lbfgs,0,2,brier,0.24987092275981834
4557,chexpert,Support Devices,count,lr_lbfgs,1,2,auroc,0.4796040391874308
4558,chexpert,Support Devices,count,lr_lbfgs,1,2,auprc,0.22207353922901035
4559,chexpert,Support Devices,count,lr_lbfgs,1,2,brier,0.2500750769018761
4560,chexpert,Support Devices,count,lr_lbfgs,2,2,auroc,0.5552526489308259
4561,chexpert,Support Devices,count,lr_lbfgs,2,2,auprc,0.26309064767968376
4562,chexpert,Support Devices,count,lr_lbfgs,2,2,brier,0.42666583811120284
4563,chexpert,Support Devices,count,lr_lbfgs,3,2,auroc,0.5407284425346777
4564,chexpert,Support Devices,count,lr_lbfgs,3,2,auprc,0.2551545311907017
4565,chexpert,Support Devices,count,lr_lbfgs,3,2,brier,0.26579524481405875
4566,chexpert,Support Devices,count,lr_lbfgs,4,2,auroc,0.4752131972598909
4567,chexpert,Support Devices,count,lr_lbfgs,4,2,auprc,0.21990756594267521
4568,chexpert,Support Devices,count,lr_lbfgs,4,2,brier,0.24989631264194445
4569,chexpert,Support Devices,count,lr_lbfgs,0,4,auroc,0.5243283153306919
4570,chexpert,Support Devices,count,lr_lbfgs,0,4,auprc,0.24704007399510555
4571,chexpert,Support Devices,count,lr_lbfgs,0,4,brier,0.24994749254704132
4572,chexpert,Support Devices,count,lr_lbfgs,1,4,auroc,0.4703435275754583
4573,chexpert,Support Devices,count,lr_lbfgs,1,4,auprc,0.22274297359868994
4574,chexpert,Support Devices,count,lr_lbfgs,1,4,brier,0.40752851180962013
4575,chexpert,Support Devices,count,lr_lbfgs,2,4,auroc,0.6035207851005419
4576,chexpert,Support Devices,count,lr_lbfgs,2,4,auprc,0.31058210267475983
4577,chexpert,Support Devices,count,lr_lbfgs,2,4,brier,0.24997685087447596
4578,chexpert,Support Devices,count,lr_lbfgs,3,4,auroc,0.5080401522146245
4579,chexpert,Support Devices,count,lr_lbfgs,3,4,auprc,0.24569659311930844
4580,chexpert,Support Devices,count,lr_lbfgs,3,4,brier,0.3109653588626761
4581,chexpert,Support Devices,count,lr_lbfgs,4,4,auroc,0.5043075448248102
4582,chexpert,Support Devices,count,lr_lbfgs,4,4,auprc,0.2339756654278001
4583,chexpert,Support Devices,count,lr_lbfgs,4,4,brier,0.24989875703332903
4584,chexpert,Support Devices,count,lr_lbfgs,0,8,auroc,0.537346383520017
4585,chexpert,Support Devices,count,lr_lbfgs,0,8,auprc,0.2518993515912118
4586,chexpert,Support Devices,count,lr_lbfgs,0,8,brier,0.24993855341905588
4587,chexpert,Support Devices,count,lr_lbfgs,1,8,auroc,0.41409662894075033
4588,chexpert,Support Devices,count,lr_lbfgs,1,8,auprc,0.2036432818737382
4589,chexpert,Support Devices,count,lr_lbfgs,1,8,brier,0.4110598502588328
4590,chexpert,Support Devices,count,lr_lbfgs,2,8,auroc,0.5692393723988859
4591,chexpert,Support Devices,count,lr_lbfgs,2,8,auprc,0.2807227103660602
4592,chexpert,Support Devices,count,lr_lbfgs,2,8,brier,0.2499551433366595
4593,chexpert,Support Devices,count,lr_lbfgs,3,8,auroc,0.5407008202199031
4594,chexpert,Support Devices,count,lr_lbfgs,3,8,auprc,0.25148880466694284
4595,chexpert,Support Devices,count,lr_lbfgs,3,8,brier,0.42084188562852604
4596,chexpert,Support Devices,count,lr_lbfgs,4,8,auroc,0.5237084570678867
4597,chexpert,Support Devices,count,lr_lbfgs,4,8,auprc,0.24556560381155895
4598,chexpert,Support Devices,count,lr_lbfgs,4,8,brier,0.27753920206093746
4599,chexpert,Support Devices,count,lr_lbfgs,0,12,auroc,0.5520758062013479
4600,chexpert,Support Devices,count,lr_lbfgs,0,12,auprc,0.26527643748963325
4601,chexpert,Support Devices,count,lr_lbfgs,0,12,brier,0.2499535197674672
4602,chexpert,Support Devices,count,lr_lbfgs,1,12,auroc,0.48083960775698503
4603,chexpert,Support Devices,count,lr_lbfgs,1,12,auprc,0.22570285804063323
4604,chexpert,Support Devices,count,lr_lbfgs,1,12,brier,0.3159806450006428
4605,chexpert,Support Devices,count,lr_lbfgs,2,12,auroc,0.5837394899243075
4606,chexpert,Support Devices,count,lr_lbfgs,2,12,auprc,0.3016515222858454
4607,chexpert,Support Devices,count,lr_lbfgs,2,12,brier,0.2499737131225682
4608,chexpert,Support Devices,count,lr_lbfgs,3,12,auroc,0.5836905440428438
4609,chexpert,Support Devices,count,lr_lbfgs,3,12,auprc,0.28783226601275674
4610,chexpert,Support Devices,count,lr_lbfgs,3,12,brier,0.2500069730027728
4611,chexpert,Support Devices,count,lr_lbfgs,4,12,auroc,0.5243154720297177
4612,chexpert,Support Devices,count,lr_lbfgs,4,12,auprc,0.2485319348446683
4613,chexpert,Support Devices,count,lr_lbfgs,4,12,brier,0.25312474858126227
4614,chexpert,Support Devices,count,lr_lbfgs,0,16,auroc,0.582672051840233
4615,chexpert,Support Devices,count,lr_lbfgs,0,16,auprc,0.2856899647039705
4616,chexpert,Support Devices,count,lr_lbfgs,0,16,brier,0.29289407990366956
4617,chexpert,Support Devices,count,lr_lbfgs,1,16,auroc,0.46275685449738296
4618,chexpert,Support Devices,count,lr_lbfgs,1,16,auprc,0.21876658618962969
4619,chexpert,Support Devices,count,lr_lbfgs,1,16,brier,0.3725329397712129
4620,chexpert,Support Devices,count,lr_lbfgs,2,16,auroc,0.5762124552366408
4621,chexpert,Support Devices,count,lr_lbfgs,2,16,auprc,0.29827833476229865
4622,chexpert,Support Devices,count,lr_lbfgs,2,16,brier,0.24995886961525018
4623,chexpert,Support Devices,count,lr_lbfgs,3,16,auroc,0.5734966501414145
4624,chexpert,Support Devices,count,lr_lbfgs,3,16,auprc,0.27686255413217337
4625,chexpert,Support Devices,count,lr_lbfgs,3,16,brier,0.29262935627683356
4626,chexpert,Support Devices,count,lr_lbfgs,4,16,auroc,0.516360982789055
4627,chexpert,Support Devices,count,lr_lbfgs,4,16,auprc,0.24635455571507997
4628,chexpert,Support Devices,count,lr_lbfgs,4,16,brier,0.24998261138430927
4629,chexpert,Support Devices,count,lr_lbfgs,0,24,auroc,0.5806324250333758
4630,chexpert,Support Devices,count,lr_lbfgs,0,24,auprc,0.2780274906920208
4631,chexpert,Support Devices,count,lr_lbfgs,0,24,brier,0.2606701672301685
4632,chexpert,Support Devices,count,lr_lbfgs,1,24,auroc,0.4933411786033064
4633,chexpert,Support Devices,count,lr_lbfgs,1,24,auprc,0.23197778054055335
4634,chexpert,Support Devices,count,lr_lbfgs,1,24,brier,0.2499783507684869
4635,chexpert,Support Devices,count,lr_lbfgs,2,24,auroc,0.5697025915507672
4636,chexpert,Support Devices,count,lr_lbfgs,2,24,auprc,0.28457082836999037
4637,chexpert,Support Devices,count,lr_lbfgs,2,24,brier,0.24973705542912852
4638,chexpert,Support Devices,count,lr_lbfgs,3,24,auroc,0.5750394132639345
4639,chexpert,Support Devices,count,lr_lbfgs,3,24,auprc,0.283342401598228
4640,chexpert,Support Devices,count,lr_lbfgs,3,24,brier,0.3979446863131008
4641,chexpert,Support Devices,count,lr_lbfgs,4,24,auroc,0.4596612502554066
4642,chexpert,Support Devices,count,lr_lbfgs,4,24,auprc,0.215774604341358
4643,chexpert,Support Devices,count,lr_lbfgs,4,24,brier,0.249989780884477
4644,chexpert,Support Devices,count,lr_lbfgs,0,32,auroc,0.5381435284972262
4645,chexpert,Support Devices,count,lr_lbfgs,0,32,auprc,0.2544131203926893
4646,chexpert,Support Devices,count,lr_lbfgs,0,32,brier,0.24995725782373848
4647,chexpert,Support Devices,count,lr_lbfgs,1,32,auroc,0.5048944959695694
4648,chexpert,Support Devices,count,lr_lbfgs,1,32,auprc,0.23905564756455983
4649,chexpert,Support Devices,count,lr_lbfgs,1,32,brier,0.24815302402202624
4650,chexpert,Support Devices,count,lr_lbfgs,2,32,auroc,0.5696477770796239
4651,chexpert,Support Devices,count,lr_lbfgs,2,32,auprc,0.27179050156552254
4652,chexpert,Support Devices,count,lr_lbfgs,2,32,brier,0.2641402830336044
4653,chexpert,Support Devices,count,lr_lbfgs,3,32,auroc,0.5338037832431792
4654,chexpert,Support Devices,count,lr_lbfgs,3,32,auprc,0.2551835524158943
4655,chexpert,Support Devices,count,lr_lbfgs,3,32,brier,0.24991756221305125
4656,chexpert,Support Devices,count,lr_lbfgs,4,32,auroc,0.49069447538341715
4657,chexpert,Support Devices,count,lr_lbfgs,4,32,auprc,0.22828455446905052
4658,chexpert,Support Devices,count,lr_lbfgs,4,32,brier,0.24992376548188439
4659,chexpert,Support Devices,count,lr_lbfgs,0,48,auroc,0.6011480313339673
4660,chexpert,Support Devices,count,lr_lbfgs,0,48,auprc,0.3033633844947513
4661,chexpert,Support Devices,count,lr_lbfgs,0,48,brier,0.26187711090584886
4662,chexpert,Support Devices,count,lr_lbfgs,1,48,auroc,0.5599082840827563
4663,chexpert,Support Devices,count,lr_lbfgs,1,48,auprc,0.29264897401346185
4664,chexpert,Support Devices,count,lr_lbfgs,1,48,brier,0.38302822277540327
4665,chexpert,Support Devices,count,lr_lbfgs,2,48,auroc,0.5401030843893978
4666,chexpert,Support Devices,count,lr_lbfgs,2,48,auprc,0.2665825053093441
4667,chexpert,Support Devices,count,lr_lbfgs,2,48,brier,0.24902348174102606
4668,chexpert,Support Devices,count,lr_lbfgs,3,48,auroc,0.573446751766338
4669,chexpert,Support Devices,count,lr_lbfgs,3,48,auprc,0.28178110557083935
4670,chexpert,Support Devices,count,lr_lbfgs,3,48,brier,0.25022970219215473
4671,chexpert,Support Devices,count,lr_lbfgs,4,48,auroc,0.5061210619382016
4672,chexpert,Support Devices,count,lr_lbfgs,4,48,auprc,0.24599886420681405
4673,chexpert,Support Devices,count,lr_lbfgs,4,48,brier,0.24998566266298153
4674,chexpert,Support Devices,count,lr_lbfgs,0,64,auroc,0.5757307085477085
4675,chexpert,Support Devices,count,lr_lbfgs,0,64,auprc,0.28067826392418743
4676,chexpert,Support Devices,count,lr_lbfgs,0,64,brier,0.30902260565627376
4677,chexpert,Support Devices,count,lr_lbfgs,1,64,auroc,0.55583554429633
4678,chexpert,Support Devices,count,lr_lbfgs,1,64,auprc,0.2844760861152755
4679,chexpert,Support Devices,count,lr_lbfgs,1,64,brier,0.42636385938861976
4680,chexpert,Support Devices,count,lr_lbfgs,2,64,auroc,0.5887772286430192
4681,chexpert,Support Devices,count,lr_lbfgs,2,64,auprc,0.3137385447279755
4682,chexpert,Support Devices,count,lr_lbfgs,2,64,brier,0.2477131974508523
4683,chexpert,Support Devices,count,lr_lbfgs,3,64,auroc,0.5832730445843824
4684,chexpert,Support Devices,count,lr_lbfgs,3,64,auprc,0.2915841121783774
4685,chexpert,Support Devices,count,lr_lbfgs,3,64,brier,0.24853301019375829
4686,chexpert,Support Devices,count,lr_lbfgs,4,64,auroc,0.5161620652519576
4687,chexpert,Support Devices,count,lr_lbfgs,4,64,auprc,0.24096380759729433
4688,chexpert,Support Devices,count,lr_lbfgs,4,64,brier,0.2802342945095465
4689,chexpert,Support Devices,count,lr_lbfgs,0,128,auroc,0.5813098630713618
4690,chexpert,Support Devices,count,lr_lbfgs,0,128,auprc,0.3264904974086714
4691,chexpert,Support Devices,count,lr_lbfgs,0,128,brier,0.2486634436672308
4692,chexpert,Support Devices,count,lr_lbfgs,1,128,auroc,0.5987205859986511
4693,chexpert,Support Devices,count,lr_lbfgs,1,128,auprc,0.3130796196479994
4694,chexpert,Support Devices,count,lr_lbfgs,1,128,brier,0.2427868167604769
4695,chexpert,Support Devices,count,lr_lbfgs,2,128,auroc,0.6221013545380943
4696,chexpert,Support Devices,count,lr_lbfgs,2,128,auprc,0.3369688550360776
4697,chexpert,Support Devices,count,lr_lbfgs,2,128,brier,0.24726753316551467
4698,chexpert,Support Devices,count,lr_lbfgs,3,128,auroc,0.6021437865922697
4699,chexpert,Support Devices,count,lr_lbfgs,3,128,auprc,0.30280923480621985
4700,chexpert,Support Devices,count,lr_lbfgs,3,128,brier,0.2457200008959977
4701,chexpert,Support Devices,count,lr_lbfgs,4,128,auroc,0.5732771464520381
4702,chexpert,Support Devices,count,lr_lbfgs,4,128,auprc,0.2754742340999289
4703,chexpert,Support Devices,count,lr_lbfgs,4,128,brier,0.24356361198541412
4704,chexpert,No Finding,count,rf,0,-1,auroc,0.5827048877121946
4705,chexpert,No Finding,count,rf,0,-1,auprc,0.45647124331930233
4706,chexpert,No Finding,count,rf,0,-1,brier,0.23565048354267917
4707,chexpert,No Finding,count,rf,0,1,auroc,0.48485742279324173
4708,chexpert,No Finding,count,rf,0,1,auprc,0.38520299644797007
4709,chexpert,No Finding,count,rf,0,1,brier,0.36722104369961817
4710,chexpert,No Finding,count,rf,1,1,auroc,0.4774166813777044
4711,chexpert,No Finding,count,rf,1,1,auprc,0.3815522031008768
4712,chexpert,No Finding,count,rf,1,1,brier,0.4598642341960119
4713,chexpert,No Finding,count,rf,2,1,auroc,0.4612360499370245
4714,chexpert,No Finding,count,rf,2,1,auprc,0.36982556733290695
4715,chexpert,No Finding,count,rf,2,1,brier,0.2542086739263659
4716,chexpert,No Finding,count,rf,3,1,auroc,0.5162727199413388
4717,chexpert,No Finding,count,rf,3,1,auprc,0.4018400359903928
4718,chexpert,No Finding,count,rf,3,1,brier,0.2692590156979211
4719,chexpert,No Finding,count,rf,4,1,auroc,0.5128435027304016
4720,chexpert,No Finding,count,rf,4,1,auprc,0.3981594202954369
4721,chexpert,No Finding,count,rf,4,1,brier,0.24018561731014004
4722,chexpert,No Finding,count,rf,0,2,auroc,0.48782317743219694
4723,chexpert,No Finding,count,rf,0,2,auprc,0.3868389235055029
4724,chexpert,No Finding,count,rf,0,2,brier,0.3028733559609673
4725,chexpert,No Finding,count,rf,1,2,auroc,0.49414493621072264
4726,chexpert,No Finding,count,rf,1,2,auprc,0.38861834581224886
4727,chexpert,No Finding,count,rf,1,2,brier,0.27566593126856176
4728,chexpert,No Finding,count,rf,2,2,auroc,0.469698990225878
4729,chexpert,No Finding,count,rf,2,2,auprc,0.3769804142260369
4730,chexpert,No Finding,count,rf,2,2,brier,0.3300010606703437
4731,chexpert,No Finding,count,rf,3,2,auroc,0.5014453388094728
4732,chexpert,No Finding,count,rf,3,2,auprc,0.39362180659567325
4733,chexpert,No Finding,count,rf,3,2,brier,0.24694314806958
4734,chexpert,No Finding,count,rf,4,2,auroc,0.5311772307961501
4735,chexpert,No Finding,count,rf,4,2,auprc,0.4204128115671804
4736,chexpert,No Finding,count,rf,4,2,brier,0.24746208103521428
4737,chexpert,No Finding,count,rf,0,4,auroc,0.48278261201116235
4738,chexpert,No Finding,count,rf,0,4,auprc,0.3852820700713487
4739,chexpert,No Finding,count,rf,0,4,brier,0.3157838353839627
4740,chexpert,No Finding,count,rf,1,4,auroc,0.5460660278560754
4741,chexpert,No Finding,count,rf,1,4,auprc,0.4186121973609511
4742,chexpert,No Finding,count,rf,1,4,brier,0.25196303563852357
4743,chexpert,No Finding,count,rf,2,4,auroc,0.49921638655293654
4744,chexpert,No Finding,count,rf,2,4,auprc,0.3884038874432687
4745,chexpert,No Finding,count,rf,2,4,brier,0.2858676283411116
4746,chexpert,No Finding,count,rf,3,4,auroc,0.48289904981560827
4747,chexpert,No Finding,count,rf,3,4,auprc,0.38518866895907633
4748,chexpert,No Finding,count,rf,3,4,brier,0.2701012728044124
4749,chexpert,No Finding,count,rf,4,4,auroc,0.48823437865932634
4750,chexpert,No Finding,count,rf,4,4,auprc,0.38882457631985845
4751,chexpert,No Finding,count,rf,4,4,brier,0.2556618582944421
4752,chexpert,No Finding,count,rf,0,8,auroc,0.5364432396257927
4753,chexpert,No Finding,count,rf,0,8,auprc,0.41437142651566705
4754,chexpert,No Finding,count,rf,0,8,brier,0.26179147221043697
4755,chexpert,No Finding,count,rf,1,8,auroc,0.523007402329917
4756,chexpert,No Finding,count,rf,1,8,auprc,0.4023987112355422
4757,chexpert,No Finding,count,rf,1,8,brier,0.28064753924480274
4758,chexpert,No Finding,count,rf,2,8,auroc,0.5021141896464401
4759,chexpert,No Finding,count,rf,2,8,auprc,0.39037799860412614
4760,chexpert,No Finding,count,rf,2,8,brier,0.2894465952481969
4761,chexpert,No Finding,count,rf,3,8,auroc,0.4815092755511142
4762,chexpert,No Finding,count,rf,3,8,auprc,0.38293177454343225
4763,chexpert,No Finding,count,rf,3,8,brier,0.3571117946542215
4764,chexpert,No Finding,count,rf,4,8,auroc,0.5513247224568675
4765,chexpert,No Finding,count,rf,4,8,auprc,0.4329728301914924
4766,chexpert,No Finding,count,rf,4,8,brier,0.2471588778107764
4767,chexpert,No Finding,count,rf,0,12,auroc,0.5271642201514932
4768,chexpert,No Finding,count,rf,0,12,auprc,0.41735169742525124
4769,chexpert,No Finding,count,rf,0,12,brier,0.31984408145948234
4770,chexpert,No Finding,count,rf,1,12,auroc,0.5282933247374628
4771,chexpert,No Finding,count,rf,1,12,auprc,0.4111964452312159
4772,chexpert,No Finding,count,rf,1,12,brier,0.2917532880780654
4773,chexpert,No Finding,count,rf,2,12,auroc,0.534743931915194
4774,chexpert,No Finding,count,rf,2,12,auprc,0.4375376182586057
4775,chexpert,No Finding,count,rf,2,12,brier,0.2466461633066688
4776,chexpert,No Finding,count,rf,3,12,auroc,0.4971113750839898
4777,chexpert,No Finding,count,rf,3,12,auprc,0.3917536578844723
4778,chexpert,No Finding,count,rf,3,12,brier,0.3000204179041155
4779,chexpert,No Finding,count,rf,4,12,auroc,0.5182028033693208
4780,chexpert,No Finding,count,rf,4,12,auprc,0.4062654460506934
4781,chexpert,No Finding,count,rf,4,12,brier,0.27381098854476027
4782,chexpert,No Finding,count,rf,0,16,auroc,0.5285685284965422
4783,chexpert,No Finding,count,rf,0,16,auprc,0.41442396425485784
4784,chexpert,No Finding,count,rf,0,16,brier,0.29871812829557676
4785,chexpert,No Finding,count,rf,1,16,auroc,0.5133308427204382
4786,chexpert,No Finding,count,rf,1,16,auprc,0.39691794948897685
4787,chexpert,No Finding,count,rf,1,16,brier,0.28519728468392025
4788,chexpert,No Finding,count,rf,2,16,auroc,0.49412455074708705
4789,chexpert,No Finding,count,rf,2,16,auprc,0.3905371904480436
4790,chexpert,No Finding,count,rf,2,16,brier,0.29305154857870175
4791,chexpert,No Finding,count,rf,3,16,auroc,0.492806573896763
4792,chexpert,No Finding,count,rf,3,16,auprc,0.3860015995596542
4793,chexpert,No Finding,count,rf,3,16,brier,0.3384589212851658
4794,chexpert,No Finding,count,rf,4,16,auroc,0.4979884690946225
4795,chexpert,No Finding,count,rf,4,16,auprc,0.396888944250523
4796,chexpert,No Finding,count,rf,4,16,brier,0.27591535850657617
4797,chexpert,No Finding,count,rf,0,24,auroc,0.5503234517157789
4798,chexpert,No Finding,count,rf,0,24,auprc,0.43793916662435084
4799,chexpert,No Finding,count,rf,0,24,brier,0.2493083062948127
4800,chexpert,No Finding,count,rf,1,24,auroc,0.514075808726026
4801,chexpert,No Finding,count,rf,1,24,auprc,0.40233552882288304
4802,chexpert,No Finding,count,rf,1,24,brier,0.27858502333474755
4803,chexpert,No Finding,count,rf,2,24,auroc,0.5176658681888191
4804,chexpert,No Finding,count,rf,2,24,auprc,0.4013711999127935
4805,chexpert,No Finding,count,rf,2,24,brier,0.28321303563852357
4806,chexpert,No Finding,count,rf,3,24,auroc,0.5098505910675523
4807,chexpert,No Finding,count,rf,3,24,auprc,0.40053837671742615
4808,chexpert,No Finding,count,rf,3,24,brier,0.2720089096308867
4809,chexpert,No Finding,count,rf,4,24,auroc,0.5182009158263915
4810,chexpert,No Finding,count,rf,4,24,auprc,0.40876867097471964
4811,chexpert,No Finding,count,rf,4,24,brier,0.2631401145523971
4812,chexpert,No Finding,count,rf,0,32,auroc,0.5376358600313303
4813,chexpert,No Finding,count,rf,0,32,auprc,0.42506722568591676
4814,chexpert,No Finding,count,rf,0,32,brier,0.2620285320322444
4815,chexpert,No Finding,count,rf,1,32,auroc,0.5060268773844091
4816,chexpert,No Finding,count,rf,1,32,auprc,0.39844734143490695
4817,chexpert,No Finding,count,rf,1,32,brier,0.2668938642710537
4818,chexpert,No Finding,count,rf,2,32,auroc,0.5355279936537032
4819,chexpert,No Finding,count,rf,2,32,auprc,0.416100117164925
4820,chexpert,No Finding,count,rf,2,32,brier,0.2726392129826051
4821,chexpert,No Finding,count,rf,3,32,auroc,0.5105721043522445
4822,chexpert,No Finding,count,rf,3,32,auprc,0.4131490912413645
4823,chexpert,No Finding,count,rf,3,32,brier,0.26519754939218027
4824,chexpert,No Finding,count,rf,4,32,auroc,0.5564251465830448
4825,chexpert,No Finding,count,rf,4,32,auprc,0.4384652502396938
4826,chexpert,No Finding,count,rf,4,32,brier,0.24426090208196843
4827,chexpert,No Finding,count,rf,0,48,auroc,0.5316485266712884
4828,chexpert,No Finding,count,rf,0,48,auprc,0.41347145235955834
4829,chexpert,No Finding,count,rf,0,48,brier,0.2679985150615189
4830,chexpert,No Finding,count,rf,1,48,auroc,0.5212634778233289
4831,chexpert,No Finding,count,rf,1,48,auprc,0.4068638593441928
4832,chexpert,No Finding,count,rf,1,48,brier,0.27797903665168355
4833,chexpert,No Finding,count,rf,2,48,auroc,0.49949144874629636
4834,chexpert,No Finding,count,rf,2,48,auprc,0.4066530888121754
4835,chexpert,No Finding,count,rf,2,48,brier,0.2544118683326768
4836,chexpert,No Finding,count,rf,3,48,auroc,0.5317702731902226
4837,chexpert,No Finding,count,rf,3,48,auprc,0.42363889790138876
4838,chexpert,No Finding,count,rf,3,48,brier,0.26019978786593123
4839,chexpert,No Finding,count,rf,4,48,auroc,0.5625262751874318
4840,chexpert,No Finding,count,rf,4,48,auprc,0.43618151391487986
4841,chexpert,No Finding,count,rf,4,48,brier,0.24565743752866823
4842,chexpert,No Finding,count,rf,0,64,auroc,0.5339322884556317
4843,chexpert,No Finding,count,rf,0,64,auprc,0.42662312583295037
4844,chexpert,No Finding,count,rf,0,64,brier,0.24651059762612398
4845,chexpert,No Finding,count,rf,1,64,auroc,0.545433913323368
4846,chexpert,No Finding,count,rf,1,64,auprc,0.427288633398283
4847,chexpert,No Finding,count,rf,1,64,brier,0.2642276828330505
4848,chexpert,No Finding,count,rf,2,64,auroc,0.512942811082765
4849,chexpert,No Finding,count,rf,2,64,auprc,0.4091728126632671
4850,chexpert,No Finding,count,rf,2,64,brier,0.25438115590138716
4851,chexpert,No Finding,count,rf,3,64,auroc,0.5436149825796304
4852,chexpert,No Finding,count,rf,3,64,auprc,0.4193614462956916
4853,chexpert,No Finding,count,rf,3,64,brier,0.27199936359779386
4854,chexpert,No Finding,count,rf,4,64,auroc,0.547454787566245
4855,chexpert,No Finding,count,rf,4,64,auprc,0.42679439309292344
4856,chexpert,No Finding,count,rf,4,64,brier,0.24459438208294007
4857,chexpert,No Finding,count,rf,0,128,auroc,0.5915686949306401
4858,chexpert,No Finding,count,rf,0,128,auprc,0.4656545297215487
4859,chexpert,No Finding,count,rf,0,128,brier,0.2420845213922468
4860,chexpert,No Finding,count,rf,1,128,auroc,0.5499104101342935
4861,chexpert,No Finding,count,rf,1,128,auprc,0.4346893873188572
4862,chexpert,No Finding,count,rf,1,128,brier,0.24613871665196982
4863,chexpert,No Finding,count,rf,2,128,auroc,0.542009344186894
4864,chexpert,No Finding,count,rf,2,128,auprc,0.4325218698199755
4865,chexpert,No Finding,count,rf,2,128,brier,0.2587161033782348
4866,chexpert,No Finding,count,rf,3,128,auroc,0.55161523890796
4867,chexpert,No Finding,count,rf,3,128,auprc,0.4368358626229806
4868,chexpert,No Finding,count,rf,3,128,brier,0.24505852789458135
4869,chexpert,No Finding,count,rf,4,128,auroc,0.568719610263911
4870,chexpert,No Finding,count,rf,4,128,auprc,0.4452597313424535
4871,chexpert,No Finding,count,rf,4,128,brier,0.24507725156756868
4872,chexpert,Enlarged Cardiomediastinum,count,rf,0,-1,auroc,0.56827207394837
4873,chexpert,Enlarged Cardiomediastinum,count,rf,0,-1,auprc,0.02072869934671143
4874,chexpert,Enlarged Cardiomediastinum,count,rf,0,-1,brier,0.018319822188545606
4875,chexpert,Enlarged Cardiomediastinum,count,rf,0,1,auroc,0.36258388614625114
4876,chexpert,Enlarged Cardiomediastinum,count,rf,0,1,auprc,0.01416220339030841
4877,chexpert,Enlarged Cardiomediastinum,count,rf,0,1,brier,0.32734408145948246
4878,chexpert,Enlarged Cardiomediastinum,count,rf,1,1,auroc,0.5797153013473207
4879,chexpert,Enlarged Cardiomediastinum,count,rf,1,1,auprc,0.021550990381170684
4880,chexpert,Enlarged Cardiomediastinum,count,rf,1,1,brier,0.5412971998302929
4881,chexpert,Enlarged Cardiomediastinum,count,rf,2,1,auroc,0.4208365473619253
4882,chexpert,Enlarged Cardiomediastinum,count,rf,2,1,auprc,0.015111608170577379
4883,chexpert,Enlarged Cardiomediastinum,count,rf,2,1,brier,0.23293241408570217
4884,chexpert,Enlarged Cardiomediastinum,count,rf,3,1,auroc,0.5607576751002776
4885,chexpert,Enlarged Cardiomediastinum,count,rf,3,1,auprc,0.022246369031991717
4886,chexpert,Enlarged Cardiomediastinum,count,rf,3,1,brier,0.34062516970725504
4887,chexpert,Enlarged Cardiomediastinum,count,rf,4,1,auroc,0.6129766404401934
4888,chexpert,Enlarged Cardiomediastinum,count,rf,4,1,auprc,0.027157172522929297
4889,chexpert,Enlarged Cardiomediastinum,count,rf,4,1,brier,0.33204351930420023
4890,chexpert,Enlarged Cardiomediastinum,count,rf,0,2,auroc,0.36177330813534914
4891,chexpert,Enlarged Cardiomediastinum,count,rf,0,2,auprc,0.014525537943940868
4892,chexpert,Enlarged Cardiomediastinum,count,rf,0,2,brier,0.25068201103097154
4893,chexpert,Enlarged Cardiomediastinum,count,rf,1,2,auroc,0.5826027846343721
4894,chexpert,Enlarged Cardiomediastinum,count,rf,1,2,auprc,0.023099965754868904
4895,chexpert,Enlarged Cardiomediastinum,count,rf,1,2,brier,0.29106113703860836
4896,chexpert,Enlarged Cardiomediastinum,count,rf,2,2,auroc,0.46736989612259583
4897,chexpert,Enlarged Cardiomediastinum,count,rf,2,2,auprc,0.017703577053645163
4898,chexpert,Enlarged Cardiomediastinum,count,rf,2,2,brier,0.1895955027577429
4899,chexpert,Enlarged Cardiomediastinum,count,rf,3,2,auroc,0.5169909621515993
4900,chexpert,Enlarged Cardiomediastinum,count,rf,3,2,auprc,0.018307812400232222
4901,chexpert,Enlarged Cardiomediastinum,count,rf,3,2,brier,0.3742755621552821
4902,chexpert,Enlarged Cardiomediastinum,count,rf,4,2,auroc,0.44577805204155097
4903,chexpert,Enlarged Cardiomediastinum,count,rf,4,2,auprc,0.01671909151465105
4904,chexpert,Enlarged Cardiomediastinum,count,rf,4,2,brier,0.23959694526941028
4905,chexpert,Enlarged Cardiomediastinum,count,rf,0,4,auroc,0.5135856988583771
4906,chexpert,Enlarged Cardiomediastinum,count,rf,0,4,auprc,0.018588912743936873
4907,chexpert,Enlarged Cardiomediastinum,count,rf,0,4,brier,0.26406342808655076
4908,chexpert,Enlarged Cardiomediastinum,count,rf,1,4,auroc,0.6057097217936851
4909,chexpert,Enlarged Cardiomediastinum,count,rf,1,4,auprc,0.022020577239659892
4910,chexpert,Enlarged Cardiomediastinum,count,rf,1,4,brier,0.3058952906236742
4911,chexpert,Enlarged Cardiomediastinum,count,rf,2,4,auroc,0.46144547721896534
4912,chexpert,Enlarged Cardiomediastinum,count,rf,2,4,auprc,0.01714038212480632
4913,chexpert,Enlarged Cardiomediastinum,count,rf,2,4,brier,0.27639106915570644
4914,chexpert,Enlarged Cardiomediastinum,count,rf,3,4,auroc,0.580013241797799
4915,chexpert,Enlarged Cardiomediastinum,count,rf,3,4,auprc,0.02178454831023936
4916,chexpert,Enlarged Cardiomediastinum,count,rf,3,4,brier,0.27858188375053033
4917,chexpert,Enlarged Cardiomediastinum,count,rf,4,4,auroc,0.399654170523501
4918,chexpert,Enlarged Cardiomediastinum,count,rf,4,4,auprc,0.014427174040622841
4919,chexpert,Enlarged Cardiomediastinum,count,rf,4,4,brier,0.22366037335596098
4920,chexpert,Enlarged Cardiomediastinum,count,rf,0,8,auroc,0.44532198138434637
4921,chexpert,Enlarged Cardiomediastinum,count,rf,0,8,auprc,0.01889156660868081
4922,chexpert,Enlarged Cardiomediastinum,count,rf,0,8,brier,0.2490361653231509
4923,chexpert,Enlarged Cardiomediastinum,count,rf,1,8,auroc,0.6826767072919881
4924,chexpert,Enlarged Cardiomediastinum,count,rf,1,8,auprc,0.03315589088147547
4925,chexpert,Enlarged Cardiomediastinum,count,rf,1,8,brier,0.3078075566869372
4926,chexpert,Enlarged Cardiomediastinum,count,rf,2,8,auroc,0.6227672143371388
4927,chexpert,Enlarged Cardiomediastinum,count,rf,2,8,auprc,0.026616142895591728
4928,chexpert,Enlarged Cardiomediastinum,count,rf,2,8,brier,0.3336100551548579
4929,chexpert,Enlarged Cardiomediastinum,count,rf,3,8,auroc,0.6082417335184613
4930,chexpert,Enlarged Cardiomediastinum,count,rf,3,8,auprc,0.0254919461400746
4931,chexpert,Enlarged Cardiomediastinum,count,rf,3,8,brier,0.4822656213171169
4932,chexpert,Enlarged Cardiomediastinum,count,rf,4,8,auroc,0.4464112156741747
4933,chexpert,Enlarged Cardiomediastinum,count,rf,4,8,auprc,0.015877591750882578
4934,chexpert,Enlarged Cardiomediastinum,count,rf,4,8,brier,0.19161911327959272
4935,chexpert,Enlarged Cardiomediastinum,count,rf,0,12,auroc,0.5280642548596112
4936,chexpert,Enlarged Cardiomediastinum,count,rf,0,12,auprc,0.01966118388089222
4937,chexpert,Enlarged Cardiomediastinum,count,rf,0,12,brier,0.24517443905208855
4938,chexpert,Enlarged Cardiomediastinum,count,rf,1,12,auroc,0.6460084978915973
4939,chexpert,Enlarged Cardiomediastinum,count,rf,1,12,auprc,0.028340475150364884
4940,chexpert,Enlarged Cardiomediastinum,count,rf,1,12,brier,0.26137335971899056
4941,chexpert,Enlarged Cardiomediastinum,count,rf,2,12,auroc,0.5927976833281908
4942,chexpert,Enlarged Cardiomediastinum,count,rf,2,12,auprc,0.02464611778460042
4943,chexpert,Enlarged Cardiomediastinum,count,rf,2,12,brier,0.31920449724225713
4944,chexpert,Enlarged Cardiomediastinum,count,rf,3,12,auroc,0.6163741900647948
4945,chexpert,Enlarged Cardiomediastinum,count,rf,3,12,auprc,0.027161336210177155
4946,chexpert,Enlarged Cardiomediastinum,count,rf,3,12,brier,0.3148111306631285
4947,chexpert,Enlarged Cardiomediastinum,count,rf,4,12,auroc,0.48797021238300936
4948,chexpert,Enlarged Cardiomediastinum,count,rf,4,12,auprc,0.01701011677514655
4949,chexpert,Enlarged Cardiomediastinum,count,rf,4,12,brier,0.33702862042143966
4950,chexpert,Enlarged Cardiomediastinum,count,rf,0,16,auroc,0.5246721690836161
4951,chexpert,Enlarged Cardiomediastinum,count,rf,0,16,auprc,0.020694890640013064
4952,chexpert,Enlarged Cardiomediastinum,count,rf,0,16,brier,0.29493064554028314
4953,chexpert,Enlarged Cardiomediastinum,count,rf,1,16,auroc,0.6456572045664918
4954,chexpert,Enlarged Cardiomediastinum,count,rf,1,16,auprc,0.03242774422085684
4955,chexpert,Enlarged Cardiomediastinum,count,rf,1,16,brier,0.26704288876649807
4956,chexpert,Enlarged Cardiomediastinum,count,rf,2,16,auroc,0.6071258227913194
4957,chexpert,Enlarged Cardiomediastinum,count,rf,2,16,auprc,0.031892071120166315
4958,chexpert,Enlarged Cardiomediastinum,count,rf,2,16,brier,0.3074673864835352
4959,chexpert,Enlarged Cardiomediastinum,count,rf,3,16,auroc,0.5956674894579862
4960,chexpert,Enlarged Cardiomediastinum,count,rf,3,16,auprc,0.023714392681684036
4961,chexpert,Enlarged Cardiomediastinum,count,rf,3,16,brier,0.27182270305944467
4962,chexpert,Enlarged Cardiomediastinum,count,rf,4,16,auroc,0.541961393088553
4963,chexpert,Enlarged Cardiomediastinum,count,rf,4,16,auprc,0.02109779247542476
4964,chexpert,Enlarged Cardiomediastinum,count,rf,4,16,brier,0.2437171651817282
4965,chexpert,Enlarged Cardiomediastinum,count,rf,0,24,auroc,0.5845170600637664
4966,chexpert,Enlarged Cardiomediastinum,count,rf,0,24,auprc,0.022314398596977446
4967,chexpert,Enlarged Cardiomediastinum,count,rf,0,24,brier,0.25038932494225236
4968,chexpert,Enlarged Cardiomediastinum,count,rf,1,24,auroc,0.6143297464774247
4969,chexpert,Enlarged Cardiomediastinum,count,rf,1,24,auprc,0.02701738590135364
4970,chexpert,Enlarged Cardiomediastinum,count,rf,1,24,brier,0.29511787229529063
4971,chexpert,Enlarged Cardiomediastinum,count,rf,2,24,auroc,0.6334667155199013
4972,chexpert,Enlarged Cardiomediastinum,count,rf,2,24,auprc,0.02781590959609525
4973,chexpert,Enlarged Cardiomediastinum,count,rf,2,24,brier,0.35736196763726197
4974,chexpert,Enlarged Cardiomediastinum,count,rf,3,24,auroc,0.584695117247763
4975,chexpert,Enlarged Cardiomediastinum,count,rf,3,24,auprc,0.026345697090171816
4976,chexpert,Enlarged Cardiomediastinum,count,rf,3,24,brier,0.2402163767501061
4977,chexpert,Enlarged Cardiomediastinum,count,rf,4,24,auroc,0.6080209297541911
4978,chexpert,Enlarged Cardiomediastinum,count,rf,4,24,auprc,0.027838347258258164
4979,chexpert,Enlarged Cardiomediastinum,count,rf,4,24,brier,0.24055464573610522
4980,chexpert,Enlarged Cardiomediastinum,count,rf,0,32,auroc,0.5323385914841099
4981,chexpert,Enlarged Cardiomediastinum,count,rf,0,32,auprc,0.023483809907267717
4982,chexpert,Enlarged Cardiomediastinum,count,rf,0,32,brier,0.270197815019092
4983,chexpert,Enlarged Cardiomediastinum,count,rf,1,32,auroc,0.6077165612465287
4984,chexpert,Enlarged Cardiomediastinum,count,rf,1,32,auprc,0.023418146955961214
4985,chexpert,Enlarged Cardiomediastinum,count,rf,1,32,brier,0.2491168151511574
4986,chexpert,Enlarged Cardiomediastinum,count,rf,2,32,auroc,0.6660868559086701
4987,chexpert,Enlarged Cardiomediastinum,count,rf,2,32,auprc,0.02965678542986027
4988,chexpert,Enlarged Cardiomediastinum,count,rf,2,32,brier,0.2934402827454865
4989,chexpert,Enlarged Cardiomediastinum,count,rf,3,32,auroc,0.5724480612979533
4990,chexpert,Enlarged Cardiomediastinum,count,rf,3,32,auprc,0.024748169779689445
4991,chexpert,Enlarged Cardiomediastinum,count,rf,3,32,brier,0.23920147928043273
4992,chexpert,Enlarged Cardiomediastinum,count,rf,4,32,auroc,0.5259362465288491
4993,chexpert,Enlarged Cardiomediastinum,count,rf,4,32,auprc,0.019323915529466745
4994,chexpert,Enlarged Cardiomediastinum,count,rf,4,32,brier,0.24066302181884147
4995,chexpert,Enlarged Cardiomediastinum,count,rf,0,48,auroc,0.5951175691658953
4996,chexpert,Enlarged Cardiomediastinum,count,rf,0,48,auprc,0.02454933859034318
4997,chexpert,Enlarged Cardiomediastinum,count,rf,0,48,brier,0.24813300806109462
4998,chexpert,Enlarged Cardiomediastinum,count,rf,1,48,auroc,0.6561976113339505
4999,chexpert,Enlarged Cardiomediastinum,count,rf,1,48,auprc,0.030772711224388752
5000,chexpert,Enlarged Cardiomediastinum,count,rf,1,48,brier,0.2581921758251755
5001,chexpert,Enlarged Cardiomediastinum,count,rf,2,48,auroc,0.6625369613288079
5002,chexpert,Enlarged Cardiomediastinum,count,rf,2,48,auprc,0.02960021313803994
5003,chexpert,Enlarged Cardiomediastinum,count,rf,2,48,brier,0.3152242681374629
5004,chexpert,Enlarged Cardiomediastinum,count,rf,3,48,auroc,0.57708461894477
5005,chexpert,Enlarged Cardiomediastinum,count,rf,3,48,auprc,0.02237797340572138
5006,chexpert,Enlarged Cardiomediastinum,count,rf,3,48,brier,0.2954751803139585
5007,chexpert,Enlarged Cardiomediastinum,count,rf,4,48,auroc,0.5429808829579348
5008,chexpert,Enlarged Cardiomediastinum,count,rf,4,48,auprc,0.019886027217674608
5009,chexpert,Enlarged Cardiomediastinum,count,rf,4,48,brier,0.25911699193890536
5010,chexpert,Enlarged Cardiomediastinum,count,rf,0,64,auroc,0.5926909775789365
5011,chexpert,Enlarged Cardiomediastinum,count,rf,0,64,auprc,0.02274660350622223
5012,chexpert,Enlarged Cardiomediastinum,count,rf,0,64,brier,0.2745180136423093
5013,chexpert,Enlarged Cardiomediastinum,count,rf,1,64,auroc,0.6866100354828757
5014,chexpert,Enlarged Cardiomediastinum,count,rf,1,64,auprc,0.03172806520356497
5015,chexpert,Enlarged Cardiomediastinum,count,rf,1,64,brier,0.24749545875783513
5016,chexpert,Enlarged Cardiomediastinum,count,rf,2,64,auroc,0.6453313020672632
5017,chexpert,Enlarged Cardiomediastinum,count,rf,2,64,auprc,0.029104349228447443
5018,chexpert,Enlarged Cardiomediastinum,count,rf,2,64,brier,0.2640111900721256
5019,chexpert,Enlarged Cardiomediastinum,count,rf,3,64,auroc,0.6692642445747198
5020,chexpert,Enlarged Cardiomediastinum,count,rf,3,64,auprc,0.029566081528968526
5021,chexpert,Enlarged Cardiomediastinum,count,rf,3,64,brier,0.2784781501909207
5022,chexpert,Enlarged Cardiomediastinum,count,rf,4,64,auroc,0.5748977938907743
5023,chexpert,Enlarged Cardiomediastinum,count,rf,4,64,auprc,0.021872813242262343
5024,chexpert,Enlarged Cardiomediastinum,count,rf,4,64,brier,0.25520196106161314
5025,chexpert,Enlarged Cardiomediastinum,count,rf,0,128,auroc,0.6268673506119511
5026,chexpert,Enlarged Cardiomediastinum,count,rf,0,128,auprc,0.027796373553226998
5027,chexpert,Enlarged Cardiomediastinum,count,rf,0,128,brier,0.2363934714735542
5028,chexpert,Enlarged Cardiomediastinum,count,rf,1,128,auroc,0.6778032757379411
5029,chexpert,Enlarged Cardiomediastinum,count,rf,1,128,auprc,0.03253227214626474
5030,chexpert,Enlarged Cardiomediastinum,count,rf,1,128,brier,0.21524352991090367
5031,chexpert,Enlarged Cardiomediastinum,count,rf,2,128,auroc,0.6809668440810449
5032,chexpert,Enlarged Cardiomediastinum,count,rf,2,128,auprc,0.03224149814843986
5033,chexpert,Enlarged Cardiomediastinum,count,rf,2,128,brier,0.2440594640364636
5034,chexpert,Enlarged Cardiomediastinum,count,rf,3,128,auroc,0.6136303738558058
5035,chexpert,Enlarged Cardiomediastinum,count,rf,3,128,auprc,0.023308722278037344
5036,chexpert,Enlarged Cardiomediastinum,count,rf,3,128,brier,0.23418196612853584
5037,chexpert,Enlarged Cardiomediastinum,count,rf,4,128,auroc,0.5967789005450992
5038,chexpert,Enlarged Cardiomediastinum,count,rf,4,128,auprc,0.02693993002605564
5039,chexpert,Enlarged Cardiomediastinum,count,rf,4,128,brier,0.2214097627815641
5040,chexpert,Cardiomegaly,count,rf,0,-1,auroc,0.7841247401838036
5041,chexpert,Cardiomegaly,count,rf,0,-1,auprc,0.12961757809605545
5042,chexpert,Cardiomegaly,count,rf,0,-1,brier,0.035024003845690814
5043,chexpert,Cardiomegaly,count,rf,0,1,auroc,0.5801098523413335
5044,chexpert,Cardiomegaly,count,rf,0,1,auprc,0.047700303692253115
5045,chexpert,Cardiomegaly,count,rf,0,1,brier,0.3355502227407722
5046,chexpert,Cardiomegaly,count,rf,1,1,auroc,0.4443427464691091
5047,chexpert,Cardiomegaly,count,rf,1,1,auprc,0.032041324595148336
5048,chexpert,Cardiomegaly,count,rf,1,1,brier,0.2234278744166313
5049,chexpert,Cardiomegaly,count,rf,2,1,auroc,0.5034126978980327
5050,chexpert,Cardiomegaly,count,rf,2,1,auprc,0.036816005585279324
5051,chexpert,Cardiomegaly,count,rf,2,1,brier,0.2748406342808655
5052,chexpert,Cardiomegaly,count,rf,3,1,auroc,0.5633403399944478
5053,chexpert,Cardiomegaly,count,rf,3,1,auprc,0.044346220824857875
5054,chexpert,Cardiomegaly,count,rf,3,1,brier,0.39934552397114986
5055,chexpert,Cardiomegaly,count,rf,4,1,auroc,0.6400747047799387
5056,chexpert,Cardiomegaly,count,rf,4,1,auprc,0.08265352538063735
5057,chexpert,Cardiomegaly,count,rf,4,1,brier,0.282722401357658
5058,chexpert,Cardiomegaly,count,rf,0,2,auroc,0.5176778461356982
5059,chexpert,Cardiomegaly,count,rf,0,2,auprc,0.0392288578123018
5060,chexpert,Cardiomegaly,count,rf,0,2,brier,0.3582435299109037
5061,chexpert,Cardiomegaly,count,rf,1,2,auroc,0.5558442316404016
5062,chexpert,Cardiomegaly,count,rf,1,2,auprc,0.04556159506445699
5063,chexpert,Cardiomegaly,count,rf,1,2,brier,0.3583103521425541
5064,chexpert,Cardiomegaly,count,rf,2,2,auroc,0.48831456295449494
5065,chexpert,Cardiomegaly,count,rf,2,2,auprc,0.03889630674947306
5066,chexpert,Cardiomegaly,count,rf,2,2,brier,0.2529940072125583
5067,chexpert,Cardiomegaly,count,rf,3,2,auroc,0.5608381374818695
5068,chexpert,Cardiomegaly,count,rf,3,2,auprc,0.04497272175185388
5069,chexpert,Cardiomegaly,count,rf,3,2,brier,0.28369643614764534
5070,chexpert,Cardiomegaly,count,rf,4,2,auroc,0.517967654485452
5071,chexpert,Cardiomegaly,count,rf,4,2,auprc,0.040155641563704284
5072,chexpert,Cardiomegaly,count,rf,4,2,brier,0.20942511667373787
5073,chexpert,Cardiomegaly,count,rf,0,4,auroc,0.5182894235855515
5074,chexpert,Cardiomegaly,count,rf,0,4,auprc,0.04035587275830361
5075,chexpert,Cardiomegaly,count,rf,0,4,brier,0.29413767501060667
5076,chexpert,Cardiomegaly,count,rf,1,4,auroc,0.47187824528995803
5077,chexpert,Cardiomegaly,count,rf,1,4,auprc,0.03660120861995044
5078,chexpert,Cardiomegaly,count,rf,1,4,brier,0.4075233347475605
5079,chexpert,Cardiomegaly,count,rf,2,4,auroc,0.5692547772057782
5080,chexpert,Cardiomegaly,count,rf,2,4,auprc,0.0481462815756193
5081,chexpert,Cardiomegaly,count,rf,2,4,brier,0.32267792745014856
5082,chexpert,Cardiomegaly,count,rf,3,4,auroc,0.4922840263875366
5083,chexpert,Cardiomegaly,count,rf,3,4,auprc,0.038570468323920575
5084,chexpert,Cardiomegaly,count,rf,3,4,brier,0.15721826474331776
5085,chexpert,Cardiomegaly,count,rf,4,4,auroc,0.5642770833391233
5086,chexpert,Cardiomegaly,count,rf,4,4,auprc,0.044140869802759296
5087,chexpert,Cardiomegaly,count,rf,4,4,brier,0.5485352142554094
5088,chexpert,Cardiomegaly,count,rf,0,8,auroc,0.6762760445375372
5089,chexpert,Cardiomegaly,count,rf,0,8,auprc,0.09767592477993758
5090,chexpert,Cardiomegaly,count,rf,0,8,brier,0.21280641705557912
5091,chexpert,Cardiomegaly,count,rf,1,8,auroc,0.4353055741092601
5092,chexpert,Cardiomegaly,count,rf,1,8,auprc,0.03558599819723181
5093,chexpert,Cardiomegaly,count,rf,1,8,brier,0.24038581883750537
5094,chexpert,Cardiomegaly,count,rf,2,8,auroc,0.6423028477182958
5095,chexpert,Cardiomegaly,count,rf,2,8,auprc,0.05662656456301106
5096,chexpert,Cardiomegaly,count,rf,2,8,brier,0.31883750530335175
5097,chexpert,Cardiomegaly,count,rf,3,8,auroc,0.6063553411663419
5098,chexpert,Cardiomegaly,count,rf,3,8,auprc,0.06466777801577155
5099,chexpert,Cardiomegaly,count,rf,3,8,brier,0.30448027153160795
5100,chexpert,Cardiomegaly,count,rf,4,8,auroc,0.5925722289797849
5101,chexpert,Cardiomegaly,count,rf,4,8,auprc,0.04679749839468442
5102,chexpert,Cardiomegaly,count,rf,4,8,brier,0.3384935829444209
5103,chexpert,Cardiomegaly,count,rf,0,12,auroc,0.6458975829335152
5104,chexpert,Cardiomegaly,count,rf,0,12,auprc,0.09054302232721236
5105,chexpert,Cardiomegaly,count,rf,0,12,brier,0.2058058336775289
5106,chexpert,Cardiomegaly,count,rf,1,12,auroc,0.48134619298055453
5107,chexpert,Cardiomegaly,count,rf,1,12,auprc,0.039689261178921215
5108,chexpert,Cardiomegaly,count,rf,1,12,brier,0.25252227407721684
5109,chexpert,Cardiomegaly,count,rf,2,12,auroc,0.6431262616390399
5110,chexpert,Cardiomegaly,count,rf,2,12,auprc,0.06020256011956976
5111,chexpert,Cardiomegaly,count,rf,2,12,brier,0.2445386084005091
5112,chexpert,Cardiomegaly,count,rf,3,12,auroc,0.6101758088308634
5113,chexpert,Cardiomegaly,count,rf,3,12,auprc,0.05406751545299984
5114,chexpert,Cardiomegaly,count,rf,3,12,brier,0.21055106614380614
5115,chexpert,Cardiomegaly,count,rf,4,12,auroc,0.5713717523168456
5116,chexpert,Cardiomegaly,count,rf,4,12,auprc,0.04646726651151247
5117,chexpert,Cardiomegaly,count,rf,4,12,brier,0.2491562367416207
5118,chexpert,Cardiomegaly,count,rf,0,16,auroc,0.6911536966236169
5119,chexpert,Cardiomegaly,count,rf,0,16,auprc,0.09398571754945644
5120,chexpert,Cardiomegaly,count,rf,0,16,brier,0.2213851506151888
5121,chexpert,Cardiomegaly,count,rf,1,16,auroc,0.5458544127605843
5122,chexpert,Cardiomegaly,count,rf,1,16,auprc,0.044824904880122154
5123,chexpert,Cardiomegaly,count,rf,1,16,brier,0.2092490453966907
5124,chexpert,Cardiomegaly,count,rf,2,16,auroc,0.6223820362672685
5125,chexpert,Cardiomegaly,count,rf,2,16,auprc,0.0544604840523229
5126,chexpert,Cardiomegaly,count,rf,2,16,brier,0.29439237661508905
5127,chexpert,Cardiomegaly,count,rf,3,16,auroc,0.5939185948880711
5128,chexpert,Cardiomegaly,count,rf,3,16,auprc,0.05444569333163694
5129,chexpert,Cardiomegaly,count,rf,3,16,brier,0.2765888841747985
5130,chexpert,Cardiomegaly,count,rf,4,16,auroc,0.6064351658423263
5131,chexpert,Cardiomegaly,count,rf,4,16,auprc,0.05057182484490024
5132,chexpert,Cardiomegaly,count,rf,4,16,brier,0.26159524819686036
5133,chexpert,Cardiomegaly,count,rf,0,24,auroc,0.7294391243433763
5134,chexpert,Cardiomegaly,count,rf,0,24,auprc,0.12818757987445842
5135,chexpert,Cardiomegaly,count,rf,0,24,brier,0.2102239499363598
5136,chexpert,Cardiomegaly,count,rf,1,24,auroc,0.6302223016866321
5137,chexpert,Cardiomegaly,count,rf,1,24,auprc,0.051110740407774614
5138,chexpert,Cardiomegaly,count,rf,1,24,brier,0.22870424976567913
5139,chexpert,Cardiomegaly,count,rf,2,24,auroc,0.515769465100559
5140,chexpert,Cardiomegaly,count,rf,2,24,auprc,0.04034798849718293
5141,chexpert,Cardiomegaly,count,rf,2,24,brier,0.2609152204633244
5142,chexpert,Cardiomegaly,count,rf,3,24,auroc,0.7024173135244617
5143,chexpert,Cardiomegaly,count,rf,3,24,auprc,0.08365330445375707
5144,chexpert,Cardiomegaly,count,rf,3,24,brier,0.20563678522604062
5145,chexpert,Cardiomegaly,count,rf,4,24,auroc,0.6430648105345103
5146,chexpert,Cardiomegaly,count,rf,4,24,auprc,0.054617007453190605
5147,chexpert,Cardiomegaly,count,rf,4,24,brier,0.20115785040470574
5148,chexpert,Cardiomegaly,count,rf,0,32,auroc,0.7889066551546206
5149,chexpert,Cardiomegaly,count,rf,0,32,auprc,0.16217928056115416
5150,chexpert,Cardiomegaly,count,rf,0,32,brier,0.2271876988557785
5151,chexpert,Cardiomegaly,count,rf,1,32,auroc,0.6387326620649362
5152,chexpert,Cardiomegaly,count,rf,1,32,auprc,0.06866947026649949
5153,chexpert,Cardiomegaly,count,rf,1,32,brier,0.2101987442868069
5154,chexpert,Cardiomegaly,count,rf,2,32,auroc,0.6600873840882401
5155,chexpert,Cardiomegaly,count,rf,2,32,auprc,0.0688763570107531
5156,chexpert,Cardiomegaly,count,rf,2,32,brier,0.20001831777683496
5157,chexpert,Cardiomegaly,count,rf,3,32,auroc,0.7274997089564523
5158,chexpert,Cardiomegaly,count,rf,3,32,auprc,0.11530465637268293
5159,chexpert,Cardiomegaly,count,rf,3,32,brier,0.22751394381404108
5160,chexpert,Cardiomegaly,count,rf,4,32,auroc,0.6575930559634282
5161,chexpert,Cardiomegaly,count,rf,4,32,auprc,0.06925371467990239
5162,chexpert,Cardiomegaly,count,rf,4,32,brier,0.2275285433074879
5163,chexpert,Cardiomegaly,count,rf,0,48,auroc,0.7433914586670298
5164,chexpert,Cardiomegaly,count,rf,0,48,auprc,0.10363554282256984
5165,chexpert,Cardiomegaly,count,rf,0,48,brier,0.2169486582273126
5166,chexpert,Cardiomegaly,count,rf,1,48,auroc,0.7179544069860333
5167,chexpert,Cardiomegaly,count,rf,1,48,auprc,0.07393000281286692
5168,chexpert,Cardiomegaly,count,rf,1,48,brier,0.21800579162133563
5169,chexpert,Cardiomegaly,count,rf,2,48,auroc,0.6536432012999224
5170,chexpert,Cardiomegaly,count,rf,2,48,auprc,0.06251178829202803
5171,chexpert,Cardiomegaly,count,rf,2,48,brier,0.19446027482615094
5172,chexpert,Cardiomegaly,count,rf,3,48,auroc,0.7693408087521194
5173,chexpert,Cardiomegaly,count,rf,3,48,auprc,0.1451344607295599
5174,chexpert,Cardiomegaly,count,rf,3,48,brier,0.2319826396345691
5175,chexpert,Cardiomegaly,count,rf,4,48,auroc,0.6577406621341073
5176,chexpert,Cardiomegaly,count,rf,4,48,auprc,0.08445960122629409
5177,chexpert,Cardiomegaly,count,rf,4,48,brier,0.17269172386107665
5178,chexpert,Cardiomegaly,count,rf,0,64,auroc,0.7667499807772298
5179,chexpert,Cardiomegaly,count,rf,0,64,auprc,0.14776164589753782
5180,chexpert,Cardiomegaly,count,rf,0,64,brier,0.20222441248414724
5181,chexpert,Cardiomegaly,count,rf,1,64,auroc,0.7621051727934036
5182,chexpert,Cardiomegaly,count,rf,1,64,auprc,0.09704321724053525
5183,chexpert,Cardiomegaly,count,rf,1,64,brier,0.20051770144152392
5184,chexpert,Cardiomegaly,count,rf,2,64,auroc,0.6589511562534838
5185,chexpert,Cardiomegaly,count,rf,2,64,auprc,0.07080410335201678
5186,chexpert,Cardiomegaly,count,rf,2,64,brier,0.1956120067882902
5187,chexpert,Cardiomegaly,count,rf,3,64,auroc,0.7448672115743001
5188,chexpert,Cardiomegaly,count,rf,3,64,auprc,0.12186605141748898
5189,chexpert,Cardiomegaly,count,rf,3,64,brier,0.21281439694225737
5190,chexpert,Cardiomegaly,count,rf,4,64,auroc,0.7171743793978842
5191,chexpert,Cardiomegaly,count,rf,4,64,auprc,0.08007312390726093
5192,chexpert,Cardiomegaly,count,rf,4,64,brier,0.1565161693895231
5193,chexpert,Cardiomegaly,count,rf,0,128,auroc,0.7632603917986553
5194,chexpert,Cardiomegaly,count,rf,0,128,auprc,0.1102393470757111
5195,chexpert,Cardiomegaly,count,rf,0,128,brier,0.1597829727054165
5196,chexpert,Cardiomegaly,count,rf,1,128,auroc,0.785587060311943
5197,chexpert,Cardiomegaly,count,rf,1,128,auprc,0.1002817773908598
5198,chexpert,Cardiomegaly,count,rf,1,128,brier,0.1695387180031113
5199,chexpert,Cardiomegaly,count,rf,2,128,auroc,0.7149070189204554
5200,chexpert,Cardiomegaly,count,rf,2,128,auprc,0.0933469548696398
5201,chexpert,Cardiomegaly,count,rf,2,128,brier,0.1634837929571489
5202,chexpert,Cardiomegaly,count,rf,3,128,auroc,0.7551729323633322
5203,chexpert,Cardiomegaly,count,rf,3,128,auprc,0.10782299442265506
5204,chexpert,Cardiomegaly,count,rf,3,128,brier,0.17600469278751932
5205,chexpert,Cardiomegaly,count,rf,4,128,auroc,0.7409332600860872
5206,chexpert,Cardiomegaly,count,rf,4,128,auprc,0.09478593239785049
5207,chexpert,Cardiomegaly,count,rf,4,128,brier,0.14415012025752436
5208,chexpert,Lung Lesion,count,rf,0,-1,auroc,0.7367009298004321
5209,chexpert,Lung Lesion,count,rf,0,-1,auprc,0.30545853302014336
5210,chexpert,Lung Lesion,count,rf,0,-1,brier,0.10561360463057924
5211,chexpert,Lung Lesion,count,rf,0,1,auroc,0.44425334605938327
5212,chexpert,Lung Lesion,count,rf,0,1,auprc,0.12393711161498015
5213,chexpert,Lung Lesion,count,rf,0,1,brier,0.20985893084429366
5214,chexpert,Lung Lesion,count,rf,1,1,auroc,0.5137381978662248
5215,chexpert,Lung Lesion,count,rf,1,1,auprc,0.13260860670988078
5216,chexpert,Lung Lesion,count,rf,1,1,brier,0.4900519728468393
5217,chexpert,Lung Lesion,count,rf,2,1,auroc,0.5324920496331934
5218,chexpert,Lung Lesion,count,rf,2,1,auprc,0.13941268341449348
5219,chexpert,Lung Lesion,count,rf,2,1,brier,0.4166684344505728
5220,chexpert,Lung Lesion,count,rf,3,1,auroc,0.48219285721637883
5221,chexpert,Lung Lesion,count,rf,3,1,auprc,0.14192430338546888
5222,chexpert,Lung Lesion,count,rf,3,1,brier,0.2408401145523971
5223,chexpert,Lung Lesion,count,rf,4,1,auroc,0.5619502534833664
5224,chexpert,Lung Lesion,count,rf,4,1,auprc,0.1499051800919221
5225,chexpert,Lung Lesion,count,rf,4,1,brier,0.5020340263046245
5226,chexpert,Lung Lesion,count,rf,0,2,auroc,0.47666874759100614
5227,chexpert,Lung Lesion,count,rf,0,2,auprc,0.11732354293027239
5228,chexpert,Lung Lesion,count,rf,0,2,brier,0.14403691132795926
5229,chexpert,Lung Lesion,count,rf,1,2,auroc,0.5452486121647033
5230,chexpert,Lung Lesion,count,rf,1,2,auprc,0.14217778781834614
5231,chexpert,Lung Lesion,count,rf,1,2,brier,0.28270126219770897
5232,chexpert,Lung Lesion,count,rf,2,2,auroc,0.5472388645648033
5233,chexpert,Lung Lesion,count,rf,2,2,auprc,0.14090433283712453
5234,chexpert,Lung Lesion,count,rf,2,2,brier,0.3000668010182435
5235,chexpert,Lung Lesion,count,rf,3,2,auroc,0.550877201047171
5236,chexpert,Lung Lesion,count,rf,3,2,auprc,0.1474190989607171
5237,chexpert,Lung Lesion,count,rf,3,2,brier,0.34738226559185403
5238,chexpert,Lung Lesion,count,rf,4,2,auroc,0.4909573227967343
5239,chexpert,Lung Lesion,count,rf,4,2,auprc,0.12732530477762916
5240,chexpert,Lung Lesion,count,rf,4,2,brier,0.4024406024607552
5241,chexpert,Lung Lesion,count,rf,0,4,auroc,0.48959919238683486
5242,chexpert,Lung Lesion,count,rf,0,4,auprc,0.13050149839349307
5243,chexpert,Lung Lesion,count,rf,0,4,brier,0.20850055154857872
5244,chexpert,Lung Lesion,count,rf,1,4,auroc,0.4755157283003678
5245,chexpert,Lung Lesion,count,rf,1,4,auprc,0.13107048678942745
5246,chexpert,Lung Lesion,count,rf,1,4,brier,0.22044056003394144
5247,chexpert,Lung Lesion,count,rf,2,4,auroc,0.5675944817763893
5248,chexpert,Lung Lesion,count,rf,2,4,auprc,0.15202878459572058
5249,chexpert,Lung Lesion,count,rf,2,4,brier,0.33823053669919395
5250,chexpert,Lung Lesion,count,rf,3,4,auroc,0.4970053776587873
5251,chexpert,Lung Lesion,count,rf,3,4,auprc,0.12671649677953026
5252,chexpert,Lung Lesion,count,rf,3,4,brier,0.23998621128553252
5253,chexpert,Lung Lesion,count,rf,4,4,auroc,0.5588213220828178
5254,chexpert,Lung Lesion,count,rf,4,4,auprc,0.15440778973450064
5255,chexpert,Lung Lesion,count,rf,4,4,brier,0.2795784471786169
5256,chexpert,Lung Lesion,count,rf,0,8,auroc,0.48540962914010927
5257,chexpert,Lung Lesion,count,rf,0,8,auprc,0.12813385443470343
5258,chexpert,Lung Lesion,count,rf,0,8,brier,0.27384386932541366
5259,chexpert,Lung Lesion,count,rf,1,8,auroc,0.48659352752251456
5260,chexpert,Lung Lesion,count,rf,1,8,auprc,0.13974125754909716
5261,chexpert,Lung Lesion,count,rf,1,8,brier,0.20762469240560036
5262,chexpert,Lung Lesion,count,rf,2,8,auroc,0.5873431599464003
5263,chexpert,Lung Lesion,count,rf,2,8,auprc,0.15447752894195166
5264,chexpert,Lung Lesion,count,rf,2,8,brier,0.30573292320746714
5265,chexpert,Lung Lesion,count,rf,3,8,auroc,0.5301238031728716
5266,chexpert,Lung Lesion,count,rf,3,8,auprc,0.13450891036813678
5267,chexpert,Lung Lesion,count,rf,3,8,brier,0.18889716801018244
5268,chexpert,Lung Lesion,count,rf,4,8,auroc,0.5673637879791594
5269,chexpert,Lung Lesion,count,rf,4,8,auprc,0.15708521034721123
5270,chexpert,Lung Lesion,count,rf,4,8,brier,0.27814117522274084
5271,chexpert,Lung Lesion,count,rf,0,12,auroc,0.5404035427611964
5272,chexpert,Lung Lesion,count,rf,0,12,auprc,0.1427011279801519
5273,chexpert,Lung Lesion,count,rf,0,12,brier,0.39054518455663984
5274,chexpert,Lung Lesion,count,rf,1,12,auroc,0.48696852361266185
5275,chexpert,Lung Lesion,count,rf,1,12,auprc,0.12893500334372668
5276,chexpert,Lung Lesion,count,rf,1,12,brier,0.2103256257955028
5277,chexpert,Lung Lesion,count,rf,2,12,auroc,0.5888036710343426
5278,chexpert,Lung Lesion,count,rf,2,12,auprc,0.15564697754243143
5279,chexpert,Lung Lesion,count,rf,2,12,brier,0.3084980907933815
5280,chexpert,Lung Lesion,count,rf,3,12,auroc,0.5362416607714917
5281,chexpert,Lung Lesion,count,rf,3,12,auprc,0.13852937174446767
5282,chexpert,Lung Lesion,count,rf,3,12,brier,0.23596627068307174
5283,chexpert,Lung Lesion,count,rf,4,12,auroc,0.4926302900306203
5284,chexpert,Lung Lesion,count,rf,4,12,auprc,0.12786429290466106
5285,chexpert,Lung Lesion,count,rf,4,12,brier,0.2383920237590157
5286,chexpert,Lung Lesion,count,rf,0,16,auroc,0.5565328216264767
5287,chexpert,Lung Lesion,count,rf,0,16,auprc,0.15059547350988373
5288,chexpert,Lung Lesion,count,rf,0,16,brier,0.3098882477725923
5289,chexpert,Lung Lesion,count,rf,1,16,auroc,0.5209117406603988
5290,chexpert,Lung Lesion,count,rf,1,16,auprc,0.13218725403143186
5291,chexpert,Lung Lesion,count,rf,1,16,brier,0.23732127704709383
5292,chexpert,Lung Lesion,count,rf,2,16,auroc,0.5568523552702466
5293,chexpert,Lung Lesion,count,rf,2,16,auprc,0.15129618528050412
5294,chexpert,Lung Lesion,count,rf,2,16,brier,0.2961982923207467
5295,chexpert,Lung Lesion,count,rf,3,16,auroc,0.5380246535071104
5296,chexpert,Lung Lesion,count,rf,3,16,auprc,0.14405003446495818
5297,chexpert,Lung Lesion,count,rf,3,16,brier,0.24403178912820297
5298,chexpert,Lung Lesion,count,rf,4,16,auroc,0.5796545159272657
5299,chexpert,Lung Lesion,count,rf,4,16,auprc,0.17345203932332384
5300,chexpert,Lung Lesion,count,rf,4,16,brier,0.2895531278830715
5301,chexpert,Lung Lesion,count,rf,0,24,auroc,0.5958846265193836
5302,chexpert,Lung Lesion,count,rf,0,24,auprc,0.16493565407631616
5303,chexpert,Lung Lesion,count,rf,0,24,brier,0.3255770046669495
5304,chexpert,Lung Lesion,count,rf,1,24,auroc,0.5570716068150255
5305,chexpert,Lung Lesion,count,rf,1,24,auprc,0.17154204063428868
5306,chexpert,Lung Lesion,count,rf,1,24,brier,0.2612635129401782
5307,chexpert,Lung Lesion,count,rf,2,24,auroc,0.6210004705813694
5308,chexpert,Lung Lesion,count,rf,2,24,auprc,0.1844802381372451
5309,chexpert,Lung Lesion,count,rf,2,24,brier,0.2373651490249388
5310,chexpert,Lung Lesion,count,rf,3,24,auroc,0.5661055899050753
5311,chexpert,Lung Lesion,count,rf,3,24,auprc,0.16607915540731538
5312,chexpert,Lung Lesion,count,rf,3,24,brier,0.2597561823294923
5313,chexpert,Lung Lesion,count,rf,4,24,auroc,0.5562231812839527
5314,chexpert,Lung Lesion,count,rf,4,24,auprc,0.151600426951462
5315,chexpert,Lung Lesion,count,rf,4,24,brier,0.27518786474697593
5316,chexpert,Lung Lesion,count,rf,0,32,auroc,0.6296568593405405
5317,chexpert,Lung Lesion,count,rf,0,32,auprc,0.19780430367986304
5318,chexpert,Lung Lesion,count,rf,0,32,brier,0.2627316549104827
5319,chexpert,Lung Lesion,count,rf,1,32,auroc,0.5576345256626738
5320,chexpert,Lung Lesion,count,rf,1,32,auprc,0.1721833443345751
5321,chexpert,Lung Lesion,count,rf,1,32,brier,0.22168814980899862
5322,chexpert,Lung Lesion,count,rf,2,32,auroc,0.6169123886216643
5323,chexpert,Lung Lesion,count,rf,2,32,auprc,0.20711026581612738
5324,chexpert,Lung Lesion,count,rf,2,32,brier,0.24866199871502653
5325,chexpert,Lung Lesion,count,rf,3,32,auroc,0.5744653794915463
5326,chexpert,Lung Lesion,count,rf,3,32,auprc,0.15668873893461457
5327,chexpert,Lung Lesion,count,rf,3,32,brier,0.3015666100975817
5328,chexpert,Lung Lesion,count,rf,4,32,auroc,0.5846866086972511
5329,chexpert,Lung Lesion,count,rf,4,32,auprc,0.17565445328383397
5330,chexpert,Lung Lesion,count,rf,4,32,brier,0.26357179403487574
5331,chexpert,Lung Lesion,count,rf,0,48,auroc,0.5888380477578632
5332,chexpert,Lung Lesion,count,rf,0,48,auprc,0.17927736198928293
5333,chexpert,Lung Lesion,count,rf,0,48,brier,0.2753072121419107
5334,chexpert,Lung Lesion,count,rf,1,48,auroc,0.568785675219309
5335,chexpert,Lung Lesion,count,rf,1,48,auprc,0.1520769633722784
5336,chexpert,Lung Lesion,count,rf,1,48,brier,0.25939435723377174
5337,chexpert,Lung Lesion,count,rf,2,48,auroc,0.5927214183276505
5338,chexpert,Lung Lesion,count,rf,2,48,auprc,0.17189899309301593
5339,chexpert,Lung Lesion,count,rf,2,48,brier,0.24450555153665787
5340,chexpert,Lung Lesion,count,rf,3,48,auroc,0.6232802769244945
5341,chexpert,Lung Lesion,count,rf,3,48,auprc,0.18972685274980716
5342,chexpert,Lung Lesion,count,rf,3,48,brier,0.20690357368492837
5343,chexpert,Lung Lesion,count,rf,4,48,auroc,0.5954608634493584
5344,chexpert,Lung Lesion,count,rf,4,48,auprc,0.17925191339529836
5345,chexpert,Lung Lesion,count,rf,4,48,brier,0.2746840899448451
5346,chexpert,Lung Lesion,count,rf,0,64,auroc,0.6439031631682187
5347,chexpert,Lung Lesion,count,rf,0,64,auprc,0.22590666986595476
5348,chexpert,Lung Lesion,count,rf,0,64,brier,0.2459004623338846
5349,chexpert,Lung Lesion,count,rf,1,64,auroc,0.5989817794371431
5350,chexpert,Lung Lesion,count,rf,1,64,auprc,0.18663490878837938
5351,chexpert,Lung Lesion,count,rf,1,64,brier,0.2169436521542054
5352,chexpert,Lung Lesion,count,rf,2,64,auroc,0.580114054773513
5353,chexpert,Lung Lesion,count,rf,2,64,auprc,0.16818985039332326
5354,chexpert,Lung Lesion,count,rf,2,64,brier,0.23620078857271604
5355,chexpert,Lung Lesion,count,rf,3,64,auroc,0.6377303427849003
5356,chexpert,Lung Lesion,count,rf,3,64,auprc,0.23127018851855946
5357,chexpert,Lung Lesion,count,rf,3,64,brier,0.2276813483846502
5358,chexpert,Lung Lesion,count,rf,4,64,auroc,0.6400110984852156
5359,chexpert,Lung Lesion,count,rf,4,64,auprc,0.23529012900805768
5360,chexpert,Lung Lesion,count,rf,4,64,brier,0.2233475899212833
5361,chexpert,Lung Lesion,count,rf,0,128,auroc,0.6723774832061211
5362,chexpert,Lung Lesion,count,rf,0,128,auprc,0.24171759400717285
5363,chexpert,Lung Lesion,count,rf,0,128,brier,0.2308186566075103
5364,chexpert,Lung Lesion,count,rf,1,128,auroc,0.6626706556990262
5365,chexpert,Lung Lesion,count,rf,1,128,auprc,0.2264839546654277
5366,chexpert,Lung Lesion,count,rf,1,128,brier,0.2210579257084047
5367,chexpert,Lung Lesion,count,rf,2,128,auroc,0.6829379327257514
5368,chexpert,Lung Lesion,count,rf,2,128,auprc,0.24678650269023195
5369,chexpert,Lung Lesion,count,rf,2,128,brier,0.19830232361947203
5370,chexpert,Lung Lesion,count,rf,3,128,auroc,0.6829553209521833
5371,chexpert,Lung Lesion,count,rf,3,128,auprc,0.2461528961309684
5372,chexpert,Lung Lesion,count,rf,3,128,brier,0.20325635333275868
5373,chexpert,Lung Lesion,count,rf,4,128,auroc,0.6064826505972805
5374,chexpert,Lung Lesion,count,rf,4,128,auprc,0.19055317128552668
5375,chexpert,Lung Lesion,count,rf,4,128,brier,0.23866924056003394
5376,chexpert,Lung Opacity,count,rf,0,-1,auroc,0.6520137706628342
5377,chexpert,Lung Opacity,count,rf,0,-1,auprc,0.31958366730314874
5378,chexpert,Lung Opacity,count,rf,0,-1,brier,0.1495997825900124
5379,chexpert,Lung Opacity,count,rf,0,1,auroc,0.5043431629311625
5380,chexpert,Lung Opacity,count,rf,0,1,auprc,0.19522696802877368
5381,chexpert,Lung Opacity,count,rf,0,1,brier,0.5502906236741621
5382,chexpert,Lung Opacity,count,rf,1,1,auroc,0.5625931836677207
5383,chexpert,Lung Opacity,count,rf,1,1,auprc,0.2283293692585184
5384,chexpert,Lung Opacity,count,rf,1,1,brier,0.23284690284259651
5385,chexpert,Lung Opacity,count,rf,2,1,auroc,0.4814092875380613
5386,chexpert,Lung Opacity,count,rf,2,1,auprc,0.18793133541877305
5387,chexpert,Lung Opacity,count,rf,2,1,brier,0.4480202588035639
5388,chexpert,Lung Opacity,count,rf,3,1,auroc,0.5269580310109182
5389,chexpert,Lung Opacity,count,rf,3,1,auprc,0.20116042420612107
5390,chexpert,Lung Opacity,count,rf,3,1,brier,0.2112534471786169
5391,chexpert,Lung Opacity,count,rf,4,1,auroc,0.5815409114426603
5392,chexpert,Lung Opacity,count,rf,4,1,auprc,0.24012416917697937
5393,chexpert,Lung Opacity,count,rf,4,1,brier,0.4300954603309292
5394,chexpert,Lung Opacity,count,rf,0,2,auroc,0.5301490426135008
5395,chexpert,Lung Opacity,count,rf,0,2,auprc,0.20766272480895662
5396,chexpert,Lung Opacity,count,rf,0,2,brier,0.26983559609673313
5397,chexpert,Lung Opacity,count,rf,1,2,auroc,0.5168520901187359
5398,chexpert,Lung Opacity,count,rf,1,2,auprc,0.20114532175393693
5399,chexpert,Lung Opacity,count,rf,1,2,brier,0.3407002969876962
5400,chexpert,Lung Opacity,count,rf,2,2,auroc,0.4765631773446044
5401,chexpert,Lung Opacity,count,rf,2,2,auprc,0.18336521236518702
5402,chexpert,Lung Opacity,count,rf,2,2,brier,0.3508456194314807
5403,chexpert,Lung Opacity,count,rf,3,2,auroc,0.5521456039182385
5404,chexpert,Lung Opacity,count,rf,3,2,auprc,0.21478318003247612
5405,chexpert,Lung Opacity,count,rf,3,2,brier,0.17554491938905387
5406,chexpert,Lung Opacity,count,rf,4,2,auroc,0.563025059941106
5407,chexpert,Lung Opacity,count,rf,4,2,auprc,0.22104917321988057
5408,chexpert,Lung Opacity,count,rf,4,2,brier,0.33999363597793814
5409,chexpert,Lung Opacity,count,rf,0,4,auroc,0.5597954267244389
5410,chexpert,Lung Opacity,count,rf,0,4,auprc,0.21622244260007983
5411,chexpert,Lung Opacity,count,rf,0,4,brier,0.22259444798001224
5412,chexpert,Lung Opacity,count,rf,1,4,auroc,0.5590331732232813
5413,chexpert,Lung Opacity,count,rf,1,4,auprc,0.22567413497338276
5414,chexpert,Lung Opacity,count,rf,1,4,brier,0.2121029274501485
5415,chexpert,Lung Opacity,count,rf,2,4,auroc,0.5221396778466494
5416,chexpert,Lung Opacity,count,rf,2,4,auprc,0.2082934940124629
5417,chexpert,Lung Opacity,count,rf,2,4,brier,0.41665199406024617
5418,chexpert,Lung Opacity,count,rf,3,4,auroc,0.5305714259107139
5419,chexpert,Lung Opacity,count,rf,3,4,auprc,0.20097664639650356
5420,chexpert,Lung Opacity,count,rf,3,4,brier,0.21672358930844296
5421,chexpert,Lung Opacity,count,rf,4,4,auroc,0.6104673453531017
5422,chexpert,Lung Opacity,count,rf,4,4,auprc,0.2738507540007832
5423,chexpert,Lung Opacity,count,rf,4,4,brier,0.2495893084429359
5424,chexpert,Lung Opacity,count,rf,0,8,auroc,0.6106017269131361
5425,chexpert,Lung Opacity,count,rf,0,8,auprc,0.2703433081351743
5426,chexpert,Lung Opacity,count,rf,0,8,brier,0.26097187102248626
5427,chexpert,Lung Opacity,count,rf,1,8,auroc,0.5569291976298313
5428,chexpert,Lung Opacity,count,rf,1,8,auprc,0.2310130777772761
5429,chexpert,Lung Opacity,count,rf,1,8,brier,0.24077736529486635
5430,chexpert,Lung Opacity,count,rf,2,8,auroc,0.5748565567986421
5431,chexpert,Lung Opacity,count,rf,2,8,auprc,0.2471988218168013
5432,chexpert,Lung Opacity,count,rf,2,8,brier,0.3009028001697072
5433,chexpert,Lung Opacity,count,rf,3,8,auroc,0.5091994519051538
5434,chexpert,Lung Opacity,count,rf,3,8,auprc,0.20026382738642157
5435,chexpert,Lung Opacity,count,rf,3,8,brier,0.23584246924056004
5436,chexpert,Lung Opacity,count,rf,4,8,auroc,0.55232810006853
5437,chexpert,Lung Opacity,count,rf,4,8,auprc,0.21721085018536684
5438,chexpert,Lung Opacity,count,rf,4,8,brier,0.31673631735256685
5439,chexpert,Lung Opacity,count,rf,0,12,auroc,0.6127117303659807
5440,chexpert,Lung Opacity,count,rf,0,12,auprc,0.2592784292826117
5441,chexpert,Lung Opacity,count,rf,0,12,brier,0.26212863809927883
5442,chexpert,Lung Opacity,count,rf,1,12,auroc,0.581633747696329
5443,chexpert,Lung Opacity,count,rf,1,12,auprc,0.25473537199359625
5444,chexpert,Lung Opacity,count,rf,1,12,brier,0.20390459270258807
5445,chexpert,Lung Opacity,count,rf,2,12,auroc,0.48501170956806094
5446,chexpert,Lung Opacity,count,rf,2,12,auprc,0.1824131391061135
5447,chexpert,Lung Opacity,count,rf,2,12,brier,0.3465365141190728
5448,chexpert,Lung Opacity,count,rf,3,12,auroc,0.5405225915868264
5449,chexpert,Lung Opacity,count,rf,3,12,auprc,0.20581898011282404
5450,chexpert,Lung Opacity,count,rf,3,12,brier,0.26412544234405316
5451,chexpert,Lung Opacity,count,rf,4,12,auroc,0.549016531278057
5452,chexpert,Lung Opacity,count,rf,4,12,auprc,0.20452095390215555
5453,chexpert,Lung Opacity,count,rf,4,12,brier,0.3091148599915146
5454,chexpert,Lung Opacity,count,rf,0,16,auroc,0.5762500029778347
5455,chexpert,Lung Opacity,count,rf,0,16,auprc,0.23768512666942151
5456,chexpert,Lung Opacity,count,rf,0,16,brier,0.24363756894357239
5457,chexpert,Lung Opacity,count,rf,1,16,auroc,0.6014615429428674
5458,chexpert,Lung Opacity,count,rf,1,16,auprc,0.26549451481553094
5459,chexpert,Lung Opacity,count,rf,1,16,brier,0.24650426123511346
5460,chexpert,Lung Opacity,count,rf,2,16,auroc,0.5283059253424709
5461,chexpert,Lung Opacity,count,rf,2,16,auprc,0.20379422088778273
5462,chexpert,Lung Opacity,count,rf,2,16,brier,0.2942221467967756
5463,chexpert,Lung Opacity,count,rf,3,16,auroc,0.5256391931273451
5464,chexpert,Lung Opacity,count,rf,3,16,auprc,0.2010218058195698
5465,chexpert,Lung Opacity,count,rf,3,16,brier,0.2732156449612266
5466,chexpert,Lung Opacity,count,rf,4,16,auroc,0.5257500046742981
5467,chexpert,Lung Opacity,count,rf,4,16,auprc,0.19854641324049235
5468,chexpert,Lung Opacity,count,rf,4,16,brier,0.3496075519728469
5469,chexpert,Lung Opacity,count,rf,0,24,auroc,0.5876937316109682
5470,chexpert,Lung Opacity,count,rf,0,24,auprc,0.24449670984317246
5471,chexpert,Lung Opacity,count,rf,0,24,brier,0.2456808992550626
5472,chexpert,Lung Opacity,count,rf,1,24,auroc,0.5243766994863759
5473,chexpert,Lung Opacity,count,rf,1,24,auprc,0.20443774902991407
5474,chexpert,Lung Opacity,count,rf,1,24,brier,0.2454412388629614
5475,chexpert,Lung Opacity,count,rf,2,24,auroc,0.5788377955013688
5476,chexpert,Lung Opacity,count,rf,2,24,auprc,0.2335548657731688
5477,chexpert,Lung Opacity,count,rf,2,24,brier,0.2830096242404999
5478,chexpert,Lung Opacity,count,rf,3,24,auroc,0.5367491877008279
5479,chexpert,Lung Opacity,count,rf,3,24,auprc,0.2312619381700376
5480,chexpert,Lung Opacity,count,rf,3,24,brier,0.25531068337305995
5481,chexpert,Lung Opacity,count,rf,4,24,auroc,0.5839817252628743
5482,chexpert,Lung Opacity,count,rf,4,24,auprc,0.2570264245032793
5483,chexpert,Lung Opacity,count,rf,4,24,brier,0.2899214426213291
5484,chexpert,Lung Opacity,count,rf,0,32,auroc,0.583964002634355
5485,chexpert,Lung Opacity,count,rf,0,32,auprc,0.2517616122780983
5486,chexpert,Lung Opacity,count,rf,0,32,brier,0.23125517932399942
5487,chexpert,Lung Opacity,count,rf,1,32,auroc,0.5306537224341838
5488,chexpert,Lung Opacity,count,rf,1,32,auprc,0.2128557013347209
5489,chexpert,Lung Opacity,count,rf,1,32,brier,0.2556120067882902
5490,chexpert,Lung Opacity,count,rf,2,32,auroc,0.5931824765868194
5491,chexpert,Lung Opacity,count,rf,2,32,auprc,0.2604632865908739
5492,chexpert,Lung Opacity,count,rf,2,32,brier,0.25167182391289206
5493,chexpert,Lung Opacity,count,rf,3,32,auroc,0.5205918895909842
5494,chexpert,Lung Opacity,count,rf,3,32,auprc,0.20576588875570298
5495,chexpert,Lung Opacity,count,rf,3,32,brier,0.26496844505727624
5496,chexpert,Lung Opacity,count,rf,4,32,auroc,0.6313365164762333
5497,chexpert,Lung Opacity,count,rf,4,32,auprc,0.2957751325604938
5498,chexpert,Lung Opacity,count,rf,4,32,brier,0.24959100551548583
5499,chexpert,Lung Opacity,count,rf,0,48,auroc,0.6347920680878122
5500,chexpert,Lung Opacity,count,rf,0,48,auprc,0.30885602196467576
5501,chexpert,Lung Opacity,count,rf,0,48,brier,0.24733431901674524
5502,chexpert,Lung Opacity,count,rf,1,48,auroc,0.5465247874602044
5503,chexpert,Lung Opacity,count,rf,1,48,auprc,0.21972422618388368
5504,chexpert,Lung Opacity,count,rf,1,48,brier,0.27871340687314383
5505,chexpert,Lung Opacity,count,rf,2,48,auroc,0.5368268640685944
5506,chexpert,Lung Opacity,count,rf,2,48,auprc,0.21322991535851427
5507,chexpert,Lung Opacity,count,rf,2,48,brier,0.2499987495362854
5508,chexpert,Lung Opacity,count,rf,3,48,auroc,0.5708958200368501
5509,chexpert,Lung Opacity,count,rf,3,48,auprc,0.2204821814169809
5510,chexpert,Lung Opacity,count,rf,3,48,brier,0.23408829668946093
5511,chexpert,Lung Opacity,count,rf,4,48,auroc,0.60509197466682
5512,chexpert,Lung Opacity,count,rf,4,48,auprc,0.26801194326743893
5513,chexpert,Lung Opacity,count,rf,4,48,brier,0.2302057700466695
5514,chexpert,Lung Opacity,count,rf,0,64,auroc,0.5944049409100133
5515,chexpert,Lung Opacity,count,rf,0,64,auprc,0.24393948653180764
5516,chexpert,Lung Opacity,count,rf,0,64,brier,0.24733181873274773
5517,chexpert,Lung Opacity,count,rf,1,64,auroc,0.587178656439952
5518,chexpert,Lung Opacity,count,rf,1,64,auprc,0.258172261743415
5519,chexpert,Lung Opacity,count,rf,1,64,brier,0.26730488623204834
5520,chexpert,Lung Opacity,count,rf,2,64,auroc,0.6153099543348142
5521,chexpert,Lung Opacity,count,rf,2,64,auprc,0.28159424229091873
5522,chexpert,Lung Opacity,count,rf,2,64,brier,0.254677565074356
5523,chexpert,Lung Opacity,count,rf,3,64,auroc,0.5394101086263576
5524,chexpert,Lung Opacity,count,rf,3,64,auprc,0.20653798051226446
5525,chexpert,Lung Opacity,count,rf,3,64,brier,0.24240387675010605
5526,chexpert,Lung Opacity,count,rf,4,64,auroc,0.6217932961107602
5527,chexpert,Lung Opacity,count,rf,4,64,auprc,0.2830555583139088
5528,chexpert,Lung Opacity,count,rf,4,64,brier,0.24158624757947064
5529,chexpert,Lung Opacity,count,rf,0,128,auroc,0.5507393079309953
5530,chexpert,Lung Opacity,count,rf,0,128,auprc,0.21935322976010455
5531,chexpert,Lung Opacity,count,rf,0,128,brier,0.2694686783424261
5532,chexpert,Lung Opacity,count,rf,1,128,auroc,0.6387938087314734
5533,chexpert,Lung Opacity,count,rf,1,128,auprc,0.32944781236622533
5534,chexpert,Lung Opacity,count,rf,1,128,brier,0.24403512452149276
5535,chexpert,Lung Opacity,count,rf,2,128,auroc,0.6281656097699545
5536,chexpert,Lung Opacity,count,rf,2,128,auprc,0.2773616877669685
5537,chexpert,Lung Opacity,count,rf,2,128,brier,0.23347592702163156
5538,chexpert,Lung Opacity,count,rf,3,128,auroc,0.6291823688794398
5539,chexpert,Lung Opacity,count,rf,3,128,auprc,0.28397349297497143
5540,chexpert,Lung Opacity,count,rf,3,128,brier,0.2315816969664828
5541,chexpert,Lung Opacity,count,rf,4,128,auroc,0.6284192130041213
5542,chexpert,Lung Opacity,count,rf,4,128,auprc,0.27700265893773407
5543,chexpert,Lung Opacity,count,rf,4,128,brier,0.2414655304425102
5544,chexpert,Edema,count,rf,0,-1,auroc,0.6004146980213511
5545,chexpert,Edema,count,rf,0,-1,auprc,0.09755050588765368
5546,chexpert,Edema,count,rf,0,-1,brier,0.07329046389333113
5547,chexpert,Edema,count,rf,0,1,auroc,0.4554060956184495
5548,chexpert,Edema,count,rf,0,1,auprc,0.06799421394139045
5549,chexpert,Edema,count,rf,0,1,brier,0.30283695375477304
5550,chexpert,Edema,count,rf,1,1,auroc,0.5208881604259968
5551,chexpert,Edema,count,rf,1,1,auprc,0.07864016812112205
5552,chexpert,Edema,count,rf,1,1,brier,0.2021977089520577
5553,chexpert,Edema,count,rf,2,1,auroc,0.48334619044687605
5554,chexpert,Edema,count,rf,2,1,auprc,0.0746453205936797
5555,chexpert,Edema,count,rf,2,1,brier,0.2539383514825814
5556,chexpert,Edema,count,rf,3,1,auroc,0.4802577578732988
5557,chexpert,Edema,count,rf,3,1,auprc,0.07209234322802988
5558,chexpert,Edema,count,rf,3,1,brier,0.5645473589308444
5559,chexpert,Edema,count,rf,4,1,auroc,0.5027791885333784
5560,chexpert,Edema,count,rf,4,1,auprc,0.07526830369251274
5561,chexpert,Edema,count,rf,4,1,brier,0.20089175859142977
5562,chexpert,Edema,count,rf,0,2,auroc,0.48394167359219414
5563,chexpert,Edema,count,rf,0,2,auprc,0.07208088809987191
5564,chexpert,Edema,count,rf,0,2,brier,0.24323769622401367
5565,chexpert,Edema,count,rf,1,2,auroc,0.5411568708927775
5566,chexpert,Edema,count,rf,1,2,auprc,0.08308610266555119
5567,chexpert,Edema,count,rf,1,2,brier,0.2724437844717862
5568,chexpert,Edema,count,rf,2,2,auroc,0.5643755835398166
5569,chexpert,Edema,count,rf,2,2,auprc,0.08940153360202234
5570,chexpert,Edema,count,rf,2,2,brier,0.24618069579974547
5571,chexpert,Edema,count,rf,3,2,auroc,0.46118658653574846
5572,chexpert,Edema,count,rf,3,2,auprc,0.06895304768733859
5573,chexpert,Edema,count,rf,3,2,brier,0.30980564276622824
5574,chexpert,Edema,count,rf,4,2,auroc,0.5509184179273693
5575,chexpert,Edema,count,rf,4,2,auprc,0.08808789544879196
5576,chexpert,Edema,count,rf,4,2,brier,0.17617522274077216
5577,chexpert,Edema,count,rf,0,4,auroc,0.5656871854656264
5578,chexpert,Edema,count,rf,0,4,auprc,0.08989949742212885
5579,chexpert,Edema,count,rf,0,4,brier,0.29729104794229955
5580,chexpert,Edema,count,rf,1,4,auroc,0.5147124976273656
5581,chexpert,Edema,count,rf,1,4,auprc,0.07603423203318854
5582,chexpert,Edema,count,rf,1,4,brier,0.36218153372931694
5583,chexpert,Edema,count,rf,2,4,auroc,0.5100126775628299
5584,chexpert,Edema,count,rf,2,4,auprc,0.07689624322928829
5585,chexpert,Edema,count,rf,2,4,brier,0.26466138099278746
5586,chexpert,Edema,count,rf,3,4,auroc,0.5529164807034285
5587,chexpert,Edema,count,rf,3,4,auprc,0.10471035592597104
5588,chexpert,Edema,count,rf,3,4,brier,0.24208823716588881
5589,chexpert,Edema,count,rf,4,4,auroc,0.4976300909039609
5590,chexpert,Edema,count,rf,4,4,auprc,0.07322363616881995
5591,chexpert,Edema,count,rf,4,4,brier,0.19095964149342384
5592,chexpert,Edema,count,rf,0,8,auroc,0.5430497682513299
5593,chexpert,Edema,count,rf,0,8,auprc,0.08431123886251923
5594,chexpert,Edema,count,rf,0,8,brier,0.31431056427662285
5595,chexpert,Edema,count,rf,1,8,auroc,0.5472740995531752
5596,chexpert,Edema,count,rf,1,8,auprc,0.08827586789123175
5597,chexpert,Edema,count,rf,1,8,brier,0.29550275774289353
5598,chexpert,Edema,count,rf,2,8,auroc,0.4790959685734952
5599,chexpert,Edema,count,rf,2,8,auprc,0.0732951356870467
5600,chexpert,Edema,count,rf,2,8,brier,0.3844304200254562
5601,chexpert,Edema,count,rf,3,8,auroc,0.5269193009321247
5602,chexpert,Edema,count,rf,3,8,auprc,0.08997615581304949
5603,chexpert,Edema,count,rf,3,8,brier,0.22810299109036913
5604,chexpert,Edema,count,rf,4,8,auroc,0.49166347643525143
5605,chexpert,Edema,count,rf,4,8,auprc,0.07756448701391672
5606,chexpert,Edema,count,rf,4,8,brier,0.30858613173525673
5607,chexpert,Edema,count,rf,0,12,auroc,0.5316892579938544
5608,chexpert,Edema,count,rf,0,12,auprc,0.08069577028738792
5609,chexpert,Edema,count,rf,0,12,brier,0.31052715316079765
5610,chexpert,Edema,count,rf,1,12,auroc,0.55535748867548
5611,chexpert,Edema,count,rf,1,12,auprc,0.08770060141916454
5612,chexpert,Edema,count,rf,1,12,brier,0.3274893932965635
5613,chexpert,Edema,count,rf,2,12,auroc,0.5718925061944996
5614,chexpert,Edema,count,rf,2,12,auprc,0.10581526277005994
5615,chexpert,Edema,count,rf,2,12,brier,0.2169981756470089
5616,chexpert,Edema,count,rf,3,12,auroc,0.5458290369412767
5617,chexpert,Edema,count,rf,3,12,auprc,0.08460806733375868
5618,chexpert,Edema,count,rf,3,12,brier,0.2662888841747985
5619,chexpert,Edema,count,rf,4,12,auroc,0.4783950795409658
5620,chexpert,Edema,count,rf,4,12,auprc,0.07330011858011751
5621,chexpert,Edema,count,rf,4,12,brier,0.32087289987271955
5622,chexpert,Edema,count,rf,0,16,auroc,0.5264524690788023
5623,chexpert,Edema,count,rf,0,16,auprc,0.08170803987402721
5624,chexpert,Edema,count,rf,0,16,brier,0.2686826474331778
5625,chexpert,Edema,count,rf,1,16,auroc,0.5876435123197439
5626,chexpert,Edema,count,rf,1,16,auprc,0.09751476108607195
5627,chexpert,Edema,count,rf,1,16,brier,0.2793254136614341
5628,chexpert,Edema,count,rf,2,16,auroc,0.6030262791705783
5629,chexpert,Edema,count,rf,2,16,auprc,0.10384388535263067
5630,chexpert,Edema,count,rf,2,16,brier,0.24593593551124313
5631,chexpert,Edema,count,rf,3,16,auroc,0.6314489165396987
5632,chexpert,Edema,count,rf,3,16,auprc,0.12009398797114756
5633,chexpert,Edema,count,rf,3,16,brier,0.24856529486635556
5634,chexpert,Edema,count,rf,4,16,auroc,0.5278277153197798
5635,chexpert,Edema,count,rf,4,16,auprc,0.07960552311483911
5636,chexpert,Edema,count,rf,4,16,brier,0.3101095645705248
5637,chexpert,Edema,count,rf,0,24,auroc,0.5603798587705393
5638,chexpert,Edema,count,rf,0,24,auprc,0.09140854151848232
5639,chexpert,Edema,count,rf,0,24,brier,0.25038073822655915
5640,chexpert,Edema,count,rf,1,24,auroc,0.6087830437436837
5641,chexpert,Edema,count,rf,1,24,auprc,0.10724433672150559
5642,chexpert,Edema,count,rf,1,24,brier,0.22617310140008487
5643,chexpert,Edema,count,rf,2,24,auroc,0.5415728834818474
5644,chexpert,Edema,count,rf,2,24,auprc,0.08754507269330153
5645,chexpert,Edema,count,rf,2,24,brier,0.2815286493915543
5646,chexpert,Edema,count,rf,3,24,auroc,0.4895832531767651
5647,chexpert,Edema,count,rf,3,24,auprc,0.07644836489013972
5648,chexpert,Edema,count,rf,3,24,brier,0.2807848206502003
5649,chexpert,Edema,count,rf,4,24,auroc,0.5674505498099328
5650,chexpert,Edema,count,rf,4,24,auprc,0.10175747853019891
5651,chexpert,Edema,count,rf,4,24,brier,0.26670997225904686
5652,chexpert,Edema,count,rf,0,32,auroc,0.5693856095233698
5653,chexpert,Edema,count,rf,0,32,auprc,0.09601570667977846
5654,chexpert,Edema,count,rf,0,32,brier,0.22730801866779804
5655,chexpert,Edema,count,rf,1,32,auroc,0.5936536518049976
5656,chexpert,Edema,count,rf,1,32,auprc,0.10224858124613163
5657,chexpert,Edema,count,rf,1,32,brier,0.25067432117098004
5658,chexpert,Edema,count,rf,2,32,auroc,0.5736000014107556
5659,chexpert,Edema,count,rf,2,32,auprc,0.10287217451854436
5660,chexpert,Edema,count,rf,2,32,brier,0.21562811082372985
5661,chexpert,Edema,count,rf,3,32,auroc,0.5150221424504056
5662,chexpert,Edema,count,rf,3,32,auprc,0.08060578037999397
5663,chexpert,Edema,count,rf,3,32,brier,0.21818534191023953
5664,chexpert,Edema,count,rf,4,32,auroc,0.5797011186009409
5665,chexpert,Edema,count,rf,4,32,auprc,0.10028685862197438
5666,chexpert,Edema,count,rf,4,32,brier,0.26575302998161504
5667,chexpert,Edema,count,rf,0,48,auroc,0.6007031815103807
5668,chexpert,Edema,count,rf,0,48,auprc,0.1052453963137048
5669,chexpert,Edema,count,rf,0,48,brier,0.23861833692782727
5670,chexpert,Edema,count,rf,1,48,auroc,0.5867714088574932
5671,chexpert,Edema,count,rf,1,48,auprc,0.1082738176941946
5672,chexpert,Edema,count,rf,1,48,brier,0.2473883750530335
5673,chexpert,Edema,count,rf,2,48,auroc,0.6361723026352915
5674,chexpert,Edema,count,rf,2,48,auprc,0.13461132603560297
5675,chexpert,Edema,count,rf,2,48,brier,0.26036798486505225
5676,chexpert,Edema,count,rf,3,48,auroc,0.6343439313141573
5677,chexpert,Edema,count,rf,3,48,auprc,0.11705093194452407
5678,chexpert,Edema,count,rf,3,48,brier,0.2625016122189223
5679,chexpert,Edema,count,rf,4,48,auroc,0.6235571817720116
5680,chexpert,Edema,count,rf,4,48,auprc,0.11773677542157826
5681,chexpert,Edema,count,rf,4,48,brier,0.23557086633559363
5682,chexpert,Edema,count,rf,0,64,auroc,0.5962143335334041
5683,chexpert,Edema,count,rf,0,64,auprc,0.09834688847902875
5684,chexpert,Edema,count,rf,0,64,brier,0.24072964639084005
5685,chexpert,Edema,count,rf,1,64,auroc,0.6114961832648476
5686,chexpert,Edema,count,rf,1,64,auprc,0.13006194950734432
5687,chexpert,Edema,count,rf,1,64,brier,0.2166052427016283
5688,chexpert,Edema,count,rf,2,64,auroc,0.6734200980090391
5689,chexpert,Edema,count,rf,2,64,auprc,0.1565061345650688
5690,chexpert,Edema,count,rf,2,64,brier,0.22442382971636318
5691,chexpert,Edema,count,rf,3,64,auroc,0.6316886648352493
5692,chexpert,Edema,count,rf,3,64,auprc,0.1326133098105942
5693,chexpert,Edema,count,rf,3,64,brier,0.2398619680326435
5694,chexpert,Edema,count,rf,4,64,auroc,0.665216474034402
5695,chexpert,Edema,count,rf,4,64,auprc,0.14282864403504864
5696,chexpert,Edema,count,rf,4,64,brier,0.2268313003818413
5697,chexpert,Edema,count,rf,0,128,auroc,0.6314962089149493
5698,chexpert,Edema,count,rf,0,128,auprc,0.12320868371292774
5699,chexpert,Edema,count,rf,0,128,brier,0.22397512728044128
5700,chexpert,Edema,count,rf,1,128,auroc,0.6084488710107679
5701,chexpert,Edema,count,rf,1,128,auprc,0.10704774467775781
5702,chexpert,Edema,count,rf,1,128,brier,0.22620810424919086
5703,chexpert,Edema,count,rf,2,128,auroc,0.6456826389850767
5704,chexpert,Edema,count,rf,2,128,auprc,0.1296728892844088
5705,chexpert,Edema,count,rf,2,128,brier,0.24270089055925698
5706,chexpert,Edema,count,rf,3,128,auroc,0.6138656915780456
5707,chexpert,Edema,count,rf,3,128,auprc,0.1216526834923773
5708,chexpert,Edema,count,rf,3,128,brier,0.23370040182776472
5709,chexpert,Edema,count,rf,4,128,auroc,0.681477837029513
5710,chexpert,Edema,count,rf,4,128,auprc,0.15428338030730773
5711,chexpert,Edema,count,rf,4,128,brier,0.21801375468289347
5712,chexpert,Consolidation,count,rf,0,-1,auroc,0.617261099275006
5713,chexpert,Consolidation,count,rf,0,-1,auprc,0.05733322828616518
5714,chexpert,Consolidation,count,rf,0,-1,brier,0.040778577136635914
5715,chexpert,Consolidation,count,rf,0,1,auroc,0.4688126175481313
5716,chexpert,Consolidation,count,rf,0,1,auprc,0.03485433681982033
5717,chexpert,Consolidation,count,rf,0,1,brier,0.5436558655070004
5718,chexpert,Consolidation,count,rf,1,1,auroc,0.42547639672543097
5719,chexpert,Consolidation,count,rf,1,1,auprc,0.03402544416186898
5720,chexpert,Consolidation,count,rf,1,1,brier,0.3454170873992363
5721,chexpert,Consolidation,count,rf,2,1,auroc,0.4540010457393924
5722,chexpert,Consolidation,count,rf,2,1,auprc,0.034663206488795395
5723,chexpert,Consolidation,count,rf,2,1,brier,0.5693370810352144
5724,chexpert,Consolidation,count,rf,3,1,auroc,0.5725195295733541
5725,chexpert,Consolidation,count,rf,3,1,auprc,0.048909459250964446
5726,chexpert,Consolidation,count,rf,3,1,brier,0.3729486635553671
5727,chexpert,Consolidation,count,rf,4,1,auroc,0.5143640889971047
5728,chexpert,Consolidation,count,rf,4,1,auprc,0.039133069460626876
5729,chexpert,Consolidation,count,rf,4,1,brier,0.27385710649130246
5730,chexpert,Consolidation,count,rf,0,2,auroc,0.6202277214587284
5731,chexpert,Consolidation,count,rf,0,2,auprc,0.054769154851012344
5732,chexpert,Consolidation,count,rf,0,2,brier,0.3358500212134069
5733,chexpert,Consolidation,count,rf,1,2,auroc,0.427921553937521
5734,chexpert,Consolidation,count,rf,1,2,auprc,0.03336831435418004
5735,chexpert,Consolidation,count,rf,1,2,brier,0.33017165888841754
5736,chexpert,Consolidation,count,rf,2,2,auroc,0.45295202865638096
5737,chexpert,Consolidation,count,rf,2,2,auprc,0.036433147202944445
5738,chexpert,Consolidation,count,rf,2,2,brier,0.27105377598642344
5739,chexpert,Consolidation,count,rf,3,2,auroc,0.5986399144678827
5740,chexpert,Consolidation,count,rf,3,2,auprc,0.05127276740568609
5741,chexpert,Consolidation,count,rf,3,2,brier,0.18907199830292748
5742,chexpert,Consolidation,count,rf,4,2,auroc,0.5742507745495127
5743,chexpert,Consolidation,count,rf,4,2,auprc,0.04984021336249781
5744,chexpert,Consolidation,count,rf,4,2,brier,0.14705107127704709
5745,chexpert,Consolidation,count,rf,0,4,auroc,0.5769372322243813
5746,chexpert,Consolidation,count,rf,0,4,auprc,0.05014002577697803
5747,chexpert,Consolidation,count,rf,0,4,brier,0.22664616037335597
5748,chexpert,Consolidation,count,rf,1,4,auroc,0.5088929990088888
5749,chexpert,Consolidation,count,rf,1,4,auprc,0.04054560348777605
5750,chexpert,Consolidation,count,rf,1,4,brier,0.3736137038608401
5751,chexpert,Consolidation,count,rf,2,4,auroc,0.4779419224435964
5752,chexpert,Consolidation,count,rf,2,4,auprc,0.03544197749105591
5753,chexpert,Consolidation,count,rf,2,4,brier,0.4627969876962241
5754,chexpert,Consolidation,count,rf,3,4,auroc,0.58768587237297
5755,chexpert,Consolidation,count,rf,3,4,auprc,0.0480273722946121
5756,chexpert,Consolidation,count,rf,3,4,brier,0.32713088672040735
5757,chexpert,Consolidation,count,rf,4,4,auroc,0.5986932940010458
5758,chexpert,Consolidation,count,rf,4,4,auprc,0.05127316250374769
5759,chexpert,Consolidation,count,rf,4,4,brier,0.16672093763258378
5760,chexpert,Consolidation,count,rf,0,8,auroc,0.5691019908068581
5761,chexpert,Consolidation,count,rf,0,8,auprc,0.04499251740329048
5762,chexpert,Consolidation,count,rf,0,8,brier,0.24455637462876545
5763,chexpert,Consolidation,count,rf,1,8,auroc,0.4951521394735404
5764,chexpert,Consolidation,count,rf,1,8,auprc,0.03900002403958046
5765,chexpert,Consolidation,count,rf,1,8,brier,0.42843232923207475
5766,chexpert,Consolidation,count,rf,2,8,auroc,0.4987813234066131
5767,chexpert,Consolidation,count,rf,2,8,auprc,0.040338598168887616
5768,chexpert,Consolidation,count,rf,2,8,brier,0.29285950242775655
5769,chexpert,Consolidation,count,rf,3,8,auroc,0.5651689181279704
5770,chexpert,Consolidation,count,rf,3,8,auprc,0.047903340936428465
5771,chexpert,Consolidation,count,rf,3,8,brier,0.26404751803139587
5772,chexpert,Consolidation,count,rf,4,8,auroc,0.5111235455247817
5773,chexpert,Consolidation,count,rf,4,8,auprc,0.03956825875715565
5774,chexpert,Consolidation,count,rf,4,8,brier,0.30172252863809934
5775,chexpert,Consolidation,count,rf,0,12,auroc,0.5144650730846971
5776,chexpert,Consolidation,count,rf,0,12,auprc,0.0377228468189132
5777,chexpert,Consolidation,count,rf,0,12,brier,0.2597069898175647
5778,chexpert,Consolidation,count,rf,1,12,auroc,0.4977193516415767
5779,chexpert,Consolidation,count,rf,1,12,auprc,0.03713282505153953
5780,chexpert,Consolidation,count,rf,1,12,brier,0.33057488332626217
5781,chexpert,Consolidation,count,rf,2,12,auroc,0.5611357978445282
5782,chexpert,Consolidation,count,rf,2,12,auprc,0.04334581644245034
5783,chexpert,Consolidation,count,rf,2,12,brier,0.2552368366481086
5784,chexpert,Consolidation,count,rf,3,12,auroc,0.5951825751722739
5785,chexpert,Consolidation,count,rf,3,12,auprc,0.068241085058755
5786,chexpert,Consolidation,count,rf,3,12,brier,0.21562123410467637
5787,chexpert,Consolidation,count,rf,4,12,auroc,0.5818910714146356
5788,chexpert,Consolidation,count,rf,4,12,auprc,0.047759874412087504
5789,chexpert,Consolidation,count,rf,4,12,brier,0.21408145948239288
5790,chexpert,Consolidation,count,rf,0,16,auroc,0.48437384402875006
5791,chexpert,Consolidation,count,rf,0,16,auprc,0.038364074052853935
5792,chexpert,Consolidation,count,rf,0,16,brier,0.29053652709506306
5793,chexpert,Consolidation,count,rf,1,16,auroc,0.460732954057703
5794,chexpert,Consolidation,count,rf,1,16,auprc,0.03645355081508593
5795,chexpert,Consolidation,count,rf,1,16,brier,0.32286089866839773
5796,chexpert,Consolidation,count,rf,2,16,auroc,0.542000171688557
5797,chexpert,Consolidation,count,rf,2,16,auprc,0.04332414345367555
5798,chexpert,Consolidation,count,rf,2,16,brier,0.24371031244430208
5799,chexpert,Consolidation,count,rf,3,16,auroc,0.59305909988372
5800,chexpert,Consolidation,count,rf,3,16,auprc,0.054384656453428916
5801,chexpert,Consolidation,count,rf,3,16,brier,0.21592519092066187
5802,chexpert,Consolidation,count,rf,4,16,auroc,0.5774576046324694
5803,chexpert,Consolidation,count,rf,4,16,auprc,0.04851007290307897
5804,chexpert,Consolidation,count,rf,4,16,brier,0.23931120067882902
5805,chexpert,Consolidation,count,rf,0,24,auroc,0.5312793138700942
5806,chexpert,Consolidation,count,rf,0,24,auprc,0.04050038932937634
5807,chexpert,Consolidation,count,rf,0,24,brier,0.2833264000639571
5808,chexpert,Consolidation,count,rf,1,24,auroc,0.5231548552743505
5809,chexpert,Consolidation,count,rf,1,24,auprc,0.051846478407585044
5810,chexpert,Consolidation,count,rf,1,24,brier,0.2550993848112007
5811,chexpert,Consolidation,count,rf,2,24,auroc,0.5656719655998563
5812,chexpert,Consolidation,count,rf,2,24,auprc,0.046761143985549834
5813,chexpert,Consolidation,count,rf,2,24,brier,0.24370492151039458
5814,chexpert,Consolidation,count,rf,3,24,auroc,0.5917709674650184
5815,chexpert,Consolidation,count,rf,3,24,auprc,0.05342467658910021
5816,chexpert,Consolidation,count,rf,3,24,brier,0.24973312267408265
5817,chexpert,Consolidation,count,rf,4,24,auroc,0.5997427793255762
5818,chexpert,Consolidation,count,rf,4,24,auprc,0.060362072019285035
5819,chexpert,Consolidation,count,rf,4,24,brier,0.2327650827322868
5820,chexpert,Consolidation,count,rf,0,32,auroc,0.6039038856242049
5821,chexpert,Consolidation,count,rf,0,32,auprc,0.04760917754327996
5822,chexpert,Consolidation,count,rf,0,32,brier,0.22739358791697173
5823,chexpert,Consolidation,count,rf,1,32,auroc,0.5393191768314096
5824,chexpert,Consolidation,count,rf,1,32,auprc,0.04461323480930622
5825,chexpert,Consolidation,count,rf,1,32,brier,0.2659702481968605
5826,chexpert,Consolidation,count,rf,2,32,auroc,0.5365048892218607
5827,chexpert,Consolidation,count,rf,2,32,auprc,0.04112535924950275
5828,chexpert,Consolidation,count,rf,2,32,brier,0.25344717861688587
5829,chexpert,Consolidation,count,rf,3,32,auroc,0.5686591904104137
5830,chexpert,Consolidation,count,rf,3,32,auprc,0.04967837039288205
5831,chexpert,Consolidation,count,rf,3,32,brier,0.23536805260924906
5832,chexpert,Consolidation,count,rf,4,32,auroc,0.6069446460484318
5833,chexpert,Consolidation,count,rf,4,32,auprc,0.05521939822288566
5834,chexpert,Consolidation,count,rf,4,32,brier,0.2012667939471079
5835,chexpert,Consolidation,count,rf,0,48,auroc,0.5749576631626593
5836,chexpert,Consolidation,count,rf,0,48,auprc,0.0460834463322991
5837,chexpert,Consolidation,count,rf,0,48,brier,0.22280335171828597
5838,chexpert,Consolidation,count,rf,1,48,auroc,0.5815092984961643
5839,chexpert,Consolidation,count,rf,1,48,auprc,0.05239667229401847
5840,chexpert,Consolidation,count,rf,1,48,brier,0.23946017453834106
5841,chexpert,Consolidation,count,rf,2,48,auroc,0.5330065007530884
5842,chexpert,Consolidation,count,rf,2,48,auprc,0.043039699856870214
5843,chexpert,Consolidation,count,rf,2,48,brier,0.18817239261571309
5844,chexpert,Consolidation,count,rf,3,48,auroc,0.6312534045060443
5845,chexpert,Consolidation,count,rf,3,48,auprc,0.06813497427821909
5846,chexpert,Consolidation,count,rf,3,48,brier,0.2246933769317651
5847,chexpert,Consolidation,count,rf,4,48,auroc,0.5726570364994263
5848,chexpert,Consolidation,count,rf,4,48,auprc,0.04682918980495791
5849,chexpert,Consolidation,count,rf,4,48,brier,0.22063502999130352
5850,chexpert,Consolidation,count,rf,0,64,auroc,0.6283190909871311
5851,chexpert,Consolidation,count,rf,0,64,auprc,0.05357595658842912
5852,chexpert,Consolidation,count,rf,0,64,brier,0.2195582095884599
5853,chexpert,Consolidation,count,rf,1,64,auroc,0.5554895855282154
5854,chexpert,Consolidation,count,rf,1,64,auprc,0.046089133823909494
5855,chexpert,Consolidation,count,rf,1,64,brier,0.24422218209305763
5856,chexpert,Consolidation,count,rf,2,64,auroc,0.6006304091650473
5857,chexpert,Consolidation,count,rf,2,64,auprc,0.05240814125355002
5858,chexpert,Consolidation,count,rf,2,64,brier,0.23310136643171345
5859,chexpert,Consolidation,count,rf,3,64,auroc,0.6329601448427099
5860,chexpert,Consolidation,count,rf,3,64,auprc,0.06082316884286313
5861,chexpert,Consolidation,count,rf,3,64,brier,0.2162481756470089
5862,chexpert,Consolidation,count,rf,4,64,auroc,0.6143066513707771
5863,chexpert,Consolidation,count,rf,4,64,auprc,0.06642031237370098
5864,chexpert,Consolidation,count,rf,4,64,brier,0.2065983421545496
5865,chexpert,Consolidation,count,rf,0,128,auroc,0.5977162300314502
5866,chexpert,Consolidation,count,rf,0,128,auprc,0.049416794070594176
5867,chexpert,Consolidation,count,rf,0,128,brier,0.19846980179745108
5868,chexpert,Consolidation,count,rf,1,128,auroc,0.6059226308930146
5869,chexpert,Consolidation,count,rf,1,128,auprc,0.04954047767270703
5870,chexpert,Consolidation,count,rf,1,128,brier,0.1898248772444158
5871,chexpert,Consolidation,count,rf,2,128,auroc,0.6240543472323024
5872,chexpert,Consolidation,count,rf,2,128,auprc,0.06924156916521655
5873,chexpert,Consolidation,count,rf,2,128,brier,0.23300333913905147
5874,chexpert,Consolidation,count,rf,3,128,auroc,0.6268383552236243
5875,chexpert,Consolidation,count,rf,3,128,auprc,0.06427357933997106
5876,chexpert,Consolidation,count,rf,3,128,brier,0.2019708573949812
5877,chexpert,Consolidation,count,rf,4,128,auroc,0.6291527169714138
5878,chexpert,Consolidation,count,rf,4,128,auprc,0.07179138701254932
5879,chexpert,Consolidation,count,rf,4,128,brier,0.1872848747552519
5880,chexpert,Pneumonia,count,rf,0,-1,auroc,0.5674088474410771
5881,chexpert,Pneumonia,count,rf,0,-1,auprc,0.037843196408354256
5882,chexpert,Pneumonia,count,rf,0,-1,brier,0.03722739815074096
5883,chexpert,Pneumonia,count,rf,0,1,auroc,0.5457600704738589
5884,chexpert,Pneumonia,count,rf,0,1,auprc,0.03810467529192416
5885,chexpert,Pneumonia,count,rf,0,1,brier,0.23245571701315237
5886,chexpert,Pneumonia,count,rf,1,1,auroc,0.43582350402252906
5887,chexpert,Pneumonia,count,rf,1,1,auprc,0.02896581686430274
5888,chexpert,Pneumonia,count,rf,1,1,brier,0.39568413237165884
5889,chexpert,Pneumonia,count,rf,2,1,auroc,0.505814624033284
5890,chexpert,Pneumonia,count,rf,2,1,auprc,0.03310457264394323
5891,chexpert,Pneumonia,count,rf,2,1,brier,0.19111370386084012
5892,chexpert,Pneumonia,count,rf,3,1,auroc,0.4704432565149403
5893,chexpert,Pneumonia,count,rf,3,1,auprc,0.03057182354968814
5894,chexpert,Pneumonia,count,rf,3,1,brier,0.38151543275350025
5895,chexpert,Pneumonia,count,rf,4,1,auroc,0.4669936814100432
5896,chexpert,Pneumonia,count,rf,4,1,auprc,0.03223404932062584
5897,chexpert,Pneumonia,count,rf,4,1,brier,0.47114128128977517
5898,chexpert,Pneumonia,count,rf,0,2,auroc,0.551109467978971
5899,chexpert,Pneumonia,count,rf,0,2,auprc,0.0398847571108881
5900,chexpert,Pneumonia,count,rf,0,2,brier,0.2165857021637675
5901,chexpert,Pneumonia,count,rf,1,2,auroc,0.4626295735482456
5902,chexpert,Pneumonia,count,rf,1,2,auprc,0.032219733216172095
5903,chexpert,Pneumonia,count,rf,1,2,brier,0.2857627916843445
5904,chexpert,Pneumonia,count,rf,2,2,auroc,0.5441538891522617
5905,chexpert,Pneumonia,count,rf,2,2,auprc,0.04173800248844815
5906,chexpert,Pneumonia,count,rf,2,2,brier,0.07280149554518456
5907,chexpert,Pneumonia,count,rf,3,2,auroc,0.45166402507624054
5908,chexpert,Pneumonia,count,rf,3,2,auprc,0.029690029998402288
5909,chexpert,Pneumonia,count,rf,3,2,brier,0.5225084853627494
5910,chexpert,Pneumonia,count,rf,4,2,auroc,0.5379679683575204
5911,chexpert,Pneumonia,count,rf,4,2,auprc,0.03571122947255639
5912,chexpert,Pneumonia,count,rf,4,2,brier,0.1988128447178617
5913,chexpert,Pneumonia,count,rf,0,4,auroc,0.5504167580609783
5914,chexpert,Pneumonia,count,rf,0,4,auprc,0.03575898831581259
5915,chexpert,Pneumonia,count,rf,0,4,brier,0.2877471361900722
5916,chexpert,Pneumonia,count,rf,1,4,auroc,0.523404785995797
5917,chexpert,Pneumonia,count,rf,1,4,auprc,0.03417042385109977
5918,chexpert,Pneumonia,count,rf,1,4,brier,0.31233029274501484
5919,chexpert,Pneumonia,count,rf,2,4,auroc,0.537667605374693
5920,chexpert,Pneumonia,count,rf,2,4,auprc,0.0356515471238316
5921,chexpert,Pneumonia,count,rf,2,4,brier,0.2635776410691557
5922,chexpert,Pneumonia,count,rf,3,4,auroc,0.45211138549059293
5923,chexpert,Pneumonia,count,rf,3,4,auprc,0.030334227369377763
5924,chexpert,Pneumonia,count,rf,3,4,brier,0.43640432753500225
5925,chexpert,Pneumonia,count,rf,4,4,auroc,0.5652843719264977
5926,chexpert,Pneumonia,count,rf,4,4,auprc,0.03954734636128507
5927,chexpert,Pneumonia,count,rf,4,4,brier,0.18701951633432326
5928,chexpert,Pneumonia,count,rf,0,8,auroc,0.540766580107409
5929,chexpert,Pneumonia,count,rf,0,8,auprc,0.03649976729727711
5930,chexpert,Pneumonia,count,rf,0,8,brier,0.27879567511667375
5931,chexpert,Pneumonia,count,rf,1,8,auroc,0.5576695158106263
5932,chexpert,Pneumonia,count,rf,1,8,auprc,0.03885593296006614
5933,chexpert,Pneumonia,count,rf,1,8,brier,0.17070273652948664
5934,chexpert,Pneumonia,count,rf,2,8,auroc,0.5605019139737775
5935,chexpert,Pneumonia,count,rf,2,8,auprc,0.03854017482458902
5936,chexpert,Pneumonia,count,rf,2,8,brier,0.19559742257106488
5937,chexpert,Pneumonia,count,rf,3,8,auroc,0.5480916867734152
5938,chexpert,Pneumonia,count,rf,3,8,auprc,0.03676029954038352
5939,chexpert,Pneumonia,count,rf,3,8,brier,0.29435299109036916
5940,chexpert,Pneumonia,count,rf,4,8,auroc,0.5460659171153833
5941,chexpert,Pneumonia,count,rf,4,8,auprc,0.038678389649594025
5942,chexpert,Pneumonia,count,rf,4,8,brier,0.2057884316221185
5943,chexpert,Pneumonia,count,rf,0,12,auroc,0.466597442846125
5944,chexpert,Pneumonia,count,rf,0,12,auprc,0.031224781950674883
5945,chexpert,Pneumonia,count,rf,0,12,brier,0.23929477764190366
5946,chexpert,Pneumonia,count,rf,1,12,auroc,0.5830562021948789
5947,chexpert,Pneumonia,count,rf,1,12,auprc,0.04637872239702853
5948,chexpert,Pneumonia,count,rf,1,12,brier,0.17173716588884178
5949,chexpert,Pneumonia,count,rf,2,12,auroc,0.5614836657727713
5950,chexpert,Pneumonia,count,rf,2,12,auprc,0.039833756057263706
5951,chexpert,Pneumonia,count,rf,2,12,brier,0.19484885447602884
5952,chexpert,Pneumonia,count,rf,3,12,auroc,0.5549374155339669
5953,chexpert,Pneumonia,count,rf,3,12,auprc,0.041042455092717145
5954,chexpert,Pneumonia,count,rf,3,12,brier,0.2466450997030123
5955,chexpert,Pneumonia,count,rf,4,12,auroc,0.5154260625915418
5956,chexpert,Pneumonia,count,rf,4,12,auprc,0.03493792933169566
5957,chexpert,Pneumonia,count,rf,4,12,brier,0.19851607976240984
5958,chexpert,Pneumonia,count,rf,0,16,auroc,0.5222180161184188
5959,chexpert,Pneumonia,count,rf,0,16,auprc,0.035065857952691466
5960,chexpert,Pneumonia,count,rf,0,16,brier,0.19726320534577854
5961,chexpert,Pneumonia,count,rf,1,16,auroc,0.5257119911695406
5962,chexpert,Pneumonia,count,rf,1,16,auprc,0.03766169249859153
5963,chexpert,Pneumonia,count,rf,1,16,brier,0.23012745084065914
5964,chexpert,Pneumonia,count,rf,2,16,auroc,0.5361056471071047
5965,chexpert,Pneumonia,count,rf,2,16,auprc,0.03540801019206966
5966,chexpert,Pneumonia,count,rf,2,16,brier,0.21325054739213462
5967,chexpert,Pneumonia,count,rf,3,16,auroc,0.5468376978539436
5968,chexpert,Pneumonia,count,rf,3,16,auprc,0.03853894968868505
5969,chexpert,Pneumonia,count,rf,3,16,brier,0.18809484138888555
5970,chexpert,Pneumonia,count,rf,4,16,auroc,0.480575819541637
5971,chexpert,Pneumonia,count,rf,4,16,auprc,0.03290997907582589
5972,chexpert,Pneumonia,count,rf,4,16,brier,0.245646743742045
5973,chexpert,Pneumonia,count,rf,0,24,auroc,0.5825345470497917
5974,chexpert,Pneumonia,count,rf,0,24,auprc,0.043445411154782246
5975,chexpert,Pneumonia,count,rf,0,24,brier,0.21080156223222807
5976,chexpert,Pneumonia,count,rf,1,24,auroc,0.5659463025989004
5977,chexpert,Pneumonia,count,rf,1,24,auprc,0.048146912375922356
5978,chexpert,Pneumonia,count,rf,1,24,brier,0.24225797624098427
5979,chexpert,Pneumonia,count,rf,2,24,auroc,0.5728850766650864
5980,chexpert,Pneumonia,count,rf,2,24,auprc,0.04322821350062573
5981,chexpert,Pneumonia,count,rf,2,24,brier,0.23774023028232244
5982,chexpert,Pneumonia,count,rf,3,24,auroc,0.547163356423664
5983,chexpert,Pneumonia,count,rf,3,24,auprc,0.03802070270231352
5984,chexpert,Pneumonia,count,rf,3,24,brier,0.2615750954603309
5985,chexpert,Pneumonia,count,rf,4,24,auroc,0.5434671935696143
5986,chexpert,Pneumonia,count,rf,4,24,auprc,0.03793759058409893
5987,chexpert,Pneumonia,count,rf,4,24,brier,0.29202269834535427
5988,chexpert,Pneumonia,count,rf,0,32,auroc,0.5444982982968818
5989,chexpert,Pneumonia,count,rf,0,32,auprc,0.03854569950006931
5990,chexpert,Pneumonia,count,rf,0,32,brier,0.192722740772168
5991,chexpert,Pneumonia,count,rf,1,32,auroc,0.5014437942672771
5992,chexpert,Pneumonia,count,rf,1,32,auprc,0.036797295789071593
5993,chexpert,Pneumonia,count,rf,1,32,brier,0.2728802407396985
5994,chexpert,Pneumonia,count,rf,2,32,auroc,0.5371528490260314
5995,chexpert,Pneumonia,count,rf,2,32,auprc,0.0372442521264923
5996,chexpert,Pneumonia,count,rf,2,32,brier,0.21229272331012328
5997,chexpert,Pneumonia,count,rf,3,32,auroc,0.5390970713724713
5998,chexpert,Pneumonia,count,rf,3,32,auprc,0.04000404083616877
5999,chexpert,Pneumonia,count,rf,3,32,brier,0.2091408570216377
6000,chexpert,Pneumonia,count,rf,4,32,auroc,0.5133316587536882
6001,chexpert,Pneumonia,count,rf,4,32,auprc,0.03588683506780381
6002,chexpert,Pneumonia,count,rf,4,32,brier,0.259152530958432
6003,chexpert,Pneumonia,count,rf,0,48,auroc,0.5595962258276785
6004,chexpert,Pneumonia,count,rf,0,48,auprc,0.03989347976628357
6005,chexpert,Pneumonia,count,rf,0,48,brier,0.21520818442406348
6006,chexpert,Pneumonia,count,rf,1,48,auroc,0.5254735404623255
6007,chexpert,Pneumonia,count,rf,1,48,auprc,0.03972359828742705
6008,chexpert,Pneumonia,count,rf,1,48,brier,0.29780779356998066
6009,chexpert,Pneumonia,count,rf,2,48,auroc,0.5353655300752146
6010,chexpert,Pneumonia,count,rf,2,48,auprc,0.03681848250399212
6011,chexpert,Pneumonia,count,rf,2,48,brier,0.2708559609673314
6012,chexpert,Pneumonia,count,rf,3,48,auroc,0.5416542252474722
6013,chexpert,Pneumonia,count,rf,3,48,auprc,0.045220285713629
6014,chexpert,Pneumonia,count,rf,3,48,brier,0.24500140491256356
6015,chexpert,Pneumonia,count,rf,4,48,auroc,0.5626209058296598
6016,chexpert,Pneumonia,count,rf,4,48,auprc,0.0422102877924197
6017,chexpert,Pneumonia,count,rf,4,48,brier,0.24860627916843447
6018,chexpert,Pneumonia,count,rf,0,64,auroc,0.5622795038527124
6019,chexpert,Pneumonia,count,rf,0,64,auprc,0.04014380490611136
6020,chexpert,Pneumonia,count,rf,0,64,brier,0.24491693071143705
6021,chexpert,Pneumonia,count,rf,1,64,auroc,0.5434493274557947
6022,chexpert,Pneumonia,count,rf,1,64,auprc,0.044618015321778635
6023,chexpert,Pneumonia,count,rf,1,64,brier,0.24040018417083997
6024,chexpert,Pneumonia,count,rf,2,64,auroc,0.5577142695412832
6025,chexpert,Pneumonia,count,rf,2,64,auprc,0.04062234884966691
6026,chexpert,Pneumonia,count,rf,2,64,brier,0.24266146584641493
6027,chexpert,Pneumonia,count,rf,3,64,auroc,0.5316538007061538
6028,chexpert,Pneumonia,count,rf,3,64,auprc,0.038220310277584046
6029,chexpert,Pneumonia,count,rf,3,64,brier,0.24392855799529659
6030,chexpert,Pneumonia,count,rf,4,64,auroc,0.5269394462566069
6031,chexpert,Pneumonia,count,rf,4,64,auprc,0.03768016068341071
6032,chexpert,Pneumonia,count,rf,4,64,brier,0.2199500788233768
6033,chexpert,Pneumonia,count,rf,0,128,auroc,0.5629409038484671
6034,chexpert,Pneumonia,count,rf,0,128,auprc,0.03970606448283119
6035,chexpert,Pneumonia,count,rf,0,128,brier,0.2184381947390751
6036,chexpert,Pneumonia,count,rf,1,128,auroc,0.5678441791847392
6037,chexpert,Pneumonia,count,rf,1,128,auprc,0.038883437050264605
6038,chexpert,Pneumonia,count,rf,1,128,brier,0.2300180933417695
6039,chexpert,Pneumonia,count,rf,2,128,auroc,0.572771865646824
6040,chexpert,Pneumonia,count,rf,2,128,auprc,0.046784208272904616
6041,chexpert,Pneumonia,count,rf,2,128,brier,0.22856905397246607
6042,chexpert,Pneumonia,count,rf,3,128,auroc,0.5299135350848021
6043,chexpert,Pneumonia,count,rf,3,128,auprc,0.03719254898403897
6044,chexpert,Pneumonia,count,rf,3,128,brier,0.2187750810941404
6045,chexpert,Pneumonia,count,rf,4,128,auroc,0.5616803699170021
6046,chexpert,Pneumonia,count,rf,4,128,auprc,0.0425142914242595
6047,chexpert,Pneumonia,count,rf,4,128,brier,0.20485950752339321
6048,chexpert,Atelectasis,count,rf,0,-1,auroc,0.5020635096260235
6049,chexpert,Atelectasis,count,rf,0,-1,auprc,0.04090104017983938
6050,chexpert,Atelectasis,count,rf,0,-1,brier,0.05327510412719224
6051,chexpert,Atelectasis,count,rf,0,1,auroc,0.5364746284916677
6052,chexpert,Atelectasis,count,rf,0,1,auprc,0.04440350026767095
6053,chexpert,Atelectasis,count,rf,0,1,brier,0.5706546987696226
6054,chexpert,Atelectasis,count,rf,1,1,auroc,0.5672320856100453
6055,chexpert,Atelectasis,count,rf,1,1,auprc,0.04847327367433133
6056,chexpert,Atelectasis,count,rf,1,1,brier,0.4196738969028426
6057,chexpert,Atelectasis,count,rf,2,1,auroc,0.5062003166119121
6058,chexpert,Atelectasis,count,rf,2,1,auprc,0.041370673199685855
6059,chexpert,Atelectasis,count,rf,2,1,brier,0.42876299321170985
6060,chexpert,Atelectasis,count,rf,3,1,auroc,0.4990782508042964
6061,chexpert,Atelectasis,count,rf,3,1,auprc,0.041569510211673884
6062,chexpert,Atelectasis,count,rf,3,1,brier,0.40028054730589735
6063,chexpert,Atelectasis,count,rf,4,1,auroc,0.4656522886275044
6064,chexpert,Atelectasis,count,rf,4,1,auprc,0.038067940241409644
6065,chexpert,Atelectasis,count,rf,4,1,brier,0.34951209164191777
6066,chexpert,Atelectasis,count,rf,0,2,auroc,0.4645577646518121
6067,chexpert,Atelectasis,count,rf,0,2,auprc,0.03663188484224727
6068,chexpert,Atelectasis,count,rf,0,2,brier,0.26588790835808235
6069,chexpert,Atelectasis,count,rf,1,2,auroc,0.5658836479593284
6070,chexpert,Atelectasis,count,rf,1,2,auprc,0.049383730765029485
6071,chexpert,Atelectasis,count,rf,1,2,brier,0.4895781183708104
6072,chexpert,Atelectasis,count,rf,2,2,auroc,0.5027964548544323
6073,chexpert,Atelectasis,count,rf,2,2,auprc,0.04218720175004469
6074,chexpert,Atelectasis,count,rf,2,2,brier,0.36536805260924904
6075,chexpert,Atelectasis,count,rf,3,2,auroc,0.498970018327177
6076,chexpert,Atelectasis,count,rf,3,2,auprc,0.043815002624762754
6077,chexpert,Atelectasis,count,rf,3,2,brier,0.3107946754348748
6078,chexpert,Atelectasis,count,rf,4,2,auroc,0.464825296043486
6079,chexpert,Atelectasis,count,rf,4,2,auprc,0.03941031594800669
6080,chexpert,Atelectasis,count,rf,4,2,brier,0.1919938162918965
6081,chexpert,Atelectasis,count,rf,0,4,auroc,0.5210597987982365
6082,chexpert,Atelectasis,count,rf,0,4,auprc,0.04356910968351654
6083,chexpert,Atelectasis,count,rf,0,4,brier,0.3091811624946966
6084,chexpert,Atelectasis,count,rf,1,4,auroc,0.43499923400343843
6085,chexpert,Atelectasis,count,rf,1,4,auprc,0.03649487058088888
6086,chexpert,Atelectasis,count,rf,1,4,brier,0.2482551972846839
6087,chexpert,Atelectasis,count,rf,2,4,auroc,0.4564136608394188
6088,chexpert,Atelectasis,count,rf,2,4,auprc,0.036074942065792315
6089,chexpert,Atelectasis,count,rf,2,4,brier,0.1988205345778532
6090,chexpert,Atelectasis,count,rf,3,4,auroc,0.4797619452908234
6091,chexpert,Atelectasis,count,rf,3,4,auprc,0.03957994520241992
6092,chexpert,Atelectasis,count,rf,3,4,brier,0.32693678404751797
6093,chexpert,Atelectasis,count,rf,4,4,auroc,0.47997316175010357
6094,chexpert,Atelectasis,count,rf,4,4,auprc,0.03906081637820813
6095,chexpert,Atelectasis,count,rf,4,4,brier,0.26038157615613067
6096,chexpert,Atelectasis,count,rf,0,8,auroc,0.5555828382725927
6097,chexpert,Atelectasis,count,rf,0,8,auprc,0.04837661019672218
6098,chexpert,Atelectasis,count,rf,0,8,brier,0.36134868489972094
6099,chexpert,Atelectasis,count,rf,1,8,auroc,0.5117344999177262
6100,chexpert,Atelectasis,count,rf,1,8,auprc,0.04505125008114447
6101,chexpert,Atelectasis,count,rf,1,8,brier,0.3144442087399236
6102,chexpert,Atelectasis,count,rf,2,8,auroc,0.5001863924966381
6103,chexpert,Atelectasis,count,rf,2,8,auprc,0.04064940588542249
6104,chexpert,Atelectasis,count,rf,2,8,brier,0.25421961179465424
6105,chexpert,Atelectasis,count,rf,3,8,auroc,0.4272314614646989
6106,chexpert,Atelectasis,count,rf,3,8,auprc,0.034949448934307285
6107,chexpert,Atelectasis,count,rf,3,8,brier,0.28254348748409003
6108,chexpert,Atelectasis,count,rf,4,8,auroc,0.5296084622760879
6109,chexpert,Atelectasis,count,rf,4,8,auprc,0.046571264326543
6110,chexpert,Atelectasis,count,rf,4,8,brier,0.32574616037335596
6111,chexpert,Atelectasis,count,rf,0,12,auroc,0.5434756952128053
6112,chexpert,Atelectasis,count,rf,0,12,auprc,0.04668992405053818
6113,chexpert,Atelectasis,count,rf,0,12,brier,0.261389478150191
6114,chexpert,Atelectasis,count,rf,1,12,auroc,0.4883782717982762
6115,chexpert,Atelectasis,count,rf,1,12,auprc,0.04008070348755607
6116,chexpert,Atelectasis,count,rf,1,12,brier,0.22578498090793384
6117,chexpert,Atelectasis,count,rf,2,12,auroc,0.5239529961813654
6118,chexpert,Atelectasis,count,rf,2,12,auprc,0.04186061245148337
6119,chexpert,Atelectasis,count,rf,2,12,brier,0.21565211049429206
6120,chexpert,Atelectasis,count,rf,3,12,auroc,0.5009634534529424
6121,chexpert,Atelectasis,count,rf,3,12,auprc,0.04363735777319168
6122,chexpert,Atelectasis,count,rf,3,12,brier,0.3130715375005893
6123,chexpert,Atelectasis,count,rf,4,12,auroc,0.5185958431919928
6124,chexpert,Atelectasis,count,rf,4,12,auprc,0.04476589002177524
6125,chexpert,Atelectasis,count,rf,4,12,brier,0.2410511243105643
6126,chexpert,Atelectasis,count,rf,0,16,auroc,0.5563974898008976
6127,chexpert,Atelectasis,count,rf,0,16,auprc,0.052663357628513215
6128,chexpert,Atelectasis,count,rf,0,16,brier,0.24390182435299113
6129,chexpert,Atelectasis,count,rf,1,16,auroc,0.48307828484858795
6130,chexpert,Atelectasis,count,rf,1,16,auprc,0.040382916388234415
6131,chexpert,Atelectasis,count,rf,1,16,brier,0.21279062367416207
6132,chexpert,Atelectasis,count,rf,2,16,auroc,0.5060452732338105
6133,chexpert,Atelectasis,count,rf,2,16,auprc,0.04351001623234167
6134,chexpert,Atelectasis,count,rf,2,16,brier,0.2484626051053196
6135,chexpert,Atelectasis,count,rf,3,16,auroc,0.5003032778978784
6136,chexpert,Atelectasis,count,rf,3,16,auprc,0.04621948381935856
6137,chexpert,Atelectasis,count,rf,3,16,brier,0.2914747666525245
6138,chexpert,Atelectasis,count,rf,4,16,auroc,0.6080582838272592
6139,chexpert,Atelectasis,count,rf,4,16,auprc,0.05684483161477204
6140,chexpert,Atelectasis,count,rf,4,16,brier,0.2740894463159945
6141,chexpert,Atelectasis,count,rf,0,24,auroc,0.5197374617710975
6142,chexpert,Atelectasis,count,rf,0,24,auprc,0.047563726607039926
6143,chexpert,Atelectasis,count,rf,0,24,brier,0.22614446330080612
6144,chexpert,Atelectasis,count,rf,1,24,auroc,0.536857768623646
6145,chexpert,Atelectasis,count,rf,1,24,auprc,0.046077278882381785
6146,chexpert,Atelectasis,count,rf,1,24,brier,0.22416079732470687
6147,chexpert,Atelectasis,count,rf,2,24,auroc,0.464287254384621
6148,chexpert,Atelectasis,count,rf,2,24,auprc,0.03860015014776714
6149,chexpert,Atelectasis,count,rf,2,24,brier,0.2619548154433602
6150,chexpert,Atelectasis,count,rf,3,24,auroc,0.5251705051605473
6151,chexpert,Atelectasis,count,rf,3,24,auprc,0.04958251249308085
6152,chexpert,Atelectasis,count,rf,3,24,brier,0.306757093277023
6153,chexpert,Atelectasis,count,rf,4,24,auroc,0.5375248948882496
6154,chexpert,Atelectasis,count,rf,4,24,auprc,0.046411871195563545
6155,chexpert,Atelectasis,count,rf,4,24,brier,0.22242681374628764
6156,chexpert,Atelectasis,count,rf,0,32,auroc,0.5486707122633213
6157,chexpert,Atelectasis,count,rf,0,32,auprc,0.04693720220897239
6158,chexpert,Atelectasis,count,rf,0,32,brier,0.25490029698769623
6159,chexpert,Atelectasis,count,rf,1,32,auroc,0.4564098308566111
6160,chexpert,Atelectasis,count,rf,1,32,auprc,0.03845099803586624
6161,chexpert,Atelectasis,count,rf,1,32,brier,0.29231438268986
6162,chexpert,Atelectasis,count,rf,2,32,auroc,0.4873342468551585
6163,chexpert,Atelectasis,count,rf,2,32,auprc,0.040166217968091666
6164,chexpert,Atelectasis,count,rf,2,32,brier,0.22533785651666435
6165,chexpert,Atelectasis,count,rf,3,32,auroc,0.5387320487287295
6166,chexpert,Atelectasis,count,rf,3,32,auprc,0.04771297053028058
6167,chexpert,Atelectasis,count,rf,3,32,brier,0.3264401799980134
6168,chexpert,Atelectasis,count,rf,4,32,auroc,0.5203170658359859
6169,chexpert,Atelectasis,count,rf,4,32,auprc,0.04255895527759255
6170,chexpert,Atelectasis,count,rf,4,32,brier,0.235012462876538
6171,chexpert,Atelectasis,count,rf,0,48,auroc,0.539643300934516
6172,chexpert,Atelectasis,count,rf,0,48,auprc,0.04720533679718372
6173,chexpert,Atelectasis,count,rf,0,48,brier,0.23981146584641494
6174,chexpert,Atelectasis,count,rf,1,48,auroc,0.5542712819378011
6175,chexpert,Atelectasis,count,rf,1,48,auprc,0.045750097534569024
6176,chexpert,Atelectasis,count,rf,1,48,brier,0.2368243855685203
6177,chexpert,Atelectasis,count,rf,2,48,auroc,0.4932691598436233
6178,chexpert,Atelectasis,count,rf,2,48,auprc,0.040434987573505096
6179,chexpert,Atelectasis,count,rf,2,48,brier,0.24966978564229764
6180,chexpert,Atelectasis,count,rf,3,48,auroc,0.548095647437316
6181,chexpert,Atelectasis,count,rf,3,48,auprc,0.04609143644037112
6182,chexpert,Atelectasis,count,rf,3,48,brier,0.31569546033092916
6183,chexpert,Atelectasis,count,rf,4,48,auroc,0.5632876288718289
6184,chexpert,Atelectasis,count,rf,4,48,auprc,0.04931485378135706
6185,chexpert,Atelectasis,count,rf,4,48,brier,0.2491629906866867
6186,chexpert,Atelectasis,count,rf,0,64,auroc,0.6010145198903775
6187,chexpert,Atelectasis,count,rf,0,64,auprc,0.05850877320939387
6188,chexpert,Atelectasis,count,rf,0,64,brier,0.2447115111777268
6189,chexpert,Atelectasis,count,rf,1,64,auroc,0.47252810072571083
6190,chexpert,Atelectasis,count,rf,1,64,auprc,0.038079278275490167
6191,chexpert,Atelectasis,count,rf,1,64,brier,0.32269940602460756
6192,chexpert,Atelectasis,count,rf,2,64,auroc,0.47578557202921007
6193,chexpert,Atelectasis,count,rf,2,64,auprc,0.038534377033156465
6194,chexpert,Atelectasis,count,rf,2,64,brier,0.25260500636402206
6195,chexpert,Atelectasis,count,rf,3,64,auroc,0.5185010865803077
6196,chexpert,Atelectasis,count,rf,3,64,auprc,0.04268786904727015
6197,chexpert,Atelectasis,count,rf,3,64,brier,0.2583072263600547
6198,chexpert,Atelectasis,count,rf,4,64,auroc,0.5207288599134141
6199,chexpert,Atelectasis,count,rf,4,64,auprc,0.04360829351954622
6200,chexpert,Atelectasis,count,rf,4,64,brier,0.2412192458947252
6201,chexpert,Atelectasis,count,rf,0,128,auroc,0.5718127450479741
6202,chexpert,Atelectasis,count,rf,0,128,auprc,0.05237429410857197
6203,chexpert,Atelectasis,count,rf,0,128,brier,0.23928948134840922
6204,chexpert,Atelectasis,count,rf,1,128,auroc,0.5421722243972742
6205,chexpert,Atelectasis,count,rf,1,128,auprc,0.04567772620024326
6206,chexpert,Atelectasis,count,rf,1,128,brier,0.23649864068618684
6207,chexpert,Atelectasis,count,rf,2,128,auroc,0.5395901067288542
6208,chexpert,Atelectasis,count,rf,2,128,auprc,0.0449296301293159
6209,chexpert,Atelectasis,count,rf,2,128,brier,0.2666008592739253
6210,chexpert,Atelectasis,count,rf,3,128,auroc,0.559175220294937
6211,chexpert,Atelectasis,count,rf,3,128,auprc,0.04540215686496291
6212,chexpert,Atelectasis,count,rf,3,128,brier,0.24980649952168674
6213,chexpert,Atelectasis,count,rf,4,128,auroc,0.5681355359990014
6214,chexpert,Atelectasis,count,rf,4,128,auprc,0.054564982597160784
6215,chexpert,Atelectasis,count,rf,4,128,brier,0.23064254560931224
6216,chexpert,Pneumothorax,count,rf,0,-1,auroc,0.646018379635668
6217,chexpert,Pneumothorax,count,rf,0,-1,auprc,0.06333342487063441
6218,chexpert,Pneumothorax,count,rf,0,-1,brier,0.04185611013330954
6219,chexpert,Pneumothorax,count,rf,0,1,auroc,0.5527243380722577
6220,chexpert,Pneumothorax,count,rf,0,1,auprc,0.04825161732755283
6221,chexpert,Pneumothorax,count,rf,0,1,brier,0.5541875265167588
6222,chexpert,Pneumothorax,count,rf,1,1,auroc,0.4327622983783314
6223,chexpert,Pneumothorax,count,rf,1,1,auprc,0.0397594366763684
6224,chexpert,Pneumothorax,count,rf,1,1,brier,0.6988194739075096
6225,chexpert,Pneumothorax,count,rf,2,1,auroc,0.505833713751576
6226,chexpert,Pneumothorax,count,rf,2,1,auprc,0.04481300701318219
6227,chexpert,Pneumothorax,count,rf,2,1,brier,0.571884811200679
6228,chexpert,Pneumothorax,count,rf,3,1,auroc,0.4673094376331464
6229,chexpert,Pneumothorax,count,rf,3,1,auprc,0.043797262236524755
6230,chexpert,Pneumothorax,count,rf,3,1,brier,0.35506417055579126
6231,chexpert,Pneumothorax,count,rf,4,1,auroc,0.45350147819660014
6232,chexpert,Pneumothorax,count,rf,4,1,auprc,0.04123479432055224
6233,chexpert,Pneumothorax,count,rf,4,1,brier,0.6004232074671194
6234,chexpert,Pneumothorax,count,rf,0,2,auroc,0.5879013412460328
6235,chexpert,Pneumothorax,count,rf,0,2,auprc,0.06181271238488629
6236,chexpert,Pneumothorax,count,rf,0,2,brier,0.2686434026304625
6237,chexpert,Pneumothorax,count,rf,1,2,auroc,0.45307459458284427
6238,chexpert,Pneumothorax,count,rf,1,2,auprc,0.06248542589472281
6239,chexpert,Pneumothorax,count,rf,1,2,brier,0.3429554730589733
6240,chexpert,Pneumothorax,count,rf,2,2,auroc,0.5983258880048694
6241,chexpert,Pneumothorax,count,rf,2,2,auprc,0.05351663541753309
6242,chexpert,Pneumothorax,count,rf,2,2,brier,0.25943148069579974
6243,chexpert,Pneumothorax,count,rf,3,2,auroc,0.5543697828355288
6244,chexpert,Pneumothorax,count,rf,3,2,auprc,0.05670878756050886
6245,chexpert,Pneumothorax,count,rf,3,2,brier,0.24892209376325838
6246,chexpert,Pneumothorax,count,rf,4,2,auroc,0.5078639243945916
6247,chexpert,Pneumothorax,count,rf,4,2,auprc,0.045873664233177305
6248,chexpert,Pneumothorax,count,rf,4,2,brier,0.39196642389101016
6249,chexpert,Pneumothorax,count,rf,0,4,auroc,0.4952242565540629
6250,chexpert,Pneumothorax,count,rf,0,4,auprc,0.04375474296411242
6251,chexpert,Pneumothorax,count,rf,0,4,brier,0.479372083156555
6252,chexpert,Pneumothorax,count,rf,1,4,auroc,0.4486170438241816
6253,chexpert,Pneumothorax,count,rf,1,4,auprc,0.03927108633841929
6254,chexpert,Pneumothorax,count,rf,1,4,brier,0.352573080186678
6255,chexpert,Pneumothorax,count,rf,2,4,auroc,0.40567407395330635
6256,chexpert,Pneumothorax,count,rf,2,4,auprc,0.03717778811445543
6257,chexpert,Pneumothorax,count,rf,2,4,brier,0.3271563428086551
6258,chexpert,Pneumothorax,count,rf,3,4,auroc,0.5864200197817486
6259,chexpert,Pneumothorax,count,rf,3,4,auprc,0.06437823694872276
6260,chexpert,Pneumothorax,count,rf,3,4,brier,0.3755629507848961
6261,chexpert,Pneumothorax,count,rf,4,4,auroc,0.5740902569453502
6262,chexpert,Pneumothorax,count,rf,4,4,auprc,0.051498643609027776
6263,chexpert,Pneumothorax,count,rf,4,4,brier,0.3423048366567671
6264,chexpert,Pneumothorax,count,rf,0,8,auroc,0.48528406373635924
6265,chexpert,Pneumothorax,count,rf,0,8,auprc,0.04776080048833306
6266,chexpert,Pneumothorax,count,rf,0,8,brier,0.32485760500636407
6267,chexpert,Pneumothorax,count,rf,1,8,auroc,0.46679084605017174
6268,chexpert,Pneumothorax,count,rf,1,8,auprc,0.04076276164262649
6269,chexpert,Pneumothorax,count,rf,1,8,brier,0.339234361005044
6270,chexpert,Pneumothorax,count,rf,2,8,auroc,0.35169367636189725
6271,chexpert,Pneumothorax,count,rf,2,8,auprc,0.034113157039716395
6272,chexpert,Pneumothorax,count,rf,2,8,brier,0.4282695163343233
6273,chexpert,Pneumothorax,count,rf,3,8,auroc,0.4725298628320508
6274,chexpert,Pneumothorax,count,rf,3,8,auprc,0.04138258393383551
6275,chexpert,Pneumothorax,count,rf,3,8,brier,0.33024925753075945
6276,chexpert,Pneumothorax,count,rf,4,8,auroc,0.7070278194426328
6277,chexpert,Pneumothorax,count,rf,4,8,auprc,0.08091899550228547
6278,chexpert,Pneumothorax,count,rf,4,8,brier,0.25595990666100976
6279,chexpert,Pneumothorax,count,rf,0,12,auroc,0.5505170970827356
6280,chexpert,Pneumothorax,count,rf,0,12,auprc,0.05677867591847604
6281,chexpert,Pneumothorax,count,rf,0,12,brier,0.2418785521879272
6282,chexpert,Pneumothorax,count,rf,1,12,auroc,0.5257068986131037
6283,chexpert,Pneumothorax,count,rf,1,12,auprc,0.04562194177639714
6284,chexpert,Pneumothorax,count,rf,1,12,brier,0.3328044123886296
6285,chexpert,Pneumothorax,count,rf,2,12,auroc,0.5463151058649625
6286,chexpert,Pneumothorax,count,rf,2,12,auprc,0.048366454946979755
6287,chexpert,Pneumothorax,count,rf,2,12,brier,0.22304094187526516
6288,chexpert,Pneumothorax,count,rf,3,12,auroc,0.6076188263553759
6289,chexpert,Pneumothorax,count,rf,3,12,auprc,0.09749190956468376
6290,chexpert,Pneumothorax,count,rf,3,12,brier,0.3263862537123462
6291,chexpert,Pneumothorax,count,rf,4,12,auroc,0.6091444393722012
6292,chexpert,Pneumothorax,count,rf,4,12,auprc,0.05873530404090749
6293,chexpert,Pneumothorax,count,rf,4,12,brier,0.37962664403903273
6294,chexpert,Pneumothorax,count,rf,0,16,auroc,0.6081747804443285
6295,chexpert,Pneumothorax,count,rf,0,16,auprc,0.06816252503456954
6296,chexpert,Pneumothorax,count,rf,0,16,brier,0.2392023759015698
6297,chexpert,Pneumothorax,count,rf,1,16,auroc,0.4670523835920178
6298,chexpert,Pneumothorax,count,rf,1,16,auprc,0.042897341755895255
6299,chexpert,Pneumothorax,count,rf,1,16,brier,0.28930186677980485
6300,chexpert,Pneumothorax,count,rf,2,16,auroc,0.4911719870875179
6301,chexpert,Pneumothorax,count,rf,2,16,auprc,0.04124427190408894
6302,chexpert,Pneumothorax,count,rf,2,16,brier,0.31190151675859146
6303,chexpert,Pneumothorax,count,rf,3,16,auroc,0.6483951784705012
6304,chexpert,Pneumothorax,count,rf,3,16,auprc,0.08401616228056742
6305,chexpert,Pneumothorax,count,rf,3,16,brier,0.2823642341960119
6306,chexpert,Pneumothorax,count,rf,4,16,auroc,0.5168734511542976
6307,chexpert,Pneumothorax,count,rf,4,16,auprc,0.06635216902651088
6308,chexpert,Pneumothorax,count,rf,4,16,brier,0.34031607976240985
6309,chexpert,Pneumothorax,count,rf,0,24,auroc,0.49875236402765094
6310,chexpert,Pneumothorax,count,rf,0,24,auprc,0.04688407205868379
6311,chexpert,Pneumothorax,count,rf,0,24,brier,0.22771386542794192
6312,chexpert,Pneumothorax,count,rf,1,24,auroc,0.5198529411764706
6313,chexpert,Pneumothorax,count,rf,1,24,auprc,0.05992520023492552
6314,chexpert,Pneumothorax,count,rf,1,24,brier,0.18013099278744168
6315,chexpert,Pneumothorax,count,rf,2,24,auroc,0.46213819507847487
6316,chexpert,Pneumothorax,count,rf,2,24,auprc,0.040460840636555265
6317,chexpert,Pneumothorax,count,rf,2,24,brier,0.2726712982605006
6318,chexpert,Pneumothorax,count,rf,3,24,auroc,0.6292087844006783
6319,chexpert,Pneumothorax,count,rf,3,24,auprc,0.06676705951164386
6320,chexpert,Pneumothorax,count,rf,3,24,brier,0.27393137462876543
6321,chexpert,Pneumothorax,count,rf,4,24,auroc,0.6891348473979392
6322,chexpert,Pneumothorax,count,rf,4,24,auprc,0.08910501854941776
6323,chexpert,Pneumothorax,count,rf,4,24,brier,0.21017628240088637
6324,chexpert,Pneumothorax,count,rf,0,32,auroc,0.604137591843833
6325,chexpert,Pneumothorax,count,rf,0,32,auprc,0.06024378970475944
6326,chexpert,Pneumothorax,count,rf,0,32,brier,0.19949697708952058
6327,chexpert,Pneumothorax,count,rf,1,32,auroc,0.5884264542845964
6328,chexpert,Pneumothorax,count,rf,1,32,auprc,0.061043093657066956
6329,chexpert,Pneumothorax,count,rf,1,32,brier,0.1698663555366992
6330,chexpert,Pneumothorax,count,rf,2,32,auroc,0.5796454501978174
6331,chexpert,Pneumothorax,count,rf,2,32,auprc,0.05818037005641374
6332,chexpert,Pneumothorax,count,rf,2,32,brier,0.19315125159100552
6333,chexpert,Pneumothorax,count,rf,3,32,auroc,0.7022560160427807
6334,chexpert,Pneumothorax,count,rf,3,32,auprc,0.1039968707797415
6335,chexpert,Pneumothorax,count,rf,3,32,brier,0.2030027577428935
6336,chexpert,Pneumothorax,count,rf,4,32,auroc,0.5592212023390288
6337,chexpert,Pneumothorax,count,rf,4,32,auprc,0.051603290430251234
6338,chexpert,Pneumothorax,count,rf,4,32,brier,0.19279274501484936
6339,chexpert,Pneumothorax,count,rf,0,48,auroc,0.5583977327072737
6340,chexpert,Pneumothorax,count,rf,0,48,auprc,0.04868384529115533
6341,chexpert,Pneumothorax,count,rf,0,48,brier,0.1657146822452167
6342,chexpert,Pneumothorax,count,rf,1,48,auroc,0.5019716534063736
6343,chexpert,Pneumothorax,count,rf,1,48,auprc,0.04606634935996978
6344,chexpert,Pneumothorax,count,rf,1,48,brier,0.1714891811624947
6345,chexpert,Pneumothorax,count,rf,2,48,auroc,0.6032907536628842
6346,chexpert,Pneumothorax,count,rf,2,48,auprc,0.06532768791386835
6347,chexpert,Pneumothorax,count,rf,2,48,brier,0.16798554762036902
6348,chexpert,Pneumothorax,count,rf,3,48,auroc,0.6724302747706621
6349,chexpert,Pneumothorax,count,rf,3,48,auprc,0.08380699389280598
6350,chexpert,Pneumothorax,count,rf,3,48,brier,0.14832095884599067
6351,chexpert,Pneumothorax,count,rf,4,48,auroc,0.5842265010216947
6352,chexpert,Pneumothorax,count,rf,4,48,auprc,0.0751812237102294
6353,chexpert,Pneumothorax,count,rf,4,48,brier,0.23843360715404177
6354,chexpert,Pneumothorax,count,rf,0,64,auroc,0.6047595756706231
6355,chexpert,Pneumothorax,count,rf,0,64,auprc,0.06436304524543263
6356,chexpert,Pneumothorax,count,rf,0,64,brier,0.187038989959377
6357,chexpert,Pneumothorax,count,rf,1,64,auroc,0.5558580333463762
6358,chexpert,Pneumothorax,count,rf,1,64,auprc,0.049603356397467
6359,chexpert,Pneumothorax,count,rf,1,64,brier,0.17850513503340132
6360,chexpert,Pneumothorax,count,rf,2,64,auroc,0.6094472794661102
6361,chexpert,Pneumothorax,count,rf,2,64,auprc,0.05785555897118595
6362,chexpert,Pneumothorax,count,rf,2,64,brier,0.12989289563633463
6363,chexpert,Pneumothorax,count,rf,3,64,auroc,0.7019288563540715
6364,chexpert,Pneumothorax,count,rf,3,64,auprc,0.07867732936149037
6365,chexpert,Pneumothorax,count,rf,3,64,brier,0.13902040729741197
6366,chexpert,Pneumothorax,count,rf,4,64,auroc,0.5433569464371115
6367,chexpert,Pneumothorax,count,rf,4,64,auprc,0.05193459107335223
6368,chexpert,Pneumothorax,count,rf,4,64,brier,0.20352169070852782
6369,chexpert,Pneumothorax,count,rf,0,128,auroc,0.5856608136602758
6370,chexpert,Pneumothorax,count,rf,0,128,auprc,0.06457092289018485
6371,chexpert,Pneumothorax,count,rf,0,128,brier,0.13598027153160797
6372,chexpert,Pneumothorax,count,rf,1,128,auroc,0.652431144298074
6373,chexpert,Pneumothorax,count,rf,1,128,auprc,0.09483849962293577
6374,chexpert,Pneumothorax,count,rf,1,128,brier,0.12022895154994766
6375,chexpert,Pneumothorax,count,rf,2,128,auroc,0.6645903982435546
6376,chexpert,Pneumothorax,count,rf,2,128,auprc,0.0711019497204653
6377,chexpert,Pneumothorax,count,rf,2,128,brier,0.10667582610971485
6378,chexpert,Pneumothorax,count,rf,3,128,auroc,0.6482142080779096
6379,chexpert,Pneumothorax,count,rf,3,128,auprc,0.0785342555038826
6380,chexpert,Pneumothorax,count,rf,3,128,brier,0.12226497488647373
6381,chexpert,Pneumothorax,count,rf,4,128,auroc,0.5815124885874527
6382,chexpert,Pneumothorax,count,rf,4,128,auprc,0.06184020461154522
6383,chexpert,Pneumothorax,count,rf,4,128,brier,0.11773036021543393
6384,chexpert,Pleural Effusion,count,rf,0,-1,auroc,0.6781861159045154
6385,chexpert,Pleural Effusion,count,rf,0,-1,auprc,0.21217253830158822
6386,chexpert,Pleural Effusion,count,rf,0,-1,brier,0.10920378727521074
6387,chexpert,Pleural Effusion,count,rf,0,1,auroc,0.5046605870322437
6388,chexpert,Pleural Effusion,count,rf,0,1,auprc,0.13360170485582948
6389,chexpert,Pleural Effusion,count,rf,0,1,brier,0.38340687314382693
6390,chexpert,Pleural Effusion,count,rf,1,1,auroc,0.49710852866455757
6391,chexpert,Pleural Effusion,count,rf,1,1,auprc,0.1255707317255277
6392,chexpert,Pleural Effusion,count,rf,1,1,brier,0.2593843869325414
6393,chexpert,Pleural Effusion,count,rf,2,1,auroc,0.5120967049340108
6394,chexpert,Pleural Effusion,count,rf,2,1,auprc,0.12905586597524432
6395,chexpert,Pleural Effusion,count,rf,2,1,brier,0.1903488756894357
6396,chexpert,Pleural Effusion,count,rf,3,1,auroc,0.4984180767264244
6397,chexpert,Pleural Effusion,count,rf,3,1,auprc,0.12908228412284398
6398,chexpert,Pleural Effusion,count,rf,3,1,brier,0.3872846839202376
6399,chexpert,Pleural Effusion,count,rf,4,1,auroc,0.5060145240149554
6400,chexpert,Pleural Effusion,count,rf,4,1,auprc,0.13149487685432015
6401,chexpert,Pleural Effusion,count,rf,4,1,brier,0.6028341111582521
6402,chexpert,Pleural Effusion,count,rf,0,2,auroc,0.5488715028121306
6403,chexpert,Pleural Effusion,count,rf,0,2,auprc,0.13903388090737184
6404,chexpert,Pleural Effusion,count,rf,0,2,brier,0.2442998727195588
6405,chexpert,Pleural Effusion,count,rf,1,2,auroc,0.39693421851532296
6406,chexpert,Pleural Effusion,count,rf,1,2,auprc,0.1031106786644717
6407,chexpert,Pleural Effusion,count,rf,1,2,brier,0.2925042426813746
6408,chexpert,Pleural Effusion,count,rf,2,2,auroc,0.43637854312466046
6409,chexpert,Pleural Effusion,count,rf,2,2,auprc,0.11294145943226996
6410,chexpert,Pleural Effusion,count,rf,2,2,brier,0.2197730165464574
6411,chexpert,Pleural Effusion,count,rf,3,2,auroc,0.5264861051193558
6412,chexpert,Pleural Effusion,count,rf,3,2,auprc,0.13611472021816556
6413,chexpert,Pleural Effusion,count,rf,3,2,brier,0.21569579974543912
6414,chexpert,Pleural Effusion,count,rf,4,2,auroc,0.4894332398619499
6415,chexpert,Pleural Effusion,count,rf,4,2,auprc,0.1257475704377542
6416,chexpert,Pleural Effusion,count,rf,4,2,brier,0.3697316504030548
6417,chexpert,Pleural Effusion,count,rf,0,4,auroc,0.5408335130859937
6418,chexpert,Pleural Effusion,count,rf,0,4,auprc,0.1371549860218375
6419,chexpert,Pleural Effusion,count,rf,0,4,brier,0.3269357233771744
6420,chexpert,Pleural Effusion,count,rf,1,4,auroc,0.4264753199597354
6421,chexpert,Pleural Effusion,count,rf,1,4,auprc,0.11114574472441385
6422,chexpert,Pleural Effusion,count,rf,1,4,brier,0.3329476028850234
6423,chexpert,Pleural Effusion,count,rf,2,4,auroc,0.4602541902342377
6424,chexpert,Pleural Effusion,count,rf,2,4,auprc,0.11883463728504833
6425,chexpert,Pleural Effusion,count,rf,2,4,brier,0.35908782350445484
6426,chexpert,Pleural Effusion,count,rf,3,4,auroc,0.48587129110344174
6427,chexpert,Pleural Effusion,count,rf,3,4,auprc,0.12124757562794201
6428,chexpert,Pleural Effusion,count,rf,3,4,brier,0.25682249681798897
6429,chexpert,Pleural Effusion,count,rf,4,4,auroc,0.5769282467324961
6430,chexpert,Pleural Effusion,count,rf,4,4,auprc,0.15319877712988217
6431,chexpert,Pleural Effusion,count,rf,4,4,brier,0.22448743105642768
6432,chexpert,Pleural Effusion,count,rf,0,8,auroc,0.5868684689866743
6433,chexpert,Pleural Effusion,count,rf,0,8,auprc,0.1731014186738875
6434,chexpert,Pleural Effusion,count,rf,0,8,brier,0.25852914486399853
6435,chexpert,Pleural Effusion,count,rf,1,8,auroc,0.5109198243217333
6436,chexpert,Pleural Effusion,count,rf,1,8,auprc,0.128597310766111
6437,chexpert,Pleural Effusion,count,rf,1,8,brier,0.2734444633008061
6438,chexpert,Pleural Effusion,count,rf,2,8,auroc,0.5230208732783689
6439,chexpert,Pleural Effusion,count,rf,2,8,auprc,0.13461877082500973
6440,chexpert,Pleural Effusion,count,rf,2,8,brier,0.4338385659736954
6441,chexpert,Pleural Effusion,count,rf,3,8,auroc,0.5713069316620331
6442,chexpert,Pleural Effusion,count,rf,3,8,auprc,0.16034496325266637
6443,chexpert,Pleural Effusion,count,rf,3,8,brier,0.36512168039645504
6444,chexpert,Pleural Effusion,count,rf,4,8,auroc,0.5597521809989455
6445,chexpert,Pleural Effusion,count,rf,4,8,auprc,0.15035758457562892
6446,chexpert,Pleural Effusion,count,rf,4,8,brier,0.29683531089426296
6447,chexpert,Pleural Effusion,count,rf,0,12,auroc,0.6126956308120026
6448,chexpert,Pleural Effusion,count,rf,0,12,auprc,0.1840229681382685
6449,chexpert,Pleural Effusion,count,rf,0,12,brier,0.23275604582095885
6450,chexpert,Pleural Effusion,count,rf,1,12,auroc,0.5134828975329946
6451,chexpert,Pleural Effusion,count,rf,1,12,auprc,0.13682709943098426
6452,chexpert,Pleural Effusion,count,rf,1,12,brier,0.25616186619438636
6453,chexpert,Pleural Effusion,count,rf,2,12,auroc,0.4945482016744959
6454,chexpert,Pleural Effusion,count,rf,2,12,auprc,0.12645018804546537
6455,chexpert,Pleural Effusion,count,rf,2,12,brier,0.2757619796822703
6456,chexpert,Pleural Effusion,count,rf,3,12,auroc,0.5645295073978206
6457,chexpert,Pleural Effusion,count,rf,3,12,auprc,0.1685392994241609
6458,chexpert,Pleural Effusion,count,rf,3,12,brier,0.25214508975922784
6459,chexpert,Pleural Effusion,count,rf,4,12,auroc,0.6004929217396863
6460,chexpert,Pleural Effusion,count,rf,4,12,auprc,0.16756914401243703
6461,chexpert,Pleural Effusion,count,rf,4,12,brier,0.20746924056003394
6462,chexpert,Pleural Effusion,count,rf,0,16,auroc,0.5560213146710127
6463,chexpert,Pleural Effusion,count,rf,0,16,auprc,0.1598457581591584
6464,chexpert,Pleural Effusion,count,rf,0,16,brier,0.23642742528158014
6465,chexpert,Pleural Effusion,count,rf,1,16,auroc,0.49309155601891796
6466,chexpert,Pleural Effusion,count,rf,1,16,auprc,0.12421072993169066
6467,chexpert,Pleural Effusion,count,rf,1,16,brier,0.2989272809066583
6468,chexpert,Pleural Effusion,count,rf,2,16,auroc,0.5522865037708113
6469,chexpert,Pleural Effusion,count,rf,2,16,auprc,0.14431583066297748
6470,chexpert,Pleural Effusion,count,rf,2,16,brier,0.24688867204072976
6471,chexpert,Pleural Effusion,count,rf,3,16,auroc,0.5881742722014508
6472,chexpert,Pleural Effusion,count,rf,3,16,auprc,0.16819684324452105
6473,chexpert,Pleural Effusion,count,rf,3,16,brier,0.23000450784896054
6474,chexpert,Pleural Effusion,count,rf,4,16,auroc,0.58921783625731
6475,chexpert,Pleural Effusion,count,rf,4,16,auprc,0.17189342509895983
6476,chexpert,Pleural Effusion,count,rf,4,16,brier,0.20487257170740833
6477,chexpert,Pleural Effusion,count,rf,0,24,auroc,0.5782041411018439
6478,chexpert,Pleural Effusion,count,rf,0,24,auprc,0.16253571017084895
6479,chexpert,Pleural Effusion,count,rf,0,24,brier,0.3170282285626738
6480,chexpert,Pleural Effusion,count,rf,1,24,auroc,0.5234327565270188
6481,chexpert,Pleural Effusion,count,rf,1,24,auprc,0.1305565919471819
6482,chexpert,Pleural Effusion,count,rf,1,24,brier,0.2975060805755539
6483,chexpert,Pleural Effusion,count,rf,2,24,auroc,0.4769302439842776
6484,chexpert,Pleural Effusion,count,rf,2,24,auprc,0.12808275448297513
6485,chexpert,Pleural Effusion,count,rf,2,24,brier,0.2716313109885447
6486,chexpert,Pleural Effusion,count,rf,3,24,auroc,0.578164845173042
6487,chexpert,Pleural Effusion,count,rf,3,24,auprc,0.16502206879527842
6488,chexpert,Pleural Effusion,count,rf,3,24,brier,0.21180658676283412
6489,chexpert,Pleural Effusion,count,rf,4,24,auroc,0.5686071465663247
6490,chexpert,Pleural Effusion,count,rf,4,24,auprc,0.15944892481720088
6491,chexpert,Pleural Effusion,count,rf,4,24,brier,0.20157615613067462
6492,chexpert,Pleural Effusion,count,rf,0,32,auroc,0.6018549475921132
6493,chexpert,Pleural Effusion,count,rf,0,32,auprc,0.18692478777570945
6494,chexpert,Pleural Effusion,count,rf,0,32,brier,0.24981216588884175
6495,chexpert,Pleural Effusion,count,rf,1,32,auroc,0.5901796627840092
6496,chexpert,Pleural Effusion,count,rf,1,32,auprc,0.1687339675076969
6497,chexpert,Pleural Effusion,count,rf,1,32,brier,0.2867261434525009
6498,chexpert,Pleural Effusion,count,rf,2,32,auroc,0.5485303722078421
6499,chexpert,Pleural Effusion,count,rf,2,32,auprc,0.14605177432920582
6500,chexpert,Pleural Effusion,count,rf,2,32,brier,0.247593223868106
6501,chexpert,Pleural Effusion,count,rf,3,32,auroc,0.5273597529798997
6502,chexpert,Pleural Effusion,count,rf,3,32,auprc,0.14795825333306262
6503,chexpert,Pleural Effusion,count,rf,3,32,brier,0.235412107377178
6504,chexpert,Pleural Effusion,count,rf,4,32,auroc,0.6344632785287445
6505,chexpert,Pleural Effusion,count,rf,4,32,auprc,0.22117722755489175
6506,chexpert,Pleural Effusion,count,rf,4,32,brier,0.2140250650106535
6507,chexpert,Pleural Effusion,count,rf,0,48,auroc,0.6088394868660724
6508,chexpert,Pleural Effusion,count,rf,0,48,auprc,0.18075033167661106
6509,chexpert,Pleural Effusion,count,rf,0,48,brier,0.2650429359355112
6510,chexpert,Pleural Effusion,count,rf,1,48,auroc,0.6499822244591442
6511,chexpert,Pleural Effusion,count,rf,1,48,auprc,0.256911938178511
6512,chexpert,Pleural Effusion,count,rf,1,48,brier,0.26245443417518866
6513,chexpert,Pleural Effusion,count,rf,2,48,auroc,0.5722700064710957
6514,chexpert,Pleural Effusion,count,rf,2,48,auprc,0.1569370708886534
6515,chexpert,Pleural Effusion,count,rf,2,48,brier,0.2494182982310474
6516,chexpert,Pleural Effusion,count,rf,3,48,auroc,0.5842597585722047
6517,chexpert,Pleural Effusion,count,rf,3,48,auprc,0.15825837912427645
6518,chexpert,Pleural Effusion,count,rf,3,48,brier,0.2716448345354264
6519,chexpert,Pleural Effusion,count,rf,4,48,auroc,0.6701631055667402
6520,chexpert,Pleural Effusion,count,rf,4,48,auprc,0.22168982886802296
6521,chexpert,Pleural Effusion,count,rf,4,48,brier,0.21575139603298182
6522,chexpert,Pleural Effusion,count,rf,0,64,auroc,0.6483576598600326
6523,chexpert,Pleural Effusion,count,rf,0,64,auprc,0.22427196376801445
6524,chexpert,Pleural Effusion,count,rf,0,64,brier,0.24463738042433744
6525,chexpert,Pleural Effusion,count,rf,1,64,auroc,0.6705216621928226
6526,chexpert,Pleural Effusion,count,rf,1,64,auprc,0.21499941571597941
6527,chexpert,Pleural Effusion,count,rf,1,64,brier,0.24139940584549
6528,chexpert,Pleural Effusion,count,rf,2,64,auroc,0.6217091282395424
6529,chexpert,Pleural Effusion,count,rf,2,64,auprc,0.20272805277025535
6530,chexpert,Pleural Effusion,count,rf,2,64,brier,0.24625525580506924
6531,chexpert,Pleural Effusion,count,rf,3,64,auroc,0.6262652090723164
6532,chexpert,Pleural Effusion,count,rf,3,64,auprc,0.22272961497419594
6533,chexpert,Pleural Effusion,count,rf,3,64,brier,0.2409802121603139
6534,chexpert,Pleural Effusion,count,rf,4,64,auroc,0.6451263561339597
6535,chexpert,Pleural Effusion,count,rf,4,64,auprc,0.2024946029031564
6536,chexpert,Pleural Effusion,count,rf,4,64,brier,0.22865478992128238
6537,chexpert,Pleural Effusion,count,rf,0,128,auroc,0.6526049655673793
6538,chexpert,Pleural Effusion,count,rf,0,128,auprc,0.22956839461957243
6539,chexpert,Pleural Effusion,count,rf,0,128,brier,0.23403676226148906
6540,chexpert,Pleural Effusion,count,rf,1,128,auroc,0.6240868065541815
6541,chexpert,Pleural Effusion,count,rf,1,128,auprc,0.18631064257340682
6542,chexpert,Pleural Effusion,count,rf,1,128,brier,0.238997496817989
6543,chexpert,Pleural Effusion,count,rf,2,128,auroc,0.6642029567315373
6544,chexpert,Pleural Effusion,count,rf,2,128,auprc,0.21603612539458827
6545,chexpert,Pleural Effusion,count,rf,2,128,brier,0.2232107339838778
6546,chexpert,Pleural Effusion,count,rf,3,128,auroc,0.6527537108938102
6547,chexpert,Pleural Effusion,count,rf,3,128,auprc,0.215541386541708
6548,chexpert,Pleural Effusion,count,rf,3,128,brier,0.2133356890756969
6549,chexpert,Pleural Effusion,count,rf,4,128,auroc,0.6451723927875244
6550,chexpert,Pleural Effusion,count,rf,4,128,auprc,0.18965158878613042
6551,chexpert,Pleural Effusion,count,rf,4,128,brier,0.20924322528315537
6552,chexpert,Pleural Other,count,rf,0,-1,auroc,0.6167419250078295
6553,chexpert,Pleural Other,count,rf,0,-1,auprc,0.021846019084968398
6554,chexpert,Pleural Other,count,rf,0,-1,brier,0.016857873121955552
6555,chexpert,Pleural Other,count,rf,0,1,auroc,0.3132981958973535
6556,chexpert,Pleural Other,count,rf,0,1,auprc,0.012202950746093736
6557,chexpert,Pleural Other,count,rf,0,1,brier,0.24930154857870174
6558,chexpert,Pleural Other,count,rf,1,1,auroc,0.6214914098444131
6559,chexpert,Pleural Other,count,rf,1,1,auprc,0.023049100305565645
6560,chexpert,Pleural Other,count,rf,1,1,brier,0.6355770046669497
6561,chexpert,Pleural Other,count,rf,2,1,auroc,0.5009337675967455
6562,chexpert,Pleural Other,count,rf,2,1,auprc,0.017301354278156916
6563,chexpert,Pleural Other,count,rf,2,1,brier,0.3469961815867629
6564,chexpert,Pleural Other,count,rf,3,1,auroc,0.6546481157206393
6565,chexpert,Pleural Other,count,rf,3,1,auprc,0.02478201372567658
6566,chexpert,Pleural Other,count,rf,3,1,brier,0.5478585065761563
6567,chexpert,Pleural Other,count,rf,4,1,auroc,0.49167420696658615
6568,chexpert,Pleural Other,count,rf,4,1,auprc,0.01673713739414661
6569,chexpert,Pleural Other,count,rf,4,1,brier,0.30916260076368274
6570,chexpert,Pleural Other,count,rf,0,2,auroc,0.3788803612979008
6571,chexpert,Pleural Other,count,rf,0,2,auprc,0.013937767421372036
6572,chexpert,Pleural Other,count,rf,0,2,brier,0.16227513788714465
6573,chexpert,Pleural Other,count,rf,1,2,auroc,0.673237757771572
6574,chexpert,Pleural Other,count,rf,1,2,auprc,0.027794444550392528
6575,chexpert,Pleural Other,count,rf,1,2,brier,0.4876649342384387
6576,chexpert,Pleural Other,count,rf,2,2,auroc,0.573918084496203
6577,chexpert,Pleural Other,count,rf,2,2,auprc,0.018355420137225922
6578,chexpert,Pleural Other,count,rf,2,2,brier,0.22819509970301227
6579,chexpert,Pleural Other,count,rf,3,2,auroc,0.5276734431721771
6580,chexpert,Pleural Other,count,rf,3,2,auprc,0.017789474446285997
6581,chexpert,Pleural Other,count,rf,3,2,brier,0.3922411964361477
6582,chexpert,Pleural Other,count,rf,4,2,auroc,0.40248674389958994
6583,chexpert,Pleural Other,count,rf,4,2,auprc,0.014562535796297984
6584,chexpert,Pleural Other,count,rf,4,2,brier,0.2923663555366992
6585,chexpert,Pleural Other,count,rf,0,4,auroc,0.5794443829647808
6586,chexpert,Pleural Other,count,rf,0,4,auprc,0.01915755341161162
6587,chexpert,Pleural Other,count,rf,0,4,brier,0.30857127704709386
6588,chexpert,Pleural Other,count,rf,1,4,auroc,0.7143745239846633
6589,chexpert,Pleural Other,count,rf,1,4,auprc,0.034124482974205665
6590,chexpert,Pleural Other,count,rf,1,4,brier,0.508313799321171
6591,chexpert,Pleural Other,count,rf,2,4,auroc,0.7021060762883062
6592,chexpert,Pleural Other,count,rf,2,4,auprc,0.04166289232145016
6593,chexpert,Pleural Other,count,rf,2,4,brier,0.2650108306227314
6594,chexpert,Pleural Other,count,rf,3,4,auroc,0.48705636093914884
6595,chexpert,Pleural Other,count,rf,3,4,auprc,0.01549822951513241
6596,chexpert,Pleural Other,count,rf,3,4,brier,0.3580441238862962
6597,chexpert,Pleural Other,count,rf,4,4,auroc,0.31012693019020365
6598,chexpert,Pleural Other,count,rf,4,4,auprc,0.010992460312096343
6599,chexpert,Pleural Other,count,rf,4,4,brier,0.2341402206194315
6600,chexpert,Pleural Other,count,rf,0,8,auroc,0.6615566216852515
6601,chexpert,Pleural Other,count,rf,0,8,auprc,0.02606141617725618
6602,chexpert,Pleural Other,count,rf,0,8,brier,0.2653257737000896
6603,chexpert,Pleural Other,count,rf,1,8,auroc,0.6681295210155572
6604,chexpert,Pleural Other,count,rf,1,8,auprc,0.029341464896824945
6605,chexpert,Pleural Other,count,rf,1,8,brier,0.35882901994060246
6606,chexpert,Pleural Other,count,rf,2,8,auroc,0.5553797960466406
6607,chexpert,Pleural Other,count,rf,2,8,auprc,0.019018459668947336
6608,chexpert,Pleural Other,count,rf,2,8,brier,0.24762197708952052
6609,chexpert,Pleural Other,count,rf,3,8,auroc,0.6270582125619588
6610,chexpert,Pleural Other,count,rf,3,8,auprc,0.023753359344308087
6611,chexpert,Pleural Other,count,rf,3,8,brier,0.3525246605854901
6612,chexpert,Pleural Other,count,rf,4,8,auroc,0.6747295437268683
6613,chexpert,Pleural Other,count,rf,4,8,auprc,0.02547819326165042
6614,chexpert,Pleural Other,count,rf,4,8,brier,0.36444102672889267
6615,chexpert,Pleural Other,count,rf,0,12,auroc,0.656589788155545
6616,chexpert,Pleural Other,count,rf,0,12,auprc,0.030540531304208217
6617,chexpert,Pleural Other,count,rf,0,12,brier,0.24128372224579267
6618,chexpert,Pleural Other,count,rf,1,12,auroc,0.6885541502027744
6619,chexpert,Pleural Other,count,rf,1,12,auprc,0.030956831327921038
6620,chexpert,Pleural Other,count,rf,1,12,brier,0.3278982817140433
6621,chexpert,Pleural Other,count,rf,2,12,auroc,0.5152494880913892
6622,chexpert,Pleural Other,count,rf,2,12,auprc,0.01756570757269355
6623,chexpert,Pleural Other,count,rf,2,12,brier,0.27330366770965914
6624,chexpert,Pleural Other,count,rf,3,12,auroc,0.625483971528406
6625,chexpert,Pleural Other,count,rf,3,12,auprc,0.023574559176035088
6626,chexpert,Pleural Other,count,rf,3,12,brier,0.32677308018667794
6627,chexpert,Pleural Other,count,rf,4,12,auroc,0.6936511759613069
6628,chexpert,Pleural Other,count,rf,4,12,auprc,0.04739369845495266
6629,chexpert,Pleural Other,count,rf,4,12,brier,0.21706808041743858
6630,chexpert,Pleural Other,count,rf,0,16,auroc,0.5461748438235722
6631,chexpert,Pleural Other,count,rf,0,16,auprc,0.01844542545470186
6632,chexpert,Pleural Other,count,rf,0,16,brier,0.24018243529910904
6633,chexpert,Pleural Other,count,rf,1,16,auroc,0.6871267370717309
6634,chexpert,Pleural Other,count,rf,1,16,auprc,0.030876089057296434
6635,chexpert,Pleural Other,count,rf,1,16,brier,0.3985120824756308
6636,chexpert,Pleural Other,count,rf,2,16,auroc,0.7081896698252749
6637,chexpert,Pleural Other,count,rf,2,16,auprc,0.03354001867815634
6638,chexpert,Pleural Other,count,rf,2,16,brier,0.22174693331919107
6639,chexpert,Pleural Other,count,rf,3,16,auroc,0.6711062216696285
6640,chexpert,Pleural Other,count,rf,3,16,auprc,0.028821303216453605
6641,chexpert,Pleural Other,count,rf,3,16,brier,0.27850045608824775
6642,chexpert,Pleural Other,count,rf,4,16,auroc,0.6940388594871438
6643,chexpert,Pleural Other,count,rf,4,16,auprc,0.03679397972405078
6644,chexpert,Pleural Other,count,rf,4,16,brier,0.1960950758379296
6645,chexpert,Pleural Other,count,rf,0,24,auroc,0.6833204226039749
6646,chexpert,Pleural Other,count,rf,0,24,auprc,0.035648926813710874
6647,chexpert,Pleural Other,count,rf,0,24,brier,0.1950698041682209
6648,chexpert,Pleural Other,count,rf,1,24,auroc,0.6821367582568997
6649,chexpert,Pleural Other,count,rf,1,24,auprc,0.03200229745337374
6650,chexpert,Pleural Other,count,rf,1,24,brier,0.3352192935935511
6651,chexpert,Pleural Other,count,rf,2,24,auroc,0.7348494218380105
6652,chexpert,Pleural Other,count,rf,2,24,auprc,0.03635215657347672
6653,chexpert,Pleural Other,count,rf,2,24,brier,0.22146982625992115
6654,chexpert,Pleural Other,count,rf,3,24,auroc,0.748042234359031
6655,chexpert,Pleural Other,count,rf,3,24,auprc,0.0445083333469644
6656,chexpert,Pleural Other,count,rf,3,24,brier,0.2439721503323434
6657,chexpert,Pleural Other,count,rf,4,24,auroc,0.6963645989970859
6658,chexpert,Pleural Other,count,rf,4,24,auprc,0.040037587774802985
6659,chexpert,Pleural Other,count,rf,4,24,brier,0.18834454904581616
6660,chexpert,Pleural Other,count,rf,0,32,auroc,0.740696861137692
6661,chexpert,Pleural Other,count,rf,0,32,auprc,0.040773098822882006
6662,chexpert,Pleural Other,count,rf,0,32,brier,0.20093070632476323
6663,chexpert,Pleural Other,count,rf,1,32,auroc,0.6593006796757634
6664,chexpert,Pleural Other,count,rf,1,32,auprc,0.028770243059403112
6665,chexpert,Pleural Other,count,rf,1,32,brier,0.31029327535002116
6666,chexpert,Pleural Other,count,rf,2,32,auroc,0.7434030512718697
6667,chexpert,Pleural Other,count,rf,2,32,auprc,0.03741344050781964
6668,chexpert,Pleural Other,count,rf,2,32,brier,0.1733561598430208
6669,chexpert,Pleural Other,count,rf,3,32,auroc,0.7322661910310574
6670,chexpert,Pleural Other,count,rf,3,32,auprc,0.03618108819244398
6671,chexpert,Pleural Other,count,rf,3,32,brier,0.21581516297077435
6672,chexpert,Pleural Other,count,rf,4,32,auroc,0.5537947056606858
6673,chexpert,Pleural Other,count,rf,4,32,auprc,0.01687009859617778
6674,chexpert,Pleural Other,count,rf,4,32,brier,0.2643788510047483
6675,chexpert,Pleural Other,count,rf,0,48,auroc,0.683019533897355
6676,chexpert,Pleural Other,count,rf,0,48,auprc,0.02909250000749835
6677,chexpert,Pleural Other,count,rf,0,48,brier,0.1827426415079363
6678,chexpert,Pleural Other,count,rf,1,48,auroc,0.6708324563440141
6679,chexpert,Pleural Other,count,rf,1,48,auprc,0.03398382074961828
6680,chexpert,Pleural Other,count,rf,1,48,brier,0.2605496924056004
6681,chexpert,Pleural Other,count,rf,2,48,auroc,0.7101732930894689
6682,chexpert,Pleural Other,count,rf,2,48,auprc,0.03901458195147875
6683,chexpert,Pleural Other,count,rf,2,48,brier,0.23362339166964174
6684,chexpert,Pleural Other,count,rf,3,48,auroc,0.7082717632584511
6685,chexpert,Pleural Other,count,rf,3,48,auprc,0.033117586679501335
6686,chexpert,Pleural Other,count,rf,3,48,brier,0.2211132583792957
6687,chexpert,Pleural Other,count,rf,4,48,auroc,0.6923098343593205
6688,chexpert,Pleural Other,count,rf,4,48,auprc,0.03205708375481739
6689,chexpert,Pleural Other,count,rf,4,48,brier,0.1810227677191248
6690,chexpert,Pleural Other,count,rf,0,64,auroc,0.6313621506598938
6691,chexpert,Pleural Other,count,rf,0,64,auprc,0.03209077074827273
6692,chexpert,Pleural Other,count,rf,0,64,brier,0.19387758856285972
6693,chexpert,Pleural Other,count,rf,1,64,auroc,0.688034104577631
6694,chexpert,Pleural Other,count,rf,1,64,auprc,0.030448671196522628
6695,chexpert,Pleural Other,count,rf,1,64,brier,0.2201480966193317
6696,chexpert,Pleural Other,count,rf,2,64,auroc,0.7531580656617273
6697,chexpert,Pleural Other,count,rf,2,64,auprc,0.04007046746383405
6698,chexpert,Pleural Other,count,rf,2,64,brier,0.19510176802674062
6699,chexpert,Pleural Other,count,rf,3,64,auroc,0.7141387313924565
6700,chexpert,Pleural Other,count,rf,3,64,auprc,0.06564371354631958
6701,chexpert,Pleural Other,count,rf,3,64,brier,0.20881470826869197
6702,chexpert,Pleural Other,count,rf,4,64,auroc,0.7089516560089861
6703,chexpert,Pleural Other,count,rf,4,64,auprc,0.03674622583085482
6704,chexpert,Pleural Other,count,rf,4,64,brier,0.17549043777424944
6705,chexpert,Pleural Other,count,rf,0,128,auroc,0.6940464540338254
6706,chexpert,Pleural Other,count,rf,0,128,auprc,0.036021788739971236
6707,chexpert,Pleural Other,count,rf,0,128,brier,0.12823716588884174
6708,chexpert,Pleural Other,count,rf,1,128,auroc,0.7248571682756255
6709,chexpert,Pleural Other,count,rf,1,128,auprc,0.03701090183587279
6710,chexpert,Pleural Other,count,rf,1,128,brier,0.18495116897302133
6711,chexpert,Pleural Other,count,rf,2,128,auroc,0.7568081494548924
6712,chexpert,Pleural Other,count,rf,2,128,auprc,0.04493601117093299
6713,chexpert,Pleural Other,count,rf,2,128,brier,0.14670805010680407
6714,chexpert,Pleural Other,count,rf,3,128,auroc,0.7683023150348157
6715,chexpert,Pleural Other,count,rf,3,128,auprc,0.04806108935916011
6716,chexpert,Pleural Other,count,rf,3,128,brier,0.1281191547795664
6717,chexpert,Pleural Other,count,rf,4,128,auroc,0.7275148979690735
6718,chexpert,Pleural Other,count,rf,4,128,auprc,0.03940613685679758
6719,chexpert,Pleural Other,count,rf,4,128,brier,0.11930552124557722
6720,chexpert,Fracture,count,rf,0,-1,auroc,0.6072970470024468
6721,chexpert,Fracture,count,rf,0,-1,auprc,0.039168621966359056
6722,chexpert,Fracture,count,rf,0,-1,brier,0.030590570411216485
6723,chexpert,Fracture,count,rf,0,1,auroc,0.49710076069376874
6724,chexpert,Fracture,count,rf,0,1,auprc,0.02880638218676502
6725,chexpert,Fracture,count,rf,0,1,brier,0.24717225286380995
6726,chexpert,Fracture,count,rf,1,1,auroc,0.5859176295403025
6727,chexpert,Fracture,count,rf,1,1,auprc,0.03419310822473937
6728,chexpert,Fracture,count,rf,1,1,brier,0.6537240135765806
6729,chexpert,Fracture,count,rf,2,1,auroc,0.5444763088946373
6730,chexpert,Fracture,count,rf,2,1,auprc,0.031315027122245966
6731,chexpert,Fracture,count,rf,2,1,brier,0.4865758909630887
6732,chexpert,Fracture,count,rf,3,1,auroc,0.5627765988810289
6733,chexpert,Fracture,count,rf,3,1,auprc,0.03195082236300807
6734,chexpert,Fracture,count,rf,3,1,brier,0.6836731014000851
6735,chexpert,Fracture,count,rf,4,1,auroc,0.4419217303243151
6736,chexpert,Fracture,count,rf,4,1,auprc,0.02505570237836069
6737,chexpert,Fracture,count,rf,4,1,brier,0.2417332095884599
6738,chexpert,Fracture,count,rf,0,2,auroc,0.4894209516417294
6739,chexpert,Fracture,count,rf,0,2,auprc,0.031479490787416305
6740,chexpert,Fracture,count,rf,0,2,brier,0.15088578701739497
6741,chexpert,Fracture,count,rf,1,2,auroc,0.6046443211137077
6742,chexpert,Fracture,count,rf,1,2,auprc,0.04527738619308194
6743,chexpert,Fracture,count,rf,1,2,brier,0.3807779062367416
6744,chexpert,Fracture,count,rf,2,2,auroc,0.56119716409632
6745,chexpert,Fracture,count,rf,2,2,auprc,0.032301619812430515
6746,chexpert,Fracture,count,rf,2,2,brier,0.5068381417055581
6747,chexpert,Fracture,count,rf,3,2,auroc,0.6088929298952485
6748,chexpert,Fracture,count,rf,3,2,auprc,0.03884793755014472
6749,chexpert,Fracture,count,rf,3,2,brier,0.4618455663979636
6750,chexpert,Fracture,count,rf,4,2,auroc,0.47156226212704433
6751,chexpert,Fracture,count,rf,4,2,auprc,0.03268565008981376
6752,chexpert,Fracture,count,rf,4,2,brier,0.2108177768349597
6753,chexpert,Fracture,count,rf,0,4,auroc,0.51958407523323
6754,chexpert,Fracture,count,rf,0,4,auprc,0.041339432572198694
6755,chexpert,Fracture,count,rf,0,4,brier,0.24292320746711923
6756,chexpert,Fracture,count,rf,1,4,auroc,0.6882000856134436
6757,chexpert,Fracture,count,rf,1,4,auprc,0.05894374469398273
6758,chexpert,Fracture,count,rf,1,4,brier,0.3285288502333475
6759,chexpert,Fracture,count,rf,2,4,auroc,0.6172814650225777
6760,chexpert,Fracture,count,rf,2,4,auprc,0.047240246387704056
6761,chexpert,Fracture,count,rf,2,4,brier,0.35644008273228683
6762,chexpert,Fracture,count,rf,3,4,auroc,0.588158111707222
6763,chexpert,Fracture,count,rf,3,4,auprc,0.03554860134926859
6764,chexpert,Fracture,count,rf,3,4,brier,0.5134991514637253
6765,chexpert,Fracture,count,rf,4,4,auroc,0.4808327489743875
6766,chexpert,Fracture,count,rf,4,4,auprc,0.026995484434568576
6767,chexpert,Fracture,count,rf,4,4,brier,0.1184514212982605
6768,chexpert,Fracture,count,rf,0,8,auroc,0.6284074650259088
6769,chexpert,Fracture,count,rf,0,8,auprc,0.05949793860771028
6770,chexpert,Fracture,count,rf,0,8,brier,0.23426632382659676
6771,chexpert,Fracture,count,rf,1,8,auroc,0.5876721638048347
6772,chexpert,Fracture,count,rf,1,8,auprc,0.04065866479539006
6773,chexpert,Fracture,count,rf,1,8,brier,0.28371871022486217
6774,chexpert,Fracture,count,rf,2,8,auroc,0.6251113890864513
6775,chexpert,Fracture,count,rf,2,8,auprc,0.04740562082810405
6776,chexpert,Fracture,count,rf,2,8,brier,0.4389862961391599
6777,chexpert,Fracture,count,rf,3,8,auroc,0.5121122618771997
6778,chexpert,Fracture,count,rf,3,8,auprc,0.027561376070568154
6779,chexpert,Fracture,count,rf,3,8,brier,0.259619484514213
6780,chexpert,Fracture,count,rf,4,8,auroc,0.5743947929037448
6781,chexpert,Fracture,count,rf,4,8,auprc,0.033442049663370575
6782,chexpert,Fracture,count,rf,4,8,brier,0.15900381841323716
6783,chexpert,Fracture,count,rf,0,12,auroc,0.6320337523506221
6784,chexpert,Fracture,count,rf,0,12,auprc,0.06253986782890858
6785,chexpert,Fracture,count,rf,0,12,brier,0.17150709112600676
6786,chexpert,Fracture,count,rf,1,12,auroc,0.44034375296690553
6787,chexpert,Fracture,count,rf,1,12,auprc,0.024429810668636434
6788,chexpert,Fracture,count,rf,1,12,brier,0.20075625795502758
6789,chexpert,Fracture,count,rf,2,12,auroc,0.519714202670673
6790,chexpert,Fracture,count,rf,2,12,auprc,0.03921731787099686
6791,chexpert,Fracture,count,rf,2,12,brier,0.15360627916843445
6792,chexpert,Fracture,count,rf,3,12,auroc,0.48289750704978407
6793,chexpert,Fracture,count,rf,3,12,auprc,0.026795641396441514
6794,chexpert,Fracture,count,rf,3,12,brier,0.23488264743317774
6795,chexpert,Fracture,count,rf,4,12,auroc,0.5788805459272819
6796,chexpert,Fracture,count,rf,4,12,auprc,0.03706942966328925
6797,chexpert,Fracture,count,rf,4,12,brier,0.15808095036062794
6798,chexpert,Fracture,count,rf,0,16,auroc,0.5935447630056648
6799,chexpert,Fracture,count,rf,0,16,auprc,0.0418977726204589
6800,chexpert,Fracture,count,rf,0,16,brier,0.11974756045820958
6801,chexpert,Fracture,count,rf,1,16,auroc,0.607404063807
6802,chexpert,Fracture,count,rf,1,16,auprc,0.05711576513931686
6803,chexpert,Fracture,count,rf,1,16,brier,0.21568389666713805
6804,chexpert,Fracture,count,rf,2,16,auroc,0.5479633078103112
6805,chexpert,Fracture,count,rf,2,16,auprc,0.03379684983395351
6806,chexpert,Fracture,count,rf,2,16,brier,0.1387993211709801
6807,chexpert,Fracture,count,rf,3,16,auroc,0.46941859477358244
6808,chexpert,Fracture,count,rf,3,16,auprc,0.02627326182387505
6809,chexpert,Fracture,count,rf,3,16,brier,0.21318075007124715
6810,chexpert,Fracture,count,rf,4,16,auroc,0.6298905014049598
6811,chexpert,Fracture,count,rf,4,16,auprc,0.04532809600260018
6812,chexpert,Fracture,count,rf,4,16,brier,0.16156977089520577
6813,chexpert,Fracture,count,rf,0,24,auroc,0.5773302596885602
6814,chexpert,Fracture,count,rf,0,24,auprc,0.0352906763494466
6815,chexpert,Fracture,count,rf,0,24,brier,0.18278850233347477
6816,chexpert,Fracture,count,rf,1,24,auroc,0.6102414665549583
6817,chexpert,Fracture,count,rf,1,24,auprc,0.041885338478570386
6818,chexpert,Fracture,count,rf,1,24,brier,0.22321839386546274
6819,chexpert,Fracture,count,rf,2,24,auroc,0.5015725640560119
6820,chexpert,Fracture,count,rf,2,24,auprc,0.03938233178611287
6821,chexpert,Fracture,count,rf,2,24,brier,0.13873156554942725
6822,chexpert,Fracture,count,rf,3,24,auroc,0.44107350763608627
6823,chexpert,Fracture,count,rf,3,24,auprc,0.026105004301716153
6824,chexpert,Fracture,count,rf,3,24,brier,0.17612397114976666
6825,chexpert,Fracture,count,rf,4,24,auroc,0.5694634835344028
6826,chexpert,Fracture,count,rf,4,24,auprc,0.03876202930414055
6827,chexpert,Fracture,count,rf,4,24,brier,0.1812259804846584
6828,chexpert,Fracture,count,rf,0,32,auroc,0.6394464357990782
6829,chexpert,Fracture,count,rf,0,32,auprc,0.05909894469927167
6830,chexpert,Fracture,count,rf,0,32,brier,0.16287959494374518
6831,chexpert,Fracture,count,rf,1,32,auroc,0.6539863551492155
6832,chexpert,Fracture,count,rf,1,32,auprc,0.04794416545364645
6833,chexpert,Fracture,count,rf,1,32,brier,0.2042742765300988
6834,chexpert,Fracture,count,rf,2,32,auroc,0.6505349591004259
6835,chexpert,Fracture,count,rf,2,32,auprc,0.05059175506051854
6836,chexpert,Fracture,count,rf,2,32,brier,0.18653349610347583
6837,chexpert,Fracture,count,rf,3,32,auroc,0.4612709515584479
6838,chexpert,Fracture,count,rf,3,32,auprc,0.02697468763523441
6839,chexpert,Fracture,count,rf,3,32,brier,0.19856120067882904
6840,chexpert,Fracture,count,rf,4,32,auroc,0.6373814695197819
6841,chexpert,Fracture,count,rf,4,32,auprc,0.05356232096491081
6842,chexpert,Fracture,count,rf,4,32,brier,0.16784882459162656
6843,chexpert,Fracture,count,rf,0,48,auroc,0.6840670299963523
6844,chexpert,Fracture,count,rf,0,48,auprc,0.06531176098857176
6845,chexpert,Fracture,count,rf,0,48,brier,0.1500940284259652
6846,chexpert,Fracture,count,rf,1,48,auroc,0.615473214151869
6847,chexpert,Fracture,count,rf,1,48,auprc,0.03952136164857674
6848,chexpert,Fracture,count,rf,1,48,brier,0.23242425045962384
6849,chexpert,Fracture,count,rf,2,48,auroc,0.5689298569389363
6850,chexpert,Fracture,count,rf,2,48,auprc,0.04066531430056187
6851,chexpert,Fracture,count,rf,2,48,brier,0.18944781267143831
6852,chexpert,Fracture,count,rf,3,48,auroc,0.5631074348779842
6853,chexpert,Fracture,count,rf,3,48,auprc,0.031306284080927775
6854,chexpert,Fracture,count,rf,3,48,brier,0.18274720277037879
6855,chexpert,Fracture,count,rf,4,48,auroc,0.6999271702758119
6856,chexpert,Fracture,count,rf,4,48,auprc,0.0507662093442352
6857,chexpert,Fracture,count,rf,4,48,brier,0.17700389819801124
6858,chexpert,Fracture,count,rf,0,64,auroc,0.646551602087369
6859,chexpert,Fracture,count,rf,0,64,auprc,0.06206474705799545
6860,chexpert,Fracture,count,rf,0,64,brier,0.13594582524880028
6861,chexpert,Fracture,count,rf,1,64,auroc,0.6758311083276564
6862,chexpert,Fracture,count,rf,1,64,auprc,0.046456267585662334
6863,chexpert,Fracture,count,rf,1,64,brier,0.18102518177830046
6864,chexpert,Fracture,count,rf,2,64,auroc,0.5295795280600559
6865,chexpert,Fracture,count,rf,2,64,auprc,0.03464294025284241
6866,chexpert,Fracture,count,rf,2,64,brier,0.15855324565125162
6867,chexpert,Fracture,count,rf,3,64,auroc,0.5374225689696238
6868,chexpert,Fracture,count,rf,3,64,auprc,0.0317997954323345
6869,chexpert,Fracture,count,rf,3,64,brier,0.13201315231226135
6870,chexpert,Fracture,count,rf,4,64,auroc,0.6768259065614209
6871,chexpert,Fracture,count,rf,4,64,auprc,0.04957791246729677
6872,chexpert,Fracture,count,rf,4,64,brier,0.16341387866635596
6873,chexpert,Fracture,count,rf,0,128,auroc,0.6562189255679385
6874,chexpert,Fracture,count,rf,0,128,auprc,0.045347734030780476
6875,chexpert,Fracture,count,rf,0,128,brier,0.13367907409292618
6876,chexpert,Fracture,count,rf,1,128,auroc,0.6947689186555691
6877,chexpert,Fracture,count,rf,1,128,auprc,0.0651291168067735
6878,chexpert,Fracture,count,rf,1,128,brier,0.14922904011280272
6879,chexpert,Fracture,count,rf,2,128,auroc,0.6476259342108988
6880,chexpert,Fracture,count,rf,2,128,auprc,0.044354707545050456
6881,chexpert,Fracture,count,rf,2,128,brier,0.13300811886455852
6882,chexpert,Fracture,count,rf,3,128,auroc,0.6080297165262262
6883,chexpert,Fracture,count,rf,3,128,auprc,0.04371468653392898
6884,chexpert,Fracture,count,rf,3,128,brier,0.14815663146642327
6885,chexpert,Fracture,count,rf,4,128,auroc,0.7397892643406683
6886,chexpert,Fracture,count,rf,4,128,auprc,0.0627547746239613
6887,chexpert,Fracture,count,rf,4,128,brier,0.1765849096909875
6888,chexpert,Support Devices,count,rf,0,-1,auroc,0.672995792129023
6889,chexpert,Support Devices,count,rf,0,-1,auprc,0.4094362546251539
6890,chexpert,Support Devices,count,rf,0,-1,brier,0.17418736475482477
6891,chexpert,Support Devices,count,rf,0,1,auroc,0.5081630546162912
6892,chexpert,Support Devices,count,rf,0,1,auprc,0.240149639171539
6893,chexpert,Support Devices,count,rf,0,1,brier,0.3932918964785745
6894,chexpert,Support Devices,count,rf,1,1,auroc,0.487288050967626
6895,chexpert,Support Devices,count,rf,1,1,auprc,0.23205402105632478
6896,chexpert,Support Devices,count,rf,1,1,brier,0.32810063640220627
6897,chexpert,Support Devices,count,rf,2,1,auroc,0.5214909904858178
6898,chexpert,Support Devices,count,rf,2,1,auprc,0.24919296641557223
6899,chexpert,Support Devices,count,rf,2,1,brier,0.3556120067882902
6900,chexpert,Support Devices,count,rf,3,1,auroc,0.49066958764707963
6901,chexpert,Support Devices,count,rf,3,1,auprc,0.2355794014323888
6902,chexpert,Support Devices,count,rf,3,1,brier,0.25327428935086976
6903,chexpert,Support Devices,count,rf,4,1,auroc,0.5019984852278995
6904,chexpert,Support Devices,count,rf,4,1,auprc,0.24036766050349942
6905,chexpert,Support Devices,count,rf,4,1,brier,0.5549392766228258
6906,chexpert,Support Devices,count,rf,0,2,auroc,0.5460017851573842
6907,chexpert,Support Devices,count,rf,0,2,auprc,0.263740917032567
6908,chexpert,Support Devices,count,rf,0,2,brier,0.6293137462876539
6909,chexpert,Support Devices,count,rf,1,2,auroc,0.4653416149068323
6910,chexpert,Support Devices,count,rf,1,2,auprc,0.22355449923209852
6911,chexpert,Support Devices,count,rf,1,2,brier,0.32109673313534154
6912,chexpert,Support Devices,count,rf,2,2,auroc,0.5274534161490684
6913,chexpert,Support Devices,count,rf,2,2,auprc,0.2564126389976177
6914,chexpert,Support Devices,count,rf,2,2,brier,0.3111023334747561
6915,chexpert,Support Devices,count,rf,3,2,auroc,0.5101668553730626
6916,chexpert,Support Devices,count,rf,3,2,auprc,0.24486179620468246
6917,chexpert,Support Devices,count,rf,3,2,brier,0.24545714891811626
6918,chexpert,Support Devices,count,rf,4,2,auroc,0.4727850759613656
6919,chexpert,Support Devices,count,rf,4,2,auprc,0.22242924814384887
6920,chexpert,Support Devices,count,rf,4,2,brier,0.38561226134917265
6921,chexpert,Support Devices,count,rf,0,4,auroc,0.545474410951833
6922,chexpert,Support Devices,count,rf,0,4,auprc,0.2586402804182702
6923,chexpert,Support Devices,count,rf,0,4,brier,0.4374045396690709
6924,chexpert,Support Devices,count,rf,1,4,auroc,0.4876833665425864
6925,chexpert,Support Devices,count,rf,1,4,auprc,0.23118836762907374
6926,chexpert,Support Devices,count,rf,1,4,brier,0.2513290199406024
6927,chexpert,Support Devices,count,rf,2,4,auroc,0.43973105881955316
6928,chexpert,Support Devices,count,rf,2,4,auprc,0.21933239992581627
6929,chexpert,Support Devices,count,rf,2,4,brier,0.24418964785744593
6930,chexpert,Support Devices,count,rf,3,4,auroc,0.5673268574009522
6931,chexpert,Support Devices,count,rf,3,4,auprc,0.2694347405194535
6932,chexpert,Support Devices,count,rf,3,4,brier,0.36138947815019096
6933,chexpert,Support Devices,count,rf,4,4,auroc,0.501014374972155
6934,chexpert,Support Devices,count,rf,4,4,auprc,0.2410864274786988
6935,chexpert,Support Devices,count,rf,4,4,brier,0.3579637781077642
6936,chexpert,Support Devices,count,rf,0,8,auroc,0.5173397160647265
6937,chexpert,Support Devices,count,rf,0,8,auprc,0.24022370253044553
6938,chexpert,Support Devices,count,rf,0,8,brier,0.3894957997454392
6939,chexpert,Support Devices,count,rf,1,8,auroc,0.4843631581615644
6940,chexpert,Support Devices,count,rf,1,8,auprc,0.22476700446717404
6941,chexpert,Support Devices,count,rf,1,8,brier,0.33727195587611375
6942,chexpert,Support Devices,count,rf,2,8,auroc,0.4589748096164984
6943,chexpert,Support Devices,count,rf,2,8,auprc,0.2164048171040527
6944,chexpert,Support Devices,count,rf,2,8,brier,0.33072258167161644
6945,chexpert,Support Devices,count,rf,3,8,auroc,0.5985539610675916
6946,chexpert,Support Devices,count,rf,3,8,auprc,0.30092639007891325
6947,chexpert,Support Devices,count,rf,3,8,brier,0.31236794654221467
6948,chexpert,Support Devices,count,rf,4,8,auroc,0.5944822045003788
6949,chexpert,Support Devices,count,rf,4,8,auprc,0.30919548388697776
6950,chexpert,Support Devices,count,rf,4,8,brier,0.24000916419176918
6951,chexpert,Support Devices,count,rf,0,12,auroc,0.6031535834499626
6952,chexpert,Support Devices,count,rf,0,12,auprc,0.30939739256153714
6953,chexpert,Support Devices,count,rf,0,12,brier,0.3028278319898176
6954,chexpert,Support Devices,count,rf,1,12,auroc,0.40682203578610676
6955,chexpert,Support Devices,count,rf,1,12,auprc,0.20613514997097215
6956,chexpert,Support Devices,count,rf,1,12,brier,0.3178118370810353
6957,chexpert,Support Devices,count,rf,2,12,auroc,0.5963603068258457
6958,chexpert,Support Devices,count,rf,2,12,auprc,0.29939377196950173
6959,chexpert,Support Devices,count,rf,2,12,brier,0.263620067882902
6960,chexpert,Support Devices,count,rf,3,12,auroc,0.5762744594982816
6961,chexpert,Support Devices,count,rf,3,12,auprc,0.28564170309914677
6962,chexpert,Support Devices,count,rf,3,12,brier,0.2405544654221468
6963,chexpert,Support Devices,count,rf,4,12,auroc,0.6054665451981264
6964,chexpert,Support Devices,count,rf,4,12,auprc,0.3297547464849296
6965,chexpert,Support Devices,count,rf,4,12,brier,0.24302365294866354
6966,chexpert,Support Devices,count,rf,0,16,auroc,0.5899734069928394
6967,chexpert,Support Devices,count,rf,0,16,auprc,0.27986230430426495
6968,chexpert,Support Devices,count,rf,0,16,brier,0.2959697997318202
6969,chexpert,Support Devices,count,rf,1,16,auroc,0.47591727439343834
6970,chexpert,Support Devices,count,rf,1,16,auprc,0.22485350671488818
6971,chexpert,Support Devices,count,rf,1,16,brier,0.2527455862855325
6972,chexpert,Support Devices,count,rf,2,16,auroc,0.6338520838870342
6973,chexpert,Support Devices,count,rf,2,16,auprc,0.3427539272060818
6974,chexpert,Support Devices,count,rf,2,16,brier,0.2628228468392024
6975,chexpert,Support Devices,count,rf,3,16,auroc,0.5850447748812071
6976,chexpert,Support Devices,count,rf,3,16,auprc,0.2932424379319443
6977,chexpert,Support Devices,count,rf,3,16,brier,0.2553288078065338
6978,chexpert,Support Devices,count,rf,4,16,auroc,0.5851073322036555
6979,chexpert,Support Devices,count,rf,4,16,auprc,0.30742074672792585
6980,chexpert,Support Devices,count,rf,4,16,brier,0.25365255645628765
6981,chexpert,Support Devices,count,rf,0,24,auroc,0.5932764090376281
6982,chexpert,Support Devices,count,rf,0,24,auprc,0.2953055815792949
6983,chexpert,Support Devices,count,rf,0,24,brier,0.25816822164555286
6984,chexpert,Support Devices,count,rf,1,24,auroc,0.4305056972944572
6985,chexpert,Support Devices,count,rf,1,24,auprc,0.21017585809064998
6986,chexpert,Support Devices,count,rf,1,24,brier,0.2718585620257454
6987,chexpert,Support Devices,count,rf,2,24,auroc,0.6137850099013247
6988,chexpert,Support Devices,count,rf,2,24,auprc,0.3224742208097152
6989,chexpert,Support Devices,count,rf,2,24,brier,0.26449326474331775
6990,chexpert,Support Devices,count,rf,3,24,auroc,0.549361721739745
6991,chexpert,Support Devices,count,rf,3,24,auprc,0.2676978985721448
6992,chexpert,Support Devices,count,rf,3,24,brier,0.24223058973271108
6993,chexpert,Support Devices,count,rf,4,24,auroc,0.5034296529697061
6994,chexpert,Support Devices,count,rf,4,24,auprc,0.2384511270751832
6995,chexpert,Support Devices,count,rf,4,24,brier,0.259412738693905
6996,chexpert,Support Devices,count,rf,0,32,auroc,0.583446244793931
6997,chexpert,Support Devices,count,rf,0,32,auprc,0.3026158565265786
6998,chexpert,Support Devices,count,rf,0,32,brier,0.2543354126858418
6999,chexpert,Support Devices,count,rf,1,32,auroc,0.5457531535988127
7000,chexpert,Support Devices,count,rf,1,32,auprc,0.2717077533798982
7001,chexpert,Support Devices,count,rf,1,32,brier,0.23461204275347217
7002,chexpert,Support Devices,count,rf,2,32,auroc,0.6019007470929741
7003,chexpert,Support Devices,count,rf,2,32,auprc,0.3161276214135297
7004,chexpert,Support Devices,count,rf,2,32,brier,0.24149368901145526
7005,chexpert,Support Devices,count,rf,3,32,auroc,0.5689701546880354
7006,chexpert,Support Devices,count,rf,3,32,auprc,0.28052316872129257
7007,chexpert,Support Devices,count,rf,3,32,brier,0.2645749363597794
7008,chexpert,Support Devices,count,rf,4,32,auroc,0.5803630229689226
7009,chexpert,Support Devices,count,rf,4,32,auprc,0.3019579294103741
7010,chexpert,Support Devices,count,rf,4,32,brier,0.26253387485590246
7011,chexpert,Support Devices,count,rf,0,48,auroc,0.6441734890301924
7012,chexpert,Support Devices,count,rf,0,48,auprc,0.3875303713513369
7013,chexpert,Support Devices,count,rf,0,48,brier,0.23652825952581846
7014,chexpert,Support Devices,count,rf,1,48,auroc,0.598422117516204
7015,chexpert,Support Devices,count,rf,1,48,auprc,0.31424602697023307
7016,chexpert,Support Devices,count,rf,1,48,brier,0.2367535155329279
7017,chexpert,Support Devices,count,rf,2,48,auroc,0.6058624752850952
7018,chexpert,Support Devices,count,rf,2,48,auprc,0.3123207789238691
7019,chexpert,Support Devices,count,rf,2,48,brier,0.25485302325007525
7020,chexpert,Support Devices,count,rf,3,48,auroc,0.5827543964493496
7021,chexpert,Support Devices,count,rf,3,48,auprc,0.29444970951914823
7022,chexpert,Support Devices,count,rf,3,48,brier,0.2639745969452695
7023,chexpert,Support Devices,count,rf,4,48,auroc,0.6033628247887999
7024,chexpert,Support Devices,count,rf,4,48,auprc,0.31997513712744285
7025,chexpert,Support Devices,count,rf,4,48,brier,0.25231438268985995
7026,chexpert,Support Devices,count,rf,0,64,auroc,0.6090097292613719
7027,chexpert,Support Devices,count,rf,0,64,auprc,0.3375027979723444
7028,chexpert,Support Devices,count,rf,0,64,brier,0.24951976535887047
7029,chexpert,Support Devices,count,rf,1,64,auroc,0.6055443731439817
7030,chexpert,Support Devices,count,rf,1,64,auprc,0.32402371590388424
7031,chexpert,Support Devices,count,rf,1,64,brier,0.23971965422146796
7032,chexpert,Support Devices,count,rf,2,64,auroc,0.6491787200636634
7033,chexpert,Support Devices,count,rf,2,64,auprc,0.4051555377877511
7034,chexpert,Support Devices,count,rf,2,64,brier,0.23851548792349334
7035,chexpert,Support Devices,count,rf,3,64,auroc,0.621786724389828
7036,chexpert,Support Devices,count,rf,3,64,auprc,0.3511311694055631
7037,chexpert,Support Devices,count,rf,3,64,brier,0.23809772073728375
7038,chexpert,Support Devices,count,rf,4,64,auroc,0.5799569227082159
7039,chexpert,Support Devices,count,rf,4,64,auprc,0.2901595113663056
7040,chexpert,Support Devices,count,rf,4,64,brier,0.2450796869979646
7041,chexpert,Support Devices,count,rf,0,128,auroc,0.6621766629847156
7042,chexpert,Support Devices,count,rf,0,128,auprc,0.4013195167300654
7043,chexpert,Support Devices,count,rf,0,128,brier,0.23042664851775196
7044,chexpert,Support Devices,count,rf,1,128,auroc,0.6272826125363522
7045,chexpert,Support Devices,count,rf,1,128,auprc,0.35997655678281926
7046,chexpert,Support Devices,count,rf,1,128,brier,0.23509785746678244
7047,chexpert,Support Devices,count,rf,2,128,auroc,0.6673314969666151
7048,chexpert,Support Devices,count,rf,2,128,auprc,0.407636719625565
7049,chexpert,Support Devices,count,rf,2,128,brier,0.2381169725317785
7050,chexpert,Support Devices,count,rf,3,128,auroc,0.6454114849221798
7051,chexpert,Support Devices,count,rf,3,128,auprc,0.34179453142324223
7052,chexpert,Support Devices,count,rf,3,128,brier,0.24592136190072122
7053,chexpert,Support Devices,count,rf,4,128,auroc,0.621039969397302
7054,chexpert,Support Devices,count,rf,4,128,auprc,0.32715047688371257
7055,chexpert,Support Devices,count,rf,4,128,brier,0.22958222316504032
7056,chexpert,No Finding,clmbr,lr_lbfgs,0,-1,auroc,0.6058757984483548
7057,chexpert,No Finding,clmbr,lr_lbfgs,0,-1,auprc,0.4802788478181554
7058,chexpert,No Finding,clmbr,lr_lbfgs,0,-1,brier,0.2327636234928526
7059,chexpert,No Finding,clmbr,lr_lbfgs,0,1,auroc,0.4633577661608948
7060,chexpert,No Finding,clmbr,lr_lbfgs,0,1,auprc,0.35690926092064584
7061,chexpert,No Finding,clmbr,lr_lbfgs,0,1,brier,0.25000091319688633
7062,chexpert,No Finding,clmbr,lr_lbfgs,1,1,auroc,0.5391962209880523
7063,chexpert,No Finding,clmbr,lr_lbfgs,1,1,auprc,0.42067140403030073
7064,chexpert,No Finding,clmbr,lr_lbfgs,1,1,brier,0.2499943565085069
7065,chexpert,No Finding,clmbr,lr_lbfgs,2,1,auroc,0.48194142850475785
7066,chexpert,No Finding,clmbr,lr_lbfgs,2,1,auprc,0.3769315355232545
7067,chexpert,No Finding,clmbr,lr_lbfgs,2,1,brier,0.25000092331665363
7068,chexpert,No Finding,clmbr,lr_lbfgs,3,1,auroc,0.4926452125706018
7069,chexpert,No Finding,clmbr,lr_lbfgs,3,1,auprc,0.3846209846234381
7070,chexpert,No Finding,clmbr,lr_lbfgs,3,1,brier,0.2499993691853846
7071,chexpert,No Finding,clmbr,lr_lbfgs,4,1,auroc,0.4943722671622599
7072,chexpert,No Finding,clmbr,lr_lbfgs,4,1,auprc,0.390036184843877
7073,chexpert,No Finding,clmbr,lr_lbfgs,4,1,brier,0.25000083661704214
7074,chexpert,No Finding,clmbr,lr_lbfgs,0,2,auroc,0.47395348839404117
7075,chexpert,No Finding,clmbr,lr_lbfgs,0,2,auprc,0.36450968191760263
7076,chexpert,No Finding,clmbr,lr_lbfgs,0,2,brier,0.4243591639766996
7077,chexpert,No Finding,clmbr,lr_lbfgs,1,2,auroc,0.5425313677782548
7078,chexpert,No Finding,clmbr,lr_lbfgs,1,2,auprc,0.43210402384966295
7079,chexpert,No Finding,clmbr,lr_lbfgs,1,2,brier,0.24999842456689897
7080,chexpert,No Finding,clmbr,lr_lbfgs,2,2,auroc,0.5102873213127994
7081,chexpert,No Finding,clmbr,lr_lbfgs,2,2,auprc,0.3979427334482696
7082,chexpert,No Finding,clmbr,lr_lbfgs,2,2,brier,0.24999913388076095
7083,chexpert,No Finding,clmbr,lr_lbfgs,3,2,auroc,0.5591860084370338
7084,chexpert,No Finding,clmbr,lr_lbfgs,3,2,auprc,0.4419983899179053
7085,chexpert,No Finding,clmbr,lr_lbfgs,3,2,brier,0.24999835489945804
7086,chexpert,No Finding,clmbr,lr_lbfgs,4,2,auroc,0.5605941154622279
7087,chexpert,No Finding,clmbr,lr_lbfgs,4,2,auprc,0.43970636183774997
7088,chexpert,No Finding,clmbr,lr_lbfgs,4,2,brier,0.2499986151872546
7089,chexpert,No Finding,clmbr,lr_lbfgs,0,4,auroc,0.532291353010119
7090,chexpert,No Finding,clmbr,lr_lbfgs,0,4,auprc,0.41993571231775584
7091,chexpert,No Finding,clmbr,lr_lbfgs,0,4,brier,0.2552130178600429
7092,chexpert,No Finding,clmbr,lr_lbfgs,1,4,auroc,0.5333762183086851
7093,chexpert,No Finding,clmbr,lr_lbfgs,1,4,auprc,0.4181599238024122
7094,chexpert,No Finding,clmbr,lr_lbfgs,1,4,brier,0.5361710763624217
7095,chexpert,No Finding,clmbr,lr_lbfgs,2,4,auroc,0.5166800517054635
7096,chexpert,No Finding,clmbr,lr_lbfgs,2,4,auprc,0.40067150733081885
7097,chexpert,No Finding,clmbr,lr_lbfgs,2,4,brier,0.24999929967123458
7098,chexpert,No Finding,clmbr,lr_lbfgs,3,4,auroc,0.5294212967976749
7099,chexpert,No Finding,clmbr,lr_lbfgs,3,4,auprc,0.4211858527277547
7100,chexpert,No Finding,clmbr,lr_lbfgs,3,4,brier,0.2645495982130578
7101,chexpert,No Finding,clmbr,lr_lbfgs,4,4,auroc,0.5551427971055095
7102,chexpert,No Finding,clmbr,lr_lbfgs,4,4,auprc,0.4356360319521064
7103,chexpert,No Finding,clmbr,lr_lbfgs,4,4,brier,0.4639268957520234
7104,chexpert,No Finding,clmbr,lr_lbfgs,0,8,auroc,0.5656904813711074
7105,chexpert,No Finding,clmbr,lr_lbfgs,0,8,auprc,0.444216645030294
7106,chexpert,No Finding,clmbr,lr_lbfgs,0,8,brier,0.3669037819509431
7107,chexpert,No Finding,clmbr,lr_lbfgs,1,8,auroc,0.5400909163365
7108,chexpert,No Finding,clmbr,lr_lbfgs,1,8,auprc,0.42415198289553735
7109,chexpert,No Finding,clmbr,lr_lbfgs,1,8,brier,0.2628173342211339
7110,chexpert,No Finding,clmbr,lr_lbfgs,2,8,auroc,0.5058607500123515
7111,chexpert,No Finding,clmbr,lr_lbfgs,2,8,auprc,0.4017458837714962
7112,chexpert,No Finding,clmbr,lr_lbfgs,2,8,brier,0.24999941825470104
7113,chexpert,No Finding,clmbr,lr_lbfgs,3,8,auroc,0.5388691569869926
7114,chexpert,No Finding,clmbr,lr_lbfgs,3,8,auprc,0.42308464506785104
7115,chexpert,No Finding,clmbr,lr_lbfgs,3,8,brier,0.2999744107610803
7116,chexpert,No Finding,clmbr,lr_lbfgs,4,8,auroc,0.5494685599288509
7117,chexpert,No Finding,clmbr,lr_lbfgs,4,8,auprc,0.4297381629672745
7118,chexpert,No Finding,clmbr,lr_lbfgs,4,8,brier,0.402016241394886
7119,chexpert,No Finding,clmbr,lr_lbfgs,0,12,auroc,0.5440338047613364
7120,chexpert,No Finding,clmbr,lr_lbfgs,0,12,auprc,0.4329874513997339
7121,chexpert,No Finding,clmbr,lr_lbfgs,0,12,brier,0.2509485622412239
7122,chexpert,No Finding,clmbr,lr_lbfgs,1,12,auroc,0.5369517436909231
7123,chexpert,No Finding,clmbr,lr_lbfgs,1,12,auprc,0.4200962127793166
7124,chexpert,No Finding,clmbr,lr_lbfgs,1,12,brier,0.4469429572327673
7125,chexpert,No Finding,clmbr,lr_lbfgs,2,12,auroc,0.5250077495434388
7126,chexpert,No Finding,clmbr,lr_lbfgs,2,12,auprc,0.42023277193187114
7127,chexpert,No Finding,clmbr,lr_lbfgs,2,12,brier,0.33574573518447615
7128,chexpert,No Finding,clmbr,lr_lbfgs,3,12,auroc,0.5493063728026581
7129,chexpert,No Finding,clmbr,lr_lbfgs,3,12,auprc,0.428770020938528
7130,chexpert,No Finding,clmbr,lr_lbfgs,3,12,brier,0.26194004922388503
7131,chexpert,No Finding,clmbr,lr_lbfgs,4,12,auroc,0.5432274936105492
7132,chexpert,No Finding,clmbr,lr_lbfgs,4,12,auprc,0.42222887837358547
7133,chexpert,No Finding,clmbr,lr_lbfgs,4,12,brier,0.4498777462335972
7134,chexpert,No Finding,clmbr,lr_lbfgs,0,16,auroc,0.5462311406738084
7135,chexpert,No Finding,clmbr,lr_lbfgs,0,16,auprc,0.4298340027698047
7136,chexpert,No Finding,clmbr,lr_lbfgs,0,16,brier,0.39689967644563906
7137,chexpert,No Finding,clmbr,lr_lbfgs,1,16,auroc,0.5187152948688891
7138,chexpert,No Finding,clmbr,lr_lbfgs,1,16,auprc,0.4091683877192247
7139,chexpert,No Finding,clmbr,lr_lbfgs,1,16,brier,0.466696362323212
7140,chexpert,No Finding,clmbr,lr_lbfgs,2,16,auroc,0.5424707304616538
7141,chexpert,No Finding,clmbr,lr_lbfgs,2,16,auprc,0.43326166262808796
7142,chexpert,No Finding,clmbr,lr_lbfgs,2,16,brier,0.2864318533038001
7143,chexpert,No Finding,clmbr,lr_lbfgs,3,16,auroc,0.5351141262721862
7144,chexpert,No Finding,clmbr,lr_lbfgs,3,16,auprc,0.4248819979454494
7145,chexpert,No Finding,clmbr,lr_lbfgs,3,16,brier,0.2487705122961079
7146,chexpert,No Finding,clmbr,lr_lbfgs,4,16,auroc,0.536157560003456
7147,chexpert,No Finding,clmbr,lr_lbfgs,4,16,auprc,0.41683559417949656
7148,chexpert,No Finding,clmbr,lr_lbfgs,4,16,brier,0.3997584410307594
7149,chexpert,No Finding,clmbr,lr_lbfgs,0,24,auroc,0.5347683284075541
7150,chexpert,No Finding,clmbr,lr_lbfgs,0,24,auprc,0.4201637413091705
7151,chexpert,No Finding,clmbr,lr_lbfgs,0,24,brier,0.4375845327378853
7152,chexpert,No Finding,clmbr,lr_lbfgs,1,24,auroc,0.5251926343733553
7153,chexpert,No Finding,clmbr,lr_lbfgs,1,24,auprc,0.41241651569063487
7154,chexpert,No Finding,clmbr,lr_lbfgs,1,24,brier,0.25004554921529565
7155,chexpert,No Finding,clmbr,lr_lbfgs,2,24,auroc,0.5595673864858817
7156,chexpert,No Finding,clmbr,lr_lbfgs,2,24,auprc,0.4386851121683654
7157,chexpert,No Finding,clmbr,lr_lbfgs,2,24,brier,0.24836283373973053
7158,chexpert,No Finding,clmbr,lr_lbfgs,3,24,auroc,0.560358974801821
7159,chexpert,No Finding,clmbr,lr_lbfgs,3,24,auprc,0.44621097456931824
7160,chexpert,No Finding,clmbr,lr_lbfgs,3,24,brier,0.3978199777766284
7161,chexpert,No Finding,clmbr,lr_lbfgs,4,24,auroc,0.5532019310885445
7162,chexpert,No Finding,clmbr,lr_lbfgs,4,24,auprc,0.44053795861119627
7163,chexpert,No Finding,clmbr,lr_lbfgs,4,24,brier,0.2873493973431379
7164,chexpert,No Finding,clmbr,lr_lbfgs,0,32,auroc,0.5319220080474449
7165,chexpert,No Finding,clmbr,lr_lbfgs,0,32,auprc,0.4179266890879758
7166,chexpert,No Finding,clmbr,lr_lbfgs,0,32,brier,0.25000016764783567
7167,chexpert,No Finding,clmbr,lr_lbfgs,1,32,auroc,0.5252981480230984
7168,chexpert,No Finding,clmbr,lr_lbfgs,1,32,auprc,0.4126115702699516
7169,chexpert,No Finding,clmbr,lr_lbfgs,1,32,brier,0.4298896742778439
7170,chexpert,No Finding,clmbr,lr_lbfgs,2,32,auroc,0.5563591297690954
7171,chexpert,No Finding,clmbr,lr_lbfgs,2,32,auprc,0.4381196004229694
7172,chexpert,No Finding,clmbr,lr_lbfgs,2,32,brier,0.27186017960768144
7173,chexpert,No Finding,clmbr,lr_lbfgs,3,32,auroc,0.544705581289844
7174,chexpert,No Finding,clmbr,lr_lbfgs,3,32,auprc,0.43700204112342655
7175,chexpert,No Finding,clmbr,lr_lbfgs,3,32,brier,0.2499998364689138
7176,chexpert,No Finding,clmbr,lr_lbfgs,4,32,auroc,0.5559775157773814
7177,chexpert,No Finding,clmbr,lr_lbfgs,4,32,auprc,0.4355121359375143
7178,chexpert,No Finding,clmbr,lr_lbfgs,4,32,brier,0.2499982406312526
7179,chexpert,No Finding,clmbr,lr_lbfgs,0,48,auroc,0.5217458394188897
7180,chexpert,No Finding,clmbr,lr_lbfgs,0,48,auprc,0.41982468955167696
7181,chexpert,No Finding,clmbr,lr_lbfgs,0,48,brier,0.24999965795654208
7182,chexpert,No Finding,clmbr,lr_lbfgs,1,48,auroc,0.5592165866324871
7183,chexpert,No Finding,clmbr,lr_lbfgs,1,48,auprc,0.435628997929553
7184,chexpert,No Finding,clmbr,lr_lbfgs,1,48,brier,0.287400902834898
7185,chexpert,No Finding,clmbr,lr_lbfgs,2,48,auroc,0.5663830680604095
7186,chexpert,No Finding,clmbr,lr_lbfgs,2,48,auprc,0.4498593316562639
7187,chexpert,No Finding,clmbr,lr_lbfgs,2,48,brier,0.24367270678769826
7188,chexpert,No Finding,clmbr,lr_lbfgs,3,48,auroc,0.5849338871573042
7189,chexpert,No Finding,clmbr,lr_lbfgs,3,48,auprc,0.46351838757032493
7190,chexpert,No Finding,clmbr,lr_lbfgs,3,48,brier,0.2499802956244628
7191,chexpert,No Finding,clmbr,lr_lbfgs,4,48,auroc,0.5879733031590721
7192,chexpert,No Finding,clmbr,lr_lbfgs,4,48,auprc,0.46017194722585075
7193,chexpert,No Finding,clmbr,lr_lbfgs,4,48,brier,0.24999796065459626
7194,chexpert,No Finding,clmbr,lr_lbfgs,0,64,auroc,0.5388496209176752
7195,chexpert,No Finding,clmbr,lr_lbfgs,0,64,auprc,0.4302037482567267
7196,chexpert,No Finding,clmbr,lr_lbfgs,0,64,brier,0.24999917445886868
7197,chexpert,No Finding,clmbr,lr_lbfgs,1,64,auroc,0.5632053423505035
7198,chexpert,No Finding,clmbr,lr_lbfgs,1,64,auprc,0.4434527674875093
7199,chexpert,No Finding,clmbr,lr_lbfgs,1,64,brier,0.24932343832172246
7200,chexpert,No Finding,clmbr,lr_lbfgs,2,64,auroc,0.5601327055931813
7201,chexpert,No Finding,clmbr,lr_lbfgs,2,64,auprc,0.44065729366256107
7202,chexpert,No Finding,clmbr,lr_lbfgs,2,64,brier,0.24631734818710938
7203,chexpert,No Finding,clmbr,lr_lbfgs,3,64,auroc,0.588089858934951
7204,chexpert,No Finding,clmbr,lr_lbfgs,3,64,auprc,0.4658731016428008
7205,chexpert,No Finding,clmbr,lr_lbfgs,3,64,brier,0.24222174493899137
7206,chexpert,No Finding,clmbr,lr_lbfgs,4,64,auroc,0.5462858794187557
7207,chexpert,No Finding,clmbr,lr_lbfgs,4,64,auprc,0.43264306737004243
7208,chexpert,No Finding,clmbr,lr_lbfgs,4,64,brier,0.24896938892561757
7209,chexpert,No Finding,clmbr,lr_lbfgs,0,128,auroc,0.5829068076170474
7210,chexpert,No Finding,clmbr,lr_lbfgs,0,128,auprc,0.45433948445741723
7211,chexpert,No Finding,clmbr,lr_lbfgs,0,128,brier,0.24753582224540316
7212,chexpert,No Finding,clmbr,lr_lbfgs,1,128,auroc,0.5714243177157559
7213,chexpert,No Finding,clmbr,lr_lbfgs,1,128,auprc,0.44504626217150384
7214,chexpert,No Finding,clmbr,lr_lbfgs,1,128,brier,0.24810964531165028
7215,chexpert,No Finding,clmbr,lr_lbfgs,2,128,auroc,0.5692877134970314
7216,chexpert,No Finding,clmbr,lr_lbfgs,2,128,auprc,0.44729292866328374
7217,chexpert,No Finding,clmbr,lr_lbfgs,2,128,brier,0.24745293618035055
7218,chexpert,No Finding,clmbr,lr_lbfgs,3,128,auroc,0.5805603558131673
7219,chexpert,No Finding,clmbr,lr_lbfgs,3,128,auprc,0.45170763612742226
7220,chexpert,No Finding,clmbr,lr_lbfgs,3,128,brier,0.24321401165170428
7221,chexpert,No Finding,clmbr,lr_lbfgs,4,128,auroc,0.5455731903972575
7222,chexpert,No Finding,clmbr,lr_lbfgs,4,128,auprc,0.4266738426109084
7223,chexpert,No Finding,clmbr,lr_lbfgs,4,128,brier,0.3373864626997409
7224,chexpert,Enlarged Cardiomediastinum,clmbr,lr_lbfgs,0,-1,auroc,0.6397626761287668
7225,chexpert,Enlarged Cardiomediastinum,clmbr,lr_lbfgs,0,-1,auprc,0.03255710278784668
7226,chexpert,Enlarged Cardiomediastinum,clmbr,lr_lbfgs,0,-1,brier,0.017463263200820398
7227,chexpert,Enlarged Cardiomediastinum,clmbr,lr_lbfgs,0,1,auroc,0.47800575953923685
7228,chexpert,Enlarged Cardiomediastinum,clmbr,lr_lbfgs,0,1,auprc,0.01636138505028973
7229,chexpert,Enlarged Cardiomediastinum,clmbr,lr_lbfgs,0,1,brier,0.2500201369071309
7230,chexpert,Enlarged Cardiomediastinum,clmbr,lr_lbfgs,1,1,auroc,0.560677645788337
7231,chexpert,Enlarged Cardiomediastinum,clmbr,lr_lbfgs,1,1,auprc,0.02080945009761359
7232,chexpert,Enlarged Cardiomediastinum,clmbr,lr_lbfgs,1,1,brier,0.25000081223533205
7233,chexpert,Enlarged Cardiomediastinum,clmbr,lr_lbfgs,2,1,auroc,0.49834541808083926
7234,chexpert,Enlarged Cardiomediastinum,clmbr,lr_lbfgs,2,1,auprc,0.01789909486542585
7235,chexpert,Enlarged Cardiomediastinum,clmbr,lr_lbfgs,2,1,brier,0.2500011081366737
7236,chexpert,Enlarged Cardiomediastinum,clmbr,lr_lbfgs,3,1,auroc,0.4260149902293531
7237,chexpert,Enlarged Cardiomediastinum,clmbr,lr_lbfgs,3,1,auprc,0.01469411407386755
7238,chexpert,Enlarged Cardiomediastinum,clmbr,lr_lbfgs,3,1,brier,0.24999846101756845
7239,chexpert,Enlarged Cardiomediastinum,clmbr,lr_lbfgs,4,1,auroc,0.46663452638074665
7240,chexpert,Enlarged Cardiomediastinum,clmbr,lr_lbfgs,4,1,auprc,0.0171173899143891
7241,chexpert,Enlarged Cardiomediastinum,clmbr,lr_lbfgs,4,1,brier,0.24999433477189356
7242,chexpert,Enlarged Cardiomediastinum,clmbr,lr_lbfgs,0,2,auroc,0.5043948626966986
7243,chexpert,Enlarged Cardiomediastinum,clmbr,lr_lbfgs,0,2,auprc,0.018259670383431098
7244,chexpert,Enlarged Cardiomediastinum,clmbr,lr_lbfgs,0,2,brier,0.15991575487008583
7245,chexpert,Enlarged Cardiomediastinum,clmbr,lr_lbfgs,1,2,auroc,0.5888987452432377
7246,chexpert,Enlarged Cardiomediastinum,clmbr,lr_lbfgs,1,2,auprc,0.029212999601165864
7247,chexpert,Enlarged Cardiomediastinum,clmbr,lr_lbfgs,1,2,brier,0.24999692280319147
7248,chexpert,Enlarged Cardiomediastinum,clmbr,lr_lbfgs,2,2,auroc,0.5435462305872673
7249,chexpert,Enlarged Cardiomediastinum,clmbr,lr_lbfgs,2,2,auprc,0.022706930320537985
7250,chexpert,Enlarged Cardiomediastinum,clmbr,lr_lbfgs,2,2,brier,0.2500009218163767
7251,chexpert,Enlarged Cardiomediastinum,clmbr,lr_lbfgs,3,2,auroc,0.47516777229250234
7252,chexpert,Enlarged Cardiomediastinum,clmbr,lr_lbfgs,3,2,auprc,0.016597457077441476
7253,chexpert,Enlarged Cardiomediastinum,clmbr,lr_lbfgs,3,2,brier,0.250002423075276
7254,chexpert,Enlarged Cardiomediastinum,clmbr,lr_lbfgs,4,2,auroc,0.45053931399773733
7255,chexpert,Enlarged Cardiomediastinum,clmbr,lr_lbfgs,4,2,auprc,0.015469429142308318
7256,chexpert,Enlarged Cardiomediastinum,clmbr,lr_lbfgs,4,2,brier,0.24999716549844656
7257,chexpert,Enlarged Cardiomediastinum,clmbr,lr_lbfgs,0,4,auroc,0.5340783451609585
7258,chexpert,Enlarged Cardiomediastinum,clmbr,lr_lbfgs,0,4,auprc,0.022677553755787824
7259,chexpert,Enlarged Cardiomediastinum,clmbr,lr_lbfgs,0,4,brier,0.25000352215285004
7260,chexpert,Enlarged Cardiomediastinum,clmbr,lr_lbfgs,1,4,auroc,0.6043646508279337
7261,chexpert,Enlarged Cardiomediastinum,clmbr,lr_lbfgs,1,4,auprc,0.023793138340702336
7262,chexpert,Enlarged Cardiomediastinum,clmbr,lr_lbfgs,1,4,brier,0.24999861575181231
7263,chexpert,Enlarged Cardiomediastinum,clmbr,lr_lbfgs,2,4,auroc,0.45085750282834514
7264,chexpert,Enlarged Cardiomediastinum,clmbr,lr_lbfgs,2,4,auprc,0.015622829911957991
7265,chexpert,Enlarged Cardiomediastinum,clmbr,lr_lbfgs,2,4,brier,0.2500021653007837
7266,chexpert,Enlarged Cardiomediastinum,clmbr,lr_lbfgs,3,4,auroc,0.519118327676643
7267,chexpert,Enlarged Cardiomediastinum,clmbr,lr_lbfgs,3,4,auprc,0.019523448157586394
7268,chexpert,Enlarged Cardiomediastinum,clmbr,lr_lbfgs,3,4,brier,0.25235627580876546
7269,chexpert,Enlarged Cardiomediastinum,clmbr,lr_lbfgs,4,4,auroc,0.47260619150467964
7270,chexpert,Enlarged Cardiomediastinum,clmbr,lr_lbfgs,4,4,auprc,0.016111543853943013
7271,chexpert,Enlarged Cardiomediastinum,clmbr,lr_lbfgs,4,4,brier,0.24999981308682767
7272,chexpert,Enlarged Cardiomediastinum,clmbr,lr_lbfgs,0,8,auroc,0.510475161987041
7273,chexpert,Enlarged Cardiomediastinum,clmbr,lr_lbfgs,0,8,auprc,0.021724909088829847
7274,chexpert,Enlarged Cardiomediastinum,clmbr,lr_lbfgs,0,8,brier,0.25476926833310404
7275,chexpert,Enlarged Cardiomediastinum,clmbr,lr_lbfgs,1,8,auroc,0.625202483801296
7276,chexpert,Enlarged Cardiomediastinum,clmbr,lr_lbfgs,1,8,auprc,0.024761036256180934
7277,chexpert,Enlarged Cardiomediastinum,clmbr,lr_lbfgs,1,8,brier,0.2531660004947532
7278,chexpert,Enlarged Cardiomediastinum,clmbr,lr_lbfgs,2,8,auroc,0.5495461791628099
7279,chexpert,Enlarged Cardiomediastinum,clmbr,lr_lbfgs,2,8,auprc,0.019327364077563
7280,chexpert,Enlarged Cardiomediastinum,clmbr,lr_lbfgs,2,8,brier,0.25000259463287666
7281,chexpert,Enlarged Cardiomediastinum,clmbr,lr_lbfgs,3,8,auroc,0.5514321711405945
7282,chexpert,Enlarged Cardiomediastinum,clmbr,lr_lbfgs,3,8,auprc,0.022915308396882498
7283,chexpert,Enlarged Cardiomediastinum,clmbr,lr_lbfgs,3,8,brier,0.2735767250764297
7284,chexpert,Enlarged Cardiomediastinum,clmbr,lr_lbfgs,4,8,auroc,0.530032525969351
7285,chexpert,Enlarged Cardiomediastinum,clmbr,lr_lbfgs,4,8,auprc,0.019695915629824916
7286,chexpert,Enlarged Cardiomediastinum,clmbr,lr_lbfgs,4,8,brier,0.11883022262737258
7287,chexpert,Enlarged Cardiomediastinum,clmbr,lr_lbfgs,0,12,auroc,0.5448170574925435
7288,chexpert,Enlarged Cardiomediastinum,clmbr,lr_lbfgs,0,12,auprc,0.02251408939012391
7289,chexpert,Enlarged Cardiomediastinum,clmbr,lr_lbfgs,0,12,brier,0.3143218750218439
7290,chexpert,Enlarged Cardiomediastinum,clmbr,lr_lbfgs,1,12,auroc,0.6152055692687441
7291,chexpert,Enlarged Cardiomediastinum,clmbr,lr_lbfgs,1,12,auprc,0.02405941475740511
7292,chexpert,Enlarged Cardiomediastinum,clmbr,lr_lbfgs,1,12,brier,0.2460054847367004
7293,chexpert,Enlarged Cardiomediastinum,clmbr,lr_lbfgs,2,12,auroc,0.5680602694641571
7294,chexpert,Enlarged Cardiomediastinum,clmbr,lr_lbfgs,2,12,auprc,0.020517193291582997
7295,chexpert,Enlarged Cardiomediastinum,clmbr,lr_lbfgs,2,12,brier,0.25000182413546806
7296,chexpert,Enlarged Cardiomediastinum,clmbr,lr_lbfgs,3,12,auroc,0.5672522626761287
7297,chexpert,Enlarged Cardiomediastinum,clmbr,lr_lbfgs,3,12,auprc,0.0236842915406559
7298,chexpert,Enlarged Cardiomediastinum,clmbr,lr_lbfgs,3,12,brier,0.25000360897737633
7299,chexpert,Enlarged Cardiomediastinum,clmbr,lr_lbfgs,4,12,auroc,0.5229359508382186
7300,chexpert,Enlarged Cardiomediastinum,clmbr,lr_lbfgs,4,12,auprc,0.01953804704242056
7301,chexpert,Enlarged Cardiomediastinum,clmbr,lr_lbfgs,4,12,brier,0.22958796286074135
7302,chexpert,Enlarged Cardiomediastinum,clmbr,lr_lbfgs,0,16,auroc,0.5340616322122801
7303,chexpert,Enlarged Cardiomediastinum,clmbr,lr_lbfgs,0,16,auprc,0.02290132194006009
7304,chexpert,Enlarged Cardiomediastinum,clmbr,lr_lbfgs,0,16,brier,0.3666585293791593
7305,chexpert,Enlarged Cardiomediastinum,clmbr,lr_lbfgs,1,16,auroc,0.5755136017690013
7306,chexpert,Enlarged Cardiomediastinum,clmbr,lr_lbfgs,1,16,auprc,0.02086363836996922
7307,chexpert,Enlarged Cardiomediastinum,clmbr,lr_lbfgs,1,16,brier,0.3405189501138493
7308,chexpert,Enlarged Cardiomediastinum,clmbr,lr_lbfgs,2,16,auroc,0.5683514604545923
7309,chexpert,Enlarged Cardiomediastinum,clmbr,lr_lbfgs,2,16,auprc,0.024722276073428247
7310,chexpert,Enlarged Cardiomediastinum,clmbr,lr_lbfgs,2,16,brier,0.25000539103556624
7311,chexpert,Enlarged Cardiomediastinum,clmbr,lr_lbfgs,3,16,auroc,0.5743559086701635
7312,chexpert,Enlarged Cardiomediastinum,clmbr,lr_lbfgs,3,16,auprc,0.024995706837413804
7313,chexpert,Enlarged Cardiomediastinum,clmbr,lr_lbfgs,3,16,brier,0.2552481791241944
7314,chexpert,Enlarged Cardiomediastinum,clmbr,lr_lbfgs,4,16,auroc,0.5525043710788852
7315,chexpert,Enlarged Cardiomediastinum,clmbr,lr_lbfgs,4,16,auprc,0.021455377464376712
7316,chexpert,Enlarged Cardiomediastinum,clmbr,lr_lbfgs,4,16,brier,0.2489481030569022
7317,chexpert,Enlarged Cardiomediastinum,clmbr,lr_lbfgs,0,24,auroc,0.5764141725804792
7318,chexpert,Enlarged Cardiomediastinum,clmbr,lr_lbfgs,0,24,auprc,0.03040017246308977
7319,chexpert,Enlarged Cardiomediastinum,clmbr,lr_lbfgs,0,24,brier,0.2490378400478269
7320,chexpert,Enlarged Cardiomediastinum,clmbr,lr_lbfgs,1,24,auroc,0.5141680808392471
7321,chexpert,Enlarged Cardiomediastinum,clmbr,lr_lbfgs,1,24,auprc,0.01799582513012695
7322,chexpert,Enlarged Cardiomediastinum,clmbr,lr_lbfgs,1,24,brier,0.3902791097332776
7323,chexpert,Enlarged Cardiomediastinum,clmbr,lr_lbfgs,2,24,auroc,0.6039847526483596
7324,chexpert,Enlarged Cardiomediastinum,clmbr,lr_lbfgs,2,24,auprc,0.025988029547553065
7325,chexpert,Enlarged Cardiomediastinum,clmbr,lr_lbfgs,2,24,brier,0.24968816140495567
7326,chexpert,Enlarged Cardiomediastinum,clmbr,lr_lbfgs,3,24,auroc,0.6047181939730536
7327,chexpert,Enlarged Cardiomediastinum,clmbr,lr_lbfgs,3,24,auprc,0.03382759756902496
7328,chexpert,Enlarged Cardiomediastinum,clmbr,lr_lbfgs,3,24,brier,0.25000333414986015
7329,chexpert,Enlarged Cardiomediastinum,clmbr,lr_lbfgs,4,24,auroc,0.589354494497583
7330,chexpert,Enlarged Cardiomediastinum,clmbr,lr_lbfgs,4,24,auprc,0.024233181529966678
7331,chexpert,Enlarged Cardiomediastinum,clmbr,lr_lbfgs,4,24,brier,0.40261346865467984
7332,chexpert,Enlarged Cardiomediastinum,clmbr,lr_lbfgs,0,32,auroc,0.5828480150159416
7333,chexpert,Enlarged Cardiomediastinum,clmbr,lr_lbfgs,0,32,auprc,0.029264338693458437
7334,chexpert,Enlarged Cardiomediastinum,clmbr,lr_lbfgs,0,32,brier,0.2568421165960338
7335,chexpert,Enlarged Cardiomediastinum,clmbr,lr_lbfgs,1,32,auroc,0.5304786331379204
7336,chexpert,Enlarged Cardiomediastinum,clmbr,lr_lbfgs,1,32,auprc,0.018756102991503196
7337,chexpert,Enlarged Cardiomediastinum,clmbr,lr_lbfgs,1,32,brier,0.24281527755946453
7338,chexpert,Enlarged Cardiomediastinum,clmbr,lr_lbfgs,2,32,auroc,0.609918492234907
7339,chexpert,Enlarged Cardiomediastinum,clmbr,lr_lbfgs,2,32,auprc,0.02674210443458931
7340,chexpert,Enlarged Cardiomediastinum,clmbr,lr_lbfgs,2,32,brier,0.24683532549723758
7341,chexpert,Enlarged Cardiomediastinum,clmbr,lr_lbfgs,3,32,auroc,0.5818992337755837
7342,chexpert,Enlarged Cardiomediastinum,clmbr,lr_lbfgs,3,32,auprc,0.024251449058039408
7343,chexpert,Enlarged Cardiomediastinum,clmbr,lr_lbfgs,3,32,brier,0.24960271961
7344,chexpert,Enlarged Cardiomediastinum,clmbr,lr_lbfgs,4,32,auroc,0.6077708783297335
7345,chexpert,Enlarged Cardiomediastinum,clmbr,lr_lbfgs,4,32,auprc,0.026416192869233773
7346,chexpert,Enlarged Cardiomediastinum,clmbr,lr_lbfgs,4,32,brier,0.24772812883626508
7347,chexpert,Enlarged Cardiomediastinum,clmbr,lr_lbfgs,0,48,auroc,0.6033811580787822
7348,chexpert,Enlarged Cardiomediastinum,clmbr,lr_lbfgs,0,48,auprc,0.03064468645879343
7349,chexpert,Enlarged Cardiomediastinum,clmbr,lr_lbfgs,0,48,brier,0.256712199352451
7350,chexpert,Enlarged Cardiomediastinum,clmbr,lr_lbfgs,1,48,auroc,0.5932556824025507
7351,chexpert,Enlarged Cardiomediastinum,clmbr,lr_lbfgs,1,48,auprc,0.024015474515522342
7352,chexpert,Enlarged Cardiomediastinum,clmbr,lr_lbfgs,1,48,brier,0.2760652683618042
7353,chexpert,Enlarged Cardiomediastinum,clmbr,lr_lbfgs,2,48,auroc,0.6136898333847578
7354,chexpert,Enlarged Cardiomediastinum,clmbr,lr_lbfgs,2,48,auprc,0.027231528881109857
7355,chexpert,Enlarged Cardiomediastinum,clmbr,lr_lbfgs,2,48,brier,0.2498057088955601
7356,chexpert,Enlarged Cardiomediastinum,clmbr,lr_lbfgs,3,48,auroc,0.5964337138743185
7357,chexpert,Enlarged Cardiomediastinum,clmbr,lr_lbfgs,3,48,auprc,0.02552854574099895
7358,chexpert,Enlarged Cardiomediastinum,clmbr,lr_lbfgs,3,48,brier,0.25622423081740325
7359,chexpert,Enlarged Cardiomediastinum,clmbr,lr_lbfgs,4,48,auroc,0.5892137200452535
7360,chexpert,Enlarged Cardiomediastinum,clmbr,lr_lbfgs,4,48,auprc,0.024420239242917436
7361,chexpert,Enlarged Cardiomediastinum,clmbr,lr_lbfgs,4,48,brier,0.2827059436522905
7362,chexpert,Enlarged Cardiomediastinum,clmbr,lr_lbfgs,0,64,auroc,0.6094273886660495
7363,chexpert,Enlarged Cardiomediastinum,clmbr,lr_lbfgs,0,64,auprc,0.030765781683600422
7364,chexpert,Enlarged Cardiomediastinum,clmbr,lr_lbfgs,0,64,brier,0.2570214996390651
7365,chexpert,Enlarged Cardiomediastinum,clmbr,lr_lbfgs,1,64,auroc,0.5980156587473002
7366,chexpert,Enlarged Cardiomediastinum,clmbr,lr_lbfgs,1,64,auprc,0.027690571483887757
7367,chexpert,Enlarged Cardiomediastinum,clmbr,lr_lbfgs,1,64,brier,0.24072483717521848
7368,chexpert,Enlarged Cardiomediastinum,clmbr,lr_lbfgs,2,64,auroc,0.6167168055127019
7369,chexpert,Enlarged Cardiomediastinum,clmbr,lr_lbfgs,2,64,auprc,0.02840962707351659
7370,chexpert,Enlarged Cardiomediastinum,clmbr,lr_lbfgs,2,64,brier,0.24881336534038362
7371,chexpert,Enlarged Cardiomediastinum,clmbr,lr_lbfgs,3,64,auroc,0.6249922863313793
7372,chexpert,Enlarged Cardiomediastinum,clmbr,lr_lbfgs,3,64,auprc,0.02828412809176512
7373,chexpert,Enlarged Cardiomediastinum,clmbr,lr_lbfgs,3,64,brier,0.24826714372676442
7374,chexpert,Enlarged Cardiomediastinum,clmbr,lr_lbfgs,4,64,auroc,0.5821827110973979
7375,chexpert,Enlarged Cardiomediastinum,clmbr,lr_lbfgs,4,64,auprc,0.025862998892485525
7376,chexpert,Enlarged Cardiomediastinum,clmbr,lr_lbfgs,4,64,brier,0.43122981827860146
7377,chexpert,Enlarged Cardiomediastinum,clmbr,lr_lbfgs,0,128,auroc,0.596511493366245
7378,chexpert,Enlarged Cardiomediastinum,clmbr,lr_lbfgs,0,128,auprc,0.027320738383674388
7379,chexpert,Enlarged Cardiomediastinum,clmbr,lr_lbfgs,0,128,brier,0.25082700627267707
7380,chexpert,Enlarged Cardiomediastinum,clmbr,lr_lbfgs,1,128,auroc,0.6372493057698242
7381,chexpert,Enlarged Cardiomediastinum,clmbr,lr_lbfgs,1,128,auprc,0.03123479435256485
7382,chexpert,Enlarged Cardiomediastinum,clmbr,lr_lbfgs,1,128,brier,0.24378145525212053
7383,chexpert,Enlarged Cardiomediastinum,clmbr,lr_lbfgs,2,128,auroc,0.6411074256916589
7384,chexpert,Enlarged Cardiomediastinum,clmbr,lr_lbfgs,2,128,auprc,0.030224924560442654
7385,chexpert,Enlarged Cardiomediastinum,clmbr,lr_lbfgs,2,128,brier,0.23541218274906955
7386,chexpert,Enlarged Cardiomediastinum,clmbr,lr_lbfgs,3,128,auroc,0.6210910984264115
7387,chexpert,Enlarged Cardiomediastinum,clmbr,lr_lbfgs,3,128,auprc,0.029000805941941543
7388,chexpert,Enlarged Cardiomediastinum,clmbr,lr_lbfgs,3,128,brier,0.2456865215779709
7389,chexpert,Enlarged Cardiomediastinum,clmbr,lr_lbfgs,4,128,auroc,0.6141989355137303
7390,chexpert,Enlarged Cardiomediastinum,clmbr,lr_lbfgs,4,128,auprc,0.028736835646771534
7391,chexpert,Enlarged Cardiomediastinum,clmbr,lr_lbfgs,4,128,brier,0.23890790369398426
7392,chexpert,Cardiomegaly,clmbr,lr_lbfgs,0,-1,auroc,0.8216814010357755
7393,chexpert,Cardiomegaly,clmbr,lr_lbfgs,0,-1,auprc,0.16103288642611677
7394,chexpert,Cardiomegaly,clmbr,lr_lbfgs,0,-1,brier,0.03391929482454092
7395,chexpert,Cardiomegaly,clmbr,lr_lbfgs,0,1,auroc,0.6088224949333718
7396,chexpert,Cardiomegaly,clmbr,lr_lbfgs,0,1,auprc,0.06198977629319484
7397,chexpert,Cardiomegaly,clmbr,lr_lbfgs,0,1,brier,0.2500012349414571
7398,chexpert,Cardiomegaly,clmbr,lr_lbfgs,1,1,auroc,0.4558104798528385
7399,chexpert,Cardiomegaly,clmbr,lr_lbfgs,1,1,auprc,0.0349576040300656
7400,chexpert,Cardiomegaly,clmbr,lr_lbfgs,1,1,brier,0.24999838187238294
7401,chexpert,Cardiomegaly,clmbr,lr_lbfgs,2,1,auroc,0.63892334576869
7402,chexpert,Cardiomegaly,clmbr,lr_lbfgs,2,1,auprc,0.06707156665516628
7403,chexpert,Cardiomegaly,clmbr,lr_lbfgs,2,1,brier,0.2500052365277485
7404,chexpert,Cardiomegaly,clmbr,lr_lbfgs,3,1,auroc,0.5424386268673493
7405,chexpert,Cardiomegaly,clmbr,lr_lbfgs,3,1,auprc,0.04446902532514062
7406,chexpert,Cardiomegaly,clmbr,lr_lbfgs,3,1,brier,0.2500020033065012
7407,chexpert,Cardiomegaly,clmbr,lr_lbfgs,4,1,auroc,0.6436251272640023
7408,chexpert,Cardiomegaly,clmbr,lr_lbfgs,4,1,auprc,0.07057248595591786
7409,chexpert,Cardiomegaly,clmbr,lr_lbfgs,4,1,brier,0.25000195213137333
7410,chexpert,Cardiomegaly,clmbr,lr_lbfgs,0,2,auroc,0.5987040610533707
7411,chexpert,Cardiomegaly,clmbr,lr_lbfgs,0,2,auprc,0.05441384653227698
7412,chexpert,Cardiomegaly,clmbr,lr_lbfgs,0,2,brier,0.2795987350362592
7413,chexpert,Cardiomegaly,clmbr,lr_lbfgs,1,2,auroc,0.4683026556449942
7414,chexpert,Cardiomegaly,clmbr,lr_lbfgs,1,2,auprc,0.037816564216716246
7415,chexpert,Cardiomegaly,clmbr,lr_lbfgs,1,2,brier,0.5034449978490028
7416,chexpert,Cardiomegaly,clmbr,lr_lbfgs,2,2,auroc,0.6712117324054525
7417,chexpert,Cardiomegaly,clmbr,lr_lbfgs,2,2,auprc,0.07447511680102253
7418,chexpert,Cardiomegaly,clmbr,lr_lbfgs,2,2,brier,0.2500015158596837
7419,chexpert,Cardiomegaly,clmbr,lr_lbfgs,3,2,auroc,0.5054302395635798
7420,chexpert,Cardiomegaly,clmbr,lr_lbfgs,3,2,auprc,0.03606971227870354
7421,chexpert,Cardiomegaly,clmbr,lr_lbfgs,3,2,brier,0.2499988931918778
7422,chexpert,Cardiomegaly,clmbr,lr_lbfgs,4,2,auroc,0.629196778479885
7423,chexpert,Cardiomegaly,clmbr,lr_lbfgs,4,2,auprc,0.08015785949380375
7424,chexpert,Cardiomegaly,clmbr,lr_lbfgs,4,2,brier,0.25000026449133395
7425,chexpert,Cardiomegaly,clmbr,lr_lbfgs,0,4,auroc,0.666091836359723
7426,chexpert,Cardiomegaly,clmbr,lr_lbfgs,0,4,auprc,0.07006288863323208
7427,chexpert,Cardiomegaly,clmbr,lr_lbfgs,0,4,brier,0.24999851153809685
7428,chexpert,Cardiomegaly,clmbr,lr_lbfgs,1,4,auroc,0.5758970548863356
7429,chexpert,Cardiomegaly,clmbr,lr_lbfgs,1,4,auprc,0.05551878125834644
7430,chexpert,Cardiomegaly,clmbr,lr_lbfgs,1,4,brier,0.2499990981234433
7431,chexpert,Cardiomegaly,clmbr,lr_lbfgs,2,4,auroc,0.7141969344236426
7432,chexpert,Cardiomegaly,clmbr,lr_lbfgs,2,4,auprc,0.07901551864606227
7433,chexpert,Cardiomegaly,clmbr,lr_lbfgs,2,4,brier,0.217042853895198
7434,chexpert,Cardiomegaly,clmbr,lr_lbfgs,3,4,auroc,0.5076452585223263
7435,chexpert,Cardiomegaly,clmbr,lr_lbfgs,3,4,auprc,0.03760879378407922
7436,chexpert,Cardiomegaly,clmbr,lr_lbfgs,3,4,brier,0.24999960953722197
7437,chexpert,Cardiomegaly,clmbr,lr_lbfgs,4,4,auroc,0.6759079555094003
7438,chexpert,Cardiomegaly,clmbr,lr_lbfgs,4,4,auprc,0.06838150789086778
7439,chexpert,Cardiomegaly,clmbr,lr_lbfgs,4,4,brier,0.24999939553564232
7440,chexpert,Cardiomegaly,clmbr,lr_lbfgs,0,8,auroc,0.7138902965000354
7441,chexpert,Cardiomegaly,clmbr,lr_lbfgs,0,8,auprc,0.08455035630457489
7442,chexpert,Cardiomegaly,clmbr,lr_lbfgs,0,8,brier,0.16650586526933914
7443,chexpert,Cardiomegaly,clmbr,lr_lbfgs,1,8,auroc,0.5681100573842148
7444,chexpert,Cardiomegaly,clmbr,lr_lbfgs,1,8,auprc,0.04519378408491724
7445,chexpert,Cardiomegaly,clmbr,lr_lbfgs,1,8,brier,0.23903088370998452
7446,chexpert,Cardiomegaly,clmbr,lr_lbfgs,2,8,auroc,0.7098221716202742
7447,chexpert,Cardiomegaly,clmbr,lr_lbfgs,2,8,auprc,0.08747527758823827
7448,chexpert,Cardiomegaly,clmbr,lr_lbfgs,2,8,brier,0.273053856934711
7449,chexpert,Cardiomegaly,clmbr,lr_lbfgs,3,8,auroc,0.5070659506223392
7450,chexpert,Cardiomegaly,clmbr,lr_lbfgs,3,8,auprc,0.044505386117125276
7451,chexpert,Cardiomegaly,clmbr,lr_lbfgs,3,8,brier,0.4574596901391152
7452,chexpert,Cardiomegaly,clmbr,lr_lbfgs,4,8,auroc,0.7151325969699973
7453,chexpert,Cardiomegaly,clmbr,lr_lbfgs,4,8,auprc,0.07475227225281235
7454,chexpert,Cardiomegaly,clmbr,lr_lbfgs,4,8,brier,0.24999869805958158
7455,chexpert,Cardiomegaly,clmbr,lr_lbfgs,0,12,auroc,0.6787637334726636
7456,chexpert,Cardiomegaly,clmbr,lr_lbfgs,0,12,auprc,0.07739804574144732
7457,chexpert,Cardiomegaly,clmbr,lr_lbfgs,0,12,brier,0.27929743029247484
7458,chexpert,Cardiomegaly,clmbr,lr_lbfgs,1,12,auroc,0.585857074612449
7459,chexpert,Cardiomegaly,clmbr,lr_lbfgs,1,12,auprc,0.05065750774523034
7460,chexpert,Cardiomegaly,clmbr,lr_lbfgs,1,12,brier,0.24999988378531707
7461,chexpert,Cardiomegaly,clmbr,lr_lbfgs,2,12,auroc,0.7061258413628928
7462,chexpert,Cardiomegaly,clmbr,lr_lbfgs,2,12,auprc,0.07722992049509782
7463,chexpert,Cardiomegaly,clmbr,lr_lbfgs,2,12,brier,0.2474863336811965
7464,chexpert,Cardiomegaly,clmbr,lr_lbfgs,3,12,auroc,0.567387466506832
7465,chexpert,Cardiomegaly,clmbr,lr_lbfgs,3,12,auprc,0.04878268257642809
7466,chexpert,Cardiomegaly,clmbr,lr_lbfgs,3,12,brier,0.3003902556737308
7467,chexpert,Cardiomegaly,clmbr,lr_lbfgs,4,12,auroc,0.7137102663797301
7468,chexpert,Cardiomegaly,clmbr,lr_lbfgs,4,12,auprc,0.0747723086629539
7469,chexpert,Cardiomegaly,clmbr,lr_lbfgs,4,12,brier,0.2222542720104521
7470,chexpert,Cardiomegaly,clmbr,lr_lbfgs,0,16,auroc,0.7164119533823892
7471,chexpert,Cardiomegaly,clmbr,lr_lbfgs,0,16,auprc,0.09140596151152665
7472,chexpert,Cardiomegaly,clmbr,lr_lbfgs,0,16,brier,0.2492456757544713
7473,chexpert,Cardiomegaly,clmbr,lr_lbfgs,1,16,auroc,0.6136786761888087
7474,chexpert,Cardiomegaly,clmbr,lr_lbfgs,1,16,auprc,0.05517082143263086
7475,chexpert,Cardiomegaly,clmbr,lr_lbfgs,1,16,brier,0.2500005117510025
7476,chexpert,Cardiomegaly,clmbr,lr_lbfgs,2,16,auroc,0.6953314453330666
7477,chexpert,Cardiomegaly,clmbr,lr_lbfgs,2,16,auprc,0.07514341648579306
7478,chexpert,Cardiomegaly,clmbr,lr_lbfgs,2,16,brier,0.2793140493295243
7479,chexpert,Cardiomegaly,clmbr,lr_lbfgs,3,16,auroc,0.5901166551947645
7480,chexpert,Cardiomegaly,clmbr,lr_lbfgs,3,16,auprc,0.04840411354130952
7481,chexpert,Cardiomegaly,clmbr,lr_lbfgs,3,16,brier,0.3728511598174543
7482,chexpert,Cardiomegaly,clmbr,lr_lbfgs,4,16,auroc,0.7248378570919052
7483,chexpert,Cardiomegaly,clmbr,lr_lbfgs,4,16,auprc,0.07568800712795846
7484,chexpert,Cardiomegaly,clmbr,lr_lbfgs,4,16,brier,0.24183469092293336
7485,chexpert,Cardiomegaly,clmbr,lr_lbfgs,0,24,auroc,0.7722503178319062
7486,chexpert,Cardiomegaly,clmbr,lr_lbfgs,0,24,auprc,0.11963859398822735
7487,chexpert,Cardiomegaly,clmbr,lr_lbfgs,0,24,brier,0.23522159335005338
7488,chexpert,Cardiomegaly,clmbr,lr_lbfgs,1,24,auroc,0.6732167676904296
7489,chexpert,Cardiomegaly,clmbr,lr_lbfgs,1,24,auprc,0.06877700513588712
7490,chexpert,Cardiomegaly,clmbr,lr_lbfgs,1,24,brier,0.2500013335732424
7491,chexpert,Cardiomegaly,clmbr,lr_lbfgs,2,24,auroc,0.7036193156570312
7492,chexpert,Cardiomegaly,clmbr,lr_lbfgs,2,24,auprc,0.07325846489911247
7493,chexpert,Cardiomegaly,clmbr,lr_lbfgs,2,24,brier,0.23060954533558012
7494,chexpert,Cardiomegaly,clmbr,lr_lbfgs,3,24,auroc,0.7175446300226629
7495,chexpert,Cardiomegaly,clmbr,lr_lbfgs,3,24,auprc,0.0886269651587827
7496,chexpert,Cardiomegaly,clmbr,lr_lbfgs,3,24,brier,0.2843716615385358
7497,chexpert,Cardiomegaly,clmbr,lr_lbfgs,4,24,auroc,0.73968462922596
7498,chexpert,Cardiomegaly,clmbr,lr_lbfgs,4,24,auprc,0.0843847264397578
7499,chexpert,Cardiomegaly,clmbr,lr_lbfgs,4,24,brier,0.20901018197659438
7500,chexpert,Cardiomegaly,clmbr,lr_lbfgs,0,32,auroc,0.7715360645415702
7501,chexpert,Cardiomegaly,clmbr,lr_lbfgs,0,32,auprc,0.10537851922580521
7502,chexpert,Cardiomegaly,clmbr,lr_lbfgs,0,32,brier,0.3108306168167161
7503,chexpert,Cardiomegaly,clmbr,lr_lbfgs,1,32,auroc,0.7063765865733351
7504,chexpert,Cardiomegaly,clmbr,lr_lbfgs,1,32,auprc,0.0889257342889666
7505,chexpert,Cardiomegaly,clmbr,lr_lbfgs,1,32,brier,0.2500053405902408
7506,chexpert,Cardiomegaly,clmbr,lr_lbfgs,2,32,auroc,0.7021219467833435
7507,chexpert,Cardiomegaly,clmbr,lr_lbfgs,2,32,auprc,0.07262074435534291
7508,chexpert,Cardiomegaly,clmbr,lr_lbfgs,2,32,brier,0.19663401888807774
7509,chexpert,Cardiomegaly,clmbr,lr_lbfgs,3,32,auroc,0.7355643172272768
7510,chexpert,Cardiomegaly,clmbr,lr_lbfgs,3,32,auprc,0.08971799424116107
7511,chexpert,Cardiomegaly,clmbr,lr_lbfgs,3,32,brier,0.2240100016656991
7512,chexpert,Cardiomegaly,clmbr,lr_lbfgs,4,32,auroc,0.7584840352192028
7513,chexpert,Cardiomegaly,clmbr,lr_lbfgs,4,32,auprc,0.09531399743975873
7514,chexpert,Cardiomegaly,clmbr,lr_lbfgs,4,32,brier,0.2120547268398315
7515,chexpert,Cardiomegaly,clmbr,lr_lbfgs,0,48,auroc,0.7292382502554544
7516,chexpert,Cardiomegaly,clmbr,lr_lbfgs,0,48,auprc,0.09128115495469988
7517,chexpert,Cardiomegaly,clmbr,lr_lbfgs,0,48,brier,0.2838261048458203
7518,chexpert,Cardiomegaly,clmbr,lr_lbfgs,1,48,auroc,0.7916203853385694
7519,chexpert,Cardiomegaly,clmbr,lr_lbfgs,1,48,auprc,0.11905579348759403
7520,chexpert,Cardiomegaly,clmbr,lr_lbfgs,1,48,brier,0.21394127195213808
7521,chexpert,Cardiomegaly,clmbr,lr_lbfgs,2,48,auroc,0.7345208836483551
7522,chexpert,Cardiomegaly,clmbr,lr_lbfgs,2,48,auprc,0.0839414655507654
7523,chexpert,Cardiomegaly,clmbr,lr_lbfgs,2,48,brier,0.19130979099820233
7524,chexpert,Cardiomegaly,clmbr,lr_lbfgs,3,48,auroc,0.754317094492962
7525,chexpert,Cardiomegaly,clmbr,lr_lbfgs,3,48,auprc,0.09943616333006404
7526,chexpert,Cardiomegaly,clmbr,lr_lbfgs,3,48,brier,0.1927953127123082
7527,chexpert,Cardiomegaly,clmbr,lr_lbfgs,4,48,auroc,0.7607861356426596
7528,chexpert,Cardiomegaly,clmbr,lr_lbfgs,4,48,auprc,0.09371103976175871
7529,chexpert,Cardiomegaly,clmbr,lr_lbfgs,4,48,brier,0.2053324252577693
7530,chexpert,Cardiomegaly,clmbr,lr_lbfgs,0,64,auroc,0.7890530261272186
7531,chexpert,Cardiomegaly,clmbr,lr_lbfgs,0,64,auprc,0.12747749370452807
7532,chexpert,Cardiomegaly,clmbr,lr_lbfgs,0,64,brier,0.192983812760706
7533,chexpert,Cardiomegaly,clmbr,lr_lbfgs,1,64,auroc,0.7964144978904361
7534,chexpert,Cardiomegaly,clmbr,lr_lbfgs,1,64,auprc,0.1203479965337575
7535,chexpert,Cardiomegaly,clmbr,lr_lbfgs,1,64,brier,0.2146171908884461
7536,chexpert,Cardiomegaly,clmbr,lr_lbfgs,2,64,auroc,0.7562418419026744
7537,chexpert,Cardiomegaly,clmbr,lr_lbfgs,2,64,auprc,0.0999759422756028
7538,chexpert,Cardiomegaly,clmbr,lr_lbfgs,2,64,brier,0.19282227007767624
7539,chexpert,Cardiomegaly,clmbr,lr_lbfgs,3,64,auroc,0.7649700603425142
7540,chexpert,Cardiomegaly,clmbr,lr_lbfgs,3,64,auprc,0.10745292712801065
7541,chexpert,Cardiomegaly,clmbr,lr_lbfgs,3,64,brier,0.1958332353250931
7542,chexpert,Cardiomegaly,clmbr,lr_lbfgs,4,64,auroc,0.7599671993149592
7543,chexpert,Cardiomegaly,clmbr,lr_lbfgs,4,64,auprc,0.1022429283084691
7544,chexpert,Cardiomegaly,clmbr,lr_lbfgs,4,64,brier,0.215564427675986
7545,chexpert,Cardiomegaly,clmbr,lr_lbfgs,0,128,auroc,0.7917281563711362
7546,chexpert,Cardiomegaly,clmbr,lr_lbfgs,0,128,auprc,0.1089668350374042
7547,chexpert,Cardiomegaly,clmbr,lr_lbfgs,0,128,brier,0.18998667064748143
7548,chexpert,Cardiomegaly,clmbr,lr_lbfgs,1,128,auroc,0.8055670068710981
7549,chexpert,Cardiomegaly,clmbr,lr_lbfgs,1,128,auprc,0.11970199818970924
7550,chexpert,Cardiomegaly,clmbr,lr_lbfgs,1,128,brier,0.19974805561294176
7551,chexpert,Cardiomegaly,clmbr,lr_lbfgs,2,128,auroc,0.758531281545801
7552,chexpert,Cardiomegaly,clmbr,lr_lbfgs,2,128,auprc,0.1032697857565053
7553,chexpert,Cardiomegaly,clmbr,lr_lbfgs,2,128,brier,0.1796008175223874
7554,chexpert,Cardiomegaly,clmbr,lr_lbfgs,3,128,auroc,0.7742689402957743
7555,chexpert,Cardiomegaly,clmbr,lr_lbfgs,3,128,auprc,0.1098580849653362
7556,chexpert,Cardiomegaly,clmbr,lr_lbfgs,3,128,brier,0.1899287764558731
7557,chexpert,Cardiomegaly,clmbr,lr_lbfgs,4,128,auroc,0.7699148670602626
7558,chexpert,Cardiomegaly,clmbr,lr_lbfgs,4,128,auprc,0.12137438078284929
7559,chexpert,Cardiomegaly,clmbr,lr_lbfgs,4,128,brier,0.18099563815846134
7560,chexpert,Lung Lesion,clmbr,lr_lbfgs,0,-1,auroc,0.7612769893505107
7561,chexpert,Lung Lesion,clmbr,lr_lbfgs,0,-1,auprc,0.32070179390637144
7562,chexpert,Lung Lesion,clmbr,lr_lbfgs,0,-1,brier,0.10050125477839819
7563,chexpert,Lung Lesion,clmbr,lr_lbfgs,0,1,auroc,0.5962920006863353
7564,chexpert,Lung Lesion,clmbr,lr_lbfgs,0,1,auprc,0.1647974604359478
7565,chexpert,Lung Lesion,clmbr,lr_lbfgs,0,1,brier,0.24999502376082577
7566,chexpert,Lung Lesion,clmbr,lr_lbfgs,1,1,auroc,0.6160492230710586
7567,chexpert,Lung Lesion,clmbr,lr_lbfgs,1,1,auprc,0.19880160833173852
7568,chexpert,Lung Lesion,clmbr,lr_lbfgs,1,1,brier,0.24999915655554705
7569,chexpert,Lung Lesion,clmbr,lr_lbfgs,2,1,auroc,0.6108798232716627
7570,chexpert,Lung Lesion,clmbr,lr_lbfgs,2,1,auprc,0.1992256539620163
7571,chexpert,Lung Lesion,clmbr,lr_lbfgs,2,1,brier,0.25000038646090716
7572,chexpert,Lung Lesion,clmbr,lr_lbfgs,3,1,auroc,0.6834474877060742
7573,chexpert,Lung Lesion,clmbr,lr_lbfgs,3,1,auprc,0.2209389138660876
7574,chexpert,Lung Lesion,clmbr,lr_lbfgs,3,1,brier,0.24999569174905198
7575,chexpert,Lung Lesion,clmbr,lr_lbfgs,4,1,auroc,0.5228907007065515
7576,chexpert,Lung Lesion,clmbr,lr_lbfgs,4,1,auprc,0.13709326617752765
7577,chexpert,Lung Lesion,clmbr,lr_lbfgs,4,1,brier,0.25000267214477934
7578,chexpert,Lung Lesion,clmbr,lr_lbfgs,0,2,auroc,0.5500301246026316
7579,chexpert,Lung Lesion,clmbr,lr_lbfgs,0,2,auprc,0.1485562204935934
7580,chexpert,Lung Lesion,clmbr,lr_lbfgs,0,2,brier,0.24999901859954077
7581,chexpert,Lung Lesion,clmbr,lr_lbfgs,1,2,auroc,0.6818346797383492
7582,chexpert,Lung Lesion,clmbr,lr_lbfgs,1,2,auprc,0.23461255041902768
7583,chexpert,Lung Lesion,clmbr,lr_lbfgs,1,2,brier,0.24999887348462738
7584,chexpert,Lung Lesion,clmbr,lr_lbfgs,2,2,auroc,0.5395762029529806
7585,chexpert,Lung Lesion,clmbr,lr_lbfgs,2,2,auprc,0.1495221140752379
7586,chexpert,Lung Lesion,clmbr,lr_lbfgs,2,2,brier,0.2500003496923005
7587,chexpert,Lung Lesion,clmbr,lr_lbfgs,3,2,auroc,0.702558047945736
7588,chexpert,Lung Lesion,clmbr,lr_lbfgs,3,2,auprc,0.24997001564122615
7589,chexpert,Lung Lesion,clmbr,lr_lbfgs,3,2,brier,0.29543106361358173
7590,chexpert,Lung Lesion,clmbr,lr_lbfgs,4,2,auroc,0.5786968143869786
7591,chexpert,Lung Lesion,clmbr,lr_lbfgs,4,2,auprc,0.15106043741262618
7592,chexpert,Lung Lesion,clmbr,lr_lbfgs,4,2,brier,0.25000153486029414
7593,chexpert,Lung Lesion,clmbr,lr_lbfgs,0,4,auroc,0.623022801261266
7594,chexpert,Lung Lesion,clmbr,lr_lbfgs,0,4,auprc,0.18380003276141263
7595,chexpert,Lung Lesion,clmbr,lr_lbfgs,0,4,brier,0.24999803223340938
7596,chexpert,Lung Lesion,clmbr,lr_lbfgs,1,4,auroc,0.7091680722982467
7597,chexpert,Lung Lesion,clmbr,lr_lbfgs,1,4,auprc,0.2514920024917494
7598,chexpert,Lung Lesion,clmbr,lr_lbfgs,1,4,brier,0.24999890820684187
7599,chexpert,Lung Lesion,clmbr,lr_lbfgs,2,4,auroc,0.6859870681561515
7600,chexpert,Lung Lesion,clmbr,lr_lbfgs,2,4,auprc,0.24098073918186322
7601,chexpert,Lung Lesion,clmbr,lr_lbfgs,2,4,brier,0.24305702189107944
7602,chexpert,Lung Lesion,clmbr,lr_lbfgs,3,4,auroc,0.7020720769966655
7603,chexpert,Lung Lesion,clmbr,lr_lbfgs,3,4,auprc,0.2541116065385969
7604,chexpert,Lung Lesion,clmbr,lr_lbfgs,3,4,brier,0.24999563731751617
7605,chexpert,Lung Lesion,clmbr,lr_lbfgs,4,4,auroc,0.6430297545531921
7606,chexpert,Lung Lesion,clmbr,lr_lbfgs,4,4,auprc,0.17621372853370063
7607,chexpert,Lung Lesion,clmbr,lr_lbfgs,4,4,brier,0.24999902541592278
7608,chexpert,Lung Lesion,clmbr,lr_lbfgs,0,8,auroc,0.6435312150143138
7609,chexpert,Lung Lesion,clmbr,lr_lbfgs,0,8,auprc,0.21185120787764425
7610,chexpert,Lung Lesion,clmbr,lr_lbfgs,0,8,brier,0.24999903615744457
7611,chexpert,Lung Lesion,clmbr,lr_lbfgs,1,8,auroc,0.6428000101131524
7612,chexpert,Lung Lesion,clmbr,lr_lbfgs,1,8,auprc,0.20974449871712306
7613,chexpert,Lung Lesion,clmbr,lr_lbfgs,1,8,brier,0.2650810749771452
7614,chexpert,Lung Lesion,clmbr,lr_lbfgs,2,8,auroc,0.6508515584098008
7615,chexpert,Lung Lesion,clmbr,lr_lbfgs,2,8,auprc,0.20510531584729952
7616,chexpert,Lung Lesion,clmbr,lr_lbfgs,2,8,brier,0.26497073905085405
7617,chexpert,Lung Lesion,clmbr,lr_lbfgs,3,8,auroc,0.6840785604067485
7618,chexpert,Lung Lesion,clmbr,lr_lbfgs,3,8,auprc,0.2367968619336114
7619,chexpert,Lung Lesion,clmbr,lr_lbfgs,3,8,brier,0.24999612612824462
7620,chexpert,Lung Lesion,clmbr,lr_lbfgs,4,8,auroc,0.6654631648910523
7621,chexpert,Lung Lesion,clmbr,lr_lbfgs,4,8,auprc,0.2164634920630582
7622,chexpert,Lung Lesion,clmbr,lr_lbfgs,4,8,brier,0.30440646578962083
7623,chexpert,Lung Lesion,clmbr,lr_lbfgs,0,12,auroc,0.6206312206005313
7624,chexpert,Lung Lesion,clmbr,lr_lbfgs,0,12,auprc,0.19066501363692495
7625,chexpert,Lung Lesion,clmbr,lr_lbfgs,0,12,brier,0.32350311296293227
7626,chexpert,Lung Lesion,clmbr,lr_lbfgs,1,12,auroc,0.683720502847522
7627,chexpert,Lung Lesion,clmbr,lr_lbfgs,1,12,auprc,0.233463235355025
7628,chexpert,Lung Lesion,clmbr,lr_lbfgs,1,12,brier,0.24999685968178262
7629,chexpert,Lung Lesion,clmbr,lr_lbfgs,2,12,auroc,0.6934471169571083
7630,chexpert,Lung Lesion,clmbr,lr_lbfgs,2,12,auprc,0.238797301765318
7631,chexpert,Lung Lesion,clmbr,lr_lbfgs,2,12,brier,0.24999808251058128
7632,chexpert,Lung Lesion,clmbr,lr_lbfgs,3,12,auroc,0.6746561403273844
7633,chexpert,Lung Lesion,clmbr,lr_lbfgs,3,12,auprc,0.23029038879034233
7634,chexpert,Lung Lesion,clmbr,lr_lbfgs,3,12,brier,0.22507194045235535
7635,chexpert,Lung Lesion,clmbr,lr_lbfgs,4,12,auroc,0.6859189143031252
7636,chexpert,Lung Lesion,clmbr,lr_lbfgs,4,12,auprc,0.23392974960609855
7637,chexpert,Lung Lesion,clmbr,lr_lbfgs,4,12,brier,0.24930168602507746
7638,chexpert,Lung Lesion,clmbr,lr_lbfgs,0,16,auroc,0.6419327973029462
7639,chexpert,Lung Lesion,clmbr,lr_lbfgs,0,16,auprc,0.2256120052578434
7640,chexpert,Lung Lesion,clmbr,lr_lbfgs,0,16,brier,0.4315004268382344
7641,chexpert,Lung Lesion,clmbr,lr_lbfgs,1,16,auroc,0.6870318607271015
7642,chexpert,Lung Lesion,clmbr,lr_lbfgs,1,16,auprc,0.24046814190081173
7643,chexpert,Lung Lesion,clmbr,lr_lbfgs,1,16,brier,0.2499949059523277
7644,chexpert,Lung Lesion,clmbr,lr_lbfgs,2,16,auroc,0.6793268777710612
7645,chexpert,Lung Lesion,clmbr,lr_lbfgs,2,16,auprc,0.21233431972143418
7646,chexpert,Lung Lesion,clmbr,lr_lbfgs,2,16,brier,0.2076521047233115
7647,chexpert,Lung Lesion,clmbr,lr_lbfgs,3,16,auroc,0.672005535052216
7648,chexpert,Lung Lesion,clmbr,lr_lbfgs,3,16,auprc,0.23279454083333279
7649,chexpert,Lung Lesion,clmbr,lr_lbfgs,3,16,brier,0.22068805447402368
7650,chexpert,Lung Lesion,clmbr,lr_lbfgs,4,16,auroc,0.7015248475257403
7651,chexpert,Lung Lesion,clmbr,lr_lbfgs,4,16,auprc,0.26317266912201004
7652,chexpert,Lung Lesion,clmbr,lr_lbfgs,4,16,brier,0.24999789823757923
7653,chexpert,Lung Lesion,clmbr,lr_lbfgs,0,24,auroc,0.6647958167524769
7654,chexpert,Lung Lesion,clmbr,lr_lbfgs,0,24,auprc,0.24968073237334876
7655,chexpert,Lung Lesion,clmbr,lr_lbfgs,0,24,brier,0.41869998129467906
7656,chexpert,Lung Lesion,clmbr,lr_lbfgs,1,24,auroc,0.6925893977188047
7657,chexpert,Lung Lesion,clmbr,lr_lbfgs,1,24,auprc,0.25024975345630507
7658,chexpert,Lung Lesion,clmbr,lr_lbfgs,1,24,brier,0.24999434607934753
7659,chexpert,Lung Lesion,clmbr,lr_lbfgs,2,24,auroc,0.692975136535052
7660,chexpert,Lung Lesion,clmbr,lr_lbfgs,2,24,auprc,0.24262639010993728
7661,chexpert,Lung Lesion,clmbr,lr_lbfgs,2,24,brier,0.24298450878205305
7662,chexpert,Lung Lesion,clmbr,lr_lbfgs,3,24,auroc,0.6788153241440221
7663,chexpert,Lung Lesion,clmbr,lr_lbfgs,3,24,auprc,0.23920104469079523
7664,chexpert,Lung Lesion,clmbr,lr_lbfgs,3,24,brier,0.220655631109502
7665,chexpert,Lung Lesion,clmbr,lr_lbfgs,4,24,auroc,0.6946746857702648
7666,chexpert,Lung Lesion,clmbr,lr_lbfgs,4,24,auprc,0.2507053828846656
7667,chexpert,Lung Lesion,clmbr,lr_lbfgs,4,24,brier,0.24436534538240592
7668,chexpert,Lung Lesion,clmbr,lr_lbfgs,0,32,auroc,0.6964018163301628
7669,chexpert,Lung Lesion,clmbr,lr_lbfgs,0,32,auprc,0.28194339228451437
7670,chexpert,Lung Lesion,clmbr,lr_lbfgs,0,32,brier,0.37419700169025855
7671,chexpert,Lung Lesion,clmbr,lr_lbfgs,1,32,auroc,0.6949457022649964
7672,chexpert,Lung Lesion,clmbr,lr_lbfgs,1,32,auprc,0.2523163109312951
7673,chexpert,Lung Lesion,clmbr,lr_lbfgs,1,32,brier,0.2499963177791591
7674,chexpert,Lung Lesion,clmbr,lr_lbfgs,2,32,auroc,0.6978786163888431
7675,chexpert,Lung Lesion,clmbr,lr_lbfgs,2,32,auprc,0.23404977652422598
7676,chexpert,Lung Lesion,clmbr,lr_lbfgs,2,32,brier,0.24999673535222547
7677,chexpert,Lung Lesion,clmbr,lr_lbfgs,3,32,auroc,0.7072456739541657
7678,chexpert,Lung Lesion,clmbr,lr_lbfgs,3,32,auprc,0.27057858790300504
7679,chexpert,Lung Lesion,clmbr,lr_lbfgs,3,32,brier,0.2499945557039796
7680,chexpert,Lung Lesion,clmbr,lr_lbfgs,4,32,auroc,0.6970899503945878
7681,chexpert,Lung Lesion,clmbr,lr_lbfgs,4,32,auprc,0.2515093914338075
7682,chexpert,Lung Lesion,clmbr,lr_lbfgs,4,32,brier,0.22741186344142952
7683,chexpert,Lung Lesion,clmbr,lr_lbfgs,0,48,auroc,0.7413475835511775
7684,chexpert,Lung Lesion,clmbr,lr_lbfgs,0,48,auprc,0.3180989858494854
7685,chexpert,Lung Lesion,clmbr,lr_lbfgs,0,48,brier,0.21914757881774807
7686,chexpert,Lung Lesion,clmbr,lr_lbfgs,1,48,auroc,0.7036864838817636
7687,chexpert,Lung Lesion,clmbr,lr_lbfgs,1,48,auprc,0.26481867158685846
7688,chexpert,Lung Lesion,clmbr,lr_lbfgs,1,48,brier,0.24999385401499702
7689,chexpert,Lung Lesion,clmbr,lr_lbfgs,2,48,auroc,0.7225359209279397
7690,chexpert,Lung Lesion,clmbr,lr_lbfgs,2,48,auprc,0.28080643216249906
7691,chexpert,Lung Lesion,clmbr,lr_lbfgs,2,48,brier,0.24997565600022492
7692,chexpert,Lung Lesion,clmbr,lr_lbfgs,3,48,auroc,0.7122905580631353
7693,chexpert,Lung Lesion,clmbr,lr_lbfgs,3,48,auprc,0.27408518269257487
7694,chexpert,Lung Lesion,clmbr,lr_lbfgs,3,48,brier,0.24999320648134998
7695,chexpert,Lung Lesion,clmbr,lr_lbfgs,4,48,auroc,0.6980278153662154
7696,chexpert,Lung Lesion,clmbr,lr_lbfgs,4,48,auprc,0.25477038922168627
7697,chexpert,Lung Lesion,clmbr,lr_lbfgs,4,48,brier,0.22260513270098062
7698,chexpert,Lung Lesion,clmbr,lr_lbfgs,0,64,auroc,0.7459989341217061
7699,chexpert,Lung Lesion,clmbr,lr_lbfgs,0,64,auprc,0.31539262826051373
7700,chexpert,Lung Lesion,clmbr,lr_lbfgs,0,64,brier,0.20885468461866344
7701,chexpert,Lung Lesion,clmbr,lr_lbfgs,1,64,auroc,0.7185346302018903
7702,chexpert,Lung Lesion,clmbr,lr_lbfgs,1,64,auprc,0.2870157643333783
7703,chexpert,Lung Lesion,clmbr,lr_lbfgs,1,64,brier,0.23951112141506867
7704,chexpert,Lung Lesion,clmbr,lr_lbfgs,2,64,auroc,0.7095397206551445
7705,chexpert,Lung Lesion,clmbr,lr_lbfgs,2,64,auprc,0.28734326313119907
7706,chexpert,Lung Lesion,clmbr,lr_lbfgs,2,64,brier,0.21277933292543194
7707,chexpert,Lung Lesion,clmbr,lr_lbfgs,3,64,auroc,0.7174264805300331
7708,chexpert,Lung Lesion,clmbr,lr_lbfgs,3,64,auprc,0.28055955018341494
7709,chexpert,Lung Lesion,clmbr,lr_lbfgs,3,64,brier,0.24999325033107625
7710,chexpert,Lung Lesion,clmbr,lr_lbfgs,4,64,auroc,0.7118251731752431
7711,chexpert,Lung Lesion,clmbr,lr_lbfgs,4,64,auprc,0.26924961062028496
7712,chexpert,Lung Lesion,clmbr,lr_lbfgs,4,64,brier,0.2130892055420259
7713,chexpert,Lung Lesion,clmbr,lr_lbfgs,0,128,auroc,0.7494121230514819
7714,chexpert,Lung Lesion,clmbr,lr_lbfgs,0,128,auprc,0.3184091363685899
7715,chexpert,Lung Lesion,clmbr,lr_lbfgs,0,128,brier,0.23209192044245133
7716,chexpert,Lung Lesion,clmbr,lr_lbfgs,1,128,auroc,0.7350067769113533
7717,chexpert,Lung Lesion,clmbr,lr_lbfgs,1,128,auprc,0.30608542371969727
7718,chexpert,Lung Lesion,clmbr,lr_lbfgs,1,128,brier,0.23150922966877577
7719,chexpert,Lung Lesion,clmbr,lr_lbfgs,2,128,auroc,0.7326782535545182
7720,chexpert,Lung Lesion,clmbr,lr_lbfgs,2,128,auprc,0.303295465663272
7721,chexpert,Lung Lesion,clmbr,lr_lbfgs,2,128,brier,0.19954373887725071
7722,chexpert,Lung Lesion,clmbr,lr_lbfgs,3,128,auroc,0.7415225650711903
7723,chexpert,Lung Lesion,clmbr,lr_lbfgs,3,128,auprc,0.29753922840461583
7724,chexpert,Lung Lesion,clmbr,lr_lbfgs,3,128,brier,0.1924256685893449
7725,chexpert,Lung Lesion,clmbr,lr_lbfgs,4,128,auroc,0.7067217287174854
7726,chexpert,Lung Lesion,clmbr,lr_lbfgs,4,128,auprc,0.2687435919165966
7727,chexpert,Lung Lesion,clmbr,lr_lbfgs,4,128,brier,0.23354926313704208
7728,chexpert,Lung Opacity,clmbr,lr_lbfgs,0,-1,auroc,0.7087811906531074
7729,chexpert,Lung Opacity,clmbr,lr_lbfgs,0,-1,auprc,0.3991144027278353
7730,chexpert,Lung Opacity,clmbr,lr_lbfgs,0,-1,brier,0.139445577712246
7731,chexpert,Lung Opacity,clmbr,lr_lbfgs,0,1,auroc,0.5607958709090958
7732,chexpert,Lung Opacity,clmbr,lr_lbfgs,0,1,auprc,0.22640893661405243
7733,chexpert,Lung Opacity,clmbr,lr_lbfgs,0,1,brier,0.25000003367378953
7734,chexpert,Lung Opacity,clmbr,lr_lbfgs,1,1,auroc,0.6050410085742148
7735,chexpert,Lung Opacity,clmbr,lr_lbfgs,1,1,auprc,0.25181372765057697
7736,chexpert,Lung Opacity,clmbr,lr_lbfgs,1,1,brier,0.25000090409530734
7737,chexpert,Lung Opacity,clmbr,lr_lbfgs,2,1,auroc,0.4855777869266486
7738,chexpert,Lung Opacity,clmbr,lr_lbfgs,2,1,auprc,0.18594740108939783
7739,chexpert,Lung Opacity,clmbr,lr_lbfgs,2,1,brier,0.24999706624439272
7740,chexpert,Lung Opacity,clmbr,lr_lbfgs,3,1,auroc,0.6383428743158108
7741,chexpert,Lung Opacity,clmbr,lr_lbfgs,3,1,auprc,0.32142024624636706
7742,chexpert,Lung Opacity,clmbr,lr_lbfgs,3,1,brier,0.24999765536825203
7743,chexpert,Lung Opacity,clmbr,lr_lbfgs,4,1,auroc,0.6172583606229327
7744,chexpert,Lung Opacity,clmbr,lr_lbfgs,4,1,auprc,0.25678554181296837
7745,chexpert,Lung Opacity,clmbr,lr_lbfgs,4,1,brier,0.25000204844736457
7746,chexpert,Lung Opacity,clmbr,lr_lbfgs,0,2,auroc,0.4156610428543264
7747,chexpert,Lung Opacity,clmbr,lr_lbfgs,0,2,auprc,0.1627097535445576
7748,chexpert,Lung Opacity,clmbr,lr_lbfgs,0,2,brier,0.2500001283377655
7749,chexpert,Lung Opacity,clmbr,lr_lbfgs,1,2,auroc,0.6031349777766901
7750,chexpert,Lung Opacity,clmbr,lr_lbfgs,1,2,auprc,0.2574422526636373
7751,chexpert,Lung Opacity,clmbr,lr_lbfgs,1,2,brier,0.2499963353146679
7752,chexpert,Lung Opacity,clmbr,lr_lbfgs,2,2,auroc,0.5809732459055494
7753,chexpert,Lung Opacity,clmbr,lr_lbfgs,2,2,auprc,0.25437586960664565
7754,chexpert,Lung Opacity,clmbr,lr_lbfgs,2,2,brier,0.2949683180889836
7755,chexpert,Lung Opacity,clmbr,lr_lbfgs,3,2,auroc,0.6495899214768444
7756,chexpert,Lung Opacity,clmbr,lr_lbfgs,3,2,auprc,0.32790138712992695
7757,chexpert,Lung Opacity,clmbr,lr_lbfgs,3,2,brier,0.24999830460022593
7758,chexpert,Lung Opacity,clmbr,lr_lbfgs,4,2,auroc,0.6461115939414455
7759,chexpert,Lung Opacity,clmbr,lr_lbfgs,4,2,auprc,0.29938888492120663
7760,chexpert,Lung Opacity,clmbr,lr_lbfgs,4,2,brier,0.24999860791348233
7761,chexpert,Lung Opacity,clmbr,lr_lbfgs,0,4,auroc,0.571165305056248
7762,chexpert,Lung Opacity,clmbr,lr_lbfgs,0,4,auprc,0.22706561465559819
7763,chexpert,Lung Opacity,clmbr,lr_lbfgs,0,4,brier,0.35151843784818604
7764,chexpert,Lung Opacity,clmbr,lr_lbfgs,1,4,auroc,0.5631351856836968
7765,chexpert,Lung Opacity,clmbr,lr_lbfgs,1,4,auprc,0.24931172630308107
7766,chexpert,Lung Opacity,clmbr,lr_lbfgs,1,4,brier,0.24999685045526132
7767,chexpert,Lung Opacity,clmbr,lr_lbfgs,2,4,auroc,0.6289182620100406
7768,chexpert,Lung Opacity,clmbr,lr_lbfgs,2,4,auprc,0.3094167157099035
7769,chexpert,Lung Opacity,clmbr,lr_lbfgs,2,4,brier,0.24999978596881353
7770,chexpert,Lung Opacity,clmbr,lr_lbfgs,3,4,auroc,0.6043229353119728
7771,chexpert,Lung Opacity,clmbr,lr_lbfgs,3,4,auprc,0.24525233403011829
7772,chexpert,Lung Opacity,clmbr,lr_lbfgs,3,4,brier,0.42652964431998835
7773,chexpert,Lung Opacity,clmbr,lr_lbfgs,4,4,auroc,0.6679525859408517
7774,chexpert,Lung Opacity,clmbr,lr_lbfgs,4,4,auprc,0.34771581618229125
7775,chexpert,Lung Opacity,clmbr,lr_lbfgs,4,4,brier,0.24999759585614845
7776,chexpert,Lung Opacity,clmbr,lr_lbfgs,0,8,auroc,0.6177631848234815
7777,chexpert,Lung Opacity,clmbr,lr_lbfgs,0,8,auprc,0.2550288305695307
7778,chexpert,Lung Opacity,clmbr,lr_lbfgs,0,8,brier,0.2500002174631918
7779,chexpert,Lung Opacity,clmbr,lr_lbfgs,1,8,auroc,0.5779829945062739
7780,chexpert,Lung Opacity,clmbr,lr_lbfgs,1,8,auprc,0.23678777636783185
7781,chexpert,Lung Opacity,clmbr,lr_lbfgs,1,8,brier,0.23696144651345727
7782,chexpert,Lung Opacity,clmbr,lr_lbfgs,2,8,auroc,0.6549178272822649
7783,chexpert,Lung Opacity,clmbr,lr_lbfgs,2,8,auprc,0.3414304685126552
7784,chexpert,Lung Opacity,clmbr,lr_lbfgs,2,8,brier,0.23776942273023138
7785,chexpert,Lung Opacity,clmbr,lr_lbfgs,3,8,auroc,0.6298350019675366
7786,chexpert,Lung Opacity,clmbr,lr_lbfgs,3,8,auprc,0.28732423581772104
7787,chexpert,Lung Opacity,clmbr,lr_lbfgs,3,8,brier,0.4124018883222143
7788,chexpert,Lung Opacity,clmbr,lr_lbfgs,4,8,auroc,0.6612672928277064
7789,chexpert,Lung Opacity,clmbr,lr_lbfgs,4,8,auprc,0.32758055904966327
7790,chexpert,Lung Opacity,clmbr,lr_lbfgs,4,8,brier,0.24999689915924253
7791,chexpert,Lung Opacity,clmbr,lr_lbfgs,0,12,auroc,0.6315543495986637
7792,chexpert,Lung Opacity,clmbr,lr_lbfgs,0,12,auprc,0.2876331629389943
7793,chexpert,Lung Opacity,clmbr,lr_lbfgs,0,12,brier,0.24999968041921866
7794,chexpert,Lung Opacity,clmbr,lr_lbfgs,1,12,auroc,0.5747572595459817
7795,chexpert,Lung Opacity,clmbr,lr_lbfgs,1,12,auprc,0.23341981749439103
7796,chexpert,Lung Opacity,clmbr,lr_lbfgs,1,12,brier,0.3075812949752961
7797,chexpert,Lung Opacity,clmbr,lr_lbfgs,2,12,auroc,0.6493216636863052
7798,chexpert,Lung Opacity,clmbr,lr_lbfgs,2,12,auprc,0.32776988737759444
7799,chexpert,Lung Opacity,clmbr,lr_lbfgs,2,12,brier,0.24999733804810195
7800,chexpert,Lung Opacity,clmbr,lr_lbfgs,3,12,auroc,0.6378664929488123
7801,chexpert,Lung Opacity,clmbr,lr_lbfgs,3,12,auprc,0.2951673098413464
7802,chexpert,Lung Opacity,clmbr,lr_lbfgs,3,12,brier,0.40466748079799253
7803,chexpert,Lung Opacity,clmbr,lr_lbfgs,4,12,auroc,0.6685540002715784
7804,chexpert,Lung Opacity,clmbr,lr_lbfgs,4,12,auprc,0.35809983190318695
7805,chexpert,Lung Opacity,clmbr,lr_lbfgs,4,12,brier,0.2499971636915293
7806,chexpert,Lung Opacity,clmbr,lr_lbfgs,0,16,auroc,0.6738302902749981
7807,chexpert,Lung Opacity,clmbr,lr_lbfgs,0,16,auprc,0.3460959156793118
7808,chexpert,Lung Opacity,clmbr,lr_lbfgs,0,16,brier,0.24999967263262118
7809,chexpert,Lung Opacity,clmbr,lr_lbfgs,1,16,auroc,0.5989088347267073
7810,chexpert,Lung Opacity,clmbr,lr_lbfgs,1,16,auprc,0.2591838133921482
7811,chexpert,Lung Opacity,clmbr,lr_lbfgs,1,16,brier,0.3341264366657095
7812,chexpert,Lung Opacity,clmbr,lr_lbfgs,2,16,auroc,0.6512229299482608
7813,chexpert,Lung Opacity,clmbr,lr_lbfgs,2,16,auprc,0.32681913407994617
7814,chexpert,Lung Opacity,clmbr,lr_lbfgs,2,16,brier,0.24999758727334595
7815,chexpert,Lung Opacity,clmbr,lr_lbfgs,3,16,auroc,0.6366744927772889
7816,chexpert,Lung Opacity,clmbr,lr_lbfgs,3,16,auprc,0.2787382565615371
7817,chexpert,Lung Opacity,clmbr,lr_lbfgs,3,16,brier,0.36962153085035754
7818,chexpert,Lung Opacity,clmbr,lr_lbfgs,4,16,auroc,0.6717279750500041
7819,chexpert,Lung Opacity,clmbr,lr_lbfgs,4,16,auprc,0.35987400564007466
7820,chexpert,Lung Opacity,clmbr,lr_lbfgs,4,16,brier,0.24999804650602592
7821,chexpert,Lung Opacity,clmbr,lr_lbfgs,0,24,auroc,0.6676027535261714
7822,chexpert,Lung Opacity,clmbr,lr_lbfgs,0,24,auprc,0.3428098846877118
7823,chexpert,Lung Opacity,clmbr,lr_lbfgs,0,24,brier,0.2340247526830462
7824,chexpert,Lung Opacity,clmbr,lr_lbfgs,1,24,auroc,0.5721463662439297
7825,chexpert,Lung Opacity,clmbr,lr_lbfgs,1,24,auprc,0.2239128810206051
7826,chexpert,Lung Opacity,clmbr,lr_lbfgs,1,24,brier,0.3909110836741942
7827,chexpert,Lung Opacity,clmbr,lr_lbfgs,2,24,auroc,0.6601913018783027
7828,chexpert,Lung Opacity,clmbr,lr_lbfgs,2,24,auprc,0.34662749324049646
7829,chexpert,Lung Opacity,clmbr,lr_lbfgs,2,24,brier,0.2499976624685885
7830,chexpert,Lung Opacity,clmbr,lr_lbfgs,3,24,auroc,0.6282047367135692
7831,chexpert,Lung Opacity,clmbr,lr_lbfgs,3,24,auprc,0.27883710808568296
7832,chexpert,Lung Opacity,clmbr,lr_lbfgs,3,24,brier,0.4315096937257598
7833,chexpert,Lung Opacity,clmbr,lr_lbfgs,4,24,auroc,0.6778992036511935
7834,chexpert,Lung Opacity,clmbr,lr_lbfgs,4,24,auprc,0.3803935139478396
7835,chexpert,Lung Opacity,clmbr,lr_lbfgs,4,24,brier,0.24999800714947412
7836,chexpert,Lung Opacity,clmbr,lr_lbfgs,0,32,auroc,0.6547268849098279
7837,chexpert,Lung Opacity,clmbr,lr_lbfgs,0,32,auprc,0.31639208049493084
7838,chexpert,Lung Opacity,clmbr,lr_lbfgs,0,32,brier,0.2398084999059836
7839,chexpert,Lung Opacity,clmbr,lr_lbfgs,1,32,auroc,0.5968445635963349
7840,chexpert,Lung Opacity,clmbr,lr_lbfgs,1,32,auprc,0.24444704427362063
7841,chexpert,Lung Opacity,clmbr,lr_lbfgs,1,32,brier,0.24982955240609295
7842,chexpert,Lung Opacity,clmbr,lr_lbfgs,2,32,auroc,0.6691100071345312
7843,chexpert,Lung Opacity,clmbr,lr_lbfgs,2,32,auprc,0.3696081259325791
7844,chexpert,Lung Opacity,clmbr,lr_lbfgs,2,32,brier,0.24999773380335555
7845,chexpert,Lung Opacity,clmbr,lr_lbfgs,3,32,auroc,0.62643550583883
7846,chexpert,Lung Opacity,clmbr,lr_lbfgs,3,32,auprc,0.27128960190273693
7847,chexpert,Lung Opacity,clmbr,lr_lbfgs,3,32,brier,0.36684634113590076
7848,chexpert,Lung Opacity,clmbr,lr_lbfgs,4,32,auroc,0.679567368619917
7849,chexpert,Lung Opacity,clmbr,lr_lbfgs,4,32,auprc,0.381512523853686
7850,chexpert,Lung Opacity,clmbr,lr_lbfgs,4,32,brier,0.2499989945344217
7851,chexpert,Lung Opacity,clmbr,lr_lbfgs,0,48,auroc,0.6682972206803656
7852,chexpert,Lung Opacity,clmbr,lr_lbfgs,0,48,auprc,0.342804329012012
7853,chexpert,Lung Opacity,clmbr,lr_lbfgs,0,48,brier,0.2362878403272498
7854,chexpert,Lung Opacity,clmbr,lr_lbfgs,1,48,auroc,0.6270549676527739
7855,chexpert,Lung Opacity,clmbr,lr_lbfgs,1,48,auprc,0.2771139597072632
7856,chexpert,Lung Opacity,clmbr,lr_lbfgs,1,48,brier,0.2384110678887993
7857,chexpert,Lung Opacity,clmbr,lr_lbfgs,2,48,auroc,0.6644332545235836
7858,chexpert,Lung Opacity,clmbr,lr_lbfgs,2,48,auprc,0.3479932552805755
7859,chexpert,Lung Opacity,clmbr,lr_lbfgs,2,48,brier,0.24922885350750087
7860,chexpert,Lung Opacity,clmbr,lr_lbfgs,3,48,auroc,0.6531508342954446
7861,chexpert,Lung Opacity,clmbr,lr_lbfgs,3,48,auprc,0.29688378739669874
7862,chexpert,Lung Opacity,clmbr,lr_lbfgs,3,48,brier,0.30407591132544276
7863,chexpert,Lung Opacity,clmbr,lr_lbfgs,4,48,auroc,0.6782044226873613
7864,chexpert,Lung Opacity,clmbr,lr_lbfgs,4,48,auprc,0.37784554510189083
7865,chexpert,Lung Opacity,clmbr,lr_lbfgs,4,48,brier,0.24307772675957207
7866,chexpert,Lung Opacity,clmbr,lr_lbfgs,0,64,auroc,0.674018056290389
7867,chexpert,Lung Opacity,clmbr,lr_lbfgs,0,64,auprc,0.37143956568576353
7868,chexpert,Lung Opacity,clmbr,lr_lbfgs,0,64,brier,0.2425743644491907
7869,chexpert,Lung Opacity,clmbr,lr_lbfgs,1,64,auroc,0.6631378783681927
7870,chexpert,Lung Opacity,clmbr,lr_lbfgs,1,64,auprc,0.3570902019904013
7871,chexpert,Lung Opacity,clmbr,lr_lbfgs,1,64,brier,0.22838404991355776
7872,chexpert,Lung Opacity,clmbr,lr_lbfgs,2,64,auroc,0.6392414224102241
7873,chexpert,Lung Opacity,clmbr,lr_lbfgs,2,64,auprc,0.29374918801637323
7874,chexpert,Lung Opacity,clmbr,lr_lbfgs,2,64,brier,0.27085170740148906
7875,chexpert,Lung Opacity,clmbr,lr_lbfgs,3,64,auroc,0.6547892570118262
7876,chexpert,Lung Opacity,clmbr,lr_lbfgs,3,64,auprc,0.29764562980414566
7877,chexpert,Lung Opacity,clmbr,lr_lbfgs,3,64,brier,0.3164859855617486
7878,chexpert,Lung Opacity,clmbr,lr_lbfgs,4,64,auroc,0.6815458059201087
7879,chexpert,Lung Opacity,clmbr,lr_lbfgs,4,64,auprc,0.37804331514834144
7880,chexpert,Lung Opacity,clmbr,lr_lbfgs,4,64,brier,0.23813876575985668
7881,chexpert,Lung Opacity,clmbr,lr_lbfgs,0,128,auroc,0.6683685443340396
7882,chexpert,Lung Opacity,clmbr,lr_lbfgs,0,128,auprc,0.35882522220591695
7883,chexpert,Lung Opacity,clmbr,lr_lbfgs,0,128,brier,0.24152063063014306
7884,chexpert,Lung Opacity,clmbr,lr_lbfgs,1,128,auroc,0.6613108955471589
7885,chexpert,Lung Opacity,clmbr,lr_lbfgs,1,128,auprc,0.32436451342276457
7886,chexpert,Lung Opacity,clmbr,lr_lbfgs,1,128,brier,0.2321971639317237
7887,chexpert,Lung Opacity,clmbr,lr_lbfgs,2,128,auroc,0.6718951669345274
7888,chexpert,Lung Opacity,clmbr,lr_lbfgs,2,128,auprc,0.31000037270824254
7889,chexpert,Lung Opacity,clmbr,lr_lbfgs,2,128,brier,0.23833351626963242
7890,chexpert,Lung Opacity,clmbr,lr_lbfgs,3,128,auroc,0.6536559111607586
7891,chexpert,Lung Opacity,clmbr,lr_lbfgs,3,128,auprc,0.3123497610446868
7892,chexpert,Lung Opacity,clmbr,lr_lbfgs,3,128,brier,0.3998923945806831
7893,chexpert,Lung Opacity,clmbr,lr_lbfgs,4,128,auroc,0.6787550874952815
7894,chexpert,Lung Opacity,clmbr,lr_lbfgs,4,128,auprc,0.37271725669917116
7895,chexpert,Lung Opacity,clmbr,lr_lbfgs,4,128,brier,0.24051288372322943
7896,chexpert,Edema,clmbr,lr_lbfgs,0,-1,auroc,0.722422934269049
7897,chexpert,Edema,clmbr,lr_lbfgs,0,-1,auprc,0.17469238134896098
7898,chexpert,Edema,clmbr,lr_lbfgs,0,-1,brier,0.06661982529717911
7899,chexpert,Edema,clmbr,lr_lbfgs,0,1,auroc,0.3930956659022936
7900,chexpert,Edema,clmbr,lr_lbfgs,0,1,auprc,0.058132770312647006
7901,chexpert,Edema,clmbr,lr_lbfgs,0,1,brier,0.24999537482791226
7902,chexpert,Edema,clmbr,lr_lbfgs,1,1,auroc,0.6088498943215804
7903,chexpert,Edema,clmbr,lr_lbfgs,1,1,auprc,0.10032734680712176
7904,chexpert,Edema,clmbr,lr_lbfgs,1,1,brier,0.2500017789274468
7905,chexpert,Edema,clmbr,lr_lbfgs,2,1,auroc,0.4196031223868959
7906,chexpert,Edema,clmbr,lr_lbfgs,2,1,auprc,0.0644620761923041
7907,chexpert,Edema,clmbr,lr_lbfgs,2,1,brier,0.25000043662410404
7908,chexpert,Edema,clmbr,lr_lbfgs,3,1,auroc,0.5872060177703905
7909,chexpert,Edema,clmbr,lr_lbfgs,3,1,auprc,0.09970950270025139
7910,chexpert,Edema,clmbr,lr_lbfgs,3,1,brier,0.24999891603207708
7911,chexpert,Edema,clmbr,lr_lbfgs,4,1,auroc,0.37028775566739003
7912,chexpert,Edema,clmbr,lr_lbfgs,4,1,auprc,0.05969520791734602
7913,chexpert,Edema,clmbr,lr_lbfgs,4,1,brier,0.2500053446865022
7914,chexpert,Edema,clmbr,lr_lbfgs,0,2,auroc,0.491030960955415
7915,chexpert,Edema,clmbr,lr_lbfgs,0,2,auprc,0.07358101367213957
7916,chexpert,Edema,clmbr,lr_lbfgs,0,2,brier,0.24999840285977887
7917,chexpert,Edema,clmbr,lr_lbfgs,1,2,auroc,0.5681630615448543
7918,chexpert,Edema,clmbr,lr_lbfgs,1,2,auprc,0.08475797567127807
7919,chexpert,Edema,clmbr,lr_lbfgs,1,2,brier,0.25000047759960436
7920,chexpert,Edema,clmbr,lr_lbfgs,2,2,auroc,0.4807890356074714
7921,chexpert,Edema,clmbr,lr_lbfgs,2,2,auprc,0.07390369772018716
7922,chexpert,Edema,clmbr,lr_lbfgs,2,2,brier,0.25000108250911357
7923,chexpert,Edema,clmbr,lr_lbfgs,3,2,auroc,0.5593551372023947
7924,chexpert,Edema,clmbr,lr_lbfgs,3,2,auprc,0.09449611515644311
7925,chexpert,Edema,clmbr,lr_lbfgs,3,2,brier,0.24999930292368347
7926,chexpert,Edema,clmbr,lr_lbfgs,4,2,auroc,0.3765988029097475
7927,chexpert,Edema,clmbr,lr_lbfgs,4,2,auprc,0.05970085263323596
7928,chexpert,Edema,clmbr,lr_lbfgs,4,2,brier,0.25000186476392144
7929,chexpert,Edema,clmbr,lr_lbfgs,0,4,auroc,0.6455095007977182
7930,chexpert,Edema,clmbr,lr_lbfgs,0,4,auprc,0.12062733834686057
7931,chexpert,Edema,clmbr,lr_lbfgs,0,4,brier,0.22756123397527417
7932,chexpert,Edema,clmbr,lr_lbfgs,1,4,auroc,0.6255338427443558
7933,chexpert,Edema,clmbr,lr_lbfgs,1,4,auprc,0.10852836178042491
7934,chexpert,Edema,clmbr,lr_lbfgs,1,4,brier,0.2611265025021939
7935,chexpert,Edema,clmbr,lr_lbfgs,2,4,auroc,0.5715273930262503
7936,chexpert,Edema,clmbr,lr_lbfgs,2,4,auprc,0.09139563049993575
7937,chexpert,Edema,clmbr,lr_lbfgs,2,4,brier,0.2500025041620464
7938,chexpert,Edema,clmbr,lr_lbfgs,3,4,auroc,0.4845426073841513
7939,chexpert,Edema,clmbr,lr_lbfgs,3,4,auprc,0.0755231326374865
7940,chexpert,Edema,clmbr,lr_lbfgs,3,4,brier,0.28590607403188173
7941,chexpert,Edema,clmbr,lr_lbfgs,4,4,auroc,0.47868861289379316
7942,chexpert,Edema,clmbr,lr_lbfgs,4,4,auprc,0.0772987581072224
7943,chexpert,Edema,clmbr,lr_lbfgs,4,4,brier,0.25000113580686245
7944,chexpert,Edema,clmbr,lr_lbfgs,0,8,auroc,0.6670764270434153
7945,chexpert,Edema,clmbr,lr_lbfgs,0,8,auprc,0.13733317368264922
7946,chexpert,Edema,clmbr,lr_lbfgs,0,8,brier,0.24922770764485408
7947,chexpert,Edema,clmbr,lr_lbfgs,1,8,auroc,0.6599509890679266
7948,chexpert,Edema,clmbr,lr_lbfgs,1,8,auprc,0.12949809780198634
7949,chexpert,Edema,clmbr,lr_lbfgs,1,8,brier,0.23462398154303726
7950,chexpert,Edema,clmbr,lr_lbfgs,2,8,auroc,0.5693131479856974
7951,chexpert,Edema,clmbr,lr_lbfgs,2,8,auprc,0.08690087394381484
7952,chexpert,Edema,clmbr,lr_lbfgs,2,8,brier,0.249954253176203
7953,chexpert,Edema,clmbr,lr_lbfgs,3,8,auroc,0.5912364503337078
7954,chexpert,Edema,clmbr,lr_lbfgs,3,8,auprc,0.09728151985413912
7955,chexpert,Edema,clmbr,lr_lbfgs,3,8,brier,0.2499990285806503
7956,chexpert,Edema,clmbr,lr_lbfgs,4,8,auroc,0.4938486246415398
7957,chexpert,Edema,clmbr,lr_lbfgs,4,8,auprc,0.07747519507127358
7958,chexpert,Edema,clmbr,lr_lbfgs,4,8,brier,0.2532936782067606
7959,chexpert,Edema,clmbr,lr_lbfgs,0,12,auroc,0.6981302037644089
7960,chexpert,Edema,clmbr,lr_lbfgs,0,12,auprc,0.15931700466119902
7961,chexpert,Edema,clmbr,lr_lbfgs,0,12,brier,0.24999768647476164
7962,chexpert,Edema,clmbr,lr_lbfgs,1,12,auroc,0.6685939511929861
7963,chexpert,Edema,clmbr,lr_lbfgs,1,12,auprc,0.13000294497200343
7964,chexpert,Edema,clmbr,lr_lbfgs,1,12,brier,0.25000248639992095
7965,chexpert,Edema,clmbr,lr_lbfgs,2,12,auroc,0.6489977543335846
7966,chexpert,Edema,clmbr,lr_lbfgs,2,12,auprc,0.1289413752779491
7967,chexpert,Edema,clmbr,lr_lbfgs,2,12,brier,0.24999933717539674
7968,chexpert,Edema,clmbr,lr_lbfgs,3,12,auroc,0.6780237301917089
7969,chexpert,Edema,clmbr,lr_lbfgs,3,12,auprc,0.13628873121476134
7970,chexpert,Edema,clmbr,lr_lbfgs,3,12,brier,0.2460617638404602
7971,chexpert,Edema,clmbr,lr_lbfgs,4,12,auroc,0.5000468114358414
7972,chexpert,Edema,clmbr,lr_lbfgs,4,12,auprc,0.07802828919174253
7973,chexpert,Edema,clmbr,lr_lbfgs,4,12,brier,0.25056744586489693
7974,chexpert,Edema,clmbr,lr_lbfgs,0,16,auroc,0.6797079800031807
7975,chexpert,Edema,clmbr,lr_lbfgs,0,16,auprc,0.14867922723167298
7976,chexpert,Edema,clmbr,lr_lbfgs,0,16,brier,0.2499982765049676
7977,chexpert,Edema,clmbr,lr_lbfgs,1,16,auroc,0.6601975506717762
7978,chexpert,Edema,clmbr,lr_lbfgs,1,16,auprc,0.12301002885955892
7979,chexpert,Edema,clmbr,lr_lbfgs,1,16,brier,0.2497443789524887
7980,chexpert,Edema,clmbr,lr_lbfgs,2,16,auroc,0.664949873288497
7981,chexpert,Edema,clmbr,lr_lbfgs,2,16,auprc,0.14304131598756697
7982,chexpert,Edema,clmbr,lr_lbfgs,2,16,brier,0.24999947769333172
7983,chexpert,Edema,clmbr,lr_lbfgs,3,16,auroc,0.6941283069393787
7984,chexpert,Edema,clmbr,lr_lbfgs,3,16,auprc,0.1503348706131686
7985,chexpert,Edema,clmbr,lr_lbfgs,3,16,brier,0.25000000167959485
7986,chexpert,Edema,clmbr,lr_lbfgs,4,16,auroc,0.5681361289379319
7987,chexpert,Edema,clmbr,lr_lbfgs,4,16,auprc,0.0932100330597454
7988,chexpert,Edema,clmbr,lr_lbfgs,4,16,brier,0.2500029301413153
7989,chexpert,Edema,clmbr,lr_lbfgs,0,24,auroc,0.7002293439729955
7990,chexpert,Edema,clmbr,lr_lbfgs,0,24,auprc,0.16799927177488813
7991,chexpert,Edema,clmbr,lr_lbfgs,0,24,brier,0.24962923555541225
7992,chexpert,Edema,clmbr,lr_lbfgs,1,24,auroc,0.6769065079438364
7993,chexpert,Edema,clmbr,lr_lbfgs,1,24,auprc,0.13359666695357295
7994,chexpert,Edema,clmbr,lr_lbfgs,1,24,brier,0.25000019902415516
7995,chexpert,Edema,clmbr,lr_lbfgs,2,24,auroc,0.6409378510857688
7996,chexpert,Edema,clmbr,lr_lbfgs,2,24,auprc,0.12576505332667384
7997,chexpert,Edema,clmbr,lr_lbfgs,2,24,brier,0.2495321334158384
7998,chexpert,Edema,clmbr,lr_lbfgs,3,24,auroc,0.6958566428633721
7999,chexpert,Edema,clmbr,lr_lbfgs,3,24,auprc,0.16671793783969513
8000,chexpert,Edema,clmbr,lr_lbfgs,3,24,brier,0.2499993775874848
8001,chexpert,Edema,clmbr,lr_lbfgs,4,24,auroc,0.6387175141460312
8002,chexpert,Edema,clmbr,lr_lbfgs,4,24,auprc,0.11739389572602894
8003,chexpert,Edema,clmbr,lr_lbfgs,4,24,brier,0.24997033495595344
8004,chexpert,Edema,clmbr,lr_lbfgs,0,32,auroc,0.7068081141532132
8005,chexpert,Edema,clmbr,lr_lbfgs,0,32,auprc,0.16671220223209265
8006,chexpert,Edema,clmbr,lr_lbfgs,0,32,brier,0.24592471632560628
8007,chexpert,Edema,clmbr,lr_lbfgs,1,32,auroc,0.668628578830458
8008,chexpert,Edema,clmbr,lr_lbfgs,1,32,auprc,0.12517309106906171
8009,chexpert,Edema,clmbr,lr_lbfgs,1,32,brier,0.2329843689089636
8010,chexpert,Edema,clmbr,lr_lbfgs,2,32,auroc,0.6578755752035336
8011,chexpert,Edema,clmbr,lr_lbfgs,2,32,auprc,0.13543939211424244
8012,chexpert,Edema,clmbr,lr_lbfgs,2,32,brier,0.24954596425430908
8013,chexpert,Edema,clmbr,lr_lbfgs,3,32,auroc,0.6865126313926466
8014,chexpert,Edema,clmbr,lr_lbfgs,3,32,auprc,0.15425198184825878
8015,chexpert,Edema,clmbr,lr_lbfgs,3,32,brier,0.2500010916016481
8016,chexpert,Edema,clmbr,lr_lbfgs,4,32,auroc,0.670626561449949
8017,chexpert,Edema,clmbr,lr_lbfgs,4,32,auprc,0.1309911105718605
8018,chexpert,Edema,clmbr,lr_lbfgs,4,32,brier,0.24797989921478902
8019,chexpert,Edema,clmbr,lr_lbfgs,0,48,auroc,0.7046757891253829
8020,chexpert,Edema,clmbr,lr_lbfgs,0,48,auprc,0.16616086154519435
8021,chexpert,Edema,clmbr,lr_lbfgs,0,48,brier,0.23331557542103384
8022,chexpert,Edema,clmbr,lr_lbfgs,1,48,auroc,0.6898556412268957
8023,chexpert,Edema,clmbr,lr_lbfgs,1,48,auprc,0.14495525030651563
8024,chexpert,Edema,clmbr,lr_lbfgs,1,48,brier,0.24886174879793846
8025,chexpert,Edema,clmbr,lr_lbfgs,2,48,auroc,0.6906575275353843
8026,chexpert,Edema,clmbr,lr_lbfgs,2,48,auprc,0.16177268469697895
8027,chexpert,Edema,clmbr,lr_lbfgs,2,48,brier,0.24950631524402705
8028,chexpert,Edema,clmbr,lr_lbfgs,3,48,auroc,0.6912957341315645
8029,chexpert,Edema,clmbr,lr_lbfgs,3,48,auprc,0.15597045072311227
8030,chexpert,Edema,clmbr,lr_lbfgs,3,48,brier,0.24921585191346823
8031,chexpert,Edema,clmbr,lr_lbfgs,4,48,auroc,0.6422089739446265
8032,chexpert,Edema,clmbr,lr_lbfgs,4,48,auprc,0.11715452477137395
8033,chexpert,Edema,clmbr,lr_lbfgs,4,48,brier,0.3217136983459145
8034,chexpert,Edema,clmbr,lr_lbfgs,0,64,auroc,0.6900165956158846
8035,chexpert,Edema,clmbr,lr_lbfgs,0,64,auprc,0.1503252084149315
8036,chexpert,Edema,clmbr,lr_lbfgs,0,64,brier,0.2544670182229318
8037,chexpert,Edema,clmbr,lr_lbfgs,1,64,auroc,0.698258293960427
8038,chexpert,Edema,clmbr,lr_lbfgs,1,64,auprc,0.15883765907555397
8039,chexpert,Edema,clmbr,lr_lbfgs,1,64,brier,0.24999926759852992
8040,chexpert,Edema,clmbr,lr_lbfgs,2,64,auroc,0.6902147426525284
8041,chexpert,Edema,clmbr,lr_lbfgs,2,64,auprc,0.15668686754276584
8042,chexpert,Edema,clmbr,lr_lbfgs,2,64,brier,0.24955381757474562
8043,chexpert,Edema,clmbr,lr_lbfgs,3,64,auroc,0.6970201956076765
8044,chexpert,Edema,clmbr,lr_lbfgs,3,64,auprc,0.15996839187108627
8045,chexpert,Edema,clmbr,lr_lbfgs,3,64,brier,0.24424282430140332
8046,chexpert,Edema,clmbr,lr_lbfgs,4,64,auroc,0.6856353979100298
8047,chexpert,Edema,clmbr,lr_lbfgs,4,64,auprc,0.15239848536671302
8048,chexpert,Edema,clmbr,lr_lbfgs,4,64,brier,0.2500019373944391
8049,chexpert,Edema,clmbr,lr_lbfgs,0,128,auroc,0.719899284875161
8050,chexpert,Edema,clmbr,lr_lbfgs,0,128,auprc,0.18099481850565496
8051,chexpert,Edema,clmbr,lr_lbfgs,0,128,brier,0.2314399981816872
8052,chexpert,Edema,clmbr,lr_lbfgs,1,128,auroc,0.6983666656406626
8053,chexpert,Edema,clmbr,lr_lbfgs,1,128,auprc,0.16181279027448137
8054,chexpert,Edema,clmbr,lr_lbfgs,1,128,brier,0.2396206314645926
8055,chexpert,Edema,clmbr,lr_lbfgs,2,128,auroc,0.7069956805228517
8056,chexpert,Edema,clmbr,lr_lbfgs,2,128,auprc,0.16016480330991825
8057,chexpert,Edema,clmbr,lr_lbfgs,2,128,brier,0.23590639010101286
8058,chexpert,Edema,clmbr,lr_lbfgs,3,128,auroc,0.6973659910429844
8059,chexpert,Edema,clmbr,lr_lbfgs,3,128,auprc,0.15315417005153192
8060,chexpert,Edema,clmbr,lr_lbfgs,3,128,brier,0.24524821229304955
8061,chexpert,Edema,clmbr,lr_lbfgs,4,128,auroc,0.6885989465503178
8062,chexpert,Edema,clmbr,lr_lbfgs,4,128,auprc,0.13475683061675867
8063,chexpert,Edema,clmbr,lr_lbfgs,4,128,brier,0.2852260992354945
8064,chexpert,Consolidation,clmbr,lr_lbfgs,0,-1,auroc,0.6797760244734234
8065,chexpert,Consolidation,clmbr,lr_lbfgs,0,-1,auprc,0.07296055005672655
8066,chexpert,Consolidation,clmbr,lr_lbfgs,0,-1,brier,0.03559191825792433
8067,chexpert,Consolidation,clmbr,lr_lbfgs,0,1,auroc,0.5073001974418405
8068,chexpert,Consolidation,clmbr,lr_lbfgs,0,1,auprc,0.03761152311981633
8069,chexpert,Consolidation,clmbr,lr_lbfgs,0,1,brier,0.2500021694576382
8070,chexpert,Consolidation,clmbr,lr_lbfgs,1,1,auroc,0.5202617470091073
8071,chexpert,Consolidation,clmbr,lr_lbfgs,1,1,auprc,0.047263699367941
8072,chexpert,Consolidation,clmbr,lr_lbfgs,1,1,brier,0.24999495042791348
8073,chexpert,Consolidation,clmbr,lr_lbfgs,2,1,auroc,0.4535663615292769
8074,chexpert,Consolidation,clmbr,lr_lbfgs,2,1,auprc,0.03306268815086072
8075,chexpert,Consolidation,clmbr,lr_lbfgs,2,1,brier,0.2499981529885462
8076,chexpert,Consolidation,clmbr,lr_lbfgs,3,1,auroc,0.4873156494119667
8077,chexpert,Consolidation,clmbr,lr_lbfgs,3,1,auprc,0.036598121769040794
8078,chexpert,Consolidation,clmbr,lr_lbfgs,3,1,brier,0.25000717035993075
8079,chexpert,Consolidation,clmbr,lr_lbfgs,4,1,auroc,0.5187502633858545
8080,chexpert,Consolidation,clmbr,lr_lbfgs,4,1,auprc,0.03895157269650421
8081,chexpert,Consolidation,clmbr,lr_lbfgs,4,1,brier,0.25000951255423104
8082,chexpert,Consolidation,clmbr,lr_lbfgs,0,2,auroc,0.5629297871842296
8083,chexpert,Consolidation,clmbr,lr_lbfgs,0,2,auprc,0.050486570797621234
8084,chexpert,Consolidation,clmbr,lr_lbfgs,0,2,brier,0.25000229896418363
8085,chexpert,Consolidation,clmbr,lr_lbfgs,1,2,auroc,0.5045491224373532
8086,chexpert,Consolidation,clmbr,lr_lbfgs,1,2,auprc,0.0439130514400007
8087,chexpert,Consolidation,clmbr,lr_lbfgs,1,2,brier,0.24999474285983322
8088,chexpert,Consolidation,clmbr,lr_lbfgs,2,2,auroc,0.45865364955243915
8089,chexpert,Consolidation,clmbr,lr_lbfgs,2,2,auprc,0.03382398361127269
8090,chexpert,Consolidation,clmbr,lr_lbfgs,2,2,brier,0.2499993556870531
8091,chexpert,Consolidation,clmbr,lr_lbfgs,3,2,auroc,0.5125707239794286
8092,chexpert,Consolidation,clmbr,lr_lbfgs,3,2,auprc,0.037571649670953285
8093,chexpert,Consolidation,clmbr,lr_lbfgs,3,2,brier,0.25000120230200673
8094,chexpert,Consolidation,clmbr,lr_lbfgs,4,2,auroc,0.6032528738323227
8095,chexpert,Consolidation,clmbr,lr_lbfgs,4,2,auprc,0.05197140571919173
8096,chexpert,Consolidation,clmbr,lr_lbfgs,4,2,brier,0.25000104304096804
8097,chexpert,Consolidation,clmbr,lr_lbfgs,0,4,auroc,0.5679952239365065
8098,chexpert,Consolidation,clmbr,lr_lbfgs,0,4,auprc,0.048761506050147396
8099,chexpert,Consolidation,clmbr,lr_lbfgs,0,4,brier,0.2741484863836194
8100,chexpert,Consolidation,clmbr,lr_lbfgs,1,4,auroc,0.49375834055205675
8101,chexpert,Consolidation,clmbr,lr_lbfgs,1,4,auprc,0.04079527953765104
8102,chexpert,Consolidation,clmbr,lr_lbfgs,1,4,brier,0.33180829628357816
8103,chexpert,Consolidation,clmbr,lr_lbfgs,2,4,auroc,0.470492980279228
8104,chexpert,Consolidation,clmbr,lr_lbfgs,2,4,auprc,0.03680590812344911
8105,chexpert,Consolidation,clmbr,lr_lbfgs,2,4,brier,0.2499993800048538
8106,chexpert,Consolidation,clmbr,lr_lbfgs,3,4,auroc,0.538636792857756
8107,chexpert,Consolidation,clmbr,lr_lbfgs,3,4,auprc,0.04022103963742517
8108,chexpert,Consolidation,clmbr,lr_lbfgs,3,4,brier,0.561232751239409
8109,chexpert,Consolidation,clmbr,lr_lbfgs,4,4,auroc,0.5435414666885179
8110,chexpert,Consolidation,clmbr,lr_lbfgs,4,4,auprc,0.04368432297286377
8111,chexpert,Consolidation,clmbr,lr_lbfgs,4,4,brier,0.26488901365338136
8112,chexpert,Consolidation,clmbr,lr_lbfgs,0,8,auroc,0.5777243462177791
8113,chexpert,Consolidation,clmbr,lr_lbfgs,0,8,auprc,0.054573630982101155
8114,chexpert,Consolidation,clmbr,lr_lbfgs,0,8,brier,0.24999941617858457
8115,chexpert,Consolidation,clmbr,lr_lbfgs,1,8,auroc,0.5326276933642373
8116,chexpert,Consolidation,clmbr,lr_lbfgs,1,8,auprc,0.047432719517820375
8117,chexpert,Consolidation,clmbr,lr_lbfgs,1,8,brier,0.27396916960476536
8118,chexpert,Consolidation,clmbr,lr_lbfgs,2,8,auroc,0.5655413262160622
8119,chexpert,Consolidation,clmbr,lr_lbfgs,2,8,auprc,0.04584420066785782
8120,chexpert,Consolidation,clmbr,lr_lbfgs,2,8,brier,0.3849401156621955
8121,chexpert,Consolidation,clmbr,lr_lbfgs,3,8,auroc,0.5620669741452642
8122,chexpert,Consolidation,clmbr,lr_lbfgs,3,8,auprc,0.04345794068123052
8123,chexpert,Consolidation,clmbr,lr_lbfgs,3,8,brier,0.2500011127816406
8124,chexpert,Consolidation,clmbr,lr_lbfgs,4,8,auroc,0.5675532039425937
8125,chexpert,Consolidation,clmbr,lr_lbfgs,4,8,auprc,0.04581262008504078
8126,chexpert,Consolidation,clmbr,lr_lbfgs,4,8,brier,0.26618737889485583
8127,chexpert,Consolidation,clmbr,lr_lbfgs,0,12,auroc,0.5778760564699272
8128,chexpert,Consolidation,clmbr,lr_lbfgs,0,12,auprc,0.04883051727219217
8129,chexpert,Consolidation,clmbr,lr_lbfgs,0,12,brier,0.24813566473462248
8130,chexpert,Consolidation,clmbr,lr_lbfgs,1,12,auroc,0.5489106361061035
8131,chexpert,Consolidation,clmbr,lr_lbfgs,1,12,auprc,0.04596890124050496
8132,chexpert,Consolidation,clmbr,lr_lbfgs,1,12,brier,0.4958135681800711
8133,chexpert,Consolidation,clmbr,lr_lbfgs,2,12,auroc,0.5375954237195546
8134,chexpert,Consolidation,clmbr,lr_lbfgs,2,12,auprc,0.042458425682731456
8135,chexpert,Consolidation,clmbr,lr_lbfgs,2,12,brier,0.2535837813029875
8136,chexpert,Consolidation,clmbr,lr_lbfgs,3,12,auroc,0.5576183675539844
8137,chexpert,Consolidation,clmbr,lr_lbfgs,3,12,auprc,0.04428204609466846
8138,chexpert,Consolidation,clmbr,lr_lbfgs,3,12,brier,0.25000247606644366
8139,chexpert,Consolidation,clmbr,lr_lbfgs,4,12,auroc,0.5476179773527186
8140,chexpert,Consolidation,clmbr,lr_lbfgs,4,12,auprc,0.04373961412703019
8141,chexpert,Consolidation,clmbr,lr_lbfgs,4,12,brier,0.2880604170478348
8142,chexpert,Consolidation,clmbr,lr_lbfgs,0,16,auroc,0.5891538095349581
8143,chexpert,Consolidation,clmbr,lr_lbfgs,0,16,auprc,0.052040033952556665
8144,chexpert,Consolidation,clmbr,lr_lbfgs,0,16,brier,0.25000095391732147
8145,chexpert,Consolidation,clmbr,lr_lbfgs,1,16,auroc,0.5154769430072031
8146,chexpert,Consolidation,clmbr,lr_lbfgs,1,16,auprc,0.044905154172784324
8147,chexpert,Consolidation,clmbr,lr_lbfgs,1,16,brier,0.33184448108171954
8148,chexpert,Consolidation,clmbr,lr_lbfgs,2,16,auroc,0.5220507417726064
8149,chexpert,Consolidation,clmbr,lr_lbfgs,2,16,auprc,0.04281441082293507
8150,chexpert,Consolidation,clmbr,lr_lbfgs,2,16,brier,0.4092285835188255
8151,chexpert,Consolidation,clmbr,lr_lbfgs,3,16,auroc,0.5464757802074309
8152,chexpert,Consolidation,clmbr,lr_lbfgs,3,16,auprc,0.043286940393291645
8153,chexpert,Consolidation,clmbr,lr_lbfgs,3,16,brier,0.2500026291866204
8154,chexpert,Consolidation,clmbr,lr_lbfgs,4,16,auroc,0.5887480002185127
8155,chexpert,Consolidation,clmbr,lr_lbfgs,4,16,auprc,0.0491241656945536
8156,chexpert,Consolidation,clmbr,lr_lbfgs,4,16,brier,0.44964345443839565
8157,chexpert,Consolidation,clmbr,lr_lbfgs,0,24,auroc,0.6004733921756842
8158,chexpert,Consolidation,clmbr,lr_lbfgs,0,24,auprc,0.054451535782365834
8159,chexpert,Consolidation,clmbr,lr_lbfgs,0,24,brier,0.24727610176058526
8160,chexpert,Consolidation,clmbr,lr_lbfgs,1,24,auroc,0.5386951669671216
8161,chexpert,Consolidation,clmbr,lr_lbfgs,1,24,auprc,0.05537501735156627
8162,chexpert,Consolidation,clmbr,lr_lbfgs,1,24,brier,0.41177918865253893
8163,chexpert,Consolidation,clmbr,lr_lbfgs,2,24,auroc,0.5562801332927525
8164,chexpert,Consolidation,clmbr,lr_lbfgs,2,24,auprc,0.0451183355968795
8165,chexpert,Consolidation,clmbr,lr_lbfgs,2,24,brier,0.25107771302339954
8166,chexpert,Consolidation,clmbr,lr_lbfgs,3,24,auroc,0.5473492067208265
8167,chexpert,Consolidation,clmbr,lr_lbfgs,3,24,auprc,0.046454428367753146
8168,chexpert,Consolidation,clmbr,lr_lbfgs,3,24,brier,0.4290514859188571
8169,chexpert,Consolidation,clmbr,lr_lbfgs,4,24,auroc,0.642744675703728
8170,chexpert,Consolidation,clmbr,lr_lbfgs,4,24,auprc,0.058156202252144885
8171,chexpert,Consolidation,clmbr,lr_lbfgs,4,24,brier,0.2620055848934014
8172,chexpert,Consolidation,clmbr,lr_lbfgs,0,32,auroc,0.6030221868439741
8173,chexpert,Consolidation,clmbr,lr_lbfgs,0,32,auprc,0.05586433970889034
8174,chexpert,Consolidation,clmbr,lr_lbfgs,0,32,brier,0.2422729830091899
8175,chexpert,Consolidation,clmbr,lr_lbfgs,1,32,auroc,0.5743383357135611
8176,chexpert,Consolidation,clmbr,lr_lbfgs,1,32,auprc,0.05870413317489808
8177,chexpert,Consolidation,clmbr,lr_lbfgs,1,32,brier,0.2486581772426905
8178,chexpert,Consolidation,clmbr,lr_lbfgs,2,32,auroc,0.5731333942047308
8179,chexpert,Consolidation,clmbr,lr_lbfgs,2,32,auprc,0.04661982741974306
8180,chexpert,Consolidation,clmbr,lr_lbfgs,2,32,brier,0.2479348987754085
8181,chexpert,Consolidation,clmbr,lr_lbfgs,3,32,auroc,0.5694011971374835
8182,chexpert,Consolidation,clmbr,lr_lbfgs,3,32,auprc,0.04716384392162767
8183,chexpert,Consolidation,clmbr,lr_lbfgs,3,32,brier,0.3993907850911926
8184,chexpert,Consolidation,clmbr,lr_lbfgs,4,32,auroc,0.6142081645712859
8185,chexpert,Consolidation,clmbr,lr_lbfgs,4,32,auprc,0.057958130101635495
8186,chexpert,Consolidation,clmbr,lr_lbfgs,4,32,brier,0.2904181804455027
8187,chexpert,Consolidation,clmbr,lr_lbfgs,0,48,auroc,0.6196450729286166
8188,chexpert,Consolidation,clmbr,lr_lbfgs,0,48,auprc,0.053932641492752134
8189,chexpert,Consolidation,clmbr,lr_lbfgs,0,48,brier,0.23425561633695935
8190,chexpert,Consolidation,clmbr,lr_lbfgs,1,48,auroc,0.5770819188537447
8191,chexpert,Consolidation,clmbr,lr_lbfgs,1,48,auprc,0.0472511975518229
8192,chexpert,Consolidation,clmbr,lr_lbfgs,1,48,brier,0.24964986229444366
8193,chexpert,Consolidation,clmbr,lr_lbfgs,2,48,auroc,0.6090378417187585
8194,chexpert,Consolidation,clmbr,lr_lbfgs,2,48,auprc,0.05266249105414426
8195,chexpert,Consolidation,clmbr,lr_lbfgs,2,48,brier,0.24631491870616384
8196,chexpert,Consolidation,clmbr,lr_lbfgs,3,48,auroc,0.6021250360936171
8197,chexpert,Consolidation,clmbr,lr_lbfgs,3,48,auprc,0.04950266458343752
8198,chexpert,Consolidation,clmbr,lr_lbfgs,3,48,brier,0.2691346052028601
8199,chexpert,Consolidation,clmbr,lr_lbfgs,4,48,auroc,0.6203652283848009
8200,chexpert,Consolidation,clmbr,lr_lbfgs,4,48,auprc,0.05855579050555837
8201,chexpert,Consolidation,clmbr,lr_lbfgs,4,48,brier,0.2681121709159363
8202,chexpert,Consolidation,clmbr,lr_lbfgs,0,64,auroc,0.6302679121891072
8203,chexpert,Consolidation,clmbr,lr_lbfgs,0,64,auprc,0.05547111347839641
8204,chexpert,Consolidation,clmbr,lr_lbfgs,0,64,brier,0.23300091680126253
8205,chexpert,Consolidation,clmbr,lr_lbfgs,1,64,auroc,0.6056252975284652
8206,chexpert,Consolidation,clmbr,lr_lbfgs,1,64,auprc,0.05477940167337284
8207,chexpert,Consolidation,clmbr,lr_lbfgs,1,64,brier,0.2514574906164746
8208,chexpert,Consolidation,clmbr,lr_lbfgs,2,64,auroc,0.6124759831120892
8209,chexpert,Consolidation,clmbr,lr_lbfgs,2,64,auprc,0.05414470134842306
8210,chexpert,Consolidation,clmbr,lr_lbfgs,2,64,brier,0.27550184300450276
8211,chexpert,Consolidation,clmbr,lr_lbfgs,3,64,auroc,0.592331920804751
8212,chexpert,Consolidation,clmbr,lr_lbfgs,3,64,auprc,0.05126163013887403
8213,chexpert,Consolidation,clmbr,lr_lbfgs,3,64,brier,0.24849335752002533
8214,chexpert,Consolidation,clmbr,lr_lbfgs,4,64,auroc,0.642704406933096
8215,chexpert,Consolidation,clmbr,lr_lbfgs,4,64,auprc,0.060220212986918764
8216,chexpert,Consolidation,clmbr,lr_lbfgs,4,64,brier,0.3070308472823768
8217,chexpert,Consolidation,clmbr,lr_lbfgs,0,128,auroc,0.6537636472892718
8218,chexpert,Consolidation,clmbr,lr_lbfgs,0,128,auprc,0.05831850679379542
8219,chexpert,Consolidation,clmbr,lr_lbfgs,0,128,brier,0.23010761166744106
8220,chexpert,Consolidation,clmbr,lr_lbfgs,1,128,auroc,0.6458559845168138
8221,chexpert,Consolidation,clmbr,lr_lbfgs,1,128,auprc,0.06593098118070949
8222,chexpert,Consolidation,clmbr,lr_lbfgs,1,128,brier,0.22261485478824142
8223,chexpert,Consolidation,clmbr,lr_lbfgs,2,128,auroc,0.6357419677069432
8224,chexpert,Consolidation,clmbr,lr_lbfgs,2,128,auprc,0.05745257298797753
8225,chexpert,Consolidation,clmbr,lr_lbfgs,2,128,brier,0.24280916624064303
8226,chexpert,Consolidation,clmbr,lr_lbfgs,3,128,auroc,0.6425539453249987
8227,chexpert,Consolidation,clmbr,lr_lbfgs,3,128,auprc,0.061875349894589676
8228,chexpert,Consolidation,clmbr,lr_lbfgs,3,128,brier,0.231553131189624
8229,chexpert,Consolidation,clmbr,lr_lbfgs,4,128,auroc,0.6539715465236969
8230,chexpert,Consolidation,clmbr,lr_lbfgs,4,128,auprc,0.06373988307627465
8231,chexpert,Consolidation,clmbr,lr_lbfgs,4,128,brier,0.23552063406694757
8232,chexpert,Pneumonia,clmbr,lr_lbfgs,0,-1,auroc,0.609288433371778
8233,chexpert,Pneumonia,clmbr,lr_lbfgs,0,-1,auprc,0.05556902249259561
8234,chexpert,Pneumonia,clmbr,lr_lbfgs,0,-1,brier,0.03162255642134468
8235,chexpert,Pneumonia,clmbr,lr_lbfgs,0,1,auroc,0.5409111010479095
8236,chexpert,Pneumonia,clmbr,lr_lbfgs,0,1,auprc,0.03797798930374229
8237,chexpert,Pneumonia,clmbr,lr_lbfgs,0,1,brier,0.2500018375304219
8238,chexpert,Pneumonia,clmbr,lr_lbfgs,1,1,auroc,0.4816925401014654
8239,chexpert,Pneumonia,clmbr,lr_lbfgs,1,1,auprc,0.03006268050110483
8240,chexpert,Pneumonia,clmbr,lr_lbfgs,1,1,brier,0.2500003383640184
8241,chexpert,Pneumonia,clmbr,lr_lbfgs,2,1,auroc,0.48073166158396374
8242,chexpert,Pneumonia,clmbr,lr_lbfgs,2,1,auprc,0.03290915850729736
8243,chexpert,Pneumonia,clmbr,lr_lbfgs,2,1,brier,0.24999701925332066
8244,chexpert,Pneumonia,clmbr,lr_lbfgs,3,1,auroc,0.4931356975567647
8245,chexpert,Pneumonia,clmbr,lr_lbfgs,3,1,auprc,0.03216786423514309
8246,chexpert,Pneumonia,clmbr,lr_lbfgs,3,1,brier,0.25000230658592193
8247,chexpert,Pneumonia,clmbr,lr_lbfgs,4,1,auroc,0.46563603365197515
8248,chexpert,Pneumonia,clmbr,lr_lbfgs,4,1,auprc,0.032426359669989295
8249,chexpert,Pneumonia,clmbr,lr_lbfgs,4,1,brier,0.24999897363244178
8250,chexpert,Pneumonia,clmbr,lr_lbfgs,0,2,auroc,0.5234603301516321
8251,chexpert,Pneumonia,clmbr,lr_lbfgs,0,2,auprc,0.039062565646478024
8252,chexpert,Pneumonia,clmbr,lr_lbfgs,0,2,brier,0.24999925046523558
8253,chexpert,Pneumonia,clmbr,lr_lbfgs,1,2,auroc,0.5020712309575529
8254,chexpert,Pneumonia,clmbr,lr_lbfgs,1,2,auprc,0.032062994605326536
8255,chexpert,Pneumonia,clmbr,lr_lbfgs,1,2,brier,0.25000070207508013
8256,chexpert,Pneumonia,clmbr,lr_lbfgs,2,2,auroc,0.5506065634087838
8257,chexpert,Pneumonia,clmbr,lr_lbfgs,2,2,auprc,0.0440447688250916
8258,chexpert,Pneumonia,clmbr,lr_lbfgs,2,2,brier,0.24999776632178758
8259,chexpert,Pneumonia,clmbr,lr_lbfgs,3,2,auroc,0.45739073367815525
8260,chexpert,Pneumonia,clmbr,lr_lbfgs,3,2,auprc,0.02944315656883185
8261,chexpert,Pneumonia,clmbr,lr_lbfgs,3,2,brier,0.25000379973826786
8262,chexpert,Pneumonia,clmbr,lr_lbfgs,4,2,auroc,0.48083001365607914
8263,chexpert,Pneumonia,clmbr,lr_lbfgs,4,2,auprc,0.039449268951771435
8264,chexpert,Pneumonia,clmbr,lr_lbfgs,4,2,brier,0.2500014014718059
8265,chexpert,Pneumonia,clmbr,lr_lbfgs,0,4,auroc,0.5484498935108859
8266,chexpert,Pneumonia,clmbr,lr_lbfgs,0,4,auprc,0.038979040212206946
8267,chexpert,Pneumonia,clmbr,lr_lbfgs,0,4,brier,0.25000047782817836
8268,chexpert,Pneumonia,clmbr,lr_lbfgs,1,4,auroc,0.5067114675685811
8269,chexpert,Pneumonia,clmbr,lr_lbfgs,1,4,auprc,0.0325523955643327
8270,chexpert,Pneumonia,clmbr,lr_lbfgs,1,4,brier,0.2500000229510602
8271,chexpert,Pneumonia,clmbr,lr_lbfgs,2,4,auroc,0.5548707271685218
8272,chexpert,Pneumonia,clmbr,lr_lbfgs,2,4,auprc,0.045973385542382894
8273,chexpert,Pneumonia,clmbr,lr_lbfgs,2,4,brier,0.24999777570112924
8274,chexpert,Pneumonia,clmbr,lr_lbfgs,3,4,auroc,0.4469593996985757
8275,chexpert,Pneumonia,clmbr,lr_lbfgs,3,4,auprc,0.027907944990513304
8276,chexpert,Pneumonia,clmbr,lr_lbfgs,3,4,brier,0.25000083397302425
8277,chexpert,Pneumonia,clmbr,lr_lbfgs,4,4,auroc,0.505798703733841
8278,chexpert,Pneumonia,clmbr,lr_lbfgs,4,4,auprc,0.03358122934088752
8279,chexpert,Pneumonia,clmbr,lr_lbfgs,4,4,brier,0.25000337939732803
8280,chexpert,Pneumonia,clmbr,lr_lbfgs,0,8,auroc,0.5009752067870005
8281,chexpert,Pneumonia,clmbr,lr_lbfgs,0,8,auprc,0.0355619517101356
8282,chexpert,Pneumonia,clmbr,lr_lbfgs,0,8,brier,0.2500002714058009
8283,chexpert,Pneumonia,clmbr,lr_lbfgs,1,8,auroc,0.5234861564151732
8284,chexpert,Pneumonia,clmbr,lr_lbfgs,1,8,auprc,0.035803519419827366
8285,chexpert,Pneumonia,clmbr,lr_lbfgs,1,8,brier,0.3832070546757045
8286,chexpert,Pneumonia,clmbr,lr_lbfgs,2,8,auroc,0.5608086450763821
8287,chexpert,Pneumonia,clmbr,lr_lbfgs,2,8,auprc,0.04091498926795089
8288,chexpert,Pneumonia,clmbr,lr_lbfgs,2,8,brier,0.25134614628902296
8289,chexpert,Pneumonia,clmbr,lr_lbfgs,3,8,auroc,0.4386596169222169
8290,chexpert,Pneumonia,clmbr,lr_lbfgs,3,8,auprc,0.027182343335771405
8291,chexpert,Pneumonia,clmbr,lr_lbfgs,3,8,brier,0.24999914382812108
8292,chexpert,Pneumonia,clmbr,lr_lbfgs,4,8,auroc,0.5041550212624444
8293,chexpert,Pneumonia,clmbr,lr_lbfgs,4,8,auprc,0.0357324406801311
8294,chexpert,Pneumonia,clmbr,lr_lbfgs,4,8,brier,0.16260601215082596
8295,chexpert,Pneumonia,clmbr,lr_lbfgs,0,12,auroc,0.5628181406505388
8296,chexpert,Pneumonia,clmbr,lr_lbfgs,0,12,auprc,0.041250569634792705
8297,chexpert,Pneumonia,clmbr,lr_lbfgs,0,12,brier,0.22542450143621245
8298,chexpert,Pneumonia,clmbr,lr_lbfgs,1,12,auroc,0.5272235351555591
8299,chexpert,Pneumonia,clmbr,lr_lbfgs,1,12,auprc,0.04113521545811716
8300,chexpert,Pneumonia,clmbr,lr_lbfgs,1,12,brier,0.42945328580679637
8301,chexpert,Pneumonia,clmbr,lr_lbfgs,2,12,auroc,0.5883366117357371
8302,chexpert,Pneumonia,clmbr,lr_lbfgs,2,12,auprc,0.04466298049245701
8303,chexpert,Pneumonia,clmbr,lr_lbfgs,2,12,brier,0.21082378009683486
8304,chexpert,Pneumonia,clmbr,lr_lbfgs,3,12,auroc,0.4650756391115765
8305,chexpert,Pneumonia,clmbr,lr_lbfgs,3,12,auprc,0.02989424959699191
8306,chexpert,Pneumonia,clmbr,lr_lbfgs,3,12,brier,0.36325929391540956
8307,chexpert,Pneumonia,clmbr,lr_lbfgs,4,12,auroc,0.5143270312533168
8308,chexpert,Pneumonia,clmbr,lr_lbfgs,4,12,auprc,0.037620924894013606
8309,chexpert,Pneumonia,clmbr,lr_lbfgs,4,12,brier,0.2621752053730098
8310,chexpert,Pneumonia,clmbr,lr_lbfgs,0,16,auroc,0.5732859144266216
8311,chexpert,Pneumonia,clmbr,lr_lbfgs,0,16,auprc,0.04053704845262459
8312,chexpert,Pneumonia,clmbr,lr_lbfgs,0,16,brier,0.24879670146883384
8313,chexpert,Pneumonia,clmbr,lr_lbfgs,1,16,auroc,0.5103833961890342
8314,chexpert,Pneumonia,clmbr,lr_lbfgs,1,16,auprc,0.03706302384251587
8315,chexpert,Pneumonia,clmbr,lr_lbfgs,1,16,brier,0.4436969766745568
8316,chexpert,Pneumonia,clmbr,lr_lbfgs,2,16,auroc,0.5743943210522964
8317,chexpert,Pneumonia,clmbr,lr_lbfgs,2,16,auprc,0.04331449032401621
8318,chexpert,Pneumonia,clmbr,lr_lbfgs,2,16,brier,0.25000131756571015
8319,chexpert,Pneumonia,clmbr,lr_lbfgs,3,16,auroc,0.48638442923957576
8320,chexpert,Pneumonia,clmbr,lr_lbfgs,3,16,auprc,0.03244613342318757
8321,chexpert,Pneumonia,clmbr,lr_lbfgs,3,16,brier,0.35173533725168943
8322,chexpert,Pneumonia,clmbr,lr_lbfgs,4,16,auroc,0.48799874760311046
8323,chexpert,Pneumonia,clmbr,lr_lbfgs,4,16,auprc,0.033085575239875216
8324,chexpert,Pneumonia,clmbr,lr_lbfgs,4,16,brier,0.3549793752581294
8325,chexpert,Pneumonia,clmbr,lr_lbfgs,0,24,auroc,0.5749540080238309
8326,chexpert,Pneumonia,clmbr,lr_lbfgs,0,24,auprc,0.04380923405134212
8327,chexpert,Pneumonia,clmbr,lr_lbfgs,0,24,brier,0.3184661793974265
8328,chexpert,Pneumonia,clmbr,lr_lbfgs,1,24,auroc,0.5103444799015064
8329,chexpert,Pneumonia,clmbr,lr_lbfgs,1,24,auprc,0.036196186359765854
8330,chexpert,Pneumonia,clmbr,lr_lbfgs,1,24,brier,0.5020772201273015
8331,chexpert,Pneumonia,clmbr,lr_lbfgs,2,24,auroc,0.5724421385561349
8332,chexpert,Pneumonia,clmbr,lr_lbfgs,2,24,auprc,0.046205403409260014
8333,chexpert,Pneumonia,clmbr,lr_lbfgs,2,24,brier,0.24654675898625655
8334,chexpert,Pneumonia,clmbr,lr_lbfgs,3,24,auroc,0.5363557727005781
8335,chexpert,Pneumonia,clmbr,lr_lbfgs,3,24,auprc,0.036550344605745494
8336,chexpert,Pneumonia,clmbr,lr_lbfgs,3,24,brier,0.2499160283613521
8337,chexpert,Pneumonia,clmbr,lr_lbfgs,4,24,auroc,0.4778536252290755
8338,chexpert,Pneumonia,clmbr,lr_lbfgs,4,24,auprc,0.03150207292979791
8339,chexpert,Pneumonia,clmbr,lr_lbfgs,4,24,brier,0.4486844292956089
8340,chexpert,Pneumonia,clmbr,lr_lbfgs,0,32,auroc,0.5874634717573888
8341,chexpert,Pneumonia,clmbr,lr_lbfgs,0,32,auprc,0.04983615657974237
8342,chexpert,Pneumonia,clmbr,lr_lbfgs,0,32,brier,0.34951378964578833
8343,chexpert,Pneumonia,clmbr,lr_lbfgs,1,32,auroc,0.5075456912594019
8344,chexpert,Pneumonia,clmbr,lr_lbfgs,1,32,auprc,0.033908311727683986
8345,chexpert,Pneumonia,clmbr,lr_lbfgs,1,32,brier,0.47305043407540925
8346,chexpert,Pneumonia,clmbr,lr_lbfgs,2,32,auroc,0.6010130617212319
8347,chexpert,Pneumonia,clmbr,lr_lbfgs,2,32,auprc,0.05019274830890861
8348,chexpert,Pneumonia,clmbr,lr_lbfgs,2,32,brier,0.3220301411949809
8349,chexpert,Pneumonia,clmbr,lr_lbfgs,3,32,auroc,0.5160326260003255
8350,chexpert,Pneumonia,clmbr,lr_lbfgs,3,32,auprc,0.03422079093489453
8351,chexpert,Pneumonia,clmbr,lr_lbfgs,3,32,brier,0.24808025254919874
8352,chexpert,Pneumonia,clmbr,lr_lbfgs,4,32,auroc,0.4763716222431348
8353,chexpert,Pneumonia,clmbr,lr_lbfgs,4,32,auprc,0.03387499463766638
8354,chexpert,Pneumonia,clmbr,lr_lbfgs,4,32,brier,0.4219370139208125
8355,chexpert,Pneumonia,clmbr,lr_lbfgs,0,48,auroc,0.5603161771469408
8356,chexpert,Pneumonia,clmbr,lr_lbfgs,0,48,auprc,0.04388133071270543
8357,chexpert,Pneumonia,clmbr,lr_lbfgs,0,48,brier,0.3970770603352627
8358,chexpert,Pneumonia,clmbr,lr_lbfgs,1,48,auroc,0.5006408804986946
8359,chexpert,Pneumonia,clmbr,lr_lbfgs,1,48,auprc,0.03405288028418109
8360,chexpert,Pneumonia,clmbr,lr_lbfgs,1,48,brier,0.45486400317878606
8361,chexpert,Pneumonia,clmbr,lr_lbfgs,2,48,auroc,0.5797269137968852
8362,chexpert,Pneumonia,clmbr,lr_lbfgs,2,48,auprc,0.04746611461717144
8363,chexpert,Pneumonia,clmbr,lr_lbfgs,2,48,brier,0.2500066155602369
8364,chexpert,Pneumonia,clmbr,lr_lbfgs,3,48,auroc,0.5541313177054956
8365,chexpert,Pneumonia,clmbr,lr_lbfgs,3,48,auprc,0.040348562827305756
8366,chexpert,Pneumonia,clmbr,lr_lbfgs,3,48,brier,0.2438954444547271
8367,chexpert,Pneumonia,clmbr,lr_lbfgs,4,48,auroc,0.5061167559382717
8368,chexpert,Pneumonia,clmbr,lr_lbfgs,4,48,auprc,0.03339187013249989
8369,chexpert,Pneumonia,clmbr,lr_lbfgs,4,48,brier,0.40534174950053736
8370,chexpert,Pneumonia,clmbr,lr_lbfgs,0,64,auroc,0.5651612549441374
8371,chexpert,Pneumonia,clmbr,lr_lbfgs,0,64,auprc,0.04415712820480828
8372,chexpert,Pneumonia,clmbr,lr_lbfgs,0,64,brier,0.3910624240333359
8373,chexpert,Pneumonia,clmbr,lr_lbfgs,1,64,auroc,0.5345599629233915
8374,chexpert,Pneumonia,clmbr,lr_lbfgs,1,64,auprc,0.03878294808268638
8375,chexpert,Pneumonia,clmbr,lr_lbfgs,1,64,brier,0.43991118178855215
8376,chexpert,Pneumonia,clmbr,lr_lbfgs,2,64,auroc,0.60473027474899
8377,chexpert,Pneumonia,clmbr,lr_lbfgs,2,64,auprc,0.04674638442375517
8378,chexpert,Pneumonia,clmbr,lr_lbfgs,2,64,brier,0.3862917530692004
8379,chexpert,Pneumonia,clmbr,lr_lbfgs,3,64,auroc,0.5188600711814277
8380,chexpert,Pneumonia,clmbr,lr_lbfgs,3,64,auprc,0.03784430766401124
8381,chexpert,Pneumonia,clmbr,lr_lbfgs,3,64,brier,0.2500019090977417
8382,chexpert,Pneumonia,clmbr,lr_lbfgs,4,64,auroc,0.48276556828393324
8383,chexpert,Pneumonia,clmbr,lr_lbfgs,4,64,auprc,0.03215620706798415
8384,chexpert,Pneumonia,clmbr,lr_lbfgs,4,64,brier,0.4142955325437603
8385,chexpert,Pneumonia,clmbr,lr_lbfgs,0,128,auroc,0.5599026031458512
8386,chexpert,Pneumonia,clmbr,lr_lbfgs,0,128,auprc,0.044716290361921825
8387,chexpert,Pneumonia,clmbr,lr_lbfgs,0,128,brier,0.2456651809781359
8388,chexpert,Pneumonia,clmbr,lr_lbfgs,1,128,auroc,0.5862938604249658
8389,chexpert,Pneumonia,clmbr,lr_lbfgs,1,128,auprc,0.045580302659913745
8390,chexpert,Pneumonia,clmbr,lr_lbfgs,1,128,brier,0.24218553145828606
8391,chexpert,Pneumonia,clmbr,lr_lbfgs,2,128,auroc,0.5972509180706012
8392,chexpert,Pneumonia,clmbr,lr_lbfgs,2,128,auprc,0.045909019876197214
8393,chexpert,Pneumonia,clmbr,lr_lbfgs,2,128,brier,0.2669799234746794
8394,chexpert,Pneumonia,clmbr,lr_lbfgs,3,128,auroc,0.5833478974591202
8395,chexpert,Pneumonia,clmbr,lr_lbfgs,3,128,auprc,0.0493825416845725
8396,chexpert,Pneumonia,clmbr,lr_lbfgs,3,128,brier,0.23702247309221458
8397,chexpert,Pneumonia,clmbr,lr_lbfgs,4,128,auroc,0.533959590742169
8398,chexpert,Pneumonia,clmbr,lr_lbfgs,4,128,auprc,0.040063554592850714
8399,chexpert,Pneumonia,clmbr,lr_lbfgs,4,128,brier,0.2438485549742599
8400,chexpert,Atelectasis,clmbr,lr_lbfgs,0,-1,auroc,0.6547734352392462
8401,chexpert,Atelectasis,clmbr,lr_lbfgs,0,-1,auprc,0.0684465896228774
8402,chexpert,Atelectasis,clmbr,lr_lbfgs,0,-1,brier,0.0393321753512489
8403,chexpert,Atelectasis,clmbr,lr_lbfgs,0,1,auroc,0.5240881803893532
8404,chexpert,Atelectasis,clmbr,lr_lbfgs,0,1,auprc,0.04368024835380242
8405,chexpert,Atelectasis,clmbr,lr_lbfgs,0,1,brier,0.25000339923730447
8406,chexpert,Atelectasis,clmbr,lr_lbfgs,1,1,auroc,0.3817614800188378
8407,chexpert,Atelectasis,clmbr,lr_lbfgs,1,1,auprc,0.031011534406558506
8408,chexpert,Atelectasis,clmbr,lr_lbfgs,1,1,brier,0.2500032212273473
8409,chexpert,Atelectasis,clmbr,lr_lbfgs,2,1,auroc,0.6209376649020376
8410,chexpert,Atelectasis,clmbr,lr_lbfgs,2,1,auprc,0.06135024878740001
8411,chexpert,Atelectasis,clmbr,lr_lbfgs,2,1,brier,0.24999863046014062
8412,chexpert,Atelectasis,clmbr,lr_lbfgs,3,1,auroc,0.349813749354577
8413,chexpert,Atelectasis,clmbr,lr_lbfgs,3,1,auprc,0.02902633910358456
8414,chexpert,Atelectasis,clmbr,lr_lbfgs,3,1,brier,0.24999755317353395
8415,chexpert,Atelectasis,clmbr,lr_lbfgs,4,1,auroc,0.45285078386981464
8416,chexpert,Atelectasis,clmbr,lr_lbfgs,4,1,auprc,0.03670019059105127
8417,chexpert,Atelectasis,clmbr,lr_lbfgs,4,1,brier,0.25000900751204597
8418,chexpert,Atelectasis,clmbr,lr_lbfgs,0,2,auroc,0.4607209729858545
8419,chexpert,Atelectasis,clmbr,lr_lbfgs,0,2,auprc,0.03633545850253945
8420,chexpert,Atelectasis,clmbr,lr_lbfgs,0,2,brier,0.25000270775652206
8421,chexpert,Atelectasis,clmbr,lr_lbfgs,1,2,auroc,0.366946539114054
8422,chexpert,Atelectasis,clmbr,lr_lbfgs,1,2,auprc,0.03007596669323531
8423,chexpert,Atelectasis,clmbr,lr_lbfgs,1,2,brier,0.24999906036183786
8424,chexpert,Atelectasis,clmbr,lr_lbfgs,2,2,auroc,0.5907764084407148
8425,chexpert,Atelectasis,clmbr,lr_lbfgs,2,2,auprc,0.05958275828350921
8426,chexpert,Atelectasis,clmbr,lr_lbfgs,2,2,brier,0.24999978121468497
8427,chexpert,Atelectasis,clmbr,lr_lbfgs,3,2,auroc,0.5215340074103074
8428,chexpert,Atelectasis,clmbr,lr_lbfgs,3,2,auprc,0.043856205090990356
8429,chexpert,Atelectasis,clmbr,lr_lbfgs,3,2,brier,0.2499979188250034
8430,chexpert,Atelectasis,clmbr,lr_lbfgs,4,2,auroc,0.5698944910662105
8431,chexpert,Atelectasis,clmbr,lr_lbfgs,4,2,auprc,0.052427774538240754
8432,chexpert,Atelectasis,clmbr,lr_lbfgs,4,2,brier,0.10503862195144789
8433,chexpert,Atelectasis,clmbr,lr_lbfgs,0,4,auroc,0.6217910418120642
8434,chexpert,Atelectasis,clmbr,lr_lbfgs,0,4,auprc,0.05814269248406779
8435,chexpert,Atelectasis,clmbr,lr_lbfgs,0,4,brier,0.2500008210884456
8436,chexpert,Atelectasis,clmbr,lr_lbfgs,1,4,auroc,0.4730628798066284
8437,chexpert,Atelectasis,clmbr,lr_lbfgs,1,4,auprc,0.05681785325396727
8438,chexpert,Atelectasis,clmbr,lr_lbfgs,1,4,brier,0.49202717227898624
8439,chexpert,Atelectasis,clmbr,lr_lbfgs,2,4,auroc,0.596489607979982
8440,chexpert,Atelectasis,clmbr,lr_lbfgs,2,4,auprc,0.05883976185016131
8441,chexpert,Atelectasis,clmbr,lr_lbfgs,2,4,brier,0.242164260202247
8442,chexpert,Atelectasis,clmbr,lr_lbfgs,3,4,auroc,0.420925181995109
8443,chexpert,Atelectasis,clmbr,lr_lbfgs,3,4,auprc,0.03419348921637295
8444,chexpert,Atelectasis,clmbr,lr_lbfgs,3,4,brier,0.392259659709158
8445,chexpert,Atelectasis,clmbr,lr_lbfgs,4,4,auroc,0.5973061035740832
8446,chexpert,Atelectasis,clmbr,lr_lbfgs,4,4,auprc,0.05555039463082316
8447,chexpert,Atelectasis,clmbr,lr_lbfgs,4,4,brier,0.18642945936674896
8448,chexpert,Atelectasis,clmbr,lr_lbfgs,0,8,auroc,0.6392926447307947
8449,chexpert,Atelectasis,clmbr,lr_lbfgs,0,8,auprc,0.060667575803181405
8450,chexpert,Atelectasis,clmbr,lr_lbfgs,0,8,brier,0.32397573122171897
8451,chexpert,Atelectasis,clmbr,lr_lbfgs,1,8,auroc,0.4914694934776811
8452,chexpert,Atelectasis,clmbr,lr_lbfgs,1,8,auprc,0.046147085229872487
8453,chexpert,Atelectasis,clmbr,lr_lbfgs,1,8,brier,0.42603660224052264
8454,chexpert,Atelectasis,clmbr,lr_lbfgs,2,8,auroc,0.6193900681453238
8455,chexpert,Atelectasis,clmbr,lr_lbfgs,2,8,auprc,0.061099619888615585
8456,chexpert,Atelectasis,clmbr,lr_lbfgs,2,8,brier,0.2500009157991772
8457,chexpert,Atelectasis,clmbr,lr_lbfgs,3,8,auroc,0.39566148058624273
8458,chexpert,Atelectasis,clmbr,lr_lbfgs,3,8,auprc,0.03203412450871422
8459,chexpert,Atelectasis,clmbr,lr_lbfgs,3,8,brier,0.3117946298684954
8460,chexpert,Atelectasis,clmbr,lr_lbfgs,4,8,auroc,0.6143966216714613
8461,chexpert,Atelectasis,clmbr,lr_lbfgs,4,8,auprc,0.05587404031891794
8462,chexpert,Atelectasis,clmbr,lr_lbfgs,4,8,brier,0.20030592686954135
8463,chexpert,Atelectasis,clmbr,lr_lbfgs,0,12,auroc,0.6435513019104522
8464,chexpert,Atelectasis,clmbr,lr_lbfgs,0,12,auprc,0.058990106104217274
8465,chexpert,Atelectasis,clmbr,lr_lbfgs,0,12,brier,0.24999904342685328
8466,chexpert,Atelectasis,clmbr,lr_lbfgs,1,12,auroc,0.552941568647477
8467,chexpert,Atelectasis,clmbr,lr_lbfgs,1,12,auprc,0.049176528822695714
8468,chexpert,Atelectasis,clmbr,lr_lbfgs,1,12,brier,0.2587724536801634
8469,chexpert,Atelectasis,clmbr,lr_lbfgs,2,12,auroc,0.5875237600785288
8470,chexpert,Atelectasis,clmbr,lr_lbfgs,2,12,auprc,0.0571188685954637
8471,chexpert,Atelectasis,clmbr,lr_lbfgs,2,12,brier,0.25149720716950474
8472,chexpert,Atelectasis,clmbr,lr_lbfgs,3,12,auroc,0.4520388275145965
8473,chexpert,Atelectasis,clmbr,lr_lbfgs,3,12,auprc,0.037874678904472894
8474,chexpert,Atelectasis,clmbr,lr_lbfgs,3,12,brier,0.30273443189270083
8475,chexpert,Atelectasis,clmbr,lr_lbfgs,4,12,auroc,0.6083838323659081
8476,chexpert,Atelectasis,clmbr,lr_lbfgs,4,12,auprc,0.054766895392722226
8477,chexpert,Atelectasis,clmbr,lr_lbfgs,4,12,brier,0.2760061381742227
8478,chexpert,Atelectasis,clmbr,lr_lbfgs,0,16,auroc,0.6563113861133334
8479,chexpert,Atelectasis,clmbr,lr_lbfgs,0,16,auprc,0.06613365448858306
8480,chexpert,Atelectasis,clmbr,lr_lbfgs,0,16,brier,0.25114007145734807
8481,chexpert,Atelectasis,clmbr,lr_lbfgs,1,16,auroc,0.5655399424651472
8482,chexpert,Atelectasis,clmbr,lr_lbfgs,1,16,auprc,0.05039865304005144
8483,chexpert,Atelectasis,clmbr,lr_lbfgs,1,16,brier,0.2500015081800574
8484,chexpert,Atelectasis,clmbr,lr_lbfgs,2,16,auroc,0.5718662229560658
8485,chexpert,Atelectasis,clmbr,lr_lbfgs,2,16,auprc,0.0555133065771643
8486,chexpert,Atelectasis,clmbr,lr_lbfgs,2,16,brier,0.24999823677001398
8487,chexpert,Atelectasis,clmbr,lr_lbfgs,3,16,auroc,0.5099090166306364
8488,chexpert,Atelectasis,clmbr,lr_lbfgs,3,16,auprc,0.04491273393099954
8489,chexpert,Atelectasis,clmbr,lr_lbfgs,3,16,brier,0.43242189542725035
8490,chexpert,Atelectasis,clmbr,lr_lbfgs,4,16,auroc,0.6282390306455365
8491,chexpert,Atelectasis,clmbr,lr_lbfgs,4,16,auprc,0.05866165761531003
8492,chexpert,Atelectasis,clmbr,lr_lbfgs,4,16,brier,0.23777098497820565
8493,chexpert,Atelectasis,clmbr,lr_lbfgs,0,24,auroc,0.6343780675325266
8494,chexpert,Atelectasis,clmbr,lr_lbfgs,0,24,auprc,0.06668847334965411
8495,chexpert,Atelectasis,clmbr,lr_lbfgs,0,24,brier,0.4042975964521374
8496,chexpert,Atelectasis,clmbr,lr_lbfgs,1,24,auroc,0.5436418029856844
8497,chexpert,Atelectasis,clmbr,lr_lbfgs,1,24,auprc,0.05022966774608412
8498,chexpert,Atelectasis,clmbr,lr_lbfgs,1,24,brier,0.27633394860191424
8499,chexpert,Atelectasis,clmbr,lr_lbfgs,2,24,auroc,0.518283344965133
8500,chexpert,Atelectasis,clmbr,lr_lbfgs,2,24,auprc,0.0465263255229623
8501,chexpert,Atelectasis,clmbr,lr_lbfgs,2,24,brier,0.4996696095966894
8502,chexpert,Atelectasis,clmbr,lr_lbfgs,3,24,auroc,0.5428752390192975
8503,chexpert,Atelectasis,clmbr,lr_lbfgs,3,24,auprc,0.04897802515812755
8504,chexpert,Atelectasis,clmbr,lr_lbfgs,3,24,brier,0.3847074760379068
8505,chexpert,Atelectasis,clmbr,lr_lbfgs,4,24,auroc,0.5883884850857632
8506,chexpert,Atelectasis,clmbr,lr_lbfgs,4,24,auprc,0.0518583631766323
8507,chexpert,Atelectasis,clmbr,lr_lbfgs,4,24,brier,0.2731925467083957
8508,chexpert,Atelectasis,clmbr,lr_lbfgs,0,32,auroc,0.6484017623594964
8509,chexpert,Atelectasis,clmbr,lr_lbfgs,0,32,auprc,0.07382127154519849
8510,chexpert,Atelectasis,clmbr,lr_lbfgs,0,32,brier,0.4526280357874808
8511,chexpert,Atelectasis,clmbr,lr_lbfgs,1,32,auroc,0.5216843696983109
8512,chexpert,Atelectasis,clmbr,lr_lbfgs,1,32,auprc,0.043767008922769565
8513,chexpert,Atelectasis,clmbr,lr_lbfgs,1,32,brier,0.2529935873755049
8514,chexpert,Atelectasis,clmbr,lr_lbfgs,2,32,auroc,0.5465369862858245
8515,chexpert,Atelectasis,clmbr,lr_lbfgs,2,32,auprc,0.050470003917697764
8516,chexpert,Atelectasis,clmbr,lr_lbfgs,2,32,brier,0.3119617942057375
8517,chexpert,Atelectasis,clmbr,lr_lbfgs,3,32,auroc,0.5467608275032483
8518,chexpert,Atelectasis,clmbr,lr_lbfgs,3,32,auprc,0.046289838052966145
8519,chexpert,Atelectasis,clmbr,lr_lbfgs,3,32,brier,0.42105784878750274
8520,chexpert,Atelectasis,clmbr,lr_lbfgs,4,32,auroc,0.6399224641258277
8521,chexpert,Atelectasis,clmbr,lr_lbfgs,4,32,auprc,0.05918812250176116
8522,chexpert,Atelectasis,clmbr,lr_lbfgs,4,32,brier,0.2305084919357273
8523,chexpert,Atelectasis,clmbr,lr_lbfgs,0,48,auroc,0.645052371468614
8524,chexpert,Atelectasis,clmbr,lr_lbfgs,0,48,auprc,0.07209262998262364
8525,chexpert,Atelectasis,clmbr,lr_lbfgs,0,48,brier,0.2899372553007773
8526,chexpert,Atelectasis,clmbr,lr_lbfgs,1,48,auroc,0.6247171486770956
8527,chexpert,Atelectasis,clmbr,lr_lbfgs,1,48,auprc,0.05904719759200196
8528,chexpert,Atelectasis,clmbr,lr_lbfgs,1,48,brier,0.2496802045940514
8529,chexpert,Atelectasis,clmbr,lr_lbfgs,2,48,auroc,0.6161623855969951
8530,chexpert,Atelectasis,clmbr,lr_lbfgs,2,48,auprc,0.05748626334027738
8531,chexpert,Atelectasis,clmbr,lr_lbfgs,2,48,brier,0.24999492982408697
8532,chexpert,Atelectasis,clmbr,lr_lbfgs,3,48,auroc,0.6528706430399284
8533,chexpert,Atelectasis,clmbr,lr_lbfgs,3,48,auprc,0.07029528896881246
8534,chexpert,Atelectasis,clmbr,lr_lbfgs,3,48,brier,0.25000042950194484
8535,chexpert,Atelectasis,clmbr,lr_lbfgs,4,48,auroc,0.6095611974512174
8536,chexpert,Atelectasis,clmbr,lr_lbfgs,4,48,auprc,0.05626615477983624
8537,chexpert,Atelectasis,clmbr,lr_lbfgs,4,48,brier,0.26841049918301374
8538,chexpert,Atelectasis,clmbr,lr_lbfgs,0,64,auroc,0.6612798667733388
8539,chexpert,Atelectasis,clmbr,lr_lbfgs,0,64,auprc,0.0752120897043933
8540,chexpert,Atelectasis,clmbr,lr_lbfgs,0,64,brier,0.24335303042882148
8541,chexpert,Atelectasis,clmbr,lr_lbfgs,1,64,auroc,0.630640004312277
8542,chexpert,Atelectasis,clmbr,lr_lbfgs,1,64,auprc,0.0584606048132099
8543,chexpert,Atelectasis,clmbr,lr_lbfgs,1,64,brier,0.246951822038117
8544,chexpert,Atelectasis,clmbr,lr_lbfgs,2,64,auroc,0.6101592421740685
8545,chexpert,Atelectasis,clmbr,lr_lbfgs,2,64,auprc,0.056119679948638555
8546,chexpert,Atelectasis,clmbr,lr_lbfgs,2,64,brier,0.25002133179063707
8547,chexpert,Atelectasis,clmbr,lr_lbfgs,3,64,auroc,0.6480216011030351
8548,chexpert,Atelectasis,clmbr,lr_lbfgs,3,64,auprc,0.07607532331746152
8549,chexpert,Atelectasis,clmbr,lr_lbfgs,3,64,brier,0.24999861940809726
8550,chexpert,Atelectasis,clmbr,lr_lbfgs,4,64,auroc,0.6378443438246493
8551,chexpert,Atelectasis,clmbr,lr_lbfgs,4,64,auprc,0.0591643295198265
8552,chexpert,Atelectasis,clmbr,lr_lbfgs,4,64,brier,0.23961494324529228
8553,chexpert,Atelectasis,clmbr,lr_lbfgs,0,128,auroc,0.658025799899002
8554,chexpert,Atelectasis,clmbr,lr_lbfgs,0,128,auprc,0.0657444345214776
8555,chexpert,Atelectasis,clmbr,lr_lbfgs,0,128,brier,0.2500080438837573
8556,chexpert,Atelectasis,clmbr,lr_lbfgs,1,128,auroc,0.6521917431244716
8557,chexpert,Atelectasis,clmbr,lr_lbfgs,1,128,auprc,0.06409618115565886
8558,chexpert,Atelectasis,clmbr,lr_lbfgs,1,128,brier,0.2338263200113383
8559,chexpert,Atelectasis,clmbr,lr_lbfgs,2,128,auroc,0.6378032069722709
8560,chexpert,Atelectasis,clmbr,lr_lbfgs,2,128,auprc,0.06069682288327811
8561,chexpert,Atelectasis,clmbr,lr_lbfgs,2,128,brier,0.24949632484445158
8562,chexpert,Atelectasis,clmbr,lr_lbfgs,3,128,auroc,0.6456807723514959
8563,chexpert,Atelectasis,clmbr,lr_lbfgs,3,128,auprc,0.06129856013668977
8564,chexpert,Atelectasis,clmbr,lr_lbfgs,3,128,brier,0.25000118922331377
8565,chexpert,Atelectasis,clmbr,lr_lbfgs,4,128,auroc,0.6582190012539647
8566,chexpert,Atelectasis,clmbr,lr_lbfgs,4,128,auprc,0.06454254908281057
8567,chexpert,Atelectasis,clmbr,lr_lbfgs,4,128,brier,0.2457295897273246
8568,chexpert,Pneumothorax,clmbr,lr_lbfgs,0,-1,auroc,0.8232089093952437
8569,chexpert,Pneumothorax,clmbr,lr_lbfgs,0,-1,auprc,0.18380266710546844
8570,chexpert,Pneumothorax,clmbr,lr_lbfgs,0,-1,brier,0.03902347641855149
8571,chexpert,Pneumothorax,clmbr,lr_lbfgs,0,1,auroc,0.589235929959567
8572,chexpert,Pneumothorax,clmbr,lr_lbfgs,0,1,auprc,0.05363107638335203
8573,chexpert,Pneumothorax,clmbr,lr_lbfgs,0,1,brier,0.2500009210037549
8574,chexpert,Pneumothorax,clmbr,lr_lbfgs,1,1,auroc,0.48438043454632407
8575,chexpert,Pneumothorax,clmbr,lr_lbfgs,1,1,auprc,0.043006277645728015
8576,chexpert,Pneumothorax,clmbr,lr_lbfgs,1,1,brier,0.24999987717170002
8577,chexpert,Pneumothorax,clmbr,lr_lbfgs,2,1,auroc,0.4963587180992131
8578,chexpert,Pneumothorax,clmbr,lr_lbfgs,2,1,auprc,0.04280827550464822
8579,chexpert,Pneumothorax,clmbr,lr_lbfgs,2,1,brier,0.24999853577100725
8580,chexpert,Pneumothorax,clmbr,lr_lbfgs,3,1,auroc,0.6205671764271119
8581,chexpert,Pneumothorax,clmbr,lr_lbfgs,3,1,auprc,0.05997191042443071
8582,chexpert,Pneumothorax,clmbr,lr_lbfgs,3,1,brier,0.25000243776843367
8583,chexpert,Pneumothorax,clmbr,lr_lbfgs,4,1,auroc,0.45090417264466753
8584,chexpert,Pneumothorax,clmbr,lr_lbfgs,4,1,auprc,0.04160244110599024
8585,chexpert,Pneumothorax,clmbr,lr_lbfgs,4,1,brier,0.2499995734049659
8586,chexpert,Pneumothorax,clmbr,lr_lbfgs,0,2,auroc,0.6532682002956394
8587,chexpert,Pneumothorax,clmbr,lr_lbfgs,0,2,auprc,0.06381340320577446
8588,chexpert,Pneumothorax,clmbr,lr_lbfgs,0,2,brier,0.249998287349252
8589,chexpert,Pneumothorax,clmbr,lr_lbfgs,1,2,auroc,0.6341203915047172
8590,chexpert,Pneumothorax,clmbr,lr_lbfgs,1,2,auprc,0.062170140381098304
8591,chexpert,Pneumothorax,clmbr,lr_lbfgs,1,2,brier,0.2500009458574159
8592,chexpert,Pneumothorax,clmbr,lr_lbfgs,2,2,auroc,0.589305220425199
8593,chexpert,Pneumothorax,clmbr,lr_lbfgs,2,2,auprc,0.05544499580208876
8594,chexpert,Pneumothorax,clmbr,lr_lbfgs,2,2,brier,0.24999968093971814
8595,chexpert,Pneumothorax,clmbr,lr_lbfgs,3,2,auroc,0.6540988707012738
8596,chexpert,Pneumothorax,clmbr,lr_lbfgs,3,2,auprc,0.07971487887208235
8597,chexpert,Pneumothorax,clmbr,lr_lbfgs,3,2,brier,0.4818259058156267
8598,chexpert,Pneumothorax,clmbr,lr_lbfgs,4,2,auroc,0.7206326627103169
8599,chexpert,Pneumothorax,clmbr,lr_lbfgs,4,2,auprc,0.08961803864405016
8600,chexpert,Pneumothorax,clmbr,lr_lbfgs,4,2,brier,0.25000034930061077
8601,chexpert,Pneumothorax,clmbr,lr_lbfgs,0,4,auroc,0.6295559160471285
8602,chexpert,Pneumothorax,clmbr,lr_lbfgs,0,4,auprc,0.05757099297475595
8603,chexpert,Pneumothorax,clmbr,lr_lbfgs,0,4,brier,0.24999967386519242
8604,chexpert,Pneumothorax,clmbr,lr_lbfgs,1,4,auroc,0.6357917862266858
8605,chexpert,Pneumothorax,clmbr,lr_lbfgs,1,4,auprc,0.06155927292354566
8606,chexpert,Pneumothorax,clmbr,lr_lbfgs,1,4,brier,0.25000196952321685
8607,chexpert,Pneumothorax,clmbr,lr_lbfgs,2,4,auroc,0.5466312605973653
8608,chexpert,Pneumothorax,clmbr,lr_lbfgs,2,4,auprc,0.051603391939233634
8609,chexpert,Pneumothorax,clmbr,lr_lbfgs,2,4,brier,0.3537583077044317
8610,chexpert,Pneumothorax,clmbr,lr_lbfgs,3,4,auroc,0.7152991989478719
8611,chexpert,Pneumothorax,clmbr,lr_lbfgs,3,4,auprc,0.1029892481876652
8612,chexpert,Pneumothorax,clmbr,lr_lbfgs,3,4,brier,0.3122016706128436
8613,chexpert,Pneumothorax,clmbr,lr_lbfgs,4,4,auroc,0.6797790041737316
8614,chexpert,Pneumothorax,clmbr,lr_lbfgs,4,4,auprc,0.06971615458558106
8615,chexpert,Pneumothorax,clmbr,lr_lbfgs,4,4,brier,0.2500025578902752
8616,chexpert,Pneumothorax,clmbr,lr_lbfgs,0,8,auroc,0.6492474511977739
8617,chexpert,Pneumothorax,clmbr,lr_lbfgs,0,8,auprc,0.06836868012261321
8618,chexpert,Pneumothorax,clmbr,lr_lbfgs,0,8,brier,0.21470897975544626
8619,chexpert,Pneumothorax,clmbr,lr_lbfgs,1,8,auroc,0.6823636744054606
8620,chexpert,Pneumothorax,clmbr,lr_lbfgs,1,8,auprc,0.07028929661925226
8621,chexpert,Pneumothorax,clmbr,lr_lbfgs,1,8,brier,0.24999986119989961
8622,chexpert,Pneumothorax,clmbr,lr_lbfgs,2,8,auroc,0.4843894015477588
8623,chexpert,Pneumothorax,clmbr,lr_lbfgs,2,8,auprc,0.04264191959366893
8624,chexpert,Pneumothorax,clmbr,lr_lbfgs,2,8,brier,0.2290042188697871
8625,chexpert,Pneumothorax,clmbr,lr_lbfgs,3,8,auroc,0.7269239652623799
8626,chexpert,Pneumothorax,clmbr,lr_lbfgs,3,8,auprc,0.09027070372799388
8627,chexpert,Pneumothorax,clmbr,lr_lbfgs,3,8,brier,0.24382941773089256
8628,chexpert,Pneumothorax,clmbr,lr_lbfgs,4,8,auroc,0.7625194285031086
8629,chexpert,Pneumothorax,clmbr,lr_lbfgs,4,8,auprc,0.1095475461773244
8630,chexpert,Pneumothorax,clmbr,lr_lbfgs,4,8,brier,0.25000077888912736
8631,chexpert,Pneumothorax,clmbr,lr_lbfgs,0,12,auroc,0.7340138743967655
8632,chexpert,Pneumothorax,clmbr,lr_lbfgs,0,12,auprc,0.09874547581265626
8633,chexpert,Pneumothorax,clmbr,lr_lbfgs,0,12,brier,0.2006606816890205
8634,chexpert,Pneumothorax,clmbr,lr_lbfgs,1,12,auroc,0.7172292780748664
8635,chexpert,Pneumothorax,clmbr,lr_lbfgs,1,12,auprc,0.10143612399464752
8636,chexpert,Pneumothorax,clmbr,lr_lbfgs,1,12,brier,0.19723880528219578
8637,chexpert,Pneumothorax,clmbr,lr_lbfgs,2,12,auroc,0.531716963392896
8638,chexpert,Pneumothorax,clmbr,lr_lbfgs,2,12,auprc,0.04674358505216075
8639,chexpert,Pneumothorax,clmbr,lr_lbfgs,2,12,brier,0.3708962035683007
8640,chexpert,Pneumothorax,clmbr,lr_lbfgs,3,12,auroc,0.7602412666840572
8641,chexpert,Pneumothorax,clmbr,lr_lbfgs,3,12,auprc,0.11938784972154848
8642,chexpert,Pneumothorax,clmbr,lr_lbfgs,3,12,brier,0.35286020642843763
8643,chexpert,Pneumothorax,clmbr,lr_lbfgs,4,12,auroc,0.7717899493500283
8644,chexpert,Pneumothorax,clmbr,lr_lbfgs,4,12,auprc,0.11250844238610914
8645,chexpert,Pneumothorax,clmbr,lr_lbfgs,4,12,brier,0.2499996204597754
8646,chexpert,Pneumothorax,clmbr,lr_lbfgs,0,16,auroc,0.7131237500543455
8647,chexpert,Pneumothorax,clmbr,lr_lbfgs,0,16,auprc,0.09816986202697942
8648,chexpert,Pneumothorax,clmbr,lr_lbfgs,0,16,brier,0.24369969021447127
8649,chexpert,Pneumothorax,clmbr,lr_lbfgs,1,16,auroc,0.676414476544498
8650,chexpert,Pneumothorax,clmbr,lr_lbfgs,1,16,auprc,0.07816982713451145
8651,chexpert,Pneumothorax,clmbr,lr_lbfgs,1,16,brier,0.13053896121633482
8652,chexpert,Pneumothorax,clmbr,lr_lbfgs,2,16,auroc,0.6696511836441894
8653,chexpert,Pneumothorax,clmbr,lr_lbfgs,2,16,auprc,0.07526686729051887
8654,chexpert,Pneumothorax,clmbr,lr_lbfgs,2,16,brier,0.29280103627367304
8655,chexpert,Pneumothorax,clmbr,lr_lbfgs,3,16,auroc,0.754743679622625
8656,chexpert,Pneumothorax,clmbr,lr_lbfgs,3,16,auprc,0.11682789333843303
8657,chexpert,Pneumothorax,clmbr,lr_lbfgs,3,16,brier,0.1955875029483274
8658,chexpert,Pneumothorax,clmbr,lr_lbfgs,4,16,auroc,0.7718144048084866
8659,chexpert,Pneumothorax,clmbr,lr_lbfgs,4,16,auprc,0.11510962263382432
8660,chexpert,Pneumothorax,clmbr,lr_lbfgs,4,16,brier,0.2500001132716931
8661,chexpert,Pneumothorax,clmbr,lr_lbfgs,0,24,auroc,0.7575960012608147
8662,chexpert,Pneumothorax,clmbr,lr_lbfgs,0,24,auprc,0.11613574432025707
8663,chexpert,Pneumothorax,clmbr,lr_lbfgs,0,24,brier,0.23001015343271872
8664,chexpert,Pneumothorax,clmbr,lr_lbfgs,1,24,auroc,0.7109368886135385
8665,chexpert,Pneumothorax,clmbr,lr_lbfgs,1,24,auprc,0.08995129074179839
8666,chexpert,Pneumothorax,clmbr,lr_lbfgs,1,24,brier,0.15130967488666916
8667,chexpert,Pneumothorax,clmbr,lr_lbfgs,2,24,auroc,0.7027369733924612
8668,chexpert,Pneumothorax,clmbr,lr_lbfgs,2,24,auprc,0.07923652780329571
8669,chexpert,Pneumothorax,clmbr,lr_lbfgs,2,24,brier,0.20896384422884715
8670,chexpert,Pneumothorax,clmbr,lr_lbfgs,3,24,auroc,0.7664075746706666
8671,chexpert,Pneumothorax,clmbr,lr_lbfgs,3,24,auprc,0.11485487761292106
8672,chexpert,Pneumothorax,clmbr,lr_lbfgs,3,24,brier,0.2456028260033747
8673,chexpert,Pneumothorax,clmbr,lr_lbfgs,4,24,auroc,0.7539638222251206
8674,chexpert,Pneumothorax,clmbr,lr_lbfgs,4,24,auprc,0.1056045079059185
8675,chexpert,Pneumothorax,clmbr,lr_lbfgs,4,24,brier,0.250001693726073
8676,chexpert,Pneumothorax,clmbr,lr_lbfgs,0,32,auroc,0.7687487772270771
8677,chexpert,Pneumothorax,clmbr,lr_lbfgs,0,32,auprc,0.12251082890492968
8678,chexpert,Pneumothorax,clmbr,lr_lbfgs,0,32,brier,0.1901066541584819
8679,chexpert,Pneumothorax,clmbr,lr_lbfgs,1,32,auroc,0.7468195676274945
8680,chexpert,Pneumothorax,clmbr,lr_lbfgs,1,32,auprc,0.11410511503392597
8681,chexpert,Pneumothorax,clmbr,lr_lbfgs,1,32,brier,0.17319540978094516
8682,chexpert,Pneumothorax,clmbr,lr_lbfgs,2,32,auroc,0.7523255782357289
8683,chexpert,Pneumothorax,clmbr,lr_lbfgs,2,32,auprc,0.12831136978227908
8684,chexpert,Pneumothorax,clmbr,lr_lbfgs,2,32,brier,0.14678320631431713
8685,chexpert,Pneumothorax,clmbr,lr_lbfgs,3,32,auroc,0.7703987054910656
8686,chexpert,Pneumothorax,clmbr,lr_lbfgs,3,32,auprc,0.11006792911253227
8687,chexpert,Pneumothorax,clmbr,lr_lbfgs,3,32,brier,0.25527807341373127
8688,chexpert,Pneumothorax,clmbr,lr_lbfgs,4,32,auroc,0.7731426079300899
8689,chexpert,Pneumothorax,clmbr,lr_lbfgs,4,32,auprc,0.11893418709082426
8690,chexpert,Pneumothorax,clmbr,lr_lbfgs,4,32,brier,0.1950699442875949
8691,chexpert,Pneumothorax,clmbr,lr_lbfgs,0,48,auroc,0.7612849713055954
8692,chexpert,Pneumothorax,clmbr,lr_lbfgs,0,48,auprc,0.12376777114889947
8693,chexpert,Pneumothorax,clmbr,lr_lbfgs,0,48,brier,0.18183766749117722
8694,chexpert,Pneumothorax,clmbr,lr_lbfgs,1,48,auroc,0.7661594876309726
8695,chexpert,Pneumothorax,clmbr,lr_lbfgs,1,48,auprc,0.12795221717805857
8696,chexpert,Pneumothorax,clmbr,lr_lbfgs,1,48,brier,0.19627658152174346
8697,chexpert,Pneumothorax,clmbr,lr_lbfgs,2,48,auroc,0.7695495576279292
8698,chexpert,Pneumothorax,clmbr,lr_lbfgs,2,48,auprc,0.15124013790098978
8699,chexpert,Pneumothorax,clmbr,lr_lbfgs,2,48,brier,0.12675138882486658
8700,chexpert,Pneumothorax,clmbr,lr_lbfgs,3,48,auroc,0.7929561486457111
8701,chexpert,Pneumothorax,clmbr,lr_lbfgs,3,48,auprc,0.1527573876215998
8702,chexpert,Pneumothorax,clmbr,lr_lbfgs,3,48,brier,0.1900511733197722
8703,chexpert,Pneumothorax,clmbr,lr_lbfgs,4,48,auroc,0.7931977142298161
8704,chexpert,Pneumothorax,clmbr,lr_lbfgs,4,48,auprc,0.144706621368072
8705,chexpert,Pneumothorax,clmbr,lr_lbfgs,4,48,brier,0.16191884950601215
8706,chexpert,Pneumothorax,clmbr,lr_lbfgs,0,64,auroc,0.7641554986739707
8707,chexpert,Pneumothorax,clmbr,lr_lbfgs,0,64,auprc,0.1162436423877872
8708,chexpert,Pneumothorax,clmbr,lr_lbfgs,0,64,brier,0.20483153955836308
8709,chexpert,Pneumothorax,clmbr,lr_lbfgs,1,64,auroc,0.7643144591539498
8710,chexpert,Pneumothorax,clmbr,lr_lbfgs,1,64,auprc,0.13379162717698553
8711,chexpert,Pneumothorax,clmbr,lr_lbfgs,1,64,brier,0.20659760709760808
8712,chexpert,Pneumothorax,clmbr,lr_lbfgs,2,64,auroc,0.7844559747402288
8713,chexpert,Pneumothorax,clmbr,lr_lbfgs,2,64,auprc,0.1453162517273043
8714,chexpert,Pneumothorax,clmbr,lr_lbfgs,2,64,brier,0.12838337499144856
8715,chexpert,Pneumothorax,clmbr,lr_lbfgs,3,64,auroc,0.8024372581626885
8716,chexpert,Pneumothorax,clmbr,lr_lbfgs,3,64,auprc,0.15372215935934974
8717,chexpert,Pneumothorax,clmbr,lr_lbfgs,3,64,brier,0.15393670496212883
8718,chexpert,Pneumothorax,clmbr,lr_lbfgs,4,64,auroc,0.8019302149906526
8719,chexpert,Pneumothorax,clmbr,lr_lbfgs,4,64,auprc,0.16150864872934617
8720,chexpert,Pneumothorax,clmbr,lr_lbfgs,4,64,brier,0.15217760915907058
8721,chexpert,Pneumothorax,clmbr,lr_lbfgs,0,128,auroc,0.7537738848310942
8722,chexpert,Pneumothorax,clmbr,lr_lbfgs,0,128,auprc,0.11233230022650034
8723,chexpert,Pneumothorax,clmbr,lr_lbfgs,0,128,brier,0.15916135709698936
8724,chexpert,Pneumothorax,clmbr,lr_lbfgs,1,128,auroc,0.7979648982652927
8725,chexpert,Pneumothorax,clmbr,lr_lbfgs,1,128,auprc,0.13885827081035754
8726,chexpert,Pneumothorax,clmbr,lr_lbfgs,1,128,brier,0.16069686481366546
8727,chexpert,Pneumothorax,clmbr,lr_lbfgs,2,128,auroc,0.7874047595756707
8728,chexpert,Pneumothorax,clmbr,lr_lbfgs,2,128,auprc,0.14146055992499534
8729,chexpert,Pneumothorax,clmbr,lr_lbfgs,2,128,brier,0.13999792845382586
8730,chexpert,Pneumothorax,clmbr,lr_lbfgs,3,128,auroc,0.803936377766184
8731,chexpert,Pneumothorax,clmbr,lr_lbfgs,3,128,auprc,0.15219476280649305
8732,chexpert,Pneumothorax,clmbr,lr_lbfgs,3,128,brier,0.1665012294608668
8733,chexpert,Pneumothorax,clmbr,lr_lbfgs,4,128,auroc,0.7885878603104213
8734,chexpert,Pneumothorax,clmbr,lr_lbfgs,4,128,auprc,0.15363210941550973
8735,chexpert,Pneumothorax,clmbr,lr_lbfgs,4,128,brier,0.1395682359298459
8736,chexpert,Pleural Effusion,clmbr,lr_lbfgs,0,-1,auroc,0.7544694999680439
8737,chexpert,Pleural Effusion,clmbr,lr_lbfgs,0,-1,auprc,0.298570503204058
8738,chexpert,Pleural Effusion,clmbr,lr_lbfgs,0,-1,brier,0.10158634011598447
8739,chexpert,Pleural Effusion,clmbr,lr_lbfgs,0,1,auroc,0.5665325012782412
8740,chexpert,Pleural Effusion,clmbr,lr_lbfgs,0,1,auprc,0.14996169049758754
8741,chexpert,Pleural Effusion,clmbr,lr_lbfgs,0,1,brier,0.24999702135926707
8742,chexpert,Pleural Effusion,clmbr,lr_lbfgs,1,1,auroc,0.4940264695778609
8743,chexpert,Pleural Effusion,clmbr,lr_lbfgs,1,1,auprc,0.12829885834131471
8744,chexpert,Pleural Effusion,clmbr,lr_lbfgs,1,1,brier,0.24999745340188081
8745,chexpert,Pleural Effusion,clmbr,lr_lbfgs,2,1,auroc,0.6254577201770364
8746,chexpert,Pleural Effusion,clmbr,lr_lbfgs,2,1,auprc,0.18147134082355598
8747,chexpert,Pleural Effusion,clmbr,lr_lbfgs,2,1,brier,0.24999633881901734
8748,chexpert,Pleural Effusion,clmbr,lr_lbfgs,3,1,auroc,0.49434383288594896
8749,chexpert,Pleural Effusion,clmbr,lr_lbfgs,3,1,auprc,0.1290344617395938
8750,chexpert,Pleural Effusion,clmbr,lr_lbfgs,3,1,brier,0.2499982043077248
8751,chexpert,Pleural Effusion,clmbr,lr_lbfgs,4,1,auroc,0.5633577697088806
8752,chexpert,Pleural Effusion,clmbr,lr_lbfgs,4,1,auprc,0.1452631021870291
8753,chexpert,Pleural Effusion,clmbr,lr_lbfgs,4,1,brier,0.2500043518272383
8754,chexpert,Pleural Effusion,clmbr,lr_lbfgs,0,2,auroc,0.5991043823698591
8755,chexpert,Pleural Effusion,clmbr,lr_lbfgs,0,2,auprc,0.15655483218843017
8756,chexpert,Pleural Effusion,clmbr,lr_lbfgs,0,2,brier,0.2499997471804062
8757,chexpert,Pleural Effusion,clmbr,lr_lbfgs,1,2,auroc,0.43600720408717597
8758,chexpert,Pleural Effusion,clmbr,lr_lbfgs,1,2,auprc,0.1094896971411729
8759,chexpert,Pleural Effusion,clmbr,lr_lbfgs,1,2,brier,0.2500024488394399
8760,chexpert,Pleural Effusion,clmbr,lr_lbfgs,2,2,auroc,0.5588315977215351
8761,chexpert,Pleural Effusion,clmbr,lr_lbfgs,2,2,auprc,0.1415938058395838
8762,chexpert,Pleural Effusion,clmbr,lr_lbfgs,2,2,brier,0.24999791775385471
8763,chexpert,Pleural Effusion,clmbr,lr_lbfgs,3,2,auroc,0.6448414481673217
8764,chexpert,Pleural Effusion,clmbr,lr_lbfgs,3,2,auprc,0.2059792640154316
8765,chexpert,Pleural Effusion,clmbr,lr_lbfgs,3,2,brier,0.24999889996322014
8766,chexpert,Pleural Effusion,clmbr,lr_lbfgs,4,2,auroc,0.615542962883073
8767,chexpert,Pleural Effusion,clmbr,lr_lbfgs,4,2,auprc,0.1634303328143072
8768,chexpert,Pleural Effusion,clmbr,lr_lbfgs,4,2,brier,0.21154410143378155
8769,chexpert,Pleural Effusion,clmbr,lr_lbfgs,0,4,auroc,0.6418863144313425
8770,chexpert,Pleural Effusion,clmbr,lr_lbfgs,0,4,auprc,0.17453762915117754
8771,chexpert,Pleural Effusion,clmbr,lr_lbfgs,0,4,brier,0.25000017470223695
8772,chexpert,Pleural Effusion,clmbr,lr_lbfgs,1,4,auroc,0.5259476460390503
8773,chexpert,Pleural Effusion,clmbr,lr_lbfgs,1,4,auprc,0.13396326036338865
8774,chexpert,Pleural Effusion,clmbr,lr_lbfgs,1,4,brier,0.5388164554470943
8775,chexpert,Pleural Effusion,clmbr,lr_lbfgs,2,4,auroc,0.5897023196082191
8776,chexpert,Pleural Effusion,clmbr,lr_lbfgs,2,4,auprc,0.15345664359659883
8777,chexpert,Pleural Effusion,clmbr,lr_lbfgs,2,4,brier,0.24999679061700839
8778,chexpert,Pleural Effusion,clmbr,lr_lbfgs,3,4,auroc,0.4252104604064807
8779,chexpert,Pleural Effusion,clmbr,lr_lbfgs,3,4,auprc,0.1057136497154001
8780,chexpert,Pleural Effusion,clmbr,lr_lbfgs,3,4,brier,0.24999991327587687
8781,chexpert,Pleural Effusion,clmbr,lr_lbfgs,4,4,auroc,0.700609511312434
8782,chexpert,Pleural Effusion,clmbr,lr_lbfgs,4,4,auprc,0.2571367819922525
8783,chexpert,Pleural Effusion,clmbr,lr_lbfgs,4,4,brier,0.2500019627619018
8784,chexpert,Pleural Effusion,clmbr,lr_lbfgs,0,8,auroc,0.6922659919950148
8785,chexpert,Pleural Effusion,clmbr,lr_lbfgs,0,8,auprc,0.25655549991013815
8786,chexpert,Pleural Effusion,clmbr,lr_lbfgs,0,8,brier,0.2499997496070519
8787,chexpert,Pleural Effusion,clmbr,lr_lbfgs,1,8,auroc,0.5180307397021698
8788,chexpert,Pleural Effusion,clmbr,lr_lbfgs,1,8,auprc,0.1349793941030772
8789,chexpert,Pleural Effusion,clmbr,lr_lbfgs,1,8,brier,0.2500027777656398
8790,chexpert,Pleural Effusion,clmbr,lr_lbfgs,2,8,auroc,0.6335283150385069
8791,chexpert,Pleural Effusion,clmbr,lr_lbfgs,2,8,auprc,0.18759865812924453
8792,chexpert,Pleural Effusion,clmbr,lr_lbfgs,2,8,brier,0.24999741694550978
8793,chexpert,Pleural Effusion,clmbr,lr_lbfgs,3,8,auroc,0.5731529914837183
8794,chexpert,Pleural Effusion,clmbr,lr_lbfgs,3,8,auprc,0.1560496971804876
8795,chexpert,Pleural Effusion,clmbr,lr_lbfgs,3,8,brier,0.2538063254117665
8796,chexpert,Pleural Effusion,clmbr,lr_lbfgs,4,8,auroc,0.7118566352698688
8797,chexpert,Pleural Effusion,clmbr,lr_lbfgs,4,8,auprc,0.2616448442643498
8798,chexpert,Pleural Effusion,clmbr,lr_lbfgs,4,8,brier,0.24093997331691558
8799,chexpert,Pleural Effusion,clmbr,lr_lbfgs,0,12,auroc,0.6985307716581983
8800,chexpert,Pleural Effusion,clmbr,lr_lbfgs,0,12,auprc,0.2666289332811543
8801,chexpert,Pleural Effusion,clmbr,lr_lbfgs,0,12,brier,0.249998608911217
8802,chexpert,Pleural Effusion,clmbr,lr_lbfgs,1,12,auroc,0.6242741487712907
8803,chexpert,Pleural Effusion,clmbr,lr_lbfgs,1,12,auprc,0.1824287867330182
8804,chexpert,Pleural Effusion,clmbr,lr_lbfgs,1,12,brier,0.2827000320558033
8805,chexpert,Pleural Effusion,clmbr,lr_lbfgs,2,12,auroc,0.6756358750359506
8806,chexpert,Pleural Effusion,clmbr,lr_lbfgs,2,12,auprc,0.23372121211485242
8807,chexpert,Pleural Effusion,clmbr,lr_lbfgs,2,12,brier,0.24999591971166224
8808,chexpert,Pleural Effusion,clmbr,lr_lbfgs,3,12,auroc,0.6185650045537341
8809,chexpert,Pleural Effusion,clmbr,lr_lbfgs,3,12,auprc,0.18265031149766403
8810,chexpert,Pleural Effusion,clmbr,lr_lbfgs,3,12,brier,0.29205706525973524
8811,chexpert,Pleural Effusion,clmbr,lr_lbfgs,4,12,auroc,0.701071275924328
8812,chexpert,Pleural Effusion,clmbr,lr_lbfgs,4,12,auprc,0.2431808687069851
8813,chexpert,Pleural Effusion,clmbr,lr_lbfgs,4,12,brier,0.3160011162155666
8814,chexpert,Pleural Effusion,clmbr,lr_lbfgs,0,16,auroc,0.7069571769245518
8815,chexpert,Pleural Effusion,clmbr,lr_lbfgs,0,16,auprc,0.26863494272634236
8816,chexpert,Pleural Effusion,clmbr,lr_lbfgs,0,16,brier,0.24999988456995303
8817,chexpert,Pleural Effusion,clmbr,lr_lbfgs,1,16,auroc,0.6518622874924105
8818,chexpert,Pleural Effusion,clmbr,lr_lbfgs,1,16,auprc,0.19747901163912274
8819,chexpert,Pleural Effusion,clmbr,lr_lbfgs,1,16,brier,0.24999876267861573
8820,chexpert,Pleural Effusion,clmbr,lr_lbfgs,2,16,auroc,0.666616186127888
8821,chexpert,Pleural Effusion,clmbr,lr_lbfgs,2,16,auprc,0.21761156134040577
8822,chexpert,Pleural Effusion,clmbr,lr_lbfgs,2,16,brier,0.227589353742017
8823,chexpert,Pleural Effusion,clmbr,lr_lbfgs,3,16,auroc,0.6778091845620426
8824,chexpert,Pleural Effusion,clmbr,lr_lbfgs,3,16,auprc,0.22100560302199002
8825,chexpert,Pleural Effusion,clmbr,lr_lbfgs,3,16,brier,0.2808027444127781
8826,chexpert,Pleural Effusion,clmbr,lr_lbfgs,4,16,auroc,0.6960969206372032
8827,chexpert,Pleural Effusion,clmbr,lr_lbfgs,4,16,auprc,0.25432120494237315
8828,chexpert,Pleural Effusion,clmbr,lr_lbfgs,4,16,brier,0.22517817250634503
8829,chexpert,Pleural Effusion,clmbr,lr_lbfgs,0,24,auroc,0.7183421112549131
8830,chexpert,Pleural Effusion,clmbr,lr_lbfgs,0,24,auprc,0.28632393617263285
8831,chexpert,Pleural Effusion,clmbr,lr_lbfgs,0,24,brier,0.2500001333422983
8832,chexpert,Pleural Effusion,clmbr,lr_lbfgs,1,24,auroc,0.5940977714664621
8833,chexpert,Pleural Effusion,clmbr,lr_lbfgs,1,24,auprc,0.17198785196551927
8834,chexpert,Pleural Effusion,clmbr,lr_lbfgs,1,24,brier,0.4458308624796446
8835,chexpert,Pleural Effusion,clmbr,lr_lbfgs,2,24,auroc,0.6925410135653343
8836,chexpert,Pleural Effusion,clmbr,lr_lbfgs,2,24,auprc,0.2473066122496237
8837,chexpert,Pleural Effusion,clmbr,lr_lbfgs,2,24,brier,0.24999547844841555
8838,chexpert,Pleural Effusion,clmbr,lr_lbfgs,3,24,auroc,0.6596856225833253
8839,chexpert,Pleural Effusion,clmbr,lr_lbfgs,3,24,auprc,0.20287789285440722
8840,chexpert,Pleural Effusion,clmbr,lr_lbfgs,3,24,brier,0.36558280470566884
8841,chexpert,Pleural Effusion,clmbr,lr_lbfgs,4,24,auroc,0.6868794039401783
8842,chexpert,Pleural Effusion,clmbr,lr_lbfgs,4,24,auprc,0.22231976722889712
8843,chexpert,Pleural Effusion,clmbr,lr_lbfgs,4,24,brier,0.32647705775895086
8844,chexpert,Pleural Effusion,clmbr,lr_lbfgs,0,32,auroc,0.7172579031252995
8845,chexpert,Pleural Effusion,clmbr,lr_lbfgs,0,32,auprc,0.2822050354789412
8846,chexpert,Pleural Effusion,clmbr,lr_lbfgs,0,32,brier,0.2430360245222503
8847,chexpert,Pleural Effusion,clmbr,lr_lbfgs,1,32,auroc,0.6065888836960343
8848,chexpert,Pleural Effusion,clmbr,lr_lbfgs,1,32,auprc,0.17874773838893268
8849,chexpert,Pleural Effusion,clmbr,lr_lbfgs,1,32,brier,0.5147268503549138
8850,chexpert,Pleural Effusion,clmbr,lr_lbfgs,2,32,auroc,0.6994624896142907
8851,chexpert,Pleural Effusion,clmbr,lr_lbfgs,2,32,auprc,0.2605787645226713
8852,chexpert,Pleural Effusion,clmbr,lr_lbfgs,2,32,brier,0.249997743372887
8853,chexpert,Pleural Effusion,clmbr,lr_lbfgs,3,32,auroc,0.6904063508612149
8854,chexpert,Pleural Effusion,clmbr,lr_lbfgs,3,32,auprc,0.22707737828862692
8855,chexpert,Pleural Effusion,clmbr,lr_lbfgs,3,32,brier,0.23681122573992147
8856,chexpert,Pleural Effusion,clmbr,lr_lbfgs,4,32,auroc,0.7044746928226759
8857,chexpert,Pleural Effusion,clmbr,lr_lbfgs,4,32,auprc,0.23738179600124537
8858,chexpert,Pleural Effusion,clmbr,lr_lbfgs,4,32,brier,0.2537977567533589
8859,chexpert,Pleural Effusion,clmbr,lr_lbfgs,0,48,auroc,0.7199383148787268
8860,chexpert,Pleural Effusion,clmbr,lr_lbfgs,0,48,auprc,0.27675024778016194
8861,chexpert,Pleural Effusion,clmbr,lr_lbfgs,0,48,brier,0.2698814782299756
8862,chexpert,Pleural Effusion,clmbr,lr_lbfgs,1,48,auroc,0.7147882014348257
8863,chexpert,Pleural Effusion,clmbr,lr_lbfgs,1,48,auprc,0.26771783262686366
8864,chexpert,Pleural Effusion,clmbr,lr_lbfgs,1,48,brier,0.23469076684507983
8865,chexpert,Pleural Effusion,clmbr,lr_lbfgs,2,48,auroc,0.7139445622822996
8866,chexpert,Pleural Effusion,clmbr,lr_lbfgs,2,48,auprc,0.2636749449303778
8867,chexpert,Pleural Effusion,clmbr,lr_lbfgs,2,48,brier,0.2240357299939512
8868,chexpert,Pleural Effusion,clmbr,lr_lbfgs,3,48,auroc,0.7082372155913462
8869,chexpert,Pleural Effusion,clmbr,lr_lbfgs,3,48,auprc,0.2512657895559511
8870,chexpert,Pleural Effusion,clmbr,lr_lbfgs,3,48,brier,0.23004899596358797
8871,chexpert,Pleural Effusion,clmbr,lr_lbfgs,4,48,auroc,0.7176287927811331
8872,chexpert,Pleural Effusion,clmbr,lr_lbfgs,4,48,auprc,0.27031130667098024
8873,chexpert,Pleural Effusion,clmbr,lr_lbfgs,4,48,brier,0.2104575282833349
8874,chexpert,Pleural Effusion,clmbr,lr_lbfgs,0,64,auroc,0.7247533893362734
8875,chexpert,Pleural Effusion,clmbr,lr_lbfgs,0,64,auprc,0.28543475595375856
8876,chexpert,Pleural Effusion,clmbr,lr_lbfgs,0,64,brier,0.24489988436899757
8877,chexpert,Pleural Effusion,clmbr,lr_lbfgs,1,64,auroc,0.7034729711916402
8878,chexpert,Pleural Effusion,clmbr,lr_lbfgs,1,64,auprc,0.2430096466535912
8879,chexpert,Pleural Effusion,clmbr,lr_lbfgs,1,64,brier,0.27473171871044055
8880,chexpert,Pleural Effusion,clmbr,lr_lbfgs,2,64,auroc,0.7296290803853898
8881,chexpert,Pleural Effusion,clmbr,lr_lbfgs,2,64,auprc,0.2784225522535526
8882,chexpert,Pleural Effusion,clmbr,lr_lbfgs,2,64,brier,0.2273087623671898
8883,chexpert,Pleural Effusion,clmbr,lr_lbfgs,3,64,auroc,0.7123619399706006
8884,chexpert,Pleural Effusion,clmbr,lr_lbfgs,3,64,auprc,0.26034132746246824
8885,chexpert,Pleural Effusion,clmbr,lr_lbfgs,3,64,brier,0.2143014710737749
8886,chexpert,Pleural Effusion,clmbr,lr_lbfgs,4,64,auroc,0.7256548489278754
8887,chexpert,Pleural Effusion,clmbr,lr_lbfgs,4,64,auprc,0.28523717652234315
8888,chexpert,Pleural Effusion,clmbr,lr_lbfgs,4,64,brier,0.2394669880759796
8889,chexpert,Pleural Effusion,clmbr,lr_lbfgs,0,128,auroc,0.7035153129294092
8890,chexpert,Pleural Effusion,clmbr,lr_lbfgs,0,128,auprc,0.24353342963949842
8891,chexpert,Pleural Effusion,clmbr,lr_lbfgs,0,128,brier,0.23969019569956446
8892,chexpert,Pleural Effusion,clmbr,lr_lbfgs,1,128,auroc,0.7174268706260186
8893,chexpert,Pleural Effusion,clmbr,lr_lbfgs,1,128,auprc,0.2734235234580734
8894,chexpert,Pleural Effusion,clmbr,lr_lbfgs,1,128,brier,0.22875174443516677
8895,chexpert,Pleural Effusion,clmbr,lr_lbfgs,2,128,auroc,0.7390710881826607
8896,chexpert,Pleural Effusion,clmbr,lr_lbfgs,2,128,auprc,0.2796770353074942
8897,chexpert,Pleural Effusion,clmbr,lr_lbfgs,2,128,brier,0.22527896521421562
8898,chexpert,Pleural Effusion,clmbr,lr_lbfgs,3,128,auroc,0.7105563244974914
8899,chexpert,Pleural Effusion,clmbr,lr_lbfgs,3,128,auprc,0.25156379819785835
8900,chexpert,Pleural Effusion,clmbr,lr_lbfgs,3,128,brier,0.23273564734210617
8901,chexpert,Pleural Effusion,clmbr,lr_lbfgs,4,128,auroc,0.7164915576167193
8902,chexpert,Pleural Effusion,clmbr,lr_lbfgs,4,128,auprc,0.2648099410185275
8903,chexpert,Pleural Effusion,clmbr,lr_lbfgs,4,128,brier,0.2525201693431469
8904,chexpert,Pleural Other,clmbr,lr_lbfgs,0,-1,auroc,0.7139264457304544
8905,chexpert,Pleural Other,clmbr,lr_lbfgs,0,-1,auprc,0.06328193294915693
8906,chexpert,Pleural Other,clmbr,lr_lbfgs,0,-1,brier,0.015400264919795622
8907,chexpert,Pleural Other,clmbr,lr_lbfgs,0,1,auroc,0.5184869348481922
8908,chexpert,Pleural Other,clmbr,lr_lbfgs,0,1,auprc,0.01719652802607877
8909,chexpert,Pleural Other,clmbr,lr_lbfgs,0,1,brier,0.24999676462362216
8910,chexpert,Pleural Other,clmbr,lr_lbfgs,1,1,auroc,0.5475349909697224
8911,chexpert,Pleural Other,clmbr,lr_lbfgs,1,1,auprc,0.022347734507126724
8912,chexpert,Pleural Other,clmbr,lr_lbfgs,1,1,brier,0.25000230276449953
8913,chexpert,Pleural Other,clmbr,lr_lbfgs,2,1,auroc,0.44687686925300757
8914,chexpert,Pleural Other,clmbr,lr_lbfgs,2,1,auprc,0.016986997097029298
8915,chexpert,Pleural Other,clmbr,lr_lbfgs,2,1,brier,0.25000550639907626
8916,chexpert,Pleural Other,clmbr,lr_lbfgs,3,1,auroc,0.506861492104203
8917,chexpert,Pleural Other,clmbr,lr_lbfgs,3,1,auprc,0.016946355976765533
8918,chexpert,Pleural Other,clmbr,lr_lbfgs,3,1,brier,0.2500024817793305
8919,chexpert,Pleural Other,clmbr,lr_lbfgs,4,1,auroc,0.46315885404800183
8920,chexpert,Pleural Other,clmbr,lr_lbfgs,4,1,auprc,0.014196945494825586
8921,chexpert,Pleural Other,clmbr,lr_lbfgs,4,1,brier,0.2500074310251788
8922,chexpert,Pleural Other,clmbr,lr_lbfgs,0,2,auroc,0.4392533909650933
8923,chexpert,Pleural Other,clmbr,lr_lbfgs,0,2,auprc,0.01706819053869837
8924,chexpert,Pleural Other,clmbr,lr_lbfgs,0,2,brier,0.2500079813682792
8925,chexpert,Pleural Other,clmbr,lr_lbfgs,1,2,auroc,0.5400214527861499
8926,chexpert,Pleural Other,clmbr,lr_lbfgs,1,2,auprc,0.02279643416238292
8927,chexpert,Pleural Other,clmbr,lr_lbfgs,1,2,brier,0.2500013299714209
8928,chexpert,Pleural Other,clmbr,lr_lbfgs,2,2,auroc,0.5117010265657242
8929,chexpert,Pleural Other,clmbr,lr_lbfgs,2,2,auprc,0.015616278466632171
8930,chexpert,Pleural Other,clmbr,lr_lbfgs,2,2,brier,0.2500037854950244
8931,chexpert,Pleural Other,clmbr,lr_lbfgs,3,2,auroc,0.5434411686633092
8932,chexpert,Pleural Other,clmbr,lr_lbfgs,3,2,auprc,0.020281480518808848
8933,chexpert,Pleural Other,clmbr,lr_lbfgs,3,2,brier,0.2499979673702967
8934,chexpert,Pleural Other,clmbr,lr_lbfgs,4,2,auroc,0.588033453616487
8935,chexpert,Pleural Other,clmbr,lr_lbfgs,4,2,auprc,0.02703174674388801
8936,chexpert,Pleural Other,clmbr,lr_lbfgs,4,2,brier,0.25000196363991034
8937,chexpert,Pleural Other,clmbr,lr_lbfgs,0,4,auroc,0.5712842233780399
8938,chexpert,Pleural Other,clmbr,lr_lbfgs,0,4,auprc,0.02906828410479035
8939,chexpert,Pleural Other,clmbr,lr_lbfgs,0,4,brier,0.06773362713608269
8940,chexpert,Pleural Other,clmbr,lr_lbfgs,1,4,auroc,0.5082567188231202
8941,chexpert,Pleural Other,clmbr,lr_lbfgs,1,4,auprc,0.020157145813892642
8942,chexpert,Pleural Other,clmbr,lr_lbfgs,1,4,brier,0.25000059802720276
8943,chexpert,Pleural Other,clmbr,lr_lbfgs,2,4,auroc,0.5288950802526597
8944,chexpert,Pleural Other,clmbr,lr_lbfgs,2,4,auprc,0.01858913880886843
8945,chexpert,Pleural Other,clmbr,lr_lbfgs,2,4,brier,0.2652104827131675
8946,chexpert,Pleural Other,clmbr,lr_lbfgs,3,4,auroc,0.6042604683593102
8947,chexpert,Pleural Other,clmbr,lr_lbfgs,3,4,auprc,0.023002625724480728
8948,chexpert,Pleural Other,clmbr,lr_lbfgs,3,4,brier,0.24999611440595473
8949,chexpert,Pleural Other,clmbr,lr_lbfgs,4,4,auroc,0.5635211500892179
8950,chexpert,Pleural Other,clmbr,lr_lbfgs,4,4,auprc,0.0274535499650098
8951,chexpert,Pleural Other,clmbr,lr_lbfgs,4,4,brier,0.08885349039807275
8952,chexpert,Pleural Other,clmbr,lr_lbfgs,0,8,auroc,0.6173650394807934
8953,chexpert,Pleural Other,clmbr,lr_lbfgs,0,8,auprc,0.028837798171549557
8954,chexpert,Pleural Other,clmbr,lr_lbfgs,0,8,brier,0.2185912325926451
8955,chexpert,Pleural Other,clmbr,lr_lbfgs,1,8,auroc,0.5059219381861763
8956,chexpert,Pleural Other,clmbr,lr_lbfgs,1,8,auprc,0.024759249009159177
8957,chexpert,Pleural Other,clmbr,lr_lbfgs,1,8,brier,0.2983679558257377
8958,chexpert,Pleural Other,clmbr,lr_lbfgs,2,8,auroc,0.6258846742771258
8959,chexpert,Pleural Other,clmbr,lr_lbfgs,2,8,auprc,0.039272546349048504
8960,chexpert,Pleural Other,clmbr,lr_lbfgs,2,8,brier,0.2451517591061589
8961,chexpert,Pleural Other,clmbr,lr_lbfgs,3,8,auroc,0.576424646546181
8962,chexpert,Pleural Other,clmbr,lr_lbfgs,3,8,auprc,0.021772922146031014
8963,chexpert,Pleural Other,clmbr,lr_lbfgs,3,8,brier,0.2499976206060184
8964,chexpert,Pleural Other,clmbr,lr_lbfgs,4,8,auroc,0.6338842634483147
8965,chexpert,Pleural Other,clmbr,lr_lbfgs,4,8,auprc,0.030927026078239356
8966,chexpert,Pleural Other,clmbr,lr_lbfgs,4,8,brier,0.16826039605359086
8967,chexpert,Pleural Other,clmbr,lr_lbfgs,0,12,auroc,0.6602279376610677
8968,chexpert,Pleural Other,clmbr,lr_lbfgs,0,12,auprc,0.034284664817465935
8969,chexpert,Pleural Other,clmbr,lr_lbfgs,0,12,brier,0.24836886839416142
8970,chexpert,Pleural Other,clmbr,lr_lbfgs,1,12,auroc,0.481987543496862
8971,chexpert,Pleural Other,clmbr,lr_lbfgs,1,12,auprc,0.017832419251291413
8972,chexpert,Pleural Other,clmbr,lr_lbfgs,1,12,brier,0.4701016967069949
8973,chexpert,Pleural Other,clmbr,lr_lbfgs,2,12,auroc,0.619709222889819
8974,chexpert,Pleural Other,clmbr,lr_lbfgs,2,12,auprc,0.03264436926560002
8975,chexpert,Pleural Other,clmbr,lr_lbfgs,2,12,brier,0.255562060722466
8976,chexpert,Pleural Other,clmbr,lr_lbfgs,3,12,auroc,0.5693378495570933
8977,chexpert,Pleural Other,clmbr,lr_lbfgs,3,12,auprc,0.01931332147681032
8978,chexpert,Pleural Other,clmbr,lr_lbfgs,3,12,brier,0.24999791988502604
8979,chexpert,Pleural Other,clmbr,lr_lbfgs,4,12,auroc,0.6531541598948626
8980,chexpert,Pleural Other,clmbr,lr_lbfgs,4,12,auprc,0.04140869516996917
8981,chexpert,Pleural Other,clmbr,lr_lbfgs,4,12,brier,0.2531110611134198
8982,chexpert,Pleural Other,clmbr,lr_lbfgs,0,16,auroc,0.6380800696673083
8983,chexpert,Pleural Other,clmbr,lr_lbfgs,0,16,auprc,0.03249485011245221
8984,chexpert,Pleural Other,clmbr,lr_lbfgs,0,16,brier,0.19462188398601654
8985,chexpert,Pleural Other,clmbr,lr_lbfgs,1,16,auroc,0.49406431930078093
8986,chexpert,Pleural Other,clmbr,lr_lbfgs,1,16,auprc,0.01580880623123092
8987,chexpert,Pleural Other,clmbr,lr_lbfgs,1,16,brier,0.5389107602249541
8988,chexpert,Pleural Other,clmbr,lr_lbfgs,2,16,auroc,0.6804496839583645
8989,chexpert,Pleural Other,clmbr,lr_lbfgs,2,16,auprc,0.03351240985987615
8990,chexpert,Pleural Other,clmbr,lr_lbfgs,2,16,brier,0.234605999948664
8991,chexpert,Pleural Other,clmbr,lr_lbfgs,3,16,auroc,0.600196300949463
8992,chexpert,Pleural Other,clmbr,lr_lbfgs,3,16,auprc,0.02184872186286908
8993,chexpert,Pleural Other,clmbr,lr_lbfgs,3,16,brier,0.24999832137837474
8994,chexpert,Pleural Other,clmbr,lr_lbfgs,4,16,auroc,0.6182243081910441
8995,chexpert,Pleural Other,clmbr,lr_lbfgs,4,16,auprc,0.03164215194476643
8996,chexpert,Pleural Other,clmbr,lr_lbfgs,4,16,brier,0.2718667827000199
8997,chexpert,Pleural Other,clmbr,lr_lbfgs,0,24,auroc,0.6450005099195629
8998,chexpert,Pleural Other,clmbr,lr_lbfgs,0,24,auprc,0.03370535033500124
8999,chexpert,Pleural Other,clmbr,lr_lbfgs,0,24,brier,0.2431578542597744
9000,chexpert,Pleural Other,clmbr,lr_lbfgs,1,24,auroc,0.4763950639786311
9001,chexpert,Pleural Other,clmbr,lr_lbfgs,1,24,auprc,0.015090623572349119
9002,chexpert,Pleural Other,clmbr,lr_lbfgs,1,24,brier,0.5929481645910376
9003,chexpert,Pleural Other,clmbr,lr_lbfgs,2,24,auroc,0.6641308113652029
9004,chexpert,Pleural Other,clmbr,lr_lbfgs,2,24,auprc,0.030943576979150116
9005,chexpert,Pleural Other,clmbr,lr_lbfgs,2,24,brier,0.21017824813443448
9006,chexpert,Pleural Other,clmbr,lr_lbfgs,3,24,auroc,0.6114051285612095
9007,chexpert,Pleural Other,clmbr,lr_lbfgs,3,24,auprc,0.025606039352462508
9008,chexpert,Pleural Other,clmbr,lr_lbfgs,3,24,brier,0.2499968812063352
9009,chexpert,Pleural Other,clmbr,lr_lbfgs,4,24,auroc,0.6478929472699775
9010,chexpert,Pleural Other,clmbr,lr_lbfgs,4,24,auprc,0.04266268191357679
9011,chexpert,Pleural Other,clmbr,lr_lbfgs,4,24,brier,0.24336378582344437
9012,chexpert,Pleural Other,clmbr,lr_lbfgs,0,32,auroc,0.5924397372720822
9013,chexpert,Pleural Other,clmbr,lr_lbfgs,0,32,auprc,0.026531296953635805
9014,chexpert,Pleural Other,clmbr,lr_lbfgs,0,32,brier,0.25774623578606937
9015,chexpert,Pleural Other,clmbr,lr_lbfgs,1,32,auroc,0.4496289883123543
9016,chexpert,Pleural Other,clmbr,lr_lbfgs,1,32,auprc,0.014039716821642697
9017,chexpert,Pleural Other,clmbr,lr_lbfgs,1,32,brier,0.617290529664346
9018,chexpert,Pleural Other,clmbr,lr_lbfgs,2,32,auroc,0.6836495196268402
9019,chexpert,Pleural Other,clmbr,lr_lbfgs,2,32,auprc,0.03708994006114608
9020,chexpert,Pleural Other,clmbr,lr_lbfgs,2,32,brier,0.30890931195573046
9021,chexpert,Pleural Other,clmbr,lr_lbfgs,3,32,auroc,0.5973479842988172
9022,chexpert,Pleural Other,clmbr,lr_lbfgs,3,32,auprc,0.02559070823731271
9023,chexpert,Pleural Other,clmbr,lr_lbfgs,3,32,brier,0.2499975186203326
9024,chexpert,Pleural Other,clmbr,lr_lbfgs,4,32,auroc,0.6650110554900979
9025,chexpert,Pleural Other,clmbr,lr_lbfgs,4,32,auprc,0.0427107367308653
9026,chexpert,Pleural Other,clmbr,lr_lbfgs,4,32,brier,0.23248506715381573
9027,chexpert,Pleural Other,clmbr,lr_lbfgs,0,48,auroc,0.5760026067377372
9028,chexpert,Pleural Other,clmbr,lr_lbfgs,0,48,auprc,0.026143562548615315
9029,chexpert,Pleural Other,clmbr,lr_lbfgs,0,48,brier,0.3016985581835564
9030,chexpert,Pleural Other,clmbr,lr_lbfgs,1,48,auroc,0.545081229101435
9031,chexpert,Pleural Other,clmbr,lr_lbfgs,1,48,auprc,0.018389889295691204
9032,chexpert,Pleural Other,clmbr,lr_lbfgs,1,48,brier,0.557124795813591
9033,chexpert,Pleural Other,clmbr,lr_lbfgs,2,48,auroc,0.616678637118817
9034,chexpert,Pleural Other,clmbr,lr_lbfgs,2,48,auprc,0.02751518093618999
9035,chexpert,Pleural Other,clmbr,lr_lbfgs,2,48,brier,0.46755509462346734
9036,chexpert,Pleural Other,clmbr,lr_lbfgs,3,48,auroc,0.5673075740775699
9037,chexpert,Pleural Other,clmbr,lr_lbfgs,3,48,auprc,0.021613461721983564
9038,chexpert,Pleural Other,clmbr,lr_lbfgs,3,48,brier,0.5121576726744085
9039,chexpert,Pleural Other,clmbr,lr_lbfgs,4,48,auroc,0.6981457010164396
9040,chexpert,Pleural Other,clmbr,lr_lbfgs,4,48,auprc,0.04188379959666843
9041,chexpert,Pleural Other,clmbr,lr_lbfgs,4,48,brier,0.24297010654441112
9042,chexpert,Pleural Other,clmbr,lr_lbfgs,0,64,auroc,0.5489316642689598
9043,chexpert,Pleural Other,clmbr,lr_lbfgs,0,64,auprc,0.021495092451693353
9044,chexpert,Pleural Other,clmbr,lr_lbfgs,0,64,brier,0.335420440549844
9045,chexpert,Pleural Other,clmbr,lr_lbfgs,1,64,auroc,0.5922878463384521
9046,chexpert,Pleural Other,clmbr,lr_lbfgs,1,64,auprc,0.02408451801397055
9047,chexpert,Pleural Other,clmbr,lr_lbfgs,1,64,brier,0.2827214847116653
9048,chexpert,Pleural Other,clmbr,lr_lbfgs,2,64,auroc,0.660481089217118
9049,chexpert,Pleural Other,clmbr,lr_lbfgs,2,64,auprc,0.044920753685865386
9050,chexpert,Pleural Other,clmbr,lr_lbfgs,2,64,brier,0.3353146699193224
9051,chexpert,Pleural Other,clmbr,lr_lbfgs,3,64,auroc,0.591698364857935
9052,chexpert,Pleural Other,clmbr,lr_lbfgs,3,64,auprc,0.024790182430705576
9053,chexpert,Pleural Other,clmbr,lr_lbfgs,3,64,brier,0.4192326207826185
9054,chexpert,Pleural Other,clmbr,lr_lbfgs,4,64,auroc,0.6648974989349552
9055,chexpert,Pleural Other,clmbr,lr_lbfgs,4,64,auprc,0.05911269810029356
9056,chexpert,Pleural Other,clmbr,lr_lbfgs,4,64,brier,0.25000170720238496
9057,chexpert,Pleural Other,clmbr,lr_lbfgs,0,128,auroc,0.631760683538133
9058,chexpert,Pleural Other,clmbr,lr_lbfgs,0,128,auprc,0.038900681806422664
9059,chexpert,Pleural Other,clmbr,lr_lbfgs,0,128,brier,0.20477296441600995
9060,chexpert,Pleural Other,clmbr,lr_lbfgs,1,128,auroc,0.6712501564114972
9061,chexpert,Pleural Other,clmbr,lr_lbfgs,1,128,auprc,0.04016985376687228
9062,chexpert,Pleural Other,clmbr,lr_lbfgs,1,128,brier,0.19654418956225053
9063,chexpert,Pleural Other,clmbr,lr_lbfgs,2,128,auroc,0.6210111451780777
9064,chexpert,Pleural Other,clmbr,lr_lbfgs,2,128,auprc,0.02982367705700441
9065,chexpert,Pleural Other,clmbr,lr_lbfgs,2,128,brier,0.2787647913305836
9066,chexpert,Pleural Other,clmbr,lr_lbfgs,3,128,auroc,0.6601158276862454
9067,chexpert,Pleural Other,clmbr,lr_lbfgs,3,128,auprc,0.03875492515681971
9068,chexpert,Pleural Other,clmbr,lr_lbfgs,3,128,brier,0.23806193731756464
9069,chexpert,Pleural Other,clmbr,lr_lbfgs,4,128,auroc,0.6670333747778595
9070,chexpert,Pleural Other,clmbr,lr_lbfgs,4,128,auprc,0.03807380994179531
9071,chexpert,Pleural Other,clmbr,lr_lbfgs,4,128,brier,0.2649695697843521
9072,chexpert,Fracture,clmbr,lr_lbfgs,0,-1,auroc,0.7338521219308662
9073,chexpert,Fracture,clmbr,lr_lbfgs,0,-1,auprc,0.09423283700854951
9074,chexpert,Fracture,clmbr,lr_lbfgs,0,-1,brier,0.026217447557274606
9075,chexpert,Fracture,clmbr,lr_lbfgs,0,1,auroc,0.6045112788216658
9076,chexpert,Fracture,clmbr,lr_lbfgs,0,1,auprc,0.04108225895229546
9077,chexpert,Fracture,clmbr,lr_lbfgs,0,1,brier,0.25000273267544154
9078,chexpert,Fracture,clmbr,lr_lbfgs,1,1,auroc,0.5336519963422739
9079,chexpert,Fracture,clmbr,lr_lbfgs,1,1,auprc,0.03331100196923284
9080,chexpert,Fracture,clmbr,lr_lbfgs,1,1,brier,0.2500026222804084
9081,chexpert,Fracture,clmbr,lr_lbfgs,2,1,auroc,0.5111851299109054
9082,chexpert,Fracture,clmbr,lr_lbfgs,2,1,auprc,0.028488890362451478
9083,chexpert,Fracture,clmbr,lr_lbfgs,2,1,brier,0.24999930227390693
9084,chexpert,Fracture,clmbr,lr_lbfgs,3,1,auroc,0.46741150917846075
9085,chexpert,Fracture,clmbr,lr_lbfgs,3,1,auprc,0.026430084250876947
9086,chexpert,Fracture,clmbr,lr_lbfgs,3,1,brier,0.25000071910394384
9087,chexpert,Fracture,clmbr,lr_lbfgs,4,1,auroc,0.4266014627573192
9088,chexpert,Fracture,clmbr,lr_lbfgs,4,1,auprc,0.024320116593692043
9089,chexpert,Fracture,clmbr,lr_lbfgs,4,1,brier,0.25000049504691874
9090,chexpert,Fracture,clmbr,lr_lbfgs,0,2,auroc,0.569392277800634
9091,chexpert,Fracture,clmbr,lr_lbfgs,0,2,auprc,0.03658699682652534
9092,chexpert,Fracture,clmbr,lr_lbfgs,0,2,brier,0.25000071118929074
9093,chexpert,Fracture,clmbr,lr_lbfgs,1,2,auroc,0.5624016236572931
9094,chexpert,Fracture,clmbr,lr_lbfgs,1,2,auprc,0.040299935389276946
9095,chexpert,Fracture,clmbr,lr_lbfgs,1,2,brier,0.25000006903295463
9096,chexpert,Fracture,clmbr,lr_lbfgs,2,2,auroc,0.5471169589571816
9097,chexpert,Fracture,clmbr,lr_lbfgs,2,2,auprc,0.030723581775650727
9098,chexpert,Fracture,clmbr,lr_lbfgs,2,2,brier,0.2499947709788301
9099,chexpert,Fracture,clmbr,lr_lbfgs,3,2,auroc,0.4881540309107838
9100,chexpert,Fracture,clmbr,lr_lbfgs,3,2,auprc,0.03364018587093393
9101,chexpert,Fracture,clmbr,lr_lbfgs,3,2,brier,0.25000531045282287
9102,chexpert,Fracture,clmbr,lr_lbfgs,4,2,auroc,0.4336400037976391
9103,chexpert,Fracture,clmbr,lr_lbfgs,4,2,auprc,0.02306760994860269
9104,chexpert,Fracture,clmbr,lr_lbfgs,4,2,brier,0.2500001658292517
9105,chexpert,Fracture,clmbr,lr_lbfgs,0,4,auroc,0.6071925286446925
9106,chexpert,Fracture,clmbr,lr_lbfgs,0,4,auprc,0.0459268082565146
9107,chexpert,Fracture,clmbr,lr_lbfgs,0,4,brier,0.24999931588868718
9108,chexpert,Fracture,clmbr,lr_lbfgs,1,4,auroc,0.5058034755060604
9109,chexpert,Fracture,clmbr,lr_lbfgs,1,4,auprc,0.029304945758477835
9110,chexpert,Fracture,clmbr,lr_lbfgs,1,4,brier,0.2500009177536488
9111,chexpert,Fracture,clmbr,lr_lbfgs,2,4,auroc,0.5706531606184823
9112,chexpert,Fracture,clmbr,lr_lbfgs,2,4,auprc,0.032410322298378605
9113,chexpert,Fracture,clmbr,lr_lbfgs,2,4,brier,0.24999569392328577
9114,chexpert,Fracture,clmbr,lr_lbfgs,3,4,auroc,0.44481055943555087
9115,chexpert,Fracture,clmbr,lr_lbfgs,3,4,auprc,0.026978495382566477
9116,chexpert,Fracture,clmbr,lr_lbfgs,3,4,brier,0.3506767565354811
9117,chexpert,Fracture,clmbr,lr_lbfgs,4,4,auroc,0.4726478372611693
9118,chexpert,Fracture,clmbr,lr_lbfgs,4,4,auprc,0.026994512362212435
9119,chexpert,Fracture,clmbr,lr_lbfgs,4,4,brier,0.2894054636019266
9120,chexpert,Fracture,clmbr,lr_lbfgs,0,8,auroc,0.6660696766843279
9121,chexpert,Fracture,clmbr,lr_lbfgs,0,8,auprc,0.05123863301559451
9122,chexpert,Fracture,clmbr,lr_lbfgs,0,8,brier,0.2462326447898311
9123,chexpert,Fracture,clmbr,lr_lbfgs,1,8,auroc,0.5897354644529317
9124,chexpert,Fracture,clmbr,lr_lbfgs,1,8,auprc,0.035710873347980635
9125,chexpert,Fracture,clmbr,lr_lbfgs,1,8,brier,0.31891831845484914
9126,chexpert,Fracture,clmbr,lr_lbfgs,2,8,auroc,0.6105562708516206
9127,chexpert,Fracture,clmbr,lr_lbfgs,2,8,auprc,0.03546398391517056
9128,chexpert,Fracture,clmbr,lr_lbfgs,2,8,brier,0.29742849005208705
9129,chexpert,Fracture,clmbr,lr_lbfgs,3,8,auroc,0.4258848249338328
9130,chexpert,Fracture,clmbr,lr_lbfgs,3,8,auprc,0.023973883236164548
9131,chexpert,Fracture,clmbr,lr_lbfgs,3,8,brier,0.29931294106093453
9132,chexpert,Fracture,clmbr,lr_lbfgs,4,8,auroc,0.649156857486929
9133,chexpert,Fracture,clmbr,lr_lbfgs,4,8,auprc,0.04635573044772166
9134,chexpert,Fracture,clmbr,lr_lbfgs,4,8,brier,0.19751114663572722
9135,chexpert,Fracture,clmbr,lr_lbfgs,0,12,auroc,0.6697274027979273
9136,chexpert,Fracture,clmbr,lr_lbfgs,0,12,auprc,0.05650709938272165
9137,chexpert,Fracture,clmbr,lr_lbfgs,0,12,brier,0.2382942729706936
9138,chexpert,Fracture,clmbr,lr_lbfgs,1,12,auroc,0.6255773494144474
9139,chexpert,Fracture,clmbr,lr_lbfgs,1,12,auprc,0.05877915233926215
9140,chexpert,Fracture,clmbr,lr_lbfgs,1,12,brier,0.22926308805662315
9141,chexpert,Fracture,clmbr,lr_lbfgs,2,12,auroc,0.6207107914579769
9142,chexpert,Fracture,clmbr,lr_lbfgs,2,12,auprc,0.03743052034615745
9143,chexpert,Fracture,clmbr,lr_lbfgs,2,12,brier,0.24999780676776145
9144,chexpert,Fracture,clmbr,lr_lbfgs,3,12,auroc,0.5537116092828958
9145,chexpert,Fracture,clmbr,lr_lbfgs,3,12,auprc,0.03254114567188567
9146,chexpert,Fracture,clmbr,lr_lbfgs,3,12,brier,0.4516376263137517
9147,chexpert,Fracture,clmbr,lr_lbfgs,4,12,auroc,0.6603857102168151
9148,chexpert,Fracture,clmbr,lr_lbfgs,4,12,auprc,0.048003861212430145
9149,chexpert,Fracture,clmbr,lr_lbfgs,4,12,brier,0.2100638771775805
9150,chexpert,Fracture,clmbr,lr_lbfgs,0,16,auroc,0.6926881288798796
9151,chexpert,Fracture,clmbr,lr_lbfgs,0,16,auprc,0.06043853767476677
9152,chexpert,Fracture,clmbr,lr_lbfgs,0,16,brier,0.2499978538707298
9153,chexpert,Fracture,clmbr,lr_lbfgs,1,16,auroc,0.636891982151096
9154,chexpert,Fracture,clmbr,lr_lbfgs,1,16,auprc,0.05448944439734583
9155,chexpert,Fracture,clmbr,lr_lbfgs,1,16,brier,0.3400852003840099
9156,chexpert,Fracture,clmbr,lr_lbfgs,2,16,auroc,0.6175331835375675
9157,chexpert,Fracture,clmbr,lr_lbfgs,2,16,auprc,0.03751542044965715
9158,chexpert,Fracture,clmbr,lr_lbfgs,2,16,brier,0.226447115710344
9159,chexpert,Fracture,clmbr,lr_lbfgs,3,16,auroc,0.5394621343731314
9160,chexpert,Fracture,clmbr,lr_lbfgs,3,16,auprc,0.03209634420508993
9161,chexpert,Fracture,clmbr,lr_lbfgs,3,16,brier,0.31373864088408954
9162,chexpert,Fracture,clmbr,lr_lbfgs,4,16,auroc,0.6760684607735524
9163,chexpert,Fracture,clmbr,lr_lbfgs,4,16,auprc,0.045466418178830556
9164,chexpert,Fracture,clmbr,lr_lbfgs,4,16,brier,0.24999735811663717
9165,chexpert,Fracture,clmbr,lr_lbfgs,0,24,auroc,0.6908496884436841
9166,chexpert,Fracture,clmbr,lr_lbfgs,0,24,auprc,0.06201219196281747
9167,chexpert,Fracture,clmbr,lr_lbfgs,0,24,brier,0.2499958955752445
9168,chexpert,Fracture,clmbr,lr_lbfgs,1,24,auroc,0.6616045358468818
9169,chexpert,Fracture,clmbr,lr_lbfgs,1,24,auprc,0.06551563604466297
9170,chexpert,Fracture,clmbr,lr_lbfgs,1,24,brier,0.35755904559501
9171,chexpert,Fracture,clmbr,lr_lbfgs,2,24,auroc,0.6452268006722487
9172,chexpert,Fracture,clmbr,lr_lbfgs,2,24,auprc,0.04191658938797954
9173,chexpert,Fracture,clmbr,lr_lbfgs,2,24,brier,0.2499967442065289
9174,chexpert,Fracture,clmbr,lr_lbfgs,3,24,auroc,0.655249320006063
9175,chexpert,Fracture,clmbr,lr_lbfgs,3,24,auprc,0.04947070015008987
9176,chexpert,Fracture,clmbr,lr_lbfgs,3,24,brier,0.2500011936610246
9177,chexpert,Fracture,clmbr,lr_lbfgs,4,24,auroc,0.6741034323662123
9178,chexpert,Fracture,clmbr,lr_lbfgs,4,24,auprc,0.05148087259162734
9179,chexpert,Fracture,clmbr,lr_lbfgs,4,24,brier,0.24999661696292874
9180,chexpert,Fracture,clmbr,lr_lbfgs,0,32,auroc,0.6971961597207068
9181,chexpert,Fracture,clmbr,lr_lbfgs,0,32,auprc,0.06560513286025432
9182,chexpert,Fracture,clmbr,lr_lbfgs,0,32,brier,0.2494453392996297
9183,chexpert,Fracture,clmbr,lr_lbfgs,1,32,auroc,0.705246988122384
9184,chexpert,Fracture,clmbr,lr_lbfgs,1,32,auprc,0.07658226725630679
9185,chexpert,Fracture,clmbr,lr_lbfgs,1,32,brier,0.3001478586915823
9186,chexpert,Fracture,clmbr,lr_lbfgs,2,32,auroc,0.6073199494314367
9187,chexpert,Fracture,clmbr,lr_lbfgs,2,32,auprc,0.0462120216693604
9188,chexpert,Fracture,clmbr,lr_lbfgs,2,32,brier,0.2254300029842799
9189,chexpert,Fracture,clmbr,lr_lbfgs,3,32,auroc,0.6702808087638852
9190,chexpert,Fracture,clmbr,lr_lbfgs,3,32,auprc,0.05931569803535006
9191,chexpert,Fracture,clmbr,lr_lbfgs,3,32,brier,0.24999994991534322
9192,chexpert,Fracture,clmbr,lr_lbfgs,4,32,auroc,0.7116117813425986
9193,chexpert,Fracture,clmbr,lr_lbfgs,4,32,auprc,0.06435642991937657
9194,chexpert,Fracture,clmbr,lr_lbfgs,4,32,brier,0.206365707666268
9195,chexpert,Fracture,clmbr,lr_lbfgs,0,48,auroc,0.7083746271068152
9196,chexpert,Fracture,clmbr,lr_lbfgs,0,48,auprc,0.06520941755545978
9197,chexpert,Fracture,clmbr,lr_lbfgs,0,48,brier,0.2499977372061825
9198,chexpert,Fracture,clmbr,lr_lbfgs,1,48,auroc,0.6993065144501835
9199,chexpert,Fracture,clmbr,lr_lbfgs,1,48,auprc,0.06372306060222517
9200,chexpert,Fracture,clmbr,lr_lbfgs,1,48,brier,0.3167969464718049
9201,chexpert,Fracture,clmbr,lr_lbfgs,2,48,auroc,0.6691057059527994
9202,chexpert,Fracture,clmbr,lr_lbfgs,2,48,auprc,0.04684151123500031
9203,chexpert,Fracture,clmbr,lr_lbfgs,2,48,brier,0.24999640558699454
9204,chexpert,Fracture,clmbr,lr_lbfgs,3,48,auroc,0.5939998967308656
9205,chexpert,Fracture,clmbr,lr_lbfgs,3,48,auprc,0.05492730020234768
9206,chexpert,Fracture,clmbr,lr_lbfgs,3,48,brier,0.23860675882866286
9207,chexpert,Fracture,clmbr,lr_lbfgs,4,48,auroc,0.6638360652461053
9208,chexpert,Fracture,clmbr,lr_lbfgs,4,48,auprc,0.06094300548100233
9209,chexpert,Fracture,clmbr,lr_lbfgs,4,48,brier,0.26088045768348717
9210,chexpert,Fracture,clmbr,lr_lbfgs,0,64,auroc,0.6916737594795236
9211,chexpert,Fracture,clmbr,lr_lbfgs,0,64,auprc,0.05331710789558952
9212,chexpert,Fracture,clmbr,lr_lbfgs,0,64,brier,0.23960409793873794
9213,chexpert,Fracture,clmbr,lr_lbfgs,1,64,auroc,0.6925602916853357
9214,chexpert,Fracture,clmbr,lr_lbfgs,1,64,auprc,0.05875564564973032
9215,chexpert,Fracture,clmbr,lr_lbfgs,1,64,brier,0.3061650505564624
9216,chexpert,Fracture,clmbr,lr_lbfgs,2,64,auroc,0.662529793978077
9217,chexpert,Fracture,clmbr,lr_lbfgs,2,64,auprc,0.04504927684175479
9218,chexpert,Fracture,clmbr,lr_lbfgs,2,64,brier,0.24154329329766047
9219,chexpert,Fracture,clmbr,lr_lbfgs,3,64,auroc,0.6632431005391648
9220,chexpert,Fracture,clmbr,lr_lbfgs,3,64,auprc,0.06317463421485647
9221,chexpert,Fracture,clmbr,lr_lbfgs,3,64,brier,0.1642808044339637
9222,chexpert,Fracture,clmbr,lr_lbfgs,4,64,auroc,0.6983029716526227
9223,chexpert,Fracture,clmbr,lr_lbfgs,4,64,auprc,0.07640471380657081
9224,chexpert,Fracture,clmbr,lr_lbfgs,4,64,brier,0.2080656373925957
9225,chexpert,Fracture,clmbr,lr_lbfgs,0,128,auroc,0.6988946871361637
9226,chexpert,Fracture,clmbr,lr_lbfgs,0,128,auprc,0.059001931987705446
9227,chexpert,Fracture,clmbr,lr_lbfgs,0,128,brier,0.24999249094823536
9228,chexpert,Fracture,clmbr,lr_lbfgs,1,128,auroc,0.7263309642505575
9229,chexpert,Fracture,clmbr,lr_lbfgs,1,128,auprc,0.07591422617085312
9230,chexpert,Fracture,clmbr,lr_lbfgs,1,128,brier,0.1784448106539437
9231,chexpert,Fracture,clmbr,lr_lbfgs,2,128,auroc,0.6830707743352882
9232,chexpert,Fracture,clmbr,lr_lbfgs,2,128,auprc,0.06051143599607871
9233,chexpert,Fracture,clmbr,lr_lbfgs,2,128,brier,0.15288388163766772
9234,chexpert,Fracture,clmbr,lr_lbfgs,3,128,auroc,0.7118241493205058
9235,chexpert,Fracture,clmbr,lr_lbfgs,3,128,auprc,0.06662263009195013
9236,chexpert,Fracture,clmbr,lr_lbfgs,3,128,brier,0.18908661569012805
9237,chexpert,Fracture,clmbr,lr_lbfgs,4,128,auroc,0.7152062134706257
9238,chexpert,Fracture,clmbr,lr_lbfgs,4,128,auprc,0.06825080772938172
9239,chexpert,Fracture,clmbr,lr_lbfgs,4,128,brier,0.19461975994974204
9240,chexpert,Support Devices,clmbr,lr_lbfgs,0,-1,auroc,0.752266888710339
9241,chexpert,Support Devices,clmbr,lr_lbfgs,0,-1,auprc,0.5253627647182327
9242,chexpert,Support Devices,clmbr,lr_lbfgs,0,-1,brier,0.15264122105179526
9243,chexpert,Support Devices,clmbr,lr_lbfgs,0,1,auroc,0.5802899267655314
9244,chexpert,Support Devices,clmbr,lr_lbfgs,0,1,auprc,0.2923052406928214
9245,chexpert,Support Devices,clmbr,lr_lbfgs,0,1,brier,0.24999937818003257
9246,chexpert,Support Devices,clmbr,lr_lbfgs,1,1,auroc,0.5383003826873531
9247,chexpert,Support Devices,clmbr,lr_lbfgs,1,1,auprc,0.2569757621582923
9248,chexpert,Support Devices,clmbr,lr_lbfgs,1,1,brier,0.24999961410950491
9249,chexpert,Support Devices,clmbr,lr_lbfgs,2,1,auroc,0.5785051995397306
9250,chexpert,Support Devices,clmbr,lr_lbfgs,2,1,auprc,0.2873577451261982
9251,chexpert,Support Devices,clmbr,lr_lbfgs,2,1,brier,0.25000311478367027
9252,chexpert,Support Devices,clmbr,lr_lbfgs,3,1,auroc,0.6093090887862312
9253,chexpert,Support Devices,clmbr,lr_lbfgs,3,1,auprc,0.307341238492622
9254,chexpert,Support Devices,clmbr,lr_lbfgs,3,1,brier,0.25000001155502544
9255,chexpert,Support Devices,clmbr,lr_lbfgs,4,1,auroc,0.6428675895612845
9256,chexpert,Support Devices,clmbr,lr_lbfgs,4,1,auprc,0.3617914143604179
9257,chexpert,Support Devices,clmbr,lr_lbfgs,4,1,brier,0.2499981693059961
9258,chexpert,Support Devices,clmbr,lr_lbfgs,0,2,auroc,0.615895428491542
9259,chexpert,Support Devices,clmbr,lr_lbfgs,0,2,auprc,0.33380667208477593
9260,chexpert,Support Devices,clmbr,lr_lbfgs,0,2,brier,0.24999698852844512
9261,chexpert,Support Devices,clmbr,lr_lbfgs,1,2,auroc,0.43382768776030345
9262,chexpert,Support Devices,clmbr,lr_lbfgs,1,2,auprc,0.20437695701773378
9263,chexpert,Support Devices,clmbr,lr_lbfgs,1,2,brier,0.25000005771901607
9264,chexpert,Support Devices,clmbr,lr_lbfgs,2,2,auroc,0.6383632779914061
9265,chexpert,Support Devices,clmbr,lr_lbfgs,2,2,auprc,0.3129728844136412
9266,chexpert,Support Devices,clmbr,lr_lbfgs,2,2,brier,0.24999914752587368
9267,chexpert,Support Devices,clmbr,lr_lbfgs,3,2,auroc,0.6389172605669181
9268,chexpert,Support Devices,clmbr,lr_lbfgs,3,2,auprc,0.33500722938042893
9269,chexpert,Support Devices,clmbr,lr_lbfgs,3,2,brier,0.25000007374656164
9270,chexpert,Support Devices,clmbr,lr_lbfgs,4,2,auroc,0.6461169447077457
9271,chexpert,Support Devices,clmbr,lr_lbfgs,4,2,auprc,0.3602562953807026
9272,chexpert,Support Devices,clmbr,lr_lbfgs,4,2,brier,0.24999733421332732
9273,chexpert,Support Devices,clmbr,lr_lbfgs,0,4,auroc,0.6612706879308305
9274,chexpert,Support Devices,clmbr,lr_lbfgs,0,4,auprc,0.39584561168514504
9275,chexpert,Support Devices,clmbr,lr_lbfgs,0,4,brier,0.24999700976594713
9276,chexpert,Support Devices,clmbr,lr_lbfgs,1,4,auroc,0.4252285139716987
9277,chexpert,Support Devices,clmbr,lr_lbfgs,1,4,auprc,0.20063989871859825
9278,chexpert,Support Devices,clmbr,lr_lbfgs,1,4,brier,0.3175602472346922
9279,chexpert,Support Devices,clmbr,lr_lbfgs,2,4,auroc,0.616378680734895
9280,chexpert,Support Devices,clmbr,lr_lbfgs,2,4,auprc,0.29117327810050725
9281,chexpert,Support Devices,clmbr,lr_lbfgs,2,4,brier,0.2499996858897997
9282,chexpert,Support Devices,clmbr,lr_lbfgs,3,4,auroc,0.6573588273881857
9283,chexpert,Support Devices,clmbr,lr_lbfgs,3,4,auprc,0.36382677221632603
9284,chexpert,Support Devices,clmbr,lr_lbfgs,3,4,brier,0.24999845916040878
9285,chexpert,Support Devices,clmbr,lr_lbfgs,4,4,auroc,0.6617417113852175
9286,chexpert,Support Devices,clmbr,lr_lbfgs,4,4,auprc,0.3627846409592696
9287,chexpert,Support Devices,clmbr,lr_lbfgs,4,4,brier,0.2418253169600978
9288,chexpert,Support Devices,clmbr,lr_lbfgs,0,8,auroc,0.6622693313955721
9289,chexpert,Support Devices,clmbr,lr_lbfgs,0,8,auprc,0.37558996753662466
9290,chexpert,Support Devices,clmbr,lr_lbfgs,0,8,brier,0.2241603588213153
9291,chexpert,Support Devices,clmbr,lr_lbfgs,1,8,auroc,0.5952658302134047
9292,chexpert,Support Devices,clmbr,lr_lbfgs,1,8,auprc,0.29568181245708774
9293,chexpert,Support Devices,clmbr,lr_lbfgs,1,8,brier,0.3185741666171167
9294,chexpert,Support Devices,clmbr,lr_lbfgs,2,8,auroc,0.6604628504446762
9295,chexpert,Support Devices,clmbr,lr_lbfgs,2,8,auprc,0.3703776557928355
9296,chexpert,Support Devices,clmbr,lr_lbfgs,2,8,brier,0.33215596691177945
9297,chexpert,Support Devices,clmbr,lr_lbfgs,3,8,auroc,0.6685284434564457
9298,chexpert,Support Devices,clmbr,lr_lbfgs,3,8,auprc,0.398173620263468
9299,chexpert,Support Devices,clmbr,lr_lbfgs,3,8,brier,0.22891558057774458
9300,chexpert,Support Devices,clmbr,lr_lbfgs,4,8,auroc,0.6341590940863973
9301,chexpert,Support Devices,clmbr,lr_lbfgs,4,8,auprc,0.33527174347719074
9302,chexpert,Support Devices,clmbr,lr_lbfgs,4,8,brier,0.2499987931221513
9303,chexpert,Support Devices,clmbr,lr_lbfgs,0,12,auroc,0.6966982269792279
9304,chexpert,Support Devices,clmbr,lr_lbfgs,0,12,auprc,0.4608525322253826
9305,chexpert,Support Devices,clmbr,lr_lbfgs,0,12,brier,0.2263442667188383
9306,chexpert,Support Devices,clmbr,lr_lbfgs,1,12,auroc,0.6278183748308173
9307,chexpert,Support Devices,clmbr,lr_lbfgs,1,12,auprc,0.3458272741369472
9308,chexpert,Support Devices,clmbr,lr_lbfgs,1,12,brier,0.24999864742690187
9309,chexpert,Support Devices,clmbr,lr_lbfgs,2,12,auroc,0.6424766370215833
9310,chexpert,Support Devices,clmbr,lr_lbfgs,2,12,auprc,0.3470355182291072
9311,chexpert,Support Devices,clmbr,lr_lbfgs,2,12,brier,0.3852455502399599
9312,chexpert,Support Devices,clmbr,lr_lbfgs,3,12,auroc,0.6880051557557498
9313,chexpert,Support Devices,clmbr,lr_lbfgs,3,12,auprc,0.4444503361437222
9314,chexpert,Support Devices,clmbr,lr_lbfgs,3,12,brier,0.24999732002955322
9315,chexpert,Support Devices,clmbr,lr_lbfgs,4,12,auroc,0.6540592666106436
9316,chexpert,Support Devices,clmbr,lr_lbfgs,4,12,auprc,0.3926604897941965
9317,chexpert,Support Devices,clmbr,lr_lbfgs,4,12,brier,0.23562758267050024
9318,chexpert,Support Devices,clmbr,lr_lbfgs,0,16,auroc,0.6909148701152057
9319,chexpert,Support Devices,clmbr,lr_lbfgs,0,16,auprc,0.45947965749373104
9320,chexpert,Support Devices,clmbr,lr_lbfgs,0,16,brier,0.214947850127095
9321,chexpert,Support Devices,clmbr,lr_lbfgs,1,16,auroc,0.6538860356754946
9322,chexpert,Support Devices,clmbr,lr_lbfgs,1,16,auprc,0.3921891677824703
9323,chexpert,Support Devices,clmbr,lr_lbfgs,1,16,brier,0.249997963225351
9324,chexpert,Support Devices,clmbr,lr_lbfgs,2,16,auroc,0.6702440995325101
9325,chexpert,Support Devices,clmbr,lr_lbfgs,2,16,auprc,0.4103436881183411
9326,chexpert,Support Devices,clmbr,lr_lbfgs,2,16,brier,0.2478356014679703
9327,chexpert,Support Devices,clmbr,lr_lbfgs,3,16,auroc,0.673482823621227
9328,chexpert,Support Devices,clmbr,lr_lbfgs,3,16,auprc,0.41413417596435637
9329,chexpert,Support Devices,clmbr,lr_lbfgs,3,16,brier,0.24999738708111577
9330,chexpert,Support Devices,clmbr,lr_lbfgs,4,16,auroc,0.6516142462318892
9331,chexpert,Support Devices,clmbr,lr_lbfgs,4,16,auprc,0.3957348112525217
9332,chexpert,Support Devices,clmbr,lr_lbfgs,4,16,brier,0.24753645249834347
9333,chexpert,Support Devices,clmbr,lr_lbfgs,0,24,auroc,0.6958823393857645
9334,chexpert,Support Devices,clmbr,lr_lbfgs,0,24,auprc,0.4596080188627073
9335,chexpert,Support Devices,clmbr,lr_lbfgs,0,24,brier,0.24154473244208285
9336,chexpert,Support Devices,clmbr,lr_lbfgs,1,24,auroc,0.6720269217710851
9337,chexpert,Support Devices,clmbr,lr_lbfgs,1,24,auprc,0.42603121004990996
9338,chexpert,Support Devices,clmbr,lr_lbfgs,1,24,brier,0.24960829617427738
9339,chexpert,Support Devices,clmbr,lr_lbfgs,2,24,auroc,0.695852658455762
9340,chexpert,Support Devices,clmbr,lr_lbfgs,2,24,auprc,0.435149696397893
9341,chexpert,Support Devices,clmbr,lr_lbfgs,2,24,brier,0.3263495410311912
9342,chexpert,Support Devices,clmbr,lr_lbfgs,3,24,auroc,0.6701043595018151
9343,chexpert,Support Devices,clmbr,lr_lbfgs,3,24,auprc,0.3983697301157795
9344,chexpert,Support Devices,clmbr,lr_lbfgs,3,24,brier,0.24999664882417813
9345,chexpert,Support Devices,clmbr,lr_lbfgs,4,24,auroc,0.5978400824675114
9346,chexpert,Support Devices,clmbr,lr_lbfgs,4,24,auprc,0.2984533544644715
9347,chexpert,Support Devices,clmbr,lr_lbfgs,4,24,brier,0.2634536979774114
9348,chexpert,Support Devices,clmbr,lr_lbfgs,0,32,auroc,0.6940533672953635
9349,chexpert,Support Devices,clmbr,lr_lbfgs,0,32,auprc,0.46314089974180916
9350,chexpert,Support Devices,clmbr,lr_lbfgs,0,32,brier,0.2235907211061565
9351,chexpert,Support Devices,clmbr,lr_lbfgs,1,32,auroc,0.667859731488978
9352,chexpert,Support Devices,clmbr,lr_lbfgs,1,32,auprc,0.4151739896789799
9353,chexpert,Support Devices,clmbr,lr_lbfgs,1,32,brier,0.2499495583772222
9354,chexpert,Support Devices,clmbr,lr_lbfgs,2,32,auroc,0.6918290181788014
9355,chexpert,Support Devices,clmbr,lr_lbfgs,2,32,auprc,0.4475252685152877
9356,chexpert,Support Devices,clmbr,lr_lbfgs,2,32,brier,0.236819320376421
9357,chexpert,Support Devices,clmbr,lr_lbfgs,3,32,auroc,0.6750433768663883
9358,chexpert,Support Devices,clmbr,lr_lbfgs,3,32,auprc,0.4032704100574901
9359,chexpert,Support Devices,clmbr,lr_lbfgs,3,32,brier,0.24999540951367857
9360,chexpert,Support Devices,clmbr,lr_lbfgs,4,32,auroc,0.6234540490964369
9361,chexpert,Support Devices,clmbr,lr_lbfgs,4,32,auprc,0.3387781460013608
9362,chexpert,Support Devices,clmbr,lr_lbfgs,4,32,brier,0.36759383554336167
9363,chexpert,Support Devices,clmbr,lr_lbfgs,0,48,auroc,0.7079874885355103
9364,chexpert,Support Devices,clmbr,lr_lbfgs,0,48,auprc,0.4804944893265034
9365,chexpert,Support Devices,clmbr,lr_lbfgs,0,48,brier,0.2251975813170501
9366,chexpert,Support Devices,clmbr,lr_lbfgs,1,48,auroc,0.6869305586067784
9367,chexpert,Support Devices,clmbr,lr_lbfgs,1,48,auprc,0.463086389775097
9368,chexpert,Support Devices,clmbr,lr_lbfgs,1,48,brier,0.24888707025014506
9369,chexpert,Support Devices,clmbr,lr_lbfgs,2,48,auroc,0.6866252690410386
9370,chexpert,Support Devices,clmbr,lr_lbfgs,2,48,auprc,0.4484074282720143
9371,chexpert,Support Devices,clmbr,lr_lbfgs,2,48,brier,0.24027743981506672
9372,chexpert,Support Devices,clmbr,lr_lbfgs,3,48,auroc,0.6900195875702655
9373,chexpert,Support Devices,clmbr,lr_lbfgs,3,48,auprc,0.43641499664404204
9374,chexpert,Support Devices,clmbr,lr_lbfgs,3,48,brier,0.24266620479296677
9375,chexpert,Support Devices,clmbr,lr_lbfgs,4,48,auroc,0.664600667052785
9376,chexpert,Support Devices,clmbr,lr_lbfgs,4,48,auprc,0.38700247415468214
9377,chexpert,Support Devices,clmbr,lr_lbfgs,4,48,brier,0.3339429412793415
9378,chexpert,Support Devices,clmbr,lr_lbfgs,0,64,auroc,0.7121532039887974
9379,chexpert,Support Devices,clmbr,lr_lbfgs,0,64,auprc,0.48157273763603
9380,chexpert,Support Devices,clmbr,lr_lbfgs,0,64,brier,0.2229205300574081
9381,chexpert,Support Devices,clmbr,lr_lbfgs,1,64,auroc,0.6837623190454171
9382,chexpert,Support Devices,clmbr,lr_lbfgs,1,64,auprc,0.45635632453575126
9383,chexpert,Support Devices,clmbr,lr_lbfgs,1,64,brier,0.23934947952620614
9384,chexpert,Support Devices,clmbr,lr_lbfgs,2,64,auroc,0.6896680867014993
9385,chexpert,Support Devices,clmbr,lr_lbfgs,2,64,auprc,0.45752182884727266
9386,chexpert,Support Devices,clmbr,lr_lbfgs,2,64,brier,0.24876374683497185
9387,chexpert,Support Devices,clmbr,lr_lbfgs,3,64,auroc,0.6953384962583901
9388,chexpert,Support Devices,clmbr,lr_lbfgs,3,64,auprc,0.4483927167335864
9389,chexpert,Support Devices,clmbr,lr_lbfgs,3,64,brier,0.2417437030745957
9390,chexpert,Support Devices,clmbr,lr_lbfgs,4,64,auroc,0.7094063967627507
9391,chexpert,Support Devices,clmbr,lr_lbfgs,4,64,auprc,0.4723710035658083
9392,chexpert,Support Devices,clmbr,lr_lbfgs,4,64,brier,0.24999485562581605
9393,chexpert,Support Devices,clmbr,lr_lbfgs,0,128,auroc,0.7186246299485499
9394,chexpert,Support Devices,clmbr,lr_lbfgs,0,128,auprc,0.4814049096431303
9395,chexpert,Support Devices,clmbr,lr_lbfgs,0,128,brier,0.22082012604856455
9396,chexpert,Support Devices,clmbr,lr_lbfgs,1,128,auroc,0.6830856798730418
9397,chexpert,Support Devices,clmbr,lr_lbfgs,1,128,auprc,0.44214419421785744
9398,chexpert,Support Devices,clmbr,lr_lbfgs,1,128,brier,0.22334063163147588
9399,chexpert,Support Devices,clmbr,lr_lbfgs,2,128,auroc,0.7015668827188469
9400,chexpert,Support Devices,clmbr,lr_lbfgs,2,128,auprc,0.443619432704599
9401,chexpert,Support Devices,clmbr,lr_lbfgs,2,128,brier,0.24999343318820264
9402,chexpert,Support Devices,clmbr,lr_lbfgs,3,128,auroc,0.7146456646945952
9403,chexpert,Support Devices,clmbr,lr_lbfgs,3,128,auprc,0.45905835079250384
9404,chexpert,Support Devices,clmbr,lr_lbfgs,3,128,brier,0.22354699708929793
9405,chexpert,Support Devices,clmbr,lr_lbfgs,4,128,auroc,0.7193747033059209
9406,chexpert,Support Devices,clmbr,lr_lbfgs,4,128,auprc,0.4592182807347481
9407,chexpert,Support Devices,clmbr,lr_lbfgs,4,128,brier,0.22781852516734838
