,Unnamed: 0.2,Unnamed: 0.1,Unnamed: 0,labeling_function,sub_task,model,head,replicate,k,score,value
0,0,0.0,0.0,lab_hyperkalemia,lab_hyperkalemia,count,gbm,0,-1,auroc,0.7268707326075399
1,1,1.0,1.0,lab_hyperkalemia,lab_hyperkalemia,count,gbm,0,-1,auprc,0.0819013763002946
2,2,2.0,2.0,lab_hyperkalemia,lab_hyperkalemia,count,gbm,0,-1,brier,0.0232821343038604
3,3,3.0,3.0,lab_hyperkalemia,lab_hyperkalemia,count,gbm,0,1,auroc,0.5247616144047648
4,4,4.0,4.0,lab_hyperkalemia,lab_hyperkalemia,count,gbm,0,1,auprc,0.0257185935657738
5,5,5.0,5.0,lab_hyperkalemia,lab_hyperkalemia,count,gbm,0,1,brier,0.3975801170436739
6,6,6.0,6.0,lab_hyperkalemia,lab_hyperkalemia,count,gbm,1,1,auroc,0.4752383855952351
7,7,7.0,7.0,lab_hyperkalemia,lab_hyperkalemia,count,gbm,1,1,auprc,0.0233385163379229
8,8,8.0,8.0,lab_hyperkalemia,lab_hyperkalemia,count,gbm,1,1,brier,0.4769749898948388
9,9,9.0,9.0,lab_hyperkalemia,lab_hyperkalemia,count,gbm,2,1,auroc,0.4972764925139359
10,10,10.0,10.0,lab_hyperkalemia,lab_hyperkalemia,count,gbm,2,1,auprc,0.0242845770116748
11,11,11.0,11.0,lab_hyperkalemia,lab_hyperkalemia,count,gbm,2,1,brier,0.843436921426222
12,12,12.0,12.0,lab_hyperkalemia,lab_hyperkalemia,count,gbm,3,1,auroc,0.4964270683485163
13,13,13.0,13.0,lab_hyperkalemia,lab_hyperkalemia,count,gbm,3,1,auprc,0.0242449545119692
14,14,14.0,14.0,lab_hyperkalemia,lab_hyperkalemia,count,gbm,3,1,brier,0.6626330809908836
15,15,15.0,15.0,lab_hyperkalemia,lab_hyperkalemia,count,gbm,4,1,auroc,0.5247616144047648
16,16,16.0,16.0,lab_hyperkalemia,lab_hyperkalemia,count,gbm,4,1,auprc,0.0257185935657738
17,17,17.0,17.0,lab_hyperkalemia,lab_hyperkalemia,count,gbm,4,1,brier,0.3975801170436739
18,18,18.0,18.0,lab_hyperkalemia,lab_hyperkalemia,count,gbm,0,2,auroc,0.5154875068400246
19,19,19.0,19.0,lab_hyperkalemia,lab_hyperkalemia,count,gbm,0,2,auprc,0.0252791894518805
20,20,20.0,20.0,lab_hyperkalemia,lab_hyperkalemia,count,gbm,0,2,brier,0.1679618231855437
21,21,21.0,21.0,lab_hyperkalemia,lab_hyperkalemia,count,gbm,1,2,auroc,0.4752383855952351
22,22,22.0,22.0,lab_hyperkalemia,lab_hyperkalemia,count,gbm,1,2,auprc,0.0233385163379229
23,23,23.0,23.0,lab_hyperkalemia,lab_hyperkalemia,count,gbm,1,2,brier,0.4769749898948395
24,24,24.0,24.0,lab_hyperkalemia,lab_hyperkalemia,count,gbm,2,2,auroc,0.498676160039467
25,25,25.0,25.0,lab_hyperkalemia,lab_hyperkalemia,count,gbm,2,2,auprc,0.0243507650721058
26,26,26.0,26.0,lab_hyperkalemia,lab_hyperkalemia,count,gbm,2,2,brier,0.6678408625120351
27,27,27.0,27.0,lab_hyperkalemia,lab_hyperkalemia,count,gbm,3,2,auroc,0.498676160039467
28,28,28.0,28.0,lab_hyperkalemia,lab_hyperkalemia,count,gbm,3,2,auprc,0.0243507650721058
29,29,29.0,29.0,lab_hyperkalemia,lab_hyperkalemia,count,gbm,3,2,brier,0.6678408625120351
30,30,30.0,30.0,lab_hyperkalemia,lab_hyperkalemia,count,gbm,4,2,auroc,0.5469586042944712
31,31,31.0,31.0,lab_hyperkalemia,lab_hyperkalemia,count,gbm,4,2,auprc,0.0269151160269975
32,32,32.0,32.0,lab_hyperkalemia,lab_hyperkalemia,count,gbm,4,2,brier,0.6594105112245333
33,33,33.0,33.0,lab_hyperkalemia,lab_hyperkalemia,count,gbm,0,4,auroc,0.5610324801455093
34,34,34.0,34.0,lab_hyperkalemia,lab_hyperkalemia,count,gbm,0,4,auprc,0.0355520025425301
35,35,35.0,35.0,lab_hyperkalemia,lab_hyperkalemia,count,gbm,0,4,brier,0.1552358909942902
36,36,36.0,36.0,lab_hyperkalemia,lab_hyperkalemia,count,gbm,1,4,auroc,0.4890633698343967
37,37,37.0,37.0,lab_hyperkalemia,lab_hyperkalemia,count,gbm,1,4,auprc,0.0243667700823589
38,38,38.0,38.0,lab_hyperkalemia,lab_hyperkalemia,count,gbm,1,4,brier,0.3656472213987838
39,39,39.0,39.0,lab_hyperkalemia,lab_hyperkalemia,count,gbm,2,4,auroc,0.4571952851554777
40,40,40.0,40.0,lab_hyperkalemia,lab_hyperkalemia,count,gbm,2,4,auprc,0.0223599638302475
41,41,41.0,41.0,lab_hyperkalemia,lab_hyperkalemia,count,gbm,2,4,brier,0.5903632147117374
42,42,42.0,42.0,lab_hyperkalemia,lab_hyperkalemia,count,gbm,3,4,auroc,0.4908228387672502
43,43,43.0,43.0,lab_hyperkalemia,lab_hyperkalemia,count,gbm,3,4,auprc,0.0238554957649843
44,44,44.0,44.0,lab_hyperkalemia,lab_hyperkalemia,count,gbm,3,4,brier,0.5557307877290489
45,45,45.0,45.0,lab_hyperkalemia,lab_hyperkalemia,count,gbm,4,4,auroc,0.4883958385625079
46,46,46.0,46.0,lab_hyperkalemia,lab_hyperkalemia,count,gbm,4,4,auprc,0.0236844326211859
47,47,47.0,47.0,lab_hyperkalemia,lab_hyperkalemia,count,gbm,4,4,brier,0.3379142288133496
48,48,48.0,48.0,lab_hyperkalemia,lab_hyperkalemia,count,gbm,0,8,auroc,0.5103231185857315
49,49,49.0,49.0,lab_hyperkalemia,lab_hyperkalemia,count,gbm,0,8,auprc,0.0258160068744735
50,50,50.0,50.0,lab_hyperkalemia,lab_hyperkalemia,count,gbm,0,8,brier,0.5022932384389173
51,51,51.0,51.0,lab_hyperkalemia,lab_hyperkalemia,count,gbm,1,8,auroc,0.5789156043709257
52,52,52.0,52.0,lab_hyperkalemia,lab_hyperkalemia,count,gbm,1,8,auprc,0.0349494040226078
53,53,53.0,53.0,lab_hyperkalemia,lab_hyperkalemia,count,gbm,1,8,brier,0.6531650747500345
54,54,54.0,54.0,lab_hyperkalemia,lab_hyperkalemia,count,gbm,2,8,auroc,0.5447510144002841
55,55,55.0,55.0,lab_hyperkalemia,lab_hyperkalemia,count,gbm,2,8,auprc,0.030613458521317
56,56,56.0,56.0,lab_hyperkalemia,lab_hyperkalemia,count,gbm,2,8,brier,0.6651727605598589
57,57,57.0,57.0,lab_hyperkalemia,lab_hyperkalemia,count,gbm,3,8,auroc,0.5265008142953038
58,58,58.0,58.0,lab_hyperkalemia,lab_hyperkalemia,count,gbm,3,8,auprc,0.026490003079772
59,59,59.0,59.0,lab_hyperkalemia,lab_hyperkalemia,count,gbm,3,8,brier,0.1583700476246011
60,60,60.0,60.0,lab_hyperkalemia,lab_hyperkalemia,count,gbm,4,8,auroc,0.5066878979703663
61,61,61.0,61.0,lab_hyperkalemia,lab_hyperkalemia,count,gbm,4,8,auprc,0.0248816678169658
62,62,62.0,62.0,lab_hyperkalemia,lab_hyperkalemia,count,gbm,4,8,brier,0.5522906605101168
63,63,63.0,63.0,lab_hyperkalemia,lab_hyperkalemia,count,gbm,0,12,auroc,0.4467096878126041
64,64,64.0,64.0,lab_hyperkalemia,lab_hyperkalemia,count,gbm,0,12,auprc,0.0207333374006386
65,65,65.0,65.0,lab_hyperkalemia,lab_hyperkalemia,count,gbm,0,12,brier,0.4146754489527814
66,66,66.0,66.0,lab_hyperkalemia,lab_hyperkalemia,count,gbm,1,12,auroc,0.5102677103192409
67,67,67.0,67.0,lab_hyperkalemia,lab_hyperkalemia,count,gbm,1,12,auprc,0.0247165834902569
68,68,68.0,68.0,lab_hyperkalemia,lab_hyperkalemia,count,gbm,1,12,brier,0.3900448807981516
69,69,69.0,69.0,lab_hyperkalemia,lab_hyperkalemia,count,gbm,2,12,auroc,0.5419049185857026
70,70,70.0,70.0,lab_hyperkalemia,lab_hyperkalemia,count,gbm,2,12,auprc,0.0328730618007124
71,71,71.0,71.0,lab_hyperkalemia,lab_hyperkalemia,count,gbm,2,12,brier,0.3327512790597359
72,72,72.0,72.0,lab_hyperkalemia,lab_hyperkalemia,count,gbm,3,12,auroc,0.5539863455047274
73,73,73.0,73.0,lab_hyperkalemia,lab_hyperkalemia,count,gbm,3,12,auprc,0.0272751478864991
74,74,74.0,74.0,lab_hyperkalemia,lab_hyperkalemia,count,gbm,3,12,brier,0.4115717807127699
75,75,75.0,75.0,lab_hyperkalemia,lab_hyperkalemia,count,gbm,4,12,auroc,0.528092405610562
76,76,76.0,76.0,lab_hyperkalemia,lab_hyperkalemia,count,gbm,4,12,auprc,0.025505208652596
77,77,77.0,77.0,lab_hyperkalemia,lab_hyperkalemia,count,gbm,4,12,brier,0.6153462150778743
78,78,78.0,78.0,lab_hyperkalemia,lab_hyperkalemia,count,gbm,0,16,auroc,0.4790165879313852
79,79,79.0,79.0,lab_hyperkalemia,lab_hyperkalemia,count,gbm,0,16,auprc,0.0229202644927173
80,80,80.0,80.0,lab_hyperkalemia,lab_hyperkalemia,count,gbm,0,16,brier,0.5446824551183248
81,81,81.0,81.0,lab_hyperkalemia,lab_hyperkalemia,count,gbm,1,16,auroc,0.4973197922037678
82,82,82.0,82.0,lab_hyperkalemia,lab_hyperkalemia,count,gbm,1,16,auprc,0.0239262106167672
83,83,83.0,83.0,lab_hyperkalemia,lab_hyperkalemia,count,gbm,1,16,brier,0.5266550971226667
84,84,84.0,84.0,lab_hyperkalemia,lab_hyperkalemia,count,gbm,2,16,auroc,0.5287358648040784
85,85,85.0,85.0,lab_hyperkalemia,lab_hyperkalemia,count,gbm,2,16,auprc,0.0253692607127264
86,86,86.0,86.0,lab_hyperkalemia,lab_hyperkalemia,count,gbm,2,16,brier,0.4025940754665508
87,87,87.0,87.0,lab_hyperkalemia,lab_hyperkalemia,count,gbm,3,16,auroc,0.5820358970127888
88,88,88.0,88.0,lab_hyperkalemia,lab_hyperkalemia,count,gbm,3,16,auprc,0.0307891643451196
89,89,89.0,89.0,lab_hyperkalemia,lab_hyperkalemia,count,gbm,3,16,brier,0.4002558265613541
90,90,90.0,90.0,lab_hyperkalemia,lab_hyperkalemia,count,gbm,4,16,auroc,0.5319949319933217
91,91,91.0,91.0,lab_hyperkalemia,lab_hyperkalemia,count,gbm,4,16,auprc,0.0279750150916637
92,92,92.0,92.0,lab_hyperkalemia,lab_hyperkalemia,count,gbm,4,16,brier,0.4551582685805176
93,93,93.0,93.0,lab_hyperkalemia,lab_hyperkalemia,count,gbm,0,24,auroc,0.5892352618829696
94,94,94.0,94.0,lab_hyperkalemia,lab_hyperkalemia,count,gbm,0,24,auprc,0.0379802291104622
95,95,95.0,95.0,lab_hyperkalemia,lab_hyperkalemia,count,gbm,0,24,brier,0.4114849248617704
96,96,96.0,96.0,lab_hyperkalemia,lab_hyperkalemia,count,gbm,1,24,auroc,0.5626325324388095
97,97,97.0,97.0,lab_hyperkalemia,lab_hyperkalemia,count,gbm,1,24,auprc,0.0305266822740996
98,98,98.0,98.0,lab_hyperkalemia,lab_hyperkalemia,count,gbm,1,24,brier,0.3704220473748569
99,99,99.0,99.0,lab_hyperkalemia,lab_hyperkalemia,count,gbm,2,24,auroc,0.5455750400878342
100,100,100.0,100.0,lab_hyperkalemia,lab_hyperkalemia,count,gbm,2,24,auprc,0.0328409979715712
101,101,101.0,101.0,lab_hyperkalemia,lab_hyperkalemia,count,gbm,2,24,brier,0.4748359642460223
102,102,102.0,102.0,lab_hyperkalemia,lab_hyperkalemia,count,gbm,3,24,auroc,0.6271742666974474
103,103,103.0,103.0,lab_hyperkalemia,lab_hyperkalemia,count,gbm,3,24,auprc,0.0604545163450896
104,104,104.0,104.0,lab_hyperkalemia,lab_hyperkalemia,count,gbm,3,24,brier,0.4794220855070373
105,105,105.0,105.0,lab_hyperkalemia,lab_hyperkalemia,count,gbm,4,24,auroc,0.5444167824520165
106,106,106.0,106.0,lab_hyperkalemia,lab_hyperkalemia,count,gbm,4,24,auprc,0.0268979119181331
107,107,107.0,107.0,lab_hyperkalemia,lab_hyperkalemia,count,gbm,4,24,brier,0.4465538418576052
108,108,108.0,108.0,lab_hyperkalemia,lab_hyperkalemia,count,gbm,0,32,auroc,0.6085175717778497
109,109,109.0,109.0,lab_hyperkalemia,lab_hyperkalemia,count,gbm,0,32,auprc,0.0446151046705704
110,110,110.0,110.0,lab_hyperkalemia,lab_hyperkalemia,count,gbm,0,32,brier,0.3814547457918404
111,111,111.0,111.0,lab_hyperkalemia,lab_hyperkalemia,count,gbm,1,32,auroc,0.5596170253572144
112,112,112.0,112.0,lab_hyperkalemia,lab_hyperkalemia,count,gbm,1,32,auprc,0.0310501643129066
113,113,113.0,113.0,lab_hyperkalemia,lab_hyperkalemia,count,gbm,1,32,brier,0.4992048471631322
114,114,114.0,114.0,lab_hyperkalemia,lab_hyperkalemia,count,gbm,2,32,auroc,0.5969920616855351
115,115,115.0,115.0,lab_hyperkalemia,lab_hyperkalemia,count,gbm,2,32,auprc,0.0373498430825217
116,116,116.0,116.0,lab_hyperkalemia,lab_hyperkalemia,count,gbm,2,32,brier,0.3593050467157253
117,117,117.0,117.0,lab_hyperkalemia,lab_hyperkalemia,count,gbm,3,32,auroc,0.6311003884837603
118,118,118.0,118.0,lab_hyperkalemia,lab_hyperkalemia,count,gbm,3,32,auprc,0.042511770826551
119,119,119.0,119.0,lab_hyperkalemia,lab_hyperkalemia,count,gbm,3,32,brier,0.2918291405067681
120,120,120.0,120.0,lab_hyperkalemia,lab_hyperkalemia,count,gbm,4,32,auroc,0.5454909380697235
121,121,121.0,121.0,lab_hyperkalemia,lab_hyperkalemia,count,gbm,4,32,auprc,0.0300234713368363
122,122,122.0,122.0,lab_hyperkalemia,lab_hyperkalemia,count,gbm,4,32,brier,0.4918865272811221
123,123,123.0,123.0,lab_hyperkalemia,lab_hyperkalemia,count,gbm,0,48,auroc,0.5902305485430818
124,124,124.0,124.0,lab_hyperkalemia,lab_hyperkalemia,count,gbm,0,48,auprc,0.0357803667100894
125,125,125.0,125.0,lab_hyperkalemia,lab_hyperkalemia,count,gbm,0,48,brier,0.242238152116693
126,126,126.0,126.0,lab_hyperkalemia,lab_hyperkalemia,count,gbm,1,48,auroc,0.5533406169245716
127,127,127.0,127.0,lab_hyperkalemia,lab_hyperkalemia,count,gbm,1,48,auprc,0.0289712355004598
128,128,128.0,128.0,lab_hyperkalemia,lab_hyperkalemia,count,gbm,1,48,brier,0.3400606828447549
129,129,129.0,129.0,lab_hyperkalemia,lab_hyperkalemia,count,gbm,2,48,auroc,0.6251931854236239
130,130,130.0,130.0,lab_hyperkalemia,lab_hyperkalemia,count,gbm,2,48,auprc,0.0395366204959193
131,131,131.0,131.0,lab_hyperkalemia,lab_hyperkalemia,count,gbm,2,48,brier,0.2819917410019481
132,132,132.0,132.0,lab_hyperkalemia,lab_hyperkalemia,count,gbm,3,48,auroc,0.6124827239056132
133,133,133.0,133.0,lab_hyperkalemia,lab_hyperkalemia,count,gbm,3,48,auprc,0.0437233990793258
134,134,134.0,134.0,lab_hyperkalemia,lab_hyperkalemia,count,gbm,3,48,brier,0.2769807822582152
135,135,135.0,135.0,lab_hyperkalemia,lab_hyperkalemia,count,gbm,4,48,auroc,0.6187761112880681
136,136,136.0,136.0,lab_hyperkalemia,lab_hyperkalemia,count,gbm,4,48,auprc,0.0524135014394111
137,137,137.0,137.0,lab_hyperkalemia,lab_hyperkalemia,count,gbm,4,48,brier,0.2773145537411144
138,138,138.0,138.0,lab_hyperkalemia,lab_hyperkalemia,count,gbm,0,64,auroc,0.556821311998529
139,139,139.0,139.0,lab_hyperkalemia,lab_hyperkalemia,count,gbm,0,64,auprc,0.045286093663189
140,140,140.0,140.0,lab_hyperkalemia,lab_hyperkalemia,count,gbm,0,64,brier,0.3309452525993356
141,141,141.0,141.0,lab_hyperkalemia,lab_hyperkalemia,count,gbm,1,64,auroc,0.5938254953174678
142,142,142.0,142.0,lab_hyperkalemia,lab_hyperkalemia,count,gbm,1,64,auprc,0.0318567128230672
143,143,143.0,143.0,lab_hyperkalemia,lab_hyperkalemia,count,gbm,1,64,brier,0.301118994994744
144,144,144.0,144.0,lab_hyperkalemia,lab_hyperkalemia,count,gbm,2,64,auroc,0.5771840986337194
145,145,145.0,145.0,lab_hyperkalemia,lab_hyperkalemia,count,gbm,2,64,auprc,0.0355444867608936
146,146,146.0,146.0,lab_hyperkalemia,lab_hyperkalemia,count,gbm,2,64,brier,0.2274562529315824
147,147,147.0,147.0,lab_hyperkalemia,lab_hyperkalemia,count,gbm,3,64,auroc,0.6287114859958223
148,148,148.0,148.0,lab_hyperkalemia,lab_hyperkalemia,count,gbm,3,64,auprc,0.0379954241121387
149,149,149.0,149.0,lab_hyperkalemia,lab_hyperkalemia,count,gbm,3,64,brier,0.2560069945369733
150,150,150.0,150.0,lab_hyperkalemia,lab_hyperkalemia,count,gbm,4,64,auroc,0.6317754014778122
151,151,151.0,151.0,lab_hyperkalemia,lab_hyperkalemia,count,gbm,4,64,auprc,0.0432531133210942
152,152,152.0,152.0,lab_hyperkalemia,lab_hyperkalemia,count,gbm,4,64,brier,0.2306194021508705
153,153,153.0,153.0,lab_hyperkalemia,lab_hyperkalemia,count,gbm,0,128,auroc,0.657384149936365
154,154,154.0,154.0,lab_hyperkalemia,lab_hyperkalemia,count,gbm,0,128,auprc,0.0511919346939392
155,155,155.0,155.0,lab_hyperkalemia,lab_hyperkalemia,count,gbm,0,128,brier,0.2007883085224248
156,156,156.0,156.0,lab_hyperkalemia,lab_hyperkalemia,count,gbm,1,128,auroc,0.5642837288314672
157,157,157.0,157.0,lab_hyperkalemia,lab_hyperkalemia,count,gbm,1,128,auprc,0.0307010089820999
158,158,158.0,158.0,lab_hyperkalemia,lab_hyperkalemia,count,gbm,1,128,brier,0.4744841287305963
159,159,159.0,159.0,lab_hyperkalemia,lab_hyperkalemia,count,gbm,2,128,auroc,0.6637150961858285
160,160,160.0,160.0,lab_hyperkalemia,lab_hyperkalemia,count,gbm,2,128,auprc,0.0695906520756861
161,161,161.0,161.0,lab_hyperkalemia,lab_hyperkalemia,count,gbm,2,128,brier,0.2198926171362794
162,162,162.0,162.0,lab_hyperkalemia,lab_hyperkalemia,count,gbm,3,128,auroc,0.6274801779439535
163,163,163.0,163.0,lab_hyperkalemia,lab_hyperkalemia,count,gbm,3,128,auprc,0.0590083325734456
164,164,164.0,164.0,lab_hyperkalemia,lab_hyperkalemia,count,gbm,3,128,brier,0.2133955526470418
165,165,165.0,165.0,lab_hyperkalemia,lab_hyperkalemia,count,gbm,4,128,auroc,0.6326547991631165
166,166,166.0,166.0,lab_hyperkalemia,lab_hyperkalemia,count,gbm,4,128,auprc,0.0473733307768115
167,167,167.0,167.0,lab_hyperkalemia,lab_hyperkalemia,count,gbm,4,128,brier,0.189042235305437
168,168,168.0,168.0,lab_hyperkalemia,lab_hyperkalemia,count,lr_lbfgs,0,-1,auroc,0.6582098336232863
169,169,169.0,169.0,lab_hyperkalemia,lab_hyperkalemia,count,lr_lbfgs,0,-1,auprc,0.0550161471781368
170,170,170.0,170.0,lab_hyperkalemia,lab_hyperkalemia,count,lr_lbfgs,0,-1,brier,0.0243721528463941
171,171,171.0,171.0,lab_hyperkalemia,lab_hyperkalemia,count,lr_lbfgs,0,1,auroc,0.5297424517661558
172,172,172.0,172.0,lab_hyperkalemia,lab_hyperkalemia,count,lr_lbfgs,0,1,auprc,0.0350816539491715
173,173,173.0,173.0,lab_hyperkalemia,lab_hyperkalemia,count,lr_lbfgs,0,1,brier,0.2501168711380825
174,174,174.0,174.0,lab_hyperkalemia,lab_hyperkalemia,count,lr_lbfgs,1,1,auroc,0.5275276806621917
175,175,175.0,175.0,lab_hyperkalemia,lab_hyperkalemia,count,lr_lbfgs,1,1,auprc,0.0285740666306689
176,176,176.0,176.0,lab_hyperkalemia,lab_hyperkalemia,count,lr_lbfgs,1,1,brier,0.2499440969142788
177,177,177.0,177.0,lab_hyperkalemia,lab_hyperkalemia,count,lr_lbfgs,2,1,auroc,0.4713373721369019
178,178,178.0,178.0,lab_hyperkalemia,lab_hyperkalemia,count,lr_lbfgs,2,1,auprc,0.0241349354684996
179,179,179.0,179.0,lab_hyperkalemia,lab_hyperkalemia,count,lr_lbfgs,2,1,brier,0.2498878523248478
180,180,180.0,180.0,lab_hyperkalemia,lab_hyperkalemia,count,lr_lbfgs,3,1,auroc,0.5007879952887119
181,181,181.0,181.0,lab_hyperkalemia,lab_hyperkalemia,count,lr_lbfgs,3,1,auprc,0.0254690221617502
182,182,182.0,182.0,lab_hyperkalemia,lab_hyperkalemia,count,lr_lbfgs,3,1,brier,0.2499277947046384
183,183,183.0,183.0,lab_hyperkalemia,lab_hyperkalemia,count,lr_lbfgs,4,1,auroc,0.4767948635925575
184,184,184.0,184.0,lab_hyperkalemia,lab_hyperkalemia,count,lr_lbfgs,4,1,auprc,0.0256276032965065
185,185,185.0,185.0,lab_hyperkalemia,lab_hyperkalemia,count,lr_lbfgs,4,1,brier,0.2498187882743425
186,186,186.0,186.0,lab_hyperkalemia,lab_hyperkalemia,count,lr_lbfgs,0,2,auroc,0.5109698523280063
187,187,187.0,187.0,lab_hyperkalemia,lab_hyperkalemia,count,lr_lbfgs,0,2,auprc,0.0299154778440886
188,188,188.0,188.0,lab_hyperkalemia,lab_hyperkalemia,count,lr_lbfgs,0,2,brier,0.2500623973394691
189,189,189.0,189.0,lab_hyperkalemia,lab_hyperkalemia,count,lr_lbfgs,1,2,auroc,0.5383534942948138
190,190,190.0,190.0,lab_hyperkalemia,lab_hyperkalemia,count,lr_lbfgs,1,2,auprc,0.0300531844544348
191,191,191.0,191.0,lab_hyperkalemia,lab_hyperkalemia,count,lr_lbfgs,1,2,brier,0.2554296891948903
192,192,192.0,192.0,lab_hyperkalemia,lab_hyperkalemia,count,lr_lbfgs,2,2,auroc,0.4724155898530687
193,193,193.0,193.0,lab_hyperkalemia,lab_hyperkalemia,count,lr_lbfgs,2,2,auprc,0.0246449905002894
194,194,194.0,194.0,lab_hyperkalemia,lab_hyperkalemia,count,lr_lbfgs,2,2,brier,0.2498699923866821
195,195,195.0,195.0,lab_hyperkalemia,lab_hyperkalemia,count,lr_lbfgs,3,2,auroc,0.5210009350494704
196,196,196.0,196.0,lab_hyperkalemia,lab_hyperkalemia,count,lr_lbfgs,3,2,auprc,0.0286323157236339
197,197,197.0,197.0,lab_hyperkalemia,lab_hyperkalemia,count,lr_lbfgs,3,2,brier,0.3008446869159865
198,198,198.0,198.0,lab_hyperkalemia,lab_hyperkalemia,count,lr_lbfgs,4,2,auroc,0.4791240625593835
199,199,199.0,199.0,lab_hyperkalemia,lab_hyperkalemia,count,lr_lbfgs,4,2,auprc,0.029511902687949
200,200,200.0,200.0,lab_hyperkalemia,lab_hyperkalemia,count,lr_lbfgs,4,2,brier,0.2499694050497973
201,201,201.0,201.0,lab_hyperkalemia,lab_hyperkalemia,count,lr_lbfgs,0,4,auroc,0.5180752189963289
202,202,202.0,202.0,lab_hyperkalemia,lab_hyperkalemia,count,lr_lbfgs,0,4,auprc,0.0312861716247757
203,203,203.0,203.0,lab_hyperkalemia,lab_hyperkalemia,count,lr_lbfgs,0,4,brier,0.2500540773577597
204,204,204.0,204.0,lab_hyperkalemia,lab_hyperkalemia,count,lr_lbfgs,1,4,auroc,0.4771299763529912
205,205,205.0,205.0,lab_hyperkalemia,lab_hyperkalemia,count,lr_lbfgs,1,4,auprc,0.0262053474931755
206,206,206.0,206.0,lab_hyperkalemia,lab_hyperkalemia,count,lr_lbfgs,1,4,brier,0.2498616295446435
207,207,207.0,207.0,lab_hyperkalemia,lab_hyperkalemia,count,lr_lbfgs,2,4,auroc,0.4758994299445837
208,208,208.0,208.0,lab_hyperkalemia,lab_hyperkalemia,count,lr_lbfgs,2,4,auprc,0.0244933048151072
209,209,209.0,209.0,lab_hyperkalemia,lab_hyperkalemia,count,lr_lbfgs,2,4,brier,0.2499556464162083
210,210,210.0,210.0,lab_hyperkalemia,lab_hyperkalemia,count,lr_lbfgs,3,4,auroc,0.4854091806699739
211,211,211.0,211.0,lab_hyperkalemia,lab_hyperkalemia,count,lr_lbfgs,3,4,auprc,0.0260374988710745
212,212,212.0,212.0,lab_hyperkalemia,lab_hyperkalemia,count,lr_lbfgs,3,4,brier,0.2557240414226561
213,213,213.0,213.0,lab_hyperkalemia,lab_hyperkalemia,count,lr_lbfgs,4,4,auroc,0.5830648099726508
214,214,214.0,214.0,lab_hyperkalemia,lab_hyperkalemia,count,lr_lbfgs,4,4,auprc,0.0370190369685061
215,215,215.0,215.0,lab_hyperkalemia,lab_hyperkalemia,count,lr_lbfgs,4,4,brier,0.2500240440684843
216,216,216.0,216.0,lab_hyperkalemia,lab_hyperkalemia,count,lr_lbfgs,0,8,auroc,0.5264743122116027
217,217,217.0,217.0,lab_hyperkalemia,lab_hyperkalemia,count,lr_lbfgs,0,8,auprc,0.0325355564406322
218,218,218.0,218.0,lab_hyperkalemia,lab_hyperkalemia,count,lr_lbfgs,0,8,brier,0.2500701223435699
219,219,219.0,219.0,lab_hyperkalemia,lab_hyperkalemia,count,lr_lbfgs,1,8,auroc,0.465022451487612
220,220,220.0,220.0,lab_hyperkalemia,lab_hyperkalemia,count,lr_lbfgs,1,8,auprc,0.021970392457418
221,221,221.0,221.0,lab_hyperkalemia,lab_hyperkalemia,count,lr_lbfgs,1,8,brier,0.4860627160371569
222,222,222.0,222.0,lab_hyperkalemia,lab_hyperkalemia,count,lr_lbfgs,2,8,auroc,0.5510955199758563
223,223,223.0,223.0,lab_hyperkalemia,lab_hyperkalemia,count,lr_lbfgs,2,8,auprc,0.0330608831603343
224,224,224.0,224.0,lab_hyperkalemia,lab_hyperkalemia,count,lr_lbfgs,2,8,brier,0.2510638755275173
225,225,225.0,225.0,lab_hyperkalemia,lab_hyperkalemia,count,lr_lbfgs,3,8,auroc,0.5654597892355344
226,226,226.0,226.0,lab_hyperkalemia,lab_hyperkalemia,count,lr_lbfgs,3,8,auprc,0.035129479452151
227,227,227.0,227.0,lab_hyperkalemia,lab_hyperkalemia,count,lr_lbfgs,3,8,brier,0.3901715508645058
228,228,228.0,228.0,lab_hyperkalemia,lab_hyperkalemia,count,lr_lbfgs,4,8,auroc,0.5462507473691229
229,229,229.0,229.0,lab_hyperkalemia,lab_hyperkalemia,count,lr_lbfgs,4,8,auprc,0.0296712697106634
230,230,230.0,230.0,lab_hyperkalemia,lab_hyperkalemia,count,lr_lbfgs,4,8,brier,0.2062247743527622
231,231,231.0,231.0,lab_hyperkalemia,lab_hyperkalemia,count,lr_lbfgs,0,12,auroc,0.5292841133836963
232,232,232.0,232.0,lab_hyperkalemia,lab_hyperkalemia,count,lr_lbfgs,0,12,auprc,0.0326510652963585
233,233,233.0,233.0,lab_hyperkalemia,lab_hyperkalemia,count,lr_lbfgs,0,12,brier,0.2500738341382891
234,234,234.0,234.0,lab_hyperkalemia,lab_hyperkalemia,count,lr_lbfgs,1,12,auroc,0.4502730963301986
235,235,235.0,235.0,lab_hyperkalemia,lab_hyperkalemia,count,lr_lbfgs,1,12,auprc,0.0235267057099156
236,236,236.0,236.0,lab_hyperkalemia,lab_hyperkalemia,count,lr_lbfgs,1,12,brier,0.2507812620912187
237,237,237.0,237.0,lab_hyperkalemia,lab_hyperkalemia,count,lr_lbfgs,2,12,auroc,0.5494515617867041
238,238,238.0,238.0,lab_hyperkalemia,lab_hyperkalemia,count,lr_lbfgs,2,12,auprc,0.0341246603095819
239,239,239.0,239.0,lab_hyperkalemia,lab_hyperkalemia,count,lr_lbfgs,2,12,brier,0.2496379576760237
240,240,240.0,240.0,lab_hyperkalemia,lab_hyperkalemia,count,lr_lbfgs,3,12,auroc,0.5500168825785985
241,241,241.0,241.0,lab_hyperkalemia,lab_hyperkalemia,count,lr_lbfgs,3,12,auprc,0.0398173479633936
242,242,242.0,242.0,lab_hyperkalemia,lab_hyperkalemia,count,lr_lbfgs,3,12,brier,0.3887173581987068
243,243,243.0,243.0,lab_hyperkalemia,lab_hyperkalemia,count,lr_lbfgs,4,12,auroc,0.4867723100343593
244,244,244.0,244.0,lab_hyperkalemia,lab_hyperkalemia,count,lr_lbfgs,4,12,auprc,0.0230140944902232
245,245,245.0,245.0,lab_hyperkalemia,lab_hyperkalemia,count,lr_lbfgs,4,12,brier,0.52721302471139
246,246,246.0,246.0,lab_hyperkalemia,lab_hyperkalemia,count,lr_lbfgs,0,16,auroc,0.5362444569195081
247,247,247.0,247.0,lab_hyperkalemia,lab_hyperkalemia,count,lr_lbfgs,0,16,auprc,0.0342505937722822
248,248,248.0,248.0,lab_hyperkalemia,lab_hyperkalemia,count,lr_lbfgs,0,16,brier,0.2500520531247342
249,249,249.0,249.0,lab_hyperkalemia,lab_hyperkalemia,count,lr_lbfgs,1,16,auroc,0.4732895472279359
250,250,250.0,250.0,lab_hyperkalemia,lab_hyperkalemia,count,lr_lbfgs,1,16,auprc,0.0255914456341471
251,251,251.0,251.0,lab_hyperkalemia,lab_hyperkalemia,count,lr_lbfgs,1,16,brier,0.2451766750986974
252,252,252.0,252.0,lab_hyperkalemia,lab_hyperkalemia,count,lr_lbfgs,2,16,auroc,0.5205945283160697
253,253,253.0,253.0,lab_hyperkalemia,lab_hyperkalemia,count,lr_lbfgs,2,16,auprc,0.0260327818974347
254,254,254.0,254.0,lab_hyperkalemia,lab_hyperkalemia,count,lr_lbfgs,2,16,brier,0.2492045754747389
255,255,255.0,255.0,lab_hyperkalemia,lab_hyperkalemia,count,lr_lbfgs,3,16,auroc,0.5657416802161483
256,256,256.0,256.0,lab_hyperkalemia,lab_hyperkalemia,count,lr_lbfgs,3,16,auprc,0.0375307592022103
257,257,257.0,257.0,lab_hyperkalemia,lab_hyperkalemia,count,lr_lbfgs,3,16,brier,0.3698686245346453
258,258,258.0,258.0,lab_hyperkalemia,lab_hyperkalemia,count,lr_lbfgs,4,16,auroc,0.4896738037529354
259,259,259.0,259.0,lab_hyperkalemia,lab_hyperkalemia,count,lr_lbfgs,4,16,auprc,0.0230822843666142
260,260,260.0,260.0,lab_hyperkalemia,lab_hyperkalemia,count,lr_lbfgs,4,16,brier,0.4167453110747405
261,261,261.0,261.0,lab_hyperkalemia,lab_hyperkalemia,count,lr_lbfgs,0,24,auroc,0.5416098465100864
262,262,262.0,262.0,lab_hyperkalemia,lab_hyperkalemia,count,lr_lbfgs,0,24,auprc,0.0347825143008425
263,263,263.0,263.0,lab_hyperkalemia,lab_hyperkalemia,count,lr_lbfgs,0,24,brier,0.2500682472013845
264,264,264.0,264.0,lab_hyperkalemia,lab_hyperkalemia,count,lr_lbfgs,1,24,auroc,0.5128250396370655
265,265,265.0,265.0,lab_hyperkalemia,lab_hyperkalemia,count,lr_lbfgs,1,24,auprc,0.029243033761276
266,266,266.0,266.0,lab_hyperkalemia,lab_hyperkalemia,count,lr_lbfgs,1,24,brier,0.2500017278376931
267,267,267.0,267.0,lab_hyperkalemia,lab_hyperkalemia,count,lr_lbfgs,2,24,auroc,0.5574706622710617
268,268,268.0,268.0,lab_hyperkalemia,lab_hyperkalemia,count,lr_lbfgs,2,24,auprc,0.0336576177649318
269,269,269.0,269.0,lab_hyperkalemia,lab_hyperkalemia,count,lr_lbfgs,2,24,brier,0.2412908617972838
270,270,270.0,270.0,lab_hyperkalemia,lab_hyperkalemia,count,lr_lbfgs,3,24,auroc,0.5988910823529738
271,271,271.0,271.0,lab_hyperkalemia,lab_hyperkalemia,count,lr_lbfgs,3,24,auprc,0.035476727480947
272,272,272.0,272.0,lab_hyperkalemia,lab_hyperkalemia,count,lr_lbfgs,3,24,brier,0.3932768527076616
273,273,273.0,273.0,lab_hyperkalemia,lab_hyperkalemia,count,lr_lbfgs,4,24,auroc,0.4960600442814327
274,274,274.0,274.0,lab_hyperkalemia,lab_hyperkalemia,count,lr_lbfgs,4,24,auprc,0.0240107377705046
275,275,275.0,275.0,lab_hyperkalemia,lab_hyperkalemia,count,lr_lbfgs,4,24,brier,0.2659916175092177
276,276,276.0,276.0,lab_hyperkalemia,lab_hyperkalemia,count,lr_lbfgs,0,32,auroc,0.5604194348779608
277,277,277.0,277.0,lab_hyperkalemia,lab_hyperkalemia,count,lr_lbfgs,0,32,auprc,0.0348329663223791
278,278,278.0,278.0,lab_hyperkalemia,lab_hyperkalemia,count,lr_lbfgs,0,32,brier,0.24676409519298
279,279,279.0,279.0,lab_hyperkalemia,lab_hyperkalemia,count,lr_lbfgs,1,32,auroc,0.5645362265919763
280,280,280.0,280.0,lab_hyperkalemia,lab_hyperkalemia,count,lr_lbfgs,1,32,auprc,0.0337474675785923
281,281,281.0,281.0,lab_hyperkalemia,lab_hyperkalemia,count,lr_lbfgs,1,32,brier,0.250030524354128
282,282,282.0,282.0,lab_hyperkalemia,lab_hyperkalemia,count,lr_lbfgs,2,32,auroc,0.5615305846066405
283,283,283.0,283.0,lab_hyperkalemia,lab_hyperkalemia,count,lr_lbfgs,2,32,auprc,0.0371752936368279
284,284,284.0,284.0,lab_hyperkalemia,lab_hyperkalemia,count,lr_lbfgs,2,32,brier,0.2356256793228942
285,285,285.0,285.0,lab_hyperkalemia,lab_hyperkalemia,count,lr_lbfgs,3,32,auroc,0.6215684309292903
286,286,286.0,286.0,lab_hyperkalemia,lab_hyperkalemia,count,lr_lbfgs,3,32,auprc,0.0387800314740042
287,287,287.0,287.0,lab_hyperkalemia,lab_hyperkalemia,count,lr_lbfgs,3,32,brier,0.2675923793091164
288,288,288.0,288.0,lab_hyperkalemia,lab_hyperkalemia,count,lr_lbfgs,4,32,auroc,0.5773859807821706
289,289,289.0,289.0,lab_hyperkalemia,lab_hyperkalemia,count,lr_lbfgs,4,32,auprc,0.0313547962116259
290,290,290.0,290.0,lab_hyperkalemia,lab_hyperkalemia,count,lr_lbfgs,4,32,brier,0.2968676049989271
291,291,291.0,291.0,lab_hyperkalemia,lab_hyperkalemia,count,lr_lbfgs,0,48,auroc,0.5830868043705609
292,292,292.0,292.0,lab_hyperkalemia,lab_hyperkalemia,count,lr_lbfgs,0,48,auprc,0.0343166363659562
293,293,293.0,293.0,lab_hyperkalemia,lab_hyperkalemia,count,lr_lbfgs,0,48,brier,0.2518466606125819
294,294,294.0,294.0,lab_hyperkalemia,lab_hyperkalemia,count,lr_lbfgs,1,48,auroc,0.5396600392494046
295,295,295.0,295.0,lab_hyperkalemia,lab_hyperkalemia,count,lr_lbfgs,1,48,auprc,0.0301275325397074
296,296,296.0,296.0,lab_hyperkalemia,lab_hyperkalemia,count,lr_lbfgs,1,48,brier,0.2500062960007717
297,297,297.0,297.0,lab_hyperkalemia,lab_hyperkalemia,count,lr_lbfgs,2,48,auroc,0.5860986845785313
298,298,298.0,298.0,lab_hyperkalemia,lab_hyperkalemia,count,lr_lbfgs,2,48,auprc,0.0414570030455619
299,299,299.0,299.0,lab_hyperkalemia,lab_hyperkalemia,count,lr_lbfgs,2,48,brier,0.2476368048892618
300,300,300.0,300.0,lab_hyperkalemia,lab_hyperkalemia,count,lr_lbfgs,3,48,auroc,0.6248364616776346
301,301,301.0,301.0,lab_hyperkalemia,lab_hyperkalemia,count,lr_lbfgs,3,48,auprc,0.0380167668401346
302,302,302.0,302.0,lab_hyperkalemia,lab_hyperkalemia,count,lr_lbfgs,3,48,brier,0.4446933567151747
303,303,303.0,303.0,lab_hyperkalemia,lab_hyperkalemia,count,lr_lbfgs,4,48,auroc,0.6194836469760381
304,304,304.0,304.0,lab_hyperkalemia,lab_hyperkalemia,count,lr_lbfgs,4,48,auprc,0.0360670991501001
305,305,305.0,305.0,lab_hyperkalemia,lab_hyperkalemia,count,lr_lbfgs,4,48,brier,0.3971957303753171
306,306,306.0,306.0,lab_hyperkalemia,lab_hyperkalemia,count,lr_lbfgs,0,64,auroc,0.5881953491335284
307,307,307.0,307.0,lab_hyperkalemia,lab_hyperkalemia,count,lr_lbfgs,0,64,auprc,0.0381252789580333
308,308,308.0,308.0,lab_hyperkalemia,lab_hyperkalemia,count,lr_lbfgs,0,64,brier,0.2046406105238227
309,309,309.0,309.0,lab_hyperkalemia,lab_hyperkalemia,count,lr_lbfgs,1,64,auroc,0.5826936409071387
310,310,310.0,310.0,lab_hyperkalemia,lab_hyperkalemia,count,lr_lbfgs,1,64,auprc,0.0339654099387738
311,311,311.0,311.0,lab_hyperkalemia,lab_hyperkalemia,count,lr_lbfgs,1,64,brier,0.2474293628287652
312,312,312.0,312.0,lab_hyperkalemia,lab_hyperkalemia,count,lr_lbfgs,2,64,auroc,0.6176316824032568
313,313,313.0,313.0,lab_hyperkalemia,lab_hyperkalemia,count,lr_lbfgs,2,64,auprc,0.0389445791157859
314,314,314.0,314.0,lab_hyperkalemia,lab_hyperkalemia,count,lr_lbfgs,2,64,brier,0.3758884515552054
315,315,315.0,315.0,lab_hyperkalemia,lab_hyperkalemia,count,lr_lbfgs,3,64,auroc,0.603803164552935
316,316,316.0,316.0,lab_hyperkalemia,lab_hyperkalemia,count,lr_lbfgs,3,64,auprc,0.0377148974172862
317,317,317.0,317.0,lab_hyperkalemia,lab_hyperkalemia,count,lr_lbfgs,3,64,brier,0.4778749790457555
318,318,318.0,318.0,lab_hyperkalemia,lab_hyperkalemia,count,lr_lbfgs,4,64,auroc,0.6157495629669094
319,319,319.0,319.0,lab_hyperkalemia,lab_hyperkalemia,count,lr_lbfgs,4,64,auprc,0.0344629549108595
320,320,320.0,320.0,lab_hyperkalemia,lab_hyperkalemia,count,lr_lbfgs,4,64,brier,0.2812082904358059
321,321,321.0,321.0,lab_hyperkalemia,lab_hyperkalemia,count,lr_lbfgs,0,128,auroc,0.6040813043099714
322,322,322.0,322.0,lab_hyperkalemia,lab_hyperkalemia,count,lr_lbfgs,0,128,auprc,0.036153347089386
323,323,323.0,323.0,lab_hyperkalemia,lab_hyperkalemia,count,lr_lbfgs,0,128,brier,0.2181267398855897
324,324,324.0,324.0,lab_hyperkalemia,lab_hyperkalemia,count,lr_lbfgs,1,128,auroc,0.589402020350989
325,325,325.0,325.0,lab_hyperkalemia,lab_hyperkalemia,count,lr_lbfgs,1,128,auprc,0.032346843163728
326,326,326.0,326.0,lab_hyperkalemia,lab_hyperkalemia,count,lr_lbfgs,1,128,brier,0.2110366755583427
327,327,327.0,327.0,lab_hyperkalemia,lab_hyperkalemia,count,lr_lbfgs,2,128,auroc,0.6286058403483804
328,328,328.0,328.0,lab_hyperkalemia,lab_hyperkalemia,count,lr_lbfgs,2,128,auprc,0.0428846104741992
329,329,329.0,329.0,lab_hyperkalemia,lab_hyperkalemia,count,lr_lbfgs,2,128,brier,0.2212048577474821
330,330,330.0,330.0,lab_hyperkalemia,lab_hyperkalemia,count,lr_lbfgs,3,128,auroc,0.5865670383134433
331,331,331.0,331.0,lab_hyperkalemia,lab_hyperkalemia,count,lr_lbfgs,3,128,auprc,0.0331048045893496
332,332,332.0,332.0,lab_hyperkalemia,lab_hyperkalemia,count,lr_lbfgs,3,128,brier,0.4117761144298842
333,333,333.0,333.0,lab_hyperkalemia,lab_hyperkalemia,count,lr_lbfgs,4,128,auroc,0.6143286730494254
334,334,334.0,334.0,lab_hyperkalemia,lab_hyperkalemia,count,lr_lbfgs,4,128,auprc,0.0375319445441535
335,335,335.0,335.0,lab_hyperkalemia,lab_hyperkalemia,count,lr_lbfgs,4,128,brier,0.2056385369268757
336,336,336.0,336.0,lab_hyperkalemia,lab_hyperkalemia,count,rf,0,-1,auroc,0.6602130440074689
337,337,337.0,337.0,lab_hyperkalemia,lab_hyperkalemia,count,rf,0,-1,auprc,0.0515086437694325
338,338,338.0,338.0,lab_hyperkalemia,lab_hyperkalemia,count,rf,0,-1,brier,0.0240658221248207
339,339,339.0,339.0,lab_hyperkalemia,lab_hyperkalemia,count,rf,0,1,auroc,0.540541483527683
340,340,340.0,340.0,lab_hyperkalemia,lab_hyperkalemia,count,rf,0,1,auprc,0.0357597378550268
341,341,341.0,341.0,lab_hyperkalemia,lab_hyperkalemia,count,rf,0,1,brier,0.0862788493865175
342,342,342.0,342.0,lab_hyperkalemia,lab_hyperkalemia,count,rf,1,1,auroc,0.4148776076262831
343,343,343.0,343.0,lab_hyperkalemia,lab_hyperkalemia,count,rf,1,1,auprc,0.0203701423094122
344,344,344.0,344.0,lab_hyperkalemia,lab_hyperkalemia,count,rf,1,1,brier,0.4405914128163637
345,345,345.0,345.0,lab_hyperkalemia,lab_hyperkalemia,count,rf,2,1,auroc,0.4490430991340828
346,346,346.0,346.0,lab_hyperkalemia,lab_hyperkalemia,count,rf,2,1,auprc,0.0220523751613255
347,347,347.0,347.0,lab_hyperkalemia,lab_hyperkalemia,count,rf,2,1,brier,0.7436479820275558
348,348,348.0,348.0,lab_hyperkalemia,lab_hyperkalemia,count,rf,3,1,auroc,0.5005731237514358
349,349,349.0,349.0,lab_hyperkalemia,lab_hyperkalemia,count,rf,3,1,auprc,0.0250958167174689
350,350,350.0,350.0,lab_hyperkalemia,lab_hyperkalemia,count,rf,3,1,brier,0.3018921621918841
351,351,351.0,351.0,lab_hyperkalemia,lab_hyperkalemia,count,rf,4,1,auroc,0.4437180714657003
352,352,352.0,352.0,lab_hyperkalemia,lab_hyperkalemia,count,rf,4,1,auprc,0.0219087868408206
353,353,353.0,353.0,lab_hyperkalemia,lab_hyperkalemia,count,rf,4,1,brier,0.7322305311611396
354,354,354.0,354.0,lab_hyperkalemia,lab_hyperkalemia,count,rf,0,2,auroc,0.5470819283602097
355,355,355.0,355.0,lab_hyperkalemia,lab_hyperkalemia,count,rf,0,2,auprc,0.0324982732526725
356,356,356.0,356.0,lab_hyperkalemia,lab_hyperkalemia,count,rf,0,2,brier,0.0820374530658413
357,357,357.0,357.0,lab_hyperkalemia,lab_hyperkalemia,count,rf,1,2,auroc,0.5650434655933939
358,358,358.0,358.0,lab_hyperkalemia,lab_hyperkalemia,count,rf,1,2,auprc,0.0316766063549194
359,359,359.0,359.0,lab_hyperkalemia,lab_hyperkalemia,count,rf,1,2,brier,0.1577718253656544
360,360,360.0,360.0,lab_hyperkalemia,lab_hyperkalemia,count,rf,2,2,auroc,0.5187691901769422
361,361,361.0,361.0,lab_hyperkalemia,lab_hyperkalemia,count,rf,2,2,auprc,0.0263729750802487
362,362,362.0,362.0,lab_hyperkalemia,lab_hyperkalemia,count,rf,2,2,brier,0.5810098502819979
363,363,363.0,363.0,lab_hyperkalemia,lab_hyperkalemia,count,rf,3,2,auroc,0.5095978060357519
364,364,364.0,364.0,lab_hyperkalemia,lab_hyperkalemia,count,rf,3,2,auprc,0.0248414616719264
365,365,365.0,365.0,lab_hyperkalemia,lab_hyperkalemia,count,rf,3,2,brier,0.2504032410098503
366,366,366.0,366.0,lab_hyperkalemia,lab_hyperkalemia,count,rf,4,2,auroc,0.5052796399355926
367,367,367.0,367.0,lab_hyperkalemia,lab_hyperkalemia,count,rf,4,2,auprc,0.0248991857266297
368,368,368.0,368.0,lab_hyperkalemia,lab_hyperkalemia,count,rf,4,2,brier,0.2946679653747663
369,369,369.0,369.0,lab_hyperkalemia,lab_hyperkalemia,count,rf,0,4,auroc,0.5115174532516196
370,370,370.0,370.0,lab_hyperkalemia,lab_hyperkalemia,count,rf,0,4,auprc,0.026073685643508
371,371,371.0,371.0,lab_hyperkalemia,lab_hyperkalemia,count,rf,0,4,brier,0.2738746013542174
372,372,372.0,372.0,lab_hyperkalemia,lab_hyperkalemia,count,rf,1,4,auroc,0.4581368319109667
373,373,373.0,373.0,lab_hyperkalemia,lab_hyperkalemia,count,rf,1,4,auprc,0.023267093370818
374,374,374.0,374.0,lab_hyperkalemia,lab_hyperkalemia,count,rf,1,4,brier,0.5884055739713763
375,375,375.0,375.0,lab_hyperkalemia,lab_hyperkalemia,count,rf,2,4,auroc,0.5331430032955017
376,376,376.0,376.0,lab_hyperkalemia,lab_hyperkalemia,count,rf,2,4,auprc,0.0280404796788885
377,377,377.0,377.0,lab_hyperkalemia,lab_hyperkalemia,count,rf,2,4,brier,0.4299475657078221
378,378,378.0,378.0,lab_hyperkalemia,lab_hyperkalemia,count,rf,3,4,auroc,0.4644107481633045
379,379,379.0,379.0,lab_hyperkalemia,lab_hyperkalemia,count,rf,3,4,auprc,0.0233591165274983
380,380,380.0,380.0,lab_hyperkalemia,lab_hyperkalemia,count,rf,3,4,brier,0.4394097685890689
381,381,381.0,381.0,lab_hyperkalemia,lab_hyperkalemia,count,rf,4,4,auroc,0.5741074942752908
382,382,382.0,382.0,lab_hyperkalemia,lab_hyperkalemia,count,rf,4,4,auprc,0.035461967886851
383,383,383.0,383.0,lab_hyperkalemia,lab_hyperkalemia,count,rf,4,4,brier,0.2172634879738582
384,384,384.0,384.0,lab_hyperkalemia,lab_hyperkalemia,count,rf,0,8,auroc,0.5512004298860769
385,385,385.0,385.0,lab_hyperkalemia,lab_hyperkalemia,count,rf,0,8,auprc,0.0316246465924271
386,386,386.0,386.0,lab_hyperkalemia,lab_hyperkalemia,count,rf,0,8,brier,0.2022489906210234
387,387,387.0,387.0,lab_hyperkalemia,lab_hyperkalemia,count,rf,1,8,auroc,0.513075381998392
388,388,388.0,388.0,lab_hyperkalemia,lab_hyperkalemia,count,rf,1,8,auprc,0.0261975227666625
389,389,389.0,389.0,lab_hyperkalemia,lab_hyperkalemia,count,rf,1,8,brier,0.3228117488570845
390,390,390.0,390.0,lab_hyperkalemia,lab_hyperkalemia,count,rf,2,8,auroc,0.5697184331582631
391,391,391.0,391.0,lab_hyperkalemia,lab_hyperkalemia,count,rf,2,8,auprc,0.0316094887274089
392,392,392.0,392.0,lab_hyperkalemia,lab_hyperkalemia,count,rf,2,8,brier,0.3027675050665326
393,393,393.0,393.0,lab_hyperkalemia,lab_hyperkalemia,count,rf,3,8,auroc,0.58263527414802
394,394,394.0,394.0,lab_hyperkalemia,lab_hyperkalemia,count,rf,3,8,auprc,0.0326761544507242
395,395,395.0,395.0,lab_hyperkalemia,lab_hyperkalemia,count,rf,3,8,brier,0.2441070727224168
396,396,396.0,396.0,lab_hyperkalemia,lab_hyperkalemia,count,rf,4,8,auroc,0.5115113031102017
397,397,397.0,397.0,lab_hyperkalemia,lab_hyperkalemia,count,rf,4,8,auprc,0.026051984238515
398,398,398.0,398.0,lab_hyperkalemia,lab_hyperkalemia,count,rf,4,8,brier,0.3173121015505946
399,399,399.0,399.0,lab_hyperkalemia,lab_hyperkalemia,count,rf,0,12,auroc,0.5742953248790702
400,400,400.0,400.0,lab_hyperkalemia,lab_hyperkalemia,count,rf,0,12,auprc,0.0406320212425284
401,401,401.0,401.0,lab_hyperkalemia,lab_hyperkalemia,count,rf,0,12,brier,0.1952119564326684
402,402,402.0,402.0,lab_hyperkalemia,lab_hyperkalemia,count,rf,1,12,auroc,0.5234155261651678
403,403,403.0,403.0,lab_hyperkalemia,lab_hyperkalemia,count,rf,1,12,auprc,0.026364003400696
404,404,404.0,404.0,lab_hyperkalemia,lab_hyperkalemia,count,rf,1,12,brier,0.2666268762582637
405,405,405.0,405.0,lab_hyperkalemia,lab_hyperkalemia,count,rf,2,12,auroc,0.5670611627470836
406,406,406.0,406.0,lab_hyperkalemia,lab_hyperkalemia,count,rf,2,12,auprc,0.0293783674427961
407,407,407.0,407.0,lab_hyperkalemia,lab_hyperkalemia,count,rf,2,12,brier,0.249262860289104
408,408,408.0,408.0,lab_hyperkalemia,lab_hyperkalemia,count,rf,3,12,auroc,0.6021319581803647
409,409,409.0,409.0,lab_hyperkalemia,lab_hyperkalemia,count,rf,3,12,auprc,0.0374694019015281
410,410,410.0,410.0,lab_hyperkalemia,lab_hyperkalemia,count,rf,3,12,brier,0.2056528539285047
411,411,411.0,411.0,lab_hyperkalemia,lab_hyperkalemia,count,rf,4,12,auroc,0.5293752204491509
412,412,412.0,412.0,lab_hyperkalemia,lab_hyperkalemia,count,rf,4,12,auprc,0.0274807379130219
413,413,413.0,413.0,lab_hyperkalemia,lab_hyperkalemia,count,rf,4,12,brier,0.3156500479160448
414,414,414.0,414.0,lab_hyperkalemia,lab_hyperkalemia,count,rf,0,16,auroc,0.5517246581998028
415,415,415.0,415.0,lab_hyperkalemia,lab_hyperkalemia,count,rf,0,16,auprc,0.02970397809296
416,416,416.0,416.0,lab_hyperkalemia,lab_hyperkalemia,count,rf,0,16,brier,0.2057429343471635
417,417,417.0,417.0,lab_hyperkalemia,lab_hyperkalemia,count,rf,1,16,auroc,0.506223316184024
418,418,418.0,418.0,lab_hyperkalemia,lab_hyperkalemia,count,rf,1,16,auprc,0.0263506544570521
419,419,419.0,419.0,lab_hyperkalemia,lab_hyperkalemia,count,rf,1,16,brier,0.2361983822185691
420,420,420.0,420.0,lab_hyperkalemia,lab_hyperkalemia,count,rf,2,16,auroc,0.5702628320705907
421,421,421.0,421.0,lab_hyperkalemia,lab_hyperkalemia,count,rf,2,16,auprc,0.0311272997345065
422,422,422.0,422.0,lab_hyperkalemia,lab_hyperkalemia,count,rf,2,16,brier,0.2707045094346982
423,423,423.0,423.0,lab_hyperkalemia,lab_hyperkalemia,count,rf,3,16,auroc,0.6225776914153538
424,424,424.0,424.0,lab_hyperkalemia,lab_hyperkalemia,count,rf,3,16,auprc,0.0449191611023138
425,425,425.0,425.0,lab_hyperkalemia,lab_hyperkalemia,count,rf,3,16,brier,0.2324620991940678
426,426,426.0,426.0,lab_hyperkalemia,lab_hyperkalemia,count,rf,4,16,auroc,0.565751281068758
427,427,427.0,427.0,lab_hyperkalemia,lab_hyperkalemia,count,rf,4,16,auprc,0.0285016745474017
428,428,428.0,428.0,lab_hyperkalemia,lab_hyperkalemia,count,rf,4,16,brier,0.2681456097905834
429,429,429.0,429.0,lab_hyperkalemia,lab_hyperkalemia,count,rf,0,24,auroc,0.540531965575042
430,430,430.0,430.0,lab_hyperkalemia,lab_hyperkalemia,count,rf,0,24,auprc,0.028555309383613
431,431,431.0,431.0,lab_hyperkalemia,lab_hyperkalemia,count,rf,0,24,brier,0.2016730819862062
432,432,432.0,432.0,lab_hyperkalemia,lab_hyperkalemia,count,rf,1,24,auroc,0.5689931879645079
433,433,433.0,433.0,lab_hyperkalemia,lab_hyperkalemia,count,rf,1,24,auprc,0.0308632345973254
434,434,434.0,434.0,lab_hyperkalemia,lab_hyperkalemia,count,rf,1,24,brier,0.2887484492041683
435,435,435.0,435.0,lab_hyperkalemia,lab_hyperkalemia,count,rf,2,24,auroc,0.5752916218825495
436,436,436.0,436.0,lab_hyperkalemia,lab_hyperkalemia,count,rf,2,24,auprc,0.0307467589802882
437,437,437.0,437.0,lab_hyperkalemia,lab_hyperkalemia,count,rf,2,24,brier,0.2464308045182474
438,438,438.0,438.0,lab_hyperkalemia,lab_hyperkalemia,count,rf,3,24,auroc,0.589424284173797
439,439,439.0,439.0,lab_hyperkalemia,lab_hyperkalemia,count,rf,3,24,auprc,0.0313517912941202
440,440,440.0,440.0,lab_hyperkalemia,lab_hyperkalemia,count,rf,3,24,brier,0.2565681114794275
441,441,441.0,441.0,lab_hyperkalemia,lab_hyperkalemia,count,rf,4,24,auroc,0.5631405745336725
442,442,442.0,442.0,lab_hyperkalemia,lab_hyperkalemia,count,rf,4,24,auprc,0.0303295094496974
443,443,443.0,443.0,lab_hyperkalemia,lab_hyperkalemia,count,rf,4,24,brier,0.2428981744772438
444,444,444.0,444.0,lab_hyperkalemia,lab_hyperkalemia,count,rf,0,32,auroc,0.5974258720397949
445,445,445.0,445.0,lab_hyperkalemia,lab_hyperkalemia,count,rf,0,32,auprc,0.0418524696291388
446,446,446.0,446.0,lab_hyperkalemia,lab_hyperkalemia,count,rf,0,32,brier,0.1946649788206958
447,447,447.0,447.0,lab_hyperkalemia,lab_hyperkalemia,count,rf,1,32,auroc,0.6006461109562609
448,448,448.0,448.0,lab_hyperkalemia,lab_hyperkalemia,count,rf,1,32,auprc,0.0347967570459754
449,449,449.0,449.0,lab_hyperkalemia,lab_hyperkalemia,count,rf,1,32,brier,0.2242645279876832
450,450,450.0,450.0,lab_hyperkalemia,lab_hyperkalemia,count,rf,2,32,auroc,0.5820917715916025
451,451,451.0,451.0,lab_hyperkalemia,lab_hyperkalemia,count,rf,2,32,auprc,0.0381977037994298
452,452,452.0,452.0,lab_hyperkalemia,lab_hyperkalemia,count,rf,2,32,brier,0.1582359586844004
453,453,453.0,453.0,lab_hyperkalemia,lab_hyperkalemia,count,rf,3,32,auroc,0.5421315049247866
454,454,454.0,454.0,lab_hyperkalemia,lab_hyperkalemia,count,rf,3,32,auprc,0.0279713705305207
455,455,455.0,455.0,lab_hyperkalemia,lab_hyperkalemia,count,rf,3,32,brier,0.2231593169214334
456,456,456.0,456.0,lab_hyperkalemia,lab_hyperkalemia,count,rf,4,32,auroc,0.5435109085892513
457,457,457.0,457.0,lab_hyperkalemia,lab_hyperkalemia,count,rf,4,32,auprc,0.029076752314782
458,458,458.0,458.0,lab_hyperkalemia,lab_hyperkalemia,count,rf,4,32,brier,0.2360474761598039
459,459,459.0,459.0,lab_hyperkalemia,lab_hyperkalemia,count,rf,0,48,auroc,0.5734483151752351
460,460,460.0,460.0,lab_hyperkalemia,lab_hyperkalemia,count,rf,0,48,auprc,0.0399693746805241
461,461,461.0,461.0,lab_hyperkalemia,lab_hyperkalemia,count,rf,0,48,brier,0.2086499905575967
462,462,462.0,462.0,lab_hyperkalemia,lab_hyperkalemia,count,rf,1,48,auroc,0.5366916297124512
463,463,463.0,463.0,lab_hyperkalemia,lab_hyperkalemia,count,rf,1,48,auprc,0.0279202389616825
464,464,464.0,464.0,lab_hyperkalemia,lab_hyperkalemia,count,rf,1,48,brier,0.2669869841170094
465,465,465.0,465.0,lab_hyperkalemia,lab_hyperkalemia,count,rf,2,48,auroc,0.6133826237893937
466,466,466.0,466.0,lab_hyperkalemia,lab_hyperkalemia,count,rf,2,48,auprc,0.0496551041749287
467,467,467.0,467.0,lab_hyperkalemia,lab_hyperkalemia,count,rf,2,48,brier,0.1984717715049379
468,468,468.0,468.0,lab_hyperkalemia,lab_hyperkalemia,count,rf,3,48,auroc,0.6223671462201872
469,469,469.0,469.0,lab_hyperkalemia,lab_hyperkalemia,count,rf,3,48,auprc,0.0368335871560619
470,470,470.0,470.0,lab_hyperkalemia,lab_hyperkalemia,count,rf,3,48,brier,0.2681412282217648
471,471,471.0,471.0,lab_hyperkalemia,lab_hyperkalemia,count,rf,4,48,auroc,0.5646790995065524
472,472,472.0,472.0,lab_hyperkalemia,lab_hyperkalemia,count,rf,4,48,auprc,0.0313529033517485
473,473,473.0,473.0,lab_hyperkalemia,lab_hyperkalemia,count,rf,4,48,brier,0.2458761959373478
474,474,474.0,474.0,lab_hyperkalemia,lab_hyperkalemia,count,rf,0,64,auroc,0.5802017766582412
475,475,475.0,475.0,lab_hyperkalemia,lab_hyperkalemia,count,rf,0,64,auprc,0.041360345561227
476,476,476.0,476.0,lab_hyperkalemia,lab_hyperkalemia,count,rf,0,64,brier,0.1975037194209058
477,477,477.0,477.0,lab_hyperkalemia,lab_hyperkalemia,count,rf,1,64,auroc,0.6052117749125752
478,478,478.0,478.0,lab_hyperkalemia,lab_hyperkalemia,count,rf,1,64,auprc,0.0341688607447508
479,479,479.0,479.0,lab_hyperkalemia,lab_hyperkalemia,count,rf,1,64,brier,0.2226483839334147
480,480,480.0,480.0,lab_hyperkalemia,lab_hyperkalemia,count,rf,2,64,auroc,0.5808378266670671
481,481,481.0,481.0,lab_hyperkalemia,lab_hyperkalemia,count,rf,2,64,auprc,0.0428015207216405
482,482,482.0,482.0,lab_hyperkalemia,lab_hyperkalemia,count,rf,2,64,brier,0.225069684841351
483,483,483.0,483.0,lab_hyperkalemia,lab_hyperkalemia,count,rf,3,64,auroc,0.6438001507245779
484,484,484.0,484.0,lab_hyperkalemia,lab_hyperkalemia,count,rf,3,64,auprc,0.0561550656119879
485,485,485.0,485.0,lab_hyperkalemia,lab_hyperkalemia,count,rf,3,64,brier,0.2229473478746086
486,486,486.0,486.0,lab_hyperkalemia,lab_hyperkalemia,count,rf,4,64,auroc,0.6008177138911933
487,487,487.0,487.0,lab_hyperkalemia,lab_hyperkalemia,count,rf,4,64,auprc,0.0408929497547955
488,488,488.0,488.0,lab_hyperkalemia,lab_hyperkalemia,count,rf,4,64,brier,0.2132558983865646
489,489,489.0,489.0,lab_hyperkalemia,lab_hyperkalemia,count,rf,0,128,auroc,0.6552849621135745
490,490,490.0,490.0,lab_hyperkalemia,lab_hyperkalemia,count,rf,0,128,auprc,0.0602816906114995
491,491,491.0,491.0,lab_hyperkalemia,lab_hyperkalemia,count,rf,0,128,brier,0.1900796183154632
492,492,492.0,492.0,lab_hyperkalemia,lab_hyperkalemia,count,rf,1,128,auroc,0.6215301259625645
493,493,493.0,493.0,lab_hyperkalemia,lab_hyperkalemia,count,rf,1,128,auprc,0.0436013067530101
494,494,494.0,494.0,lab_hyperkalemia,lab_hyperkalemia,count,rf,1,128,brier,0.2003960852801021
495,495,495.0,495.0,lab_hyperkalemia,lab_hyperkalemia,count,rf,2,128,auroc,0.6378036436733034
496,496,496.0,496.0,lab_hyperkalemia,lab_hyperkalemia,count,rf,2,128,auprc,0.0491565694990669
497,497,497.0,497.0,lab_hyperkalemia,lab_hyperkalemia,count,rf,2,128,brier,0.2119487582710208
498,498,498.0,498.0,lab_hyperkalemia,lab_hyperkalemia,count,rf,3,128,auroc,0.616047344835248
499,499,499.0,499.0,lab_hyperkalemia,lab_hyperkalemia,count,rf,3,128,auprc,0.0463685448656112
500,500,500.0,500.0,lab_hyperkalemia,lab_hyperkalemia,count,rf,3,128,brier,0.2157897007827592
501,501,501.0,501.0,lab_hyperkalemia,lab_hyperkalemia,count,rf,4,128,auroc,0.6179692562565072
502,502,502.0,502.0,lab_hyperkalemia,lab_hyperkalemia,count,rf,4,128,auprc,0.0422215156479998
503,503,503.0,503.0,lab_hyperkalemia,lab_hyperkalemia,count,rf,4,128,brier,0.1944126356966679
504,504,504.0,504.0,lab_hyperkalemia,lab_hyperkalemia,clmbr,lr_lbfgs,0,-1,auroc,0.7922258399077671
505,505,505.0,505.0,lab_hyperkalemia,lab_hyperkalemia,clmbr,lr_lbfgs,0,-1,auprc,0.1532715550026328
506,506,506.0,506.0,lab_hyperkalemia,lab_hyperkalemia,clmbr,lr_lbfgs,0,-1,brier,0.0222092064064669
507,507,507.0,507.0,lab_hyperkalemia,lab_hyperkalemia,clmbr,lr_lbfgs,0,1,auroc,0.4804971191950048
508,508,508.0,508.0,lab_hyperkalemia,lab_hyperkalemia,clmbr,lr_lbfgs,0,1,auprc,0.0233617922530097
509,509,509.0,509.0,lab_hyperkalemia,lab_hyperkalemia,clmbr,lr_lbfgs,0,1,brier,0.2499995376303158
510,510,510.0,510.0,lab_hyperkalemia,lab_hyperkalemia,clmbr,lr_lbfgs,1,1,auroc,0.5319873466461978
511,511,511.0,511.0,lab_hyperkalemia,lab_hyperkalemia,clmbr,lr_lbfgs,1,1,auprc,0.0300667654662036
512,512,512.0,512.0,lab_hyperkalemia,lab_hyperkalemia,clmbr,lr_lbfgs,1,1,brier,0.249998975350614
513,513,513.0,513.0,lab_hyperkalemia,lab_hyperkalemia,clmbr,lr_lbfgs,2,1,auroc,0.468147427977699
514,514,514.0,514.0,lab_hyperkalemia,lab_hyperkalemia,clmbr,lr_lbfgs,2,1,auprc,0.0228719088001794
515,515,515.0,515.0,lab_hyperkalemia,lab_hyperkalemia,clmbr,lr_lbfgs,2,1,brier,0.2499953205013414
516,516,516.0,516.0,lab_hyperkalemia,lab_hyperkalemia,clmbr,lr_lbfgs,3,1,auroc,0.5932164862421389
517,517,517.0,517.0,lab_hyperkalemia,lab_hyperkalemia,clmbr,lr_lbfgs,3,1,auprc,0.0353123974809753
518,518,518.0,518.0,lab_hyperkalemia,lab_hyperkalemia,clmbr,lr_lbfgs,3,1,brier,0.2500015903725643
519,519,519.0,519.0,lab_hyperkalemia,lab_hyperkalemia,clmbr,lr_lbfgs,4,1,auroc,0.5947344675665582
520,520,520.0,520.0,lab_hyperkalemia,lab_hyperkalemia,clmbr,lr_lbfgs,4,1,auprc,0.0352454665537203
521,521,521.0,521.0,lab_hyperkalemia,lab_hyperkalemia,clmbr,lr_lbfgs,4,1,brier,0.2500017475148184
522,522,522.0,522.0,lab_hyperkalemia,lab_hyperkalemia,clmbr,lr_lbfgs,0,2,auroc,0.5020342719661549
523,523,523.0,523.0,lab_hyperkalemia,lab_hyperkalemia,clmbr,lr_lbfgs,0,2,auprc,0.02574695131908
524,524,524.0,524.0,lab_hyperkalemia,lab_hyperkalemia,clmbr,lr_lbfgs,0,2,brier,0.2499982437086778
525,525,525.0,525.0,lab_hyperkalemia,lab_hyperkalemia,clmbr,lr_lbfgs,1,2,auroc,0.5856415948768483
526,526,526.0,526.0,lab_hyperkalemia,lab_hyperkalemia,clmbr,lr_lbfgs,1,2,auprc,0.0370231725683386
527,527,527.0,527.0,lab_hyperkalemia,lab_hyperkalemia,clmbr,lr_lbfgs,1,2,brier,0.250002081335521
528,528,528.0,528.0,lab_hyperkalemia,lab_hyperkalemia,clmbr,lr_lbfgs,2,2,auroc,0.5102972952455231
529,529,529.0,529.0,lab_hyperkalemia,lab_hyperkalemia,clmbr,lr_lbfgs,2,2,auprc,0.0262396380881305
530,530,530.0,530.0,lab_hyperkalemia,lab_hyperkalemia,clmbr,lr_lbfgs,2,2,brier,0.2499983660263856
531,531,531.0,531.0,lab_hyperkalemia,lab_hyperkalemia,clmbr,lr_lbfgs,3,2,auroc,0.5649632132425737
532,532,532.0,532.0,lab_hyperkalemia,lab_hyperkalemia,clmbr,lr_lbfgs,3,2,auprc,0.0309956491299757
533,533,533.0,533.0,lab_hyperkalemia,lab_hyperkalemia,clmbr,lr_lbfgs,3,2,brier,0.2500007036144824
534,534,534.0,534.0,lab_hyperkalemia,lab_hyperkalemia,clmbr,lr_lbfgs,4,2,auroc,0.6340196227956095
535,535,535.0,535.0,lab_hyperkalemia,lab_hyperkalemia,clmbr,lr_lbfgs,4,2,auprc,0.0449818958225331
536,536,536.0,536.0,lab_hyperkalemia,lab_hyperkalemia,clmbr,lr_lbfgs,4,2,brier,0.2500020311106677
537,537,537.0,537.0,lab_hyperkalemia,lab_hyperkalemia,clmbr,lr_lbfgs,0,4,auroc,0.5353775719482091
538,538,538.0,538.0,lab_hyperkalemia,lab_hyperkalemia,clmbr,lr_lbfgs,0,4,auprc,0.0297486128416736
539,539,539.0,539.0,lab_hyperkalemia,lab_hyperkalemia,clmbr,lr_lbfgs,0,4,brier,0.25000145344037
540,540,540.0,540.0,lab_hyperkalemia,lab_hyperkalemia,clmbr,lr_lbfgs,1,4,auroc,0.5601166116552837
541,541,541.0,541.0,lab_hyperkalemia,lab_hyperkalemia,clmbr,lr_lbfgs,1,4,auprc,0.0307848780109231
542,542,542.0,542.0,lab_hyperkalemia,lab_hyperkalemia,clmbr,lr_lbfgs,1,4,brier,0.2462162040619395
543,543,543.0,543.0,lab_hyperkalemia,lab_hyperkalemia,clmbr,lr_lbfgs,2,4,auroc,0.5664869457523123
544,544,544.0,544.0,lab_hyperkalemia,lab_hyperkalemia,clmbr,lr_lbfgs,2,4,auprc,0.0301037679271409
545,545,545.0,545.0,lab_hyperkalemia,lab_hyperkalemia,clmbr,lr_lbfgs,2,4,brier,0.4584691279778219
546,546,546.0,546.0,lab_hyperkalemia,lab_hyperkalemia,clmbr,lr_lbfgs,3,4,auroc,0.581727845910844
547,547,547.0,547.0,lab_hyperkalemia,lab_hyperkalemia,clmbr,lr_lbfgs,3,4,auprc,0.0325719122779127
548,548,548.0,548.0,lab_hyperkalemia,lab_hyperkalemia,clmbr,lr_lbfgs,3,4,brier,0.2499974598161984
549,549,549.0,549.0,lab_hyperkalemia,lab_hyperkalemia,clmbr,lr_lbfgs,4,4,auroc,0.6528900286529233
550,550,550.0,550.0,lab_hyperkalemia,lab_hyperkalemia,clmbr,lr_lbfgs,4,4,auprc,0.0447584094561025
551,551,551.0,551.0,lab_hyperkalemia,lab_hyperkalemia,clmbr,lr_lbfgs,4,4,brier,0.2500017578174455
552,552,552.0,552.0,lab_hyperkalemia,lab_hyperkalemia,clmbr,lr_lbfgs,0,8,auroc,0.5726298748730672
553,553,553.0,553.0,lab_hyperkalemia,lab_hyperkalemia,clmbr,lr_lbfgs,0,8,auprc,0.0393200283783571
554,554,554.0,554.0,lab_hyperkalemia,lab_hyperkalemia,clmbr,lr_lbfgs,0,8,brier,0.309669324554284
555,555,555.0,555.0,lab_hyperkalemia,lab_hyperkalemia,clmbr,lr_lbfgs,1,8,auroc,0.5959136056319586
556,556,556.0,556.0,lab_hyperkalemia,lab_hyperkalemia,clmbr,lr_lbfgs,1,8,auprc,0.0351061091069967
557,557,557.0,557.0,lab_hyperkalemia,lab_hyperkalemia,clmbr,lr_lbfgs,1,8,brier,0.2459611781633074
558,558,558.0,558.0,lab_hyperkalemia,lab_hyperkalemia,clmbr,lr_lbfgs,2,8,auroc,0.5902012589479377
559,559,559.0,559.0,lab_hyperkalemia,lab_hyperkalemia,clmbr,lr_lbfgs,2,8,auprc,0.0353008577069135
560,560,560.0,560.0,lab_hyperkalemia,lab_hyperkalemia,clmbr,lr_lbfgs,2,8,brier,0.2500057727823771
561,561,561.0,561.0,lab_hyperkalemia,lab_hyperkalemia,clmbr,lr_lbfgs,3,8,auroc,0.6538965586212724
562,562,562.0,562.0,lab_hyperkalemia,lab_hyperkalemia,clmbr,lr_lbfgs,3,8,auprc,0.0467619368766242
563,563,563.0,563.0,lab_hyperkalemia,lab_hyperkalemia,clmbr,lr_lbfgs,3,8,brier,0.2338679918983672
564,564,564.0,564.0,lab_hyperkalemia,lab_hyperkalemia,clmbr,lr_lbfgs,4,8,auroc,0.6655069997313834
565,565,565.0,565.0,lab_hyperkalemia,lab_hyperkalemia,clmbr,lr_lbfgs,4,8,auprc,0.0466606220541667
566,566,566.0,566.0,lab_hyperkalemia,lab_hyperkalemia,clmbr,lr_lbfgs,4,8,brier,0.249999467795232
567,567,567.0,567.0,lab_hyperkalemia,lab_hyperkalemia,clmbr,lr_lbfgs,0,12,auroc,0.6247711675898926
568,568,568.0,568.0,lab_hyperkalemia,lab_hyperkalemia,clmbr,lr_lbfgs,0,12,auprc,0.0628531534155517
569,569,569.0,569.0,lab_hyperkalemia,lab_hyperkalemia,clmbr,lr_lbfgs,0,12,brier,0.2807803682499711
570,570,570.0,570.0,lab_hyperkalemia,lab_hyperkalemia,clmbr,lr_lbfgs,1,12,auroc,0.6059608849347815
571,571,571.0,571.0,lab_hyperkalemia,lab_hyperkalemia,clmbr,lr_lbfgs,1,12,auprc,0.0398859081523479
572,572,572.0,572.0,lab_hyperkalemia,lab_hyperkalemia,clmbr,lr_lbfgs,1,12,brier,0.2212809188662229
573,573,573.0,573.0,lab_hyperkalemia,lab_hyperkalemia,clmbr,lr_lbfgs,2,12,auroc,0.6308330101788934
574,574,574.0,574.0,lab_hyperkalemia,lab_hyperkalemia,clmbr,lr_lbfgs,2,12,auprc,0.0414972556911189
575,575,575.0,575.0,lab_hyperkalemia,lab_hyperkalemia,clmbr,lr_lbfgs,2,12,brier,0.2379896340557875
576,576,576.0,576.0,lab_hyperkalemia,lab_hyperkalemia,clmbr,lr_lbfgs,3,12,auroc,0.6309192261462024
577,577,577.0,577.0,lab_hyperkalemia,lab_hyperkalemia,clmbr,lr_lbfgs,3,12,auprc,0.0409145508098396
578,578,578.0,578.0,lab_hyperkalemia,lab_hyperkalemia,clmbr,lr_lbfgs,3,12,brier,0.326287690921466
579,579,579.0,579.0,lab_hyperkalemia,lab_hyperkalemia,clmbr,lr_lbfgs,4,12,auroc,0.6137114206084721
580,580,580.0,580.0,lab_hyperkalemia,lab_hyperkalemia,clmbr,lr_lbfgs,4,12,auprc,0.0408591926664885
581,581,581.0,581.0,lab_hyperkalemia,lab_hyperkalemia,clmbr,lr_lbfgs,4,12,brier,0.2485583412067875
582,582,582.0,582.0,lab_hyperkalemia,lab_hyperkalemia,clmbr,lr_lbfgs,0,16,auroc,0.6472436392563932
583,583,583.0,583.0,lab_hyperkalemia,lab_hyperkalemia,clmbr,lr_lbfgs,0,16,auprc,0.0740514297017866
584,584,584.0,584.0,lab_hyperkalemia,lab_hyperkalemia,clmbr,lr_lbfgs,0,16,brier,0.294767564499943
585,585,585.0,585.0,lab_hyperkalemia,lab_hyperkalemia,clmbr,lr_lbfgs,1,16,auroc,0.6081032480974509
586,586,586.0,586.0,lab_hyperkalemia,lab_hyperkalemia,clmbr,lr_lbfgs,1,16,auprc,0.046892523014673
587,587,587.0,587.0,lab_hyperkalemia,lab_hyperkalemia,clmbr,lr_lbfgs,1,16,brier,0.2467740769546786
588,588,588.0,588.0,lab_hyperkalemia,lab_hyperkalemia,clmbr,lr_lbfgs,2,16,auroc,0.6332089232780065
589,589,589.0,589.0,lab_hyperkalemia,lab_hyperkalemia,clmbr,lr_lbfgs,2,16,auprc,0.0445709174513043
590,590,590.0,590.0,lab_hyperkalemia,lab_hyperkalemia,clmbr,lr_lbfgs,2,16,brier,0.2413572803819099
591,591,591.0,591.0,lab_hyperkalemia,lab_hyperkalemia,clmbr,lr_lbfgs,3,16,auroc,0.656376303931015
592,592,592.0,592.0,lab_hyperkalemia,lab_hyperkalemia,clmbr,lr_lbfgs,3,16,auprc,0.0429476593007276
593,593,593.0,593.0,lab_hyperkalemia,lab_hyperkalemia,clmbr,lr_lbfgs,3,16,brier,0.2499998157883656
594,594,594.0,594.0,lab_hyperkalemia,lab_hyperkalemia,clmbr,lr_lbfgs,4,16,auroc,0.6229001256618449
595,595,595.0,595.0,lab_hyperkalemia,lab_hyperkalemia,clmbr,lr_lbfgs,4,16,auprc,0.0367487785561769
596,596,596.0,596.0,lab_hyperkalemia,lab_hyperkalemia,clmbr,lr_lbfgs,4,16,brier,0.2499951656181163
597,597,597.0,597.0,lab_hyperkalemia,lab_hyperkalemia,clmbr,lr_lbfgs,0,24,auroc,0.6399410224753628
598,598,598.0,598.0,lab_hyperkalemia,lab_hyperkalemia,clmbr,lr_lbfgs,0,24,auprc,0.0668239400294552
599,599,599.0,599.0,lab_hyperkalemia,lab_hyperkalemia,clmbr,lr_lbfgs,0,24,brier,0.2449094117978633
600,600,600.0,600.0,lab_hyperkalemia,lab_hyperkalemia,clmbr,lr_lbfgs,1,24,auroc,0.6075446370217622
601,601,601.0,601.0,lab_hyperkalemia,lab_hyperkalemia,clmbr,lr_lbfgs,1,24,auprc,0.047304325631609
602,602,602.0,602.0,lab_hyperkalemia,lab_hyperkalemia,clmbr,lr_lbfgs,1,24,brier,0.2499963518945845
603,603,603.0,603.0,lab_hyperkalemia,lab_hyperkalemia,clmbr,lr_lbfgs,2,24,auroc,0.6319139325065346
604,604,604.0,604.0,lab_hyperkalemia,lab_hyperkalemia,clmbr,lr_lbfgs,2,24,auprc,0.0414066569841657
605,605,605.0,605.0,lab_hyperkalemia,lab_hyperkalemia,clmbr,lr_lbfgs,2,24,brier,0.250003135090207
606,606,606.0,606.0,lab_hyperkalemia,lab_hyperkalemia,clmbr,lr_lbfgs,3,24,auroc,0.6722118973765538
607,607,607.0,607.0,lab_hyperkalemia,lab_hyperkalemia,clmbr,lr_lbfgs,3,24,auprc,0.0555751752348539
608,608,608.0,608.0,lab_hyperkalemia,lab_hyperkalemia,clmbr,lr_lbfgs,3,24,brier,0.24975177762722
609,609,609.0,609.0,lab_hyperkalemia,lab_hyperkalemia,clmbr,lr_lbfgs,4,24,auroc,0.6011350912396017
610,610,610.0,610.0,lab_hyperkalemia,lab_hyperkalemia,clmbr,lr_lbfgs,4,24,auprc,0.0351942121451319
611,611,611.0,611.0,lab_hyperkalemia,lab_hyperkalemia,clmbr,lr_lbfgs,4,24,brier,0.341032568062108
612,612,612.0,612.0,lab_hyperkalemia,lab_hyperkalemia,clmbr,lr_lbfgs,0,32,auroc,0.6469395621716915
613,613,613.0,613.0,lab_hyperkalemia,lab_hyperkalemia,clmbr,lr_lbfgs,0,32,auprc,0.0661603591247756
614,614,614.0,614.0,lab_hyperkalemia,lab_hyperkalemia,clmbr,lr_lbfgs,0,32,brier,0.2211914878983745
615,615,615.0,615.0,lab_hyperkalemia,lab_hyperkalemia,clmbr,lr_lbfgs,1,32,auroc,0.6192143930593825
616,616,616.0,616.0,lab_hyperkalemia,lab_hyperkalemia,clmbr,lr_lbfgs,1,32,auprc,0.0541425766916476
617,617,617.0,617.0,lab_hyperkalemia,lab_hyperkalemia,clmbr,lr_lbfgs,1,32,brier,0.2499959390097252
618,618,618.0,618.0,lab_hyperkalemia,lab_hyperkalemia,clmbr,lr_lbfgs,2,32,auroc,0.7106411000676609
619,619,619.0,619.0,lab_hyperkalemia,lab_hyperkalemia,clmbr,lr_lbfgs,2,32,auprc,0.061040064950163
620,620,620.0,620.0,lab_hyperkalemia,lab_hyperkalemia,clmbr,lr_lbfgs,2,32,brier,0.1966244066821639
621,621,621.0,621.0,lab_hyperkalemia,lab_hyperkalemia,clmbr,lr_lbfgs,3,32,auroc,0.6893674862965833
622,622,622.0,622.0,lab_hyperkalemia,lab_hyperkalemia,clmbr,lr_lbfgs,3,32,auprc,0.0700857079466897
623,623,623.0,623.0,lab_hyperkalemia,lab_hyperkalemia,clmbr,lr_lbfgs,3,32,brier,0.2394527586829095
624,624,624.0,624.0,lab_hyperkalemia,lab_hyperkalemia,clmbr,lr_lbfgs,4,32,auroc,0.630924448844222
625,625,625.0,625.0,lab_hyperkalemia,lab_hyperkalemia,clmbr,lr_lbfgs,4,32,auprc,0.0414401415150888
626,626,626.0,626.0,lab_hyperkalemia,lab_hyperkalemia,clmbr,lr_lbfgs,4,32,brier,0.2275481517567453
627,627,627.0,627.0,lab_hyperkalemia,lab_hyperkalemia,clmbr,lr_lbfgs,0,48,auroc,0.6906531767278318
628,628,628.0,628.0,lab_hyperkalemia,lab_hyperkalemia,clmbr,lr_lbfgs,0,48,auprc,0.0702208360681054
629,629,629.0,629.0,lab_hyperkalemia,lab_hyperkalemia,clmbr,lr_lbfgs,0,48,brier,0.3127863935914578
630,630,630.0,630.0,lab_hyperkalemia,lab_hyperkalemia,clmbr,lr_lbfgs,1,48,auroc,0.63667203837738
631,631,631.0,631.0,lab_hyperkalemia,lab_hyperkalemia,clmbr,lr_lbfgs,1,48,auprc,0.0534465712271377
632,632,632.0,632.0,lab_hyperkalemia,lab_hyperkalemia,clmbr,lr_lbfgs,1,48,brier,0.2499969334740151
633,633,633.0,633.0,lab_hyperkalemia,lab_hyperkalemia,clmbr,lr_lbfgs,2,48,auroc,0.7121975780649834
634,634,634.0,634.0,lab_hyperkalemia,lab_hyperkalemia,clmbr,lr_lbfgs,2,48,auprc,0.0854076969259293
635,635,635.0,635.0,lab_hyperkalemia,lab_hyperkalemia,clmbr,lr_lbfgs,2,48,brier,0.2449703496545554
636,636,636.0,636.0,lab_hyperkalemia,lab_hyperkalemia,clmbr,lr_lbfgs,3,48,auroc,0.7180243785181062
637,637,637.0,637.0,lab_hyperkalemia,lab_hyperkalemia,clmbr,lr_lbfgs,3,48,auprc,0.0859202783146421
638,638,638.0,638.0,lab_hyperkalemia,lab_hyperkalemia,clmbr,lr_lbfgs,3,48,brier,0.2409995546001227
639,639,639.0,639.0,lab_hyperkalemia,lab_hyperkalemia,clmbr,lr_lbfgs,4,48,auroc,0.6450144331954022
640,640,640.0,640.0,lab_hyperkalemia,lab_hyperkalemia,clmbr,lr_lbfgs,4,48,auprc,0.045294900477466
641,641,641.0,641.0,lab_hyperkalemia,lab_hyperkalemia,clmbr,lr_lbfgs,4,48,brier,0.3838681188283586
642,642,642.0,642.0,lab_hyperkalemia,lab_hyperkalemia,clmbr,lr_lbfgs,0,64,auroc,0.7106840111638901
643,643,643.0,643.0,lab_hyperkalemia,lab_hyperkalemia,clmbr,lr_lbfgs,0,64,auprc,0.0793440105139806
644,644,644.0,644.0,lab_hyperkalemia,lab_hyperkalemia,clmbr,lr_lbfgs,0,64,brier,0.2037586575902016
645,645,645.0,645.0,lab_hyperkalemia,lab_hyperkalemia,clmbr,lr_lbfgs,1,64,auroc,0.6626705669443879
646,646,646.0,646.0,lab_hyperkalemia,lab_hyperkalemia,clmbr,lr_lbfgs,1,64,auprc,0.0562083528146108
647,647,647.0,647.0,lab_hyperkalemia,lab_hyperkalemia,clmbr,lr_lbfgs,1,64,brier,0.2219916979054524
648,648,648.0,648.0,lab_hyperkalemia,lab_hyperkalemia,clmbr,lr_lbfgs,2,64,auroc,0.7134314508346297
649,649,649.0,649.0,lab_hyperkalemia,lab_hyperkalemia,clmbr,lr_lbfgs,2,64,auprc,0.0943272731268589
650,650,650.0,650.0,lab_hyperkalemia,lab_hyperkalemia,clmbr,lr_lbfgs,2,64,brier,0.2084779134283768
651,651,651.0,651.0,lab_hyperkalemia,lab_hyperkalemia,clmbr,lr_lbfgs,3,64,auroc,0.7314087649680816
652,652,652.0,652.0,lab_hyperkalemia,lab_hyperkalemia,clmbr,lr_lbfgs,3,64,auprc,0.09100470681613
653,653,653.0,653.0,lab_hyperkalemia,lab_hyperkalemia,clmbr,lr_lbfgs,3,64,brier,0.235200121118636
654,654,654.0,654.0,lab_hyperkalemia,lab_hyperkalemia,clmbr,lr_lbfgs,4,64,auroc,0.645605100652686
655,655,655.0,655.0,lab_hyperkalemia,lab_hyperkalemia,clmbr,lr_lbfgs,4,64,auprc,0.0553443206437413
656,656,656.0,656.0,lab_hyperkalemia,lab_hyperkalemia,clmbr,lr_lbfgs,4,64,brier,0.2175778258034122
657,657,657.0,657.0,lab_hyperkalemia,lab_hyperkalemia,clmbr,lr_lbfgs,0,128,auroc,0.752366944358764
658,658,658.0,658.0,lab_hyperkalemia,lab_hyperkalemia,clmbr,lr_lbfgs,0,128,auprc,0.09662324080635
659,659,659.0,659.0,lab_hyperkalemia,lab_hyperkalemia,clmbr,lr_lbfgs,0,128,brier,0.2032389937280001
660,660,660.0,660.0,lab_hyperkalemia,lab_hyperkalemia,clmbr,lr_lbfgs,1,128,auroc,0.7166732022929385
661,661,661.0,661.0,lab_hyperkalemia,lab_hyperkalemia,clmbr,lr_lbfgs,1,128,auprc,0.0805998243740707
662,662,662.0,662.0,lab_hyperkalemia,lab_hyperkalemia,clmbr,lr_lbfgs,1,128,brier,0.2028582352035505
663,663,663.0,663.0,lab_hyperkalemia,lab_hyperkalemia,clmbr,lr_lbfgs,2,128,auroc,0.7215321559755448
664,664,664.0,664.0,lab_hyperkalemia,lab_hyperkalemia,clmbr,lr_lbfgs,2,128,auprc,0.0916240850753604
665,665,665.0,665.0,lab_hyperkalemia,lab_hyperkalemia,clmbr,lr_lbfgs,2,128,brier,0.2082028799882804
666,666,666.0,666.0,lab_hyperkalemia,lab_hyperkalemia,clmbr,lr_lbfgs,3,128,auroc,0.6981031222967485
667,667,667.0,667.0,lab_hyperkalemia,lab_hyperkalemia,clmbr,lr_lbfgs,3,128,auprc,0.0699046060472536
668,668,668.0,668.0,lab_hyperkalemia,lab_hyperkalemia,clmbr,lr_lbfgs,3,128,brier,0.3232542100911596
669,669,669.0,669.0,lab_hyperkalemia,lab_hyperkalemia,clmbr,lr_lbfgs,4,128,auroc,0.7032894790427118
670,670,670.0,670.0,lab_hyperkalemia,lab_hyperkalemia,clmbr,lr_lbfgs,4,128,auprc,0.0748951686453704
671,671,671.0,671.0,lab_hyperkalemia,lab_hyperkalemia,clmbr,lr_lbfgs,4,128,brier,0.2074071454946163
672,672,672.0,,lab_hyperkalemia,lab_hyperkalemia,clmbr,knn,0,-1,auroc,0.5669169841580024
673,673,673.0,,lab_hyperkalemia,lab_hyperkalemia,clmbr,knn,0,-1,auprc,0.0404632687960271
674,674,674.0,,lab_hyperkalemia,lab_hyperkalemia,clmbr,knn,0,-1,brier,0.0268082373377414
675,675,675.0,,lab_hyperkalemia,lab_hyperkalemia,clmbr,knn,0,1,auroc,0.4843989771967678
676,676,676.0,,lab_hyperkalemia,lab_hyperkalemia,clmbr,knn,0,1,auprc,0.023715744383537
677,677,677.0,,lab_hyperkalemia,lab_hyperkalemia,clmbr,knn,0,1,brier,0.5010604370571693
678,678,678.0,,lab_hyperkalemia,lab_hyperkalemia,clmbr,knn,1,1,auroc,0.5205030844694929
679,679,679.0,,lab_hyperkalemia,lab_hyperkalemia,clmbr,knn,1,1,auprc,0.0254781760232678
680,680,680.0,,lab_hyperkalemia,lab_hyperkalemia,clmbr,knn,1,1,brier,0.4453050131179991
681,681,681.0,,lab_hyperkalemia,lab_hyperkalemia,clmbr,knn,2,1,auroc,0.4846698010315782
682,682,682.0,,lab_hyperkalemia,lab_hyperkalemia,clmbr,knn,2,1,auprc,0.0237444688923867
683,683,683.0,,lab_hyperkalemia,lab_hyperkalemia,clmbr,knn,2,1,brier,0.3658743499913594
684,684,684.0,,lab_hyperkalemia,lab_hyperkalemia,clmbr,knn,3,1,auroc,0.5619677731346197
685,685,685.0,,lab_hyperkalemia,lab_hyperkalemia,clmbr,knn,3,1,auprc,0.0279992543691529
686,686,686.0,,lab_hyperkalemia,lab_hyperkalemia,clmbr,knn,3,1,brier,0.5541451306301353
687,687,687.0,,lab_hyperkalemia,lab_hyperkalemia,clmbr,knn,4,1,auroc,0.5634828840476275
688,688,688.0,,lab_hyperkalemia,lab_hyperkalemia,clmbr,knn,4,1,auprc,0.0280552275509481
689,689,689.0,,lab_hyperkalemia,lab_hyperkalemia,clmbr,knn,4,1,brier,0.5952586680910562
690,690,690.0,,lab_hyperkalemia,lab_hyperkalemia,clmbr,knn,0,2,auroc,0.5061659390432801
691,691,691.0,,lab_hyperkalemia,lab_hyperkalemia,clmbr,knn,0,2,auprc,0.0247154768494972
692,692,692.0,,lab_hyperkalemia,lab_hyperkalemia,clmbr,knn,0,2,brier,0.436554443624024
693,693,693.0,,lab_hyperkalemia,lab_hyperkalemia,clmbr,knn,1,2,auroc,0.533607165400753
694,694,694.0,,lab_hyperkalemia,lab_hyperkalemia,clmbr,knn,1,2,auprc,0.0261971591853704
695,695,695.0,,lab_hyperkalemia,lab_hyperkalemia,clmbr,knn,1,2,brier,0.3003978166342863
696,696,696.0,,lab_hyperkalemia,lab_hyperkalemia,clmbr,knn,2,2,auroc,0.5139865821841376
697,697,697.0,,lab_hyperkalemia,lab_hyperkalemia,clmbr,knn,2,2,auprc,0.0251153857072156
698,698,698.0,,lab_hyperkalemia,lab_hyperkalemia,clmbr,knn,2,2,brier,0.5100466592305154
699,699,699.0,,lab_hyperkalemia,lab_hyperkalemia,clmbr,knn,3,2,auroc,0.54861873833999
700,700,700.0,,lab_hyperkalemia,lab_hyperkalemia,clmbr,knn,3,2,auprc,0.0270835309368655
701,701,701.0,,lab_hyperkalemia,lab_hyperkalemia,clmbr,knn,3,2,brier,0.6101833377845506
702,702,702.0,,lab_hyperkalemia,lab_hyperkalemia,clmbr,knn,4,2,auroc,0.5946750282890961
703,703,703.0,,lab_hyperkalemia,lab_hyperkalemia,clmbr,knn,4,2,auprc,0.0305479934977614
704,704,704.0,,lab_hyperkalemia,lab_hyperkalemia,clmbr,knn,4,2,brier,0.503181311171508
705,705,705.0,,lab_hyperkalemia,lab_hyperkalemia,clmbr,knn,0,4,auroc,0.5188048319821779
706,706,706.0,,lab_hyperkalemia,lab_hyperkalemia,clmbr,knn,0,4,auprc,0.0253888248276828
707,707,707.0,,lab_hyperkalemia,lab_hyperkalemia,clmbr,knn,0,4,brier,0.4161783419477479
708,708,708.0,,lab_hyperkalemia,lab_hyperkalemia,clmbr,knn,1,4,auroc,0.5702302834704323
709,709,709.0,,lab_hyperkalemia,lab_hyperkalemia,clmbr,knn,1,4,auprc,0.0290198151174636
710,710,710.0,,lab_hyperkalemia,lab_hyperkalemia,clmbr,knn,1,4,brier,0.3635806639121486
711,711,711.0,,lab_hyperkalemia,lab_hyperkalemia,clmbr,knn,2,4,auroc,0.5555581340899945
712,712,712.0,,lab_hyperkalemia,lab_hyperkalemia,clmbr,knn,2,4,auprc,0.0276115466810032
713,713,713.0,,lab_hyperkalemia,lab_hyperkalemia,clmbr,knn,2,4,brier,0.2831709424536157
714,714,714.0,,lab_hyperkalemia,lab_hyperkalemia,clmbr,knn,3,4,auroc,0.5608122874665009
715,715,715.0,,lab_hyperkalemia,lab_hyperkalemia,clmbr,knn,3,4,auprc,0.0282326942685295
716,716,716.0,,lab_hyperkalemia,lab_hyperkalemia,clmbr,knn,3,4,brier,0.2254523745934991
717,717,717.0,,lab_hyperkalemia,lab_hyperkalemia,clmbr,knn,4,4,auroc,0.6115476070789361
718,718,718.0,,lab_hyperkalemia,lab_hyperkalemia,clmbr,knn,4,4,auprc,0.0331991638515783
719,719,719.0,,lab_hyperkalemia,lab_hyperkalemia,clmbr,knn,4,4,brier,0.2734059841815957
720,720,720.0,,lab_hyperkalemia,lab_hyperkalemia,clmbr,knn,0,8,auroc,0.5477087039350522
721,721,721.0,,lab_hyperkalemia,lab_hyperkalemia,clmbr,knn,0,8,auprc,0.0308217764214587
722,722,722.0,,lab_hyperkalemia,lab_hyperkalemia,clmbr,knn,0,8,brier,0.311235604472842
723,723,723.0,,lab_hyperkalemia,lab_hyperkalemia,clmbr,knn,1,8,auroc,0.5754759447814086
724,724,724.0,,lab_hyperkalemia,lab_hyperkalemia,clmbr,knn,1,8,auprc,0.0307961108353323
725,725,725.0,,lab_hyperkalemia,lab_hyperkalemia,clmbr,knn,1,8,brier,0.2264163511539126
726,726,726.0,,lab_hyperkalemia,lab_hyperkalemia,clmbr,knn,2,8,auroc,0.5883941328956547
727,727,727.0,,lab_hyperkalemia,lab_hyperkalemia,clmbr,knn,2,8,auprc,0.0319269479512035
728,728,728.0,,lab_hyperkalemia,lab_hyperkalemia,clmbr,knn,2,8,brier,0.3996575181059809
729,729,729.0,,lab_hyperkalemia,lab_hyperkalemia,clmbr,knn,3,8,auroc,0.6257614802518907
730,730,730.0,,lab_hyperkalemia,lab_hyperkalemia,clmbr,knn,3,8,auprc,0.0357733102633137
731,731,731.0,,lab_hyperkalemia,lab_hyperkalemia,clmbr,knn,3,8,brier,0.2444102311665506
732,732,732.0,,lab_hyperkalemia,lab_hyperkalemia,clmbr,knn,4,8,auroc,0.6296476131658663
733,733,733.0,,lab_hyperkalemia,lab_hyperkalemia,clmbr,knn,4,8,auprc,0.0404133880819022
734,734,734.0,,lab_hyperkalemia,lab_hyperkalemia,clmbr,knn,4,8,brier,0.2433607421639762
735,735,735.0,,lab_hyperkalemia,lab_hyperkalemia,clmbr,knn,0,12,auroc,0.5178538916240006
736,736,736.0,,lab_hyperkalemia,lab_hyperkalemia,clmbr,knn,0,12,auprc,0.025319771879096
737,737,737.0,,lab_hyperkalemia,lab_hyperkalemia,clmbr,knn,0,12,brier,0.5288203226870689
738,738,738.0,,lab_hyperkalemia,lab_hyperkalemia,clmbr,knn,1,12,auroc,0.5979707994394221
739,739,739.0,,lab_hyperkalemia,lab_hyperkalemia,clmbr,knn,1,12,auprc,0.035242479213031
740,740,740.0,,lab_hyperkalemia,lab_hyperkalemia,clmbr,knn,1,12,brier,0.2302043894239078
741,741,741.0,,lab_hyperkalemia,lab_hyperkalemia,clmbr,knn,2,12,auroc,0.6120340485507396
742,742,742.0,,lab_hyperkalemia,lab_hyperkalemia,clmbr,knn,2,12,auprc,0.035370234646736
743,743,743.0,,lab_hyperkalemia,lab_hyperkalemia,clmbr,knn,2,12,brier,0.3843227671737976
744,744,744.0,,lab_hyperkalemia,lab_hyperkalemia,clmbr,knn,3,12,auroc,0.6102337254771272
745,745,745.0,,lab_hyperkalemia,lab_hyperkalemia,clmbr,knn,3,12,auprc,0.0326507270145932
746,746,746.0,,lab_hyperkalemia,lab_hyperkalemia,clmbr,knn,3,12,brier,0.3736665985892259
747,747,747.0,,lab_hyperkalemia,lab_hyperkalemia,clmbr,knn,4,12,auroc,0.5848104864232337
748,748,748.0,,lab_hyperkalemia,lab_hyperkalemia,clmbr,knn,4,12,auprc,0.0306954036753759
749,749,749.0,,lab_hyperkalemia,lab_hyperkalemia,clmbr,knn,4,12,brier,0.3002717860902079
750,750,750.0,,lab_hyperkalemia,lab_hyperkalemia,clmbr,knn,0,16,auroc,0.553053518789682
751,751,751.0,,lab_hyperkalemia,lab_hyperkalemia,clmbr,knn,0,16,auprc,0.0274632856248627
752,752,752.0,,lab_hyperkalemia,lab_hyperkalemia,clmbr,knn,0,16,brier,0.4956404254316371
753,753,753.0,,lab_hyperkalemia,lab_hyperkalemia,clmbr,knn,1,16,auroc,0.5858808959986113
754,754,754.0,,lab_hyperkalemia,lab_hyperkalemia,clmbr,knn,1,16,auprc,0.0337039097266522
755,755,755.0,,lab_hyperkalemia,lab_hyperkalemia,clmbr,knn,1,16,brier,0.252435548992192
756,756,756.0,,lab_hyperkalemia,lab_hyperkalemia,clmbr,knn,2,16,auroc,0.5871565555336631
757,757,757.0,,lab_hyperkalemia,lab_hyperkalemia,clmbr,knn,2,16,auprc,0.0301630107379311
758,758,758.0,,lab_hyperkalemia,lab_hyperkalemia,clmbr,knn,2,16,brier,0.4364444723736509
759,759,759.0,,lab_hyperkalemia,lab_hyperkalemia,clmbr,knn,3,16,auroc,0.6486031210221617
760,760,760.0,,lab_hyperkalemia,lab_hyperkalemia,clmbr,knn,3,16,auprc,0.0395620361155844
761,761,761.0,,lab_hyperkalemia,lab_hyperkalemia,clmbr,knn,3,16,brier,0.2967557142672656
762,762,762.0,,lab_hyperkalemia,lab_hyperkalemia,clmbr,knn,4,16,auroc,0.5730638821147525
763,763,763.0,,lab_hyperkalemia,lab_hyperkalemia,clmbr,knn,4,16,auprc,0.0303097175593661
764,764,764.0,,lab_hyperkalemia,lab_hyperkalemia,clmbr,knn,4,16,brier,0.2236494389048057
765,765,765.0,,lab_hyperkalemia,lab_hyperkalemia,clmbr,knn,0,24,auroc,0.554283396817093
766,766,766.0,,lab_hyperkalemia,lab_hyperkalemia,clmbr,knn,0,24,auprc,0.0304506784994793
767,767,767.0,,lab_hyperkalemia,lab_hyperkalemia,clmbr,knn,0,24,brier,0.2902650307133992
768,768,768.0,,lab_hyperkalemia,lab_hyperkalemia,clmbr,knn,1,24,auroc,0.5922521575390381
769,769,769.0,,lab_hyperkalemia,lab_hyperkalemia,clmbr,knn,1,24,auprc,0.0372947895681984
770,770,770.0,,lab_hyperkalemia,lab_hyperkalemia,clmbr,knn,1,24,brier,0.2244060766970921
771,771,771.0,,lab_hyperkalemia,lab_hyperkalemia,clmbr,knn,2,24,auroc,0.6297322022212922
772,772,772.0,,lab_hyperkalemia,lab_hyperkalemia,clmbr,knn,2,24,auprc,0.0370957025813975
773,773,773.0,,lab_hyperkalemia,lab_hyperkalemia,clmbr,knn,2,24,brier,0.3008011396645741
774,774,774.0,,lab_hyperkalemia,lab_hyperkalemia,clmbr,knn,3,24,auroc,0.6548037018898063
775,775,775.0,,lab_hyperkalemia,lab_hyperkalemia,clmbr,knn,3,24,auprc,0.0456151838476962
776,776,776.0,,lab_hyperkalemia,lab_hyperkalemia,clmbr,knn,3,24,brier,0.296848618144888
777,777,777.0,,lab_hyperkalemia,lab_hyperkalemia,clmbr,knn,4,24,auroc,0.5222792991959968
778,778,778.0,,lab_hyperkalemia,lab_hyperkalemia,clmbr,knn,4,24,auprc,0.0256899523836938
779,779,779.0,,lab_hyperkalemia,lab_hyperkalemia,clmbr,knn,4,24,brier,0.2500966175985421
780,780,780.0,,lab_hyperkalemia,lab_hyperkalemia,clmbr,knn,0,32,auroc,0.5978853399343262
781,781,781.0,,lab_hyperkalemia,lab_hyperkalemia,clmbr,knn,0,32,auprc,0.0410250322246095
782,782,782.0,,lab_hyperkalemia,lab_hyperkalemia,clmbr,knn,0,32,brier,0.2568283309746176
783,783,783.0,,lab_hyperkalemia,lab_hyperkalemia,clmbr,knn,1,32,auroc,0.5835831523886081
784,784,784.0,,lab_hyperkalemia,lab_hyperkalemia,clmbr,knn,1,32,auprc,0.0365686001057736
785,785,785.0,,lab_hyperkalemia,lab_hyperkalemia,clmbr,knn,1,32,brier,0.2553318775234475
786,786,786.0,,lab_hyperkalemia,lab_hyperkalemia,clmbr,knn,2,32,auroc,0.6532256802631526
787,787,787.0,,lab_hyperkalemia,lab_hyperkalemia,clmbr,knn,2,32,auprc,0.0404449984626486
788,788,788.0,,lab_hyperkalemia,lab_hyperkalemia,clmbr,knn,2,32,brier,0.2777691546352883
789,789,789.0,,lab_hyperkalemia,lab_hyperkalemia,clmbr,knn,3,32,auroc,0.6499692969603919
790,790,790.0,,lab_hyperkalemia,lab_hyperkalemia,clmbr,knn,3,32,auprc,0.0408010025941682
791,791,791.0,,lab_hyperkalemia,lab_hyperkalemia,clmbr,knn,3,32,brier,0.2684932367681021
792,792,792.0,,lab_hyperkalemia,lab_hyperkalemia,clmbr,knn,4,32,auroc,0.5315840538428664
793,793,793.0,,lab_hyperkalemia,lab_hyperkalemia,clmbr,knn,4,32,auprc,0.0275231499369484
794,794,794.0,,lab_hyperkalemia,lab_hyperkalemia,clmbr,knn,4,32,brier,0.2758955345191088
795,795,795.0,,lab_hyperkalemia,lab_hyperkalemia,clmbr,knn,0,48,auroc,0.6326902388996788
796,796,796.0,,lab_hyperkalemia,lab_hyperkalemia,clmbr,knn,0,48,auprc,0.041435551293701
797,797,797.0,,lab_hyperkalemia,lab_hyperkalemia,clmbr,knn,0,48,brier,0.2300278070161658
798,798,798.0,,lab_hyperkalemia,lab_hyperkalemia,clmbr,knn,1,48,auroc,0.6105104196659616
799,799,799.0,,lab_hyperkalemia,lab_hyperkalemia,clmbr,knn,1,48,auprc,0.0423866637241786
800,800,800.0,,lab_hyperkalemia,lab_hyperkalemia,clmbr,knn,1,48,brier,0.2464713367790992
801,801,801.0,,lab_hyperkalemia,lab_hyperkalemia,clmbr,knn,2,48,auroc,0.6333138953632037
802,802,802.0,,lab_hyperkalemia,lab_hyperkalemia,clmbr,knn,2,48,auprc,0.0363849556034781
803,803,803.0,,lab_hyperkalemia,lab_hyperkalemia,clmbr,knn,2,48,brier,0.2707771476250574
804,804,804.0,,lab_hyperkalemia,lab_hyperkalemia,clmbr,knn,3,48,auroc,0.6507361890258555
805,805,805.0,,lab_hyperkalemia,lab_hyperkalemia,clmbr,knn,3,48,auprc,0.0395646598399004
806,806,806.0,,lab_hyperkalemia,lab_hyperkalemia,clmbr,knn,3,48,brier,0.2938859126828272
807,807,807.0,,lab_hyperkalemia,lab_hyperkalemia,clmbr,knn,4,48,auroc,0.5134008835437199
808,808,808.0,,lab_hyperkalemia,lab_hyperkalemia,clmbr,knn,4,48,auprc,0.0250727323127554
809,809,809.0,,lab_hyperkalemia,lab_hyperkalemia,clmbr,knn,4,48,brier,0.7878497478516331
810,810,810.0,,lab_hyperkalemia,lab_hyperkalemia,clmbr,knn,0,64,auroc,0.6536964018284168
811,811,811.0,,lab_hyperkalemia,lab_hyperkalemia,clmbr,knn,0,64,auprc,0.0515203806304919
812,812,812.0,,lab_hyperkalemia,lab_hyperkalemia,clmbr,knn,0,64,brier,0.22463402791895
813,813,813.0,,lab_hyperkalemia,lab_hyperkalemia,clmbr,knn,1,64,auroc,0.6221116640608098
814,814,814.0,,lab_hyperkalemia,lab_hyperkalemia,clmbr,knn,1,64,auprc,0.0450676934407608
815,815,815.0,,lab_hyperkalemia,lab_hyperkalemia,clmbr,knn,1,64,brier,0.2611515039860254
816,816,816.0,,lab_hyperkalemia,lab_hyperkalemia,clmbr,knn,2,64,auroc,0.646481094258031
817,817,817.0,,lab_hyperkalemia,lab_hyperkalemia,clmbr,knn,2,64,auprc,0.04733247775724
818,818,818.0,,lab_hyperkalemia,lab_hyperkalemia,clmbr,knn,2,64,brier,0.2772962717244578
819,819,819.0,,lab_hyperkalemia,lab_hyperkalemia,clmbr,knn,3,64,auroc,0.6369636390168122
820,820,820.0,,lab_hyperkalemia,lab_hyperkalemia,clmbr,knn,3,64,auprc,0.0391773443807875
821,821,821.0,,lab_hyperkalemia,lab_hyperkalemia,clmbr,knn,3,64,brier,0.3528524971328924
822,822,822.0,,lab_hyperkalemia,lab_hyperkalemia,clmbr,knn,4,64,auroc,0.5201699664895529
823,823,823.0,,lab_hyperkalemia,lab_hyperkalemia,clmbr,knn,4,64,auprc,0.0254229462431692
824,824,824.0,,lab_hyperkalemia,lab_hyperkalemia,clmbr,knn,4,64,brier,0.7636246524122979
825,825,825.0,,lab_hyperkalemia,lab_hyperkalemia,clmbr,knn,0,128,auroc,0.6618401683217543
826,826,826.0,,lab_hyperkalemia,lab_hyperkalemia,clmbr,knn,0,128,auprc,0.0508596382832992
827,827,827.0,,lab_hyperkalemia,lab_hyperkalemia,clmbr,knn,0,128,brier,0.2328792680517265
828,828,828.0,,lab_hyperkalemia,lab_hyperkalemia,clmbr,knn,1,128,auroc,0.6336634689869042
829,829,829.0,,lab_hyperkalemia,lab_hyperkalemia,clmbr,knn,1,128,auprc,0.0408096300260282
830,830,830.0,,lab_hyperkalemia,lab_hyperkalemia,clmbr,knn,1,128,brier,0.2467490927371845
831,831,831.0,,lab_hyperkalemia,lab_hyperkalemia,clmbr,knn,2,128,auroc,0.6527580985341981
832,832,832.0,,lab_hyperkalemia,lab_hyperkalemia,clmbr,knn,2,128,auprc,0.0441740569572037
833,833,833.0,,lab_hyperkalemia,lab_hyperkalemia,clmbr,knn,2,128,brier,0.2607805665276019
834,834,834.0,,lab_hyperkalemia,lab_hyperkalemia,clmbr,knn,3,128,auroc,0.6372906223990784
835,835,835.0,,lab_hyperkalemia,lab_hyperkalemia,clmbr,knn,3,128,auprc,0.042262504988421
836,836,836.0,,lab_hyperkalemia,lab_hyperkalemia,clmbr,knn,3,128,brier,0.2613281385009348
837,837,837.0,,lab_hyperkalemia,lab_hyperkalemia,clmbr,knn,4,128,auroc,0.6301354224871512
838,838,838.0,,lab_hyperkalemia,lab_hyperkalemia,clmbr,knn,4,128,auprc,0.0391682940111064
839,839,839.0,,lab_hyperkalemia,lab_hyperkalemia,clmbr,knn,4,128,brier,0.2613182560425092
840,840,,,lab_hyperkalemia,lab_hyperkalemia,clinicalbert_type1_max_pool,lr_lbfgs,0,-1,auroc,0.6241932719090162
841,841,,,lab_hyperkalemia,lab_hyperkalemia,clinicalbert_type1_max_pool,lr_lbfgs,0,-1,auprc,0.0360951554756692
842,842,,,lab_hyperkalemia,lab_hyperkalemia,clinicalbert_type1_max_pool,lr_lbfgs,0,-1,brier,0.0238057307912457
843,843,,,lab_hyperkalemia,lab_hyperkalemia,clinicalbert_type1_max_pool,lr_lbfgs,0,1,auroc,0.5298340303251816
844,844,,,lab_hyperkalemia,lab_hyperkalemia,clinicalbert_type1_max_pool,lr_lbfgs,0,1,auprc,0.0312243042501473
845,845,,,lab_hyperkalemia,lab_hyperkalemia,clinicalbert_type1_max_pool,lr_lbfgs,0,1,brier,0.2500047064946326
846,846,,,lab_hyperkalemia,lab_hyperkalemia,clinicalbert_type1_max_pool,lr_lbfgs,1,1,auroc,0.4705562212768448
847,847,,,lab_hyperkalemia,lab_hyperkalemia,clinicalbert_type1_max_pool,lr_lbfgs,1,1,auprc,0.0250096258851931
848,848,,,lab_hyperkalemia,lab_hyperkalemia,clinicalbert_type1_max_pool,lr_lbfgs,1,1,brier,0.2499978433706065
849,849,,,lab_hyperkalemia,lab_hyperkalemia,clinicalbert_type1_max_pool,lr_lbfgs,2,1,auroc,0.4648277090989534
850,850,,,lab_hyperkalemia,lab_hyperkalemia,clinicalbert_type1_max_pool,lr_lbfgs,2,1,auprc,0.0248956388637207
851,851,,,lab_hyperkalemia,lab_hyperkalemia,clinicalbert_type1_max_pool,lr_lbfgs,2,1,brier,0.2499962220462378
852,852,,,lab_hyperkalemia,lab_hyperkalemia,clinicalbert_type1_max_pool,lr_lbfgs,3,1,auroc,0.5312561896484342
853,853,,,lab_hyperkalemia,lab_hyperkalemia,clinicalbert_type1_max_pool,lr_lbfgs,3,1,auprc,0.0273662878747884
854,854,,,lab_hyperkalemia,lab_hyperkalemia,clinicalbert_type1_max_pool,lr_lbfgs,3,1,brier,0.2499993214446238
855,855,,,lab_hyperkalemia,lab_hyperkalemia,clinicalbert_type1_max_pool,lr_lbfgs,4,1,auroc,0.4731328766498415
856,856,,,lab_hyperkalemia,lab_hyperkalemia,clinicalbert_type1_max_pool,lr_lbfgs,4,1,auprc,0.0245495607218747
857,857,,,lab_hyperkalemia,lab_hyperkalemia,clinicalbert_type1_max_pool,lr_lbfgs,4,1,brier,0.2499938057545213
858,858,,,lab_hyperkalemia,lab_hyperkalemia,clinicalbert_type1_max_pool,lr_lbfgs,0,2,auroc,0.5351537523955759
859,859,,,lab_hyperkalemia,lab_hyperkalemia,clinicalbert_type1_max_pool,lr_lbfgs,0,2,auprc,0.0313202982734411
860,860,,,lab_hyperkalemia,lab_hyperkalemia,clinicalbert_type1_max_pool,lr_lbfgs,0,2,brier,0.2500042608635114
861,861,,,lab_hyperkalemia,lab_hyperkalemia,clinicalbert_type1_max_pool,lr_lbfgs,1,2,auroc,0.5381359026023191
862,862,,,lab_hyperkalemia,lab_hyperkalemia,clinicalbert_type1_max_pool,lr_lbfgs,1,2,auprc,0.031862281246279
863,863,,,lab_hyperkalemia,lab_hyperkalemia,clinicalbert_type1_max_pool,lr_lbfgs,1,2,brier,0.2500025506272332
864,864,,,lab_hyperkalemia,lab_hyperkalemia,clinicalbert_type1_max_pool,lr_lbfgs,2,2,auroc,0.4682873942121273
865,865,,,lab_hyperkalemia,lab_hyperkalemia,clinicalbert_type1_max_pool,lr_lbfgs,2,2,auprc,0.0250691089123061
866,866,,,lab_hyperkalemia,lab_hyperkalemia,clinicalbert_type1_max_pool,lr_lbfgs,2,2,brier,0.2499931382376107
867,867,,,lab_hyperkalemia,lab_hyperkalemia,clinicalbert_type1_max_pool,lr_lbfgs,3,2,auroc,0.4905113317728658
868,868,,,lab_hyperkalemia,lab_hyperkalemia,clinicalbert_type1_max_pool,lr_lbfgs,3,2,auprc,0.0245003554898334
869,869,,,lab_hyperkalemia,lab_hyperkalemia,clinicalbert_type1_max_pool,lr_lbfgs,3,2,brier,0.6170805610018418
870,870,,,lab_hyperkalemia,lab_hyperkalemia,clinicalbert_type1_max_pool,lr_lbfgs,4,2,auroc,0.472430843447285
871,871,,,lab_hyperkalemia,lab_hyperkalemia,clinicalbert_type1_max_pool,lr_lbfgs,4,2,auprc,0.0244110824374729
872,872,,,lab_hyperkalemia,lab_hyperkalemia,clinicalbert_type1_max_pool,lr_lbfgs,4,2,brier,0.2499962547368333
873,873,,,lab_hyperkalemia,lab_hyperkalemia,clinicalbert_type1_max_pool,lr_lbfgs,0,4,auroc,0.5272970840371283
874,874,,,lab_hyperkalemia,lab_hyperkalemia,clinicalbert_type1_max_pool,lr_lbfgs,0,4,auprc,0.0285569836908918
875,875,,,lab_hyperkalemia,lab_hyperkalemia,clinicalbert_type1_max_pool,lr_lbfgs,0,4,brier,0.2500022300353175
876,876,,,lab_hyperkalemia,lab_hyperkalemia,clinicalbert_type1_max_pool,lr_lbfgs,1,4,auroc,0.4699729163730194
877,877,,,lab_hyperkalemia,lab_hyperkalemia,clinicalbert_type1_max_pool,lr_lbfgs,1,4,auprc,0.0251975498960526
878,878,,,lab_hyperkalemia,lab_hyperkalemia,clinicalbert_type1_max_pool,lr_lbfgs,1,4,brier,0.2499808305614934
879,879,,,lab_hyperkalemia,lab_hyperkalemia,clinicalbert_type1_max_pool,lr_lbfgs,2,4,auroc,0.4834756736156114
880,880,,,lab_hyperkalemia,lab_hyperkalemia,clinicalbert_type1_max_pool,lr_lbfgs,2,4,auprc,0.0258135508627444
881,881,,,lab_hyperkalemia,lab_hyperkalemia,clinicalbert_type1_max_pool,lr_lbfgs,2,4,brier,0.2504328366750128
882,882,,,lab_hyperkalemia,lab_hyperkalemia,clinicalbert_type1_max_pool,lr_lbfgs,3,4,auroc,0.4570833080229367
883,883,,,lab_hyperkalemia,lab_hyperkalemia,clinicalbert_type1_max_pool,lr_lbfgs,3,4,auprc,0.0225776090911962
884,884,,,lab_hyperkalemia,lab_hyperkalemia,clinicalbert_type1_max_pool,lr_lbfgs,3,4,brier,0.402508616572256
885,885,,,lab_hyperkalemia,lab_hyperkalemia,clinicalbert_type1_max_pool,lr_lbfgs,4,4,auroc,0.5416423329352684
886,886,,,lab_hyperkalemia,lab_hyperkalemia,clinicalbert_type1_max_pool,lr_lbfgs,4,4,auprc,0.0324103797128901
887,887,,,lab_hyperkalemia,lab_hyperkalemia,clinicalbert_type1_max_pool,lr_lbfgs,4,4,brier,0.2500032058313172
888,888,,,lab_hyperkalemia,lab_hyperkalemia,clinicalbert_type1_max_pool,lr_lbfgs,0,8,auroc,0.4640456515204901
889,889,,,lab_hyperkalemia,lab_hyperkalemia,clinicalbert_type1_max_pool,lr_lbfgs,0,8,auprc,0.0218421651473048
890,890,,,lab_hyperkalemia,lab_hyperkalemia,clinicalbert_type1_max_pool,lr_lbfgs,0,8,brier,0.4102891900078454
891,891,,,lab_hyperkalemia,lab_hyperkalemia,clinicalbert_type1_max_pool,lr_lbfgs,1,8,auroc,0.4871646807668321
892,892,,,lab_hyperkalemia,lab_hyperkalemia,clinicalbert_type1_max_pool,lr_lbfgs,1,8,auprc,0.0244151684036951
893,893,,,lab_hyperkalemia,lab_hyperkalemia,clinicalbert_type1_max_pool,lr_lbfgs,1,8,brier,0.2413749071414078
894,894,,,lab_hyperkalemia,lab_hyperkalemia,clinicalbert_type1_max_pool,lr_lbfgs,2,8,auroc,0.5065775632934524
895,895,,,lab_hyperkalemia,lab_hyperkalemia,clinicalbert_type1_max_pool,lr_lbfgs,2,8,auprc,0.0274043873718891
896,896,,,lab_hyperkalemia,lab_hyperkalemia,clinicalbert_type1_max_pool,lr_lbfgs,2,8,brier,0.2499976332704212
897,897,,,lab_hyperkalemia,lab_hyperkalemia,clinicalbert_type1_max_pool,lr_lbfgs,3,8,auroc,0.547694932177774
898,898,,,lab_hyperkalemia,lab_hyperkalemia,clinicalbert_type1_max_pool,lr_lbfgs,3,8,auprc,0.0309382177048311
899,899,,,lab_hyperkalemia,lab_hyperkalemia,clinicalbert_type1_max_pool,lr_lbfgs,3,8,brier,0.2500051911202512
900,900,,,lab_hyperkalemia,lab_hyperkalemia,clinicalbert_type1_max_pool,lr_lbfgs,4,8,auroc,0.5703470688011502
901,901,,,lab_hyperkalemia,lab_hyperkalemia,clinicalbert_type1_max_pool,lr_lbfgs,4,8,auprc,0.0298610555032249
902,902,,,lab_hyperkalemia,lab_hyperkalemia,clinicalbert_type1_max_pool,lr_lbfgs,4,8,brier,0.2498006929283582
903,903,,,lab_hyperkalemia,lab_hyperkalemia,clinicalbert_type1_max_pool,lr_lbfgs,0,12,auroc,0.5273033637097471
904,904,,,lab_hyperkalemia,lab_hyperkalemia,clinicalbert_type1_max_pool,lr_lbfgs,0,12,auprc,0.0310759485483887
905,905,,,lab_hyperkalemia,lab_hyperkalemia,clinicalbert_type1_max_pool,lr_lbfgs,0,12,brier,0.2500054208631461
906,906,,,lab_hyperkalemia,lab_hyperkalemia,clinicalbert_type1_max_pool,lr_lbfgs,1,12,auroc,0.4354128002898514
907,907,,,lab_hyperkalemia,lab_hyperkalemia,clinicalbert_type1_max_pool,lr_lbfgs,1,12,auprc,0.0224329888097942
908,908,,,lab_hyperkalemia,lab_hyperkalemia,clinicalbert_type1_max_pool,lr_lbfgs,1,12,brier,0.2499910369960136
909,909,,,lab_hyperkalemia,lab_hyperkalemia,clinicalbert_type1_max_pool,lr_lbfgs,2,12,auroc,0.5624687013759302
910,910,,,lab_hyperkalemia,lab_hyperkalemia,clinicalbert_type1_max_pool,lr_lbfgs,2,12,auprc,0.0285282197883175
911,911,,,lab_hyperkalemia,lab_hyperkalemia,clinicalbert_type1_max_pool,lr_lbfgs,2,12,brier,0.2770329025881975
912,912,,,lab_hyperkalemia,lab_hyperkalemia,clinicalbert_type1_max_pool,lr_lbfgs,3,12,auroc,0.5093991673485707
913,913,,,lab_hyperkalemia,lab_hyperkalemia,clinicalbert_type1_max_pool,lr_lbfgs,3,12,auprc,0.0260627833542997
914,914,,,lab_hyperkalemia,lab_hyperkalemia,clinicalbert_type1_max_pool,lr_lbfgs,3,12,brier,0.418449932768059
915,915,,,lab_hyperkalemia,lab_hyperkalemia,clinicalbert_type1_max_pool,lr_lbfgs,4,12,auroc,0.5446577882043832
916,916,,,lab_hyperkalemia,lab_hyperkalemia,clinicalbert_type1_max_pool,lr_lbfgs,4,12,auprc,0.0269963193066883
917,917,,,lab_hyperkalemia,lab_hyperkalemia,clinicalbert_type1_max_pool,lr_lbfgs,4,12,brier,0.4230787742185127
918,918,,,lab_hyperkalemia,lab_hyperkalemia,clinicalbert_type1_max_pool,lr_lbfgs,0,16,auroc,0.5160132791656649
919,919,,,lab_hyperkalemia,lab_hyperkalemia,clinicalbert_type1_max_pool,lr_lbfgs,0,16,auprc,0.0302329021271035
920,920,,,lab_hyperkalemia,lab_hyperkalemia,clinicalbert_type1_max_pool,lr_lbfgs,0,16,brier,0.2633440465118314
921,921,,,lab_hyperkalemia,lab_hyperkalemia,clinicalbert_type1_max_pool,lr_lbfgs,1,16,auroc,0.4335758406113806
922,922,,,lab_hyperkalemia,lab_hyperkalemia,clinicalbert_type1_max_pool,lr_lbfgs,1,16,auprc,0.0224602950391585
923,923,,,lab_hyperkalemia,lab_hyperkalemia,clinicalbert_type1_max_pool,lr_lbfgs,1,16,brier,0.2499926125605285
924,924,,,lab_hyperkalemia,lab_hyperkalemia,clinicalbert_type1_max_pool,lr_lbfgs,2,16,auroc,0.5081598335434951
925,925,,,lab_hyperkalemia,lab_hyperkalemia,clinicalbert_type1_max_pool,lr_lbfgs,2,16,auprc,0.0275175091687677
926,926,,,lab_hyperkalemia,lab_hyperkalemia,clinicalbert_type1_max_pool,lr_lbfgs,2,16,brier,0.2499982585807507
927,927,,,lab_hyperkalemia,lab_hyperkalemia,clinicalbert_type1_max_pool,lr_lbfgs,3,16,auroc,0.5124579015825251
928,928,,,lab_hyperkalemia,lab_hyperkalemia,clinicalbert_type1_max_pool,lr_lbfgs,3,16,auprc,0.0258930673855289
929,929,,,lab_hyperkalemia,lab_hyperkalemia,clinicalbert_type1_max_pool,lr_lbfgs,3,16,brier,0.3808599909154381
930,930,,,lab_hyperkalemia,lab_hyperkalemia,clinicalbert_type1_max_pool,lr_lbfgs,4,16,auroc,0.5246690824961007
931,931,,,lab_hyperkalemia,lab_hyperkalemia,clinicalbert_type1_max_pool,lr_lbfgs,4,16,auprc,0.0261618341602338
932,932,,,lab_hyperkalemia,lab_hyperkalemia,clinicalbert_type1_max_pool,lr_lbfgs,4,16,brier,0.3964413324254879
933,933,,,lab_hyperkalemia,lab_hyperkalemia,clinicalbert_type1_max_pool,lr_lbfgs,0,24,auroc,0.5178582801410866
934,934,,,lab_hyperkalemia,lab_hyperkalemia,clinicalbert_type1_max_pool,lr_lbfgs,0,24,auprc,0.0298419118125271
935,935,,,lab_hyperkalemia,lab_hyperkalemia,clinicalbert_type1_max_pool,lr_lbfgs,0,24,brier,0.2495884854844224
936,936,,,lab_hyperkalemia,lab_hyperkalemia,clinicalbert_type1_max_pool,lr_lbfgs,1,24,auroc,0.5107610376696835
937,937,,,lab_hyperkalemia,lab_hyperkalemia,clinicalbert_type1_max_pool,lr_lbfgs,1,24,auprc,0.0246063982818983
938,938,,,lab_hyperkalemia,lab_hyperkalemia,clinicalbert_type1_max_pool,lr_lbfgs,1,24,brier,0.3331608599911957
939,939,,,lab_hyperkalemia,lab_hyperkalemia,clinicalbert_type1_max_pool,lr_lbfgs,2,24,auroc,0.5721319880243535
940,940,,,lab_hyperkalemia,lab_hyperkalemia,clinicalbert_type1_max_pool,lr_lbfgs,2,24,auprc,0.0315536570100282
941,941,,,lab_hyperkalemia,lab_hyperkalemia,clinicalbert_type1_max_pool,lr_lbfgs,2,24,brier,0.2171653139488786
942,942,,,lab_hyperkalemia,lab_hyperkalemia,clinicalbert_type1_max_pool,lr_lbfgs,3,24,auroc,0.5337463907167124
943,943,,,lab_hyperkalemia,lab_hyperkalemia,clinicalbert_type1_max_pool,lr_lbfgs,3,24,auprc,0.0266774671437635
944,944,,,lab_hyperkalemia,lab_hyperkalemia,clinicalbert_type1_max_pool,lr_lbfgs,3,24,brier,0.394992028128089
945,945,,,lab_hyperkalemia,lab_hyperkalemia,clinicalbert_type1_max_pool,lr_lbfgs,4,24,auroc,0.5182793601689235
946,946,,,lab_hyperkalemia,lab_hyperkalemia,clinicalbert_type1_max_pool,lr_lbfgs,4,24,auprc,0.0263557918266564
947,947,,,lab_hyperkalemia,lab_hyperkalemia,clinicalbert_type1_max_pool,lr_lbfgs,4,24,brier,0.4069336056202022
948,948,,,lab_hyperkalemia,lab_hyperkalemia,clinicalbert_type1_max_pool,lr_lbfgs,0,32,auroc,0.5150662402872583
949,949,,,lab_hyperkalemia,lab_hyperkalemia,clinicalbert_type1_max_pool,lr_lbfgs,0,32,auprc,0.0303111123606265
950,950,,,lab_hyperkalemia,lab_hyperkalemia,clinicalbert_type1_max_pool,lr_lbfgs,0,32,brier,0.2500059747848403
951,951,,,lab_hyperkalemia,lab_hyperkalemia,clinicalbert_type1_max_pool,lr_lbfgs,1,32,auroc,0.4739481253032196
952,952,,,lab_hyperkalemia,lab_hyperkalemia,clinicalbert_type1_max_pool,lr_lbfgs,1,32,auprc,0.0236434440442846
953,953,,,lab_hyperkalemia,lab_hyperkalemia,clinicalbert_type1_max_pool,lr_lbfgs,1,32,brier,0.2452248848667385
954,954,,,lab_hyperkalemia,lab_hyperkalemia,clinicalbert_type1_max_pool,lr_lbfgs,2,32,auroc,0.559046300523619
955,955,,,lab_hyperkalemia,lab_hyperkalemia,clinicalbert_type1_max_pool,lr_lbfgs,2,32,auprc,0.0343105422739949
956,956,,,lab_hyperkalemia,lab_hyperkalemia,clinicalbert_type1_max_pool,lr_lbfgs,2,32,brier,0.2497243771681551
957,957,,,lab_hyperkalemia,lab_hyperkalemia,clinicalbert_type1_max_pool,lr_lbfgs,3,32,auroc,0.5089732014038364
958,958,,,lab_hyperkalemia,lab_hyperkalemia,clinicalbert_type1_max_pool,lr_lbfgs,3,32,auprc,0.0246697448450948
959,959,,,lab_hyperkalemia,lab_hyperkalemia,clinicalbert_type1_max_pool,lr_lbfgs,3,32,brier,0.5079675760853025
960,960,,,lab_hyperkalemia,lab_hyperkalemia,clinicalbert_type1_max_pool,lr_lbfgs,4,32,auroc,0.5125486615043613
961,961,,,lab_hyperkalemia,lab_hyperkalemia,clinicalbert_type1_max_pool,lr_lbfgs,4,32,auprc,0.0270573255697109
962,962,,,lab_hyperkalemia,lab_hyperkalemia,clinicalbert_type1_max_pool,lr_lbfgs,4,32,brier,0.2559322374645532
963,963,,,lab_hyperkalemia,lab_hyperkalemia,clinicalbert_type1_max_pool,lr_lbfgs,0,48,auroc,0.5210696280359237
964,964,,,lab_hyperkalemia,lab_hyperkalemia,clinicalbert_type1_max_pool,lr_lbfgs,0,48,auprc,0.0265858318250686
965,965,,,lab_hyperkalemia,lab_hyperkalemia,clinicalbert_type1_max_pool,lr_lbfgs,0,48,brier,0.2499754874703922
966,966,,,lab_hyperkalemia,lab_hyperkalemia,clinicalbert_type1_max_pool,lr_lbfgs,1,48,auroc,0.4656783871263976
967,967,,,lab_hyperkalemia,lab_hyperkalemia,clinicalbert_type1_max_pool,lr_lbfgs,1,48,auprc,0.0222643579174858
968,968,,,lab_hyperkalemia,lab_hyperkalemia,clinicalbert_type1_max_pool,lr_lbfgs,1,48,brier,0.2371043106291106
969,969,,,lab_hyperkalemia,lab_hyperkalemia,clinicalbert_type1_max_pool,lr_lbfgs,2,48,auroc,0.5581297999211331
970,970,,,lab_hyperkalemia,lab_hyperkalemia,clinicalbert_type1_max_pool,lr_lbfgs,2,48,auprc,0.0341582608596342
971,971,,,lab_hyperkalemia,lab_hyperkalemia,clinicalbert_type1_max_pool,lr_lbfgs,2,48,brier,0.2348776865709459
972,972,,,lab_hyperkalemia,lab_hyperkalemia,clinicalbert_type1_max_pool,lr_lbfgs,3,48,auroc,0.5494044642420622
973,973,,,lab_hyperkalemia,lab_hyperkalemia,clinicalbert_type1_max_pool,lr_lbfgs,3,48,auprc,0.028035135843047
974,974,,,lab_hyperkalemia,lab_hyperkalemia,clinicalbert_type1_max_pool,lr_lbfgs,3,48,brier,0.3808189282419502
975,975,,,lab_hyperkalemia,lab_hyperkalemia,clinicalbert_type1_max_pool,lr_lbfgs,4,48,auroc,0.5364798202927641
976,976,,,lab_hyperkalemia,lab_hyperkalemia,clinicalbert_type1_max_pool,lr_lbfgs,4,48,auprc,0.0284931062962959
977,977,,,lab_hyperkalemia,lab_hyperkalemia,clinicalbert_type1_max_pool,lr_lbfgs,4,48,brier,0.2823321093515348
978,978,,,lab_hyperkalemia,lab_hyperkalemia,clinicalbert_type1_max_pool,lr_lbfgs,0,64,auroc,0.504700562930164
979,979,,,lab_hyperkalemia,lab_hyperkalemia,clinicalbert_type1_max_pool,lr_lbfgs,0,64,auprc,0.0245604353913568
980,980,,,lab_hyperkalemia,lab_hyperkalemia,clinicalbert_type1_max_pool,lr_lbfgs,0,64,brier,0.2339696804529457
981,981,,,lab_hyperkalemia,lab_hyperkalemia,clinicalbert_type1_max_pool,lr_lbfgs,1,64,auroc,0.4672879521910907
982,982,,,lab_hyperkalemia,lab_hyperkalemia,clinicalbert_type1_max_pool,lr_lbfgs,1,64,auprc,0.0226103109262943
983,983,,,lab_hyperkalemia,lab_hyperkalemia,clinicalbert_type1_max_pool,lr_lbfgs,1,64,brier,0.2424001135019313
984,984,,,lab_hyperkalemia,lab_hyperkalemia,clinicalbert_type1_max_pool,lr_lbfgs,2,64,auroc,0.568047123160732
985,985,,,lab_hyperkalemia,lab_hyperkalemia,clinicalbert_type1_max_pool,lr_lbfgs,2,64,auprc,0.030951276517703
986,986,,,lab_hyperkalemia,lab_hyperkalemia,clinicalbert_type1_max_pool,lr_lbfgs,2,64,brier,0.3411913406964285
987,987,,,lab_hyperkalemia,lab_hyperkalemia,clinicalbert_type1_max_pool,lr_lbfgs,3,64,auroc,0.4982804059520271
988,988,,,lab_hyperkalemia,lab_hyperkalemia,clinicalbert_type1_max_pool,lr_lbfgs,3,64,auprc,0.024967488700037
989,989,,,lab_hyperkalemia,lab_hyperkalemia,clinicalbert_type1_max_pool,lr_lbfgs,3,64,brier,0.2496650065109308
990,990,,,lab_hyperkalemia,lab_hyperkalemia,clinicalbert_type1_max_pool,lr_lbfgs,4,64,auroc,0.5344957546200724
991,991,,,lab_hyperkalemia,lab_hyperkalemia,clinicalbert_type1_max_pool,lr_lbfgs,4,64,auprc,0.027170102145515
992,992,,,lab_hyperkalemia,lab_hyperkalemia,clinicalbert_type1_max_pool,lr_lbfgs,4,64,brier,0.2764968684567926
993,993,,,lab_hyperkalemia,lab_hyperkalemia,clinicalbert_type1_max_pool,lr_lbfgs,0,128,auroc,0.5599770858269385
994,994,,,lab_hyperkalemia,lab_hyperkalemia,clinicalbert_type1_max_pool,lr_lbfgs,0,128,auprc,0.0285637158986922
995,995,,,lab_hyperkalemia,lab_hyperkalemia,clinicalbert_type1_max_pool,lr_lbfgs,0,128,brier,0.2933317490180717
996,996,,,lab_hyperkalemia,lab_hyperkalemia,clinicalbert_type1_max_pool,lr_lbfgs,1,128,auroc,0.5042953271588193
997,997,,,lab_hyperkalemia,lab_hyperkalemia,clinicalbert_type1_max_pool,lr_lbfgs,1,128,auprc,0.024153124942266
998,998,,,lab_hyperkalemia,lab_hyperkalemia,clinicalbert_type1_max_pool,lr_lbfgs,1,128,brier,0.2242984223122736
999,999,,,lab_hyperkalemia,lab_hyperkalemia,clinicalbert_type1_max_pool,lr_lbfgs,2,128,auroc,0.570768874203712
1000,1000,,,lab_hyperkalemia,lab_hyperkalemia,clinicalbert_type1_max_pool,lr_lbfgs,2,128,auprc,0.0317879310601108
1001,1001,,,lab_hyperkalemia,lab_hyperkalemia,clinicalbert_type1_max_pool,lr_lbfgs,2,128,brier,0.2252137412021611
1002,1002,,,lab_hyperkalemia,lab_hyperkalemia,clinicalbert_type1_max_pool,lr_lbfgs,3,128,auroc,0.5257404091523803
1003,1003,,,lab_hyperkalemia,lab_hyperkalemia,clinicalbert_type1_max_pool,lr_lbfgs,3,128,auprc,0.0254791690146201
1004,1004,,,lab_hyperkalemia,lab_hyperkalemia,clinicalbert_type1_max_pool,lr_lbfgs,3,128,brier,0.352168087191175
1005,1005,,,lab_hyperkalemia,lab_hyperkalemia,clinicalbert_type1_max_pool,lr_lbfgs,4,128,auroc,0.5674489377125491
1006,1006,,,lab_hyperkalemia,lab_hyperkalemia,clinicalbert_type1_max_pool,lr_lbfgs,4,128,auprc,0.0291943949209702
1007,1007,,,lab_hyperkalemia,lab_hyperkalemia,clinicalbert_type1_max_pool,lr_lbfgs,4,128,brier,0.2284042765157649
1008,1008,,,lab_hyperkalemia,lab_hyperkalemia,clinicalbert_type1_max_pool,knn,0,-1,auroc,0.5092940709134207
1009,1009,,,lab_hyperkalemia,lab_hyperkalemia,clinicalbert_type1_max_pool,knn,0,-1,auprc,0.024875799258211
1010,1010,,,lab_hyperkalemia,lab_hyperkalemia,clinicalbert_type1_max_pool,knn,0,-1,brier,0.0300303206447457
1011,1011,,,lab_hyperkalemia,lab_hyperkalemia,clinicalbert_type1_max_pool,knn,0,1,auroc,0.5204250652365758
1012,1012,,,lab_hyperkalemia,lab_hyperkalemia,clinicalbert_type1_max_pool,knn,0,1,auprc,0.0254633220908739
1013,1013,,,lab_hyperkalemia,lab_hyperkalemia,clinicalbert_type1_max_pool,knn,0,1,brier,0.5029927890280113
1014,1014,,,lab_hyperkalemia,lab_hyperkalemia,clinicalbert_type1_max_pool,knn,1,1,auroc,0.5048821138613244
1015,1015,,,lab_hyperkalemia,lab_hyperkalemia,clinicalbert_type1_max_pool,knn,1,1,auprc,0.0246517922172807
1016,1016,,,lab_hyperkalemia,lab_hyperkalemia,clinicalbert_type1_max_pool,knn,1,1,brier,0.3992741897475374
1017,1017,,,lab_hyperkalemia,lab_hyperkalemia,clinicalbert_type1_max_pool,knn,2,1,auroc,0.4675049998525417
1018,1018,,,lab_hyperkalemia,lab_hyperkalemia,clinicalbert_type1_max_pool,knn,2,1,auprc,0.0230383305688614
1019,1019,,,lab_hyperkalemia,lab_hyperkalemia,clinicalbert_type1_max_pool,knn,2,1,brier,0.5683000015710179
1020,1020,,,lab_hyperkalemia,lab_hyperkalemia,clinicalbert_type1_max_pool,knn,3,1,auroc,0.5143587356867765
1021,1021,,,lab_hyperkalemia,lab_hyperkalemia,clinicalbert_type1_max_pool,knn,3,1,auprc,0.0251426182352528
1022,1022,,,lab_hyperkalemia,lab_hyperkalemia,clinicalbert_type1_max_pool,knn,3,1,brier,0.427913845380422
1023,1023,,,lab_hyperkalemia,lab_hyperkalemia,clinicalbert_type1_max_pool,knn,4,1,auroc,0.487782451332589
1024,1024,,,lab_hyperkalemia,lab_hyperkalemia,clinicalbert_type1_max_pool,knn,4,1,auprc,0.0238656895174681
1025,1025,,,lab_hyperkalemia,lab_hyperkalemia,clinicalbert_type1_max_pool,knn,4,1,brier,0.4130520164014264
1026,1026,,,lab_hyperkalemia,lab_hyperkalemia,clinicalbert_type1_max_pool,knn,0,2,auroc,0.548779460654048
1027,1027,,,lab_hyperkalemia,lab_hyperkalemia,clinicalbert_type1_max_pool,knn,0,2,auprc,0.0275363056485888
1028,1028,,,lab_hyperkalemia,lab_hyperkalemia,clinicalbert_type1_max_pool,knn,0,2,brier,0.2830188679245283
1029,1029,,,lab_hyperkalemia,lab_hyperkalemia,clinicalbert_type1_max_pool,knn,1,2,auroc,0.4547478915584682
1030,1030,,,lab_hyperkalemia,lab_hyperkalemia,clinicalbert_type1_max_pool,knn,1,2,auprc,0.022625343758614
1031,1031,,,lab_hyperkalemia,lab_hyperkalemia,clinicalbert_type1_max_pool,knn,1,2,brier,0.521577930341068
1032,1032,,,lab_hyperkalemia,lab_hyperkalemia,clinicalbert_type1_max_pool,knn,2,2,auroc,0.5059552591356646
1033,1033,,,lab_hyperkalemia,lab_hyperkalemia,clinicalbert_type1_max_pool,knn,2,2,auprc,0.0247101374618832
1034,1034,,,lab_hyperkalemia,lab_hyperkalemia,clinicalbert_type1_max_pool,knn,2,2,brier,0.2680313575165349
1035,1035,,,lab_hyperkalemia,lab_hyperkalemia,clinicalbert_type1_max_pool,knn,3,2,auroc,0.510825197064106
1036,1036,,,lab_hyperkalemia,lab_hyperkalemia,clinicalbert_type1_max_pool,knn,3,2,auprc,0.0249450054624435
1037,1037,,,lab_hyperkalemia,lab_hyperkalemia,clinicalbert_type1_max_pool,knn,3,2,brier,0.6820888253499442
1038,1038,,,lab_hyperkalemia,lab_hyperkalemia,clinicalbert_type1_max_pool,knn,4,2,auroc,0.4927411647648689
1039,1039,,,lab_hyperkalemia,lab_hyperkalemia,clinicalbert_type1_max_pool,knn,4,2,auprc,0.0241357859033705
1040,1040,,,lab_hyperkalemia,lab_hyperkalemia,clinicalbert_type1_max_pool,knn,4,2,brier,0.1423324727646598
1041,1041,,,lab_hyperkalemia,lab_hyperkalemia,clinicalbert_type1_max_pool,knn,0,4,auroc,0.5561676146588946
1042,1042,,,lab_hyperkalemia,lab_hyperkalemia,clinicalbert_type1_max_pool,knn,0,4,auprc,0.0285745000870244
1043,1043,,,lab_hyperkalemia,lab_hyperkalemia,clinicalbert_type1_max_pool,knn,0,4,brier,0.1846272760121283
1044,1044,,,lab_hyperkalemia,lab_hyperkalemia,clinicalbert_type1_max_pool,knn,1,4,auroc,0.5068802310786884
1045,1045,,,lab_hyperkalemia,lab_hyperkalemia,clinicalbert_type1_max_pool,knn,1,4,auprc,0.024862300161715
1046,1046,,,lab_hyperkalemia,lab_hyperkalemia,clinicalbert_type1_max_pool,knn,1,4,brier,0.2229852481422714
1047,1047,,,lab_hyperkalemia,lab_hyperkalemia,clinicalbert_type1_max_pool,knn,2,4,auroc,0.5050823535541487
1048,1048,,,lab_hyperkalemia,lab_hyperkalemia,clinicalbert_type1_max_pool,knn,2,4,auprc,0.0247585738491622
1049,1049,,,lab_hyperkalemia,lab_hyperkalemia,clinicalbert_type1_max_pool,knn,2,4,brier,0.2162424394765369
1050,1050,,,lab_hyperkalemia,lab_hyperkalemia,clinicalbert_type1_max_pool,knn,3,4,auroc,0.5094114054564303
1051,1051,,,lab_hyperkalemia,lab_hyperkalemia,clinicalbert_type1_max_pool,knn,3,4,auprc,0.0248828541045701
1052,1052,,,lab_hyperkalemia,lab_hyperkalemia,clinicalbert_type1_max_pool,knn,3,4,brier,0.3977817227781879
1053,1053,,,lab_hyperkalemia,lab_hyperkalemia,clinicalbert_type1_max_pool,knn,4,4,auroc,0.5251084056982703
1054,1054,,,lab_hyperkalemia,lab_hyperkalemia,clinicalbert_type1_max_pool,knn,4,4,auprc,0.0257100692366207
1055,1055,,,lab_hyperkalemia,lab_hyperkalemia,clinicalbert_type1_max_pool,knn,4,4,brier,0.5770977016008672
1056,1056,,,lab_hyperkalemia,lab_hyperkalemia,clinicalbert_type1_max_pool,knn,0,8,auroc,0.4987850646919231
1057,1057,,,lab_hyperkalemia,lab_hyperkalemia,clinicalbert_type1_max_pool,knn,0,8,auprc,0.0243560135499041
1058,1058,,,lab_hyperkalemia,lab_hyperkalemia,clinicalbert_type1_max_pool,knn,0,8,brier,0.5084913515466671
1059,1059,,,lab_hyperkalemia,lab_hyperkalemia,clinicalbert_type1_max_pool,knn,1,8,auroc,0.5198976608178044
1060,1060,,,lab_hyperkalemia,lab_hyperkalemia,clinicalbert_type1_max_pool,knn,1,8,auprc,0.0255508375983156
1061,1061,,,lab_hyperkalemia,lab_hyperkalemia,clinicalbert_type1_max_pool,knn,1,8,brier,0.2366631580601072
1062,1062,,,lab_hyperkalemia,lab_hyperkalemia,clinicalbert_type1_max_pool,knn,2,8,auroc,0.5398203159761317
1063,1063,,,lab_hyperkalemia,lab_hyperkalemia,clinicalbert_type1_max_pool,knn,2,8,auprc,0.0275350817955129
1064,1064,,,lab_hyperkalemia,lab_hyperkalemia,clinicalbert_type1_max_pool,knn,2,8,brier,0.3742611453868074
1065,1065,,,lab_hyperkalemia,lab_hyperkalemia,clinicalbert_type1_max_pool,knn,3,8,auroc,0.5373999063188906
1066,1066,,,lab_hyperkalemia,lab_hyperkalemia,clinicalbert_type1_max_pool,knn,3,8,auprc,0.026546770662724
1067,1067,,,lab_hyperkalemia,lab_hyperkalemia,clinicalbert_type1_max_pool,knn,3,8,brier,0.37255117590687
1068,1068,,,lab_hyperkalemia,lab_hyperkalemia,clinicalbert_type1_max_pool,knn,4,8,auroc,0.5562680065208286
1069,1069,,,lab_hyperkalemia,lab_hyperkalemia,clinicalbert_type1_max_pool,knn,4,8,auprc,0.0273421198900818
1070,1070,,,lab_hyperkalemia,lab_hyperkalemia,clinicalbert_type1_max_pool,knn,4,8,brier,0.2472514009840668
1071,1071,,,lab_hyperkalemia,lab_hyperkalemia,clinicalbert_type1_max_pool,knn,0,12,auroc,0.517659584460177
1072,1072,,,lab_hyperkalemia,lab_hyperkalemia,clinicalbert_type1_max_pool,knn,0,12,auprc,0.025318867582117
1073,1073,,,lab_hyperkalemia,lab_hyperkalemia,clinicalbert_type1_max_pool,knn,0,12,brier,0.4533014940379872
1074,1074,,,lab_hyperkalemia,lab_hyperkalemia,clinicalbert_type1_max_pool,knn,1,12,auroc,0.4651086829986651
1075,1075,,,lab_hyperkalemia,lab_hyperkalemia,clinicalbert_type1_max_pool,knn,1,12,auprc,0.0226717152822176
1076,1076,,,lab_hyperkalemia,lab_hyperkalemia,clinicalbert_type1_max_pool,knn,1,12,brier,0.2807855089312366
1077,1077,,,lab_hyperkalemia,lab_hyperkalemia,clinicalbert_type1_max_pool,knn,2,12,auroc,0.5624817581209794
1078,1078,,,lab_hyperkalemia,lab_hyperkalemia,clinicalbert_type1_max_pool,knn,2,12,auprc,0.0286129900213808
1079,1079,,,lab_hyperkalemia,lab_hyperkalemia,clinicalbert_type1_max_pool,knn,2,12,brier,0.2506690965076273
1080,1080,,,lab_hyperkalemia,lab_hyperkalemia,clinicalbert_type1_max_pool,knn,3,12,auroc,0.5531200719206968
1081,1081,,,lab_hyperkalemia,lab_hyperkalemia,clinicalbert_type1_max_pool,knn,3,12,auprc,0.0276648662828659
1082,1082,,,lab_hyperkalemia,lab_hyperkalemia,clinicalbert_type1_max_pool,knn,3,12,brier,0.2034072235401317
1083,1083,,,lab_hyperkalemia,lab_hyperkalemia,clinicalbert_type1_max_pool,knn,4,12,auroc,0.557067203667793
1084,1084,,,lab_hyperkalemia,lab_hyperkalemia,clinicalbert_type1_max_pool,knn,4,12,auprc,0.0276411953547978
1085,1085,,,lab_hyperkalemia,lab_hyperkalemia,clinicalbert_type1_max_pool,knn,4,12,brier,0.26784164670673
1086,1086,,,lab_hyperkalemia,lab_hyperkalemia,clinicalbert_type1_max_pool,knn,0,16,auroc,0.521356529283388
1087,1087,,,lab_hyperkalemia,lab_hyperkalemia,clinicalbert_type1_max_pool,knn,0,16,auprc,0.0255143030515584
1088,1088,,,lab_hyperkalemia,lab_hyperkalemia,clinicalbert_type1_max_pool,knn,0,16,brier,0.5060719840384585
1089,1089,,,lab_hyperkalemia,lab_hyperkalemia,clinicalbert_type1_max_pool,knn,1,16,auroc,0.4794074146519436
1090,1090,,,lab_hyperkalemia,lab_hyperkalemia,clinicalbert_type1_max_pool,knn,1,16,auprc,0.0235077971630373
1091,1091,,,lab_hyperkalemia,lab_hyperkalemia,clinicalbert_type1_max_pool,knn,1,16,brier,0.525489764818626
1092,1092,,,lab_hyperkalemia,lab_hyperkalemia,clinicalbert_type1_max_pool,knn,2,16,auroc,0.535300552696163
1093,1093,,,lab_hyperkalemia,lab_hyperkalemia,clinicalbert_type1_max_pool,knn,2,16,auprc,0.0265249683531152
1094,1094,,,lab_hyperkalemia,lab_hyperkalemia,clinicalbert_type1_max_pool,knn,2,16,brier,0.2414541341335051
1095,1095,,,lab_hyperkalemia,lab_hyperkalemia,clinicalbert_type1_max_pool,knn,3,16,auroc,0.5381840363965681
1096,1096,,,lab_hyperkalemia,lab_hyperkalemia,clinicalbert_type1_max_pool,knn,3,16,auprc,0.0269460506411745
1097,1097,,,lab_hyperkalemia,lab_hyperkalemia,clinicalbert_type1_max_pool,knn,3,16,brier,0.199881231049597
1098,1098,,,lab_hyperkalemia,lab_hyperkalemia,clinicalbert_type1_max_pool,knn,4,16,auroc,0.5352964543289669
1099,1099,,,lab_hyperkalemia,lab_hyperkalemia,clinicalbert_type1_max_pool,knn,4,16,auprc,0.0259710406230095
1100,1100,,,lab_hyperkalemia,lab_hyperkalemia,clinicalbert_type1_max_pool,knn,4,16,brier,0.2840009440064573
1101,1101,,,lab_hyperkalemia,lab_hyperkalemia,clinicalbert_type1_max_pool,knn,0,24,auroc,0.521998755339872
1102,1102,,,lab_hyperkalemia,lab_hyperkalemia,clinicalbert_type1_max_pool,knn,0,24,auprc,0.0272697816675631
1103,1103,,,lab_hyperkalemia,lab_hyperkalemia,clinicalbert_type1_max_pool,knn,0,24,brier,0.2751625217978728
1104,1104,,,lab_hyperkalemia,lab_hyperkalemia,clinicalbert_type1_max_pool,knn,1,24,auroc,0.4749455673625145
1105,1105,,,lab_hyperkalemia,lab_hyperkalemia,clinicalbert_type1_max_pool,knn,1,24,auprc,0.02329147508612
1106,1106,,,lab_hyperkalemia,lab_hyperkalemia,clinicalbert_type1_max_pool,knn,1,24,brier,0.2970498030118158
1107,1107,,,lab_hyperkalemia,lab_hyperkalemia,clinicalbert_type1_max_pool,knn,2,24,auroc,0.552212809483458
1108,1108,,,lab_hyperkalemia,lab_hyperkalemia,clinicalbert_type1_max_pool,knn,2,24,auprc,0.0287524801165368
1109,1109,,,lab_hyperkalemia,lab_hyperkalemia,clinicalbert_type1_max_pool,knn,2,24,brier,0.2214707869228473
1110,1110,,,lab_hyperkalemia,lab_hyperkalemia,clinicalbert_type1_max_pool,knn,3,24,auroc,0.5576387212323379
1111,1111,,,lab_hyperkalemia,lab_hyperkalemia,clinicalbert_type1_max_pool,knn,3,24,auprc,0.0278435405814021
1112,1112,,,lab_hyperkalemia,lab_hyperkalemia,clinicalbert_type1_max_pool,knn,3,24,brier,0.4481328452704507
1113,1113,,,lab_hyperkalemia,lab_hyperkalemia,clinicalbert_type1_max_pool,knn,4,24,auroc,0.5296526348314622
1114,1114,,,lab_hyperkalemia,lab_hyperkalemia,clinicalbert_type1_max_pool,knn,4,24,auprc,0.0264447591471881
1115,1115,,,lab_hyperkalemia,lab_hyperkalemia,clinicalbert_type1_max_pool,knn,4,24,brier,0.2944242789258666
1116,1116,,,lab_hyperkalemia,lab_hyperkalemia,clinicalbert_type1_max_pool,knn,0,32,auroc,0.5324410581741618
1117,1117,,,lab_hyperkalemia,lab_hyperkalemia,clinicalbert_type1_max_pool,knn,0,32,auprc,0.0272363783722763
1118,1118,,,lab_hyperkalemia,lab_hyperkalemia,clinicalbert_type1_max_pool,knn,0,32,brier,0.2808276122099509
1119,1119,,,lab_hyperkalemia,lab_hyperkalemia,clinicalbert_type1_max_pool,knn,1,32,auroc,0.4968603243092365
1120,1120,,,lab_hyperkalemia,lab_hyperkalemia,clinicalbert_type1_max_pool,knn,1,32,auprc,0.024556249450911
1121,1121,,,lab_hyperkalemia,lab_hyperkalemia,clinicalbert_type1_max_pool,knn,1,32,brier,0.2946339266544128
1122,1122,,,lab_hyperkalemia,lab_hyperkalemia,clinicalbert_type1_max_pool,knn,2,32,auroc,0.5421298262004232
1123,1123,,,lab_hyperkalemia,lab_hyperkalemia,clinicalbert_type1_max_pool,knn,2,32,auprc,0.0273502496053552
1124,1124,,,lab_hyperkalemia,lab_hyperkalemia,clinicalbert_type1_max_pool,knn,2,32,brier,0.2527013652145226
1125,1125,,,lab_hyperkalemia,lab_hyperkalemia,clinicalbert_type1_max_pool,knn,3,32,auroc,0.5663813467361029
1126,1126,,,lab_hyperkalemia,lab_hyperkalemia,clinicalbert_type1_max_pool,knn,3,32,auprc,0.0286016842828127
1127,1127,,,lab_hyperkalemia,lab_hyperkalemia,clinicalbert_type1_max_pool,knn,3,32,brier,0.2829123878249607
1128,1128,,,lab_hyperkalemia,lab_hyperkalemia,clinicalbert_type1_max_pool,knn,4,32,auroc,0.4841129515802216
1129,1129,,,lab_hyperkalemia,lab_hyperkalemia,clinicalbert_type1_max_pool,knn,4,32,auprc,0.0242924860927815
1130,1130,,,lab_hyperkalemia,lab_hyperkalemia,clinicalbert_type1_max_pool,knn,4,32,brier,0.2700555247880083
1131,1131,,,lab_hyperkalemia,lab_hyperkalemia,clinicalbert_type1_max_pool,knn,0,48,auroc,0.5432742913539705
1132,1132,,,lab_hyperkalemia,lab_hyperkalemia,clinicalbert_type1_max_pool,knn,0,48,auprc,0.0278567119233083
1133,1133,,,lab_hyperkalemia,lab_hyperkalemia,clinicalbert_type1_max_pool,knn,0,48,brier,0.2644255573185867
1134,1134,,,lab_hyperkalemia,lab_hyperkalemia,clinicalbert_type1_max_pool,knn,1,48,auroc,0.4665564169622206
1135,1135,,,lab_hyperkalemia,lab_hyperkalemia,clinicalbert_type1_max_pool,knn,1,48,auprc,0.0231807705064585
1136,1136,,,lab_hyperkalemia,lab_hyperkalemia,clinicalbert_type1_max_pool,knn,1,48,brier,0.281401347933326
1137,1137,,,lab_hyperkalemia,lab_hyperkalemia,clinicalbert_type1_max_pool,knn,2,48,auroc,0.5284093943653679
1138,1138,,,lab_hyperkalemia,lab_hyperkalemia,clinicalbert_type1_max_pool,knn,2,48,auprc,0.0263461680278674
1139,1139,,,lab_hyperkalemia,lab_hyperkalemia,clinicalbert_type1_max_pool,knn,2,48,brier,0.2473687021821438
1140,1140,,,lab_hyperkalemia,lab_hyperkalemia,clinicalbert_type1_max_pool,knn,3,48,auroc,0.5529590490942526
1141,1141,,,lab_hyperkalemia,lab_hyperkalemia,clinicalbert_type1_max_pool,knn,3,48,auprc,0.0283789286379163
1142,1142,,,lab_hyperkalemia,lab_hyperkalemia,clinicalbert_type1_max_pool,knn,3,48,brier,0.2618377766955211
1143,1143,,,lab_hyperkalemia,lab_hyperkalemia,clinicalbert_type1_max_pool,knn,4,48,auroc,0.5213618711501126
1144,1144,,,lab_hyperkalemia,lab_hyperkalemia,clinicalbert_type1_max_pool,knn,4,48,auprc,0.0255637957266126
1145,1145,,,lab_hyperkalemia,lab_hyperkalemia,clinicalbert_type1_max_pool,knn,4,48,brier,0.298392220319545
1146,1146,,,lab_hyperkalemia,lab_hyperkalemia,clinicalbert_type1_max_pool,knn,0,64,auroc,0.5255305530632025
1147,1147,,,lab_hyperkalemia,lab_hyperkalemia,clinicalbert_type1_max_pool,knn,0,64,auprc,0.0259204774063608
1148,1148,,,lab_hyperkalemia,lab_hyperkalemia,clinicalbert_type1_max_pool,knn,0,64,brier,0.2717056540932871
1149,1149,,,lab_hyperkalemia,lab_hyperkalemia,clinicalbert_type1_max_pool,knn,1,64,auroc,0.483010174748367
1150,1150,,,lab_hyperkalemia,lab_hyperkalemia,clinicalbert_type1_max_pool,knn,1,64,auprc,0.0234158350076128
1151,1151,,,lab_hyperkalemia,lab_hyperkalemia,clinicalbert_type1_max_pool,knn,1,64,brier,0.3318251561853592
1152,1152,,,lab_hyperkalemia,lab_hyperkalemia,clinicalbert_type1_max_pool,knn,2,64,auroc,0.5059904916223054
1153,1153,,,lab_hyperkalemia,lab_hyperkalemia,clinicalbert_type1_max_pool,knn,2,64,auprc,0.024516374244074
1154,1154,,,lab_hyperkalemia,lab_hyperkalemia,clinicalbert_type1_max_pool,knn,2,64,brier,0.2735857784480788
1155,1155,,,lab_hyperkalemia,lab_hyperkalemia,clinicalbert_type1_max_pool,knn,3,64,auroc,0.5184323935108972
1156,1156,,,lab_hyperkalemia,lab_hyperkalemia,clinicalbert_type1_max_pool,knn,3,64,auprc,0.0253642286191976
1157,1157,,,lab_hyperkalemia,lab_hyperkalemia,clinicalbert_type1_max_pool,knn,3,64,brier,0.4364916029095251
1158,1158,,,lab_hyperkalemia,lab_hyperkalemia,clinicalbert_type1_max_pool,knn,4,64,auroc,0.5052638785790688
1159,1159,,,lab_hyperkalemia,lab_hyperkalemia,clinicalbert_type1_max_pool,knn,4,64,auprc,0.0245052604167392
1160,1160,,,lab_hyperkalemia,lab_hyperkalemia,clinicalbert_type1_max_pool,knn,4,64,brier,0.3064289192968124
1161,1161,,,lab_hyperkalemia,lab_hyperkalemia,clinicalbert_type1_max_pool,knn,0,128,auroc,0.517143081387272
1162,1162,,,lab_hyperkalemia,lab_hyperkalemia,clinicalbert_type1_max_pool,knn,0,128,auprc,0.0255248323145115
1163,1163,,,lab_hyperkalemia,lab_hyperkalemia,clinicalbert_type1_max_pool,knn,0,128,brier,0.2587745711557629
1164,1164,,,lab_hyperkalemia,lab_hyperkalemia,clinicalbert_type1_max_pool,knn,1,128,auroc,0.4857310605229251
1165,1165,,,lab_hyperkalemia,lab_hyperkalemia,clinicalbert_type1_max_pool,knn,1,128,auprc,0.0233774917963956
1166,1166,,,lab_hyperkalemia,lab_hyperkalemia,clinicalbert_type1_max_pool,knn,1,128,brier,0.2989508742714405
1167,1167,,,lab_hyperkalemia,lab_hyperkalemia,clinicalbert_type1_max_pool,knn,2,128,auroc,0.4994251560742164
1168,1168,,,lab_hyperkalemia,lab_hyperkalemia,clinicalbert_type1_max_pool,knn,2,128,auprc,0.0245871935369044
1169,1169,,,lab_hyperkalemia,lab_hyperkalemia,clinicalbert_type1_max_pool,knn,2,128,brier,0.2435574128477841
1170,1170,,,lab_hyperkalemia,lab_hyperkalemia,clinicalbert_type1_max_pool,knn,3,128,auroc,0.51961951587952
1171,1171,,,lab_hyperkalemia,lab_hyperkalemia,clinicalbert_type1_max_pool,knn,3,128,auprc,0.0259141362140008
1172,1172,,,lab_hyperkalemia,lab_hyperkalemia,clinicalbert_type1_max_pool,knn,3,128,brier,0.2694756813144756
1173,1173,,,lab_hyperkalemia,lab_hyperkalemia,clinicalbert_type1_max_pool,knn,4,128,auroc,0.4919552419753711
1174,1174,,,lab_hyperkalemia,lab_hyperkalemia,clinicalbert_type1_max_pool,knn,4,128,auprc,0.0240439435951948
1175,1175,,,lab_hyperkalemia,lab_hyperkalemia,clinicalbert_type1_max_pool,knn,4,128,brier,0.4477558009834572
1176,1176,,,lab_hyperkalemia,lab_hyperkalemia,clinicalbert_type1_max_pool,rf,0,-1,auroc,0.5717839117813353
1177,1177,,,lab_hyperkalemia,lab_hyperkalemia,clinicalbert_type1_max_pool,rf,0,-1,auprc,0.031998427615224
1178,1178,,,lab_hyperkalemia,lab_hyperkalemia,clinicalbert_type1_max_pool,rf,0,-1,brier,0.0240370093447644
1179,1179,,,lab_hyperkalemia,lab_hyperkalemia,clinicalbert_type1_max_pool,rf,0,1,auroc,0.5231507902967991
1180,1180,,,lab_hyperkalemia,lab_hyperkalemia,clinicalbert_type1_max_pool,rf,0,1,auprc,0.0292822059079316
1181,1181,,,lab_hyperkalemia,lab_hyperkalemia,clinicalbert_type1_max_pool,rf,0,1,brier,0.3175455045323865
1182,1182,,,lab_hyperkalemia,lab_hyperkalemia,clinicalbert_type1_max_pool,rf,1,1,auroc,0.5238969521888731
1183,1183,,,lab_hyperkalemia,lab_hyperkalemia,clinicalbert_type1_max_pool,rf,1,1,auprc,0.0262373570529169
1184,1184,,,lab_hyperkalemia,lab_hyperkalemia,clinicalbert_type1_max_pool,rf,1,1,brier,0.3159227122052377
1185,1185,,,lab_hyperkalemia,lab_hyperkalemia,clinicalbert_type1_max_pool,rf,2,1,auroc,0.4707692897398046
1186,1186,,,lab_hyperkalemia,lab_hyperkalemia,clinicalbert_type1_max_pool,rf,2,1,auprc,0.0230762779032962
1187,1187,,,lab_hyperkalemia,lab_hyperkalemia,clinicalbert_type1_max_pool,rf,2,1,brier,0.4346139223602972
1188,1188,,,lab_hyperkalemia,lab_hyperkalemia,clinicalbert_type1_max_pool,rf,3,1,auroc,0.5561495942782276
1189,1189,,,lab_hyperkalemia,lab_hyperkalemia,clinicalbert_type1_max_pool,rf,3,1,auprc,0.0289325594000384
1190,1190,,,lab_hyperkalemia,lab_hyperkalemia,clinicalbert_type1_max_pool,rf,3,1,brier,0.2946649804408276
1191,1191,,,lab_hyperkalemia,lab_hyperkalemia,clinicalbert_type1_max_pool,rf,4,1,auroc,0.4968086724475716
1192,1192,,,lab_hyperkalemia,lab_hyperkalemia,clinicalbert_type1_max_pool,rf,4,1,auprc,0.0249426481580505
1193,1193,,,lab_hyperkalemia,lab_hyperkalemia,clinicalbert_type1_max_pool,rf,4,1,brier,0.4249062887845035
1194,1194,,,lab_hyperkalemia,lab_hyperkalemia,clinicalbert_type1_max_pool,rf,0,2,auroc,0.523522814268237
1195,1195,,,lab_hyperkalemia,lab_hyperkalemia,clinicalbert_type1_max_pool,rf,0,2,auprc,0.0310571091429951
1196,1196,,,lab_hyperkalemia,lab_hyperkalemia,clinicalbert_type1_max_pool,rf,0,2,brier,0.1294021884278824
1197,1197,,,lab_hyperkalemia,lab_hyperkalemia,clinicalbert_type1_max_pool,rf,1,2,auroc,0.5711016502212818
1198,1198,,,lab_hyperkalemia,lab_hyperkalemia,clinicalbert_type1_max_pool,rf,1,2,auprc,0.0291689714438964
1199,1199,,,lab_hyperkalemia,lab_hyperkalemia,clinicalbert_type1_max_pool,rf,1,2,brier,0.3022651721050068
1200,1200,,,lab_hyperkalemia,lab_hyperkalemia,clinicalbert_type1_max_pool,rf,2,2,auroc,0.4637381962620694
1201,1201,,,lab_hyperkalemia,lab_hyperkalemia,clinicalbert_type1_max_pool,rf,2,2,auprc,0.0237135724861071
1202,1202,,,lab_hyperkalemia,lab_hyperkalemia,clinicalbert_type1_max_pool,rf,2,2,brier,0.3405474997250719
1203,1203,,,lab_hyperkalemia,lab_hyperkalemia,clinicalbert_type1_max_pool,rf,3,2,auroc,0.4677461869485896
1204,1204,,,lab_hyperkalemia,lab_hyperkalemia,clinicalbert_type1_max_pool,rf,3,2,auprc,0.0239787736694186
1205,1205,,,lab_hyperkalemia,lab_hyperkalemia,clinicalbert_type1_max_pool,rf,3,2,brier,0.2860963976560413
1206,1206,,,lab_hyperkalemia,lab_hyperkalemia,clinicalbert_type1_max_pool,rf,4,2,auroc,0.5004821410359341
1207,1207,,,lab_hyperkalemia,lab_hyperkalemia,clinicalbert_type1_max_pool,rf,4,2,auprc,0.026729619265966
1208,1208,,,lab_hyperkalemia,lab_hyperkalemia,clinicalbert_type1_max_pool,rf,4,2,brier,0.3320492749752565
1209,1209,,,lab_hyperkalemia,lab_hyperkalemia,clinicalbert_type1_max_pool,rf,0,4,auroc,0.4764787401061737
1210,1210,,,lab_hyperkalemia,lab_hyperkalemia,clinicalbert_type1_max_pool,rf,0,4,auprc,0.023431384731024
1211,1211,,,lab_hyperkalemia,lab_hyperkalemia,clinicalbert_type1_max_pool,rf,0,4,brier,0.302176331044884
1212,1212,,,lab_hyperkalemia,lab_hyperkalemia,clinicalbert_type1_max_pool,rf,1,4,auroc,0.4692637019606858
1213,1213,,,lab_hyperkalemia,lab_hyperkalemia,clinicalbert_type1_max_pool,rf,1,4,auprc,0.0235633816029532
1214,1214,,,lab_hyperkalemia,lab_hyperkalemia,clinicalbert_type1_max_pool,rf,1,4,brier,0.2734851460261103
1215,1215,,,lab_hyperkalemia,lab_hyperkalemia,clinicalbert_type1_max_pool,rf,2,4,auroc,0.5077463129565417
1216,1216,,,lab_hyperkalemia,lab_hyperkalemia,clinicalbert_type1_max_pool,rf,2,4,auprc,0.0258213739950108
1217,1217,,,lab_hyperkalemia,lab_hyperkalemia,clinicalbert_type1_max_pool,rf,2,4,brier,0.3659400185380108
1218,1218,,,lab_hyperkalemia,lab_hyperkalemia,clinicalbert_type1_max_pool,rf,3,4,auroc,0.4575173567146062
1219,1219,,,lab_hyperkalemia,lab_hyperkalemia,clinicalbert_type1_max_pool,rf,3,4,auprc,0.0235162575966509
1220,1220,,,lab_hyperkalemia,lab_hyperkalemia,clinicalbert_type1_max_pool,rf,3,4,brier,0.291734875025529
1221,1221,,,lab_hyperkalemia,lab_hyperkalemia,clinicalbert_type1_max_pool,rf,4,4,auroc,0.5474961328719038
1222,1222,,,lab_hyperkalemia,lab_hyperkalemia,clinicalbert_type1_max_pool,rf,4,4,auprc,0.0288217590836769
1223,1223,,,lab_hyperkalemia,lab_hyperkalemia,clinicalbert_type1_max_pool,rf,4,4,brier,0.4179140024822083
1224,1224,,,lab_hyperkalemia,lab_hyperkalemia,clinicalbert_type1_max_pool,rf,0,8,auroc,0.5228213665467084
1225,1225,,,lab_hyperkalemia,lab_hyperkalemia,clinicalbert_type1_max_pool,rf,0,8,auprc,0.0281808498462774
1226,1226,,,lab_hyperkalemia,lab_hyperkalemia,clinicalbert_type1_max_pool,rf,0,8,brier,0.2277281903445242
1227,1227,,,lab_hyperkalemia,lab_hyperkalemia,clinicalbert_type1_max_pool,rf,1,8,auroc,0.4716166932184903
1228,1228,,,lab_hyperkalemia,lab_hyperkalemia,clinicalbert_type1_max_pool,rf,1,8,auprc,0.022751165013294
1229,1229,,,lab_hyperkalemia,lab_hyperkalemia,clinicalbert_type1_max_pool,rf,1,8,brier,0.4022581810755188
1230,1230,,,lab_hyperkalemia,lab_hyperkalemia,clinicalbert_type1_max_pool,rf,2,8,auroc,0.5218691930514987
1231,1231,,,lab_hyperkalemia,lab_hyperkalemia,clinicalbert_type1_max_pool,rf,2,8,auprc,0.0277354747538586
1232,1232,,,lab_hyperkalemia,lab_hyperkalemia,clinicalbert_type1_max_pool,rf,2,8,brier,0.3173559455171005
1233,1233,,,lab_hyperkalemia,lab_hyperkalemia,clinicalbert_type1_max_pool,rf,3,8,auroc,0.5046655325121967
1234,1234,,,lab_hyperkalemia,lab_hyperkalemia,clinicalbert_type1_max_pool,rf,3,8,auprc,0.026469760391085
1235,1235,,,lab_hyperkalemia,lab_hyperkalemia,clinicalbert_type1_max_pool,rf,3,8,brier,0.2398547201231678
1236,1236,,,lab_hyperkalemia,lab_hyperkalemia,clinicalbert_type1_max_pool,rf,4,8,auroc,0.540499489512356
1237,1237,,,lab_hyperkalemia,lab_hyperkalemia,clinicalbert_type1_max_pool,rf,4,8,auprc,0.0267162222854236
1238,1238,,,lab_hyperkalemia,lab_hyperkalemia,clinicalbert_type1_max_pool,rf,4,8,brier,0.2239193580821014
1239,1239,,,lab_hyperkalemia,lab_hyperkalemia,clinicalbert_type1_max_pool,rf,0,12,auroc,0.5331360137919019
1240,1240,,,lab_hyperkalemia,lab_hyperkalemia,clinicalbert_type1_max_pool,rf,0,12,auprc,0.0282833352491735
1241,1241,,,lab_hyperkalemia,lab_hyperkalemia,clinicalbert_type1_max_pool,rf,0,12,brier,0.2209218230091275
1242,1242,,,lab_hyperkalemia,lab_hyperkalemia,clinicalbert_type1_max_pool,rf,1,12,auroc,0.4197870525709944
1243,1243,,,lab_hyperkalemia,lab_hyperkalemia,clinicalbert_type1_max_pool,rf,1,12,auprc,0.019263728098216
1244,1244,,,lab_hyperkalemia,lab_hyperkalemia,clinicalbert_type1_max_pool,rf,1,12,brier,0.2571465844905375
1245,1245,,,lab_hyperkalemia,lab_hyperkalemia,clinicalbert_type1_max_pool,rf,2,12,auroc,0.5593441808356702
1246,1246,,,lab_hyperkalemia,lab_hyperkalemia,clinicalbert_type1_max_pool,rf,2,12,auprc,0.0283073905418832
1247,1247,,,lab_hyperkalemia,lab_hyperkalemia,clinicalbert_type1_max_pool,rf,2,12,brier,0.2736930702402086
1248,1248,,,lab_hyperkalemia,lab_hyperkalemia,clinicalbert_type1_max_pool,rf,3,12,auroc,0.5548118063979833
1249,1249,,,lab_hyperkalemia,lab_hyperkalemia,clinicalbert_type1_max_pool,rf,3,12,auprc,0.0278090543891757
1250,1250,,,lab_hyperkalemia,lab_hyperkalemia,clinicalbert_type1_max_pool,rf,3,12,brier,0.1973135232951476
1251,1251,,,lab_hyperkalemia,lab_hyperkalemia,clinicalbert_type1_max_pool,rf,4,12,auroc,0.5283815607009217
1252,1252,,,lab_hyperkalemia,lab_hyperkalemia,clinicalbert_type1_max_pool,rf,4,12,auprc,0.0262015615242661
1253,1253,,,lab_hyperkalemia,lab_hyperkalemia,clinicalbert_type1_max_pool,rf,4,12,brier,0.2755430223241639
1254,1254,,,lab_hyperkalemia,lab_hyperkalemia,clinicalbert_type1_max_pool,rf,0,16,auroc,0.5270085610590288
1255,1255,,,lab_hyperkalemia,lab_hyperkalemia,clinicalbert_type1_max_pool,rf,0,16,auprc,0.027363969975731
1256,1256,,,lab_hyperkalemia,lab_hyperkalemia,clinicalbert_type1_max_pool,rf,0,16,brier,0.2501966772972208
1257,1257,,,lab_hyperkalemia,lab_hyperkalemia,clinicalbert_type1_max_pool,rf,1,16,auroc,0.4552112972015063
1258,1258,,,lab_hyperkalemia,lab_hyperkalemia,clinicalbert_type1_max_pool,rf,1,16,auprc,0.0213976309417183
1259,1259,,,lab_hyperkalemia,lab_hyperkalemia,clinicalbert_type1_max_pool,rf,1,16,brier,0.2601082528550744
1260,1260,,,lab_hyperkalemia,lab_hyperkalemia,clinicalbert_type1_max_pool,rf,2,16,auroc,0.5669491700707984
1261,1261,,,lab_hyperkalemia,lab_hyperkalemia,clinicalbert_type1_max_pool,rf,2,16,auprc,0.0296866001089249
1262,1262,,,lab_hyperkalemia,lab_hyperkalemia,clinicalbert_type1_max_pool,rf,2,16,brier,0.2921834006252652
1263,1263,,,lab_hyperkalemia,lab_hyperkalemia,clinicalbert_type1_max_pool,rf,3,16,auroc,0.5103298231206893
1264,1264,,,lab_hyperkalemia,lab_hyperkalemia,clinicalbert_type1_max_pool,rf,3,16,auprc,0.0263728509819128
1265,1265,,,lab_hyperkalemia,lab_hyperkalemia,clinicalbert_type1_max_pool,rf,3,16,brier,0.2072507187406721
1266,1266,,,lab_hyperkalemia,lab_hyperkalemia,clinicalbert_type1_max_pool,rf,4,16,auroc,0.5360641909378604
1267,1267,,,lab_hyperkalemia,lab_hyperkalemia,clinicalbert_type1_max_pool,rf,4,16,auprc,0.0265467380119762
1268,1268,,,lab_hyperkalemia,lab_hyperkalemia,clinicalbert_type1_max_pool,rf,4,16,brier,0.2605262187171068
1269,1269,,,lab_hyperkalemia,lab_hyperkalemia,clinicalbert_type1_max_pool,rf,0,24,auroc,0.5254518447242967
1270,1270,,,lab_hyperkalemia,lab_hyperkalemia,clinicalbert_type1_max_pool,rf,0,24,auprc,0.0307564093736566
1271,1271,,,lab_hyperkalemia,lab_hyperkalemia,clinicalbert_type1_max_pool,rf,0,24,brier,0.2595692269021099
1272,1272,,,lab_hyperkalemia,lab_hyperkalemia,clinicalbert_type1_max_pool,rf,1,24,auroc,0.4657666807741688
1273,1273,,,lab_hyperkalemia,lab_hyperkalemia,clinicalbert_type1_max_pool,rf,1,24,auprc,0.0221003603318458
1274,1274,,,lab_hyperkalemia,lab_hyperkalemia,clinicalbert_type1_max_pool,rf,1,24,brier,0.3036305830047288
1275,1275,,,lab_hyperkalemia,lab_hyperkalemia,clinicalbert_type1_max_pool,rf,2,24,auroc,0.5410458365739449
1276,1276,,,lab_hyperkalemia,lab_hyperkalemia,clinicalbert_type1_max_pool,rf,2,24,auprc,0.0264243495769819
1277,1277,,,lab_hyperkalemia,lab_hyperkalemia,clinicalbert_type1_max_pool,rf,2,24,brier,0.2444485381678789
1278,1278,,,lab_hyperkalemia,lab_hyperkalemia,clinicalbert_type1_max_pool,rf,3,24,auroc,0.5746526962810639
1279,1279,,,lab_hyperkalemia,lab_hyperkalemia,clinicalbert_type1_max_pool,rf,3,24,auprc,0.0319868045114727
1280,1280,,,lab_hyperkalemia,lab_hyperkalemia,clinicalbert_type1_max_pool,rf,3,24,brier,0.237834618507836
1281,1281,,,lab_hyperkalemia,lab_hyperkalemia,clinicalbert_type1_max_pool,rf,4,24,auroc,0.5289924557505357
1282,1282,,,lab_hyperkalemia,lab_hyperkalemia,clinicalbert_type1_max_pool,rf,4,24,auprc,0.0288185512321884
1283,1283,,,lab_hyperkalemia,lab_hyperkalemia,clinicalbert_type1_max_pool,rf,4,24,brier,0.264933938698883
1284,1284,,,lab_hyperkalemia,lab_hyperkalemia,clinicalbert_type1_max_pool,rf,0,32,auroc,0.5531594131370295
1285,1285,,,lab_hyperkalemia,lab_hyperkalemia,clinicalbert_type1_max_pool,rf,0,32,auprc,0.0334083631163036
1286,1286,,,lab_hyperkalemia,lab_hyperkalemia,clinicalbert_type1_max_pool,rf,0,32,brier,0.2303440527486912
1287,1287,,,lab_hyperkalemia,lab_hyperkalemia,clinicalbert_type1_max_pool,rf,1,32,auroc,0.466951937893499
1288,1288,,,lab_hyperkalemia,lab_hyperkalemia,clinicalbert_type1_max_pool,rf,1,32,auprc,0.0229600644017736
1289,1289,,,lab_hyperkalemia,lab_hyperkalemia,clinicalbert_type1_max_pool,rf,1,32,brier,0.2391599641807927
1290,1290,,,lab_hyperkalemia,lab_hyperkalemia,clinicalbert_type1_max_pool,rf,2,32,auroc,0.5834520875383047
1291,1291,,,lab_hyperkalemia,lab_hyperkalemia,clinicalbert_type1_max_pool,rf,2,32,auprc,0.0342780563824324
1292,1292,,,lab_hyperkalemia,lab_hyperkalemia,clinicalbert_type1_max_pool,rf,2,32,brier,0.2142651044310796
1293,1293,,,lab_hyperkalemia,lab_hyperkalemia,clinicalbert_type1_max_pool,rf,3,32,auroc,0.5678832402853723
1294,1294,,,lab_hyperkalemia,lab_hyperkalemia,clinicalbert_type1_max_pool,rf,3,32,auprc,0.0308685524981694
1295,1295,,,lab_hyperkalemia,lab_hyperkalemia,clinicalbert_type1_max_pool,rf,3,32,brier,0.2566503511224922
1296,1296,,,lab_hyperkalemia,lab_hyperkalemia,clinicalbert_type1_max_pool,rf,4,32,auroc,0.5282886971923832
1297,1297,,,lab_hyperkalemia,lab_hyperkalemia,clinicalbert_type1_max_pool,rf,4,32,auprc,0.0262424934197172
1298,1298,,,lab_hyperkalemia,lab_hyperkalemia,clinicalbert_type1_max_pool,rf,4,32,brier,0.225954786105918
1299,1299,,,lab_hyperkalemia,lab_hyperkalemia,clinicalbert_type1_max_pool,rf,0,48,auroc,0.5224298662639054
1300,1300,,,lab_hyperkalemia,lab_hyperkalemia,clinicalbert_type1_max_pool,rf,0,48,auprc,0.026276427833763
1301,1301,,,lab_hyperkalemia,lab_hyperkalemia,clinicalbert_type1_max_pool,rf,0,48,brier,0.2825399134132528
1302,1302,,,lab_hyperkalemia,lab_hyperkalemia,clinicalbert_type1_max_pool,rf,1,48,auroc,0.4650243322806488
1303,1303,,,lab_hyperkalemia,lab_hyperkalemia,clinicalbert_type1_max_pool,rf,1,48,auprc,0.0223882855405226
1304,1304,,,lab_hyperkalemia,lab_hyperkalemia,clinicalbert_type1_max_pool,rf,1,48,brier,0.2659417655582766
1305,1305,,,lab_hyperkalemia,lab_hyperkalemia,clinicalbert_type1_max_pool,rf,2,48,auroc,0.5056914610731903
1306,1306,,,lab_hyperkalemia,lab_hyperkalemia,clinicalbert_type1_max_pool,rf,2,48,auprc,0.024927671821048
1307,1307,,,lab_hyperkalemia,lab_hyperkalemia,clinicalbert_type1_max_pool,rf,2,48,brier,0.2199894021073083
1308,1308,,,lab_hyperkalemia,lab_hyperkalemia,clinicalbert_type1_max_pool,rf,3,48,auroc,0.5699547550624057
1309,1309,,,lab_hyperkalemia,lab_hyperkalemia,clinicalbert_type1_max_pool,rf,3,48,auprc,0.0301921591279009
1310,1310,,,lab_hyperkalemia,lab_hyperkalemia,clinicalbert_type1_max_pool,rf,3,48,brier,0.2393862033211317
1311,1311,,,lab_hyperkalemia,lab_hyperkalemia,clinicalbert_type1_max_pool,rf,4,48,auroc,0.5458070822810996
1312,1312,,,lab_hyperkalemia,lab_hyperkalemia,clinicalbert_type1_max_pool,rf,4,48,auprc,0.0296667769252635
1313,1313,,,lab_hyperkalemia,lab_hyperkalemia,clinicalbert_type1_max_pool,rf,4,48,brier,0.2416834980283725
1314,1314,,,lab_hyperkalemia,lab_hyperkalemia,clinicalbert_type1_max_pool,rf,0,64,auroc,0.502705378299188
1315,1315,,,lab_hyperkalemia,lab_hyperkalemia,clinicalbert_type1_max_pool,rf,0,64,auprc,0.0245831257772679
1316,1316,,,lab_hyperkalemia,lab_hyperkalemia,clinicalbert_type1_max_pool,rf,0,64,brier,0.2216213096354016
1317,1317,,,lab_hyperkalemia,lab_hyperkalemia,clinicalbert_type1_max_pool,rf,1,64,auroc,0.4587072614134242
1318,1318,,,lab_hyperkalemia,lab_hyperkalemia,clinicalbert_type1_max_pool,rf,1,64,auprc,0.0218294202160315
1319,1319,,,lab_hyperkalemia,lab_hyperkalemia,clinicalbert_type1_max_pool,rf,1,64,brier,0.2220324836436022
1320,1320,,,lab_hyperkalemia,lab_hyperkalemia,clinicalbert_type1_max_pool,rf,2,64,auroc,0.5604348646346102
1321,1321,,,lab_hyperkalemia,lab_hyperkalemia,clinicalbert_type1_max_pool,rf,2,64,auprc,0.0317604297359463
1322,1322,,,lab_hyperkalemia,lab_hyperkalemia,clinicalbert_type1_max_pool,rf,2,64,brier,0.2155874561205983
1323,1323,,,lab_hyperkalemia,lab_hyperkalemia,clinicalbert_type1_max_pool,rf,3,64,auroc,0.5197179699546887
1324,1324,,,lab_hyperkalemia,lab_hyperkalemia,clinicalbert_type1_max_pool,rf,3,64,auprc,0.0254909073849256
1325,1325,,,lab_hyperkalemia,lab_hyperkalemia,clinicalbert_type1_max_pool,rf,3,64,brier,0.2612967181436852
1326,1326,,,lab_hyperkalemia,lab_hyperkalemia,clinicalbert_type1_max_pool,rf,4,64,auroc,0.51527811706317
1327,1327,,,lab_hyperkalemia,lab_hyperkalemia,clinicalbert_type1_max_pool,rf,4,64,auprc,0.0255748948107482
1328,1328,,,lab_hyperkalemia,lab_hyperkalemia,clinicalbert_type1_max_pool,rf,4,64,brier,0.2269265567611476
1329,1329,,,lab_hyperkalemia,lab_hyperkalemia,clinicalbert_type1_max_pool,rf,0,128,auroc,0.5517659320216527
1330,1330,,,lab_hyperkalemia,lab_hyperkalemia,clinicalbert_type1_max_pool,rf,0,128,auprc,0.0284767860658834
1331,1331,,,lab_hyperkalemia,lab_hyperkalemia,clinicalbert_type1_max_pool,rf,0,128,brier,0.1999492953984887
1332,1332,,,lab_hyperkalemia,lab_hyperkalemia,clinicalbert_type1_max_pool,rf,1,128,auroc,0.4947874468639698
1333,1333,,,lab_hyperkalemia,lab_hyperkalemia,clinicalbert_type1_max_pool,rf,1,128,auprc,0.0246762689411332
1334,1334,,,lab_hyperkalemia,lab_hyperkalemia,clinicalbert_type1_max_pool,rf,1,128,brier,0.2141338507218826
1335,1335,,,lab_hyperkalemia,lab_hyperkalemia,clinicalbert_type1_max_pool,rf,2,128,auroc,0.5587738860456618
1336,1336,,,lab_hyperkalemia,lab_hyperkalemia,clinicalbert_type1_max_pool,rf,2,128,auprc,0.0285025378243788
1337,1337,,,lab_hyperkalemia,lab_hyperkalemia,clinicalbert_type1_max_pool,rf,2,128,brier,0.2152860772620047
1338,1338,,,lab_hyperkalemia,lab_hyperkalemia,clinicalbert_type1_max_pool,rf,3,128,auroc,0.4997554813614653
1339,1339,,,lab_hyperkalemia,lab_hyperkalemia,clinicalbert_type1_max_pool,rf,3,128,auprc,0.025613254966949
1340,1340,,,lab_hyperkalemia,lab_hyperkalemia,clinicalbert_type1_max_pool,rf,3,128,brier,0.2250053606497921
1341,1341,,,lab_hyperkalemia,lab_hyperkalemia,clinicalbert_type1_max_pool,rf,4,128,auroc,0.5445220291433596
1342,1342,,,lab_hyperkalemia,lab_hyperkalemia,clinicalbert_type1_max_pool,rf,4,128,auprc,0.0299554601684043
1343,1343,,,lab_hyperkalemia,lab_hyperkalemia,clinicalbert_type1_max_pool,rf,4,128,brier,0.2128360064726805
1344,1344,,,lab_hyperkalemia,lab_hyperkalemia,clinicalbert_type1_mean_pool,lr_lbfgs,0,-1,auroc,0.5935596351182754
1345,1345,,,lab_hyperkalemia,lab_hyperkalemia,clinicalbert_type1_mean_pool,lr_lbfgs,0,-1,auprc,0.034589263149885
1346,1346,,,lab_hyperkalemia,lab_hyperkalemia,clinicalbert_type1_mean_pool,lr_lbfgs,0,-1,brier,0.0242473734498801
1347,1347,,,lab_hyperkalemia,lab_hyperkalemia,clinicalbert_type1_mean_pool,lr_lbfgs,0,1,auroc,0.5055604583978631
1348,1348,,,lab_hyperkalemia,lab_hyperkalemia,clinicalbert_type1_mean_pool,lr_lbfgs,0,1,auprc,0.0258471217502015
1349,1349,,,lab_hyperkalemia,lab_hyperkalemia,clinicalbert_type1_mean_pool,lr_lbfgs,0,1,brier,0.2500024192761558
1350,1350,,,lab_hyperkalemia,lab_hyperkalemia,clinicalbert_type1_mean_pool,lr_lbfgs,1,1,auroc,0.5071483865707606
1351,1351,,,lab_hyperkalemia,lab_hyperkalemia,clinicalbert_type1_mean_pool,lr_lbfgs,1,1,auprc,0.0265266486898112
1352,1352,,,lab_hyperkalemia,lab_hyperkalemia,clinicalbert_type1_mean_pool,lr_lbfgs,1,1,brier,0.2499996522307283
1353,1353,,,lab_hyperkalemia,lab_hyperkalemia,clinicalbert_type1_mean_pool,lr_lbfgs,2,1,auroc,0.5259820988294877
1354,1354,,,lab_hyperkalemia,lab_hyperkalemia,clinicalbert_type1_mean_pool,lr_lbfgs,2,1,auprc,0.0270652249468618
1355,1355,,,lab_hyperkalemia,lab_hyperkalemia,clinicalbert_type1_mean_pool,lr_lbfgs,2,1,brier,0.2499973279989143
1356,1356,,,lab_hyperkalemia,lab_hyperkalemia,clinicalbert_type1_mean_pool,lr_lbfgs,3,1,auroc,0.50653740343993
1357,1357,,,lab_hyperkalemia,lab_hyperkalemia,clinicalbert_type1_mean_pool,lr_lbfgs,3,1,auprc,0.0271443357145946
1358,1358,,,lab_hyperkalemia,lab_hyperkalemia,clinicalbert_type1_mean_pool,lr_lbfgs,3,1,brier,0.2499979347578292
1359,1359,,,lab_hyperkalemia,lab_hyperkalemia,clinicalbert_type1_mean_pool,lr_lbfgs,4,1,auroc,0.5161151062333046
1360,1360,,,lab_hyperkalemia,lab_hyperkalemia,clinicalbert_type1_mean_pool,lr_lbfgs,4,1,auprc,0.0272115902699749
1361,1361,,,lab_hyperkalemia,lab_hyperkalemia,clinicalbert_type1_mean_pool,lr_lbfgs,4,1,brier,0.2499960808463109
1362,1362,,,lab_hyperkalemia,lab_hyperkalemia,clinicalbert_type1_mean_pool,lr_lbfgs,0,2,auroc,0.5031941202451194
1363,1363,,,lab_hyperkalemia,lab_hyperkalemia,clinicalbert_type1_mean_pool,lr_lbfgs,0,2,auprc,0.0259331622031713
1364,1364,,,lab_hyperkalemia,lab_hyperkalemia,clinicalbert_type1_mean_pool,lr_lbfgs,0,2,brier,0.2500012705245747
1365,1365,,,lab_hyperkalemia,lab_hyperkalemia,clinicalbert_type1_mean_pool,lr_lbfgs,1,2,auroc,0.503420468246794
1366,1366,,,lab_hyperkalemia,lab_hyperkalemia,clinicalbert_type1_mean_pool,lr_lbfgs,1,2,auprc,0.0238604325925392
1367,1367,,,lab_hyperkalemia,lab_hyperkalemia,clinicalbert_type1_mean_pool,lr_lbfgs,1,2,brier,0.2499992997024517
1368,1368,,,lab_hyperkalemia,lab_hyperkalemia,clinicalbert_type1_mean_pool,lr_lbfgs,2,2,auroc,0.5130954852407694
1369,1369,,,lab_hyperkalemia,lab_hyperkalemia,clinicalbert_type1_mean_pool,lr_lbfgs,2,2,auprc,0.0272524524095284
1370,1370,,,lab_hyperkalemia,lab_hyperkalemia,clinicalbert_type1_mean_pool,lr_lbfgs,2,2,brier,0.2499976665877106
1371,1371,,,lab_hyperkalemia,lab_hyperkalemia,clinicalbert_type1_mean_pool,lr_lbfgs,3,2,auroc,0.5418123763145422
1372,1372,,,lab_hyperkalemia,lab_hyperkalemia,clinicalbert_type1_mean_pool,lr_lbfgs,3,2,auprc,0.0264585727486626
1373,1373,,,lab_hyperkalemia,lab_hyperkalemia,clinicalbert_type1_mean_pool,lr_lbfgs,3,2,brier,0.4474424789850192
1374,1374,,,lab_hyperkalemia,lab_hyperkalemia,clinicalbert_type1_mean_pool,lr_lbfgs,4,2,auroc,0.490899080832091
1375,1375,,,lab_hyperkalemia,lab_hyperkalemia,clinicalbert_type1_mean_pool,lr_lbfgs,4,2,auprc,0.0229721236804651
1376,1376,,,lab_hyperkalemia,lab_hyperkalemia,clinicalbert_type1_mean_pool,lr_lbfgs,4,2,brier,0.18511529345402
1377,1377,,,lab_hyperkalemia,lab_hyperkalemia,clinicalbert_type1_mean_pool,lr_lbfgs,0,4,auroc,0.4889079375745828
1378,1378,,,lab_hyperkalemia,lab_hyperkalemia,clinicalbert_type1_mean_pool,lr_lbfgs,0,4,auprc,0.0239709071572407
1379,1379,,,lab_hyperkalemia,lab_hyperkalemia,clinicalbert_type1_mean_pool,lr_lbfgs,0,4,brier,0.2499993708033714
1380,1380,,,lab_hyperkalemia,lab_hyperkalemia,clinicalbert_type1_mean_pool,lr_lbfgs,1,4,auroc,0.5289960878054083
1381,1381,,,lab_hyperkalemia,lab_hyperkalemia,clinicalbert_type1_mean_pool,lr_lbfgs,1,4,auprc,0.0260781479859335
1382,1382,,,lab_hyperkalemia,lab_hyperkalemia,clinicalbert_type1_mean_pool,lr_lbfgs,1,4,brier,0.3738144085520105
1383,1383,,,lab_hyperkalemia,lab_hyperkalemia,clinicalbert_type1_mean_pool,lr_lbfgs,2,4,auroc,0.530206287452781
1384,1384,,,lab_hyperkalemia,lab_hyperkalemia,clinicalbert_type1_mean_pool,lr_lbfgs,2,4,auprc,0.0277855164966306
1385,1385,,,lab_hyperkalemia,lab_hyperkalemia,clinicalbert_type1_mean_pool,lr_lbfgs,2,4,brier,0.24999964972698
1386,1386,,,lab_hyperkalemia,lab_hyperkalemia,clinicalbert_type1_mean_pool,lr_lbfgs,3,4,auroc,0.5178844817124016
1387,1387,,,lab_hyperkalemia,lab_hyperkalemia,clinicalbert_type1_mean_pool,lr_lbfgs,3,4,auprc,0.0247602601165948
1388,1388,,,lab_hyperkalemia,lab_hyperkalemia,clinicalbert_type1_mean_pool,lr_lbfgs,3,4,brier,0.3309264037434141
1389,1389,,,lab_hyperkalemia,lab_hyperkalemia,clinicalbert_type1_mean_pool,lr_lbfgs,4,4,auroc,0.4651915311547511
1390,1390,,,lab_hyperkalemia,lab_hyperkalemia,clinicalbert_type1_mean_pool,lr_lbfgs,4,4,auprc,0.0241164725217913
1391,1391,,,lab_hyperkalemia,lab_hyperkalemia,clinicalbert_type1_mean_pool,lr_lbfgs,4,4,brier,0.2828296897257552
1392,1392,,,lab_hyperkalemia,lab_hyperkalemia,clinicalbert_type1_mean_pool,lr_lbfgs,0,8,auroc,0.4735762723129669
1393,1393,,,lab_hyperkalemia,lab_hyperkalemia,clinicalbert_type1_mean_pool,lr_lbfgs,0,8,auprc,0.022577308529631
1394,1394,,,lab_hyperkalemia,lab_hyperkalemia,clinicalbert_type1_mean_pool,lr_lbfgs,0,8,brier,0.2499999433946109
1395,1395,,,lab_hyperkalemia,lab_hyperkalemia,clinicalbert_type1_mean_pool,lr_lbfgs,1,8,auroc,0.4773531119808837
1396,1396,,,lab_hyperkalemia,lab_hyperkalemia,clinicalbert_type1_mean_pool,lr_lbfgs,1,8,auprc,0.0223945616892269
1397,1397,,,lab_hyperkalemia,lab_hyperkalemia,clinicalbert_type1_mean_pool,lr_lbfgs,1,8,brier,0.2499975076949923
1398,1398,,,lab_hyperkalemia,lab_hyperkalemia,clinicalbert_type1_mean_pool,lr_lbfgs,2,8,auroc,0.5116983876142638
1399,1399,,,lab_hyperkalemia,lab_hyperkalemia,clinicalbert_type1_mean_pool,lr_lbfgs,2,8,auprc,0.0249626611420525
1400,1400,,,lab_hyperkalemia,lab_hyperkalemia,clinicalbert_type1_mean_pool,lr_lbfgs,2,8,brier,0.5938028163924549
1401,1401,,,lab_hyperkalemia,lab_hyperkalemia,clinicalbert_type1_mean_pool,lr_lbfgs,3,8,auroc,0.5141124087926774
1402,1402,,,lab_hyperkalemia,lab_hyperkalemia,clinicalbert_type1_mean_pool,lr_lbfgs,3,8,auprc,0.0255860030498332
1403,1403,,,lab_hyperkalemia,lab_hyperkalemia,clinicalbert_type1_mean_pool,lr_lbfgs,3,8,brier,0.5548251281384281
1404,1404,,,lab_hyperkalemia,lab_hyperkalemia,clinicalbert_type1_mean_pool,lr_lbfgs,4,8,auroc,0.5028731730168146
1405,1405,,,lab_hyperkalemia,lab_hyperkalemia,clinicalbert_type1_mean_pool,lr_lbfgs,4,8,auprc,0.0255977045917137
1406,1406,,,lab_hyperkalemia,lab_hyperkalemia,clinicalbert_type1_mean_pool,lr_lbfgs,4,8,brier,0.4098666037652709
1407,1407,,,lab_hyperkalemia,lab_hyperkalemia,clinicalbert_type1_mean_pool,lr_lbfgs,0,12,auroc,0.4841530440775195
1408,1408,,,lab_hyperkalemia,lab_hyperkalemia,clinicalbert_type1_mean_pool,lr_lbfgs,0,12,auprc,0.0255694786458817
1409,1409,,,lab_hyperkalemia,lab_hyperkalemia,clinicalbert_type1_mean_pool,lr_lbfgs,0,12,brier,0.251820307574724
1410,1410,,,lab_hyperkalemia,lab_hyperkalemia,clinicalbert_type1_mean_pool,lr_lbfgs,1,12,auroc,0.4490504306000529
1411,1411,,,lab_hyperkalemia,lab_hyperkalemia,clinicalbert_type1_mean_pool,lr_lbfgs,1,12,auprc,0.0214877103388696
1412,1412,,,lab_hyperkalemia,lab_hyperkalemia,clinicalbert_type1_mean_pool,lr_lbfgs,1,12,brier,0.2455607234658027
1413,1413,,,lab_hyperkalemia,lab_hyperkalemia,clinicalbert_type1_mean_pool,lr_lbfgs,2,12,auroc,0.5398446263919138
1414,1414,,,lab_hyperkalemia,lab_hyperkalemia,clinicalbert_type1_mean_pool,lr_lbfgs,2,12,auprc,0.0270807147432218
1415,1415,,,lab_hyperkalemia,lab_hyperkalemia,clinicalbert_type1_mean_pool,lr_lbfgs,2,12,brier,0.470635160058514
1416,1416,,,lab_hyperkalemia,lab_hyperkalemia,clinicalbert_type1_mean_pool,lr_lbfgs,3,12,auroc,0.5106128591571191
1417,1417,,,lab_hyperkalemia,lab_hyperkalemia,clinicalbert_type1_mean_pool,lr_lbfgs,3,12,auprc,0.0242938801446611
1418,1418,,,lab_hyperkalemia,lab_hyperkalemia,clinicalbert_type1_mean_pool,lr_lbfgs,3,12,brier,0.5064312733174603
1419,1419,,,lab_hyperkalemia,lab_hyperkalemia,clinicalbert_type1_mean_pool,lr_lbfgs,4,12,auroc,0.4621388227122619
1420,1420,,,lab_hyperkalemia,lab_hyperkalemia,clinicalbert_type1_mean_pool,lr_lbfgs,4,12,auprc,0.0223613487419371
1421,1421,,,lab_hyperkalemia,lab_hyperkalemia,clinicalbert_type1_mean_pool,lr_lbfgs,4,12,brier,0.2499984815463924
1422,1422,,,lab_hyperkalemia,lab_hyperkalemia,clinicalbert_type1_mean_pool,lr_lbfgs,0,16,auroc,0.482947388384674
1423,1423,,,lab_hyperkalemia,lab_hyperkalemia,clinicalbert_type1_mean_pool,lr_lbfgs,0,16,auprc,0.0248828948175507
1424,1424,,,lab_hyperkalemia,lab_hyperkalemia,clinicalbert_type1_mean_pool,lr_lbfgs,0,16,brier,0.2509628732238834
1425,1425,,,lab_hyperkalemia,lab_hyperkalemia,clinicalbert_type1_mean_pool,lr_lbfgs,1,16,auroc,0.4940166895874717
1426,1426,,,lab_hyperkalemia,lab_hyperkalemia,clinicalbert_type1_mean_pool,lr_lbfgs,1,16,auprc,0.023200115409768
1427,1427,,,lab_hyperkalemia,lab_hyperkalemia,clinicalbert_type1_mean_pool,lr_lbfgs,1,16,brier,0.4265570316367036
1428,1428,,,lab_hyperkalemia,lab_hyperkalemia,clinicalbert_type1_mean_pool,lr_lbfgs,2,16,auroc,0.5369770232167372
1429,1429,,,lab_hyperkalemia,lab_hyperkalemia,clinicalbert_type1_mean_pool,lr_lbfgs,2,16,auprc,0.0266807866194585
1430,1430,,,lab_hyperkalemia,lab_hyperkalemia,clinicalbert_type1_mean_pool,lr_lbfgs,2,16,brier,0.3876629663891743
1431,1431,,,lab_hyperkalemia,lab_hyperkalemia,clinicalbert_type1_mean_pool,lr_lbfgs,3,16,auroc,0.5141317244853534
1432,1432,,,lab_hyperkalemia,lab_hyperkalemia,clinicalbert_type1_mean_pool,lr_lbfgs,3,16,auprc,0.0239916678986785
1433,1433,,,lab_hyperkalemia,lab_hyperkalemia,clinicalbert_type1_mean_pool,lr_lbfgs,3,16,brier,0.4417453481364471
1434,1434,,,lab_hyperkalemia,lab_hyperkalemia,clinicalbert_type1_mean_pool,lr_lbfgs,4,16,auroc,0.4821017983428006
1435,1435,,,lab_hyperkalemia,lab_hyperkalemia,clinicalbert_type1_mean_pool,lr_lbfgs,4,16,auprc,0.0232312578985924
1436,1436,,,lab_hyperkalemia,lab_hyperkalemia,clinicalbert_type1_mean_pool,lr_lbfgs,4,16,brier,0.5104020953189365
1437,1437,,,lab_hyperkalemia,lab_hyperkalemia,clinicalbert_type1_mean_pool,lr_lbfgs,0,24,auroc,0.4812718867574823
1438,1438,,,lab_hyperkalemia,lab_hyperkalemia,clinicalbert_type1_mean_pool,lr_lbfgs,0,24,auprc,0.0239822767040544
1439,1439,,,lab_hyperkalemia,lab_hyperkalemia,clinicalbert_type1_mean_pool,lr_lbfgs,0,24,brier,0.2543102719352015
1440,1440,,,lab_hyperkalemia,lab_hyperkalemia,clinicalbert_type1_mean_pool,lr_lbfgs,1,24,auroc,0.4521979973315744
1441,1441,,,lab_hyperkalemia,lab_hyperkalemia,clinicalbert_type1_mean_pool,lr_lbfgs,1,24,auprc,0.0210609571270456
1442,1442,,,lab_hyperkalemia,lab_hyperkalemia,clinicalbert_type1_mean_pool,lr_lbfgs,1,24,brier,0.2499975459570785
1443,1443,,,lab_hyperkalemia,lab_hyperkalemia,clinicalbert_type1_mean_pool,lr_lbfgs,2,24,auroc,0.5245793484613755
1444,1444,,,lab_hyperkalemia,lab_hyperkalemia,clinicalbert_type1_mean_pool,lr_lbfgs,2,24,auprc,0.0269983485017989
1445,1445,,,lab_hyperkalemia,lab_hyperkalemia,clinicalbert_type1_mean_pool,lr_lbfgs,2,24,brier,0.2499999481885418
1446,1446,,,lab_hyperkalemia,lab_hyperkalemia,clinicalbert_type1_mean_pool,lr_lbfgs,3,24,auroc,0.5306621595611757
1447,1447,,,lab_hyperkalemia,lab_hyperkalemia,clinicalbert_type1_mean_pool,lr_lbfgs,3,24,auprc,0.0267504046646561
1448,1448,,,lab_hyperkalemia,lab_hyperkalemia,clinicalbert_type1_mean_pool,lr_lbfgs,3,24,brier,0.5705534158455738
1449,1449,,,lab_hyperkalemia,lab_hyperkalemia,clinicalbert_type1_mean_pool,lr_lbfgs,4,24,auroc,0.483666607786964
1450,1450,,,lab_hyperkalemia,lab_hyperkalemia,clinicalbert_type1_mean_pool,lr_lbfgs,4,24,auprc,0.0236509207758696
1451,1451,,,lab_hyperkalemia,lab_hyperkalemia,clinicalbert_type1_mean_pool,lr_lbfgs,4,24,brier,0.4488000691057963
1452,1452,,,lab_hyperkalemia,lab_hyperkalemia,clinicalbert_type1_mean_pool,lr_lbfgs,0,32,auroc,0.4845640310341835
1453,1453,,,lab_hyperkalemia,lab_hyperkalemia,clinicalbert_type1_mean_pool,lr_lbfgs,0,32,auprc,0.0240153316336637
1454,1454,,,lab_hyperkalemia,lab_hyperkalemia,clinicalbert_type1_mean_pool,lr_lbfgs,0,32,brier,0.249686477243657
1455,1455,,,lab_hyperkalemia,lab_hyperkalemia,clinicalbert_type1_mean_pool,lr_lbfgs,1,32,auroc,0.4504975842638284
1456,1456,,,lab_hyperkalemia,lab_hyperkalemia,clinicalbert_type1_mean_pool,lr_lbfgs,1,32,auprc,0.0211806125133936
1457,1457,,,lab_hyperkalemia,lab_hyperkalemia,clinicalbert_type1_mean_pool,lr_lbfgs,1,32,brier,0.2499976106664796
1458,1458,,,lab_hyperkalemia,lab_hyperkalemia,clinicalbert_type1_mean_pool,lr_lbfgs,2,32,auroc,0.5512571179208323
1459,1459,,,lab_hyperkalemia,lab_hyperkalemia,clinicalbert_type1_mean_pool,lr_lbfgs,2,32,auprc,0.0292555642416919
1460,1460,,,lab_hyperkalemia,lab_hyperkalemia,clinicalbert_type1_mean_pool,lr_lbfgs,2,32,brier,0.4002758227717999
1461,1461,,,lab_hyperkalemia,lab_hyperkalemia,clinicalbert_type1_mean_pool,lr_lbfgs,3,32,auroc,0.5507490240134888
1462,1462,,,lab_hyperkalemia,lab_hyperkalemia,clinicalbert_type1_mean_pool,lr_lbfgs,3,32,auprc,0.0275220550616754
1463,1463,,,lab_hyperkalemia,lab_hyperkalemia,clinicalbert_type1_mean_pool,lr_lbfgs,3,32,brier,0.5124917290191192
1464,1464,,,lab_hyperkalemia,lab_hyperkalemia,clinicalbert_type1_mean_pool,lr_lbfgs,4,32,auroc,0.5136291123384313
1465,1465,,,lab_hyperkalemia,lab_hyperkalemia,clinicalbert_type1_mean_pool,lr_lbfgs,4,32,auprc,0.025241160194988
1466,1466,,,lab_hyperkalemia,lab_hyperkalemia,clinicalbert_type1_mean_pool,lr_lbfgs,4,32,brier,0.4146621861860182
1467,1467,,,lab_hyperkalemia,lab_hyperkalemia,clinicalbert_type1_mean_pool,lr_lbfgs,0,48,auroc,0.4775481756069205
1468,1468,,,lab_hyperkalemia,lab_hyperkalemia,clinicalbert_type1_mean_pool,lr_lbfgs,0,48,auprc,0.0228300634968768
1469,1469,,,lab_hyperkalemia,lab_hyperkalemia,clinicalbert_type1_mean_pool,lr_lbfgs,0,48,brier,0.2476099870257765
1470,1470,,,lab_hyperkalemia,lab_hyperkalemia,clinicalbert_type1_mean_pool,lr_lbfgs,1,48,auroc,0.4466196377217488
1471,1471,,,lab_hyperkalemia,lab_hyperkalemia,clinicalbert_type1_mean_pool,lr_lbfgs,1,48,auprc,0.0206145512313156
1472,1472,,,lab_hyperkalemia,lab_hyperkalemia,clinicalbert_type1_mean_pool,lr_lbfgs,1,48,brier,0.2498315536051352
1473,1473,,,lab_hyperkalemia,lab_hyperkalemia,clinicalbert_type1_mean_pool,lr_lbfgs,2,48,auroc,0.5312626195772462
1474,1474,,,lab_hyperkalemia,lab_hyperkalemia,clinicalbert_type1_mean_pool,lr_lbfgs,2,48,auprc,0.0255968518060209
1475,1475,,,lab_hyperkalemia,lab_hyperkalemia,clinicalbert_type1_mean_pool,lr_lbfgs,2,48,brier,0.2915983559758369
1476,1476,,,lab_hyperkalemia,lab_hyperkalemia,clinicalbert_type1_mean_pool,lr_lbfgs,3,48,auroc,0.5614655288563081
1477,1477,,,lab_hyperkalemia,lab_hyperkalemia,clinicalbert_type1_mean_pool,lr_lbfgs,3,48,auprc,0.0286442005377657
1478,1478,,,lab_hyperkalemia,lab_hyperkalemia,clinicalbert_type1_mean_pool,lr_lbfgs,3,48,brier,0.503733226487627
1479,1479,,,lab_hyperkalemia,lab_hyperkalemia,clinicalbert_type1_mean_pool,lr_lbfgs,4,48,auroc,0.4811607075371387
1480,1480,,,lab_hyperkalemia,lab_hyperkalemia,clinicalbert_type1_mean_pool,lr_lbfgs,4,48,auprc,0.0232212335832653
1481,1481,,,lab_hyperkalemia,lab_hyperkalemia,clinicalbert_type1_mean_pool,lr_lbfgs,4,48,brier,0.3134403164410114
1482,1482,,,lab_hyperkalemia,lab_hyperkalemia,clinicalbert_type1_mean_pool,lr_lbfgs,0,64,auroc,0.4735421589759018
1483,1483,,,lab_hyperkalemia,lab_hyperkalemia,clinicalbert_type1_mean_pool,lr_lbfgs,0,64,auprc,0.0225459978222407
1484,1484,,,lab_hyperkalemia,lab_hyperkalemia,clinicalbert_type1_mean_pool,lr_lbfgs,0,64,brier,0.2500019492685401
1485,1485,,,lab_hyperkalemia,lab_hyperkalemia,clinicalbert_type1_mean_pool,lr_lbfgs,1,64,auroc,0.4501665232393584
1486,1486,,,lab_hyperkalemia,lab_hyperkalemia,clinicalbert_type1_mean_pool,lr_lbfgs,1,64,auprc,0.0210514902302928
1487,1487,,,lab_hyperkalemia,lab_hyperkalemia,clinicalbert_type1_mean_pool,lr_lbfgs,1,64,brier,0.249989715044132
1488,1488,,,lab_hyperkalemia,lab_hyperkalemia,clinicalbert_type1_mean_pool,lr_lbfgs,2,64,auroc,0.5628138398513123
1489,1489,,,lab_hyperkalemia,lab_hyperkalemia,clinicalbert_type1_mean_pool,lr_lbfgs,2,64,auprc,0.0295867690437057
1490,1490,,,lab_hyperkalemia,lab_hyperkalemia,clinicalbert_type1_mean_pool,lr_lbfgs,2,64,brier,0.3557599214772725
1491,1491,,,lab_hyperkalemia,lab_hyperkalemia,clinicalbert_type1_mean_pool,lr_lbfgs,3,64,auroc,0.5253964623640464
1492,1492,,,lab_hyperkalemia,lab_hyperkalemia,clinicalbert_type1_mean_pool,lr_lbfgs,3,64,auprc,0.0272588236648562
1493,1493,,,lab_hyperkalemia,lab_hyperkalemia,clinicalbert_type1_mean_pool,lr_lbfgs,3,64,brier,0.4160452344003887
1494,1494,,,lab_hyperkalemia,lab_hyperkalemia,clinicalbert_type1_mean_pool,lr_lbfgs,4,64,auroc,0.4874413024181941
1495,1495,,,lab_hyperkalemia,lab_hyperkalemia,clinicalbert_type1_mean_pool,lr_lbfgs,4,64,auprc,0.0234779158651495
1496,1496,,,lab_hyperkalemia,lab_hyperkalemia,clinicalbert_type1_mean_pool,lr_lbfgs,4,64,brier,0.2994250038121582
1497,1497,,,lab_hyperkalemia,lab_hyperkalemia,clinicalbert_type1_mean_pool,lr_lbfgs,0,128,auroc,0.54298967503689
1498,1498,,,lab_hyperkalemia,lab_hyperkalemia,clinicalbert_type1_mean_pool,lr_lbfgs,0,128,auprc,0.0277708829686431
1499,1499,,,lab_hyperkalemia,lab_hyperkalemia,clinicalbert_type1_mean_pool,lr_lbfgs,0,128,brier,0.3715196935473652
1500,1500,,,lab_hyperkalemia,lab_hyperkalemia,clinicalbert_type1_mean_pool,lr_lbfgs,1,128,auroc,0.4360698602594607
1501,1501,,,lab_hyperkalemia,lab_hyperkalemia,clinicalbert_type1_mean_pool,lr_lbfgs,1,128,auprc,0.0201350996370907
1502,1502,,,lab_hyperkalemia,lab_hyperkalemia,clinicalbert_type1_mean_pool,lr_lbfgs,1,128,brier,0.2477519703185481
1503,1503,,,lab_hyperkalemia,lab_hyperkalemia,clinicalbert_type1_mean_pool,lr_lbfgs,2,128,auroc,0.5867165121380166
1504,1504,,,lab_hyperkalemia,lab_hyperkalemia,clinicalbert_type1_mean_pool,lr_lbfgs,2,128,auprc,0.0316753857044867
1505,1505,,,lab_hyperkalemia,lab_hyperkalemia,clinicalbert_type1_mean_pool,lr_lbfgs,2,128,brier,0.3433483763811709
1506,1506,,,lab_hyperkalemia,lab_hyperkalemia,clinicalbert_type1_mean_pool,lr_lbfgs,3,128,auroc,0.5608671724269398
1507,1507,,,lab_hyperkalemia,lab_hyperkalemia,clinicalbert_type1_mean_pool,lr_lbfgs,3,128,auprc,0.0290123815293103
1508,1508,,,lab_hyperkalemia,lab_hyperkalemia,clinicalbert_type1_mean_pool,lr_lbfgs,3,128,brier,0.3023249269319957
1509,1509,,,lab_hyperkalemia,lab_hyperkalemia,clinicalbert_type1_mean_pool,lr_lbfgs,4,128,auroc,0.5218368413387656
1510,1510,,,lab_hyperkalemia,lab_hyperkalemia,clinicalbert_type1_mean_pool,lr_lbfgs,4,128,auprc,0.0244348090686661
1511,1511,,,lab_hyperkalemia,lab_hyperkalemia,clinicalbert_type1_mean_pool,lr_lbfgs,4,128,brier,0.2585764900876136
1512,1512,,,lab_hyperkalemia,lab_hyperkalemia,clinicalbert_type1_mean_pool,knn,0,-1,auroc,0.4986140006067863
1513,1513,,,lab_hyperkalemia,lab_hyperkalemia,clinicalbert_type1_mean_pool,knn,0,-1,auprc,0.0243559518447618
1514,1514,,,lab_hyperkalemia,lab_hyperkalemia,clinicalbert_type1_mean_pool,knn,0,-1,brier,0.0448682701522316
1515,1515,,,lab_hyperkalemia,lab_hyperkalemia,clinicalbert_type1_mean_pool,knn,0,1,auroc,0.479354208415868
1516,1516,,,lab_hyperkalemia,lab_hyperkalemia,clinicalbert_type1_mean_pool,knn,0,1,auprc,0.0234760753154917
1517,1517,,,lab_hyperkalemia,lab_hyperkalemia,clinicalbert_type1_mean_pool,knn,0,1,brier,0.8469357296592462
1518,1518,,,lab_hyperkalemia,lab_hyperkalemia,clinicalbert_type1_mean_pool,knn,1,1,auroc,0.5068947696606757
1519,1519,,,lab_hyperkalemia,lab_hyperkalemia,clinicalbert_type1_mean_pool,knn,1,1,auprc,0.024749362690471
1520,1520,,,lab_hyperkalemia,lab_hyperkalemia,clinicalbert_type1_mean_pool,knn,1,1,brier,0.5985578056022497
1521,1521,,,lab_hyperkalemia,lab_hyperkalemia,clinicalbert_type1_mean_pool,knn,2,1,auroc,0.5252219631114622
1522,1522,,,lab_hyperkalemia,lab_hyperkalemia,clinicalbert_type1_mean_pool,knn,2,1,auprc,0.0259954982645866
1523,1523,,,lab_hyperkalemia,lab_hyperkalemia,clinicalbert_type1_mean_pool,knn,2,1,brier,0.1698427411119664
1524,1524,,,lab_hyperkalemia,lab_hyperkalemia,clinicalbert_type1_mean_pool,knn,3,1,auroc,0.5175248771925047
1525,1525,,,lab_hyperkalemia,lab_hyperkalemia,clinicalbert_type1_mean_pool,knn,3,1,auprc,0.0253893030302468
1526,1526,,,lab_hyperkalemia,lab_hyperkalemia,clinicalbert_type1_mean_pool,knn,3,1,brier,0.2154650998381851
1527,1527,,,lab_hyperkalemia,lab_hyperkalemia,clinicalbert_type1_mean_pool,knn,4,1,auroc,0.5110375297898446
1528,1528,,,lab_hyperkalemia,lab_hyperkalemia,clinicalbert_type1_mean_pool,knn,4,1,auprc,0.025181988339076
1529,1529,,,lab_hyperkalemia,lab_hyperkalemia,clinicalbert_type1_mean_pool,knn,4,1,brier,0.0677580004084646
1530,1530,,,lab_hyperkalemia,lab_hyperkalemia,clinicalbert_type1_mean_pool,knn,0,2,auroc,0.474864408293288
1531,1531,,,lab_hyperkalemia,lab_hyperkalemia,clinicalbert_type1_mean_pool,knn,0,2,auprc,0.023288233878217
1532,1532,,,lab_hyperkalemia,lab_hyperkalemia,clinicalbert_type1_mean_pool,knn,0,2,brier,0.3787968446979021
1533,1533,,,lab_hyperkalemia,lab_hyperkalemia,clinicalbert_type1_mean_pool,knn,1,2,auroc,0.5053817934218585
1534,1534,,,lab_hyperkalemia,lab_hyperkalemia,clinicalbert_type1_mean_pool,knn,1,2,auprc,0.0246737165458476
1535,1535,,,lab_hyperkalemia,lab_hyperkalemia,clinicalbert_type1_mean_pool,knn,1,2,brier,0.7092360140134794
1536,1536,,,lab_hyperkalemia,lab_hyperkalemia,clinicalbert_type1_mean_pool,knn,2,2,auroc,0.5147759194160908
1537,1537,,,lab_hyperkalemia,lab_hyperkalemia,clinicalbert_type1_mean_pool,knn,2,2,auprc,0.0269611822138024
1538,1538,,,lab_hyperkalemia,lab_hyperkalemia,clinicalbert_type1_mean_pool,knn,2,2,brier,0.2258893989814601
1539,1539,,,lab_hyperkalemia,lab_hyperkalemia,clinicalbert_type1_mean_pool,knn,3,2,auroc,0.4951851646444152
1540,1540,,,lab_hyperkalemia,lab_hyperkalemia,clinicalbert_type1_mean_pool,knn,3,2,auprc,0.0241939506904968
1541,1541,,,lab_hyperkalemia,lab_hyperkalemia,clinicalbert_type1_mean_pool,knn,3,2,brier,0.1899133670927616
1542,1542,,,lab_hyperkalemia,lab_hyperkalemia,clinicalbert_type1_mean_pool,knn,4,2,auroc,0.5013955069833586
1543,1543,,,lab_hyperkalemia,lab_hyperkalemia,clinicalbert_type1_mean_pool,knn,4,2,auprc,0.0244808535086163
1544,1544,,,lab_hyperkalemia,lab_hyperkalemia,clinicalbert_type1_mean_pool,knn,4,2,brier,0.2506087694217083
1545,1545,,,lab_hyperkalemia,lab_hyperkalemia,clinicalbert_type1_mean_pool,knn,0,4,auroc,0.5040808131276576
1546,1546,,,lab_hyperkalemia,lab_hyperkalemia,clinicalbert_type1_mean_pool,knn,0,4,auprc,0.0246107299441079
1547,1547,,,lab_hyperkalemia,lab_hyperkalemia,clinicalbert_type1_mean_pool,knn,0,4,brier,0.5648751826308265
1548,1548,,,lab_hyperkalemia,lab_hyperkalemia,clinicalbert_type1_mean_pool,knn,1,4,auroc,0.5412523196706517
1549,1549,,,lab_hyperkalemia,lab_hyperkalemia,clinicalbert_type1_mean_pool,knn,1,4,auprc,0.0290689157053211
1550,1550,,,lab_hyperkalemia,lab_hyperkalemia,clinicalbert_type1_mean_pool,knn,1,4,brier,0.1527063598678371
1551,1551,,,lab_hyperkalemia,lab_hyperkalemia,clinicalbert_type1_mean_pool,knn,2,4,auroc,0.5256718353346319
1552,1552,,,lab_hyperkalemia,lab_hyperkalemia,clinicalbert_type1_mean_pool,knn,2,4,auprc,0.0268296961919886
1553,1553,,,lab_hyperkalemia,lab_hyperkalemia,clinicalbert_type1_mean_pool,knn,2,4,brier,0.2624455162277417
1554,1554,,,lab_hyperkalemia,lab_hyperkalemia,clinicalbert_type1_mean_pool,knn,3,4,auroc,0.5137623274066695
1555,1555,,,lab_hyperkalemia,lab_hyperkalemia,clinicalbert_type1_mean_pool,knn,3,4,auprc,0.0251225907440963
1556,1556,,,lab_hyperkalemia,lab_hyperkalemia,clinicalbert_type1_mean_pool,knn,3,4,brier,0.3366534177493598
1557,1557,,,lab_hyperkalemia,lab_hyperkalemia,clinicalbert_type1_mean_pool,knn,4,4,auroc,0.4776158478875109
1558,1558,,,lab_hyperkalemia,lab_hyperkalemia,clinicalbert_type1_mean_pool,knn,4,4,auprc,0.0234267651388029
1559,1559,,,lab_hyperkalemia,lab_hyperkalemia,clinicalbert_type1_mean_pool,knn,4,4,brier,0.2907187406720815
1560,1560,,,lab_hyperkalemia,lab_hyperkalemia,clinicalbert_type1_mean_pool,knn,0,8,auroc,0.4780111978376041
1561,1561,,,lab_hyperkalemia,lab_hyperkalemia,clinicalbert_type1_mean_pool,knn,0,8,auprc,0.0234703677042236
1562,1562,,,lab_hyperkalemia,lab_hyperkalemia,clinicalbert_type1_mean_pool,knn,0,8,brier,0.2607537743704146
1563,1563,,,lab_hyperkalemia,lab_hyperkalemia,clinicalbert_type1_mean_pool,knn,1,8,auroc,0.4840968119925913
1564,1564,,,lab_hyperkalemia,lab_hyperkalemia,clinicalbert_type1_mean_pool,knn,1,8,auprc,0.0234289553476231
1565,1565,,,lab_hyperkalemia,lab_hyperkalemia,clinicalbert_type1_mean_pool,knn,1,8,brier,0.2657778894946036
1566,1566,,,lab_hyperkalemia,lab_hyperkalemia,clinicalbert_type1_mean_pool,knn,2,8,auroc,0.5238765691591019
1567,1567,,,lab_hyperkalemia,lab_hyperkalemia,clinicalbert_type1_mean_pool,knn,2,8,auprc,0.0264862147384405
1568,1568,,,lab_hyperkalemia,lab_hyperkalemia,clinicalbert_type1_mean_pool,knn,2,8,brier,0.3515187378791609
1569,1569,,,lab_hyperkalemia,lab_hyperkalemia,clinicalbert_type1_mean_pool,knn,3,8,auroc,0.4839276908754678
1570,1570,,,lab_hyperkalemia,lab_hyperkalemia,clinicalbert_type1_mean_pool,knn,3,8,auprc,0.0236873368540058
1571,1571,,,lab_hyperkalemia,lab_hyperkalemia,clinicalbert_type1_mean_pool,knn,3,8,brier,0.2810312161249274
1572,1572,,,lab_hyperkalemia,lab_hyperkalemia,clinicalbert_type1_mean_pool,knn,4,8,auroc,0.5135594556398434
1573,1573,,,lab_hyperkalemia,lab_hyperkalemia,clinicalbert_type1_mean_pool,knn,4,8,auprc,0.0249212954436829
1574,1574,,,lab_hyperkalemia,lab_hyperkalemia,clinicalbert_type1_mean_pool,knn,4,8,brier,0.2755244843133866
1575,1575,,,lab_hyperkalemia,lab_hyperkalemia,clinicalbert_type1_mean_pool,knn,0,12,auroc,0.4936723645680311
1576,1576,,,lab_hyperkalemia,lab_hyperkalemia,clinicalbert_type1_mean_pool,knn,0,12,auprc,0.0248676496910493
1577,1577,,,lab_hyperkalemia,lab_hyperkalemia,clinicalbert_type1_mean_pool,knn,0,12,brier,0.3804341944256796
1578,1578,,,lab_hyperkalemia,lab_hyperkalemia,clinicalbert_type1_mean_pool,knn,1,12,auroc,0.4688501710112364
1579,1579,,,lab_hyperkalemia,lab_hyperkalemia,clinicalbert_type1_mean_pool,knn,1,12,auprc,0.0231459168687972
1580,1580,,,lab_hyperkalemia,lab_hyperkalemia,clinicalbert_type1_mean_pool,knn,1,12,brier,0.4242847941181091
1581,1581,,,lab_hyperkalemia,lab_hyperkalemia,clinicalbert_type1_mean_pool,knn,2,12,auroc,0.5384042964318009
1582,1582,,,lab_hyperkalemia,lab_hyperkalemia,clinicalbert_type1_mean_pool,knn,2,12,auprc,0.0272810748219257
1583,1583,,,lab_hyperkalemia,lab_hyperkalemia,clinicalbert_type1_mean_pool,knn,2,12,brier,0.3577644066701927
1584,1584,,,lab_hyperkalemia,lab_hyperkalemia,clinicalbert_type1_mean_pool,knn,3,12,auroc,0.5301736818588942
1585,1585,,,lab_hyperkalemia,lab_hyperkalemia,clinicalbert_type1_mean_pool,knn,3,12,auprc,0.0259947412288288
1586,1586,,,lab_hyperkalemia,lab_hyperkalemia,clinicalbert_type1_mean_pool,knn,3,12,brier,0.5812923192936704
1587,1587,,,lab_hyperkalemia,lab_hyperkalemia,clinicalbert_type1_mean_pool,knn,4,12,auroc,0.4916776151618903
1588,1588,,,lab_hyperkalemia,lab_hyperkalemia,clinicalbert_type1_mean_pool,knn,4,12,auprc,0.0240276191848173
1589,1589,,,lab_hyperkalemia,lab_hyperkalemia,clinicalbert_type1_mean_pool,knn,4,12,brier,0.6117229352897743
1590,1590,,,lab_hyperkalemia,lab_hyperkalemia,clinicalbert_type1_mean_pool,knn,0,16,auroc,0.5124535078841912
1591,1591,,,lab_hyperkalemia,lab_hyperkalemia,clinicalbert_type1_mean_pool,knn,0,16,auprc,0.029155824519974
1592,1592,,,lab_hyperkalemia,lab_hyperkalemia,clinicalbert_type1_mean_pool,knn,0,16,brier,0.3182372858044346
1593,1593,,,lab_hyperkalemia,lab_hyperkalemia,clinicalbert_type1_mean_pool,knn,1,16,auroc,0.4633913635185797
1594,1594,,,lab_hyperkalemia,lab_hyperkalemia,clinicalbert_type1_mean_pool,knn,1,16,auprc,0.0225320925558321
1595,1595,,,lab_hyperkalemia,lab_hyperkalemia,clinicalbert_type1_mean_pool,knn,1,16,brier,0.2732923821343849
1596,1596,,,lab_hyperkalemia,lab_hyperkalemia,clinicalbert_type1_mean_pool,knn,2,16,auroc,0.534613835262799
1597,1597,,,lab_hyperkalemia,lab_hyperkalemia,clinicalbert_type1_mean_pool,knn,2,16,auprc,0.0266496098575543
1598,1598,,,lab_hyperkalemia,lab_hyperkalemia,clinicalbert_type1_mean_pool,knn,2,16,brier,0.3256091621761739
1599,1599,,,lab_hyperkalemia,lab_hyperkalemia,clinicalbert_type1_mean_pool,knn,3,16,auroc,0.5274386771834395
1600,1600,,,lab_hyperkalemia,lab_hyperkalemia,clinicalbert_type1_mean_pool,knn,3,16,auprc,0.0258544516699545
1601,1601,,,lab_hyperkalemia,lab_hyperkalemia,clinicalbert_type1_mean_pool,knn,3,16,brier,0.5192999544404819
1602,1602,,,lab_hyperkalemia,lab_hyperkalemia,clinicalbert_type1_mean_pool,knn,4,16,auroc,0.4921061769118904
1603,1603,,,lab_hyperkalemia,lab_hyperkalemia,clinicalbert_type1_mean_pool,knn,4,16,auprc,0.023915557699403
1604,1604,,,lab_hyperkalemia,lab_hyperkalemia,clinicalbert_type1_mean_pool,knn,4,16,brier,0.3604735396952574
1605,1605,,,lab_hyperkalemia,lab_hyperkalemia,clinicalbert_type1_mean_pool,knn,0,24,auroc,0.5141648482040437
1606,1606,,,lab_hyperkalemia,lab_hyperkalemia,clinicalbert_type1_mean_pool,knn,0,24,auprc,0.0251288913734555
1607,1607,,,lab_hyperkalemia,lab_hyperkalemia,clinicalbert_type1_mean_pool,knn,0,24,brier,0.460732408527485
1608,1608,,,lab_hyperkalemia,lab_hyperkalemia,clinicalbert_type1_mean_pool,knn,1,24,auroc,0.4432581372588459
1609,1609,,,lab_hyperkalemia,lab_hyperkalemia,clinicalbert_type1_mean_pool,knn,1,24,auprc,0.021235526226047
1610,1610,,,lab_hyperkalemia,lab_hyperkalemia,clinicalbert_type1_mean_pool,knn,1,24,brier,0.2802750592197806
1611,1611,,,lab_hyperkalemia,lab_hyperkalemia,clinicalbert_type1_mean_pool,knn,2,24,auroc,0.5049216934150669
1612,1612,,,lab_hyperkalemia,lab_hyperkalemia,clinicalbert_type1_mean_pool,knn,2,24,auprc,0.0246526184746711
1613,1613,,,lab_hyperkalemia,lab_hyperkalemia,clinicalbert_type1_mean_pool,knn,2,24,brier,0.494069407569164
1614,1614,,,lab_hyperkalemia,lab_hyperkalemia,clinicalbert_type1_mean_pool,knn,3,24,auroc,0.5524406859533029
1615,1615,,,lab_hyperkalemia,lab_hyperkalemia,clinicalbert_type1_mean_pool,knn,3,24,auprc,0.0298881642731486
1616,1616,,,lab_hyperkalemia,lab_hyperkalemia,clinicalbert_type1_mean_pool,knn,3,24,brier,0.3577951707091547
1617,1617,,,lab_hyperkalemia,lab_hyperkalemia,clinicalbert_type1_mean_pool,knn,4,24,auroc,0.5036338527658839
1618,1618,,,lab_hyperkalemia,lab_hyperkalemia,clinicalbert_type1_mean_pool,knn,4,24,auprc,0.0239792817326684
1619,1619,,,lab_hyperkalemia,lab_hyperkalemia,clinicalbert_type1_mean_pool,knn,4,24,brier,0.3921346476979317
1620,1620,,,lab_hyperkalemia,lab_hyperkalemia,clinicalbert_type1_mean_pool,knn,0,32,auroc,0.4853356794853438
1621,1621,,,lab_hyperkalemia,lab_hyperkalemia,clinicalbert_type1_mean_pool,knn,0,32,auprc,0.0236765570753384
1622,1622,,,lab_hyperkalemia,lab_hyperkalemia,clinicalbert_type1_mean_pool,knn,0,32,brier,0.31503746877602
1623,1623,,,lab_hyperkalemia,lab_hyperkalemia,clinicalbert_type1_mean_pool,knn,1,32,auroc,0.4511478827047515
1624,1624,,,lab_hyperkalemia,lab_hyperkalemia,clinicalbert_type1_mean_pool,knn,1,32,auprc,0.0222580308460194
1625,1625,,,lab_hyperkalemia,lab_hyperkalemia,clinicalbert_type1_mean_pool,knn,1,32,brier,0.2821094231396966
1626,1626,,,lab_hyperkalemia,lab_hyperkalemia,clinicalbert_type1_mean_pool,knn,2,32,auroc,0.52342548970514
1627,1627,,,lab_hyperkalemia,lab_hyperkalemia,clinicalbert_type1_mean_pool,knn,2,32,auprc,0.0256304665223813
1628,1628,,,lab_hyperkalemia,lab_hyperkalemia,clinicalbert_type1_mean_pool,knn,2,32,brier,0.5026471650982671
1629,1629,,,lab_hyperkalemia,lab_hyperkalemia,clinicalbert_type1_mean_pool,knn,3,32,auroc,0.5374714852604996
1630,1630,,,lab_hyperkalemia,lab_hyperkalemia,clinicalbert_type1_mean_pool,knn,3,32,auprc,0.026726729918823
1631,1631,,,lab_hyperkalemia,lab_hyperkalemia,clinicalbert_type1_mean_pool,knn,3,32,brier,0.3049703863132925
1632,1632,,,lab_hyperkalemia,lab_hyperkalemia,clinicalbert_type1_mean_pool,knn,4,32,auroc,0.4762043774789551
1633,1633,,,lab_hyperkalemia,lab_hyperkalemia,clinicalbert_type1_mean_pool,knn,4,32,auprc,0.023193294008271
1634,1634,,,lab_hyperkalemia,lab_hyperkalemia,clinicalbert_type1_mean_pool,knn,4,32,brier,0.4206190857723386
1635,1635,,,lab_hyperkalemia,lab_hyperkalemia,clinicalbert_type1_mean_pool,knn,0,48,auroc,0.4975212494898802
1636,1636,,,lab_hyperkalemia,lab_hyperkalemia,clinicalbert_type1_mean_pool,knn,0,48,auprc,0.024110896330114
1637,1637,,,lab_hyperkalemia,lab_hyperkalemia,clinicalbert_type1_mean_pool,knn,0,48,brier,0.326134580372401
1638,1638,,,lab_hyperkalemia,lab_hyperkalemia,clinicalbert_type1_mean_pool,knn,1,48,auroc,0.4710853147824758
1639,1639,,,lab_hyperkalemia,lab_hyperkalemia,clinicalbert_type1_mean_pool,knn,1,48,auprc,0.0229830046670832
1640,1640,,,lab_hyperkalemia,lab_hyperkalemia,clinicalbert_type1_mean_pool,knn,1,48,brier,0.2730429044978241
1641,1641,,,lab_hyperkalemia,lab_hyperkalemia,clinicalbert_type1_mean_pool,knn,2,48,auroc,0.5000736410783271
1642,1642,,,lab_hyperkalemia,lab_hyperkalemia,clinicalbert_type1_mean_pool,knn,2,48,auprc,0.0243382511465352
1643,1643,,,lab_hyperkalemia,lab_hyperkalemia,clinicalbert_type1_mean_pool,knn,2,48,brier,0.3678049563867986
1644,1644,,,lab_hyperkalemia,lab_hyperkalemia,clinicalbert_type1_mean_pool,knn,3,48,auroc,0.51026407308312
1645,1645,,,lab_hyperkalemia,lab_hyperkalemia,clinicalbert_type1_mean_pool,knn,3,48,auprc,0.0253037914630272
1646,1646,,,lab_hyperkalemia,lab_hyperkalemia,clinicalbert_type1_mean_pool,knn,3,48,brier,0.3099241198372426
1647,1647,,,lab_hyperkalemia,lab_hyperkalemia,clinicalbert_type1_mean_pool,knn,4,48,auroc,0.4665894111497101
1648,1648,,,lab_hyperkalemia,lab_hyperkalemia,clinicalbert_type1_mean_pool,knn,4,48,auprc,0.0224967782218537
1649,1649,,,lab_hyperkalemia,lab_hyperkalemia,clinicalbert_type1_mean_pool,knn,4,48,brier,0.4102977078849387
1650,1650,,,lab_hyperkalemia,lab_hyperkalemia,clinicalbert_type1_mean_pool,knn,0,64,auroc,0.5164552137168443
1651,1651,,,lab_hyperkalemia,lab_hyperkalemia,clinicalbert_type1_mean_pool,knn,0,64,auprc,0.0250221211341906
1652,1652,,,lab_hyperkalemia,lab_hyperkalemia,clinicalbert_type1_mean_pool,knn,0,64,brier,0.295650479945957
1653,1653,,,lab_hyperkalemia,lab_hyperkalemia,clinicalbert_type1_mean_pool,knn,1,64,auroc,0.4719416196452864
1654,1654,,,lab_hyperkalemia,lab_hyperkalemia,clinicalbert_type1_mean_pool,knn,1,64,auprc,0.023552639378594
1655,1655,,,lab_hyperkalemia,lab_hyperkalemia,clinicalbert_type1_mean_pool,knn,1,64,brier,0.2547707099429721
1656,1656,,,lab_hyperkalemia,lab_hyperkalemia,clinicalbert_type1_mean_pool,knn,2,64,auroc,0.5058576755101658
1657,1657,,,lab_hyperkalemia,lab_hyperkalemia,clinicalbert_type1_mean_pool,knn,2,64,auprc,0.0246949968738826
1658,1658,,,lab_hyperkalemia,lab_hyperkalemia,clinicalbert_type1_mean_pool,knn,2,64,brier,0.3495497288248612
1659,1659,,,lab_hyperkalemia,lab_hyperkalemia,clinicalbert_type1_mean_pool,knn,3,64,auroc,0.4871232048763088
1660,1660,,,lab_hyperkalemia,lab_hyperkalemia,clinicalbert_type1_mean_pool,knn,3,64,auprc,0.0240741969420987
1661,1661,,,lab_hyperkalemia,lab_hyperkalemia,clinicalbert_type1_mean_pool,knn,3,64,brier,0.2941812640409722
1662,1662,,,lab_hyperkalemia,lab_hyperkalemia,clinicalbert_type1_mean_pool,knn,4,64,auroc,0.4909037543178189
1663,1663,,,lab_hyperkalemia,lab_hyperkalemia,clinicalbert_type1_mean_pool,knn,4,64,auprc,0.0239950597979509
1664,1664,,,lab_hyperkalemia,lab_hyperkalemia,clinicalbert_type1_mean_pool,knn,4,64,brier,0.5214208285548206
1665,1665,,,lab_hyperkalemia,lab_hyperkalemia,clinicalbert_type1_mean_pool,knn,0,128,auroc,0.4920719910373529
1666,1666,,,lab_hyperkalemia,lab_hyperkalemia,clinicalbert_type1_mean_pool,knn,0,128,auprc,0.0245359069292756
1667,1667,,,lab_hyperkalemia,lab_hyperkalemia,clinicalbert_type1_mean_pool,knn,0,128,brier,0.2911818767379385
1668,1668,,,lab_hyperkalemia,lab_hyperkalemia,clinicalbert_type1_mean_pool,knn,1,128,auroc,0.4751498536100542
1669,1669,,,lab_hyperkalemia,lab_hyperkalemia,clinicalbert_type1_mean_pool,knn,1,128,auprc,0.023319841480573
1670,1670,,,lab_hyperkalemia,lab_hyperkalemia,clinicalbert_type1_mean_pool,knn,1,128,brier,0.2882308767850691
1671,1671,,,lab_hyperkalemia,lab_hyperkalemia,clinicalbert_type1_mean_pool,knn,2,128,auroc,0.4881193464423468
1672,1672,,,lab_hyperkalemia,lab_hyperkalemia,clinicalbert_type1_mean_pool,knn,2,128,auprc,0.0239823014528801
1673,1673,,,lab_hyperkalemia,lab_hyperkalemia,clinicalbert_type1_mean_pool,knn,2,128,brier,0.3095828947575135
1674,1674,,,lab_hyperkalemia,lab_hyperkalemia,clinicalbert_type1_mean_pool,knn,3,128,auroc,0.5113375395948384
1675,1675,,,lab_hyperkalemia,lab_hyperkalemia,clinicalbert_type1_mean_pool,knn,3,128,auprc,0.0250147697269476
1676,1676,,,lab_hyperkalemia,lab_hyperkalemia,clinicalbert_type1_mean_pool,knn,3,128,brier,0.2751417843620883
1677,1677,,,lab_hyperkalemia,lab_hyperkalemia,clinicalbert_type1_mean_pool,knn,4,128,auroc,0.4852983796807368
1678,1678,,,lab_hyperkalemia,lab_hyperkalemia,clinicalbert_type1_mean_pool,knn,4,128,auprc,0.0236381761361152
1679,1679,,,lab_hyperkalemia,lab_hyperkalemia,clinicalbert_type1_mean_pool,knn,4,128,brier,0.3188104252745354
1680,1680,,,lab_hyperkalemia,lab_hyperkalemia,clinicalbert_type1_mean_pool,rf,0,-1,auroc,0.4970086219905058
1681,1681,,,lab_hyperkalemia,lab_hyperkalemia,clinicalbert_type1_mean_pool,rf,0,-1,auprc,0.0243948524370426
1682,1682,,,lab_hyperkalemia,lab_hyperkalemia,clinicalbert_type1_mean_pool,rf,0,-1,brier,0.0244752034794425
1683,1683,,,lab_hyperkalemia,lab_hyperkalemia,clinicalbert_type1_mean_pool,rf,0,1,auroc,0.4943149170431412
1684,1684,,,lab_hyperkalemia,lab_hyperkalemia,clinicalbert_type1_mean_pool,rf,0,1,auprc,0.0250203960228029
1685,1685,,,lab_hyperkalemia,lab_hyperkalemia,clinicalbert_type1_mean_pool,rf,0,1,brier,0.3619907058583256
1686,1686,,,lab_hyperkalemia,lab_hyperkalemia,clinicalbert_type1_mean_pool,rf,1,1,auroc,0.4983067629607832
1687,1687,,,lab_hyperkalemia,lab_hyperkalemia,clinicalbert_type1_mean_pool,rf,1,1,auprc,0.0244148832992171
1688,1688,,,lab_hyperkalemia,lab_hyperkalemia,clinicalbert_type1_mean_pool,rf,1,1,brier,0.3952329033981118
1689,1689,,,lab_hyperkalemia,lab_hyperkalemia,clinicalbert_type1_mean_pool,rf,2,1,auroc,0.5101457851904719
1690,1690,,,lab_hyperkalemia,lab_hyperkalemia,clinicalbert_type1_mean_pool,rf,2,1,auprc,0.0263556982674108
1691,1691,,,lab_hyperkalemia,lab_hyperkalemia,clinicalbert_type1_mean_pool,rf,2,1,brier,0.2114283568724176
1692,1692,,,lab_hyperkalemia,lab_hyperkalemia,clinicalbert_type1_mean_pool,rf,3,1,auroc,0.5583819401755278
1693,1693,,,lab_hyperkalemia,lab_hyperkalemia,clinicalbert_type1_mean_pool,rf,3,1,auprc,0.0284643301743056
1694,1694,,,lab_hyperkalemia,lab_hyperkalemia,clinicalbert_type1_mean_pool,rf,3,1,brier,0.5212340345309727
1695,1695,,,lab_hyperkalemia,lab_hyperkalemia,clinicalbert_type1_mean_pool,rf,4,1,auroc,0.4791234459908673
1696,1696,,,lab_hyperkalemia,lab_hyperkalemia,clinicalbert_type1_mean_pool,rf,4,1,auprc,0.0234728252183312
1697,1697,,,lab_hyperkalemia,lab_hyperkalemia,clinicalbert_type1_mean_pool,rf,4,1,brier,0.3697912117260774
1698,1698,,,lab_hyperkalemia,lab_hyperkalemia,clinicalbert_type1_mean_pool,rf,0,2,auroc,0.5484621972930964
1699,1699,,,lab_hyperkalemia,lab_hyperkalemia,clinicalbert_type1_mean_pool,rf,0,2,auprc,0.0278533363394289
1700,1700,,,lab_hyperkalemia,lab_hyperkalemia,clinicalbert_type1_mean_pool,rf,0,2,brier,0.372397373258134
1701,1701,,,lab_hyperkalemia,lab_hyperkalemia,clinicalbert_type1_mean_pool,rf,1,2,auroc,0.5227772482196869
1702,1702,,,lab_hyperkalemia,lab_hyperkalemia,clinicalbert_type1_mean_pool,rf,1,2,auprc,0.0282005417184974
1703,1703,,,lab_hyperkalemia,lab_hyperkalemia,clinicalbert_type1_mean_pool,rf,1,2,brier,0.2366808414371671
1704,1704,,,lab_hyperkalemia,lab_hyperkalemia,clinicalbert_type1_mean_pool,rf,2,2,auroc,0.5236401177237583
1705,1705,,,lab_hyperkalemia,lab_hyperkalemia,clinicalbert_type1_mean_pool,rf,2,2,auprc,0.0261824045274292
1706,1706,,,lab_hyperkalemia,lab_hyperkalemia,clinicalbert_type1_mean_pool,rf,2,2,brier,0.2662682041694814
1707,1707,,,lab_hyperkalemia,lab_hyperkalemia,clinicalbert_type1_mean_pool,rf,3,2,auroc,0.5400438557413709
1708,1708,,,lab_hyperkalemia,lab_hyperkalemia,clinicalbert_type1_mean_pool,rf,3,2,auprc,0.0269777833025349
1709,1709,,,lab_hyperkalemia,lab_hyperkalemia,clinicalbert_type1_mean_pool,rf,3,2,brier,0.2881631266397498
1710,1710,,,lab_hyperkalemia,lab_hyperkalemia,clinicalbert_type1_mean_pool,rf,4,2,auroc,0.4507335072118724
1711,1711,,,lab_hyperkalemia,lab_hyperkalemia,clinicalbert_type1_mean_pool,rf,4,2,auprc,0.0216848107802673
1712,1712,,,lab_hyperkalemia,lab_hyperkalemia,clinicalbert_type1_mean_pool,rf,4,2,brier,0.2847735377751245
1713,1713,,,lab_hyperkalemia,lab_hyperkalemia,clinicalbert_type1_mean_pool,rf,0,4,auroc,0.4654881161547936
1714,1714,,,lab_hyperkalemia,lab_hyperkalemia,clinicalbert_type1_mean_pool,rf,0,4,auprc,0.0226046309741764
1715,1715,,,lab_hyperkalemia,lab_hyperkalemia,clinicalbert_type1_mean_pool,rf,0,4,brier,0.2597470661241418
1716,1716,,,lab_hyperkalemia,lab_hyperkalemia,clinicalbert_type1_mean_pool,rf,1,4,auroc,0.531268308587589
1717,1717,,,lab_hyperkalemia,lab_hyperkalemia,clinicalbert_type1_mean_pool,rf,1,4,auprc,0.0277330689015499
1718,1718,,,lab_hyperkalemia,lab_hyperkalemia,clinicalbert_type1_mean_pool,rf,1,4,brier,0.2638142349928519
1719,1719,,,lab_hyperkalemia,lab_hyperkalemia,clinicalbert_type1_mean_pool,rf,2,4,auroc,0.5473371514571856
1720,1720,,,lab_hyperkalemia,lab_hyperkalemia,clinicalbert_type1_mean_pool,rf,2,4,auprc,0.0279890429962122
1721,1721,,,lab_hyperkalemia,lab_hyperkalemia,clinicalbert_type1_mean_pool,rf,2,4,brier,0.3220262108620175
1722,1722,,,lab_hyperkalemia,lab_hyperkalemia,clinicalbert_type1_mean_pool,rf,3,4,auroc,0.4865777023581497
1723,1723,,,lab_hyperkalemia,lab_hyperkalemia,clinicalbert_type1_mean_pool,rf,3,4,auprc,0.0241738037274278
1724,1724,,,lab_hyperkalemia,lab_hyperkalemia,clinicalbert_type1_mean_pool,rf,3,4,brier,0.2322048450190879
1725,1725,,,lab_hyperkalemia,lab_hyperkalemia,clinicalbert_type1_mean_pool,rf,4,4,auroc,0.4809904517266954
1726,1726,,,lab_hyperkalemia,lab_hyperkalemia,clinicalbert_type1_mean_pool,rf,4,4,auprc,0.0236194163420978
1727,1727,,,lab_hyperkalemia,lab_hyperkalemia,clinicalbert_type1_mean_pool,rf,4,4,brier,0.431930466749407
1728,1728,,,lab_hyperkalemia,lab_hyperkalemia,clinicalbert_type1_mean_pool,rf,0,8,auroc,0.4819036466929348
1729,1729,,,lab_hyperkalemia,lab_hyperkalemia,clinicalbert_type1_mean_pool,rf,0,8,auprc,0.0232673807812202
1730,1730,,,lab_hyperkalemia,lab_hyperkalemia,clinicalbert_type1_mean_pool,rf,0,8,brier,0.3547125822820605
1731,1731,,,lab_hyperkalemia,lab_hyperkalemia,clinicalbert_type1_mean_pool,rf,1,8,auroc,0.4856305339485423
1732,1732,,,lab_hyperkalemia,lab_hyperkalemia,clinicalbert_type1_mean_pool,rf,1,8,auprc,0.0224590039530198
1733,1733,,,lab_hyperkalemia,lab_hyperkalemia,clinicalbert_type1_mean_pool,rf,1,8,brier,0.2112685733586791
1734,1734,,,lab_hyperkalemia,lab_hyperkalemia,clinicalbert_type1_mean_pool,rf,2,8,auroc,0.515048613681442
1735,1735,,,lab_hyperkalemia,lab_hyperkalemia,clinicalbert_type1_mean_pool,rf,2,8,auprc,0.0262544780366341
1736,1736,,,lab_hyperkalemia,lab_hyperkalemia,clinicalbert_type1_mean_pool,rf,2,8,brier,0.2968658979152593
1737,1737,,,lab_hyperkalemia,lab_hyperkalemia,clinicalbert_type1_mean_pool,rf,3,8,auroc,0.5010046180878238
1738,1738,,,lab_hyperkalemia,lab_hyperkalemia,clinicalbert_type1_mean_pool,rf,3,8,auprc,0.0240840765678133
1739,1739,,,lab_hyperkalemia,lab_hyperkalemia,clinicalbert_type1_mean_pool,rf,3,8,brier,0.338700925329521
1740,1740,,,lab_hyperkalemia,lab_hyperkalemia,clinicalbert_type1_mean_pool,rf,4,8,auroc,0.4837574091587844
1741,1741,,,lab_hyperkalemia,lab_hyperkalemia,clinicalbert_type1_mean_pool,rf,4,8,auprc,0.023801291721059
1742,1742,,,lab_hyperkalemia,lab_hyperkalemia,clinicalbert_type1_mean_pool,rf,4,8,brier,0.2735663676496002
1743,1743,,,lab_hyperkalemia,lab_hyperkalemia,clinicalbert_type1_mean_pool,rf,0,12,auroc,0.5071139105463329
1744,1744,,,lab_hyperkalemia,lab_hyperkalemia,clinicalbert_type1_mean_pool,rf,0,12,auprc,0.0269807093426007
1745,1745,,,lab_hyperkalemia,lab_hyperkalemia,clinicalbert_type1_mean_pool,rf,0,12,brier,0.2166823244780293
1746,1746,,,lab_hyperkalemia,lab_hyperkalemia,clinicalbert_type1_mean_pool,rf,1,12,auroc,0.448325517006172
1747,1747,,,lab_hyperkalemia,lab_hyperkalemia,clinicalbert_type1_mean_pool,rf,1,12,auprc,0.0215183350983685
1748,1748,,,lab_hyperkalemia,lab_hyperkalemia,clinicalbert_type1_mean_pool,rf,1,12,brier,0.1779673385386392
1749,1749,,,lab_hyperkalemia,lab_hyperkalemia,clinicalbert_type1_mean_pool,rf,2,12,auroc,0.537668844179416
1750,1750,,,lab_hyperkalemia,lab_hyperkalemia,clinicalbert_type1_mean_pool,rf,2,12,auprc,0.027916881267978
1751,1751,,,lab_hyperkalemia,lab_hyperkalemia,clinicalbert_type1_mean_pool,rf,2,12,brier,0.2979271204813599
1752,1752,,,lab_hyperkalemia,lab_hyperkalemia,clinicalbert_type1_mean_pool,rf,3,12,auroc,0.5182325838616599
1753,1753,,,lab_hyperkalemia,lab_hyperkalemia,clinicalbert_type1_mean_pool,rf,3,12,auprc,0.0248836703973887
1754,1754,,,lab_hyperkalemia,lab_hyperkalemia,clinicalbert_type1_mean_pool,rf,3,12,brier,0.2577244199016543
1755,1755,,,lab_hyperkalemia,lab_hyperkalemia,clinicalbert_type1_mean_pool,rf,4,12,auroc,0.468133086283137
1756,1756,,,lab_hyperkalemia,lab_hyperkalemia,clinicalbert_type1_mean_pool,rf,4,12,auprc,0.0225953261667869
1757,1757,,,lab_hyperkalemia,lab_hyperkalemia,clinicalbert_type1_mean_pool,rf,4,12,brier,0.3097628155782131
1758,1758,,,lab_hyperkalemia,lab_hyperkalemia,clinicalbert_type1_mean_pool,rf,0,16,auroc,0.5123661675860584
1759,1759,,,lab_hyperkalemia,lab_hyperkalemia,clinicalbert_type1_mean_pool,rf,0,16,auprc,0.0376027429041308
1760,1760,,,lab_hyperkalemia,lab_hyperkalemia,clinicalbert_type1_mean_pool,rf,0,16,brier,0.2486170329756649
1761,1761,,,lab_hyperkalemia,lab_hyperkalemia,clinicalbert_type1_mean_pool,rf,1,16,auroc,0.4780600311003377
1762,1762,,,lab_hyperkalemia,lab_hyperkalemia,clinicalbert_type1_mean_pool,rf,1,16,auprc,0.0228720490355376
1763,1763,,,lab_hyperkalemia,lab_hyperkalemia,clinicalbert_type1_mean_pool,rf,1,16,brier,0.2023962735456302
1764,1764,,,lab_hyperkalemia,lab_hyperkalemia,clinicalbert_type1_mean_pool,rf,2,16,auroc,0.5267703687243454
1765,1765,,,lab_hyperkalemia,lab_hyperkalemia,clinicalbert_type1_mean_pool,rf,2,16,auprc,0.0262711076261636
1766,1766,,,lab_hyperkalemia,lab_hyperkalemia,clinicalbert_type1_mean_pool,rf,2,16,brier,0.2576812341916327
1767,1767,,,lab_hyperkalemia,lab_hyperkalemia,clinicalbert_type1_mean_pool,rf,3,16,auroc,0.5417042333055473
1768,1768,,,lab_hyperkalemia,lab_hyperkalemia,clinicalbert_type1_mean_pool,rf,3,16,auprc,0.029022321915761
1769,1769,,,lab_hyperkalemia,lab_hyperkalemia,clinicalbert_type1_mean_pool,rf,3,16,brier,0.2458548693698647
1770,1770,,,lab_hyperkalemia,lab_hyperkalemia,clinicalbert_type1_mean_pool,rf,4,16,auroc,0.471025051686576
1771,1771,,,lab_hyperkalemia,lab_hyperkalemia,clinicalbert_type1_mean_pool,rf,4,16,auprc,0.0226204577895294
1772,1772,,,lab_hyperkalemia,lab_hyperkalemia,clinicalbert_type1_mean_pool,rf,4,16,brier,0.3240394305845757
1773,1773,,,lab_hyperkalemia,lab_hyperkalemia,clinicalbert_type1_mean_pool,rf,0,24,auroc,0.5170466531800852
1774,1774,,,lab_hyperkalemia,lab_hyperkalemia,clinicalbert_type1_mean_pool,rf,0,24,auprc,0.0285978653912559
1775,1775,,,lab_hyperkalemia,lab_hyperkalemia,clinicalbert_type1_mean_pool,rf,0,24,brier,0.2560161736288942
1776,1776,,,lab_hyperkalemia,lab_hyperkalemia,clinicalbert_type1_mean_pool,rf,1,24,auroc,0.4927525790542907
1777,1777,,,lab_hyperkalemia,lab_hyperkalemia,clinicalbert_type1_mean_pool,rf,1,24,auprc,0.0236641246372256
1778,1778,,,lab_hyperkalemia,lab_hyperkalemia,clinicalbert_type1_mean_pool,rf,1,24,brier,0.2721962829717374
1779,1779,,,lab_hyperkalemia,lab_hyperkalemia,clinicalbert_type1_mean_pool,rf,2,24,auroc,0.510850098142164
1780,1780,,,lab_hyperkalemia,lab_hyperkalemia,clinicalbert_type1_mean_pool,rf,2,24,auprc,0.0256614475363242
1781,1781,,,lab_hyperkalemia,lab_hyperkalemia,clinicalbert_type1_mean_pool,rf,2,24,brier,0.2772917990603488
1782,1782,,,lab_hyperkalemia,lab_hyperkalemia,clinicalbert_type1_mean_pool,rf,3,24,auroc,0.5367751980620142
1783,1783,,,lab_hyperkalemia,lab_hyperkalemia,clinicalbert_type1_mean_pool,rf,3,24,auprc,0.0265011138918987
1784,1784,,,lab_hyperkalemia,lab_hyperkalemia,clinicalbert_type1_mean_pool,rf,3,24,brier,0.2288176697575551
1785,1785,,,lab_hyperkalemia,lab_hyperkalemia,clinicalbert_type1_mean_pool,rf,4,24,auroc,0.483341406754022
1786,1786,,,lab_hyperkalemia,lab_hyperkalemia,clinicalbert_type1_mean_pool,rf,4,24,auprc,0.0244137802310167
1787,1787,,,lab_hyperkalemia,lab_hyperkalemia,clinicalbert_type1_mean_pool,rf,4,24,brier,0.2433548812834168
1788,1788,,,lab_hyperkalemia,lab_hyperkalemia,clinicalbert_type1_mean_pool,rf,0,32,auroc,0.5152604179198811
1789,1789,,,lab_hyperkalemia,lab_hyperkalemia,clinicalbert_type1_mean_pool,rf,0,32,auprc,0.0280947340099232
1790,1790,,,lab_hyperkalemia,lab_hyperkalemia,clinicalbert_type1_mean_pool,rf,0,32,brier,0.2411271267654313
1791,1791,,,lab_hyperkalemia,lab_hyperkalemia,clinicalbert_type1_mean_pool,rf,1,32,auroc,0.4782474523855222
1792,1792,,,lab_hyperkalemia,lab_hyperkalemia,clinicalbert_type1_mean_pool,rf,1,32,auprc,0.0228847432601788
1793,1793,,,lab_hyperkalemia,lab_hyperkalemia,clinicalbert_type1_mean_pool,rf,1,32,brier,0.2196966364507565
1794,1794,,,lab_hyperkalemia,lab_hyperkalemia,clinicalbert_type1_mean_pool,rf,2,32,auroc,0.4908898374855959
1795,1795,,,lab_hyperkalemia,lab_hyperkalemia,clinicalbert_type1_mean_pool,rf,2,32,auprc,0.0238495064823162
1796,1796,,,lab_hyperkalemia,lab_hyperkalemia,clinicalbert_type1_mean_pool,rf,2,32,brier,0.2408180290009897
1797,1797,,,lab_hyperkalemia,lab_hyperkalemia,clinicalbert_type1_mean_pool,rf,3,32,auroc,0.5266576662170794
1798,1798,,,lab_hyperkalemia,lab_hyperkalemia,clinicalbert_type1_mean_pool,rf,3,32,auprc,0.0255228995562931
1799,1799,,,lab_hyperkalemia,lab_hyperkalemia,clinicalbert_type1_mean_pool,rf,3,32,brier,0.2734737679354747
1800,1800,,,lab_hyperkalemia,lab_hyperkalemia,clinicalbert_type1_mean_pool,rf,4,32,auroc,0.4896403380718748
1801,1801,,,lab_hyperkalemia,lab_hyperkalemia,clinicalbert_type1_mean_pool,rf,4,32,auprc,0.0238580688763659
1802,1802,,,lab_hyperkalemia,lab_hyperkalemia,clinicalbert_type1_mean_pool,rf,4,32,brier,0.3154234678648296
1803,1803,,,lab_hyperkalemia,lab_hyperkalemia,clinicalbert_type1_mean_pool,rf,0,48,auroc,0.5027454189840057
1804,1804,,,lab_hyperkalemia,lab_hyperkalemia,clinicalbert_type1_mean_pool,rf,0,48,auprc,0.0240323073611304
1805,1805,,,lab_hyperkalemia,lab_hyperkalemia,clinicalbert_type1_mean_pool,rf,0,48,brier,0.2410811458225348
1806,1806,,,lab_hyperkalemia,lab_hyperkalemia,clinicalbert_type1_mean_pool,rf,1,48,auroc,0.4635784687476341
1807,1807,,,lab_hyperkalemia,lab_hyperkalemia,clinicalbert_type1_mean_pool,rf,1,48,auprc,0.0217571766008938
1808,1808,,,lab_hyperkalemia,lab_hyperkalemia,clinicalbert_type1_mean_pool,rf,1,48,brier,0.2534023697970459
1809,1809,,,lab_hyperkalemia,lab_hyperkalemia,clinicalbert_type1_mean_pool,rf,2,48,auroc,0.5120016564242719
1810,1810,,,lab_hyperkalemia,lab_hyperkalemia,clinicalbert_type1_mean_pool,rf,2,48,auprc,0.0249968043132609
1811,1811,,,lab_hyperkalemia,lab_hyperkalemia,clinicalbert_type1_mean_pool,rf,2,48,brier,0.2729848396776271
1812,1812,,,lab_hyperkalemia,lab_hyperkalemia,clinicalbert_type1_mean_pool,rf,3,48,auroc,0.4992233257382455
1813,1813,,,lab_hyperkalemia,lab_hyperkalemia,clinicalbert_type1_mean_pool,rf,3,48,auprc,0.0262225241592771
1814,1814,,,lab_hyperkalemia,lab_hyperkalemia,clinicalbert_type1_mean_pool,rf,3,48,brier,0.2652406406610844
1815,1815,,,lab_hyperkalemia,lab_hyperkalemia,clinicalbert_type1_mean_pool,rf,4,48,auroc,0.4779448519565107
1816,1816,,,lab_hyperkalemia,lab_hyperkalemia,clinicalbert_type1_mean_pool,rf,4,48,auprc,0.0226862686657045
1817,1817,,,lab_hyperkalemia,lab_hyperkalemia,clinicalbert_type1_mean_pool,rf,4,48,brier,0.3408859755235418
1818,1818,,,lab_hyperkalemia,lab_hyperkalemia,clinicalbert_type1_mean_pool,rf,0,64,auroc,0.482788013195105
1819,1819,,,lab_hyperkalemia,lab_hyperkalemia,clinicalbert_type1_mean_pool,rf,0,64,auprc,0.0230989325232108
1820,1820,,,lab_hyperkalemia,lab_hyperkalemia,clinicalbert_type1_mean_pool,rf,0,64,brier,0.2366680192926533
1821,1821,,,lab_hyperkalemia,lab_hyperkalemia,clinicalbert_type1_mean_pool,rf,1,64,auroc,0.4610149012071748
1822,1822,,,lab_hyperkalemia,lab_hyperkalemia,clinicalbert_type1_mean_pool,rf,1,64,auprc,0.0225634927352358
1823,1823,,,lab_hyperkalemia,lab_hyperkalemia,clinicalbert_type1_mean_pool,rf,1,64,brier,0.2282623914033902
1824,1824,,,lab_hyperkalemia,lab_hyperkalemia,clinicalbert_type1_mean_pool,rf,2,64,auroc,0.5016339946491801
1825,1825,,,lab_hyperkalemia,lab_hyperkalemia,clinicalbert_type1_mean_pool,rf,2,64,auprc,0.0243154160724235
1826,1826,,,lab_hyperkalemia,lab_hyperkalemia,clinicalbert_type1_mean_pool,rf,2,64,brier,0.251893384443781
1827,1827,,,lab_hyperkalemia,lab_hyperkalemia,clinicalbert_type1_mean_pool,rf,3,64,auroc,0.4885357167157195
1828,1828,,,lab_hyperkalemia,lab_hyperkalemia,clinicalbert_type1_mean_pool,rf,3,64,auprc,0.026872942904811
1829,1829,,,lab_hyperkalemia,lab_hyperkalemia,clinicalbert_type1_mean_pool,rf,3,64,brier,0.2941834634659796
1830,1830,,,lab_hyperkalemia,lab_hyperkalemia,clinicalbert_type1_mean_pool,rf,4,64,auroc,0.4782794517733889
1831,1831,,,lab_hyperkalemia,lab_hyperkalemia,clinicalbert_type1_mean_pool,rf,4,64,auprc,0.023170138212862
1832,1832,,,lab_hyperkalemia,lab_hyperkalemia,clinicalbert_type1_mean_pool,rf,4,64,brier,0.259663217507423
1833,1833,,,lab_hyperkalemia,lab_hyperkalemia,clinicalbert_type1_mean_pool,rf,0,128,auroc,0.4955911050654927
1834,1834,,,lab_hyperkalemia,lab_hyperkalemia,clinicalbert_type1_mean_pool,rf,0,128,auprc,0.0247496390640781
1835,1835,,,lab_hyperkalemia,lab_hyperkalemia,clinicalbert_type1_mean_pool,rf,0,128,brier,0.2178425337376086
1836,1836,,,lab_hyperkalemia,lab_hyperkalemia,clinicalbert_type1_mean_pool,rf,1,128,auroc,0.4331372427839359
1837,1837,,,lab_hyperkalemia,lab_hyperkalemia,clinicalbert_type1_mean_pool,rf,1,128,auprc,0.0203761648759534
1838,1838,,,lab_hyperkalemia,lab_hyperkalemia,clinicalbert_type1_mean_pool,rf,1,128,brier,0.2405322310042087
1839,1839,,,lab_hyperkalemia,lab_hyperkalemia,clinicalbert_type1_mean_pool,rf,2,128,auroc,0.5202684257459698
1840,1840,,,lab_hyperkalemia,lab_hyperkalemia,clinicalbert_type1_mean_pool,rf,2,128,auprc,0.0250551854286434
1841,1841,,,lab_hyperkalemia,lab_hyperkalemia,clinicalbert_type1_mean_pool,rf,2,128,brier,0.242413627008939
1842,1842,,,lab_hyperkalemia,lab_hyperkalemia,clinicalbert_type1_mean_pool,rf,3,128,auroc,0.5100921748170496
1843,1843,,,lab_hyperkalemia,lab_hyperkalemia,clinicalbert_type1_mean_pool,rf,3,128,auprc,0.0261862664194861
1844,1844,,,lab_hyperkalemia,lab_hyperkalemia,clinicalbert_type1_mean_pool,rf,3,128,brier,0.2372685827847862
1845,1845,,,lab_hyperkalemia,lab_hyperkalemia,clinicalbert_type1_mean_pool,rf,4,128,auroc,0.5146422691230177
1846,1846,,,lab_hyperkalemia,lab_hyperkalemia,clinicalbert_type1_mean_pool,rf,4,128,auprc,0.0249317344421803
1847,1847,,,lab_hyperkalemia,lab_hyperkalemia,clinicalbert_type1_mean_pool,rf,4,128,brier,0.2125185898543666
1848,1848,,,lab_hyperkalemia,lab_hyperkalemia,clinicalbert_type1_clinicalbert_pool,lr_lbfgs,0,-1,auroc,0.5883377246482933
1849,1849,,,lab_hyperkalemia,lab_hyperkalemia,clinicalbert_type1_clinicalbert_pool,lr_lbfgs,0,-1,auprc,0.0317304031616262
1850,1850,,,lab_hyperkalemia,lab_hyperkalemia,clinicalbert_type1_clinicalbert_pool,lr_lbfgs,0,-1,brier,0.0241615399506353
1851,1851,,,lab_hyperkalemia,lab_hyperkalemia,clinicalbert_type1_clinicalbert_pool,lr_lbfgs,0,1,auroc,0.5066492458600222
1852,1852,,,lab_hyperkalemia,lab_hyperkalemia,clinicalbert_type1_clinicalbert_pool,lr_lbfgs,0,1,auprc,0.025959359153167
1853,1853,,,lab_hyperkalemia,lab_hyperkalemia,clinicalbert_type1_clinicalbert_pool,lr_lbfgs,0,1,brier,0.2500025551665334
1854,1854,,,lab_hyperkalemia,lab_hyperkalemia,clinicalbert_type1_clinicalbert_pool,lr_lbfgs,1,1,auroc,0.5074958203390223
1855,1855,,,lab_hyperkalemia,lab_hyperkalemia,clinicalbert_type1_clinicalbert_pool,lr_lbfgs,1,1,auprc,0.0265839249494131
1856,1856,,,lab_hyperkalemia,lab_hyperkalemia,clinicalbert_type1_clinicalbert_pool,lr_lbfgs,1,1,brier,0.2499996433931803
1857,1857,,,lab_hyperkalemia,lab_hyperkalemia,clinicalbert_type1_clinicalbert_pool,lr_lbfgs,2,1,auroc,0.5264941097603459
1858,1858,,,lab_hyperkalemia,lab_hyperkalemia,clinicalbert_type1_clinicalbert_pool,lr_lbfgs,2,1,auprc,0.0270892687255506
1859,1859,,,lab_hyperkalemia,lab_hyperkalemia,clinicalbert_type1_clinicalbert_pool,lr_lbfgs,2,1,brier,0.2499972964788425
1860,1860,,,lab_hyperkalemia,lab_hyperkalemia,clinicalbert_type1_clinicalbert_pool,lr_lbfgs,3,1,auroc,0.50720450984948
1861,1861,,,lab_hyperkalemia,lab_hyperkalemia,clinicalbert_type1_clinicalbert_pool,lr_lbfgs,3,1,auprc,0.0271654327513304
1862,1862,,,lab_hyperkalemia,lab_hyperkalemia,clinicalbert_type1_clinicalbert_pool,lr_lbfgs,3,1,brier,0.2499979918602203
1863,1863,,,lab_hyperkalemia,lab_hyperkalemia,clinicalbert_type1_clinicalbert_pool,lr_lbfgs,4,1,auroc,0.5161664005888551
1864,1864,,,lab_hyperkalemia,lab_hyperkalemia,clinicalbert_type1_clinicalbert_pool,lr_lbfgs,4,1,auprc,0.027183114861384
1865,1865,,,lab_hyperkalemia,lab_hyperkalemia,clinicalbert_type1_clinicalbert_pool,lr_lbfgs,4,1,brier,0.249996060753946
1866,1866,,,lab_hyperkalemia,lab_hyperkalemia,clinicalbert_type1_clinicalbert_pool,lr_lbfgs,0,2,auroc,0.5038753818243021
1867,1867,,,lab_hyperkalemia,lab_hyperkalemia,clinicalbert_type1_clinicalbert_pool,lr_lbfgs,0,2,auprc,0.0260253579272743
1868,1868,,,lab_hyperkalemia,lab_hyperkalemia,clinicalbert_type1_clinicalbert_pool,lr_lbfgs,0,2,brier,0.2500012819354054
1869,1869,,,lab_hyperkalemia,lab_hyperkalemia,clinicalbert_type1_clinicalbert_pool,lr_lbfgs,1,2,auroc,0.5039982084902292
1870,1870,,,lab_hyperkalemia,lab_hyperkalemia,clinicalbert_type1_clinicalbert_pool,lr_lbfgs,1,2,auprc,0.0239160325033385
1871,1871,,,lab_hyperkalemia,lab_hyperkalemia,clinicalbert_type1_clinicalbert_pool,lr_lbfgs,1,2,brier,0.2499992788395181
1872,1872,,,lab_hyperkalemia,lab_hyperkalemia,clinicalbert_type1_clinicalbert_pool,lr_lbfgs,2,2,auroc,0.5130713095374362
1873,1873,,,lab_hyperkalemia,lab_hyperkalemia,clinicalbert_type1_clinicalbert_pool,lr_lbfgs,2,2,auprc,0.0272715998418908
1874,1874,,,lab_hyperkalemia,lab_hyperkalemia,clinicalbert_type1_clinicalbert_pool,lr_lbfgs,2,2,brier,0.2499976650407662
1875,1875,,,lab_hyperkalemia,lab_hyperkalemia,clinicalbert_type1_clinicalbert_pool,lr_lbfgs,3,2,auroc,0.5419745908280346
1876,1876,,,lab_hyperkalemia,lab_hyperkalemia,clinicalbert_type1_clinicalbert_pool,lr_lbfgs,3,2,auprc,0.0264722417478892
1877,1877,,,lab_hyperkalemia,lab_hyperkalemia,clinicalbert_type1_clinicalbert_pool,lr_lbfgs,3,2,brier,0.4484268070012404
1878,1878,,,lab_hyperkalemia,lab_hyperkalemia,clinicalbert_type1_clinicalbert_pool,lr_lbfgs,4,2,auroc,0.4897134143941661
1879,1879,,,lab_hyperkalemia,lab_hyperkalemia,clinicalbert_type1_clinicalbert_pool,lr_lbfgs,4,2,auprc,0.0229203816738708
1880,1880,,,lab_hyperkalemia,lab_hyperkalemia,clinicalbert_type1_clinicalbert_pool,lr_lbfgs,4,2,brier,0.1743429892046317
1881,1881,,,lab_hyperkalemia,lab_hyperkalemia,clinicalbert_type1_clinicalbert_pool,lr_lbfgs,0,4,auroc,0.4892198176188256
1882,1882,,,lab_hyperkalemia,lab_hyperkalemia,clinicalbert_type1_clinicalbert_pool,lr_lbfgs,0,4,auprc,0.0240203393643581
1883,1883,,,lab_hyperkalemia,lab_hyperkalemia,clinicalbert_type1_clinicalbert_pool,lr_lbfgs,0,4,brier,0.2499993611223754
1884,1884,,,lab_hyperkalemia,lab_hyperkalemia,clinicalbert_type1_clinicalbert_pool,lr_lbfgs,1,4,auroc,0.5326141843960167
1885,1885,,,lab_hyperkalemia,lab_hyperkalemia,clinicalbert_type1_clinicalbert_pool,lr_lbfgs,1,4,auprc,0.0264031670325241
1886,1886,,,lab_hyperkalemia,lab_hyperkalemia,clinicalbert_type1_clinicalbert_pool,lr_lbfgs,1,4,brier,0.4332275066843079
1887,1887,,,lab_hyperkalemia,lab_hyperkalemia,clinicalbert_type1_clinicalbert_pool,lr_lbfgs,2,4,auroc,0.5301236258216242
1888,1888,,,lab_hyperkalemia,lab_hyperkalemia,clinicalbert_type1_clinicalbert_pool,lr_lbfgs,2,4,auprc,0.0277958451580858
1889,1889,,,lab_hyperkalemia,lab_hyperkalemia,clinicalbert_type1_clinicalbert_pool,lr_lbfgs,2,4,brier,0.2499996532053228
1890,1890,,,lab_hyperkalemia,lab_hyperkalemia,clinicalbert_type1_clinicalbert_pool,lr_lbfgs,3,4,auroc,0.5181915846459559
1891,1891,,,lab_hyperkalemia,lab_hyperkalemia,clinicalbert_type1_clinicalbert_pool,lr_lbfgs,3,4,auprc,0.0247875131536653
1892,1892,,,lab_hyperkalemia,lab_hyperkalemia,clinicalbert_type1_clinicalbert_pool,lr_lbfgs,3,4,brier,0.333454263898773
1893,1893,,,lab_hyperkalemia,lab_hyperkalemia,clinicalbert_type1_clinicalbert_pool,lr_lbfgs,4,4,auroc,0.4646433551126058
1894,1894,,,lab_hyperkalemia,lab_hyperkalemia,clinicalbert_type1_clinicalbert_pool,lr_lbfgs,4,4,auprc,0.0240078993480246
1895,1895,,,lab_hyperkalemia,lab_hyperkalemia,clinicalbert_type1_clinicalbert_pool,lr_lbfgs,4,4,brier,0.2816023940602061
1896,1896,,,lab_hyperkalemia,lab_hyperkalemia,clinicalbert_type1_clinicalbert_pool,lr_lbfgs,0,8,auroc,0.4736527060839852
1897,1897,,,lab_hyperkalemia,lab_hyperkalemia,clinicalbert_type1_clinicalbert_pool,lr_lbfgs,0,8,auprc,0.0229467216649895
1898,1898,,,lab_hyperkalemia,lab_hyperkalemia,clinicalbert_type1_clinicalbert_pool,lr_lbfgs,0,8,brier,0.2500000813667037
1899,1899,,,lab_hyperkalemia,lab_hyperkalemia,clinicalbert_type1_clinicalbert_pool,lr_lbfgs,1,8,auroc,0.4803166718696758
1900,1900,,,lab_hyperkalemia,lab_hyperkalemia,clinicalbert_type1_clinicalbert_pool,lr_lbfgs,1,8,auprc,0.0229306336112803
1901,1901,,,lab_hyperkalemia,lab_hyperkalemia,clinicalbert_type1_clinicalbert_pool,lr_lbfgs,1,8,brier,0.2499972092124059
1902,1902,,,lab_hyperkalemia,lab_hyperkalemia,clinicalbert_type1_clinicalbert_pool,lr_lbfgs,2,8,auroc,0.512012350520217
1903,1903,,,lab_hyperkalemia,lab_hyperkalemia,clinicalbert_type1_clinicalbert_pool,lr_lbfgs,2,8,auprc,0.0250058382047934
1904,1904,,,lab_hyperkalemia,lab_hyperkalemia,clinicalbert_type1_clinicalbert_pool,lr_lbfgs,2,8,brier,0.5919045527893539
1905,1905,,,lab_hyperkalemia,lab_hyperkalemia,clinicalbert_type1_clinicalbert_pool,lr_lbfgs,3,8,auroc,0.5149920499966394
1906,1906,,,lab_hyperkalemia,lab_hyperkalemia,clinicalbert_type1_clinicalbert_pool,lr_lbfgs,3,8,auprc,0.025577009314586
1907,1907,,,lab_hyperkalemia,lab_hyperkalemia,clinicalbert_type1_clinicalbert_pool,lr_lbfgs,3,8,brier,0.5588717518527531
1908,1908,,,lab_hyperkalemia,lab_hyperkalemia,clinicalbert_type1_clinicalbert_pool,lr_lbfgs,4,8,auroc,0.504118480800875
1909,1909,,,lab_hyperkalemia,lab_hyperkalemia,clinicalbert_type1_clinicalbert_pool,lr_lbfgs,4,8,auprc,0.0255349195161419
1910,1910,,,lab_hyperkalemia,lab_hyperkalemia,clinicalbert_type1_clinicalbert_pool,lr_lbfgs,4,8,brier,0.3925466572843845
1911,1911,,,lab_hyperkalemia,lab_hyperkalemia,clinicalbert_type1_clinicalbert_pool,lr_lbfgs,0,12,auroc,0.4842639124229809
1912,1912,,,lab_hyperkalemia,lab_hyperkalemia,clinicalbert_type1_clinicalbert_pool,lr_lbfgs,0,12,auprc,0.0257004964003639
1913,1913,,,lab_hyperkalemia,lab_hyperkalemia,clinicalbert_type1_clinicalbert_pool,lr_lbfgs,0,12,brier,0.2517344108279015
1914,1914,,,lab_hyperkalemia,lab_hyperkalemia,clinicalbert_type1_clinicalbert_pool,lr_lbfgs,1,12,auroc,0.4484705764074191
1915,1915,,,lab_hyperkalemia,lab_hyperkalemia,clinicalbert_type1_clinicalbert_pool,lr_lbfgs,1,12,auprc,0.0218188915423096
1916,1916,,,lab_hyperkalemia,lab_hyperkalemia,clinicalbert_type1_clinicalbert_pool,lr_lbfgs,1,12,brier,0.2499983702326956
1917,1917,,,lab_hyperkalemia,lab_hyperkalemia,clinicalbert_type1_clinicalbert_pool,lr_lbfgs,2,12,auroc,0.5261903435505265
1918,1918,,,lab_hyperkalemia,lab_hyperkalemia,clinicalbert_type1_clinicalbert_pool,lr_lbfgs,2,12,auprc,0.0254414738213983
1919,1919,,,lab_hyperkalemia,lab_hyperkalemia,clinicalbert_type1_clinicalbert_pool,lr_lbfgs,2,12,brier,0.4492115956616486
1920,1920,,,lab_hyperkalemia,lab_hyperkalemia,clinicalbert_type1_clinicalbert_pool,lr_lbfgs,3,12,auroc,0.5153302611433982
1921,1921,,,lab_hyperkalemia,lab_hyperkalemia,clinicalbert_type1_clinicalbert_pool,lr_lbfgs,3,12,auprc,0.0243432487363829
1922,1922,,,lab_hyperkalemia,lab_hyperkalemia,clinicalbert_type1_clinicalbert_pool,lr_lbfgs,3,12,brier,0.4699813700046055
1923,1923,,,lab_hyperkalemia,lab_hyperkalemia,clinicalbert_type1_clinicalbert_pool,lr_lbfgs,4,12,auroc,0.457406384744184
1924,1924,,,lab_hyperkalemia,lab_hyperkalemia,clinicalbert_type1_clinicalbert_pool,lr_lbfgs,4,12,auprc,0.0222057901894915
1925,1925,,,lab_hyperkalemia,lab_hyperkalemia,clinicalbert_type1_clinicalbert_pool,lr_lbfgs,4,12,brier,0.2499983530979247
1926,1926,,,lab_hyperkalemia,lab_hyperkalemia,clinicalbert_type1_clinicalbert_pool,lr_lbfgs,0,16,auroc,0.4818349537064814
1927,1927,,,lab_hyperkalemia,lab_hyperkalemia,clinicalbert_type1_clinicalbert_pool,lr_lbfgs,0,16,auprc,0.0246990718241723
1928,1928,,,lab_hyperkalemia,lab_hyperkalemia,clinicalbert_type1_clinicalbert_pool,lr_lbfgs,0,16,brier,0.2500007831688778
1929,1929,,,lab_hyperkalemia,lab_hyperkalemia,clinicalbert_type1_clinicalbert_pool,lr_lbfgs,1,16,auroc,0.494496369530589
1930,1930,,,lab_hyperkalemia,lab_hyperkalemia,clinicalbert_type1_clinicalbert_pool,lr_lbfgs,1,16,auprc,0.0235125638256237
1931,1931,,,lab_hyperkalemia,lab_hyperkalemia,clinicalbert_type1_clinicalbert_pool,lr_lbfgs,1,16,brier,0.3735223817228454
1932,1932,,,lab_hyperkalemia,lab_hyperkalemia,clinicalbert_type1_clinicalbert_pool,lr_lbfgs,2,16,auroc,0.5444606365353881
1933,1933,,,lab_hyperkalemia,lab_hyperkalemia,clinicalbert_type1_clinicalbert_pool,lr_lbfgs,2,16,auprc,0.0268081408633002
1934,1934,,,lab_hyperkalemia,lab_hyperkalemia,clinicalbert_type1_clinicalbert_pool,lr_lbfgs,2,16,brier,0.3690310976969886
1935,1935,,,lab_hyperkalemia,lab_hyperkalemia,clinicalbert_type1_clinicalbert_pool,lr_lbfgs,3,16,auroc,0.5143756887303483
1936,1936,,,lab_hyperkalemia,lab_hyperkalemia,clinicalbert_type1_clinicalbert_pool,lr_lbfgs,3,16,auprc,0.0239982817243706
1937,1937,,,lab_hyperkalemia,lab_hyperkalemia,clinicalbert_type1_clinicalbert_pool,lr_lbfgs,3,16,brier,0.4392604047917707
1938,1938,,,lab_hyperkalemia,lab_hyperkalemia,clinicalbert_type1_clinicalbert_pool,lr_lbfgs,4,16,auroc,0.4741679708386096
1939,1939,,,lab_hyperkalemia,lab_hyperkalemia,clinicalbert_type1_clinicalbert_pool,lr_lbfgs,4,16,auprc,0.0226040952920064
1940,1940,,,lab_hyperkalemia,lab_hyperkalemia,clinicalbert_type1_clinicalbert_pool,lr_lbfgs,4,16,brier,0.5073705102091678
1941,1941,,,lab_hyperkalemia,lab_hyperkalemia,clinicalbert_type1_clinicalbert_pool,lr_lbfgs,0,24,auroc,0.4815798186907223
1942,1942,,,lab_hyperkalemia,lab_hyperkalemia,clinicalbert_type1_clinicalbert_pool,lr_lbfgs,0,24,auprc,0.0241750939511948
1943,1943,,,lab_hyperkalemia,lab_hyperkalemia,clinicalbert_type1_clinicalbert_pool,lr_lbfgs,0,24,brier,0.2544162518205635
1944,1944,,,lab_hyperkalemia,lab_hyperkalemia,clinicalbert_type1_clinicalbert_pool,lr_lbfgs,1,24,auroc,0.4508106249076313
1945,1945,,,lab_hyperkalemia,lab_hyperkalemia,clinicalbert_type1_clinicalbert_pool,lr_lbfgs,1,24,auprc,0.021127343728624
1946,1946,,,lab_hyperkalemia,lab_hyperkalemia,clinicalbert_type1_clinicalbert_pool,lr_lbfgs,1,24,brier,0.2499976184373326
1947,1947,,,lab_hyperkalemia,lab_hyperkalemia,clinicalbert_type1_clinicalbert_pool,lr_lbfgs,2,24,auroc,0.5254017783245307
1948,1948,,,lab_hyperkalemia,lab_hyperkalemia,clinicalbert_type1_clinicalbert_pool,lr_lbfgs,2,24,auprc,0.0268556331746192
1949,1949,,,lab_hyperkalemia,lab_hyperkalemia,clinicalbert_type1_clinicalbert_pool,lr_lbfgs,2,24,brier,0.2505574315379471
1950,1950,,,lab_hyperkalemia,lab_hyperkalemia,clinicalbert_type1_clinicalbert_pool,lr_lbfgs,3,24,auroc,0.5285005221558144
1951,1951,,,lab_hyperkalemia,lab_hyperkalemia,clinicalbert_type1_clinicalbert_pool,lr_lbfgs,3,24,auprc,0.0266256712429981
1952,1952,,,lab_hyperkalemia,lab_hyperkalemia,clinicalbert_type1_clinicalbert_pool,lr_lbfgs,3,24,brier,0.5737118585843973
1953,1953,,,lab_hyperkalemia,lab_hyperkalemia,clinicalbert_type1_clinicalbert_pool,lr_lbfgs,4,24,auroc,0.4881369678669152
1954,1954,,,lab_hyperkalemia,lab_hyperkalemia,clinicalbert_type1_clinicalbert_pool,lr_lbfgs,4,24,auprc,0.0241574385704564
1955,1955,,,lab_hyperkalemia,lab_hyperkalemia,clinicalbert_type1_clinicalbert_pool,lr_lbfgs,4,24,brier,0.4403408232305508
1956,1956,,,lab_hyperkalemia,lab_hyperkalemia,clinicalbert_type1_clinicalbert_pool,lr_lbfgs,0,32,auroc,0.4813980812346325
1957,1957,,,lab_hyperkalemia,lab_hyperkalemia,clinicalbert_type1_clinicalbert_pool,lr_lbfgs,0,32,auprc,0.0239803722372899
1958,1958,,,lab_hyperkalemia,lab_hyperkalemia,clinicalbert_type1_clinicalbert_pool,lr_lbfgs,0,32,brier,0.2500915036187852
1959,1959,,,lab_hyperkalemia,lab_hyperkalemia,clinicalbert_type1_clinicalbert_pool,lr_lbfgs,1,32,auroc,0.4508912865770463
1960,1960,,,lab_hyperkalemia,lab_hyperkalemia,clinicalbert_type1_clinicalbert_pool,lr_lbfgs,1,32,auprc,0.0210625327747233
1961,1961,,,lab_hyperkalemia,lab_hyperkalemia,clinicalbert_type1_clinicalbert_pool,lr_lbfgs,1,32,brier,0.2499976027064742
1962,1962,,,lab_hyperkalemia,lab_hyperkalemia,clinicalbert_type1_clinicalbert_pool,lr_lbfgs,2,32,auroc,0.5481302140064761
1963,1963,,,lab_hyperkalemia,lab_hyperkalemia,clinicalbert_type1_clinicalbert_pool,lr_lbfgs,2,32,auprc,0.0289335098014928
1964,1964,,,lab_hyperkalemia,lab_hyperkalemia,clinicalbert_type1_clinicalbert_pool,lr_lbfgs,2,32,brier,0.4137752572826519
1965,1965,,,lab_hyperkalemia,lab_hyperkalemia,clinicalbert_type1_clinicalbert_pool,lr_lbfgs,3,32,auroc,0.5520423878730776
1966,1966,,,lab_hyperkalemia,lab_hyperkalemia,clinicalbert_type1_clinicalbert_pool,lr_lbfgs,3,32,auprc,0.0276663140364187
1967,1967,,,lab_hyperkalemia,lab_hyperkalemia,clinicalbert_type1_clinicalbert_pool,lr_lbfgs,3,32,brier,0.5060888520594752
1968,1968,,,lab_hyperkalemia,lab_hyperkalemia,clinicalbert_type1_clinicalbert_pool,lr_lbfgs,4,32,auroc,0.5006521274214797
1969,1969,,,lab_hyperkalemia,lab_hyperkalemia,clinicalbert_type1_clinicalbert_pool,lr_lbfgs,4,32,auprc,0.0258470304564652
1970,1970,,,lab_hyperkalemia,lab_hyperkalemia,clinicalbert_type1_clinicalbert_pool,lr_lbfgs,4,32,brier,0.3932144599703583
1971,1971,,,lab_hyperkalemia,lab_hyperkalemia,clinicalbert_type1_clinicalbert_pool,lr_lbfgs,0,48,auroc,0.4776300496883759
1972,1972,,,lab_hyperkalemia,lab_hyperkalemia,clinicalbert_type1_clinicalbert_pool,lr_lbfgs,0,48,auprc,0.0229027255168247
1973,1973,,,lab_hyperkalemia,lab_hyperkalemia,clinicalbert_type1_clinicalbert_pool,lr_lbfgs,0,48,brier,0.2476884868855571
1974,1974,,,lab_hyperkalemia,lab_hyperkalemia,clinicalbert_type1_clinicalbert_pool,lr_lbfgs,1,48,auroc,0.4475793292078578
1975,1975,,,lab_hyperkalemia,lab_hyperkalemia,clinicalbert_type1_clinicalbert_pool,lr_lbfgs,1,48,auprc,0.0206484791312963
1976,1976,,,lab_hyperkalemia,lab_hyperkalemia,clinicalbert_type1_clinicalbert_pool,lr_lbfgs,1,48,brier,0.249996975733006
1977,1977,,,lab_hyperkalemia,lab_hyperkalemia,clinicalbert_type1_clinicalbert_pool,lr_lbfgs,2,48,auroc,0.5316230168280925
1978,1978,,,lab_hyperkalemia,lab_hyperkalemia,clinicalbert_type1_clinicalbert_pool,lr_lbfgs,2,48,auprc,0.0256406260718006
1979,1979,,,lab_hyperkalemia,lab_hyperkalemia,clinicalbert_type1_clinicalbert_pool,lr_lbfgs,2,48,brier,0.2918362809018611
1980,1980,,,lab_hyperkalemia,lab_hyperkalemia,clinicalbert_type1_clinicalbert_pool,lr_lbfgs,3,48,auroc,0.567750305004528
1981,1981,,,lab_hyperkalemia,lab_hyperkalemia,clinicalbert_type1_clinicalbert_pool,lr_lbfgs,3,48,auprc,0.0291911152730215
1982,1982,,,lab_hyperkalemia,lab_hyperkalemia,clinicalbert_type1_clinicalbert_pool,lr_lbfgs,3,48,brier,0.5271714071961534
1983,1983,,,lab_hyperkalemia,lab_hyperkalemia,clinicalbert_type1_clinicalbert_pool,lr_lbfgs,4,48,auroc,0.4788393737048305
1984,1984,,,lab_hyperkalemia,lab_hyperkalemia,clinicalbert_type1_clinicalbert_pool,lr_lbfgs,4,48,auprc,0.0231738114230441
1985,1985,,,lab_hyperkalemia,lab_hyperkalemia,clinicalbert_type1_clinicalbert_pool,lr_lbfgs,4,48,brier,0.3135757568920922
1986,1986,,,lab_hyperkalemia,lab_hyperkalemia,clinicalbert_type1_clinicalbert_pool,lr_lbfgs,0,64,auroc,0.4732325897682827
1987,1987,,,lab_hyperkalemia,lab_hyperkalemia,clinicalbert_type1_clinicalbert_pool,lr_lbfgs,0,64,auprc,0.0225365836504229
1988,1988,,,lab_hyperkalemia,lab_hyperkalemia,clinicalbert_type1_clinicalbert_pool,lr_lbfgs,0,64,brier,0.2500287742766272
1989,1989,,,lab_hyperkalemia,lab_hyperkalemia,clinicalbert_type1_clinicalbert_pool,lr_lbfgs,1,64,auroc,0.4489221325362004
1990,1990,,,lab_hyperkalemia,lab_hyperkalemia,clinicalbert_type1_clinicalbert_pool,lr_lbfgs,1,64,auprc,0.0210507653982325
1991,1991,,,lab_hyperkalemia,lab_hyperkalemia,clinicalbert_type1_clinicalbert_pool,lr_lbfgs,1,64,brier,0.2499989816061024
1992,1992,,,lab_hyperkalemia,lab_hyperkalemia,clinicalbert_type1_clinicalbert_pool,lr_lbfgs,2,64,auroc,0.5322472535913976
1993,1993,,,lab_hyperkalemia,lab_hyperkalemia,clinicalbert_type1_clinicalbert_pool,lr_lbfgs,2,64,auprc,0.0255252234373904
1994,1994,,,lab_hyperkalemia,lab_hyperkalemia,clinicalbert_type1_clinicalbert_pool,lr_lbfgs,2,64,brier,0.2740690600672421
1995,1995,,,lab_hyperkalemia,lab_hyperkalemia,clinicalbert_type1_clinicalbert_pool,lr_lbfgs,3,64,auroc,0.5222149377329011
1996,1996,,,lab_hyperkalemia,lab_hyperkalemia,clinicalbert_type1_clinicalbert_pool,lr_lbfgs,3,64,auprc,0.0270407774337579
1997,1997,,,lab_hyperkalemia,lab_hyperkalemia,clinicalbert_type1_clinicalbert_pool,lr_lbfgs,3,64,brier,0.4026315770059349
1998,1998,,,lab_hyperkalemia,lab_hyperkalemia,clinicalbert_type1_clinicalbert_pool,lr_lbfgs,4,64,auroc,0.4843254345621534
1999,1999,,,lab_hyperkalemia,lab_hyperkalemia,clinicalbert_type1_clinicalbert_pool,lr_lbfgs,4,64,auprc,0.0233471619323001
2000,2000,,,lab_hyperkalemia,lab_hyperkalemia,clinicalbert_type1_clinicalbert_pool,lr_lbfgs,4,64,brier,0.2993216551799031
2001,2001,,,lab_hyperkalemia,lab_hyperkalemia,clinicalbert_type1_clinicalbert_pool,lr_lbfgs,0,128,auroc,0.5463384555358661
2002,2002,,,lab_hyperkalemia,lab_hyperkalemia,clinicalbert_type1_clinicalbert_pool,lr_lbfgs,0,128,auprc,0.0279624760771045
2003,2003,,,lab_hyperkalemia,lab_hyperkalemia,clinicalbert_type1_clinicalbert_pool,lr_lbfgs,0,128,brier,0.3701295862248485
2004,2004,,,lab_hyperkalemia,lab_hyperkalemia,clinicalbert_type1_clinicalbert_pool,lr_lbfgs,1,128,auroc,0.4356284904643172
2005,2005,,,lab_hyperkalemia,lab_hyperkalemia,clinicalbert_type1_clinicalbert_pool,lr_lbfgs,1,128,auprc,0.0201012837774468
2006,2006,,,lab_hyperkalemia,lab_hyperkalemia,clinicalbert_type1_clinicalbert_pool,lr_lbfgs,1,128,brier,0.2478521569519408
2007,2007,,,lab_hyperkalemia,lab_hyperkalemia,clinicalbert_type1_clinicalbert_pool,lr_lbfgs,2,128,auroc,0.5870056983158644
2008,2008,,,lab_hyperkalemia,lab_hyperkalemia,clinicalbert_type1_clinicalbert_pool,lr_lbfgs,2,128,auprc,0.0313852798499295
2009,2009,,,lab_hyperkalemia,lab_hyperkalemia,clinicalbert_type1_clinicalbert_pool,lr_lbfgs,2,128,brier,0.349770545323228
2010,2010,,,lab_hyperkalemia,lab_hyperkalemia,clinicalbert_type1_clinicalbert_pool,lr_lbfgs,3,128,auroc,0.5669319994148091
2011,2011,,,lab_hyperkalemia,lab_hyperkalemia,clinicalbert_type1_clinicalbert_pool,lr_lbfgs,3,128,auprc,0.0301749954760106
2012,2012,,,lab_hyperkalemia,lab_hyperkalemia,clinicalbert_type1_clinicalbert_pool,lr_lbfgs,3,128,brier,0.3110435041341349
2013,2013,,,lab_hyperkalemia,lab_hyperkalemia,clinicalbert_type1_clinicalbert_pool,lr_lbfgs,4,128,auroc,0.5190888317307423
2014,2014,,,lab_hyperkalemia,lab_hyperkalemia,clinicalbert_type1_clinicalbert_pool,lr_lbfgs,4,128,auprc,0.0243461827000323
2015,2015,,,lab_hyperkalemia,lab_hyperkalemia,clinicalbert_type1_clinicalbert_pool,lr_lbfgs,4,128,brier,0.2586014012521674
2016,2016,,,lab_hyperkalemia,lab_hyperkalemia,clinicalbert_type1_clinicalbert_pool,knn,0,-1,auroc,0.4950713170813334
2017,2017,,,lab_hyperkalemia,lab_hyperkalemia,clinicalbert_type1_clinicalbert_pool,knn,0,-1,auprc,0.0241268541169245
2018,2018,,,lab_hyperkalemia,lab_hyperkalemia,clinicalbert_type1_clinicalbert_pool,knn,0,-1,brier,0.0355629076353421
2019,2019,,,lab_hyperkalemia,lab_hyperkalemia,clinicalbert_type1_clinicalbert_pool,knn,0,1,auroc,0.4794151450740124
2020,2020,,,lab_hyperkalemia,lab_hyperkalemia,clinicalbert_type1_clinicalbert_pool,knn,0,1,auprc,0.0234783419961956
2021,2021,,,lab_hyperkalemia,lab_hyperkalemia,clinicalbert_type1_clinicalbert_pool,knn,0,1,brier,0.853549714860258
2022,2022,,,lab_hyperkalemia,lab_hyperkalemia,clinicalbert_type1_clinicalbert_pool,knn,1,1,auroc,0.5073620819647326
2023,2023,,,lab_hyperkalemia,lab_hyperkalemia,clinicalbert_type1_clinicalbert_pool,knn,1,1,auprc,0.0247726694079774
2024,2024,,,lab_hyperkalemia,lab_hyperkalemia,clinicalbert_type1_clinicalbert_pool,knn,1,1,brier,0.5970339182756508
2025,2025,,,lab_hyperkalemia,lab_hyperkalemia,clinicalbert_type1_clinicalbert_pool,knn,2,1,auroc,0.5250216197936772
2026,2026,,,lab_hyperkalemia,lab_hyperkalemia,clinicalbert_type1_clinicalbert_pool,knn,2,1,auprc,0.0259836812345053
2027,2027,,,lab_hyperkalemia,lab_hyperkalemia,clinicalbert_type1_clinicalbert_pool,knn,2,1,brier,0.1683974046784912
2028,2028,,,lab_hyperkalemia,lab_hyperkalemia,clinicalbert_type1_clinicalbert_pool,knn,3,1,auroc,0.5174041023007996
2029,2029,,,lab_hyperkalemia,lab_hyperkalemia,clinicalbert_type1_clinicalbert_pool,knn,3,1,auprc,0.0253814533193019
2030,2030,,,lab_hyperkalemia,lab_hyperkalemia,clinicalbert_type1_clinicalbert_pool,knn,3,1,brier,0.2157007525175561
2031,2031,,,lab_hyperkalemia,lab_hyperkalemia,clinicalbert_type1_clinicalbert_pool,knn,4,1,auroc,0.5087057091115128
2032,2032,,,lab_hyperkalemia,lab_hyperkalemia,clinicalbert_type1_clinicalbert_pool,knn,4,1,auprc,0.0249855884287202
2033,2033,,,lab_hyperkalemia,lab_hyperkalemia,clinicalbert_type1_clinicalbert_pool,knn,4,1,brier,0.0661869825459915
2034,2034,,,lab_hyperkalemia,lab_hyperkalemia,clinicalbert_type1_clinicalbert_pool,knn,0,2,auroc,0.4758857048185379
2035,2035,,,lab_hyperkalemia,lab_hyperkalemia,clinicalbert_type1_clinicalbert_pool,knn,0,2,auprc,0.0233311079149054
2036,2036,,,lab_hyperkalemia,lab_hyperkalemia,clinicalbert_type1_clinicalbert_pool,knn,0,2,brier,0.3789487097579411
2037,2037,,,lab_hyperkalemia,lab_hyperkalemia,clinicalbert_type1_clinicalbert_pool,knn,1,2,auroc,0.5064285091499701
2038,2038,,,lab_hyperkalemia,lab_hyperkalemia,clinicalbert_type1_clinicalbert_pool,knn,1,2,auprc,0.0247251868636595
2039,2039,,,lab_hyperkalemia,lab_hyperkalemia,clinicalbert_type1_clinicalbert_pool,knn,1,2,brier,0.7071936907922644
2040,2040,,,lab_hyperkalemia,lab_hyperkalemia,clinicalbert_type1_clinicalbert_pool,knn,2,2,auroc,0.5139103193943046
2041,2041,,,lab_hyperkalemia,lab_hyperkalemia,clinicalbert_type1_clinicalbert_pool,knn,2,2,auprc,0.0269006038755376
2042,2042,,,lab_hyperkalemia,lab_hyperkalemia,clinicalbert_type1_clinicalbert_pool,knn,2,2,brier,0.2261347892971517
2043,2043,,,lab_hyperkalemia,lab_hyperkalemia,clinicalbert_type1_clinicalbert_pool,knn,3,2,auroc,0.4941864428168555
2044,2044,,,lab_hyperkalemia,lab_hyperkalemia,clinicalbert_type1_clinicalbert_pool,knn,3,2,auprc,0.0241506498798133
2045,2045,,,lab_hyperkalemia,lab_hyperkalemia,clinicalbert_type1_clinicalbert_pool,knn,3,2,brier,0.1907669534647053
2046,2046,,,lab_hyperkalemia,lab_hyperkalemia,clinicalbert_type1_clinicalbert_pool,knn,4,2,auroc,0.4994504820146134
2047,2047,,,lab_hyperkalemia,lab_hyperkalemia,clinicalbert_type1_clinicalbert_pool,knn,4,2,auprc,0.0243875607947717
2048,2048,,,lab_hyperkalemia,lab_hyperkalemia,clinicalbert_type1_clinicalbert_pool,knn,4,2,brier,0.2476709660188836
2049,2049,,,lab_hyperkalemia,lab_hyperkalemia,clinicalbert_type1_clinicalbert_pool,knn,0,4,auroc,0.5036373397458117
2050,2050,,,lab_hyperkalemia,lab_hyperkalemia,clinicalbert_type1_clinicalbert_pool,knn,0,4,auprc,0.0245890373694365
2051,2051,,,lab_hyperkalemia,lab_hyperkalemia,clinicalbert_type1_clinicalbert_pool,knn,0,4,brier,0.5669646363879157
2052,2052,,,lab_hyperkalemia,lab_hyperkalemia,clinicalbert_type1_clinicalbert_pool,knn,1,4,auroc,0.5424791977554502
2053,2053,,,lab_hyperkalemia,lab_hyperkalemia,clinicalbert_type1_clinicalbert_pool,knn,1,4,auprc,0.0291430324754005
2054,2054,,,lab_hyperkalemia,lab_hyperkalemia,clinicalbert_type1_clinicalbert_pool,knn,1,4,brier,0.1579695788065983
2055,2055,,,lab_hyperkalemia,lab_hyperkalemia,clinicalbert_type1_clinicalbert_pool,knn,2,4,auroc,0.5263106106799242
2056,2056,,,lab_hyperkalemia,lab_hyperkalemia,clinicalbert_type1_clinicalbert_pool,knn,2,4,auprc,0.0268372288658876
2057,2057,,,lab_hyperkalemia,lab_hyperkalemia,clinicalbert_type1_clinicalbert_pool,knn,2,4,brier,0.2617385581896289
2058,2058,,,lab_hyperkalemia,lab_hyperkalemia,clinicalbert_type1_clinicalbert_pool,knn,3,4,auroc,0.513681178699939
2059,2059,,,lab_hyperkalemia,lab_hyperkalemia,clinicalbert_type1_clinicalbert_pool,knn,3,4,auprc,0.025117866923672
2060,2060,,,lab_hyperkalemia,lab_hyperkalemia,clinicalbert_type1_clinicalbert_pool,knn,3,4,brier,0.3380359134683361
2061,2061,,,lab_hyperkalemia,lab_hyperkalemia,clinicalbert_type1_clinicalbert_pool,knn,4,4,auroc,0.4790304944011122
2062,2062,,,lab_hyperkalemia,lab_hyperkalemia,clinicalbert_type1_clinicalbert_pool,knn,4,4,auprc,0.0234828991956659
2063,2063,,,lab_hyperkalemia,lab_hyperkalemia,clinicalbert_type1_clinicalbert_pool,knn,4,4,brier,0.2904830879927105
2064,2064,,,lab_hyperkalemia,lab_hyperkalemia,clinicalbert_type1_clinicalbert_pool,knn,0,8,auroc,0.4778644130807611
2065,2065,,,lab_hyperkalemia,lab_hyperkalemia,clinicalbert_type1_clinicalbert_pool,knn,0,8,auprc,0.0234547559564351
2066,2066,,,lab_hyperkalemia,lab_hyperkalemia,clinicalbert_type1_clinicalbert_pool,knn,0,8,brier,0.2581905016260035
2067,2067,,,lab_hyperkalemia,lab_hyperkalemia,clinicalbert_type1_clinicalbert_pool,knn,1,8,auroc,0.4865546250794
2068,2068,,,lab_hyperkalemia,lab_hyperkalemia,clinicalbert_type1_clinicalbert_pool,knn,1,8,auprc,0.0235529491425585
2069,2069,,,lab_hyperkalemia,lab_hyperkalemia,clinicalbert_type1_clinicalbert_pool,knn,1,8,brier,0.2659513298666206
2070,2070,,,lab_hyperkalemia,lab_hyperkalemia,clinicalbert_type1_clinicalbert_pool,knn,2,8,auroc,0.5232767049865554
2071,2071,,,lab_hyperkalemia,lab_hyperkalemia,clinicalbert_type1_clinicalbert_pool,knn,2,8,auprc,0.0264425792133457
2072,2072,,,lab_hyperkalemia,lab_hyperkalemia,clinicalbert_type1_clinicalbert_pool,knn,2,8,brier,0.3508571648015194
2073,2073,,,lab_hyperkalemia,lab_hyperkalemia,clinicalbert_type1_clinicalbert_pool,knn,3,8,auroc,0.4837090422083738
2074,2074,,,lab_hyperkalemia,lab_hyperkalemia,clinicalbert_type1_clinicalbert_pool,knn,3,8,auprc,0.0236837636102127
2075,2075,,,lab_hyperkalemia,lab_hyperkalemia,clinicalbert_type1_clinicalbert_pool,knn,3,8,brier,0.2815402259123686
2076,2076,,,lab_hyperkalemia,lab_hyperkalemia,clinicalbert_type1_clinicalbert_pool,knn,4,8,auroc,0.514776245834717
2077,2077,,,lab_hyperkalemia,lab_hyperkalemia,clinicalbert_type1_clinicalbert_pool,knn,4,8,auprc,0.0249909692988298
2078,2078,,,lab_hyperkalemia,lab_hyperkalemia,clinicalbert_type1_clinicalbert_pool,knn,4,8,brier,0.2748476898182333
2079,2079,,,lab_hyperkalemia,lab_hyperkalemia,clinicalbert_type1_clinicalbert_pool,knn,0,12,auroc,0.4938680188563439
2080,2080,,,lab_hyperkalemia,lab_hyperkalemia,clinicalbert_type1_clinicalbert_pool,knn,0,12,auprc,0.0248704687188356
2081,2081,,,lab_hyperkalemia,lab_hyperkalemia,clinicalbert_type1_clinicalbert_pool,knn,0,12,brier,0.3793973226364472
2082,2082,,,lab_hyperkalemia,lab_hyperkalemia,clinicalbert_type1_clinicalbert_pool,knn,1,12,auroc,0.4699448806398999
2083,2083,,,lab_hyperkalemia,lab_hyperkalemia,clinicalbert_type1_clinicalbert_pool,knn,1,12,auprc,0.023183861845724
2084,2084,,,lab_hyperkalemia,lab_hyperkalemia,clinicalbert_type1_clinicalbert_pool,knn,1,12,brier,0.4227609067915102
2085,2085,,,lab_hyperkalemia,lab_hyperkalemia,clinicalbert_type1_clinicalbert_pool,knn,2,12,auroc,0.5389615552017524
2086,2086,,,lab_hyperkalemia,lab_hyperkalemia,clinicalbert_type1_clinicalbert_pool,knn,2,12,auprc,0.0273279243772163
2087,2087,,,lab_hyperkalemia,lab_hyperkalemia,clinicalbert_type1_clinicalbert_pool,knn,2,12,brier,0.3571342539498008
2088,2088,,,lab_hyperkalemia,lab_hyperkalemia,clinicalbert_type1_clinicalbert_pool,knn,3,12,auroc,0.5313965859264496
2089,2089,,,lab_hyperkalemia,lab_hyperkalemia,clinicalbert_type1_clinicalbert_pool,knn,3,12,auprc,0.0260650069720594
2090,2090,,,lab_hyperkalemia,lab_hyperkalemia,clinicalbert_type1_clinicalbert_pool,knn,3,12,brier,0.5807424630418048
2091,2091,,,lab_hyperkalemia,lab_hyperkalemia,clinicalbert_type1_clinicalbert_pool,knn,4,12,auroc,0.4774807934762201
2092,2092,,,lab_hyperkalemia,lab_hyperkalemia,clinicalbert_type1_clinicalbert_pool,knn,4,12,auprc,0.022963303625449
2093,2093,,,lab_hyperkalemia,lab_hyperkalemia,clinicalbert_type1_clinicalbert_pool,knn,4,12,brier,0.3398403597302242
2094,2094,,,lab_hyperkalemia,lab_hyperkalemia,clinicalbert_type1_clinicalbert_pool,knn,0,16,auroc,0.5140332082352084
2095,2095,,,lab_hyperkalemia,lab_hyperkalemia,clinicalbert_type1_clinicalbert_pool,knn,0,16,auprc,0.0293340078464539
2096,2096,,,lab_hyperkalemia,lab_hyperkalemia,clinicalbert_type1_clinicalbert_pool,knn,0,16,brier,0.3189222411431369
2097,2097,,,lab_hyperkalemia,lab_hyperkalemia,clinicalbert_type1_clinicalbert_pool,knn,1,16,auroc,0.4575104138422389
2098,2098,,,lab_hyperkalemia,lab_hyperkalemia,clinicalbert_type1_clinicalbert_pool,knn,1,16,auprc,0.022555937871809
2099,2099,,,lab_hyperkalemia,lab_hyperkalemia,clinicalbert_type1_clinicalbert_pool,knn,1,16,brier,0.2764740075094654
2100,2100,,,lab_hyperkalemia,lab_hyperkalemia,clinicalbert_type1_clinicalbert_pool,knn,2,16,auroc,0.5335799172173349
2101,2101,,,lab_hyperkalemia,lab_hyperkalemia,clinicalbert_type1_clinicalbert_pool,knn,2,16,auprc,0.0266005626554445
2102,2102,,,lab_hyperkalemia,lab_hyperkalemia,clinicalbert_type1_clinicalbert_pool,knn,2,16,brier,0.3248620559037979
2103,2103,,,lab_hyperkalemia,lab_hyperkalemia,clinicalbert_type1_clinicalbert_pool,knn,3,16,auroc,0.5267874409366221
2104,2104,,,lab_hyperkalemia,lab_hyperkalemia,clinicalbert_type1_clinicalbert_pool,knn,3,16,auprc,0.0258173156430185
2105,2105,,,lab_hyperkalemia,lab_hyperkalemia,clinicalbert_type1_clinicalbert_pool,knn,3,16,brier,0.5187343880099917
2106,2106,,,lab_hyperkalemia,lab_hyperkalemia,clinicalbert_type1_clinicalbert_pool,knn,4,16,auroc,0.4927330198429572
2107,2107,,,lab_hyperkalemia,lab_hyperkalemia,clinicalbert_type1_clinicalbert_pool,knn,4,16,auprc,0.0239475442955333
2108,2108,,,lab_hyperkalemia,lab_hyperkalemia,clinicalbert_type1_clinicalbert_pool,knn,4,16,brier,0.3628824337510495
2109,2109,,,lab_hyperkalemia,lab_hyperkalemia,clinicalbert_type1_clinicalbert_pool,knn,0,24,auroc,0.5136492259433048
2110,2110,,,lab_hyperkalemia,lab_hyperkalemia,clinicalbert_type1_clinicalbert_pool,knn,0,24,auprc,0.0251012982803392
2111,2111,,,lab_hyperkalemia,lab_hyperkalemia,clinicalbert_type1_clinicalbert_pool,knn,0,24,brier,0.4623505569258322
2112,2112,,,lab_hyperkalemia,lab_hyperkalemia,clinicalbert_type1_clinicalbert_pool,knn,1,24,auroc,0.443222303747433
2113,2113,,,lab_hyperkalemia,lab_hyperkalemia,clinicalbert_type1_clinicalbert_pool,knn,1,24,auprc,0.0211589450211831
2114,2114,,,lab_hyperkalemia,lab_hyperkalemia,clinicalbert_type1_clinicalbert_pool,knn,1,24,brier,0.2799684496766914
2115,2115,,,lab_hyperkalemia,lab_hyperkalemia,clinicalbert_type1_clinicalbert_pool,knn,2,24,auroc,0.5046646724250228
2116,2116,,,lab_hyperkalemia,lab_hyperkalemia,clinicalbert_type1_clinicalbert_pool,knn,2,24,auprc,0.0246399184131144
2117,2117,,,lab_hyperkalemia,lab_hyperkalemia,clinicalbert_type1_clinicalbert_pool,knn,2,24,brier,0.4933467393524264
2118,2118,,,lab_hyperkalemia,lab_hyperkalemia,clinicalbert_type1_clinicalbert_pool,knn,3,24,auroc,0.5516249036313772
2119,2119,,,lab_hyperkalemia,lab_hyperkalemia,clinicalbert_type1_clinicalbert_pool,knn,3,24,auprc,0.0298700619007243
2120,2120,,,lab_hyperkalemia,lab_hyperkalemia,clinicalbert_type1_clinicalbert_pool,knn,3,24,brier,0.3574815908378188
2121,2121,,,lab_hyperkalemia,lab_hyperkalemia,clinicalbert_type1_clinicalbert_pool,knn,4,24,auroc,0.4979183766080496
2122,2122,,,lab_hyperkalemia,lab_hyperkalemia,clinicalbert_type1_clinicalbert_pool,knn,4,24,auprc,0.0235465931541621
2123,2123,,,lab_hyperkalemia,lab_hyperkalemia,clinicalbert_type1_clinicalbert_pool,knn,4,24,brier,0.3940467088915821
2124,2124,,,lab_hyperkalemia,lab_hyperkalemia,clinicalbert_type1_clinicalbert_pool,knn,0,32,auroc,0.4847883117178919
2125,2125,,,lab_hyperkalemia,lab_hyperkalemia,clinicalbert_type1_clinicalbert_pool,knn,0,32,auprc,0.0236720792322263
2126,2126,,,lab_hyperkalemia,lab_hyperkalemia,clinicalbert_type1_clinicalbert_pool,knn,0,32,brier,0.3147540571536299
2127,2127,,,lab_hyperkalemia,lab_hyperkalemia,clinicalbert_type1_clinicalbert_pool,knn,1,32,auroc,0.4503476026769477
2128,2128,,,lab_hyperkalemia,lab_hyperkalemia,clinicalbert_type1_clinicalbert_pool,knn,1,32,auprc,0.0221632130150086
2129,2129,,,lab_hyperkalemia,lab_hyperkalemia,clinicalbert_type1_clinicalbert_pool,knn,1,32,brier,0.2840784321939962
2130,2130,,,lab_hyperkalemia,lab_hyperkalemia,clinicalbert_type1_clinicalbert_pool,knn,2,32,auroc,0.5227581501394284
2131,2131,,,lab_hyperkalemia,lab_hyperkalemia,clinicalbert_type1_clinicalbert_pool,knn,2,32,auprc,0.0255931254322618
2132,2132,,,lab_hyperkalemia,lab_hyperkalemia,clinicalbert_type1_clinicalbert_pool,knn,2,32,brier,0.5021130190250264
2133,2133,,,lab_hyperkalemia,lab_hyperkalemia,clinicalbert_type1_clinicalbert_pool,knn,3,32,auroc,0.5371427195289094
2134,2134,,,lab_hyperkalemia,lab_hyperkalemia,clinicalbert_type1_clinicalbert_pool,knn,3,32,auprc,0.0267225741195241
2135,2135,,,lab_hyperkalemia,lab_hyperkalemia,clinicalbert_type1_clinicalbert_pool,knn,3,32,brier,0.3044808571473458
2136,2136,,,lab_hyperkalemia,lab_hyperkalemia,clinicalbert_type1_clinicalbert_pool,knn,4,32,auroc,0.4742917974854077
2137,2137,,,lab_hyperkalemia,lab_hyperkalemia,clinicalbert_type1_clinicalbert_pool,knn,4,32,auprc,0.0228229390495938
2138,2138,,,lab_hyperkalemia,lab_hyperkalemia,clinicalbert_type1_clinicalbert_pool,knn,4,32,brier,0.3674082729202735
2139,2139,,,lab_hyperkalemia,lab_hyperkalemia,clinicalbert_type1_clinicalbert_pool,knn,0,48,auroc,0.4970337044122451
2140,2140,,,lab_hyperkalemia,lab_hyperkalemia,clinicalbert_type1_clinicalbert_pool,knn,0,48,auprc,0.0240948875847525
2141,2141,,,lab_hyperkalemia,lab_hyperkalemia,clinicalbert_type1_clinicalbert_pool,knn,0,48,brier,0.3261014144397489
2142,2142,,,lab_hyperkalemia,lab_hyperkalemia,clinicalbert_type1_clinicalbert_pool,knn,1,48,auroc,0.4748250929831953
2143,2143,,,lab_hyperkalemia,lab_hyperkalemia,clinicalbert_type1_clinicalbert_pool,knn,1,48,auprc,0.022704393406177
2144,2144,,,lab_hyperkalemia,lab_hyperkalemia,clinicalbert_type1_clinicalbert_pool,knn,1,48,brier,0.2724102979290144
2145,2145,,,lab_hyperkalemia,lab_hyperkalemia,clinicalbert_type1_clinicalbert_pool,knn,2,48,auroc,0.4935582579425476
2146,2146,,,lab_hyperkalemia,lab_hyperkalemia,clinicalbert_type1_clinicalbert_pool,knn,2,48,auprc,0.0241137208076833
2147,2147,,,lab_hyperkalemia,lab_hyperkalemia,clinicalbert_type1_clinicalbert_pool,knn,2,48,brier,0.5523541702669159
2148,2148,,,lab_hyperkalemia,lab_hyperkalemia,clinicalbert_type1_clinicalbert_pool,knn,3,48,auroc,0.5098514333083327
2149,2149,,,lab_hyperkalemia,lab_hyperkalemia,clinicalbert_type1_clinicalbert_pool,knn,3,48,auprc,0.0251937236426902
2150,2150,,,lab_hyperkalemia,lab_hyperkalemia,clinicalbert_type1_clinicalbert_pool,knn,3,48,brier,0.311305987149074
2151,2151,,,lab_hyperkalemia,lab_hyperkalemia,clinicalbert_type1_clinicalbert_pool,knn,4,48,auroc,0.4641908404529381
2152,2152,,,lab_hyperkalemia,lab_hyperkalemia,clinicalbert_type1_clinicalbert_pool,knn,4,48,auprc,0.0223840618772748
2153,2153,,,lab_hyperkalemia,lab_hyperkalemia,clinicalbert_type1_clinicalbert_pool,knn,4,48,brier,0.4087342309082055
2154,2154,,,lab_hyperkalemia,lab_hyperkalemia,clinicalbert_type1_clinicalbert_pool,knn,0,64,auroc,0.5160854850382862
2155,2155,,,lab_hyperkalemia,lab_hyperkalemia,clinicalbert_type1_clinicalbert_pool,knn,0,64,auprc,0.0249930778205844
2156,2156,,,lab_hyperkalemia,lab_hyperkalemia,clinicalbert_type1_clinicalbert_pool,knn,0,64,brier,0.296119271676119
2157,2157,,,lab_hyperkalemia,lab_hyperkalemia,clinicalbert_type1_clinicalbert_pool,knn,1,64,auroc,0.4703684580292899
2158,2158,,,lab_hyperkalemia,lab_hyperkalemia,clinicalbert_type1_clinicalbert_pool,knn,1,64,auprc,0.0232776173062755
2159,2159,,,lab_hyperkalemia,lab_hyperkalemia,clinicalbert_type1_clinicalbert_pool,knn,1,64,brier,0.2560815672474196
2160,2160,,,lab_hyperkalemia,lab_hyperkalemia,clinicalbert_type1_clinicalbert_pool,knn,2,64,auroc,0.5049640967489886
2161,2161,,,lab_hyperkalemia,lab_hyperkalemia,clinicalbert_type1_clinicalbert_pool,knn,2,64,auprc,0.0246001633433174
2162,2162,,,lab_hyperkalemia,lab_hyperkalemia,clinicalbert_type1_clinicalbert_pool,knn,2,64,brier,0.3474724940955912
2163,2163,,,lab_hyperkalemia,lab_hyperkalemia,clinicalbert_type1_clinicalbert_pool,knn,3,64,auroc,0.4945796788177502
2164,2164,,,lab_hyperkalemia,lab_hyperkalemia,clinicalbert_type1_clinicalbert_pool,knn,3,64,auprc,0.0245994816540679
2165,2165,,,lab_hyperkalemia,lab_hyperkalemia,clinicalbert_type1_clinicalbert_pool,knn,3,64,brier,0.2923350038489938
2166,2166,,,lab_hyperkalemia,lab_hyperkalemia,clinicalbert_type1_clinicalbert_pool,knn,4,64,auroc,0.4890705044129415
2167,2167,,,lab_hyperkalemia,lab_hyperkalemia,clinicalbert_type1_clinicalbert_pool,knn,4,64,auprc,0.0239143385681136
2168,2168,,,lab_hyperkalemia,lab_hyperkalemia,clinicalbert_type1_clinicalbert_pool,knn,4,64,brier,0.5201011735503432
2169,2169,,,lab_hyperkalemia,lab_hyperkalemia,clinicalbert_type1_clinicalbert_pool,knn,0,128,auroc,0.4916987701976188
2170,2170,,,lab_hyperkalemia,lab_hyperkalemia,clinicalbert_type1_clinicalbert_pool,knn,0,128,auprc,0.0244788221181346
2171,2171,,,lab_hyperkalemia,lab_hyperkalemia,clinicalbert_type1_clinicalbert_pool,knn,0,128,brier,0.2920063469121644
2172,2172,,,lab_hyperkalemia,lab_hyperkalemia,clinicalbert_type1_clinicalbert_pool,knn,1,128,auroc,0.479869115664378
2173,2173,,,lab_hyperkalemia,lab_hyperkalemia,clinicalbert_type1_clinicalbert_pool,knn,1,128,auprc,0.0234033804132227
2174,2174,,,lab_hyperkalemia,lab_hyperkalemia,clinicalbert_type1_clinicalbert_pool,knn,1,128,brier,0.2859509854801655
2175,2175,,,lab_hyperkalemia,lab_hyperkalemia,clinicalbert_type1_clinicalbert_pool,knn,2,128,auroc,0.4986676265239527
2176,2176,,,lab_hyperkalemia,lab_hyperkalemia,clinicalbert_type1_clinicalbert_pool,knn,2,128,auprc,0.0243625781121783
2177,2177,,,lab_hyperkalemia,lab_hyperkalemia,clinicalbert_type1_clinicalbert_pool,knn,2,128,brier,0.355283944022888
2178,2178,,,lab_hyperkalemia,lab_hyperkalemia,clinicalbert_type1_clinicalbert_pool,knn,3,128,auroc,0.5108956102249069
2179,2179,,,lab_hyperkalemia,lab_hyperkalemia,clinicalbert_type1_clinicalbert_pool,knn,3,128,auprc,0.0250791916981605
2180,2180,,,lab_hyperkalemia,lab_hyperkalemia,clinicalbert_type1_clinicalbert_pool,knn,3,128,brier,0.2768874994108683
2181,2181,,,lab_hyperkalemia,lab_hyperkalemia,clinicalbert_type1_clinicalbert_pool,knn,4,128,auroc,0.4864437722776826
2182,2182,,,lab_hyperkalemia,lab_hyperkalemia,clinicalbert_type1_clinicalbert_pool,knn,4,128,auprc,0.0237419852215359
2183,2183,,,lab_hyperkalemia,lab_hyperkalemia,clinicalbert_type1_clinicalbert_pool,knn,4,128,brier,0.3180663912148682
2184,2184,,,lab_hyperkalemia,lab_hyperkalemia,clinicalbert_type1_clinicalbert_pool,rf,0,-1,auroc,0.5009991518711466
2185,2185,,,lab_hyperkalemia,lab_hyperkalemia,clinicalbert_type1_clinicalbert_pool,rf,0,-1,auprc,0.0242147293852996
2186,2186,,,lab_hyperkalemia,lab_hyperkalemia,clinicalbert_type1_clinicalbert_pool,rf,0,-1,brier,0.0246368692173616
2187,2187,,,lab_hyperkalemia,lab_hyperkalemia,clinicalbert_type1_clinicalbert_pool,rf,0,1,auroc,0.4929626786621263
2188,2188,,,lab_hyperkalemia,lab_hyperkalemia,clinicalbert_type1_clinicalbert_pool,rf,0,1,auprc,0.0249005387482744
2189,2189,,,lab_hyperkalemia,lab_hyperkalemia,clinicalbert_type1_clinicalbert_pool,rf,0,1,brier,0.3621957236893784
2190,2190,,,lab_hyperkalemia,lab_hyperkalemia,clinicalbert_type1_clinicalbert_pool,rf,1,1,auroc,0.5006460809050223
2191,2191,,,lab_hyperkalemia,lab_hyperkalemia,clinicalbert_type1_clinicalbert_pool,rf,1,1,auprc,0.024606975639216
2192,2192,,,lab_hyperkalemia,lab_hyperkalemia,clinicalbert_type1_clinicalbert_pool,rf,1,1,brier,0.3982401457904576
2193,2193,,,lab_hyperkalemia,lab_hyperkalemia,clinicalbert_type1_clinicalbert_pool,rf,2,1,auroc,0.5126685970338847
2194,2194,,,lab_hyperkalemia,lab_hyperkalemia,clinicalbert_type1_clinicalbert_pool,rf,2,1,auprc,0.0255654312613563
2195,2195,,,lab_hyperkalemia,lab_hyperkalemia,clinicalbert_type1_clinicalbert_pool,rf,2,1,brier,0.3685922108934378
2196,2196,,,lab_hyperkalemia,lab_hyperkalemia,clinicalbert_type1_clinicalbert_pool,rf,3,1,auroc,0.5319435132878184
2197,2197,,,lab_hyperkalemia,lab_hyperkalemia,clinicalbert_type1_clinicalbert_pool,rf,3,1,auprc,0.0263897143926946
2198,2198,,,lab_hyperkalemia,lab_hyperkalemia,clinicalbert_type1_clinicalbert_pool,rf,3,1,brier,0.4362008860540744
2199,2199,,,lab_hyperkalemia,lab_hyperkalemia,clinicalbert_type1_clinicalbert_pool,rf,4,1,auroc,0.478763349252407
2200,2200,,,lab_hyperkalemia,lab_hyperkalemia,clinicalbert_type1_clinicalbert_pool,rf,4,1,auprc,0.0241606294248065
2201,2201,,,lab_hyperkalemia,lab_hyperkalemia,clinicalbert_type1_clinicalbert_pool,rf,4,1,brier,0.2241148414057467
2202,2202,,,lab_hyperkalemia,lab_hyperkalemia,clinicalbert_type1_clinicalbert_pool,rf,0,2,auroc,0.5398609162357371
2203,2203,,,lab_hyperkalemia,lab_hyperkalemia,clinicalbert_type1_clinicalbert_pool,rf,0,2,auprc,0.0271324251849992
2204,2204,,,lab_hyperkalemia,lab_hyperkalemia,clinicalbert_type1_clinicalbert_pool,rf,0,2,brier,0.3069237506480449
2205,2205,,,lab_hyperkalemia,lab_hyperkalemia,clinicalbert_type1_clinicalbert_pool,rf,1,2,auroc,0.5159947769289305
2206,2206,,,lab_hyperkalemia,lab_hyperkalemia,clinicalbert_type1_clinicalbert_pool,rf,1,2,auprc,0.0262681648483061
2207,2207,,,lab_hyperkalemia,lab_hyperkalemia,clinicalbert_type1_clinicalbert_pool,rf,1,2,brier,0.272321178891804
2208,2208,,,lab_hyperkalemia,lab_hyperkalemia,clinicalbert_type1_clinicalbert_pool,rf,2,2,auroc,0.5245823173164998
2209,2209,,,lab_hyperkalemia,lab_hyperkalemia,clinicalbert_type1_clinicalbert_pool,rf,2,2,auprc,0.0262736508346473
2210,2210,,,lab_hyperkalemia,lab_hyperkalemia,clinicalbert_type1_clinicalbert_pool,rf,2,2,brier,0.1992806701962201
2211,2211,,,lab_hyperkalemia,lab_hyperkalemia,clinicalbert_type1_clinicalbert_pool,rf,3,2,auroc,0.5222442895030216
2212,2212,,,lab_hyperkalemia,lab_hyperkalemia,clinicalbert_type1_clinicalbert_pool,rf,3,2,auprc,0.0259080078895079
2213,2213,,,lab_hyperkalemia,lab_hyperkalemia,clinicalbert_type1_clinicalbert_pool,rf,3,2,brier,0.3574533800449311
2214,2214,,,lab_hyperkalemia,lab_hyperkalemia,clinicalbert_type1_clinicalbert_pool,rf,4,2,auroc,0.4523556160780592
2215,2215,,,lab_hyperkalemia,lab_hyperkalemia,clinicalbert_type1_clinicalbert_pool,rf,4,2,auprc,0.0217466556803601
2216,2216,,,lab_hyperkalemia,lab_hyperkalemia,clinicalbert_type1_clinicalbert_pool,rf,4,2,brier,0.2862792012945188
2217,2217,,,lab_hyperkalemia,lab_hyperkalemia,clinicalbert_type1_clinicalbert_pool,rf,0,4,auroc,0.4664249997870507
2218,2218,,,lab_hyperkalemia,lab_hyperkalemia,clinicalbert_type1_clinicalbert_pool,rf,0,4,auprc,0.0225912557017545
2219,2219,,,lab_hyperkalemia,lab_hyperkalemia,clinicalbert_type1_clinicalbert_pool,rf,0,4,brier,0.256174571504878
2220,2220,,,lab_hyperkalemia,lab_hyperkalemia,clinicalbert_type1_clinicalbert_pool,rf,1,4,auroc,0.5616783745256024
2221,2221,,,lab_hyperkalemia,lab_hyperkalemia,clinicalbert_type1_clinicalbert_pool,rf,1,4,auprc,0.0290491467937429
2222,2222,,,lab_hyperkalemia,lab_hyperkalemia,clinicalbert_type1_clinicalbert_pool,rf,1,4,brier,0.3190946224058568
2223,2223,,,lab_hyperkalemia,lab_hyperkalemia,clinicalbert_type1_clinicalbert_pool,rf,2,4,auroc,0.5456164745283733
2224,2224,,,lab_hyperkalemia,lab_hyperkalemia,clinicalbert_type1_clinicalbert_pool,rf,2,4,auprc,0.0272237317995222
2225,2225,,,lab_hyperkalemia,lab_hyperkalemia,clinicalbert_type1_clinicalbert_pool,rf,2,4,brier,0.4890020894537571
2226,2226,,,lab_hyperkalemia,lab_hyperkalemia,clinicalbert_type1_clinicalbert_pool,rf,3,4,auroc,0.4848682272875899
2227,2227,,,lab_hyperkalemia,lab_hyperkalemia,clinicalbert_type1_clinicalbert_pool,rf,3,4,auprc,0.0240761312404393
2228,2228,,,lab_hyperkalemia,lab_hyperkalemia,clinicalbert_type1_clinicalbert_pool,rf,3,4,brier,0.2327311752784629
2229,2229,,,lab_hyperkalemia,lab_hyperkalemia,clinicalbert_type1_clinicalbert_pool,rf,4,4,auroc,0.4781980440042567
2230,2230,,,lab_hyperkalemia,lab_hyperkalemia,clinicalbert_type1_clinicalbert_pool,rf,4,4,auprc,0.0238711162863522
2231,2231,,,lab_hyperkalemia,lab_hyperkalemia,clinicalbert_type1_clinicalbert_pool,rf,4,4,brier,0.3682410884011752
2232,2232,,,lab_hyperkalemia,lab_hyperkalemia,clinicalbert_type1_clinicalbert_pool,rf,0,8,auroc,0.4789409520725645
2233,2233,,,lab_hyperkalemia,lab_hyperkalemia,clinicalbert_type1_clinicalbert_pool,rf,0,8,auprc,0.0234062129129963
2234,2234,,,lab_hyperkalemia,lab_hyperkalemia,clinicalbert_type1_clinicalbert_pool,rf,0,8,brier,0.2395939704334438
2235,2235,,,lab_hyperkalemia,lab_hyperkalemia,clinicalbert_type1_clinicalbert_pool,rf,1,8,auroc,0.4907105766660671
2236,2236,,,lab_hyperkalemia,lab_hyperkalemia,clinicalbert_type1_clinicalbert_pool,rf,1,8,auprc,0.0229840475626142
2237,2237,,,lab_hyperkalemia,lab_hyperkalemia,clinicalbert_type1_clinicalbert_pool,rf,1,8,brier,0.2041119381647369
2238,2238,,,lab_hyperkalemia,lab_hyperkalemia,clinicalbert_type1_clinicalbert_pool,rf,2,8,auroc,0.5062586004831451
2239,2239,,,lab_hyperkalemia,lab_hyperkalemia,clinicalbert_type1_clinicalbert_pool,rf,2,8,auprc,0.0251268772121396
2240,2240,,,lab_hyperkalemia,lab_hyperkalemia,clinicalbert_type1_clinicalbert_pool,rf,2,8,brier,0.3712272791541641
2241,2241,,,lab_hyperkalemia,lab_hyperkalemia,clinicalbert_type1_clinicalbert_pool,rf,3,8,auroc,0.5130524860633235
2242,2242,,,lab_hyperkalemia,lab_hyperkalemia,clinicalbert_type1_clinicalbert_pool,rf,3,8,auprc,0.024986400807637
2243,2243,,,lab_hyperkalemia,lab_hyperkalemia,clinicalbert_type1_clinicalbert_pool,rf,3,8,brier,0.3031249367665311
2244,2244,,,lab_hyperkalemia,lab_hyperkalemia,clinicalbert_type1_clinicalbert_pool,rf,4,8,auroc,0.4798578878998853
2245,2245,,,lab_hyperkalemia,lab_hyperkalemia,clinicalbert_type1_clinicalbert_pool,rf,4,8,auprc,0.0236100111523245
2246,2246,,,lab_hyperkalemia,lab_hyperkalemia,clinicalbert_type1_clinicalbert_pool,rf,4,8,brier,0.2993150362119617
2247,2247,,,lab_hyperkalemia,lab_hyperkalemia,clinicalbert_type1_clinicalbert_pool,rf,0,12,auroc,0.5013822948008683
2248,2248,,,lab_hyperkalemia,lab_hyperkalemia,clinicalbert_type1_clinicalbert_pool,rf,0,12,auprc,0.0322595399053314
2249,2249,,,lab_hyperkalemia,lab_hyperkalemia,clinicalbert_type1_clinicalbert_pool,rf,0,12,brier,0.2204616907294236
2250,2250,,,lab_hyperkalemia,lab_hyperkalemia,clinicalbert_type1_clinicalbert_pool,rf,1,12,auroc,0.4451001797416394
2251,2251,,,lab_hyperkalemia,lab_hyperkalemia,clinicalbert_type1_clinicalbert_pool,rf,1,12,auprc,0.0216111799756933
2252,2252,,,lab_hyperkalemia,lab_hyperkalemia,clinicalbert_type1_clinicalbert_pool,rf,1,12,brier,0.1953191130033149
2253,2253,,,lab_hyperkalemia,lab_hyperkalemia,clinicalbert_type1_clinicalbert_pool,rf,2,12,auroc,0.5403352232246418
2254,2254,,,lab_hyperkalemia,lab_hyperkalemia,clinicalbert_type1_clinicalbert_pool,rf,2,12,auprc,0.0281355637851721
2255,2255,,,lab_hyperkalemia,lab_hyperkalemia,clinicalbert_type1_clinicalbert_pool,rf,2,12,brier,0.2930227431019224
2256,2256,,,lab_hyperkalemia,lab_hyperkalemia,clinicalbert_type1_clinicalbert_pool,rf,3,12,auroc,0.5312134132646541
2257,2257,,,lab_hyperkalemia,lab_hyperkalemia,clinicalbert_type1_clinicalbert_pool,rf,3,12,auprc,0.0264507626258302
2258,2258,,,lab_hyperkalemia,lab_hyperkalemia,clinicalbert_type1_clinicalbert_pool,rf,3,12,brier,0.2561656559785085
2259,2259,,,lab_hyperkalemia,lab_hyperkalemia,clinicalbert_type1_clinicalbert_pool,rf,4,12,auroc,0.4536246073468895
2260,2260,,,lab_hyperkalemia,lab_hyperkalemia,clinicalbert_type1_clinicalbert_pool,rf,4,12,auprc,0.0220809244090564
2261,2261,,,lab_hyperkalemia,lab_hyperkalemia,clinicalbert_type1_clinicalbert_pool,rf,4,12,brier,0.304149372378364
2262,2262,,,lab_hyperkalemia,lab_hyperkalemia,clinicalbert_type1_clinicalbert_pool,rf,0,16,auroc,0.5050407481324243
2263,2263,,,lab_hyperkalemia,lab_hyperkalemia,clinicalbert_type1_clinicalbert_pool,rf,0,16,auprc,0.0284666861331699
2264,2264,,,lab_hyperkalemia,lab_hyperkalemia,clinicalbert_type1_clinicalbert_pool,rf,0,16,brier,0.2387375300457166
2265,2265,,,lab_hyperkalemia,lab_hyperkalemia,clinicalbert_type1_clinicalbert_pool,rf,1,16,auroc,0.4703549401531655
2266,2266,,,lab_hyperkalemia,lab_hyperkalemia,clinicalbert_type1_clinicalbert_pool,rf,1,16,auprc,0.0223117681438848
2267,2267,,,lab_hyperkalemia,lab_hyperkalemia,clinicalbert_type1_clinicalbert_pool,rf,1,16,brier,0.2321080537757247
2268,2268,,,lab_hyperkalemia,lab_hyperkalemia,clinicalbert_type1_clinicalbert_pool,rf,2,16,auroc,0.4989427559758804
2269,2269,,,lab_hyperkalemia,lab_hyperkalemia,clinicalbert_type1_clinicalbert_pool,rf,2,16,auprc,0.0246278924788938
2270,2270,,,lab_hyperkalemia,lab_hyperkalemia,clinicalbert_type1_clinicalbert_pool,rf,2,16,brier,0.2477254803387114
2271,2271,,,lab_hyperkalemia,lab_hyperkalemia,clinicalbert_type1_clinicalbert_pool,rf,3,16,auroc,0.5518512619955478
2272,2272,,,lab_hyperkalemia,lab_hyperkalemia,clinicalbert_type1_clinicalbert_pool,rf,3,16,auprc,0.0281079868869912
2273,2273,,,lab_hyperkalemia,lab_hyperkalemia,clinicalbert_type1_clinicalbert_pool,rf,3,16,brier,0.2223735189229102
2274,2274,,,lab_hyperkalemia,lab_hyperkalemia,clinicalbert_type1_clinicalbert_pool,rf,4,16,auroc,0.4682185250632408
2275,2275,,,lab_hyperkalemia,lab_hyperkalemia,clinicalbert_type1_clinicalbert_pool,rf,4,16,auprc,0.022935097338404
2276,2276,,,lab_hyperkalemia,lab_hyperkalemia,clinicalbert_type1_clinicalbert_pool,rf,4,16,brier,0.3305785032170955
2277,2277,,,lab_hyperkalemia,lab_hyperkalemia,clinicalbert_type1_clinicalbert_pool,rf,0,24,auroc,0.5127466266292978
2278,2278,,,lab_hyperkalemia,lab_hyperkalemia,clinicalbert_type1_clinicalbert_pool,rf,0,24,auprc,0.0290695423973245
2279,2279,,,lab_hyperkalemia,lab_hyperkalemia,clinicalbert_type1_clinicalbert_pool,rf,0,24,brier,0.2648634424143402
2280,2280,,,lab_hyperkalemia,lab_hyperkalemia,clinicalbert_type1_clinicalbert_pool,rf,1,24,auroc,0.4718488493992125
2281,2281,,,lab_hyperkalemia,lab_hyperkalemia,clinicalbert_type1_clinicalbert_pool,rf,1,24,auprc,0.0227302136039397
2282,2282,,,lab_hyperkalemia,lab_hyperkalemia,clinicalbert_type1_clinicalbert_pool,rf,1,24,brier,0.252396116443844
2283,2283,,,lab_hyperkalemia,lab_hyperkalemia,clinicalbert_type1_clinicalbert_pool,rf,2,24,auroc,0.5173512742958305
2284,2284,,,lab_hyperkalemia,lab_hyperkalemia,clinicalbert_type1_clinicalbert_pool,rf,2,24,auprc,0.024612962536158
2285,2285,,,lab_hyperkalemia,lab_hyperkalemia,clinicalbert_type1_clinicalbert_pool,rf,2,24,brier,0.2540856283285941
2286,2286,,,lab_hyperkalemia,lab_hyperkalemia,clinicalbert_type1_clinicalbert_pool,rf,3,24,auroc,0.5538777724521456
2287,2287,,,lab_hyperkalemia,lab_hyperkalemia,clinicalbert_type1_clinicalbert_pool,rf,3,24,auprc,0.0277250204874628
2288,2288,,,lab_hyperkalemia,lab_hyperkalemia,clinicalbert_type1_clinicalbert_pool,rf,3,24,brier,0.2833732895543023
2289,2289,,,lab_hyperkalemia,lab_hyperkalemia,clinicalbert_type1_clinicalbert_pool,rf,4,24,auroc,0.4702870036289254
2290,2290,,,lab_hyperkalemia,lab_hyperkalemia,clinicalbert_type1_clinicalbert_pool,rf,4,24,auprc,0.023686910299818
2291,2291,,,lab_hyperkalemia,lab_hyperkalemia,clinicalbert_type1_clinicalbert_pool,rf,4,24,brier,0.2672680723366676
2292,2292,,,lab_hyperkalemia,lab_hyperkalemia,clinicalbert_type1_clinicalbert_pool,rf,0,32,auroc,0.5012815247078278
2293,2293,,,lab_hyperkalemia,lab_hyperkalemia,clinicalbert_type1_clinicalbert_pool,rf,0,32,auprc,0.025916775616094
2294,2294,,,lab_hyperkalemia,lab_hyperkalemia,clinicalbert_type1_clinicalbert_pool,rf,0,32,brier,0.2695259290933194
2295,2295,,,lab_hyperkalemia,lab_hyperkalemia,clinicalbert_type1_clinicalbert_pool,rf,1,32,auroc,0.4727939556721018
2296,2296,,,lab_hyperkalemia,lab_hyperkalemia,clinicalbert_type1_clinicalbert_pool,rf,1,32,auprc,0.0238047785717759
2297,2297,,,lab_hyperkalemia,lab_hyperkalemia,clinicalbert_type1_clinicalbert_pool,rf,1,32,brier,0.2222947072408213
2298,2298,,,lab_hyperkalemia,lab_hyperkalemia,clinicalbert_type1_clinicalbert_pool,rf,2,32,auroc,0.5035720197518294
2299,2299,,,lab_hyperkalemia,lab_hyperkalemia,clinicalbert_type1_clinicalbert_pool,rf,2,32,auprc,0.0246225995563448
2300,2300,,,lab_hyperkalemia,lab_hyperkalemia,clinicalbert_type1_clinicalbert_pool,rf,2,32,brier,0.2510681350446955
2301,2301,,,lab_hyperkalemia,lab_hyperkalemia,clinicalbert_type1_clinicalbert_pool,rf,3,32,auroc,0.5341250415043873
2302,2302,,,lab_hyperkalemia,lab_hyperkalemia,clinicalbert_type1_clinicalbert_pool,rf,3,32,auprc,0.0265651269627659
2303,2303,,,lab_hyperkalemia,lab_hyperkalemia,clinicalbert_type1_clinicalbert_pool,rf,3,32,brier,0.2659356982388889
2304,2304,,,lab_hyperkalemia,lab_hyperkalemia,clinicalbert_type1_clinicalbert_pool,rf,4,32,auroc,0.489498978081725
2305,2305,,,lab_hyperkalemia,lab_hyperkalemia,clinicalbert_type1_clinicalbert_pool,rf,4,32,auprc,0.0248511595583014
2306,2306,,,lab_hyperkalemia,lab_hyperkalemia,clinicalbert_type1_clinicalbert_pool,rf,4,32,brier,0.2665844103239872
2307,2307,,,lab_hyperkalemia,lab_hyperkalemia,clinicalbert_type1_clinicalbert_pool,rf,0,48,auroc,0.4949886658126727
2308,2308,,,lab_hyperkalemia,lab_hyperkalemia,clinicalbert_type1_clinicalbert_pool,rf,0,48,auprc,0.0234514781614615
2309,2309,,,lab_hyperkalemia,lab_hyperkalemia,clinicalbert_type1_clinicalbert_pool,rf,0,48,brier,0.2387954613293953
2310,2310,,,lab_hyperkalemia,lab_hyperkalemia,clinicalbert_type1_clinicalbert_pool,rf,1,48,auroc,0.4844097541926815
2311,2311,,,lab_hyperkalemia,lab_hyperkalemia,clinicalbert_type1_clinicalbert_pool,rf,1,48,auprc,0.023256560381252
2312,2312,,,lab_hyperkalemia,lab_hyperkalemia,clinicalbert_type1_clinicalbert_pool,rf,1,48,brier,0.2680030929984698
2313,2313,,,lab_hyperkalemia,lab_hyperkalemia,clinicalbert_type1_clinicalbert_pool,rf,2,48,auroc,0.5018823370487648
2314,2314,,,lab_hyperkalemia,lab_hyperkalemia,clinicalbert_type1_clinicalbert_pool,rf,2,48,auprc,0.0241183665443998
2315,2315,,,lab_hyperkalemia,lab_hyperkalemia,clinicalbert_type1_clinicalbert_pool,rf,2,48,brier,0.26877696364141
2316,2316,,,lab_hyperkalemia,lab_hyperkalemia,clinicalbert_type1_clinicalbert_pool,rf,3,48,auroc,0.5185383863019575
2317,2317,,,lab_hyperkalemia,lab_hyperkalemia,clinicalbert_type1_clinicalbert_pool,rf,3,48,auprc,0.0256437027531642
2318,2318,,,lab_hyperkalemia,lab_hyperkalemia,clinicalbert_type1_clinicalbert_pool,rf,3,48,brier,0.2828487266900225
2319,2319,,,lab_hyperkalemia,lab_hyperkalemia,clinicalbert_type1_clinicalbert_pool,rf,4,48,auroc,0.4799574455808856
2320,2320,,,lab_hyperkalemia,lab_hyperkalemia,clinicalbert_type1_clinicalbert_pool,rf,4,48,auprc,0.0227684344690037
2321,2321,,,lab_hyperkalemia,lab_hyperkalemia,clinicalbert_type1_clinicalbert_pool,rf,4,48,brier,0.3410150346409439
2322,2322,,,lab_hyperkalemia,lab_hyperkalemia,clinicalbert_type1_clinicalbert_pool,rf,0,64,auroc,0.5018485863990623
2323,2323,,,lab_hyperkalemia,lab_hyperkalemia,clinicalbert_type1_clinicalbert_pool,rf,0,64,auprc,0.0243548059246982
2324,2324,,,lab_hyperkalemia,lab_hyperkalemia,clinicalbert_type1_clinicalbert_pool,rf,0,64,brier,0.2241204656496944
2325,2325,,,lab_hyperkalemia,lab_hyperkalemia,clinicalbert_type1_clinicalbert_pool,rf,1,64,auroc,0.4501881394061622
2326,2326,,,lab_hyperkalemia,lab_hyperkalemia,clinicalbert_type1_clinicalbert_pool,rf,1,64,auprc,0.021273346645875
2327,2327,,,lab_hyperkalemia,lab_hyperkalemia,clinicalbert_type1_clinicalbert_pool,rf,1,64,brier,0.2359033082595593
2328,2328,,,lab_hyperkalemia,lab_hyperkalemia,clinicalbert_type1_clinicalbert_pool,rf,2,64,auroc,0.5033694433161413
2329,2329,,,lab_hyperkalemia,lab_hyperkalemia,clinicalbert_type1_clinicalbert_pool,rf,2,64,auprc,0.0242410796468072
2330,2330,,,lab_hyperkalemia,lab_hyperkalemia,clinicalbert_type1_clinicalbert_pool,rf,2,64,brier,0.244376930956089
2331,2331,,,lab_hyperkalemia,lab_hyperkalemia,clinicalbert_type1_clinicalbert_pool,rf,3,64,auroc,0.4910678444431001
2332,2332,,,lab_hyperkalemia,lab_hyperkalemia,clinicalbert_type1_clinicalbert_pool,rf,3,64,auprc,0.0252682772828253
2333,2333,,,lab_hyperkalemia,lab_hyperkalemia,clinicalbert_type1_clinicalbert_pool,rf,3,64,brier,0.2657253450804551
2334,2334,,,lab_hyperkalemia,lab_hyperkalemia,clinicalbert_type1_clinicalbert_pool,rf,4,64,auroc,0.4964499124711045
2335,2335,,,lab_hyperkalemia,lab_hyperkalemia,clinicalbert_type1_clinicalbert_pool,rf,4,64,auprc,0.024371347998587
2336,2336,,,lab_hyperkalemia,lab_hyperkalemia,clinicalbert_type1_clinicalbert_pool,rf,4,64,brier,0.2526004273168586
2337,2337,,,lab_hyperkalemia,lab_hyperkalemia,clinicalbert_type1_clinicalbert_pool,rf,0,128,auroc,0.4883672121671123
2338,2338,,,lab_hyperkalemia,lab_hyperkalemia,clinicalbert_type1_clinicalbert_pool,rf,0,128,auprc,0.0227652452277467
2339,2339,,,lab_hyperkalemia,lab_hyperkalemia,clinicalbert_type1_clinicalbert_pool,rf,0,128,brier,0.2140566838954959
2340,2340,,,lab_hyperkalemia,lab_hyperkalemia,clinicalbert_type1_clinicalbert_pool,rf,1,128,auroc,0.4671939436267364
2341,2341,,,lab_hyperkalemia,lab_hyperkalemia,clinicalbert_type1_clinicalbert_pool,rf,1,128,auprc,0.0230969031113319
2342,2342,,,lab_hyperkalemia,lab_hyperkalemia,clinicalbert_type1_clinicalbert_pool,rf,1,128,brier,0.2308603711606007
2343,2343,,,lab_hyperkalemia,lab_hyperkalemia,clinicalbert_type1_clinicalbert_pool,rf,2,128,auroc,0.5247753395308108
2344,2344,,,lab_hyperkalemia,lab_hyperkalemia,clinicalbert_type1_clinicalbert_pool,rf,2,128,auprc,0.0256022182980593
2345,2345,,,lab_hyperkalemia,lab_hyperkalemia,clinicalbert_type1_clinicalbert_pool,rf,2,128,brier,0.2471344916971706
2346,2346,,,lab_hyperkalemia,lab_hyperkalemia,clinicalbert_type1_clinicalbert_pool,rf,3,128,auroc,0.4987177810049354
2347,2347,,,lab_hyperkalemia,lab_hyperkalemia,clinicalbert_type1_clinicalbert_pool,rf,3,128,auprc,0.0253679958299815
2348,2348,,,lab_hyperkalemia,lab_hyperkalemia,clinicalbert_type1_clinicalbert_pool,rf,3,128,brier,0.2484360111317252
2349,2349,,,lab_hyperkalemia,lab_hyperkalemia,clinicalbert_type1_clinicalbert_pool,rf,4,128,auroc,0.495376591034331
2350,2350,,,lab_hyperkalemia,lab_hyperkalemia,clinicalbert_type1_clinicalbert_pool,rf,4,128,auprc,0.0232718987501393
2351,2351,,,lab_hyperkalemia,lab_hyperkalemia,clinicalbert_type1_clinicalbert_pool,rf,4,128,brier,0.2455276849596255
2352,2352,,,lab_hyperkalemia,lab_hyperkalemia,clinicalbert_type2_max_pool,lr_lbfgs,0,-1,auroc,0.6129158969663647
2353,2353,,,lab_hyperkalemia,lab_hyperkalemia,clinicalbert_type2_max_pool,lr_lbfgs,0,-1,auprc,0.0366004725298155
2354,2354,,,lab_hyperkalemia,lab_hyperkalemia,clinicalbert_type2_max_pool,lr_lbfgs,0,-1,brier,0.0238105802704282
2355,2355,,,lab_hyperkalemia,lab_hyperkalemia,clinicalbert_type2_max_pool,lr_lbfgs,0,1,auroc,0.5376923307767605
2356,2356,,,lab_hyperkalemia,lab_hyperkalemia,clinicalbert_type2_max_pool,lr_lbfgs,0,1,auprc,0.0340662970846398
2357,2357,,,lab_hyperkalemia,lab_hyperkalemia,clinicalbert_type2_max_pool,lr_lbfgs,0,1,brier,0.2500106154399179
2358,2358,,,lab_hyperkalemia,lab_hyperkalemia,clinicalbert_type2_max_pool,lr_lbfgs,1,1,auroc,0.467780352098135
2359,2359,,,lab_hyperkalemia,lab_hyperkalemia,clinicalbert_type2_max_pool,lr_lbfgs,1,1,auprc,0.0250625576005999
2360,2360,,,lab_hyperkalemia,lab_hyperkalemia,clinicalbert_type2_max_pool,lr_lbfgs,1,1,brier,0.2499959426573488
2361,2361,,,lab_hyperkalemia,lab_hyperkalemia,clinicalbert_type2_max_pool,lr_lbfgs,2,1,auroc,0.4632328225099446
2362,2362,,,lab_hyperkalemia,lab_hyperkalemia,clinicalbert_type2_max_pool,lr_lbfgs,2,1,auprc,0.0249113435594584
2363,2363,,,lab_hyperkalemia,lab_hyperkalemia,clinicalbert_type2_max_pool,lr_lbfgs,2,1,brier,0.2499908839822666
2364,2364,,,lab_hyperkalemia,lab_hyperkalemia,clinicalbert_type2_max_pool,lr_lbfgs,3,1,auroc,0.4703116611883258
2365,2365,,,lab_hyperkalemia,lab_hyperkalemia,clinicalbert_type2_max_pool,lr_lbfgs,3,1,auprc,0.0254150476584862
2366,2366,,,lab_hyperkalemia,lab_hyperkalemia,clinicalbert_type2_max_pool,lr_lbfgs,3,1,brier,0.2499950926643594
2367,2367,,,lab_hyperkalemia,lab_hyperkalemia,clinicalbert_type2_max_pool,lr_lbfgs,4,1,auroc,0.4658570624648983
2368,2368,,,lab_hyperkalemia,lab_hyperkalemia,clinicalbert_type2_max_pool,lr_lbfgs,4,1,auprc,0.0250697831064405
2369,2369,,,lab_hyperkalemia,lab_hyperkalemia,clinicalbert_type2_max_pool,lr_lbfgs,4,1,brier,0.2499890054494229
2370,2370,,,lab_hyperkalemia,lab_hyperkalemia,clinicalbert_type2_max_pool,lr_lbfgs,0,2,auroc,0.5353426037052182
2371,2371,,,lab_hyperkalemia,lab_hyperkalemia,clinicalbert_type2_max_pool,lr_lbfgs,0,2,auprc,0.0332278799658428
2372,2372,,,lab_hyperkalemia,lab_hyperkalemia,clinicalbert_type2_max_pool,lr_lbfgs,0,2,brier,0.2500092326240726
2373,2373,,,lab_hyperkalemia,lab_hyperkalemia,clinicalbert_type2_max_pool,lr_lbfgs,1,2,auroc,0.5178940566587711
2374,2374,,,lab_hyperkalemia,lab_hyperkalemia,clinicalbert_type2_max_pool,lr_lbfgs,1,2,auprc,0.0269649075360325
2375,2375,,,lab_hyperkalemia,lab_hyperkalemia,clinicalbert_type2_max_pool,lr_lbfgs,1,2,brier,0.3292306293469206
2376,2376,,,lab_hyperkalemia,lab_hyperkalemia,clinicalbert_type2_max_pool,lr_lbfgs,2,2,auroc,0.4651148383213312
2377,2377,,,lab_hyperkalemia,lab_hyperkalemia,clinicalbert_type2_max_pool,lr_lbfgs,2,2,auprc,0.0251372298789152
2378,2378,,,lab_hyperkalemia,lab_hyperkalemia,clinicalbert_type2_max_pool,lr_lbfgs,2,2,brier,0.2499847344461878
2379,2379,,,lab_hyperkalemia,lab_hyperkalemia,clinicalbert_type2_max_pool,lr_lbfgs,3,2,auroc,0.4757579093357447
2380,2380,,,lab_hyperkalemia,lab_hyperkalemia,clinicalbert_type2_max_pool,lr_lbfgs,3,2,auprc,0.0254385157371713
2381,2381,,,lab_hyperkalemia,lab_hyperkalemia,clinicalbert_type2_max_pool,lr_lbfgs,3,2,brier,0.249996936835904
2382,2382,,,lab_hyperkalemia,lab_hyperkalemia,clinicalbert_type2_max_pool,lr_lbfgs,4,2,auroc,0.4626121504452878
2383,2383,,,lab_hyperkalemia,lab_hyperkalemia,clinicalbert_type2_max_pool,lr_lbfgs,4,2,auprc,0.02507123922467
2384,2384,,,lab_hyperkalemia,lab_hyperkalemia,clinicalbert_type2_max_pool,lr_lbfgs,4,2,brier,0.2499946199050889
2385,2385,,,lab_hyperkalemia,lab_hyperkalemia,clinicalbert_type2_max_pool,lr_lbfgs,0,4,auroc,0.5366097193622597
2386,2386,,,lab_hyperkalemia,lab_hyperkalemia,clinicalbert_type2_max_pool,lr_lbfgs,0,4,auprc,0.0340872368210141
2387,2387,,,lab_hyperkalemia,lab_hyperkalemia,clinicalbert_type2_max_pool,lr_lbfgs,0,4,brier,0.2500058150919999
2388,2388,,,lab_hyperkalemia,lab_hyperkalemia,clinicalbert_type2_max_pool,lr_lbfgs,1,4,auroc,0.4902542537890933
2389,2389,,,lab_hyperkalemia,lab_hyperkalemia,clinicalbert_type2_max_pool,lr_lbfgs,1,4,auprc,0.0256974771849915
2390,2390,,,lab_hyperkalemia,lab_hyperkalemia,clinicalbert_type2_max_pool,lr_lbfgs,1,4,brier,0.3308537433057892
2391,2391,,,lab_hyperkalemia,lab_hyperkalemia,clinicalbert_type2_max_pool,lr_lbfgs,2,4,auroc,0.4731529747109708
2392,2392,,,lab_hyperkalemia,lab_hyperkalemia,clinicalbert_type2_max_pool,lr_lbfgs,2,4,auprc,0.0255183673112456
2393,2393,,,lab_hyperkalemia,lab_hyperkalemia,clinicalbert_type2_max_pool,lr_lbfgs,2,4,brier,0.2551270041980071
2394,2394,,,lab_hyperkalemia,lab_hyperkalemia,clinicalbert_type2_max_pool,lr_lbfgs,3,4,auroc,0.5281845437443756
2395,2395,,,lab_hyperkalemia,lab_hyperkalemia,clinicalbert_type2_max_pool,lr_lbfgs,3,4,auprc,0.0266689779046965
2396,2396,,,lab_hyperkalemia,lab_hyperkalemia,clinicalbert_type2_max_pool,lr_lbfgs,3,4,brier,0.3136773596731363
2397,2397,,,lab_hyperkalemia,lab_hyperkalemia,clinicalbert_type2_max_pool,lr_lbfgs,4,4,auroc,0.5632332307922897
2398,2398,,,lab_hyperkalemia,lab_hyperkalemia,clinicalbert_type2_max_pool,lr_lbfgs,4,4,auprc,0.0303534171888611
2399,2399,,,lab_hyperkalemia,lab_hyperkalemia,clinicalbert_type2_max_pool,lr_lbfgs,4,4,brier,0.2464468957854551
2400,2400,,,lab_hyperkalemia,lab_hyperkalemia,clinicalbert_type2_max_pool,lr_lbfgs,0,8,auroc,0.5288263553010167
2401,2401,,,lab_hyperkalemia,lab_hyperkalemia,clinicalbert_type2_max_pool,lr_lbfgs,0,8,auprc,0.0331503376329761
2402,2402,,,lab_hyperkalemia,lab_hyperkalemia,clinicalbert_type2_max_pool,lr_lbfgs,0,8,brier,0.2500073845708037
2403,2403,,,lab_hyperkalemia,lab_hyperkalemia,clinicalbert_type2_max_pool,lr_lbfgs,1,8,auroc,0.4594330454569749
2404,2404,,,lab_hyperkalemia,lab_hyperkalemia,clinicalbert_type2_max_pool,lr_lbfgs,1,8,auprc,0.0238514465962654
2405,2405,,,lab_hyperkalemia,lab_hyperkalemia,clinicalbert_type2_max_pool,lr_lbfgs,1,8,brier,0.4883152924469955
2406,2406,,,lab_hyperkalemia,lab_hyperkalemia,clinicalbert_type2_max_pool,lr_lbfgs,2,8,auroc,0.4779024382600929
2407,2407,,,lab_hyperkalemia,lab_hyperkalemia,clinicalbert_type2_max_pool,lr_lbfgs,2,8,auprc,0.0257327104495415
2408,2408,,,lab_hyperkalemia,lab_hyperkalemia,clinicalbert_type2_max_pool,lr_lbfgs,2,8,brier,0.2499882083625438
2409,2409,,,lab_hyperkalemia,lab_hyperkalemia,clinicalbert_type2_max_pool,lr_lbfgs,3,8,auroc,0.5706478350683571
2410,2410,,,lab_hyperkalemia,lab_hyperkalemia,clinicalbert_type2_max_pool,lr_lbfgs,3,8,auprc,0.0324767275923181
2411,2411,,,lab_hyperkalemia,lab_hyperkalemia,clinicalbert_type2_max_pool,lr_lbfgs,3,8,brier,0.3062360285050103
2412,2412,,,lab_hyperkalemia,lab_hyperkalemia,clinicalbert_type2_max_pool,lr_lbfgs,4,8,auroc,0.5395466269111577
2413,2413,,,lab_hyperkalemia,lab_hyperkalemia,clinicalbert_type2_max_pool,lr_lbfgs,4,8,auprc,0.0278846755089641
2414,2414,,,lab_hyperkalemia,lab_hyperkalemia,clinicalbert_type2_max_pool,lr_lbfgs,4,8,brier,0.4081282056901913
2415,2415,,,lab_hyperkalemia,lab_hyperkalemia,clinicalbert_type2_max_pool,lr_lbfgs,0,12,auroc,0.5270012088680667
2416,2416,,,lab_hyperkalemia,lab_hyperkalemia,clinicalbert_type2_max_pool,lr_lbfgs,0,12,auprc,0.0379184865686826
2417,2417,,,lab_hyperkalemia,lab_hyperkalemia,clinicalbert_type2_max_pool,lr_lbfgs,0,12,brier,0.2496070179045207
2418,2418,,,lab_hyperkalemia,lab_hyperkalemia,clinicalbert_type2_max_pool,lr_lbfgs,1,12,auroc,0.4105959848685174
2419,2419,,,lab_hyperkalemia,lab_hyperkalemia,clinicalbert_type2_max_pool,lr_lbfgs,1,12,auprc,0.0206149345439757
2420,2420,,,lab_hyperkalemia,lab_hyperkalemia,clinicalbert_type2_max_pool,lr_lbfgs,1,12,brier,0.2500093810288326
2421,2421,,,lab_hyperkalemia,lab_hyperkalemia,clinicalbert_type2_max_pool,lr_lbfgs,2,12,auroc,0.5580657337891753
2422,2422,,,lab_hyperkalemia,lab_hyperkalemia,clinicalbert_type2_max_pool,lr_lbfgs,2,12,auprc,0.0284345262076626
2423,2423,,,lab_hyperkalemia,lab_hyperkalemia,clinicalbert_type2_max_pool,lr_lbfgs,2,12,brier,0.2483864179541493
2424,2424,,,lab_hyperkalemia,lab_hyperkalemia,clinicalbert_type2_max_pool,lr_lbfgs,3,12,auroc,0.568027512136918
2425,2425,,,lab_hyperkalemia,lab_hyperkalemia,clinicalbert_type2_max_pool,lr_lbfgs,3,12,auprc,0.0291938360431132
2426,2426,,,lab_hyperkalemia,lab_hyperkalemia,clinicalbert_type2_max_pool,lr_lbfgs,3,12,brier,0.374721604788363
2427,2427,,,lab_hyperkalemia,lab_hyperkalemia,clinicalbert_type2_max_pool,lr_lbfgs,4,12,auroc,0.5241048601287897
2428,2428,,,lab_hyperkalemia,lab_hyperkalemia,clinicalbert_type2_max_pool,lr_lbfgs,4,12,auprc,0.0268727884313135
2429,2429,,,lab_hyperkalemia,lab_hyperkalemia,clinicalbert_type2_max_pool,lr_lbfgs,4,12,brier,0.4896583717474043
2430,2430,,,lab_hyperkalemia,lab_hyperkalemia,clinicalbert_type2_max_pool,lr_lbfgs,0,16,auroc,0.5041509827698011
2431,2431,,,lab_hyperkalemia,lab_hyperkalemia,clinicalbert_type2_max_pool,lr_lbfgs,0,16,auprc,0.028930480348571
2432,2432,,,lab_hyperkalemia,lab_hyperkalemia,clinicalbert_type2_max_pool,lr_lbfgs,0,16,brier,0.4314795626930315
2433,2433,,,lab_hyperkalemia,lab_hyperkalemia,clinicalbert_type2_max_pool,lr_lbfgs,1,16,auroc,0.4229402565003782
2434,2434,,,lab_hyperkalemia,lab_hyperkalemia,clinicalbert_type2_max_pool,lr_lbfgs,1,16,auprc,0.0218392285697138
2435,2435,,,lab_hyperkalemia,lab_hyperkalemia,clinicalbert_type2_max_pool,lr_lbfgs,1,16,brier,0.250031411967652
2436,2436,,,lab_hyperkalemia,lab_hyperkalemia,clinicalbert_type2_max_pool,lr_lbfgs,2,16,auroc,0.4847049817057385
2437,2437,,,lab_hyperkalemia,lab_hyperkalemia,clinicalbert_type2_max_pool,lr_lbfgs,2,16,auprc,0.0259634674952988
2438,2438,,,lab_hyperkalemia,lab_hyperkalemia,clinicalbert_type2_max_pool,lr_lbfgs,2,16,brier,0.2573556937986241
2439,2439,,,lab_hyperkalemia,lab_hyperkalemia,clinicalbert_type2_max_pool,lr_lbfgs,3,16,auroc,0.5677810816178583
2440,2440,,,lab_hyperkalemia,lab_hyperkalemia,clinicalbert_type2_max_pool,lr_lbfgs,3,16,auprc,0.0292355065132203
2441,2441,,,lab_hyperkalemia,lab_hyperkalemia,clinicalbert_type2_max_pool,lr_lbfgs,3,16,brier,0.3187525215551404
2442,2442,,,lab_hyperkalemia,lab_hyperkalemia,clinicalbert_type2_max_pool,lr_lbfgs,4,16,auroc,0.5228431433322012
2443,2443,,,lab_hyperkalemia,lab_hyperkalemia,clinicalbert_type2_max_pool,lr_lbfgs,4,16,auprc,0.0251930570480499
2444,2444,,,lab_hyperkalemia,lab_hyperkalemia,clinicalbert_type2_max_pool,lr_lbfgs,4,16,brier,0.4874839552276854
2445,2445,,,lab_hyperkalemia,lab_hyperkalemia,clinicalbert_type2_max_pool,lr_lbfgs,0,24,auroc,0.5170198972152305
2446,2446,,,lab_hyperkalemia,lab_hyperkalemia,clinicalbert_type2_max_pool,lr_lbfgs,0,24,auprc,0.0331521955919682
2447,2447,,,lab_hyperkalemia,lab_hyperkalemia,clinicalbert_type2_max_pool,lr_lbfgs,0,24,brier,0.2460399407665586
2448,2448,,,lab_hyperkalemia,lab_hyperkalemia,clinicalbert_type2_max_pool,lr_lbfgs,1,24,auroc,0.4294999444881086
2449,2449,,,lab_hyperkalemia,lab_hyperkalemia,clinicalbert_type2_max_pool,lr_lbfgs,1,24,auprc,0.0203642986210173
2450,2450,,,lab_hyperkalemia,lab_hyperkalemia,clinicalbert_type2_max_pool,lr_lbfgs,1,24,brier,0.2530214053275625
2451,2451,,,lab_hyperkalemia,lab_hyperkalemia,clinicalbert_type2_max_pool,lr_lbfgs,2,24,auroc,0.5829282011869493
2452,2452,,,lab_hyperkalemia,lab_hyperkalemia,clinicalbert_type2_max_pool,lr_lbfgs,2,24,auprc,0.030863425375225
2453,2453,,,lab_hyperkalemia,lab_hyperkalemia,clinicalbert_type2_max_pool,lr_lbfgs,2,24,brier,0.2500013778199841
2454,2454,,,lab_hyperkalemia,lab_hyperkalemia,clinicalbert_type2_max_pool,lr_lbfgs,3,24,auroc,0.5742553411879809
2455,2455,,,lab_hyperkalemia,lab_hyperkalemia,clinicalbert_type2_max_pool,lr_lbfgs,3,24,auprc,0.0307353637196024
2456,2456,,,lab_hyperkalemia,lab_hyperkalemia,clinicalbert_type2_max_pool,lr_lbfgs,3,24,brier,0.3306945879767303
2457,2457,,,lab_hyperkalemia,lab_hyperkalemia,clinicalbert_type2_max_pool,lr_lbfgs,4,24,auroc,0.5201440032556476
2458,2458,,,lab_hyperkalemia,lab_hyperkalemia,clinicalbert_type2_max_pool,lr_lbfgs,4,24,auprc,0.0248432459906173
2459,2459,,,lab_hyperkalemia,lab_hyperkalemia,clinicalbert_type2_max_pool,lr_lbfgs,4,24,brier,0.4219036862965158
2460,2460,,,lab_hyperkalemia,lab_hyperkalemia,clinicalbert_type2_max_pool,lr_lbfgs,0,32,auroc,0.5265602432102697
2461,2461,,,lab_hyperkalemia,lab_hyperkalemia,clinicalbert_type2_max_pool,lr_lbfgs,0,32,auprc,0.0438782645597128
2462,2462,,,lab_hyperkalemia,lab_hyperkalemia,clinicalbert_type2_max_pool,lr_lbfgs,0,32,brier,0.2449041387620106
2463,2463,,,lab_hyperkalemia,lab_hyperkalemia,clinicalbert_type2_max_pool,lr_lbfgs,1,32,auroc,0.4724281595608026
2464,2464,,,lab_hyperkalemia,lab_hyperkalemia,clinicalbert_type2_max_pool,lr_lbfgs,1,32,auprc,0.0236992514219091
2465,2465,,,lab_hyperkalemia,lab_hyperkalemia,clinicalbert_type2_max_pool,lr_lbfgs,1,32,brier,0.2465818817137459
2466,2466,,,lab_hyperkalemia,lab_hyperkalemia,clinicalbert_type2_max_pool,lr_lbfgs,2,32,auroc,0.5678200860530688
2467,2467,,,lab_hyperkalemia,lab_hyperkalemia,clinicalbert_type2_max_pool,lr_lbfgs,2,32,auprc,0.0297728418201842
2468,2468,,,lab_hyperkalemia,lab_hyperkalemia,clinicalbert_type2_max_pool,lr_lbfgs,2,32,brier,0.2185962220521483
2469,2469,,,lab_hyperkalemia,lab_hyperkalemia,clinicalbert_type2_max_pool,lr_lbfgs,3,32,auroc,0.5735226971720313
2470,2470,,,lab_hyperkalemia,lab_hyperkalemia,clinicalbert_type2_max_pool,lr_lbfgs,3,32,auprc,0.0311784682761202
2471,2471,,,lab_hyperkalemia,lab_hyperkalemia,clinicalbert_type2_max_pool,lr_lbfgs,3,32,brier,0.3614141181764811
2472,2472,,,lab_hyperkalemia,lab_hyperkalemia,clinicalbert_type2_max_pool,lr_lbfgs,4,32,auroc,0.530937216475631
2473,2473,,,lab_hyperkalemia,lab_hyperkalemia,clinicalbert_type2_max_pool,lr_lbfgs,4,32,auprc,0.0268056933879772
2474,2474,,,lab_hyperkalemia,lab_hyperkalemia,clinicalbert_type2_max_pool,lr_lbfgs,4,32,brier,0.4315278201337202
2475,2475,,,lab_hyperkalemia,lab_hyperkalemia,clinicalbert_type2_max_pool,lr_lbfgs,0,48,auroc,0.4974306657304773
2476,2476,,,lab_hyperkalemia,lab_hyperkalemia,clinicalbert_type2_max_pool,lr_lbfgs,0,48,auprc,0.0265619640370072
2477,2477,,,lab_hyperkalemia,lab_hyperkalemia,clinicalbert_type2_max_pool,lr_lbfgs,0,48,brier,0.248228859921369
2478,2478,,,lab_hyperkalemia,lab_hyperkalemia,clinicalbert_type2_max_pool,lr_lbfgs,1,48,auroc,0.417946352031442
2479,2479,,,lab_hyperkalemia,lab_hyperkalemia,clinicalbert_type2_max_pool,lr_lbfgs,1,48,auprc,0.0205902769064042
2480,2480,,,lab_hyperkalemia,lab_hyperkalemia,clinicalbert_type2_max_pool,lr_lbfgs,1,48,brier,0.2494647390213873
2481,2481,,,lab_hyperkalemia,lab_hyperkalemia,clinicalbert_type2_max_pool,lr_lbfgs,2,48,auroc,0.5721584279330781
2482,2482,,,lab_hyperkalemia,lab_hyperkalemia,clinicalbert_type2_max_pool,lr_lbfgs,2,48,auprc,0.0305961153835722
2483,2483,,,lab_hyperkalemia,lab_hyperkalemia,clinicalbert_type2_max_pool,lr_lbfgs,2,48,brier,0.2371234206360982
2484,2484,,,lab_hyperkalemia,lab_hyperkalemia,clinicalbert_type2_max_pool,lr_lbfgs,3,48,auroc,0.571030983179327
2485,2485,,,lab_hyperkalemia,lab_hyperkalemia,clinicalbert_type2_max_pool,lr_lbfgs,3,48,auprc,0.0292949656320162
2486,2486,,,lab_hyperkalemia,lab_hyperkalemia,clinicalbert_type2_max_pool,lr_lbfgs,3,48,brier,0.3508409538625998
2487,2487,,,lab_hyperkalemia,lab_hyperkalemia,clinicalbert_type2_max_pool,lr_lbfgs,4,48,auroc,0.5394442558124743
2488,2488,,,lab_hyperkalemia,lab_hyperkalemia,clinicalbert_type2_max_pool,lr_lbfgs,4,48,auprc,0.0274310865739362
2489,2489,,,lab_hyperkalemia,lab_hyperkalemia,clinicalbert_type2_max_pool,lr_lbfgs,4,48,brier,0.4573550012766705
2490,2490,,,lab_hyperkalemia,lab_hyperkalemia,clinicalbert_type2_max_pool,lr_lbfgs,0,64,auroc,0.4926013176991454
2491,2491,,,lab_hyperkalemia,lab_hyperkalemia,clinicalbert_type2_max_pool,lr_lbfgs,0,64,auprc,0.0251034147146791
2492,2492,,,lab_hyperkalemia,lab_hyperkalemia,clinicalbert_type2_max_pool,lr_lbfgs,0,64,brier,0.2456254354447265
2493,2493,,,lab_hyperkalemia,lab_hyperkalemia,clinicalbert_type2_max_pool,lr_lbfgs,1,64,auroc,0.4597122784573467
2494,2494,,,lab_hyperkalemia,lab_hyperkalemia,clinicalbert_type2_max_pool,lr_lbfgs,1,64,auprc,0.0215273382988558
2495,2495,,,lab_hyperkalemia,lab_hyperkalemia,clinicalbert_type2_max_pool,lr_lbfgs,1,64,brier,0.2456555631987505
2496,2496,,,lab_hyperkalemia,lab_hyperkalemia,clinicalbert_type2_max_pool,lr_lbfgs,2,64,auroc,0.5847710571256843
2497,2497,,,lab_hyperkalemia,lab_hyperkalemia,clinicalbert_type2_max_pool,lr_lbfgs,2,64,auprc,0.039014323159465
2498,2498,,,lab_hyperkalemia,lab_hyperkalemia,clinicalbert_type2_max_pool,lr_lbfgs,2,64,brier,0.2268667635818508
2499,2499,,,lab_hyperkalemia,lab_hyperkalemia,clinicalbert_type2_max_pool,lr_lbfgs,3,64,auroc,0.523606994005068
2500,2500,,,lab_hyperkalemia,lab_hyperkalemia,clinicalbert_type2_max_pool,lr_lbfgs,3,64,auprc,0.0274738532283638
2501,2501,,,lab_hyperkalemia,lab_hyperkalemia,clinicalbert_type2_max_pool,lr_lbfgs,3,64,brier,0.2495342749893093
2502,2502,,,lab_hyperkalemia,lab_hyperkalemia,clinicalbert_type2_max_pool,lr_lbfgs,4,64,auroc,0.5335882434829278
2503,2503,,,lab_hyperkalemia,lab_hyperkalemia,clinicalbert_type2_max_pool,lr_lbfgs,4,64,auprc,0.0271433537151396
2504,2504,,,lab_hyperkalemia,lab_hyperkalemia,clinicalbert_type2_max_pool,lr_lbfgs,4,64,brier,0.4411227988936107
2505,2505,,,lab_hyperkalemia,lab_hyperkalemia,clinicalbert_type2_max_pool,lr_lbfgs,0,128,auroc,0.5641708605242639
2506,2506,,,lab_hyperkalemia,lab_hyperkalemia,clinicalbert_type2_max_pool,lr_lbfgs,0,128,auprc,0.029241501575199
2507,2507,,,lab_hyperkalemia,lab_hyperkalemia,clinicalbert_type2_max_pool,lr_lbfgs,0,128,brier,0.2406762218358513
2508,2508,,,lab_hyperkalemia,lab_hyperkalemia,clinicalbert_type2_max_pool,lr_lbfgs,1,128,auroc,0.5146437302349636
2509,2509,,,lab_hyperkalemia,lab_hyperkalemia,clinicalbert_type2_max_pool,lr_lbfgs,1,128,auprc,0.0248122577044085
2510,2510,,,lab_hyperkalemia,lab_hyperkalemia,clinicalbert_type2_max_pool,lr_lbfgs,1,128,brier,0.4173096321533295
2511,2511,,,lab_hyperkalemia,lab_hyperkalemia,clinicalbert_type2_max_pool,lr_lbfgs,2,128,auroc,0.5859522366028107
2512,2512,,,lab_hyperkalemia,lab_hyperkalemia,clinicalbert_type2_max_pool,lr_lbfgs,2,128,auprc,0.0348630898169336
2513,2513,,,lab_hyperkalemia,lab_hyperkalemia,clinicalbert_type2_max_pool,lr_lbfgs,2,128,brier,0.2245731444565405
2514,2514,,,lab_hyperkalemia,lab_hyperkalemia,clinicalbert_type2_max_pool,lr_lbfgs,3,128,auroc,0.5354143847155007
2515,2515,,,lab_hyperkalemia,lab_hyperkalemia,clinicalbert_type2_max_pool,lr_lbfgs,3,128,auprc,0.0276793930949759
2516,2516,,,lab_hyperkalemia,lab_hyperkalemia,clinicalbert_type2_max_pool,lr_lbfgs,3,128,brier,0.2273918737775303
2517,2517,,,lab_hyperkalemia,lab_hyperkalemia,clinicalbert_type2_max_pool,lr_lbfgs,4,128,auroc,0.5768198413530867
2518,2518,,,lab_hyperkalemia,lab_hyperkalemia,clinicalbert_type2_max_pool,lr_lbfgs,4,128,auprc,0.0292043398770034
2519,2519,,,lab_hyperkalemia,lab_hyperkalemia,clinicalbert_type2_max_pool,lr_lbfgs,4,128,brier,0.2448240815043386
2520,2520,,,lab_hyperkalemia,lab_hyperkalemia,clinicalbert_type2_max_pool,knn,0,-1,auroc,0.5202557886820113
2521,2521,,,lab_hyperkalemia,lab_hyperkalemia,clinicalbert_type2_max_pool,knn,0,-1,auprc,0.0266682687869514
2522,2522,,,lab_hyperkalemia,lab_hyperkalemia,clinicalbert_type2_max_pool,knn,0,-1,brier,0.0300848515515382
2523,2523,,,lab_hyperkalemia,lab_hyperkalemia,clinicalbert_type2_max_pool,knn,0,1,auroc,0.5065767964687432
2524,2524,,,lab_hyperkalemia,lab_hyperkalemia,clinicalbert_type2_max_pool,knn,0,1,auprc,0.024733292117737
2525,2525,,,lab_hyperkalemia,lab_hyperkalemia,clinicalbert_type2_max_pool,knn,0,1,brier,0.6224372771118407
2526,2526,,,lab_hyperkalemia,lab_hyperkalemia,clinicalbert_type2_max_pool,knn,1,1,auroc,0.4816699620440421
2527,2527,,,lab_hyperkalemia,lab_hyperkalemia,clinicalbert_type2_max_pool,knn,1,1,auprc,0.0236091444601877
2528,2528,,,lab_hyperkalemia,lab_hyperkalemia,clinicalbert_type2_max_pool,knn,1,1,brier,0.4586429547703957
2529,2529,,,lab_hyperkalemia,lab_hyperkalemia,clinicalbert_type2_max_pool,knn,2,1,auroc,0.4823374674096907
2530,2530,,,lab_hyperkalemia,lab_hyperkalemia,clinicalbert_type2_max_pool,knn,2,1,auprc,0.0236383714675517
2531,2531,,,lab_hyperkalemia,lab_hyperkalemia,clinicalbert_type2_max_pool,knn,2,1,brier,0.4432626898967841
2532,2532,,,lab_hyperkalemia,lab_hyperkalemia,clinicalbert_type2_max_pool,knn,3,1,auroc,0.5206315379707865
2533,2533,,,lab_hyperkalemia,lab_hyperkalemia,clinicalbert_type2_max_pool,knn,3,1,auprc,0.0255669743275324
2534,2534,,,lab_hyperkalemia,lab_hyperkalemia,clinicalbert_type2_max_pool,knn,3,1,brier,0.2430678836818374
2535,2535,,,lab_hyperkalemia,lab_hyperkalemia,clinicalbert_type2_max_pool,knn,4,1,auroc,0.5125686507592819
2536,2536,,,lab_hyperkalemia,lab_hyperkalemia,clinicalbert_type2_max_pool,knn,4,1,auprc,0.0250634985936333
2537,2537,,,lab_hyperkalemia,lab_hyperkalemia,clinicalbert_type2_max_pool,knn,4,1,brier,0.2961368670761786
2538,2538,,,lab_hyperkalemia,lab_hyperkalemia,clinicalbert_type2_max_pool,knn,0,2,auroc,0.5331163975868399
2539,2539,,,lab_hyperkalemia,lab_hyperkalemia,clinicalbert_type2_max_pool,knn,0,2,auprc,0.0270158020941113
2540,2540,,,lab_hyperkalemia,lab_hyperkalemia,clinicalbert_type2_max_pool,knn,0,2,brier,0.1158782775360155
2541,2541,,,lab_hyperkalemia,lab_hyperkalemia,clinicalbert_type2_max_pool,knn,1,2,auroc,0.4702087616023428
2542,2542,,,lab_hyperkalemia,lab_hyperkalemia,clinicalbert_type2_max_pool,knn,1,2,auprc,0.02313214740441
2543,2543,,,lab_hyperkalemia,lab_hyperkalemia,clinicalbert_type2_max_pool,knn,1,2,brier,0.5973009913122712
2544,2544,,,lab_hyperkalemia,lab_hyperkalemia,clinicalbert_type2_max_pool,knn,2,2,auroc,0.5220740647800666
2545,2545,,,lab_hyperkalemia,lab_hyperkalemia,clinicalbert_type2_max_pool,knn,2,2,auprc,0.0256988815752876
2546,2546,,,lab_hyperkalemia,lab_hyperkalemia,clinicalbert_type2_max_pool,knn,2,2,brier,0.2065888489152121
2547,2547,,,lab_hyperkalemia,lab_hyperkalemia,clinicalbert_type2_max_pool,knn,3,2,auroc,0.4750364619967995
2548,2548,,,lab_hyperkalemia,lab_hyperkalemia,clinicalbert_type2_max_pool,knn,3,2,auprc,0.0233302817818286
2549,2549,,,lab_hyperkalemia,lab_hyperkalemia,clinicalbert_type2_max_pool,knn,3,2,brier,0.2936057827421942
2550,2550,,,lab_hyperkalemia,lab_hyperkalemia,clinicalbert_type2_max_pool,knn,4,2,auroc,0.4866097069272643
2551,2551,,,lab_hyperkalemia,lab_hyperkalemia,clinicalbert_type2_max_pool,knn,4,2,auprc,0.0238089446105439
2552,2552,,,lab_hyperkalemia,lab_hyperkalemia,clinicalbert_type2_max_pool,knn,4,2,brier,0.5034798045653779
2553,2553,,,lab_hyperkalemia,lab_hyperkalemia,clinicalbert_type2_max_pool,knn,0,4,auroc,0.5374723090789372
2554,2554,,,lab_hyperkalemia,lab_hyperkalemia,clinicalbert_type2_max_pool,knn,0,4,auprc,0.0267219332040258
2555,2555,,,lab_hyperkalemia,lab_hyperkalemia,clinicalbert_type2_max_pool,knn,0,4,brier,0.1959774960419077
2556,2556,,,lab_hyperkalemia,lab_hyperkalemia,clinicalbert_type2_max_pool,knn,1,4,auroc,0.5109738781577298
2557,2557,,,lab_hyperkalemia,lab_hyperkalemia,clinicalbert_type2_max_pool,knn,1,4,auprc,0.0252409066709255
2558,2558,,,lab_hyperkalemia,lab_hyperkalemia,clinicalbert_type2_max_pool,knn,1,4,brier,0.2347854775108794
2559,2559,,,lab_hyperkalemia,lab_hyperkalemia,clinicalbert_type2_max_pool,knn,2,4,auroc,0.5379485901233433
2560,2560,,,lab_hyperkalemia,lab_hyperkalemia,clinicalbert_type2_max_pool,knn,2,4,auprc,0.0264646901681066
2561,2561,,,lab_hyperkalemia,lab_hyperkalemia,clinicalbert_type2_max_pool,knn,2,4,brier,0.3192151194759084
2562,2562,,,lab_hyperkalemia,lab_hyperkalemia,clinicalbert_type2_max_pool,knn,3,4,auroc,0.566854114894341
2563,2563,,,lab_hyperkalemia,lab_hyperkalemia,clinicalbert_type2_max_pool,knn,3,4,auprc,0.0285726027629082
2564,2564,,,lab_hyperkalemia,lab_hyperkalemia,clinicalbert_type2_max_pool,knn,3,4,brier,0.2540266060602887
2565,2565,,,lab_hyperkalemia,lab_hyperkalemia,clinicalbert_type2_max_pool,knn,4,4,auroc,0.5293945257793307
2566,2566,,,lab_hyperkalemia,lab_hyperkalemia,clinicalbert_type2_max_pool,knn,4,4,auprc,0.0258079940437538
2567,2567,,,lab_hyperkalemia,lab_hyperkalemia,clinicalbert_type2_max_pool,knn,4,4,brier,0.3200634691216439
2568,2568,,,lab_hyperkalemia,lab_hyperkalemia,clinicalbert_type2_max_pool,knn,0,8,auroc,0.4922190814878298
2569,2569,,,lab_hyperkalemia,lab_hyperkalemia,clinicalbert_type2_max_pool,knn,0,8,auprc,0.0240577036121477
2570,2570,,,lab_hyperkalemia,lab_hyperkalemia,clinicalbert_type2_max_pool,knn,0,8,brier,0.3884812970323472
2571,2571,,,lab_hyperkalemia,lab_hyperkalemia,clinicalbert_type2_max_pool,knn,1,8,auroc,0.5073769158778579
2572,2572,,,lab_hyperkalemia,lab_hyperkalemia,clinicalbert_type2_max_pool,knn,1,8,auprc,0.023856589334833
2573,2573,,,lab_hyperkalemia,lab_hyperkalemia,clinicalbert_type2_max_pool,knn,1,8,brier,0.2931989500594872
2574,2574,,,lab_hyperkalemia,lab_hyperkalemia,clinicalbert_type2_max_pool,knn,2,8,auroc,0.5356112358721097
2575,2575,,,lab_hyperkalemia,lab_hyperkalemia,clinicalbert_type2_max_pool,knn,2,8,auprc,0.0266560768749736
2576,2576,,,lab_hyperkalemia,lab_hyperkalemia,clinicalbert_type2_max_pool,knn,2,8,brier,0.3685564590995816
2577,2577,,,lab_hyperkalemia,lab_hyperkalemia,clinicalbert_type2_max_pool,knn,3,8,auroc,0.5450238485593323
2578,2578,,,lab_hyperkalemia,lab_hyperkalemia,clinicalbert_type2_max_pool,knn,3,8,auprc,0.0270043390596655
2579,2579,,,lab_hyperkalemia,lab_hyperkalemia,clinicalbert_type2_max_pool,knn,3,8,brier,0.4219439775030242
2580,2580,,,lab_hyperkalemia,lab_hyperkalemia,clinicalbert_type2_max_pool,knn,4,8,auroc,0.552622039997038
2581,2581,,,lab_hyperkalemia,lab_hyperkalemia,clinicalbert_type2_max_pool,knn,4,8,auprc,0.0272287001191022
2582,2582,,,lab_hyperkalemia,lab_hyperkalemia,clinicalbert_type2_max_pool,knn,4,8,brier,0.376504904194094
2583,2583,,,lab_hyperkalemia,lab_hyperkalemia,clinicalbert_type2_max_pool,knn,0,12,auroc,0.5219005396021129
2584,2584,,,lab_hyperkalemia,lab_hyperkalemia,clinicalbert_type2_max_pool,knn,0,12,auprc,0.0283549491043204
2585,2585,,,lab_hyperkalemia,lab_hyperkalemia,clinicalbert_type2_max_pool,knn,0,12,brier,0.3389400557879495
2586,2586,,,lab_hyperkalemia,lab_hyperkalemia,clinicalbert_type2_max_pool,knn,1,12,auroc,0.4487615034846069
2587,2587,,,lab_hyperkalemia,lab_hyperkalemia,clinicalbert_type2_max_pool,knn,1,12,auprc,0.0204969869287314
2588,2588,,,lab_hyperkalemia,lab_hyperkalemia,clinicalbert_type2_max_pool,knn,1,12,brier,0.3406767357040428
2589,2589,,,lab_hyperkalemia,lab_hyperkalemia,clinicalbert_type2_max_pool,knn,2,12,auroc,0.5214500715354191
2590,2590,,,lab_hyperkalemia,lab_hyperkalemia,clinicalbert_type2_max_pool,knn,2,12,auprc,0.026070001661511
2591,2591,,,lab_hyperkalemia,lab_hyperkalemia,clinicalbert_type2_max_pool,knn,2,12,brier,0.337585815467357
2592,2592,,,lab_hyperkalemia,lab_hyperkalemia,clinicalbert_type2_max_pool,knn,3,12,auroc,0.5515237501259821
2593,2593,,,lab_hyperkalemia,lab_hyperkalemia,clinicalbert_type2_max_pool,knn,3,12,auprc,0.0274768035829298
2594,2594,,,lab_hyperkalemia,lab_hyperkalemia,clinicalbert_type2_max_pool,knn,3,12,brier,0.4049769845883147
2595,2595,,,lab_hyperkalemia,lab_hyperkalemia,clinicalbert_type2_max_pool,knn,4,12,auroc,0.553023363926116
2596,2596,,,lab_hyperkalemia,lab_hyperkalemia,clinicalbert_type2_max_pool,knn,4,12,auprc,0.0280881734604011
2597,2597,,,lab_hyperkalemia,lab_hyperkalemia,clinicalbert_type2_max_pool,knn,4,12,brier,0.2966414780136051
2598,2598,,,lab_hyperkalemia,lab_hyperkalemia,clinicalbert_type2_max_pool,knn,0,16,auroc,0.5200490620666469
2599,2599,,,lab_hyperkalemia,lab_hyperkalemia,clinicalbert_type2_max_pool,knn,0,16,auprc,0.029003673120005
2600,2600,,,lab_hyperkalemia,lab_hyperkalemia,clinicalbert_type2_max_pool,knn,0,16,brier,0.3033614478651651
2601,2601,,,lab_hyperkalemia,lab_hyperkalemia,clinicalbert_type2_max_pool,knn,1,16,auroc,0.4650016487767499
2602,2602,,,lab_hyperkalemia,lab_hyperkalemia,clinicalbert_type2_max_pool,knn,1,16,auprc,0.0226204097174837
2603,2603,,,lab_hyperkalemia,lab_hyperkalemia,clinicalbert_type2_max_pool,knn,1,16,brier,0.2833104488398034
2604,2604,,,lab_hyperkalemia,lab_hyperkalemia,clinicalbert_type2_max_pool,knn,2,16,auroc,0.4996101628978164
2605,2605,,,lab_hyperkalemia,lab_hyperkalemia,clinicalbert_type2_max_pool,knn,2,16,auprc,0.0249498669605341
2606,2606,,,lab_hyperkalemia,lab_hyperkalemia,clinicalbert_type2_max_pool,knn,2,16,brier,0.3722718674982013
2607,2607,,,lab_hyperkalemia,lab_hyperkalemia,clinicalbert_type2_max_pool,knn,3,16,auroc,0.5261987838035761
2608,2608,,,lab_hyperkalemia,lab_hyperkalemia,clinicalbert_type2_max_pool,knn,3,16,auprc,0.0258234418454396
2609,2609,,,lab_hyperkalemia,lab_hyperkalemia,clinicalbert_type2_max_pool,knn,3,16,brier,0.3968548222393289
2610,2610,,,lab_hyperkalemia,lab_hyperkalemia,clinicalbert_type2_max_pool,knn,4,16,auroc,0.5373639018262925
2611,2611,,,lab_hyperkalemia,lab_hyperkalemia,clinicalbert_type2_max_pool,knn,4,16,auprc,0.0265021887832699
2612,2612,,,lab_hyperkalemia,lab_hyperkalemia,clinicalbert_type2_max_pool,knn,4,16,brier,0.3045983692834588
2613,2613,,,lab_hyperkalemia,lab_hyperkalemia,clinicalbert_type2_max_pool,knn,0,24,auroc,0.4918217678447312
2614,2614,,,lab_hyperkalemia,lab_hyperkalemia,clinicalbert_type2_max_pool,knn,0,24,auprc,0.0242349254454607
2615,2615,,,lab_hyperkalemia,lab_hyperkalemia,clinicalbert_type2_max_pool,knn,0,24,brier,0.3160224620642826
2616,2616,,,lab_hyperkalemia,lab_hyperkalemia,clinicalbert_type2_max_pool,knn,1,24,auroc,0.4691526108215588
2617,2617,,,lab_hyperkalemia,lab_hyperkalemia,clinicalbert_type2_max_pool,knn,1,24,auprc,0.0230168154075443
2618,2618,,,lab_hyperkalemia,lab_hyperkalemia,clinicalbert_type2_max_pool,knn,1,24,brier,0.2702697437669867
2619,2619,,,lab_hyperkalemia,lab_hyperkalemia,clinicalbert_type2_max_pool,knn,2,24,auroc,0.516540341622066
2620,2620,,,lab_hyperkalemia,lab_hyperkalemia,clinicalbert_type2_max_pool,knn,2,24,auprc,0.0253435499794906
2621,2621,,,lab_hyperkalemia,lab_hyperkalemia,clinicalbert_type2_max_pool,knn,2,24,brier,0.3737008398772845
2622,2622,,,lab_hyperkalemia,lab_hyperkalemia,clinicalbert_type2_max_pool,knn,3,24,auroc,0.5495482335125486
2623,2623,,,lab_hyperkalemia,lab_hyperkalemia,clinicalbert_type2_max_pool,knn,3,24,auprc,0.0272835035631798
2624,2624,,,lab_hyperkalemia,lab_hyperkalemia,clinicalbert_type2_max_pool,knn,3,24,brier,0.4455563759759948
2625,2625,,,lab_hyperkalemia,lab_hyperkalemia,clinicalbert_type2_max_pool,knn,4,24,auroc,0.5088747266036755
2626,2626,,,lab_hyperkalemia,lab_hyperkalemia,clinicalbert_type2_max_pool,knn,4,24,auprc,0.0248504442971856
2627,2627,,,lab_hyperkalemia,lab_hyperkalemia,clinicalbert_type2_max_pool,knn,4,24,brier,0.5181845317581261
2628,2628,,,lab_hyperkalemia,lab_hyperkalemia,clinicalbert_type2_max_pool,knn,0,32,auroc,0.5173112025235248
2629,2629,,,lab_hyperkalemia,lab_hyperkalemia,clinicalbert_type2_max_pool,knn,0,32,auprc,0.0278016320051113
2630,2630,,,lab_hyperkalemia,lab_hyperkalemia,clinicalbert_type2_max_pool,knn,0,32,brier,0.3036471393520722
2631,2631,,,lab_hyperkalemia,lab_hyperkalemia,clinicalbert_type2_max_pool,knn,1,32,auroc,0.4930065172017538
2632,2632,,,lab_hyperkalemia,lab_hyperkalemia,clinicalbert_type2_max_pool,knn,1,32,auprc,0.0239699439193545
2633,2633,,,lab_hyperkalemia,lab_hyperkalemia,clinicalbert_type2_max_pool,knn,1,32,brier,0.2747571991893549
2634,2634,,,lab_hyperkalemia,lab_hyperkalemia,clinicalbert_type2_max_pool,knn,2,32,auroc,0.5400771452599984
2635,2635,,,lab_hyperkalemia,lab_hyperkalemia,clinicalbert_type2_max_pool,knn,2,32,auprc,0.0271378072524829
2636,2636,,,lab_hyperkalemia,lab_hyperkalemia,clinicalbert_type2_max_pool,knn,2,32,brier,0.377258880038444
2637,2637,,,lab_hyperkalemia,lab_hyperkalemia,clinicalbert_type2_max_pool,knn,3,32,auroc,0.5634338694412125
2638,2638,,,lab_hyperkalemia,lab_hyperkalemia,clinicalbert_type2_max_pool,knn,3,32,auprc,0.029357390758712
2639,2639,,,lab_hyperkalemia,lab_hyperkalemia,clinicalbert_type2_max_pool,knn,3,32,brier,0.2925950945840032
2640,2640,,,lab_hyperkalemia,lab_hyperkalemia,clinicalbert_type2_max_pool,knn,4,32,auroc,0.518727429317777
2641,2641,,,lab_hyperkalemia,lab_hyperkalemia,clinicalbert_type2_max_pool,knn,4,32,auprc,0.025370132282369
2642,2642,,,lab_hyperkalemia,lab_hyperkalemia,clinicalbert_type2_max_pool,knn,4,32,brier,0.5038568488523715
2643,2643,,,lab_hyperkalemia,lab_hyperkalemia,clinicalbert_type2_max_pool,knn,0,48,auroc,0.5379212227712203
2644,2644,,,lab_hyperkalemia,lab_hyperkalemia,clinicalbert_type2_max_pool,knn,0,48,auprc,0.0284129593909337
2645,2645,,,lab_hyperkalemia,lab_hyperkalemia,clinicalbert_type2_max_pool,knn,0,48,brier,0.2681595813110195
2646,2646,,,lab_hyperkalemia,lab_hyperkalemia,clinicalbert_type2_max_pool,knn,1,48,auroc,0.4795186715910077
2647,2647,,,lab_hyperkalemia,lab_hyperkalemia,clinicalbert_type2_max_pool,knn,1,48,auprc,0.0240255776985047
2648,2648,,,lab_hyperkalemia,lab_hyperkalemia,clinicalbert_type2_max_pool,knn,1,48,brier,0.2844868270152232
2649,2649,,,lab_hyperkalemia,lab_hyperkalemia,clinicalbert_type2_max_pool,knn,2,48,auroc,0.5461773808969416
2650,2650,,,lab_hyperkalemia,lab_hyperkalemia,clinicalbert_type2_max_pool,knn,2,48,auprc,0.0262939629693367
2651,2651,,,lab_hyperkalemia,lab_hyperkalemia,clinicalbert_type2_max_pool,knn,2,48,brier,0.3497613192541129
2652,2652,,,lab_hyperkalemia,lab_hyperkalemia,clinicalbert_type2_max_pool,knn,3,48,auroc,0.541043064606246
2653,2653,,,lab_hyperkalemia,lab_hyperkalemia,clinicalbert_type2_max_pool,knn,3,48,auprc,0.0280426814082715
2654,2654,,,lab_hyperkalemia,lab_hyperkalemia,clinicalbert_type2_max_pool,knn,3,48,brier,0.2972610176355483
2655,2655,,,lab_hyperkalemia,lab_hyperkalemia,clinicalbert_type2_max_pool,knn,4,48,auroc,0.4984378951673111
2656,2656,,,lab_hyperkalemia,lab_hyperkalemia,clinicalbert_type2_max_pool,knn,4,48,auprc,0.0242081744253154
2657,2657,,,lab_hyperkalemia,lab_hyperkalemia,clinicalbert_type2_max_pool,knn,4,48,brier,0.3576526898444169
2658,2658,,,lab_hyperkalemia,lab_hyperkalemia,clinicalbert_type2_max_pool,knn,0,64,auroc,0.5204392307687047
2659,2659,,,lab_hyperkalemia,lab_hyperkalemia,clinicalbert_type2_max_pool,knn,0,64,auprc,0.0266765134259149
2660,2660,,,lab_hyperkalemia,lab_hyperkalemia,clinicalbert_type2_max_pool,knn,0,64,brier,0.2644388242614262
2661,2661,,,lab_hyperkalemia,lab_hyperkalemia,clinicalbert_type2_max_pool,knn,1,64,auroc,0.4987893651277924
2662,2662,,,lab_hyperkalemia,lab_hyperkalemia,clinicalbert_type2_max_pool,knn,1,64,auprc,0.0243195818009251
2663,2663,,,lab_hyperkalemia,lab_hyperkalemia,clinicalbert_type2_max_pool,knn,1,64,brier,0.3101835123420909
2664,2664,,,lab_hyperkalemia,lab_hyperkalemia,clinicalbert_type2_max_pool,knn,2,64,auroc,0.5268024717371728
2665,2665,,,lab_hyperkalemia,lab_hyperkalemia,clinicalbert_type2_max_pool,knn,2,64,auprc,0.0256496215658437
2666,2666,,,lab_hyperkalemia,lab_hyperkalemia,clinicalbert_type2_max_pool,knn,2,64,brier,0.3242354641572275
2667,2667,,,lab_hyperkalemia,lab_hyperkalemia,clinicalbert_type2_max_pool,knn,3,64,auroc,0.5259618971433977
2668,2668,,,lab_hyperkalemia,lab_hyperkalemia,clinicalbert_type2_max_pool,knn,3,64,auprc,0.0272732036022425
2669,2669,,,lab_hyperkalemia,lab_hyperkalemia,clinicalbert_type2_max_pool,knn,3,64,brier,0.2543704145916139
2670,2670,,,lab_hyperkalemia,lab_hyperkalemia,clinicalbert_type2_max_pool,knn,4,64,auroc,0.4797483304101768
2671,2671,,,lab_hyperkalemia,lab_hyperkalemia,clinicalbert_type2_max_pool,knn,4,64,auprc,0.0232712217803512
2672,2672,,,lab_hyperkalemia,lab_hyperkalemia,clinicalbert_type2_max_pool,knn,4,64,brier,0.3145196612885489
2673,2673,,,lab_hyperkalemia,lab_hyperkalemia,clinicalbert_type2_max_pool,knn,0,128,auroc,0.5320926762375094
2674,2674,,,lab_hyperkalemia,lab_hyperkalemia,clinicalbert_type2_max_pool,knn,0,128,auprc,0.0262920401392851
2675,2675,,,lab_hyperkalemia,lab_hyperkalemia,clinicalbert_type2_max_pool,knn,0,128,brier,0.2853492110871967
2676,2676,,,lab_hyperkalemia,lab_hyperkalemia,clinicalbert_type2_max_pool,knn,1,128,auroc,0.5183378305530032
2677,2677,,,lab_hyperkalemia,lab_hyperkalemia,clinicalbert_type2_max_pool,knn,1,128,auprc,0.0254905341229124
2678,2678,,,lab_hyperkalemia,lab_hyperkalemia,clinicalbert_type2_max_pool,knn,1,128,brier,0.2872606161532057
2679,2679,,,lab_hyperkalemia,lab_hyperkalemia,clinicalbert_type2_max_pool,knn,2,128,auroc,0.4913221297341815
2680,2680,,,lab_hyperkalemia,lab_hyperkalemia,clinicalbert_type2_max_pool,knn,2,128,auprc,0.0225271291868645
2681,2681,,,lab_hyperkalemia,lab_hyperkalemia,clinicalbert_type2_max_pool,knn,2,128,brier,0.2866532081239556
2682,2682,,,lab_hyperkalemia,lab_hyperkalemia,clinicalbert_type2_max_pool,knn,3,128,auroc,0.5032157623181633
2683,2683,,,lab_hyperkalemia,lab_hyperkalemia,clinicalbert_type2_max_pool,knn,3,128,auprc,0.0251040472825492
2684,2684,,,lab_hyperkalemia,lab_hyperkalemia,clinicalbert_type2_max_pool,knn,3,128,brier,0.267568849857823
2685,2685,,,lab_hyperkalemia,lab_hyperkalemia,clinicalbert_type2_max_pool,knn,4,128,auroc,0.4916795270424153
2686,2686,,,lab_hyperkalemia,lab_hyperkalemia,clinicalbert_type2_max_pool,knn,4,128,auprc,0.023891028353955
2687,2687,,,lab_hyperkalemia,lab_hyperkalemia,clinicalbert_type2_max_pool,knn,4,128,brier,0.3011829764504423
2688,2688,,,lab_hyperkalemia,lab_hyperkalemia,clinicalbert_type2_max_pool,rf,0,-1,auroc,0.5885961134878187
2689,2689,,,lab_hyperkalemia,lab_hyperkalemia,clinicalbert_type2_max_pool,rf,0,-1,auprc,0.0320234432535945
2690,2690,,,lab_hyperkalemia,lab_hyperkalemia,clinicalbert_type2_max_pool,rf,0,-1,brier,0.0247644328000313
2691,2691,,,lab_hyperkalemia,lab_hyperkalemia,clinicalbert_type2_max_pool,rf,0,1,auroc,0.5354531300883094
2692,2692,,,lab_hyperkalemia,lab_hyperkalemia,clinicalbert_type2_max_pool,rf,0,1,auprc,0.0305672654670089
2693,2693,,,lab_hyperkalemia,lab_hyperkalemia,clinicalbert_type2_max_pool,rf,0,1,brier,0.2905879282987447
2694,2694,,,lab_hyperkalemia,lab_hyperkalemia,clinicalbert_type2_max_pool,rf,1,1,auroc,0.5428839413082315
2695,2695,,,lab_hyperkalemia,lab_hyperkalemia,clinicalbert_type2_max_pool,rf,1,1,auprc,0.0264178005544365
2696,2696,,,lab_hyperkalemia,lab_hyperkalemia,clinicalbert_type2_max_pool,rf,1,1,brier,0.2878412250797291
2697,2697,,,lab_hyperkalemia,lab_hyperkalemia,clinicalbert_type2_max_pool,rf,2,1,auroc,0.4770814228776515
2698,2698,,,lab_hyperkalemia,lab_hyperkalemia,clinicalbert_type2_max_pool,rf,2,1,auprc,0.0247561644561337
2699,2699,,,lab_hyperkalemia,lab_hyperkalemia,clinicalbert_type2_max_pool,rf,2,1,brier,0.5322141925753698
2700,2700,,,lab_hyperkalemia,lab_hyperkalemia,clinicalbert_type2_max_pool,rf,3,1,auroc,0.5549837875640223
2701,2701,,,lab_hyperkalemia,lab_hyperkalemia,clinicalbert_type2_max_pool,rf,3,1,auprc,0.0279947867587455
2702,2702,,,lab_hyperkalemia,lab_hyperkalemia,clinicalbert_type2_max_pool,rf,3,1,brier,0.4455127016794181
2703,2703,,,lab_hyperkalemia,lab_hyperkalemia,clinicalbert_type2_max_pool,rf,4,1,auroc,0.4834719793857622
2704,2704,,,lab_hyperkalemia,lab_hyperkalemia,clinicalbert_type2_max_pool,rf,4,1,auprc,0.0245320214601892
2705,2705,,,lab_hyperkalemia,lab_hyperkalemia,clinicalbert_type2_max_pool,rf,4,1,brier,0.4118724961902817
2706,2706,,,lab_hyperkalemia,lab_hyperkalemia,clinicalbert_type2_max_pool,rf,0,2,auroc,0.5354431820920814
2707,2707,,,lab_hyperkalemia,lab_hyperkalemia,clinicalbert_type2_max_pool,rf,0,2,auprc,0.0301972083799328
2708,2708,,,lab_hyperkalemia,lab_hyperkalemia,clinicalbert_type2_max_pool,rf,0,2,brier,0.1573826056902267
2709,2709,,,lab_hyperkalemia,lab_hyperkalemia,clinicalbert_type2_max_pool,rf,1,2,auroc,0.5671232289172997
2710,2710,,,lab_hyperkalemia,lab_hyperkalemia,clinicalbert_type2_max_pool,rf,1,2,auprc,0.0337367904664404
2711,2711,,,lab_hyperkalemia,lab_hyperkalemia,clinicalbert_type2_max_pool,rf,1,2,brier,0.3163070868615776
2712,2712,,,lab_hyperkalemia,lab_hyperkalemia,clinicalbert_type2_max_pool,rf,2,2,auroc,0.4613955312315994
2713,2713,,,lab_hyperkalemia,lab_hyperkalemia,clinicalbert_type2_max_pool,rf,2,2,auprc,0.0234979836122774
2714,2714,,,lab_hyperkalemia,lab_hyperkalemia,clinicalbert_type2_max_pool,rf,2,2,brier,0.3110593373446657
2715,2715,,,lab_hyperkalemia,lab_hyperkalemia,clinicalbert_type2_max_pool,rf,3,2,auroc,0.4560991921335888
2716,2716,,,lab_hyperkalemia,lab_hyperkalemia,clinicalbert_type2_max_pool,rf,3,2,auprc,0.0224646337669934
2717,2717,,,lab_hyperkalemia,lab_hyperkalemia,clinicalbert_type2_max_pool,rf,3,2,brier,0.2803970747647401
2718,2718,,,lab_hyperkalemia,lab_hyperkalemia,clinicalbert_type2_max_pool,rf,4,2,auroc,0.4699721029170779
2719,2719,,,lab_hyperkalemia,lab_hyperkalemia,clinicalbert_type2_max_pool,rf,4,2,auprc,0.0229391602595366
2720,2720,,,lab_hyperkalemia,lab_hyperkalemia,clinicalbert_type2_max_pool,rf,4,2,brier,0.3147642294942893
2721,2721,,,lab_hyperkalemia,lab_hyperkalemia,clinicalbert_type2_max_pool,rf,0,4,auroc,0.5088660013819839
2722,2722,,,lab_hyperkalemia,lab_hyperkalemia,clinicalbert_type2_max_pool,rf,0,4,auprc,0.0251464120310718
2723,2723,,,lab_hyperkalemia,lab_hyperkalemia,clinicalbert_type2_max_pool,rf,0,4,brier,0.386936200964605
2724,2724,,,lab_hyperkalemia,lab_hyperkalemia,clinicalbert_type2_max_pool,rf,1,4,auroc,0.4640224757980278
2725,2725,,,lab_hyperkalemia,lab_hyperkalemia,clinicalbert_type2_max_pool,rf,1,4,auprc,0.023492630677267
2726,2726,,,lab_hyperkalemia,lab_hyperkalemia,clinicalbert_type2_max_pool,rf,1,4,brier,0.3106277787378443
2727,2727,,,lab_hyperkalemia,lab_hyperkalemia,clinicalbert_type2_max_pool,rf,2,4,auroc,0.4825199354217535
2728,2728,,,lab_hyperkalemia,lab_hyperkalemia,clinicalbert_type2_max_pool,rf,2,4,auprc,0.0253673164525991
2729,2729,,,lab_hyperkalemia,lab_hyperkalemia,clinicalbert_type2_max_pool,rf,2,4,brier,0.2990226601870908
2730,2730,,,lab_hyperkalemia,lab_hyperkalemia,clinicalbert_type2_max_pool,rf,3,4,auroc,0.4465669806979652
2731,2731,,,lab_hyperkalemia,lab_hyperkalemia,clinicalbert_type2_max_pool,rf,3,4,auprc,0.0232044561107912
2732,2732,,,lab_hyperkalemia,lab_hyperkalemia,clinicalbert_type2_max_pool,rf,3,4,brier,0.3334269790897523
2733,2733,,,lab_hyperkalemia,lab_hyperkalemia,clinicalbert_type2_max_pool,rf,4,4,auroc,0.5178119183336659
2734,2734,,,lab_hyperkalemia,lab_hyperkalemia,clinicalbert_type2_max_pool,rf,4,4,auprc,0.0278602085060656
2735,2735,,,lab_hyperkalemia,lab_hyperkalemia,clinicalbert_type2_max_pool,rf,4,4,brier,0.2614344340931823
2736,2736,,,lab_hyperkalemia,lab_hyperkalemia,clinicalbert_type2_max_pool,rf,0,8,auroc,0.5460948695219778
2737,2737,,,lab_hyperkalemia,lab_hyperkalemia,clinicalbert_type2_max_pool,rf,0,8,auprc,0.0329524478046214
2738,2738,,,lab_hyperkalemia,lab_hyperkalemia,clinicalbert_type2_max_pool,rf,0,8,brier,0.2668452390303678
2739,2739,,,lab_hyperkalemia,lab_hyperkalemia,clinicalbert_type2_max_pool,rf,1,8,auroc,0.4647486950664135
2740,2740,,,lab_hyperkalemia,lab_hyperkalemia,clinicalbert_type2_max_pool,rf,1,8,auprc,0.0241353157027684
2741,2741,,,lab_hyperkalemia,lab_hyperkalemia,clinicalbert_type2_max_pool,rf,1,8,brier,0.2852930286082353
2742,2742,,,lab_hyperkalemia,lab_hyperkalemia,clinicalbert_type2_max_pool,rf,2,8,auroc,0.5478313078073139
2743,2743,,,lab_hyperkalemia,lab_hyperkalemia,clinicalbert_type2_max_pool,rf,2,8,auprc,0.0280022791633109
2744,2744,,,lab_hyperkalemia,lab_hyperkalemia,clinicalbert_type2_max_pool,rf,2,8,brier,0.2971276169230044
2745,2745,,,lab_hyperkalemia,lab_hyperkalemia,clinicalbert_type2_max_pool,rf,3,8,auroc,0.560678533548467
2746,2746,,,lab_hyperkalemia,lab_hyperkalemia,clinicalbert_type2_max_pool,rf,3,8,auprc,0.0339385338118656
2747,2747,,,lab_hyperkalemia,lab_hyperkalemia,clinicalbert_type2_max_pool,rf,3,8,brier,0.2209351138202441
2748,2748,,,lab_hyperkalemia,lab_hyperkalemia,clinicalbert_type2_max_pool,rf,4,8,auroc,0.5113592490241068
2749,2749,,,lab_hyperkalemia,lab_hyperkalemia,clinicalbert_type2_max_pool,rf,4,8,auprc,0.0270113184570318
2750,2750,,,lab_hyperkalemia,lab_hyperkalemia,clinicalbert_type2_max_pool,rf,4,8,brier,0.214850159458313
2751,2751,,,lab_hyperkalemia,lab_hyperkalemia,clinicalbert_type2_max_pool,rf,0,12,auroc,0.5470346028406544
2752,2752,,,lab_hyperkalemia,lab_hyperkalemia,clinicalbert_type2_max_pool,rf,0,12,auprc,0.0323431162776769
2753,2753,,,lab_hyperkalemia,lab_hyperkalemia,clinicalbert_type2_max_pool,rf,0,12,brier,0.2578512356055488
2754,2754,,,lab_hyperkalemia,lab_hyperkalemia,clinicalbert_type2_max_pool,rf,1,12,auroc,0.4363010216405601
2755,2755,,,lab_hyperkalemia,lab_hyperkalemia,clinicalbert_type2_max_pool,rf,1,12,auprc,0.020369571608421
2756,2756,,,lab_hyperkalemia,lab_hyperkalemia,clinicalbert_type2_max_pool,rf,1,12,brier,0.2584284118580429
2757,2757,,,lab_hyperkalemia,lab_hyperkalemia,clinicalbert_type2_max_pool,rf,2,12,auroc,0.585643154432507
2758,2758,,,lab_hyperkalemia,lab_hyperkalemia,clinicalbert_type2_max_pool,rf,2,12,auprc,0.031650925714318
2759,2759,,,lab_hyperkalemia,lab_hyperkalemia,clinicalbert_type2_max_pool,rf,2,12,brier,0.2440588424740389
2760,2760,,,lab_hyperkalemia,lab_hyperkalemia,clinicalbert_type2_max_pool,rf,3,12,auroc,0.5619963788050231
2761,2761,,,lab_hyperkalemia,lab_hyperkalemia,clinicalbert_type2_max_pool,rf,3,12,auprc,0.0299642729158838
2762,2762,,,lab_hyperkalemia,lab_hyperkalemia,clinicalbert_type2_max_pool,rf,3,12,brier,0.2167454297688239
2763,2763,,,lab_hyperkalemia,lab_hyperkalemia,clinicalbert_type2_max_pool,rf,4,12,auroc,0.5400254312233571
2764,2764,,,lab_hyperkalemia,lab_hyperkalemia,clinicalbert_type2_max_pool,rf,4,12,auprc,0.0292737941695669
2765,2765,,,lab_hyperkalemia,lab_hyperkalemia,clinicalbert_type2_max_pool,rf,4,12,brier,0.2681744803858419
2766,2766,,,lab_hyperkalemia,lab_hyperkalemia,clinicalbert_type2_max_pool,rf,0,16,auroc,0.5534574022552895
2767,2767,,,lab_hyperkalemia,lab_hyperkalemia,clinicalbert_type2_max_pool,rf,0,16,auprc,0.0381542138586386
2768,2768,,,lab_hyperkalemia,lab_hyperkalemia,clinicalbert_type2_max_pool,rf,0,16,brier,0.2426830220099602
2769,2769,,,lab_hyperkalemia,lab_hyperkalemia,clinicalbert_type2_max_pool,rf,1,16,auroc,0.4821738384154848
2770,2770,,,lab_hyperkalemia,lab_hyperkalemia,clinicalbert_type2_max_pool,rf,1,16,auprc,0.023243043344332
2771,2771,,,lab_hyperkalemia,lab_hyperkalemia,clinicalbert_type2_max_pool,rf,1,16,brier,0.2289180007226682
2772,2772,,,lab_hyperkalemia,lab_hyperkalemia,clinicalbert_type2_max_pool,rf,2,16,auroc,0.5309939304166263
2773,2773,,,lab_hyperkalemia,lab_hyperkalemia,clinicalbert_type2_max_pool,rf,2,16,auprc,0.0274175713658978
2774,2774,,,lab_hyperkalemia,lab_hyperkalemia,clinicalbert_type2_max_pool,rf,2,16,brier,0.2821565362198168
2775,2775,,,lab_hyperkalemia,lab_hyperkalemia,clinicalbert_type2_max_pool,rf,3,16,auroc,0.5613968928635831
2776,2776,,,lab_hyperkalemia,lab_hyperkalemia,clinicalbert_type2_max_pool,rf,3,16,auprc,0.0290317064172514
2777,2777,,,lab_hyperkalemia,lab_hyperkalemia,clinicalbert_type2_max_pool,rf,3,16,brier,0.2161994721379982
2778,2778,,,lab_hyperkalemia,lab_hyperkalemia,clinicalbert_type2_max_pool,rf,4,16,auroc,0.5229211729276142
2779,2779,,,lab_hyperkalemia,lab_hyperkalemia,clinicalbert_type2_max_pool,rf,4,16,auprc,0.0264147701785541
2780,2780,,,lab_hyperkalemia,lab_hyperkalemia,clinicalbert_type2_max_pool,rf,4,16,brier,0.2771230342638996
2781,2781,,,lab_hyperkalemia,lab_hyperkalemia,clinicalbert_type2_max_pool,rf,0,24,auroc,0.5437257697640312
2782,2782,,,lab_hyperkalemia,lab_hyperkalemia,clinicalbert_type2_max_pool,rf,0,24,auprc,0.0275062314170822
2783,2783,,,lab_hyperkalemia,lab_hyperkalemia,clinicalbert_type2_max_pool,rf,0,24,brier,0.2374921841861342
2784,2784,,,lab_hyperkalemia,lab_hyperkalemia,clinicalbert_type2_max_pool,rf,1,24,auroc,0.5034405766704193
2785,2785,,,lab_hyperkalemia,lab_hyperkalemia,clinicalbert_type2_max_pool,rf,1,24,auprc,0.0241870560899592
2786,2786,,,lab_hyperkalemia,lab_hyperkalemia,clinicalbert_type2_max_pool,rf,1,24,brier,0.2308806136783608
2787,2787,,,lab_hyperkalemia,lab_hyperkalemia,clinicalbert_type2_max_pool,rf,2,24,auroc,0.5529863024589188
2788,2788,,,lab_hyperkalemia,lab_hyperkalemia,clinicalbert_type2_max_pool,rf,2,24,auprc,0.0277620778400099
2789,2789,,,lab_hyperkalemia,lab_hyperkalemia,clinicalbert_type2_max_pool,rf,2,24,brier,0.2999219204122351
2790,2790,,,lab_hyperkalemia,lab_hyperkalemia,clinicalbert_type2_max_pool,rf,3,24,auroc,0.58028295645246
2791,2791,,,lab_hyperkalemia,lab_hyperkalemia,clinicalbert_type2_max_pool,rf,3,24,auprc,0.032417117936915
2792,2792,,,lab_hyperkalemia,lab_hyperkalemia,clinicalbert_type2_max_pool,rf,3,24,brier,0.2269528144785006
2793,2793,,,lab_hyperkalemia,lab_hyperkalemia,clinicalbert_type2_max_pool,rf,4,24,auroc,0.5273390055149826
2794,2794,,,lab_hyperkalemia,lab_hyperkalemia,clinicalbert_type2_max_pool,rf,4,24,auprc,0.0264269094479837
2795,2795,,,lab_hyperkalemia,lab_hyperkalemia,clinicalbert_type2_max_pool,rf,4,24,brier,0.279076290591174
2796,2796,,,lab_hyperkalemia,lab_hyperkalemia,clinicalbert_type2_max_pool,rf,0,32,auroc,0.5103661488506657
2797,2797,,,lab_hyperkalemia,lab_hyperkalemia,clinicalbert_type2_max_pool,rf,0,32,auprc,0.0258208690541121
2798,2798,,,lab_hyperkalemia,lab_hyperkalemia,clinicalbert_type2_max_pool,rf,0,32,brier,0.2492618965327635
2799,2799,,,lab_hyperkalemia,lab_hyperkalemia,clinicalbert_type2_max_pool,rf,1,32,auroc,0.5091252088586988
2800,2800,,,lab_hyperkalemia,lab_hyperkalemia,clinicalbert_type2_max_pool,rf,1,32,auprc,0.0269602807592278
2801,2801,,,lab_hyperkalemia,lab_hyperkalemia,clinicalbert_type2_max_pool,rf,1,32,brier,0.2291501578872952
2802,2802,,,lab_hyperkalemia,lab_hyperkalemia,clinicalbert_type2_max_pool,rf,2,32,auroc,0.5893224674686534
2803,2803,,,lab_hyperkalemia,lab_hyperkalemia,clinicalbert_type2_max_pool,rf,2,32,auprc,0.036221128585104
2804,2804,,,lab_hyperkalemia,lab_hyperkalemia,clinicalbert_type2_max_pool,rf,2,32,brier,0.2437247428331038
2805,2805,,,lab_hyperkalemia,lab_hyperkalemia,clinicalbert_type2_max_pool,rf,3,32,auroc,0.5705911159461137
2806,2806,,,lab_hyperkalemia,lab_hyperkalemia,clinicalbert_type2_max_pool,rf,3,32,auprc,0.0298446173328551
2807,2807,,,lab_hyperkalemia,lab_hyperkalemia,clinicalbert_type2_max_pool,rf,3,32,brier,0.2585490079022198
2808,2808,,,lab_hyperkalemia,lab_hyperkalemia,clinicalbert_type2_max_pool,rf,4,32,auroc,0.5537722304296646
2809,2809,,,lab_hyperkalemia,lab_hyperkalemia,clinicalbert_type2_max_pool,rf,4,32,auprc,0.0295817419999944
2810,2810,,,lab_hyperkalemia,lab_hyperkalemia,clinicalbert_type2_max_pool,rf,4,32,brier,0.2322480053310729
2811,2811,,,lab_hyperkalemia,lab_hyperkalemia,clinicalbert_type2_max_pool,rf,0,48,auroc,0.4920601985168242
2812,2812,,,lab_hyperkalemia,lab_hyperkalemia,clinicalbert_type2_max_pool,rf,0,48,auprc,0.0246418860008087
2813,2813,,,lab_hyperkalemia,lab_hyperkalemia,clinicalbert_type2_max_pool,rf,0,48,brier,0.234699189354783
2814,2814,,,lab_hyperkalemia,lab_hyperkalemia,clinicalbert_type2_max_pool,rf,1,48,auroc,0.4601103848313947
2815,2815,,,lab_hyperkalemia,lab_hyperkalemia,clinicalbert_type2_max_pool,rf,1,48,auprc,0.0228340434278677
2816,2816,,,lab_hyperkalemia,lab_hyperkalemia,clinicalbert_type2_max_pool,rf,1,48,brier,0.2451416514412051
2817,2817,,,lab_hyperkalemia,lab_hyperkalemia,clinicalbert_type2_max_pool,rf,2,48,auroc,0.579877995287261
2818,2818,,,lab_hyperkalemia,lab_hyperkalemia,clinicalbert_type2_max_pool,rf,2,48,auprc,0.0305091344900297
2819,2819,,,lab_hyperkalemia,lab_hyperkalemia,clinicalbert_type2_max_pool,rf,2,48,brier,0.2507882582124959
2820,2820,,,lab_hyperkalemia,lab_hyperkalemia,clinicalbert_type2_max_pool,rf,3,48,auroc,0.6102501500333996
2821,2821,,,lab_hyperkalemia,lab_hyperkalemia,clinicalbert_type2_max_pool,rf,3,48,auprc,0.0389644929894791
2822,2822,,,lab_hyperkalemia,lab_hyperkalemia,clinicalbert_type2_max_pool,rf,3,48,brier,0.2355705905456145
2823,2823,,,lab_hyperkalemia,lab_hyperkalemia,clinicalbert_type2_max_pool,rf,4,48,auroc,0.5387796933957099
2824,2824,,,lab_hyperkalemia,lab_hyperkalemia,clinicalbert_type2_max_pool,rf,4,48,auprc,0.027303100080725
2825,2825,,,lab_hyperkalemia,lab_hyperkalemia,clinicalbert_type2_max_pool,rf,4,48,brier,0.2567772019613506
2826,2826,,,lab_hyperkalemia,lab_hyperkalemia,clinicalbert_type2_max_pool,rf,0,64,auroc,0.4927544598473277
2827,2827,,,lab_hyperkalemia,lab_hyperkalemia,clinicalbert_type2_max_pool,rf,0,64,auprc,0.0234110647247978
2828,2828,,,lab_hyperkalemia,lab_hyperkalemia,clinicalbert_type2_max_pool,rf,0,64,brier,0.2085155241932917
2829,2829,,,lab_hyperkalemia,lab_hyperkalemia,clinicalbert_type2_max_pool,rf,1,64,auroc,0.5263142686410373
2830,2830,,,lab_hyperkalemia,lab_hyperkalemia,clinicalbert_type2_max_pool,rf,1,64,auprc,0.02668594897815
2831,2831,,,lab_hyperkalemia,lab_hyperkalemia,clinicalbert_type2_max_pool,rf,1,64,brier,0.2710847878340376
2832,2832,,,lab_hyperkalemia,lab_hyperkalemia,clinicalbert_type2_max_pool,rf,2,64,auroc,0.5699684853696996
2833,2833,,,lab_hyperkalemia,lab_hyperkalemia,clinicalbert_type2_max_pool,rf,2,64,auprc,0.0351136466073921
2834,2834,,,lab_hyperkalemia,lab_hyperkalemia,clinicalbert_type2_max_pool,rf,2,64,brier,0.2282430838858311
2835,2835,,,lab_hyperkalemia,lab_hyperkalemia,clinicalbert_type2_max_pool,rf,3,64,auroc,0.5714425815232592
2836,2836,,,lab_hyperkalemia,lab_hyperkalemia,clinicalbert_type2_max_pool,rf,3,64,auprc,0.0331513891477347
2837,2837,,,lab_hyperkalemia,lab_hyperkalemia,clinicalbert_type2_max_pool,rf,3,64,brier,0.2111908284443412
2838,2838,,,lab_hyperkalemia,lab_hyperkalemia,clinicalbert_type2_max_pool,rf,4,64,auroc,0.5261307695606154
2839,2839,,,lab_hyperkalemia,lab_hyperkalemia,clinicalbert_type2_max_pool,rf,4,64,auprc,0.0269355364465904
2840,2840,,,lab_hyperkalemia,lab_hyperkalemia,clinicalbert_type2_max_pool,rf,4,64,brier,0.245646081095942
2841,2841,,,lab_hyperkalemia,lab_hyperkalemia,clinicalbert_type2_max_pool,rf,0,128,auroc,0.6027258794614146
2842,2842,,,lab_hyperkalemia,lab_hyperkalemia,clinicalbert_type2_max_pool,rf,0,128,auprc,0.0339823441981607
2843,2843,,,lab_hyperkalemia,lab_hyperkalemia,clinicalbert_type2_max_pool,rf,0,128,brier,0.2042929633656517
2844,2844,,,lab_hyperkalemia,lab_hyperkalemia,clinicalbert_type2_max_pool,rf,1,128,auroc,0.5047456190630799
2845,2845,,,lab_hyperkalemia,lab_hyperkalemia,clinicalbert_type2_max_pool,rf,1,128,auprc,0.024635019153491
2846,2846,,,lab_hyperkalemia,lab_hyperkalemia,clinicalbert_type2_max_pool,rf,1,128,brier,0.2176715944260286
2847,2847,,,lab_hyperkalemia,lab_hyperkalemia,clinicalbert_type2_max_pool,rf,2,128,auroc,0.5752375244718116
2848,2848,,,lab_hyperkalemia,lab_hyperkalemia,clinicalbert_type2_max_pool,rf,2,128,auprc,0.0315318828878782
2849,2849,,,lab_hyperkalemia,lab_hyperkalemia,clinicalbert_type2_max_pool,rf,2,128,brier,0.2239159568284291
2850,2850,,,lab_hyperkalemia,lab_hyperkalemia,clinicalbert_type2_max_pool,rf,3,128,auroc,0.5341838538508372
2851,2851,,,lab_hyperkalemia,lab_hyperkalemia,clinicalbert_type2_max_pool,rf,3,128,auprc,0.0283275264424734
2852,2852,,,lab_hyperkalemia,lab_hyperkalemia,clinicalbert_type2_max_pool,rf,3,128,brier,0.2262601134274897
2853,2853,,,lab_hyperkalemia,lab_hyperkalemia,clinicalbert_type2_max_pool,rf,4,128,auroc,0.5566235178547776
2854,2854,,,lab_hyperkalemia,lab_hyperkalemia,clinicalbert_type2_max_pool,rf,4,128,auprc,0.0273673545962298
2855,2855,,,lab_hyperkalemia,lab_hyperkalemia,clinicalbert_type2_max_pool,rf,4,128,brier,0.2220579681878142
2856,2856,,,lab_hyperkalemia,lab_hyperkalemia,clinicalbert_type2_mean_pool,lr_lbfgs,0,-1,auroc,0.6032057821981975
2857,2857,,,lab_hyperkalemia,lab_hyperkalemia,clinicalbert_type2_mean_pool,lr_lbfgs,0,-1,auprc,0.0336194611044137
2858,2858,,,lab_hyperkalemia,lab_hyperkalemia,clinicalbert_type2_mean_pool,lr_lbfgs,0,-1,brier,0.0240030959315335
2859,2859,,,lab_hyperkalemia,lab_hyperkalemia,clinicalbert_type2_mean_pool,lr_lbfgs,0,1,auroc,0.5115121683786236
2860,2860,,,lab_hyperkalemia,lab_hyperkalemia,clinicalbert_type2_mean_pool,lr_lbfgs,0,1,auprc,0.0250280601924453
2861,2861,,,lab_hyperkalemia,lab_hyperkalemia,clinicalbert_type2_mean_pool,lr_lbfgs,0,1,brier,0.2500031528412688
2862,2862,,,lab_hyperkalemia,lab_hyperkalemia,clinicalbert_type2_mean_pool,lr_lbfgs,1,1,auroc,0.5297243070355359
2863,2863,,,lab_hyperkalemia,lab_hyperkalemia,clinicalbert_type2_mean_pool,lr_lbfgs,1,1,auprc,0.0278429712979651
2864,2864,,,lab_hyperkalemia,lab_hyperkalemia,clinicalbert_type2_mean_pool,lr_lbfgs,1,1,brier,0.2499991166735821
2865,2865,,,lab_hyperkalemia,lab_hyperkalemia,clinicalbert_type2_mean_pool,lr_lbfgs,2,1,auroc,0.5205265866105815
2866,2866,,,lab_hyperkalemia,lab_hyperkalemia,clinicalbert_type2_mean_pool,lr_lbfgs,2,1,auprc,0.0280617257224863
2867,2867,,,lab_hyperkalemia,lab_hyperkalemia,clinicalbert_type2_mean_pool,lr_lbfgs,2,1,brier,0.2499968663031981
2868,2868,,,lab_hyperkalemia,lab_hyperkalemia,clinicalbert_type2_mean_pool,lr_lbfgs,3,1,auroc,0.5124699324404633
2869,2869,,,lab_hyperkalemia,lab_hyperkalemia,clinicalbert_type2_mean_pool,lr_lbfgs,3,1,auprc,0.0258194381957745
2870,2870,,,lab_hyperkalemia,lab_hyperkalemia,clinicalbert_type2_mean_pool,lr_lbfgs,3,1,brier,0.2500002045448418
2871,2871,,,lab_hyperkalemia,lab_hyperkalemia,clinicalbert_type2_mean_pool,lr_lbfgs,4,1,auroc,0.5113063899316497
2872,2872,,,lab_hyperkalemia,lab_hyperkalemia,clinicalbert_type2_mean_pool,lr_lbfgs,4,1,auprc,0.0268954848250186
2873,2873,,,lab_hyperkalemia,lab_hyperkalemia,clinicalbert_type2_mean_pool,lr_lbfgs,4,1,brier,0.2499945481372662
2874,2874,,,lab_hyperkalemia,lab_hyperkalemia,clinicalbert_type2_mean_pool,lr_lbfgs,0,2,auroc,0.5219816261338669
2875,2875,,,lab_hyperkalemia,lab_hyperkalemia,clinicalbert_type2_mean_pool,lr_lbfgs,0,2,auprc,0.0267109101333138
2876,2876,,,lab_hyperkalemia,lab_hyperkalemia,clinicalbert_type2_mean_pool,lr_lbfgs,0,2,brier,0.2500022049528277
2877,2877,,,lab_hyperkalemia,lab_hyperkalemia,clinicalbert_type2_mean_pool,lr_lbfgs,1,2,auroc,0.4944733129768315
2878,2878,,,lab_hyperkalemia,lab_hyperkalemia,clinicalbert_type2_mean_pool,lr_lbfgs,1,2,auprc,0.0245080507527767
2879,2879,,,lab_hyperkalemia,lab_hyperkalemia,clinicalbert_type2_mean_pool,lr_lbfgs,1,2,brier,0.2499990721976945
2880,2880,,,lab_hyperkalemia,lab_hyperkalemia,clinicalbert_type2_mean_pool,lr_lbfgs,2,2,auroc,0.516198006201871
2881,2881,,,lab_hyperkalemia,lab_hyperkalemia,clinicalbert_type2_mean_pool,lr_lbfgs,2,2,auprc,0.0272981161097515
2882,2882,,,lab_hyperkalemia,lab_hyperkalemia,clinicalbert_type2_mean_pool,lr_lbfgs,2,2,brier,0.2499971777039762
2883,2883,,,lab_hyperkalemia,lab_hyperkalemia,clinicalbert_type2_mean_pool,lr_lbfgs,3,2,auroc,0.5064098307508025
2884,2884,,,lab_hyperkalemia,lab_hyperkalemia,clinicalbert_type2_mean_pool,lr_lbfgs,3,2,auprc,0.0249441420375053
2885,2885,,,lab_hyperkalemia,lab_hyperkalemia,clinicalbert_type2_mean_pool,lr_lbfgs,3,2,brier,0.4419906218447893
2886,2886,,,lab_hyperkalemia,lab_hyperkalemia,clinicalbert_type2_mean_pool,lr_lbfgs,4,2,auroc,0.4761362026173054
2887,2887,,,lab_hyperkalemia,lab_hyperkalemia,clinicalbert_type2_mean_pool,lr_lbfgs,4,2,auprc,0.0253431630839226
2888,2888,,,lab_hyperkalemia,lab_hyperkalemia,clinicalbert_type2_mean_pool,lr_lbfgs,4,2,brier,0.2499981451093814
2889,2889,,,lab_hyperkalemia,lab_hyperkalemia,clinicalbert_type2_mean_pool,lr_lbfgs,0,4,auroc,0.5011642730647867
2890,2890,,,lab_hyperkalemia,lab_hyperkalemia,clinicalbert_type2_mean_pool,lr_lbfgs,0,4,auprc,0.0239971538817945
2891,2891,,,lab_hyperkalemia,lab_hyperkalemia,clinicalbert_type2_mean_pool,lr_lbfgs,0,4,brier,0.2500008836575433
2892,2892,,,lab_hyperkalemia,lab_hyperkalemia,clinicalbert_type2_mean_pool,lr_lbfgs,1,4,auroc,0.5224291616141727
2893,2893,,,lab_hyperkalemia,lab_hyperkalemia,clinicalbert_type2_mean_pool,lr_lbfgs,1,4,auprc,0.0262761300797343
2894,2894,,,lab_hyperkalemia,lab_hyperkalemia,clinicalbert_type2_mean_pool,lr_lbfgs,1,4,brier,0.2923515765837735
2895,2895,,,lab_hyperkalemia,lab_hyperkalemia,clinicalbert_type2_mean_pool,lr_lbfgs,2,4,auroc,0.5176425381541406
2896,2896,,,lab_hyperkalemia,lab_hyperkalemia,clinicalbert_type2_mean_pool,lr_lbfgs,2,4,auprc,0.0271365357332467
2897,2897,,,lab_hyperkalemia,lab_hyperkalemia,clinicalbert_type2_mean_pool,lr_lbfgs,2,4,brier,0.2499987727418584
2898,2898,,,lab_hyperkalemia,lab_hyperkalemia,clinicalbert_type2_mean_pool,lr_lbfgs,3,4,auroc,0.5264969387217733
2899,2899,,,lab_hyperkalemia,lab_hyperkalemia,clinicalbert_type2_mean_pool,lr_lbfgs,3,4,auprc,0.0249657085645759
2900,2900,,,lab_hyperkalemia,lab_hyperkalemia,clinicalbert_type2_mean_pool,lr_lbfgs,3,4,brier,0.2560905549697408
2901,2901,,,lab_hyperkalemia,lab_hyperkalemia,clinicalbert_type2_mean_pool,lr_lbfgs,4,4,auroc,0.4836055208726266
2902,2902,,,lab_hyperkalemia,lab_hyperkalemia,clinicalbert_type2_mean_pool,lr_lbfgs,4,4,auprc,0.0243397342602179
2903,2903,,,lab_hyperkalemia,lab_hyperkalemia,clinicalbert_type2_mean_pool,lr_lbfgs,4,4,brier,0.463239873912815
2904,2904,,,lab_hyperkalemia,lab_hyperkalemia,clinicalbert_type2_mean_pool,lr_lbfgs,0,8,auroc,0.4978238291938995
2905,2905,,,lab_hyperkalemia,lab_hyperkalemia,clinicalbert_type2_mean_pool,lr_lbfgs,0,8,auprc,0.0244149507992397
2906,2906,,,lab_hyperkalemia,lab_hyperkalemia,clinicalbert_type2_mean_pool,lr_lbfgs,0,8,brier,0.2443259695502461
2907,2907,,,lab_hyperkalemia,lab_hyperkalemia,clinicalbert_type2_mean_pool,lr_lbfgs,1,8,auroc,0.4756596625104974
2908,2908,,,lab_hyperkalemia,lab_hyperkalemia,clinicalbert_type2_mean_pool,lr_lbfgs,1,8,auprc,0.022658330415009
2909,2909,,,lab_hyperkalemia,lab_hyperkalemia,clinicalbert_type2_mean_pool,lr_lbfgs,1,8,brier,0.2499956193910225
2910,2910,,,lab_hyperkalemia,lab_hyperkalemia,clinicalbert_type2_mean_pool,lr_lbfgs,2,8,auroc,0.5206041498936714
2911,2911,,,lab_hyperkalemia,lab_hyperkalemia,clinicalbert_type2_mean_pool,lr_lbfgs,2,8,auprc,0.0273624960931603
2912,2912,,,lab_hyperkalemia,lab_hyperkalemia,clinicalbert_type2_mean_pool,lr_lbfgs,2,8,brier,0.2499972559015677
2913,2913,,,lab_hyperkalemia,lab_hyperkalemia,clinicalbert_type2_mean_pool,lr_lbfgs,3,8,auroc,0.5659599040209035
2914,2914,,,lab_hyperkalemia,lab_hyperkalemia,clinicalbert_type2_mean_pool,lr_lbfgs,3,8,auprc,0.0294508146005663
2915,2915,,,lab_hyperkalemia,lab_hyperkalemia,clinicalbert_type2_mean_pool,lr_lbfgs,3,8,brier,0.2833613210279801
2916,2916,,,lab_hyperkalemia,lab_hyperkalemia,clinicalbert_type2_mean_pool,lr_lbfgs,4,8,auroc,0.4800603451668686
2917,2917,,,lab_hyperkalemia,lab_hyperkalemia,clinicalbert_type2_mean_pool,lr_lbfgs,4,8,auprc,0.0242919879624217
2918,2918,,,lab_hyperkalemia,lab_hyperkalemia,clinicalbert_type2_mean_pool,lr_lbfgs,4,8,brier,0.2499998009386128
2919,2919,,,lab_hyperkalemia,lab_hyperkalemia,clinicalbert_type2_mean_pool,lr_lbfgs,0,12,auroc,0.5039208731820529
2920,2920,,,lab_hyperkalemia,lab_hyperkalemia,clinicalbert_type2_mean_pool,lr_lbfgs,0,12,auprc,0.02691995992393
2921,2921,,,lab_hyperkalemia,lab_hyperkalemia,clinicalbert_type2_mean_pool,lr_lbfgs,0,12,brier,0.2499992784925588
2922,2922,,,lab_hyperkalemia,lab_hyperkalemia,clinicalbert_type2_mean_pool,lr_lbfgs,1,12,auroc,0.4701669592931933
2923,2923,,,lab_hyperkalemia,lab_hyperkalemia,clinicalbert_type2_mean_pool,lr_lbfgs,1,12,auprc,0.022378083419689
2924,2924,,,lab_hyperkalemia,lab_hyperkalemia,clinicalbert_type2_mean_pool,lr_lbfgs,1,12,brier,0.2499976995538934
2925,2925,,,lab_hyperkalemia,lab_hyperkalemia,clinicalbert_type2_mean_pool,lr_lbfgs,2,12,auroc,0.5582620512772367
2926,2926,,,lab_hyperkalemia,lab_hyperkalemia,clinicalbert_type2_mean_pool,lr_lbfgs,2,12,auprc,0.0279900035116376
2927,2927,,,lab_hyperkalemia,lab_hyperkalemia,clinicalbert_type2_mean_pool,lr_lbfgs,2,12,brier,0.384016173215361
2928,2928,,,lab_hyperkalemia,lab_hyperkalemia,clinicalbert_type2_mean_pool,lr_lbfgs,3,12,auroc,0.5445366091753312
2929,2929,,,lab_hyperkalemia,lab_hyperkalemia,clinicalbert_type2_mean_pool,lr_lbfgs,3,12,auprc,0.0272319332123269
2930,2930,,,lab_hyperkalemia,lab_hyperkalemia,clinicalbert_type2_mean_pool,lr_lbfgs,3,12,brier,0.5428273228342775
2931,2931,,,lab_hyperkalemia,lab_hyperkalemia,clinicalbert_type2_mean_pool,lr_lbfgs,4,12,auroc,0.4472521230319262
2932,2932,,,lab_hyperkalemia,lab_hyperkalemia,clinicalbert_type2_mean_pool,lr_lbfgs,4,12,auprc,0.0211619430665586
2933,2933,,,lab_hyperkalemia,lab_hyperkalemia,clinicalbert_type2_mean_pool,lr_lbfgs,4,12,brier,0.5421098190225676
2934,2934,,,lab_hyperkalemia,lab_hyperkalemia,clinicalbert_type2_mean_pool,lr_lbfgs,0,16,auroc,0.5098669563274468
2935,2935,,,lab_hyperkalemia,lab_hyperkalemia,clinicalbert_type2_mean_pool,lr_lbfgs,0,16,auprc,0.0278838962208349
2936,2936,,,lab_hyperkalemia,lab_hyperkalemia,clinicalbert_type2_mean_pool,lr_lbfgs,0,16,brier,0.2458911796699133
2937,2937,,,lab_hyperkalemia,lab_hyperkalemia,clinicalbert_type2_mean_pool,lr_lbfgs,1,16,auroc,0.4871494738038482
2938,2938,,,lab_hyperkalemia,lab_hyperkalemia,clinicalbert_type2_mean_pool,lr_lbfgs,1,16,auprc,0.0226525448407448
2939,2939,,,lab_hyperkalemia,lab_hyperkalemia,clinicalbert_type2_mean_pool,lr_lbfgs,1,16,brier,0.2499993947225227
2940,2940,,,lab_hyperkalemia,lab_hyperkalemia,clinicalbert_type2_mean_pool,lr_lbfgs,2,16,auroc,0.5240691095173454
2941,2941,,,lab_hyperkalemia,lab_hyperkalemia,clinicalbert_type2_mean_pool,lr_lbfgs,2,16,auprc,0.0282972993318624
2942,2942,,,lab_hyperkalemia,lab_hyperkalemia,clinicalbert_type2_mean_pool,lr_lbfgs,2,16,brier,0.2500716397748377
2943,2943,,,lab_hyperkalemia,lab_hyperkalemia,clinicalbert_type2_mean_pool,lr_lbfgs,3,16,auroc,0.5386033081688406
2944,2944,,,lab_hyperkalemia,lab_hyperkalemia,clinicalbert_type2_mean_pool,lr_lbfgs,3,16,auprc,0.0267622635455253
2945,2945,,,lab_hyperkalemia,lab_hyperkalemia,clinicalbert_type2_mean_pool,lr_lbfgs,3,16,brier,0.5503905648480252
2946,2946,,,lab_hyperkalemia,lab_hyperkalemia,clinicalbert_type2_mean_pool,lr_lbfgs,4,16,auroc,0.4607190623068496
2947,2947,,,lab_hyperkalemia,lab_hyperkalemia,clinicalbert_type2_mean_pool,lr_lbfgs,4,16,auprc,0.0220442997594056
2948,2948,,,lab_hyperkalemia,lab_hyperkalemia,clinicalbert_type2_mean_pool,lr_lbfgs,4,16,brier,0.5639590696871077
2949,2949,,,lab_hyperkalemia,lab_hyperkalemia,clinicalbert_type2_mean_pool,lr_lbfgs,0,24,auroc,0.5100752943109502
2950,2950,,,lab_hyperkalemia,lab_hyperkalemia,clinicalbert_type2_mean_pool,lr_lbfgs,0,24,auprc,0.0268621990824142
2951,2951,,,lab_hyperkalemia,lab_hyperkalemia,clinicalbert_type2_mean_pool,lr_lbfgs,0,24,brier,0.2500024954650553
2952,2952,,,lab_hyperkalemia,lab_hyperkalemia,clinicalbert_type2_mean_pool,lr_lbfgs,1,24,auroc,0.4827648530163868
2953,2953,,,lab_hyperkalemia,lab_hyperkalemia,clinicalbert_type2_mean_pool,lr_lbfgs,1,24,auprc,0.0223407993923015
2954,2954,,,lab_hyperkalemia,lab_hyperkalemia,clinicalbert_type2_mean_pool,lr_lbfgs,1,24,brier,0.2498631204839339
2955,2955,,,lab_hyperkalemia,lab_hyperkalemia,clinicalbert_type2_mean_pool,lr_lbfgs,2,24,auroc,0.5402111323341939
2956,2956,,,lab_hyperkalemia,lab_hyperkalemia,clinicalbert_type2_mean_pool,lr_lbfgs,2,24,auprc,0.0292920889324661
2957,2957,,,lab_hyperkalemia,lab_hyperkalemia,clinicalbert_type2_mean_pool,lr_lbfgs,2,24,brier,0.250040508213977
2958,2958,,,lab_hyperkalemia,lab_hyperkalemia,clinicalbert_type2_mean_pool,lr_lbfgs,3,24,auroc,0.5428088391179584
2959,2959,,,lab_hyperkalemia,lab_hyperkalemia,clinicalbert_type2_mean_pool,lr_lbfgs,3,24,auprc,0.0275769609544132
2960,2960,,,lab_hyperkalemia,lab_hyperkalemia,clinicalbert_type2_mean_pool,lr_lbfgs,3,24,brier,0.5253751405477728
2961,2961,,,lab_hyperkalemia,lab_hyperkalemia,clinicalbert_type2_mean_pool,lr_lbfgs,4,24,auroc,0.4736175305910728
2962,2962,,,lab_hyperkalemia,lab_hyperkalemia,clinicalbert_type2_mean_pool,lr_lbfgs,4,24,auprc,0.0229732893098375
2963,2963,,,lab_hyperkalemia,lab_hyperkalemia,clinicalbert_type2_mean_pool,lr_lbfgs,4,24,brier,0.5155548805040767
2964,2964,,,lab_hyperkalemia,lab_hyperkalemia,clinicalbert_type2_mean_pool,lr_lbfgs,0,32,auroc,0.5125173512224833
2965,2965,,,lab_hyperkalemia,lab_hyperkalemia,clinicalbert_type2_mean_pool,lr_lbfgs,0,32,auprc,0.0269176857091165
2966,2966,,,lab_hyperkalemia,lab_hyperkalemia,clinicalbert_type2_mean_pool,lr_lbfgs,0,32,brier,0.2500917877030055
2967,2967,,,lab_hyperkalemia,lab_hyperkalemia,clinicalbert_type2_mean_pool,lr_lbfgs,1,32,auroc,0.4845249644239966
2968,2968,,,lab_hyperkalemia,lab_hyperkalemia,clinicalbert_type2_mean_pool,lr_lbfgs,1,32,auprc,0.0224109201678065
2969,2969,,,lab_hyperkalemia,lab_hyperkalemia,clinicalbert_type2_mean_pool,lr_lbfgs,1,32,brier,0.2499995566996068
2970,2970,,,lab_hyperkalemia,lab_hyperkalemia,clinicalbert_type2_mean_pool,lr_lbfgs,2,32,auroc,0.5345374014917808
2971,2971,,,lab_hyperkalemia,lab_hyperkalemia,clinicalbert_type2_mean_pool,lr_lbfgs,2,32,auprc,0.0274814138895636
2972,2972,,,lab_hyperkalemia,lab_hyperkalemia,clinicalbert_type2_mean_pool,lr_lbfgs,2,32,brier,0.4112415049347265
2973,2973,,,lab_hyperkalemia,lab_hyperkalemia,clinicalbert_type2_mean_pool,lr_lbfgs,3,32,auroc,0.5649729229013919
2974,2974,,,lab_hyperkalemia,lab_hyperkalemia,clinicalbert_type2_mean_pool,lr_lbfgs,3,32,auprc,0.027943905923445
2975,2975,,,lab_hyperkalemia,lab_hyperkalemia,clinicalbert_type2_mean_pool,lr_lbfgs,3,32,brier,0.5013485228269875
2976,2976,,,lab_hyperkalemia,lab_hyperkalemia,clinicalbert_type2_mean_pool,lr_lbfgs,4,32,auroc,0.5112478729163379
2977,2977,,,lab_hyperkalemia,lab_hyperkalemia,clinicalbert_type2_mean_pool,lr_lbfgs,4,32,auprc,0.0250205241745241
2978,2978,,,lab_hyperkalemia,lab_hyperkalemia,clinicalbert_type2_mean_pool,lr_lbfgs,4,32,brier,0.4971686092639964
2979,2979,,,lab_hyperkalemia,lab_hyperkalemia,clinicalbert_type2_mean_pool,lr_lbfgs,0,48,auroc,0.504183303395046
2980,2980,,,lab_hyperkalemia,lab_hyperkalemia,clinicalbert_type2_mean_pool,lr_lbfgs,0,48,auprc,0.0243620082590416
2981,2981,,,lab_hyperkalemia,lab_hyperkalemia,clinicalbert_type2_mean_pool,lr_lbfgs,0,48,brier,0.2455977510408278
2982,2982,,,lab_hyperkalemia,lab_hyperkalemia,clinicalbert_type2_mean_pool,lr_lbfgs,1,48,auroc,0.4760565771974973
2983,2983,,,lab_hyperkalemia,lab_hyperkalemia,clinicalbert_type2_mean_pool,lr_lbfgs,1,48,auprc,0.02188862612017
2984,2984,,,lab_hyperkalemia,lab_hyperkalemia,clinicalbert_type2_mean_pool,lr_lbfgs,1,48,brier,0.2499997835347071
2985,2985,,,lab_hyperkalemia,lab_hyperkalemia,clinicalbert_type2_mean_pool,lr_lbfgs,2,48,auroc,0.547837027905145
2986,2986,,,lab_hyperkalemia,lab_hyperkalemia,clinicalbert_type2_mean_pool,lr_lbfgs,2,48,auprc,0.0275880737581719
2987,2987,,,lab_hyperkalemia,lab_hyperkalemia,clinicalbert_type2_mean_pool,lr_lbfgs,2,48,brier,0.4481097480242302
2988,2988,,,lab_hyperkalemia,lab_hyperkalemia,clinicalbert_type2_mean_pool,lr_lbfgs,3,48,auroc,0.5756605889176463
2989,2989,,,lab_hyperkalemia,lab_hyperkalemia,clinicalbert_type2_mean_pool,lr_lbfgs,3,48,auprc,0.0297909951362977
2990,2990,,,lab_hyperkalemia,lab_hyperkalemia,clinicalbert_type2_mean_pool,lr_lbfgs,3,48,brier,0.5576689689371064
2991,2991,,,lab_hyperkalemia,lab_hyperkalemia,clinicalbert_type2_mean_pool,lr_lbfgs,4,48,auroc,0.4754662983338163
2992,2992,,,lab_hyperkalemia,lab_hyperkalemia,clinicalbert_type2_mean_pool,lr_lbfgs,4,48,auprc,0.0230697963563087
2993,2993,,,lab_hyperkalemia,lab_hyperkalemia,clinicalbert_type2_mean_pool,lr_lbfgs,4,48,brier,0.3218583852523463
2994,2994,,,lab_hyperkalemia,lab_hyperkalemia,clinicalbert_type2_mean_pool,lr_lbfgs,0,64,auroc,0.4845927351482996
2995,2995,,,lab_hyperkalemia,lab_hyperkalemia,clinicalbert_type2_mean_pool,lr_lbfgs,0,64,auprc,0.0226322148802126
2996,2996,,,lab_hyperkalemia,lab_hyperkalemia,clinicalbert_type2_mean_pool,lr_lbfgs,0,64,brier,0.2444234847022918
2997,2997,,,lab_hyperkalemia,lab_hyperkalemia,clinicalbert_type2_mean_pool,lr_lbfgs,1,64,auroc,0.4817111322409314
2998,2998,,,lab_hyperkalemia,lab_hyperkalemia,clinicalbert_type2_mean_pool,lr_lbfgs,1,64,auprc,0.0223590340362125
2999,2999,,,lab_hyperkalemia,lab_hyperkalemia,clinicalbert_type2_mean_pool,lr_lbfgs,1,64,brier,0.249966388564371
3000,3000,,,lab_hyperkalemia,lab_hyperkalemia,clinicalbert_type2_mean_pool,lr_lbfgs,2,64,auroc,0.580623540610819
3001,3001,,,lab_hyperkalemia,lab_hyperkalemia,clinicalbert_type2_mean_pool,lr_lbfgs,2,64,auprc,0.0316535050652306
3002,3002,,,lab_hyperkalemia,lab_hyperkalemia,clinicalbert_type2_mean_pool,lr_lbfgs,2,64,brier,0.3476531303824287
3003,3003,,,lab_hyperkalemia,lab_hyperkalemia,clinicalbert_type2_mean_pool,lr_lbfgs,3,64,auroc,0.5314565951411956
3004,3004,,,lab_hyperkalemia,lab_hyperkalemia,clinicalbert_type2_mean_pool,lr_lbfgs,3,64,auprc,0.0271797483565529
3005,3005,,,lab_hyperkalemia,lab_hyperkalemia,clinicalbert_type2_mean_pool,lr_lbfgs,3,64,brier,0.431309235165264
3006,3006,,,lab_hyperkalemia,lab_hyperkalemia,clinicalbert_type2_mean_pool,lr_lbfgs,4,64,auroc,0.4844614941355629
3007,3007,,,lab_hyperkalemia,lab_hyperkalemia,clinicalbert_type2_mean_pool,lr_lbfgs,4,64,auprc,0.0240714704065338
3008,3008,,,lab_hyperkalemia,lab_hyperkalemia,clinicalbert_type2_mean_pool,lr_lbfgs,4,64,brier,0.3054890487426044
3009,3009,,,lab_hyperkalemia,lab_hyperkalemia,clinicalbert_type2_mean_pool,lr_lbfgs,0,128,auroc,0.509322365708942
3010,3010,,,lab_hyperkalemia,lab_hyperkalemia,clinicalbert_type2_mean_pool,lr_lbfgs,0,128,auprc,0.0241760046074025
3011,3011,,,lab_hyperkalemia,lab_hyperkalemia,clinicalbert_type2_mean_pool,lr_lbfgs,0,128,brier,0.2506008892857252
3012,3012,,,lab_hyperkalemia,lab_hyperkalemia,clinicalbert_type2_mean_pool,lr_lbfgs,1,128,auroc,0.4763631412812559
3013,3013,,,lab_hyperkalemia,lab_hyperkalemia,clinicalbert_type2_mean_pool,lr_lbfgs,1,128,auprc,0.0218728354297224
3014,3014,,,lab_hyperkalemia,lab_hyperkalemia,clinicalbert_type2_mean_pool,lr_lbfgs,1,128,brier,0.2500004499918822
3015,3015,,,lab_hyperkalemia,lab_hyperkalemia,clinicalbert_type2_mean_pool,lr_lbfgs,2,128,auroc,0.6001759852345208
3016,3016,,,lab_hyperkalemia,lab_hyperkalemia,clinicalbert_type2_mean_pool,lr_lbfgs,2,128,auprc,0.0345371249055385
3017,3017,,,lab_hyperkalemia,lab_hyperkalemia,clinicalbert_type2_mean_pool,lr_lbfgs,2,128,brier,0.378592411687901
3018,3018,,,lab_hyperkalemia,lab_hyperkalemia,clinicalbert_type2_mean_pool,lr_lbfgs,3,128,auroc,0.5692322248426211
3019,3019,,,lab_hyperkalemia,lab_hyperkalemia,clinicalbert_type2_mean_pool,lr_lbfgs,3,128,auprc,0.0304458465110715
3020,3020,,,lab_hyperkalemia,lab_hyperkalemia,clinicalbert_type2_mean_pool,lr_lbfgs,3,128,brier,0.315011978363152
3021,3021,,,lab_hyperkalemia,lab_hyperkalemia,clinicalbert_type2_mean_pool,lr_lbfgs,4,128,auroc,0.5024582275866516
3022,3022,,,lab_hyperkalemia,lab_hyperkalemia,clinicalbert_type2_mean_pool,lr_lbfgs,4,128,auprc,0.0235770737207353
3023,3023,,,lab_hyperkalemia,lab_hyperkalemia,clinicalbert_type2_mean_pool,lr_lbfgs,4,128,brier,0.253246371313328
3024,3024,,,lab_hyperkalemia,lab_hyperkalemia,clinicalbert_type2_mean_pool,knn,0,-1,auroc,0.4944144850866376
3025,3025,,,lab_hyperkalemia,lab_hyperkalemia,clinicalbert_type2_mean_pool,knn,0,-1,auprc,0.0241165967513551
3026,3026,,,lab_hyperkalemia,lab_hyperkalemia,clinicalbert_type2_mean_pool,knn,0,-1,brier,0.0312758236061144
3027,3027,,,lab_hyperkalemia,lab_hyperkalemia,clinicalbert_type2_mean_pool,knn,0,1,auroc,0.4712324777704252
3028,3028,,,lab_hyperkalemia,lab_hyperkalemia,clinicalbert_type2_mean_pool,knn,0,1,auprc,0.0231365652842797
3029,3029,,,lab_hyperkalemia,lab_hyperkalemia,clinicalbert_type2_mean_pool,knn,0,1,brier,0.8113678852528553
3030,3030,,,lab_hyperkalemia,lab_hyperkalemia,clinicalbert_type2_mean_pool,knn,1,1,auroc,0.5150887735349643
3031,3031,,,lab_hyperkalemia,lab_hyperkalemia,clinicalbert_type2_mean_pool,knn,1,1,auprc,0.025187991690224
3032,3032,,,lab_hyperkalemia,lab_hyperkalemia,clinicalbert_type2_mean_pool,knn,1,1,brier,0.3848679559486591
3033,3033,,,lab_hyperkalemia,lab_hyperkalemia,clinicalbert_type2_mean_pool,knn,2,1,auroc,0.5239900436723252
3034,3034,,,lab_hyperkalemia,lab_hyperkalemia,clinicalbert_type2_mean_pool,knn,2,1,auprc,0.0258369729698275
3035,3035,,,lab_hyperkalemia,lab_hyperkalemia,clinicalbert_type2_mean_pool,knn,2,1,brier,0.2034625233688907
3036,3036,,,lab_hyperkalemia,lab_hyperkalemia,clinicalbert_type2_mean_pool,knn,3,1,auroc,0.4888406642500911
3037,3037,,,lab_hyperkalemia,lab_hyperkalemia,clinicalbert_type2_mean_pool,knn,3,1,auprc,0.0239069930791284
3038,3038,,,lab_hyperkalemia,lab_hyperkalemia,clinicalbert_type2_mean_pool,knn,3,1,brier,0.466686566226258
3039,3039,,,lab_hyperkalemia,lab_hyperkalemia,clinicalbert_type2_mean_pool,knn,4,1,auroc,0.5260994437349933
3040,3040,,,lab_hyperkalemia,lab_hyperkalemia,clinicalbert_type2_mean_pool,knn,4,1,auprc,0.0261169150110696
3041,3041,,,lab_hyperkalemia,lab_hyperkalemia,clinicalbert_type2_mean_pool,knn,4,1,brier,0.1528286176613828
3042,3042,,,lab_hyperkalemia,lab_hyperkalemia,clinicalbert_type2_mean_pool,knn,0,2,auroc,0.4992248438439198
3043,3043,,,lab_hyperkalemia,lab_hyperkalemia,clinicalbert_type2_mean_pool,knn,0,2,auprc,0.0243767502606668
3044,3044,,,lab_hyperkalemia,lab_hyperkalemia,clinicalbert_type2_mean_pool,knn,0,2,brier,0.4278335489118957
3045,3045,,,lab_hyperkalemia,lab_hyperkalemia,clinicalbert_type2_mean_pool,knn,1,2,auroc,0.5139781212060959
3046,3046,,,lab_hyperkalemia,lab_hyperkalemia,clinicalbert_type2_mean_pool,knn,1,2,auprc,0.0251050625426232
3047,3047,,,lab_hyperkalemia,lab_hyperkalemia,clinicalbert_type2_mean_pool,knn,1,2,brier,0.6979718159395473
3048,3048,,,lab_hyperkalemia,lab_hyperkalemia,clinicalbert_type2_mean_pool,knn,2,2,auroc,0.5009502408896923
3049,3049,,,lab_hyperkalemia,lab_hyperkalemia,clinicalbert_type2_mean_pool,knn,2,2,auprc,0.0244591165802306
3050,3050,,,lab_hyperkalemia,lab_hyperkalemia,clinicalbert_type2_mean_pool,knn,2,2,brier,0.2328859423576091
3051,3051,,,lab_hyperkalemia,lab_hyperkalemia,clinicalbert_type2_mean_pool,knn,3,2,auroc,0.519051184782517
3052,3052,,,lab_hyperkalemia,lab_hyperkalemia,clinicalbert_type2_mean_pool,knn,3,2,auprc,0.025444986153316
3053,3053,,,lab_hyperkalemia,lab_hyperkalemia,clinicalbert_type2_mean_pool,knn,3,2,brier,0.2816520823841767
3054,3054,,,lab_hyperkalemia,lab_hyperkalemia,clinicalbert_type2_mean_pool,knn,4,2,auroc,0.5209015172621672
3055,3055,,,lab_hyperkalemia,lab_hyperkalemia,clinicalbert_type2_mean_pool,knn,4,2,auprc,0.0256060693418094
3056,3056,,,lab_hyperkalemia,lab_hyperkalemia,clinicalbert_type2_mean_pool,knn,4,2,brier,0.1840011032036545
3057,3057,,,lab_hyperkalemia,lab_hyperkalemia,clinicalbert_type2_mean_pool,knn,0,4,auroc,0.523670516105982
3058,3058,,,lab_hyperkalemia,lab_hyperkalemia,clinicalbert_type2_mean_pool,knn,0,4,auprc,0.0256458274233993
3059,3059,,,lab_hyperkalemia,lab_hyperkalemia,clinicalbert_type2_mean_pool,knn,0,4,brier,0.4954361931095156
3060,3060,,,lab_hyperkalemia,lab_hyperkalemia,clinicalbert_type2_mean_pool,knn,1,4,auroc,0.5481152039309176
3061,3061,,,lab_hyperkalemia,lab_hyperkalemia,clinicalbert_type2_mean_pool,knn,1,4,auprc,0.0296398123074136
3062,3062,,,lab_hyperkalemia,lab_hyperkalemia,clinicalbert_type2_mean_pool,knn,1,4,brier,0.1729672780125954
3063,3063,,,lab_hyperkalemia,lab_hyperkalemia,clinicalbert_type2_mean_pool,knn,2,4,auroc,0.5296796032274864
3064,3064,,,lab_hyperkalemia,lab_hyperkalemia,clinicalbert_type2_mean_pool,knn,2,4,auprc,0.0264165739945833
3065,3065,,,lab_hyperkalemia,lab_hyperkalemia,clinicalbert_type2_mean_pool,knn,2,4,brier,0.1865935619687996
3066,3066,,,lab_hyperkalemia,lab_hyperkalemia,clinicalbert_type2_mean_pool,knn,3,4,auroc,0.5156884045513492
3067,3067,,,lab_hyperkalemia,lab_hyperkalemia,clinicalbert_type2_mean_pool,knn,3,4,auprc,0.0252284667286272
3068,3068,,,lab_hyperkalemia,lab_hyperkalemia,clinicalbert_type2_mean_pool,knn,3,4,brier,0.3451369142067145
3069,3069,,,lab_hyperkalemia,lab_hyperkalemia,clinicalbert_type2_mean_pool,knn,4,4,auroc,0.4885690580468274
3070,3070,,,lab_hyperkalemia,lab_hyperkalemia,clinicalbert_type2_mean_pool,knn,4,4,auprc,0.0238896464841568
3071,3071,,,lab_hyperkalemia,lab_hyperkalemia,clinicalbert_type2_mean_pool,knn,4,4,brier,0.587796333244309
3072,3072,,,lab_hyperkalemia,lab_hyperkalemia,clinicalbert_type2_mean_pool,knn,0,8,auroc,0.5179503612811718
3073,3073,,,lab_hyperkalemia,lab_hyperkalemia,clinicalbert_type2_mean_pool,knn,0,8,auprc,0.0253267465439213
3074,3074,,,lab_hyperkalemia,lab_hyperkalemia,clinicalbert_type2_mean_pool,knn,0,8,brier,0.5133300865630842
3075,3075,,,lab_hyperkalemia,lab_hyperkalemia,clinicalbert_type2_mean_pool,knn,1,8,auroc,0.5027295021900411
3076,3076,,,lab_hyperkalemia,lab_hyperkalemia,clinicalbert_type2_mean_pool,knn,1,8,auprc,0.0246138119162123
3077,3077,,,lab_hyperkalemia,lab_hyperkalemia,clinicalbert_type2_mean_pool,knn,1,8,brier,0.3407659933982339
3078,3078,,,lab_hyperkalemia,lab_hyperkalemia,clinicalbert_type2_mean_pool,knn,2,8,auroc,0.5306048912266405
3079,3079,,,lab_hyperkalemia,lab_hyperkalemia,clinicalbert_type2_mean_pool,knn,2,8,auprc,0.026914002515167
3080,3080,,,lab_hyperkalemia,lab_hyperkalemia,clinicalbert_type2_mean_pool,knn,2,8,brier,0.3395179069852691
3081,3081,,,lab_hyperkalemia,lab_hyperkalemia,clinicalbert_type2_mean_pool,knn,3,8,auroc,0.5333647658926649
3082,3082,,,lab_hyperkalemia,lab_hyperkalemia,clinicalbert_type2_mean_pool,knn,3,8,auprc,0.0262767758073049
3083,3083,,,lab_hyperkalemia,lab_hyperkalemia,clinicalbert_type2_mean_pool,knn,3,8,brier,0.3343300568883025
3084,3084,,,lab_hyperkalemia,lab_hyperkalemia,clinicalbert_type2_mean_pool,knn,4,8,auroc,0.486934281029194
3085,3085,,,lab_hyperkalemia,lab_hyperkalemia,clinicalbert_type2_mean_pool,knn,4,8,auprc,0.0235753712478827
3086,3086,,,lab_hyperkalemia,lab_hyperkalemia,clinicalbert_type2_mean_pool,knn,4,8,brier,0.337739165649869
3087,3087,,,lab_hyperkalemia,lab_hyperkalemia,clinicalbert_type2_mean_pool,knn,0,12,auroc,0.5013687354747598
3088,3088,,,lab_hyperkalemia,lab_hyperkalemia,clinicalbert_type2_mean_pool,knn,0,12,auprc,0.027790834945344
3089,3089,,,lab_hyperkalemia,lab_hyperkalemia,clinicalbert_type2_mean_pool,knn,0,12,brier,0.4055073602186857
3090,3090,,,lab_hyperkalemia,lab_hyperkalemia,clinicalbert_type2_mean_pool,knn,1,12,auroc,0.5011197713254107
3091,3091,,,lab_hyperkalemia,lab_hyperkalemia,clinicalbert_type2_mean_pool,knn,1,12,auprc,0.024118302111246
3092,3092,,,lab_hyperkalemia,lab_hyperkalemia,clinicalbert_type2_mean_pool,knn,1,12,brier,0.2817714797417247
3093,3093,,,lab_hyperkalemia,lab_hyperkalemia,clinicalbert_type2_mean_pool,knn,2,12,auroc,0.5481057170657647
3094,3094,,,lab_hyperkalemia,lab_hyperkalemia,clinicalbert_type2_mean_pool,knn,2,12,auprc,0.027849834000917
3095,3095,,,lab_hyperkalemia,lab_hyperkalemia,clinicalbert_type2_mean_pool,knn,2,12,brier,0.3202073743578466
3096,3096,,,lab_hyperkalemia,lab_hyperkalemia,clinicalbert_type2_mean_pool,knn,3,12,auroc,0.5637002218589684
3097,3097,,,lab_hyperkalemia,lab_hyperkalemia,clinicalbert_type2_mean_pool,knn,3,12,auprc,0.028720637786353
3098,3098,,,lab_hyperkalemia,lab_hyperkalemia,clinicalbert_type2_mean_pool,knn,3,12,brier,0.3912707265259384
3099,3099,,,lab_hyperkalemia,lab_hyperkalemia,clinicalbert_type2_mean_pool,knn,4,12,auroc,0.4602925626935674
3100,3100,,,lab_hyperkalemia,lab_hyperkalemia,clinicalbert_type2_mean_pool,knn,4,12,auprc,0.0227385370284489
3101,3101,,,lab_hyperkalemia,lab_hyperkalemia,clinicalbert_type2_mean_pool,knn,4,12,brier,0.672348514602611
3102,3102,,,lab_hyperkalemia,lab_hyperkalemia,clinicalbert_type2_mean_pool,knn,0,16,auroc,0.5284336529686696
3103,3103,,,lab_hyperkalemia,lab_hyperkalemia,clinicalbert_type2_mean_pool,knn,0,16,auprc,0.0259429248922686
3104,3104,,,lab_hyperkalemia,lab_hyperkalemia,clinicalbert_type2_mean_pool,knn,0,16,brier,0.4304431841390037
3105,3105,,,lab_hyperkalemia,lab_hyperkalemia,clinicalbert_type2_mean_pool,knn,1,16,auroc,0.5012048681431441
3106,3106,,,lab_hyperkalemia,lab_hyperkalemia,clinicalbert_type2_mean_pool,knn,1,16,auprc,0.0244713381261542
3107,3107,,,lab_hyperkalemia,lab_hyperkalemia,clinicalbert_type2_mean_pool,knn,1,16,brier,0.4174665765949759
3108,3108,,,lab_hyperkalemia,lab_hyperkalemia,clinicalbert_type2_mean_pool,knn,2,16,auroc,0.5320311955483215
3109,3109,,,lab_hyperkalemia,lab_hyperkalemia,clinicalbert_type2_mean_pool,knn,2,16,auprc,0.0264798018342824
3110,3110,,,lab_hyperkalemia,lab_hyperkalemia,clinicalbert_type2_mean_pool,knn,2,16,brier,0.3132592162017327
3111,3111,,,lab_hyperkalemia,lab_hyperkalemia,clinicalbert_type2_mean_pool,knn,3,16,auroc,0.5514977298983483
3112,3112,,,lab_hyperkalemia,lab_hyperkalemia,clinicalbert_type2_mean_pool,knn,3,16,auprc,0.0273353780243734
3113,3113,,,lab_hyperkalemia,lab_hyperkalemia,clinicalbert_type2_mean_pool,knn,3,16,brier,0.3940217533606691
3114,3114,,,lab_hyperkalemia,lab_hyperkalemia,clinicalbert_type2_mean_pool,knn,4,16,auroc,0.4662930541245812
3115,3115,,,lab_hyperkalemia,lab_hyperkalemia,clinicalbert_type2_mean_pool,knn,4,16,auprc,0.0228479659201181
3116,3116,,,lab_hyperkalemia,lab_hyperkalemia,clinicalbert_type2_mean_pool,knn,4,16,brier,0.3680877396020437
3117,3117,,,lab_hyperkalemia,lab_hyperkalemia,clinicalbert_type2_mean_pool,knn,0,24,auroc,0.532187601882766
3118,3118,,,lab_hyperkalemia,lab_hyperkalemia,clinicalbert_type2_mean_pool,knn,0,24,auprc,0.0282715476940609
3119,3119,,,lab_hyperkalemia,lab_hyperkalemia,clinicalbert_type2_mean_pool,knn,0,24,brier,0.3443915535097411
3120,3120,,,lab_hyperkalemia,lab_hyperkalemia,clinicalbert_type2_mean_pool,knn,1,24,auroc,0.4314540314596676
3121,3121,,,lab_hyperkalemia,lab_hyperkalemia,clinicalbert_type2_mean_pool,knn,1,24,auprc,0.0214154862380691
3122,3122,,,lab_hyperkalemia,lab_hyperkalemia,clinicalbert_type2_mean_pool,knn,1,24,brier,0.2667933954409062
3123,3123,,,lab_hyperkalemia,lab_hyperkalemia,clinicalbert_type2_mean_pool,knn,2,24,auroc,0.527817965264623
3124,3124,,,lab_hyperkalemia,lab_hyperkalemia,clinicalbert_type2_mean_pool,knn,2,24,auprc,0.0262882711389648
3125,3125,,,lab_hyperkalemia,lab_hyperkalemia,clinicalbert_type2_mean_pool,knn,2,24,brier,0.3067933954409063
3126,3126,,,lab_hyperkalemia,lab_hyperkalemia,clinicalbert_type2_mean_pool,knn,3,24,auroc,0.5731850818687966
3127,3127,,,lab_hyperkalemia,lab_hyperkalemia,clinicalbert_type2_mean_pool,knn,3,24,auprc,0.0298383785396831
3128,3128,,,lab_hyperkalemia,lab_hyperkalemia,clinicalbert_type2_mean_pool,knn,3,24,brier,0.3849150864845334
3129,3129,,,lab_hyperkalemia,lab_hyperkalemia,clinicalbert_type2_mean_pool,knn,4,24,auroc,0.4947707269765596
3130,3130,,,lab_hyperkalemia,lab_hyperkalemia,clinicalbert_type2_mean_pool,knn,4,24,auprc,0.0237058935110387
3131,3131,,,lab_hyperkalemia,lab_hyperkalemia,clinicalbert_type2_mean_pool,knn,4,24,brier,0.3937707881709379
3132,3132,,,lab_hyperkalemia,lab_hyperkalemia,clinicalbert_type2_mean_pool,knn,0,32,auroc,0.5195056631351901
3133,3133,,,lab_hyperkalemia,lab_hyperkalemia,clinicalbert_type2_mean_pool,knn,0,32,auprc,0.02658728875184
3134,3134,,,lab_hyperkalemia,lab_hyperkalemia,clinicalbert_type2_mean_pool,knn,0,32,brier,0.2969142067145304
3135,3135,,,lab_hyperkalemia,lab_hyperkalemia,clinicalbert_type2_mean_pool,knn,1,32,auroc,0.4511700066338627
3136,3136,,,lab_hyperkalemia,lab_hyperkalemia,clinicalbert_type2_mean_pool,knn,1,32,auprc,0.0218634469689242
3137,3137,,,lab_hyperkalemia,lab_hyperkalemia,clinicalbert_type2_mean_pool,knn,1,32,brier,0.2686285653016494
3138,3138,,,lab_hyperkalemia,lab_hyperkalemia,clinicalbert_type2_mean_pool,knn,2,32,auroc,0.5170979993481162
3139,3139,,,lab_hyperkalemia,lab_hyperkalemia,clinicalbert_type2_mean_pool,knn,2,32,auprc,0.0252825562492302
3140,3140,,,lab_hyperkalemia,lab_hyperkalemia,clinicalbert_type2_mean_pool,knn,2,32,brier,0.4972428636513597
3141,3141,,,lab_hyperkalemia,lab_hyperkalemia,clinicalbert_type2_mean_pool,knn,3,32,auroc,0.5656939194717581
3142,3142,,,lab_hyperkalemia,lab_hyperkalemia,clinicalbert_type2_mean_pool,knn,3,32,auprc,0.0290136665852471
3143,3143,,,lab_hyperkalemia,lab_hyperkalemia,clinicalbert_type2_mean_pool,knn,3,32,brier,0.3237251975554963
3144,3144,,,lab_hyperkalemia,lab_hyperkalemia,clinicalbert_type2_mean_pool,knn,4,32,auroc,0.4879404534914285
3145,3145,,,lab_hyperkalemia,lab_hyperkalemia,clinicalbert_type2_mean_pool,knn,4,32,auprc,0.0237242955911228
3146,3146,,,lab_hyperkalemia,lab_hyperkalemia,clinicalbert_type2_mean_pool,knn,4,32,brier,0.4252902455500919
3147,3147,,,lab_hyperkalemia,lab_hyperkalemia,clinicalbert_type2_mean_pool,knn,0,48,auroc,0.5107966121186946
3148,3148,,,lab_hyperkalemia,lab_hyperkalemia,clinicalbert_type2_mean_pool,knn,0,48,auprc,0.0248838996941362
3149,3149,,,lab_hyperkalemia,lab_hyperkalemia,clinicalbert_type2_mean_pool,knn,0,48,brier,0.2895134557679921
3150,3150,,,lab_hyperkalemia,lab_hyperkalemia,clinicalbert_type2_mean_pool,knn,1,48,auroc,0.4791993771808261
3151,3151,,,lab_hyperkalemia,lab_hyperkalemia,clinicalbert_type2_mean_pool,knn,1,48,auprc,0.0235807789483471
3152,3152,,,lab_hyperkalemia,lab_hyperkalemia,clinicalbert_type2_mean_pool,knn,1,48,brier,0.2775011040764422
3153,3153,,,lab_hyperkalemia,lab_hyperkalemia,clinicalbert_type2_mean_pool,knn,2,48,auroc,0.5167096078141344
3154,3154,,,lab_hyperkalemia,lab_hyperkalemia,clinicalbert_type2_mean_pool,knn,2,48,auprc,0.0252579764392025
3155,3155,,,lab_hyperkalemia,lab_hyperkalemia,clinicalbert_type2_mean_pool,knn,2,48,brier,0.5328892589508742
3156,3156,,,lab_hyperkalemia,lab_hyperkalemia,clinicalbert_type2_mean_pool,knn,3,48,auroc,0.5576736532065926
3157,3157,,,lab_hyperkalemia,lab_hyperkalemia,clinicalbert_type2_mean_pool,knn,3,48,auprc,0.0289499107692694
3158,3158,,,lab_hyperkalemia,lab_hyperkalemia,clinicalbert_type2_mean_pool,knn,3,48,brier,0.3381163495828948
3159,3159,,,lab_hyperkalemia,lab_hyperkalemia,clinicalbert_type2_mean_pool,knn,4,48,auroc,0.4769232445563787
3160,3160,,,lab_hyperkalemia,lab_hyperkalemia,clinicalbert_type2_mean_pool,knn,4,48,auprc,0.0228747509951515
3161,3161,,,lab_hyperkalemia,lab_hyperkalemia,clinicalbert_type2_mean_pool,knn,4,48,brier,0.4210937426358539
3162,3162,,,lab_hyperkalemia,lab_hyperkalemia,clinicalbert_type2_mean_pool,knn,0,64,auroc,0.5015883374914922
3163,3163,,,lab_hyperkalemia,lab_hyperkalemia,clinicalbert_type2_mean_pool,knn,0,64,auprc,0.0244898172182471
3164,3164,,,lab_hyperkalemia,lab_hyperkalemia,clinicalbert_type2_mean_pool,knn,0,64,brier,0.4381411716651218
3165,3165,,,lab_hyperkalemia,lab_hyperkalemia,clinicalbert_type2_mean_pool,knn,1,64,auroc,0.4935415898676176
3166,3166,,,lab_hyperkalemia,lab_hyperkalemia,clinicalbert_type2_mean_pool,knn,1,64,auprc,0.0241541497357429
3167,3167,,,lab_hyperkalemia,lab_hyperkalemia,clinicalbert_type2_mean_pool,knn,1,64,brier,0.2792623896578148
3168,3168,,,lab_hyperkalemia,lab_hyperkalemia,clinicalbert_type2_mean_pool,knn,2,64,auroc,0.542754923050902
3169,3169,,,lab_hyperkalemia,lab_hyperkalemia,clinicalbert_type2_mean_pool,knn,2,64,auprc,0.0286031441158137
3170,3170,,,lab_hyperkalemia,lab_hyperkalemia,clinicalbert_type2_mean_pool,knn,2,64,brier,0.3564464812283507
3171,3171,,,lab_hyperkalemia,lab_hyperkalemia,clinicalbert_type2_mean_pool,knn,3,64,auroc,0.5537514898937788
3172,3172,,,lab_hyperkalemia,lab_hyperkalemia,clinicalbert_type2_mean_pool,knn,3,64,auprc,0.0287230356689944
3173,3173,,,lab_hyperkalemia,lab_hyperkalemia,clinicalbert_type2_mean_pool,knn,3,64,brier,0.320469420137307
3174,3174,,,lab_hyperkalemia,lab_hyperkalemia,clinicalbert_type2_mean_pool,knn,4,64,auroc,0.4993933121237909
3175,3175,,,lab_hyperkalemia,lab_hyperkalemia,clinicalbert_type2_mean_pool,knn,4,64,auprc,0.0244745808564754
3176,3176,,,lab_hyperkalemia,lab_hyperkalemia,clinicalbert_type2_mean_pool,knn,4,64,brier,0.4013812389046865
3177,3177,,,lab_hyperkalemia,lab_hyperkalemia,clinicalbert_type2_mean_pool,knn,0,128,auroc,0.504245214127821
3178,3178,,,lab_hyperkalemia,lab_hyperkalemia,clinicalbert_type2_mean_pool,knn,0,128,auprc,0.0247350733148065
3179,3179,,,lab_hyperkalemia,lab_hyperkalemia,clinicalbert_type2_mean_pool,knn,0,128,brier,0.2768893846323033
3180,3180,,,lab_hyperkalemia,lab_hyperkalemia,clinicalbert_type2_mean_pool,knn,1,128,auroc,0.4890113967353536
3181,3181,,,lab_hyperkalemia,lab_hyperkalemia,clinicalbert_type2_mean_pool,knn,1,128,auprc,0.0241025377612239
3182,3182,,,lab_hyperkalemia,lab_hyperkalemia,clinicalbert_type2_mean_pool,knn,1,128,brier,0.2803431103011641
3183,3183,,,lab_hyperkalemia,lab_hyperkalemia,clinicalbert_type2_mean_pool,knn,2,128,auroc,0.5185291740429504
3184,3184,,,lab_hyperkalemia,lab_hyperkalemia,clinicalbert_type2_mean_pool,knn,2,128,auprc,0.0251547946520812
3185,3185,,,lab_hyperkalemia,lab_hyperkalemia,clinicalbert_type2_mean_pool,knn,2,128,brier,0.3250366832670888
3186,3186,,,lab_hyperkalemia,lab_hyperkalemia,clinicalbert_type2_mean_pool,knn,3,128,auroc,0.5406006378365031
3187,3187,,,lab_hyperkalemia,lab_hyperkalemia,clinicalbert_type2_mean_pool,knn,3,128,auprc,0.0273319189492734
3188,3188,,,lab_hyperkalemia,lab_hyperkalemia,clinicalbert_type2_mean_pool,knn,3,128,brier,0.2849782414026048
3189,3189,,,lab_hyperkalemia,lab_hyperkalemia,clinicalbert_type2_mean_pool,knn,4,128,auroc,0.5281547412056761
3190,3190,,,lab_hyperkalemia,lab_hyperkalemia,clinicalbert_type2_mean_pool,knn,4,128,auprc,0.0273583372101828
3191,3191,,,lab_hyperkalemia,lab_hyperkalemia,clinicalbert_type2_mean_pool,knn,4,128,brier,0.3320821381977759
3192,3192,,,lab_hyperkalemia,lab_hyperkalemia,clinicalbert_type2_mean_pool,rf,0,-1,auroc,0.531301090343909
3193,3193,,,lab_hyperkalemia,lab_hyperkalemia,clinicalbert_type2_mean_pool,rf,0,-1,auprc,0.026083966711496
3194,3194,,,lab_hyperkalemia,lab_hyperkalemia,clinicalbert_type2_mean_pool,rf,0,-1,brier,0.0241443754861516
3195,3195,,,lab_hyperkalemia,lab_hyperkalemia,clinicalbert_type2_mean_pool,rf,0,1,auroc,0.5245485459418051
3196,3196,,,lab_hyperkalemia,lab_hyperkalemia,clinicalbert_type2_mean_pool,rf,0,1,auprc,0.0282738767807661
3197,3197,,,lab_hyperkalemia,lab_hyperkalemia,clinicalbert_type2_mean_pool,rf,0,1,brier,0.2869078175594412
3198,3198,,,lab_hyperkalemia,lab_hyperkalemia,clinicalbert_type2_mean_pool,rf,1,1,auroc,0.4901944207367805
3199,3199,,,lab_hyperkalemia,lab_hyperkalemia,clinicalbert_type2_mean_pool,rf,1,1,auprc,0.0238313076117204
3200,3200,,,lab_hyperkalemia,lab_hyperkalemia,clinicalbert_type2_mean_pool,rf,1,1,brier,0.4747502867107599
3201,3201,,,lab_hyperkalemia,lab_hyperkalemia,clinicalbert_type2_mean_pool,rf,2,1,auroc,0.4392881562079133
3202,3202,,,lab_hyperkalemia,lab_hyperkalemia,clinicalbert_type2_mean_pool,rf,2,1,auprc,0.0213918297197935
3203,3203,,,lab_hyperkalemia,lab_hyperkalemia,clinicalbert_type2_mean_pool,rf,2,1,brier,0.3085743012898057
3204,3204,,,lab_hyperkalemia,lab_hyperkalemia,clinicalbert_type2_mean_pool,rf,3,1,auroc,0.515560904399694
3205,3205,,,lab_hyperkalemia,lab_hyperkalemia,clinicalbert_type2_mean_pool,rf,3,1,auprc,0.0252352913414006
3206,3206,,,lab_hyperkalemia,lab_hyperkalemia,clinicalbert_type2_mean_pool,rf,3,1,brier,0.3841214082604118
3207,3207,,,lab_hyperkalemia,lab_hyperkalemia,clinicalbert_type2_mean_pool,rf,4,1,auroc,0.4824664079482997
3208,3208,,,lab_hyperkalemia,lab_hyperkalemia,clinicalbert_type2_mean_pool,rf,4,1,auprc,0.0238107968626302
3209,3209,,,lab_hyperkalemia,lab_hyperkalemia,clinicalbert_type2_mean_pool,rf,4,1,brier,0.31474777308218
3210,3210,,,lab_hyperkalemia,lab_hyperkalemia,clinicalbert_type2_mean_pool,rf,0,2,auroc,0.5368656471089682
3211,3211,,,lab_hyperkalemia,lab_hyperkalemia,clinicalbert_type2_mean_pool,rf,0,2,auprc,0.027439485548833
3212,3212,,,lab_hyperkalemia,lab_hyperkalemia,clinicalbert_type2_mean_pool,rf,0,2,brier,0.2856551929995444
3213,3213,,,lab_hyperkalemia,lab_hyperkalemia,clinicalbert_type2_mean_pool,rf,1,2,auroc,0.5181678389862096
3214,3214,,,lab_hyperkalemia,lab_hyperkalemia,clinicalbert_type2_mean_pool,rf,1,2,auprc,0.0265586102159435
3215,3215,,,lab_hyperkalemia,lab_hyperkalemia,clinicalbert_type2_mean_pool,rf,1,2,brier,0.2512949947370902
3216,3216,,,lab_hyperkalemia,lab_hyperkalemia,clinicalbert_type2_mean_pool,rf,2,2,auroc,0.4932513985276509
3217,3217,,,lab_hyperkalemia,lab_hyperkalemia,clinicalbert_type2_mean_pool,rf,2,2,auprc,0.0283146251621084
3218,3218,,,lab_hyperkalemia,lab_hyperkalemia,clinicalbert_type2_mean_pool,rf,2,2,brier,0.2056705575542394
3219,3219,,,lab_hyperkalemia,lab_hyperkalemia,clinicalbert_type2_mean_pool,rf,3,2,auroc,0.513079195396946
3220,3220,,,lab_hyperkalemia,lab_hyperkalemia,clinicalbert_type2_mean_pool,rf,3,2,auprc,0.0274848953848704
3221,3221,,,lab_hyperkalemia,lab_hyperkalemia,clinicalbert_type2_mean_pool,rf,3,2,brier,0.2416948533454825
3222,3222,,,lab_hyperkalemia,lab_hyperkalemia,clinicalbert_type2_mean_pool,rf,4,2,auroc,0.4897772318262181
3223,3223,,,lab_hyperkalemia,lab_hyperkalemia,clinicalbert_type2_mean_pool,rf,4,2,auprc,0.0235115963220551
3224,3224,,,lab_hyperkalemia,lab_hyperkalemia,clinicalbert_type2_mean_pool,rf,4,2,brier,0.3306274645342717
3225,3225,,,lab_hyperkalemia,lab_hyperkalemia,clinicalbert_type2_mean_pool,rf,0,4,auroc,0.4862550401367451
3226,3226,,,lab_hyperkalemia,lab_hyperkalemia,clinicalbert_type2_mean_pool,rf,0,4,auprc,0.0239758330554446
3227,3227,,,lab_hyperkalemia,lab_hyperkalemia,clinicalbert_type2_mean_pool,rf,0,4,brier,0.2539425086013228
3228,3228,,,lab_hyperkalemia,lab_hyperkalemia,clinicalbert_type2_mean_pool,rf,1,4,auroc,0.4878376005366778
3229,3229,,,lab_hyperkalemia,lab_hyperkalemia,clinicalbert_type2_mean_pool,rf,1,4,auprc,0.024331358142523
3230,3230,,,lab_hyperkalemia,lab_hyperkalemia,clinicalbert_type2_mean_pool,rf,1,4,brier,0.2781944291706597
3231,3231,,,lab_hyperkalemia,lab_hyperkalemia,clinicalbert_type2_mean_pool,rf,2,4,auroc,0.5383848822954121
3232,3232,,,lab_hyperkalemia,lab_hyperkalemia,clinicalbert_type2_mean_pool,rf,2,4,auprc,0.0273103920578078
3233,3233,,,lab_hyperkalemia,lab_hyperkalemia,clinicalbert_type2_mean_pool,rf,2,4,brier,0.3878252399729786
3234,3234,,,lab_hyperkalemia,lab_hyperkalemia,clinicalbert_type2_mean_pool,rf,3,4,auroc,0.5411674301028396
3235,3235,,,lab_hyperkalemia,lab_hyperkalemia,clinicalbert_type2_mean_pool,rf,3,4,auprc,0.0266485528878729
3236,3236,,,lab_hyperkalemia,lab_hyperkalemia,clinicalbert_type2_mean_pool,rf,3,4,brier,0.2208080734607952
3237,3237,,,lab_hyperkalemia,lab_hyperkalemia,clinicalbert_type2_mean_pool,rf,4,4,auroc,0.4831006289765689
3238,3238,,,lab_hyperkalemia,lab_hyperkalemia,clinicalbert_type2_mean_pool,rf,4,4,auprc,0.0235866830925339
3239,3239,,,lab_hyperkalemia,lab_hyperkalemia,clinicalbert_type2_mean_pool,rf,4,4,brier,0.4245114919956641
3240,3240,,,lab_hyperkalemia,lab_hyperkalemia,clinicalbert_type2_mean_pool,rf,0,8,auroc,0.5127286321548709
3241,3241,,,lab_hyperkalemia,lab_hyperkalemia,clinicalbert_type2_mean_pool,rf,0,8,auprc,0.0281031446463081
3242,3242,,,lab_hyperkalemia,lab_hyperkalemia,clinicalbert_type2_mean_pool,rf,0,8,brier,0.2325730963191051
3243,3243,,,lab_hyperkalemia,lab_hyperkalemia,clinicalbert_type2_mean_pool,rf,1,8,auroc,0.4964449747417266
3244,3244,,,lab_hyperkalemia,lab_hyperkalemia,clinicalbert_type2_mean_pool,rf,1,8,auprc,0.0238031203979393
3245,3245,,,lab_hyperkalemia,lab_hyperkalemia,clinicalbert_type2_mean_pool,rf,1,8,brier,0.3350852277190391
3246,3246,,,lab_hyperkalemia,lab_hyperkalemia,clinicalbert_type2_mean_pool,rf,2,8,auroc,0.5261988148910645
3247,3247,,,lab_hyperkalemia,lab_hyperkalemia,clinicalbert_type2_mean_pool,rf,2,8,auprc,0.0270112389116237
3248,3248,,,lab_hyperkalemia,lab_hyperkalemia,clinicalbert_type2_mean_pool,rf,2,8,brier,0.3513543352237915
3249,3249,,,lab_hyperkalemia,lab_hyperkalemia,clinicalbert_type2_mean_pool,rf,3,8,auroc,0.5487082443998015
3250,3250,,,lab_hyperkalemia,lab_hyperkalemia,clinicalbert_type2_mean_pool,rf,3,8,auprc,0.0271955488975811
3251,3251,,,lab_hyperkalemia,lab_hyperkalemia,clinicalbert_type2_mean_pool,rf,3,8,brier,0.3396796694578418
3252,3252,,,lab_hyperkalemia,lab_hyperkalemia,clinicalbert_type2_mean_pool,rf,4,8,auroc,0.4616499356913857
3253,3253,,,lab_hyperkalemia,lab_hyperkalemia,clinicalbert_type2_mean_pool,rf,4,8,auprc,0.0224860852123882
3254,3254,,,lab_hyperkalemia,lab_hyperkalemia,clinicalbert_type2_mean_pool,rf,4,8,brier,0.3373325687713069
3255,3255,,,lab_hyperkalemia,lab_hyperkalemia,clinicalbert_type2_mean_pool,rf,0,12,auroc,0.5273196431910744
3256,3256,,,lab_hyperkalemia,lab_hyperkalemia,clinicalbert_type2_mean_pool,rf,0,12,auprc,0.051587177591494
3257,3257,,,lab_hyperkalemia,lab_hyperkalemia,clinicalbert_type2_mean_pool,rf,0,12,brier,0.2233445776318476
3258,3258,,,lab_hyperkalemia,lab_hyperkalemia,clinicalbert_type2_mean_pool,rf,1,12,auroc,0.4834430680217246
3259,3259,,,lab_hyperkalemia,lab_hyperkalemia,clinicalbert_type2_mean_pool,rf,1,12,auprc,0.0222853581904504
3260,3260,,,lab_hyperkalemia,lab_hyperkalemia,clinicalbert_type2_mean_pool,rf,1,12,brier,0.2255770792264307
3261,3261,,,lab_hyperkalemia,lab_hyperkalemia,clinicalbert_type2_mean_pool,rf,2,12,auroc,0.5736945488068694
3262,3262,,,lab_hyperkalemia,lab_hyperkalemia,clinicalbert_type2_mean_pool,rf,2,12,auprc,0.030238752488688
3263,3263,,,lab_hyperkalemia,lab_hyperkalemia,clinicalbert_type2_mean_pool,rf,2,12,brier,0.2866174414403092
3264,3264,,,lab_hyperkalemia,lab_hyperkalemia,clinicalbert_type2_mean_pool,rf,3,12,auroc,0.5519592288421094
3265,3265,,,lab_hyperkalemia,lab_hyperkalemia,clinicalbert_type2_mean_pool,rf,3,12,auprc,0.0277430524240964
3266,3266,,,lab_hyperkalemia,lab_hyperkalemia,clinicalbert_type2_mean_pool,rf,3,12,brier,0.2686318005435722
3267,3267,,,lab_hyperkalemia,lab_hyperkalemia,clinicalbert_type2_mean_pool,rf,4,12,auroc,0.4345590912323066
3268,3268,,,lab_hyperkalemia,lab_hyperkalemia,clinicalbert_type2_mean_pool,rf,4,12,auprc,0.0207318568341904
3269,3269,,,lab_hyperkalemia,lab_hyperkalemia,clinicalbert_type2_mean_pool,rf,4,12,brier,0.3128431888520572
3270,3270,,,lab_hyperkalemia,lab_hyperkalemia,clinicalbert_type2_mean_pool,rf,0,16,auroc,0.5202937724113588
3271,3271,,,lab_hyperkalemia,lab_hyperkalemia,clinicalbert_type2_mean_pool,rf,0,16,auprc,0.0318610046665014
3272,3272,,,lab_hyperkalemia,lab_hyperkalemia,clinicalbert_type2_mean_pool,rf,0,16,brier,0.2222628941291062
3273,3273,,,lab_hyperkalemia,lab_hyperkalemia,clinicalbert_type2_mean_pool,rf,1,16,auroc,0.4969191418369345
3274,3274,,,lab_hyperkalemia,lab_hyperkalemia,clinicalbert_type2_mean_pool,rf,1,16,auprc,0.0232352406364916
3275,3275,,,lab_hyperkalemia,lab_hyperkalemia,clinicalbert_type2_mean_pool,rf,1,16,brier,0.1825090726281557
3276,3276,,,lab_hyperkalemia,lab_hyperkalemia,clinicalbert_type2_mean_pool,rf,2,16,auroc,0.551886142157322
3277,3277,,,lab_hyperkalemia,lab_hyperkalemia,clinicalbert_type2_mean_pool,rf,2,16,auprc,0.0324593360698887
3278,3278,,,lab_hyperkalemia,lab_hyperkalemia,clinicalbert_type2_mean_pool,rf,2,16,brier,0.2930548049581324
3279,3279,,,lab_hyperkalemia,lab_hyperkalemia,clinicalbert_type2_mean_pool,rf,3,16,auroc,0.5634350663095087
3280,3280,,,lab_hyperkalemia,lab_hyperkalemia,clinicalbert_type2_mean_pool,rf,3,16,auprc,0.028757594134405
3281,3281,,,lab_hyperkalemia,lab_hyperkalemia,clinicalbert_type2_mean_pool,rf,3,16,brier,0.2718520729580695
3282,3282,,,lab_hyperkalemia,lab_hyperkalemia,clinicalbert_type2_mean_pool,rf,4,16,auroc,0.4421837640287213
3283,3283,,,lab_hyperkalemia,lab_hyperkalemia,clinicalbert_type2_mean_pool,rf,4,16,auprc,0.0212494787704918
3284,3284,,,lab_hyperkalemia,lab_hyperkalemia,clinicalbert_type2_mean_pool,rf,4,16,brier,0.3173800135107537
3285,3285,,,lab_hyperkalemia,lab_hyperkalemia,clinicalbert_type2_mean_pool,rf,0,24,auroc,0.5625914036919045
3286,3286,,,lab_hyperkalemia,lab_hyperkalemia,clinicalbert_type2_mean_pool,rf,0,24,auprc,0.0335499618310802
3287,3287,,,lab_hyperkalemia,lab_hyperkalemia,clinicalbert_type2_mean_pool,rf,0,24,brier,0.2117323613969491
3288,3288,,,lab_hyperkalemia,lab_hyperkalemia,clinicalbert_type2_mean_pool,rf,1,24,auroc,0.5091439131641067
3289,3289,,,lab_hyperkalemia,lab_hyperkalemia,clinicalbert_type2_mean_pool,rf,1,24,auprc,0.0237607457313442
3290,3290,,,lab_hyperkalemia,lab_hyperkalemia,clinicalbert_type2_mean_pool,rf,1,24,brier,0.2216592845472438
3291,3291,,,lab_hyperkalemia,lab_hyperkalemia,clinicalbert_type2_mean_pool,rf,2,24,auroc,0.5710413974878781
3292,3292,,,lab_hyperkalemia,lab_hyperkalemia,clinicalbert_type2_mean_pool,rf,2,24,auprc,0.0306353237912018
3293,3293,,,lab_hyperkalemia,lab_hyperkalemia,clinicalbert_type2_mean_pool,rf,2,24,brier,0.3337269256751449
3294,3294,,,lab_hyperkalemia,lab_hyperkalemia,clinicalbert_type2_mean_pool,rf,3,24,auroc,0.5527558716337924
3295,3295,,,lab_hyperkalemia,lab_hyperkalemia,clinicalbert_type2_mean_pool,rf,3,24,auprc,0.0293552661876731
3296,3296,,,lab_hyperkalemia,lab_hyperkalemia,clinicalbert_type2_mean_pool,rf,3,24,brier,0.2975622515828005
3297,3297,,,lab_hyperkalemia,lab_hyperkalemia,clinicalbert_type2_mean_pool,rf,4,24,auroc,0.4954404654601115
3298,3298,,,lab_hyperkalemia,lab_hyperkalemia,clinicalbert_type2_mean_pool,rf,4,24,auprc,0.024823437933027
3299,3299,,,lab_hyperkalemia,lab_hyperkalemia,clinicalbert_type2_mean_pool,rf,4,24,brier,0.2696045433836582
3300,3300,,,lab_hyperkalemia,lab_hyperkalemia,clinicalbert_type2_mean_pool,rf,0,32,auroc,0.4836981823124918
3301,3301,,,lab_hyperkalemia,lab_hyperkalemia,clinicalbert_type2_mean_pool,rf,0,32,auprc,0.0228516847209729
3302,3302,,,lab_hyperkalemia,lab_hyperkalemia,clinicalbert_type2_mean_pool,rf,0,32,brier,0.2891033444090354
3303,3303,,,lab_hyperkalemia,lab_hyperkalemia,clinicalbert_type2_mean_pool,rf,1,32,auroc,0.4633770425490099
3304,3304,,,lab_hyperkalemia,lab_hyperkalemia,clinicalbert_type2_mean_pool,rf,1,32,auprc,0.0220376179381988
3305,3305,,,lab_hyperkalemia,lab_hyperkalemia,clinicalbert_type2_mean_pool,rf,1,32,brier,0.2769176629538278
3306,3306,,,lab_hyperkalemia,lab_hyperkalemia,clinicalbert_type2_mean_pool,rf,2,32,auroc,0.5457688705768384
3307,3307,,,lab_hyperkalemia,lab_hyperkalemia,clinicalbert_type2_mean_pool,rf,2,32,auprc,0.0287716760248818
3308,3308,,,lab_hyperkalemia,lab_hyperkalemia,clinicalbert_type2_mean_pool,rf,2,32,brier,0.2518195528883163
3309,3309,,,lab_hyperkalemia,lab_hyperkalemia,clinicalbert_type2_mean_pool,rf,3,32,auroc,0.5810479677248869
3310,3310,,,lab_hyperkalemia,lab_hyperkalemia,clinicalbert_type2_mean_pool,rf,3,32,auprc,0.0328499240602823
3311,3311,,,lab_hyperkalemia,lab_hyperkalemia,clinicalbert_type2_mean_pool,rf,3,32,brier,0.2657453751702296
3312,3312,,,lab_hyperkalemia,lab_hyperkalemia,clinicalbert_type2_mean_pool,rf,4,32,auroc,0.4799086693118803
3313,3313,,,lab_hyperkalemia,lab_hyperkalemia,clinicalbert_type2_mean_pool,rf,4,32,auprc,0.0232441810030154
3314,3314,,,lab_hyperkalemia,lab_hyperkalemia,clinicalbert_type2_mean_pool,rf,4,32,brier,0.2592422675975855
3315,3315,,,lab_hyperkalemia,lab_hyperkalemia,clinicalbert_type2_mean_pool,rf,0,48,auroc,0.5152153306994769
3316,3316,,,lab_hyperkalemia,lab_hyperkalemia,clinicalbert_type2_mean_pool,rf,0,48,auprc,0.0255143481434416
3317,3317,,,lab_hyperkalemia,lab_hyperkalemia,clinicalbert_type2_mean_pool,rf,0,48,brier,0.2286639812734671
3318,3318,,,lab_hyperkalemia,lab_hyperkalemia,clinicalbert_type2_mean_pool,rf,1,48,auroc,0.4776266922396489
3319,3319,,,lab_hyperkalemia,lab_hyperkalemia,clinicalbert_type2_mean_pool,rf,1,48,auprc,0.0222207480928037
3320,3320,,,lab_hyperkalemia,lab_hyperkalemia,clinicalbert_type2_mean_pool,rf,1,48,brier,0.2281059677081128
3321,3321,,,lab_hyperkalemia,lab_hyperkalemia,clinicalbert_type2_mean_pool,rf,2,48,auroc,0.5637823446403295
3322,3322,,,lab_hyperkalemia,lab_hyperkalemia,clinicalbert_type2_mean_pool,rf,2,48,auprc,0.0285679545462926
3323,3323,,,lab_hyperkalemia,lab_hyperkalemia,clinicalbert_type2_mean_pool,rf,2,48,brier,0.2395134557679921
3324,3324,,,lab_hyperkalemia,lab_hyperkalemia,clinicalbert_type2_mean_pool,rf,3,48,auroc,0.6098838927910248
3325,3325,,,lab_hyperkalemia,lab_hyperkalemia,clinicalbert_type2_mean_pool,rf,3,48,auprc,0.0367706952974639
3326,3326,,,lab_hyperkalemia,lab_hyperkalemia,clinicalbert_type2_mean_pool,rf,3,48,brier,0.2544631439209464
3327,3327,,,lab_hyperkalemia,lab_hyperkalemia,clinicalbert_type2_mean_pool,rf,4,48,auroc,0.5163344025564028
3328,3328,,,lab_hyperkalemia,lab_hyperkalemia,clinicalbert_type2_mean_pool,rf,4,48,auprc,0.0252387907126912
3329,3329,,,lab_hyperkalemia,lab_hyperkalemia,clinicalbert_type2_mean_pool,rf,4,48,brier,0.2833330119566433
3330,3330,,,lab_hyperkalemia,lab_hyperkalemia,clinicalbert_type2_mean_pool,rf,0,64,auroc,0.4801134374154874
3331,3331,,,lab_hyperkalemia,lab_hyperkalemia,clinicalbert_type2_mean_pool,rf,0,64,auprc,0.0234215227573262
3332,3332,,,lab_hyperkalemia,lab_hyperkalemia,clinicalbert_type2_mean_pool,rf,0,64,brier,0.234249760419776
3333,3333,,,lab_hyperkalemia,lab_hyperkalemia,clinicalbert_type2_mean_pool,rf,1,64,auroc,0.4775919778778118
3334,3334,,,lab_hyperkalemia,lab_hyperkalemia,clinicalbert_type2_mean_pool,rf,1,64,auprc,0.0241936660636785
3335,3335,,,lab_hyperkalemia,lab_hyperkalemia,clinicalbert_type2_mean_pool,rf,1,64,brier,0.2257312758981747
3336,3336,,,lab_hyperkalemia,lab_hyperkalemia,clinicalbert_type2_mean_pool,rf,2,64,auroc,0.5757170956087203
3337,3337,,,lab_hyperkalemia,lab_hyperkalemia,clinicalbert_type2_mean_pool,rf,2,64,auprc,0.0334962313650825
3338,3338,,,lab_hyperkalemia,lab_hyperkalemia,clinicalbert_type2_mean_pool,rf,2,64,brier,0.2473810833739179
3339,3339,,,lab_hyperkalemia,lab_hyperkalemia,clinicalbert_type2_mean_pool,rf,3,64,auroc,0.5456803385916577
3340,3340,,,lab_hyperkalemia,lab_hyperkalemia,clinicalbert_type2_mean_pool,rf,3,64,auprc,0.0282859230404779
3341,3341,,,lab_hyperkalemia,lab_hyperkalemia,clinicalbert_type2_mean_pool,rf,3,64,brier,0.2905035112249227
3342,3342,,,lab_hyperkalemia,lab_hyperkalemia,clinicalbert_type2_mean_pool,rf,4,64,auroc,0.4864336792065096
3343,3343,,,lab_hyperkalemia,lab_hyperkalemia,clinicalbert_type2_mean_pool,rf,4,64,auprc,0.0235796840458375
3344,3344,,,lab_hyperkalemia,lab_hyperkalemia,clinicalbert_type2_mean_pool,rf,4,64,brier,0.2588539239583284
3345,3345,,,lab_hyperkalemia,lab_hyperkalemia,clinicalbert_type2_mean_pool,rf,0,128,auroc,0.4739156855092699
3346,3346,,,lab_hyperkalemia,lab_hyperkalemia,clinicalbert_type2_mean_pool,rf,0,128,auprc,0.0231016831180338
3347,3347,,,lab_hyperkalemia,lab_hyperkalemia,clinicalbert_type2_mean_pool,rf,0,128,brier,0.2256320722322186
3348,3348,,,lab_hyperkalemia,lab_hyperkalemia,clinicalbert_type2_mean_pool,rf,1,128,auroc,0.487498508577753
3349,3349,,,lab_hyperkalemia,lab_hyperkalemia,clinicalbert_type2_mean_pool,rf,1,128,auprc,0.0238124380931492
3350,3350,,,lab_hyperkalemia,lab_hyperkalemia,clinicalbert_type2_mean_pool,rf,1,128,brier,0.2100055991076618
3351,3351,,,lab_hyperkalemia,lab_hyperkalemia,clinicalbert_type2_mean_pool,rf,2,128,auroc,0.561197964026512
3352,3352,,,lab_hyperkalemia,lab_hyperkalemia,clinicalbert_type2_mean_pool,rf,2,128,auprc,0.0284816075423756
3353,3353,,,lab_hyperkalemia,lab_hyperkalemia,clinicalbert_type2_mean_pool,rf,2,128,brier,0.2731509905267623
3354,3354,,,lab_hyperkalemia,lab_hyperkalemia,clinicalbert_type2_mean_pool,rf,3,128,auroc,0.554153565103822
3355,3355,,,lab_hyperkalemia,lab_hyperkalemia,clinicalbert_type2_mean_pool,rf,3,128,auprc,0.0276485027265944
3356,3356,,,lab_hyperkalemia,lab_hyperkalemia,clinicalbert_type2_mean_pool,rf,3,128,brier,0.2696870532417954
3357,3357,,,lab_hyperkalemia,lab_hyperkalemia,clinicalbert_type2_mean_pool,rf,4,128,auroc,0.532305708431733
3358,3358,,,lab_hyperkalemia,lab_hyperkalemia,clinicalbert_type2_mean_pool,rf,4,128,auprc,0.0252396477682474
3359,3359,,,lab_hyperkalemia,lab_hyperkalemia,clinicalbert_type2_mean_pool,rf,4,128,brier,0.2348486577122784
3360,3360,,,lab_hyperkalemia,lab_hyperkalemia,clinicalbert_type2_clinicalbert_pool,lr_lbfgs,0,-1,auroc,0.6032853661680212
3361,3361,,,lab_hyperkalemia,lab_hyperkalemia,clinicalbert_type2_clinicalbert_pool,lr_lbfgs,0,-1,auprc,0.0328921476774745
3362,3362,,,lab_hyperkalemia,lab_hyperkalemia,clinicalbert_type2_clinicalbert_pool,lr_lbfgs,0,-1,brier,0.0240314907676287
3363,3363,,,lab_hyperkalemia,lab_hyperkalemia,clinicalbert_type2_clinicalbert_pool,lr_lbfgs,0,1,auroc,0.5124417153636627
3364,3364,,,lab_hyperkalemia,lab_hyperkalemia,clinicalbert_type2_clinicalbert_pool,lr_lbfgs,0,1,auprc,0.0251259752745651
3365,3365,,,lab_hyperkalemia,lab_hyperkalemia,clinicalbert_type2_clinicalbert_pool,lr_lbfgs,0,1,brier,0.2500031493640712
3366,3366,,,lab_hyperkalemia,lab_hyperkalemia,clinicalbert_type2_clinicalbert_pool,lr_lbfgs,1,1,auroc,0.5309009995518634
3367,3367,,,lab_hyperkalemia,lab_hyperkalemia,clinicalbert_type2_clinicalbert_pool,lr_lbfgs,1,1,auprc,0.0279099378655969
3368,3368,,,lab_hyperkalemia,lab_hyperkalemia,clinicalbert_type2_clinicalbert_pool,lr_lbfgs,1,1,brier,0.2499991353004969
3369,3369,,,lab_hyperkalemia,lab_hyperkalemia,clinicalbert_type2_clinicalbert_pool,lr_lbfgs,2,1,auroc,0.5222911124415175
3370,3370,,,lab_hyperkalemia,lab_hyperkalemia,clinicalbert_type2_clinicalbert_pool,lr_lbfgs,2,1,auprc,0.0279146810767983
3371,3371,,,lab_hyperkalemia,lab_hyperkalemia,clinicalbert_type2_clinicalbert_pool,lr_lbfgs,2,1,brier,0.2499967683427264
3372,3372,,,lab_hyperkalemia,lab_hyperkalemia,clinicalbert_type2_clinicalbert_pool,lr_lbfgs,3,1,auroc,0.5123576651580323
3373,3373,,,lab_hyperkalemia,lab_hyperkalemia,clinicalbert_type2_clinicalbert_pool,lr_lbfgs,3,1,auprc,0.0258149426087426
3374,3374,,,lab_hyperkalemia,lab_hyperkalemia,clinicalbert_type2_clinicalbert_pool,lr_lbfgs,3,1,brier,0.250000206353916
3375,3375,,,lab_hyperkalemia,lab_hyperkalemia,clinicalbert_type2_clinicalbert_pool,lr_lbfgs,4,1,auroc,0.5114263461861652
3376,3376,,,lab_hyperkalemia,lab_hyperkalemia,clinicalbert_type2_clinicalbert_pool,lr_lbfgs,4,1,auprc,0.0268935940261922
3377,3377,,,lab_hyperkalemia,lab_hyperkalemia,clinicalbert_type2_clinicalbert_pool,lr_lbfgs,4,1,brier,0.2499945244233471
3378,3378,,,lab_hyperkalemia,lab_hyperkalemia,clinicalbert_type2_clinicalbert_pool,lr_lbfgs,0,2,auroc,0.5220269620541766
3379,3379,,,lab_hyperkalemia,lab_hyperkalemia,clinicalbert_type2_clinicalbert_pool,lr_lbfgs,0,2,auprc,0.0267252705963515
3380,3380,,,lab_hyperkalemia,lab_hyperkalemia,clinicalbert_type2_clinicalbert_pool,lr_lbfgs,0,2,brier,0.2500021949176411
3381,3381,,,lab_hyperkalemia,lab_hyperkalemia,clinicalbert_type2_clinicalbert_pool,lr_lbfgs,1,2,auroc,0.4959716262837086
3382,3382,,,lab_hyperkalemia,lab_hyperkalemia,clinicalbert_type2_clinicalbert_pool,lr_lbfgs,1,2,auprc,0.0246377515608636
3383,3383,,,lab_hyperkalemia,lab_hyperkalemia,clinicalbert_type2_clinicalbert_pool,lr_lbfgs,1,2,brier,0.2499990708989359
3384,3384,,,lab_hyperkalemia,lab_hyperkalemia,clinicalbert_type2_clinicalbert_pool,lr_lbfgs,2,2,auroc,0.5159479177216983
3385,3385,,,lab_hyperkalemia,lab_hyperkalemia,clinicalbert_type2_clinicalbert_pool,lr_lbfgs,2,2,auprc,0.0272397451536649
3386,3386,,,lab_hyperkalemia,lab_hyperkalemia,clinicalbert_type2_clinicalbert_pool,lr_lbfgs,2,2,brier,0.2499971565700922
3387,3387,,,lab_hyperkalemia,lab_hyperkalemia,clinicalbert_type2_clinicalbert_pool,lr_lbfgs,3,2,auroc,0.5063020297041778
3388,3388,,,lab_hyperkalemia,lab_hyperkalemia,clinicalbert_type2_clinicalbert_pool,lr_lbfgs,3,2,auprc,0.0249050720912798
3389,3389,,,lab_hyperkalemia,lab_hyperkalemia,clinicalbert_type2_clinicalbert_pool,lr_lbfgs,3,2,brier,0.4413754859553033
3390,3390,,,lab_hyperkalemia,lab_hyperkalemia,clinicalbert_type2_clinicalbert_pool,lr_lbfgs,4,2,auroc,0.4761056021664083
3391,3391,,,lab_hyperkalemia,lab_hyperkalemia,clinicalbert_type2_clinicalbert_pool,lr_lbfgs,4,2,auprc,0.0253121308279799
3392,3392,,,lab_hyperkalemia,lab_hyperkalemia,clinicalbert_type2_clinicalbert_pool,lr_lbfgs,4,2,brier,0.2499981181696733
3393,3393,,,lab_hyperkalemia,lab_hyperkalemia,clinicalbert_type2_clinicalbert_pool,lr_lbfgs,0,4,auroc,0.5015953321763399
3394,3394,,,lab_hyperkalemia,lab_hyperkalemia,clinicalbert_type2_clinicalbert_pool,lr_lbfgs,0,4,auprc,0.0240089582261006
3395,3395,,,lab_hyperkalemia,lab_hyperkalemia,clinicalbert_type2_clinicalbert_pool,lr_lbfgs,0,4,brier,0.2500009670559321
3396,3396,,,lab_hyperkalemia,lab_hyperkalemia,clinicalbert_type2_clinicalbert_pool,lr_lbfgs,1,4,auroc,0.5068862931388898
3397,3397,,,lab_hyperkalemia,lab_hyperkalemia,clinicalbert_type2_clinicalbert_pool,lr_lbfgs,1,4,auprc,0.0251792370578992
3398,3398,,,lab_hyperkalemia,lab_hyperkalemia,clinicalbert_type2_clinicalbert_pool,lr_lbfgs,1,4,brier,0.2737519799944424
3399,3399,,,lab_hyperkalemia,lab_hyperkalemia,clinicalbert_type2_clinicalbert_pool,lr_lbfgs,2,4,auroc,0.5177768464657142
3400,3400,,,lab_hyperkalemia,lab_hyperkalemia,clinicalbert_type2_clinicalbert_pool,lr_lbfgs,2,4,auprc,0.0271475729457116
3401,3401,,,lab_hyperkalemia,lab_hyperkalemia,clinicalbert_type2_clinicalbert_pool,lr_lbfgs,2,4,brier,0.2499987768200653
3402,3402,,,lab_hyperkalemia,lab_hyperkalemia,clinicalbert_type2_clinicalbert_pool,lr_lbfgs,3,4,auroc,0.5270322445437987
3403,3403,,,lab_hyperkalemia,lab_hyperkalemia,clinicalbert_type2_clinicalbert_pool,lr_lbfgs,3,4,auprc,0.0250165362391344
3404,3404,,,lab_hyperkalemia,lab_hyperkalemia,clinicalbert_type2_clinicalbert_pool,lr_lbfgs,3,4,brier,0.2576939879751848
3405,3405,,,lab_hyperkalemia,lab_hyperkalemia,clinicalbert_type2_clinicalbert_pool,lr_lbfgs,4,4,auroc,0.4834609226024546
3406,3406,,,lab_hyperkalemia,lab_hyperkalemia,clinicalbert_type2_clinicalbert_pool,lr_lbfgs,4,4,auprc,0.0243408815504006
3407,3407,,,lab_hyperkalemia,lab_hyperkalemia,clinicalbert_type2_clinicalbert_pool,lr_lbfgs,4,4,brier,0.4613615411290301
3408,3408,,,lab_hyperkalemia,lab_hyperkalemia,clinicalbert_type2_clinicalbert_pool,lr_lbfgs,0,8,auroc,0.4984602626150799
3409,3409,,,lab_hyperkalemia,lab_hyperkalemia,clinicalbert_type2_clinicalbert_pool,lr_lbfgs,0,8,auprc,0.0244802855067278
3410,3410,,,lab_hyperkalemia,lab_hyperkalemia,clinicalbert_type2_clinicalbert_pool,lr_lbfgs,0,8,brier,0.2422837929796036
3411,3411,,,lab_hyperkalemia,lab_hyperkalemia,clinicalbert_type2_clinicalbert_pool,lr_lbfgs,1,8,auroc,0.4761398502159223
3412,3412,,,lab_hyperkalemia,lab_hyperkalemia,clinicalbert_type2_clinicalbert_pool,lr_lbfgs,1,8,auprc,0.0227373534447121
3413,3413,,,lab_hyperkalemia,lab_hyperkalemia,clinicalbert_type2_clinicalbert_pool,lr_lbfgs,1,8,brier,0.2271312440873066
3414,3414,,,lab_hyperkalemia,lab_hyperkalemia,clinicalbert_type2_clinicalbert_pool,lr_lbfgs,2,8,auroc,0.5207703539681511
3415,3415,,,lab_hyperkalemia,lab_hyperkalemia,clinicalbert_type2_clinicalbert_pool,lr_lbfgs,2,8,auprc,0.0273531489328028
3416,3416,,,lab_hyperkalemia,lab_hyperkalemia,clinicalbert_type2_clinicalbert_pool,lr_lbfgs,2,8,brier,0.2499972561433657
3417,3417,,,lab_hyperkalemia,lab_hyperkalemia,clinicalbert_type2_clinicalbert_pool,lr_lbfgs,3,8,auroc,0.5667599405300495
3418,3418,,,lab_hyperkalemia,lab_hyperkalemia,clinicalbert_type2_clinicalbert_pool,lr_lbfgs,3,8,auprc,0.0295430287448021
3419,3419,,,lab_hyperkalemia,lab_hyperkalemia,clinicalbert_type2_clinicalbert_pool,lr_lbfgs,3,8,brier,0.28458419447948
3420,3420,,,lab_hyperkalemia,lab_hyperkalemia,clinicalbert_type2_clinicalbert_pool,lr_lbfgs,4,8,auroc,0.4797008390906843
3421,3421,,,lab_hyperkalemia,lab_hyperkalemia,clinicalbert_type2_clinicalbert_pool,lr_lbfgs,4,8,auprc,0.0242546155726458
3422,3422,,,lab_hyperkalemia,lab_hyperkalemia,clinicalbert_type2_clinicalbert_pool,lr_lbfgs,4,8,brier,0.2499998170317786
3423,3423,,,lab_hyperkalemia,lab_hyperkalemia,clinicalbert_type2_clinicalbert_pool,lr_lbfgs,0,12,auroc,0.5038626877666154
3424,3424,,,lab_hyperkalemia,lab_hyperkalemia,clinicalbert_type2_clinicalbert_pool,lr_lbfgs,0,12,auprc,0.0267717228224113
3425,3425,,,lab_hyperkalemia,lab_hyperkalemia,clinicalbert_type2_clinicalbert_pool,lr_lbfgs,0,12,brier,0.2499990601924765
3426,3426,,,lab_hyperkalemia,lab_hyperkalemia,clinicalbert_type2_clinicalbert_pool,lr_lbfgs,1,12,auroc,0.469849618213521
3427,3427,,,lab_hyperkalemia,lab_hyperkalemia,clinicalbert_type2_clinicalbert_pool,lr_lbfgs,1,12,auprc,0.0223743936501398
3428,3428,,,lab_hyperkalemia,lab_hyperkalemia,clinicalbert_type2_clinicalbert_pool,lr_lbfgs,1,12,brier,0.2499975720170061
3429,3429,,,lab_hyperkalemia,lab_hyperkalemia,clinicalbert_type2_clinicalbert_pool,lr_lbfgs,2,12,auroc,0.5588240405266445
3430,3430,,,lab_hyperkalemia,lab_hyperkalemia,clinicalbert_type2_clinicalbert_pool,lr_lbfgs,2,12,auprc,0.0280839790310335
3431,3431,,,lab_hyperkalemia,lab_hyperkalemia,clinicalbert_type2_clinicalbert_pool,lr_lbfgs,2,12,brier,0.3827890185643068
3432,3432,,,lab_hyperkalemia,lab_hyperkalemia,clinicalbert_type2_clinicalbert_pool,lr_lbfgs,3,12,auroc,0.5452300155999088
3433,3433,,,lab_hyperkalemia,lab_hyperkalemia,clinicalbert_type2_clinicalbert_pool,lr_lbfgs,3,12,auprc,0.0278740292729349
3434,3434,,,lab_hyperkalemia,lab_hyperkalemia,clinicalbert_type2_clinicalbert_pool,lr_lbfgs,3,12,brier,0.5261656044270526
3435,3435,,,lab_hyperkalemia,lab_hyperkalemia,clinicalbert_type2_clinicalbert_pool,lr_lbfgs,4,12,auroc,0.4454368520577316
3436,3436,,,lab_hyperkalemia,lab_hyperkalemia,clinicalbert_type2_clinicalbert_pool,lr_lbfgs,4,12,auprc,0.0210782748977279
3437,3437,,,lab_hyperkalemia,lab_hyperkalemia,clinicalbert_type2_clinicalbert_pool,lr_lbfgs,4,12,brier,0.5391044899970522
3438,3438,,,lab_hyperkalemia,lab_hyperkalemia,clinicalbert_type2_clinicalbert_pool,lr_lbfgs,0,16,auroc,0.5100029951758642
3439,3439,,,lab_hyperkalemia,lab_hyperkalemia,clinicalbert_type2_clinicalbert_pool,lr_lbfgs,0,16,auprc,0.0277751663894884
3440,3440,,,lab_hyperkalemia,lab_hyperkalemia,clinicalbert_type2_clinicalbert_pool,lr_lbfgs,0,16,brier,0.2456697030397824
3441,3441,,,lab_hyperkalemia,lab_hyperkalemia,clinicalbert_type2_clinicalbert_pool,lr_lbfgs,1,16,auroc,0.5048098561762229
3442,3442,,,lab_hyperkalemia,lab_hyperkalemia,clinicalbert_type2_clinicalbert_pool,lr_lbfgs,1,16,auprc,0.0237187247124361
3443,3443,,,lab_hyperkalemia,lab_hyperkalemia,clinicalbert_type2_clinicalbert_pool,lr_lbfgs,1,16,brier,0.4170426629312067
3444,3444,,,lab_hyperkalemia,lab_hyperkalemia,clinicalbert_type2_clinicalbert_pool,lr_lbfgs,2,16,auroc,0.5242292929816078
3445,3445,,,lab_hyperkalemia,lab_hyperkalemia,clinicalbert_type2_clinicalbert_pool,lr_lbfgs,2,16,auprc,0.0283453693830189
3446,3446,,,lab_hyperkalemia,lab_hyperkalemia,clinicalbert_type2_clinicalbert_pool,lr_lbfgs,2,16,brier,0.2500644189960053
3447,3447,,,lab_hyperkalemia,lab_hyperkalemia,clinicalbert_type2_clinicalbert_pool,lr_lbfgs,3,16,auroc,0.5411208921329858
3448,3448,,,lab_hyperkalemia,lab_hyperkalemia,clinicalbert_type2_clinicalbert_pool,lr_lbfgs,3,16,auprc,0.0269713183310482
3449,3449,,,lab_hyperkalemia,lab_hyperkalemia,clinicalbert_type2_clinicalbert_pool,lr_lbfgs,3,16,brier,0.5539309725384136
3450,3450,,,lab_hyperkalemia,lab_hyperkalemia,clinicalbert_type2_clinicalbert_pool,lr_lbfgs,4,16,auroc,0.4741136713591986
3451,3451,,,lab_hyperkalemia,lab_hyperkalemia,clinicalbert_type2_clinicalbert_pool,lr_lbfgs,4,16,auprc,0.0232439125427794
3452,3452,,,lab_hyperkalemia,lab_hyperkalemia,clinicalbert_type2_clinicalbert_pool,lr_lbfgs,4,16,brier,0.602651462235631
3453,3453,,,lab_hyperkalemia,lab_hyperkalemia,clinicalbert_type2_clinicalbert_pool,lr_lbfgs,0,24,auroc,0.5101456245717828
3454,3454,,,lab_hyperkalemia,lab_hyperkalemia,clinicalbert_type2_clinicalbert_pool,lr_lbfgs,0,24,auprc,0.0268300131173447
3455,3455,,,lab_hyperkalemia,lab_hyperkalemia,clinicalbert_type2_clinicalbert_pool,lr_lbfgs,0,24,brier,0.2500023222639904
3456,3456,,,lab_hyperkalemia,lab_hyperkalemia,clinicalbert_type2_clinicalbert_pool,lr_lbfgs,1,24,auroc,0.4815482338026985
3457,3457,,,lab_hyperkalemia,lab_hyperkalemia,clinicalbert_type2_clinicalbert_pool,lr_lbfgs,1,24,auprc,0.0223098494187101
3458,3458,,,lab_hyperkalemia,lab_hyperkalemia,clinicalbert_type2_clinicalbert_pool,lr_lbfgs,1,24,brier,0.2499984676905073
3459,3459,,,lab_hyperkalemia,lab_hyperkalemia,clinicalbert_type2_clinicalbert_pool,lr_lbfgs,2,24,auroc,0.5399448783601507
3460,3460,,,lab_hyperkalemia,lab_hyperkalemia,clinicalbert_type2_clinicalbert_pool,lr_lbfgs,2,24,auprc,0.0292800170099445
3461,3461,,,lab_hyperkalemia,lab_hyperkalemia,clinicalbert_type2_clinicalbert_pool,lr_lbfgs,2,24,brier,0.2500315877972839
3462,3462,,,lab_hyperkalemia,lab_hyperkalemia,clinicalbert_type2_clinicalbert_pool,lr_lbfgs,3,24,auroc,0.558420162242285
3463,3463,,,lab_hyperkalemia,lab_hyperkalemia,clinicalbert_type2_clinicalbert_pool,lr_lbfgs,3,24,auprc,0.0279111698837275
3464,3464,,,lab_hyperkalemia,lab_hyperkalemia,clinicalbert_type2_clinicalbert_pool,lr_lbfgs,3,24,brier,0.4655793915476066
3465,3465,,,lab_hyperkalemia,lab_hyperkalemia,clinicalbert_type2_clinicalbert_pool,lr_lbfgs,4,24,auroc,0.4877895392799014
3466,3466,,,lab_hyperkalemia,lab_hyperkalemia,clinicalbert_type2_clinicalbert_pool,lr_lbfgs,4,24,auprc,0.0236629678500907
3467,3467,,,lab_hyperkalemia,lab_hyperkalemia,clinicalbert_type2_clinicalbert_pool,lr_lbfgs,4,24,brier,0.4934403855473507
3468,3468,,,lab_hyperkalemia,lab_hyperkalemia,clinicalbert_type2_clinicalbert_pool,lr_lbfgs,0,32,auroc,0.5213389959400363
3469,3469,,,lab_hyperkalemia,lab_hyperkalemia,clinicalbert_type2_clinicalbert_pool,lr_lbfgs,0,32,auprc,0.0285663360900056
3470,3470,,,lab_hyperkalemia,lab_hyperkalemia,clinicalbert_type2_clinicalbert_pool,lr_lbfgs,0,32,brier,0.2467147396680606
3471,3471,,,lab_hyperkalemia,lab_hyperkalemia,clinicalbert_type2_clinicalbert_pool,lr_lbfgs,1,32,auroc,0.4841689608714842
3472,3472,,,lab_hyperkalemia,lab_hyperkalemia,clinicalbert_type2_clinicalbert_pool,lr_lbfgs,1,32,auprc,0.0224352074395686
3473,3473,,,lab_hyperkalemia,lab_hyperkalemia,clinicalbert_type2_clinicalbert_pool,lr_lbfgs,1,32,brier,0.2487104089411516
3474,3474,,,lab_hyperkalemia,lab_hyperkalemia,clinicalbert_type2_clinicalbert_pool,lr_lbfgs,2,32,auroc,0.5339026830637001
3475,3475,,,lab_hyperkalemia,lab_hyperkalemia,clinicalbert_type2_clinicalbert_pool,lr_lbfgs,2,32,auprc,0.0273964519470276
3476,3476,,,lab_hyperkalemia,lab_hyperkalemia,clinicalbert_type2_clinicalbert_pool,lr_lbfgs,2,32,brier,0.4064456349462464
3477,3477,,,lab_hyperkalemia,lab_hyperkalemia,clinicalbert_type2_clinicalbert_pool,lr_lbfgs,3,32,auroc,0.5640305419649693
3478,3478,,,lab_hyperkalemia,lab_hyperkalemia,clinicalbert_type2_clinicalbert_pool,lr_lbfgs,3,32,auprc,0.0278617993638599
3479,3479,,,lab_hyperkalemia,lab_hyperkalemia,clinicalbert_type2_clinicalbert_pool,lr_lbfgs,3,32,brier,0.5008158565345652
3480,3480,,,lab_hyperkalemia,lab_hyperkalemia,clinicalbert_type2_clinicalbert_pool,lr_lbfgs,4,32,auroc,0.5117520705251587
3481,3481,,,lab_hyperkalemia,lab_hyperkalemia,clinicalbert_type2_clinicalbert_pool,lr_lbfgs,4,32,auprc,0.0253008133055981
3482,3482,,,lab_hyperkalemia,lab_hyperkalemia,clinicalbert_type2_clinicalbert_pool,lr_lbfgs,4,32,brier,0.5066311805302408
3483,3483,,,lab_hyperkalemia,lab_hyperkalemia,clinicalbert_type2_clinicalbert_pool,lr_lbfgs,0,48,auroc,0.5054297873224104
3484,3484,,,lab_hyperkalemia,lab_hyperkalemia,clinicalbert_type2_clinicalbert_pool,lr_lbfgs,0,48,auprc,0.0244976694545771
3485,3485,,,lab_hyperkalemia,lab_hyperkalemia,clinicalbert_type2_clinicalbert_pool,lr_lbfgs,0,48,brier,0.2453574567382564
3486,3486,,,lab_hyperkalemia,lab_hyperkalemia,clinicalbert_type2_clinicalbert_pool,lr_lbfgs,1,48,auroc,0.4759870759363505
3487,3487,,,lab_hyperkalemia,lab_hyperkalemia,clinicalbert_type2_clinicalbert_pool,lr_lbfgs,1,48,auprc,0.0219309644005291
3488,3488,,,lab_hyperkalemia,lab_hyperkalemia,clinicalbert_type2_clinicalbert_pool,lr_lbfgs,1,48,brier,0.2499998139048748
3489,3489,,,lab_hyperkalemia,lab_hyperkalemia,clinicalbert_type2_clinicalbert_pool,lr_lbfgs,2,48,auroc,0.530676112662135
3490,3490,,,lab_hyperkalemia,lab_hyperkalemia,clinicalbert_type2_clinicalbert_pool,lr_lbfgs,2,48,auprc,0.0253666212191469
3491,3491,,,lab_hyperkalemia,lab_hyperkalemia,clinicalbert_type2_clinicalbert_pool,lr_lbfgs,2,48,brier,0.2514593877946939
3492,3492,,,lab_hyperkalemia,lab_hyperkalemia,clinicalbert_type2_clinicalbert_pool,lr_lbfgs,3,48,auroc,0.5809631610570434
3493,3493,,,lab_hyperkalemia,lab_hyperkalemia,clinicalbert_type2_clinicalbert_pool,lr_lbfgs,3,48,auprc,0.030305663071629
3494,3494,,,lab_hyperkalemia,lab_hyperkalemia,clinicalbert_type2_clinicalbert_pool,lr_lbfgs,3,48,brier,0.4732806570585939
3495,3495,,,lab_hyperkalemia,lab_hyperkalemia,clinicalbert_type2_clinicalbert_pool,lr_lbfgs,4,48,auroc,0.4732392010407759
3496,3496,,,lab_hyperkalemia,lab_hyperkalemia,clinicalbert_type2_clinicalbert_pool,lr_lbfgs,4,48,auprc,0.0228762762527408
3497,3497,,,lab_hyperkalemia,lab_hyperkalemia,clinicalbert_type2_clinicalbert_pool,lr_lbfgs,4,48,brier,0.3200402639828938
3498,3498,,,lab_hyperkalemia,lab_hyperkalemia,clinicalbert_type2_clinicalbert_pool,lr_lbfgs,0,64,auroc,0.4860371220256242
3499,3499,,,lab_hyperkalemia,lab_hyperkalemia,clinicalbert_type2_clinicalbert_pool,lr_lbfgs,0,64,auprc,0.0227238314437987
3500,3500,,,lab_hyperkalemia,lab_hyperkalemia,clinicalbert_type2_clinicalbert_pool,lr_lbfgs,0,64,brier,0.2442473063432957
3501,3501,,,lab_hyperkalemia,lab_hyperkalemia,clinicalbert_type2_clinicalbert_pool,lr_lbfgs,1,64,auroc,0.4811473502797034
3502,3502,,,lab_hyperkalemia,lab_hyperkalemia,clinicalbert_type2_clinicalbert_pool,lr_lbfgs,1,64,auprc,0.0223371316919512
3503,3503,,,lab_hyperkalemia,lab_hyperkalemia,clinicalbert_type2_clinicalbert_pool,lr_lbfgs,1,64,brier,0.2499682178621388
3504,3504,,,lab_hyperkalemia,lab_hyperkalemia,clinicalbert_type2_clinicalbert_pool,lr_lbfgs,2,64,auroc,0.5825073284090337
3505,3505,,,lab_hyperkalemia,lab_hyperkalemia,clinicalbert_type2_clinicalbert_pool,lr_lbfgs,2,64,auprc,0.0326897222489966
3506,3506,,,lab_hyperkalemia,lab_hyperkalemia,clinicalbert_type2_clinicalbert_pool,lr_lbfgs,2,64,brier,0.365038288565249
3507,3507,,,lab_hyperkalemia,lab_hyperkalemia,clinicalbert_type2_clinicalbert_pool,lr_lbfgs,3,64,auroc,0.5385285427596898
3508,3508,,,lab_hyperkalemia,lab_hyperkalemia,clinicalbert_type2_clinicalbert_pool,lr_lbfgs,3,64,auprc,0.0274284821166156
3509,3509,,,lab_hyperkalemia,lab_hyperkalemia,clinicalbert_type2_clinicalbert_pool,lr_lbfgs,3,64,brier,0.4409957832679436
3510,3510,,,lab_hyperkalemia,lab_hyperkalemia,clinicalbert_type2_clinicalbert_pool,lr_lbfgs,4,64,auroc,0.4840217719772947
3511,3511,,,lab_hyperkalemia,lab_hyperkalemia,clinicalbert_type2_clinicalbert_pool,lr_lbfgs,4,64,auprc,0.0239514972913823
3512,3512,,,lab_hyperkalemia,lab_hyperkalemia,clinicalbert_type2_clinicalbert_pool,lr_lbfgs,4,64,brier,0.3047181311955396
3513,3513,,,lab_hyperkalemia,lab_hyperkalemia,clinicalbert_type2_clinicalbert_pool,lr_lbfgs,0,128,auroc,0.5095312425422411
3514,3514,,,lab_hyperkalemia,lab_hyperkalemia,clinicalbert_type2_clinicalbert_pool,lr_lbfgs,0,128,auprc,0.0242081768932944
3515,3515,,,lab_hyperkalemia,lab_hyperkalemia,clinicalbert_type2_clinicalbert_pool,lr_lbfgs,0,128,brier,0.2503628353173684
3516,3516,,,lab_hyperkalemia,lab_hyperkalemia,clinicalbert_type2_clinicalbert_pool,lr_lbfgs,1,128,auroc,0.4755536438131971
3517,3517,,,lab_hyperkalemia,lab_hyperkalemia,clinicalbert_type2_clinicalbert_pool,lr_lbfgs,1,128,auprc,0.0218301594003259
3518,3518,,,lab_hyperkalemia,lab_hyperkalemia,clinicalbert_type2_clinicalbert_pool,lr_lbfgs,1,128,brier,0.2500004968991924
3519,3519,,,lab_hyperkalemia,lab_hyperkalemia,clinicalbert_type2_clinicalbert_pool,lr_lbfgs,2,128,auroc,0.6044994983826527
3520,3520,,,lab_hyperkalemia,lab_hyperkalemia,clinicalbert_type2_clinicalbert_pool,lr_lbfgs,2,128,auprc,0.0334366573734292
3521,3521,,,lab_hyperkalemia,lab_hyperkalemia,clinicalbert_type2_clinicalbert_pool,lr_lbfgs,2,128,brier,0.3824578754664215
3522,3522,,,lab_hyperkalemia,lab_hyperkalemia,clinicalbert_type2_clinicalbert_pool,lr_lbfgs,3,128,auroc,0.576589804302811
3523,3523,,,lab_hyperkalemia,lab_hyperkalemia,clinicalbert_type2_clinicalbert_pool,lr_lbfgs,3,128,auprc,0.0316878260553821
3524,3524,,,lab_hyperkalemia,lab_hyperkalemia,clinicalbert_type2_clinicalbert_pool,lr_lbfgs,3,128,brier,0.3310244522542621
3525,3525,,,lab_hyperkalemia,lab_hyperkalemia,clinicalbert_type2_clinicalbert_pool,lr_lbfgs,4,128,auroc,0.5015526905050085
3526,3526,,,lab_hyperkalemia,lab_hyperkalemia,clinicalbert_type2_clinicalbert_pool,lr_lbfgs,4,128,auprc,0.0235461981588659
3527,3527,,,lab_hyperkalemia,lab_hyperkalemia,clinicalbert_type2_clinicalbert_pool,lr_lbfgs,4,128,brier,0.2523828888795028
3528,3528,,,lab_hyperkalemia,lab_hyperkalemia,clinicalbert_type2_clinicalbert_pool,knn,0,-1,auroc,0.4966682865320524
3529,3529,,,lab_hyperkalemia,lab_hyperkalemia,clinicalbert_type2_clinicalbert_pool,knn,0,-1,auprc,0.02423397657811
3530,3530,,,lab_hyperkalemia,lab_hyperkalemia,clinicalbert_type2_clinicalbert_pool,knn,0,-1,brier,0.0311884750129608
3531,3531,,,lab_hyperkalemia,lab_hyperkalemia,clinicalbert_type2_clinicalbert_pool,knn,0,1,auroc,0.4715303891699647
3532,3532,,,lab_hyperkalemia,lab_hyperkalemia,clinicalbert_type2_clinicalbert_pool,knn,0,1,auprc,0.0231488985477512
3533,3533,,,lab_hyperkalemia,lab_hyperkalemia,clinicalbert_type2_clinicalbert_pool,knn,0,1,brier,0.8107866086437403
3534,3534,,,lab_hyperkalemia,lab_hyperkalemia,clinicalbert_type2_clinicalbert_pool,knn,1,1,auroc,0.5197910929082123
3535,3535,,,lab_hyperkalemia,lab_hyperkalemia,clinicalbert_type2_clinicalbert_pool,knn,1,1,auprc,0.0254503475306116
3536,3536,,,lab_hyperkalemia,lab_hyperkalemia,clinicalbert_type2_clinicalbert_pool,knn,1,1,brier,0.3909949256123042
3537,3537,,,lab_hyperkalemia,lab_hyperkalemia,clinicalbert_type2_clinicalbert_pool,knn,2,1,auroc,0.5244328849419109
3538,3538,,,lab_hyperkalemia,lab_hyperkalemia,clinicalbert_type2_clinicalbert_pool,knn,2,1,auprc,0.0258698473590223
3539,3539,,,lab_hyperkalemia,lab_hyperkalemia,clinicalbert_type2_clinicalbert_pool,knn,2,1,brier,0.2025984635445305
3540,3540,,,lab_hyperkalemia,lab_hyperkalemia,clinicalbert_type2_clinicalbert_pool,knn,3,1,auroc,0.4897257146770021
3541,3541,,,lab_hyperkalemia,lab_hyperkalemia,clinicalbert_type2_clinicalbert_pool,knn,3,1,auprc,0.0239453716669204
3542,3542,,,lab_hyperkalemia,lab_hyperkalemia,clinicalbert_type2_clinicalbert_pool,knn,3,1,brier,0.4661838405102666
3543,3543,,,lab_hyperkalemia,lab_hyperkalemia,clinicalbert_type2_clinicalbert_pool,knn,4,1,auroc,0.5264534006945318
3544,3544,,,lab_hyperkalemia,lab_hyperkalemia,clinicalbert_type2_clinicalbert_pool,knn,4,1,auprc,0.0261465004835846
3545,3545,,,lab_hyperkalemia,lab_hyperkalemia,clinicalbert_type2_clinicalbert_pool,knn,4,1,brier,0.1527500667682591
3546,3546,,,lab_hyperkalemia,lab_hyperkalemia,clinicalbert_type2_clinicalbert_pool,knn,0,2,auroc,0.4987829507427246
3547,3547,,,lab_hyperkalemia,lab_hyperkalemia,clinicalbert_type2_clinicalbert_pool,knn,0,2,auprc,0.0243557848324652
3548,3548,,,lab_hyperkalemia,lab_hyperkalemia,clinicalbert_type2_clinicalbert_pool,knn,0,2,brier,0.4275088718869846
3549,3549,,,lab_hyperkalemia,lab_hyperkalemia,clinicalbert_type2_clinicalbert_pool,knn,1,2,auroc,0.5167794665813958
3550,3550,,,lab_hyperkalemia,lab_hyperkalemia,clinicalbert_type2_clinicalbert_pool,knn,1,2,auprc,0.0252500104069615
3551,3551,,,lab_hyperkalemia,lab_hyperkalemia,clinicalbert_type2_clinicalbert_pool,knn,1,2,brier,0.6937300677108699
3552,3552,,,lab_hyperkalemia,lab_hyperkalemia,clinicalbert_type2_clinicalbert_pool,knn,2,2,auroc,0.5002039805539057
3553,3553,,,lab_hyperkalemia,lab_hyperkalemia,clinicalbert_type2_clinicalbert_pool,knn,2,2,auprc,0.0259604023616023
3554,3554,,,lab_hyperkalemia,lab_hyperkalemia,clinicalbert_type2_clinicalbert_pool,knn,2,2,brier,0.1970366234570915
3555,3555,,,lab_hyperkalemia,lab_hyperkalemia,clinicalbert_type2_clinicalbert_pool,knn,3,2,auroc,0.5191320174331173
3556,3556,,,lab_hyperkalemia,lab_hyperkalemia,clinicalbert_type2_clinicalbert_pool,knn,3,2,auprc,0.0254502584997471
3557,3557,,,lab_hyperkalemia,lab_hyperkalemia,clinicalbert_type2_clinicalbert_pool,knn,3,2,brier,0.2808822836315648
3558,3558,,,lab_hyperkalemia,lab_hyperkalemia,clinicalbert_type2_clinicalbert_pool,knn,4,2,auroc,0.5210799179945221
3559,3559,,,lab_hyperkalemia,lab_hyperkalemia,clinicalbert_type2_clinicalbert_pool,knn,4,2,auprc,0.0256208172053563
3560,3560,,,lab_hyperkalemia,lab_hyperkalemia,clinicalbert_type2_clinicalbert_pool,knn,4,2,brier,0.1830689659385871
3561,3561,,,lab_hyperkalemia,lab_hyperkalemia,clinicalbert_type2_clinicalbert_pool,knn,0,4,auroc,0.5267434055095693
3562,3562,,,lab_hyperkalemia,lab_hyperkalemia,clinicalbert_type2_clinicalbert_pool,knn,0,4,auprc,0.0258211976648525
3563,3563,,,lab_hyperkalemia,lab_hyperkalemia,clinicalbert_type2_clinicalbert_pool,knn,0,4,brier,0.494949177572149
3564,3564,,,lab_hyperkalemia,lab_hyperkalemia,clinicalbert_type2_clinicalbert_pool,knn,1,4,auroc,0.549290264354114
3565,3565,,,lab_hyperkalemia,lab_hyperkalemia,clinicalbert_type2_clinicalbert_pool,knn,1,4,auprc,0.0294512941071353
3566,3566,,,lab_hyperkalemia,lab_hyperkalemia,clinicalbert_type2_clinicalbert_pool,knn,1,4,brier,0.1707128265719058
3567,3567,,,lab_hyperkalemia,lab_hyperkalemia,clinicalbert_type2_clinicalbert_pool,knn,2,4,auroc,0.5305328977851884
3568,3568,,,lab_hyperkalemia,lab_hyperkalemia,clinicalbert_type2_clinicalbert_pool,knn,2,4,auprc,0.0264967287214814
3569,3569,,,lab_hyperkalemia,lab_hyperkalemia,clinicalbert_type2_clinicalbert_pool,knn,2,4,brier,0.1864905031970214
3570,3570,,,lab_hyperkalemia,lab_hyperkalemia,clinicalbert_type2_clinicalbert_pool,knn,3,4,auroc,0.5162597563159569
3571,3571,,,lab_hyperkalemia,lab_hyperkalemia,clinicalbert_type2_clinicalbert_pool,knn,3,4,auprc,0.0252607924479115
3572,3572,,,lab_hyperkalemia,lab_hyperkalemia,clinicalbert_type2_clinicalbert_pool,knn,3,4,brier,0.3446341884907231
3573,3573,,,lab_hyperkalemia,lab_hyperkalemia,clinicalbert_type2_clinicalbert_pool,knn,4,4,auroc,0.4885291158057225
3574,3574,,,lab_hyperkalemia,lab_hyperkalemia,clinicalbert_type2_clinicalbert_pool,knn,4,4,auprc,0.0238879074602156
3575,3575,,,lab_hyperkalemia,lab_hyperkalemia,clinicalbert_type2_clinicalbert_pool,knn,4,4,brier,0.5872621871710682
3576,3576,,,lab_hyperkalemia,lab_hyperkalemia,clinicalbert_type2_clinicalbert_pool,knn,0,8,auroc,0.5175403587616345
3577,3577,,,lab_hyperkalemia,lab_hyperkalemia,clinicalbert_type2_clinicalbert_pool,knn,0,8,auprc,0.0253046463870865
3578,3578,,,lab_hyperkalemia,lab_hyperkalemia,clinicalbert_type2_clinicalbert_pool,knn,0,8,brier,0.5129059117402165
3579,3579,,,lab_hyperkalemia,lab_hyperkalemia,clinicalbert_type2_clinicalbert_pool,knn,1,8,auroc,0.5024002235148953
3580,3580,,,lab_hyperkalemia,lab_hyperkalemia,clinicalbert_type2_clinicalbert_pool,knn,1,8,auprc,0.0245909510516127
3581,3581,,,lab_hyperkalemia,lab_hyperkalemia,clinicalbert_type2_clinicalbert_pool,knn,1,8,brier,0.3380359134683361
3582,3582,,,lab_hyperkalemia,lab_hyperkalemia,clinicalbert_type2_clinicalbert_pool,knn,2,8,auroc,0.5303983718611974
3583,3583,,,lab_hyperkalemia,lab_hyperkalemia,clinicalbert_type2_clinicalbert_pool,knn,2,8,auprc,0.026911498868883
3584,3584,,,lab_hyperkalemia,lab_hyperkalemia,clinicalbert_type2_clinicalbert_pool,knn,2,8,brier,0.3393346215679805
3585,3585,,,lab_hyperkalemia,lab_hyperkalemia,clinicalbert_type2_clinicalbert_pool,knn,3,8,auroc,0.5337854417831552
3586,3586,,,lab_hyperkalemia,lab_hyperkalemia,clinicalbert_type2_clinicalbert_pool,knn,3,8,auprc,0.0262975051373518
3587,3587,,,lab_hyperkalemia,lab_hyperkalemia,clinicalbert_type2_clinicalbert_pool,knn,3,8,brier,0.3335794594651207
3588,3588,,,lab_hyperkalemia,lab_hyperkalemia,clinicalbert_type2_clinicalbert_pool,knn,4,8,auroc,0.5005584297320074
3589,3589,,,lab_hyperkalemia,lab_hyperkalemia,clinicalbert_type2_clinicalbert_pool,knn,4,8,auprc,0.0244214865140668
3590,3590,,,lab_hyperkalemia,lab_hyperkalemia,clinicalbert_type2_clinicalbert_pool,knn,4,8,brier,0.2939858294188806
3591,3591,,,lab_hyperkalemia,lab_hyperkalemia,clinicalbert_type2_clinicalbert_pool,knn,0,12,auroc,0.4999062504980475
3592,3592,,,lab_hyperkalemia,lab_hyperkalemia,clinicalbert_type2_clinicalbert_pool,knn,0,12,auprc,0.0276073466423974
3593,3593,,,lab_hyperkalemia,lab_hyperkalemia,clinicalbert_type2_clinicalbert_pool,knn,0,12,brier,0.4061062322278604
3594,3594,,,lab_hyperkalemia,lab_hyperkalemia,clinicalbert_type2_clinicalbert_pool,knn,1,12,auroc,0.5077881204469394
3595,3595,,,lab_hyperkalemia,lab_hyperkalemia,clinicalbert_type2_clinicalbert_pool,knn,1,12,auprc,0.024358386015868
3596,3596,,,lab_hyperkalemia,lab_hyperkalemia,clinicalbert_type2_clinicalbert_pool,knn,1,12,brier,0.2787048528741772
3597,3597,,,lab_hyperkalemia,lab_hyperkalemia,clinicalbert_type2_clinicalbert_pool,knn,2,12,auroc,0.5485288488678237
3598,3598,,,lab_hyperkalemia,lab_hyperkalemia,clinicalbert_type2_clinicalbert_pool,knn,2,12,auprc,0.0278980344813142
3599,3599,,,lab_hyperkalemia,lab_hyperkalemia,clinicalbert_type2_clinicalbert_pool,knn,2,12,brier,0.3202224561293262
3600,3600,,,lab_hyperkalemia,lab_hyperkalemia,clinicalbert_type2_clinicalbert_pool,knn,3,12,auroc,0.5640588004917544
3601,3601,,,lab_hyperkalemia,lab_hyperkalemia,clinicalbert_type2_clinicalbert_pool,knn,3,12,auprc,0.0287483734897941
3602,3602,,,lab_hyperkalemia,lab_hyperkalemia,clinicalbert_type2_clinicalbert_pool,knn,3,12,brier,0.3905585317616172
3603,3603,,,lab_hyperkalemia,lab_hyperkalemia,clinicalbert_type2_clinicalbert_pool,knn,4,12,auroc,0.4584387225089974
3604,3604,,,lab_hyperkalemia,lab_hyperkalemia,clinicalbert_type2_clinicalbert_pool,knn,4,12,auprc,0.0217429458732269
3605,3605,,,lab_hyperkalemia,lab_hyperkalemia,clinicalbert_type2_clinicalbert_pool,knn,4,12,brier,0.4157366449706762
3606,3606,,,lab_hyperkalemia,lab_hyperkalemia,clinicalbert_type2_clinicalbert_pool,knn,0,16,auroc,0.5290211080521714
3607,3607,,,lab_hyperkalemia,lab_hyperkalemia,clinicalbert_type2_clinicalbert_pool,knn,0,16,auprc,0.0259784220448105
3608,3608,,,lab_hyperkalemia,lab_hyperkalemia,clinicalbert_type2_clinicalbert_pool,knn,0,16,brier,0.4299090380657628
3609,3609,,,lab_hyperkalemia,lab_hyperkalemia,clinicalbert_type2_clinicalbert_pool,knn,1,16,auroc,0.4990768414937885
3610,3610,,,lab_hyperkalemia,lab_hyperkalemia,clinicalbert_type2_clinicalbert_pool,knn,1,16,auprc,0.0241240466879613
3611,3611,,,lab_hyperkalemia,lab_hyperkalemia,clinicalbert_type2_clinicalbert_pool,knn,1,16,brier,0.2701817667666882
3612,3612,,,lab_hyperkalemia,lab_hyperkalemia,clinicalbert_type2_clinicalbert_pool,knn,2,16,auroc,0.5318856542910071
3613,3613,,,lab_hyperkalemia,lab_hyperkalemia,clinicalbert_type2_clinicalbert_pool,knn,2,16,auprc,0.026499485480201
3614,3614,,,lab_hyperkalemia,lab_hyperkalemia,clinicalbert_type2_clinicalbert_pool,knn,2,16,brier,0.3135454905677833
3615,3615,,,lab_hyperkalemia,lab_hyperkalemia,clinicalbert_type2_clinicalbert_pool,knn,3,16,auroc,0.5513101272694826
3616,3616,,,lab_hyperkalemia,lab_hyperkalemia,clinicalbert_type2_clinicalbert_pool,knn,3,16,auprc,0.0273100731845634
3617,3617,,,lab_hyperkalemia,lab_hyperkalemia,clinicalbert_type2_clinicalbert_pool,knn,3,16,brier,0.3938716338760327
3618,3618,,,lab_hyperkalemia,lab_hyperkalemia,clinicalbert_type2_clinicalbert_pool,knn,4,16,auroc,0.4585190525785382
3619,3619,,,lab_hyperkalemia,lab_hyperkalemia,clinicalbert_type2_clinicalbert_pool,knn,4,16,auprc,0.0220867819362194
3620,3620,,,lab_hyperkalemia,lab_hyperkalemia,clinicalbert_type2_clinicalbert_pool,knn,4,16,brier,0.3969978739544665
3621,3621,,,lab_hyperkalemia,lab_hyperkalemia,clinicalbert_type2_clinicalbert_pool,knn,0,24,auroc,0.5338021461268212
3622,3622,,,lab_hyperkalemia,lab_hyperkalemia,clinicalbert_type2_clinicalbert_pool,knn,0,24,auprc,0.028438326438566
3623,3623,,,lab_hyperkalemia,lab_hyperkalemia,clinicalbert_type2_clinicalbert_pool,knn,0,24,brier,0.3432447104701359
3624,3624,,,lab_hyperkalemia,lab_hyperkalemia,clinicalbert_type2_clinicalbert_pool,knn,1,24,auroc,0.4981344916448542
3625,3625,,,lab_hyperkalemia,lab_hyperkalemia,clinicalbert_type2_clinicalbert_pool,knn,1,24,auprc,0.0243254868445485
3626,3626,,,lab_hyperkalemia,lab_hyperkalemia,clinicalbert_type2_clinicalbert_pool,knn,1,24,brier,0.4442681413287669
3627,3627,,,lab_hyperkalemia,lab_hyperkalemia,clinicalbert_type2_clinicalbert_pool,knn,2,24,auroc,0.5269846599618416
3628,3628,,,lab_hyperkalemia,lab_hyperkalemia,clinicalbert_type2_clinicalbert_pool,knn,2,24,auprc,0.0262117338625899
3629,3629,,,lab_hyperkalemia,lab_hyperkalemia,clinicalbert_type2_clinicalbert_pool,knn,2,24,brier,0.307157871585
3630,3630,,,lab_hyperkalemia,lab_hyperkalemia,clinicalbert_type2_clinicalbert_pool,knn,3,24,auroc,0.5740987845973434
3631,3631,,,lab_hyperkalemia,lab_hyperkalemia,clinicalbert_type2_clinicalbert_pool,knn,3,24,auprc,0.0299528834625845
3632,3632,,,lab_hyperkalemia,lab_hyperkalemia,clinicalbert_type2_clinicalbert_pool,knn,3,24,brier,0.3847014280552371
3633,3633,,,lab_hyperkalemia,lab_hyperkalemia,clinicalbert_type2_clinicalbert_pool,knn,4,24,auroc,0.4938830341131505
3634,3634,,,lab_hyperkalemia,lab_hyperkalemia,clinicalbert_type2_clinicalbert_pool,knn,4,24,auprc,0.0236916030603842
3635,3635,,,lab_hyperkalemia,lab_hyperkalemia,clinicalbert_type2_clinicalbert_pool,knn,4,24,brier,0.3983881888150177
3636,3636,,,lab_hyperkalemia,lab_hyperkalemia,clinicalbert_type2_clinicalbert_pool,knn,0,32,auroc,0.5204496865272402
3637,3637,,,lab_hyperkalemia,lab_hyperkalemia,clinicalbert_type2_clinicalbert_pool,knn,0,32,auprc,0.0265354249862605
3638,3638,,,lab_hyperkalemia,lab_hyperkalemia,clinicalbert_type2_clinicalbert_pool,knn,0,32,brier,0.2968714750286711
3639,3639,,,lab_hyperkalemia,lab_hyperkalemia,clinicalbert_type2_clinicalbert_pool,knn,1,32,auroc,0.4479551458528575
3640,3640,,,lab_hyperkalemia,lab_hyperkalemia,clinicalbert_type2_clinicalbert_pool,knn,1,32,auprc,0.0217476185556446
3641,3641,,,lab_hyperkalemia,lab_hyperkalemia,clinicalbert_type2_clinicalbert_pool,knn,1,32,brier,0.2708442436464821
3642,3642,,,lab_hyperkalemia,lab_hyperkalemia,clinicalbert_type2_clinicalbert_pool,knn,2,32,auroc,0.5164383953857214
3643,3643,,,lab_hyperkalemia,lab_hyperkalemia,clinicalbert_type2_clinicalbert_pool,knn,2,32,auprc,0.0252470141131368
3644,3644,,,lab_hyperkalemia,lab_hyperkalemia,clinicalbert_type2_clinicalbert_pool,knn,2,32,brier,0.4973057043658586
3645,3645,,,lab_hyperkalemia,lab_hyperkalemia,clinicalbert_type2_clinicalbert_pool,knn,3,32,auroc,0.5661990807927135
3646,3646,,,lab_hyperkalemia,lab_hyperkalemia,clinicalbert_type2_clinicalbert_pool,knn,3,32,auprc,0.0291036531710076
3647,3647,,,lab_hyperkalemia,lab_hyperkalemia,clinicalbert_type2_clinicalbert_pool,knn,3,32,brier,0.3229880759744238
3648,3648,,,lab_hyperkalemia,lab_hyperkalemia,clinicalbert_type2_clinicalbert_pool,knn,4,32,auroc,0.495554416648154
3649,3649,,,lab_hyperkalemia,lab_hyperkalemia,clinicalbert_type2_clinicalbert_pool,knn,4,32,auprc,0.0240496604147178
3650,3650,,,lab_hyperkalemia,lab_hyperkalemia,clinicalbert_type2_clinicalbert_pool,knn,4,32,brier,0.4245379025515075
3651,3651,,,lab_hyperkalemia,lab_hyperkalemia,clinicalbert_type2_clinicalbert_pool,knn,0,48,auroc,0.5119470616137229
3652,3652,,,lab_hyperkalemia,lab_hyperkalemia,clinicalbert_type2_clinicalbert_pool,knn,0,48,auprc,0.0249428176292642
3653,3653,,,lab_hyperkalemia,lab_hyperkalemia,clinicalbert_type2_clinicalbert_pool,knn,0,48,brier,0.2898854727978258
3654,3654,,,lab_hyperkalemia,lab_hyperkalemia,clinicalbert_type2_clinicalbert_pool,knn,1,48,auroc,0.4763748405393198
3655,3655,,,lab_hyperkalemia,lab_hyperkalemia,clinicalbert_type2_clinicalbert_pool,knn,1,48,auprc,0.023596521605906
3656,3656,,,lab_hyperkalemia,lab_hyperkalemia,clinicalbert_type2_clinicalbert_pool,knn,1,48,brier,0.2761482831393126
3657,3657,,,lab_hyperkalemia,lab_hyperkalemia,clinicalbert_type2_clinicalbert_pool,knn,2,48,auroc,0.519259455409796
3658,3658,,,lab_hyperkalemia,lab_hyperkalemia,clinicalbert_type2_clinicalbert_pool,knn,2,48,auprc,0.0253953145860866
3659,3659,,,lab_hyperkalemia,lab_hyperkalemia,clinicalbert_type2_clinicalbert_pool,knn,2,48,brier,0.5328107080577507
3660,3660,,,lab_hyperkalemia,lab_hyperkalemia,clinicalbert_type2_clinicalbert_pool,knn,3,48,auroc,0.560400735753801
3661,3661,,,lab_hyperkalemia,lab_hyperkalemia,clinicalbert_type2_clinicalbert_pool,knn,3,48,auprc,0.0291566829568374
3662,3662,,,lab_hyperkalemia,lab_hyperkalemia,clinicalbert_type2_clinicalbert_pool,knn,3,48,brier,0.3364234207342938
3663,3663,,,lab_hyperkalemia,lab_hyperkalemia,clinicalbert_type2_clinicalbert_pool,knn,4,48,auroc,0.4812529492959129
3664,3664,,,lab_hyperkalemia,lab_hyperkalemia,clinicalbert_type2_clinicalbert_pool,knn,4,48,auprc,0.023078172350456
3665,3665,,,lab_hyperkalemia,lab_hyperkalemia,clinicalbert_type2_clinicalbert_pool,knn,4,48,brier,0.4200587560680566
3666,3666,,,lab_hyperkalemia,lab_hyperkalemia,clinicalbert_type2_clinicalbert_pool,knn,0,64,auroc,0.5038328541404274
3667,3667,,,lab_hyperkalemia,lab_hyperkalemia,clinicalbert_type2_clinicalbert_pool,knn,0,64,auprc,0.0245993380549015
3668,3668,,,lab_hyperkalemia,lab_hyperkalemia,clinicalbert_type2_clinicalbert_pool,knn,0,64,brier,0.4374342136270089
3669,3669,,,lab_hyperkalemia,lab_hyperkalemia,clinicalbert_type2_clinicalbert_pool,knn,1,64,auroc,0.4964502699772188
3670,3670,,,lab_hyperkalemia,lab_hyperkalemia,clinicalbert_type2_clinicalbert_pool,knn,1,64,auprc,0.0242582699939034
3671,3671,,,lab_hyperkalemia,lab_hyperkalemia,clinicalbert_type2_clinicalbert_pool,knn,1,64,brier,0.2810236752391875
3672,3672,,,lab_hyperkalemia,lab_hyperkalemia,clinicalbert_type2_clinicalbert_pool,knn,2,64,auroc,0.5445262259542683
3673,3673,,,lab_hyperkalemia,lab_hyperkalemia,clinicalbert_type2_clinicalbert_pool,knn,2,64,auprc,0.0290146244450108
3674,3674,,,lab_hyperkalemia,lab_hyperkalemia,clinicalbert_type2_clinicalbert_pool,knn,2,64,brier,0.3527686103462351
3675,3675,,,lab_hyperkalemia,lab_hyperkalemia,clinicalbert_type2_clinicalbert_pool,knn,3,64,auroc,0.553480463990295
3676,3676,,,lab_hyperkalemia,lab_hyperkalemia,clinicalbert_type2_clinicalbert_pool,knn,3,64,auprc,0.0289282786396843
3677,3677,,,lab_hyperkalemia,lab_hyperkalemia,clinicalbert_type2_clinicalbert_pool,knn,3,64,brier,0.3196198136772816
3678,3678,,,lab_hyperkalemia,lab_hyperkalemia,clinicalbert_type2_clinicalbert_pool,knn,4,64,auroc,0.5056537519499886
3679,3679,,,lab_hyperkalemia,lab_hyperkalemia,clinicalbert_type2_clinicalbert_pool,knn,4,64,auprc,0.024816215876775
3680,3680,,,lab_hyperkalemia,lab_hyperkalemia,clinicalbert_type2_clinicalbert_pool,knn,4,64,brier,0.3993464565692113
3681,3681,,,lab_hyperkalemia,lab_hyperkalemia,clinicalbert_type2_clinicalbert_pool,knn,0,128,auroc,0.5039743281180341
3682,3682,,,lab_hyperkalemia,lab_hyperkalemia,clinicalbert_type2_clinicalbert_pool,knn,0,128,auprc,0.0248202044265503
3683,3683,,,lab_hyperkalemia,lab_hyperkalemia,clinicalbert_type2_clinicalbert_pool,knn,0,128,brier,0.2781154069721773
3684,3684,,,lab_hyperkalemia,lab_hyperkalemia,clinicalbert_type2_clinicalbert_pool,knn,1,128,auroc,0.4921876157685107
3685,3685,,,lab_hyperkalemia,lab_hyperkalemia,clinicalbert_type2_clinicalbert_pool,knn,1,128,auprc,0.0241789249237693
3686,3686,,,lab_hyperkalemia,lab_hyperkalemia,clinicalbert_type2_clinicalbert_pool,knn,1,128,brier,0.2808558905314754
3687,3687,,,lab_hyperkalemia,lab_hyperkalemia,clinicalbert_type2_clinicalbert_pool,knn,2,128,auroc,0.5139280237188416
3688,3688,,,lab_hyperkalemia,lab_hyperkalemia,clinicalbert_type2_clinicalbert_pool,knn,2,128,auprc,0.0251143524431978
3689,3689,,,lab_hyperkalemia,lab_hyperkalemia,clinicalbert_type2_clinicalbert_pool,knn,2,128,brier,0.4832293843180997
3690,3690,,,lab_hyperkalemia,lab_hyperkalemia,clinicalbert_type2_clinicalbert_pool,knn,3,128,auroc,0.5477166053383061
3691,3691,,,lab_hyperkalemia,lab_hyperkalemia,clinicalbert_type2_clinicalbert_pool,knn,3,128,auprc,0.0290986893853547
3692,3692,,,lab_hyperkalemia,lab_hyperkalemia,clinicalbert_type2_clinicalbert_pool,knn,3,128,brier,0.2840067663910007
3693,3693,,,lab_hyperkalemia,lab_hyperkalemia,clinicalbert_type2_clinicalbert_pool,knn,4,128,auroc,0.5399468316906602
3694,3694,,,lab_hyperkalemia,lab_hyperkalemia,clinicalbert_type2_clinicalbert_pool,knn,4,128,auprc,0.0280160375136349
3695,3695,,,lab_hyperkalemia,lab_hyperkalemia,clinicalbert_type2_clinicalbert_pool,knn,4,128,brier,0.3505219790472562
3696,3696,,,lab_hyperkalemia,lab_hyperkalemia,clinicalbert_type2_clinicalbert_pool,rf,0,-1,auroc,0.5115331006206865
3697,3697,,,lab_hyperkalemia,lab_hyperkalemia,clinicalbert_type2_clinicalbert_pool,rf,0,-1,auprc,0.0248598739440686
3698,3698,,,lab_hyperkalemia,lab_hyperkalemia,clinicalbert_type2_clinicalbert_pool,rf,0,-1,brier,0.0297398023190321
3699,3699,,,lab_hyperkalemia,lab_hyperkalemia,clinicalbert_type2_clinicalbert_pool,rf,0,1,auroc,0.5053279291672825
3700,3700,,,lab_hyperkalemia,lab_hyperkalemia,clinicalbert_type2_clinicalbert_pool,rf,0,1,auprc,0.0263964477242268
3701,3701,,,lab_hyperkalemia,lab_hyperkalemia,clinicalbert_type2_clinicalbert_pool,rf,0,1,brier,0.3240141894333339
3702,3702,,,lab_hyperkalemia,lab_hyperkalemia,clinicalbert_type2_clinicalbert_pool,rf,1,1,auroc,0.4904448667230676
3703,3703,,,lab_hyperkalemia,lab_hyperkalemia,clinicalbert_type2_clinicalbert_pool,rf,1,1,auprc,0.023872210760583
3704,3704,,,lab_hyperkalemia,lab_hyperkalemia,clinicalbert_type2_clinicalbert_pool,rf,1,1,brier,0.474620049329961
3705,3705,,,lab_hyperkalemia,lab_hyperkalemia,clinicalbert_type2_clinicalbert_pool,rf,2,1,auroc,0.4409034880016699
3706,3706,,,lab_hyperkalemia,lab_hyperkalemia,clinicalbert_type2_clinicalbert_pool,rf,2,1,auprc,0.0214782086335725
3707,3707,,,lab_hyperkalemia,lab_hyperkalemia,clinicalbert_type2_clinicalbert_pool,rf,2,1,brier,0.3101666849952084
3708,3708,,,lab_hyperkalemia,lab_hyperkalemia,clinicalbert_type2_clinicalbert_pool,rf,3,1,auroc,0.5044497594377625
3709,3709,,,lab_hyperkalemia,lab_hyperkalemia,clinicalbert_type2_clinicalbert_pool,rf,3,1,auprc,0.0244144648143099
3710,3710,,,lab_hyperkalemia,lab_hyperkalemia,clinicalbert_type2_clinicalbert_pool,rf,3,1,brier,0.3515954471902345
3711,3711,,,lab_hyperkalemia,lab_hyperkalemia,clinicalbert_type2_clinicalbert_pool,rf,4,1,auroc,0.476244314538812
3712,3712,,,lab_hyperkalemia,lab_hyperkalemia,clinicalbert_type2_clinicalbert_pool,rf,4,1,auprc,0.0237061892466718
3713,3713,,,lab_hyperkalemia,lab_hyperkalemia,clinicalbert_type2_clinicalbert_pool,rf,4,1,brier,0.2421708324823653
3714,3714,,,lab_hyperkalemia,lab_hyperkalemia,clinicalbert_type2_clinicalbert_pool,rf,0,2,auroc,0.5553987278129374
3715,3715,,,lab_hyperkalemia,lab_hyperkalemia,clinicalbert_type2_clinicalbert_pool,rf,0,2,auprc,0.0297925057137929
3716,3716,,,lab_hyperkalemia,lab_hyperkalemia,clinicalbert_type2_clinicalbert_pool,rf,0,2,brier,0.3161480213030022
3717,3717,,,lab_hyperkalemia,lab_hyperkalemia,clinicalbert_type2_clinicalbert_pool,rf,1,2,auroc,0.4908913659537663
3718,3718,,,lab_hyperkalemia,lab_hyperkalemia,clinicalbert_type2_clinicalbert_pool,rf,1,2,auprc,0.0238909744710897
3719,3719,,,lab_hyperkalemia,lab_hyperkalemia,clinicalbert_type2_clinicalbert_pool,rf,1,2,brier,0.2875793756775014
3720,3720,,,lab_hyperkalemia,lab_hyperkalemia,clinicalbert_type2_clinicalbert_pool,rf,2,2,auroc,0.4920081684240527
3721,3721,,,lab_hyperkalemia,lab_hyperkalemia,clinicalbert_type2_clinicalbert_pool,rf,2,2,auprc,0.0288611491712328
3722,3722,,,lab_hyperkalemia,lab_hyperkalemia,clinicalbert_type2_clinicalbert_pool,rf,2,2,brier,0.2057954346220916
3723,3723,,,lab_hyperkalemia,lab_hyperkalemia,clinicalbert_type2_clinicalbert_pool,rf,3,2,auroc,0.5117704380494442
3724,3724,,,lab_hyperkalemia,lab_hyperkalemia,clinicalbert_type2_clinicalbert_pool,rf,3,2,auprc,0.0271806362309283
3725,3725,,,lab_hyperkalemia,lab_hyperkalemia,clinicalbert_type2_clinicalbert_pool,rf,3,2,brier,0.2424905738928252
3726,3726,,,lab_hyperkalemia,lab_hyperkalemia,clinicalbert_type2_clinicalbert_pool,rf,4,2,auroc,0.4561411602426755
3727,3727,,,lab_hyperkalemia,lab_hyperkalemia,clinicalbert_type2_clinicalbert_pool,rf,4,2,auprc,0.0222225731795644
3728,3728,,,lab_hyperkalemia,lab_hyperkalemia,clinicalbert_type2_clinicalbert_pool,rf,4,2,brier,0.2351321571646269
3729,3729,,,lab_hyperkalemia,lab_hyperkalemia,clinicalbert_type2_clinicalbert_pool,rf,0,4,auroc,0.4776152054127545
3730,3730,,,lab_hyperkalemia,lab_hyperkalemia,clinicalbert_type2_clinicalbert_pool,rf,0,4,auprc,0.0235929023635834
3731,3731,,,lab_hyperkalemia,lab_hyperkalemia,clinicalbert_type2_clinicalbert_pool,rf,0,4,brier,0.2505372488335192
3732,3732,,,lab_hyperkalemia,lab_hyperkalemia,clinicalbert_type2_clinicalbert_pool,rf,1,4,auroc,0.4899925489508252
3733,3733,,,lab_hyperkalemia,lab_hyperkalemia,clinicalbert_type2_clinicalbert_pool,rf,1,4,auprc,0.02452422885829
3734,3734,,,lab_hyperkalemia,lab_hyperkalemia,clinicalbert_type2_clinicalbert_pool,rf,1,4,brier,0.2654042323221215
3735,3735,,,lab_hyperkalemia,lab_hyperkalemia,clinicalbert_type2_clinicalbert_pool,rf,2,4,auroc,0.5345523908423472
3736,3736,,,lab_hyperkalemia,lab_hyperkalemia,clinicalbert_type2_clinicalbert_pool,rf,2,4,auprc,0.028052281181989
3737,3737,,,lab_hyperkalemia,lab_hyperkalemia,clinicalbert_type2_clinicalbert_pool,rf,2,4,brier,0.3307337438926681
3738,3738,,,lab_hyperkalemia,lab_hyperkalemia,clinicalbert_type2_clinicalbert_pool,rf,3,4,auroc,0.5600520118547784
3739,3739,,,lab_hyperkalemia,lab_hyperkalemia,clinicalbert_type2_clinicalbert_pool,rf,3,4,auprc,0.0279728173311332
3740,3740,,,lab_hyperkalemia,lab_hyperkalemia,clinicalbert_type2_clinicalbert_pool,rf,3,4,brier,0.2577972318665263
3741,3741,,,lab_hyperkalemia,lab_hyperkalemia,clinicalbert_type2_clinicalbert_pool,rf,4,4,auroc,0.4653239172233036
3742,3742,,,lab_hyperkalemia,lab_hyperkalemia,clinicalbert_type2_clinicalbert_pool,rf,4,4,auprc,0.0234420315202176
3743,3743,,,lab_hyperkalemia,lab_hyperkalemia,clinicalbert_type2_clinicalbert_pool,rf,4,4,brier,0.3260561481784048
3744,3744,,,lab_hyperkalemia,lab_hyperkalemia,clinicalbert_type2_clinicalbert_pool,rf,0,8,auroc,0.5270505757993479
3745,3745,,,lab_hyperkalemia,lab_hyperkalemia,clinicalbert_type2_clinicalbert_pool,rf,0,8,auprc,0.0285219227602018
3746,3746,,,lab_hyperkalemia,lab_hyperkalemia,clinicalbert_type2_clinicalbert_pool,rf,0,8,brier,0.2178399289899926
3747,3747,,,lab_hyperkalemia,lab_hyperkalemia,clinicalbert_type2_clinicalbert_pool,rf,1,8,auroc,0.4963938772736015
3748,3748,,,lab_hyperkalemia,lab_hyperkalemia,clinicalbert_type2_clinicalbert_pool,rf,1,8,auprc,0.0238695484663008
3749,3749,,,lab_hyperkalemia,lab_hyperkalemia,clinicalbert_type2_clinicalbert_pool,rf,1,8,brier,0.3076342042009017
3750,3750,,,lab_hyperkalemia,lab_hyperkalemia,clinicalbert_type2_clinicalbert_pool,rf,2,8,auroc,0.5264151475402864
3751,3751,,,lab_hyperkalemia,lab_hyperkalemia,clinicalbert_type2_clinicalbert_pool,rf,2,8,auprc,0.0270270371144742
3752,3752,,,lab_hyperkalemia,lab_hyperkalemia,clinicalbert_type2_clinicalbert_pool,rf,2,8,brier,0.4512858781204343
3753,3753,,,lab_hyperkalemia,lab_hyperkalemia,clinicalbert_type2_clinicalbert_pool,rf,3,8,auroc,0.5619500688100827
3754,3754,,,lab_hyperkalemia,lab_hyperkalemia,clinicalbert_type2_clinicalbert_pool,rf,3,8,auprc,0.0299514737125861
3755,3755,,,lab_hyperkalemia,lab_hyperkalemia,clinicalbert_type2_clinicalbert_pool,rf,3,8,brier,0.2902350494085117
3756,3756,,,lab_hyperkalemia,lab_hyperkalemia,clinicalbert_type2_clinicalbert_pool,rf,4,8,auroc,0.4635455419163691
3757,3757,,,lab_hyperkalemia,lab_hyperkalemia,clinicalbert_type2_clinicalbert_pool,rf,4,8,auprc,0.0220519609742921
3758,3758,,,lab_hyperkalemia,lab_hyperkalemia,clinicalbert_type2_clinicalbert_pool,rf,4,8,brier,0.2828770442869935
3759,3759,,,lab_hyperkalemia,lab_hyperkalemia,clinicalbert_type2_clinicalbert_pool,rf,0,12,auroc,0.5187223983259346
3760,3760,,,lab_hyperkalemia,lab_hyperkalemia,clinicalbert_type2_clinicalbert_pool,rf,0,12,auprc,0.0330026612004893
3761,3761,,,lab_hyperkalemia,lab_hyperkalemia,clinicalbert_type2_clinicalbert_pool,rf,0,12,brier,0.2249772987918872
3762,3762,,,lab_hyperkalemia,lab_hyperkalemia,clinicalbert_type2_clinicalbert_pool,rf,1,12,auroc,0.4934020951267606
3763,3763,,,lab_hyperkalemia,lab_hyperkalemia,clinicalbert_type2_clinicalbert_pool,rf,1,12,auprc,0.0234732612053765
3764,3764,,,lab_hyperkalemia,lab_hyperkalemia,clinicalbert_type2_clinicalbert_pool,rf,1,12,brier,0.2161056038207154
3765,3765,,,lab_hyperkalemia,lab_hyperkalemia,clinicalbert_type2_clinicalbert_pool,rf,2,12,auroc,0.5565696587814497
3766,3766,,,lab_hyperkalemia,lab_hyperkalemia,clinicalbert_type2_clinicalbert_pool,rf,2,12,auprc,0.0282694862380503
3767,3767,,,lab_hyperkalemia,lab_hyperkalemia,clinicalbert_type2_clinicalbert_pool,rf,2,12,brier,0.2804140134793332
3768,3768,,,lab_hyperkalemia,lab_hyperkalemia,clinicalbert_type2_clinicalbert_pool,rf,3,12,auroc,0.5617801756870019
3769,3769,,,lab_hyperkalemia,lab_hyperkalemia,clinicalbert_type2_clinicalbert_pool,rf,3,12,auprc,0.028155470296928
3770,3770,,,lab_hyperkalemia,lab_hyperkalemia,clinicalbert_type2_clinicalbert_pool,rf,3,12,brier,0.2882710948423484
3771,3771,,,lab_hyperkalemia,lab_hyperkalemia,clinicalbert_type2_clinicalbert_pool,rf,4,12,auroc,0.4394479355348291
3772,3772,,,lab_hyperkalemia,lab_hyperkalemia,clinicalbert_type2_clinicalbert_pool,rf,4,12,auprc,0.0205999230488269
3773,3773,,,lab_hyperkalemia,lab_hyperkalemia,clinicalbert_type2_clinicalbert_pool,rf,4,12,brier,0.378267001468029
3774,3774,,,lab_hyperkalemia,lab_hyperkalemia,clinicalbert_type2_clinicalbert_pool,rf,0,16,auroc,0.528588266591294
3775,3775,,,lab_hyperkalemia,lab_hyperkalemia,clinicalbert_type2_clinicalbert_pool,rf,0,16,auprc,0.0303406134339089
3776,3776,,,lab_hyperkalemia,lab_hyperkalemia,clinicalbert_type2_clinicalbert_pool,rf,0,16,brier,0.2044406390900665
3777,3777,,,lab_hyperkalemia,lab_hyperkalemia,clinicalbert_type2_clinicalbert_pool,rf,1,16,auroc,0.5026262140104554
3778,3778,,,lab_hyperkalemia,lab_hyperkalemia,clinicalbert_type2_clinicalbert_pool,rf,1,16,auprc,0.0234406896702829
3779,3779,,,lab_hyperkalemia,lab_hyperkalemia,clinicalbert_type2_clinicalbert_pool,rf,1,16,brier,0.1997095973481218
3780,3780,,,lab_hyperkalemia,lab_hyperkalemia,clinicalbert_type2_clinicalbert_pool,rf,2,16,auroc,0.5356763589786667
3781,3781,,,lab_hyperkalemia,lab_hyperkalemia,clinicalbert_type2_clinicalbert_pool,rf,2,16,auprc,0.0273603264990309
3782,3782,,,lab_hyperkalemia,lab_hyperkalemia,clinicalbert_type2_clinicalbert_pool,rf,2,16,brier,0.2637920356376674
3783,3783,,,lab_hyperkalemia,lab_hyperkalemia,clinicalbert_type2_clinicalbert_pool,rf,3,16,auroc,0.5587165658986462
3784,3784,,,lab_hyperkalemia,lab_hyperkalemia,clinicalbert_type2_clinicalbert_pool,rf,3,16,auprc,0.0282739084040315
3785,3785,,,lab_hyperkalemia,lab_hyperkalemia,clinicalbert_type2_clinicalbert_pool,rf,3,16,brier,0.2717461863541389
3786,3786,,,lab_hyperkalemia,lab_hyperkalemia,clinicalbert_type2_clinicalbert_pool,rf,4,16,auroc,0.4321363811009377
3787,3787,,,lab_hyperkalemia,lab_hyperkalemia,clinicalbert_type2_clinicalbert_pool,rf,4,16,auprc,0.0205739144779957
3788,3788,,,lab_hyperkalemia,lab_hyperkalemia,clinicalbert_type2_clinicalbert_pool,rf,4,16,brier,0.3086138783717971
3789,3789,,,lab_hyperkalemia,lab_hyperkalemia,clinicalbert_type2_clinicalbert_pool,rf,0,24,auroc,0.5521377953744014
3790,3790,,,lab_hyperkalemia,lab_hyperkalemia,clinicalbert_type2_clinicalbert_pool,rf,0,24,auprc,0.0403012082686686
3791,3791,,,lab_hyperkalemia,lab_hyperkalemia,clinicalbert_type2_clinicalbert_pool,rf,0,24,brier,0.2273878302501659
3792,3792,,,lab_hyperkalemia,lab_hyperkalemia,clinicalbert_type2_clinicalbert_pool,rf,1,24,auroc,0.4876533139065547
3793,3793,,,lab_hyperkalemia,lab_hyperkalemia,clinicalbert_type2_clinicalbert_pool,rf,1,24,auprc,0.0233643963899612
3794,3794,,,lab_hyperkalemia,lab_hyperkalemia,clinicalbert_type2_clinicalbert_pool,rf,1,24,brier,0.2396943977503024
3795,3795,,,lab_hyperkalemia,lab_hyperkalemia,clinicalbert_type2_clinicalbert_pool,rf,2,24,auroc,0.5657048208176245
3796,3796,,,lab_hyperkalemia,lab_hyperkalemia,clinicalbert_type2_clinicalbert_pool,rf,2,24,auprc,0.0308958231991107
3797,3797,,,lab_hyperkalemia,lab_hyperkalemia,clinicalbert_type2_clinicalbert_pool,rf,2,24,brier,0.3290811116522394
3798,3798,,,lab_hyperkalemia,lab_hyperkalemia,clinicalbert_type2_clinicalbert_pool,rf,3,24,auroc,0.5720520465484152
3799,3799,,,lab_hyperkalemia,lab_hyperkalemia,clinicalbert_type2_clinicalbert_pool,rf,3,24,auprc,0.032185025465822
3800,3800,,,lab_hyperkalemia,lab_hyperkalemia,clinicalbert_type2_clinicalbert_pool,rf,3,24,brier,0.2965809938258998
3801,3801,,,lab_hyperkalemia,lab_hyperkalemia,clinicalbert_type2_clinicalbert_pool,rf,4,24,auroc,0.4547760775477807
3802,3802,,,lab_hyperkalemia,lab_hyperkalemia,clinicalbert_type2_clinicalbert_pool,rf,4,24,auprc,0.0222507694733022
3803,3803,,,lab_hyperkalemia,lab_hyperkalemia,clinicalbert_type2_clinicalbert_pool,rf,4,24,brier,0.2741583271801801
3804,3804,,,lab_hyperkalemia,lab_hyperkalemia,clinicalbert_type2_clinicalbert_pool,rf,0,32,auroc,0.516038755362255
3805,3805,,,lab_hyperkalemia,lab_hyperkalemia,clinicalbert_type2_clinicalbert_pool,rf,0,32,auprc,0.0268728692831613
3806,3806,,,lab_hyperkalemia,lab_hyperkalemia,clinicalbert_type2_clinicalbert_pool,rf,0,32,brier,0.2642285516786326
3807,3807,,,lab_hyperkalemia,lab_hyperkalemia,clinicalbert_type2_clinicalbert_pool,rf,1,32,auroc,0.4618149273538249
3808,3808,,,lab_hyperkalemia,lab_hyperkalemia,clinicalbert_type2_clinicalbert_pool,rf,1,32,auprc,0.0221085302399259
3809,3809,,,lab_hyperkalemia,lab_hyperkalemia,clinicalbert_type2_clinicalbert_pool,rf,1,32,brier,0.2710917003126326
3810,3810,,,lab_hyperkalemia,lab_hyperkalemia,clinicalbert_type2_clinicalbert_pool,rf,2,32,auroc,0.5429562197183254
3811,3811,,,lab_hyperkalemia,lab_hyperkalemia,clinicalbert_type2_clinicalbert_pool,rf,2,32,auprc,0.0290069120046863
3812,3812,,,lab_hyperkalemia,lab_hyperkalemia,clinicalbert_type2_clinicalbert_pool,rf,2,32,brier,0.2452923271487597
3813,3813,,,lab_hyperkalemia,lab_hyperkalemia,clinicalbert_type2_clinicalbert_pool,rf,3,32,auroc,0.5763623889640411
3814,3814,,,lab_hyperkalemia,lab_hyperkalemia,clinicalbert_type2_clinicalbert_pool,rf,3,32,auprc,0.0340367857533334
3815,3815,,,lab_hyperkalemia,lab_hyperkalemia,clinicalbert_type2_clinicalbert_pool,rf,3,32,brier,0.2600019135324151
3816,3816,,,lab_hyperkalemia,lab_hyperkalemia,clinicalbert_type2_clinicalbert_pool,rf,4,32,auroc,0.4802444452720624
3817,3817,,,lab_hyperkalemia,lab_hyperkalemia,clinicalbert_type2_clinicalbert_pool,rf,4,32,auprc,0.023667721246588
3818,3818,,,lab_hyperkalemia,lab_hyperkalemia,clinicalbert_type2_clinicalbert_pool,rf,4,32,brier,0.2818684115438392
3819,3819,,,lab_hyperkalemia,lab_hyperkalemia,clinicalbert_type2_clinicalbert_pool,rf,0,48,auroc,0.518038064266667
3820,3820,,,lab_hyperkalemia,lab_hyperkalemia,clinicalbert_type2_clinicalbert_pool,rf,0,48,auprc,0.0257481363330758
3821,3821,,,lab_hyperkalemia,lab_hyperkalemia,clinicalbert_type2_clinicalbert_pool,rf,0,48,brier,0.2518030177802238
3822,3822,,,lab_hyperkalemia,lab_hyperkalemia,clinicalbert_type2_clinicalbert_pool,rf,1,48,auroc,0.4680043581756975
3823,3823,,,lab_hyperkalemia,lab_hyperkalemia,clinicalbert_type2_clinicalbert_pool,rf,1,48,auprc,0.0223755658614983
3824,3824,,,lab_hyperkalemia,lab_hyperkalemia,clinicalbert_type2_clinicalbert_pool,rf,1,48,brier,0.2484220303834855
3825,3825,,,lab_hyperkalemia,lab_hyperkalemia,clinicalbert_type2_clinicalbert_pool,rf,2,48,auroc,0.5454157996107142
3826,3826,,,lab_hyperkalemia,lab_hyperkalemia,clinicalbert_type2_clinicalbert_pool,rf,2,48,auprc,0.0281395920404622
3827,3827,,,lab_hyperkalemia,lab_hyperkalemia,clinicalbert_type2_clinicalbert_pool,rf,2,48,brier,0.2542208536911065
3828,3828,,,lab_hyperkalemia,lab_hyperkalemia,clinicalbert_type2_clinicalbert_pool,rf,3,48,auroc,0.5833197273759924
3829,3829,,,lab_hyperkalemia,lab_hyperkalemia,clinicalbert_type2_clinicalbert_pool,rf,3,48,auprc,0.0319834115553411
3830,3830,,,lab_hyperkalemia,lab_hyperkalemia,clinicalbert_type2_clinicalbert_pool,rf,3,48,brier,0.2819698062906139
3831,3831,,,lab_hyperkalemia,lab_hyperkalemia,clinicalbert_type2_clinicalbert_pool,rf,4,48,auroc,0.5096788614800177
3832,3832,,,lab_hyperkalemia,lab_hyperkalemia,clinicalbert_type2_clinicalbert_pool,rf,4,48,auprc,0.0248729666954588
3833,3833,,,lab_hyperkalemia,lab_hyperkalemia,clinicalbert_type2_clinicalbert_pool,rf,4,48,brier,0.2685579234285894
3834,3834,,,lab_hyperkalemia,lab_hyperkalemia,clinicalbert_type2_clinicalbert_pool,rf,0,64,auroc,0.5228062113962049
3835,3835,,,lab_hyperkalemia,lab_hyperkalemia,clinicalbert_type2_clinicalbert_pool,rf,0,64,auprc,0.0257606851015376
3836,3836,,,lab_hyperkalemia,lab_hyperkalemia,clinicalbert_type2_clinicalbert_pool,rf,0,64,brier,0.2191574621565127
3837,3837,,,lab_hyperkalemia,lab_hyperkalemia,clinicalbert_type2_clinicalbert_pool,rf,1,64,auroc,0.4764391294649431
3838,3838,,,lab_hyperkalemia,lab_hyperkalemia,clinicalbert_type2_clinicalbert_pool,rf,1,64,auprc,0.0231940868883713
3839,3839,,,lab_hyperkalemia,lab_hyperkalemia,clinicalbert_type2_clinicalbert_pool,rf,1,64,brier,0.2302704915714891
3840,3840,,,lab_hyperkalemia,lab_hyperkalemia,clinicalbert_type2_clinicalbert_pool,rf,2,64,auroc,0.5604838792410252
3841,3841,,,lab_hyperkalemia,lab_hyperkalemia,clinicalbert_type2_clinicalbert_pool,rf,2,64,auprc,0.0316480686356667
3842,3842,,,lab_hyperkalemia,lab_hyperkalemia,clinicalbert_type2_clinicalbert_pool,rf,2,64,brier,0.2451276059258794
3843,3843,,,lab_hyperkalemia,lab_hyperkalemia,clinicalbert_type2_clinicalbert_pool,rf,3,64,auroc,0.5635537117082714
3844,3844,,,lab_hyperkalemia,lab_hyperkalemia,clinicalbert_type2_clinicalbert_pool,rf,3,64,auprc,0.0302535058288028
3845,3845,,,lab_hyperkalemia,lab_hyperkalemia,clinicalbert_type2_clinicalbert_pool,rf,3,64,brier,0.2989313936499458
3846,3846,,,lab_hyperkalemia,lab_hyperkalemia,clinicalbert_type2_clinicalbert_pool,rf,4,64,auroc,0.5012848355253225
3847,3847,,,lab_hyperkalemia,lab_hyperkalemia,clinicalbert_type2_clinicalbert_pool,rf,4,64,auprc,0.0244715486302253
3848,3848,,,lab_hyperkalemia,lab_hyperkalemia,clinicalbert_type2_clinicalbert_pool,rf,4,64,brier,0.2545598360993353
3849,3849,,,lab_hyperkalemia,lab_hyperkalemia,clinicalbert_type2_clinicalbert_pool,rf,0,128,auroc,0.5214372634902755
3850,3850,,,lab_hyperkalemia,lab_hyperkalemia,clinicalbert_type2_clinicalbert_pool,rf,0,128,auprc,0.0247202370505736
3851,3851,,,lab_hyperkalemia,lab_hyperkalemia,clinicalbert_type2_clinicalbert_pool,rf,0,128,brier,0.2252489272886693
3852,3852,,,lab_hyperkalemia,lab_hyperkalemia,clinicalbert_type2_clinicalbert_pool,rf,1,128,auroc,0.4843648016847262
3853,3853,,,lab_hyperkalemia,lab_hyperkalemia,clinicalbert_type2_clinicalbert_pool,rf,1,128,auprc,0.0243850933388817
3854,3854,,,lab_hyperkalemia,lab_hyperkalemia,clinicalbert_type2_clinicalbert_pool,rf,1,128,brier,0.2203799198497234
3855,3855,,,lab_hyperkalemia,lab_hyperkalemia,clinicalbert_type2_clinicalbert_pool,rf,2,128,auroc,0.5580287396782027
3856,3856,,,lab_hyperkalemia,lab_hyperkalemia,clinicalbert_type2_clinicalbert_pool,rf,2,128,auprc,0.0299531786386307
3857,3857,,,lab_hyperkalemia,lab_hyperkalemia,clinicalbert_type2_clinicalbert_pool,rf,2,128,brier,0.2684396915963478
3858,3858,,,lab_hyperkalemia,lab_hyperkalemia,clinicalbert_type2_clinicalbert_pool,rf,3,128,auroc,0.5595921916353807
3859,3859,,,lab_hyperkalemia,lab_hyperkalemia,clinicalbert_type2_clinicalbert_pool,rf,3,128,auprc,0.0300037606325886
3860,3860,,,lab_hyperkalemia,lab_hyperkalemia,clinicalbert_type2_clinicalbert_pool,rf,3,128,brier,0.2368178797542928
3861,3861,,,lab_hyperkalemia,lab_hyperkalemia,clinicalbert_type2_clinicalbert_pool,rf,4,128,auroc,0.5267333797946208
3862,3862,,,lab_hyperkalemia,lab_hyperkalemia,clinicalbert_type2_clinicalbert_pool,rf,4,128,auprc,0.0257649153715802
3863,3863,,,lab_hyperkalemia,lab_hyperkalemia,clinicalbert_type2_clinicalbert_pool,rf,4,128,brier,0.2546659967172497
3864,3864,840.0,,lab_hyperkalemia,lab_hyperkalemia,clinicalbert_type3_max_pool,lr_lbfgs,0,-1,auroc,0.6330603354468474
3865,3865,841.0,,lab_hyperkalemia,lab_hyperkalemia,clinicalbert_type3_max_pool,lr_lbfgs,0,-1,auprc,0.0456684564773681
3866,3866,842.0,,lab_hyperkalemia,lab_hyperkalemia,clinicalbert_type3_max_pool,lr_lbfgs,0,-1,brier,0.0236559121014945
3867,3867,843.0,,lab_hyperkalemia,lab_hyperkalemia,clinicalbert_type3_max_pool,lr_lbfgs,0,1,auroc,0.5181317360498989
3868,3868,844.0,,lab_hyperkalemia,lab_hyperkalemia,clinicalbert_type3_max_pool,lr_lbfgs,0,1,auprc,0.02683337359529
3869,3869,845.0,,lab_hyperkalemia,lab_hyperkalemia,clinicalbert_type3_max_pool,lr_lbfgs,0,1,brier,0.2500056841575369
3870,3870,846.0,,lab_hyperkalemia,lab_hyperkalemia,clinicalbert_type3_max_pool,lr_lbfgs,1,1,auroc,0.5028704943115804
3871,3871,847.0,,lab_hyperkalemia,lab_hyperkalemia,clinicalbert_type3_max_pool,lr_lbfgs,1,1,auprc,0.02611688607166
3872,3872,848.0,,lab_hyperkalemia,lab_hyperkalemia,clinicalbert_type3_max_pool,lr_lbfgs,1,1,brier,0.2499979376058372
3873,3873,849.0,,lab_hyperkalemia,lab_hyperkalemia,clinicalbert_type3_max_pool,lr_lbfgs,2,1,auroc,0.494936045057625
3874,3874,850.0,,lab_hyperkalemia,lab_hyperkalemia,clinicalbert_type3_max_pool,lr_lbfgs,2,1,auprc,0.0254512482399415
3875,3875,851.0,,lab_hyperkalemia,lab_hyperkalemia,clinicalbert_type3_max_pool,lr_lbfgs,2,1,brier,0.2499993593555749
3876,3876,852.0,,lab_hyperkalemia,lab_hyperkalemia,clinicalbert_type3_max_pool,lr_lbfgs,3,1,auroc,0.5019936509815575
3877,3877,853.0,,lab_hyperkalemia,lab_hyperkalemia,clinicalbert_type3_max_pool,lr_lbfgs,3,1,auprc,0.0261156968536648
3878,3878,854.0,,lab_hyperkalemia,lab_hyperkalemia,clinicalbert_type3_max_pool,lr_lbfgs,3,1,brier,0.2499958678989896
3879,3879,855.0,,lab_hyperkalemia,lab_hyperkalemia,clinicalbert_type3_max_pool,lr_lbfgs,4,1,auroc,0.4915938810123901
3880,3880,856.0,,lab_hyperkalemia,lab_hyperkalemia,clinicalbert_type3_max_pool,lr_lbfgs,4,1,auprc,0.0255262545823941
3881,3881,857.0,,lab_hyperkalemia,lab_hyperkalemia,clinicalbert_type3_max_pool,lr_lbfgs,4,1,brier,0.2499915378681801
3882,3882,858.0,,lab_hyperkalemia,lab_hyperkalemia,clinicalbert_type3_max_pool,lr_lbfgs,0,2,auroc,0.5093337178233875
3883,3883,859.0,,lab_hyperkalemia,lab_hyperkalemia,clinicalbert_type3_max_pool,lr_lbfgs,0,2,auprc,0.0269984303201686
3884,3884,860.0,,lab_hyperkalemia,lab_hyperkalemia,clinicalbert_type3_max_pool,lr_lbfgs,0,2,brier,0.2500026673617484
3885,3885,861.0,,lab_hyperkalemia,lab_hyperkalemia,clinicalbert_type3_max_pool,lr_lbfgs,1,2,auroc,0.5242964885873789
3886,3886,862.0,,lab_hyperkalemia,lab_hyperkalemia,clinicalbert_type3_max_pool,lr_lbfgs,1,2,auprc,0.0261683435450624
3887,3887,863.0,,lab_hyperkalemia,lab_hyperkalemia,clinicalbert_type3_max_pool,lr_lbfgs,1,2,brier,0.2500083330462446
3888,3888,864.0,,lab_hyperkalemia,lab_hyperkalemia,clinicalbert_type3_max_pool,lr_lbfgs,2,2,auroc,0.4913612637005928
3889,3889,865.0,,lab_hyperkalemia,lab_hyperkalemia,clinicalbert_type3_max_pool,lr_lbfgs,2,2,auprc,0.0261914828486699
3890,3890,866.0,,lab_hyperkalemia,lab_hyperkalemia,clinicalbert_type3_max_pool,lr_lbfgs,2,2,brier,0.2499915569708805
3891,3891,867.0,,lab_hyperkalemia,lab_hyperkalemia,clinicalbert_type3_max_pool,lr_lbfgs,3,2,auroc,0.504632947643302
3892,3892,868.0,,lab_hyperkalemia,lab_hyperkalemia,clinicalbert_type3_max_pool,lr_lbfgs,3,2,auprc,0.026568427004255
3893,3893,869.0,,lab_hyperkalemia,lab_hyperkalemia,clinicalbert_type3_max_pool,lr_lbfgs,3,2,brier,0.2499979752793127
3894,3894,870.0,,lab_hyperkalemia,lab_hyperkalemia,clinicalbert_type3_max_pool,lr_lbfgs,4,2,auroc,0.5060028540801178
3895,3895,871.0,,lab_hyperkalemia,lab_hyperkalemia,clinicalbert_type3_max_pool,lr_lbfgs,4,2,auprc,0.0259869259436052
3896,3896,872.0,,lab_hyperkalemia,lab_hyperkalemia,clinicalbert_type3_max_pool,lr_lbfgs,4,2,brier,0.2027937791608565
3897,3897,873.0,,lab_hyperkalemia,lab_hyperkalemia,clinicalbert_type3_max_pool,lr_lbfgs,0,4,auroc,0.4663905911188476
3898,3898,874.0,,lab_hyperkalemia,lab_hyperkalemia,clinicalbert_type3_max_pool,lr_lbfgs,0,4,auprc,0.0219734115102943
3899,3899,875.0,,lab_hyperkalemia,lab_hyperkalemia,clinicalbert_type3_max_pool,lr_lbfgs,0,4,brier,0.4677384904150704
3900,3900,876.0,,lab_hyperkalemia,lab_hyperkalemia,clinicalbert_type3_max_pool,lr_lbfgs,1,4,auroc,0.4931277998557665
3901,3901,877.0,,lab_hyperkalemia,lab_hyperkalemia,clinicalbert_type3_max_pool,lr_lbfgs,1,4,auprc,0.0258022362992828
3902,3902,878.0,,lab_hyperkalemia,lab_hyperkalemia,clinicalbert_type3_max_pool,lr_lbfgs,1,4,brier,0.24998524724843
3903,3903,879.0,,lab_hyperkalemia,lab_hyperkalemia,clinicalbert_type3_max_pool,lr_lbfgs,2,4,auroc,0.5022659048408255
3904,3904,880.0,,lab_hyperkalemia,lab_hyperkalemia,clinicalbert_type3_max_pool,lr_lbfgs,2,4,auprc,0.026675770798014
3905,3905,881.0,,lab_hyperkalemia,lab_hyperkalemia,clinicalbert_type3_max_pool,lr_lbfgs,2,4,brier,0.2499944802725765
3906,3906,882.0,,lab_hyperkalemia,lab_hyperkalemia,clinicalbert_type3_max_pool,lr_lbfgs,3,4,auroc,0.4683396781860525
3907,3907,883.0,,lab_hyperkalemia,lab_hyperkalemia,clinicalbert_type3_max_pool,lr_lbfgs,3,4,auprc,0.0244141437059463
3908,3908,884.0,,lab_hyperkalemia,lab_hyperkalemia,clinicalbert_type3_max_pool,lr_lbfgs,3,4,brier,0.324180904689923
3909,3909,885.0,,lab_hyperkalemia,lab_hyperkalemia,clinicalbert_type3_max_pool,lr_lbfgs,4,4,auroc,0.5425152540605285
3910,3910,886.0,,lab_hyperkalemia,lab_hyperkalemia,clinicalbert_type3_max_pool,lr_lbfgs,4,4,auprc,0.0266931051184284
3911,3911,887.0,,lab_hyperkalemia,lab_hyperkalemia,clinicalbert_type3_max_pool,lr_lbfgs,4,4,brier,0.4272474337509094
3912,3912,888.0,,lab_hyperkalemia,lab_hyperkalemia,clinicalbert_type3_max_pool,lr_lbfgs,0,8,auroc,0.4729220413047849
3913,3913,889.0,,lab_hyperkalemia,lab_hyperkalemia,clinicalbert_type3_max_pool,lr_lbfgs,0,8,auprc,0.0222987999169841
3914,3914,890.0,,lab_hyperkalemia,lab_hyperkalemia,clinicalbert_type3_max_pool,lr_lbfgs,0,8,brier,0.2499987854994512
3915,3915,891.0,,lab_hyperkalemia,lab_hyperkalemia,clinicalbert_type3_max_pool,lr_lbfgs,1,8,auroc,0.4940180004432247
3916,3916,892.0,,lab_hyperkalemia,lab_hyperkalemia,clinicalbert_type3_max_pool,lr_lbfgs,1,8,auprc,0.0253121852374252
3917,3917,893.0,,lab_hyperkalemia,lab_hyperkalemia,clinicalbert_type3_max_pool,lr_lbfgs,1,8,brier,0.2499919450295613
3918,3918,894.0,,lab_hyperkalemia,lab_hyperkalemia,clinicalbert_type3_max_pool,lr_lbfgs,2,8,auroc,0.4993369660514059
3919,3919,895.0,,lab_hyperkalemia,lab_hyperkalemia,clinicalbert_type3_max_pool,lr_lbfgs,2,8,auprc,0.0271824065653084
3920,3920,896.0,,lab_hyperkalemia,lab_hyperkalemia,clinicalbert_type3_max_pool,lr_lbfgs,2,8,brier,0.2499935976937359
3921,3921,897.0,,lab_hyperkalemia,lab_hyperkalemia,clinicalbert_type3_max_pool,lr_lbfgs,3,8,auroc,0.5323653601403646
3922,3922,898.0,,lab_hyperkalemia,lab_hyperkalemia,clinicalbert_type3_max_pool,lr_lbfgs,3,8,auprc,0.0279196825783985
3923,3923,899.0,,lab_hyperkalemia,lab_hyperkalemia,clinicalbert_type3_max_pool,lr_lbfgs,3,8,brier,0.2500022964558153
3924,3924,900.0,,lab_hyperkalemia,lab_hyperkalemia,clinicalbert_type3_max_pool,lr_lbfgs,4,8,auroc,0.5116504817949286
3925,3925,901.0,,lab_hyperkalemia,lab_hyperkalemia,clinicalbert_type3_max_pool,lr_lbfgs,4,8,auprc,0.0253524908021129
3926,3926,902.0,,lab_hyperkalemia,lab_hyperkalemia,clinicalbert_type3_max_pool,lr_lbfgs,4,8,brier,0.2500061620261541
3927,3927,903.0,,lab_hyperkalemia,lab_hyperkalemia,clinicalbert_type3_max_pool,lr_lbfgs,0,12,auroc,0.5328882983233296
3928,3928,904.0,,lab_hyperkalemia,lab_hyperkalemia,clinicalbert_type3_max_pool,lr_lbfgs,0,12,auprc,0.0274084292021202
3929,3929,905.0,,lab_hyperkalemia,lab_hyperkalemia,clinicalbert_type3_max_pool,lr_lbfgs,0,12,brier,0.3783347796307666
3930,3930,906.0,,lab_hyperkalemia,lab_hyperkalemia,clinicalbert_type3_max_pool,lr_lbfgs,1,12,auroc,0.4932444556552836
3931,3931,907.0,,lab_hyperkalemia,lab_hyperkalemia,clinicalbert_type3_max_pool,lr_lbfgs,1,12,auprc,0.0232616939250213
3932,3932,908.0,,lab_hyperkalemia,lab_hyperkalemia,clinicalbert_type3_max_pool,lr_lbfgs,1,12,brier,0.600479187693058
3933,3933,909.0,,lab_hyperkalemia,lab_hyperkalemia,clinicalbert_type3_max_pool,lr_lbfgs,2,12,auroc,0.5348745297577002
3934,3934,910.0,,lab_hyperkalemia,lab_hyperkalemia,clinicalbert_type3_max_pool,lr_lbfgs,2,12,auprc,0.0282009307249547
3935,3935,911.0,,lab_hyperkalemia,lab_hyperkalemia,clinicalbert_type3_max_pool,lr_lbfgs,2,12,brier,0.3806172755703588
3936,3936,912.0,,lab_hyperkalemia,lab_hyperkalemia,clinicalbert_type3_max_pool,lr_lbfgs,3,12,auroc,0.5300694040609337
3937,3937,913.0,,lab_hyperkalemia,lab_hyperkalemia,clinicalbert_type3_max_pool,lr_lbfgs,3,12,auprc,0.025994347000527
3938,3938,914.0,,lab_hyperkalemia,lab_hyperkalemia,clinicalbert_type3_max_pool,lr_lbfgs,3,12,brier,0.3864775181436213
3939,3939,915.0,,lab_hyperkalemia,lab_hyperkalemia,clinicalbert_type3_max_pool,lr_lbfgs,4,12,auroc,0.4846333613141452
3940,3940,916.0,,lab_hyperkalemia,lab_hyperkalemia,clinicalbert_type3_max_pool,lr_lbfgs,4,12,auprc,0.0235394173435068
3941,3941,917.0,,lab_hyperkalemia,lab_hyperkalemia,clinicalbert_type3_max_pool,lr_lbfgs,4,12,brier,0.2687535945783392
3942,3942,918.0,,lab_hyperkalemia,lab_hyperkalemia,clinicalbert_type3_max_pool,lr_lbfgs,0,16,auroc,0.5056004420889524
3943,3943,919.0,,lab_hyperkalemia,lab_hyperkalemia,clinicalbert_type3_max_pool,lr_lbfgs,0,16,auprc,0.0248843842256175
3944,3944,920.0,,lab_hyperkalemia,lab_hyperkalemia,clinicalbert_type3_max_pool,lr_lbfgs,0,16,brier,0.3948190311306987
3945,3945,921.0,,lab_hyperkalemia,lab_hyperkalemia,clinicalbert_type3_max_pool,lr_lbfgs,1,16,auroc,0.4794575950391664
3946,3946,922.0,,lab_hyperkalemia,lab_hyperkalemia,clinicalbert_type3_max_pool,lr_lbfgs,1,16,auprc,0.0229527209825807
3947,3947,923.0,,lab_hyperkalemia,lab_hyperkalemia,clinicalbert_type3_max_pool,lr_lbfgs,1,16,brier,0.2467355490927241
3948,3948,924.0,,lab_hyperkalemia,lab_hyperkalemia,clinicalbert_type3_max_pool,lr_lbfgs,2,16,auroc,0.4930494801104633
3949,3949,925.0,,lab_hyperkalemia,lab_hyperkalemia,clinicalbert_type3_max_pool,lr_lbfgs,2,16,auprc,0.0271510756917418
3950,3950,926.0,,lab_hyperkalemia,lab_hyperkalemia,clinicalbert_type3_max_pool,lr_lbfgs,2,16,brier,0.2499889260456808
3951,3951,927.0,,lab_hyperkalemia,lab_hyperkalemia,clinicalbert_type3_max_pool,lr_lbfgs,3,16,auroc,0.5363461803621872
3952,3952,928.0,,lab_hyperkalemia,lab_hyperkalemia,clinicalbert_type3_max_pool,lr_lbfgs,3,16,auprc,0.0266442632983846
3953,3953,929.0,,lab_hyperkalemia,lab_hyperkalemia,clinicalbert_type3_max_pool,lr_lbfgs,3,16,brier,0.4305964399719857
3954,3954,930.0,,lab_hyperkalemia,lab_hyperkalemia,clinicalbert_type3_max_pool,lr_lbfgs,4,16,auroc,0.4745826572063709
3955,3955,931.0,,lab_hyperkalemia,lab_hyperkalemia,clinicalbert_type3_max_pool,lr_lbfgs,4,16,auprc,0.0226848041913887
3956,3956,932.0,,lab_hyperkalemia,lab_hyperkalemia,clinicalbert_type3_max_pool,lr_lbfgs,4,16,brier,0.3838306211216916
3957,3957,933.0,,lab_hyperkalemia,lab_hyperkalemia,clinicalbert_type3_max_pool,lr_lbfgs,0,24,auroc,0.5973146099194827
3958,3958,934.0,,lab_hyperkalemia,lab_hyperkalemia,clinicalbert_type3_max_pool,lr_lbfgs,0,24,auprc,0.0342154845060251
3959,3959,935.0,,lab_hyperkalemia,lab_hyperkalemia,clinicalbert_type3_max_pool,lr_lbfgs,0,24,brier,0.3541046198157452
3960,3960,936.0,,lab_hyperkalemia,lab_hyperkalemia,clinicalbert_type3_max_pool,lr_lbfgs,1,24,auroc,0.5093645566116942
3961,3961,937.0,,lab_hyperkalemia,lab_hyperkalemia,clinicalbert_type3_max_pool,lr_lbfgs,1,24,auprc,0.024167060388575
3962,3962,938.0,,lab_hyperkalemia,lab_hyperkalemia,clinicalbert_type3_max_pool,lr_lbfgs,1,24,brier,0.224327556620763
3963,3963,939.0,,lab_hyperkalemia,lab_hyperkalemia,clinicalbert_type3_max_pool,lr_lbfgs,2,24,auroc,0.5080110073749263
3964,3964,940.0,,lab_hyperkalemia,lab_hyperkalemia,clinicalbert_type3_max_pool,lr_lbfgs,2,24,auprc,0.0271245084042109
3965,3965,941.0,,lab_hyperkalemia,lab_hyperkalemia,clinicalbert_type3_max_pool,lr_lbfgs,2,24,brier,0.249994917956174
3966,3966,942.0,,lab_hyperkalemia,lab_hyperkalemia,clinicalbert_type3_max_pool,lr_lbfgs,3,24,auroc,0.5748946035705886
3967,3967,943.0,,lab_hyperkalemia,lab_hyperkalemia,clinicalbert_type3_max_pool,lr_lbfgs,3,24,auprc,0.0292146442912321
3968,3968,944.0,,lab_hyperkalemia,lab_hyperkalemia,clinicalbert_type3_max_pool,lr_lbfgs,3,24,brier,0.4411371852016206
3969,3969,945.0,,lab_hyperkalemia,lab_hyperkalemia,clinicalbert_type3_max_pool,lr_lbfgs,4,24,auroc,0.5086919062667464
3970,3970,946.0,,lab_hyperkalemia,lab_hyperkalemia,clinicalbert_type3_max_pool,lr_lbfgs,4,24,auprc,0.0267048974251746
3971,3971,947.0,,lab_hyperkalemia,lab_hyperkalemia,clinicalbert_type3_max_pool,lr_lbfgs,4,24,brier,0.2500165208803097
3972,3972,948.0,,lab_hyperkalemia,lab_hyperkalemia,clinicalbert_type3_max_pool,lr_lbfgs,0,32,auroc,0.5813608011187682
3973,3973,949.0,,lab_hyperkalemia,lab_hyperkalemia,clinicalbert_type3_max_pool,lr_lbfgs,0,32,auprc,0.0317716261872363
3974,3974,950.0,,lab_hyperkalemia,lab_hyperkalemia,clinicalbert_type3_max_pool,lr_lbfgs,0,32,brier,0.3549228878981363
3975,3975,951.0,,lab_hyperkalemia,lab_hyperkalemia,clinicalbert_type3_max_pool,lr_lbfgs,1,32,auroc,0.562755986035749
3976,3976,952.0,,lab_hyperkalemia,lab_hyperkalemia,clinicalbert_type3_max_pool,lr_lbfgs,1,32,auprc,0.0278072665180116
3977,3977,953.0,,lab_hyperkalemia,lab_hyperkalemia,clinicalbert_type3_max_pool,lr_lbfgs,1,32,brier,0.3134304068153784
3978,3978,954.0,,lab_hyperkalemia,lab_hyperkalemia,clinicalbert_type3_max_pool,lr_lbfgs,2,32,auroc,0.5507862460993751
3979,3979,955.0,,lab_hyperkalemia,lab_hyperkalemia,clinicalbert_type3_max_pool,lr_lbfgs,2,32,auprc,0.0287647181790835
3980,3980,956.0,,lab_hyperkalemia,lab_hyperkalemia,clinicalbert_type3_max_pool,lr_lbfgs,2,32,brier,0.3336532837065298
3981,3981,957.0,,lab_hyperkalemia,lab_hyperkalemia,clinicalbert_type3_max_pool,lr_lbfgs,3,32,auroc,0.536060916389102
3982,3982,958.0,,lab_hyperkalemia,lab_hyperkalemia,clinicalbert_type3_max_pool,lr_lbfgs,3,32,auprc,0.0274941321251717
3983,3983,959.0,,lab_hyperkalemia,lab_hyperkalemia,clinicalbert_type3_max_pool,lr_lbfgs,3,32,brier,0.4524963498555472
3984,3984,960.0,,lab_hyperkalemia,lab_hyperkalemia,clinicalbert_type3_max_pool,lr_lbfgs,4,32,auroc,0.5131366761626508
3985,3985,961.0,,lab_hyperkalemia,lab_hyperkalemia,clinicalbert_type3_max_pool,lr_lbfgs,4,32,auprc,0.0250728846236206
3986,3986,962.0,,lab_hyperkalemia,lab_hyperkalemia,clinicalbert_type3_max_pool,lr_lbfgs,4,32,brier,0.2346593171168778
3987,3987,963.0,,lab_hyperkalemia,lab_hyperkalemia,clinicalbert_type3_max_pool,lr_lbfgs,0,48,auroc,0.5310413751048866
3988,3988,964.0,,lab_hyperkalemia,lab_hyperkalemia,clinicalbert_type3_max_pool,lr_lbfgs,0,48,auprc,0.0265354735846075
3989,3989,965.0,,lab_hyperkalemia,lab_hyperkalemia,clinicalbert_type3_max_pool,lr_lbfgs,0,48,brier,0.2494039683607463
3990,3990,966.0,,lab_hyperkalemia,lab_hyperkalemia,clinicalbert_type3_max_pool,lr_lbfgs,1,48,auroc,0.5426081693815473
3991,3991,967.0,,lab_hyperkalemia,lab_hyperkalemia,clinicalbert_type3_max_pool,lr_lbfgs,1,48,auprc,0.02619012612557
3992,3992,968.0,,lab_hyperkalemia,lab_hyperkalemia,clinicalbert_type3_max_pool,lr_lbfgs,1,48,brier,0.2466853175859004
3993,3993,969.0,,lab_hyperkalemia,lab_hyperkalemia,clinicalbert_type3_max_pool,lr_lbfgs,2,48,auroc,0.5774624456406772
3994,3994,970.0,,lab_hyperkalemia,lab_hyperkalemia,clinicalbert_type3_max_pool,lr_lbfgs,2,48,auprc,0.0304208505799632
3995,3995,971.0,,lab_hyperkalemia,lab_hyperkalemia,clinicalbert_type3_max_pool,lr_lbfgs,2,48,brier,0.3646668327858542
3996,3996,972.0,,lab_hyperkalemia,lab_hyperkalemia,clinicalbert_type3_max_pool,lr_lbfgs,3,48,auroc,0.5955113024470019
3997,3997,973.0,,lab_hyperkalemia,lab_hyperkalemia,clinicalbert_type3_max_pool,lr_lbfgs,3,48,auprc,0.0322749764188631
3998,3998,974.0,,lab_hyperkalemia,lab_hyperkalemia,clinicalbert_type3_max_pool,lr_lbfgs,3,48,brier,0.2500023417326387
3999,3999,975.0,,lab_hyperkalemia,lab_hyperkalemia,clinicalbert_type3_max_pool,lr_lbfgs,4,48,auroc,0.5263198073951869
4000,4000,976.0,,lab_hyperkalemia,lab_hyperkalemia,clinicalbert_type3_max_pool,lr_lbfgs,4,48,auprc,0.0264814021036205
4001,4001,977.0,,lab_hyperkalemia,lab_hyperkalemia,clinicalbert_type3_max_pool,lr_lbfgs,4,48,brier,0.5470519572707795
4002,4002,978.0,,lab_hyperkalemia,lab_hyperkalemia,clinicalbert_type3_max_pool,lr_lbfgs,0,64,auroc,0.574384136651645
4003,4003,979.0,,lab_hyperkalemia,lab_hyperkalemia,clinicalbert_type3_max_pool,lr_lbfgs,0,64,auprc,0.0319747635478524
4004,4004,980.0,,lab_hyperkalemia,lab_hyperkalemia,clinicalbert_type3_max_pool,lr_lbfgs,0,64,brier,0.3327035879440713
4005,4005,981.0,,lab_hyperkalemia,lab_hyperkalemia,clinicalbert_type3_max_pool,lr_lbfgs,1,64,auroc,0.5395481864668163
4006,4006,982.0,,lab_hyperkalemia,lab_hyperkalemia,clinicalbert_type3_max_pool,lr_lbfgs,1,64,auprc,0.0265443927468131
4007,4007,983.0,,lab_hyperkalemia,lab_hyperkalemia,clinicalbert_type3_max_pool,lr_lbfgs,1,64,brier,0.233018206322728
4008,4008,984.0,,lab_hyperkalemia,lab_hyperkalemia,clinicalbert_type3_max_pool,lr_lbfgs,2,64,auroc,0.5786525886769047
4009,4009,985.0,,lab_hyperkalemia,lab_hyperkalemia,clinicalbert_type3_max_pool,lr_lbfgs,2,64,auprc,0.0310764430072642
4010,4010,986.0,,lab_hyperkalemia,lab_hyperkalemia,clinicalbert_type3_max_pool,lr_lbfgs,2,64,brier,0.4005757419867601
4011,4011,987.0,,lab_hyperkalemia,lab_hyperkalemia,clinicalbert_type3_max_pool,lr_lbfgs,3,64,auroc,0.5724098894439802
4012,4012,988.0,,lab_hyperkalemia,lab_hyperkalemia,clinicalbert_type3_max_pool,lr_lbfgs,3,64,auprc,0.029169736769014
4013,4013,989.0,,lab_hyperkalemia,lab_hyperkalemia,clinicalbert_type3_max_pool,lr_lbfgs,3,64,brier,0.2499955722956006
4014,4014,990.0,,lab_hyperkalemia,lab_hyperkalemia,clinicalbert_type3_max_pool,lr_lbfgs,4,64,auroc,0.5448015160248851
4015,4015,991.0,,lab_hyperkalemia,lab_hyperkalemia,clinicalbert_type3_max_pool,lr_lbfgs,4,64,auprc,0.0304353611945981
4016,4016,992.0,,lab_hyperkalemia,lab_hyperkalemia,clinicalbert_type3_max_pool,lr_lbfgs,4,64,brier,0.2513774667149289
4017,4017,993.0,,lab_hyperkalemia,lab_hyperkalemia,clinicalbert_type3_max_pool,lr_lbfgs,0,128,auroc,0.5597189249623267
4018,4018,994.0,,lab_hyperkalemia,lab_hyperkalemia,clinicalbert_type3_max_pool,lr_lbfgs,0,128,auprc,0.0283659499538445
4019,4019,995.0,,lab_hyperkalemia,lab_hyperkalemia,clinicalbert_type3_max_pool,lr_lbfgs,0,128,brier,0.3864351510419665
4020,4020,996.0,,lab_hyperkalemia,lab_hyperkalemia,clinicalbert_type3_max_pool,lr_lbfgs,1,128,auroc,0.5358086414222585
4021,4021,997.0,,lab_hyperkalemia,lab_hyperkalemia,clinicalbert_type3_max_pool,lr_lbfgs,1,128,auprc,0.0262120002692969
4022,4022,998.0,,lab_hyperkalemia,lab_hyperkalemia,clinicalbert_type3_max_pool,lr_lbfgs,1,128,brier,0.2245756821695956
4023,4023,999.0,,lab_hyperkalemia,lab_hyperkalemia,clinicalbert_type3_max_pool,lr_lbfgs,2,128,auroc,0.5612836152377851
4024,4024,1000.0,,lab_hyperkalemia,lab_hyperkalemia,clinicalbert_type3_max_pool,lr_lbfgs,2,128,auprc,0.0343691770818189
4025,4025,1001.0,,lab_hyperkalemia,lab_hyperkalemia,clinicalbert_type3_max_pool,lr_lbfgs,2,128,brier,0.239795256336259
4026,4026,1002.0,,lab_hyperkalemia,lab_hyperkalemia,clinicalbert_type3_max_pool,lr_lbfgs,3,128,auroc,0.6002787708330471
4027,4027,1003.0,,lab_hyperkalemia,lab_hyperkalemia,clinicalbert_type3_max_pool,lr_lbfgs,3,128,auprc,0.0370309924644211
4028,4028,1004.0,,lab_hyperkalemia,lab_hyperkalemia,clinicalbert_type3_max_pool,lr_lbfgs,3,128,brier,0.2267098377572836
4029,4029,1005.0,,lab_hyperkalemia,lab_hyperkalemia,clinicalbert_type3_max_pool,lr_lbfgs,4,128,auroc,0.5198349159040958
4030,4030,1006.0,,lab_hyperkalemia,lab_hyperkalemia,clinicalbert_type3_max_pool,lr_lbfgs,4,128,auprc,0.0280856704980434
4031,4031,1007.0,,lab_hyperkalemia,lab_hyperkalemia,clinicalbert_type3_max_pool,lr_lbfgs,4,128,brier,0.2476355194196613
4032,4032,1008.0,,lab_hyperkalemia,lab_hyperkalemia,clinicalbert_type3_max_pool,knn,0,-1,auroc,0.5223391063420693
4033,4033,1009.0,,lab_hyperkalemia,lab_hyperkalemia,clinicalbert_type3_max_pool,knn,0,-1,auprc,0.0262501697384662
4034,4034,1010.0,,lab_hyperkalemia,lab_hyperkalemia,clinicalbert_type3_max_pool,knn,0,-1,brier,0.0277636560727695
4035,4035,1011.0,,lab_hyperkalemia,lab_hyperkalemia,clinicalbert_type3_max_pool,knn,0,1,auroc,0.5019186472349969
4036,4036,1012.0,,lab_hyperkalemia,lab_hyperkalemia,clinicalbert_type3_max_pool,knn,0,1,auprc,0.024505504020139
4037,4037,1013.0,,lab_hyperkalemia,lab_hyperkalemia,clinicalbert_type3_max_pool,knn,0,1,brier,0.6866133567938667
4038,4038,1014.0,,lab_hyperkalemia,lab_hyperkalemia,clinicalbert_type3_max_pool,knn,1,1,auroc,0.4884744121889648
4039,4039,1015.0,,lab_hyperkalemia,lab_hyperkalemia,clinicalbert_type3_max_pool,knn,1,1,auprc,0.0238937555672037
4040,4040,1016.0,,lab_hyperkalemia,lab_hyperkalemia,clinicalbert_type3_max_pool,knn,1,1,brier,0.4282280489529166
4041,4041,1017.0,,lab_hyperkalemia,lab_hyperkalemia,clinicalbert_type3_max_pool,knn,2,1,auroc,0.4922033045875619
4042,4042,1018.0,,lab_hyperkalemia,lab_hyperkalemia,clinicalbert_type3_max_pool,knn,2,1,auprc,0.0240503755685254
4043,4043,1019.0,,lab_hyperkalemia,lab_hyperkalemia,clinicalbert_type3_max_pool,knn,2,1,brier,0.684146858749784
4044,4044,1020.0,,lab_hyperkalemia,lab_hyperkalemia,clinicalbert_type3_max_pool,knn,3,1,auroc,0.4994911910804276
4045,4045,1021.0,,lab_hyperkalemia,lab_hyperkalemia,clinicalbert_type3_max_pool,knn,3,1,auprc,0.0243894654467181
4046,4046,1022.0,,lab_hyperkalemia,lab_hyperkalemia,clinicalbert_type3_max_pool,knn,3,1,brier,0.2934975570672238
4047,4047,1023.0,,lab_hyperkalemia,lab_hyperkalemia,clinicalbert_type3_max_pool,knn,4,1,auroc,0.4902552900387004
4048,4048,1024.0,,lab_hyperkalemia,lab_hyperkalemia,clinicalbert_type3_max_pool,knn,4,1,auprc,0.0239757747995681
4049,4049,1025.0,,lab_hyperkalemia,lab_hyperkalemia,clinicalbert_type3_max_pool,knn,4,1,brier,0.3439586508098597
4050,4050,1026.0,,lab_hyperkalemia,lab_hyperkalemia,clinicalbert_type3_max_pool,knn,0,2,auroc,0.4772696472562814
4051,4051,1027.0,,lab_hyperkalemia,lab_hyperkalemia,clinicalbert_type3_max_pool,knn,0,2,auprc,0.0234326722039796
4052,4052,1028.0,,lab_hyperkalemia,lab_hyperkalemia,clinicalbert_type3_max_pool,knn,0,2,brier,0.4751857728622374
4053,4053,1029.0,,lab_hyperkalemia,lab_hyperkalemia,clinicalbert_type3_max_pool,knn,1,2,auroc,0.4954421752719632
4054,4054,1030.0,,lab_hyperkalemia,lab_hyperkalemia,clinicalbert_type3_max_pool,knn,1,2,auprc,0.0241986225079248
4055,4055,1031.0,,lab_hyperkalemia,lab_hyperkalemia,clinicalbert_type3_max_pool,knn,1,2,brier,0.4084628986676024
4056,4056,1032.0,,lab_hyperkalemia,lab_hyperkalemia,clinicalbert_type3_max_pool,knn,2,2,auroc,0.4860622251723557
4057,4057,1033.0,,lab_hyperkalemia,lab_hyperkalemia,clinicalbert_type3_max_pool,knn,2,2,auprc,0.0237909354754457
4058,4058,1034.0,,lab_hyperkalemia,lab_hyperkalemia,clinicalbert_type3_max_pool,knn,2,2,brier,0.2584830600635041
4059,4059,1035.0,,lab_hyperkalemia,lab_hyperkalemia,clinicalbert_type3_max_pool,knn,3,2,auroc,0.4939219245609042
4060,4060,1036.0,,lab_hyperkalemia,lab_hyperkalemia,clinicalbert_type3_max_pool,knn,3,2,auprc,0.0241329593414593
4061,4061,1037.0,,lab_hyperkalemia,lab_hyperkalemia,clinicalbert_type3_max_pool,knn,3,2,brier,0.3931157997266429
4062,4062,1038.0,,lab_hyperkalemia,lab_hyperkalemia,clinicalbert_type3_max_pool,knn,4,2,auroc,0.5076035436669263
4063,4063,1039.0,,lab_hyperkalemia,lab_hyperkalemia,clinicalbert_type3_max_pool,knn,4,2,auprc,0.0247876257308779
4064,4064,1040.0,,lab_hyperkalemia,lab_hyperkalemia,clinicalbert_type3_max_pool,knn,4,2,brier,0.4563963992270592
4065,4065,1041.0,,lab_hyperkalemia,lab_hyperkalemia,clinicalbert_type3_max_pool,knn,0,4,auroc,0.5035879779957785
4066,4066,1042.0,,lab_hyperkalemia,lab_hyperkalemia,clinicalbert_type3_max_pool,knn,0,4,auprc,0.0245871426627487
4067,4067,1043.0,,lab_hyperkalemia,lab_hyperkalemia,clinicalbert_type3_max_pool,knn,0,4,brier,0.4599468995962484
4068,4068,1044.0,,lab_hyperkalemia,lab_hyperkalemia,clinicalbert_type3_max_pool,knn,1,4,auroc,0.4886001351725438
4069,4069,1045.0,,lab_hyperkalemia,lab_hyperkalemia,clinicalbert_type3_max_pool,knn,1,4,auprc,0.023947788813551
4070,4070,1046.0,,lab_hyperkalemia,lab_hyperkalemia,clinicalbert_type3_max_pool,knn,1,4,brier,0.3218125356751973
4071,4071,1047.0,,lab_hyperkalemia,lab_hyperkalemia,clinicalbert_type3_max_pool,knn,2,4,auroc,0.5048486067302796
4072,4072,1048.0,,lab_hyperkalemia,lab_hyperkalemia,clinicalbert_type3_max_pool,knn,2,4,auprc,0.024686697949857
4073,4073,1049.0,,lab_hyperkalemia,lab_hyperkalemia,clinicalbert_type3_max_pool,knn,2,4,brier,0.2085149168146042
4074,4074,1050.0,,lab_hyperkalemia,lab_hyperkalemia,clinicalbert_type3_max_pool,knn,3,4,auroc,0.5139847221160929
4075,4075,1051.0,,lab_hyperkalemia,lab_hyperkalemia,clinicalbert_type3_max_pool,knn,3,4,auprc,0.0251116430307995
4076,4076,1052.0,,lab_hyperkalemia,lab_hyperkalemia,clinicalbert_type3_max_pool,knn,3,4,brier,0.2474335677641099
4077,4077,1053.0,,lab_hyperkalemia,lab_hyperkalemia,clinicalbert_type3_max_pool,knn,4,4,auroc,0.5286909278398675
4078,4078,1054.0,,lab_hyperkalemia,lab_hyperkalemia,clinicalbert_type3_max_pool,knn,4,4,auprc,0.025916661923557
4079,4079,1055.0,,lab_hyperkalemia,lab_hyperkalemia,clinicalbert_type3_max_pool,knn,4,4,brier,0.5554176550987385
4080,4080,1056.0,,lab_hyperkalemia,lab_hyperkalemia,clinicalbert_type3_max_pool,knn,0,8,auroc,0.5102331254886047
4081,4081,1057.0,,lab_hyperkalemia,lab_hyperkalemia,clinicalbert_type3_max_pool,knn,0,8,auprc,0.0249626942280261
4082,4082,1058.0,,lab_hyperkalemia,lab_hyperkalemia,clinicalbert_type3_max_pool,knn,0,8,brier,0.2581915489712452
4083,4083,1059.0,,lab_hyperkalemia,lab_hyperkalemia,clinicalbert_type3_max_pool,knn,1,8,auroc,0.523523125143119
4084,4084,1060.0,,lab_hyperkalemia,lab_hyperkalemia,clinicalbert_type3_max_pool,knn,1,8,auprc,0.0256718369808726
4085,4085,1061.0,,lab_hyperkalemia,lab_hyperkalemia,clinicalbert_type3_max_pool,knn,1,8,brier,0.2650778439350856
4086,4086,1062.0,,lab_hyperkalemia,lab_hyperkalemia,clinicalbert_type3_max_pool,knn,2,8,auroc,0.5157863767704506
4087,4087,1063.0,,lab_hyperkalemia,lab_hyperkalemia,clinicalbert_type3_max_pool,knn,2,8,auprc,0.0253657117796305
4088,4088,1064.0,,lab_hyperkalemia,lab_hyperkalemia,clinicalbert_type3_max_pool,knn,2,8,brier,0.4058881749485492
4089,4089,1065.0,,lab_hyperkalemia,lab_hyperkalemia,clinicalbert_type3_max_pool,knn,3,8,auroc,0.542790906818508
4090,4090,1066.0,,lab_hyperkalemia,lab_hyperkalemia,clinicalbert_type3_max_pool,knn,3,8,auprc,0.0293517277820295
4091,4091,1067.0,,lab_hyperkalemia,lab_hyperkalemia,clinicalbert_type3_max_pool,knn,3,8,brier,0.3999140174857443
4092,4092,1068.0,,lab_hyperkalemia,lab_hyperkalemia,clinicalbert_type3_max_pool,knn,4,8,auroc,0.5022834278216812
4093,4093,1069.0,,lab_hyperkalemia,lab_hyperkalemia,clinicalbert_type3_max_pool,knn,4,8,auprc,0.0245233386769031
4094,4094,1070.0,,lab_hyperkalemia,lab_hyperkalemia,clinicalbert_type3_max_pool,knn,4,8,brier,0.5096224844076477
4095,4095,1071.0,,lab_hyperkalemia,lab_hyperkalemia,clinicalbert_type3_max_pool,knn,0,12,auroc,0.5322509478212469
4096,4096,1072.0,,lab_hyperkalemia,lab_hyperkalemia,clinicalbert_type3_max_pool,knn,0,12,auprc,0.0259909563630045
4097,4097,1073.0,,lab_hyperkalemia,lab_hyperkalemia,clinicalbert_type3_max_pool,knn,0,12,brier,0.3032137521160618
4098,4098,1074.0,,lab_hyperkalemia,lab_hyperkalemia,clinicalbert_type3_max_pool,knn,1,12,auroc,0.5023226809567974
4099,4099,1075.0,,lab_hyperkalemia,lab_hyperkalemia,clinicalbert_type3_max_pool,knn,1,12,auprc,0.0244843518707452
4100,4100,1076.0,,lab_hyperkalemia,lab_hyperkalemia,clinicalbert_type3_max_pool,knn,1,12,brier,0.2528295602721003
4101,4101,1077.0,,lab_hyperkalemia,lab_hyperkalemia,clinicalbert_type3_max_pool,knn,2,12,auroc,0.5144750080739389
4102,4102,1078.0,,lab_hyperkalemia,lab_hyperkalemia,clinicalbert_type3_max_pool,knn,2,12,auprc,0.0266255309908014
4103,4103,1079.0,,lab_hyperkalemia,lab_hyperkalemia,clinicalbert_type3_max_pool,knn,2,12,brier,0.3445053624843547
4104,4104,1080.0,,lab_hyperkalemia,lab_hyperkalemia,clinicalbert_type3_max_pool,knn,3,12,auroc,0.533994137272773
4105,4105,1081.0,,lab_hyperkalemia,lab_hyperkalemia,clinicalbert_type3_max_pool,knn,3,12,auprc,0.0270607374431391
4106,4106,1082.0,,lab_hyperkalemia,lab_hyperkalemia,clinicalbert_type3_max_pool,knn,3,12,brier,0.3522312936378986
4107,4107,1083.0,,lab_hyperkalemia,lab_hyperkalemia,clinicalbert_type3_max_pool,knn,4,12,auroc,0.5080837987285757
4108,4108,1084.0,,lab_hyperkalemia,lab_hyperkalemia,clinicalbert_type3_max_pool,knn,4,12,auprc,0.0248119010574997
4109,4109,1085.0,,lab_hyperkalemia,lab_hyperkalemia,clinicalbert_type3_max_pool,knn,4,12,brier,0.4609680612068559
4110,4110,1086.0,,lab_hyperkalemia,lab_hyperkalemia,clinicalbert_type3_max_pool,knn,0,16,auroc,0.5492965906579652
4111,4111,1087.0,,lab_hyperkalemia,lab_hyperkalemia,clinicalbert_type3_max_pool,knn,0,16,auprc,0.0282950965191508
4112,4112,1088.0,,lab_hyperkalemia,lab_hyperkalemia,clinicalbert_type3_max_pool,knn,0,16,brier,0.2861407946208349
4113,4113,1089.0,,lab_hyperkalemia,lab_hyperkalemia,clinicalbert_type3_max_pool,knn,1,16,auroc,0.4963230858816939
4114,4114,1090.0,,lab_hyperkalemia,lab_hyperkalemia,clinicalbert_type3_max_pool,knn,1,16,auprc,0.0242082861648542
4115,4115,1091.0,,lab_hyperkalemia,lab_hyperkalemia,clinicalbert_type3_max_pool,knn,1,16,brier,0.2701987337596029
4116,4116,1092.0,,lab_hyperkalemia,lab_hyperkalemia,clinicalbert_type3_max_pool,knn,2,16,auroc,0.4851040155231849
4117,4117,1093.0,,lab_hyperkalemia,lab_hyperkalemia,clinicalbert_type3_max_pool,knn,2,16,auprc,0.0237401696007646
4118,4118,1094.0,,lab_hyperkalemia,lab_hyperkalemia,clinicalbert_type3_max_pool,knn,2,16,brier,0.5688498578228834
4119,4119,1095.0,,lab_hyperkalemia,lab_hyperkalemia,clinicalbert_type3_max_pool,knn,3,16,auroc,0.5250897894740791
4120,4120,1096.0,,lab_hyperkalemia,lab_hyperkalemia,clinicalbert_type3_max_pool,knn,3,16,auprc,0.0257140172511681
4121,4121,1097.0,,lab_hyperkalemia,lab_hyperkalemia,clinicalbert_type3_max_pool,knn,3,16,brier,0.5508145727616923
4122,4122,1098.0,,lab_hyperkalemia,lab_hyperkalemia,clinicalbert_type3_max_pool,knn,4,16,auroc,0.5038116680172108
4123,4123,1099.0,,lab_hyperkalemia,lab_hyperkalemia,clinicalbert_type3_max_pool,knn,4,16,auprc,0.023728992580477
4124,4124,1100.0,,lab_hyperkalemia,lab_hyperkalemia,clinicalbert_type3_max_pool,knn,4,16,brier,0.2861198305262041
4125,4125,1101.0,,lab_hyperkalemia,lab_hyperkalemia,clinicalbert_type3_max_pool,knn,0,24,auroc,0.5438580729326152
4126,4126,1102.0,,lab_hyperkalemia,lab_hyperkalemia,clinicalbert_type3_max_pool,knn,0,24,auprc,0.0271104109914816
4127,4127,1103.0,,lab_hyperkalemia,lab_hyperkalemia,clinicalbert_type3_max_pool,knn,0,24,brier,0.3099461140873172
4128,4128,1104.0,,lab_hyperkalemia,lab_hyperkalemia,clinicalbert_type3_max_pool,knn,1,24,auroc,0.5183587627950661
4129,4129,1105.0,,lab_hyperkalemia,lab_hyperkalemia,clinicalbert_type3_max_pool,knn,1,24,auprc,0.0253002084198387
4130,4130,1106.0,,lab_hyperkalemia,lab_hyperkalemia,clinicalbert_type3_max_pool,knn,1,24,brier,0.2500658954714537
4131,4131,1107.0,,lab_hyperkalemia,lab_hyperkalemia,clinicalbert_type3_max_pool,knn,2,24,auroc,0.4919312268907271
4132,4132,1108.0,,lab_hyperkalemia,lab_hyperkalemia,clinicalbert_type3_max_pool,knn,2,24,auprc,0.0235681295749311
4133,4133,1109.0,,lab_hyperkalemia,lab_hyperkalemia,clinicalbert_type3_max_pool,knn,2,24,brier,0.339586930907594
4134,4134,1110.0,,lab_hyperkalemia,lab_hyperkalemia,clinicalbert_type3_max_pool,knn,3,24,auroc,0.537132859613898
4135,4135,1111.0,,lab_hyperkalemia,lab_hyperkalemia,clinicalbert_type3_max_pool,knn,3,24,auprc,0.0264211263682501
4136,4136,1112.0,,lab_hyperkalemia,lab_hyperkalemia,clinicalbert_type3_max_pool,knn,3,24,brier,0.5316010243036463
4137,4137,1113.0,,lab_hyperkalemia,lab_hyperkalemia,clinicalbert_type3_max_pool,knn,4,24,auroc,0.5128873286009472
4138,4138,1114.0,,lab_hyperkalemia,lab_hyperkalemia,clinicalbert_type3_max_pool,knn,4,24,auprc,0.0250625312493516
4139,4139,1115.0,,lab_hyperkalemia,lab_hyperkalemia,clinicalbert_type3_max_pool,knn,4,24,brier,0.4424143402510486
4140,4140,1116.0,,lab_hyperkalemia,lab_hyperkalemia,clinicalbert_type3_max_pool,knn,0,32,auroc,0.5582220520424035
4141,4141,1117.0,,lab_hyperkalemia,lab_hyperkalemia,clinicalbert_type3_max_pool,knn,0,32,auprc,0.0283839966761204
4142,4142,1118.0,,lab_hyperkalemia,lab_hyperkalemia,clinicalbert_type3_max_pool,knn,0,32,brier,0.2951791745872151
4143,4143,1119.0,,lab_hyperkalemia,lab_hyperkalemia,clinicalbert_type3_max_pool,knn,1,32,auroc,0.5336937026054404
4144,4144,1120.0,,lab_hyperkalemia,lab_hyperkalemia,clinicalbert_type3_max_pool,knn,1,32,auprc,0.0268285186011171
4145,4145,1121.0,,lab_hyperkalemia,lab_hyperkalemia,clinicalbert_type3_max_pool,knn,1,32,brier,0.2434945721332852
4146,4146,1122.0,,lab_hyperkalemia,lab_hyperkalemia,clinicalbert_type3_max_pool,knn,2,32,auroc,0.5128946600669173
4147,4147,1123.0,,lab_hyperkalemia,lab_hyperkalemia,clinicalbert_type3_max_pool,knn,2,32,auprc,0.0248182088278951
4148,4148,1124.0,,lab_hyperkalemia,lab_hyperkalemia,clinicalbert_type3_max_pool,knn,2,32,brier,0.354192042750888
4149,4149,1125.0,,lab_hyperkalemia,lab_hyperkalemia,clinicalbert_type3_max_pool,knn,3,32,auroc,0.5534399828993946
4150,4150,1126.0,,lab_hyperkalemia,lab_hyperkalemia,clinicalbert_type3_max_pool,knn,3,32,auprc,0.0286403110517175
4151,4151,1127.0,,lab_hyperkalemia,lab_hyperkalemia,clinicalbert_type3_max_pool,knn,3,32,brier,0.3262633340141078
4152,4152,1128.0,,lab_hyperkalemia,lab_hyperkalemia,clinicalbert_type3_max_pool,knn,4,32,auroc,0.5233773714546351
4153,4153,1129.0,,lab_hyperkalemia,lab_hyperkalemia,clinicalbert_type3_max_pool,knn,4,32,auprc,0.0272220919609951
4154,4154,1130.0,,lab_hyperkalemia,lab_hyperkalemia,clinicalbert_type3_max_pool,knn,4,32,brier,0.3119405881180488
4155,4155,1131.0,,lab_hyperkalemia,lab_hyperkalemia,clinicalbert_type3_max_pool,knn,0,48,auroc,0.5597945763648915
4156,4156,1132.0,,lab_hyperkalemia,lab_hyperkalemia,clinicalbert_type3_max_pool,knn,0,48,auprc,0.0296980991252626
4157,4157,1133.0,,lab_hyperkalemia,lab_hyperkalemia,clinicalbert_type3_max_pool,knn,0,48,brier,0.2515915981964715
4158,4158,1134.0,,lab_hyperkalemia,lab_hyperkalemia,clinicalbert_type3_max_pool,knn,1,48,auroc,0.5170109854686096
4159,4159,1135.0,,lab_hyperkalemia,lab_hyperkalemia,clinicalbert_type3_max_pool,knn,1,48,auprc,0.0258468986000736
4160,4160,1136.0,,lab_hyperkalemia,lab_hyperkalemia,clinicalbert_type3_max_pool,knn,1,48,brier,0.2385923679952241
4161,4161,1137.0,,lab_hyperkalemia,lab_hyperkalemia,clinicalbert_type3_max_pool,knn,2,48,auroc,0.52361490058957
4162,4162,1138.0,,lab_hyperkalemia,lab_hyperkalemia,clinicalbert_type3_max_pool,knn,2,48,auprc,0.0258486959690412
4163,4163,1139.0,,lab_hyperkalemia,lab_hyperkalemia,clinicalbert_type3_max_pool,knn,2,48,brier,0.3601314069163189
4164,4164,1140.0,,lab_hyperkalemia,lab_hyperkalemia,clinicalbert_type3_max_pool,knn,3,48,auroc,0.549430329032255
4165,4165,1141.0,,lab_hyperkalemia,lab_hyperkalemia,clinicalbert_type3_max_pool,knn,3,48,auprc,0.0304182761622366
4166,4166,1142.0,,lab_hyperkalemia,lab_hyperkalemia,clinicalbert_type3_max_pool,knn,3,48,brier,0.3858027658226141
4167,4167,1143.0,,lab_hyperkalemia,lab_hyperkalemia,clinicalbert_type3_max_pool,knn,4,48,auroc,0.5206979253018642
4168,4168,1144.0,,lab_hyperkalemia,lab_hyperkalemia,clinicalbert_type3_max_pool,knn,4,48,auprc,0.0255641320061132
4169,4169,1145.0,,lab_hyperkalemia,lab_hyperkalemia,clinicalbert_type3_max_pool,knn,4,48,brier,0.3587646213759672
4170,4170,1146.0,,lab_hyperkalemia,lab_hyperkalemia,clinicalbert_type3_max_pool,knn,0,64,auroc,0.5564402001180371
4171,4171,1147.0,,lab_hyperkalemia,lab_hyperkalemia,clinicalbert_type3_max_pool,knn,0,64,auprc,0.0290608283379982
4172,4172,1148.0,,lab_hyperkalemia,lab_hyperkalemia,clinicalbert_type3_max_pool,knn,0,64,brier,0.2565803828745089
4173,4173,1149.0,,lab_hyperkalemia,lab_hyperkalemia,clinicalbert_type3_max_pool,knn,1,64,auroc,0.523704318568165
4174,4174,1150.0,,lab_hyperkalemia,lab_hyperkalemia,clinicalbert_type3_max_pool,knn,1,64,auprc,0.0280181347376438
4175,4175,1151.0,,lab_hyperkalemia,lab_hyperkalemia,clinicalbert_type3_max_pool,knn,1,64,brier,0.233809561214711
4176,4176,1152.0,,lab_hyperkalemia,lab_hyperkalemia,clinicalbert_type3_max_pool,knn,2,64,auroc,0.5055485208023897
4177,4177,1153.0,,lab_hyperkalemia,lab_hyperkalemia,clinicalbert_type3_max_pool,knn,2,64,auprc,0.0242336717030147
4178,4178,1154.0,,lab_hyperkalemia,lab_hyperkalemia,clinicalbert_type3_max_pool,knn,2,64,brier,0.3568543360246774
4179,4179,1155.0,,lab_hyperkalemia,lab_hyperkalemia,clinicalbert_type3_max_pool,knn,3,64,auroc,0.564177601327958
4180,4180,1156.0,,lab_hyperkalemia,lab_hyperkalemia,clinicalbert_type3_max_pool,knn,3,64,auprc,0.0309585519717622
4181,4181,1157.0,,lab_hyperkalemia,lab_hyperkalemia,clinicalbert_type3_max_pool,knn,3,64,brier,0.2846078712520181
4182,4182,1158.0,,lab_hyperkalemia,lab_hyperkalemia,clinicalbert_type3_max_pool,knn,4,64,auroc,0.5204730125058955
4183,4183,1159.0,,lab_hyperkalemia,lab_hyperkalemia,clinicalbert_type3_max_pool,knn,4,64,auprc,0.0267331088504095
4184,4184,1160.0,,lab_hyperkalemia,lab_hyperkalemia,clinicalbert_type3_max_pool,knn,4,64,brier,0.3297654159347951
4185,4185,1161.0,,lab_hyperkalemia,lab_hyperkalemia,clinicalbert_type3_max_pool,knn,0,128,auroc,0.5306191448399857
4186,4186,1162.0,,lab_hyperkalemia,lab_hyperkalemia,clinicalbert_type3_max_pool,knn,0,128,auprc,0.0260981715358126
4187,4187,1163.0,,lab_hyperkalemia,lab_hyperkalemia,clinicalbert_type3_max_pool,knn,0,128,brier,0.3882299341743516
4188,4188,1164.0,,lab_hyperkalemia,lab_hyperkalemia,clinicalbert_type3_max_pool,knn,1,128,auroc,0.5475424998605727
4189,4189,1165.0,,lab_hyperkalemia,lab_hyperkalemia,clinicalbert_type3_max_pool,knn,1,128,auprc,0.0285028299910138
4190,4190,1166.0,,lab_hyperkalemia,lab_hyperkalemia,clinicalbert_type3_max_pool,knn,1,128,brier,0.2739122010483926
4191,4191,1167.0,,lab_hyperkalemia,lab_hyperkalemia,clinicalbert_type3_max_pool,knn,2,128,auroc,0.553469914969295
4192,4192,1168.0,,lab_hyperkalemia,lab_hyperkalemia,clinicalbert_type3_max_pool,knn,2,128,auprc,0.0274832597392176
4193,4193,1169.0,,lab_hyperkalemia,lab_hyperkalemia,clinicalbert_type3_max_pool,knn,2,128,brier,0.300801044552321
4194,4194,1170.0,,lab_hyperkalemia,lab_hyperkalemia,clinicalbert_type3_max_pool,knn,3,128,auroc,0.5187548536636283
4195,4195,1171.0,,lab_hyperkalemia,lab_hyperkalemia,clinicalbert_type3_max_pool,knn,3,128,auprc,0.0265263429227546
4196,4196,1172.0,,lab_hyperkalemia,lab_hyperkalemia,clinicalbert_type3_max_pool,knn,3,128,brier,0.2983049372529832
4197,4197,1173.0,,lab_hyperkalemia,lab_hyperkalemia,clinicalbert_type3_max_pool,knn,4,128,auroc,0.5195069066347187
4198,4198,1174.0,,lab_hyperkalemia,lab_hyperkalemia,clinicalbert_type3_max_pool,knn,4,128,auprc,0.0254292687535564
4199,4199,1175.0,,lab_hyperkalemia,lab_hyperkalemia,clinicalbert_type3_max_pool,knn,4,128,brier,0.4117480715755738
4200,4200,1176.0,,lab_hyperkalemia,lab_hyperkalemia,clinicalbert_type3_max_pool,rf,0,-1,auroc,0.5608348777079353
4201,4201,1177.0,,lab_hyperkalemia,lab_hyperkalemia,clinicalbert_type3_max_pool,rf,0,-1,auprc,0.0307279938638774
4202,4202,1178.0,,lab_hyperkalemia,lab_hyperkalemia,clinicalbert_type3_max_pool,rf,0,-1,brier,0.0250956999074195
4203,4203,1179.0,,lab_hyperkalemia,lab_hyperkalemia,clinicalbert_type3_max_pool,rf,0,1,auroc,0.5410284638492822
4204,4204,1180.0,,lab_hyperkalemia,lab_hyperkalemia,clinicalbert_type3_max_pool,rf,0,1,auprc,0.0295049804578956
4205,4205,1181.0,,lab_hyperkalemia,lab_hyperkalemia,clinicalbert_type3_max_pool,rf,0,1,brier,0.333318894631832
4206,4206,1182.0,,lab_hyperkalemia,lab_hyperkalemia,clinicalbert_type3_max_pool,rf,1,1,auroc,0.5071851993380521
4207,4207,1183.0,,lab_hyperkalemia,lab_hyperkalemia,clinicalbert_type3_max_pool,rf,1,1,auprc,0.0254665780879753
4208,4208,1184.0,,lab_hyperkalemia,lab_hyperkalemia,clinicalbert_type3_max_pool,rf,1,1,brier,0.3676472043737138
4209,4209,1185.0,,lab_hyperkalemia,lab_hyperkalemia,clinicalbert_type3_max_pool,rf,2,1,auroc,0.4752327898473569
4210,4210,1186.0,,lab_hyperkalemia,lab_hyperkalemia,clinicalbert_type3_max_pool,rf,2,1,auprc,0.023259103035985
4211,4211,1187.0,,lab_hyperkalemia,lab_hyperkalemia,clinicalbert_type3_max_pool,rf,2,1,brier,0.5349557758471715
4212,4212,1188.0,,lab_hyperkalemia,lab_hyperkalemia,clinicalbert_type3_max_pool,rf,3,1,auroc,0.5337394478443449
4213,4213,1189.0,,lab_hyperkalemia,lab_hyperkalemia,clinicalbert_type3_max_pool,rf,3,1,auprc,0.0261624947067591
4214,4214,1190.0,,lab_hyperkalemia,lab_hyperkalemia,clinicalbert_type3_max_pool,rf,3,1,brier,0.4237300677108699
4215,4215,1191.0,,lab_hyperkalemia,lab_hyperkalemia,clinicalbert_type3_max_pool,rf,4,1,auroc,0.472759588453883
4216,4216,1192.0,,lab_hyperkalemia,lab_hyperkalemia,clinicalbert_type3_max_pool,rf,4,1,auprc,0.023981766049503
4217,4217,1193.0,,lab_hyperkalemia,lab_hyperkalemia,clinicalbert_type3_max_pool,rf,4,1,brier,0.3585037625877806
4218,4218,1194.0,,lab_hyperkalemia,lab_hyperkalemia,clinicalbert_type3_max_pool,rf,0,2,auroc,0.5059174153000141
4219,4219,1195.0,,lab_hyperkalemia,lab_hyperkalemia,clinicalbert_type3_max_pool,rf,0,2,auprc,0.0253313046824021
4220,4220,1196.0,,lab_hyperkalemia,lab_hyperkalemia,clinicalbert_type3_max_pool,rf,0,2,brier,0.2910712770804204
4221,4221,1197.0,,lab_hyperkalemia,lab_hyperkalemia,clinicalbert_type3_max_pool,rf,1,2,auroc,0.5382650866595857
4222,4222,1198.0,,lab_hyperkalemia,lab_hyperkalemia,clinicalbert_type3_max_pool,rf,1,2,auprc,0.0278192635688439
4223,4223,1199.0,,lab_hyperkalemia,lab_hyperkalemia,clinicalbert_type3_max_pool,rf,1,2,brier,0.2784414104598369
4224,4224,1200.0,,lab_hyperkalemia,lab_hyperkalemia,clinicalbert_type3_max_pool,rf,2,2,auroc,0.5298310511075612
4225,4225,1201.0,,lab_hyperkalemia,lab_hyperkalemia,clinicalbert_type3_max_pool,rf,2,2,auprc,0.026400829099216
4226,4226,1202.0,,lab_hyperkalemia,lab_hyperkalemia,clinicalbert_type3_max_pool,rf,2,2,brier,0.4310873014626177
4227,4227,1203.0,,lab_hyperkalemia,lab_hyperkalemia,clinicalbert_type3_max_pool,rf,3,2,auroc,0.5012681881753848
4228,4228,1204.0,,lab_hyperkalemia,lab_hyperkalemia,clinicalbert_type3_max_pool,rf,3,2,auprc,0.0256900261319529
4229,4229,1205.0,,lab_hyperkalemia,lab_hyperkalemia,clinicalbert_type3_max_pool,rf,3,2,brier,0.2670102744568206
4230,4230,1206.0,,lab_hyperkalemia,lab_hyperkalemia,clinicalbert_type3_max_pool,rf,4,2,auroc,0.4963148166098294
4231,4231,1207.0,,lab_hyperkalemia,lab_hyperkalemia,clinicalbert_type3_max_pool,rf,4,2,auprc,0.0246272791500327
4232,4232,1208.0,,lab_hyperkalemia,lab_hyperkalemia,clinicalbert_type3_max_pool,rf,4,2,brier,0.2459846480134479
4233,4233,1209.0,,lab_hyperkalemia,lab_hyperkalemia,clinicalbert_type3_max_pool,rf,0,4,auroc,0.5166382516661909
4234,4234,1210.0,,lab_hyperkalemia,lab_hyperkalemia,clinicalbert_type3_max_pool,rf,0,4,auprc,0.0253063756281214
4235,4235,1211.0,,lab_hyperkalemia,lab_hyperkalemia,clinicalbert_type3_max_pool,rf,0,4,brier,0.3060147989882645
4236,4236,1212.0,,lab_hyperkalemia,lab_hyperkalemia,clinicalbert_type3_max_pool,rf,1,4,auroc,0.494801384421185
4237,4237,1213.0,,lab_hyperkalemia,lab_hyperkalemia,clinicalbert_type3_max_pool,rf,1,4,auprc,0.0242214338290233
4238,4238,1214.0,,lab_hyperkalemia,lab_hyperkalemia,clinicalbert_type3_max_pool,rf,1,4,brier,0.2609443781125791
4239,4239,1215.0,,lab_hyperkalemia,lab_hyperkalemia,clinicalbert_type3_max_pool,rf,2,4,auroc,0.5215083864820576
4240,4240,1216.0,,lab_hyperkalemia,lab_hyperkalemia,clinicalbert_type3_max_pool,rf,2,4,auprc,0.0251320867869203
4241,4241,1217.0,,lab_hyperkalemia,lab_hyperkalemia,clinicalbert_type3_max_pool,rf,2,4,brier,0.4203299137511194
4242,4242,1218.0,,lab_hyperkalemia,lab_hyperkalemia,clinicalbert_type3_max_pool,rf,3,4,auroc,0.5134699443987838
4243,4243,1219.0,,lab_hyperkalemia,lab_hyperkalemia,clinicalbert_type3_max_pool,rf,3,4,auprc,0.0251501678125906
4244,4244,1220.0,,lab_hyperkalemia,lab_hyperkalemia,clinicalbert_type3_max_pool,rf,3,4,brier,0.345999245911426
4245,4245,1221.0,,lab_hyperkalemia,lab_hyperkalemia,clinicalbert_type3_max_pool,rf,4,4,auroc,0.5279256678675348
4246,4246,1222.0,,lab_hyperkalemia,lab_hyperkalemia,clinicalbert_type3_max_pool,rf,4,4,auprc,0.0278341881200461
4247,4247,1223.0,,lab_hyperkalemia,lab_hyperkalemia,clinicalbert_type3_max_pool,rf,4,4,brier,0.3917235636969193
4248,4248,1224.0,,lab_hyperkalemia,lab_hyperkalemia,clinicalbert_type3_max_pool,rf,0,8,auroc,0.4950618716661648
4249,4249,1225.0,,lab_hyperkalemia,lab_hyperkalemia,clinicalbert_type3_max_pool,rf,0,8,auprc,0.0238923486819981
4250,4250,1226.0,,lab_hyperkalemia,lab_hyperkalemia,clinicalbert_type3_max_pool,rf,0,8,brier,0.2766123717656669
4251,4251,1227.0,,lab_hyperkalemia,lab_hyperkalemia,clinicalbert_type3_max_pool,rf,1,8,auroc,0.4934556744126946
4252,4252,1228.0,,lab_hyperkalemia,lab_hyperkalemia,clinicalbert_type3_max_pool,rf,1,8,auprc,0.0242363175315759
4253,4253,1229.0,,lab_hyperkalemia,lab_hyperkalemia,clinicalbert_type3_max_pool,rf,1,8,brier,0.3041862796027769
4254,4254,1230.0,,lab_hyperkalemia,lab_hyperkalemia,clinicalbert_type3_max_pool,rf,2,8,auroc,0.5047641109373182
4255,4255,1231.0,,lab_hyperkalemia,lab_hyperkalemia,clinicalbert_type3_max_pool,rf,2,8,auprc,0.0248580958244482
4256,4256,1232.0,,lab_hyperkalemia,lab_hyperkalemia,clinicalbert_type3_max_pool,rf,2,8,brier,0.3408108808697155
4257,4257,1233.0,,lab_hyperkalemia,lab_hyperkalemia,clinicalbert_type3_max_pool,rf,3,8,auroc,0.5416463276775038
4258,4258,1234.0,,lab_hyperkalemia,lab_hyperkalemia,clinicalbert_type3_max_pool,rf,3,8,auprc,0.0273631675550122
4259,4259,1235.0,,lab_hyperkalemia,lab_hyperkalemia,clinicalbert_type3_max_pool,rf,3,8,brier,0.3241752941730948
4260,4260,1236.0,,lab_hyperkalemia,lab_hyperkalemia,clinicalbert_type3_max_pool,rf,4,8,auroc,0.5370339754951424
4261,4261,1237.0,,lab_hyperkalemia,lab_hyperkalemia,clinicalbert_type3_max_pool,rf,4,8,auprc,0.0267208371384957
4262,4262,1238.0,,lab_hyperkalemia,lab_hyperkalemia,clinicalbert_type3_max_pool,rf,4,8,brier,0.2685648751826309
4263,4263,1239.0,,lab_hyperkalemia,lab_hyperkalemia,clinicalbert_type3_max_pool,rf,0,12,auroc,0.5033480810304914
4264,4264,1240.0,,lab_hyperkalemia,lab_hyperkalemia,clinicalbert_type3_max_pool,rf,0,12,auprc,0.0250880152345267
4265,4265,1241.0,,lab_hyperkalemia,lab_hyperkalemia,clinicalbert_type3_max_pool,rf,0,12,brier,0.2530269052519127
4266,4266,1242.0,,lab_hyperkalemia,lab_hyperkalemia,clinicalbert_type3_max_pool,rf,1,12,auroc,0.4838538218222271
4267,4267,1243.0,,lab_hyperkalemia,lab_hyperkalemia,clinicalbert_type3_max_pool,rf,1,12,auprc,0.02375622198374
4268,4268,1244.0,,lab_hyperkalemia,lab_hyperkalemia,clinicalbert_type3_max_pool,rf,1,12,brier,0.278497635618117
4269,4269,1245.0,,lab_hyperkalemia,lab_hyperkalemia,clinicalbert_type3_max_pool,rf,2,12,auroc,0.5272023760042891
4270,4270,1246.0,,lab_hyperkalemia,lab_hyperkalemia,clinicalbert_type3_max_pool,rf,2,12,auprc,0.0264775757122844
4271,4271,1247.0,,lab_hyperkalemia,lab_hyperkalemia,clinicalbert_type3_max_pool,rf,2,12,brier,0.314223053116114
4272,4272,1248.0,,lab_hyperkalemia,lab_hyperkalemia,clinicalbert_type3_max_pool,rf,3,12,auroc,0.5612780505773952
4273,4273,1249.0,,lab_hyperkalemia,lab_hyperkalemia,clinicalbert_type3_max_pool,rf,3,12,auprc,0.0297479506025496
4274,4274,1250.0,,lab_hyperkalemia,lab_hyperkalemia,clinicalbert_type3_max_pool,rf,3,12,brier,0.2636304651783891
4275,4275,1251.0,,lab_hyperkalemia,lab_hyperkalemia,clinicalbert_type3_max_pool,rf,4,12,auroc,0.4976513972592814
4276,4276,1252.0,,lab_hyperkalemia,lab_hyperkalemia,clinicalbert_type3_max_pool,rf,4,12,auprc,0.0240979391755426
4277,4277,1253.0,,lab_hyperkalemia,lab_hyperkalemia,clinicalbert_type3_max_pool,rf,4,12,brier,0.3069673856691751
4278,4278,1254.0,,lab_hyperkalemia,lab_hyperkalemia,clinicalbert_type3_max_pool,rf,0,16,auroc,0.4888506692400475
4279,4279,1255.0,,lab_hyperkalemia,lab_hyperkalemia,clinicalbert_type3_max_pool,rf,0,16,auprc,0.0234224115355163
4280,4280,1256.0,,lab_hyperkalemia,lab_hyperkalemia,clinicalbert_type3_max_pool,rf,0,16,brier,0.2621579312836787
4281,4281,1257.0,,lab_hyperkalemia,lab_hyperkalemia,clinicalbert_type3_max_pool,rf,1,16,auroc,0.5079093720134639
4282,4282,1258.0,,lab_hyperkalemia,lab_hyperkalemia,clinicalbert_type3_max_pool,rf,1,16,auprc,0.0250754782025056
4283,4283,1259.0,,lab_hyperkalemia,lab_hyperkalemia,clinicalbert_type3_max_pool,rf,1,16,brier,0.2604061706093348
4284,4284,1260.0,,lab_hyperkalemia,lab_hyperkalemia,clinicalbert_type3_max_pool,rf,2,16,auroc,0.5075668707933317
4285,4285,1261.0,,lab_hyperkalemia,lab_hyperkalemia,clinicalbert_type3_max_pool,rf,2,16,auprc,0.0249451227080811
4286,4286,1262.0,,lab_hyperkalemia,lab_hyperkalemia,clinicalbert_type3_max_pool,rf,2,16,brier,0.3182225189700406
4287,4287,1263.0,,lab_hyperkalemia,lab_hyperkalemia,clinicalbert_type3_max_pool,rf,3,16,auroc,0.542833641752304
4288,4288,1264.0,,lab_hyperkalemia,lab_hyperkalemia,clinicalbert_type3_max_pool,rf,3,16,auprc,0.0270322484154719
4289,4289,1265.0,,lab_hyperkalemia,lab_hyperkalemia,clinicalbert_type3_max_pool,rf,3,16,brier,0.239810063940427
4290,4290,1266.0,,lab_hyperkalemia,lab_hyperkalemia,clinicalbert_type3_max_pool,rf,4,16,auroc,0.5114859719885565
4291,4291,1267.0,,lab_hyperkalemia,lab_hyperkalemia,clinicalbert_type3_max_pool,rf,4,16,auprc,0.0258923827391126
4292,4292,1268.0,,lab_hyperkalemia,lab_hyperkalemia,clinicalbert_type3_max_pool,rf,4,16,brier,0.2905033236828652
4293,4293,1269.0,,lab_hyperkalemia,lab_hyperkalemia,clinicalbert_type3_max_pool,rf,0,24,auroc,0.5396094184560989
4294,4294,1270.0,,lab_hyperkalemia,lab_hyperkalemia,clinicalbert_type3_max_pool,rf,0,24,auprc,0.0272652543446169
4295,4295,1271.0,,lab_hyperkalemia,lab_hyperkalemia,clinicalbert_type3_max_pool,rf,0,24,brier,0.2098726034555311
4296,4296,1272.0,,lab_hyperkalemia,lab_hyperkalemia,clinicalbert_type3_max_pool,rf,1,24,auroc,0.5125248951196228
4297,4297,1273.0,,lab_hyperkalemia,lab_hyperkalemia,clinicalbert_type3_max_pool,rf,1,24,auprc,0.0249992585097013
4298,4298,1274.0,,lab_hyperkalemia,lab_hyperkalemia,clinicalbert_type3_max_pool,rf,1,24,brier,0.2281889243240696
4299,4299,1275.0,,lab_hyperkalemia,lab_hyperkalemia,clinicalbert_type3_max_pool,rf,2,24,auroc,0.5513323807297945
4300,4300,1276.0,,lab_hyperkalemia,lab_hyperkalemia,clinicalbert_type3_max_pool,rf,2,24,auprc,0.0288716701769675
4301,4301,1277.0,,lab_hyperkalemia,lab_hyperkalemia,clinicalbert_type3_max_pool,rf,2,24,brier,0.2713466576594976
4302,4302,1278.0,,lab_hyperkalemia,lab_hyperkalemia,clinicalbert_type3_max_pool,rf,3,24,auroc,0.5768344110225622
4303,4303,1279.0,,lab_hyperkalemia,lab_hyperkalemia,clinicalbert_type3_max_pool,rf,3,24,auprc,0.0318860910494496
4304,4304,1280.0,,lab_hyperkalemia,lab_hyperkalemia,clinicalbert_type3_max_pool,rf,3,24,brier,0.2698956844139318
4305,4305,1281.0,,lab_hyperkalemia,lab_hyperkalemia,clinicalbert_type3_max_pool,rf,4,24,auroc,0.5111538695332316
4306,4306,1282.0,,lab_hyperkalemia,lab_hyperkalemia,clinicalbert_type3_max_pool,rf,4,24,auprc,0.0248144462877594
4307,4307,1283.0,,lab_hyperkalemia,lab_hyperkalemia,clinicalbert_type3_max_pool,rf,4,24,brier,0.2448685450803576
4308,4308,1284.0,,lab_hyperkalemia,lab_hyperkalemia,clinicalbert_type3_max_pool,rf,0,32,auroc,0.5637150246846055
4309,4309,1285.0,,lab_hyperkalemia,lab_hyperkalemia,clinicalbert_type3_max_pool,rf,0,32,auprc,0.0311777473623172
4310,4310,1286.0,,lab_hyperkalemia,lab_hyperkalemia,clinicalbert_type3_max_pool,rf,0,32,brier,0.2121149042464613
4311,4311,1287.0,,lab_hyperkalemia,lab_hyperkalemia,clinicalbert_type3_max_pool,rf,1,32,auroc,0.5280283498411005
4312,4312,1288.0,,lab_hyperkalemia,lab_hyperkalemia,clinicalbert_type3_max_pool,rf,1,32,auprc,0.0262283434784103
4313,4313,1289.0,,lab_hyperkalemia,lab_hyperkalemia,clinicalbert_type3_max_pool,rf,1,32,brier,0.2269149922234615
4314,4314,1290.0,,lab_hyperkalemia,lab_hyperkalemia,clinicalbert_type3_max_pool,rf,2,32,auroc,0.5586886648779754
4315,4315,1291.0,,lab_hyperkalemia,lab_hyperkalemia,clinicalbert_type3_max_pool,rf,2,32,auprc,0.0302919525799055
4316,4316,1292.0,,lab_hyperkalemia,lab_hyperkalemia,clinicalbert_type3_max_pool,rf,2,32,brier,0.2237315994532857
4317,4317,1293.0,,lab_hyperkalemia,lab_hyperkalemia,clinicalbert_type3_max_pool,rf,3,32,auroc,0.5675659717431726
4318,4318,1294.0,,lab_hyperkalemia,lab_hyperkalemia,clinicalbert_type3_max_pool,rf,3,32,auprc,0.0305751706041296
4319,4319,1295.0,,lab_hyperkalemia,lab_hyperkalemia,clinicalbert_type3_max_pool,rf,3,32,brier,0.2172916341795688
4320,4320,1296.0,,lab_hyperkalemia,lab_hyperkalemia,clinicalbert_type3_max_pool,rf,4,32,auroc,0.5036087288941602
4321,4321,1297.0,,lab_hyperkalemia,lab_hyperkalemia,clinicalbert_type3_max_pool,rf,4,32,auprc,0.0243232604691472
4322,4322,1298.0,,lab_hyperkalemia,lab_hyperkalemia,clinicalbert_type3_max_pool,rf,4,32,brier,0.2505149976696224
4323,4323,1299.0,,lab_hyperkalemia,lab_hyperkalemia,clinicalbert_type3_max_pool,rf,0,48,auroc,0.5406023372858587
4324,4324,1300.0,,lab_hyperkalemia,lab_hyperkalemia,clinicalbert_type3_max_pool,rf,0,48,auprc,0.0277413543055838
4325,4325,1301.0,,lab_hyperkalemia,lab_hyperkalemia,clinicalbert_type3_max_pool,rf,0,48,brier,0.242834864028404
4326,4326,1302.0,,lab_hyperkalemia,lab_hyperkalemia,clinicalbert_type3_max_pool,rf,1,48,auroc,0.5325446624098776
4327,4327,1303.0,,lab_hyperkalemia,lab_hyperkalemia,clinicalbert_type3_max_pool,rf,1,48,auprc,0.0260523322663841
4328,4328,1304.0,,lab_hyperkalemia,lab_hyperkalemia,clinicalbert_type3_max_pool,rf,1,48,brier,0.2332132012630983
4329,4329,1305.0,,lab_hyperkalemia,lab_hyperkalemia,clinicalbert_type3_max_pool,rf,2,48,auroc,0.5285990073184714
4330,4330,1306.0,,lab_hyperkalemia,lab_hyperkalemia,clinicalbert_type3_max_pool,rf,2,48,auprc,0.0259300410467333
4331,4331,1307.0,,lab_hyperkalemia,lab_hyperkalemia,clinicalbert_type3_max_pool,rf,2,48,brier,0.2518428039526809
4332,4332,1308.0,,lab_hyperkalemia,lab_hyperkalemia,clinicalbert_type3_max_pool,rf,3,48,auroc,0.5519317630462737
4333,4333,1309.0,,lab_hyperkalemia,lab_hyperkalemia,clinicalbert_type3_max_pool,rf,3,48,auprc,0.027965884308396
4334,4334,1310.0,,lab_hyperkalemia,lab_hyperkalemia,clinicalbert_type3_max_pool,rf,3,48,brier,0.2613696133725041
4335,4335,1311.0,,lab_hyperkalemia,lab_hyperkalemia,clinicalbert_type3_max_pool,rf,4,48,auroc,0.5306505742905685
4336,4336,1312.0,,lab_hyperkalemia,lab_hyperkalemia,clinicalbert_type3_max_pool,rf,4,48,auprc,0.0273740308331668
4337,4337,1313.0,,lab_hyperkalemia,lab_hyperkalemia,clinicalbert_type3_max_pool,rf,4,48,brier,0.2661773394581675
4338,4338,1314.0,,lab_hyperkalemia,lab_hyperkalemia,clinicalbert_type3_max_pool,rf,0,64,auroc,0.5396551999637396
4339,4339,1315.0,,lab_hyperkalemia,lab_hyperkalemia,clinicalbert_type3_max_pool,rf,0,64,auprc,0.0269696443745598
4340,4340,1316.0,,lab_hyperkalemia,lab_hyperkalemia,clinicalbert_type3_max_pool,rf,0,64,brier,0.2232913609727743
4341,4341,1317.0,,lab_hyperkalemia,lab_hyperkalemia,clinicalbert_type3_max_pool,rf,1,64,auroc,0.5460513625822245
4342,4342,1318.0,,lab_hyperkalemia,lab_hyperkalemia,clinicalbert_type3_max_pool,rf,1,64,auprc,0.027260888085586
4343,4343,1319.0,,lab_hyperkalemia,lab_hyperkalemia,clinicalbert_type3_max_pool,rf,1,64,brier,0.2183199842197715
4344,4344,1320.0,,lab_hyperkalemia,lab_hyperkalemia,clinicalbert_type3_max_pool,rf,2,64,auroc,0.5925866278247154
4345,4345,1321.0,,lab_hyperkalemia,lab_hyperkalemia,clinicalbert_type3_max_pool,rf,2,64,auprc,0.0367175670770978
4346,4346,1322.0,,lab_hyperkalemia,lab_hyperkalemia,clinicalbert_type3_max_pool,rf,2,64,brier,0.2347509512513157
4347,4347,1323.0,,lab_hyperkalemia,lab_hyperkalemia,clinicalbert_type3_max_pool,rf,3,64,auroc,0.5563814344028196
4348,4348,1324.0,,lab_hyperkalemia,lab_hyperkalemia,clinicalbert_type3_max_pool,rf,3,64,auprc,0.0303684266301686
4349,4349,1325.0,,lab_hyperkalemia,lab_hyperkalemia,clinicalbert_type3_max_pool,rf,3,64,brier,0.2473697527147256
4350,4350,1326.0,,lab_hyperkalemia,lab_hyperkalemia,clinicalbert_type3_max_pool,rf,4,64,auroc,0.5682276482047817
4351,4351,1327.0,,lab_hyperkalemia,lab_hyperkalemia,clinicalbert_type3_max_pool,rf,4,64,auprc,0.0301805572540933
4352,4352,1328.0,,lab_hyperkalemia,lab_hyperkalemia,clinicalbert_type3_max_pool,rf,4,64,brier,0.2471468744599626
4353,4353,1329.0,,lab_hyperkalemia,lab_hyperkalemia,clinicalbert_type3_max_pool,rf,0,128,auroc,0.5856832417485568
4354,4354,1330.0,,lab_hyperkalemia,lab_hyperkalemia,clinicalbert_type3_max_pool,rf,0,128,auprc,0.032553322752195
4355,4355,1331.0,,lab_hyperkalemia,lab_hyperkalemia,clinicalbert_type3_max_pool,rf,0,128,brier,0.1987270325043595
4356,4356,1332.0,,lab_hyperkalemia,lab_hyperkalemia,clinicalbert_type3_max_pool,rf,1,128,auroc,0.535399074127556
4357,4357,1333.0,,lab_hyperkalemia,lab_hyperkalemia,clinicalbert_type3_max_pool,rf,1,128,auprc,0.0265576054761422
4358,4358,1334.0,,lab_hyperkalemia,lab_hyperkalemia,clinicalbert_type3_max_pool,rf,1,128,brier,0.2191876266633151
4359,4359,1335.0,,lab_hyperkalemia,lab_hyperkalemia,clinicalbert_type3_max_pool,rf,2,128,auroc,0.5602197754849166
4360,4360,1336.0,,lab_hyperkalemia,lab_hyperkalemia,clinicalbert_type3_max_pool,rf,2,128,auprc,0.033156906555747
4361,4361,1337.0,,lab_hyperkalemia,lab_hyperkalemia,clinicalbert_type3_max_pool,rf,2,128,brier,0.2127448677438648
4362,4362,1338.0,,lab_hyperkalemia,lab_hyperkalemia,clinicalbert_type3_max_pool,rf,3,128,auroc,0.5531448071988176
4363,4363,1339.0,,lab_hyperkalemia,lab_hyperkalemia,clinicalbert_type3_max_pool,rf,3,128,auprc,0.0293585163711196
4364,4364,1340.0,,lab_hyperkalemia,lab_hyperkalemia,clinicalbert_type3_max_pool,rf,3,128,brier,0.2241137339946098
4365,4365,1341.0,,lab_hyperkalemia,lab_hyperkalemia,clinicalbert_type3_max_pool,rf,4,128,auroc,0.5861249949560551
4366,4366,1342.0,,lab_hyperkalemia,lab_hyperkalemia,clinicalbert_type3_max_pool,rf,4,128,auprc,0.031585547444838
4367,4367,1343.0,,lab_hyperkalemia,lab_hyperkalemia,clinicalbert_type3_max_pool,rf,4,128,brier,0.2114167278177744
4368,4368,1344.0,,lab_hyperkalemia,lab_hyperkalemia,clinicalbert_type3_mean_pool,lr_lbfgs,0,-1,auroc,0.612945212467749
4369,4369,1345.0,,lab_hyperkalemia,lab_hyperkalemia,clinicalbert_type3_mean_pool,lr_lbfgs,0,-1,auprc,0.0402675431859744
4370,4370,1346.0,,lab_hyperkalemia,lab_hyperkalemia,clinicalbert_type3_mean_pool,lr_lbfgs,0,-1,brier,0.0238811013892379
4371,4371,1347.0,,lab_hyperkalemia,lab_hyperkalemia,clinicalbert_type3_mean_pool,lr_lbfgs,0,1,auroc,0.5144168174772532
4372,4372,1348.0,,lab_hyperkalemia,lab_hyperkalemia,clinicalbert_type3_mean_pool,lr_lbfgs,0,1,auprc,0.0259188665298263
4373,4373,1349.0,,lab_hyperkalemia,lab_hyperkalemia,clinicalbert_type3_mean_pool,lr_lbfgs,0,1,brier,0.2499960028340292
4374,4374,1350.0,,lab_hyperkalemia,lab_hyperkalemia,clinicalbert_type3_mean_pool,lr_lbfgs,1,1,auroc,0.5510500337993535
4375,4375,1351.0,,lab_hyperkalemia,lab_hyperkalemia,clinicalbert_type3_mean_pool,lr_lbfgs,1,1,auprc,0.0279504500994408
4376,4376,1352.0,,lab_hyperkalemia,lab_hyperkalemia,clinicalbert_type3_mean_pool,lr_lbfgs,1,1,brier,0.2499969822275341
4377,4377,1353.0,,lab_hyperkalemia,lab_hyperkalemia,clinicalbert_type3_mean_pool,lr_lbfgs,2,1,auroc,0.5475958200841049
4378,4378,1354.0,,lab_hyperkalemia,lab_hyperkalemia,clinicalbert_type3_mean_pool,lr_lbfgs,2,1,auprc,0.0270615553278143
4379,4379,1355.0,,lab_hyperkalemia,lab_hyperkalemia,clinicalbert_type3_mean_pool,lr_lbfgs,2,1,brier,0.2499969020178997
4380,4380,1356.0,,lab_hyperkalemia,lab_hyperkalemia,clinicalbert_type3_mean_pool,lr_lbfgs,3,1,auroc,0.5293801478160325
4381,4381,1357.0,,lab_hyperkalemia,lab_hyperkalemia,clinicalbert_type3_mean_pool,lr_lbfgs,3,1,auprc,0.0267502436164338
4382,4382,1358.0,,lab_hyperkalemia,lab_hyperkalemia,clinicalbert_type3_mean_pool,lr_lbfgs,3,1,brier,0.2499941369587853
4383,4383,1359.0,,lab_hyperkalemia,lab_hyperkalemia,clinicalbert_type3_mean_pool,lr_lbfgs,4,1,auroc,0.533347222186817
4384,4384,1360.0,,lab_hyperkalemia,lab_hyperkalemia,clinicalbert_type3_mean_pool,lr_lbfgs,4,1,auprc,0.026733940364792
4385,4385,1361.0,,lab_hyperkalemia,lab_hyperkalemia,clinicalbert_type3_mean_pool,lr_lbfgs,4,1,brier,0.2499934814545512
4386,4386,1362.0,,lab_hyperkalemia,lab_hyperkalemia,clinicalbert_type3_mean_pool,lr_lbfgs,0,2,auroc,0.494055517860249
4387,4387,1363.0,,lab_hyperkalemia,lab_hyperkalemia,clinicalbert_type3_mean_pool,lr_lbfgs,0,2,auprc,0.024300606039294
4388,4388,1364.0,,lab_hyperkalemia,lab_hyperkalemia,clinicalbert_type3_mean_pool,lr_lbfgs,0,2,brier,0.2232566594920217
4389,4389,1365.0,,lab_hyperkalemia,lab_hyperkalemia,clinicalbert_type3_mean_pool,lr_lbfgs,1,2,auroc,0.5336319110413701
4390,4390,1366.0,,lab_hyperkalemia,lab_hyperkalemia,clinicalbert_type3_mean_pool,lr_lbfgs,1,2,auprc,0.026525401429385
4391,4391,1367.0,,lab_hyperkalemia,lab_hyperkalemia,clinicalbert_type3_mean_pool,lr_lbfgs,1,2,brier,0.2934237195667796
4392,4392,1368.0,,lab_hyperkalemia,lab_hyperkalemia,clinicalbert_type3_mean_pool,lr_lbfgs,2,2,auroc,0.5395934239434135
4393,4393,1369.0,,lab_hyperkalemia,lab_hyperkalemia,clinicalbert_type3_mean_pool,lr_lbfgs,2,2,auprc,0.0272908069994838
4394,4394,1370.0,,lab_hyperkalemia,lab_hyperkalemia,clinicalbert_type3_mean_pool,lr_lbfgs,2,2,brier,0.249997750780593
4395,4395,1371.0,,lab_hyperkalemia,lab_hyperkalemia,clinicalbert_type3_mean_pool,lr_lbfgs,3,2,auroc,0.5012803848332601
4396,4396,1372.0,,lab_hyperkalemia,lab_hyperkalemia,clinicalbert_type3_mean_pool,lr_lbfgs,3,2,auprc,0.0248041271089
4397,4397,1373.0,,lab_hyperkalemia,lab_hyperkalemia,clinicalbert_type3_mean_pool,lr_lbfgs,3,2,brier,0.2499973813414836
4398,4398,1374.0,,lab_hyperkalemia,lab_hyperkalemia,clinicalbert_type3_mean_pool,lr_lbfgs,4,2,auroc,0.4990947478869989
4399,4399,1375.0,,lab_hyperkalemia,lab_hyperkalemia,clinicalbert_type3_mean_pool,lr_lbfgs,4,2,auprc,0.0250276601426666
4400,4400,1376.0,,lab_hyperkalemia,lab_hyperkalemia,clinicalbert_type3_mean_pool,lr_lbfgs,4,2,brier,0.2292507057506128
4401,4401,1377.0,,lab_hyperkalemia,lab_hyperkalemia,clinicalbert_type3_mean_pool,lr_lbfgs,0,4,auroc,0.5085682246948934
4402,4402,1378.0,,lab_hyperkalemia,lab_hyperkalemia,clinicalbert_type3_mean_pool,lr_lbfgs,0,4,auprc,0.0245124566362183
4403,4403,1379.0,,lab_hyperkalemia,lab_hyperkalemia,clinicalbert_type3_mean_pool,lr_lbfgs,0,4,brier,0.2499997748140019
4404,4404,1380.0,,lab_hyperkalemia,lab_hyperkalemia,clinicalbert_type3_mean_pool,lr_lbfgs,1,4,auroc,0.533331844242648
4405,4405,1381.0,,lab_hyperkalemia,lab_hyperkalemia,clinicalbert_type3_mean_pool,lr_lbfgs,1,4,auprc,0.0279100293448578
4406,4406,1382.0,,lab_hyperkalemia,lab_hyperkalemia,clinicalbert_type3_mean_pool,lr_lbfgs,1,4,brier,0.2499927118035444
4407,4407,1383.0,,lab_hyperkalemia,lab_hyperkalemia,clinicalbert_type3_mean_pool,lr_lbfgs,2,4,auroc,0.5368956724413334
4408,4408,1384.0,,lab_hyperkalemia,lab_hyperkalemia,clinicalbert_type3_mean_pool,lr_lbfgs,2,4,auprc,0.0272444128213157
4409,4409,1385.0,,lab_hyperkalemia,lab_hyperkalemia,clinicalbert_type3_mean_pool,lr_lbfgs,2,4,brier,0.2499989931894176
4410,4410,1386.0,,lab_hyperkalemia,lab_hyperkalemia,clinicalbert_type3_mean_pool,lr_lbfgs,3,4,auroc,0.5088420536535643
4411,4411,1387.0,,lab_hyperkalemia,lab_hyperkalemia,clinicalbert_type3_mean_pool,lr_lbfgs,3,4,auprc,0.0258986535869785
4412,4412,1388.0,,lab_hyperkalemia,lab_hyperkalemia,clinicalbert_type3_mean_pool,lr_lbfgs,3,4,brier,0.2499993897867938
4413,4413,1389.0,,lab_hyperkalemia,lab_hyperkalemia,clinicalbert_type3_mean_pool,lr_lbfgs,4,4,auroc,0.4996118364409319
4414,4414,1390.0,,lab_hyperkalemia,lab_hyperkalemia,clinicalbert_type3_mean_pool,lr_lbfgs,4,4,auprc,0.0249966300884678
4415,4415,1391.0,,lab_hyperkalemia,lab_hyperkalemia,clinicalbert_type3_mean_pool,lr_lbfgs,4,4,brier,0.5753763921170477
4416,4416,1392.0,,lab_hyperkalemia,lab_hyperkalemia,clinicalbert_type3_mean_pool,lr_lbfgs,0,8,auroc,0.4621630398655793
4417,4417,1393.0,,lab_hyperkalemia,lab_hyperkalemia,clinicalbert_type3_mean_pool,lr_lbfgs,0,8,auprc,0.0219850133224378
4418,4418,1394.0,,lab_hyperkalemia,lab_hyperkalemia,clinicalbert_type3_mean_pool,lr_lbfgs,0,8,brier,0.2524934252869693
4419,4419,1395.0,,lab_hyperkalemia,lab_hyperkalemia,clinicalbert_type3_mean_pool,lr_lbfgs,1,8,auroc,0.5265494558518601
4420,4420,1396.0,,lab_hyperkalemia,lab_hyperkalemia,clinicalbert_type3_mean_pool,lr_lbfgs,1,8,auprc,0.0261882694298533
4421,4421,1397.0,,lab_hyperkalemia,lab_hyperkalemia,clinicalbert_type3_mean_pool,lr_lbfgs,1,8,brier,0.2590265952795509
4422,4422,1398.0,,lab_hyperkalemia,lab_hyperkalemia,clinicalbert_type3_mean_pool,lr_lbfgs,2,8,auroc,0.555267828762571
4423,4423,1399.0,,lab_hyperkalemia,lab_hyperkalemia,clinicalbert_type3_mean_pool,lr_lbfgs,2,8,auprc,0.028003791716642
4424,4424,1400.0,,lab_hyperkalemia,lab_hyperkalemia,clinicalbert_type3_mean_pool,lr_lbfgs,2,8,brier,0.4571821082936477
4425,4425,1401.0,,lab_hyperkalemia,lab_hyperkalemia,clinicalbert_type3_mean_pool,lr_lbfgs,3,8,auroc,0.5092667760987701
4426,4426,1402.0,,lab_hyperkalemia,lab_hyperkalemia,clinicalbert_type3_mean_pool,lr_lbfgs,3,8,auprc,0.0253060160459151
4427,4427,1403.0,,lab_hyperkalemia,lab_hyperkalemia,clinicalbert_type3_mean_pool,lr_lbfgs,3,8,brier,0.2332900639838658
4428,4428,1404.0,,lab_hyperkalemia,lab_hyperkalemia,clinicalbert_type3_mean_pool,lr_lbfgs,4,8,auroc,0.480609992683456
4429,4429,1405.0,,lab_hyperkalemia,lab_hyperkalemia,clinicalbert_type3_mean_pool,lr_lbfgs,4,8,auprc,0.0233996425540708
4430,4430,1406.0,,lab_hyperkalemia,lab_hyperkalemia,clinicalbert_type3_mean_pool,lr_lbfgs,4,8,brier,0.5412722550977196
4431,4431,1407.0,,lab_hyperkalemia,lab_hyperkalemia,clinicalbert_type3_mean_pool,lr_lbfgs,0,12,auroc,0.4595120543082668
4432,4432,1408.0,,lab_hyperkalemia,lab_hyperkalemia,clinicalbert_type3_mean_pool,lr_lbfgs,0,12,auprc,0.0213495260358172
4433,4433,1409.0,,lab_hyperkalemia,lab_hyperkalemia,clinicalbert_type3_mean_pool,lr_lbfgs,0,12,brier,0.292946817492843
4434,4434,1410.0,,lab_hyperkalemia,lab_hyperkalemia,clinicalbert_type3_mean_pool,lr_lbfgs,1,12,auroc,0.4940259018464786
4435,4435,1411.0,,lab_hyperkalemia,lab_hyperkalemia,clinicalbert_type3_mean_pool,lr_lbfgs,1,12,auprc,0.0232791699415152
4436,4436,1412.0,,lab_hyperkalemia,lab_hyperkalemia,clinicalbert_type3_mean_pool,lr_lbfgs,1,12,brier,0.4448916809079434
4437,4437,1413.0,,lab_hyperkalemia,lab_hyperkalemia,clinicalbert_type3_mean_pool,lr_lbfgs,2,12,auroc,0.5368916310678657
4438,4438,1414.0,,lab_hyperkalemia,lab_hyperkalemia,clinicalbert_type3_mean_pool,lr_lbfgs,2,12,auprc,0.0272015691673785
4439,4439,1415.0,,lab_hyperkalemia,lab_hyperkalemia,clinicalbert_type3_mean_pool,lr_lbfgs,2,12,brier,0.2697870419602217
4440,4440,1416.0,,lab_hyperkalemia,lab_hyperkalemia,clinicalbert_type3_mean_pool,lr_lbfgs,3,12,auroc,0.5430779272346768
4441,4441,1417.0,,lab_hyperkalemia,lab_hyperkalemia,clinicalbert_type3_mean_pool,lr_lbfgs,3,12,auprc,0.0271805684316118
4442,4442,1418.0,,lab_hyperkalemia,lab_hyperkalemia,clinicalbert_type3_mean_pool,lr_lbfgs,3,12,brier,0.2500016438002042
4443,4443,1419.0,,lab_hyperkalemia,lab_hyperkalemia,clinicalbert_type3_mean_pool,lr_lbfgs,4,12,auroc,0.4783512172399272
4444,4444,1420.0,,lab_hyperkalemia,lab_hyperkalemia,clinicalbert_type3_mean_pool,lr_lbfgs,4,12,auprc,0.0230770403827568
4445,4445,1421.0,,lab_hyperkalemia,lab_hyperkalemia,clinicalbert_type3_mean_pool,lr_lbfgs,4,12,brier,0.5773022380982711
4446,4446,1422.0,,lab_hyperkalemia,lab_hyperkalemia,clinicalbert_type3_mean_pool,lr_lbfgs,0,16,auroc,0.4602454496051817
4447,4447,1423.0,,lab_hyperkalemia,lab_hyperkalemia,clinicalbert_type3_mean_pool,lr_lbfgs,0,16,auprc,0.0215964317080467
4448,4448,1424.0,,lab_hyperkalemia,lab_hyperkalemia,clinicalbert_type3_mean_pool,lr_lbfgs,0,16,brier,0.4987263483330554
4449,4449,1425.0,,lab_hyperkalemia,lab_hyperkalemia,clinicalbert_type3_mean_pool,lr_lbfgs,1,16,auroc,0.500213534775283
4450,4450,1426.0,,lab_hyperkalemia,lab_hyperkalemia,clinicalbert_type3_mean_pool,lr_lbfgs,1,16,auprc,0.0236425920022001
4451,4451,1427.0,,lab_hyperkalemia,lab_hyperkalemia,clinicalbert_type3_mean_pool,lr_lbfgs,1,16,brier,0.2380468493774341
4452,4452,1428.0,,lab_hyperkalemia,lab_hyperkalemia,clinicalbert_type3_mean_pool,lr_lbfgs,2,16,auroc,0.5278766947111043
4453,4453,1429.0,,lab_hyperkalemia,lab_hyperkalemia,clinicalbert_type3_mean_pool,lr_lbfgs,2,16,auprc,0.0268975960866541
4454,4454,1430.0,,lab_hyperkalemia,lab_hyperkalemia,clinicalbert_type3_mean_pool,lr_lbfgs,2,16,brier,0.4541546116647237
4455,4455,1431.0,,lab_hyperkalemia,lab_hyperkalemia,clinicalbert_type3_mean_pool,lr_lbfgs,3,16,auroc,0.5078213167031023
4456,4456,1432.0,,lab_hyperkalemia,lab_hyperkalemia,clinicalbert_type3_mean_pool,lr_lbfgs,3,16,auprc,0.0248666804102187
4457,4457,1433.0,,lab_hyperkalemia,lab_hyperkalemia,clinicalbert_type3_mean_pool,lr_lbfgs,3,16,brier,0.3484536287056658
4458,4458,1434.0,,lab_hyperkalemia,lab_hyperkalemia,clinicalbert_type3_mean_pool,lr_lbfgs,4,16,auroc,0.4847716125554738
4459,4459,1435.0,,lab_hyperkalemia,lab_hyperkalemia,clinicalbert_type3_mean_pool,lr_lbfgs,4,16,auprc,0.022439227265801
4460,4460,1436.0,,lab_hyperkalemia,lab_hyperkalemia,clinicalbert_type3_mean_pool,lr_lbfgs,4,16,brier,0.5662637335836939
4461,4461,1437.0,,lab_hyperkalemia,lab_hyperkalemia,clinicalbert_type3_mean_pool,lr_lbfgs,0,24,auroc,0.5378853426285751
4462,4462,1438.0,,lab_hyperkalemia,lab_hyperkalemia,clinicalbert_type3_mean_pool,lr_lbfgs,0,24,auprc,0.0285393110267146
4463,4463,1439.0,,lab_hyperkalemia,lab_hyperkalemia,clinicalbert_type3_mean_pool,lr_lbfgs,0,24,brier,0.3848199931160505
4464,4464,1440.0,,lab_hyperkalemia,lab_hyperkalemia,clinicalbert_type3_mean_pool,lr_lbfgs,1,24,auroc,0.5029869324986799
4465,4465,1441.0,,lab_hyperkalemia,lab_hyperkalemia,clinicalbert_type3_mean_pool,lr_lbfgs,1,24,auprc,0.0247235751282508
4466,4466,1442.0,,lab_hyperkalemia,lab_hyperkalemia,clinicalbert_type3_mean_pool,lr_lbfgs,1,24,brier,0.2522621885850614
4467,4467,1443.0,,lab_hyperkalemia,lab_hyperkalemia,clinicalbert_type3_mean_pool,lr_lbfgs,2,24,auroc,0.5115723848432909
4468,4468,1444.0,,lab_hyperkalemia,lab_hyperkalemia,clinicalbert_type3_mean_pool,lr_lbfgs,2,24,auprc,0.0249567806141836
4469,4469,1445.0,,lab_hyperkalemia,lab_hyperkalemia,clinicalbert_type3_mean_pool,lr_lbfgs,2,24,brier,0.3816368075144877
4470,4470,1446.0,,lab_hyperkalemia,lab_hyperkalemia,clinicalbert_type3_mean_pool,lr_lbfgs,3,24,auroc,0.5661632680062929
4471,4471,1447.0,,lab_hyperkalemia,lab_hyperkalemia,clinicalbert_type3_mean_pool,lr_lbfgs,3,24,auprc,0.0292565280348005
4472,4472,1448.0,,lab_hyperkalemia,lab_hyperkalemia,clinicalbert_type3_mean_pool,lr_lbfgs,3,24,brier,0.4102887879177344
4473,4473,1449.0,,lab_hyperkalemia,lab_hyperkalemia,clinicalbert_type3_mean_pool,lr_lbfgs,4,24,auroc,0.4906810590960094
4474,4474,1450.0,,lab_hyperkalemia,lab_hyperkalemia,clinicalbert_type3_mean_pool,lr_lbfgs,4,24,auprc,0.0238933071603413
4475,4475,1451.0,,lab_hyperkalemia,lab_hyperkalemia,clinicalbert_type3_mean_pool,lr_lbfgs,4,24,brier,0.6128830964060037
4476,4476,1452.0,,lab_hyperkalemia,lab_hyperkalemia,clinicalbert_type3_mean_pool,lr_lbfgs,0,32,auroc,0.5313129035894297
4477,4477,1453.0,,lab_hyperkalemia,lab_hyperkalemia,clinicalbert_type3_mean_pool,lr_lbfgs,0,32,auprc,0.0266640360745004
4478,4478,1454.0,,lab_hyperkalemia,lab_hyperkalemia,clinicalbert_type3_mean_pool,lr_lbfgs,0,32,brier,0.4085560908601194
4479,4479,1455.0,,lab_hyperkalemia,lab_hyperkalemia,clinicalbert_type3_mean_pool,lr_lbfgs,1,32,auroc,0.5555361655983244
4480,4480,1456.0,,lab_hyperkalemia,lab_hyperkalemia,clinicalbert_type3_mean_pool,lr_lbfgs,1,32,auprc,0.027035687045814
4481,4481,1457.0,,lab_hyperkalemia,lab_hyperkalemia,clinicalbert_type3_mean_pool,lr_lbfgs,1,32,brier,0.3472818522129945
4482,4482,1458.0,,lab_hyperkalemia,lab_hyperkalemia,clinicalbert_type3_mean_pool,lr_lbfgs,2,32,auroc,0.5119142021386824
4483,4483,1459.0,,lab_hyperkalemia,lab_hyperkalemia,clinicalbert_type3_mean_pool,lr_lbfgs,2,32,auprc,0.0250651691414347
4484,4484,1460.0,,lab_hyperkalemia,lab_hyperkalemia,clinicalbert_type3_mean_pool,lr_lbfgs,2,32,brier,0.5009922802602399
4485,4485,1461.0,,lab_hyperkalemia,lab_hyperkalemia,clinicalbert_type3_mean_pool,lr_lbfgs,3,32,auroc,0.5285677281240817
4486,4486,1462.0,,lab_hyperkalemia,lab_hyperkalemia,clinicalbert_type3_mean_pool,lr_lbfgs,3,32,auprc,0.0269016796858019
4487,4487,1463.0,,lab_hyperkalemia,lab_hyperkalemia,clinicalbert_type3_mean_pool,lr_lbfgs,3,32,brier,0.4735328782769736
4488,4488,1464.0,,lab_hyperkalemia,lab_hyperkalemia,clinicalbert_type3_mean_pool,lr_lbfgs,4,32,auroc,0.4678189938459829
4489,4489,1465.0,,lab_hyperkalemia,lab_hyperkalemia,clinicalbert_type3_mean_pool,lr_lbfgs,4,32,auprc,0.0214316314976014
4490,4490,1466.0,,lab_hyperkalemia,lab_hyperkalemia,clinicalbert_type3_mean_pool,lr_lbfgs,4,32,brier,0.2620731441793157
4491,4491,1467.0,,lab_hyperkalemia,lab_hyperkalemia,clinicalbert_type3_mean_pool,lr_lbfgs,0,48,auroc,0.5474078340428845
4492,4492,1468.0,,lab_hyperkalemia,lab_hyperkalemia,clinicalbert_type3_mean_pool,lr_lbfgs,0,48,auprc,0.0267802359510585
4493,4493,1469.0,,lab_hyperkalemia,lab_hyperkalemia,clinicalbert_type3_mean_pool,lr_lbfgs,0,48,brier,0.3229347986270219
4494,4494,1470.0,,lab_hyperkalemia,lab_hyperkalemia,clinicalbert_type3_mean_pool,lr_lbfgs,1,48,auroc,0.5279222378813354
4495,4495,1471.0,,lab_hyperkalemia,lab_hyperkalemia,clinicalbert_type3_mean_pool,lr_lbfgs,1,48,auprc,0.0262271270918752
4496,4496,1472.0,,lab_hyperkalemia,lab_hyperkalemia,clinicalbert_type3_mean_pool,lr_lbfgs,1,48,brier,0.2420225362685772
4497,4497,1473.0,,lab_hyperkalemia,lab_hyperkalemia,clinicalbert_type3_mean_pool,lr_lbfgs,2,48,auroc,0.5287614860756136
4498,4498,1474.0,,lab_hyperkalemia,lab_hyperkalemia,clinicalbert_type3_mean_pool,lr_lbfgs,2,48,auprc,0.0268792399699281
4499,4499,1475.0,,lab_hyperkalemia,lab_hyperkalemia,clinicalbert_type3_mean_pool,lr_lbfgs,2,48,brier,0.2500107915061551
4500,4500,1476.0,,lab_hyperkalemia,lab_hyperkalemia,clinicalbert_type3_mean_pool,lr_lbfgs,3,48,auroc,0.5407716915591438
4501,4501,1477.0,,lab_hyperkalemia,lab_hyperkalemia,clinicalbert_type3_mean_pool,lr_lbfgs,3,48,auprc,0.0271547512826896
4502,4502,1478.0,,lab_hyperkalemia,lab_hyperkalemia,clinicalbert_type3_mean_pool,lr_lbfgs,3,48,brier,0.5187854151787985
4503,4503,1479.0,,lab_hyperkalemia,lab_hyperkalemia,clinicalbert_type3_mean_pool,lr_lbfgs,4,48,auroc,0.5219793152972432
4504,4504,1480.0,,lab_hyperkalemia,lab_hyperkalemia,clinicalbert_type3_mean_pool,lr_lbfgs,4,48,auprc,0.0255583074966512
4505,4505,1481.0,,lab_hyperkalemia,lab_hyperkalemia,clinicalbert_type3_mean_pool,lr_lbfgs,4,48,brier,0.2962736151092821
4506,4506,1482.0,,lab_hyperkalemia,lab_hyperkalemia,clinicalbert_type3_mean_pool,lr_lbfgs,0,64,auroc,0.538359380192582
4507,4507,1483.0,,lab_hyperkalemia,lab_hyperkalemia,clinicalbert_type3_mean_pool,lr_lbfgs,0,64,auprc,0.0262027653475446
4508,4508,1484.0,,lab_hyperkalemia,lab_hyperkalemia,clinicalbert_type3_mean_pool,lr_lbfgs,0,64,brier,0.3025879724379999
4509,4509,1485.0,,lab_hyperkalemia,lab_hyperkalemia,clinicalbert_type3_mean_pool,lr_lbfgs,1,64,auroc,0.5021405341821129
4510,4510,1486.0,,lab_hyperkalemia,lab_hyperkalemia,clinicalbert_type3_mean_pool,lr_lbfgs,1,64,auprc,0.0242392691841482
4511,4511,1487.0,,lab_hyperkalemia,lab_hyperkalemia,clinicalbert_type3_mean_pool,lr_lbfgs,1,64,brier,0.2486970272974363
4512,4512,1488.0,,lab_hyperkalemia,lab_hyperkalemia,clinicalbert_type3_mean_pool,lr_lbfgs,2,64,auroc,0.5349466216428647
4513,4513,1489.0,,lab_hyperkalemia,lab_hyperkalemia,clinicalbert_type3_mean_pool,lr_lbfgs,2,64,auprc,0.0278220152132618
4514,4514,1490.0,,lab_hyperkalemia,lab_hyperkalemia,clinicalbert_type3_mean_pool,lr_lbfgs,2,64,brier,0.4145948497990555
4515,4515,1491.0,,lab_hyperkalemia,lab_hyperkalemia,clinicalbert_type3_mean_pool,lr_lbfgs,3,64,auroc,0.5940673456132642
4516,4516,1492.0,,lab_hyperkalemia,lab_hyperkalemia,clinicalbert_type3_mean_pool,lr_lbfgs,3,64,auprc,0.0329765179902246
4517,4517,1493.0,,lab_hyperkalemia,lab_hyperkalemia,clinicalbert_type3_mean_pool,lr_lbfgs,3,64,brier,0.2467047290277527
4518,4518,1494.0,,lab_hyperkalemia,lab_hyperkalemia,clinicalbert_type3_mean_pool,lr_lbfgs,4,64,auroc,0.4922275424658716
4519,4519,1495.0,,lab_hyperkalemia,lab_hyperkalemia,clinicalbert_type3_mean_pool,lr_lbfgs,4,64,auprc,0.0232707964641029
4520,4520,1496.0,,lab_hyperkalemia,lab_hyperkalemia,clinicalbert_type3_mean_pool,lr_lbfgs,4,64,brier,0.2632952684515531
4521,4521,1497.0,,lab_hyperkalemia,lab_hyperkalemia,clinicalbert_type3_mean_pool,lr_lbfgs,0,128,auroc,0.5422038662348491
4522,4522,1498.0,,lab_hyperkalemia,lab_hyperkalemia,clinicalbert_type3_mean_pool,lr_lbfgs,0,128,auprc,0.0275814412906705
4523,4523,1499.0,,lab_hyperkalemia,lab_hyperkalemia,clinicalbert_type3_mean_pool,lr_lbfgs,0,128,brier,0.3477130934615174
4524,4524,1500.0,,lab_hyperkalemia,lab_hyperkalemia,clinicalbert_type3_mean_pool,lr_lbfgs,1,128,auroc,0.522655354178406
4525,4525,1501.0,,lab_hyperkalemia,lab_hyperkalemia,clinicalbert_type3_mean_pool,lr_lbfgs,1,128,auprc,0.0247826011781726
4526,4526,1502.0,,lab_hyperkalemia,lab_hyperkalemia,clinicalbert_type3_mean_pool,lr_lbfgs,1,128,brier,0.2391835237622639
4527,4527,1503.0,,lab_hyperkalemia,lab_hyperkalemia,clinicalbert_type3_mean_pool,lr_lbfgs,2,128,auroc,0.5766500725799587
4528,4528,1504.0,,lab_hyperkalemia,lab_hyperkalemia,clinicalbert_type3_mean_pool,lr_lbfgs,2,128,auprc,0.0311288814385356
4529,4529,1505.0,,lab_hyperkalemia,lab_hyperkalemia,clinicalbert_type3_mean_pool,lr_lbfgs,2,128,brier,0.2597608440026022
4530,4530,1506.0,,lab_hyperkalemia,lab_hyperkalemia,clinicalbert_type3_mean_pool,lr_lbfgs,3,128,auroc,0.5756226414570349
4531,4531,1507.0,,lab_hyperkalemia,lab_hyperkalemia,clinicalbert_type3_mean_pool,lr_lbfgs,3,128,auprc,0.0320715499441124
4532,4532,1508.0,,lab_hyperkalemia,lab_hyperkalemia,clinicalbert_type3_mean_pool,lr_lbfgs,3,128,brier,0.341703359237384
4533,4533,1509.0,,lab_hyperkalemia,lab_hyperkalemia,clinicalbert_type3_mean_pool,lr_lbfgs,4,128,auroc,0.5440002411974585
4534,4534,1510.0,,lab_hyperkalemia,lab_hyperkalemia,clinicalbert_type3_mean_pool,lr_lbfgs,4,128,auprc,0.0278521684172019
4535,4535,1511.0,,lab_hyperkalemia,lab_hyperkalemia,clinicalbert_type3_mean_pool,lr_lbfgs,4,128,brier,0.2586815925429361
4536,4536,1512.0,,lab_hyperkalemia,lab_hyperkalemia,clinicalbert_type3_mean_pool,knn,0,-1,auroc,0.5142256138810029
4537,4537,1513.0,,lab_hyperkalemia,lab_hyperkalemia,clinicalbert_type3_mean_pool,knn,0,-1,auprc,0.0259573112438593
4538,4538,1514.0,,lab_hyperkalemia,lab_hyperkalemia,clinicalbert_type3_mean_pool,knn,0,-1,brier,0.0293585534067522
4539,4539,1515.0,,lab_hyperkalemia,lab_hyperkalemia,clinicalbert_type3_mean_pool,knn,0,1,auroc,0.5177280961029491
4540,4540,1516.0,,lab_hyperkalemia,lab_hyperkalemia,clinicalbert_type3_mean_pool,knn,0,1,auprc,0.0254781950396257
4541,4541,1517.0,,lab_hyperkalemia,lab_hyperkalemia,clinicalbert_type3_mean_pool,knn,0,1,brier,0.148963913719699
4542,4542,1518.0,,lab_hyperkalemia,lab_hyperkalemia,clinicalbert_type3_mean_pool,knn,1,1,auroc,0.5232756117432199
4543,4543,1519.0,,lab_hyperkalemia,lab_hyperkalemia,clinicalbert_type3_mean_pool,knn,1,1,auprc,0.0256984226232014
4544,4544,1520.0,,lab_hyperkalemia,lab_hyperkalemia,clinicalbert_type3_mean_pool,knn,1,1,brier,0.2942202252839614
4545,4545,1521.0,,lab_hyperkalemia,lab_hyperkalemia,clinicalbert_type3_mean_pool,knn,2,1,auroc,0.5105817561251627
4546,4546,1522.0,,lab_hyperkalemia,lab_hyperkalemia,clinicalbert_type3_mean_pool,knn,2,1,auprc,0.0249471988298225
4547,4547,1523.0,,lab_hyperkalemia,lab_hyperkalemia,clinicalbert_type3_mean_pool,knn,2,1,brier,0.358773349252981
4548,4548,1524.0,,lab_hyperkalemia,lab_hyperkalemia,clinicalbert_type3_mean_pool,knn,3,1,auroc,0.5051795019548123
4549,4549,1525.0,,lab_hyperkalemia,lab_hyperkalemia,clinicalbert_type3_mean_pool,knn,3,1,auprc,0.0246754039154868
4550,4550,1526.0,,lab_hyperkalemia,lab_hyperkalemia,clinicalbert_type3_mean_pool,knn,3,1,brier,0.1814054325797684
4551,4551,1527.0,,lab_hyperkalemia,lab_hyperkalemia,clinicalbert_type3_mean_pool,knn,4,1,auroc,0.50993678400722
4552,4552,1528.0,,lab_hyperkalemia,lab_hyperkalemia,clinicalbert_type3_mean_pool,knn,4,1,auprc,0.0249597691976186
4553,4553,1529.0,,lab_hyperkalemia,lab_hyperkalemia,clinicalbert_type3_mean_pool,knn,4,1,brier,0.14335537995067
4554,4554,1530.0,,lab_hyperkalemia,lab_hyperkalemia,clinicalbert_type3_mean_pool,knn,0,2,auroc,0.5226451574822724
4555,4555,1531.0,,lab_hyperkalemia,lab_hyperkalemia,clinicalbert_type3_mean_pool,knn,0,2,auprc,0.0256094561523423
4556,4556,1532.0,,lab_hyperkalemia,lab_hyperkalemia,clinicalbert_type3_mean_pool,knn,0,2,brier,0.247543539014483
4557,4557,1533.0,,lab_hyperkalemia,lab_hyperkalemia,clinicalbert_type3_mean_pool,knn,1,2,auroc,0.4921692482442252
4558,4558,1534.0,,lab_hyperkalemia,lab_hyperkalemia,clinicalbert_type3_mean_pool,knn,1,2,auprc,0.0240501244363895
4559,4559,1535.0,,lab_hyperkalemia,lab_hyperkalemia,clinicalbert_type3_mean_pool,knn,1,2,brier,0.5942375064804487
4560,4560,1536.0,,lab_hyperkalemia,lab_hyperkalemia,clinicalbert_type3_mean_pool,knn,2,2,auroc,0.5052924790682243
4561,4561,1537.0,,lab_hyperkalemia,lab_hyperkalemia,clinicalbert_type3_mean_pool,knn,2,2,auprc,0.024674521697683
4562,4562,1538.0,,lab_hyperkalemia,lab_hyperkalemia,clinicalbert_type3_mean_pool,knn,2,2,brier,0.3054372928220193
4563,4563,1539.0,,lab_hyperkalemia,lab_hyperkalemia,clinicalbert_type3_mean_pool,knn,3,2,auroc,0.5019852780847321
4564,4564,1540.0,,lab_hyperkalemia,lab_hyperkalemia,clinicalbert_type3_mean_pool,knn,3,2,auprc,0.0245092409126599
4565,4565,1541.0,,lab_hyperkalemia,lab_hyperkalemia,clinicalbert_type3_mean_pool,knn,3,2,brier,0.3547358333464251
4566,4566,1542.0,,lab_hyperkalemia,lab_hyperkalemia,clinicalbert_type3_mean_pool,knn,4,2,auroc,0.5088542813989279
4567,4567,1543.0,,lab_hyperkalemia,lab_hyperkalemia,clinicalbert_type3_mean_pool,knn,4,2,auprc,0.0263536672714941
4568,4568,1544.0,,lab_hyperkalemia,lab_hyperkalemia,clinicalbert_type3_mean_pool,knn,4,2,brier,0.1836494255066719
4569,4569,1545.0,,lab_hyperkalemia,lab_hyperkalemia,clinicalbert_type3_mean_pool,knn,0,4,auroc,0.4860616604163199
4570,4570,1546.0,,lab_hyperkalemia,lab_hyperkalemia,clinicalbert_type3_mean_pool,knn,0,4,auprc,0.0237836370240993
4571,4571,1547.0,,lab_hyperkalemia,lab_hyperkalemia,clinicalbert_type3_mean_pool,knn,0,4,brier,0.1995274378269681
4572,4572,1548.0,,lab_hyperkalemia,lab_hyperkalemia,clinicalbert_type3_mean_pool,knn,1,4,auroc,0.5157937237801649
4573,4573,1549.0,,lab_hyperkalemia,lab_hyperkalemia,clinicalbert_type3_mean_pool,knn,1,4,auprc,0.0270180461322736
4574,4574,1550.0,,lab_hyperkalemia,lab_hyperkalemia,clinicalbert_type3_mean_pool,knn,1,4,brier,0.1849303403481642
4575,4575,1551.0,,lab_hyperkalemia,lab_hyperkalemia,clinicalbert_type3_mean_pool,knn,2,4,auroc,0.5066044332457641
4576,4576,1552.0,,lab_hyperkalemia,lab_hyperkalemia,clinicalbert_type3_mean_pool,knn,2,4,auprc,0.0247428053529736
4577,4577,1553.0,,lab_hyperkalemia,lab_hyperkalemia,clinicalbert_type3_mean_pool,knn,2,4,brier,0.2881875166920647
4578,4578,1554.0,,lab_hyperkalemia,lab_hyperkalemia,clinicalbert_type3_mean_pool,knn,3,4,auroc,0.4896309911004189
4579,4579,1555.0,,lab_hyperkalemia,lab_hyperkalemia,clinicalbert_type3_mean_pool,knn,3,4,auprc,0.0236897308175889
4580,4580,1556.0,,lab_hyperkalemia,lab_hyperkalemia,clinicalbert_type3_mean_pool,knn,3,4,brier,0.1643392837938836
4581,4581,1557.0,,lab_hyperkalemia,lab_hyperkalemia,clinicalbert_type3_mean_pool,knn,4,4,auroc,0.5143132961415059
4582,4582,1558.0,,lab_hyperkalemia,lab_hyperkalemia,clinicalbert_type3_mean_pool,knn,4,4,auprc,0.0251226914727172
4583,4583,1559.0,,lab_hyperkalemia,lab_hyperkalemia,clinicalbert_type3_mean_pool,knn,4,4,brier,0.6875245471541012
4584,4584,1560.0,,lab_hyperkalemia,lab_hyperkalemia,clinicalbert_type3_mean_pool,knn,0,8,auroc,0.4854454494062217
4585,4585,1561.0,,lab_hyperkalemia,lab_hyperkalemia,clinicalbert_type3_mean_pool,knn,0,8,auprc,0.0238169972469563
4586,4586,1562.0,,lab_hyperkalemia,lab_hyperkalemia,clinicalbert_type3_mean_pool,knn,0,8,brier,0.2175539251881294
4587,4587,1563.0,,lab_hyperkalemia,lab_hyperkalemia,clinicalbert_type3_mean_pool,knn,1,8,auroc,0.5192140158645255
4588,4588,1564.0,,lab_hyperkalemia,lab_hyperkalemia,clinicalbert_type3_mean_pool,knn,1,8,auprc,0.0264889590704508
4589,4589,1565.0,,lab_hyperkalemia,lab_hyperkalemia,clinicalbert_type3_mean_pool,knn,1,8,brier,0.3099096664729078
4590,4590,1566.0,,lab_hyperkalemia,lab_hyperkalemia,clinicalbert_type3_mean_pool,knn,2,8,auroc,0.5294813168651717
4591,4591,1567.0,,lab_hyperkalemia,lab_hyperkalemia,clinicalbert_type3_mean_pool,knn,2,8,auprc,0.0260077090974673
4592,4592,1568.0,,lab_hyperkalemia,lab_hyperkalemia,clinicalbert_type3_mean_pool,knn,2,8,brier,0.4265627700186951
4593,4593,1569.0,,lab_hyperkalemia,lab_hyperkalemia,clinicalbert_type3_mean_pool,knn,3,8,auroc,0.5088225203484709
4594,4594,1570.0,,lab_hyperkalemia,lab_hyperkalemia,clinicalbert_type3_mean_pool,knn,3,8,auprc,0.0248513847509141
4595,4595,1571.0,,lab_hyperkalemia,lab_hyperkalemia,clinicalbert_type3_mean_pool,knn,3,8,brier,0.4166810676637393
4596,4596,1572.0,,lab_hyperkalemia,lab_hyperkalemia,clinicalbert_type3_mean_pool,knn,4,8,auroc,0.5212773805383992
4597,4597,1573.0,,lab_hyperkalemia,lab_hyperkalemia,clinicalbert_type3_mean_pool,knn,4,8,auprc,0.0254949673760413
4598,4598,1574.0,,lab_hyperkalemia,lab_hyperkalemia,clinicalbert_type3_mean_pool,knn,4,8,brier,0.612728386721757
4599,4599,1575.0,,lab_hyperkalemia,lab_hyperkalemia,clinicalbert_type3_mean_pool,knn,0,12,auroc,0.4989010831979318
4600,4600,1576.0,,lab_hyperkalemia,lab_hyperkalemia,clinicalbert_type3_mean_pool,knn,0,12,auprc,0.0243542442414391
4601,4601,1577.0,,lab_hyperkalemia,lab_hyperkalemia,clinicalbert_type3_mean_pool,knn,0,12,brier,0.3722491913621947
4602,4602,1578.0,,lab_hyperkalemia,lab_hyperkalemia,clinicalbert_type3_mean_pool,knn,1,12,auroc,0.4779264896134733
4603,4603,1579.0,,lab_hyperkalemia,lab_hyperkalemia,clinicalbert_type3_mean_pool,knn,1,12,auprc,0.0229497995002108
4604,4604,1580.0,,lab_hyperkalemia,lab_hyperkalemia,clinicalbert_type3_mean_pool,knn,1,12,brier,0.3424737510634998
4605,4605,1581.0,,lab_hyperkalemia,lab_hyperkalemia,clinicalbert_type3_mean_pool,knn,2,12,auroc,0.5262800827664996
4606,4606,1582.0,,lab_hyperkalemia,lab_hyperkalemia,clinicalbert_type3_mean_pool,knn,2,12,auprc,0.0258224882723136
4607,4607,1583.0,,lab_hyperkalemia,lab_hyperkalemia,clinicalbert_type3_mean_pool,knn,2,12,brier,0.4107740405008405
4608,4608,1584.0,,lab_hyperkalemia,lab_hyperkalemia,clinicalbert_type3_mean_pool,knn,3,12,auroc,0.5207092359663255
4609,4609,1585.0,,lab_hyperkalemia,lab_hyperkalemia,clinicalbert_type3_mean_pool,knn,3,12,auprc,0.0254773234800378
4610,4610,1586.0,,lab_hyperkalemia,lab_hyperkalemia,clinicalbert_type3_mean_pool,knn,3,12,brier,0.513455767992082
4611,4611,1587.0,,lab_hyperkalemia,lab_hyperkalemia,clinicalbert_type3_mean_pool,knn,4,12,auroc,0.4776020761302327
4612,4612,1588.0,,lab_hyperkalemia,lab_hyperkalemia,clinicalbert_type3_mean_pool,knn,4,12,auprc,0.0231148814910426
4613,4613,1589.0,,lab_hyperkalemia,lab_hyperkalemia,clinicalbert_type3_mean_pool,knn,4,12,brier,0.4033701475185774
4614,4614,1590.0,,lab_hyperkalemia,lab_hyperkalemia,clinicalbert_type3_mean_pool,knn,0,16,auroc,0.4982746806729479
4615,4615,1591.0,,lab_hyperkalemia,lab_hyperkalemia,clinicalbert_type3_mean_pool,knn,0,16,auprc,0.0243347875166128
4616,4616,1592.0,,lab_hyperkalemia,lab_hyperkalemia,clinicalbert_type3_mean_pool,knn,0,16,brier,0.3504190253754297
4617,4617,1593.0,,lab_hyperkalemia,lab_hyperkalemia,clinicalbert_type3_mean_pool,knn,1,16,auroc,0.5038327453342187
4618,4618,1594.0,,lab_hyperkalemia,lab_hyperkalemia,clinicalbert_type3_mean_pool,knn,1,16,auprc,0.0246868287005133
4619,4619,1595.0,,lab_hyperkalemia,lab_hyperkalemia,clinicalbert_type3_mean_pool,knn,1,16,brier,0.3030545823972685
4620,4620,1596.0,,lab_hyperkalemia,lab_hyperkalemia,clinicalbert_type3_mean_pool,knn,2,16,auroc,0.5227262802827626
4621,4621,1597.0,,lab_hyperkalemia,lab_hyperkalemia,clinicalbert_type3_mean_pool,knn,2,16,auprc,0.0269552943835317
4622,4622,1598.0,,lab_hyperkalemia,lab_hyperkalemia,clinicalbert_type3_mean_pool,knn,2,16,brier,0.3488452436842121
4623,4623,1599.0,,lab_hyperkalemia,lab_hyperkalemia,clinicalbert_type3_mean_pool,knn,3,16,auroc,0.5331183923673336
4624,4624,1600.0,,lab_hyperkalemia,lab_hyperkalemia,clinicalbert_type3_mean_pool,knn,3,16,auprc,0.0261750909444412
4625,4625,1601.0,,lab_hyperkalemia,lab_hyperkalemia,clinicalbert_type3_mean_pool,knn,3,16,brier,0.5486151477542299
4626,4626,1602.0,,lab_hyperkalemia,lab_hyperkalemia,clinicalbert_type3_mean_pool,knn,4,16,auroc,0.4860168167145735
4627,4627,1603.0,,lab_hyperkalemia,lab_hyperkalemia,clinicalbert_type3_mean_pool,knn,4,16,auprc,0.0237756999000699
4628,4628,1604.0,,lab_hyperkalemia,lab_hyperkalemia,clinicalbert_type3_mean_pool,knn,4,16,brier,0.639294298776177
4629,4629,1605.0,,lab_hyperkalemia,lab_hyperkalemia,clinicalbert_type3_mean_pool,knn,0,24,auroc,0.5076816043498277
4630,4630,1606.0,,lab_hyperkalemia,lab_hyperkalemia,clinicalbert_type3_mean_pool,knn,0,24,auprc,0.0248515673103444
4631,4631,1607.0,,lab_hyperkalemia,lab_hyperkalemia,clinicalbert_type3_mean_pool,knn,0,24,brier,0.3211631816253751
4632,4632,1608.0,,lab_hyperkalemia,lab_hyperkalemia,clinicalbert_type3_mean_pool,knn,1,24,auroc,0.5223771004339129
4633,4633,1609.0,,lab_hyperkalemia,lab_hyperkalemia,clinicalbert_type3_mean_pool,knn,1,24,auprc,0.0256293592821749
4634,4634,1610.0,,lab_hyperkalemia,lab_hyperkalemia,clinicalbert_type3_mean_pool,knn,1,24,brier,0.2757331154855231
4635,4635,1611.0,,lab_hyperkalemia,lab_hyperkalemia,clinicalbert_type3_mean_pool,knn,2,24,auroc,0.5342795515020511
4636,4636,1612.0,,lab_hyperkalemia,lab_hyperkalemia,clinicalbert_type3_mean_pool,knn,2,24,auprc,0.0265782997212554
4637,4637,1613.0,,lab_hyperkalemia,lab_hyperkalemia,clinicalbert_type3_mean_pool,knn,2,24,brier,0.3452503766078931
4638,4638,1614.0,,lab_hyperkalemia,lab_hyperkalemia,clinicalbert_type3_mean_pool,knn,3,24,auroc,0.5700460279277973
4639,4639,1615.0,,lab_hyperkalemia,lab_hyperkalemia,clinicalbert_type3_mean_pool,knn,3,24,auprc,0.0304151393630545
4640,4640,1616.0,,lab_hyperkalemia,lab_hyperkalemia,clinicalbert_type3_mean_pool,knn,3,24,brier,0.3988633097428753
4641,4641,1617.0,,lab_hyperkalemia,lab_hyperkalemia,clinicalbert_type3_mean_pool,knn,4,24,auroc,0.4734347050728957
4642,4642,1618.0,,lab_hyperkalemia,lab_hyperkalemia,clinicalbert_type3_mean_pool,knn,4,24,auprc,0.0223071505279864
4643,4643,1619.0,,lab_hyperkalemia,lab_hyperkalemia,clinicalbert_type3_mean_pool,knn,4,24,brier,0.4108654320299098
4644,4644,1620.0,,lab_hyperkalemia,lab_hyperkalemia,clinicalbert_type3_mean_pool,knn,0,32,auroc,0.5112355674522537
4645,4645,1621.0,,lab_hyperkalemia,lab_hyperkalemia,clinicalbert_type3_mean_pool,knn,0,32,auprc,0.0251187170527848
4646,4646,1622.0,,lab_hyperkalemia,lab_hyperkalemia,clinicalbert_type3_mean_pool,knn,0,32,brier,0.2818196576228405
4647,4647,1623.0,,lab_hyperkalemia,lab_hyperkalemia,clinicalbert_type3_mean_pool,knn,1,32,auroc,0.522639825978044
4648,4648,1624.0,,lab_hyperkalemia,lab_hyperkalemia,clinicalbert_type3_mean_pool,knn,1,32,auprc,0.0259243568729794
4649,4649,1625.0,,lab_hyperkalemia,lab_hyperkalemia,clinicalbert_type3_mean_pool,knn,1,32,brier,0.2832595478610592
4650,4650,1626.0,,lab_hyperkalemia,lab_hyperkalemia,clinicalbert_type3_mean_pool,knn,2,32,auroc,0.5358089989283727
4651,4651,1627.0,,lab_hyperkalemia,lab_hyperkalemia,clinicalbert_type3_mean_pool,knn,2,32,auprc,0.0283525352036121
4652,4652,1628.0,,lab_hyperkalemia,lab_hyperkalemia,clinicalbert_type3_mean_pool,knn,2,32,brier,0.3195798947027022
4653,4653,1629.0,,lab_hyperkalemia,lab_hyperkalemia,clinicalbert_type3_mean_pool,knn,3,32,auroc,0.5086609431284869
4654,4654,1630.0,,lab_hyperkalemia,lab_hyperkalemia,clinicalbert_type3_mean_pool,knn,3,32,auprc,0.0248385832626518
4655,4655,1631.0,,lab_hyperkalemia,lab_hyperkalemia,clinicalbert_type3_mean_pool,knn,3,32,brier,0.5583868788588127
4656,4656,1632.0,,lab_hyperkalemia,lab_hyperkalemia,clinicalbert_type3_mean_pool,knn,4,32,auroc,0.4857810595664668
4657,4657,1633.0,,lab_hyperkalemia,lab_hyperkalemia,clinicalbert_type3_mean_pool,knn,4,32,auprc,0.0236861099431637
4658,4658,1634.0,,lab_hyperkalemia,lab_hyperkalemia,clinicalbert_type3_mean_pool,knn,4,32,brier,0.3970346165058119
4659,4659,1635.0,,lab_hyperkalemia,lab_hyperkalemia,clinicalbert_type3_mean_pool,knn,0,48,auroc,0.5269119152394245
4660,4660,1636.0,,lab_hyperkalemia,lab_hyperkalemia,clinicalbert_type3_mean_pool,knn,0,48,auprc,0.0258437056749502
4661,4661,1637.0,,lab_hyperkalemia,lab_hyperkalemia,clinicalbert_type3_mean_pool,knn,0,48,brier,0.2765764378740986
4662,4662,1638.0,,lab_hyperkalemia,lab_hyperkalemia,clinicalbert_type3_mean_pool,knn,1,48,auroc,0.5211866517040513
4663,4663,1639.0,,lab_hyperkalemia,lab_hyperkalemia,clinicalbert_type3_mean_pool,knn,1,48,auprc,0.0259036732090513
4664,4664,1640.0,,lab_hyperkalemia,lab_hyperkalemia,clinicalbert_type3_mean_pool,knn,1,48,brier,0.2589892769303009
4665,4665,1641.0,,lab_hyperkalemia,lab_hyperkalemia,clinicalbert_type3_mean_pool,knn,2,48,auroc,0.5415581531984373
4666,4666,1642.0,,lab_hyperkalemia,lab_hyperkalemia,clinicalbert_type3_mean_pool,knn,2,48,auprc,0.0272599828004183
4667,4667,1643.0,,lab_hyperkalemia,lab_hyperkalemia,clinicalbert_type3_mean_pool,knn,2,48,brier,0.3500428887876456
4668,4668,1644.0,,lab_hyperkalemia,lab_hyperkalemia,clinicalbert_type3_mean_pool,knn,3,48,auroc,0.5516296703795698
4669,4669,1645.0,,lab_hyperkalemia,lab_hyperkalemia,clinicalbert_type3_mean_pool,knn,3,48,auprc,0.0275287797200724
4670,4670,1646.0,,lab_hyperkalemia,lab_hyperkalemia,clinicalbert_type3_mean_pool,knn,3,48,brier,0.381911266095529
4671,4671,1647.0,,lab_hyperkalemia,lab_hyperkalemia,clinicalbert_type3_mean_pool,knn,4,48,auroc,0.5259685032346427
4672,4672,1648.0,,lab_hyperkalemia,lab_hyperkalemia,clinicalbert_type3_mean_pool,knn,4,48,auprc,0.0257548879321123
4673,4673,1649.0,,lab_hyperkalemia,lab_hyperkalemia,clinicalbert_type3_mean_pool,knn,4,48,brier,0.5937819113003315
4674,4674,1650.0,,lab_hyperkalemia,lab_hyperkalemia,clinicalbert_type3_mean_pool,knn,0,64,auroc,0.5268408803288592
4675,4675,1651.0,,lab_hyperkalemia,lab_hyperkalemia,clinicalbert_type3_mean_pool,knn,0,64,auprc,0.0264494508135259
4676,4676,1652.0,,lab_hyperkalemia,lab_hyperkalemia,clinicalbert_type3_mean_pool,knn,0,64,brier,0.24175199912023
4677,4677,1653.0,,lab_hyperkalemia,lab_hyperkalemia,clinicalbert_type3_mean_pool,knn,1,64,auroc,0.5292759632805366
4678,4678,1654.0,,lab_hyperkalemia,lab_hyperkalemia,clinicalbert_type3_mean_pool,knn,1,64,auprc,0.0264647583086674
4679,4679,1655.0,,lab_hyperkalemia,lab_hyperkalemia,clinicalbert_type3_mean_pool,knn,1,64,brier,0.2580038647039417
4680,4680,1656.0,,lab_hyperkalemia,lab_hyperkalemia,clinicalbert_type3_mean_pool,knn,2,64,auroc,0.5270288974575679
4681,4681,1657.0,,lab_hyperkalemia,lab_hyperkalemia,clinicalbert_type3_mean_pool,knn,2,64,auprc,0.0267071270580687
4682,4682,1658.0,,lab_hyperkalemia,lab_hyperkalemia,clinicalbert_type3_mean_pool,knn,2,64,brier,0.3862242680365942
4683,4683,1659.0,,lab_hyperkalemia,lab_hyperkalemia,clinicalbert_type3_mean_pool,knn,3,64,auroc,0.5213037945408837
4684,4684,1660.0,,lab_hyperkalemia,lab_hyperkalemia,clinicalbert_type3_mean_pool,knn,3,64,auprc,0.025509919638483
4685,4685,1661.0,,lab_hyperkalemia,lab_hyperkalemia,clinicalbert_type3_mean_pool,knn,3,64,brier,0.51474400263931
4686,4686,1662.0,,lab_hyperkalemia,lab_hyperkalemia,clinicalbert_type3_mean_pool,knn,4,64,auroc,0.531405285241901
4687,4687,1663.0,,lab_hyperkalemia,lab_hyperkalemia,clinicalbert_type3_mean_pool,knn,4,64,auprc,0.0260751112352646
4688,4688,1664.0,,lab_hyperkalemia,lab_hyperkalemia,clinicalbert_type3_mean_pool,knn,4,64,brier,0.5482852340031106
4689,4689,1665.0,,lab_hyperkalemia,lab_hyperkalemia,clinicalbert_type3_mean_pool,knn,0,128,auroc,0.5368190262391457
4690,4690,1666.0,,lab_hyperkalemia,lab_hyperkalemia,clinicalbert_type3_mean_pool,knn,0,128,auprc,0.0264532915377488
4691,4691,1667.0,,lab_hyperkalemia,lab_hyperkalemia,clinicalbert_type3_mean_pool,knn,0,128,brier,0.295206475386514
4692,4692,1668.0,,lab_hyperkalemia,lab_hyperkalemia,clinicalbert_type3_mean_pool,knn,1,128,auroc,0.5363189114537767
4693,4693,1669.0,,lab_hyperkalemia,lab_hyperkalemia,clinicalbert_type3_mean_pool,knn,1,128,auprc,0.0267980501271899
4694,4694,1670.0,,lab_hyperkalemia,lab_hyperkalemia,clinicalbert_type3_mean_pool,knn,1,128,brier,0.3244466089579438
4695,4695,1671.0,,lab_hyperkalemia,lab_hyperkalemia,clinicalbert_type3_mean_pool,knn,2,128,auroc,0.5309862466257899
4696,4696,1672.0,,lab_hyperkalemia,lab_hyperkalemia,clinicalbert_type3_mean_pool,knn,2,128,auprc,0.0264814129468019
4697,4697,1673.0,,lab_hyperkalemia,lab_hyperkalemia,clinicalbert_type3_mean_pool,knn,2,128,brier,0.3225437921229165
4698,4698,1674.0,,lab_hyperkalemia,lab_hyperkalemia,clinicalbert_type3_mean_pool,knn,3,128,auroc,0.4800150817840314
4699,4699,1675.0,,lab_hyperkalemia,lab_hyperkalemia,clinicalbert_type3_mean_pool,knn,3,128,auprc,0.0235335976387295
4700,4700,1676.0,,lab_hyperkalemia,lab_hyperkalemia,clinicalbert_type3_mean_pool,knn,3,128,brier,0.516959137825397
4701,4701,1677.0,,lab_hyperkalemia,lab_hyperkalemia,clinicalbert_type3_mean_pool,knn,4,128,auroc,0.5335317367918536
4702,4702,1678.0,,lab_hyperkalemia,lab_hyperkalemia,clinicalbert_type3_mean_pool,knn,4,128,auprc,0.026220368245997
4703,4703,1679.0,,lab_hyperkalemia,lab_hyperkalemia,clinicalbert_type3_mean_pool,knn,4,128,brier,0.4957818170392597
4704,4704,1680.0,,lab_hyperkalemia,lab_hyperkalemia,clinicalbert_type3_mean_pool,rf,0,-1,auroc,0.5913837337370728
4705,4705,1681.0,,lab_hyperkalemia,lab_hyperkalemia,clinicalbert_type3_mean_pool,rf,0,-1,auprc,0.0342724127229141
4706,4706,1682.0,,lab_hyperkalemia,lab_hyperkalemia,clinicalbert_type3_mean_pool,rf,0,-1,brier,0.0237668001656021
4707,4707,1683.0,,lab_hyperkalemia,lab_hyperkalemia,clinicalbert_type3_mean_pool,rf,0,1,auroc,0.4921482434646897
4708,4708,1684.0,,lab_hyperkalemia,lab_hyperkalemia,clinicalbert_type3_mean_pool,rf,0,1,auprc,0.0246009413660231
4709,4709,1685.0,,lab_hyperkalemia,lab_hyperkalemia,clinicalbert_type3_mean_pool,rf,0,1,brier,0.2109926245948083
4710,4710,1686.0,,lab_hyperkalemia,lab_hyperkalemia,clinicalbert_type3_mean_pool,rf,1,1,auroc,0.5128389668317848
4711,4711,1687.0,,lab_hyperkalemia,lab_hyperkalemia,clinicalbert_type3_mean_pool,rf,1,1,auprc,0.0258045785008805
4712,4712,1688.0,,lab_hyperkalemia,lab_hyperkalemia,clinicalbert_type3_mean_pool,rf,1,1,brier,0.2356638273137165
4713,4713,1689.0,,lab_hyperkalemia,lab_hyperkalemia,clinicalbert_type3_mean_pool,rf,2,1,auroc,0.507652247398459
4714,4714,1690.0,,lab_hyperkalemia,lab_hyperkalemia,clinicalbert_type3_mean_pool,rf,2,1,auprc,0.025152570223663
4715,4715,1691.0,,lab_hyperkalemia,lab_hyperkalemia,clinicalbert_type3_mean_pool,rf,2,1,brier,0.2820475468556077
4716,4716,1692.0,,lab_hyperkalemia,lab_hyperkalemia,clinicalbert_type3_mean_pool,rf,3,1,auroc,0.5133959354518463
4717,4717,1693.0,,lab_hyperkalemia,lab_hyperkalemia,clinicalbert_type3_mean_pool,rf,3,1,auprc,0.0258046860693791
4718,4718,1694.0,,lab_hyperkalemia,lab_hyperkalemia,clinicalbert_type3_mean_pool,rf,3,1,brier,0.2808434794903618
4719,4719,1695.0,,lab_hyperkalemia,lab_hyperkalemia,clinicalbert_type3_mean_pool,rf,4,1,auroc,0.5096723279262451
4720,4720,1696.0,,lab_hyperkalemia,lab_hyperkalemia,clinicalbert_type3_mean_pool,rf,4,1,auprc,0.0253627441978172
4721,4721,1697.0,,lab_hyperkalemia,lab_hyperkalemia,clinicalbert_type3_mean_pool,rf,4,1,brier,0.1741935933891568
4722,4722,1698.0,,lab_hyperkalemia,lab_hyperkalemia,clinicalbert_type3_mean_pool,rf,0,2,auroc,0.5189968283093777
4723,4723,1699.0,,lab_hyperkalemia,lab_hyperkalemia,clinicalbert_type3_mean_pool,rf,0,2,auprc,0.0263461762263144
4724,4724,1700.0,,lab_hyperkalemia,lab_hyperkalemia,clinicalbert_type3_mean_pool,rf,0,2,brier,0.2007960778666276
4725,4725,1701.0,,lab_hyperkalemia,lab_hyperkalemia,clinicalbert_type3_mean_pool,rf,1,2,auroc,0.5173868228386015
4726,4726,1702.0,,lab_hyperkalemia,lab_hyperkalemia,clinicalbert_type3_mean_pool,rf,1,2,auprc,0.0269018468511602
4727,4727,1703.0,,lab_hyperkalemia,lab_hyperkalemia,clinicalbert_type3_mean_pool,rf,1,2,brier,0.2463096680439256
4728,4728,1704.0,,lab_hyperkalemia,lab_hyperkalemia,clinicalbert_type3_mean_pool,rf,2,2,auroc,0.5147191225751268
4729,4729,1705.0,,lab_hyperkalemia,lab_hyperkalemia,clinicalbert_type3_mean_pool,rf,2,2,auprc,0.0247437714520191
4730,4730,1706.0,,lab_hyperkalemia,lab_hyperkalemia,clinicalbert_type3_mean_pool,rf,2,2,brier,0.3031795830518594
4731,4731,1707.0,,lab_hyperkalemia,lab_hyperkalemia,clinicalbert_type3_mean_pool,rf,3,2,auroc,0.479854919044761
4732,4732,1708.0,,lab_hyperkalemia,lab_hyperkalemia,clinicalbert_type3_mean_pool,rf,3,2,auprc,0.0231970516784316
4733,4733,1709.0,,lab_hyperkalemia,lab_hyperkalemia,clinicalbert_type3_mean_pool,rf,3,2,brier,0.2537426358537696
4734,4734,1710.0,,lab_hyperkalemia,lab_hyperkalemia,clinicalbert_type3_mean_pool,rf,4,2,auroc,0.4845778960539262
4735,4735,1711.0,,lab_hyperkalemia,lab_hyperkalemia,clinicalbert_type3_mean_pool,rf,4,2,auprc,0.0240819304397873
4736,4736,1712.0,,lab_hyperkalemia,lab_hyperkalemia,clinicalbert_type3_mean_pool,rf,4,2,brier,0.1822804361145586
4737,4737,1713.0,,lab_hyperkalemia,lab_hyperkalemia,clinicalbert_type3_mean_pool,rf,0,4,auroc,0.5008938637298193
4738,4738,1714.0,,lab_hyperkalemia,lab_hyperkalemia,clinicalbert_type3_mean_pool,rf,0,4,auprc,0.0252448868956732
4739,4739,1715.0,,lab_hyperkalemia,lab_hyperkalemia,clinicalbert_type3_mean_pool,rf,0,4,brier,0.3328212338774292
4740,4740,1716.0,,lab_hyperkalemia,lab_hyperkalemia,clinicalbert_type3_mean_pool,rf,1,4,auroc,0.5397164941279984
4741,4741,1717.0,,lab_hyperkalemia,lab_hyperkalemia,clinicalbert_type3_mean_pool,rf,1,4,auprc,0.027642442836627
4742,4742,1718.0,,lab_hyperkalemia,lab_hyperkalemia,clinicalbert_type3_mean_pool,rf,1,4,brier,0.2044419744552496
4743,4743,1719.0,,lab_hyperkalemia,lab_hyperkalemia,clinicalbert_type3_mean_pool,rf,2,4,auroc,0.5387916309911832
4744,4744,1720.0,,lab_hyperkalemia,lab_hyperkalemia,clinicalbert_type3_mean_pool,rf,2,4,auprc,0.0267115031419831
4745,4745,1721.0,,lab_hyperkalemia,lab_hyperkalemia,clinicalbert_type3_mean_pool,rf,2,4,brier,0.2618882063689064
4746,4746,1722.0,,lab_hyperkalemia,lab_hyperkalemia,clinicalbert_type3_mean_pool,rf,3,4,auroc,0.476287184185057
4747,4747,1723.0,,lab_hyperkalemia,lab_hyperkalemia,clinicalbert_type3_mean_pool,rf,3,4,auprc,0.0234917093126769
4748,4748,1724.0,,lab_hyperkalemia,lab_hyperkalemia,clinicalbert_type3_mean_pool,rf,3,4,brier,0.2115036941612248
4749,4749,1725.0,,lab_hyperkalemia,lab_hyperkalemia,clinicalbert_type3_mean_pool,rf,4,4,auroc,0.4605593503361583
4750,4750,1726.0,,lab_hyperkalemia,lab_hyperkalemia,clinicalbert_type3_mean_pool,rf,4,4,auprc,0.0222433641159538
4751,4751,1727.0,,lab_hyperkalemia,lab_hyperkalemia,clinicalbert_type3_mean_pool,rf,4,4,brier,0.3657200760372646
4752,4752,1728.0,,lab_hyperkalemia,lab_hyperkalemia,clinicalbert_type3_mean_pool,rf,0,8,auroc,0.507110408022661
4753,4753,1729.0,,lab_hyperkalemia,lab_hyperkalemia,clinicalbert_type3_mean_pool,rf,0,8,auprc,0.0256842264823166
4754,4754,1730.0,,lab_hyperkalemia,lab_hyperkalemia,clinicalbert_type3_mean_pool,rf,0,8,brier,0.268263239753036
4755,4755,1731.0,,lab_hyperkalemia,lab_hyperkalemia,clinicalbert_type3_mean_pool,rf,1,8,auroc,0.5518406870683075
4756,4756,1732.0,,lab_hyperkalemia,lab_hyperkalemia,clinicalbert_type3_mean_pool,rf,1,8,auprc,0.027075426611788
4757,4757,1733.0,,lab_hyperkalemia,lab_hyperkalemia,clinicalbert_type3_mean_pool,rf,1,8,brier,0.2609884198091387
4758,4758,1734.0,,lab_hyperkalemia,lab_hyperkalemia,clinicalbert_type3_mean_pool,rf,2,8,auroc,0.5468248451951894
4759,4759,1735.0,,lab_hyperkalemia,lab_hyperkalemia,clinicalbert_type3_mean_pool,rf,2,8,auprc,0.0273265472933072
4760,4760,1736.0,,lab_hyperkalemia,lab_hyperkalemia,clinicalbert_type3_mean_pool,rf,2,8,brier,0.2978651501107568
4761,4761,1737.0,,lab_hyperkalemia,lab_hyperkalemia,clinicalbert_type3_mean_pool,rf,3,8,auroc,0.5038032692141454
4762,4762,1738.0,,lab_hyperkalemia,lab_hyperkalemia,clinicalbert_type3_mean_pool,rf,3,8,auprc,0.027449582431573
4763,4763,1739.0,,lab_hyperkalemia,lab_hyperkalemia,clinicalbert_type3_mean_pool,rf,3,8,brier,0.2270247278211553
4764,4764,1740.0,,lab_hyperkalemia,lab_hyperkalemia,clinicalbert_type3_mean_pool,rf,4,8,auroc,0.4620496378898285
4765,4765,1741.0,,lab_hyperkalemia,lab_hyperkalemia,clinicalbert_type3_mean_pool,rf,4,8,auprc,0.0225353583865144
4766,4766,1742.0,,lab_hyperkalemia,lab_hyperkalemia,clinicalbert_type3_mean_pool,rf,4,8,brier,0.3668695898072362
4767,4767,1743.0,,lab_hyperkalemia,lab_hyperkalemia,clinicalbert_type3_mean_pool,rf,0,12,auroc,0.4705284653311192
4768,4768,1744.0,,lab_hyperkalemia,lab_hyperkalemia,clinicalbert_type3_mean_pool,rf,0,12,auprc,0.022223769048211
4769,4769,1745.0,,lab_hyperkalemia,lab_hyperkalemia,clinicalbert_type3_mean_pool,rf,0,12,brier,0.2748524091558921
4770,4770,1746.0,,lab_hyperkalemia,lab_hyperkalemia,clinicalbert_type3_mean_pool,rf,1,12,auroc,0.4723738756251356
4771,4771,1747.0,,lab_hyperkalemia,lab_hyperkalemia,clinicalbert_type3_mean_pool,rf,1,12,auprc,0.0233514508793631
4772,4772,1748.0,,lab_hyperkalemia,lab_hyperkalemia,clinicalbert_type3_mean_pool,rf,1,12,brier,0.2617374279295555
4773,4773,1749.0,,lab_hyperkalemia,lab_hyperkalemia,clinicalbert_type3_mean_pool,rf,2,12,auroc,0.5425560253013191
4774,4774,1750.0,,lab_hyperkalemia,lab_hyperkalemia,clinicalbert_type3_mean_pool,rf,2,12,auprc,0.0273218153329584
4775,4775,1751.0,,lab_hyperkalemia,lab_hyperkalemia,clinicalbert_type3_mean_pool,rf,2,12,brier,0.2714867578904371
4776,4776,1752.0,,lab_hyperkalemia,lab_hyperkalemia,clinicalbert_type3_mean_pool,rf,3,12,auroc,0.5157137667604824
4777,4777,1753.0,,lab_hyperkalemia,lab_hyperkalemia,clinicalbert_type3_mean_pool,rf,3,12,auprc,0.0247000664676875
4778,4778,1754.0,,lab_hyperkalemia,lab_hyperkalemia,clinicalbert_type3_mean_pool,rf,3,12,brier,0.2586442508601323
4779,4779,1755.0,,lab_hyperkalemia,lab_hyperkalemia,clinicalbert_type3_mean_pool,rf,4,12,auroc,0.5062269896888812
4780,4780,1756.0,,lab_hyperkalemia,lab_hyperkalemia,clinicalbert_type3_mean_pool,rf,4,12,auprc,0.0248141234218841
4781,4781,1757.0,,lab_hyperkalemia,lab_hyperkalemia,clinicalbert_type3_mean_pool,rf,4,12,brier,0.3392452830188679
4782,4782,1758.0,,lab_hyperkalemia,lab_hyperkalemia,clinicalbert_type3_mean_pool,rf,0,16,auroc,0.4988698143660382
4783,4783,1759.0,,lab_hyperkalemia,lab_hyperkalemia,clinicalbert_type3_mean_pool,rf,0,16,auprc,0.0277287493610484
4784,4784,1760.0,,lab_hyperkalemia,lab_hyperkalemia,clinicalbert_type3_mean_pool,rf,0,16,brier,0.2897085384820825
4785,4785,1761.0,,lab_hyperkalemia,lab_hyperkalemia,clinicalbert_type3_mean_pool,rf,1,16,auroc,0.4740197767823011
4786,4786,1762.0,,lab_hyperkalemia,lab_hyperkalemia,clinicalbert_type3_mean_pool,rf,1,16,auprc,0.0223441091234959
4787,4787,1763.0,,lab_hyperkalemia,lab_hyperkalemia,clinicalbert_type3_mean_pool,rf,1,16,brier,0.2643997533501956
4788,4788,1764.0,,lab_hyperkalemia,lab_hyperkalemia,clinicalbert_type3_mean_pool,rf,2,16,auroc,0.5403024570120659
4789,4789,1765.0,,lab_hyperkalemia,lab_hyperkalemia,clinicalbert_type3_mean_pool,rf,2,16,auprc,0.027890335649736
4790,4790,1766.0,,lab_hyperkalemia,lab_hyperkalemia,clinicalbert_type3_mean_pool,rf,2,16,brier,0.2531068449248269
4791,4791,1767.0,,lab_hyperkalemia,lab_hyperkalemia,clinicalbert_type3_mean_pool,rf,3,16,auroc,0.5259311671612996
4792,4792,1768.0,,lab_hyperkalemia,lab_hyperkalemia,clinicalbert_type3_mean_pool,rf,3,16,auprc,0.0251006031210844
4793,4793,1769.0,,lab_hyperkalemia,lab_hyperkalemia,clinicalbert_type3_mean_pool,rf,3,16,brier,0.2908098597081049
4794,4794,1770.0,,lab_hyperkalemia,lab_hyperkalemia,clinicalbert_type3_mean_pool,rf,4,16,auroc,0.4292171934203206
4795,4795,1771.0,,lab_hyperkalemia,lab_hyperkalemia,clinicalbert_type3_mean_pool,rf,4,16,auprc,0.0208124761509222
4796,4796,1772.0,,lab_hyperkalemia,lab_hyperkalemia,clinicalbert_type3_mean_pool,rf,4,16,brier,0.4074834989569301
4797,4797,1773.0,,lab_hyperkalemia,lab_hyperkalemia,clinicalbert_type3_mean_pool,rf,0,24,auroc,0.5403181561936131
4798,4798,1774.0,,lab_hyperkalemia,lab_hyperkalemia,clinicalbert_type3_mean_pool,rf,0,24,auprc,0.0357314840370393
4799,4799,1775.0,,lab_hyperkalemia,lab_hyperkalemia,clinicalbert_type3_mean_pool,rf,0,24,brier,0.2289616668150405
4800,4800,1776.0,,lab_hyperkalemia,lab_hyperkalemia,clinicalbert_type3_mean_pool,rf,1,24,auroc,0.4833648208138941
4801,4801,1777.0,,lab_hyperkalemia,lab_hyperkalemia,clinicalbert_type3_mean_pool,rf,1,24,auprc,0.0236256644611585
4802,4802,1778.0,,lab_hyperkalemia,lab_hyperkalemia,clinicalbert_type3_mean_pool,rf,1,24,brier,0.245649851538812
4803,4803,1779.0,,lab_hyperkalemia,lab_hyperkalemia,clinicalbert_type3_mean_pool,rf,2,24,auroc,0.5406386319283467
4804,4804,1780.0,,lab_hyperkalemia,lab_hyperkalemia,clinicalbert_type3_mean_pool,rf,2,24,auprc,0.0283950490625156
4805,4805,1781.0,,lab_hyperkalemia,lab_hyperkalemia,clinicalbert_type3_mean_pool,rf,2,24,brier,0.2560796191852701
4806,4806,1782.0,,lab_hyperkalemia,lab_hyperkalemia,clinicalbert_type3_mean_pool,rf,3,24,auroc,0.5628009903561845
4807,4807,1783.0,,lab_hyperkalemia,lab_hyperkalemia,clinicalbert_type3_mean_pool,rf,3,24,auprc,0.0293093955518407
4808,4808,1784.0,,lab_hyperkalemia,lab_hyperkalemia,clinicalbert_type3_mean_pool,rf,3,24,brier,0.2744245361569761
4809,4809,1785.0,,lab_hyperkalemia,lab_hyperkalemia,clinicalbert_type3_mean_pool,rf,4,24,auroc,0.4435989390296223
4810,4810,1786.0,,lab_hyperkalemia,lab_hyperkalemia,clinicalbert_type3_mean_pool,rf,4,24,auprc,0.0208355821253821
4811,4811,1787.0,,lab_hyperkalemia,lab_hyperkalemia,clinicalbert_type3_mean_pool,rf,4,24,brier,0.2903081158782775
4812,4812,1788.0,,lab_hyperkalemia,lab_hyperkalemia,clinicalbert_type3_mean_pool,rf,0,32,auroc,0.5439423148444227
4813,4813,1789.0,,lab_hyperkalemia,lab_hyperkalemia,clinicalbert_type3_mean_pool,rf,0,32,auprc,0.0298490802469572
4814,4814,1790.0,,lab_hyperkalemia,lab_hyperkalemia,clinicalbert_type3_mean_pool,rf,0,32,brier,0.253751119350227
4815,4815,1791.0,,lab_hyperkalemia,lab_hyperkalemia,clinicalbert_type3_mean_pool,rf,1,32,auroc,0.5338079957558531
4816,4816,1792.0,,lab_hyperkalemia,lab_hyperkalemia,clinicalbert_type3_mean_pool,rf,1,32,auprc,0.0260171165351296
4817,4817,1793.0,,lab_hyperkalemia,lab_hyperkalemia,clinicalbert_type3_mean_pool,rf,1,32,brier,0.2317093067098173
4818,4818,1794.0,,lab_hyperkalemia,lab_hyperkalemia,clinicalbert_type3_mean_pool,rf,2,32,auroc,0.5330379742165761
4819,4819,1795.0,,lab_hyperkalemia,lab_hyperkalemia,clinicalbert_type3_mean_pool,rf,2,32,auprc,0.0323023244780132
4820,4820,1796.0,,lab_hyperkalemia,lab_hyperkalemia,clinicalbert_type3_mean_pool,rf,2,32,brier,0.2365252164077105
4821,4821,1797.0,,lab_hyperkalemia,lab_hyperkalemia,clinicalbert_type3_mean_pool,rf,3,32,auroc,0.5287489008241354
4822,4822,1798.0,,lab_hyperkalemia,lab_hyperkalemia,clinicalbert_type3_mean_pool,rf,3,32,auprc,0.0278799611666213
4823,4823,1799.0,,lab_hyperkalemia,lab_hyperkalemia,clinicalbert_type3_mean_pool,rf,3,32,brier,0.2910822742054577
4824,4824,1800.0,,lab_hyperkalemia,lab_hyperkalemia,clinicalbert_type3_mean_pool,rf,4,32,auroc,0.473182720255942
4825,4825,1801.0,,lab_hyperkalemia,lab_hyperkalemia,clinicalbert_type3_mean_pool,rf,4,32,auprc,0.02307853131241
4826,4826,1802.0,,lab_hyperkalemia,lab_hyperkalemia,clinicalbert_type3_mean_pool,rf,4,32,brier,0.2286907393043116
4827,4827,1803.0,,lab_hyperkalemia,lab_hyperkalemia,clinicalbert_type3_mean_pool,rf,0,48,auroc,0.5081225492826323
4828,4828,1804.0,,lab_hyperkalemia,lab_hyperkalemia,clinicalbert_type3_mean_pool,rf,0,48,auprc,0.0251473912811309
4829,4829,1805.0,,lab_hyperkalemia,lab_hyperkalemia,clinicalbert_type3_mean_pool,rf,0,48,brier,0.2546508805555119
4830,4830,1806.0,,lab_hyperkalemia,lab_hyperkalemia,clinicalbert_type3_mean_pool,rf,1,48,auroc,0.5341412069982578
4831,4831,1807.0,,lab_hyperkalemia,lab_hyperkalemia,clinicalbert_type3_mean_pool,rf,1,48,auprc,0.0269796201925047
4832,4832,1808.0,,lab_hyperkalemia,lab_hyperkalemia,clinicalbert_type3_mean_pool,rf,1,48,brier,0.2382227785899405
4833,4833,1809.0,,lab_hyperkalemia,lab_hyperkalemia,clinicalbert_type3_mean_pool,rf,2,48,auroc,0.5467438104759157
4834,4834,1810.0,,lab_hyperkalemia,lab_hyperkalemia,clinicalbert_type3_mean_pool,rf,2,48,auprc,0.0276988460870626
4835,4835,1811.0,,lab_hyperkalemia,lab_hyperkalemia,clinicalbert_type3_mean_pool,rf,2,48,brier,0.2471837933797307
4836,4836,1812.0,,lab_hyperkalemia,lab_hyperkalemia,clinicalbert_type3_mean_pool,rf,3,48,auroc,0.5629285837703043
4837,4837,1813.0,,lab_hyperkalemia,lab_hyperkalemia,clinicalbert_type3_mean_pool,rf,3,48,auprc,0.0315266786061669
4838,4838,1814.0,,lab_hyperkalemia,lab_hyperkalemia,clinicalbert_type3_mean_pool,rf,3,48,brier,0.2608367241135532
4839,4839,1815.0,,lab_hyperkalemia,lab_hyperkalemia,clinicalbert_type3_mean_pool,rf,4,48,auroc,0.5254891134414155
4840,4840,1816.0,,lab_hyperkalemia,lab_hyperkalemia,clinicalbert_type3_mean_pool,rf,4,48,auprc,0.0256324544208721
4841,4841,1817.0,,lab_hyperkalemia,lab_hyperkalemia,clinicalbert_type3_mean_pool,rf,4,48,brier,0.245456156033494
4842,4842,1818.0,,lab_hyperkalemia,lab_hyperkalemia,clinicalbert_type3_mean_pool,rf,0,64,auroc,0.5226867007290203
4843,4843,1819.0,,lab_hyperkalemia,lab_hyperkalemia,clinicalbert_type3_mean_pool,rf,0,64,auprc,0.0250699068618122
4844,4844,1820.0,,lab_hyperkalemia,lab_hyperkalemia,clinicalbert_type3_mean_pool,rf,0,64,brier,0.2132052539895275
4845,4845,1821.0,,lab_hyperkalemia,lab_hyperkalemia,clinicalbert_type3_mean_pool,rf,1,64,auroc,0.51479717807678
4846,4846,1822.0,,lab_hyperkalemia,lab_hyperkalemia,clinicalbert_type3_mean_pool,rf,1,64,auprc,0.0269991739554105
4847,4847,1823.0,,lab_hyperkalemia,lab_hyperkalemia,clinicalbert_type3_mean_pool,rf,1,64,brier,0.2207431307243963
4848,4848,1824.0,,lab_hyperkalemia,lab_hyperkalemia,clinicalbert_type3_mean_pool,rf,2,64,auroc,0.5312751063850115
4849,4849,1825.0,,lab_hyperkalemia,lab_hyperkalemia,clinicalbert_type3_mean_pool,rf,2,64,auprc,0.0265553681311974
4850,4850,1826.0,,lab_hyperkalemia,lab_hyperkalemia,clinicalbert_type3_mean_pool,rf,2,64,brier,0.2331980817871899
4851,4851,1827.0,,lab_hyperkalemia,lab_hyperkalemia,clinicalbert_type3_mean_pool,rf,3,64,auroc,0.5971771462278554
4852,4852,1828.0,,lab_hyperkalemia,lab_hyperkalemia,clinicalbert_type3_mean_pool,rf,3,64,auprc,0.0348262581995277
4853,4853,1829.0,,lab_hyperkalemia,lab_hyperkalemia,clinicalbert_type3_mean_pool,rf,3,64,brier,0.2201761111023832
4854,4854,1830.0,,lab_hyperkalemia,lab_hyperkalemia,clinicalbert_type3_mean_pool,rf,4,64,auroc,0.5415196513442861
4855,4855,1831.0,,lab_hyperkalemia,lab_hyperkalemia,clinicalbert_type3_mean_pool,rf,4,64,auprc,0.0280904931581592
4856,4856,1832.0,,lab_hyperkalemia,lab_hyperkalemia,clinicalbert_type3_mean_pool,rf,4,64,brier,0.2338591174021648
4857,4857,1833.0,,lab_hyperkalemia,lab_hyperkalemia,clinicalbert_type3_mean_pool,rf,0,128,auroc,0.5766225394278987
4858,4858,1834.0,,lab_hyperkalemia,lab_hyperkalemia,clinicalbert_type3_mean_pool,rf,0,128,auprc,0.037663959618499
4859,4859,1835.0,,lab_hyperkalemia,lab_hyperkalemia,clinicalbert_type3_mean_pool,rf,0,128,brier,0.2248032888254107
4860,4860,1836.0,,lab_hyperkalemia,lab_hyperkalemia,clinicalbert_type3_mean_pool,rf,1,128,auroc,0.5364910480572569
4861,4861,1837.0,,lab_hyperkalemia,lab_hyperkalemia,clinicalbert_type3_mean_pool,rf,1,128,auprc,0.0278346475750448
4862,4862,1838.0,,lab_hyperkalemia,lab_hyperkalemia,clinicalbert_type3_mean_pool,rf,1,128,brier,0.2339293523415274
4863,4863,1839.0,,lab_hyperkalemia,lab_hyperkalemia,clinicalbert_type3_mean_pool,rf,2,128,auroc,0.5762764216966378
4864,4864,1840.0,,lab_hyperkalemia,lab_hyperkalemia,clinicalbert_type3_mean_pool,rf,2,128,auprc,0.0330777630160973
4865,4865,1841.0,,lab_hyperkalemia,lab_hyperkalemia,clinicalbert_type3_mean_pool,rf,2,128,brier,0.2317431335173169
4866,4866,1842.0,,lab_hyperkalemia,lab_hyperkalemia,clinicalbert_type3_mean_pool,rf,3,128,auroc,0.583739439554348
4867,4867,1843.0,,lab_hyperkalemia,lab_hyperkalemia,clinicalbert_type3_mean_pool,rf,3,128,auprc,0.0343877271005604
4868,4868,1844.0,,lab_hyperkalemia,lab_hyperkalemia,clinicalbert_type3_mean_pool,rf,3,128,brier,0.2356586944539107
4869,4869,1845.0,,lab_hyperkalemia,lab_hyperkalemia,clinicalbert_type3_mean_pool,rf,4,128,auroc,0.5870079780649999
4870,4870,1846.0,,lab_hyperkalemia,lab_hyperkalemia,clinicalbert_type3_mean_pool,rf,4,128,auprc,0.0315603336496294
4871,4871,1847.0,,lab_hyperkalemia,lab_hyperkalemia,clinicalbert_type3_mean_pool,rf,4,128,brier,0.2159340879455799
4872,4872,1848.0,,lab_hyperkalemia,lab_hyperkalemia,clinicalbert_type3_clinicalbert_pool,lr_lbfgs,0,-1,auroc,0.6247253809010037
4873,4873,1849.0,,lab_hyperkalemia,lab_hyperkalemia,clinicalbert_type3_clinicalbert_pool,lr_lbfgs,0,-1,auprc,0.0416752083351089
4874,4874,1850.0,,lab_hyperkalemia,lab_hyperkalemia,clinicalbert_type3_clinicalbert_pool,lr_lbfgs,0,-1,brier,0.0239398995313538
4875,4875,1851.0,,lab_hyperkalemia,lab_hyperkalemia,clinicalbert_type3_clinicalbert_pool,lr_lbfgs,0,1,auroc,0.5138996045733675
4876,4876,1852.0,,lab_hyperkalemia,lab_hyperkalemia,clinicalbert_type3_clinicalbert_pool,lr_lbfgs,0,1,auprc,0.0269024112639982
4877,4877,1853.0,,lab_hyperkalemia,lab_hyperkalemia,clinicalbert_type3_clinicalbert_pool,lr_lbfgs,0,1,brier,0.2499980130050057
4878,4878,1854.0,,lab_hyperkalemia,lab_hyperkalemia,clinicalbert_type3_clinicalbert_pool,lr_lbfgs,1,1,auroc,0.5505314841334745
4879,4879,1855.0,,lab_hyperkalemia,lab_hyperkalemia,clinicalbert_type3_clinicalbert_pool,lr_lbfgs,1,1,auprc,0.0277588210754271
4880,4880,1856.0,,lab_hyperkalemia,lab_hyperkalemia,clinicalbert_type3_clinicalbert_pool,lr_lbfgs,1,1,brier,0.2499970920415997
4881,4881,1857.0,,lab_hyperkalemia,lab_hyperkalemia,clinicalbert_type3_clinicalbert_pool,lr_lbfgs,2,1,auroc,0.5364539710463155
4882,4882,1858.0,,lab_hyperkalemia,lab_hyperkalemia,clinicalbert_type3_clinicalbert_pool,lr_lbfgs,2,1,auprc,0.0272213144220049
4883,4883,1859.0,,lab_hyperkalemia,lab_hyperkalemia,clinicalbert_type3_clinicalbert_pool,lr_lbfgs,2,1,brier,0.2499972989852113
4884,4884,1860.0,,lab_hyperkalemia,lab_hyperkalemia,clinicalbert_type3_clinicalbert_pool,lr_lbfgs,3,1,auroc,0.5327715544425958
4885,4885,1861.0,,lab_hyperkalemia,lab_hyperkalemia,clinicalbert_type3_clinicalbert_pool,lr_lbfgs,3,1,auprc,0.0269660210235809
4886,4886,1862.0,,lab_hyperkalemia,lab_hyperkalemia,clinicalbert_type3_clinicalbert_pool,lr_lbfgs,3,1,brier,0.2499948631434912
4887,4887,1863.0,,lab_hyperkalemia,lab_hyperkalemia,clinicalbert_type3_clinicalbert_pool,lr_lbfgs,4,1,auroc,0.5347180560670312
4888,4888,1864.0,,lab_hyperkalemia,lab_hyperkalemia,clinicalbert_type3_clinicalbert_pool,lr_lbfgs,4,1,auprc,0.0266952909513305
4889,4889,1865.0,,lab_hyperkalemia,lab_hyperkalemia,clinicalbert_type3_clinicalbert_pool,lr_lbfgs,4,1,brier,0.2499932215826617
4890,4890,1866.0,,lab_hyperkalemia,lab_hyperkalemia,clinicalbert_type3_clinicalbert_pool,lr_lbfgs,0,2,auroc,0.5138020105853727
4891,4891,1867.0,,lab_hyperkalemia,lab_hyperkalemia,clinicalbert_type3_clinicalbert_pool,lr_lbfgs,0,2,auprc,0.0266252502134581
4892,4892,1868.0,,lab_hyperkalemia,lab_hyperkalemia,clinicalbert_type3_clinicalbert_pool,lr_lbfgs,0,2,brier,0.2499980084205163
4893,4893,1869.0,,lab_hyperkalemia,lab_hyperkalemia,clinicalbert_type3_clinicalbert_pool,lr_lbfgs,1,2,auroc,0.5402009874505406
4894,4894,1870.0,,lab_hyperkalemia,lab_hyperkalemia,clinicalbert_type3_clinicalbert_pool,lr_lbfgs,1,2,auprc,0.02805379804043
4895,4895,1871.0,,lab_hyperkalemia,lab_hyperkalemia,clinicalbert_type3_clinicalbert_pool,lr_lbfgs,1,2,brier,0.2500006398022272
4896,4896,1872.0,,lab_hyperkalemia,lab_hyperkalemia,clinicalbert_type3_clinicalbert_pool,lr_lbfgs,2,2,auroc,0.5404070456849085
4897,4897,1873.0,,lab_hyperkalemia,lab_hyperkalemia,clinicalbert_type3_clinicalbert_pool,lr_lbfgs,2,2,auprc,0.0273302408021182
4898,4898,1874.0,,lab_hyperkalemia,lab_hyperkalemia,clinicalbert_type3_clinicalbert_pool,lr_lbfgs,2,2,brier,0.2499976934414355
4899,4899,1875.0,,lab_hyperkalemia,lab_hyperkalemia,clinicalbert_type3_clinicalbert_pool,lr_lbfgs,3,2,auroc,0.4983451041962451
4900,4900,1876.0,,lab_hyperkalemia,lab_hyperkalemia,clinicalbert_type3_clinicalbert_pool,lr_lbfgs,3,2,auprc,0.0245148272874699
4901,4901,1877.0,,lab_hyperkalemia,lab_hyperkalemia,clinicalbert_type3_clinicalbert_pool,lr_lbfgs,3,2,brier,0.2499974065184342
4902,4902,1878.0,,lab_hyperkalemia,lab_hyperkalemia,clinicalbert_type3_clinicalbert_pool,lr_lbfgs,4,2,auroc,0.501239235361363
4903,4903,1879.0,,lab_hyperkalemia,lab_hyperkalemia,clinicalbert_type3_clinicalbert_pool,lr_lbfgs,4,2,auprc,0.0255380827616211
4904,4904,1880.0,,lab_hyperkalemia,lab_hyperkalemia,clinicalbert_type3_clinicalbert_pool,lr_lbfgs,4,2,brier,0.1753091367411497
4905,4905,1881.0,,lab_hyperkalemia,lab_hyperkalemia,clinicalbert_type3_clinicalbert_pool,lr_lbfgs,0,4,auroc,0.5122440714761042
4906,4906,1882.0,,lab_hyperkalemia,lab_hyperkalemia,clinicalbert_type3_clinicalbert_pool,lr_lbfgs,0,4,auprc,0.0244021545162105
4907,4907,1883.0,,lab_hyperkalemia,lab_hyperkalemia,clinicalbert_type3_clinicalbert_pool,lr_lbfgs,0,4,brier,0.2499999384147271
4908,4908,1884.0,,lab_hyperkalemia,lab_hyperkalemia,clinicalbert_type3_clinicalbert_pool,lr_lbfgs,1,4,auroc,0.5344504756934909
4909,4909,1885.0,,lab_hyperkalemia,lab_hyperkalemia,clinicalbert_type3_clinicalbert_pool,lr_lbfgs,1,4,auprc,0.0281440988677938
4910,4910,1886.0,,lab_hyperkalemia,lab_hyperkalemia,clinicalbert_type3_clinicalbert_pool,lr_lbfgs,1,4,brier,0.249992861866605
4911,4911,1887.0,,lab_hyperkalemia,lab_hyperkalemia,clinicalbert_type3_clinicalbert_pool,lr_lbfgs,2,4,auroc,0.5373443996086873
4912,4912,1888.0,,lab_hyperkalemia,lab_hyperkalemia,clinicalbert_type3_clinicalbert_pool,lr_lbfgs,2,4,auprc,0.0272520039179554
4913,4913,1889.0,,lab_hyperkalemia,lab_hyperkalemia,clinicalbert_type3_clinicalbert_pool,lr_lbfgs,2,4,brier,0.2499987155055921
4914,4914,1890.0,,lab_hyperkalemia,lab_hyperkalemia,clinicalbert_type3_clinicalbert_pool,lr_lbfgs,3,4,auroc,0.4973069375273919
4915,4915,1891.0,,lab_hyperkalemia,lab_hyperkalemia,clinicalbert_type3_clinicalbert_pool,lr_lbfgs,3,4,auprc,0.025646253790247
4916,4916,1892.0,,lab_hyperkalemia,lab_hyperkalemia,clinicalbert_type3_clinicalbert_pool,lr_lbfgs,3,4,brier,0.249998950004179
4917,4917,1893.0,,lab_hyperkalemia,lab_hyperkalemia,clinicalbert_type3_clinicalbert_pool,lr_lbfgs,4,4,auroc,0.44999490994193
4918,4918,1894.0,,lab_hyperkalemia,lab_hyperkalemia,clinicalbert_type3_clinicalbert_pool,lr_lbfgs,4,4,auprc,0.0209182963904203
4919,4919,1895.0,,lab_hyperkalemia,lab_hyperkalemia,clinicalbert_type3_clinicalbert_pool,lr_lbfgs,4,4,brier,0.2671730827778852
4920,4920,1896.0,,lab_hyperkalemia,lab_hyperkalemia,clinicalbert_type3_clinicalbert_pool,lr_lbfgs,0,8,auroc,0.4614124842751713
4921,4921,1897.0,,lab_hyperkalemia,lab_hyperkalemia,clinicalbert_type3_clinicalbert_pool,lr_lbfgs,0,8,auprc,0.0219482705977077
4922,4922,1898.0,,lab_hyperkalemia,lab_hyperkalemia,clinicalbert_type3_clinicalbert_pool,lr_lbfgs,0,8,brier,0.2499999762475806
4923,4923,1899.0,,lab_hyperkalemia,lab_hyperkalemia,clinicalbert_type3_clinicalbert_pool,lr_lbfgs,1,8,auroc,0.529622454061656
4924,4924,1900.0,,lab_hyperkalemia,lab_hyperkalemia,clinicalbert_type3_clinicalbert_pool,lr_lbfgs,1,8,auprc,0.026278516785772
4925,4925,1901.0,,lab_hyperkalemia,lab_hyperkalemia,clinicalbert_type3_clinicalbert_pool,lr_lbfgs,1,8,brier,0.2545194830817127
4926,4926,1902.0,,lab_hyperkalemia,lab_hyperkalemia,clinicalbert_type3_clinicalbert_pool,lr_lbfgs,2,8,auroc,0.5522232756044895
4927,4927,1903.0,,lab_hyperkalemia,lab_hyperkalemia,clinicalbert_type3_clinicalbert_pool,lr_lbfgs,2,8,auprc,0.0280673496990105
4928,4928,1904.0,,lab_hyperkalemia,lab_hyperkalemia,clinicalbert_type3_clinicalbert_pool,lr_lbfgs,2,8,brier,0.418045067296662
4929,4929,1905.0,,lab_hyperkalemia,lab_hyperkalemia,clinicalbert_type3_clinicalbert_pool,lr_lbfgs,3,8,auroc,0.5142080339064188
4930,4930,1906.0,,lab_hyperkalemia,lab_hyperkalemia,clinicalbert_type3_clinicalbert_pool,lr_lbfgs,3,8,auprc,0.0254086021539642
4931,4931,1907.0,,lab_hyperkalemia,lab_hyperkalemia,clinicalbert_type3_clinicalbert_pool,lr_lbfgs,3,8,brier,0.2433689835695229
4932,4932,1908.0,,lab_hyperkalemia,lab_hyperkalemia,clinicalbert_type3_clinicalbert_pool,lr_lbfgs,4,8,auroc,0.4912347324423203
4933,4933,1909.0,,lab_hyperkalemia,lab_hyperkalemia,clinicalbert_type3_clinicalbert_pool,lr_lbfgs,4,8,auprc,0.0242066884458384
4934,4934,1910.0,,lab_hyperkalemia,lab_hyperkalemia,clinicalbert_type3_clinicalbert_pool,lr_lbfgs,4,8,brier,0.5411821315015423
4935,4935,1911.0,,lab_hyperkalemia,lab_hyperkalemia,clinicalbert_type3_clinicalbert_pool,lr_lbfgs,0,12,auroc,0.4597031490983084
4936,4936,1912.0,,lab_hyperkalemia,lab_hyperkalemia,clinicalbert_type3_clinicalbert_pool,lr_lbfgs,0,12,auprc,0.0212038914989434
4937,4937,1913.0,,lab_hyperkalemia,lab_hyperkalemia,clinicalbert_type3_clinicalbert_pool,lr_lbfgs,0,12,brier,0.2940079405212233
4938,4938,1914.0,,lab_hyperkalemia,lab_hyperkalemia,clinicalbert_type3_clinicalbert_pool,lr_lbfgs,1,12,auroc,0.4970811594630013
4939,4939,1915.0,,lab_hyperkalemia,lab_hyperkalemia,clinicalbert_type3_clinicalbert_pool,lr_lbfgs,1,12,auprc,0.0234038175791373
4940,4940,1916.0,,lab_hyperkalemia,lab_hyperkalemia,clinicalbert_type3_clinicalbert_pool,lr_lbfgs,1,12,brier,0.4714082054475882
4941,4941,1917.0,,lab_hyperkalemia,lab_hyperkalemia,clinicalbert_type3_clinicalbert_pool,lr_lbfgs,2,12,auroc,0.5359757107651599
4942,4942,1918.0,,lab_hyperkalemia,lab_hyperkalemia,clinicalbert_type3_clinicalbert_pool,lr_lbfgs,2,12,auprc,0.0271900241393441
4943,4943,1919.0,,lab_hyperkalemia,lab_hyperkalemia,clinicalbert_type3_clinicalbert_pool,lr_lbfgs,2,12,brier,0.2342701484710472
4944,4944,1920.0,,lab_hyperkalemia,lab_hyperkalemia,clinicalbert_type3_clinicalbert_pool,lr_lbfgs,3,12,auroc,0.5416403277922788
4945,4945,1921.0,,lab_hyperkalemia,lab_hyperkalemia,clinicalbert_type3_clinicalbert_pool,lr_lbfgs,3,12,auprc,0.027177838568685
4946,4946,1922.0,,lab_hyperkalemia,lab_hyperkalemia,clinicalbert_type3_clinicalbert_pool,lr_lbfgs,3,12,brier,0.2500012818116428
4947,4947,1923.0,,lab_hyperkalemia,lab_hyperkalemia,clinicalbert_type3_clinicalbert_pool,lr_lbfgs,4,12,auroc,0.4674109757444433
4948,4948,1924.0,,lab_hyperkalemia,lab_hyperkalemia,clinicalbert_type3_clinicalbert_pool,lr_lbfgs,4,12,auprc,0.0229538268172892
4949,4949,1925.0,,lab_hyperkalemia,lab_hyperkalemia,clinicalbert_type3_clinicalbert_pool,lr_lbfgs,4,12,brier,0.5840393994882657
4950,4950,1926.0,,lab_hyperkalemia,lab_hyperkalemia,clinicalbert_type3_clinicalbert_pool,lr_lbfgs,0,16,auroc,0.4682358148879348
4951,4951,1927.0,,lab_hyperkalemia,lab_hyperkalemia,clinicalbert_type3_clinicalbert_pool,lr_lbfgs,0,16,auprc,0.0218906083572655
4952,4952,1928.0,,lab_hyperkalemia,lab_hyperkalemia,clinicalbert_type3_clinicalbert_pool,lr_lbfgs,0,16,brier,0.3571682518364761
4953,4953,1929.0,,lab_hyperkalemia,lab_hyperkalemia,clinicalbert_type3_clinicalbert_pool,lr_lbfgs,1,16,auroc,0.5006531325835986
4954,4954,1930.0,,lab_hyperkalemia,lab_hyperkalemia,clinicalbert_type3_clinicalbert_pool,lr_lbfgs,1,16,auprc,0.0240167947372814
4955,4955,1931.0,,lab_hyperkalemia,lab_hyperkalemia,clinicalbert_type3_clinicalbert_pool,lr_lbfgs,1,16,brier,0.3458295664569124
4956,4956,1932.0,,lab_hyperkalemia,lab_hyperkalemia,clinicalbert_type3_clinicalbert_pool,lr_lbfgs,2,16,auroc,0.5315804943254661
4957,4957,1933.0,,lab_hyperkalemia,lab_hyperkalemia,clinicalbert_type3_clinicalbert_pool,lr_lbfgs,2,16,auprc,0.0271933111203094
4958,4958,1934.0,,lab_hyperkalemia,lab_hyperkalemia,clinicalbert_type3_clinicalbert_pool,lr_lbfgs,2,16,brier,0.4836972930341582
4959,4959,1935.0,,lab_hyperkalemia,lab_hyperkalemia,clinicalbert_type3_clinicalbert_pool,lr_lbfgs,3,16,auroc,0.4964907666118635
4960,4960,1936.0,,lab_hyperkalemia,lab_hyperkalemia,clinicalbert_type3_clinicalbert_pool,lr_lbfgs,3,16,auprc,0.0240633155788719
4961,4961,1937.0,,lab_hyperkalemia,lab_hyperkalemia,clinicalbert_type3_clinicalbert_pool,lr_lbfgs,3,16,brier,0.3792867228730247
4962,4962,1938.0,,lab_hyperkalemia,lab_hyperkalemia,clinicalbert_type3_clinicalbert_pool,lr_lbfgs,4,16,auroc,0.4621139889904281
4963,4963,1939.0,,lab_hyperkalemia,lab_hyperkalemia,clinicalbert_type3_clinicalbert_pool,lr_lbfgs,4,16,auprc,0.0224356134020675
4964,4964,1940.0,,lab_hyperkalemia,lab_hyperkalemia,clinicalbert_type3_clinicalbert_pool,lr_lbfgs,4,16,brier,0.7224077395562388
4965,4965,1941.0,,lab_hyperkalemia,lab_hyperkalemia,clinicalbert_type3_clinicalbert_pool,lr_lbfgs,0,24,auroc,0.5283714624485008
4966,4966,1942.0,,lab_hyperkalemia,lab_hyperkalemia,clinicalbert_type3_clinicalbert_pool,lr_lbfgs,0,24,auprc,0.0261004234179143
4967,4967,1943.0,,lab_hyperkalemia,lab_hyperkalemia,clinicalbert_type3_clinicalbert_pool,lr_lbfgs,0,24,brier,0.2841816707974212
4968,4968,1944.0,,lab_hyperkalemia,lab_hyperkalemia,clinicalbert_type3_clinicalbert_pool,lr_lbfgs,1,24,auroc,0.5021316949729645
4969,4969,1945.0,,lab_hyperkalemia,lab_hyperkalemia,clinicalbert_type3_clinicalbert_pool,lr_lbfgs,1,24,auprc,0.0246092985539606
4970,4970,1946.0,,lab_hyperkalemia,lab_hyperkalemia,clinicalbert_type3_clinicalbert_pool,lr_lbfgs,1,24,brier,0.2513823663379689
4971,4971,1947.0,,lab_hyperkalemia,lab_hyperkalemia,clinicalbert_type3_clinicalbert_pool,lr_lbfgs,2,24,auroc,0.5197170787800267
4972,4972,1948.0,,lab_hyperkalemia,lab_hyperkalemia,clinicalbert_type3_clinicalbert_pool,lr_lbfgs,2,24,auprc,0.0253032936443766
4973,4973,1949.0,,lab_hyperkalemia,lab_hyperkalemia,clinicalbert_type3_clinicalbert_pool,lr_lbfgs,2,24,brier,0.3821740129794675
4974,4974,1950.0,,lab_hyperkalemia,lab_hyperkalemia,clinicalbert_type3_clinicalbert_pool,lr_lbfgs,3,24,auroc,0.5804279640412268
4975,4975,1951.0,,lab_hyperkalemia,lab_hyperkalemia,clinicalbert_type3_clinicalbert_pool,lr_lbfgs,3,24,auprc,0.0308250103051732
4976,4976,1952.0,,lab_hyperkalemia,lab_hyperkalemia,clinicalbert_type3_clinicalbert_pool,lr_lbfgs,3,24,brier,0.3553870207838593
4977,4977,1953.0,,lab_hyperkalemia,lab_hyperkalemia,clinicalbert_type3_clinicalbert_pool,lr_lbfgs,4,24,auroc,0.5090785879888764
4978,4978,1954.0,,lab_hyperkalemia,lab_hyperkalemia,clinicalbert_type3_clinicalbert_pool,lr_lbfgs,4,24,auprc,0.0252298200303925
4979,4979,1955.0,,lab_hyperkalemia,lab_hyperkalemia,clinicalbert_type3_clinicalbert_pool,lr_lbfgs,4,24,brier,0.5352605391102283
4980,4980,1956.0,,lab_hyperkalemia,lab_hyperkalemia,clinicalbert_type3_clinicalbert_pool,lr_lbfgs,0,32,auroc,0.5293891321001258
4981,4981,1957.0,,lab_hyperkalemia,lab_hyperkalemia,clinicalbert_type3_clinicalbert_pool,lr_lbfgs,0,32,auprc,0.0257609029465454
4982,4982,1958.0,,lab_hyperkalemia,lab_hyperkalemia,clinicalbert_type3_clinicalbert_pool,lr_lbfgs,0,32,brier,0.2744544792711977
4983,4983,1959.0,,lab_hyperkalemia,lab_hyperkalemia,clinicalbert_type3_clinicalbert_pool,lr_lbfgs,1,32,auroc,0.549844243394059
4984,4984,1960.0,,lab_hyperkalemia,lab_hyperkalemia,clinicalbert_type3_clinicalbert_pool,lr_lbfgs,1,32,auprc,0.0270727964417983
4985,4985,1961.0,,lab_hyperkalemia,lab_hyperkalemia,clinicalbert_type3_clinicalbert_pool,lr_lbfgs,1,32,brier,0.379449479085479
4986,4986,1962.0,,lab_hyperkalemia,lab_hyperkalemia,clinicalbert_type3_clinicalbert_pool,lr_lbfgs,2,32,auroc,0.5280719966745506
4987,4987,1963.0,,lab_hyperkalemia,lab_hyperkalemia,clinicalbert_type3_clinicalbert_pool,lr_lbfgs,2,32,auprc,0.0263275634511244
4988,4988,1964.0,,lab_hyperkalemia,lab_hyperkalemia,clinicalbert_type3_clinicalbert_pool,lr_lbfgs,2,32,brier,0.4789578971287794
4989,4989,1965.0,,lab_hyperkalemia,lab_hyperkalemia,clinicalbert_type3_clinicalbert_pool,lr_lbfgs,3,32,auroc,0.5249231035435322
4990,4990,1966.0,,lab_hyperkalemia,lab_hyperkalemia,clinicalbert_type3_clinicalbert_pool,lr_lbfgs,3,32,auprc,0.026388908403434
4991,4991,1967.0,,lab_hyperkalemia,lab_hyperkalemia,clinicalbert_type3_clinicalbert_pool,lr_lbfgs,3,32,brier,0.5137581421014523
4992,4992,1968.0,,lab_hyperkalemia,lab_hyperkalemia,clinicalbert_type3_clinicalbert_pool,lr_lbfgs,4,32,auroc,0.4697429777664564
4993,4993,1969.0,,lab_hyperkalemia,lab_hyperkalemia,clinicalbert_type3_clinicalbert_pool,lr_lbfgs,4,32,auprc,0.0215404502711235
4994,4994,1970.0,,lab_hyperkalemia,lab_hyperkalemia,clinicalbert_type3_clinicalbert_pool,lr_lbfgs,4,32,brier,0.2548275431855464
4995,4995,1971.0,,lab_hyperkalemia,lab_hyperkalemia,clinicalbert_type3_clinicalbert_pool,lr_lbfgs,0,48,auroc,0.5435059967661137
4996,4996,1972.0,,lab_hyperkalemia,lab_hyperkalemia,clinicalbert_type3_clinicalbert_pool,lr_lbfgs,0,48,auprc,0.0267194878056962
4997,4997,1973.0,,lab_hyperkalemia,lab_hyperkalemia,clinicalbert_type3_clinicalbert_pool,lr_lbfgs,0,48,brier,0.3758858619943563
4998,4998,1974.0,,lab_hyperkalemia,lab_hyperkalemia,clinicalbert_type3_clinicalbert_pool,lr_lbfgs,1,48,auroc,0.5281327105390294
4999,4999,1975.0,,lab_hyperkalemia,lab_hyperkalemia,clinicalbert_type3_clinicalbert_pool,lr_lbfgs,1,48,auprc,0.0267230000587071
5000,5000,1976.0,,lab_hyperkalemia,lab_hyperkalemia,clinicalbert_type3_clinicalbert_pool,lr_lbfgs,1,48,brier,0.2414747480944662
5001,5001,1977.0,,lab_hyperkalemia,lab_hyperkalemia,clinicalbert_type3_clinicalbert_pool,lr_lbfgs,2,48,auroc,0.5289209027151667
5002,5002,1978.0,,lab_hyperkalemia,lab_hyperkalemia,clinicalbert_type3_clinicalbert_pool,lr_lbfgs,2,48,auprc,0.0271142099295795
5003,5003,1979.0,,lab_hyperkalemia,lab_hyperkalemia,clinicalbert_type3_clinicalbert_pool,lr_lbfgs,2,48,brier,0.2477247080488253
5004,5004,1980.0,,lab_hyperkalemia,lab_hyperkalemia,clinicalbert_type3_clinicalbert_pool,lr_lbfgs,3,48,auroc,0.5692225980837714
5005,5005,1981.0,,lab_hyperkalemia,lab_hyperkalemia,clinicalbert_type3_clinicalbert_pool,lr_lbfgs,3,48,auprc,0.0297517723590969
5006,5006,1982.0,,lab_hyperkalemia,lab_hyperkalemia,clinicalbert_type3_clinicalbert_pool,lr_lbfgs,3,48,brier,0.4779611933984392
5007,5007,1983.0,,lab_hyperkalemia,lab_hyperkalemia,clinicalbert_type3_clinicalbert_pool,lr_lbfgs,4,48,auroc,0.522592692164666
5008,5008,1984.0,,lab_hyperkalemia,lab_hyperkalemia,clinicalbert_type3_clinicalbert_pool,lr_lbfgs,4,48,auprc,0.0267664872077084
5009,5009,1985.0,,lab_hyperkalemia,lab_hyperkalemia,clinicalbert_type3_clinicalbert_pool,lr_lbfgs,4,48,brier,0.27697191030354
5010,5010,1986.0,,lab_hyperkalemia,lab_hyperkalemia,clinicalbert_type3_clinicalbert_pool,lr_lbfgs,0,64,auroc,0.5207996383820472
5011,5011,1987.0,,lab_hyperkalemia,lab_hyperkalemia,clinicalbert_type3_clinicalbert_pool,lr_lbfgs,0,64,auprc,0.0250312365365817
5012,5012,1988.0,,lab_hyperkalemia,lab_hyperkalemia,clinicalbert_type3_clinicalbert_pool,lr_lbfgs,0,64,brier,0.2863778597356126
5013,5013,1989.0,,lab_hyperkalemia,lab_hyperkalemia,clinicalbert_type3_clinicalbert_pool,lr_lbfgs,1,64,auroc,0.5043258602534919
5014,5014,1990.0,,lab_hyperkalemia,lab_hyperkalemia,clinicalbert_type3_clinicalbert_pool,lr_lbfgs,1,64,auprc,0.024622203224242
5015,5015,1991.0,,lab_hyperkalemia,lab_hyperkalemia,clinicalbert_type3_clinicalbert_pool,lr_lbfgs,1,64,brier,0.2464259944459359
5016,5016,1992.0,,lab_hyperkalemia,lab_hyperkalemia,clinicalbert_type3_clinicalbert_pool,lr_lbfgs,2,64,auroc,0.5335840829407553
5017,5017,1993.0,,lab_hyperkalemia,lab_hyperkalemia,clinicalbert_type3_clinicalbert_pool,lr_lbfgs,2,64,auprc,0.0272556790382316
5018,5018,1994.0,,lab_hyperkalemia,lab_hyperkalemia,clinicalbert_type3_clinicalbert_pool,lr_lbfgs,2,64,brier,0.4967609621109349
5019,5019,1995.0,,lab_hyperkalemia,lab_hyperkalemia,clinicalbert_type3_clinicalbert_pool,lr_lbfgs,3,64,auroc,0.5499904789386102
5020,5020,1996.0,,lab_hyperkalemia,lab_hyperkalemia,clinicalbert_type3_clinicalbert_pool,lr_lbfgs,3,64,auprc,0.0289361252815328
5021,5021,1997.0,,lab_hyperkalemia,lab_hyperkalemia,clinicalbert_type3_clinicalbert_pool,lr_lbfgs,3,64,brier,0.4646905034885785
5022,5022,1998.0,,lab_hyperkalemia,lab_hyperkalemia,clinicalbert_type3_clinicalbert_pool,lr_lbfgs,4,64,auroc,0.5405126291573739
5023,5023,1999.0,,lab_hyperkalemia,lab_hyperkalemia,clinicalbert_type3_clinicalbert_pool,lr_lbfgs,4,64,auprc,0.0284381716569663
5024,5024,2000.0,,lab_hyperkalemia,lab_hyperkalemia,clinicalbert_type3_clinicalbert_pool,lr_lbfgs,4,64,brier,0.2785140380818678
5025,5025,2001.0,,lab_hyperkalemia,lab_hyperkalemia,clinicalbert_type3_clinicalbert_pool,lr_lbfgs,0,128,auroc,0.5433823462817489
5026,5026,2002.0,,lab_hyperkalemia,lab_hyperkalemia,clinicalbert_type3_clinicalbert_pool,lr_lbfgs,0,128,auprc,0.0281982412251734
5027,5027,2003.0,,lab_hyperkalemia,lab_hyperkalemia,clinicalbert_type3_clinicalbert_pool,lr_lbfgs,0,128,brier,0.3375913927671212
5028,5028,2004.0,,lab_hyperkalemia,lab_hyperkalemia,clinicalbert_type3_clinicalbert_pool,lr_lbfgs,1,128,auroc,0.5273400210395975
5029,5029,2005.0,,lab_hyperkalemia,lab_hyperkalemia,clinicalbert_type3_clinicalbert_pool,lr_lbfgs,1,128,auprc,0.0253891471027941
5030,5030,2006.0,,lab_hyperkalemia,lab_hyperkalemia,clinicalbert_type3_clinicalbert_pool,lr_lbfgs,1,128,brier,0.2359818186266851
5031,5031,2007.0,,lab_hyperkalemia,lab_hyperkalemia,clinicalbert_type3_clinicalbert_pool,lr_lbfgs,2,128,auroc,0.5857463959808602
5032,5032,2008.0,,lab_hyperkalemia,lab_hyperkalemia,clinicalbert_type3_clinicalbert_pool,lr_lbfgs,2,128,auprc,0.0323573043901421
5033,5033,2009.0,,lab_hyperkalemia,lab_hyperkalemia,clinicalbert_type3_clinicalbert_pool,lr_lbfgs,2,128,brier,0.2559600705590537
5034,5034,2010.0,,lab_hyperkalemia,lab_hyperkalemia,clinicalbert_type3_clinicalbert_pool,lr_lbfgs,3,128,auroc,0.5725371460769776
5035,5035,2011.0,,lab_hyperkalemia,lab_hyperkalemia,clinicalbert_type3_clinicalbert_pool,lr_lbfgs,3,128,auprc,0.0314024501767975
5036,5036,2012.0,,lab_hyperkalemia,lab_hyperkalemia,clinicalbert_type3_clinicalbert_pool,lr_lbfgs,3,128,brier,0.3368140160025672
5037,5037,2013.0,,lab_hyperkalemia,lab_hyperkalemia,clinicalbert_type3_clinicalbert_pool,lr_lbfgs,4,128,auroc,0.5416852388502496
5038,5038,2014.0,,lab_hyperkalemia,lab_hyperkalemia,clinicalbert_type3_clinicalbert_pool,lr_lbfgs,4,128,auprc,0.0285715184605912
5039,5039,2015.0,,lab_hyperkalemia,lab_hyperkalemia,clinicalbert_type3_clinicalbert_pool,lr_lbfgs,4,128,brier,0.2556366077666884
5040,5040,2016.0,,lab_hyperkalemia,lab_hyperkalemia,clinicalbert_type3_clinicalbert_pool,knn,0,-1,auroc,0.5107042097412311
5041,5041,2017.0,,lab_hyperkalemia,lab_hyperkalemia,clinicalbert_type3_clinicalbert_pool,knn,0,-1,auprc,0.0258851771894852
5042,5042,2018.0,,lab_hyperkalemia,lab_hyperkalemia,clinicalbert_type3_clinicalbert_pool,knn,0,-1,brier,0.0297287817005479
5043,5043,2019.0,,lab_hyperkalemia,lab_hyperkalemia,clinicalbert_type3_clinicalbert_pool,knn,0,1,auroc,0.5239273920210812
5044,5044,2020.0,,lab_hyperkalemia,lab_hyperkalemia,clinicalbert_type3_clinicalbert_pool,knn,0,1,auprc,0.0259390067574822
5045,5045,2021.0,,lab_hyperkalemia,lab_hyperkalemia,clinicalbert_type3_clinicalbert_pool,knn,0,1,brier,0.1533941840918731
5046,5046,2022.0,,lab_hyperkalemia,lab_hyperkalemia,clinicalbert_type3_clinicalbert_pool,knn,1,1,auroc,0.5239508527121854
5047,5047,2023.0,,lab_hyperkalemia,lab_hyperkalemia,clinicalbert_type3_clinicalbert_pool,knn,1,1,auprc,0.0257516163047519
5048,5048,2024.0,,lab_hyperkalemia,lab_hyperkalemia,clinicalbert_type3_clinicalbert_pool,knn,1,1,brier,0.2794369471980896
5049,5049,2025.0,,lab_hyperkalemia,lab_hyperkalemia,clinicalbert_type3_clinicalbert_pool,knn,2,1,auroc,0.5217110613614583
5050,5050,2026.0,,lab_hyperkalemia,lab_hyperkalemia,clinicalbert_type3_clinicalbert_pool,knn,2,1,auprc,0.0255967502614294
5051,5051,2027.0,,lab_hyperkalemia,lab_hyperkalemia,clinicalbert_type3_clinicalbert_pool,knn,2,1,brier,0.3021695756680753
5052,5052,2028.0,,lab_hyperkalemia,lab_hyperkalemia,clinicalbert_type3_clinicalbert_pool,knn,3,1,auroc,0.5036220550641073
5053,5053,2029.0,,lab_hyperkalemia,lab_hyperkalemia,clinicalbert_type3_clinicalbert_pool,knn,3,1,auprc,0.0245930954040823
5054,5054,2030.0,,lab_hyperkalemia,lab_hyperkalemia,clinicalbert_type3_clinicalbert_pool,knn,3,1,brier,0.1911771636843511
5055,5055,2031.0,,lab_hyperkalemia,lab_hyperkalemia,clinicalbert_type3_clinicalbert_pool,knn,4,1,auroc,0.5031525614546275
5056,5056,2032.0,,lab_hyperkalemia,lab_hyperkalemia,clinicalbert_type3_clinicalbert_pool,knn,4,1,auprc,0.0245717459131593
5057,5057,2033.0,,lab_hyperkalemia,lab_hyperkalemia,clinicalbert_type3_clinicalbert_pool,knn,4,1,brier,0.1345576799208207
5058,5058,2034.0,,lab_hyperkalemia,lab_hyperkalemia,clinicalbert_type3_clinicalbert_pool,knn,0,2,auroc,0.5292718700945886
5059,5059,2035.0,,lab_hyperkalemia,lab_hyperkalemia,clinicalbert_type3_clinicalbert_pool,knn,0,2,auprc,0.0260635593311848
5060,5060,2036.0,,lab_hyperkalemia,lab_hyperkalemia,clinicalbert_type3_clinicalbert_pool,knn,0,2,brier,0.2171181597445874
5061,5061,2037.0,,lab_hyperkalemia,lab_hyperkalemia,clinicalbert_type3_clinicalbert_pool,knn,1,2,auroc,0.4946988993350448
5062,5062,2038.0,,lab_hyperkalemia,lab_hyperkalemia,clinicalbert_type3_clinicalbert_pool,knn,1,2,auprc,0.0241656486118628
5063,5063,2039.0,,lab_hyperkalemia,lab_hyperkalemia,clinicalbert_type3_clinicalbert_pool,knn,1,2,brier,0.5709393115799727
5064,5064,2040.0,,lab_hyperkalemia,lab_hyperkalemia,clinicalbert_type3_clinicalbert_pool,knn,2,2,auroc,0.5089173061000304
5065,5065,2041.0,,lab_hyperkalemia,lab_hyperkalemia,clinicalbert_type3_clinicalbert_pool,knn,2,2,auprc,0.0248642651198069
5066,5066,2042.0,,lab_hyperkalemia,lab_hyperkalemia,clinicalbert_type3_clinicalbert_pool,knn,2,2,brier,0.2953042276090679
5067,5067,2043.0,,lab_hyperkalemia,lab_hyperkalemia,clinicalbert_type3_clinicalbert_pool,knn,3,2,auroc,0.4991433583560671
5068,5068,2044.0,,lab_hyperkalemia,lab_hyperkalemia,clinicalbert_type3_clinicalbert_pool,knn,3,2,auprc,0.024373004857221
5069,5069,2045.0,,lab_hyperkalemia,lab_hyperkalemia,clinicalbert_type3_clinicalbert_pool,knn,3,2,brier,0.3596688294345906
5070,5070,2046.0,,lab_hyperkalemia,lab_hyperkalemia,clinicalbert_type3_clinicalbert_pool,knn,4,2,auroc,0.49955448002518
5071,5071,2047.0,,lab_hyperkalemia,lab_hyperkalemia,clinicalbert_type3_clinicalbert_pool,knn,4,2,auprc,0.0255814063031604
5072,5072,2048.0,,lab_hyperkalemia,lab_hyperkalemia,clinicalbert_type3_clinicalbert_pool,knn,4,2,brier,0.1873669907867027
5073,5073,2049.0,,lab_hyperkalemia,lab_hyperkalemia,clinicalbert_type3_clinicalbert_pool,knn,0,4,auroc,0.4822411221024725
5074,5074,2050.0,,lab_hyperkalemia,lab_hyperkalemia,clinicalbert_type3_clinicalbert_pool,knn,0,4,auprc,0.02371391665114
5075,5075,2051.0,,lab_hyperkalemia,lab_hyperkalemia,clinicalbert_type3_clinicalbert_pool,knn,0,4,brier,0.1838920396524909
5076,5076,2052.0,,lab_hyperkalemia,lab_hyperkalemia,clinicalbert_type3_clinicalbert_pool,knn,1,4,auroc,0.5089243785035987
5077,5077,2053.0,,lab_hyperkalemia,lab_hyperkalemia,clinicalbert_type3_clinicalbert_pool,knn,1,4,auprc,0.024859687872575
5078,5078,2054.0,,lab_hyperkalemia,lab_hyperkalemia,clinicalbert_type3_clinicalbert_pool,knn,1,4,brier,0.3595588581842175
5079,5079,2055.0,,lab_hyperkalemia,lab_hyperkalemia,clinicalbert_type3_clinicalbert_pool,knn,2,4,auroc,0.5076852519484446
5080,5080,2056.0,,lab_hyperkalemia,lab_hyperkalemia,clinicalbert_type3_clinicalbert_pool,knn,2,4,auprc,0.0247998878505079
5081,5081,2057.0,,lab_hyperkalemia,lab_hyperkalemia,clinicalbert_type3_clinicalbert_pool,knn,2,4,brier,0.2824061709581638
5082,5082,2058.0,,lab_hyperkalemia,lab_hyperkalemia,clinicalbert_type3_clinicalbert_pool,knn,3,4,auroc,0.489038681187508
5083,5083,2059.0,,lab_hyperkalemia,lab_hyperkalemia,clinicalbert_type3_clinicalbert_pool,knn,3,4,auprc,0.0236271533700611
5084,5084,2060.0,,lab_hyperkalemia,lab_hyperkalemia,clinicalbert_type3_clinicalbert_pool,knn,3,4,brier,0.1513788319050603
5085,5085,2061.0,,lab_hyperkalemia,lab_hyperkalemia,clinicalbert_type3_clinicalbert_pool,knn,4,4,auroc,0.5012009096696451
5086,5086,2062.0,,lab_hyperkalemia,lab_hyperkalemia,clinicalbert_type3_clinicalbert_pool,knn,4,4,auprc,0.0244716147749098
5087,5087,2063.0,,lab_hyperkalemia,lab_hyperkalemia,clinicalbert_type3_clinicalbert_pool,knn,4,4,brier,0.3906143901745052
5088,5088,2064.0,,lab_hyperkalemia,lab_hyperkalemia,clinicalbert_type3_clinicalbert_pool,knn,0,8,auroc,0.4989270671568293
5089,5089,2065.0,,lab_hyperkalemia,lab_hyperkalemia,clinicalbert_type3_clinicalbert_pool,knn,0,8,auprc,0.0246543744740821
5090,5090,2066.0,,lab_hyperkalemia,lab_hyperkalemia,clinicalbert_type3_clinicalbert_pool,knn,0,8,brier,0.2338372809521066
5091,5091,2067.0,,lab_hyperkalemia,lab_hyperkalemia,clinicalbert_type3_clinicalbert_pool,knn,1,8,auroc,0.515578898874121
5092,5092,2068.0,,lab_hyperkalemia,lab_hyperkalemia,clinicalbert_type3_clinicalbert_pool,knn,1,8,auprc,0.0251970711538734
5093,5093,2069.0,,lab_hyperkalemia,lab_hyperkalemia,clinicalbert_type3_clinicalbert_pool,knn,1,8,brier,0.5418283505883462
5094,5094,2070.0,,lab_hyperkalemia,lab_hyperkalemia,clinicalbert_type3_clinicalbert_pool,knn,2,8,auroc,0.5366253511875824
5095,5095,2071.0,,lab_hyperkalemia,lab_hyperkalemia,clinicalbert_type3_clinicalbert_pool,knn,2,8,auprc,0.026464378073395
5096,5096,2072.0,,lab_hyperkalemia,lab_hyperkalemia,clinicalbert_type3_clinicalbert_pool,knn,2,8,brier,0.4083389628140072
5097,5097,2073.0,,lab_hyperkalemia,lab_hyperkalemia,clinicalbert_type3_clinicalbert_pool,knn,3,8,auroc,0.5159960670596913
5098,5098,2074.0,,lab_hyperkalemia,lab_hyperkalemia,clinicalbert_type3_clinicalbert_pool,knn,3,8,auprc,0.0252326704035983
5099,5099,2075.0,,lab_hyperkalemia,lab_hyperkalemia,clinicalbert_type3_clinicalbert_pool,knn,3,8,brier,0.419210406422321
5100,5100,2076.0,,lab_hyperkalemia,lab_hyperkalemia,clinicalbert_type3_clinicalbert_pool,knn,4,8,auroc,0.4774712599798349
5101,5101,2077.0,,lab_hyperkalemia,lab_hyperkalemia,clinicalbert_type3_clinicalbert_pool,knn,4,8,auprc,0.0233494199109716
5102,5102,2078.0,,lab_hyperkalemia,lab_hyperkalemia,clinicalbert_type3_clinicalbert_pool,knn,4,8,brier,0.3145548520886683
5103,5103,2079.0,,lab_hyperkalemia,lab_hyperkalemia,clinicalbert_type3_clinicalbert_pool,knn,0,12,auroc,0.4921177518200014
5104,5104,2080.0,,lab_hyperkalemia,lab_hyperkalemia,clinicalbert_type3_clinicalbert_pool,knn,0,12,auprc,0.0242056127140309
5105,5105,2081.0,,lab_hyperkalemia,lab_hyperkalemia,clinicalbert_type3_clinicalbert_pool,knn,0,12,brier,0.3179422944334941
5106,5106,2082.0,,lab_hyperkalemia,lab_hyperkalemia,clinicalbert_type3_clinicalbert_pool,knn,1,12,auroc,0.4730067702539078
5107,5107,2083.0,,lab_hyperkalemia,lab_hyperkalemia,clinicalbert_type3_clinicalbert_pool,knn,1,12,auprc,0.0229956969245491
5108,5108,2084.0,,lab_hyperkalemia,lab_hyperkalemia,clinicalbert_type3_clinicalbert_pool,knn,1,12,brier,0.3323144098649104
5109,5109,2085.0,,lab_hyperkalemia,lab_hyperkalemia,clinicalbert_type3_clinicalbert_pool,knn,2,12,auroc,0.5337333909653915
5110,5110,2086.0,,lab_hyperkalemia,lab_hyperkalemia,clinicalbert_type3_clinicalbert_pool,knn,2,12,auprc,0.0262853038796862
5111,5111,2087.0,,lab_hyperkalemia,lab_hyperkalemia,clinicalbert_type3_clinicalbert_pool,knn,2,12,brier,0.4011279908252557
5112,5112,2088.0,,lab_hyperkalemia,lab_hyperkalemia,clinicalbert_type3_clinicalbert_pool,knn,3,12,auroc,0.5205632076716957
5113,5113,2089.0,,lab_hyperkalemia,lab_hyperkalemia,clinicalbert_type3_clinicalbert_pool,knn,3,12,auprc,0.0254713846129883
5114,5114,2090.0,,lab_hyperkalemia,lab_hyperkalemia,clinicalbert_type3_clinicalbert_pool,knn,3,12,brier,0.5002749281259328
5115,5115,2091.0,,lab_hyperkalemia,lab_hyperkalemia,clinicalbert_type3_clinicalbert_pool,knn,4,12,auroc,0.5135796625071815
5116,5116,2092.0,,lab_hyperkalemia,lab_hyperkalemia,clinicalbert_type3_clinicalbert_pool,knn,4,12,auprc,0.0250861022118342
5117,5117,2093.0,,lab_hyperkalemia,lab_hyperkalemia,clinicalbert_type3_clinicalbert_pool,knn,4,12,brier,0.6595761393807048
5118,5118,2094.0,,lab_hyperkalemia,lab_hyperkalemia,clinicalbert_type3_clinicalbert_pool,knn,0,16,auroc,0.5009354536077993
5119,5119,2095.0,,lab_hyperkalemia,lab_hyperkalemia,clinicalbert_type3_clinicalbert_pool,knn,0,16,auprc,0.0244692777203111
5120,5120,2096.0,,lab_hyperkalemia,lab_hyperkalemia,clinicalbert_type3_clinicalbert_pool,knn,0,16,brier,0.3557151011473667
5121,5121,2097.0,,lab_hyperkalemia,lab_hyperkalemia,clinicalbert_type3_clinicalbert_pool,knn,1,16,auroc,0.498869928353495
5122,5122,2098.0,,lab_hyperkalemia,lab_hyperkalemia,clinicalbert_type3_clinicalbert_pool,knn,1,16,auprc,0.024482704893803
5123,5123,2099.0,,lab_hyperkalemia,lab_hyperkalemia,clinicalbert_type3_clinicalbert_pool,knn,1,16,brier,0.3046378192875608
5124,5124,2100.0,,lab_hyperkalemia,lab_hyperkalemia,clinicalbert_type3_clinicalbert_pool,knn,2,16,auroc,0.5221849227630319
5125,5125,2101.0,,lab_hyperkalemia,lab_hyperkalemia,clinicalbert_type3_clinicalbert_pool,knn,2,16,auprc,0.0262518792469416
5126,5126,2102.0,,lab_hyperkalemia,lab_hyperkalemia,clinicalbert_type3_clinicalbert_pool,knn,2,16,brier,0.3105729205480521
5127,5127,2103.0,,lab_hyperkalemia,lab_hyperkalemia,clinicalbert_type3_clinicalbert_pool,knn,3,16,auroc,0.5517537457262736
5128,5128,2104.0,,lab_hyperkalemia,lab_hyperkalemia,clinicalbert_type3_clinicalbert_pool,knn,3,16,auprc,0.028444554993753
5129,5129,2105.0,,lab_hyperkalemia,lab_hyperkalemia,clinicalbert_type3_clinicalbert_pool,knn,3,16,brier,0.3366007404494581
5130,5130,2106.0,,lab_hyperkalemia,lab_hyperkalemia,clinicalbert_type3_clinicalbert_pool,knn,4,16,auroc,0.4904850058515979
5131,5131,2107.0,,lab_hyperkalemia,lab_hyperkalemia,clinicalbert_type3_clinicalbert_pool,knn,4,16,auprc,0.0239732415368525
5132,5132,2108.0,,lab_hyperkalemia,lab_hyperkalemia,clinicalbert_type3_clinicalbert_pool,knn,4,16,brier,0.6471022575526684
5133,5133,2109.0,,lab_hyperkalemia,lab_hyperkalemia,clinicalbert_type3_clinicalbert_pool,knn,0,24,auroc,0.5193030866995021
5134,5134,2110.0,,lab_hyperkalemia,lab_hyperkalemia,clinicalbert_type3_clinicalbert_pool,knn,0,24,auprc,0.0254166311029034
5135,5135,2111.0,,lab_hyperkalemia,lab_hyperkalemia,clinicalbert_type3_clinicalbert_pool,knn,0,24,brier,0.4170424017721081
5136,5136,2112.0,,lab_hyperkalemia,lab_hyperkalemia,clinicalbert_type3_clinicalbert_pool,knn,1,24,auroc,0.5199421159259482
5137,5137,2113.0,,lab_hyperkalemia,lab_hyperkalemia,clinicalbert_type3_clinicalbert_pool,knn,1,24,auprc,0.0254896604981149
5138,5138,2114.0,,lab_hyperkalemia,lab_hyperkalemia,clinicalbert_type3_clinicalbert_pool,knn,1,24,brier,0.2727412690682294
5139,5139,2115.0,,lab_hyperkalemia,lab_hyperkalemia,clinicalbert_type3_clinicalbert_pool,knn,2,24,auroc,0.5406940712823255
5140,5140,2116.0,,lab_hyperkalemia,lab_hyperkalemia,clinicalbert_type3_clinicalbert_pool,knn,2,24,auprc,0.0270980363975437
5141,5141,2117.0,,lab_hyperkalemia,lab_hyperkalemia,clinicalbert_type3_clinicalbert_pool,knn,2,24,brier,0.3311705654093287
5142,5142,2118.0,,lab_hyperkalemia,lab_hyperkalemia,clinicalbert_type3_clinicalbert_pool,knn,3,24,auroc,0.5656258378725729
5143,5143,2119.0,,lab_hyperkalemia,lab_hyperkalemia,clinicalbert_type3_clinicalbert_pool,knn,3,24,auprc,0.0290031923813322
5144,5144,2120.0,,lab_hyperkalemia,lab_hyperkalemia,clinicalbert_type3_clinicalbert_pool,knn,3,24,brier,0.3823368716146747
5145,5145,2121.0,,lab_hyperkalemia,lab_hyperkalemia,clinicalbert_type3_clinicalbert_pool,knn,4,24,auroc,0.5107128365192102
5146,5146,2122.0,,lab_hyperkalemia,lab_hyperkalemia,clinicalbert_type3_clinicalbert_pool,knn,4,24,auprc,0.0249418939234288
5147,5147,2123.0,,lab_hyperkalemia,lab_hyperkalemia,clinicalbert_type3_clinicalbert_pool,knn,4,24,brier,0.5880476961023047
5148,5148,2124.0,,lab_hyperkalemia,lab_hyperkalemia,clinicalbert_type3_clinicalbert_pool,knn,0,32,auroc,0.5130547813562033
5149,5149,2125.0,,lab_hyperkalemia,lab_hyperkalemia,clinicalbert_type3_clinicalbert_pool,knn,0,32,auprc,0.0251385342401266
5150,5150,2126.0,,lab_hyperkalemia,lab_hyperkalemia,clinicalbert_type3_clinicalbert_pool,knn,0,32,brier,0.2877039923055036
5151,5151,2127.0,,lab_hyperkalemia,lab_hyperkalemia,clinicalbert_type3_clinicalbert_pool,knn,1,32,auroc,0.5141336881783588
5152,5152,2128.0,,lab_hyperkalemia,lab_hyperkalemia,clinicalbert_type3_clinicalbert_pool,knn,1,32,auprc,0.025497139431404
5153,5153,2129.0,,lab_hyperkalemia,lab_hyperkalemia,clinicalbert_type3_clinicalbert_pool,knn,1,32,brier,0.2796304965987464
5154,5154,2130.0,,lab_hyperkalemia,lab_hyperkalemia,clinicalbert_type3_clinicalbert_pool,knn,2,32,auroc,0.5320276256684251
5155,5155,2131.0,,lab_hyperkalemia,lab_hyperkalemia,clinicalbert_type3_clinicalbert_pool,knn,2,32,auprc,0.0273078677295185
5156,5156,2132.0,,lab_hyperkalemia,lab_hyperkalemia,clinicalbert_type3_clinicalbert_pool,knn,2,32,brier,0.3290119305290411
5157,5157,2133.0,,lab_hyperkalemia,lab_hyperkalemia,clinicalbert_type3_clinicalbert_pool,knn,3,32,auroc,0.5090226356913421
5158,5158,2134.0,,lab_hyperkalemia,lab_hyperkalemia,clinicalbert_type3_clinicalbert_pool,knn,3,32,auprc,0.0248568559674472
5159,5159,2135.0,,lab_hyperkalemia,lab_hyperkalemia,clinicalbert_type3_clinicalbert_pool,knn,3,32,brier,0.5589053147534288
5160,5160,2136.0,,lab_hyperkalemia,lab_hyperkalemia,clinicalbert_type3_clinicalbert_pool,knn,4,32,auroc,0.4922920386414162
5161,5161,2137.0,,lab_hyperkalemia,lab_hyperkalemia,clinicalbert_type3_clinicalbert_pool,knn,4,32,auprc,0.0239763276121893
5162,5162,2138.0,,lab_hyperkalemia,lab_hyperkalemia,clinicalbert_type3_clinicalbert_pool,knn,4,32,brier,0.3813087277024562
5163,5163,2139.0,,lab_hyperkalemia,lab_hyperkalemia,clinicalbert_type3_clinicalbert_pool,knn,0,48,auroc,0.5296440805909557
5164,5164,2140.0,,lab_hyperkalemia,lab_hyperkalemia,clinicalbert_type3_clinicalbert_pool,knn,0,48,auprc,0.0262719562000419
5165,5165,2141.0,,lab_hyperkalemia,lab_hyperkalemia,clinicalbert_type3_clinicalbert_pool,knn,0,48,brier,0.2810469263035521
5166,5166,2142.0,,lab_hyperkalemia,lab_hyperkalemia,clinicalbert_type3_clinicalbert_pool,knn,1,48,auroc,0.5216325188224897
5167,5167,2143.0,,lab_hyperkalemia,lab_hyperkalemia,clinicalbert_type3_clinicalbert_pool,knn,1,48,auprc,0.0258637214644069
5168,5168,2144.0,,lab_hyperkalemia,lab_hyperkalemia,clinicalbert_type3_clinicalbert_pool,knn,1,48,brier,0.2529565683384042
5169,5169,2145.0,,lab_hyperkalemia,lab_hyperkalemia,clinicalbert_type3_clinicalbert_pool,knn,2,48,auroc,0.5427535655639167
5170,5170,2146.0,,lab_hyperkalemia,lab_hyperkalemia,clinicalbert_type3_clinicalbert_pool,knn,2,48,auprc,0.0273415149394588
5171,5171,2147.0,,lab_hyperkalemia,lab_hyperkalemia,clinicalbert_type3_clinicalbert_pool,knn,2,48,brier,0.3390859818076133
5172,5172,2148.0,,lab_hyperkalemia,lab_hyperkalemia,clinicalbert_type3_clinicalbert_pool,knn,3,48,auroc,0.5556364952852819
5173,5173,2149.0,,lab_hyperkalemia,lab_hyperkalemia,clinicalbert_type3_clinicalbert_pool,knn,3,48,auprc,0.0282283987514543
5174,5174,2150.0,,lab_hyperkalemia,lab_hyperkalemia,clinicalbert_type3_clinicalbert_pool,knn,3,48,brier,0.3716410512900939
5175,5175,2151.0,,lab_hyperkalemia,lab_hyperkalemia,clinicalbert_type3_clinicalbert_pool,knn,4,48,auroc,0.5265130213156751
5176,5176,2152.0,,lab_hyperkalemia,lab_hyperkalemia,clinicalbert_type3_clinicalbert_pool,knn,4,48,auprc,0.025787336870335
5177,5177,2153.0,,lab_hyperkalemia,lab_hyperkalemia,clinicalbert_type3_clinicalbert_pool,knn,4,48,brier,0.5829261778706424
5178,5178,2154.0,,lab_hyperkalemia,lab_hyperkalemia,clinicalbert_type3_clinicalbert_pool,knn,0,64,auroc,0.5256154685372547
5179,5179,2155.0,,lab_hyperkalemia,lab_hyperkalemia,clinicalbert_type3_clinicalbert_pool,knn,0,64,auprc,0.0268535503666621
5180,5180,2156.0,,lab_hyperkalemia,lab_hyperkalemia,clinicalbert_type3_clinicalbert_pool,knn,0,64,brier,0.2432538921967543
5181,5181,2157.0,,lab_hyperkalemia,lab_hyperkalemia,clinicalbert_type3_clinicalbert_pool,knn,1,64,auroc,0.5348749908887753
5182,5182,2158.0,,lab_hyperkalemia,lab_hyperkalemia,clinicalbert_type3_clinicalbert_pool,knn,1,64,auprc,0.0266606824739496
5183,5183,2159.0,,lab_hyperkalemia,lab_hyperkalemia,clinicalbert_type3_clinicalbert_pool,knn,1,64,brier,0.2809765447033133
5184,5184,2160.0,,lab_hyperkalemia,lab_hyperkalemia,clinicalbert_type3_clinicalbert_pool,knn,2,64,auroc,0.5204922919298351
5185,5185,2161.0,,lab_hyperkalemia,lab_hyperkalemia,clinicalbert_type3_clinicalbert_pool,knn,2,64,auprc,0.0257240754329765
5186,5186,2162.0,,lab_hyperkalemia,lab_hyperkalemia,clinicalbert_type3_clinicalbert_pool,knn,2,64,brier,0.3414645028513974
5187,5187,2163.0,,lab_hyperkalemia,lab_hyperkalemia,clinicalbert_type3_clinicalbert_pool,knn,3,64,auroc,0.5371206525935266
5188,5188,2164.0,,lab_hyperkalemia,lab_hyperkalemia,clinicalbert_type3_clinicalbert_pool,knn,3,64,auprc,0.0264844561160094
5189,5189,2165.0,,lab_hyperkalemia,lab_hyperkalemia,clinicalbert_type3_clinicalbert_pool,knn,3,64,brier,0.3685929900246971
5190,5190,2166.0,,lab_hyperkalemia,lab_hyperkalemia,clinicalbert_type3_clinicalbert_pool,knn,4,64,auroc,0.5353515465393274
5191,5191,2167.0,,lab_hyperkalemia,lab_hyperkalemia,clinicalbert_type3_clinicalbert_pool,knn,4,64,auprc,0.0263110070181501
5192,5192,2168.0,,lab_hyperkalemia,lab_hyperkalemia,clinicalbert_type3_clinicalbert_pool,knn,4,64,brier,0.5387491555778989
5193,5193,2169.0,,lab_hyperkalemia,lab_hyperkalemia,clinicalbert_type3_clinicalbert_pool,knn,0,128,auroc,0.544304598069554
5194,5194,2170.0,,lab_hyperkalemia,lab_hyperkalemia,clinicalbert_type3_clinicalbert_pool,knn,0,128,auprc,0.0271604279898964
5195,5195,2171.0,,lab_hyperkalemia,lab_hyperkalemia,clinicalbert_type3_clinicalbert_pool,knn,0,128,brier,0.2692705764064538
5196,5196,2172.0,,lab_hyperkalemia,lab_hyperkalemia,clinicalbert_type3_clinicalbert_pool,knn,1,128,auroc,0.5563227878563068
5197,5197,2173.0,,lab_hyperkalemia,lab_hyperkalemia,clinicalbert_type3_clinicalbert_pool,knn,1,128,auprc,0.029127349391881
5198,5198,2174.0,,lab_hyperkalemia,lab_hyperkalemia,clinicalbert_type3_clinicalbert_pool,knn,1,128,brier,0.2860082007132421
5199,5199,2175.0,,lab_hyperkalemia,lab_hyperkalemia,clinicalbert_type3_clinicalbert_pool,knn,2,128,auroc,0.524765588422008
5200,5200,2176.0,,lab_hyperkalemia,lab_hyperkalemia,clinicalbert_type3_clinicalbert_pool,knn,2,128,auprc,0.0260754643131696
5201,5201,2177.0,,lab_hyperkalemia,lab_hyperkalemia,clinicalbert_type3_clinicalbert_pool,knn,2,128,brier,0.3475318436592846
5202,5202,2178.0,,lab_hyperkalemia,lab_hyperkalemia,clinicalbert_type3_clinicalbert_pool,knn,3,128,auroc,0.4811123198617361
5203,5203,2179.0,,lab_hyperkalemia,lab_hyperkalemia,clinicalbert_type3_clinicalbert_pool,knn,3,128,auprc,0.0235790183642244
5204,5204,2180.0,,lab_hyperkalemia,lab_hyperkalemia,clinicalbert_type3_clinicalbert_pool,knn,3,128,brier,0.5105336747678821
5205,5205,2181.0,,lab_hyperkalemia,lab_hyperkalemia,clinicalbert_type3_clinicalbert_pool,knn,4,128,auroc,0.5486100960182669
5206,5206,2182.0,,lab_hyperkalemia,lab_hyperkalemia,clinicalbert_type3_clinicalbert_pool,knn,4,128,auprc,0.0278969396841253
5207,5207,2183.0,,lab_hyperkalemia,lab_hyperkalemia,clinicalbert_type3_clinicalbert_pool,knn,4,128,brier,0.3694027387238861
5208,5208,2184.0,,lab_hyperkalemia,lab_hyperkalemia,clinicalbert_type3_clinicalbert_pool,rf,0,-1,auroc,0.5790030897440035
5209,5209,2185.0,,lab_hyperkalemia,lab_hyperkalemia,clinicalbert_type3_clinicalbert_pool,rf,0,-1,auprc,0.0311902164183304
5210,5210,2186.0,,lab_hyperkalemia,lab_hyperkalemia,clinicalbert_type3_clinicalbert_pool,rf,0,-1,brier,0.0240813402889546
5211,5211,2187.0,,lab_hyperkalemia,lab_hyperkalemia,clinicalbert_type3_clinicalbert_pool,rf,0,1,auroc,0.4913698179410993
5212,5212,2188.0,,lab_hyperkalemia,lab_hyperkalemia,clinicalbert_type3_clinicalbert_pool,rf,0,1,auprc,0.0257790870776185
5213,5213,2189.0,,lab_hyperkalemia,lab_hyperkalemia,clinicalbert_type3_clinicalbert_pool,rf,0,1,brier,0.220893275519876
5214,5214,2190.0,,lab_hyperkalemia,lab_hyperkalemia,clinicalbert_type3_clinicalbert_pool,rf,1,1,auroc,0.5376552330408271
5215,5215,2191.0,,lab_hyperkalemia,lab_hyperkalemia,clinicalbert_type3_clinicalbert_pool,rf,1,1,auprc,0.0266384013275486
5216,5216,2192.0,,lab_hyperkalemia,lab_hyperkalemia,clinicalbert_type3_clinicalbert_pool,rf,1,1,brier,0.3506089265234946
5217,5217,2193.0,,lab_hyperkalemia,lab_hyperkalemia,clinicalbert_type3_clinicalbert_pool,rf,2,1,auroc,0.506967566195573
5218,5218,2194.0,,lab_hyperkalemia,lab_hyperkalemia,clinicalbert_type3_clinicalbert_pool,rf,2,1,auprc,0.0251873285216486
5219,5219,2195.0,,lab_hyperkalemia,lab_hyperkalemia,clinicalbert_type3_clinicalbert_pool,rf,2,1,brier,0.2524012568142899
5220,5220,2196.0,,lab_hyperkalemia,lab_hyperkalemia,clinicalbert_type3_clinicalbert_pool,rf,3,1,auroc,0.5234981411650923
5221,5221,2197.0,,lab_hyperkalemia,lab_hyperkalemia,clinicalbert_type3_clinicalbert_pool,rf,3,1,auprc,0.0259807676787796
5222,5222,2198.0,,lab_hyperkalemia,lab_hyperkalemia,clinicalbert_type3_clinicalbert_pool,rf,3,1,brier,0.2865648123419164
5223,5223,2199.0,,lab_hyperkalemia,lab_hyperkalemia,clinicalbert_type3_clinicalbert_pool,rf,4,1,auroc,0.5081283470991839
5224,5224,2200.0,,lab_hyperkalemia,lab_hyperkalemia,clinicalbert_type3_clinicalbert_pool,rf,4,1,auprc,0.0254040881746737
5225,5225,2201.0,,lab_hyperkalemia,lab_hyperkalemia,clinicalbert_type3_clinicalbert_pool,rf,4,1,brier,0.1713967809843997
5226,5226,2202.0,,lab_hyperkalemia,lab_hyperkalemia,clinicalbert_type3_clinicalbert_pool,rf,0,2,auroc,0.5185801937923551
5227,5227,2203.0,,lab_hyperkalemia,lab_hyperkalemia,clinicalbert_type3_clinicalbert_pool,rf,0,2,auprc,0.0267355996017172
5228,5228,2204.0,,lab_hyperkalemia,lab_hyperkalemia,clinicalbert_type3_clinicalbert_pool,rf,0,2,brier,0.2539603003786153
5229,5229,2205.0,,lab_hyperkalemia,lab_hyperkalemia,clinicalbert_type3_clinicalbert_pool,rf,1,2,auroc,0.5071827537889794
5230,5230,2206.0,,lab_hyperkalemia,lab_hyperkalemia,clinicalbert_type3_clinicalbert_pool,rf,1,2,auprc,0.0257707958997849
5231,5231,2207.0,,lab_hyperkalemia,lab_hyperkalemia,clinicalbert_type3_clinicalbert_pool,rf,1,2,brier,0.2535497651328295
5232,5232,2208.0,,lab_hyperkalemia,lab_hyperkalemia,clinicalbert_type3_clinicalbert_pool,rf,2,2,auroc,0.5298168026754639
5233,5233,2209.0,,lab_hyperkalemia,lab_hyperkalemia,clinicalbert_type3_clinicalbert_pool,rf,2,2,auprc,0.025652537907415
5234,5234,2210.0,,lab_hyperkalemia,lab_hyperkalemia,clinicalbert_type3_clinicalbert_pool,rf,2,2,brier,0.2860817636246524
5235,5235,2211.0,,lab_hyperkalemia,lab_hyperkalemia,clinicalbert_type3_clinicalbert_pool,rf,3,2,auroc,0.4703251065269777
5236,5236,2212.0,,lab_hyperkalemia,lab_hyperkalemia,clinicalbert_type3_clinicalbert_pool,rf,3,2,auprc,0.022741924830066
5237,5237,2213.0,,lab_hyperkalemia,lab_hyperkalemia,clinicalbert_type3_clinicalbert_pool,rf,3,2,brier,0.2522236186825444
5238,5238,2214.0,,lab_hyperkalemia,lab_hyperkalemia,clinicalbert_type3_clinicalbert_pool,rf,4,2,auroc,0.5207757010161236
5239,5239,2215.0,,lab_hyperkalemia,lab_hyperkalemia,clinicalbert_type3_clinicalbert_pool,rf,4,2,auprc,0.026100770820247
5240,5240,2216.0,,lab_hyperkalemia,lab_hyperkalemia,clinicalbert_type3_clinicalbert_pool,rf,4,2,brier,0.2205982043265832
5241,5241,2217.0,,lab_hyperkalemia,lab_hyperkalemia,clinicalbert_type3_clinicalbert_pool,rf,0,4,auroc,0.5026261673792229
5242,5242,2218.0,,lab_hyperkalemia,lab_hyperkalemia,clinicalbert_type3_clinicalbert_pool,rf,0,4,auprc,0.0247647987177843
5243,5243,2219.0,,lab_hyperkalemia,lab_hyperkalemia,clinicalbert_type3_clinicalbert_pool,rf,0,4,brier,0.332800810645217
5244,5244,2220.0,,lab_hyperkalemia,lab_hyperkalemia,clinicalbert_type3_clinicalbert_pool,rf,1,4,auroc,0.5407272053635117
5245,5245,2221.0,,lab_hyperkalemia,lab_hyperkalemia,clinicalbert_type3_clinicalbert_pool,rf,1,4,auprc,0.0277262788285652
5246,5246,2222.0,,lab_hyperkalemia,lab_hyperkalemia,clinicalbert_type3_clinicalbert_pool,rf,1,4,brier,0.2047163951424127
5247,5247,2223.0,,lab_hyperkalemia,lab_hyperkalemia,clinicalbert_type3_clinicalbert_pool,rf,2,4,auroc,0.5422953774376502
5248,5248,2224.0,,lab_hyperkalemia,lab_hyperkalemia,clinicalbert_type3_clinicalbert_pool,rf,2,4,auprc,0.0268862780665524
5249,5249,2225.0,,lab_hyperkalemia,lab_hyperkalemia,clinicalbert_type3_clinicalbert_pool,rf,2,4,brier,0.2903660471619563
5250,5250,2226.0,,lab_hyperkalemia,lab_hyperkalemia,clinicalbert_type3_clinicalbert_pool,rf,3,4,auroc,0.4670825467939753
5251,5251,2227.0,,lab_hyperkalemia,lab_hyperkalemia,clinicalbert_type3_clinicalbert_pool,rf,3,4,auprc,0.0237305721880044
5252,5252,2228.0,,lab_hyperkalemia,lab_hyperkalemia,clinicalbert_type3_clinicalbert_pool,rf,3,4,brier,0.2660371074419116
5253,5253,2229.0,,lab_hyperkalemia,lab_hyperkalemia,clinicalbert_type3_clinicalbert_pool,rf,4,4,auroc,0.4588818383847289
5254,5254,2230.0,,lab_hyperkalemia,lab_hyperkalemia,clinicalbert_type3_clinicalbert_pool,rf,4,4,auprc,0.0213251586001732
5255,5255,2231.0,,lab_hyperkalemia,lab_hyperkalemia,clinicalbert_type3_clinicalbert_pool,rf,4,4,brier,0.320710315303285
5256,5256,2232.0,,lab_hyperkalemia,lab_hyperkalemia,clinicalbert_type3_clinicalbert_pool,rf,0,8,auroc,0.5177784992838376
5257,5257,2233.0,,lab_hyperkalemia,lab_hyperkalemia,clinicalbert_type3_clinicalbert_pool,rf,0,8,auprc,0.0259925009383025
5258,5258,2234.0,,lab_hyperkalemia,lab_hyperkalemia,clinicalbert_type3_clinicalbert_pool,rf,0,8,brier,0.2613526463795894
5259,5259,2235.0,,lab_hyperkalemia,lab_hyperkalemia,clinicalbert_type3_clinicalbert_pool,rf,1,8,auroc,0.5428258491552586
5260,5260,2236.0,,lab_hyperkalemia,lab_hyperkalemia,clinicalbert_type3_clinicalbert_pool,rf,1,8,auprc,0.0271344604306737
5261,5261,2237.0,,lab_hyperkalemia,lab_hyperkalemia,clinicalbert_type3_clinicalbert_pool,rf,1,8,brier,0.2803117276483433
5262,5262,2238.0,,lab_hyperkalemia,lab_hyperkalemia,clinicalbert_type3_clinicalbert_pool,rf,2,8,auroc,0.5458414909493028
5263,5263,2239.0,,lab_hyperkalemia,lab_hyperkalemia,clinicalbert_type3_clinicalbert_pool,rf,2,8,auprc,0.0274522765919161
5264,5264,2240.0,,lab_hyperkalemia,lab_hyperkalemia,clinicalbert_type3_clinicalbert_pool,rf,2,8,brier,0.2826081872723115
5265,5265,2241.0,,lab_hyperkalemia,lab_hyperkalemia,clinicalbert_type3_clinicalbert_pool,rf,3,8,auroc,0.5097383836574484
5266,5266,2242.0,,lab_hyperkalemia,lab_hyperkalemia,clinicalbert_type3_clinicalbert_pool,rf,3,8,auprc,0.0246960501942021
5267,5267,2243.0,,lab_hyperkalemia,lab_hyperkalemia,clinicalbert_type3_clinicalbert_pool,rf,3,8,brier,0.2519647149388089
5268,5268,2244.0,,lab_hyperkalemia,lab_hyperkalemia,clinicalbert_type3_clinicalbert_pool,rf,4,8,auroc,0.4562634014275747
5269,5269,2245.0,,lab_hyperkalemia,lab_hyperkalemia,clinicalbert_type3_clinicalbert_pool,rf,4,8,auprc,0.0218885208464717
5270,5270,2246.0,,lab_hyperkalemia,lab_hyperkalemia,clinicalbert_type3_clinicalbert_pool,rf,4,8,brier,0.3158179897255432
5271,5271,2247.0,,lab_hyperkalemia,lab_hyperkalemia,clinicalbert_type3_clinicalbert_pool,rf,0,12,auroc,0.489807645752186
5272,5272,2248.0,,lab_hyperkalemia,lab_hyperkalemia,clinicalbert_type3_clinicalbert_pool,rf,0,12,auprc,0.0232984720119811
5273,5273,2249.0,,lab_hyperkalemia,lab_hyperkalemia,clinicalbert_type3_clinicalbert_pool,rf,0,12,brier,0.2837952963725197
5274,5274,2250.0,,lab_hyperkalemia,lab_hyperkalemia,clinicalbert_type3_clinicalbert_pool,rf,1,12,auroc,0.4543247597564092
5275,5275,2251.0,,lab_hyperkalemia,lab_hyperkalemia,clinicalbert_type3_clinicalbert_pool,rf,1,12,auprc,0.0214782153535737
5276,5276,2252.0,,lab_hyperkalemia,lab_hyperkalemia,clinicalbert_type3_clinicalbert_pool,rf,1,12,brier,0.2856622625799255
5277,5277,2253.0,,lab_hyperkalemia,lab_hyperkalemia,clinicalbert_type3_clinicalbert_pool,rf,2,12,auroc,0.5307908358561348
5278,5278,2254.0,,lab_hyperkalemia,lab_hyperkalemia,clinicalbert_type3_clinicalbert_pool,rf,2,12,auprc,0.0260556215708437
5279,5279,2255.0,,lab_hyperkalemia,lab_hyperkalemia,clinicalbert_type3_clinicalbert_pool,rf,2,12,brier,0.2551307872370509
5280,5280,2256.0,,lab_hyperkalemia,lab_hyperkalemia,clinicalbert_type3_clinicalbert_pool,rf,3,12,auroc,0.5520162018455067
5281,5281,2257.0,,lab_hyperkalemia,lab_hyperkalemia,clinicalbert_type3_clinicalbert_pool,rf,3,12,auprc,0.0277876346101946
5282,5282,2258.0,,lab_hyperkalemia,lab_hyperkalemia,clinicalbert_type3_clinicalbert_pool,rf,3,12,brier,0.2158308327965689
5283,5283,2259.0,,lab_hyperkalemia,lab_hyperkalemia,clinicalbert_type3_clinicalbert_pool,rf,4,12,auroc,0.4920436651543433
5284,5284,2260.0,,lab_hyperkalemia,lab_hyperkalemia,clinicalbert_type3_clinicalbert_pool,rf,4,12,auprc,0.0247085670213436
5285,5285,2261.0,,lab_hyperkalemia,lab_hyperkalemia,clinicalbert_type3_clinicalbert_pool,rf,4,12,brier,0.3926982231787976
5286,5286,2262.0,,lab_hyperkalemia,lab_hyperkalemia,clinicalbert_type3_clinicalbert_pool,rf,0,16,auroc,0.4868904528520625
5287,5287,2263.0,,lab_hyperkalemia,lab_hyperkalemia,clinicalbert_type3_clinicalbert_pool,rf,0,16,auprc,0.0235891270416706
5288,5288,2264.0,,lab_hyperkalemia,lab_hyperkalemia,clinicalbert_type3_clinicalbert_pool,rf,0,16,brier,0.3646624668122477
5289,5289,2265.0,,lab_hyperkalemia,lab_hyperkalemia,clinicalbert_type3_clinicalbert_pool,rf,1,16,auroc,0.4962366730269595
5290,5290,2266.0,,lab_hyperkalemia,lab_hyperkalemia,clinicalbert_type3_clinicalbert_pool,rf,1,16,auprc,0.0241247251444077
5291,5291,2267.0,,lab_hyperkalemia,lab_hyperkalemia,clinicalbert_type3_clinicalbert_pool,rf,1,16,brier,0.2676060829811635
5292,5292,2268.0,,lab_hyperkalemia,lab_hyperkalemia,clinicalbert_type3_clinicalbert_pool,rf,2,16,auroc,0.5334088997634305
5293,5293,2269.0,,lab_hyperkalemia,lab_hyperkalemia,clinicalbert_type3_clinicalbert_pool,rf,2,16,auprc,0.0268664617165407
5294,5294,2270.0,,lab_hyperkalemia,lab_hyperkalemia,clinicalbert_type3_clinicalbert_pool,rf,2,16,brier,0.2935301274095486
5295,5295,2271.0,,lab_hyperkalemia,lab_hyperkalemia,clinicalbert_type3_clinicalbert_pool,rf,3,16,auroc,0.514597964271067
5296,5296,2272.0,,lab_hyperkalemia,lab_hyperkalemia,clinicalbert_type3_clinicalbert_pool,rf,3,16,auprc,0.0260811197133474
5297,5297,2273.0,,lab_hyperkalemia,lab_hyperkalemia,clinicalbert_type3_clinicalbert_pool,rf,3,16,brier,0.2780779242861033
5298,5298,2274.0,,lab_hyperkalemia,lab_hyperkalemia,clinicalbert_type3_clinicalbert_pool,rf,4,16,auroc,0.4428741342419501
5299,5299,2275.0,,lab_hyperkalemia,lab_hyperkalemia,clinicalbert_type3_clinicalbert_pool,rf,4,16,auprc,0.0212074338241949
5300,5300,2276.0,,lab_hyperkalemia,lab_hyperkalemia,clinicalbert_type3_clinicalbert_pool,rf,4,16,brier,0.4039085353400469
5301,5301,2277.0,,lab_hyperkalemia,lab_hyperkalemia,clinicalbert_type3_clinicalbert_pool,rf,0,24,auroc,0.5244669101977594
5302,5302,2278.0,,lab_hyperkalemia,lab_hyperkalemia,clinicalbert_type3_clinicalbert_pool,rf,0,24,auprc,0.0256393835000379
5303,5303,2279.0,,lab_hyperkalemia,lab_hyperkalemia,clinicalbert_type3_clinicalbert_pool,rf,0,24,brier,0.2215817365667384
5304,5304,2280.0,,lab_hyperkalemia,lab_hyperkalemia,clinicalbert_type3_clinicalbert_pool,rf,1,24,auroc,0.5404299260762329
5305,5305,2281.0,,lab_hyperkalemia,lab_hyperkalemia,clinicalbert_type3_clinicalbert_pool,rf,1,24,auprc,0.0263838755969574
5306,5306,2282.0,,lab_hyperkalemia,lab_hyperkalemia,clinicalbert_type3_clinicalbert_pool,rf,1,24,brier,0.2489056992556517
5307,5307,2283.0,,lab_hyperkalemia,lab_hyperkalemia,clinicalbert_type3_clinicalbert_pool,rf,2,24,auroc,0.5436588902143903
5308,5308,2284.0,,lab_hyperkalemia,lab_hyperkalemia,clinicalbert_type3_clinicalbert_pool,rf,2,24,auprc,0.0292101467188274
5309,5309,2285.0,,lab_hyperkalemia,lab_hyperkalemia,clinicalbert_type3_clinicalbert_pool,rf,2,24,brier,0.2617523133238025
5310,5310,2286.0,,lab_hyperkalemia,lab_hyperkalemia,clinicalbert_type3_clinicalbert_pool,rf,3,24,auroc,0.5460198087816891
5311,5311,2287.0,,lab_hyperkalemia,lab_hyperkalemia,clinicalbert_type3_clinicalbert_pool,rf,3,24,auprc,0.0284745089352368
5312,5312,2288.0,,lab_hyperkalemia,lab_hyperkalemia,clinicalbert_type3_clinicalbert_pool,rf,3,24,brier,0.2916857021664336
5313,5313,2289.0,,lab_hyperkalemia,lab_hyperkalemia,clinicalbert_type3_clinicalbert_pool,rf,4,24,auroc,0.4631025866593267
5314,5314,2290.0,,lab_hyperkalemia,lab_hyperkalemia,clinicalbert_type3_clinicalbert_pool,rf,4,24,auprc,0.0219616497065601
5315,5315,2291.0,,lab_hyperkalemia,lab_hyperkalemia,clinicalbert_type3_clinicalbert_pool,rf,4,24,brier,0.273224789090852
5316,5316,2292.0,,lab_hyperkalemia,lab_hyperkalemia,clinicalbert_type3_clinicalbert_pool,rf,0,32,auroc,0.5508972180697974
5317,5317,2293.0,,lab_hyperkalemia,lab_hyperkalemia,clinicalbert_type3_clinicalbert_pool,rf,0,32,auprc,0.0307114120904101
5318,5318,2294.0,,lab_hyperkalemia,lab_hyperkalemia,clinicalbert_type3_clinicalbert_pool,rf,0,32,brier,0.2339932524782807
5319,5319,2295.0,,lab_hyperkalemia,lab_hyperkalemia,clinicalbert_type3_clinicalbert_pool,rf,1,32,auroc,0.5128807691409344
5320,5320,2296.0,,lab_hyperkalemia,lab_hyperkalemia,clinicalbert_type3_clinicalbert_pool,rf,1,32,auprc,0.0258216346176132
5321,5321,2297.0,,lab_hyperkalemia,lab_hyperkalemia,clinicalbert_type3_clinicalbert_pool,rf,1,32,brier,0.2632334587309636
5322,5322,2298.0,,lab_hyperkalemia,lab_hyperkalemia,clinicalbert_type3_clinicalbert_pool,rf,2,32,auroc,0.5322603828739193
5323,5323,2299.0,,lab_hyperkalemia,lab_hyperkalemia,clinicalbert_type3_clinicalbert_pool,rf,2,32,auprc,0.0330917620311447
5324,5324,2300.0,,lab_hyperkalemia,lab_hyperkalemia,clinicalbert_type3_clinicalbert_pool,rf,2,32,brier,0.2381667974237346
5325,5325,2301.0,,lab_hyperkalemia,lab_hyperkalemia,clinicalbert_type3_clinicalbert_pool,rf,3,32,auroc,0.5437611784131051
5326,5326,2302.0,,lab_hyperkalemia,lab_hyperkalemia,clinicalbert_type3_clinicalbert_pool,rf,3,32,auprc,0.0273661178408928
5327,5327,2303.0,,lab_hyperkalemia,lab_hyperkalemia,clinicalbert_type3_clinicalbert_pool,rf,3,32,brier,0.2565713925370643
5328,5328,2304.0,,lab_hyperkalemia,lab_hyperkalemia,clinicalbert_type3_clinicalbert_pool,rf,4,32,auroc,0.517830218501727
5329,5329,2305.0,,lab_hyperkalemia,lab_hyperkalemia,clinicalbert_type3_clinicalbert_pool,rf,4,32,auprc,0.02591328833759
5330,5330,2306.0,,lab_hyperkalemia,lab_hyperkalemia,clinicalbert_type3_clinicalbert_pool,rf,4,32,brier,0.2371197398394419
5331,5331,2307.0,,lab_hyperkalemia,lab_hyperkalemia,clinicalbert_type3_clinicalbert_pool,rf,0,48,auroc,0.5256853946607405
5332,5332,2308.0,,lab_hyperkalemia,lab_hyperkalemia,clinicalbert_type3_clinicalbert_pool,rf,0,48,auprc,0.0255775970856191
5333,5333,2309.0,,lab_hyperkalemia,lab_hyperkalemia,clinicalbert_type3_clinicalbert_pool,rf,0,48,brier,0.2270876470865473
5334,5334,2310.0,,lab_hyperkalemia,lab_hyperkalemia,clinicalbert_type3_clinicalbert_pool,rf,1,48,auroc,0.5433397201541617
5335,5335,2311.0,,lab_hyperkalemia,lab_hyperkalemia,clinicalbert_type3_clinicalbert_pool,rf,1,48,auprc,0.028759727950065
5336,5336,2312.0,,lab_hyperkalemia,lab_hyperkalemia,clinicalbert_type3_clinicalbert_pool,rf,1,48,brier,0.2427737832199858
5337,5337,2313.0,,lab_hyperkalemia,lab_hyperkalemia,clinicalbert_type3_clinicalbert_pool,rf,2,48,auroc,0.5282051754740525
5338,5338,2314.0,,lab_hyperkalemia,lab_hyperkalemia,clinicalbert_type3_clinicalbert_pool,rf,2,48,auprc,0.0267084300386767
5339,5339,2315.0,,lab_hyperkalemia,lab_hyperkalemia,clinicalbert_type3_clinicalbert_pool,rf,2,48,brier,0.243077152687226
5340,5340,2316.0,,lab_hyperkalemia,lab_hyperkalemia,clinicalbert_type3_clinicalbert_pool,rf,3,48,auroc,0.6229988025306791
5341,5341,2317.0,,lab_hyperkalemia,lab_hyperkalemia,clinicalbert_type3_clinicalbert_pool,rf,3,48,auprc,0.0420132608253293
5342,5342,2318.0,,lab_hyperkalemia,lab_hyperkalemia,clinicalbert_type3_clinicalbert_pool,rf,3,48,brier,0.2748508399690925
5343,5343,2319.0,,lab_hyperkalemia,lab_hyperkalemia,clinicalbert_type3_clinicalbert_pool,rf,4,48,auroc,0.5203684031080608
5344,5344,2320.0,,lab_hyperkalemia,lab_hyperkalemia,clinicalbert_type3_clinicalbert_pool,rf,4,48,auprc,0.025625824606911
5345,5345,2321.0,,lab_hyperkalemia,lab_hyperkalemia,clinicalbert_type3_clinicalbert_pool,rf,4,48,brier,0.2549563257034232
5346,5346,2322.0,,lab_hyperkalemia,lab_hyperkalemia,clinicalbert_type3_clinicalbert_pool,rf,0,64,auroc,0.5223174228190413
5347,5347,2323.0,,lab_hyperkalemia,lab_hyperkalemia,clinicalbert_type3_clinicalbert_pool,rf,0,64,auprc,0.0279706304588168
5348,5348,2324.0,,lab_hyperkalemia,lab_hyperkalemia,clinicalbert_type3_clinicalbert_pool,rf,0,64,brier,0.2167535100153237
5349,5349,2325.0,,lab_hyperkalemia,lab_hyperkalemia,clinicalbert_type3_clinicalbert_pool,rf,1,64,auroc,0.521184553298597
5350,5350,2326.0,,lab_hyperkalemia,lab_hyperkalemia,clinicalbert_type3_clinicalbert_pool,rf,1,64,auprc,0.0274429036234529
5351,5351,2327.0,,lab_hyperkalemia,lab_hyperkalemia,clinicalbert_type3_clinicalbert_pool,rf,1,64,brier,0.2419658016677165
5352,5352,2328.0,,lab_hyperkalemia,lab_hyperkalemia,clinicalbert_type3_clinicalbert_pool,rf,2,64,auroc,0.5556884010281005
5353,5353,2329.0,,lab_hyperkalemia,lab_hyperkalemia,clinicalbert_type3_clinicalbert_pool,rf,2,64,auprc,0.0299955997502621
5354,5354,2330.0,,lab_hyperkalemia,lab_hyperkalemia,clinicalbert_type3_clinicalbert_pool,rf,2,64,brier,0.2155606962751166
5355,5355,2331.0,,lab_hyperkalemia,lab_hyperkalemia,clinicalbert_type3_clinicalbert_pool,rf,3,64,auroc,0.5958040429610021
5356,5356,2332.0,,lab_hyperkalemia,lab_hyperkalemia,clinicalbert_type3_clinicalbert_pool,rf,3,64,auprc,0.0325047264609307
5357,5357,2333.0,,lab_hyperkalemia,lab_hyperkalemia,clinicalbert_type3_clinicalbert_pool,rf,3,64,brier,0.2381896214311858
5358,5358,2334.0,,lab_hyperkalemia,lab_hyperkalemia,clinicalbert_type3_clinicalbert_pool,rf,4,64,auroc,0.5165371137045399
5359,5359,2335.0,,lab_hyperkalemia,lab_hyperkalemia,clinicalbert_type3_clinicalbert_pool,rf,4,64,auprc,0.0265302773440782
5360,5360,2336.0,,lab_hyperkalemia,lab_hyperkalemia,clinicalbert_type3_clinicalbert_pool,rf,4,64,brier,0.2337838879727464
5361,5361,2337.0,,lab_hyperkalemia,lab_hyperkalemia,clinicalbert_type3_clinicalbert_pool,rf,0,128,auroc,0.5788600976607224
5362,5362,2338.0,,lab_hyperkalemia,lab_hyperkalemia,clinicalbert_type3_clinicalbert_pool,rf,0,128,auprc,0.0395459643114807
5363,5363,2339.0,,lab_hyperkalemia,lab_hyperkalemia,clinicalbert_type3_clinicalbert_pool,rf,0,128,brier,0.2092724680865177
5364,5364,2340.0,,lab_hyperkalemia,lab_hyperkalemia,clinicalbert_type3_clinicalbert_pool,rf,1,128,auroc,0.5336210407829919
5365,5365,2341.0,,lab_hyperkalemia,lab_hyperkalemia,clinicalbert_type3_clinicalbert_pool,rf,1,128,auprc,0.027047186191985
5366,5366,2342.0,,lab_hyperkalemia,lab_hyperkalemia,clinicalbert_type3_clinicalbert_pool,rf,1,128,brier,0.2327116144401683
5367,5367,2343.0,,lab_hyperkalemia,lab_hyperkalemia,clinicalbert_type3_clinicalbert_pool,rf,2,128,auroc,0.5742259997803565
5368,5368,2344.0,,lab_hyperkalemia,lab_hyperkalemia,clinicalbert_type3_clinicalbert_pool,rf,2,128,auprc,0.0340487443743937
5369,5369,2345.0,,lab_hyperkalemia,lab_hyperkalemia,clinicalbert_type3_clinicalbert_pool,rf,2,128,brier,0.2331128587812043
5370,5370,2346.0,,lab_hyperkalemia,lab_hyperkalemia,clinicalbert_type3_clinicalbert_pool,rf,3,128,auroc,0.5811071686649393
5371,5371,2347.0,,lab_hyperkalemia,lab_hyperkalemia,clinicalbert_type3_clinicalbert_pool,rf,3,128,auprc,0.0332821492795926
5372,5372,2348.0,,lab_hyperkalemia,lab_hyperkalemia,clinicalbert_type3_clinicalbert_pool,rf,3,128,brier,0.232103327775877
5373,5373,2349.0,,lab_hyperkalemia,lab_hyperkalemia,clinicalbert_type3_clinicalbert_pool,rf,4,128,auroc,0.5403320833883324
5374,5374,2350.0,,lab_hyperkalemia,lab_hyperkalemia,clinicalbert_type3_clinicalbert_pool,rf,4,128,auprc,0.0276020767098132
5375,5375,2351.0,,lab_hyperkalemia,lab_hyperkalemia,clinicalbert_type3_clinicalbert_pool,rf,4,128,brier,0.2218375441848774
